=== abl1_none seed 1 ===
[abl1_none seed1] {"params_trainable": 11220132, "params_stem_trainable": 0, "params_stem_fixed_filters": 0, "flops_total": 556705792, "flops_stem": 0, "flops_image_size": 32}
epoch 1/200 loss 4.6500 train 0.0078 test 0.0124
epoch 2/200 loss 4.5792 train 0.0156 test 0.0235
epoch 3/200 loss 4.4822 train 0.0234 test 0.0258
epoch 4/200 loss 4.3588 train 0.0573 test 0.0316
epoch 5/200 loss 4.2097 train 0.0729 test 0.0391
epoch 6/200 loss 4.1259 train 0.0755 test 0.0409
epoch 7/200 loss 4.0200 train 0.1042 test 0.0414
epoch 8/200 loss 3.9526 train 0.0833 test 0.0437
epoch 9/200 loss 3.9094 train 0.0833 test 0.0523
epoch 10/200 loss 3.7526 train 0.1380 test 0.0493
epoch 11/200 loss 3.7167 train 0.1094 test 0.0469
epoch 12/200 loss 3.6421 train 0.1536 test 0.0520
epoch 13/200 loss 3.5612 train 0.1354 test 0.0486
epoch 14/200 loss 3.4580 train 0.1458 test 0.0541
epoch 15/200 loss 3.4253 train 0.1641 test 0.0542
epoch 16/200 loss 3.3741 train 0.1641 test 0.0625
epoch 17/200 loss 3.2759 train 0.2083 test 0.0591
epoch 18/200 loss 3.2148 train 0.1771 test 0.0524
epoch 19/200 loss 3.2009 train 0.1875 test 0.0600
epoch 20/200 loss 3.1634 train 0.2292 test 0.0645
epoch 21/200 loss 3.1188 train 0.2083 test 0.0609
epoch 22/200 loss 3.0445 train 0.2057 test 0.0614
epoch 23/200 loss 3.0242 train 0.2396 test 0.0633
epoch 24/200 loss 2.9017 train 0.2422 test 0.0601
epoch 25/200 loss 2.9092 train 0.2370 test 0.0569
epoch 26/200 loss 2.7900 train 0.2812 test 0.0582
epoch 27/200 loss 2.8176 train 0.2474 test 0.0640
epoch 28/200 loss 2.7965 train 0.2760 test 0.0667
epoch 29/200 loss 2.6776 train 0.2995 test 0.0619
epoch 30/200 loss 2.7265 train 0.2760 test 0.0626
epoch 31/200 loss 2.6951 train 0.2943 test 0.0565
epoch 32/200 loss 2.6265 train 0.3203 test 0.0606
epoch 33/200 loss 2.5316 train 0.3385 test 0.0593
epoch 34/200 loss 2.5277 train 0.3333 test 0.0646
epoch 35/200 loss 2.4391 train 0.3646 test 0.0667
epoch 36/200 loss 2.4764 train 0.3438 test 0.0702
epoch 37/200 loss 2.4055 train 0.3438 test 0.0624
epoch 38/200 loss 2.3766 train 0.3854 test 0.0597
epoch 39/200 loss 2.3296 train 0.3646 test 0.0604
epoch 40/200 loss 2.2935 train 0.3698 test 0.0630
epoch 41/200 loss 2.2195 train 0.4245 test 0.0688
epoch 42/200 loss 2.2424 train 0.3880 test 0.0645
epoch 43/200 loss 2.1303 train 0.4505 test 0.0642
epoch 44/200 loss 2.1154 train 0.4219 test 0.0624
epoch 45/200 loss 2.0388 train 0.4453 test 0.0698
epoch 46/200 loss 1.9945 train 0.4401 test 0.0613
epoch 47/200 loss 1.9974 train 0.4661 test 0.0684
epoch 48/200 loss 1.8689 train 0.5000 test 0.0675
epoch 49/200 loss 1.7624 train 0.5521 test 0.0663
epoch 50/200 loss 1.7990 train 0.5208 test 0.0681
epoch 51/200 loss 1.7779 train 0.5156 test 0.0682
epoch 52/200 loss 1.8093 train 0.5182 test 0.0761
epoch 53/200 loss 1.6292 train 0.5807 test 0.0700
epoch 54/200 loss 1.7299 train 0.5547 test 0.0663
epoch 55/200 loss 1.5762 train 0.6146 test 0.0740
epoch 56/200 loss 1.5296 train 0.5938 test 0.0711
epoch 57/200 loss 1.4295 train 0.6432 test 0.0719
epoch 58/200 loss 1.4770 train 0.6068 test 0.0717
epoch 59/200 loss 1.3593 train 0.6562 test 0.0724
epoch 60/200 loss 1.3633 train 0.6380 test 0.0700
epoch 61/200 loss 1.2710 train 0.6719 test 0.0701
epoch 62/200 loss 1.3041 train 0.6771 test 0.0686
epoch 63/200 loss 1.2756 train 0.6380 test 0.0660
epoch 64/200 loss 1.2267 train 0.7005 test 0.0723
epoch 65/200 loss 1.1214 train 0.7370 test 0.0724
epoch 66/200 loss 1.0498 train 0.7396 test 0.0752
epoch 67/200 loss 1.0175 train 0.7708 test 0.0784
epoch 68/200 loss 0.9457 train 0.7839 test 0.0741
epoch 69/200 loss 0.9191 train 0.7839 test 0.0681
epoch 70/200 loss 0.9318 train 0.7760 test 0.0746
epoch 71/200 loss 0.8474 train 0.8411 test 0.0711
epoch 72/200 loss 0.7795 train 0.8385 test 0.0742
epoch 73/200 loss 0.7834 train 0.8307 test 0.0782
epoch 74/200 loss 0.8428 train 0.7917 test 0.0830
epoch 75/200 loss 0.7150 train 0.8438 test 0.0721
epoch 76/200 loss 0.6825 train 0.8464 test 0.0823
epoch 77/200 loss 0.6362 train 0.8594 test 0.0799
epoch 78/200 loss 0.5577 train 0.9141 test 0.0734
epoch 79/200 loss 0.6472 train 0.8438 test 0.0783
epoch 80/200 loss 0.5461 train 0.8880 test 0.0724
epoch 81/200 loss 0.5131 train 0.9036 test 0.0730
epoch 82/200 loss 0.4520 train 0.9557 test 0.0717
epoch 83/200 loss 0.4680 train 0.9297 test 0.0782
epoch 84/200 loss 0.4251 train 0.9505 test 0.0813
epoch 85/200 loss 0.3630 train 0.9531 test 0.0795
epoch 86/200 loss 0.3819 train 0.9557 test 0.0766
epoch 87/200 loss 0.3796 train 0.9297 test 0.0783
epoch 88/200 loss 0.3176 train 0.9714 test 0.0746
epoch 89/200 loss 0.3159 train 0.9661 test 0.0755
epoch 90/200 loss 0.2785 train 0.9688 test 0.0826
epoch 91/200 loss 0.2522 train 0.9688 test 0.0810
epoch 92/200 loss 0.3211 train 0.9479 test 0.0801
epoch 93/200 loss 0.2192 train 0.9818 test 0.0803
epoch 94/200 loss 0.2245 train 0.9792 test 0.0806
epoch 95/200 loss 0.2261 train 0.9714 test 0.0822
epoch 96/200 loss 0.1995 train 0.9922 test 0.0847
epoch 97/200 loss 0.1756 train 0.9948 test 0.0858
epoch 98/200 loss 0.1655 train 1.0000 test 0.0835
epoch 99/200 loss 0.1395 train 1.0000 test 0.0803
epoch 100/200 loss 0.1289 train 0.9948 test 0.0855
epoch 101/200 loss 0.1444 train 0.9922 test 0.0875
epoch 102/200 loss 0.1209 train 0.9948 test 0.0840
epoch 103/200 loss 0.1283 train 0.9896 test 0.0843
epoch 104/200 loss 0.1073 train 0.9922 test 0.0839
epoch 105/200 loss 0.1141 train 0.9948 test 0.0833
epoch 106/200 loss 0.0928 train 0.9974 test 0.0853
epoch 107/200 loss 0.1305 train 0.9870 test 0.0841
epoch 108/200 loss 0.1049 train 0.9948 test 0.0843
epoch 109/200 loss 0.0999 train 0.9948 test 0.0838
epoch 110/200 loss 0.0912 train 0.9948 test 0.0865
epoch 111/200 loss 0.0942 train 0.9922 test 0.0843
epoch 112/200 loss 0.0718 train 0.9974 test 0.0859
epoch 113/200 loss 0.0763 train 0.9974 test 0.0866
epoch 114/200 loss 0.0777 train 0.9896 test 0.0866
epoch 115/200 loss 0.0919 train 0.9948 test 0.0872
epoch 116/200 loss 0.0685 train 0.9974 test 0.0857
epoch 117/200 loss 0.0768 train 1.0000 test 0.0862
epoch 118/200 loss 0.0701 train 1.0000 test 0.0884
epoch 119/200 loss 0.0638 train 1.0000 test 0.0890
epoch 120/200 loss 0.0572 train 0.9974 test 0.0900
epoch 121/200 loss 0.0530 train 1.0000 test 0.0894
epoch 122/200 loss 0.0650 train 0.9948 test 0.0865
epoch 123/200 loss 0.0483 train 1.0000 test 0.0837
epoch 124/200 loss 0.0462 train 1.0000 test 0.0830
epoch 125/200 loss 0.0521 train 0.9974 test 0.0866
epoch 126/200 loss 0.0407 train 1.0000 test 0.0892
epoch 127/200 loss 0.0397 train 1.0000 test 0.0886
epoch 128/200 loss 0.0463 train 1.0000 test 0.0879
epoch 129/200 loss 0.0367 train 1.0000 test 0.0873
epoch 130/200 loss 0.0410 train 1.0000 test 0.0869
epoch 131/200 loss 0.0409 train 1.0000 test 0.0897
epoch 132/200 loss 0.0373 train 1.0000 test 0.0894
epoch 133/200 loss 0.0341 train 1.0000 test 0.0879
epoch 134/200 loss 0.0314 train 1.0000 test 0.0887
epoch 135/200 loss 0.0303 train 1.0000 test 0.0867
epoch 136/200 loss 0.0381 train 0.9974 test 0.0868
epoch 137/200 loss 0.0331 train 1.0000 test 0.0876
epoch 138/200 loss 0.0284 train 1.0000 test 0.0868
epoch 139/200 loss 0.0308 train 1.0000 test 0.0881
epoch 140/200 loss 0.0325 train 1.0000 test 0.0880
epoch 141/200 loss 0.0322 train 1.0000 test 0.0872
epoch 142/200 loss 0.0324 train 1.0000 test 0.0872
epoch 143/200 loss 0.0359 train 1.0000 test 0.0877
epoch 144/200 loss 0.0294 train 1.0000 test 0.0871
epoch 145/200 loss 0.0296 train 1.0000 test 0.0876
epoch 146/200 loss 0.0355 train 1.0000 test 0.0873
epoch 147/200 loss 0.0271 train 1.0000 test 0.0872
epoch 148/200 loss 0.0304 train 1.0000 test 0.0880
epoch 149/200 loss 0.0316 train 0.9974 test 0.0874
epoch 150/200 loss 0.0345 train 1.0000 test 0.0873
epoch 151/200 loss 0.0286 train 1.0000 test 0.0879
epoch 152/200 loss 0.0305 train 1.0000 test 0.0876
epoch 153/200 loss 0.0269 train 1.0000 test 0.0873
epoch 154/200 loss 0.0301 train 1.0000 test 0.0882
epoch 155/200 loss 0.0274 train 1.0000 test 0.0886
epoch 156/200 loss 0.0282 train 1.0000 test 0.0890
epoch 157/200 loss 0.0255 train 1.0000 test 0.0878
epoch 158/200 loss 0.0259 train 1.0000 test 0.0891
epoch 159/200 loss 0.0279 train 1.0000 test 0.0886
epoch 160/200 loss 0.0247 train 1.0000 test 0.0889
epoch 161/200 loss 0.0254 train 1.0000 test 0.0888
epoch 162/200 loss 0.0245 train 1.0000 test 0.0887
epoch 163/200 loss 0.0230 train 1.0000 test 0.0883
epoch 164/200 loss 0.0267 train 1.0000 test 0.0877
epoch 165/200 loss 0.0344 train 1.0000 test 0.0888
epoch 166/200 loss 0.0264 train 1.0000 test 0.0892
epoch 167/200 loss 0.0263 train 1.0000 test 0.0897
epoch 168/200 loss 0.0392 train 1.0000 test 0.0889
epoch 169/200 loss 0.0225 train 1.0000 test 0.0879
epoch 170/200 loss 0.0257 train 1.0000 test 0.0885
epoch 171/200 loss 0.0295 train 1.0000 test 0.0883
epoch 172/200 loss 0.0228 train 1.0000 test 0.0886
epoch 173/200 loss 0.0280 train 1.0000 test 0.0896
epoch 174/200 loss 0.0279 train 1.0000 test 0.0893
epoch 175/200 loss 0.0211 train 1.0000 test 0.0890
epoch 176/200 loss 0.0252 train 1.0000 test 0.0886
epoch 177/200 loss 0.0247 train 1.0000 test 0.0884
epoch 178/200 loss 0.0218 train 1.0000 test 0.0883
epoch 179/200 loss 0.0244 train 1.0000 test 0.0887
epoch 180/200 loss 0.0260 train 1.0000 test 0.0885
epoch 181/200 loss 0.0284 train 1.0000 test 0.0879
epoch 182/200 loss 0.0242 train 1.0000 test 0.0876
epoch 183/200 loss 0.0218 train 1.0000 test 0.0876
epoch 184/200 loss 0.0228 train 1.0000 test 0.0884
epoch 185/200 loss 0.0231 train 1.0000 test 0.0877
epoch 186/200 loss 0.0297 train 1.0000 test 0.0882
epoch 187/200 loss 0.0214 train 1.0000 test 0.0877
epoch 188/200 loss 0.0236 train 1.0000 test 0.0875
epoch 189/200 loss 0.0242 train 1.0000 test 0.0878
epoch 190/200 loss 0.0240 train 1.0000 test 0.0878
epoch 191/200 loss 0.0307 train 1.0000 test 0.0876
epoch 192/200 loss 0.0273 train 1.0000 test 0.0874
epoch 193/200 loss 0.0209 train 1.0000 test 0.0876
epoch 194/200 loss 0.0271 train 1.0000 test 0.0878
epoch 195/200 loss 0.0204 train 1.0000 test 0.0874
epoch 196/200 loss 0.0259 train 1.0000 test 0.0874
epoch 197/200 loss 0.0248 train 1.0000 test 0.0882
epoch 198/200 loss 0.0247 train 1.0000 test 0.0875
epoch 199/200 loss 0.0233 train 1.0000 test 0.0872
epoch 200/200 loss 0.0245 train 1.0000 test 0.0883
done: final 0.0883 best 0.0900 -> ./runs/abl1_none/seed1
=== abl1_none seed 2 ===
[abl1_none seed2] {"params_trainable": 11220132, "params_stem_trainable": 0, "params_stem_fixed_filters": 0, "flops_total": 556705792, "flops_stem": 0, "flops_image_size": 32}
epoch 1/200 loss 4.6633 train 0.0078 test 0.0201
epoch 2/200 loss 4.5652 train 0.0182 test 0.0199
epoch 3/200 loss 4.4753 train 0.0286 test 0.0210
epoch 4/200 loss 4.3694 train 0.0469 test 0.0323
epoch 5/200 loss 4.2488 train 0.0443 test 0.0347
epoch 6/200 loss 4.0867 train 0.0729 test 0.0455
epoch 7/200 loss 3.9954 train 0.1068 test 0.0472
epoch 8/200 loss 3.8870 train 0.1042 test 0.0509
epoch 9/200 loss 3.8002 train 0.1432 test 0.0524
epoch 10/200 loss 3.6109 train 0.1797 test 0.0563
epoch 11/200 loss 3.6224 train 0.1276 test 0.0562
epoch 12/200 loss 3.5435 train 0.1719 test 0.0518
epoch 13/200 loss 3.4712 train 0.1693 test 0.0546
epoch 14/200 loss 3.4402 train 0.1719 test 0.0613
epoch 15/200 loss 3.2816 train 0.2161 test 0.0576
epoch 16/200 loss 3.2492 train 0.2031 test 0.0582
epoch 17/200 loss 3.2373 train 0.1953 test 0.0564
epoch 18/200 loss 3.1458 train 0.2135 test 0.0622
epoch 19/200 loss 3.1359 train 0.2214 test 0.0593
epoch 20/200 loss 3.0787 train 0.2266 test 0.0599
epoch 21/200 loss 3.0268 train 0.2109 test 0.0575
epoch 22/200 loss 2.9727 train 0.2526 test 0.0621
epoch 23/200 loss 2.9315 train 0.2344 test 0.0623
epoch 24/200 loss 2.8870 train 0.2474 test 0.0664
epoch 25/200 loss 2.9007 train 0.2448 test 0.0644
epoch 26/200 loss 2.7956 train 0.2760 test 0.0644
epoch 27/200 loss 2.7822 train 0.2734 test 0.0614
epoch 28/200 loss 2.7318 train 0.2943 test 0.0629
epoch 29/200 loss 2.7033 train 0.2812 test 0.0574
epoch 30/200 loss 2.6784 train 0.2891 test 0.0598
epoch 31/200 loss 2.6803 train 0.2760 test 0.0631
epoch 32/200 loss 2.5698 train 0.3203 test 0.0626
epoch 33/200 loss 2.5618 train 0.3385 test 0.0651
epoch 34/200 loss 2.4690 train 0.3594 test 0.0673
epoch 35/200 loss 2.4080 train 0.3438 test 0.0649
epoch 36/200 loss 2.3850 train 0.3828 test 0.0593
epoch 37/200 loss 2.3597 train 0.3958 test 0.0675
epoch 38/200 loss 2.2775 train 0.4089 test 0.0625
epoch 39/200 loss 2.2529 train 0.4167 test 0.0691
epoch 40/200 loss 2.2278 train 0.4323 test 0.0653
epoch 41/200 loss 2.1935 train 0.4010 test 0.0680
epoch 42/200 loss 2.1208 train 0.4089 test 0.0664
epoch 43/200 loss 2.1477 train 0.4089 test 0.0671
epoch 44/200 loss 2.0369 train 0.4661 test 0.0674
epoch 45/200 loss 1.9283 train 0.5052 test 0.0686
epoch 46/200 loss 1.9446 train 0.4792 test 0.0599
epoch 47/200 loss 1.8541 train 0.4974 test 0.0635
epoch 48/200 loss 1.8114 train 0.4948 test 0.0646
epoch 49/200 loss 1.7792 train 0.5417 test 0.0670
epoch 50/200 loss 1.5955 train 0.6276 test 0.0682
epoch 51/200 loss 1.6711 train 0.5286 test 0.0676
epoch 52/200 loss 1.6130 train 0.5703 test 0.0641
epoch 53/200 loss 1.5803 train 0.5781 test 0.0699
epoch 54/200 loss 1.6301 train 0.5677 test 0.0727
epoch 55/200 loss 1.4915 train 0.6198 test 0.0711
epoch 56/200 loss 1.4669 train 0.6172 test 0.0637
epoch 57/200 loss 1.4369 train 0.6250 test 0.0735
epoch 58/200 loss 1.3496 train 0.6562 test 0.0656
epoch 59/200 loss 1.4178 train 0.6094 test 0.0682
epoch 60/200 loss 1.3183 train 0.6771 test 0.0731
epoch 61/200 loss 1.2176 train 0.6693 test 0.0722
epoch 62/200 loss 1.2579 train 0.6849 test 0.0742
epoch 63/200 loss 1.1451 train 0.7109 test 0.0780
epoch 64/200 loss 1.1505 train 0.6953 test 0.0689
epoch 65/200 loss 1.0921 train 0.7344 test 0.0672
epoch 66/200 loss 1.1406 train 0.7031 test 0.0773
epoch 67/200 loss 1.1019 train 0.7083 test 0.0690
epoch 68/200 loss 0.9646 train 0.7526 test 0.0660
epoch 69/200 loss 1.0233 train 0.7214 test 0.0722
epoch 70/200 loss 0.8988 train 0.7891 test 0.0767
epoch 71/200 loss 0.8319 train 0.8047 test 0.0787
epoch 72/200 loss 0.8420 train 0.8125 test 0.0731
epoch 73/200 loss 0.7359 train 0.8568 test 0.0752
epoch 74/200 loss 0.8074 train 0.8177 test 0.0818
epoch 75/200 loss 0.7029 train 0.8646 test 0.0767
epoch 76/200 loss 0.6809 train 0.8620 test 0.0718
epoch 77/200 loss 0.6492 train 0.8490 test 0.0764
epoch 78/200 loss 0.5543 train 0.9010 test 0.0800
epoch 79/200 loss 0.5072 train 0.9401 test 0.0760
epoch 80/200 loss 0.5254 train 0.8828 test 0.0762
epoch 81/200 loss 0.4788 train 0.9271 test 0.0756
epoch 82/200 loss 0.4332 train 0.9167 test 0.0731
epoch 83/200 loss 0.4081 train 0.9323 test 0.0743
epoch 84/200 loss 0.3756 train 0.9583 test 0.0739
epoch 85/200 loss 0.3874 train 0.9427 test 0.0792
epoch 86/200 loss 0.3473 train 0.9583 test 0.0824
epoch 87/200 loss 0.3353 train 0.9583 test 0.0801
epoch 88/200 loss 0.3087 train 0.9688 test 0.0761
epoch 89/200 loss 0.2942 train 0.9714 test 0.0748
epoch 90/200 loss 0.2863 train 0.9661 test 0.0750
epoch 91/200 loss 0.3222 train 0.9531 test 0.0780
epoch 92/200 loss 0.2296 train 0.9870 test 0.0861
epoch 93/200 loss 0.2618 train 0.9661 test 0.0841
epoch 94/200 loss 0.2050 train 0.9896 test 0.0807
epoch 95/200 loss 0.1777 train 0.9948 test 0.0797
epoch 96/200 loss 0.1699 train 0.9896 test 0.0764
epoch 97/200 loss 0.1697 train 0.9896 test 0.0809
epoch 98/200 loss 0.1328 train 0.9974 test 0.0780
epoch 99/200 loss 0.1396 train 0.9896 test 0.0801
epoch 100/200 loss 0.1243 train 0.9948 test 0.0835
epoch 101/200 loss 0.1437 train 0.9948 test 0.0832
epoch 102/200 loss 0.1155 train 0.9974 test 0.0825
epoch 103/200 loss 0.1056 train 0.9974 test 0.0823
epoch 104/200 loss 0.0989 train 0.9948 test 0.0813
epoch 105/200 loss 0.1090 train 0.9922 test 0.0809
epoch 106/200 loss 0.1076 train 0.9974 test 0.0788
epoch 107/200 loss 0.0975 train 1.0000 test 0.0849
epoch 108/200 loss 0.0990 train 0.9974 test 0.0850
epoch 109/200 loss 0.0942 train 0.9974 test 0.0832
epoch 110/200 loss 0.0861 train 0.9974 test 0.0843
epoch 111/200 loss 0.0685 train 1.0000 test 0.0855
epoch 112/200 loss 0.0757 train 1.0000 test 0.0859
epoch 113/200 loss 0.0670 train 1.0000 test 0.0857
epoch 114/200 loss 0.0806 train 0.9948 test 0.0884
epoch 115/200 loss 0.0594 train 1.0000 test 0.0867
epoch 116/200 loss 0.0581 train 0.9974 test 0.0844
epoch 117/200 loss 0.0572 train 1.0000 test 0.0840
epoch 118/200 loss 0.0512 train 1.0000 test 0.0845
epoch 119/200 loss 0.0498 train 1.0000 test 0.0846
epoch 120/200 loss 0.0524 train 1.0000 test 0.0864
epoch 121/200 loss 0.0486 train 1.0000 test 0.0863
epoch 122/200 loss 0.0485 train 0.9974 test 0.0867
epoch 123/200 loss 0.0412 train 1.0000 test 0.0866
epoch 124/200 loss 0.0483 train 1.0000 test 0.0867
epoch 125/200 loss 0.0417 train 1.0000 test 0.0883
epoch 126/200 loss 0.0480 train 1.0000 test 0.0874
epoch 127/200 loss 0.0369 train 1.0000 test 0.0863
epoch 128/200 loss 0.0418 train 1.0000 test 0.0873
epoch 129/200 loss 0.0331 train 1.0000 test 0.0873
epoch 130/200 loss 0.0448 train 1.0000 test 0.0876
epoch 131/200 loss 0.0364 train 1.0000 test 0.0879
epoch 132/200 loss 0.0369 train 1.0000 test 0.0886
epoch 133/200 loss 0.0426 train 1.0000 test 0.0893
epoch 134/200 loss 0.0357 train 1.0000 test 0.0897
epoch 135/200 loss 0.0376 train 1.0000 test 0.0884
epoch 136/200 loss 0.0346 train 1.0000 test 0.0880
epoch 137/200 loss 0.0335 train 1.0000 test 0.0882
epoch 138/200 loss 0.0400 train 1.0000 test 0.0874
epoch 139/200 loss 0.0316 train 1.0000 test 0.0874
epoch 140/200 loss 0.0310 train 1.0000 test 0.0888
epoch 141/200 loss 0.0367 train 1.0000 test 0.0885
epoch 142/200 loss 0.0295 train 1.0000 test 0.0880
epoch 143/200 loss 0.0330 train 1.0000 test 0.0873
epoch 144/200 loss 0.0307 train 1.0000 test 0.0882
epoch 145/200 loss 0.0339 train 1.0000 test 0.0885
epoch 146/200 loss 0.0389 train 1.0000 test 0.0879
epoch 147/200 loss 0.0292 train 1.0000 test 0.0886
epoch 148/200 loss 0.0295 train 1.0000 test 0.0892
epoch 149/200 loss 0.0336 train 1.0000 test 0.0880
epoch 150/200 loss 0.0344 train 1.0000 test 0.0886
epoch 151/200 loss 0.0257 train 1.0000 test 0.0883
epoch 152/200 loss 0.0282 train 1.0000 test 0.0895
epoch 153/200 loss 0.0309 train 1.0000 test 0.0897
epoch 154/200 loss 0.0297 train 1.0000 test 0.0886
epoch 155/200 loss 0.0341 train 1.0000 test 0.0885
epoch 156/200 loss 0.0298 train 1.0000 test 0.0890
epoch 157/200 loss 0.0333 train 1.0000 test 0.0877
epoch 158/200 loss 0.0261 train 1.0000 test 0.0889
epoch 159/200 loss 0.0284 train 1.0000 test 0.0884
epoch 160/200 loss 0.0273 train 1.0000 test 0.0898
epoch 161/200 loss 0.0286 train 1.0000 test 0.0894
epoch 162/200 loss 0.0337 train 1.0000 test 0.0891
epoch 163/200 loss 0.0254 train 1.0000 test 0.0889
epoch 164/200 loss 0.0317 train 1.0000 test 0.0886
epoch 165/200 loss 0.0281 train 1.0000 test 0.0889
epoch 166/200 loss 0.0256 train 1.0000 test 0.0891
epoch 167/200 loss 0.0367 train 0.9974 test 0.0895
epoch 168/200 loss 0.0263 train 1.0000 test 0.0894
epoch 169/200 loss 0.0308 train 1.0000 test 0.0904
epoch 170/200 loss 0.0232 train 1.0000 test 0.0891
epoch 171/200 loss 0.0278 train 1.0000 test 0.0899
epoch 172/200 loss 0.0290 train 1.0000 test 0.0902
epoch 173/200 loss 0.0235 train 1.0000 test 0.0903
epoch 174/200 loss 0.0324 train 1.0000 test 0.0912
epoch 175/200 loss 0.0222 train 1.0000 test 0.0909
epoch 176/200 loss 0.0314 train 0.9974 test 0.0903
epoch 177/200 loss 0.0282 train 1.0000 test 0.0900
epoch 178/200 loss 0.0271 train 1.0000 test 0.0905
epoch 179/200 loss 0.0245 train 1.0000 test 0.0907
epoch 180/200 loss 0.0259 train 1.0000 test 0.0909
epoch 181/200 loss 0.0263 train 1.0000 test 0.0901
epoch 182/200 loss 0.0234 train 1.0000 test 0.0904
epoch 183/200 loss 0.0287 train 1.0000 test 0.0905
epoch 184/200 loss 0.0260 train 1.0000 test 0.0907
epoch 185/200 loss 0.0267 train 1.0000 test 0.0913
epoch 186/200 loss 0.0256 train 1.0000 test 0.0909
epoch 187/200 loss 0.0225 train 1.0000 test 0.0910
epoch 188/200 loss 0.0267 train 1.0000 test 0.0906
epoch 189/200 loss 0.0223 train 1.0000 test 0.0903
epoch 190/200 loss 0.0275 train 1.0000 test 0.0900
epoch 191/200 loss 0.0317 train 0.9974 test 0.0894
epoch 192/200 loss 0.0220 train 1.0000 test 0.0903
epoch 193/200 loss 0.0306 train 1.0000 test 0.0902
epoch 194/200 loss 0.0227 train 1.0000 test 0.0902
epoch 195/200 loss 0.0290 train 1.0000 test 0.0904
epoch 196/200 loss 0.0231 train 1.0000 test 0.0903
epoch 197/200 loss 0.0250 train 1.0000 test 0.0914
epoch 198/200 loss 0.0219 train 1.0000 test 0.0905
epoch 199/200 loss 0.0226 train 1.0000 test 0.0900
epoch 200/200 loss 0.0217 train 1.0000 test 0.0901
done: final 0.0901 best 0.0914 -> ./runs/abl1_none/seed2
=== abl1_gaboronly_calib seed 1 ===
stem calibrated on 1024 images
[abl1_gaboronly_calib seed1] {"params_trainable": 11225316, "params_stem_trainable": 0, "params_stem_fixed_filters": 1089, "flops_total": 563129344, "flops_stem": 1115136, "flops_image_size": 32}
epoch 1/200 loss 4.6327 train 0.0052 test 0.0136
epoch 2/200 loss 4.6288 train 0.0182 test 0.0158
epoch 3/200 loss 4.5663 train 0.0130 test 0.0206
epoch 4/200 loss 4.5457 train 0.0365 test 0.0230
epoch 5/200 loss 4.4595 train 0.0417 test 0.0245
epoch 6/200 loss 4.3823 train 0.0339 test 0.0289
epoch 7/200 loss 4.3045 train 0.0521 test 0.0264
epoch 8/200 loss 4.2250 train 0.0677 test 0.0313
epoch 9/200 loss 4.1436 train 0.0469 test 0.0377
epoch 10/200 loss 4.0672 train 0.0885 test 0.0382
epoch 11/200 loss 4.0200 train 0.0807 test 0.0422
epoch 12/200 loss 3.9953 train 0.0964 test 0.0407
epoch 13/200 loss 3.8789 train 0.0885 test 0.0441
epoch 14/200 loss 3.7625 train 0.1198 test 0.0434
epoch 15/200 loss 3.7652 train 0.0990 test 0.0460
epoch 16/200 loss 3.6944 train 0.1354 test 0.0518
epoch 17/200 loss 3.6208 train 0.1198 test 0.0610
epoch 18/200 loss 3.5049 train 0.1562 test 0.0575
epoch 19/200 loss 3.5221 train 0.1432 test 0.0567
epoch 20/200 loss 3.4959 train 0.1641 test 0.0544
epoch 21/200 loss 3.4245 train 0.1693 test 0.0600
epoch 22/200 loss 3.3516 train 0.1693 test 0.0618
epoch 23/200 loss 3.3230 train 0.1667 test 0.0636
epoch 24/200 loss 3.1914 train 0.2109 test 0.0588
epoch 25/200 loss 3.1545 train 0.2396 test 0.0597
epoch 26/200 loss 3.0824 train 0.2161 test 0.0683
epoch 27/200 loss 3.0617 train 0.1953 test 0.0677
epoch 28/200 loss 3.0455 train 0.2214 test 0.0679
epoch 29/200 loss 2.9078 train 0.2839 test 0.0690
epoch 30/200 loss 2.9266 train 0.2682 test 0.0660
epoch 31/200 loss 2.8879 train 0.2656 test 0.0686
epoch 32/200 loss 2.8236 train 0.2812 test 0.0693
epoch 33/200 loss 2.7319 train 0.2943 test 0.0742
epoch 34/200 loss 2.7225 train 0.3021 test 0.0677
epoch 35/200 loss 2.6491 train 0.2917 test 0.0733
epoch 36/200 loss 2.6180 train 0.3281 test 0.0815
epoch 37/200 loss 2.5739 train 0.3385 test 0.0790
epoch 38/200 loss 2.5161 train 0.3594 test 0.0703
epoch 39/200 loss 2.4465 train 0.3620 test 0.0684
epoch 40/200 loss 2.4081 train 0.3490 test 0.0774
epoch 41/200 loss 2.3325 train 0.4010 test 0.0820
epoch 42/200 loss 2.3224 train 0.4167 test 0.0780
epoch 43/200 loss 2.2860 train 0.4089 test 0.0793
epoch 44/200 loss 2.2548 train 0.4115 test 0.0763
epoch 45/200 loss 2.1510 train 0.4453 test 0.0753
epoch 46/200 loss 2.1572 train 0.4193 test 0.0802
epoch 47/200 loss 2.0905 train 0.4349 test 0.0705
epoch 48/200 loss 2.0440 train 0.4505 test 0.0736
epoch 49/200 loss 1.9447 train 0.4896 test 0.0733
epoch 50/200 loss 1.9515 train 0.4844 test 0.0750
epoch 51/200 loss 1.9132 train 0.5130 test 0.0810
epoch 52/200 loss 1.9658 train 0.4974 test 0.0809
epoch 53/200 loss 1.8095 train 0.5260 test 0.0710
epoch 54/200 loss 1.8540 train 0.4922 test 0.0805
epoch 55/200 loss 1.7151 train 0.5807 test 0.0784
epoch 56/200 loss 1.6958 train 0.5052 test 0.0828
epoch 57/200 loss 1.5647 train 0.5911 test 0.0785
epoch 58/200 loss 1.6020 train 0.5885 test 0.0755
epoch 59/200 loss 1.5740 train 0.5755 test 0.0775
epoch 60/200 loss 1.5422 train 0.6094 test 0.0861
epoch 61/200 loss 1.4235 train 0.6328 test 0.0833
epoch 62/200 loss 1.4300 train 0.6276 test 0.0800
epoch 63/200 loss 1.5071 train 0.5677 test 0.0722
epoch 64/200 loss 1.3580 train 0.6406 test 0.0795
epoch 65/200 loss 1.3043 train 0.6693 test 0.0874
epoch 66/200 loss 1.2077 train 0.6849 test 0.0873
epoch 67/200 loss 1.1984 train 0.7005 test 0.0932
epoch 68/200 loss 1.1364 train 0.7448 test 0.0805
epoch 69/200 loss 1.1060 train 0.7188 test 0.0867
epoch 70/200 loss 1.1055 train 0.7422 test 0.0827
epoch 71/200 loss 1.0385 train 0.7396 test 0.0856
epoch 72/200 loss 0.9260 train 0.8047 test 0.0880
epoch 73/200 loss 0.8859 train 0.8073 test 0.0847
epoch 74/200 loss 0.8472 train 0.8177 test 0.0903
epoch 75/200 loss 0.7940 train 0.8281 test 0.0877
epoch 76/200 loss 0.7642 train 0.8438 test 0.0865
epoch 77/200 loss 0.7007 train 0.8672 test 0.0895
epoch 78/200 loss 0.6709 train 0.8698 test 0.0863
epoch 79/200 loss 0.6383 train 0.8698 test 0.0891
epoch 80/200 loss 0.6326 train 0.8802 test 0.0910
epoch 81/200 loss 0.6250 train 0.8620 test 0.0885
epoch 82/200 loss 0.5759 train 0.8854 test 0.0855
epoch 83/200 loss 0.5260 train 0.8984 test 0.0855
epoch 84/200 loss 0.5288 train 0.9036 test 0.0848
epoch 85/200 loss 0.4564 train 0.9193 test 0.0865
epoch 86/200 loss 0.4891 train 0.9062 test 0.0911
epoch 87/200 loss 0.4690 train 0.9349 test 0.0917
epoch 88/200 loss 0.3979 train 0.9688 test 0.0861
epoch 89/200 loss 0.3901 train 0.9505 test 0.0924
epoch 90/200 loss 0.3291 train 0.9583 test 0.0919
epoch 91/200 loss 0.3400 train 0.9479 test 0.0933
epoch 92/200 loss 0.3315 train 0.9557 test 0.0891
epoch 93/200 loss 0.2910 train 0.9688 test 0.0915
epoch 94/200 loss 0.2742 train 0.9740 test 0.0895
epoch 95/200 loss 0.2700 train 0.9557 test 0.0927
epoch 96/200 loss 0.2275 train 0.9844 test 0.0942
epoch 97/200 loss 0.2464 train 0.9740 test 0.0942
epoch 98/200 loss 0.2151 train 0.9792 test 0.0952
epoch 99/200 loss 0.1764 train 0.9870 test 0.0938
epoch 100/200 loss 0.1883 train 0.9870 test 0.0956
epoch 101/200 loss 0.1739 train 0.9896 test 0.0913
epoch 102/200 loss 0.1656 train 0.9922 test 0.0923
epoch 103/200 loss 0.1911 train 0.9792 test 0.0995
epoch 104/200 loss 0.1336 train 0.9922 test 0.1002
epoch 105/200 loss 0.1425 train 0.9922 test 0.1008
epoch 106/200 loss 0.1267 train 0.9870 test 0.1004
epoch 107/200 loss 0.1490 train 0.9844 test 0.0980
epoch 108/200 loss 0.1374 train 0.9948 test 0.0931
epoch 109/200 loss 0.1265 train 0.9922 test 0.0964
epoch 110/200 loss 0.1112 train 0.9974 test 0.0985
epoch 111/200 loss 0.1107 train 0.9948 test 0.0974
epoch 112/200 loss 0.0928 train 0.9974 test 0.0979
epoch 113/200 loss 0.1016 train 0.9948 test 0.0976
epoch 114/200 loss 0.0856 train 1.0000 test 0.0957
epoch 115/200 loss 0.1121 train 0.9948 test 0.0954
epoch 116/200 loss 0.0859 train 0.9974 test 0.1006
epoch 117/200 loss 0.0976 train 0.9974 test 0.1037
epoch 118/200 loss 0.0863 train 1.0000 test 0.1006
epoch 119/200 loss 0.0797 train 1.0000 test 0.0964
epoch 120/200 loss 0.0731 train 1.0000 test 0.0942
epoch 121/200 loss 0.0746 train 1.0000 test 0.0961
epoch 122/200 loss 0.0650 train 1.0000 test 0.0994
epoch 123/200 loss 0.0585 train 1.0000 test 0.1004
epoch 124/200 loss 0.0534 train 1.0000 test 0.0990
epoch 125/200 loss 0.0577 train 1.0000 test 0.0990
epoch 126/200 loss 0.0462 train 1.0000 test 0.0987
epoch 127/200 loss 0.0450 train 1.0000 test 0.1004
epoch 128/200 loss 0.0527 train 1.0000 test 0.1042
epoch 129/200 loss 0.0412 train 1.0000 test 0.1027
epoch 130/200 loss 0.0461 train 1.0000 test 0.1023
epoch 131/200 loss 0.0449 train 1.0000 test 0.0976
epoch 132/200 loss 0.0388 train 1.0000 test 0.0993
epoch 133/200 loss 0.0412 train 1.0000 test 0.1006
epoch 134/200 loss 0.0391 train 1.0000 test 0.1008
epoch 135/200 loss 0.0344 train 1.0000 test 0.1009
epoch 136/200 loss 0.0411 train 1.0000 test 0.0993
epoch 137/200 loss 0.0344 train 1.0000 test 0.0993
epoch 138/200 loss 0.0306 train 1.0000 test 0.0987
epoch 139/200 loss 0.0348 train 1.0000 test 0.0982
epoch 140/200 loss 0.0359 train 1.0000 test 0.1009
epoch 141/200 loss 0.0378 train 1.0000 test 0.1019
epoch 142/200 loss 0.0345 train 1.0000 test 0.1011
epoch 143/200 loss 0.0372 train 1.0000 test 0.0997
epoch 144/200 loss 0.0350 train 1.0000 test 0.0987
epoch 145/200 loss 0.0312 train 1.0000 test 0.0996
epoch 146/200 loss 0.0352 train 1.0000 test 0.0990
epoch 147/200 loss 0.0320 train 1.0000 test 0.0995
epoch 148/200 loss 0.0333 train 1.0000 test 0.1021
epoch 149/200 loss 0.0329 train 1.0000 test 0.1015
epoch 150/200 loss 0.0360 train 1.0000 test 0.0996
epoch 151/200 loss 0.0340 train 1.0000 test 0.1000
epoch 152/200 loss 0.0342 train 1.0000 test 0.0999
epoch 153/200 loss 0.0297 train 1.0000 test 0.1003
epoch 154/200 loss 0.0324 train 1.0000 test 0.0998
epoch 155/200 loss 0.0341 train 1.0000 test 0.0997
epoch 156/200 loss 0.0318 train 1.0000 test 0.1009
epoch 157/200 loss 0.0307 train 1.0000 test 0.1016
epoch 158/200 loss 0.0313 train 1.0000 test 0.1031
epoch 159/200 loss 0.0340 train 1.0000 test 0.1031
epoch 160/200 loss 0.0287 train 1.0000 test 0.1021
epoch 161/200 loss 0.0270 train 1.0000 test 0.1006
epoch 162/200 loss 0.0290 train 1.0000 test 0.1009
epoch 163/200 loss 0.0282 train 1.0000 test 0.1005
epoch 164/200 loss 0.0278 train 1.0000 test 0.1004
epoch 165/200 loss 0.0349 train 1.0000 test 0.0996
epoch 166/200 loss 0.0319 train 1.0000 test 0.1006
epoch 167/200 loss 0.0279 train 1.0000 test 0.1006
epoch 168/200 loss 0.0430 train 0.9974 test 0.1019
epoch 169/200 loss 0.0278 train 1.0000 test 0.1017
epoch 170/200 loss 0.0268 train 1.0000 test 0.1023
epoch 171/200 loss 0.0315 train 1.0000 test 0.1030
epoch 172/200 loss 0.0261 train 1.0000 test 0.1035
epoch 173/200 loss 0.0296 train 1.0000 test 0.1042
epoch 174/200 loss 0.0321 train 1.0000 test 0.1038
epoch 175/200 loss 0.0227 train 1.0000 test 0.1041
epoch 176/200 loss 0.0269 train 1.0000 test 0.1038
epoch 177/200 loss 0.0268 train 1.0000 test 0.1032
epoch 178/200 loss 0.0250 train 1.0000 test 0.1030
epoch 179/200 loss 0.0273 train 1.0000 test 0.1026
epoch 180/200 loss 0.0274 train 1.0000 test 0.1025
epoch 181/200 loss 0.0305 train 1.0000 test 0.1024
epoch 182/200 loss 0.0280 train 1.0000 test 0.1022
epoch 183/200 loss 0.0270 train 1.0000 test 0.1023
epoch 184/200 loss 0.0277 train 1.0000 test 0.1016
epoch 185/200 loss 0.0268 train 1.0000 test 0.1013
epoch 186/200 loss 0.0319 train 1.0000 test 0.1016
epoch 187/200 loss 0.0231 train 1.0000 test 0.1014
epoch 188/200 loss 0.0255 train 1.0000 test 0.1013
epoch 189/200 loss 0.0281 train 1.0000 test 0.1015
epoch 190/200 loss 0.0256 train 1.0000 test 0.1019
epoch 191/200 loss 0.0320 train 1.0000 test 0.1019
epoch 192/200 loss 0.0288 train 1.0000 test 0.1014
epoch 193/200 loss 0.0245 train 1.0000 test 0.1011
epoch 194/200 loss 0.0283 train 1.0000 test 0.1012
epoch 195/200 loss 0.0241 train 1.0000 test 0.1014
epoch 196/200 loss 0.0279 train 1.0000 test 0.1014
epoch 197/200 loss 0.0268 train 1.0000 test 0.1017
epoch 198/200 loss 0.0257 train 1.0000 test 0.1013
epoch 199/200 loss 0.0284 train 1.0000 test 0.1026
epoch 200/200 loss 0.0261 train 1.0000 test 0.1019
done: final 0.1019 best 0.1042 -> ./runs/abl1_gaboronly_calib/seed1
=== abl1_gaboronly_calib seed 2 ===
stem calibrated on 1024 images
[abl1_gaboronly_calib seed2] {"params_trainable": 11225316, "params_stem_trainable": 0, "params_stem_fixed_filters": 1089, "flops_total": 563129344, "flops_stem": 1115136, "flops_image_size": 32}
epoch 1/200 loss 4.6488 train 0.0078 test 0.0088
epoch 2/200 loss 4.6139 train 0.0104 test 0.0160
epoch 3/200 loss 4.5686 train 0.0286 test 0.0157
epoch 4/200 loss 4.5055 train 0.0260 test 0.0242
epoch 5/200 loss 4.4398 train 0.0312 test 0.0246
epoch 6/200 loss 4.3550 train 0.0599 test 0.0336
epoch 7/200 loss 4.2631 train 0.0651 test 0.0347
epoch 8/200 loss 4.1472 train 0.0781 test 0.0355
epoch 9/200 loss 4.0706 train 0.0729 test 0.0401
epoch 10/200 loss 3.9128 train 0.0938 test 0.0367
epoch 11/200 loss 3.9049 train 0.0938 test 0.0459
epoch 12/200 loss 3.8324 train 0.1016 test 0.0518
epoch 13/200 loss 3.7680 train 0.0990 test 0.0431
epoch 14/200 loss 3.7123 train 0.1120 test 0.0492
epoch 15/200 loss 3.5818 train 0.1458 test 0.0477
epoch 16/200 loss 3.5406 train 0.1406 test 0.0537
epoch 17/200 loss 3.4824 train 0.1510 test 0.0586
epoch 18/200 loss 3.4175 train 0.1667 test 0.0576
epoch 19/200 loss 3.4077 train 0.1771 test 0.0561
epoch 20/200 loss 3.3887 train 0.1406 test 0.0563
epoch 21/200 loss 3.2751 train 0.1875 test 0.0586
epoch 22/200 loss 3.1951 train 0.2083 test 0.0645
epoch 23/200 loss 3.2021 train 0.1927 test 0.0647
epoch 24/200 loss 3.1301 train 0.2188 test 0.0628
epoch 25/200 loss 3.1021 train 0.2083 test 0.0670
epoch 26/200 loss 3.0094 train 0.2448 test 0.0682
epoch 27/200 loss 2.9960 train 0.2292 test 0.0690
epoch 28/200 loss 2.9518 train 0.2552 test 0.0646
epoch 29/200 loss 2.9025 train 0.2292 test 0.0658
epoch 30/200 loss 2.8416 train 0.2708 test 0.0676
epoch 31/200 loss 2.8538 train 0.2630 test 0.0704
epoch 32/200 loss 2.7696 train 0.2656 test 0.0679
epoch 33/200 loss 2.6537 train 0.3307 test 0.0698
epoch 34/200 loss 2.6216 train 0.3333 test 0.0697
epoch 35/200 loss 2.5696 train 0.3385 test 0.0736
epoch 36/200 loss 2.5406 train 0.3385 test 0.0735
epoch 37/200 loss 2.4710 train 0.3568 test 0.0760
epoch 38/200 loss 2.4263 train 0.3542 test 0.0742
epoch 39/200 loss 2.3710 train 0.3906 test 0.0720
epoch 40/200 loss 2.3388 train 0.3958 test 0.0749
epoch 41/200 loss 2.3164 train 0.3776 test 0.0855
epoch 42/200 loss 2.2462 train 0.3906 test 0.0755
epoch 43/200 loss 2.2523 train 0.3958 test 0.0729
epoch 44/200 loss 2.1492 train 0.4401 test 0.0739
epoch 45/200 loss 2.1219 train 0.4375 test 0.0758
epoch 46/200 loss 2.0906 train 0.4453 test 0.0731
epoch 47/200 loss 2.0325 train 0.4635 test 0.0845
epoch 48/200 loss 1.9397 train 0.5078 test 0.0729
epoch 49/200 loss 1.8930 train 0.5052 test 0.0827
epoch 50/200 loss 1.7571 train 0.5521 test 0.0777
epoch 51/200 loss 1.8585 train 0.4818 test 0.0804
epoch 52/200 loss 1.8255 train 0.5052 test 0.0752
epoch 53/200 loss 1.7138 train 0.5312 test 0.0805
epoch 54/200 loss 1.7757 train 0.5208 test 0.0827
epoch 55/200 loss 1.6297 train 0.5677 test 0.0876
epoch 56/200 loss 1.5815 train 0.5807 test 0.0763
epoch 57/200 loss 1.4868 train 0.6406 test 0.0840
epoch 58/200 loss 1.4581 train 0.6380 test 0.0799
epoch 59/200 loss 1.4580 train 0.6120 test 0.0795
epoch 60/200 loss 1.3374 train 0.6771 test 0.0821
epoch 61/200 loss 1.3354 train 0.6615 test 0.0823
epoch 62/200 loss 1.2855 train 0.6927 test 0.0881
epoch 63/200 loss 1.2383 train 0.6745 test 0.0893
epoch 64/200 loss 1.1362 train 0.7240 test 0.0876
epoch 65/200 loss 1.1522 train 0.7214 test 0.0874
epoch 66/200 loss 1.1290 train 0.7240 test 0.0923
epoch 67/200 loss 1.1101 train 0.7344 test 0.0875
epoch 68/200 loss 0.9688 train 0.7656 test 0.0873
epoch 69/200 loss 1.0470 train 0.7292 test 0.0916
epoch 70/200 loss 0.9180 train 0.8229 test 0.0890
epoch 71/200 loss 0.8438 train 0.8255 test 0.0846
epoch 72/200 loss 0.8713 train 0.7839 test 0.0848
epoch 73/200 loss 0.7864 train 0.8359 test 0.0861
epoch 74/200 loss 0.7976 train 0.8203 test 0.0852
epoch 75/200 loss 0.7291 train 0.8464 test 0.0923
epoch 76/200 loss 0.7060 train 0.8438 test 0.0897
epoch 77/200 loss 0.6280 train 0.8906 test 0.0911
epoch 78/200 loss 0.6235 train 0.8776 test 0.0948
epoch 79/200 loss 0.5205 train 0.9219 test 0.0950
epoch 80/200 loss 0.5406 train 0.8984 test 0.0970
epoch 81/200 loss 0.4763 train 0.9115 test 0.0917
epoch 82/200 loss 0.4809 train 0.9167 test 0.0961
epoch 83/200 loss 0.4512 train 0.9193 test 0.0938
epoch 84/200 loss 0.4227 train 0.9427 test 0.0909
epoch 85/200 loss 0.4076 train 0.9453 test 0.0917
epoch 86/200 loss 0.3789 train 0.9453 test 0.0949
epoch 87/200 loss 0.3705 train 0.9531 test 0.0927
epoch 88/200 loss 0.3559 train 0.9531 test 0.0923
epoch 89/200 loss 0.3238 train 0.9479 test 0.0954
epoch 90/200 loss 0.3062 train 0.9635 test 0.1000
epoch 91/200 loss 0.3004 train 0.9453 test 0.0949
epoch 92/200 loss 0.2569 train 0.9818 test 0.0961
epoch 93/200 loss 0.2537 train 0.9714 test 0.0947
epoch 94/200 loss 0.1849 train 0.9870 test 0.0969
epoch 95/200 loss 0.1980 train 0.9740 test 0.0948
epoch 96/200 loss 0.1655 train 0.9896 test 0.0961
epoch 97/200 loss 0.1615 train 0.9974 test 0.1005
epoch 98/200 loss 0.1328 train 0.9948 test 0.0977
epoch 99/200 loss 0.1327 train 0.9948 test 0.0980
epoch 100/200 loss 0.1227 train 0.9974 test 0.0965
epoch 101/200 loss 0.1355 train 0.9896 test 0.0970
epoch 102/200 loss 0.1196 train 0.9948 test 0.0983
epoch 103/200 loss 0.1111 train 1.0000 test 0.0995
epoch 104/200 loss 0.1069 train 0.9948 test 0.1011
epoch 105/200 loss 0.1054 train 0.9922 test 0.0981
epoch 106/200 loss 0.0991 train 1.0000 test 0.0960
epoch 107/200 loss 0.0877 train 1.0000 test 0.0987
epoch 108/200 loss 0.0940 train 0.9948 test 0.1019
epoch 109/200 loss 0.0881 train 0.9948 test 0.1042
epoch 110/200 loss 0.0701 train 0.9974 test 0.1002
epoch 111/200 loss 0.0660 train 1.0000 test 0.0960
epoch 112/200 loss 0.0744 train 1.0000 test 0.0963
epoch 113/200 loss 0.0667 train 1.0000 test 0.1010
epoch 114/200 loss 0.0723 train 1.0000 test 0.1002
epoch 115/200 loss 0.0644 train 1.0000 test 0.0991
epoch 116/200 loss 0.0548 train 0.9974 test 0.0995
epoch 117/200 loss 0.0576 train 1.0000 test 0.1011
epoch 118/200 loss 0.0549 train 1.0000 test 0.1009
epoch 119/200 loss 0.0495 train 1.0000 test 0.1020
epoch 120/200 loss 0.0488 train 1.0000 test 0.1034
epoch 121/200 loss 0.0484 train 1.0000 test 0.1011
epoch 122/200 loss 0.0494 train 1.0000 test 0.0999
epoch 123/200 loss 0.0419 train 1.0000 test 0.1006
epoch 124/200 loss 0.0456 train 1.0000 test 0.1005
epoch 125/200 loss 0.0447 train 1.0000 test 0.0997
epoch 126/200 loss 0.0485 train 1.0000 test 0.0989
epoch 127/200 loss 0.0406 train 1.0000 test 0.0997
epoch 128/200 loss 0.0437 train 1.0000 test 0.1012
epoch 129/200 loss 0.0356 train 1.0000 test 0.1020
epoch 130/200 loss 0.0390 train 1.0000 test 0.1021
epoch 131/200 loss 0.0367 train 1.0000 test 0.1018
epoch 132/200 loss 0.0345 train 1.0000 test 0.1027
epoch 133/200 loss 0.0401 train 1.0000 test 0.1013
epoch 134/200 loss 0.0358 train 1.0000 test 0.1042
epoch 135/200 loss 0.0379 train 1.0000 test 0.1040
epoch 136/200 loss 0.0338 train 1.0000 test 0.1038
epoch 137/200 loss 0.0340 train 1.0000 test 0.1037
epoch 138/200 loss 0.0337 train 1.0000 test 0.1025
epoch 139/200 loss 0.0319 train 1.0000 test 0.1018
epoch 140/200 loss 0.0322 train 1.0000 test 0.1015
epoch 141/200 loss 0.0369 train 1.0000 test 0.1013
epoch 142/200 loss 0.0299 train 1.0000 test 0.1007
epoch 143/200 loss 0.0295 train 1.0000 test 0.1018
epoch 144/200 loss 0.0330 train 1.0000 test 0.1024
epoch 145/200 loss 0.0284 train 1.0000 test 0.1018
epoch 146/200 loss 0.0314 train 1.0000 test 0.1028
epoch 147/200 loss 0.0272 train 1.0000 test 0.1041
epoch 148/200 loss 0.0304 train 1.0000 test 0.1034
epoch 149/200 loss 0.0305 train 1.0000 test 0.1032
epoch 150/200 loss 0.0280 train 1.0000 test 0.1031
epoch 151/200 loss 0.0290 train 1.0000 test 0.1017
epoch 152/200 loss 0.0268 train 1.0000 test 0.1024
epoch 153/200 loss 0.0309 train 1.0000 test 0.1016
epoch 154/200 loss 0.0288 train 1.0000 test 0.1016
epoch 155/200 loss 0.0302 train 1.0000 test 0.1024
epoch 156/200 loss 0.0278 train 1.0000 test 0.1033
epoch 157/200 loss 0.0340 train 1.0000 test 0.1029
epoch 158/200 loss 0.0282 train 1.0000 test 0.1049
epoch 159/200 loss 0.0285 train 1.0000 test 0.1045
epoch 160/200 loss 0.0271 train 1.0000 test 0.1044
epoch 161/200 loss 0.0275 train 1.0000 test 0.1036
epoch 162/200 loss 0.0304 train 1.0000 test 0.1030
epoch 163/200 loss 0.0251 train 1.0000 test 0.1026
epoch 164/200 loss 0.0315 train 1.0000 test 0.1030
epoch 165/200 loss 0.0298 train 1.0000 test 0.1029
epoch 166/200 loss 0.0244 train 1.0000 test 0.1021
epoch 167/200 loss 0.0313 train 1.0000 test 0.1020
epoch 168/200 loss 0.0249 train 1.0000 test 0.1023
epoch 169/200 loss 0.0281 train 1.0000 test 0.1019
epoch 170/200 loss 0.0244 train 1.0000 test 0.1019
epoch 171/200 loss 0.0302 train 1.0000 test 0.1031
epoch 172/200 loss 0.0287 train 1.0000 test 0.1034
epoch 173/200 loss 0.0244 train 1.0000 test 0.1029
epoch 174/200 loss 0.0297 train 1.0000 test 0.1032
epoch 175/200 loss 0.0223 train 1.0000 test 0.1034
epoch 176/200 loss 0.0307 train 0.9974 test 0.1023
epoch 177/200 loss 0.0281 train 1.0000 test 0.1033
epoch 178/200 loss 0.0276 train 1.0000 test 0.1030
epoch 179/200 loss 0.0264 train 1.0000 test 0.1039
epoch 180/200 loss 0.0247 train 1.0000 test 0.1031
epoch 181/200 loss 0.0281 train 1.0000 test 0.1032
epoch 182/200 loss 0.0249 train 1.0000 test 0.1032
epoch 183/200 loss 0.0301 train 1.0000 test 0.1034
epoch 184/200 loss 0.0260 train 1.0000 test 0.1036
epoch 185/200 loss 0.0271 train 1.0000 test 0.1031
epoch 186/200 loss 0.0250 train 1.0000 test 0.1030
epoch 187/200 loss 0.0235 train 1.0000 test 0.1027
epoch 188/200 loss 0.0272 train 1.0000 test 0.1027
epoch 189/200 loss 0.0229 train 1.0000 test 0.1033
epoch 190/200 loss 0.0263 train 1.0000 test 0.1026
epoch 191/200 loss 0.0305 train 1.0000 test 0.1026
epoch 192/200 loss 0.0260 train 1.0000 test 0.1030
epoch 193/200 loss 0.0279 train 1.0000 test 0.1022
epoch 194/200 loss 0.0219 train 1.0000 test 0.1026
epoch 195/200 loss 0.0297 train 1.0000 test 0.1024
epoch 196/200 loss 0.0232 train 1.0000 test 0.1025
epoch 197/200 loss 0.0269 train 1.0000 test 0.1034
epoch 198/200 loss 0.0225 train 1.0000 test 0.1034
epoch 199/200 loss 0.0246 train 1.0000 test 0.1031
epoch 200/200 loss 0.0238 train 1.0000 test 0.1030
done: final 0.1030 best 0.1049 -> ./runs/abl1_gaboronly_calib/seed2
=== abl1_cat_calib seed 1 ===
stem calibrated on 1024 images
[abl1_cat_calib seed1] {"params_trainable": 11233956, "params_stem_trainable": 0, "params_stem_fixed_filters": 6534, "flops_total": 577552384, "flops_stem": 6690816, "flops_image_size": 32}
epoch 1/200 loss 4.6392 train 0.0026 test 0.0145
epoch 2/200 loss 4.6121 train 0.0156 test 0.0134
epoch 3/200 loss 4.5665 train 0.0104 test 0.0156
epoch 4/200 loss 4.5191 train 0.0312 test 0.0237
epoch 5/200 loss 4.4542 train 0.0286 test 0.0198
epoch 6/200 loss 4.3596 train 0.0469 test 0.0254
epoch 7/200 loss 4.3003 train 0.0573 test 0.0293
epoch 8/200 loss 4.2276 train 0.0573 test 0.0347
epoch 9/200 loss 4.1462 train 0.0391 test 0.0357
epoch 10/200 loss 4.0420 train 0.0807 test 0.0357
epoch 11/200 loss 4.0268 train 0.0807 test 0.0388
epoch 12/200 loss 3.9722 train 0.0755 test 0.0383
epoch 13/200 loss 3.8527 train 0.0885 test 0.0411
epoch 14/200 loss 3.7507 train 0.1198 test 0.0411
epoch 15/200 loss 3.7836 train 0.1016 test 0.0438
epoch 16/200 loss 3.6880 train 0.1172 test 0.0484
epoch 17/200 loss 3.6337 train 0.1172 test 0.0561
epoch 18/200 loss 3.5411 train 0.1562 test 0.0540
epoch 19/200 loss 3.5105 train 0.1328 test 0.0564
epoch 20/200 loss 3.4875 train 0.1823 test 0.0514
epoch 21/200 loss 3.4111 train 0.1693 test 0.0563
epoch 22/200 loss 3.4049 train 0.1562 test 0.0620
epoch 23/200 loss 3.3334 train 0.1615 test 0.0615
epoch 24/200 loss 3.2290 train 0.1693 test 0.0567
epoch 25/200 loss 3.1763 train 0.1979 test 0.0551
epoch 26/200 loss 3.1200 train 0.1927 test 0.0610
epoch 27/200 loss 3.0966 train 0.2083 test 0.0669
epoch 28/200 loss 3.0185 train 0.2318 test 0.0646
epoch 29/200 loss 2.9238 train 0.2708 test 0.0656
epoch 30/200 loss 2.9485 train 0.2422 test 0.0622
epoch 31/200 loss 2.8818 train 0.2604 test 0.0608
epoch 32/200 loss 2.8443 train 0.2865 test 0.0602
epoch 33/200 loss 2.7606 train 0.2865 test 0.0708
epoch 34/200 loss 2.7595 train 0.3047 test 0.0684
epoch 35/200 loss 2.6407 train 0.3125 test 0.0749
epoch 36/200 loss 2.6470 train 0.3177 test 0.0768
epoch 37/200 loss 2.5752 train 0.3281 test 0.0696
epoch 38/200 loss 2.5174 train 0.3464 test 0.0643
epoch 39/200 loss 2.4841 train 0.3359 test 0.0700
epoch 40/200 loss 2.4277 train 0.3568 test 0.0766
epoch 41/200 loss 2.3497 train 0.3958 test 0.0840
epoch 42/200 loss 2.3250 train 0.3880 test 0.0804
epoch 43/200 loss 2.3166 train 0.3906 test 0.0762
epoch 44/200 loss 2.3039 train 0.3776 test 0.0753
epoch 45/200 loss 2.1867 train 0.4141 test 0.0783
epoch 46/200 loss 2.1958 train 0.4141 test 0.0707
epoch 47/200 loss 2.1641 train 0.4297 test 0.0780
epoch 48/200 loss 2.0606 train 0.4349 test 0.0767
epoch 49/200 loss 1.9621 train 0.4609 test 0.0788
epoch 50/200 loss 1.9745 train 0.4844 test 0.0756
epoch 51/200 loss 1.9451 train 0.5000 test 0.0739
epoch 52/200 loss 1.9451 train 0.5026 test 0.0803
epoch 53/200 loss 1.8248 train 0.5156 test 0.0769
epoch 54/200 loss 1.8489 train 0.4974 test 0.0763
epoch 55/200 loss 1.7568 train 0.5755 test 0.0819
epoch 56/200 loss 1.7114 train 0.5339 test 0.0843
epoch 57/200 loss 1.5945 train 0.5807 test 0.0845
epoch 58/200 loss 1.6708 train 0.5312 test 0.0852
epoch 59/200 loss 1.5129 train 0.6224 test 0.0802
epoch 60/200 loss 1.5496 train 0.5990 test 0.0819
epoch 61/200 loss 1.4784 train 0.5885 test 0.0841
epoch 62/200 loss 1.4311 train 0.6302 test 0.0795
epoch 63/200 loss 1.4614 train 0.6250 test 0.0807
epoch 64/200 loss 1.3304 train 0.6484 test 0.0810
epoch 65/200 loss 1.2682 train 0.6797 test 0.0818
epoch 66/200 loss 1.2123 train 0.7057 test 0.0886
epoch 67/200 loss 1.2100 train 0.6797 test 0.0808
epoch 68/200 loss 1.1206 train 0.7240 test 0.0874
epoch 69/200 loss 1.1158 train 0.7292 test 0.0797
epoch 70/200 loss 1.1252 train 0.7240 test 0.0822
epoch 71/200 loss 1.0877 train 0.7109 test 0.0831
epoch 72/200 loss 0.9425 train 0.7604 test 0.0800
epoch 73/200 loss 0.9484 train 0.7682 test 0.0845
epoch 74/200 loss 0.8822 train 0.7969 test 0.0886
epoch 75/200 loss 0.8180 train 0.8307 test 0.0842
epoch 76/200 loss 0.8097 train 0.8255 test 0.0838
epoch 77/200 loss 0.7489 train 0.8464 test 0.0839
epoch 78/200 loss 0.7034 train 0.8724 test 0.0841
epoch 79/200 loss 0.6918 train 0.8490 test 0.0888
epoch 80/200 loss 0.6883 train 0.8568 test 0.0932
epoch 81/200 loss 0.6401 train 0.8646 test 0.0869
epoch 82/200 loss 0.6207 train 0.8698 test 0.0802
epoch 83/200 loss 0.5695 train 0.8906 test 0.0852
epoch 84/200 loss 0.5272 train 0.9062 test 0.0858
epoch 85/200 loss 0.4704 train 0.9349 test 0.0817
epoch 86/200 loss 0.4908 train 0.9089 test 0.0883
epoch 87/200 loss 0.4727 train 0.9271 test 0.0916
epoch 88/200 loss 0.4193 train 0.9453 test 0.0890
epoch 89/200 loss 0.3587 train 0.9557 test 0.0882
epoch 90/200 loss 0.3628 train 0.9583 test 0.0899
epoch 91/200 loss 0.3129 train 0.9792 test 0.0916
epoch 92/200 loss 0.3312 train 0.9557 test 0.0949
epoch 93/200 loss 0.2727 train 0.9635 test 0.0902
epoch 94/200 loss 0.2885 train 0.9661 test 0.0910
epoch 95/200 loss 0.2394 train 0.9792 test 0.0953
epoch 96/200 loss 0.2253 train 0.9818 test 0.0942
epoch 97/200 loss 0.2335 train 0.9766 test 0.0916
epoch 98/200 loss 0.2095 train 0.9896 test 0.0911
epoch 99/200 loss 0.1717 train 0.9948 test 0.0909
epoch 100/200 loss 0.1784 train 0.9922 test 0.0953
epoch 101/200 loss 0.1645 train 0.9948 test 0.0993
epoch 102/200 loss 0.1520 train 0.9948 test 0.0984
epoch 103/200 loss 0.1546 train 0.9948 test 0.0950
epoch 104/200 loss 0.1463 train 0.9922 test 0.0957
epoch 105/200 loss 0.1277 train 0.9974 test 0.0936
epoch 106/200 loss 0.1142 train 0.9896 test 0.0931
epoch 107/200 loss 0.1405 train 0.9974 test 0.0931
epoch 108/200 loss 0.1208 train 0.9974 test 0.0963
epoch 109/200 loss 0.1091 train 0.9974 test 0.0946
epoch 110/200 loss 0.1043 train 0.9974 test 0.0958
epoch 111/200 loss 0.1092 train 0.9922 test 0.0992
epoch 112/200 loss 0.0861 train 0.9974 test 0.0967
epoch 113/200 loss 0.0853 train 0.9974 test 0.0970
epoch 114/200 loss 0.0910 train 0.9948 test 0.0967
epoch 115/200 loss 0.1137 train 0.9870 test 0.0984
epoch 116/200 loss 0.0779 train 1.0000 test 0.0962
epoch 117/200 loss 0.1004 train 0.9974 test 0.0964
epoch 118/200 loss 0.0849 train 0.9974 test 0.0950
epoch 119/200 loss 0.0831 train 0.9974 test 0.0941
epoch 120/200 loss 0.0798 train 0.9948 test 0.0929
epoch 121/200 loss 0.0689 train 1.0000 test 0.0922
epoch 122/200 loss 0.0729 train 1.0000 test 0.0920
epoch 123/200 loss 0.0620 train 1.0000 test 0.0927
epoch 124/200 loss 0.0617 train 0.9974 test 0.0936
epoch 125/200 loss 0.0664 train 1.0000 test 0.0974
epoch 126/200 loss 0.0523 train 1.0000 test 0.0980
epoch 127/200 loss 0.0498 train 1.0000 test 0.0994
epoch 128/200 loss 0.0543 train 1.0000 test 0.0988
epoch 129/200 loss 0.0483 train 1.0000 test 0.0958
epoch 130/200 loss 0.0507 train 0.9974 test 0.0958
epoch 131/200 loss 0.0457 train 1.0000 test 0.0976
epoch 132/200 loss 0.0410 train 1.0000 test 0.0975
epoch 133/200 loss 0.0462 train 1.0000 test 0.0983
epoch 134/200 loss 0.0431 train 1.0000 test 0.0995
epoch 135/200 loss 0.0355 train 1.0000 test 0.0997
epoch 136/200 loss 0.0431 train 1.0000 test 0.0987
epoch 137/200 loss 0.0375 train 1.0000 test 0.0972
epoch 138/200 loss 0.0317 train 1.0000 test 0.0969
epoch 139/200 loss 0.0360 train 1.0000 test 0.0983
epoch 140/200 loss 0.0391 train 1.0000 test 0.0987
epoch 141/200 loss 0.0413 train 0.9974 test 0.0998
epoch 142/200 loss 0.0376 train 1.0000 test 0.0993
epoch 143/200 loss 0.0391 train 1.0000 test 0.0988
epoch 144/200 loss 0.0328 train 1.0000 test 0.0977
epoch 145/200 loss 0.0375 train 1.0000 test 0.0996
epoch 146/200 loss 0.0385 train 1.0000 test 0.0988
epoch 147/200 loss 0.0365 train 1.0000 test 0.0984
epoch 148/200 loss 0.0345 train 1.0000 test 0.0970
epoch 149/200 loss 0.0334 train 1.0000 test 0.0973
epoch 150/200 loss 0.0356 train 1.0000 test 0.0971
epoch 151/200 loss 0.0317 train 1.0000 test 0.0969
epoch 152/200 loss 0.0341 train 1.0000 test 0.0980
epoch 153/200 loss 0.0312 train 1.0000 test 0.0983
epoch 154/200 loss 0.0329 train 1.0000 test 0.0983
epoch 155/200 loss 0.0330 train 1.0000 test 0.0987
epoch 156/200 loss 0.0332 train 1.0000 test 0.0988
epoch 157/200 loss 0.0310 train 1.0000 test 0.0995
epoch 158/200 loss 0.0293 train 1.0000 test 0.0981
epoch 159/200 loss 0.0413 train 0.9974 test 0.0992
epoch 160/200 loss 0.0300 train 1.0000 test 0.0986
epoch 161/200 loss 0.0304 train 1.0000 test 0.0987
epoch 162/200 loss 0.0319 train 1.0000 test 0.0982
epoch 163/200 loss 0.0314 train 1.0000 test 0.0971
epoch 164/200 loss 0.0304 train 1.0000 test 0.0977
epoch 165/200 loss 0.0348 train 1.0000 test 0.0981
epoch 166/200 loss 0.0331 train 1.0000 test 0.0981
epoch 167/200 loss 0.0290 train 1.0000 test 0.0988
epoch 168/200 loss 0.0368 train 1.0000 test 0.0982
epoch 169/200 loss 0.0266 train 1.0000 test 0.0989
epoch 170/200 loss 0.0291 train 1.0000 test 0.0988
epoch 171/200 loss 0.0356 train 1.0000 test 0.0986
epoch 172/200 loss 0.0281 train 1.0000 test 0.0984
epoch 173/200 loss 0.0295 train 1.0000 test 0.0981
epoch 174/200 loss 0.0324 train 1.0000 test 0.0990
epoch 175/200 loss 0.0241 train 1.0000 test 0.0987
epoch 176/200 loss 0.0252 train 1.0000 test 0.0987
epoch 177/200 loss 0.0273 train 1.0000 test 0.0978
epoch 178/200 loss 0.0269 train 1.0000 test 0.0984
epoch 179/200 loss 0.0300 train 1.0000 test 0.0983
epoch 180/200 loss 0.0306 train 1.0000 test 0.0984
epoch 181/200 loss 0.0308 train 1.0000 test 0.0982
epoch 182/200 loss 0.0297 train 1.0000 test 0.0991
epoch 183/200 loss 0.0284 train 1.0000 test 0.0992
epoch 184/200 loss 0.0269 train 1.0000 test 0.0993
epoch 185/200 loss 0.0253 train 1.0000 test 0.0989
epoch 186/200 loss 0.0312 train 1.0000 test 0.0989
epoch 187/200 loss 0.0247 train 1.0000 test 0.0985
epoch 188/200 loss 0.0277 train 1.0000 test 0.0992
epoch 189/200 loss 0.0300 train 1.0000 test 0.0984
epoch 190/200 loss 0.0277 train 1.0000 test 0.0987
epoch 191/200 loss 0.0319 train 1.0000 test 0.0988
epoch 192/200 loss 0.0295 train 1.0000 test 0.0986
epoch 193/200 loss 0.0267 train 1.0000 test 0.0983
epoch 194/200 loss 0.0287 train 1.0000 test 0.0987
epoch 195/200 loss 0.0250 train 1.0000 test 0.0990
epoch 196/200 loss 0.0298 train 1.0000 test 0.0984
epoch 197/200 loss 0.0276 train 1.0000 test 0.0983
epoch 198/200 loss 0.0256 train 1.0000 test 0.0982
epoch 199/200 loss 0.0288 train 1.0000 test 0.0984
epoch 200/200 loss 0.0305 train 1.0000 test 0.0983
done: final 0.0983 best 0.0998 -> ./runs/abl1_cat_calib/seed1
=== abl1_cat_calib seed 2 ===
stem calibrated on 1024 images
[abl1_cat_calib seed2] {"params_trainable": 11233956, "params_stem_trainable": 0, "params_stem_fixed_filters": 6534, "flops_total": 577552384, "flops_stem": 6690816, "flops_image_size": 32}
epoch 1/200 loss 4.6354 train 0.0078 test 0.0093
epoch 2/200 loss 4.6180 train 0.0078 test 0.0114
epoch 3/200 loss 4.5823 train 0.0078 test 0.0151
epoch 4/200 loss 4.5286 train 0.0234 test 0.0224
epoch 5/200 loss 4.4803 train 0.0339 test 0.0208
epoch 6/200 loss 4.3928 train 0.0443 test 0.0248
epoch 7/200 loss 4.3197 train 0.0469 test 0.0286
epoch 8/200 loss 4.2287 train 0.0521 test 0.0319
epoch 9/200 loss 4.1381 train 0.0573 test 0.0297
epoch 10/200 loss 4.0086 train 0.0755 test 0.0355
epoch 11/200 loss 3.9955 train 0.0885 test 0.0385
epoch 12/200 loss 3.8781 train 0.0938 test 0.0454
epoch 13/200 loss 3.8196 train 0.1016 test 0.0404
epoch 14/200 loss 3.7916 train 0.0990 test 0.0395
epoch 15/200 loss 3.6883 train 0.1120 test 0.0425
epoch 16/200 loss 3.6498 train 0.1172 test 0.0466
epoch 17/200 loss 3.6330 train 0.1016 test 0.0445
epoch 18/200 loss 3.5496 train 0.1302 test 0.0460
epoch 19/200 loss 3.5492 train 0.1458 test 0.0471
epoch 20/200 loss 3.5834 train 0.1380 test 0.0487
epoch 21/200 loss 3.4313 train 0.1536 test 0.0533
epoch 22/200 loss 3.3861 train 0.1667 test 0.0599
epoch 23/200 loss 3.3843 train 0.1536 test 0.0567
epoch 24/200 loss 3.2871 train 0.1667 test 0.0559
epoch 25/200 loss 3.2704 train 0.1901 test 0.0637
epoch 26/200 loss 3.1766 train 0.1875 test 0.0643
epoch 27/200 loss 3.1271 train 0.2109 test 0.0671
epoch 28/200 loss 3.1292 train 0.2161 test 0.0640
epoch 29/200 loss 3.0596 train 0.2214 test 0.0644
epoch 30/200 loss 3.0270 train 0.2292 test 0.0674
epoch 31/200 loss 3.0198 train 0.2344 test 0.0734
epoch 32/200 loss 2.9444 train 0.2448 test 0.0666
epoch 33/200 loss 2.8651 train 0.2760 test 0.0643
epoch 34/200 loss 2.7649 train 0.2682 test 0.0667
epoch 35/200 loss 2.7396 train 0.2917 test 0.0667
epoch 36/200 loss 2.6872 train 0.3099 test 0.0717
epoch 37/200 loss 2.6212 train 0.3464 test 0.0724
epoch 38/200 loss 2.5916 train 0.3203 test 0.0712
epoch 39/200 loss 2.5087 train 0.3568 test 0.0660
epoch 40/200 loss 2.4961 train 0.3724 test 0.0695
epoch 41/200 loss 2.4477 train 0.3438 test 0.0789
epoch 42/200 loss 2.3793 train 0.3724 test 0.0777
epoch 43/200 loss 2.4033 train 0.3177 test 0.0748
epoch 44/200 loss 2.2462 train 0.3880 test 0.0727
epoch 45/200 loss 2.2689 train 0.3880 test 0.0702
epoch 46/200 loss 2.2223 train 0.4245 test 0.0720
epoch 47/200 loss 2.1384 train 0.4297 test 0.0777
epoch 48/200 loss 2.1087 train 0.4375 test 0.0767
epoch 49/200 loss 2.0060 train 0.4818 test 0.0721
epoch 50/200 loss 1.9339 train 0.4948 test 0.0807
epoch 51/200 loss 1.9535 train 0.4896 test 0.0768
epoch 52/200 loss 1.9059 train 0.4740 test 0.0722
epoch 53/200 loss 1.8423 train 0.5104 test 0.0750
epoch 54/200 loss 1.8365 train 0.4818 test 0.0841
epoch 55/200 loss 1.6835 train 0.5651 test 0.0850
epoch 56/200 loss 1.6953 train 0.5547 test 0.0816
epoch 57/200 loss 1.6256 train 0.5729 test 0.0730
epoch 58/200 loss 1.5990 train 0.5938 test 0.0768
epoch 59/200 loss 1.5629 train 0.5729 test 0.0825
epoch 60/200 loss 1.4961 train 0.5781 test 0.0788
epoch 61/200 loss 1.4766 train 0.6120 test 0.0769
epoch 62/200 loss 1.3499 train 0.6432 test 0.0817
epoch 63/200 loss 1.3478 train 0.6484 test 0.0763
epoch 64/200 loss 1.2881 train 0.6797 test 0.0848
epoch 65/200 loss 1.2805 train 0.6771 test 0.0895
epoch 66/200 loss 1.2300 train 0.6979 test 0.0870
epoch 67/200 loss 1.2454 train 0.6797 test 0.0867
epoch 68/200 loss 1.0625 train 0.7578 test 0.0821
epoch 69/200 loss 1.1656 train 0.7292 test 0.0802
epoch 70/200 loss 1.0574 train 0.7448 test 0.0889
epoch 71/200 loss 0.9380 train 0.7682 test 0.0902
epoch 72/200 loss 0.9206 train 0.7812 test 0.0816
epoch 73/200 loss 0.8832 train 0.8151 test 0.0862
epoch 74/200 loss 0.8573 train 0.7917 test 0.0938
epoch 75/200 loss 0.7806 train 0.8307 test 0.0899
epoch 76/200 loss 0.7939 train 0.8307 test 0.0893
epoch 77/200 loss 0.7323 train 0.8724 test 0.0868
epoch 78/200 loss 0.6789 train 0.8594 test 0.0920
epoch 79/200 loss 0.6265 train 0.8906 test 0.0872
epoch 80/200 loss 0.6184 train 0.8646 test 0.0935
epoch 81/200 loss 0.5375 train 0.9010 test 0.0949
epoch 82/200 loss 0.5358 train 0.9089 test 0.0910
epoch 83/200 loss 0.5279 train 0.9036 test 0.0918
epoch 84/200 loss 0.4960 train 0.9271 test 0.0932
epoch 85/200 loss 0.4703 train 0.9245 test 0.0875
epoch 86/200 loss 0.4156 train 0.9583 test 0.0835
epoch 87/200 loss 0.4562 train 0.9349 test 0.0894
epoch 88/200 loss 0.4194 train 0.9297 test 0.0878
epoch 89/200 loss 0.3628 train 0.9531 test 0.0888
epoch 90/200 loss 0.3294 train 0.9609 test 0.0963
epoch 91/200 loss 0.3258 train 0.9479 test 0.0920
epoch 92/200 loss 0.2943 train 0.9766 test 0.0918
epoch 93/200 loss 0.2805 train 0.9609 test 0.0933
epoch 94/200 loss 0.2367 train 0.9792 test 0.0948
epoch 95/200 loss 0.2318 train 0.9818 test 0.0941
epoch 96/200 loss 0.2091 train 0.9844 test 0.0953
epoch 97/200 loss 0.2209 train 0.9740 test 0.0958
epoch 98/200 loss 0.1732 train 0.9974 test 0.0928
epoch 99/200 loss 0.1912 train 0.9870 test 0.0962
epoch 100/200 loss 0.1541 train 1.0000 test 0.0934
epoch 101/200 loss 0.1752 train 0.9844 test 0.0886
epoch 102/200 loss 0.1550 train 0.9948 test 0.0935
epoch 103/200 loss 0.1356 train 0.9922 test 0.0952
epoch 104/200 loss 0.1377 train 0.9922 test 0.0940
epoch 105/200 loss 0.1228 train 0.9948 test 0.0958
epoch 106/200 loss 0.1446 train 0.9922 test 0.0953
epoch 107/200 loss 0.1101 train 1.0000 test 0.0963
epoch 108/200 loss 0.1147 train 0.9948 test 0.0984
epoch 109/200 loss 0.1116 train 0.9974 test 0.1010
epoch 110/200 loss 0.0934 train 0.9974 test 0.0998
epoch 111/200 loss 0.0888 train 1.0000 test 0.0962
epoch 112/200 loss 0.0902 train 1.0000 test 0.0992
epoch 113/200 loss 0.0840 train 1.0000 test 0.0983
epoch 114/200 loss 0.0911 train 0.9948 test 0.0997
epoch 115/200 loss 0.0712 train 0.9974 test 0.0987
epoch 116/200 loss 0.0649 train 1.0000 test 0.0988
epoch 117/200 loss 0.0715 train 1.0000 test 0.1000
epoch 118/200 loss 0.0637 train 1.0000 test 0.0991
epoch 119/200 loss 0.0637 train 0.9922 test 0.0996
epoch 120/200 loss 0.0550 train 1.0000 test 0.0991
epoch 121/200 loss 0.0628 train 0.9974 test 0.0986
epoch 122/200 loss 0.0579 train 1.0000 test 0.0973
epoch 123/200 loss 0.0494 train 1.0000 test 0.0977
epoch 124/200 loss 0.0557 train 0.9974 test 0.0998
epoch 125/200 loss 0.0539 train 1.0000 test 0.1009
epoch 126/200 loss 0.0557 train 1.0000 test 0.0998
epoch 127/200 loss 0.0464 train 1.0000 test 0.1008
epoch 128/200 loss 0.0520 train 1.0000 test 0.1003
epoch 129/200 loss 0.0403 train 1.0000 test 0.0998
epoch 130/200 loss 0.0423 train 1.0000 test 0.0994
epoch 131/200 loss 0.0431 train 1.0000 test 0.0997
epoch 132/200 loss 0.0412 train 1.0000 test 0.0996
epoch 133/200 loss 0.0424 train 1.0000 test 0.1009
epoch 134/200 loss 0.0383 train 1.0000 test 0.1006
epoch 135/200 loss 0.0395 train 1.0000 test 0.1006
epoch 136/200 loss 0.0358 train 1.0000 test 0.0999
epoch 137/200 loss 0.0351 train 1.0000 test 0.0999
epoch 138/200 loss 0.0355 train 1.0000 test 0.1002
epoch 139/200 loss 0.0354 train 1.0000 test 0.1005
epoch 140/200 loss 0.0340 train 1.0000 test 0.0997
epoch 141/200 loss 0.0406 train 1.0000 test 0.0996
epoch 142/200 loss 0.0328 train 1.0000 test 0.1000
epoch 143/200 loss 0.0319 train 1.0000 test 0.1000
epoch 144/200 loss 0.0321 train 1.0000 test 0.0995
epoch 145/200 loss 0.0330 train 1.0000 test 0.1013
epoch 146/200 loss 0.0358 train 1.0000 test 0.1024
epoch 147/200 loss 0.0280 train 1.0000 test 0.1022
epoch 148/200 loss 0.0307 train 1.0000 test 0.1017
epoch 149/200 loss 0.0353 train 1.0000 test 0.1017
epoch 150/200 loss 0.0295 train 1.0000 test 0.0999
epoch 151/200 loss 0.0315 train 1.0000 test 0.1005
epoch 152/200 loss 0.0268 train 1.0000 test 0.1016
epoch 153/200 loss 0.0323 train 1.0000 test 0.1007
epoch 154/200 loss 0.0318 train 1.0000 test 0.0999
epoch 155/200 loss 0.0346 train 1.0000 test 0.0993
epoch 156/200 loss 0.0297 train 1.0000 test 0.0995
epoch 157/200 loss 0.0364 train 1.0000 test 0.1001
epoch 158/200 loss 0.0277 train 1.0000 test 0.1005
epoch 159/200 loss 0.0298 train 1.0000 test 0.0993
epoch 160/200 loss 0.0297 train 1.0000 test 0.0998
epoch 161/200 loss 0.0275 train 1.0000 test 0.0992
epoch 162/200 loss 0.0362 train 0.9974 test 0.0999
epoch 163/200 loss 0.0260 train 1.0000 test 0.0983
epoch 164/200 loss 0.0331 train 1.0000 test 0.0985
epoch 165/200 loss 0.0289 train 1.0000 test 0.0995
epoch 166/200 loss 0.0281 train 1.0000 test 0.0992
epoch 167/200 loss 0.0377 train 1.0000 test 0.0995
epoch 168/200 loss 0.0282 train 1.0000 test 0.1000
epoch 169/200 loss 0.0298 train 1.0000 test 0.1006
epoch 170/200 loss 0.0254 train 1.0000 test 0.1002
epoch 171/200 loss 0.0327 train 1.0000 test 0.1005
epoch 172/200 loss 0.0300 train 1.0000 test 0.1010
epoch 173/200 loss 0.0237 train 1.0000 test 0.1014
epoch 174/200 loss 0.0312 train 1.0000 test 0.1013
epoch 175/200 loss 0.0239 train 1.0000 test 0.1011
epoch 176/200 loss 0.0292 train 1.0000 test 0.1008
epoch 177/200 loss 0.0272 train 1.0000 test 0.1008
epoch 178/200 loss 0.0283 train 1.0000 test 0.1013
epoch 179/200 loss 0.0272 train 1.0000 test 0.1017
epoch 180/200 loss 0.0260 train 1.0000 test 0.1012
epoch 181/200 loss 0.0294 train 1.0000 test 0.1011
epoch 182/200 loss 0.0242 train 1.0000 test 0.1010
epoch 183/200 loss 0.0302 train 1.0000 test 0.1010
epoch 184/200 loss 0.0267 train 1.0000 test 0.1016
epoch 185/200 loss 0.0283 train 1.0000 test 0.1020
epoch 186/200 loss 0.0259 train 1.0000 test 0.1010
epoch 187/200 loss 0.0220 train 1.0000 test 0.1014
epoch 188/200 loss 0.0288 train 1.0000 test 0.1008
epoch 189/200 loss 0.0243 train 1.0000 test 0.1011
epoch 190/200 loss 0.0307 train 1.0000 test 0.1014
epoch 191/200 loss 0.0283 train 1.0000 test 0.1013
epoch 192/200 loss 0.0251 train 1.0000 test 0.1013
epoch 193/200 loss 0.0269 train 1.0000 test 0.1018
epoch 194/200 loss 0.0239 train 1.0000 test 0.1013
epoch 195/200 loss 0.0327 train 1.0000 test 0.1014
epoch 196/200 loss 0.0248 train 1.0000 test 0.1017
epoch 197/200 loss 0.0274 train 1.0000 test 0.1016
epoch 198/200 loss 0.0253 train 1.0000 test 0.1015
epoch 199/200 loss 0.0261 train 1.0000 test 0.1008
epoch 200/200 loss 0.0231 train 1.0000 test 0.1012
done: final 0.1012 best 0.1024 -> ./runs/abl1_cat_calib/seed2
=== abl1_learned seed 0 ===
[abl1_learned seed0] {"params_trainable": 11240517, "params_stem_trainable": 6561, "params_stem_fixed_filters": 0, "flops_total": 577580032, "flops_stem": 6718464, "flops_image_size": 32}
epoch 1/200 loss 4.6528 train 0.0052 test 0.0100
epoch 2/200 loss 4.5608 train 0.0208 test 0.0177
epoch 3/200 loss 4.4933 train 0.0182 test 0.0207
epoch 4/200 loss 4.3827 train 0.0391 test 0.0206
epoch 5/200 loss 4.2698 train 0.0365 test 0.0227
epoch 6/200 loss 4.1428 train 0.0443 test 0.0276
epoch 7/200 loss 4.0437 train 0.0677 test 0.0385
epoch 8/200 loss 3.9812 train 0.0729 test 0.0379
epoch 9/200 loss 3.9048 train 0.0911 test 0.0437
epoch 10/200 loss 3.7813 train 0.0938 test 0.0380
epoch 11/200 loss 3.7089 train 0.0990 test 0.0446
epoch 12/200 loss 3.6835 train 0.1146 test 0.0449
epoch 13/200 loss 3.5451 train 0.1328 test 0.0434
epoch 14/200 loss 3.5382 train 0.1641 test 0.0535
epoch 15/200 loss 3.4378 train 0.1589 test 0.0509
epoch 16/200 loss 3.4471 train 0.1380 test 0.0514
epoch 17/200 loss 3.3422 train 0.1797 test 0.0453
epoch 18/200 loss 3.2017 train 0.2057 test 0.0514
epoch 19/200 loss 3.2128 train 0.2109 test 0.0556
epoch 20/200 loss 3.1195 train 0.2188 test 0.0525
epoch 21/200 loss 3.0894 train 0.2161 test 0.0518
epoch 22/200 loss 3.0510 train 0.2214 test 0.0509
epoch 23/200 loss 2.9933 train 0.2109 test 0.0540
epoch 24/200 loss 2.9367 train 0.2292 test 0.0613
epoch 25/200 loss 2.8462 train 0.2552 test 0.0640
epoch 26/200 loss 2.8261 train 0.2578 test 0.0634
epoch 27/200 loss 2.7586 train 0.3099 test 0.0585
epoch 28/200 loss 2.7421 train 0.2786 test 0.0625
epoch 29/200 loss 2.7049 train 0.2734 test 0.0678
epoch 30/200 loss 2.6245 train 0.2995 test 0.0609
epoch 31/200 loss 2.6311 train 0.3073 test 0.0632
epoch 32/200 loss 2.6265 train 0.2943 test 0.0589
epoch 33/200 loss 2.5206 train 0.3125 test 0.0560
epoch 34/200 loss 2.5075 train 0.3490 test 0.0606
epoch 35/200 loss 2.4750 train 0.3516 test 0.0628
epoch 36/200 loss 2.3884 train 0.4010 test 0.0646
epoch 37/200 loss 2.3182 train 0.4062 test 0.0685
epoch 38/200 loss 2.3584 train 0.3776 test 0.0709
epoch 39/200 loss 2.2871 train 0.4089 test 0.0615
epoch 40/200 loss 2.1590 train 0.4089 test 0.0618
epoch 41/200 loss 2.1655 train 0.4427 test 0.0628
epoch 42/200 loss 2.1493 train 0.4193 test 0.0642
epoch 43/200 loss 2.0268 train 0.4427 test 0.0644
epoch 44/200 loss 2.0901 train 0.4427 test 0.0595
epoch 45/200 loss 2.0741 train 0.4323 test 0.0690
epoch 46/200 loss 1.9152 train 0.5078 test 0.0674
epoch 47/200 loss 1.9091 train 0.5234 test 0.0658
epoch 48/200 loss 1.9098 train 0.4922 test 0.0644
epoch 49/200 loss 1.8219 train 0.5182 test 0.0639
epoch 50/200 loss 1.6965 train 0.5781 test 0.0680
epoch 51/200 loss 1.7394 train 0.5417 test 0.0650
epoch 52/200 loss 1.7099 train 0.5365 test 0.0703
epoch 53/200 loss 1.6441 train 0.5547 test 0.0720
epoch 54/200 loss 1.6006 train 0.5781 test 0.0659
epoch 55/200 loss 1.5841 train 0.5990 test 0.0641
epoch 56/200 loss 1.6311 train 0.5729 test 0.0628
epoch 57/200 loss 1.4764 train 0.6328 test 0.0733
epoch 58/200 loss 1.4782 train 0.6120 test 0.0617
epoch 59/200 loss 1.3332 train 0.6693 test 0.0703
epoch 60/200 loss 1.3181 train 0.6771 test 0.0619
epoch 61/200 loss 1.2250 train 0.7135 test 0.0649
epoch 62/200 loss 1.1710 train 0.7161 test 0.0639
epoch 63/200 loss 1.1842 train 0.7240 test 0.0699
epoch 64/200 loss 1.0918 train 0.7760 test 0.0731
epoch 65/200 loss 1.0369 train 0.7708 test 0.0727
epoch 66/200 loss 1.1458 train 0.6927 test 0.0702
epoch 67/200 loss 1.0212 train 0.7396 test 0.0690
epoch 68/200 loss 1.0589 train 0.7109 test 0.0710
epoch 69/200 loss 1.0226 train 0.7604 test 0.0733
epoch 70/200 loss 0.9563 train 0.7656 test 0.0736
epoch 71/200 loss 0.8415 train 0.8099 test 0.0735
epoch 72/200 loss 0.8556 train 0.8073 test 0.0737
epoch 73/200 loss 0.8163 train 0.8359 test 0.0677
epoch 74/200 loss 0.8114 train 0.8229 test 0.0755
epoch 75/200 loss 0.8030 train 0.8203 test 0.0726
epoch 76/200 loss 0.7846 train 0.8177 test 0.0760
epoch 77/200 loss 0.7448 train 0.8255 test 0.0776
epoch 78/200 loss 0.6806 train 0.8438 test 0.0698
epoch 79/200 loss 0.6305 train 0.8802 test 0.0735
epoch 80/200 loss 0.6187 train 0.8750 test 0.0763
epoch 81/200 loss 0.5795 train 0.8776 test 0.0734
epoch 82/200 loss 0.5907 train 0.8906 test 0.0694
epoch 83/200 loss 0.4743 train 0.9115 test 0.0674
epoch 84/200 loss 0.5389 train 0.8906 test 0.0651
epoch 85/200 loss 0.5164 train 0.9036 test 0.0748
epoch 86/200 loss 0.4576 train 0.9323 test 0.0747
epoch 87/200 loss 0.3937 train 0.9219 test 0.0744
epoch 88/200 loss 0.3806 train 0.9505 test 0.0759
epoch 89/200 loss 0.4111 train 0.9245 test 0.0742
epoch 90/200 loss 0.3556 train 0.9349 test 0.0700
epoch 91/200 loss 0.3078 train 0.9635 test 0.0658
epoch 92/200 loss 0.3957 train 0.9219 test 0.0750
epoch 93/200 loss 0.2832 train 0.9635 test 0.0777
epoch 94/200 loss 0.2961 train 0.9766 test 0.0787
epoch 95/200 loss 0.2495 train 0.9844 test 0.0769
epoch 96/200 loss 0.2577 train 0.9740 test 0.0706
epoch 97/200 loss 0.2506 train 0.9740 test 0.0750
epoch 98/200 loss 0.1979 train 0.9792 test 0.0754
epoch 99/200 loss 0.2171 train 0.9792 test 0.0754
epoch 100/200 loss 0.1748 train 0.9870 test 0.0791
epoch 101/200 loss 0.1782 train 0.9870 test 0.0762
epoch 102/200 loss 0.1416 train 0.9974 test 0.0794
epoch 103/200 loss 0.1453 train 0.9922 test 0.0772
epoch 104/200 loss 0.1290 train 0.9948 test 0.0762
epoch 105/200 loss 0.1184 train 0.9974 test 0.0757
epoch 106/200 loss 0.0957 train 1.0000 test 0.0763
epoch 107/200 loss 0.0993 train 1.0000 test 0.0775
epoch 108/200 loss 0.1193 train 0.9948 test 0.0770
epoch 109/200 loss 0.1013 train 1.0000 test 0.0790
epoch 110/200 loss 0.0821 train 0.9974 test 0.0785
epoch 111/200 loss 0.0839 train 1.0000 test 0.0772
epoch 112/200 loss 0.0784 train 0.9974 test 0.0783
epoch 113/200 loss 0.0668 train 0.9974 test 0.0803
epoch 114/200 loss 0.0731 train 0.9948 test 0.0814
epoch 115/200 loss 0.0857 train 0.9974 test 0.0797
epoch 116/200 loss 0.0608 train 1.0000 test 0.0799
epoch 117/200 loss 0.0819 train 0.9922 test 0.0785
epoch 118/200 loss 0.0664 train 1.0000 test 0.0777
epoch 119/200 loss 0.0682 train 0.9948 test 0.0818
epoch 120/200 loss 0.0735 train 0.9974 test 0.0825
epoch 121/200 loss 0.0566 train 1.0000 test 0.0813
epoch 122/200 loss 0.0510 train 1.0000 test 0.0804
epoch 123/200 loss 0.0610 train 1.0000 test 0.0780
epoch 124/200 loss 0.0672 train 1.0000 test 0.0791
epoch 125/200 loss 0.0438 train 1.0000 test 0.0791
epoch 126/200 loss 0.0462 train 1.0000 test 0.0799
epoch 127/200 loss 0.0451 train 1.0000 test 0.0791
epoch 128/200 loss 0.0536 train 0.9974 test 0.0784
epoch 129/200 loss 0.0420 train 1.0000 test 0.0782
epoch 130/200 loss 0.0451 train 1.0000 test 0.0792
epoch 131/200 loss 0.0369 train 1.0000 test 0.0813
epoch 132/200 loss 0.0418 train 1.0000 test 0.0821
epoch 133/200 loss 0.0399 train 1.0000 test 0.0839
epoch 134/200 loss 0.0416 train 1.0000 test 0.0821
epoch 135/200 loss 0.0402 train 1.0000 test 0.0801
epoch 136/200 loss 0.0437 train 1.0000 test 0.0806
epoch 137/200 loss 0.0316 train 1.0000 test 0.0802
epoch 138/200 loss 0.0409 train 1.0000 test 0.0815
epoch 139/200 loss 0.0425 train 1.0000 test 0.0821
epoch 140/200 loss 0.0407 train 1.0000 test 0.0823
epoch 141/200 loss 0.0332 train 1.0000 test 0.0802
epoch 142/200 loss 0.0414 train 1.0000 test 0.0816
epoch 143/200 loss 0.0417 train 1.0000 test 0.0815
epoch 144/200 loss 0.0408 train 0.9974 test 0.0808
epoch 145/200 loss 0.0431 train 1.0000 test 0.0804
epoch 146/200 loss 0.0360 train 1.0000 test 0.0803
epoch 147/200 loss 0.0322 train 1.0000 test 0.0804
epoch 148/200 loss 0.0324 train 1.0000 test 0.0806
epoch 149/200 loss 0.0317 train 1.0000 test 0.0816
epoch 150/200 loss 0.0314 train 1.0000 test 0.0809
epoch 151/200 loss 0.0364 train 1.0000 test 0.0802
epoch 152/200 loss 0.0458 train 1.0000 test 0.0798
epoch 153/200 loss 0.0300 train 1.0000 test 0.0804
epoch 154/200 loss 0.0301 train 1.0000 test 0.0802
epoch 155/200 loss 0.0316 train 1.0000 test 0.0795
epoch 156/200 loss 0.0315 train 1.0000 test 0.0804
epoch 157/200 loss 0.0281 train 1.0000 test 0.0809
epoch 158/200 loss 0.0315 train 1.0000 test 0.0809
epoch 159/200 loss 0.0301 train 1.0000 test 0.0821
epoch 160/200 loss 0.0288 train 1.0000 test 0.0813
epoch 161/200 loss 0.0265 train 1.0000 test 0.0811
epoch 162/200 loss 0.0265 train 1.0000 test 0.0814
epoch 163/200 loss 0.0327 train 1.0000 test 0.0816
epoch 164/200 loss 0.0281 train 1.0000 test 0.0818
epoch 165/200 loss 0.0283 train 1.0000 test 0.0814
epoch 166/200 loss 0.0316 train 1.0000 test 0.0813
epoch 167/200 loss 0.0293 train 1.0000 test 0.0811
epoch 168/200 loss 0.0255 train 1.0000 test 0.0805
epoch 169/200 loss 0.0270 train 1.0000 test 0.0807
epoch 170/200 loss 0.0298 train 1.0000 test 0.0810
epoch 171/200 loss 0.0239 train 1.0000 test 0.0812
epoch 172/200 loss 0.0259 train 1.0000 test 0.0805
epoch 173/200 loss 0.0290 train 1.0000 test 0.0803
epoch 174/200 loss 0.0267 train 1.0000 test 0.0802
epoch 175/200 loss 0.0294 train 1.0000 test 0.0804
epoch 176/200 loss 0.0329 train 1.0000 test 0.0804
epoch 177/200 loss 0.0255 train 1.0000 test 0.0811
epoch 178/200 loss 0.0290 train 1.0000 test 0.0813
epoch 179/200 loss 0.0249 train 1.0000 test 0.0808
epoch 180/200 loss 0.0327 train 1.0000 test 0.0803
epoch 181/200 loss 0.0270 train 1.0000 test 0.0801
epoch 182/200 loss 0.0237 train 1.0000 test 0.0809
epoch 183/200 loss 0.0302 train 1.0000 test 0.0805
epoch 184/200 loss 0.0293 train 1.0000 test 0.0806
epoch 185/200 loss 0.0317 train 1.0000 test 0.0804
epoch 186/200 loss 0.0410 train 1.0000 test 0.0805
epoch 187/200 loss 0.0303 train 1.0000 test 0.0800
epoch 188/200 loss 0.0270 train 1.0000 test 0.0797
epoch 189/200 loss 0.0339 train 1.0000 test 0.0804
epoch 190/200 loss 0.0256 train 1.0000 test 0.0808
epoch 191/200 loss 0.0263 train 1.0000 test 0.0815
epoch 192/200 loss 0.0262 train 1.0000 test 0.0810
epoch 193/200 loss 0.0273 train 1.0000 test 0.0809
epoch 194/200 loss 0.0277 train 1.0000 test 0.0803
epoch 195/200 loss 0.0253 train 1.0000 test 0.0802
epoch 196/200 loss 0.0320 train 1.0000 test 0.0804
epoch 197/200 loss 0.0312 train 1.0000 test 0.0810
epoch 198/200 loss 0.0306 train 1.0000 test 0.0800
epoch 199/200 loss 0.0300 train 1.0000 test 0.0801
epoch 200/200 loss 0.0262 train 1.0000 test 0.0803
done: final 0.0803 best 0.0839 -> ./runs/abl1_learned/seed0
=== abl1_learned seed 1 ===
[abl1_learned seed1] {"params_trainable": 11240517, "params_stem_trainable": 6561, "params_stem_fixed_filters": 0, "flops_total": 577580032, "flops_stem": 6718464, "flops_image_size": 32}
epoch 1/200 loss 4.6458 train 0.0234 test 0.0133
epoch 2/200 loss 4.5803 train 0.0234 test 0.0228
epoch 3/200 loss 4.4772 train 0.0182 test 0.0275
epoch 4/200 loss 4.3678 train 0.0391 test 0.0259
epoch 5/200 loss 4.2097 train 0.0625 test 0.0264
epoch 6/200 loss 4.1060 train 0.0651 test 0.0350
epoch 7/200 loss 3.9636 train 0.1042 test 0.0380
epoch 8/200 loss 3.8896 train 0.1016 test 0.0452
epoch 9/200 loss 3.8258 train 0.1094 test 0.0447
epoch 10/200 loss 3.6522 train 0.1432 test 0.0442
epoch 11/200 loss 3.6478 train 0.1198 test 0.0394
epoch 12/200 loss 3.5970 train 0.1094 test 0.0528
epoch 13/200 loss 3.4790 train 0.1328 test 0.0532
epoch 14/200 loss 3.3354 train 0.1641 test 0.0539
epoch 15/200 loss 3.2899 train 0.1901 test 0.0514
epoch 16/200 loss 3.2848 train 0.1823 test 0.0658
epoch 17/200 loss 3.2082 train 0.2031 test 0.0552
epoch 18/200 loss 3.1520 train 0.1875 test 0.0517
epoch 19/200 loss 3.0859 train 0.2005 test 0.0539
epoch 20/200 loss 3.0561 train 0.2552 test 0.0591
epoch 21/200 loss 3.0533 train 0.2109 test 0.0593
epoch 22/200 loss 2.9758 train 0.2396 test 0.0615
epoch 23/200 loss 2.9177 train 0.2500 test 0.0589
epoch 24/200 loss 2.8735 train 0.2552 test 0.0571
epoch 25/200 loss 2.8407 train 0.2760 test 0.0596
epoch 26/200 loss 2.7238 train 0.2760 test 0.0618
epoch 27/200 loss 2.7360 train 0.2630 test 0.0597
epoch 28/200 loss 2.6639 train 0.2969 test 0.0578
epoch 29/200 loss 2.6314 train 0.3073 test 0.0642
epoch 30/200 loss 2.6004 train 0.3021 test 0.0643
epoch 31/200 loss 2.5717 train 0.3177 test 0.0533
epoch 32/200 loss 2.5326 train 0.3281 test 0.0604
epoch 33/200 loss 2.3962 train 0.3828 test 0.0656
epoch 34/200 loss 2.4145 train 0.3411 test 0.0658
epoch 35/200 loss 2.3624 train 0.3724 test 0.0692
epoch 36/200 loss 2.3532 train 0.3698 test 0.0670
epoch 37/200 loss 2.2710 train 0.3802 test 0.0601
epoch 38/200 loss 2.2465 train 0.3984 test 0.0579
epoch 39/200 loss 2.1785 train 0.4141 test 0.0641
epoch 40/200 loss 2.2058 train 0.4062 test 0.0649
epoch 41/200 loss 2.1037 train 0.4479 test 0.0687
epoch 42/200 loss 2.1239 train 0.4193 test 0.0708
epoch 43/200 loss 2.0061 train 0.4948 test 0.0613
epoch 44/200 loss 2.0595 train 0.4427 test 0.0603
epoch 45/200 loss 1.9820 train 0.4583 test 0.0711
epoch 46/200 loss 1.9049 train 0.4740 test 0.0592
epoch 47/200 loss 1.9384 train 0.4740 test 0.0657
epoch 48/200 loss 1.8594 train 0.4870 test 0.0639
epoch 49/200 loss 1.7416 train 0.5573 test 0.0619
epoch 50/200 loss 1.7199 train 0.5469 test 0.0638
epoch 51/200 loss 1.7091 train 0.5365 test 0.0628
epoch 52/200 loss 1.7242 train 0.5312 test 0.0701
epoch 53/200 loss 1.5728 train 0.5938 test 0.0677
epoch 54/200 loss 1.5679 train 0.5938 test 0.0717
epoch 55/200 loss 1.5027 train 0.5964 test 0.0712
epoch 56/200 loss 1.4383 train 0.6458 test 0.0690
epoch 57/200 loss 1.3761 train 0.6432 test 0.0691
epoch 58/200 loss 1.3971 train 0.6224 test 0.0707
epoch 59/200 loss 1.3176 train 0.6615 test 0.0690
epoch 60/200 loss 1.3161 train 0.6693 test 0.0681
epoch 61/200 loss 1.2110 train 0.7031 test 0.0730
epoch 62/200 loss 1.2348 train 0.6667 test 0.0701
epoch 63/200 loss 1.1878 train 0.6901 test 0.0643
epoch 64/200 loss 1.1349 train 0.7109 test 0.0705
epoch 65/200 loss 1.0298 train 0.7526 test 0.0686
epoch 66/200 loss 0.9982 train 0.7448 test 0.0667
epoch 67/200 loss 1.0786 train 0.7240 test 0.0711
epoch 68/200 loss 0.9243 train 0.7760 test 0.0715
epoch 69/200 loss 0.8392 train 0.8151 test 0.0706
epoch 70/200 loss 0.9282 train 0.7786 test 0.0655
epoch 71/200 loss 0.8334 train 0.8359 test 0.0663
epoch 72/200 loss 0.7512 train 0.8438 test 0.0711
epoch 73/200 loss 0.7304 train 0.8542 test 0.0759
epoch 74/200 loss 0.7388 train 0.8307 test 0.0742
epoch 75/200 loss 0.6081 train 0.8672 test 0.0764
epoch 76/200 loss 0.6644 train 0.8724 test 0.0754
epoch 77/200 loss 0.5776 train 0.9010 test 0.0781
epoch 78/200 loss 0.5656 train 0.9010 test 0.0731
epoch 79/200 loss 0.5972 train 0.8698 test 0.0723
epoch 80/200 loss 0.5549 train 0.8828 test 0.0735
epoch 81/200 loss 0.5597 train 0.8880 test 0.0730
epoch 82/200 loss 0.4795 train 0.9245 test 0.0710
epoch 83/200 loss 0.4679 train 0.9193 test 0.0747
epoch 84/200 loss 0.4055 train 0.9245 test 0.0769
epoch 85/200 loss 0.3381 train 0.9505 test 0.0766
epoch 86/200 loss 0.3389 train 0.9557 test 0.0757
epoch 87/200 loss 0.3447 train 0.9505 test 0.0784
epoch 88/200 loss 0.2921 train 0.9583 test 0.0761
epoch 89/200 loss 0.2771 train 0.9688 test 0.0748
epoch 90/200 loss 0.2912 train 0.9583 test 0.0738
epoch 91/200 loss 0.2239 train 0.9792 test 0.0732
epoch 92/200 loss 0.2720 train 0.9661 test 0.0722
epoch 93/200 loss 0.2376 train 0.9714 test 0.0756
epoch 94/200 loss 0.2026 train 0.9740 test 0.0763
epoch 95/200 loss 0.2202 train 0.9714 test 0.0797
epoch 96/200 loss 0.1772 train 0.9844 test 0.0799
epoch 97/200 loss 0.1841 train 0.9844 test 0.0805
epoch 98/200 loss 0.1674 train 0.9896 test 0.0767
epoch 99/200 loss 0.1370 train 0.9922 test 0.0730
epoch 100/200 loss 0.1346 train 0.9896 test 0.0786
epoch 101/200 loss 0.1516 train 0.9922 test 0.0771
epoch 102/200 loss 0.1257 train 0.9896 test 0.0756
epoch 103/200 loss 0.1428 train 0.9948 test 0.0775
epoch 104/200 loss 0.1030 train 0.9974 test 0.0761
epoch 105/200 loss 0.1212 train 1.0000 test 0.0779
epoch 106/200 loss 0.0852 train 0.9974 test 0.0822
epoch 107/200 loss 0.1293 train 0.9870 test 0.0814
epoch 108/200 loss 0.0987 train 1.0000 test 0.0779
epoch 109/200 loss 0.1052 train 0.9922 test 0.0771
epoch 110/200 loss 0.0863 train 1.0000 test 0.0758
epoch 111/200 loss 0.1025 train 0.9948 test 0.0775
epoch 112/200 loss 0.0785 train 0.9974 test 0.0812
epoch 113/200 loss 0.0825 train 0.9974 test 0.0813
epoch 114/200 loss 0.0814 train 1.0000 test 0.0794
epoch 115/200 loss 0.1019 train 0.9948 test 0.0784
epoch 116/200 loss 0.0734 train 0.9974 test 0.0779
epoch 117/200 loss 0.1021 train 0.9922 test 0.0774
epoch 118/200 loss 0.1057 train 0.9870 test 0.0781
epoch 119/200 loss 0.0837 train 0.9896 test 0.0783
epoch 120/200 loss 0.0763 train 0.9974 test 0.0794
epoch 121/200 loss 0.0807 train 0.9974 test 0.0795
epoch 122/200 loss 0.0816 train 0.9948 test 0.0808
epoch 123/200 loss 0.0630 train 0.9974 test 0.0776
epoch 124/200 loss 0.0512 train 1.0000 test 0.0750
epoch 125/200 loss 0.0961 train 0.9922 test 0.0779
epoch 126/200 loss 0.0491 train 1.0000 test 0.0758
epoch 127/200 loss 0.0536 train 1.0000 test 0.0784
epoch 128/200 loss 0.0596 train 0.9974 test 0.0796
epoch 129/200 loss 0.0525 train 0.9974 test 0.0796
epoch 130/200 loss 0.0491 train 0.9974 test 0.0796
epoch 131/200 loss 0.0450 train 1.0000 test 0.0798
epoch 132/200 loss 0.0450 train 1.0000 test 0.0806
epoch 133/200 loss 0.0471 train 1.0000 test 0.0805
epoch 134/200 loss 0.0387 train 1.0000 test 0.0799
epoch 135/200 loss 0.0345 train 1.0000 test 0.0804
epoch 136/200 loss 0.0371 train 1.0000 test 0.0790
epoch 137/200 loss 0.0367 train 1.0000 test 0.0796
epoch 138/200 loss 0.0283 train 1.0000 test 0.0805
epoch 139/200 loss 0.0365 train 1.0000 test 0.0809
epoch 140/200 loss 0.0359 train 1.0000 test 0.0790
epoch 141/200 loss 0.0326 train 1.0000 test 0.0791
epoch 142/200 loss 0.0341 train 1.0000 test 0.0785
epoch 143/200 loss 0.0381 train 1.0000 test 0.0793
epoch 144/200 loss 0.0305 train 1.0000 test 0.0787
epoch 145/200 loss 0.0311 train 1.0000 test 0.0781
epoch 146/200 loss 0.0389 train 0.9974 test 0.0782
epoch 147/200 loss 0.0296 train 1.0000 test 0.0782
epoch 148/200 loss 0.0302 train 1.0000 test 0.0781
epoch 149/200 loss 0.0339 train 1.0000 test 0.0786
epoch 150/200 loss 0.0341 train 1.0000 test 0.0787
epoch 151/200 loss 0.0273 train 1.0000 test 0.0791
epoch 152/200 loss 0.0305 train 1.0000 test 0.0793
epoch 153/200 loss 0.0287 train 1.0000 test 0.0794
epoch 154/200 loss 0.0292 train 1.0000 test 0.0797
epoch 155/200 loss 0.0272 train 1.0000 test 0.0794
epoch 156/200 loss 0.0288 train 1.0000 test 0.0795
epoch 157/200 loss 0.0263 train 1.0000 test 0.0793
epoch 158/200 loss 0.0249 train 1.0000 test 0.0792
epoch 159/200 loss 0.0297 train 1.0000 test 0.0801
epoch 160/200 loss 0.0241 train 1.0000 test 0.0794
epoch 161/200 loss 0.0249 train 1.0000 test 0.0788
epoch 162/200 loss 0.0255 train 1.0000 test 0.0777
epoch 163/200 loss 0.0229 train 1.0000 test 0.0789
epoch 164/200 loss 0.0286 train 1.0000 test 0.0788
epoch 165/200 loss 0.0387 train 1.0000 test 0.0791
epoch 166/200 loss 0.0272 train 1.0000 test 0.0788
epoch 167/200 loss 0.0237 train 1.0000 test 0.0794
epoch 168/200 loss 0.0400 train 1.0000 test 0.0793
epoch 169/200 loss 0.0234 train 1.0000 test 0.0796
epoch 170/200 loss 0.0261 train 1.0000 test 0.0802
epoch 171/200 loss 0.0314 train 1.0000 test 0.0800
epoch 172/200 loss 0.0240 train 1.0000 test 0.0813
epoch 173/200 loss 0.0263 train 1.0000 test 0.0804
epoch 174/200 loss 0.0313 train 1.0000 test 0.0798
epoch 175/200 loss 0.0209 train 1.0000 test 0.0794
epoch 176/200 loss 0.0258 train 1.0000 test 0.0805
epoch 177/200 loss 0.0260 train 1.0000 test 0.0808
epoch 178/200 loss 0.0233 train 1.0000 test 0.0794
epoch 179/200 loss 0.0243 train 1.0000 test 0.0796
epoch 180/200 loss 0.0263 train 1.0000 test 0.0796
epoch 181/200 loss 0.0251 train 1.0000 test 0.0793
epoch 182/200 loss 0.0262 train 1.0000 test 0.0796
epoch 183/200 loss 0.0217 train 1.0000 test 0.0787
epoch 184/200 loss 0.0232 train 1.0000 test 0.0788
epoch 185/200 loss 0.0215 train 1.0000 test 0.0791
epoch 186/200 loss 0.0283 train 1.0000 test 0.0796
epoch 187/200 loss 0.0199 train 1.0000 test 0.0800
epoch 188/200 loss 0.0241 train 1.0000 test 0.0793
epoch 189/200 loss 0.0253 train 1.0000 test 0.0791
epoch 190/200 loss 0.0239 train 1.0000 test 0.0790
epoch 191/200 loss 0.0340 train 1.0000 test 0.0795
epoch 192/200 loss 0.0273 train 1.0000 test 0.0798
epoch 193/200 loss 0.0223 train 1.0000 test 0.0792
epoch 194/200 loss 0.0297 train 1.0000 test 0.0795
epoch 195/200 loss 0.0225 train 1.0000 test 0.0796
epoch 196/200 loss 0.0240 train 1.0000 test 0.0793
epoch 197/200 loss 0.0229 train 1.0000 test 0.0790
epoch 198/200 loss 0.0247 train 1.0000 test 0.0794
epoch 199/200 loss 0.0234 train 1.0000 test 0.0794
epoch 200/200 loss 0.0241 train 1.0000 test 0.0790
done: final 0.0790 best 0.0822 -> ./runs/abl1_learned/seed1
=== abl1_learned seed 2 ===
[abl1_learned seed2] {"params_trainable": 11240517, "params_stem_trainable": 6561, "params_stem_fixed_filters": 0, "flops_total": 577580032, "flops_stem": 6718464, "flops_image_size": 32}
epoch 1/200 loss 4.6523 train 0.0078 test 0.0138
epoch 2/200 loss 4.5916 train 0.0130 test 0.0205
epoch 3/200 loss 4.4867 train 0.0286 test 0.0218
epoch 4/200 loss 4.3562 train 0.0599 test 0.0241
epoch 5/200 loss 4.2811 train 0.0286 test 0.0233
epoch 6/200 loss 4.1146 train 0.0521 test 0.0263
epoch 7/200 loss 4.0819 train 0.0469 test 0.0302
epoch 8/200 loss 4.0047 train 0.0755 test 0.0277
epoch 9/200 loss 3.9468 train 0.0938 test 0.0275
epoch 10/200 loss 3.7895 train 0.1094 test 0.0395
epoch 11/200 loss 3.7615 train 0.1042 test 0.0442
epoch 12/200 loss 3.7307 train 0.1016 test 0.0436
epoch 13/200 loss 3.6505 train 0.1250 test 0.0451
epoch 14/200 loss 3.6025 train 0.1406 test 0.0462
epoch 15/200 loss 3.4810 train 0.1615 test 0.0469
epoch 16/200 loss 3.4560 train 0.1797 test 0.0513
epoch 17/200 loss 3.4038 train 0.1484 test 0.0495
epoch 18/200 loss 3.3021 train 0.1953 test 0.0560
epoch 19/200 loss 3.2671 train 0.1953 test 0.0565
epoch 20/200 loss 3.2897 train 0.1667 test 0.0529
epoch 21/200 loss 3.1489 train 0.2292 test 0.0549
epoch 22/200 loss 3.1325 train 0.2109 test 0.0520
epoch 23/200 loss 3.0843 train 0.2083 test 0.0591
epoch 24/200 loss 3.0172 train 0.2370 test 0.0611
epoch 25/200 loss 2.9542 train 0.2396 test 0.0647
epoch 26/200 loss 2.9558 train 0.2578 test 0.0661
epoch 27/200 loss 2.8802 train 0.2500 test 0.0602
epoch 28/200 loss 2.8460 train 0.2682 test 0.0642
epoch 29/200 loss 2.7962 train 0.2422 test 0.0627
epoch 30/200 loss 2.7382 train 0.2786 test 0.0665
epoch 31/200 loss 2.7331 train 0.2500 test 0.0662
epoch 32/200 loss 2.6411 train 0.2995 test 0.0657
epoch 33/200 loss 2.6046 train 0.3542 test 0.0618
epoch 34/200 loss 2.5517 train 0.3385 test 0.0634
epoch 35/200 loss 2.4981 train 0.3411 test 0.0589
epoch 36/200 loss 2.4130 train 0.3672 test 0.0662
epoch 37/200 loss 2.4180 train 0.3568 test 0.0686
epoch 38/200 loss 2.3490 train 0.3620 test 0.0675
epoch 39/200 loss 2.3056 train 0.3906 test 0.0601
epoch 40/200 loss 2.2740 train 0.4115 test 0.0698
epoch 41/200 loss 2.2863 train 0.3698 test 0.0669
epoch 42/200 loss 2.1854 train 0.3906 test 0.0698
epoch 43/200 loss 2.1669 train 0.4141 test 0.0678
epoch 44/200 loss 2.0867 train 0.4505 test 0.0607
epoch 45/200 loss 2.0225 train 0.4245 test 0.0686
epoch 46/200 loss 2.0618 train 0.4323 test 0.0665
epoch 47/200 loss 1.9323 train 0.4531 test 0.0666
epoch 48/200 loss 1.9582 train 0.4766 test 0.0613
epoch 49/200 loss 1.8415 train 0.5078 test 0.0624
epoch 50/200 loss 1.7438 train 0.5339 test 0.0656
epoch 51/200 loss 1.7822 train 0.5000 test 0.0697
epoch 52/200 loss 1.6876 train 0.5651 test 0.0677
epoch 53/200 loss 1.6855 train 0.5625 test 0.0680
epoch 54/200 loss 1.7427 train 0.5286 test 0.0655
epoch 55/200 loss 1.5761 train 0.6120 test 0.0642
epoch 56/200 loss 1.5626 train 0.6042 test 0.0763
epoch 57/200 loss 1.5074 train 0.6198 test 0.0678
epoch 58/200 loss 1.4736 train 0.6302 test 0.0594
epoch 59/200 loss 1.4838 train 0.6094 test 0.0678
epoch 60/200 loss 1.3737 train 0.6536 test 0.0704
epoch 61/200 loss 1.3569 train 0.6458 test 0.0704
epoch 62/200 loss 1.3126 train 0.6536 test 0.0699
epoch 63/200 loss 1.2489 train 0.6745 test 0.0734
epoch 64/200 loss 1.1920 train 0.7031 test 0.0657
epoch 65/200 loss 1.1694 train 0.6771 test 0.0692
epoch 66/200 loss 1.1444 train 0.7214 test 0.0662
epoch 67/200 loss 1.1461 train 0.7031 test 0.0725
epoch 68/200 loss 0.9716 train 0.7760 test 0.0720
epoch 69/200 loss 1.1313 train 0.7109 test 0.0726
epoch 70/200 loss 0.9423 train 0.7812 test 0.0721
epoch 71/200 loss 0.8623 train 0.8281 test 0.0753
epoch 72/200 loss 0.8668 train 0.7891 test 0.0749
epoch 73/200 loss 0.7671 train 0.8255 test 0.0726
epoch 74/200 loss 0.7946 train 0.8385 test 0.0799
epoch 75/200 loss 0.7256 train 0.8359 test 0.0747
epoch 76/200 loss 0.6998 train 0.8646 test 0.0692
epoch 77/200 loss 0.6951 train 0.8646 test 0.0704
epoch 78/200 loss 0.6503 train 0.8672 test 0.0739
epoch 79/200 loss 0.6332 train 0.8594 test 0.0704
epoch 80/200 loss 0.6037 train 0.8750 test 0.0782
epoch 81/200 loss 0.5113 train 0.9062 test 0.0750
epoch 82/200 loss 0.5333 train 0.8828 test 0.0756
epoch 83/200 loss 0.4750 train 0.9167 test 0.0725
epoch 84/200 loss 0.4407 train 0.9271 test 0.0772
epoch 85/200 loss 0.4778 train 0.9167 test 0.0720
epoch 86/200 loss 0.4325 train 0.9193 test 0.0736
epoch 87/200 loss 0.4421 train 0.9245 test 0.0756
epoch 88/200 loss 0.4105 train 0.9297 test 0.0725
epoch 89/200 loss 0.3798 train 0.9427 test 0.0736
epoch 90/200 loss 0.3413 train 0.9557 test 0.0733
epoch 91/200 loss 0.3761 train 0.9453 test 0.0721
epoch 92/200 loss 0.3191 train 0.9453 test 0.0746
epoch 93/200 loss 0.3015 train 0.9635 test 0.0767
epoch 94/200 loss 0.2491 train 0.9766 test 0.0752
epoch 95/200 loss 0.2596 train 0.9688 test 0.0788
epoch 96/200 loss 0.2172 train 0.9844 test 0.0765
epoch 97/200 loss 0.2121 train 0.9818 test 0.0748
epoch 98/200 loss 0.1816 train 0.9870 test 0.0755
epoch 99/200 loss 0.1707 train 0.9818 test 0.0782
epoch 100/200 loss 0.1502 train 0.9896 test 0.0789
epoch 101/200 loss 0.1594 train 0.9948 test 0.0786
epoch 102/200 loss 0.1316 train 0.9974 test 0.0783
epoch 103/200 loss 0.1266 train 1.0000 test 0.0784
epoch 104/200 loss 0.1234 train 0.9922 test 0.0805
epoch 105/200 loss 0.1166 train 0.9948 test 0.0789
epoch 106/200 loss 0.1255 train 0.9922 test 0.0739
epoch 107/200 loss 0.1178 train 0.9948 test 0.0754
epoch 108/200 loss 0.1163 train 0.9974 test 0.0778
epoch 109/200 loss 0.0985 train 0.9974 test 0.0797
epoch 110/200 loss 0.0961 train 0.9974 test 0.0820
epoch 111/200 loss 0.0912 train 0.9974 test 0.0779
epoch 112/200 loss 0.0810 train 0.9974 test 0.0760
epoch 113/200 loss 0.0783 train 1.0000 test 0.0748
epoch 114/200 loss 0.0836 train 0.9974 test 0.0784
epoch 115/200 loss 0.0762 train 0.9974 test 0.0820
epoch 116/200 loss 0.0738 train 0.9974 test 0.0833
epoch 117/200 loss 0.0797 train 0.9974 test 0.0837
epoch 118/200 loss 0.0597 train 0.9974 test 0.0817
epoch 119/200 loss 0.0637 train 0.9948 test 0.0802
epoch 120/200 loss 0.0615 train 0.9974 test 0.0776
epoch 121/200 loss 0.0655 train 1.0000 test 0.0808
epoch 122/200 loss 0.0591 train 1.0000 test 0.0806
epoch 123/200 loss 0.0495 train 1.0000 test 0.0816
epoch 124/200 loss 0.0602 train 1.0000 test 0.0800
epoch 125/200 loss 0.0548 train 1.0000 test 0.0801
epoch 126/200 loss 0.0586 train 0.9974 test 0.0802
epoch 127/200 loss 0.0432 train 1.0000 test 0.0828
epoch 128/200 loss 0.0487 train 1.0000 test 0.0816
epoch 129/200 loss 0.0409 train 1.0000 test 0.0798
epoch 130/200 loss 0.0535 train 1.0000 test 0.0807
epoch 131/200 loss 0.0435 train 1.0000 test 0.0811
epoch 132/200 loss 0.0423 train 1.0000 test 0.0804
epoch 133/200 loss 0.0492 train 1.0000 test 0.0805
epoch 134/200 loss 0.0365 train 1.0000 test 0.0796
epoch 135/200 loss 0.0420 train 1.0000 test 0.0789
epoch 136/200 loss 0.0360 train 1.0000 test 0.0786
epoch 137/200 loss 0.0368 train 1.0000 test 0.0798
epoch 138/200 loss 0.0439 train 1.0000 test 0.0799
epoch 139/200 loss 0.0330 train 1.0000 test 0.0802
epoch 140/200 loss 0.0325 train 1.0000 test 0.0801
epoch 141/200 loss 0.0456 train 1.0000 test 0.0817
epoch 142/200 loss 0.0321 train 1.0000 test 0.0819
epoch 143/200 loss 0.0349 train 1.0000 test 0.0828
epoch 144/200 loss 0.0346 train 1.0000 test 0.0836
epoch 145/200 loss 0.0353 train 1.0000 test 0.0830
epoch 146/200 loss 0.0348 train 1.0000 test 0.0826
epoch 147/200 loss 0.0343 train 1.0000 test 0.0816
epoch 148/200 loss 0.0307 train 1.0000 test 0.0811
epoch 149/200 loss 0.0407 train 1.0000 test 0.0815
epoch 150/200 loss 0.0327 train 1.0000 test 0.0822
epoch 151/200 loss 0.0324 train 1.0000 test 0.0823
epoch 152/200 loss 0.0267 train 1.0000 test 0.0826
epoch 153/200 loss 0.0356 train 1.0000 test 0.0814
epoch 154/200 loss 0.0325 train 1.0000 test 0.0805
epoch 155/200 loss 0.0346 train 1.0000 test 0.0788
epoch 156/200 loss 0.0333 train 1.0000 test 0.0802
epoch 157/200 loss 0.0374 train 1.0000 test 0.0808
epoch 158/200 loss 0.0283 train 1.0000 test 0.0817
epoch 159/200 loss 0.0317 train 1.0000 test 0.0811
epoch 160/200 loss 0.0307 train 1.0000 test 0.0808
epoch 161/200 loss 0.0337 train 1.0000 test 0.0816
epoch 162/200 loss 0.0390 train 1.0000 test 0.0809
epoch 163/200 loss 0.0280 train 1.0000 test 0.0812
epoch 164/200 loss 0.0347 train 1.0000 test 0.0816
epoch 165/200 loss 0.0295 train 1.0000 test 0.0811
epoch 166/200 loss 0.0284 train 1.0000 test 0.0819
epoch 167/200 loss 0.0408 train 1.0000 test 0.0826
epoch 168/200 loss 0.0261 train 1.0000 test 0.0827
epoch 169/200 loss 0.0309 train 1.0000 test 0.0820
epoch 170/200 loss 0.0264 train 1.0000 test 0.0822
epoch 171/200 loss 0.0306 train 1.0000 test 0.0831
epoch 172/200 loss 0.0315 train 1.0000 test 0.0824
epoch 173/200 loss 0.0247 train 1.0000 test 0.0823
epoch 174/200 loss 0.0313 train 1.0000 test 0.0827
epoch 175/200 loss 0.0242 train 1.0000 test 0.0820
epoch 176/200 loss 0.0297 train 1.0000 test 0.0819
epoch 177/200 loss 0.0283 train 1.0000 test 0.0812
epoch 178/200 loss 0.0308 train 1.0000 test 0.0814
epoch 179/200 loss 0.0294 train 1.0000 test 0.0820
epoch 180/200 loss 0.0278 train 1.0000 test 0.0817
epoch 181/200 loss 0.0303 train 1.0000 test 0.0823
epoch 182/200 loss 0.0227 train 1.0000 test 0.0815
epoch 183/200 loss 0.0321 train 1.0000 test 0.0814
epoch 184/200 loss 0.0294 train 1.0000 test 0.0811
epoch 185/200 loss 0.0273 train 1.0000 test 0.0815
epoch 186/200 loss 0.0262 train 1.0000 test 0.0811
epoch 187/200 loss 0.0238 train 1.0000 test 0.0823
epoch 188/200 loss 0.0286 train 1.0000 test 0.0807
epoch 189/200 loss 0.0233 train 1.0000 test 0.0807
epoch 190/200 loss 0.0303 train 1.0000 test 0.0809
epoch 191/200 loss 0.0333 train 1.0000 test 0.0803
epoch 192/200 loss 0.0255 train 1.0000 test 0.0809
epoch 193/200 loss 0.0293 train 1.0000 test 0.0814
epoch 194/200 loss 0.0237 train 1.0000 test 0.0820
epoch 195/200 loss 0.0328 train 1.0000 test 0.0815
epoch 196/200 loss 0.0261 train 1.0000 test 0.0814
epoch 197/200 loss 0.0294 train 1.0000 test 0.0813
epoch 198/200 loss 0.0236 train 1.0000 test 0.0814
epoch 199/200 loss 0.0253 train 1.0000 test 0.0812
epoch 200/200 loss 0.0235 train 1.0000 test 0.0806
done: final 0.0806 best 0.0837 -> ./runs/abl1_learned/seed2
=== abl5_none seed 0 ===
[abl5_none seed0] {"params_trainable": 11220132, "params_stem_trainable": 0, "params_stem_fixed_filters": 0, "flops_total": 556705792, "flops_stem": 0, "flops_image_size": 32}
epoch 1/200 loss 4.5803 train 0.0234 test 0.0411
epoch 2/200 loss 4.2814 train 0.0502 test 0.0584
epoch 3/200 loss 4.1363 train 0.0699 test 0.0639
epoch 4/200 loss 3.9971 train 0.0851 test 0.0776
epoch 5/200 loss 3.9096 train 0.0909 test 0.0800
epoch 6/200 loss 3.8631 train 0.0987 test 0.0833
epoch 7/200 loss 3.7766 train 0.1114 test 0.0887
epoch 8/200 loss 3.7083 train 0.1242 test 0.0903
epoch 9/200 loss 3.6429 train 0.1205 test 0.0905
epoch 10/200 loss 3.6134 train 0.1373 test 0.0858
epoch 11/200 loss 3.5816 train 0.1443 test 0.1011
epoch 12/200 loss 3.4741 train 0.1521 test 0.1064
epoch 13/200 loss 3.4307 train 0.1571 test 0.1136
epoch 14/200 loss 3.3652 train 0.1739 test 0.1189
epoch 15/200 loss 3.3138 train 0.1834 test 0.1220
epoch 16/200 loss 3.2330 train 0.1949 test 0.1206
epoch 17/200 loss 3.2096 train 0.1994 test 0.1251
epoch 18/200 loss 3.1492 train 0.1974 test 0.1219
epoch 19/200 loss 3.0659 train 0.2270 test 0.1339
epoch 20/200 loss 3.0221 train 0.2278 test 0.1388
epoch 21/200 loss 2.9559 train 0.2496 test 0.1365
epoch 22/200 loss 2.8990 train 0.2545 test 0.1427
epoch 23/200 loss 2.8218 train 0.2771 test 0.1428
epoch 24/200 loss 2.7641 train 0.2775 test 0.1308
epoch 25/200 loss 2.6461 train 0.3022 test 0.1456
epoch 26/200 loss 2.6087 train 0.3211 test 0.1463
epoch 27/200 loss 2.5180 train 0.3413 test 0.1437
epoch 28/200 loss 2.4487 train 0.3433 test 0.1640
epoch 29/200 loss 2.4046 train 0.3487 test 0.1605
epoch 30/200 loss 2.3612 train 0.3446 test 0.1570
epoch 31/200 loss 2.2457 train 0.3861 test 0.1612
epoch 32/200 loss 2.1138 train 0.4141 test 0.1554
epoch 33/200 loss 2.0559 train 0.4297 test 0.1509
epoch 34/200 loss 1.9374 train 0.4527 test 0.1764
epoch 35/200 loss 1.8375 train 0.4766 test 0.1789
epoch 36/200 loss 1.7804 train 0.5037 test 0.1581
epoch 37/200 loss 1.6777 train 0.5214 test 0.1775
epoch 38/200 loss 1.5125 train 0.5748 test 0.1775
epoch 39/200 loss 1.4342 train 0.5917 test 0.1710
epoch 40/200 loss 1.4958 train 0.5621 test 0.1711
epoch 41/200 loss 1.4071 train 0.5933 test 0.1880
epoch 42/200 loss 1.2804 train 0.6254 test 0.1784
epoch 43/200 loss 1.1583 train 0.6628 test 0.1668
epoch 44/200 loss 1.0963 train 0.6768 test 0.1713
epoch 45/200 loss 1.0407 train 0.6912 test 0.1736
epoch 46/200 loss 0.9036 train 0.7225 test 0.1772
epoch 47/200 loss 0.8387 train 0.7438 test 0.1866
epoch 48/200 loss 0.7271 train 0.7845 test 0.1848
epoch 49/200 loss 0.6479 train 0.8088 test 0.1926
epoch 50/200 loss 0.5546 train 0.8433 test 0.1760
epoch 51/200 loss 0.5316 train 0.8479 test 0.1854
epoch 52/200 loss 0.5036 train 0.8553 test 0.1912
epoch 53/200 loss 0.4527 train 0.8717 test 0.1944
epoch 54/200 loss 0.3868 train 0.8968 test 0.1933
epoch 55/200 loss 0.3844 train 0.8906 test 0.1880
epoch 56/200 loss 0.2976 train 0.9149 test 0.1802
epoch 57/200 loss 0.2929 train 0.9211 test 0.1950
epoch 58/200 loss 0.2687 train 0.9260 test 0.1959
epoch 59/200 loss 0.2137 train 0.9449 test 0.2091
epoch 60/200 loss 0.1915 train 0.9544 test 0.2021
epoch 61/200 loss 0.1765 train 0.9560 test 0.1993
epoch 62/200 loss 0.1746 train 0.9556 test 0.1998
epoch 63/200 loss 0.1656 train 0.9642 test 0.2078
epoch 64/200 loss 0.1724 train 0.9556 test 0.2066
epoch 65/200 loss 0.1454 train 0.9667 test 0.2072
epoch 66/200 loss 0.1244 train 0.9692 test 0.2069
epoch 67/200 loss 0.0984 train 0.9782 test 0.2136
epoch 68/200 loss 0.0687 train 0.9889 test 0.2164
epoch 69/200 loss 0.0603 train 0.9918 test 0.2255
epoch 70/200 loss 0.0480 train 0.9934 test 0.2288
epoch 71/200 loss 0.0515 train 0.9905 test 0.2245
epoch 72/200 loss 0.0498 train 0.9905 test 0.2231
epoch 73/200 loss 0.0406 train 0.9942 test 0.2273
epoch 74/200 loss 0.0273 train 0.9967 test 0.2293
epoch 75/200 loss 0.0270 train 0.9975 test 0.2304
epoch 76/200 loss 0.0191 train 0.9988 test 0.2344
epoch 77/200 loss 0.0185 train 0.9984 test 0.2402
epoch 78/200 loss 0.0122 train 1.0000 test 0.2379
epoch 79/200 loss 0.0099 train 1.0000 test 0.2415
epoch 80/200 loss 0.0113 train 0.9992 test 0.2394
epoch 81/200 loss 0.0172 train 0.9975 test 0.2365
epoch 82/200 loss 0.0133 train 0.9992 test 0.2382
epoch 83/200 loss 0.0118 train 0.9988 test 0.2379
epoch 84/200 loss 0.0118 train 0.9984 test 0.2392
epoch 85/200 loss 0.0115 train 1.0000 test 0.2374
epoch 86/200 loss 0.0093 train 0.9996 test 0.2445
epoch 87/200 loss 0.0132 train 0.9988 test 0.2374
epoch 88/200 loss 0.0106 train 1.0000 test 0.2402
epoch 89/200 loss 0.0081 train 1.0000 test 0.2432
epoch 90/200 loss 0.0073 train 1.0000 test 0.2437
epoch 91/200 loss 0.0074 train 1.0000 test 0.2441
epoch 92/200 loss 0.0068 train 1.0000 test 0.2434
epoch 93/200 loss 0.0070 train 1.0000 test 0.2449
epoch 94/200 loss 0.0086 train 0.9992 test 0.2453
epoch 95/200 loss 0.0088 train 0.9996 test 0.2419
epoch 96/200 loss 0.0083 train 1.0000 test 0.2431
epoch 97/200 loss 0.0068 train 1.0000 test 0.2428
epoch 98/200 loss 0.0076 train 1.0000 test 0.2447
epoch 99/200 loss 0.0074 train 1.0000 test 0.2414
epoch 100/200 loss 0.0071 train 1.0000 test 0.2435
epoch 101/200 loss 0.0079 train 1.0000 test 0.2445
epoch 102/200 loss 0.0073 train 1.0000 test 0.2448
epoch 103/200 loss 0.0073 train 1.0000 test 0.2452
epoch 104/200 loss 0.0067 train 1.0000 test 0.2456
epoch 105/200 loss 0.0071 train 1.0000 test 0.2447
epoch 106/200 loss 0.0074 train 1.0000 test 0.2459
epoch 107/200 loss 0.0070 train 1.0000 test 0.2449
epoch 108/200 loss 0.0067 train 1.0000 test 0.2461
epoch 109/200 loss 0.0074 train 1.0000 test 0.2452
epoch 110/200 loss 0.0069 train 1.0000 test 0.2440
epoch 111/200 loss 0.0070 train 1.0000 test 0.2463
epoch 112/200 loss 0.0076 train 1.0000 test 0.2454
epoch 113/200 loss 0.0074 train 1.0000 test 0.2455
epoch 114/200 loss 0.0074 train 1.0000 test 0.2453
epoch 115/200 loss 0.0074 train 1.0000 test 0.2457
epoch 116/200 loss 0.0070 train 1.0000 test 0.2471
epoch 117/200 loss 0.0071 train 1.0000 test 0.2452
epoch 118/200 loss 0.0072 train 1.0000 test 0.2461
epoch 119/200 loss 0.0076 train 1.0000 test 0.2456
epoch 120/200 loss 0.0078 train 1.0000 test 0.2455
epoch 121/200 loss 0.0076 train 1.0000 test 0.2455
epoch 122/200 loss 0.0079 train 1.0000 test 0.2460
epoch 123/200 loss 0.0075 train 1.0000 test 0.2456
epoch 124/200 loss 0.0083 train 1.0000 test 0.2466
epoch 125/200 loss 0.0073 train 1.0000 test 0.2483
epoch 126/200 loss 0.0078 train 1.0000 test 0.2462
epoch 127/200 loss 0.0076 train 1.0000 test 0.2471
epoch 128/200 loss 0.0078 train 1.0000 test 0.2465
epoch 129/200 loss 0.0073 train 1.0000 test 0.2477
epoch 130/200 loss 0.0079 train 1.0000 test 0.2468
epoch 131/200 loss 0.0076 train 1.0000 test 0.2470
epoch 132/200 loss 0.0080 train 1.0000 test 0.2483
epoch 133/200 loss 0.0075 train 1.0000 test 0.2490
epoch 134/200 loss 0.0076 train 1.0000 test 0.2481
epoch 135/200 loss 0.0071 train 1.0000 test 0.2487
epoch 136/200 loss 0.0074 train 1.0000 test 0.2494
epoch 137/200 loss 0.0067 train 1.0000 test 0.2484
epoch 138/200 loss 0.0070 train 1.0000 test 0.2493
epoch 139/200 loss 0.0080 train 1.0000 test 0.2498
epoch 140/200 loss 0.0071 train 1.0000 test 0.2491
epoch 141/200 loss 0.0075 train 1.0000 test 0.2501
epoch 142/200 loss 0.0073 train 1.0000 test 0.2498
epoch 143/200 loss 0.0076 train 1.0000 test 0.2495
epoch 144/200 loss 0.0072 train 1.0000 test 0.2492
epoch 145/200 loss 0.0078 train 1.0000 test 0.2494
epoch 146/200 loss 0.0082 train 1.0000 test 0.2492
epoch 147/200 loss 0.0073 train 1.0000 test 0.2483
epoch 148/200 loss 0.0074 train 1.0000 test 0.2483
epoch 149/200 loss 0.0069 train 1.0000 test 0.2496
epoch 150/200 loss 0.0076 train 1.0000 test 0.2499
epoch 151/200 loss 0.0073 train 1.0000 test 0.2495
epoch 152/200 loss 0.0074 train 1.0000 test 0.2496
epoch 153/200 loss 0.0073 train 1.0000 test 0.2495
epoch 154/200 loss 0.0079 train 1.0000 test 0.2502
epoch 155/200 loss 0.0072 train 1.0000 test 0.2502
epoch 156/200 loss 0.0074 train 1.0000 test 0.2495
epoch 157/200 loss 0.0072 train 1.0000 test 0.2493
epoch 158/200 loss 0.0073 train 1.0000 test 0.2498
epoch 159/200 loss 0.0071 train 1.0000 test 0.2501
epoch 160/200 loss 0.0069 train 1.0000 test 0.2507
epoch 161/200 loss 0.0069 train 1.0000 test 0.2495
epoch 162/200 loss 0.0073 train 1.0000 test 0.2500
epoch 163/200 loss 0.0072 train 1.0000 test 0.2501
epoch 164/200 loss 0.0071 train 1.0000 test 0.2502
epoch 165/200 loss 0.0072 train 1.0000 test 0.2500
epoch 166/200 loss 0.0073 train 1.0000 test 0.2502
epoch 167/200 loss 0.0077 train 1.0000 test 0.2506
epoch 168/200 loss 0.0068 train 1.0000 test 0.2504
epoch 169/200 loss 0.0074 train 1.0000 test 0.2502
epoch 170/200 loss 0.0073 train 1.0000 test 0.2503
epoch 171/200 loss 0.0069 train 1.0000 test 0.2501
epoch 172/200 loss 0.0069 train 1.0000 test 0.2494
epoch 173/200 loss 0.0077 train 1.0000 test 0.2489
epoch 174/200 loss 0.0076 train 1.0000 test 0.2508
epoch 175/200 loss 0.0070 train 1.0000 test 0.2493
epoch 176/200 loss 0.0073 train 1.0000 test 0.2507
epoch 177/200 loss 0.0070 train 1.0000 test 0.2497
epoch 178/200 loss 0.0070 train 1.0000 test 0.2490
epoch 179/200 loss 0.0072 train 1.0000 test 0.2497
epoch 180/200 loss 0.0071 train 1.0000 test 0.2508
epoch 181/200 loss 0.0073 train 1.0000 test 0.2500
epoch 182/200 loss 0.0071 train 1.0000 test 0.2509
epoch 183/200 loss 0.0074 train 1.0000 test 0.2510
epoch 184/200 loss 0.0069 train 1.0000 test 0.2505
epoch 185/200 loss 0.0073 train 1.0000 test 0.2511
epoch 186/200 loss 0.0070 train 1.0000 test 0.2487
epoch 187/200 loss 0.0074 train 1.0000 test 0.2505
epoch 188/200 loss 0.0072 train 1.0000 test 0.2507
epoch 189/200 loss 0.0073 train 1.0000 test 0.2492
epoch 190/200 loss 0.0071 train 1.0000 test 0.2496
epoch 191/200 loss 0.0069 train 1.0000 test 0.2507
epoch 192/200 loss 0.0071 train 1.0000 test 0.2507
epoch 193/200 loss 0.0072 train 1.0000 test 0.2497
epoch 194/200 loss 0.0073 train 1.0000 test 0.2492
epoch 195/200 loss 0.0073 train 1.0000 test 0.2496
epoch 196/200 loss 0.0075 train 1.0000 test 0.2489
epoch 197/200 loss 0.0073 train 1.0000 test 0.2492
epoch 198/200 loss 0.0073 train 1.0000 test 0.2502
epoch 199/200 loss 0.0070 train 1.0000 test 0.2494
epoch 200/200 loss 0.0073 train 1.0000 test 0.2505
done: final 0.2505 best 0.2511 -> ./runs/abl5_none/seed0
=== abl5_none seed 1 ===
[abl5_none seed1] {"params_trainable": 11220132, "params_stem_trainable": 0, "params_stem_fixed_filters": 0, "flops_total": 556705792, "flops_stem": 0, "flops_image_size": 32}
epoch 1/200 loss 4.5721 train 0.0226 test 0.0421
epoch 2/200 loss 4.3071 train 0.0502 test 0.0541
epoch 3/200 loss 4.1485 train 0.0650 test 0.0689
epoch 4/200 loss 4.0168 train 0.0658 test 0.0696
epoch 5/200 loss 3.9881 train 0.0855 test 0.0773
epoch 6/200 loss 3.8627 train 0.1012 test 0.0929
epoch 7/200 loss 3.7953 train 0.1069 test 0.0902
epoch 8/200 loss 3.7338 train 0.1127 test 0.0924
epoch 9/200 loss 3.6592 train 0.1242 test 0.0940
epoch 10/200 loss 3.6008 train 0.1357 test 0.1045
epoch 11/200 loss 3.5246 train 0.1373 test 0.1089
epoch 12/200 loss 3.4756 train 0.1530 test 0.1041
epoch 13/200 loss 3.3999 train 0.1686 test 0.1108
epoch 14/200 loss 3.3885 train 0.1702 test 0.1108
epoch 15/200 loss 3.3137 train 0.1711 test 0.1212
epoch 16/200 loss 3.2397 train 0.1982 test 0.1232
epoch 17/200 loss 3.1510 train 0.2220 test 0.1250
epoch 18/200 loss 3.1393 train 0.2146 test 0.1133
epoch 19/200 loss 3.0855 train 0.2241 test 0.1326
epoch 20/200 loss 2.9914 train 0.2336 test 0.1314
epoch 21/200 loss 2.9559 train 0.2438 test 0.1311
epoch 22/200 loss 2.9101 train 0.2475 test 0.1386
epoch 23/200 loss 2.7963 train 0.2792 test 0.1359
epoch 24/200 loss 2.7072 train 0.2825 test 0.1463
epoch 25/200 loss 2.6755 train 0.3047 test 0.1412
epoch 26/200 loss 2.6268 train 0.3174 test 0.1615
epoch 27/200 loss 2.5040 train 0.3359 test 0.1596
epoch 28/200 loss 2.4231 train 0.3475 test 0.1572
epoch 29/200 loss 2.3931 train 0.3528 test 0.1565
epoch 30/200 loss 2.3331 train 0.3713 test 0.1725
epoch 31/200 loss 2.2174 train 0.4009 test 0.1523
epoch 32/200 loss 2.1930 train 0.3964 test 0.1585
epoch 33/200 loss 2.0565 train 0.4219 test 0.1601
epoch 34/200 loss 1.9641 train 0.4465 test 0.1592
epoch 35/200 loss 1.8744 train 0.4630 test 0.1645
epoch 36/200 loss 1.7744 train 0.4914 test 0.1661
epoch 37/200 loss 1.6789 train 0.5197 test 0.1640
epoch 38/200 loss 1.6271 train 0.5321 test 0.1519
epoch 39/200 loss 1.5607 train 0.5329 test 0.1762
epoch 40/200 loss 1.4648 train 0.5720 test 0.1702
epoch 41/200 loss 1.3514 train 0.6114 test 0.1701
epoch 42/200 loss 1.2362 train 0.6340 test 0.1639
epoch 43/200 loss 1.1492 train 0.6558 test 0.1792
epoch 44/200 loss 1.0712 train 0.6887 test 0.1738
epoch 45/200 loss 0.9959 train 0.7019 test 0.1716
epoch 46/200 loss 0.9542 train 0.7122 test 0.1633
epoch 47/200 loss 0.8159 train 0.7570 test 0.1718
epoch 48/200 loss 0.7031 train 0.7948 test 0.1903
epoch 49/200 loss 0.6370 train 0.8162 test 0.1731
epoch 50/200 loss 0.5709 train 0.8372 test 0.1825
epoch 51/200 loss 0.5165 train 0.8507 test 0.1849
epoch 52/200 loss 0.4644 train 0.8627 test 0.1997
epoch 53/200 loss 0.3809 train 0.8972 test 0.2060
epoch 54/200 loss 0.3447 train 0.9071 test 0.1997
epoch 55/200 loss 0.3144 train 0.9157 test 0.1931
epoch 56/200 loss 0.3146 train 0.9104 test 0.1954
epoch 57/200 loss 0.2731 train 0.9243 test 0.1904
epoch 58/200 loss 0.2629 train 0.9326 test 0.1928
epoch 59/200 loss 0.2722 train 0.9280 test 0.1904
epoch 60/200 loss 0.2554 train 0.9313 test 0.2005
epoch 61/200 loss 0.2080 train 0.9465 test 0.1978
epoch 62/200 loss 0.1907 train 0.9552 test 0.2037
epoch 63/200 loss 0.1618 train 0.9576 test 0.2044
epoch 64/200 loss 0.1368 train 0.9638 test 0.2114
epoch 65/200 loss 0.1343 train 0.9725 test 0.1958
epoch 66/200 loss 0.1391 train 0.9638 test 0.1969
epoch 67/200 loss 0.1153 train 0.9737 test 0.2039
epoch 68/200 loss 0.0984 train 0.9790 test 0.2122
epoch 69/200 loss 0.0794 train 0.9860 test 0.2110
epoch 70/200 loss 0.0560 train 0.9881 test 0.2146
epoch 71/200 loss 0.0578 train 0.9885 test 0.2237
epoch 72/200 loss 0.0548 train 0.9910 test 0.2172
epoch 73/200 loss 0.0680 train 0.9889 test 0.2119
epoch 74/200 loss 0.0508 train 0.9905 test 0.2179
epoch 75/200 loss 0.0464 train 0.9930 test 0.2240
epoch 76/200 loss 0.0301 train 0.9975 test 0.2296
epoch 77/200 loss 0.0171 train 1.0000 test 0.2315
epoch 78/200 loss 0.0131 train 0.9996 test 0.2361
epoch 79/200 loss 0.0141 train 0.9984 test 0.2350
epoch 80/200 loss 0.0094 train 0.9996 test 0.2378
epoch 81/200 loss 0.0103 train 0.9996 test 0.2400
epoch 82/200 loss 0.0099 train 0.9996 test 0.2401
epoch 83/200 loss 0.0096 train 0.9996 test 0.2393
epoch 84/200 loss 0.0079 train 1.0000 test 0.2374
epoch 85/200 loss 0.0069 train 1.0000 test 0.2405
epoch 86/200 loss 0.0073 train 0.9996 test 0.2420
epoch 87/200 loss 0.0083 train 0.9992 test 0.2395
epoch 88/200 loss 0.0077 train 1.0000 test 0.2428
epoch 89/200 loss 0.0072 train 1.0000 test 0.2424
epoch 90/200 loss 0.0070 train 1.0000 test 0.2435
epoch 91/200 loss 0.0075 train 1.0000 test 0.2429
epoch 92/200 loss 0.0070 train 1.0000 test 0.2436
epoch 93/200 loss 0.0068 train 1.0000 test 0.2434
epoch 94/200 loss 0.0066 train 1.0000 test 0.2414
epoch 95/200 loss 0.0063 train 1.0000 test 0.2438
epoch 96/200 loss 0.0063 train 1.0000 test 0.2446
epoch 97/200 loss 0.0067 train 1.0000 test 0.2446
epoch 98/200 loss 0.0067 train 1.0000 test 0.2445
epoch 99/200 loss 0.0066 train 1.0000 test 0.2440
epoch 100/200 loss 0.0072 train 1.0000 test 0.2468
epoch 101/200 loss 0.0071 train 1.0000 test 0.2446
epoch 102/200 loss 0.0075 train 1.0000 test 0.2448
epoch 103/200 loss 0.0068 train 1.0000 test 0.2457
epoch 104/200 loss 0.0069 train 1.0000 test 0.2437
epoch 105/200 loss 0.0062 train 1.0000 test 0.2456
epoch 106/200 loss 0.0069 train 1.0000 test 0.2458
epoch 107/200 loss 0.0076 train 0.9996 test 0.2468
epoch 108/200 loss 0.0088 train 0.9996 test 0.2443
epoch 109/200 loss 0.0079 train 0.9996 test 0.2465
epoch 110/200 loss 0.0076 train 1.0000 test 0.2435
epoch 111/200 loss 0.0073 train 0.9996 test 0.2430
epoch 112/200 loss 0.0072 train 1.0000 test 0.2457
epoch 113/200 loss 0.0074 train 1.0000 test 0.2461
epoch 114/200 loss 0.0080 train 1.0000 test 0.2449
epoch 115/200 loss 0.0070 train 1.0000 test 0.2436
epoch 116/200 loss 0.0082 train 0.9996 test 0.2446
epoch 117/200 loss 0.0085 train 1.0000 test 0.2466
epoch 118/200 loss 0.0078 train 1.0000 test 0.2455
epoch 119/200 loss 0.0069 train 1.0000 test 0.2431
epoch 120/200 loss 0.0079 train 1.0000 test 0.2441
epoch 121/200 loss 0.0068 train 1.0000 test 0.2460
epoch 122/200 loss 0.0070 train 1.0000 test 0.2455
epoch 123/200 loss 0.0079 train 1.0000 test 0.2458
epoch 124/200 loss 0.0075 train 1.0000 test 0.2463
epoch 125/200 loss 0.0076 train 1.0000 test 0.2470
epoch 126/200 loss 0.0074 train 1.0000 test 0.2462
epoch 127/200 loss 0.0076 train 1.0000 test 0.2479
epoch 128/200 loss 0.0071 train 1.0000 test 0.2458
epoch 129/200 loss 0.0072 train 1.0000 test 0.2471
epoch 130/200 loss 0.0075 train 1.0000 test 0.2483
epoch 131/200 loss 0.0069 train 1.0000 test 0.2469
epoch 132/200 loss 0.0072 train 1.0000 test 0.2465
epoch 133/200 loss 0.0073 train 1.0000 test 0.2481
epoch 134/200 loss 0.0071 train 1.0000 test 0.2483
epoch 135/200 loss 0.0076 train 1.0000 test 0.2478
epoch 136/200 loss 0.0073 train 1.0000 test 0.2457
epoch 137/200 loss 0.0071 train 1.0000 test 0.2465
epoch 138/200 loss 0.0072 train 1.0000 test 0.2476
epoch 139/200 loss 0.0068 train 1.0000 test 0.2469
epoch 140/200 loss 0.0075 train 1.0000 test 0.2457
epoch 141/200 loss 0.0069 train 1.0000 test 0.2463
epoch 142/200 loss 0.0074 train 1.0000 test 0.2459
epoch 143/200 loss 0.0080 train 1.0000 test 0.2473
epoch 144/200 loss 0.0072 train 1.0000 test 0.2470
epoch 145/200 loss 0.0074 train 1.0000 test 0.2477
epoch 146/200 loss 0.0075 train 1.0000 test 0.2478
epoch 147/200 loss 0.0068 train 1.0000 test 0.2473
epoch 148/200 loss 0.0080 train 1.0000 test 0.2459
epoch 149/200 loss 0.0073 train 1.0000 test 0.2456
epoch 150/200 loss 0.0076 train 1.0000 test 0.2477
epoch 151/200 loss 0.0075 train 1.0000 test 0.2453
epoch 152/200 loss 0.0071 train 1.0000 test 0.2474
epoch 153/200 loss 0.0068 train 1.0000 test 0.2462
epoch 154/200 loss 0.0072 train 1.0000 test 0.2466
epoch 155/200 loss 0.0077 train 1.0000 test 0.2474
epoch 156/200 loss 0.0073 train 1.0000 test 0.2484
epoch 157/200 loss 0.0069 train 1.0000 test 0.2455
epoch 158/200 loss 0.0069 train 1.0000 test 0.2472
epoch 159/200 loss 0.0074 train 1.0000 test 0.2476
epoch 160/200 loss 0.0068 train 1.0000 test 0.2485
epoch 161/200 loss 0.0067 train 1.0000 test 0.2482
epoch 162/200 loss 0.0070 train 1.0000 test 0.2471
epoch 163/200 loss 0.0074 train 1.0000 test 0.2473
epoch 164/200 loss 0.0072 train 1.0000 test 0.2476
epoch 165/200 loss 0.0070 train 1.0000 test 0.2463
epoch 166/200 loss 0.0076 train 1.0000 test 0.2472
epoch 167/200 loss 0.0073 train 1.0000 test 0.2481
epoch 168/200 loss 0.0069 train 1.0000 test 0.2467
epoch 169/200 loss 0.0071 train 1.0000 test 0.2483
epoch 170/200 loss 0.0070 train 1.0000 test 0.2465
epoch 171/200 loss 0.0071 train 1.0000 test 0.2465
epoch 172/200 loss 0.0074 train 1.0000 test 0.2464
epoch 173/200 loss 0.0074 train 1.0000 test 0.2479
epoch 174/200 loss 0.0073 train 1.0000 test 0.2478
epoch 175/200 loss 0.0072 train 1.0000 test 0.2480
epoch 176/200 loss 0.0070 train 1.0000 test 0.2471
epoch 177/200 loss 0.0072 train 1.0000 test 0.2470
epoch 178/200 loss 0.0069 train 1.0000 test 0.2471
epoch 179/200 loss 0.0071 train 1.0000 test 0.2471
epoch 180/200 loss 0.0070 train 1.0000 test 0.2460
epoch 181/200 loss 0.0071 train 1.0000 test 0.2479
epoch 182/200 loss 0.0073 train 1.0000 test 0.2464
epoch 183/200 loss 0.0074 train 1.0000 test 0.2481
epoch 184/200 loss 0.0068 train 1.0000 test 0.2471
epoch 185/200 loss 0.0071 train 1.0000 test 0.2480
epoch 186/200 loss 0.0067 train 1.0000 test 0.2472
epoch 187/200 loss 0.0067 train 1.0000 test 0.2475
epoch 188/200 loss 0.0067 train 1.0000 test 0.2473
epoch 189/200 loss 0.0069 train 1.0000 test 0.2472
epoch 190/200 loss 0.0070 train 1.0000 test 0.2485
epoch 191/200 loss 0.0066 train 1.0000 test 0.2467
epoch 192/200 loss 0.0073 train 1.0000 test 0.2477
epoch 193/200 loss 0.0072 train 1.0000 test 0.2470
epoch 194/200 loss 0.0068 train 1.0000 test 0.2474
epoch 195/200 loss 0.0072 train 1.0000 test 0.2472
epoch 196/200 loss 0.0069 train 1.0000 test 0.2487
epoch 197/200 loss 0.0069 train 1.0000 test 0.2478
epoch 198/200 loss 0.0073 train 1.0000 test 0.2470
epoch 199/200 loss 0.0074 train 1.0000 test 0.2470
epoch 200/200 loss 0.0067 train 1.0000 test 0.2479
done: final 0.2479 best 0.2487 -> ./runs/abl5_none/seed1
=== abl5_none seed 2 ===
[abl5_none seed2] {"params_trainable": 11220132, "params_stem_trainable": 0, "params_stem_fixed_filters": 0, "flops_total": 556705792, "flops_stem": 0, "flops_image_size": 32}
epoch 1/200 loss 4.5584 train 0.0226 test 0.0368
epoch 2/200 loss 4.2818 train 0.0535 test 0.0628
epoch 3/200 loss 4.1088 train 0.0785 test 0.0705
epoch 4/200 loss 4.0092 train 0.0810 test 0.0817
epoch 5/200 loss 3.9175 train 0.0983 test 0.0911
epoch 6/200 loss 3.8102 train 0.1016 test 0.0894
epoch 7/200 loss 3.7358 train 0.1147 test 0.0899
epoch 8/200 loss 3.7019 train 0.1184 test 0.0911
epoch 9/200 loss 3.6630 train 0.1279 test 0.0969
epoch 10/200 loss 3.5624 train 0.1439 test 0.0971
epoch 11/200 loss 3.5023 train 0.1554 test 0.1035
epoch 12/200 loss 3.4592 train 0.1595 test 0.1116
epoch 13/200 loss 3.4178 train 0.1637 test 0.1083
epoch 14/200 loss 3.3568 train 0.1587 test 0.1190
epoch 15/200 loss 3.2822 train 0.1859 test 0.1156
epoch 16/200 loss 3.2269 train 0.1941 test 0.1302
epoch 17/200 loss 3.1460 train 0.2130 test 0.1296
epoch 18/200 loss 3.1183 train 0.2056 test 0.1198
epoch 19/200 loss 3.0549 train 0.2212 test 0.1273
epoch 20/200 loss 3.0014 train 0.2368 test 0.1295
epoch 21/200 loss 2.9302 train 0.2574 test 0.1394
epoch 22/200 loss 2.8506 train 0.2566 test 0.1428
epoch 23/200 loss 2.7634 train 0.2837 test 0.1514
epoch 24/200 loss 2.7235 train 0.2862 test 0.1546
epoch 25/200 loss 2.6468 train 0.2948 test 0.1323
epoch 26/200 loss 2.6222 train 0.3129 test 0.1511
epoch 27/200 loss 2.5311 train 0.3281 test 0.1533
epoch 28/200 loss 2.4297 train 0.3458 test 0.1459
epoch 29/200 loss 2.3506 train 0.3610 test 0.1472
epoch 30/200 loss 2.2822 train 0.3787 test 0.1644
epoch 31/200 loss 2.2011 train 0.3910 test 0.1504
epoch 32/200 loss 2.0472 train 0.4301 test 0.1766
epoch 33/200 loss 1.9929 train 0.4474 test 0.1719
epoch 34/200 loss 1.9645 train 0.4449 test 0.1747
epoch 35/200 loss 1.8518 train 0.4819 test 0.1708
epoch 36/200 loss 1.7631 train 0.4918 test 0.1631
epoch 37/200 loss 1.6242 train 0.5337 test 0.1640
epoch 38/200 loss 1.4514 train 0.5859 test 0.1840
epoch 39/200 loss 1.4788 train 0.5769 test 0.1742
epoch 40/200 loss 1.3636 train 0.5987 test 0.1738
epoch 41/200 loss 1.3252 train 0.6044 test 0.1691
epoch 42/200 loss 1.2057 train 0.6546 test 0.1856
epoch 43/200 loss 1.0817 train 0.6809 test 0.1710
epoch 44/200 loss 1.0479 train 0.6916 test 0.1808
epoch 45/200 loss 0.9345 train 0.7192 test 0.1836
epoch 46/200 loss 0.8257 train 0.7607 test 0.1718
epoch 47/200 loss 0.8316 train 0.7504 test 0.1769
epoch 48/200 loss 0.7063 train 0.7788 test 0.1896
epoch 49/200 loss 0.6506 train 0.8117 test 0.1889
epoch 50/200 loss 0.6106 train 0.8232 test 0.1682
epoch 51/200 loss 0.5862 train 0.8265 test 0.1945
epoch 52/200 loss 0.5268 train 0.8454 test 0.1964
epoch 53/200 loss 0.4544 train 0.8692 test 0.1903
epoch 54/200 loss 0.3836 train 0.8951 test 0.2069
epoch 55/200 loss 0.3150 train 0.9215 test 0.2106
epoch 56/200 loss 0.2835 train 0.9243 test 0.1918
epoch 57/200 loss 0.2632 train 0.9313 test 0.1986
epoch 58/200 loss 0.2004 train 0.9494 test 0.2156
epoch 59/200 loss 0.1525 train 0.9655 test 0.2092
epoch 60/200 loss 0.1560 train 0.9634 test 0.2091
epoch 61/200 loss 0.1411 train 0.9646 test 0.2111
epoch 62/200 loss 0.1435 train 0.9646 test 0.2076
epoch 63/200 loss 0.1053 train 0.9815 test 0.2188
epoch 64/200 loss 0.0941 train 0.9819 test 0.2190
epoch 65/200 loss 0.0838 train 0.9856 test 0.2246
epoch 66/200 loss 0.0634 train 0.9905 test 0.2204
epoch 67/200 loss 0.0528 train 0.9930 test 0.2235
epoch 68/200 loss 0.0542 train 0.9897 test 0.2270
epoch 69/200 loss 0.0385 train 0.9938 test 0.2257
epoch 70/200 loss 0.0410 train 0.9942 test 0.2331
epoch 71/200 loss 0.0360 train 0.9922 test 0.2339
epoch 72/200 loss 0.0306 train 0.9971 test 0.2373
epoch 73/200 loss 0.0210 train 0.9992 test 0.2426
epoch 74/200 loss 0.0231 train 0.9971 test 0.2422
epoch 75/200 loss 0.0165 train 0.9984 test 0.2407
epoch 76/200 loss 0.0177 train 0.9992 test 0.2425
epoch 77/200 loss 0.0184 train 0.9992 test 0.2417
epoch 78/200 loss 0.0158 train 0.9988 test 0.2463
epoch 79/200 loss 0.0110 train 1.0000 test 0.2475
epoch 80/200 loss 0.0088 train 1.0000 test 0.2477
epoch 81/200 loss 0.0093 train 1.0000 test 0.2483
epoch 82/200 loss 0.0078 train 1.0000 test 0.2505
epoch 83/200 loss 0.0079 train 1.0000 test 0.2487
epoch 84/200 loss 0.0069 train 1.0000 test 0.2478
epoch 85/200 loss 0.0071 train 1.0000 test 0.2504
epoch 86/200 loss 0.0067 train 1.0000 test 0.2514
epoch 87/200 loss 0.0072 train 1.0000 test 0.2491
epoch 88/200 loss 0.0070 train 1.0000 test 0.2495
epoch 89/200 loss 0.0077 train 1.0000 test 0.2497
epoch 90/200 loss 0.0068 train 1.0000 test 0.2497
epoch 91/200 loss 0.0077 train 0.9996 test 0.2495
epoch 92/200 loss 0.0073 train 1.0000 test 0.2501
epoch 93/200 loss 0.0075 train 1.0000 test 0.2490
epoch 94/200 loss 0.0069 train 1.0000 test 0.2489
epoch 95/200 loss 0.0069 train 1.0000 test 0.2497
epoch 96/200 loss 0.0068 train 1.0000 test 0.2526
epoch 97/200 loss 0.0073 train 1.0000 test 0.2507
epoch 98/200 loss 0.0070 train 1.0000 test 0.2534
epoch 99/200 loss 0.0071 train 1.0000 test 0.2521
epoch 100/200 loss 0.0072 train 1.0000 test 0.2523
epoch 101/200 loss 0.0074 train 1.0000 test 0.2500
epoch 102/200 loss 0.0075 train 1.0000 test 0.2499
epoch 103/200 loss 0.0073 train 1.0000 test 0.2515
epoch 104/200 loss 0.0077 train 1.0000 test 0.2531
epoch 105/200 loss 0.0075 train 1.0000 test 0.2524
epoch 106/200 loss 0.0082 train 1.0000 test 0.2539
epoch 107/200 loss 0.0082 train 1.0000 test 0.2530
epoch 108/200 loss 0.0076 train 1.0000 test 0.2523
epoch 109/200 loss 0.0079 train 1.0000 test 0.2527
epoch 110/200 loss 0.0075 train 1.0000 test 0.2537
epoch 111/200 loss 0.0079 train 1.0000 test 0.2531
epoch 112/200 loss 0.0075 train 1.0000 test 0.2531
epoch 113/200 loss 0.0076 train 1.0000 test 0.2542
epoch 114/200 loss 0.0077 train 1.0000 test 0.2537
epoch 115/200 loss 0.0071 train 1.0000 test 0.2558
epoch 116/200 loss 0.0082 train 1.0000 test 0.2564
epoch 117/200 loss 0.0081 train 1.0000 test 0.2550
epoch 118/200 loss 0.0082 train 1.0000 test 0.2554
epoch 119/200 loss 0.0081 train 1.0000 test 0.2541
epoch 120/200 loss 0.0075 train 1.0000 test 0.2545
epoch 121/200 loss 0.0075 train 1.0000 test 0.2561
epoch 122/200 loss 0.0073 train 1.0000 test 0.2573
epoch 123/200 loss 0.0078 train 1.0000 test 0.2569
epoch 124/200 loss 0.0076 train 1.0000 test 0.2561
epoch 125/200 loss 0.0073 train 1.0000 test 0.2562
epoch 126/200 loss 0.0073 train 1.0000 test 0.2565
epoch 127/200 loss 0.0073 train 1.0000 test 0.2559
epoch 128/200 loss 0.0072 train 1.0000 test 0.2593
epoch 129/200 loss 0.0078 train 1.0000 test 0.2577
epoch 130/200 loss 0.0073 train 1.0000 test 0.2578
epoch 131/200 loss 0.0081 train 1.0000 test 0.2578
epoch 132/200 loss 0.0070 train 1.0000 test 0.2580
epoch 133/200 loss 0.0071 train 1.0000 test 0.2574
epoch 134/200 loss 0.0073 train 1.0000 test 0.2576
epoch 135/200 loss 0.0070 train 1.0000 test 0.2575
epoch 136/200 loss 0.0076 train 1.0000 test 0.2570
epoch 137/200 loss 0.0073 train 1.0000 test 0.2566
epoch 138/200 loss 0.0074 train 1.0000 test 0.2579
epoch 139/200 loss 0.0078 train 1.0000 test 0.2582
epoch 140/200 loss 0.0076 train 1.0000 test 0.2587
epoch 141/200 loss 0.0072 train 1.0000 test 0.2592
epoch 142/200 loss 0.0072 train 1.0000 test 0.2571
epoch 143/200 loss 0.0078 train 1.0000 test 0.2577
epoch 144/200 loss 0.0074 train 1.0000 test 0.2587
epoch 145/200 loss 0.0073 train 1.0000 test 0.2573
epoch 146/200 loss 0.0071 train 1.0000 test 0.2569
epoch 147/200 loss 0.0069 train 1.0000 test 0.2580
epoch 148/200 loss 0.0070 train 1.0000 test 0.2572
epoch 149/200 loss 0.0071 train 1.0000 test 0.2593
epoch 150/200 loss 0.0070 train 1.0000 test 0.2575
epoch 151/200 loss 0.0075 train 1.0000 test 0.2580
epoch 152/200 loss 0.0071 train 1.0000 test 0.2569
epoch 153/200 loss 0.0071 train 1.0000 test 0.2582
epoch 154/200 loss 0.0075 train 1.0000 test 0.2574
epoch 155/200 loss 0.0079 train 1.0000 test 0.2582
epoch 156/200 loss 0.0069 train 1.0000 test 0.2586
epoch 157/200 loss 0.0065 train 1.0000 test 0.2589
epoch 158/200 loss 0.0073 train 1.0000 test 0.2599
epoch 159/200 loss 0.0078 train 1.0000 test 0.2585
epoch 160/200 loss 0.0071 train 1.0000 test 0.2583
epoch 161/200 loss 0.0078 train 1.0000 test 0.2581
epoch 162/200 loss 0.0070 train 1.0000 test 0.2581
epoch 163/200 loss 0.0072 train 1.0000 test 0.2572
epoch 164/200 loss 0.0074 train 1.0000 test 0.2580
epoch 165/200 loss 0.0076 train 1.0000 test 0.2578
epoch 166/200 loss 0.0071 train 1.0000 test 0.2581
epoch 167/200 loss 0.0069 train 1.0000 test 0.2571
epoch 168/200 loss 0.0077 train 1.0000 test 0.2577
epoch 169/200 loss 0.0067 train 1.0000 test 0.2571
epoch 170/200 loss 0.0072 train 1.0000 test 0.2579
epoch 171/200 loss 0.0072 train 1.0000 test 0.2580
epoch 172/200 loss 0.0071 train 1.0000 test 0.2582
epoch 173/200 loss 0.0070 train 1.0000 test 0.2577
epoch 174/200 loss 0.0079 train 1.0000 test 0.2584
epoch 175/200 loss 0.0073 train 1.0000 test 0.2585
epoch 176/200 loss 0.0072 train 1.0000 test 0.2582
epoch 177/200 loss 0.0077 train 1.0000 test 0.2577
epoch 178/200 loss 0.0074 train 1.0000 test 0.2566
epoch 179/200 loss 0.0074 train 1.0000 test 0.2581
epoch 180/200 loss 0.0070 train 1.0000 test 0.2582
epoch 181/200 loss 0.0074 train 1.0000 test 0.2567
epoch 182/200 loss 0.0070 train 1.0000 test 0.2570
epoch 183/200 loss 0.0070 train 1.0000 test 0.2575
epoch 184/200 loss 0.0071 train 1.0000 test 0.2568
epoch 185/200 loss 0.0075 train 1.0000 test 0.2575
epoch 186/200 loss 0.0072 train 1.0000 test 0.2582
epoch 187/200 loss 0.0076 train 1.0000 test 0.2586
epoch 188/200 loss 0.0068 train 1.0000 test 0.2586
epoch 189/200 loss 0.0071 train 1.0000 test 0.2589
epoch 190/200 loss 0.0064 train 1.0000 test 0.2581
epoch 191/200 loss 0.0071 train 1.0000 test 0.2584
epoch 192/200 loss 0.0069 train 1.0000 test 0.2587
epoch 193/200 loss 0.0068 train 1.0000 test 0.2583
epoch 194/200 loss 0.0073 train 1.0000 test 0.2583
epoch 195/200 loss 0.0073 train 1.0000 test 0.2581
epoch 196/200 loss 0.0073 train 1.0000 test 0.2578
epoch 197/200 loss 0.0073 train 1.0000 test 0.2584
epoch 198/200 loss 0.0071 train 1.0000 test 0.2585
epoch 199/200 loss 0.0073 train 1.0000 test 0.2580
epoch 200/200 loss 0.0068 train 1.0000 test 0.2585
done: final 0.2585 best 0.2599 -> ./runs/abl5_none/seed2
=== abl5_gaboronly_calib seed 0 ===
stem calibrated on 1024 images
[abl5_gaboronly_calib seed0] {"params_trainable": 11225316, "params_stem_trainable": 0, "params_stem_fixed_filters": 1089, "flops_total": 563129344, "flops_stem": 1115136, "flops_image_size": 32}
epoch 1/200 loss 4.6405 train 0.0181 test 0.0364
epoch 2/200 loss 4.3981 train 0.0432 test 0.0491
epoch 3/200 loss 4.1952 train 0.0654 test 0.0625
epoch 4/200 loss 4.0236 train 0.0859 test 0.0760
epoch 5/200 loss 3.9286 train 0.0900 test 0.0911
epoch 6/200 loss 3.8585 train 0.0958 test 0.0932
epoch 7/200 loss 3.7457 train 0.1271 test 0.0959
epoch 8/200 loss 3.6546 train 0.1390 test 0.0997
epoch 9/200 loss 3.6066 train 0.1303 test 0.1100
epoch 10/200 loss 3.5796 train 0.1497 test 0.1120
epoch 11/200 loss 3.5134 train 0.1567 test 0.1208
epoch 12/200 loss 3.4004 train 0.1698 test 0.1285
epoch 13/200 loss 3.3449 train 0.1772 test 0.1350
epoch 14/200 loss 3.2524 train 0.2007 test 0.1440
epoch 15/200 loss 3.1901 train 0.2081 test 0.1473
epoch 16/200 loss 3.1159 train 0.2204 test 0.1455
epoch 17/200 loss 3.0874 train 0.2274 test 0.1528
epoch 18/200 loss 3.0066 train 0.2410 test 0.1586
epoch 19/200 loss 2.9212 train 0.2603 test 0.1550
epoch 20/200 loss 2.8767 train 0.2660 test 0.1447
epoch 21/200 loss 2.7809 train 0.2808 test 0.1613
epoch 22/200 loss 2.7603 train 0.2821 test 0.1721
epoch 23/200 loss 2.6383 train 0.3158 test 0.1544
epoch 24/200 loss 2.6208 train 0.3141 test 0.1600
epoch 25/200 loss 2.5218 train 0.3405 test 0.1819
epoch 26/200 loss 2.4429 train 0.3536 test 0.1675
epoch 27/200 loss 2.3500 train 0.3680 test 0.1720
epoch 28/200 loss 2.3030 train 0.3766 test 0.1916
epoch 29/200 loss 2.2309 train 0.3914 test 0.1893
epoch 30/200 loss 2.1474 train 0.4178 test 0.1697
epoch 31/200 loss 2.0784 train 0.4354 test 0.1624
epoch 32/200 loss 1.9961 train 0.4548 test 0.1830
epoch 33/200 loss 1.9547 train 0.4420 test 0.1884
epoch 34/200 loss 1.7969 train 0.4955 test 0.1938
epoch 35/200 loss 1.6756 train 0.5275 test 0.1953
epoch 36/200 loss 1.6480 train 0.5267 test 0.1899
epoch 37/200 loss 1.5573 train 0.5559 test 0.1837
epoch 38/200 loss 1.4264 train 0.5917 test 0.2014
epoch 39/200 loss 1.3826 train 0.6028 test 0.1879
epoch 40/200 loss 1.3688 train 0.5905 test 0.1895
epoch 41/200 loss 1.2511 train 0.6295 test 0.1881
epoch 42/200 loss 1.1755 train 0.6628 test 0.1978
epoch 43/200 loss 1.1275 train 0.6525 test 0.1893
epoch 44/200 loss 0.9832 train 0.7052 test 0.1935
epoch 45/200 loss 0.8611 train 0.7677 test 0.1905
epoch 46/200 loss 0.8112 train 0.7578 test 0.2000
epoch 47/200 loss 0.7772 train 0.7640 test 0.2014
epoch 48/200 loss 0.6979 train 0.7919 test 0.2066
epoch 49/200 loss 0.6110 train 0.8220 test 0.2064
epoch 50/200 loss 0.5465 train 0.8413 test 0.2065
epoch 51/200 loss 0.4670 train 0.8754 test 0.2080
epoch 52/200 loss 0.4363 train 0.8766 test 0.2225
epoch 53/200 loss 0.4004 train 0.8873 test 0.2166
epoch 54/200 loss 0.4368 train 0.8758 test 0.1922
epoch 55/200 loss 0.4265 train 0.8766 test 0.2116
epoch 56/200 loss 0.3603 train 0.8976 test 0.2155
epoch 57/200 loss 0.2829 train 0.9297 test 0.2290
epoch 58/200 loss 0.2055 train 0.9511 test 0.2313
epoch 59/200 loss 0.1566 train 0.9696 test 0.2372
epoch 60/200 loss 0.1246 train 0.9733 test 0.2349
epoch 61/200 loss 0.1412 train 0.9659 test 0.2278
epoch 62/200 loss 0.1154 train 0.9749 test 0.2419
epoch 63/200 loss 0.1039 train 0.9782 test 0.2358
epoch 64/200 loss 0.0783 train 0.9864 test 0.2420
epoch 65/200 loss 0.0895 train 0.9840 test 0.2288
epoch 66/200 loss 0.0810 train 0.9823 test 0.2420
epoch 67/200 loss 0.0543 train 0.9914 test 0.2416
epoch 68/200 loss 0.0517 train 0.9930 test 0.2481
epoch 69/200 loss 0.0428 train 0.9942 test 0.2522
epoch 70/200 loss 0.0356 train 0.9947 test 0.2507
epoch 71/200 loss 0.0300 train 0.9971 test 0.2502
epoch 72/200 loss 0.0231 train 0.9988 test 0.2527
epoch 73/200 loss 0.0205 train 0.9979 test 0.2558
epoch 74/200 loss 0.0183 train 0.9984 test 0.2571
epoch 75/200 loss 0.0155 train 0.9988 test 0.2568
epoch 76/200 loss 0.0115 train 0.9996 test 0.2595
epoch 77/200 loss 0.0115 train 0.9996 test 0.2622
epoch 78/200 loss 0.0094 train 1.0000 test 0.2611
epoch 79/200 loss 0.0090 train 1.0000 test 0.2596
epoch 80/200 loss 0.0082 train 1.0000 test 0.2636
epoch 81/200 loss 0.0082 train 1.0000 test 0.2618
epoch 82/200 loss 0.0076 train 1.0000 test 0.2648
epoch 83/200 loss 0.0070 train 1.0000 test 0.2645
epoch 84/200 loss 0.0068 train 1.0000 test 0.2700
epoch 85/200 loss 0.0068 train 1.0000 test 0.2641
epoch 86/200 loss 0.0063 train 1.0000 test 0.2665
epoch 87/200 loss 0.0067 train 1.0000 test 0.2672
epoch 88/200 loss 0.0068 train 1.0000 test 0.2683
epoch 89/200 loss 0.0066 train 1.0000 test 0.2685
epoch 90/200 loss 0.0064 train 1.0000 test 0.2704
epoch 91/200 loss 0.0077 train 1.0000 test 0.2710
epoch 92/200 loss 0.0069 train 1.0000 test 0.2693
epoch 93/200 loss 0.0070 train 1.0000 test 0.2705
epoch 94/200 loss 0.0073 train 1.0000 test 0.2671
epoch 95/200 loss 0.0074 train 1.0000 test 0.2677
epoch 96/200 loss 0.0074 train 1.0000 test 0.2671
epoch 97/200 loss 0.0072 train 1.0000 test 0.2684
epoch 98/200 loss 0.0073 train 1.0000 test 0.2689
epoch 99/200 loss 0.0071 train 1.0000 test 0.2690
epoch 100/200 loss 0.0075 train 1.0000 test 0.2695
epoch 101/200 loss 0.0075 train 1.0000 test 0.2707
epoch 102/200 loss 0.0075 train 1.0000 test 0.2706
epoch 103/200 loss 0.0077 train 1.0000 test 0.2708
epoch 104/200 loss 0.0072 train 1.0000 test 0.2713
epoch 105/200 loss 0.0074 train 1.0000 test 0.2701
epoch 106/200 loss 0.0077 train 1.0000 test 0.2680
epoch 107/200 loss 0.0076 train 1.0000 test 0.2709
epoch 108/200 loss 0.0071 train 1.0000 test 0.2700
epoch 109/200 loss 0.0075 train 1.0000 test 0.2683
epoch 110/200 loss 0.0075 train 1.0000 test 0.2703
epoch 111/200 loss 0.0078 train 1.0000 test 0.2703
epoch 112/200 loss 0.0079 train 1.0000 test 0.2695
epoch 113/200 loss 0.0076 train 1.0000 test 0.2714
epoch 114/200 loss 0.0076 train 1.0000 test 0.2709
epoch 115/200 loss 0.0075 train 1.0000 test 0.2715
epoch 116/200 loss 0.0072 train 1.0000 test 0.2714
epoch 117/200 loss 0.0072 train 1.0000 test 0.2703
epoch 118/200 loss 0.0072 train 1.0000 test 0.2713
epoch 119/200 loss 0.0076 train 1.0000 test 0.2704
epoch 120/200 loss 0.0079 train 1.0000 test 0.2718
epoch 121/200 loss 0.0076 train 1.0000 test 0.2711
epoch 122/200 loss 0.0076 train 1.0000 test 0.2728
epoch 123/200 loss 0.0075 train 1.0000 test 0.2711
epoch 124/200 loss 0.0077 train 1.0000 test 0.2717
epoch 125/200 loss 0.0075 train 1.0000 test 0.2695
epoch 126/200 loss 0.0077 train 1.0000 test 0.2695
epoch 127/200 loss 0.0073 train 1.0000 test 0.2714
epoch 128/200 loss 0.0075 train 1.0000 test 0.2728
epoch 129/200 loss 0.0075 train 1.0000 test 0.2711
epoch 130/200 loss 0.0076 train 1.0000 test 0.2704
epoch 131/200 loss 0.0073 train 1.0000 test 0.2714
epoch 132/200 loss 0.0074 train 1.0000 test 0.2737
epoch 133/200 loss 0.0073 train 1.0000 test 0.2736
epoch 134/200 loss 0.0074 train 1.0000 test 0.2711
epoch 135/200 loss 0.0069 train 1.0000 test 0.2722
epoch 136/200 loss 0.0073 train 1.0000 test 0.2720
epoch 137/200 loss 0.0068 train 1.0000 test 0.2719
epoch 138/200 loss 0.0073 train 1.0000 test 0.2713
epoch 139/200 loss 0.0075 train 1.0000 test 0.2730
epoch 140/200 loss 0.0071 train 1.0000 test 0.2726
epoch 141/200 loss 0.0072 train 1.0000 test 0.2710
epoch 142/200 loss 0.0069 train 1.0000 test 0.2726
epoch 143/200 loss 0.0074 train 1.0000 test 0.2727
epoch 144/200 loss 0.0069 train 1.0000 test 0.2716
epoch 145/200 loss 0.0074 train 1.0000 test 0.2705
epoch 146/200 loss 0.0078 train 1.0000 test 0.2733
epoch 147/200 loss 0.0070 train 1.0000 test 0.2717
epoch 148/200 loss 0.0073 train 1.0000 test 0.2719
epoch 149/200 loss 0.0069 train 1.0000 test 0.2713
epoch 150/200 loss 0.0072 train 1.0000 test 0.2717
epoch 151/200 loss 0.0073 train 1.0000 test 0.2704
epoch 152/200 loss 0.0073 train 1.0000 test 0.2726
epoch 153/200 loss 0.0073 train 1.0000 test 0.2724
epoch 154/200 loss 0.0076 train 1.0000 test 0.2727
epoch 155/200 loss 0.0071 train 1.0000 test 0.2695
epoch 156/200 loss 0.0073 train 1.0000 test 0.2722
epoch 157/200 loss 0.0073 train 1.0000 test 0.2697
epoch 158/200 loss 0.0071 train 1.0000 test 0.2721
epoch 159/200 loss 0.0070 train 1.0000 test 0.2718
epoch 160/200 loss 0.0072 train 1.0000 test 0.2724
epoch 161/200 loss 0.0067 train 1.0000 test 0.2711
epoch 162/200 loss 0.0071 train 1.0000 test 0.2707
epoch 163/200 loss 0.0072 train 1.0000 test 0.2704
epoch 164/200 loss 0.0072 train 1.0000 test 0.2701
epoch 165/200 loss 0.0070 train 1.0000 test 0.2697
epoch 166/200 loss 0.0070 train 1.0000 test 0.2702
epoch 167/200 loss 0.0074 train 1.0000 test 0.2706
epoch 168/200 loss 0.0071 train 1.0000 test 0.2727
epoch 169/200 loss 0.0072 train 1.0000 test 0.2719
epoch 170/200 loss 0.0070 train 1.0000 test 0.2720
epoch 171/200 loss 0.0069 train 1.0000 test 0.2699
epoch 172/200 loss 0.0069 train 1.0000 test 0.2716
epoch 173/200 loss 0.0076 train 1.0000 test 0.2707
epoch 174/200 loss 0.0074 train 1.0000 test 0.2721
epoch 175/200 loss 0.0070 train 1.0000 test 0.2726
epoch 176/200 loss 0.0070 train 1.0000 test 0.2727
epoch 177/200 loss 0.0069 train 1.0000 test 0.2714
epoch 178/200 loss 0.0069 train 1.0000 test 0.2713
epoch 179/200 loss 0.0072 train 1.0000 test 0.2727
epoch 180/200 loss 0.0068 train 1.0000 test 0.2722
epoch 181/200 loss 0.0072 train 1.0000 test 0.2715
epoch 182/200 loss 0.0073 train 1.0000 test 0.2706
epoch 183/200 loss 0.0074 train 1.0000 test 0.2708
epoch 184/200 loss 0.0069 train 1.0000 test 0.2715
epoch 185/200 loss 0.0069 train 1.0000 test 0.2703
epoch 186/200 loss 0.0069 train 1.0000 test 0.2705
epoch 187/200 loss 0.0071 train 1.0000 test 0.2714
epoch 188/200 loss 0.0073 train 1.0000 test 0.2704
epoch 189/200 loss 0.0069 train 1.0000 test 0.2713
epoch 190/200 loss 0.0068 train 1.0000 test 0.2714
epoch 191/200 loss 0.0069 train 1.0000 test 0.2711
epoch 192/200 loss 0.0068 train 1.0000 test 0.2719
epoch 193/200 loss 0.0070 train 1.0000 test 0.2721
epoch 194/200 loss 0.0071 train 1.0000 test 0.2729
epoch 195/200 loss 0.0074 train 1.0000 test 0.2725
epoch 196/200 loss 0.0071 train 1.0000 test 0.2721
epoch 197/200 loss 0.0071 train 1.0000 test 0.2722
epoch 198/200 loss 0.0070 train 1.0000 test 0.2724
epoch 199/200 loss 0.0070 train 1.0000 test 0.2694
epoch 200/200 loss 0.0070 train 1.0000 test 0.2712
done: final 0.2712 best 0.2737 -> ./runs/abl5_gaboronly_calib/seed0
=== abl5_gaboronly_calib seed 1 ===
stem calibrated on 1024 images
[abl5_gaboronly_calib seed1] {"params_trainable": 11225316, "params_stem_trainable": 0, "params_stem_fixed_filters": 1089, "flops_total": 563129344, "flops_stem": 1115136, "flops_image_size": 32}
epoch 1/200 loss 4.6499 train 0.0132 test 0.0317
epoch 2/200 loss 4.4116 train 0.0440 test 0.0489
epoch 3/200 loss 4.2135 train 0.0662 test 0.0734
epoch 4/200 loss 4.0490 train 0.0777 test 0.0774
epoch 5/200 loss 3.9738 train 0.1069 test 0.0912
epoch 6/200 loss 3.8290 train 0.1081 test 0.0882
epoch 7/200 loss 3.7520 train 0.1217 test 0.0964
epoch 8/200 loss 3.6811 train 0.1238 test 0.1088
epoch 9/200 loss 3.6213 train 0.1419 test 0.1047
epoch 10/200 loss 3.5323 train 0.1562 test 0.1145
epoch 11/200 loss 3.4551 train 0.1620 test 0.1184
epoch 12/200 loss 3.4167 train 0.1789 test 0.1272
epoch 13/200 loss 3.3459 train 0.1842 test 0.1189
epoch 14/200 loss 3.3140 train 0.1937 test 0.1380
epoch 15/200 loss 3.2164 train 0.2056 test 0.1521
epoch 16/200 loss 3.1155 train 0.2237 test 0.1365
epoch 17/200 loss 3.0293 train 0.2447 test 0.1555
epoch 18/200 loss 2.9941 train 0.2389 test 0.1608
epoch 19/200 loss 2.9419 train 0.2488 test 0.1603
epoch 20/200 loss 2.8439 train 0.2738 test 0.1454
epoch 21/200 loss 2.7951 train 0.2718 test 0.1631
epoch 22/200 loss 2.7254 train 0.2998 test 0.1674
epoch 23/200 loss 2.6638 train 0.2965 test 0.1671
epoch 24/200 loss 2.5662 train 0.3240 test 0.1634
epoch 25/200 loss 2.5087 train 0.3351 test 0.1451
epoch 26/200 loss 2.4388 train 0.3635 test 0.1831
epoch 27/200 loss 2.3132 train 0.3803 test 0.1867
epoch 28/200 loss 2.2318 train 0.4042 test 0.1842
epoch 29/200 loss 2.2084 train 0.3993 test 0.1869
epoch 30/200 loss 2.1650 train 0.4161 test 0.1862
epoch 31/200 loss 2.0753 train 0.4276 test 0.1834
epoch 32/200 loss 1.9927 train 0.4383 test 0.1747
epoch 33/200 loss 1.8817 train 0.4729 test 0.1874
epoch 34/200 loss 1.7945 train 0.4852 test 0.1926
epoch 35/200 loss 1.7066 train 0.5238 test 0.1839
epoch 36/200 loss 1.6163 train 0.5432 test 0.1912
epoch 37/200 loss 1.5040 train 0.5588 test 0.1937
epoch 38/200 loss 1.4505 train 0.5789 test 0.2080
epoch 39/200 loss 1.3614 train 0.5999 test 0.1899
epoch 40/200 loss 1.3075 train 0.6147 test 0.1914
epoch 41/200 loss 1.2470 train 0.6394 test 0.1852
epoch 42/200 loss 1.1379 train 0.6641 test 0.1941
epoch 43/200 loss 1.1092 train 0.6752 test 0.1895
epoch 44/200 loss 1.0307 train 0.6941 test 0.1921
epoch 45/200 loss 0.8963 train 0.7405 test 0.2002
epoch 46/200 loss 0.8040 train 0.7697 test 0.2087
epoch 47/200 loss 0.6879 train 0.7956 test 0.2030
epoch 48/200 loss 0.6245 train 0.8166 test 0.2175
epoch 49/200 loss 0.6276 train 0.8055 test 0.1816
epoch 50/200 loss 0.5821 train 0.8277 test 0.2149
epoch 51/200 loss 0.4650 train 0.8664 test 0.2061
epoch 52/200 loss 0.4469 train 0.8627 test 0.2129
epoch 53/200 loss 0.4179 train 0.8808 test 0.1957
epoch 54/200 loss 0.4129 train 0.8791 test 0.2084
epoch 55/200 loss 0.3792 train 0.8898 test 0.2131
epoch 56/200 loss 0.3435 train 0.9062 test 0.2107
epoch 57/200 loss 0.3323 train 0.9054 test 0.2237
epoch 58/200 loss 0.3063 train 0.9190 test 0.2235
epoch 59/200 loss 0.2558 train 0.9268 test 0.2277
epoch 60/200 loss 0.2232 train 0.9391 test 0.2198
epoch 61/200 loss 0.2121 train 0.9420 test 0.2275
epoch 62/200 loss 0.1956 train 0.9457 test 0.2203
epoch 63/200 loss 0.1557 train 0.9642 test 0.2360
epoch 64/200 loss 0.1123 train 0.9774 test 0.2451
epoch 65/200 loss 0.0912 train 0.9807 test 0.2342
epoch 66/200 loss 0.0959 train 0.9782 test 0.2351
epoch 67/200 loss 0.0884 train 0.9823 test 0.2467
epoch 68/200 loss 0.0648 train 0.9889 test 0.2420
epoch 69/200 loss 0.0472 train 0.9942 test 0.2527
epoch 70/200 loss 0.0301 train 0.9971 test 0.2564
epoch 71/200 loss 0.0279 train 0.9963 test 0.2554
epoch 72/200 loss 0.0221 train 0.9979 test 0.2614
epoch 73/200 loss 0.0210 train 0.9967 test 0.2527
epoch 74/200 loss 0.0209 train 0.9984 test 0.2618
epoch 75/200 loss 0.0171 train 0.9988 test 0.2622
epoch 76/200 loss 0.0180 train 0.9975 test 0.2615
epoch 77/200 loss 0.0192 train 0.9984 test 0.2582
epoch 78/200 loss 0.0156 train 0.9988 test 0.2607
epoch 79/200 loss 0.0184 train 0.9984 test 0.2625
epoch 80/200 loss 0.0229 train 0.9959 test 0.2602
epoch 81/200 loss 0.0154 train 0.9984 test 0.2637
epoch 82/200 loss 0.0119 train 0.9996 test 0.2670
epoch 83/200 loss 0.0113 train 1.0000 test 0.2641
epoch 84/200 loss 0.0087 train 1.0000 test 0.2691
epoch 85/200 loss 0.0078 train 1.0000 test 0.2684
epoch 86/200 loss 0.0087 train 1.0000 test 0.2683
epoch 87/200 loss 0.0073 train 1.0000 test 0.2651
epoch 88/200 loss 0.0077 train 1.0000 test 0.2678
epoch 89/200 loss 0.0073 train 1.0000 test 0.2681
epoch 90/200 loss 0.0073 train 1.0000 test 0.2665
epoch 91/200 loss 0.0081 train 1.0000 test 0.2698
epoch 92/200 loss 0.0079 train 0.9996 test 0.2666
epoch 93/200 loss 0.0078 train 1.0000 test 0.2707
epoch 94/200 loss 0.0075 train 1.0000 test 0.2683
epoch 95/200 loss 0.0068 train 1.0000 test 0.2713
epoch 96/200 loss 0.0072 train 1.0000 test 0.2680
epoch 97/200 loss 0.0075 train 1.0000 test 0.2682
epoch 98/200 loss 0.0076 train 1.0000 test 0.2703
epoch 99/200 loss 0.0069 train 1.0000 test 0.2724
epoch 100/200 loss 0.0072 train 1.0000 test 0.2693
epoch 101/200 loss 0.0070 train 1.0000 test 0.2678
epoch 102/200 loss 0.0077 train 1.0000 test 0.2701
epoch 103/200 loss 0.0070 train 1.0000 test 0.2701
epoch 104/200 loss 0.0078 train 1.0000 test 0.2702
epoch 105/200 loss 0.0069 train 1.0000 test 0.2711
epoch 106/200 loss 0.0074 train 1.0000 test 0.2714
epoch 107/200 loss 0.0079 train 1.0000 test 0.2715
epoch 108/200 loss 0.0078 train 1.0000 test 0.2696
epoch 109/200 loss 0.0071 train 1.0000 test 0.2692
epoch 110/200 loss 0.0073 train 1.0000 test 0.2733
epoch 111/200 loss 0.0072 train 1.0000 test 0.2722
epoch 112/200 loss 0.0068 train 1.0000 test 0.2708
epoch 113/200 loss 0.0077 train 1.0000 test 0.2730
epoch 114/200 loss 0.0082 train 1.0000 test 0.2710
epoch 115/200 loss 0.0072 train 1.0000 test 0.2723
epoch 116/200 loss 0.0078 train 1.0000 test 0.2727
epoch 117/200 loss 0.0077 train 1.0000 test 0.2721
epoch 118/200 loss 0.0078 train 1.0000 test 0.2691
epoch 119/200 loss 0.0072 train 1.0000 test 0.2717
epoch 120/200 loss 0.0077 train 1.0000 test 0.2712
epoch 121/200 loss 0.0073 train 1.0000 test 0.2703
epoch 122/200 loss 0.0073 train 1.0000 test 0.2705
epoch 123/200 loss 0.0076 train 1.0000 test 0.2683
epoch 124/200 loss 0.0076 train 1.0000 test 0.2722
epoch 125/200 loss 0.0079 train 1.0000 test 0.2713
epoch 126/200 loss 0.0075 train 1.0000 test 0.2725
epoch 127/200 loss 0.0075 train 1.0000 test 0.2719
epoch 128/200 loss 0.0072 train 1.0000 test 0.2714
epoch 129/200 loss 0.0073 train 1.0000 test 0.2726
epoch 130/200 loss 0.0077 train 1.0000 test 0.2744
epoch 131/200 loss 0.0071 train 1.0000 test 0.2739
epoch 132/200 loss 0.0073 train 1.0000 test 0.2723
epoch 133/200 loss 0.0073 train 1.0000 test 0.2733
epoch 134/200 loss 0.0072 train 1.0000 test 0.2734
epoch 135/200 loss 0.0079 train 1.0000 test 0.2713
epoch 136/200 loss 0.0072 train 1.0000 test 0.2729
epoch 137/200 loss 0.0073 train 1.0000 test 0.2725
epoch 138/200 loss 0.0073 train 1.0000 test 0.2740
epoch 139/200 loss 0.0069 train 1.0000 test 0.2730
epoch 140/200 loss 0.0070 train 1.0000 test 0.2716
epoch 141/200 loss 0.0070 train 1.0000 test 0.2709
epoch 142/200 loss 0.0075 train 1.0000 test 0.2743
epoch 143/200 loss 0.0076 train 1.0000 test 0.2722
epoch 144/200 loss 0.0074 train 1.0000 test 0.2720
epoch 145/200 loss 0.0075 train 1.0000 test 0.2732
epoch 146/200 loss 0.0077 train 1.0000 test 0.2724
epoch 147/200 loss 0.0069 train 1.0000 test 0.2739
epoch 148/200 loss 0.0080 train 1.0000 test 0.2747
epoch 149/200 loss 0.0075 train 1.0000 test 0.2748
epoch 150/200 loss 0.0076 train 1.0000 test 0.2733
epoch 151/200 loss 0.0074 train 1.0000 test 0.2733
epoch 152/200 loss 0.0073 train 1.0000 test 0.2737
epoch 153/200 loss 0.0070 train 1.0000 test 0.2735
epoch 154/200 loss 0.0074 train 1.0000 test 0.2745
epoch 155/200 loss 0.0076 train 1.0000 test 0.2741
epoch 156/200 loss 0.0074 train 1.0000 test 0.2727
epoch 157/200 loss 0.0073 train 1.0000 test 0.2731
epoch 158/200 loss 0.0074 train 1.0000 test 0.2744
epoch 159/200 loss 0.0075 train 1.0000 test 0.2731
epoch 160/200 loss 0.0070 train 1.0000 test 0.2739
epoch 161/200 loss 0.0071 train 1.0000 test 0.2733
epoch 162/200 loss 0.0072 train 1.0000 test 0.2720
epoch 163/200 loss 0.0076 train 1.0000 test 0.2737
epoch 164/200 loss 0.0072 train 1.0000 test 0.2720
epoch 165/200 loss 0.0073 train 1.0000 test 0.2727
epoch 166/200 loss 0.0073 train 1.0000 test 0.2731
epoch 167/200 loss 0.0075 train 1.0000 test 0.2725
epoch 168/200 loss 0.0067 train 1.0000 test 0.2725
epoch 169/200 loss 0.0070 train 1.0000 test 0.2728
epoch 170/200 loss 0.0072 train 1.0000 test 0.2736
epoch 171/200 loss 0.0074 train 1.0000 test 0.2725
epoch 172/200 loss 0.0074 train 1.0000 test 0.2730
epoch 173/200 loss 0.0075 train 1.0000 test 0.2720
epoch 174/200 loss 0.0072 train 1.0000 test 0.2725
epoch 175/200 loss 0.0074 train 1.0000 test 0.2732
epoch 176/200 loss 0.0072 train 1.0000 test 0.2728
epoch 177/200 loss 0.0073 train 1.0000 test 0.2730
epoch 178/200 loss 0.0071 train 1.0000 test 0.2718
epoch 179/200 loss 0.0071 train 1.0000 test 0.2730
epoch 180/200 loss 0.0070 train 1.0000 test 0.2719
epoch 181/200 loss 0.0072 train 1.0000 test 0.2731
epoch 182/200 loss 0.0075 train 1.0000 test 0.2731
epoch 183/200 loss 0.0076 train 1.0000 test 0.2734
epoch 184/200 loss 0.0070 train 1.0000 test 0.2713
epoch 185/200 loss 0.0074 train 1.0000 test 0.2726
epoch 186/200 loss 0.0068 train 1.0000 test 0.2738
epoch 187/200 loss 0.0067 train 1.0000 test 0.2711
epoch 188/200 loss 0.0070 train 1.0000 test 0.2725
epoch 189/200 loss 0.0071 train 1.0000 test 0.2733
epoch 190/200 loss 0.0069 train 1.0000 test 0.2734
epoch 191/200 loss 0.0069 train 1.0000 test 0.2742
epoch 192/200 loss 0.0072 train 1.0000 test 0.2734
epoch 193/200 loss 0.0073 train 1.0000 test 0.2734
epoch 194/200 loss 0.0070 train 1.0000 test 0.2734
epoch 195/200 loss 0.0074 train 1.0000 test 0.2725
epoch 196/200 loss 0.0070 train 1.0000 test 0.2728
epoch 197/200 loss 0.0071 train 1.0000 test 0.2728
epoch 198/200 loss 0.0072 train 1.0000 test 0.2710
epoch 199/200 loss 0.0074 train 1.0000 test 0.2727
epoch 200/200 loss 0.0067 train 1.0000 test 0.2710
done: final 0.2710 best 0.2748 -> ./runs/abl5_gaboronly_calib/seed1
=== abl5_gaboronly_calib seed 2 ===
stem calibrated on 1024 images
[abl5_gaboronly_calib seed2] {"params_trainable": 11225316, "params_stem_trainable": 0, "params_stem_fixed_filters": 1089, "flops_total": 563129344, "flops_stem": 1115136, "flops_image_size": 32}
epoch 1/200 loss 4.6265 train 0.0132 test 0.0361
epoch 2/200 loss 4.3973 train 0.0370 test 0.0485
epoch 3/200 loss 4.2025 train 0.0674 test 0.0676
epoch 4/200 loss 4.0373 train 0.0802 test 0.0782
epoch 5/200 loss 3.9180 train 0.1016 test 0.0931
epoch 6/200 loss 3.7900 train 0.1127 test 0.0965
epoch 7/200 loss 3.6891 train 0.1123 test 0.0964
epoch 8/200 loss 3.6896 train 0.1250 test 0.1079
epoch 9/200 loss 3.6339 train 0.1382 test 0.1150
epoch 10/200 loss 3.5091 train 0.1562 test 0.1124
epoch 11/200 loss 3.4464 train 0.1628 test 0.1199
epoch 12/200 loss 3.3673 train 0.1768 test 0.1240
epoch 13/200 loss 3.3221 train 0.1871 test 0.1172
epoch 14/200 loss 3.2739 train 0.1846 test 0.1390
epoch 15/200 loss 3.1788 train 0.2019 test 0.1372
epoch 16/200 loss 3.1266 train 0.2167 test 0.1465
epoch 17/200 loss 3.0647 train 0.2414 test 0.1448
epoch 18/200 loss 2.9851 train 0.2496 test 0.1459
epoch 19/200 loss 2.9095 train 0.2656 test 0.1499
epoch 20/200 loss 2.8303 train 0.2640 test 0.1674
epoch 21/200 loss 2.7912 train 0.2788 test 0.1481
epoch 22/200 loss 2.6957 train 0.3018 test 0.1501
epoch 23/200 loss 2.6497 train 0.3084 test 0.1744
epoch 24/200 loss 2.6006 train 0.3133 test 0.1619
epoch 25/200 loss 2.5361 train 0.3178 test 0.1645
epoch 26/200 loss 2.4838 train 0.3392 test 0.1773
epoch 27/200 loss 2.4234 train 0.3429 test 0.1722
epoch 28/200 loss 2.2825 train 0.3923 test 0.1767
epoch 29/200 loss 2.1654 train 0.3997 test 0.1747
epoch 30/200 loss 2.1644 train 0.3960 test 0.1935
epoch 31/200 loss 2.0373 train 0.4239 test 0.1753
epoch 32/200 loss 1.9696 train 0.4474 test 0.1902
epoch 33/200 loss 1.9340 train 0.4646 test 0.1782
epoch 34/200 loss 1.8225 train 0.4971 test 0.1933
epoch 35/200 loss 1.7198 train 0.5111 test 0.1888
epoch 36/200 loss 1.6343 train 0.5312 test 0.2050
epoch 37/200 loss 1.5424 train 0.5551 test 0.2009
epoch 38/200 loss 1.4326 train 0.5781 test 0.1959
epoch 39/200 loss 1.4066 train 0.5859 test 0.1966
epoch 40/200 loss 1.2704 train 0.6377 test 0.1790
epoch 41/200 loss 1.2864 train 0.6258 test 0.2018
epoch 42/200 loss 1.1510 train 0.6571 test 0.2078
epoch 43/200 loss 1.0389 train 0.6912 test 0.1898
epoch 44/200 loss 0.9740 train 0.7093 test 0.2087
epoch 45/200 loss 0.8868 train 0.7373 test 0.2014
epoch 46/200 loss 0.8137 train 0.7648 test 0.1981
epoch 47/200 loss 0.8071 train 0.7656 test 0.1910
epoch 48/200 loss 0.6756 train 0.8096 test 0.1866
epoch 49/200 loss 0.6698 train 0.8104 test 0.2213
epoch 50/200 loss 0.5633 train 0.8339 test 0.1990
epoch 51/200 loss 0.5163 train 0.8557 test 0.2025
epoch 52/200 loss 0.4871 train 0.8569 test 0.2136
epoch 53/200 loss 0.4684 train 0.8635 test 0.1951
epoch 54/200 loss 0.4051 train 0.8947 test 0.2224
epoch 55/200 loss 0.3108 train 0.9132 test 0.2134
epoch 56/200 loss 0.2756 train 0.9272 test 0.2278
epoch 57/200 loss 0.2365 train 0.9400 test 0.2090
epoch 58/200 loss 0.2216 train 0.9396 test 0.2204
epoch 59/200 loss 0.2160 train 0.9449 test 0.2243
epoch 60/200 loss 0.2093 train 0.9433 test 0.2242
epoch 61/200 loss 0.1911 train 0.9498 test 0.2223
epoch 62/200 loss 0.2164 train 0.9437 test 0.2260
epoch 63/200 loss 0.1706 train 0.9605 test 0.2202
epoch 64/200 loss 0.1305 train 0.9700 test 0.2383
epoch 65/200 loss 0.1253 train 0.9708 test 0.2233
epoch 66/200 loss 0.1153 train 0.9745 test 0.2394
epoch 67/200 loss 0.0805 train 0.9848 test 0.2416
epoch 68/200 loss 0.0672 train 0.9877 test 0.2481
epoch 69/200 loss 0.0675 train 0.9877 test 0.2280
epoch 70/200 loss 0.0625 train 0.9873 test 0.2461
epoch 71/200 loss 0.0529 train 0.9910 test 0.2510
epoch 72/200 loss 0.0485 train 0.9918 test 0.2494
epoch 73/200 loss 0.0420 train 0.9947 test 0.2473
epoch 74/200 loss 0.0336 train 0.9955 test 0.2531
epoch 75/200 loss 0.0313 train 0.9959 test 0.2518
epoch 76/200 loss 0.0212 train 0.9975 test 0.2558
epoch 77/200 loss 0.0278 train 0.9963 test 0.2590
epoch 78/200 loss 0.0238 train 0.9984 test 0.2564
epoch 79/200 loss 0.0219 train 0.9975 test 0.2531
epoch 80/200 loss 0.0136 train 0.9992 test 0.2642
epoch 81/200 loss 0.0106 train 1.0000 test 0.2631
epoch 82/200 loss 0.0088 train 1.0000 test 0.2663
epoch 83/200 loss 0.0083 train 1.0000 test 0.2649
epoch 84/200 loss 0.0067 train 1.0000 test 0.2670
epoch 85/200 loss 0.0070 train 1.0000 test 0.2695
epoch 86/200 loss 0.0069 train 1.0000 test 0.2684
epoch 87/200 loss 0.0066 train 1.0000 test 0.2693
epoch 88/200 loss 0.0063 train 1.0000 test 0.2664
epoch 89/200 loss 0.0067 train 1.0000 test 0.2666
epoch 90/200 loss 0.0064 train 1.0000 test 0.2684
epoch 91/200 loss 0.0067 train 1.0000 test 0.2694
epoch 92/200 loss 0.0063 train 1.0000 test 0.2692
epoch 93/200 loss 0.0067 train 1.0000 test 0.2688
epoch 94/200 loss 0.0064 train 1.0000 test 0.2684
epoch 95/200 loss 0.0064 train 1.0000 test 0.2687
epoch 96/200 loss 0.0064 train 1.0000 test 0.2716
epoch 97/200 loss 0.0065 train 1.0000 test 0.2699
epoch 98/200 loss 0.0062 train 1.0000 test 0.2721
epoch 99/200 loss 0.0065 train 1.0000 test 0.2712
epoch 100/200 loss 0.0065 train 1.0000 test 0.2722
epoch 101/200 loss 0.0069 train 1.0000 test 0.2698
epoch 102/200 loss 0.0069 train 1.0000 test 0.2706
epoch 103/200 loss 0.0064 train 1.0000 test 0.2716
epoch 104/200 loss 0.0071 train 1.0000 test 0.2700
epoch 105/200 loss 0.0066 train 1.0000 test 0.2718
epoch 106/200 loss 0.0070 train 1.0000 test 0.2680
epoch 107/200 loss 0.0069 train 1.0000 test 0.2708
epoch 108/200 loss 0.0071 train 1.0000 test 0.2694
epoch 109/200 loss 0.0068 train 1.0000 test 0.2715
epoch 110/200 loss 0.0068 train 1.0000 test 0.2698
epoch 111/200 loss 0.0070 train 1.0000 test 0.2704
epoch 112/200 loss 0.0067 train 1.0000 test 0.2698
epoch 113/200 loss 0.0068 train 1.0000 test 0.2720
epoch 114/200 loss 0.0072 train 1.0000 test 0.2706
epoch 115/200 loss 0.0070 train 1.0000 test 0.2704
epoch 116/200 loss 0.0074 train 1.0000 test 0.2708
epoch 117/200 loss 0.0074 train 1.0000 test 0.2718
epoch 118/200 loss 0.0073 train 1.0000 test 0.2718
epoch 119/200 loss 0.0073 train 1.0000 test 0.2695
epoch 120/200 loss 0.0070 train 1.0000 test 0.2703
epoch 121/200 loss 0.0073 train 1.0000 test 0.2690
epoch 122/200 loss 0.0073 train 1.0000 test 0.2713
epoch 123/200 loss 0.0071 train 1.0000 test 0.2702
epoch 124/200 loss 0.0072 train 1.0000 test 0.2707
epoch 125/200 loss 0.0070 train 1.0000 test 0.2711
epoch 126/200 loss 0.0069 train 1.0000 test 0.2732
epoch 127/200 loss 0.0072 train 1.0000 test 0.2721
epoch 128/200 loss 0.0071 train 1.0000 test 0.2709
epoch 129/200 loss 0.0075 train 1.0000 test 0.2727
epoch 130/200 loss 0.0070 train 1.0000 test 0.2719
epoch 131/200 loss 0.0075 train 1.0000 test 0.2716
epoch 132/200 loss 0.0067 train 1.0000 test 0.2716
epoch 133/200 loss 0.0070 train 1.0000 test 0.2712
epoch 134/200 loss 0.0070 train 1.0000 test 0.2714
epoch 135/200 loss 0.0067 train 1.0000 test 0.2730
epoch 136/200 loss 0.0075 train 1.0000 test 0.2734
epoch 137/200 loss 0.0074 train 1.0000 test 0.2720
epoch 138/200 loss 0.0073 train 1.0000 test 0.2726
epoch 139/200 loss 0.0074 train 1.0000 test 0.2724
epoch 140/200 loss 0.0074 train 1.0000 test 0.2733
epoch 141/200 loss 0.0071 train 1.0000 test 0.2727
epoch 142/200 loss 0.0071 train 1.0000 test 0.2719
epoch 143/200 loss 0.0075 train 1.0000 test 0.2717
epoch 144/200 loss 0.0072 train 1.0000 test 0.2721
epoch 145/200 loss 0.0071 train 1.0000 test 0.2726
epoch 146/200 loss 0.0072 train 1.0000 test 0.2730
epoch 147/200 loss 0.0069 train 1.0000 test 0.2711
epoch 148/200 loss 0.0068 train 1.0000 test 0.2727
epoch 149/200 loss 0.0070 train 1.0000 test 0.2725
epoch 150/200 loss 0.0069 train 1.0000 test 0.2721
epoch 151/200 loss 0.0069 train 1.0000 test 0.2711
epoch 152/200 loss 0.0069 train 1.0000 test 0.2726
epoch 153/200 loss 0.0071 train 1.0000 test 0.2722
epoch 154/200 loss 0.0076 train 1.0000 test 0.2731
epoch 155/200 loss 0.0073 train 1.0000 test 0.2728
epoch 156/200 loss 0.0071 train 1.0000 test 0.2729
epoch 157/200 loss 0.0066 train 1.0000 test 0.2735
epoch 158/200 loss 0.0071 train 1.0000 test 0.2712
epoch 159/200 loss 0.0074 train 1.0000 test 0.2722
epoch 160/200 loss 0.0071 train 1.0000 test 0.2732
epoch 161/200 loss 0.0075 train 1.0000 test 0.2728
epoch 162/200 loss 0.0067 train 1.0000 test 0.2718
epoch 163/200 loss 0.0074 train 1.0000 test 0.2717
epoch 164/200 loss 0.0071 train 1.0000 test 0.2723
epoch 165/200 loss 0.0074 train 1.0000 test 0.2730
epoch 166/200 loss 0.0069 train 1.0000 test 0.2724
epoch 167/200 loss 0.0067 train 1.0000 test 0.2738
epoch 168/200 loss 0.0075 train 1.0000 test 0.2730
epoch 169/200 loss 0.0066 train 1.0000 test 0.2719
epoch 170/200 loss 0.0069 train 1.0000 test 0.2718
epoch 171/200 loss 0.0071 train 1.0000 test 0.2725
epoch 172/200 loss 0.0071 train 1.0000 test 0.2718
epoch 173/200 loss 0.0068 train 1.0000 test 0.2728
epoch 174/200 loss 0.0076 train 1.0000 test 0.2740
epoch 175/200 loss 0.0073 train 1.0000 test 0.2727
epoch 176/200 loss 0.0069 train 1.0000 test 0.2731
epoch 177/200 loss 0.0070 train 1.0000 test 0.2712
epoch 178/200 loss 0.0073 train 1.0000 test 0.2719
epoch 179/200 loss 0.0074 train 1.0000 test 0.2723
epoch 180/200 loss 0.0070 train 1.0000 test 0.2724
epoch 181/200 loss 0.0069 train 1.0000 test 0.2720
epoch 182/200 loss 0.0072 train 1.0000 test 0.2724
epoch 183/200 loss 0.0070 train 1.0000 test 0.2731
epoch 184/200 loss 0.0068 train 1.0000 test 0.2734
epoch 185/200 loss 0.0073 train 1.0000 test 0.2726
epoch 186/200 loss 0.0068 train 1.0000 test 0.2724
epoch 187/200 loss 0.0070 train 1.0000 test 0.2730
epoch 188/200 loss 0.0067 train 1.0000 test 0.2717
epoch 189/200 loss 0.0073 train 1.0000 test 0.2731
epoch 190/200 loss 0.0067 train 1.0000 test 0.2720
epoch 191/200 loss 0.0071 train 1.0000 test 0.2733
epoch 192/200 loss 0.0067 train 1.0000 test 0.2732
epoch 193/200 loss 0.0068 train 1.0000 test 0.2723
epoch 194/200 loss 0.0070 train 1.0000 test 0.2725
epoch 195/200 loss 0.0070 train 1.0000 test 0.2724
epoch 196/200 loss 0.0070 train 1.0000 test 0.2730
epoch 197/200 loss 0.0074 train 1.0000 test 0.2721
epoch 198/200 loss 0.0073 train 1.0000 test 0.2727
epoch 199/200 loss 0.0070 train 1.0000 test 0.2720
epoch 200/200 loss 0.0069 train 1.0000 test 0.2721
done: final 0.2721 best 0.2740 -> ./runs/abl5_gaboronly_calib/seed2
=== abl5_cat_calib seed 0 ===
stem calibrated on 1024 images
[abl5_cat_calib seed0] {"params_trainable": 11233956, "params_stem_trainable": 0, "params_stem_fixed_filters": 6534, "flops_total": 577552384, "flops_stem": 6690816, "flops_image_size": 32}
epoch 1/200 loss 4.6681 train 0.0115 test 0.0240
epoch 2/200 loss 4.4880 train 0.0255 test 0.0389
epoch 3/200 loss 4.2641 train 0.0514 test 0.0550
epoch 4/200 loss 4.1228 train 0.0711 test 0.0696
epoch 5/200 loss 3.9910 train 0.0876 test 0.0841
epoch 6/200 loss 3.9080 train 0.0962 test 0.0896
epoch 7/200 loss 3.8063 train 0.1258 test 0.0970
epoch 8/200 loss 3.7148 train 0.1275 test 0.0952
epoch 9/200 loss 3.6570 train 0.1229 test 0.1053
epoch 10/200 loss 3.6074 train 0.1484 test 0.1130
epoch 11/200 loss 3.5284 train 0.1542 test 0.1171
epoch 12/200 loss 3.4112 train 0.1727 test 0.1299
epoch 13/200 loss 3.3632 train 0.1924 test 0.1290
epoch 14/200 loss 3.2939 train 0.1924 test 0.1430
epoch 15/200 loss 3.2379 train 0.2105 test 0.1474
epoch 16/200 loss 3.1627 train 0.2155 test 0.1506
epoch 17/200 loss 3.1194 train 0.2155 test 0.1440
epoch 18/200 loss 3.0544 train 0.2368 test 0.1497
epoch 19/200 loss 2.9782 train 0.2467 test 0.1600
epoch 20/200 loss 2.9275 train 0.2570 test 0.1313
epoch 21/200 loss 2.8605 train 0.2656 test 0.1476
epoch 22/200 loss 2.8215 train 0.2792 test 0.1694
epoch 23/200 loss 2.7197 train 0.2961 test 0.1577
epoch 24/200 loss 2.6567 train 0.3059 test 0.1526
epoch 25/200 loss 2.5865 train 0.3289 test 0.1698
epoch 26/200 loss 2.5422 train 0.3400 test 0.1697
epoch 27/200 loss 2.4615 train 0.3425 test 0.1718
epoch 28/200 loss 2.3839 train 0.3602 test 0.1816
epoch 29/200 loss 2.3251 train 0.3692 test 0.1708
epoch 30/200 loss 2.2384 train 0.4005 test 0.1668
epoch 31/200 loss 2.1686 train 0.3997 test 0.1654
epoch 32/200 loss 2.1077 train 0.4260 test 0.1855
epoch 33/200 loss 2.0388 train 0.4326 test 0.1788
epoch 34/200 loss 1.8997 train 0.4634 test 0.1719
epoch 35/200 loss 1.7958 train 0.4951 test 0.1794
epoch 36/200 loss 1.7723 train 0.4901 test 0.1787
epoch 37/200 loss 1.6602 train 0.5288 test 0.1786
epoch 38/200 loss 1.4728 train 0.5777 test 0.1878
epoch 39/200 loss 1.5058 train 0.5609 test 0.1587
epoch 40/200 loss 1.5278 train 0.5617 test 0.1878
epoch 41/200 loss 1.3938 train 0.6024 test 0.1741
epoch 42/200 loss 1.3044 train 0.6155 test 0.1883
epoch 43/200 loss 1.2185 train 0.6443 test 0.2045
epoch 44/200 loss 1.0693 train 0.6846 test 0.1953
epoch 45/200 loss 0.9753 train 0.7229 test 0.1947
epoch 46/200 loss 0.9132 train 0.7290 test 0.1928
epoch 47/200 loss 0.8377 train 0.7582 test 0.1954
epoch 48/200 loss 0.7642 train 0.7697 test 0.1978
epoch 49/200 loss 0.7350 train 0.7891 test 0.1767
epoch 50/200 loss 0.6757 train 0.8088 test 0.1952
epoch 51/200 loss 0.5893 train 0.8294 test 0.2038
epoch 52/200 loss 0.5578 train 0.8384 test 0.1909
epoch 53/200 loss 0.5129 train 0.8561 test 0.1963
epoch 54/200 loss 0.4439 train 0.8816 test 0.2076
epoch 55/200 loss 0.4259 train 0.8808 test 0.1979
epoch 56/200 loss 0.3601 train 0.9009 test 0.2127
epoch 57/200 loss 0.3377 train 0.9124 test 0.2135
epoch 58/200 loss 0.2697 train 0.9301 test 0.2025
epoch 59/200 loss 0.2899 train 0.9186 test 0.2013
epoch 60/200 loss 0.2674 train 0.9239 test 0.1962
epoch 61/200 loss 0.2826 train 0.9264 test 0.2053
epoch 62/200 loss 0.2296 train 0.9391 test 0.2129
epoch 63/200 loss 0.1978 train 0.9494 test 0.2159
epoch 64/200 loss 0.1932 train 0.9527 test 0.2138
epoch 65/200 loss 0.1634 train 0.9589 test 0.2221
epoch 66/200 loss 0.1540 train 0.9638 test 0.2255
epoch 67/200 loss 0.1150 train 0.9766 test 0.2191
epoch 68/200 loss 0.0881 train 0.9860 test 0.2341
epoch 69/200 loss 0.0717 train 0.9885 test 0.2423
epoch 70/200 loss 0.0542 train 0.9897 test 0.2407
epoch 71/200 loss 0.0349 train 0.9963 test 0.2436
epoch 72/200 loss 0.0237 train 0.9984 test 0.2436
epoch 73/200 loss 0.0200 train 0.9988 test 0.2452
epoch 74/200 loss 0.0182 train 0.9992 test 0.2506
epoch 75/200 loss 0.0169 train 0.9988 test 0.2452
epoch 76/200 loss 0.0119 train 1.0000 test 0.2504
epoch 77/200 loss 0.0102 train 1.0000 test 0.2512
epoch 78/200 loss 0.0141 train 0.9988 test 0.2501
epoch 79/200 loss 0.0241 train 0.9967 test 0.2447
epoch 80/200 loss 0.0202 train 0.9975 test 0.2463
epoch 81/200 loss 0.0149 train 0.9988 test 0.2481
epoch 82/200 loss 0.0152 train 0.9988 test 0.2499
epoch 83/200 loss 0.0113 train 0.9996 test 0.2525
epoch 84/200 loss 0.0109 train 0.9996 test 0.2542
epoch 85/200 loss 0.0095 train 0.9996 test 0.2524
epoch 86/200 loss 0.0080 train 1.0000 test 0.2503
epoch 87/200 loss 0.0081 train 1.0000 test 0.2517
epoch 88/200 loss 0.0074 train 1.0000 test 0.2517
epoch 89/200 loss 0.0075 train 1.0000 test 0.2516
epoch 90/200 loss 0.0070 train 1.0000 test 0.2561
epoch 91/200 loss 0.0076 train 1.0000 test 0.2556
epoch 92/200 loss 0.0068 train 1.0000 test 0.2536
epoch 93/200 loss 0.0073 train 1.0000 test 0.2550
epoch 94/200 loss 0.0074 train 1.0000 test 0.2541
epoch 95/200 loss 0.0076 train 1.0000 test 0.2552
epoch 96/200 loss 0.0075 train 1.0000 test 0.2544
epoch 97/200 loss 0.0070 train 1.0000 test 0.2534
epoch 98/200 loss 0.0076 train 1.0000 test 0.2552
epoch 99/200 loss 0.0072 train 1.0000 test 0.2546
epoch 100/200 loss 0.0073 train 1.0000 test 0.2539
epoch 101/200 loss 0.0076 train 1.0000 test 0.2526
epoch 102/200 loss 0.0075 train 1.0000 test 0.2525
epoch 103/200 loss 0.0077 train 1.0000 test 0.2533
epoch 104/200 loss 0.0071 train 1.0000 test 0.2549
epoch 105/200 loss 0.0076 train 1.0000 test 0.2526
epoch 106/200 loss 0.0082 train 1.0000 test 0.2541
epoch 107/200 loss 0.0077 train 1.0000 test 0.2543
epoch 108/200 loss 0.0075 train 1.0000 test 0.2516
epoch 109/200 loss 0.0073 train 1.0000 test 0.2547
epoch 110/200 loss 0.0074 train 1.0000 test 0.2540
epoch 111/200 loss 0.0075 train 1.0000 test 0.2539
epoch 112/200 loss 0.0079 train 1.0000 test 0.2550
epoch 113/200 loss 0.0077 train 1.0000 test 0.2557
epoch 114/200 loss 0.0077 train 1.0000 test 0.2567
epoch 115/200 loss 0.0075 train 1.0000 test 0.2567
epoch 116/200 loss 0.0070 train 1.0000 test 0.2552
epoch 117/200 loss 0.0076 train 1.0000 test 0.2545
epoch 118/200 loss 0.0072 train 1.0000 test 0.2555
epoch 119/200 loss 0.0077 train 1.0000 test 0.2524
epoch 120/200 loss 0.0080 train 1.0000 test 0.2546
epoch 121/200 loss 0.0078 train 1.0000 test 0.2540
epoch 122/200 loss 0.0079 train 1.0000 test 0.2548
epoch 123/200 loss 0.0081 train 1.0000 test 0.2570
epoch 124/200 loss 0.0078 train 1.0000 test 0.2561
epoch 125/200 loss 0.0075 train 1.0000 test 0.2567
epoch 126/200 loss 0.0079 train 1.0000 test 0.2560
epoch 127/200 loss 0.0076 train 1.0000 test 0.2581
epoch 128/200 loss 0.0075 train 1.0000 test 0.2578
epoch 129/200 loss 0.0078 train 1.0000 test 0.2577
epoch 130/200 loss 0.0079 train 1.0000 test 0.2573
epoch 131/200 loss 0.0078 train 1.0000 test 0.2553
epoch 132/200 loss 0.0082 train 1.0000 test 0.2569
epoch 133/200 loss 0.0075 train 1.0000 test 0.2564
epoch 134/200 loss 0.0073 train 1.0000 test 0.2590
epoch 135/200 loss 0.0072 train 1.0000 test 0.2564
epoch 136/200 loss 0.0076 train 1.0000 test 0.2562
epoch 137/200 loss 0.0072 train 1.0000 test 0.2561
epoch 138/200 loss 0.0072 train 1.0000 test 0.2575
epoch 139/200 loss 0.0075 train 1.0000 test 0.2563
epoch 140/200 loss 0.0072 train 1.0000 test 0.2577
epoch 141/200 loss 0.0077 train 1.0000 test 0.2570
epoch 142/200 loss 0.0070 train 1.0000 test 0.2573
epoch 143/200 loss 0.0076 train 1.0000 test 0.2595
epoch 144/200 loss 0.0073 train 1.0000 test 0.2572
epoch 145/200 loss 0.0077 train 1.0000 test 0.2583
epoch 146/200 loss 0.0075 train 1.0000 test 0.2556
epoch 147/200 loss 0.0072 train 1.0000 test 0.2576
epoch 148/200 loss 0.0077 train 1.0000 test 0.2578
epoch 149/200 loss 0.0072 train 1.0000 test 0.2586
epoch 150/200 loss 0.0077 train 1.0000 test 0.2582
epoch 151/200 loss 0.0076 train 1.0000 test 0.2600
epoch 152/200 loss 0.0075 train 1.0000 test 0.2574
epoch 153/200 loss 0.0075 train 1.0000 test 0.2583
epoch 154/200 loss 0.0079 train 1.0000 test 0.2586
epoch 155/200 loss 0.0071 train 1.0000 test 0.2573
epoch 156/200 loss 0.0078 train 1.0000 test 0.2585
epoch 157/200 loss 0.0074 train 1.0000 test 0.2595
epoch 158/200 loss 0.0073 train 1.0000 test 0.2587
epoch 159/200 loss 0.0072 train 1.0000 test 0.2592
epoch 160/200 loss 0.0074 train 1.0000 test 0.2588
epoch 161/200 loss 0.0070 train 1.0000 test 0.2587
epoch 162/200 loss 0.0075 train 1.0000 test 0.2581
epoch 163/200 loss 0.0074 train 1.0000 test 0.2575
epoch 164/200 loss 0.0075 train 1.0000 test 0.2584
epoch 165/200 loss 0.0072 train 1.0000 test 0.2586
epoch 166/200 loss 0.0074 train 1.0000 test 0.2588
epoch 167/200 loss 0.0076 train 1.0000 test 0.2593
epoch 168/200 loss 0.0070 train 1.0000 test 0.2584
epoch 169/200 loss 0.0074 train 1.0000 test 0.2603
epoch 170/200 loss 0.0074 train 1.0000 test 0.2592
epoch 171/200 loss 0.0072 train 1.0000 test 0.2587
epoch 172/200 loss 0.0072 train 1.0000 test 0.2600
epoch 173/200 loss 0.0076 train 1.0000 test 0.2581
epoch 174/200 loss 0.0077 train 1.0000 test 0.2588
epoch 175/200 loss 0.0071 train 1.0000 test 0.2587
epoch 176/200 loss 0.0072 train 1.0000 test 0.2587
epoch 177/200 loss 0.0071 train 1.0000 test 0.2593
epoch 178/200 loss 0.0071 train 1.0000 test 0.2589
epoch 179/200 loss 0.0075 train 1.0000 test 0.2579
epoch 180/200 loss 0.0071 train 1.0000 test 0.2576
epoch 181/200 loss 0.0074 train 1.0000 test 0.2596
epoch 182/200 loss 0.0078 train 1.0000 test 0.2584
epoch 183/200 loss 0.0075 train 1.0000 test 0.2589
epoch 184/200 loss 0.0071 train 1.0000 test 0.2595
epoch 185/200 loss 0.0073 train 1.0000 test 0.2590
epoch 186/200 loss 0.0075 train 1.0000 test 0.2602
epoch 187/200 loss 0.0078 train 1.0000 test 0.2589
epoch 188/200 loss 0.0074 train 1.0000 test 0.2600
epoch 189/200 loss 0.0073 train 1.0000 test 0.2590
epoch 190/200 loss 0.0069 train 1.0000 test 0.2591
epoch 191/200 loss 0.0071 train 1.0000 test 0.2590
epoch 192/200 loss 0.0070 train 1.0000 test 0.2583
epoch 193/200 loss 0.0072 train 1.0000 test 0.2577
epoch 194/200 loss 0.0076 train 1.0000 test 0.2591
epoch 195/200 loss 0.0077 train 1.0000 test 0.2591
epoch 196/200 loss 0.0072 train 1.0000 test 0.2589
epoch 197/200 loss 0.0073 train 1.0000 test 0.2587
epoch 198/200 loss 0.0073 train 1.0000 test 0.2592
epoch 199/200 loss 0.0074 train 1.0000 test 0.2598
epoch 200/200 loss 0.0072 train 1.0000 test 0.2605
done: final 0.2605 best 0.2605 -> ./runs/abl5_cat_calib/seed0
=== abl5_cat_calib seed 1 ===
stem calibrated on 1024 images
[abl5_cat_calib seed1] {"params_trainable": 11233956, "params_stem_trainable": 0, "params_stem_fixed_filters": 6534, "flops_total": 577552384, "flops_stem": 6690816, "flops_image_size": 32}
epoch 1/200 loss 4.6492 train 0.0140 test 0.0295
epoch 2/200 loss 4.4387 train 0.0366 test 0.0442
epoch 3/200 loss 4.2369 train 0.0621 test 0.0630
epoch 4/200 loss 4.0728 train 0.0687 test 0.0750
epoch 5/200 loss 4.0085 train 0.0938 test 0.0804
epoch 6/200 loss 3.8648 train 0.0975 test 0.0889
epoch 7/200 loss 3.7726 train 0.1246 test 0.0957
epoch 8/200 loss 3.7021 train 0.1205 test 0.0990
epoch 9/200 loss 3.6418 train 0.1406 test 0.1064
epoch 10/200 loss 3.5431 train 0.1530 test 0.1132
epoch 11/200 loss 3.4653 train 0.1600 test 0.1203
epoch 12/200 loss 3.4208 train 0.1715 test 0.1287
epoch 13/200 loss 3.3403 train 0.1904 test 0.1233
epoch 14/200 loss 3.3203 train 0.1896 test 0.1378
epoch 15/200 loss 3.2249 train 0.2101 test 0.1489
epoch 16/200 loss 3.1082 train 0.2216 test 0.1348
epoch 17/200 loss 3.0217 train 0.2442 test 0.1631
epoch 18/200 loss 2.9929 train 0.2488 test 0.1485
epoch 19/200 loss 2.9311 train 0.2595 test 0.1544
epoch 20/200 loss 2.8706 train 0.2804 test 0.1574
epoch 21/200 loss 2.8332 train 0.2722 test 0.1629
epoch 22/200 loss 2.7805 train 0.2882 test 0.1749
epoch 23/200 loss 2.6754 train 0.3030 test 0.1564
epoch 24/200 loss 2.5979 train 0.3224 test 0.1713
epoch 25/200 loss 2.5392 train 0.3306 test 0.1537
epoch 26/200 loss 2.4873 train 0.3487 test 0.1776
epoch 27/200 loss 2.3684 train 0.3540 test 0.1799
epoch 28/200 loss 2.3000 train 0.3803 test 0.1787
epoch 29/200 loss 2.2924 train 0.3729 test 0.1770
epoch 30/200 loss 2.2395 train 0.3882 test 0.1732
epoch 31/200 loss 2.0935 train 0.4268 test 0.1884
epoch 32/200 loss 2.0291 train 0.4428 test 0.1823
epoch 33/200 loss 1.9216 train 0.4564 test 0.1771
epoch 34/200 loss 1.9175 train 0.4716 test 0.1833
epoch 35/200 loss 1.8284 train 0.4819 test 0.1721
epoch 36/200 loss 1.7457 train 0.5103 test 0.1871
epoch 37/200 loss 1.6260 train 0.5337 test 0.1668
epoch 38/200 loss 1.5463 train 0.5547 test 0.1886
epoch 39/200 loss 1.4693 train 0.5826 test 0.1636
epoch 40/200 loss 1.3792 train 0.6016 test 0.2071
epoch 41/200 loss 1.2705 train 0.6332 test 0.1849
epoch 42/200 loss 1.1545 train 0.6443 test 0.1874
epoch 43/200 loss 1.1084 train 0.6842 test 0.1644
epoch 44/200 loss 1.1100 train 0.6649 test 0.1818
epoch 45/200 loss 0.9277 train 0.7340 test 0.1911
epoch 46/200 loss 0.8510 train 0.7512 test 0.1846
epoch 47/200 loss 0.8289 train 0.7558 test 0.1964
epoch 48/200 loss 0.7404 train 0.7870 test 0.1965
epoch 49/200 loss 0.6535 train 0.8158 test 0.2002
epoch 50/200 loss 0.6002 train 0.8195 test 0.1950
epoch 51/200 loss 0.6174 train 0.8117 test 0.1943
epoch 52/200 loss 0.5927 train 0.8240 test 0.1879
epoch 53/200 loss 0.4718 train 0.8676 test 0.2086
epoch 54/200 loss 0.4074 train 0.8853 test 0.2117
epoch 55/200 loss 0.3321 train 0.9112 test 0.2131
epoch 56/200 loss 0.3043 train 0.9132 test 0.2068
epoch 57/200 loss 0.2764 train 0.9202 test 0.2034
epoch 58/200 loss 0.2954 train 0.9211 test 0.2024
epoch 59/200 loss 0.2831 train 0.9289 test 0.2081
epoch 60/200 loss 0.2466 train 0.9359 test 0.2137
epoch 61/200 loss 0.2161 train 0.9400 test 0.2200
epoch 62/200 loss 0.1856 train 0.9531 test 0.2121
epoch 63/200 loss 0.1700 train 0.9576 test 0.2291
epoch 64/200 loss 0.1344 train 0.9700 test 0.2301
epoch 65/200 loss 0.1161 train 0.9716 test 0.2363
epoch 66/200 loss 0.0917 train 0.9786 test 0.2180
epoch 67/200 loss 0.0851 train 0.9819 test 0.2276
epoch 68/200 loss 0.0949 train 0.9819 test 0.2296
epoch 69/200 loss 0.0649 train 0.9889 test 0.2407
epoch 70/200 loss 0.0528 train 0.9918 test 0.2420
epoch 71/200 loss 0.0417 train 0.9942 test 0.2429
epoch 72/200 loss 0.0413 train 0.9942 test 0.2479
epoch 73/200 loss 0.0393 train 0.9930 test 0.2490
epoch 74/200 loss 0.0326 train 0.9963 test 0.2473
epoch 75/200 loss 0.0305 train 0.9951 test 0.2510
epoch 76/200 loss 0.0238 train 0.9975 test 0.2471
epoch 77/200 loss 0.0204 train 0.9979 test 0.2527
epoch 78/200 loss 0.0149 train 0.9996 test 0.2571
epoch 79/200 loss 0.0110 train 1.0000 test 0.2589
epoch 80/200 loss 0.0097 train 1.0000 test 0.2608
epoch 81/200 loss 0.0086 train 1.0000 test 0.2609
epoch 82/200 loss 0.0074 train 1.0000 test 0.2633
epoch 83/200 loss 0.0073 train 1.0000 test 0.2636
epoch 84/200 loss 0.0071 train 1.0000 test 0.2628
epoch 85/200 loss 0.0067 train 1.0000 test 0.2626
epoch 86/200 loss 0.0075 train 1.0000 test 0.2662
epoch 87/200 loss 0.0070 train 1.0000 test 0.2632
epoch 88/200 loss 0.0082 train 1.0000 test 0.2634
epoch 89/200 loss 0.0072 train 1.0000 test 0.2638
epoch 90/200 loss 0.0068 train 1.0000 test 0.2656
epoch 91/200 loss 0.0075 train 1.0000 test 0.2660
epoch 92/200 loss 0.0071 train 1.0000 test 0.2649
epoch 93/200 loss 0.0070 train 1.0000 test 0.2639
epoch 94/200 loss 0.0067 train 1.0000 test 0.2635
epoch 95/200 loss 0.0068 train 1.0000 test 0.2656
epoch 96/200 loss 0.0066 train 1.0000 test 0.2637
epoch 97/200 loss 0.0074 train 1.0000 test 0.2637
epoch 98/200 loss 0.0075 train 1.0000 test 0.2658
epoch 99/200 loss 0.0075 train 0.9996 test 0.2650
epoch 100/200 loss 0.0074 train 1.0000 test 0.2638
epoch 101/200 loss 0.0072 train 1.0000 test 0.2661
epoch 102/200 loss 0.0080 train 1.0000 test 0.2651
epoch 103/200 loss 0.0072 train 1.0000 test 0.2656
epoch 104/200 loss 0.0074 train 1.0000 test 0.2674
epoch 105/200 loss 0.0067 train 1.0000 test 0.2699
epoch 106/200 loss 0.0073 train 1.0000 test 0.2667
epoch 107/200 loss 0.0074 train 1.0000 test 0.2676
epoch 108/200 loss 0.0075 train 1.0000 test 0.2670
epoch 109/200 loss 0.0072 train 1.0000 test 0.2679
epoch 110/200 loss 0.0074 train 1.0000 test 0.2669
epoch 111/200 loss 0.0071 train 1.0000 test 0.2672
epoch 112/200 loss 0.0073 train 1.0000 test 0.2672
epoch 113/200 loss 0.0076 train 1.0000 test 0.2677
epoch 114/200 loss 0.0076 train 1.0000 test 0.2660
epoch 115/200 loss 0.0073 train 1.0000 test 0.2657
epoch 116/200 loss 0.0078 train 1.0000 test 0.2680
epoch 117/200 loss 0.0080 train 1.0000 test 0.2690
epoch 118/200 loss 0.0079 train 1.0000 test 0.2678
epoch 119/200 loss 0.0070 train 1.0000 test 0.2687
epoch 120/200 loss 0.0079 train 1.0000 test 0.2688
epoch 121/200 loss 0.0073 train 1.0000 test 0.2682
epoch 122/200 loss 0.0070 train 1.0000 test 0.2679
epoch 123/200 loss 0.0078 train 1.0000 test 0.2705
epoch 124/200 loss 0.0076 train 1.0000 test 0.2683
epoch 125/200 loss 0.0076 train 1.0000 test 0.2692
epoch 126/200 loss 0.0074 train 1.0000 test 0.2701
epoch 127/200 loss 0.0075 train 1.0000 test 0.2682
epoch 128/200 loss 0.0075 train 1.0000 test 0.2705
epoch 129/200 loss 0.0073 train 1.0000 test 0.2696
epoch 130/200 loss 0.0077 train 1.0000 test 0.2693
epoch 131/200 loss 0.0072 train 1.0000 test 0.2692
epoch 132/200 loss 0.0074 train 1.0000 test 0.2699
epoch 133/200 loss 0.0074 train 1.0000 test 0.2699
epoch 134/200 loss 0.0072 train 1.0000 test 0.2698
epoch 135/200 loss 0.0077 train 1.0000 test 0.2698
epoch 136/200 loss 0.0074 train 1.0000 test 0.2699
epoch 137/200 loss 0.0074 train 1.0000 test 0.2686
epoch 138/200 loss 0.0072 train 1.0000 test 0.2691
epoch 139/200 loss 0.0069 train 1.0000 test 0.2688
epoch 140/200 loss 0.0073 train 1.0000 test 0.2687
epoch 141/200 loss 0.0072 train 1.0000 test 0.2678
epoch 142/200 loss 0.0072 train 1.0000 test 0.2690
epoch 143/200 loss 0.0079 train 1.0000 test 0.2678
epoch 144/200 loss 0.0075 train 1.0000 test 0.2676
epoch 145/200 loss 0.0078 train 1.0000 test 0.2679
epoch 146/200 loss 0.0074 train 1.0000 test 0.2702
epoch 147/200 loss 0.0070 train 1.0000 test 0.2678
epoch 148/200 loss 0.0081 train 1.0000 test 0.2695
epoch 149/200 loss 0.0074 train 1.0000 test 0.2695
epoch 150/200 loss 0.0076 train 1.0000 test 0.2709
epoch 151/200 loss 0.0073 train 1.0000 test 0.2700
epoch 152/200 loss 0.0074 train 1.0000 test 0.2693
epoch 153/200 loss 0.0071 train 1.0000 test 0.2702
epoch 154/200 loss 0.0076 train 1.0000 test 0.2700
epoch 155/200 loss 0.0077 train 1.0000 test 0.2707
epoch 156/200 loss 0.0077 train 1.0000 test 0.2700
epoch 157/200 loss 0.0072 train 1.0000 test 0.2702
epoch 158/200 loss 0.0072 train 1.0000 test 0.2705
epoch 159/200 loss 0.0078 train 1.0000 test 0.2685
epoch 160/200 loss 0.0072 train 1.0000 test 0.2693
epoch 161/200 loss 0.0070 train 1.0000 test 0.2719
epoch 162/200 loss 0.0074 train 1.0000 test 0.2698
epoch 163/200 loss 0.0077 train 1.0000 test 0.2702
epoch 164/200 loss 0.0075 train 1.0000 test 0.2708
epoch 165/200 loss 0.0075 train 1.0000 test 0.2700
epoch 166/200 loss 0.0073 train 1.0000 test 0.2701
epoch 167/200 loss 0.0074 train 1.0000 test 0.2690
epoch 168/200 loss 0.0071 train 1.0000 test 0.2705
epoch 169/200 loss 0.0071 train 1.0000 test 0.2711
epoch 170/200 loss 0.0073 train 1.0000 test 0.2710
epoch 171/200 loss 0.0074 train 1.0000 test 0.2708
epoch 172/200 loss 0.0074 train 1.0000 test 0.2694
epoch 173/200 loss 0.0078 train 1.0000 test 0.2698
epoch 174/200 loss 0.0073 train 1.0000 test 0.2698
epoch 175/200 loss 0.0073 train 1.0000 test 0.2696
epoch 176/200 loss 0.0072 train 1.0000 test 0.2694
epoch 177/200 loss 0.0075 train 1.0000 test 0.2707
epoch 178/200 loss 0.0071 train 1.0000 test 0.2695
epoch 179/200 loss 0.0069 train 1.0000 test 0.2688
epoch 180/200 loss 0.0072 train 1.0000 test 0.2708
epoch 181/200 loss 0.0072 train 1.0000 test 0.2717
epoch 182/200 loss 0.0074 train 1.0000 test 0.2708
epoch 183/200 loss 0.0074 train 1.0000 test 0.2702
epoch 184/200 loss 0.0070 train 1.0000 test 0.2695
epoch 185/200 loss 0.0074 train 1.0000 test 0.2694
epoch 186/200 loss 0.0069 train 1.0000 test 0.2698
epoch 187/200 loss 0.0068 train 1.0000 test 0.2711
epoch 188/200 loss 0.0072 train 1.0000 test 0.2689
epoch 189/200 loss 0.0071 train 1.0000 test 0.2713
epoch 190/200 loss 0.0072 train 1.0000 test 0.2719
epoch 191/200 loss 0.0072 train 1.0000 test 0.2683
epoch 192/200 loss 0.0071 train 1.0000 test 0.2699
epoch 193/200 loss 0.0073 train 1.0000 test 0.2695
epoch 194/200 loss 0.0070 train 1.0000 test 0.2696
epoch 195/200 loss 0.0073 train 1.0000 test 0.2700
epoch 196/200 loss 0.0071 train 1.0000 test 0.2710
epoch 197/200 loss 0.0071 train 1.0000 test 0.2709
epoch 198/200 loss 0.0073 train 1.0000 test 0.2703
epoch 199/200 loss 0.0073 train 1.0000 test 0.2698
epoch 200/200 loss 0.0068 train 1.0000 test 0.2711
done: final 0.2711 best 0.2719 -> ./runs/abl5_cat_calib/seed1
=== abl5_cat_calib seed 2 ===
stem calibrated on 1024 images
[abl5_cat_calib seed2] {"params_trainable": 11233956, "params_stem_trainable": 0, "params_stem_fixed_filters": 6534, "flops_total": 577552384, "flops_stem": 6690816, "flops_image_size": 32}
epoch 1/200 loss 4.6418 train 0.0136 test 0.0259
epoch 2/200 loss 4.4419 train 0.0362 test 0.0464
epoch 3/200 loss 4.2504 train 0.0567 test 0.0543
epoch 4/200 loss 4.0978 train 0.0641 test 0.0720
epoch 5/200 loss 3.9724 train 0.0983 test 0.0901
epoch 6/200 loss 3.8235 train 0.1098 test 0.0933
epoch 7/200 loss 3.7273 train 0.1213 test 0.0951
epoch 8/200 loss 3.7026 train 0.1238 test 0.1031
epoch 9/200 loss 3.6430 train 0.1410 test 0.1097
epoch 10/200 loss 3.5362 train 0.1575 test 0.1100
epoch 11/200 loss 3.4943 train 0.1641 test 0.1313
epoch 12/200 loss 3.3907 train 0.1727 test 0.1249
epoch 13/200 loss 3.3340 train 0.1830 test 0.1411
epoch 14/200 loss 3.2905 train 0.1998 test 0.1334
epoch 15/200 loss 3.1989 train 0.2060 test 0.1482
epoch 16/200 loss 3.1304 train 0.2183 test 0.1520
epoch 17/200 loss 3.0658 train 0.2434 test 0.1478
epoch 18/200 loss 3.0007 train 0.2467 test 0.1491
epoch 19/200 loss 2.9345 train 0.2533 test 0.1629
epoch 20/200 loss 2.8245 train 0.2660 test 0.1607
epoch 21/200 loss 2.7842 train 0.2825 test 0.1564
epoch 22/200 loss 2.7261 train 0.2952 test 0.1505
epoch 23/200 loss 2.6552 train 0.3026 test 0.1610
epoch 24/200 loss 2.6422 train 0.3067 test 0.1515
epoch 25/200 loss 2.5521 train 0.3191 test 0.1708
epoch 26/200 loss 2.5079 train 0.3363 test 0.1689
epoch 27/200 loss 2.4383 train 0.3438 test 0.1643
epoch 28/200 loss 2.3319 train 0.3672 test 0.1718
epoch 29/200 loss 2.2296 train 0.3894 test 0.1570
epoch 30/200 loss 2.1710 train 0.4112 test 0.1927
epoch 31/200 loss 2.1007 train 0.4206 test 0.1810
epoch 32/200 loss 2.0130 train 0.4408 test 0.1893
epoch 33/200 loss 1.9344 train 0.4507 test 0.1892
epoch 34/200 loss 1.8484 train 0.4885 test 0.1911
epoch 35/200 loss 1.7714 train 0.4996 test 0.1831
epoch 36/200 loss 1.7014 train 0.5222 test 0.1859
epoch 37/200 loss 1.5671 train 0.5498 test 0.1908
epoch 38/200 loss 1.4978 train 0.5674 test 0.1891
epoch 39/200 loss 1.4548 train 0.5707 test 0.1909
epoch 40/200 loss 1.3126 train 0.6250 test 0.1906
epoch 41/200 loss 1.2576 train 0.6357 test 0.1684
epoch 42/200 loss 1.1656 train 0.6735 test 0.2033
epoch 43/200 loss 1.0801 train 0.6838 test 0.1976
epoch 44/200 loss 1.0318 train 0.6924 test 0.1851
epoch 45/200 loss 0.9569 train 0.7179 test 0.1872
epoch 46/200 loss 0.8178 train 0.7574 test 0.1991
epoch 47/200 loss 0.7674 train 0.7817 test 0.1876
epoch 48/200 loss 0.7241 train 0.7833 test 0.1929
epoch 49/200 loss 0.6551 train 0.8072 test 0.1995
epoch 50/200 loss 0.6038 train 0.8228 test 0.2075
epoch 51/200 loss 0.5910 train 0.8248 test 0.1941
epoch 52/200 loss 0.5344 train 0.8528 test 0.2024
epoch 53/200 loss 0.4962 train 0.8573 test 0.2089
epoch 54/200 loss 0.4322 train 0.8783 test 0.2085
epoch 55/200 loss 0.3283 train 0.9124 test 0.2154
epoch 56/200 loss 0.2863 train 0.9194 test 0.2132
epoch 57/200 loss 0.2569 train 0.9371 test 0.2205
epoch 58/200 loss 0.2126 train 0.9457 test 0.2189
epoch 59/200 loss 0.1914 train 0.9531 test 0.2244
epoch 60/200 loss 0.1719 train 0.9581 test 0.2291
epoch 61/200 loss 0.1607 train 0.9585 test 0.2208
epoch 62/200 loss 0.1854 train 0.9544 test 0.2170
epoch 63/200 loss 0.2248 train 0.9465 test 0.2103
epoch 64/200 loss 0.2120 train 0.9404 test 0.2050
epoch 65/200 loss 0.2268 train 0.9330 test 0.2196
epoch 66/200 loss 0.1964 train 0.9486 test 0.2083
epoch 67/200 loss 0.1724 train 0.9527 test 0.2269
epoch 68/200 loss 0.1383 train 0.9634 test 0.2146
epoch 69/200 loss 0.1227 train 0.9712 test 0.2193
epoch 70/200 loss 0.0970 train 0.9803 test 0.2343
epoch 71/200 loss 0.0684 train 0.9889 test 0.2374
epoch 72/200 loss 0.0643 train 0.9893 test 0.2254
epoch 73/200 loss 0.0513 train 0.9934 test 0.2389
epoch 74/200 loss 0.0316 train 0.9975 test 0.2439
epoch 75/200 loss 0.0246 train 0.9963 test 0.2400
epoch 76/200 loss 0.0236 train 0.9979 test 0.2447
epoch 77/200 loss 0.0249 train 0.9975 test 0.2482
epoch 78/200 loss 0.0204 train 0.9975 test 0.2501
epoch 79/200 loss 0.0152 train 0.9992 test 0.2533
epoch 80/200 loss 0.0141 train 0.9984 test 0.2536
epoch 81/200 loss 0.0101 train 0.9996 test 0.2558
epoch 82/200 loss 0.0088 train 0.9996 test 0.2533
epoch 83/200 loss 0.0085 train 1.0000 test 0.2561
epoch 84/200 loss 0.0068 train 1.0000 test 0.2568
epoch 85/200 loss 0.0074 train 1.0000 test 0.2550
epoch 86/200 loss 0.0067 train 1.0000 test 0.2583
epoch 87/200 loss 0.0065 train 1.0000 test 0.2593
epoch 88/200 loss 0.0059 train 1.0000 test 0.2607
epoch 89/200 loss 0.0067 train 1.0000 test 0.2594
epoch 90/200 loss 0.0062 train 1.0000 test 0.2603
epoch 91/200 loss 0.0064 train 1.0000 test 0.2595
epoch 92/200 loss 0.0063 train 1.0000 test 0.2614
epoch 93/200 loss 0.0065 train 1.0000 test 0.2613
epoch 94/200 loss 0.0068 train 1.0000 test 0.2618
epoch 95/200 loss 0.0065 train 1.0000 test 0.2609
epoch 96/200 loss 0.0064 train 1.0000 test 0.2607
epoch 97/200 loss 0.0064 train 1.0000 test 0.2612
epoch 98/200 loss 0.0063 train 1.0000 test 0.2609
epoch 99/200 loss 0.0066 train 1.0000 test 0.2612
epoch 100/200 loss 0.0066 train 1.0000 test 0.2610
epoch 101/200 loss 0.0068 train 1.0000 test 0.2610
epoch 102/200 loss 0.0069 train 1.0000 test 0.2632
epoch 103/200 loss 0.0065 train 1.0000 test 0.2651
epoch 104/200 loss 0.0067 train 1.0000 test 0.2635
epoch 105/200 loss 0.0066 train 1.0000 test 0.2629
epoch 106/200 loss 0.0070 train 1.0000 test 0.2627
epoch 107/200 loss 0.0070 train 1.0000 test 0.2615
epoch 108/200 loss 0.0068 train 1.0000 test 0.2628
epoch 109/200 loss 0.0066 train 1.0000 test 0.2627
epoch 110/200 loss 0.0067 train 1.0000 test 0.2633
epoch 111/200 loss 0.0068 train 1.0000 test 0.2615
epoch 112/200 loss 0.0068 train 1.0000 test 0.2612
epoch 113/200 loss 0.0069 train 1.0000 test 0.2629
epoch 114/200 loss 0.0070 train 1.0000 test 0.2631
epoch 115/200 loss 0.0070 train 1.0000 test 0.2632
epoch 116/200 loss 0.0074 train 1.0000 test 0.2622
epoch 117/200 loss 0.0073 train 1.0000 test 0.2628
epoch 118/200 loss 0.0074 train 1.0000 test 0.2630
epoch 119/200 loss 0.0078 train 1.0000 test 0.2636
epoch 120/200 loss 0.0069 train 1.0000 test 0.2650
epoch 121/200 loss 0.0073 train 1.0000 test 0.2646
epoch 122/200 loss 0.0073 train 1.0000 test 0.2642
epoch 123/200 loss 0.0073 train 1.0000 test 0.2643
epoch 124/200 loss 0.0069 train 1.0000 test 0.2639
epoch 125/200 loss 0.0068 train 1.0000 test 0.2637
epoch 126/200 loss 0.0068 train 1.0000 test 0.2638
epoch 127/200 loss 0.0070 train 1.0000 test 0.2633
epoch 128/200 loss 0.0074 train 1.0000 test 0.2647
epoch 129/200 loss 0.0073 train 1.0000 test 0.2641
epoch 130/200 loss 0.0071 train 1.0000 test 0.2647
epoch 131/200 loss 0.0079 train 1.0000 test 0.2652
epoch 132/200 loss 0.0067 train 1.0000 test 0.2647
epoch 133/200 loss 0.0069 train 1.0000 test 0.2655
epoch 134/200 loss 0.0070 train 1.0000 test 0.2638
epoch 135/200 loss 0.0068 train 1.0000 test 0.2651
epoch 136/200 loss 0.0073 train 1.0000 test 0.2655
epoch 137/200 loss 0.0070 train 1.0000 test 0.2635
epoch 138/200 loss 0.0073 train 1.0000 test 0.2636
epoch 139/200 loss 0.0073 train 1.0000 test 0.2628
epoch 140/200 loss 0.0071 train 1.0000 test 0.2654
epoch 141/200 loss 0.0072 train 1.0000 test 0.2631
epoch 142/200 loss 0.0072 train 1.0000 test 0.2632
epoch 143/200 loss 0.0076 train 1.0000 test 0.2628
epoch 144/200 loss 0.0074 train 1.0000 test 0.2638
epoch 145/200 loss 0.0074 train 1.0000 test 0.2637
epoch 146/200 loss 0.0073 train 1.0000 test 0.2635
epoch 147/200 loss 0.0071 train 1.0000 test 0.2643
epoch 148/200 loss 0.0070 train 1.0000 test 0.2643
epoch 149/200 loss 0.0071 train 1.0000 test 0.2639
epoch 150/200 loss 0.0067 train 1.0000 test 0.2649
epoch 151/200 loss 0.0071 train 1.0000 test 0.2638
epoch 152/200 loss 0.0070 train 1.0000 test 0.2641
epoch 153/200 loss 0.0073 train 1.0000 test 0.2636
epoch 154/200 loss 0.0075 train 1.0000 test 0.2646
epoch 155/200 loss 0.0076 train 1.0000 test 0.2646
epoch 156/200 loss 0.0071 train 1.0000 test 0.2640
epoch 157/200 loss 0.0065 train 1.0000 test 0.2655
epoch 158/200 loss 0.0069 train 1.0000 test 0.2645
epoch 159/200 loss 0.0078 train 1.0000 test 0.2660
epoch 160/200 loss 0.0072 train 1.0000 test 0.2662
epoch 161/200 loss 0.0076 train 1.0000 test 0.2647
epoch 162/200 loss 0.0068 train 1.0000 test 0.2653
epoch 163/200 loss 0.0075 train 1.0000 test 0.2653
epoch 164/200 loss 0.0070 train 1.0000 test 0.2639
epoch 165/200 loss 0.0070 train 1.0000 test 0.2646
epoch 166/200 loss 0.0070 train 1.0000 test 0.2654
epoch 167/200 loss 0.0067 train 1.0000 test 0.2648
epoch 168/200 loss 0.0076 train 1.0000 test 0.2657
epoch 169/200 loss 0.0067 train 1.0000 test 0.2656
epoch 170/200 loss 0.0070 train 1.0000 test 0.2650
epoch 171/200 loss 0.0073 train 1.0000 test 0.2651
epoch 172/200 loss 0.0071 train 1.0000 test 0.2661
epoch 173/200 loss 0.0070 train 1.0000 test 0.2656
epoch 174/200 loss 0.0076 train 1.0000 test 0.2657
epoch 175/200 loss 0.0072 train 1.0000 test 0.2646
epoch 176/200 loss 0.0070 train 1.0000 test 0.2642
epoch 177/200 loss 0.0073 train 1.0000 test 0.2645
epoch 178/200 loss 0.0073 train 1.0000 test 0.2647
epoch 179/200 loss 0.0071 train 1.0000 test 0.2669
epoch 180/200 loss 0.0069 train 1.0000 test 0.2660
epoch 181/200 loss 0.0072 train 1.0000 test 0.2632
epoch 182/200 loss 0.0068 train 1.0000 test 0.2653
epoch 183/200 loss 0.0073 train 1.0000 test 0.2643
epoch 184/200 loss 0.0070 train 1.0000 test 0.2653
epoch 185/200 loss 0.0073 train 1.0000 test 0.2662
epoch 186/200 loss 0.0070 train 1.0000 test 0.2645
epoch 187/200 loss 0.0071 train 1.0000 test 0.2657
epoch 188/200 loss 0.0069 train 1.0000 test 0.2635
epoch 189/200 loss 0.0070 train 1.0000 test 0.2661
epoch 190/200 loss 0.0066 train 1.0000 test 0.2660
epoch 191/200 loss 0.0069 train 1.0000 test 0.2647
epoch 192/200 loss 0.0070 train 1.0000 test 0.2659
epoch 193/200 loss 0.0070 train 1.0000 test 0.2660
epoch 194/200 loss 0.0068 train 1.0000 test 0.2649
epoch 195/200 loss 0.0071 train 1.0000 test 0.2649
epoch 196/200 loss 0.0070 train 1.0000 test 0.2648
epoch 197/200 loss 0.0074 train 1.0000 test 0.2651
epoch 198/200 loss 0.0070 train 1.0000 test 0.2658
epoch 199/200 loss 0.0072 train 1.0000 test 0.2647
epoch 200/200 loss 0.0068 train 1.0000 test 0.2656
done: final 0.2656 best 0.2669 -> ./runs/abl5_cat_calib/seed2
=== abl5_learned seed 0 ===
[abl5_learned seed0] {"params_trainable": 11240517, "params_stem_trainable": 6561, "params_stem_fixed_filters": 0, "flops_total": 577580032, "flops_stem": 6718464, "flops_image_size": 32}
epoch 1/200 loss 4.6057 train 0.0201 test 0.0313
epoch 2/200 loss 4.3218 train 0.0448 test 0.0506
epoch 3/200 loss 4.1699 train 0.0650 test 0.0611
epoch 4/200 loss 4.0433 train 0.0736 test 0.0697
epoch 5/200 loss 3.9476 train 0.0851 test 0.0774
epoch 6/200 loss 3.8937 train 0.0938 test 0.0817
epoch 7/200 loss 3.8066 train 0.1172 test 0.0851
epoch 8/200 loss 3.7284 train 0.1168 test 0.0803
epoch 9/200 loss 3.6780 train 0.1143 test 0.0817
epoch 10/200 loss 3.6406 train 0.1402 test 0.0961
epoch 11/200 loss 3.5856 train 0.1419 test 0.1023
epoch 12/200 loss 3.5063 train 0.1480 test 0.1089
epoch 13/200 loss 3.4563 train 0.1542 test 0.1073
epoch 14/200 loss 3.4005 train 0.1641 test 0.1069
epoch 15/200 loss 3.3489 train 0.1735 test 0.1074
epoch 16/200 loss 3.3232 train 0.1752 test 0.1083
epoch 17/200 loss 3.2841 train 0.1838 test 0.1153
epoch 18/200 loss 3.2176 train 0.1957 test 0.1090
epoch 19/200 loss 3.1484 train 0.2019 test 0.1341
epoch 20/200 loss 3.0999 train 0.2052 test 0.1326
epoch 21/200 loss 3.0421 train 0.2364 test 0.1301
epoch 22/200 loss 2.9976 train 0.2426 test 0.1338
epoch 23/200 loss 2.9381 train 0.2393 test 0.1296
epoch 24/200 loss 2.8426 train 0.2706 test 0.1424
epoch 25/200 loss 2.7956 train 0.2718 test 0.1418
epoch 26/200 loss 2.7798 train 0.2808 test 0.1298
epoch 27/200 loss 2.6830 train 0.2973 test 0.1385
epoch 28/200 loss 2.6445 train 0.3051 test 0.1521
epoch 29/200 loss 2.5604 train 0.3125 test 0.1505
epoch 30/200 loss 2.5567 train 0.3137 test 0.1291
epoch 31/200 loss 2.4009 train 0.3528 test 0.1571
epoch 32/200 loss 2.3326 train 0.3738 test 0.1511
epoch 33/200 loss 2.2386 train 0.3947 test 0.1470
epoch 34/200 loss 2.1671 train 0.3923 test 0.1425
epoch 35/200 loss 2.0523 train 0.4371 test 0.1431
epoch 36/200 loss 1.9971 train 0.4400 test 0.1468
epoch 37/200 loss 1.8710 train 0.4947 test 0.1562
epoch 38/200 loss 1.7949 train 0.4947 test 0.1569
epoch 39/200 loss 1.7123 train 0.5144 test 0.1398
epoch 40/200 loss 1.7341 train 0.5004 test 0.1603
epoch 41/200 loss 1.6282 train 0.5329 test 0.1571
epoch 42/200 loss 1.4841 train 0.5806 test 0.1484
epoch 43/200 loss 1.4423 train 0.5818 test 0.1451
epoch 44/200 loss 1.3339 train 0.6143 test 0.1554
epoch 45/200 loss 1.1884 train 0.6554 test 0.1614
epoch 46/200 loss 1.1651 train 0.6583 test 0.1556
epoch 47/200 loss 1.1431 train 0.6649 test 0.1555
epoch 48/200 loss 1.0869 train 0.6698 test 0.1503
epoch 49/200 loss 0.9773 train 0.7237 test 0.1556
epoch 50/200 loss 0.8629 train 0.7434 test 0.1621
epoch 51/200 loss 0.7072 train 0.7944 test 0.1664
epoch 52/200 loss 0.5941 train 0.8400 test 0.1835
epoch 53/200 loss 0.5196 train 0.8664 test 0.1741
epoch 54/200 loss 0.5582 train 0.8454 test 0.1710
epoch 55/200 loss 0.4753 train 0.8660 test 0.1716
epoch 56/200 loss 0.4663 train 0.8692 test 0.1665
epoch 57/200 loss 0.4595 train 0.8643 test 0.1653
epoch 58/200 loss 0.3917 train 0.8910 test 0.1671
epoch 59/200 loss 0.3718 train 0.8964 test 0.1758
epoch 60/200 loss 0.3467 train 0.9021 test 0.1657
epoch 61/200 loss 0.2897 train 0.9227 test 0.1812
epoch 62/200 loss 0.2573 train 0.9276 test 0.1733
epoch 63/200 loss 0.2303 train 0.9375 test 0.1872
epoch 64/200 loss 0.1936 train 0.9498 test 0.1730
epoch 65/200 loss 0.1677 train 0.9593 test 0.1747
epoch 66/200 loss 0.1524 train 0.9688 test 0.1754
epoch 67/200 loss 0.1297 train 0.9696 test 0.1784
epoch 68/200 loss 0.1186 train 0.9741 test 0.1790
epoch 69/200 loss 0.0974 train 0.9811 test 0.1886
epoch 70/200 loss 0.0755 train 0.9848 test 0.1868
epoch 71/200 loss 0.0653 train 0.9897 test 0.1913
epoch 72/200 loss 0.0636 train 0.9893 test 0.1865
epoch 73/200 loss 0.0465 train 0.9930 test 0.1943
epoch 74/200 loss 0.0352 train 0.9959 test 0.1968
epoch 75/200 loss 0.0254 train 0.9988 test 0.1953
epoch 76/200 loss 0.0249 train 0.9955 test 0.1961
epoch 77/200 loss 0.0208 train 0.9975 test 0.2015
epoch 78/200 loss 0.0186 train 0.9992 test 0.1997
epoch 79/200 loss 0.0144 train 0.9996 test 0.2021
epoch 80/200 loss 0.0127 train 0.9996 test 0.2045
epoch 81/200 loss 0.0109 train 0.9996 test 0.2041
epoch 82/200 loss 0.0118 train 0.9996 test 0.2052
epoch 83/200 loss 0.0094 train 1.0000 test 0.2045
epoch 84/200 loss 0.0078 train 1.0000 test 0.2063
epoch 85/200 loss 0.0082 train 1.0000 test 0.2032
epoch 86/200 loss 0.0082 train 0.9996 test 0.2025
epoch 87/200 loss 0.0076 train 1.0000 test 0.2057
epoch 88/200 loss 0.0071 train 1.0000 test 0.2058
epoch 89/200 loss 0.0080 train 1.0000 test 0.2043
epoch 90/200 loss 0.0074 train 1.0000 test 0.2050
epoch 91/200 loss 0.0076 train 1.0000 test 0.2046
epoch 92/200 loss 0.0068 train 1.0000 test 0.2056
epoch 93/200 loss 0.0069 train 1.0000 test 0.2075
epoch 94/200 loss 0.0075 train 1.0000 test 0.2083
epoch 95/200 loss 0.0072 train 1.0000 test 0.2064
epoch 96/200 loss 0.0080 train 1.0000 test 0.2057
epoch 97/200 loss 0.0073 train 1.0000 test 0.2071
epoch 98/200 loss 0.0080 train 1.0000 test 0.2082
epoch 99/200 loss 0.0076 train 1.0000 test 0.2080
epoch 100/200 loss 0.0080 train 1.0000 test 0.2061
epoch 101/200 loss 0.0082 train 1.0000 test 0.2052
epoch 102/200 loss 0.0078 train 1.0000 test 0.2074
epoch 103/200 loss 0.0082 train 1.0000 test 0.2078
epoch 104/200 loss 0.0075 train 1.0000 test 0.2056
epoch 105/200 loss 0.0079 train 1.0000 test 0.2065
epoch 106/200 loss 0.0080 train 1.0000 test 0.2078
epoch 107/200 loss 0.0077 train 1.0000 test 0.2081
epoch 108/200 loss 0.0075 train 1.0000 test 0.2082
epoch 109/200 loss 0.0079 train 1.0000 test 0.2082
epoch 110/200 loss 0.0078 train 1.0000 test 0.2078
epoch 111/200 loss 0.0081 train 1.0000 test 0.2097
epoch 112/200 loss 0.0083 train 1.0000 test 0.2084
epoch 113/200 loss 0.0081 train 1.0000 test 0.2082
epoch 114/200 loss 0.0081 train 1.0000 test 0.2084
epoch 115/200 loss 0.0086 train 0.9996 test 0.2065
epoch 116/200 loss 0.0078 train 1.0000 test 0.2079
epoch 117/200 loss 0.0082 train 1.0000 test 0.2085
epoch 118/200 loss 0.0077 train 1.0000 test 0.2084
epoch 119/200 loss 0.0083 train 1.0000 test 0.2079
epoch 120/200 loss 0.0087 train 1.0000 test 0.2091
epoch 121/200 loss 0.0084 train 1.0000 test 0.2092
epoch 122/200 loss 0.0082 train 1.0000 test 0.2074
epoch 123/200 loss 0.0081 train 1.0000 test 0.2102
epoch 124/200 loss 0.0086 train 1.0000 test 0.2120
epoch 125/200 loss 0.0081 train 1.0000 test 0.2107
epoch 126/200 loss 0.0083 train 1.0000 test 0.2084
epoch 127/200 loss 0.0081 train 1.0000 test 0.2104
epoch 128/200 loss 0.0082 train 1.0000 test 0.2100
epoch 129/200 loss 0.0078 train 1.0000 test 0.2107
epoch 130/200 loss 0.0082 train 1.0000 test 0.2100
epoch 131/200 loss 0.0079 train 1.0000 test 0.2106
epoch 132/200 loss 0.0083 train 1.0000 test 0.2095
epoch 133/200 loss 0.0082 train 1.0000 test 0.2101
epoch 134/200 loss 0.0079 train 1.0000 test 0.2111
epoch 135/200 loss 0.0080 train 1.0000 test 0.2094
epoch 136/200 loss 0.0078 train 1.0000 test 0.2104
epoch 137/200 loss 0.0071 train 1.0000 test 0.2100
epoch 138/200 loss 0.0075 train 1.0000 test 0.2115
epoch 139/200 loss 0.0081 train 1.0000 test 0.2103
epoch 140/200 loss 0.0077 train 1.0000 test 0.2115
epoch 141/200 loss 0.0085 train 1.0000 test 0.2099
epoch 142/200 loss 0.0079 train 1.0000 test 0.2086
epoch 143/200 loss 0.0078 train 1.0000 test 0.2100
epoch 144/200 loss 0.0074 train 1.0000 test 0.2100
epoch 145/200 loss 0.0080 train 1.0000 test 0.2110
epoch 146/200 loss 0.0084 train 1.0000 test 0.2118
epoch 147/200 loss 0.0078 train 1.0000 test 0.2097
epoch 148/200 loss 0.0080 train 1.0000 test 0.2107
epoch 149/200 loss 0.0073 train 1.0000 test 0.2112
epoch 150/200 loss 0.0078 train 1.0000 test 0.2104
epoch 151/200 loss 0.0080 train 1.0000 test 0.2093
epoch 152/200 loss 0.0075 train 1.0000 test 0.2095
epoch 153/200 loss 0.0079 train 1.0000 test 0.2095
epoch 154/200 loss 0.0085 train 1.0000 test 0.2104
epoch 155/200 loss 0.0078 train 1.0000 test 0.2094
epoch 156/200 loss 0.0080 train 1.0000 test 0.2097
epoch 157/200 loss 0.0078 train 1.0000 test 0.2089
epoch 158/200 loss 0.0077 train 1.0000 test 0.2095
epoch 159/200 loss 0.0077 train 1.0000 test 0.2104
epoch 160/200 loss 0.0072 train 1.0000 test 0.2099
epoch 161/200 loss 0.0075 train 1.0000 test 0.2094
epoch 162/200 loss 0.0078 train 1.0000 test 0.2112
epoch 163/200 loss 0.0076 train 1.0000 test 0.2096
epoch 164/200 loss 0.0076 train 1.0000 test 0.2101
epoch 165/200 loss 0.0076 train 1.0000 test 0.2099
epoch 166/200 loss 0.0073 train 1.0000 test 0.2091
epoch 167/200 loss 0.0080 train 1.0000 test 0.2096
epoch 168/200 loss 0.0075 train 1.0000 test 0.2105
epoch 169/200 loss 0.0080 train 1.0000 test 0.2093
epoch 170/200 loss 0.0078 train 1.0000 test 0.2100
epoch 171/200 loss 0.0075 train 1.0000 test 0.2114
epoch 172/200 loss 0.0078 train 1.0000 test 0.2105
epoch 173/200 loss 0.0080 train 1.0000 test 0.2100
epoch 174/200 loss 0.0082 train 1.0000 test 0.2098
epoch 175/200 loss 0.0073 train 1.0000 test 0.2106
epoch 176/200 loss 0.0077 train 1.0000 test 0.2100
epoch 177/200 loss 0.0076 train 1.0000 test 0.2103
epoch 178/200 loss 0.0074 train 1.0000 test 0.2091
epoch 179/200 loss 0.0076 train 1.0000 test 0.2108
epoch 180/200 loss 0.0073 train 1.0000 test 0.2118
epoch 181/200 loss 0.0077 train 1.0000 test 0.2099
epoch 182/200 loss 0.0079 train 1.0000 test 0.2090
epoch 183/200 loss 0.0076 train 1.0000 test 0.2120
epoch 184/200 loss 0.0075 train 1.0000 test 0.2099
epoch 185/200 loss 0.0075 train 1.0000 test 0.2104
epoch 186/200 loss 0.0074 train 1.0000 test 0.2113
epoch 187/200 loss 0.0077 train 1.0000 test 0.2101
epoch 188/200 loss 0.0078 train 1.0000 test 0.2110
epoch 189/200 loss 0.0079 train 1.0000 test 0.2098
epoch 190/200 loss 0.0073 train 1.0000 test 0.2106
epoch 191/200 loss 0.0074 train 1.0000 test 0.2103
epoch 192/200 loss 0.0074 train 1.0000 test 0.2109
epoch 193/200 loss 0.0076 train 1.0000 test 0.2102
epoch 194/200 loss 0.0079 train 1.0000 test 0.2093
epoch 195/200 loss 0.0077 train 1.0000 test 0.2103
epoch 196/200 loss 0.0078 train 1.0000 test 0.2123
epoch 197/200 loss 0.0075 train 1.0000 test 0.2109
epoch 198/200 loss 0.0076 train 1.0000 test 0.2109
epoch 199/200 loss 0.0076 train 1.0000 test 0.2103
epoch 200/200 loss 0.0079 train 1.0000 test 0.2102
done: final 0.2102 best 0.2123 -> ./runs/abl5_learned/seed0
=== abl5_learned seed 1 ===
[abl5_learned seed1] {"params_trainable": 11240517, "params_stem_trainable": 6561, "params_stem_fixed_filters": 0, "flops_total": 577580032, "flops_stem": 6718464, "flops_image_size": 32}
epoch 1/200 loss 4.5846 train 0.0185 test 0.0352
epoch 2/200 loss 4.3362 train 0.0448 test 0.0528
epoch 3/200 loss 4.1590 train 0.0613 test 0.0597
epoch 4/200 loss 4.0404 train 0.0752 test 0.0741
epoch 5/200 loss 3.9715 train 0.0839 test 0.0795
epoch 6/200 loss 3.8482 train 0.1057 test 0.0852
epoch 7/200 loss 3.7761 train 0.1077 test 0.0878
epoch 8/200 loss 3.7231 train 0.1188 test 0.0912
epoch 9/200 loss 3.6791 train 0.1262 test 0.0839
epoch 10/200 loss 3.6035 train 0.1320 test 0.0996
epoch 11/200 loss 3.5539 train 0.1308 test 0.1064
epoch 12/200 loss 3.4954 train 0.1517 test 0.1075
epoch 13/200 loss 3.4372 train 0.1665 test 0.1008
epoch 14/200 loss 3.4449 train 0.1682 test 0.1123
epoch 15/200 loss 3.3739 train 0.1653 test 0.1083
epoch 16/200 loss 3.3121 train 0.1830 test 0.1129
epoch 17/200 loss 3.2401 train 0.2064 test 0.1185
epoch 18/200 loss 3.2027 train 0.1908 test 0.1099
epoch 19/200 loss 3.1486 train 0.2039 test 0.1278
epoch 20/200 loss 3.0724 train 0.2319 test 0.1199
epoch 21/200 loss 3.0617 train 0.2183 test 0.1183
epoch 22/200 loss 3.0107 train 0.2286 test 0.1350
epoch 23/200 loss 2.9351 train 0.2537 test 0.1377
epoch 24/200 loss 2.8391 train 0.2607 test 0.1306
epoch 25/200 loss 2.8157 train 0.2669 test 0.1423
epoch 26/200 loss 2.7565 train 0.2850 test 0.1337
epoch 27/200 loss 2.6839 train 0.3022 test 0.1398
epoch 28/200 loss 2.5408 train 0.3248 test 0.1473
epoch 29/200 loss 2.5077 train 0.3158 test 0.1407
epoch 30/200 loss 2.5235 train 0.3302 test 0.1444
epoch 31/200 loss 2.4476 train 0.3396 test 0.1369
epoch 32/200 loss 2.3817 train 0.3520 test 0.1405
epoch 33/200 loss 2.2234 train 0.3931 test 0.1552
epoch 34/200 loss 2.1888 train 0.4104 test 0.1485
epoch 35/200 loss 2.0612 train 0.4293 test 0.1541
epoch 36/200 loss 1.9842 train 0.4428 test 0.1481
epoch 37/200 loss 1.9409 train 0.4490 test 0.1427
epoch 38/200 loss 1.8770 train 0.4622 test 0.1675
epoch 39/200 loss 1.7736 train 0.4942 test 0.1682
epoch 40/200 loss 1.6523 train 0.5243 test 0.1665
epoch 41/200 loss 1.5742 train 0.5411 test 0.1601
epoch 42/200 loss 1.4198 train 0.5876 test 0.1628
epoch 43/200 loss 1.4302 train 0.5962 test 0.1490
epoch 44/200 loss 1.4110 train 0.5905 test 0.1552
epoch 45/200 loss 1.2239 train 0.6447 test 0.1565
epoch 46/200 loss 1.1461 train 0.6521 test 0.1563
epoch 47/200 loss 1.0058 train 0.7097 test 0.1573
epoch 48/200 loss 0.9155 train 0.7319 test 0.1604
epoch 49/200 loss 0.8565 train 0.7381 test 0.1566
epoch 50/200 loss 0.8015 train 0.7623 test 0.1644
epoch 51/200 loss 0.7272 train 0.7862 test 0.1691
epoch 52/200 loss 0.7488 train 0.7854 test 0.1609
epoch 53/200 loss 0.6727 train 0.7977 test 0.1606
epoch 54/200 loss 0.6805 train 0.7981 test 0.1487
epoch 55/200 loss 0.5661 train 0.8368 test 0.1662
epoch 56/200 loss 0.5291 train 0.8425 test 0.1605
epoch 57/200 loss 0.4559 train 0.8680 test 0.1653
epoch 58/200 loss 0.4244 train 0.8779 test 0.1623
epoch 59/200 loss 0.3588 train 0.9025 test 0.1749
epoch 60/200 loss 0.3266 train 0.9104 test 0.1685
epoch 61/200 loss 0.2741 train 0.9309 test 0.1810
epoch 62/200 loss 0.2540 train 0.9375 test 0.1761
epoch 63/200 loss 0.1801 train 0.9618 test 0.1911
epoch 64/200 loss 0.1605 train 0.9642 test 0.1827
epoch 65/200 loss 0.1407 train 0.9696 test 0.1864
epoch 66/200 loss 0.1189 train 0.9766 test 0.1744
epoch 67/200 loss 0.1343 train 0.9716 test 0.1765
epoch 68/200 loss 0.1229 train 0.9770 test 0.1907
epoch 69/200 loss 0.0875 train 0.9848 test 0.1881
epoch 70/200 loss 0.0694 train 0.9897 test 0.1906
epoch 71/200 loss 0.0554 train 0.9889 test 0.1869
epoch 72/200 loss 0.0742 train 0.9844 test 0.1897
epoch 73/200 loss 0.0589 train 0.9901 test 0.1924
epoch 74/200 loss 0.0519 train 0.9934 test 0.1945
epoch 75/200 loss 0.0418 train 0.9926 test 0.1975
epoch 76/200 loss 0.0358 train 0.9971 test 0.1989
epoch 77/200 loss 0.0289 train 0.9963 test 0.1958
epoch 78/200 loss 0.0306 train 0.9979 test 0.1993
epoch 79/200 loss 0.0211 train 0.9988 test 0.1988
epoch 80/200 loss 0.0162 train 0.9992 test 0.2008
epoch 81/200 loss 0.0169 train 0.9988 test 0.2039
epoch 82/200 loss 0.0134 train 0.9992 test 0.2061
epoch 83/200 loss 0.0147 train 0.9984 test 0.2000
epoch 84/200 loss 0.0139 train 0.9988 test 0.2068
epoch 85/200 loss 0.0177 train 0.9984 test 0.2003
epoch 86/200 loss 0.0369 train 0.9955 test 0.1967
epoch 87/200 loss 0.0218 train 0.9967 test 0.1985
epoch 88/200 loss 0.0169 train 0.9996 test 0.2057
epoch 89/200 loss 0.0139 train 0.9984 test 0.2042
epoch 90/200 loss 0.0122 train 0.9984 test 0.2057
epoch 91/200 loss 0.0108 train 1.0000 test 0.2081
epoch 92/200 loss 0.0097 train 0.9996 test 0.2064
epoch 93/200 loss 0.0104 train 0.9996 test 0.2038
epoch 94/200 loss 0.0084 train 0.9996 test 0.2073
epoch 95/200 loss 0.0073 train 1.0000 test 0.2085
epoch 96/200 loss 0.0072 train 1.0000 test 0.2068
epoch 97/200 loss 0.0067 train 1.0000 test 0.2102
epoch 98/200 loss 0.0072 train 1.0000 test 0.2098
epoch 99/200 loss 0.0067 train 1.0000 test 0.2089
epoch 100/200 loss 0.0069 train 1.0000 test 0.2090
epoch 101/200 loss 0.0070 train 1.0000 test 0.2090
epoch 102/200 loss 0.0074 train 1.0000 test 0.2108
epoch 103/200 loss 0.0069 train 1.0000 test 0.2128
epoch 104/200 loss 0.0068 train 1.0000 test 0.2104
epoch 105/200 loss 0.0065 train 1.0000 test 0.2105
epoch 106/200 loss 0.0067 train 1.0000 test 0.2100
epoch 107/200 loss 0.0076 train 1.0000 test 0.2101
epoch 108/200 loss 0.0079 train 1.0000 test 0.2093
epoch 109/200 loss 0.0071 train 1.0000 test 0.2093
epoch 110/200 loss 0.0077 train 1.0000 test 0.2090
epoch 111/200 loss 0.0069 train 1.0000 test 0.2097
epoch 112/200 loss 0.0069 train 1.0000 test 0.2103
epoch 113/200 loss 0.0074 train 1.0000 test 0.2118
epoch 114/200 loss 0.0077 train 1.0000 test 0.2112
epoch 115/200 loss 0.0071 train 1.0000 test 0.2110
epoch 116/200 loss 0.0081 train 0.9996 test 0.2090
epoch 117/200 loss 0.0080 train 1.0000 test 0.2103
epoch 118/200 loss 0.0082 train 1.0000 test 0.2097
epoch 119/200 loss 0.0073 train 1.0000 test 0.2095
epoch 120/200 loss 0.0079 train 1.0000 test 0.2106
epoch 121/200 loss 0.0076 train 1.0000 test 0.2079
epoch 122/200 loss 0.0074 train 1.0000 test 0.2102
epoch 123/200 loss 0.0080 train 1.0000 test 0.2109
epoch 124/200 loss 0.0076 train 1.0000 test 0.2095
epoch 125/200 loss 0.0075 train 1.0000 test 0.2095
epoch 126/200 loss 0.0077 train 1.0000 test 0.2095
epoch 127/200 loss 0.0073 train 1.0000 test 0.2099
epoch 128/200 loss 0.0073 train 1.0000 test 0.2118
epoch 129/200 loss 0.0076 train 1.0000 test 0.2092
epoch 130/200 loss 0.0077 train 1.0000 test 0.2106
epoch 131/200 loss 0.0072 train 1.0000 test 0.2109
epoch 132/200 loss 0.0073 train 1.0000 test 0.2123
epoch 133/200 loss 0.0076 train 1.0000 test 0.2100
epoch 134/200 loss 0.0074 train 1.0000 test 0.2112
epoch 135/200 loss 0.0080 train 1.0000 test 0.2117
epoch 136/200 loss 0.0074 train 1.0000 test 0.2108
epoch 137/200 loss 0.0077 train 1.0000 test 0.2103
epoch 138/200 loss 0.0073 train 1.0000 test 0.2101
epoch 139/200 loss 0.0068 train 1.0000 test 0.2111
epoch 140/200 loss 0.0073 train 1.0000 test 0.2121
epoch 141/200 loss 0.0071 train 1.0000 test 0.2113
epoch 142/200 loss 0.0074 train 1.0000 test 0.2117
epoch 143/200 loss 0.0080 train 1.0000 test 0.2102
epoch 144/200 loss 0.0075 train 1.0000 test 0.2106
epoch 145/200 loss 0.0076 train 1.0000 test 0.2108
epoch 146/200 loss 0.0077 train 1.0000 test 0.2115
epoch 147/200 loss 0.0072 train 1.0000 test 0.2091
epoch 148/200 loss 0.0081 train 1.0000 test 0.2097
epoch 149/200 loss 0.0075 train 1.0000 test 0.2100
epoch 150/200 loss 0.0079 train 1.0000 test 0.2099
epoch 151/200 loss 0.0077 train 1.0000 test 0.2096
epoch 152/200 loss 0.0073 train 1.0000 test 0.2110
epoch 153/200 loss 0.0072 train 1.0000 test 0.2112
epoch 154/200 loss 0.0076 train 1.0000 test 0.2110
epoch 155/200 loss 0.0080 train 1.0000 test 0.2112
epoch 156/200 loss 0.0076 train 1.0000 test 0.2094
epoch 157/200 loss 0.0071 train 1.0000 test 0.2098
epoch 158/200 loss 0.0072 train 1.0000 test 0.2096
epoch 159/200 loss 0.0078 train 1.0000 test 0.2111
epoch 160/200 loss 0.0072 train 1.0000 test 0.2114
epoch 161/200 loss 0.0072 train 1.0000 test 0.2094
epoch 162/200 loss 0.0075 train 1.0000 test 0.2095
epoch 163/200 loss 0.0078 train 1.0000 test 0.2099
epoch 164/200 loss 0.0075 train 1.0000 test 0.2097
epoch 165/200 loss 0.0073 train 1.0000 test 0.2097
epoch 166/200 loss 0.0079 train 1.0000 test 0.2097
epoch 167/200 loss 0.0081 train 1.0000 test 0.2108
epoch 168/200 loss 0.0070 train 1.0000 test 0.2108
epoch 169/200 loss 0.0076 train 1.0000 test 0.2112
epoch 170/200 loss 0.0074 train 1.0000 test 0.2112
epoch 171/200 loss 0.0074 train 1.0000 test 0.2118
epoch 172/200 loss 0.0076 train 1.0000 test 0.2115
epoch 173/200 loss 0.0075 train 1.0000 test 0.2098
epoch 174/200 loss 0.0078 train 1.0000 test 0.2126
epoch 175/200 loss 0.0074 train 1.0000 test 0.2116
epoch 176/200 loss 0.0073 train 1.0000 test 0.2122
epoch 177/200 loss 0.0076 train 1.0000 test 0.2117
epoch 178/200 loss 0.0071 train 1.0000 test 0.2105
epoch 179/200 loss 0.0073 train 1.0000 test 0.2104
epoch 180/200 loss 0.0077 train 1.0000 test 0.2115
epoch 181/200 loss 0.0074 train 1.0000 test 0.2107
epoch 182/200 loss 0.0076 train 1.0000 test 0.2113
epoch 183/200 loss 0.0076 train 1.0000 test 0.2111
epoch 184/200 loss 0.0072 train 1.0000 test 0.2100
epoch 185/200 loss 0.0074 train 1.0000 test 0.2115
epoch 186/200 loss 0.0071 train 1.0000 test 0.2122
epoch 187/200 loss 0.0071 train 1.0000 test 0.2107
epoch 188/200 loss 0.0071 train 1.0000 test 0.2113
epoch 189/200 loss 0.0072 train 1.0000 test 0.2123
epoch 190/200 loss 0.0074 train 1.0000 test 0.2118
epoch 191/200 loss 0.0067 train 1.0000 test 0.2123
epoch 192/200 loss 0.0073 train 1.0000 test 0.2113
epoch 193/200 loss 0.0074 train 1.0000 test 0.2118
epoch 194/200 loss 0.0071 train 1.0000 test 0.2122
epoch 195/200 loss 0.0074 train 1.0000 test 0.2115
epoch 196/200 loss 0.0074 train 1.0000 test 0.2115
epoch 197/200 loss 0.0071 train 1.0000 test 0.2119
epoch 198/200 loss 0.0077 train 1.0000 test 0.2109
epoch 199/200 loss 0.0075 train 1.0000 test 0.2126
epoch 200/200 loss 0.0069 train 1.0000 test 0.2115
done: final 0.2115 best 0.2128 -> ./runs/abl5_learned/seed1
=== abl5_learned seed 2 ===
[abl5_learned seed2] {"params_trainable": 11240517, "params_stem_trainable": 6561, "params_stem_fixed_filters": 0, "flops_total": 577580032, "flops_stem": 6718464, "flops_image_size": 32}
epoch 1/200 loss 4.5774 train 0.0173 test 0.0320
epoch 2/200 loss 4.3641 train 0.0395 test 0.0485
epoch 3/200 loss 4.2341 train 0.0613 test 0.0555
epoch 4/200 loss 4.0958 train 0.0650 test 0.0783
epoch 5/200 loss 3.9619 train 0.0946 test 0.0836
epoch 6/200 loss 3.8321 train 0.0983 test 0.0796
epoch 7/200 loss 3.7765 train 0.1110 test 0.0715
epoch 8/200 loss 3.7390 train 0.1180 test 0.0933
epoch 9/200 loss 3.6730 train 0.1340 test 0.0982
epoch 10/200 loss 3.5907 train 0.1480 test 0.1005
epoch 11/200 loss 3.5578 train 0.1431 test 0.1050
epoch 12/200 loss 3.4812 train 0.1554 test 0.1124
epoch 13/200 loss 3.4305 train 0.1653 test 0.1100
epoch 14/200 loss 3.4076 train 0.1649 test 0.1036
epoch 15/200 loss 3.3388 train 0.1834 test 0.1169
epoch 16/200 loss 3.2627 train 0.1900 test 0.1213
epoch 17/200 loss 3.2325 train 0.2048 test 0.1251
epoch 18/200 loss 3.1830 train 0.2027 test 0.1227
epoch 19/200 loss 3.0909 train 0.2262 test 0.1220
epoch 20/200 loss 3.0489 train 0.2257 test 0.1223
epoch 21/200 loss 3.0383 train 0.2294 test 0.1377
epoch 22/200 loss 2.9526 train 0.2496 test 0.1374
epoch 23/200 loss 2.8656 train 0.2619 test 0.1470
epoch 24/200 loss 2.8399 train 0.2558 test 0.1515
epoch 25/200 loss 2.7581 train 0.2743 test 0.1400
epoch 26/200 loss 2.7150 train 0.2800 test 0.1387
epoch 27/200 loss 2.6803 train 0.2919 test 0.1427
epoch 28/200 loss 2.5776 train 0.3195 test 0.1435
epoch 29/200 loss 2.4996 train 0.3248 test 0.1330
epoch 30/200 loss 2.4496 train 0.3298 test 0.1480
epoch 31/200 loss 2.3396 train 0.3668 test 0.1549
epoch 32/200 loss 2.2318 train 0.3886 test 0.1455
epoch 33/200 loss 2.1891 train 0.3947 test 0.1483
epoch 34/200 loss 2.1700 train 0.3906 test 0.1588
epoch 35/200 loss 2.0345 train 0.4285 test 0.1458
epoch 36/200 loss 1.9728 train 0.4461 test 0.1524
epoch 37/200 loss 1.8847 train 0.4708 test 0.1504
epoch 38/200 loss 1.7648 train 0.5045 test 0.1635
epoch 39/200 loss 1.7297 train 0.5111 test 0.1635
epoch 40/200 loss 1.5932 train 0.5502 test 0.1506
epoch 41/200 loss 1.6130 train 0.5218 test 0.1435
epoch 42/200 loss 1.4492 train 0.5888 test 0.1560
epoch 43/200 loss 1.2961 train 0.6168 test 0.1629
epoch 44/200 loss 1.2212 train 0.6361 test 0.1711
epoch 45/200 loss 1.1858 train 0.6468 test 0.1615
epoch 46/200 loss 1.0642 train 0.6776 test 0.1622
epoch 47/200 loss 1.0184 train 0.6916 test 0.1669
epoch 48/200 loss 0.9053 train 0.7315 test 0.1570
epoch 49/200 loss 0.8963 train 0.7356 test 0.1720
epoch 50/200 loss 0.8093 train 0.7623 test 0.1525
epoch 51/200 loss 0.7817 train 0.7685 test 0.1594
epoch 52/200 loss 0.6841 train 0.7973 test 0.1567
epoch 53/200 loss 0.6490 train 0.8117 test 0.1665
epoch 54/200 loss 0.5892 train 0.8302 test 0.1625
epoch 55/200 loss 0.5524 train 0.8302 test 0.1592
epoch 56/200 loss 0.4284 train 0.8849 test 0.1710
epoch 57/200 loss 0.3756 train 0.8927 test 0.1799
epoch 58/200 loss 0.3292 train 0.9095 test 0.1756
epoch 59/200 loss 0.2830 train 0.9293 test 0.1784
epoch 60/200 loss 0.2803 train 0.9252 test 0.1832
epoch 61/200 loss 0.2267 train 0.9396 test 0.1648
epoch 62/200 loss 0.2080 train 0.9486 test 0.1740
epoch 63/200 loss 0.2085 train 0.9437 test 0.1773
epoch 64/200 loss 0.2265 train 0.9445 test 0.1791
epoch 65/200 loss 0.2027 train 0.9478 test 0.1803
epoch 66/200 loss 0.1518 train 0.9655 test 0.1834
epoch 67/200 loss 0.1383 train 0.9667 test 0.1844
epoch 68/200 loss 0.1497 train 0.9613 test 0.1816
epoch 69/200 loss 0.1249 train 0.9675 test 0.1877
epoch 70/200 loss 0.0997 train 0.9827 test 0.1933
epoch 71/200 loss 0.0942 train 0.9815 test 0.1883
epoch 72/200 loss 0.0754 train 0.9877 test 0.1929
epoch 73/200 loss 0.0622 train 0.9901 test 0.1969
epoch 74/200 loss 0.0462 train 0.9930 test 0.1961
epoch 75/200 loss 0.0419 train 0.9967 test 0.1958
epoch 76/200 loss 0.0277 train 0.9971 test 0.2001
epoch 77/200 loss 0.0253 train 0.9967 test 0.2003
epoch 78/200 loss 0.0199 train 0.9984 test 0.2009
epoch 79/200 loss 0.0153 train 0.9992 test 0.2077
epoch 80/200 loss 0.0129 train 0.9996 test 0.2026
epoch 81/200 loss 0.0106 train 1.0000 test 0.2062
epoch 82/200 loss 0.0087 train 0.9996 test 0.2123
epoch 83/200 loss 0.0082 train 1.0000 test 0.2111
epoch 84/200 loss 0.0073 train 1.0000 test 0.2120
epoch 85/200 loss 0.0078 train 1.0000 test 0.2131
epoch 86/200 loss 0.0071 train 1.0000 test 0.2118
epoch 87/200 loss 0.0069 train 1.0000 test 0.2119
epoch 88/200 loss 0.0066 train 1.0000 test 0.2123
epoch 89/200 loss 0.0067 train 1.0000 test 0.2110
epoch 90/200 loss 0.0064 train 1.0000 test 0.2121
epoch 91/200 loss 0.0071 train 1.0000 test 0.2111
epoch 92/200 loss 0.0069 train 1.0000 test 0.2102
epoch 93/200 loss 0.0072 train 1.0000 test 0.2126
epoch 94/200 loss 0.0071 train 1.0000 test 0.2111
epoch 95/200 loss 0.0065 train 1.0000 test 0.2113
epoch 96/200 loss 0.0068 train 1.0000 test 0.2127
epoch 97/200 loss 0.0069 train 1.0000 test 0.2126
epoch 98/200 loss 0.0067 train 1.0000 test 0.2150
epoch 99/200 loss 0.0067 train 1.0000 test 0.2145
epoch 100/200 loss 0.0069 train 1.0000 test 0.2127
epoch 101/200 loss 0.0071 train 1.0000 test 0.2104
epoch 102/200 loss 0.0072 train 1.0000 test 0.2152
epoch 103/200 loss 0.0073 train 1.0000 test 0.2141
epoch 104/200 loss 0.0077 train 1.0000 test 0.2123
epoch 105/200 loss 0.0075 train 1.0000 test 0.2143
epoch 106/200 loss 0.0077 train 1.0000 test 0.2134
epoch 107/200 loss 0.0073 train 1.0000 test 0.2142
epoch 108/200 loss 0.0072 train 1.0000 test 0.2163
epoch 109/200 loss 0.0071 train 1.0000 test 0.2135
epoch 110/200 loss 0.0074 train 1.0000 test 0.2156
epoch 111/200 loss 0.0076 train 1.0000 test 0.2131
epoch 112/200 loss 0.0072 train 1.0000 test 0.2147
epoch 113/200 loss 0.0074 train 1.0000 test 0.2154
epoch 114/200 loss 0.0079 train 1.0000 test 0.2148
epoch 115/200 loss 0.0070 train 1.0000 test 0.2154
epoch 116/200 loss 0.0077 train 1.0000 test 0.2161
epoch 117/200 loss 0.0077 train 1.0000 test 0.2143
epoch 118/200 loss 0.0080 train 1.0000 test 0.2143
epoch 119/200 loss 0.0079 train 1.0000 test 0.2137
epoch 120/200 loss 0.0074 train 1.0000 test 0.2166
epoch 121/200 loss 0.0075 train 1.0000 test 0.2141
epoch 122/200 loss 0.0074 train 1.0000 test 0.2144
epoch 123/200 loss 0.0075 train 1.0000 test 0.2157
epoch 124/200 loss 0.0076 train 1.0000 test 0.2156
epoch 125/200 loss 0.0074 train 1.0000 test 0.2136
epoch 126/200 loss 0.0072 train 1.0000 test 0.2159
epoch 127/200 loss 0.0073 train 1.0000 test 0.2142
epoch 128/200 loss 0.0079 train 1.0000 test 0.2142
epoch 129/200 loss 0.0077 train 1.0000 test 0.2148
epoch 130/200 loss 0.0076 train 1.0000 test 0.2155
epoch 131/200 loss 0.0083 train 1.0000 test 0.2115
epoch 132/200 loss 0.0069 train 1.0000 test 0.2131
epoch 133/200 loss 0.0071 train 1.0000 test 0.2144
epoch 134/200 loss 0.0074 train 1.0000 test 0.2136
epoch 135/200 loss 0.0072 train 1.0000 test 0.2147
epoch 136/200 loss 0.0075 train 1.0000 test 0.2148
epoch 137/200 loss 0.0070 train 1.0000 test 0.2163
epoch 138/200 loss 0.0076 train 1.0000 test 0.2137
epoch 139/200 loss 0.0078 train 1.0000 test 0.2158
epoch 140/200 loss 0.0077 train 1.0000 test 0.2160
epoch 141/200 loss 0.0072 train 1.0000 test 0.2170
epoch 142/200 loss 0.0075 train 1.0000 test 0.2156
epoch 143/200 loss 0.0082 train 1.0000 test 0.2162
epoch 144/200 loss 0.0075 train 1.0000 test 0.2169
epoch 145/200 loss 0.0075 train 1.0000 test 0.2162
epoch 146/200 loss 0.0077 train 1.0000 test 0.2166
epoch 147/200 loss 0.0072 train 1.0000 test 0.2170
epoch 148/200 loss 0.0073 train 1.0000 test 0.2162
epoch 149/200 loss 0.0072 train 1.0000 test 0.2155
epoch 150/200 loss 0.0069 train 1.0000 test 0.2172
epoch 151/200 loss 0.0075 train 1.0000 test 0.2157
epoch 152/200 loss 0.0073 train 1.0000 test 0.2150
epoch 153/200 loss 0.0075 train 1.0000 test 0.2171
epoch 154/200 loss 0.0076 train 1.0000 test 0.2154
epoch 155/200 loss 0.0078 train 1.0000 test 0.2159
epoch 156/200 loss 0.0074 train 1.0000 test 0.2155
epoch 157/200 loss 0.0067 train 1.0000 test 0.2164
epoch 158/200 loss 0.0072 train 1.0000 test 0.2168
epoch 159/200 loss 0.0078 train 1.0000 test 0.2165
epoch 160/200 loss 0.0073 train 1.0000 test 0.2158
epoch 161/200 loss 0.0079 train 1.0000 test 0.2147
epoch 162/200 loss 0.0071 train 1.0000 test 0.2160
epoch 163/200 loss 0.0074 train 1.0000 test 0.2155
epoch 164/200 loss 0.0074 train 1.0000 test 0.2144
epoch 165/200 loss 0.0075 train 1.0000 test 0.2153
epoch 166/200 loss 0.0074 train 1.0000 test 0.2157
epoch 167/200 loss 0.0072 train 1.0000 test 0.2157
epoch 168/200 loss 0.0079 train 1.0000 test 0.2166
epoch 169/200 loss 0.0070 train 1.0000 test 0.2158
epoch 170/200 loss 0.0073 train 1.0000 test 0.2156
epoch 171/200 loss 0.0073 train 1.0000 test 0.2160
epoch 172/200 loss 0.0072 train 1.0000 test 0.2165
epoch 173/200 loss 0.0072 train 1.0000 test 0.2163
epoch 174/200 loss 0.0078 train 1.0000 test 0.2158
epoch 175/200 loss 0.0073 train 1.0000 test 0.2177
epoch 176/200 loss 0.0074 train 1.0000 test 0.2172
epoch 177/200 loss 0.0077 train 1.0000 test 0.2163
epoch 178/200 loss 0.0077 train 1.0000 test 0.2166
epoch 179/200 loss 0.0072 train 1.0000 test 0.2164
epoch 180/200 loss 0.0074 train 1.0000 test 0.2160
epoch 181/200 loss 0.0078 train 1.0000 test 0.2171
epoch 182/200 loss 0.0072 train 1.0000 test 0.2162
epoch 183/200 loss 0.0074 train 1.0000 test 0.2175
epoch 184/200 loss 0.0073 train 1.0000 test 0.2170
epoch 185/200 loss 0.0077 train 1.0000 test 0.2178
epoch 186/200 loss 0.0072 train 1.0000 test 0.2161
epoch 187/200 loss 0.0075 train 1.0000 test 0.2163
epoch 188/200 loss 0.0070 train 1.0000 test 0.2172
epoch 189/200 loss 0.0075 train 1.0000 test 0.2166
epoch 190/200 loss 0.0068 train 1.0000 test 0.2159
epoch 191/200 loss 0.0075 train 1.0000 test 0.2170
epoch 192/200 loss 0.0071 train 1.0000 test 0.2164
epoch 193/200 loss 0.0073 train 1.0000 test 0.2164
epoch 194/200 loss 0.0075 train 1.0000 test 0.2164
epoch 195/200 loss 0.0075 train 1.0000 test 0.2174
epoch 196/200 loss 0.0074 train 1.0000 test 0.2169
epoch 197/200 loss 0.0072 train 1.0000 test 0.2176
epoch 198/200 loss 0.0074 train 1.0000 test 0.2168
epoch 199/200 loss 0.0074 train 1.0000 test 0.2168
epoch 200/200 loss 0.0070 train 1.0000 test 0.2175
done: final 0.2175 best 0.2178 -> ./runs/abl5_learned/seed2
=== abl10_none seed 0 ===
[abl10_none seed0] {"params_trainable": 11220132, "params_stem_trainable": 0, "params_stem_fixed_filters": 0, "flops_total": 556705792, "flops_stem": 0, "flops_image_size": 32}
epoch 1/200 loss 4.4651 train 0.0353 test 0.0508
epoch 2/200 loss 4.1661 train 0.0645 test 0.0643
epoch 3/200 loss 4.0191 train 0.0825 test 0.0875
epoch 4/200 loss 3.9020 train 0.0996 test 0.0836
epoch 5/200 loss 3.8211 train 0.1014 test 0.0917
epoch 6/200 loss 3.7319 train 0.1226 test 0.0988
epoch 7/200 loss 3.6444 train 0.1296 test 0.1166
epoch 8/200 loss 3.5657 train 0.1422 test 0.1029
epoch 9/200 loss 3.5090 train 0.1506 test 0.1303
epoch 10/200 loss 3.4306 train 0.1635 test 0.1346
epoch 11/200 loss 3.3499 train 0.1827 test 0.1539
epoch 12/200 loss 3.2789 train 0.1949 test 0.1532
epoch 13/200 loss 3.2026 train 0.2135 test 0.1548
epoch 14/200 loss 3.1444 train 0.2167 test 0.1635
epoch 15/200 loss 3.0346 train 0.2406 test 0.1652
epoch 16/200 loss 2.9539 train 0.2534 test 0.1668
epoch 17/200 loss 2.8836 train 0.2658 test 0.1968
epoch 18/200 loss 2.7988 train 0.2754 test 0.2049
epoch 19/200 loss 2.7081 train 0.2985 test 0.1952
epoch 20/200 loss 2.6729 train 0.3107 test 0.2254
epoch 21/200 loss 2.5341 train 0.3269 test 0.2154
epoch 22/200 loss 2.4227 train 0.3514 test 0.2245
epoch 23/200 loss 2.3507 train 0.3748 test 0.2167
epoch 24/200 loss 2.2385 train 0.3886 test 0.2432
epoch 25/200 loss 2.2115 train 0.3958 test 0.2371
epoch 26/200 loss 2.0520 train 0.4251 test 0.2292
epoch 27/200 loss 1.9819 train 0.4493 test 0.2485
epoch 28/200 loss 1.9252 train 0.4681 test 0.2698
epoch 29/200 loss 1.7952 train 0.5010 test 0.2733
epoch 30/200 loss 1.6876 train 0.5168 test 0.2487
epoch 31/200 loss 1.6090 train 0.5317 test 0.2518
epoch 32/200 loss 1.5634 train 0.5489 test 0.2122
epoch 33/200 loss 1.4340 train 0.5875 test 0.2539
epoch 34/200 loss 1.3615 train 0.5966 test 0.2841
epoch 35/200 loss 1.2253 train 0.6382 test 0.2776
epoch 36/200 loss 1.1715 train 0.6583 test 0.2846
epoch 37/200 loss 1.1081 train 0.6709 test 0.2902
epoch 38/200 loss 0.9650 train 0.7069 test 0.2621
epoch 39/200 loss 0.8940 train 0.7258 test 0.2663
epoch 40/200 loss 0.8413 train 0.7398 test 0.2836
epoch 41/200 loss 0.7906 train 0.7704 test 0.2972
epoch 42/200 loss 0.7389 train 0.7833 test 0.2848
epoch 43/200 loss 0.6512 train 0.7993 test 0.2935
epoch 44/200 loss 0.6597 train 0.7983 test 0.2597
epoch 45/200 loss 0.5335 train 0.8391 test 0.2625
epoch 46/200 loss 0.4672 train 0.8568 test 0.2891
epoch 47/200 loss 0.4535 train 0.8608 test 0.2952
epoch 48/200 loss 0.4461 train 0.8618 test 0.3000
epoch 49/200 loss 0.3842 train 0.8816 test 0.3012
epoch 50/200 loss 0.3840 train 0.8864 test 0.3114
epoch 51/200 loss 0.3186 train 0.9050 test 0.2999
epoch 52/200 loss 0.2750 train 0.9197 test 0.3210
epoch 53/200 loss 0.2158 train 0.9447 test 0.3206
epoch 54/200 loss 0.2155 train 0.9433 test 0.3178
epoch 55/200 loss 0.1981 train 0.9487 test 0.3181
epoch 56/200 loss 0.1996 train 0.9461 test 0.2955
epoch 57/200 loss 0.2104 train 0.9395 test 0.3058
epoch 58/200 loss 0.2139 train 0.9391 test 0.2925
epoch 59/200 loss 0.1971 train 0.9427 test 0.2977
epoch 60/200 loss 0.1672 train 0.9553 test 0.3086
epoch 61/200 loss 0.1605 train 0.9531 test 0.3249
epoch 62/200 loss 0.1236 train 0.9700 test 0.3425
epoch 63/200 loss 0.0997 train 0.9790 test 0.3423
epoch 64/200 loss 0.0860 train 0.9798 test 0.3465
epoch 65/200 loss 0.0921 train 0.9782 test 0.3396
epoch 66/200 loss 0.1154 train 0.9706 test 0.3269
epoch 67/200 loss 0.1101 train 0.9734 test 0.3210
epoch 68/200 loss 0.1395 train 0.9625 test 0.3114
epoch 69/200 loss 0.1171 train 0.9702 test 0.3288
epoch 70/200 loss 0.0961 train 0.9776 test 0.3351
epoch 71/200 loss 0.0746 train 0.9842 test 0.3312
epoch 72/200 loss 0.0631 train 0.9854 test 0.3376
epoch 73/200 loss 0.0502 train 0.9908 test 0.3530
epoch 74/200 loss 0.0466 train 0.9910 test 0.3386
epoch 75/200 loss 0.0677 train 0.9846 test 0.3371
epoch 76/200 loss 0.0672 train 0.9864 test 0.3437
epoch 77/200 loss 0.0453 train 0.9934 test 0.3672
epoch 78/200 loss 0.0229 train 0.9972 test 0.3742
epoch 79/200 loss 0.0200 train 0.9972 test 0.3786
epoch 80/200 loss 0.0153 train 0.9984 test 0.3775
epoch 81/200 loss 0.0171 train 0.9986 test 0.3828
epoch 82/200 loss 0.0188 train 0.9980 test 0.3806
epoch 83/200 loss 0.0133 train 0.9986 test 0.3839
epoch 84/200 loss 0.0097 train 0.9996 test 0.3872
epoch 85/200 loss 0.0090 train 0.9990 test 0.3931
epoch 86/200 loss 0.0111 train 0.9990 test 0.3896
epoch 87/200 loss 0.0086 train 0.9994 test 0.3912
epoch 88/200 loss 0.0065 train 0.9996 test 0.3940
epoch 89/200 loss 0.0060 train 0.9998 test 0.3953
epoch 90/200 loss 0.0061 train 0.9996 test 0.3943
epoch 91/200 loss 0.0062 train 0.9996 test 0.3962
epoch 92/200 loss 0.0060 train 0.9998 test 0.3942
epoch 93/200 loss 0.0064 train 0.9996 test 0.3977
epoch 94/200 loss 0.0061 train 1.0000 test 0.3952
epoch 95/200 loss 0.0069 train 0.9996 test 0.3966
epoch 96/200 loss 0.0066 train 0.9998 test 0.3988
epoch 97/200 loss 0.0070 train 0.9998 test 0.3980
epoch 98/200 loss 0.0075 train 0.9996 test 0.4007
epoch 99/200 loss 0.0071 train 0.9998 test 0.3998
epoch 100/200 loss 0.0075 train 0.9996 test 0.3979
epoch 101/200 loss 0.0071 train 0.9998 test 0.3989
epoch 102/200 loss 0.0068 train 0.9998 test 0.3998
epoch 103/200 loss 0.0070 train 0.9996 test 0.3980
epoch 104/200 loss 0.0072 train 0.9996 test 0.3960
epoch 105/200 loss 0.0073 train 0.9998 test 0.3986
epoch 106/200 loss 0.0072 train 0.9998 test 0.4007
epoch 107/200 loss 0.0071 train 0.9996 test 0.4004
epoch 108/200 loss 0.0073 train 0.9998 test 0.4010
epoch 109/200 loss 0.0072 train 0.9996 test 0.4035
epoch 110/200 loss 0.0073 train 0.9998 test 0.4043
epoch 111/200 loss 0.0074 train 0.9998 test 0.4019
epoch 112/200 loss 0.0076 train 0.9996 test 0.4030
epoch 113/200 loss 0.0073 train 1.0000 test 0.4000
epoch 114/200 loss 0.0072 train 0.9996 test 0.4009
epoch 115/200 loss 0.0075 train 0.9996 test 0.3999
epoch 116/200 loss 0.0074 train 0.9998 test 0.4010
epoch 117/200 loss 0.0069 train 0.9998 test 0.4016
epoch 118/200 loss 0.0074 train 0.9998 test 0.3994
epoch 119/200 loss 0.0072 train 0.9998 test 0.4007
epoch 120/200 loss 0.0073 train 0.9998 test 0.4038
epoch 121/200 loss 0.0074 train 0.9996 test 0.4023
epoch 122/200 loss 0.0073 train 0.9998 test 0.4023
epoch 123/200 loss 0.0071 train 0.9998 test 0.4034
epoch 124/200 loss 0.0072 train 0.9998 test 0.4056
epoch 125/200 loss 0.0074 train 0.9996 test 0.4041
epoch 126/200 loss 0.0074 train 0.9998 test 0.4027
epoch 127/200 loss 0.0073 train 0.9998 test 0.4015
epoch 128/200 loss 0.0068 train 1.0000 test 0.4016
epoch 129/200 loss 0.0070 train 0.9998 test 0.4012
epoch 130/200 loss 0.0067 train 1.0000 test 0.4045
epoch 131/200 loss 0.0068 train 0.9998 test 0.4031
epoch 132/200 loss 0.0069 train 0.9998 test 0.4024
epoch 133/200 loss 0.0069 train 0.9996 test 0.4060
epoch 134/200 loss 0.0068 train 0.9998 test 0.4042
epoch 135/200 loss 0.0069 train 0.9996 test 0.4035
epoch 136/200 loss 0.0067 train 1.0000 test 0.4051
epoch 137/200 loss 0.0068 train 0.9996 test 0.4033
epoch 138/200 loss 0.0068 train 0.9998 test 0.4014
epoch 139/200 loss 0.0066 train 0.9998 test 0.4028
epoch 140/200 loss 0.0068 train 0.9998 test 0.4041
epoch 141/200 loss 0.0068 train 0.9998 test 0.4031
epoch 142/200 loss 0.0065 train 0.9996 test 0.4046
epoch 143/200 loss 0.0067 train 0.9998 test 0.4029
epoch 144/200 loss 0.0067 train 0.9998 test 0.4028
epoch 145/200 loss 0.0066 train 0.9998 test 0.4011
epoch 146/200 loss 0.0065 train 0.9998 test 0.4030
epoch 147/200 loss 0.0063 train 1.0000 test 0.4041
epoch 148/200 loss 0.0065 train 0.9996 test 0.4044
epoch 149/200 loss 0.0068 train 1.0000 test 0.4015
epoch 150/200 loss 0.0063 train 0.9998 test 0.4044
epoch 151/200 loss 0.0063 train 0.9998 test 0.4035
epoch 152/200 loss 0.0065 train 0.9998 test 0.4045
epoch 153/200 loss 0.0062 train 0.9998 test 0.4035
epoch 154/200 loss 0.0065 train 0.9998 test 0.4033
epoch 155/200 loss 0.0063 train 0.9998 test 0.4043
epoch 156/200 loss 0.0062 train 0.9998 test 0.4051
epoch 157/200 loss 0.0060 train 0.9998 test 0.4029
epoch 158/200 loss 0.0061 train 1.0000 test 0.4031
epoch 159/200 loss 0.0062 train 1.0000 test 0.4042
epoch 160/200 loss 0.0065 train 0.9998 test 0.4036
epoch 161/200 loss 0.0063 train 1.0000 test 0.4047
epoch 162/200 loss 0.0063 train 1.0000 test 0.4035
epoch 163/200 loss 0.0063 train 0.9996 test 0.4033
epoch 164/200 loss 0.0061 train 0.9998 test 0.4051
epoch 165/200 loss 0.0061 train 0.9998 test 0.4043
epoch 166/200 loss 0.0064 train 0.9996 test 0.4040
epoch 167/200 loss 0.0062 train 1.0000 test 0.4046
epoch 168/200 loss 0.0064 train 0.9998 test 0.4046
epoch 169/200 loss 0.0062 train 1.0000 test 0.4045
epoch 170/200 loss 0.0061 train 0.9998 test 0.4037
epoch 171/200 loss 0.0062 train 0.9998 test 0.4018
epoch 172/200 loss 0.0063 train 1.0000 test 0.4028
epoch 173/200 loss 0.0061 train 1.0000 test 0.4047
epoch 174/200 loss 0.0060 train 1.0000 test 0.4018
epoch 175/200 loss 0.0060 train 1.0000 test 0.4036
epoch 176/200 loss 0.0060 train 0.9998 test 0.4028
epoch 177/200 loss 0.0061 train 0.9998 test 0.4024
epoch 178/200 loss 0.0061 train 0.9998 test 0.4037
epoch 179/200 loss 0.0061 train 0.9998 test 0.4019
epoch 180/200 loss 0.0061 train 0.9998 test 0.4023
epoch 181/200 loss 0.0063 train 1.0000 test 0.4030
epoch 182/200 loss 0.0060 train 1.0000 test 0.4025
epoch 183/200 loss 0.0058 train 1.0000 test 0.4041
epoch 184/200 loss 0.0058 train 1.0000 test 0.4028
epoch 185/200 loss 0.0060 train 1.0000 test 0.4025
epoch 186/200 loss 0.0061 train 0.9998 test 0.4035
epoch 187/200 loss 0.0061 train 1.0000 test 0.4014
epoch 188/200 loss 0.0060 train 0.9998 test 0.4028
epoch 189/200 loss 0.0061 train 1.0000 test 0.4024
epoch 190/200 loss 0.0061 train 0.9998 test 0.4030
epoch 191/200 loss 0.0056 train 1.0000 test 0.4023
epoch 192/200 loss 0.0058 train 1.0000 test 0.4037
epoch 193/200 loss 0.0061 train 1.0000 test 0.4043
epoch 194/200 loss 0.0061 train 1.0000 test 0.4049
epoch 195/200 loss 0.0060 train 0.9998 test 0.4058
epoch 196/200 loss 0.0059 train 0.9998 test 0.4034
epoch 197/200 loss 0.0059 train 1.0000 test 0.4037
epoch 198/200 loss 0.0059 train 1.0000 test 0.4040
epoch 199/200 loss 0.0060 train 1.0000 test 0.4021
epoch 200/200 loss 0.0058 train 1.0000 test 0.4044
done: final 0.4044 best 0.4060 -> ./runs/abl10_none/seed0
=== abl10_none seed 1 ===
[abl10_none seed1] {"params_trainable": 11220132, "params_stem_trainable": 0, "params_stem_fixed_filters": 0, "flops_total": 556705792, "flops_stem": 0, "flops_image_size": 32}
epoch 1/200 loss 4.4647 train 0.0369 test 0.0543
epoch 2/200 loss 4.1918 train 0.0601 test 0.0788
epoch 3/200 loss 4.0282 train 0.0769 test 0.0805
epoch 4/200 loss 3.9197 train 0.0946 test 0.0962
epoch 5/200 loss 3.8301 train 0.0994 test 0.1075
epoch 6/200 loss 3.7062 train 0.1194 test 0.1079
epoch 7/200 loss 3.6405 train 0.1402 test 0.1088
epoch 8/200 loss 3.5635 train 0.1424 test 0.1319
epoch 9/200 loss 3.4832 train 0.1585 test 0.1117
epoch 10/200 loss 3.4075 train 0.1723 test 0.1274
epoch 11/200 loss 3.3454 train 0.1773 test 0.1292
epoch 12/200 loss 3.2578 train 0.1993 test 0.1515
epoch 13/200 loss 3.1600 train 0.2143 test 0.1677
epoch 14/200 loss 3.0956 train 0.2340 test 0.1604
epoch 15/200 loss 3.0025 train 0.2460 test 0.1763
epoch 16/200 loss 2.9001 train 0.2638 test 0.1678
epoch 17/200 loss 2.8419 train 0.2762 test 0.1889
epoch 18/200 loss 2.7550 train 0.2909 test 0.1987
epoch 19/200 loss 2.6598 train 0.3057 test 0.2163
epoch 20/200 loss 2.5932 train 0.3161 test 0.2167
epoch 21/200 loss 2.5124 train 0.3317 test 0.2302
epoch 22/200 loss 2.3953 train 0.3618 test 0.2060
epoch 23/200 loss 2.3069 train 0.3750 test 0.2142
epoch 24/200 loss 2.1952 train 0.4006 test 0.2458
epoch 25/200 loss 2.1555 train 0.4083 test 0.2072
epoch 26/200 loss 2.0597 train 0.4285 test 0.2361
epoch 27/200 loss 2.0150 train 0.4421 test 0.2559
epoch 28/200 loss 1.8953 train 0.4663 test 0.2557
epoch 29/200 loss 1.7468 train 0.5052 test 0.2630
epoch 30/200 loss 1.6617 train 0.5222 test 0.2525
epoch 31/200 loss 1.6021 train 0.5411 test 0.2757
epoch 32/200 loss 1.5203 train 0.5615 test 0.2577
epoch 33/200 loss 1.4360 train 0.5827 test 0.2714
epoch 34/200 loss 1.3180 train 0.6090 test 0.2570
epoch 35/200 loss 1.2116 train 0.6284 test 0.2737
epoch 36/200 loss 1.1684 train 0.6464 test 0.2844
epoch 37/200 loss 1.1100 train 0.6641 test 0.2802
epoch 38/200 loss 0.9718 train 0.7079 test 0.2832
epoch 39/200 loss 0.8910 train 0.7266 test 0.2498
epoch 40/200 loss 0.8572 train 0.7420 test 0.2745
epoch 41/200 loss 0.7855 train 0.7562 test 0.2703
epoch 42/200 loss 0.7175 train 0.7804 test 0.2888
epoch 43/200 loss 0.6214 train 0.8119 test 0.2860
epoch 44/200 loss 0.6228 train 0.8089 test 0.2819
epoch 45/200 loss 0.5624 train 0.8287 test 0.3009
epoch 46/200 loss 0.4957 train 0.8516 test 0.2856
epoch 47/200 loss 0.5267 train 0.8367 test 0.2815
epoch 48/200 loss 0.4284 train 0.8732 test 0.3005
epoch 49/200 loss 0.4191 train 0.8744 test 0.2997
epoch 50/200 loss 0.4044 train 0.8822 test 0.3131
epoch 51/200 loss 0.3744 train 0.8886 test 0.2962
epoch 52/200 loss 0.2845 train 0.9215 test 0.3347
epoch 53/200 loss 0.2234 train 0.9377 test 0.3252
epoch 54/200 loss 0.2125 train 0.9413 test 0.3154
epoch 55/200 loss 0.1798 train 0.9527 test 0.3288
epoch 56/200 loss 0.1647 train 0.9553 test 0.3197
epoch 57/200 loss 0.1449 train 0.9635 test 0.3345
epoch 58/200 loss 0.1527 train 0.9579 test 0.3169
epoch 59/200 loss 0.1688 train 0.9545 test 0.3120
epoch 60/200 loss 0.1908 train 0.9505 test 0.3256
epoch 61/200 loss 0.1920 train 0.9443 test 0.3114
epoch 62/200 loss 0.1931 train 0.9453 test 0.3233
epoch 63/200 loss 0.1796 train 0.9513 test 0.3108
epoch 64/200 loss 0.1694 train 0.9541 test 0.3112
epoch 65/200 loss 0.1331 train 0.9649 test 0.3339
epoch 66/200 loss 0.0989 train 0.9762 test 0.3324
epoch 67/200 loss 0.0936 train 0.9778 test 0.3250
epoch 68/200 loss 0.0844 train 0.9798 test 0.3396
epoch 69/200 loss 0.0694 train 0.9842 test 0.3281
epoch 70/200 loss 0.0612 train 0.9874 test 0.3468
epoch 71/200 loss 0.0560 train 0.9888 test 0.3438
epoch 72/200 loss 0.0518 train 0.9904 test 0.3456
epoch 73/200 loss 0.0362 train 0.9948 test 0.3512
epoch 74/200 loss 0.0419 train 0.9918 test 0.3638
epoch 75/200 loss 0.0331 train 0.9944 test 0.3678
epoch 76/200 loss 0.0205 train 0.9984 test 0.3713
epoch 77/200 loss 0.0136 train 0.9988 test 0.3729
epoch 78/200 loss 0.0093 train 0.9996 test 0.3773
epoch 79/200 loss 0.0081 train 0.9998 test 0.3801
epoch 80/200 loss 0.0069 train 0.9998 test 0.3806
epoch 81/200 loss 0.0063 train 0.9996 test 0.3842
epoch 82/200 loss 0.0064 train 0.9998 test 0.3868
epoch 83/200 loss 0.0067 train 0.9998 test 0.3857
epoch 84/200 loss 0.0068 train 0.9994 test 0.3873
epoch 85/200 loss 0.0073 train 0.9998 test 0.3875
epoch 86/200 loss 0.0076 train 0.9998 test 0.3907
epoch 87/200 loss 0.0070 train 0.9996 test 0.3890
epoch 88/200 loss 0.0070 train 0.9998 test 0.3922
epoch 89/200 loss 0.0068 train 0.9996 test 0.3921
epoch 90/200 loss 0.0071 train 0.9998 test 0.3891
epoch 91/200 loss 0.0071 train 0.9996 test 0.3918
epoch 92/200 loss 0.0072 train 0.9998 test 0.3904
epoch 93/200 loss 0.0072 train 0.9998 test 0.3916
epoch 94/200 loss 0.0075 train 0.9998 test 0.3907
epoch 95/200 loss 0.0076 train 0.9996 test 0.3915
epoch 96/200 loss 0.0079 train 0.9998 test 0.3903
epoch 97/200 loss 0.0076 train 0.9998 test 0.3928
epoch 98/200 loss 0.0077 train 0.9996 test 0.3896
epoch 99/200 loss 0.0080 train 1.0000 test 0.3962
epoch 100/200 loss 0.0078 train 0.9998 test 0.3905
epoch 101/200 loss 0.0077 train 0.9998 test 0.3925
epoch 102/200 loss 0.0074 train 0.9998 test 0.3939
epoch 103/200 loss 0.0076 train 0.9996 test 0.3945
epoch 104/200 loss 0.0077 train 0.9998 test 0.3961
epoch 105/200 loss 0.0075 train 0.9998 test 0.3938
epoch 106/200 loss 0.0079 train 0.9998 test 0.3948
epoch 107/200 loss 0.0073 train 1.0000 test 0.3925
epoch 108/200 loss 0.0078 train 0.9998 test 0.3958
epoch 109/200 loss 0.0075 train 1.0000 test 0.3928
epoch 110/200 loss 0.0078 train 0.9998 test 0.3938
epoch 111/200 loss 0.0083 train 0.9996 test 0.3927
epoch 112/200 loss 0.0078 train 0.9998 test 0.3933
epoch 113/200 loss 0.0077 train 0.9998 test 0.3927
epoch 114/200 loss 0.0074 train 0.9996 test 0.3959
epoch 115/200 loss 0.0077 train 0.9998 test 0.3954
epoch 116/200 loss 0.0077 train 0.9998 test 0.3936
epoch 117/200 loss 0.0072 train 1.0000 test 0.3958
epoch 118/200 loss 0.0074 train 0.9998 test 0.3949
epoch 119/200 loss 0.0079 train 0.9998 test 0.3956
epoch 120/200 loss 0.0073 train 0.9998 test 0.3941
epoch 121/200 loss 0.0072 train 0.9998 test 0.3962
epoch 122/200 loss 0.0073 train 0.9996 test 0.3970
epoch 123/200 loss 0.0071 train 0.9998 test 0.3954
epoch 124/200 loss 0.0073 train 0.9996 test 0.3955
epoch 125/200 loss 0.0071 train 1.0000 test 0.3949
epoch 126/200 loss 0.0072 train 1.0000 test 0.3997
epoch 127/200 loss 0.0066 train 0.9998 test 0.3978
epoch 128/200 loss 0.0071 train 0.9998 test 0.3944
epoch 129/200 loss 0.0070 train 0.9998 test 0.3974
epoch 130/200 loss 0.0070 train 0.9998 test 0.3957
epoch 131/200 loss 0.0069 train 0.9998 test 0.3955
epoch 132/200 loss 0.0067 train 1.0000 test 0.3939
epoch 133/200 loss 0.0067 train 1.0000 test 0.3969
epoch 134/200 loss 0.0069 train 1.0000 test 0.3972
epoch 135/200 loss 0.0069 train 0.9996 test 0.3963
epoch 136/200 loss 0.0070 train 0.9998 test 0.3945
epoch 137/200 loss 0.0067 train 1.0000 test 0.3953
epoch 138/200 loss 0.0066 train 1.0000 test 0.3948
epoch 139/200 loss 0.0066 train 0.9998 test 0.3974
epoch 140/200 loss 0.0073 train 0.9996 test 0.3971
epoch 141/200 loss 0.0066 train 0.9998 test 0.3966
epoch 142/200 loss 0.0065 train 1.0000 test 0.3968
epoch 143/200 loss 0.0062 train 1.0000 test 0.3979
epoch 144/200 loss 0.0064 train 1.0000 test 0.3983
epoch 145/200 loss 0.0061 train 1.0000 test 0.3952
epoch 146/200 loss 0.0061 train 1.0000 test 0.3951
epoch 147/200 loss 0.0070 train 0.9996 test 0.3935
epoch 148/200 loss 0.0068 train 0.9998 test 0.3960
epoch 149/200 loss 0.0063 train 1.0000 test 0.3968
epoch 150/200 loss 0.0063 train 0.9998 test 0.3966
epoch 151/200 loss 0.0064 train 1.0000 test 0.3978
epoch 152/200 loss 0.0063 train 1.0000 test 0.3970
epoch 153/200 loss 0.0064 train 1.0000 test 0.3956
epoch 154/200 loss 0.0062 train 1.0000 test 0.3952
epoch 155/200 loss 0.0067 train 0.9996 test 0.3980
epoch 156/200 loss 0.0062 train 0.9998 test 0.3977
epoch 157/200 loss 0.0062 train 0.9998 test 0.3964
epoch 158/200 loss 0.0060 train 1.0000 test 0.3949
epoch 159/200 loss 0.0061 train 1.0000 test 0.3972
epoch 160/200 loss 0.0058 train 1.0000 test 0.3953
epoch 161/200 loss 0.0061 train 1.0000 test 0.3956
epoch 162/200 loss 0.0062 train 0.9998 test 0.3959
epoch 163/200 loss 0.0061 train 1.0000 test 0.3963
epoch 164/200 loss 0.0061 train 0.9998 test 0.3956
epoch 165/200 loss 0.0061 train 1.0000 test 0.3954
epoch 166/200 loss 0.0060 train 1.0000 test 0.3979
epoch 167/200 loss 0.0062 train 0.9998 test 0.3954
epoch 168/200 loss 0.0064 train 0.9998 test 0.3979
epoch 169/200 loss 0.0061 train 1.0000 test 0.3972
epoch 170/200 loss 0.0061 train 0.9998 test 0.3973
epoch 171/200 loss 0.0058 train 1.0000 test 0.3962
epoch 172/200 loss 0.0058 train 1.0000 test 0.3969
epoch 173/200 loss 0.0062 train 0.9998 test 0.3962
epoch 174/200 loss 0.0058 train 1.0000 test 0.3970
epoch 175/200 loss 0.0059 train 0.9998 test 0.3959
epoch 176/200 loss 0.0058 train 1.0000 test 0.3965
epoch 177/200 loss 0.0059 train 0.9998 test 0.3951
epoch 178/200 loss 0.0059 train 1.0000 test 0.3964
epoch 179/200 loss 0.0061 train 0.9998 test 0.3963
epoch 180/200 loss 0.0057 train 1.0000 test 0.3942
epoch 181/200 loss 0.0057 train 1.0000 test 0.3941
epoch 182/200 loss 0.0059 train 1.0000 test 0.3969
epoch 183/200 loss 0.0058 train 1.0000 test 0.3951
epoch 184/200 loss 0.0059 train 0.9998 test 0.3963
epoch 185/200 loss 0.0058 train 1.0000 test 0.3964
epoch 186/200 loss 0.0058 train 1.0000 test 0.3957
epoch 187/200 loss 0.0056 train 1.0000 test 0.3960
epoch 188/200 loss 0.0059 train 1.0000 test 0.3941
epoch 189/200 loss 0.0061 train 0.9998 test 0.3945
epoch 190/200 loss 0.0059 train 1.0000 test 0.3962
epoch 191/200 loss 0.0057 train 1.0000 test 0.3963
epoch 192/200 loss 0.0059 train 0.9998 test 0.3969
epoch 193/200 loss 0.0060 train 1.0000 test 0.3968
epoch 194/200 loss 0.0058 train 0.9998 test 0.3964
epoch 195/200 loss 0.0059 train 0.9998 test 0.3976
epoch 196/200 loss 0.0060 train 0.9998 test 0.3967
epoch 197/200 loss 0.0060 train 1.0000 test 0.3960
epoch 198/200 loss 0.0060 train 0.9998 test 0.3948
epoch 199/200 loss 0.0060 train 1.0000 test 0.3958
epoch 200/200 loss 0.0058 train 1.0000 test 0.3955
done: final 0.3955 best 0.3997 -> ./runs/abl10_none/seed1
=== abl10_none seed 2 ===
[abl10_none seed2] {"params_trainable": 11220132, "params_stem_trainable": 0, "params_stem_fixed_filters": 0, "flops_total": 556705792, "flops_stem": 0, "flops_image_size": 32}
epoch 1/200 loss 4.4510 train 0.0357 test 0.0647
epoch 2/200 loss 4.1608 train 0.0713 test 0.0739
epoch 3/200 loss 4.0191 train 0.0825 test 0.0718
epoch 4/200 loss 3.8920 train 0.0970 test 0.0984
epoch 5/200 loss 3.7934 train 0.1146 test 0.1022
epoch 6/200 loss 3.6932 train 0.1306 test 0.1188
epoch 7/200 loss 3.6330 train 0.1320 test 0.1057
epoch 8/200 loss 3.5596 train 0.1534 test 0.1304
epoch 9/200 loss 3.4836 train 0.1558 test 0.1390
epoch 10/200 loss 3.4045 train 0.1783 test 0.1255
epoch 11/200 loss 3.3154 train 0.1895 test 0.1567
epoch 12/200 loss 3.2266 train 0.2057 test 0.1591
epoch 13/200 loss 3.1648 train 0.2105 test 0.1759
epoch 14/200 loss 3.0661 train 0.2242 test 0.1760
epoch 15/200 loss 2.9762 train 0.2492 test 0.1789
epoch 16/200 loss 2.8890 train 0.2658 test 0.1814
epoch 17/200 loss 2.7801 train 0.2893 test 0.2068
epoch 18/200 loss 2.6747 train 0.3041 test 0.1970
epoch 19/200 loss 2.6260 train 0.3199 test 0.1845
epoch 20/200 loss 2.5368 train 0.3393 test 0.2031
epoch 21/200 loss 2.4553 train 0.3435 test 0.2458
epoch 22/200 loss 2.3497 train 0.3744 test 0.2440
epoch 23/200 loss 2.2394 train 0.3890 test 0.2192
epoch 24/200 loss 2.1669 train 0.4099 test 0.2501
epoch 25/200 loss 2.0855 train 0.4245 test 0.2431
epoch 26/200 loss 2.0006 train 0.4501 test 0.2585
epoch 27/200 loss 1.8669 train 0.4760 test 0.2579
epoch 28/200 loss 1.8056 train 0.4936 test 0.2536
epoch 29/200 loss 1.7164 train 0.5164 test 0.2627
epoch 30/200 loss 1.6459 train 0.5198 test 0.2611
epoch 31/200 loss 1.5566 train 0.5431 test 0.2580
epoch 32/200 loss 1.4214 train 0.5817 test 0.2959
epoch 33/200 loss 1.3019 train 0.6182 test 0.2564
epoch 34/200 loss 1.2866 train 0.6186 test 0.2706
epoch 35/200 loss 1.1839 train 0.6464 test 0.2774
epoch 36/200 loss 1.1160 train 0.6587 test 0.2625
epoch 37/200 loss 1.0753 train 0.6783 test 0.2770
epoch 38/200 loss 0.9705 train 0.7087 test 0.3046
epoch 39/200 loss 0.8946 train 0.7290 test 0.2759
epoch 40/200 loss 0.7886 train 0.7558 test 0.2824
epoch 41/200 loss 0.6838 train 0.7939 test 0.2832
epoch 42/200 loss 0.6427 train 0.8099 test 0.2697
epoch 43/200 loss 0.6175 train 0.8097 test 0.2618
epoch 44/200 loss 0.5546 train 0.8271 test 0.3061
epoch 45/200 loss 0.4954 train 0.8421 test 0.2946
epoch 46/200 loss 0.4517 train 0.8612 test 0.3013
epoch 47/200 loss 0.4332 train 0.8734 test 0.3151
epoch 48/200 loss 0.3993 train 0.8812 test 0.3177
epoch 49/200 loss 0.3671 train 0.8916 test 0.3104
epoch 50/200 loss 0.3528 train 0.8956 test 0.3128
epoch 51/200 loss 0.3756 train 0.8904 test 0.3146
epoch 52/200 loss 0.3172 train 0.9091 test 0.3229
epoch 53/200 loss 0.2611 train 0.9265 test 0.3253
epoch 54/200 loss 0.2264 train 0.9369 test 0.3171
epoch 55/200 loss 0.2181 train 0.9377 test 0.3145
epoch 56/200 loss 0.2251 train 0.9331 test 0.3216
epoch 57/200 loss 0.1999 train 0.9435 test 0.3145
epoch 58/200 loss 0.1938 train 0.9425 test 0.3039
epoch 59/200 loss 0.2030 train 0.9453 test 0.3110
epoch 60/200 loss 0.1717 train 0.9533 test 0.3232
epoch 61/200 loss 0.1356 train 0.9655 test 0.3259
epoch 62/200 loss 0.1129 train 0.9720 test 0.3405
epoch 63/200 loss 0.1034 train 0.9752 test 0.3549
epoch 64/200 loss 0.0826 train 0.9816 test 0.3475
epoch 65/200 loss 0.0691 train 0.9876 test 0.3519
epoch 66/200 loss 0.0610 train 0.9874 test 0.3528
epoch 67/200 loss 0.0540 train 0.9900 test 0.3599
epoch 68/200 loss 0.0593 train 0.9894 test 0.3531
epoch 69/200 loss 0.0465 train 0.9914 test 0.3536
epoch 70/200 loss 0.0474 train 0.9906 test 0.3603
epoch 71/200 loss 0.0287 train 0.9968 test 0.3701
epoch 72/200 loss 0.0222 train 0.9976 test 0.3755
epoch 73/200 loss 0.0191 train 0.9986 test 0.3810
epoch 74/200 loss 0.0147 train 0.9986 test 0.3903
epoch 75/200 loss 0.0124 train 0.9990 test 0.3874
epoch 76/200 loss 0.0106 train 0.9992 test 0.3898
epoch 77/200 loss 0.0073 train 0.9998 test 0.3908
epoch 78/200 loss 0.0073 train 0.9996 test 0.3954
epoch 79/200 loss 0.0070 train 0.9996 test 0.3971
epoch 80/200 loss 0.0068 train 0.9994 test 0.3936
epoch 81/200 loss 0.0063 train 0.9998 test 0.3972
epoch 82/200 loss 0.0070 train 0.9996 test 0.3953
epoch 83/200 loss 0.0065 train 0.9996 test 0.3944
epoch 84/200 loss 0.0079 train 0.9998 test 0.3932
epoch 85/200 loss 0.0079 train 0.9996 test 0.3982
epoch 86/200 loss 0.0075 train 0.9998 test 0.3994
epoch 87/200 loss 0.0071 train 0.9998 test 0.3956
epoch 88/200 loss 0.0071 train 0.9996 test 0.3992
epoch 89/200 loss 0.0074 train 0.9998 test 0.3966
epoch 90/200 loss 0.0079 train 0.9996 test 0.3985
epoch 91/200 loss 0.0077 train 0.9998 test 0.4005
epoch 92/200 loss 0.0076 train 0.9998 test 0.3993
epoch 93/200 loss 0.0081 train 0.9996 test 0.4015
epoch 94/200 loss 0.0080 train 0.9998 test 0.3981
epoch 95/200 loss 0.0080 train 0.9996 test 0.4014
epoch 96/200 loss 0.0075 train 0.9998 test 0.4010
epoch 97/200 loss 0.0079 train 0.9998 test 0.4026
epoch 98/200 loss 0.0078 train 0.9998 test 0.4018
epoch 99/200 loss 0.0081 train 0.9996 test 0.4011
epoch 100/200 loss 0.0076 train 0.9996 test 0.4022
epoch 101/200 loss 0.0084 train 0.9998 test 0.4022
epoch 102/200 loss 0.0081 train 0.9996 test 0.3999
epoch 103/200 loss 0.0076 train 0.9996 test 0.4015
epoch 104/200 loss 0.0075 train 0.9998 test 0.4029
epoch 105/200 loss 0.0077 train 0.9998 test 0.4009
epoch 106/200 loss 0.0079 train 0.9998 test 0.3991
epoch 107/200 loss 0.0074 train 0.9998 test 0.4010
epoch 108/200 loss 0.0076 train 0.9996 test 0.4040
epoch 109/200 loss 0.0072 train 0.9998 test 0.4007
epoch 110/200 loss 0.0073 train 0.9998 test 0.4027
epoch 111/200 loss 0.0077 train 0.9996 test 0.4014
epoch 112/200 loss 0.0077 train 0.9998 test 0.4044
epoch 113/200 loss 0.0076 train 0.9998 test 0.4020
epoch 114/200 loss 0.0074 train 0.9998 test 0.4012
epoch 115/200 loss 0.0072 train 0.9998 test 0.4017
epoch 116/200 loss 0.0072 train 0.9998 test 0.4012
epoch 117/200 loss 0.0073 train 1.0000 test 0.4016
epoch 118/200 loss 0.0076 train 0.9996 test 0.4019
epoch 119/200 loss 0.0075 train 0.9996 test 0.4050
epoch 120/200 loss 0.0072 train 0.9996 test 0.4002
epoch 121/200 loss 0.0070 train 0.9998 test 0.4031
epoch 122/200 loss 0.0070 train 0.9998 test 0.4016
epoch 123/200 loss 0.0072 train 0.9998 test 0.4020
epoch 124/200 loss 0.0074 train 0.9998 test 0.4039
epoch 125/200 loss 0.0072 train 0.9996 test 0.3999
epoch 126/200 loss 0.0069 train 0.9996 test 0.4021
epoch 127/200 loss 0.0068 train 0.9998 test 0.4017
epoch 128/200 loss 0.0068 train 0.9998 test 0.4019
epoch 129/200 loss 0.0068 train 0.9996 test 0.4044
epoch 130/200 loss 0.0067 train 0.9998 test 0.4046
epoch 131/200 loss 0.0066 train 0.9998 test 0.4044
epoch 132/200 loss 0.0066 train 0.9998 test 0.4033
epoch 133/200 loss 0.0066 train 0.9998 test 0.4021
epoch 134/200 loss 0.0064 train 0.9998 test 0.4010
epoch 135/200 loss 0.0066 train 0.9996 test 0.4007
epoch 136/200 loss 0.0067 train 0.9998 test 0.4037
epoch 137/200 loss 0.0065 train 0.9996 test 0.4025
epoch 138/200 loss 0.0065 train 0.9996 test 0.4045
epoch 139/200 loss 0.0064 train 0.9998 test 0.4050
epoch 140/200 loss 0.0065 train 0.9998 test 0.4014
epoch 141/200 loss 0.0065 train 0.9998 test 0.4027
epoch 142/200 loss 0.0063 train 0.9998 test 0.4056
epoch 143/200 loss 0.0062 train 1.0000 test 0.4028
epoch 144/200 loss 0.0064 train 0.9998 test 0.4017
epoch 145/200 loss 0.0064 train 0.9998 test 0.4027
epoch 146/200 loss 0.0062 train 0.9998 test 0.4045
epoch 147/200 loss 0.0062 train 1.0000 test 0.4028
epoch 148/200 loss 0.0065 train 0.9998 test 0.4026
epoch 149/200 loss 0.0062 train 0.9996 test 0.4050
epoch 150/200 loss 0.0064 train 0.9998 test 0.4039
epoch 151/200 loss 0.0065 train 0.9996 test 0.4056
epoch 152/200 loss 0.0064 train 1.0000 test 0.4026
epoch 153/200 loss 0.0063 train 0.9998 test 0.4037
epoch 154/200 loss 0.0060 train 1.0000 test 0.4052
epoch 155/200 loss 0.0064 train 0.9996 test 0.4056
epoch 156/200 loss 0.0062 train 0.9998 test 0.4034
epoch 157/200 loss 0.0059 train 1.0000 test 0.4034
epoch 158/200 loss 0.0062 train 0.9996 test 0.4059
epoch 159/200 loss 0.0060 train 0.9998 test 0.4077
epoch 160/200 loss 0.0060 train 0.9998 test 0.4047
epoch 161/200 loss 0.0058 train 1.0000 test 0.4038
epoch 162/200 loss 0.0061 train 1.0000 test 0.4068
epoch 163/200 loss 0.0055 train 1.0000 test 0.4074
epoch 164/200 loss 0.0059 train 0.9998 test 0.4051
epoch 165/200 loss 0.0058 train 1.0000 test 0.4048
epoch 166/200 loss 0.0059 train 1.0000 test 0.4045
epoch 167/200 loss 0.0061 train 0.9998 test 0.4034
epoch 168/200 loss 0.0058 train 1.0000 test 0.4025
epoch 169/200 loss 0.0057 train 1.0000 test 0.4011
epoch 170/200 loss 0.0058 train 1.0000 test 0.4046
epoch 171/200 loss 0.0058 train 1.0000 test 0.4037
epoch 172/200 loss 0.0060 train 0.9998 test 0.4045
epoch 173/200 loss 0.0059 train 0.9998 test 0.4066
epoch 174/200 loss 0.0057 train 1.0000 test 0.4046
epoch 175/200 loss 0.0058 train 1.0000 test 0.4053
epoch 176/200 loss 0.0057 train 1.0000 test 0.4051
epoch 177/200 loss 0.0060 train 0.9998 test 0.4051
epoch 178/200 loss 0.0057 train 1.0000 test 0.4053
epoch 179/200 loss 0.0055 train 1.0000 test 0.4048
epoch 180/200 loss 0.0059 train 1.0000 test 0.4055
epoch 181/200 loss 0.0058 train 1.0000 test 0.4040
epoch 182/200 loss 0.0057 train 1.0000 test 0.4065
epoch 183/200 loss 0.0057 train 1.0000 test 0.4055
epoch 184/200 loss 0.0055 train 1.0000 test 0.4048
epoch 185/200 loss 0.0056 train 1.0000 test 0.4042
epoch 186/200 loss 0.0057 train 1.0000 test 0.4051
epoch 187/200 loss 0.0057 train 1.0000 test 0.4045
epoch 188/200 loss 0.0056 train 0.9998 test 0.4034
epoch 189/200 loss 0.0055 train 1.0000 test 0.4046
epoch 190/200 loss 0.0056 train 1.0000 test 0.4069
epoch 191/200 loss 0.0056 train 1.0000 test 0.4052
epoch 192/200 loss 0.0058 train 1.0000 test 0.4041
epoch 193/200 loss 0.0058 train 1.0000 test 0.4046
epoch 194/200 loss 0.0056 train 1.0000 test 0.4059
epoch 195/200 loss 0.0056 train 1.0000 test 0.4060
epoch 196/200 loss 0.0057 train 1.0000 test 0.4039
epoch 197/200 loss 0.0055 train 1.0000 test 0.4054
epoch 198/200 loss 0.0058 train 0.9998 test 0.4062
epoch 199/200 loss 0.0059 train 0.9998 test 0.4066
epoch 200/200 loss 0.0055 train 1.0000 test 0.4055
done: final 0.4055 best 0.4077 -> ./runs/abl10_none/seed2
=== abl10_gaboronly_calib seed 1 ===
stem calibrated on 1024 images
[abl10_gaboronly_calib seed1] {"params_trainable": 11225316, "params_stem_trainable": 0, "params_stem_fixed_filters": 1089, "flops_total": 563129344, "flops_stem": 1115136, "flops_image_size": 32}
epoch 1/200 loss 4.5530 train 0.0282 test 0.0405
epoch 2/200 loss 4.2349 train 0.0571 test 0.0723
epoch 3/200 loss 4.0029 train 0.0817 test 0.0944
epoch 4/200 loss 3.8534 train 0.1122 test 0.0996
epoch 5/200 loss 3.7757 train 0.1186 test 0.1154
epoch 6/200 loss 3.6498 train 0.1334 test 0.1243
epoch 7/200 loss 3.5306 train 0.1591 test 0.1431
epoch 8/200 loss 3.4414 train 0.1679 test 0.1397
epoch 9/200 loss 3.3529 train 0.1901 test 0.1616
epoch 10/200 loss 3.2579 train 0.2041 test 0.1673
epoch 11/200 loss 3.1801 train 0.2097 test 0.1552
epoch 12/200 loss 3.0853 train 0.2306 test 0.1777
epoch 13/200 loss 2.9850 train 0.2534 test 0.1851
epoch 14/200 loss 2.9366 train 0.2586 test 0.1946
epoch 15/200 loss 2.8534 train 0.2670 test 0.2018
epoch 16/200 loss 2.7617 train 0.2907 test 0.1948
epoch 17/200 loss 2.6843 train 0.2999 test 0.2225
epoch 18/200 loss 2.6124 train 0.3163 test 0.2229
epoch 19/200 loss 2.5429 train 0.3355 test 0.2314
epoch 20/200 loss 2.4544 train 0.3492 test 0.2353
epoch 21/200 loss 2.3841 train 0.3552 test 0.2510
epoch 22/200 loss 2.3245 train 0.3692 test 0.2017
epoch 23/200 loss 2.2217 train 0.3926 test 0.2433
epoch 24/200 loss 2.1482 train 0.4028 test 0.2372
epoch 25/200 loss 2.0680 train 0.4265 test 0.2347
epoch 26/200 loss 2.0016 train 0.4477 test 0.2804
epoch 27/200 loss 1.9374 train 0.4625 test 0.2491
epoch 28/200 loss 1.8536 train 0.4852 test 0.2713
epoch 29/200 loss 1.7749 train 0.4958 test 0.2640
epoch 30/200 loss 1.6785 train 0.5220 test 0.2673
epoch 31/200 loss 1.6084 train 0.5349 test 0.2759
epoch 32/200 loss 1.5222 train 0.5569 test 0.2718
epoch 33/200 loss 1.4684 train 0.5749 test 0.2494
epoch 34/200 loss 1.3593 train 0.5986 test 0.2803
epoch 35/200 loss 1.2769 train 0.6210 test 0.2605
epoch 36/200 loss 1.2478 train 0.6344 test 0.2595
epoch 37/200 loss 1.1583 train 0.6565 test 0.2715
epoch 38/200 loss 1.0320 train 0.6961 test 0.2932
epoch 39/200 loss 0.9870 train 0.7003 test 0.2826
epoch 40/200 loss 0.9683 train 0.7107 test 0.2818
epoch 41/200 loss 0.9197 train 0.7198 test 0.2836
epoch 42/200 loss 0.7699 train 0.7652 test 0.2856
epoch 43/200 loss 0.6801 train 0.7925 test 0.2992
epoch 44/200 loss 0.6722 train 0.7921 test 0.2886
epoch 45/200 loss 0.5973 train 0.8181 test 0.3052
epoch 46/200 loss 0.5733 train 0.8263 test 0.3037
epoch 47/200 loss 0.5114 train 0.8442 test 0.2908
epoch 48/200 loss 0.5096 train 0.8423 test 0.2685
epoch 49/200 loss 0.4502 train 0.8648 test 0.3018
epoch 50/200 loss 0.4134 train 0.8732 test 0.3160
epoch 51/200 loss 0.3871 train 0.8878 test 0.2883
epoch 52/200 loss 0.3527 train 0.8944 test 0.2953
epoch 53/200 loss 0.3263 train 0.8990 test 0.3049
epoch 54/200 loss 0.2665 train 0.9241 test 0.3145
epoch 55/200 loss 0.2530 train 0.9293 test 0.3174
epoch 56/200 loss 0.2353 train 0.9329 test 0.3011
epoch 57/200 loss 0.2332 train 0.9293 test 0.2921
epoch 58/200 loss 0.2188 train 0.9365 test 0.3212
epoch 59/200 loss 0.1911 train 0.9467 test 0.3212
epoch 60/200 loss 0.1683 train 0.9563 test 0.3166
epoch 61/200 loss 0.1814 train 0.9493 test 0.3077
epoch 62/200 loss 0.1840 train 0.9493 test 0.3018
epoch 63/200 loss 0.1972 train 0.9455 test 0.2995
epoch 64/200 loss 0.1870 train 0.9449 test 0.2858
epoch 65/200 loss 0.1678 train 0.9563 test 0.2988
epoch 66/200 loss 0.1346 train 0.9681 test 0.2929
epoch 67/200 loss 0.1376 train 0.9663 test 0.3094
epoch 68/200 loss 0.1208 train 0.9683 test 0.3183
epoch 69/200 loss 0.1111 train 0.9724 test 0.3173
epoch 70/200 loss 0.1009 train 0.9770 test 0.3265
epoch 71/200 loss 0.0815 train 0.9812 test 0.3307
epoch 72/200 loss 0.0802 train 0.9834 test 0.3298
epoch 73/200 loss 0.0697 train 0.9862 test 0.3362
epoch 74/200 loss 0.0517 train 0.9900 test 0.3446
epoch 75/200 loss 0.0315 train 0.9954 test 0.3515
epoch 76/200 loss 0.0201 train 0.9988 test 0.3634
epoch 77/200 loss 0.0132 train 0.9996 test 0.3710
epoch 78/200 loss 0.0146 train 0.9980 test 0.3629
epoch 79/200 loss 0.0094 train 0.9992 test 0.3750
epoch 80/200 loss 0.0086 train 0.9994 test 0.3706
epoch 81/200 loss 0.0089 train 0.9994 test 0.3786
epoch 82/200 loss 0.0098 train 0.9986 test 0.3764
epoch 83/200 loss 0.0138 train 0.9982 test 0.3677
epoch 84/200 loss 0.0107 train 0.9992 test 0.3748
epoch 85/200 loss 0.0080 train 0.9998 test 0.3827
epoch 86/200 loss 0.0079 train 0.9996 test 0.3794
epoch 87/200 loss 0.0069 train 0.9998 test 0.3822
epoch 88/200 loss 0.0068 train 0.9998 test 0.3846
epoch 89/200 loss 0.0069 train 0.9998 test 0.3847
epoch 90/200 loss 0.0076 train 0.9996 test 0.3805
epoch 91/200 loss 0.0074 train 0.9998 test 0.3825
epoch 92/200 loss 0.0074 train 0.9996 test 0.3885
epoch 93/200 loss 0.0070 train 0.9998 test 0.3842
epoch 94/200 loss 0.0069 train 0.9998 test 0.3838
epoch 95/200 loss 0.0077 train 0.9996 test 0.3852
epoch 96/200 loss 0.0077 train 0.9996 test 0.3847
epoch 97/200 loss 0.0078 train 0.9998 test 0.3868
epoch 98/200 loss 0.0076 train 0.9996 test 0.3847
epoch 99/200 loss 0.0076 train 0.9998 test 0.3868
epoch 100/200 loss 0.0074 train 0.9998 test 0.3851
epoch 101/200 loss 0.0077 train 0.9996 test 0.3871
epoch 102/200 loss 0.0073 train 0.9998 test 0.3859
epoch 103/200 loss 0.0078 train 0.9996 test 0.3855
epoch 104/200 loss 0.0080 train 0.9998 test 0.3861
epoch 105/200 loss 0.0077 train 0.9998 test 0.3828
epoch 106/200 loss 0.0079 train 0.9998 test 0.3869
epoch 107/200 loss 0.0076 train 0.9998 test 0.3851
epoch 108/200 loss 0.0077 train 0.9998 test 0.3860
epoch 109/200 loss 0.0080 train 0.9996 test 0.3904
epoch 110/200 loss 0.0077 train 0.9998 test 0.3870
epoch 111/200 loss 0.0082 train 0.9998 test 0.3865
epoch 112/200 loss 0.0076 train 0.9998 test 0.3881
epoch 113/200 loss 0.0078 train 0.9998 test 0.3856
epoch 114/200 loss 0.0075 train 0.9998 test 0.3879
epoch 115/200 loss 0.0076 train 0.9998 test 0.3894
epoch 116/200 loss 0.0081 train 0.9998 test 0.3842
epoch 117/200 loss 0.0075 train 0.9998 test 0.3888
epoch 118/200 loss 0.0073 train 0.9996 test 0.3876
epoch 119/200 loss 0.0079 train 0.9998 test 0.3896
epoch 120/200 loss 0.0078 train 0.9998 test 0.3870
epoch 121/200 loss 0.0074 train 0.9998 test 0.3890
epoch 122/200 loss 0.0075 train 0.9998 test 0.3862
epoch 123/200 loss 0.0072 train 0.9998 test 0.3871
epoch 124/200 loss 0.0074 train 0.9998 test 0.3876
epoch 125/200 loss 0.0072 train 1.0000 test 0.3877
epoch 126/200 loss 0.0073 train 0.9998 test 0.3875
epoch 127/200 loss 0.0069 train 0.9996 test 0.3868
epoch 128/200 loss 0.0075 train 0.9996 test 0.3858
epoch 129/200 loss 0.0072 train 0.9996 test 0.3893
epoch 130/200 loss 0.0071 train 0.9998 test 0.3875
epoch 131/200 loss 0.0071 train 0.9996 test 0.3880
epoch 132/200 loss 0.0068 train 1.0000 test 0.3880
epoch 133/200 loss 0.0070 train 1.0000 test 0.3872
epoch 134/200 loss 0.0071 train 1.0000 test 0.3900
epoch 135/200 loss 0.0069 train 0.9998 test 0.3866
epoch 136/200 loss 0.0069 train 0.9998 test 0.3912
epoch 137/200 loss 0.0071 train 0.9998 test 0.3897
epoch 138/200 loss 0.0071 train 1.0000 test 0.3892
epoch 139/200 loss 0.0069 train 0.9998 test 0.3896
epoch 140/200 loss 0.0069 train 0.9998 test 0.3911
epoch 141/200 loss 0.0069 train 0.9998 test 0.3898
epoch 142/200 loss 0.0067 train 1.0000 test 0.3888
epoch 143/200 loss 0.0067 train 0.9998 test 0.3915
epoch 144/200 loss 0.0068 train 0.9998 test 0.3898
epoch 145/200 loss 0.0064 train 1.0000 test 0.3882
epoch 146/200 loss 0.0066 train 1.0000 test 0.3876
epoch 147/200 loss 0.0069 train 0.9996 test 0.3890
epoch 148/200 loss 0.0070 train 0.9998 test 0.3878
epoch 149/200 loss 0.0065 train 1.0000 test 0.3904
epoch 150/200 loss 0.0066 train 0.9998 test 0.3876
epoch 151/200 loss 0.0065 train 1.0000 test 0.3894
epoch 152/200 loss 0.0066 train 0.9996 test 0.3883
epoch 153/200 loss 0.0068 train 0.9996 test 0.3897
epoch 154/200 loss 0.0064 train 0.9998 test 0.3879
epoch 155/200 loss 0.0069 train 0.9996 test 0.3888
epoch 156/200 loss 0.0064 train 0.9998 test 0.3904
epoch 157/200 loss 0.0064 train 0.9998 test 0.3876
epoch 158/200 loss 0.0063 train 0.9998 test 0.3884
epoch 159/200 loss 0.0064 train 1.0000 test 0.3888
epoch 160/200 loss 0.0061 train 1.0000 test 0.3897
epoch 161/200 loss 0.0064 train 1.0000 test 0.3907
epoch 162/200 loss 0.0064 train 1.0000 test 0.3880
epoch 163/200 loss 0.0065 train 0.9996 test 0.3878
epoch 164/200 loss 0.0065 train 0.9998 test 0.3908
epoch 165/200 loss 0.0064 train 0.9998 test 0.3886
epoch 166/200 loss 0.0063 train 1.0000 test 0.3893
epoch 167/200 loss 0.0064 train 1.0000 test 0.3895
epoch 168/200 loss 0.0065 train 0.9998 test 0.3870
epoch 169/200 loss 0.0063 train 0.9998 test 0.3889
epoch 170/200 loss 0.0062 train 0.9998 test 0.3891
epoch 171/200 loss 0.0061 train 1.0000 test 0.3895
epoch 172/200 loss 0.0060 train 1.0000 test 0.3875
epoch 173/200 loss 0.0063 train 1.0000 test 0.3900
epoch 174/200 loss 0.0061 train 1.0000 test 0.3889
epoch 175/200 loss 0.0061 train 0.9998 test 0.3886
epoch 176/200 loss 0.0059 train 1.0000 test 0.3908
epoch 177/200 loss 0.0061 train 0.9998 test 0.3890
epoch 178/200 loss 0.0062 train 1.0000 test 0.3884
epoch 179/200 loss 0.0065 train 0.9998 test 0.3874
epoch 180/200 loss 0.0060 train 1.0000 test 0.3888
epoch 181/200 loss 0.0059 train 1.0000 test 0.3871
epoch 182/200 loss 0.0061 train 1.0000 test 0.3895
epoch 183/200 loss 0.0061 train 1.0000 test 0.3909
epoch 184/200 loss 0.0060 train 1.0000 test 0.3892
epoch 185/200 loss 0.0060 train 1.0000 test 0.3902
epoch 186/200 loss 0.0060 train 1.0000 test 0.3899
epoch 187/200 loss 0.0058 train 1.0000 test 0.3891
epoch 188/200 loss 0.0063 train 0.9996 test 0.3900
epoch 189/200 loss 0.0062 train 0.9998 test 0.3904
epoch 190/200 loss 0.0061 train 1.0000 test 0.3891
epoch 191/200 loss 0.0060 train 1.0000 test 0.3891
epoch 192/200 loss 0.0061 train 0.9998 test 0.3893
epoch 193/200 loss 0.0062 train 1.0000 test 0.3892
epoch 194/200 loss 0.0059 train 1.0000 test 0.3880
epoch 195/200 loss 0.0061 train 0.9998 test 0.3879
epoch 196/200 loss 0.0062 train 1.0000 test 0.3884
epoch 197/200 loss 0.0063 train 1.0000 test 0.3893
epoch 198/200 loss 0.0059 train 1.0000 test 0.3893
epoch 199/200 loss 0.0062 train 1.0000 test 0.3882
epoch 200/200 loss 0.0059 train 1.0000 test 0.3900
done: final 0.3900 best 0.3915 -> ./runs/abl10_gaboronly_calib/seed1
=== abl10_gaboronly_calib seed 2 ===
stem calibrated on 1024 images
[abl10_gaboronly_calib seed2] {"params_trainable": 11225316, "params_stem_trainable": 0, "params_stem_fixed_filters": 1089, "flops_total": 563129344, "flops_stem": 1115136, "flops_image_size": 32}
epoch 1/200 loss 4.5173 train 0.0290 test 0.0528
epoch 2/200 loss 4.1842 train 0.0647 test 0.0827
epoch 3/200 loss 3.9700 train 0.0946 test 0.0937
epoch 4/200 loss 3.8173 train 0.1142 test 0.1059
epoch 5/200 loss 3.7033 train 0.1318 test 0.1279
epoch 6/200 loss 3.6010 train 0.1474 test 0.1223
epoch 7/200 loss 3.5244 train 0.1546 test 0.1419
epoch 8/200 loss 3.4069 train 0.1787 test 0.1570
epoch 9/200 loss 3.3120 train 0.1891 test 0.1677
epoch 10/200 loss 3.2110 train 0.2103 test 0.1453
epoch 11/200 loss 3.1312 train 0.2177 test 0.1650
epoch 12/200 loss 3.0512 train 0.2372 test 0.1794
epoch 13/200 loss 3.0109 train 0.2430 test 0.1885
epoch 14/200 loss 2.9195 train 0.2588 test 0.1839
epoch 15/200 loss 2.8265 train 0.2764 test 0.2103
epoch 16/200 loss 2.7454 train 0.2923 test 0.1961
epoch 17/200 loss 2.6729 train 0.3061 test 0.2094
epoch 18/200 loss 2.5715 train 0.3293 test 0.2320
epoch 19/200 loss 2.5140 train 0.3333 test 0.2304
epoch 20/200 loss 2.4423 train 0.3417 test 0.2246
epoch 21/200 loss 2.3602 train 0.3660 test 0.2471
epoch 22/200 loss 2.3032 train 0.3782 test 0.2390
epoch 23/200 loss 2.1924 train 0.3992 test 0.2262
epoch 24/200 loss 2.1625 train 0.4093 test 0.2324
epoch 25/200 loss 2.0728 train 0.4287 test 0.2552
epoch 26/200 loss 2.0045 train 0.4447 test 0.2291
epoch 27/200 loss 1.8862 train 0.4639 test 0.2511
epoch 28/200 loss 1.8225 train 0.4826 test 0.2379
epoch 29/200 loss 1.7427 train 0.5100 test 0.2423
epoch 30/200 loss 1.7027 train 0.5120 test 0.2780
epoch 31/200 loss 1.5705 train 0.5409 test 0.2564
epoch 32/200 loss 1.4871 train 0.5719 test 0.2768
epoch 33/200 loss 1.3643 train 0.6050 test 0.2243
epoch 34/200 loss 1.3312 train 0.6116 test 0.2611
epoch 35/200 loss 1.2728 train 0.6264 test 0.2721
epoch 36/200 loss 1.2419 train 0.6316 test 0.2701
epoch 37/200 loss 1.1284 train 0.6597 test 0.2784
epoch 38/200 loss 1.0205 train 0.6953 test 0.2799
epoch 39/200 loss 0.9843 train 0.7023 test 0.2623
epoch 40/200 loss 0.8724 train 0.7372 test 0.2770
epoch 41/200 loss 0.8347 train 0.7458 test 0.2838
epoch 42/200 loss 0.8260 train 0.7460 test 0.2853
epoch 43/200 loss 0.6763 train 0.7995 test 0.2863
epoch 44/200 loss 0.6227 train 0.8121 test 0.2989
epoch 45/200 loss 0.5776 train 0.8261 test 0.2876
epoch 46/200 loss 0.5667 train 0.8275 test 0.2950
epoch 47/200 loss 0.5559 train 0.8249 test 0.2913
epoch 48/200 loss 0.5140 train 0.8399 test 0.2935
epoch 49/200 loss 0.4682 train 0.8610 test 0.2918
epoch 50/200 loss 0.4531 train 0.8608 test 0.2694
epoch 51/200 loss 0.4250 train 0.8694 test 0.2676
epoch 52/200 loss 0.3541 train 0.8926 test 0.3065
epoch 53/200 loss 0.2865 train 0.9169 test 0.3002
epoch 54/200 loss 0.2332 train 0.9325 test 0.2842
epoch 55/200 loss 0.2350 train 0.9321 test 0.3022
epoch 56/200 loss 0.2175 train 0.9409 test 0.3083
epoch 57/200 loss 0.2255 train 0.9313 test 0.3016
epoch 58/200 loss 0.2384 train 0.9305 test 0.3051
epoch 59/200 loss 0.2400 train 0.9273 test 0.2872
epoch 60/200 loss 0.1983 train 0.9419 test 0.3150
epoch 61/200 loss 0.1686 train 0.9517 test 0.3225
epoch 62/200 loss 0.1401 train 0.9633 test 0.3205
epoch 63/200 loss 0.1005 train 0.9784 test 0.3209
epoch 64/200 loss 0.1099 train 0.9718 test 0.3293
epoch 65/200 loss 0.1429 train 0.9629 test 0.3032
epoch 66/200 loss 0.1324 train 0.9631 test 0.3136
epoch 67/200 loss 0.1305 train 0.9659 test 0.3037
epoch 68/200 loss 0.1355 train 0.9623 test 0.3019
epoch 69/200 loss 0.1797 train 0.9479 test 0.2905
epoch 70/200 loss 0.1409 train 0.9665 test 0.3080
epoch 71/200 loss 0.1264 train 0.9675 test 0.3170
epoch 72/200 loss 0.0983 train 0.9764 test 0.3257
epoch 73/200 loss 0.0836 train 0.9804 test 0.3306
epoch 74/200 loss 0.0925 train 0.9750 test 0.3209
epoch 75/200 loss 0.1091 train 0.9724 test 0.3092
epoch 76/200 loss 0.0949 train 0.9802 test 0.3309
epoch 77/200 loss 0.0787 train 0.9826 test 0.3332
epoch 78/200 loss 0.0557 train 0.9892 test 0.3376
epoch 79/200 loss 0.0408 train 0.9920 test 0.3494
epoch 80/200 loss 0.0266 train 0.9970 test 0.3528
epoch 81/200 loss 0.0157 train 0.9990 test 0.3677
epoch 82/200 loss 0.0096 train 0.9994 test 0.3695
epoch 83/200 loss 0.0071 train 0.9998 test 0.3715
epoch 84/200 loss 0.0064 train 1.0000 test 0.3750
epoch 85/200 loss 0.0087 train 0.9988 test 0.3742
epoch 86/200 loss 0.0098 train 0.9984 test 0.3746
epoch 87/200 loss 0.0082 train 0.9994 test 0.3752
epoch 88/200 loss 0.0068 train 0.9998 test 0.3757
epoch 89/200 loss 0.0068 train 0.9996 test 0.3750
epoch 90/200 loss 0.0068 train 0.9996 test 0.3749
epoch 91/200 loss 0.0062 train 0.9998 test 0.3794
epoch 92/200 loss 0.0059 train 0.9998 test 0.3791
epoch 93/200 loss 0.0067 train 0.9996 test 0.3797
epoch 94/200 loss 0.0066 train 0.9998 test 0.3786
epoch 95/200 loss 0.0068 train 0.9996 test 0.3767
epoch 96/200 loss 0.0065 train 0.9996 test 0.3781
epoch 97/200 loss 0.0067 train 0.9998 test 0.3784
epoch 98/200 loss 0.0067 train 0.9998 test 0.3782
epoch 99/200 loss 0.0072 train 0.9996 test 0.3785
epoch 100/200 loss 0.0066 train 0.9996 test 0.3804
epoch 101/200 loss 0.0071 train 0.9998 test 0.3796
epoch 102/200 loss 0.0069 train 0.9998 test 0.3809
epoch 103/200 loss 0.0071 train 0.9996 test 0.3812
epoch 104/200 loss 0.0069 train 0.9998 test 0.3793
epoch 105/200 loss 0.0071 train 0.9998 test 0.3832
epoch 106/200 loss 0.0070 train 0.9998 test 0.3827
epoch 107/200 loss 0.0070 train 0.9998 test 0.3816
epoch 108/200 loss 0.0076 train 0.9996 test 0.3824
epoch 109/200 loss 0.0070 train 0.9998 test 0.3827
epoch 110/200 loss 0.0073 train 0.9998 test 0.3825
epoch 111/200 loss 0.0077 train 0.9996 test 0.3834
epoch 112/200 loss 0.0074 train 0.9998 test 0.3828
epoch 113/200 loss 0.0075 train 0.9998 test 0.3837
epoch 114/200 loss 0.0075 train 0.9998 test 0.3825
epoch 115/200 loss 0.0077 train 0.9996 test 0.3836
epoch 116/200 loss 0.0075 train 0.9998 test 0.3844
epoch 117/200 loss 0.0074 train 0.9996 test 0.3828
epoch 118/200 loss 0.0075 train 0.9998 test 0.3821
epoch 119/200 loss 0.0074 train 0.9998 test 0.3817
epoch 120/200 loss 0.0075 train 0.9996 test 0.3844
epoch 121/200 loss 0.0072 train 0.9998 test 0.3836
epoch 122/200 loss 0.0072 train 0.9998 test 0.3840
epoch 123/200 loss 0.0072 train 0.9998 test 0.3816
epoch 124/200 loss 0.0077 train 0.9998 test 0.3849
epoch 125/200 loss 0.0073 train 0.9996 test 0.3820
epoch 126/200 loss 0.0074 train 0.9996 test 0.3818
epoch 127/200 loss 0.0071 train 0.9998 test 0.3824
epoch 128/200 loss 0.0070 train 0.9996 test 0.3826
epoch 129/200 loss 0.0071 train 0.9996 test 0.3827
epoch 130/200 loss 0.0070 train 0.9998 test 0.3835
epoch 131/200 loss 0.0069 train 0.9996 test 0.3828
epoch 132/200 loss 0.0071 train 0.9998 test 0.3849
epoch 133/200 loss 0.0071 train 0.9996 test 0.3857
epoch 134/200 loss 0.0069 train 0.9998 test 0.3848
epoch 135/200 loss 0.0069 train 0.9996 test 0.3859
epoch 136/200 loss 0.0071 train 0.9998 test 0.3851
epoch 137/200 loss 0.0072 train 0.9996 test 0.3830
epoch 138/200 loss 0.0067 train 0.9996 test 0.3843
epoch 139/200 loss 0.0070 train 0.9998 test 0.3830
epoch 140/200 loss 0.0071 train 0.9998 test 0.3834
epoch 141/200 loss 0.0069 train 0.9996 test 0.3836
epoch 142/200 loss 0.0066 train 0.9996 test 0.3822
epoch 143/200 loss 0.0064 train 0.9998 test 0.3843
epoch 144/200 loss 0.0065 train 0.9998 test 0.3814
epoch 145/200 loss 0.0067 train 0.9998 test 0.3831
epoch 146/200 loss 0.0066 train 0.9998 test 0.3827
epoch 147/200 loss 0.0067 train 0.9998 test 0.3813
epoch 148/200 loss 0.0066 train 0.9998 test 0.3811
epoch 149/200 loss 0.0065 train 0.9996 test 0.3816
epoch 150/200 loss 0.0067 train 0.9998 test 0.3836
epoch 151/200 loss 0.0067 train 0.9996 test 0.3828
epoch 152/200 loss 0.0068 train 0.9998 test 0.3836
epoch 153/200 loss 0.0066 train 0.9996 test 0.3826
epoch 154/200 loss 0.0067 train 1.0000 test 0.3833
epoch 155/200 loss 0.0067 train 0.9996 test 0.3819
epoch 156/200 loss 0.0065 train 1.0000 test 0.3805
epoch 157/200 loss 0.0063 train 1.0000 test 0.3814
epoch 158/200 loss 0.0064 train 0.9996 test 0.3801
epoch 159/200 loss 0.0065 train 1.0000 test 0.3825
epoch 160/200 loss 0.0066 train 0.9998 test 0.3823
epoch 161/200 loss 0.0063 train 1.0000 test 0.3818
epoch 162/200 loss 0.0065 train 0.9998 test 0.3847
epoch 163/200 loss 0.0061 train 1.0000 test 0.3838
epoch 164/200 loss 0.0063 train 0.9998 test 0.3827
epoch 165/200 loss 0.0062 train 1.0000 test 0.3834
epoch 166/200 loss 0.0063 train 1.0000 test 0.3829
epoch 167/200 loss 0.0065 train 0.9998 test 0.3814
epoch 168/200 loss 0.0062 train 1.0000 test 0.3816
epoch 169/200 loss 0.0063 train 1.0000 test 0.3815
epoch 170/200 loss 0.0065 train 1.0000 test 0.3814
epoch 171/200 loss 0.0063 train 1.0000 test 0.3818
epoch 172/200 loss 0.0063 train 0.9998 test 0.3820
epoch 173/200 loss 0.0064 train 0.9998 test 0.3829
epoch 174/200 loss 0.0063 train 0.9998 test 0.3820
epoch 175/200 loss 0.0063 train 1.0000 test 0.3810
epoch 176/200 loss 0.0063 train 1.0000 test 0.3811
epoch 177/200 loss 0.0065 train 0.9998 test 0.3815
epoch 178/200 loss 0.0062 train 1.0000 test 0.3825
epoch 179/200 loss 0.0061 train 1.0000 test 0.3816
epoch 180/200 loss 0.0064 train 0.9996 test 0.3818
epoch 181/200 loss 0.0065 train 1.0000 test 0.3833
epoch 182/200 loss 0.0061 train 1.0000 test 0.3835
epoch 183/200 loss 0.0062 train 1.0000 test 0.3825
epoch 184/200 loss 0.0059 train 1.0000 test 0.3815
epoch 185/200 loss 0.0060 train 1.0000 test 0.3821
epoch 186/200 loss 0.0063 train 1.0000 test 0.3817
epoch 187/200 loss 0.0062 train 1.0000 test 0.3823
epoch 188/200 loss 0.0061 train 1.0000 test 0.3813
epoch 189/200 loss 0.0059 train 1.0000 test 0.3815
epoch 190/200 loss 0.0061 train 1.0000 test 0.3817
epoch 191/200 loss 0.0061 train 1.0000 test 0.3818
epoch 192/200 loss 0.0063 train 0.9998 test 0.3818
epoch 193/200 loss 0.0062 train 0.9998 test 0.3836
epoch 194/200 loss 0.0060 train 1.0000 test 0.3820
epoch 195/200 loss 0.0062 train 1.0000 test 0.3826
epoch 196/200 loss 0.0061 train 1.0000 test 0.3830
epoch 197/200 loss 0.0059 train 1.0000 test 0.3833
epoch 198/200 loss 0.0063 train 0.9998 test 0.3822
epoch 199/200 loss 0.0061 train 0.9998 test 0.3817
epoch 200/200 loss 0.0062 train 1.0000 test 0.3826
done: final 0.3826 best 0.3859 -> ./runs/abl10_gaboronly_calib/seed2
=== robustness runs/ablf_none/seed0 ===
gaussian_noise s1: err 0.5272
gaussian_noise s2: err 0.7038
gaussian_noise s3: err 0.8144
gaussian_noise s4: err 0.8536
gaussian_noise s5: err 0.8820
shot_noise s1: err 0.4156
shot_noise s2: err 0.5368
shot_noise s3: err 0.7431
shot_noise s4: err 0.8064
shot_noise s5: err 0.8660
impulse_noise s1: err 0.4646
impulse_noise s2: err 0.6799
impulse_noise s3: err 0.7983
impulse_noise s4: err 0.9055
impulse_noise s5: err 0.9442
defocus_blur s1: err 0.2218
defocus_blur s2: err 0.2532
defocus_blur s3: err 0.3292
defocus_blur s4: err 0.4471
defocus_blur s5: err 0.6445
glass_blur s1: err 0.7712
glass_blur s2: err 0.7587
glass_blur s3: err 0.7187
glass_blur s4: err 0.8295
glass_blur s5: err 0.7911
motion_blur s1: err 0.3013
motion_blur s2: err 0.3800
motion_blur s3: err 0.4695
motion_blur s4: err 0.4628
motion_blur s5: err 0.5510
zoom_blur s1: err 0.3264
zoom_blur s2: err 0.3659
zoom_blur s3: err 0.4278
zoom_blur s4: err 0.4891
zoom_blur s5: err 0.5670
snow s1: err 0.3132
snow s2: err 0.4811
snow s3: err 0.4237
snow s4: err 0.4548
snow s5: err 0.5396
frost s1: err 0.3301
frost s2: err 0.4356
frost s3: err 0.5609
frost s4: err 0.5672
frost s5: err 0.6673
fog s1: err 0.2249
fog s2: err 0.2585
fog s3: err 0.2994
fog s4: err 0.3624
fog s5: err 0.5858
brightness s1: err 0.2192
brightness s2: err 0.2312
brightness s3: err 0.2418
brightness s4: err 0.2614
brightness s5: err 0.3267
contrast s1: err 0.2318
contrast s2: err 0.3031
contrast s3: err 0.3759
contrast s4: err 0.5071
contrast s5: err 0.8273
elastic_transform s1: err 0.3014
elastic_transform s2: err 0.3040
elastic_transform s3: err 0.3603
elastic_transform s4: err 0.4184
elastic_transform s5: err 0.4868
pixelate s1: err 0.2563
pixelate s2: err 0.3307
pixelate s3: err 0.3861
pixelate s4: err 0.5644
pixelate s5: err 0.7212
jpeg_compression s1: err 0.3760
jpeg_compression s2: err 0.4515
jpeg_compression s3: err 0.4740
jpeg_compression s4: err 0.5077
jpeg_compression s5: err 0.5537
clean err 0.2152 -> runs/ablf_none/seed0/robustness.json
=== robustness runs/ablf_none/seed1 ===
gaussian_noise s1: err 0.5458
gaussian_noise s2: err 0.7322
gaussian_noise s3: err 0.8416
gaussian_noise s4: err 0.8783
gaussian_noise s5: err 0.9035
shot_noise s1: err 0.4332
shot_noise s2: err 0.5687
shot_noise s3: err 0.7686
shot_noise s4: err 0.8245
shot_noise s5: err 0.8849
impulse_noise s1: err 0.4386
impulse_noise s2: err 0.6503
impulse_noise s3: err 0.7760
impulse_noise s4: err 0.8917
impulse_noise s5: err 0.9395
defocus_blur s1: err 0.2200
defocus_blur s2: err 0.2535
defocus_blur s3: err 0.3405
defocus_blur s4: err 0.4614
defocus_blur s5: err 0.6559
glass_blur s1: err 0.7874
glass_blur s2: err 0.7745
glass_blur s3: err 0.7341
glass_blur s4: err 0.8428
glass_blur s5: err 0.8115
motion_blur s1: err 0.3041
motion_blur s2: err 0.3844
motion_blur s3: err 0.4794
motion_blur s4: err 0.4753
motion_blur s5: err 0.5547
zoom_blur s1: err 0.3334
zoom_blur s2: err 0.3751
zoom_blur s3: err 0.4444
zoom_blur s4: err 0.5047
zoom_blur s5: err 0.5786
snow s1: err 0.3060
snow s2: err 0.4768
snow s3: err 0.4183
snow s4: err 0.4533
snow s5: err 0.5356
frost s1: err 0.3298
frost s2: err 0.4238
frost s3: err 0.5491
frost s4: err 0.5571
frost s5: err 0.6595
fog s1: err 0.2211
fog s2: err 0.2544
fog s3: err 0.2969
fog s4: err 0.3625
fog s5: err 0.5929
brightness s1: err 0.2172
brightness s2: err 0.2267
brightness s3: err 0.2419
brightness s4: err 0.2640
brightness s5: err 0.3267
contrast s1: err 0.2283
contrast s2: err 0.2980
contrast s3: err 0.3685
contrast s4: err 0.4959
contrast s5: err 0.8141
elastic_transform s1: err 0.3048
elastic_transform s2: err 0.3093
elastic_transform s3: err 0.3608
elastic_transform s4: err 0.4228
elastic_transform s5: err 0.4901
pixelate s1: err 0.2561
pixelate s2: err 0.3301
pixelate s3: err 0.3832
pixelate s4: err 0.5715
pixelate s5: err 0.7302
jpeg_compression s1: err 0.3674
jpeg_compression s2: err 0.4454
jpeg_compression s3: err 0.4771
jpeg_compression s4: err 0.5100
jpeg_compression s5: err 0.5535
clean err 0.2163 -> runs/ablf_none/seed1/robustness.json
=== robustness runs/ablf_cat_calib/seed0 ===
gaussian_noise s1: err 0.5009
gaussian_noise s2: err 0.6409
gaussian_noise s3: err 0.7524
gaussian_noise s4: err 0.7906
gaussian_noise s5: err 0.8283
shot_noise s1: err 0.4005
shot_noise s2: err 0.5020
shot_noise s3: err 0.6728
shot_noise s4: err 0.7266
shot_noise s5: err 0.8033
impulse_noise s1: err 0.4317
impulse_noise s2: err 0.6387
impulse_noise s3: err 0.7678
impulse_noise s4: err 0.8867
impulse_noise s5: err 0.9275
defocus_blur s1: err 0.2263
defocus_blur s2: err 0.2603
defocus_blur s3: err 0.3547
defocus_blur s4: err 0.4827
defocus_blur s5: err 0.6665
glass_blur s1: err 0.7886
glass_blur s2: err 0.7760
glass_blur s3: err 0.7372
glass_blur s4: err 0.8396
glass_blur s5: err 0.7997
motion_blur s1: err 0.3163
motion_blur s2: err 0.4044
motion_blur s3: err 0.4906
motion_blur s4: err 0.4900
motion_blur s5: err 0.5748
zoom_blur s1: err 0.3429
zoom_blur s2: err 0.3917
zoom_blur s3: err 0.4602
zoom_blur s4: err 0.5224
zoom_blur s5: err 0.6021
snow s1: err 0.3188
snow s2: err 0.4875
snow s3: err 0.4333
snow s4: err 0.4646
snow s5: err 0.5446
frost s1: err 0.3415
frost s2: err 0.4367
frost s3: err 0.5594
frost s4: err 0.5738
frost s5: err 0.6643
fog s1: err 0.2286
fog s2: err 0.2661
fog s3: err 0.3177
fog s4: err 0.3923
fog s5: err 0.6456
brightness s1: err 0.2256
brightness s2: err 0.2338
brightness s3: err 0.2492
brightness s4: err 0.2702
brightness s5: err 0.3359
contrast s1: err 0.2400
contrast s2: err 0.3089
contrast s3: err 0.3829
contrast s4: err 0.5173
contrast s5: err 0.8298
elastic_transform s1: err 0.3151
elastic_transform s2: err 0.3173
elastic_transform s3: err 0.3773
elastic_transform s4: err 0.4312
elastic_transform s5: err 0.4987
pixelate s1: err 0.2678
pixelate s2: err 0.3466
pixelate s3: err 0.4110
pixelate s4: err 0.5979
pixelate s5: err 0.7549
jpeg_compression s1: err 0.3401
jpeg_compression s2: err 0.4210
jpeg_compression s3: err 0.4495
jpeg_compression s4: err 0.4847
jpeg_compression s5: err 0.5244
clean err 0.2248 -> runs/ablf_cat_calib/seed0/robustness.json
=== robustness runs/ablf_cat_calib/seed1 ===
gaussian_noise s1: err 0.4890
gaussian_noise s2: err 0.6443
gaussian_noise s3: err 0.7596
gaussian_noise s4: err 0.8086
gaussian_noise s5: err 0.8430
shot_noise s1: err 0.3895
shot_noise s2: err 0.4962
shot_noise s3: err 0.6813
shot_noise s4: err 0.7437
shot_noise s5: err 0.8260
impulse_noise s1: err 0.4487
impulse_noise s2: err 0.6518
impulse_noise s3: err 0.7628
impulse_noise s4: err 0.8733
impulse_noise s5: err 0.9216
defocus_blur s1: err 0.2234
defocus_blur s2: err 0.2600
defocus_blur s3: err 0.3509
defocus_blur s4: err 0.4753
defocus_blur s5: err 0.6634
glass_blur s1: err 0.7901
glass_blur s2: err 0.7743
glass_blur s3: err 0.7313
glass_blur s4: err 0.8419
glass_blur s5: err 0.8055
motion_blur s1: err 0.3119
motion_blur s2: err 0.3934
motion_blur s3: err 0.4800
motion_blur s4: err 0.4791
motion_blur s5: err 0.5611
zoom_blur s1: err 0.3414
zoom_blur s2: err 0.3897
zoom_blur s3: err 0.4535
zoom_blur s4: err 0.5179
zoom_blur s5: err 0.5953
snow s1: err 0.3173
snow s2: err 0.4863
snow s3: err 0.4315
snow s4: err 0.4627
snow s5: err 0.5413
frost s1: err 0.3279
frost s2: err 0.4215
frost s3: err 0.5444
frost s4: err 0.5624
frost s5: err 0.6635
fog s1: err 0.2249
fog s2: err 0.2601
fog s3: err 0.3162
fog s4: err 0.3926
fog s5: err 0.6315
brightness s1: err 0.2220
brightness s2: err 0.2294
brightness s3: err 0.2411
brightness s4: err 0.2629
brightness s5: err 0.3250
contrast s1: err 0.2316
contrast s2: err 0.3067
contrast s3: err 0.3828
contrast s4: err 0.5090
contrast s5: err 0.8236
elastic_transform s1: err 0.3077
elastic_transform s2: err 0.3181
elastic_transform s3: err 0.3727
elastic_transform s4: err 0.4181
elastic_transform s5: err 0.4915
pixelate s1: err 0.2653
pixelate s2: err 0.3523
pixelate s3: err 0.4140
pixelate s4: err 0.6003
pixelate s5: err 0.7598
jpeg_compression s1: err 0.3390
jpeg_compression s2: err 0.4104
jpeg_compression s3: err 0.4494
jpeg_compression s4: err 0.4781
jpeg_compression s5: err 0.5215
clean err 0.2186 -> runs/ablf_cat_calib/seed1/robustness.json
=== robustness runs/ablf_gaboronly_calib/seed0 ===
gaussian_noise s1: err 0.5049
gaussian_noise s2: err 0.6619
gaussian_noise s3: err 0.7730
gaussian_noise s4: err 0.8155
gaussian_noise s5: err 0.8499
shot_noise s1: err 0.4046
shot_noise s2: err 0.5146
shot_noise s3: err 0.6936
shot_noise s4: err 0.7537
shot_noise s5: err 0.8256
impulse_noise s1: err 0.4399
impulse_noise s2: err 0.6568
impulse_noise s3: err 0.7795
impulse_noise s4: err 0.8948
impulse_noise s5: err 0.9349
defocus_blur s1: err 0.2188
defocus_blur s2: err 0.2524
defocus_blur s3: err 0.3449
defocus_blur s4: err 0.4780
defocus_blur s5: err 0.6666
glass_blur s1: err 0.7690
glass_blur s2: err 0.7562
glass_blur s3: err 0.7173
glass_blur s4: err 0.8241
glass_blur s5: err 0.7916
motion_blur s1: err 0.3014
motion_blur s2: err 0.3895
motion_blur s3: err 0.4756
motion_blur s4: err 0.4749
motion_blur s5: err 0.5633
zoom_blur s1: err 0.3340
zoom_blur s2: err 0.3820
zoom_blur s3: err 0.4506
zoom_blur s4: err 0.5141
zoom_blur s5: err 0.5935
snow s1: err 0.3095
snow s2: err 0.4802
snow s3: err 0.4273
snow s4: err 0.4532
snow s5: err 0.5361
frost s1: err 0.3332
frost s2: err 0.4216
frost s3: err 0.5477
frost s4: err 0.5663
frost s5: err 0.6571
fog s1: err 0.2195
fog s2: err 0.2576
fog s3: err 0.3047
fog s4: err 0.3764
fog s5: err 0.6192
brightness s1: err 0.2151
brightness s2: err 0.2257
brightness s3: err 0.2426
brightness s4: err 0.2648
brightness s5: err 0.3282
contrast s1: err 0.2329
contrast s2: err 0.3058
contrast s3: err 0.3786
contrast s4: err 0.5065
contrast s5: err 0.8172
elastic_transform s1: err 0.3138
elastic_transform s2: err 0.3100
elastic_transform s3: err 0.3721
elastic_transform s4: err 0.4281
elastic_transform s5: err 0.4963
pixelate s1: err 0.2570
pixelate s2: err 0.3377
pixelate s3: err 0.3910
pixelate s4: err 0.5707
pixelate s5: err 0.7261
jpeg_compression s1: err 0.3488
jpeg_compression s2: err 0.4194
jpeg_compression s3: err 0.4518
jpeg_compression s4: err 0.4854
jpeg_compression s5: err 0.5320
clean err 0.2140 -> runs/ablf_gaboronly_calib/seed0/robustness.json
=== robustness runs/ablf_gaboronly_calib/seed1 ===
gaussian_noise s1: err 0.5149
gaussian_noise s2: err 0.6952
gaussian_noise s3: err 0.8134
gaussian_noise s4: err 0.8554
gaussian_noise s5: err 0.8888
shot_noise s1: err 0.4148
shot_noise s2: err 0.5321
shot_noise s3: err 0.7319
shot_noise s4: err 0.7949
shot_noise s5: err 0.8670
impulse_noise s1: err 0.4410
impulse_noise s2: err 0.6541
impulse_noise s3: err 0.7787
impulse_noise s4: err 0.8967
impulse_noise s5: err 0.9387
defocus_blur s1: err 0.2190
defocus_blur s2: err 0.2533
defocus_blur s3: err 0.3444
defocus_blur s4: err 0.4677
defocus_blur s5: err 0.6598
glass_blur s1: err 0.7946
glass_blur s2: err 0.7797
glass_blur s3: err 0.7412
glass_blur s4: err 0.8476
glass_blur s5: err 0.8116
motion_blur s1: err 0.3082
motion_blur s2: err 0.3916
motion_blur s3: err 0.4808
motion_blur s4: err 0.4785
motion_blur s5: err 0.5613
zoom_blur s1: err 0.3344
zoom_blur s2: err 0.3826
zoom_blur s3: err 0.4465
zoom_blur s4: err 0.5056
zoom_blur s5: err 0.5855
snow s1: err 0.3167
snow s2: err 0.4865
snow s3: err 0.4350
snow s4: err 0.4627
snow s5: err 0.5467
frost s1: err 0.3396
frost s2: err 0.4296
frost s3: err 0.5679
frost s4: err 0.5790
frost s5: err 0.6815
fog s1: err 0.2265
fog s2: err 0.2593
fog s3: err 0.3097
fog s4: err 0.3795
fog s5: err 0.6187
brightness s1: err 0.2197
brightness s2: err 0.2272
brightness s3: err 0.2413
brightness s4: err 0.2617
brightness s5: err 0.3225
contrast s1: err 0.2299
contrast s2: err 0.3065
contrast s3: err 0.3806
contrast s4: err 0.5077
contrast s5: err 0.8231
elastic_transform s1: err 0.3062
elastic_transform s2: err 0.3115
elastic_transform s3: err 0.3684
elastic_transform s4: err 0.4231
elastic_transform s5: err 0.4948
pixelate s1: err 0.2609
pixelate s2: err 0.3372
pixelate s3: err 0.3948
pixelate s4: err 0.5749
pixelate s5: err 0.7335
jpeg_compression s1: err 0.3470
jpeg_compression s2: err 0.4232
jpeg_compression s3: err 0.4542
jpeg_compression s4: err 0.4872
jpeg_compression s5: err 0.5286
clean err 0.2168 -> runs/ablf_gaboronly_calib/seed1/robustness.json
=== robustness runs/ablf_gaboronly_calib/seed2 ===
gaussian_noise s1: err 0.5000
gaussian_noise s2: err 0.6791
gaussian_noise s3: err 0.8017
gaussian_noise s4: err 0.8442
gaussian_noise s5: err 0.8744
shot_noise s1: err 0.4011
shot_noise s2: err 0.5189
shot_noise s3: err 0.7270
shot_noise s4: err 0.7931
shot_noise s5: err 0.8614
impulse_noise s1: err 0.4202
impulse_noise s2: err 0.6146
impulse_noise s3: err 0.7300
impulse_noise s4: err 0.8688
impulse_noise s5: err 0.9263
defocus_blur s1: err 0.2207
defocus_blur s2: err 0.2582
defocus_blur s3: err 0.3417
defocus_blur s4: err 0.4699
defocus_blur s5: err 0.6604
glass_blur s1: err 0.7762
glass_blur s2: err 0.7662
glass_blur s3: err 0.7321
glass_blur s4: err 0.8280
glass_blur s5: err 0.7954
motion_blur s1: err 0.3087
motion_blur s2: err 0.3869
motion_blur s3: err 0.4778
motion_blur s4: err 0.4738
motion_blur s5: err 0.5593
zoom_blur s1: err 0.3371
zoom_blur s2: err 0.3790
zoom_blur s3: err 0.4470
zoom_blur s4: err 0.5033
zoom_blur s5: err 0.5879
snow s1: err 0.3130
snow s2: err 0.4888
snow s3: err 0.4249
snow s4: err 0.4547
snow s5: err 0.5389
frost s1: err 0.3284
frost s2: err 0.4205
frost s3: err 0.5392
frost s4: err 0.5556
frost s5: err 0.6517
fog s1: err 0.2229
fog s2: err 0.2609
fog s3: err 0.3040
fog s4: err 0.3733
fog s5: err 0.6136
brightness s1: err 0.2176
brightness s2: err 0.2285
brightness s3: err 0.2423
brightness s4: err 0.2647
brightness s5: err 0.3271
contrast s1: err 0.2306
contrast s2: err 0.3051
contrast s3: err 0.3764
contrast s4: err 0.5024
contrast s5: err 0.8145
elastic_transform s1: err 0.3083
elastic_transform s2: err 0.3074
elastic_transform s3: err 0.3634
elastic_transform s4: err 0.4237
elastic_transform s5: err 0.4924
pixelate s1: err 0.2618
pixelate s2: err 0.3428
pixelate s3: err 0.4052
pixelate s4: err 0.5912
pixelate s5: err 0.7572
jpeg_compression s1: err 0.3463
jpeg_compression s2: err 0.4300
jpeg_compression s3: err 0.4601
jpeg_compression s4: err 0.4917
jpeg_compression s5: err 0.5394
clean err 0.2140 -> runs/ablf_gaboronly_calib/seed2/robustness.json
=== robustness runs/ablf_zernikeonly_calib/seed0 ===
gaussian_noise s1: err 0.5154
gaussian_noise s2: err 0.6523
gaussian_noise s3: err 0.7518
gaussian_noise s4: err 0.7943
gaussian_noise s5: err 0.8273
shot_noise s1: err 0.4192
shot_noise s2: err 0.5247
shot_noise s3: err 0.6885
shot_noise s4: err 0.7367
shot_noise s5: err 0.8094
impulse_noise s1: err 0.3897
impulse_noise s2: err 0.5799
impulse_noise s3: err 0.7084
impulse_noise s4: err 0.8469
impulse_noise s5: err 0.9097
defocus_blur s1: err 0.2250
defocus_blur s2: err 0.2670
defocus_blur s3: err 0.3643
defocus_blur s4: err 0.4852
defocus_blur s5: err 0.6559
glass_blur s1: err 0.7945
glass_blur s2: err 0.7803
glass_blur s3: err 0.7423
glass_blur s4: err 0.8448
glass_blur s5: err 0.8034
motion_blur s1: err 0.3246
motion_blur s2: err 0.4059
motion_blur s3: err 0.4960
motion_blur s4: err 0.4952
motion_blur s5: err 0.5721
zoom_blur s1: err 0.3515
zoom_blur s2: err 0.3978
zoom_blur s3: err 0.4610
zoom_blur s4: err 0.5215
zoom_blur s5: err 0.5993
snow s1: err 0.3237
snow s2: err 0.5045
snow s3: err 0.4452
snow s4: err 0.4751
snow s5: err 0.5594
frost s1: err 0.3552
frost s2: err 0.4531
frost s3: err 0.5786
frost s4: err 0.5981
frost s5: err 0.6901
fog s1: err 0.2332
fog s2: err 0.2775
fog s3: err 0.3265
fog s4: err 0.4118
fog s5: err 0.6680
brightness s1: err 0.2256
brightness s2: err 0.2386
brightness s3: err 0.2536
brightness s4: err 0.2751
brightness s5: err 0.3427
contrast s1: err 0.2378
contrast s2: err 0.3244
contrast s3: err 0.4024
contrast s4: err 0.5348
contrast s5: err 0.8302
elastic_transform s1: err 0.3241
elastic_transform s2: err 0.3230
elastic_transform s3: err 0.3839
elastic_transform s4: err 0.4393
elastic_transform s5: err 0.5013
pixelate s1: err 0.2726
pixelate s2: err 0.3583
pixelate s3: err 0.4253
pixelate s4: err 0.6240
pixelate s5: err 0.7753
jpeg_compression s1: err 0.3312
jpeg_compression s2: err 0.3979
jpeg_compression s3: err 0.4304
jpeg_compression s4: err 0.4588
jpeg_compression s5: err 0.5039
clean err 0.2209 -> runs/ablf_zernikeonly_calib/seed0/robustness.json
=== robustness runs/ablf_learned/seed0 ===
gaussian_noise s1: err 0.5064
gaussian_noise s2: err 0.6689
gaussian_noise s3: err 0.7822
gaussian_noise s4: err 0.8288
gaussian_noise s5: err 0.8605
shot_noise s1: err 0.4179
shot_noise s2: err 0.5280
shot_noise s3: err 0.7096
shot_noise s4: err 0.7672
shot_noise s5: err 0.8375
impulse_noise s1: err 0.4691
impulse_noise s2: err 0.6842
impulse_noise s3: err 0.8009
impulse_noise s4: err 0.9044
impulse_noise s5: err 0.9448
defocus_blur s1: err 0.2230
defocus_blur s2: err 0.2588
defocus_blur s3: err 0.3543
defocus_blur s4: err 0.4861
defocus_blur s5: err 0.6796
glass_blur s1: err 0.7877
glass_blur s2: err 0.7767
glass_blur s3: err 0.7279
glass_blur s4: err 0.8415
glass_blur s5: err 0.8015
motion_blur s1: err 0.3124
motion_blur s2: err 0.3907
motion_blur s3: err 0.4813
motion_blur s4: err 0.4820
motion_blur s5: err 0.5585
zoom_blur s1: err 0.3449
zoom_blur s2: err 0.3943
zoom_blur s3: err 0.4598
zoom_blur s4: err 0.5193
zoom_blur s5: err 0.6004
snow s1: err 0.3195
snow s2: err 0.5006
snow s3: err 0.4313
snow s4: err 0.4622
snow s5: err 0.5464
frost s1: err 0.3394
frost s2: err 0.4295
frost s3: err 0.5553
frost s4: err 0.5759
frost s5: err 0.6716
fog s1: err 0.2233
fog s2: err 0.2609
fog s3: err 0.3022
fog s4: err 0.3704
fog s5: err 0.6054
brightness s1: err 0.2201
brightness s2: err 0.2286
brightness s3: err 0.2408
brightness s4: err 0.2635
brightness s5: err 0.3312
contrast s1: err 0.2292
contrast s2: err 0.3045
contrast s3: err 0.3764
contrast s4: err 0.5051
contrast s5: err 0.8238
elastic_transform s1: err 0.3077
elastic_transform s2: err 0.3114
elastic_transform s3: err 0.3776
elastic_transform s4: err 0.4250
elastic_transform s5: err 0.4941
pixelate s1: err 0.2585
pixelate s2: err 0.3419
pixelate s3: err 0.3968
pixelate s4: err 0.5821
pixelate s5: err 0.7420
jpeg_compression s1: err 0.3450
jpeg_compression s2: err 0.4157
jpeg_compression s3: err 0.4426
jpeg_compression s4: err 0.4701
jpeg_compression s5: err 0.5141
clean err 0.2188 -> runs/ablf_learned/seed0/robustness.json
=== robustness runs/ablf_randomfixed_calib/seed0 ===
gaussian_noise s1: err 0.5060
gaussian_noise s2: err 0.6708
gaussian_noise s3: err 0.7823
gaussian_noise s4: err 0.8275
gaussian_noise s5: err 0.8574
shot_noise s1: err 0.4052
shot_noise s2: err 0.5190
shot_noise s3: err 0.7042
shot_noise s4: err 0.7646
shot_noise s5: err 0.8402
impulse_noise s1: err 0.4550
impulse_noise s2: err 0.6505
impulse_noise s3: err 0.7725
impulse_noise s4: err 0.8829
impulse_noise s5: err 0.9275
defocus_blur s1: err 0.2218
defocus_blur s2: err 0.2572
defocus_blur s3: err 0.3434
defocus_blur s4: err 0.4655
defocus_blur s5: err 0.6664
glass_blur s1: err 0.8024
glass_blur s2: err 0.7863
glass_blur s3: err 0.7432
glass_blur s4: err 0.8501
glass_blur s5: err 0.8153
motion_blur s1: err 0.3111
motion_blur s2: err 0.3872
motion_blur s3: err 0.4812
motion_blur s4: err 0.4790
motion_blur s5: err 0.5595
zoom_blur s1: err 0.3362
zoom_blur s2: err 0.3800
zoom_blur s3: err 0.4411
zoom_blur s4: err 0.4985
zoom_blur s5: err 0.5834
snow s1: err 0.3252
snow s2: err 0.4935
snow s3: err 0.4417
snow s4: err 0.4673
snow s5: err 0.5442
frost s1: err 0.3355
frost s2: err 0.4321
frost s3: err 0.5632
frost s4: err 0.5799
frost s5: err 0.6737
fog s1: err 0.2285
fog s2: err 0.2612
fog s3: err 0.3082
fog s4: err 0.3784
fog s5: err 0.6189
brightness s1: err 0.2224
brightness s2: err 0.2291
brightness s3: err 0.2442
brightness s4: err 0.2677
brightness s5: err 0.3324
contrast s1: err 0.2367
contrast s2: err 0.3063
contrast s3: err 0.3789
contrast s4: err 0.5061
contrast s5: err 0.8249
elastic_transform s1: err 0.3081
elastic_transform s2: err 0.3076
elastic_transform s3: err 0.3698
elastic_transform s4: err 0.4255
elastic_transform s5: err 0.4936
pixelate s1: err 0.2619
pixelate s2: err 0.3405
pixelate s3: err 0.3971
pixelate s4: err 0.5874
pixelate s5: err 0.7473
jpeg_compression s1: err 0.3433
jpeg_compression s2: err 0.4189
jpeg_compression s3: err 0.4488
jpeg_compression s4: err 0.4754
jpeg_compression s5: err 0.5211
clean err 0.2199 -> runs/ablf_randomfixed_calib/seed0/robustness.json
=== robustness runs/ablf_gaborlearn_calib/seed0 ===
gaussian_noise s1: err 0.5065
gaussian_noise s2: err 0.6620
gaussian_noise s3: err 0.7759
gaussian_noise s4: err 0.8172
gaussian_noise s5: err 0.8483
shot_noise s1: err 0.4087
shot_noise s2: err 0.5127
shot_noise s3: err 0.6967
shot_noise s4: err 0.7594
shot_noise s5: err 0.8326
impulse_noise s1: err 0.4440
impulse_noise s2: err 0.6393
impulse_noise s3: err 0.7573
impulse_noise s4: err 0.8771
impulse_noise s5: err 0.9249
defocus_blur s1: err 0.2230
defocus_blur s2: err 0.2612
defocus_blur s3: err 0.3540
defocus_blur s4: err 0.4795
defocus_blur s5: err 0.6661
glass_blur s1: err 0.7990
glass_blur s2: err 0.7945
glass_blur s3: err 0.7506
glass_blur s4: err 0.8498
glass_blur s5: err 0.8145
motion_blur s1: err 0.3185
motion_blur s2: err 0.3961
motion_blur s3: err 0.4926
motion_blur s4: err 0.4918
motion_blur s5: err 0.5710
zoom_blur s1: err 0.3471
zoom_blur s2: err 0.3927
zoom_blur s3: err 0.4598
zoom_blur s4: err 0.5164
zoom_blur s5: err 0.5965
snow s1: err 0.3245
snow s2: err 0.4984
snow s3: err 0.4365
snow s4: err 0.4727
snow s5: err 0.5510
frost s1: err 0.3362
frost s2: err 0.4346
frost s3: err 0.5606
frost s4: err 0.5677
frost s5: err 0.6642
fog s1: err 0.2293
fog s2: err 0.2660
fog s3: err 0.3112
fog s4: err 0.3820
fog s5: err 0.6324
brightness s1: err 0.2232
brightness s2: err 0.2312
brightness s3: err 0.2450
brightness s4: err 0.2665
brightness s5: err 0.3301
contrast s1: err 0.2357
contrast s2: err 0.3107
contrast s3: err 0.3857
contrast s4: err 0.5186
contrast s5: err 0.8257
elastic_transform s1: err 0.3143
elastic_transform s2: err 0.3117
elastic_transform s3: err 0.3794
elastic_transform s4: err 0.4298
elastic_transform s5: err 0.5098
pixelate s1: err 0.2668
pixelate s2: err 0.3427
pixelate s3: err 0.4086
pixelate s4: err 0.6047
pixelate s5: err 0.7660
jpeg_compression s1: err 0.3436
jpeg_compression s2: err 0.4225
jpeg_compression s3: err 0.4519
jpeg_compression s4: err 0.4856
jpeg_compression s5: err 0.5244
clean err 0.2197 -> runs/ablf_gaborlearn_calib/seed0/robustness.json
=== robustness runs/ablf_noidentity_calib/seed0 ===
gaussian_noise s1: err 0.4796
gaussian_noise s2: err 0.6426
gaussian_noise s3: err 0.7658
gaussian_noise s4: err 0.8108
gaussian_noise s5: err 0.8433
shot_noise s1: err 0.3870
shot_noise s2: err 0.4922
shot_noise s3: err 0.6800
shot_noise s4: err 0.7407
shot_noise s5: err 0.8178
impulse_noise s1: err 0.4281
impulse_noise s2: err 0.6224
impulse_noise s3: err 0.7516
impulse_noise s4: err 0.8733
impulse_noise s5: err 0.9275
defocus_blur s1: err 0.2357
defocus_blur s2: err 0.2699
defocus_blur s3: err 0.3551
defocus_blur s4: err 0.4675
defocus_blur s5: err 0.6744
glass_blur s1: err 0.7739
glass_blur s2: err 0.7543
glass_blur s3: err 0.7102
glass_blur s4: err 0.8400
glass_blur s5: err 0.7923
motion_blur s1: err 0.3193
motion_blur s2: err 0.4027
motion_blur s3: err 0.4903
motion_blur s4: err 0.4836
motion_blur s5: err 0.5681
zoom_blur s1: err 0.3494
zoom_blur s2: err 0.3823
zoom_blur s3: err 0.4389
zoom_blur s4: err 0.4953
zoom_blur s5: err 0.5707
snow s1: err 0.3166
snow s2: err 0.4698
snow s3: err 0.4279
snow s4: err 0.4627
snow s5: err 0.5290
frost s1: err 0.3241
frost s2: err 0.4130
frost s3: err 0.5346
frost s4: err 0.5417
frost s5: err 0.6369
fog s1: err 0.2440
fog s2: err 0.2834
fog s3: err 0.3366
fog s4: err 0.4171
fog s5: err 0.6549
brightness s1: err 0.2377
brightness s2: err 0.2414
brightness s3: err 0.2544
brightness s4: err 0.2752
brightness s5: err 0.3317
contrast s1: err 0.2478
contrast s2: err 0.3234
contrast s3: err 0.3932
contrast s4: err 0.5213
contrast s5: err 0.8331
elastic_transform s1: err 0.3227
elastic_transform s2: err 0.3237
elastic_transform s3: err 0.3715
elastic_transform s4: err 0.4223
elastic_transform s5: err 0.4848
pixelate s1: err 0.2639
pixelate s2: err 0.3083
pixelate s3: err 0.3443
pixelate s4: err 0.4735
pixelate s5: err 0.6564
jpeg_compression s1: err 0.3259
jpeg_compression s2: err 0.3927
jpeg_compression s3: err 0.4157
jpeg_compression s4: err 0.4385
jpeg_compression s5: err 0.4758
clean err 0.2326 -> runs/ablf_noidentity_calib/seed0/robustness.json
=== robustness runs/ablf_catpruned_calib/seed0 ===
gaussian_noise s1: err 0.4992
gaussian_noise s2: err 0.6573
gaussian_noise s3: err 0.7689
gaussian_noise s4: err 0.8186
gaussian_noise s5: err 0.8505
shot_noise s1: err 0.4092
shot_noise s2: err 0.5120
shot_noise s3: err 0.6897
shot_noise s4: err 0.7540
shot_noise s5: err 0.8286
impulse_noise s1: err 0.4398
impulse_noise s2: err 0.6358
impulse_noise s3: err 0.7568
impulse_noise s4: err 0.8737
impulse_noise s5: err 0.9228
defocus_blur s1: err 0.2249
defocus_blur s2: err 0.2588
defocus_blur s3: err 0.3445
defocus_blur s4: err 0.4852
defocus_blur s5: err 0.6771
glass_blur s1: err 0.7673
glass_blur s2: err 0.7556
glass_blur s3: err 0.7234
glass_blur s4: err 0.8231
glass_blur s5: err 0.7928
motion_blur s1: err 0.3117
motion_blur s2: err 0.3963
motion_blur s3: err 0.4911
motion_blur s4: err 0.4888
motion_blur s5: err 0.5734
zoom_blur s1: err 0.3397
zoom_blur s2: err 0.3830
zoom_blur s3: err 0.4480
zoom_blur s4: err 0.5129
zoom_blur s5: err 0.5945
snow s1: err 0.3124
snow s2: err 0.4854
snow s3: err 0.4228
snow s4: err 0.4510
snow s5: err 0.5341
frost s1: err 0.3320
frost s2: err 0.4268
frost s3: err 0.5493
frost s4: err 0.5665
frost s5: err 0.6627
fog s1: err 0.2327
fog s2: err 0.2671
fog s3: err 0.3130
fog s4: err 0.3968
fog s5: err 0.6453
brightness s1: err 0.2237
brightness s2: err 0.2312
brightness s3: err 0.2436
brightness s4: err 0.2661
brightness s5: err 0.3247
contrast s1: err 0.2338
contrast s2: err 0.3051
contrast s3: err 0.3763
contrast s4: err 0.4994
contrast s5: err 0.8172
elastic_transform s1: err 0.3135
elastic_transform s2: err 0.3148
elastic_transform s3: err 0.3686
elastic_transform s4: err 0.4283
elastic_transform s5: err 0.4908
pixelate s1: err 0.2605
pixelate s2: err 0.3316
pixelate s3: err 0.3870
pixelate s4: err 0.5681
pixelate s5: err 0.7328
jpeg_compression s1: err 0.3468
jpeg_compression s2: err 0.4216
jpeg_compression s3: err 0.4550
jpeg_compression s4: err 0.4849
jpeg_compression s5: err 0.5286
clean err 0.2225 -> runs/ablf_catpruned_calib/seed0/robustness.json
=== robustness runs/ablf_catpruned_calib/seed1 ===
gaussian_noise s1: err 0.4979
gaussian_noise s2: err 0.6669
gaussian_noise s3: err 0.7936
gaussian_noise s4: err 0.8383
gaussian_noise s5: err 0.8746
shot_noise s1: err 0.4021
shot_noise s2: err 0.5108
shot_noise s3: err 0.7018
shot_noise s4: err 0.7670
shot_noise s5: err 0.8510
impulse_noise s1: err 0.4093
impulse_noise s2: err 0.6139
impulse_noise s3: err 0.7358
impulse_noise s4: err 0.8761
impulse_noise s5: err 0.9288
defocus_blur s1: err 0.2181
defocus_blur s2: err 0.2572
defocus_blur s3: err 0.3506
defocus_blur s4: err 0.4831
defocus_blur s5: err 0.6619
glass_blur s1: err 0.7903
glass_blur s2: err 0.7714
glass_blur s3: err 0.7328
glass_blur s4: err 0.8456
glass_blur s5: err 0.8022
motion_blur s1: err 0.3154
motion_blur s2: err 0.3989
motion_blur s3: err 0.4874
motion_blur s4: err 0.4820
motion_blur s5: err 0.5659
zoom_blur s1: err 0.3410
zoom_blur s2: err 0.3914
zoom_blur s3: err 0.4633
zoom_blur s4: err 0.5244
zoom_blur s5: err 0.6014
snow s1: err 0.3183
snow s2: err 0.4945
snow s3: err 0.4364
snow s4: err 0.4679
snow s5: err 0.5448
frost s1: err 0.3313
frost s2: err 0.4240
frost s3: err 0.5500
frost s4: err 0.5630
frost s5: err 0.6569
fog s1: err 0.2261
fog s2: err 0.2605
fog s3: err 0.3120
fog s4: err 0.3882
fog s5: err 0.6392
brightness s1: err 0.2167
brightness s2: err 0.2277
brightness s3: err 0.2424
brightness s4: err 0.2641
brightness s5: err 0.3273
contrast s1: err 0.2312
contrast s2: err 0.3046
contrast s3: err 0.3729
contrast s4: err 0.5007
contrast s5: err 0.8213
elastic_transform s1: err 0.3148
elastic_transform s2: err 0.3116
elastic_transform s3: err 0.3778
elastic_transform s4: err 0.4290
elastic_transform s5: err 0.4963
pixelate s1: err 0.2619
pixelate s2: err 0.3403
pixelate s3: err 0.4026
pixelate s4: err 0.5891
pixelate s5: err 0.7487
jpeg_compression s1: err 0.3458
jpeg_compression s2: err 0.4237
jpeg_compression s3: err 0.4469
jpeg_compression s4: err 0.4823
jpeg_compression s5: err 0.5304
clean err 0.2125 -> runs/ablf_catpruned_calib/seed1/robustness.json
LOCAL_LOWDATA_COMPLETE
