moment-aux target calibrated on 1024 images
[auxteach_10pct seed0] {"params_trainable": 11285924, "params_stem_trainable": 0, "params_stem_fixed_filters": 0, "flops_total": 556705792, "flops_stem": 0, "flops_image_size": 32}
epoch 1/200 loss 4.7420 train 0.0349 test 0.0538
epoch 2/200 loss 4.4186 train 0.0675 test 0.0641
epoch 3/200 loss 4.2666 train 0.0793 test 0.0848
epoch 4/200 loss 4.1360 train 0.0976 test 0.0859
epoch 5/200 loss 4.0444 train 0.1054 test 0.0958
epoch 6/200 loss 3.9510 train 0.1268 test 0.1111
epoch 7/200 loss 3.8644 train 0.1302 test 0.1210
epoch 8/200 loss 3.7852 train 0.1442 test 0.1020
epoch 9/200 loss 3.7091 train 0.1603 test 0.1360
epoch 10/200 loss 3.6261 train 0.1737 test 0.1280
epoch 11/200 loss 3.5494 train 0.1793 test 0.1553
epoch 12/200 loss 3.4681 train 0.2017 test 0.1575
epoch 13/200 loss 3.3816 train 0.2208 test 0.1660
epoch 14/200 loss 3.3191 train 0.2242 test 0.1637
epoch 15/200 loss 3.2005 train 0.2450 test 0.1673
epoch 16/200 loss 3.1276 train 0.2540 test 0.1759
epoch 17/200 loss 3.0451 train 0.2722 test 0.2000
epoch 18/200 loss 2.9843 train 0.2863 test 0.2052
epoch 19/200 loss 2.8496 train 0.3153 test 0.2061
epoch 20/200 loss 2.8141 train 0.3201 test 0.2377
epoch 21/200 loss 2.6800 train 0.3431 test 0.2157
epoch 22/200 loss 2.5801 train 0.3666 test 0.2346
epoch 23/200 loss 2.5259 train 0.3712 test 0.2283
epoch 24/200 loss 2.3971 train 0.3994 test 0.2371
epoch 25/200 loss 2.3873 train 0.3956 test 0.2410
epoch 26/200 loss 2.2070 train 0.4431 test 0.2333
epoch 27/200 loss 2.1055 train 0.4694 test 0.2481
epoch 28/200 loss 2.0660 train 0.4788 test 0.2495
epoch 29/200 loss 1.9817 train 0.4946 test 0.2597
epoch 30/200 loss 1.8709 train 0.5264 test 0.2469
epoch 31/200 loss 1.8193 train 0.5282 test 0.2364
epoch 32/200 loss 1.7279 train 0.5507 test 0.2396
epoch 33/200 loss 1.5742 train 0.5952 test 0.2912
epoch 34/200 loss 1.4872 train 0.6114 test 0.2728
epoch 35/200 loss 1.4388 train 0.6294 test 0.2836
epoch 36/200 loss 1.3389 train 0.6625 test 0.2763
epoch 37/200 loss 1.2082 train 0.6963 test 0.2702
epoch 38/200 loss 1.1312 train 0.7123 test 0.2579
epoch 39/200 loss 1.1106 train 0.7167 test 0.2623
epoch 40/200 loss 1.0268 train 0.7464 test 0.2932
epoch 41/200 loss 0.9246 train 0.7772 test 0.3037
epoch 42/200 loss 0.8877 train 0.7849 test 0.2949
epoch 43/200 loss 0.8421 train 0.7997 test 0.2735
epoch 44/200 loss 0.7674 train 0.8265 test 0.2825
epoch 45/200 loss 0.6898 train 0.8454 test 0.2828
epoch 46/200 loss 0.6428 train 0.8632 test 0.3077
epoch 47/200 loss 0.6251 train 0.8656 test 0.3008
epoch 48/200 loss 0.6224 train 0.8618 test 0.3128
epoch 49/200 loss 0.5069 train 0.9020 test 0.2965
epoch 50/200 loss 0.5182 train 0.8932 test 0.3172
epoch 51/200 loss 0.4471 train 0.9239 test 0.3052
epoch 52/200 loss 0.4468 train 0.9203 test 0.2979
epoch 53/200 loss 0.4481 train 0.9207 test 0.2989
epoch 54/200 loss 0.4254 train 0.9295 test 0.3140
epoch 55/200 loss 0.4130 train 0.9355 test 0.3044
epoch 56/200 loss 0.3589 train 0.9503 test 0.3329
epoch 57/200 loss 0.3353 train 0.9567 test 0.3216
epoch 58/200 loss 0.3605 train 0.9493 test 0.3189
epoch 59/200 loss 0.3553 train 0.9509 test 0.3299
epoch 60/200 loss 0.3468 train 0.9533 test 0.3082
epoch 61/200 loss 0.3625 train 0.9467 test 0.3288
epoch 62/200 loss 0.3489 train 0.9511 test 0.3204
epoch 63/200 loss 0.3152 train 0.9627 test 0.3253
epoch 64/200 loss 0.2819 train 0.9744 test 0.3354
epoch 65/200 loss 0.2461 train 0.9864 test 0.3400
epoch 66/200 loss 0.2373 train 0.9856 test 0.3495
epoch 67/200 loss 0.2148 train 0.9926 test 0.3546
epoch 68/200 loss 0.2156 train 0.9922 test 0.3587
epoch 69/200 loss 0.1945 train 0.9954 test 0.3633
epoch 70/200 loss 0.1894 train 0.9968 test 0.3745
epoch 71/200 loss 0.1776 train 0.9998 test 0.3813
epoch 72/200 loss 0.1724 train 0.9998 test 0.3867
epoch 73/200 loss 0.1717 train 0.9990 test 0.3873
epoch 74/200 loss 0.1715 train 0.9994 test 0.3833
epoch 75/200 loss 0.1729 train 0.9988 test 0.3854
epoch 76/200 loss 0.1697 train 0.9994 test 0.3896
epoch 77/200 loss 0.1737 train 0.9982 test 0.3836
epoch 78/200 loss 0.1786 train 0.9978 test 0.3819
epoch 79/200 loss 0.1699 train 0.9996 test 0.3885
epoch 80/200 loss 0.1669 train 0.9996 test 0.3910
epoch 81/200 loss 0.1655 train 0.9998 test 0.3896
epoch 82/200 loss 0.1645 train 1.0000 test 0.3939
epoch 83/200 loss 0.1641 train 0.9998 test 0.3938
epoch 84/200 loss 0.1632 train 0.9998 test 0.3928
epoch 85/200 loss 0.1638 train 0.9990 test 0.3946
epoch 86/200 loss 0.1649 train 0.9994 test 0.3926
epoch 87/200 loss 0.1617 train 0.9998 test 0.3916
epoch 88/200 loss 0.1619 train 0.9998 test 0.3932
epoch 89/200 loss 0.1619 train 1.0000 test 0.3923
epoch 90/200 loss 0.1622 train 0.9994 test 0.3942
epoch 91/200 loss 0.1621 train 0.9994 test 0.3939
epoch 92/200 loss 0.1713 train 0.9976 test 0.3854
epoch 93/200 loss 0.1691 train 0.9984 test 0.3886
epoch 94/200 loss 0.1683 train 0.9988 test 0.3906
epoch 95/200 loss 0.1665 train 0.9996 test 0.3897
epoch 96/200 loss 0.1636 train 0.9994 test 0.3899
epoch 97/200 loss 0.1677 train 0.9982 test 0.3888
epoch 98/200 loss 0.1717 train 0.9970 test 0.3807
epoch 99/200 loss 0.1717 train 0.9988 test 0.3834
epoch 100/200 loss 0.1638 train 0.9996 test 0.3883
epoch 101/200 loss 0.1691 train 0.9980 test 0.3779
epoch 102/200 loss 0.1829 train 0.9960 test 0.3768
epoch 103/200 loss 0.1723 train 0.9984 test 0.3837
epoch 104/200 loss 0.1727 train 0.9972 test 0.3776
epoch 105/200 loss 0.1704 train 0.9986 test 0.3848
epoch 106/200 loss 0.1625 train 0.9998 test 0.3895
epoch 107/200 loss 0.1567 train 1.0000 test 0.3943
epoch 108/200 loss 0.1574 train 0.9994 test 0.3945
epoch 109/200 loss 0.1561 train 0.9994 test 0.3968
epoch 110/200 loss 0.1592 train 0.9988 test 0.3904
epoch 111/200 loss 0.1589 train 0.9992 test 0.3846
epoch 112/200 loss 0.1665 train 0.9980 test 0.3778
epoch 113/200 loss 0.1706 train 0.9974 test 0.3704
epoch 114/200 loss 0.1793 train 0.9960 test 0.3658
epoch 115/200 loss 0.2090 train 0.9918 test 0.3429
epoch 116/200 loss 0.2160 train 0.9932 test 0.3454
epoch 117/200 loss 0.2292 train 0.9890 test 0.3362
epoch 118/200 loss 0.2256 train 0.9918 test 0.3457
epoch 119/200 loss 0.2339 train 0.9882 test 0.3376
epoch 120/200 loss 0.2491 train 0.9840 test 0.3433
epoch 121/200 loss 0.2536 train 0.9814 test 0.3342
epoch 122/200 loss 0.2499 train 0.9820 test 0.3469
epoch 123/200 loss 0.2512 train 0.9828 test 0.3356
epoch 124/200 loss 0.2638 train 0.9786 test 0.3241
epoch 125/200 loss 0.2768 train 0.9728 test 0.3290
epoch 126/200 loss 0.2482 train 0.9838 test 0.3343
epoch 127/200 loss 0.2398 train 0.9856 test 0.3379
epoch 128/200 loss 0.2034 train 0.9936 test 0.3492
epoch 129/200 loss 0.1897 train 0.9944 test 0.3602
epoch 130/200 loss 0.1688 train 0.9986 test 0.3817
epoch 131/200 loss 0.1591 train 0.9998 test 0.3912
epoch 132/200 loss 0.1570 train 0.9998 test 0.3932
epoch 133/200 loss 0.1551 train 0.9998 test 0.3944
epoch 134/200 loss 0.1541 train 0.9998 test 0.3941
epoch 135/200 loss 0.1531 train 0.9998 test 0.3968
epoch 136/200 loss 0.1525 train 0.9998 test 0.3985
epoch 137/200 loss 0.1524 train 0.9998 test 0.3946
epoch 138/200 loss 0.1513 train 0.9998 test 0.3968
epoch 139/200 loss 0.1512 train 0.9998 test 0.3983
epoch 140/200 loss 0.1507 train 1.0000 test 0.3992
epoch 141/200 loss 0.1514 train 0.9998 test 0.3994
epoch 142/200 loss 0.1500 train 0.9996 test 0.3983
epoch 143/200 loss 0.1504 train 0.9998 test 0.3986
epoch 144/200 loss 0.1506 train 0.9998 test 0.4003
epoch 145/200 loss 0.1492 train 0.9998 test 0.3977
epoch 146/200 loss 0.1492 train 0.9998 test 0.3984
epoch 147/200 loss 0.1487 train 1.0000 test 0.3981
epoch 148/200 loss 0.1488 train 0.9996 test 0.3968
epoch 149/200 loss 0.1488 train 1.0000 test 0.3974
epoch 150/200 loss 0.1482 train 1.0000 test 0.3983
epoch 151/200 loss 0.1483 train 0.9998 test 0.3978
epoch 152/200 loss 0.1488 train 0.9998 test 0.3988
epoch 153/200 loss 0.1481 train 0.9998 test 0.3998
epoch 154/200 loss 0.1484 train 1.0000 test 0.4000
epoch 155/200 loss 0.1482 train 1.0000 test 0.4016
epoch 156/200 loss 0.1479 train 1.0000 test 0.4008
epoch 157/200 loss 0.1470 train 1.0000 test 0.3996
epoch 158/200 loss 0.1472 train 1.0000 test 0.4016
epoch 159/200 loss 0.1475 train 1.0000 test 0.4016
epoch 160/200 loss 0.1477 train 0.9998 test 0.4007
epoch 161/200 loss 0.1475 train 1.0000 test 0.4012
epoch 162/200 loss 0.1474 train 1.0000 test 0.4016
epoch 163/200 loss 0.1477 train 0.9998 test 0.4021
epoch 164/200 loss 0.1474 train 0.9998 test 0.4014
epoch 165/200 loss 0.1471 train 0.9998 test 0.3999
epoch 166/200 loss 0.1471 train 0.9996 test 0.4017
epoch 167/200 loss 0.1467 train 1.0000 test 0.4003
epoch 168/200 loss 0.1473 train 1.0000 test 0.4007
epoch 169/200 loss 0.1469 train 1.0000 test 0.4021
epoch 170/200 loss 0.1473 train 0.9998 test 0.4013
epoch 171/200 loss 0.1472 train 0.9998 test 0.4010
epoch 172/200 loss 0.1471 train 1.0000 test 0.4013
epoch 173/200 loss 0.1470 train 1.0000 test 0.4026
epoch 174/200 loss 0.1464 train 0.9998 test 0.4019
epoch 175/200 loss 0.1464 train 1.0000 test 0.4023
epoch 176/200 loss 0.1465 train 0.9998 test 0.4017
epoch 177/200 loss 0.1473 train 1.0000 test 0.4020
epoch 178/200 loss 0.1465 train 1.0000 test 0.4016
epoch 179/200 loss 0.1471 train 0.9998 test 0.4027
epoch 180/200 loss 0.1467 train 0.9998 test 0.4015
epoch 181/200 loss 0.1469 train 1.0000 test 0.4014
epoch 182/200 loss 0.1465 train 1.0000 test 0.3998
epoch 183/200 loss 0.1463 train 1.0000 test 0.4021
epoch 184/200 loss 0.1463 train 1.0000 test 0.4016
epoch 185/200 loss 0.1471 train 1.0000 test 0.4028
epoch 186/200 loss 0.1467 train 0.9996 test 0.4020
epoch 187/200 loss 0.1468 train 1.0000 test 0.4011
epoch 188/200 loss 0.1465 train 1.0000 test 0.4008
epoch 189/200 loss 0.1462 train 1.0000 test 0.4013
epoch 190/200 loss 0.1463 train 1.0000 test 0.4022
epoch 191/200 loss 0.1461 train 1.0000 test 0.4025
epoch 192/200 loss 0.1461 train 1.0000 test 0.4017
epoch 193/200 loss 0.1465 train 1.0000 test 0.4017
epoch 194/200 loss 0.1464 train 0.9998 test 0.4022
epoch 195/200 loss 0.1459 train 0.9998 test 0.4017
epoch 196/200 loss 0.1465 train 0.9998 test 0.4007
epoch 197/200 loss 0.1464 train 1.0000 test 0.4014
epoch 198/200 loss 0.1462 train 1.0000 test 0.4027
epoch 199/200 loss 0.1464 train 1.0000 test 0.4010
epoch 200/200 loss 0.1466 train 1.0000 test 0.4017
done: final 0.4017 best 0.4028 -> ./runs/auxteach_10pct/seed0
moment-aux target calibrated on 1024 images
[auxteach_10pct seed1] {"params_trainable": 11285924, "params_stem_trainable": 0, "params_stem_fixed_filters": 0, "flops_total": 556705792, "flops_stem": 0, "flops_image_size": 32}
epoch 1/200 loss 4.7458 train 0.0353 test 0.0519
epoch 2/200 loss 4.4495 train 0.0613 test 0.0763
epoch 3/200 loss 4.2762 train 0.0787 test 0.0804
epoch 4/200 loss 4.1649 train 0.0917 test 0.0939
epoch 5/200 loss 4.0711 train 0.0996 test 0.1008
epoch 6/200 loss 3.9461 train 0.1186 test 0.1109
epoch 7/200 loss 3.8576 train 0.1388 test 0.1022
epoch 8/200 loss 3.7855 train 0.1446 test 0.1305
epoch 9/200 loss 3.7076 train 0.1573 test 0.1228
epoch 10/200 loss 3.6341 train 0.1713 test 0.1286
epoch 11/200 loss 3.5544 train 0.1765 test 0.1451
epoch 12/200 loss 3.4700 train 0.1969 test 0.1424
epoch 13/200 loss 3.3716 train 0.2183 test 0.1652
epoch 14/200 loss 3.2901 train 0.2340 test 0.1632
epoch 15/200 loss 3.2062 train 0.2422 test 0.1800
epoch 16/200 loss 3.0989 train 0.2668 test 0.1831
epoch 17/200 loss 3.0232 train 0.2845 test 0.1745
epoch 18/200 loss 2.9541 train 0.2907 test 0.1827
epoch 19/200 loss 2.8741 train 0.3041 test 0.2149
epoch 20/200 loss 2.7584 train 0.3271 test 0.2151
epoch 21/200 loss 2.6628 train 0.3538 test 0.2369
epoch 22/200 loss 2.5730 train 0.3654 test 0.2366
epoch 23/200 loss 2.4703 train 0.3838 test 0.2465
epoch 24/200 loss 2.3782 train 0.4077 test 0.2330
epoch 25/200 loss 2.3135 train 0.4137 test 0.2224
epoch 26/200 loss 2.1995 train 0.4395 test 0.2619
epoch 27/200 loss 2.0973 train 0.4645 test 0.2550
epoch 28/200 loss 2.0413 train 0.4724 test 0.2508
epoch 29/200 loss 1.9097 train 0.5078 test 0.2671
epoch 30/200 loss 1.8174 train 0.5286 test 0.2649
epoch 31/200 loss 1.7396 train 0.5499 test 0.2569
epoch 32/200 loss 1.6724 train 0.5697 test 0.2784
epoch 33/200 loss 1.6148 train 0.5897 test 0.2413
epoch 34/200 loss 1.4373 train 0.6284 test 0.2877
epoch 35/200 loss 1.3491 train 0.6502 test 0.2700
epoch 36/200 loss 1.3017 train 0.6739 test 0.2791
epoch 37/200 loss 1.2305 train 0.6873 test 0.2668
epoch 38/200 loss 1.1406 train 0.7196 test 0.2985
epoch 39/200 loss 1.0015 train 0.7558 test 0.2957
epoch 40/200 loss 0.9974 train 0.7582 test 0.2571
epoch 41/200 loss 0.9310 train 0.7758 test 0.2775
epoch 42/200 loss 0.8118 train 0.8083 test 0.2987
epoch 43/200 loss 0.7664 train 0.8217 test 0.2815
epoch 44/200 loss 0.7568 train 0.8243 test 0.3043
epoch 45/200 loss 0.7206 train 0.8319 test 0.2937
epoch 46/200 loss 0.6740 train 0.8570 test 0.2981
epoch 47/200 loss 0.6086 train 0.8766 test 0.3149
epoch 48/200 loss 0.5228 train 0.9006 test 0.2984
epoch 49/200 loss 0.5010 train 0.9071 test 0.3053
epoch 50/200 loss 0.5020 train 0.9028 test 0.3169
epoch 51/200 loss 0.5075 train 0.9040 test 0.3193
epoch 52/200 loss 0.5010 train 0.9016 test 0.2784
epoch 53/200 loss 0.4730 train 0.9129 test 0.3035
epoch 54/200 loss 0.4189 train 0.9391 test 0.3161
epoch 55/200 loss 0.3693 train 0.9469 test 0.3303
epoch 56/200 loss 0.3679 train 0.9497 test 0.3268
epoch 57/200 loss 0.3526 train 0.9521 test 0.3103
epoch 58/200 loss 0.3437 train 0.9541 test 0.3129
epoch 59/200 loss 0.3082 train 0.9681 test 0.3416
epoch 60/200 loss 0.2905 train 0.9736 test 0.3415
epoch 61/200 loss 0.2659 train 0.9820 test 0.3369
epoch 62/200 loss 0.2486 train 0.9850 test 0.3496
epoch 63/200 loss 0.2491 train 0.9850 test 0.3511
epoch 64/200 loss 0.2414 train 0.9866 test 0.3444
epoch 65/200 loss 0.2260 train 0.9910 test 0.3576
epoch 66/200 loss 0.2095 train 0.9948 test 0.3612
epoch 67/200 loss 0.2009 train 0.9966 test 0.3724
epoch 68/200 loss 0.1961 train 0.9970 test 0.3745
epoch 69/200 loss 0.1896 train 0.9978 test 0.3706
epoch 70/200 loss 0.1853 train 0.9988 test 0.3842
epoch 71/200 loss 0.1829 train 0.9986 test 0.3799
epoch 72/200 loss 0.1813 train 0.9984 test 0.3798
epoch 73/200 loss 0.1803 train 0.9980 test 0.3789
epoch 74/200 loss 0.1972 train 0.9950 test 0.3733
epoch 75/200 loss 0.1854 train 0.9980 test 0.3805
epoch 76/200 loss 0.1797 train 0.9978 test 0.3864
epoch 77/200 loss 0.1804 train 0.9976 test 0.3818
epoch 78/200 loss 0.1794 train 0.9982 test 0.3898
epoch 79/200 loss 0.1745 train 0.9994 test 0.3890
epoch 80/200 loss 0.1721 train 0.9998 test 0.3904
epoch 81/200 loss 0.1713 train 0.9994 test 0.3895
epoch 82/200 loss 0.1694 train 0.9998 test 0.3925
epoch 83/200 loss 0.1693 train 0.9998 test 0.3921
epoch 84/200 loss 0.1687 train 0.9996 test 0.3939
epoch 85/200 loss 0.1688 train 0.9998 test 0.3930
epoch 86/200 loss 0.1684 train 0.9996 test 0.3955
epoch 87/200 loss 0.1675 train 0.9998 test 0.3911
epoch 88/200 loss 0.1675 train 0.9998 test 0.3948
epoch 89/200 loss 0.1671 train 0.9996 test 0.3948
epoch 90/200 loss 0.1669 train 0.9998 test 0.3943
epoch 91/200 loss 0.1656 train 0.9996 test 0.3945
epoch 92/200 loss 0.1652 train 0.9998 test 0.3967
epoch 93/200 loss 0.1647 train 0.9998 test 0.3955
epoch 94/200 loss 0.1655 train 0.9996 test 0.3940
epoch 95/200 loss 0.1653 train 0.9998 test 0.3952
epoch 96/200 loss 0.1654 train 0.9996 test 0.3946
epoch 97/200 loss 0.1636 train 0.9998 test 0.3964
epoch 98/200 loss 0.1631 train 0.9996 test 0.3949
epoch 99/200 loss 0.1634 train 0.9998 test 0.3998
epoch 100/200 loss 0.1628 train 0.9996 test 0.3990
epoch 101/200 loss 0.1651 train 0.9992 test 0.3923
epoch 102/200 loss 0.1672 train 0.9996 test 0.3896
epoch 103/200 loss 0.1642 train 0.9996 test 0.3953
epoch 104/200 loss 0.1622 train 0.9998 test 0.3966
epoch 105/200 loss 0.1608 train 0.9998 test 0.4005
epoch 106/200 loss 0.1607 train 0.9998 test 0.3994
epoch 107/200 loss 0.1594 train 1.0000 test 0.3996
epoch 108/200 loss 0.1591 train 0.9998 test 0.3998
epoch 109/200 loss 0.1591 train 0.9996 test 0.3984
epoch 110/200 loss 0.1594 train 0.9998 test 0.3958
epoch 111/200 loss 0.1603 train 0.9994 test 0.3965
epoch 112/200 loss 0.1699 train 0.9982 test 0.3886
epoch 113/200 loss 0.1656 train 0.9994 test 0.3891
epoch 114/200 loss 0.1737 train 0.9984 test 0.3819
epoch 115/200 loss 0.2065 train 0.9922 test 0.3502
epoch 116/200 loss 0.2781 train 0.9804 test 0.3237
epoch 117/200 loss 0.4607 train 0.9263 test 0.2654
epoch 118/200 loss 0.8066 train 0.8163 test 0.2496
epoch 119/200 loss 0.7869 train 0.8271 test 0.2748
epoch 120/200 loss 0.5616 train 0.8980 test 0.3077
epoch 121/200 loss 0.3802 train 0.9525 test 0.3380
epoch 122/200 loss 0.2915 train 0.9768 test 0.3511
epoch 123/200 loss 0.2352 train 0.9902 test 0.3665
epoch 124/200 loss 0.2067 train 0.9950 test 0.3771
epoch 125/200 loss 0.1943 train 0.9960 test 0.3791
epoch 126/200 loss 0.1901 train 0.9956 test 0.3882
epoch 127/200 loss 0.1792 train 0.9984 test 0.3859
epoch 128/200 loss 0.1763 train 0.9984 test 0.3902
epoch 129/200 loss 0.1701 train 0.9996 test 0.3968
epoch 130/200 loss 0.1674 train 0.9994 test 0.3954
epoch 131/200 loss 0.1655 train 0.9994 test 0.3966
epoch 132/200 loss 0.1689 train 0.9988 test 0.3961
epoch 133/200 loss 0.1661 train 0.9998 test 0.3982
epoch 134/200 loss 0.1633 train 1.0000 test 0.3989
epoch 135/200 loss 0.1616 train 0.9996 test 0.4001
epoch 136/200 loss 0.1604 train 0.9996 test 0.3985
epoch 137/200 loss 0.1608 train 0.9998 test 0.4004
epoch 138/200 loss 0.1600 train 0.9998 test 0.3997
epoch 139/200 loss 0.1600 train 0.9996 test 0.4027
epoch 140/200 loss 0.1595 train 0.9998 test 0.4018
epoch 141/200 loss 0.1584 train 0.9998 test 0.4029
epoch 142/200 loss 0.1585 train 0.9998 test 0.4007
epoch 143/200 loss 0.1580 train 0.9998 test 0.4013
epoch 144/200 loss 0.1581 train 0.9998 test 0.4016
epoch 145/200 loss 0.1569 train 1.0000 test 0.4025
epoch 146/200 loss 0.1575 train 0.9998 test 0.4016
epoch 147/200 loss 0.1571 train 0.9998 test 0.4034
epoch 148/200 loss 0.1569 train 0.9998 test 0.4034
epoch 149/200 loss 0.1569 train 1.0000 test 0.4018
epoch 150/200 loss 0.1565 train 0.9998 test 0.4001
epoch 151/200 loss 0.1565 train 0.9998 test 0.4010
epoch 152/200 loss 0.1564 train 0.9996 test 0.4018
epoch 153/200 loss 0.1562 train 1.0000 test 0.4028
epoch 154/200 loss 0.1565 train 0.9998 test 0.4019
epoch 155/200 loss 0.1563 train 0.9996 test 0.4021
epoch 156/200 loss 0.1554 train 0.9998 test 0.4032
epoch 157/200 loss 0.1558 train 0.9998 test 0.4017
epoch 158/200 loss 0.1560 train 0.9996 test 0.4033
epoch 159/200 loss 0.1556 train 1.0000 test 0.4027
epoch 160/200 loss 0.1553 train 1.0000 test 0.4033
epoch 161/200 loss 0.1554 train 1.0000 test 0.4014
epoch 162/200 loss 0.1546 train 1.0000 test 0.4020
epoch 163/200 loss 0.1552 train 0.9996 test 0.4027
epoch 164/200 loss 0.1553 train 0.9996 test 0.4026
epoch 165/200 loss 0.1548 train 1.0000 test 0.4022
epoch 166/200 loss 0.1552 train 1.0000 test 0.4036
epoch 167/200 loss 0.1549 train 1.0000 test 0.4033
epoch 168/200 loss 0.1551 train 0.9998 test 0.4032
epoch 169/200 loss 0.1551 train 0.9996 test 0.4038
epoch 170/200 loss 0.1548 train 0.9998 test 0.4028
epoch 171/200 loss 0.1547 train 1.0000 test 0.4027
epoch 172/200 loss 0.1540 train 1.0000 test 0.4036
epoch 173/200 loss 0.1545 train 0.9998 test 0.4052
epoch 174/200 loss 0.1546 train 1.0000 test 0.4055
epoch 175/200 loss 0.1541 train 0.9998 test 0.4046
epoch 176/200 loss 0.1548 train 1.0000 test 0.4041
epoch 177/200 loss 0.1541 train 0.9998 test 0.4040
epoch 178/200 loss 0.1547 train 1.0000 test 0.4034
epoch 179/200 loss 0.1548 train 1.0000 test 0.4028
epoch 180/200 loss 0.1545 train 1.0000 test 0.4034
epoch 181/200 loss 0.1542 train 1.0000 test 0.4029
epoch 182/200 loss 0.1544 train 1.0000 test 0.4041
epoch 183/200 loss 0.1538 train 1.0000 test 0.4034
epoch 184/200 loss 0.1543 train 0.9998 test 0.4045
epoch 185/200 loss 0.1541 train 1.0000 test 0.4032
epoch 186/200 loss 0.1543 train 1.0000 test 0.4047
epoch 187/200 loss 0.1540 train 1.0000 test 0.4045
epoch 188/200 loss 0.1539 train 1.0000 test 0.4034
epoch 189/200 loss 0.1545 train 0.9998 test 0.4045
epoch 190/200 loss 0.1539 train 1.0000 test 0.4037
epoch 191/200 loss 0.1542 train 1.0000 test 0.4039
epoch 192/200 loss 0.1537 train 1.0000 test 0.4036
epoch 193/200 loss 0.1544 train 1.0000 test 0.4030
epoch 194/200 loss 0.1536 train 1.0000 test 0.4040
epoch 195/200 loss 0.1541 train 0.9998 test 0.4047
epoch 196/200 loss 0.1539 train 0.9998 test 0.4041
epoch 197/200 loss 0.1537 train 1.0000 test 0.4036
epoch 198/200 loss 0.1539 train 1.0000 test 0.4056
epoch 199/200 loss 0.1542 train 1.0000 test 0.4038
epoch 200/200 loss 0.1542 train 1.0000 test 0.4041
done: final 0.4041 best 0.4056 -> ./runs/auxteach_10pct/seed1
moment-aux target calibrated on 1024 images
[auxteach_10pct seed2] {"params_trainable": 11285924, "params_stem_trainable": 0, "params_stem_fixed_filters": 0, "flops_total": 556705792, "flops_stem": 0, "flops_image_size": 32}
epoch 1/200 loss 4.7298 train 0.0351 test 0.0619
epoch 2/200 loss 4.4193 train 0.0685 test 0.0755
epoch 3/200 loss 4.2704 train 0.0831 test 0.0778
epoch 4/200 loss 4.1430 train 0.0984 test 0.0955
epoch 5/200 loss 4.0429 train 0.1176 test 0.0984
epoch 6/200 loss 3.9362 train 0.1200 test 0.1155
epoch 7/200 loss 3.8750 train 0.1356 test 0.1121
epoch 8/200 loss 3.7921 train 0.1524 test 0.1348
epoch 9/200 loss 3.7183 train 0.1560 test 0.1410
epoch 10/200 loss 3.6339 train 0.1763 test 0.1285
epoch 11/200 loss 3.5392 train 0.1861 test 0.1595
epoch 12/200 loss 3.4429 train 0.2045 test 0.1600
epoch 13/200 loss 3.3995 train 0.2035 test 0.1764
epoch 14/200 loss 3.2979 train 0.2306 test 0.1780
epoch 15/200 loss 3.2020 train 0.2490 test 0.1785
epoch 16/200 loss 3.1203 train 0.2650 test 0.1605
epoch 17/200 loss 3.0167 train 0.2808 test 0.2026
epoch 18/200 loss 2.9165 train 0.3011 test 0.1867
epoch 19/200 loss 2.8572 train 0.3117 test 0.2107
epoch 20/200 loss 2.7742 train 0.3281 test 0.2105
epoch 21/200 loss 2.6757 train 0.3486 test 0.2399
epoch 22/200 loss 2.5949 train 0.3638 test 0.2390
epoch 23/200 loss 2.4589 train 0.3908 test 0.2065
epoch 24/200 loss 2.3766 train 0.4060 test 0.2452
epoch 25/200 loss 2.3059 train 0.4161 test 0.2375
epoch 26/200 loss 2.1950 train 0.4509 test 0.2333
epoch 27/200 loss 2.1133 train 0.4589 test 0.2384
epoch 28/200 loss 2.0577 train 0.4812 test 0.2415
epoch 29/200 loss 1.9388 train 0.5050 test 0.2533
epoch 30/200 loss 1.8648 train 0.5224 test 0.2620
epoch 31/200 loss 1.7665 train 0.5427 test 0.2664
epoch 32/200 loss 1.6768 train 0.5687 test 0.2508
epoch 33/200 loss 1.5455 train 0.5964 test 0.2708
epoch 34/200 loss 1.4931 train 0.6132 test 0.2702
epoch 35/200 loss 1.3897 train 0.6601 test 0.2768
epoch 36/200 loss 1.3184 train 0.6677 test 0.2828
epoch 37/200 loss 1.2663 train 0.6751 test 0.2881
epoch 38/200 loss 1.1689 train 0.6961 test 0.2875
epoch 39/200 loss 1.0818 train 0.7252 test 0.2869
epoch 40/200 loss 0.9567 train 0.7658 test 0.2966
epoch 41/200 loss 0.9148 train 0.7734 test 0.2792
epoch 42/200 loss 0.8588 train 0.7961 test 0.2962
epoch 43/200 loss 0.8044 train 0.8109 test 0.2935
epoch 44/200 loss 0.7825 train 0.8145 test 0.2802
epoch 45/200 loss 0.6969 train 0.8405 test 0.3233
epoch 46/200 loss 0.6341 train 0.8634 test 0.3051
epoch 47/200 loss 0.5918 train 0.8820 test 0.3223
epoch 48/200 loss 0.6028 train 0.8698 test 0.3114
epoch 49/200 loss 0.5463 train 0.8928 test 0.3034
epoch 50/200 loss 0.5317 train 0.8940 test 0.3210
epoch 51/200 loss 0.5082 train 0.9000 test 0.3026
epoch 52/200 loss 0.4605 train 0.9205 test 0.3212
epoch 53/200 loss 0.4442 train 0.9207 test 0.3117
epoch 54/200 loss 0.4083 train 0.9337 test 0.3247
epoch 55/200 loss 0.4155 train 0.9315 test 0.3233
epoch 56/200 loss 0.3953 train 0.9361 test 0.3145
epoch 57/200 loss 0.3707 train 0.9475 test 0.3147
epoch 58/200 loss 0.3577 train 0.9503 test 0.3227
epoch 59/200 loss 0.3424 train 0.9563 test 0.2955
epoch 60/200 loss 0.3481 train 0.9527 test 0.3240
epoch 61/200 loss 0.3107 train 0.9663 test 0.3369
epoch 62/200 loss 0.2860 train 0.9766 test 0.3524
epoch 63/200 loss 0.2545 train 0.9830 test 0.3542
epoch 64/200 loss 0.2387 train 0.9868 test 0.3484
epoch 65/200 loss 0.2259 train 0.9908 test 0.3573
epoch 66/200 loss 0.2126 train 0.9932 test 0.3684
epoch 67/200 loss 0.2108 train 0.9930 test 0.3729
epoch 68/200 loss 0.2007 train 0.9960 test 0.3723
epoch 69/200 loss 0.1943 train 0.9968 test 0.3772
epoch 70/200 loss 0.1867 train 0.9980 test 0.3847
epoch 71/200 loss 0.1833 train 0.9990 test 0.3810
epoch 72/200 loss 0.1777 train 0.9994 test 0.3887
epoch 73/200 loss 0.1758 train 0.9996 test 0.3909
epoch 74/200 loss 0.1758 train 0.9994 test 0.3913
epoch 75/200 loss 0.1734 train 0.9998 test 0.3937
epoch 76/200 loss 0.1758 train 0.9990 test 0.3872
epoch 77/200 loss 0.1725 train 0.9998 test 0.3925
epoch 78/200 loss 0.1721 train 0.9996 test 0.3970
epoch 79/200 loss 0.1708 train 0.9996 test 0.3910
epoch 80/200 loss 0.1705 train 0.9998 test 0.3946
epoch 81/200 loss 0.1696 train 1.0000 test 0.3937
epoch 82/200 loss 0.1695 train 0.9996 test 0.3968
epoch 83/200 loss 0.1680 train 0.9996 test 0.3969
epoch 84/200 loss 0.1692 train 0.9998 test 0.3953
epoch 85/200 loss 0.1689 train 0.9996 test 0.3953
epoch 86/200 loss 0.1679 train 0.9998 test 0.3974
epoch 87/200 loss 0.1672 train 0.9998 test 0.3975
epoch 88/200 loss 0.1667 train 0.9998 test 0.3960
epoch 89/200 loss 0.1663 train 0.9998 test 0.3973
epoch 90/200 loss 0.1667 train 0.9996 test 0.3985
epoch 91/200 loss 0.1659 train 0.9998 test 0.3999
epoch 92/200 loss 0.1654 train 0.9998 test 0.3987
epoch 93/200 loss 0.1659 train 0.9996 test 0.3975
epoch 94/200 loss 0.1647 train 0.9998 test 0.3958
epoch 95/200 loss 0.1642 train 0.9996 test 0.3993
epoch 96/200 loss 0.1637 train 0.9996 test 0.3979
epoch 97/200 loss 0.1633 train 0.9998 test 0.3998
epoch 98/200 loss 0.1635 train 0.9998 test 0.4000
epoch 99/200 loss 0.1629 train 0.9996 test 0.3991
epoch 100/200 loss 0.1627 train 0.9996 test 0.3996
epoch 101/200 loss 0.1626 train 0.9998 test 0.3996
epoch 102/200 loss 0.1625 train 0.9996 test 0.3999
epoch 103/200 loss 0.1615 train 0.9996 test 0.3993
epoch 104/200 loss 0.1608 train 0.9998 test 0.4005
epoch 105/200 loss 0.1612 train 0.9998 test 0.4022
epoch 106/200 loss 0.1603 train 0.9998 test 0.4015
epoch 107/200 loss 0.1596 train 0.9998 test 0.4001
epoch 108/200 loss 0.1598 train 0.9996 test 0.4036
epoch 109/200 loss 0.1594 train 0.9998 test 0.4019
epoch 110/200 loss 0.1585 train 0.9996 test 0.4028
epoch 111/200 loss 0.1599 train 0.9994 test 0.3928
epoch 112/200 loss 0.1629 train 0.9992 test 0.3928
epoch 113/200 loss 0.1727 train 0.9972 test 0.3636
epoch 114/200 loss 0.2471 train 0.9834 test 0.3197
epoch 115/200 loss 0.5252 train 0.9133 test 0.2558
epoch 116/200 loss 0.8300 train 0.8103 test 0.2702
epoch 117/200 loss 0.7587 train 0.8431 test 0.2898
epoch 118/200 loss 0.4922 train 0.9215 test 0.3213
epoch 119/200 loss 0.3571 train 0.9617 test 0.3393
epoch 120/200 loss 0.2967 train 0.9720 test 0.3438
epoch 121/200 loss 0.2574 train 0.9846 test 0.3611
epoch 122/200 loss 0.2224 train 0.9916 test 0.3667
epoch 123/200 loss 0.1951 train 0.9962 test 0.3793
epoch 124/200 loss 0.1889 train 0.9956 test 0.3808
epoch 125/200 loss 0.1799 train 0.9982 test 0.3886
epoch 126/200 loss 0.1731 train 0.9986 test 0.3946
epoch 127/200 loss 0.1676 train 0.9998 test 0.3991
epoch 128/200 loss 0.1646 train 0.9998 test 0.3986
epoch 129/200 loss 0.1662 train 0.9988 test 0.4010
epoch 130/200 loss 0.1637 train 0.9996 test 0.4002
epoch 131/200 loss 0.1629 train 0.9996 test 0.4023
epoch 132/200 loss 0.1620 train 1.0000 test 0.4000
epoch 133/200 loss 0.1609 train 0.9998 test 0.3983
epoch 134/200 loss 0.1604 train 0.9998 test 0.4034
epoch 135/200 loss 0.1601 train 0.9996 test 0.4025
epoch 136/200 loss 0.1602 train 0.9998 test 0.4027
epoch 137/200 loss 0.1595 train 0.9996 test 0.4023
epoch 138/200 loss 0.1589 train 0.9998 test 0.4037
epoch 139/200 loss 0.1584 train 0.9998 test 0.4030
epoch 140/200 loss 0.1581 train 0.9998 test 0.4023
epoch 141/200 loss 0.1581 train 0.9998 test 0.4026
epoch 142/200 loss 0.1578 train 0.9998 test 0.4022
epoch 143/200 loss 0.1573 train 0.9998 test 0.4018
epoch 144/200 loss 0.1575 train 0.9998 test 0.4034
epoch 145/200 loss 0.1571 train 0.9998 test 0.4030
epoch 146/200 loss 0.1570 train 0.9998 test 0.4032
epoch 147/200 loss 0.1572 train 0.9998 test 0.4019
epoch 148/200 loss 0.1560 train 0.9996 test 0.4025
epoch 149/200 loss 0.1561 train 0.9996 test 0.4044
epoch 150/200 loss 0.1567 train 0.9998 test 0.4052
epoch 151/200 loss 0.1561 train 0.9996 test 0.4045
epoch 152/200 loss 0.1564 train 1.0000 test 0.4042
epoch 153/200 loss 0.1558 train 0.9996 test 0.4042
epoch 154/200 loss 0.1555 train 1.0000 test 0.4036
epoch 155/200 loss 0.1560 train 0.9996 test 0.4066
epoch 156/200 loss 0.1554 train 0.9998 test 0.4057
epoch 157/200 loss 0.1553 train 1.0000 test 0.4055
epoch 158/200 loss 0.1552 train 0.9996 test 0.4046
epoch 159/200 loss 0.1554 train 0.9996 test 0.4058
epoch 160/200 loss 0.1550 train 0.9998 test 0.4058
epoch 161/200 loss 0.1548 train 0.9998 test 0.4040
epoch 162/200 loss 0.1552 train 0.9998 test 0.4055
epoch 163/200 loss 0.1551 train 0.9998 test 0.4051
epoch 164/200 loss 0.1546 train 0.9998 test 0.4050
epoch 165/200 loss 0.1542 train 1.0000 test 0.4043
epoch 166/200 loss 0.1548 train 1.0000 test 0.4046
epoch 167/200 loss 0.1550 train 0.9998 test 0.4055
epoch 168/200 loss 0.1542 train 1.0000 test 0.4038
epoch 169/200 loss 0.1548 train 1.0000 test 0.4032
epoch 170/200 loss 0.1549 train 1.0000 test 0.4046
epoch 171/200 loss 0.1540 train 1.0000 test 0.4032
epoch 172/200 loss 0.1546 train 0.9998 test 0.4043
epoch 173/200 loss 0.1540 train 0.9998 test 0.4047
epoch 174/200 loss 0.1543 train 0.9998 test 0.4036
epoch 175/200 loss 0.1542 train 1.0000 test 0.4036
epoch 176/200 loss 0.1539 train 1.0000 test 0.4037
epoch 177/200 loss 0.1546 train 0.9998 test 0.4045
epoch 178/200 loss 0.1540 train 0.9998 test 0.4032
epoch 179/200 loss 0.1539 train 1.0000 test 0.4041
epoch 180/200 loss 0.1540 train 0.9998 test 0.4050
epoch 181/200 loss 0.1544 train 1.0000 test 0.4041
epoch 182/200 loss 0.1538 train 1.0000 test 0.4042
epoch 183/200 loss 0.1540 train 1.0000 test 0.4048
epoch 184/200 loss 0.1536 train 1.0000 test 0.4051
epoch 185/200 loss 0.1533 train 1.0000 test 0.4049
epoch 186/200 loss 0.1540 train 1.0000 test 0.4046
epoch 187/200 loss 0.1543 train 1.0000 test 0.4038
epoch 188/200 loss 0.1537 train 0.9998 test 0.4049
epoch 189/200 loss 0.1536 train 1.0000 test 0.4040
epoch 190/200 loss 0.1536 train 1.0000 test 0.4060
epoch 191/200 loss 0.1542 train 1.0000 test 0.4045
epoch 192/200 loss 0.1537 train 0.9998 test 0.4058
epoch 193/200 loss 0.1539 train 1.0000 test 0.4047
epoch 194/200 loss 0.1536 train 1.0000 test 0.4050
epoch 195/200 loss 0.1538 train 1.0000 test 0.4059
epoch 196/200 loss 0.1536 train 1.0000 test 0.4045
epoch 197/200 loss 0.1535 train 1.0000 test 0.4061
epoch 198/200 loss 0.1541 train 0.9998 test 0.4056
epoch 199/200 loss 0.1538 train 0.9998 test 0.4052
epoch 200/200 loss 0.1536 train 1.0000 test 0.4044
done: final 0.4044 best 0.4066 -> ./runs/auxteach_10pct/seed2
AUXCTRL_auxteach_10pct_DONE
moment-aux target calibrated on 1024 images
[auxhog_10pct seed0] {"params_trainable": 11222445, "params_stem_trainable": 0, "params_stem_fixed_filters": 0, "flops_total": 556705792, "flops_stem": 0, "flops_image_size": 32}
epoch 1/200 loss 4.5931 train 0.0353 test 0.0524
epoch 2/200 loss 4.2521 train 0.0691 test 0.0563
epoch 3/200 loss 4.0799 train 0.0827 test 0.0853
epoch 4/200 loss 3.9302 train 0.0952 test 0.0883
epoch 5/200 loss 3.8348 train 0.1118 test 0.1012
epoch 6/200 loss 3.7327 train 0.1284 test 0.1122
epoch 7/200 loss 3.6399 train 0.1342 test 0.1193
epoch 8/200 loss 3.5473 train 0.1615 test 0.1041
epoch 9/200 loss 3.4879 train 0.1671 test 0.1430
epoch 10/200 loss 3.3988 train 0.1835 test 0.1436
epoch 11/200 loss 3.3071 train 0.1941 test 0.1591
epoch 12/200 loss 3.2209 train 0.2149 test 0.1672
epoch 13/200 loss 3.1411 train 0.2340 test 0.1690
epoch 14/200 loss 3.0670 train 0.2394 test 0.1690
epoch 15/200 loss 2.9412 train 0.2642 test 0.1666
epoch 16/200 loss 2.8686 train 0.2794 test 0.1949
epoch 17/200 loss 2.7801 train 0.2931 test 0.1939
epoch 18/200 loss 2.7157 train 0.3045 test 0.2193
epoch 19/200 loss 2.5885 train 0.3297 test 0.2303
epoch 20/200 loss 2.5615 train 0.3403 test 0.2387
epoch 21/200 loss 2.4538 train 0.3530 test 0.2324
epoch 22/200 loss 2.3282 train 0.3792 test 0.2402
epoch 23/200 loss 2.2605 train 0.3930 test 0.2398
epoch 24/200 loss 2.1500 train 0.4249 test 0.2446
epoch 25/200 loss 2.0884 train 0.4289 test 0.2469
epoch 26/200 loss 1.9695 train 0.4597 test 0.2549
epoch 27/200 loss 1.8826 train 0.4832 test 0.2553
epoch 28/200 loss 1.7944 train 0.5030 test 0.2854
epoch 29/200 loss 1.6803 train 0.5327 test 0.2662
epoch 30/200 loss 1.6166 train 0.5451 test 0.2675
epoch 31/200 loss 1.5581 train 0.5563 test 0.2826
epoch 32/200 loss 1.4385 train 0.5903 test 0.2817
epoch 33/200 loss 1.3080 train 0.6194 test 0.2798
epoch 34/200 loss 1.2817 train 0.6242 test 0.2501
epoch 35/200 loss 1.1881 train 0.6583 test 0.2791
epoch 36/200 loss 1.1056 train 0.6801 test 0.2759
epoch 37/200 loss 1.0113 train 0.6991 test 0.2874
epoch 38/200 loss 0.9305 train 0.7318 test 0.2691
epoch 39/200 loss 0.8456 train 0.7446 test 0.3014
epoch 40/200 loss 0.8251 train 0.7568 test 0.2986
epoch 41/200 loss 0.7580 train 0.7764 test 0.3204
epoch 42/200 loss 0.6899 train 0.8003 test 0.2910
epoch 43/200 loss 0.6504 train 0.8113 test 0.3025
epoch 44/200 loss 0.5414 train 0.8494 test 0.3094
epoch 45/200 loss 0.4848 train 0.8652 test 0.2821
epoch 46/200 loss 0.4585 train 0.8676 test 0.3059
epoch 47/200 loss 0.4799 train 0.8598 test 0.3189
epoch 48/200 loss 0.4851 train 0.8586 test 0.2820
epoch 49/200 loss 0.4461 train 0.8746 test 0.3009
epoch 50/200 loss 0.4177 train 0.8816 test 0.3016
epoch 51/200 loss 0.3202 train 0.9161 test 0.3212
epoch 52/200 loss 0.2623 train 0.9357 test 0.3212
epoch 53/200 loss 0.2532 train 0.9413 test 0.3375
epoch 54/200 loss 0.2237 train 0.9431 test 0.3228
epoch 55/200 loss 0.2384 train 0.9421 test 0.3442
epoch 56/200 loss 0.2468 train 0.9391 test 0.3224
epoch 57/200 loss 0.2828 train 0.9263 test 0.3117
epoch 58/200 loss 0.2658 train 0.9337 test 0.3221
epoch 59/200 loss 0.2361 train 0.9407 test 0.3148
epoch 60/200 loss 0.2007 train 0.9535 test 0.3089
epoch 61/200 loss 0.1785 train 0.9599 test 0.3382
epoch 62/200 loss 0.1480 train 0.9698 test 0.3372
epoch 63/200 loss 0.1276 train 0.9766 test 0.3417
epoch 64/200 loss 0.1065 train 0.9844 test 0.3576
epoch 65/200 loss 0.0921 train 0.9864 test 0.3569
epoch 66/200 loss 0.0839 train 0.9890 test 0.3535
epoch 67/200 loss 0.0826 train 0.9902 test 0.3604
epoch 68/200 loss 0.0712 train 0.9922 test 0.3680
epoch 69/200 loss 0.0571 train 0.9964 test 0.3656
epoch 70/200 loss 0.0549 train 0.9956 test 0.3781
epoch 71/200 loss 0.0529 train 0.9950 test 0.3799
epoch 72/200 loss 0.0453 train 0.9982 test 0.3895
epoch 73/200 loss 0.0410 train 0.9978 test 0.3897
epoch 74/200 loss 0.0389 train 0.9980 test 0.3864
epoch 75/200 loss 0.0458 train 0.9976 test 0.3879
epoch 76/200 loss 0.0381 train 0.9982 test 0.3960
epoch 77/200 loss 0.0421 train 0.9972 test 0.3828
epoch 78/200 loss 0.0369 train 0.9990 test 0.3973
epoch 79/200 loss 0.0357 train 0.9982 test 0.3925
epoch 80/200 loss 0.0383 train 0.9982 test 0.3931
epoch 81/200 loss 0.0383 train 0.9982 test 0.3937
epoch 82/200 loss 0.0346 train 0.9988 test 0.3974
epoch 83/200 loss 0.0396 train 0.9982 test 0.3914
epoch 84/200 loss 0.0369 train 0.9988 test 0.3980
epoch 85/200 loss 0.0303 train 0.9996 test 0.4028
epoch 86/200 loss 0.0277 train 0.9998 test 0.4051
epoch 87/200 loss 0.0266 train 0.9998 test 0.4070
epoch 88/200 loss 0.0266 train 0.9998 test 0.4036
epoch 89/200 loss 0.0260 train 0.9998 test 0.4083
epoch 90/200 loss 0.0265 train 0.9996 test 0.4087
epoch 91/200 loss 0.0259 train 0.9996 test 0.4089
epoch 92/200 loss 0.0254 train 0.9998 test 0.4054
epoch 93/200 loss 0.0255 train 0.9996 test 0.4094
epoch 94/200 loss 0.0254 train 0.9998 test 0.4074
epoch 95/200 loss 0.0260 train 0.9994 test 0.4074
epoch 96/200 loss 0.0263 train 0.9998 test 0.4039
epoch 97/200 loss 0.0255 train 0.9998 test 0.4109
epoch 98/200 loss 0.0253 train 0.9996 test 0.4098
epoch 99/200 loss 0.0251 train 0.9998 test 0.4091
epoch 100/200 loss 0.0249 train 0.9996 test 0.4066
epoch 101/200 loss 0.0243 train 0.9998 test 0.4102
epoch 102/200 loss 0.0244 train 0.9998 test 0.4094
epoch 103/200 loss 0.0245 train 0.9996 test 0.4089
epoch 104/200 loss 0.0243 train 0.9998 test 0.4089
epoch 105/200 loss 0.0243 train 0.9998 test 0.4076
epoch 106/200 loss 0.0237 train 0.9998 test 0.4128
epoch 107/200 loss 0.0237 train 0.9996 test 0.4091
epoch 108/200 loss 0.0234 train 1.0000 test 0.4121
epoch 109/200 loss 0.0236 train 0.9996 test 0.4139
epoch 110/200 loss 0.0233 train 0.9998 test 0.4099
epoch 111/200 loss 0.0234 train 0.9998 test 0.4134
epoch 112/200 loss 0.0234 train 0.9998 test 0.4132
epoch 113/200 loss 0.0230 train 0.9998 test 0.4112
epoch 114/200 loss 0.0228 train 0.9996 test 0.4098
epoch 115/200 loss 0.0230 train 0.9996 test 0.4063
epoch 116/200 loss 0.0225 train 0.9998 test 0.4105
epoch 117/200 loss 0.0223 train 0.9998 test 0.4120
epoch 118/200 loss 0.0225 train 0.9998 test 0.4109
epoch 119/200 loss 0.0221 train 0.9998 test 0.4092
epoch 120/200 loss 0.0222 train 0.9998 test 0.4108
epoch 121/200 loss 0.0222 train 0.9996 test 0.4118
epoch 122/200 loss 0.0219 train 0.9998 test 0.4095
epoch 123/200 loss 0.0217 train 0.9998 test 0.4146
epoch 124/200 loss 0.0216 train 0.9998 test 0.4107
epoch 125/200 loss 0.0218 train 0.9996 test 0.4107
epoch 126/200 loss 0.0217 train 0.9998 test 0.4114
epoch 127/200 loss 0.0217 train 0.9998 test 0.4093
epoch 128/200 loss 0.0211 train 0.9998 test 0.4119
epoch 129/200 loss 0.0211 train 0.9998 test 0.4107
epoch 130/200 loss 0.0206 train 0.9998 test 0.4137
epoch 131/200 loss 0.0209 train 0.9998 test 0.4117
epoch 132/200 loss 0.0207 train 0.9998 test 0.4102
epoch 133/200 loss 0.0205 train 0.9996 test 0.4147
epoch 134/200 loss 0.0202 train 0.9998 test 0.4117
epoch 135/200 loss 0.0204 train 0.9996 test 0.4141
epoch 136/200 loss 0.0201 train 0.9998 test 0.4125
epoch 137/200 loss 0.0199 train 0.9996 test 0.4118
epoch 138/200 loss 0.0199 train 0.9998 test 0.4136
epoch 139/200 loss 0.0196 train 0.9998 test 0.4143
epoch 140/200 loss 0.0199 train 0.9996 test 0.4144
epoch 141/200 loss 0.0200 train 0.9998 test 0.4125
epoch 142/200 loss 0.0196 train 0.9996 test 0.4128
epoch 143/200 loss 0.0196 train 0.9998 test 0.4159
epoch 144/200 loss 0.0197 train 0.9998 test 0.4139
epoch 145/200 loss 0.0192 train 0.9998 test 0.4162
epoch 146/200 loss 0.0191 train 1.0000 test 0.4153
epoch 147/200 loss 0.0189 train 1.0000 test 0.4137
epoch 148/200 loss 0.0190 train 0.9996 test 0.4150
epoch 149/200 loss 0.0192 train 0.9998 test 0.4147
epoch 150/200 loss 0.0188 train 0.9998 test 0.4137
epoch 151/200 loss 0.0187 train 0.9998 test 0.4131
epoch 152/200 loss 0.0189 train 0.9998 test 0.4118
epoch 153/200 loss 0.0185 train 0.9998 test 0.4129
epoch 154/200 loss 0.0188 train 1.0000 test 0.4112
epoch 155/200 loss 0.0188 train 0.9998 test 0.4154
epoch 156/200 loss 0.0185 train 0.9998 test 0.4125
epoch 157/200 loss 0.0182 train 0.9998 test 0.4144
epoch 158/200 loss 0.0184 train 1.0000 test 0.4148
epoch 159/200 loss 0.0182 train 1.0000 test 0.4142
epoch 160/200 loss 0.0185 train 0.9996 test 0.4128
epoch 161/200 loss 0.0182 train 1.0000 test 0.4128
epoch 162/200 loss 0.0183 train 1.0000 test 0.4129
epoch 163/200 loss 0.0183 train 0.9996 test 0.4143
epoch 164/200 loss 0.0179 train 0.9998 test 0.4135
epoch 165/200 loss 0.0181 train 0.9998 test 0.4134
epoch 166/200 loss 0.0182 train 0.9996 test 0.4142
epoch 167/200 loss 0.0181 train 1.0000 test 0.4150
epoch 168/200 loss 0.0182 train 0.9998 test 0.4150
epoch 169/200 loss 0.0181 train 1.0000 test 0.4145
epoch 170/200 loss 0.0180 train 0.9998 test 0.4142
epoch 171/200 loss 0.0180 train 0.9998 test 0.4132
epoch 172/200 loss 0.0182 train 0.9998 test 0.4120
epoch 173/200 loss 0.0179 train 0.9998 test 0.4117
epoch 174/200 loss 0.0177 train 0.9998 test 0.4122
epoch 175/200 loss 0.0178 train 1.0000 test 0.4116
epoch 176/200 loss 0.0179 train 0.9998 test 0.4121
epoch 177/200 loss 0.0177 train 1.0000 test 0.4135
epoch 178/200 loss 0.0178 train 0.9998 test 0.4134
epoch 179/200 loss 0.0178 train 1.0000 test 0.4120
epoch 180/200 loss 0.0177 train 1.0000 test 0.4122
epoch 181/200 loss 0.0178 train 1.0000 test 0.4123
epoch 182/200 loss 0.0179 train 1.0000 test 0.4125
epoch 183/200 loss 0.0176 train 1.0000 test 0.4141
epoch 184/200 loss 0.0176 train 1.0000 test 0.4132
epoch 185/200 loss 0.0177 train 1.0000 test 0.4129
epoch 186/200 loss 0.0178 train 0.9996 test 0.4130
epoch 187/200 loss 0.0176 train 1.0000 test 0.4115
epoch 188/200 loss 0.0177 train 1.0000 test 0.4130
epoch 189/200 loss 0.0176 train 0.9998 test 0.4106
epoch 190/200 loss 0.0176 train 0.9998 test 0.4114
epoch 191/200 loss 0.0172 train 1.0000 test 0.4124
epoch 192/200 loss 0.0173 train 1.0000 test 0.4124
epoch 193/200 loss 0.0176 train 1.0000 test 0.4110
epoch 194/200 loss 0.0176 train 0.9998 test 0.4118
epoch 195/200 loss 0.0175 train 0.9998 test 0.4127
epoch 196/200 loss 0.0174 train 0.9998 test 0.4124
epoch 197/200 loss 0.0175 train 1.0000 test 0.4137
epoch 198/200 loss 0.0175 train 1.0000 test 0.4123
epoch 199/200 loss 0.0175 train 1.0000 test 0.4114
epoch 200/200 loss 0.0174 train 1.0000 test 0.4129
done: final 0.4129 best 0.4162 -> ./runs/auxhog_10pct/seed0
moment-aux target calibrated on 1024 images
[auxhog_10pct seed1] {"params_trainable": 11222445, "params_stem_trainable": 0, "params_stem_fixed_filters": 0, "flops_total": 556705792, "flops_stem": 0, "flops_image_size": 32}
epoch 1/200 loss 4.5873 train 0.0335 test 0.0498
epoch 2/200 loss 4.2841 train 0.0609 test 0.0784
epoch 3/200 loss 4.0901 train 0.0813 test 0.0781
epoch 4/200 loss 3.9566 train 0.0990 test 0.0944
epoch 5/200 loss 3.8603 train 0.1020 test 0.1105
epoch 6/200 loss 3.7307 train 0.1250 test 0.1171
epoch 7/200 loss 3.6380 train 0.1416 test 0.1085
epoch 8/200 loss 3.5464 train 0.1536 test 0.1377
epoch 9/200 loss 3.4703 train 0.1709 test 0.1376
epoch 10/200 loss 3.3968 train 0.1897 test 0.1367
epoch 11/200 loss 3.3098 train 0.1871 test 0.1407
epoch 12/200 loss 3.2432 train 0.2107 test 0.1609
epoch 13/200 loss 3.1514 train 0.2246 test 0.1952
epoch 14/200 loss 3.0572 train 0.2494 test 0.1793
epoch 15/200 loss 2.9792 train 0.2542 test 0.1868
epoch 16/200 loss 2.8674 train 0.2794 test 0.1959
epoch 17/200 loss 2.7779 train 0.2931 test 0.1882
epoch 18/200 loss 2.7077 train 0.3047 test 0.1963
epoch 19/200 loss 2.6260 train 0.3205 test 0.2001
epoch 20/200 loss 2.5355 train 0.3367 test 0.2243
epoch 21/200 loss 2.4395 train 0.3580 test 0.2350
epoch 22/200 loss 2.3247 train 0.3814 test 0.2361
epoch 23/200 loss 2.2486 train 0.3922 test 0.2429
epoch 24/200 loss 2.1517 train 0.4145 test 0.2442
epoch 25/200 loss 2.0540 train 0.4369 test 0.2247
epoch 26/200 loss 1.9893 train 0.4485 test 0.2431
epoch 27/200 loss 1.9377 train 0.4677 test 0.2711
epoch 28/200 loss 1.8184 train 0.4970 test 0.2622
epoch 29/200 loss 1.7169 train 0.5140 test 0.2693
epoch 30/200 loss 1.5864 train 0.5567 test 0.2739
epoch 31/200 loss 1.5478 train 0.5629 test 0.2608
epoch 32/200 loss 1.4647 train 0.5793 test 0.2787
epoch 33/200 loss 1.3472 train 0.6120 test 0.2828
epoch 34/200 loss 1.2348 train 0.6440 test 0.2723
epoch 35/200 loss 1.1995 train 0.6476 test 0.2785
epoch 36/200 loss 1.1486 train 0.6737 test 0.2871
epoch 37/200 loss 1.0453 train 0.6997 test 0.3193
epoch 38/200 loss 0.9125 train 0.7288 test 0.3019
epoch 39/200 loss 0.8430 train 0.7530 test 0.3027
epoch 40/200 loss 0.8547 train 0.7516 test 0.2678
epoch 41/200 loss 0.8289 train 0.7536 test 0.2686
epoch 42/200 loss 0.7217 train 0.7867 test 0.3361
epoch 43/200 loss 0.6208 train 0.8183 test 0.3191
epoch 44/200 loss 0.6273 train 0.8229 test 0.3004
epoch 45/200 loss 0.5679 train 0.8377 test 0.3139
epoch 46/200 loss 0.4612 train 0.8728 test 0.3153
epoch 47/200 loss 0.4211 train 0.8870 test 0.3181
epoch 48/200 loss 0.3876 train 0.8922 test 0.3073
epoch 49/200 loss 0.3699 train 0.8964 test 0.3077
epoch 50/200 loss 0.4032 train 0.8890 test 0.3227
epoch 51/200 loss 0.3695 train 0.8974 test 0.3225
epoch 52/200 loss 0.3428 train 0.9065 test 0.3090
epoch 53/200 loss 0.3617 train 0.9060 test 0.3139
epoch 54/200 loss 0.3124 train 0.9203 test 0.3306
epoch 55/200 loss 0.2396 train 0.9417 test 0.3270
epoch 56/200 loss 0.2106 train 0.9509 test 0.3444
epoch 57/200 loss 0.1646 train 0.9708 test 0.3493
epoch 58/200 loss 0.1920 train 0.9545 test 0.3348
epoch 59/200 loss 0.1847 train 0.9563 test 0.3415
epoch 60/200 loss 0.1787 train 0.9597 test 0.3387
epoch 61/200 loss 0.1804 train 0.9605 test 0.3288
epoch 62/200 loss 0.1757 train 0.9625 test 0.3399
epoch 63/200 loss 0.1519 train 0.9669 test 0.3367
epoch 64/200 loss 0.2104 train 0.9489 test 0.3163
epoch 65/200 loss 0.2233 train 0.9433 test 0.3268
epoch 66/200 loss 0.1845 train 0.9577 test 0.3431
epoch 67/200 loss 0.1643 train 0.9667 test 0.3407
epoch 68/200 loss 0.1474 train 0.9706 test 0.3546
epoch 69/200 loss 0.1074 train 0.9840 test 0.3645
epoch 70/200 loss 0.0755 train 0.9920 test 0.3684
epoch 71/200 loss 0.0630 train 0.9938 test 0.3704
epoch 72/200 loss 0.0593 train 0.9948 test 0.3773
epoch 73/200 loss 0.0592 train 0.9940 test 0.3699
epoch 74/200 loss 0.0486 train 0.9970 test 0.3904
epoch 75/200 loss 0.0415 train 0.9978 test 0.3848
epoch 76/200 loss 0.0466 train 0.9960 test 0.3801
epoch 77/200 loss 0.0429 train 0.9966 test 0.3885
epoch 78/200 loss 0.0406 train 0.9980 test 0.3872
epoch 79/200 loss 0.0390 train 0.9984 test 0.3900
epoch 80/200 loss 0.0419 train 0.9976 test 0.3876
epoch 81/200 loss 0.0373 train 0.9986 test 0.3943
epoch 82/200 loss 0.0334 train 0.9992 test 0.3944
epoch 83/200 loss 0.0316 train 0.9992 test 0.4008
epoch 84/200 loss 0.0284 train 0.9994 test 0.4036
epoch 85/200 loss 0.0287 train 0.9996 test 0.3984
epoch 86/200 loss 0.0322 train 0.9984 test 0.3907
epoch 87/200 loss 0.0328 train 0.9990 test 0.4001
epoch 88/200 loss 0.0284 train 0.9998 test 0.4025
epoch 89/200 loss 0.0271 train 0.9996 test 0.4019
epoch 90/200 loss 0.0335 train 0.9986 test 0.3963
epoch 91/200 loss 0.0316 train 0.9992 test 0.4042
epoch 92/200 loss 0.0294 train 0.9994 test 0.4032
epoch 93/200 loss 0.0273 train 0.9996 test 0.4057
epoch 94/200 loss 0.0276 train 0.9998 test 0.4111
epoch 95/200 loss 0.0268 train 0.9996 test 0.4109
epoch 96/200 loss 0.0264 train 0.9996 test 0.4082
epoch 97/200 loss 0.0259 train 0.9998 test 0.4134
epoch 98/200 loss 0.0260 train 0.9994 test 0.4066
epoch 99/200 loss 0.0282 train 0.9996 test 0.4103
epoch 100/200 loss 0.0295 train 0.9990 test 0.3971
epoch 101/200 loss 0.0326 train 0.9978 test 0.3992
epoch 102/200 loss 0.0377 train 0.9982 test 0.3931
epoch 103/200 loss 0.0329 train 0.9990 test 0.4026
epoch 104/200 loss 0.0279 train 0.9998 test 0.4051
epoch 105/200 loss 0.0274 train 0.9996 test 0.4070
epoch 106/200 loss 0.0264 train 0.9998 test 0.4086
epoch 107/200 loss 0.0248 train 0.9998 test 0.4110
epoch 108/200 loss 0.0244 train 0.9998 test 0.4125
epoch 109/200 loss 0.0243 train 0.9996 test 0.4107
epoch 110/200 loss 0.0239 train 0.9998 test 0.4102
epoch 111/200 loss 0.0241 train 0.9998 test 0.4106
epoch 112/200 loss 0.0236 train 0.9998 test 0.4111
epoch 113/200 loss 0.0232 train 0.9998 test 0.4126
epoch 114/200 loss 0.0234 train 0.9996 test 0.4138
epoch 115/200 loss 0.0231 train 0.9998 test 0.4129
epoch 116/200 loss 0.0235 train 0.9998 test 0.4101
epoch 117/200 loss 0.0229 train 0.9998 test 0.4129
epoch 118/200 loss 0.0230 train 0.9998 test 0.4106
epoch 119/200 loss 0.0234 train 0.9998 test 0.4141
epoch 120/200 loss 0.0230 train 0.9998 test 0.4155
epoch 121/200 loss 0.0228 train 0.9998 test 0.4137
epoch 122/200 loss 0.0233 train 0.9996 test 0.4144
epoch 123/200 loss 0.0226 train 0.9998 test 0.4135
epoch 124/200 loss 0.0227 train 0.9998 test 0.4164
epoch 125/200 loss 0.0220 train 1.0000 test 0.4176
epoch 126/200 loss 0.0220 train 0.9998 test 0.4158
epoch 127/200 loss 0.0219 train 0.9996 test 0.4145
epoch 128/200 loss 0.0225 train 0.9998 test 0.4125
epoch 129/200 loss 0.0222 train 0.9998 test 0.4125
epoch 130/200 loss 0.0222 train 0.9998 test 0.4165
epoch 131/200 loss 0.0221 train 0.9996 test 0.4157
epoch 132/200 loss 0.0218 train 1.0000 test 0.4147
epoch 133/200 loss 0.0218 train 1.0000 test 0.4147
epoch 134/200 loss 0.0222 train 1.0000 test 0.4144
epoch 135/200 loss 0.0247 train 0.9994 test 0.4111
epoch 136/200 loss 0.0256 train 0.9992 test 0.4146
epoch 137/200 loss 0.0231 train 0.9998 test 0.4180
epoch 138/200 loss 0.0220 train 0.9998 test 0.4155
epoch 139/200 loss 0.0216 train 0.9996 test 0.4173
epoch 140/200 loss 0.0215 train 0.9996 test 0.4202
epoch 141/200 loss 0.0214 train 0.9998 test 0.4160
epoch 142/200 loss 0.0210 train 1.0000 test 0.4149
epoch 143/200 loss 0.0208 train 0.9998 test 0.4147
epoch 144/200 loss 0.0210 train 0.9998 test 0.4162
epoch 145/200 loss 0.0207 train 1.0000 test 0.4166
epoch 146/200 loss 0.0208 train 1.0000 test 0.4148
epoch 147/200 loss 0.0211 train 0.9996 test 0.4159
epoch 148/200 loss 0.0212 train 0.9998 test 0.4175
epoch 149/200 loss 0.0206 train 1.0000 test 0.4135
epoch 150/200 loss 0.0205 train 0.9998 test 0.4166
epoch 151/200 loss 0.0204 train 0.9998 test 0.4158
epoch 152/200 loss 0.0208 train 0.9996 test 0.4162
epoch 153/200 loss 0.0206 train 0.9998 test 0.4171
epoch 154/200 loss 0.0205 train 1.0000 test 0.4178
epoch 155/200 loss 0.0205 train 0.9996 test 0.4157
epoch 156/200 loss 0.0203 train 0.9998 test 0.4163
epoch 157/200 loss 0.0203 train 0.9998 test 0.4171
epoch 158/200 loss 0.0201 train 0.9998 test 0.4154
epoch 159/200 loss 0.0200 train 1.0000 test 0.4160
epoch 160/200 loss 0.0197 train 1.0000 test 0.4180
epoch 161/200 loss 0.0199 train 1.0000 test 0.4146
epoch 162/200 loss 0.0199 train 0.9998 test 0.4156
epoch 163/200 loss 0.0202 train 0.9996 test 0.4152
epoch 164/200 loss 0.0199 train 0.9998 test 0.4162
epoch 165/200 loss 0.0197 train 1.0000 test 0.4177
epoch 166/200 loss 0.0199 train 1.0000 test 0.4187
epoch 167/200 loss 0.0197 train 0.9998 test 0.4188
epoch 168/200 loss 0.0199 train 0.9998 test 0.4187
epoch 169/200 loss 0.0199 train 0.9996 test 0.4163
epoch 170/200 loss 0.0197 train 0.9998 test 0.4179
epoch 171/200 loss 0.0195 train 1.0000 test 0.4164
epoch 172/200 loss 0.0195 train 1.0000 test 0.4203
epoch 173/200 loss 0.0198 train 1.0000 test 0.4182
epoch 174/200 loss 0.0194 train 1.0000 test 0.4162
epoch 175/200 loss 0.0194 train 0.9998 test 0.4176
epoch 176/200 loss 0.0193 train 1.0000 test 0.4153
epoch 177/200 loss 0.0194 train 0.9998 test 0.4154
epoch 178/200 loss 0.0195 train 1.0000 test 0.4177
epoch 179/200 loss 0.0198 train 0.9998 test 0.4166
epoch 180/200 loss 0.0195 train 1.0000 test 0.4158
epoch 181/200 loss 0.0192 train 1.0000 test 0.4155
epoch 182/200 loss 0.0195 train 1.0000 test 0.4150
epoch 183/200 loss 0.0194 train 1.0000 test 0.4190
epoch 184/200 loss 0.0194 train 0.9998 test 0.4192
epoch 185/200 loss 0.0194 train 1.0000 test 0.4179
epoch 186/200 loss 0.0194 train 1.0000 test 0.4173
epoch 187/200 loss 0.0190 train 1.0000 test 0.4167
epoch 188/200 loss 0.0193 train 0.9998 test 0.4182
epoch 189/200 loss 0.0196 train 0.9998 test 0.4186
epoch 190/200 loss 0.0194 train 1.0000 test 0.4187
epoch 191/200 loss 0.0194 train 1.0000 test 0.4167
epoch 192/200 loss 0.0193 train 0.9998 test 0.4187
epoch 193/200 loss 0.0196 train 1.0000 test 0.4160
epoch 194/200 loss 0.0193 train 0.9998 test 0.4177
epoch 195/200 loss 0.0194 train 0.9998 test 0.4172
epoch 196/200 loss 0.0195 train 0.9998 test 0.4185
epoch 197/200 loss 0.0196 train 1.0000 test 0.4175
epoch 198/200 loss 0.0193 train 1.0000 test 0.4185
epoch 199/200 loss 0.0195 train 1.0000 test 0.4165
epoch 200/200 loss 0.0194 train 1.0000 test 0.4172
done: final 0.4172 best 0.4203 -> ./runs/auxhog_10pct/seed1
moment-aux target calibrated on 1024 images
[auxhog_10pct seed2] {"params_trainable": 11222445, "params_stem_trainable": 0, "params_stem_fixed_filters": 0, "flops_total": 556705792, "flops_stem": 0, "flops_image_size": 32}
epoch 1/200 loss 4.5710 train 0.0353 test 0.0581
epoch 2/200 loss 4.2525 train 0.0699 test 0.0755
epoch 3/200 loss 4.0788 train 0.0847 test 0.0795
epoch 4/200 loss 3.9210 train 0.1058 test 0.1032
epoch 5/200 loss 3.8041 train 0.1202 test 0.1158
epoch 6/200 loss 3.6991 train 0.1300 test 0.1200
epoch 7/200 loss 3.6214 train 0.1490 test 0.1161
epoch 8/200 loss 3.5284 train 0.1623 test 0.1331
epoch 9/200 loss 3.4617 train 0.1665 test 0.1552
epoch 10/200 loss 3.3645 train 0.1945 test 0.1470
epoch 11/200 loss 3.2681 train 0.2111 test 0.1561
epoch 12/200 loss 3.1802 train 0.2214 test 0.1628
epoch 13/200 loss 3.1327 train 0.2248 test 0.1761
epoch 14/200 loss 3.0308 train 0.2460 test 0.1888
epoch 15/200 loss 2.9357 train 0.2658 test 0.1870
epoch 16/200 loss 2.8422 train 0.2863 test 0.1919
epoch 17/200 loss 2.7480 train 0.3059 test 0.1923
epoch 18/200 loss 2.6650 train 0.3121 test 0.2087
epoch 19/200 loss 2.5851 train 0.3361 test 0.2220
epoch 20/200 loss 2.4749 train 0.3534 test 0.2044
epoch 21/200 loss 2.3656 train 0.3696 test 0.2492
epoch 22/200 loss 2.2898 train 0.3960 test 0.2393
epoch 23/200 loss 2.1749 train 0.4121 test 0.2249
epoch 24/200 loss 2.0684 train 0.4399 test 0.2578
epoch 25/200 loss 1.9756 train 0.4553 test 0.2462
epoch 26/200 loss 1.9447 train 0.4653 test 0.2704
epoch 27/200 loss 1.7994 train 0.4974 test 0.2608
epoch 28/200 loss 1.7164 train 0.5150 test 0.2864
epoch 29/200 loss 1.6242 train 0.5315 test 0.2634
epoch 30/200 loss 1.5481 train 0.5551 test 0.2733
epoch 31/200 loss 1.4584 train 0.5789 test 0.2592
epoch 32/200 loss 1.3677 train 0.6098 test 0.2783
epoch 33/200 loss 1.2847 train 0.6340 test 0.2893
epoch 34/200 loss 1.2118 train 0.6494 test 0.2942
epoch 35/200 loss 1.1345 train 0.6677 test 0.3116
epoch 36/200 loss 1.0240 train 0.7019 test 0.2962
epoch 37/200 loss 1.0233 train 0.7045 test 0.3025
epoch 38/200 loss 0.9496 train 0.7226 test 0.3134
epoch 39/200 loss 0.8538 train 0.7484 test 0.3091
epoch 40/200 loss 0.7457 train 0.7835 test 0.2758
epoch 41/200 loss 0.7294 train 0.7827 test 0.3121
epoch 42/200 loss 0.7009 train 0.7951 test 0.2903
epoch 43/200 loss 0.5808 train 0.8321 test 0.3002
epoch 44/200 loss 0.5280 train 0.8510 test 0.2971
epoch 45/200 loss 0.5034 train 0.8516 test 0.2913
epoch 46/200 loss 0.4712 train 0.8618 test 0.3187
epoch 47/200 loss 0.3914 train 0.8966 test 0.3140
epoch 48/200 loss 0.3618 train 0.8980 test 0.3190
epoch 49/200 loss 0.3987 train 0.8916 test 0.3148
epoch 50/200 loss 0.4090 train 0.8816 test 0.3239
epoch 51/200 loss 0.4147 train 0.8838 test 0.3207
epoch 52/200 loss 0.3886 train 0.8902 test 0.3342
epoch 53/200 loss 0.2815 train 0.9277 test 0.3353
epoch 54/200 loss 0.2264 train 0.9473 test 0.3423
epoch 55/200 loss 0.1955 train 0.9569 test 0.3318
epoch 56/200 loss 0.1790 train 0.9615 test 0.3450
epoch 57/200 loss 0.1694 train 0.9631 test 0.3349
epoch 58/200 loss 0.1616 train 0.9665 test 0.3479
epoch 59/200 loss 0.1686 train 0.9613 test 0.3407
epoch 60/200 loss 0.1729 train 0.9605 test 0.3417
epoch 61/200 loss 0.1613 train 0.9645 test 0.3271
epoch 62/200 loss 0.2139 train 0.9487 test 0.3071
epoch 63/200 loss 0.2196 train 0.9479 test 0.3038
epoch 64/200 loss 0.2699 train 0.9285 test 0.3121
epoch 65/200 loss 0.2421 train 0.9439 test 0.3281
epoch 66/200 loss 0.1826 train 0.9601 test 0.3343
epoch 67/200 loss 0.1578 train 0.9663 test 0.3593
epoch 68/200 loss 0.1249 train 0.9750 test 0.3336
epoch 69/200 loss 0.1135 train 0.9806 test 0.3465
epoch 70/200 loss 0.1110 train 0.9804 test 0.3598
epoch 71/200 loss 0.0884 train 0.9878 test 0.3642
epoch 72/200 loss 0.0708 train 0.9922 test 0.3686
epoch 73/200 loss 0.0740 train 0.9910 test 0.3699
epoch 74/200 loss 0.0637 train 0.9936 test 0.3676
epoch 75/200 loss 0.0527 train 0.9960 test 0.3785
epoch 76/200 loss 0.0429 train 0.9976 test 0.3916
epoch 77/200 loss 0.0361 train 0.9988 test 0.3910
epoch 78/200 loss 0.0339 train 0.9988 test 0.3993
epoch 79/200 loss 0.0317 train 0.9992 test 0.3975
epoch 80/200 loss 0.0332 train 0.9990 test 0.3954
epoch 81/200 loss 0.0335 train 0.9988 test 0.3953
epoch 82/200 loss 0.0327 train 0.9992 test 0.3954
epoch 83/200 loss 0.0293 train 0.9996 test 0.4036
epoch 84/200 loss 0.0281 train 0.9998 test 0.4029
epoch 85/200 loss 0.0277 train 0.9996 test 0.4059
epoch 86/200 loss 0.0291 train 0.9986 test 0.4065
epoch 87/200 loss 0.0282 train 0.9994 test 0.4037
epoch 88/200 loss 0.0293 train 0.9984 test 0.4035
epoch 89/200 loss 0.0329 train 0.9986 test 0.4042
epoch 90/200 loss 0.0321 train 0.9990 test 0.4049
epoch 91/200 loss 0.0303 train 0.9992 test 0.4031
epoch 92/200 loss 0.0325 train 0.9988 test 0.3974
epoch 93/200 loss 0.0327 train 0.9990 test 0.4017
epoch 94/200 loss 0.0278 train 0.9998 test 0.4075
epoch 95/200 loss 0.0261 train 0.9996 test 0.4081
epoch 96/200 loss 0.0251 train 0.9998 test 0.4079
epoch 97/200 loss 0.0253 train 0.9998 test 0.4097
epoch 98/200 loss 0.0252 train 0.9998 test 0.4090
epoch 99/200 loss 0.0251 train 0.9996 test 0.4140
epoch 100/200 loss 0.0245 train 1.0000 test 0.4109
epoch 101/200 loss 0.0249 train 0.9998 test 0.4118
epoch 102/200 loss 0.0247 train 0.9996 test 0.4106
epoch 103/200 loss 0.0247 train 0.9996 test 0.4084
epoch 104/200 loss 0.0241 train 0.9998 test 0.4131
epoch 105/200 loss 0.0242 train 0.9998 test 0.4125
epoch 106/200 loss 0.0241 train 0.9998 test 0.4129
epoch 107/200 loss 0.0239 train 0.9998 test 0.4130
epoch 108/200 loss 0.0240 train 0.9996 test 0.4142
epoch 109/200 loss 0.0236 train 0.9998 test 0.4141
epoch 110/200 loss 0.0235 train 0.9998 test 0.4136
epoch 111/200 loss 0.0238 train 0.9998 test 0.4122
epoch 112/200 loss 0.0235 train 0.9998 test 0.4124
epoch 113/200 loss 0.0235 train 0.9998 test 0.4131
epoch 114/200 loss 0.0234 train 0.9998 test 0.4127
epoch 115/200 loss 0.0233 train 0.9996 test 0.4146
epoch 116/200 loss 0.0228 train 0.9998 test 0.4138
epoch 117/200 loss 0.0230 train 1.0000 test 0.4118
epoch 118/200 loss 0.0231 train 0.9996 test 0.4141
epoch 119/200 loss 0.0231 train 0.9998 test 0.4148
epoch 120/200 loss 0.0228 train 0.9998 test 0.4160
epoch 121/200 loss 0.0222 train 1.0000 test 0.4157
epoch 122/200 loss 0.0224 train 0.9998 test 0.4151
epoch 123/200 loss 0.0222 train 0.9998 test 0.4123
epoch 124/200 loss 0.0225 train 0.9998 test 0.4138
epoch 125/200 loss 0.0224 train 0.9996 test 0.4128
epoch 126/200 loss 0.0226 train 0.9996 test 0.4134
epoch 127/200 loss 0.0223 train 1.0000 test 0.4145
epoch 128/200 loss 0.0220 train 0.9998 test 0.4165
epoch 129/200 loss 0.0221 train 0.9996 test 0.4131
epoch 130/200 loss 0.0217 train 0.9998 test 0.4152
epoch 131/200 loss 0.0214 train 0.9998 test 0.4143
epoch 132/200 loss 0.0214 train 1.0000 test 0.4160
epoch 133/200 loss 0.0219 train 0.9996 test 0.4145
epoch 134/200 loss 0.0213 train 1.0000 test 0.4155
epoch 135/200 loss 0.0211 train 0.9996 test 0.4163
epoch 136/200 loss 0.0215 train 0.9996 test 0.4148
epoch 137/200 loss 0.0213 train 0.9996 test 0.4163
epoch 138/200 loss 0.0208 train 1.0000 test 0.4141
epoch 139/200 loss 0.0207 train 0.9998 test 0.4133
epoch 140/200 loss 0.0207 train 0.9998 test 0.4131
epoch 141/200 loss 0.0206 train 0.9998 test 0.4129
epoch 142/200 loss 0.0205 train 0.9998 test 0.4166
epoch 143/200 loss 0.0204 train 1.0000 test 0.4187
epoch 144/200 loss 0.0204 train 0.9998 test 0.4149
epoch 145/200 loss 0.0205 train 0.9998 test 0.4163
epoch 146/200 loss 0.0202 train 0.9998 test 0.4137
epoch 147/200 loss 0.0202 train 1.0000 test 0.4145
epoch 148/200 loss 0.0201 train 0.9998 test 0.4153
epoch 149/200 loss 0.0200 train 1.0000 test 0.4170
epoch 150/200 loss 0.0202 train 1.0000 test 0.4163
epoch 151/200 loss 0.0199 train 0.9998 test 0.4174
epoch 152/200 loss 0.0202 train 1.0000 test 0.4170
epoch 153/200 loss 0.0199 train 0.9998 test 0.4185
epoch 154/200 loss 0.0199 train 1.0000 test 0.4167
epoch 155/200 loss 0.0201 train 0.9998 test 0.4175
epoch 156/200 loss 0.0198 train 1.0000 test 0.4180
epoch 157/200 loss 0.0197 train 0.9998 test 0.4181
epoch 158/200 loss 0.0198 train 0.9998 test 0.4164
epoch 159/200 loss 0.0194 train 1.0000 test 0.4165
epoch 160/200 loss 0.0196 train 0.9998 test 0.4177
epoch 161/200 loss 0.0192 train 1.0000 test 0.4175
epoch 162/200 loss 0.0195 train 1.0000 test 0.4157
epoch 163/200 loss 0.0190 train 1.0000 test 0.4166
epoch 164/200 loss 0.0195 train 0.9996 test 0.4185
epoch 165/200 loss 0.0195 train 0.9998 test 0.4151
epoch 166/200 loss 0.0194 train 1.0000 test 0.4159
epoch 167/200 loss 0.0195 train 0.9998 test 0.4177
epoch 168/200 loss 0.0192 train 1.0000 test 0.4169
epoch 169/200 loss 0.0190 train 1.0000 test 0.4162
epoch 170/200 loss 0.0193 train 1.0000 test 0.4149
epoch 171/200 loss 0.0190 train 1.0000 test 0.4169
epoch 172/200 loss 0.0194 train 0.9998 test 0.4176
epoch 173/200 loss 0.0189 train 1.0000 test 0.4189
epoch 174/200 loss 0.0191 train 1.0000 test 0.4180
epoch 175/200 loss 0.0190 train 1.0000 test 0.4169
epoch 176/200 loss 0.0189 train 1.0000 test 0.4181
epoch 177/200 loss 0.0192 train 0.9998 test 0.4166
epoch 178/200 loss 0.0189 train 0.9998 test 0.4176
epoch 179/200 loss 0.0188 train 1.0000 test 0.4182
epoch 180/200 loss 0.0190 train 0.9998 test 0.4191
epoch 181/200 loss 0.0193 train 1.0000 test 0.4153
epoch 182/200 loss 0.0188 train 1.0000 test 0.4180
epoch 183/200 loss 0.0188 train 1.0000 test 0.4176
epoch 184/200 loss 0.0188 train 1.0000 test 0.4180
epoch 185/200 loss 0.0187 train 1.0000 test 0.4160
epoch 186/200 loss 0.0190 train 1.0000 test 0.4160
epoch 187/200 loss 0.0188 train 1.0000 test 0.4169
epoch 188/200 loss 0.0187 train 1.0000 test 0.4165
epoch 189/200 loss 0.0188 train 1.0000 test 0.4174
epoch 190/200 loss 0.0187 train 1.0000 test 0.4173
epoch 191/200 loss 0.0190 train 1.0000 test 0.4163
epoch 192/200 loss 0.0188 train 1.0000 test 0.4158
epoch 193/200 loss 0.0187 train 1.0000 test 0.4180
epoch 194/200 loss 0.0187 train 1.0000 test 0.4169
epoch 195/200 loss 0.0187 train 1.0000 test 0.4177
epoch 196/200 loss 0.0188 train 1.0000 test 0.4164
epoch 197/200 loss 0.0186 train 1.0000 test 0.4182
epoch 198/200 loss 0.0188 train 1.0000 test 0.4181
epoch 199/200 loss 0.0190 train 0.9998 test 0.4181
epoch 200/200 loss 0.0186 train 1.0000 test 0.4165
done: final 0.4165 best 0.4191 -> ./runs/auxhog_10pct/seed2
AUXCTRL_auxhog_10pct_DONE
moment-aux target calibrated on 1024 images
[auxteach_5pct seed0] {"params_trainable": 11285924, "params_stem_trainable": 0, "params_stem_fixed_filters": 0, "flops_total": 556705792, "flops_stem": 0, "flops_image_size": 32}
epoch 1/200 loss 4.8739 train 0.0247 test 0.0414
epoch 2/200 loss 4.5595 train 0.0469 test 0.0573
epoch 3/200 loss 4.3922 train 0.0732 test 0.0597
epoch 4/200 loss 4.2515 train 0.0855 test 0.0730
epoch 5/200 loss 4.1617 train 0.0921 test 0.0791
epoch 6/200 loss 4.1169 train 0.1040 test 0.0829
epoch 7/200 loss 4.0249 train 0.1118 test 0.0888
epoch 8/200 loss 3.9479 train 0.1303 test 0.0869
epoch 9/200 loss 3.8797 train 0.1192 test 0.0899
epoch 10/200 loss 3.8402 train 0.1336 test 0.0930
epoch 11/200 loss 3.8109 train 0.1386 test 0.0984
epoch 12/200 loss 3.6985 train 0.1525 test 0.1060
epoch 13/200 loss 3.6427 train 0.1579 test 0.1085
epoch 14/200 loss 3.5681 train 0.1772 test 0.1221
epoch 15/200 loss 3.5262 train 0.1826 test 0.1135
epoch 16/200 loss 3.4447 train 0.1957 test 0.1216
epoch 17/200 loss 3.4234 train 0.1994 test 0.1275
epoch 18/200 loss 3.3552 train 0.1986 test 0.1197
epoch 19/200 loss 3.2644 train 0.2290 test 0.1371
epoch 20/200 loss 3.2191 train 0.2299 test 0.1366
epoch 21/200 loss 3.1690 train 0.2447 test 0.1306
epoch 22/200 loss 3.0903 train 0.2664 test 0.1458
epoch 23/200 loss 3.0223 train 0.2738 test 0.1383
epoch 24/200 loss 2.9533 train 0.2973 test 0.1430
epoch 25/200 loss 2.8276 train 0.3026 test 0.1495
epoch 26/200 loss 2.8173 train 0.3236 test 0.1467
epoch 27/200 loss 2.7128 train 0.3368 test 0.1543
epoch 28/200 loss 2.6402 train 0.3466 test 0.1720
epoch 29/200 loss 2.5580 train 0.3655 test 0.1474
epoch 30/200 loss 2.5234 train 0.3590 test 0.1531
epoch 31/200 loss 2.4156 train 0.3910 test 0.1652
epoch 32/200 loss 2.2878 train 0.4322 test 0.1444
epoch 33/200 loss 2.2126 train 0.4502 test 0.1616
epoch 34/200 loss 2.0973 train 0.4626 test 0.1709
epoch 35/200 loss 1.9891 train 0.4840 test 0.1724
epoch 36/200 loss 1.9037 train 0.5074 test 0.1611
epoch 37/200 loss 1.8118 train 0.5432 test 0.1602
epoch 38/200 loss 1.6905 train 0.5781 test 0.1773
epoch 39/200 loss 1.6634 train 0.5748 test 0.1635
epoch 40/200 loss 1.5721 train 0.5987 test 0.1667
epoch 41/200 loss 1.4669 train 0.6238 test 0.1650
epoch 42/200 loss 1.3769 train 0.6517 test 0.1717
epoch 43/200 loss 1.2797 train 0.6768 test 0.1723
epoch 44/200 loss 1.1872 train 0.7118 test 0.1853
epoch 45/200 loss 1.1111 train 0.7245 test 0.1728
epoch 46/200 loss 1.0748 train 0.7393 test 0.1756
epoch 47/200 loss 1.0033 train 0.7607 test 0.1844
epoch 48/200 loss 0.9080 train 0.7870 test 0.1739
epoch 49/200 loss 0.8072 train 0.8220 test 0.1920
epoch 50/200 loss 0.7295 train 0.8438 test 0.1904
epoch 51/200 loss 0.6761 train 0.8655 test 0.1788
epoch 52/200 loss 0.5998 train 0.8894 test 0.1985
epoch 53/200 loss 0.5960 train 0.8828 test 0.1950
epoch 54/200 loss 0.5680 train 0.8943 test 0.1886
epoch 55/200 loss 0.5849 train 0.8828 test 0.1935
epoch 56/200 loss 0.5261 train 0.8997 test 0.1878
epoch 57/200 loss 0.5085 train 0.9083 test 0.1986
epoch 58/200 loss 0.4403 train 0.9330 test 0.2025
epoch 59/200 loss 0.3920 train 0.9433 test 0.2148
epoch 60/200 loss 0.3505 train 0.9572 test 0.2130
epoch 61/200 loss 0.3046 train 0.9671 test 0.2086
epoch 62/200 loss 0.2725 train 0.9844 test 0.2152
epoch 63/200 loss 0.2593 train 0.9836 test 0.2148
epoch 64/200 loss 0.2527 train 0.9844 test 0.2120
epoch 65/200 loss 0.2576 train 0.9823 test 0.2151
epoch 66/200 loss 0.2428 train 0.9873 test 0.2178
epoch 67/200 loss 0.2217 train 0.9930 test 0.2172
epoch 68/200 loss 0.2112 train 0.9930 test 0.2205
epoch 69/200 loss 0.2118 train 0.9910 test 0.2261
epoch 70/200 loss 0.2076 train 0.9930 test 0.2220
epoch 71/200 loss 0.2013 train 0.9951 test 0.2231
epoch 72/200 loss 0.1928 train 0.9967 test 0.2325
epoch 73/200 loss 0.1853 train 0.9975 test 0.2297
epoch 74/200 loss 0.1805 train 0.9988 test 0.2297
epoch 75/200 loss 0.1795 train 0.9979 test 0.2301
epoch 76/200 loss 0.1753 train 0.9984 test 0.2357
epoch 77/200 loss 0.1783 train 0.9963 test 0.2354
epoch 78/200 loss 0.1770 train 0.9963 test 0.2378
epoch 79/200 loss 0.1723 train 0.9988 test 0.2358
epoch 80/200 loss 0.1754 train 0.9979 test 0.2362
epoch 81/200 loss 0.1732 train 0.9992 test 0.2366
epoch 82/200 loss 0.1731 train 0.9992 test 0.2354
epoch 83/200 loss 0.1666 train 0.9992 test 0.2386
epoch 84/200 loss 0.1632 train 0.9996 test 0.2327
epoch 85/200 loss 0.1639 train 0.9996 test 0.2403
epoch 86/200 loss 0.1599 train 1.0000 test 0.2372
epoch 87/200 loss 0.1587 train 1.0000 test 0.2390
epoch 88/200 loss 0.1581 train 1.0000 test 0.2388
epoch 89/200 loss 0.1573 train 1.0000 test 0.2392
epoch 90/200 loss 0.1555 train 1.0000 test 0.2389
epoch 91/200 loss 0.1558 train 1.0000 test 0.2374
epoch 92/200 loss 0.1542 train 1.0000 test 0.2377
epoch 93/200 loss 0.1551 train 1.0000 test 0.2377
epoch 94/200 loss 0.1552 train 1.0000 test 0.2364
epoch 95/200 loss 0.1547 train 1.0000 test 0.2396
epoch 96/200 loss 0.1545 train 1.0000 test 0.2363
epoch 97/200 loss 0.1533 train 1.0000 test 0.2370
epoch 98/200 loss 0.1538 train 1.0000 test 0.2393
epoch 99/200 loss 0.1533 train 1.0000 test 0.2392
epoch 100/200 loss 0.1525 train 1.0000 test 0.2405
epoch 101/200 loss 0.1533 train 1.0000 test 0.2406
epoch 102/200 loss 0.1519 train 1.0000 test 0.2405
epoch 103/200 loss 0.1524 train 1.0000 test 0.2412
epoch 104/200 loss 0.1507 train 1.0000 test 0.2412
epoch 105/200 loss 0.1514 train 1.0000 test 0.2404
epoch 106/200 loss 0.1524 train 1.0000 test 0.2388
epoch 107/200 loss 0.1512 train 1.0000 test 0.2405
epoch 108/200 loss 0.1509 train 1.0000 test 0.2407
epoch 109/200 loss 0.1505 train 1.0000 test 0.2412
epoch 110/200 loss 0.1497 train 1.0000 test 0.2401
epoch 111/200 loss 0.1495 train 1.0000 test 0.2410
epoch 112/200 loss 0.1498 train 1.0000 test 0.2413
epoch 113/200 loss 0.1492 train 1.0000 test 0.2423
epoch 114/200 loss 0.1491 train 1.0000 test 0.2423
epoch 115/200 loss 0.1494 train 1.0000 test 0.2403
epoch 116/200 loss 0.1476 train 1.0000 test 0.2406
epoch 117/200 loss 0.1475 train 1.0000 test 0.2416
epoch 118/200 loss 0.1474 train 1.0000 test 0.2416
epoch 119/200 loss 0.1478 train 1.0000 test 0.2408
epoch 120/200 loss 0.1482 train 1.0000 test 0.2404
epoch 121/200 loss 0.1478 train 1.0000 test 0.2413
epoch 122/200 loss 0.1480 train 1.0000 test 0.2407
epoch 123/200 loss 0.1472 train 1.0000 test 0.2429
epoch 124/200 loss 0.1476 train 1.0000 test 0.2431
epoch 125/200 loss 0.1467 train 1.0000 test 0.2434
epoch 126/200 loss 0.1473 train 1.0000 test 0.2432
epoch 127/200 loss 0.1468 train 1.0000 test 0.2432
epoch 128/200 loss 0.1463 train 1.0000 test 0.2421
epoch 129/200 loss 0.1459 train 1.0000 test 0.2424
epoch 130/200 loss 0.1462 train 1.0000 test 0.2433
epoch 131/200 loss 0.1456 train 1.0000 test 0.2426
epoch 132/200 loss 0.1459 train 1.0000 test 0.2428
epoch 133/200 loss 0.1458 train 1.0000 test 0.2441
epoch 134/200 loss 0.1450 train 1.0000 test 0.2450
epoch 135/200 loss 0.1446 train 1.0000 test 0.2429
epoch 136/200 loss 0.1443 train 1.0000 test 0.2441
epoch 137/200 loss 0.1435 train 1.0000 test 0.2434
epoch 138/200 loss 0.1443 train 1.0000 test 0.2419
epoch 139/200 loss 0.1445 train 1.0000 test 0.2433
epoch 140/200 loss 0.1437 train 1.0000 test 0.2435
epoch 141/200 loss 0.1441 train 1.0000 test 0.2426
epoch 142/200 loss 0.1440 train 1.0000 test 0.2419
epoch 143/200 loss 0.1442 train 1.0000 test 0.2428
epoch 144/200 loss 0.1437 train 1.0000 test 0.2439
epoch 145/200 loss 0.1443 train 1.0000 test 0.2436
epoch 146/200 loss 0.1446 train 1.0000 test 0.2427
epoch 147/200 loss 0.1432 train 1.0000 test 0.2431
epoch 148/200 loss 0.1443 train 1.0000 test 0.2426
epoch 149/200 loss 0.1423 train 1.0000 test 0.2455
epoch 150/200 loss 0.1429 train 1.0000 test 0.2441
epoch 151/200 loss 0.1435 train 1.0000 test 0.2439
epoch 152/200 loss 0.1430 train 1.0000 test 0.2455
epoch 153/200 loss 0.1433 train 1.0000 test 0.2435
epoch 154/200 loss 0.1440 train 1.0000 test 0.2436
epoch 155/200 loss 0.1424 train 1.0000 test 0.2439
epoch 156/200 loss 0.1433 train 1.0000 test 0.2438
epoch 157/200 loss 0.1424 train 1.0000 test 0.2439
epoch 158/200 loss 0.1423 train 1.0000 test 0.2453
epoch 159/200 loss 0.1426 train 1.0000 test 0.2445
epoch 160/200 loss 0.1423 train 1.0000 test 0.2436
epoch 161/200 loss 0.1412 train 1.0000 test 0.2451
epoch 162/200 loss 0.1427 train 1.0000 test 0.2433
epoch 163/200 loss 0.1426 train 1.0000 test 0.2435
epoch 164/200 loss 0.1418 train 1.0000 test 0.2431
epoch 165/200 loss 0.1423 train 1.0000 test 0.2444
epoch 166/200 loss 0.1421 train 1.0000 test 0.2448
epoch 167/200 loss 0.1426 train 1.0000 test 0.2454
epoch 168/200 loss 0.1418 train 1.0000 test 0.2440
epoch 169/200 loss 0.1422 train 1.0000 test 0.2450
epoch 170/200 loss 0.1419 train 1.0000 test 0.2454
epoch 171/200 loss 0.1420 train 1.0000 test 0.2444
epoch 172/200 loss 0.1420 train 1.0000 test 0.2444
epoch 173/200 loss 0.1424 train 1.0000 test 0.2454
epoch 174/200 loss 0.1425 train 1.0000 test 0.2451
epoch 175/200 loss 0.1412 train 1.0000 test 0.2443
epoch 176/200 loss 0.1425 train 1.0000 test 0.2449
epoch 177/200 loss 0.1422 train 1.0000 test 0.2437
epoch 178/200 loss 0.1411 train 1.0000 test 0.2451
epoch 179/200 loss 0.1418 train 1.0000 test 0.2440
epoch 180/200 loss 0.1409 train 1.0000 test 0.2450
epoch 181/200 loss 0.1419 train 1.0000 test 0.2443
epoch 182/200 loss 0.1418 train 1.0000 test 0.2441
epoch 183/200 loss 0.1421 train 1.0000 test 0.2448
epoch 184/200 loss 0.1407 train 1.0000 test 0.2452
epoch 185/200 loss 0.1415 train 1.0000 test 0.2445
epoch 186/200 loss 0.1413 train 1.0000 test 0.2451
epoch 187/200 loss 0.1416 train 1.0000 test 0.2454
epoch 188/200 loss 0.1419 train 1.0000 test 0.2438
epoch 189/200 loss 0.1419 train 1.0000 test 0.2464
epoch 190/200 loss 0.1414 train 1.0000 test 0.2449
epoch 191/200 loss 0.1407 train 1.0000 test 0.2449
epoch 192/200 loss 0.1411 train 1.0000 test 0.2454
epoch 193/200 loss 0.1416 train 1.0000 test 0.2444
epoch 194/200 loss 0.1417 train 1.0000 test 0.2427
epoch 195/200 loss 0.1419 train 1.0000 test 0.2450
epoch 196/200 loss 0.1423 train 1.0000 test 0.2450
epoch 197/200 loss 0.1420 train 1.0000 test 0.2449
epoch 198/200 loss 0.1410 train 1.0000 test 0.2450
epoch 199/200 loss 0.1411 train 1.0000 test 0.2446
epoch 200/200 loss 0.1419 train 1.0000 test 0.2448
done: final 0.2448 best 0.2464 -> ./runs/auxteach_5pct/seed0
moment-aux target calibrated on 1024 images
[auxteach_5pct seed1] {"params_trainable": 11285924, "params_stem_trainable": 0, "params_stem_fixed_filters": 0, "flops_total": 556705792, "flops_stem": 0, "flops_image_size": 32}
epoch 1/200 loss 4.8701 train 0.0226 test 0.0433
epoch 2/200 loss 4.5788 train 0.0543 test 0.0507
epoch 3/200 loss 4.4062 train 0.0662 test 0.0627
epoch 4/200 loss 4.2690 train 0.0699 test 0.0719
epoch 5/200 loss 4.2419 train 0.0884 test 0.0765
epoch 6/200 loss 4.1044 train 0.1020 test 0.0899
epoch 7/200 loss 4.0296 train 0.1114 test 0.0818
epoch 8/200 loss 3.9618 train 0.1139 test 0.0971
epoch 9/200 loss 3.8975 train 0.1328 test 0.0902
epoch 10/200 loss 3.8301 train 0.1308 test 0.0921
epoch 11/200 loss 3.7593 train 0.1423 test 0.1111
epoch 12/200 loss 3.7088 train 0.1497 test 0.1080
epoch 13/200 loss 3.6261 train 0.1682 test 0.1080
epoch 14/200 loss 3.6116 train 0.1723 test 0.1154
epoch 15/200 loss 3.5327 train 0.1743 test 0.1188
epoch 16/200 loss 3.4490 train 0.2039 test 0.1289
epoch 17/200 loss 3.3668 train 0.2200 test 0.1226
epoch 18/200 loss 3.3465 train 0.2150 test 0.1282
epoch 19/200 loss 3.2801 train 0.2368 test 0.1294
epoch 20/200 loss 3.2002 train 0.2373 test 0.1298
epoch 21/200 loss 3.1591 train 0.2451 test 0.1376
epoch 22/200 loss 3.0923 train 0.2516 test 0.1463
epoch 23/200 loss 2.9861 train 0.2792 test 0.1538
epoch 24/200 loss 2.8871 train 0.2829 test 0.1511
epoch 25/200 loss 2.8458 train 0.3195 test 0.1482
epoch 26/200 loss 2.8075 train 0.3211 test 0.1492
epoch 27/200 loss 2.6837 train 0.3421 test 0.1602
epoch 28/200 loss 2.5628 train 0.3639 test 0.1613
epoch 29/200 loss 2.5322 train 0.3655 test 0.1608
epoch 30/200 loss 2.4878 train 0.3832 test 0.1608
epoch 31/200 loss 2.3990 train 0.4017 test 0.1508
epoch 32/200 loss 2.3058 train 0.4025 test 0.1630
epoch 33/200 loss 2.1896 train 0.4445 test 0.1610
epoch 34/200 loss 2.0916 train 0.4745 test 0.1661
epoch 35/200 loss 1.9831 train 0.4938 test 0.1696
epoch 36/200 loss 1.9373 train 0.5123 test 0.1612
epoch 37/200 loss 1.8137 train 0.5382 test 0.1706
epoch 38/200 loss 1.7520 train 0.5502 test 0.1758
epoch 39/200 loss 1.7117 train 0.5609 test 0.1687
epoch 40/200 loss 1.6115 train 0.5831 test 0.1704
epoch 41/200 loss 1.4814 train 0.6221 test 0.1549
epoch 42/200 loss 1.3425 train 0.6583 test 0.1751
epoch 43/200 loss 1.3475 train 0.6567 test 0.1807
epoch 44/200 loss 1.3083 train 0.6571 test 0.1791
epoch 45/200 loss 1.1901 train 0.7097 test 0.1801
epoch 46/200 loss 1.0744 train 0.7323 test 0.1695
epoch 47/200 loss 0.9072 train 0.7895 test 0.1897
epoch 48/200 loss 0.7929 train 0.8310 test 0.1947
epoch 49/200 loss 0.7423 train 0.8388 test 0.1852
epoch 50/200 loss 0.6973 train 0.8610 test 0.1881
epoch 51/200 loss 0.6819 train 0.8470 test 0.1871
epoch 52/200 loss 0.6450 train 0.8668 test 0.1734
epoch 53/200 loss 0.5854 train 0.8882 test 0.1959
epoch 54/200 loss 0.5669 train 0.8931 test 0.1997
epoch 55/200 loss 0.5416 train 0.9009 test 0.1891
epoch 56/200 loss 0.5322 train 0.9038 test 0.1920
epoch 57/200 loss 0.4745 train 0.9305 test 0.1951
epoch 58/200 loss 0.4227 train 0.9359 test 0.1924
epoch 59/200 loss 0.4596 train 0.9243 test 0.1884
epoch 60/200 loss 0.4425 train 0.9305 test 0.1946
epoch 61/200 loss 0.3436 train 0.9622 test 0.2110
epoch 62/200 loss 0.3092 train 0.9741 test 0.2097
epoch 63/200 loss 0.2837 train 0.9799 test 0.2181
epoch 64/200 loss 0.2784 train 0.9803 test 0.2191
epoch 65/200 loss 0.2618 train 0.9852 test 0.2147
epoch 66/200 loss 0.2563 train 0.9807 test 0.2124
epoch 67/200 loss 0.2507 train 0.9864 test 0.2193
epoch 68/200 loss 0.2268 train 0.9942 test 0.2204
epoch 69/200 loss 0.2234 train 0.9918 test 0.2203
epoch 70/200 loss 0.2136 train 0.9955 test 0.2252
epoch 71/200 loss 0.1998 train 0.9979 test 0.2265
epoch 72/200 loss 0.1948 train 0.9984 test 0.2303
epoch 73/200 loss 0.1896 train 0.9984 test 0.2346
epoch 74/200 loss 0.1829 train 0.9996 test 0.2355
epoch 75/200 loss 0.1810 train 0.9988 test 0.2360
epoch 76/200 loss 0.1874 train 0.9984 test 0.2345
epoch 77/200 loss 0.1806 train 0.9988 test 0.2400
epoch 78/200 loss 0.1782 train 0.9988 test 0.2405
epoch 79/200 loss 0.1799 train 0.9979 test 0.2347
epoch 80/200 loss 0.1749 train 1.0000 test 0.2407
epoch 81/200 loss 0.1767 train 0.9992 test 0.2385
epoch 82/200 loss 0.1721 train 1.0000 test 0.2382
epoch 83/200 loss 0.1720 train 1.0000 test 0.2398
epoch 84/200 loss 0.1702 train 1.0000 test 0.2423
epoch 85/200 loss 0.1697 train 1.0000 test 0.2400
epoch 86/200 loss 0.1692 train 0.9996 test 0.2414
epoch 87/200 loss 0.1686 train 0.9996 test 0.2401
epoch 88/200 loss 0.1698 train 1.0000 test 0.2412
epoch 89/200 loss 0.1685 train 1.0000 test 0.2424
epoch 90/200 loss 0.1677 train 1.0000 test 0.2414
epoch 91/200 loss 0.1693 train 0.9996 test 0.2446
epoch 92/200 loss 0.1701 train 0.9992 test 0.2414
epoch 93/200 loss 0.1686 train 0.9996 test 0.2406
epoch 94/200 loss 0.1673 train 1.0000 test 0.2412
epoch 95/200 loss 0.1656 train 1.0000 test 0.2429
epoch 96/200 loss 0.1646 train 1.0000 test 0.2442
epoch 97/200 loss 0.1643 train 1.0000 test 0.2429
epoch 98/200 loss 0.1645 train 1.0000 test 0.2440
epoch 99/200 loss 0.1632 train 1.0000 test 0.2429
epoch 100/200 loss 0.1637 train 1.0000 test 0.2427
epoch 101/200 loss 0.1631 train 1.0000 test 0.2428
epoch 102/200 loss 0.1643 train 1.0000 test 0.2413
epoch 103/200 loss 0.1618 train 1.0000 test 0.2424
epoch 104/200 loss 0.1622 train 1.0000 test 0.2418
epoch 105/200 loss 0.1613 train 1.0000 test 0.2444
epoch 106/200 loss 0.1619 train 1.0000 test 0.2430
epoch 107/200 loss 0.1626 train 0.9996 test 0.2421
epoch 108/200 loss 0.1636 train 0.9996 test 0.2404
epoch 109/200 loss 0.1632 train 0.9996 test 0.2426
epoch 110/200 loss 0.1613 train 1.0000 test 0.2457
epoch 111/200 loss 0.1605 train 1.0000 test 0.2444
epoch 112/200 loss 0.1594 train 1.0000 test 0.2451
epoch 113/200 loss 0.1599 train 1.0000 test 0.2453
epoch 114/200 loss 0.1607 train 1.0000 test 0.2445
epoch 115/200 loss 0.1592 train 1.0000 test 0.2430
epoch 116/200 loss 0.1593 train 0.9996 test 0.2425
epoch 117/200 loss 0.1608 train 1.0000 test 0.2470
epoch 118/200 loss 0.1598 train 1.0000 test 0.2462
epoch 119/200 loss 0.1583 train 1.0000 test 0.2451
epoch 120/200 loss 0.1595 train 1.0000 test 0.2443
epoch 121/200 loss 0.1576 train 1.0000 test 0.2453
epoch 122/200 loss 0.1579 train 1.0000 test 0.2441
epoch 123/200 loss 0.1587 train 1.0000 test 0.2453
epoch 124/200 loss 0.1577 train 1.0000 test 0.2443
epoch 125/200 loss 0.1588 train 0.9996 test 0.2459
epoch 126/200 loss 0.1573 train 1.0000 test 0.2458
epoch 127/200 loss 0.1578 train 1.0000 test 0.2457
epoch 128/200 loss 0.1570 train 1.0000 test 0.2465
epoch 129/200 loss 0.1570 train 1.0000 test 0.2447
epoch 130/200 loss 0.1575 train 1.0000 test 0.2470
epoch 131/200 loss 0.1554 train 1.0000 test 0.2449
epoch 132/200 loss 0.1560 train 1.0000 test 0.2452
epoch 133/200 loss 0.1562 train 1.0000 test 0.2462
epoch 134/200 loss 0.1560 train 1.0000 test 0.2474
epoch 135/200 loss 0.1571 train 1.0000 test 0.2464
epoch 136/200 loss 0.1559 train 1.0000 test 0.2459
epoch 137/200 loss 0.1547 train 1.0000 test 0.2462
epoch 138/200 loss 0.1550 train 1.0000 test 0.2460
epoch 139/200 loss 0.1546 train 1.0000 test 0.2456
epoch 140/200 loss 0.1553 train 1.0000 test 0.2464
epoch 141/200 loss 0.1547 train 1.0000 test 0.2457
epoch 142/200 loss 0.1549 train 1.0000 test 0.2463
epoch 143/200 loss 0.1559 train 1.0000 test 0.2462
epoch 144/200 loss 0.1542 train 1.0000 test 0.2480
epoch 145/200 loss 0.1548 train 1.0000 test 0.2474
epoch 146/200 loss 0.1548 train 1.0000 test 0.2457
epoch 147/200 loss 0.1538 train 1.0000 test 0.2464
epoch 148/200 loss 0.1555 train 1.0000 test 0.2469
epoch 149/200 loss 0.1538 train 1.0000 test 0.2464
epoch 150/200 loss 0.1549 train 1.0000 test 0.2485
epoch 151/200 loss 0.1541 train 1.0000 test 0.2470
epoch 152/200 loss 0.1536 train 1.0000 test 0.2473
epoch 153/200 loss 0.1528 train 1.0000 test 0.2466
epoch 154/200 loss 0.1537 train 1.0000 test 0.2467
epoch 155/200 loss 0.1542 train 1.0000 test 0.2459
epoch 156/200 loss 0.1532 train 1.0000 test 0.2449
epoch 157/200 loss 0.1525 train 1.0000 test 0.2484
epoch 158/200 loss 0.1529 train 1.0000 test 0.2465
epoch 159/200 loss 0.1535 train 1.0000 test 0.2470
epoch 160/200 loss 0.1525 train 1.0000 test 0.2472
epoch 161/200 loss 0.1522 train 1.0000 test 0.2466
epoch 162/200 loss 0.1534 train 1.0000 test 0.2478
epoch 163/200 loss 0.1529 train 1.0000 test 0.2472
epoch 164/200 loss 0.1536 train 1.0000 test 0.2466
epoch 165/200 loss 0.1533 train 1.0000 test 0.2468
epoch 166/200 loss 0.1530 train 1.0000 test 0.2454
epoch 167/200 loss 0.1537 train 1.0000 test 0.2464
epoch 168/200 loss 0.1526 train 1.0000 test 0.2484
epoch 169/200 loss 0.1531 train 1.0000 test 0.2471
epoch 170/200 loss 0.1530 train 1.0000 test 0.2487
epoch 171/200 loss 0.1526 train 1.0000 test 0.2466
epoch 172/200 loss 0.1527 train 1.0000 test 0.2475
epoch 173/200 loss 0.1528 train 1.0000 test 0.2476
epoch 174/200 loss 0.1529 train 1.0000 test 0.2462
epoch 175/200 loss 0.1531 train 1.0000 test 0.2464
epoch 176/200 loss 0.1522 train 1.0000 test 0.2461
epoch 177/200 loss 0.1525 train 1.0000 test 0.2480
epoch 178/200 loss 0.1525 train 1.0000 test 0.2469
epoch 179/200 loss 0.1529 train 1.0000 test 0.2469
epoch 180/200 loss 0.1518 train 1.0000 test 0.2466
epoch 181/200 loss 0.1531 train 1.0000 test 0.2462
epoch 182/200 loss 0.1525 train 1.0000 test 0.2457
epoch 183/200 loss 0.1533 train 1.0000 test 0.2461
epoch 184/200 loss 0.1518 train 1.0000 test 0.2470
epoch 185/200 loss 0.1523 train 1.0000 test 0.2474
epoch 186/200 loss 0.1516 train 1.0000 test 0.2466
epoch 187/200 loss 0.1517 train 1.0000 test 0.2468
epoch 188/200 loss 0.1523 train 1.0000 test 0.2461
epoch 189/200 loss 0.1528 train 1.0000 test 0.2470
epoch 190/200 loss 0.1520 train 1.0000 test 0.2472
epoch 191/200 loss 0.1517 train 1.0000 test 0.2468
epoch 192/200 loss 0.1527 train 1.0000 test 0.2476
epoch 193/200 loss 0.1523 train 1.0000 test 0.2473
epoch 194/200 loss 0.1524 train 1.0000 test 0.2467
epoch 195/200 loss 0.1522 train 1.0000 test 0.2470
epoch 196/200 loss 0.1523 train 1.0000 test 0.2471
epoch 197/200 loss 0.1525 train 1.0000 test 0.2469
epoch 198/200 loss 0.1522 train 1.0000 test 0.2484
epoch 199/200 loss 0.1531 train 1.0000 test 0.2467
epoch 200/200 loss 0.1518 train 1.0000 test 0.2466
done: final 0.2466 best 0.2487 -> ./runs/auxteach_5pct/seed1
moment-aux target calibrated on 1024 images
[auxteach_5pct seed2] {"params_trainable": 11285924, "params_stem_trainable": 0, "params_stem_fixed_filters": 0, "flops_total": 556705792, "flops_stem": 0, "flops_image_size": 32}
epoch 1/200 loss 4.8536 train 0.0210 test 0.0367
epoch 2/200 loss 4.5555 train 0.0530 test 0.0615
epoch 3/200 loss 4.3769 train 0.0748 test 0.0657
epoch 4/200 loss 4.2597 train 0.0798 test 0.0842
epoch 5/200 loss 4.1633 train 0.0958 test 0.0936
epoch 6/200 loss 4.0608 train 0.0966 test 0.0954
epoch 7/200 loss 3.9827 train 0.1151 test 0.0915
epoch 8/200 loss 3.9411 train 0.1172 test 0.0896
epoch 9/200 loss 3.8872 train 0.1283 test 0.0985
epoch 10/200 loss 3.7884 train 0.1414 test 0.1031
epoch 11/200 loss 3.7370 train 0.1567 test 0.1037
epoch 12/200 loss 3.6830 train 0.1637 test 0.1043
epoch 13/200 loss 3.6430 train 0.1698 test 0.1071
epoch 14/200 loss 3.5746 train 0.1604 test 0.1190
epoch 15/200 loss 3.4793 train 0.1920 test 0.1220
epoch 16/200 loss 3.4288 train 0.1945 test 0.1227
epoch 17/200 loss 3.3736 train 0.2183 test 0.1364
epoch 18/200 loss 3.3410 train 0.2031 test 0.1264
epoch 19/200 loss 3.2621 train 0.2336 test 0.1295
epoch 20/200 loss 3.2139 train 0.2451 test 0.1305
epoch 21/200 loss 3.1459 train 0.2664 test 0.1420
epoch 22/200 loss 3.0619 train 0.2710 test 0.1412
epoch 23/200 loss 2.9680 train 0.2841 test 0.1485
epoch 24/200 loss 2.9276 train 0.2903 test 0.1496
epoch 25/200 loss 2.8295 train 0.3047 test 0.1498
epoch 26/200 loss 2.7918 train 0.3277 test 0.1578
epoch 27/200 loss 2.7007 train 0.3265 test 0.1441
epoch 28/200 loss 2.5960 train 0.3713 test 0.1497
epoch 29/200 loss 2.5048 train 0.3762 test 0.1643
epoch 30/200 loss 2.4592 train 0.3705 test 0.1720
epoch 31/200 loss 2.3452 train 0.4137 test 0.1528
epoch 32/200 loss 2.2319 train 0.4272 test 0.1733
epoch 33/200 loss 2.1388 train 0.4597 test 0.1711
epoch 34/200 loss 2.1392 train 0.4548 test 0.1767
epoch 35/200 loss 2.0403 train 0.4852 test 0.1538
epoch 36/200 loss 1.9358 train 0.5115 test 0.1730
epoch 37/200 loss 1.7815 train 0.5424 test 0.1661
epoch 38/200 loss 1.6523 train 0.5798 test 0.1811
epoch 39/200 loss 1.6330 train 0.5855 test 0.1556
epoch 40/200 loss 1.5192 train 0.6110 test 0.1442
epoch 41/200 loss 1.4662 train 0.6155 test 0.1766
epoch 42/200 loss 1.3928 train 0.6542 test 0.1748
epoch 43/200 loss 1.2933 train 0.6694 test 0.1723
epoch 44/200 loss 1.2302 train 0.6896 test 0.1748
epoch 45/200 loss 1.1028 train 0.7278 test 0.1796
epoch 46/200 loss 1.0385 train 0.7496 test 0.1776
epoch 47/200 loss 1.0354 train 0.7451 test 0.1642
epoch 48/200 loss 0.9074 train 0.7956 test 0.1759
epoch 49/200 loss 0.8456 train 0.8047 test 0.1794
epoch 50/200 loss 0.7752 train 0.8277 test 0.1901
epoch 51/200 loss 0.6836 train 0.8549 test 0.1849
epoch 52/200 loss 0.5916 train 0.8898 test 0.1942
epoch 53/200 loss 0.5982 train 0.8771 test 0.1941
epoch 54/200 loss 0.5583 train 0.9042 test 0.1997
epoch 55/200 loss 0.4919 train 0.9128 test 0.1955
epoch 56/200 loss 0.4350 train 0.9371 test 0.2007
epoch 57/200 loss 0.4326 train 0.9363 test 0.1989
epoch 58/200 loss 0.4023 train 0.9408 test 0.2052
epoch 59/200 loss 0.4020 train 0.9457 test 0.2073
epoch 60/200 loss 0.4062 train 0.9400 test 0.2031
epoch 61/200 loss 0.3820 train 0.9441 test 0.2080
epoch 62/200 loss 0.3617 train 0.9531 test 0.2091
epoch 63/200 loss 0.3268 train 0.9638 test 0.2013
epoch 64/200 loss 0.3237 train 0.9634 test 0.1993
epoch 65/200 loss 0.3011 train 0.9720 test 0.2189
epoch 66/200 loss 0.2584 train 0.9856 test 0.2223
epoch 67/200 loss 0.2396 train 0.9889 test 0.2321
epoch 68/200 loss 0.2334 train 0.9877 test 0.2255
epoch 69/200 loss 0.2172 train 0.9938 test 0.2317
epoch 70/200 loss 0.2026 train 0.9963 test 0.2359
epoch 71/200 loss 0.1966 train 0.9971 test 0.2377
epoch 72/200 loss 0.1905 train 0.9996 test 0.2364
epoch 73/200 loss 0.1847 train 0.9992 test 0.2359
epoch 74/200 loss 0.1807 train 0.9996 test 0.2436
epoch 75/200 loss 0.1770 train 1.0000 test 0.2445
epoch 76/200 loss 0.1757 train 1.0000 test 0.2460
epoch 77/200 loss 0.1770 train 0.9992 test 0.2428
epoch 78/200 loss 0.1737 train 0.9996 test 0.2426
epoch 79/200 loss 0.1723 train 1.0000 test 0.2452
epoch 80/200 loss 0.1708 train 1.0000 test 0.2452
epoch 81/200 loss 0.1712 train 1.0000 test 0.2481
epoch 82/200 loss 0.1690 train 1.0000 test 0.2471
epoch 83/200 loss 0.1698 train 1.0000 test 0.2468
epoch 84/200 loss 0.1684 train 1.0000 test 0.2470
epoch 85/200 loss 0.1683 train 1.0000 test 0.2469
epoch 86/200 loss 0.1676 train 1.0000 test 0.2466
epoch 87/200 loss 0.1677 train 1.0000 test 0.2490
epoch 88/200 loss 0.1672 train 1.0000 test 0.2499
epoch 89/200 loss 0.1663 train 1.0000 test 0.2480
epoch 90/200 loss 0.1657 train 1.0000 test 0.2503
epoch 91/200 loss 0.1654 train 1.0000 test 0.2502
epoch 92/200 loss 0.1651 train 1.0000 test 0.2479
epoch 93/200 loss 0.1655 train 0.9996 test 0.2483
epoch 94/200 loss 0.1655 train 0.9996 test 0.2474
epoch 95/200 loss 0.1651 train 1.0000 test 0.2487
epoch 96/200 loss 0.1640 train 1.0000 test 0.2502
epoch 97/200 loss 0.1647 train 0.9996 test 0.2491
epoch 98/200 loss 0.1646 train 1.0000 test 0.2472
epoch 99/200 loss 0.1632 train 1.0000 test 0.2492
epoch 100/200 loss 0.1626 train 1.0000 test 0.2524
epoch 101/200 loss 0.1630 train 1.0000 test 0.2507
epoch 102/200 loss 0.1619 train 1.0000 test 0.2509
epoch 103/200 loss 0.1613 train 1.0000 test 0.2484
epoch 104/200 loss 0.1620 train 1.0000 test 0.2514
epoch 105/200 loss 0.1616 train 1.0000 test 0.2511
epoch 106/200 loss 0.1636 train 0.9996 test 0.2479
epoch 107/200 loss 0.1633 train 0.9996 test 0.2504
epoch 108/200 loss 0.1661 train 0.9992 test 0.2499
epoch 109/200 loss 0.1617 train 1.0000 test 0.2519
epoch 110/200 loss 0.1606 train 1.0000 test 0.2523
epoch 111/200 loss 0.1603 train 1.0000 test 0.2529
epoch 112/200 loss 0.1588 train 1.0000 test 0.2522
epoch 113/200 loss 0.1593 train 1.0000 test 0.2486
epoch 114/200 loss 0.1586 train 1.0000 test 0.2514
epoch 115/200 loss 0.1584 train 1.0000 test 0.2535
epoch 116/200 loss 0.1593 train 1.0000 test 0.2512
epoch 117/200 loss 0.1587 train 1.0000 test 0.2516
epoch 118/200 loss 0.1582 train 1.0000 test 0.2516
epoch 119/200 loss 0.1585 train 1.0000 test 0.2514
epoch 120/200 loss 0.1568 train 1.0000 test 0.2528
epoch 121/200 loss 0.1575 train 1.0000 test 0.2517
epoch 122/200 loss 0.1572 train 1.0000 test 0.2529
epoch 123/200 loss 0.1575 train 1.0000 test 0.2523
epoch 124/200 loss 0.1567 train 1.0000 test 0.2524
epoch 125/200 loss 0.1564 train 1.0000 test 0.2532
epoch 126/200 loss 0.1559 train 1.0000 test 0.2525
epoch 127/200 loss 0.1556 train 1.0000 test 0.2542
epoch 128/200 loss 0.1562 train 1.0000 test 0.2537
epoch 129/200 loss 0.1560 train 1.0000 test 0.2535
epoch 130/200 loss 0.1551 train 1.0000 test 0.2538
epoch 131/200 loss 0.1566 train 1.0000 test 0.2521
epoch 132/200 loss 0.1545 train 1.0000 test 0.2510
epoch 133/200 loss 0.1552 train 1.0000 test 0.2532
epoch 134/200 loss 0.1544 train 1.0000 test 0.2525
epoch 135/200 loss 0.1542 train 1.0000 test 0.2518
epoch 136/200 loss 0.1552 train 1.0000 test 0.2527
epoch 137/200 loss 0.1545 train 1.0000 test 0.2520
epoch 138/200 loss 0.1543 train 1.0000 test 0.2521
epoch 139/200 loss 0.1547 train 1.0000 test 0.2521
epoch 140/200 loss 0.1540 train 1.0000 test 0.2507
epoch 141/200 loss 0.1537 train 1.0000 test 0.2519
epoch 142/200 loss 0.1536 train 1.0000 test 0.2524
epoch 143/200 loss 0.1552 train 1.0000 test 0.2537
epoch 144/200 loss 0.1541 train 1.0000 test 0.2524
epoch 145/200 loss 0.1536 train 1.0000 test 0.2535
epoch 146/200 loss 0.1539 train 1.0000 test 0.2541
epoch 147/200 loss 0.1528 train 1.0000 test 0.2538
epoch 148/200 loss 0.1527 train 1.0000 test 0.2546
epoch 149/200 loss 0.1531 train 1.0000 test 0.2548
epoch 150/200 loss 0.1529 train 1.0000 test 0.2556
epoch 151/200 loss 0.1529 train 1.0000 test 0.2531
epoch 152/200 loss 0.1533 train 1.0000 test 0.2562
epoch 153/200 loss 0.1527 train 1.0000 test 0.2544
epoch 154/200 loss 0.1531 train 1.0000 test 0.2532
epoch 155/200 loss 0.1537 train 1.0000 test 0.2546
epoch 156/200 loss 0.1526 train 1.0000 test 0.2530
epoch 157/200 loss 0.1512 train 1.0000 test 0.2531
epoch 158/200 loss 0.1525 train 1.0000 test 0.2540
epoch 159/200 loss 0.1533 train 1.0000 test 0.2542
epoch 160/200 loss 0.1519 train 1.0000 test 0.2544
epoch 161/200 loss 0.1529 train 1.0000 test 0.2548
epoch 162/200 loss 0.1516 train 1.0000 test 0.2548
epoch 163/200 loss 0.1519 train 1.0000 test 0.2530
epoch 164/200 loss 0.1528 train 1.0000 test 0.2533
epoch 165/200 loss 0.1526 train 1.0000 test 0.2547
epoch 166/200 loss 0.1516 train 1.0000 test 0.2553
epoch 167/200 loss 0.1513 train 1.0000 test 0.2550
epoch 168/200 loss 0.1524 train 1.0000 test 0.2540
epoch 169/200 loss 0.1510 train 1.0000 test 0.2548
epoch 170/200 loss 0.1523 train 1.0000 test 0.2555
epoch 171/200 loss 0.1517 train 1.0000 test 0.2561
epoch 172/200 loss 0.1520 train 1.0000 test 0.2556
epoch 173/200 loss 0.1518 train 1.0000 test 0.2550
epoch 174/200 loss 0.1529 train 1.0000 test 0.2546
epoch 175/200 loss 0.1520 train 1.0000 test 0.2548
epoch 176/200 loss 0.1523 train 1.0000 test 0.2569
epoch 177/200 loss 0.1526 train 1.0000 test 0.2559
epoch 178/200 loss 0.1518 train 1.0000 test 0.2563
epoch 179/200 loss 0.1519 train 1.0000 test 0.2553
epoch 180/200 loss 0.1522 train 1.0000 test 0.2544
epoch 181/200 loss 0.1524 train 1.0000 test 0.2557
epoch 182/200 loss 0.1516 train 1.0000 test 0.2557
epoch 183/200 loss 0.1515 train 1.0000 test 0.2549
epoch 184/200 loss 0.1513 train 1.0000 test 0.2552
epoch 185/200 loss 0.1520 train 1.0000 test 0.2553
epoch 186/200 loss 0.1516 train 1.0000 test 0.2556
epoch 187/200 loss 0.1518 train 1.0000 test 0.2540
epoch 188/200 loss 0.1508 train 1.0000 test 0.2548
epoch 189/200 loss 0.1520 train 1.0000 test 0.2544
epoch 190/200 loss 0.1509 train 1.0000 test 0.2550
epoch 191/200 loss 0.1516 train 1.0000 test 0.2559
epoch 192/200 loss 0.1511 train 1.0000 test 0.2544
epoch 193/200 loss 0.1510 train 1.0000 test 0.2548
epoch 194/200 loss 0.1521 train 1.0000 test 0.2562
epoch 195/200 loss 0.1520 train 1.0000 test 0.2551
epoch 196/200 loss 0.1514 train 1.0000 test 0.2555
epoch 197/200 loss 0.1520 train 1.0000 test 0.2546
epoch 198/200 loss 0.1521 train 1.0000 test 0.2551
epoch 199/200 loss 0.1517 train 1.0000 test 0.2551
epoch 200/200 loss 0.1514 train 1.0000 test 0.2547
done: final 0.2547 best 0.2569 -> ./runs/auxteach_5pct/seed2
AUXCTRL_auxteach_5pct_DONE
moment-aux target calibrated on 1024 images
[auxhog_5pct seed0] {"params_trainable": 11222445, "params_stem_trainable": 0, "params_stem_fixed_filters": 0, "flops_total": 556705792, "flops_stem": 0, "flops_image_size": 32}
epoch 1/200 loss 4.7251 train 0.0251 test 0.0389
epoch 2/200 loss 4.3906 train 0.0514 test 0.0588
epoch 3/200 loss 4.2354 train 0.0736 test 0.0620
epoch 4/200 loss 4.0766 train 0.0847 test 0.0796
epoch 5/200 loss 3.9772 train 0.0933 test 0.0866
epoch 6/200 loss 3.9229 train 0.1086 test 0.0839
epoch 7/200 loss 3.8124 train 0.1192 test 0.0892
epoch 8/200 loss 3.7460 train 0.1295 test 0.0913
epoch 9/200 loss 3.6871 train 0.1225 test 0.0943
epoch 10/200 loss 3.6347 train 0.1439 test 0.0963
epoch 11/200 loss 3.5947 train 0.1464 test 0.1028
epoch 12/200 loss 3.4838 train 0.1587 test 0.1143
epoch 13/200 loss 3.4329 train 0.1554 test 0.1137
epoch 14/200 loss 3.3669 train 0.1731 test 0.1205
epoch 15/200 loss 3.3185 train 0.1961 test 0.1196
epoch 16/200 loss 3.2331 train 0.2068 test 0.1376
epoch 17/200 loss 3.1930 train 0.2027 test 0.1258
epoch 18/200 loss 3.1436 train 0.2126 test 0.1242
epoch 19/200 loss 3.0399 train 0.2418 test 0.1468
epoch 20/200 loss 2.9759 train 0.2512 test 0.1449
epoch 21/200 loss 2.9134 train 0.2669 test 0.1446
epoch 22/200 loss 2.8630 train 0.2751 test 0.1543
epoch 23/200 loss 2.7680 train 0.3002 test 0.1458
epoch 24/200 loss 2.7206 train 0.3018 test 0.1538
epoch 25/200 loss 2.6269 train 0.3084 test 0.1600
epoch 26/200 loss 2.5577 train 0.3392 test 0.1447
epoch 27/200 loss 2.4795 train 0.3516 test 0.1613
epoch 28/200 loss 2.4230 train 0.3520 test 0.1686
epoch 29/200 loss 2.3401 train 0.3672 test 0.1689
epoch 30/200 loss 2.2825 train 0.3914 test 0.1608
epoch 31/200 loss 2.1435 train 0.4182 test 0.1659
epoch 32/200 loss 2.0353 train 0.4363 test 0.1599
epoch 33/200 loss 1.9762 train 0.4642 test 0.1664
epoch 34/200 loss 1.8412 train 0.4819 test 0.1664
epoch 35/200 loss 1.7462 train 0.5148 test 0.1644
epoch 36/200 loss 1.6965 train 0.5222 test 0.1615
epoch 37/200 loss 1.5775 train 0.5662 test 0.1874
epoch 38/200 loss 1.4425 train 0.5938 test 0.1865
epoch 39/200 loss 1.3901 train 0.6131 test 0.1737
epoch 40/200 loss 1.3914 train 0.6024 test 0.1844
epoch 41/200 loss 1.3011 train 0.6328 test 0.1899
epoch 42/200 loss 1.1669 train 0.6674 test 0.1878
epoch 43/200 loss 1.0788 train 0.6867 test 0.1926
epoch 44/200 loss 1.0232 train 0.7072 test 0.1834
epoch 45/200 loss 0.9022 train 0.7455 test 0.1892
epoch 46/200 loss 0.8424 train 0.7660 test 0.1794
epoch 47/200 loss 0.7723 train 0.7874 test 0.1900
epoch 48/200 loss 0.6997 train 0.8088 test 0.1933
epoch 49/200 loss 0.6587 train 0.8211 test 0.1998
epoch 50/200 loss 0.5235 train 0.8676 test 0.1922
epoch 51/200 loss 0.4957 train 0.8717 test 0.1940
epoch 52/200 loss 0.4601 train 0.8836 test 0.1997
epoch 53/200 loss 0.4113 train 0.8939 test 0.2075
epoch 54/200 loss 0.3741 train 0.9079 test 0.2038
epoch 55/200 loss 0.4034 train 0.8972 test 0.2039
epoch 56/200 loss 0.3819 train 0.9046 test 0.1936
epoch 57/200 loss 0.3356 train 0.9178 test 0.2064
epoch 58/200 loss 0.3166 train 0.9252 test 0.2039
epoch 59/200 loss 0.2792 train 0.9354 test 0.2038
epoch 60/200 loss 0.2599 train 0.9408 test 0.2111
epoch 61/200 loss 0.2094 train 0.9572 test 0.2114
epoch 62/200 loss 0.1813 train 0.9634 test 0.2159
epoch 63/200 loss 0.1536 train 0.9786 test 0.2174
epoch 64/200 loss 0.1316 train 0.9794 test 0.2215
epoch 65/200 loss 0.1244 train 0.9803 test 0.2196
epoch 66/200 loss 0.1151 train 0.9844 test 0.2278
epoch 67/200 loss 0.1016 train 0.9901 test 0.2214
epoch 68/200 loss 0.0871 train 0.9922 test 0.2304
epoch 69/200 loss 0.0802 train 0.9922 test 0.2378
epoch 70/200 loss 0.0692 train 0.9951 test 0.2385
epoch 71/200 loss 0.0567 train 0.9979 test 0.2399
epoch 72/200 loss 0.0470 train 1.0000 test 0.2421
epoch 73/200 loss 0.0443 train 1.0000 test 0.2441
epoch 74/200 loss 0.0435 train 1.0000 test 0.2507
epoch 75/200 loss 0.0429 train 0.9996 test 0.2486
epoch 76/200 loss 0.0411 train 0.9996 test 0.2450
epoch 77/200 loss 0.0420 train 1.0000 test 0.2486
epoch 78/200 loss 0.0414 train 1.0000 test 0.2504
epoch 79/200 loss 0.0409 train 1.0000 test 0.2465
epoch 80/200 loss 0.0392 train 1.0000 test 0.2523
epoch 81/200 loss 0.0392 train 0.9992 test 0.2485
epoch 82/200 loss 0.0401 train 0.9996 test 0.2491
epoch 83/200 loss 0.0395 train 0.9996 test 0.2482
epoch 84/200 loss 0.0398 train 0.9992 test 0.2506
epoch 85/200 loss 0.0384 train 1.0000 test 0.2513
epoch 86/200 loss 0.0372 train 1.0000 test 0.2498
epoch 87/200 loss 0.0363 train 1.0000 test 0.2522
epoch 88/200 loss 0.0364 train 1.0000 test 0.2542
epoch 89/200 loss 0.0354 train 1.0000 test 0.2536
epoch 90/200 loss 0.0356 train 1.0000 test 0.2539
epoch 91/200 loss 0.0358 train 1.0000 test 0.2539
epoch 92/200 loss 0.0349 train 1.0000 test 0.2560
epoch 93/200 loss 0.0354 train 1.0000 test 0.2541
epoch 94/200 loss 0.0353 train 1.0000 test 0.2561
epoch 95/200 loss 0.0354 train 1.0000 test 0.2552
epoch 96/200 loss 0.0349 train 1.0000 test 0.2545
epoch 97/200 loss 0.0346 train 1.0000 test 0.2566
epoch 98/200 loss 0.0350 train 1.0000 test 0.2566
epoch 99/200 loss 0.0347 train 1.0000 test 0.2577
epoch 100/200 loss 0.0345 train 1.0000 test 0.2595
epoch 101/200 loss 0.0353 train 1.0000 test 0.2576
epoch 102/200 loss 0.0345 train 1.0000 test 0.2567
epoch 103/200 loss 0.0338 train 1.0000 test 0.2567
epoch 104/200 loss 0.0331 train 1.0000 test 0.2576
epoch 105/200 loss 0.0333 train 1.0000 test 0.2558
epoch 106/200 loss 0.0335 train 1.0000 test 0.2570
epoch 107/200 loss 0.0329 train 1.0000 test 0.2540
epoch 108/200 loss 0.0332 train 1.0000 test 0.2580
epoch 109/200 loss 0.0330 train 1.0000 test 0.2562
epoch 110/200 loss 0.0329 train 1.0000 test 0.2575
epoch 111/200 loss 0.0327 train 1.0000 test 0.2579
epoch 112/200 loss 0.0331 train 1.0000 test 0.2590
epoch 113/200 loss 0.0326 train 1.0000 test 0.2583
epoch 114/200 loss 0.0324 train 1.0000 test 0.2603
epoch 115/200 loss 0.0322 train 1.0000 test 0.2604
epoch 116/200 loss 0.0315 train 1.0000 test 0.2609
epoch 117/200 loss 0.0313 train 1.0000 test 0.2606
epoch 118/200 loss 0.0315 train 1.0000 test 0.2609
epoch 119/200 loss 0.0320 train 1.0000 test 0.2573
epoch 120/200 loss 0.0317 train 1.0000 test 0.2585
epoch 121/200 loss 0.0315 train 1.0000 test 0.2618
epoch 122/200 loss 0.0317 train 1.0000 test 0.2612
epoch 123/200 loss 0.0313 train 1.0000 test 0.2604
epoch 124/200 loss 0.0319 train 1.0000 test 0.2598
epoch 125/200 loss 0.0305 train 1.0000 test 0.2589
epoch 126/200 loss 0.0312 train 1.0000 test 0.2574
epoch 127/200 loss 0.0311 train 1.0000 test 0.2615
epoch 128/200 loss 0.0307 train 1.0000 test 0.2607
epoch 129/200 loss 0.0306 train 1.0000 test 0.2581
epoch 130/200 loss 0.0307 train 1.0000 test 0.2611
epoch 131/200 loss 0.0302 train 1.0000 test 0.2598
epoch 132/200 loss 0.0306 train 1.0000 test 0.2593
epoch 133/200 loss 0.0301 train 1.0000 test 0.2600
epoch 134/200 loss 0.0301 train 1.0000 test 0.2588
epoch 135/200 loss 0.0296 train 1.0000 test 0.2608
epoch 136/200 loss 0.0297 train 1.0000 test 0.2600
epoch 137/200 loss 0.0289 train 1.0000 test 0.2619
epoch 138/200 loss 0.0296 train 1.0000 test 0.2603
epoch 139/200 loss 0.0299 train 1.0000 test 0.2616
epoch 140/200 loss 0.0290 train 1.0000 test 0.2611
epoch 141/200 loss 0.0292 train 1.0000 test 0.2629
epoch 142/200 loss 0.0290 train 1.0000 test 0.2621
epoch 143/200 loss 0.0294 train 1.0000 test 0.2609
epoch 144/200 loss 0.0289 train 1.0000 test 0.2593
epoch 145/200 loss 0.0292 train 1.0000 test 0.2623
epoch 146/200 loss 0.0297 train 1.0000 test 0.2621
epoch 147/200 loss 0.0286 train 1.0000 test 0.2602
epoch 148/200 loss 0.0293 train 1.0000 test 0.2636
epoch 149/200 loss 0.0283 train 1.0000 test 0.2616
epoch 150/200 loss 0.0287 train 1.0000 test 0.2622
epoch 151/200 loss 0.0293 train 1.0000 test 0.2620
epoch 152/200 loss 0.0291 train 1.0000 test 0.2613
epoch 153/200 loss 0.0288 train 1.0000 test 0.2617
epoch 154/200 loss 0.0290 train 1.0000 test 0.2627
epoch 155/200 loss 0.0282 train 1.0000 test 0.2620
epoch 156/200 loss 0.0284 train 1.0000 test 0.2609
epoch 157/200 loss 0.0284 train 1.0000 test 0.2603
epoch 158/200 loss 0.0279 train 1.0000 test 0.2609
epoch 159/200 loss 0.0283 train 1.0000 test 0.2636
epoch 160/200 loss 0.0280 train 1.0000 test 0.2614
epoch 161/200 loss 0.0279 train 1.0000 test 0.2623
epoch 162/200 loss 0.0284 train 1.0000 test 0.2617
epoch 163/200 loss 0.0284 train 1.0000 test 0.2611
epoch 164/200 loss 0.0281 train 1.0000 test 0.2615
epoch 165/200 loss 0.0283 train 1.0000 test 0.2608
epoch 166/200 loss 0.0281 train 1.0000 test 0.2619
epoch 167/200 loss 0.0286 train 1.0000 test 0.2616
epoch 168/200 loss 0.0276 train 1.0000 test 0.2619
epoch 169/200 loss 0.0278 train 1.0000 test 0.2617
epoch 170/200 loss 0.0282 train 1.0000 test 0.2624
epoch 171/200 loss 0.0277 train 1.0000 test 0.2634
epoch 172/200 loss 0.0277 train 1.0000 test 0.2619
epoch 173/200 loss 0.0282 train 1.0000 test 0.2616
epoch 174/200 loss 0.0283 train 1.0000 test 0.2621
epoch 175/200 loss 0.0277 train 1.0000 test 0.2617
epoch 176/200 loss 0.0279 train 1.0000 test 0.2620
epoch 177/200 loss 0.0278 train 1.0000 test 0.2616
epoch 178/200 loss 0.0277 train 1.0000 test 0.2622
epoch 179/200 loss 0.0278 train 1.0000 test 0.2635
epoch 180/200 loss 0.0274 train 1.0000 test 0.2617
epoch 181/200 loss 0.0278 train 1.0000 test 0.2630
epoch 182/200 loss 0.0277 train 1.0000 test 0.2610
epoch 183/200 loss 0.0282 train 1.0000 test 0.2620
epoch 184/200 loss 0.0275 train 1.0000 test 0.2625
epoch 185/200 loss 0.0279 train 1.0000 test 0.2616
epoch 186/200 loss 0.0273 train 1.0000 test 0.2621
epoch 187/200 loss 0.0281 train 1.0000 test 0.2610
epoch 188/200 loss 0.0280 train 1.0000 test 0.2615
epoch 189/200 loss 0.0279 train 1.0000 test 0.2627
epoch 190/200 loss 0.0277 train 1.0000 test 0.2624
epoch 191/200 loss 0.0274 train 1.0000 test 0.2625
epoch 192/200 loss 0.0273 train 1.0000 test 0.2620
epoch 193/200 loss 0.0277 train 1.0000 test 0.2623
epoch 194/200 loss 0.0278 train 1.0000 test 0.2618
epoch 195/200 loss 0.0283 train 1.0000 test 0.2623
epoch 196/200 loss 0.0281 train 1.0000 test 0.2624
epoch 197/200 loss 0.0281 train 1.0000 test 0.2622
epoch 198/200 loss 0.0278 train 1.0000 test 0.2631
epoch 199/200 loss 0.0274 train 1.0000 test 0.2611
epoch 200/200 loss 0.0279 train 1.0000 test 0.2615
done: final 0.2615 best 0.2636 -> ./runs/auxhog_5pct/seed0
moment-aux target calibrated on 1024 images
[auxhog_5pct seed1] {"params_trainable": 11222445, "params_stem_trainable": 0, "params_stem_fixed_filters": 0, "flops_total": 556705792, "flops_stem": 0, "flops_image_size": 32}
epoch 1/200 loss 4.7215 train 0.0214 test 0.0417
epoch 2/200 loss 4.3989 train 0.0539 test 0.0527
epoch 3/200 loss 4.2373 train 0.0662 test 0.0684
epoch 4/200 loss 4.0844 train 0.0777 test 0.0740
epoch 5/200 loss 4.0526 train 0.0888 test 0.0841
epoch 6/200 loss 3.9098 train 0.1012 test 0.0934
epoch 7/200 loss 3.8162 train 0.1180 test 0.0937
epoch 8/200 loss 3.7588 train 0.1213 test 0.0937
epoch 9/200 loss 3.6838 train 0.1373 test 0.0950
epoch 10/200 loss 3.6149 train 0.1472 test 0.1077
epoch 11/200 loss 3.5359 train 0.1501 test 0.1111
epoch 12/200 loss 3.4721 train 0.1661 test 0.1165
epoch 13/200 loss 3.4084 train 0.1797 test 0.1101
epoch 14/200 loss 3.3595 train 0.1891 test 0.1230
epoch 15/200 loss 3.2739 train 0.1961 test 0.1277
epoch 16/200 loss 3.2000 train 0.2068 test 0.1333
epoch 17/200 loss 3.1069 train 0.2426 test 0.1295
epoch 18/200 loss 3.0868 train 0.2294 test 0.1332
epoch 19/200 loss 3.0623 train 0.2393 test 0.1436
epoch 20/200 loss 2.9422 train 0.2488 test 0.1428
epoch 21/200 loss 2.8971 train 0.2578 test 0.1374
epoch 22/200 loss 2.8683 train 0.2767 test 0.1478
epoch 23/200 loss 2.7725 train 0.2866 test 0.1322
epoch 24/200 loss 2.6672 train 0.2936 test 0.1546
epoch 25/200 loss 2.6158 train 0.3273 test 0.1497
epoch 26/200 loss 2.5662 train 0.3339 test 0.1630
epoch 27/200 loss 2.4327 train 0.3631 test 0.1635
epoch 28/200 loss 2.3482 train 0.3853 test 0.1719
epoch 29/200 loss 2.2713 train 0.3857 test 0.1639
epoch 30/200 loss 2.2367 train 0.3988 test 0.1588
epoch 31/200 loss 2.1524 train 0.4206 test 0.1581
epoch 32/200 loss 2.0483 train 0.4379 test 0.1451
epoch 33/200 loss 1.9826 train 0.4486 test 0.1688
epoch 34/200 loss 1.8977 train 0.4766 test 0.1754
epoch 35/200 loss 1.7796 train 0.5095 test 0.1684
epoch 36/200 loss 1.6429 train 0.5362 test 0.1822
epoch 37/200 loss 1.5864 train 0.5588 test 0.1713
epoch 38/200 loss 1.5067 train 0.5777 test 0.1671
epoch 39/200 loss 1.4481 train 0.5900 test 0.1797
epoch 40/200 loss 1.3353 train 0.6271 test 0.1848
epoch 41/200 loss 1.2061 train 0.6719 test 0.1802
epoch 42/200 loss 1.0934 train 0.6879 test 0.1929
epoch 43/200 loss 1.0788 train 0.6978 test 0.1949
epoch 44/200 loss 1.0519 train 0.6965 test 0.1790
epoch 45/200 loss 0.9360 train 0.7319 test 0.1906
epoch 46/200 loss 0.8508 train 0.7619 test 0.1879
epoch 47/200 loss 0.7351 train 0.7940 test 0.2015
epoch 48/200 loss 0.6561 train 0.8162 test 0.2016
epoch 49/200 loss 0.6060 train 0.8405 test 0.1932
epoch 50/200 loss 0.5437 train 0.8623 test 0.1863
epoch 51/200 loss 0.4915 train 0.8713 test 0.2049
epoch 52/200 loss 0.4570 train 0.8849 test 0.2078
epoch 53/200 loss 0.4035 train 0.8968 test 0.1946
epoch 54/200 loss 0.3930 train 0.9001 test 0.2012
epoch 55/200 loss 0.3201 train 0.9309 test 0.1992
epoch 56/200 loss 0.2882 train 0.9367 test 0.2212
epoch 57/200 loss 0.2702 train 0.9412 test 0.2055
epoch 58/200 loss 0.2607 train 0.9428 test 0.2004
epoch 59/200 loss 0.2570 train 0.9453 test 0.2155
epoch 60/200 loss 0.2271 train 0.9560 test 0.2098
epoch 61/200 loss 0.2015 train 0.9618 test 0.2044
epoch 62/200 loss 0.1601 train 0.9745 test 0.2251
epoch 63/200 loss 0.1398 train 0.9782 test 0.2352
epoch 64/200 loss 0.1319 train 0.9819 test 0.2300
epoch 65/200 loss 0.1170 train 0.9836 test 0.2380
epoch 66/200 loss 0.0931 train 0.9914 test 0.2341
epoch 67/200 loss 0.0970 train 0.9905 test 0.2338
epoch 68/200 loss 0.0749 train 0.9955 test 0.2435
epoch 69/200 loss 0.0637 train 0.9975 test 0.2434
epoch 70/200 loss 0.0533 train 0.9984 test 0.2472
epoch 71/200 loss 0.0523 train 0.9988 test 0.2499
epoch 72/200 loss 0.0505 train 0.9979 test 0.2466
epoch 73/200 loss 0.0471 train 1.0000 test 0.2504
epoch 74/200 loss 0.0447 train 0.9996 test 0.2548
epoch 75/200 loss 0.0469 train 0.9988 test 0.2539
epoch 76/200 loss 0.0459 train 0.9988 test 0.2468
epoch 77/200 loss 0.0439 train 0.9992 test 0.2554
epoch 78/200 loss 0.0424 train 1.0000 test 0.2583
epoch 79/200 loss 0.0407 train 1.0000 test 0.2576
epoch 80/200 loss 0.0393 train 1.0000 test 0.2584
epoch 81/200 loss 0.0393 train 1.0000 test 0.2569
epoch 82/200 loss 0.0383 train 1.0000 test 0.2576
epoch 83/200 loss 0.0392 train 0.9996 test 0.2600
epoch 84/200 loss 0.0374 train 1.0000 test 0.2578
epoch 85/200 loss 0.0369 train 1.0000 test 0.2601
epoch 86/200 loss 0.0380 train 1.0000 test 0.2628
epoch 87/200 loss 0.0366 train 1.0000 test 0.2602
epoch 88/200 loss 0.0368 train 1.0000 test 0.2614
epoch 89/200 loss 0.0370 train 1.0000 test 0.2596
epoch 90/200 loss 0.0358 train 1.0000 test 0.2590
epoch 91/200 loss 0.0366 train 1.0000 test 0.2579
epoch 92/200 loss 0.0357 train 1.0000 test 0.2597
epoch 93/200 loss 0.0361 train 1.0000 test 0.2606
epoch 94/200 loss 0.0348 train 1.0000 test 0.2605
epoch 95/200 loss 0.0351 train 0.9996 test 0.2584
epoch 96/200 loss 0.0362 train 0.9996 test 0.2593
epoch 97/200 loss 0.0355 train 1.0000 test 0.2633
epoch 98/200 loss 0.0358 train 0.9996 test 0.2579
epoch 99/200 loss 0.0355 train 1.0000 test 0.2625
epoch 100/200 loss 0.0351 train 1.0000 test 0.2617
epoch 101/200 loss 0.0347 train 1.0000 test 0.2622
epoch 102/200 loss 0.0356 train 1.0000 test 0.2612
epoch 103/200 loss 0.0338 train 1.0000 test 0.2616
epoch 104/200 loss 0.0333 train 1.0000 test 0.2624
epoch 105/200 loss 0.0330 train 1.0000 test 0.2620
epoch 106/200 loss 0.0330 train 1.0000 test 0.2617
epoch 107/200 loss 0.0334 train 1.0000 test 0.2615
epoch 108/200 loss 0.0340 train 0.9996 test 0.2618
epoch 109/200 loss 0.0337 train 0.9996 test 0.2615
epoch 110/200 loss 0.0332 train 1.0000 test 0.2630
epoch 111/200 loss 0.0326 train 1.0000 test 0.2625
epoch 112/200 loss 0.0321 train 1.0000 test 0.2610
epoch 113/200 loss 0.0322 train 1.0000 test 0.2622
epoch 114/200 loss 0.0324 train 1.0000 test 0.2612
epoch 115/200 loss 0.0315 train 1.0000 test 0.2618
epoch 116/200 loss 0.0314 train 1.0000 test 0.2623
epoch 117/200 loss 0.0317 train 1.0000 test 0.2628
epoch 118/200 loss 0.0319 train 1.0000 test 0.2613
epoch 119/200 loss 0.0307 train 1.0000 test 0.2625
epoch 120/200 loss 0.0320 train 1.0000 test 0.2645
epoch 121/200 loss 0.0305 train 1.0000 test 0.2620
epoch 122/200 loss 0.0307 train 1.0000 test 0.2619
epoch 123/200 loss 0.0316 train 1.0000 test 0.2646
epoch 124/200 loss 0.0310 train 1.0000 test 0.2641
epoch 125/200 loss 0.0309 train 1.0000 test 0.2651
epoch 126/200 loss 0.0300 train 1.0000 test 0.2660
epoch 127/200 loss 0.0300 train 1.0000 test 0.2632
epoch 128/200 loss 0.0297 train 1.0000 test 0.2630
epoch 129/200 loss 0.0298 train 1.0000 test 0.2637
epoch 130/200 loss 0.0302 train 1.0000 test 0.2648
epoch 131/200 loss 0.0295 train 1.0000 test 0.2633
epoch 132/200 loss 0.0297 train 1.0000 test 0.2637
epoch 133/200 loss 0.0294 train 1.0000 test 0.2648
epoch 134/200 loss 0.0291 train 1.0000 test 0.2663
epoch 135/200 loss 0.0296 train 1.0000 test 0.2658
epoch 136/200 loss 0.0293 train 1.0000 test 0.2677
epoch 137/200 loss 0.0290 train 1.0000 test 0.2670
epoch 138/200 loss 0.0288 train 1.0000 test 0.2669
epoch 139/200 loss 0.0286 train 1.0000 test 0.2656
epoch 140/200 loss 0.0290 train 1.0000 test 0.2673
epoch 141/200 loss 0.0286 train 1.0000 test 0.2670
epoch 142/200 loss 0.0290 train 1.0000 test 0.2626
epoch 143/200 loss 0.0296 train 1.0000 test 0.2640
epoch 144/200 loss 0.0286 train 1.0000 test 0.2660
epoch 145/200 loss 0.0290 train 1.0000 test 0.2651
epoch 146/200 loss 0.0288 train 1.0000 test 0.2663
epoch 147/200 loss 0.0278 train 1.0000 test 0.2668
epoch 148/200 loss 0.0291 train 1.0000 test 0.2662
epoch 149/200 loss 0.0285 train 1.0000 test 0.2661
epoch 150/200 loss 0.0285 train 1.0000 test 0.2673
epoch 151/200 loss 0.0286 train 1.0000 test 0.2658
epoch 152/200 loss 0.0279 train 1.0000 test 0.2669
epoch 153/200 loss 0.0277 train 1.0000 test 0.2665
epoch 154/200 loss 0.0281 train 1.0000 test 0.2648
epoch 155/200 loss 0.0284 train 1.0000 test 0.2663
epoch 156/200 loss 0.0278 train 1.0000 test 0.2658
epoch 157/200 loss 0.0276 train 1.0000 test 0.2678
epoch 158/200 loss 0.0278 train 1.0000 test 0.2662
epoch 159/200 loss 0.0284 train 1.0000 test 0.2664
epoch 160/200 loss 0.0272 train 1.0000 test 0.2681
epoch 161/200 loss 0.0270 train 1.0000 test 0.2672
epoch 162/200 loss 0.0279 train 1.0000 test 0.2671
epoch 163/200 loss 0.0281 train 1.0000 test 0.2677
epoch 164/200 loss 0.0277 train 1.0000 test 0.2669
epoch 165/200 loss 0.0277 train 1.0000 test 0.2673
epoch 166/200 loss 0.0277 train 1.0000 test 0.2662
epoch 167/200 loss 0.0281 train 1.0000 test 0.2663
epoch 168/200 loss 0.0270 train 1.0000 test 0.2672
epoch 169/200 loss 0.0276 train 1.0000 test 0.2671
epoch 170/200 loss 0.0273 train 1.0000 test 0.2683
epoch 171/200 loss 0.0277 train 1.0000 test 0.2667
epoch 172/200 loss 0.0274 train 1.0000 test 0.2681
epoch 173/200 loss 0.0274 train 1.0000 test 0.2662
epoch 174/200 loss 0.0272 train 1.0000 test 0.2684
epoch 175/200 loss 0.0275 train 1.0000 test 0.2668
epoch 176/200 loss 0.0272 train 1.0000 test 0.2663
epoch 177/200 loss 0.0272 train 1.0000 test 0.2655
epoch 178/200 loss 0.0270 train 1.0000 test 0.2672
epoch 179/200 loss 0.0270 train 1.0000 test 0.2650
epoch 180/200 loss 0.0270 train 1.0000 test 0.2662
epoch 181/200 loss 0.0273 train 1.0000 test 0.2673
epoch 182/200 loss 0.0274 train 1.0000 test 0.2667
epoch 183/200 loss 0.0275 train 1.0000 test 0.2675
epoch 184/200 loss 0.0270 train 1.0000 test 0.2658
epoch 185/200 loss 0.0275 train 1.0000 test 0.2670
epoch 186/200 loss 0.0269 train 1.0000 test 0.2680
epoch 187/200 loss 0.0266 train 1.0000 test 0.2669
epoch 188/200 loss 0.0270 train 1.0000 test 0.2678
epoch 189/200 loss 0.0271 train 1.0000 test 0.2668
epoch 190/200 loss 0.0267 train 1.0000 test 0.2675
epoch 191/200 loss 0.0268 train 1.0000 test 0.2664
epoch 192/200 loss 0.0273 train 1.0000 test 0.2669
epoch 193/200 loss 0.0273 train 1.0000 test 0.2661
epoch 194/200 loss 0.0271 train 1.0000 test 0.2664
epoch 195/200 loss 0.0275 train 1.0000 test 0.2662
epoch 196/200 loss 0.0270 train 1.0000 test 0.2672
epoch 197/200 loss 0.0270 train 1.0000 test 0.2674
epoch 198/200 loss 0.0274 train 1.0000 test 0.2663
epoch 199/200 loss 0.0275 train 1.0000 test 0.2654
epoch 200/200 loss 0.0266 train 1.0000 test 0.2676
done: final 0.2676 best 0.2684 -> ./runs/auxhog_5pct/seed1
moment-aux target calibrated on 1024 images
[auxhog_5pct seed2] {"params_trainable": 11222445, "params_stem_trainable": 0, "params_stem_fixed_filters": 0, "flops_total": 556705792, "flops_stem": 0, "flops_image_size": 32}
epoch 1/200 loss 4.6953 train 0.0201 test 0.0362
epoch 2/200 loss 4.3861 train 0.0502 test 0.0643
epoch 3/200 loss 4.2027 train 0.0818 test 0.0661
epoch 4/200 loss 4.0850 train 0.0826 test 0.0853
epoch 5/200 loss 3.9765 train 0.0970 test 0.0924
epoch 6/200 loss 3.8520 train 0.1028 test 0.0952
epoch 7/200 loss 3.7695 train 0.1201 test 0.0949
epoch 8/200 loss 3.7154 train 0.1242 test 0.0965
epoch 9/200 loss 3.6584 train 0.1390 test 0.1057
epoch 10/200 loss 3.5695 train 0.1513 test 0.1026
epoch 11/200 loss 3.5297 train 0.1620 test 0.1053
epoch 12/200 loss 3.4559 train 0.1608 test 0.1174
epoch 13/200 loss 3.4002 train 0.1772 test 0.1105
epoch 14/200 loss 3.3413 train 0.1805 test 0.1264
epoch 15/200 loss 3.2492 train 0.2113 test 0.1362
epoch 16/200 loss 3.1752 train 0.2142 test 0.1278
epoch 17/200 loss 3.1340 train 0.2290 test 0.1280
epoch 18/200 loss 3.0974 train 0.2274 test 0.1380
epoch 19/200 loss 3.0088 train 0.2410 test 0.1324
epoch 20/200 loss 2.9787 train 0.2529 test 0.1421
epoch 21/200 loss 2.8833 train 0.2738 test 0.1509
epoch 22/200 loss 2.7826 train 0.2874 test 0.1545
epoch 23/200 loss 2.7022 train 0.3067 test 0.1679
epoch 24/200 loss 2.6803 train 0.3117 test 0.1625
epoch 25/200 loss 2.5789 train 0.3129 test 0.1385
epoch 26/200 loss 2.5356 train 0.3396 test 0.1590
epoch 27/200 loss 2.4706 train 0.3417 test 0.1701
epoch 28/200 loss 2.3916 train 0.3672 test 0.1530
epoch 29/200 loss 2.2670 train 0.3902 test 0.1703
epoch 30/200 loss 2.2040 train 0.4124 test 0.1780
epoch 31/200 loss 2.0706 train 0.4297 test 0.1696
epoch 32/200 loss 1.9595 train 0.4556 test 0.1692
epoch 33/200 loss 1.8812 train 0.4877 test 0.1819
epoch 34/200 loss 1.8362 train 0.4893 test 0.1737
epoch 35/200 loss 1.7521 train 0.5099 test 0.1782
epoch 36/200 loss 1.7175 train 0.5185 test 0.1694
epoch 37/200 loss 1.5954 train 0.5502 test 0.1766
epoch 38/200 loss 1.4423 train 0.6007 test 0.1924
epoch 39/200 loss 1.4080 train 0.6032 test 0.1849
epoch 40/200 loss 1.2948 train 0.6365 test 0.1759
epoch 41/200 loss 1.2215 train 0.6558 test 0.1739
epoch 42/200 loss 1.1240 train 0.6822 test 0.1643
epoch 43/200 loss 1.0937 train 0.6933 test 0.1806
epoch 44/200 loss 1.0510 train 0.6875 test 0.1928
epoch 45/200 loss 0.9303 train 0.7237 test 0.1777
epoch 46/200 loss 0.8595 train 0.7512 test 0.1794
epoch 47/200 loss 0.7750 train 0.7767 test 0.1953
epoch 48/200 loss 0.6675 train 0.8121 test 0.1996
epoch 49/200 loss 0.5795 train 0.8499 test 0.1994
epoch 50/200 loss 0.5402 train 0.8569 test 0.2071
epoch 51/200 loss 0.4994 train 0.8635 test 0.1858
epoch 52/200 loss 0.4917 train 0.8688 test 0.2057
epoch 53/200 loss 0.4557 train 0.8845 test 0.2081
epoch 54/200 loss 0.4235 train 0.9009 test 0.2105
epoch 55/200 loss 0.3713 train 0.9046 test 0.2089
epoch 56/200 loss 0.3488 train 0.9120 test 0.1931
epoch 57/200 loss 0.3262 train 0.9235 test 0.2018
epoch 58/200 loss 0.2979 train 0.9280 test 0.2139
epoch 59/200 loss 0.2826 train 0.9375 test 0.2149
epoch 60/200 loss 0.2536 train 0.9420 test 0.2039
epoch 61/200 loss 0.1985 train 0.9613 test 0.2236
epoch 62/200 loss 0.1745 train 0.9733 test 0.2254
epoch 63/200 loss 0.1565 train 0.9688 test 0.2284
epoch 64/200 loss 0.1671 train 0.9729 test 0.2328
epoch 65/200 loss 0.1409 train 0.9774 test 0.2316
epoch 66/200 loss 0.1291 train 0.9794 test 0.2308
epoch 67/200 loss 0.1136 train 0.9852 test 0.2293
epoch 68/200 loss 0.0891 train 0.9930 test 0.2343
epoch 69/200 loss 0.0762 train 0.9955 test 0.2415
epoch 70/200 loss 0.0614 train 0.9967 test 0.2433
epoch 71/200 loss 0.0661 train 0.9975 test 0.2421
epoch 72/200 loss 0.0560 train 0.9984 test 0.2477
epoch 73/200 loss 0.0490 train 0.9996 test 0.2493
epoch 74/200 loss 0.0453 train 1.0000 test 0.2533
epoch 75/200 loss 0.0431 train 1.0000 test 0.2524
epoch 76/200 loss 0.0408 train 1.0000 test 0.2532
epoch 77/200 loss 0.0406 train 1.0000 test 0.2545
epoch 78/200 loss 0.0391 train 1.0000 test 0.2535
epoch 79/200 loss 0.0385 train 1.0000 test 0.2570
epoch 80/200 loss 0.0372 train 1.0000 test 0.2563
epoch 81/200 loss 0.0382 train 1.0000 test 0.2525
epoch 82/200 loss 0.0378 train 0.9996 test 0.2560
epoch 83/200 loss 0.0374 train 1.0000 test 0.2539
epoch 84/200 loss 0.0365 train 1.0000 test 0.2552
epoch 85/200 loss 0.0370 train 1.0000 test 0.2558
epoch 86/200 loss 0.0364 train 1.0000 test 0.2582
epoch 87/200 loss 0.0368 train 1.0000 test 0.2562
epoch 88/200 loss 0.0362 train 1.0000 test 0.2589
epoch 89/200 loss 0.0359 train 1.0000 test 0.2564
epoch 90/200 loss 0.0354 train 1.0000 test 0.2553
epoch 91/200 loss 0.0358 train 1.0000 test 0.2582
epoch 92/200 loss 0.0351 train 1.0000 test 0.2592
epoch 93/200 loss 0.0350 train 1.0000 test 0.2591
epoch 94/200 loss 0.0344 train 1.0000 test 0.2575
epoch 95/200 loss 0.0346 train 1.0000 test 0.2573
epoch 96/200 loss 0.0339 train 1.0000 test 0.2587
epoch 97/200 loss 0.0348 train 1.0000 test 0.2572
epoch 98/200 loss 0.0345 train 1.0000 test 0.2584
epoch 99/200 loss 0.0345 train 1.0000 test 0.2606
epoch 100/200 loss 0.0346 train 1.0000 test 0.2610
epoch 101/200 loss 0.0341 train 1.0000 test 0.2588
epoch 102/200 loss 0.0337 train 1.0000 test 0.2618
epoch 103/200 loss 0.0334 train 1.0000 test 0.2608
epoch 104/200 loss 0.0336 train 1.0000 test 0.2587
epoch 105/200 loss 0.0339 train 1.0000 test 0.2594
epoch 106/200 loss 0.0367 train 0.9996 test 0.2601
epoch 107/200 loss 0.0347 train 1.0000 test 0.2598
epoch 108/200 loss 0.0340 train 1.0000 test 0.2615
epoch 109/200 loss 0.0331 train 1.0000 test 0.2628
epoch 110/200 loss 0.0329 train 1.0000 test 0.2632
epoch 111/200 loss 0.0330 train 1.0000 test 0.2628
epoch 112/200 loss 0.0322 train 1.0000 test 0.2610
epoch 113/200 loss 0.0320 train 1.0000 test 0.2592
epoch 114/200 loss 0.0323 train 1.0000 test 0.2610
epoch 115/200 loss 0.0319 train 1.0000 test 0.2632
epoch 116/200 loss 0.0324 train 1.0000 test 0.2619
epoch 117/200 loss 0.0323 train 1.0000 test 0.2617
epoch 118/200 loss 0.0321 train 1.0000 test 0.2634
epoch 119/200 loss 0.0322 train 1.0000 test 0.2604
epoch 120/200 loss 0.0313 train 1.0000 test 0.2616
epoch 121/200 loss 0.0313 train 1.0000 test 0.2617
epoch 122/200 loss 0.0313 train 1.0000 test 0.2627
epoch 123/200 loss 0.0317 train 1.0000 test 0.2637
epoch 124/200 loss 0.0313 train 1.0000 test 0.2630
epoch 125/200 loss 0.0309 train 1.0000 test 0.2624
epoch 126/200 loss 0.0306 train 1.0000 test 0.2616
epoch 127/200 loss 0.0307 train 1.0000 test 0.2622
epoch 128/200 loss 0.0306 train 1.0000 test 0.2618
epoch 129/200 loss 0.0306 train 1.0000 test 0.2633
epoch 130/200 loss 0.0306 train 1.0000 test 0.2625
epoch 131/200 loss 0.0313 train 1.0000 test 0.2639
epoch 132/200 loss 0.0298 train 1.0000 test 0.2621
epoch 133/200 loss 0.0301 train 1.0000 test 0.2616
epoch 134/200 loss 0.0300 train 1.0000 test 0.2632
epoch 135/200 loss 0.0296 train 1.0000 test 0.2620
epoch 136/200 loss 0.0305 train 1.0000 test 0.2620
epoch 137/200 loss 0.0295 train 1.0000 test 0.2631
epoch 138/200 loss 0.0300 train 1.0000 test 0.2627
epoch 139/200 loss 0.0303 train 1.0000 test 0.2617
epoch 140/200 loss 0.0298 train 1.0000 test 0.2633
epoch 141/200 loss 0.0294 train 1.0000 test 0.2633
epoch 142/200 loss 0.0293 train 1.0000 test 0.2623
epoch 143/200 loss 0.0303 train 1.0000 test 0.2631
epoch 144/200 loss 0.0296 train 1.0000 test 0.2643
epoch 145/200 loss 0.0293 train 1.0000 test 0.2623
epoch 146/200 loss 0.0293 train 1.0000 test 0.2638
epoch 147/200 loss 0.0289 train 1.0000 test 0.2644
epoch 148/200 loss 0.0287 train 1.0000 test 0.2641
epoch 149/200 loss 0.0287 train 1.0000 test 0.2644
epoch 150/200 loss 0.0286 train 1.0000 test 0.2630
epoch 151/200 loss 0.0289 train 1.0000 test 0.2625
epoch 152/200 loss 0.0290 train 1.0000 test 0.2635
epoch 153/200 loss 0.0290 train 1.0000 test 0.2631
epoch 154/200 loss 0.0288 train 1.0000 test 0.2627
epoch 155/200 loss 0.0295 train 1.0000 test 0.2633
epoch 156/200 loss 0.0286 train 1.0000 test 0.2641
epoch 157/200 loss 0.0280 train 1.0000 test 0.2632
epoch 158/200 loss 0.0284 train 1.0000 test 0.2648
epoch 159/200 loss 0.0295 train 1.0000 test 0.2642
epoch 160/200 loss 0.0284 train 1.0000 test 0.2628
epoch 161/200 loss 0.0290 train 1.0000 test 0.2627
epoch 162/200 loss 0.0285 train 1.0000 test 0.2628
epoch 163/200 loss 0.0286 train 1.0000 test 0.2630
epoch 164/200 loss 0.0285 train 1.0000 test 0.2639
epoch 165/200 loss 0.0284 train 1.0000 test 0.2644
epoch 166/200 loss 0.0282 train 1.0000 test 0.2647
epoch 167/200 loss 0.0280 train 1.0000 test 0.2641
epoch 168/200 loss 0.0290 train 1.0000 test 0.2640
epoch 169/200 loss 0.0275 train 1.0000 test 0.2641
epoch 170/200 loss 0.0285 train 1.0000 test 0.2641
epoch 171/200 loss 0.0282 train 1.0000 test 0.2639
epoch 172/200 loss 0.0281 train 1.0000 test 0.2647
epoch 173/200 loss 0.0279 train 1.0000 test 0.2646
epoch 174/200 loss 0.0286 train 1.0000 test 0.2640
epoch 175/200 loss 0.0282 train 1.0000 test 0.2641
epoch 176/200 loss 0.0279 train 1.0000 test 0.2644
epoch 177/200 loss 0.0282 train 1.0000 test 0.2635
epoch 178/200 loss 0.0281 train 1.0000 test 0.2640
epoch 179/200 loss 0.0284 train 1.0000 test 0.2642
epoch 180/200 loss 0.0280 train 1.0000 test 0.2636
epoch 181/200 loss 0.0282 train 1.0000 test 0.2644
epoch 182/200 loss 0.0276 train 1.0000 test 0.2620
epoch 183/200 loss 0.0279 train 1.0000 test 0.2635
epoch 184/200 loss 0.0279 train 1.0000 test 0.2630
epoch 185/200 loss 0.0283 train 1.0000 test 0.2635
epoch 186/200 loss 0.0276 train 1.0000 test 0.2634
epoch 187/200 loss 0.0283 train 1.0000 test 0.2640
epoch 188/200 loss 0.0276 train 1.0000 test 0.2626
epoch 189/200 loss 0.0282 train 1.0000 test 0.2643
epoch 190/200 loss 0.0273 train 1.0000 test 0.2643
epoch 191/200 loss 0.0281 train 1.0000 test 0.2656
epoch 192/200 loss 0.0277 train 1.0000 test 0.2656
epoch 193/200 loss 0.0276 train 1.0000 test 0.2642
epoch 194/200 loss 0.0283 train 1.0000 test 0.2627
epoch 195/200 loss 0.0282 train 1.0000 test 0.2640
epoch 196/200 loss 0.0281 train 1.0000 test 0.2639
epoch 197/200 loss 0.0282 train 1.0000 test 0.2640
epoch 198/200 loss 0.0281 train 1.0000 test 0.2642
epoch 199/200 loss 0.0282 train 1.0000 test 0.2635
epoch 200/200 loss 0.0276 train 1.0000 test 0.2643
done: final 0.2643 best 0.2656 -> ./runs/auxhog_5pct/seed2
AUXCTRL_auxhog_5pct_DONE
AUXCONTROLS_COMPLETE
