moment-aux target calibrated on 1024 images
[auxmag_2pct_sched2 seed0] {"params_trainable": 11222188, "params_stem_trainable": 0, "params_stem_fixed_filters": 0, "flops_total": 556705792, "flops_stem": 0, "flops_image_size": 32}
epoch 1/200 loss 9.5312 train 0.0089 test 0.0132
epoch 2/200 loss 6.5970 train 0.0246 test 0.0166
epoch 3/200 loss 5.6551 train 0.0357 test 0.0243
epoch 4/200 loss 5.1443 train 0.0379 test 0.0443
epoch 5/200 loss 4.8097 train 0.0569 test 0.0476
epoch 6/200 loss 4.5925 train 0.0603 test 0.0571
epoch 7/200 loss 4.4428 train 0.0748 test 0.0613
epoch 8/200 loss 4.2636 train 0.0904 test 0.0598
epoch 9/200 loss 4.1666 train 0.1016 test 0.0727
epoch 10/200 loss 3.9922 train 0.1339 test 0.0764
epoch 11/200 loss 3.8907 train 0.1473 test 0.0819
epoch 12/200 loss 3.8311 train 0.1596 test 0.0814
epoch 13/200 loss 3.7127 train 0.1585 test 0.0842
epoch 14/200 loss 3.6611 train 0.1730 test 0.0938
epoch 15/200 loss 3.5675 train 0.1797 test 0.0913
epoch 16/200 loss 3.4763 train 0.1987 test 0.0892
epoch 17/200 loss 3.3781 train 0.2165 test 0.1043
epoch 18/200 loss 3.3144 train 0.2176 test 0.0846
epoch 19/200 loss 3.2703 train 0.2422 test 0.0896
epoch 20/200 loss 3.1513 train 0.2600 test 0.1041
epoch 21/200 loss 3.0616 train 0.2879 test 0.0999
epoch 22/200 loss 3.0801 train 0.2779 test 0.1076
epoch 23/200 loss 2.9800 train 0.2801 test 0.1068
epoch 24/200 loss 2.9647 train 0.2879 test 0.1015
epoch 25/200 loss 2.8494 train 0.3136 test 0.0979
epoch 26/200 loss 2.7306 train 0.3460 test 0.1183
epoch 27/200 loss 2.6767 train 0.3415 test 0.1181
epoch 28/200 loss 2.6855 train 0.3382 test 0.1179
epoch 29/200 loss 2.4908 train 0.3806 test 0.1193
epoch 30/200 loss 2.4093 train 0.4051 test 0.1253
epoch 31/200 loss 2.3706 train 0.4185 test 0.1236
epoch 32/200 loss 2.3226 train 0.4252 test 0.1240
epoch 33/200 loss 2.2796 train 0.4342 test 0.1338
epoch 34/200 loss 2.1308 train 0.4710 test 0.1138
epoch 35/200 loss 2.0167 train 0.5045 test 0.1270
epoch 36/200 loss 1.9429 train 0.5246 test 0.1227
epoch 37/200 loss 1.8711 train 0.5234 test 0.1294
epoch 38/200 loss 1.7118 train 0.5915 test 0.1227
epoch 39/200 loss 1.6724 train 0.5804 test 0.1279
epoch 40/200 loss 1.5301 train 0.6507 test 0.1310
epoch 41/200 loss 1.4713 train 0.6473 test 0.1308
epoch 42/200 loss 1.3897 train 0.6752 test 0.1356
epoch 43/200 loss 1.3340 train 0.6730 test 0.1335
epoch 44/200 loss 1.2278 train 0.7143 test 0.1339
epoch 45/200 loss 1.2742 train 0.7020 test 0.1367
epoch 46/200 loss 1.2448 train 0.7042 test 0.1331
epoch 47/200 loss 1.1913 train 0.7232 test 0.1268
epoch 48/200 loss 1.0835 train 0.7411 test 0.1429
epoch 49/200 loss 0.9529 train 0.7980 test 0.1357
epoch 50/200 loss 0.9343 train 0.8025 test 0.1407
epoch 51/200 loss 0.8986 train 0.8103 test 0.1380
epoch 52/200 loss 0.8081 train 0.8348 test 0.1399
epoch 53/200 loss 0.7194 train 0.8650 test 0.1354
epoch 54/200 loss 0.6810 train 0.8683 test 0.1377
epoch 55/200 loss 0.6317 train 0.8616 test 0.1464
epoch 56/200 loss 0.5470 train 0.8951 test 0.1360
epoch 57/200 loss 0.5171 train 0.9185 test 0.1500
epoch 58/200 loss 0.4640 train 0.9319 test 0.1476
epoch 59/200 loss 0.4005 train 0.9531 test 0.1496
epoch 60/200 loss 0.3903 train 0.9509 test 0.1467
epoch 61/200 loss 0.3868 train 0.9576 test 0.1440
epoch 62/200 loss 0.3738 train 0.9498 test 0.1493
epoch 63/200 loss 0.3376 train 0.9654 test 0.1474
epoch 64/200 loss 0.3324 train 0.9654 test 0.1505
epoch 65/200 loss 0.3226 train 0.9565 test 0.1465
epoch 66/200 loss 0.2781 train 0.9754 test 0.1534
epoch 67/200 loss 0.2751 train 0.9788 test 0.1451
epoch 68/200 loss 0.2494 train 0.9688 test 0.1571
epoch 69/200 loss 0.2229 train 0.9810 test 0.1539
epoch 70/200 loss 0.2191 train 0.9888 test 0.1586
epoch 71/200 loss 0.1850 train 0.9911 test 0.1541
epoch 72/200 loss 0.1782 train 0.9922 test 0.1549
epoch 73/200 loss 0.1623 train 0.9944 test 0.1662
epoch 74/200 loss 0.1451 train 0.9989 test 0.1573
epoch 75/200 loss 0.1287 train 0.9978 test 0.1622
epoch 76/200 loss 0.1271 train 1.0000 test 0.1643
epoch 77/200 loss 0.1193 train 1.0000 test 0.1652
epoch 78/200 loss 0.1112 train 1.0000 test 0.1656
epoch 79/200 loss 0.1090 train 0.9989 test 0.1624
epoch 80/200 loss 0.1006 train 1.0000 test 0.1689
epoch 81/200 loss 0.0900 train 1.0000 test 0.1703
epoch 82/200 loss 0.0884 train 1.0000 test 0.1687
epoch 83/200 loss 0.0884 train 1.0000 test 0.1691
epoch 84/200 loss 0.0864 train 1.0000 test 0.1705
epoch 85/200 loss 0.0861 train 1.0000 test 0.1708
epoch 86/200 loss 0.0801 train 1.0000 test 0.1702
epoch 87/200 loss 0.0800 train 1.0000 test 0.1719
epoch 88/200 loss 0.0777 train 1.0000 test 0.1714
epoch 89/200 loss 0.0757 train 1.0000 test 0.1702
epoch 90/200 loss 0.0752 train 1.0000 test 0.1677
epoch 91/200 loss 0.0733 train 1.0000 test 0.1702
epoch 92/200 loss 0.0721 train 1.0000 test 0.1681
epoch 93/200 loss 0.0694 train 1.0000 test 0.1687
epoch 94/200 loss 0.0691 train 1.0000 test 0.1692
epoch 95/200 loss 0.0650 train 1.0000 test 0.1701
epoch 96/200 loss 0.0688 train 1.0000 test 0.1683
epoch 97/200 loss 0.0668 train 1.0000 test 0.1702
epoch 98/200 loss 0.0614 train 1.0000 test 0.1701
epoch 99/200 loss 0.0594 train 1.0000 test 0.1695
epoch 100/200 loss 0.0635 train 1.0000 test 0.1706
epoch 101/200 loss 0.0610 train 1.0000 test 0.1708
epoch 102/200 loss 0.0611 train 1.0000 test 0.1713
epoch 103/200 loss 0.0562 train 1.0000 test 0.1711
epoch 104/200 loss 0.0564 train 1.0000 test 0.1704
epoch 105/200 loss 0.0559 train 1.0000 test 0.1684
epoch 106/200 loss 0.0546 train 1.0000 test 0.1713
epoch 107/200 loss 0.0523 train 1.0000 test 0.1702
epoch 108/200 loss 0.0515 train 1.0000 test 0.1700
epoch 109/200 loss 0.0502 train 1.0000 test 0.1714
epoch 110/200 loss 0.0501 train 1.0000 test 0.1718
epoch 111/200 loss 0.0479 train 1.0000 test 0.1717
epoch 112/200 loss 0.0487 train 1.0000 test 0.1711
epoch 113/200 loss 0.0461 train 1.0000 test 0.1716
epoch 114/200 loss 0.0469 train 1.0000 test 0.1722
epoch 115/200 loss 0.0462 train 1.0000 test 0.1714
epoch 116/200 loss 0.0444 train 1.0000 test 0.1702
epoch 117/200 loss 0.0450 train 1.0000 test 0.1697
epoch 118/200 loss 0.0426 train 1.0000 test 0.1691
epoch 119/200 loss 0.0422 train 1.0000 test 0.1721
epoch 120/200 loss 0.0410 train 1.0000 test 0.1717
epoch 121/200 loss 0.0407 train 1.0000 test 0.1732
epoch 122/200 loss 0.0396 train 1.0000 test 0.1734
epoch 123/200 loss 0.0388 train 1.0000 test 0.1730
epoch 124/200 loss 0.0402 train 1.0000 test 0.1722
epoch 125/200 loss 0.0412 train 1.0000 test 0.1719
epoch 126/200 loss 0.0378 train 1.0000 test 0.1732
epoch 127/200 loss 0.0358 train 1.0000 test 0.1725
epoch 128/200 loss 0.0346 train 1.0000 test 0.1723
epoch 129/200 loss 0.0341 train 1.0000 test 0.1712
epoch 130/200 loss 0.0343 train 1.0000 test 0.1728
epoch 131/200 loss 0.0345 train 1.0000 test 0.1725
epoch 132/200 loss 0.0337 train 1.0000 test 0.1718
epoch 133/200 loss 0.0329 train 1.0000 test 0.1709
epoch 134/200 loss 0.0335 train 1.0000 test 0.1703
epoch 135/200 loss 0.0315 train 1.0000 test 0.1705
epoch 136/200 loss 0.0311 train 1.0000 test 0.1700
epoch 137/200 loss 0.0303 train 1.0000 test 0.1706
epoch 138/200 loss 0.0296 train 1.0000 test 0.1726
epoch 139/200 loss 0.0304 train 1.0000 test 0.1722
epoch 140/200 loss 0.0289 train 1.0000 test 0.1728
epoch 141/200 loss 0.0273 train 1.0000 test 0.1726
epoch 142/200 loss 0.0260 train 1.0000 test 0.1734
epoch 143/200 loss 0.0259 train 1.0000 test 0.1726
epoch 144/200 loss 0.0249 train 1.0000 test 0.1728
epoch 145/200 loss 0.0249 train 1.0000 test 0.1720
epoch 146/200 loss 0.0256 train 1.0000 test 0.1739
epoch 147/200 loss 0.0238 train 1.0000 test 0.1723
epoch 148/200 loss 0.0239 train 1.0000 test 0.1727
epoch 149/200 loss 0.0248 train 1.0000 test 0.1727
epoch 150/200 loss 0.0234 train 1.0000 test 0.1727
epoch 151/200 loss 0.0224 train 1.0000 test 0.1733
epoch 152/200 loss 0.0216 train 1.0000 test 0.1738
epoch 153/200 loss 0.0223 train 1.0000 test 0.1729
epoch 154/200 loss 0.0210 train 1.0000 test 0.1733
epoch 155/200 loss 0.0206 train 1.0000 test 0.1729
epoch 156/200 loss 0.0191 train 1.0000 test 0.1723
epoch 157/200 loss 0.0206 train 1.0000 test 0.1730
epoch 158/200 loss 0.0182 train 1.0000 test 0.1733
epoch 159/200 loss 0.0196 train 1.0000 test 0.1734
epoch 160/200 loss 0.0194 train 1.0000 test 0.1733
epoch 161/200 loss 0.0167 train 1.0000 test 0.1714
epoch 162/200 loss 0.0177 train 1.0000 test 0.1716
epoch 163/200 loss 0.0165 train 1.0000 test 0.1738
epoch 164/200 loss 0.0168 train 1.0000 test 0.1714
epoch 165/200 loss 0.0159 train 1.0000 test 0.1718
epoch 166/200 loss 0.0164 train 1.0000 test 0.1728
epoch 167/200 loss 0.0150 train 1.0000 test 0.1723
epoch 168/200 loss 0.0149 train 1.0000 test 0.1721
epoch 169/200 loss 0.0158 train 1.0000 test 0.1721
epoch 170/200 loss 0.0155 train 1.0000 test 0.1719
epoch 171/200 loss 0.0152 train 1.0000 test 0.1727
epoch 172/200 loss 0.0153 train 1.0000 test 0.1732
epoch 173/200 loss 0.0140 train 1.0000 test 0.1736
epoch 174/200 loss 0.0133 train 1.0000 test 0.1727
epoch 175/200 loss 0.0131 train 1.0000 test 0.1728
epoch 176/200 loss 0.0127 train 1.0000 test 0.1722
epoch 177/200 loss 0.0128 train 1.0000 test 0.1724
epoch 178/200 loss 0.0129 train 1.0000 test 0.1729
epoch 179/200 loss 0.0114 train 1.0000 test 0.1730
epoch 180/200 loss 0.0127 train 1.0000 test 0.1725
epoch 181/200 loss 0.0120 train 1.0000 test 0.1730
epoch 182/200 loss 0.0120 train 1.0000 test 0.1724
epoch 183/200 loss 0.0115 train 1.0000 test 0.1728
epoch 184/200 loss 0.0100 train 1.0000 test 0.1730
epoch 185/200 loss 0.0117 train 1.0000 test 0.1720
epoch 186/200 loss 0.0109 train 1.0000 test 0.1722
epoch 187/200 loss 0.0108 train 1.0000 test 0.1735
epoch 188/200 loss 0.0108 train 1.0000 test 0.1727
epoch 189/200 loss 0.0126 train 1.0000 test 0.1723
epoch 190/200 loss 0.0115 train 1.0000 test 0.1715
epoch 191/200 loss 0.0102 train 1.0000 test 0.1720
epoch 192/200 loss 0.0097 train 1.0000 test 0.1718
epoch 193/200 loss 0.0105 train 1.0000 test 0.1733
epoch 194/200 loss 0.0099 train 1.0000 test 0.1727
epoch 195/200 loss 0.0132 train 1.0000 test 0.1724
epoch 196/200 loss 0.0110 train 1.0000 test 0.1734
epoch 197/200 loss 0.0110 train 1.0000 test 0.1726
epoch 198/200 loss 0.0105 train 1.0000 test 0.1724
epoch 199/200 loss 0.0105 train 1.0000 test 0.1734
epoch 200/200 loss 0.0097 train 1.0000 test 0.1718
done: final 0.1718 best 0.1739 -> ./runs/auxmag_2pct_sched2/seed0
moment-aux target calibrated on 1024 images
[auxmag_2pct_sched2 seed1] {"params_trainable": 11222188, "params_stem_trainable": 0, "params_stem_fixed_filters": 0, "flops_total": 556705792, "flops_stem": 0, "flops_image_size": 32}
epoch 1/200 loss 11.0404 train 0.0056 test 0.0118
epoch 2/200 loss 7.0707 train 0.0190 test 0.0145
epoch 3/200 loss 5.9231 train 0.0223 test 0.0184
epoch 4/200 loss 5.3275 train 0.0290 test 0.0303
epoch 5/200 loss 5.0040 train 0.0469 test 0.0522
epoch 6/200 loss 4.7163 train 0.0681 test 0.0527
epoch 7/200 loss 4.5131 train 0.0926 test 0.0665
epoch 8/200 loss 4.3356 train 0.1183 test 0.0559
epoch 9/200 loss 4.1890 train 0.0893 test 0.0680
epoch 10/200 loss 4.0392 train 0.1339 test 0.0733
epoch 11/200 loss 3.9888 train 0.1250 test 0.0716
epoch 12/200 loss 3.8680 train 0.1417 test 0.0734
epoch 13/200 loss 3.7735 train 0.1607 test 0.0818
epoch 14/200 loss 3.6706 train 0.1618 test 0.0814
epoch 15/200 loss 3.6165 train 0.1920 test 0.0804
epoch 16/200 loss 3.5420 train 0.1886 test 0.0908
epoch 17/200 loss 3.5134 train 0.1730 test 0.0912
epoch 18/200 loss 3.3825 train 0.2154 test 0.0967
epoch 19/200 loss 3.3101 train 0.2355 test 0.0976
epoch 20/200 loss 3.2666 train 0.2388 test 0.1072
epoch 21/200 loss 3.1670 train 0.2567 test 0.1086
epoch 22/200 loss 3.0733 train 0.2801 test 0.1009
epoch 23/200 loss 2.9994 train 0.2913 test 0.0963
epoch 24/200 loss 2.9400 train 0.2757 test 0.1118
epoch 25/200 loss 2.9292 train 0.2958 test 0.1017
epoch 26/200 loss 2.7602 train 0.3248 test 0.1044
epoch 27/200 loss 2.7617 train 0.3281 test 0.1146
epoch 28/200 loss 2.6586 train 0.3337 test 0.1191
epoch 29/200 loss 2.5125 train 0.3694 test 0.1079
epoch 30/200 loss 2.4411 train 0.4007 test 0.1252
epoch 31/200 loss 2.3882 train 0.4096 test 0.1237
epoch 32/200 loss 2.2509 train 0.4342 test 0.1215
epoch 33/200 loss 2.1692 train 0.4587 test 0.1234
epoch 34/200 loss 2.1028 train 0.4810 test 0.1218
epoch 35/200 loss 2.1169 train 0.4710 test 0.1245
epoch 36/200 loss 2.0146 train 0.5011 test 0.1122
epoch 37/200 loss 1.9555 train 0.5056 test 0.1286
epoch 38/200 loss 1.8427 train 0.5156 test 0.1385
epoch 39/200 loss 1.7546 train 0.5424 test 0.1250
epoch 40/200 loss 1.7409 train 0.5647 test 0.1226
epoch 41/200 loss 1.6213 train 0.6083 test 0.1332
epoch 42/200 loss 1.5497 train 0.6239 test 0.1287
epoch 43/200 loss 1.5542 train 0.6373 test 0.1313
epoch 44/200 loss 1.4130 train 0.6585 test 0.1245
epoch 45/200 loss 1.3517 train 0.6875 test 0.1305
epoch 46/200 loss 1.2723 train 0.6987 test 0.1179
epoch 47/200 loss 1.2369 train 0.7132 test 0.1247
epoch 48/200 loss 1.0875 train 0.7589 test 0.1331
epoch 49/200 loss 1.0167 train 0.7946 test 0.1331
epoch 50/200 loss 0.9778 train 0.7991 test 0.1406
epoch 51/200 loss 0.8294 train 0.8348 test 0.1439
epoch 52/200 loss 0.7469 train 0.8694 test 0.1390
epoch 53/200 loss 0.7044 train 0.8772 test 0.1416
epoch 54/200 loss 0.6619 train 0.8817 test 0.1377
epoch 55/200 loss 0.6347 train 0.8850 test 0.1384
epoch 56/200 loss 0.5699 train 0.9029 test 0.1438
epoch 57/200 loss 0.5764 train 0.8828 test 0.1349
epoch 58/200 loss 0.5572 train 0.9040 test 0.1394
epoch 59/200 loss 0.5220 train 0.9040 test 0.1517
epoch 60/200 loss 0.4285 train 0.9386 test 0.1482
epoch 61/200 loss 0.4203 train 0.9286 test 0.1437
epoch 62/200 loss 0.3962 train 0.9531 test 0.1420
epoch 63/200 loss 0.3902 train 0.9330 test 0.1571
epoch 64/200 loss 0.3434 train 0.9509 test 0.1455
epoch 65/200 loss 0.3075 train 0.9654 test 0.1473
epoch 66/200 loss 0.2702 train 0.9821 test 0.1504
epoch 67/200 loss 0.2612 train 0.9877 test 0.1501
epoch 68/200 loss 0.2629 train 0.9710 test 0.1495
epoch 69/200 loss 0.2447 train 0.9732 test 0.1500
epoch 70/200 loss 0.2461 train 0.9754 test 0.1473
epoch 71/200 loss 0.2188 train 0.9810 test 0.1563
epoch 72/200 loss 0.1946 train 0.9922 test 0.1577
epoch 73/200 loss 0.1732 train 0.9855 test 0.1573
epoch 74/200 loss 0.1586 train 0.9933 test 0.1524
epoch 75/200 loss 0.1498 train 0.9944 test 0.1582
epoch 76/200 loss 0.1342 train 0.9967 test 0.1635
epoch 77/200 loss 0.1306 train 0.9944 test 0.1554
epoch 78/200 loss 0.1115 train 0.9989 test 0.1568
epoch 79/200 loss 0.1155 train 0.9978 test 0.1581
epoch 80/200 loss 0.1093 train 0.9967 test 0.1606
epoch 81/200 loss 0.1012 train 0.9989 test 0.1600
epoch 82/200 loss 0.0919 train 1.0000 test 0.1644
epoch 83/200 loss 0.0870 train 1.0000 test 0.1692
epoch 84/200 loss 0.0887 train 1.0000 test 0.1679
epoch 85/200 loss 0.0810 train 0.9989 test 0.1687
epoch 86/200 loss 0.0794 train 0.9989 test 0.1706
epoch 87/200 loss 0.0751 train 1.0000 test 0.1712
epoch 88/200 loss 0.0774 train 1.0000 test 0.1707
epoch 89/200 loss 0.0706 train 1.0000 test 0.1665
epoch 90/200 loss 0.0712 train 1.0000 test 0.1687
epoch 91/200 loss 0.0694 train 1.0000 test 0.1707
epoch 92/200 loss 0.0651 train 1.0000 test 0.1703
epoch 93/200 loss 0.0661 train 1.0000 test 0.1705
epoch 94/200 loss 0.0683 train 1.0000 test 0.1687
epoch 95/200 loss 0.0646 train 1.0000 test 0.1697
epoch 96/200 loss 0.0607 train 1.0000 test 0.1703
epoch 97/200 loss 0.0578 train 1.0000 test 0.1692
epoch 98/200 loss 0.0589 train 1.0000 test 0.1720
epoch 99/200 loss 0.0552 train 1.0000 test 0.1700
epoch 100/200 loss 0.0543 train 1.0000 test 0.1699
epoch 101/200 loss 0.0545 train 1.0000 test 0.1709
epoch 102/200 loss 0.0548 train 1.0000 test 0.1693
epoch 103/200 loss 0.0543 train 1.0000 test 0.1716
epoch 104/200 loss 0.0527 train 1.0000 test 0.1709
epoch 105/200 loss 0.0503 train 1.0000 test 0.1705
epoch 106/200 loss 0.0486 train 1.0000 test 0.1707
epoch 107/200 loss 0.0486 train 1.0000 test 0.1713
epoch 108/200 loss 0.0507 train 1.0000 test 0.1705
epoch 109/200 loss 0.0525 train 1.0000 test 0.1710
epoch 110/200 loss 0.0510 train 1.0000 test 0.1729
epoch 111/200 loss 0.0460 train 1.0000 test 0.1717
epoch 112/200 loss 0.0463 train 1.0000 test 0.1705
epoch 113/200 loss 0.0459 train 1.0000 test 0.1715
epoch 114/200 loss 0.0425 train 1.0000 test 0.1711
epoch 115/200 loss 0.0420 train 1.0000 test 0.1707
epoch 116/200 loss 0.0403 train 1.0000 test 0.1713
epoch 117/200 loss 0.0397 train 1.0000 test 0.1720
epoch 118/200 loss 0.0403 train 1.0000 test 0.1725
epoch 119/200 loss 0.0398 train 1.0000 test 0.1717
epoch 120/200 loss 0.0375 train 1.0000 test 0.1707
epoch 121/200 loss 0.0372 train 1.0000 test 0.1718
epoch 122/200 loss 0.0368 train 1.0000 test 0.1712
epoch 123/200 loss 0.0361 train 1.0000 test 0.1702
epoch 124/200 loss 0.0363 train 1.0000 test 0.1717
epoch 125/200 loss 0.0351 train 1.0000 test 0.1711
epoch 126/200 loss 0.0345 train 1.0000 test 0.1713
epoch 127/200 loss 0.0376 train 1.0000 test 0.1706
epoch 128/200 loss 0.0325 train 1.0000 test 0.1708
epoch 129/200 loss 0.0327 train 1.0000 test 0.1707
epoch 130/200 loss 0.0344 train 1.0000 test 0.1710
epoch 131/200 loss 0.0326 train 1.0000 test 0.1704
epoch 132/200 loss 0.0315 train 1.0000 test 0.1708
epoch 133/200 loss 0.0320 train 1.0000 test 0.1710
epoch 134/200 loss 0.0293 train 1.0000 test 0.1726
epoch 135/200 loss 0.0292 train 1.0000 test 0.1707
epoch 136/200 loss 0.0286 train 1.0000 test 0.1706
epoch 137/200 loss 0.0267 train 1.0000 test 0.1701
epoch 138/200 loss 0.0278 train 1.0000 test 0.1697
epoch 139/200 loss 0.0275 train 1.0000 test 0.1703
epoch 140/200 loss 0.0273 train 1.0000 test 0.1703
epoch 141/200 loss 0.0250 train 1.0000 test 0.1698
epoch 142/200 loss 0.0267 train 1.0000 test 0.1702
epoch 143/200 loss 0.0238 train 1.0000 test 0.1710
epoch 144/200 loss 0.0251 train 1.0000 test 0.1697
epoch 145/200 loss 0.0246 train 1.0000 test 0.1699
epoch 146/200 loss 0.0229 train 1.0000 test 0.1692
epoch 147/200 loss 0.0240 train 1.0000 test 0.1690
epoch 148/200 loss 0.0228 train 1.0000 test 0.1687
epoch 149/200 loss 0.0214 train 1.0000 test 0.1688
epoch 150/200 loss 0.0216 train 1.0000 test 0.1698
epoch 151/200 loss 0.0202 train 1.0000 test 0.1700
epoch 152/200 loss 0.0214 train 1.0000 test 0.1696
epoch 153/200 loss 0.0200 train 1.0000 test 0.1701
epoch 154/200 loss 0.0214 train 1.0000 test 0.1703
epoch 155/200 loss 0.0205 train 1.0000 test 0.1690
epoch 156/200 loss 0.0221 train 1.0000 test 0.1697
epoch 157/200 loss 0.0197 train 1.0000 test 0.1706
epoch 158/200 loss 0.0183 train 1.0000 test 0.1715
epoch 159/200 loss 0.0176 train 1.0000 test 0.1714
epoch 160/200 loss 0.0173 train 1.0000 test 0.1711
epoch 161/200 loss 0.0172 train 1.0000 test 0.1706
epoch 162/200 loss 0.0160 train 1.0000 test 0.1705
epoch 163/200 loss 0.0164 train 1.0000 test 0.1717
epoch 164/200 loss 0.0169 train 1.0000 test 0.1705
epoch 165/200 loss 0.0156 train 1.0000 test 0.1710
epoch 166/200 loss 0.0153 train 1.0000 test 0.1715
epoch 167/200 loss 0.0162 train 1.0000 test 0.1704
epoch 168/200 loss 0.0151 train 1.0000 test 0.1704
epoch 169/200 loss 0.0161 train 1.0000 test 0.1707
epoch 170/200 loss 0.0141 train 1.0000 test 0.1709
epoch 171/200 loss 0.0148 train 1.0000 test 0.1708
epoch 172/200 loss 0.0151 train 1.0000 test 0.1706
epoch 173/200 loss 0.0146 train 1.0000 test 0.1697
epoch 174/200 loss 0.0128 train 1.0000 test 0.1702
epoch 175/200 loss 0.0132 train 1.0000 test 0.1697
epoch 176/200 loss 0.0134 train 1.0000 test 0.1701
epoch 177/200 loss 0.0135 train 1.0000 test 0.1702
epoch 178/200 loss 0.0119 train 1.0000 test 0.1702
epoch 179/200 loss 0.0130 train 1.0000 test 0.1699
epoch 180/200 loss 0.0121 train 1.0000 test 0.1703
epoch 181/200 loss 0.0123 train 1.0000 test 0.1703
epoch 182/200 loss 0.0116 train 1.0000 test 0.1699
epoch 183/200 loss 0.0126 train 1.0000 test 0.1694
epoch 184/200 loss 0.0111 train 1.0000 test 0.1696
epoch 185/200 loss 0.0112 train 1.0000 test 0.1702
epoch 186/200 loss 0.0114 train 1.0000 test 0.1700
epoch 187/200 loss 0.0119 train 1.0000 test 0.1709
epoch 188/200 loss 0.0107 train 1.0000 test 0.1699
epoch 189/200 loss 0.0102 train 1.0000 test 0.1699
epoch 190/200 loss 0.0107 train 1.0000 test 0.1709
epoch 191/200 loss 0.0118 train 1.0000 test 0.1703
epoch 192/200 loss 0.0113 train 1.0000 test 0.1711
epoch 193/200 loss 0.0105 train 1.0000 test 0.1707
epoch 194/200 loss 0.0096 train 1.0000 test 0.1709
epoch 195/200 loss 0.0117 train 1.0000 test 0.1701
epoch 196/200 loss 0.0094 train 1.0000 test 0.1701
epoch 197/200 loss 0.0112 train 1.0000 test 0.1705
epoch 198/200 loss 0.0099 train 1.0000 test 0.1706
epoch 199/200 loss 0.0095 train 1.0000 test 0.1704
epoch 200/200 loss 0.0096 train 1.0000 test 0.1706
done: final 0.1706 best 0.1729 -> ./runs/auxmag_2pct_sched2/seed1
moment-aux target calibrated on 1024 images
[auxmag_2pct_sched2 seed2] {"params_trainable": 11222188, "params_stem_trainable": 0, "params_stem_fixed_filters": 0, "flops_total": 556705792, "flops_stem": 0, "flops_image_size": 32}
epoch 1/200 loss 9.3757 train 0.0045 test 0.0154
epoch 2/200 loss 6.6513 train 0.0134 test 0.0184
epoch 3/200 loss 5.6253 train 0.0368 test 0.0308
epoch 4/200 loss 5.1151 train 0.0435 test 0.0410
epoch 5/200 loss 4.8379 train 0.0480 test 0.0405
epoch 6/200 loss 4.6112 train 0.0603 test 0.0535
epoch 7/200 loss 4.4288 train 0.0837 test 0.0632
epoch 8/200 loss 4.2997 train 0.1027 test 0.0663
epoch 9/200 loss 4.1566 train 0.1194 test 0.0752
epoch 10/200 loss 4.0748 train 0.1228 test 0.0737
epoch 11/200 loss 3.9055 train 0.1362 test 0.0764
epoch 12/200 loss 3.8103 train 0.1350 test 0.0846
epoch 13/200 loss 3.7297 train 0.1540 test 0.0795
epoch 14/200 loss 3.6593 train 0.1730 test 0.0901
epoch 15/200 loss 3.5631 train 0.1931 test 0.0872
epoch 16/200 loss 3.4774 train 0.2087 test 0.0913
epoch 17/200 loss 3.4616 train 0.1908 test 0.1004
epoch 18/200 loss 3.3339 train 0.2388 test 0.1017
epoch 19/200 loss 3.3084 train 0.2355 test 0.1000
epoch 20/200 loss 3.2119 train 0.2489 test 0.1116
epoch 21/200 loss 3.0877 train 0.2645 test 0.1183
epoch 22/200 loss 3.0134 train 0.2612 test 0.1128
epoch 23/200 loss 3.0040 train 0.2634 test 0.1143
epoch 24/200 loss 2.9278 train 0.3025 test 0.1045
epoch 25/200 loss 2.8589 train 0.3304 test 0.1056
epoch 26/200 loss 2.8098 train 0.3080 test 0.1235
epoch 27/200 loss 2.7123 train 0.3393 test 0.1193
epoch 28/200 loss 2.5900 train 0.3482 test 0.1120
epoch 29/200 loss 2.4589 train 0.4107 test 0.1273
epoch 30/200 loss 2.4462 train 0.3973 test 0.1173
epoch 31/200 loss 2.3776 train 0.4152 test 0.1171
epoch 32/200 loss 2.2802 train 0.4342 test 0.1221
epoch 33/200 loss 2.1741 train 0.4721 test 0.1083
epoch 34/200 loss 2.1569 train 0.4375 test 0.1222
epoch 35/200 loss 2.0327 train 0.5000 test 0.1242
epoch 36/200 loss 1.9932 train 0.5056 test 0.1189
epoch 37/200 loss 2.0373 train 0.4810 test 0.1322
epoch 38/200 loss 1.8722 train 0.5234 test 0.1255
epoch 39/200 loss 1.8168 train 0.5513 test 0.1218
epoch 40/200 loss 1.6827 train 0.5871 test 0.1314
epoch 41/200 loss 1.6306 train 0.5971 test 0.1327
epoch 42/200 loss 1.5029 train 0.6462 test 0.1198
epoch 43/200 loss 1.4443 train 0.6596 test 0.1291
epoch 44/200 loss 1.3669 train 0.6842 test 0.1418
epoch 45/200 loss 1.2044 train 0.7199 test 0.1355
epoch 46/200 loss 1.1419 train 0.7444 test 0.1402
epoch 47/200 loss 1.0764 train 0.7444 test 0.1396
epoch 48/200 loss 0.9921 train 0.7812 test 0.1327
epoch 49/200 loss 0.9360 train 0.7902 test 0.1333
epoch 50/200 loss 0.8493 train 0.8158 test 0.1341
epoch 51/200 loss 0.7732 train 0.8627 test 0.1428
epoch 52/200 loss 0.7256 train 0.8638 test 0.1401
epoch 53/200 loss 0.6319 train 0.8895 test 0.1456
epoch 54/200 loss 0.5899 train 0.9185 test 0.1573
epoch 55/200 loss 0.6078 train 0.8895 test 0.1470
epoch 56/200 loss 0.5902 train 0.8984 test 0.1477
epoch 57/200 loss 0.5524 train 0.8973 test 0.1445
epoch 58/200 loss 0.4934 train 0.9230 test 0.1521
epoch 59/200 loss 0.4345 train 0.9453 test 0.1433
epoch 60/200 loss 0.4297 train 0.9342 test 0.1362
epoch 61/200 loss 0.3977 train 0.9408 test 0.1434
epoch 62/200 loss 0.4074 train 0.9353 test 0.1482
epoch 63/200 loss 0.3581 train 0.9576 test 0.1496
epoch 64/200 loss 0.3071 train 0.9665 test 0.1463
epoch 65/200 loss 0.3279 train 0.9565 test 0.1450
epoch 66/200 loss 0.2790 train 0.9732 test 0.1526
epoch 67/200 loss 0.2365 train 0.9877 test 0.1569
epoch 68/200 loss 0.2173 train 0.9833 test 0.1596
epoch 69/200 loss 0.1921 train 0.9911 test 0.1627
epoch 70/200 loss 0.1743 train 0.9944 test 0.1567
epoch 71/200 loss 0.1678 train 0.9944 test 0.1593
epoch 72/200 loss 0.1611 train 0.9944 test 0.1639
epoch 73/200 loss 0.1382 train 0.9955 test 0.1652
epoch 74/200 loss 0.1311 train 0.9967 test 0.1681
epoch 75/200 loss 0.1239 train 0.9989 test 0.1694
epoch 76/200 loss 0.1117 train 0.9978 test 0.1659
epoch 77/200 loss 0.1100 train 0.9989 test 0.1706
epoch 78/200 loss 0.1059 train 0.9978 test 0.1677
epoch 79/200 loss 0.0964 train 1.0000 test 0.1678
epoch 80/200 loss 0.0937 train 1.0000 test 0.1709
epoch 81/200 loss 0.0880 train 1.0000 test 0.1684
epoch 82/200 loss 0.0876 train 1.0000 test 0.1700
epoch 83/200 loss 0.0837 train 1.0000 test 0.1713
epoch 84/200 loss 0.0835 train 1.0000 test 0.1720
epoch 85/200 loss 0.0856 train 0.9989 test 0.1677
epoch 86/200 loss 0.0780 train 1.0000 test 0.1676
epoch 87/200 loss 0.0729 train 1.0000 test 0.1685
epoch 88/200 loss 0.0738 train 1.0000 test 0.1713
epoch 89/200 loss 0.0721 train 1.0000 test 0.1723
epoch 90/200 loss 0.0704 train 1.0000 test 0.1726
epoch 91/200 loss 0.0695 train 1.0000 test 0.1715
epoch 92/200 loss 0.0708 train 1.0000 test 0.1715
epoch 93/200 loss 0.0690 train 1.0000 test 0.1713
epoch 94/200 loss 0.0652 train 1.0000 test 0.1732
epoch 95/200 loss 0.0659 train 1.0000 test 0.1761
epoch 96/200 loss 0.0632 train 1.0000 test 0.1734
epoch 97/200 loss 0.0623 train 1.0000 test 0.1720
epoch 98/200 loss 0.0630 train 1.0000 test 0.1728
epoch 99/200 loss 0.0600 train 1.0000 test 0.1735
epoch 100/200 loss 0.0573 train 1.0000 test 0.1753
epoch 101/200 loss 0.0587 train 1.0000 test 0.1744
epoch 102/200 loss 0.0546 train 1.0000 test 0.1746
epoch 103/200 loss 0.0544 train 1.0000 test 0.1729
epoch 104/200 loss 0.0543 train 1.0000 test 0.1749
epoch 105/200 loss 0.0562 train 1.0000 test 0.1750
epoch 106/200 loss 0.0534 train 1.0000 test 0.1747
epoch 107/200 loss 0.0532 train 1.0000 test 0.1755
epoch 108/200 loss 0.0518 train 1.0000 test 0.1738
epoch 109/200 loss 0.0516 train 1.0000 test 0.1743
epoch 110/200 loss 0.0491 train 1.0000 test 0.1743
epoch 111/200 loss 0.0492 train 1.0000 test 0.1738
epoch 112/200 loss 0.0463 train 1.0000 test 0.1744
epoch 113/200 loss 0.0457 train 1.0000 test 0.1745
epoch 114/200 loss 0.0444 train 1.0000 test 0.1757
epoch 115/200 loss 0.0430 train 1.0000 test 0.1759
epoch 116/200 loss 0.0418 train 1.0000 test 0.1774
epoch 117/200 loss 0.0426 train 1.0000 test 0.1751
epoch 118/200 loss 0.0438 train 1.0000 test 0.1741
epoch 119/200 loss 0.0420 train 1.0000 test 0.1758
epoch 120/200 loss 0.0400 train 1.0000 test 0.1771
epoch 121/200 loss 0.0390 train 1.0000 test 0.1760
epoch 122/200 loss 0.0409 train 1.0000 test 0.1745
epoch 123/200 loss 0.0391 train 1.0000 test 0.1732
epoch 124/200 loss 0.0384 train 1.0000 test 0.1748
epoch 125/200 loss 0.0365 train 1.0000 test 0.1763
epoch 126/200 loss 0.0380 train 1.0000 test 0.1762
epoch 127/200 loss 0.0349 train 1.0000 test 0.1739
epoch 128/200 loss 0.0356 train 1.0000 test 0.1749
epoch 129/200 loss 0.0342 train 1.0000 test 0.1760
epoch 130/200 loss 0.0334 train 1.0000 test 0.1755
epoch 131/200 loss 0.0327 train 1.0000 test 0.1762
epoch 132/200 loss 0.0347 train 1.0000 test 0.1780
epoch 133/200 loss 0.0319 train 1.0000 test 0.1759
epoch 134/200 loss 0.0306 train 1.0000 test 0.1749
epoch 135/200 loss 0.0311 train 1.0000 test 0.1766
epoch 136/200 loss 0.0294 train 1.0000 test 0.1768
epoch 137/200 loss 0.0290 train 1.0000 test 0.1755
epoch 138/200 loss 0.0326 train 1.0000 test 0.1751
epoch 139/200 loss 0.0283 train 1.0000 test 0.1772
epoch 140/200 loss 0.0295 train 1.0000 test 0.1763
epoch 141/200 loss 0.0261 train 1.0000 test 0.1754
epoch 142/200 loss 0.0265 train 1.0000 test 0.1749
epoch 143/200 loss 0.0256 train 1.0000 test 0.1749
epoch 144/200 loss 0.0250 train 1.0000 test 0.1763
epoch 145/200 loss 0.0240 train 1.0000 test 0.1756
epoch 146/200 loss 0.0243 train 1.0000 test 0.1769
epoch 147/200 loss 0.0244 train 1.0000 test 0.1759
epoch 148/200 loss 0.0222 train 1.0000 test 0.1764
epoch 149/200 loss 0.0215 train 1.0000 test 0.1757
epoch 150/200 loss 0.0221 train 1.0000 test 0.1755
epoch 151/200 loss 0.0212 train 1.0000 test 0.1764
epoch 152/200 loss 0.0219 train 1.0000 test 0.1765
epoch 153/200 loss 0.0196 train 1.0000 test 0.1769
epoch 154/200 loss 0.0204 train 1.0000 test 0.1763
epoch 155/200 loss 0.0205 train 1.0000 test 0.1759
epoch 156/200 loss 0.0192 train 1.0000 test 0.1756
epoch 157/200 loss 0.0202 train 1.0000 test 0.1765
epoch 158/200 loss 0.0178 train 1.0000 test 0.1766
epoch 159/200 loss 0.0177 train 1.0000 test 0.1767
epoch 160/200 loss 0.0175 train 1.0000 test 0.1767
epoch 161/200 loss 0.0175 train 1.0000 test 0.1766
epoch 162/200 loss 0.0161 train 1.0000 test 0.1762
epoch 163/200 loss 0.0172 train 1.0000 test 0.1766
epoch 164/200 loss 0.0174 train 1.0000 test 0.1766
epoch 165/200 loss 0.0167 train 1.0000 test 0.1781
epoch 166/200 loss 0.0153 train 1.0000 test 0.1784
epoch 167/200 loss 0.0159 train 1.0000 test 0.1779
epoch 168/200 loss 0.0147 train 1.0000 test 0.1777
epoch 169/200 loss 0.0146 train 1.0000 test 0.1777
epoch 170/200 loss 0.0154 train 1.0000 test 0.1777
epoch 171/200 loss 0.0142 train 1.0000 test 0.1768
epoch 172/200 loss 0.0140 train 1.0000 test 0.1772
epoch 173/200 loss 0.0135 train 1.0000 test 0.1770
epoch 174/200 loss 0.0133 train 1.0000 test 0.1777
epoch 175/200 loss 0.0127 train 1.0000 test 0.1775
epoch 176/200 loss 0.0132 train 1.0000 test 0.1774
epoch 177/200 loss 0.0132 train 1.0000 test 0.1777
epoch 178/200 loss 0.0121 train 1.0000 test 0.1769
epoch 179/200 loss 0.0112 train 1.0000 test 0.1774
epoch 180/200 loss 0.0119 train 1.0000 test 0.1777
epoch 181/200 loss 0.0119 train 1.0000 test 0.1763
epoch 182/200 loss 0.0112 train 1.0000 test 0.1761
epoch 183/200 loss 0.0109 train 1.0000 test 0.1760
epoch 184/200 loss 0.0112 train 1.0000 test 0.1766
epoch 185/200 loss 0.0122 train 1.0000 test 0.1776
epoch 186/200 loss 0.0108 train 1.0000 test 0.1754
epoch 187/200 loss 0.0108 train 1.0000 test 0.1769
epoch 188/200 loss 0.0108 train 1.0000 test 0.1763
epoch 189/200 loss 0.0100 train 1.0000 test 0.1760
epoch 190/200 loss 0.0114 train 1.0000 test 0.1760
epoch 191/200 loss 0.0108 train 1.0000 test 0.1770
epoch 192/200 loss 0.0096 train 1.0000 test 0.1759
epoch 193/200 loss 0.0100 train 1.0000 test 0.1763
epoch 194/200 loss 0.0096 train 1.0000 test 0.1773
epoch 195/200 loss 0.0103 train 1.0000 test 0.1770
epoch 196/200 loss 0.0104 train 1.0000 test 0.1769
epoch 197/200 loss 0.0103 train 1.0000 test 0.1762
epoch 198/200 loss 0.0099 train 1.0000 test 0.1765
epoch 199/200 loss 0.0102 train 1.0000 test 0.1764
epoch 200/200 loss 0.0103 train 1.0000 test 0.1769
done: final 0.1769 best 0.1784 -> ./runs/auxmag_2pct_sched2/seed2
AUXLH_auxmag_2pct_sched2_DONE
moment-aux target calibrated on 1024 images
[auxmag_1pct_sched2 seed0] {"params_trainable": 11222188, "params_stem_trainable": 0, "params_stem_fixed_filters": 0, "flops_total": 556705792, "flops_stem": 0, "flops_image_size": 32}
epoch 1/200 loss 10.9983 train 0.0052 test 0.0174
epoch 2/200 loss 8.6992 train 0.0156 test 0.0150
epoch 3/200 loss 7.3316 train 0.0156 test 0.0140
epoch 4/200 loss 6.5876 train 0.0260 test 0.0162
epoch 5/200 loss 6.0615 train 0.0312 test 0.0198
epoch 6/200 loss 5.6730 train 0.0417 test 0.0246
epoch 7/200 loss 5.3728 train 0.0469 test 0.0261
epoch 8/200 loss 5.1975 train 0.0521 test 0.0280
epoch 9/200 loss 4.9982 train 0.0755 test 0.0363
epoch 10/200 loss 4.7775 train 0.0859 test 0.0359
epoch 11/200 loss 4.6799 train 0.0807 test 0.0370
epoch 12/200 loss 4.5949 train 0.0677 test 0.0404
epoch 13/200 loss 4.4105 train 0.1016 test 0.0431
epoch 14/200 loss 4.3362 train 0.1224 test 0.0470
epoch 15/200 loss 4.2045 train 0.1120 test 0.0500
epoch 16/200 loss 4.0843 train 0.1276 test 0.0553
epoch 17/200 loss 4.0012 train 0.1510 test 0.0539
epoch 18/200 loss 3.8235 train 0.1797 test 0.0566
epoch 19/200 loss 3.7946 train 0.1719 test 0.0596
epoch 20/200 loss 3.7038 train 0.1875 test 0.0606
epoch 21/200 loss 3.6284 train 0.1901 test 0.0600
epoch 22/200 loss 3.5506 train 0.2057 test 0.0602
epoch 23/200 loss 3.4720 train 0.2188 test 0.0583
epoch 24/200 loss 3.3976 train 0.2292 test 0.0636
epoch 25/200 loss 3.3035 train 0.2422 test 0.0638
epoch 26/200 loss 3.2499 train 0.2604 test 0.0710
epoch 27/200 loss 3.1372 train 0.3125 test 0.0720
epoch 28/200 loss 3.1569 train 0.2708 test 0.0675
epoch 29/200 loss 3.0997 train 0.2552 test 0.0609
epoch 30/200 loss 2.9046 train 0.2995 test 0.0662
epoch 31/200 loss 2.9839 train 0.2969 test 0.0670
epoch 32/200 loss 2.9463 train 0.3229 test 0.0755
epoch 33/200 loss 2.7656 train 0.3672 test 0.0743
epoch 34/200 loss 2.7184 train 0.4062 test 0.0806
epoch 35/200 loss 2.6665 train 0.3646 test 0.0756
epoch 36/200 loss 2.5940 train 0.4036 test 0.0789
epoch 37/200 loss 2.4589 train 0.4323 test 0.0820
epoch 38/200 loss 2.4614 train 0.4115 test 0.0798
epoch 39/200 loss 2.3585 train 0.4505 test 0.0736
epoch 40/200 loss 2.3112 train 0.4844 test 0.0885
epoch 41/200 loss 2.2705 train 0.4557 test 0.0811
epoch 42/200 loss 2.2741 train 0.4870 test 0.0755
epoch 43/200 loss 2.1095 train 0.5052 test 0.0822
epoch 44/200 loss 2.0935 train 0.5365 test 0.0728
epoch 45/200 loss 2.1246 train 0.5104 test 0.0840
epoch 46/200 loss 1.9893 train 0.5599 test 0.0831
epoch 47/200 loss 1.9117 train 0.5729 test 0.0908
epoch 48/200 loss 1.8779 train 0.5938 test 0.0882
epoch 49/200 loss 1.8347 train 0.5938 test 0.0856
epoch 50/200 loss 1.7368 train 0.6146 test 0.0868
epoch 51/200 loss 1.6836 train 0.6276 test 0.0907
epoch 52/200 loss 1.5420 train 0.6719 test 0.0871
epoch 53/200 loss 1.5282 train 0.6901 test 0.0892
epoch 54/200 loss 1.4938 train 0.7005 test 0.0897
epoch 55/200 loss 1.4436 train 0.6797 test 0.0897
epoch 56/200 loss 1.4016 train 0.7161 test 0.0927
epoch 57/200 loss 1.3522 train 0.7109 test 0.0820
epoch 58/200 loss 1.3025 train 0.7422 test 0.0901
epoch 59/200 loss 1.2289 train 0.7760 test 0.0900
epoch 60/200 loss 1.1526 train 0.7760 test 0.0780
epoch 61/200 loss 1.1017 train 0.7839 test 0.0870
epoch 62/200 loss 1.0059 train 0.8203 test 0.0906
epoch 63/200 loss 1.0383 train 0.8073 test 0.0909
epoch 64/200 loss 0.9755 train 0.8542 test 0.0925
epoch 65/200 loss 0.9156 train 0.8490 test 0.0853
epoch 66/200 loss 0.8972 train 0.8438 test 0.0967
epoch 67/200 loss 0.8447 train 0.8542 test 0.0974
epoch 68/200 loss 0.7940 train 0.8620 test 0.0884
epoch 69/200 loss 0.7671 train 0.8932 test 0.0840
epoch 70/200 loss 0.7437 train 0.8776 test 0.0919
epoch 71/200 loss 0.6778 train 0.9219 test 0.0945
epoch 72/200 loss 0.6188 train 0.9193 test 0.0957
epoch 73/200 loss 0.5634 train 0.9453 test 0.0929
epoch 74/200 loss 0.5843 train 0.9219 test 0.0917
epoch 75/200 loss 0.5430 train 0.9401 test 0.0983
epoch 76/200 loss 0.5522 train 0.9297 test 0.0961
epoch 77/200 loss 0.5157 train 0.9453 test 0.0965
epoch 78/200 loss 0.4738 train 0.9740 test 0.0932
epoch 79/200 loss 0.4592 train 0.9688 test 0.0824
epoch 80/200 loss 0.4354 train 0.9714 test 0.0941
epoch 81/200 loss 0.3722 train 0.9818 test 0.0944
epoch 82/200 loss 0.3842 train 0.9714 test 0.0928
epoch 83/200 loss 0.3501 train 0.9766 test 0.0866
epoch 84/200 loss 0.3601 train 0.9661 test 0.1003
epoch 85/200 loss 0.3310 train 0.9792 test 0.1001
epoch 86/200 loss 0.3017 train 0.9844 test 0.0970
epoch 87/200 loss 0.2920 train 0.9896 test 0.0972
epoch 88/200 loss 0.2912 train 0.9844 test 0.0992
epoch 89/200 loss 0.2723 train 0.9870 test 0.1006
epoch 90/200 loss 0.2615 train 0.9948 test 0.0979
epoch 91/200 loss 0.2528 train 0.9896 test 0.0994
epoch 92/200 loss 0.2399 train 0.9870 test 0.1016
epoch 93/200 loss 0.2274 train 0.9922 test 0.0961
epoch 94/200 loss 0.2101 train 1.0000 test 0.0985
epoch 95/200 loss 0.1953 train 0.9974 test 0.1018
epoch 96/200 loss 0.1807 train 1.0000 test 0.1039
epoch 97/200 loss 0.1813 train 0.9974 test 0.1016
epoch 98/200 loss 0.1618 train 1.0000 test 0.1006
epoch 99/200 loss 0.1585 train 0.9974 test 0.1001
epoch 100/200 loss 0.1578 train 1.0000 test 0.0984
epoch 101/200 loss 0.1497 train 1.0000 test 0.1005
epoch 102/200 loss 0.1396 train 1.0000 test 0.1038
epoch 103/200 loss 0.1267 train 1.0000 test 0.1051
epoch 104/200 loss 0.1282 train 1.0000 test 0.1048
epoch 105/200 loss 0.1286 train 1.0000 test 0.1029
epoch 106/200 loss 0.1168 train 1.0000 test 0.1035
epoch 107/200 loss 0.1227 train 1.0000 test 0.1067
epoch 108/200 loss 0.1140 train 1.0000 test 0.1075
epoch 109/200 loss 0.1106 train 1.0000 test 0.1065
epoch 110/200 loss 0.1075 train 1.0000 test 0.1042
epoch 111/200 loss 0.1067 train 1.0000 test 0.1056
epoch 112/200 loss 0.1022 train 1.0000 test 0.1053
epoch 113/200 loss 0.0914 train 1.0000 test 0.1077
epoch 114/200 loss 0.0938 train 1.0000 test 0.1076
epoch 115/200 loss 0.0969 train 1.0000 test 0.1075
epoch 116/200 loss 0.0899 train 1.0000 test 0.1068
epoch 117/200 loss 0.1026 train 1.0000 test 0.1068
epoch 118/200 loss 0.0883 train 1.0000 test 0.1063
epoch 119/200 loss 0.0870 train 1.0000 test 0.1070
epoch 120/200 loss 0.0922 train 1.0000 test 0.1064
epoch 121/200 loss 0.0839 train 1.0000 test 0.1084
epoch 122/200 loss 0.0777 train 1.0000 test 0.1073
epoch 123/200 loss 0.0784 train 1.0000 test 0.1065
epoch 124/200 loss 0.0827 train 1.0000 test 0.1075
epoch 125/200 loss 0.0743 train 1.0000 test 0.1068
epoch 126/200 loss 0.0725 train 1.0000 test 0.1057
epoch 127/200 loss 0.0680 train 1.0000 test 0.1060
epoch 128/200 loss 0.0712 train 1.0000 test 0.1073
epoch 129/200 loss 0.0656 train 1.0000 test 0.1072
epoch 130/200 loss 0.0696 train 1.0000 test 0.1077
epoch 131/200 loss 0.0630 train 1.0000 test 0.1073
epoch 132/200 loss 0.0631 train 1.0000 test 0.1077
epoch 133/200 loss 0.0605 train 1.0000 test 0.1089
epoch 134/200 loss 0.0623 train 1.0000 test 0.1078
epoch 135/200 loss 0.0595 train 1.0000 test 0.1079
epoch 136/200 loss 0.0589 train 1.0000 test 0.1070
epoch 137/200 loss 0.0528 train 1.0000 test 0.1074
epoch 138/200 loss 0.0616 train 1.0000 test 0.1071
epoch 139/200 loss 0.0574 train 1.0000 test 0.1082
epoch 140/200 loss 0.0557 train 1.0000 test 0.1085
epoch 141/200 loss 0.0510 train 1.0000 test 0.1080
epoch 142/200 loss 0.0558 train 1.0000 test 0.1089
epoch 143/200 loss 0.0526 train 1.0000 test 0.1076
epoch 144/200 loss 0.0501 train 1.0000 test 0.1069
epoch 145/200 loss 0.0510 train 1.0000 test 0.1072
epoch 146/200 loss 0.0464 train 1.0000 test 0.1073
epoch 147/200 loss 0.0458 train 1.0000 test 0.1080
epoch 148/200 loss 0.0454 train 1.0000 test 0.1078
epoch 149/200 loss 0.0438 train 1.0000 test 0.1075
epoch 150/200 loss 0.0410 train 1.0000 test 0.1074
epoch 151/200 loss 0.0413 train 1.0000 test 0.1073
epoch 152/200 loss 0.0470 train 1.0000 test 0.1071
epoch 153/200 loss 0.0430 train 1.0000 test 0.1079
epoch 154/200 loss 0.0382 train 1.0000 test 0.1083
epoch 155/200 loss 0.0371 train 1.0000 test 0.1082
epoch 156/200 loss 0.0364 train 1.0000 test 0.1077
epoch 157/200 loss 0.0350 train 1.0000 test 0.1080
epoch 158/200 loss 0.0350 train 1.0000 test 0.1081
epoch 159/200 loss 0.0365 train 1.0000 test 0.1075
epoch 160/200 loss 0.0348 train 1.0000 test 0.1074
epoch 161/200 loss 0.0315 train 1.0000 test 0.1086
epoch 162/200 loss 0.0317 train 1.0000 test 0.1076
epoch 163/200 loss 0.0312 train 1.0000 test 0.1078
epoch 164/200 loss 0.0321 train 1.0000 test 0.1072
epoch 165/200 loss 0.0310 train 1.0000 test 0.1080
epoch 166/200 loss 0.0321 train 1.0000 test 0.1083
epoch 167/200 loss 0.0304 train 1.0000 test 0.1078
epoch 168/200 loss 0.0283 train 1.0000 test 0.1082
epoch 169/200 loss 0.0290 train 1.0000 test 0.1081
epoch 170/200 loss 0.0277 train 1.0000 test 0.1079
epoch 171/200 loss 0.0265 train 1.0000 test 0.1084
epoch 172/200 loss 0.0258 train 1.0000 test 0.1079
epoch 173/200 loss 0.0273 train 1.0000 test 0.1082
epoch 174/200 loss 0.0242 train 1.0000 test 0.1080
epoch 175/200 loss 0.0259 train 1.0000 test 0.1076
epoch 176/200 loss 0.0257 train 1.0000 test 0.1080
epoch 177/200 loss 0.0233 train 1.0000 test 0.1080
epoch 178/200 loss 0.0243 train 1.0000 test 0.1084
epoch 179/200 loss 0.0225 train 1.0000 test 0.1082
epoch 180/200 loss 0.0253 train 1.0000 test 0.1079
epoch 181/200 loss 0.0241 train 1.0000 test 0.1081
epoch 182/200 loss 0.0208 train 1.0000 test 0.1076
epoch 183/200 loss 0.0238 train 1.0000 test 0.1067
epoch 184/200 loss 0.0213 train 1.0000 test 0.1074
epoch 185/200 loss 0.0222 train 1.0000 test 0.1069
epoch 186/200 loss 0.0273 train 1.0000 test 0.1069
epoch 187/200 loss 0.0209 train 1.0000 test 0.1072
epoch 188/200 loss 0.0221 train 1.0000 test 0.1072
epoch 189/200 loss 0.0228 train 1.0000 test 0.1077
epoch 190/200 loss 0.0201 train 1.0000 test 0.1066
epoch 191/200 loss 0.0197 train 1.0000 test 0.1077
epoch 192/200 loss 0.0178 train 1.0000 test 0.1086
epoch 193/200 loss 0.0187 train 1.0000 test 0.1081
epoch 194/200 loss 0.0186 train 1.0000 test 0.1081
epoch 195/200 loss 0.0183 train 1.0000 test 0.1084
epoch 196/200 loss 0.0217 train 1.0000 test 0.1075
epoch 197/200 loss 0.0220 train 1.0000 test 0.1076
epoch 198/200 loss 0.0188 train 1.0000 test 0.1085
epoch 199/200 loss 0.0199 train 1.0000 test 0.1085
epoch 200/200 loss 0.0184 train 1.0000 test 0.1088
done: final 0.1088 best 0.1089 -> ./runs/auxmag_1pct_sched2/seed0
moment-aux target calibrated on 1024 images
[auxmag_1pct_sched2 seed1] {"params_trainable": 11222188, "params_stem_trainable": 0, "params_stem_fixed_filters": 0, "flops_total": 556705792, "flops_stem": 0, "flops_image_size": 32}
epoch 1/200 loss 13.8399 train 0.0156 test 0.0077
epoch 2/200 loss 8.8482 train 0.0130 test 0.0199
epoch 3/200 loss 7.3642 train 0.0104 test 0.0111
epoch 4/200 loss 6.9578 train 0.0339 test 0.0112
epoch 5/200 loss 6.2615 train 0.0443 test 0.0100
epoch 6/200 loss 5.7797 train 0.0339 test 0.0157
epoch 7/200 loss 5.5198 train 0.0417 test 0.0183
epoch 8/200 loss 5.2924 train 0.0495 test 0.0204
epoch 9/200 loss 5.0865 train 0.0521 test 0.0291
epoch 10/200 loss 4.8689 train 0.0885 test 0.0318
epoch 11/200 loss 4.7508 train 0.0807 test 0.0298
epoch 12/200 loss 4.5760 train 0.0885 test 0.0349
epoch 13/200 loss 4.4813 train 0.0911 test 0.0449
epoch 14/200 loss 4.3382 train 0.1094 test 0.0510
epoch 15/200 loss 4.2609 train 0.1042 test 0.0464
epoch 16/200 loss 4.1531 train 0.1354 test 0.0500
epoch 17/200 loss 4.0413 train 0.1328 test 0.0563
epoch 18/200 loss 3.9100 train 0.1693 test 0.0533
epoch 19/200 loss 3.8722 train 0.1615 test 0.0561
epoch 20/200 loss 3.7919 train 0.1693 test 0.0565
epoch 21/200 loss 3.7141 train 0.1667 test 0.0579
epoch 22/200 loss 3.6755 train 0.1719 test 0.0604
epoch 23/200 loss 3.6048 train 0.1953 test 0.0588
epoch 24/200 loss 3.4822 train 0.1901 test 0.0603
epoch 25/200 loss 3.4272 train 0.2083 test 0.0568
epoch 26/200 loss 3.2804 train 0.2448 test 0.0644
epoch 27/200 loss 3.2760 train 0.2318 test 0.0662
epoch 28/200 loss 3.1965 train 0.2578 test 0.0725
epoch 29/200 loss 3.0444 train 0.3203 test 0.0652
epoch 30/200 loss 3.0586 train 0.2969 test 0.0625
epoch 31/200 loss 3.0047 train 0.3125 test 0.0697
epoch 32/200 loss 2.9260 train 0.3438 test 0.0747
epoch 33/200 loss 2.8042 train 0.3880 test 0.0728
epoch 34/200 loss 2.8070 train 0.3385 test 0.0705
epoch 35/200 loss 2.6792 train 0.3724 test 0.0795
epoch 36/200 loss 2.6447 train 0.4089 test 0.0771
epoch 37/200 loss 2.5390 train 0.4167 test 0.0722
epoch 38/200 loss 2.5006 train 0.4167 test 0.0691
epoch 39/200 loss 2.4728 train 0.4141 test 0.0719
epoch 40/200 loss 2.4124 train 0.4401 test 0.0853
epoch 41/200 loss 2.2791 train 0.4974 test 0.0797
epoch 42/200 loss 2.2479 train 0.4818 test 0.0747
epoch 43/200 loss 2.1686 train 0.5286 test 0.0775
epoch 44/200 loss 2.1031 train 0.5156 test 0.0861
epoch 45/200 loss 1.9645 train 0.5885 test 0.0821
epoch 46/200 loss 1.9207 train 0.5755 test 0.0858
epoch 47/200 loss 1.8473 train 0.5964 test 0.0818
epoch 48/200 loss 1.7925 train 0.6042 test 0.0758
epoch 49/200 loss 1.6857 train 0.6510 test 0.0786
epoch 50/200 loss 1.6920 train 0.6536 test 0.0808
epoch 51/200 loss 1.6413 train 0.6484 test 0.0814
epoch 52/200 loss 1.6599 train 0.6693 test 0.0839
epoch 53/200 loss 1.5250 train 0.6901 test 0.0853
epoch 54/200 loss 1.4975 train 0.6745 test 0.0822
epoch 55/200 loss 1.5160 train 0.6667 test 0.0863
epoch 56/200 loss 1.4445 train 0.6797 test 0.0840
epoch 57/200 loss 1.3102 train 0.7370 test 0.0851
epoch 58/200 loss 1.3374 train 0.7161 test 0.0894
epoch 59/200 loss 1.2444 train 0.7526 test 0.0884
epoch 60/200 loss 1.1410 train 0.7865 test 0.0852
epoch 61/200 loss 1.1024 train 0.7865 test 0.0799
epoch 62/200 loss 1.1158 train 0.7891 test 0.0813
epoch 63/200 loss 1.1372 train 0.7734 test 0.0805
epoch 64/200 loss 1.0322 train 0.7995 test 0.0865
epoch 65/200 loss 0.9292 train 0.8307 test 0.0825
epoch 66/200 loss 0.9229 train 0.8620 test 0.0861
epoch 67/200 loss 0.8559 train 0.8620 test 0.0897
epoch 68/200 loss 0.8165 train 0.8672 test 0.0976
epoch 69/200 loss 0.7449 train 0.8932 test 0.0865
epoch 70/200 loss 0.7512 train 0.8984 test 0.0888
epoch 71/200 loss 0.6540 train 0.9245 test 0.0869
epoch 72/200 loss 0.6113 train 0.9479 test 0.0904
epoch 73/200 loss 0.6011 train 0.9349 test 0.0888
epoch 74/200 loss 0.5361 train 0.9401 test 0.0923
epoch 75/200 loss 0.5074 train 0.9531 test 0.0957
epoch 76/200 loss 0.4555 train 0.9661 test 0.0959
epoch 77/200 loss 0.4247 train 0.9870 test 0.0964
epoch 78/200 loss 0.3995 train 0.9792 test 0.0924
epoch 79/200 loss 0.3752 train 0.9844 test 0.0965
epoch 80/200 loss 0.3533 train 0.9844 test 0.0972
epoch 81/200 loss 0.3299 train 0.9818 test 0.0942
epoch 82/200 loss 0.3172 train 0.9896 test 0.0929
epoch 83/200 loss 0.3097 train 0.9922 test 0.0955
epoch 84/200 loss 0.2795 train 0.9948 test 0.0937
epoch 85/200 loss 0.2594 train 0.9974 test 0.0968
epoch 86/200 loss 0.2473 train 0.9974 test 0.0948
epoch 87/200 loss 0.2638 train 0.9818 test 0.0972
epoch 88/200 loss 0.2281 train 0.9974 test 0.0999
epoch 89/200 loss 0.2231 train 0.9948 test 0.0992
epoch 90/200 loss 0.2136 train 0.9922 test 0.0965
epoch 91/200 loss 0.1973 train 0.9974 test 0.0989
epoch 92/200 loss 0.2099 train 0.9974 test 0.0974
epoch 93/200 loss 0.1809 train 1.0000 test 0.0994
epoch 94/200 loss 0.1843 train 0.9974 test 0.0979
epoch 95/200 loss 0.1777 train 0.9974 test 0.0999
epoch 96/200 loss 0.1604 train 1.0000 test 0.1006
epoch 97/200 loss 0.1618 train 1.0000 test 0.1016
epoch 98/200 loss 0.1594 train 1.0000 test 0.1017
epoch 99/200 loss 0.1413 train 0.9974 test 0.1029
epoch 100/200 loss 0.1495 train 1.0000 test 0.1053
epoch 101/200 loss 0.1437 train 1.0000 test 0.1013
epoch 102/200 loss 0.1416 train 1.0000 test 0.1018
epoch 103/200 loss 0.1459 train 1.0000 test 0.0990
epoch 104/200 loss 0.1309 train 1.0000 test 0.1007
epoch 105/200 loss 0.1348 train 0.9974 test 0.1029
epoch 106/200 loss 0.1195 train 1.0000 test 0.1010
epoch 107/200 loss 0.1455 train 0.9974 test 0.1025
epoch 108/200 loss 0.1269 train 0.9974 test 0.1034
epoch 109/200 loss 0.1210 train 1.0000 test 0.0998
epoch 110/200 loss 0.1156 train 1.0000 test 0.0995
epoch 111/200 loss 0.1145 train 0.9974 test 0.1012
epoch 112/200 loss 0.1088 train 1.0000 test 0.1020
epoch 113/200 loss 0.1014 train 1.0000 test 0.1016
epoch 114/200 loss 0.1074 train 1.0000 test 0.1020
epoch 115/200 loss 0.1133 train 1.0000 test 0.1021
epoch 116/200 loss 0.1002 train 1.0000 test 0.1012
epoch 117/200 loss 0.1025 train 1.0000 test 0.1037
epoch 118/200 loss 0.0988 train 1.0000 test 0.1033
epoch 119/200 loss 0.0928 train 1.0000 test 0.1036
epoch 120/200 loss 0.0909 train 0.9974 test 0.1018
epoch 121/200 loss 0.0893 train 1.0000 test 0.1035
epoch 122/200 loss 0.0839 train 1.0000 test 0.1039
epoch 123/200 loss 0.0807 train 1.0000 test 0.1058
epoch 124/200 loss 0.0787 train 1.0000 test 0.1054
epoch 125/200 loss 0.0805 train 1.0000 test 0.1049
epoch 126/200 loss 0.0751 train 1.0000 test 0.1068
epoch 127/200 loss 0.0729 train 1.0000 test 0.1067
epoch 128/200 loss 0.0739 train 1.0000 test 0.1064
epoch 129/200 loss 0.0674 train 1.0000 test 0.1068
epoch 130/200 loss 0.0697 train 1.0000 test 0.1076
epoch 131/200 loss 0.0677 train 1.0000 test 0.1067
epoch 132/200 loss 0.0659 train 1.0000 test 0.1060
epoch 133/200 loss 0.0662 train 1.0000 test 0.1061
epoch 134/200 loss 0.0626 train 1.0000 test 0.1056
epoch 135/200 loss 0.0571 train 1.0000 test 0.1060
epoch 136/200 loss 0.0599 train 1.0000 test 0.1060
epoch 137/200 loss 0.0584 train 1.0000 test 0.1063
epoch 138/200 loss 0.0543 train 1.0000 test 0.1062
epoch 139/200 loss 0.0558 train 1.0000 test 0.1065
epoch 140/200 loss 0.0555 train 1.0000 test 0.1076
epoch 141/200 loss 0.0572 train 1.0000 test 0.1081
epoch 142/200 loss 0.0546 train 1.0000 test 0.1083
epoch 143/200 loss 0.0552 train 1.0000 test 0.1079
epoch 144/200 loss 0.0529 train 1.0000 test 0.1072
epoch 145/200 loss 0.0502 train 1.0000 test 0.1075
epoch 146/200 loss 0.0525 train 1.0000 test 0.1076
epoch 147/200 loss 0.0494 train 1.0000 test 0.1069
epoch 148/200 loss 0.0467 train 1.0000 test 0.1070
epoch 149/200 loss 0.0445 train 1.0000 test 0.1076
epoch 150/200 loss 0.0487 train 1.0000 test 0.1071
epoch 151/200 loss 0.0448 train 1.0000 test 0.1070
epoch 152/200 loss 0.0483 train 1.0000 test 0.1061
epoch 153/200 loss 0.0410 train 1.0000 test 0.1066
epoch 154/200 loss 0.0431 train 1.0000 test 0.1061
epoch 155/200 loss 0.0391 train 1.0000 test 0.1062
epoch 156/200 loss 0.0417 train 1.0000 test 0.1060
epoch 157/200 loss 0.0396 train 1.0000 test 0.1069
epoch 158/200 loss 0.0386 train 1.0000 test 0.1067
epoch 159/200 loss 0.0389 train 1.0000 test 0.1072
epoch 160/200 loss 0.0358 train 1.0000 test 0.1070
epoch 161/200 loss 0.0343 train 1.0000 test 0.1061
epoch 162/200 loss 0.0352 train 1.0000 test 0.1065
epoch 163/200 loss 0.0338 train 1.0000 test 0.1075
epoch 164/200 loss 0.0333 train 1.0000 test 0.1075
epoch 165/200 loss 0.0371 train 1.0000 test 0.1064
epoch 166/200 loss 0.0318 train 1.0000 test 0.1079
epoch 167/200 loss 0.0293 train 1.0000 test 0.1078
epoch 168/200 loss 0.0389 train 1.0000 test 0.1078
epoch 169/200 loss 0.0285 train 1.0000 test 0.1082
epoch 170/200 loss 0.0285 train 1.0000 test 0.1090
epoch 171/200 loss 0.0318 train 1.0000 test 0.1081
epoch 172/200 loss 0.0265 train 1.0000 test 0.1077
epoch 173/200 loss 0.0267 train 1.0000 test 0.1075
epoch 174/200 loss 0.0319 train 1.0000 test 0.1080
epoch 175/200 loss 0.0238 train 1.0000 test 0.1079
epoch 176/200 loss 0.0270 train 1.0000 test 0.1086
epoch 177/200 loss 0.0256 train 1.0000 test 0.1091
epoch 178/200 loss 0.0239 train 1.0000 test 0.1087
epoch 179/200 loss 0.0260 train 1.0000 test 0.1082
epoch 180/200 loss 0.0244 train 1.0000 test 0.1083
epoch 181/200 loss 0.0245 train 1.0000 test 0.1090
epoch 182/200 loss 0.0238 train 1.0000 test 0.1078
epoch 183/200 loss 0.0223 train 1.0000 test 0.1083
epoch 184/200 loss 0.0224 train 1.0000 test 0.1072
epoch 185/200 loss 0.0230 train 1.0000 test 0.1070
epoch 186/200 loss 0.0251 train 1.0000 test 0.1072
epoch 187/200 loss 0.0202 train 1.0000 test 0.1072
epoch 188/200 loss 0.0211 train 1.0000 test 0.1082
epoch 189/200 loss 0.0214 train 1.0000 test 0.1081
epoch 190/200 loss 0.0204 train 1.0000 test 0.1080
epoch 191/200 loss 0.0221 train 1.0000 test 0.1078
epoch 192/200 loss 0.0219 train 1.0000 test 0.1075
epoch 193/200 loss 0.0184 train 1.0000 test 0.1073
epoch 194/200 loss 0.0200 train 1.0000 test 0.1078
epoch 195/200 loss 0.0193 train 1.0000 test 0.1076
epoch 196/200 loss 0.0216 train 1.0000 test 0.1081
epoch 197/200 loss 0.0205 train 1.0000 test 0.1074
epoch 198/200 loss 0.0205 train 1.0000 test 0.1072
epoch 199/200 loss 0.0224 train 1.0000 test 0.1073
epoch 200/200 loss 0.0233 train 1.0000 test 0.1071
done: final 0.1071 best 0.1091 -> ./runs/auxmag_1pct_sched2/seed1
moment-aux target calibrated on 1024 images
[auxmag_1pct_sched2 seed2] {"params_trainable": 11222188, "params_stem_trainable": 0, "params_stem_fixed_filters": 0, "flops_total": 556705792, "flops_stem": 0, "flops_image_size": 32}
epoch 1/200 loss 10.4091 train 0.0104 test 0.0159
epoch 2/200 loss 8.6562 train 0.0130 test 0.0114
epoch 3/200 loss 7.2973 train 0.0156 test 0.0101
epoch 4/200 loss 6.5616 train 0.0339 test 0.0144
epoch 5/200 loss 5.9501 train 0.0208 test 0.0187
epoch 6/200 loss 5.6206 train 0.0495 test 0.0227
epoch 7/200 loss 5.2703 train 0.0547 test 0.0222
epoch 8/200 loss 5.0492 train 0.0677 test 0.0342
epoch 9/200 loss 4.8833 train 0.0729 test 0.0342
epoch 10/200 loss 4.6518 train 0.0938 test 0.0391
epoch 11/200 loss 4.5382 train 0.1016 test 0.0389
epoch 12/200 loss 4.4308 train 0.1068 test 0.0452
epoch 13/200 loss 4.3278 train 0.1172 test 0.0416
epoch 14/200 loss 4.2164 train 0.1094 test 0.0446
epoch 15/200 loss 4.0436 train 0.1589 test 0.0483
epoch 16/200 loss 3.9446 train 0.1406 test 0.0557
epoch 17/200 loss 3.8880 train 0.1615 test 0.0552
epoch 18/200 loss 3.7284 train 0.2031 test 0.0586
epoch 19/200 loss 3.7169 train 0.2031 test 0.0576
epoch 20/200 loss 3.6864 train 0.1797 test 0.0600
epoch 21/200 loss 3.5004 train 0.2057 test 0.0630
epoch 22/200 loss 3.4636 train 0.1979 test 0.0657
epoch 23/200 loss 3.4151 train 0.2057 test 0.0678
epoch 24/200 loss 3.2810 train 0.2526 test 0.0642
epoch 25/200 loss 3.2565 train 0.2500 test 0.0677
epoch 26/200 loss 3.1352 train 0.2917 test 0.0708
epoch 27/200 loss 3.0725 train 0.2891 test 0.0696
epoch 28/200 loss 3.0417 train 0.2943 test 0.0708
epoch 29/200 loss 2.9869 train 0.2969 test 0.0708
epoch 30/200 loss 2.9827 train 0.3125 test 0.0737
epoch 31/200 loss 2.9331 train 0.2943 test 0.0793
epoch 32/200 loss 2.8234 train 0.2943 test 0.0764
epoch 33/200 loss 2.7388 train 0.3646 test 0.0745
epoch 34/200 loss 2.6635 train 0.3750 test 0.0802
epoch 35/200 loss 2.6011 train 0.4062 test 0.0775
epoch 36/200 loss 2.5267 train 0.4167 test 0.0774
epoch 37/200 loss 2.4568 train 0.4062 test 0.0784
epoch 38/200 loss 2.4163 train 0.4349 test 0.0723
epoch 39/200 loss 2.3320 train 0.4766 test 0.0720
epoch 40/200 loss 2.2929 train 0.4297 test 0.0832
epoch 41/200 loss 2.2286 train 0.4661 test 0.0835
epoch 42/200 loss 2.1031 train 0.5286 test 0.0848
epoch 43/200 loss 2.1072 train 0.4870 test 0.0803
epoch 44/200 loss 1.9941 train 0.5651 test 0.0807
epoch 45/200 loss 1.9866 train 0.5417 test 0.0684
epoch 46/200 loss 1.9417 train 0.5781 test 0.0842
epoch 47/200 loss 1.8120 train 0.6146 test 0.0783
epoch 48/200 loss 1.7215 train 0.6354 test 0.0814
epoch 49/200 loss 1.7051 train 0.6510 test 0.0868
epoch 50/200 loss 1.5698 train 0.7083 test 0.0846
epoch 51/200 loss 1.5459 train 0.6693 test 0.0913
epoch 52/200 loss 1.4909 train 0.6901 test 0.0824
epoch 53/200 loss 1.4235 train 0.7005 test 0.0876
epoch 54/200 loss 1.4230 train 0.6823 test 0.0777
epoch 55/200 loss 1.3661 train 0.7240 test 0.0857
epoch 56/200 loss 1.3357 train 0.7370 test 0.0886
epoch 57/200 loss 1.2845 train 0.7344 test 0.0886
epoch 58/200 loss 1.1976 train 0.7839 test 0.0890
epoch 59/200 loss 1.2461 train 0.7318 test 0.0851
epoch 60/200 loss 1.1316 train 0.8021 test 0.0878
epoch 61/200 loss 1.0893 train 0.7891 test 0.0818
epoch 62/200 loss 1.0786 train 0.7812 test 0.0890
epoch 63/200 loss 0.9764 train 0.8411 test 0.0916
epoch 64/200 loss 0.9223 train 0.8359 test 0.0929
epoch 65/200 loss 0.8915 train 0.8594 test 0.0906
epoch 66/200 loss 0.8408 train 0.8568 test 0.0891
epoch 67/200 loss 0.8382 train 0.8646 test 0.0920
epoch 68/200 loss 0.7051 train 0.9010 test 0.0873
epoch 69/200 loss 0.7795 train 0.8776 test 0.0932
epoch 70/200 loss 0.7195 train 0.8776 test 0.1000
epoch 71/200 loss 0.6153 train 0.9323 test 0.0972
epoch 72/200 loss 0.6102 train 0.9297 test 0.0919
epoch 73/200 loss 0.5689 train 0.9375 test 0.0931
epoch 74/200 loss 0.5683 train 0.9245 test 0.0954
epoch 75/200 loss 0.4731 train 0.9688 test 0.0976
epoch 76/200 loss 0.4908 train 0.9609 test 0.0933
epoch 77/200 loss 0.4498 train 0.9609 test 0.0996
epoch 78/200 loss 0.4095 train 0.9714 test 0.0971
epoch 79/200 loss 0.3522 train 0.9844 test 0.0959
epoch 80/200 loss 0.3571 train 0.9844 test 0.0993
epoch 81/200 loss 0.3230 train 0.9818 test 0.1013
epoch 82/200 loss 0.3107 train 0.9922 test 0.0975
epoch 83/200 loss 0.3180 train 0.9844 test 0.0970
epoch 84/200 loss 0.2882 train 0.9896 test 0.1019
epoch 85/200 loss 0.2909 train 0.9844 test 0.0947
epoch 86/200 loss 0.2705 train 0.9896 test 0.0963
epoch 87/200 loss 0.2656 train 0.9896 test 0.1017
epoch 88/200 loss 0.2399 train 0.9948 test 0.1012
epoch 89/200 loss 0.2309 train 0.9948 test 0.1028
epoch 90/200 loss 0.2131 train 1.0000 test 0.0967
epoch 91/200 loss 0.2246 train 0.9974 test 0.0993
epoch 92/200 loss 0.1981 train 1.0000 test 0.1027
epoch 93/200 loss 0.1961 train 0.9948 test 0.1047
epoch 94/200 loss 0.1797 train 0.9974 test 0.1040
epoch 95/200 loss 0.1738 train 0.9974 test 0.1017
epoch 96/200 loss 0.1719 train 1.0000 test 0.1017
epoch 97/200 loss 0.1592 train 0.9974 test 0.1026
epoch 98/200 loss 0.1534 train 1.0000 test 0.1036
epoch 99/200 loss 0.1439 train 1.0000 test 0.1046
epoch 100/200 loss 0.1373 train 1.0000 test 0.1035
epoch 101/200 loss 0.1416 train 1.0000 test 0.1037
epoch 102/200 loss 0.1354 train 1.0000 test 0.1045
epoch 103/200 loss 0.1312 train 1.0000 test 0.1050
epoch 104/200 loss 0.1279 train 1.0000 test 0.1043
epoch 105/200 loss 0.1187 train 1.0000 test 0.1037
epoch 106/200 loss 0.1258 train 1.0000 test 0.1057
epoch 107/200 loss 0.1129 train 1.0000 test 0.1041
epoch 108/200 loss 0.1183 train 1.0000 test 0.1020
epoch 109/200 loss 0.1170 train 1.0000 test 0.1018
epoch 110/200 loss 0.1073 train 1.0000 test 0.1040
epoch 111/200 loss 0.1024 train 1.0000 test 0.1050
epoch 112/200 loss 0.1043 train 1.0000 test 0.1057
epoch 113/200 loss 0.1001 train 1.0000 test 0.1069
epoch 114/200 loss 0.1010 train 1.0000 test 0.1085
epoch 115/200 loss 0.0938 train 1.0000 test 0.1060
epoch 116/200 loss 0.0863 train 1.0000 test 0.1066
epoch 117/200 loss 0.0914 train 1.0000 test 0.1055
epoch 118/200 loss 0.0864 train 1.0000 test 0.1069
epoch 119/200 loss 0.0836 train 1.0000 test 0.1083
epoch 120/200 loss 0.0844 train 1.0000 test 0.1105
epoch 121/200 loss 0.0816 train 1.0000 test 0.1099
epoch 122/200 loss 0.0835 train 1.0000 test 0.1094
epoch 123/200 loss 0.0752 train 1.0000 test 0.1070
epoch 124/200 loss 0.0784 train 1.0000 test 0.1080
epoch 125/200 loss 0.0774 train 1.0000 test 0.1087
epoch 126/200 loss 0.0801 train 1.0000 test 0.1100
epoch 127/200 loss 0.0710 train 1.0000 test 0.1106
epoch 128/200 loss 0.0738 train 1.0000 test 0.1089
epoch 129/200 loss 0.0667 train 1.0000 test 0.1076
epoch 130/200 loss 0.0669 train 1.0000 test 0.1087
epoch 131/200 loss 0.0650 train 1.0000 test 0.1102
epoch 132/200 loss 0.0621 train 1.0000 test 0.1082
epoch 133/200 loss 0.0622 train 1.0000 test 0.1077
epoch 134/200 loss 0.0601 train 1.0000 test 0.1078
epoch 135/200 loss 0.0603 train 1.0000 test 0.1093
epoch 136/200 loss 0.0570 train 1.0000 test 0.1101
epoch 137/200 loss 0.0562 train 1.0000 test 0.1089
epoch 138/200 loss 0.0566 train 1.0000 test 0.1098
epoch 139/200 loss 0.0538 train 1.0000 test 0.1085
epoch 140/200 loss 0.0526 train 1.0000 test 0.1077
epoch 141/200 loss 0.0554 train 1.0000 test 0.1072
epoch 142/200 loss 0.0490 train 1.0000 test 0.1070
epoch 143/200 loss 0.0482 train 1.0000 test 0.1074
epoch 144/200 loss 0.0503 train 1.0000 test 0.1092
epoch 145/200 loss 0.0471 train 1.0000 test 0.1092
epoch 146/200 loss 0.0500 train 1.0000 test 0.1090
epoch 147/200 loss 0.0449 train 1.0000 test 0.1080
epoch 148/200 loss 0.0440 train 1.0000 test 0.1082
epoch 149/200 loss 0.0465 train 1.0000 test 0.1075
epoch 150/200 loss 0.0447 train 1.0000 test 0.1079
epoch 151/200 loss 0.0420 train 1.0000 test 0.1083
epoch 152/200 loss 0.0388 train 1.0000 test 0.1084
epoch 153/200 loss 0.0421 train 1.0000 test 0.1084
epoch 154/200 loss 0.0415 train 1.0000 test 0.1091
epoch 155/200 loss 0.0425 train 1.0000 test 0.1089
epoch 156/200 loss 0.0379 train 1.0000 test 0.1094
epoch 157/200 loss 0.0428 train 1.0000 test 0.1096
epoch 158/200 loss 0.0353 train 1.0000 test 0.1103
epoch 159/200 loss 0.0365 train 1.0000 test 0.1109
epoch 160/200 loss 0.0366 train 1.0000 test 0.1100
epoch 161/200 loss 0.0343 train 1.0000 test 0.1103
epoch 162/200 loss 0.0376 train 1.0000 test 0.1100
epoch 163/200 loss 0.0309 train 1.0000 test 0.1095
epoch 164/200 loss 0.0364 train 1.0000 test 0.1097
epoch 165/200 loss 0.0326 train 1.0000 test 0.1081
epoch 166/200 loss 0.0310 train 1.0000 test 0.1083
epoch 167/200 loss 0.0366 train 1.0000 test 0.1091
epoch 168/200 loss 0.0301 train 1.0000 test 0.1095
epoch 169/200 loss 0.0295 train 1.0000 test 0.1096
epoch 170/200 loss 0.0276 train 1.0000 test 0.1095
epoch 171/200 loss 0.0326 train 1.0000 test 0.1102
epoch 172/200 loss 0.0292 train 1.0000 test 0.1105
epoch 173/200 loss 0.0244 train 1.0000 test 0.1101
epoch 174/200 loss 0.0312 train 1.0000 test 0.1108
epoch 175/200 loss 0.0227 train 1.0000 test 0.1104
epoch 176/200 loss 0.0276 train 1.0000 test 0.1104
epoch 177/200 loss 0.0258 train 1.0000 test 0.1109
epoch 178/200 loss 0.0259 train 1.0000 test 0.1103
epoch 179/200 loss 0.0250 train 1.0000 test 0.1109
epoch 180/200 loss 0.0241 train 1.0000 test 0.1104
epoch 181/200 loss 0.0244 train 1.0000 test 0.1099
epoch 182/200 loss 0.0223 train 1.0000 test 0.1100
epoch 183/200 loss 0.0246 train 1.0000 test 0.1102
epoch 184/200 loss 0.0226 train 1.0000 test 0.1097
epoch 185/200 loss 0.0237 train 1.0000 test 0.1091
epoch 186/200 loss 0.0253 train 1.0000 test 0.1097
epoch 187/200 loss 0.0203 train 1.0000 test 0.1100
epoch 188/200 loss 0.0243 train 1.0000 test 0.1096
epoch 189/200 loss 0.0193 train 1.0000 test 0.1099
epoch 190/200 loss 0.0225 train 1.0000 test 0.1099
epoch 191/200 loss 0.0262 train 1.0000 test 0.1098
epoch 192/200 loss 0.0198 train 1.0000 test 0.1094
epoch 193/200 loss 0.0227 train 1.0000 test 0.1102
epoch 194/200 loss 0.0185 train 1.0000 test 0.1101
epoch 195/200 loss 0.0227 train 1.0000 test 0.1105
epoch 196/200 loss 0.0195 train 1.0000 test 0.1100
epoch 197/200 loss 0.0215 train 1.0000 test 0.1095
epoch 198/200 loss 0.0172 train 1.0000 test 0.1097
epoch 199/200 loss 0.0201 train 1.0000 test 0.1086
epoch 200/200 loss 0.0179 train 1.0000 test 0.1083
done: final 0.1083 best 0.1109 -> ./runs/auxmag_1pct_sched2/seed2
AUXLH_auxmag_1pct_sched2_DONE
moment-aux target calibrated on 1024 images
[auxmag_25pct_l05 seed0] {"params_trainable": 11222188, "params_stem_trainable": 0, "params_stem_fixed_filters": 0, "flops_total": 556705792, "flops_stem": 0, "flops_image_size": 32}
epoch 1/200 loss 4.3530 train 0.0540 test 0.0810
epoch 2/200 loss 3.9765 train 0.0955 test 0.1022
epoch 3/200 loss 3.7459 train 0.1293 test 0.1144
epoch 4/200 loss 3.5884 train 0.1455 test 0.1422
epoch 5/200 loss 3.4183 train 0.1798 test 0.1441
epoch 6/200 loss 3.2479 train 0.2117 test 0.1902
epoch 7/200 loss 3.1044 train 0.2304 test 0.2321
epoch 8/200 loss 2.9303 train 0.2596 test 0.2214
epoch 9/200 loss 2.7731 train 0.2933 test 0.2486
epoch 10/200 loss 2.6369 train 0.3173 test 0.2685
epoch 11/200 loss 2.4938 train 0.3474 test 0.2749
epoch 12/200 loss 2.3874 train 0.3718 test 0.3007
epoch 13/200 loss 2.2450 train 0.4010 test 0.3234
epoch 14/200 loss 2.1430 train 0.4228 test 0.3517
epoch 15/200 loss 2.0556 train 0.4352 test 0.3220
epoch 16/200 loss 1.9533 train 0.4671 test 0.3781
epoch 17/200 loss 1.8682 train 0.4812 test 0.3564
epoch 18/200 loss 1.7805 train 0.5023 test 0.3962
epoch 19/200 loss 1.7099 train 0.5213 test 0.3734
epoch 20/200 loss 1.6328 train 0.5397 test 0.3927
epoch 21/200 loss 1.5480 train 0.5635 test 0.4228
epoch 22/200 loss 1.4757 train 0.5782 test 0.4031
epoch 23/200 loss 1.4185 train 0.5915 test 0.4273
epoch 24/200 loss 1.3522 train 0.6102 test 0.4175
epoch 25/200 loss 1.2906 train 0.6244 test 0.4235
epoch 26/200 loss 1.2435 train 0.6397 test 0.3924
epoch 27/200 loss 1.1766 train 0.6591 test 0.3934
epoch 28/200 loss 1.1403 train 0.6645 test 0.4282
epoch 29/200 loss 1.1066 train 0.6732 test 0.3989
epoch 30/200 loss 1.0417 train 0.6896 test 0.4241
epoch 31/200 loss 0.9828 train 0.7078 test 0.4328
epoch 32/200 loss 0.9698 train 0.7104 test 0.3639
epoch 33/200 loss 0.9214 train 0.7250 test 0.4398
epoch 34/200 loss 0.8726 train 0.7365 test 0.4553
epoch 35/200 loss 0.8369 train 0.7445 test 0.4285
epoch 36/200 loss 0.7777 train 0.7634 test 0.4149
epoch 37/200 loss 0.7786 train 0.7666 test 0.4342
epoch 38/200 loss 0.7781 train 0.7614 test 0.4306
epoch 39/200 loss 0.6947 train 0.7870 test 0.4673
epoch 40/200 loss 0.6785 train 0.7935 test 0.4615
epoch 41/200 loss 0.6085 train 0.8166 test 0.4419
epoch 42/200 loss 0.6441 train 0.8056 test 0.4421
epoch 43/200 loss 0.6093 train 0.8135 test 0.4298
epoch 44/200 loss 0.5822 train 0.8233 test 0.4480
epoch 45/200 loss 0.5727 train 0.8274 test 0.4585
epoch 46/200 loss 0.5442 train 0.8366 test 0.4670
epoch 47/200 loss 0.5026 train 0.8470 test 0.4287
epoch 48/200 loss 0.5411 train 0.8312 test 0.4065
epoch 49/200 loss 0.4897 train 0.8512 test 0.4195
epoch 50/200 loss 0.4689 train 0.8609 test 0.4701
epoch 51/200 loss 0.4560 train 0.8617 test 0.4746
epoch 52/200 loss 0.4274 train 0.8705 test 0.4480
epoch 53/200 loss 0.4514 train 0.8652 test 0.4413
epoch 54/200 loss 0.4419 train 0.8678 test 0.4076
epoch 55/200 loss 0.4134 train 0.8763 test 0.4355
epoch 56/200 loss 0.4412 train 0.8670 test 0.4756
epoch 57/200 loss 0.3764 train 0.8867 test 0.4699
epoch 58/200 loss 0.3886 train 0.8835 test 0.4646
epoch 59/200 loss 0.4005 train 0.8788 test 0.4322
epoch 60/200 loss 0.3858 train 0.8887 test 0.4673
epoch 61/200 loss 0.3213 train 0.9065 test 0.4683
epoch 62/200 loss 0.3272 train 0.9028 test 0.4674
epoch 63/200 loss 0.3525 train 0.8980 test 0.4721
epoch 64/200 loss 0.3334 train 0.9038 test 0.4756
epoch 65/200 loss 0.3213 train 0.9080 test 0.4688
epoch 66/200 loss 0.3029 train 0.9125 test 0.4816
epoch 67/200 loss 0.3367 train 0.9020 test 0.4299
epoch 68/200 loss 0.3444 train 0.8989 test 0.4715
epoch 69/200 loss 0.3072 train 0.9112 test 0.4885
epoch 70/200 loss 0.2759 train 0.9241 test 0.4811
epoch 71/200 loss 0.3148 train 0.9097 test 0.4457
epoch 72/200 loss 0.2917 train 0.9165 test 0.4438
epoch 73/200 loss 0.2669 train 0.9236 test 0.4794
epoch 74/200 loss 0.2557 train 0.9274 test 0.4957
epoch 75/200 loss 0.2187 train 0.9384 test 0.4720
epoch 76/200 loss 0.2030 train 0.9443 test 0.4960
epoch 77/200 loss 0.2234 train 0.9364 test 0.5004
epoch 78/200 loss 0.2404 train 0.9333 test 0.4677
epoch 79/200 loss 0.2248 train 0.9402 test 0.4720
epoch 80/200 loss 0.2246 train 0.9401 test 0.4749
epoch 81/200 loss 0.2113 train 0.9421 test 0.4999
epoch 82/200 loss 0.2465 train 0.9323 test 0.4662
epoch 83/200 loss 0.2067 train 0.9465 test 0.5123
epoch 84/200 loss 0.2041 train 0.9427 test 0.4633
epoch 85/200 loss 0.1827 train 0.9508 test 0.4943
epoch 86/200 loss 0.1598 train 0.9581 test 0.5022
epoch 87/200 loss 0.1814 train 0.9517 test 0.4951
epoch 88/200 loss 0.2132 train 0.9400 test 0.4762
epoch 89/200 loss 0.1942 train 0.9505 test 0.5052
epoch 90/200 loss 0.1867 train 0.9494 test 0.5043
epoch 91/200 loss 0.1511 train 0.9612 test 0.4835
epoch 92/200 loss 0.1418 train 0.9650 test 0.5183
epoch 93/200 loss 0.1108 train 0.9743 test 0.5137
epoch 94/200 loss 0.1039 train 0.9767 test 0.5100
epoch 95/200 loss 0.0954 train 0.9793 test 0.5129
epoch 96/200 loss 0.0840 train 0.9835 test 0.5282
epoch 97/200 loss 0.0827 train 0.9842 test 0.5198
epoch 98/200 loss 0.0765 train 0.9849 test 0.5072
epoch 99/200 loss 0.0853 train 0.9825 test 0.5188
epoch 100/200 loss 0.0815 train 0.9845 test 0.5122
epoch 101/200 loss 0.0806 train 0.9836 test 0.5301
epoch 102/200 loss 0.0937 train 0.9809 test 0.5158
epoch 103/200 loss 0.0952 train 0.9812 test 0.5130
epoch 104/200 loss 0.1213 train 0.9727 test 0.4963
epoch 105/200 loss 0.1390 train 0.9691 test 0.4890
epoch 106/200 loss 0.1538 train 0.9627 test 0.4739
epoch 107/200 loss 0.2003 train 0.9480 test 0.5029
epoch 108/200 loss 0.2093 train 0.9464 test 0.4807
epoch 109/200 loss 0.1921 train 0.9485 test 0.4737
epoch 110/200 loss 0.1372 train 0.9685 test 0.4965
epoch 111/200 loss 0.0956 train 0.9803 test 0.5254
epoch 112/200 loss 0.0689 train 0.9879 test 0.5412
epoch 113/200 loss 0.0399 train 0.9948 test 0.5532
epoch 114/200 loss 0.0282 train 0.9973 test 0.5718
epoch 115/200 loss 0.0244 train 0.9985 test 0.5737
epoch 116/200 loss 0.0193 train 0.9990 test 0.5845
epoch 117/200 loss 0.0169 train 0.9992 test 0.5853
epoch 118/200 loss 0.0174 train 0.9987 test 0.5845
epoch 119/200 loss 0.0164 train 0.9994 test 0.5918
epoch 120/200 loss 0.0136 train 0.9999 test 0.5927
epoch 121/200 loss 0.0135 train 0.9999 test 0.5972
epoch 122/200 loss 0.0127 train 0.9998 test 0.5958
epoch 123/200 loss 0.0129 train 0.9998 test 0.6002
epoch 124/200 loss 0.0130 train 0.9998 test 0.5995
epoch 125/200 loss 0.0126 train 0.9999 test 0.5984
epoch 126/200 loss 0.0132 train 0.9997 test 0.5979
epoch 127/200 loss 0.0127 train 0.9998 test 0.6030
epoch 128/200 loss 0.0128 train 1.0000 test 0.6031
epoch 129/200 loss 0.0129 train 0.9999 test 0.6005
epoch 130/200 loss 0.0126 train 0.9999 test 0.6057
epoch 131/200 loss 0.0129 train 1.0000 test 0.6051
epoch 132/200 loss 0.0130 train 0.9999 test 0.6063
epoch 133/200 loss 0.0127 train 1.0000 test 0.6051
epoch 134/200 loss 0.0130 train 1.0000 test 0.6038
epoch 135/200 loss 0.0132 train 0.9998 test 0.6048
epoch 136/200 loss 0.0129 train 1.0000 test 0.6048
epoch 137/200 loss 0.0129 train 0.9998 test 0.6073
epoch 138/200 loss 0.0126 train 0.9999 test 0.6065
epoch 139/200 loss 0.0129 train 0.9998 test 0.6064
epoch 140/200 loss 0.0127 train 0.9999 test 0.6083
epoch 141/200 loss 0.0131 train 0.9998 test 0.6079
epoch 142/200 loss 0.0128 train 0.9999 test 0.6048
epoch 143/200 loss 0.0128 train 0.9998 test 0.6091
epoch 144/200 loss 0.0129 train 0.9998 test 0.6093
epoch 145/200 loss 0.0127 train 0.9999 test 0.6090
epoch 146/200 loss 0.0126 train 0.9999 test 0.6064
epoch 147/200 loss 0.0125 train 0.9998 test 0.6108
epoch 148/200 loss 0.0124 train 0.9999 test 0.6076
epoch 149/200 loss 0.0123 train 1.0000 test 0.6098
epoch 150/200 loss 0.0119 train 1.0000 test 0.6104
epoch 151/200 loss 0.0125 train 1.0000 test 0.6087
epoch 152/200 loss 0.0121 train 1.0000 test 0.6075
epoch 153/200 loss 0.0120 train 1.0000 test 0.6107
epoch 154/200 loss 0.0120 train 0.9999 test 0.6082
epoch 155/200 loss 0.0119 train 1.0000 test 0.6089
epoch 156/200 loss 0.0124 train 0.9998 test 0.6098
epoch 157/200 loss 0.0119 train 0.9999 test 0.6109
epoch 158/200 loss 0.0123 train 0.9998 test 0.6112
epoch 159/200 loss 0.0121 train 0.9999 test 0.6098
epoch 160/200 loss 0.0120 train 1.0000 test 0.6126
epoch 161/200 loss 0.0117 train 1.0000 test 0.6097
epoch 162/200 loss 0.0118 train 1.0000 test 0.6121
epoch 163/200 loss 0.0117 train 1.0000 test 0.6090
epoch 164/200 loss 0.0117 train 0.9999 test 0.6100
epoch 165/200 loss 0.0117 train 0.9999 test 0.6106
epoch 166/200 loss 0.0114 train 1.0000 test 0.6101
epoch 167/200 loss 0.0117 train 0.9999 test 0.6099
epoch 168/200 loss 0.0115 train 1.0000 test 0.6096
epoch 169/200 loss 0.0116 train 1.0000 test 0.6078
epoch 170/200 loss 0.0117 train 0.9999 test 0.6114
epoch 171/200 loss 0.0115 train 1.0000 test 0.6092
epoch 172/200 loss 0.0115 train 1.0000 test 0.6128
epoch 173/200 loss 0.0115 train 0.9999 test 0.6093
epoch 174/200 loss 0.0113 train 1.0000 test 0.6115
epoch 175/200 loss 0.0113 train 0.9999 test 0.6095
epoch 176/200 loss 0.0112 train 1.0000 test 0.6103
epoch 177/200 loss 0.0113 train 0.9999 test 0.6113
epoch 178/200 loss 0.0113 train 1.0000 test 0.6115
epoch 179/200 loss 0.0114 train 1.0000 test 0.6125
epoch 180/200 loss 0.0113 train 1.0000 test 0.6113
epoch 181/200 loss 0.0111 train 1.0000 test 0.6099
epoch 182/200 loss 0.0112 train 1.0000 test 0.6106
epoch 183/200 loss 0.0111 train 1.0000 test 0.6121
epoch 184/200 loss 0.0113 train 0.9999 test 0.6122
epoch 185/200 loss 0.0112 train 1.0000 test 0.6116
epoch 186/200 loss 0.0111 train 1.0000 test 0.6127
epoch 187/200 loss 0.0112 train 1.0000 test 0.6123
epoch 188/200 loss 0.0111 train 1.0000 test 0.6112
epoch 189/200 loss 0.0110 train 1.0000 test 0.6115
epoch 190/200 loss 0.0111 train 1.0000 test 0.6137
epoch 191/200 loss 0.0111 train 0.9999 test 0.6112
epoch 192/200 loss 0.0114 train 1.0000 test 0.6106
epoch 193/200 loss 0.0110 train 1.0000 test 0.6124
epoch 194/200 loss 0.0114 train 1.0000 test 0.6110
epoch 195/200 loss 0.0111 train 1.0000 test 0.6097
epoch 196/200 loss 0.0110 train 1.0000 test 0.6107
epoch 197/200 loss 0.0109 train 1.0000 test 0.6109
epoch 198/200 loss 0.0111 train 0.9999 test 0.6122
epoch 199/200 loss 0.0109 train 1.0000 test 0.6096
epoch 200/200 loss 0.0111 train 1.0000 test 0.6114
done: final 0.6114 best 0.6137 -> ./runs/auxmag_25pct_l05/seed0
moment-aux target calibrated on 1024 images
[auxmag_25pct_l05 seed1] {"params_trainable": 11222188, "params_stem_trainable": 0, "params_stem_fixed_filters": 0, "flops_total": 556705792, "flops_stem": 0, "flops_image_size": 32}
epoch 1/200 loss 4.3472 train 0.0538 test 0.0734
epoch 2/200 loss 3.9877 train 0.0905 test 0.1096
epoch 3/200 loss 3.7531 train 0.1232 test 0.1317
epoch 4/200 loss 3.5794 train 0.1537 test 0.1341
epoch 5/200 loss 3.4013 train 0.1843 test 0.1849
epoch 6/200 loss 3.2318 train 0.2115 test 0.1875
epoch 7/200 loss 3.0729 train 0.2372 test 0.2199
epoch 8/200 loss 2.9066 train 0.2631 test 0.2201
epoch 9/200 loss 2.7224 train 0.2990 test 0.2679
epoch 10/200 loss 2.5840 train 0.3303 test 0.2754
epoch 11/200 loss 2.4481 train 0.3566 test 0.3218
epoch 12/200 loss 2.3250 train 0.3822 test 0.3346
epoch 13/200 loss 2.2074 train 0.4064 test 0.3226
epoch 14/200 loss 2.0899 train 0.4316 test 0.3492
epoch 15/200 loss 2.0138 train 0.4486 test 0.3462
epoch 16/200 loss 1.9059 train 0.4688 test 0.3839
epoch 17/200 loss 1.8283 train 0.4903 test 0.3650
epoch 18/200 loss 1.7251 train 0.5159 test 0.4074
epoch 19/200 loss 1.6417 train 0.5355 test 0.3465
epoch 20/200 loss 1.5794 train 0.5525 test 0.3825
epoch 21/200 loss 1.4934 train 0.5712 test 0.3984
epoch 22/200 loss 1.4397 train 0.5879 test 0.3963
epoch 23/200 loss 1.3972 train 0.5977 test 0.3523
epoch 24/200 loss 1.3673 train 0.6047 test 0.3889
epoch 25/200 loss 1.2716 train 0.6273 test 0.4083
epoch 26/200 loss 1.2352 train 0.6387 test 0.4078
epoch 27/200 loss 1.1604 train 0.6571 test 0.4131
epoch 28/200 loss 1.1249 train 0.6679 test 0.4383
epoch 29/200 loss 1.0803 train 0.6850 test 0.3674
epoch 30/200 loss 1.0067 train 0.7005 test 0.4239
epoch 31/200 loss 0.9854 train 0.7047 test 0.4375
epoch 32/200 loss 0.9024 train 0.7279 test 0.4626
epoch 33/200 loss 0.8979 train 0.7270 test 0.4463
epoch 34/200 loss 0.8700 train 0.7388 test 0.4277
epoch 35/200 loss 0.8293 train 0.7523 test 0.4406
epoch 36/200 loss 0.7788 train 0.7663 test 0.4245
epoch 37/200 loss 0.7809 train 0.7604 test 0.4482
epoch 38/200 loss 0.7338 train 0.7812 test 0.4428
epoch 39/200 loss 0.6794 train 0.7921 test 0.4443
epoch 40/200 loss 0.6751 train 0.7920 test 0.4318
epoch 41/200 loss 0.6319 train 0.8073 test 0.4478
epoch 42/200 loss 0.6306 train 0.8099 test 0.4518
epoch 43/200 loss 0.6180 train 0.8132 test 0.4173
epoch 44/200 loss 0.6017 train 0.8170 test 0.4117
epoch 45/200 loss 0.5730 train 0.8263 test 0.4534
epoch 46/200 loss 0.5434 train 0.8346 test 0.4425
epoch 47/200 loss 0.4923 train 0.8558 test 0.4746
epoch 48/200 loss 0.5248 train 0.8435 test 0.4660
epoch 49/200 loss 0.5067 train 0.8500 test 0.4369
epoch 50/200 loss 0.4723 train 0.8594 test 0.4512
epoch 51/200 loss 0.4303 train 0.8740 test 0.4497
epoch 52/200 loss 0.4547 train 0.8605 test 0.4504
epoch 53/200 loss 0.4577 train 0.8635 test 0.4427
epoch 54/200 loss 0.4337 train 0.8696 test 0.4672
epoch 55/200 loss 0.3994 train 0.8804 test 0.4558
epoch 56/200 loss 0.3720 train 0.8905 test 0.4552
epoch 57/200 loss 0.4033 train 0.8774 test 0.4652
epoch 58/200 loss 0.3991 train 0.8782 test 0.4440
epoch 59/200 loss 0.3693 train 0.8915 test 0.4688
epoch 60/200 loss 0.3513 train 0.8978 test 0.4859
epoch 61/200 loss 0.3514 train 0.8975 test 0.4550
epoch 62/200 loss 0.3298 train 0.9057 test 0.4556
epoch 63/200 loss 0.3425 train 0.8953 test 0.4635
epoch 64/200 loss 0.3742 train 0.8912 test 0.4559
epoch 65/200 loss 0.3598 train 0.8930 test 0.4756
epoch 66/200 loss 0.2967 train 0.9155 test 0.4529
epoch 67/200 loss 0.2791 train 0.9209 test 0.4775
epoch 68/200 loss 0.3104 train 0.9090 test 0.4795
epoch 69/200 loss 0.2983 train 0.9122 test 0.4876
epoch 70/200 loss 0.2896 train 0.9149 test 0.4690
epoch 71/200 loss 0.2974 train 0.9163 test 0.4767
epoch 72/200 loss 0.2384 train 0.9337 test 0.4923
epoch 73/200 loss 0.2585 train 0.9255 test 0.4726
epoch 74/200 loss 0.2657 train 0.9257 test 0.4662
epoch 75/200 loss 0.3054 train 0.9108 test 0.4705
epoch 76/200 loss 0.2687 train 0.9241 test 0.4901
epoch 77/200 loss 0.2169 train 0.9414 test 0.4937
epoch 78/200 loss 0.1772 train 0.9536 test 0.4798
epoch 79/200 loss 0.2296 train 0.9363 test 0.4846
epoch 80/200 loss 0.2472 train 0.9314 test 0.4773
epoch 81/200 loss 0.1976 train 0.9468 test 0.4778
epoch 82/200 loss 0.2008 train 0.9452 test 0.4801
epoch 83/200 loss 0.2211 train 0.9381 test 0.4890
epoch 84/200 loss 0.1838 train 0.9498 test 0.4993
epoch 85/200 loss 0.1686 train 0.9555 test 0.4939
epoch 86/200 loss 0.1672 train 0.9580 test 0.4989
epoch 87/200 loss 0.1303 train 0.9679 test 0.5099
epoch 88/200 loss 0.1609 train 0.9587 test 0.4773
epoch 89/200 loss 0.1762 train 0.9528 test 0.4981
epoch 90/200 loss 0.1654 train 0.9573 test 0.4975
epoch 91/200 loss 0.1807 train 0.9520 test 0.4717
epoch 92/200 loss 0.1913 train 0.9502 test 0.4855
epoch 93/200 loss 0.1741 train 0.9555 test 0.5041
epoch 94/200 loss 0.1566 train 0.9609 test 0.4942
epoch 95/200 loss 0.1631 train 0.9594 test 0.5158
epoch 96/200 loss 0.1188 train 0.9715 test 0.5143
epoch 97/200 loss 0.0937 train 0.9801 test 0.5341
epoch 98/200 loss 0.0878 train 0.9803 test 0.5265
epoch 99/200 loss 0.0842 train 0.9826 test 0.5277
epoch 100/200 loss 0.0792 train 0.9844 test 0.5264
epoch 101/200 loss 0.0762 train 0.9848 test 0.5439
epoch 102/200 loss 0.0770 train 0.9843 test 0.5261
epoch 103/200 loss 0.0649 train 0.9894 test 0.5586
epoch 104/200 loss 0.0422 train 0.9950 test 0.5499
epoch 105/200 loss 0.0422 train 0.9947 test 0.5648
epoch 106/200 loss 0.0407 train 0.9947 test 0.5683
epoch 107/200 loss 0.0325 train 0.9972 test 0.5691
epoch 108/200 loss 0.0240 train 0.9984 test 0.5856
epoch 109/200 loss 0.0249 train 0.9975 test 0.5784
epoch 110/200 loss 0.0213 train 0.9988 test 0.5870
epoch 111/200 loss 0.0164 train 0.9996 test 0.5955
epoch 112/200 loss 0.0149 train 0.9998 test 0.5965
epoch 113/200 loss 0.0143 train 0.9998 test 0.5975
epoch 114/200 loss 0.0132 train 0.9998 test 0.5995
epoch 115/200 loss 0.0128 train 0.9998 test 0.6020
epoch 116/200 loss 0.0130 train 0.9999 test 0.6030
epoch 117/200 loss 0.0130 train 0.9999 test 0.6045
epoch 118/200 loss 0.0133 train 0.9998 test 0.6057
epoch 119/200 loss 0.0132 train 0.9999 test 0.6078
epoch 120/200 loss 0.0133 train 0.9999 test 0.6055
epoch 121/200 loss 0.0132 train 0.9998 test 0.6069
epoch 122/200 loss 0.0134 train 0.9999 test 0.6056
epoch 123/200 loss 0.0131 train 0.9999 test 0.6075
epoch 124/200 loss 0.0141 train 0.9999 test 0.6094
epoch 125/200 loss 0.0136 train 0.9999 test 0.6090
epoch 126/200 loss 0.0136 train 1.0000 test 0.6076
epoch 127/200 loss 0.0133 train 1.0000 test 0.6080
epoch 128/200 loss 0.0132 train 1.0000 test 0.6095
epoch 129/200 loss 0.0138 train 0.9998 test 0.6081
epoch 130/200 loss 0.0133 train 0.9999 test 0.6090
epoch 131/200 loss 0.0184 train 0.9994 test 0.5950
epoch 132/200 loss 0.0176 train 0.9999 test 0.6056
epoch 133/200 loss 0.0142 train 1.0000 test 0.6029
epoch 134/200 loss 0.0144 train 0.9998 test 0.6054
epoch 135/200 loss 0.0129 train 1.0000 test 0.6109
epoch 136/200 loss 0.0127 train 0.9998 test 0.6084
epoch 137/200 loss 0.0125 train 0.9999 test 0.6105
epoch 138/200 loss 0.0122 train 0.9999 test 0.6116
epoch 139/200 loss 0.0136 train 0.9996 test 0.6078
epoch 140/200 loss 0.0492 train 0.9932 test 0.5581
epoch 141/200 loss 0.0444 train 0.9965 test 0.5722
epoch 142/200 loss 0.0277 train 0.9988 test 0.5956
epoch 143/200 loss 0.0163 train 0.9998 test 0.6055
epoch 144/200 loss 0.0148 train 0.9997 test 0.6024
epoch 145/200 loss 0.0214 train 0.9986 test 0.5926
epoch 146/200 loss 0.0235 train 0.9986 test 0.5891
epoch 147/200 loss 0.0167 train 0.9997 test 0.6035
epoch 148/200 loss 0.0130 train 1.0000 test 0.6074
epoch 149/200 loss 0.0119 train 1.0000 test 0.6073
epoch 150/200 loss 0.0122 train 0.9998 test 0.6055
epoch 151/200 loss 0.0116 train 0.9999 test 0.6107
epoch 152/200 loss 0.0106 train 1.0000 test 0.6103
epoch 153/200 loss 0.0108 train 0.9998 test 0.6111
epoch 154/200 loss 0.0107 train 0.9999 test 0.6123
epoch 155/200 loss 0.0106 train 0.9998 test 0.6142
epoch 156/200 loss 0.0109 train 0.9999 test 0.6125
epoch 157/200 loss 0.0106 train 1.0000 test 0.6108
epoch 158/200 loss 0.0101 train 1.0000 test 0.6129
epoch 159/200 loss 0.0104 train 0.9999 test 0.6124
epoch 160/200 loss 0.0104 train 1.0000 test 0.6131
epoch 161/200 loss 0.0103 train 1.0000 test 0.6141
epoch 162/200 loss 0.0104 train 1.0000 test 0.6152
epoch 163/200 loss 0.0101 train 0.9999 test 0.6136
epoch 164/200 loss 0.0103 train 0.9999 test 0.6149
epoch 165/200 loss 0.0103 train 1.0000 test 0.6123
epoch 166/200 loss 0.0103 train 1.0000 test 0.6146
epoch 167/200 loss 0.0100 train 0.9999 test 0.6143
epoch 168/200 loss 0.0101 train 1.0000 test 0.6145
epoch 169/200 loss 0.0101 train 1.0000 test 0.6131
epoch 170/200 loss 0.0102 train 1.0000 test 0.6142
epoch 171/200 loss 0.0101 train 0.9998 test 0.6150
epoch 172/200 loss 0.0099 train 1.0000 test 0.6161
epoch 173/200 loss 0.0101 train 1.0000 test 0.6169
epoch 174/200 loss 0.0100 train 0.9999 test 0.6159
epoch 175/200 loss 0.0098 train 1.0000 test 0.6152
epoch 176/200 loss 0.0101 train 0.9998 test 0.6151
epoch 177/200 loss 0.0098 train 1.0000 test 0.6154
epoch 178/200 loss 0.0100 train 0.9998 test 0.6157
epoch 179/200 loss 0.0102 train 1.0000 test 0.6134
epoch 180/200 loss 0.0102 train 0.9999 test 0.6139
epoch 181/200 loss 0.0100 train 0.9999 test 0.6160
epoch 182/200 loss 0.0100 train 1.0000 test 0.6153
epoch 183/200 loss 0.0101 train 1.0000 test 0.6153
epoch 184/200 loss 0.0097 train 1.0000 test 0.6136
epoch 185/200 loss 0.0098 train 1.0000 test 0.6167
epoch 186/200 loss 0.0099 train 1.0000 test 0.6153
epoch 187/200 loss 0.0101 train 1.0000 test 0.6161
epoch 188/200 loss 0.0099 train 0.9999 test 0.6147
epoch 189/200 loss 0.0098 train 1.0000 test 0.6149
epoch 190/200 loss 0.0098 train 1.0000 test 0.6154
epoch 191/200 loss 0.0098 train 1.0000 test 0.6164
epoch 192/200 loss 0.0097 train 1.0000 test 0.6144
epoch 193/200 loss 0.0099 train 1.0000 test 0.6154
epoch 194/200 loss 0.0101 train 1.0000 test 0.6149
epoch 195/200 loss 0.0097 train 1.0000 test 0.6162
epoch 196/200 loss 0.0098 train 1.0000 test 0.6146
epoch 197/200 loss 0.0100 train 1.0000 test 0.6150
epoch 198/200 loss 0.0098 train 1.0000 test 0.6140
epoch 199/200 loss 0.0099 train 1.0000 test 0.6151
epoch 200/200 loss 0.0096 train 1.0000 test 0.6169
done: final 0.6169 best 0.6169 -> ./runs/auxmag_25pct_l05/seed1
moment-aux target calibrated on 1024 images
[auxmag_25pct_l05 seed2] {"params_trainable": 11222188, "params_stem_trainable": 0, "params_stem_fixed_filters": 0, "flops_total": 556705792, "flops_stem": 0, "flops_image_size": 32}
epoch 1/200 loss 4.3459 train 0.0561 test 0.0686
epoch 2/200 loss 3.9716 train 0.0938 test 0.1073
epoch 3/200 loss 3.7337 train 0.1294 test 0.1274
epoch 4/200 loss 3.5489 train 0.1566 test 0.1439
epoch 5/200 loss 3.3867 train 0.1855 test 0.1853
epoch 6/200 loss 3.2375 train 0.2065 test 0.2026
epoch 7/200 loss 3.0550 train 0.2419 test 0.1880
epoch 8/200 loss 2.9131 train 0.2640 test 0.2347
epoch 9/200 loss 2.7426 train 0.2952 test 0.2619
epoch 10/200 loss 2.6073 train 0.3222 test 0.2687
epoch 11/200 loss 2.4636 train 0.3562 test 0.3077
epoch 12/200 loss 2.3571 train 0.3731 test 0.2826
epoch 13/200 loss 2.2403 train 0.3982 test 0.2820
epoch 14/200 loss 2.1245 train 0.4277 test 0.2843
epoch 15/200 loss 2.0430 train 0.4445 test 0.3681
epoch 16/200 loss 1.9265 train 0.4703 test 0.3660
epoch 17/200 loss 1.8457 train 0.4904 test 0.3741
epoch 18/200 loss 1.7572 train 0.5094 test 0.3914
epoch 19/200 loss 1.6649 train 0.5326 test 0.3849
epoch 20/200 loss 1.6134 train 0.5459 test 0.3383
epoch 21/200 loss 1.5718 train 0.5532 test 0.4112
epoch 22/200 loss 1.4824 train 0.5731 test 0.3735
epoch 23/200 loss 1.4102 train 0.5948 test 0.3381
epoch 24/200 loss 1.3457 train 0.6099 test 0.4289
epoch 25/200 loss 1.3005 train 0.6252 test 0.3904
epoch 26/200 loss 1.2228 train 0.6403 test 0.3822
epoch 27/200 loss 1.1665 train 0.6543 test 0.4425
epoch 28/200 loss 1.1268 train 0.6629 test 0.4260
epoch 29/200 loss 1.0842 train 0.6801 test 0.4348
epoch 30/200 loss 1.0609 train 0.6844 test 0.4083
epoch 31/200 loss 0.9829 train 0.7045 test 0.4262
epoch 32/200 loss 0.9460 train 0.7154 test 0.4243
epoch 33/200 loss 0.9127 train 0.7283 test 0.4217
epoch 34/200 loss 0.8696 train 0.7388 test 0.4059
epoch 35/200 loss 0.8403 train 0.7468 test 0.4245
epoch 36/200 loss 0.7965 train 0.7596 test 0.4223
epoch 37/200 loss 0.7782 train 0.7616 test 0.4501
epoch 38/200 loss 0.7334 train 0.7751 test 0.4527
epoch 39/200 loss 0.6764 train 0.7967 test 0.4635
epoch 40/200 loss 0.7247 train 0.7820 test 0.4531
epoch 41/200 loss 0.6449 train 0.8018 test 0.4398
epoch 42/200 loss 0.6526 train 0.8024 test 0.4260
epoch 43/200 loss 0.6190 train 0.8081 test 0.4495
epoch 44/200 loss 0.5690 train 0.8294 test 0.4628
epoch 45/200 loss 0.5741 train 0.8239 test 0.4362
epoch 46/200 loss 0.5524 train 0.8346 test 0.4621
epoch 47/200 loss 0.5339 train 0.8404 test 0.4345
epoch 48/200 loss 0.5234 train 0.8399 test 0.4449
epoch 49/200 loss 0.4732 train 0.8583 test 0.4554
epoch 50/200 loss 0.4989 train 0.8500 test 0.4448
epoch 51/200 loss 0.5055 train 0.8478 test 0.4534
epoch 52/200 loss 0.4285 train 0.8702 test 0.4756
epoch 53/200 loss 0.3867 train 0.8856 test 0.4695
epoch 54/200 loss 0.4296 train 0.8720 test 0.4668
epoch 55/200 loss 0.4279 train 0.8695 test 0.4666
epoch 56/200 loss 0.4051 train 0.8789 test 0.4719
epoch 57/200 loss 0.3760 train 0.8876 test 0.4527
epoch 58/200 loss 0.3886 train 0.8844 test 0.4455
epoch 59/200 loss 0.3824 train 0.8885 test 0.4806
epoch 60/200 loss 0.3437 train 0.8996 test 0.4639
epoch 61/200 loss 0.3440 train 0.8964 test 0.4592
epoch 62/200 loss 0.3328 train 0.9041 test 0.4835
epoch 63/200 loss 0.3159 train 0.9089 test 0.4756
epoch 64/200 loss 0.3460 train 0.8976 test 0.4662
epoch 65/200 loss 0.3534 train 0.8949 test 0.4593
epoch 66/200 loss 0.3068 train 0.9108 test 0.4783
epoch 67/200 loss 0.3085 train 0.9113 test 0.4620
epoch 68/200 loss 0.3163 train 0.9077 test 0.4878
epoch 69/200 loss 0.3034 train 0.9116 test 0.4679
epoch 70/200 loss 0.3056 train 0.9087 test 0.4419
epoch 71/200 loss 0.2458 train 0.9334 test 0.4737
epoch 72/200 loss 0.2739 train 0.9196 test 0.4975
epoch 73/200 loss 0.2678 train 0.9232 test 0.4582
epoch 74/200 loss 0.2590 train 0.9255 test 0.4940
epoch 75/200 loss 0.2314 train 0.9364 test 0.4984
epoch 76/200 loss 0.2387 train 0.9341 test 0.4731
epoch 77/200 loss 0.2227 train 0.9398 test 0.4878
epoch 78/200 loss 0.2249 train 0.9375 test 0.4781
epoch 79/200 loss 0.2334 train 0.9354 test 0.4750
epoch 80/200 loss 0.2410 train 0.9322 test 0.4798
epoch 81/200 loss 0.2242 train 0.9389 test 0.4903
epoch 82/200 loss 0.2342 train 0.9344 test 0.4473
epoch 83/200 loss 0.2310 train 0.9362 test 0.4941
epoch 84/200 loss 0.2120 train 0.9402 test 0.4712
epoch 85/200 loss 0.1955 train 0.9486 test 0.5028
epoch 86/200 loss 0.1769 train 0.9529 test 0.5074
epoch 87/200 loss 0.1631 train 0.9576 test 0.5094
epoch 88/200 loss 0.1464 train 0.9629 test 0.5164
epoch 89/200 loss 0.1673 train 0.9548 test 0.4868
epoch 90/200 loss 0.1637 train 0.9584 test 0.4892
epoch 91/200 loss 0.1775 train 0.9520 test 0.5032
epoch 92/200 loss 0.1525 train 0.9613 test 0.4996
epoch 93/200 loss 0.1413 train 0.9659 test 0.4841
epoch 94/200 loss 0.1452 train 0.9642 test 0.5094
epoch 95/200 loss 0.1178 train 0.9716 test 0.5055
epoch 96/200 loss 0.1414 train 0.9655 test 0.5205
epoch 97/200 loss 0.1085 train 0.9763 test 0.5257
epoch 98/200 loss 0.0876 train 0.9821 test 0.5472
epoch 99/200 loss 0.0617 train 0.9903 test 0.5438
epoch 100/200 loss 0.0670 train 0.9876 test 0.5416
epoch 101/200 loss 0.0584 train 0.9896 test 0.5514
epoch 102/200 loss 0.0419 train 0.9950 test 0.5659
epoch 103/200 loss 0.0429 train 0.9937 test 0.5563
epoch 104/200 loss 0.0308 train 0.9971 test 0.5567
epoch 105/200 loss 0.0349 train 0.9960 test 0.5666
epoch 106/200 loss 0.0292 train 0.9973 test 0.5699
epoch 107/200 loss 0.0205 train 0.9994 test 0.5905
epoch 108/200 loss 0.0172 train 0.9993 test 0.5927
epoch 109/200 loss 0.0145 train 0.9998 test 0.6004
epoch 110/200 loss 0.0141 train 0.9998 test 0.5989
epoch 111/200 loss 0.0131 train 1.0000 test 0.6013
epoch 112/200 loss 0.0131 train 0.9999 test 0.6006
epoch 113/200 loss 0.0129 train 0.9999 test 0.6044
epoch 114/200 loss 0.0132 train 0.9999 test 0.6045
epoch 115/200 loss 0.0136 train 0.9999 test 0.6039
epoch 116/200 loss 0.0140 train 0.9998 test 0.6085
epoch 117/200 loss 0.0138 train 0.9999 test 0.6107
epoch 118/200 loss 0.0134 train 0.9999 test 0.6066
epoch 119/200 loss 0.0139 train 0.9999 test 0.6051
epoch 120/200 loss 0.0140 train 0.9998 test 0.6069
epoch 121/200 loss 0.0135 train 0.9999 test 0.6103
epoch 122/200 loss 0.0137 train 0.9998 test 0.6074
epoch 123/200 loss 0.0135 train 0.9998 test 0.6074
epoch 124/200 loss 0.0135 train 0.9998 test 0.6124
epoch 125/200 loss 0.0133 train 0.9998 test 0.6098
epoch 126/200 loss 0.0137 train 0.9998 test 0.6074
epoch 127/200 loss 0.0131 train 0.9999 test 0.6106
epoch 128/200 loss 0.0138 train 0.9998 test 0.6055
epoch 129/200 loss 0.0213 train 0.9986 test 0.5856
epoch 130/200 loss 0.0616 train 0.9932 test 0.5333
epoch 131/200 loss 0.1406 train 0.9767 test 0.4719
epoch 132/200 loss 0.4235 train 0.8936 test 0.4206
epoch 133/200 loss 0.4964 train 0.8722 test 0.4085
epoch 134/200 loss 0.3100 train 0.9228 test 0.4516
epoch 135/200 loss 0.2088 train 0.9495 test 0.5295
epoch 136/200 loss 0.1201 train 0.9754 test 0.5210
epoch 137/200 loss 0.0880 train 0.9837 test 0.5531
epoch 138/200 loss 0.0518 train 0.9926 test 0.5762
epoch 139/200 loss 0.0348 train 0.9966 test 0.5730
epoch 140/200 loss 0.0300 train 0.9971 test 0.5819
epoch 141/200 loss 0.0246 train 0.9984 test 0.5873
epoch 142/200 loss 0.0165 train 0.9995 test 0.5961
epoch 143/200 loss 0.0137 train 0.9998 test 0.5976
epoch 144/200 loss 0.0123 train 0.9999 test 0.6029
epoch 145/200 loss 0.0112 train 1.0000 test 0.6030
epoch 146/200 loss 0.0117 train 0.9998 test 0.6042
epoch 147/200 loss 0.0116 train 0.9998 test 0.6004
epoch 148/200 loss 0.0110 train 0.9999 test 0.6021
epoch 149/200 loss 0.0119 train 0.9998 test 0.6042
epoch 150/200 loss 0.0108 train 0.9999 test 0.6040
epoch 151/200 loss 0.0105 train 1.0000 test 0.6026
epoch 152/200 loss 0.0107 train 0.9999 test 0.6039
epoch 153/200 loss 0.0107 train 0.9998 test 0.6066
epoch 154/200 loss 0.0105 train 1.0000 test 0.6080
epoch 155/200 loss 0.0102 train 1.0000 test 0.6083
epoch 156/200 loss 0.0105 train 0.9998 test 0.6071
epoch 157/200 loss 0.0104 train 1.0000 test 0.6085
epoch 158/200 loss 0.0105 train 0.9999 test 0.6099
epoch 159/200 loss 0.0104 train 0.9998 test 0.6101
epoch 160/200 loss 0.0109 train 0.9998 test 0.6116
epoch 161/200 loss 0.0104 train 0.9999 test 0.6106
epoch 162/200 loss 0.0104 train 0.9999 test 0.6107
epoch 163/200 loss 0.0105 train 0.9999 test 0.6103
epoch 164/200 loss 0.0104 train 1.0000 test 0.6111
epoch 165/200 loss 0.0106 train 0.9998 test 0.6108
epoch 166/200 loss 0.0105 train 0.9999 test 0.6107
epoch 167/200 loss 0.0106 train 0.9999 test 0.6095
epoch 168/200 loss 0.0105 train 1.0000 test 0.6105
epoch 169/200 loss 0.0104 train 1.0000 test 0.6081
epoch 170/200 loss 0.0105 train 0.9998 test 0.6113
epoch 171/200 loss 0.0104 train 1.0000 test 0.6113
epoch 172/200 loss 0.0107 train 0.9999 test 0.6092
epoch 173/200 loss 0.0105 train 1.0000 test 0.6111
epoch 174/200 loss 0.0104 train 1.0000 test 0.6107
epoch 175/200 loss 0.0104 train 1.0000 test 0.6105
epoch 176/200 loss 0.0103 train 0.9999 test 0.6101
epoch 177/200 loss 0.0104 train 1.0000 test 0.6111
epoch 178/200 loss 0.0104 train 1.0000 test 0.6093
epoch 179/200 loss 0.0105 train 1.0000 test 0.6108
epoch 180/200 loss 0.0103 train 1.0000 test 0.6113
epoch 181/200 loss 0.0106 train 1.0000 test 0.6099
epoch 182/200 loss 0.0106 train 0.9999 test 0.6106
epoch 183/200 loss 0.0103 train 1.0000 test 0.6122
epoch 184/200 loss 0.0103 train 1.0000 test 0.6120
epoch 185/200 loss 0.0104 train 0.9998 test 0.6127
epoch 186/200 loss 0.0106 train 0.9998 test 0.6118
epoch 187/200 loss 0.0104 train 0.9999 test 0.6117
epoch 188/200 loss 0.0103 train 0.9999 test 0.6120
epoch 189/200 loss 0.0104 train 0.9999 test 0.6116
epoch 190/200 loss 0.0104 train 1.0000 test 0.6120
epoch 191/200 loss 0.0103 train 1.0000 test 0.6123
epoch 192/200 loss 0.0104 train 0.9998 test 0.6129
epoch 193/200 loss 0.0104 train 1.0000 test 0.6120
epoch 194/200 loss 0.0104 train 1.0000 test 0.6135
epoch 195/200 loss 0.0105 train 0.9999 test 0.6119
epoch 196/200 loss 0.0106 train 1.0000 test 0.6136
epoch 197/200 loss 0.0104 train 1.0000 test 0.6127
epoch 198/200 loss 0.0105 train 1.0000 test 0.6118
epoch 199/200 loss 0.0103 train 0.9999 test 0.6122
epoch 200/200 loss 0.0103 train 0.9998 test 0.6128
done: final 0.6128 best 0.6136 -> ./runs/auxmag_25pct_l05/seed2
AUXLH_auxmag_25pct_l05_DONE
moment-aux target calibrated on 1024 images
[auxmag_25pct_l02 seed0] {"params_trainable": 11222188, "params_stem_trainable": 0, "params_stem_fixed_filters": 0, "flops_total": 556705792, "flops_stem": 0, "flops_image_size": 32}
epoch 1/200 loss 4.3249 train 0.0542 test 0.0778
epoch 2/200 loss 3.9713 train 0.0959 test 0.1065
epoch 3/200 loss 3.7615 train 0.1218 test 0.1100
epoch 4/200 loss 3.6045 train 0.1436 test 0.1341
epoch 5/200 loss 3.4301 train 0.1749 test 0.1465
epoch 6/200 loss 3.2653 train 0.2034 test 0.1689
epoch 7/200 loss 3.1037 train 0.2332 test 0.2211
epoch 8/200 loss 2.9456 train 0.2562 test 0.2350
epoch 9/200 loss 2.7840 train 0.2904 test 0.2563
epoch 10/200 loss 2.6492 train 0.3168 test 0.2806
epoch 11/200 loss 2.5160 train 0.3502 test 0.2813
epoch 12/200 loss 2.3840 train 0.3681 test 0.3021
epoch 13/200 loss 2.2604 train 0.3955 test 0.3369
epoch 14/200 loss 2.1546 train 0.4208 test 0.3470
epoch 15/200 loss 2.0548 train 0.4337 test 0.3200
epoch 16/200 loss 1.9450 train 0.4654 test 0.3693
epoch 17/200 loss 1.8584 train 0.4863 test 0.3395
epoch 18/200 loss 1.7745 train 0.5019 test 0.3738
epoch 19/200 loss 1.6983 train 0.5176 test 0.3828
epoch 20/200 loss 1.6288 train 0.5379 test 0.3739
epoch 21/200 loss 1.5369 train 0.5596 test 0.3751
epoch 22/200 loss 1.4848 train 0.5753 test 0.3609
epoch 23/200 loss 1.4057 train 0.5948 test 0.4130
epoch 24/200 loss 1.3710 train 0.5975 test 0.4214
epoch 25/200 loss 1.2880 train 0.6240 test 0.3897
epoch 26/200 loss 1.2154 train 0.6493 test 0.4061
epoch 27/200 loss 1.1822 train 0.6477 test 0.3744
epoch 28/200 loss 1.1174 train 0.6680 test 0.4052
epoch 29/200 loss 1.0850 train 0.6800 test 0.4024
epoch 30/200 loss 1.0499 train 0.6837 test 0.4230
epoch 31/200 loss 1.0171 train 0.6935 test 0.3921
epoch 32/200 loss 0.9459 train 0.7186 test 0.4524
epoch 33/200 loss 0.9261 train 0.7189 test 0.4081
epoch 34/200 loss 0.8740 train 0.7337 test 0.4331
epoch 35/200 loss 0.8091 train 0.7506 test 0.4054
epoch 36/200 loss 0.7787 train 0.7601 test 0.4338
epoch 37/200 loss 0.7590 train 0.7679 test 0.4199
epoch 38/200 loss 0.7627 train 0.7664 test 0.4247
epoch 39/200 loss 0.6917 train 0.7936 test 0.4341
epoch 40/200 loss 0.6644 train 0.7954 test 0.4323
epoch 41/200 loss 0.6175 train 0.8115 test 0.4315
epoch 42/200 loss 0.6365 train 0.7988 test 0.4312
epoch 43/200 loss 0.5839 train 0.8200 test 0.4202
epoch 44/200 loss 0.5860 train 0.8202 test 0.4330
epoch 45/200 loss 0.5991 train 0.8163 test 0.3828
epoch 46/200 loss 0.5440 train 0.8354 test 0.4515
epoch 47/200 loss 0.5093 train 0.8473 test 0.4348
epoch 48/200 loss 0.4909 train 0.8475 test 0.4540
epoch 49/200 loss 0.4980 train 0.8489 test 0.4517
epoch 50/200 loss 0.4849 train 0.8495 test 0.4369
epoch 51/200 loss 0.4428 train 0.8646 test 0.3787
epoch 52/200 loss 0.4546 train 0.8625 test 0.4731
epoch 53/200 loss 0.4022 train 0.8796 test 0.4203
epoch 54/200 loss 0.4059 train 0.8799 test 0.4584
epoch 55/200 loss 0.3997 train 0.8802 test 0.4731
epoch 56/200 loss 0.3944 train 0.8804 test 0.4638
epoch 57/200 loss 0.3538 train 0.8928 test 0.4302
epoch 58/200 loss 0.4021 train 0.8832 test 0.4386
epoch 59/200 loss 0.3915 train 0.8831 test 0.4436
epoch 60/200 loss 0.3477 train 0.9011 test 0.4566
epoch 61/200 loss 0.3617 train 0.8884 test 0.4557
epoch 62/200 loss 0.3450 train 0.8969 test 0.4240
epoch 63/200 loss 0.3055 train 0.9092 test 0.4754
epoch 64/200 loss 0.2984 train 0.9120 test 0.4629
epoch 65/200 loss 0.3269 train 0.9022 test 0.4696
epoch 66/200 loss 0.3332 train 0.9011 test 0.4586
epoch 67/200 loss 0.3089 train 0.9083 test 0.4635
epoch 68/200 loss 0.2819 train 0.9170 test 0.4684
epoch 69/200 loss 0.3113 train 0.9057 test 0.4592
epoch 70/200 loss 0.2588 train 0.9252 test 0.4707
epoch 71/200 loss 0.2845 train 0.9169 test 0.4615
epoch 72/200 loss 0.3063 train 0.9100 test 0.4661
epoch 73/200 loss 0.2760 train 0.9192 test 0.4687
epoch 74/200 loss 0.2445 train 0.9304 test 0.4874
epoch 75/200 loss 0.2330 train 0.9340 test 0.4500
epoch 76/200 loss 0.2158 train 0.9404 test 0.4953
epoch 77/200 loss 0.2110 train 0.9423 test 0.4784
epoch 78/200 loss 0.2400 train 0.9305 test 0.4637
epoch 79/200 loss 0.2245 train 0.9373 test 0.4783
epoch 80/200 loss 0.2267 train 0.9374 test 0.4884
epoch 81/200 loss 0.2099 train 0.9414 test 0.4862
epoch 82/200 loss 0.2094 train 0.9392 test 0.4791
epoch 83/200 loss 0.1893 train 0.9507 test 0.5045
epoch 84/200 loss 0.1604 train 0.9588 test 0.4963
epoch 85/200 loss 0.1468 train 0.9601 test 0.4910
epoch 86/200 loss 0.1498 train 0.9623 test 0.4966
epoch 87/200 loss 0.1417 train 0.9655 test 0.4973
epoch 88/200 loss 0.1676 train 0.9565 test 0.4830
epoch 89/200 loss 0.1953 train 0.9446 test 0.4577
epoch 90/200 loss 0.2194 train 0.9376 test 0.4623
epoch 91/200 loss 0.2029 train 0.9452 test 0.4856
epoch 92/200 loss 0.1921 train 0.9477 test 0.4864
epoch 93/200 loss 0.1858 train 0.9502 test 0.4532
epoch 94/200 loss 0.1706 train 0.9551 test 0.5110
epoch 95/200 loss 0.1346 train 0.9661 test 0.5190
epoch 96/200 loss 0.1169 train 0.9708 test 0.4978
epoch 97/200 loss 0.1125 train 0.9739 test 0.5150
epoch 98/200 loss 0.0916 train 0.9808 test 0.5184
epoch 99/200 loss 0.0747 train 0.9858 test 0.5333
epoch 100/200 loss 0.0560 train 0.9907 test 0.5432
epoch 101/200 loss 0.0415 train 0.9933 test 0.5594
epoch 102/200 loss 0.0321 train 0.9963 test 0.5706
epoch 103/200 loss 0.0218 train 0.9985 test 0.5836
epoch 104/200 loss 0.0161 train 0.9992 test 0.5830
epoch 105/200 loss 0.0134 train 0.9999 test 0.5904
epoch 106/200 loss 0.0148 train 0.9991 test 0.5874
epoch 107/200 loss 0.0127 train 0.9999 test 0.5962
epoch 108/200 loss 0.0134 train 0.9994 test 0.5893
epoch 109/200 loss 0.0147 train 0.9995 test 0.5921
epoch 110/200 loss 0.0173 train 0.9990 test 0.5911
epoch 111/200 loss 0.0130 train 0.9999 test 0.5977
epoch 112/200 loss 0.0125 train 0.9998 test 0.5964
epoch 113/200 loss 0.0130 train 0.9998 test 0.6001
epoch 114/200 loss 0.0118 train 0.9999 test 0.6027
epoch 115/200 loss 0.0122 train 0.9999 test 0.6002
epoch 116/200 loss 0.0131 train 0.9998 test 0.6046
epoch 117/200 loss 0.0122 train 0.9999 test 0.6053
epoch 118/200 loss 0.0124 train 0.9999 test 0.6044
epoch 119/200 loss 0.0127 train 0.9998 test 0.6056
epoch 120/200 loss 0.0128 train 0.9998 test 0.6016
epoch 121/200 loss 0.0132 train 0.9998 test 0.6061
epoch 122/200 loss 0.0125 train 0.9999 test 0.6038
epoch 123/200 loss 0.0126 train 0.9999 test 0.6059
epoch 124/200 loss 0.0123 train 0.9998 test 0.6074
epoch 125/200 loss 0.0119 train 0.9999 test 0.6062
epoch 126/200 loss 0.0119 train 0.9998 test 0.6100
epoch 127/200 loss 0.0121 train 1.0000 test 0.6052
epoch 128/200 loss 0.0121 train 0.9999 test 0.6025
epoch 129/200 loss 0.0155 train 0.9995 test 0.5966
epoch 130/200 loss 0.0195 train 0.9990 test 0.6017
epoch 131/200 loss 0.0147 train 0.9998 test 0.6056
epoch 132/200 loss 0.0144 train 0.9995 test 0.6017
epoch 133/200 loss 0.0239 train 0.9988 test 0.5907
epoch 134/200 loss 0.0617 train 0.9908 test 0.4724
epoch 135/200 loss 0.2060 train 0.9603 test 0.4548
epoch 136/200 loss 0.3663 train 0.9116 test 0.4151
epoch 137/200 loss 0.3886 train 0.9005 test 0.4783
epoch 138/200 loss 0.2490 train 0.9409 test 0.4877
epoch 139/200 loss 0.1639 train 0.9659 test 0.5236
epoch 140/200 loss 0.1043 train 0.9793 test 0.5390
epoch 141/200 loss 0.0677 train 0.9884 test 0.5476
epoch 142/200 loss 0.0344 train 0.9971 test 0.5730
epoch 143/200 loss 0.0215 train 0.9984 test 0.5797
epoch 144/200 loss 0.0164 train 0.9993 test 0.5855
epoch 145/200 loss 0.0127 train 0.9998 test 0.5966
epoch 146/200 loss 0.0114 train 0.9997 test 0.5935
epoch 147/200 loss 0.0105 train 0.9997 test 0.5950
epoch 148/200 loss 0.0102 train 0.9998 test 0.5977
epoch 149/200 loss 0.0094 train 0.9999 test 0.5981
epoch 150/200 loss 0.0092 train 0.9999 test 0.5970
epoch 151/200 loss 0.0091 train 0.9999 test 0.6013
epoch 152/200 loss 0.0090 train 0.9999 test 0.5988
epoch 153/200 loss 0.0086 train 1.0000 test 0.5988
epoch 154/200 loss 0.0086 train 0.9999 test 0.5979
epoch 155/200 loss 0.0085 train 1.0000 test 0.6005
epoch 156/200 loss 0.0088 train 0.9998 test 0.6005
epoch 157/200 loss 0.0084 train 0.9999 test 0.6010
epoch 158/200 loss 0.0086 train 0.9998 test 0.6028
epoch 159/200 loss 0.0084 train 0.9999 test 0.6040
epoch 160/200 loss 0.0086 train 0.9999 test 0.6029
epoch 161/200 loss 0.0084 train 0.9999 test 0.6029
epoch 162/200 loss 0.0085 train 1.0000 test 0.6018
epoch 163/200 loss 0.0083 train 1.0000 test 0.6048
epoch 164/200 loss 0.0087 train 0.9998 test 0.6022
epoch 165/200 loss 0.0086 train 0.9999 test 0.6028
epoch 166/200 loss 0.0084 train 0.9998 test 0.6057
epoch 167/200 loss 0.0086 train 0.9999 test 0.6061
epoch 168/200 loss 0.0086 train 0.9999 test 0.6054
epoch 169/200 loss 0.0086 train 0.9999 test 0.6055
epoch 170/200 loss 0.0085 train 0.9999 test 0.6070
epoch 171/200 loss 0.0085 train 0.9999 test 0.6061
epoch 172/200 loss 0.0087 train 0.9998 test 0.6058
epoch 173/200 loss 0.0087 train 0.9999 test 0.6063
epoch 174/200 loss 0.0087 train 0.9999 test 0.6064
epoch 175/200 loss 0.0086 train 0.9999 test 0.6068
epoch 176/200 loss 0.0085 train 1.0000 test 0.6069
epoch 177/200 loss 0.0086 train 0.9999 test 0.6066
epoch 178/200 loss 0.0086 train 1.0000 test 0.6058
epoch 179/200 loss 0.0088 train 1.0000 test 0.6077
epoch 180/200 loss 0.0087 train 1.0000 test 0.6064
epoch 181/200 loss 0.0086 train 1.0000 test 0.6047
epoch 182/200 loss 0.0087 train 0.9999 test 0.6066
epoch 183/200 loss 0.0085 train 1.0000 test 0.6057
epoch 184/200 loss 0.0087 train 0.9999 test 0.6065
epoch 185/200 loss 0.0087 train 0.9998 test 0.6067
epoch 186/200 loss 0.0086 train 1.0000 test 0.6064
epoch 187/200 loss 0.0088 train 1.0000 test 0.6079
epoch 188/200 loss 0.0085 train 1.0000 test 0.6075
epoch 189/200 loss 0.0085 train 1.0000 test 0.6076
epoch 190/200 loss 0.0086 train 0.9999 test 0.6067
epoch 191/200 loss 0.0086 train 0.9998 test 0.6084
epoch 192/200 loss 0.0089 train 0.9999 test 0.6062
epoch 193/200 loss 0.0085 train 1.0000 test 0.6073
epoch 194/200 loss 0.0088 train 0.9999 test 0.6058
epoch 195/200 loss 0.0085 train 1.0000 test 0.6061
epoch 196/200 loss 0.0086 train 1.0000 test 0.6084
epoch 197/200 loss 0.0084 train 1.0000 test 0.6075
epoch 198/200 loss 0.0086 train 0.9999 test 0.6075
epoch 199/200 loss 0.0086 train 0.9999 test 0.6082
epoch 200/200 loss 0.0085 train 1.0000 test 0.6085
done: final 0.6085 best 0.6100 -> ./runs/auxmag_25pct_l02/seed0
moment-aux target calibrated on 1024 images
[auxmag_25pct_l02 seed1] {"params_trainable": 11222188, "params_stem_trainable": 0, "params_stem_fixed_filters": 0, "flops_total": 556705792, "flops_stem": 0, "flops_image_size": 32}
epoch 1/200 loss 4.3185 train 0.0533 test 0.0743
epoch 2/200 loss 3.9868 train 0.0873 test 0.1115
epoch 3/200 loss 3.7759 train 0.1193 test 0.1284
epoch 4/200 loss 3.6008 train 0.1488 test 0.1323
epoch 5/200 loss 3.4039 train 0.1822 test 0.1749
epoch 6/200 loss 3.2274 train 0.2096 test 0.1735
epoch 7/200 loss 3.0882 train 0.2370 test 0.2141
epoch 8/200 loss 2.9252 train 0.2595 test 0.2194
epoch 9/200 loss 2.7724 train 0.2952 test 0.2065
epoch 10/200 loss 2.6632 train 0.3107 test 0.2722
epoch 11/200 loss 2.5363 train 0.3375 test 0.2959
epoch 12/200 loss 2.3991 train 0.3648 test 0.2876
epoch 13/200 loss 2.3040 train 0.3838 test 0.3423
epoch 14/200 loss 2.1711 train 0.4125 test 0.2850
epoch 15/200 loss 2.0833 train 0.4289 test 0.3397
epoch 16/200 loss 1.9853 train 0.4568 test 0.3599
epoch 17/200 loss 1.8939 train 0.4753 test 0.3688
epoch 18/200 loss 1.7980 train 0.5016 test 0.3811
epoch 19/200 loss 1.7089 train 0.5225 test 0.3739
epoch 20/200 loss 1.6440 train 0.5347 test 0.3696
epoch 21/200 loss 1.5801 train 0.5499 test 0.3763
epoch 22/200 loss 1.4985 train 0.5695 test 0.3680
epoch 23/200 loss 1.4478 train 0.5784 test 0.4163
epoch 24/200 loss 1.4011 train 0.5950 test 0.4118
epoch 25/200 loss 1.3077 train 0.6189 test 0.4237
epoch 26/200 loss 1.2643 train 0.6306 test 0.4333
epoch 27/200 loss 1.2112 train 0.6459 test 0.3905
epoch 28/200 loss 1.1482 train 0.6612 test 0.3960
epoch 29/200 loss 1.0844 train 0.6755 test 0.4477
epoch 30/200 loss 1.0323 train 0.6941 test 0.3842
epoch 31/200 loss 1.0260 train 0.6876 test 0.4347
epoch 32/200 loss 0.9586 train 0.7088 test 0.4227
epoch 33/200 loss 0.9067 train 0.7274 test 0.4168
epoch 34/200 loss 0.9025 train 0.7283 test 0.4245
epoch 35/200 loss 0.8607 train 0.7386 test 0.4144
epoch 36/200 loss 0.7843 train 0.7575 test 0.4152
epoch 37/200 loss 0.7688 train 0.7648 test 0.4504
epoch 38/200 loss 0.7444 train 0.7709 test 0.4119
epoch 39/200 loss 0.7261 train 0.7803 test 0.4174
epoch 40/200 loss 0.6528 train 0.7982 test 0.4179
epoch 41/200 loss 0.6217 train 0.8074 test 0.4291
epoch 42/200 loss 0.6224 train 0.8077 test 0.4512
epoch 43/200 loss 0.6516 train 0.7987 test 0.4091
epoch 44/200 loss 0.5984 train 0.8180 test 0.4219
epoch 45/200 loss 0.5774 train 0.8212 test 0.4133
epoch 46/200 loss 0.5273 train 0.8410 test 0.4417
epoch 47/200 loss 0.5213 train 0.8402 test 0.4552
epoch 48/200 loss 0.4805 train 0.8554 test 0.4657
epoch 49/200 loss 0.4684 train 0.8558 test 0.4472
epoch 50/200 loss 0.4975 train 0.8504 test 0.4502
epoch 51/200 loss 0.4506 train 0.8636 test 0.4595
epoch 52/200 loss 0.4243 train 0.8716 test 0.4392
epoch 53/200 loss 0.4326 train 0.8712 test 0.4213
epoch 54/200 loss 0.4151 train 0.8727 test 0.4383
epoch 55/200 loss 0.4157 train 0.8726 test 0.4540
epoch 56/200 loss 0.3975 train 0.8806 test 0.4427
epoch 57/200 loss 0.3966 train 0.8810 test 0.4477
epoch 58/200 loss 0.3920 train 0.8822 test 0.4390
epoch 59/200 loss 0.3613 train 0.8918 test 0.4700
epoch 60/200 loss 0.3420 train 0.8980 test 0.4730
epoch 61/200 loss 0.3079 train 0.9091 test 0.4679
epoch 62/200 loss 0.3172 train 0.9058 test 0.4392
epoch 63/200 loss 0.3413 train 0.8973 test 0.4670
epoch 64/200 loss 0.2906 train 0.9153 test 0.4675
epoch 65/200 loss 0.3226 train 0.9025 test 0.4631
epoch 66/200 loss 0.3500 train 0.8971 test 0.4586
epoch 67/200 loss 0.3292 train 0.9043 test 0.4751
epoch 68/200 loss 0.3043 train 0.9117 test 0.4547
epoch 69/200 loss 0.2776 train 0.9217 test 0.4646
epoch 70/200 loss 0.2846 train 0.9149 test 0.4714
epoch 71/200 loss 0.2863 train 0.9148 test 0.4571
epoch 72/200 loss 0.2063 train 0.9443 test 0.4868
epoch 73/200 loss 0.2415 train 0.9303 test 0.4407
epoch 74/200 loss 0.2513 train 0.9268 test 0.4660
epoch 75/200 loss 0.2206 train 0.9362 test 0.4642
epoch 76/200 loss 0.2140 train 0.9407 test 0.4481
epoch 77/200 loss 0.2164 train 0.9411 test 0.4901
epoch 78/200 loss 0.2198 train 0.9374 test 0.4801
epoch 79/200 loss 0.2268 train 0.9358 test 0.4750
epoch 80/200 loss 0.2609 train 0.9233 test 0.4216
epoch 81/200 loss 0.2665 train 0.9252 test 0.4515
epoch 82/200 loss 0.2391 train 0.9324 test 0.4797
epoch 83/200 loss 0.2141 train 0.9405 test 0.4870
epoch 84/200 loss 0.1963 train 0.9450 test 0.4831
epoch 85/200 loss 0.2031 train 0.9427 test 0.4641
epoch 86/200 loss 0.1818 train 0.9527 test 0.4851
epoch 87/200 loss 0.1505 train 0.9613 test 0.4955
epoch 88/200 loss 0.1376 train 0.9655 test 0.4924
epoch 89/200 loss 0.1346 train 0.9659 test 0.5074
epoch 90/200 loss 0.1343 train 0.9667 test 0.4998
epoch 91/200 loss 0.1316 train 0.9677 test 0.5034
epoch 92/200 loss 0.1058 train 0.9746 test 0.5231
epoch 93/200 loss 0.0997 train 0.9777 test 0.5199
epoch 94/200 loss 0.1035 train 0.9769 test 0.4936
epoch 95/200 loss 0.1187 train 0.9723 test 0.5004
epoch 96/200 loss 0.1126 train 0.9729 test 0.5091
epoch 97/200 loss 0.0961 train 0.9792 test 0.4983
epoch 98/200 loss 0.0971 train 0.9791 test 0.5107
epoch 99/200 loss 0.0892 train 0.9801 test 0.4990
epoch 100/200 loss 0.1030 train 0.9755 test 0.5142
epoch 101/200 loss 0.1265 train 0.9690 test 0.4949
epoch 102/200 loss 0.1265 train 0.9713 test 0.4909
epoch 103/200 loss 0.1261 train 0.9695 test 0.4857
epoch 104/200 loss 0.1515 train 0.9625 test 0.5023
epoch 105/200 loss 0.1676 train 0.9563 test 0.4681
epoch 106/200 loss 0.1355 train 0.9683 test 0.5036
epoch 107/200 loss 0.1195 train 0.9717 test 0.4925
epoch 108/200 loss 0.1033 train 0.9762 test 0.5206
epoch 109/200 loss 0.0891 train 0.9806 test 0.5293
epoch 110/200 loss 0.0653 train 0.9860 test 0.5231
epoch 111/200 loss 0.0660 train 0.9857 test 0.5024
epoch 112/200 loss 0.0560 train 0.9894 test 0.5435
epoch 113/200 loss 0.0363 train 0.9952 test 0.5466
epoch 114/200 loss 0.0317 train 0.9957 test 0.5683
epoch 115/200 loss 0.0266 train 0.9969 test 0.5630
epoch 116/200 loss 0.0218 train 0.9975 test 0.5692
epoch 117/200 loss 0.0143 train 0.9997 test 0.5797
epoch 118/200 loss 0.0122 train 0.9995 test 0.5835
epoch 119/200 loss 0.0109 train 0.9998 test 0.5886
epoch 120/200 loss 0.0106 train 0.9998 test 0.5854
epoch 121/200 loss 0.0105 train 0.9998 test 0.5880
epoch 122/200 loss 0.0101 train 0.9999 test 0.5898
epoch 123/200 loss 0.0100 train 1.0000 test 0.5912
epoch 124/200 loss 0.0106 train 0.9998 test 0.5935
epoch 125/200 loss 0.0107 train 0.9999 test 0.5933
epoch 126/200 loss 0.0106 train 0.9999 test 0.5922
epoch 127/200 loss 0.0108 train 0.9999 test 0.5942
epoch 128/200 loss 0.0110 train 0.9998 test 0.5953
epoch 129/200 loss 0.0114 train 0.9998 test 0.5929
epoch 130/200 loss 0.0112 train 0.9999 test 0.5945
epoch 131/200 loss 0.0114 train 1.0000 test 0.5934
epoch 132/200 loss 0.0112 train 0.9999 test 0.5967
epoch 133/200 loss 0.0110 train 0.9999 test 0.5967
epoch 134/200 loss 0.0116 train 0.9998 test 0.5934
epoch 135/200 loss 0.0114 train 1.0000 test 0.6001
epoch 136/200 loss 0.0115 train 0.9998 test 0.5959
epoch 137/200 loss 0.0114 train 1.0000 test 0.5953
epoch 138/200 loss 0.0116 train 0.9998 test 0.5982
epoch 139/200 loss 0.0115 train 0.9998 test 0.5975
epoch 140/200 loss 0.0112 train 0.9998 test 0.5996
epoch 141/200 loss 0.0112 train 0.9999 test 0.5994
epoch 142/200 loss 0.0113 train 0.9998 test 0.5993
epoch 143/200 loss 0.0113 train 0.9999 test 0.6015
epoch 144/200 loss 0.0113 train 0.9999 test 0.6003
epoch 145/200 loss 0.0112 train 0.9999 test 0.6006
epoch 146/200 loss 0.0112 train 0.9998 test 0.6021
epoch 147/200 loss 0.0113 train 0.9999 test 0.6031
epoch 148/200 loss 0.0111 train 1.0000 test 0.6032
epoch 149/200 loss 0.0112 train 1.0000 test 0.5985
epoch 150/200 loss 0.0112 train 0.9999 test 0.6012
epoch 151/200 loss 0.0110 train 0.9999 test 0.5992
epoch 152/200 loss 0.0107 train 1.0000 test 0.6000
epoch 153/200 loss 0.0109 train 1.0000 test 0.6016
epoch 154/200 loss 0.0109 train 1.0000 test 0.5988
epoch 155/200 loss 0.0110 train 0.9999 test 0.6007
epoch 156/200 loss 0.0108 train 1.0000 test 0.6004
epoch 157/200 loss 0.0108 train 1.0000 test 0.6017
epoch 158/200 loss 0.0106 train 1.0000 test 0.6006
epoch 159/200 loss 0.0107 train 0.9999 test 0.6040
epoch 160/200 loss 0.0106 train 1.0000 test 0.6034
epoch 161/200 loss 0.0106 train 1.0000 test 0.6047
epoch 162/200 loss 0.0105 train 1.0000 test 0.6029
epoch 163/200 loss 0.0104 train 1.0000 test 0.6029
epoch 164/200 loss 0.0108 train 0.9998 test 0.6034
epoch 165/200 loss 0.0107 train 1.0000 test 0.6027
epoch 166/200 loss 0.0104 train 1.0000 test 0.6020
epoch 167/200 loss 0.0103 train 1.0000 test 0.6017
epoch 168/200 loss 0.0104 train 1.0000 test 0.6037
epoch 169/200 loss 0.0103 train 1.0000 test 0.6043
epoch 170/200 loss 0.0104 train 1.0000 test 0.6046
epoch 171/200 loss 0.0103 train 0.9999 test 0.6026
epoch 172/200 loss 0.0102 train 1.0000 test 0.6027
epoch 173/200 loss 0.0104 train 1.0000 test 0.6030
epoch 174/200 loss 0.0101 train 0.9999 test 0.6047
epoch 175/200 loss 0.0100 train 1.0000 test 0.6038
epoch 176/200 loss 0.0102 train 0.9999 test 0.6047
epoch 177/200 loss 0.0100 train 1.0000 test 0.6046
epoch 178/200 loss 0.0101 train 0.9998 test 0.6040
epoch 179/200 loss 0.0104 train 1.0000 test 0.6051
epoch 180/200 loss 0.0103 train 0.9999 test 0.6033
epoch 181/200 loss 0.0100 train 0.9999 test 0.6051
epoch 182/200 loss 0.0102 train 1.0000 test 0.6038
epoch 183/200 loss 0.0101 train 1.0000 test 0.6037
epoch 184/200 loss 0.0098 train 1.0000 test 0.6042
epoch 185/200 loss 0.0100 train 1.0000 test 0.6065
epoch 186/200 loss 0.0101 train 1.0000 test 0.6031
epoch 187/200 loss 0.0100 train 1.0000 test 0.6041
epoch 188/200 loss 0.0100 train 0.9999 test 0.6060
epoch 189/200 loss 0.0101 train 1.0000 test 0.6056
epoch 190/200 loss 0.0099 train 1.0000 test 0.6047
epoch 191/200 loss 0.0098 train 1.0000 test 0.6029
epoch 192/200 loss 0.0099 train 1.0000 test 0.6039
epoch 193/200 loss 0.0099 train 1.0000 test 0.6036
epoch 194/200 loss 0.0102 train 1.0000 test 0.6035
epoch 195/200 loss 0.0097 train 1.0000 test 0.6046
epoch 196/200 loss 0.0100 train 1.0000 test 0.6044
epoch 197/200 loss 0.0100 train 1.0000 test 0.6037
epoch 198/200 loss 0.0100 train 1.0000 test 0.6038
epoch 199/200 loss 0.0100 train 1.0000 test 0.6040
epoch 200/200 loss 0.0098 train 1.0000 test 0.6062
done: final 0.6062 best 0.6065 -> ./runs/auxmag_25pct_l02/seed1
moment-aux target calibrated on 1024 images
[auxmag_25pct_l02 seed2] {"params_trainable": 11222188, "params_stem_trainable": 0, "params_stem_fixed_filters": 0, "flops_total": 556705792, "flops_stem": 0, "flops_image_size": 32}
epoch 1/200 loss 4.3128 train 0.0569 test 0.0723
epoch 2/200 loss 3.9634 train 0.0946 test 0.1044
epoch 3/200 loss 3.7419 train 0.1271 test 0.1352
epoch 4/200 loss 3.5668 train 0.1516 test 0.1449
epoch 5/200 loss 3.4090 train 0.1786 test 0.1762
epoch 6/200 loss 3.2516 train 0.2021 test 0.1870
epoch 7/200 loss 3.0765 train 0.2335 test 0.2020
epoch 8/200 loss 2.9274 train 0.2623 test 0.2275
epoch 9/200 loss 2.7516 train 0.2887 test 0.2557
epoch 10/200 loss 2.5980 train 0.3235 test 0.2682
epoch 11/200 loss 2.4608 train 0.3561 test 0.2566
epoch 12/200 loss 2.3372 train 0.3715 test 0.2814
epoch 13/200 loss 2.2279 train 0.4052 test 0.3384
epoch 14/200 loss 2.0989 train 0.4317 test 0.3180
epoch 15/200 loss 2.0251 train 0.4478 test 0.3397
epoch 16/200 loss 1.9226 train 0.4704 test 0.3481
epoch 17/200 loss 1.8338 train 0.4910 test 0.3942
epoch 18/200 loss 1.7539 train 0.5068 test 0.3523
epoch 19/200 loss 1.6746 train 0.5325 test 0.3114
epoch 20/200 loss 1.6273 train 0.5368 test 0.3454
epoch 21/200 loss 1.5495 train 0.5561 test 0.3983
epoch 22/200 loss 1.4640 train 0.5775 test 0.3877
epoch 23/200 loss 1.4135 train 0.5937 test 0.3694
epoch 24/200 loss 1.3607 train 0.6066 test 0.4278
epoch 25/200 loss 1.3129 train 0.6194 test 0.4130
epoch 26/200 loss 1.2173 train 0.6420 test 0.3918
epoch 27/200 loss 1.1920 train 0.6455 test 0.4194
epoch 28/200 loss 1.1187 train 0.6718 test 0.4220
epoch 29/200 loss 1.0968 train 0.6737 test 0.4459
epoch 30/200 loss 1.0547 train 0.6862 test 0.4260
epoch 31/200 loss 0.9932 train 0.7038 test 0.4349
epoch 32/200 loss 0.9595 train 0.7118 test 0.3793
epoch 33/200 loss 0.9018 train 0.7302 test 0.4373
epoch 34/200 loss 0.8724 train 0.7365 test 0.3894
epoch 35/200 loss 0.8496 train 0.7439 test 0.4351
epoch 36/200 loss 0.8079 train 0.7548 test 0.4328
epoch 37/200 loss 0.7513 train 0.7709 test 0.4354
epoch 38/200 loss 0.7546 train 0.7690 test 0.4327
epoch 39/200 loss 0.7416 train 0.7730 test 0.4251
epoch 40/200 loss 0.6988 train 0.7864 test 0.4471
epoch 41/200 loss 0.6496 train 0.8040 test 0.4250
epoch 42/200 loss 0.6446 train 0.7999 test 0.4393
epoch 43/200 loss 0.6081 train 0.8080 test 0.4618
epoch 44/200 loss 0.5960 train 0.8202 test 0.4647
epoch 45/200 loss 0.5743 train 0.8235 test 0.4524
epoch 46/200 loss 0.5515 train 0.8291 test 0.4743
epoch 47/200 loss 0.5604 train 0.8293 test 0.4273
epoch 48/200 loss 0.5162 train 0.8405 test 0.4634
epoch 49/200 loss 0.4294 train 0.8686 test 0.4371
epoch 50/200 loss 0.4763 train 0.8554 test 0.4521
epoch 51/200 loss 0.4844 train 0.8512 test 0.4485
epoch 52/200 loss 0.4404 train 0.8673 test 0.4373
epoch 53/200 loss 0.4341 train 0.8661 test 0.4442
epoch 54/200 loss 0.4259 train 0.8678 test 0.4486
epoch 55/200 loss 0.4520 train 0.8619 test 0.4564
epoch 56/200 loss 0.4149 train 0.8723 test 0.4711
epoch 57/200 loss 0.3634 train 0.8885 test 0.4338
epoch 58/200 loss 0.3839 train 0.8843 test 0.4863
epoch 59/200 loss 0.3766 train 0.8857 test 0.4444
epoch 60/200 loss 0.3835 train 0.8843 test 0.4080
epoch 61/200 loss 0.3661 train 0.8908 test 0.4623
epoch 62/200 loss 0.3475 train 0.8964 test 0.4612
epoch 63/200 loss 0.3310 train 0.9027 test 0.4521
epoch 64/200 loss 0.3539 train 0.8934 test 0.4838
epoch 65/200 loss 0.3404 train 0.8958 test 0.4638
epoch 66/200 loss 0.3043 train 0.9130 test 0.4668
epoch 67/200 loss 0.2957 train 0.9126 test 0.4567
epoch 68/200 loss 0.2870 train 0.9172 test 0.4923
epoch 69/200 loss 0.3232 train 0.9022 test 0.4697
epoch 70/200 loss 0.2969 train 0.9132 test 0.4830
epoch 71/200 loss 0.2786 train 0.9202 test 0.4678
epoch 72/200 loss 0.2443 train 0.9298 test 0.4812
epoch 73/200 loss 0.2648 train 0.9232 test 0.4890
epoch 74/200 loss 0.2408 train 0.9309 test 0.4815
epoch 75/200 loss 0.2297 train 0.9367 test 0.4539
epoch 76/200 loss 0.2540 train 0.9279 test 0.4688
epoch 77/200 loss 0.2924 train 0.9167 test 0.4786
epoch 78/200 loss 0.2356 train 0.9326 test 0.4814
epoch 79/200 loss 0.2276 train 0.9350 test 0.4644
epoch 80/200 loss 0.2158 train 0.9410 test 0.4931
epoch 81/200 loss 0.2148 train 0.9390 test 0.4882
epoch 82/200 loss 0.1854 train 0.9500 test 0.4858
epoch 83/200 loss 0.1717 train 0.9554 test 0.4839
epoch 84/200 loss 0.2115 train 0.9420 test 0.4940
epoch 85/200 loss 0.1889 train 0.9503 test 0.4817
epoch 86/200 loss 0.2021 train 0.9445 test 0.4740
epoch 87/200 loss 0.1941 train 0.9467 test 0.4940
epoch 88/200 loss 0.1560 train 0.9592 test 0.5020
epoch 89/200 loss 0.1621 train 0.9566 test 0.5007
epoch 90/200 loss 0.1751 train 0.9536 test 0.5003
epoch 91/200 loss 0.1935 train 0.9449 test 0.4849
epoch 92/200 loss 0.1724 train 0.9525 test 0.4958
epoch 93/200 loss 0.1623 train 0.9577 test 0.5167
epoch 94/200 loss 0.1504 train 0.9617 test 0.5078
epoch 95/200 loss 0.1539 train 0.9596 test 0.5029
epoch 96/200 loss 0.1125 train 0.9744 test 0.5236
epoch 97/200 loss 0.0748 train 0.9843 test 0.5286
epoch 98/200 loss 0.0626 train 0.9880 test 0.5280
epoch 99/200 loss 0.0535 train 0.9899 test 0.5444
epoch 100/200 loss 0.0557 train 0.9893 test 0.5469
epoch 101/200 loss 0.0577 train 0.9894 test 0.5352
epoch 102/200 loss 0.0445 train 0.9933 test 0.5509
epoch 103/200 loss 0.0397 train 0.9945 test 0.5460
epoch 104/200 loss 0.0470 train 0.9922 test 0.5518
epoch 105/200 loss 0.0381 train 0.9946 test 0.5532
epoch 106/200 loss 0.0309 train 0.9967 test 0.5620
epoch 107/200 loss 0.0205 train 0.9990 test 0.5812
epoch 108/200 loss 0.0164 train 0.9995 test 0.5892
epoch 109/200 loss 0.0129 train 0.9998 test 0.5916
epoch 110/200 loss 0.0125 train 0.9998 test 0.5942
epoch 111/200 loss 0.0116 train 0.9998 test 0.5951
epoch 112/200 loss 0.0123 train 0.9998 test 0.5927
epoch 113/200 loss 0.0128 train 0.9997 test 0.5991
epoch 114/200 loss 0.0118 train 0.9999 test 0.6000
epoch 115/200 loss 0.0121 train 0.9998 test 0.5987
epoch 116/200 loss 0.0130 train 0.9996 test 0.5953
epoch 117/200 loss 0.0154 train 0.9992 test 0.5853
epoch 118/200 loss 0.0155 train 0.9998 test 0.5974
epoch 119/200 loss 0.0134 train 0.9998 test 0.5976
epoch 120/200 loss 0.0122 train 0.9999 test 0.6012
epoch 121/200 loss 0.0120 train 0.9999 test 0.6025
epoch 122/200 loss 0.0121 train 0.9998 test 0.6014
epoch 123/200 loss 0.0123 train 0.9999 test 0.6013
epoch 124/200 loss 0.0123 train 0.9998 test 0.6023
epoch 125/200 loss 0.0122 train 0.9999 test 0.6037
epoch 126/200 loss 0.0122 train 0.9999 test 0.6037
epoch 127/200 loss 0.0115 train 0.9999 test 0.6030
epoch 128/200 loss 0.0119 train 0.9999 test 0.6068
epoch 129/200 loss 0.0119 train 1.0000 test 0.6033
epoch 130/200 loss 0.0118 train 0.9999 test 0.6049
epoch 131/200 loss 0.0119 train 0.9999 test 0.6064
epoch 132/200 loss 0.0119 train 0.9998 test 0.6033
epoch 133/200 loss 0.0119 train 0.9999 test 0.6037
epoch 134/200 loss 0.0122 train 0.9999 test 0.6044
epoch 135/200 loss 0.0122 train 0.9998 test 0.6043
epoch 136/200 loss 0.0117 train 0.9999 test 0.6029
epoch 137/200 loss 0.0115 train 0.9999 test 0.6056
epoch 138/200 loss 0.0116 train 0.9999 test 0.6056
epoch 139/200 loss 0.0306 train 0.9974 test 0.5763
epoch 140/200 loss 0.0269 train 0.9988 test 0.5888
epoch 141/200 loss 0.0202 train 0.9995 test 0.5928
epoch 142/200 loss 0.0218 train 0.9982 test 0.5696
epoch 143/200 loss 0.0517 train 0.9936 test 0.5560
epoch 144/200 loss 0.0507 train 0.9957 test 0.5538
epoch 145/200 loss 0.0396 train 0.9965 test 0.5517
epoch 146/200 loss 0.0527 train 0.9934 test 0.5528
epoch 147/200 loss 0.0594 train 0.9925 test 0.5439
epoch 148/200 loss 0.0743 train 0.9894 test 0.5214
epoch 149/200 loss 0.0746 train 0.9882 test 0.5389
epoch 150/200 loss 0.0694 train 0.9900 test 0.5553
epoch 151/200 loss 0.0492 train 0.9941 test 0.5749
epoch 152/200 loss 0.0251 train 0.9985 test 0.5848
epoch 153/200 loss 0.0147 train 0.9998 test 0.5947
epoch 154/200 loss 0.0111 train 0.9999 test 0.6017
epoch 155/200 loss 0.0103 train 1.0000 test 0.6009
epoch 156/200 loss 0.0098 train 0.9998 test 0.6033
epoch 157/200 loss 0.0091 train 0.9999 test 0.6031
epoch 158/200 loss 0.0088 train 0.9998 test 0.6055
epoch 159/200 loss 0.0087 train 0.9999 test 0.6086
epoch 160/200 loss 0.0087 train 0.9998 test 0.6052
epoch 161/200 loss 0.0083 train 1.0000 test 0.6074
epoch 162/200 loss 0.0081 train 0.9999 test 0.6036
epoch 163/200 loss 0.0083 train 0.9999 test 0.6078
epoch 164/200 loss 0.0085 train 0.9999 test 0.6053
epoch 165/200 loss 0.0085 train 0.9998 test 0.6082
epoch 166/200 loss 0.0081 train 1.0000 test 0.6080
epoch 167/200 loss 0.0083 train 0.9998 test 0.6078
epoch 168/200 loss 0.0081 train 1.0000 test 0.6063
epoch 169/200 loss 0.0081 train 1.0000 test 0.6068
epoch 170/200 loss 0.0082 train 0.9999 test 0.6082
epoch 171/200 loss 0.0081 train 0.9999 test 0.6085
epoch 172/200 loss 0.0082 train 0.9999 test 0.6067
epoch 173/200 loss 0.0081 train 0.9999 test 0.6086
epoch 174/200 loss 0.0081 train 0.9999 test 0.6073
epoch 175/200 loss 0.0081 train 1.0000 test 0.6064
epoch 176/200 loss 0.0080 train 0.9999 test 0.6092
epoch 177/200 loss 0.0082 train 1.0000 test 0.6078
epoch 178/200 loss 0.0081 train 1.0000 test 0.6083
epoch 179/200 loss 0.0082 train 1.0000 test 0.6070
epoch 180/200 loss 0.0080 train 1.0000 test 0.6064
epoch 181/200 loss 0.0082 train 1.0000 test 0.6081
epoch 182/200 loss 0.0082 train 0.9999 test 0.6078
epoch 183/200 loss 0.0081 train 1.0000 test 0.6080
epoch 184/200 loss 0.0081 train 1.0000 test 0.6094
epoch 185/200 loss 0.0082 train 0.9998 test 0.6092
epoch 186/200 loss 0.0082 train 0.9998 test 0.6082
epoch 187/200 loss 0.0081 train 0.9999 test 0.6086
epoch 188/200 loss 0.0080 train 0.9999 test 0.6076
epoch 189/200 loss 0.0080 train 1.0000 test 0.6098
epoch 190/200 loss 0.0080 train 1.0000 test 0.6081
epoch 191/200 loss 0.0081 train 1.0000 test 0.6099
epoch 192/200 loss 0.0080 train 1.0000 test 0.6087
epoch 193/200 loss 0.0079 train 1.0000 test 0.6089
epoch 194/200 loss 0.0081 train 1.0000 test 0.6086
epoch 195/200 loss 0.0083 train 0.9999 test 0.6091
epoch 196/200 loss 0.0082 train 1.0000 test 0.6091
epoch 197/200 loss 0.0082 train 0.9999 test 0.6099
epoch 198/200 loss 0.0081 train 1.0000 test 0.6097
epoch 199/200 loss 0.0080 train 0.9999 test 0.6090
epoch 200/200 loss 0.0080 train 0.9999 test 0.6089
done: final 0.6089 best 0.6099 -> ./runs/auxmag_25pct_l02/seed2
AUXLH_auxmag_25pct_l02_DONE
moment-aux target calibrated on 1024 images
[auxmag_25pct_sched03 seed0] {"params_trainable": 11222188, "params_stem_trainable": 0, "params_stem_fixed_filters": 0, "flops_total": 556705792, "flops_stem": 0, "flops_image_size": 32}
epoch 1/200 loss 4.5121 train 0.0547 test 0.0871
epoch 2/200 loss 3.9513 train 0.1056 test 0.1211
epoch 3/200 loss 3.6863 train 0.1452 test 0.1339
epoch 4/200 loss 3.4993 train 0.1743 test 0.1727
epoch 5/200 loss 3.3072 train 0.1973 test 0.1823
epoch 6/200 loss 3.1035 train 0.2362 test 0.2062
epoch 7/200 loss 2.9405 train 0.2680 test 0.2652
epoch 8/200 loss 2.7517 train 0.3013 test 0.2593
epoch 9/200 loss 2.6010 train 0.3317 test 0.2853
epoch 10/200 loss 2.4412 train 0.3613 test 0.3222
epoch 11/200 loss 2.3218 train 0.3936 test 0.3105
epoch 12/200 loss 2.2122 train 0.4104 test 0.3530
epoch 13/200 loss 2.1088 train 0.4348 test 0.3435
epoch 14/200 loss 2.0004 train 0.4612 test 0.3862
epoch 15/200 loss 1.9146 train 0.4811 test 0.3740
epoch 16/200 loss 1.8108 train 0.5069 test 0.4202
epoch 17/200 loss 1.7459 train 0.5212 test 0.3960
epoch 18/200 loss 1.6630 train 0.5379 test 0.4096
epoch 19/200 loss 1.5889 train 0.5541 test 0.4200
epoch 20/200 loss 1.5355 train 0.5712 test 0.4106
epoch 21/200 loss 1.4393 train 0.5948 test 0.4270
epoch 22/200 loss 1.3965 train 0.6074 test 0.4098
epoch 23/200 loss 1.3294 train 0.6245 test 0.4168
epoch 24/200 loss 1.2856 train 0.6310 test 0.4201
epoch 25/200 loss 1.2392 train 0.6468 test 0.4568
epoch 26/200 loss 1.1685 train 0.6647 test 0.4445
epoch 27/200 loss 1.1199 train 0.6792 test 0.4522
epoch 28/200 loss 1.0693 train 0.6918 test 0.4263
epoch 29/200 loss 1.0563 train 0.6925 test 0.4505
epoch 30/200 loss 0.9774 train 0.7129 test 0.4442
epoch 31/200 loss 0.9751 train 0.7150 test 0.4290
epoch 32/200 loss 0.9256 train 0.7270 test 0.4332
epoch 33/200 loss 0.8939 train 0.7363 test 0.3980
epoch 34/200 loss 0.8658 train 0.7424 test 0.4624
epoch 35/200 loss 0.7908 train 0.7663 test 0.4376
epoch 36/200 loss 0.7517 train 0.7808 test 0.4438
epoch 37/200 loss 0.7324 train 0.7896 test 0.4426
epoch 38/200 loss 0.7960 train 0.7665 test 0.4683
epoch 39/200 loss 0.6828 train 0.7986 test 0.4413
epoch 40/200 loss 0.6734 train 0.8036 test 0.4423
epoch 41/200 loss 0.6387 train 0.8112 test 0.4881
epoch 42/200 loss 0.6154 train 0.8245 test 0.4345
epoch 43/200 loss 0.6258 train 0.8155 test 0.4335
epoch 44/200 loss 0.5864 train 0.8280 test 0.4632
epoch 45/200 loss 0.5720 train 0.8338 test 0.4300
epoch 46/200 loss 0.5615 train 0.8342 test 0.4504
epoch 47/200 loss 0.5411 train 0.8400 test 0.4645
epoch 48/200 loss 0.5006 train 0.8562 test 0.4741
epoch 49/200 loss 0.5531 train 0.8405 test 0.4666
epoch 50/200 loss 0.4999 train 0.8578 test 0.4887
epoch 51/200 loss 0.4386 train 0.8729 test 0.4852
epoch 52/200 loss 0.4359 train 0.8754 test 0.4581
epoch 53/200 loss 0.4774 train 0.8608 test 0.4648
epoch 54/200 loss 0.4446 train 0.8715 test 0.4616
epoch 55/200 loss 0.4017 train 0.8860 test 0.4399
epoch 56/200 loss 0.4204 train 0.8771 test 0.4773
epoch 57/200 loss 0.3988 train 0.8858 test 0.4958
epoch 58/200 loss 0.3941 train 0.8864 test 0.4435
epoch 59/200 loss 0.4175 train 0.8792 test 0.4440
epoch 60/200 loss 0.3755 train 0.8945 test 0.4766
epoch 61/200 loss 0.3314 train 0.9069 test 0.4832
epoch 62/200 loss 0.3194 train 0.9127 test 0.4859
epoch 63/200 loss 0.3731 train 0.8942 test 0.4443
epoch 64/200 loss 0.3463 train 0.9039 test 0.4593
epoch 65/200 loss 0.3578 train 0.8967 test 0.4765
epoch 66/200 loss 0.3218 train 0.9097 test 0.4914
epoch 67/200 loss 0.3360 train 0.9059 test 0.4494
epoch 68/200 loss 0.3247 train 0.9120 test 0.4626
epoch 69/200 loss 0.3394 train 0.9043 test 0.5020
epoch 70/200 loss 0.3096 train 0.9145 test 0.4991
epoch 71/200 loss 0.2984 train 0.9185 test 0.4879
epoch 72/200 loss 0.2942 train 0.9170 test 0.4888
epoch 73/200 loss 0.2818 train 0.9227 test 0.4805
epoch 74/200 loss 0.2745 train 0.9267 test 0.4702
epoch 75/200 loss 0.2561 train 0.9306 test 0.4901
epoch 76/200 loss 0.2338 train 0.9365 test 0.5060
epoch 77/200 loss 0.2437 train 0.9356 test 0.4956
epoch 78/200 loss 0.2410 train 0.9362 test 0.4997
epoch 79/200 loss 0.2375 train 0.9376 test 0.4971
epoch 80/200 loss 0.2400 train 0.9350 test 0.4876
epoch 81/200 loss 0.2436 train 0.9342 test 0.4923
epoch 82/200 loss 0.2219 train 0.9439 test 0.4933
epoch 83/200 loss 0.1952 train 0.9504 test 0.5197
epoch 84/200 loss 0.2049 train 0.9505 test 0.4959
epoch 85/200 loss 0.2432 train 0.9366 test 0.4999
epoch 86/200 loss 0.2442 train 0.9358 test 0.4799
epoch 87/200 loss 0.2114 train 0.9452 test 0.5101
epoch 88/200 loss 0.1880 train 0.9501 test 0.4950
epoch 89/200 loss 0.2191 train 0.9447 test 0.5207
epoch 90/200 loss 0.1860 train 0.9541 test 0.5192
epoch 91/200 loss 0.1291 train 0.9716 test 0.5222
epoch 92/200 loss 0.1069 train 0.9779 test 0.5275
epoch 93/200 loss 0.1145 train 0.9733 test 0.5183
epoch 94/200 loss 0.1220 train 0.9733 test 0.5135
epoch 95/200 loss 0.1097 train 0.9774 test 0.5361
epoch 96/200 loss 0.0799 train 0.9867 test 0.5439
epoch 97/200 loss 0.0817 train 0.9840 test 0.5434
epoch 98/200 loss 0.0877 train 0.9826 test 0.5345
epoch 99/200 loss 0.0922 train 0.9805 test 0.5408
epoch 100/200 loss 0.1064 train 0.9790 test 0.5072
epoch 101/200 loss 0.1548 train 0.9625 test 0.5051
epoch 102/200 loss 0.1874 train 0.9538 test 0.4638
epoch 103/200 loss 0.1722 train 0.9585 test 0.4868
epoch 104/200 loss 0.1696 train 0.9575 test 0.5041
epoch 105/200 loss 0.1854 train 0.9542 test 0.5052
epoch 106/200 loss 0.1462 train 0.9652 test 0.4864
epoch 107/200 loss 0.1533 train 0.9608 test 0.5213
epoch 108/200 loss 0.1122 train 0.9762 test 0.5343
epoch 109/200 loss 0.0679 train 0.9882 test 0.5613
epoch 110/200 loss 0.0567 train 0.9904 test 0.5470
epoch 111/200 loss 0.0521 train 0.9915 test 0.5509
epoch 112/200 loss 0.0456 train 0.9938 test 0.5725
epoch 113/200 loss 0.0328 train 0.9971 test 0.5743
epoch 114/200 loss 0.0248 train 0.9983 test 0.5834
epoch 115/200 loss 0.0211 train 0.9986 test 0.5907
epoch 116/200 loss 0.0180 train 0.9991 test 0.5927
epoch 117/200 loss 0.0192 train 0.9990 test 0.5857
epoch 118/200 loss 0.0185 train 0.9988 test 0.5944
epoch 119/200 loss 0.0148 train 0.9995 test 0.6008
epoch 120/200 loss 0.0152 train 0.9995 test 0.5986
epoch 121/200 loss 0.0132 train 0.9999 test 0.6037
epoch 122/200 loss 0.0120 train 0.9999 test 0.6039
epoch 123/200 loss 0.0124 train 0.9998 test 0.6066
epoch 124/200 loss 0.0124 train 0.9998 test 0.6023
epoch 125/200 loss 0.0122 train 0.9999 test 0.6047
epoch 126/200 loss 0.0120 train 0.9999 test 0.6042
epoch 127/200 loss 0.0118 train 1.0000 test 0.6070
epoch 128/200 loss 0.0118 train 1.0000 test 0.6088
epoch 129/200 loss 0.0121 train 0.9998 test 0.6087
epoch 130/200 loss 0.0122 train 0.9999 test 0.6103
epoch 131/200 loss 0.0119 train 1.0000 test 0.6108
epoch 132/200 loss 0.0116 train 0.9998 test 0.6120
epoch 133/200 loss 0.0114 train 1.0000 test 0.6107
epoch 134/200 loss 0.0116 train 1.0000 test 0.6125
epoch 135/200 loss 0.0121 train 0.9998 test 0.6140
epoch 136/200 loss 0.0114 train 0.9999 test 0.6114
epoch 137/200 loss 0.0116 train 0.9998 test 0.6145
epoch 138/200 loss 0.0112 train 0.9999 test 0.6147
epoch 139/200 loss 0.0113 train 0.9998 test 0.6121
epoch 140/200 loss 0.0110 train 0.9998 test 0.6127
epoch 141/200 loss 0.0117 train 0.9998 test 0.6152
epoch 142/200 loss 0.0109 train 0.9999 test 0.6164
epoch 143/200 loss 0.0109 train 0.9999 test 0.6143
epoch 144/200 loss 0.0105 train 0.9999 test 0.6169
epoch 145/200 loss 0.0105 train 0.9999 test 0.6135
epoch 146/200 loss 0.0101 train 0.9999 test 0.6142
epoch 147/200 loss 0.0106 train 0.9998 test 0.6163
epoch 148/200 loss 0.0101 train 0.9999 test 0.6166
epoch 149/200 loss 0.0098 train 0.9999 test 0.6146
epoch 150/200 loss 0.0096 train 1.0000 test 0.6191
epoch 151/200 loss 0.0098 train 1.0000 test 0.6169
epoch 152/200 loss 0.0093 train 1.0000 test 0.6146
epoch 153/200 loss 0.0093 train 1.0000 test 0.6149
epoch 154/200 loss 0.0091 train 1.0000 test 0.6187
epoch 155/200 loss 0.0092 train 1.0000 test 0.6169
epoch 156/200 loss 0.0094 train 0.9999 test 0.6156
epoch 157/200 loss 0.0091 train 1.0000 test 0.6143
epoch 158/200 loss 0.0093 train 0.9998 test 0.6152
epoch 159/200 loss 0.0091 train 0.9999 test 0.6181
epoch 160/200 loss 0.0089 train 1.0000 test 0.6175
epoch 161/200 loss 0.0086 train 1.0000 test 0.6171
epoch 162/200 loss 0.0088 train 1.0000 test 0.6166
epoch 163/200 loss 0.0084 train 1.0000 test 0.6164
epoch 164/200 loss 0.0086 train 0.9998 test 0.6172
epoch 165/200 loss 0.0085 train 0.9999 test 0.6189
epoch 166/200 loss 0.0082 train 0.9999 test 0.6161
epoch 167/200 loss 0.0084 train 0.9999 test 0.6184
epoch 168/200 loss 0.0083 train 1.0000 test 0.6181
epoch 169/200 loss 0.0082 train 1.0000 test 0.6200
epoch 170/200 loss 0.0079 train 1.0000 test 0.6183
epoch 171/200 loss 0.0080 train 0.9999 test 0.6182
epoch 172/200 loss 0.0080 train 1.0000 test 0.6204
epoch 173/200 loss 0.0080 train 1.0000 test 0.6192
epoch 174/200 loss 0.0078 train 1.0000 test 0.6174
epoch 175/200 loss 0.0077 train 1.0000 test 0.6166
epoch 176/200 loss 0.0077 train 1.0000 test 0.6190
epoch 177/200 loss 0.0077 train 1.0000 test 0.6172
epoch 178/200 loss 0.0077 train 1.0000 test 0.6171
epoch 179/200 loss 0.0075 train 1.0000 test 0.6201
epoch 180/200 loss 0.0076 train 1.0000 test 0.6200
epoch 181/200 loss 0.0072 train 1.0000 test 0.6182
epoch 182/200 loss 0.0074 train 1.0000 test 0.6199
epoch 183/200 loss 0.0072 train 1.0000 test 0.6197
epoch 184/200 loss 0.0074 train 1.0000 test 0.6205
epoch 185/200 loss 0.0072 train 1.0000 test 0.6191
epoch 186/200 loss 0.0072 train 1.0000 test 0.6206
epoch 187/200 loss 0.0072 train 1.0000 test 0.6219
epoch 188/200 loss 0.0071 train 1.0000 test 0.6206
epoch 189/200 loss 0.0069 train 1.0000 test 0.6212
epoch 190/200 loss 0.0070 train 1.0000 test 0.6194
epoch 191/200 loss 0.0069 train 0.9999 test 0.6193
epoch 192/200 loss 0.0071 train 0.9999 test 0.6194
epoch 193/200 loss 0.0068 train 1.0000 test 0.6196
epoch 194/200 loss 0.0071 train 1.0000 test 0.6211
epoch 195/200 loss 0.0068 train 1.0000 test 0.6199
epoch 196/200 loss 0.0069 train 1.0000 test 0.6199
epoch 197/200 loss 0.0069 train 1.0000 test 0.6198
epoch 198/200 loss 0.0070 train 0.9999 test 0.6202
epoch 199/200 loss 0.0068 train 1.0000 test 0.6207
epoch 200/200 loss 0.0069 train 1.0000 test 0.6194
done: final 0.6194 best 0.6219 -> ./runs/auxmag_25pct_sched03/seed0
moment-aux target calibrated on 1024 images
[auxmag_25pct_sched03 seed1] {"params_trainable": 11222188, "params_stem_trainable": 0, "params_stem_fixed_filters": 0, "flops_total": 556705792, "flops_stem": 0, "flops_image_size": 32}
epoch 1/200 loss 4.5060 train 0.0555 test 0.0634
epoch 2/200 loss 3.9573 train 0.1058 test 0.1246
epoch 3/200 loss 3.7079 train 0.1405 test 0.1450
epoch 4/200 loss 3.5090 train 0.1691 test 0.1597
epoch 5/200 loss 3.2898 train 0.2090 test 0.1952
epoch 6/200 loss 3.0993 train 0.2346 test 0.2207
epoch 7/200 loss 2.9313 train 0.2701 test 0.2379
epoch 8/200 loss 2.7662 train 0.3002 test 0.2740
epoch 9/200 loss 2.5919 train 0.3306 test 0.2733
epoch 10/200 loss 2.4571 train 0.3629 test 0.3246
epoch 11/200 loss 2.3330 train 0.3880 test 0.3218
epoch 12/200 loss 2.2151 train 0.4097 test 0.3497
epoch 13/200 loss 2.1076 train 0.4379 test 0.3592
epoch 14/200 loss 1.9829 train 0.4658 test 0.3552
epoch 15/200 loss 1.9152 train 0.4790 test 0.3758
epoch 16/200 loss 1.8123 train 0.5027 test 0.3704
epoch 17/200 loss 1.7417 train 0.5221 test 0.3986
epoch 18/200 loss 1.6345 train 0.5463 test 0.3865
epoch 19/200 loss 1.5579 train 0.5632 test 0.3803
epoch 20/200 loss 1.5207 train 0.5764 test 0.4108
epoch 21/200 loss 1.4425 train 0.5922 test 0.4141
epoch 22/200 loss 1.3923 train 0.6062 test 0.4275
epoch 23/200 loss 1.3521 train 0.6194 test 0.4013
epoch 24/200 loss 1.2965 train 0.6294 test 0.4192
epoch 25/200 loss 1.2147 train 0.6539 test 0.4261
epoch 26/200 loss 1.1896 train 0.6562 test 0.4321
epoch 27/200 loss 1.1255 train 0.6749 test 0.3874
epoch 28/200 loss 1.0699 train 0.6912 test 0.4238
epoch 29/200 loss 1.0467 train 0.6985 test 0.4332
epoch 30/200 loss 0.9743 train 0.7168 test 0.4378
epoch 31/200 loss 0.9572 train 0.7192 test 0.4208
epoch 32/200 loss 0.8989 train 0.7398 test 0.4717
epoch 33/200 loss 0.8748 train 0.7436 test 0.4479
epoch 34/200 loss 0.8406 train 0.7511 test 0.3897
epoch 35/200 loss 0.7948 train 0.7713 test 0.4592
epoch 36/200 loss 0.7611 train 0.7779 test 0.4073
epoch 37/200 loss 0.7473 train 0.7786 test 0.4658
epoch 38/200 loss 0.7745 train 0.7732 test 0.4657
epoch 39/200 loss 0.6695 train 0.8043 test 0.4306
epoch 40/200 loss 0.6768 train 0.8017 test 0.4603
epoch 41/200 loss 0.6705 train 0.7990 test 0.4607
epoch 42/200 loss 0.6319 train 0.8170 test 0.4248
epoch 43/200 loss 0.6140 train 0.8218 test 0.4601
epoch 44/200 loss 0.5963 train 0.8228 test 0.4191
epoch 45/200 loss 0.5613 train 0.8349 test 0.4703
epoch 46/200 loss 0.5393 train 0.8435 test 0.4493
epoch 47/200 loss 0.5457 train 0.8421 test 0.4484
epoch 48/200 loss 0.5418 train 0.8438 test 0.4496
epoch 49/200 loss 0.5260 train 0.8450 test 0.4666
epoch 50/200 loss 0.4976 train 0.8545 test 0.4802
epoch 51/200 loss 0.4508 train 0.8694 test 0.4787
epoch 52/200 loss 0.4141 train 0.8777 test 0.4667
epoch 53/200 loss 0.4388 train 0.8748 test 0.4731
epoch 54/200 loss 0.4400 train 0.8701 test 0.4424
epoch 55/200 loss 0.4804 train 0.8615 test 0.4525
epoch 56/200 loss 0.4309 train 0.8768 test 0.4977
epoch 57/200 loss 0.3926 train 0.8889 test 0.4626
epoch 58/200 loss 0.3996 train 0.8850 test 0.4694
epoch 59/200 loss 0.3859 train 0.8872 test 0.4754
epoch 60/200 loss 0.4188 train 0.8827 test 0.4081
epoch 61/200 loss 0.3881 train 0.8892 test 0.4847
epoch 62/200 loss 0.3424 train 0.9037 test 0.4735
epoch 63/200 loss 0.3174 train 0.9116 test 0.4690
epoch 64/200 loss 0.3485 train 0.9013 test 0.4835
epoch 65/200 loss 0.3555 train 0.8988 test 0.4614
epoch 66/200 loss 0.3089 train 0.9162 test 0.4751
epoch 67/200 loss 0.3021 train 0.9173 test 0.4708
epoch 68/200 loss 0.3006 train 0.9197 test 0.4606
epoch 69/200 loss 0.2956 train 0.9206 test 0.4643
epoch 70/200 loss 0.2747 train 0.9272 test 0.4944
epoch 71/200 loss 0.3007 train 0.9189 test 0.4846
epoch 72/200 loss 0.2984 train 0.9208 test 0.4764
epoch 73/200 loss 0.2613 train 0.9304 test 0.4908
epoch 74/200 loss 0.2705 train 0.9287 test 0.4746
epoch 75/200 loss 0.2843 train 0.9192 test 0.4832
epoch 76/200 loss 0.2609 train 0.9296 test 0.4912
epoch 77/200 loss 0.2575 train 0.9328 test 0.4626
epoch 78/200 loss 0.2883 train 0.9235 test 0.4992
epoch 79/200 loss 0.2397 train 0.9346 test 0.4916
epoch 80/200 loss 0.2140 train 0.9463 test 0.5052
epoch 81/200 loss 0.1988 train 0.9476 test 0.5074
epoch 82/200 loss 0.1905 train 0.9516 test 0.4953
epoch 83/200 loss 0.2364 train 0.9373 test 0.4530
epoch 84/200 loss 0.2373 train 0.9364 test 0.4875
epoch 85/200 loss 0.2581 train 0.9303 test 0.4896
epoch 86/200 loss 0.2257 train 0.9381 test 0.4913
epoch 87/200 loss 0.1820 train 0.9557 test 0.4923
epoch 88/200 loss 0.1828 train 0.9543 test 0.4941
epoch 89/200 loss 0.1735 train 0.9559 test 0.4796
epoch 90/200 loss 0.1950 train 0.9497 test 0.4995
epoch 91/200 loss 0.1908 train 0.9505 test 0.5028
epoch 92/200 loss 0.1678 train 0.9584 test 0.5124
epoch 93/200 loss 0.1427 train 0.9662 test 0.5220
epoch 94/200 loss 0.1466 train 0.9621 test 0.5326
epoch 95/200 loss 0.1076 train 0.9761 test 0.5265
epoch 96/200 loss 0.1077 train 0.9780 test 0.5308
epoch 97/200 loss 0.0923 train 0.9816 test 0.5192
epoch 98/200 loss 0.1006 train 0.9791 test 0.5281
epoch 99/200 loss 0.1049 train 0.9780 test 0.5084
epoch 100/200 loss 0.1433 train 0.9659 test 0.5150
epoch 101/200 loss 0.1199 train 0.9734 test 0.4986
epoch 102/200 loss 0.1186 train 0.9755 test 0.5173
epoch 103/200 loss 0.1047 train 0.9774 test 0.5288
epoch 104/200 loss 0.0846 train 0.9828 test 0.5232
epoch 105/200 loss 0.0798 train 0.9842 test 0.5140
epoch 106/200 loss 0.0755 train 0.9858 test 0.5502
epoch 107/200 loss 0.0642 train 0.9880 test 0.5510
epoch 108/200 loss 0.0536 train 0.9913 test 0.5585
epoch 109/200 loss 0.0487 train 0.9934 test 0.5652
epoch 110/200 loss 0.0380 train 0.9962 test 0.5632
epoch 111/200 loss 0.0436 train 0.9948 test 0.5649
epoch 112/200 loss 0.0342 train 0.9961 test 0.5777
epoch 113/200 loss 0.0220 train 0.9990 test 0.5898
epoch 114/200 loss 0.0172 train 0.9993 test 0.5983
epoch 115/200 loss 0.0139 train 0.9998 test 0.6043
epoch 116/200 loss 0.0128 train 0.9999 test 0.6089
epoch 117/200 loss 0.0123 train 0.9998 test 0.6062
epoch 118/200 loss 0.0121 train 0.9998 test 0.6091
epoch 119/200 loss 0.0121 train 0.9998 test 0.6125
epoch 120/200 loss 0.0118 train 0.9999 test 0.6113
epoch 121/200 loss 0.0119 train 0.9998 test 0.6135
epoch 122/200 loss 0.0121 train 0.9999 test 0.6116
epoch 123/200 loss 0.0117 train 0.9999 test 0.6125
epoch 124/200 loss 0.0121 train 0.9999 test 0.6151
epoch 125/200 loss 0.0120 train 0.9999 test 0.6155
epoch 126/200 loss 0.0118 train 0.9999 test 0.6147
epoch 127/200 loss 0.0118 train 0.9999 test 0.6155
epoch 128/200 loss 0.0119 train 0.9999 test 0.6173
epoch 129/200 loss 0.0123 train 0.9998 test 0.6133
epoch 130/200 loss 0.0159 train 0.9990 test 0.6040
epoch 131/200 loss 0.0231 train 0.9983 test 0.5989
epoch 132/200 loss 0.0158 train 0.9997 test 0.6103
epoch 133/200 loss 0.0120 train 0.9999 test 0.6117
epoch 134/200 loss 0.0118 train 0.9998 test 0.6156
epoch 135/200 loss 0.0109 train 0.9999 test 0.6157
epoch 136/200 loss 0.0143 train 0.9990 test 0.6053
epoch 137/200 loss 0.0162 train 0.9990 test 0.6047
epoch 138/200 loss 0.0138 train 0.9994 test 0.6122
epoch 139/200 loss 0.0113 train 0.9998 test 0.6159
epoch 140/200 loss 0.0106 train 0.9998 test 0.6131
epoch 141/200 loss 0.0103 train 0.9998 test 0.6169
epoch 142/200 loss 0.0102 train 0.9998 test 0.6167
epoch 143/200 loss 0.0100 train 0.9999 test 0.6179
epoch 144/200 loss 0.0103 train 0.9999 test 0.6161
epoch 145/200 loss 0.0100 train 0.9999 test 0.6166
epoch 146/200 loss 0.0099 train 0.9998 test 0.6154
epoch 147/200 loss 0.0101 train 1.0000 test 0.6181
epoch 148/200 loss 0.0096 train 0.9998 test 0.6173
epoch 149/200 loss 0.0094 train 1.0000 test 0.6176
epoch 150/200 loss 0.0096 train 0.9998 test 0.6178
epoch 151/200 loss 0.0093 train 0.9999 test 0.6188
epoch 152/200 loss 0.0090 train 1.0000 test 0.6195
epoch 153/200 loss 0.0094 train 0.9998 test 0.6151
epoch 154/200 loss 0.0094 train 0.9999 test 0.6200
epoch 155/200 loss 0.0090 train 0.9998 test 0.6180
epoch 156/200 loss 0.0090 train 0.9999 test 0.6190
epoch 157/200 loss 0.0089 train 1.0000 test 0.6180
epoch 158/200 loss 0.0086 train 1.0000 test 0.6214
epoch 159/200 loss 0.0087 train 0.9999 test 0.6197
epoch 160/200 loss 0.0086 train 0.9999 test 0.6194
epoch 161/200 loss 0.0086 train 1.0000 test 0.6210
epoch 162/200 loss 0.0084 train 0.9999 test 0.6195
epoch 163/200 loss 0.0082 train 0.9999 test 0.6167
epoch 164/200 loss 0.0083 train 1.0000 test 0.6197
epoch 165/200 loss 0.0081 train 1.0000 test 0.6215
epoch 166/200 loss 0.0081 train 1.0000 test 0.6186
epoch 167/200 loss 0.0078 train 0.9999 test 0.6207
epoch 168/200 loss 0.0078 train 1.0000 test 0.6209
epoch 169/200 loss 0.0078 train 0.9999 test 0.6210
epoch 170/200 loss 0.0079 train 1.0000 test 0.6216
epoch 171/200 loss 0.0078 train 0.9998 test 0.6183
epoch 172/200 loss 0.0075 train 1.0000 test 0.6205
epoch 173/200 loss 0.0077 train 1.0000 test 0.6196
epoch 174/200 loss 0.0076 train 0.9999 test 0.6197
epoch 175/200 loss 0.0073 train 1.0000 test 0.6192
epoch 176/200 loss 0.0074 train 0.9999 test 0.6186
epoch 177/200 loss 0.0071 train 1.0000 test 0.6219
epoch 178/200 loss 0.0072 train 0.9998 test 0.6212
epoch 179/200 loss 0.0076 train 1.0000 test 0.6221
epoch 180/200 loss 0.0073 train 0.9998 test 0.6218
epoch 181/200 loss 0.0072 train 0.9999 test 0.6222
epoch 182/200 loss 0.0071 train 1.0000 test 0.6194
epoch 183/200 loss 0.0071 train 1.0000 test 0.6230
epoch 184/200 loss 0.0068 train 1.0000 test 0.6229
epoch 185/200 loss 0.0069 train 1.0000 test 0.6196
epoch 186/200 loss 0.0071 train 1.0000 test 0.6208
epoch 187/200 loss 0.0071 train 1.0000 test 0.6220
epoch 188/200 loss 0.0069 train 0.9999 test 0.6201
epoch 189/200 loss 0.0068 train 1.0000 test 0.6228
epoch 190/200 loss 0.0067 train 1.0000 test 0.6224
epoch 191/200 loss 0.0067 train 1.0000 test 0.6229
epoch 192/200 loss 0.0068 train 1.0000 test 0.6226
epoch 193/200 loss 0.0068 train 1.0000 test 0.6238
epoch 194/200 loss 0.0069 train 1.0000 test 0.6238
epoch 195/200 loss 0.0065 train 1.0000 test 0.6227
epoch 196/200 loss 0.0068 train 1.0000 test 0.6218
epoch 197/200 loss 0.0068 train 1.0000 test 0.6220
epoch 198/200 loss 0.0067 train 1.0000 test 0.6220
epoch 199/200 loss 0.0066 train 1.0000 test 0.6231
epoch 200/200 loss 0.0066 train 1.0000 test 0.6235
done: final 0.6235 best 0.6238 -> ./runs/auxmag_25pct_sched03/seed1
moment-aux target calibrated on 1024 images
[auxmag_25pct_sched03 seed2] {"params_trainable": 11222188, "params_stem_trainable": 0, "params_stem_fixed_filters": 0, "flops_total": 556705792, "flops_stem": 0, "flops_image_size": 32}
epoch 1/200 loss 4.4940 train 0.0570 test 0.0799
epoch 2/200 loss 3.9364 train 0.1106 test 0.1305
epoch 3/200 loss 3.6563 train 0.1500 test 0.1529
epoch 4/200 loss 3.4549 train 0.1790 test 0.1589
epoch 5/200 loss 3.2462 train 0.2139 test 0.2048
epoch 6/200 loss 3.0757 train 0.2394 test 0.2127
epoch 7/200 loss 2.9164 train 0.2701 test 0.2452
epoch 8/200 loss 2.7572 train 0.2978 test 0.2369
epoch 9/200 loss 2.5889 train 0.3318 test 0.3019
epoch 10/200 loss 2.4495 train 0.3677 test 0.2937
epoch 11/200 loss 2.3201 train 0.3901 test 0.3202
epoch 12/200 loss 2.2178 train 0.4113 test 0.3268
epoch 13/200 loss 2.1100 train 0.4344 test 0.3440
epoch 14/200 loss 1.9901 train 0.4637 test 0.3369
epoch 15/200 loss 1.8906 train 0.4873 test 0.3944
epoch 16/200 loss 1.8227 train 0.4995 test 0.3789
epoch 17/200 loss 1.7303 train 0.5259 test 0.4211
epoch 18/200 loss 1.6663 train 0.5335 test 0.4190
epoch 19/200 loss 1.5771 train 0.5604 test 0.4195
epoch 20/200 loss 1.5162 train 0.5741 test 0.3938
epoch 21/200 loss 1.4898 train 0.5832 test 0.3681
epoch 22/200 loss 1.4084 train 0.5953 test 0.4098
epoch 23/200 loss 1.3361 train 0.6222 test 0.4120
epoch 24/200 loss 1.2824 train 0.6389 test 0.4167
epoch 25/200 loss 1.2299 train 0.6507 test 0.4217
epoch 26/200 loss 1.1835 train 0.6641 test 0.4361
epoch 27/200 loss 1.1210 train 0.6766 test 0.4508
epoch 28/200 loss 1.1024 train 0.6832 test 0.4405
epoch 29/200 loss 1.0250 train 0.7049 test 0.4502
epoch 30/200 loss 1.0093 train 0.7039 test 0.4208
epoch 31/200 loss 0.9483 train 0.7232 test 0.4329
epoch 32/200 loss 0.9193 train 0.7334 test 0.4312
epoch 33/200 loss 0.8767 train 0.7405 test 0.4343
epoch 34/200 loss 0.8430 train 0.7534 test 0.4204
epoch 35/200 loss 0.8268 train 0.7575 test 0.4211
epoch 36/200 loss 0.7786 train 0.7713 test 0.4088
epoch 37/200 loss 0.7458 train 0.7804 test 0.4192
epoch 38/200 loss 0.7177 train 0.7851 test 0.4551
epoch 39/200 loss 0.7199 train 0.7889 test 0.4503
epoch 40/200 loss 0.7038 train 0.7945 test 0.4435
epoch 41/200 loss 0.6487 train 0.8106 test 0.4297
epoch 42/200 loss 0.6297 train 0.8139 test 0.4712
epoch 43/200 loss 0.5970 train 0.8264 test 0.4608
epoch 44/200 loss 0.6047 train 0.8251 test 0.4443
epoch 45/200 loss 0.6128 train 0.8215 test 0.4393
epoch 46/200 loss 0.5676 train 0.8354 test 0.4315
epoch 47/200 loss 0.5217 train 0.8489 test 0.4635
epoch 48/200 loss 0.5059 train 0.8564 test 0.4428
epoch 49/200 loss 0.4814 train 0.8606 test 0.4632
epoch 50/200 loss 0.4886 train 0.8555 test 0.4511
epoch 51/200 loss 0.4912 train 0.8548 test 0.4549
epoch 52/200 loss 0.4731 train 0.8658 test 0.4925
epoch 53/200 loss 0.4291 train 0.8777 test 0.4967
epoch 54/200 loss 0.4490 train 0.8681 test 0.4650
epoch 55/200 loss 0.4750 train 0.8653 test 0.4868
epoch 56/200 loss 0.3907 train 0.8875 test 0.4852
epoch 57/200 loss 0.3814 train 0.8918 test 0.5025
epoch 58/200 loss 0.4237 train 0.8761 test 0.4289
epoch 59/200 loss 0.4198 train 0.8842 test 0.4853
epoch 60/200 loss 0.3415 train 0.9034 test 0.4961
epoch 61/200 loss 0.3672 train 0.8955 test 0.4656
epoch 62/200 loss 0.3786 train 0.8951 test 0.4752
epoch 63/200 loss 0.3662 train 0.8957 test 0.4635
epoch 64/200 loss 0.3663 train 0.8966 test 0.4781
epoch 65/200 loss 0.3511 train 0.9000 test 0.4532
epoch 66/200 loss 0.3241 train 0.9089 test 0.4926
epoch 67/200 loss 0.2753 train 0.9279 test 0.5107
epoch 68/200 loss 0.3158 train 0.9129 test 0.4907
epoch 69/200 loss 0.3467 train 0.9027 test 0.4903
epoch 70/200 loss 0.3171 train 0.9101 test 0.4757
epoch 71/200 loss 0.2896 train 0.9203 test 0.4871
epoch 72/200 loss 0.2705 train 0.9269 test 0.4802
epoch 73/200 loss 0.2699 train 0.9260 test 0.4667
epoch 74/200 loss 0.2573 train 0.9312 test 0.5072
epoch 75/200 loss 0.2262 train 0.9425 test 0.5043
epoch 76/200 loss 0.2315 train 0.9402 test 0.4860
epoch 77/200 loss 0.2358 train 0.9383 test 0.5018
epoch 78/200 loss 0.2964 train 0.9182 test 0.4657
epoch 79/200 loss 0.2856 train 0.9232 test 0.4968
epoch 80/200 loss 0.2274 train 0.9400 test 0.4819
epoch 81/200 loss 0.2490 train 0.9342 test 0.4560
epoch 82/200 loss 0.2039 train 0.9485 test 0.5038
epoch 83/200 loss 0.1993 train 0.9475 test 0.5185
epoch 84/200 loss 0.1747 train 0.9576 test 0.5075
epoch 85/200 loss 0.1932 train 0.9497 test 0.5080
epoch 86/200 loss 0.1871 train 0.9526 test 0.5026
epoch 87/200 loss 0.2272 train 0.9397 test 0.5019
epoch 88/200 loss 0.2115 train 0.9455 test 0.4835
epoch 89/200 loss 0.1922 train 0.9507 test 0.4984
epoch 90/200 loss 0.1955 train 0.9507 test 0.5130
epoch 91/200 loss 0.1789 train 0.9547 test 0.4986
epoch 92/200 loss 0.1461 train 0.9671 test 0.5183
epoch 93/200 loss 0.1233 train 0.9725 test 0.5228
epoch 94/200 loss 0.1175 train 0.9745 test 0.5289
epoch 95/200 loss 0.1075 train 0.9770 test 0.5462
epoch 96/200 loss 0.1092 train 0.9768 test 0.5321
epoch 97/200 loss 0.0952 train 0.9799 test 0.5190
epoch 98/200 loss 0.1431 train 0.9649 test 0.4979
epoch 99/200 loss 0.1348 train 0.9689 test 0.5219
epoch 100/200 loss 0.1411 train 0.9662 test 0.5083
epoch 101/200 loss 0.1434 train 0.9667 test 0.5249
epoch 102/200 loss 0.1365 train 0.9680 test 0.5217
epoch 103/200 loss 0.1218 train 0.9725 test 0.4878
epoch 104/200 loss 0.1133 train 0.9740 test 0.5161
epoch 105/200 loss 0.1079 train 0.9769 test 0.5204
epoch 106/200 loss 0.0871 train 0.9845 test 0.5251
epoch 107/200 loss 0.0655 train 0.9885 test 0.5469
epoch 108/200 loss 0.0662 train 0.9869 test 0.5449
epoch 109/200 loss 0.0550 train 0.9915 test 0.5532
epoch 110/200 loss 0.0469 train 0.9932 test 0.5527
epoch 111/200 loss 0.0392 train 0.9948 test 0.5792
epoch 112/200 loss 0.0251 train 0.9984 test 0.5874
epoch 113/200 loss 0.0227 train 0.9984 test 0.5866
epoch 114/200 loss 0.0166 train 0.9995 test 0.6002
epoch 115/200 loss 0.0146 train 0.9996 test 0.6022
epoch 116/200 loss 0.0136 train 0.9998 test 0.6036
epoch 117/200 loss 0.0128 train 0.9999 test 0.6076
epoch 118/200 loss 0.0127 train 0.9998 test 0.6053
epoch 119/200 loss 0.0129 train 0.9999 test 0.6063
epoch 120/200 loss 0.0127 train 0.9998 test 0.6118
epoch 121/200 loss 0.0122 train 1.0000 test 0.6099
epoch 122/200 loss 0.0126 train 0.9998 test 0.6100
epoch 123/200 loss 0.0126 train 0.9999 test 0.6081
epoch 124/200 loss 0.0130 train 0.9998 test 0.6099
epoch 125/200 loss 0.0124 train 0.9998 test 0.6100
epoch 126/200 loss 0.0140 train 0.9997 test 0.6137
epoch 127/200 loss 0.0128 train 0.9999 test 0.6145
epoch 128/200 loss 0.0124 train 0.9998 test 0.6146
epoch 129/200 loss 0.0121 train 1.0000 test 0.6174
epoch 130/200 loss 0.0117 train 0.9999 test 0.6190
epoch 131/200 loss 0.0117 train 0.9999 test 0.6166
epoch 132/200 loss 0.0127 train 0.9998 test 0.6179
epoch 133/200 loss 0.0121 train 1.0000 test 0.6173
epoch 134/200 loss 0.0122 train 0.9999 test 0.6194
epoch 135/200 loss 0.0118 train 0.9999 test 0.6173
epoch 136/200 loss 0.0116 train 0.9998 test 0.6177
epoch 137/200 loss 0.0112 train 0.9999 test 0.6159
epoch 138/200 loss 0.0157 train 0.9992 test 0.6105
epoch 139/200 loss 0.0183 train 0.9989 test 0.6089
epoch 140/200 loss 0.0165 train 0.9994 test 0.6098
epoch 141/200 loss 0.0122 train 0.9999 test 0.6176
epoch 142/200 loss 0.0112 train 0.9999 test 0.6205
epoch 143/200 loss 0.0109 train 0.9999 test 0.6188
epoch 144/200 loss 0.0104 train 0.9999 test 0.6207
epoch 145/200 loss 0.0099 train 1.0000 test 0.6201
epoch 146/200 loss 0.0101 train 1.0000 test 0.6204
epoch 147/200 loss 0.0105 train 0.9999 test 0.6217
epoch 148/200 loss 0.0098 train 0.9999 test 0.6259
epoch 149/200 loss 0.0098 train 0.9999 test 0.6250
epoch 150/200 loss 0.0095 train 0.9999 test 0.6197
epoch 151/200 loss 0.0093 train 1.0000 test 0.6230
epoch 152/200 loss 0.0093 train 1.0000 test 0.6244
epoch 153/200 loss 0.0094 train 0.9998 test 0.6243
epoch 154/200 loss 0.0091 train 1.0000 test 0.6225
epoch 155/200 loss 0.0090 train 1.0000 test 0.6242
epoch 156/200 loss 0.0093 train 0.9998 test 0.6216
epoch 157/200 loss 0.0090 train 0.9999 test 0.6252
epoch 158/200 loss 0.0087 train 1.0000 test 0.6265
epoch 159/200 loss 0.0086 train 1.0000 test 0.6268
epoch 160/200 loss 0.0092 train 0.9998 test 0.6249
epoch 161/200 loss 0.0085 train 1.0000 test 0.6239
epoch 162/200 loss 0.0083 train 1.0000 test 0.6242
epoch 163/200 loss 0.0084 train 1.0000 test 0.6241
epoch 164/200 loss 0.0083 train 1.0000 test 0.6225
epoch 165/200 loss 0.0087 train 0.9999 test 0.6225
epoch 166/200 loss 0.0081 train 1.0000 test 0.6259
epoch 167/200 loss 0.0082 train 0.9998 test 0.6259
epoch 168/200 loss 0.0080 train 0.9999 test 0.6239
epoch 169/200 loss 0.0078 train 1.0000 test 0.6249
epoch 170/200 loss 0.0080 train 0.9999 test 0.6228
epoch 171/200 loss 0.0077 train 1.0000 test 0.6251
epoch 172/200 loss 0.0078 train 1.0000 test 0.6246
epoch 173/200 loss 0.0075 train 1.0000 test 0.6250
epoch 174/200 loss 0.0076 train 1.0000 test 0.6244
epoch 175/200 loss 0.0074 train 1.0000 test 0.6245
epoch 176/200 loss 0.0073 train 0.9999 test 0.6266
epoch 177/200 loss 0.0075 train 1.0000 test 0.6256
epoch 178/200 loss 0.0073 train 1.0000 test 0.6234
epoch 179/200 loss 0.0075 train 1.0000 test 0.6247
epoch 180/200 loss 0.0072 train 1.0000 test 0.6235
epoch 181/200 loss 0.0074 train 1.0000 test 0.6252
epoch 182/200 loss 0.0074 train 1.0000 test 0.6261
epoch 183/200 loss 0.0070 train 1.0000 test 0.6257
epoch 184/200 loss 0.0071 train 1.0000 test 0.6254
epoch 185/200 loss 0.0071 train 0.9999 test 0.6257
epoch 186/200 loss 0.0071 train 0.9998 test 0.6243
epoch 187/200 loss 0.0069 train 1.0000 test 0.6258
epoch 188/200 loss 0.0069 train 1.0000 test 0.6257
epoch 189/200 loss 0.0068 train 1.0000 test 0.6258
epoch 190/200 loss 0.0068 train 1.0000 test 0.6244
epoch 191/200 loss 0.0069 train 1.0000 test 0.6263
epoch 192/200 loss 0.0067 train 1.0000 test 0.6263
epoch 193/200 loss 0.0066 train 1.0000 test 0.6243
epoch 194/200 loss 0.0068 train 1.0000 test 0.6256
epoch 195/200 loss 0.0068 train 1.0000 test 0.6263
epoch 196/200 loss 0.0068 train 1.0000 test 0.6251
epoch 197/200 loss 0.0067 train 0.9999 test 0.6247
epoch 198/200 loss 0.0068 train 1.0000 test 0.6248
epoch 199/200 loss 0.0066 train 1.0000 test 0.6247
epoch 200/200 loss 0.0067 train 1.0000 test 0.6241
done: final 0.6241 best 0.6268 -> ./runs/auxmag_25pct_sched03/seed2
AUXLH_auxmag_25pct_sched03_DONE
moment-aux target calibrated on 1024 images
[auxmag_100pct_l05 seed0] {"params_trainable": 11222188, "params_stem_trainable": 0, "params_stem_fixed_filters": 0, "flops_total": 556705792, "flops_stem": 0, "flops_image_size": 32}
epoch 1/200 loss 3.9295 train 0.1039 test 0.1584
epoch 2/200 loss 3.2351 train 0.2095 test 0.2466
epoch 3/200 loss 2.7126 train 0.3012 test 0.3159
epoch 4/200 loss 2.3108 train 0.3888 test 0.3761
epoch 5/200 loss 2.0441 train 0.4475 test 0.4236
epoch 6/200 loss 1.8607 train 0.4896 test 0.4172
epoch 7/200 loss 1.7264 train 0.5189 test 0.4842
epoch 8/200 loss 1.6393 train 0.5437 test 0.4836
epoch 9/200 loss 1.5532 train 0.5657 test 0.4887
epoch 10/200 loss 1.4989 train 0.5780 test 0.4754
epoch 11/200 loss 1.4402 train 0.5927 test 0.5161
epoch 12/200 loss 1.4028 train 0.6046 test 0.5381
epoch 13/200 loss 1.3569 train 0.6132 test 0.5339
epoch 14/200 loss 1.3270 train 0.6222 test 0.5052
epoch 15/200 loss 1.2944 train 0.6321 test 0.5060
epoch 16/200 loss 1.2669 train 0.6367 test 0.5639
epoch 17/200 loss 1.2543 train 0.6396 test 0.5469
epoch 18/200 loss 1.2265 train 0.6468 test 0.5623
epoch 19/200 loss 1.2070 train 0.6537 test 0.5674
epoch 20/200 loss 1.1964 train 0.6561 test 0.5826
epoch 21/200 loss 1.1723 train 0.6624 test 0.5591
epoch 22/200 loss 1.1595 train 0.6674 test 0.5503
epoch 23/200 loss 1.1491 train 0.6699 test 0.5845
epoch 24/200 loss 1.1356 train 0.6720 test 0.5918
epoch 25/200 loss 1.1255 train 0.6749 test 0.5661
epoch 26/200 loss 1.1159 train 0.6777 test 0.6005
epoch 27/200 loss 1.1140 train 0.6783 test 0.5646
epoch 28/200 loss 1.0972 train 0.6814 test 0.5614
epoch 29/200 loss 1.0767 train 0.6898 test 0.5551
epoch 30/200 loss 1.0789 train 0.6893 test 0.5721
epoch 31/200 loss 1.0702 train 0.6925 test 0.5883
epoch 32/200 loss 1.0536 train 0.6947 test 0.5773
epoch 33/200 loss 1.0585 train 0.6912 test 0.5611
epoch 34/200 loss 1.0497 train 0.6947 test 0.5921
epoch 35/200 loss 1.0322 train 0.6998 test 0.5743
epoch 36/200 loss 1.0275 train 0.7016 test 0.5843
epoch 37/200 loss 1.0220 train 0.7040 test 0.5957
epoch 38/200 loss 1.0183 train 0.7063 test 0.5335
epoch 39/200 loss 1.0053 train 0.7064 test 0.5880
epoch 40/200 loss 1.0096 train 0.7071 test 0.5313
epoch 41/200 loss 0.9963 train 0.7107 test 0.5949
epoch 42/200 loss 0.9895 train 0.7133 test 0.6044
epoch 43/200 loss 0.9908 train 0.7132 test 0.5570
epoch 44/200 loss 0.9773 train 0.7129 test 0.5796
epoch 45/200 loss 0.9659 train 0.7181 test 0.5880
epoch 46/200 loss 0.9657 train 0.7190 test 0.6006
epoch 47/200 loss 0.9634 train 0.7179 test 0.5752
epoch 48/200 loss 0.9513 train 0.7222 test 0.5751
epoch 49/200 loss 0.9542 train 0.7212 test 0.6072
epoch 50/200 loss 0.9391 train 0.7258 test 0.5779
epoch 51/200 loss 0.9202 train 0.7313 test 0.5759
epoch 52/200 loss 0.9340 train 0.7266 test 0.6093
epoch 53/200 loss 0.9153 train 0.7329 test 0.6170
epoch 54/200 loss 0.9133 train 0.7327 test 0.5667
epoch 55/200 loss 0.9049 train 0.7347 test 0.5897
epoch 56/200 loss 0.9068 train 0.7336 test 0.6097
epoch 57/200 loss 0.8889 train 0.7380 test 0.6227
epoch 58/200 loss 0.8827 train 0.7417 test 0.5897
epoch 59/200 loss 0.8791 train 0.7427 test 0.6063
epoch 60/200 loss 0.8632 train 0.7447 test 0.6213
epoch 61/200 loss 0.8564 train 0.7470 test 0.6230
epoch 62/200 loss 0.8584 train 0.7479 test 0.6369
epoch 63/200 loss 0.8489 train 0.7490 test 0.6222
epoch 64/200 loss 0.8390 train 0.7513 test 0.5827
epoch 65/200 loss 0.8300 train 0.7552 test 0.6270
epoch 66/200 loss 0.8276 train 0.7563 test 0.5670
epoch 67/200 loss 0.8178 train 0.7584 test 0.6276
epoch 68/200 loss 0.8064 train 0.7615 test 0.6070
epoch 69/200 loss 0.8057 train 0.7611 test 0.5919
epoch 70/200 loss 0.7958 train 0.7656 test 0.5934
epoch 71/200 loss 0.7993 train 0.7622 test 0.6230
epoch 72/200 loss 0.7870 train 0.7682 test 0.6024
epoch 73/200 loss 0.7710 train 0.7732 test 0.6018
epoch 74/200 loss 0.7755 train 0.7695 test 0.6305
epoch 75/200 loss 0.7482 train 0.7780 test 0.6080
epoch 76/200 loss 0.7471 train 0.7796 test 0.6208
epoch 77/200 loss 0.7358 train 0.7784 test 0.5873
epoch 78/200 loss 0.7360 train 0.7822 test 0.6325
epoch 79/200 loss 0.7185 train 0.7862 test 0.6339
epoch 80/200 loss 0.7154 train 0.7859 test 0.6243
epoch 81/200 loss 0.7211 train 0.7847 test 0.6132
epoch 82/200 loss 0.6978 train 0.7908 test 0.6395
epoch 83/200 loss 0.6911 train 0.7953 test 0.6222
epoch 84/200 loss 0.6871 train 0.7925 test 0.6232
epoch 85/200 loss 0.6677 train 0.8001 test 0.6433
epoch 86/200 loss 0.6562 train 0.8045 test 0.6080
epoch 87/200 loss 0.6644 train 0.8015 test 0.6032
epoch 88/200 loss 0.6464 train 0.8069 test 0.6414
epoch 89/200 loss 0.6447 train 0.8055 test 0.6441
epoch 90/200 loss 0.6329 train 0.8085 test 0.6267
epoch 91/200 loss 0.6281 train 0.8102 test 0.6537
epoch 92/200 loss 0.6051 train 0.8182 test 0.6418
epoch 93/200 loss 0.6070 train 0.8188 test 0.6237
epoch 94/200 loss 0.5926 train 0.8220 test 0.6213
epoch 95/200 loss 0.5756 train 0.8267 test 0.6179
epoch 96/200 loss 0.5773 train 0.8262 test 0.6395
epoch 97/200 loss 0.5575 train 0.8306 test 0.6430
epoch 98/200 loss 0.5530 train 0.8329 test 0.6344
epoch 99/200 loss 0.5465 train 0.8357 test 0.6366
epoch 100/200 loss 0.5285 train 0.8391 test 0.6385
epoch 101/200 loss 0.5240 train 0.8430 test 0.6386
epoch 102/200 loss 0.5063 train 0.8480 test 0.6570
epoch 103/200 loss 0.5143 train 0.8451 test 0.6348
epoch 104/200 loss 0.4938 train 0.8510 test 0.6597
epoch 105/200 loss 0.4856 train 0.8534 test 0.6533
epoch 106/200 loss 0.4683 train 0.8594 test 0.6349
epoch 107/200 loss 0.4623 train 0.8599 test 0.6292
epoch 108/200 loss 0.4541 train 0.8632 test 0.6554
epoch 109/200 loss 0.4411 train 0.8670 test 0.6570
epoch 110/200 loss 0.4367 train 0.8683 test 0.6436
epoch 111/200 loss 0.4163 train 0.8756 test 0.6678
epoch 112/200 loss 0.4175 train 0.8752 test 0.6466
epoch 113/200 loss 0.4020 train 0.8787 test 0.6602
epoch 114/200 loss 0.4027 train 0.8785 test 0.6466
epoch 115/200 loss 0.3829 train 0.8854 test 0.6482
epoch 116/200 loss 0.3765 train 0.8879 test 0.6509
epoch 117/200 loss 0.3638 train 0.8922 test 0.6320
epoch 118/200 loss 0.3554 train 0.8929 test 0.6545
epoch 119/200 loss 0.3358 train 0.8995 test 0.6785
epoch 120/200 loss 0.3455 train 0.8987 test 0.6793
epoch 121/200 loss 0.3254 train 0.9032 test 0.6691
epoch 122/200 loss 0.3126 train 0.9067 test 0.6689
epoch 123/200 loss 0.2936 train 0.9133 test 0.6737
epoch 124/200 loss 0.2999 train 0.9112 test 0.6723
epoch 125/200 loss 0.2852 train 0.9169 test 0.6841
epoch 126/200 loss 0.2662 train 0.9224 test 0.6847
epoch 127/200 loss 0.2603 train 0.9239 test 0.6843
epoch 128/200 loss 0.2488 train 0.9289 test 0.6931
epoch 129/200 loss 0.2429 train 0.9293 test 0.6857
epoch 130/200 loss 0.2347 train 0.9318 test 0.6854
epoch 131/200 loss 0.2268 train 0.9347 test 0.6810
epoch 132/200 loss 0.2079 train 0.9416 test 0.6859
epoch 133/200 loss 0.1996 train 0.9439 test 0.6832
epoch 134/200 loss 0.1987 train 0.9435 test 0.6846
epoch 135/200 loss 0.1826 train 0.9505 test 0.6853
epoch 136/200 loss 0.1872 train 0.9486 test 0.7049
epoch 137/200 loss 0.1719 train 0.9526 test 0.6981
epoch 138/200 loss 0.1612 train 0.9568 test 0.7058
epoch 139/200 loss 0.1416 train 0.9634 test 0.6902
epoch 140/200 loss 0.1449 train 0.9625 test 0.6935
epoch 141/200 loss 0.1371 train 0.9648 test 0.7082
epoch 142/200 loss 0.1256 train 0.9686 test 0.7077
epoch 143/200 loss 0.1218 train 0.9693 test 0.7002
epoch 144/200 loss 0.1122 train 0.9728 test 0.7168
epoch 145/200 loss 0.0978 train 0.9777 test 0.7115
epoch 146/200 loss 0.0855 train 0.9817 test 0.7253
epoch 147/200 loss 0.0753 train 0.9845 test 0.7333
epoch 148/200 loss 0.0683 train 0.9870 test 0.7374
epoch 149/200 loss 0.0623 train 0.9890 test 0.7331
epoch 150/200 loss 0.0544 train 0.9906 test 0.7442
epoch 151/200 loss 0.0460 train 0.9932 test 0.7400
epoch 152/200 loss 0.0467 train 0.9930 test 0.7415
epoch 153/200 loss 0.0370 train 0.9955 test 0.7480
epoch 154/200 loss 0.0307 train 0.9968 test 0.7537
epoch 155/200 loss 0.0283 train 0.9974 test 0.7601
epoch 156/200 loss 0.0277 train 0.9974 test 0.7635
epoch 157/200 loss 0.0263 train 0.9975 test 0.7579
epoch 158/200 loss 0.0229 train 0.9984 test 0.7671
epoch 159/200 loss 0.0210 train 0.9985 test 0.7644
epoch 160/200 loss 0.0202 train 0.9988 test 0.7697
epoch 161/200 loss 0.0189 train 0.9990 test 0.7700
epoch 162/200 loss 0.0177 train 0.9992 test 0.7741
epoch 163/200 loss 0.0164 train 0.9994 test 0.7744
epoch 164/200 loss 0.0164 train 0.9993 test 0.7740
epoch 165/200 loss 0.0163 train 0.9992 test 0.7776
epoch 166/200 loss 0.0156 train 0.9994 test 0.7773
epoch 167/200 loss 0.0151 train 0.9995 test 0.7787
epoch 168/200 loss 0.0153 train 0.9994 test 0.7739
epoch 169/200 loss 0.0154 train 0.9995 test 0.7810
epoch 170/200 loss 0.0149 train 0.9994 test 0.7776
epoch 171/200 loss 0.0147 train 0.9995 test 0.7809
epoch 172/200 loss 0.0146 train 0.9994 test 0.7782
epoch 173/200 loss 0.0145 train 0.9996 test 0.7813
epoch 174/200 loss 0.0140 train 0.9996 test 0.7817
epoch 175/200 loss 0.0140 train 0.9996 test 0.7817
epoch 176/200 loss 0.0135 train 0.9996 test 0.7811
epoch 177/200 loss 0.0137 train 0.9996 test 0.7833
epoch 178/200 loss 0.0136 train 0.9997 test 0.7810
epoch 179/200 loss 0.0133 train 0.9997 test 0.7821
epoch 180/200 loss 0.0133 train 0.9997 test 0.7821
epoch 181/200 loss 0.0132 train 0.9996 test 0.7832
epoch 182/200 loss 0.0129 train 0.9997 test 0.7830
epoch 183/200 loss 0.0131 train 0.9997 test 0.7842
epoch 184/200 loss 0.0130 train 0.9998 test 0.7840
epoch 185/200 loss 0.0130 train 0.9996 test 0.7846
epoch 186/200 loss 0.0129 train 0.9997 test 0.7837
epoch 187/200 loss 0.0130 train 0.9997 test 0.7830
epoch 188/200 loss 0.0128 train 0.9997 test 0.7852
epoch 189/200 loss 0.0130 train 0.9998 test 0.7836
epoch 190/200 loss 0.0126 train 0.9997 test 0.7841
epoch 191/200 loss 0.0126 train 0.9997 test 0.7840
epoch 192/200 loss 0.0126 train 0.9997 test 0.7861
epoch 193/200 loss 0.0127 train 0.9997 test 0.7872
epoch 194/200 loss 0.0128 train 0.9998 test 0.7846
epoch 195/200 loss 0.0124 train 0.9998 test 0.7840
epoch 196/200 loss 0.0125 train 0.9997 test 0.7846
epoch 197/200 loss 0.0126 train 0.9997 test 0.7849
epoch 198/200 loss 0.0123 train 0.9998 test 0.7835
epoch 199/200 loss 0.0124 train 0.9998 test 0.7853
epoch 200/200 loss 0.0125 train 0.9997 test 0.7856
done: final 0.7856 best 0.7872 -> ./runs/auxmag_100pct_l05/seed0
moment-aux target calibrated on 1024 images
[auxmag_100pct_l05 seed1] {"params_trainable": 11222188, "params_stem_trainable": 0, "params_stem_fixed_filters": 0, "flops_total": 556705792, "flops_stem": 0, "flops_image_size": 32}
epoch 1/200 loss 3.9294 train 0.1021 test 0.1452
epoch 2/200 loss 3.2442 train 0.2059 test 0.2542
epoch 3/200 loss 2.6913 train 0.3070 test 0.3075
epoch 4/200 loss 2.2913 train 0.3899 test 0.3921
epoch 5/200 loss 2.0391 train 0.4445 test 0.3445
epoch 6/200 loss 1.8505 train 0.4897 test 0.4161
epoch 7/200 loss 1.7209 train 0.5202 test 0.4797
epoch 8/200 loss 1.6253 train 0.5431 test 0.5136
epoch 9/200 loss 1.5447 train 0.5680 test 0.5160
epoch 10/200 loss 1.4793 train 0.5825 test 0.5059
epoch 11/200 loss 1.4411 train 0.5927 test 0.4886
epoch 12/200 loss 1.3893 train 0.6047 test 0.4814
epoch 13/200 loss 1.3539 train 0.6136 test 0.5441
epoch 14/200 loss 1.3171 train 0.6252 test 0.5343
epoch 15/200 loss 1.2954 train 0.6283 test 0.5580
epoch 16/200 loss 1.2563 train 0.6408 test 0.5426
epoch 17/200 loss 1.2476 train 0.6421 test 0.5473
epoch 18/200 loss 1.2179 train 0.6517 test 0.5549
epoch 19/200 loss 1.2019 train 0.6547 test 0.5111
epoch 20/200 loss 1.1919 train 0.6576 test 0.5811
epoch 21/200 loss 1.1748 train 0.6619 test 0.5535
epoch 22/200 loss 1.1537 train 0.6668 test 0.5631
epoch 23/200 loss 1.1498 train 0.6688 test 0.5676
epoch 24/200 loss 1.1395 train 0.6705 test 0.5673
epoch 25/200 loss 1.1177 train 0.6770 test 0.5335
epoch 26/200 loss 1.1160 train 0.6777 test 0.5700
epoch 27/200 loss 1.1035 train 0.6812 test 0.5802
epoch 28/200 loss 1.0878 train 0.6866 test 0.5865
epoch 29/200 loss 1.0866 train 0.6851 test 0.5637
epoch 30/200 loss 1.0682 train 0.6923 test 0.5740
epoch 31/200 loss 1.0770 train 0.6869 test 0.5899
epoch 32/200 loss 1.0553 train 0.6933 test 0.6007
epoch 33/200 loss 1.0558 train 0.6927 test 0.5872
epoch 34/200 loss 1.0387 train 0.7002 test 0.5735
epoch 35/200 loss 1.0317 train 0.7028 test 0.5821
epoch 36/200 loss 1.0324 train 0.7011 test 0.5756
epoch 37/200 loss 1.0287 train 0.7018 test 0.6101
epoch 38/200 loss 1.0113 train 0.7050 test 0.5738
epoch 39/200 loss 1.0025 train 0.7082 test 0.6024
epoch 40/200 loss 1.0003 train 0.7109 test 0.5597
epoch 41/200 loss 0.9944 train 0.7134 test 0.5650
epoch 42/200 loss 0.9791 train 0.7167 test 0.6034
epoch 43/200 loss 0.9854 train 0.7127 test 0.5864
epoch 44/200 loss 0.9817 train 0.7136 test 0.5794
epoch 45/200 loss 0.9640 train 0.7198 test 0.5902
epoch 46/200 loss 0.9637 train 0.7187 test 0.5845
epoch 47/200 loss 0.9550 train 0.7199 test 0.6080
epoch 48/200 loss 0.9539 train 0.7220 test 0.6057
epoch 49/200 loss 0.9378 train 0.7258 test 0.6068
epoch 50/200 loss 0.9384 train 0.7241 test 0.5845
epoch 51/200 loss 0.9272 train 0.7275 test 0.6056
epoch 52/200 loss 0.9129 train 0.7333 test 0.5787
epoch 53/200 loss 0.9137 train 0.7328 test 0.5996
epoch 54/200 loss 0.9063 train 0.7353 test 0.5920
epoch 55/200 loss 0.9050 train 0.7362 test 0.5987
epoch 56/200 loss 0.8896 train 0.7392 test 0.6006
epoch 57/200 loss 0.8947 train 0.7373 test 0.6323
epoch 58/200 loss 0.8726 train 0.7429 test 0.6085
epoch 59/200 loss 0.8740 train 0.7432 test 0.6256
epoch 60/200 loss 0.8711 train 0.7442 test 0.6085
epoch 61/200 loss 0.8643 train 0.7444 test 0.6069
epoch 62/200 loss 0.8578 train 0.7462 test 0.6320
epoch 63/200 loss 0.8461 train 0.7513 test 0.5933
epoch 64/200 loss 0.8372 train 0.7507 test 0.6041
epoch 65/200 loss 0.8292 train 0.7551 test 0.5785
epoch 66/200 loss 0.8208 train 0.7586 test 0.6106
epoch 67/200 loss 0.8218 train 0.7571 test 0.5416
epoch 68/200 loss 0.8052 train 0.7627 test 0.5899
epoch 69/200 loss 0.8091 train 0.7600 test 0.6022
epoch 70/200 loss 0.8015 train 0.7622 test 0.6201
epoch 71/200 loss 0.7928 train 0.7655 test 0.6002
epoch 72/200 loss 0.7848 train 0.7659 test 0.6041
epoch 73/200 loss 0.7692 train 0.7721 test 0.6302
epoch 74/200 loss 0.7573 train 0.7750 test 0.5997
epoch 75/200 loss 0.7609 train 0.7729 test 0.6019
epoch 76/200 loss 0.7441 train 0.7795 test 0.6297
epoch 77/200 loss 0.7427 train 0.7788 test 0.6325
epoch 78/200 loss 0.7375 train 0.7817 test 0.6280
epoch 79/200 loss 0.7241 train 0.7829 test 0.6218
epoch 80/200 loss 0.7165 train 0.7877 test 0.6248
epoch 81/200 loss 0.6970 train 0.7900 test 0.5935
epoch 82/200 loss 0.7143 train 0.7865 test 0.6383
epoch 83/200 loss 0.6843 train 0.7947 test 0.6459
epoch 84/200 loss 0.6872 train 0.7927 test 0.6297
epoch 85/200 loss 0.6771 train 0.7982 test 0.6087
epoch 86/200 loss 0.6579 train 0.8032 test 0.6344
epoch 87/200 loss 0.6575 train 0.8026 test 0.6137
epoch 88/200 loss 0.6415 train 0.8082 test 0.6518
epoch 89/200 loss 0.6449 train 0.8064 test 0.6574
epoch 90/200 loss 0.6260 train 0.8107 test 0.6317
epoch 91/200 loss 0.6166 train 0.8151 test 0.6582
epoch 92/200 loss 0.6087 train 0.8168 test 0.6428
epoch 93/200 loss 0.6000 train 0.8200 test 0.6123
epoch 94/200 loss 0.5935 train 0.8220 test 0.6482
epoch 95/200 loss 0.5765 train 0.8259 test 0.6506
epoch 96/200 loss 0.5761 train 0.8262 test 0.6512
epoch 97/200 loss 0.5705 train 0.8280 test 0.6503
epoch 98/200 loss 0.5411 train 0.8389 test 0.6460
epoch 99/200 loss 0.5461 train 0.8332 test 0.6354
epoch 100/200 loss 0.5431 train 0.8365 test 0.6535
epoch 101/200 loss 0.5278 train 0.8428 test 0.6527
epoch 102/200 loss 0.5167 train 0.8429 test 0.6631
epoch 103/200 loss 0.5074 train 0.8462 test 0.6563
epoch 104/200 loss 0.4951 train 0.8500 test 0.6647
epoch 105/200 loss 0.4848 train 0.8540 test 0.6557
epoch 106/200 loss 0.4712 train 0.8577 test 0.6199
epoch 107/200 loss 0.4750 train 0.8564 test 0.6599
epoch 108/200 loss 0.4491 train 0.8651 test 0.6636
epoch 109/200 loss 0.4311 train 0.8703 test 0.6705
epoch 110/200 loss 0.4409 train 0.8684 test 0.6450
epoch 111/200 loss 0.4335 train 0.8686 test 0.6272
epoch 112/200 loss 0.4155 train 0.8749 test 0.6434
epoch 113/200 loss 0.4094 train 0.8766 test 0.6538
epoch 114/200 loss 0.3756 train 0.8862 test 0.6797
epoch 115/200 loss 0.3763 train 0.8876 test 0.6559
epoch 116/200 loss 0.3734 train 0.8880 test 0.6677
epoch 117/200 loss 0.3565 train 0.8926 test 0.6657
epoch 118/200 loss 0.3565 train 0.8935 test 0.6712
epoch 119/200 loss 0.3458 train 0.8965 test 0.6668
epoch 120/200 loss 0.3373 train 0.8987 test 0.6593
epoch 121/200 loss 0.3380 train 0.8998 test 0.6764
epoch 122/200 loss 0.3133 train 0.9074 test 0.6723
epoch 123/200 loss 0.3013 train 0.9100 test 0.6749
epoch 124/200 loss 0.2873 train 0.9149 test 0.6817
epoch 125/200 loss 0.2729 train 0.9210 test 0.6736
epoch 126/200 loss 0.2755 train 0.9197 test 0.6702
epoch 127/200 loss 0.2675 train 0.9221 test 0.6731
epoch 128/200 loss 0.2463 train 0.9288 test 0.6700
epoch 129/200 loss 0.2433 train 0.9296 test 0.6809
epoch 130/200 loss 0.2306 train 0.9342 test 0.7019
epoch 131/200 loss 0.2295 train 0.9330 test 0.6767
epoch 132/200 loss 0.2240 train 0.9362 test 0.6896
epoch 133/200 loss 0.2039 train 0.9436 test 0.6977
epoch 134/200 loss 0.1881 train 0.9484 test 0.6825
epoch 135/200 loss 0.1932 train 0.9457 test 0.7025
epoch 136/200 loss 0.1863 train 0.9480 test 0.6945
epoch 137/200 loss 0.1716 train 0.9533 test 0.7112
epoch 138/200 loss 0.1541 train 0.9591 test 0.6921
epoch 139/200 loss 0.1472 train 0.9607 test 0.7047
epoch 140/200 loss 0.1345 train 0.9663 test 0.7124
epoch 141/200 loss 0.1301 train 0.9670 test 0.7110
epoch 142/200 loss 0.1244 train 0.9688 test 0.7078
epoch 143/200 loss 0.1129 train 0.9731 test 0.7206
epoch 144/200 loss 0.1137 train 0.9723 test 0.7214
epoch 145/200 loss 0.1059 train 0.9745 test 0.7205
epoch 146/200 loss 0.0972 train 0.9779 test 0.7281
epoch 147/200 loss 0.0817 train 0.9826 test 0.7354
epoch 148/200 loss 0.0730 train 0.9855 test 0.7277
epoch 149/200 loss 0.0658 train 0.9880 test 0.7329
epoch 150/200 loss 0.0598 train 0.9886 test 0.7346
epoch 151/200 loss 0.0547 train 0.9901 test 0.7346
epoch 152/200 loss 0.0448 train 0.9934 test 0.7517
epoch 153/200 loss 0.0401 train 0.9948 test 0.7527
epoch 154/200 loss 0.0392 train 0.9947 test 0.7511
epoch 155/200 loss 0.0347 train 0.9962 test 0.7554
epoch 156/200 loss 0.0288 train 0.9972 test 0.7599
epoch 157/200 loss 0.0292 train 0.9971 test 0.7619
epoch 158/200 loss 0.0248 train 0.9979 test 0.7655
epoch 159/200 loss 0.0212 train 0.9987 test 0.7735
epoch 160/200 loss 0.0194 train 0.9988 test 0.7692
epoch 161/200 loss 0.0190 train 0.9989 test 0.7718
epoch 162/200 loss 0.0174 train 0.9991 test 0.7773
epoch 163/200 loss 0.0164 train 0.9993 test 0.7796
epoch 164/200 loss 0.0166 train 0.9993 test 0.7804
epoch 165/200 loss 0.0158 train 0.9995 test 0.7775
epoch 166/200 loss 0.0161 train 0.9995 test 0.7812
epoch 167/200 loss 0.0157 train 0.9993 test 0.7811
epoch 168/200 loss 0.0151 train 0.9995 test 0.7804
epoch 169/200 loss 0.0149 train 0.9996 test 0.7824
epoch 170/200 loss 0.0147 train 0.9995 test 0.7810
epoch 171/200 loss 0.0143 train 0.9996 test 0.7810
epoch 172/200 loss 0.0143 train 0.9996 test 0.7846
epoch 173/200 loss 0.0142 train 0.9996 test 0.7836
epoch 174/200 loss 0.0144 train 0.9996 test 0.7832
epoch 175/200 loss 0.0145 train 0.9994 test 0.7825
epoch 176/200 loss 0.0142 train 0.9996 test 0.7829
epoch 177/200 loss 0.0136 train 0.9997 test 0.7846
epoch 178/200 loss 0.0138 train 0.9996 test 0.7836
epoch 179/200 loss 0.0138 train 0.9996 test 0.7841
epoch 180/200 loss 0.0135 train 0.9996 test 0.7860
epoch 181/200 loss 0.0134 train 0.9996 test 0.7849
epoch 182/200 loss 0.0132 train 0.9997 test 0.7829
epoch 183/200 loss 0.0133 train 0.9997 test 0.7860
epoch 184/200 loss 0.0134 train 0.9997 test 0.7862
epoch 185/200 loss 0.0133 train 0.9997 test 0.7856
epoch 186/200 loss 0.0128 train 0.9997 test 0.7838
epoch 187/200 loss 0.0132 train 0.9997 test 0.7857
epoch 188/200 loss 0.0129 train 0.9997 test 0.7854
epoch 189/200 loss 0.0129 train 0.9998 test 0.7864
epoch 190/200 loss 0.0129 train 0.9998 test 0.7871
epoch 191/200 loss 0.0129 train 0.9998 test 0.7856
epoch 192/200 loss 0.0131 train 0.9996 test 0.7853
epoch 193/200 loss 0.0128 train 0.9997 test 0.7860
epoch 194/200 loss 0.0129 train 0.9997 test 0.7869
epoch 195/200 loss 0.0126 train 0.9998 test 0.7862
epoch 196/200 loss 0.0125 train 0.9998 test 0.7863
epoch 197/200 loss 0.0128 train 0.9997 test 0.7850
epoch 198/200 loss 0.0126 train 0.9998 test 0.7851
epoch 199/200 loss 0.0127 train 0.9998 test 0.7850
epoch 200/200 loss 0.0128 train 0.9997 test 0.7847
done: final 0.7847 best 0.7871 -> ./runs/auxmag_100pct_l05/seed1
moment-aux target calibrated on 1024 images
[auxmag_100pct_l05 seed2] {"params_trainable": 11222188, "params_stem_trainable": 0, "params_stem_fixed_filters": 0, "flops_total": 556705792, "flops_stem": 0, "flops_image_size": 32}
epoch 1/200 loss 3.9159 train 0.1026 test 0.1525
epoch 2/200 loss 3.2075 train 0.2122 test 0.2229
epoch 3/200 loss 2.7108 train 0.3031 test 0.2854
epoch 4/200 loss 2.3223 train 0.3831 test 0.3642
epoch 5/200 loss 2.0530 train 0.4414 test 0.4438
epoch 6/200 loss 1.8650 train 0.4873 test 0.4574
epoch 7/200 loss 1.7265 train 0.5215 test 0.4728
epoch 8/200 loss 1.6213 train 0.5477 test 0.4340
epoch 9/200 loss 1.5463 train 0.5668 test 0.5001
epoch 10/200 loss 1.4869 train 0.5829 test 0.5007
epoch 11/200 loss 1.4351 train 0.5949 test 0.4779
epoch 12/200 loss 1.3888 train 0.6078 test 0.5343
epoch 13/200 loss 1.3450 train 0.6164 test 0.5088
epoch 14/200 loss 1.3190 train 0.6244 test 0.5418
epoch 15/200 loss 1.2962 train 0.6292 test 0.5024
epoch 16/200 loss 1.2602 train 0.6387 test 0.5399
epoch 17/200 loss 1.2483 train 0.6421 test 0.5186
epoch 18/200 loss 1.2281 train 0.6485 test 0.5617
epoch 19/200 loss 1.2119 train 0.6533 test 0.5712
epoch 20/200 loss 1.1929 train 0.6585 test 0.5218
epoch 21/200 loss 1.1786 train 0.6617 test 0.5493
epoch 22/200 loss 1.1620 train 0.6683 test 0.5197
epoch 23/200 loss 1.1515 train 0.6681 test 0.5662
epoch 24/200 loss 1.1338 train 0.6730 test 0.5503
epoch 25/200 loss 1.1270 train 0.6743 test 0.5550
epoch 26/200 loss 1.1142 train 0.6779 test 0.5589
epoch 27/200 loss 1.1105 train 0.6782 test 0.5594
epoch 28/200 loss 1.1014 train 0.6823 test 0.5576
epoch 29/200 loss 1.0843 train 0.6860 test 0.5765
epoch 30/200 loss 1.0733 train 0.6901 test 0.5709
epoch 31/200 loss 1.0664 train 0.6914 test 0.5265
epoch 32/200 loss 1.0628 train 0.6927 test 0.5845
epoch 33/200 loss 1.0520 train 0.6944 test 0.5949
epoch 34/200 loss 1.0564 train 0.6911 test 0.5882
epoch 35/200 loss 1.0406 train 0.6989 test 0.5735
epoch 36/200 loss 1.0372 train 0.6996 test 0.5897
epoch 37/200 loss 1.0191 train 0.7062 test 0.5723
epoch 38/200 loss 1.0273 train 0.7012 test 0.5515
epoch 39/200 loss 1.0117 train 0.7067 test 0.5847
epoch 40/200 loss 1.0034 train 0.7070 test 0.5972
epoch 41/200 loss 0.9984 train 0.7096 test 0.5751
epoch 42/200 loss 0.9903 train 0.7130 test 0.5909
epoch 43/200 loss 0.9853 train 0.7143 test 0.5937
epoch 44/200 loss 0.9916 train 0.7116 test 0.5924
epoch 45/200 loss 0.9707 train 0.7172 test 0.6042
epoch 46/200 loss 0.9583 train 0.7191 test 0.6098
epoch 47/200 loss 0.9703 train 0.7173 test 0.5626
epoch 48/200 loss 0.9519 train 0.7211 test 0.6074
epoch 49/200 loss 0.9503 train 0.7220 test 0.6062
epoch 50/200 loss 0.9421 train 0.7241 test 0.5859
epoch 51/200 loss 0.9400 train 0.7232 test 0.5907
epoch 52/200 loss 0.9345 train 0.7250 test 0.6141
epoch 53/200 loss 0.9158 train 0.7310 test 0.5711
epoch 54/200 loss 0.9178 train 0.7317 test 0.6161
epoch 55/200 loss 0.9056 train 0.7363 test 0.5530
epoch 56/200 loss 0.9036 train 0.7330 test 0.5780
epoch 57/200 loss 0.8905 train 0.7415 test 0.6036
epoch 58/200 loss 0.8908 train 0.7377 test 0.6139
epoch 59/200 loss 0.8752 train 0.7413 test 0.5454
epoch 60/200 loss 0.8708 train 0.7429 test 0.6098
epoch 61/200 loss 0.8693 train 0.7441 test 0.5942
epoch 62/200 loss 0.8631 train 0.7473 test 0.6008
epoch 63/200 loss 0.8455 train 0.7519 test 0.5938
epoch 64/200 loss 0.8613 train 0.7466 test 0.6138
epoch 65/200 loss 0.8409 train 0.7529 test 0.6240
epoch 66/200 loss 0.8272 train 0.7565 test 0.6011
epoch 67/200 loss 0.8269 train 0.7568 test 0.6021
epoch 68/200 loss 0.8115 train 0.7593 test 0.6257
epoch 69/200 loss 0.8121 train 0.7603 test 0.6003
epoch 70/200 loss 0.8011 train 0.7640 test 0.6139
epoch 71/200 loss 0.7905 train 0.7651 test 0.6260
epoch 72/200 loss 0.7825 train 0.7685 test 0.6227
epoch 73/200 loss 0.7704 train 0.7716 test 0.5741
epoch 74/200 loss 0.7665 train 0.7730 test 0.6000
epoch 75/200 loss 0.7582 train 0.7752 test 0.6287
epoch 76/200 loss 0.7592 train 0.7742 test 0.6186
epoch 77/200 loss 0.7465 train 0.7787 test 0.6158
epoch 78/200 loss 0.7348 train 0.7814 test 0.6317
epoch 79/200 loss 0.7193 train 0.7860 test 0.6205
epoch 80/200 loss 0.7303 train 0.7852 test 0.6275
epoch 81/200 loss 0.7065 train 0.7899 test 0.6266
epoch 82/200 loss 0.7038 train 0.7885 test 0.5981
epoch 83/200 loss 0.6924 train 0.7923 test 0.6447
epoch 84/200 loss 0.6945 train 0.7917 test 0.6328
epoch 85/200 loss 0.6753 train 0.7978 test 0.6284
epoch 86/200 loss 0.6601 train 0.8031 test 0.6365
epoch 87/200 loss 0.6681 train 0.7992 test 0.6101
epoch 88/200 loss 0.6507 train 0.8040 test 0.6473
epoch 89/200 loss 0.6449 train 0.8052 test 0.6244
epoch 90/200 loss 0.6350 train 0.8096 test 0.6470
epoch 91/200 loss 0.6372 train 0.8076 test 0.6511
epoch 92/200 loss 0.6212 train 0.8143 test 0.6371
epoch 93/200 loss 0.5964 train 0.8198 test 0.6296
epoch 94/200 loss 0.5985 train 0.8197 test 0.6347
epoch 95/200 loss 0.5835 train 0.8235 test 0.6430
epoch 96/200 loss 0.5719 train 0.8273 test 0.6274
epoch 97/200 loss 0.5805 train 0.8252 test 0.6416
epoch 98/200 loss 0.5567 train 0.8331 test 0.6146
epoch 99/200 loss 0.5464 train 0.8340 test 0.6389
epoch 100/200 loss 0.5297 train 0.8380 test 0.6238
epoch 101/200 loss 0.5345 train 0.8385 test 0.6515
epoch 102/200 loss 0.5168 train 0.8430 test 0.6415
epoch 103/200 loss 0.5109 train 0.8452 test 0.6405
epoch 104/200 loss 0.4975 train 0.8511 test 0.6620
epoch 105/200 loss 0.4891 train 0.8536 test 0.6389
epoch 106/200 loss 0.4805 train 0.8548 test 0.6676
epoch 107/200 loss 0.4650 train 0.8594 test 0.6446
epoch 108/200 loss 0.4533 train 0.8631 test 0.6606
epoch 109/200 loss 0.4449 train 0.8665 test 0.6539
epoch 110/200 loss 0.4354 train 0.8681 test 0.6469
epoch 111/200 loss 0.4345 train 0.8682 test 0.6334
epoch 112/200 loss 0.4207 train 0.8728 test 0.6500
epoch 113/200 loss 0.4113 train 0.8769 test 0.6614
epoch 114/200 loss 0.3946 train 0.8806 test 0.6525
epoch 115/200 loss 0.3874 train 0.8836 test 0.6595
epoch 116/200 loss 0.3674 train 0.8891 test 0.6633
epoch 117/200 loss 0.3605 train 0.8930 test 0.6435
epoch 118/200 loss 0.3522 train 0.8958 test 0.6764
epoch 119/200 loss 0.3527 train 0.8945 test 0.6690
epoch 120/200 loss 0.3446 train 0.8973 test 0.6835
epoch 121/200 loss 0.3193 train 0.9041 test 0.6616
epoch 122/200 loss 0.3194 train 0.9042 test 0.6762
epoch 123/200 loss 0.3019 train 0.9100 test 0.6814
epoch 124/200 loss 0.2879 train 0.9155 test 0.6866
epoch 125/200 loss 0.2799 train 0.9173 test 0.6818
epoch 126/200 loss 0.2741 train 0.9195 test 0.6813
epoch 127/200 loss 0.2682 train 0.9208 test 0.6613
epoch 128/200 loss 0.2652 train 0.9227 test 0.6687
epoch 129/200 loss 0.2488 train 0.9278 test 0.6760
epoch 130/200 loss 0.2393 train 0.9303 test 0.6884
epoch 131/200 loss 0.2252 train 0.9355 test 0.6676
epoch 132/200 loss 0.2107 train 0.9393 test 0.6954
epoch 133/200 loss 0.2030 train 0.9429 test 0.6948
epoch 134/200 loss 0.1972 train 0.9447 test 0.6926
epoch 135/200 loss 0.1834 train 0.9491 test 0.6997
epoch 136/200 loss 0.1841 train 0.9493 test 0.6892
epoch 137/200 loss 0.1721 train 0.9530 test 0.7025
epoch 138/200 loss 0.1541 train 0.9598 test 0.6938
epoch 139/200 loss 0.1526 train 0.9593 test 0.6822
epoch 140/200 loss 0.1484 train 0.9613 test 0.7024
epoch 141/200 loss 0.1328 train 0.9660 test 0.6936
epoch 142/200 loss 0.1210 train 0.9698 test 0.7064
epoch 143/200 loss 0.1152 train 0.9712 test 0.7147
epoch 144/200 loss 0.1077 train 0.9740 test 0.7178
epoch 145/200 loss 0.1062 train 0.9743 test 0.7109
epoch 146/200 loss 0.0866 train 0.9813 test 0.7247
epoch 147/200 loss 0.0874 train 0.9807 test 0.7201
epoch 148/200 loss 0.0734 train 0.9860 test 0.7254
epoch 149/200 loss 0.0649 train 0.9875 test 0.7357
epoch 150/200 loss 0.0620 train 0.9886 test 0.7354
epoch 151/200 loss 0.0539 train 0.9911 test 0.7359
epoch 152/200 loss 0.0510 train 0.9915 test 0.7429
epoch 153/200 loss 0.0452 train 0.9934 test 0.7410
epoch 154/200 loss 0.0388 train 0.9948 test 0.7497
epoch 155/200 loss 0.0357 train 0.9958 test 0.7537
epoch 156/200 loss 0.0316 train 0.9967 test 0.7547
epoch 157/200 loss 0.0271 train 0.9974 test 0.7646
epoch 158/200 loss 0.0242 train 0.9983 test 0.7671
epoch 159/200 loss 0.0221 train 0.9982 test 0.7654
epoch 160/200 loss 0.0200 train 0.9990 test 0.7687
epoch 161/200 loss 0.0188 train 0.9990 test 0.7688
epoch 162/200 loss 0.0188 train 0.9989 test 0.7717
epoch 163/200 loss 0.0176 train 0.9992 test 0.7727
epoch 164/200 loss 0.0168 train 0.9993 test 0.7730
epoch 165/200 loss 0.0166 train 0.9992 test 0.7756
epoch 166/200 loss 0.0157 train 0.9994 test 0.7756
epoch 167/200 loss 0.0155 train 0.9994 test 0.7790
epoch 168/200 loss 0.0153 train 0.9996 test 0.7764
epoch 169/200 loss 0.0152 train 0.9995 test 0.7803
epoch 170/200 loss 0.0146 train 0.9996 test 0.7788
epoch 171/200 loss 0.0148 train 0.9994 test 0.7789
epoch 172/200 loss 0.0144 train 0.9995 test 0.7793
epoch 173/200 loss 0.0144 train 0.9995 test 0.7817
epoch 174/200 loss 0.0141 train 0.9996 test 0.7837
epoch 175/200 loss 0.0142 train 0.9994 test 0.7827
epoch 176/200 loss 0.0139 train 0.9996 test 0.7826
epoch 177/200 loss 0.0138 train 0.9996 test 0.7850
epoch 178/200 loss 0.0137 train 0.9996 test 0.7838
epoch 179/200 loss 0.0137 train 0.9996 test 0.7851
epoch 180/200 loss 0.0135 train 0.9996 test 0.7845
epoch 181/200 loss 0.0138 train 0.9995 test 0.7849
epoch 182/200 loss 0.0133 train 0.9997 test 0.7851
epoch 183/200 loss 0.0135 train 0.9996 test 0.7840
epoch 184/200 loss 0.0134 train 0.9996 test 0.7845
epoch 185/200 loss 0.0132 train 0.9997 test 0.7836
epoch 186/200 loss 0.0130 train 0.9997 test 0.7829
epoch 187/200 loss 0.0130 train 0.9997 test 0.7811
epoch 188/200 loss 0.0129 train 0.9998 test 0.7834
epoch 189/200 loss 0.0130 train 0.9998 test 0.7841
epoch 190/200 loss 0.0132 train 0.9996 test 0.7844
epoch 191/200 loss 0.0127 train 0.9998 test 0.7847
epoch 192/200 loss 0.0127 train 0.9998 test 0.7844
epoch 193/200 loss 0.0128 train 0.9998 test 0.7849
epoch 194/200 loss 0.0128 train 0.9997 test 0.7849
epoch 195/200 loss 0.0127 train 0.9998 test 0.7851
epoch 196/200 loss 0.0127 train 0.9998 test 0.7853
epoch 197/200 loss 0.0127 train 0.9998 test 0.7848
epoch 198/200 loss 0.0127 train 0.9997 test 0.7845
epoch 199/200 loss 0.0127 train 0.9997 test 0.7844
epoch 200/200 loss 0.0126 train 0.9998 test 0.7837
done: final 0.7837 best 0.7853 -> ./runs/auxmag_100pct_l05/seed2
AUXLH_auxmag_100pct_l05_DONE
AUXLOWHIGH_COMPLETE
