moment-aux target calibrated on 1024 images
[auxmag_10pct_l10 seed0] {"params_trainable": 11222188, "params_stem_trainable": 0, "params_stem_fixed_filters": 0, "flops_total": 556705792, "flops_stem": 0, "flops_image_size": 32}
epoch 1/200 loss 4.6088 train 0.0337 test 0.0529
epoch 2/200 loss 4.2473 train 0.0699 test 0.0658
epoch 3/200 loss 4.0657 train 0.0805 test 0.0808
epoch 4/200 loss 3.9064 train 0.1026 test 0.0919
epoch 5/200 loss 3.8163 train 0.1130 test 0.1021
epoch 6/200 loss 3.7021 train 0.1318 test 0.1191
epoch 7/200 loss 3.6125 train 0.1450 test 0.1370
epoch 8/200 loss 3.5129 train 0.1667 test 0.1182
epoch 9/200 loss 3.4507 train 0.1771 test 0.1519
epoch 10/200 loss 3.3572 train 0.1927 test 0.1584
epoch 11/200 loss 3.2693 train 0.2003 test 0.1599
epoch 12/200 loss 3.1863 train 0.2190 test 0.1781
epoch 13/200 loss 3.1000 train 0.2344 test 0.1491
epoch 14/200 loss 3.0303 train 0.2458 test 0.1522
epoch 15/200 loss 2.9303 train 0.2664 test 0.1807
epoch 16/200 loss 2.8490 train 0.2732 test 0.2022
epoch 17/200 loss 2.7405 train 0.3003 test 0.2125
epoch 18/200 loss 2.6677 train 0.3115 test 0.2240
epoch 19/200 loss 2.5622 train 0.3333 test 0.2094
epoch 20/200 loss 2.5075 train 0.3429 test 0.2547
epoch 21/200 loss 2.3929 train 0.3588 test 0.2428
epoch 22/200 loss 2.3112 train 0.3844 test 0.2589
epoch 23/200 loss 2.2324 train 0.4016 test 0.2148
epoch 24/200 loss 2.1291 train 0.4231 test 0.2475
epoch 25/200 loss 2.0570 train 0.4349 test 0.2539
epoch 26/200 loss 1.9501 train 0.4545 test 0.2397
epoch 27/200 loss 1.8464 train 0.4888 test 0.2620
epoch 28/200 loss 1.7590 train 0.5088 test 0.2805
epoch 29/200 loss 1.6574 train 0.5359 test 0.2504
epoch 30/200 loss 1.6241 train 0.5355 test 0.2792
epoch 31/200 loss 1.5608 train 0.5545 test 0.2702
epoch 32/200 loss 1.4358 train 0.5843 test 0.2407
epoch 33/200 loss 1.3184 train 0.6254 test 0.2892
epoch 34/200 loss 1.2375 train 0.6396 test 0.2789
epoch 35/200 loss 1.1777 train 0.6548 test 0.2763
epoch 36/200 loss 1.0973 train 0.6833 test 0.2984
epoch 37/200 loss 0.9805 train 0.7175 test 0.2958
epoch 38/200 loss 0.9240 train 0.7238 test 0.2185
epoch 39/200 loss 0.9204 train 0.7340 test 0.2857
epoch 40/200 loss 0.8510 train 0.7454 test 0.2920
epoch 41/200 loss 0.7411 train 0.7853 test 0.3019
epoch 42/200 loss 0.7194 train 0.7925 test 0.2827
epoch 43/200 loss 0.6754 train 0.7971 test 0.3049
epoch 44/200 loss 0.5712 train 0.8387 test 0.3073
epoch 45/200 loss 0.5035 train 0.8504 test 0.2998
epoch 46/200 loss 0.4608 train 0.8716 test 0.3022
epoch 47/200 loss 0.4513 train 0.8680 test 0.3204
epoch 48/200 loss 0.4145 train 0.8858 test 0.3085
epoch 49/200 loss 0.3691 train 0.8972 test 0.3097
epoch 50/200 loss 0.3446 train 0.9038 test 0.3347
epoch 51/200 loss 0.2916 train 0.9221 test 0.3348
epoch 52/200 loss 0.2831 train 0.9213 test 0.3265
epoch 53/200 loss 0.2669 train 0.9275 test 0.3306
epoch 54/200 loss 0.2470 train 0.9353 test 0.3060
epoch 55/200 loss 0.2704 train 0.9281 test 0.3196
epoch 56/200 loss 0.2897 train 0.9215 test 0.3184
epoch 57/200 loss 0.2700 train 0.9281 test 0.3183
epoch 58/200 loss 0.2219 train 0.9407 test 0.3253
epoch 59/200 loss 0.2037 train 0.9503 test 0.3208
epoch 60/200 loss 0.1763 train 0.9573 test 0.3399
epoch 61/200 loss 0.1638 train 0.9649 test 0.3476
epoch 62/200 loss 0.1203 train 0.9746 test 0.3418
epoch 63/200 loss 0.1151 train 0.9784 test 0.3354
epoch 64/200 loss 0.1047 train 0.9814 test 0.3582
epoch 65/200 loss 0.1024 train 0.9812 test 0.3516
epoch 66/200 loss 0.0860 train 0.9858 test 0.3567
epoch 67/200 loss 0.0679 train 0.9928 test 0.3617
epoch 68/200 loss 0.0559 train 0.9932 test 0.3738
epoch 69/200 loss 0.0473 train 0.9962 test 0.3801
epoch 70/200 loss 0.0328 train 0.9976 test 0.3913
epoch 71/200 loss 0.0275 train 0.9986 test 0.3980
epoch 72/200 loss 0.0273 train 0.9992 test 0.3909
epoch 73/200 loss 0.0226 train 0.9996 test 0.3952
epoch 74/200 loss 0.0214 train 0.9998 test 0.3973
epoch 75/200 loss 0.0202 train 0.9998 test 0.4010
epoch 76/200 loss 0.0203 train 0.9998 test 0.3997
epoch 77/200 loss 0.0192 train 0.9998 test 0.4023
epoch 78/200 loss 0.0188 train 0.9998 test 0.4015
epoch 79/200 loss 0.0192 train 0.9998 test 0.4016
epoch 80/200 loss 0.0183 train 0.9996 test 0.4050
epoch 81/200 loss 0.0191 train 0.9998 test 0.4029
epoch 82/200 loss 0.0183 train 0.9998 test 0.4049
epoch 83/200 loss 0.0190 train 0.9998 test 0.4017
epoch 84/200 loss 0.0188 train 0.9998 test 0.4037
epoch 85/200 loss 0.0186 train 0.9996 test 0.4039
epoch 86/200 loss 0.0188 train 0.9998 test 0.4046
epoch 87/200 loss 0.0178 train 0.9998 test 0.4062
epoch 88/200 loss 0.0177 train 0.9998 test 0.4062
epoch 89/200 loss 0.0178 train 1.0000 test 0.4051
epoch 90/200 loss 0.0185 train 0.9996 test 0.4045
epoch 91/200 loss 0.0178 train 0.9996 test 0.4054
epoch 92/200 loss 0.0218 train 0.9986 test 0.4000
epoch 93/200 loss 0.0450 train 0.9936 test 0.3796
epoch 94/200 loss 0.0713 train 0.9904 test 0.3446
epoch 95/200 loss 0.0886 train 0.9872 test 0.3560
epoch 96/200 loss 0.0926 train 0.9900 test 0.3449
epoch 97/200 loss 0.1279 train 0.9776 test 0.3149
epoch 98/200 loss 0.2079 train 0.9549 test 0.3199
epoch 99/200 loss 0.3343 train 0.9151 test 0.3007
epoch 100/200 loss 0.4533 train 0.8798 test 0.2706
epoch 101/200 loss 0.4335 train 0.8804 test 0.3101
epoch 102/200 loss 0.3341 train 0.9129 test 0.3109
epoch 103/200 loss 0.2457 train 0.9421 test 0.3268
epoch 104/200 loss 0.1802 train 0.9593 test 0.3304
epoch 105/200 loss 0.1286 train 0.9730 test 0.3463
epoch 106/200 loss 0.0955 train 0.9836 test 0.3523
epoch 107/200 loss 0.0631 train 0.9926 test 0.3701
epoch 108/200 loss 0.0414 train 0.9964 test 0.3838
epoch 109/200 loss 0.0351 train 0.9966 test 0.3803
epoch 110/200 loss 0.0262 train 0.9988 test 0.3887
epoch 111/200 loss 0.0227 train 0.9992 test 0.3942
epoch 112/200 loss 0.0197 train 0.9994 test 0.4010
epoch 113/200 loss 0.0178 train 0.9998 test 0.4015
epoch 114/200 loss 0.0160 train 0.9998 test 0.4038
epoch 115/200 loss 0.0159 train 0.9996 test 0.4050
epoch 116/200 loss 0.0152 train 0.9998 test 0.4049
epoch 117/200 loss 0.0147 train 1.0000 test 0.4070
epoch 118/200 loss 0.0152 train 0.9998 test 0.4089
epoch 119/200 loss 0.0144 train 0.9998 test 0.4068
epoch 120/200 loss 0.0154 train 0.9996 test 0.4081
epoch 121/200 loss 0.0148 train 0.9996 test 0.4063
epoch 122/200 loss 0.0145 train 0.9998 test 0.4081
epoch 123/200 loss 0.0144 train 0.9998 test 0.4100
epoch 124/200 loss 0.0141 train 0.9998 test 0.4097
epoch 125/200 loss 0.0144 train 0.9996 test 0.4098
epoch 126/200 loss 0.0144 train 0.9998 test 0.4100
epoch 127/200 loss 0.0140 train 1.0000 test 0.4109
epoch 128/200 loss 0.0138 train 1.0000 test 0.4108
epoch 129/200 loss 0.0140 train 1.0000 test 0.4082
epoch 130/200 loss 0.0137 train 0.9998 test 0.4082
epoch 131/200 loss 0.0140 train 0.9998 test 0.4095
epoch 132/200 loss 0.0141 train 0.9998 test 0.4093
epoch 133/200 loss 0.0139 train 0.9998 test 0.4114
epoch 134/200 loss 0.0137 train 0.9998 test 0.4098
epoch 135/200 loss 0.0138 train 0.9996 test 0.4095
epoch 136/200 loss 0.0137 train 0.9998 test 0.4099
epoch 137/200 loss 0.0137 train 0.9996 test 0.4114
epoch 138/200 loss 0.0136 train 0.9998 test 0.4102
epoch 139/200 loss 0.0135 train 0.9998 test 0.4117
epoch 140/200 loss 0.0138 train 0.9998 test 0.4097
epoch 141/200 loss 0.0139 train 0.9998 test 0.4108
epoch 142/200 loss 0.0136 train 0.9996 test 0.4112
epoch 143/200 loss 0.0136 train 0.9998 test 0.4113
epoch 144/200 loss 0.0138 train 0.9998 test 0.4133
epoch 145/200 loss 0.0137 train 0.9996 test 0.4126
epoch 146/200 loss 0.0135 train 0.9998 test 0.4114
epoch 147/200 loss 0.0133 train 1.0000 test 0.4127
epoch 148/200 loss 0.0133 train 0.9998 test 0.4127
epoch 149/200 loss 0.0136 train 0.9998 test 0.4143
epoch 150/200 loss 0.0132 train 1.0000 test 0.4115
epoch 151/200 loss 0.0132 train 0.9998 test 0.4122
epoch 152/200 loss 0.0135 train 0.9998 test 0.4122
epoch 153/200 loss 0.0132 train 0.9998 test 0.4134
epoch 154/200 loss 0.0133 train 1.0000 test 0.4133
epoch 155/200 loss 0.0135 train 1.0000 test 0.4135
epoch 156/200 loss 0.0133 train 1.0000 test 0.4137
epoch 157/200 loss 0.0128 train 1.0000 test 0.4128
epoch 158/200 loss 0.0130 train 1.0000 test 0.4152
epoch 159/200 loss 0.0131 train 1.0000 test 0.4138
epoch 160/200 loss 0.0135 train 0.9998 test 0.4144
epoch 161/200 loss 0.0132 train 1.0000 test 0.4153
epoch 162/200 loss 0.0133 train 1.0000 test 0.4134
epoch 163/200 loss 0.0132 train 0.9998 test 0.4129
epoch 164/200 loss 0.0133 train 0.9998 test 0.4137
epoch 165/200 loss 0.0130 train 0.9998 test 0.4130
epoch 166/200 loss 0.0133 train 0.9998 test 0.4137
epoch 167/200 loss 0.0132 train 1.0000 test 0.4155
epoch 168/200 loss 0.0134 train 0.9998 test 0.4125
epoch 169/200 loss 0.0133 train 1.0000 test 0.4136
epoch 170/200 loss 0.0131 train 0.9998 test 0.4159
epoch 171/200 loss 0.0134 train 0.9998 test 0.4139
epoch 172/200 loss 0.0134 train 0.9998 test 0.4135
epoch 173/200 loss 0.0132 train 0.9998 test 0.4129
epoch 174/200 loss 0.0131 train 0.9998 test 0.4140
epoch 175/200 loss 0.0128 train 1.0000 test 0.4131
epoch 176/200 loss 0.0132 train 0.9998 test 0.4148
epoch 177/200 loss 0.0130 train 1.0000 test 0.4140
epoch 178/200 loss 0.0133 train 0.9998 test 0.4145
epoch 179/200 loss 0.0132 train 1.0000 test 0.4141
epoch 180/200 loss 0.0132 train 1.0000 test 0.4147
epoch 181/200 loss 0.0132 train 1.0000 test 0.4145
epoch 182/200 loss 0.0130 train 1.0000 test 0.4141
epoch 183/200 loss 0.0129 train 1.0000 test 0.4158
epoch 184/200 loss 0.0129 train 1.0000 test 0.4144
epoch 185/200 loss 0.0129 train 1.0000 test 0.4148
epoch 186/200 loss 0.0132 train 0.9998 test 0.4153
epoch 187/200 loss 0.0128 train 1.0000 test 0.4140
epoch 188/200 loss 0.0131 train 0.9998 test 0.4145
epoch 189/200 loss 0.0130 train 1.0000 test 0.4151
epoch 190/200 loss 0.0131 train 0.9998 test 0.4152
epoch 191/200 loss 0.0126 train 1.0000 test 0.4153
epoch 192/200 loss 0.0127 train 1.0000 test 0.4150
epoch 193/200 loss 0.0132 train 1.0000 test 0.4153
epoch 194/200 loss 0.0131 train 0.9998 test 0.4147
epoch 195/200 loss 0.0130 train 0.9998 test 0.4161
epoch 196/200 loss 0.0129 train 0.9998 test 0.4157
epoch 197/200 loss 0.0129 train 1.0000 test 0.4148
epoch 198/200 loss 0.0130 train 1.0000 test 0.4153
epoch 199/200 loss 0.0128 train 0.9998 test 0.4145
epoch 200/200 loss 0.0129 train 1.0000 test 0.4139
done: final 0.4139 best 0.4161 -> ./runs/auxmag_10pct_l10/seed0
moment-aux target calibrated on 1024 images
[auxmag_10pct_l10 seed1] {"params_trainable": 11222188, "params_stem_trainable": 0, "params_stem_fixed_filters": 0, "flops_total": 556705792, "flops_stem": 0, "flops_image_size": 32}
epoch 1/200 loss 4.6142 train 0.0349 test 0.0542
epoch 2/200 loss 4.2845 train 0.0573 test 0.0756
epoch 3/200 loss 4.0771 train 0.0763 test 0.0773
epoch 4/200 loss 3.9340 train 0.1002 test 0.0974
epoch 5/200 loss 3.8447 train 0.1084 test 0.1113
epoch 6/200 loss 3.7056 train 0.1314 test 0.1190
epoch 7/200 loss 3.6110 train 0.1492 test 0.1210
epoch 8/200 loss 3.5281 train 0.1609 test 0.1373
epoch 9/200 loss 3.4465 train 0.1705 test 0.1466
epoch 10/200 loss 3.3707 train 0.1809 test 0.1308
epoch 11/200 loss 3.3036 train 0.1959 test 0.1493
epoch 12/200 loss 3.2151 train 0.2083 test 0.1598
epoch 13/200 loss 3.1304 train 0.2250 test 0.1868
epoch 14/200 loss 3.0359 train 0.2508 test 0.1819
epoch 15/200 loss 2.9245 train 0.2628 test 0.1862
epoch 16/200 loss 2.8298 train 0.2857 test 0.1952
epoch 17/200 loss 2.7399 train 0.2977 test 0.2071
epoch 18/200 loss 2.6580 train 0.3183 test 0.1819
epoch 19/200 loss 2.5820 train 0.3247 test 0.2096
epoch 20/200 loss 2.4878 train 0.3474 test 0.2035
epoch 21/200 loss 2.4042 train 0.3660 test 0.2495
epoch 22/200 loss 2.2691 train 0.3948 test 0.2574
epoch 23/200 loss 2.2113 train 0.3982 test 0.2254
epoch 24/200 loss 2.0804 train 0.4333 test 0.2529
epoch 25/200 loss 2.0060 train 0.4423 test 0.2472
epoch 26/200 loss 1.9193 train 0.4675 test 0.2708
epoch 27/200 loss 1.8786 train 0.4866 test 0.2565
epoch 28/200 loss 1.7843 train 0.5022 test 0.2540
epoch 29/200 loss 1.6437 train 0.5306 test 0.2820
epoch 30/200 loss 1.5435 train 0.5559 test 0.2680
epoch 31/200 loss 1.5242 train 0.5667 test 0.2536
epoch 32/200 loss 1.4103 train 0.5927 test 0.2792
epoch 33/200 loss 1.3549 train 0.6096 test 0.2630
epoch 34/200 loss 1.2485 train 0.6374 test 0.2980
epoch 35/200 loss 1.1661 train 0.6522 test 0.3031
epoch 36/200 loss 1.0587 train 0.6915 test 0.2975
epoch 37/200 loss 0.9971 train 0.7107 test 0.2929
epoch 38/200 loss 0.8948 train 0.7368 test 0.3084
epoch 39/200 loss 0.8328 train 0.7420 test 0.2946
epoch 40/200 loss 0.8187 train 0.7494 test 0.2976
epoch 41/200 loss 0.7877 train 0.7678 test 0.2698
epoch 42/200 loss 0.6985 train 0.7945 test 0.3191
epoch 43/200 loss 0.5768 train 0.8361 test 0.3083
epoch 44/200 loss 0.5358 train 0.8456 test 0.3089
epoch 45/200 loss 0.5460 train 0.8339 test 0.2895
epoch 46/200 loss 0.5136 train 0.8568 test 0.3023
epoch 47/200 loss 0.4509 train 0.8704 test 0.3276
epoch 48/200 loss 0.4070 train 0.8924 test 0.3091
epoch 49/200 loss 0.3709 train 0.8926 test 0.2907
epoch 50/200 loss 0.3766 train 0.8954 test 0.3325
epoch 51/200 loss 0.3402 train 0.9105 test 0.3274
epoch 52/200 loss 0.2882 train 0.9229 test 0.3258
epoch 53/200 loss 0.2676 train 0.9267 test 0.3306
epoch 54/200 loss 0.2544 train 0.9349 test 0.3411
epoch 55/200 loss 0.2192 train 0.9461 test 0.3236
epoch 56/200 loss 0.2168 train 0.9435 test 0.3379
epoch 57/200 loss 0.1977 train 0.9515 test 0.3354
epoch 58/200 loss 0.1831 train 0.9577 test 0.3437
epoch 59/200 loss 0.1373 train 0.9726 test 0.3454
epoch 60/200 loss 0.1381 train 0.9665 test 0.3438
epoch 61/200 loss 0.1405 train 0.9673 test 0.3480
epoch 62/200 loss 0.1430 train 0.9698 test 0.3448
epoch 63/200 loss 0.1236 train 0.9746 test 0.3454
epoch 64/200 loss 0.1081 train 0.9800 test 0.3459
epoch 65/200 loss 0.0956 train 0.9820 test 0.3509
epoch 66/200 loss 0.0881 train 0.9848 test 0.3594
epoch 67/200 loss 0.0818 train 0.9878 test 0.3564
epoch 68/200 loss 0.0926 train 0.9824 test 0.3518
epoch 69/200 loss 0.0810 train 0.9882 test 0.3650
epoch 70/200 loss 0.0689 train 0.9924 test 0.3671
epoch 71/200 loss 0.0480 train 0.9958 test 0.3850
epoch 72/200 loss 0.0419 train 0.9958 test 0.3736
epoch 73/200 loss 0.0389 train 0.9966 test 0.3782
epoch 74/200 loss 0.0423 train 0.9958 test 0.3830
epoch 75/200 loss 0.0423 train 0.9960 test 0.3805
epoch 76/200 loss 0.0343 train 0.9970 test 0.3819
epoch 77/200 loss 0.0324 train 0.9984 test 0.3909
epoch 78/200 loss 0.0238 train 0.9994 test 0.4004
epoch 79/200 loss 0.0214 train 0.9994 test 0.4035
epoch 80/200 loss 0.0193 train 0.9994 test 0.4000
epoch 81/200 loss 0.0236 train 0.9990 test 0.3995
epoch 82/200 loss 0.0234 train 0.9990 test 0.4001
epoch 83/200 loss 0.0206 train 0.9998 test 0.4034
epoch 84/200 loss 0.0192 train 0.9996 test 0.4056
epoch 85/200 loss 0.0175 train 0.9998 test 0.4075
epoch 86/200 loss 0.0180 train 0.9996 test 0.4039
epoch 87/200 loss 0.0175 train 0.9998 test 0.4085
epoch 88/200 loss 0.0198 train 0.9994 test 0.4052
epoch 89/200 loss 0.0186 train 0.9994 test 0.4019
epoch 90/200 loss 0.0177 train 0.9998 test 0.4046
epoch 91/200 loss 0.0165 train 0.9996 test 0.4053
epoch 92/200 loss 0.0171 train 0.9998 test 0.4094
epoch 93/200 loss 0.0167 train 0.9998 test 0.4072
epoch 94/200 loss 0.0164 train 0.9998 test 0.4083
epoch 95/200 loss 0.0169 train 0.9996 test 0.4094
epoch 96/200 loss 0.0170 train 0.9996 test 0.4091
epoch 97/200 loss 0.0166 train 0.9998 test 0.4094
epoch 98/200 loss 0.0161 train 0.9996 test 0.4085
epoch 99/200 loss 0.0161 train 0.9998 test 0.4125
epoch 100/200 loss 0.0161 train 0.9998 test 0.4103
epoch 101/200 loss 0.0159 train 0.9996 test 0.4134
epoch 102/200 loss 0.0158 train 0.9998 test 0.4130
epoch 103/200 loss 0.0159 train 0.9996 test 0.4104
epoch 104/200 loss 0.0158 train 0.9998 test 0.4109
epoch 105/200 loss 0.0155 train 0.9998 test 0.4129
epoch 106/200 loss 0.0158 train 0.9998 test 0.4097
epoch 107/200 loss 0.0153 train 1.0000 test 0.4111
epoch 108/200 loss 0.0154 train 0.9998 test 0.4103
epoch 109/200 loss 0.0150 train 0.9998 test 0.4118
epoch 110/200 loss 0.0154 train 0.9998 test 0.4130
epoch 111/200 loss 0.0156 train 0.9996 test 0.4134
epoch 112/200 loss 0.0157 train 0.9996 test 0.4105
epoch 113/200 loss 0.0157 train 0.9998 test 0.4104
epoch 114/200 loss 0.0151 train 0.9996 test 0.4121
epoch 115/200 loss 0.0153 train 0.9996 test 0.4141
epoch 116/200 loss 0.0361 train 0.9954 test 0.3875
epoch 117/200 loss 0.0633 train 0.9916 test 0.3691
epoch 118/200 loss 0.0950 train 0.9876 test 0.3385
epoch 119/200 loss 0.1488 train 0.9780 test 0.3047
epoch 120/200 loss 0.2308 train 0.9521 test 0.3217
epoch 121/200 loss 0.2722 train 0.9415 test 0.2596
epoch 122/200 loss 0.3031 train 0.9287 test 0.3150
epoch 123/200 loss 0.2471 train 0.9431 test 0.3366
epoch 124/200 loss 0.1880 train 0.9629 test 0.3424
epoch 125/200 loss 0.1248 train 0.9778 test 0.3501
epoch 126/200 loss 0.0758 train 0.9920 test 0.3740
epoch 127/200 loss 0.0468 train 0.9980 test 0.3818
epoch 128/200 loss 0.0296 train 0.9988 test 0.3983
epoch 129/200 loss 0.0216 train 0.9994 test 0.4031
epoch 130/200 loss 0.0187 train 0.9994 test 0.4050
epoch 131/200 loss 0.0168 train 0.9994 test 0.4058
epoch 132/200 loss 0.0154 train 0.9998 test 0.4091
epoch 133/200 loss 0.0152 train 1.0000 test 0.4111
epoch 134/200 loss 0.0145 train 1.0000 test 0.4113
epoch 135/200 loss 0.0143 train 0.9996 test 0.4099
epoch 136/200 loss 0.0140 train 0.9998 test 0.4142
epoch 137/200 loss 0.0137 train 1.0000 test 0.4136
epoch 138/200 loss 0.0137 train 0.9998 test 0.4125
epoch 139/200 loss 0.0133 train 0.9996 test 0.4165
epoch 140/200 loss 0.0129 train 0.9998 test 0.4158
epoch 141/200 loss 0.0129 train 0.9998 test 0.4142
epoch 142/200 loss 0.0126 train 0.9998 test 0.4147
epoch 143/200 loss 0.0124 train 0.9996 test 0.4163
epoch 144/200 loss 0.0126 train 0.9998 test 0.4160
epoch 145/200 loss 0.0123 train 1.0000 test 0.4158
epoch 146/200 loss 0.0124 train 0.9998 test 0.4146
epoch 147/200 loss 0.0125 train 0.9996 test 0.4159
epoch 148/200 loss 0.0126 train 0.9996 test 0.4165
epoch 149/200 loss 0.0122 train 1.0000 test 0.4166
epoch 150/200 loss 0.0122 train 0.9996 test 0.4145
epoch 151/200 loss 0.0121 train 0.9996 test 0.4180
epoch 152/200 loss 0.0123 train 0.9996 test 0.4178
epoch 153/200 loss 0.0122 train 0.9996 test 0.4186
epoch 154/200 loss 0.0120 train 1.0000 test 0.4173
epoch 155/200 loss 0.0124 train 0.9996 test 0.4201
epoch 156/200 loss 0.0120 train 0.9998 test 0.4190
epoch 157/200 loss 0.0120 train 0.9998 test 0.4172
epoch 158/200 loss 0.0119 train 0.9996 test 0.4176
epoch 159/200 loss 0.0117 train 1.0000 test 0.4155
epoch 160/200 loss 0.0117 train 1.0000 test 0.4179
epoch 161/200 loss 0.0117 train 1.0000 test 0.4164
epoch 162/200 loss 0.0120 train 1.0000 test 0.4183
epoch 163/200 loss 0.0120 train 0.9996 test 0.4178
epoch 164/200 loss 0.0118 train 0.9998 test 0.4179
epoch 165/200 loss 0.0118 train 1.0000 test 0.4178
epoch 166/200 loss 0.0119 train 0.9998 test 0.4199
epoch 167/200 loss 0.0118 train 0.9998 test 0.4171
epoch 168/200 loss 0.0117 train 1.0000 test 0.4209
epoch 169/200 loss 0.0118 train 0.9996 test 0.4184
epoch 170/200 loss 0.0118 train 0.9996 test 0.4195
epoch 171/200 loss 0.0114 train 1.0000 test 0.4185
epoch 172/200 loss 0.0115 train 1.0000 test 0.4184
epoch 173/200 loss 0.0118 train 1.0000 test 0.4199
epoch 174/200 loss 0.0115 train 1.0000 test 0.4198
epoch 175/200 loss 0.0116 train 0.9998 test 0.4184
epoch 176/200 loss 0.0115 train 1.0000 test 0.4185
epoch 177/200 loss 0.0115 train 0.9998 test 0.4206
epoch 178/200 loss 0.0115 train 1.0000 test 0.4197
epoch 179/200 loss 0.0119 train 0.9996 test 0.4202
epoch 180/200 loss 0.0115 train 1.0000 test 0.4187
epoch 181/200 loss 0.0114 train 0.9998 test 0.4200
epoch 182/200 loss 0.0117 train 0.9998 test 0.4194
epoch 183/200 loss 0.0115 train 1.0000 test 0.4200
epoch 184/200 loss 0.0115 train 0.9996 test 0.4202
epoch 185/200 loss 0.0115 train 1.0000 test 0.4191
epoch 186/200 loss 0.0115 train 1.0000 test 0.4190
epoch 187/200 loss 0.0113 train 1.0000 test 0.4200
epoch 188/200 loss 0.0115 train 0.9996 test 0.4200
epoch 189/200 loss 0.0115 train 0.9998 test 0.4197
epoch 190/200 loss 0.0115 train 1.0000 test 0.4197
epoch 191/200 loss 0.0115 train 1.0000 test 0.4198
epoch 192/200 loss 0.0116 train 1.0000 test 0.4191
epoch 193/200 loss 0.0117 train 1.0000 test 0.4207
epoch 194/200 loss 0.0115 train 0.9996 test 0.4194
epoch 195/200 loss 0.0116 train 0.9998 test 0.4207
epoch 196/200 loss 0.0116 train 0.9998 test 0.4211
epoch 197/200 loss 0.0117 train 1.0000 test 0.4210
epoch 198/200 loss 0.0115 train 1.0000 test 0.4206
epoch 199/200 loss 0.0117 train 0.9998 test 0.4210
epoch 200/200 loss 0.0116 train 1.0000 test 0.4202
done: final 0.4202 best 0.4211 -> ./runs/auxmag_10pct_l10/seed1
moment-aux target calibrated on 1024 images
[auxmag_10pct_l10 seed2] {"params_trainable": 11222188, "params_stem_trainable": 0, "params_stem_fixed_filters": 0, "flops_total": 556705792, "flops_stem": 0, "flops_image_size": 32}
epoch 1/200 loss 4.5937 train 0.0335 test 0.0622
epoch 2/200 loss 4.2528 train 0.0647 test 0.0781
epoch 3/200 loss 4.0754 train 0.0851 test 0.0785
epoch 4/200 loss 3.9107 train 0.1012 test 0.0999
epoch 5/200 loss 3.7942 train 0.1214 test 0.1122
epoch 6/200 loss 3.6908 train 0.1328 test 0.1200
epoch 7/200 loss 3.6237 train 0.1426 test 0.1189
epoch 8/200 loss 3.5208 train 0.1639 test 0.1379
epoch 9/200 loss 3.4452 train 0.1725 test 0.1499
epoch 10/200 loss 3.3431 train 0.1957 test 0.1600
epoch 11/200 loss 3.2647 train 0.2093 test 0.1560
epoch 12/200 loss 3.1675 train 0.2153 test 0.1664
epoch 13/200 loss 3.1223 train 0.2272 test 0.1704
epoch 14/200 loss 3.0014 train 0.2472 test 0.1926
epoch 15/200 loss 2.9167 train 0.2658 test 0.1845
epoch 16/200 loss 2.8308 train 0.2827 test 0.1984
epoch 17/200 loss 2.7519 train 0.3031 test 0.2030
epoch 18/200 loss 2.6294 train 0.3245 test 0.1951
epoch 19/200 loss 2.5798 train 0.3257 test 0.2204
epoch 20/200 loss 2.4547 train 0.3648 test 0.2250
epoch 21/200 loss 2.3925 train 0.3658 test 0.2421
epoch 22/200 loss 2.3037 train 0.3876 test 0.2352
epoch 23/200 loss 2.1787 train 0.4173 test 0.2333
epoch 24/200 loss 2.1065 train 0.4369 test 0.2565
epoch 25/200 loss 2.0075 train 0.4495 test 0.2532
epoch 26/200 loss 1.9271 train 0.4690 test 0.2738
epoch 27/200 loss 1.8455 train 0.4836 test 0.2789
epoch 28/200 loss 1.7370 train 0.5186 test 0.2859
epoch 29/200 loss 1.6645 train 0.5363 test 0.2790
epoch 30/200 loss 1.5951 train 0.5463 test 0.2759
epoch 31/200 loss 1.4471 train 0.5759 test 0.2874
epoch 32/200 loss 1.3842 train 0.6072 test 0.2901
epoch 33/200 loss 1.2785 train 0.6284 test 0.2848
epoch 34/200 loss 1.2370 train 0.6290 test 0.2858
epoch 35/200 loss 1.1353 train 0.6727 test 0.2752
epoch 36/200 loss 1.1109 train 0.6779 test 0.2826
epoch 37/200 loss 1.0614 train 0.6845 test 0.3017
epoch 38/200 loss 0.9667 train 0.7198 test 0.3116
epoch 39/200 loss 0.8744 train 0.7440 test 0.2984
epoch 40/200 loss 0.7435 train 0.7750 test 0.3074
epoch 41/200 loss 0.6476 train 0.8139 test 0.3018
epoch 42/200 loss 0.6281 train 0.8145 test 0.2949
epoch 43/200 loss 0.6955 train 0.7965 test 0.2775
epoch 44/200 loss 0.6826 train 0.7997 test 0.2849
epoch 45/200 loss 0.5296 train 0.8472 test 0.3129
epoch 46/200 loss 0.4324 train 0.8770 test 0.3170
epoch 47/200 loss 0.4203 train 0.8858 test 0.3276
epoch 48/200 loss 0.3504 train 0.9075 test 0.3271
epoch 49/200 loss 0.3415 train 0.9062 test 0.3125
epoch 50/200 loss 0.3614 train 0.9038 test 0.3035
epoch 51/200 loss 0.3547 train 0.8996 test 0.3166
epoch 52/200 loss 0.3312 train 0.9087 test 0.3151
epoch 53/200 loss 0.2857 train 0.9255 test 0.3109
epoch 54/200 loss 0.2445 train 0.9359 test 0.3281
epoch 55/200 loss 0.2471 train 0.9389 test 0.3198
epoch 56/200 loss 0.2400 train 0.9397 test 0.3160
epoch 57/200 loss 0.2209 train 0.9437 test 0.3269
epoch 58/200 loss 0.2170 train 0.9449 test 0.3338
epoch 59/200 loss 0.1816 train 0.9563 test 0.3227
epoch 60/200 loss 0.1590 train 0.9633 test 0.3516
epoch 61/200 loss 0.1301 train 0.9762 test 0.3443
epoch 62/200 loss 0.1291 train 0.9740 test 0.3378
epoch 63/200 loss 0.1448 train 0.9647 test 0.3418
epoch 64/200 loss 0.1279 train 0.9724 test 0.3463
epoch 65/200 loss 0.1329 train 0.9726 test 0.3300
epoch 66/200 loss 0.1186 train 0.9770 test 0.3552
epoch 67/200 loss 0.0932 train 0.9838 test 0.3445
epoch 68/200 loss 0.0929 train 0.9838 test 0.3516
epoch 69/200 loss 0.1089 train 0.9760 test 0.3547
epoch 70/200 loss 0.1135 train 0.9772 test 0.3506
epoch 71/200 loss 0.1028 train 0.9804 test 0.3525
epoch 72/200 loss 0.0756 train 0.9904 test 0.3735
epoch 73/200 loss 0.0562 train 0.9936 test 0.3755
epoch 74/200 loss 0.0600 train 0.9900 test 0.3649
epoch 75/200 loss 0.0513 train 0.9950 test 0.3717
epoch 76/200 loss 0.0391 train 0.9970 test 0.3857
epoch 77/200 loss 0.0377 train 0.9956 test 0.3923
epoch 78/200 loss 0.0326 train 0.9974 test 0.3876
epoch 79/200 loss 0.0269 train 0.9990 test 0.3973
epoch 80/200 loss 0.0235 train 0.9990 test 0.3992
epoch 81/200 loss 0.0211 train 0.9996 test 0.4056
epoch 82/200 loss 0.0197 train 0.9994 test 0.4036
epoch 83/200 loss 0.0180 train 0.9998 test 0.4070
epoch 84/200 loss 0.0177 train 0.9998 test 0.4069
epoch 85/200 loss 0.0185 train 0.9992 test 0.4037
epoch 86/200 loss 0.0190 train 0.9994 test 0.4048
epoch 87/200 loss 0.0183 train 0.9998 test 0.4043
epoch 88/200 loss 0.0170 train 0.9998 test 0.4082
epoch 89/200 loss 0.0171 train 0.9998 test 0.4082
epoch 90/200 loss 0.0173 train 0.9996 test 0.4090
epoch 91/200 loss 0.0169 train 0.9998 test 0.4108
epoch 92/200 loss 0.0170 train 0.9998 test 0.4100
epoch 93/200 loss 0.0174 train 0.9996 test 0.4091
epoch 94/200 loss 0.0170 train 0.9998 test 0.4088
epoch 95/200 loss 0.0165 train 0.9996 test 0.4106
epoch 96/200 loss 0.0164 train 0.9998 test 0.4091
epoch 97/200 loss 0.0166 train 0.9998 test 0.4090
epoch 98/200 loss 0.0166 train 0.9998 test 0.4072
epoch 99/200 loss 0.0167 train 0.9996 test 0.4109
epoch 100/200 loss 0.0164 train 0.9996 test 0.4100
epoch 101/200 loss 0.0168 train 0.9998 test 0.4114
epoch 102/200 loss 0.0167 train 0.9996 test 0.4125
epoch 103/200 loss 0.0168 train 0.9996 test 0.4110
epoch 104/200 loss 0.0160 train 0.9998 test 0.4116
epoch 105/200 loss 0.0160 train 0.9998 test 0.4090
epoch 106/200 loss 0.0160 train 0.9998 test 0.4094
epoch 107/200 loss 0.0158 train 0.9998 test 0.4112
epoch 108/200 loss 0.0166 train 0.9996 test 0.4126
epoch 109/200 loss 0.0158 train 1.0000 test 0.4140
epoch 110/200 loss 0.0154 train 0.9998 test 0.4117
epoch 111/200 loss 0.0159 train 0.9996 test 0.4157
epoch 112/200 loss 0.0155 train 0.9998 test 0.4170
epoch 113/200 loss 0.0155 train 0.9998 test 0.4124
epoch 114/200 loss 0.0162 train 0.9996 test 0.4107
epoch 115/200 loss 0.0159 train 0.9996 test 0.4131
epoch 116/200 loss 0.0151 train 0.9998 test 0.4126
epoch 117/200 loss 0.0151 train 1.0000 test 0.4106
epoch 118/200 loss 0.0150 train 0.9996 test 0.4126
epoch 119/200 loss 0.0151 train 0.9996 test 0.4126
epoch 120/200 loss 0.0146 train 0.9998 test 0.4127
epoch 121/200 loss 0.0144 train 0.9998 test 0.4104
epoch 122/200 loss 0.0146 train 0.9998 test 0.4119
epoch 123/200 loss 0.0144 train 0.9998 test 0.4127
epoch 124/200 loss 0.0148 train 0.9998 test 0.4114
epoch 125/200 loss 0.0144 train 0.9996 test 0.4139
epoch 126/200 loss 0.0145 train 0.9996 test 0.4140
epoch 127/200 loss 0.0145 train 0.9998 test 0.4120
epoch 128/200 loss 0.0140 train 0.9998 test 0.4150
epoch 129/200 loss 0.0145 train 0.9996 test 0.4160
epoch 130/200 loss 0.0139 train 0.9998 test 0.4148
epoch 131/200 loss 0.0136 train 0.9998 test 0.4149
epoch 132/200 loss 0.0135 train 1.0000 test 0.4147
epoch 133/200 loss 0.0138 train 0.9996 test 0.4104
epoch 134/200 loss 0.0137 train 0.9998 test 0.4180
epoch 135/200 loss 0.0134 train 0.9998 test 0.4133
epoch 136/200 loss 0.0136 train 0.9996 test 0.4157
epoch 137/200 loss 0.0135 train 0.9996 test 0.4140
epoch 138/200 loss 0.0133 train 1.0000 test 0.4155
epoch 139/200 loss 0.0133 train 0.9998 test 0.4126
epoch 140/200 loss 0.0132 train 0.9998 test 0.4148
epoch 141/200 loss 0.0131 train 0.9998 test 0.4134
epoch 142/200 loss 0.0128 train 0.9998 test 0.4150
epoch 143/200 loss 0.0129 train 0.9998 test 0.4140
epoch 144/200 loss 0.0129 train 0.9998 test 0.4124
epoch 145/200 loss 0.0129 train 0.9998 test 0.4136
epoch 146/200 loss 0.0129 train 0.9998 test 0.4127
epoch 147/200 loss 0.0128 train 0.9998 test 0.4141
epoch 148/200 loss 0.0126 train 0.9998 test 0.4105
epoch 149/200 loss 0.0127 train 0.9998 test 0.4152
epoch 150/200 loss 0.0127 train 1.0000 test 0.4151
epoch 151/200 loss 0.0126 train 0.9998 test 0.4146
epoch 152/200 loss 0.0126 train 1.0000 test 0.4107
epoch 153/200 loss 0.0126 train 0.9996 test 0.4138
epoch 154/200 loss 0.0124 train 1.0000 test 0.4135
epoch 155/200 loss 0.0126 train 0.9996 test 0.4133
epoch 156/200 loss 0.0125 train 0.9998 test 0.4136
epoch 157/200 loss 0.0123 train 0.9998 test 0.4150
epoch 158/200 loss 0.0122 train 0.9996 test 0.4123
epoch 159/200 loss 0.0121 train 0.9998 test 0.4152
epoch 160/200 loss 0.0124 train 0.9998 test 0.4144
epoch 161/200 loss 0.0119 train 1.0000 test 0.4175
epoch 162/200 loss 0.0124 train 0.9998 test 0.4145
epoch 163/200 loss 0.0117 train 1.0000 test 0.4127
epoch 164/200 loss 0.0123 train 0.9996 test 0.4150
epoch 165/200 loss 0.0121 train 0.9998 test 0.4162
epoch 166/200 loss 0.0122 train 1.0000 test 0.4135
epoch 167/200 loss 0.0121 train 1.0000 test 0.4148
epoch 168/200 loss 0.0120 train 1.0000 test 0.4134
epoch 169/200 loss 0.0119 train 1.0000 test 0.4134
epoch 170/200 loss 0.0124 train 0.9998 test 0.4144
epoch 171/200 loss 0.0119 train 1.0000 test 0.4156
epoch 172/200 loss 0.0120 train 0.9998 test 0.4148
epoch 173/200 loss 0.0119 train 1.0000 test 0.4158
epoch 174/200 loss 0.0118 train 1.0000 test 0.4152
epoch 175/200 loss 0.0119 train 1.0000 test 0.4141
epoch 176/200 loss 0.0118 train 1.0000 test 0.4127
epoch 177/200 loss 0.0122 train 0.9998 test 0.4135
epoch 178/200 loss 0.0117 train 0.9998 test 0.4158
epoch 179/200 loss 0.0116 train 1.0000 test 0.4147
epoch 180/200 loss 0.0119 train 0.9998 test 0.4157
epoch 181/200 loss 0.0120 train 1.0000 test 0.4139
epoch 182/200 loss 0.0117 train 1.0000 test 0.4149
epoch 183/200 loss 0.0117 train 1.0000 test 0.4147
epoch 184/200 loss 0.0116 train 1.0000 test 0.4142
epoch 185/200 loss 0.0117 train 0.9998 test 0.4121
epoch 186/200 loss 0.0118 train 1.0000 test 0.4141
epoch 187/200 loss 0.0118 train 1.0000 test 0.4139
epoch 188/200 loss 0.0116 train 0.9998 test 0.4146
epoch 189/200 loss 0.0116 train 1.0000 test 0.4142
epoch 190/200 loss 0.0116 train 1.0000 test 0.4140
epoch 191/200 loss 0.0117 train 0.9998 test 0.4148
epoch 192/200 loss 0.0118 train 0.9998 test 0.4141
epoch 193/200 loss 0.0117 train 1.0000 test 0.4131
epoch 194/200 loss 0.0115 train 1.0000 test 0.4146
epoch 195/200 loss 0.0117 train 0.9998 test 0.4150
epoch 196/200 loss 0.0118 train 1.0000 test 0.4129
epoch 197/200 loss 0.0115 train 1.0000 test 0.4136
epoch 198/200 loss 0.0118 train 0.9996 test 0.4143
epoch 199/200 loss 0.0118 train 0.9998 test 0.4159
epoch 200/200 loss 0.0114 train 1.0000 test 0.4153
done: final 0.4153 best 0.4180 -> ./runs/auxmag_10pct_l10/seed2
AUX_auxmag_10pct_l10_DONE
moment-aux target calibrated on 1024 images
[auxmag_10pct_l05 seed0] {"params_trainable": 11222188, "params_stem_trainable": 0, "params_stem_fixed_filters": 0, "flops_total": 556705792, "flops_stem": 0, "flops_image_size": 32}
epoch 1/200 loss 4.5443 train 0.0347 test 0.0523
epoch 2/200 loss 4.2158 train 0.0673 test 0.0649
epoch 3/200 loss 4.0483 train 0.0815 test 0.0897
epoch 4/200 loss 3.9098 train 0.0980 test 0.0888
epoch 5/200 loss 3.8195 train 0.1078 test 0.1010
epoch 6/200 loss 3.7151 train 0.1334 test 0.1119
epoch 7/200 loss 3.6220 train 0.1344 test 0.1220
epoch 8/200 loss 3.5381 train 0.1583 test 0.1239
epoch 9/200 loss 3.4583 train 0.1705 test 0.1396
epoch 10/200 loss 3.3828 train 0.1797 test 0.1432
epoch 11/200 loss 3.2947 train 0.1979 test 0.1638
epoch 12/200 loss 3.2028 train 0.2073 test 0.1778
epoch 13/200 loss 3.1216 train 0.2328 test 0.1705
epoch 14/200 loss 3.0574 train 0.2368 test 0.1682
epoch 15/200 loss 2.9427 train 0.2566 test 0.1803
epoch 16/200 loss 2.8580 train 0.2704 test 0.1863
epoch 17/200 loss 2.7651 train 0.2897 test 0.1975
epoch 18/200 loss 2.6813 train 0.3053 test 0.2270
epoch 19/200 loss 2.5914 train 0.3239 test 0.2042
epoch 20/200 loss 2.5435 train 0.3355 test 0.2428
epoch 21/200 loss 2.4305 train 0.3564 test 0.2388
epoch 22/200 loss 2.3324 train 0.3762 test 0.2326
epoch 23/200 loss 2.2511 train 0.3982 test 0.2425
epoch 24/200 loss 2.1423 train 0.4127 test 0.2614
epoch 25/200 loss 2.0849 train 0.4259 test 0.2516
epoch 26/200 loss 1.9365 train 0.4623 test 0.2586
epoch 27/200 loss 1.8562 train 0.4912 test 0.2500
epoch 28/200 loss 1.8140 train 0.4924 test 0.2612
epoch 29/200 loss 1.7194 train 0.5102 test 0.2613
epoch 30/200 loss 1.5975 train 0.5421 test 0.2536
epoch 31/200 loss 1.5330 train 0.5573 test 0.2777
epoch 32/200 loss 1.4396 train 0.5831 test 0.2459
epoch 33/200 loss 1.3320 train 0.6072 test 0.2785
epoch 34/200 loss 1.2737 train 0.6258 test 0.2509
epoch 35/200 loss 1.1856 train 0.6488 test 0.2802
epoch 36/200 loss 1.1157 train 0.6753 test 0.3039
epoch 37/200 loss 0.9543 train 0.7143 test 0.2891
epoch 38/200 loss 0.9301 train 0.7190 test 0.2989
epoch 39/200 loss 0.8156 train 0.7526 test 0.2924
epoch 40/200 loss 0.8313 train 0.7448 test 0.3044
epoch 41/200 loss 0.7661 train 0.7776 test 0.2994
epoch 42/200 loss 0.6786 train 0.8023 test 0.3081
epoch 43/200 loss 0.6077 train 0.8193 test 0.3147
epoch 44/200 loss 0.5429 train 0.8391 test 0.3096
epoch 45/200 loss 0.5425 train 0.8387 test 0.2932
epoch 46/200 loss 0.5057 train 0.8520 test 0.2953
epoch 47/200 loss 0.4640 train 0.8638 test 0.3073
epoch 48/200 loss 0.4303 train 0.8744 test 0.3092
epoch 49/200 loss 0.3389 train 0.9085 test 0.3136
epoch 50/200 loss 0.3117 train 0.9103 test 0.3301
epoch 51/200 loss 0.2194 train 0.9419 test 0.3319
epoch 52/200 loss 0.2409 train 0.9353 test 0.3226
epoch 53/200 loss 0.2446 train 0.9331 test 0.3195
epoch 54/200 loss 0.2315 train 0.9389 test 0.3072
epoch 55/200 loss 0.2397 train 0.9391 test 0.3286
epoch 56/200 loss 0.1899 train 0.9555 test 0.3229
epoch 57/200 loss 0.1792 train 0.9571 test 0.3212
epoch 58/200 loss 0.2035 train 0.9489 test 0.3228
epoch 59/200 loss 0.1858 train 0.9557 test 0.3260
epoch 60/200 loss 0.1727 train 0.9585 test 0.3371
epoch 61/200 loss 0.1605 train 0.9629 test 0.3406
epoch 62/200 loss 0.1622 train 0.9609 test 0.3261
epoch 63/200 loss 0.1807 train 0.9559 test 0.3191
epoch 64/200 loss 0.1961 train 0.9509 test 0.3348
epoch 65/200 loss 0.1864 train 0.9501 test 0.3255
epoch 66/200 loss 0.1648 train 0.9621 test 0.3170
epoch 67/200 loss 0.1424 train 0.9700 test 0.3343
epoch 68/200 loss 0.1494 train 0.9681 test 0.3319
epoch 69/200 loss 0.1304 train 0.9698 test 0.3359
epoch 70/200 loss 0.1215 train 0.9736 test 0.3478
epoch 71/200 loss 0.0951 train 0.9822 test 0.3414
epoch 72/200 loss 0.0810 train 0.9854 test 0.3574
epoch 73/200 loss 0.0643 train 0.9926 test 0.3624
epoch 74/200 loss 0.0535 train 0.9948 test 0.3727
epoch 75/200 loss 0.0442 train 0.9942 test 0.3710
epoch 76/200 loss 0.0356 train 0.9970 test 0.3937
epoch 77/200 loss 0.0335 train 0.9964 test 0.3819
epoch 78/200 loss 0.0304 train 0.9978 test 0.3826
epoch 79/200 loss 0.0265 train 0.9984 test 0.3892
epoch 80/200 loss 0.0222 train 0.9986 test 0.3928
epoch 81/200 loss 0.0209 train 0.9992 test 0.3910
epoch 82/200 loss 0.0197 train 1.0000 test 0.3978
epoch 83/200 loss 0.0191 train 0.9998 test 0.4011
epoch 84/200 loss 0.0179 train 0.9998 test 0.3973
epoch 85/200 loss 0.0179 train 0.9996 test 0.4002
epoch 86/200 loss 0.0176 train 0.9998 test 0.4020
epoch 87/200 loss 0.0173 train 0.9998 test 0.4043
epoch 88/200 loss 0.0177 train 0.9996 test 0.4031
epoch 89/200 loss 0.0174 train 0.9998 test 0.4029
epoch 90/200 loss 0.0183 train 0.9996 test 0.4003
epoch 91/200 loss 0.0181 train 0.9996 test 0.4039
epoch 92/200 loss 0.0178 train 0.9998 test 0.4040
epoch 93/200 loss 0.0180 train 0.9996 test 0.4055
epoch 94/200 loss 0.0174 train 0.9998 test 0.4062
epoch 95/200 loss 0.0182 train 0.9996 test 0.4076
epoch 96/200 loss 0.0178 train 0.9998 test 0.4049
epoch 97/200 loss 0.0177 train 0.9998 test 0.4044
epoch 98/200 loss 0.0180 train 0.9996 test 0.4063
epoch 99/200 loss 0.0178 train 0.9998 test 0.4087
epoch 100/200 loss 0.0177 train 0.9996 test 0.4095
epoch 101/200 loss 0.0174 train 0.9998 test 0.4082
epoch 102/200 loss 0.0173 train 0.9996 test 0.4063
epoch 103/200 loss 0.0175 train 0.9996 test 0.4065
epoch 104/200 loss 0.0173 train 0.9996 test 0.4067
epoch 105/200 loss 0.0176 train 0.9996 test 0.4059
epoch 106/200 loss 0.0171 train 0.9998 test 0.4101
epoch 107/200 loss 0.0172 train 0.9998 test 0.4101
epoch 108/200 loss 0.0170 train 0.9998 test 0.4101
epoch 109/200 loss 0.0171 train 0.9996 test 0.4093
epoch 110/200 loss 0.0170 train 0.9998 test 0.4091
epoch 111/200 loss 0.0170 train 0.9998 test 0.4115
epoch 112/200 loss 0.0170 train 0.9998 test 0.4101
epoch 113/200 loss 0.0165 train 0.9998 test 0.4097
epoch 114/200 loss 0.0163 train 0.9996 test 0.4095
epoch 115/200 loss 0.0161 train 0.9996 test 0.4102
epoch 116/200 loss 0.0157 train 0.9998 test 0.4101
epoch 117/200 loss 0.0157 train 0.9998 test 0.4101
epoch 118/200 loss 0.0160 train 0.9998 test 0.4107
epoch 119/200 loss 0.0155 train 0.9998 test 0.4112
epoch 120/200 loss 0.0159 train 0.9998 test 0.4118
epoch 121/200 loss 0.0158 train 0.9996 test 0.4113
epoch 122/200 loss 0.0154 train 0.9998 test 0.4114
epoch 123/200 loss 0.0151 train 0.9998 test 0.4121
epoch 124/200 loss 0.0150 train 0.9998 test 0.4125
epoch 125/200 loss 0.0152 train 0.9996 test 0.4099
epoch 126/200 loss 0.0150 train 0.9998 test 0.4104
epoch 127/200 loss 0.0151 train 0.9996 test 0.4090
epoch 128/200 loss 0.0146 train 0.9998 test 0.4109
epoch 129/200 loss 0.0146 train 0.9998 test 0.4076
epoch 130/200 loss 0.0141 train 0.9998 test 0.4109
epoch 131/200 loss 0.0141 train 0.9996 test 0.4097
epoch 132/200 loss 0.0139 train 0.9998 test 0.4082
epoch 133/200 loss 0.0136 train 0.9998 test 0.4111
epoch 134/200 loss 0.0135 train 0.9998 test 0.4086
epoch 135/200 loss 0.0137 train 0.9996 test 0.4104
epoch 136/200 loss 0.0132 train 1.0000 test 0.4123
epoch 137/200 loss 0.0131 train 0.9996 test 0.4088
epoch 138/200 loss 0.0131 train 0.9998 test 0.4088
epoch 139/200 loss 0.0129 train 0.9998 test 0.4103
epoch 140/200 loss 0.0131 train 1.0000 test 0.4107
epoch 141/200 loss 0.0132 train 0.9998 test 0.4104
epoch 142/200 loss 0.0128 train 0.9998 test 0.4090
epoch 143/200 loss 0.0130 train 0.9996 test 0.4084
epoch 144/200 loss 0.0128 train 0.9998 test 0.4107
epoch 145/200 loss 0.0125 train 0.9998 test 0.4122
epoch 146/200 loss 0.0125 train 0.9998 test 0.4096
epoch 147/200 loss 0.0122 train 0.9996 test 0.4086
epoch 148/200 loss 0.0124 train 0.9996 test 0.4108
epoch 149/200 loss 0.0124 train 0.9998 test 0.4125
epoch 150/200 loss 0.0121 train 0.9998 test 0.4116
epoch 151/200 loss 0.0120 train 0.9998 test 0.4100
epoch 152/200 loss 0.0122 train 0.9996 test 0.4112
epoch 153/200 loss 0.0119 train 0.9998 test 0.4108
epoch 154/200 loss 0.0122 train 1.0000 test 0.4094
epoch 155/200 loss 0.0119 train 0.9996 test 0.4113
epoch 156/200 loss 0.0118 train 0.9998 test 0.4114
epoch 157/200 loss 0.0115 train 0.9998 test 0.4116
epoch 158/200 loss 0.0116 train 1.0000 test 0.4104
epoch 159/200 loss 0.0116 train 1.0000 test 0.4126
epoch 160/200 loss 0.0119 train 0.9996 test 0.4115
epoch 161/200 loss 0.0117 train 1.0000 test 0.4124
epoch 162/200 loss 0.0121 train 0.9996 test 0.4103
epoch 163/200 loss 0.0115 train 0.9998 test 0.4117
epoch 164/200 loss 0.0116 train 0.9998 test 0.4101
epoch 165/200 loss 0.0115 train 0.9998 test 0.4111
epoch 166/200 loss 0.0118 train 0.9996 test 0.4110
epoch 167/200 loss 0.0115 train 1.0000 test 0.4100
epoch 168/200 loss 0.0117 train 1.0000 test 0.4102
epoch 169/200 loss 0.0115 train 1.0000 test 0.4103
epoch 170/200 loss 0.0114 train 0.9998 test 0.4100
epoch 171/200 loss 0.0115 train 0.9998 test 0.4115
epoch 172/200 loss 0.0116 train 1.0000 test 0.4104
epoch 173/200 loss 0.0115 train 1.0000 test 0.4096
epoch 174/200 loss 0.0114 train 0.9998 test 0.4131
epoch 175/200 loss 0.0114 train 1.0000 test 0.4112
epoch 176/200 loss 0.0112 train 0.9998 test 0.4111
epoch 177/200 loss 0.0113 train 0.9998 test 0.4110
epoch 178/200 loss 0.0114 train 0.9998 test 0.4102
epoch 179/200 loss 0.0115 train 0.9998 test 0.4086
epoch 180/200 loss 0.0113 train 0.9998 test 0.4115
epoch 181/200 loss 0.0114 train 1.0000 test 0.4099
epoch 182/200 loss 0.0114 train 1.0000 test 0.4104
epoch 183/200 loss 0.0112 train 1.0000 test 0.4103
epoch 184/200 loss 0.0110 train 1.0000 test 0.4109
epoch 185/200 loss 0.0111 train 1.0000 test 0.4100
epoch 186/200 loss 0.0115 train 0.9998 test 0.4102
epoch 187/200 loss 0.0113 train 1.0000 test 0.4119
epoch 188/200 loss 0.0113 train 0.9996 test 0.4110
epoch 189/200 loss 0.0112 train 1.0000 test 0.4112
epoch 190/200 loss 0.0111 train 0.9998 test 0.4110
epoch 191/200 loss 0.0109 train 1.0000 test 0.4121
epoch 192/200 loss 0.0111 train 1.0000 test 0.4115
epoch 193/200 loss 0.0112 train 0.9998 test 0.4098
epoch 194/200 loss 0.0112 train 1.0000 test 0.4106
epoch 195/200 loss 0.0112 train 0.9998 test 0.4097
epoch 196/200 loss 0.0112 train 0.9996 test 0.4128
epoch 197/200 loss 0.0110 train 1.0000 test 0.4099
epoch 198/200 loss 0.0111 train 1.0000 test 0.4099
epoch 199/200 loss 0.0112 train 1.0000 test 0.4101
epoch 200/200 loss 0.0110 train 1.0000 test 0.4100
done: final 0.4100 best 0.4131 -> ./runs/auxmag_10pct_l05/seed0
moment-aux target calibrated on 1024 images
[auxmag_10pct_l05 seed1] {"params_trainable": 11222188, "params_stem_trainable": 0, "params_stem_fixed_filters": 0, "flops_total": 556705792, "flops_stem": 0, "flops_image_size": 32}
epoch 1/200 loss 4.5484 train 0.0353 test 0.0518
epoch 2/200 loss 4.2462 train 0.0593 test 0.0738
epoch 3/200 loss 4.0686 train 0.0767 test 0.0793
epoch 4/200 loss 3.9393 train 0.0933 test 0.0951
epoch 5/200 loss 3.8449 train 0.1038 test 0.1059
epoch 6/200 loss 3.7155 train 0.1286 test 0.1147
epoch 7/200 loss 3.6289 train 0.1414 test 0.1120
epoch 8/200 loss 3.5417 train 0.1490 test 0.1334
epoch 9/200 loss 3.4688 train 0.1601 test 0.1302
epoch 10/200 loss 3.3985 train 0.1783 test 0.1334
epoch 11/200 loss 3.3112 train 0.1889 test 0.1430
epoch 12/200 loss 3.2291 train 0.2031 test 0.1616
epoch 13/200 loss 3.1498 train 0.2216 test 0.1674
epoch 14/200 loss 3.0606 train 0.2406 test 0.1721
epoch 15/200 loss 2.9694 train 0.2492 test 0.1805
epoch 16/200 loss 2.8604 train 0.2790 test 0.1942
epoch 17/200 loss 2.7859 train 0.2911 test 0.2042
epoch 18/200 loss 2.7004 train 0.3015 test 0.1885
epoch 19/200 loss 2.6310 train 0.3137 test 0.2063
epoch 20/200 loss 2.5445 train 0.3293 test 0.2024
epoch 21/200 loss 2.4651 train 0.3526 test 0.2276
epoch 22/200 loss 2.3246 train 0.3814 test 0.2418
epoch 23/200 loss 2.2533 train 0.3864 test 0.2431
epoch 24/200 loss 2.1599 train 0.4109 test 0.2473
epoch 25/200 loss 2.0770 train 0.4347 test 0.2418
epoch 26/200 loss 1.9805 train 0.4509 test 0.2496
epoch 27/200 loss 1.9350 train 0.4627 test 0.2430
epoch 28/200 loss 1.8142 train 0.4988 test 0.2684
epoch 29/200 loss 1.6881 train 0.5186 test 0.2949
epoch 30/200 loss 1.5743 train 0.5529 test 0.2627
epoch 31/200 loss 1.5659 train 0.5593 test 0.2724
epoch 32/200 loss 1.4466 train 0.5873 test 0.2831
epoch 33/200 loss 1.3778 train 0.6034 test 0.2643
epoch 34/200 loss 1.2473 train 0.6358 test 0.2771
epoch 35/200 loss 1.1628 train 0.6562 test 0.2913
epoch 36/200 loss 1.1029 train 0.6787 test 0.2903
epoch 37/200 loss 1.0611 train 0.6857 test 0.2934
epoch 38/200 loss 0.9476 train 0.7188 test 0.3050
epoch 39/200 loss 0.8773 train 0.7412 test 0.2874
epoch 40/200 loss 0.7872 train 0.7694 test 0.2965
epoch 41/200 loss 0.7865 train 0.7710 test 0.2855
epoch 42/200 loss 0.7188 train 0.7883 test 0.2963
epoch 43/200 loss 0.6553 train 0.7965 test 0.2861
epoch 44/200 loss 0.5562 train 0.8431 test 0.3001
epoch 45/200 loss 0.5108 train 0.8490 test 0.3010
epoch 46/200 loss 0.4437 train 0.8712 test 0.3103
epoch 47/200 loss 0.4296 train 0.8738 test 0.2940
epoch 48/200 loss 0.4196 train 0.8818 test 0.3031
epoch 49/200 loss 0.4220 train 0.8798 test 0.2953
epoch 50/200 loss 0.3779 train 0.8934 test 0.3238
epoch 51/200 loss 0.3286 train 0.9044 test 0.3214
epoch 52/200 loss 0.2761 train 0.9245 test 0.3008
epoch 53/200 loss 0.2955 train 0.9163 test 0.3246
epoch 54/200 loss 0.2425 train 0.9361 test 0.3054
epoch 55/200 loss 0.2294 train 0.9383 test 0.3326
epoch 56/200 loss 0.2197 train 0.9429 test 0.3241
epoch 57/200 loss 0.2441 train 0.9341 test 0.3009
epoch 58/200 loss 0.2586 train 0.9319 test 0.3129
epoch 59/200 loss 0.2343 train 0.9371 test 0.3247
epoch 60/200 loss 0.1759 train 0.9549 test 0.3346
epoch 61/200 loss 0.1687 train 0.9579 test 0.3337
epoch 62/200 loss 0.1532 train 0.9637 test 0.3469
epoch 63/200 loss 0.1290 train 0.9734 test 0.3420
epoch 64/200 loss 0.0934 train 0.9816 test 0.3401
epoch 65/200 loss 0.0856 train 0.9862 test 0.3422
epoch 66/200 loss 0.0675 train 0.9896 test 0.3461
epoch 67/200 loss 0.0517 train 0.9948 test 0.3712
epoch 68/200 loss 0.0443 train 0.9958 test 0.3710
epoch 69/200 loss 0.0343 train 0.9982 test 0.3755
epoch 70/200 loss 0.0288 train 0.9990 test 0.3850
epoch 71/200 loss 0.0224 train 0.9996 test 0.3881
epoch 72/200 loss 0.0238 train 0.9990 test 0.3874
epoch 73/200 loss 0.0217 train 0.9994 test 0.3915
epoch 74/200 loss 0.0211 train 0.9996 test 0.3882
epoch 75/200 loss 0.0197 train 0.9996 test 0.3931
epoch 76/200 loss 0.0193 train 0.9996 test 0.3957
epoch 77/200 loss 0.0191 train 0.9998 test 0.3915
epoch 78/200 loss 0.0189 train 0.9996 test 0.3955
epoch 79/200 loss 0.0191 train 0.9998 test 0.3935
epoch 80/200 loss 0.0188 train 0.9998 test 0.3952
epoch 81/200 loss 0.0190 train 0.9996 test 0.3968
epoch 82/200 loss 0.0188 train 0.9998 test 0.3958
epoch 83/200 loss 0.0188 train 1.0000 test 0.3989
epoch 84/200 loss 0.0192 train 0.9996 test 0.3999
epoch 85/200 loss 0.0193 train 0.9998 test 0.3974
epoch 86/200 loss 0.0196 train 0.9996 test 0.4002
epoch 87/200 loss 0.0189 train 0.9996 test 0.4014
epoch 88/200 loss 0.0191 train 0.9998 test 0.3996
epoch 89/200 loss 0.0189 train 0.9996 test 0.4037
epoch 90/200 loss 0.0199 train 0.9994 test 0.4007
epoch 91/200 loss 0.0196 train 0.9994 test 0.3950
epoch 92/200 loss 0.0196 train 0.9998 test 0.3982
epoch 93/200 loss 0.0188 train 0.9998 test 0.4002
epoch 94/200 loss 0.0184 train 0.9998 test 0.3983
epoch 95/200 loss 0.0186 train 0.9998 test 0.3996
epoch 96/200 loss 0.0186 train 0.9996 test 0.3994
epoch 97/200 loss 0.0180 train 0.9998 test 0.4014
epoch 98/200 loss 0.0176 train 0.9996 test 0.3999
epoch 99/200 loss 0.0178 train 0.9998 test 0.4017
epoch 100/200 loss 0.0175 train 0.9996 test 0.4007
epoch 101/200 loss 0.0175 train 0.9998 test 0.4003
epoch 102/200 loss 0.0166 train 0.9998 test 0.4039
epoch 103/200 loss 0.0166 train 0.9996 test 0.4013
epoch 104/200 loss 0.0165 train 0.9998 test 0.4014
epoch 105/200 loss 0.0164 train 0.9996 test 0.3993
epoch 106/200 loss 0.0174 train 0.9998 test 0.4008
epoch 107/200 loss 0.0161 train 1.0000 test 0.4017
epoch 108/200 loss 0.0159 train 0.9998 test 0.4031
epoch 109/200 loss 0.0156 train 0.9998 test 0.3984
epoch 110/200 loss 0.0154 train 0.9998 test 0.3953
epoch 111/200 loss 0.0163 train 0.9996 test 0.4019
epoch 112/200 loss 0.0152 train 0.9998 test 0.4029
epoch 113/200 loss 0.0149 train 0.9998 test 0.4028
epoch 114/200 loss 0.0145 train 0.9998 test 0.4049
epoch 115/200 loss 0.0143 train 0.9998 test 0.4032
epoch 116/200 loss 0.0143 train 0.9998 test 0.4036
epoch 117/200 loss 0.0139 train 0.9998 test 0.4044
epoch 118/200 loss 0.0141 train 0.9996 test 0.4012
epoch 119/200 loss 0.0142 train 0.9998 test 0.4056
epoch 120/200 loss 0.0139 train 0.9998 test 0.4075
epoch 121/200 loss 0.0134 train 0.9998 test 0.4046
epoch 122/200 loss 0.0137 train 0.9996 test 0.4059
epoch 123/200 loss 0.0132 train 0.9998 test 0.4035
epoch 124/200 loss 0.0133 train 0.9996 test 0.4043
epoch 125/200 loss 0.0127 train 1.0000 test 0.4066
epoch 126/200 loss 0.0128 train 0.9998 test 0.4051
epoch 127/200 loss 0.0127 train 0.9998 test 0.4049
epoch 128/200 loss 0.0132 train 1.0000 test 0.4039
epoch 129/200 loss 0.0128 train 0.9998 test 0.4043
epoch 130/200 loss 0.0126 train 0.9998 test 0.4008
epoch 131/200 loss 0.0126 train 0.9998 test 0.4055
epoch 132/200 loss 0.0121 train 0.9998 test 0.4051
epoch 133/200 loss 0.0120 train 1.0000 test 0.4056
epoch 134/200 loss 0.0122 train 1.0000 test 0.4058
epoch 135/200 loss 0.0121 train 0.9996 test 0.4051
epoch 136/200 loss 0.0120 train 0.9998 test 0.4066
epoch 137/200 loss 0.0136 train 0.9994 test 0.3949
epoch 138/200 loss 0.0199 train 0.9994 test 0.3920
epoch 139/200 loss 0.0184 train 0.9994 test 0.4027
epoch 140/200 loss 0.0155 train 0.9996 test 0.4065
epoch 141/200 loss 0.0124 train 0.9998 test 0.4100
epoch 142/200 loss 0.0118 train 1.0000 test 0.4079
epoch 143/200 loss 0.0113 train 1.0000 test 0.4079
epoch 144/200 loss 0.0116 train 0.9998 test 0.4046
epoch 145/200 loss 0.0112 train 1.0000 test 0.4059
epoch 146/200 loss 0.0113 train 1.0000 test 0.4085
epoch 147/200 loss 0.0117 train 0.9996 test 0.4087
epoch 148/200 loss 0.0116 train 0.9998 test 0.4080
epoch 149/200 loss 0.0111 train 0.9998 test 0.4104
epoch 150/200 loss 0.0110 train 0.9996 test 0.4079
epoch 151/200 loss 0.0110 train 0.9998 test 0.4073
epoch 152/200 loss 0.0110 train 0.9998 test 0.4062
epoch 153/200 loss 0.0110 train 1.0000 test 0.4100
epoch 154/200 loss 0.0108 train 1.0000 test 0.4088
epoch 155/200 loss 0.0111 train 0.9998 test 0.4099
epoch 156/200 loss 0.0107 train 0.9998 test 0.4085
epoch 157/200 loss 0.0108 train 0.9998 test 0.4097
epoch 158/200 loss 0.0105 train 0.9998 test 0.4103
epoch 159/200 loss 0.0105 train 1.0000 test 0.4089
epoch 160/200 loss 0.0103 train 1.0000 test 0.4117
epoch 161/200 loss 0.0103 train 1.0000 test 0.4087
epoch 162/200 loss 0.0104 train 0.9998 test 0.4086
epoch 163/200 loss 0.0105 train 0.9998 test 0.4098
epoch 164/200 loss 0.0103 train 0.9998 test 0.4107
epoch 165/200 loss 0.0104 train 1.0000 test 0.4107
epoch 166/200 loss 0.0104 train 1.0000 test 0.4087
epoch 167/200 loss 0.0104 train 0.9998 test 0.4091
epoch 168/200 loss 0.0105 train 0.9996 test 0.4081
epoch 169/200 loss 0.0105 train 0.9996 test 0.4095
epoch 170/200 loss 0.0104 train 0.9998 test 0.4080
epoch 171/200 loss 0.0100 train 1.0000 test 0.4092
epoch 172/200 loss 0.0099 train 1.0000 test 0.4103
epoch 173/200 loss 0.0104 train 0.9998 test 0.4092
epoch 174/200 loss 0.0100 train 1.0000 test 0.4083
epoch 175/200 loss 0.0100 train 0.9998 test 0.4098
epoch 176/200 loss 0.0099 train 1.0000 test 0.4083
epoch 177/200 loss 0.0102 train 0.9998 test 0.4076
epoch 178/200 loss 0.0100 train 1.0000 test 0.4089
epoch 179/200 loss 0.0104 train 0.9998 test 0.4122
epoch 180/200 loss 0.0101 train 1.0000 test 0.4078
epoch 181/200 loss 0.0099 train 1.0000 test 0.4094
epoch 182/200 loss 0.0101 train 1.0000 test 0.4070
epoch 183/200 loss 0.0100 train 1.0000 test 0.4086
epoch 184/200 loss 0.0099 train 0.9998 test 0.4085
epoch 185/200 loss 0.0100 train 1.0000 test 0.4087
epoch 186/200 loss 0.0100 train 1.0000 test 0.4084
epoch 187/200 loss 0.0097 train 1.0000 test 0.4083
epoch 188/200 loss 0.0101 train 0.9998 test 0.4070
epoch 189/200 loss 0.0102 train 0.9998 test 0.4064
epoch 190/200 loss 0.0100 train 1.0000 test 0.4086
epoch 191/200 loss 0.0099 train 1.0000 test 0.4071
epoch 192/200 loss 0.0101 train 0.9998 test 0.4085
epoch 193/200 loss 0.0102 train 1.0000 test 0.4087
epoch 194/200 loss 0.0099 train 0.9998 test 0.4086
epoch 195/200 loss 0.0102 train 0.9998 test 0.4077
epoch 196/200 loss 0.0102 train 0.9998 test 0.4093
epoch 197/200 loss 0.0101 train 1.0000 test 0.4093
epoch 198/200 loss 0.0102 train 1.0000 test 0.4101
epoch 199/200 loss 0.0103 train 1.0000 test 0.4083
epoch 200/200 loss 0.0100 train 1.0000 test 0.4076
done: final 0.4076 best 0.4122 -> ./runs/auxmag_10pct_l05/seed1
moment-aux target calibrated on 1024 images
[auxmag_10pct_l05 seed2] {"params_trainable": 11222188, "params_stem_trainable": 0, "params_stem_fixed_filters": 0, "flops_total": 556705792, "flops_stem": 0, "flops_image_size": 32}
epoch 1/200 loss 4.5260 train 0.0365 test 0.0601
epoch 2/200 loss 4.2121 train 0.0703 test 0.0731
epoch 3/200 loss 4.0625 train 0.0843 test 0.0755
epoch 4/200 loss 3.9170 train 0.1004 test 0.0994
epoch 5/200 loss 3.8025 train 0.1176 test 0.1111
epoch 6/200 loss 3.6981 train 0.1272 test 0.1163
epoch 7/200 loss 3.6352 train 0.1394 test 0.1094
epoch 8/200 loss 3.5410 train 0.1589 test 0.1370
epoch 9/200 loss 3.4588 train 0.1621 test 0.1497
epoch 10/200 loss 3.3707 train 0.1881 test 0.1485
epoch 11/200 loss 3.2794 train 0.2041 test 0.1567
epoch 12/200 loss 3.1944 train 0.2153 test 0.1639
epoch 13/200 loss 3.1411 train 0.2196 test 0.1668
epoch 14/200 loss 3.0491 train 0.2368 test 0.1886
epoch 15/200 loss 2.9524 train 0.2522 test 0.1822
epoch 16/200 loss 2.8554 train 0.2738 test 0.1842
epoch 17/200 loss 2.7909 train 0.2893 test 0.1932
epoch 18/200 loss 2.6741 train 0.3115 test 0.1892
epoch 19/200 loss 2.6082 train 0.3251 test 0.2073
epoch 20/200 loss 2.5172 train 0.3407 test 0.2039
epoch 21/200 loss 2.4185 train 0.3548 test 0.2507
epoch 22/200 loss 2.3133 train 0.3882 test 0.2415
epoch 23/200 loss 2.2139 train 0.4060 test 0.2327
epoch 24/200 loss 2.1188 train 0.4245 test 0.2422
epoch 25/200 loss 2.0293 train 0.4361 test 0.2540
epoch 26/200 loss 1.9256 train 0.4702 test 0.2694
epoch 27/200 loss 1.8559 train 0.4860 test 0.2632
epoch 28/200 loss 1.7411 train 0.5088 test 0.2531
epoch 29/200 loss 1.6772 train 0.5218 test 0.2352
epoch 30/200 loss 1.5988 train 0.5447 test 0.2764
epoch 31/200 loss 1.4989 train 0.5635 test 0.2805
epoch 32/200 loss 1.4269 train 0.5859 test 0.2859
epoch 33/200 loss 1.2815 train 0.6230 test 0.2751
epoch 34/200 loss 1.2748 train 0.6252 test 0.2870
epoch 35/200 loss 1.1298 train 0.6759 test 0.2902
epoch 36/200 loss 1.0931 train 0.6755 test 0.2823
epoch 37/200 loss 1.0678 train 0.6853 test 0.3052
epoch 38/200 loss 0.8956 train 0.7352 test 0.3172
epoch 39/200 loss 0.8471 train 0.7444 test 0.2831
epoch 40/200 loss 0.7482 train 0.7768 test 0.3122
epoch 41/200 loss 0.6803 train 0.7941 test 0.3051
epoch 42/200 loss 0.6736 train 0.7993 test 0.3130
epoch 43/200 loss 0.5953 train 0.8253 test 0.2928
epoch 44/200 loss 0.6057 train 0.8237 test 0.3002
epoch 45/200 loss 0.5384 train 0.8399 test 0.3171
epoch 46/200 loss 0.4714 train 0.8602 test 0.3155
epoch 47/200 loss 0.4115 train 0.8858 test 0.3329
epoch 48/200 loss 0.3588 train 0.8966 test 0.3152
epoch 49/200 loss 0.3379 train 0.9060 test 0.3037
epoch 50/200 loss 0.3571 train 0.8908 test 0.3187
epoch 51/200 loss 0.3383 train 0.9038 test 0.3169
epoch 52/200 loss 0.3476 train 0.9044 test 0.3113
epoch 53/200 loss 0.3146 train 0.9139 test 0.3306
epoch 54/200 loss 0.2445 train 0.9349 test 0.3191
epoch 55/200 loss 0.2597 train 0.9259 test 0.3262
epoch 56/200 loss 0.2487 train 0.9349 test 0.3268
epoch 57/200 loss 0.2367 train 0.9411 test 0.3378
epoch 58/200 loss 0.1937 train 0.9493 test 0.3279
epoch 59/200 loss 0.1735 train 0.9553 test 0.3559
epoch 60/200 loss 0.1662 train 0.9613 test 0.3407
epoch 61/200 loss 0.1567 train 0.9635 test 0.3390
epoch 62/200 loss 0.1210 train 0.9760 test 0.3553
epoch 63/200 loss 0.1079 train 0.9776 test 0.3480
epoch 64/200 loss 0.1173 train 0.9762 test 0.3436
epoch 65/200 loss 0.1182 train 0.9750 test 0.3456
epoch 66/200 loss 0.1164 train 0.9756 test 0.3372
epoch 67/200 loss 0.1084 train 0.9794 test 0.3468
epoch 68/200 loss 0.0975 train 0.9800 test 0.3505
epoch 69/200 loss 0.0975 train 0.9810 test 0.3478
epoch 70/200 loss 0.0793 train 0.9872 test 0.3622
epoch 71/200 loss 0.0713 train 0.9892 test 0.3641
epoch 72/200 loss 0.0489 train 0.9944 test 0.3782
epoch 73/200 loss 0.0392 train 0.9958 test 0.3871
epoch 74/200 loss 0.0612 train 0.9904 test 0.3564
epoch 75/200 loss 0.0724 train 0.9896 test 0.3655
epoch 76/200 loss 0.0599 train 0.9926 test 0.3735
epoch 77/200 loss 0.0442 train 0.9954 test 0.3802
epoch 78/200 loss 0.0339 train 0.9972 test 0.3815
epoch 79/200 loss 0.0383 train 0.9954 test 0.3802
epoch 80/200 loss 0.0422 train 0.9944 test 0.3793
epoch 81/200 loss 0.0317 train 0.9984 test 0.3746
epoch 82/200 loss 0.0315 train 0.9982 test 0.3796
epoch 83/200 loss 0.0252 train 0.9992 test 0.3926
epoch 84/200 loss 0.0207 train 0.9996 test 0.3970
epoch 85/200 loss 0.0203 train 0.9992 test 0.3979
epoch 86/200 loss 0.0181 train 0.9996 test 0.4017
epoch 87/200 loss 0.0172 train 0.9998 test 0.4050
epoch 88/200 loss 0.0170 train 0.9996 test 0.4032
epoch 89/200 loss 0.0175 train 0.9998 test 0.4054
epoch 90/200 loss 0.0174 train 0.9996 test 0.4059
epoch 91/200 loss 0.0172 train 0.9998 test 0.4053
epoch 92/200 loss 0.0172 train 0.9998 test 0.4057
epoch 93/200 loss 0.0177 train 0.9996 test 0.4027
epoch 94/200 loss 0.0176 train 0.9998 test 0.4058
epoch 95/200 loss 0.0175 train 0.9996 test 0.4074
epoch 96/200 loss 0.0170 train 0.9998 test 0.4073
epoch 97/200 loss 0.0172 train 0.9998 test 0.4077
epoch 98/200 loss 0.0171 train 0.9998 test 0.4079
epoch 99/200 loss 0.0173 train 0.9996 test 0.4084
epoch 100/200 loss 0.0168 train 0.9996 test 0.4107
epoch 101/200 loss 0.0170 train 0.9998 test 0.4106
epoch 102/200 loss 0.0166 train 0.9996 test 0.4076
epoch 103/200 loss 0.0166 train 0.9996 test 0.4078
epoch 104/200 loss 0.0163 train 0.9998 test 0.4104
epoch 105/200 loss 0.0162 train 0.9998 test 0.4097
epoch 106/200 loss 0.0161 train 0.9998 test 0.4106
epoch 107/200 loss 0.0157 train 0.9998 test 0.4098
epoch 108/200 loss 0.0162 train 0.9996 test 0.4081
epoch 109/200 loss 0.0155 train 1.0000 test 0.4069
epoch 110/200 loss 0.0156 train 0.9998 test 0.4098
epoch 111/200 loss 0.0158 train 0.9996 test 0.4080
epoch 112/200 loss 0.0151 train 0.9998 test 0.4107
epoch 113/200 loss 0.0152 train 0.9998 test 0.4086
epoch 114/200 loss 0.0150 train 0.9998 test 0.4086
epoch 115/200 loss 0.0150 train 0.9996 test 0.4091
epoch 116/200 loss 0.0144 train 1.0000 test 0.4123
epoch 117/200 loss 0.0145 train 0.9998 test 0.4090
epoch 118/200 loss 0.0145 train 0.9998 test 0.4107
epoch 119/200 loss 0.0144 train 0.9996 test 0.4097
epoch 120/200 loss 0.0142 train 0.9996 test 0.4100
epoch 121/200 loss 0.0138 train 1.0000 test 0.4124
epoch 122/200 loss 0.0136 train 0.9998 test 0.4116
epoch 123/200 loss 0.0136 train 0.9998 test 0.4095
epoch 124/200 loss 0.0143 train 0.9998 test 0.4117
epoch 125/200 loss 0.0137 train 0.9998 test 0.4101
epoch 126/200 loss 0.0136 train 0.9996 test 0.4123
epoch 127/200 loss 0.0137 train 0.9998 test 0.4085
epoch 128/200 loss 0.0133 train 0.9996 test 0.4114
epoch 129/200 loss 0.0132 train 0.9996 test 0.4128
epoch 130/200 loss 0.0128 train 0.9998 test 0.4118
epoch 131/200 loss 0.0127 train 0.9998 test 0.4130
epoch 132/200 loss 0.0125 train 0.9998 test 0.4110
epoch 133/200 loss 0.0127 train 0.9998 test 0.4104
epoch 134/200 loss 0.0125 train 0.9998 test 0.4121
epoch 135/200 loss 0.0124 train 0.9996 test 0.4126
epoch 136/200 loss 0.0125 train 0.9998 test 0.4141
epoch 137/200 loss 0.0123 train 0.9996 test 0.4116
epoch 138/200 loss 0.0121 train 0.9996 test 0.4114
epoch 139/200 loss 0.0121 train 0.9998 test 0.4127
epoch 140/200 loss 0.0120 train 0.9998 test 0.4138
epoch 141/200 loss 0.0119 train 0.9996 test 0.4115
epoch 142/200 loss 0.0120 train 0.9996 test 0.4131
epoch 143/200 loss 0.0117 train 1.0000 test 0.4148
epoch 144/200 loss 0.0117 train 0.9998 test 0.4107
epoch 145/200 loss 0.0119 train 1.0000 test 0.4112
epoch 146/200 loss 0.0117 train 0.9998 test 0.4128
epoch 147/200 loss 0.0115 train 1.0000 test 0.4110
epoch 148/200 loss 0.0116 train 0.9998 test 0.4134
epoch 149/200 loss 0.0116 train 0.9996 test 0.4123
epoch 150/200 loss 0.0117 train 0.9998 test 0.4132
epoch 151/200 loss 0.0118 train 0.9996 test 0.4133
epoch 152/200 loss 0.0117 train 1.0000 test 0.4142
epoch 153/200 loss 0.0117 train 0.9998 test 0.4132
epoch 154/200 loss 0.0115 train 1.0000 test 0.4114
epoch 155/200 loss 0.0118 train 0.9996 test 0.4139
epoch 156/200 loss 0.0112 train 1.0000 test 0.4132
epoch 157/200 loss 0.0111 train 0.9998 test 0.4128
epoch 158/200 loss 0.0113 train 0.9996 test 0.4137
epoch 159/200 loss 0.0111 train 1.0000 test 0.4137
epoch 160/200 loss 0.0114 train 0.9998 test 0.4158
epoch 161/200 loss 0.0108 train 1.0000 test 0.4164
epoch 162/200 loss 0.0112 train 0.9998 test 0.4145
epoch 163/200 loss 0.0108 train 1.0000 test 0.4128
epoch 164/200 loss 0.0113 train 0.9996 test 0.4129
epoch 165/200 loss 0.0109 train 1.0000 test 0.4137
epoch 166/200 loss 0.0111 train 1.0000 test 0.4148
epoch 167/200 loss 0.0110 train 0.9998 test 0.4128
epoch 168/200 loss 0.0108 train 1.0000 test 0.4138
epoch 169/200 loss 0.0109 train 1.0000 test 0.4146
epoch 170/200 loss 0.0110 train 1.0000 test 0.4159
epoch 171/200 loss 0.0107 train 1.0000 test 0.4155
epoch 172/200 loss 0.0110 train 0.9998 test 0.4167
epoch 173/200 loss 0.0109 train 0.9998 test 0.4153
epoch 174/200 loss 0.0107 train 1.0000 test 0.4146
epoch 175/200 loss 0.0107 train 1.0000 test 0.4151
epoch 176/200 loss 0.0107 train 1.0000 test 0.4144
epoch 177/200 loss 0.0109 train 0.9998 test 0.4163
epoch 178/200 loss 0.0107 train 0.9998 test 0.4169
epoch 179/200 loss 0.0105 train 1.0000 test 0.4167
epoch 180/200 loss 0.0111 train 0.9996 test 0.4150
epoch 181/200 loss 0.0108 train 1.0000 test 0.4150
epoch 182/200 loss 0.0105 train 1.0000 test 0.4167
epoch 183/200 loss 0.0106 train 1.0000 test 0.4143
epoch 184/200 loss 0.0105 train 1.0000 test 0.4168
epoch 185/200 loss 0.0106 train 1.0000 test 0.4151
epoch 186/200 loss 0.0107 train 1.0000 test 0.4154
epoch 187/200 loss 0.0107 train 1.0000 test 0.4162
epoch 188/200 loss 0.0105 train 0.9998 test 0.4152
epoch 189/200 loss 0.0104 train 1.0000 test 0.4156
epoch 190/200 loss 0.0105 train 1.0000 test 0.4164
epoch 191/200 loss 0.0105 train 1.0000 test 0.4155
epoch 192/200 loss 0.0108 train 0.9998 test 0.4153
epoch 193/200 loss 0.0107 train 0.9998 test 0.4162
epoch 194/200 loss 0.0104 train 1.0000 test 0.4151
epoch 195/200 loss 0.0106 train 1.0000 test 0.4151
epoch 196/200 loss 0.0105 train 1.0000 test 0.4142
epoch 197/200 loss 0.0105 train 1.0000 test 0.4160
epoch 198/200 loss 0.0106 train 0.9998 test 0.4168
epoch 199/200 loss 0.0107 train 0.9998 test 0.4173
epoch 200/200 loss 0.0104 train 1.0000 test 0.4162
done: final 0.4162 best 0.4173 -> ./runs/auxmag_10pct_l05/seed2
AUX_auxmag_10pct_l05_DONE
moment-aux target calibrated on 1024 images
[auxmag_10pct_l30 seed0] {"params_trainable": 11222188, "params_stem_trainable": 0, "params_stem_fixed_filters": 0, "flops_total": 556705792, "flops_stem": 0, "flops_image_size": 32}
epoch 1/200 loss 4.8449 train 0.0337 test 0.0519
epoch 2/200 loss 4.2971 train 0.0699 test 0.0754
epoch 3/200 loss 4.0842 train 0.0909 test 0.0952
epoch 4/200 loss 3.9015 train 0.1136 test 0.0974
epoch 5/200 loss 3.7873 train 0.1220 test 0.1127
epoch 6/200 loss 3.6745 train 0.1502 test 0.1252
epoch 7/200 loss 3.5816 train 0.1565 test 0.1358
epoch 8/200 loss 3.4590 train 0.1807 test 0.1214
epoch 9/200 loss 3.3822 train 0.1881 test 0.1631
epoch 10/200 loss 3.2937 train 0.2029 test 0.1537
epoch 11/200 loss 3.1991 train 0.2179 test 0.1653
epoch 12/200 loss 3.0951 train 0.2374 test 0.1645
epoch 13/200 loss 3.0149 train 0.2540 test 0.2068
epoch 14/200 loss 2.9131 train 0.2692 test 0.1691
epoch 15/200 loss 2.8201 train 0.2883 test 0.2071
epoch 16/200 loss 2.7336 train 0.2987 test 0.2211
epoch 17/200 loss 2.6224 train 0.3299 test 0.2159
epoch 18/200 loss 2.5499 train 0.3415 test 0.2421
epoch 19/200 loss 2.4514 train 0.3480 test 0.2403
epoch 20/200 loss 2.3871 train 0.3770 test 0.2608
epoch 21/200 loss 2.2411 train 0.3998 test 0.2524
epoch 22/200 loss 2.1723 train 0.4155 test 0.2637
epoch 23/200 loss 2.0800 train 0.4411 test 0.2683
epoch 24/200 loss 1.9894 train 0.4625 test 0.2513
epoch 25/200 loss 1.9090 train 0.4820 test 0.2934
epoch 26/200 loss 1.7545 train 0.5110 test 0.2640
epoch 27/200 loss 1.7165 train 0.5262 test 0.2642
epoch 28/200 loss 1.6147 train 0.5393 test 0.3005
epoch 29/200 loss 1.5546 train 0.5599 test 0.2876
epoch 30/200 loss 1.4625 train 0.5907 test 0.3166
epoch 31/200 loss 1.3699 train 0.6060 test 0.2800
epoch 32/200 loss 1.2907 train 0.6266 test 0.3032
epoch 33/200 loss 1.2150 train 0.6490 test 0.3060
epoch 34/200 loss 1.1143 train 0.6753 test 0.3084
epoch 35/200 loss 1.0841 train 0.6795 test 0.2985
epoch 36/200 loss 0.9979 train 0.7131 test 0.2904
epoch 37/200 loss 0.8804 train 0.7370 test 0.2954
epoch 38/200 loss 0.8378 train 0.7532 test 0.3135
epoch 39/200 loss 0.7922 train 0.7696 test 0.3195
epoch 40/200 loss 0.7577 train 0.7782 test 0.3081
epoch 41/200 loss 0.7083 train 0.7955 test 0.3091
epoch 42/200 loss 0.6546 train 0.8157 test 0.3139
epoch 43/200 loss 0.5729 train 0.8365 test 0.3216
epoch 44/200 loss 0.4826 train 0.8644 test 0.3236
epoch 45/200 loss 0.4901 train 0.8596 test 0.2797
epoch 46/200 loss 0.4959 train 0.8622 test 0.3189
epoch 47/200 loss 0.4537 train 0.8700 test 0.3296
epoch 48/200 loss 0.4182 train 0.8902 test 0.3195
epoch 49/200 loss 0.3922 train 0.8984 test 0.3264
epoch 50/200 loss 0.3820 train 0.8912 test 0.3443
epoch 51/200 loss 0.3040 train 0.9245 test 0.3124
epoch 52/200 loss 0.2820 train 0.9299 test 0.3041
epoch 53/200 loss 0.2850 train 0.9327 test 0.3443
epoch 54/200 loss 0.2370 train 0.9417 test 0.3519
epoch 55/200 loss 0.2193 train 0.9479 test 0.3535
epoch 56/200 loss 0.2206 train 0.9497 test 0.3436
epoch 57/200 loss 0.2200 train 0.9439 test 0.3303
epoch 58/200 loss 0.1991 train 0.9537 test 0.3424
epoch 59/200 loss 0.1845 train 0.9611 test 0.3500
epoch 60/200 loss 0.1774 train 0.9589 test 0.3594
epoch 61/200 loss 0.1654 train 0.9647 test 0.3746
epoch 62/200 loss 0.1610 train 0.9649 test 0.3410
epoch 63/200 loss 0.1596 train 0.9663 test 0.3412
epoch 64/200 loss 0.1538 train 0.9681 test 0.3686
epoch 65/200 loss 0.1180 train 0.9774 test 0.3697
epoch 66/200 loss 0.1172 train 0.9798 test 0.3558
epoch 67/200 loss 0.1170 train 0.9792 test 0.3594
epoch 68/200 loss 0.1276 train 0.9794 test 0.3735
epoch 69/200 loss 0.1325 train 0.9748 test 0.3470
epoch 70/200 loss 0.1094 train 0.9824 test 0.3839
epoch 71/200 loss 0.0977 train 0.9832 test 0.3716
epoch 72/200 loss 0.0903 train 0.9870 test 0.3787
epoch 73/200 loss 0.0847 train 0.9880 test 0.3740
epoch 74/200 loss 0.0850 train 0.9866 test 0.3862
epoch 75/200 loss 0.0855 train 0.9880 test 0.3734
epoch 76/200 loss 0.0846 train 0.9864 test 0.3592
epoch 77/200 loss 0.0885 train 0.9880 test 0.3799
epoch 78/200 loss 0.0733 train 0.9900 test 0.3862
epoch 79/200 loss 0.0774 train 0.9882 test 0.3668
epoch 80/200 loss 0.0791 train 0.9894 test 0.3778
epoch 81/200 loss 0.0602 train 0.9938 test 0.3956
epoch 82/200 loss 0.0486 train 0.9972 test 0.3942
epoch 83/200 loss 0.0472 train 0.9964 test 0.3965
epoch 84/200 loss 0.0460 train 0.9946 test 0.3972
epoch 85/200 loss 0.0532 train 0.9950 test 0.3840
epoch 86/200 loss 0.0504 train 0.9960 test 0.3919
epoch 87/200 loss 0.0377 train 0.9980 test 0.4070
epoch 88/200 loss 0.0346 train 0.9980 test 0.3996
epoch 89/200 loss 0.0369 train 0.9974 test 0.3993
epoch 90/200 loss 0.0451 train 0.9938 test 0.3890
epoch 91/200 loss 0.0620 train 0.9924 test 0.3930
epoch 92/200 loss 0.0486 train 0.9948 test 0.4019
epoch 93/200 loss 0.0455 train 0.9960 test 0.3994
epoch 94/200 loss 0.0378 train 0.9976 test 0.4019
epoch 95/200 loss 0.0360 train 0.9974 test 0.4072
epoch 96/200 loss 0.0413 train 0.9960 test 0.4055
epoch 97/200 loss 0.0349 train 0.9976 test 0.4148
epoch 98/200 loss 0.0272 train 0.9994 test 0.4220
epoch 99/200 loss 0.0233 train 0.9996 test 0.4232
epoch 100/200 loss 0.0214 train 0.9996 test 0.4260
epoch 101/200 loss 0.0204 train 0.9998 test 0.4270
epoch 102/200 loss 0.0199 train 0.9998 test 0.4253
epoch 103/200 loss 0.0202 train 0.9996 test 0.4205
epoch 104/200 loss 0.0193 train 0.9996 test 0.4245
epoch 105/200 loss 0.0195 train 0.9996 test 0.4238
epoch 106/200 loss 0.0194 train 0.9998 test 0.4255
epoch 107/200 loss 0.0187 train 0.9998 test 0.4275
epoch 108/200 loss 0.0189 train 0.9998 test 0.4244
epoch 109/200 loss 0.0192 train 0.9996 test 0.4256
epoch 110/200 loss 0.0193 train 0.9996 test 0.4247
epoch 111/200 loss 0.0191 train 0.9998 test 0.4258
epoch 112/200 loss 0.0193 train 0.9996 test 0.4184
epoch 113/200 loss 0.0185 train 1.0000 test 0.4250
epoch 114/200 loss 0.0182 train 0.9996 test 0.4260
epoch 115/200 loss 0.0185 train 0.9996 test 0.4237
epoch 116/200 loss 0.0186 train 0.9998 test 0.4285
epoch 117/200 loss 0.0179 train 0.9998 test 0.4289
epoch 118/200 loss 0.0183 train 0.9998 test 0.4256
epoch 119/200 loss 0.0175 train 0.9998 test 0.4283
epoch 120/200 loss 0.0182 train 0.9998 test 0.4265
epoch 121/200 loss 0.0181 train 0.9996 test 0.4261
epoch 122/200 loss 0.0177 train 0.9998 test 0.4276
epoch 123/200 loss 0.0176 train 0.9998 test 0.4267
epoch 124/200 loss 0.0176 train 0.9998 test 0.4274
epoch 125/200 loss 0.0174 train 0.9996 test 0.4264
epoch 126/200 loss 0.0178 train 0.9998 test 0.4264
epoch 127/200 loss 0.0176 train 0.9998 test 0.4281
epoch 128/200 loss 0.0170 train 1.0000 test 0.4270
epoch 129/200 loss 0.0170 train 0.9998 test 0.4265
epoch 130/200 loss 0.0167 train 0.9998 test 0.4279
epoch 131/200 loss 0.0170 train 0.9998 test 0.4277
epoch 132/200 loss 0.0172 train 0.9998 test 0.4261
epoch 133/200 loss 0.0166 train 0.9996 test 0.4270
epoch 134/200 loss 0.0167 train 0.9998 test 0.4279
epoch 135/200 loss 0.0169 train 0.9996 test 0.4295
epoch 136/200 loss 0.0165 train 1.0000 test 0.4288
epoch 137/200 loss 0.0164 train 0.9996 test 0.4289
epoch 138/200 loss 0.0162 train 0.9998 test 0.4297
epoch 139/200 loss 0.0160 train 0.9998 test 0.4297
epoch 140/200 loss 0.0164 train 0.9998 test 0.4285
epoch 141/200 loss 0.0165 train 0.9998 test 0.4280
epoch 142/200 loss 0.0160 train 0.9996 test 0.4292
epoch 143/200 loss 0.0161 train 0.9998 test 0.4284
epoch 144/200 loss 0.0159 train 0.9998 test 0.4278
epoch 145/200 loss 0.0159 train 0.9998 test 0.4270
epoch 146/200 loss 0.0157 train 1.0000 test 0.4288
epoch 147/200 loss 0.0152 train 1.0000 test 0.4299
epoch 148/200 loss 0.0157 train 0.9996 test 0.4293
epoch 149/200 loss 0.0155 train 1.0000 test 0.4300
epoch 150/200 loss 0.0152 train 0.9998 test 0.4295
epoch 151/200 loss 0.0152 train 0.9998 test 0.4293
epoch 152/200 loss 0.0153 train 0.9998 test 0.4295
epoch 153/200 loss 0.0149 train 0.9998 test 0.4300
epoch 154/200 loss 0.0153 train 1.0000 test 0.4303
epoch 155/200 loss 0.0152 train 1.0000 test 0.4310
epoch 156/200 loss 0.0150 train 1.0000 test 0.4304
epoch 157/200 loss 0.0148 train 0.9998 test 0.4311
epoch 158/200 loss 0.0149 train 1.0000 test 0.4292
epoch 159/200 loss 0.0148 train 1.0000 test 0.4296
epoch 160/200 loss 0.0151 train 0.9998 test 0.4294
epoch 161/200 loss 0.0148 train 1.0000 test 0.4318
epoch 162/200 loss 0.0149 train 1.0000 test 0.4299
epoch 163/200 loss 0.0147 train 0.9998 test 0.4295
epoch 164/200 loss 0.0148 train 0.9998 test 0.4292
epoch 165/200 loss 0.0144 train 0.9998 test 0.4296
epoch 166/200 loss 0.0149 train 0.9996 test 0.4298
epoch 167/200 loss 0.0148 train 1.0000 test 0.4296
epoch 168/200 loss 0.0148 train 0.9998 test 0.4303
epoch 169/200 loss 0.0148 train 1.0000 test 0.4293
epoch 170/200 loss 0.0147 train 0.9998 test 0.4302
epoch 171/200 loss 0.0147 train 0.9998 test 0.4299
epoch 172/200 loss 0.0149 train 1.0000 test 0.4284
epoch 173/200 loss 0.0148 train 1.0000 test 0.4290
epoch 174/200 loss 0.0146 train 0.9998 test 0.4304
epoch 175/200 loss 0.0144 train 1.0000 test 0.4307
epoch 176/200 loss 0.0145 train 0.9998 test 0.4292
epoch 177/200 loss 0.0145 train 1.0000 test 0.4291
epoch 178/200 loss 0.0146 train 1.0000 test 0.4303
epoch 179/200 loss 0.0146 train 1.0000 test 0.4292
epoch 180/200 loss 0.0146 train 0.9998 test 0.4299
epoch 181/200 loss 0.0146 train 1.0000 test 0.4296
epoch 182/200 loss 0.0143 train 1.0000 test 0.4292
epoch 183/200 loss 0.0142 train 1.0000 test 0.4284
epoch 184/200 loss 0.0142 train 1.0000 test 0.4289
epoch 185/200 loss 0.0143 train 1.0000 test 0.4290
epoch 186/200 loss 0.0145 train 0.9996 test 0.4291
epoch 187/200 loss 0.0143 train 1.0000 test 0.4287
epoch 188/200 loss 0.0141 train 1.0000 test 0.4292
epoch 189/200 loss 0.0142 train 1.0000 test 0.4297
epoch 190/200 loss 0.0144 train 0.9998 test 0.4289
epoch 191/200 loss 0.0138 train 1.0000 test 0.4304
epoch 192/200 loss 0.0139 train 1.0000 test 0.4296
epoch 193/200 loss 0.0142 train 1.0000 test 0.4298
epoch 194/200 loss 0.0145 train 0.9998 test 0.4304
epoch 195/200 loss 0.0141 train 0.9998 test 0.4288
epoch 196/200 loss 0.0140 train 0.9998 test 0.4308
epoch 197/200 loss 0.0140 train 1.0000 test 0.4286
epoch 198/200 loss 0.0142 train 1.0000 test 0.4301
epoch 199/200 loss 0.0140 train 1.0000 test 0.4301
epoch 200/200 loss 0.0141 train 1.0000 test 0.4294
done: final 0.4294 best 0.4318 -> ./runs/auxmag_10pct_l30/seed0
moment-aux target calibrated on 1024 images
[auxmag_10pct_l30 seed1] {"params_trainable": 11222188, "params_stem_trainable": 0, "params_stem_fixed_filters": 0, "flops_total": 556705792, "flops_stem": 0, "flops_image_size": 32}
epoch 1/200 loss 4.8379 train 0.0331 test 0.0516
epoch 2/200 loss 4.3321 train 0.0581 test 0.0792
epoch 3/200 loss 4.0759 train 0.0885 test 0.0842
epoch 4/200 loss 3.9112 train 0.1096 test 0.1021
epoch 5/200 loss 3.8213 train 0.1164 test 0.1260
epoch 6/200 loss 3.6724 train 0.1418 test 0.1221
epoch 7/200 loss 3.5765 train 0.1611 test 0.1289
epoch 8/200 loss 3.4754 train 0.1747 test 0.1515
epoch 9/200 loss 3.3920 train 0.1865 test 0.1628
epoch 10/200 loss 3.3001 train 0.2067 test 0.1668
epoch 11/200 loss 3.2081 train 0.2159 test 0.1736
epoch 12/200 loss 3.1098 train 0.2366 test 0.1658
epoch 13/200 loss 2.9985 train 0.2612 test 0.1794
epoch 14/200 loss 2.9087 train 0.2682 test 0.2053
epoch 15/200 loss 2.8233 train 0.2841 test 0.2172
epoch 16/200 loss 2.7227 train 0.3051 test 0.1937
epoch 17/200 loss 2.6049 train 0.3297 test 0.1938
epoch 18/200 loss 2.5415 train 0.3401 test 0.2281
epoch 19/200 loss 2.4173 train 0.3620 test 0.2475
epoch 20/200 loss 2.3413 train 0.3826 test 0.2433
epoch 21/200 loss 2.2617 train 0.3966 test 0.2468
epoch 22/200 loss 2.1301 train 0.4279 test 0.2575
epoch 23/200 loss 2.0406 train 0.4439 test 0.2502
epoch 24/200 loss 1.9399 train 0.4653 test 0.2822
epoch 25/200 loss 1.8428 train 0.4910 test 0.2838
epoch 26/200 loss 1.7880 train 0.4984 test 0.2911
epoch 27/200 loss 1.6789 train 0.5266 test 0.2827
epoch 28/200 loss 1.6095 train 0.5455 test 0.2940
epoch 29/200 loss 1.4816 train 0.5791 test 0.3131
epoch 30/200 loss 1.4414 train 0.5853 test 0.3064
epoch 31/200 loss 1.3616 train 0.6174 test 0.3195
epoch 32/200 loss 1.2958 train 0.6274 test 0.2933
epoch 33/200 loss 1.2267 train 0.6556 test 0.2907
epoch 34/200 loss 1.1014 train 0.6809 test 0.3161
epoch 35/200 loss 1.0010 train 0.7123 test 0.3240
epoch 36/200 loss 0.9839 train 0.7179 test 0.3095
epoch 37/200 loss 0.9107 train 0.7368 test 0.3366
epoch 38/200 loss 0.8138 train 0.7698 test 0.2851
epoch 39/200 loss 0.7884 train 0.7718 test 0.3262
epoch 40/200 loss 0.7275 train 0.7821 test 0.3195
epoch 41/200 loss 0.6727 train 0.8119 test 0.3209
epoch 42/200 loss 0.5973 train 0.8271 test 0.3082
epoch 43/200 loss 0.5613 train 0.8385 test 0.3004
epoch 44/200 loss 0.5277 train 0.8496 test 0.3187
epoch 45/200 loss 0.4841 train 0.8678 test 0.3289
epoch 46/200 loss 0.3991 train 0.8938 test 0.3373
epoch 47/200 loss 0.3900 train 0.8920 test 0.3055
epoch 48/200 loss 0.3948 train 0.8916 test 0.3260
epoch 49/200 loss 0.4025 train 0.8874 test 0.3299
epoch 50/200 loss 0.3771 train 0.8950 test 0.3339
epoch 51/200 loss 0.3197 train 0.9183 test 0.3283
epoch 52/200 loss 0.3093 train 0.9233 test 0.3345
epoch 53/200 loss 0.2783 train 0.9243 test 0.3444
epoch 54/200 loss 0.2441 train 0.9391 test 0.3556
epoch 55/200 loss 0.1844 train 0.9599 test 0.3431
epoch 56/200 loss 0.1614 train 0.9661 test 0.3545
epoch 57/200 loss 0.1598 train 0.9649 test 0.3571
epoch 58/200 loss 0.1579 train 0.9665 test 0.3439
epoch 59/200 loss 0.1491 train 0.9712 test 0.3618
epoch 60/200 loss 0.1735 train 0.9637 test 0.3609
epoch 61/200 loss 0.1784 train 0.9589 test 0.3496
epoch 62/200 loss 0.1955 train 0.9509 test 0.3396
epoch 63/200 loss 0.2027 train 0.9537 test 0.3326
epoch 64/200 loss 0.2173 train 0.9457 test 0.3414
epoch 65/200 loss 0.2168 train 0.9485 test 0.3315
epoch 66/200 loss 0.1823 train 0.9601 test 0.3622
epoch 67/200 loss 0.1572 train 0.9673 test 0.3379
epoch 68/200 loss 0.1409 train 0.9720 test 0.3587
epoch 69/200 loss 0.1226 train 0.9790 test 0.3747
epoch 70/200 loss 0.1147 train 0.9784 test 0.3707
epoch 71/200 loss 0.1004 train 0.9838 test 0.3804
epoch 72/200 loss 0.0743 train 0.9912 test 0.3800
epoch 73/200 loss 0.0680 train 0.9910 test 0.4003
epoch 74/200 loss 0.0563 train 0.9934 test 0.3926
epoch 75/200 loss 0.0448 train 0.9972 test 0.4091
epoch 76/200 loss 0.0442 train 0.9972 test 0.3988
epoch 77/200 loss 0.0372 train 0.9986 test 0.4083
epoch 78/200 loss 0.0332 train 0.9986 test 0.4141
epoch 79/200 loss 0.0299 train 0.9990 test 0.4167
epoch 80/200 loss 0.0279 train 0.9992 test 0.4172
epoch 81/200 loss 0.0300 train 0.9988 test 0.4151
epoch 82/200 loss 0.0281 train 0.9988 test 0.4194
epoch 83/200 loss 0.0332 train 0.9986 test 0.4156
epoch 84/200 loss 0.0281 train 0.9994 test 0.4159
epoch 85/200 loss 0.0265 train 0.9996 test 0.4159
epoch 86/200 loss 0.0252 train 0.9992 test 0.4220
epoch 87/200 loss 0.0231 train 0.9998 test 0.4240
epoch 88/200 loss 0.0233 train 0.9996 test 0.4224
epoch 89/200 loss 0.0224 train 0.9996 test 0.4218
epoch 90/200 loss 0.0224 train 0.9998 test 0.4237
epoch 91/200 loss 0.0216 train 0.9996 test 0.4247
epoch 92/200 loss 0.0220 train 0.9996 test 0.4246
epoch 93/200 loss 0.0211 train 0.9998 test 0.4264
epoch 94/200 loss 0.0213 train 0.9998 test 0.4291
epoch 95/200 loss 0.0213 train 0.9996 test 0.4283
epoch 96/200 loss 0.0215 train 0.9996 test 0.4283
epoch 97/200 loss 0.0208 train 0.9998 test 0.4324
epoch 98/200 loss 0.0206 train 0.9996 test 0.4289
epoch 99/200 loss 0.0204 train 0.9998 test 0.4289
epoch 100/200 loss 0.0206 train 0.9998 test 0.4286
epoch 101/200 loss 0.0205 train 0.9996 test 0.4296
epoch 102/200 loss 0.0195 train 0.9998 test 0.4297
epoch 103/200 loss 0.0199 train 0.9996 test 0.4310
epoch 104/200 loss 0.0193 train 0.9998 test 0.4290
epoch 105/200 loss 0.0190 train 0.9998 test 0.4274
epoch 106/200 loss 0.0195 train 0.9998 test 0.4293
epoch 107/200 loss 0.0193 train 0.9998 test 0.4268
epoch 108/200 loss 0.0191 train 0.9998 test 0.4250
epoch 109/200 loss 0.0191 train 0.9996 test 0.4265
epoch 110/200 loss 0.0192 train 0.9998 test 0.4293
epoch 111/200 loss 0.0193 train 0.9996 test 0.4282
epoch 112/200 loss 0.0193 train 0.9996 test 0.4273
epoch 113/200 loss 0.0187 train 0.9998 test 0.4293
epoch 114/200 loss 0.0187 train 1.0000 test 0.4285
epoch 115/200 loss 0.0185 train 0.9998 test 0.4295
epoch 116/200 loss 0.0182 train 0.9998 test 0.4301
epoch 117/200 loss 0.0171 train 0.9998 test 0.4307
epoch 118/200 loss 0.0174 train 0.9996 test 0.4284
epoch 119/200 loss 0.0178 train 0.9998 test 0.4306
epoch 120/200 loss 0.0177 train 0.9998 test 0.4294
epoch 121/200 loss 0.0171 train 0.9998 test 0.4296
epoch 122/200 loss 0.0175 train 0.9998 test 0.4314
epoch 123/200 loss 0.0171 train 0.9998 test 0.4290
epoch 124/200 loss 0.0169 train 0.9996 test 0.4287
epoch 125/200 loss 0.0163 train 1.0000 test 0.4295
epoch 126/200 loss 0.0164 train 0.9998 test 0.4316
epoch 127/200 loss 0.0158 train 0.9998 test 0.4315
epoch 128/200 loss 0.0161 train 0.9998 test 0.4298
epoch 129/200 loss 0.0164 train 0.9996 test 0.4320
epoch 130/200 loss 0.0162 train 0.9998 test 0.4276
epoch 131/200 loss 0.0156 train 0.9998 test 0.4306
epoch 132/200 loss 0.0157 train 0.9998 test 0.4303
epoch 133/200 loss 0.0157 train 1.0000 test 0.4320
epoch 134/200 loss 0.0158 train 1.0000 test 0.4310
epoch 135/200 loss 0.0155 train 0.9996 test 0.4280
epoch 136/200 loss 0.0160 train 0.9998 test 0.4273
epoch 137/200 loss 0.0156 train 1.0000 test 0.4300
epoch 138/200 loss 0.0158 train 0.9998 test 0.4289
epoch 139/200 loss 0.0153 train 0.9996 test 0.4288
epoch 140/200 loss 0.0149 train 0.9998 test 0.4311
epoch 141/200 loss 0.0149 train 0.9998 test 0.4302
epoch 142/200 loss 0.0146 train 1.0000 test 0.4309
epoch 143/200 loss 0.0146 train 0.9998 test 0.4306
epoch 144/200 loss 0.0146 train 0.9998 test 0.4298
epoch 145/200 loss 0.0145 train 1.0000 test 0.4295
epoch 146/200 loss 0.0144 train 1.0000 test 0.4305
epoch 147/200 loss 0.0148 train 0.9996 test 0.4303
epoch 148/200 loss 0.0150 train 0.9996 test 0.4283
epoch 149/200 loss 0.0141 train 0.9998 test 0.4269
epoch 150/200 loss 0.0141 train 0.9998 test 0.4294
epoch 151/200 loss 0.0140 train 1.0000 test 0.4307
epoch 152/200 loss 0.0143 train 0.9998 test 0.4291
epoch 153/200 loss 0.0140 train 0.9998 test 0.4333
epoch 154/200 loss 0.0139 train 0.9998 test 0.4311
epoch 155/200 loss 0.0141 train 0.9996 test 0.4331
epoch 156/200 loss 0.0137 train 0.9998 test 0.4293
epoch 157/200 loss 0.0139 train 0.9998 test 0.4303
epoch 158/200 loss 0.0135 train 0.9996 test 0.4313
epoch 159/200 loss 0.0135 train 1.0000 test 0.4301
epoch 160/200 loss 0.0132 train 1.0000 test 0.4290
epoch 161/200 loss 0.0134 train 1.0000 test 0.4275
epoch 162/200 loss 0.0136 train 0.9998 test 0.4296
epoch 163/200 loss 0.0136 train 0.9996 test 0.4284
epoch 164/200 loss 0.0134 train 0.9998 test 0.4287
epoch 165/200 loss 0.0134 train 1.0000 test 0.4300
epoch 166/200 loss 0.0136 train 0.9998 test 0.4298
epoch 167/200 loss 0.0132 train 0.9998 test 0.4299
epoch 168/200 loss 0.0133 train 1.0000 test 0.4303
epoch 169/200 loss 0.0131 train 0.9998 test 0.4284
epoch 170/200 loss 0.0131 train 0.9998 test 0.4290
epoch 171/200 loss 0.0128 train 1.0000 test 0.4291
epoch 172/200 loss 0.0127 train 1.0000 test 0.4284
epoch 173/200 loss 0.0133 train 0.9998 test 0.4292
epoch 174/200 loss 0.0128 train 0.9998 test 0.4296
epoch 175/200 loss 0.0127 train 0.9998 test 0.4310
epoch 176/200 loss 0.0127 train 1.0000 test 0.4301
epoch 177/200 loss 0.0128 train 0.9998 test 0.4292
epoch 178/200 loss 0.0129 train 1.0000 test 0.4303
epoch 179/200 loss 0.0133 train 0.9998 test 0.4295
epoch 180/200 loss 0.0129 train 1.0000 test 0.4291
epoch 181/200 loss 0.0125 train 1.0000 test 0.4301
epoch 182/200 loss 0.0128 train 1.0000 test 0.4290
epoch 183/200 loss 0.0127 train 1.0000 test 0.4307
epoch 184/200 loss 0.0128 train 0.9998 test 0.4308
epoch 185/200 loss 0.0129 train 1.0000 test 0.4288
epoch 186/200 loss 0.0127 train 1.0000 test 0.4306
epoch 187/200 loss 0.0124 train 1.0000 test 0.4305
epoch 188/200 loss 0.0127 train 0.9996 test 0.4303
epoch 189/200 loss 0.0127 train 0.9998 test 0.4301
epoch 190/200 loss 0.0128 train 1.0000 test 0.4296
epoch 191/200 loss 0.0126 train 1.0000 test 0.4305
epoch 192/200 loss 0.0128 train 0.9998 test 0.4288
epoch 193/200 loss 0.0127 train 1.0000 test 0.4302
epoch 194/200 loss 0.0125 train 0.9998 test 0.4290
epoch 195/200 loss 0.0129 train 0.9998 test 0.4291
epoch 196/200 loss 0.0129 train 0.9998 test 0.4303
epoch 197/200 loss 0.0129 train 1.0000 test 0.4299
epoch 198/200 loss 0.0128 train 1.0000 test 0.4305
epoch 199/200 loss 0.0131 train 1.0000 test 0.4304
epoch 200/200 loss 0.0129 train 1.0000 test 0.4303
done: final 0.4303 best 0.4333 -> ./runs/auxmag_10pct_l30/seed1
moment-aux target calibrated on 1024 images
[auxmag_10pct_l30 seed2] {"params_trainable": 11222188, "params_stem_trainable": 0, "params_stem_fixed_filters": 0, "flops_total": 556705792, "flops_stem": 0, "flops_image_size": 32}
epoch 1/200 loss 4.8113 train 0.0373 test 0.0607
epoch 2/200 loss 4.3114 train 0.0705 test 0.0768
epoch 3/200 loss 4.0659 train 0.0927 test 0.0951
epoch 4/200 loss 3.8969 train 0.1140 test 0.1075
epoch 5/200 loss 3.7726 train 0.1328 test 0.1156
epoch 6/200 loss 3.6692 train 0.1436 test 0.1271
epoch 7/200 loss 3.5760 train 0.1560 test 0.1297
epoch 8/200 loss 3.4662 train 0.1785 test 0.1451
epoch 9/200 loss 3.3988 train 0.1823 test 0.1620
epoch 10/200 loss 3.2908 train 0.2063 test 0.1597
epoch 11/200 loss 3.1863 train 0.2222 test 0.1813
epoch 12/200 loss 3.0810 train 0.2348 test 0.1811
epoch 13/200 loss 3.0107 train 0.2494 test 0.1761
epoch 14/200 loss 2.9168 train 0.2630 test 0.1734
epoch 15/200 loss 2.8038 train 0.2847 test 0.1972
epoch 16/200 loss 2.7183 train 0.3005 test 0.2051
epoch 17/200 loss 2.6060 train 0.3265 test 0.2290
epoch 18/200 loss 2.4956 train 0.3520 test 0.2067
epoch 19/200 loss 2.4201 train 0.3658 test 0.2259
epoch 20/200 loss 2.3188 train 0.3896 test 0.2545
epoch 21/200 loss 2.2168 train 0.3980 test 0.2604
epoch 22/200 loss 2.1472 train 0.4227 test 0.2738
epoch 23/200 loss 1.9997 train 0.4609 test 0.2359
epoch 24/200 loss 1.9247 train 0.4748 test 0.2797
epoch 25/200 loss 1.8437 train 0.4888 test 0.2783
epoch 26/200 loss 1.7585 train 0.5144 test 0.2698
epoch 27/200 loss 1.6660 train 0.5264 test 0.2760
epoch 28/200 loss 1.5644 train 0.5621 test 0.2760
epoch 29/200 loss 1.4472 train 0.5923 test 0.2840
epoch 30/200 loss 1.4320 train 0.5893 test 0.2933
epoch 31/200 loss 1.3436 train 0.6140 test 0.2867
epoch 32/200 loss 1.2336 train 0.6420 test 0.3278
epoch 33/200 loss 1.1163 train 0.6853 test 0.2971
epoch 34/200 loss 1.1032 train 0.6843 test 0.2975
epoch 35/200 loss 1.0319 train 0.7041 test 0.3053
epoch 36/200 loss 0.9644 train 0.7202 test 0.2931
epoch 37/200 loss 0.9465 train 0.7181 test 0.3017
epoch 38/200 loss 0.8430 train 0.7478 test 0.3182
epoch 39/200 loss 0.7756 train 0.7784 test 0.2798
epoch 40/200 loss 0.6439 train 0.8119 test 0.3321
epoch 41/200 loss 0.6108 train 0.8259 test 0.3303
epoch 42/200 loss 0.6198 train 0.8227 test 0.3229
epoch 43/200 loss 0.6172 train 0.8221 test 0.3163
epoch 44/200 loss 0.5886 train 0.8323 test 0.3347
epoch 45/200 loss 0.5134 train 0.8560 test 0.3108
epoch 46/200 loss 0.4232 train 0.8854 test 0.3560
epoch 47/200 loss 0.3533 train 0.9060 test 0.3414
epoch 48/200 loss 0.3482 train 0.9073 test 0.3435
epoch 49/200 loss 0.3672 train 0.8982 test 0.3220
epoch 50/200 loss 0.3778 train 0.8938 test 0.3197
epoch 51/200 loss 0.3618 train 0.9028 test 0.3294
epoch 52/200 loss 0.3073 train 0.9229 test 0.3414
epoch 53/200 loss 0.2725 train 0.9329 test 0.3604
epoch 54/200 loss 0.2264 train 0.9453 test 0.3452
epoch 55/200 loss 0.1958 train 0.9571 test 0.3674
epoch 56/200 loss 0.1959 train 0.9573 test 0.3397
epoch 57/200 loss 0.1815 train 0.9585 test 0.3617
epoch 58/200 loss 0.1516 train 0.9720 test 0.3782
epoch 59/200 loss 0.1477 train 0.9698 test 0.3538
epoch 60/200 loss 0.1871 train 0.9577 test 0.3568
epoch 61/200 loss 0.1676 train 0.9637 test 0.3587
epoch 62/200 loss 0.1561 train 0.9643 test 0.3522
epoch 63/200 loss 0.1356 train 0.9746 test 0.3661
epoch 64/200 loss 0.1229 train 0.9768 test 0.3664
epoch 65/200 loss 0.1182 train 0.9790 test 0.3556
epoch 66/200 loss 0.1062 train 0.9834 test 0.3835
epoch 67/200 loss 0.0934 train 0.9866 test 0.3836
epoch 68/200 loss 0.0924 train 0.9866 test 0.3870
epoch 69/200 loss 0.0897 train 0.9876 test 0.3759
epoch 70/200 loss 0.0892 train 0.9882 test 0.3929
epoch 71/200 loss 0.0696 train 0.9932 test 0.3873
epoch 72/200 loss 0.0689 train 0.9922 test 0.3826
epoch 73/200 loss 0.0637 train 0.9952 test 0.3958
epoch 74/200 loss 0.0708 train 0.9908 test 0.3862
epoch 75/200 loss 0.0617 train 0.9938 test 0.4033
epoch 76/200 loss 0.0588 train 0.9946 test 0.3906
epoch 77/200 loss 0.0449 train 0.9970 test 0.4036
epoch 78/200 loss 0.0412 train 0.9972 test 0.4059
epoch 79/200 loss 0.0309 train 0.9992 test 0.4175
epoch 80/200 loss 0.0281 train 0.9994 test 0.4200
epoch 81/200 loss 0.0258 train 1.0000 test 0.4258
epoch 82/200 loss 0.0250 train 0.9996 test 0.4242
epoch 83/200 loss 0.0239 train 0.9996 test 0.4252
epoch 84/200 loss 0.0237 train 0.9998 test 0.4258
epoch 85/200 loss 0.0236 train 0.9996 test 0.4222
epoch 86/200 loss 0.0230 train 0.9998 test 0.4259
epoch 87/200 loss 0.0224 train 0.9998 test 0.4300
epoch 88/200 loss 0.0222 train 0.9998 test 0.4243
epoch 89/200 loss 0.0223 train 0.9998 test 0.4252
epoch 90/200 loss 0.0229 train 0.9994 test 0.4234
epoch 91/200 loss 0.0223 train 0.9998 test 0.4244
epoch 92/200 loss 0.0220 train 0.9998 test 0.4255
epoch 93/200 loss 0.0221 train 0.9996 test 0.4255
epoch 94/200 loss 0.0222 train 0.9998 test 0.4255
epoch 95/200 loss 0.0214 train 0.9996 test 0.4255
epoch 96/200 loss 0.0210 train 0.9996 test 0.4254
epoch 97/200 loss 0.0212 train 0.9998 test 0.4271
epoch 98/200 loss 0.0210 train 0.9998 test 0.4251
epoch 99/200 loss 0.0232 train 0.9992 test 0.4231
epoch 100/200 loss 0.0214 train 0.9996 test 0.4255
epoch 101/200 loss 0.0216 train 0.9998 test 0.4293
epoch 102/200 loss 0.0208 train 0.9996 test 0.4258
epoch 103/200 loss 0.0211 train 0.9996 test 0.4298
epoch 104/200 loss 0.0201 train 0.9998 test 0.4272
epoch 105/200 loss 0.0198 train 0.9998 test 0.4277
epoch 106/200 loss 0.0197 train 0.9998 test 0.4291
epoch 107/200 loss 0.0192 train 0.9998 test 0.4270
epoch 108/200 loss 0.0196 train 0.9998 test 0.4274
epoch 109/200 loss 0.0192 train 0.9998 test 0.4251
epoch 110/200 loss 0.0195 train 0.9996 test 0.4255
epoch 111/200 loss 0.0197 train 0.9998 test 0.4258
epoch 112/200 loss 0.0189 train 0.9998 test 0.4295
epoch 113/200 loss 0.0186 train 0.9998 test 0.4263
epoch 114/200 loss 0.0184 train 0.9998 test 0.4275
epoch 115/200 loss 0.0188 train 0.9996 test 0.4261
epoch 116/200 loss 0.0180 train 0.9998 test 0.4275
epoch 117/200 loss 0.0179 train 0.9998 test 0.4245
epoch 118/200 loss 0.0176 train 0.9996 test 0.4269
epoch 119/200 loss 0.0177 train 0.9998 test 0.4268
epoch 120/200 loss 0.0181 train 0.9998 test 0.4267
epoch 121/200 loss 0.0169 train 1.0000 test 0.4306
epoch 122/200 loss 0.0173 train 0.9998 test 0.4302
epoch 123/200 loss 0.0170 train 0.9998 test 0.4266
epoch 124/200 loss 0.0179 train 0.9998 test 0.4305
epoch 125/200 loss 0.0173 train 0.9996 test 0.4299
epoch 126/200 loss 0.0168 train 0.9996 test 0.4314
epoch 127/200 loss 0.0171 train 0.9998 test 0.4287
epoch 128/200 loss 0.0163 train 0.9998 test 0.4273
epoch 129/200 loss 0.0209 train 0.9992 test 0.4271
epoch 130/200 loss 0.0179 train 0.9998 test 0.4268
epoch 131/200 loss 0.0166 train 0.9998 test 0.4289
epoch 132/200 loss 0.0162 train 1.0000 test 0.4265
epoch 133/200 loss 0.0163 train 0.9996 test 0.4299
epoch 134/200 loss 0.0160 train 0.9998 test 0.4294
epoch 135/200 loss 0.0155 train 0.9996 test 0.4296
epoch 136/200 loss 0.0155 train 0.9996 test 0.4286
epoch 137/200 loss 0.0153 train 0.9996 test 0.4284
epoch 138/200 loss 0.0152 train 0.9998 test 0.4315
epoch 139/200 loss 0.0154 train 0.9998 test 0.4303
epoch 140/200 loss 0.0151 train 0.9998 test 0.4292
epoch 141/200 loss 0.0151 train 0.9996 test 0.4289
epoch 142/200 loss 0.0148 train 0.9998 test 0.4289
epoch 143/200 loss 0.0145 train 1.0000 test 0.4289
epoch 144/200 loss 0.0148 train 0.9998 test 0.4311
epoch 145/200 loss 0.0148 train 0.9998 test 0.4282
epoch 146/200 loss 0.0148 train 0.9998 test 0.4300
epoch 147/200 loss 0.0144 train 0.9998 test 0.4291
epoch 148/200 loss 0.0145 train 0.9998 test 0.4271
epoch 149/200 loss 0.0143 train 0.9996 test 0.4301
epoch 150/200 loss 0.0145 train 1.0000 test 0.4313
epoch 151/200 loss 0.0144 train 0.9996 test 0.4325
epoch 152/200 loss 0.0141 train 1.0000 test 0.4288
epoch 153/200 loss 0.0141 train 0.9996 test 0.4320
epoch 154/200 loss 0.0138 train 1.0000 test 0.4305
epoch 155/200 loss 0.0143 train 0.9996 test 0.4313
epoch 156/200 loss 0.0139 train 0.9998 test 0.4307
epoch 157/200 loss 0.0138 train 0.9998 test 0.4293
epoch 158/200 loss 0.0137 train 0.9996 test 0.4295
epoch 159/200 loss 0.0134 train 0.9998 test 0.4320
epoch 160/200 loss 0.0137 train 0.9998 test 0.4304
epoch 161/200 loss 0.0132 train 0.9998 test 0.4306
epoch 162/200 loss 0.0136 train 0.9998 test 0.4312
epoch 163/200 loss 0.0129 train 1.0000 test 0.4314
epoch 164/200 loss 0.0135 train 0.9996 test 0.4310
epoch 165/200 loss 0.0133 train 1.0000 test 0.4301
epoch 166/200 loss 0.0133 train 1.0000 test 0.4282
epoch 167/200 loss 0.0134 train 0.9998 test 0.4324
epoch 168/200 loss 0.0133 train 1.0000 test 0.4308
epoch 169/200 loss 0.0131 train 1.0000 test 0.4295
epoch 170/200 loss 0.0133 train 1.0000 test 0.4309
epoch 171/200 loss 0.0133 train 1.0000 test 0.4282
epoch 172/200 loss 0.0132 train 0.9998 test 0.4283
epoch 173/200 loss 0.0130 train 0.9998 test 0.4306
epoch 174/200 loss 0.0130 train 1.0000 test 0.4300
epoch 175/200 loss 0.0129 train 1.0000 test 0.4287
epoch 176/200 loss 0.0131 train 1.0000 test 0.4293
epoch 177/200 loss 0.0132 train 0.9998 test 0.4285
epoch 178/200 loss 0.0127 train 1.0000 test 0.4317
epoch 179/200 loss 0.0127 train 1.0000 test 0.4298
epoch 180/200 loss 0.0127 train 0.9996 test 0.4305
epoch 181/200 loss 0.0134 train 1.0000 test 0.4310
epoch 182/200 loss 0.0127 train 1.0000 test 0.4296
epoch 183/200 loss 0.0126 train 1.0000 test 0.4309
epoch 184/200 loss 0.0126 train 1.0000 test 0.4296
epoch 185/200 loss 0.0126 train 1.0000 test 0.4286
epoch 186/200 loss 0.0128 train 1.0000 test 0.4282
epoch 187/200 loss 0.0128 train 1.0000 test 0.4290
epoch 188/200 loss 0.0126 train 0.9998 test 0.4299
epoch 189/200 loss 0.0126 train 1.0000 test 0.4289
epoch 190/200 loss 0.0125 train 1.0000 test 0.4291
epoch 191/200 loss 0.0129 train 1.0000 test 0.4288
epoch 192/200 loss 0.0128 train 1.0000 test 0.4291
epoch 193/200 loss 0.0128 train 1.0000 test 0.4311
epoch 194/200 loss 0.0125 train 1.0000 test 0.4307
epoch 195/200 loss 0.0131 train 1.0000 test 0.4307
epoch 196/200 loss 0.0126 train 1.0000 test 0.4313
epoch 197/200 loss 0.0125 train 1.0000 test 0.4301
epoch 198/200 loss 0.0127 train 0.9998 test 0.4284
epoch 199/200 loss 0.0126 train 0.9998 test 0.4302
epoch 200/200 loss 0.0124 train 1.0000 test 0.4299
done: final 0.4299 best 0.4325 -> ./runs/auxmag_10pct_l30/seed2
AUX_auxmag_10pct_l30_DONE
moment-aux target calibrated on 1024 images
[auxmag_5pct_l10 seed0] {"params_trainable": 11222188, "params_stem_trainable": 0, "params_stem_fixed_filters": 0, "flops_total": 556705792, "flops_stem": 0, "flops_image_size": 32}
epoch 1/200 loss 4.7609 train 0.0234 test 0.0421
epoch 2/200 loss 4.3985 train 0.0456 test 0.0582
epoch 3/200 loss 4.2336 train 0.0715 test 0.0631
epoch 4/200 loss 4.0824 train 0.0822 test 0.0773
epoch 5/200 loss 3.9717 train 0.0946 test 0.0823
epoch 6/200 loss 3.9056 train 0.1049 test 0.0882
epoch 7/200 loss 3.7928 train 0.1197 test 0.1002
epoch 8/200 loss 3.7281 train 0.1234 test 0.0881
epoch 9/200 loss 3.6585 train 0.1266 test 0.0971
epoch 10/200 loss 3.5992 train 0.1435 test 0.0921
epoch 11/200 loss 3.5644 train 0.1464 test 0.1099
epoch 12/200 loss 3.4472 train 0.1690 test 0.1170
epoch 13/200 loss 3.3882 train 0.1690 test 0.1259
epoch 14/200 loss 3.2935 train 0.1859 test 0.1254
epoch 15/200 loss 3.2562 train 0.2035 test 0.1218
epoch 16/200 loss 3.1739 train 0.2134 test 0.1399
epoch 17/200 loss 3.1340 train 0.2233 test 0.1317
epoch 18/200 loss 3.0831 train 0.2278 test 0.1252
epoch 19/200 loss 2.9870 train 0.2488 test 0.1524
epoch 20/200 loss 2.9235 train 0.2479 test 0.1495
epoch 21/200 loss 2.8470 train 0.2726 test 0.1471
epoch 22/200 loss 2.8108 train 0.2841 test 0.1540
epoch 23/200 loss 2.7180 train 0.3072 test 0.1490
epoch 24/200 loss 2.6496 train 0.3113 test 0.1519
epoch 25/200 loss 2.5559 train 0.3273 test 0.1588
epoch 26/200 loss 2.5119 train 0.3462 test 0.1665
epoch 27/200 loss 2.3816 train 0.3664 test 0.1595
epoch 28/200 loss 2.3047 train 0.3803 test 0.1695
epoch 29/200 loss 2.2918 train 0.3890 test 0.1697
epoch 30/200 loss 2.1837 train 0.4001 test 0.1645
epoch 31/200 loss 2.0848 train 0.4235 test 0.1763
epoch 32/200 loss 1.9596 train 0.4774 test 0.1699
epoch 33/200 loss 1.9141 train 0.4679 test 0.1747
epoch 34/200 loss 1.7677 train 0.5016 test 0.1844
epoch 35/200 loss 1.6952 train 0.5136 test 0.1827
epoch 36/200 loss 1.5908 train 0.5498 test 0.1560
epoch 37/200 loss 1.4909 train 0.5822 test 0.1750
epoch 38/200 loss 1.3606 train 0.6201 test 0.1872
epoch 39/200 loss 1.3049 train 0.6361 test 0.1757
epoch 40/200 loss 1.3160 train 0.6123 test 0.1816
epoch 41/200 loss 1.2843 train 0.6271 test 0.1782
epoch 42/200 loss 1.1330 train 0.6706 test 0.1799
epoch 43/200 loss 1.0241 train 0.7081 test 0.1753
epoch 44/200 loss 0.8866 train 0.7438 test 0.1818
epoch 45/200 loss 0.8152 train 0.7706 test 0.1984
epoch 46/200 loss 0.7575 train 0.7882 test 0.1929
epoch 47/200 loss 0.7021 train 0.7998 test 0.1937
epoch 48/200 loss 0.6452 train 0.8211 test 0.1873
epoch 49/200 loss 0.5632 train 0.8487 test 0.2088
epoch 50/200 loss 0.4769 train 0.8709 test 0.1935
epoch 51/200 loss 0.4463 train 0.8808 test 0.1988
epoch 52/200 loss 0.4006 train 0.9009 test 0.2105
epoch 53/200 loss 0.4348 train 0.8766 test 0.1976
epoch 54/200 loss 0.4133 train 0.8939 test 0.1930
epoch 55/200 loss 0.4491 train 0.8762 test 0.1942
epoch 56/200 loss 0.3917 train 0.8956 test 0.1796
epoch 57/200 loss 0.3290 train 0.9215 test 0.2082
epoch 58/200 loss 0.2465 train 0.9387 test 0.2068
epoch 59/200 loss 0.2263 train 0.9465 test 0.2236
epoch 60/200 loss 0.2210 train 0.9486 test 0.2117
epoch 61/200 loss 0.1735 train 0.9679 test 0.2159
epoch 62/200 loss 0.1377 train 0.9741 test 0.2206
epoch 63/200 loss 0.1231 train 0.9803 test 0.2250
epoch 64/200 loss 0.1132 train 0.9836 test 0.2249
epoch 65/200 loss 0.0967 train 0.9873 test 0.2330
epoch 66/200 loss 0.0870 train 0.9893 test 0.2303
epoch 67/200 loss 0.0759 train 0.9897 test 0.2331
epoch 68/200 loss 0.0807 train 0.9897 test 0.2289
epoch 69/200 loss 0.0728 train 0.9922 test 0.2318
epoch 70/200 loss 0.0603 train 0.9963 test 0.2391
epoch 71/200 loss 0.0507 train 0.9979 test 0.2417
epoch 72/200 loss 0.0506 train 0.9971 test 0.2366
epoch 73/200 loss 0.0413 train 0.9992 test 0.2431
epoch 74/200 loss 0.0395 train 0.9996 test 0.2470
epoch 75/200 loss 0.0383 train 0.9979 test 0.2452
epoch 76/200 loss 0.0346 train 0.9996 test 0.2448
epoch 77/200 loss 0.0342 train 0.9996 test 0.2480
epoch 78/200 loss 0.0327 train 0.9996 test 0.2491
epoch 79/200 loss 0.0325 train 1.0000 test 0.2481
epoch 80/200 loss 0.0312 train 1.0000 test 0.2489
epoch 81/200 loss 0.0307 train 0.9996 test 0.2495
epoch 82/200 loss 0.0312 train 0.9996 test 0.2515
epoch 83/200 loss 0.0312 train 0.9996 test 0.2473
epoch 84/200 loss 0.0305 train 0.9996 test 0.2529
epoch 85/200 loss 0.0306 train 1.0000 test 0.2503
epoch 86/200 loss 0.0304 train 1.0000 test 0.2483
epoch 87/200 loss 0.0300 train 1.0000 test 0.2489
epoch 88/200 loss 0.0297 train 1.0000 test 0.2522
epoch 89/200 loss 0.0293 train 1.0000 test 0.2509
epoch 90/200 loss 0.0292 train 1.0000 test 0.2502
epoch 91/200 loss 0.0292 train 1.0000 test 0.2521
epoch 92/200 loss 0.0285 train 1.0000 test 0.2517
epoch 93/200 loss 0.0293 train 1.0000 test 0.2503
epoch 94/200 loss 0.0303 train 0.9996 test 0.2497
epoch 95/200 loss 0.0338 train 0.9996 test 0.2501
epoch 96/200 loss 0.0300 train 1.0000 test 0.2533
epoch 97/200 loss 0.0290 train 1.0000 test 0.2529
epoch 98/200 loss 0.0295 train 1.0000 test 0.2541
epoch 99/200 loss 0.0289 train 1.0000 test 0.2556
epoch 100/200 loss 0.0290 train 1.0000 test 0.2570
epoch 101/200 loss 0.0292 train 1.0000 test 0.2538
epoch 102/200 loss 0.0289 train 1.0000 test 0.2532
epoch 103/200 loss 0.0285 train 1.0000 test 0.2541
epoch 104/200 loss 0.0278 train 1.0000 test 0.2551
epoch 105/200 loss 0.0282 train 1.0000 test 0.2550
epoch 106/200 loss 0.0288 train 1.0000 test 0.2558
epoch 107/200 loss 0.0283 train 0.9996 test 0.2517
epoch 108/200 loss 0.0317 train 0.9992 test 0.2537
epoch 109/200 loss 0.0318 train 0.9996 test 0.2544
epoch 110/200 loss 0.0284 train 1.0000 test 0.2514
epoch 111/200 loss 0.0283 train 1.0000 test 0.2569
epoch 112/200 loss 0.0280 train 1.0000 test 0.2537
epoch 113/200 loss 0.0272 train 1.0000 test 0.2550
epoch 114/200 loss 0.0277 train 1.0000 test 0.2565
epoch 115/200 loss 0.0279 train 1.0000 test 0.2563
epoch 116/200 loss 0.0266 train 1.0000 test 0.2559
epoch 117/200 loss 0.0268 train 1.0000 test 0.2561
epoch 118/200 loss 0.0268 train 1.0000 test 0.2563
epoch 119/200 loss 0.0269 train 1.0000 test 0.2556
epoch 120/200 loss 0.0268 train 1.0000 test 0.2550
epoch 121/200 loss 0.0267 train 1.0000 test 0.2543
epoch 122/200 loss 0.0268 train 1.0000 test 0.2571
epoch 123/200 loss 0.0264 train 1.0000 test 0.2565
epoch 124/200 loss 0.0268 train 1.0000 test 0.2575
epoch 125/200 loss 0.0261 train 1.0000 test 0.2573
epoch 126/200 loss 0.0265 train 1.0000 test 0.2554
epoch 127/200 loss 0.0262 train 1.0000 test 0.2559
epoch 128/200 loss 0.0264 train 1.0000 test 0.2562
epoch 129/200 loss 0.0257 train 1.0000 test 0.2560
epoch 130/200 loss 0.0259 train 1.0000 test 0.2565
epoch 131/200 loss 0.0253 train 1.0000 test 0.2583
epoch 132/200 loss 0.0258 train 1.0000 test 0.2580
epoch 133/200 loss 0.0252 train 1.0000 test 0.2588
epoch 134/200 loss 0.0247 train 1.0000 test 0.2572
epoch 135/200 loss 0.0246 train 1.0000 test 0.2585
epoch 136/200 loss 0.0249 train 1.0000 test 0.2588
epoch 137/200 loss 0.0240 train 1.0000 test 0.2591
epoch 138/200 loss 0.0245 train 1.0000 test 0.2601
epoch 139/200 loss 0.0247 train 1.0000 test 0.2599
epoch 140/200 loss 0.0238 train 1.0000 test 0.2602
epoch 141/200 loss 0.0241 train 1.0000 test 0.2598
epoch 142/200 loss 0.0236 train 1.0000 test 0.2600
epoch 143/200 loss 0.0240 train 1.0000 test 0.2601
epoch 144/200 loss 0.0234 train 1.0000 test 0.2600
epoch 145/200 loss 0.0242 train 1.0000 test 0.2604
epoch 146/200 loss 0.0244 train 1.0000 test 0.2610
epoch 147/200 loss 0.0235 train 1.0000 test 0.2598
epoch 148/200 loss 0.0236 train 1.0000 test 0.2604
epoch 149/200 loss 0.0227 train 1.0000 test 0.2606
epoch 150/200 loss 0.0234 train 1.0000 test 0.2581
epoch 151/200 loss 0.0234 train 1.0000 test 0.2588
epoch 152/200 loss 0.0234 train 1.0000 test 0.2572
epoch 153/200 loss 0.0233 train 1.0000 test 0.2582
epoch 154/200 loss 0.0233 train 1.0000 test 0.2585
epoch 155/200 loss 0.0229 train 1.0000 test 0.2578
epoch 156/200 loss 0.0227 train 1.0000 test 0.2596
epoch 157/200 loss 0.0228 train 1.0000 test 0.2599
epoch 158/200 loss 0.0226 train 1.0000 test 0.2592
epoch 159/200 loss 0.0227 train 1.0000 test 0.2600
epoch 160/200 loss 0.0225 train 1.0000 test 0.2600
epoch 161/200 loss 0.0221 train 1.0000 test 0.2615
epoch 162/200 loss 0.0225 train 1.0000 test 0.2616
epoch 163/200 loss 0.0221 train 1.0000 test 0.2608
epoch 164/200 loss 0.0225 train 1.0000 test 0.2593
epoch 165/200 loss 0.0221 train 1.0000 test 0.2597
epoch 166/200 loss 0.0222 train 1.0000 test 0.2587
epoch 167/200 loss 0.0230 train 1.0000 test 0.2573
epoch 168/200 loss 0.0217 train 1.0000 test 0.2591
epoch 169/200 loss 0.0225 train 1.0000 test 0.2588
epoch 170/200 loss 0.0219 train 1.0000 test 0.2593
epoch 171/200 loss 0.0216 train 1.0000 test 0.2586
epoch 172/200 loss 0.0221 train 1.0000 test 0.2592
epoch 173/200 loss 0.0225 train 1.0000 test 0.2584
epoch 174/200 loss 0.0222 train 1.0000 test 0.2593
epoch 175/200 loss 0.0217 train 1.0000 test 0.2585
epoch 176/200 loss 0.0219 train 1.0000 test 0.2590
epoch 177/200 loss 0.0217 train 1.0000 test 0.2588
epoch 178/200 loss 0.0217 train 1.0000 test 0.2584
epoch 179/200 loss 0.0218 train 1.0000 test 0.2588
epoch 180/200 loss 0.0214 train 1.0000 test 0.2596
epoch 181/200 loss 0.0219 train 1.0000 test 0.2592
epoch 182/200 loss 0.0220 train 1.0000 test 0.2583
epoch 183/200 loss 0.0220 train 1.0000 test 0.2586
epoch 184/200 loss 0.0215 train 1.0000 test 0.2586
epoch 185/200 loss 0.0217 train 1.0000 test 0.2592
epoch 186/200 loss 0.0213 train 1.0000 test 0.2591
epoch 187/200 loss 0.0221 train 1.0000 test 0.2576
epoch 188/200 loss 0.0218 train 1.0000 test 0.2595
epoch 189/200 loss 0.0217 train 1.0000 test 0.2590
epoch 190/200 loss 0.0216 train 1.0000 test 0.2594
epoch 191/200 loss 0.0212 train 1.0000 test 0.2587
epoch 192/200 loss 0.0213 train 1.0000 test 0.2592
epoch 193/200 loss 0.0218 train 1.0000 test 0.2588
epoch 194/200 loss 0.0219 train 1.0000 test 0.2581
epoch 195/200 loss 0.0222 train 1.0000 test 0.2588
epoch 196/200 loss 0.0220 train 1.0000 test 0.2590
epoch 197/200 loss 0.0221 train 1.0000 test 0.2593
epoch 198/200 loss 0.0216 train 1.0000 test 0.2585
epoch 199/200 loss 0.0214 train 1.0000 test 0.2592
epoch 200/200 loss 0.0217 train 1.0000 test 0.2600
done: final 0.2600 best 0.2616 -> ./runs/auxmag_5pct_l10/seed0
moment-aux target calibrated on 1024 images
[auxmag_5pct_l10 seed1] {"params_trainable": 11222188, "params_stem_trainable": 0, "params_stem_fixed_filters": 0, "flops_total": 556705792, "flops_stem": 0, "flops_image_size": 32}
epoch 1/200 loss 4.7617 train 0.0214 test 0.0400
epoch 2/200 loss 4.4121 train 0.0526 test 0.0538
epoch 3/200 loss 4.2380 train 0.0670 test 0.0701
epoch 4/200 loss 4.0972 train 0.0740 test 0.0724
epoch 5/200 loss 4.0440 train 0.0900 test 0.0813
epoch 6/200 loss 3.9022 train 0.1036 test 0.0975
epoch 7/200 loss 3.8077 train 0.1160 test 0.0946
epoch 8/200 loss 3.7482 train 0.1229 test 0.0920
epoch 9/200 loss 3.6814 train 0.1369 test 0.0987
epoch 10/200 loss 3.6056 train 0.1377 test 0.1082
epoch 11/200 loss 3.5248 train 0.1464 test 0.1037
epoch 12/200 loss 3.4737 train 0.1669 test 0.1146
epoch 13/200 loss 3.3968 train 0.1752 test 0.1068
epoch 14/200 loss 3.3544 train 0.1854 test 0.1265
epoch 15/200 loss 3.2727 train 0.1854 test 0.1292
epoch 16/200 loss 3.1907 train 0.2076 test 0.1404
epoch 17/200 loss 3.1037 train 0.2405 test 0.1318
epoch 18/200 loss 3.0877 train 0.2245 test 0.1326
epoch 19/200 loss 3.0428 train 0.2405 test 0.1335
epoch 20/200 loss 2.9590 train 0.2508 test 0.1501
epoch 21/200 loss 2.9001 train 0.2627 test 0.1434
epoch 22/200 loss 2.8571 train 0.2722 test 0.1492
epoch 23/200 loss 2.7534 train 0.2965 test 0.1413
epoch 24/200 loss 2.6637 train 0.3154 test 0.1448
epoch 25/200 loss 2.6206 train 0.3224 test 0.1421
epoch 26/200 loss 2.5560 train 0.3417 test 0.1585
epoch 27/200 loss 2.4184 train 0.3491 test 0.1643
epoch 28/200 loss 2.3180 train 0.3890 test 0.1763
epoch 29/200 loss 2.2869 train 0.3873 test 0.1670
epoch 30/200 loss 2.2306 train 0.3906 test 0.1577
epoch 31/200 loss 2.1493 train 0.4095 test 0.1592
epoch 32/200 loss 2.0879 train 0.4182 test 0.1691
epoch 33/200 loss 1.9439 train 0.4589 test 0.1653
epoch 34/200 loss 1.8419 train 0.4910 test 0.1858
epoch 35/200 loss 1.7373 train 0.5136 test 0.1806
epoch 36/200 loss 1.7078 train 0.5164 test 0.1764
epoch 37/200 loss 1.5956 train 0.5341 test 0.1799
epoch 38/200 loss 1.5140 train 0.5650 test 0.1794
epoch 39/200 loss 1.4628 train 0.5818 test 0.1709
epoch 40/200 loss 1.3415 train 0.6332 test 0.1846
epoch 41/200 loss 1.1829 train 0.6616 test 0.1849
epoch 42/200 loss 1.0791 train 0.6887 test 0.1800
epoch 43/200 loss 1.0293 train 0.7052 test 0.2078
epoch 44/200 loss 0.9922 train 0.7130 test 0.1841
epoch 45/200 loss 0.8897 train 0.7451 test 0.1902
epoch 46/200 loss 0.8514 train 0.7475 test 0.1790
epoch 47/200 loss 0.7910 train 0.7751 test 0.1982
epoch 48/200 loss 0.6581 train 0.8170 test 0.2039
epoch 49/200 loss 0.5570 train 0.8553 test 0.1926
epoch 50/200 loss 0.5378 train 0.8520 test 0.2016
epoch 51/200 loss 0.5006 train 0.8655 test 0.2040
epoch 52/200 loss 0.4583 train 0.8795 test 0.1889
epoch 53/200 loss 0.4061 train 0.9013 test 0.2063
epoch 54/200 loss 0.3892 train 0.9025 test 0.2085
epoch 55/200 loss 0.3779 train 0.9030 test 0.2047
epoch 56/200 loss 0.3607 train 0.9030 test 0.1918
epoch 57/200 loss 0.3448 train 0.9058 test 0.2081
epoch 58/200 loss 0.3202 train 0.9178 test 0.1937
epoch 59/200 loss 0.2822 train 0.9338 test 0.2045
epoch 60/200 loss 0.2238 train 0.9531 test 0.2242
epoch 61/200 loss 0.1843 train 0.9597 test 0.2287
epoch 62/200 loss 0.1538 train 0.9729 test 0.2242
epoch 63/200 loss 0.1214 train 0.9827 test 0.2299
epoch 64/200 loss 0.1049 train 0.9856 test 0.2372
epoch 65/200 loss 0.0877 train 0.9897 test 0.2358
epoch 66/200 loss 0.0783 train 0.9926 test 0.2400
epoch 67/200 loss 0.0631 train 0.9971 test 0.2413
epoch 68/200 loss 0.0621 train 0.9959 test 0.2404
epoch 69/200 loss 0.0517 train 0.9975 test 0.2448
epoch 70/200 loss 0.0437 train 0.9979 test 0.2501
epoch 71/200 loss 0.0430 train 0.9984 test 0.2526
epoch 72/200 loss 0.0419 train 0.9992 test 0.2509
epoch 73/200 loss 0.0379 train 1.0000 test 0.2508
epoch 74/200 loss 0.0349 train 1.0000 test 0.2589
epoch 75/200 loss 0.0327 train 1.0000 test 0.2597
epoch 76/200 loss 0.0328 train 1.0000 test 0.2601
epoch 77/200 loss 0.0317 train 1.0000 test 0.2613
epoch 78/200 loss 0.0321 train 1.0000 test 0.2584
epoch 79/200 loss 0.0317 train 1.0000 test 0.2605
epoch 80/200 loss 0.0321 train 0.9996 test 0.2614
epoch 81/200 loss 0.0323 train 0.9996 test 0.2548
epoch 82/200 loss 0.0320 train 0.9996 test 0.2574
epoch 83/200 loss 0.0315 train 1.0000 test 0.2608
epoch 84/200 loss 0.0307 train 1.0000 test 0.2602
epoch 85/200 loss 0.0310 train 1.0000 test 0.2604
epoch 86/200 loss 0.0310 train 1.0000 test 0.2616
epoch 87/200 loss 0.0296 train 1.0000 test 0.2627
epoch 88/200 loss 0.0309 train 0.9996 test 0.2627
epoch 89/200 loss 0.0307 train 1.0000 test 0.2633
epoch 90/200 loss 0.0298 train 1.0000 test 0.2634
epoch 91/200 loss 0.0308 train 1.0000 test 0.2641
epoch 92/200 loss 0.0298 train 1.0000 test 0.2636
epoch 93/200 loss 0.0291 train 1.0000 test 0.2629
epoch 94/200 loss 0.0289 train 1.0000 test 0.2634
epoch 95/200 loss 0.0282 train 1.0000 test 0.2621
epoch 96/200 loss 0.0283 train 1.0000 test 0.2657
epoch 97/200 loss 0.0285 train 1.0000 test 0.2659
epoch 98/200 loss 0.0286 train 1.0000 test 0.2655
epoch 99/200 loss 0.0283 train 1.0000 test 0.2641
epoch 100/200 loss 0.0282 train 1.0000 test 0.2661
epoch 101/200 loss 0.0283 train 1.0000 test 0.2642
epoch 102/200 loss 0.0287 train 1.0000 test 0.2668
epoch 103/200 loss 0.0276 train 1.0000 test 0.2657
epoch 104/200 loss 0.0276 train 1.0000 test 0.2637
epoch 105/200 loss 0.0269 train 1.0000 test 0.2654
epoch 106/200 loss 0.0275 train 1.0000 test 0.2649
epoch 107/200 loss 0.0277 train 1.0000 test 0.2659
epoch 108/200 loss 0.0273 train 1.0000 test 0.2665
epoch 109/200 loss 0.0268 train 1.0000 test 0.2667
epoch 110/200 loss 0.0266 train 1.0000 test 0.2668
epoch 111/200 loss 0.0258 train 1.0000 test 0.2665
epoch 112/200 loss 0.0259 train 1.0000 test 0.2656
epoch 113/200 loss 0.0260 train 1.0000 test 0.2657
epoch 114/200 loss 0.0265 train 1.0000 test 0.2671
epoch 115/200 loss 0.0254 train 1.0000 test 0.2647
epoch 116/200 loss 0.0256 train 1.0000 test 0.2663
epoch 117/200 loss 0.0258 train 1.0000 test 0.2667
epoch 118/200 loss 0.0260 train 1.0000 test 0.2669
epoch 119/200 loss 0.0247 train 1.0000 test 0.2665
epoch 120/200 loss 0.0252 train 1.0000 test 0.2689
epoch 121/200 loss 0.0243 train 1.0000 test 0.2683
epoch 122/200 loss 0.0243 train 1.0000 test 0.2696
epoch 123/200 loss 0.0251 train 1.0000 test 0.2683
epoch 124/200 loss 0.0243 train 1.0000 test 0.2679
epoch 125/200 loss 0.0246 train 1.0000 test 0.2690
epoch 126/200 loss 0.0236 train 1.0000 test 0.2672
epoch 127/200 loss 0.0237 train 1.0000 test 0.2687
epoch 128/200 loss 0.0234 train 1.0000 test 0.2679
epoch 129/200 loss 0.0233 train 1.0000 test 0.2683
epoch 130/200 loss 0.0234 train 1.0000 test 0.2684
epoch 131/200 loss 0.0227 train 1.0000 test 0.2687
epoch 132/200 loss 0.0232 train 1.0000 test 0.2697
epoch 133/200 loss 0.0227 train 1.0000 test 0.2682
epoch 134/200 loss 0.0221 train 1.0000 test 0.2700
epoch 135/200 loss 0.0231 train 1.0000 test 0.2716
epoch 136/200 loss 0.0227 train 1.0000 test 0.2698
epoch 137/200 loss 0.0219 train 1.0000 test 0.2686
epoch 138/200 loss 0.0218 train 1.0000 test 0.2691
epoch 139/200 loss 0.0216 train 1.0000 test 0.2705
epoch 140/200 loss 0.0222 train 1.0000 test 0.2696
epoch 141/200 loss 0.0218 train 1.0000 test 0.2698
epoch 142/200 loss 0.0220 train 1.0000 test 0.2684
epoch 143/200 loss 0.0225 train 1.0000 test 0.2688
epoch 144/200 loss 0.0216 train 1.0000 test 0.2693
epoch 145/200 loss 0.0218 train 1.0000 test 0.2700
epoch 146/200 loss 0.0220 train 1.0000 test 0.2686
epoch 147/200 loss 0.0206 train 1.0000 test 0.2713
epoch 148/200 loss 0.0222 train 1.0000 test 0.2699
epoch 149/200 loss 0.0214 train 1.0000 test 0.2699
epoch 150/200 loss 0.0215 train 1.0000 test 0.2714
epoch 151/200 loss 0.0213 train 1.0000 test 0.2700
epoch 152/200 loss 0.0208 train 1.0000 test 0.2705
epoch 153/200 loss 0.0210 train 1.0000 test 0.2718
epoch 154/200 loss 0.0213 train 1.0000 test 0.2712
epoch 155/200 loss 0.0214 train 1.0000 test 0.2726
epoch 156/200 loss 0.0208 train 1.0000 test 0.2718
epoch 157/200 loss 0.0205 train 1.0000 test 0.2716
epoch 158/200 loss 0.0204 train 1.0000 test 0.2710
epoch 159/200 loss 0.0213 train 1.0000 test 0.2704
epoch 160/200 loss 0.0202 train 1.0000 test 0.2700
epoch 161/200 loss 0.0200 train 1.0000 test 0.2701
epoch 162/200 loss 0.0207 train 1.0000 test 0.2693
epoch 163/200 loss 0.0212 train 1.0000 test 0.2714
epoch 164/200 loss 0.0205 train 1.0000 test 0.2708
epoch 165/200 loss 0.0209 train 1.0000 test 0.2706
epoch 166/200 loss 0.0205 train 1.0000 test 0.2702
epoch 167/200 loss 0.0208 train 1.0000 test 0.2715
epoch 168/200 loss 0.0201 train 1.0000 test 0.2711
epoch 169/200 loss 0.0205 train 1.0000 test 0.2719
epoch 170/200 loss 0.0201 train 1.0000 test 0.2707
epoch 171/200 loss 0.0205 train 1.0000 test 0.2723
epoch 172/200 loss 0.0203 train 1.0000 test 0.2720
epoch 173/200 loss 0.0205 train 1.0000 test 0.2729
epoch 174/200 loss 0.0205 train 1.0000 test 0.2725
epoch 175/200 loss 0.0204 train 1.0000 test 0.2726
epoch 176/200 loss 0.0202 train 1.0000 test 0.2718
epoch 177/200 loss 0.0200 train 1.0000 test 0.2718
epoch 178/200 loss 0.0200 train 1.0000 test 0.2713
epoch 179/200 loss 0.0198 train 1.0000 test 0.2715
epoch 180/200 loss 0.0200 train 1.0000 test 0.2718
epoch 181/200 loss 0.0205 train 1.0000 test 0.2709
epoch 182/200 loss 0.0203 train 1.0000 test 0.2715
epoch 183/200 loss 0.0205 train 1.0000 test 0.2705
epoch 184/200 loss 0.0200 train 1.0000 test 0.2721
epoch 185/200 loss 0.0204 train 1.0000 test 0.2713
epoch 186/200 loss 0.0197 train 1.0000 test 0.2715
epoch 187/200 loss 0.0197 train 1.0000 test 0.2714
epoch 188/200 loss 0.0198 train 1.0000 test 0.2720
epoch 189/200 loss 0.0200 train 1.0000 test 0.2706
epoch 190/200 loss 0.0198 train 1.0000 test 0.2706
epoch 191/200 loss 0.0196 train 1.0000 test 0.2711
epoch 192/200 loss 0.0205 train 1.0000 test 0.2719
epoch 193/200 loss 0.0201 train 1.0000 test 0.2705
epoch 194/200 loss 0.0199 train 1.0000 test 0.2717
epoch 195/200 loss 0.0201 train 1.0000 test 0.2713
epoch 196/200 loss 0.0198 train 1.0000 test 0.2725
epoch 197/200 loss 0.0200 train 1.0000 test 0.2720
epoch 198/200 loss 0.0203 train 1.0000 test 0.2721
epoch 199/200 loss 0.0203 train 1.0000 test 0.2701
epoch 200/200 loss 0.0194 train 1.0000 test 0.2719
done: final 0.2719 best 0.2729 -> ./runs/auxmag_5pct_l10/seed1
moment-aux target calibrated on 1024 images
[auxmag_5pct_l10 seed2] {"params_trainable": 11222188, "params_stem_trainable": 0, "params_stem_fixed_filters": 0, "flops_total": 556705792, "flops_stem": 0, "flops_image_size": 32}
epoch 1/200 loss 4.7281 train 0.0197 test 0.0376
epoch 2/200 loss 4.3957 train 0.0465 test 0.0611
epoch 3/200 loss 4.2195 train 0.0748 test 0.0663
epoch 4/200 loss 4.1011 train 0.0765 test 0.0837
epoch 5/200 loss 3.9841 train 0.1044 test 0.0951
epoch 6/200 loss 3.8467 train 0.1086 test 0.0937
epoch 7/200 loss 3.7636 train 0.1176 test 0.0926
epoch 8/200 loss 3.7149 train 0.1197 test 0.0964
epoch 9/200 loss 3.6787 train 0.1303 test 0.1041
epoch 10/200 loss 3.5643 train 0.1468 test 0.1057
epoch 11/200 loss 3.5288 train 0.1624 test 0.1046
epoch 12/200 loss 3.4459 train 0.1715 test 0.1186
epoch 13/200 loss 3.3857 train 0.1846 test 0.1182
epoch 14/200 loss 3.3413 train 0.1752 test 0.1266
epoch 15/200 loss 3.2445 train 0.2150 test 0.1288
epoch 16/200 loss 3.1684 train 0.2118 test 0.1402
epoch 17/200 loss 3.1160 train 0.2331 test 0.1257
epoch 18/200 loss 3.0946 train 0.2294 test 0.1298
epoch 19/200 loss 3.0185 train 0.2434 test 0.1477
epoch 20/200 loss 2.9703 train 0.2566 test 0.1339
epoch 21/200 loss 2.8693 train 0.2747 test 0.1506
epoch 22/200 loss 2.7852 train 0.2895 test 0.1560
epoch 23/200 loss 2.7157 train 0.3109 test 0.1676
epoch 24/200 loss 2.6795 train 0.3117 test 0.1596
epoch 25/200 loss 2.5859 train 0.3183 test 0.1448
epoch 26/200 loss 2.5364 train 0.3396 test 0.1650
epoch 27/200 loss 2.4786 train 0.3438 test 0.1638
epoch 28/200 loss 2.3527 train 0.3725 test 0.1629
epoch 29/200 loss 2.2605 train 0.3956 test 0.1596
epoch 30/200 loss 2.1864 train 0.4112 test 0.1509
epoch 31/200 loss 2.0900 train 0.4297 test 0.1610
epoch 32/200 loss 1.9734 train 0.4572 test 0.1696
epoch 33/200 loss 1.9087 train 0.4712 test 0.1906
epoch 34/200 loss 1.8573 train 0.4844 test 0.1772
epoch 35/200 loss 1.7727 train 0.4979 test 0.1771
epoch 36/200 loss 1.6983 train 0.5280 test 0.1705
epoch 37/200 loss 1.5655 train 0.5506 test 0.1816
epoch 38/200 loss 1.4344 train 0.5933 test 0.1932
epoch 39/200 loss 1.3766 train 0.5995 test 0.1799
epoch 40/200 loss 1.3204 train 0.6201 test 0.1764
epoch 41/200 loss 1.2030 train 0.6493 test 0.1910
epoch 42/200 loss 1.0938 train 0.6896 test 0.1748
epoch 43/200 loss 0.9530 train 0.7237 test 0.1934
epoch 44/200 loss 0.9530 train 0.7188 test 0.1773
epoch 45/200 loss 0.8978 train 0.7397 test 0.1876
epoch 46/200 loss 0.7800 train 0.7751 test 0.2117
epoch 47/200 loss 0.7524 train 0.7854 test 0.1985
epoch 48/200 loss 0.6703 train 0.8121 test 0.2042
epoch 49/200 loss 0.6101 train 0.8277 test 0.1977
epoch 50/200 loss 0.5979 train 0.8331 test 0.1801
epoch 51/200 loss 0.5575 train 0.8438 test 0.1845
epoch 52/200 loss 0.4566 train 0.8820 test 0.2064
epoch 53/200 loss 0.4135 train 0.8935 test 0.2182
epoch 54/200 loss 0.3600 train 0.9120 test 0.2058
epoch 55/200 loss 0.3169 train 0.9227 test 0.1998
epoch 56/200 loss 0.2756 train 0.9387 test 0.2146
epoch 57/200 loss 0.2671 train 0.9391 test 0.2179
epoch 58/200 loss 0.2355 train 0.9461 test 0.2168
epoch 59/200 loss 0.2106 train 0.9593 test 0.2092
epoch 60/200 loss 0.2229 train 0.9486 test 0.2118
epoch 61/200 loss 0.1932 train 0.9613 test 0.2173
epoch 62/200 loss 0.1634 train 0.9716 test 0.2204
epoch 63/200 loss 0.1551 train 0.9749 test 0.2236
epoch 64/200 loss 0.1291 train 0.9790 test 0.2280
epoch 65/200 loss 0.1241 train 0.9811 test 0.2322
epoch 66/200 loss 0.1246 train 0.9803 test 0.2257
epoch 67/200 loss 0.1165 train 0.9786 test 0.2290
epoch 68/200 loss 0.1091 train 0.9873 test 0.2356
epoch 69/200 loss 0.0789 train 0.9918 test 0.2403
epoch 70/200 loss 0.0599 train 0.9947 test 0.2459
epoch 71/200 loss 0.0564 train 0.9963 test 0.2476
epoch 72/200 loss 0.0507 train 0.9971 test 0.2432
epoch 73/200 loss 0.0476 train 0.9967 test 0.2481
epoch 74/200 loss 0.0481 train 0.9971 test 0.2526
epoch 75/200 loss 0.0476 train 0.9955 test 0.2502
epoch 76/200 loss 0.0514 train 0.9951 test 0.2496
epoch 77/200 loss 0.0515 train 0.9963 test 0.2447
epoch 78/200 loss 0.0407 train 0.9996 test 0.2526
epoch 79/200 loss 0.0363 train 0.9996 test 0.2504
epoch 80/200 loss 0.0336 train 0.9992 test 0.2548
epoch 81/200 loss 0.0343 train 0.9992 test 0.2553
epoch 82/200 loss 0.0317 train 1.0000 test 0.2570
epoch 83/200 loss 0.0307 train 1.0000 test 0.2591
epoch 84/200 loss 0.0304 train 1.0000 test 0.2590
epoch 85/200 loss 0.0306 train 0.9996 test 0.2588
epoch 86/200 loss 0.0295 train 1.0000 test 0.2629
epoch 87/200 loss 0.0295 train 1.0000 test 0.2619
epoch 88/200 loss 0.0291 train 1.0000 test 0.2616
epoch 89/200 loss 0.0288 train 0.9996 test 0.2617
epoch 90/200 loss 0.0291 train 1.0000 test 0.2583
epoch 91/200 loss 0.0286 train 1.0000 test 0.2605
epoch 92/200 loss 0.0280 train 1.0000 test 0.2629
epoch 93/200 loss 0.0284 train 1.0000 test 0.2627
epoch 94/200 loss 0.0279 train 1.0000 test 0.2607
epoch 95/200 loss 0.0275 train 1.0000 test 0.2616
epoch 96/200 loss 0.0274 train 1.0000 test 0.2633
epoch 97/200 loss 0.0278 train 1.0000 test 0.2620
epoch 98/200 loss 0.0276 train 1.0000 test 0.2660
epoch 99/200 loss 0.0272 train 1.0000 test 0.2664
epoch 100/200 loss 0.0275 train 1.0000 test 0.2653
epoch 101/200 loss 0.0272 train 1.0000 test 0.2645
epoch 102/200 loss 0.0272 train 1.0000 test 0.2647
epoch 103/200 loss 0.0269 train 1.0000 test 0.2650
epoch 104/200 loss 0.0272 train 1.0000 test 0.2650
epoch 105/200 loss 0.0269 train 1.0000 test 0.2631
epoch 106/200 loss 0.0271 train 1.0000 test 0.2654
epoch 107/200 loss 0.0271 train 1.0000 test 0.2646
epoch 108/200 loss 0.0270 train 1.0000 test 0.2630
epoch 109/200 loss 0.0265 train 1.0000 test 0.2645
epoch 110/200 loss 0.0263 train 1.0000 test 0.2666
epoch 111/200 loss 0.0266 train 1.0000 test 0.2649
epoch 112/200 loss 0.0258 train 1.0000 test 0.2678
epoch 113/200 loss 0.0260 train 1.0000 test 0.2666
epoch 114/200 loss 0.0257 train 1.0000 test 0.2647
epoch 115/200 loss 0.0258 train 1.0000 test 0.2675
epoch 116/200 loss 0.0264 train 1.0000 test 0.2662
epoch 117/200 loss 0.0260 train 1.0000 test 0.2678
epoch 118/200 loss 0.0256 train 1.0000 test 0.2657
epoch 119/200 loss 0.0258 train 1.0000 test 0.2651
epoch 120/200 loss 0.0247 train 1.0000 test 0.2659
epoch 121/200 loss 0.0255 train 1.0000 test 0.2667
epoch 122/200 loss 0.0252 train 1.0000 test 0.2668
epoch 123/200 loss 0.0257 train 1.0000 test 0.2622
epoch 124/200 loss 0.0251 train 1.0000 test 0.2668
epoch 125/200 loss 0.0244 train 1.0000 test 0.2666
epoch 126/200 loss 0.0237 train 1.0000 test 0.2658
epoch 127/200 loss 0.0240 train 1.0000 test 0.2650
epoch 128/200 loss 0.0238 train 1.0000 test 0.2677
epoch 129/200 loss 0.0239 train 1.0000 test 0.2677
epoch 130/200 loss 0.0234 train 1.0000 test 0.2681
epoch 131/200 loss 0.0243 train 1.0000 test 0.2672
epoch 132/200 loss 0.0228 train 1.0000 test 0.2687
epoch 133/200 loss 0.0227 train 1.0000 test 0.2680
epoch 134/200 loss 0.0230 train 1.0000 test 0.2665
epoch 135/200 loss 0.0226 train 1.0000 test 0.2686
epoch 136/200 loss 0.0230 train 1.0000 test 0.2697
epoch 137/200 loss 0.0223 train 1.0000 test 0.2685
epoch 138/200 loss 0.0224 train 1.0000 test 0.2675
epoch 139/200 loss 0.0227 train 1.0000 test 0.2682
epoch 140/200 loss 0.0226 train 1.0000 test 0.2673
epoch 141/200 loss 0.0218 train 1.0000 test 0.2686
epoch 142/200 loss 0.0219 train 1.0000 test 0.2693
epoch 143/200 loss 0.0226 train 1.0000 test 0.2676
epoch 144/200 loss 0.0221 train 1.0000 test 0.2674
epoch 145/200 loss 0.0218 train 1.0000 test 0.2677
epoch 146/200 loss 0.0217 train 1.0000 test 0.2686
epoch 147/200 loss 0.0213 train 1.0000 test 0.2676
epoch 148/200 loss 0.0209 train 1.0000 test 0.2686
epoch 149/200 loss 0.0213 train 1.0000 test 0.2686
epoch 150/200 loss 0.0209 train 1.0000 test 0.2661
epoch 151/200 loss 0.0212 train 1.0000 test 0.2680
epoch 152/200 loss 0.0211 train 1.0000 test 0.2680
epoch 153/200 loss 0.0210 train 1.0000 test 0.2669
epoch 154/200 loss 0.0214 train 1.0000 test 0.2698
epoch 155/200 loss 0.0217 train 1.0000 test 0.2685
epoch 156/200 loss 0.0205 train 1.0000 test 0.2684
epoch 157/200 loss 0.0203 train 1.0000 test 0.2690
epoch 158/200 loss 0.0205 train 1.0000 test 0.2691
epoch 159/200 loss 0.0214 train 1.0000 test 0.2706
epoch 160/200 loss 0.0205 train 1.0000 test 0.2706
epoch 161/200 loss 0.0212 train 1.0000 test 0.2700
epoch 162/200 loss 0.0202 train 1.0000 test 0.2707
epoch 163/200 loss 0.0207 train 1.0000 test 0.2694
epoch 164/200 loss 0.0208 train 1.0000 test 0.2692
epoch 165/200 loss 0.0206 train 1.0000 test 0.2696
epoch 166/200 loss 0.0206 train 1.0000 test 0.2690
epoch 167/200 loss 0.0198 train 1.0000 test 0.2701
epoch 168/200 loss 0.0210 train 1.0000 test 0.2696
epoch 169/200 loss 0.0198 train 1.0000 test 0.2701
epoch 170/200 loss 0.0204 train 1.0000 test 0.2707
epoch 171/200 loss 0.0201 train 1.0000 test 0.2708
epoch 172/200 loss 0.0202 train 1.0000 test 0.2698
epoch 173/200 loss 0.0199 train 1.0000 test 0.2696
epoch 174/200 loss 0.0207 train 1.0000 test 0.2699
epoch 175/200 loss 0.0205 train 1.0000 test 0.2693
epoch 176/200 loss 0.0203 train 1.0000 test 0.2699
epoch 177/200 loss 0.0205 train 1.0000 test 0.2702
epoch 178/200 loss 0.0203 train 1.0000 test 0.2697
epoch 179/200 loss 0.0203 train 1.0000 test 0.2703
epoch 180/200 loss 0.0200 train 1.0000 test 0.2691
epoch 181/200 loss 0.0201 train 1.0000 test 0.2690
epoch 182/200 loss 0.0198 train 1.0000 test 0.2698
epoch 183/200 loss 0.0198 train 1.0000 test 0.2695
epoch 184/200 loss 0.0199 train 1.0000 test 0.2697
epoch 185/200 loss 0.0203 train 1.0000 test 0.2706
epoch 186/200 loss 0.0196 train 1.0000 test 0.2700
epoch 187/200 loss 0.0202 train 1.0000 test 0.2696
epoch 188/200 loss 0.0196 train 1.0000 test 0.2696
epoch 189/200 loss 0.0202 train 1.0000 test 0.2695
epoch 190/200 loss 0.0194 train 1.0000 test 0.2695
epoch 191/200 loss 0.0198 train 1.0000 test 0.2692
epoch 192/200 loss 0.0199 train 1.0000 test 0.2698
epoch 193/200 loss 0.0196 train 1.0000 test 0.2699
epoch 194/200 loss 0.0199 train 1.0000 test 0.2706
epoch 195/200 loss 0.0201 train 1.0000 test 0.2704
epoch 196/200 loss 0.0200 train 1.0000 test 0.2699
epoch 197/200 loss 0.0203 train 1.0000 test 0.2686
epoch 198/200 loss 0.0199 train 1.0000 test 0.2703
epoch 199/200 loss 0.0201 train 1.0000 test 0.2691
epoch 200/200 loss 0.0198 train 1.0000 test 0.2696
done: final 0.2696 best 0.2708 -> ./runs/auxmag_5pct_l10/seed2
AUX_auxmag_5pct_l10_DONE
moment-aux target calibrated on 1024 images
[auxmag_100pct_l10 seed0] {"params_trainable": 11222188, "params_stem_trainable": 0, "params_stem_fixed_filters": 0, "flops_total": 556705792, "flops_stem": 0, "flops_image_size": 32}
epoch 1/200 loss 3.9311 train 0.1070 test 0.1530
epoch 2/200 loss 3.1862 train 0.2181 test 0.2627
epoch 3/200 loss 2.6624 train 0.3135 test 0.2806
epoch 4/200 loss 2.2780 train 0.3968 test 0.3904
epoch 5/200 loss 2.0176 train 0.4552 test 0.4467
epoch 6/200 loss 1.8481 train 0.4944 test 0.4629
epoch 7/200 loss 1.7136 train 0.5270 test 0.4624
epoch 8/200 loss 1.6410 train 0.5444 test 0.4546
epoch 9/200 loss 1.5511 train 0.5672 test 0.4886
epoch 10/200 loss 1.4993 train 0.5801 test 0.4534
epoch 11/200 loss 1.4417 train 0.5954 test 0.5478
epoch 12/200 loss 1.4047 train 0.6033 test 0.5357
epoch 13/200 loss 1.3677 train 0.6140 test 0.5539
epoch 14/200 loss 1.3311 train 0.6238 test 0.5458
epoch 15/200 loss 1.3119 train 0.6283 test 0.5360
epoch 16/200 loss 1.2777 train 0.6379 test 0.5543
epoch 17/200 loss 1.2643 train 0.6395 test 0.5612
epoch 18/200 loss 1.2299 train 0.6499 test 0.5662
epoch 19/200 loss 1.2158 train 0.6523 test 0.5777
epoch 20/200 loss 1.2084 train 0.6547 test 0.5526
epoch 21/200 loss 1.1847 train 0.6618 test 0.5659
epoch 22/200 loss 1.1708 train 0.6657 test 0.5567
epoch 23/200 loss 1.1556 train 0.6720 test 0.5770
epoch 24/200 loss 1.1474 train 0.6707 test 0.5944
epoch 25/200 loss 1.1402 train 0.6721 test 0.5583
epoch 26/200 loss 1.1288 train 0.6776 test 0.6054
epoch 27/200 loss 1.1158 train 0.6779 test 0.5731
epoch 28/200 loss 1.1058 train 0.6819 test 0.5709
epoch 29/200 loss 1.0904 train 0.6865 test 0.5761
epoch 30/200 loss 1.0878 train 0.6889 test 0.5984
epoch 31/200 loss 1.0750 train 0.6908 test 0.5315
epoch 32/200 loss 1.0721 train 0.6904 test 0.5623
epoch 33/200 loss 1.0680 train 0.6912 test 0.5659
epoch 34/200 loss 1.0490 train 0.6954 test 0.6125
epoch 35/200 loss 1.0448 train 0.6976 test 0.5883
epoch 36/200 loss 1.0368 train 0.7017 test 0.6035
epoch 37/200 loss 1.0329 train 0.7013 test 0.5849
epoch 38/200 loss 1.0212 train 0.7029 test 0.5198
epoch 39/200 loss 1.0210 train 0.7059 test 0.5962
epoch 40/200 loss 1.0036 train 0.7104 test 0.5623
epoch 41/200 loss 1.0014 train 0.7100 test 0.5793
epoch 42/200 loss 1.0012 train 0.7090 test 0.6025
epoch 43/200 loss 0.9827 train 0.7137 test 0.5588
epoch 44/200 loss 0.9858 train 0.7146 test 0.5842
epoch 45/200 loss 0.9692 train 0.7200 test 0.6009
epoch 46/200 loss 0.9690 train 0.7204 test 0.5980
epoch 47/200 loss 0.9690 train 0.7182 test 0.5671
epoch 48/200 loss 0.9611 train 0.7215 test 0.5591
epoch 49/200 loss 0.9518 train 0.7224 test 0.5950
epoch 50/200 loss 0.9446 train 0.7264 test 0.5839
epoch 51/200 loss 0.9287 train 0.7301 test 0.5802
epoch 52/200 loss 0.9381 train 0.7283 test 0.5859
epoch 53/200 loss 0.9260 train 0.7292 test 0.6192
epoch 54/200 loss 0.9173 train 0.7315 test 0.5984
epoch 55/200 loss 0.9071 train 0.7355 test 0.5857
epoch 56/200 loss 0.9048 train 0.7365 test 0.5697
epoch 57/200 loss 0.9059 train 0.7346 test 0.6103
epoch 58/200 loss 0.8937 train 0.7393 test 0.5958
epoch 59/200 loss 0.8775 train 0.7444 test 0.5889
epoch 60/200 loss 0.8825 train 0.7421 test 0.5383
epoch 61/200 loss 0.8638 train 0.7474 test 0.5759
epoch 62/200 loss 0.8612 train 0.7490 test 0.6372
epoch 63/200 loss 0.8518 train 0.7527 test 0.5945
epoch 64/200 loss 0.8429 train 0.7510 test 0.6135
epoch 65/200 loss 0.8365 train 0.7537 test 0.6105
epoch 66/200 loss 0.8238 train 0.7577 test 0.6242
epoch 67/200 loss 0.8355 train 0.7541 test 0.5978
epoch 68/200 loss 0.8115 train 0.7611 test 0.6233
epoch 69/200 loss 0.8100 train 0.7606 test 0.5948
epoch 70/200 loss 0.8101 train 0.7618 test 0.6055
epoch 71/200 loss 0.8035 train 0.7631 test 0.6299
epoch 72/200 loss 0.7850 train 0.7688 test 0.6133
epoch 73/200 loss 0.7757 train 0.7719 test 0.5842
epoch 74/200 loss 0.7762 train 0.7700 test 0.6401
epoch 75/200 loss 0.7595 train 0.7762 test 0.6107
epoch 76/200 loss 0.7558 train 0.7777 test 0.6407
epoch 77/200 loss 0.7511 train 0.7767 test 0.5968
epoch 78/200 loss 0.7323 train 0.7831 test 0.6375
epoch 79/200 loss 0.7258 train 0.7838 test 0.6211
epoch 80/200 loss 0.7281 train 0.7829 test 0.6266
epoch 81/200 loss 0.7149 train 0.7886 test 0.6421
epoch 82/200 loss 0.7157 train 0.7879 test 0.6127
epoch 83/200 loss 0.6988 train 0.7937 test 0.6369
epoch 84/200 loss 0.6868 train 0.7959 test 0.6286
epoch 85/200 loss 0.6742 train 0.7996 test 0.6380
epoch 86/200 loss 0.6664 train 0.8027 test 0.6410
epoch 87/200 loss 0.6698 train 0.8008 test 0.6125
epoch 88/200 loss 0.6488 train 0.8077 test 0.6704
epoch 89/200 loss 0.6443 train 0.8080 test 0.6450
epoch 90/200 loss 0.6347 train 0.8101 test 0.6337
epoch 91/200 loss 0.6314 train 0.8097 test 0.6345
epoch 92/200 loss 0.6221 train 0.8144 test 0.6619
epoch 93/200 loss 0.6082 train 0.8175 test 0.6491
epoch 94/200 loss 0.5850 train 0.8248 test 0.6236
epoch 95/200 loss 0.5921 train 0.8229 test 0.6504
epoch 96/200 loss 0.5849 train 0.8246 test 0.6377
epoch 97/200 loss 0.5766 train 0.8282 test 0.6311
epoch 98/200 loss 0.5630 train 0.8322 test 0.6556
epoch 99/200 loss 0.5476 train 0.8360 test 0.6530
epoch 100/200 loss 0.5333 train 0.8400 test 0.6270
epoch 101/200 loss 0.5297 train 0.8402 test 0.6365
epoch 102/200 loss 0.5121 train 0.8461 test 0.6243
epoch 103/200 loss 0.5060 train 0.8475 test 0.6459
epoch 104/200 loss 0.5081 train 0.8480 test 0.6379
epoch 105/200 loss 0.4844 train 0.8543 test 0.6574
epoch 106/200 loss 0.4657 train 0.8612 test 0.6653
epoch 107/200 loss 0.4835 train 0.8541 test 0.6597
epoch 108/200 loss 0.4393 train 0.8670 test 0.6711
epoch 109/200 loss 0.4586 train 0.8632 test 0.6524
epoch 110/200 loss 0.4453 train 0.8668 test 0.6515
epoch 111/200 loss 0.4329 train 0.8716 test 0.6471
epoch 112/200 loss 0.4163 train 0.8756 test 0.6549
epoch 113/200 loss 0.4116 train 0.8776 test 0.6482
epoch 114/200 loss 0.3959 train 0.8814 test 0.6617
epoch 115/200 loss 0.3826 train 0.8857 test 0.6504
epoch 116/200 loss 0.3731 train 0.8871 test 0.6338
epoch 117/200 loss 0.3674 train 0.8901 test 0.6666
epoch 118/200 loss 0.3551 train 0.8957 test 0.6789
epoch 119/200 loss 0.3543 train 0.8949 test 0.6625
epoch 120/200 loss 0.3442 train 0.8996 test 0.6739
epoch 121/200 loss 0.3295 train 0.9050 test 0.6650
epoch 122/200 loss 0.3135 train 0.9080 test 0.6673
epoch 123/200 loss 0.3002 train 0.9112 test 0.6622
epoch 124/200 loss 0.2996 train 0.9126 test 0.6838
epoch 125/200 loss 0.2901 train 0.9151 test 0.6662
epoch 126/200 loss 0.2705 train 0.9223 test 0.6743
epoch 127/200 loss 0.2689 train 0.9223 test 0.6863
epoch 128/200 loss 0.2584 train 0.9253 test 0.6852
epoch 129/200 loss 0.2465 train 0.9297 test 0.6967
epoch 130/200 loss 0.2361 train 0.9334 test 0.6738
epoch 131/200 loss 0.2280 train 0.9359 test 0.6901
epoch 132/200 loss 0.2267 train 0.9366 test 0.6973
epoch 133/200 loss 0.2112 train 0.9410 test 0.6808
epoch 134/200 loss 0.2084 train 0.9417 test 0.6999
epoch 135/200 loss 0.1857 train 0.9509 test 0.7045
epoch 136/200 loss 0.1777 train 0.9526 test 0.6888
epoch 137/200 loss 0.1703 train 0.9552 test 0.6996
epoch 138/200 loss 0.1606 train 0.9575 test 0.6935
epoch 139/200 loss 0.1449 train 0.9629 test 0.7128
epoch 140/200 loss 0.1439 train 0.9638 test 0.6959
epoch 141/200 loss 0.1304 train 0.9674 test 0.7091
epoch 142/200 loss 0.1255 train 0.9690 test 0.6982
epoch 143/200 loss 0.1264 train 0.9689 test 0.7227
epoch 144/200 loss 0.1068 train 0.9755 test 0.7148
epoch 145/200 loss 0.0973 train 0.9784 test 0.7144
epoch 146/200 loss 0.0971 train 0.9783 test 0.7219
epoch 147/200 loss 0.0795 train 0.9845 test 0.7318
epoch 148/200 loss 0.0846 train 0.9820 test 0.7254
epoch 149/200 loss 0.0786 train 0.9844 test 0.7230
epoch 150/200 loss 0.0605 train 0.9893 test 0.7337
epoch 151/200 loss 0.0572 train 0.9901 test 0.7398
epoch 152/200 loss 0.0518 train 0.9916 test 0.7473
epoch 153/200 loss 0.0454 train 0.9934 test 0.7447
epoch 154/200 loss 0.0370 train 0.9956 test 0.7517
epoch 155/200 loss 0.0334 train 0.9965 test 0.7533
epoch 156/200 loss 0.0292 train 0.9973 test 0.7565
epoch 157/200 loss 0.0254 train 0.9979 test 0.7615
epoch 158/200 loss 0.0236 train 0.9983 test 0.7681
epoch 159/200 loss 0.0220 train 0.9987 test 0.7682
epoch 160/200 loss 0.0195 train 0.9989 test 0.7718
epoch 161/200 loss 0.0194 train 0.9991 test 0.7711
epoch 162/200 loss 0.0182 train 0.9992 test 0.7760
epoch 163/200 loss 0.0171 train 0.9994 test 0.7767
epoch 164/200 loss 0.0175 train 0.9993 test 0.7771
epoch 165/200 loss 0.0170 train 0.9992 test 0.7769
epoch 166/200 loss 0.0161 train 0.9995 test 0.7791
epoch 167/200 loss 0.0163 train 0.9995 test 0.7783
epoch 168/200 loss 0.0155 train 0.9995 test 0.7799
epoch 169/200 loss 0.0156 train 0.9995 test 0.7818
epoch 170/200 loss 0.0153 train 0.9995 test 0.7862
epoch 171/200 loss 0.0153 train 0.9996 test 0.7827
epoch 172/200 loss 0.0154 train 0.9994 test 0.7822
epoch 173/200 loss 0.0153 train 0.9996 test 0.7824
epoch 174/200 loss 0.0148 train 0.9996 test 0.7831
epoch 175/200 loss 0.0146 train 0.9997 test 0.7865
epoch 176/200 loss 0.0144 train 0.9996 test 0.7849
epoch 177/200 loss 0.0143 train 0.9996 test 0.7820
epoch 178/200 loss 0.0141 train 0.9997 test 0.7835
epoch 179/200 loss 0.0141 train 0.9997 test 0.7847
epoch 180/200 loss 0.0141 train 0.9997 test 0.7854
epoch 181/200 loss 0.0140 train 0.9996 test 0.7851
epoch 182/200 loss 0.0138 train 0.9997 test 0.7868
epoch 183/200 loss 0.0138 train 0.9997 test 0.7866
epoch 184/200 loss 0.0136 train 0.9998 test 0.7855
epoch 185/200 loss 0.0138 train 0.9996 test 0.7856
epoch 186/200 loss 0.0137 train 0.9997 test 0.7839
epoch 187/200 loss 0.0136 train 0.9997 test 0.7848
epoch 188/200 loss 0.0134 train 0.9997 test 0.7860
epoch 189/200 loss 0.0136 train 0.9998 test 0.7867
epoch 190/200 loss 0.0134 train 0.9997 test 0.7848
epoch 191/200 loss 0.0134 train 0.9998 test 0.7868
epoch 192/200 loss 0.0133 train 0.9997 test 0.7874
epoch 193/200 loss 0.0131 train 0.9998 test 0.7842
epoch 194/200 loss 0.0134 train 0.9997 test 0.7852
epoch 195/200 loss 0.0133 train 0.9998 test 0.7853
epoch 196/200 loss 0.0132 train 0.9997 test 0.7847
epoch 197/200 loss 0.0133 train 0.9997 test 0.7852
epoch 198/200 loss 0.0130 train 0.9999 test 0.7835
epoch 199/200 loss 0.0131 train 0.9998 test 0.7848
epoch 200/200 loss 0.0131 train 0.9997 test 0.7871
done: final 0.7871 best 0.7874 -> ./runs/auxmag_100pct_l10/seed0
moment-aux target calibrated on 1024 images
[auxmag_100pct_l10 seed1] {"params_trainable": 11222188, "params_stem_trainable": 0, "params_stem_fixed_filters": 0, "flops_total": 556705792, "flops_stem": 0, "flops_image_size": 32}
epoch 1/200 loss 3.9292 train 0.1054 test 0.1432
epoch 2/200 loss 3.1999 train 0.2155 test 0.2618
epoch 3/200 loss 2.6472 train 0.3150 test 0.3166
epoch 4/200 loss 2.2370 train 0.4028 test 0.4013
epoch 5/200 loss 1.9799 train 0.4632 test 0.4368
epoch 6/200 loss 1.8117 train 0.5010 test 0.4539
epoch 7/200 loss 1.7031 train 0.5280 test 0.4851
epoch 8/200 loss 1.6078 train 0.5514 test 0.4818
epoch 9/200 loss 1.5338 train 0.5724 test 0.4892
epoch 10/200 loss 1.4802 train 0.5851 test 0.5142
epoch 11/200 loss 1.4320 train 0.5982 test 0.4979
epoch 12/200 loss 1.3869 train 0.6079 test 0.4861
epoch 13/200 loss 1.3543 train 0.6166 test 0.5405
epoch 14/200 loss 1.3171 train 0.6253 test 0.5355
epoch 15/200 loss 1.2938 train 0.6320 test 0.5384
epoch 16/200 loss 1.2572 train 0.6416 test 0.5579
epoch 17/200 loss 1.2512 train 0.6437 test 0.5236
epoch 18/200 loss 1.2216 train 0.6544 test 0.5595
epoch 19/200 loss 1.2092 train 0.6549 test 0.5654
epoch 20/200 loss 1.1976 train 0.6582 test 0.5812
epoch 21/200 loss 1.1818 train 0.6631 test 0.5550
epoch 22/200 loss 1.1550 train 0.6685 test 0.5651
epoch 23/200 loss 1.1590 train 0.6671 test 0.5757
epoch 24/200 loss 1.1353 train 0.6726 test 0.5734
epoch 25/200 loss 1.1327 train 0.6750 test 0.5753
epoch 26/200 loss 1.1177 train 0.6764 test 0.5691
epoch 27/200 loss 1.1133 train 0.6814 test 0.5654
epoch 28/200 loss 1.0899 train 0.6856 test 0.5586
epoch 29/200 loss 1.0985 train 0.6842 test 0.5716
epoch 30/200 loss 1.0753 train 0.6901 test 0.5980
epoch 31/200 loss 1.0733 train 0.6901 test 0.5898
epoch 32/200 loss 1.0573 train 0.6938 test 0.5875
epoch 33/200 loss 1.0535 train 0.6951 test 0.6234
epoch 34/200 loss 1.0516 train 0.6985 test 0.5606
epoch 35/200 loss 1.0492 train 0.6974 test 0.5944
epoch 36/200 loss 1.0372 train 0.7007 test 0.5529
epoch 37/200 loss 1.0259 train 0.7064 test 0.5813
epoch 38/200 loss 1.0161 train 0.7082 test 0.5545
epoch 39/200 loss 1.0132 train 0.7068 test 0.6012
epoch 40/200 loss 1.0046 train 0.7088 test 0.5922
epoch 41/200 loss 0.9972 train 0.7138 test 0.5485
epoch 42/200 loss 0.9956 train 0.7123 test 0.5844
epoch 43/200 loss 0.9806 train 0.7172 test 0.5849
epoch 44/200 loss 0.9986 train 0.7108 test 0.5915
epoch 45/200 loss 0.9735 train 0.7168 test 0.5940
epoch 46/200 loss 0.9669 train 0.7222 test 0.5656
epoch 47/200 loss 0.9706 train 0.7160 test 0.5541
epoch 48/200 loss 0.9531 train 0.7210 test 0.5831
epoch 49/200 loss 0.9364 train 0.7283 test 0.5785
epoch 50/200 loss 0.9519 train 0.7230 test 0.5864
epoch 51/200 loss 0.9205 train 0.7319 test 0.5799
epoch 52/200 loss 0.9256 train 0.7301 test 0.6022
epoch 53/200 loss 0.9262 train 0.7329 test 0.5756
epoch 54/200 loss 0.9125 train 0.7331 test 0.5927
epoch 55/200 loss 0.9080 train 0.7374 test 0.6032
epoch 56/200 loss 0.8978 train 0.7384 test 0.6205
epoch 57/200 loss 0.8986 train 0.7379 test 0.6129
epoch 58/200 loss 0.8896 train 0.7403 test 0.6221
epoch 59/200 loss 0.8763 train 0.7429 test 0.6080
epoch 60/200 loss 0.8740 train 0.7444 test 0.5980
epoch 61/200 loss 0.8732 train 0.7446 test 0.5811
epoch 62/200 loss 0.8588 train 0.7486 test 0.5906
epoch 63/200 loss 0.8524 train 0.7499 test 0.6119
epoch 64/200 loss 0.8440 train 0.7521 test 0.6040
epoch 65/200 loss 0.8336 train 0.7541 test 0.5873
epoch 66/200 loss 0.8361 train 0.7551 test 0.6014
epoch 67/200 loss 0.8163 train 0.7584 test 0.6186
epoch 68/200 loss 0.8114 train 0.7613 test 0.6102
epoch 69/200 loss 0.8057 train 0.7608 test 0.5905
epoch 70/200 loss 0.8012 train 0.7638 test 0.5934
epoch 71/200 loss 0.7984 train 0.7633 test 0.6043
epoch 72/200 loss 0.7839 train 0.7685 test 0.6043
epoch 73/200 loss 0.7856 train 0.7695 test 0.6117
epoch 74/200 loss 0.7681 train 0.7737 test 0.6195
epoch 75/200 loss 0.7651 train 0.7744 test 0.6098
epoch 76/200 loss 0.7480 train 0.7783 test 0.6228
epoch 77/200 loss 0.7457 train 0.7774 test 0.6287
epoch 78/200 loss 0.7325 train 0.7838 test 0.6374
epoch 79/200 loss 0.7300 train 0.7847 test 0.6152
epoch 80/200 loss 0.7232 train 0.7837 test 0.6209
epoch 81/200 loss 0.7153 train 0.7876 test 0.6161
epoch 82/200 loss 0.7069 train 0.7900 test 0.6426
epoch 83/200 loss 0.6901 train 0.7952 test 0.6456
epoch 84/200 loss 0.6833 train 0.7959 test 0.6099
epoch 85/200 loss 0.6861 train 0.7973 test 0.6258
epoch 86/200 loss 0.6624 train 0.8024 test 0.6424
epoch 87/200 loss 0.6670 train 0.8006 test 0.6353
epoch 88/200 loss 0.6471 train 0.8079 test 0.6464
epoch 89/200 loss 0.6405 train 0.8097 test 0.6215
epoch 90/200 loss 0.6452 train 0.8070 test 0.6178
epoch 91/200 loss 0.6224 train 0.8145 test 0.6476
epoch 92/200 loss 0.6022 train 0.8222 test 0.6376
epoch 93/200 loss 0.6103 train 0.8177 test 0.6315
epoch 94/200 loss 0.5905 train 0.8217 test 0.6250
epoch 95/200 loss 0.5907 train 0.8238 test 0.6158
epoch 96/200 loss 0.5839 train 0.8259 test 0.6325
epoch 97/200 loss 0.5652 train 0.8304 test 0.6482
epoch 98/200 loss 0.5482 train 0.8377 test 0.6502
epoch 99/200 loss 0.5571 train 0.8335 test 0.6517
epoch 100/200 loss 0.5494 train 0.8350 test 0.6211
epoch 101/200 loss 0.5306 train 0.8404 test 0.6537
epoch 102/200 loss 0.5190 train 0.8445 test 0.6470
epoch 103/200 loss 0.5053 train 0.8496 test 0.6591
epoch 104/200 loss 0.4889 train 0.8537 test 0.6748
epoch 105/200 loss 0.4847 train 0.8551 test 0.6508
epoch 106/200 loss 0.4911 train 0.8502 test 0.6175
epoch 107/200 loss 0.4619 train 0.8636 test 0.6441
epoch 108/200 loss 0.4733 train 0.8577 test 0.6409
epoch 109/200 loss 0.4451 train 0.8674 test 0.6500
epoch 110/200 loss 0.4428 train 0.8683 test 0.6344
epoch 111/200 loss 0.4224 train 0.8750 test 0.6331
epoch 112/200 loss 0.4200 train 0.8746 test 0.6557
epoch 113/200 loss 0.4093 train 0.8766 test 0.6503
epoch 114/200 loss 0.4001 train 0.8807 test 0.6778
epoch 115/200 loss 0.3796 train 0.8877 test 0.6602
epoch 116/200 loss 0.3829 train 0.8854 test 0.6687
epoch 117/200 loss 0.3562 train 0.8946 test 0.6668
epoch 118/200 loss 0.3652 train 0.8920 test 0.6832
epoch 119/200 loss 0.3335 train 0.9030 test 0.6654
epoch 120/200 loss 0.3353 train 0.9014 test 0.6381
epoch 121/200 loss 0.3372 train 0.8991 test 0.6607
epoch 122/200 loss 0.3165 train 0.9078 test 0.6374
epoch 123/200 loss 0.3119 train 0.9081 test 0.6700
epoch 124/200 loss 0.2956 train 0.9148 test 0.6839
epoch 125/200 loss 0.2702 train 0.9213 test 0.6643
epoch 126/200 loss 0.2754 train 0.9206 test 0.6707
epoch 127/200 loss 0.2722 train 0.9212 test 0.6611
epoch 128/200 loss 0.2519 train 0.9290 test 0.6804
epoch 129/200 loss 0.2431 train 0.9300 test 0.6688
epoch 130/200 loss 0.2382 train 0.9319 test 0.6858
epoch 131/200 loss 0.2254 train 0.9368 test 0.6718
epoch 132/200 loss 0.2189 train 0.9388 test 0.6951
epoch 133/200 loss 0.2010 train 0.9446 test 0.6865
epoch 134/200 loss 0.2008 train 0.9447 test 0.6993
epoch 135/200 loss 0.1924 train 0.9470 test 0.6995
epoch 136/200 loss 0.1822 train 0.9495 test 0.6894
epoch 137/200 loss 0.1801 train 0.9501 test 0.6902
epoch 138/200 loss 0.1650 train 0.9568 test 0.7087
epoch 139/200 loss 0.1468 train 0.9631 test 0.6872
epoch 140/200 loss 0.1403 train 0.9655 test 0.7096
epoch 141/200 loss 0.1410 train 0.9640 test 0.7105
epoch 142/200 loss 0.1325 train 0.9662 test 0.7052
epoch 143/200 loss 0.1227 train 0.9706 test 0.7106
epoch 144/200 loss 0.1075 train 0.9762 test 0.7106
epoch 145/200 loss 0.0970 train 0.9784 test 0.7216
epoch 146/200 loss 0.0876 train 0.9809 test 0.7253
epoch 147/200 loss 0.0870 train 0.9816 test 0.7273
epoch 148/200 loss 0.0693 train 0.9864 test 0.7326
epoch 149/200 loss 0.0679 train 0.9874 test 0.7404
epoch 150/200 loss 0.0603 train 0.9894 test 0.7367
epoch 151/200 loss 0.0546 train 0.9919 test 0.7485
epoch 152/200 loss 0.0426 train 0.9943 test 0.7531
epoch 153/200 loss 0.0391 train 0.9953 test 0.7518
epoch 154/200 loss 0.0379 train 0.9954 test 0.7529
epoch 155/200 loss 0.0364 train 0.9961 test 0.7543
epoch 156/200 loss 0.0286 train 0.9974 test 0.7637
epoch 157/200 loss 0.0253 train 0.9982 test 0.7677
epoch 158/200 loss 0.0238 train 0.9982 test 0.7625
epoch 159/200 loss 0.0208 train 0.9990 test 0.7756
epoch 160/200 loss 0.0197 train 0.9991 test 0.7742
epoch 161/200 loss 0.0190 train 0.9991 test 0.7747
epoch 162/200 loss 0.0182 train 0.9993 test 0.7781
epoch 163/200 loss 0.0176 train 0.9993 test 0.7767
epoch 164/200 loss 0.0171 train 0.9992 test 0.7826
epoch 165/200 loss 0.0166 train 0.9994 test 0.7762
epoch 166/200 loss 0.0169 train 0.9993 test 0.7803
epoch 167/200 loss 0.0166 train 0.9993 test 0.7773
epoch 168/200 loss 0.0162 train 0.9995 test 0.7802
epoch 169/200 loss 0.0161 train 0.9995 test 0.7817
epoch 170/200 loss 0.0155 train 0.9996 test 0.7819
epoch 171/200 loss 0.0155 train 0.9995 test 0.7834
epoch 172/200 loss 0.0153 train 0.9996 test 0.7813
epoch 173/200 loss 0.0154 train 0.9995 test 0.7803
epoch 174/200 loss 0.0149 train 0.9997 test 0.7829
epoch 175/200 loss 0.0154 train 0.9995 test 0.7830
epoch 176/200 loss 0.0148 train 0.9996 test 0.7831
epoch 177/200 loss 0.0146 train 0.9996 test 0.7825
epoch 178/200 loss 0.0143 train 0.9996 test 0.7818
epoch 179/200 loss 0.0146 train 0.9996 test 0.7838
epoch 180/200 loss 0.0143 train 0.9997 test 0.7843
epoch 181/200 loss 0.0142 train 0.9997 test 0.7842
epoch 182/200 loss 0.0141 train 0.9997 test 0.7845
epoch 183/200 loss 0.0140 train 0.9997 test 0.7825
epoch 184/200 loss 0.0141 train 0.9998 test 0.7837
epoch 185/200 loss 0.0139 train 0.9997 test 0.7819
epoch 186/200 loss 0.0137 train 0.9996 test 0.7843
epoch 187/200 loss 0.0137 train 0.9997 test 0.7836
epoch 188/200 loss 0.0136 train 0.9997 test 0.7842
epoch 189/200 loss 0.0135 train 0.9998 test 0.7839
epoch 190/200 loss 0.0137 train 0.9997 test 0.7831
epoch 191/200 loss 0.0135 train 0.9997 test 0.7853
epoch 192/200 loss 0.0136 train 0.9997 test 0.7834
epoch 193/200 loss 0.0135 train 0.9997 test 0.7845
epoch 194/200 loss 0.0136 train 0.9997 test 0.7841
epoch 195/200 loss 0.0134 train 0.9998 test 0.7832
epoch 196/200 loss 0.0133 train 0.9999 test 0.7840
epoch 197/200 loss 0.0134 train 0.9997 test 0.7838
epoch 198/200 loss 0.0134 train 0.9998 test 0.7834
epoch 199/200 loss 0.0133 train 0.9998 test 0.7844
epoch 200/200 loss 0.0134 train 0.9997 test 0.7851
done: final 0.7851 best 0.7853 -> ./runs/auxmag_100pct_l10/seed1
moment-aux target calibrated on 1024 images
[auxmag_100pct_l10 seed2] {"params_trainable": 11222188, "params_stem_trainable": 0, "params_stem_fixed_filters": 0, "flops_total": 556705792, "flops_stem": 0, "flops_image_size": 32}
epoch 1/200 loss 3.9163 train 0.1064 test 0.1413
epoch 2/200 loss 3.1747 train 0.2204 test 0.2086
epoch 3/200 loss 2.6797 train 0.3095 test 0.3303
epoch 4/200 loss 2.2853 train 0.3930 test 0.3527
epoch 5/200 loss 2.0184 train 0.4520 test 0.4396
epoch 6/200 loss 1.8416 train 0.4946 test 0.4807
epoch 7/200 loss 1.7156 train 0.5242 test 0.4451
epoch 8/200 loss 1.6135 train 0.5538 test 0.4880
epoch 9/200 loss 1.5478 train 0.5666 test 0.5188
epoch 10/200 loss 1.4895 train 0.5849 test 0.5119
epoch 11/200 loss 1.4430 train 0.5959 test 0.5383
epoch 12/200 loss 1.3848 train 0.6077 test 0.5376
epoch 13/200 loss 1.3580 train 0.6175 test 0.5222
epoch 14/200 loss 1.3180 train 0.6283 test 0.5429
epoch 15/200 loss 1.3017 train 0.6320 test 0.5280
epoch 16/200 loss 1.2711 train 0.6377 test 0.5556
epoch 17/200 loss 1.2539 train 0.6430 test 0.5465
epoch 18/200 loss 1.2332 train 0.6506 test 0.5361
epoch 19/200 loss 1.2159 train 0.6555 test 0.5536
epoch 20/200 loss 1.1919 train 0.6609 test 0.5474
epoch 21/200 loss 1.1834 train 0.6618 test 0.5599
epoch 22/200 loss 1.1725 train 0.6653 test 0.5287
epoch 23/200 loss 1.1623 train 0.6663 test 0.5415
epoch 24/200 loss 1.1434 train 0.6718 test 0.5426
epoch 25/200 loss 1.1368 train 0.6736 test 0.5550
epoch 26/200 loss 1.1146 train 0.6807 test 0.5504
epoch 27/200 loss 1.1161 train 0.6804 test 0.5621
epoch 28/200 loss 1.1026 train 0.6821 test 0.5424
epoch 29/200 loss 1.0878 train 0.6875 test 0.5932
epoch 30/200 loss 1.0871 train 0.6863 test 0.5425
epoch 31/200 loss 1.0743 train 0.6927 test 0.5687
epoch 32/200 loss 1.0678 train 0.6918 test 0.5903
epoch 33/200 loss 1.0611 train 0.6948 test 0.5838
epoch 34/200 loss 1.0591 train 0.6945 test 0.5619
epoch 35/200 loss 1.0462 train 0.6968 test 0.5959
epoch 36/200 loss 1.0381 train 0.7019 test 0.5800
epoch 37/200 loss 1.0203 train 0.7041 test 0.5611
epoch 38/200 loss 1.0321 train 0.7023 test 0.5709
epoch 39/200 loss 1.0111 train 0.7084 test 0.5543
epoch 40/200 loss 1.0145 train 0.7064 test 0.5779
epoch 41/200 loss 1.0030 train 0.7088 test 0.5914
epoch 42/200 loss 1.0004 train 0.7137 test 0.5721
epoch 43/200 loss 0.9875 train 0.7153 test 0.5960
epoch 44/200 loss 0.9856 train 0.7140 test 0.5888
epoch 45/200 loss 0.9784 train 0.7173 test 0.5919
epoch 46/200 loss 0.9725 train 0.7178 test 0.5988
epoch 47/200 loss 0.9640 train 0.7202 test 0.5867
epoch 48/200 loss 0.9658 train 0.7203 test 0.6052
epoch 49/200 loss 0.9503 train 0.7232 test 0.6072
epoch 50/200 loss 0.9425 train 0.7281 test 0.5750
epoch 51/200 loss 0.9461 train 0.7262 test 0.5968
epoch 52/200 loss 0.9335 train 0.7286 test 0.5993
epoch 53/200 loss 0.9246 train 0.7311 test 0.6033
epoch 54/200 loss 0.9205 train 0.7315 test 0.6008
epoch 55/200 loss 0.9108 train 0.7358 test 0.5631
epoch 56/200 loss 0.9095 train 0.7347 test 0.5778
epoch 57/200 loss 0.8967 train 0.7400 test 0.5827
epoch 58/200 loss 0.8917 train 0.7407 test 0.6001
epoch 59/200 loss 0.8838 train 0.7413 test 0.5837
epoch 60/200 loss 0.8813 train 0.7435 test 0.6130
epoch 61/200 loss 0.8590 train 0.7500 test 0.6024
epoch 62/200 loss 0.8731 train 0.7448 test 0.5899
epoch 63/200 loss 0.8556 train 0.7501 test 0.5950
epoch 64/200 loss 0.8645 train 0.7463 test 0.5934
epoch 65/200 loss 0.8450 train 0.7510 test 0.6004
epoch 66/200 loss 0.8346 train 0.7563 test 0.6174
epoch 67/200 loss 0.8250 train 0.7607 test 0.6268
epoch 68/200 loss 0.8308 train 0.7576 test 0.6061
epoch 69/200 loss 0.8124 train 0.7637 test 0.6152
epoch 70/200 loss 0.8078 train 0.7620 test 0.5943
epoch 71/200 loss 0.7902 train 0.7691 test 0.6228
epoch 72/200 loss 0.7868 train 0.7680 test 0.6384
epoch 73/200 loss 0.7876 train 0.7684 test 0.6060
epoch 74/200 loss 0.7760 train 0.7716 test 0.6371
epoch 75/200 loss 0.7691 train 0.7724 test 0.6177
epoch 76/200 loss 0.7593 train 0.7741 test 0.6413
epoch 77/200 loss 0.7565 train 0.7764 test 0.6208
epoch 78/200 loss 0.7365 train 0.7829 test 0.6225
epoch 79/200 loss 0.7350 train 0.7827 test 0.6370
epoch 80/200 loss 0.7316 train 0.7838 test 0.6388
epoch 81/200 loss 0.7199 train 0.7865 test 0.6161
epoch 82/200 loss 0.7023 train 0.7916 test 0.5924
epoch 83/200 loss 0.7125 train 0.7885 test 0.6465
epoch 84/200 loss 0.6902 train 0.7950 test 0.6266
epoch 85/200 loss 0.6709 train 0.8006 test 0.6345
epoch 86/200 loss 0.6847 train 0.7972 test 0.6246
epoch 87/200 loss 0.6748 train 0.7992 test 0.6102
epoch 88/200 loss 0.6568 train 0.8037 test 0.6166
epoch 89/200 loss 0.6433 train 0.8088 test 0.6443
epoch 90/200 loss 0.6313 train 0.8106 test 0.6238
epoch 91/200 loss 0.6311 train 0.8141 test 0.6351
epoch 92/200 loss 0.6197 train 0.8141 test 0.6292
epoch 93/200 loss 0.6066 train 0.8174 test 0.6461
epoch 94/200 loss 0.6022 train 0.8207 test 0.6231
epoch 95/200 loss 0.5849 train 0.8259 test 0.6267
epoch 96/200 loss 0.5737 train 0.8288 test 0.6186
epoch 97/200 loss 0.5779 train 0.8263 test 0.6136
epoch 98/200 loss 0.5618 train 0.8309 test 0.6629
epoch 99/200 loss 0.5426 train 0.8375 test 0.6520
epoch 100/200 loss 0.5408 train 0.8387 test 0.6246
epoch 101/200 loss 0.5414 train 0.8374 test 0.6416
epoch 102/200 loss 0.5270 train 0.8427 test 0.6351
epoch 103/200 loss 0.5057 train 0.8479 test 0.6349
epoch 104/200 loss 0.5063 train 0.8479 test 0.6161
epoch 105/200 loss 0.4910 train 0.8533 test 0.6419
epoch 106/200 loss 0.4841 train 0.8555 test 0.6418
epoch 107/200 loss 0.4679 train 0.8596 test 0.6282
epoch 108/200 loss 0.4575 train 0.8620 test 0.6461
epoch 109/200 loss 0.4529 train 0.8639 test 0.6485
epoch 110/200 loss 0.4414 train 0.8674 test 0.6485
epoch 111/200 loss 0.4436 train 0.8670 test 0.6517
epoch 112/200 loss 0.4183 train 0.8744 test 0.6301
epoch 113/200 loss 0.4042 train 0.8788 test 0.6819
epoch 114/200 loss 0.3999 train 0.8795 test 0.6536
epoch 115/200 loss 0.3913 train 0.8819 test 0.6560
epoch 116/200 loss 0.3647 train 0.8923 test 0.6560
epoch 117/200 loss 0.3799 train 0.8875 test 0.6387
epoch 118/200 loss 0.3629 train 0.8927 test 0.6717
epoch 119/200 loss 0.3468 train 0.8958 test 0.6804
epoch 120/200 loss 0.3335 train 0.9003 test 0.6857
epoch 121/200 loss 0.3214 train 0.9054 test 0.6811
epoch 122/200 loss 0.3162 train 0.9060 test 0.6698
epoch 123/200 loss 0.3012 train 0.9111 test 0.6822
epoch 124/200 loss 0.3082 train 0.9104 test 0.6727
epoch 125/200 loss 0.2879 train 0.9156 test 0.6934
epoch 126/200 loss 0.2718 train 0.9230 test 0.6666
epoch 127/200 loss 0.2614 train 0.9233 test 0.6795
epoch 128/200 loss 0.2625 train 0.9239 test 0.6857
epoch 129/200 loss 0.2568 train 0.9253 test 0.6649
epoch 130/200 loss 0.2280 train 0.9351 test 0.6800
epoch 131/200 loss 0.2263 train 0.9361 test 0.6980
epoch 132/200 loss 0.2160 train 0.9398 test 0.6857
epoch 133/200 loss 0.2017 train 0.9432 test 0.6729
epoch 134/200 loss 0.1905 train 0.9474 test 0.6846
epoch 135/200 loss 0.1882 train 0.9476 test 0.7038
epoch 136/200 loss 0.1946 train 0.9456 test 0.6788
epoch 137/200 loss 0.1826 train 0.9509 test 0.6958
epoch 138/200 loss 0.1558 train 0.9592 test 0.7073
epoch 139/200 loss 0.1539 train 0.9594 test 0.6979
epoch 140/200 loss 0.1378 train 0.9651 test 0.6981
epoch 141/200 loss 0.1426 train 0.9629 test 0.7083
epoch 142/200 loss 0.1239 train 0.9700 test 0.7068
epoch 143/200 loss 0.1217 train 0.9706 test 0.6903
epoch 144/200 loss 0.1152 train 0.9721 test 0.7140
epoch 145/200 loss 0.1032 train 0.9759 test 0.7135
epoch 146/200 loss 0.0993 train 0.9776 test 0.7328
epoch 147/200 loss 0.0794 train 0.9833 test 0.7191
epoch 148/200 loss 0.0705 train 0.9863 test 0.7383
epoch 149/200 loss 0.0578 train 0.9902 test 0.7289
epoch 150/200 loss 0.0589 train 0.9900 test 0.7369
epoch 151/200 loss 0.0500 train 0.9923 test 0.7416
epoch 152/200 loss 0.0438 train 0.9935 test 0.7440
epoch 153/200 loss 0.0394 train 0.9953 test 0.7543
epoch 154/200 loss 0.0330 train 0.9968 test 0.7557
epoch 155/200 loss 0.0304 train 0.9969 test 0.7589
epoch 156/200 loss 0.0255 train 0.9981 test 0.7626
epoch 157/200 loss 0.0235 train 0.9986 test 0.7700
epoch 158/200 loss 0.0213 train 0.9988 test 0.7684
epoch 159/200 loss 0.0209 train 0.9988 test 0.7732
epoch 160/200 loss 0.0205 train 0.9991 test 0.7746
epoch 161/200 loss 0.0209 train 0.9986 test 0.7741
epoch 162/200 loss 0.0209 train 0.9988 test 0.7743
epoch 163/200 loss 0.0190 train 0.9992 test 0.7789
epoch 164/200 loss 0.0168 train 0.9994 test 0.7784
epoch 165/200 loss 0.0171 train 0.9994 test 0.7782
epoch 166/200 loss 0.0165 train 0.9994 test 0.7808
epoch 167/200 loss 0.0169 train 0.9993 test 0.7793
epoch 168/200 loss 0.0160 train 0.9995 test 0.7805
epoch 169/200 loss 0.0159 train 0.9994 test 0.7811
epoch 170/200 loss 0.0153 train 0.9997 test 0.7789
epoch 171/200 loss 0.0152 train 0.9996 test 0.7813
epoch 172/200 loss 0.0150 train 0.9995 test 0.7836
epoch 173/200 loss 0.0151 train 0.9996 test 0.7815
epoch 174/200 loss 0.0147 train 0.9996 test 0.7835
epoch 175/200 loss 0.0151 train 0.9994 test 0.7817
epoch 176/200 loss 0.0148 train 0.9996 test 0.7806
epoch 177/200 loss 0.0144 train 0.9997 test 0.7817
epoch 178/200 loss 0.0141 train 0.9997 test 0.7843
epoch 179/200 loss 0.0142 train 0.9996 test 0.7836
epoch 180/200 loss 0.0143 train 0.9995 test 0.7828
epoch 181/200 loss 0.0144 train 0.9995 test 0.7814
epoch 182/200 loss 0.0139 train 0.9997 test 0.7834
epoch 183/200 loss 0.0141 train 0.9996 test 0.7816
epoch 184/200 loss 0.0138 train 0.9997 test 0.7819
epoch 185/200 loss 0.0137 train 0.9997 test 0.7830
epoch 186/200 loss 0.0136 train 0.9998 test 0.7851
epoch 187/200 loss 0.0136 train 0.9997 test 0.7821
epoch 188/200 loss 0.0134 train 0.9997 test 0.7832
epoch 189/200 loss 0.0135 train 0.9998 test 0.7831
epoch 190/200 loss 0.0137 train 0.9996 test 0.7821
epoch 191/200 loss 0.0134 train 0.9997 test 0.7820
epoch 192/200 loss 0.0133 train 0.9997 test 0.7833
epoch 193/200 loss 0.0132 train 0.9998 test 0.7825
epoch 194/200 loss 0.0133 train 0.9997 test 0.7831
epoch 195/200 loss 0.0133 train 0.9997 test 0.7844
epoch 196/200 loss 0.0131 train 0.9998 test 0.7830
epoch 197/200 loss 0.0133 train 0.9997 test 0.7827
epoch 198/200 loss 0.0133 train 0.9997 test 0.7843
epoch 199/200 loss 0.0133 train 0.9997 test 0.7821
epoch 200/200 loss 0.0131 train 0.9998 test 0.7848
done: final 0.7848 best 0.7851 -> ./runs/auxmag_100pct_l10/seed2
AUX_auxmag_100pct_l10_DONE
moment-aux target calibrated on 1024 images
[auxmag_25pct_l10 seed0] {"params_trainable": 11222188, "params_stem_trainable": 0, "params_stem_fixed_filters": 0, "flops_total": 556705792, "flops_stem": 0, "flops_image_size": 32}
epoch 1/200 loss 4.3938 train 0.0549 test 0.0742
epoch 2/200 loss 3.9626 train 0.0969 test 0.1109
epoch 3/200 loss 3.7174 train 0.1343 test 0.1337
epoch 4/200 loss 3.5523 train 0.1538 test 0.1536
epoch 5/200 loss 3.3698 train 0.1901 test 0.1697
epoch 6/200 loss 3.2037 train 0.2171 test 0.1649
epoch 7/200 loss 3.0461 train 0.2469 test 0.2550
epoch 8/200 loss 2.8623 train 0.2740 test 0.2529
epoch 9/200 loss 2.6918 train 0.3119 test 0.2698
epoch 10/200 loss 2.5590 train 0.3338 test 0.3084
epoch 11/200 loss 2.4241 train 0.3649 test 0.2876
epoch 12/200 loss 2.3048 train 0.3862 test 0.2767
epoch 13/200 loss 2.1823 train 0.4118 test 0.3316
epoch 14/200 loss 2.0773 train 0.4426 test 0.3481
epoch 15/200 loss 1.9946 train 0.4553 test 0.3648
epoch 16/200 loss 1.8839 train 0.4867 test 0.3674
epoch 17/200 loss 1.8175 train 0.4968 test 0.3882
epoch 18/200 loss 1.7135 train 0.5180 test 0.3647
epoch 19/200 loss 1.6564 train 0.5331 test 0.3851
epoch 20/200 loss 1.5973 train 0.5444 test 0.3693
epoch 21/200 loss 1.5017 train 0.5708 test 0.4157
epoch 22/200 loss 1.4405 train 0.5871 test 0.4018
epoch 23/200 loss 1.3870 train 0.6007 test 0.4234
epoch 24/200 loss 1.3289 train 0.6117 test 0.3822
epoch 25/200 loss 1.2788 train 0.6268 test 0.4203
epoch 26/200 loss 1.2072 train 0.6509 test 0.4052
epoch 27/200 loss 1.1551 train 0.6619 test 0.4283
epoch 28/200 loss 1.1168 train 0.6736 test 0.4045
epoch 29/200 loss 1.0923 train 0.6827 test 0.4072
epoch 30/200 loss 1.0253 train 0.7035 test 0.4485
epoch 31/200 loss 1.0000 train 0.7024 test 0.4515
epoch 32/200 loss 0.9307 train 0.7205 test 0.4291
epoch 33/200 loss 0.9073 train 0.7339 test 0.4283
epoch 34/200 loss 0.8691 train 0.7388 test 0.4159
epoch 35/200 loss 0.8152 train 0.7585 test 0.4311
epoch 36/200 loss 0.7689 train 0.7669 test 0.4521
epoch 37/200 loss 0.7595 train 0.7788 test 0.4194
epoch 38/200 loss 0.7394 train 0.7775 test 0.4660
epoch 39/200 loss 0.7035 train 0.7895 test 0.4261
epoch 40/200 loss 0.6970 train 0.7889 test 0.4408
epoch 41/200 loss 0.6165 train 0.8110 test 0.4447
epoch 42/200 loss 0.6262 train 0.8107 test 0.4725
epoch 43/200 loss 0.5959 train 0.8185 test 0.4443
epoch 44/200 loss 0.5857 train 0.8254 test 0.4306
epoch 45/200 loss 0.5844 train 0.8236 test 0.4258
epoch 46/200 loss 0.5605 train 0.8326 test 0.4374
epoch 47/200 loss 0.5186 train 0.8465 test 0.4640
epoch 48/200 loss 0.4885 train 0.8519 test 0.4515
epoch 49/200 loss 0.4956 train 0.8538 test 0.4710
epoch 50/200 loss 0.4945 train 0.8547 test 0.4633
epoch 51/200 loss 0.4404 train 0.8678 test 0.4546
epoch 52/200 loss 0.4416 train 0.8655 test 0.4497
epoch 53/200 loss 0.4730 train 0.8616 test 0.4689
epoch 54/200 loss 0.4139 train 0.8763 test 0.4576
epoch 55/200 loss 0.3860 train 0.8891 test 0.4563
epoch 56/200 loss 0.4115 train 0.8748 test 0.4428
epoch 57/200 loss 0.4515 train 0.8661 test 0.4344
epoch 58/200 loss 0.4124 train 0.8804 test 0.4775
epoch 59/200 loss 0.3559 train 0.8967 test 0.4642
epoch 60/200 loss 0.3464 train 0.8996 test 0.4515
epoch 61/200 loss 0.3681 train 0.8955 test 0.4893
epoch 62/200 loss 0.3565 train 0.8977 test 0.4559
epoch 63/200 loss 0.3499 train 0.8971 test 0.4609
epoch 64/200 loss 0.3608 train 0.8948 test 0.4651
epoch 65/200 loss 0.3078 train 0.9100 test 0.4524
epoch 66/200 loss 0.3432 train 0.9020 test 0.4643
epoch 67/200 loss 0.3217 train 0.9084 test 0.4782
epoch 68/200 loss 0.2818 train 0.9201 test 0.4797
epoch 69/200 loss 0.2741 train 0.9247 test 0.4567
epoch 70/200 loss 0.2808 train 0.9187 test 0.4709
epoch 71/200 loss 0.2811 train 0.9212 test 0.4793
epoch 72/200 loss 0.3335 train 0.9043 test 0.4630
epoch 73/200 loss 0.3073 train 0.9153 test 0.4906
epoch 74/200 loss 0.2688 train 0.9268 test 0.4887
epoch 75/200 loss 0.2186 train 0.9412 test 0.4791
epoch 76/200 loss 0.2159 train 0.9424 test 0.4984
epoch 77/200 loss 0.2207 train 0.9412 test 0.4973
epoch 78/200 loss 0.2335 train 0.9394 test 0.4889
epoch 79/200 loss 0.2457 train 0.9355 test 0.4681
epoch 80/200 loss 0.2279 train 0.9407 test 0.4764
epoch 81/200 loss 0.2014 train 0.9452 test 0.5156
epoch 82/200 loss 0.1953 train 0.9482 test 0.5013
epoch 83/200 loss 0.1979 train 0.9460 test 0.5021
epoch 84/200 loss 0.2291 train 0.9376 test 0.4944
epoch 85/200 loss 0.2233 train 0.9396 test 0.4907
epoch 86/200 loss 0.2274 train 0.9399 test 0.4898
epoch 87/200 loss 0.1704 train 0.9581 test 0.4939
epoch 88/200 loss 0.1848 train 0.9513 test 0.4698
epoch 89/200 loss 0.1957 train 0.9508 test 0.4904
epoch 90/200 loss 0.1741 train 0.9550 test 0.5028
epoch 91/200 loss 0.1380 train 0.9667 test 0.5162
epoch 92/200 loss 0.1468 train 0.9633 test 0.4839
epoch 93/200 loss 0.1307 train 0.9706 test 0.5016
epoch 94/200 loss 0.0961 train 0.9817 test 0.5453
epoch 95/200 loss 0.0960 train 0.9812 test 0.5301
epoch 96/200 loss 0.0934 train 0.9820 test 0.5302
epoch 97/200 loss 0.1017 train 0.9789 test 0.5361
epoch 98/200 loss 0.0973 train 0.9793 test 0.5263
epoch 99/200 loss 0.0934 train 0.9824 test 0.5166
epoch 100/200 loss 0.0990 train 0.9796 test 0.5242
epoch 101/200 loss 0.1099 train 0.9762 test 0.5169
epoch 102/200 loss 0.1248 train 0.9724 test 0.5260
epoch 103/200 loss 0.1243 train 0.9726 test 0.5165
epoch 104/200 loss 0.1166 train 0.9751 test 0.5164
epoch 105/200 loss 0.1209 train 0.9726 test 0.4821
epoch 106/200 loss 0.1404 train 0.9670 test 0.4991
epoch 107/200 loss 0.1498 train 0.9636 test 0.4748
epoch 108/200 loss 0.1399 train 0.9672 test 0.4970
epoch 109/200 loss 0.1563 train 0.9644 test 0.5010
epoch 110/200 loss 0.1633 train 0.9582 test 0.5135
epoch 111/200 loss 0.1202 train 0.9733 test 0.5116
epoch 112/200 loss 0.0880 train 0.9832 test 0.5579
epoch 113/200 loss 0.0602 train 0.9903 test 0.5418
epoch 114/200 loss 0.0453 train 0.9941 test 0.5712
epoch 115/200 loss 0.0396 train 0.9954 test 0.5696
epoch 116/200 loss 0.0284 train 0.9985 test 0.5867
epoch 117/200 loss 0.0197 train 0.9996 test 0.5995
epoch 118/200 loss 0.0183 train 0.9998 test 0.5989
epoch 119/200 loss 0.0165 train 0.9998 test 0.6012
epoch 120/200 loss 0.0163 train 0.9998 test 0.6000
epoch 121/200 loss 0.0156 train 0.9998 test 0.6040
epoch 122/200 loss 0.0146 train 0.9999 test 0.6048
epoch 123/200 loss 0.0149 train 0.9999 test 0.6087
epoch 124/200 loss 0.0146 train 0.9998 test 0.6096
epoch 125/200 loss 0.0147 train 0.9999 test 0.6089
epoch 126/200 loss 0.0149 train 0.9999 test 0.6122
epoch 127/200 loss 0.0148 train 0.9998 test 0.6096
epoch 128/200 loss 0.0151 train 1.0000 test 0.6111
epoch 129/200 loss 0.0153 train 0.9998 test 0.6107
epoch 130/200 loss 0.0148 train 0.9999 test 0.6127
epoch 131/200 loss 0.0150 train 0.9999 test 0.6120
epoch 132/200 loss 0.0150 train 0.9999 test 0.6124
epoch 133/200 loss 0.0146 train 0.9999 test 0.6150
epoch 134/200 loss 0.0149 train 0.9999 test 0.6164
epoch 135/200 loss 0.0152 train 0.9998 test 0.6129
epoch 136/200 loss 0.0147 train 1.0000 test 0.6162
epoch 137/200 loss 0.0147 train 0.9998 test 0.6168
epoch 138/200 loss 0.0146 train 0.9999 test 0.6134
epoch 139/200 loss 0.0148 train 0.9999 test 0.6131
epoch 140/200 loss 0.0146 train 0.9998 test 0.6154
epoch 141/200 loss 0.0152 train 0.9999 test 0.6175
epoch 142/200 loss 0.0148 train 0.9998 test 0.6154
epoch 143/200 loss 0.0145 train 0.9998 test 0.6183
epoch 144/200 loss 0.0145 train 0.9998 test 0.6194
epoch 145/200 loss 0.0144 train 0.9999 test 0.6175
epoch 146/200 loss 0.0140 train 0.9999 test 0.6178
epoch 147/200 loss 0.0141 train 0.9998 test 0.6185
epoch 148/200 loss 0.0141 train 0.9998 test 0.6187
epoch 149/200 loss 0.0136 train 0.9999 test 0.6189
epoch 150/200 loss 0.0136 train 1.0000 test 0.6203
epoch 151/200 loss 0.0136 train 0.9999 test 0.6190
epoch 152/200 loss 0.0134 train 1.0000 test 0.6178
epoch 153/200 loss 0.0135 train 1.0000 test 0.6190
epoch 154/200 loss 0.0136 train 0.9999 test 0.6193
epoch 155/200 loss 0.0136 train 0.9999 test 0.6192
epoch 156/200 loss 0.0138 train 0.9998 test 0.6180
epoch 157/200 loss 0.0133 train 0.9999 test 0.6206
epoch 158/200 loss 0.0138 train 0.9998 test 0.6191
epoch 159/200 loss 0.0133 train 0.9999 test 0.6214
epoch 160/200 loss 0.0133 train 1.0000 test 0.6230
epoch 161/200 loss 0.0131 train 1.0000 test 0.6204
epoch 162/200 loss 0.0132 train 1.0000 test 0.6200
epoch 163/200 loss 0.0131 train 1.0000 test 0.6194
epoch 164/200 loss 0.0131 train 0.9998 test 0.6246
epoch 165/200 loss 0.0130 train 1.0000 test 0.6193
epoch 166/200 loss 0.0128 train 0.9999 test 0.6211
epoch 167/200 loss 0.0130 train 0.9999 test 0.6207
epoch 168/200 loss 0.0128 train 1.0000 test 0.6208
epoch 169/200 loss 0.0128 train 0.9998 test 0.6204
epoch 170/200 loss 0.0129 train 0.9998 test 0.6221
epoch 171/200 loss 0.0129 train 0.9999 test 0.6211
epoch 172/200 loss 0.0128 train 1.0000 test 0.6213
epoch 173/200 loss 0.0127 train 0.9999 test 0.6216
epoch 174/200 loss 0.0128 train 1.0000 test 0.6228
epoch 175/200 loss 0.0126 train 0.9999 test 0.6217
epoch 176/200 loss 0.0128 train 0.9999 test 0.6215
epoch 177/200 loss 0.0128 train 0.9998 test 0.6224
epoch 178/200 loss 0.0126 train 1.0000 test 0.6228
epoch 179/200 loss 0.0127 train 0.9999 test 0.6208
epoch 180/200 loss 0.0126 train 1.0000 test 0.6230
epoch 181/200 loss 0.0124 train 1.0000 test 0.6243
epoch 182/200 loss 0.0125 train 1.0000 test 0.6234
epoch 183/200 loss 0.0124 train 1.0000 test 0.6237
epoch 184/200 loss 0.0125 train 0.9999 test 0.6224
epoch 185/200 loss 0.0124 train 1.0000 test 0.6227
epoch 186/200 loss 0.0124 train 1.0000 test 0.6237
epoch 187/200 loss 0.0125 train 1.0000 test 0.6227
epoch 188/200 loss 0.0123 train 1.0000 test 0.6229
epoch 189/200 loss 0.0121 train 1.0000 test 0.6227
epoch 190/200 loss 0.0123 train 0.9999 test 0.6217
epoch 191/200 loss 0.0121 train 0.9999 test 0.6233
epoch 192/200 loss 0.0125 train 1.0000 test 0.6231
epoch 193/200 loss 0.0122 train 1.0000 test 0.6230
epoch 194/200 loss 0.0125 train 0.9999 test 0.6233
epoch 195/200 loss 0.0123 train 1.0000 test 0.6227
epoch 196/200 loss 0.0123 train 1.0000 test 0.6223
epoch 197/200 loss 0.0121 train 1.0000 test 0.6221
epoch 198/200 loss 0.0123 train 0.9999 test 0.6227
epoch 199/200 loss 0.0121 train 0.9999 test 0.6215
epoch 200/200 loss 0.0121 train 1.0000 test 0.6216
done: final 0.6216 best 0.6246 -> ./runs/auxmag_25pct_l10/seed0
moment-aux target calibrated on 1024 images
[auxmag_25pct_l10 seed1] {"params_trainable": 11222188, "params_stem_trainable": 0, "params_stem_fixed_filters": 0, "flops_total": 556705792, "flops_stem": 0, "flops_image_size": 32}
epoch 1/200 loss 4.3913 train 0.0528 test 0.0749
epoch 2/200 loss 3.9712 train 0.0950 test 0.1194
epoch 3/200 loss 3.7355 train 0.1281 test 0.1350
epoch 4/200 loss 3.5644 train 0.1595 test 0.1383
epoch 5/200 loss 3.3727 train 0.1898 test 0.1799
epoch 6/200 loss 3.1946 train 0.2238 test 0.2041
epoch 7/200 loss 3.0228 train 0.2499 test 0.2213
epoch 8/200 loss 2.8651 train 0.2763 test 0.2513
epoch 9/200 loss 2.6878 train 0.3095 test 0.2652
epoch 10/200 loss 2.5409 train 0.3361 test 0.3111
epoch 11/200 loss 2.3972 train 0.3712 test 0.3063
epoch 12/200 loss 2.2798 train 0.3913 test 0.3409
epoch 13/200 loss 2.1670 train 0.4193 test 0.3337
epoch 14/200 loss 2.0430 train 0.4439 test 0.3539
epoch 15/200 loss 1.9718 train 0.4635 test 0.3624
epoch 16/200 loss 1.8799 train 0.4811 test 0.3875
epoch 17/200 loss 1.7957 train 0.5009 test 0.3802
epoch 18/200 loss 1.7029 train 0.5275 test 0.4208
epoch 19/200 loss 1.6117 train 0.5450 test 0.3652
epoch 20/200 loss 1.5623 train 0.5614 test 0.3948
epoch 21/200 loss 1.4751 train 0.5765 test 0.4065
epoch 22/200 loss 1.4231 train 0.5956 test 0.3860
epoch 23/200 loss 1.3735 train 0.6030 test 0.3945
epoch 24/200 loss 1.2994 train 0.6284 test 0.4302
epoch 25/200 loss 1.2332 train 0.6402 test 0.4072
epoch 26/200 loss 1.1910 train 0.6516 test 0.4427
epoch 27/200 loss 1.1553 train 0.6608 test 0.4365
epoch 28/200 loss 1.0729 train 0.6848 test 0.4018
epoch 29/200 loss 1.0690 train 0.6869 test 0.4067
epoch 30/200 loss 0.9926 train 0.7102 test 0.4550
epoch 31/200 loss 0.9573 train 0.7147 test 0.4320
epoch 32/200 loss 0.9211 train 0.7271 test 0.4580
epoch 33/200 loss 0.8448 train 0.7526 test 0.4354
epoch 34/200 loss 0.8798 train 0.7343 test 0.4124
epoch 35/200 loss 0.8119 train 0.7562 test 0.4570
epoch 36/200 loss 0.7563 train 0.7766 test 0.4312
epoch 37/200 loss 0.7586 train 0.7711 test 0.4728
epoch 38/200 loss 0.6963 train 0.7887 test 0.4498
epoch 39/200 loss 0.6926 train 0.7924 test 0.4034
epoch 40/200 loss 0.6642 train 0.8022 test 0.4536
epoch 41/200 loss 0.6607 train 0.8000 test 0.4636
epoch 42/200 loss 0.5887 train 0.8235 test 0.4550
epoch 43/200 loss 0.5957 train 0.8212 test 0.4409
epoch 44/200 loss 0.5960 train 0.8179 test 0.4415
epoch 45/200 loss 0.5615 train 0.8337 test 0.4491
epoch 46/200 loss 0.5418 train 0.8369 test 0.4339
epoch 47/200 loss 0.5032 train 0.8495 test 0.4479
epoch 48/200 loss 0.5351 train 0.8400 test 0.4551
epoch 49/200 loss 0.4917 train 0.8534 test 0.4634
epoch 50/200 loss 0.4609 train 0.8616 test 0.4757
epoch 51/200 loss 0.4429 train 0.8686 test 0.4688
epoch 52/200 loss 0.4361 train 0.8702 test 0.4530
epoch 53/200 loss 0.4285 train 0.8711 test 0.4751
epoch 54/200 loss 0.4316 train 0.8719 test 0.4671
epoch 55/200 loss 0.4541 train 0.8620 test 0.4660
epoch 56/200 loss 0.3818 train 0.8903 test 0.4825
epoch 57/200 loss 0.3690 train 0.8928 test 0.4915
epoch 58/200 loss 0.3756 train 0.8865 test 0.4774
epoch 59/200 loss 0.3859 train 0.8865 test 0.4514
epoch 60/200 loss 0.3858 train 0.8873 test 0.4400
epoch 61/200 loss 0.3443 train 0.9015 test 0.4595
epoch 62/200 loss 0.3206 train 0.9098 test 0.4637
epoch 63/200 loss 0.3410 train 0.9042 test 0.4805
epoch 64/200 loss 0.3121 train 0.9106 test 0.4866
epoch 65/200 loss 0.3330 train 0.9045 test 0.4725
epoch 66/200 loss 0.3044 train 0.9135 test 0.4552
epoch 67/200 loss 0.3032 train 0.9137 test 0.4920
epoch 68/200 loss 0.3498 train 0.9003 test 0.4639
epoch 69/200 loss 0.3292 train 0.9098 test 0.4853
epoch 70/200 loss 0.2783 train 0.9212 test 0.4995
epoch 71/200 loss 0.2692 train 0.9256 test 0.4843
epoch 72/200 loss 0.2525 train 0.9296 test 0.4787
epoch 73/200 loss 0.2422 train 0.9325 test 0.4863
epoch 74/200 loss 0.2834 train 0.9229 test 0.4773
epoch 75/200 loss 0.2662 train 0.9275 test 0.4576
epoch 76/200 loss 0.2422 train 0.9333 test 0.4887
epoch 77/200 loss 0.2109 train 0.9432 test 0.5067
epoch 78/200 loss 0.2120 train 0.9448 test 0.5019
epoch 79/200 loss 0.2477 train 0.9319 test 0.4861
epoch 80/200 loss 0.2055 train 0.9447 test 0.5065
epoch 81/200 loss 0.2589 train 0.9278 test 0.4597
epoch 82/200 loss 0.2376 train 0.9358 test 0.4564
epoch 83/200 loss 0.2344 train 0.9344 test 0.4823
epoch 84/200 loss 0.2182 train 0.9410 test 0.5128
epoch 85/200 loss 0.1863 train 0.9505 test 0.5182
epoch 86/200 loss 0.1765 train 0.9534 test 0.4941
epoch 87/200 loss 0.1745 train 0.9550 test 0.5118
epoch 88/200 loss 0.1727 train 0.9566 test 0.4905
epoch 89/200 loss 0.1988 train 0.9494 test 0.4939
epoch 90/200 loss 0.1931 train 0.9494 test 0.4794
epoch 91/200 loss 0.1782 train 0.9565 test 0.4672
epoch 92/200 loss 0.1440 train 0.9668 test 0.5160
epoch 93/200 loss 0.1146 train 0.9746 test 0.5308
epoch 94/200 loss 0.0857 train 0.9837 test 0.5077
epoch 95/200 loss 0.0824 train 0.9851 test 0.5336
epoch 96/200 loss 0.0904 train 0.9824 test 0.5231
epoch 97/200 loss 0.0813 train 0.9860 test 0.5506
epoch 98/200 loss 0.0674 train 0.9886 test 0.5551
epoch 99/200 loss 0.0562 train 0.9923 test 0.5399
epoch 100/200 loss 0.0682 train 0.9894 test 0.5468
epoch 101/200 loss 0.0591 train 0.9904 test 0.5421
epoch 102/200 loss 0.0574 train 0.9923 test 0.5517
epoch 103/200 loss 0.0568 train 0.9915 test 0.5425
epoch 104/200 loss 0.0717 train 0.9885 test 0.5481
epoch 105/200 loss 0.0710 train 0.9882 test 0.5511
epoch 106/200 loss 0.0711 train 0.9882 test 0.5250
epoch 107/200 loss 0.1078 train 0.9783 test 0.4855
epoch 108/200 loss 0.1658 train 0.9617 test 0.4622
epoch 109/200 loss 0.2609 train 0.9305 test 0.4728
epoch 110/200 loss 0.3080 train 0.9179 test 0.4536
epoch 111/200 loss 0.2568 train 0.9353 test 0.4822
epoch 112/200 loss 0.1827 train 0.9539 test 0.4935
epoch 113/200 loss 0.1502 train 0.9638 test 0.5224
epoch 114/200 loss 0.1258 train 0.9712 test 0.5256
epoch 115/200 loss 0.0711 train 0.9874 test 0.5595
epoch 116/200 loss 0.0464 train 0.9940 test 0.5626
epoch 117/200 loss 0.0424 train 0.9947 test 0.5736
epoch 118/200 loss 0.0340 train 0.9965 test 0.5724
epoch 119/200 loss 0.0285 train 0.9981 test 0.5917
epoch 120/200 loss 0.0214 train 0.9987 test 0.5974
epoch 121/200 loss 0.0182 train 0.9995 test 0.5979
epoch 122/200 loss 0.0174 train 0.9998 test 0.6025
epoch 123/200 loss 0.0156 train 1.0000 test 0.6014
epoch 124/200 loss 0.0155 train 0.9999 test 0.6008
epoch 125/200 loss 0.0147 train 0.9999 test 0.6054
epoch 126/200 loss 0.0145 train 0.9999 test 0.6075
epoch 127/200 loss 0.0143 train 0.9999 test 0.6092
epoch 128/200 loss 0.0144 train 1.0000 test 0.6094
epoch 129/200 loss 0.0154 train 0.9997 test 0.6068
epoch 130/200 loss 0.0144 train 0.9999 test 0.6109
epoch 131/200 loss 0.0145 train 1.0000 test 0.6117
epoch 132/200 loss 0.0147 train 0.9999 test 0.6134
epoch 133/200 loss 0.0145 train 0.9999 test 0.6117
epoch 134/200 loss 0.0149 train 0.9998 test 0.6159
epoch 135/200 loss 0.0146 train 1.0000 test 0.6148
epoch 136/200 loss 0.0144 train 0.9999 test 0.6153
epoch 137/200 loss 0.0145 train 1.0000 test 0.6174
epoch 138/200 loss 0.0145 train 0.9999 test 0.6165
epoch 139/200 loss 0.0146 train 0.9998 test 0.6156
epoch 140/200 loss 0.0144 train 0.9998 test 0.6168
epoch 141/200 loss 0.0142 train 0.9999 test 0.6162
epoch 142/200 loss 0.0145 train 0.9998 test 0.6151
epoch 143/200 loss 0.0146 train 0.9999 test 0.6199
epoch 144/200 loss 0.0143 train 1.0000 test 0.6182
epoch 145/200 loss 0.0141 train 1.0000 test 0.6160
epoch 146/200 loss 0.0142 train 0.9998 test 0.6145
epoch 147/200 loss 0.0145 train 1.0000 test 0.6204
epoch 148/200 loss 0.0142 train 1.0000 test 0.6203
epoch 149/200 loss 0.0138 train 1.0000 test 0.6207
epoch 150/200 loss 0.0141 train 1.0000 test 0.6212
epoch 151/200 loss 0.0139 train 0.9999 test 0.6198
epoch 152/200 loss 0.0138 train 1.0000 test 0.6195
epoch 153/200 loss 0.0139 train 0.9999 test 0.6181
epoch 154/200 loss 0.0141 train 0.9999 test 0.6182
epoch 155/200 loss 0.0141 train 0.9999 test 0.6184
epoch 156/200 loss 0.0139 train 1.0000 test 0.6175
epoch 157/200 loss 0.0137 train 1.0000 test 0.6177
epoch 158/200 loss 0.0135 train 1.0000 test 0.6184
epoch 159/200 loss 0.0136 train 0.9999 test 0.6192
epoch 160/200 loss 0.0137 train 1.0000 test 0.6221
epoch 161/200 loss 0.0135 train 1.0000 test 0.6203
epoch 162/200 loss 0.0136 train 1.0000 test 0.6197
epoch 163/200 loss 0.0133 train 1.0000 test 0.6217
epoch 164/200 loss 0.0135 train 1.0000 test 0.6215
epoch 165/200 loss 0.0133 train 1.0000 test 0.6185
epoch 166/200 loss 0.0130 train 1.0000 test 0.6177
epoch 167/200 loss 0.0128 train 1.0000 test 0.6205
epoch 168/200 loss 0.0131 train 1.0000 test 0.6197
epoch 169/200 loss 0.0130 train 1.0000 test 0.6220
epoch 170/200 loss 0.0131 train 1.0000 test 0.6205
epoch 171/200 loss 0.0130 train 0.9998 test 0.6197
epoch 172/200 loss 0.0128 train 1.0000 test 0.6213
epoch 173/200 loss 0.0132 train 1.0000 test 0.6186
epoch 174/200 loss 0.0130 train 0.9999 test 0.6197
epoch 175/200 loss 0.0125 train 1.0000 test 0.6203
epoch 176/200 loss 0.0127 train 1.0000 test 0.6192
epoch 177/200 loss 0.0126 train 1.0000 test 0.6206
epoch 178/200 loss 0.0127 train 0.9999 test 0.6205
epoch 179/200 loss 0.0131 train 1.0000 test 0.6199
epoch 180/200 loss 0.0128 train 0.9999 test 0.6193
epoch 181/200 loss 0.0126 train 0.9999 test 0.6179
epoch 182/200 loss 0.0127 train 1.0000 test 0.6200
epoch 183/200 loss 0.0128 train 1.0000 test 0.6200
epoch 184/200 loss 0.0125 train 1.0000 test 0.6189
epoch 185/200 loss 0.0125 train 1.0000 test 0.6202
epoch 186/200 loss 0.0126 train 1.0000 test 0.6186
epoch 187/200 loss 0.0127 train 1.0000 test 0.6196
epoch 188/200 loss 0.0126 train 0.9999 test 0.6198
epoch 189/200 loss 0.0125 train 1.0000 test 0.6194
epoch 190/200 loss 0.0125 train 1.0000 test 0.6193
epoch 191/200 loss 0.0125 train 1.0000 test 0.6195
epoch 192/200 loss 0.0126 train 1.0000 test 0.6196
epoch 193/200 loss 0.0127 train 1.0000 test 0.6208
epoch 194/200 loss 0.0129 train 1.0000 test 0.6209
epoch 195/200 loss 0.0125 train 1.0000 test 0.6212
epoch 196/200 loss 0.0124 train 1.0000 test 0.6189
epoch 197/200 loss 0.0127 train 1.0000 test 0.6196
epoch 198/200 loss 0.0125 train 1.0000 test 0.6207
epoch 199/200 loss 0.0125 train 1.0000 test 0.6202
epoch 200/200 loss 0.0126 train 1.0000 test 0.6196
done: final 0.6196 best 0.6221 -> ./runs/auxmag_25pct_l10/seed1
moment-aux target calibrated on 1024 images
[auxmag_25pct_l10 seed2] {"params_trainable": 11222188, "params_stem_trainable": 0, "params_stem_fixed_filters": 0, "flops_total": 556705792, "flops_stem": 0, "flops_image_size": 32}
epoch 1/200 loss 4.3879 train 0.0570 test 0.0653
epoch 2/200 loss 3.9613 train 0.1004 test 0.1139
epoch 3/200 loss 3.7155 train 0.1362 test 0.1460
epoch 4/200 loss 3.5183 train 0.1662 test 0.1509
epoch 5/200 loss 3.3426 train 0.1923 test 0.1786
epoch 6/200 loss 3.1840 train 0.2172 test 0.1919
epoch 7/200 loss 3.0255 train 0.2482 test 0.2059
epoch 8/200 loss 2.8990 train 0.2705 test 0.2220
epoch 9/200 loss 2.7405 train 0.2963 test 0.2675
epoch 10/200 loss 2.5958 train 0.3284 test 0.2970
epoch 11/200 loss 2.4660 train 0.3582 test 0.2827
epoch 12/200 loss 2.3476 train 0.3777 test 0.2702
epoch 13/200 loss 2.2482 train 0.4025 test 0.3161
epoch 14/200 loss 2.1230 train 0.4292 test 0.3391
epoch 15/200 loss 2.0140 train 0.4536 test 0.3565
epoch 16/200 loss 1.9316 train 0.4705 test 0.3432
epoch 17/200 loss 1.8211 train 0.4942 test 0.4047
epoch 18/200 loss 1.7412 train 0.5094 test 0.3934
epoch 19/200 loss 1.6533 train 0.5304 test 0.4147
epoch 20/200 loss 1.5885 train 0.5551 test 0.3662
epoch 21/200 loss 1.5472 train 0.5616 test 0.3917
epoch 22/200 loss 1.4642 train 0.5760 test 0.3938
epoch 23/200 loss 1.4044 train 0.5955 test 0.3705
epoch 24/200 loss 1.3240 train 0.6208 test 0.4224
epoch 25/200 loss 1.2879 train 0.6316 test 0.4052
epoch 26/200 loss 1.2166 train 0.6434 test 0.4236
epoch 27/200 loss 1.1677 train 0.6555 test 0.4384
epoch 28/200 loss 1.1059 train 0.6716 test 0.4474
epoch 29/200 loss 1.0717 train 0.6840 test 0.4506
epoch 30/200 loss 1.0314 train 0.6936 test 0.4051
epoch 31/200 loss 0.9879 train 0.7049 test 0.4042
epoch 32/200 loss 0.9622 train 0.7116 test 0.4234
epoch 33/200 loss 0.8836 train 0.7359 test 0.4412
epoch 34/200 loss 0.8716 train 0.7378 test 0.4165
epoch 35/200 loss 0.8495 train 0.7429 test 0.4323
epoch 36/200 loss 0.7916 train 0.7606 test 0.4380
epoch 37/200 loss 0.7641 train 0.7691 test 0.4444
epoch 38/200 loss 0.7377 train 0.7803 test 0.4371
epoch 39/200 loss 0.7384 train 0.7792 test 0.4447
epoch 40/200 loss 0.6816 train 0.7966 test 0.4514
epoch 41/200 loss 0.6459 train 0.8071 test 0.4272
epoch 42/200 loss 0.6281 train 0.8135 test 0.4529
epoch 43/200 loss 0.6243 train 0.8139 test 0.4734
epoch 44/200 loss 0.5749 train 0.8290 test 0.4628
epoch 45/200 loss 0.5556 train 0.8309 test 0.4632
epoch 46/200 loss 0.5307 train 0.8409 test 0.4592
epoch 47/200 loss 0.5560 train 0.8365 test 0.4426
epoch 48/200 loss 0.5491 train 0.8325 test 0.4569
epoch 49/200 loss 0.4828 train 0.8566 test 0.4432
epoch 50/200 loss 0.4940 train 0.8538 test 0.4373
epoch 51/200 loss 0.4545 train 0.8674 test 0.4553
epoch 52/200 loss 0.4445 train 0.8664 test 0.4652
epoch 53/200 loss 0.4248 train 0.8746 test 0.4685
epoch 54/200 loss 0.4162 train 0.8801 test 0.4157
epoch 55/200 loss 0.4326 train 0.8721 test 0.4581
epoch 56/200 loss 0.4128 train 0.8785 test 0.4879
epoch 57/200 loss 0.3992 train 0.8806 test 0.4622
epoch 58/200 loss 0.4049 train 0.8802 test 0.4775
epoch 59/200 loss 0.3852 train 0.8864 test 0.4616
epoch 60/200 loss 0.3559 train 0.8992 test 0.4604
epoch 61/200 loss 0.3473 train 0.9015 test 0.4459
epoch 62/200 loss 0.3314 train 0.9048 test 0.4829
epoch 63/200 loss 0.3050 train 0.9121 test 0.4753
epoch 64/200 loss 0.3656 train 0.8947 test 0.4517
epoch 65/200 loss 0.3771 train 0.8904 test 0.4747
epoch 66/200 loss 0.3160 train 0.9114 test 0.4811
epoch 67/200 loss 0.3102 train 0.9118 test 0.4747
epoch 68/200 loss 0.2755 train 0.9257 test 0.4791
epoch 69/200 loss 0.3103 train 0.9100 test 0.4765
epoch 70/200 loss 0.2862 train 0.9204 test 0.4909
epoch 71/200 loss 0.2638 train 0.9278 test 0.4579
epoch 72/200 loss 0.2890 train 0.9197 test 0.4934
epoch 73/200 loss 0.2537 train 0.9311 test 0.4758
epoch 74/200 loss 0.2440 train 0.9334 test 0.4797
epoch 75/200 loss 0.2426 train 0.9356 test 0.4872
epoch 76/200 loss 0.2925 train 0.9164 test 0.4840
epoch 77/200 loss 0.2740 train 0.9242 test 0.4600
epoch 78/200 loss 0.2583 train 0.9309 test 0.4715
epoch 79/200 loss 0.2277 train 0.9417 test 0.5053
epoch 80/200 loss 0.1892 train 0.9512 test 0.5012
epoch 81/200 loss 0.2131 train 0.9438 test 0.4944
epoch 82/200 loss 0.2230 train 0.9403 test 0.4953
epoch 83/200 loss 0.2056 train 0.9452 test 0.4890
epoch 84/200 loss 0.1798 train 0.9526 test 0.4865
epoch 85/200 loss 0.2015 train 0.9473 test 0.5186
epoch 86/200 loss 0.1730 train 0.9579 test 0.5070
epoch 87/200 loss 0.1873 train 0.9515 test 0.5078
epoch 88/200 loss 0.1596 train 0.9612 test 0.5062
epoch 89/200 loss 0.1797 train 0.9555 test 0.5209
epoch 90/200 loss 0.1543 train 0.9637 test 0.5204
epoch 91/200 loss 0.1319 train 0.9694 test 0.5157
epoch 92/200 loss 0.1242 train 0.9733 test 0.4992
epoch 93/200 loss 0.1518 train 0.9646 test 0.5075
epoch 94/200 loss 0.1909 train 0.9507 test 0.4957
epoch 95/200 loss 0.2072 train 0.9465 test 0.4806
epoch 96/200 loss 0.1649 train 0.9603 test 0.5202
epoch 97/200 loss 0.1470 train 0.9650 test 0.5025
epoch 98/200 loss 0.1306 train 0.9714 test 0.5267
epoch 99/200 loss 0.0980 train 0.9808 test 0.5331
epoch 100/200 loss 0.0869 train 0.9827 test 0.5445
epoch 101/200 loss 0.0698 train 0.9881 test 0.5463
epoch 102/200 loss 0.0649 train 0.9899 test 0.5337
epoch 103/200 loss 0.0671 train 0.9888 test 0.5434
epoch 104/200 loss 0.0861 train 0.9840 test 0.5193
epoch 105/200 loss 0.0753 train 0.9874 test 0.5522
epoch 106/200 loss 0.0638 train 0.9888 test 0.5470
epoch 107/200 loss 0.0477 train 0.9938 test 0.5720
epoch 108/200 loss 0.0331 train 0.9972 test 0.5735
epoch 109/200 loss 0.0268 train 0.9985 test 0.5822
epoch 110/200 loss 0.0308 train 0.9969 test 0.5798
epoch 111/200 loss 0.0218 train 0.9994 test 0.5914
epoch 112/200 loss 0.0194 train 0.9994 test 0.5973
epoch 113/200 loss 0.0163 train 0.9999 test 0.6067
epoch 114/200 loss 0.0160 train 0.9999 test 0.6049
epoch 115/200 loss 0.0158 train 0.9998 test 0.6032
epoch 116/200 loss 0.0156 train 0.9998 test 0.6074
epoch 117/200 loss 0.0154 train 0.9999 test 0.6070
epoch 118/200 loss 0.0152 train 0.9999 test 0.6087
epoch 119/200 loss 0.0150 train 0.9999 test 0.6076
epoch 120/200 loss 0.0151 train 0.9998 test 0.6105
epoch 121/200 loss 0.0150 train 0.9999 test 0.6102
epoch 122/200 loss 0.0152 train 0.9998 test 0.6121
epoch 123/200 loss 0.0152 train 0.9998 test 0.6134
epoch 124/200 loss 0.0153 train 0.9998 test 0.6113
epoch 125/200 loss 0.0152 train 1.0000 test 0.6124
epoch 126/200 loss 0.0183 train 0.9991 test 0.6036
epoch 127/200 loss 0.0236 train 0.9983 test 0.6018
epoch 128/200 loss 0.0367 train 0.9970 test 0.5837
epoch 129/200 loss 0.0238 train 0.9995 test 0.6019
epoch 130/200 loss 0.0224 train 0.9991 test 0.5931
epoch 131/200 loss 0.0224 train 0.9990 test 0.6074
epoch 132/200 loss 0.0170 train 0.9998 test 0.6095
epoch 133/200 loss 0.0149 train 0.9999 test 0.6127
epoch 134/200 loss 0.0152 train 0.9998 test 0.6096
epoch 135/200 loss 0.0142 train 0.9998 test 0.6107
epoch 136/200 loss 0.0135 train 0.9999 test 0.6097
epoch 137/200 loss 0.0135 train 0.9999 test 0.6111
epoch 138/200 loss 0.0133 train 1.0000 test 0.6141
epoch 139/200 loss 0.0134 train 1.0000 test 0.6133
epoch 140/200 loss 0.0136 train 0.9999 test 0.6111
epoch 141/200 loss 0.0134 train 0.9999 test 0.6122
epoch 142/200 loss 0.0135 train 0.9999 test 0.6147
epoch 143/200 loss 0.0132 train 0.9999 test 0.6105
epoch 144/200 loss 0.0132 train 1.0000 test 0.6152
epoch 145/200 loss 0.0128 train 1.0000 test 0.6150
epoch 146/200 loss 0.0130 train 0.9999 test 0.6164
epoch 147/200 loss 0.0132 train 0.9999 test 0.6165
epoch 148/200 loss 0.0127 train 1.0000 test 0.6161
epoch 149/200 loss 0.0132 train 0.9998 test 0.6169
epoch 150/200 loss 0.0127 train 0.9999 test 0.6165
epoch 151/200 loss 0.0125 train 1.0000 test 0.6164
epoch 152/200 loss 0.0137 train 0.9996 test 0.6134
epoch 153/200 loss 0.0136 train 0.9998 test 0.6156
epoch 154/200 loss 0.0127 train 1.0000 test 0.6151
epoch 155/200 loss 0.0124 train 1.0000 test 0.6158
epoch 156/200 loss 0.0126 train 0.9998 test 0.6136
epoch 157/200 loss 0.0124 train 0.9998 test 0.6189
epoch 158/200 loss 0.0124 train 0.9998 test 0.6156
epoch 159/200 loss 0.0123 train 0.9998 test 0.6156
epoch 160/200 loss 0.0124 train 0.9998 test 0.6153
epoch 161/200 loss 0.0122 train 0.9999 test 0.6155
epoch 162/200 loss 0.0120 train 0.9999 test 0.6166
epoch 163/200 loss 0.0120 train 0.9999 test 0.6169
epoch 164/200 loss 0.0121 train 1.0000 test 0.6172
epoch 165/200 loss 0.0122 train 0.9999 test 0.6176
epoch 166/200 loss 0.0119 train 0.9999 test 0.6186
epoch 167/200 loss 0.0120 train 0.9998 test 0.6167
epoch 168/200 loss 0.0118 train 0.9999 test 0.6194
epoch 169/200 loss 0.0117 train 1.0000 test 0.6198
epoch 170/200 loss 0.0118 train 0.9999 test 0.6172
epoch 171/200 loss 0.0118 train 1.0000 test 0.6186
epoch 172/200 loss 0.0119 train 0.9999 test 0.6178
epoch 173/200 loss 0.0116 train 1.0000 test 0.6163
epoch 174/200 loss 0.0116 train 1.0000 test 0.6171
epoch 175/200 loss 0.0115 train 1.0000 test 0.6183
epoch 176/200 loss 0.0114 train 0.9999 test 0.6183
epoch 177/200 loss 0.0116 train 1.0000 test 0.6180
epoch 178/200 loss 0.0114 train 1.0000 test 0.6171
epoch 179/200 loss 0.0116 train 1.0000 test 0.6185
epoch 180/200 loss 0.0113 train 1.0000 test 0.6198
epoch 181/200 loss 0.0117 train 1.0000 test 0.6187
epoch 182/200 loss 0.0115 train 1.0000 test 0.6200
epoch 183/200 loss 0.0114 train 1.0000 test 0.6188
epoch 184/200 loss 0.0113 train 1.0000 test 0.6196
epoch 185/200 loss 0.0115 train 0.9998 test 0.6189
epoch 186/200 loss 0.0117 train 0.9998 test 0.6184
epoch 187/200 loss 0.0112 train 1.0000 test 0.6183
epoch 188/200 loss 0.0112 train 1.0000 test 0.6185
epoch 189/200 loss 0.0113 train 1.0000 test 0.6178
epoch 190/200 loss 0.0112 train 1.0000 test 0.6180
epoch 191/200 loss 0.0112 train 0.9999 test 0.6193
epoch 192/200 loss 0.0113 train 0.9999 test 0.6172
epoch 193/200 loss 0.0112 train 1.0000 test 0.6166
epoch 194/200 loss 0.0112 train 1.0000 test 0.6182
epoch 195/200 loss 0.0112 train 1.0000 test 0.6189
epoch 196/200 loss 0.0113 train 1.0000 test 0.6175
epoch 197/200 loss 0.0112 train 0.9999 test 0.6177
epoch 198/200 loss 0.0112 train 1.0000 test 0.6186
epoch 199/200 loss 0.0112 train 0.9999 test 0.6176
epoch 200/200 loss 0.0112 train 1.0000 test 0.6172
done: final 0.6172 best 0.6200 -> ./runs/auxmag_25pct_l10/seed2
AUX_auxmag_25pct_l10_DONE
AUXMAG_PROBE_COMPLETE
