moment-aux target calibrated on 1024 images
[auxmag_100pct_l30 seed0] {"params_trainable": 11222188, "params_stem_trainable": 0, "params_stem_fixed_filters": 0, "flops_total": 556705792, "flops_stem": 0, "flops_image_size": 32}
epoch 1/200 loss 3.9265 train 0.1150 test 0.1732
epoch 2/200 loss 3.0812 train 0.2369 test 0.2811
epoch 3/200 loss 2.5419 train 0.3412 test 0.3423
epoch 4/200 loss 2.1786 train 0.4191 test 0.3661
epoch 5/200 loss 1.9597 train 0.4724 test 0.4720
epoch 6/200 loss 1.8144 train 0.5067 test 0.4742
epoch 7/200 loss 1.6904 train 0.5391 test 0.4939
epoch 8/200 loss 1.6214 train 0.5532 test 0.5011
epoch 9/200 loss 1.5363 train 0.5774 test 0.4980
epoch 10/200 loss 1.4909 train 0.5878 test 0.4934
epoch 11/200 loss 1.4411 train 0.6023 test 0.5333
epoch 12/200 loss 1.4034 train 0.6078 test 0.5270
epoch 13/200 loss 1.3648 train 0.6187 test 0.5343
epoch 14/200 loss 1.3351 train 0.6260 test 0.4896
epoch 15/200 loss 1.3075 train 0.6334 test 0.5376
epoch 16/200 loss 1.2800 train 0.6411 test 0.5493
epoch 17/200 loss 1.2716 train 0.6409 test 0.5591
epoch 18/200 loss 1.2405 train 0.6492 test 0.5353
epoch 19/200 loss 1.2098 train 0.6587 test 0.5596
epoch 20/200 loss 1.2188 train 0.6571 test 0.5614
epoch 21/200 loss 1.1923 train 0.6647 test 0.5658
epoch 22/200 loss 1.1795 train 0.6672 test 0.5272
epoch 23/200 loss 1.1698 train 0.6679 test 0.5515
epoch 24/200 loss 1.1573 train 0.6716 test 0.5620
epoch 25/200 loss 1.1401 train 0.6770 test 0.5645
epoch 26/200 loss 1.1300 train 0.6810 test 0.5530
epoch 27/200 loss 1.1334 train 0.6788 test 0.5344
epoch 28/200 loss 1.1117 train 0.6838 test 0.5676
epoch 29/200 loss 1.1029 train 0.6853 test 0.5858
epoch 30/200 loss 1.0913 train 0.6909 test 0.5568
epoch 31/200 loss 1.0934 train 0.6867 test 0.5856
epoch 32/200 loss 1.0694 train 0.6968 test 0.5690
epoch 33/200 loss 1.0819 train 0.6905 test 0.5908
epoch 34/200 loss 1.0591 train 0.6979 test 0.6044
epoch 35/200 loss 1.0693 train 0.6965 test 0.5722
epoch 36/200 loss 1.0448 train 0.7014 test 0.5861
epoch 37/200 loss 1.0454 train 0.7033 test 0.6085
epoch 38/200 loss 1.0327 train 0.7033 test 0.5554
epoch 39/200 loss 1.0222 train 0.7078 test 0.5946
epoch 40/200 loss 1.0224 train 0.7083 test 0.5558
epoch 41/200 loss 1.0123 train 0.7119 test 0.5497
epoch 42/200 loss 1.0100 train 0.7119 test 0.5866
epoch 43/200 loss 1.0029 train 0.7132 test 0.5818
epoch 44/200 loss 1.0021 train 0.7114 test 0.5717
epoch 45/200 loss 0.9902 train 0.7177 test 0.5675
epoch 46/200 loss 0.9855 train 0.7181 test 0.6049
epoch 47/200 loss 0.9832 train 0.7172 test 0.5302
epoch 48/200 loss 0.9709 train 0.7228 test 0.5849
epoch 49/200 loss 0.9648 train 0.7242 test 0.5850
epoch 50/200 loss 0.9516 train 0.7262 test 0.5399
epoch 51/200 loss 0.9435 train 0.7300 test 0.5956
epoch 52/200 loss 0.9494 train 0.7280 test 0.6050
epoch 53/200 loss 0.9351 train 0.7311 test 0.5724
epoch 54/200 loss 0.9278 train 0.7351 test 0.5945
epoch 55/200 loss 0.9260 train 0.7349 test 0.5754
epoch 56/200 loss 0.9197 train 0.7350 test 0.6165
epoch 57/200 loss 0.9094 train 0.7401 test 0.6266
epoch 58/200 loss 0.9069 train 0.7388 test 0.6078
epoch 59/200 loss 0.8974 train 0.7406 test 0.6160
epoch 60/200 loss 0.8884 train 0.7433 test 0.6170
epoch 61/200 loss 0.8779 train 0.7441 test 0.6072
epoch 62/200 loss 0.8844 train 0.7441 test 0.6202
epoch 63/200 loss 0.8674 train 0.7490 test 0.6118
epoch 64/200 loss 0.8575 train 0.7515 test 0.6061
epoch 65/200 loss 0.8560 train 0.7538 test 0.5997
epoch 66/200 loss 0.8423 train 0.7559 test 0.6130
epoch 67/200 loss 0.8363 train 0.7580 test 0.6111
epoch 68/200 loss 0.8390 train 0.7554 test 0.6094
epoch 69/200 loss 0.8181 train 0.7610 test 0.5874
epoch 70/200 loss 0.8242 train 0.7612 test 0.6214
epoch 71/200 loss 0.8049 train 0.7658 test 0.6104
epoch 72/200 loss 0.7989 train 0.7687 test 0.6111
epoch 73/200 loss 0.7887 train 0.7716 test 0.5940
epoch 74/200 loss 0.7875 train 0.7695 test 0.6316
epoch 75/200 loss 0.7759 train 0.7752 test 0.6208
epoch 76/200 loss 0.7597 train 0.7770 test 0.6268
epoch 77/200 loss 0.7594 train 0.7763 test 0.6004
epoch 78/200 loss 0.7565 train 0.7794 test 0.6077
epoch 79/200 loss 0.7335 train 0.7862 test 0.6409
epoch 80/200 loss 0.7331 train 0.7873 test 0.6255
epoch 81/200 loss 0.7363 train 0.7864 test 0.6247
epoch 82/200 loss 0.7137 train 0.7904 test 0.6530
epoch 83/200 loss 0.7043 train 0.7966 test 0.6186
epoch 84/200 loss 0.7042 train 0.7927 test 0.6154
epoch 85/200 loss 0.7009 train 0.7958 test 0.6534
epoch 86/200 loss 0.6717 train 0.8045 test 0.6129
epoch 87/200 loss 0.6771 train 0.8010 test 0.6047
epoch 88/200 loss 0.6620 train 0.8041 test 0.6570
epoch 89/200 loss 0.6518 train 0.8081 test 0.6454
epoch 90/200 loss 0.6404 train 0.8125 test 0.6134
epoch 91/200 loss 0.6381 train 0.8134 test 0.6389
epoch 92/200 loss 0.6277 train 0.8170 test 0.6216
epoch 93/200 loss 0.6095 train 0.8209 test 0.6424
epoch 94/200 loss 0.6080 train 0.8233 test 0.6318
epoch 95/200 loss 0.5974 train 0.8227 test 0.6423
epoch 96/200 loss 0.5979 train 0.8240 test 0.6275
epoch 97/200 loss 0.5769 train 0.8300 test 0.6430
epoch 98/200 loss 0.5717 train 0.8313 test 0.6259
epoch 99/200 loss 0.5560 train 0.8351 test 0.6308
epoch 100/200 loss 0.5448 train 0.8387 test 0.6274
epoch 101/200 loss 0.5493 train 0.8371 test 0.6333
epoch 102/200 loss 0.5260 train 0.8445 test 0.6496
epoch 103/200 loss 0.5206 train 0.8466 test 0.6391
epoch 104/200 loss 0.5087 train 0.8502 test 0.6510
epoch 105/200 loss 0.4925 train 0.8559 test 0.6187
epoch 106/200 loss 0.4881 train 0.8572 test 0.6527
epoch 107/200 loss 0.4710 train 0.8598 test 0.6693
epoch 108/200 loss 0.4687 train 0.8612 test 0.6349
epoch 109/200 loss 0.4596 train 0.8656 test 0.6384
epoch 110/200 loss 0.4517 train 0.8658 test 0.6560
epoch 111/200 loss 0.4371 train 0.8723 test 0.6489
epoch 112/200 loss 0.4263 train 0.8731 test 0.6609
epoch 113/200 loss 0.4166 train 0.8770 test 0.6622
epoch 114/200 loss 0.4098 train 0.8798 test 0.6581
epoch 115/200 loss 0.3993 train 0.8826 test 0.6712
epoch 116/200 loss 0.3746 train 0.8913 test 0.6736
epoch 117/200 loss 0.3731 train 0.8916 test 0.6311
epoch 118/200 loss 0.3706 train 0.8921 test 0.6653
epoch 119/200 loss 0.3557 train 0.8959 test 0.6726
epoch 120/200 loss 0.3460 train 0.8997 test 0.6716
epoch 121/200 loss 0.3331 train 0.9043 test 0.6681
epoch 122/200 loss 0.3356 train 0.9012 test 0.6670
epoch 123/200 loss 0.3102 train 0.9111 test 0.6758
epoch 124/200 loss 0.3024 train 0.9116 test 0.6586
epoch 125/200 loss 0.2985 train 0.9150 test 0.6517
epoch 126/200 loss 0.2760 train 0.9229 test 0.6711
epoch 127/200 loss 0.2901 train 0.9169 test 0.6628
epoch 128/200 loss 0.2577 train 0.9272 test 0.6838
epoch 129/200 loss 0.2518 train 0.9311 test 0.6851
epoch 130/200 loss 0.2375 train 0.9337 test 0.6906
epoch 131/200 loss 0.2294 train 0.9373 test 0.6896
epoch 132/200 loss 0.2245 train 0.9382 test 0.6917
epoch 133/200 loss 0.2074 train 0.9442 test 0.6907
epoch 134/200 loss 0.2097 train 0.9423 test 0.6790
epoch 135/200 loss 0.1957 train 0.9480 test 0.6710
epoch 136/200 loss 0.1915 train 0.9497 test 0.6821
epoch 137/200 loss 0.1845 train 0.9512 test 0.6948
epoch 138/200 loss 0.1712 train 0.9564 test 0.6994
epoch 139/200 loss 0.1621 train 0.9579 test 0.7058
epoch 140/200 loss 0.1487 train 0.9617 test 0.6985
epoch 141/200 loss 0.1481 train 0.9632 test 0.7119
epoch 142/200 loss 0.1226 train 0.9703 test 0.7133
epoch 143/200 loss 0.1202 train 0.9724 test 0.7089
epoch 144/200 loss 0.1146 train 0.9737 test 0.7165
epoch 145/200 loss 0.1080 train 0.9758 test 0.7236
epoch 146/200 loss 0.0989 train 0.9786 test 0.7210
epoch 147/200 loss 0.0874 train 0.9824 test 0.7248
epoch 148/200 loss 0.0795 train 0.9847 test 0.7291
epoch 149/200 loss 0.0734 train 0.9865 test 0.7371
epoch 150/200 loss 0.0642 train 0.9889 test 0.7388
epoch 151/200 loss 0.0514 train 0.9925 test 0.7465
epoch 152/200 loss 0.0490 train 0.9933 test 0.7413
epoch 153/200 loss 0.0411 train 0.9950 test 0.7496
epoch 154/200 loss 0.0406 train 0.9951 test 0.7588
epoch 155/200 loss 0.0300 train 0.9976 test 0.7600
epoch 156/200 loss 0.0281 train 0.9977 test 0.7626
epoch 157/200 loss 0.0269 train 0.9979 test 0.7638
epoch 158/200 loss 0.0237 train 0.9986 test 0.7639
epoch 159/200 loss 0.0242 train 0.9984 test 0.7691
epoch 160/200 loss 0.0206 train 0.9989 test 0.7699
epoch 161/200 loss 0.0204 train 0.9989 test 0.7672
epoch 162/200 loss 0.0193 train 0.9990 test 0.7665
epoch 163/200 loss 0.0197 train 0.9991 test 0.7710
epoch 164/200 loss 0.0191 train 0.9992 test 0.7700
epoch 165/200 loss 0.0176 train 0.9993 test 0.7726
epoch 166/200 loss 0.0168 train 0.9993 test 0.7742
epoch 167/200 loss 0.0167 train 0.9995 test 0.7741
epoch 168/200 loss 0.0157 train 0.9996 test 0.7733
epoch 169/200 loss 0.0156 train 0.9996 test 0.7734
epoch 170/200 loss 0.0153 train 0.9995 test 0.7750
epoch 171/200 loss 0.0156 train 0.9994 test 0.7738
epoch 172/200 loss 0.0153 train 0.9995 test 0.7777
epoch 173/200 loss 0.0152 train 0.9995 test 0.7759
epoch 174/200 loss 0.0146 train 0.9997 test 0.7770
epoch 175/200 loss 0.0144 train 0.9996 test 0.7791
epoch 176/200 loss 0.0143 train 0.9997 test 0.7783
epoch 177/200 loss 0.0144 train 0.9996 test 0.7766
epoch 178/200 loss 0.0142 train 0.9997 test 0.7759
epoch 179/200 loss 0.0140 train 0.9998 test 0.7777
epoch 180/200 loss 0.0141 train 0.9997 test 0.7800
epoch 181/200 loss 0.0138 train 0.9997 test 0.7796
epoch 182/200 loss 0.0138 train 0.9997 test 0.7813
epoch 183/200 loss 0.0139 train 0.9997 test 0.7796
epoch 184/200 loss 0.0136 train 0.9998 test 0.7803
epoch 185/200 loss 0.0135 train 0.9996 test 0.7807
epoch 186/200 loss 0.0134 train 0.9997 test 0.7817
epoch 187/200 loss 0.0134 train 0.9996 test 0.7807
epoch 188/200 loss 0.0135 train 0.9996 test 0.7818
epoch 189/200 loss 0.0134 train 0.9997 test 0.7793
epoch 190/200 loss 0.0130 train 0.9997 test 0.7815
epoch 191/200 loss 0.0132 train 0.9997 test 0.7818
epoch 192/200 loss 0.0131 train 0.9997 test 0.7817
epoch 193/200 loss 0.0131 train 0.9998 test 0.7802
epoch 194/200 loss 0.0132 train 0.9997 test 0.7808
epoch 195/200 loss 0.0134 train 0.9997 test 0.7788
epoch 196/200 loss 0.0131 train 0.9997 test 0.7815
epoch 197/200 loss 0.0132 train 0.9997 test 0.7795
epoch 198/200 loss 0.0130 train 0.9998 test 0.7805
epoch 199/200 loss 0.0130 train 0.9998 test 0.7802
epoch 200/200 loss 0.0130 train 0.9997 test 0.7805
done: final 0.7805 best 0.7818 -> ./runs/auxmag_100pct_l30/seed0
moment-aux target calibrated on 1024 images
[auxmag_100pct_l30 seed1] {"params_trainable": 11222188, "params_stem_trainable": 0, "params_stem_fixed_filters": 0, "flops_total": 556705792, "flops_stem": 0, "flops_image_size": 32}
epoch 1/200 loss 3.9225 train 0.1160 test 0.1615
epoch 2/200 loss 3.0713 train 0.2346 test 0.2611
epoch 3/200 loss 2.5381 train 0.3434 test 0.3588
epoch 4/200 loss 2.1712 train 0.4225 test 0.3972
epoch 5/200 loss 1.9537 train 0.4762 test 0.4193
epoch 6/200 loss 1.7944 train 0.5097 test 0.4413
epoch 7/200 loss 1.6947 train 0.5331 test 0.4737
epoch 8/200 loss 1.6074 train 0.5557 test 0.5037
epoch 9/200 loss 1.5361 train 0.5758 test 0.4916
epoch 10/200 loss 1.4817 train 0.5908 test 0.4456
epoch 11/200 loss 1.4387 train 0.6006 test 0.4885
epoch 12/200 loss 1.4025 train 0.6078 test 0.4957
epoch 13/200 loss 1.3580 train 0.6196 test 0.5261
epoch 14/200 loss 1.3302 train 0.6265 test 0.4813
epoch 15/200 loss 1.3038 train 0.6366 test 0.5407
epoch 16/200 loss 1.2709 train 0.6442 test 0.5445
epoch 17/200 loss 1.2628 train 0.6470 test 0.5151
epoch 18/200 loss 1.2316 train 0.6552 test 0.5413
epoch 19/200 loss 1.2207 train 0.6553 test 0.5594
epoch 20/200 loss 1.2146 train 0.6555 test 0.5052
epoch 21/200 loss 1.1879 train 0.6629 test 0.5613
epoch 22/200 loss 1.1706 train 0.6689 test 0.5515
epoch 23/200 loss 1.1620 train 0.6707 test 0.5615
epoch 24/200 loss 1.1495 train 0.6758 test 0.5598
epoch 25/200 loss 1.1339 train 0.6780 test 0.5681
epoch 26/200 loss 1.1310 train 0.6780 test 0.5751
epoch 27/200 loss 1.1236 train 0.6804 test 0.5520
epoch 28/200 loss 1.1105 train 0.6854 test 0.5813
epoch 29/200 loss 1.1060 train 0.6851 test 0.5872
epoch 30/200 loss 1.0887 train 0.6903 test 0.5703
epoch 31/200 loss 1.0847 train 0.6902 test 0.5862
epoch 32/200 loss 1.0667 train 0.6951 test 0.6088
epoch 33/200 loss 1.0683 train 0.6963 test 0.5983
epoch 34/200 loss 1.0684 train 0.6979 test 0.5764
epoch 35/200 loss 1.0523 train 0.7001 test 0.5826
epoch 36/200 loss 1.0509 train 0.6997 test 0.5757
epoch 37/200 loss 1.0391 train 0.7042 test 0.5975
epoch 38/200 loss 1.0267 train 0.7085 test 0.5693
epoch 39/200 loss 1.0221 train 0.7068 test 0.5779
epoch 40/200 loss 1.0166 train 0.7091 test 0.6275
epoch 41/200 loss 1.0155 train 0.7079 test 0.5813
epoch 42/200 loss 1.0025 train 0.7151 test 0.5914
epoch 43/200 loss 0.9950 train 0.7158 test 0.6328
epoch 44/200 loss 1.0040 train 0.7114 test 0.5528
epoch 45/200 loss 0.9809 train 0.7205 test 0.6023
epoch 46/200 loss 0.9862 train 0.7155 test 0.5776
epoch 47/200 loss 0.9808 train 0.7196 test 0.6006
epoch 48/200 loss 0.9669 train 0.7242 test 0.5997
epoch 49/200 loss 0.9570 train 0.7266 test 0.6129
epoch 50/200 loss 0.9555 train 0.7243 test 0.5725
epoch 51/200 loss 0.9315 train 0.7309 test 0.5937
epoch 52/200 loss 0.9407 train 0.7279 test 0.5920
epoch 53/200 loss 0.9327 train 0.7315 test 0.5729
epoch 54/200 loss 0.9245 train 0.7329 test 0.6059
epoch 55/200 loss 0.9144 train 0.7362 test 0.6073
epoch 56/200 loss 0.9118 train 0.7362 test 0.6089
epoch 57/200 loss 0.9060 train 0.7370 test 0.6171
epoch 58/200 loss 0.8896 train 0.7434 test 0.6328
epoch 59/200 loss 0.8951 train 0.7404 test 0.5867
epoch 60/200 loss 0.8857 train 0.7456 test 0.6016
epoch 61/200 loss 0.8883 train 0.7448 test 0.6106
epoch 62/200 loss 0.8747 train 0.7465 test 0.6027
epoch 63/200 loss 0.8573 train 0.7530 test 0.6125
epoch 64/200 loss 0.8679 train 0.7483 test 0.6100
epoch 65/200 loss 0.8446 train 0.7554 test 0.5846
epoch 66/200 loss 0.8456 train 0.7537 test 0.5892
epoch 67/200 loss 0.8326 train 0.7600 test 0.5944
epoch 68/200 loss 0.8259 train 0.7640 test 0.5864
epoch 69/200 loss 0.8248 train 0.7604 test 0.6100
epoch 70/200 loss 0.8207 train 0.7596 test 0.6089
epoch 71/200 loss 0.8036 train 0.7668 test 0.6285
epoch 72/200 loss 0.7983 train 0.7676 test 0.6185
epoch 73/200 loss 0.7884 train 0.7713 test 0.6025
epoch 74/200 loss 0.7803 train 0.7731 test 0.6170
epoch 75/200 loss 0.7722 train 0.7745 test 0.6036
epoch 76/200 loss 0.7692 train 0.7752 test 0.6198
epoch 77/200 loss 0.7587 train 0.7780 test 0.6000
epoch 78/200 loss 0.7541 train 0.7787 test 0.6214
epoch 79/200 loss 0.7340 train 0.7844 test 0.6009
epoch 80/200 loss 0.7404 train 0.7835 test 0.6178
epoch 81/200 loss 0.7282 train 0.7865 test 0.6178
epoch 82/200 loss 0.7112 train 0.7924 test 0.6164
epoch 83/200 loss 0.7014 train 0.7949 test 0.6492
epoch 84/200 loss 0.7059 train 0.7905 test 0.6189
epoch 85/200 loss 0.6949 train 0.7952 test 0.6283
epoch 86/200 loss 0.6908 train 0.7993 test 0.6387
epoch 87/200 loss 0.6710 train 0.8033 test 0.6286
epoch 88/200 loss 0.6551 train 0.8062 test 0.6239
epoch 89/200 loss 0.6534 train 0.8096 test 0.6406
epoch 90/200 loss 0.6544 train 0.8052 test 0.6135
epoch 91/200 loss 0.6310 train 0.8137 test 0.6559
epoch 92/200 loss 0.6345 train 0.8115 test 0.6306
epoch 93/200 loss 0.6089 train 0.8210 test 0.6376
epoch 94/200 loss 0.6021 train 0.8217 test 0.6480
epoch 95/200 loss 0.6020 train 0.8228 test 0.6417
epoch 96/200 loss 0.5926 train 0.8246 test 0.6461
epoch 97/200 loss 0.5791 train 0.8305 test 0.6526
epoch 98/200 loss 0.5541 train 0.8376 test 0.6475
epoch 99/200 loss 0.5680 train 0.8320 test 0.6513
epoch 100/200 loss 0.5468 train 0.8372 test 0.6422
epoch 101/200 loss 0.5413 train 0.8389 test 0.6244
epoch 102/200 loss 0.5252 train 0.8461 test 0.6519
epoch 103/200 loss 0.5093 train 0.8508 test 0.6274
epoch 104/200 loss 0.5057 train 0.8513 test 0.6378
epoch 105/200 loss 0.5111 train 0.8503 test 0.6537
epoch 106/200 loss 0.4859 train 0.8548 test 0.6209
epoch 107/200 loss 0.4690 train 0.8600 test 0.6479
epoch 108/200 loss 0.4796 train 0.8577 test 0.6646
epoch 109/200 loss 0.4542 train 0.8646 test 0.6602
epoch 110/200 loss 0.4491 train 0.8679 test 0.6269
epoch 111/200 loss 0.4386 train 0.8717 test 0.6532
epoch 112/200 loss 0.4201 train 0.8751 test 0.6743
epoch 113/200 loss 0.4166 train 0.8770 test 0.6690
epoch 114/200 loss 0.3979 train 0.8837 test 0.6665
epoch 115/200 loss 0.3946 train 0.8833 test 0.6261
epoch 116/200 loss 0.3851 train 0.8871 test 0.6731
epoch 117/200 loss 0.3615 train 0.8938 test 0.6733
epoch 118/200 loss 0.3729 train 0.8904 test 0.6683
epoch 119/200 loss 0.3426 train 0.9005 test 0.6595
epoch 120/200 loss 0.3468 train 0.9003 test 0.6771
epoch 121/200 loss 0.3490 train 0.8969 test 0.6762
epoch 122/200 loss 0.3255 train 0.9060 test 0.6448
epoch 123/200 loss 0.3140 train 0.9096 test 0.6743
epoch 124/200 loss 0.3045 train 0.9121 test 0.6752
epoch 125/200 loss 0.2938 train 0.9172 test 0.6800
epoch 126/200 loss 0.2891 train 0.9170 test 0.6742
epoch 127/200 loss 0.2633 train 0.9254 test 0.6904
epoch 128/200 loss 0.2501 train 0.9304 test 0.6755
epoch 129/200 loss 0.2469 train 0.9315 test 0.6684
epoch 130/200 loss 0.2268 train 0.9378 test 0.6985
epoch 131/200 loss 0.2342 train 0.9359 test 0.6946
epoch 132/200 loss 0.2409 train 0.9324 test 0.6705
epoch 133/200 loss 0.2223 train 0.9402 test 0.6886
epoch 134/200 loss 0.1973 train 0.9479 test 0.6989
epoch 135/200 loss 0.1976 train 0.9455 test 0.6923
epoch 136/200 loss 0.1758 train 0.9544 test 0.6957
epoch 137/200 loss 0.1776 train 0.9532 test 0.6951
epoch 138/200 loss 0.1713 train 0.9560 test 0.6832
epoch 139/200 loss 0.1617 train 0.9585 test 0.7058
epoch 140/200 loss 0.1584 train 0.9590 test 0.6981
epoch 141/200 loss 0.1459 train 0.9641 test 0.6990
epoch 142/200 loss 0.1316 train 0.9686 test 0.7037
epoch 143/200 loss 0.1234 train 0.9712 test 0.7184
epoch 144/200 loss 0.1045 train 0.9781 test 0.7261
epoch 145/200 loss 0.0950 train 0.9795 test 0.7336
epoch 146/200 loss 0.0904 train 0.9811 test 0.7259
epoch 147/200 loss 0.0846 train 0.9828 test 0.7248
epoch 148/200 loss 0.0745 train 0.9864 test 0.7289
epoch 149/200 loss 0.0699 train 0.9872 test 0.7350
epoch 150/200 loss 0.0717 train 0.9871 test 0.7379
epoch 151/200 loss 0.0600 train 0.9906 test 0.7406
epoch 152/200 loss 0.0486 train 0.9933 test 0.7474
epoch 153/200 loss 0.0431 train 0.9950 test 0.7522
epoch 154/200 loss 0.0394 train 0.9956 test 0.7534
epoch 155/200 loss 0.0390 train 0.9955 test 0.7574
epoch 156/200 loss 0.0306 train 0.9975 test 0.7641
epoch 157/200 loss 0.0296 train 0.9976 test 0.7644
epoch 158/200 loss 0.0260 train 0.9984 test 0.7694
epoch 159/200 loss 0.0223 train 0.9990 test 0.7681
epoch 160/200 loss 0.0234 train 0.9986 test 0.7753
epoch 161/200 loss 0.0221 train 0.9989 test 0.7742
epoch 162/200 loss 0.0197 train 0.9992 test 0.7788
epoch 163/200 loss 0.0188 train 0.9993 test 0.7798
epoch 164/200 loss 0.0187 train 0.9992 test 0.7814
epoch 165/200 loss 0.0180 train 0.9995 test 0.7813
epoch 166/200 loss 0.0178 train 0.9995 test 0.7818
epoch 167/200 loss 0.0174 train 0.9994 test 0.7837
epoch 168/200 loss 0.0165 train 0.9996 test 0.7861
epoch 169/200 loss 0.0167 train 0.9996 test 0.7830
epoch 170/200 loss 0.0167 train 0.9995 test 0.7807
epoch 171/200 loss 0.0163 train 0.9995 test 0.7851
epoch 172/200 loss 0.0161 train 0.9997 test 0.7855
epoch 173/200 loss 0.0161 train 0.9996 test 0.7863
epoch 174/200 loss 0.0158 train 0.9997 test 0.7902
epoch 175/200 loss 0.0161 train 0.9994 test 0.7849
epoch 176/200 loss 0.0157 train 0.9996 test 0.7839
epoch 177/200 loss 0.0154 train 0.9995 test 0.7866
epoch 178/200 loss 0.0156 train 0.9995 test 0.7874
epoch 179/200 loss 0.0153 train 0.9996 test 0.7860
epoch 180/200 loss 0.0150 train 0.9996 test 0.7855
epoch 181/200 loss 0.0151 train 0.9996 test 0.7850
epoch 182/200 loss 0.0149 train 0.9997 test 0.7866
epoch 183/200 loss 0.0147 train 0.9997 test 0.7860
epoch 184/200 loss 0.0147 train 0.9996 test 0.7876
epoch 185/200 loss 0.0147 train 0.9997 test 0.7871
epoch 186/200 loss 0.0143 train 0.9997 test 0.7873
epoch 187/200 loss 0.0144 train 0.9997 test 0.7869
epoch 188/200 loss 0.0144 train 0.9997 test 0.7886
epoch 189/200 loss 0.0141 train 0.9998 test 0.7867
epoch 190/200 loss 0.0141 train 0.9997 test 0.7880
epoch 191/200 loss 0.0140 train 0.9998 test 0.7893
epoch 192/200 loss 0.0142 train 0.9997 test 0.7881
epoch 193/200 loss 0.0141 train 0.9998 test 0.7886
epoch 194/200 loss 0.0142 train 0.9997 test 0.7879
epoch 195/200 loss 0.0141 train 0.9997 test 0.7880
epoch 196/200 loss 0.0139 train 0.9998 test 0.7873
epoch 197/200 loss 0.0141 train 0.9997 test 0.7886
epoch 198/200 loss 0.0140 train 0.9998 test 0.7881
epoch 199/200 loss 0.0140 train 0.9999 test 0.7877
epoch 200/200 loss 0.0139 train 0.9997 test 0.7881
done: final 0.7881 best 0.7902 -> ./runs/auxmag_100pct_l30/seed1
moment-aux target calibrated on 1024 images
[auxmag_100pct_l30 seed2] {"params_trainable": 11222188, "params_stem_trainable": 0, "params_stem_fixed_filters": 0, "flops_total": 556705792, "flops_stem": 0, "flops_image_size": 32}
epoch 1/200 loss 3.9080 train 0.1182 test 0.1463
epoch 2/200 loss 3.0732 train 0.2387 test 0.2581
epoch 3/200 loss 2.5363 train 0.3434 test 0.3487
epoch 4/200 loss 2.1752 train 0.4215 test 0.3878
epoch 5/200 loss 1.9503 train 0.4719 test 0.4415
epoch 6/200 loss 1.7999 train 0.5106 test 0.4627
epoch 7/200 loss 1.6940 train 0.5355 test 0.4729
epoch 8/200 loss 1.5993 train 0.5615 test 0.4839
epoch 9/200 loss 1.5386 train 0.5752 test 0.5061
epoch 10/200 loss 1.4838 train 0.5864 test 0.4688
epoch 11/200 loss 1.4320 train 0.6018 test 0.4846
epoch 12/200 loss 1.3870 train 0.6111 test 0.5263
epoch 13/200 loss 1.3584 train 0.6185 test 0.5640
epoch 14/200 loss 1.3327 train 0.6254 test 0.5361
epoch 15/200 loss 1.3072 train 0.6315 test 0.5640
epoch 16/200 loss 1.2709 train 0.6416 test 0.5484
epoch 17/200 loss 1.2624 train 0.6432 test 0.5335
epoch 18/200 loss 1.2377 train 0.6516 test 0.5117
epoch 19/200 loss 1.2185 train 0.6573 test 0.5880
epoch 20/200 loss 1.2103 train 0.6581 test 0.5647
epoch 21/200 loss 1.1934 train 0.6636 test 0.5716
epoch 22/200 loss 1.1722 train 0.6684 test 0.5557
epoch 23/200 loss 1.1720 train 0.6684 test 0.5901
epoch 24/200 loss 1.1473 train 0.6762 test 0.5785
epoch 25/200 loss 1.1376 train 0.6768 test 0.5813
epoch 26/200 loss 1.1275 train 0.6801 test 0.5799
epoch 27/200 loss 1.1270 train 0.6788 test 0.5251
epoch 28/200 loss 1.1092 train 0.6850 test 0.5880
epoch 29/200 loss 1.0983 train 0.6888 test 0.5450
epoch 30/200 loss 1.0978 train 0.6856 test 0.5271
epoch 31/200 loss 1.0799 train 0.6912 test 0.5617
epoch 32/200 loss 1.0823 train 0.6902 test 0.5681
epoch 33/200 loss 1.0661 train 0.6961 test 0.5854
epoch 34/200 loss 1.0635 train 0.6995 test 0.5812
epoch 35/200 loss 1.0518 train 0.6992 test 0.5681
epoch 36/200 loss 1.0549 train 0.6997 test 0.5759
epoch 37/200 loss 1.0344 train 0.7047 test 0.5924
epoch 38/200 loss 1.0402 train 0.7023 test 0.5744
epoch 39/200 loss 1.0213 train 0.7075 test 0.5847
epoch 40/200 loss 1.0192 train 0.7070 test 0.6012
epoch 41/200 loss 1.0196 train 0.7081 test 0.5844
epoch 42/200 loss 1.0094 train 0.7123 test 0.5906
epoch 43/200 loss 0.9936 train 0.7156 test 0.6046
epoch 44/200 loss 1.0018 train 0.7112 test 0.5944
epoch 45/200 loss 0.9973 train 0.7151 test 0.6114
epoch 46/200 loss 0.9821 train 0.7194 test 0.6020
epoch 47/200 loss 0.9742 train 0.7205 test 0.5620
epoch 48/200 loss 0.9694 train 0.7235 test 0.6033
epoch 49/200 loss 0.9682 train 0.7245 test 0.5907
epoch 50/200 loss 0.9516 train 0.7256 test 0.6014
epoch 51/200 loss 0.9601 train 0.7251 test 0.6105
epoch 52/200 loss 0.9394 train 0.7306 test 0.6131
epoch 53/200 loss 0.9313 train 0.7307 test 0.5704
epoch 54/200 loss 0.9359 train 0.7303 test 0.5908
epoch 55/200 loss 0.9228 train 0.7350 test 0.5535
epoch 56/200 loss 0.9124 train 0.7348 test 0.5652
epoch 57/200 loss 0.8941 train 0.7414 test 0.6178
epoch 58/200 loss 0.9100 train 0.7353 test 0.5326
epoch 59/200 loss 0.8950 train 0.7420 test 0.6067
epoch 60/200 loss 0.8812 train 0.7453 test 0.6055
epoch 61/200 loss 0.8867 train 0.7434 test 0.5779
epoch 62/200 loss 0.8787 train 0.7477 test 0.5782
epoch 63/200 loss 0.8608 train 0.7496 test 0.6147
epoch 64/200 loss 0.8613 train 0.7503 test 0.6099
epoch 65/200 loss 0.8535 train 0.7528 test 0.5978
epoch 66/200 loss 0.8479 train 0.7548 test 0.5880
epoch 67/200 loss 0.8460 train 0.7553 test 0.6420
epoch 68/200 loss 0.8266 train 0.7597 test 0.6124
epoch 69/200 loss 0.8245 train 0.7603 test 0.6226
epoch 70/200 loss 0.8132 train 0.7636 test 0.5957
epoch 71/200 loss 0.8102 train 0.7645 test 0.6283
epoch 72/200 loss 0.7952 train 0.7681 test 0.6264
epoch 73/200 loss 0.7928 train 0.7699 test 0.6079
epoch 74/200 loss 0.7859 train 0.7710 test 0.5981
epoch 75/200 loss 0.7736 train 0.7728 test 0.6004
epoch 76/200 loss 0.7654 train 0.7756 test 0.6173
epoch 77/200 loss 0.7606 train 0.7791 test 0.6113
epoch 78/200 loss 0.7598 train 0.7779 test 0.6280
epoch 79/200 loss 0.7373 train 0.7828 test 0.6164
epoch 80/200 loss 0.7356 train 0.7834 test 0.6004
epoch 81/200 loss 0.7331 train 0.7841 test 0.6257
epoch 82/200 loss 0.7183 train 0.7890 test 0.6152
epoch 83/200 loss 0.7133 train 0.7914 test 0.6362
epoch 84/200 loss 0.7007 train 0.7958 test 0.6245
epoch 85/200 loss 0.6852 train 0.8010 test 0.6181
epoch 86/200 loss 0.6776 train 0.7993 test 0.6157
epoch 87/200 loss 0.6957 train 0.7953 test 0.6320
epoch 88/200 loss 0.6592 train 0.8077 test 0.6353
epoch 89/200 loss 0.6643 train 0.8051 test 0.6345
epoch 90/200 loss 0.6465 train 0.8085 test 0.6194
epoch 91/200 loss 0.6349 train 0.8135 test 0.6400
epoch 92/200 loss 0.6398 train 0.8111 test 0.6094
epoch 93/200 loss 0.6046 train 0.8198 test 0.6530
epoch 94/200 loss 0.6022 train 0.8225 test 0.6453
epoch 95/200 loss 0.6042 train 0.8221 test 0.6305
epoch 96/200 loss 0.5866 train 0.8259 test 0.6287
epoch 97/200 loss 0.5926 train 0.8238 test 0.6543
epoch 98/200 loss 0.5613 train 0.8332 test 0.6417
epoch 99/200 loss 0.5558 train 0.8357 test 0.6380
epoch 100/200 loss 0.5399 train 0.8403 test 0.6458
epoch 101/200 loss 0.5442 train 0.8390 test 0.6628
epoch 102/200 loss 0.5360 train 0.8401 test 0.6485
epoch 103/200 loss 0.5188 train 0.8476 test 0.6381
epoch 104/200 loss 0.5228 train 0.8456 test 0.6465
epoch 105/200 loss 0.4839 train 0.8571 test 0.6522
epoch 106/200 loss 0.4982 train 0.8524 test 0.6257
epoch 107/200 loss 0.4908 train 0.8541 test 0.6386
epoch 108/200 loss 0.4588 train 0.8650 test 0.6739
epoch 109/200 loss 0.4612 train 0.8629 test 0.6531
epoch 110/200 loss 0.4423 train 0.8715 test 0.6393
epoch 111/200 loss 0.4467 train 0.8666 test 0.6593
epoch 112/200 loss 0.4244 train 0.8744 test 0.6431
epoch 113/200 loss 0.4299 train 0.8736 test 0.6475
epoch 114/200 loss 0.4156 train 0.8770 test 0.6608
epoch 115/200 loss 0.3925 train 0.8862 test 0.6525
epoch 116/200 loss 0.3902 train 0.8849 test 0.6644
epoch 117/200 loss 0.3733 train 0.8907 test 0.6599
epoch 118/200 loss 0.3560 train 0.8977 test 0.6623
epoch 119/200 loss 0.3589 train 0.8965 test 0.6491
epoch 120/200 loss 0.3605 train 0.8948 test 0.6778
epoch 121/200 loss 0.3238 train 0.9066 test 0.6715
epoch 122/200 loss 0.3218 train 0.9074 test 0.6595
epoch 123/200 loss 0.3237 train 0.9062 test 0.6842
epoch 124/200 loss 0.3004 train 0.9137 test 0.6651
epoch 125/200 loss 0.2838 train 0.9196 test 0.6789
epoch 126/200 loss 0.2742 train 0.9211 test 0.6822
epoch 127/200 loss 0.2789 train 0.9203 test 0.6581
epoch 128/200 loss 0.2816 train 0.9194 test 0.6760
epoch 129/200 loss 0.2575 train 0.9282 test 0.6818
epoch 130/200 loss 0.2419 train 0.9341 test 0.6832
epoch 131/200 loss 0.2235 train 0.9374 test 0.6814
epoch 132/200 loss 0.2200 train 0.9399 test 0.6966
epoch 133/200 loss 0.2206 train 0.9389 test 0.6657
epoch 134/200 loss 0.2019 train 0.9458 test 0.6750
epoch 135/200 loss 0.2040 train 0.9452 test 0.6822
epoch 136/200 loss 0.1845 train 0.9518 test 0.6927
epoch 137/200 loss 0.1692 train 0.9568 test 0.7076
epoch 138/200 loss 0.1583 train 0.9605 test 0.6922
epoch 139/200 loss 0.1647 train 0.9577 test 0.6800
epoch 140/200 loss 0.1637 train 0.9581 test 0.7057
epoch 141/200 loss 0.1436 train 0.9643 test 0.7119
epoch 142/200 loss 0.1310 train 0.9690 test 0.7057
epoch 143/200 loss 0.1227 train 0.9710 test 0.7088
epoch 144/200 loss 0.1140 train 0.9739 test 0.7136
epoch 145/200 loss 0.0929 train 0.9809 test 0.7253
epoch 146/200 loss 0.0952 train 0.9795 test 0.7289
epoch 147/200 loss 0.0818 train 0.9848 test 0.7289
epoch 148/200 loss 0.0786 train 0.9853 test 0.7175
epoch 149/200 loss 0.0787 train 0.9848 test 0.7266
epoch 150/200 loss 0.0638 train 0.9895 test 0.7349
epoch 151/200 loss 0.0584 train 0.9910 test 0.7374
epoch 152/200 loss 0.0539 train 0.9919 test 0.7402
epoch 153/200 loss 0.0485 train 0.9937 test 0.7410
epoch 154/200 loss 0.0416 train 0.9953 test 0.7482
epoch 155/200 loss 0.0384 train 0.9959 test 0.7564
epoch 156/200 loss 0.0300 train 0.9978 test 0.7642
epoch 157/200 loss 0.0271 train 0.9981 test 0.7608
epoch 158/200 loss 0.0262 train 0.9982 test 0.7639
epoch 159/200 loss 0.0238 train 0.9986 test 0.7638
epoch 160/200 loss 0.0226 train 0.9989 test 0.7699
epoch 161/200 loss 0.0231 train 0.9988 test 0.7656
epoch 162/200 loss 0.0210 train 0.9993 test 0.7738
epoch 163/200 loss 0.0192 train 0.9994 test 0.7708
epoch 164/200 loss 0.0182 train 0.9994 test 0.7763
epoch 165/200 loss 0.0188 train 0.9993 test 0.7798
epoch 166/200 loss 0.0176 train 0.9995 test 0.7796
epoch 167/200 loss 0.0178 train 0.9994 test 0.7783
epoch 168/200 loss 0.0174 train 0.9994 test 0.7801
epoch 169/200 loss 0.0175 train 0.9994 test 0.7782
epoch 170/200 loss 0.0166 train 0.9996 test 0.7795
epoch 171/200 loss 0.0169 train 0.9995 test 0.7788
epoch 172/200 loss 0.0163 train 0.9995 test 0.7822
epoch 173/200 loss 0.0165 train 0.9994 test 0.7808
epoch 174/200 loss 0.0156 train 0.9997 test 0.7819
epoch 175/200 loss 0.0159 train 0.9995 test 0.7810
epoch 176/200 loss 0.0156 train 0.9996 test 0.7821
epoch 177/200 loss 0.0158 train 0.9996 test 0.7844
epoch 178/200 loss 0.0153 train 0.9996 test 0.7820
epoch 179/200 loss 0.0152 train 0.9996 test 0.7808
epoch 180/200 loss 0.0153 train 0.9996 test 0.7812
epoch 181/200 loss 0.0154 train 0.9996 test 0.7841
epoch 182/200 loss 0.0149 train 0.9997 test 0.7837
epoch 183/200 loss 0.0150 train 0.9996 test 0.7841
epoch 184/200 loss 0.0148 train 0.9997 test 0.7834
epoch 185/200 loss 0.0146 train 0.9996 test 0.7839
epoch 186/200 loss 0.0146 train 0.9997 test 0.7821
epoch 187/200 loss 0.0142 train 0.9996 test 0.7841
epoch 188/200 loss 0.0144 train 0.9997 test 0.7836
epoch 189/200 loss 0.0143 train 0.9998 test 0.7843
epoch 190/200 loss 0.0144 train 0.9996 test 0.7849
epoch 191/200 loss 0.0141 train 0.9998 test 0.7854
epoch 192/200 loss 0.0142 train 0.9998 test 0.7845
epoch 193/200 loss 0.0140 train 0.9998 test 0.7850
epoch 194/200 loss 0.0141 train 0.9997 test 0.7860
epoch 195/200 loss 0.0141 train 0.9997 test 0.7849
epoch 196/200 loss 0.0140 train 0.9997 test 0.7861
epoch 197/200 loss 0.0140 train 0.9998 test 0.7847
epoch 198/200 loss 0.0141 train 0.9997 test 0.7842
epoch 199/200 loss 0.0141 train 0.9997 test 0.7863
epoch 200/200 loss 0.0139 train 0.9998 test 0.7843
done: final 0.7843 best 0.7863 -> ./runs/auxmag_100pct_l30/seed2
AUXL_auxmag_100pct_l30_DONE
moment-aux target calibrated on 1024 images
[auxmag_10pct_l50 seed0] {"params_trainable": 11222188, "params_stem_trainable": 0, "params_stem_fixed_filters": 0, "flops_total": 556705792, "flops_stem": 0, "flops_image_size": 32}
epoch 1/200 loss 5.0393 train 0.0355 test 0.0532
epoch 2/200 loss 4.3278 train 0.0685 test 0.0740
epoch 3/200 loss 4.0858 train 0.0962 test 0.1001
epoch 4/200 loss 3.9011 train 0.1076 test 0.0999
epoch 5/200 loss 3.7639 train 0.1308 test 0.1208
epoch 6/200 loss 3.6539 train 0.1540 test 0.1372
epoch 7/200 loss 3.5643 train 0.1639 test 0.1412
epoch 8/200 loss 3.4267 train 0.1901 test 0.1389
epoch 9/200 loss 3.3259 train 0.2053 test 0.1663
epoch 10/200 loss 3.2346 train 0.2115 test 0.1480
epoch 11/200 loss 3.1405 train 0.2302 test 0.1872
epoch 12/200 loss 3.0507 train 0.2472 test 0.1869
epoch 13/200 loss 2.9428 train 0.2688 test 0.1817
epoch 14/200 loss 2.8628 train 0.2778 test 0.1902
epoch 15/200 loss 2.7286 train 0.2971 test 0.2106
epoch 16/200 loss 2.6501 train 0.3261 test 0.2381
epoch 17/200 loss 2.5342 train 0.3409 test 0.2288
epoch 18/200 loss 2.4861 train 0.3492 test 0.2539
epoch 19/200 loss 2.3825 train 0.3728 test 0.2440
epoch 20/200 loss 2.2988 train 0.3936 test 0.2681
epoch 21/200 loss 2.1713 train 0.4147 test 0.2516
epoch 22/200 loss 2.0613 train 0.4513 test 0.2626
epoch 23/200 loss 2.0061 train 0.4587 test 0.2824
epoch 24/200 loss 1.9089 train 0.4866 test 0.2633
epoch 25/200 loss 1.8197 train 0.5034 test 0.3035
epoch 26/200 loss 1.7010 train 0.5312 test 0.2952
epoch 27/200 loss 1.6186 train 0.5531 test 0.2712
epoch 28/200 loss 1.5630 train 0.5609 test 0.2767
epoch 29/200 loss 1.5075 train 0.5751 test 0.2892
epoch 30/200 loss 1.3950 train 0.6166 test 0.3225
epoch 31/200 loss 1.2915 train 0.6374 test 0.2848
epoch 32/200 loss 1.2459 train 0.6524 test 0.2961
epoch 33/200 loss 1.1689 train 0.6635 test 0.3069
epoch 34/200 loss 1.0864 train 0.6871 test 0.3050
epoch 35/200 loss 1.0093 train 0.7143 test 0.3016
epoch 36/200 loss 0.9299 train 0.7362 test 0.3087
epoch 37/200 loss 0.8913 train 0.7376 test 0.2862
epoch 38/200 loss 0.7743 train 0.7827 test 0.3120
epoch 39/200 loss 0.7495 train 0.7861 test 0.3133
epoch 40/200 loss 0.7291 train 0.7899 test 0.3232
epoch 41/200 loss 0.6380 train 0.8195 test 0.3226
epoch 42/200 loss 0.6182 train 0.8291 test 0.3346
epoch 43/200 loss 0.5605 train 0.8413 test 0.3133
epoch 44/200 loss 0.5499 train 0.8496 test 0.3361
epoch 45/200 loss 0.5003 train 0.8600 test 0.3441
epoch 46/200 loss 0.4291 train 0.8856 test 0.3371
epoch 47/200 loss 0.4145 train 0.8926 test 0.3506
epoch 48/200 loss 0.3928 train 0.8952 test 0.3546
epoch 49/200 loss 0.3331 train 0.9173 test 0.3479
epoch 50/200 loss 0.3501 train 0.9115 test 0.3690
epoch 51/200 loss 0.3346 train 0.9139 test 0.3525
epoch 52/200 loss 0.3295 train 0.9169 test 0.3459
epoch 53/200 loss 0.3058 train 0.9221 test 0.3396
epoch 54/200 loss 0.2918 train 0.9259 test 0.3400
epoch 55/200 loss 0.2322 train 0.9513 test 0.3620
epoch 56/200 loss 0.2211 train 0.9485 test 0.3488
epoch 57/200 loss 0.2493 train 0.9437 test 0.3528
epoch 58/200 loss 0.2661 train 0.9367 test 0.3259
epoch 59/200 loss 0.2421 train 0.9431 test 0.3373
epoch 60/200 loss 0.2237 train 0.9495 test 0.3403
epoch 61/200 loss 0.2057 train 0.9557 test 0.3563
epoch 62/200 loss 0.1669 train 0.9698 test 0.3682
epoch 63/200 loss 0.1494 train 0.9738 test 0.3596
epoch 64/200 loss 0.1311 train 0.9778 test 0.3788
epoch 65/200 loss 0.1160 train 0.9816 test 0.3605
epoch 66/200 loss 0.1018 train 0.9878 test 0.3745
epoch 67/200 loss 0.1022 train 0.9856 test 0.3813
epoch 68/200 loss 0.1131 train 0.9814 test 0.3930
epoch 69/200 loss 0.1005 train 0.9842 test 0.3785
epoch 70/200 loss 0.0817 train 0.9902 test 0.3767
epoch 71/200 loss 0.0719 train 0.9930 test 0.4032
epoch 72/200 loss 0.0670 train 0.9940 test 0.3992
epoch 73/200 loss 0.0521 train 0.9972 test 0.4074
epoch 74/200 loss 0.0427 train 0.9990 test 0.4181
epoch 75/200 loss 0.0385 train 0.9984 test 0.4152
epoch 76/200 loss 0.0359 train 0.9996 test 0.4153
epoch 77/200 loss 0.0315 train 0.9998 test 0.4264
epoch 78/200 loss 0.0293 train 0.9998 test 0.4239
epoch 79/200 loss 0.0278 train 0.9998 test 0.4250
epoch 80/200 loss 0.0275 train 0.9996 test 0.4285
epoch 81/200 loss 0.0284 train 0.9998 test 0.4265
epoch 82/200 loss 0.0270 train 0.9998 test 0.4267
epoch 83/200 loss 0.0275 train 0.9998 test 0.4293
epoch 84/200 loss 0.0274 train 0.9998 test 0.4298
epoch 85/200 loss 0.0270 train 0.9996 test 0.4292
epoch 86/200 loss 0.0268 train 0.9996 test 0.4285
epoch 87/200 loss 0.0252 train 0.9998 test 0.4302
epoch 88/200 loss 0.0252 train 0.9996 test 0.4324
epoch 89/200 loss 0.0249 train 0.9998 test 0.4328
epoch 90/200 loss 0.0251 train 0.9996 test 0.4294
epoch 91/200 loss 0.0246 train 0.9996 test 0.4294
epoch 92/200 loss 0.0238 train 0.9998 test 0.4340
epoch 93/200 loss 0.0238 train 0.9996 test 0.4315
epoch 94/200 loss 0.0229 train 0.9998 test 0.4349
epoch 95/200 loss 0.0234 train 0.9996 test 0.4323
epoch 96/200 loss 0.0229 train 0.9998 test 0.4339
epoch 97/200 loss 0.0264 train 0.9988 test 0.4239
epoch 98/200 loss 0.0376 train 0.9974 test 0.4138
epoch 99/200 loss 0.0302 train 0.9998 test 0.4251
epoch 100/200 loss 0.0258 train 0.9994 test 0.4302
epoch 101/200 loss 0.0230 train 0.9998 test 0.4330
epoch 102/200 loss 0.0218 train 0.9996 test 0.4320
epoch 103/200 loss 0.0213 train 0.9996 test 0.4354
epoch 104/200 loss 0.0205 train 0.9998 test 0.4343
epoch 105/200 loss 0.0209 train 0.9998 test 0.4355
epoch 106/200 loss 0.0200 train 0.9998 test 0.4316
epoch 107/200 loss 0.0192 train 0.9996 test 0.4368
epoch 108/200 loss 0.0200 train 0.9998 test 0.4332
epoch 109/200 loss 0.0199 train 0.9996 test 0.4362
epoch 110/200 loss 0.0198 train 0.9998 test 0.4351
epoch 111/200 loss 0.0195 train 0.9998 test 0.4322
epoch 112/200 loss 0.0192 train 0.9998 test 0.4292
epoch 113/200 loss 0.0275 train 0.9986 test 0.4080
epoch 114/200 loss 0.0265 train 0.9992 test 0.4117
epoch 115/200 loss 0.0228 train 0.9996 test 0.4306
epoch 116/200 loss 0.0208 train 1.0000 test 0.4327
epoch 117/200 loss 0.0183 train 0.9998 test 0.4369
epoch 118/200 loss 0.0201 train 0.9996 test 0.4335
epoch 119/200 loss 0.0182 train 0.9998 test 0.4352
epoch 120/200 loss 0.0186 train 0.9996 test 0.4287
epoch 121/200 loss 0.0267 train 0.9984 test 0.4095
epoch 122/200 loss 0.0263 train 0.9996 test 0.4264
epoch 123/200 loss 0.0201 train 0.9998 test 0.4288
epoch 124/200 loss 0.0179 train 1.0000 test 0.4283
epoch 125/200 loss 0.0174 train 0.9994 test 0.4301
epoch 126/200 loss 0.0180 train 0.9996 test 0.4331
epoch 127/200 loss 0.0207 train 0.9992 test 0.4132
epoch 128/200 loss 0.0225 train 0.9994 test 0.4148
epoch 129/200 loss 0.0262 train 0.9984 test 0.4120
epoch 130/200 loss 0.0253 train 0.9992 test 0.4140
epoch 131/200 loss 0.0288 train 0.9980 test 0.3981
epoch 132/200 loss 0.0259 train 0.9998 test 0.4183
epoch 133/200 loss 0.0207 train 0.9996 test 0.4273
epoch 134/200 loss 0.0181 train 0.9998 test 0.4273
epoch 135/200 loss 0.0166 train 0.9996 test 0.4314
epoch 136/200 loss 0.0159 train 0.9998 test 0.4347
epoch 137/200 loss 0.0152 train 0.9996 test 0.4333
epoch 138/200 loss 0.0147 train 0.9998 test 0.4323
epoch 139/200 loss 0.0147 train 0.9998 test 0.4343
epoch 140/200 loss 0.0148 train 0.9998 test 0.4342
epoch 141/200 loss 0.0147 train 0.9998 test 0.4356
epoch 142/200 loss 0.0142 train 0.9996 test 0.4337
epoch 143/200 loss 0.0140 train 0.9998 test 0.4349
epoch 144/200 loss 0.0140 train 0.9998 test 0.4344
epoch 145/200 loss 0.0141 train 0.9998 test 0.4333
epoch 146/200 loss 0.0138 train 0.9998 test 0.4343
epoch 147/200 loss 0.0133 train 0.9996 test 0.4355
epoch 148/200 loss 0.0133 train 0.9996 test 0.4343
epoch 149/200 loss 0.0136 train 0.9998 test 0.4335
epoch 150/200 loss 0.0133 train 0.9998 test 0.4366
epoch 151/200 loss 0.0131 train 0.9998 test 0.4332
epoch 152/200 loss 0.0134 train 0.9998 test 0.4342
epoch 153/200 loss 0.0128 train 0.9998 test 0.4335
epoch 154/200 loss 0.0131 train 0.9996 test 0.4353
epoch 155/200 loss 0.0133 train 0.9998 test 0.4349
epoch 156/200 loss 0.0130 train 0.9998 test 0.4343
epoch 157/200 loss 0.0127 train 0.9998 test 0.4341
epoch 158/200 loss 0.0128 train 0.9998 test 0.4350
epoch 159/200 loss 0.0128 train 1.0000 test 0.4378
epoch 160/200 loss 0.0129 train 0.9996 test 0.4355
epoch 161/200 loss 0.0128 train 1.0000 test 0.4345
epoch 162/200 loss 0.0129 train 0.9996 test 0.4361
epoch 163/200 loss 0.0125 train 0.9996 test 0.4357
epoch 164/200 loss 0.0126 train 0.9998 test 0.4374
epoch 165/200 loss 0.0124 train 0.9998 test 0.4334
epoch 166/200 loss 0.0129 train 0.9996 test 0.4343
epoch 167/200 loss 0.0130 train 1.0000 test 0.4356
epoch 168/200 loss 0.0127 train 1.0000 test 0.4353
epoch 169/200 loss 0.0129 train 1.0000 test 0.4352
epoch 170/200 loss 0.0126 train 0.9998 test 0.4346
epoch 171/200 loss 0.0125 train 0.9998 test 0.4354
epoch 172/200 loss 0.0128 train 0.9998 test 0.4353
epoch 173/200 loss 0.0129 train 0.9998 test 0.4363
epoch 174/200 loss 0.0126 train 0.9998 test 0.4350
epoch 175/200 loss 0.0125 train 1.0000 test 0.4342
epoch 176/200 loss 0.0125 train 0.9998 test 0.4348
epoch 177/200 loss 0.0123 train 0.9998 test 0.4352
epoch 178/200 loss 0.0129 train 0.9998 test 0.4346
epoch 179/200 loss 0.0125 train 0.9998 test 0.4342
epoch 180/200 loss 0.0126 train 0.9998 test 0.4338
epoch 181/200 loss 0.0129 train 1.0000 test 0.4356
epoch 182/200 loss 0.0124 train 1.0000 test 0.4342
epoch 183/200 loss 0.0122 train 1.0000 test 0.4359
epoch 184/200 loss 0.0123 train 1.0000 test 0.4346
epoch 185/200 loss 0.0122 train 1.0000 test 0.4338
epoch 186/200 loss 0.0124 train 0.9998 test 0.4355
epoch 187/200 loss 0.0124 train 1.0000 test 0.4352
epoch 188/200 loss 0.0123 train 0.9996 test 0.4354
epoch 189/200 loss 0.0122 train 1.0000 test 0.4363
epoch 190/200 loss 0.0124 train 0.9998 test 0.4358
epoch 191/200 loss 0.0118 train 1.0000 test 0.4369
epoch 192/200 loss 0.0118 train 1.0000 test 0.4359
epoch 193/200 loss 0.0121 train 0.9998 test 0.4352
epoch 194/200 loss 0.0122 train 1.0000 test 0.4370
epoch 195/200 loss 0.0119 train 0.9998 test 0.4366
epoch 196/200 loss 0.0119 train 0.9998 test 0.4350
epoch 197/200 loss 0.0119 train 1.0000 test 0.4355
epoch 198/200 loss 0.0123 train 0.9996 test 0.4358
epoch 199/200 loss 0.0120 train 1.0000 test 0.4338
epoch 200/200 loss 0.0119 train 1.0000 test 0.4338
done: final 0.4338 best 0.4378 -> ./runs/auxmag_10pct_l50/seed0
moment-aux target calibrated on 1024 images
[auxmag_10pct_l50 seed1] {"params_trainable": 11222188, "params_stem_trainable": 0, "params_stem_fixed_filters": 0, "flops_total": 556705792, "flops_stem": 0, "flops_image_size": 32}
epoch 1/200 loss 5.0335 train 0.0321 test 0.0501
epoch 2/200 loss 4.3648 train 0.0599 test 0.0796
epoch 3/200 loss 4.0785 train 0.0923 test 0.0944
epoch 4/200 loss 3.9205 train 0.1136 test 0.1021
epoch 5/200 loss 3.8068 train 0.1218 test 0.1237
epoch 6/200 loss 3.6440 train 0.1466 test 0.1268
epoch 7/200 loss 3.5478 train 0.1679 test 0.1423
epoch 8/200 loss 3.4289 train 0.1855 test 0.1666
epoch 9/200 loss 3.3493 train 0.1947 test 0.1478
epoch 10/200 loss 3.2392 train 0.2161 test 0.1495
epoch 11/200 loss 3.1429 train 0.2216 test 0.1560
epoch 12/200 loss 3.0460 train 0.2444 test 0.1550
epoch 13/200 loss 2.9227 train 0.2666 test 0.1944
epoch 14/200 loss 2.8313 train 0.2853 test 0.2226
epoch 15/200 loss 2.7461 train 0.3041 test 0.2275
epoch 16/200 loss 2.6244 train 0.3223 test 0.2148
epoch 17/200 loss 2.5293 train 0.3472 test 0.2278
epoch 18/200 loss 2.4373 train 0.3670 test 0.2511
epoch 19/200 loss 2.3471 train 0.3824 test 0.2707
epoch 20/200 loss 2.2319 train 0.4111 test 0.2217
epoch 21/200 loss 2.1686 train 0.4201 test 0.2883
epoch 22/200 loss 2.0555 train 0.4481 test 0.2800
epoch 23/200 loss 1.9873 train 0.4593 test 0.2623
epoch 24/200 loss 1.8564 train 0.4952 test 0.2850
epoch 25/200 loss 1.7908 train 0.5114 test 0.2815
epoch 26/200 loss 1.7439 train 0.5200 test 0.3041
epoch 27/200 loss 1.6246 train 0.5451 test 0.3072
epoch 28/200 loss 1.5339 train 0.5699 test 0.3126
epoch 29/200 loss 1.4444 train 0.5970 test 0.3222
epoch 30/200 loss 1.3715 train 0.6092 test 0.3095
epoch 31/200 loss 1.2958 train 0.6276 test 0.3050
epoch 32/200 loss 1.2063 train 0.6476 test 0.3018
epoch 33/200 loss 1.1760 train 0.6637 test 0.3126
epoch 34/200 loss 1.0489 train 0.7027 test 0.3226
epoch 35/200 loss 0.9868 train 0.7081 test 0.3300
epoch 36/200 loss 0.9581 train 0.7198 test 0.2872
epoch 37/200 loss 0.8788 train 0.7474 test 0.3361
epoch 38/200 loss 0.8050 train 0.7712 test 0.3359
epoch 39/200 loss 0.7515 train 0.7837 test 0.3382
epoch 40/200 loss 0.6807 train 0.8087 test 0.3177
epoch 41/200 loss 0.7171 train 0.7963 test 0.3125
epoch 42/200 loss 0.5829 train 0.8413 test 0.3565
epoch 43/200 loss 0.5003 train 0.8712 test 0.3329
epoch 44/200 loss 0.5109 train 0.8572 test 0.3298
epoch 45/200 loss 0.4788 train 0.8678 test 0.3450
epoch 46/200 loss 0.4420 train 0.8820 test 0.3371
epoch 47/200 loss 0.4462 train 0.8808 test 0.3156
epoch 48/200 loss 0.3902 train 0.8978 test 0.3454
epoch 49/200 loss 0.3395 train 0.9131 test 0.3548
epoch 50/200 loss 0.3325 train 0.9155 test 0.3561
epoch 51/200 loss 0.3391 train 0.9125 test 0.3399
epoch 52/200 loss 0.2733 train 0.9375 test 0.3525
epoch 53/200 loss 0.2587 train 0.9343 test 0.3641
epoch 54/200 loss 0.2852 train 0.9319 test 0.3212
epoch 55/200 loss 0.2694 train 0.9353 test 0.3478
epoch 56/200 loss 0.2448 train 0.9443 test 0.3614
epoch 57/200 loss 0.2021 train 0.9559 test 0.3647
epoch 58/200 loss 0.1725 train 0.9673 test 0.3668
epoch 59/200 loss 0.1644 train 0.9694 test 0.3812
epoch 60/200 loss 0.1317 train 0.9798 test 0.3873
epoch 61/200 loss 0.1276 train 0.9788 test 0.3699
epoch 62/200 loss 0.1254 train 0.9806 test 0.3600
epoch 63/200 loss 0.1243 train 0.9802 test 0.3629
epoch 64/200 loss 0.1319 train 0.9748 test 0.3656
epoch 65/200 loss 0.1184 train 0.9810 test 0.3782
epoch 66/200 loss 0.1025 train 0.9854 test 0.3949
epoch 67/200 loss 0.0807 train 0.9918 test 0.3902
epoch 68/200 loss 0.0798 train 0.9922 test 0.3924
epoch 69/200 loss 0.0694 train 0.9938 test 0.3997
epoch 70/200 loss 0.0699 train 0.9936 test 0.4076
epoch 71/200 loss 0.0581 train 0.9954 test 0.3933
epoch 72/200 loss 0.0738 train 0.9922 test 0.3883
epoch 73/200 loss 0.0581 train 0.9962 test 0.4112
epoch 74/200 loss 0.0471 train 0.9974 test 0.4160
epoch 75/200 loss 0.0364 train 0.9988 test 0.4167
epoch 76/200 loss 0.0372 train 0.9984 test 0.4181
epoch 77/200 loss 0.0329 train 1.0000 test 0.4231
epoch 78/200 loss 0.0298 train 0.9994 test 0.4289
epoch 79/200 loss 0.0279 train 0.9998 test 0.4294
epoch 80/200 loss 0.0266 train 0.9998 test 0.4282
epoch 81/200 loss 0.0267 train 0.9996 test 0.4306
epoch 82/200 loss 0.0252 train 0.9998 test 0.4337
epoch 83/200 loss 0.0250 train 0.9998 test 0.4358
epoch 84/200 loss 0.0247 train 0.9996 test 0.4336
epoch 85/200 loss 0.0243 train 0.9998 test 0.4351
epoch 86/200 loss 0.0244 train 0.9996 test 0.4326
epoch 87/200 loss 0.0229 train 0.9998 test 0.4376
epoch 88/200 loss 0.0232 train 0.9998 test 0.4344
epoch 89/200 loss 0.0229 train 0.9996 test 0.4340
epoch 90/200 loss 0.0230 train 0.9998 test 0.4324
epoch 91/200 loss 0.0224 train 0.9996 test 0.4359
epoch 92/200 loss 0.0221 train 0.9994 test 0.4340
epoch 93/200 loss 0.0217 train 0.9998 test 0.4347
epoch 94/200 loss 0.0221 train 0.9998 test 0.4349
epoch 95/200 loss 0.0215 train 0.9996 test 0.4324
epoch 96/200 loss 0.0218 train 0.9996 test 0.4356
epoch 97/200 loss 0.0210 train 0.9998 test 0.4339
epoch 98/200 loss 0.0201 train 0.9996 test 0.4307
epoch 99/200 loss 0.0200 train 0.9998 test 0.4369
epoch 100/200 loss 0.0201 train 0.9996 test 0.4278
epoch 101/200 loss 0.0200 train 0.9996 test 0.4342
epoch 102/200 loss 0.0192 train 0.9998 test 0.4358
epoch 103/200 loss 0.0191 train 0.9998 test 0.4352
epoch 104/200 loss 0.0193 train 0.9998 test 0.4309
epoch 105/200 loss 0.0186 train 0.9998 test 0.4308
epoch 106/200 loss 0.0191 train 0.9998 test 0.4329
epoch 107/200 loss 0.0184 train 0.9998 test 0.4317
epoch 108/200 loss 0.0180 train 0.9998 test 0.4341
epoch 109/200 loss 0.0176 train 0.9996 test 0.4276
epoch 110/200 loss 0.0183 train 0.9996 test 0.4304
epoch 111/200 loss 0.0413 train 0.9952 test 0.3916
epoch 112/200 loss 0.0773 train 0.9916 test 0.3579
epoch 113/200 loss 0.1586 train 0.9750 test 0.3393
epoch 114/200 loss 0.2494 train 0.9505 test 0.2919
epoch 115/200 loss 0.4867 train 0.8734 test 0.2963
epoch 116/200 loss 0.5176 train 0.8694 test 0.3050
epoch 117/200 loss 0.4161 train 0.8946 test 0.3105
epoch 118/200 loss 0.2933 train 0.9339 test 0.3488
epoch 119/200 loss 0.1966 train 0.9621 test 0.3592
epoch 120/200 loss 0.1255 train 0.9808 test 0.3890
epoch 121/200 loss 0.0832 train 0.9908 test 0.3956
epoch 122/200 loss 0.0596 train 0.9952 test 0.4111
epoch 123/200 loss 0.0444 train 0.9974 test 0.4163
epoch 124/200 loss 0.0338 train 0.9996 test 0.4228
epoch 125/200 loss 0.0296 train 0.9990 test 0.4221
epoch 126/200 loss 0.0270 train 0.9990 test 0.4294
epoch 127/200 loss 0.0231 train 0.9998 test 0.4328
epoch 128/200 loss 0.0218 train 0.9996 test 0.4329
epoch 129/200 loss 0.0205 train 0.9996 test 0.4349
epoch 130/200 loss 0.0200 train 0.9998 test 0.4330
epoch 131/200 loss 0.0186 train 0.9996 test 0.4341
epoch 132/200 loss 0.0183 train 1.0000 test 0.4344
epoch 133/200 loss 0.0178 train 1.0000 test 0.4350
epoch 134/200 loss 0.0179 train 1.0000 test 0.4355
epoch 135/200 loss 0.0169 train 0.9996 test 0.4348
epoch 136/200 loss 0.0176 train 0.9996 test 0.4321
epoch 137/200 loss 0.0167 train 0.9998 test 0.4344
epoch 138/200 loss 0.0166 train 0.9998 test 0.4336
epoch 139/200 loss 0.0164 train 0.9996 test 0.4375
epoch 140/200 loss 0.0160 train 0.9998 test 0.4384
epoch 141/200 loss 0.0160 train 0.9998 test 0.4349
epoch 142/200 loss 0.0154 train 0.9998 test 0.4365
epoch 143/200 loss 0.0152 train 0.9998 test 0.4378
epoch 144/200 loss 0.0154 train 0.9998 test 0.4372
epoch 145/200 loss 0.0153 train 1.0000 test 0.4354
epoch 146/200 loss 0.0156 train 0.9998 test 0.4347
epoch 147/200 loss 0.0155 train 0.9996 test 0.4358
epoch 148/200 loss 0.0155 train 0.9996 test 0.4364
epoch 149/200 loss 0.0146 train 1.0000 test 0.4359
epoch 150/200 loss 0.0145 train 0.9998 test 0.4360
epoch 151/200 loss 0.0147 train 0.9998 test 0.4357
epoch 152/200 loss 0.0151 train 0.9998 test 0.4362
epoch 153/200 loss 0.0145 train 0.9998 test 0.4389
epoch 154/200 loss 0.0146 train 0.9998 test 0.4361
epoch 155/200 loss 0.0150 train 0.9996 test 0.4370
epoch 156/200 loss 0.0143 train 0.9998 test 0.4381
epoch 157/200 loss 0.0145 train 0.9998 test 0.4372
epoch 158/200 loss 0.0141 train 0.9996 test 0.4355
epoch 159/200 loss 0.0140 train 1.0000 test 0.4362
epoch 160/200 loss 0.0137 train 1.0000 test 0.4369
epoch 161/200 loss 0.0138 train 1.0000 test 0.4359
epoch 162/200 loss 0.0141 train 0.9998 test 0.4366
epoch 163/200 loss 0.0142 train 0.9996 test 0.4386
epoch 164/200 loss 0.0141 train 0.9998 test 0.4369
epoch 165/200 loss 0.0138 train 0.9998 test 0.4379
epoch 166/200 loss 0.0143 train 1.0000 test 0.4386
epoch 167/200 loss 0.0135 train 0.9998 test 0.4365
epoch 168/200 loss 0.0139 train 0.9998 test 0.4384
epoch 169/200 loss 0.0135 train 1.0000 test 0.4370
epoch 170/200 loss 0.0137 train 1.0000 test 0.4377
epoch 171/200 loss 0.0136 train 1.0000 test 0.4383
epoch 172/200 loss 0.0133 train 1.0000 test 0.4380
epoch 173/200 loss 0.0136 train 0.9998 test 0.4362
epoch 174/200 loss 0.0131 train 0.9998 test 0.4379
epoch 175/200 loss 0.0131 train 0.9998 test 0.4378
epoch 176/200 loss 0.0132 train 1.0000 test 0.4368
epoch 177/200 loss 0.0132 train 0.9998 test 0.4361
epoch 178/200 loss 0.0136 train 0.9998 test 0.4369
epoch 179/200 loss 0.0137 train 0.9998 test 0.4360
epoch 180/200 loss 0.0134 train 1.0000 test 0.4372
epoch 181/200 loss 0.0130 train 1.0000 test 0.4365
epoch 182/200 loss 0.0133 train 1.0000 test 0.4380
epoch 183/200 loss 0.0131 train 0.9998 test 0.4386
epoch 184/200 loss 0.0133 train 0.9998 test 0.4386
epoch 185/200 loss 0.0136 train 0.9998 test 0.4376
epoch 186/200 loss 0.0132 train 1.0000 test 0.4363
epoch 187/200 loss 0.0129 train 1.0000 test 0.4380
epoch 188/200 loss 0.0129 train 1.0000 test 0.4375
epoch 189/200 loss 0.0132 train 0.9998 test 0.4381
epoch 190/200 loss 0.0132 train 1.0000 test 0.4370
epoch 191/200 loss 0.0131 train 1.0000 test 0.4381
epoch 192/200 loss 0.0135 train 1.0000 test 0.4381
epoch 193/200 loss 0.0135 train 1.0000 test 0.4357
epoch 194/200 loss 0.0130 train 1.0000 test 0.4372
epoch 195/200 loss 0.0137 train 0.9998 test 0.4369
epoch 196/200 loss 0.0137 train 0.9998 test 0.4365
epoch 197/200 loss 0.0135 train 1.0000 test 0.4378
epoch 198/200 loss 0.0133 train 1.0000 test 0.4379
epoch 199/200 loss 0.0135 train 1.0000 test 0.4385
epoch 200/200 loss 0.0136 train 1.0000 test 0.4377
done: final 0.4377 best 0.4389 -> ./runs/auxmag_10pct_l50/seed1
moment-aux target calibrated on 1024 images
[auxmag_10pct_l50 seed2] {"params_trainable": 11222188, "params_stem_trainable": 0, "params_stem_fixed_filters": 0, "flops_total": 556705792, "flops_stem": 0, "flops_image_size": 32}
epoch 1/200 loss 5.0019 train 0.0375 test 0.0553
epoch 2/200 loss 4.3394 train 0.0701 test 0.0844
epoch 3/200 loss 4.0792 train 0.0958 test 0.0926
epoch 4/200 loss 3.8899 train 0.1166 test 0.1061
epoch 5/200 loss 3.7691 train 0.1370 test 0.1277
epoch 6/200 loss 3.6370 train 0.1556 test 0.1362
epoch 7/200 loss 3.5486 train 0.1601 test 0.1325
epoch 8/200 loss 3.4291 train 0.1911 test 0.1633
epoch 9/200 loss 3.3532 train 0.1921 test 0.1665
epoch 10/200 loss 3.2338 train 0.2159 test 0.1559
epoch 11/200 loss 3.1406 train 0.2324 test 0.1674
epoch 12/200 loss 3.0102 train 0.2470 test 0.1718
epoch 13/200 loss 2.9316 train 0.2628 test 0.1793
epoch 14/200 loss 2.8248 train 0.2827 test 0.2109
epoch 15/200 loss 2.7288 train 0.2993 test 0.2127
epoch 16/200 loss 2.6170 train 0.3279 test 0.2154
epoch 17/200 loss 2.5290 train 0.3429 test 0.2493
epoch 18/200 loss 2.4002 train 0.3738 test 0.2514
epoch 19/200 loss 2.3423 train 0.3784 test 0.2516
epoch 20/200 loss 2.2310 train 0.4038 test 0.2796
epoch 21/200 loss 2.1094 train 0.4375 test 0.2631
epoch 22/200 loss 2.0678 train 0.4455 test 0.2854
epoch 23/200 loss 1.9301 train 0.4798 test 0.2400
epoch 24/200 loss 1.8736 train 0.4906 test 0.3056
epoch 25/200 loss 1.7497 train 0.5246 test 0.2931
epoch 26/200 loss 1.6802 train 0.5401 test 0.2854
epoch 27/200 loss 1.6157 train 0.5467 test 0.2745
epoch 28/200 loss 1.4881 train 0.5807 test 0.3062
epoch 29/200 loss 1.4279 train 0.5966 test 0.2996
epoch 30/200 loss 1.3578 train 0.6124 test 0.3059
epoch 31/200 loss 1.2631 train 0.6444 test 0.3127
epoch 32/200 loss 1.2020 train 0.6569 test 0.2876
epoch 33/200 loss 1.1034 train 0.6827 test 0.3042
epoch 34/200 loss 1.0263 train 0.7085 test 0.3204
epoch 35/200 loss 0.9615 train 0.7246 test 0.3046
epoch 36/200 loss 0.9067 train 0.7368 test 0.2974
epoch 37/200 loss 0.8780 train 0.7514 test 0.3187
epoch 38/200 loss 0.8052 train 0.7748 test 0.3334
epoch 39/200 loss 0.7415 train 0.7887 test 0.3323
epoch 40/200 loss 0.6401 train 0.8225 test 0.3392
epoch 41/200 loss 0.6337 train 0.8247 test 0.3115
epoch 42/200 loss 0.5802 train 0.8377 test 0.3220
epoch 43/200 loss 0.5540 train 0.8466 test 0.3118
epoch 44/200 loss 0.4934 train 0.8672 test 0.3465
epoch 45/200 loss 0.4647 train 0.8778 test 0.3302
epoch 46/200 loss 0.4632 train 0.8754 test 0.3259
epoch 47/200 loss 0.4283 train 0.8882 test 0.3281
epoch 48/200 loss 0.3837 train 0.9022 test 0.3250
epoch 49/200 loss 0.3448 train 0.9123 test 0.3649
epoch 50/200 loss 0.3227 train 0.9207 test 0.3578
epoch 51/200 loss 0.2956 train 0.9287 test 0.3410
epoch 52/200 loss 0.2840 train 0.9291 test 0.3538
epoch 53/200 loss 0.3177 train 0.9243 test 0.3467
epoch 54/200 loss 0.3017 train 0.9275 test 0.3551
epoch 55/200 loss 0.3211 train 0.9181 test 0.3448
epoch 56/200 loss 0.2798 train 0.9297 test 0.3517
epoch 57/200 loss 0.2496 train 0.9395 test 0.3554
epoch 58/200 loss 0.2260 train 0.9491 test 0.3558
epoch 59/200 loss 0.1967 train 0.9563 test 0.3499
epoch 60/200 loss 0.1794 train 0.9625 test 0.3673
epoch 61/200 loss 0.1628 train 0.9702 test 0.3594
epoch 62/200 loss 0.1434 train 0.9738 test 0.3881
epoch 63/200 loss 0.1157 train 0.9852 test 0.3790
epoch 64/200 loss 0.1045 train 0.9856 test 0.3815
epoch 65/200 loss 0.1032 train 0.9870 test 0.3801
epoch 66/200 loss 0.0876 train 0.9892 test 0.3846
epoch 67/200 loss 0.0825 train 0.9904 test 0.4029
epoch 68/200 loss 0.0682 train 0.9940 test 0.4011
epoch 69/200 loss 0.0646 train 0.9942 test 0.4026
epoch 70/200 loss 0.0539 train 0.9968 test 0.4055
epoch 71/200 loss 0.0540 train 0.9956 test 0.4105
epoch 72/200 loss 0.0487 train 0.9980 test 0.4127
epoch 73/200 loss 0.0440 train 0.9984 test 0.4149
epoch 74/200 loss 0.0540 train 0.9950 test 0.4060
epoch 75/200 loss 0.0477 train 0.9976 test 0.4098
epoch 76/200 loss 0.0407 train 0.9982 test 0.4160
epoch 77/200 loss 0.0331 train 0.9998 test 0.4289
epoch 78/200 loss 0.0323 train 0.9996 test 0.4246
epoch 79/200 loss 0.0300 train 0.9996 test 0.4280
epoch 80/200 loss 0.0289 train 0.9996 test 0.4249
epoch 81/200 loss 0.0288 train 1.0000 test 0.4286
epoch 82/200 loss 0.0284 train 0.9998 test 0.4297
epoch 83/200 loss 0.0275 train 0.9998 test 0.4259
epoch 84/200 loss 0.0281 train 0.9998 test 0.4302
epoch 85/200 loss 0.0303 train 0.9988 test 0.4173
epoch 86/200 loss 0.0353 train 0.9984 test 0.4204
epoch 87/200 loss 0.0308 train 0.9994 test 0.4232
epoch 88/200 loss 0.0274 train 0.9996 test 0.4275
epoch 89/200 loss 0.0264 train 0.9996 test 0.4257
epoch 90/200 loss 0.0288 train 0.9994 test 0.4254
epoch 91/200 loss 0.0249 train 0.9998 test 0.4326
epoch 92/200 loss 0.0256 train 0.9996 test 0.4276
epoch 93/200 loss 0.0296 train 0.9988 test 0.4170
epoch 94/200 loss 0.0272 train 0.9998 test 0.4237
epoch 95/200 loss 0.0245 train 0.9996 test 0.4293
epoch 96/200 loss 0.0235 train 0.9998 test 0.4256
epoch 97/200 loss 0.0232 train 0.9998 test 0.4281
epoch 98/200 loss 0.0223 train 0.9998 test 0.4289
epoch 99/200 loss 0.0237 train 0.9992 test 0.4288
epoch 100/200 loss 0.0300 train 0.9978 test 0.4034
epoch 101/200 loss 0.0599 train 0.9948 test 0.3784
epoch 102/200 loss 0.0764 train 0.9930 test 0.3810
epoch 103/200 loss 0.1091 train 0.9864 test 0.3498
epoch 104/200 loss 0.2632 train 0.9411 test 0.2779
epoch 105/200 loss 0.5469 train 0.8532 test 0.2855
epoch 106/200 loss 0.5976 train 0.8427 test 0.2814
epoch 107/200 loss 0.4293 train 0.8932 test 0.3295
epoch 108/200 loss 0.3107 train 0.9295 test 0.3443
epoch 109/200 loss 0.2140 train 0.9573 test 0.3711
epoch 110/200 loss 0.1407 train 0.9772 test 0.3780
epoch 111/200 loss 0.1023 train 0.9872 test 0.3807
epoch 112/200 loss 0.0886 train 0.9890 test 0.3948
epoch 113/200 loss 0.0635 train 0.9940 test 0.4114
epoch 114/200 loss 0.0399 train 0.9990 test 0.4239
epoch 115/200 loss 0.0315 train 0.9998 test 0.4279
epoch 116/200 loss 0.0287 train 0.9998 test 0.4286
epoch 117/200 loss 0.0268 train 0.9996 test 0.4293
epoch 118/200 loss 0.0248 train 0.9996 test 0.4331
epoch 119/200 loss 0.0242 train 0.9996 test 0.4332
epoch 120/200 loss 0.0233 train 0.9996 test 0.4336
epoch 121/200 loss 0.0216 train 1.0000 test 0.4346
epoch 122/200 loss 0.0217 train 0.9998 test 0.4349
epoch 123/200 loss 0.0208 train 0.9998 test 0.4343
epoch 124/200 loss 0.0213 train 0.9998 test 0.4358
epoch 125/200 loss 0.0205 train 0.9996 test 0.4346
epoch 126/200 loss 0.0205 train 0.9996 test 0.4331
epoch 127/200 loss 0.0204 train 0.9998 test 0.4314
epoch 128/200 loss 0.0191 train 0.9998 test 0.4305
epoch 129/200 loss 0.0196 train 0.9996 test 0.4327
epoch 130/200 loss 0.0191 train 0.9998 test 0.4316
epoch 131/200 loss 0.0190 train 0.9998 test 0.4331
epoch 132/200 loss 0.0188 train 1.0000 test 0.4319
epoch 133/200 loss 0.0187 train 0.9996 test 0.4311
epoch 134/200 loss 0.0185 train 0.9998 test 0.4306
epoch 135/200 loss 0.0178 train 0.9996 test 0.4332
epoch 136/200 loss 0.0179 train 0.9996 test 0.4313
epoch 137/200 loss 0.0177 train 0.9996 test 0.4328
epoch 138/200 loss 0.0174 train 0.9996 test 0.4327
epoch 139/200 loss 0.0177 train 0.9998 test 0.4317
epoch 140/200 loss 0.0175 train 0.9998 test 0.4322
epoch 141/200 loss 0.0172 train 0.9996 test 0.4309
epoch 142/200 loss 0.0170 train 0.9998 test 0.4316
epoch 143/200 loss 0.0165 train 0.9998 test 0.4330
epoch 144/200 loss 0.0170 train 0.9998 test 0.4312
epoch 145/200 loss 0.0168 train 0.9998 test 0.4321
epoch 146/200 loss 0.0169 train 0.9998 test 0.4327
epoch 147/200 loss 0.0166 train 0.9998 test 0.4333
epoch 148/200 loss 0.0170 train 0.9996 test 0.4319
epoch 149/200 loss 0.0166 train 0.9998 test 0.4320
epoch 150/200 loss 0.0170 train 0.9998 test 0.4318
epoch 151/200 loss 0.0165 train 0.9996 test 0.4325
epoch 152/200 loss 0.0165 train 1.0000 test 0.4332
epoch 153/200 loss 0.0165 train 0.9996 test 0.4323
epoch 154/200 loss 0.0159 train 1.0000 test 0.4310
epoch 155/200 loss 0.0165 train 0.9996 test 0.4319
epoch 156/200 loss 0.0159 train 0.9998 test 0.4347
epoch 157/200 loss 0.0162 train 0.9998 test 0.4329
epoch 158/200 loss 0.0158 train 0.9996 test 0.4310
epoch 159/200 loss 0.0153 train 1.0000 test 0.4324
epoch 160/200 loss 0.0156 train 0.9998 test 0.4315
epoch 161/200 loss 0.0152 train 0.9998 test 0.4326
epoch 162/200 loss 0.0158 train 0.9998 test 0.4333
epoch 163/200 loss 0.0152 train 1.0000 test 0.4321
epoch 164/200 loss 0.0156 train 0.9996 test 0.4339
epoch 165/200 loss 0.0154 train 0.9998 test 0.4344
epoch 166/200 loss 0.0153 train 1.0000 test 0.4320
epoch 167/200 loss 0.0155 train 0.9998 test 0.4334
epoch 168/200 loss 0.0155 train 1.0000 test 0.4323
epoch 169/200 loss 0.0149 train 0.9998 test 0.4326
epoch 170/200 loss 0.0156 train 1.0000 test 0.4331
epoch 171/200 loss 0.0157 train 1.0000 test 0.4345
epoch 172/200 loss 0.0152 train 0.9998 test 0.4333
epoch 173/200 loss 0.0152 train 0.9998 test 0.4332
epoch 174/200 loss 0.0153 train 0.9998 test 0.4342
epoch 175/200 loss 0.0152 train 0.9998 test 0.4327
epoch 176/200 loss 0.0152 train 1.0000 test 0.4334
epoch 177/200 loss 0.0152 train 0.9998 test 0.4328
epoch 178/200 loss 0.0146 train 0.9998 test 0.4353
epoch 179/200 loss 0.0147 train 1.0000 test 0.4358
epoch 180/200 loss 0.0147 train 0.9998 test 0.4335
epoch 181/200 loss 0.0158 train 0.9998 test 0.4348
epoch 182/200 loss 0.0151 train 1.0000 test 0.4345
epoch 183/200 loss 0.0148 train 1.0000 test 0.4362
epoch 184/200 loss 0.0147 train 0.9998 test 0.4353
epoch 185/200 loss 0.0150 train 0.9998 test 0.4327
epoch 186/200 loss 0.0151 train 1.0000 test 0.4324
epoch 187/200 loss 0.0152 train 1.0000 test 0.4335
epoch 188/200 loss 0.0148 train 0.9998 test 0.4333
epoch 189/200 loss 0.0147 train 1.0000 test 0.4329
epoch 190/200 loss 0.0147 train 1.0000 test 0.4329
epoch 191/200 loss 0.0153 train 1.0000 test 0.4330
epoch 192/200 loss 0.0151 train 0.9998 test 0.4339
epoch 193/200 loss 0.0148 train 0.9998 test 0.4331
epoch 194/200 loss 0.0145 train 0.9998 test 0.4331
epoch 195/200 loss 0.0156 train 1.0000 test 0.4341
epoch 196/200 loss 0.0147 train 1.0000 test 0.4336
epoch 197/200 loss 0.0149 train 1.0000 test 0.4331
epoch 198/200 loss 0.0149 train 0.9998 test 0.4337
epoch 199/200 loss 0.0147 train 0.9998 test 0.4346
epoch 200/200 loss 0.0145 train 1.0000 test 0.4339
done: final 0.4339 best 0.4362 -> ./runs/auxmag_10pct_l50/seed2
AUXL_auxmag_10pct_l50_DONE
moment-aux target calibrated on 1024 images
[auxmag_100pct_l50 seed0] {"params_trainable": 11222188, "params_stem_trainable": 0, "params_stem_fixed_filters": 0, "flops_total": 556705792, "flops_stem": 0, "flops_image_size": 32}
epoch 1/200 loss 3.9239 train 0.1226 test 0.1796
epoch 2/200 loss 3.0256 train 0.2498 test 0.2801
epoch 3/200 loss 2.5148 train 0.3513 test 0.3404
epoch 4/200 loss 2.1676 train 0.4275 test 0.4069
epoch 5/200 loss 1.9460 train 0.4796 test 0.4075
epoch 6/200 loss 1.8016 train 0.5133 test 0.4894
epoch 7/200 loss 1.6889 train 0.5386 test 0.5120
epoch 8/200 loss 1.6157 train 0.5561 test 0.5050
epoch 9/200 loss 1.5319 train 0.5792 test 0.5185
epoch 10/200 loss 1.4871 train 0.5898 test 0.4963
epoch 11/200 loss 1.4415 train 0.6023 test 0.5370
epoch 12/200 loss 1.4070 train 0.6096 test 0.5147
epoch 13/200 loss 1.3614 train 0.6194 test 0.5457
epoch 14/200 loss 1.3276 train 0.6278 test 0.5233
epoch 15/200 loss 1.3004 train 0.6364 test 0.5443
epoch 16/200 loss 1.2855 train 0.6405 test 0.5290
epoch 17/200 loss 1.2742 train 0.6424 test 0.5715
epoch 18/200 loss 1.2417 train 0.6514 test 0.5476
epoch 19/200 loss 1.2223 train 0.6557 test 0.5589
epoch 20/200 loss 1.2147 train 0.6596 test 0.5651
epoch 21/200 loss 1.1938 train 0.6660 test 0.5688
epoch 22/200 loss 1.1816 train 0.6666 test 0.5538
epoch 23/200 loss 1.1678 train 0.6700 test 0.5302
epoch 24/200 loss 1.1540 train 0.6748 test 0.6115
epoch 25/200 loss 1.1446 train 0.6776 test 0.5564
epoch 26/200 loss 1.1407 train 0.6766 test 0.5827
epoch 27/200 loss 1.1361 train 0.6779 test 0.5607
epoch 28/200 loss 1.1154 train 0.6840 test 0.5847
epoch 29/200 loss 1.0989 train 0.6880 test 0.5690
epoch 30/200 loss 1.1039 train 0.6890 test 0.5555
epoch 31/200 loss 1.0954 train 0.6899 test 0.5661
epoch 32/200 loss 1.0818 train 0.6942 test 0.5870
epoch 33/200 loss 1.0853 train 0.6916 test 0.5785
epoch 34/200 loss 1.0605 train 0.6984 test 0.6031
epoch 35/200 loss 1.0676 train 0.6951 test 0.5689
epoch 36/200 loss 1.0511 train 0.7008 test 0.5860
epoch 37/200 loss 1.0479 train 0.7044 test 0.5992
epoch 38/200 loss 1.0450 train 0.7028 test 0.5154
epoch 39/200 loss 1.0328 train 0.7076 test 0.5757
epoch 40/200 loss 1.0241 train 0.7098 test 0.5851
epoch 41/200 loss 1.0168 train 0.7115 test 0.5681
epoch 42/200 loss 1.0217 train 0.7101 test 0.5779
epoch 43/200 loss 1.0090 train 0.7128 test 0.6004
epoch 44/200 loss 1.0041 train 0.7147 test 0.5611
epoch 45/200 loss 0.9869 train 0.7205 test 0.5891
epoch 46/200 loss 0.9935 train 0.7141 test 0.6008
epoch 47/200 loss 0.9813 train 0.7214 test 0.5976
epoch 48/200 loss 0.9759 train 0.7224 test 0.5869
epoch 49/200 loss 0.9731 train 0.7234 test 0.6028
epoch 50/200 loss 0.9659 train 0.7231 test 0.5849
epoch 51/200 loss 0.9473 train 0.7294 test 0.5948
epoch 52/200 loss 0.9495 train 0.7304 test 0.5996
epoch 53/200 loss 0.9415 train 0.7316 test 0.6224
epoch 54/200 loss 0.9371 train 0.7325 test 0.5638
epoch 55/200 loss 0.9272 train 0.7337 test 0.5821
epoch 56/200 loss 0.9323 train 0.7344 test 0.5725
epoch 57/200 loss 0.9136 train 0.7391 test 0.5978
epoch 58/200 loss 0.9069 train 0.7390 test 0.5887
epoch 59/200 loss 0.9070 train 0.7402 test 0.6032
epoch 60/200 loss 0.8899 train 0.7457 test 0.5960
epoch 61/200 loss 0.8937 train 0.7430 test 0.5980
epoch 62/200 loss 0.8819 train 0.7468 test 0.6139
epoch 63/200 loss 0.8702 train 0.7504 test 0.6187
epoch 64/200 loss 0.8704 train 0.7478 test 0.5807
epoch 65/200 loss 0.8563 train 0.7495 test 0.5893
epoch 66/200 loss 0.8551 train 0.7533 test 0.6061
epoch 67/200 loss 0.8439 train 0.7566 test 0.6124
epoch 68/200 loss 0.8373 train 0.7589 test 0.6175
epoch 69/200 loss 0.8262 train 0.7623 test 0.6359
epoch 70/200 loss 0.8301 train 0.7582 test 0.6218
epoch 71/200 loss 0.8210 train 0.7637 test 0.6102
epoch 72/200 loss 0.8123 train 0.7615 test 0.6064
epoch 73/200 loss 0.7947 train 0.7722 test 0.6167
epoch 74/200 loss 0.7910 train 0.7717 test 0.6184
epoch 75/200 loss 0.7791 train 0.7772 test 0.5765
epoch 76/200 loss 0.7766 train 0.7757 test 0.6136
epoch 77/200 loss 0.7589 train 0.7810 test 0.6339
epoch 78/200 loss 0.7551 train 0.7796 test 0.6058
epoch 79/200 loss 0.7437 train 0.7850 test 0.6410
epoch 80/200 loss 0.7494 train 0.7838 test 0.6281
epoch 81/200 loss 0.7439 train 0.7854 test 0.6311
epoch 82/200 loss 0.7306 train 0.7893 test 0.6410
epoch 83/200 loss 0.7193 train 0.7915 test 0.6005
epoch 84/200 loss 0.6995 train 0.7959 test 0.6487
epoch 85/200 loss 0.6901 train 0.7967 test 0.6294
epoch 86/200 loss 0.6822 train 0.8019 test 0.6378
epoch 87/200 loss 0.6897 train 0.8002 test 0.6399
epoch 88/200 loss 0.6794 train 0.8010 test 0.6609
epoch 89/200 loss 0.6662 train 0.8050 test 0.6403
epoch 90/200 loss 0.6531 train 0.8084 test 0.6228
epoch 91/200 loss 0.6480 train 0.8089 test 0.6453
epoch 92/200 loss 0.6251 train 0.8165 test 0.6381
epoch 93/200 loss 0.6218 train 0.8179 test 0.6363
epoch 94/200 loss 0.6207 train 0.8179 test 0.6129
epoch 95/200 loss 0.6103 train 0.8211 test 0.6288
epoch 96/200 loss 0.5945 train 0.8250 test 0.6480
epoch 97/200 loss 0.5854 train 0.8299 test 0.6326
epoch 98/200 loss 0.5788 train 0.8296 test 0.6629
epoch 99/200 loss 0.5725 train 0.8336 test 0.5962
epoch 100/200 loss 0.5627 train 0.8349 test 0.6268
epoch 101/200 loss 0.5446 train 0.8424 test 0.6540
epoch 102/200 loss 0.5337 train 0.8418 test 0.6529
epoch 103/200 loss 0.5212 train 0.8484 test 0.6454
epoch 104/200 loss 0.5179 train 0.8478 test 0.6240
epoch 105/200 loss 0.5083 train 0.8516 test 0.6506
epoch 106/200 loss 0.4914 train 0.8558 test 0.6459
epoch 107/200 loss 0.4878 train 0.8570 test 0.6655
epoch 108/200 loss 0.4715 train 0.8622 test 0.6596
epoch 109/200 loss 0.4632 train 0.8645 test 0.6524
epoch 110/200 loss 0.4557 train 0.8658 test 0.6465
epoch 111/200 loss 0.4441 train 0.8703 test 0.6423
epoch 112/200 loss 0.4334 train 0.8743 test 0.6330
epoch 113/200 loss 0.4203 train 0.8782 test 0.6394
epoch 114/200 loss 0.4241 train 0.8765 test 0.6426
epoch 115/200 loss 0.4035 train 0.8847 test 0.6385
epoch 116/200 loss 0.3880 train 0.8865 test 0.6480
epoch 117/200 loss 0.3759 train 0.8915 test 0.6646
epoch 118/200 loss 0.3648 train 0.8952 test 0.6648
epoch 119/200 loss 0.3633 train 0.8957 test 0.6637
epoch 120/200 loss 0.3534 train 0.8976 test 0.6666
epoch 121/200 loss 0.3478 train 0.9003 test 0.6569
epoch 122/200 loss 0.3188 train 0.9086 test 0.6644
epoch 123/200 loss 0.3145 train 0.9121 test 0.6564
epoch 124/200 loss 0.3036 train 0.9142 test 0.6677
epoch 125/200 loss 0.2942 train 0.9171 test 0.6580
epoch 126/200 loss 0.2903 train 0.9185 test 0.6723
epoch 127/200 loss 0.2890 train 0.9194 test 0.6793
epoch 128/200 loss 0.2724 train 0.9232 test 0.6790
epoch 129/200 loss 0.2476 train 0.9330 test 0.6880
epoch 130/200 loss 0.2472 train 0.9315 test 0.6653
epoch 131/200 loss 0.2442 train 0.9324 test 0.6859
epoch 132/200 loss 0.2296 train 0.9384 test 0.6855
epoch 133/200 loss 0.2210 train 0.9399 test 0.6847
epoch 134/200 loss 0.2100 train 0.9445 test 0.6804
epoch 135/200 loss 0.1986 train 0.9467 test 0.6741
epoch 136/200 loss 0.1960 train 0.9480 test 0.6958
epoch 137/200 loss 0.1779 train 0.9548 test 0.6869
epoch 138/200 loss 0.1804 train 0.9542 test 0.6966
epoch 139/200 loss 0.1539 train 0.9613 test 0.6977
epoch 140/200 loss 0.1563 train 0.9602 test 0.6886
epoch 141/200 loss 0.1477 train 0.9638 test 0.6960
epoch 142/200 loss 0.1396 train 0.9664 test 0.7054
epoch 143/200 loss 0.1304 train 0.9687 test 0.7127
epoch 144/200 loss 0.1120 train 0.9756 test 0.7250
epoch 145/200 loss 0.0933 train 0.9805 test 0.7123
epoch 146/200 loss 0.0978 train 0.9795 test 0.7126
epoch 147/200 loss 0.0965 train 0.9800 test 0.7277
epoch 148/200 loss 0.0800 train 0.9847 test 0.7292
epoch 149/200 loss 0.0703 train 0.9883 test 0.7254
epoch 150/200 loss 0.0634 train 0.9894 test 0.7311
epoch 151/200 loss 0.0598 train 0.9911 test 0.7375
epoch 152/200 loss 0.0548 train 0.9920 test 0.7371
epoch 153/200 loss 0.0430 train 0.9947 test 0.7542
epoch 154/200 loss 0.0363 train 0.9962 test 0.7488
epoch 155/200 loss 0.0319 train 0.9971 test 0.7584
epoch 156/200 loss 0.0306 train 0.9973 test 0.7573
epoch 157/200 loss 0.0282 train 0.9978 test 0.7574
epoch 158/200 loss 0.0251 train 0.9985 test 0.7629
epoch 159/200 loss 0.0232 train 0.9990 test 0.7624
epoch 160/200 loss 0.0213 train 0.9990 test 0.7689
epoch 161/200 loss 0.0211 train 0.9989 test 0.7698
epoch 162/200 loss 0.0212 train 0.9988 test 0.7684
epoch 163/200 loss 0.0192 train 0.9993 test 0.7680
epoch 164/200 loss 0.0189 train 0.9992 test 0.7726
epoch 165/200 loss 0.0186 train 0.9992 test 0.7735
epoch 166/200 loss 0.0170 train 0.9995 test 0.7762
epoch 167/200 loss 0.0171 train 0.9993 test 0.7774
epoch 168/200 loss 0.0166 train 0.9996 test 0.7749
epoch 169/200 loss 0.0162 train 0.9996 test 0.7790
epoch 170/200 loss 0.0163 train 0.9994 test 0.7776
epoch 171/200 loss 0.0162 train 0.9994 test 0.7790
epoch 172/200 loss 0.0160 train 0.9995 test 0.7778
epoch 173/200 loss 0.0156 train 0.9996 test 0.7784
epoch 174/200 loss 0.0153 train 0.9997 test 0.7751
epoch 175/200 loss 0.0154 train 0.9997 test 0.7765
epoch 176/200 loss 0.0150 train 0.9996 test 0.7793
epoch 177/200 loss 0.0150 train 0.9995 test 0.7785
epoch 178/200 loss 0.0148 train 0.9997 test 0.7791
epoch 179/200 loss 0.0147 train 0.9996 test 0.7791
epoch 180/200 loss 0.0147 train 0.9997 test 0.7814
epoch 181/200 loss 0.0145 train 0.9996 test 0.7810
epoch 182/200 loss 0.0144 train 0.9996 test 0.7821
epoch 183/200 loss 0.0145 train 0.9996 test 0.7794
epoch 184/200 loss 0.0140 train 0.9998 test 0.7811
epoch 185/200 loss 0.0141 train 0.9996 test 0.7812
epoch 186/200 loss 0.0141 train 0.9997 test 0.7832
epoch 187/200 loss 0.0141 train 0.9996 test 0.7826
epoch 188/200 loss 0.0141 train 0.9996 test 0.7830
epoch 189/200 loss 0.0143 train 0.9998 test 0.7848
epoch 190/200 loss 0.0138 train 0.9997 test 0.7819
epoch 191/200 loss 0.0139 train 0.9997 test 0.7831
epoch 192/200 loss 0.0137 train 0.9997 test 0.7835
epoch 193/200 loss 0.0137 train 0.9997 test 0.7841
epoch 194/200 loss 0.0139 train 0.9997 test 0.7827
epoch 195/200 loss 0.0139 train 0.9997 test 0.7822
epoch 196/200 loss 0.0137 train 0.9998 test 0.7820
epoch 197/200 loss 0.0138 train 0.9997 test 0.7823
epoch 198/200 loss 0.0137 train 0.9998 test 0.7829
epoch 199/200 loss 0.0137 train 0.9998 test 0.7829
epoch 200/200 loss 0.0137 train 0.9997 test 0.7832
done: final 0.7832 best 0.7848 -> ./runs/auxmag_100pct_l50/seed0
moment-aux target calibrated on 1024 images
[auxmag_100pct_l50 seed1] {"params_trainable": 11222188, "params_stem_trainable": 0, "params_stem_fixed_filters": 0, "flops_total": 556705792, "flops_stem": 0, "flops_image_size": 32}
epoch 1/200 loss 3.9282 train 0.1201 test 0.1906
epoch 2/200 loss 3.0430 train 0.2442 test 0.2782
epoch 3/200 loss 2.5137 train 0.3469 test 0.3571
epoch 4/200 loss 2.1583 train 0.4289 test 0.4057
epoch 5/200 loss 1.9441 train 0.4781 test 0.4047
epoch 6/200 loss 1.7953 train 0.5139 test 0.3916
epoch 7/200 loss 1.6891 train 0.5404 test 0.4703
epoch 8/200 loss 1.6109 train 0.5588 test 0.5106
epoch 9/200 loss 1.5416 train 0.5778 test 0.5258
epoch 10/200 loss 1.4877 train 0.5903 test 0.5254
epoch 11/200 loss 1.4419 train 0.6010 test 0.5084
epoch 12/200 loss 1.4015 train 0.6109 test 0.4728
epoch 13/200 loss 1.3591 train 0.6224 test 0.5161
epoch 14/200 loss 1.3390 train 0.6242 test 0.5135
epoch 15/200 loss 1.3102 train 0.6345 test 0.5301
epoch 16/200 loss 1.2723 train 0.6449 test 0.5335
epoch 17/200 loss 1.2672 train 0.6468 test 0.5469
epoch 18/200 loss 1.2457 train 0.6524 test 0.5621
epoch 19/200 loss 1.2250 train 0.6566 test 0.5610
epoch 20/200 loss 1.2151 train 0.6602 test 0.5202
epoch 21/200 loss 1.1963 train 0.6628 test 0.5515
epoch 22/200 loss 1.1744 train 0.6694 test 0.5741
epoch 23/200 loss 1.1584 train 0.6746 test 0.5816
epoch 24/200 loss 1.1622 train 0.6719 test 0.5843
epoch 25/200 loss 1.1464 train 0.6776 test 0.5533
epoch 26/200 loss 1.1342 train 0.6798 test 0.5468
epoch 27/200 loss 1.1317 train 0.6801 test 0.5248
epoch 28/200 loss 1.1146 train 0.6842 test 0.5428
epoch 29/200 loss 1.1111 train 0.6850 test 0.5709
epoch 30/200 loss 1.0969 train 0.6886 test 0.5492
epoch 31/200 loss 1.0944 train 0.6922 test 0.5700
epoch 32/200 loss 1.0807 train 0.6943 test 0.5752
epoch 33/200 loss 1.0684 train 0.6970 test 0.5952
epoch 34/200 loss 1.0734 train 0.6962 test 0.5659
epoch 35/200 loss 1.0637 train 0.6993 test 0.5717
epoch 36/200 loss 1.0453 train 0.7010 test 0.5744
epoch 37/200 loss 1.0522 train 0.7030 test 0.5879
epoch 38/200 loss 1.0305 train 0.7085 test 0.5576
epoch 39/200 loss 1.0349 train 0.7069 test 0.5748
epoch 40/200 loss 1.0281 train 0.7083 test 0.6141
epoch 41/200 loss 1.0241 train 0.7089 test 0.5715
epoch 42/200 loss 1.0173 train 0.7114 test 0.5947
epoch 43/200 loss 1.0038 train 0.7159 test 0.5892
epoch 44/200 loss 1.0069 train 0.7140 test 0.6101
epoch 45/200 loss 0.9891 train 0.7170 test 0.6109
epoch 46/200 loss 0.9985 train 0.7151 test 0.5815
epoch 47/200 loss 0.9881 train 0.7170 test 0.5844
epoch 48/200 loss 0.9757 train 0.7213 test 0.6060
epoch 49/200 loss 0.9687 train 0.7223 test 0.6215
epoch 50/200 loss 0.9649 train 0.7239 test 0.5893
epoch 51/200 loss 0.9437 train 0.7274 test 0.5928
epoch 52/200 loss 0.9479 train 0.7282 test 0.5818
epoch 53/200 loss 0.9389 train 0.7332 test 0.5717
epoch 54/200 loss 0.9454 train 0.7297 test 0.6106
epoch 55/200 loss 0.9271 train 0.7353 test 0.5968
epoch 56/200 loss 0.9209 train 0.7330 test 0.6116
epoch 57/200 loss 0.9173 train 0.7372 test 0.5985
epoch 58/200 loss 0.9035 train 0.7412 test 0.6304
epoch 59/200 loss 0.8999 train 0.7419 test 0.5892
epoch 60/200 loss 0.8992 train 0.7422 test 0.5972
epoch 61/200 loss 0.8896 train 0.7437 test 0.5973
epoch 62/200 loss 0.8760 train 0.7494 test 0.6038
epoch 63/200 loss 0.8764 train 0.7477 test 0.6156
epoch 64/200 loss 0.8748 train 0.7479 test 0.5674
epoch 65/200 loss 0.8537 train 0.7516 test 0.6038
epoch 66/200 loss 0.8481 train 0.7562 test 0.5983
epoch 67/200 loss 0.8457 train 0.7559 test 0.6141
epoch 68/200 loss 0.8354 train 0.7581 test 0.5908
epoch 69/200 loss 0.8351 train 0.7594 test 0.6324
epoch 70/200 loss 0.8243 train 0.7613 test 0.5897
epoch 71/200 loss 0.8170 train 0.7632 test 0.6205
epoch 72/200 loss 0.8016 train 0.7690 test 0.6062
epoch 73/200 loss 0.8010 train 0.7685 test 0.5837
epoch 74/200 loss 0.7920 train 0.7716 test 0.6132
epoch 75/200 loss 0.7826 train 0.7732 test 0.6081
epoch 76/200 loss 0.7695 train 0.7791 test 0.6173
epoch 77/200 loss 0.7750 train 0.7750 test 0.6316
epoch 78/200 loss 0.7605 train 0.7793 test 0.6275
epoch 79/200 loss 0.7477 train 0.7844 test 0.6052
epoch 80/200 loss 0.7470 train 0.7826 test 0.6337
epoch 81/200 loss 0.7323 train 0.7865 test 0.5878
epoch 82/200 loss 0.7220 train 0.7912 test 0.6462
epoch 83/200 loss 0.7164 train 0.7916 test 0.6377
epoch 84/200 loss 0.7119 train 0.7930 test 0.6026
epoch 85/200 loss 0.6973 train 0.7967 test 0.6255
epoch 86/200 loss 0.6895 train 0.7999 test 0.6492
epoch 87/200 loss 0.6810 train 0.8010 test 0.6292
epoch 88/200 loss 0.6723 train 0.8034 test 0.6579
epoch 89/200 loss 0.6602 train 0.8074 test 0.6394
epoch 90/200 loss 0.6500 train 0.8102 test 0.6205
epoch 91/200 loss 0.6343 train 0.8147 test 0.5891
epoch 92/200 loss 0.6356 train 0.8147 test 0.6474
epoch 93/200 loss 0.6187 train 0.8192 test 0.6203
epoch 94/200 loss 0.6125 train 0.8222 test 0.6336
epoch 95/200 loss 0.6088 train 0.8218 test 0.6472
epoch 96/200 loss 0.5975 train 0.8249 test 0.6437
epoch 97/200 loss 0.5947 train 0.8264 test 0.6348
epoch 98/200 loss 0.5594 train 0.8376 test 0.6326
epoch 99/200 loss 0.5668 train 0.8349 test 0.6493
epoch 100/200 loss 0.5639 train 0.8340 test 0.6360
epoch 101/200 loss 0.5509 train 0.8386 test 0.6528
epoch 102/200 loss 0.5270 train 0.8459 test 0.6433
epoch 103/200 loss 0.5305 train 0.8439 test 0.6646
epoch 104/200 loss 0.5082 train 0.8519 test 0.6478
epoch 105/200 loss 0.5179 train 0.8486 test 0.6389
epoch 106/200 loss 0.4833 train 0.8578 test 0.5919
epoch 107/200 loss 0.4824 train 0.8601 test 0.6182
epoch 108/200 loss 0.4935 train 0.8564 test 0.6460
epoch 109/200 loss 0.4749 train 0.8610 test 0.6558
epoch 110/200 loss 0.4536 train 0.8665 test 0.6655
epoch 111/200 loss 0.4435 train 0.8693 test 0.6495
epoch 112/200 loss 0.4213 train 0.8777 test 0.6585
epoch 113/200 loss 0.4176 train 0.8785 test 0.6508
epoch 114/200 loss 0.4044 train 0.8823 test 0.6497
epoch 115/200 loss 0.3996 train 0.8846 test 0.6536
epoch 116/200 loss 0.4094 train 0.8801 test 0.6724
epoch 117/200 loss 0.3798 train 0.8914 test 0.6508
epoch 118/200 loss 0.3678 train 0.8944 test 0.6714
epoch 119/200 loss 0.3647 train 0.8941 test 0.6647
epoch 120/200 loss 0.3561 train 0.8964 test 0.6677
epoch 121/200 loss 0.3555 train 0.8978 test 0.6637
epoch 122/200 loss 0.3278 train 0.9059 test 0.6565
epoch 123/200 loss 0.3166 train 0.9097 test 0.6622
epoch 124/200 loss 0.3085 train 0.9132 test 0.6731
epoch 125/200 loss 0.3037 train 0.9131 test 0.6721
epoch 126/200 loss 0.2877 train 0.9185 test 0.6479
epoch 127/200 loss 0.2795 train 0.9218 test 0.6895
epoch 128/200 loss 0.2674 train 0.9243 test 0.6660
epoch 129/200 loss 0.2701 train 0.9247 test 0.6727
epoch 130/200 loss 0.2546 train 0.9292 test 0.6877
epoch 131/200 loss 0.2318 train 0.9360 test 0.6897
epoch 132/200 loss 0.2305 train 0.9368 test 0.6992
epoch 133/200 loss 0.2117 train 0.9433 test 0.6869
epoch 134/200 loss 0.2028 train 0.9460 test 0.6978
epoch 135/200 loss 0.1887 train 0.9510 test 0.6894
epoch 136/200 loss 0.1933 train 0.9499 test 0.6904
epoch 137/200 loss 0.1801 train 0.9529 test 0.6940
epoch 138/200 loss 0.1883 train 0.9511 test 0.6979
epoch 139/200 loss 0.1632 train 0.9595 test 0.7040
epoch 140/200 loss 0.1533 train 0.9620 test 0.7043
epoch 141/200 loss 0.1487 train 0.9635 test 0.6939
epoch 142/200 loss 0.1344 train 0.9685 test 0.7084
epoch 143/200 loss 0.1249 train 0.9714 test 0.7010
epoch 144/200 loss 0.1269 train 0.9702 test 0.7115
epoch 145/200 loss 0.1145 train 0.9745 test 0.7208
epoch 146/200 loss 0.0991 train 0.9786 test 0.7206
epoch 147/200 loss 0.0880 train 0.9825 test 0.7341
epoch 148/200 loss 0.0811 train 0.9843 test 0.7256
epoch 149/200 loss 0.0744 train 0.9865 test 0.7283
epoch 150/200 loss 0.0659 train 0.9890 test 0.7421
epoch 151/200 loss 0.0641 train 0.9893 test 0.7387
epoch 152/200 loss 0.0501 train 0.9929 test 0.7403
epoch 153/200 loss 0.0480 train 0.9938 test 0.7491
epoch 154/200 loss 0.0421 train 0.9945 test 0.7517
epoch 155/200 loss 0.0371 train 0.9962 test 0.7529
epoch 156/200 loss 0.0310 train 0.9974 test 0.7617
epoch 157/200 loss 0.0319 train 0.9970 test 0.7563
epoch 158/200 loss 0.0287 train 0.9978 test 0.7510
epoch 159/200 loss 0.0247 train 0.9987 test 0.7670
epoch 160/200 loss 0.0254 train 0.9983 test 0.7622
epoch 161/200 loss 0.0229 train 0.9989 test 0.7670
epoch 162/200 loss 0.0208 train 0.9991 test 0.7702
epoch 163/200 loss 0.0191 train 0.9995 test 0.7732
epoch 164/200 loss 0.0188 train 0.9994 test 0.7733
epoch 165/200 loss 0.0179 train 0.9994 test 0.7738
epoch 166/200 loss 0.0182 train 0.9994 test 0.7757
epoch 167/200 loss 0.0180 train 0.9994 test 0.7753
epoch 168/200 loss 0.0178 train 0.9994 test 0.7753
epoch 169/200 loss 0.0177 train 0.9995 test 0.7761
epoch 170/200 loss 0.0169 train 0.9994 test 0.7759
epoch 171/200 loss 0.0165 train 0.9996 test 0.7806
epoch 172/200 loss 0.0165 train 0.9996 test 0.7796
epoch 173/200 loss 0.0169 train 0.9995 test 0.7799
epoch 174/200 loss 0.0162 train 0.9996 test 0.7806
epoch 175/200 loss 0.0164 train 0.9994 test 0.7796
epoch 176/200 loss 0.0159 train 0.9996 test 0.7784
epoch 177/200 loss 0.0156 train 0.9997 test 0.7809
epoch 178/200 loss 0.0155 train 0.9996 test 0.7813
epoch 179/200 loss 0.0156 train 0.9996 test 0.7798
epoch 180/200 loss 0.0153 train 0.9997 test 0.7797
epoch 181/200 loss 0.0154 train 0.9996 test 0.7794
epoch 182/200 loss 0.0151 train 0.9997 test 0.7777
epoch 183/200 loss 0.0151 train 0.9997 test 0.7795
epoch 184/200 loss 0.0152 train 0.9997 test 0.7807
epoch 185/200 loss 0.0150 train 0.9997 test 0.7812
epoch 186/200 loss 0.0147 train 0.9997 test 0.7799
epoch 187/200 loss 0.0147 train 0.9998 test 0.7798
epoch 188/200 loss 0.0145 train 0.9997 test 0.7801
epoch 189/200 loss 0.0144 train 0.9998 test 0.7787
epoch 190/200 loss 0.0145 train 0.9997 test 0.7810
epoch 191/200 loss 0.0145 train 0.9998 test 0.7808
epoch 192/200 loss 0.0145 train 0.9996 test 0.7814
epoch 193/200 loss 0.0145 train 0.9997 test 0.7796
epoch 194/200 loss 0.0145 train 0.9997 test 0.7794
epoch 195/200 loss 0.0144 train 0.9998 test 0.7801
epoch 196/200 loss 0.0143 train 0.9998 test 0.7794
epoch 197/200 loss 0.0144 train 0.9996 test 0.7792
epoch 198/200 loss 0.0143 train 0.9999 test 0.7797
epoch 199/200 loss 0.0143 train 0.9999 test 0.7793
epoch 200/200 loss 0.0143 train 0.9997 test 0.7798
done: final 0.7798 best 0.7814 -> ./runs/auxmag_100pct_l50/seed1
moment-aux target calibrated on 1024 images
[auxmag_100pct_l50 seed2] {"params_trainable": 11222188, "params_stem_trainable": 0, "params_stem_fixed_filters": 0, "flops_total": 556705792, "flops_stem": 0, "flops_image_size": 32}
epoch 1/200 loss 3.9073 train 0.1216 test 0.1619
epoch 2/200 loss 2.9945 train 0.2552 test 0.2376
epoch 3/200 loss 2.4749 train 0.3590 test 0.3352
epoch 4/200 loss 2.1532 train 0.4293 test 0.3601
epoch 5/200 loss 1.9340 train 0.4818 test 0.4602
epoch 6/200 loss 1.7936 train 0.5137 test 0.4913
epoch 7/200 loss 1.7017 train 0.5361 test 0.4517
epoch 8/200 loss 1.6030 train 0.5616 test 0.4898
epoch 9/200 loss 1.5506 train 0.5740 test 0.5154
epoch 10/200 loss 1.4864 train 0.5908 test 0.5124
epoch 11/200 loss 1.4346 train 0.6032 test 0.4712
epoch 12/200 loss 1.3990 train 0.6103 test 0.5531
epoch 13/200 loss 1.3659 train 0.6200 test 0.5425
epoch 14/200 loss 1.3386 train 0.6262 test 0.5421
epoch 15/200 loss 1.3212 train 0.6311 test 0.5512
epoch 16/200 loss 1.2838 train 0.6407 test 0.5043
epoch 17/200 loss 1.2718 train 0.6440 test 0.4900
epoch 18/200 loss 1.2463 train 0.6501 test 0.5554
epoch 19/200 loss 1.2300 train 0.6556 test 0.5642
epoch 20/200 loss 1.2166 train 0.6579 test 0.5644
epoch 21/200 loss 1.1959 train 0.6638 test 0.5341
epoch 22/200 loss 1.1845 train 0.6667 test 0.5331
epoch 23/200 loss 1.1766 train 0.6688 test 0.5463
epoch 24/200 loss 1.1604 train 0.6739 test 0.5614
epoch 25/200 loss 1.1488 train 0.6750 test 0.5831
epoch 26/200 loss 1.1428 train 0.6773 test 0.5323
epoch 27/200 loss 1.1348 train 0.6807 test 0.5490
epoch 28/200 loss 1.1151 train 0.6869 test 0.5616
epoch 29/200 loss 1.1085 train 0.6864 test 0.5870
epoch 30/200 loss 1.1050 train 0.6905 test 0.5517
epoch 31/200 loss 1.0926 train 0.6917 test 0.5096
epoch 32/200 loss 1.0867 train 0.6903 test 0.6018
epoch 33/200 loss 1.0732 train 0.6959 test 0.5538
epoch 34/200 loss 1.0783 train 0.6956 test 0.5700
epoch 35/200 loss 1.0593 train 0.7000 test 0.5897
epoch 36/200 loss 1.0675 train 0.6983 test 0.5907
epoch 37/200 loss 1.0414 train 0.7047 test 0.5568
epoch 38/200 loss 1.0496 train 0.7025 test 0.6016
epoch 39/200 loss 1.0238 train 0.7078 test 0.5625
epoch 40/200 loss 1.0303 train 0.7058 test 0.5669
epoch 41/200 loss 1.0214 train 0.7108 test 0.5731
epoch 42/200 loss 1.0205 train 0.7099 test 0.5919
epoch 43/200 loss 0.9999 train 0.7144 test 0.6009
epoch 44/200 loss 1.0093 train 0.7111 test 0.5948
epoch 45/200 loss 1.0020 train 0.7136 test 0.5804
epoch 46/200 loss 0.9851 train 0.7194 test 0.6146
epoch 47/200 loss 0.9872 train 0.7198 test 0.5818
epoch 48/200 loss 0.9752 train 0.7217 test 0.6157
epoch 49/200 loss 0.9686 train 0.7235 test 0.5881
epoch 50/200 loss 0.9624 train 0.7255 test 0.5589
epoch 51/200 loss 0.9559 train 0.7262 test 0.6025
epoch 52/200 loss 0.9509 train 0.7300 test 0.6194
epoch 53/200 loss 0.9383 train 0.7318 test 0.5825
epoch 54/200 loss 0.9460 train 0.7284 test 0.6058
epoch 55/200 loss 0.9287 train 0.7352 test 0.5926
epoch 56/200 loss 0.9261 train 0.7341 test 0.5777
epoch 57/200 loss 0.9127 train 0.7393 test 0.5947
epoch 58/200 loss 0.9032 train 0.7430 test 0.6045
epoch 59/200 loss 0.9010 train 0.7416 test 0.5826
epoch 60/200 loss 0.8928 train 0.7450 test 0.6069
epoch 61/200 loss 0.8881 train 0.7458 test 0.5674
epoch 62/200 loss 0.8921 train 0.7459 test 0.6192
epoch 63/200 loss 0.8711 train 0.7471 test 0.6019
epoch 64/200 loss 0.8726 train 0.7495 test 0.6370
epoch 65/200 loss 0.8542 train 0.7556 test 0.5869
epoch 66/200 loss 0.8547 train 0.7535 test 0.6073
epoch 67/200 loss 0.8466 train 0.7550 test 0.5934
epoch 68/200 loss 0.8333 train 0.7601 test 0.6154
epoch 69/200 loss 0.8228 train 0.7634 test 0.6038
epoch 70/200 loss 0.8244 train 0.7600 test 0.5929
epoch 71/200 loss 0.8112 train 0.7653 test 0.6265
epoch 72/200 loss 0.8036 train 0.7676 test 0.6223
epoch 73/200 loss 0.7981 train 0.7709 test 0.6000
epoch 74/200 loss 0.7908 train 0.7732 test 0.6365
epoch 75/200 loss 0.7830 train 0.7746 test 0.6222
epoch 76/200 loss 0.7828 train 0.7729 test 0.6174
epoch 77/200 loss 0.7641 train 0.7800 test 0.5834
epoch 78/200 loss 0.7601 train 0.7812 test 0.6331
epoch 79/200 loss 0.7535 train 0.7813 test 0.6097
epoch 80/200 loss 0.7354 train 0.7870 test 0.6119
epoch 81/200 loss 0.7311 train 0.7872 test 0.6344
epoch 82/200 loss 0.7183 train 0.7917 test 0.6144
epoch 83/200 loss 0.7250 train 0.7892 test 0.6407
epoch 84/200 loss 0.7013 train 0.7937 test 0.6250
epoch 85/200 loss 0.6920 train 0.7995 test 0.6464
epoch 86/200 loss 0.6856 train 0.8013 test 0.6417
epoch 87/200 loss 0.6858 train 0.8015 test 0.6255
epoch 88/200 loss 0.6723 train 0.8051 test 0.6546
epoch 89/200 loss 0.6726 train 0.8053 test 0.6357
epoch 90/200 loss 0.6521 train 0.8086 test 0.6493
epoch 91/200 loss 0.6399 train 0.8140 test 0.6351
epoch 92/200 loss 0.6417 train 0.8143 test 0.6048
epoch 93/200 loss 0.6154 train 0.8198 test 0.6622
epoch 94/200 loss 0.6137 train 0.8207 test 0.5967
epoch 95/200 loss 0.6165 train 0.8188 test 0.6191
epoch 96/200 loss 0.5901 train 0.8253 test 0.6429
epoch 97/200 loss 0.5847 train 0.8282 test 0.6567
epoch 98/200 loss 0.5768 train 0.8298 test 0.6413
epoch 99/200 loss 0.5719 train 0.8335 test 0.6542
epoch 100/200 loss 0.5609 train 0.8361 test 0.6237
epoch 101/200 loss 0.5492 train 0.8414 test 0.6498
epoch 102/200 loss 0.5300 train 0.8452 test 0.6227
epoch 103/200 loss 0.5179 train 0.8488 test 0.6278
epoch 104/200 loss 0.5116 train 0.8492 test 0.6338
epoch 105/200 loss 0.5099 train 0.8506 test 0.6487
epoch 106/200 loss 0.4933 train 0.8557 test 0.6483
epoch 107/200 loss 0.4857 train 0.8577 test 0.6319
epoch 108/200 loss 0.4791 train 0.8603 test 0.6424
epoch 109/200 loss 0.4602 train 0.8655 test 0.6659
epoch 110/200 loss 0.4503 train 0.8696 test 0.6438
epoch 111/200 loss 0.4462 train 0.8696 test 0.6547
epoch 112/200 loss 0.4402 train 0.8710 test 0.6562
epoch 113/200 loss 0.4105 train 0.8820 test 0.6610
epoch 114/200 loss 0.4129 train 0.8796 test 0.6675
epoch 115/200 loss 0.4085 train 0.8819 test 0.6557
epoch 116/200 loss 0.3884 train 0.8869 test 0.6703
epoch 117/200 loss 0.3867 train 0.8877 test 0.6806
epoch 118/200 loss 0.3511 train 0.8996 test 0.6686
epoch 119/200 loss 0.3570 train 0.8976 test 0.6610
epoch 120/200 loss 0.3654 train 0.8941 test 0.6811
epoch 121/200 loss 0.3457 train 0.8998 test 0.6687
epoch 122/200 loss 0.3368 train 0.9035 test 0.6776
epoch 123/200 loss 0.3134 train 0.9115 test 0.6799
epoch 124/200 loss 0.3122 train 0.9121 test 0.6745
epoch 125/200 loss 0.3026 train 0.9137 test 0.6798
epoch 126/200 loss 0.2828 train 0.9207 test 0.6662
epoch 127/200 loss 0.2625 train 0.9282 test 0.6661
epoch 128/200 loss 0.2677 train 0.9259 test 0.6695
epoch 129/200 loss 0.2591 train 0.9297 test 0.6807
epoch 130/200 loss 0.2523 train 0.9309 test 0.6714
epoch 131/200 loss 0.2362 train 0.9366 test 0.6882
epoch 132/200 loss 0.2271 train 0.9392 test 0.6812
epoch 133/200 loss 0.2194 train 0.9415 test 0.6756
epoch 134/200 loss 0.2148 train 0.9426 test 0.6858
epoch 135/200 loss 0.2099 train 0.9436 test 0.6952
epoch 136/200 loss 0.1890 train 0.9503 test 0.6833
epoch 137/200 loss 0.1785 train 0.9543 test 0.6977
epoch 138/200 loss 0.1724 train 0.9554 test 0.7004
epoch 139/200 loss 0.1590 train 0.9608 test 0.6833
epoch 140/200 loss 0.1573 train 0.9618 test 0.6902
epoch 141/200 loss 0.1432 train 0.9658 test 0.7086
epoch 142/200 loss 0.1256 train 0.9705 test 0.7064
epoch 143/200 loss 0.1227 train 0.9716 test 0.7165
epoch 144/200 loss 0.1124 train 0.9750 test 0.7065
epoch 145/200 loss 0.1152 train 0.9740 test 0.7090
epoch 146/200 loss 0.0990 train 0.9796 test 0.7220
epoch 147/200 loss 0.0867 train 0.9826 test 0.7222
epoch 148/200 loss 0.0807 train 0.9846 test 0.7266
epoch 149/200 loss 0.0753 train 0.9865 test 0.7280
epoch 150/200 loss 0.0703 train 0.9875 test 0.7282
epoch 151/200 loss 0.0617 train 0.9903 test 0.7336
epoch 152/200 loss 0.0537 train 0.9922 test 0.7319
epoch 153/200 loss 0.0517 train 0.9929 test 0.7344
epoch 154/200 loss 0.0498 train 0.9935 test 0.7455
epoch 155/200 loss 0.0392 train 0.9961 test 0.7526
epoch 156/200 loss 0.0343 train 0.9970 test 0.7568
epoch 157/200 loss 0.0312 train 0.9974 test 0.7631
epoch 158/200 loss 0.0266 train 0.9984 test 0.7610
epoch 159/200 loss 0.0246 train 0.9987 test 0.7659
epoch 160/200 loss 0.0226 train 0.9990 test 0.7639
epoch 161/200 loss 0.0215 train 0.9990 test 0.7680
epoch 162/200 loss 0.0211 train 0.9992 test 0.7674
epoch 163/200 loss 0.0204 train 0.9991 test 0.7717
epoch 164/200 loss 0.0187 train 0.9995 test 0.7720
epoch 165/200 loss 0.0188 train 0.9994 test 0.7735
epoch 166/200 loss 0.0194 train 0.9992 test 0.7701
epoch 167/200 loss 0.0187 train 0.9995 test 0.7748
epoch 168/200 loss 0.0185 train 0.9995 test 0.7728
epoch 169/200 loss 0.0181 train 0.9995 test 0.7764
epoch 170/200 loss 0.0172 train 0.9997 test 0.7747
epoch 171/200 loss 0.0171 train 0.9996 test 0.7744
epoch 172/200 loss 0.0167 train 0.9995 test 0.7756
epoch 173/200 loss 0.0167 train 0.9995 test 0.7746
epoch 174/200 loss 0.0164 train 0.9997 test 0.7770
epoch 175/200 loss 0.0163 train 0.9995 test 0.7789
epoch 176/200 loss 0.0161 train 0.9995 test 0.7764
epoch 177/200 loss 0.0161 train 0.9997 test 0.7778
epoch 178/200 loss 0.0159 train 0.9997 test 0.7780
epoch 179/200 loss 0.0157 train 0.9996 test 0.7784
epoch 180/200 loss 0.0157 train 0.9996 test 0.7782
epoch 181/200 loss 0.0160 train 0.9996 test 0.7779
epoch 182/200 loss 0.0156 train 0.9997 test 0.7788
epoch 183/200 loss 0.0155 train 0.9996 test 0.7786
epoch 184/200 loss 0.0154 train 0.9997 test 0.7782
epoch 185/200 loss 0.0153 train 0.9996 test 0.7800
epoch 186/200 loss 0.0153 train 0.9998 test 0.7810
epoch 187/200 loss 0.0148 train 0.9997 test 0.7790
epoch 188/200 loss 0.0149 train 0.9997 test 0.7791
epoch 189/200 loss 0.0149 train 0.9998 test 0.7801
epoch 190/200 loss 0.0151 train 0.9996 test 0.7801
epoch 191/200 loss 0.0148 train 0.9998 test 0.7801
epoch 192/200 loss 0.0147 train 0.9998 test 0.7801
epoch 193/200 loss 0.0146 train 0.9998 test 0.7806
epoch 194/200 loss 0.0148 train 0.9997 test 0.7804
epoch 195/200 loss 0.0146 train 0.9997 test 0.7809
epoch 196/200 loss 0.0146 train 0.9998 test 0.7802
epoch 197/200 loss 0.0147 train 0.9997 test 0.7796
epoch 198/200 loss 0.0147 train 0.9997 test 0.7805
epoch 199/200 loss 0.0145 train 0.9997 test 0.7803
epoch 200/200 loss 0.0145 train 0.9998 test 0.7791
done: final 0.7791 best 0.7810 -> ./runs/auxmag_100pct_l50/seed2
AUXL_auxmag_100pct_l50_DONE
moment-aux target calibrated on 1024 images
[auxmag_10pct_l100 seed0] {"params_trainable": 11222188, "params_stem_trainable": 0, "params_stem_fixed_filters": 0, "flops_total": 556705792, "flops_stem": 0, "flops_image_size": 32}
epoch 1/200 loss 5.4731 train 0.0294 test 0.0520
epoch 2/200 loss 4.4085 train 0.0703 test 0.0782
epoch 3/200 loss 4.1102 train 0.0940 test 0.1021
epoch 4/200 loss 3.8983 train 0.1186 test 0.1089
epoch 5/200 loss 3.7397 train 0.1408 test 0.1380
epoch 6/200 loss 3.6083 train 0.1649 test 0.1440
epoch 7/200 loss 3.4753 train 0.1787 test 0.1450
epoch 8/200 loss 3.3588 train 0.1993 test 0.1542
epoch 9/200 loss 3.2453 train 0.2185 test 0.1749
epoch 10/200 loss 3.1222 train 0.2356 test 0.1693
epoch 11/200 loss 3.0282 train 0.2564 test 0.1985
epoch 12/200 loss 2.9380 train 0.2738 test 0.1886
epoch 13/200 loss 2.8358 train 0.2915 test 0.2280
epoch 14/200 loss 2.7494 train 0.3003 test 0.1997
epoch 15/200 loss 2.6030 train 0.3361 test 0.2389
epoch 16/200 loss 2.5294 train 0.3508 test 0.2425
epoch 17/200 loss 2.4260 train 0.3676 test 0.2479
epoch 18/200 loss 2.4051 train 0.3722 test 0.2457
epoch 19/200 loss 2.2803 train 0.4044 test 0.2644
epoch 20/200 loss 2.1852 train 0.4295 test 0.2637
epoch 21/200 loss 2.0688 train 0.4483 test 0.2694
epoch 22/200 loss 1.9645 train 0.4832 test 0.2808
epoch 23/200 loss 1.9461 train 0.4758 test 0.2887
epoch 24/200 loss 1.8308 train 0.5046 test 0.2851
epoch 25/200 loss 1.7437 train 0.5262 test 0.2948
epoch 26/200 loss 1.6233 train 0.5435 test 0.2891
epoch 27/200 loss 1.5413 train 0.5757 test 0.2818
epoch 28/200 loss 1.5170 train 0.5777 test 0.2936
epoch 29/200 loss 1.4183 train 0.6100 test 0.3173
epoch 30/200 loss 1.3060 train 0.6432 test 0.3206
epoch 31/200 loss 1.2586 train 0.6470 test 0.3063
epoch 32/200 loss 1.1881 train 0.6695 test 0.3123
epoch 33/200 loss 1.0948 train 0.6985 test 0.2977
epoch 34/200 loss 1.0570 train 0.7031 test 0.3204
epoch 35/200 loss 0.9617 train 0.7352 test 0.3286
epoch 36/200 loss 0.8560 train 0.7646 test 0.3051
epoch 37/200 loss 0.8188 train 0.7740 test 0.3065
epoch 38/200 loss 0.7664 train 0.7897 test 0.2972
epoch 39/200 loss 0.7137 train 0.8007 test 0.3381
epoch 40/200 loss 0.7020 train 0.8065 test 0.3330
epoch 41/200 loss 0.6485 train 0.8237 test 0.3262
epoch 42/200 loss 0.6093 train 0.8339 test 0.3267
epoch 43/200 loss 0.5377 train 0.8542 test 0.3376
epoch 44/200 loss 0.4946 train 0.8700 test 0.3139
epoch 45/200 loss 0.4668 train 0.8816 test 0.3285
epoch 46/200 loss 0.4550 train 0.8804 test 0.3166
epoch 47/200 loss 0.4916 train 0.8724 test 0.3170
epoch 48/200 loss 0.4503 train 0.8866 test 0.3401
epoch 49/200 loss 0.4000 train 0.8972 test 0.3416
epoch 50/200 loss 0.3847 train 0.9054 test 0.3486
epoch 51/200 loss 0.3232 train 0.9241 test 0.3527
epoch 52/200 loss 0.3051 train 0.9277 test 0.3506
epoch 53/200 loss 0.2969 train 0.9305 test 0.3591
epoch 54/200 loss 0.2497 train 0.9481 test 0.3518
epoch 55/200 loss 0.2276 train 0.9549 test 0.3633
epoch 56/200 loss 0.2115 train 0.9577 test 0.3770
epoch 57/200 loss 0.1908 train 0.9631 test 0.3506
epoch 58/200 loss 0.1778 train 0.9694 test 0.3684
epoch 59/200 loss 0.1780 train 0.9667 test 0.3672
epoch 60/200 loss 0.1498 train 0.9770 test 0.3592
epoch 61/200 loss 0.1751 train 0.9665 test 0.3668
epoch 62/200 loss 0.1545 train 0.9746 test 0.3674
epoch 63/200 loss 0.1333 train 0.9788 test 0.3792
epoch 64/200 loss 0.1170 train 0.9820 test 0.3902
epoch 65/200 loss 0.1407 train 0.9750 test 0.3624
epoch 66/200 loss 0.1594 train 0.9696 test 0.3646
epoch 67/200 loss 0.1589 train 0.9704 test 0.3674
epoch 68/200 loss 0.1641 train 0.9700 test 0.3481
epoch 69/200 loss 0.1891 train 0.9603 test 0.3464
epoch 70/200 loss 0.2252 train 0.9483 test 0.3454
epoch 71/200 loss 0.2103 train 0.9543 test 0.3465
epoch 72/200 loss 0.1852 train 0.9633 test 0.3522
epoch 73/200 loss 0.1541 train 0.9738 test 0.3745
epoch 74/200 loss 0.1426 train 0.9728 test 0.3656
epoch 75/200 loss 0.1369 train 0.9774 test 0.3690
epoch 76/200 loss 0.1366 train 0.9740 test 0.3624
epoch 77/200 loss 0.1484 train 0.9750 test 0.3657
epoch 78/200 loss 0.1158 train 0.9816 test 0.3629
epoch 79/200 loss 0.1102 train 0.9834 test 0.3626
epoch 80/200 loss 0.1179 train 0.9826 test 0.3733
epoch 81/200 loss 0.1066 train 0.9854 test 0.3793
epoch 82/200 loss 0.0862 train 0.9912 test 0.3903
epoch 83/200 loss 0.0836 train 0.9908 test 0.3919
epoch 84/200 loss 0.0642 train 0.9948 test 0.3966
epoch 85/200 loss 0.0508 train 0.9980 test 0.4087
epoch 86/200 loss 0.0406 train 0.9990 test 0.4181
epoch 87/200 loss 0.0328 train 0.9998 test 0.4241
epoch 88/200 loss 0.0300 train 0.9996 test 0.4246
epoch 89/200 loss 0.0292 train 1.0000 test 0.4279
epoch 90/200 loss 0.0275 train 0.9996 test 0.4256
epoch 91/200 loss 0.0277 train 0.9996 test 0.4265
epoch 92/200 loss 0.0280 train 0.9998 test 0.4253
epoch 93/200 loss 0.0263 train 0.9996 test 0.4270
epoch 94/200 loss 0.0242 train 0.9998 test 0.4251
epoch 95/200 loss 0.0238 train 0.9998 test 0.4253
epoch 96/200 loss 0.0249 train 0.9996 test 0.4278
epoch 97/200 loss 0.0257 train 0.9998 test 0.4273
epoch 98/200 loss 0.0243 train 0.9996 test 0.4295
epoch 99/200 loss 0.0236 train 0.9998 test 0.4312
epoch 100/200 loss 0.0238 train 0.9996 test 0.4313
epoch 101/200 loss 0.0236 train 0.9998 test 0.4287
epoch 102/200 loss 0.0232 train 0.9996 test 0.4280
epoch 103/200 loss 0.0236 train 0.9996 test 0.4290
epoch 104/200 loss 0.0219 train 0.9998 test 0.4265
epoch 105/200 loss 0.0218 train 0.9998 test 0.4275
epoch 106/200 loss 0.0244 train 0.9998 test 0.4289
epoch 107/200 loss 0.0208 train 0.9996 test 0.4273
epoch 108/200 loss 0.0222 train 1.0000 test 0.4262
epoch 109/200 loss 0.0222 train 0.9996 test 0.4278
epoch 110/200 loss 0.0216 train 0.9998 test 0.4312
epoch 111/200 loss 0.0214 train 0.9998 test 0.4297
epoch 112/200 loss 0.0207 train 0.9998 test 0.4267
epoch 113/200 loss 0.0215 train 1.0000 test 0.4281
epoch 114/200 loss 0.0197 train 0.9996 test 0.4247
epoch 115/200 loss 0.0212 train 0.9996 test 0.4261
epoch 116/200 loss 0.0227 train 0.9998 test 0.4286
epoch 117/200 loss 0.0201 train 0.9998 test 0.4288
epoch 118/200 loss 0.0204 train 0.9998 test 0.4297
epoch 119/200 loss 0.0192 train 0.9998 test 0.4273
epoch 120/200 loss 0.0215 train 0.9998 test 0.4277
epoch 121/200 loss 0.0209 train 0.9996 test 0.4269
epoch 122/200 loss 0.0198 train 0.9998 test 0.4279
epoch 123/200 loss 0.0192 train 0.9998 test 0.4300
epoch 124/200 loss 0.0196 train 0.9998 test 0.4267
epoch 125/200 loss 0.0183 train 0.9996 test 0.4284
epoch 126/200 loss 0.0188 train 0.9998 test 0.4276
epoch 127/200 loss 0.0185 train 0.9998 test 0.4263
epoch 128/200 loss 0.0187 train 1.0000 test 0.4285
epoch 129/200 loss 0.0186 train 0.9998 test 0.4302
epoch 130/200 loss 0.0180 train 1.0000 test 0.4286
epoch 131/200 loss 0.0187 train 0.9998 test 0.4293
epoch 132/200 loss 0.0186 train 0.9998 test 0.4275
epoch 133/200 loss 0.0173 train 0.9998 test 0.4304
epoch 134/200 loss 0.0193 train 0.9998 test 0.4262
epoch 135/200 loss 0.0184 train 0.9996 test 0.4299
epoch 136/200 loss 0.0180 train 1.0000 test 0.4271
epoch 137/200 loss 0.0176 train 0.9996 test 0.4296
epoch 138/200 loss 0.0170 train 0.9998 test 0.4302
epoch 139/200 loss 0.0177 train 0.9998 test 0.4309
epoch 140/200 loss 0.0178 train 0.9996 test 0.4295
epoch 141/200 loss 0.0178 train 0.9998 test 0.4306
epoch 142/200 loss 0.0173 train 0.9996 test 0.4297
epoch 143/200 loss 0.0173 train 0.9998 test 0.4320
epoch 144/200 loss 0.0172 train 0.9998 test 0.4290
epoch 145/200 loss 0.0173 train 0.9998 test 0.4288
epoch 146/200 loss 0.0170 train 0.9998 test 0.4304
epoch 147/200 loss 0.0159 train 1.0000 test 0.4279
epoch 148/200 loss 0.0165 train 0.9996 test 0.4304
epoch 149/200 loss 0.0171 train 0.9996 test 0.4306
epoch 150/200 loss 0.0161 train 1.0000 test 0.4307
epoch 151/200 loss 0.0158 train 0.9998 test 0.4282
epoch 152/200 loss 0.0169 train 0.9998 test 0.4306
epoch 153/200 loss 0.0157 train 0.9998 test 0.4280
epoch 154/200 loss 0.0160 train 0.9998 test 0.4294
epoch 155/200 loss 0.0162 train 0.9998 test 0.4300
epoch 156/200 loss 0.0161 train 0.9998 test 0.4298
epoch 157/200 loss 0.0155 train 0.9998 test 0.4306
epoch 158/200 loss 0.0154 train 1.0000 test 0.4299
epoch 159/200 loss 0.0156 train 1.0000 test 0.4288
epoch 160/200 loss 0.0155 train 0.9996 test 0.4299
epoch 161/200 loss 0.0156 train 1.0000 test 0.4279
epoch 162/200 loss 0.0155 train 0.9998 test 0.4308
epoch 163/200 loss 0.0150 train 0.9996 test 0.4288
epoch 164/200 loss 0.0152 train 0.9998 test 0.4294
epoch 165/200 loss 0.0147 train 0.9998 test 0.4309
epoch 166/200 loss 0.0160 train 0.9996 test 0.4302
epoch 167/200 loss 0.0160 train 1.0000 test 0.4289
epoch 168/200 loss 0.0153 train 0.9998 test 0.4309
epoch 169/200 loss 0.0159 train 1.0000 test 0.4291
epoch 170/200 loss 0.0155 train 0.9998 test 0.4323
epoch 171/200 loss 0.0153 train 0.9996 test 0.4295
epoch 172/200 loss 0.0160 train 1.0000 test 0.4315
epoch 173/200 loss 0.0160 train 0.9998 test 0.4297
epoch 174/200 loss 0.0154 train 0.9998 test 0.4283
epoch 175/200 loss 0.0150 train 1.0000 test 0.4313
epoch 176/200 loss 0.0152 train 0.9996 test 0.4306
epoch 177/200 loss 0.0147 train 0.9998 test 0.4297
epoch 178/200 loss 0.0160 train 0.9998 test 0.4299
epoch 179/200 loss 0.0152 train 0.9998 test 0.4299
epoch 180/200 loss 0.0156 train 0.9998 test 0.4296
epoch 181/200 loss 0.0159 train 1.0000 test 0.4315
epoch 182/200 loss 0.0150 train 1.0000 test 0.4298
epoch 183/200 loss 0.0147 train 1.0000 test 0.4285
epoch 184/200 loss 0.0151 train 1.0000 test 0.4302
epoch 185/200 loss 0.0148 train 1.0000 test 0.4299
epoch 186/200 loss 0.0149 train 0.9998 test 0.4306
epoch 187/200 loss 0.0149 train 1.0000 test 0.4297
epoch 188/200 loss 0.0147 train 0.9998 test 0.4298
epoch 189/200 loss 0.0148 train 1.0000 test 0.4300
epoch 190/200 loss 0.0152 train 0.9998 test 0.4305
epoch 191/200 loss 0.0142 train 1.0000 test 0.4297
epoch 192/200 loss 0.0140 train 1.0000 test 0.4318
epoch 193/200 loss 0.0143 train 1.0000 test 0.4310
epoch 194/200 loss 0.0150 train 1.0000 test 0.4313
epoch 195/200 loss 0.0141 train 0.9998 test 0.4306
epoch 196/200 loss 0.0139 train 0.9998 test 0.4302
epoch 197/200 loss 0.0142 train 1.0000 test 0.4308
epoch 198/200 loss 0.0147 train 1.0000 test 0.4299
epoch 199/200 loss 0.0142 train 1.0000 test 0.4294
epoch 200/200 loss 0.0144 train 1.0000 test 0.4307
done: final 0.4307 best 0.4323 -> ./runs/auxmag_10pct_l100/seed0
moment-aux target calibrated on 1024 images
[auxmag_10pct_l100 seed1] {"params_trainable": 11222188, "params_stem_trainable": 0, "params_stem_fixed_filters": 0, "flops_total": 556705792, "flops_stem": 0, "flops_image_size": 32}
epoch 1/200 loss 5.5088 train 0.0288 test 0.0518
epoch 2/200 loss 4.4233 train 0.0603 test 0.0864
epoch 3/200 loss 4.0936 train 0.0938 test 0.0910
epoch 4/200 loss 3.8976 train 0.1232 test 0.1108
epoch 5/200 loss 3.7712 train 0.1402 test 0.1255
epoch 6/200 loss 3.6058 train 0.1627 test 0.1494
epoch 7/200 loss 3.4979 train 0.1761 test 0.1625
epoch 8/200 loss 3.3699 train 0.2049 test 0.1736
epoch 9/200 loss 3.2794 train 0.2075 test 0.1732
epoch 10/200 loss 3.1631 train 0.2396 test 0.1648
epoch 11/200 loss 3.0567 train 0.2438 test 0.1933
epoch 12/200 loss 2.9530 train 0.2756 test 0.1934
epoch 13/200 loss 2.8328 train 0.2961 test 0.2179
epoch 14/200 loss 2.7470 train 0.3065 test 0.2382
epoch 15/200 loss 2.6490 train 0.3317 test 0.2294
epoch 16/200 loss 2.5452 train 0.3488 test 0.2293
epoch 17/200 loss 2.4495 train 0.3744 test 0.2393
epoch 18/200 loss 2.3636 train 0.3854 test 0.2547
epoch 19/200 loss 2.2710 train 0.3942 test 0.2950
epoch 20/200 loss 2.1630 train 0.4299 test 0.2516
epoch 21/200 loss 2.1110 train 0.4401 test 0.2641
epoch 22/200 loss 2.0071 train 0.4659 test 0.2666
epoch 23/200 loss 1.9272 train 0.4878 test 0.2783
epoch 24/200 loss 1.7940 train 0.5084 test 0.2757
epoch 25/200 loss 1.7279 train 0.5337 test 0.2776
epoch 26/200 loss 1.6556 train 0.5513 test 0.3008
epoch 27/200 loss 1.5784 train 0.5645 test 0.2956
epoch 28/200 loss 1.4885 train 0.5923 test 0.3082
epoch 29/200 loss 1.3870 train 0.6148 test 0.3350
epoch 30/200 loss 1.3419 train 0.6292 test 0.3126
epoch 31/200 loss 1.2667 train 0.6456 test 0.3297
epoch 32/200 loss 1.1852 train 0.6683 test 0.2991
epoch 33/200 loss 1.1716 train 0.6729 test 0.3016
epoch 34/200 loss 1.0243 train 0.7173 test 0.3058
epoch 35/200 loss 0.9854 train 0.7280 test 0.3298
epoch 36/200 loss 0.9469 train 0.7310 test 0.2909
epoch 37/200 loss 0.8488 train 0.7612 test 0.3302
epoch 38/200 loss 0.7672 train 0.7903 test 0.3316
epoch 39/200 loss 0.6935 train 0.8153 test 0.3334
epoch 40/200 loss 0.6869 train 0.8047 test 0.3325
epoch 41/200 loss 0.6705 train 0.8191 test 0.3155
epoch 42/200 loss 0.5979 train 0.8353 test 0.3460
epoch 43/200 loss 0.5400 train 0.8618 test 0.3331
epoch 44/200 loss 0.5628 train 0.8528 test 0.2984
epoch 45/200 loss 0.5819 train 0.8480 test 0.3533
epoch 46/200 loss 0.4715 train 0.8820 test 0.3436
epoch 47/200 loss 0.4266 train 0.8916 test 0.3307
epoch 48/200 loss 0.3623 train 0.9133 test 0.3389
epoch 49/200 loss 0.3646 train 0.9083 test 0.3353
epoch 50/200 loss 0.3558 train 0.9159 test 0.3668
epoch 51/200 loss 0.3349 train 0.9211 test 0.3523
epoch 52/200 loss 0.2903 train 0.9351 test 0.3604
epoch 53/200 loss 0.2518 train 0.9473 test 0.3691
epoch 54/200 loss 0.2380 train 0.9447 test 0.3653
epoch 55/200 loss 0.2634 train 0.9387 test 0.3694
epoch 56/200 loss 0.2693 train 0.9419 test 0.3586
epoch 57/200 loss 0.2579 train 0.9397 test 0.3371
epoch 58/200 loss 0.3073 train 0.9281 test 0.3628
epoch 59/200 loss 0.2609 train 0.9447 test 0.3639
epoch 60/200 loss 0.2438 train 0.9471 test 0.3617
epoch 61/200 loss 0.2152 train 0.9561 test 0.3538
epoch 62/200 loss 0.2146 train 0.9555 test 0.3663
epoch 63/200 loss 0.1834 train 0.9647 test 0.3671
epoch 64/200 loss 0.1797 train 0.9643 test 0.3734
epoch 65/200 loss 0.1590 train 0.9712 test 0.3773
epoch 66/200 loss 0.1645 train 0.9681 test 0.3760
epoch 67/200 loss 0.1329 train 0.9792 test 0.3750
epoch 68/200 loss 0.1236 train 0.9792 test 0.3947
epoch 69/200 loss 0.0960 train 0.9878 test 0.3797
epoch 70/200 loss 0.0945 train 0.9896 test 0.3780
epoch 71/200 loss 0.0841 train 0.9910 test 0.4009
epoch 72/200 loss 0.0739 train 0.9938 test 0.4021
epoch 73/200 loss 0.0749 train 0.9932 test 0.4017
epoch 74/200 loss 0.0694 train 0.9944 test 0.4138
epoch 75/200 loss 0.0657 train 0.9938 test 0.3909
epoch 76/200 loss 0.0666 train 0.9948 test 0.4049
epoch 77/200 loss 0.0525 train 0.9984 test 0.4159
epoch 78/200 loss 0.0416 train 0.9986 test 0.4149
epoch 79/200 loss 0.0403 train 0.9992 test 0.4181
epoch 80/200 loss 0.0324 train 0.9998 test 0.4283
epoch 81/200 loss 0.0315 train 0.9994 test 0.4294
epoch 82/200 loss 0.0324 train 0.9998 test 0.4309
epoch 83/200 loss 0.0297 train 0.9998 test 0.4315
epoch 84/200 loss 0.0314 train 0.9998 test 0.4304
epoch 85/200 loss 0.0294 train 0.9998 test 0.4306
epoch 86/200 loss 0.0280 train 0.9996 test 0.4307
epoch 87/200 loss 0.0259 train 0.9996 test 0.4303
epoch 88/200 loss 0.0263 train 0.9996 test 0.4271
epoch 89/200 loss 0.0262 train 0.9996 test 0.4294
epoch 90/200 loss 0.0261 train 0.9998 test 0.4292
epoch 91/200 loss 0.0257 train 0.9996 test 0.4337
epoch 92/200 loss 0.0252 train 0.9996 test 0.4353
epoch 93/200 loss 0.0243 train 0.9998 test 0.4263
epoch 94/200 loss 0.0252 train 0.9996 test 0.4281
epoch 95/200 loss 0.0257 train 0.9996 test 0.4332
epoch 96/200 loss 0.0263 train 0.9996 test 0.4311
epoch 97/200 loss 0.0247 train 0.9998 test 0.4323
epoch 98/200 loss 0.0234 train 0.9996 test 0.4298
epoch 99/200 loss 0.0239 train 0.9996 test 0.4294
epoch 100/200 loss 0.0242 train 0.9998 test 0.4293
epoch 101/200 loss 0.0233 train 0.9996 test 0.4283
epoch 102/200 loss 0.0217 train 0.9998 test 0.4322
epoch 103/200 loss 0.0228 train 0.9996 test 0.4313
epoch 104/200 loss 0.0212 train 0.9998 test 0.4369
epoch 105/200 loss 0.0209 train 0.9998 test 0.4334
epoch 106/200 loss 0.0223 train 0.9998 test 0.4346
epoch 107/200 loss 0.0215 train 0.9998 test 0.4276
epoch 108/200 loss 0.0213 train 0.9998 test 0.4311
epoch 109/200 loss 0.0205 train 0.9996 test 0.4317
epoch 110/200 loss 0.0209 train 0.9998 test 0.4331
epoch 111/200 loss 0.0205 train 0.9996 test 0.4320
epoch 112/200 loss 0.0209 train 0.9998 test 0.4310
epoch 113/200 loss 0.0189 train 0.9998 test 0.4334
epoch 114/200 loss 0.0220 train 0.9998 test 0.4327
epoch 115/200 loss 0.0207 train 0.9998 test 0.4337
epoch 116/200 loss 0.0204 train 0.9998 test 0.4352
epoch 117/200 loss 0.0195 train 0.9998 test 0.4333
epoch 118/200 loss 0.0187 train 0.9996 test 0.4352
epoch 119/200 loss 0.0194 train 0.9998 test 0.4321
epoch 120/200 loss 0.0188 train 0.9998 test 0.4349
epoch 121/200 loss 0.0194 train 0.9998 test 0.4338
epoch 122/200 loss 0.0194 train 0.9998 test 0.4326
epoch 123/200 loss 0.0187 train 0.9996 test 0.4354
epoch 124/200 loss 0.0192 train 0.9998 test 0.4315
epoch 125/200 loss 0.0180 train 0.9998 test 0.4326
epoch 126/200 loss 0.0182 train 1.0000 test 0.4339
epoch 127/200 loss 0.0176 train 0.9996 test 0.4347
epoch 128/200 loss 0.0179 train 0.9996 test 0.4322
epoch 129/200 loss 0.0176 train 0.9996 test 0.4329
epoch 130/200 loss 0.0175 train 0.9998 test 0.4291
epoch 131/200 loss 0.0169 train 0.9996 test 0.4335
epoch 132/200 loss 0.0170 train 0.9998 test 0.4339
epoch 133/200 loss 0.0177 train 1.0000 test 0.4335
epoch 134/200 loss 0.0177 train 1.0000 test 0.4329
epoch 135/200 loss 0.0161 train 0.9998 test 0.4329
epoch 136/200 loss 0.0176 train 0.9996 test 0.4328
epoch 137/200 loss 0.0170 train 0.9998 test 0.4336
epoch 138/200 loss 0.0168 train 0.9998 test 0.4333
epoch 139/200 loss 0.0170 train 0.9998 test 0.4326
epoch 140/200 loss 0.0168 train 0.9998 test 0.4292
epoch 141/200 loss 0.0170 train 0.9998 test 0.4332
epoch 142/200 loss 0.0157 train 0.9996 test 0.4314
epoch 143/200 loss 0.0157 train 0.9998 test 0.4333
epoch 144/200 loss 0.0157 train 0.9998 test 0.4330
epoch 145/200 loss 0.0159 train 1.0000 test 0.4323
epoch 146/200 loss 0.0162 train 0.9998 test 0.4323
epoch 147/200 loss 0.0158 train 0.9996 test 0.4324
epoch 148/200 loss 0.0169 train 0.9998 test 0.4341
epoch 149/200 loss 0.0149 train 0.9998 test 0.4326
epoch 150/200 loss 0.0150 train 0.9998 test 0.4329
epoch 151/200 loss 0.0156 train 0.9998 test 0.4350
epoch 152/200 loss 0.0162 train 0.9996 test 0.4343
epoch 153/200 loss 0.0150 train 0.9998 test 0.4355
epoch 154/200 loss 0.0155 train 0.9998 test 0.4339
epoch 155/200 loss 0.0156 train 0.9996 test 0.4339
epoch 156/200 loss 0.0147 train 0.9998 test 0.4331
epoch 157/200 loss 0.0153 train 0.9998 test 0.4336
epoch 158/200 loss 0.0147 train 0.9996 test 0.4350
epoch 159/200 loss 0.0148 train 1.0000 test 0.4347
epoch 160/200 loss 0.0139 train 1.0000 test 0.4364
epoch 161/200 loss 0.0143 train 1.0000 test 0.4326
epoch 162/200 loss 0.0149 train 0.9998 test 0.4369
epoch 163/200 loss 0.0149 train 0.9996 test 0.4353
epoch 164/200 loss 0.0148 train 0.9996 test 0.4362
epoch 165/200 loss 0.0144 train 1.0000 test 0.4347
epoch 166/200 loss 0.0155 train 0.9998 test 0.4336
epoch 167/200 loss 0.0143 train 0.9998 test 0.4346
epoch 168/200 loss 0.0145 train 0.9998 test 0.4372
epoch 169/200 loss 0.0141 train 0.9998 test 0.4347
epoch 170/200 loss 0.0141 train 0.9996 test 0.4356
epoch 171/200 loss 0.0142 train 1.0000 test 0.4351
epoch 172/200 loss 0.0138 train 1.0000 test 0.4348
epoch 173/200 loss 0.0146 train 1.0000 test 0.4331
epoch 174/200 loss 0.0134 train 1.0000 test 0.4345
epoch 175/200 loss 0.0131 train 0.9998 test 0.4364
epoch 176/200 loss 0.0135 train 1.0000 test 0.4342
epoch 177/200 loss 0.0137 train 0.9998 test 0.4346
epoch 178/200 loss 0.0138 train 1.0000 test 0.4337
epoch 179/200 loss 0.0143 train 0.9998 test 0.4337
epoch 180/200 loss 0.0143 train 1.0000 test 0.4340
epoch 181/200 loss 0.0133 train 1.0000 test 0.4351
epoch 182/200 loss 0.0136 train 1.0000 test 0.4348
epoch 183/200 loss 0.0134 train 1.0000 test 0.4346
epoch 184/200 loss 0.0137 train 0.9998 test 0.4354
epoch 185/200 loss 0.0141 train 1.0000 test 0.4339
epoch 186/200 loss 0.0135 train 1.0000 test 0.4349
epoch 187/200 loss 0.0131 train 1.0000 test 0.4340
epoch 188/200 loss 0.0131 train 0.9996 test 0.4348
epoch 189/200 loss 0.0131 train 0.9998 test 0.4329
epoch 190/200 loss 0.0134 train 1.0000 test 0.4338
epoch 191/200 loss 0.0134 train 1.0000 test 0.4347
epoch 192/200 loss 0.0140 train 0.9998 test 0.4340
epoch 193/200 loss 0.0136 train 0.9998 test 0.4338
epoch 194/200 loss 0.0133 train 0.9998 test 0.4348
epoch 195/200 loss 0.0144 train 0.9998 test 0.4340
epoch 196/200 loss 0.0143 train 1.0000 test 0.4338
epoch 197/200 loss 0.0139 train 1.0000 test 0.4344
epoch 198/200 loss 0.0137 train 1.0000 test 0.4341
epoch 199/200 loss 0.0141 train 1.0000 test 0.4346
epoch 200/200 loss 0.0144 train 1.0000 test 0.4342
done: final 0.4342 best 0.4372 -> ./runs/auxmag_10pct_l100/seed1
moment-aux target calibrated on 1024 images
[auxmag_10pct_l100 seed2] {"params_trainable": 11222188, "params_stem_trainable": 0, "params_stem_fixed_filters": 0, "flops_total": 556705792, "flops_stem": 0, "flops_image_size": 32}
epoch 1/200 loss 5.3911 train 0.0341 test 0.0574
epoch 2/200 loss 4.3848 train 0.0707 test 0.0928
epoch 3/200 loss 4.0879 train 0.1028 test 0.0968
epoch 4/200 loss 3.8895 train 0.1276 test 0.1144
epoch 5/200 loss 3.7610 train 0.1484 test 0.1399
epoch 6/200 loss 3.6247 train 0.1639 test 0.1385
epoch 7/200 loss 3.5103 train 0.1785 test 0.1376
epoch 8/200 loss 3.3889 train 0.1991 test 0.1763
epoch 9/200 loss 3.2960 train 0.2075 test 0.1660
epoch 10/200 loss 3.1756 train 0.2276 test 0.1739
epoch 11/200 loss 3.1045 train 0.2474 test 0.1896
epoch 12/200 loss 2.9762 train 0.2592 test 0.1860
epoch 13/200 loss 2.8718 train 0.2810 test 0.2103
epoch 14/200 loss 2.7932 train 0.3039 test 0.2211
epoch 15/200 loss 2.6832 train 0.3261 test 0.2331
epoch 16/200 loss 2.5800 train 0.3431 test 0.2261
epoch 17/200 loss 2.4683 train 0.3556 test 0.2557
epoch 18/200 loss 2.3555 train 0.3894 test 0.2336
epoch 19/200 loss 2.3081 train 0.3912 test 0.2502
epoch 20/200 loss 2.1763 train 0.4195 test 0.3125
epoch 21/200 loss 2.0885 train 0.4389 test 0.2532
epoch 22/200 loss 2.0375 train 0.4625 test 0.2582
epoch 23/200 loss 1.8933 train 0.4928 test 0.2784
epoch 24/200 loss 1.8484 train 0.5072 test 0.2978
epoch 25/200 loss 1.7407 train 0.5319 test 0.3029
epoch 26/200 loss 1.6336 train 0.5525 test 0.2795
epoch 27/200 loss 1.5923 train 0.5621 test 0.2711
epoch 28/200 loss 1.4601 train 0.5984 test 0.2841
epoch 29/200 loss 1.4126 train 0.6068 test 0.2979
epoch 30/200 loss 1.3554 train 0.6212 test 0.3236
epoch 31/200 loss 1.2499 train 0.6567 test 0.3100
epoch 32/200 loss 1.1525 train 0.6865 test 0.3334
epoch 33/200 loss 1.0509 train 0.7093 test 0.3047
epoch 34/200 loss 1.0015 train 0.7167 test 0.3363
epoch 35/200 loss 0.9717 train 0.7276 test 0.2828
epoch 36/200 loss 0.9408 train 0.7344 test 0.3250
epoch 37/200 loss 0.9133 train 0.7486 test 0.3350
epoch 38/200 loss 0.7721 train 0.7873 test 0.3023
epoch 39/200 loss 0.7646 train 0.7825 test 0.2823
epoch 40/200 loss 0.6628 train 0.8171 test 0.3342
epoch 41/200 loss 0.5981 train 0.8397 test 0.3293
epoch 42/200 loss 0.5855 train 0.8403 test 0.3326
epoch 43/200 loss 0.5693 train 0.8488 test 0.3269
epoch 44/200 loss 0.5830 train 0.8448 test 0.3402
epoch 45/200 loss 0.4758 train 0.8816 test 0.3438
epoch 46/200 loss 0.4268 train 0.8964 test 0.3308
epoch 47/200 loss 0.3829 train 0.9050 test 0.3612
epoch 48/200 loss 0.3793 train 0.9044 test 0.3579
epoch 49/200 loss 0.3529 train 0.9139 test 0.3431
epoch 50/200 loss 0.3308 train 0.9197 test 0.3426
epoch 51/200 loss 0.3488 train 0.9163 test 0.3638
epoch 52/200 loss 0.3026 train 0.9269 test 0.3554
epoch 53/200 loss 0.2880 train 0.9297 test 0.3607
epoch 54/200 loss 0.2595 train 0.9425 test 0.3345
epoch 55/200 loss 0.2675 train 0.9391 test 0.3603
epoch 56/200 loss 0.2677 train 0.9357 test 0.3167
epoch 57/200 loss 0.2958 train 0.9323 test 0.3457
epoch 58/200 loss 0.2708 train 0.9369 test 0.3394
epoch 59/200 loss 0.2712 train 0.9367 test 0.3353
epoch 60/200 loss 0.2402 train 0.9459 test 0.3541
epoch 61/200 loss 0.1968 train 0.9619 test 0.3544
epoch 62/200 loss 0.1789 train 0.9679 test 0.3606
epoch 63/200 loss 0.1591 train 0.9732 test 0.3667
epoch 64/200 loss 0.1513 train 0.9734 test 0.3840
epoch 65/200 loss 0.1470 train 0.9734 test 0.3642
epoch 66/200 loss 0.1149 train 0.9844 test 0.3884
epoch 67/200 loss 0.0897 train 0.9920 test 0.4043
epoch 68/200 loss 0.0801 train 0.9916 test 0.3969
epoch 69/200 loss 0.0835 train 0.9902 test 0.3843
epoch 70/200 loss 0.0859 train 0.9904 test 0.3958
epoch 71/200 loss 0.0713 train 0.9938 test 0.4009
epoch 72/200 loss 0.0734 train 0.9942 test 0.3909
epoch 73/200 loss 0.0583 train 0.9978 test 0.4096
epoch 74/200 loss 0.0478 train 0.9988 test 0.4062
epoch 75/200 loss 0.0399 train 0.9994 test 0.4218
epoch 76/200 loss 0.0350 train 0.9992 test 0.4207
epoch 77/200 loss 0.0330 train 0.9996 test 0.4253
epoch 78/200 loss 0.0364 train 0.9986 test 0.4229
epoch 79/200 loss 0.0336 train 0.9994 test 0.4208
epoch 80/200 loss 0.0307 train 0.9996 test 0.4219
epoch 81/200 loss 0.0289 train 0.9998 test 0.4278
epoch 82/200 loss 0.0285 train 0.9998 test 0.4281
epoch 83/200 loss 0.0279 train 0.9996 test 0.4281
epoch 84/200 loss 0.0292 train 1.0000 test 0.4272
epoch 85/200 loss 0.0289 train 0.9996 test 0.4290
epoch 86/200 loss 0.0265 train 0.9998 test 0.4271
epoch 87/200 loss 0.0267 train 0.9998 test 0.4288
epoch 88/200 loss 0.0262 train 0.9996 test 0.4286
epoch 89/200 loss 0.0262 train 0.9998 test 0.4299
epoch 90/200 loss 0.0256 train 0.9996 test 0.4305
epoch 91/200 loss 0.0241 train 0.9998 test 0.4328
epoch 92/200 loss 0.0248 train 0.9998 test 0.4332
epoch 93/200 loss 0.0259 train 0.9996 test 0.4307
epoch 94/200 loss 0.0249 train 0.9996 test 0.4286
epoch 95/200 loss 0.0243 train 0.9996 test 0.4293
epoch 96/200 loss 0.0237 train 0.9998 test 0.4310
epoch 97/200 loss 0.0249 train 0.9998 test 0.4307
epoch 98/200 loss 0.0242 train 0.9998 test 0.4299
epoch 99/200 loss 0.0230 train 0.9996 test 0.4277
epoch 100/200 loss 0.0228 train 0.9996 test 0.4264
epoch 101/200 loss 0.0226 train 0.9998 test 0.4291
epoch 102/200 loss 0.0245 train 0.9990 test 0.4160
epoch 103/200 loss 0.0310 train 0.9988 test 0.4213
epoch 104/200 loss 0.0387 train 0.9980 test 0.4128
epoch 105/200 loss 0.0345 train 0.9990 test 0.4175
epoch 106/200 loss 0.0328 train 0.9990 test 0.4205
epoch 107/200 loss 0.0271 train 0.9994 test 0.4252
epoch 108/200 loss 0.0259 train 0.9996 test 0.4300
epoch 109/200 loss 0.0354 train 0.9974 test 0.4137
epoch 110/200 loss 0.0952 train 0.9850 test 0.3480
epoch 111/200 loss 0.2224 train 0.9599 test 0.2923
epoch 112/200 loss 0.3231 train 0.9341 test 0.3343
epoch 113/200 loss 0.3625 train 0.9183 test 0.3086
epoch 114/200 loss 0.4219 train 0.8942 test 0.3145
epoch 115/200 loss 0.3272 train 0.9239 test 0.3219
epoch 116/200 loss 0.2323 train 0.9531 test 0.3521
epoch 117/200 loss 0.1297 train 0.9824 test 0.3946
epoch 118/200 loss 0.0812 train 0.9920 test 0.4034
epoch 119/200 loss 0.0562 train 0.9978 test 0.4155
epoch 120/200 loss 0.0440 train 0.9988 test 0.4170
epoch 121/200 loss 0.0339 train 0.9996 test 0.4202
epoch 122/200 loss 0.0312 train 0.9998 test 0.4234
epoch 123/200 loss 0.0276 train 0.9998 test 0.4305
epoch 124/200 loss 0.0277 train 0.9996 test 0.4247
epoch 125/200 loss 0.0268 train 0.9992 test 0.4272
epoch 126/200 loss 0.0256 train 0.9996 test 0.4309
epoch 127/200 loss 0.0246 train 0.9998 test 0.4317
epoch 128/200 loss 0.0220 train 0.9998 test 0.4305
epoch 129/200 loss 0.0228 train 0.9998 test 0.4299
epoch 130/200 loss 0.0207 train 0.9998 test 0.4319
epoch 131/200 loss 0.0209 train 0.9998 test 0.4349
epoch 132/200 loss 0.0215 train 1.0000 test 0.4314
epoch 133/200 loss 0.0205 train 0.9996 test 0.4303
epoch 134/200 loss 0.0209 train 0.9998 test 0.4330
epoch 135/200 loss 0.0198 train 0.9994 test 0.4347
epoch 136/200 loss 0.0194 train 0.9996 test 0.4336
epoch 137/200 loss 0.0188 train 0.9996 test 0.4317
epoch 138/200 loss 0.0187 train 0.9996 test 0.4328
epoch 139/200 loss 0.0182 train 0.9998 test 0.4340
epoch 140/200 loss 0.0181 train 0.9998 test 0.4312
epoch 141/200 loss 0.0182 train 0.9996 test 0.4326
epoch 142/200 loss 0.0180 train 0.9998 test 0.4342
epoch 143/200 loss 0.0169 train 1.0000 test 0.4348
epoch 144/200 loss 0.0185 train 0.9998 test 0.4321
epoch 145/200 loss 0.0169 train 1.0000 test 0.4338
epoch 146/200 loss 0.0178 train 0.9998 test 0.4329
epoch 147/200 loss 0.0170 train 1.0000 test 0.4319
epoch 148/200 loss 0.0176 train 0.9996 test 0.4323
epoch 149/200 loss 0.0172 train 0.9996 test 0.4314
epoch 150/200 loss 0.0181 train 0.9998 test 0.4337
epoch 151/200 loss 0.0171 train 0.9996 test 0.4353
epoch 152/200 loss 0.0170 train 1.0000 test 0.4333
epoch 153/200 loss 0.0174 train 0.9996 test 0.4325
epoch 154/200 loss 0.0169 train 1.0000 test 0.4340
epoch 155/200 loss 0.0169 train 0.9996 test 0.4348
epoch 156/200 loss 0.0164 train 0.9998 test 0.4344
epoch 157/200 loss 0.0167 train 0.9998 test 0.4366
epoch 158/200 loss 0.0159 train 0.9996 test 0.4330
epoch 159/200 loss 0.0156 train 0.9998 test 0.4350
epoch 160/200 loss 0.0160 train 0.9998 test 0.4358
epoch 161/200 loss 0.0150 train 1.0000 test 0.4356
epoch 162/200 loss 0.0160 train 0.9998 test 0.4355
epoch 163/200 loss 0.0152 train 1.0000 test 0.4329
epoch 164/200 loss 0.0155 train 0.9996 test 0.4349
epoch 165/200 loss 0.0157 train 0.9998 test 0.4338
epoch 166/200 loss 0.0157 train 1.0000 test 0.4349
epoch 167/200 loss 0.0158 train 0.9998 test 0.4359
epoch 168/200 loss 0.0160 train 1.0000 test 0.4331
epoch 169/200 loss 0.0150 train 1.0000 test 0.4339
epoch 170/200 loss 0.0159 train 0.9998 test 0.4333
epoch 171/200 loss 0.0163 train 1.0000 test 0.4323
epoch 172/200 loss 0.0156 train 0.9998 test 0.4341
epoch 173/200 loss 0.0154 train 0.9998 test 0.4353
epoch 174/200 loss 0.0156 train 0.9998 test 0.4341
epoch 175/200 loss 0.0154 train 1.0000 test 0.4330
epoch 176/200 loss 0.0158 train 1.0000 test 0.4334
epoch 177/200 loss 0.0155 train 0.9998 test 0.4322
epoch 178/200 loss 0.0142 train 0.9998 test 0.4357
epoch 179/200 loss 0.0147 train 1.0000 test 0.4343
epoch 180/200 loss 0.0144 train 0.9996 test 0.4342
epoch 181/200 loss 0.0167 train 0.9998 test 0.4327
epoch 182/200 loss 0.0153 train 1.0000 test 0.4340
epoch 183/200 loss 0.0149 train 1.0000 test 0.4340
epoch 184/200 loss 0.0149 train 1.0000 test 0.4343
epoch 185/200 loss 0.0152 train 1.0000 test 0.4342
epoch 186/200 loss 0.0153 train 1.0000 test 0.4333
epoch 187/200 loss 0.0152 train 1.0000 test 0.4331
epoch 188/200 loss 0.0149 train 0.9998 test 0.4339
epoch 189/200 loss 0.0149 train 1.0000 test 0.4339
epoch 190/200 loss 0.0145 train 1.0000 test 0.4352
epoch 191/200 loss 0.0158 train 1.0000 test 0.4345
epoch 192/200 loss 0.0152 train 1.0000 test 0.4336
epoch 193/200 loss 0.0149 train 1.0000 test 0.4336
epoch 194/200 loss 0.0145 train 1.0000 test 0.4345
epoch 195/200 loss 0.0164 train 1.0000 test 0.4346
epoch 196/200 loss 0.0147 train 1.0000 test 0.4317
epoch 197/200 loss 0.0151 train 1.0000 test 0.4350
epoch 198/200 loss 0.0151 train 0.9998 test 0.4353
epoch 199/200 loss 0.0147 train 0.9998 test 0.4334
epoch 200/200 loss 0.0144 train 1.0000 test 0.4356
done: final 0.4356 best 0.4366 -> ./runs/auxmag_10pct_l100/seed2
AUXL_auxmag_10pct_l100_DONE
moment-aux target calibrated on 1024 images
[auxmag_100pct_l100 seed0] {"params_trainable": 11222188, "params_stem_trainable": 0, "params_stem_fixed_filters": 0, "flops_total": 556705792, "flops_stem": 0, "flops_image_size": 32}
epoch 1/200 loss 3.9617 train 0.1281 test 0.1901
epoch 2/200 loss 2.9873 train 0.2631 test 0.3037
epoch 3/200 loss 2.4795 train 0.3624 test 0.3196
epoch 4/200 loss 2.1533 train 0.4344 test 0.3587
epoch 5/200 loss 1.9493 train 0.4831 test 0.4381
epoch 6/200 loss 1.8182 train 0.5127 test 0.4435
epoch 7/200 loss 1.7034 train 0.5405 test 0.4602
epoch 8/200 loss 1.6356 train 0.5590 test 0.4803
epoch 9/200 loss 1.5519 train 0.5776 test 0.5104
epoch 10/200 loss 1.5114 train 0.5874 test 0.4923
epoch 11/200 loss 1.4612 train 0.5996 test 0.5129
epoch 12/200 loss 1.4304 train 0.6064 test 0.4969
epoch 13/200 loss 1.3826 train 0.6177 test 0.4711
epoch 14/200 loss 1.3540 train 0.6270 test 0.5316
epoch 15/200 loss 1.3269 train 0.6327 test 0.5626
epoch 16/200 loss 1.3043 train 0.6377 test 0.5415
epoch 17/200 loss 1.2887 train 0.6429 test 0.5319
epoch 18/200 loss 1.2567 train 0.6508 test 0.5802
epoch 19/200 loss 1.2335 train 0.6570 test 0.5498
epoch 20/200 loss 1.2374 train 0.6555 test 0.5635
epoch 21/200 loss 1.2124 train 0.6617 test 0.5576
epoch 22/200 loss 1.1918 train 0.6677 test 0.5354
epoch 23/200 loss 1.1809 train 0.6723 test 0.5587
epoch 24/200 loss 1.1720 train 0.6732 test 0.5735
epoch 25/200 loss 1.1629 train 0.6753 test 0.5938
epoch 26/200 loss 1.1556 train 0.6786 test 0.5814
epoch 27/200 loss 1.1458 train 0.6801 test 0.5594
epoch 28/200 loss 1.1357 train 0.6820 test 0.5348
epoch 29/200 loss 1.1198 train 0.6854 test 0.5723
epoch 30/200 loss 1.1114 train 0.6910 test 0.5699
epoch 31/200 loss 1.1094 train 0.6885 test 0.5831
epoch 32/200 loss 1.0862 train 0.6980 test 0.5840
epoch 33/200 loss 1.1070 train 0.6881 test 0.5864
epoch 34/200 loss 1.0746 train 0.6971 test 0.5763
epoch 35/200 loss 1.0800 train 0.6969 test 0.5801
epoch 36/200 loss 1.0595 train 0.7014 test 0.5830
epoch 37/200 loss 1.0594 train 0.7009 test 0.5846
epoch 38/200 loss 1.0585 train 0.7006 test 0.5549
epoch 39/200 loss 1.0486 train 0.7052 test 0.5822
epoch 40/200 loss 1.0295 train 0.7120 test 0.5351
epoch 41/200 loss 1.0264 train 0.7125 test 0.5768
epoch 42/200 loss 1.0370 train 0.7080 test 0.5810
epoch 43/200 loss 1.0184 train 0.7129 test 0.5948
epoch 44/200 loss 1.0202 train 0.7111 test 0.5656
epoch 45/200 loss 1.0033 train 0.7177 test 0.5625
epoch 46/200 loss 1.0091 train 0.7152 test 0.5973
epoch 47/200 loss 0.9901 train 0.7210 test 0.5643
epoch 48/200 loss 0.9875 train 0.7225 test 0.5586
epoch 49/200 loss 0.9859 train 0.7217 test 0.5848
epoch 50/200 loss 0.9776 train 0.7242 test 0.5740
epoch 51/200 loss 0.9498 train 0.7325 test 0.5606
epoch 52/200 loss 0.9708 train 0.7252 test 0.5946
epoch 53/200 loss 0.9525 train 0.7305 test 0.5680
epoch 54/200 loss 0.9504 train 0.7316 test 0.5782
epoch 55/200 loss 0.9444 train 0.7325 test 0.5588
epoch 56/200 loss 0.9358 train 0.7369 test 0.6095
epoch 57/200 loss 0.9374 train 0.7349 test 0.6238
epoch 58/200 loss 0.9206 train 0.7388 test 0.5991
epoch 59/200 loss 0.9109 train 0.7424 test 0.6330
epoch 60/200 loss 0.9075 train 0.7431 test 0.5839
epoch 61/200 loss 0.8985 train 0.7455 test 0.5826
epoch 62/200 loss 0.8931 train 0.7452 test 0.6282
epoch 63/200 loss 0.8819 train 0.7496 test 0.5873
epoch 64/200 loss 0.8805 train 0.7483 test 0.5783
epoch 65/200 loss 0.8694 train 0.7531 test 0.5943
epoch 66/200 loss 0.8696 train 0.7517 test 0.5861
epoch 67/200 loss 0.8469 train 0.7583 test 0.5779
epoch 68/200 loss 0.8515 train 0.7583 test 0.6259
epoch 69/200 loss 0.8521 train 0.7573 test 0.6213
epoch 70/200 loss 0.8390 train 0.7610 test 0.6178
epoch 71/200 loss 0.8317 train 0.7659 test 0.6194
epoch 72/200 loss 0.8211 train 0.7639 test 0.6248
epoch 73/200 loss 0.8021 train 0.7705 test 0.6073
epoch 74/200 loss 0.8073 train 0.7686 test 0.6419
epoch 75/200 loss 0.7918 train 0.7745 test 0.5950
epoch 76/200 loss 0.7819 train 0.7744 test 0.6296
epoch 77/200 loss 0.7749 train 0.7762 test 0.6178
epoch 78/200 loss 0.7741 train 0.7780 test 0.6092
epoch 79/200 loss 0.7484 train 0.7861 test 0.6175
epoch 80/200 loss 0.7569 train 0.7822 test 0.6399
epoch 81/200 loss 0.7470 train 0.7857 test 0.6180
epoch 82/200 loss 0.7391 train 0.7888 test 0.6236
epoch 83/200 loss 0.7172 train 0.7943 test 0.6178
epoch 84/200 loss 0.7196 train 0.7923 test 0.6395
epoch 85/200 loss 0.7086 train 0.7966 test 0.6040
epoch 86/200 loss 0.6901 train 0.8021 test 0.6115
epoch 87/200 loss 0.6971 train 0.7986 test 0.6295
epoch 88/200 loss 0.6833 train 0.8042 test 0.6220
epoch 89/200 loss 0.6714 train 0.8048 test 0.6310
epoch 90/200 loss 0.6515 train 0.8124 test 0.6167
epoch 91/200 loss 0.6721 train 0.8064 test 0.6349
epoch 92/200 loss 0.6436 train 0.8147 test 0.6241
epoch 93/200 loss 0.6237 train 0.8197 test 0.6270
epoch 94/200 loss 0.6281 train 0.8179 test 0.6383
epoch 95/200 loss 0.6143 train 0.8230 test 0.6451
epoch 96/200 loss 0.5952 train 0.8276 test 0.6152
epoch 97/200 loss 0.5917 train 0.8279 test 0.6048
epoch 98/200 loss 0.6008 train 0.8241 test 0.6375
epoch 99/200 loss 0.5614 train 0.8394 test 0.6257
epoch 100/200 loss 0.5754 train 0.8308 test 0.6288
epoch 101/200 loss 0.5606 train 0.8380 test 0.6394
epoch 102/200 loss 0.5208 train 0.8494 test 0.6724
epoch 103/200 loss 0.5392 train 0.8422 test 0.6471
epoch 104/200 loss 0.5321 train 0.8442 test 0.6385
epoch 105/200 loss 0.5212 train 0.8481 test 0.6431
epoch 106/200 loss 0.5008 train 0.8545 test 0.6440
epoch 107/200 loss 0.4814 train 0.8590 test 0.6683
epoch 108/200 loss 0.4781 train 0.8615 test 0.6530
epoch 109/200 loss 0.4741 train 0.8636 test 0.6556
epoch 110/200 loss 0.4607 train 0.8673 test 0.6671
epoch 111/200 loss 0.4505 train 0.8712 test 0.6555
epoch 112/200 loss 0.4441 train 0.8724 test 0.6520
epoch 113/200 loss 0.4221 train 0.8782 test 0.6159
epoch 114/200 loss 0.4273 train 0.8768 test 0.6399
epoch 115/200 loss 0.4122 train 0.8816 test 0.6636
epoch 116/200 loss 0.3961 train 0.8852 test 0.6758
epoch 117/200 loss 0.3856 train 0.8892 test 0.6589
epoch 118/200 loss 0.3712 train 0.8946 test 0.6534
epoch 119/200 loss 0.3681 train 0.8954 test 0.6853
epoch 120/200 loss 0.3540 train 0.8983 test 0.6577
epoch 121/200 loss 0.3570 train 0.8985 test 0.6504
epoch 122/200 loss 0.3343 train 0.9057 test 0.6736
epoch 123/200 loss 0.3222 train 0.9096 test 0.6830
epoch 124/200 loss 0.3066 train 0.9144 test 0.6795
epoch 125/200 loss 0.3090 train 0.9143 test 0.6646
epoch 126/200 loss 0.2881 train 0.9214 test 0.6833
epoch 127/200 loss 0.2753 train 0.9247 test 0.6695
epoch 128/200 loss 0.2823 train 0.9212 test 0.6707
epoch 129/200 loss 0.2607 train 0.9294 test 0.6798
epoch 130/200 loss 0.2565 train 0.9293 test 0.6691
epoch 131/200 loss 0.2406 train 0.9347 test 0.6757
epoch 132/200 loss 0.2353 train 0.9370 test 0.6978
epoch 133/200 loss 0.2163 train 0.9440 test 0.6950
epoch 134/200 loss 0.2074 train 0.9453 test 0.6911
epoch 135/200 loss 0.2079 train 0.9454 test 0.6851
epoch 136/200 loss 0.2035 train 0.9475 test 0.7021
epoch 137/200 loss 0.1807 train 0.9550 test 0.6937
epoch 138/200 loss 0.1828 train 0.9536 test 0.6970
epoch 139/200 loss 0.1706 train 0.9567 test 0.6942
epoch 140/200 loss 0.1554 train 0.9624 test 0.7001
epoch 141/200 loss 0.1466 train 0.9653 test 0.7065
epoch 142/200 loss 0.1412 train 0.9668 test 0.6949
epoch 143/200 loss 0.1359 train 0.9680 test 0.7004
epoch 144/200 loss 0.1184 train 0.9742 test 0.7111
epoch 145/200 loss 0.1080 train 0.9773 test 0.7177
epoch 146/200 loss 0.0963 train 0.9809 test 0.7240
epoch 147/200 loss 0.0927 train 0.9811 test 0.7214
epoch 148/200 loss 0.0834 train 0.9844 test 0.7169
epoch 149/200 loss 0.0728 train 0.9881 test 0.7355
epoch 150/200 loss 0.0570 train 0.9916 test 0.7411
epoch 151/200 loss 0.0584 train 0.9910 test 0.7390
epoch 152/200 loss 0.0580 train 0.9913 test 0.7403
epoch 153/200 loss 0.0469 train 0.9946 test 0.7404
epoch 154/200 loss 0.0471 train 0.9943 test 0.7399
epoch 155/200 loss 0.0392 train 0.9959 test 0.7536
epoch 156/200 loss 0.0357 train 0.9968 test 0.7548
epoch 157/200 loss 0.0318 train 0.9973 test 0.7532
epoch 158/200 loss 0.0278 train 0.9982 test 0.7612
epoch 159/200 loss 0.0273 train 0.9983 test 0.7632
epoch 160/200 loss 0.0240 train 0.9988 test 0.7665
epoch 161/200 loss 0.0227 train 0.9992 test 0.7686
epoch 162/200 loss 0.0209 train 0.9992 test 0.7706
epoch 163/200 loss 0.0204 train 0.9994 test 0.7701
epoch 164/200 loss 0.0201 train 0.9993 test 0.7773
epoch 165/200 loss 0.0197 train 0.9992 test 0.7735
epoch 166/200 loss 0.0190 train 0.9994 test 0.7747
epoch 167/200 loss 0.0187 train 0.9994 test 0.7801
epoch 168/200 loss 0.0183 train 0.9994 test 0.7751
epoch 169/200 loss 0.0183 train 0.9996 test 0.7793
epoch 170/200 loss 0.0178 train 0.9995 test 0.7806
epoch 171/200 loss 0.0185 train 0.9995 test 0.7796
epoch 172/200 loss 0.0180 train 0.9995 test 0.7821
epoch 173/200 loss 0.0181 train 0.9994 test 0.7788
epoch 174/200 loss 0.0173 train 0.9996 test 0.7792
epoch 175/200 loss 0.0173 train 0.9997 test 0.7779
epoch 176/200 loss 0.0168 train 0.9996 test 0.7801
epoch 177/200 loss 0.0171 train 0.9995 test 0.7799
epoch 178/200 loss 0.0167 train 0.9997 test 0.7828
epoch 179/200 loss 0.0167 train 0.9996 test 0.7810
epoch 180/200 loss 0.0167 train 0.9997 test 0.7819
epoch 181/200 loss 0.0163 train 0.9996 test 0.7819
epoch 182/200 loss 0.0161 train 0.9997 test 0.7823
epoch 183/200 loss 0.0164 train 0.9996 test 0.7806
epoch 184/200 loss 0.0159 train 0.9997 test 0.7806
epoch 185/200 loss 0.0161 train 0.9996 test 0.7808
epoch 186/200 loss 0.0160 train 0.9997 test 0.7832
epoch 187/200 loss 0.0161 train 0.9996 test 0.7834
epoch 188/200 loss 0.0160 train 0.9996 test 0.7832
epoch 189/200 loss 0.0160 train 0.9997 test 0.7836
epoch 190/200 loss 0.0155 train 0.9997 test 0.7838
epoch 191/200 loss 0.0158 train 0.9997 test 0.7841
epoch 192/200 loss 0.0155 train 0.9997 test 0.7841
epoch 193/200 loss 0.0154 train 0.9997 test 0.7846
epoch 194/200 loss 0.0157 train 0.9997 test 0.7832
epoch 195/200 loss 0.0159 train 0.9997 test 0.7835
epoch 196/200 loss 0.0156 train 0.9997 test 0.7843
epoch 197/200 loss 0.0157 train 0.9997 test 0.7846
epoch 198/200 loss 0.0155 train 0.9998 test 0.7825
epoch 199/200 loss 0.0155 train 0.9997 test 0.7836
epoch 200/200 loss 0.0154 train 0.9997 test 0.7827
done: final 0.7827 best 0.7846 -> ./runs/auxmag_100pct_l100/seed0
moment-aux target calibrated on 1024 images
[auxmag_100pct_l100 seed1] {"params_trainable": 11222188, "params_stem_trainable": 0, "params_stem_fixed_filters": 0, "flops_total": 556705792, "flops_stem": 0, "flops_image_size": 32}
epoch 1/200 loss 3.9514 train 0.1281 test 0.1839
epoch 2/200 loss 2.9753 train 0.2595 test 0.2445
epoch 3/200 loss 2.4854 train 0.3586 test 0.3856
epoch 4/200 loss 2.1588 train 0.4330 test 0.4276
epoch 5/200 loss 1.9638 train 0.4792 test 0.4218
epoch 6/200 loss 1.8181 train 0.5131 test 0.4215
epoch 7/200 loss 1.7096 train 0.5376 test 0.4782
epoch 8/200 loss 1.6333 train 0.5550 test 0.5084
epoch 9/200 loss 1.5649 train 0.5740 test 0.5415
epoch 10/200 loss 1.5076 train 0.5885 test 0.4722
epoch 11/200 loss 1.4605 train 0.5996 test 0.5368
epoch 12/200 loss 1.4260 train 0.6064 test 0.5152
epoch 13/200 loss 1.3783 train 0.6200 test 0.5429
epoch 14/200 loss 1.3483 train 0.6270 test 0.5164
epoch 15/200 loss 1.3330 train 0.6309 test 0.5417
epoch 16/200 loss 1.2930 train 0.6422 test 0.5256
epoch 17/200 loss 1.2889 train 0.6425 test 0.5496
epoch 18/200 loss 1.2560 train 0.6522 test 0.5563
epoch 19/200 loss 1.2444 train 0.6532 test 0.5659
epoch 20/200 loss 1.2274 train 0.6578 test 0.5505
epoch 21/200 loss 1.2144 train 0.6612 test 0.5628
epoch 22/200 loss 1.1974 train 0.6671 test 0.5635
epoch 23/200 loss 1.1858 train 0.6710 test 0.5609
epoch 24/200 loss 1.1677 train 0.6736 test 0.5839
epoch 25/200 loss 1.1588 train 0.6767 test 0.5490
epoch 26/200 loss 1.1631 train 0.6737 test 0.5800
epoch 27/200 loss 1.1461 train 0.6808 test 0.5510
epoch 28/200 loss 1.1368 train 0.6805 test 0.5583
epoch 29/200 loss 1.1299 train 0.6832 test 0.5867
epoch 30/200 loss 1.1182 train 0.6870 test 0.5891
epoch 31/200 loss 1.1070 train 0.6902 test 0.5985
epoch 32/200 loss 1.0930 train 0.6926 test 0.5828
epoch 33/200 loss 1.0918 train 0.6941 test 0.5912
epoch 34/200 loss 1.0884 train 0.6959 test 0.5841
epoch 35/200 loss 1.0809 train 0.6944 test 0.5793
epoch 36/200 loss 1.0696 train 0.6985 test 0.5792
epoch 37/200 loss 1.0663 train 0.7020 test 0.5692
epoch 38/200 loss 1.0489 train 0.7055 test 0.5911
epoch 39/200 loss 1.0413 train 0.7069 test 0.6051
epoch 40/200 loss 1.0436 train 0.7054 test 0.6085
epoch 41/200 loss 1.0308 train 0.7107 test 0.5771
epoch 42/200 loss 1.0250 train 0.7122 test 0.5945
epoch 43/200 loss 1.0170 train 0.7162 test 0.5966
epoch 44/200 loss 1.0141 train 0.7133 test 0.5561
epoch 45/200 loss 1.0077 train 0.7167 test 0.5709
epoch 46/200 loss 1.0082 train 0.7175 test 0.5986
epoch 47/200 loss 0.9949 train 0.7195 test 0.5777
epoch 48/200 loss 0.9916 train 0.7195 test 0.6003
epoch 49/200 loss 0.9852 train 0.7225 test 0.5882
epoch 50/200 loss 0.9782 train 0.7245 test 0.5961
epoch 51/200 loss 0.9696 train 0.7257 test 0.5960
epoch 52/200 loss 0.9664 train 0.7258 test 0.5989
epoch 53/200 loss 0.9519 train 0.7312 test 0.5698
epoch 54/200 loss 0.9601 train 0.7282 test 0.5916
epoch 55/200 loss 0.9425 train 0.7355 test 0.6055
epoch 56/200 loss 0.9352 train 0.7340 test 0.6125
epoch 57/200 loss 0.9287 train 0.7343 test 0.5968
epoch 58/200 loss 0.9145 train 0.7398 test 0.5907
epoch 59/200 loss 0.9268 train 0.7378 test 0.6150
epoch 60/200 loss 0.9030 train 0.7426 test 0.5962
epoch 61/200 loss 0.9036 train 0.7429 test 0.5939
epoch 62/200 loss 0.8940 train 0.7467 test 0.5710
epoch 63/200 loss 0.8863 train 0.7482 test 0.5919
epoch 64/200 loss 0.8782 train 0.7504 test 0.6180
epoch 65/200 loss 0.8642 train 0.7515 test 0.5546
epoch 66/200 loss 0.8676 train 0.7521 test 0.5812
epoch 67/200 loss 0.8574 train 0.7557 test 0.6170
epoch 68/200 loss 0.8418 train 0.7590 test 0.5795
epoch 69/200 loss 0.8429 train 0.7562 test 0.6209
epoch 70/200 loss 0.8372 train 0.7611 test 0.6075
epoch 71/200 loss 0.8277 train 0.7637 test 0.6303
epoch 72/200 loss 0.8192 train 0.7646 test 0.6316
epoch 73/200 loss 0.8051 train 0.7693 test 0.5910
epoch 74/200 loss 0.7937 train 0.7739 test 0.5937
epoch 75/200 loss 0.7886 train 0.7753 test 0.6097
epoch 76/200 loss 0.7869 train 0.7762 test 0.6009
epoch 77/200 loss 0.7859 train 0.7743 test 0.6294
epoch 78/200 loss 0.7678 train 0.7801 test 0.6125
epoch 79/200 loss 0.7684 train 0.7799 test 0.6316
epoch 80/200 loss 0.7545 train 0.7820 test 0.6317
epoch 81/200 loss 0.7411 train 0.7871 test 0.6279
epoch 82/200 loss 0.7410 train 0.7858 test 0.5717
epoch 83/200 loss 0.7205 train 0.7952 test 0.6366
epoch 84/200 loss 0.7163 train 0.7935 test 0.6078
epoch 85/200 loss 0.7158 train 0.7929 test 0.5888
epoch 86/200 loss 0.6903 train 0.8021 test 0.6394
epoch 87/200 loss 0.6852 train 0.8025 test 0.6172
epoch 88/200 loss 0.6810 train 0.8029 test 0.6214
epoch 89/200 loss 0.6747 train 0.8049 test 0.6219
epoch 90/200 loss 0.6720 train 0.8060 test 0.6080
epoch 91/200 loss 0.6524 train 0.8105 test 0.5919
epoch 92/200 loss 0.6443 train 0.8125 test 0.6455
epoch 93/200 loss 0.6276 train 0.8200 test 0.5860
epoch 94/200 loss 0.6261 train 0.8189 test 0.6433
epoch 95/200 loss 0.6124 train 0.8234 test 0.6243
epoch 96/200 loss 0.6130 train 0.8230 test 0.6416
epoch 97/200 loss 0.5959 train 0.8284 test 0.6403
epoch 98/200 loss 0.5745 train 0.8353 test 0.6498
epoch 99/200 loss 0.5772 train 0.8333 test 0.6338
epoch 100/200 loss 0.5607 train 0.8389 test 0.6435
epoch 101/200 loss 0.5609 train 0.8367 test 0.6277
epoch 102/200 loss 0.5391 train 0.8452 test 0.6554
epoch 103/200 loss 0.5338 train 0.8467 test 0.6380
epoch 104/200 loss 0.5127 train 0.8505 test 0.6365
epoch 105/200 loss 0.5152 train 0.8516 test 0.6431
epoch 106/200 loss 0.5072 train 0.8547 test 0.6284
epoch 107/200 loss 0.4897 train 0.8598 test 0.6493
epoch 108/200 loss 0.4872 train 0.8590 test 0.6465
epoch 109/200 loss 0.4641 train 0.8671 test 0.6593
epoch 110/200 loss 0.4683 train 0.8657 test 0.6498
epoch 111/200 loss 0.4492 train 0.8714 test 0.6372
epoch 112/200 loss 0.4385 train 0.8732 test 0.6566
epoch 113/200 loss 0.4421 train 0.8721 test 0.6584
epoch 114/200 loss 0.4101 train 0.8815 test 0.6672
epoch 115/200 loss 0.3936 train 0.8873 test 0.6462
epoch 116/200 loss 0.3997 train 0.8856 test 0.6434
epoch 117/200 loss 0.3886 train 0.8897 test 0.6593
epoch 118/200 loss 0.3759 train 0.8944 test 0.6636
epoch 119/200 loss 0.3697 train 0.8946 test 0.6553
epoch 120/200 loss 0.3532 train 0.9000 test 0.6772
epoch 121/200 loss 0.3416 train 0.9029 test 0.6532
epoch 122/200 loss 0.3372 train 0.9053 test 0.6701
epoch 123/200 loss 0.3132 train 0.9130 test 0.6651
epoch 124/200 loss 0.3251 train 0.9082 test 0.6764
epoch 125/200 loss 0.2991 train 0.9175 test 0.6646
epoch 126/200 loss 0.2935 train 0.9175 test 0.6589
epoch 127/200 loss 0.2970 train 0.9181 test 0.6733
epoch 128/200 loss 0.2678 train 0.9272 test 0.6650
epoch 129/200 loss 0.2501 train 0.9330 test 0.6769
epoch 130/200 loss 0.2431 train 0.9345 test 0.6742
epoch 131/200 loss 0.2467 train 0.9329 test 0.6826
epoch 132/200 loss 0.2403 train 0.9357 test 0.6881
epoch 133/200 loss 0.2278 train 0.9396 test 0.6912
epoch 134/200 loss 0.2060 train 0.9466 test 0.6853
epoch 135/200 loss 0.1920 train 0.9511 test 0.6983
epoch 136/200 loss 0.1921 train 0.9498 test 0.6911
epoch 137/200 loss 0.1852 train 0.9530 test 0.6882
epoch 138/200 loss 0.1763 train 0.9558 test 0.6990
epoch 139/200 loss 0.1644 train 0.9600 test 0.7064
epoch 140/200 loss 0.1589 train 0.9622 test 0.7080
epoch 141/200 loss 0.1462 train 0.9660 test 0.6994
epoch 142/200 loss 0.1442 train 0.9660 test 0.7044
epoch 143/200 loss 0.1333 train 0.9685 test 0.7026
epoch 144/200 loss 0.1221 train 0.9733 test 0.7155
epoch 145/200 loss 0.1116 train 0.9759 test 0.7178
epoch 146/200 loss 0.0999 train 0.9796 test 0.7169
epoch 147/200 loss 0.1021 train 0.9788 test 0.7156
epoch 148/200 loss 0.0865 train 0.9831 test 0.7232
epoch 149/200 loss 0.0706 train 0.9885 test 0.7303
epoch 150/200 loss 0.0733 train 0.9870 test 0.7350
epoch 151/200 loss 0.0569 train 0.9922 test 0.7387
epoch 152/200 loss 0.0463 train 0.9941 test 0.7488
epoch 153/200 loss 0.0403 train 0.9961 test 0.7459
epoch 154/200 loss 0.0384 train 0.9963 test 0.7535
epoch 155/200 loss 0.0387 train 0.9960 test 0.7506
epoch 156/200 loss 0.0306 train 0.9978 test 0.7559
epoch 157/200 loss 0.0295 train 0.9980 test 0.7610
epoch 158/200 loss 0.0252 train 0.9987 test 0.7581
epoch 159/200 loss 0.0247 train 0.9987 test 0.7635
epoch 160/200 loss 0.0243 train 0.9987 test 0.7664
epoch 161/200 loss 0.0227 train 0.9989 test 0.7667
epoch 162/200 loss 0.0221 train 0.9990 test 0.7693
epoch 163/200 loss 0.0208 train 0.9992 test 0.7703
epoch 164/200 loss 0.0201 train 0.9993 test 0.7747
epoch 165/200 loss 0.0193 train 0.9994 test 0.7712
epoch 166/200 loss 0.0191 train 0.9996 test 0.7739
epoch 167/200 loss 0.0186 train 0.9995 test 0.7738
epoch 168/200 loss 0.0182 train 0.9996 test 0.7747
epoch 169/200 loss 0.0187 train 0.9994 test 0.7750
epoch 170/200 loss 0.0180 train 0.9995 test 0.7763
epoch 171/200 loss 0.0181 train 0.9994 test 0.7770
epoch 172/200 loss 0.0178 train 0.9996 test 0.7758
epoch 173/200 loss 0.0177 train 0.9997 test 0.7794
epoch 174/200 loss 0.0174 train 0.9996 test 0.7770
epoch 175/200 loss 0.0173 train 0.9994 test 0.7772
epoch 176/200 loss 0.0170 train 0.9996 test 0.7752
epoch 177/200 loss 0.0170 train 0.9996 test 0.7789
epoch 178/200 loss 0.0167 train 0.9996 test 0.7795
epoch 179/200 loss 0.0168 train 0.9997 test 0.7792
epoch 180/200 loss 0.0164 train 0.9997 test 0.7786
epoch 181/200 loss 0.0166 train 0.9996 test 0.7795
epoch 182/200 loss 0.0163 train 0.9997 test 0.7793
epoch 183/200 loss 0.0161 train 0.9997 test 0.7776
epoch 184/200 loss 0.0160 train 0.9998 test 0.7801
epoch 185/200 loss 0.0163 train 0.9996 test 0.7778
epoch 186/200 loss 0.0158 train 0.9997 test 0.7789
epoch 187/200 loss 0.0159 train 0.9997 test 0.7810
epoch 188/200 loss 0.0156 train 0.9997 test 0.7801
epoch 189/200 loss 0.0155 train 0.9997 test 0.7825
epoch 190/200 loss 0.0157 train 0.9997 test 0.7820
epoch 191/200 loss 0.0156 train 0.9997 test 0.7811
epoch 192/200 loss 0.0157 train 0.9997 test 0.7814
epoch 193/200 loss 0.0155 train 0.9998 test 0.7815
epoch 194/200 loss 0.0157 train 0.9997 test 0.7811
epoch 195/200 loss 0.0153 train 0.9998 test 0.7819
epoch 196/200 loss 0.0156 train 0.9999 test 0.7811
epoch 197/200 loss 0.0153 train 0.9997 test 0.7794
epoch 198/200 loss 0.0153 train 0.9998 test 0.7821
epoch 199/200 loss 0.0153 train 0.9998 test 0.7825
epoch 200/200 loss 0.0154 train 0.9997 test 0.7815
done: final 0.7815 best 0.7825 -> ./runs/auxmag_100pct_l100/seed1
moment-aux target calibrated on 1024 images
[auxmag_100pct_l100 seed2] {"params_trainable": 11222188, "params_stem_trainable": 0, "params_stem_fixed_filters": 0, "flops_total": 556705792, "flops_stem": 0, "flops_image_size": 32}
epoch 1/200 loss 3.9451 train 0.1283 test 0.1769
epoch 2/200 loss 2.9855 train 0.2629 test 0.2345
epoch 3/200 loss 2.4738 train 0.3630 test 0.3356
epoch 4/200 loss 2.1567 train 0.4340 test 0.3713
epoch 5/200 loss 1.9508 train 0.4819 test 0.4493
epoch 6/200 loss 1.8065 train 0.5134 test 0.4523
epoch 7/200 loss 1.7071 train 0.5386 test 0.4601
epoch 8/200 loss 1.6197 train 0.5611 test 0.4807
epoch 9/200 loss 1.5510 train 0.5769 test 0.5228
epoch 10/200 loss 1.5019 train 0.5912 test 0.4728
epoch 11/200 loss 1.4468 train 0.6047 test 0.4993
epoch 12/200 loss 1.4034 train 0.6147 test 0.5211
epoch 13/200 loss 1.3779 train 0.6207 test 0.5401
epoch 14/200 loss 1.3480 train 0.6270 test 0.5603
epoch 15/200 loss 1.3266 train 0.6312 test 0.4822
epoch 16/200 loss 1.2857 train 0.6436 test 0.5076
epoch 17/200 loss 1.2818 train 0.6443 test 0.5675
epoch 18/200 loss 1.2593 train 0.6501 test 0.5489
epoch 19/200 loss 1.2449 train 0.6550 test 0.5324
epoch 20/200 loss 1.2229 train 0.6603 test 0.5505
epoch 21/200 loss 1.2049 train 0.6640 test 0.5659
epoch 22/200 loss 1.1948 train 0.6692 test 0.5263
epoch 23/200 loss 1.1879 train 0.6702 test 0.5750
epoch 24/200 loss 1.1664 train 0.6732 test 0.5230
epoch 25/200 loss 1.1615 train 0.6755 test 0.5669
epoch 26/200 loss 1.1561 train 0.6770 test 0.5681
epoch 27/200 loss 1.1377 train 0.6813 test 0.5512
epoch 28/200 loss 1.1364 train 0.6835 test 0.5664
epoch 29/200 loss 1.1230 train 0.6861 test 0.5564
epoch 30/200 loss 1.1133 train 0.6875 test 0.5464
epoch 31/200 loss 1.1066 train 0.6899 test 0.5565
epoch 32/200 loss 1.1055 train 0.6881 test 0.5741
epoch 33/200 loss 1.0918 train 0.6924 test 0.5845
epoch 34/200 loss 1.0887 train 0.6937 test 0.5406
epoch 35/200 loss 1.0780 train 0.6960 test 0.5745
epoch 36/200 loss 1.0719 train 0.6984 test 0.5767
epoch 37/200 loss 1.0587 train 0.7002 test 0.5812
epoch 38/200 loss 1.0649 train 0.7012 test 0.6049
epoch 39/200 loss 1.0484 train 0.7049 test 0.5443
epoch 40/200 loss 1.0419 train 0.7044 test 0.5822
epoch 41/200 loss 1.0377 train 0.7074 test 0.5949
epoch 42/200 loss 1.0271 train 0.7102 test 0.5631
epoch 43/200 loss 1.0163 train 0.7147 test 0.5915
epoch 44/200 loss 1.0241 train 0.7104 test 0.5829
epoch 45/200 loss 1.0101 train 0.7160 test 0.5217
epoch 46/200 loss 0.9970 train 0.7192 test 0.5889
epoch 47/200 loss 1.0012 train 0.7165 test 0.5653
epoch 48/200 loss 0.9939 train 0.7172 test 0.5893
epoch 49/200 loss 0.9903 train 0.7208 test 0.5669
epoch 50/200 loss 0.9785 train 0.7249 test 0.6135
epoch 51/200 loss 0.9813 train 0.7221 test 0.5991
epoch 52/200 loss 0.9594 train 0.7280 test 0.5965
epoch 53/200 loss 0.9523 train 0.7285 test 0.6130
epoch 54/200 loss 0.9645 train 0.7259 test 0.5789
epoch 55/200 loss 0.9304 train 0.7351 test 0.5630
epoch 56/200 loss 0.9452 train 0.7337 test 0.5922
epoch 57/200 loss 0.9327 train 0.7359 test 0.6069
epoch 58/200 loss 0.9248 train 0.7369 test 0.5913
epoch 59/200 loss 0.9136 train 0.7412 test 0.6087
epoch 60/200 loss 0.9083 train 0.7432 test 0.6006
epoch 61/200 loss 0.9025 train 0.7424 test 0.5666
epoch 62/200 loss 0.9011 train 0.7436 test 0.5894
epoch 63/200 loss 0.8865 train 0.7475 test 0.5906
epoch 64/200 loss 0.8901 train 0.7462 test 0.5549
epoch 65/200 loss 0.8721 train 0.7515 test 0.6096
epoch 66/200 loss 0.8697 train 0.7541 test 0.6080
epoch 67/200 loss 0.8587 train 0.7555 test 0.6102
epoch 68/200 loss 0.8527 train 0.7552 test 0.6242
epoch 69/200 loss 0.8400 train 0.7591 test 0.5737
epoch 70/200 loss 0.8420 train 0.7590 test 0.5909
epoch 71/200 loss 0.8226 train 0.7653 test 0.5999
epoch 72/200 loss 0.8160 train 0.7680 test 0.6325
epoch 73/200 loss 0.8201 train 0.7640 test 0.5957
epoch 74/200 loss 0.7929 train 0.7723 test 0.5625
epoch 75/200 loss 0.8068 train 0.7671 test 0.5862
epoch 76/200 loss 0.7898 train 0.7726 test 0.5967
epoch 77/200 loss 0.7827 train 0.7761 test 0.6029
epoch 78/200 loss 0.7711 train 0.7788 test 0.6129
epoch 79/200 loss 0.7565 train 0.7819 test 0.6224
epoch 80/200 loss 0.7586 train 0.7807 test 0.6298
epoch 81/200 loss 0.7410 train 0.7850 test 0.6154
epoch 82/200 loss 0.7368 train 0.7889 test 0.5837
epoch 83/200 loss 0.7177 train 0.7947 test 0.6379
epoch 84/200 loss 0.7185 train 0.7920 test 0.6260
epoch 85/200 loss 0.7110 train 0.7958 test 0.6308
epoch 86/200 loss 0.7004 train 0.7989 test 0.6344
epoch 87/200 loss 0.7067 train 0.7943 test 0.6237
epoch 88/200 loss 0.6814 train 0.8037 test 0.6337
epoch 89/200 loss 0.6834 train 0.8022 test 0.6271
epoch 90/200 loss 0.6545 train 0.8087 test 0.6239
epoch 91/200 loss 0.6591 train 0.8092 test 0.6379
epoch 92/200 loss 0.6483 train 0.8122 test 0.6313
epoch 93/200 loss 0.6390 train 0.8155 test 0.6402
epoch 94/200 loss 0.6280 train 0.8171 test 0.6386
epoch 95/200 loss 0.6152 train 0.8221 test 0.6083
epoch 96/200 loss 0.6009 train 0.8248 test 0.6304
epoch 97/200 loss 0.5981 train 0.8263 test 0.6546
epoch 98/200 loss 0.5843 train 0.8318 test 0.6489
epoch 99/200 loss 0.5653 train 0.8373 test 0.6544
epoch 100/200 loss 0.5735 train 0.8332 test 0.6267
epoch 101/200 loss 0.5613 train 0.8379 test 0.6591
epoch 102/200 loss 0.5454 train 0.8431 test 0.6309
epoch 103/200 loss 0.5401 train 0.8453 test 0.6333
epoch 104/200 loss 0.5321 train 0.8471 test 0.6411
epoch 105/200 loss 0.5103 train 0.8518 test 0.6368
epoch 106/200 loss 0.5181 train 0.8488 test 0.6415
epoch 107/200 loss 0.5065 train 0.8541 test 0.6446
epoch 108/200 loss 0.4863 train 0.8592 test 0.6395
epoch 109/200 loss 0.4724 train 0.8635 test 0.6529
epoch 110/200 loss 0.4606 train 0.8668 test 0.6601
epoch 111/200 loss 0.4614 train 0.8670 test 0.6544
epoch 112/200 loss 0.4440 train 0.8705 test 0.6543
epoch 113/200 loss 0.4272 train 0.8773 test 0.6345
epoch 114/200 loss 0.4250 train 0.8769 test 0.6665
epoch 115/200 loss 0.4159 train 0.8802 test 0.6582
epoch 116/200 loss 0.3927 train 0.8884 test 0.6626
epoch 117/200 loss 0.3961 train 0.8869 test 0.6319
epoch 118/200 loss 0.3732 train 0.8932 test 0.6564
epoch 119/200 loss 0.3706 train 0.8948 test 0.6623
epoch 120/200 loss 0.3580 train 0.8981 test 0.6742
epoch 121/200 loss 0.3375 train 0.9048 test 0.6718
epoch 122/200 loss 0.3381 train 0.9059 test 0.6760
epoch 123/200 loss 0.3309 train 0.9074 test 0.6844
epoch 124/200 loss 0.3088 train 0.9130 test 0.6777
epoch 125/200 loss 0.3078 train 0.9147 test 0.6905
epoch 126/200 loss 0.3066 train 0.9144 test 0.6629
epoch 127/200 loss 0.2727 train 0.9254 test 0.6700
epoch 128/200 loss 0.2753 train 0.9227 test 0.6797
epoch 129/200 loss 0.2758 train 0.9256 test 0.6801
epoch 130/200 loss 0.2501 train 0.9323 test 0.6802
epoch 131/200 loss 0.2521 train 0.9317 test 0.6799
epoch 132/200 loss 0.2292 train 0.9386 test 0.6865
epoch 133/200 loss 0.2157 train 0.9439 test 0.6889
epoch 134/200 loss 0.2252 train 0.9388 test 0.6871
epoch 135/200 loss 0.2105 train 0.9437 test 0.6897
epoch 136/200 loss 0.2001 train 0.9483 test 0.7090
epoch 137/200 loss 0.1918 train 0.9515 test 0.7089
epoch 138/200 loss 0.1674 train 0.9581 test 0.6933
epoch 139/200 loss 0.1588 train 0.9614 test 0.6986
epoch 140/200 loss 0.1534 train 0.9620 test 0.6971
epoch 141/200 loss 0.1599 train 0.9612 test 0.6955
epoch 142/200 loss 0.1435 train 0.9667 test 0.6960
epoch 143/200 loss 0.1291 train 0.9708 test 0.7197
epoch 144/200 loss 0.1193 train 0.9731 test 0.7183
epoch 145/200 loss 0.1162 train 0.9745 test 0.7042
epoch 146/200 loss 0.1074 train 0.9773 test 0.7208
epoch 147/200 loss 0.0890 train 0.9825 test 0.7284
epoch 148/200 loss 0.0836 train 0.9841 test 0.7283
epoch 149/200 loss 0.0738 train 0.9872 test 0.7252
epoch 150/200 loss 0.0674 train 0.9890 test 0.7357
epoch 151/200 loss 0.0604 train 0.9908 test 0.7350
epoch 152/200 loss 0.0543 train 0.9923 test 0.7357
epoch 153/200 loss 0.0517 train 0.9930 test 0.7360
epoch 154/200 loss 0.0527 train 0.9926 test 0.7485
epoch 155/200 loss 0.0421 train 0.9953 test 0.7449
epoch 156/200 loss 0.0346 train 0.9968 test 0.7622
epoch 157/200 loss 0.0293 train 0.9978 test 0.7601
epoch 158/200 loss 0.0271 train 0.9984 test 0.7641
epoch 159/200 loss 0.0259 train 0.9984 test 0.7617
epoch 160/200 loss 0.0237 train 0.9990 test 0.7649
epoch 161/200 loss 0.0234 train 0.9988 test 0.7674
epoch 162/200 loss 0.0219 train 0.9991 test 0.7695
epoch 163/200 loss 0.0214 train 0.9991 test 0.7671
epoch 164/200 loss 0.0192 train 0.9994 test 0.7711
epoch 165/200 loss 0.0196 train 0.9994 test 0.7715
epoch 166/200 loss 0.0187 train 0.9995 test 0.7705
epoch 167/200 loss 0.0186 train 0.9995 test 0.7708
epoch 168/200 loss 0.0182 train 0.9996 test 0.7726
epoch 169/200 loss 0.0188 train 0.9994 test 0.7740
epoch 170/200 loss 0.0175 train 0.9997 test 0.7758
epoch 171/200 loss 0.0177 train 0.9996 test 0.7732
epoch 172/200 loss 0.0173 train 0.9995 test 0.7736
epoch 173/200 loss 0.0176 train 0.9994 test 0.7746
epoch 174/200 loss 0.0173 train 0.9996 test 0.7756
epoch 175/200 loss 0.0172 train 0.9995 test 0.7746
epoch 176/200 loss 0.0170 train 0.9996 test 0.7751
epoch 177/200 loss 0.0169 train 0.9997 test 0.7769
epoch 178/200 loss 0.0162 train 0.9996 test 0.7767
epoch 179/200 loss 0.0164 train 0.9996 test 0.7772
epoch 180/200 loss 0.0166 train 0.9996 test 0.7741
epoch 181/200 loss 0.0168 train 0.9995 test 0.7776
epoch 182/200 loss 0.0164 train 0.9997 test 0.7781
epoch 183/200 loss 0.0163 train 0.9997 test 0.7778
epoch 184/200 loss 0.0163 train 0.9997 test 0.7780
epoch 185/200 loss 0.0160 train 0.9997 test 0.7770
epoch 186/200 loss 0.0161 train 0.9997 test 0.7770
epoch 187/200 loss 0.0157 train 0.9996 test 0.7775
epoch 188/200 loss 0.0157 train 0.9997 test 0.7770
epoch 189/200 loss 0.0158 train 0.9998 test 0.7760
epoch 190/200 loss 0.0158 train 0.9996 test 0.7782
epoch 191/200 loss 0.0155 train 0.9998 test 0.7789
epoch 192/200 loss 0.0156 train 0.9998 test 0.7788
epoch 193/200 loss 0.0153 train 0.9998 test 0.7778
epoch 194/200 loss 0.0157 train 0.9997 test 0.7789
epoch 195/200 loss 0.0155 train 0.9998 test 0.7799
epoch 196/200 loss 0.0155 train 0.9998 test 0.7793
epoch 197/200 loss 0.0155 train 0.9998 test 0.7787
epoch 198/200 loss 0.0157 train 0.9997 test 0.7787
epoch 199/200 loss 0.0155 train 0.9996 test 0.7776
epoch 200/200 loss 0.0153 train 0.9998 test 0.7785
done: final 0.7785 best 0.7799 -> ./runs/auxmag_100pct_l100/seed2
AUXL_auxmag_100pct_l100_DONE
AUXMAG_LAMBDA_COMPLETE
