moment-aux target calibrated on 1024 images
[auxmag_3pct_sched0 seed0] {"params_trainable": 11222188, "params_stem_trainable": 0, "params_stem_fixed_filters": 0, "flops_total": 556705792, "flops_stem": 0, "flops_image_size": 32}
epoch 1/200 loss 6.4827 train 0.0135 test 0.0244
epoch 2/200 loss 5.3413 train 0.0263 test 0.0423
epoch 3/200 loss 4.7768 train 0.0490 test 0.0520
epoch 4/200 loss 4.4977 train 0.0689 test 0.0699
epoch 5/200 loss 4.3014 train 0.0902 test 0.0731
epoch 6/200 loss 4.1613 train 0.0980 test 0.0731
epoch 7/200 loss 4.0444 train 0.1136 test 0.0799
epoch 8/200 loss 3.8989 train 0.1172 test 0.0914
epoch 9/200 loss 3.8082 train 0.1442 test 0.0941
epoch 10/200 loss 3.7248 train 0.1484 test 0.0906
epoch 11/200 loss 3.6382 train 0.1491 test 0.1118
epoch 12/200 loss 3.5371 train 0.1754 test 0.1040
epoch 13/200 loss 3.4644 train 0.1818 test 0.1180
epoch 14/200 loss 3.4240 train 0.2024 test 0.1175
epoch 15/200 loss 3.3418 train 0.1911 test 0.1195
epoch 16/200 loss 3.2343 train 0.2259 test 0.1124
epoch 17/200 loss 3.1953 train 0.2415 test 0.1276
epoch 18/200 loss 3.1116 train 0.2386 test 0.1224
epoch 19/200 loss 3.0719 train 0.2486 test 0.1242
epoch 20/200 loss 3.0227 train 0.2649 test 0.1360
epoch 21/200 loss 2.9387 train 0.2706 test 0.1251
epoch 22/200 loss 2.8190 train 0.2955 test 0.1164
epoch 23/200 loss 2.8006 train 0.2919 test 0.1499
epoch 24/200 loss 2.6998 train 0.3153 test 0.1406
epoch 25/200 loss 2.6455 train 0.3303 test 0.1504
epoch 26/200 loss 2.5814 train 0.3366 test 0.1469
epoch 27/200 loss 2.5328 train 0.3523 test 0.1369
epoch 28/200 loss 2.4475 train 0.3537 test 0.1501
epoch 29/200 loss 2.3458 train 0.3928 test 0.1482
epoch 30/200 loss 2.2715 train 0.4134 test 0.1624
epoch 31/200 loss 2.1859 train 0.4354 test 0.1427
epoch 32/200 loss 2.1085 train 0.4446 test 0.1638
epoch 33/200 loss 1.9651 train 0.4695 test 0.1518
epoch 34/200 loss 1.9409 train 0.4830 test 0.1586
epoch 35/200 loss 1.9335 train 0.4972 test 0.1423
epoch 36/200 loss 1.7854 train 0.5107 test 0.1520
epoch 37/200 loss 1.7085 train 0.5490 test 0.1627
epoch 38/200 loss 1.5633 train 0.5788 test 0.1537
epoch 39/200 loss 1.4628 train 0.6151 test 0.1480
epoch 40/200 loss 1.4135 train 0.6186 test 0.1685
epoch 41/200 loss 1.3141 train 0.6534 test 0.1701
epoch 42/200 loss 1.1886 train 0.6967 test 0.1571
epoch 43/200 loss 1.1485 train 0.7038 test 0.1683
epoch 44/200 loss 1.0657 train 0.7173 test 0.1576
epoch 45/200 loss 0.9803 train 0.7557 test 0.1751
epoch 46/200 loss 0.8949 train 0.7820 test 0.1743
epoch 47/200 loss 0.7749 train 0.8089 test 0.1750
epoch 48/200 loss 0.7452 train 0.8139 test 0.1747
epoch 49/200 loss 0.6699 train 0.8445 test 0.1620
epoch 50/200 loss 0.6462 train 0.8402 test 0.1750
epoch 51/200 loss 0.5512 train 0.8842 test 0.1706
epoch 52/200 loss 0.5702 train 0.8686 test 0.1746
epoch 53/200 loss 0.5484 train 0.8736 test 0.1551
epoch 54/200 loss 0.4552 train 0.9112 test 0.1768
epoch 55/200 loss 0.4298 train 0.9062 test 0.1817
epoch 56/200 loss 0.3621 train 0.9325 test 0.1787
epoch 57/200 loss 0.3075 train 0.9524 test 0.1854
epoch 58/200 loss 0.2884 train 0.9581 test 0.1844
epoch 59/200 loss 0.2612 train 0.9645 test 0.1884
epoch 60/200 loss 0.2542 train 0.9652 test 0.1960
epoch 61/200 loss 0.2423 train 0.9652 test 0.1832
epoch 62/200 loss 0.2159 train 0.9702 test 0.1891
epoch 63/200 loss 0.1803 train 0.9815 test 0.1891
epoch 64/200 loss 0.1581 train 0.9872 test 0.2053
epoch 65/200 loss 0.1495 train 0.9879 test 0.1992
epoch 66/200 loss 0.1311 train 0.9879 test 0.2026
epoch 67/200 loss 0.1372 train 0.9872 test 0.1999
epoch 68/200 loss 0.1144 train 0.9908 test 0.2068
epoch 69/200 loss 0.0968 train 0.9964 test 0.2035
epoch 70/200 loss 0.0828 train 0.9979 test 0.2112
epoch 71/200 loss 0.0761 train 0.9986 test 0.2085
epoch 72/200 loss 0.0732 train 0.9986 test 0.2093
epoch 73/200 loss 0.0713 train 0.9993 test 0.2102
epoch 74/200 loss 0.0613 train 1.0000 test 0.2137
epoch 75/200 loss 0.0583 train 0.9993 test 0.2152
epoch 76/200 loss 0.0577 train 1.0000 test 0.2127
epoch 77/200 loss 0.0532 train 1.0000 test 0.2136
epoch 78/200 loss 0.0519 train 1.0000 test 0.2112
epoch 79/200 loss 0.0502 train 1.0000 test 0.2124
epoch 80/200 loss 0.0497 train 1.0000 test 0.2159
epoch 81/200 loss 0.0485 train 1.0000 test 0.2147
epoch 82/200 loss 0.0467 train 1.0000 test 0.2144
epoch 83/200 loss 0.0458 train 1.0000 test 0.2152
epoch 84/200 loss 0.0431 train 1.0000 test 0.2189
epoch 85/200 loss 0.0435 train 1.0000 test 0.2188
epoch 86/200 loss 0.0431 train 1.0000 test 0.2175
epoch 87/200 loss 0.0424 train 1.0000 test 0.2212
epoch 88/200 loss 0.0402 train 1.0000 test 0.2199
epoch 89/200 loss 0.0420 train 1.0000 test 0.2208
epoch 90/200 loss 0.0416 train 1.0000 test 0.2215
epoch 91/200 loss 0.0393 train 1.0000 test 0.2212
epoch 92/200 loss 0.0382 train 1.0000 test 0.2196
epoch 93/200 loss 0.0397 train 0.9993 test 0.2181
epoch 94/200 loss 0.0405 train 0.9993 test 0.2194
epoch 95/200 loss 0.0373 train 1.0000 test 0.2199
epoch 96/200 loss 0.0364 train 1.0000 test 0.2213
epoch 97/200 loss 0.0360 train 1.0000 test 0.2207
epoch 98/200 loss 0.0359 train 1.0000 test 0.2210
epoch 99/200 loss 0.0353 train 1.0000 test 0.2237
epoch 100/200 loss 0.0338 train 1.0000 test 0.2211
epoch 101/200 loss 0.0346 train 1.0000 test 0.2213
epoch 102/200 loss 0.0326 train 1.0000 test 0.2194
epoch 103/200 loss 0.0322 train 1.0000 test 0.2212
epoch 104/200 loss 0.0313 train 1.0000 test 0.2209
epoch 105/200 loss 0.0320 train 1.0000 test 0.2206
epoch 106/200 loss 0.0309 train 1.0000 test 0.2216
epoch 107/200 loss 0.0306 train 1.0000 test 0.2214
epoch 108/200 loss 0.0295 train 1.0000 test 0.2210
epoch 109/200 loss 0.0281 train 1.0000 test 0.2204
epoch 110/200 loss 0.0283 train 1.0000 test 0.2191
epoch 111/200 loss 0.0285 train 1.0000 test 0.2201
epoch 112/200 loss 0.0270 train 1.0000 test 0.2201
epoch 113/200 loss 0.0281 train 1.0000 test 0.2214
epoch 114/200 loss 0.0273 train 1.0000 test 0.2231
epoch 115/200 loss 0.0267 train 1.0000 test 0.2210
epoch 116/200 loss 0.0275 train 1.0000 test 0.2214
epoch 117/200 loss 0.0264 train 1.0000 test 0.2207
epoch 118/200 loss 0.0257 train 1.0000 test 0.2197
epoch 119/200 loss 0.0258 train 1.0000 test 0.2220
epoch 120/200 loss 0.0259 train 1.0000 test 0.2221
epoch 121/200 loss 0.0257 train 1.0000 test 0.2220
epoch 122/200 loss 0.0227 train 1.0000 test 0.2223
epoch 123/200 loss 0.0232 train 1.0000 test 0.2225
epoch 124/200 loss 0.0234 train 1.0000 test 0.2204
epoch 125/200 loss 0.0229 train 1.0000 test 0.2212
epoch 126/200 loss 0.0222 train 1.0000 test 0.2217
epoch 127/200 loss 0.0237 train 1.0000 test 0.2230
epoch 128/200 loss 0.0216 train 1.0000 test 0.2231
epoch 129/200 loss 0.0205 train 1.0000 test 0.2224
epoch 130/200 loss 0.0212 train 1.0000 test 0.2237
epoch 131/200 loss 0.0196 train 1.0000 test 0.2243
epoch 132/200 loss 0.0202 train 1.0000 test 0.2242
epoch 133/200 loss 0.0192 train 1.0000 test 0.2235
epoch 134/200 loss 0.0194 train 1.0000 test 0.2252
epoch 135/200 loss 0.0195 train 1.0000 test 0.2249
epoch 136/200 loss 0.0188 train 1.0000 test 0.2255
epoch 137/200 loss 0.0185 train 1.0000 test 0.2249
epoch 138/200 loss 0.0184 train 1.0000 test 0.2246
epoch 139/200 loss 0.0179 train 1.0000 test 0.2250
epoch 140/200 loss 0.0173 train 1.0000 test 0.2229
epoch 141/200 loss 0.0168 train 1.0000 test 0.2227
epoch 142/200 loss 0.0169 train 1.0000 test 0.2231
epoch 143/200 loss 0.0161 train 1.0000 test 0.2244
epoch 144/200 loss 0.0164 train 1.0000 test 0.2237
epoch 145/200 loss 0.0159 train 1.0000 test 0.2244
epoch 146/200 loss 0.0164 train 1.0000 test 0.2255
epoch 147/200 loss 0.0150 train 1.0000 test 0.2234
epoch 148/200 loss 0.0157 train 1.0000 test 0.2240
epoch 149/200 loss 0.0147 train 1.0000 test 0.2239
epoch 150/200 loss 0.0149 train 1.0000 test 0.2237
epoch 151/200 loss 0.0151 train 1.0000 test 0.2234
epoch 152/200 loss 0.0140 train 1.0000 test 0.2231
epoch 153/200 loss 0.0143 train 1.0000 test 0.2243
epoch 154/200 loss 0.0135 train 1.0000 test 0.2229
epoch 155/200 loss 0.0136 train 1.0000 test 0.2243
epoch 156/200 loss 0.0132 train 1.0000 test 0.2240
epoch 157/200 loss 0.0132 train 1.0000 test 0.2237
epoch 158/200 loss 0.0128 train 1.0000 test 0.2235
epoch 159/200 loss 0.0129 train 1.0000 test 0.2228
epoch 160/200 loss 0.0124 train 1.0000 test 0.2236
epoch 161/200 loss 0.0117 train 1.0000 test 0.2232
epoch 162/200 loss 0.0115 train 1.0000 test 0.2236
epoch 163/200 loss 0.0115 train 1.0000 test 0.2243
epoch 164/200 loss 0.0112 train 1.0000 test 0.2225
epoch 165/200 loss 0.0106 train 1.0000 test 0.2225
epoch 166/200 loss 0.0111 train 1.0000 test 0.2233
epoch 167/200 loss 0.0103 train 1.0000 test 0.2226
epoch 168/200 loss 0.0108 train 1.0000 test 0.2228
epoch 169/200 loss 0.0108 train 1.0000 test 0.2237
epoch 170/200 loss 0.0105 train 1.0000 test 0.2234
epoch 171/200 loss 0.0098 train 1.0000 test 0.2227
epoch 172/200 loss 0.0103 train 1.0000 test 0.2236
epoch 173/200 loss 0.0106 train 1.0000 test 0.2228
epoch 174/200 loss 0.0101 train 1.0000 test 0.2233
epoch 175/200 loss 0.0100 train 1.0000 test 0.2245
epoch 176/200 loss 0.0091 train 1.0000 test 0.2244
epoch 177/200 loss 0.0097 train 1.0000 test 0.2249
epoch 178/200 loss 0.0089 train 1.0000 test 0.2245
epoch 179/200 loss 0.0094 train 1.0000 test 0.2237
epoch 180/200 loss 0.0087 train 1.0000 test 0.2233
epoch 181/200 loss 0.0087 train 1.0000 test 0.2232
epoch 182/200 loss 0.0084 train 1.0000 test 0.2248
epoch 183/200 loss 0.0082 train 1.0000 test 0.2245
epoch 184/200 loss 0.0086 train 1.0000 test 0.2240
epoch 185/200 loss 0.0088 train 1.0000 test 0.2242
epoch 186/200 loss 0.0082 train 1.0000 test 0.2235
epoch 187/200 loss 0.0082 train 1.0000 test 0.2233
epoch 188/200 loss 0.0086 train 1.0000 test 0.2238
epoch 189/200 loss 0.0088 train 1.0000 test 0.2242
epoch 190/200 loss 0.0079 train 1.0000 test 0.2236
epoch 191/200 loss 0.0083 train 1.0000 test 0.2242
epoch 192/200 loss 0.0077 train 1.0000 test 0.2244
epoch 193/200 loss 0.0091 train 1.0000 test 0.2244
epoch 194/200 loss 0.0082 train 1.0000 test 0.2244
epoch 195/200 loss 0.0074 train 1.0000 test 0.2238
epoch 196/200 loss 0.0077 train 1.0000 test 0.2232
epoch 197/200 loss 0.0079 train 1.0000 test 0.2251
epoch 198/200 loss 0.0077 train 1.0000 test 0.2243
epoch 199/200 loss 0.0080 train 1.0000 test 0.2243
epoch 200/200 loss 0.0074 train 1.0000 test 0.2221
done: final 0.2221 best 0.2255 -> ./runs/auxmag_3pct_sched0/seed0
moment-aux target calibrated on 1024 images
[auxmag_3pct_sched0 seed1] {"params_trainable": 11222188, "params_stem_trainable": 0, "params_stem_fixed_filters": 0, "flops_total": 556705792, "flops_stem": 0, "flops_image_size": 32}
epoch 1/200 loss 6.5406 train 0.0099 test 0.0210
epoch 2/200 loss 5.4299 train 0.0369 test 0.0450
epoch 3/200 loss 4.8218 train 0.0440 test 0.0468
epoch 4/200 loss 4.5077 train 0.0632 test 0.0671
epoch 5/200 loss 4.3106 train 0.0866 test 0.0729
epoch 6/200 loss 4.1359 train 0.0952 test 0.0732
epoch 7/200 loss 4.0410 train 0.1143 test 0.0821
epoch 8/200 loss 3.9085 train 0.1307 test 0.0829
epoch 9/200 loss 3.8026 train 0.1413 test 0.0942
epoch 10/200 loss 3.7003 train 0.1513 test 0.0841
epoch 11/200 loss 3.6567 train 0.1591 test 0.1004
epoch 12/200 loss 3.5727 train 0.1619 test 0.0981
epoch 13/200 loss 3.5307 train 0.1925 test 0.1182
epoch 14/200 loss 3.4322 train 0.1882 test 0.1082
epoch 15/200 loss 3.3480 train 0.2053 test 0.1205
epoch 16/200 loss 3.2832 train 0.2216 test 0.1138
epoch 17/200 loss 3.1837 train 0.2330 test 0.1104
epoch 18/200 loss 3.1425 train 0.2436 test 0.1249
epoch 19/200 loss 3.0935 train 0.2464 test 0.1227
epoch 20/200 loss 2.9704 train 0.2805 test 0.1263
epoch 21/200 loss 2.9353 train 0.2820 test 0.1061
epoch 22/200 loss 2.8308 train 0.2976 test 0.1183
epoch 23/200 loss 2.7874 train 0.3111 test 0.1306
epoch 24/200 loss 2.6942 train 0.3224 test 0.1410
epoch 25/200 loss 2.6033 train 0.3544 test 0.1456
epoch 26/200 loss 2.5909 train 0.3267 test 0.1389
epoch 27/200 loss 2.4929 train 0.3722 test 0.1534
epoch 28/200 loss 2.3955 train 0.3750 test 0.1349
epoch 29/200 loss 2.3576 train 0.4020 test 0.1480
epoch 30/200 loss 2.2549 train 0.4290 test 0.1289
epoch 31/200 loss 2.2062 train 0.4176 test 0.1385
epoch 32/200 loss 2.0455 train 0.4652 test 0.1468
epoch 33/200 loss 1.9803 train 0.4737 test 0.1586
epoch 34/200 loss 1.8836 train 0.4993 test 0.1400
epoch 35/200 loss 1.8141 train 0.5156 test 0.1609
epoch 36/200 loss 1.6928 train 0.5533 test 0.1512
epoch 37/200 loss 1.5732 train 0.5852 test 0.1617
epoch 38/200 loss 1.5556 train 0.5930 test 0.1651
epoch 39/200 loss 1.4473 train 0.6207 test 0.1437
epoch 40/200 loss 1.4264 train 0.6158 test 0.1301
epoch 41/200 loss 1.3664 train 0.6399 test 0.1582
epoch 42/200 loss 1.2285 train 0.6818 test 0.1608
epoch 43/200 loss 1.1507 train 0.7045 test 0.1734
epoch 44/200 loss 0.9992 train 0.7450 test 0.1769
epoch 45/200 loss 0.9619 train 0.7564 test 0.1670
epoch 46/200 loss 0.8690 train 0.7820 test 0.1774
epoch 47/200 loss 0.7878 train 0.8068 test 0.1715
epoch 48/200 loss 0.7349 train 0.8267 test 0.1623
epoch 49/200 loss 0.7084 train 0.8331 test 0.1693
epoch 50/200 loss 0.6379 train 0.8466 test 0.1776
epoch 51/200 loss 0.5890 train 0.8509 test 0.1579
epoch 52/200 loss 0.6007 train 0.8658 test 0.1724
epoch 53/200 loss 0.5839 train 0.8665 test 0.1587
epoch 54/200 loss 0.5553 train 0.8757 test 0.1727
epoch 55/200 loss 0.5252 train 0.8828 test 0.1659
epoch 56/200 loss 0.4766 train 0.8991 test 0.1696
epoch 57/200 loss 0.3677 train 0.9318 test 0.1674
epoch 58/200 loss 0.3374 train 0.9361 test 0.1849
epoch 59/200 loss 0.2622 train 0.9595 test 0.1885
epoch 60/200 loss 0.2285 train 0.9744 test 0.1983
epoch 61/200 loss 0.2093 train 0.9773 test 0.1874
epoch 62/200 loss 0.1805 train 0.9801 test 0.1954
epoch 63/200 loss 0.1443 train 0.9901 test 0.1959
epoch 64/200 loss 0.1351 train 0.9922 test 0.2022
epoch 65/200 loss 0.1236 train 0.9893 test 0.1935
epoch 66/200 loss 0.1215 train 0.9893 test 0.1982
epoch 67/200 loss 0.1118 train 0.9943 test 0.1946
epoch 68/200 loss 0.1067 train 0.9936 test 0.2040
epoch 69/200 loss 0.0979 train 0.9964 test 0.2041
epoch 70/200 loss 0.0918 train 0.9957 test 0.2030
epoch 71/200 loss 0.0974 train 0.9929 test 0.1989
epoch 72/200 loss 0.0891 train 0.9964 test 0.1961
epoch 73/200 loss 0.0855 train 0.9950 test 0.2012
epoch 74/200 loss 0.0716 train 1.0000 test 0.2048
epoch 75/200 loss 0.0696 train 0.9972 test 0.2035
epoch 76/200 loss 0.0679 train 0.9964 test 0.2025
epoch 77/200 loss 0.0613 train 0.9993 test 0.2059
epoch 78/200 loss 0.0633 train 0.9972 test 0.2068
epoch 79/200 loss 0.0656 train 0.9972 test 0.2052
epoch 80/200 loss 0.0587 train 0.9993 test 0.2066
epoch 81/200 loss 0.0528 train 1.0000 test 0.2077
epoch 82/200 loss 0.0524 train 1.0000 test 0.2091
epoch 83/200 loss 0.0500 train 1.0000 test 0.2106
epoch 84/200 loss 0.0469 train 1.0000 test 0.2130
epoch 85/200 loss 0.0461 train 1.0000 test 0.2136
epoch 86/200 loss 0.0435 train 1.0000 test 0.2124
epoch 87/200 loss 0.0438 train 1.0000 test 0.2139
epoch 88/200 loss 0.0424 train 1.0000 test 0.2141
epoch 89/200 loss 0.0419 train 1.0000 test 0.2165
epoch 90/200 loss 0.0413 train 1.0000 test 0.2146
epoch 91/200 loss 0.0399 train 1.0000 test 0.2129
epoch 92/200 loss 0.0403 train 1.0000 test 0.2136
epoch 93/200 loss 0.0385 train 1.0000 test 0.2145
epoch 94/200 loss 0.0391 train 1.0000 test 0.2158
epoch 95/200 loss 0.0382 train 1.0000 test 0.2131
epoch 96/200 loss 0.0368 train 1.0000 test 0.2169
epoch 97/200 loss 0.0371 train 1.0000 test 0.2171
epoch 98/200 loss 0.0364 train 1.0000 test 0.2154
epoch 99/200 loss 0.0359 train 0.9993 test 0.2155
epoch 100/200 loss 0.0383 train 0.9993 test 0.2147
epoch 101/200 loss 0.0361 train 0.9993 test 0.2157
epoch 102/200 loss 0.0360 train 1.0000 test 0.2153
epoch 103/200 loss 0.0343 train 1.0000 test 0.2159
epoch 104/200 loss 0.0334 train 1.0000 test 0.2155
epoch 105/200 loss 0.0334 train 0.9993 test 0.2163
epoch 106/200 loss 0.0319 train 1.0000 test 0.2175
epoch 107/200 loss 0.0313 train 1.0000 test 0.2164
epoch 108/200 loss 0.0303 train 1.0000 test 0.2156
epoch 109/200 loss 0.0306 train 1.0000 test 0.2165
epoch 110/200 loss 0.0288 train 1.0000 test 0.2154
epoch 111/200 loss 0.0288 train 1.0000 test 0.2151
epoch 112/200 loss 0.0307 train 1.0000 test 0.2147
epoch 113/200 loss 0.0279 train 1.0000 test 0.2142
epoch 114/200 loss 0.0295 train 1.0000 test 0.2160
epoch 115/200 loss 0.0276 train 1.0000 test 0.2173
epoch 116/200 loss 0.0268 train 1.0000 test 0.2150
epoch 117/200 loss 0.0264 train 1.0000 test 0.2139
epoch 118/200 loss 0.0278 train 1.0000 test 0.2163
epoch 119/200 loss 0.0250 train 1.0000 test 0.2158
epoch 120/200 loss 0.0252 train 1.0000 test 0.2162
epoch 121/200 loss 0.0256 train 1.0000 test 0.2160
epoch 122/200 loss 0.0241 train 1.0000 test 0.2175
epoch 123/200 loss 0.0242 train 1.0000 test 0.2163
epoch 124/200 loss 0.0235 train 1.0000 test 0.2160
epoch 125/200 loss 0.0226 train 1.0000 test 0.2160
epoch 126/200 loss 0.0228 train 1.0000 test 0.2160
epoch 127/200 loss 0.0228 train 1.0000 test 0.2175
epoch 128/200 loss 0.0216 train 1.0000 test 0.2170
epoch 129/200 loss 0.0227 train 1.0000 test 0.2168
epoch 130/200 loss 0.0207 train 1.0000 test 0.2164
epoch 131/200 loss 0.0206 train 1.0000 test 0.2163
epoch 132/200 loss 0.0207 train 1.0000 test 0.2161
epoch 133/200 loss 0.0202 train 1.0000 test 0.2170
epoch 134/200 loss 0.0200 train 1.0000 test 0.2165
epoch 135/200 loss 0.0207 train 1.0000 test 0.2168
epoch 136/200 loss 0.0196 train 1.0000 test 0.2173
epoch 137/200 loss 0.0188 train 1.0000 test 0.2155
epoch 138/200 loss 0.0197 train 1.0000 test 0.2177
epoch 139/200 loss 0.0183 train 1.0000 test 0.2177
epoch 140/200 loss 0.0180 train 1.0000 test 0.2189
epoch 141/200 loss 0.0174 train 1.0000 test 0.2189
epoch 142/200 loss 0.0176 train 1.0000 test 0.2180
epoch 143/200 loss 0.0173 train 1.0000 test 0.2175
epoch 144/200 loss 0.0168 train 1.0000 test 0.2167
epoch 145/200 loss 0.0158 train 1.0000 test 0.2173
epoch 146/200 loss 0.0156 train 1.0000 test 0.2167
epoch 147/200 loss 0.0154 train 1.0000 test 0.2148
epoch 148/200 loss 0.0155 train 1.0000 test 0.2148
epoch 149/200 loss 0.0152 train 1.0000 test 0.2158
epoch 150/200 loss 0.0151 train 1.0000 test 0.2165
epoch 151/200 loss 0.0145 train 1.0000 test 0.2168
epoch 152/200 loss 0.0145 train 1.0000 test 0.2163
epoch 153/200 loss 0.0137 train 1.0000 test 0.2159
epoch 154/200 loss 0.0142 train 1.0000 test 0.2157
epoch 155/200 loss 0.0136 train 1.0000 test 0.2170
epoch 156/200 loss 0.0139 train 1.0000 test 0.2165
epoch 157/200 loss 0.0138 train 1.0000 test 0.2171
epoch 158/200 loss 0.0126 train 1.0000 test 0.2180
epoch 159/200 loss 0.0126 train 1.0000 test 0.2152
epoch 160/200 loss 0.0129 train 1.0000 test 0.2152
epoch 161/200 loss 0.0119 train 1.0000 test 0.2156
epoch 162/200 loss 0.0125 train 1.0000 test 0.2158
epoch 163/200 loss 0.0124 train 1.0000 test 0.2156
epoch 164/200 loss 0.0116 train 1.0000 test 0.2165
epoch 165/200 loss 0.0120 train 1.0000 test 0.2155
epoch 166/200 loss 0.0125 train 1.0000 test 0.2163
epoch 167/200 loss 0.0113 train 1.0000 test 0.2174
epoch 168/200 loss 0.0112 train 1.0000 test 0.2155
epoch 169/200 loss 0.0120 train 1.0000 test 0.2166
epoch 170/200 loss 0.0107 train 1.0000 test 0.2164
epoch 171/200 loss 0.0108 train 1.0000 test 0.2170
epoch 172/200 loss 0.0103 train 1.0000 test 0.2161
epoch 173/200 loss 0.0100 train 1.0000 test 0.2164
epoch 174/200 loss 0.0099 train 1.0000 test 0.2167
epoch 175/200 loss 0.0099 train 1.0000 test 0.2167
epoch 176/200 loss 0.0101 train 1.0000 test 0.2166
epoch 177/200 loss 0.0096 train 1.0000 test 0.2165
epoch 178/200 loss 0.0096 train 1.0000 test 0.2165
epoch 179/200 loss 0.0094 train 1.0000 test 0.2166
epoch 180/200 loss 0.0088 train 1.0000 test 0.2171
epoch 181/200 loss 0.0091 train 1.0000 test 0.2162
epoch 182/200 loss 0.0092 train 1.0000 test 0.2162
epoch 183/200 loss 0.0090 train 1.0000 test 0.2161
epoch 184/200 loss 0.0080 train 1.0000 test 0.2164
epoch 185/200 loss 0.0083 train 1.0000 test 0.2157
epoch 186/200 loss 0.0091 train 1.0000 test 0.2166
epoch 187/200 loss 0.0085 train 1.0000 test 0.2157
epoch 188/200 loss 0.0078 train 1.0000 test 0.2161
epoch 189/200 loss 0.0087 train 1.0000 test 0.2166
epoch 190/200 loss 0.0082 train 1.0000 test 0.2163
epoch 191/200 loss 0.0085 train 1.0000 test 0.2154
epoch 192/200 loss 0.0083 train 1.0000 test 0.2165
epoch 193/200 loss 0.0089 train 1.0000 test 0.2163
epoch 194/200 loss 0.0084 train 1.0000 test 0.2166
epoch 195/200 loss 0.0080 train 1.0000 test 0.2163
epoch 196/200 loss 0.0083 train 1.0000 test 0.2168
epoch 197/200 loss 0.0077 train 1.0000 test 0.2163
epoch 198/200 loss 0.0084 train 1.0000 test 0.2166
epoch 199/200 loss 0.0083 train 1.0000 test 0.2159
epoch 200/200 loss 0.0077 train 1.0000 test 0.2162
done: final 0.2162 best 0.2189 -> ./runs/auxmag_3pct_sched0/seed1
moment-aux target calibrated on 1024 images
[auxmag_3pct_sched0 seed2] {"params_trainable": 11222188, "params_stem_trainable": 0, "params_stem_fixed_filters": 0, "flops_total": 556705792, "flops_stem": 0, "flops_image_size": 32}
epoch 1/200 loss 6.3334 train 0.0114 test 0.0194
epoch 2/200 loss 5.2858 train 0.0277 test 0.0397
epoch 3/200 loss 4.7424 train 0.0497 test 0.0504
epoch 4/200 loss 4.4577 train 0.0582 test 0.0552
epoch 5/200 loss 4.2741 train 0.0923 test 0.0744
epoch 6/200 loss 4.1110 train 0.0959 test 0.0837
epoch 7/200 loss 3.9861 train 0.1172 test 0.0799
epoch 8/200 loss 3.8977 train 0.1243 test 0.0941
epoch 9/200 loss 3.7692 train 0.1463 test 0.0932
epoch 10/200 loss 3.7139 train 0.1413 test 0.1008
epoch 11/200 loss 3.6223 train 0.1520 test 0.0960
epoch 12/200 loss 3.5822 train 0.1534 test 0.1057
epoch 13/200 loss 3.4812 train 0.1854 test 0.1047
epoch 14/200 loss 3.4107 train 0.1932 test 0.1026
epoch 15/200 loss 3.3868 train 0.2109 test 0.1183
epoch 16/200 loss 3.3224 train 0.2067 test 0.1221
epoch 17/200 loss 3.2209 train 0.2330 test 0.1248
epoch 18/200 loss 3.1044 train 0.2521 test 0.1158
epoch 19/200 loss 3.0564 train 0.2685 test 0.1306
epoch 20/200 loss 3.0035 train 0.2706 test 0.1037
epoch 21/200 loss 2.9143 train 0.2791 test 0.1304
epoch 22/200 loss 2.8500 train 0.2912 test 0.1402
epoch 23/200 loss 2.7885 train 0.2962 test 0.1266
epoch 24/200 loss 2.7119 train 0.3153 test 0.1331
epoch 25/200 loss 2.6514 train 0.3317 test 0.1494
epoch 26/200 loss 2.5589 train 0.3601 test 0.1491
epoch 27/200 loss 2.4819 train 0.3572 test 0.1426
epoch 28/200 loss 2.4636 train 0.3800 test 0.1377
epoch 29/200 loss 2.4300 train 0.3807 test 0.1416
epoch 30/200 loss 2.2502 train 0.4197 test 0.1445
epoch 31/200 loss 2.1970 train 0.4176 test 0.1415
epoch 32/200 loss 2.1336 train 0.4560 test 0.1548
epoch 33/200 loss 2.1019 train 0.4702 test 0.1475
epoch 34/200 loss 2.0315 train 0.4467 test 0.1529
epoch 35/200 loss 1.8900 train 0.4972 test 0.1664
epoch 36/200 loss 1.7318 train 0.5575 test 0.1629
epoch 37/200 loss 1.6476 train 0.5561 test 0.1573
epoch 38/200 loss 1.6327 train 0.5767 test 0.1415
epoch 39/200 loss 1.5296 train 0.6058 test 0.1530
epoch 40/200 loss 1.3606 train 0.6449 test 0.1640
epoch 41/200 loss 1.2473 train 0.6676 test 0.1458
epoch 42/200 loss 1.1139 train 0.7145 test 0.1628
epoch 43/200 loss 1.1201 train 0.7124 test 0.1619
epoch 44/200 loss 1.0555 train 0.7294 test 0.1680
epoch 45/200 loss 0.9785 train 0.7472 test 0.1628
epoch 46/200 loss 0.8578 train 0.7955 test 0.1661
epoch 47/200 loss 0.7368 train 0.8381 test 0.1645
epoch 48/200 loss 0.7012 train 0.8338 test 0.1702
epoch 49/200 loss 0.6437 train 0.8537 test 0.1784
epoch 50/200 loss 0.6226 train 0.8551 test 0.1802
epoch 51/200 loss 0.5422 train 0.8800 test 0.1775
epoch 52/200 loss 0.5332 train 0.8849 test 0.1798
epoch 53/200 loss 0.4952 train 0.8892 test 0.1792
epoch 54/200 loss 0.5362 train 0.8764 test 0.1717
epoch 55/200 loss 0.4587 train 0.8970 test 0.1816
epoch 56/200 loss 0.3960 train 0.9276 test 0.1753
epoch 57/200 loss 0.3744 train 0.9283 test 0.1833
epoch 58/200 loss 0.3147 train 0.9411 test 0.1781
epoch 59/200 loss 0.3258 train 0.9418 test 0.1793
epoch 60/200 loss 0.2992 train 0.9496 test 0.1858
epoch 61/200 loss 0.2826 train 0.9517 test 0.1823
epoch 62/200 loss 0.2478 train 0.9652 test 0.1929
epoch 63/200 loss 0.2317 train 0.9631 test 0.1787
epoch 64/200 loss 0.2395 train 0.9631 test 0.1872
epoch 65/200 loss 0.2271 train 0.9645 test 0.1870
epoch 66/200 loss 0.1654 train 0.9837 test 0.2030
epoch 67/200 loss 0.1488 train 0.9865 test 0.1994
epoch 68/200 loss 0.1171 train 0.9908 test 0.2065
epoch 69/200 loss 0.1020 train 0.9964 test 0.2086
epoch 70/200 loss 0.0912 train 0.9943 test 0.2046
epoch 71/200 loss 0.0853 train 0.9986 test 0.2116
epoch 72/200 loss 0.0730 train 0.9986 test 0.2162
epoch 73/200 loss 0.0694 train 1.0000 test 0.2145
epoch 74/200 loss 0.0675 train 1.0000 test 0.2184
epoch 75/200 loss 0.0619 train 0.9986 test 0.2173
epoch 76/200 loss 0.0585 train 1.0000 test 0.2155
epoch 77/200 loss 0.0570 train 1.0000 test 0.2193
epoch 78/200 loss 0.0536 train 1.0000 test 0.2185
epoch 79/200 loss 0.0538 train 1.0000 test 0.2241
epoch 80/200 loss 0.0527 train 1.0000 test 0.2208
epoch 81/200 loss 0.0524 train 0.9993 test 0.2189
epoch 82/200 loss 0.0525 train 1.0000 test 0.2229
epoch 83/200 loss 0.0495 train 1.0000 test 0.2231
epoch 84/200 loss 0.0483 train 1.0000 test 0.2230
epoch 85/200 loss 0.0450 train 1.0000 test 0.2231
epoch 86/200 loss 0.0453 train 1.0000 test 0.2239
epoch 87/200 loss 0.0438 train 1.0000 test 0.2247
epoch 88/200 loss 0.0430 train 1.0000 test 0.2234
epoch 89/200 loss 0.0421 train 1.0000 test 0.2226
epoch 90/200 loss 0.0422 train 1.0000 test 0.2241
epoch 91/200 loss 0.0410 train 1.0000 test 0.2244
epoch 92/200 loss 0.0417 train 1.0000 test 0.2246
epoch 93/200 loss 0.0414 train 1.0000 test 0.2229
epoch 94/200 loss 0.0386 train 1.0000 test 0.2236
epoch 95/200 loss 0.0400 train 1.0000 test 0.2228
epoch 96/200 loss 0.0379 train 1.0000 test 0.2216
epoch 97/200 loss 0.0388 train 1.0000 test 0.2227
epoch 98/200 loss 0.0375 train 1.0000 test 0.2240
epoch 99/200 loss 0.0354 train 1.0000 test 0.2245
epoch 100/200 loss 0.0353 train 1.0000 test 0.2245
epoch 101/200 loss 0.0352 train 1.0000 test 0.2217
epoch 102/200 loss 0.0343 train 1.0000 test 0.2245
epoch 103/200 loss 0.0333 train 1.0000 test 0.2237
epoch 104/200 loss 0.0332 train 1.0000 test 0.2240
epoch 105/200 loss 0.0323 train 1.0000 test 0.2255
epoch 106/200 loss 0.0332 train 1.0000 test 0.2240
epoch 107/200 loss 0.0302 train 1.0000 test 0.2220
epoch 108/200 loss 0.0301 train 1.0000 test 0.2218
epoch 109/200 loss 0.0294 train 1.0000 test 0.2225
epoch 110/200 loss 0.0287 train 1.0000 test 0.2226
epoch 111/200 loss 0.0291 train 1.0000 test 0.2237
epoch 112/200 loss 0.0303 train 1.0000 test 0.2256
epoch 113/200 loss 0.0291 train 1.0000 test 0.2241
epoch 114/200 loss 0.0280 train 1.0000 test 0.2240
epoch 115/200 loss 0.0284 train 1.0000 test 0.2246
epoch 116/200 loss 0.0289 train 1.0000 test 0.2239
epoch 117/200 loss 0.0282 train 1.0000 test 0.2254
epoch 118/200 loss 0.0262 train 1.0000 test 0.2235
epoch 119/200 loss 0.0255 train 1.0000 test 0.2231
epoch 120/200 loss 0.0254 train 1.0000 test 0.2241
epoch 121/200 loss 0.0256 train 1.0000 test 0.2240
epoch 122/200 loss 0.0238 train 1.0000 test 0.2232
epoch 123/200 loss 0.0237 train 1.0000 test 0.2222
epoch 124/200 loss 0.0241 train 1.0000 test 0.2233
epoch 125/200 loss 0.0233 train 1.0000 test 0.2239
epoch 126/200 loss 0.0227 train 1.0000 test 0.2249
epoch 127/200 loss 0.0221 train 1.0000 test 0.2234
epoch 128/200 loss 0.0231 train 1.0000 test 0.2232
epoch 129/200 loss 0.0230 train 1.0000 test 0.2243
epoch 130/200 loss 0.0211 train 1.0000 test 0.2251
epoch 131/200 loss 0.0211 train 1.0000 test 0.2250
epoch 132/200 loss 0.0205 train 1.0000 test 0.2254
epoch 133/200 loss 0.0208 train 1.0000 test 0.2250
epoch 134/200 loss 0.0206 train 1.0000 test 0.2252
epoch 135/200 loss 0.0191 train 1.0000 test 0.2246
epoch 136/200 loss 0.0195 train 1.0000 test 0.2248
epoch 137/200 loss 0.0194 train 1.0000 test 0.2240
epoch 138/200 loss 0.0189 train 1.0000 test 0.2242
epoch 139/200 loss 0.0192 train 1.0000 test 0.2254
epoch 140/200 loss 0.0180 train 1.0000 test 0.2263
epoch 141/200 loss 0.0170 train 1.0000 test 0.2255
epoch 142/200 loss 0.0175 train 1.0000 test 0.2258
epoch 143/200 loss 0.0176 train 1.0000 test 0.2263
epoch 144/200 loss 0.0177 train 1.0000 test 0.2258
epoch 145/200 loss 0.0165 train 1.0000 test 0.2252
epoch 146/200 loss 0.0163 train 1.0000 test 0.2251
epoch 147/200 loss 0.0156 train 1.0000 test 0.2251
epoch 148/200 loss 0.0158 train 1.0000 test 0.2254
epoch 149/200 loss 0.0154 train 1.0000 test 0.2254
epoch 150/200 loss 0.0148 train 1.0000 test 0.2263
epoch 151/200 loss 0.0142 train 1.0000 test 0.2252
epoch 152/200 loss 0.0148 train 1.0000 test 0.2263
epoch 153/200 loss 0.0143 train 1.0000 test 0.2254
epoch 154/200 loss 0.0135 train 1.0000 test 0.2254
epoch 155/200 loss 0.0138 train 1.0000 test 0.2255
epoch 156/200 loss 0.0133 train 1.0000 test 0.2258
epoch 157/200 loss 0.0137 train 1.0000 test 0.2254
epoch 158/200 loss 0.0131 train 1.0000 test 0.2252
epoch 159/200 loss 0.0130 train 1.0000 test 0.2262
epoch 160/200 loss 0.0123 train 1.0000 test 0.2263
epoch 161/200 loss 0.0127 train 1.0000 test 0.2254
epoch 162/200 loss 0.0125 train 1.0000 test 0.2263
epoch 163/200 loss 0.0124 train 1.0000 test 0.2271
epoch 164/200 loss 0.0122 train 1.0000 test 0.2249
epoch 165/200 loss 0.0115 train 1.0000 test 0.2237
epoch 166/200 loss 0.0115 train 1.0000 test 0.2251
epoch 167/200 loss 0.0110 train 1.0000 test 0.2255
epoch 168/200 loss 0.0106 train 1.0000 test 0.2261
epoch 169/200 loss 0.0104 train 1.0000 test 0.2257
epoch 170/200 loss 0.0112 train 1.0000 test 0.2256
epoch 171/200 loss 0.0108 train 1.0000 test 0.2260
epoch 172/200 loss 0.0099 train 1.0000 test 0.2269
epoch 173/200 loss 0.0098 train 1.0000 test 0.2260
epoch 174/200 loss 0.0099 train 1.0000 test 0.2254
epoch 175/200 loss 0.0100 train 1.0000 test 0.2263
epoch 176/200 loss 0.0106 train 1.0000 test 0.2251
epoch 177/200 loss 0.0094 train 1.0000 test 0.2269
epoch 178/200 loss 0.0096 train 1.0000 test 0.2263
epoch 179/200 loss 0.0088 train 1.0000 test 0.2257
epoch 180/200 loss 0.0096 train 1.0000 test 0.2272
epoch 181/200 loss 0.0093 train 1.0000 test 0.2260
epoch 182/200 loss 0.0089 train 1.0000 test 0.2248
epoch 183/200 loss 0.0096 train 1.0000 test 0.2266
epoch 184/200 loss 0.0082 train 1.0000 test 0.2252
epoch 185/200 loss 0.0084 train 1.0000 test 0.2247
epoch 186/200 loss 0.0093 train 1.0000 test 0.2263
epoch 187/200 loss 0.0083 train 1.0000 test 0.2256
epoch 188/200 loss 0.0085 train 1.0000 test 0.2255
epoch 189/200 loss 0.0082 train 1.0000 test 0.2254
epoch 190/200 loss 0.0084 train 1.0000 test 0.2254
epoch 191/200 loss 0.0082 train 1.0000 test 0.2245
epoch 192/200 loss 0.0081 train 1.0000 test 0.2257
epoch 193/200 loss 0.0078 train 1.0000 test 0.2252
epoch 194/200 loss 0.0084 train 1.0000 test 0.2266
epoch 195/200 loss 0.0078 train 1.0000 test 0.2254
epoch 196/200 loss 0.0082 train 1.0000 test 0.2261
epoch 197/200 loss 0.0080 train 1.0000 test 0.2260
epoch 198/200 loss 0.0085 train 1.0000 test 0.2259
epoch 199/200 loss 0.0071 train 1.0000 test 0.2258
epoch 200/200 loss 0.0085 train 1.0000 test 0.2261
done: final 0.2261 best 0.2272 -> ./runs/auxmag_3pct_sched0/seed2
AUXSCHED_auxmag_3pct_sched0_DONE
moment-aux target calibrated on 1024 images
[auxmag_10pct_sched0 seed0] {"params_trainable": 11222188, "params_stem_trainable": 0, "params_stem_fixed_filters": 0, "flops_total": 556705792, "flops_stem": 0, "flops_image_size": 32}
epoch 1/200 loss 5.4731 train 0.0294 test 0.0520
epoch 2/200 loss 4.4090 train 0.0703 test 0.0790
epoch 3/200 loss 4.1101 train 0.0933 test 0.1052
epoch 4/200 loss 3.9016 train 0.1198 test 0.1102
epoch 5/200 loss 3.7344 train 0.1396 test 0.1357
epoch 6/200 loss 3.6091 train 0.1633 test 0.1477
epoch 7/200 loss 3.4832 train 0.1787 test 0.1352
epoch 8/200 loss 3.3549 train 0.2043 test 0.1545
epoch 9/200 loss 3.2466 train 0.2202 test 0.1706
epoch 10/200 loss 3.1268 train 0.2396 test 0.1704
epoch 11/200 loss 3.0385 train 0.2536 test 0.2063
epoch 12/200 loss 2.9392 train 0.2706 test 0.1850
epoch 13/200 loss 2.8483 train 0.2921 test 0.1922
epoch 14/200 loss 2.7478 train 0.3083 test 0.1984
epoch 15/200 loss 2.6115 train 0.3291 test 0.2256
epoch 16/200 loss 2.5366 train 0.3582 test 0.2558
epoch 17/200 loss 2.4323 train 0.3654 test 0.2476
epoch 18/200 loss 2.3786 train 0.3784 test 0.2487
epoch 19/200 loss 2.2819 train 0.4040 test 0.2676
epoch 20/200 loss 2.1995 train 0.4307 test 0.2670
epoch 21/200 loss 2.0673 train 0.4481 test 0.2810
epoch 22/200 loss 1.9787 train 0.4740 test 0.2736
epoch 23/200 loss 1.9422 train 0.4764 test 0.2403
epoch 24/200 loss 1.8379 train 0.5026 test 0.2746
epoch 25/200 loss 1.7553 train 0.5176 test 0.2775
epoch 26/200 loss 1.6242 train 0.5453 test 0.2939
epoch 27/200 loss 1.5530 train 0.5817 test 0.2911
epoch 28/200 loss 1.5126 train 0.5911 test 0.2999
epoch 29/200 loss 1.3934 train 0.6230 test 0.3124
epoch 30/200 loss 1.3326 train 0.6344 test 0.3177
epoch 31/200 loss 1.2717 train 0.6414 test 0.2977
epoch 32/200 loss 1.1547 train 0.6761 test 0.3118
epoch 33/200 loss 1.0838 train 0.6983 test 0.2974
epoch 34/200 loss 1.0260 train 0.7101 test 0.3181
epoch 35/200 loss 0.9544 train 0.7328 test 0.3258
epoch 36/200 loss 0.8903 train 0.7522 test 0.3072
epoch 37/200 loss 0.8264 train 0.7714 test 0.3062
epoch 38/200 loss 0.7908 train 0.7750 test 0.3070
epoch 39/200 loss 0.7054 train 0.8015 test 0.3138
epoch 40/200 loss 0.7183 train 0.7995 test 0.3346
epoch 41/200 loss 0.6261 train 0.8373 test 0.3336
epoch 42/200 loss 0.5912 train 0.8407 test 0.3300
epoch 43/200 loss 0.5774 train 0.8440 test 0.3293
epoch 44/200 loss 0.5270 train 0.8614 test 0.3461
epoch 45/200 loss 0.4557 train 0.8800 test 0.3218
epoch 46/200 loss 0.4281 train 0.8888 test 0.3420
epoch 47/200 loss 0.3954 train 0.8966 test 0.3324
epoch 48/200 loss 0.3870 train 0.9052 test 0.3453
epoch 49/200 loss 0.3608 train 0.9085 test 0.3536
epoch 50/200 loss 0.3834 train 0.8992 test 0.3491
epoch 51/200 loss 0.3493 train 0.9121 test 0.3470
epoch 52/200 loss 0.3218 train 0.9227 test 0.3206
epoch 53/200 loss 0.3154 train 0.9217 test 0.3363
epoch 54/200 loss 0.3121 train 0.9281 test 0.3483
epoch 55/200 loss 0.2544 train 0.9413 test 0.3530
epoch 56/200 loss 0.2168 train 0.9539 test 0.3566
epoch 57/200 loss 0.1893 train 0.9623 test 0.3641
epoch 58/200 loss 0.1542 train 0.9728 test 0.3745
epoch 59/200 loss 0.1405 train 0.9746 test 0.3631
epoch 60/200 loss 0.1347 train 0.9752 test 0.3653
epoch 61/200 loss 0.1226 train 0.9790 test 0.3837
epoch 62/200 loss 0.1117 train 0.9824 test 0.3799
epoch 63/200 loss 0.1021 train 0.9852 test 0.3907
epoch 64/200 loss 0.0876 train 0.9894 test 0.3870
epoch 65/200 loss 0.0999 train 0.9850 test 0.3876
epoch 66/200 loss 0.0979 train 0.9864 test 0.3745
epoch 67/200 loss 0.0871 train 0.9890 test 0.3771
epoch 68/200 loss 0.0972 train 0.9866 test 0.3855
epoch 69/200 loss 0.0974 train 0.9850 test 0.3814
epoch 70/200 loss 0.0865 train 0.9882 test 0.3871
epoch 71/200 loss 0.0934 train 0.9866 test 0.3831
epoch 72/200 loss 0.1008 train 0.9850 test 0.3830
epoch 73/200 loss 0.1198 train 0.9780 test 0.3574
epoch 74/200 loss 0.1726 train 0.9645 test 0.3452
epoch 75/200 loss 0.1801 train 0.9607 test 0.3495
epoch 76/200 loss 0.1832 train 0.9587 test 0.3504
epoch 77/200 loss 0.2242 train 0.9453 test 0.3206
epoch 78/200 loss 0.2334 train 0.9469 test 0.3305
epoch 79/200 loss 0.2717 train 0.9305 test 0.3287
epoch 80/200 loss 0.2661 train 0.9365 test 0.3561
epoch 81/200 loss 0.2100 train 0.9515 test 0.3582
epoch 82/200 loss 0.1747 train 0.9623 test 0.3559
epoch 83/200 loss 0.1588 train 0.9679 test 0.3590
epoch 84/200 loss 0.1245 train 0.9776 test 0.3647
epoch 85/200 loss 0.1014 train 0.9846 test 0.3803
epoch 86/200 loss 0.0785 train 0.9892 test 0.3881
epoch 87/200 loss 0.0552 train 0.9948 test 0.3999
epoch 88/200 loss 0.0520 train 0.9948 test 0.4109
epoch 89/200 loss 0.0412 train 0.9970 test 0.4096
epoch 90/200 loss 0.0336 train 0.9980 test 0.4038
epoch 91/200 loss 0.0312 train 0.9976 test 0.4165
epoch 92/200 loss 0.0302 train 0.9988 test 0.4227
epoch 93/200 loss 0.0233 train 0.9996 test 0.4259
epoch 94/200 loss 0.0207 train 0.9996 test 0.4297
epoch 95/200 loss 0.0203 train 0.9996 test 0.4320
epoch 96/200 loss 0.0196 train 0.9998 test 0.4317
epoch 97/200 loss 0.0190 train 0.9998 test 0.4326
epoch 98/200 loss 0.0183 train 0.9996 test 0.4331
epoch 99/200 loss 0.0179 train 0.9998 test 0.4333
epoch 100/200 loss 0.0176 train 0.9996 test 0.4321
epoch 101/200 loss 0.0171 train 0.9998 test 0.4329
epoch 102/200 loss 0.0169 train 0.9996 test 0.4312
epoch 103/200 loss 0.0167 train 0.9996 test 0.4320
epoch 104/200 loss 0.0161 train 0.9996 test 0.4318
epoch 105/200 loss 0.0164 train 0.9998 test 0.4286
epoch 106/200 loss 0.0161 train 0.9998 test 0.4334
epoch 107/200 loss 0.0158 train 0.9996 test 0.4344
epoch 108/200 loss 0.0161 train 0.9998 test 0.4321
epoch 109/200 loss 0.0154 train 0.9996 test 0.4333
epoch 110/200 loss 0.0152 train 0.9998 test 0.4369
epoch 111/200 loss 0.0152 train 0.9998 test 0.4342
epoch 112/200 loss 0.0151 train 1.0000 test 0.4348
epoch 113/200 loss 0.0149 train 1.0000 test 0.4362
epoch 114/200 loss 0.0141 train 0.9996 test 0.4347
epoch 115/200 loss 0.0144 train 0.9998 test 0.4355
epoch 116/200 loss 0.0144 train 0.9998 test 0.4361
epoch 117/200 loss 0.0136 train 1.0000 test 0.4344
epoch 118/200 loss 0.0142 train 0.9998 test 0.4366
epoch 119/200 loss 0.0131 train 0.9998 test 0.4368
epoch 120/200 loss 0.0138 train 0.9998 test 0.4360
epoch 121/200 loss 0.0134 train 0.9996 test 0.4352
epoch 122/200 loss 0.0130 train 0.9998 test 0.4354
epoch 123/200 loss 0.0132 train 0.9998 test 0.4396
epoch 124/200 loss 0.0128 train 1.0000 test 0.4362
epoch 125/200 loss 0.0127 train 0.9996 test 0.4385
epoch 126/200 loss 0.0128 train 0.9998 test 0.4394
epoch 127/200 loss 0.0125 train 0.9998 test 0.4374
epoch 128/200 loss 0.0120 train 1.0000 test 0.4402
epoch 129/200 loss 0.0120 train 0.9998 test 0.4396
epoch 130/200 loss 0.0118 train 0.9998 test 0.4358
epoch 131/200 loss 0.0119 train 0.9996 test 0.4369
epoch 132/200 loss 0.0116 train 0.9998 test 0.4396
epoch 133/200 loss 0.0111 train 0.9998 test 0.4384
epoch 134/200 loss 0.0111 train 0.9998 test 0.4379
epoch 135/200 loss 0.0113 train 0.9996 test 0.4376
epoch 136/200 loss 0.0111 train 1.0000 test 0.4383
epoch 137/200 loss 0.0107 train 0.9996 test 0.4379
epoch 138/200 loss 0.0106 train 0.9998 test 0.4377
epoch 139/200 loss 0.0106 train 0.9998 test 0.4384
epoch 140/200 loss 0.0105 train 0.9996 test 0.4380
epoch 141/200 loss 0.0104 train 0.9998 test 0.4381
epoch 142/200 loss 0.0100 train 0.9996 test 0.4384
epoch 143/200 loss 0.0102 train 0.9998 test 0.4420
epoch 144/200 loss 0.0101 train 0.9998 test 0.4414
epoch 145/200 loss 0.0098 train 0.9998 test 0.4402
epoch 146/200 loss 0.0096 train 0.9998 test 0.4413
epoch 147/200 loss 0.0090 train 1.0000 test 0.4406
epoch 148/200 loss 0.0094 train 0.9996 test 0.4396
epoch 149/200 loss 0.0093 train 0.9998 test 0.4407
epoch 150/200 loss 0.0089 train 0.9998 test 0.4416
epoch 151/200 loss 0.0088 train 0.9998 test 0.4423
epoch 152/200 loss 0.0090 train 0.9998 test 0.4419
epoch 153/200 loss 0.0086 train 0.9998 test 0.4421
epoch 154/200 loss 0.0088 train 1.0000 test 0.4414
epoch 155/200 loss 0.0087 train 0.9998 test 0.4422
epoch 156/200 loss 0.0084 train 0.9998 test 0.4423
epoch 157/200 loss 0.0082 train 0.9998 test 0.4414
epoch 158/200 loss 0.0081 train 1.0000 test 0.4420
epoch 159/200 loss 0.0081 train 1.0000 test 0.4429
epoch 160/200 loss 0.0083 train 0.9996 test 0.4411
epoch 161/200 loss 0.0080 train 1.0000 test 0.4428
epoch 162/200 loss 0.0081 train 0.9998 test 0.4438
epoch 163/200 loss 0.0080 train 0.9996 test 0.4436
epoch 164/200 loss 0.0077 train 0.9998 test 0.4437
epoch 165/200 loss 0.0076 train 0.9998 test 0.4443
epoch 166/200 loss 0.0078 train 0.9996 test 0.4408
epoch 167/200 loss 0.0075 train 1.0000 test 0.4429
epoch 168/200 loss 0.0076 train 1.0000 test 0.4431
epoch 169/200 loss 0.0076 train 1.0000 test 0.4433
epoch 170/200 loss 0.0073 train 0.9998 test 0.4426
epoch 171/200 loss 0.0073 train 0.9998 test 0.4439
epoch 172/200 loss 0.0075 train 1.0000 test 0.4434
epoch 173/200 loss 0.0074 train 0.9998 test 0.4447
epoch 174/200 loss 0.0070 train 1.0000 test 0.4424
epoch 175/200 loss 0.0070 train 1.0000 test 0.4437
epoch 176/200 loss 0.0070 train 0.9998 test 0.4422
epoch 177/200 loss 0.0069 train 1.0000 test 0.4431
epoch 178/200 loss 0.0068 train 1.0000 test 0.4421
epoch 179/200 loss 0.0068 train 0.9998 test 0.4441
epoch 180/200 loss 0.0066 train 1.0000 test 0.4428
epoch 181/200 loss 0.0068 train 1.0000 test 0.4427
epoch 182/200 loss 0.0067 train 1.0000 test 0.4441
epoch 183/200 loss 0.0065 train 1.0000 test 0.4427
epoch 184/200 loss 0.0064 train 1.0000 test 0.4426
epoch 185/200 loss 0.0065 train 1.0000 test 0.4440
epoch 186/200 loss 0.0065 train 1.0000 test 0.4436
epoch 187/200 loss 0.0065 train 1.0000 test 0.4430
epoch 188/200 loss 0.0063 train 0.9998 test 0.4447
epoch 189/200 loss 0.0062 train 0.9998 test 0.4425
epoch 190/200 loss 0.0063 train 0.9998 test 0.4429
epoch 191/200 loss 0.0060 train 1.0000 test 0.4423
epoch 192/200 loss 0.0061 train 1.0000 test 0.4440
epoch 193/200 loss 0.0063 train 1.0000 test 0.4443
epoch 194/200 loss 0.0063 train 1.0000 test 0.4436
epoch 195/200 loss 0.0062 train 0.9998 test 0.4433
epoch 196/200 loss 0.0062 train 0.9998 test 0.4426
epoch 197/200 loss 0.0061 train 1.0000 test 0.4428
epoch 198/200 loss 0.0063 train 0.9998 test 0.4441
epoch 199/200 loss 0.0061 train 1.0000 test 0.4434
epoch 200/200 loss 0.0061 train 1.0000 test 0.4419
done: final 0.4419 best 0.4447 -> ./runs/auxmag_10pct_sched0/seed0
moment-aux target calibrated on 1024 images
[auxmag_10pct_sched0 seed1] {"params_trainable": 11222188, "params_stem_trainable": 0, "params_stem_fixed_filters": 0, "flops_total": 556705792, "flops_stem": 0, "flops_image_size": 32}
epoch 1/200 loss 5.5088 train 0.0288 test 0.0518
epoch 2/200 loss 4.4239 train 0.0601 test 0.0866
epoch 3/200 loss 4.0982 train 0.0944 test 0.0892
epoch 4/200 loss 3.8997 train 0.1200 test 0.1122
epoch 5/200 loss 3.7662 train 0.1392 test 0.1202
epoch 6/200 loss 3.6045 train 0.1629 test 0.1452
epoch 7/200 loss 3.4918 train 0.1769 test 0.1607
epoch 8/200 loss 3.3736 train 0.2057 test 0.1760
epoch 9/200 loss 3.2833 train 0.2097 test 0.1554
epoch 10/200 loss 3.1692 train 0.2398 test 0.1682
epoch 11/200 loss 3.0513 train 0.2440 test 0.1919
epoch 12/200 loss 2.9458 train 0.2766 test 0.1980
epoch 13/200 loss 2.8428 train 0.2941 test 0.2219
epoch 14/200 loss 2.7384 train 0.3113 test 0.2416
epoch 15/200 loss 2.6545 train 0.3311 test 0.2384
epoch 16/200 loss 2.5474 train 0.3482 test 0.2273
epoch 17/200 loss 2.4467 train 0.3724 test 0.2463
epoch 18/200 loss 2.3473 train 0.3846 test 0.2581
epoch 19/200 loss 2.2758 train 0.3950 test 0.2979
epoch 20/200 loss 2.1698 train 0.4241 test 0.2543
epoch 21/200 loss 2.0981 train 0.4427 test 0.2501
epoch 22/200 loss 1.9908 train 0.4712 test 0.2591
epoch 23/200 loss 1.9068 train 0.4790 test 0.2882
epoch 24/200 loss 1.8114 train 0.5028 test 0.2873
epoch 25/200 loss 1.7104 train 0.5383 test 0.2785
epoch 26/200 loss 1.6571 train 0.5483 test 0.2879
epoch 27/200 loss 1.5661 train 0.5685 test 0.3019
epoch 28/200 loss 1.5016 train 0.5881 test 0.2946
epoch 29/200 loss 1.3789 train 0.6154 test 0.3356
epoch 30/200 loss 1.3257 train 0.6336 test 0.3162
epoch 31/200 loss 1.2331 train 0.6554 test 0.3204
epoch 32/200 loss 1.1724 train 0.6673 test 0.3028
epoch 33/200 loss 1.1571 train 0.6743 test 0.3180
epoch 34/200 loss 1.0361 train 0.7115 test 0.3001
epoch 35/200 loss 0.9901 train 0.7240 test 0.3115
epoch 36/200 loss 0.9291 train 0.7320 test 0.3108
epoch 37/200 loss 0.8588 train 0.7584 test 0.3257
epoch 38/200 loss 0.8012 train 0.7766 test 0.3284
epoch 39/200 loss 0.7145 train 0.8045 test 0.3205
epoch 40/200 loss 0.7098 train 0.8031 test 0.3178
epoch 41/200 loss 0.6831 train 0.8045 test 0.3117
epoch 42/200 loss 0.6329 train 0.8237 test 0.3442
epoch 43/200 loss 0.5380 train 0.8554 test 0.3371
epoch 44/200 loss 0.5272 train 0.8640 test 0.3393
epoch 45/200 loss 0.4931 train 0.8694 test 0.3603
epoch 46/200 loss 0.4007 train 0.8990 test 0.3392
epoch 47/200 loss 0.3697 train 0.9109 test 0.3633
epoch 48/200 loss 0.3511 train 0.9137 test 0.3416
epoch 49/200 loss 0.3493 train 0.9141 test 0.3428
epoch 50/200 loss 0.3455 train 0.9177 test 0.3577
epoch 51/200 loss 0.3221 train 0.9227 test 0.3610
epoch 52/200 loss 0.2896 train 0.9301 test 0.3586
epoch 53/200 loss 0.3021 train 0.9235 test 0.3429
epoch 54/200 loss 0.2653 train 0.9365 test 0.3572
epoch 55/200 loss 0.2667 train 0.9385 test 0.3478
epoch 56/200 loss 0.2968 train 0.9269 test 0.3455
epoch 57/200 loss 0.2758 train 0.9349 test 0.3342
epoch 58/200 loss 0.2689 train 0.9349 test 0.3627
epoch 59/200 loss 0.2256 train 0.9513 test 0.3483
epoch 60/200 loss 0.1973 train 0.9603 test 0.3748
epoch 61/200 loss 0.1654 train 0.9651 test 0.3563
epoch 62/200 loss 0.1482 train 0.9744 test 0.3770
epoch 63/200 loss 0.1355 train 0.9760 test 0.3703
epoch 64/200 loss 0.1426 train 0.9730 test 0.3560
epoch 65/200 loss 0.1304 train 0.9760 test 0.3755
epoch 66/200 loss 0.1174 train 0.9816 test 0.3833
epoch 67/200 loss 0.1016 train 0.9850 test 0.3814
epoch 68/200 loss 0.0876 train 0.9910 test 0.3910
epoch 69/200 loss 0.0979 train 0.9834 test 0.3880
epoch 70/200 loss 0.1076 train 0.9848 test 0.3750
epoch 71/200 loss 0.1098 train 0.9838 test 0.3868
epoch 72/200 loss 0.1012 train 0.9850 test 0.3939
epoch 73/200 loss 0.0949 train 0.9862 test 0.3954
epoch 74/200 loss 0.0964 train 0.9836 test 0.3845
epoch 75/200 loss 0.0869 train 0.9876 test 0.3826
epoch 76/200 loss 0.0931 train 0.9856 test 0.3729
epoch 77/200 loss 0.0905 train 0.9888 test 0.3909
epoch 78/200 loss 0.0833 train 0.9902 test 0.3843
epoch 79/200 loss 0.0835 train 0.9894 test 0.3855
epoch 80/200 loss 0.0638 train 0.9952 test 0.4029
epoch 81/200 loss 0.0542 train 0.9964 test 0.4039
epoch 82/200 loss 0.0422 train 0.9978 test 0.4182
epoch 83/200 loss 0.0364 train 0.9992 test 0.4227
epoch 84/200 loss 0.0368 train 0.9972 test 0.4157
epoch 85/200 loss 0.0369 train 0.9986 test 0.4190
epoch 86/200 loss 0.0317 train 0.9984 test 0.4148
epoch 87/200 loss 0.0249 train 0.9998 test 0.4361
epoch 88/200 loss 0.0236 train 0.9994 test 0.4324
epoch 89/200 loss 0.0219 train 0.9996 test 0.4329
epoch 90/200 loss 0.0206 train 0.9998 test 0.4345
epoch 91/200 loss 0.0206 train 0.9996 test 0.4342
epoch 92/200 loss 0.0232 train 0.9990 test 0.4294
epoch 93/200 loss 0.0203 train 0.9998 test 0.4349
epoch 94/200 loss 0.0205 train 0.9994 test 0.4316
epoch 95/200 loss 0.0194 train 0.9996 test 0.4370
epoch 96/200 loss 0.0193 train 0.9996 test 0.4327
epoch 97/200 loss 0.0178 train 0.9998 test 0.4393
epoch 98/200 loss 0.0171 train 0.9996 test 0.4367
epoch 99/200 loss 0.0169 train 0.9998 test 0.4369
epoch 100/200 loss 0.0170 train 0.9996 test 0.4357
epoch 101/200 loss 0.0170 train 0.9996 test 0.4369
epoch 102/200 loss 0.0157 train 0.9998 test 0.4363
epoch 103/200 loss 0.0163 train 0.9996 test 0.4389
epoch 104/200 loss 0.0159 train 0.9998 test 0.4397
epoch 105/200 loss 0.0152 train 0.9998 test 0.4389
epoch 106/200 loss 0.0157 train 0.9998 test 0.4375
epoch 107/200 loss 0.0151 train 0.9998 test 0.4399
epoch 108/200 loss 0.0151 train 0.9998 test 0.4427
epoch 109/200 loss 0.0147 train 0.9996 test 0.4379
epoch 110/200 loss 0.0147 train 0.9998 test 0.4397
epoch 111/200 loss 0.0150 train 0.9998 test 0.4406
epoch 112/200 loss 0.0147 train 0.9998 test 0.4410
epoch 113/200 loss 0.0140 train 0.9998 test 0.4371
epoch 114/200 loss 0.0147 train 0.9998 test 0.4401
epoch 115/200 loss 0.0143 train 0.9998 test 0.4421
epoch 116/200 loss 0.0139 train 0.9998 test 0.4410
epoch 117/200 loss 0.0130 train 1.0000 test 0.4410
epoch 118/200 loss 0.0132 train 0.9996 test 0.4436
epoch 119/200 loss 0.0132 train 0.9998 test 0.4426
epoch 120/200 loss 0.0130 train 0.9998 test 0.4415
epoch 121/200 loss 0.0128 train 0.9998 test 0.4432
epoch 122/200 loss 0.0131 train 0.9996 test 0.4411
epoch 123/200 loss 0.0125 train 0.9998 test 0.4401
epoch 124/200 loss 0.0123 train 0.9998 test 0.4422
epoch 125/200 loss 0.0117 train 0.9998 test 0.4416
epoch 126/200 loss 0.0118 train 1.0000 test 0.4422
epoch 127/200 loss 0.0115 train 0.9998 test 0.4427
epoch 128/200 loss 0.0115 train 0.9998 test 0.4440
epoch 129/200 loss 0.0114 train 0.9996 test 0.4419
epoch 130/200 loss 0.0113 train 0.9998 test 0.4416
epoch 131/200 loss 0.0110 train 0.9996 test 0.4425
epoch 132/200 loss 0.0106 train 0.9998 test 0.4430
epoch 133/200 loss 0.0108 train 1.0000 test 0.4421
epoch 134/200 loss 0.0109 train 1.0000 test 0.4430
epoch 135/200 loss 0.0102 train 0.9998 test 0.4409
epoch 136/200 loss 0.0110 train 0.9996 test 0.4436
epoch 137/200 loss 0.0103 train 1.0000 test 0.4441
epoch 138/200 loss 0.0103 train 1.0000 test 0.4409
epoch 139/200 loss 0.0102 train 0.9996 test 0.4452
epoch 140/200 loss 0.0097 train 0.9998 test 0.4441
epoch 141/200 loss 0.0099 train 0.9998 test 0.4460
epoch 142/200 loss 0.0095 train 1.0000 test 0.4433
epoch 143/200 loss 0.0093 train 0.9998 test 0.4446
epoch 144/200 loss 0.0094 train 0.9998 test 0.4452
epoch 145/200 loss 0.0090 train 1.0000 test 0.4456
epoch 146/200 loss 0.0091 train 1.0000 test 0.4451
epoch 147/200 loss 0.0097 train 0.9996 test 0.4432
epoch 148/200 loss 0.0092 train 0.9998 test 0.4471
epoch 149/200 loss 0.0086 train 0.9998 test 0.4464
epoch 150/200 loss 0.0086 train 0.9998 test 0.4436
epoch 151/200 loss 0.0085 train 1.0000 test 0.4440
epoch 152/200 loss 0.0090 train 0.9996 test 0.4462
epoch 153/200 loss 0.0084 train 0.9998 test 0.4449
epoch 154/200 loss 0.0082 train 0.9998 test 0.4453
epoch 155/200 loss 0.0088 train 0.9996 test 0.4463
epoch 156/200 loss 0.0081 train 0.9998 test 0.4443
epoch 157/200 loss 0.0079 train 1.0000 test 0.4461
epoch 158/200 loss 0.0079 train 0.9998 test 0.4459
epoch 159/200 loss 0.0078 train 1.0000 test 0.4454
epoch 160/200 loss 0.0073 train 1.0000 test 0.4446
epoch 161/200 loss 0.0074 train 1.0000 test 0.4442
epoch 162/200 loss 0.0077 train 0.9998 test 0.4455
epoch 163/200 loss 0.0077 train 0.9996 test 0.4447
epoch 164/200 loss 0.0075 train 0.9996 test 0.4447
epoch 165/200 loss 0.0074 train 1.0000 test 0.4474
epoch 166/200 loss 0.0074 train 0.9998 test 0.4453
epoch 167/200 loss 0.0073 train 0.9998 test 0.4469
epoch 168/200 loss 0.0072 train 0.9998 test 0.4460
epoch 169/200 loss 0.0071 train 0.9998 test 0.4448
epoch 170/200 loss 0.0070 train 0.9998 test 0.4474
epoch 171/200 loss 0.0067 train 1.0000 test 0.4480
epoch 172/200 loss 0.0067 train 1.0000 test 0.4470
epoch 173/200 loss 0.0069 train 1.0000 test 0.4472
epoch 174/200 loss 0.0065 train 1.0000 test 0.4457
epoch 175/200 loss 0.0064 train 0.9998 test 0.4475
epoch 176/200 loss 0.0064 train 1.0000 test 0.4462
epoch 177/200 loss 0.0063 train 0.9998 test 0.4473
epoch 178/200 loss 0.0064 train 1.0000 test 0.4468
epoch 179/200 loss 0.0067 train 0.9998 test 0.4463
epoch 180/200 loss 0.0062 train 1.0000 test 0.4450
epoch 181/200 loss 0.0059 train 1.0000 test 0.4464
epoch 182/200 loss 0.0062 train 1.0000 test 0.4478
epoch 183/200 loss 0.0062 train 1.0000 test 0.4469
epoch 184/200 loss 0.0061 train 0.9998 test 0.4482
epoch 185/200 loss 0.0060 train 1.0000 test 0.4464
epoch 186/200 loss 0.0062 train 1.0000 test 0.4478
epoch 187/200 loss 0.0058 train 1.0000 test 0.4477
epoch 188/200 loss 0.0061 train 0.9996 test 0.4472
epoch 189/200 loss 0.0061 train 0.9998 test 0.4479
epoch 190/200 loss 0.0060 train 1.0000 test 0.4465
epoch 191/200 loss 0.0059 train 1.0000 test 0.4467
epoch 192/200 loss 0.0059 train 0.9998 test 0.4462
epoch 193/200 loss 0.0060 train 1.0000 test 0.4487
epoch 194/200 loss 0.0058 train 0.9998 test 0.4467
epoch 195/200 loss 0.0061 train 0.9998 test 0.4470
epoch 196/200 loss 0.0058 train 1.0000 test 0.4478
epoch 197/200 loss 0.0059 train 1.0000 test 0.4481
epoch 198/200 loss 0.0059 train 1.0000 test 0.4480
epoch 199/200 loss 0.0060 train 1.0000 test 0.4481
epoch 200/200 loss 0.0058 train 1.0000 test 0.4470
done: final 0.4470 best 0.4487 -> ./runs/auxmag_10pct_sched0/seed1
moment-aux target calibrated on 1024 images
[auxmag_10pct_sched0 seed2] {"params_trainable": 11222188, "params_stem_trainable": 0, "params_stem_fixed_filters": 0, "flops_total": 556705792, "flops_stem": 0, "flops_image_size": 32}
epoch 1/200 loss 5.3911 train 0.0341 test 0.0574
epoch 2/200 loss 4.3851 train 0.0705 test 0.0930
epoch 3/200 loss 4.0885 train 0.1040 test 0.0989
epoch 4/200 loss 3.8893 train 0.1272 test 0.1115
epoch 5/200 loss 3.7578 train 0.1482 test 0.1394
epoch 6/200 loss 3.6303 train 0.1637 test 0.1417
epoch 7/200 loss 3.5157 train 0.1795 test 0.1420
epoch 8/200 loss 3.3869 train 0.1993 test 0.1754
epoch 9/200 loss 3.3000 train 0.2071 test 0.1704
epoch 10/200 loss 3.1773 train 0.2334 test 0.1702
epoch 11/200 loss 3.0952 train 0.2488 test 0.1895
epoch 12/200 loss 2.9753 train 0.2626 test 0.1833
epoch 13/200 loss 2.8770 train 0.2776 test 0.2160
epoch 14/200 loss 2.7975 train 0.2957 test 0.2122
epoch 15/200 loss 2.6866 train 0.3257 test 0.2330
epoch 16/200 loss 2.5719 train 0.3431 test 0.2318
epoch 17/200 loss 2.4652 train 0.3606 test 0.2485
epoch 18/200 loss 2.3588 train 0.3894 test 0.2387
epoch 19/200 loss 2.2961 train 0.4058 test 0.2349
epoch 20/200 loss 2.1994 train 0.4189 test 0.3005
epoch 21/200 loss 2.0842 train 0.4429 test 0.2504
epoch 22/200 loss 2.0145 train 0.4621 test 0.2760
epoch 23/200 loss 1.8832 train 0.4942 test 0.2873
epoch 24/200 loss 1.8407 train 0.5052 test 0.2820
epoch 25/200 loss 1.7341 train 0.5317 test 0.3119
epoch 26/200 loss 1.6234 train 0.5517 test 0.3036
epoch 27/200 loss 1.5935 train 0.5591 test 0.2905
epoch 28/200 loss 1.4553 train 0.6034 test 0.2771
epoch 29/200 loss 1.4127 train 0.6060 test 0.2890
epoch 30/200 loss 1.3153 train 0.6276 test 0.3166
epoch 31/200 loss 1.2828 train 0.6414 test 0.3084
epoch 32/200 loss 1.1456 train 0.6801 test 0.3431
epoch 33/200 loss 1.0441 train 0.7097 test 0.3235
epoch 34/200 loss 0.9873 train 0.7292 test 0.3228
epoch 35/200 loss 0.9621 train 0.7256 test 0.3121
epoch 36/200 loss 0.9169 train 0.7382 test 0.3401
epoch 37/200 loss 0.8731 train 0.7570 test 0.3115
epoch 38/200 loss 0.7869 train 0.7841 test 0.3167
epoch 39/200 loss 0.7421 train 0.7977 test 0.3124
epoch 40/200 loss 0.6402 train 0.8275 test 0.3162
epoch 41/200 loss 0.5766 train 0.8498 test 0.3405
epoch 42/200 loss 0.5860 train 0.8373 test 0.3177
epoch 43/200 loss 0.6155 train 0.8311 test 0.3365
epoch 44/200 loss 0.6110 train 0.8361 test 0.3305
epoch 45/200 loss 0.5144 train 0.8690 test 0.3412
epoch 46/200 loss 0.4249 train 0.8908 test 0.3442
epoch 47/200 loss 0.3652 train 0.9093 test 0.3583
epoch 48/200 loss 0.3866 train 0.8998 test 0.3188
epoch 49/200 loss 0.4007 train 0.8980 test 0.3600
epoch 50/200 loss 0.3042 train 0.9307 test 0.3692
epoch 51/200 loss 0.2769 train 0.9373 test 0.3539
epoch 52/200 loss 0.2975 train 0.9279 test 0.3469
epoch 53/200 loss 0.3200 train 0.9215 test 0.3512
epoch 54/200 loss 0.2769 train 0.9363 test 0.3569
epoch 55/200 loss 0.2596 train 0.9411 test 0.3662
epoch 56/200 loss 0.2465 train 0.9415 test 0.3314
epoch 57/200 loss 0.2877 train 0.9289 test 0.3532
epoch 58/200 loss 0.2492 train 0.9467 test 0.3613
epoch 59/200 loss 0.2343 train 0.9445 test 0.3406
epoch 60/200 loss 0.2511 train 0.9405 test 0.3481
epoch 61/200 loss 0.2276 train 0.9521 test 0.3441
epoch 62/200 loss 0.1862 train 0.9643 test 0.3601
epoch 63/200 loss 0.1412 train 0.9760 test 0.3567
epoch 64/200 loss 0.1270 train 0.9782 test 0.3870
epoch 65/200 loss 0.1048 train 0.9858 test 0.3684
epoch 66/200 loss 0.0879 train 0.9896 test 0.3900
epoch 67/200 loss 0.0692 train 0.9938 test 0.4000
epoch 68/200 loss 0.0648 train 0.9940 test 0.4047
epoch 69/200 loss 0.0569 train 0.9964 test 0.4066
epoch 70/200 loss 0.0637 train 0.9934 test 0.3863
epoch 71/200 loss 0.0700 train 0.9924 test 0.3948
epoch 72/200 loss 0.0610 train 0.9938 test 0.4062
epoch 73/200 loss 0.0463 train 0.9984 test 0.4139
epoch 74/200 loss 0.0412 train 0.9982 test 0.4155
epoch 75/200 loss 0.0325 train 0.9998 test 0.4210
epoch 76/200 loss 0.0291 train 0.9996 test 0.4223
epoch 77/200 loss 0.0262 train 0.9998 test 0.4268
epoch 78/200 loss 0.0271 train 0.9996 test 0.4274
epoch 79/200 loss 0.0251 train 0.9996 test 0.4271
epoch 80/200 loss 0.0242 train 0.9996 test 0.4274
epoch 81/200 loss 0.0252 train 0.9996 test 0.4259
epoch 82/200 loss 0.0421 train 0.9964 test 0.4128
epoch 83/200 loss 0.0398 train 0.9964 test 0.4112
epoch 84/200 loss 0.0394 train 0.9980 test 0.4132
epoch 85/200 loss 0.0342 train 0.9990 test 0.4248
epoch 86/200 loss 0.0260 train 0.9998 test 0.4235
epoch 87/200 loss 0.0228 train 1.0000 test 0.4294
epoch 88/200 loss 0.0207 train 0.9996 test 0.4341
epoch 89/200 loss 0.0208 train 0.9998 test 0.4305
epoch 90/200 loss 0.0198 train 0.9996 test 0.4279
epoch 91/200 loss 0.0188 train 0.9998 test 0.4331
epoch 92/200 loss 0.0191 train 0.9998 test 0.4339
epoch 93/200 loss 0.0192 train 0.9996 test 0.4341
epoch 94/200 loss 0.0187 train 0.9998 test 0.4335
epoch 95/200 loss 0.0182 train 0.9996 test 0.4360
epoch 96/200 loss 0.0174 train 0.9996 test 0.4355
epoch 97/200 loss 0.0180 train 0.9998 test 0.4329
epoch 98/200 loss 0.0172 train 0.9998 test 0.4356
epoch 99/200 loss 0.0166 train 0.9996 test 0.4337
epoch 100/200 loss 0.0168 train 0.9996 test 0.4369
epoch 101/200 loss 0.0171 train 0.9998 test 0.4364
epoch 102/200 loss 0.0165 train 0.9996 test 0.4331
epoch 103/200 loss 0.0171 train 0.9996 test 0.4303
epoch 104/200 loss 0.0159 train 1.0000 test 0.4336
epoch 105/200 loss 0.0163 train 0.9998 test 0.4337
epoch 106/200 loss 0.0157 train 0.9998 test 0.4346
epoch 107/200 loss 0.0145 train 0.9998 test 0.4327
epoch 108/200 loss 0.0149 train 0.9996 test 0.4360
epoch 109/200 loss 0.0148 train 1.0000 test 0.4384
epoch 110/200 loss 0.0146 train 0.9996 test 0.4383
epoch 111/200 loss 0.0151 train 0.9996 test 0.4345
epoch 112/200 loss 0.0147 train 0.9998 test 0.4325
epoch 113/200 loss 0.0142 train 0.9998 test 0.4362
epoch 114/200 loss 0.0144 train 0.9998 test 0.4326
epoch 115/200 loss 0.0139 train 0.9998 test 0.4309
epoch 116/200 loss 0.0132 train 0.9998 test 0.4370
epoch 117/200 loss 0.0133 train 0.9996 test 0.4357
epoch 118/200 loss 0.0131 train 0.9996 test 0.4370
epoch 119/200 loss 0.0131 train 0.9996 test 0.4319
epoch 120/200 loss 0.0144 train 0.9996 test 0.4316
epoch 121/200 loss 0.0126 train 1.0000 test 0.4329
epoch 122/200 loss 0.0129 train 0.9998 test 0.4368
epoch 123/200 loss 0.0121 train 0.9998 test 0.4331
epoch 124/200 loss 0.0126 train 0.9998 test 0.4332
epoch 125/200 loss 0.0120 train 0.9996 test 0.4363
epoch 126/200 loss 0.0116 train 0.9996 test 0.4370
epoch 127/200 loss 0.0115 train 0.9998 test 0.4348
epoch 128/200 loss 0.0112 train 0.9998 test 0.4350
epoch 129/200 loss 0.0113 train 0.9996 test 0.4339
epoch 130/200 loss 0.0105 train 0.9998 test 0.4394
epoch 131/200 loss 0.0106 train 0.9998 test 0.4403
epoch 132/200 loss 0.0106 train 0.9998 test 0.4369
epoch 133/200 loss 0.0105 train 0.9996 test 0.4353
epoch 134/200 loss 0.0106 train 0.9998 test 0.4377
epoch 135/200 loss 0.0103 train 0.9996 test 0.4380
epoch 136/200 loss 0.0103 train 0.9998 test 0.4355
epoch 137/200 loss 0.0101 train 0.9996 test 0.4363
epoch 138/200 loss 0.0102 train 0.9996 test 0.4377
epoch 139/200 loss 0.0096 train 0.9998 test 0.4385
epoch 140/200 loss 0.0095 train 0.9998 test 0.4361
epoch 141/200 loss 0.0093 train 0.9996 test 0.4373
epoch 142/200 loss 0.0091 train 0.9998 test 0.4383
epoch 143/200 loss 0.0089 train 0.9998 test 0.4407
epoch 144/200 loss 0.0090 train 0.9998 test 0.4398
epoch 145/200 loss 0.0088 train 0.9998 test 0.4374
epoch 146/200 loss 0.0089 train 0.9998 test 0.4404
epoch 147/200 loss 0.0085 train 0.9998 test 0.4408
epoch 148/200 loss 0.0086 train 0.9996 test 0.4400
epoch 149/200 loss 0.0085 train 0.9996 test 0.4407
epoch 150/200 loss 0.0084 train 0.9998 test 0.4396
epoch 151/200 loss 0.0084 train 0.9996 test 0.4394
epoch 152/200 loss 0.0083 train 1.0000 test 0.4413
epoch 153/200 loss 0.0083 train 0.9996 test 0.4408
epoch 154/200 loss 0.0078 train 1.0000 test 0.4407
epoch 155/200 loss 0.0082 train 0.9996 test 0.4407
epoch 156/200 loss 0.0079 train 0.9998 test 0.4396
epoch 157/200 loss 0.0077 train 0.9998 test 0.4383
epoch 158/200 loss 0.0076 train 0.9996 test 0.4399
epoch 159/200 loss 0.0074 train 0.9998 test 0.4418
epoch 160/200 loss 0.0075 train 0.9998 test 0.4409
epoch 161/200 loss 0.0071 train 0.9998 test 0.4418
epoch 162/200 loss 0.0072 train 1.0000 test 0.4397
epoch 163/200 loss 0.0069 train 1.0000 test 0.4420
epoch 164/200 loss 0.0072 train 0.9996 test 0.4405
epoch 165/200 loss 0.0070 train 0.9998 test 0.4405
epoch 166/200 loss 0.0068 train 1.0000 test 0.4402
epoch 167/200 loss 0.0070 train 0.9998 test 0.4410
epoch 168/200 loss 0.0067 train 1.0000 test 0.4405
epoch 169/200 loss 0.0067 train 0.9998 test 0.4401
epoch 170/200 loss 0.0069 train 1.0000 test 0.4404
epoch 171/200 loss 0.0067 train 1.0000 test 0.4400
epoch 172/200 loss 0.0066 train 0.9998 test 0.4411
epoch 173/200 loss 0.0064 train 0.9998 test 0.4404
epoch 174/200 loss 0.0064 train 0.9998 test 0.4385
epoch 175/200 loss 0.0063 train 1.0000 test 0.4383
epoch 176/200 loss 0.0063 train 1.0000 test 0.4401
epoch 177/200 loss 0.0064 train 0.9998 test 0.4411
epoch 178/200 loss 0.0061 train 0.9998 test 0.4407
epoch 179/200 loss 0.0060 train 1.0000 test 0.4412
epoch 180/200 loss 0.0062 train 0.9996 test 0.4412
epoch 181/200 loss 0.0063 train 0.9998 test 0.4409
epoch 182/200 loss 0.0060 train 1.0000 test 0.4395
epoch 183/200 loss 0.0060 train 1.0000 test 0.4403
epoch 184/200 loss 0.0057 train 1.0000 test 0.4413
epoch 185/200 loss 0.0058 train 1.0000 test 0.4407
epoch 186/200 loss 0.0060 train 1.0000 test 0.4386
epoch 187/200 loss 0.0060 train 1.0000 test 0.4420
epoch 188/200 loss 0.0057 train 0.9998 test 0.4398
epoch 189/200 loss 0.0056 train 1.0000 test 0.4399
epoch 190/200 loss 0.0058 train 1.0000 test 0.4408
epoch 191/200 loss 0.0056 train 1.0000 test 0.4391
epoch 192/200 loss 0.0057 train 1.0000 test 0.4398
epoch 193/200 loss 0.0057 train 0.9998 test 0.4392
epoch 194/200 loss 0.0056 train 1.0000 test 0.4405
epoch 195/200 loss 0.0057 train 1.0000 test 0.4427
epoch 196/200 loss 0.0057 train 1.0000 test 0.4411
epoch 197/200 loss 0.0053 train 1.0000 test 0.4411
epoch 198/200 loss 0.0057 train 0.9998 test 0.4429
epoch 199/200 loss 0.0058 train 0.9998 test 0.4416
epoch 200/200 loss 0.0056 train 1.0000 test 0.4407
done: final 0.4407 best 0.4429 -> ./runs/auxmag_10pct_sched0/seed2
AUXSCHED_auxmag_10pct_sched0_DONE
moment-aux target calibrated on 1024 images
[auxmag_100pct_sched0 seed0] {"params_trainable": 11222188, "params_stem_trainable": 0, "params_stem_fixed_filters": 0, "flops_total": 556705792, "flops_stem": 0, "flops_image_size": 32}
epoch 1/200 loss 3.9617 train 0.1281 test 0.1901
epoch 2/200 loss 2.9859 train 0.2626 test 0.3044
epoch 3/200 loss 2.4766 train 0.3630 test 0.3456
epoch 4/200 loss 2.1516 train 0.4350 test 0.3765
epoch 5/200 loss 1.9498 train 0.4809 test 0.4374
epoch 6/200 loss 1.8208 train 0.5116 test 0.4495
epoch 7/200 loss 1.7026 train 0.5392 test 0.4819
epoch 8/200 loss 1.6390 train 0.5544 test 0.4520
epoch 9/200 loss 1.5628 train 0.5764 test 0.5061
epoch 10/200 loss 1.5160 train 0.5865 test 0.5024
epoch 11/200 loss 1.4607 train 0.6008 test 0.5310
epoch 12/200 loss 1.4311 train 0.6062 test 0.4808
epoch 13/200 loss 1.3812 train 0.6167 test 0.5221
epoch 14/200 loss 1.3604 train 0.6235 test 0.5276
epoch 15/200 loss 1.3261 train 0.6317 test 0.5519
epoch 16/200 loss 1.2991 train 0.6408 test 0.5252
epoch 17/200 loss 1.2915 train 0.6414 test 0.5628
epoch 18/200 loss 1.2582 train 0.6509 test 0.5508
epoch 19/200 loss 1.2363 train 0.6553 test 0.5729
epoch 20/200 loss 1.2284 train 0.6591 test 0.5137
epoch 21/200 loss 1.2120 train 0.6629 test 0.5377
epoch 22/200 loss 1.1952 train 0.6669 test 0.5539
epoch 23/200 loss 1.1880 train 0.6681 test 0.5388
epoch 24/200 loss 1.1681 train 0.6742 test 0.5686
epoch 25/200 loss 1.1557 train 0.6787 test 0.5776
epoch 26/200 loss 1.1500 train 0.6798 test 0.5843
epoch 27/200 loss 1.1441 train 0.6800 test 0.5608
epoch 28/200 loss 1.1382 train 0.6815 test 0.5714
epoch 29/200 loss 1.1191 train 0.6868 test 0.5608
epoch 30/200 loss 1.1135 train 0.6879 test 0.5714
epoch 31/200 loss 1.1090 train 0.6882 test 0.5615
epoch 32/200 loss 1.0902 train 0.6946 test 0.5724
epoch 33/200 loss 1.0976 train 0.6897 test 0.5942
epoch 34/200 loss 1.0791 train 0.6953 test 0.5663
epoch 35/200 loss 1.0768 train 0.6976 test 0.5752
epoch 36/200 loss 1.0733 train 0.6989 test 0.6024
epoch 37/200 loss 1.0483 train 0.7045 test 0.6123
epoch 38/200 loss 1.0627 train 0.7005 test 0.5723
epoch 39/200 loss 1.0416 train 0.7087 test 0.6029
epoch 40/200 loss 1.0371 train 0.7087 test 0.5649
epoch 41/200 loss 1.0248 train 0.7105 test 0.5588
epoch 42/200 loss 1.0335 train 0.7075 test 0.5947
epoch 43/200 loss 1.0254 train 0.7104 test 0.5709
epoch 44/200 loss 1.0140 train 0.7115 test 0.5643
epoch 45/200 loss 1.0021 train 0.7191 test 0.5826
epoch 46/200 loss 0.9946 train 0.7173 test 0.5957
epoch 47/200 loss 0.9978 train 0.7169 test 0.5761
epoch 48/200 loss 0.9845 train 0.7224 test 0.5404
epoch 49/200 loss 0.9860 train 0.7205 test 0.5997
epoch 50/200 loss 0.9686 train 0.7259 test 0.5852
epoch 51/200 loss 0.9619 train 0.7294 test 0.5911
epoch 52/200 loss 0.9638 train 0.7269 test 0.5977
epoch 53/200 loss 0.9410 train 0.7326 test 0.5824
epoch 54/200 loss 0.9548 train 0.7282 test 0.5763
epoch 55/200 loss 0.9376 train 0.7311 test 0.5803
epoch 56/200 loss 0.9259 train 0.7372 test 0.6207
epoch 57/200 loss 0.9269 train 0.7353 test 0.6254
epoch 58/200 loss 0.9176 train 0.7382 test 0.5879
epoch 59/200 loss 0.9095 train 0.7419 test 0.6099
epoch 60/200 loss 0.9070 train 0.7407 test 0.5938
epoch 61/200 loss 0.8909 train 0.7438 test 0.5998
epoch 62/200 loss 0.8895 train 0.7462 test 0.5986
epoch 63/200 loss 0.8777 train 0.7484 test 0.5988
epoch 64/200 loss 0.8739 train 0.7488 test 0.6084
epoch 65/200 loss 0.8585 train 0.7567 test 0.5813
epoch 66/200 loss 0.8660 train 0.7535 test 0.5996
epoch 67/200 loss 0.8461 train 0.7554 test 0.5926
epoch 68/200 loss 0.8412 train 0.7585 test 0.6386
epoch 69/200 loss 0.8350 train 0.7583 test 0.6223
epoch 70/200 loss 0.8283 train 0.7624 test 0.5965
epoch 71/200 loss 0.8218 train 0.7629 test 0.6075
epoch 72/200 loss 0.8055 train 0.7671 test 0.6101
epoch 73/200 loss 0.8011 train 0.7696 test 0.6255
epoch 74/200 loss 0.8025 train 0.7688 test 0.5941
epoch 75/200 loss 0.7892 train 0.7724 test 0.6263
epoch 76/200 loss 0.7777 train 0.7749 test 0.6031
epoch 77/200 loss 0.7680 train 0.7791 test 0.6205
epoch 78/200 loss 0.7601 train 0.7807 test 0.5933
epoch 79/200 loss 0.7498 train 0.7837 test 0.6146
epoch 80/200 loss 0.7452 train 0.7835 test 0.6066
epoch 81/200 loss 0.7423 train 0.7834 test 0.6058
epoch 82/200 loss 0.7243 train 0.7900 test 0.6153
epoch 83/200 loss 0.7103 train 0.7947 test 0.6214
epoch 84/200 loss 0.7077 train 0.7928 test 0.6288
epoch 85/200 loss 0.6928 train 0.7974 test 0.6191
epoch 86/200 loss 0.6854 train 0.8007 test 0.6357
epoch 87/200 loss 0.6906 train 0.7991 test 0.6270
epoch 88/200 loss 0.6758 train 0.8036 test 0.6429
epoch 89/200 loss 0.6681 train 0.8062 test 0.6362
epoch 90/200 loss 0.6497 train 0.8100 test 0.6239
epoch 91/200 loss 0.6487 train 0.8098 test 0.6305
epoch 92/200 loss 0.6261 train 0.8156 test 0.6445
epoch 93/200 loss 0.6187 train 0.8189 test 0.6213
epoch 94/200 loss 0.6136 train 0.8215 test 0.6273
epoch 95/200 loss 0.6043 train 0.8215 test 0.6184
epoch 96/200 loss 0.6126 train 0.8205 test 0.6383
epoch 97/200 loss 0.5846 train 0.8274 test 0.6429
epoch 98/200 loss 0.5733 train 0.8302 test 0.6484
epoch 99/200 loss 0.5541 train 0.8368 test 0.6097
epoch 100/200 loss 0.5595 train 0.8352 test 0.6513
epoch 101/200 loss 0.5386 train 0.8408 test 0.6301
epoch 102/200 loss 0.5296 train 0.8423 test 0.6563
epoch 103/200 loss 0.5351 train 0.8417 test 0.6047
epoch 104/200 loss 0.5216 train 0.8466 test 0.6364
epoch 105/200 loss 0.5020 train 0.8525 test 0.6498
epoch 106/200 loss 0.4879 train 0.8558 test 0.6580
epoch 107/200 loss 0.4881 train 0.8561 test 0.6402
epoch 108/200 loss 0.4678 train 0.8604 test 0.6613
epoch 109/200 loss 0.4610 train 0.8639 test 0.6510
epoch 110/200 loss 0.4611 train 0.8648 test 0.6534
epoch 111/200 loss 0.4379 train 0.8702 test 0.6529
epoch 112/200 loss 0.4310 train 0.8741 test 0.6622
epoch 113/200 loss 0.4258 train 0.8741 test 0.6710
epoch 114/200 loss 0.4001 train 0.8822 test 0.6355
epoch 115/200 loss 0.4093 train 0.8794 test 0.6465
epoch 116/200 loss 0.3941 train 0.8845 test 0.6360
epoch 117/200 loss 0.3774 train 0.8882 test 0.6629
epoch 118/200 loss 0.3617 train 0.8935 test 0.6502
epoch 119/200 loss 0.3590 train 0.8950 test 0.6683
epoch 120/200 loss 0.3406 train 0.9007 test 0.6748
epoch 121/200 loss 0.3355 train 0.9021 test 0.6730
epoch 122/200 loss 0.3216 train 0.9066 test 0.6593
epoch 123/200 loss 0.3183 train 0.9083 test 0.6647
epoch 124/200 loss 0.2799 train 0.9189 test 0.6668
epoch 125/200 loss 0.3025 train 0.9126 test 0.6544
epoch 126/200 loss 0.2886 train 0.9173 test 0.6694
epoch 127/200 loss 0.2758 train 0.9213 test 0.6751
epoch 128/200 loss 0.2620 train 0.9248 test 0.6735
epoch 129/200 loss 0.2570 train 0.9259 test 0.6848
epoch 130/200 loss 0.2324 train 0.9353 test 0.6661
epoch 131/200 loss 0.2372 train 0.9328 test 0.6717
epoch 132/200 loss 0.2223 train 0.9368 test 0.6883
epoch 133/200 loss 0.2165 train 0.9382 test 0.6811
epoch 134/200 loss 0.2078 train 0.9424 test 0.6859
epoch 135/200 loss 0.1910 train 0.9476 test 0.7064
epoch 136/200 loss 0.1796 train 0.9508 test 0.6932
epoch 137/200 loss 0.1697 train 0.9536 test 0.6904
epoch 138/200 loss 0.1668 train 0.9552 test 0.7046
epoch 139/200 loss 0.1518 train 0.9603 test 0.6986
epoch 140/200 loss 0.1563 train 0.9583 test 0.6865
epoch 141/200 loss 0.1438 train 0.9628 test 0.7092
epoch 142/200 loss 0.1279 train 0.9677 test 0.6971
epoch 143/200 loss 0.1305 train 0.9669 test 0.7112
epoch 144/200 loss 0.1073 train 0.9744 test 0.7134
epoch 145/200 loss 0.1120 train 0.9728 test 0.7126
epoch 146/200 loss 0.0861 train 0.9806 test 0.7198
epoch 147/200 loss 0.0811 train 0.9820 test 0.7334
epoch 148/200 loss 0.0691 train 0.9862 test 0.7292
epoch 149/200 loss 0.0651 train 0.9873 test 0.7252
epoch 150/200 loss 0.0583 train 0.9887 test 0.7355
epoch 151/200 loss 0.0478 train 0.9927 test 0.7351
epoch 152/200 loss 0.0447 train 0.9928 test 0.7485
epoch 153/200 loss 0.0334 train 0.9958 test 0.7491
epoch 154/200 loss 0.0301 train 0.9961 test 0.7518
epoch 155/200 loss 0.0275 train 0.9967 test 0.7529
epoch 156/200 loss 0.0256 train 0.9974 test 0.7618
epoch 157/200 loss 0.0232 train 0.9977 test 0.7593
epoch 158/200 loss 0.0214 train 0.9983 test 0.7615
epoch 159/200 loss 0.0193 train 0.9983 test 0.7639
epoch 160/200 loss 0.0171 train 0.9989 test 0.7718
epoch 161/200 loss 0.0160 train 0.9991 test 0.7716
epoch 162/200 loss 0.0144 train 0.9992 test 0.7696
epoch 163/200 loss 0.0140 train 0.9993 test 0.7750
epoch 164/200 loss 0.0133 train 0.9993 test 0.7747
epoch 165/200 loss 0.0130 train 0.9995 test 0.7714
epoch 166/200 loss 0.0121 train 0.9995 test 0.7777
epoch 167/200 loss 0.0123 train 0.9995 test 0.7774
epoch 168/200 loss 0.0116 train 0.9996 test 0.7773
epoch 169/200 loss 0.0118 train 0.9995 test 0.7772
epoch 170/200 loss 0.0113 train 0.9995 test 0.7776
epoch 171/200 loss 0.0114 train 0.9996 test 0.7773
epoch 172/200 loss 0.0115 train 0.9995 test 0.7804
epoch 173/200 loss 0.0112 train 0.9996 test 0.7795
epoch 174/200 loss 0.0108 train 0.9997 test 0.7782
epoch 175/200 loss 0.0109 train 0.9996 test 0.7779
epoch 176/200 loss 0.0106 train 0.9995 test 0.7812
epoch 177/200 loss 0.0103 train 0.9996 test 0.7808
epoch 178/200 loss 0.0101 train 0.9998 test 0.7815
epoch 179/200 loss 0.0100 train 0.9997 test 0.7802
epoch 180/200 loss 0.0099 train 0.9997 test 0.7807
epoch 181/200 loss 0.0099 train 0.9996 test 0.7779
epoch 182/200 loss 0.0096 train 0.9997 test 0.7821
epoch 183/200 loss 0.0096 train 0.9997 test 0.7798
epoch 184/200 loss 0.0095 train 0.9997 test 0.7823
epoch 185/200 loss 0.0094 train 0.9997 test 0.7805
epoch 186/200 loss 0.0094 train 0.9997 test 0.7816
epoch 187/200 loss 0.0093 train 0.9997 test 0.7820
epoch 188/200 loss 0.0092 train 0.9997 test 0.7804
epoch 189/200 loss 0.0093 train 0.9997 test 0.7812
epoch 190/200 loss 0.0090 train 0.9996 test 0.7822
epoch 191/200 loss 0.0090 train 0.9997 test 0.7821
epoch 192/200 loss 0.0088 train 0.9997 test 0.7835
epoch 193/200 loss 0.0089 train 0.9997 test 0.7822
epoch 194/200 loss 0.0090 train 0.9997 test 0.7837
epoch 195/200 loss 0.0087 train 0.9998 test 0.7844
epoch 196/200 loss 0.0087 train 0.9997 test 0.7837
epoch 197/200 loss 0.0088 train 0.9996 test 0.7828
epoch 198/200 loss 0.0086 train 0.9997 test 0.7830
epoch 199/200 loss 0.0086 train 0.9997 test 0.7842
epoch 200/200 loss 0.0087 train 0.9997 test 0.7833
done: final 0.7833 best 0.7844 -> ./runs/auxmag_100pct_sched0/seed0
moment-aux target calibrated on 1024 images
[auxmag_100pct_sched0 seed1] {"params_trainable": 11222188, "params_stem_trainable": 0, "params_stem_fixed_filters": 0, "flops_total": 556705792, "flops_stem": 0, "flops_image_size": 32}
epoch 1/200 loss 3.9514 train 0.1281 test 0.1839
epoch 2/200 loss 2.9755 train 0.2602 test 0.2532
epoch 3/200 loss 2.4847 train 0.3593 test 0.3665
epoch 4/200 loss 2.1609 train 0.4327 test 0.4277
epoch 5/200 loss 1.9653 train 0.4796 test 0.4185
epoch 6/200 loss 1.8179 train 0.5109 test 0.4073
epoch 7/200 loss 1.7111 train 0.5382 test 0.4596
epoch 8/200 loss 1.6341 train 0.5566 test 0.5096
epoch 9/200 loss 1.5637 train 0.5751 test 0.5058
epoch 10/200 loss 1.5077 train 0.5874 test 0.5040
epoch 11/200 loss 1.4666 train 0.5975 test 0.5238
epoch 12/200 loss 1.4225 train 0.6083 test 0.4465
epoch 13/200 loss 1.3820 train 0.6188 test 0.4909
epoch 14/200 loss 1.3486 train 0.6287 test 0.5401
epoch 15/200 loss 1.3392 train 0.6297 test 0.5697
epoch 16/200 loss 1.2916 train 0.6420 test 0.5658
epoch 17/200 loss 1.2776 train 0.6456 test 0.5141
epoch 18/200 loss 1.2548 train 0.6533 test 0.5355
epoch 19/200 loss 1.2404 train 0.6553 test 0.5623
epoch 20/200 loss 1.2257 train 0.6585 test 0.5472
epoch 21/200 loss 1.2069 train 0.6635 test 0.5803
epoch 22/200 loss 1.1898 train 0.6678 test 0.5703
epoch 23/200 loss 1.1865 train 0.6693 test 0.5595
epoch 24/200 loss 1.1652 train 0.6742 test 0.5600
epoch 25/200 loss 1.1637 train 0.6736 test 0.5466
epoch 26/200 loss 1.1518 train 0.6760 test 0.5596
epoch 27/200 loss 1.1463 train 0.6790 test 0.5677
epoch 28/200 loss 1.1324 train 0.6828 test 0.5707
epoch 29/200 loss 1.1282 train 0.6818 test 0.5714
epoch 30/200 loss 1.1169 train 0.6869 test 0.5946
epoch 31/200 loss 1.1041 train 0.6887 test 0.5917
epoch 32/200 loss 1.0865 train 0.6935 test 0.6088
epoch 33/200 loss 1.0924 train 0.6911 test 0.5957
epoch 34/200 loss 1.0902 train 0.6939 test 0.6033
epoch 35/200 loss 1.0694 train 0.6975 test 0.5643
epoch 36/200 loss 1.0668 train 0.7006 test 0.5929
epoch 37/200 loss 1.0597 train 0.7035 test 0.6016
epoch 38/200 loss 1.0483 train 0.7047 test 0.5234
epoch 39/200 loss 1.0379 train 0.7074 test 0.5982
epoch 40/200 loss 1.0336 train 0.7090 test 0.6237
epoch 41/200 loss 1.0351 train 0.7076 test 0.5744
epoch 42/200 loss 1.0219 train 0.7149 test 0.5985
epoch 43/200 loss 1.0221 train 0.7136 test 0.5909
epoch 44/200 loss 1.0246 train 0.7107 test 0.6055
epoch 45/200 loss 1.0095 train 0.7145 test 0.6177
epoch 46/200 loss 1.0015 train 0.7174 test 0.5855
epoch 47/200 loss 0.9965 train 0.7186 test 0.5757
epoch 48/200 loss 0.9885 train 0.7202 test 0.5938
epoch 49/200 loss 0.9837 train 0.7201 test 0.5646
epoch 50/200 loss 0.9768 train 0.7227 test 0.5846
epoch 51/200 loss 0.9595 train 0.7267 test 0.5945
epoch 52/200 loss 0.9525 train 0.7287 test 0.6030
epoch 53/200 loss 0.9543 train 0.7301 test 0.5829
epoch 54/200 loss 0.9518 train 0.7290 test 0.5870
epoch 55/200 loss 0.9400 train 0.7322 test 0.5775
epoch 56/200 loss 0.9354 train 0.7342 test 0.6149
epoch 57/200 loss 0.9277 train 0.7352 test 0.5923
epoch 58/200 loss 0.9159 train 0.7379 test 0.6121
epoch 59/200 loss 0.9142 train 0.7403 test 0.6064
epoch 60/200 loss 0.9068 train 0.7421 test 0.6100
epoch 61/200 loss 0.9012 train 0.7435 test 0.6018
epoch 62/200 loss 0.8936 train 0.7434 test 0.5843
epoch 63/200 loss 0.8800 train 0.7489 test 0.5741
epoch 64/200 loss 0.8841 train 0.7463 test 0.6090
epoch 65/200 loss 0.8563 train 0.7555 test 0.5739
epoch 66/200 loss 0.8730 train 0.7501 test 0.5966
epoch 67/200 loss 0.8463 train 0.7557 test 0.6214
epoch 68/200 loss 0.8363 train 0.7612 test 0.6095
epoch 69/200 loss 0.8337 train 0.7611 test 0.6153
epoch 70/200 loss 0.8473 train 0.7584 test 0.6266
epoch 71/200 loss 0.8271 train 0.7632 test 0.6154
epoch 72/200 loss 0.8058 train 0.7687 test 0.6246
epoch 73/200 loss 0.8107 train 0.7678 test 0.6074
epoch 74/200 loss 0.7933 train 0.7707 test 0.6357
epoch 75/200 loss 0.7899 train 0.7714 test 0.6045
epoch 76/200 loss 0.7829 train 0.7723 test 0.6218
epoch 77/200 loss 0.7761 train 0.7755 test 0.6124
epoch 78/200 loss 0.7628 train 0.7792 test 0.6246
epoch 79/200 loss 0.7643 train 0.7793 test 0.6287
epoch 80/200 loss 0.7470 train 0.7845 test 0.6257
epoch 81/200 loss 0.7387 train 0.7862 test 0.5880
epoch 82/200 loss 0.7339 train 0.7852 test 0.6417
epoch 83/200 loss 0.7117 train 0.7932 test 0.6415
epoch 84/200 loss 0.7188 train 0.7910 test 0.5995
epoch 85/200 loss 0.7035 train 0.7947 test 0.5807
epoch 86/200 loss 0.6928 train 0.7998 test 0.6300
epoch 87/200 loss 0.6985 train 0.7968 test 0.6049
epoch 88/200 loss 0.6736 train 0.8042 test 0.6400
epoch 89/200 loss 0.6665 train 0.8054 test 0.6408
epoch 90/200 loss 0.6541 train 0.8093 test 0.6268
epoch 91/200 loss 0.6495 train 0.8099 test 0.6278
epoch 92/200 loss 0.6385 train 0.8121 test 0.6222
epoch 93/200 loss 0.6240 train 0.8185 test 0.6277
epoch 94/200 loss 0.6174 train 0.8217 test 0.6337
epoch 95/200 loss 0.6000 train 0.8241 test 0.6262
epoch 96/200 loss 0.5969 train 0.8237 test 0.6328
epoch 97/200 loss 0.5959 train 0.8236 test 0.6380
epoch 98/200 loss 0.5658 train 0.8332 test 0.6420
epoch 99/200 loss 0.5616 train 0.8338 test 0.6557
epoch 100/200 loss 0.5581 train 0.8363 test 0.6458
epoch 101/200 loss 0.5469 train 0.8386 test 0.6428
epoch 102/200 loss 0.5456 train 0.8393 test 0.6492
epoch 103/200 loss 0.5370 train 0.8434 test 0.6416
epoch 104/200 loss 0.4989 train 0.8534 test 0.6482
epoch 105/200 loss 0.5088 train 0.8487 test 0.6518
epoch 106/200 loss 0.4825 train 0.8574 test 0.6292
epoch 107/200 loss 0.4923 train 0.8544 test 0.6531
epoch 108/200 loss 0.4854 train 0.8567 test 0.6420
epoch 109/200 loss 0.4660 train 0.8620 test 0.6613
epoch 110/200 loss 0.4417 train 0.8695 test 0.6457
epoch 111/200 loss 0.4562 train 0.8663 test 0.6394
epoch 112/200 loss 0.4339 train 0.8730 test 0.6505
epoch 113/200 loss 0.4184 train 0.8772 test 0.6501
epoch 114/200 loss 0.4038 train 0.8803 test 0.6662
epoch 115/200 loss 0.3870 train 0.8856 test 0.6428
epoch 116/200 loss 0.3936 train 0.8840 test 0.6300
epoch 117/200 loss 0.3752 train 0.8913 test 0.6452
epoch 118/200 loss 0.3637 train 0.8927 test 0.6560
epoch 119/200 loss 0.3622 train 0.8930 test 0.6692
epoch 120/200 loss 0.3451 train 0.8992 test 0.6634
epoch 121/200 loss 0.3433 train 0.8989 test 0.6642
epoch 122/200 loss 0.3303 train 0.9022 test 0.6305
epoch 123/200 loss 0.3192 train 0.9076 test 0.6505
epoch 124/200 loss 0.3071 train 0.9121 test 0.6609
epoch 125/200 loss 0.2889 train 0.9164 test 0.6492
epoch 126/200 loss 0.2801 train 0.9190 test 0.6796
epoch 127/200 loss 0.2678 train 0.9232 test 0.6726
epoch 128/200 loss 0.2618 train 0.9259 test 0.6810
epoch 129/200 loss 0.2541 train 0.9274 test 0.6573
epoch 130/200 loss 0.2367 train 0.9331 test 0.6800
epoch 131/200 loss 0.2395 train 0.9309 test 0.6830
epoch 132/200 loss 0.2344 train 0.9337 test 0.6783
epoch 133/200 loss 0.2152 train 0.9388 test 0.6808
epoch 134/200 loss 0.2072 train 0.9417 test 0.6926
epoch 135/200 loss 0.1926 train 0.9487 test 0.6971
epoch 136/200 loss 0.1798 train 0.9501 test 0.6920
epoch 137/200 loss 0.1810 train 0.9504 test 0.6988
epoch 138/200 loss 0.1627 train 0.9562 test 0.6938
epoch 139/200 loss 0.1517 train 0.9596 test 0.7072
epoch 140/200 loss 0.1517 train 0.9596 test 0.6980
epoch 141/200 loss 0.1392 train 0.9647 test 0.7009
epoch 142/200 loss 0.1198 train 0.9703 test 0.7155
epoch 143/200 loss 0.1280 train 0.9678 test 0.7118
epoch 144/200 loss 0.1141 train 0.9719 test 0.7162
epoch 145/200 loss 0.1085 train 0.9741 test 0.7239
epoch 146/200 loss 0.0915 train 0.9790 test 0.7225
epoch 147/200 loss 0.0821 train 0.9826 test 0.7331
epoch 148/200 loss 0.0730 train 0.9850 test 0.7202
epoch 149/200 loss 0.0659 train 0.9870 test 0.7347
epoch 150/200 loss 0.0612 train 0.9870 test 0.7426
epoch 151/200 loss 0.0536 train 0.9907 test 0.7453
epoch 152/200 loss 0.0454 train 0.9928 test 0.7453
epoch 153/200 loss 0.0385 train 0.9943 test 0.7519
epoch 154/200 loss 0.0316 train 0.9960 test 0.7561
epoch 155/200 loss 0.0268 train 0.9973 test 0.7577
epoch 156/200 loss 0.0246 train 0.9975 test 0.7597
epoch 157/200 loss 0.0237 train 0.9975 test 0.7651
epoch 158/200 loss 0.0193 train 0.9986 test 0.7692
epoch 159/200 loss 0.0180 train 0.9986 test 0.7697
epoch 160/200 loss 0.0168 train 0.9990 test 0.7754
epoch 161/200 loss 0.0166 train 0.9989 test 0.7711
epoch 162/200 loss 0.0155 train 0.9990 test 0.7717
epoch 163/200 loss 0.0143 train 0.9994 test 0.7788
epoch 164/200 loss 0.0139 train 0.9991 test 0.7758
epoch 165/200 loss 0.0126 train 0.9995 test 0.7755
epoch 166/200 loss 0.0127 train 0.9995 test 0.7806
epoch 167/200 loss 0.0127 train 0.9994 test 0.7803
epoch 168/200 loss 0.0122 train 0.9995 test 0.7802
epoch 169/200 loss 0.0121 train 0.9995 test 0.7806
epoch 170/200 loss 0.0115 train 0.9996 test 0.7780
epoch 171/200 loss 0.0115 train 0.9994 test 0.7813
epoch 172/200 loss 0.0115 train 0.9995 test 0.7820
epoch 173/200 loss 0.0109 train 0.9997 test 0.7831
epoch 174/200 loss 0.0107 train 0.9997 test 0.7831
epoch 175/200 loss 0.0113 train 0.9994 test 0.7842
epoch 176/200 loss 0.0106 train 0.9996 test 0.7840
epoch 177/200 loss 0.0103 train 0.9997 test 0.7814
epoch 178/200 loss 0.0103 train 0.9995 test 0.7828
epoch 179/200 loss 0.0103 train 0.9996 test 0.7827
epoch 180/200 loss 0.0099 train 0.9997 test 0.7851
epoch 181/200 loss 0.0099 train 0.9997 test 0.7839
epoch 182/200 loss 0.0097 train 0.9997 test 0.7840
epoch 183/200 loss 0.0097 train 0.9997 test 0.7834
epoch 184/200 loss 0.0096 train 0.9997 test 0.7845
epoch 185/200 loss 0.0094 train 0.9997 test 0.7842
epoch 186/200 loss 0.0093 train 0.9997 test 0.7865
epoch 187/200 loss 0.0093 train 0.9997 test 0.7861
epoch 188/200 loss 0.0091 train 0.9997 test 0.7843
epoch 189/200 loss 0.0090 train 0.9998 test 0.7845
epoch 190/200 loss 0.0089 train 0.9998 test 0.7838
epoch 191/200 loss 0.0089 train 0.9997 test 0.7849
epoch 192/200 loss 0.0089 train 0.9997 test 0.7849
epoch 193/200 loss 0.0087 train 0.9998 test 0.7838
epoch 194/200 loss 0.0089 train 0.9997 test 0.7835
epoch 195/200 loss 0.0087 train 0.9997 test 0.7835
epoch 196/200 loss 0.0086 train 0.9998 test 0.7845
epoch 197/200 loss 0.0087 train 0.9997 test 0.7848
epoch 198/200 loss 0.0086 train 0.9998 test 0.7847
epoch 199/200 loss 0.0087 train 0.9998 test 0.7834
epoch 200/200 loss 0.0086 train 0.9997 test 0.7860
done: final 0.7860 best 0.7865 -> ./runs/auxmag_100pct_sched0/seed1
moment-aux target calibrated on 1024 images
[auxmag_100pct_sched0 seed2] {"params_trainable": 11222188, "params_stem_trainable": 0, "params_stem_fixed_filters": 0, "flops_total": 556705792, "flops_stem": 0, "flops_image_size": 32}
epoch 1/200 loss 3.9451 train 0.1283 test 0.1769
epoch 2/200 loss 2.9860 train 0.2624 test 0.2413
epoch 3/200 loss 2.4745 train 0.3631 test 0.3345
epoch 4/200 loss 2.1564 train 0.4337 test 0.3764
epoch 5/200 loss 1.9486 train 0.4816 test 0.4771
epoch 6/200 loss 1.8101 train 0.5120 test 0.4198
epoch 7/200 loss 1.7070 train 0.5379 test 0.4516
epoch 8/200 loss 1.6198 train 0.5598 test 0.5294
epoch 9/200 loss 1.5534 train 0.5774 test 0.5264
epoch 10/200 loss 1.4989 train 0.5892 test 0.4858
epoch 11/200 loss 1.4513 train 0.6002 test 0.4610
epoch 12/200 loss 1.4055 train 0.6126 test 0.5279
epoch 13/200 loss 1.3815 train 0.6201 test 0.5699
epoch 14/200 loss 1.3487 train 0.6262 test 0.5308
epoch 15/200 loss 1.3263 train 0.6316 test 0.5263
epoch 16/200 loss 1.2867 train 0.6432 test 0.5369
epoch 17/200 loss 1.2849 train 0.6444 test 0.5606
epoch 18/200 loss 1.2591 train 0.6497 test 0.5327
epoch 19/200 loss 1.2443 train 0.6511 test 0.5283
epoch 20/200 loss 1.2249 train 0.6596 test 0.5208
epoch 21/200 loss 1.2123 train 0.6621 test 0.5594
epoch 22/200 loss 1.1910 train 0.6693 test 0.5532
epoch 23/200 loss 1.1837 train 0.6709 test 0.5806
epoch 24/200 loss 1.1682 train 0.6735 test 0.5565
epoch 25/200 loss 1.1586 train 0.6750 test 0.5746
epoch 26/200 loss 1.1550 train 0.6759 test 0.5552
epoch 27/200 loss 1.1493 train 0.6788 test 0.5862
epoch 28/200 loss 1.1244 train 0.6846 test 0.5218
epoch 29/200 loss 1.1192 train 0.6878 test 0.5450
epoch 30/200 loss 1.1142 train 0.6857 test 0.5665
epoch 31/200 loss 1.1094 train 0.6873 test 0.5629
epoch 32/200 loss 1.1007 train 0.6879 test 0.5658
epoch 33/200 loss 1.0877 train 0.6918 test 0.6064
epoch 34/200 loss 1.0855 train 0.6932 test 0.5370
epoch 35/200 loss 1.0788 train 0.6971 test 0.5986
epoch 36/200 loss 1.0701 train 0.6990 test 0.5882
epoch 37/200 loss 1.0530 train 0.7038 test 0.5878
epoch 38/200 loss 1.0553 train 0.7012 test 0.5504
epoch 39/200 loss 1.0465 train 0.7063 test 0.5736
epoch 40/200 loss 1.0381 train 0.7085 test 0.5849
epoch 41/200 loss 1.0334 train 0.7071 test 0.5588
epoch 42/200 loss 1.0312 train 0.7089 test 0.5886
epoch 43/200 loss 1.0187 train 0.7137 test 0.5841
epoch 44/200 loss 1.0173 train 0.7116 test 0.5883
epoch 45/200 loss 1.0111 train 0.7130 test 0.5796
epoch 46/200 loss 1.0011 train 0.7182 test 0.6152
epoch 47/200 loss 0.9995 train 0.7159 test 0.5896
epoch 48/200 loss 0.9934 train 0.7174 test 0.5910
epoch 49/200 loss 0.9826 train 0.7214 test 0.5922
epoch 50/200 loss 0.9716 train 0.7247 test 0.6021
epoch 51/200 loss 0.9725 train 0.7255 test 0.5717
epoch 52/200 loss 0.9654 train 0.7237 test 0.6170
epoch 53/200 loss 0.9570 train 0.7270 test 0.5885
epoch 54/200 loss 0.9499 train 0.7309 test 0.5842
epoch 55/200 loss 0.9353 train 0.7333 test 0.6006
epoch 56/200 loss 0.9448 train 0.7295 test 0.5868
epoch 57/200 loss 0.9255 train 0.7385 test 0.5647
epoch 58/200 loss 0.9150 train 0.7397 test 0.6249
epoch 59/200 loss 0.9170 train 0.7357 test 0.5849
epoch 60/200 loss 0.8998 train 0.7436 test 0.6268
epoch 61/200 loss 0.9020 train 0.7401 test 0.5010
epoch 62/200 loss 0.8977 train 0.7429 test 0.5970
epoch 63/200 loss 0.8870 train 0.7483 test 0.6197
epoch 64/200 loss 0.8753 train 0.7483 test 0.6035
epoch 65/200 loss 0.8717 train 0.7497 test 0.5768
epoch 66/200 loss 0.8673 train 0.7515 test 0.6029
epoch 67/200 loss 0.8531 train 0.7559 test 0.6005
epoch 68/200 loss 0.8498 train 0.7539 test 0.6186
epoch 69/200 loss 0.8343 train 0.7592 test 0.6100
epoch 70/200 loss 0.8259 train 0.7612 test 0.6068
epoch 71/200 loss 0.8227 train 0.7635 test 0.6320
epoch 72/200 loss 0.8125 train 0.7664 test 0.6292
epoch 73/200 loss 0.8035 train 0.7687 test 0.5551
epoch 74/200 loss 0.7891 train 0.7711 test 0.6272
epoch 75/200 loss 0.7963 train 0.7688 test 0.5802
epoch 76/200 loss 0.7863 train 0.7717 test 0.6356
epoch 77/200 loss 0.7773 train 0.7722 test 0.6201
epoch 78/200 loss 0.7632 train 0.7784 test 0.6226
epoch 79/200 loss 0.7634 train 0.7809 test 0.6277
epoch 80/200 loss 0.7512 train 0.7833 test 0.6024
epoch 81/200 loss 0.7413 train 0.7845 test 0.6335
epoch 82/200 loss 0.7360 train 0.7852 test 0.6251
epoch 83/200 loss 0.7183 train 0.7922 test 0.6552
epoch 84/200 loss 0.7174 train 0.7921 test 0.6109
epoch 85/200 loss 0.7037 train 0.7948 test 0.6344
epoch 86/200 loss 0.6907 train 0.7972 test 0.6217
epoch 87/200 loss 0.7051 train 0.7936 test 0.6490
epoch 88/200 loss 0.6706 train 0.8052 test 0.6264
epoch 89/200 loss 0.6645 train 0.8037 test 0.6365
epoch 90/200 loss 0.6681 train 0.8045 test 0.6317
epoch 91/200 loss 0.6520 train 0.8062 test 0.6301
epoch 92/200 loss 0.6384 train 0.8145 test 0.6292
epoch 93/200 loss 0.6220 train 0.8184 test 0.6518
epoch 94/200 loss 0.6318 train 0.8151 test 0.6295
epoch 95/200 loss 0.6177 train 0.8187 test 0.6189
epoch 96/200 loss 0.6022 train 0.8227 test 0.6351
epoch 97/200 loss 0.5762 train 0.8311 test 0.6513
epoch 98/200 loss 0.5755 train 0.8299 test 0.6503
epoch 99/200 loss 0.5710 train 0.8308 test 0.6480
epoch 100/200 loss 0.5628 train 0.8336 test 0.6433
epoch 101/200 loss 0.5479 train 0.8379 test 0.6421
epoch 102/200 loss 0.5365 train 0.8411 test 0.6322
epoch 103/200 loss 0.5355 train 0.8410 test 0.6166
epoch 104/200 loss 0.5028 train 0.8514 test 0.6459
epoch 105/200 loss 0.5083 train 0.8497 test 0.6439
epoch 106/200 loss 0.4964 train 0.8541 test 0.6462
epoch 107/200 loss 0.4818 train 0.8579 test 0.6502
epoch 108/200 loss 0.4777 train 0.8581 test 0.6543
epoch 109/200 loss 0.4677 train 0.8622 test 0.6480
epoch 110/200 loss 0.4485 train 0.8684 test 0.6295
epoch 111/200 loss 0.4526 train 0.8667 test 0.6517
epoch 112/200 loss 0.4325 train 0.8704 test 0.6430
epoch 113/200 loss 0.4357 train 0.8705 test 0.6617
epoch 114/200 loss 0.4005 train 0.8830 test 0.6682
epoch 115/200 loss 0.4038 train 0.8823 test 0.6619
epoch 116/200 loss 0.3918 train 0.8846 test 0.6584
epoch 117/200 loss 0.3840 train 0.8888 test 0.6652
epoch 118/200 loss 0.3626 train 0.8934 test 0.6789
epoch 119/200 loss 0.3557 train 0.8958 test 0.6667
epoch 120/200 loss 0.3558 train 0.8957 test 0.6671
epoch 121/200 loss 0.3434 train 0.8996 test 0.6458
epoch 122/200 loss 0.3294 train 0.9024 test 0.6735
epoch 123/200 loss 0.3037 train 0.9131 test 0.6818
epoch 124/200 loss 0.3038 train 0.9105 test 0.6787
epoch 125/200 loss 0.3050 train 0.9120 test 0.6631
epoch 126/200 loss 0.2966 train 0.9138 test 0.6876
epoch 127/200 loss 0.2584 train 0.9268 test 0.6523
epoch 128/200 loss 0.2638 train 0.9241 test 0.6813
epoch 129/200 loss 0.2659 train 0.9234 test 0.6791
epoch 130/200 loss 0.2414 train 0.9330 test 0.6814
epoch 131/200 loss 0.2298 train 0.9341 test 0.6889
epoch 132/200 loss 0.2299 train 0.9352 test 0.6841
epoch 133/200 loss 0.2071 train 0.9418 test 0.6784
epoch 134/200 loss 0.1998 train 0.9454 test 0.6936
epoch 135/200 loss 0.2096 train 0.9412 test 0.6966
epoch 136/200 loss 0.1874 train 0.9483 test 0.6931
epoch 137/200 loss 0.1777 train 0.9505 test 0.6997
epoch 138/200 loss 0.1609 train 0.9568 test 0.6652
epoch 139/200 loss 0.1695 train 0.9528 test 0.6756
epoch 140/200 loss 0.1494 train 0.9606 test 0.6975
epoch 141/200 loss 0.1255 train 0.9688 test 0.7100
epoch 142/200 loss 0.1274 train 0.9680 test 0.7050
epoch 143/200 loss 0.1174 train 0.9711 test 0.7088
epoch 144/200 loss 0.1069 train 0.9744 test 0.7106
epoch 145/200 loss 0.1046 train 0.9744 test 0.7259
epoch 146/200 loss 0.0910 train 0.9799 test 0.7173
epoch 147/200 loss 0.0945 train 0.9779 test 0.7300
epoch 148/200 loss 0.0757 train 0.9837 test 0.7163
epoch 149/200 loss 0.0718 train 0.9851 test 0.7228
epoch 150/200 loss 0.0593 train 0.9887 test 0.7309
epoch 151/200 loss 0.0528 train 0.9907 test 0.7440
epoch 152/200 loss 0.0440 train 0.9926 test 0.7467
epoch 153/200 loss 0.0423 train 0.9930 test 0.7371
epoch 154/200 loss 0.0369 train 0.9947 test 0.7538
epoch 155/200 loss 0.0323 train 0.9958 test 0.7550
epoch 156/200 loss 0.0280 train 0.9968 test 0.7606
epoch 157/200 loss 0.0226 train 0.9978 test 0.7659
epoch 158/200 loss 0.0201 train 0.9983 test 0.7700
epoch 159/200 loss 0.0186 train 0.9988 test 0.7666
epoch 160/200 loss 0.0167 train 0.9990 test 0.7662
epoch 161/200 loss 0.0150 train 0.9991 test 0.7722
epoch 162/200 loss 0.0151 train 0.9993 test 0.7772
epoch 163/200 loss 0.0134 train 0.9993 test 0.7729
epoch 164/200 loss 0.0127 train 0.9995 test 0.7764
epoch 165/200 loss 0.0132 train 0.9992 test 0.7745
epoch 166/200 loss 0.0123 train 0.9995 test 0.7768
epoch 167/200 loss 0.0123 train 0.9994 test 0.7807
epoch 168/200 loss 0.0121 train 0.9995 test 0.7790
epoch 169/200 loss 0.0123 train 0.9994 test 0.7772
epoch 170/200 loss 0.0111 train 0.9997 test 0.7788
epoch 171/200 loss 0.0113 train 0.9996 test 0.7798
epoch 172/200 loss 0.0112 train 0.9996 test 0.7830
epoch 173/200 loss 0.0112 train 0.9995 test 0.7808
epoch 174/200 loss 0.0106 train 0.9997 test 0.7831
epoch 175/200 loss 0.0106 train 0.9995 test 0.7836
epoch 176/200 loss 0.0103 train 0.9996 test 0.7824
epoch 177/200 loss 0.0102 train 0.9997 test 0.7839
epoch 178/200 loss 0.0101 train 0.9997 test 0.7845
epoch 179/200 loss 0.0102 train 0.9996 test 0.7830
epoch 180/200 loss 0.0099 train 0.9997 test 0.7841
epoch 181/200 loss 0.0099 train 0.9996 test 0.7831
epoch 182/200 loss 0.0096 train 0.9997 test 0.7841
epoch 183/200 loss 0.0098 train 0.9996 test 0.7841
epoch 184/200 loss 0.0093 train 0.9998 test 0.7863
epoch 185/200 loss 0.0094 train 0.9997 test 0.7850
epoch 186/200 loss 0.0092 train 0.9998 test 0.7850
epoch 187/200 loss 0.0091 train 0.9997 test 0.7839
epoch 188/200 loss 0.0090 train 0.9997 test 0.7833
epoch 189/200 loss 0.0091 train 0.9998 test 0.7838
epoch 190/200 loss 0.0091 train 0.9996 test 0.7854
epoch 191/200 loss 0.0087 train 0.9998 test 0.7840
epoch 192/200 loss 0.0087 train 0.9999 test 0.7843
epoch 193/200 loss 0.0087 train 0.9997 test 0.7850
epoch 194/200 loss 0.0086 train 0.9998 test 0.7851
epoch 195/200 loss 0.0087 train 0.9997 test 0.7843
epoch 196/200 loss 0.0085 train 0.9998 test 0.7868
epoch 197/200 loss 0.0086 train 0.9998 test 0.7837
epoch 198/200 loss 0.0087 train 0.9997 test 0.7853
epoch 199/200 loss 0.0087 train 0.9997 test 0.7852
epoch 200/200 loss 0.0084 train 0.9998 test 0.7860
done: final 0.7860 best 0.7868 -> ./runs/auxmag_100pct_sched0/seed2
AUXSCHED_auxmag_100pct_sched0_DONE
moment-aux target calibrated on 1024 images
[auxmag_5pct_sched seed0] {"params_trainable": 11222188, "params_stem_trainable": 0, "params_stem_fixed_filters": 0, "flops_total": 556705792, "flops_stem": 0, "flops_image_size": 32}
epoch 1/200 loss 6.1037 train 0.0230 test 0.0339
epoch 2/200 loss 4.8836 train 0.0354 test 0.0535
epoch 3/200 loss 4.4593 train 0.0670 test 0.0599
epoch 4/200 loss 4.2087 train 0.0892 test 0.0826
epoch 5/200 loss 4.0474 train 0.0995 test 0.0896
epoch 6/200 loss 3.9602 train 0.1176 test 0.0981
epoch 7/200 loss 3.8261 train 0.1340 test 0.0996
epoch 8/200 loss 3.7109 train 0.1456 test 0.1127
epoch 9/200 loss 3.6201 train 0.1587 test 0.1157
epoch 10/200 loss 3.5659 train 0.1748 test 0.1135
epoch 11/200 loss 3.4842 train 0.1776 test 0.1206
epoch 12/200 loss 3.3644 train 0.2019 test 0.1279
epoch 13/200 loss 3.2926 train 0.2068 test 0.1434
epoch 14/200 loss 3.1916 train 0.2389 test 0.1474
epoch 15/200 loss 3.1137 train 0.2414 test 0.1473
epoch 16/200 loss 3.0278 train 0.2611 test 0.1681
epoch 17/200 loss 2.9690 train 0.2627 test 0.1523
epoch 18/200 loss 2.8974 train 0.2775 test 0.1451
epoch 19/200 loss 2.8305 train 0.2878 test 0.1615
epoch 20/200 loss 2.7385 train 0.3096 test 0.1731
epoch 21/200 loss 2.6686 train 0.3298 test 0.1677
epoch 22/200 loss 2.5954 train 0.3388 test 0.1759
epoch 23/200 loss 2.5085 train 0.3561 test 0.1717
epoch 24/200 loss 2.4180 train 0.3803 test 0.1906
epoch 25/200 loss 2.2817 train 0.4091 test 0.1798
epoch 26/200 loss 2.2453 train 0.4317 test 0.1589
epoch 27/200 loss 2.1415 train 0.4317 test 0.1890
epoch 28/200 loss 2.0727 train 0.4535 test 0.2037
epoch 29/200 loss 2.0075 train 0.4630 test 0.1973
epoch 30/200 loss 1.8612 train 0.5000 test 0.1903
epoch 31/200 loss 1.7907 train 0.5193 test 0.2034
epoch 32/200 loss 1.7120 train 0.5403 test 0.1835
epoch 33/200 loss 1.6724 train 0.5567 test 0.2026
epoch 34/200 loss 1.5511 train 0.5728 test 0.1988
epoch 35/200 loss 1.4339 train 0.6106 test 0.2169
epoch 36/200 loss 1.3383 train 0.6336 test 0.2016
epoch 37/200 loss 1.2431 train 0.6624 test 0.2188
epoch 38/200 loss 1.0851 train 0.7109 test 0.2086
epoch 39/200 loss 1.0851 train 0.7064 test 0.2173
epoch 40/200 loss 1.1229 train 0.6875 test 0.2036
epoch 41/200 loss 1.0989 train 0.6957 test 0.2114
epoch 42/200 loss 0.9835 train 0.7430 test 0.2276
epoch 43/200 loss 0.9050 train 0.7516 test 0.2032
epoch 44/200 loss 0.8010 train 0.7911 test 0.2136
epoch 45/200 loss 0.7138 train 0.8133 test 0.2216
epoch 46/200 loss 0.6380 train 0.8400 test 0.2288
epoch 47/200 loss 0.5319 train 0.8676 test 0.2400
epoch 48/200 loss 0.4457 train 0.9046 test 0.2398
epoch 49/200 loss 0.3934 train 0.9062 test 0.2260
epoch 50/200 loss 0.3722 train 0.9149 test 0.2383
epoch 51/200 loss 0.3341 train 0.9330 test 0.2314
epoch 52/200 loss 0.2926 train 0.9416 test 0.2389
epoch 53/200 loss 0.2996 train 0.9338 test 0.2549
epoch 54/200 loss 0.2839 train 0.9474 test 0.2415
epoch 55/200 loss 0.2628 train 0.9494 test 0.2503
epoch 56/200 loss 0.2479 train 0.9527 test 0.2394
epoch 57/200 loss 0.2271 train 0.9581 test 0.2443
epoch 58/200 loss 0.2367 train 0.9552 test 0.2397
epoch 59/200 loss 0.2256 train 0.9556 test 0.2511
epoch 60/200 loss 0.1904 train 0.9708 test 0.2474
epoch 61/200 loss 0.1625 train 0.9790 test 0.2658
epoch 62/200 loss 0.1359 train 0.9844 test 0.2620
epoch 63/200 loss 0.1346 train 0.9823 test 0.2602
epoch 64/200 loss 0.1169 train 0.9885 test 0.2616
epoch 65/200 loss 0.1081 train 0.9885 test 0.2651
epoch 66/200 loss 0.0971 train 0.9942 test 0.2757
epoch 67/200 loss 0.0787 train 0.9955 test 0.2742
epoch 68/200 loss 0.0654 train 0.9979 test 0.2854
epoch 69/200 loss 0.0573 train 0.9996 test 0.2877
epoch 70/200 loss 0.0512 train 0.9996 test 0.2861
epoch 71/200 loss 0.0487 train 0.9996 test 0.2881
epoch 72/200 loss 0.0460 train 1.0000 test 0.2903
epoch 73/200 loss 0.0436 train 1.0000 test 0.2895
epoch 74/200 loss 0.0428 train 0.9996 test 0.2890
epoch 75/200 loss 0.0410 train 1.0000 test 0.2884
epoch 76/200 loss 0.0400 train 1.0000 test 0.2889
epoch 77/200 loss 0.0393 train 1.0000 test 0.2907
epoch 78/200 loss 0.0387 train 1.0000 test 0.2937
epoch 79/200 loss 0.0393 train 0.9996 test 0.2882
epoch 80/200 loss 0.0370 train 1.0000 test 0.2890
epoch 81/200 loss 0.0359 train 1.0000 test 0.2932
epoch 82/200 loss 0.0351 train 1.0000 test 0.2919
epoch 83/200 loss 0.0337 train 1.0000 test 0.2912
epoch 84/200 loss 0.0341 train 1.0000 test 0.2933
epoch 85/200 loss 0.0328 train 1.0000 test 0.2934
epoch 86/200 loss 0.0324 train 1.0000 test 0.2923
epoch 87/200 loss 0.0337 train 1.0000 test 0.2901
epoch 88/200 loss 0.0326 train 1.0000 test 0.2899
epoch 89/200 loss 0.0311 train 1.0000 test 0.2881
epoch 90/200 loss 0.0308 train 1.0000 test 0.2919
epoch 91/200 loss 0.0299 train 1.0000 test 0.2934
epoch 92/200 loss 0.0289 train 1.0000 test 0.2912
epoch 93/200 loss 0.0297 train 1.0000 test 0.2908
epoch 94/200 loss 0.0298 train 1.0000 test 0.2916
epoch 95/200 loss 0.0285 train 1.0000 test 0.2932
epoch 96/200 loss 0.0286 train 1.0000 test 0.2933
epoch 97/200 loss 0.0275 train 1.0000 test 0.2926
epoch 98/200 loss 0.0278 train 1.0000 test 0.2915
epoch 99/200 loss 0.0274 train 1.0000 test 0.2939
epoch 100/200 loss 0.0265 train 1.0000 test 0.2943
epoch 101/200 loss 0.0263 train 1.0000 test 0.2933
epoch 102/200 loss 0.0262 train 1.0000 test 0.2942
epoch 103/200 loss 0.0260 train 1.0000 test 0.2925
epoch 104/200 loss 0.0260 train 1.0000 test 0.2931
epoch 105/200 loss 0.0241 train 1.0000 test 0.2929
epoch 106/200 loss 0.0251 train 1.0000 test 0.2943
epoch 107/200 loss 0.0236 train 1.0000 test 0.2932
epoch 108/200 loss 0.0252 train 1.0000 test 0.2941
epoch 109/200 loss 0.0242 train 1.0000 test 0.2927
epoch 110/200 loss 0.0223 train 1.0000 test 0.2952
epoch 111/200 loss 0.0242 train 1.0000 test 0.2949
epoch 112/200 loss 0.0222 train 1.0000 test 0.2951
epoch 113/200 loss 0.0224 train 1.0000 test 0.2958
epoch 114/200 loss 0.0221 train 1.0000 test 0.2960
epoch 115/200 loss 0.0221 train 1.0000 test 0.2945
epoch 116/200 loss 0.0208 train 1.0000 test 0.2960
epoch 117/200 loss 0.0205 train 1.0000 test 0.2966
epoch 118/200 loss 0.0204 train 1.0000 test 0.2964
epoch 119/200 loss 0.0202 train 1.0000 test 0.2965
epoch 120/200 loss 0.0197 train 1.0000 test 0.2962
epoch 121/200 loss 0.0202 train 1.0000 test 0.2969
epoch 122/200 loss 0.0202 train 1.0000 test 0.2964
epoch 123/200 loss 0.0198 train 1.0000 test 0.2948
epoch 124/200 loss 0.0200 train 1.0000 test 0.2951
epoch 125/200 loss 0.0186 train 1.0000 test 0.2963
epoch 126/200 loss 0.0189 train 1.0000 test 0.2970
epoch 127/200 loss 0.0183 train 1.0000 test 0.2952
epoch 128/200 loss 0.0184 train 1.0000 test 0.2965
epoch 129/200 loss 0.0176 train 1.0000 test 0.2977
epoch 130/200 loss 0.0181 train 1.0000 test 0.2974
epoch 131/200 loss 0.0172 train 1.0000 test 0.2972
epoch 132/200 loss 0.0175 train 1.0000 test 0.2994
epoch 133/200 loss 0.0170 train 1.0000 test 0.2967
epoch 134/200 loss 0.0169 train 1.0000 test 0.2978
epoch 135/200 loss 0.0161 train 1.0000 test 0.2966
epoch 136/200 loss 0.0164 train 1.0000 test 0.2967
epoch 137/200 loss 0.0158 train 1.0000 test 0.2964
epoch 138/200 loss 0.0158 train 1.0000 test 0.2963
epoch 139/200 loss 0.0159 train 1.0000 test 0.3008
epoch 140/200 loss 0.0153 train 1.0000 test 0.2955
epoch 141/200 loss 0.0153 train 1.0000 test 0.2974
epoch 142/200 loss 0.0149 train 1.0000 test 0.2969
epoch 143/200 loss 0.0150 train 1.0000 test 0.2967
epoch 144/200 loss 0.0148 train 1.0000 test 0.2942
epoch 145/200 loss 0.0154 train 1.0000 test 0.2962
epoch 146/200 loss 0.0151 train 1.0000 test 0.2995
epoch 147/200 loss 0.0142 train 1.0000 test 0.2982
epoch 148/200 loss 0.0147 train 1.0000 test 0.2966
epoch 149/200 loss 0.0134 train 1.0000 test 0.2985
epoch 150/200 loss 0.0141 train 1.0000 test 0.2974
epoch 151/200 loss 0.0134 train 1.0000 test 0.2975
epoch 152/200 loss 0.0137 train 1.0000 test 0.2979
epoch 153/200 loss 0.0136 train 1.0000 test 0.2974
epoch 154/200 loss 0.0135 train 1.0000 test 0.2963
epoch 155/200 loss 0.0131 train 1.0000 test 0.2974
epoch 156/200 loss 0.0127 train 1.0000 test 0.2977
epoch 157/200 loss 0.0128 train 1.0000 test 0.2982
epoch 158/200 loss 0.0125 train 1.0000 test 0.2982
epoch 159/200 loss 0.0124 train 1.0000 test 0.2984
epoch 160/200 loss 0.0124 train 1.0000 test 0.2988
epoch 161/200 loss 0.0119 train 1.0000 test 0.2990
epoch 162/200 loss 0.0122 train 1.0000 test 0.2976
epoch 163/200 loss 0.0122 train 1.0000 test 0.2977
epoch 164/200 loss 0.0121 train 1.0000 test 0.2965
epoch 165/200 loss 0.0116 train 1.0000 test 0.2986
epoch 166/200 loss 0.0117 train 1.0000 test 0.2971
epoch 167/200 loss 0.0120 train 1.0000 test 0.2981
epoch 168/200 loss 0.0112 train 1.0000 test 0.2971
epoch 169/200 loss 0.0115 train 1.0000 test 0.2978
epoch 170/200 loss 0.0109 train 1.0000 test 0.2980
epoch 171/200 loss 0.0113 train 1.0000 test 0.2985
epoch 172/200 loss 0.0112 train 1.0000 test 0.2979
epoch 173/200 loss 0.0112 train 1.0000 test 0.2985
epoch 174/200 loss 0.0108 train 1.0000 test 0.2981
epoch 175/200 loss 0.0108 train 1.0000 test 0.2982
epoch 176/200 loss 0.0107 train 1.0000 test 0.2987
epoch 177/200 loss 0.0106 train 1.0000 test 0.2982
epoch 178/200 loss 0.0104 train 1.0000 test 0.2986
epoch 179/200 loss 0.0106 train 1.0000 test 0.2986
epoch 180/200 loss 0.0101 train 1.0000 test 0.2981
epoch 181/200 loss 0.0103 train 1.0000 test 0.2981
epoch 182/200 loss 0.0107 train 1.0000 test 0.2979
epoch 183/200 loss 0.0105 train 1.0000 test 0.2984
epoch 184/200 loss 0.0101 train 1.0000 test 0.2992
epoch 185/200 loss 0.0102 train 1.0000 test 0.2983
epoch 186/200 loss 0.0101 train 1.0000 test 0.2970
epoch 187/200 loss 0.0104 train 1.0000 test 0.2972
epoch 188/200 loss 0.0101 train 1.0000 test 0.2975
epoch 189/200 loss 0.0104 train 1.0000 test 0.2986
epoch 190/200 loss 0.0100 train 1.0000 test 0.2978
epoch 191/200 loss 0.0098 train 1.0000 test 0.2985
epoch 192/200 loss 0.0097 train 1.0000 test 0.2985
epoch 193/200 loss 0.0098 train 1.0000 test 0.2987
epoch 194/200 loss 0.0097 train 1.0000 test 0.2980
epoch 195/200 loss 0.0106 train 1.0000 test 0.2985
epoch 196/200 loss 0.0100 train 1.0000 test 0.2977
epoch 197/200 loss 0.0099 train 1.0000 test 0.2972
epoch 198/200 loss 0.0097 train 1.0000 test 0.2970
epoch 199/200 loss 0.0097 train 1.0000 test 0.2991
epoch 200/200 loss 0.0096 train 1.0000 test 0.2977
done: final 0.2977 best 0.3008 -> ./runs/auxmag_5pct_sched/seed0
moment-aux target calibrated on 1024 images
[auxmag_5pct_sched seed1] {"params_trainable": 11222188, "params_stem_trainable": 0, "params_stem_fixed_filters": 0, "flops_total": 556705792, "flops_stem": 0, "flops_image_size": 32}
epoch 1/200 loss 6.0931 train 0.0201 test 0.0389
epoch 2/200 loss 4.8362 train 0.0452 test 0.0503
epoch 3/200 loss 4.4644 train 0.0613 test 0.0693
epoch 4/200 loss 4.2177 train 0.0818 test 0.0815
epoch 5/200 loss 4.1103 train 0.0979 test 0.0858
epoch 6/200 loss 3.9404 train 0.1143 test 0.1046
epoch 7/200 loss 3.8212 train 0.1365 test 0.1040
epoch 8/200 loss 3.7500 train 0.1410 test 0.1006
epoch 9/200 loss 3.6757 train 0.1637 test 0.1081
epoch 10/200 loss 3.5597 train 0.1793 test 0.1272
epoch 11/200 loss 3.4738 train 0.1801 test 0.1249
epoch 12/200 loss 3.3943 train 0.1961 test 0.1318
epoch 13/200 loss 3.3290 train 0.2085 test 0.1421
epoch 14/200 loss 3.2830 train 0.2142 test 0.1559
epoch 15/200 loss 3.1591 train 0.2319 test 0.1580
epoch 16/200 loss 3.0310 train 0.2595 test 0.1506
epoch 17/200 loss 2.9384 train 0.2891 test 0.1532
epoch 18/200 loss 2.9232 train 0.2701 test 0.1471
epoch 19/200 loss 2.8388 train 0.2948 test 0.1748
epoch 20/200 loss 2.7618 train 0.3055 test 0.1479
epoch 21/200 loss 2.6908 train 0.3051 test 0.1845
epoch 22/200 loss 2.6314 train 0.3359 test 0.1773
epoch 23/200 loss 2.5427 train 0.3462 test 0.1596
epoch 24/200 loss 2.4160 train 0.3816 test 0.1866
epoch 25/200 loss 2.3333 train 0.4013 test 0.1908
epoch 26/200 loss 2.2422 train 0.4219 test 0.1908
epoch 27/200 loss 2.1404 train 0.4375 test 0.1740
epoch 28/200 loss 2.0390 train 0.4630 test 0.2212
epoch 29/200 loss 1.9673 train 0.4803 test 0.2089
epoch 30/200 loss 1.9460 train 0.4749 test 0.1816
epoch 31/200 loss 1.8253 train 0.5086 test 0.2067
epoch 32/200 loss 1.7164 train 0.5448 test 0.2105
epoch 33/200 loss 1.5945 train 0.5650 test 0.2101
epoch 34/200 loss 1.5473 train 0.5761 test 0.2145
epoch 35/200 loss 1.4061 train 0.6123 test 0.1934
epoch 36/200 loss 1.3561 train 0.6382 test 0.2111
epoch 37/200 loss 1.2688 train 0.6554 test 0.2022
epoch 38/200 loss 1.2125 train 0.6674 test 0.2143
epoch 39/200 loss 1.0881 train 0.7031 test 0.2135
epoch 40/200 loss 0.9933 train 0.7315 test 0.2208
epoch 41/200 loss 0.9233 train 0.7537 test 0.2132
epoch 42/200 loss 0.8276 train 0.7767 test 0.2139
epoch 43/200 loss 0.7532 train 0.8035 test 0.2001
epoch 44/200 loss 0.7660 train 0.7870 test 0.2308
epoch 45/200 loss 0.6998 train 0.8170 test 0.2111
epoch 46/200 loss 0.6827 train 0.8248 test 0.2319
epoch 47/200 loss 0.6014 train 0.8507 test 0.2355
epoch 48/200 loss 0.5147 train 0.8779 test 0.2422
epoch 49/200 loss 0.4835 train 0.8853 test 0.2152
epoch 50/200 loss 0.4213 train 0.9025 test 0.2438
epoch 51/200 loss 0.3624 train 0.9194 test 0.2413
epoch 52/200 loss 0.3197 train 0.9309 test 0.2580
epoch 53/200 loss 0.3058 train 0.9354 test 0.2560
epoch 54/200 loss 0.3200 train 0.9350 test 0.2490
epoch 55/200 loss 0.3118 train 0.9338 test 0.2375
epoch 56/200 loss 0.3156 train 0.9260 test 0.2261
epoch 57/200 loss 0.2827 train 0.9387 test 0.2383
epoch 58/200 loss 0.2545 train 0.9449 test 0.2490
epoch 59/200 loss 0.2204 train 0.9589 test 0.2564
epoch 60/200 loss 0.1860 train 0.9683 test 0.2677
epoch 61/200 loss 0.1454 train 0.9807 test 0.2659
epoch 62/200 loss 0.1155 train 0.9885 test 0.2632
epoch 63/200 loss 0.1038 train 0.9914 test 0.2808
epoch 64/200 loss 0.0882 train 0.9938 test 0.2812
epoch 65/200 loss 0.0743 train 0.9971 test 0.2853
epoch 66/200 loss 0.0640 train 0.9979 test 0.2857
epoch 67/200 loss 0.0596 train 0.9992 test 0.2925
epoch 68/200 loss 0.0592 train 0.9979 test 0.2945
epoch 69/200 loss 0.0542 train 0.9984 test 0.2909
epoch 70/200 loss 0.0480 train 1.0000 test 0.2960
epoch 71/200 loss 0.0444 train 1.0000 test 0.2964
epoch 72/200 loss 0.0422 train 1.0000 test 0.2975
epoch 73/200 loss 0.0415 train 1.0000 test 0.2944
epoch 74/200 loss 0.0415 train 1.0000 test 0.2999
epoch 75/200 loss 0.0375 train 1.0000 test 0.3015
epoch 76/200 loss 0.0365 train 1.0000 test 0.3022
epoch 77/200 loss 0.0364 train 1.0000 test 0.3035
epoch 78/200 loss 0.0365 train 1.0000 test 0.3006
epoch 79/200 loss 0.0350 train 1.0000 test 0.3018
epoch 80/200 loss 0.0342 train 1.0000 test 0.3009
epoch 81/200 loss 0.0337 train 1.0000 test 0.3033
epoch 82/200 loss 0.0354 train 1.0000 test 0.3049
epoch 83/200 loss 0.0340 train 1.0000 test 0.3035
epoch 84/200 loss 0.0328 train 1.0000 test 0.3029
epoch 85/200 loss 0.0318 train 1.0000 test 0.3015
epoch 86/200 loss 0.0322 train 1.0000 test 0.3010
epoch 87/200 loss 0.0302 train 1.0000 test 0.3015
epoch 88/200 loss 0.0320 train 1.0000 test 0.3040
epoch 89/200 loss 0.0316 train 1.0000 test 0.3026
epoch 90/200 loss 0.0302 train 1.0000 test 0.3040
epoch 91/200 loss 0.0304 train 1.0000 test 0.3048
epoch 92/200 loss 0.0287 train 1.0000 test 0.3048
epoch 93/200 loss 0.0301 train 1.0000 test 0.3050
epoch 94/200 loss 0.0274 train 1.0000 test 0.3051
epoch 95/200 loss 0.0271 train 1.0000 test 0.3039
epoch 96/200 loss 0.0290 train 0.9996 test 0.3027
epoch 97/200 loss 0.0282 train 0.9996 test 0.2996
epoch 98/200 loss 0.0294 train 0.9996 test 0.3020
epoch 99/200 loss 0.0272 train 1.0000 test 0.3026
epoch 100/200 loss 0.0287 train 0.9992 test 0.3006
epoch 101/200 loss 0.0271 train 1.0000 test 0.3022
epoch 102/200 loss 0.0255 train 1.0000 test 0.3029
epoch 103/200 loss 0.0243 train 1.0000 test 0.3050
epoch 104/200 loss 0.0246 train 1.0000 test 0.3030
epoch 105/200 loss 0.0238 train 1.0000 test 0.3019
epoch 106/200 loss 0.0228 train 1.0000 test 0.3044
epoch 107/200 loss 0.0225 train 1.0000 test 0.3038
epoch 108/200 loss 0.0228 train 1.0000 test 0.3060
epoch 109/200 loss 0.0223 train 1.0000 test 0.3053
epoch 110/200 loss 0.0217 train 1.0000 test 0.3079
epoch 111/200 loss 0.0209 train 1.0000 test 0.3057
epoch 112/200 loss 0.0210 train 1.0000 test 0.3056
epoch 113/200 loss 0.0221 train 1.0000 test 0.3074
epoch 114/200 loss 0.0213 train 1.0000 test 0.3072
epoch 115/200 loss 0.0202 train 1.0000 test 0.3086
epoch 116/200 loss 0.0204 train 1.0000 test 0.3057
epoch 117/200 loss 0.0204 train 1.0000 test 0.3055
epoch 118/200 loss 0.0201 train 1.0000 test 0.3051
epoch 119/200 loss 0.0188 train 1.0000 test 0.3046
epoch 120/200 loss 0.0196 train 1.0000 test 0.3049
epoch 121/200 loss 0.0192 train 1.0000 test 0.3069
epoch 122/200 loss 0.0183 train 1.0000 test 0.3070
epoch 123/200 loss 0.0192 train 1.0000 test 0.3081
epoch 124/200 loss 0.0190 train 1.0000 test 0.3069
epoch 125/200 loss 0.0187 train 1.0000 test 0.3042
epoch 126/200 loss 0.0176 train 1.0000 test 0.3051
epoch 127/200 loss 0.0182 train 1.0000 test 0.3048
epoch 128/200 loss 0.0176 train 1.0000 test 0.3054
epoch 129/200 loss 0.0169 train 1.0000 test 0.3048
epoch 130/200 loss 0.0174 train 1.0000 test 0.3060
epoch 131/200 loss 0.0165 train 1.0000 test 0.3041
epoch 132/200 loss 0.0167 train 1.0000 test 0.3020
epoch 133/200 loss 0.0163 train 1.0000 test 0.3045
epoch 134/200 loss 0.0156 train 1.0000 test 0.3051
epoch 135/200 loss 0.0164 train 1.0000 test 0.3051
epoch 136/200 loss 0.0158 train 1.0000 test 0.3041
epoch 137/200 loss 0.0154 train 1.0000 test 0.3059
epoch 138/200 loss 0.0152 train 1.0000 test 0.3066
epoch 139/200 loss 0.0150 train 1.0000 test 0.3081
epoch 140/200 loss 0.0152 train 1.0000 test 0.3083
epoch 141/200 loss 0.0148 train 1.0000 test 0.3069
epoch 142/200 loss 0.0155 train 1.0000 test 0.3051
epoch 143/200 loss 0.0153 train 1.0000 test 0.3045
epoch 144/200 loss 0.0144 train 1.0000 test 0.3039
epoch 145/200 loss 0.0145 train 1.0000 test 0.3035
epoch 146/200 loss 0.0146 train 1.0000 test 0.3060
epoch 147/200 loss 0.0133 train 1.0000 test 0.3060
epoch 148/200 loss 0.0144 train 1.0000 test 0.3060
epoch 149/200 loss 0.0138 train 1.0000 test 0.3039
epoch 150/200 loss 0.0136 train 1.0000 test 0.3052
epoch 151/200 loss 0.0137 train 1.0000 test 0.3062
epoch 152/200 loss 0.0131 train 1.0000 test 0.3066
epoch 153/200 loss 0.0126 train 1.0000 test 0.3055
epoch 154/200 loss 0.0134 train 1.0000 test 0.3030
epoch 155/200 loss 0.0132 train 1.0000 test 0.3078
epoch 156/200 loss 0.0128 train 1.0000 test 0.3080
epoch 157/200 loss 0.0127 train 1.0000 test 0.3065
epoch 158/200 loss 0.0123 train 1.0000 test 0.3080
epoch 159/200 loss 0.0129 train 1.0000 test 0.3072
epoch 160/200 loss 0.0118 train 1.0000 test 0.3068
epoch 161/200 loss 0.0118 train 1.0000 test 0.3082
epoch 162/200 loss 0.0118 train 1.0000 test 0.3072
epoch 163/200 loss 0.0121 train 1.0000 test 0.3078
epoch 164/200 loss 0.0116 train 1.0000 test 0.3065
epoch 165/200 loss 0.0119 train 1.0000 test 0.3065
epoch 166/200 loss 0.0119 train 1.0000 test 0.3076
epoch 167/200 loss 0.0118 train 1.0000 test 0.3069
epoch 168/200 loss 0.0110 train 1.0000 test 0.3073
epoch 169/200 loss 0.0109 train 1.0000 test 0.3088
epoch 170/200 loss 0.0111 train 1.0000 test 0.3070
epoch 171/200 loss 0.0111 train 1.0000 test 0.3072
epoch 172/200 loss 0.0109 train 1.0000 test 0.3069
epoch 173/200 loss 0.0112 train 1.0000 test 0.3068
epoch 174/200 loss 0.0109 train 1.0000 test 0.3061
epoch 175/200 loss 0.0107 train 1.0000 test 0.3076
epoch 176/200 loss 0.0108 train 1.0000 test 0.3078
epoch 177/200 loss 0.0107 train 1.0000 test 0.3058
epoch 178/200 loss 0.0104 train 1.0000 test 0.3067
epoch 179/200 loss 0.0100 train 1.0000 test 0.3074
epoch 180/200 loss 0.0103 train 1.0000 test 0.3079
epoch 181/200 loss 0.0104 train 1.0000 test 0.3068
epoch 182/200 loss 0.0108 train 1.0000 test 0.3066
epoch 183/200 loss 0.0104 train 1.0000 test 0.3065
epoch 184/200 loss 0.0100 train 1.0000 test 0.3065
epoch 185/200 loss 0.0104 train 1.0000 test 0.3080
epoch 186/200 loss 0.0099 train 1.0000 test 0.3064
epoch 187/200 loss 0.0098 train 1.0000 test 0.3068
epoch 188/200 loss 0.0098 train 1.0000 test 0.3062
epoch 189/200 loss 0.0097 train 1.0000 test 0.3076
epoch 190/200 loss 0.0098 train 1.0000 test 0.3056
epoch 191/200 loss 0.0096 train 1.0000 test 0.3069
epoch 192/200 loss 0.0102 train 1.0000 test 0.3065
epoch 193/200 loss 0.0098 train 1.0000 test 0.3084
epoch 194/200 loss 0.0097 train 1.0000 test 0.3071
epoch 195/200 loss 0.0101 train 1.0000 test 0.3078
epoch 196/200 loss 0.0096 train 1.0000 test 0.3067
epoch 197/200 loss 0.0096 train 1.0000 test 0.3065
epoch 198/200 loss 0.0100 train 1.0000 test 0.3058
epoch 199/200 loss 0.0100 train 1.0000 test 0.3064
epoch 200/200 loss 0.0092 train 1.0000 test 0.3070
done: final 0.3070 best 0.3088 -> ./runs/auxmag_5pct_sched/seed1
moment-aux target calibrated on 1024 images
[auxmag_5pct_sched seed2] {"params_trainable": 11222188, "params_stem_trainable": 0, "params_stem_fixed_filters": 0, "flops_total": 556705792, "flops_stem": 0, "flops_image_size": 32}
epoch 1/200 loss 5.9584 train 0.0201 test 0.0392
epoch 2/200 loss 4.8455 train 0.0399 test 0.0578
epoch 3/200 loss 4.4359 train 0.0662 test 0.0667
epoch 4/200 loss 4.1824 train 0.0868 test 0.0910
epoch 5/200 loss 4.0465 train 0.1090 test 0.1069
epoch 6/200 loss 3.8795 train 0.1217 test 0.1110
epoch 7/200 loss 3.7685 train 0.1340 test 0.1064
epoch 8/200 loss 3.7281 train 0.1447 test 0.1156
epoch 9/200 loss 3.6556 train 0.1550 test 0.1203
epoch 10/200 loss 3.5157 train 0.1891 test 0.1195
epoch 11/200 loss 3.4531 train 0.1908 test 0.1067
epoch 12/200 loss 3.3675 train 0.2027 test 0.1465
epoch 13/200 loss 3.3056 train 0.2134 test 0.1418
epoch 14/200 loss 3.2169 train 0.2257 test 0.1555
epoch 15/200 loss 3.1400 train 0.2385 test 0.1575
epoch 16/200 loss 3.0164 train 0.2611 test 0.1647
epoch 17/200 loss 2.9706 train 0.2738 test 0.1593
epoch 18/200 loss 2.8800 train 0.2895 test 0.1529
epoch 19/200 loss 2.8445 train 0.2919 test 0.1504
epoch 20/200 loss 2.7373 train 0.3178 test 0.1682
epoch 21/200 loss 2.6878 train 0.3252 test 0.1640
epoch 22/200 loss 2.5866 train 0.3392 test 0.1727
epoch 23/200 loss 2.4885 train 0.3688 test 0.1864
epoch 24/200 loss 2.4239 train 0.3610 test 0.1988
epoch 25/200 loss 2.2954 train 0.3984 test 0.1888
epoch 26/200 loss 2.2403 train 0.4264 test 0.1771
epoch 27/200 loss 2.2271 train 0.4194 test 0.1988
epoch 28/200 loss 2.0834 train 0.4408 test 0.1682
epoch 29/200 loss 1.9706 train 0.4650 test 0.1900
epoch 30/200 loss 1.9402 train 0.4844 test 0.1823
epoch 31/200 loss 1.7950 train 0.5251 test 0.2096
epoch 32/200 loss 1.7059 train 0.5358 test 0.1983
epoch 33/200 loss 1.5977 train 0.5658 test 0.2021
epoch 34/200 loss 1.6028 train 0.5584 test 0.2089
epoch 35/200 loss 1.4482 train 0.5979 test 0.2071
epoch 36/200 loss 1.3740 train 0.6316 test 0.2234
epoch 37/200 loss 1.2014 train 0.6772 test 0.2059
epoch 38/200 loss 1.1152 train 0.6990 test 0.2221
epoch 39/200 loss 1.1211 train 0.6912 test 0.2231
epoch 40/200 loss 1.0650 train 0.7039 test 0.2050
epoch 41/200 loss 0.9825 train 0.7377 test 0.2209
epoch 42/200 loss 0.8742 train 0.7615 test 0.2156
epoch 43/200 loss 0.7472 train 0.8137 test 0.2411
epoch 44/200 loss 0.7226 train 0.8055 test 0.2412
epoch 45/200 loss 0.6290 train 0.8475 test 0.2198
epoch 46/200 loss 0.5585 train 0.8627 test 0.2186
epoch 47/200 loss 0.5765 train 0.8557 test 0.2292
epoch 48/200 loss 0.5149 train 0.8754 test 0.2321
epoch 49/200 loss 0.4449 train 0.8894 test 0.2507
epoch 50/200 loss 0.4162 train 0.9075 test 0.2354
epoch 51/200 loss 0.3794 train 0.9206 test 0.2390
epoch 52/200 loss 0.3231 train 0.9391 test 0.2473
epoch 53/200 loss 0.2965 train 0.9396 test 0.2480
epoch 54/200 loss 0.2710 train 0.9474 test 0.2571
epoch 55/200 loss 0.2573 train 0.9478 test 0.2595
epoch 56/200 loss 0.2441 train 0.9552 test 0.2625
epoch 57/200 loss 0.2448 train 0.9490 test 0.2550
epoch 58/200 loss 0.2490 train 0.9490 test 0.2394
epoch 59/200 loss 0.2312 train 0.9576 test 0.2539
epoch 60/200 loss 0.2284 train 0.9576 test 0.2641
epoch 61/200 loss 0.2102 train 0.9613 test 0.2572
epoch 62/200 loss 0.1954 train 0.9655 test 0.2604
epoch 63/200 loss 0.1682 train 0.9753 test 0.2651
epoch 64/200 loss 0.1524 train 0.9757 test 0.2714
epoch 65/200 loss 0.1349 train 0.9836 test 0.2705
epoch 66/200 loss 0.1138 train 0.9893 test 0.2747
epoch 67/200 loss 0.0922 train 0.9926 test 0.2771
epoch 68/200 loss 0.0787 train 0.9947 test 0.2816
epoch 69/200 loss 0.0789 train 0.9942 test 0.2838
epoch 70/200 loss 0.0704 train 0.9979 test 0.2851
epoch 71/200 loss 0.0566 train 0.9979 test 0.2953
epoch 72/200 loss 0.0493 train 0.9996 test 0.2928
epoch 73/200 loss 0.0456 train 0.9992 test 0.2955
epoch 74/200 loss 0.0431 train 1.0000 test 0.2953
epoch 75/200 loss 0.0408 train 0.9996 test 0.2973
epoch 76/200 loss 0.0395 train 1.0000 test 0.2957
epoch 77/200 loss 0.0389 train 1.0000 test 0.2990
epoch 78/200 loss 0.0361 train 1.0000 test 0.2996
epoch 79/200 loss 0.0353 train 1.0000 test 0.3011
epoch 80/200 loss 0.0335 train 1.0000 test 0.3028
epoch 81/200 loss 0.0338 train 1.0000 test 0.3008
epoch 82/200 loss 0.0354 train 1.0000 test 0.3010
epoch 83/200 loss 0.0343 train 1.0000 test 0.2992
epoch 84/200 loss 0.0328 train 1.0000 test 0.2975
epoch 85/200 loss 0.0339 train 1.0000 test 0.2993
epoch 86/200 loss 0.0340 train 1.0000 test 0.3016
epoch 87/200 loss 0.0319 train 1.0000 test 0.3033
epoch 88/200 loss 0.0292 train 1.0000 test 0.3013
epoch 89/200 loss 0.0294 train 1.0000 test 0.3026
epoch 90/200 loss 0.0290 train 1.0000 test 0.3025
epoch 91/200 loss 0.0308 train 1.0000 test 0.3029
epoch 92/200 loss 0.0278 train 1.0000 test 0.3038
epoch 93/200 loss 0.0287 train 1.0000 test 0.3019
epoch 94/200 loss 0.0281 train 1.0000 test 0.3037
epoch 95/200 loss 0.0262 train 1.0000 test 0.3051
epoch 96/200 loss 0.0269 train 1.0000 test 0.3064
epoch 97/200 loss 0.0267 train 1.0000 test 0.3037
epoch 98/200 loss 0.0261 train 1.0000 test 0.3045
epoch 99/200 loss 0.0265 train 1.0000 test 0.3051
epoch 100/200 loss 0.0259 train 1.0000 test 0.3043
epoch 101/200 loss 0.0254 train 1.0000 test 0.3037
epoch 102/200 loss 0.0252 train 1.0000 test 0.3052
epoch 103/200 loss 0.0249 train 1.0000 test 0.3049
epoch 104/200 loss 0.0239 train 1.0000 test 0.3060
epoch 105/200 loss 0.0232 train 1.0000 test 0.3021
epoch 106/200 loss 0.0241 train 1.0000 test 0.3035
epoch 107/200 loss 0.0244 train 1.0000 test 0.3049
epoch 108/200 loss 0.0241 train 1.0000 test 0.3061
epoch 109/200 loss 0.0225 train 1.0000 test 0.3067
epoch 110/200 loss 0.0221 train 1.0000 test 0.3068
epoch 111/200 loss 0.0217 train 1.0000 test 0.3058
epoch 112/200 loss 0.0219 train 1.0000 test 0.3069
epoch 113/200 loss 0.0215 train 1.0000 test 0.3044
epoch 114/200 loss 0.0212 train 1.0000 test 0.3053
epoch 115/200 loss 0.0211 train 1.0000 test 0.3057
epoch 116/200 loss 0.0207 train 1.0000 test 0.3072
epoch 117/200 loss 0.0201 train 1.0000 test 0.3076
epoch 118/200 loss 0.0205 train 1.0000 test 0.3064
epoch 119/200 loss 0.0204 train 1.0000 test 0.3070
epoch 120/200 loss 0.0192 train 1.0000 test 0.3085
epoch 121/200 loss 0.0201 train 1.0000 test 0.3088
epoch 122/200 loss 0.0192 train 1.0000 test 0.3081
epoch 123/200 loss 0.0190 train 1.0000 test 0.3077
epoch 124/200 loss 0.0187 train 1.0000 test 0.3089
epoch 125/200 loss 0.0181 train 1.0000 test 0.3069
epoch 126/200 loss 0.0184 train 1.0000 test 0.3074
epoch 127/200 loss 0.0180 train 1.0000 test 0.3086
epoch 128/200 loss 0.0177 train 1.0000 test 0.3085
epoch 129/200 loss 0.0176 train 1.0000 test 0.3088
epoch 130/200 loss 0.0173 train 1.0000 test 0.3097
epoch 131/200 loss 0.0182 train 1.0000 test 0.3110
epoch 132/200 loss 0.0162 train 1.0000 test 0.3087
epoch 133/200 loss 0.0165 train 1.0000 test 0.3090
epoch 134/200 loss 0.0163 train 1.0000 test 0.3089
epoch 135/200 loss 0.0156 train 1.0000 test 0.3093
epoch 136/200 loss 0.0168 train 1.0000 test 0.3079
epoch 137/200 loss 0.0159 train 1.0000 test 0.3070
epoch 138/200 loss 0.0158 train 1.0000 test 0.3077
epoch 139/200 loss 0.0158 train 1.0000 test 0.3105
epoch 140/200 loss 0.0156 train 1.0000 test 0.3103
epoch 141/200 loss 0.0149 train 1.0000 test 0.3091
epoch 142/200 loss 0.0150 train 1.0000 test 0.3096
epoch 143/200 loss 0.0153 train 1.0000 test 0.3093
epoch 144/200 loss 0.0144 train 1.0000 test 0.3102
epoch 145/200 loss 0.0139 train 1.0000 test 0.3093
epoch 146/200 loss 0.0140 train 1.0000 test 0.3111
epoch 147/200 loss 0.0139 train 1.0000 test 0.3090
epoch 148/200 loss 0.0134 train 1.0000 test 0.3094
epoch 149/200 loss 0.0139 train 1.0000 test 0.3100
epoch 150/200 loss 0.0134 train 1.0000 test 0.3094
epoch 151/200 loss 0.0135 train 1.0000 test 0.3103
epoch 152/200 loss 0.0129 train 1.0000 test 0.3116
epoch 153/200 loss 0.0129 train 1.0000 test 0.3097
epoch 154/200 loss 0.0134 train 1.0000 test 0.3100
epoch 155/200 loss 0.0135 train 1.0000 test 0.3084
epoch 156/200 loss 0.0126 train 1.0000 test 0.3109
epoch 157/200 loss 0.0121 train 1.0000 test 0.3094
epoch 158/200 loss 0.0125 train 1.0000 test 0.3102
epoch 159/200 loss 0.0131 train 1.0000 test 0.3102
epoch 160/200 loss 0.0124 train 1.0000 test 0.3109
epoch 161/200 loss 0.0127 train 1.0000 test 0.3098
epoch 162/200 loss 0.0123 train 1.0000 test 0.3098
epoch 163/200 loss 0.0123 train 1.0000 test 0.3091
epoch 164/200 loss 0.0118 train 1.0000 test 0.3095
epoch 165/200 loss 0.0117 train 1.0000 test 0.3093
epoch 166/200 loss 0.0115 train 1.0000 test 0.3106
epoch 167/200 loss 0.0111 train 1.0000 test 0.3098
epoch 168/200 loss 0.0120 train 1.0000 test 0.3107
epoch 169/200 loss 0.0110 train 1.0000 test 0.3104
epoch 170/200 loss 0.0113 train 1.0000 test 0.3107
epoch 171/200 loss 0.0114 train 1.0000 test 0.3110
epoch 172/200 loss 0.0109 train 1.0000 test 0.3102
epoch 173/200 loss 0.0107 train 1.0000 test 0.3108
epoch 174/200 loss 0.0113 train 1.0000 test 0.3101
epoch 175/200 loss 0.0110 train 1.0000 test 0.3119
epoch 176/200 loss 0.0108 train 1.0000 test 0.3101
epoch 177/200 loss 0.0109 train 1.0000 test 0.3104
epoch 178/200 loss 0.0109 train 1.0000 test 0.3095
epoch 179/200 loss 0.0107 train 1.0000 test 0.3122
epoch 180/200 loss 0.0104 train 1.0000 test 0.3110
epoch 181/200 loss 0.0104 train 1.0000 test 0.3103
epoch 182/200 loss 0.0102 train 1.0000 test 0.3111
epoch 183/200 loss 0.0104 train 1.0000 test 0.3099
epoch 184/200 loss 0.0102 train 1.0000 test 0.3117
epoch 185/200 loss 0.0104 train 1.0000 test 0.3111
epoch 186/200 loss 0.0098 train 1.0000 test 0.3102
epoch 187/200 loss 0.0102 train 1.0000 test 0.3112
epoch 188/200 loss 0.0097 train 1.0000 test 0.3111
epoch 189/200 loss 0.0103 train 1.0000 test 0.3110
epoch 190/200 loss 0.0098 train 1.0000 test 0.3116
epoch 191/200 loss 0.0101 train 1.0000 test 0.3111
epoch 192/200 loss 0.0098 train 1.0000 test 0.3125
epoch 193/200 loss 0.0097 train 1.0000 test 0.3121
epoch 194/200 loss 0.0099 train 1.0000 test 0.3118
epoch 195/200 loss 0.0100 train 1.0000 test 0.3122
epoch 196/200 loss 0.0099 train 1.0000 test 0.3111
epoch 197/200 loss 0.0101 train 1.0000 test 0.3113
epoch 198/200 loss 0.0098 train 1.0000 test 0.3118
epoch 199/200 loss 0.0100 train 1.0000 test 0.3120
epoch 200/200 loss 0.0096 train 1.0000 test 0.3114
done: final 0.3114 best 0.3125 -> ./runs/auxmag_5pct_sched/seed2
AUXSCHED_auxmag_5pct_sched_DONE
moment-aux target calibrated on 1024 images
[auxmag_7pct_sched seed0] {"params_trainable": 11222188, "params_stem_trainable": 0, "params_stem_fixed_filters": 0, "flops_total": 556705792, "flops_stem": 0, "flops_image_size": 32}
epoch 1/200 loss 5.7752 train 0.0252 test 0.0405
epoch 2/200 loss 4.6162 train 0.0527 test 0.0696
epoch 3/200 loss 4.2960 train 0.0764 test 0.0766
epoch 4/200 loss 4.0690 train 0.1091 test 0.0984
epoch 5/200 loss 3.9097 train 0.1282 test 0.0981
epoch 6/200 loss 3.8029 train 0.1383 test 0.1103
epoch 7/200 loss 3.7058 train 0.1473 test 0.1192
epoch 8/200 loss 3.5901 train 0.1670 test 0.1263
epoch 9/200 loss 3.5035 train 0.1866 test 0.1569
epoch 10/200 loss 3.3635 train 0.2046 test 0.1570
epoch 11/200 loss 3.3054 train 0.2092 test 0.1241
epoch 12/200 loss 3.2417 train 0.2196 test 0.1430
epoch 13/200 loss 3.1433 train 0.2486 test 0.1569
epoch 14/200 loss 3.0429 train 0.2564 test 0.1795
epoch 15/200 loss 2.9380 train 0.2694 test 0.1741
