wave cells: 7  slots: 3
--- diagfuse_food_aug_5pct seed0 2026-08-14T21:00:13+02:00
--- diagfuse_food_aug_5pct seed1 2026-08-14T21:00:13+02:00
--- diagfuse_food_aug_5pct seed2 2026-08-14T21:00:13+02:00
deit augmentation: randaug m9 + erasing .25 + mixup .8/cutmix 1.0 + label smoothing .1
[diagfuse_food_aug_5pct seed1] {"params_trainable": 11220645, "params_stem_trainable": 0, "params_stem_fixed_filters": 0, "flops_total": 2226670080, "flops_stem": 0, "flops_image_size": 64}
deit augmentation: randaug m9 + erasing .25 + mixup .8/cutmix 1.0 + label smoothing .1
[diagfuse_food_aug_5pct seed2] {"params_trainable": 11220645, "params_stem_trainable": 0, "params_stem_fixed_filters": 0, "flops_total": 2226670080, "flops_stem": 0, "flops_image_size": 64}
deit augmentation: randaug m9 + erasing .25 + mixup .8/cutmix 1.0 + label smoothing .1
[diagfuse_food_aug_5pct seed0] {"params_trainable": 11220645, "params_stem_trainable": 0, "params_stem_fixed_filters": 0, "flops_total": 2226670080, "flops_stem": 0, "flops_image_size": 64}
epoch 1/200 loss 4.7145 train 0.0097 test 0.0139
epoch 1/200 loss 4.6924 train 0.0089 test 0.0250
epoch 1/200 loss 4.7032 train 0.0084 test 0.0142
epoch 2/200 loss 4.6993 train 0.0110 test 0.0281
epoch 2/200 loss 4.6929 train 0.0108 test 0.0207
epoch 2/200 loss 4.7108 train 0.0110 test 0.0178
epoch 3/200 loss 4.6588 train 0.0137 test 0.0253
epoch 3/200 loss 4.6668 train 0.0110 test 0.0260
epoch 3/200 loss 4.6760 train 0.0124 test 0.0242
epoch 4/200 loss 4.6443 train 0.0175 test 0.0368
epoch 4/200 loss 4.6345 train 0.0110 test 0.0280
epoch 4/200 loss 4.6313 train 0.0148 test 0.0328
epoch 5/200 loss 4.6168 train 0.0156 test 0.0351
epoch 5/200 loss 4.6062 train 0.0151 test 0.0307
epoch 5/200 loss 4.6066 train 0.0191 test 0.0325
epoch 6/200 loss 4.5992 train 0.0202 test 0.0366
epoch 6/200 loss 4.5981 train 0.0151 test 0.0378
epoch 6/200 loss 4.6012 train 0.0156 test 0.0371
epoch 7/200 loss 4.5808 train 0.0162 test 0.0402
epoch 7/200 loss 4.5861 train 0.0164 test 0.0393
epoch 7/200 loss 4.5944 train 0.0170 test 0.0396
epoch 8/200 loss 4.5806 train 0.0180 test 0.0405
epoch 8/200 loss 4.5814 train 0.0199 test 0.0469
epoch 8/200 loss 4.5668 train 0.0197 test 0.0401
epoch 9/200 loss 4.5664 train 0.0218 test 0.0411
epoch 9/200 loss 4.5742 train 0.0221 test 0.0420
epoch 9/200 loss 4.5720 train 0.0178 test 0.0453
epoch 10/200 loss 4.5697 train 0.0199 test 0.0460
epoch 10/200 loss 4.5567 train 0.0180 test 0.0479
epoch 10/200 loss 4.5649 train 0.0248 test 0.0463
epoch 11/200 loss 4.5653 train 0.0189 test 0.0453
epoch 11/200 loss 4.5536 train 0.0224 test 0.0444
epoch 11/200 loss 4.5626 train 0.0189 test 0.0472
epoch 12/200 loss 4.5538 train 0.0218 test 0.0469
epoch 12/200 loss 4.5631 train 0.0186 test 0.0453
epoch 12/200 loss 4.5485 train 0.0245 test 0.0505
epoch 13/200 loss 4.5536 train 0.0232 test 0.0445
epoch 13/200 loss 4.5459 train 0.0207 test 0.0463
epoch 13/200 loss 4.5680 train 0.0189 test 0.0419
epoch 14/200 loss 4.5480 train 0.0197 test 0.0530
epoch 14/200 loss 4.5557 train 0.0170 test 0.0522
epoch 14/200 loss 4.5464 train 0.0259 test 0.0408
epoch 15/200 loss 4.5489 train 0.0229 test 0.0496
epoch 15/200 loss 4.5424 train 0.0186 test 0.0492
epoch 15/200 loss 4.5338 train 0.0202 test 0.0543
epoch 16/200 loss 4.5453 train 0.0202 test 0.0491
epoch 16/200 loss 4.5575 train 0.0210 test 0.0512
epoch 16/200 loss 4.5441 train 0.0205 test 0.0505
epoch 17/200 loss 4.5343 train 0.0259 test 0.0499
epoch 17/200 loss 4.5499 train 0.0205 test 0.0523
epoch 17/200 loss 4.5443 train 0.0245 test 0.0515
epoch 18/200 loss 4.5445 train 0.0221 test 0.0483
epoch 18/200 loss 4.5262 train 0.0264 test 0.0556
epoch 18/200 loss 4.5469 train 0.0267 test 0.0579
epoch 19/200 loss 4.5336 train 0.0242 test 0.0526
epoch 19/200 loss 4.5400 train 0.0277 test 0.0559
epoch 19/200 loss 4.5482 train 0.0256 test 0.0543
epoch 20/200 loss 4.5519 train 0.0224 test 0.0520
epoch 20/200 loss 4.5255 train 0.0331 test 0.0602
epoch 20/200 loss 4.5254 train 0.0256 test 0.0575
epoch 21/200 loss 4.5319 train 0.0232 test 0.0525
epoch 21/200 loss 4.5277 train 0.0283 test 0.0588
epoch 21/200 loss 4.5296 train 0.0210 test 0.0557
epoch 22/200 loss 4.5244 train 0.0240 test 0.0576
epoch 22/200 loss 4.5334 train 0.0269 test 0.0594
epoch 22/200 loss 4.5293 train 0.0234 test 0.0590
epoch 23/200 loss 4.5239 train 0.0326 test 0.0558
epoch 23/200 loss 4.5076 train 0.0277 test 0.0556
epoch 23/200 loss 4.5213 train 0.0245 test 0.0602
epoch 24/200 loss 4.5357 train 0.0259 test 0.0554
epoch 24/200 loss 4.5160 train 0.0277 test 0.0595
epoch 24/200 loss 4.5159 train 0.0248 test 0.0549
epoch 25/200 loss 4.5195 train 0.0291 test 0.0521
epoch 25/200 loss 4.4982 train 0.0329 test 0.0561
epoch 25/200 loss 4.5227 train 0.0288 test 0.0571
epoch 26/200 loss 4.5386 train 0.0205 test 0.0590
epoch 26/200 loss 4.5156 train 0.0310 test 0.0623
epoch 26/200 loss 4.5090 train 0.0334 test 0.0595
epoch 27/200 loss 4.5154 train 0.0229 test 0.0638
epoch 27/200 loss 4.5114 train 0.0277 test 0.0482
epoch 27/200 loss 4.5017 train 0.0337 test 0.0613
epoch 28/200 loss 4.5034 train 0.0312 test 0.0465
epoch 28/200 loss 4.5200 train 0.0329 test 0.0615
epoch 28/200 loss 4.5229 train 0.0329 test 0.0535
epoch 29/200 loss 4.5200 train 0.0251 test 0.0669
epoch 29/200 loss 4.5093 train 0.0337 test 0.0615
epoch 29/200 loss 4.5198 train 0.0272 test 0.0595
epoch 30/200 loss 4.5221 train 0.0232 test 0.0683
epoch 30/200 loss 4.5148 train 0.0240 test 0.0666
epoch 30/200 loss 4.5054 train 0.0218 test 0.0589
epoch 31/200 loss 4.5125 train 0.0234 test 0.0611
epoch 31/200 loss 4.5072 train 0.0256 test 0.0546
epoch 31/200 loss 4.5107 train 0.0277 test 0.0670
epoch 32/200 loss 4.4971 train 0.0294 test 0.0723
epoch 32/200 loss 4.5060 train 0.0326 test 0.0458
epoch 32/200 loss 4.4922 train 0.0358 test 0.0644
epoch 33/200 loss 4.4988 train 0.0339 test 0.0771
epoch 33/200 loss 4.4806 train 0.0369 test 0.0597
epoch 33/200 loss 4.5051 train 0.0264 test 0.0568
epoch 34/200 loss 4.4851 train 0.0350 test 0.0632
epoch 34/200 loss 4.5059 train 0.0299 test 0.0662
epoch 34/200 loss 4.4848 train 0.0361 test 0.0680
epoch 35/200 loss 4.4814 train 0.0350 test 0.0656
epoch 35/200 loss 4.4755 train 0.0283 test 0.0613
epoch 35/200 loss 4.5068 train 0.0307 test 0.0592
epoch 36/200 loss 4.4843 train 0.0339 test 0.0666
epoch 36/200 loss 4.5013 train 0.0345 test 0.0657
epoch 36/200 loss 4.5008 train 0.0323 test 0.0687
epoch 37/200 loss 4.4931 train 0.0312 test 0.0726
epoch 37/200 loss 4.4806 train 0.0280 test 0.0680
epoch 37/200 loss 4.4892 train 0.0404 test 0.0659
epoch 38/200 loss 4.4770 train 0.0337 test 0.0627
epoch 38/200 loss 4.4618 train 0.0480 test 0.0716
epoch 38/200 loss 4.4982 train 0.0348 test 0.0627
epoch 39/200 loss 4.4855 train 0.0326 test 0.0708
epoch 39/200 loss 4.4993 train 0.0323 test 0.0629
epoch 39/200 loss 4.4790 train 0.0321 test 0.0616
epoch 40/200 loss 4.4944 train 0.0307 test 0.0623
epoch 40/200 loss 4.4618 train 0.0315 test 0.0787
epoch 40/200 loss 4.4814 train 0.0380 test 0.0713
epoch 41/200 loss 4.4774 train 0.0315 test 0.0691
epoch 41/200 loss 4.4735 train 0.0391 test 0.0756
epoch 41/200 loss 4.4658 train 0.0304 test 0.0605
epoch 42/200 loss 4.4808 train 0.0337 test 0.0741
epoch 42/200 loss 4.4899 train 0.0312 test 0.0750
epoch 42/200 loss 4.4955 train 0.0329 test 0.0755
epoch 43/200 loss 4.4569 train 0.0339 test 0.0702
epoch 43/200 loss 4.4560 train 0.0393 test 0.0665
epoch 43/200 loss 4.4440 train 0.0477 test 0.0735
epoch 44/200 loss 4.4617 train 0.0348 test 0.0735
epoch 44/200 loss 4.4880 train 0.0377 test 0.0700
epoch 44/200 loss 4.4687 train 0.0474 test 0.0771
epoch 45/200 loss 4.4629 train 0.0391 test 0.0787
epoch 45/200 loss 4.4635 train 0.0356 test 0.0770
epoch 45/200 loss 4.4462 train 0.0385 test 0.0834
epoch 46/200 loss 4.4872 train 0.0261 test 0.0690
epoch 46/200 loss 4.4545 train 0.0350 test 0.0800
epoch 46/200 loss 4.4721 train 0.0374 test 0.0735
epoch 47/200 loss 4.4455 train 0.0372 test 0.0714
epoch 47/200 loss 4.4807 train 0.0353 test 0.0822
epoch 47/200 loss 4.4411 train 0.0383 test 0.0659
epoch 48/200 loss 4.4651 train 0.0377 test 0.0698
epoch 48/200 loss 4.4500 train 0.0458 test 0.0711
epoch 48/200 loss 4.4663 train 0.0353 test 0.0720
epoch 49/200 loss 4.4406 train 0.0445 test 0.0872
epoch 49/200 loss 4.4464 train 0.0474 test 0.0733
epoch 49/200 loss 4.4683 train 0.0350 test 0.0743
epoch 50/200 loss 4.4250 train 0.0407 test 0.0687
epoch 50/200 loss 4.4498 train 0.0361 test 0.0674
epoch 50/200 loss 4.4339 train 0.0426 test 0.0847
epoch 51/200 loss 4.4540 train 0.0426 test 0.0784
epoch 51/200 loss 4.4533 train 0.0401 test 0.0635
epoch 51/200 loss 4.4552 train 0.0471 test 0.0830
epoch 52/200 loss 4.4153 train 0.0480 test 0.0768
epoch 52/200 loss 4.4309 train 0.0431 test 0.0785
epoch 52/200 loss 4.4277 train 0.0431 test 0.0780
epoch 53/200 loss 4.4573 train 0.0436 test 0.0832
epoch 53/200 loss 4.4552 train 0.0372 test 0.0719
epoch 53/200 loss 4.4511 train 0.0480 test 0.0814
epoch 54/200 loss 4.4455 train 0.0407 test 0.0769
epoch 54/200 loss 4.3976 train 0.0366 test 0.0797
epoch 54/200 loss 4.4123 train 0.0404 test 0.0675
epoch 55/200 loss 4.4360 train 0.0436 test 0.0698
epoch 55/200 loss 4.4255 train 0.0401 test 0.0773
epoch 55/200 loss 4.4120 train 0.0420 test 0.0698
epoch 56/200 loss 4.4198 train 0.0426 test 0.0819
epoch 56/200 loss 4.4192 train 0.0455 test 0.0798
epoch 56/200 loss 4.4143 train 0.0404 test 0.0852
epoch 57/200 loss 4.4160 train 0.0442 test 0.0861
epoch 57/200 loss 4.4197 train 0.0420 test 0.0697
epoch 57/200 loss 4.4153 train 0.0453 test 0.0916
epoch 58/200 loss 4.3867 train 0.0482 test 0.0928
epoch 58/200 loss 4.4184 train 0.0396 test 0.0825
epoch 58/200 loss 4.4184 train 0.0380 test 0.0833
epoch 59/200 loss 4.4174 train 0.0372 test 0.0835
epoch 59/200 loss 4.4064 train 0.0490 test 0.0895
epoch 59/200 loss 4.3955 train 0.0482 test 0.0933
epoch 60/200 loss 4.4245 train 0.0439 test 0.0795
epoch 60/200 loss 4.3873 train 0.0431 test 0.0749
epoch 60/200 loss 4.4054 train 0.0504 test 0.0779
epoch 61/200 loss 4.3918 train 0.0504 test 0.0909
epoch 61/200 loss 4.4061 train 0.0418 test 0.0807
epoch 61/200 loss 4.4143 train 0.0515 test 0.0787
epoch 62/200 loss 4.4020 train 0.0493 test 0.0855
epoch 62/200 loss 4.3793 train 0.0388 test 0.0890
epoch 62/200 loss 4.4316 train 0.0372 test 0.0773
epoch 63/200 loss 4.3989 train 0.0531 test 0.1002
epoch 63/200 loss 4.3742 train 0.0401 test 0.0861
epoch 63/200 loss 4.4057 train 0.0450 test 0.0893
epoch 64/200 loss 4.3785 train 0.0515 test 0.0954
epoch 64/200 loss 4.4218 train 0.0442 test 0.0865
epoch 64/200 loss 4.4074 train 0.0466 test 0.0831
epoch 65/200 loss 4.3813 train 0.0453 test 0.0943
epoch 65/200 loss 4.4281 train 0.0450 test 0.0743
epoch 65/200 loss 4.4268 train 0.0396 test 0.0971
epoch 66/200 loss 4.3867 train 0.0442 test 0.0901
epoch 66/200 loss 4.4158 train 0.0506 test 0.0838
epoch 66/200 loss 4.3860 train 0.0420 test 0.0813
epoch 67/200 loss 4.3940 train 0.0471 test 0.0967
epoch 67/200 loss 4.4091 train 0.0442 test 0.0891
epoch 67/200 loss 4.3589 train 0.0498 test 0.0995
epoch 68/200 loss 4.3920 train 0.0520 test 0.0930
epoch 68/200 loss 4.3602 train 0.0525 test 0.0884
epoch 68/200 loss 4.3598 train 0.0525 test 0.1013
epoch 69/200 loss 4.3701 train 0.0550 test 0.0951
epoch 69/200 loss 4.3392 train 0.0566 test 0.0958
epoch 69/200 loss 4.3741 train 0.0533 test 0.0992
epoch 70/200 loss 4.3613 train 0.0539 test 0.0986
epoch 70/200 loss 4.3492 train 0.0482 test 0.1044
epoch 70/200 loss 4.3819 train 0.0550 test 0.1002
epoch 71/200 loss 4.3688 train 0.0488 test 0.1066
epoch 71/200 loss 4.3673 train 0.0620 test 0.0889
epoch 71/200 loss 4.3460 train 0.0506 test 0.1045
epoch 72/200 loss 4.3667 train 0.0471 test 0.0812
epoch 72/200 loss 4.3950 train 0.0458 test 0.0723
epoch 72/200 loss 4.3648 train 0.0498 test 0.0943
epoch 73/200 loss 4.3396 train 0.0552 test 0.0985
epoch 73/200 loss 4.3599 train 0.0539 test 0.0932
epoch 73/200 loss 4.3716 train 0.0563 test 0.0958
epoch 74/200 loss 4.3797 train 0.0490 test 0.0857
epoch 74/200 loss 4.3598 train 0.0418 test 0.0828
epoch 74/200 loss 4.3637 train 0.0439 test 0.1095
epoch 75/200 loss 4.3322 train 0.0649 test 0.1050
epoch 75/200 loss 4.3604 train 0.0587 test 0.0914
epoch 75/200 loss 4.3426 train 0.0552 test 0.1074
epoch 76/200 loss 4.3461 train 0.0509 test 0.0969
epoch 76/200 loss 4.3237 train 0.0450 test 0.1116
epoch 76/200 loss 4.3552 train 0.0528 test 0.1124
epoch 77/200 loss 4.3415 train 0.0644 test 0.1015
epoch 77/200 loss 4.3634 train 0.0447 test 0.1019
epoch 77/200 loss 4.3563 train 0.0638 test 0.1068
epoch 78/200 loss 4.3328 train 0.0501 test 0.1110
epoch 78/200 loss 4.3468 train 0.0504 test 0.0851
epoch 78/200 loss 4.3318 train 0.0466 test 0.1100
epoch 79/200 loss 4.3346 train 0.0528 test 0.1122
epoch 79/200 loss 4.3541 train 0.0555 test 0.1132
epoch 79/200 loss 4.3387 train 0.0617 test 0.1006
epoch 80/200 loss 4.3519 train 0.0652 test 0.0872
epoch 80/200 loss 4.3446 train 0.0558 test 0.1070
epoch 80/200 loss 4.3372 train 0.0585 test 0.0914
epoch 81/200 loss 4.3723 train 0.0614 test 0.1120
epoch 81/200 loss 4.2863 train 0.0679 test 0.0970
epoch 81/200 loss 4.3521 train 0.0533 test 0.1173
epoch 82/200 loss 4.2793 train 0.0620 test 0.0983
epoch 82/200 loss 4.3120 train 0.0652 test 0.0967
epoch 82/200 loss 4.3082 train 0.0587 test 0.1094
epoch 83/200 loss 4.3088 train 0.0558 test 0.1089
epoch 83/200 loss 4.3082 train 0.0577 test 0.1070
epoch 83/200 loss 4.3041 train 0.0709 test 0.1128
epoch 84/200 loss 4.3036 train 0.0587 test 0.1168
epoch 84/200 loss 4.3190 train 0.0603 test 0.1062
epoch 84/200 loss 4.3145 train 0.0647 test 0.0954
epoch 85/200 loss 4.2969 train 0.0555 test 0.1044
epoch 85/200 loss 4.2695 train 0.0768 test 0.1219
epoch 85/200 loss 4.3483 train 0.0517 test 0.1145
epoch 86/200 loss 4.3358 train 0.0628 test 0.0947
epoch 86/200 loss 4.3258 train 0.0555 test 0.0993
epoch 86/200 loss 4.2714 train 0.0625 test 0.0859
epoch 87/200 loss 4.3180 train 0.0447 test 0.1236
epoch 87/200 loss 4.2445 train 0.0663 test 0.1133
epoch 87/200 loss 4.2660 train 0.0644 test 0.1057
epoch 88/200 loss 4.2850 train 0.0582 test 0.1118
epoch 88/200 loss 4.2864 train 0.0598 test 0.1192
epoch 88/200 loss 4.2749 train 0.0741 test 0.1112
epoch 89/200 loss 4.2937 train 0.0617 test 0.1108
epoch 89/200 loss 4.3312 train 0.0695 test 0.1248
epoch 89/200 loss 4.2881 train 0.0647 test 0.1171
epoch 90/200 loss 4.3400 train 0.0630 test 0.1109
epoch 90/200 loss 4.2753 train 0.0628 test 0.1099
epoch 90/200 loss 4.2335 train 0.0738 test 0.1243
epoch 91/200 loss 4.2852 train 0.0814 test 0.1107
epoch 91/200 loss 4.2724 train 0.0795 test 0.1238
epoch 91/200 loss 4.2508 train 0.0762 test 0.1351
epoch 92/200 loss 4.2630 train 0.0649 test 0.1075
epoch 92/200 loss 4.2861 train 0.0735 test 0.1270
epoch 92/200 loss 4.3079 train 0.0630 test 0.1244
epoch 93/200 loss 4.3059 train 0.0641 test 0.1269
epoch 93/200 loss 4.2630 train 0.0781 test 0.1157
epoch 93/200 loss 4.2583 train 0.0859 test 0.1261
epoch 94/200 loss 4.2929 train 0.0663 test 0.1122
epoch 94/200 loss 4.2651 train 0.0768 test 0.1112
epoch 94/200 loss 4.2696 train 0.0768 test 0.1293
epoch 95/200 loss 4.3158 train 0.0609 test 0.1228
epoch 95/200 loss 4.2748 train 0.0698 test 0.1141
epoch 95/200 loss 4.2886 train 0.0620 test 0.1297
epoch 96/200 loss 4.2467 train 0.0830 test 0.1168
epoch 96/200 loss 4.2845 train 0.0703 test 0.1273
epoch 96/200 loss 4.2303 train 0.0741 test 0.1288
epoch 97/200 loss 4.2628 train 0.0676 test 0.1084
epoch 97/200 loss 4.2749 train 0.0797 test 0.1342
epoch 97/200 loss 4.2303 train 0.0905 test 0.1298
epoch 98/200 loss 4.2136 train 0.0795 test 0.1442
epoch 98/200 loss 4.2320 train 0.0746 test 0.1358
epoch 98/200 loss 4.2636 train 0.0682 test 0.1309
epoch 99/200 loss 4.2450 train 0.0816 test 0.1248
epoch 99/200 loss 4.2463 train 0.0709 test 0.1513
epoch 99/200 loss 4.2448 train 0.0770 test 0.1608
epoch 100/200 loss 4.2326 train 0.0905 test 0.1402
epoch 100/200 loss 4.2999 train 0.0587 test 0.1373
epoch 100/200 loss 4.2675 train 0.0814 test 0.1057
epoch 101/200 loss 4.1699 train 0.0867 test 0.1544
epoch 101/200 loss 4.2348 train 0.0867 test 0.1308
epoch 101/200 loss 4.2147 train 0.1008 test 0.1180
epoch 102/200 loss 4.2191 train 0.0679 test 0.1615
epoch 102/200 loss 4.2442 train 0.0698 test 0.1163
epoch 102/200 loss 4.2387 train 0.0816 test 0.1232
epoch 103/200 loss 4.1564 train 0.0841 test 0.1206
epoch 103/200 loss 4.1692 train 0.0924 test 0.1064
epoch 103/200 loss 4.1895 train 0.0851 test 0.1328
epoch 104/200 loss 4.1979 train 0.0938 test 0.1356
epoch 104/200 loss 4.2291 train 0.0760 test 0.1442
epoch 104/200 loss 4.2368 train 0.0765 test 0.1450
epoch 105/200 loss 4.1814 train 0.0830 test 0.1015
epoch 105/200 loss 4.2190 train 0.0789 test 0.1437
epoch 105/200 loss 4.1868 train 0.0843 test 0.1383
epoch 106/200 loss 4.1322 train 0.1024 test 0.1484
epoch 106/200 loss 4.2203 train 0.0776 test 0.1362
epoch 106/200 loss 4.1978 train 0.0919 test 0.1515
epoch 107/200 loss 4.1248 train 0.0827 test 0.1379
epoch 107/200 loss 4.1519 train 0.0779 test 0.1459
epoch 107/200 loss 4.1894 train 0.0738 test 0.1420
epoch 108/200 loss 4.1624 train 0.0927 test 0.1331
epoch 108/200 loss 4.1353 train 0.0805 test 0.1593
epoch 108/200 loss 4.2641 train 0.0835 test 0.1499
epoch 109/200 loss 4.1639 train 0.0911 test 0.1519
epoch 109/200 loss 4.2187 train 0.0830 test 0.1355
epoch 109/200 loss 4.2048 train 0.0741 test 0.1278
epoch 110/200 loss 4.1194 train 0.1210 test 0.1395
epoch 110/200 loss 4.1793 train 0.0991 test 0.1526
epoch 110/200 loss 4.2154 train 0.0911 test 0.1573
epoch 111/200 loss 4.0701 train 0.0948 test 0.1583
epoch 111/200 loss 4.2028 train 0.0886 test 0.1227
epoch 111/200 loss 4.1698 train 0.1008 test 0.1355
epoch 112/200 loss 4.0870 train 0.0970 test 0.1441
epoch 112/200 loss 4.1596 train 0.0873 test 0.1471
epoch 112/200 loss 4.1955 train 0.0897 test 0.1480
epoch 113/200 loss 4.1029 train 0.1166 test 0.1509
epoch 113/200 loss 4.1257 train 0.0916 test 0.1310
epoch 113/200 loss 4.0941 train 0.0924 test 0.1570
epoch 114/200 loss 4.1640 train 0.0959 test 0.1593
epoch 114/200 loss 4.1415 train 0.1115 test 0.1669
epoch 114/200 loss 4.1497 train 0.0994 test 0.1362
epoch 115/200 loss 4.1342 train 0.0878 test 0.1656
epoch 115/200 loss 4.1489 train 0.0865 test 0.1706
epoch 115/200 loss 4.2086 train 0.0832 test 0.1661
epoch 116/200 loss 4.1423 train 0.0946 test 0.1716
epoch 116/200 loss 4.1179 train 0.0989 test 0.1655
epoch 116/200 loss 4.1014 train 0.0811 test 0.1347
epoch 117/200 loss 4.1203 train 0.0870 test 0.1578
epoch 117/200 loss 4.1533 train 0.0940 test 0.1729
epoch 117/200 loss 4.1450 train 0.0894 test 0.1364
epoch 118/200 loss 4.0965 train 0.1013 test 0.1751
epoch 118/200 loss 4.0987 train 0.0964 test 0.1708
epoch 118/200 loss 4.1137 train 0.1026 test 0.1576
epoch 119/200 loss 4.0539 train 0.1040 test 0.1707
epoch 119/200 loss 4.1019 train 0.1250 test 0.1768
epoch 119/200 loss 4.1677 train 0.1029 test 0.1456
epoch 120/200 loss 4.1047 train 0.1126 test 0.1701
epoch 120/200 loss 4.1785 train 0.1029 test 0.1739
epoch 120/200 loss 4.1492 train 0.0838 test 0.1606
epoch 121/200 loss 4.0649 train 0.1207 test 0.1543
epoch 121/200 loss 4.1527 train 0.1026 test 0.1865
epoch 121/200 loss 4.1229 train 0.0991 test 0.1507
epoch 122/200 loss 4.0662 train 0.1126 test 0.1719
epoch 122/200 loss 4.1363 train 0.1204 test 0.1709
epoch 122/200 loss 4.1128 train 0.1088 test 0.1802
epoch 123/200 loss 4.1410 train 0.1075 test 0.1835
epoch 123/200 loss 4.1027 train 0.1083 test 0.1578
epoch 123/200 loss 4.0760 train 0.0973 test 0.1777
epoch 124/200 loss 4.1084 train 0.0964 test 0.1934
epoch 124/200 loss 4.0754 train 0.1140 test 0.1840
epoch 124/200 loss 4.1049 train 0.0902 test 0.1625
epoch 125/200 loss 4.1398 train 0.1018 test 0.2011
epoch 125/200 loss 4.0869 train 0.1091 test 0.1819
epoch 125/200 loss 4.0507 train 0.1156 test 0.1858
epoch 126/200 loss 4.1113 train 0.0973 test 0.1981
epoch 126/200 loss 4.1102 train 0.1156 test 0.1725
epoch 126/200 loss 4.1002 train 0.1277 test 0.1849
epoch 127/200 loss 4.0684 train 0.0889 test 0.1880
epoch 127/200 loss 4.0487 train 0.1202 test 0.1450
epoch 127/200 loss 4.0680 train 0.1056 test 0.1991
epoch 128/200 loss 4.0753 train 0.1048 test 0.1527
epoch 128/200 loss 4.0332 train 0.1131 test 0.1879
epoch 128/200 loss 4.0478 train 0.1228 test 0.1673
epoch 129/200 loss 4.0106 train 0.1250 test 0.2018
epoch 129/200 loss 3.9967 train 0.1312 test 0.1764
epoch 129/200 loss 4.0526 train 0.1247 test 0.1528
epoch 130/200 loss 4.0248 train 0.0951 test 0.1980
epoch 130/200 loss 4.0818 train 0.1158 test 0.1886
epoch 130/200 loss 4.1132 train 0.1051 test 0.1754
epoch 131/200 loss 4.0219 train 0.1239 test 0.2017
epoch 131/200 loss 4.0392 train 0.1288 test 0.1912
epoch 131/200 loss 4.0940 train 0.0948 test 0.1722
epoch 132/200 loss 3.9726 train 0.1506 test 0.2104
epoch 132/200 loss 4.0147 train 0.1123 test 0.1581
epoch 132/200 loss 3.9893 train 0.1519 test 0.1991
epoch 133/200 loss 4.0482 train 0.1223 test 0.2056
epoch 133/200 loss 3.9785 train 0.1272 test 0.1887
epoch 133/200 loss 4.0163 train 0.1307 test 0.1972
epoch 134/200 loss 4.0101 train 0.1409 test 0.2006
epoch 134/200 loss 3.9123 train 0.1320 test 0.1787
epoch 134/200 loss 4.0286 train 0.1562 test 0.1910
epoch 135/200 loss 3.9763 train 0.1177 test 0.2043
epoch 135/200 loss 4.0445 train 0.1083 test 0.2189
epoch 135/200 loss 4.0756 train 0.1099 test 0.2048
epoch 136/200 loss 3.9392 train 0.1296 test 0.2001
epoch 136/200 loss 4.0640 train 0.1016 test 0.2015
epoch 136/200 loss 3.9915 train 0.1309 test 0.1918
epoch 137/200 loss 3.9541 train 0.1312 test 0.2050
epoch 137/200 loss 3.9188 train 0.1320 test 0.1925
epoch 137/200 loss 4.0073 train 0.1220 test 0.2104
epoch 138/200 loss 3.9282 train 0.1417 test 0.2198
epoch 138/200 loss 3.9749 train 0.1161 test 0.2012
epoch 138/200 loss 4.0165 train 0.1212 test 0.2172
epoch 139/200 loss 3.9328 train 0.1643 test 0.2158
epoch 139/200 loss 3.9505 train 0.1107 test 0.2061
epoch 139/200 loss 3.9847 train 0.1288 test 0.2056
epoch 140/200 loss 3.9065 train 0.1468 test 0.2187
epoch 140/200 loss 3.9662 train 0.1401 test 0.1921
epoch 140/200 loss 3.9979 train 0.1193 test 0.1794
epoch 141/200 loss 3.8714 train 0.1538 test 0.2133
epoch 141/200 loss 3.8664 train 0.1436 test 0.2134
epoch 141/200 loss 3.9882 train 0.1374 test 0.2159
epoch 142/200 loss 3.8577 train 0.1379 test 0.2194
epoch 142/200 loss 3.9064 train 0.1659 test 0.2273
epoch 142/200 loss 4.0048 train 0.0997 test 0.2028
epoch 143/200 loss 3.9909 train 0.1140 test 0.2210
epoch 143/200 loss 3.9259 train 0.1293 test 0.2132
epoch 143/200 loss 3.9829 train 0.1409 test 0.2186
epoch 144/200 loss 3.9296 train 0.1466 test 0.1844
epoch 144/200 loss 3.9779 train 0.1263 test 0.2388
epoch 144/200 loss 3.8577 train 0.1616 test 0.2086
epoch 145/200 loss 3.8386 train 0.1678 test 0.2304
epoch 145/200 loss 3.9611 train 0.1522 test 0.2292
epoch 145/200 loss 4.0090 train 0.1544 test 0.2278
epoch 146/200 loss 3.8773 train 0.1748 test 0.2359
epoch 146/200 loss 3.9163 train 0.1544 test 0.2208
epoch 146/200 loss 3.9893 train 0.1199 test 0.2279
epoch 147/200 loss 3.9187 train 0.1549 test 0.2392
epoch 147/200 loss 3.8293 train 0.1907 test 0.2284
epoch 147/200 loss 3.9397 train 0.1339 test 0.2292
epoch 148/200 loss 3.8573 train 0.1274 test 0.2419
epoch 148/200 loss 3.8555 train 0.1595 test 0.2214
epoch 148/200 loss 3.9046 train 0.1643 test 0.2348
epoch 149/200 loss 3.8621 train 0.1770 test 0.2329
epoch 149/200 loss 3.8389 train 0.1654 test 0.2340
epoch 149/200 loss 3.9096 train 0.1703 test 0.2316
epoch 150/200 loss 3.8263 train 0.1756 test 0.2423
epoch 150/200 loss 3.8994 train 0.1379 test 0.2420
epoch 150/200 loss 3.9207 train 0.1334 test 0.2317
epoch 151/200 loss 3.7782 train 0.2037 test 0.2298
epoch 151/200 loss 3.9243 train 0.1501 test 0.2385
epoch 151/200 loss 3.9483 train 0.1643 test 0.2204
epoch 152/200 loss 3.8324 train 0.1401 test 0.2416
epoch 152/200 loss 3.9098 train 0.1479 test 0.2354
epoch 152/200 loss 3.8314 train 0.1193 test 0.2329
epoch 153/200 loss 3.7938 train 0.1492 test 0.2472
epoch 153/200 loss 3.8550 train 0.1748 test 0.2395
epoch 153/200 loss 3.9264 train 0.1484 test 0.2432
epoch 154/200 loss 3.7621 train 0.1953 test 0.2557
epoch 154/200 loss 3.8444 train 0.1662 test 0.2456
epoch 154/200 loss 3.8651 train 0.1835 test 0.2279
epoch 155/200 loss 3.7967 train 0.1565 test 0.2307
epoch 155/200 loss 3.8318 train 0.1783 test 0.2464
epoch 155/200 loss 3.8804 train 0.1573 test 0.2591
epoch 156/200 loss 3.7619 train 0.1810 test 0.2339
epoch 156/200 loss 3.7566 train 0.1969 test 0.2309
epoch 156/200 loss 3.7772 train 0.1773 test 0.2269
epoch 157/200 loss 3.6376 train 0.1983 test 0.2502
epoch 157/200 loss 3.8521 train 0.1067 test 0.2603
epoch 157/200 loss 3.8629 train 0.1638 test 0.2372
epoch 158/200 loss 3.7648 train 0.1589 test 0.2579
epoch 158/200 loss 3.8682 train 0.1791 test 0.2520
epoch 158/200 loss 3.9047 train 0.1482 test 0.2429
epoch 159/200 loss 3.7839 train 0.1972 test 0.2470
epoch 159/200 loss 3.8507 train 0.1929 test 0.2490
epoch 159/200 loss 3.8258 train 0.1455 test 0.2452
epoch 160/200 loss 3.7538 train 0.1975 test 0.2537
epoch 160/200 loss 3.7304 train 0.1646 test 0.2677
epoch 160/200 loss 3.7997 train 0.1738 test 0.2448
epoch 161/200 loss 3.7235 train 0.1406 test 0.2524
epoch 161/200 loss 3.7590 train 0.2029 test 0.2620
epoch 161/200 loss 3.6860 train 0.1748 test 0.2496
epoch 162/200 loss 3.8210 train 0.2217 test 0.2694
epoch 162/200 loss 3.8603 train 0.1635 test 0.2495
epoch 162/200 loss 3.7597 train 0.1827 test 0.2316
epoch 163/200 loss 3.8130 train 0.2045 test 0.2449
epoch 163/200 loss 3.6624 train 0.1956 test 0.2634
epoch 163/200 loss 3.7511 train 0.1579 test 0.2740
epoch 164/200 loss 3.7113 train 0.1584 test 0.2817
epoch 164/200 loss 3.7183 train 0.1937 test 0.2712
epoch 164/200 loss 3.6889 train 0.1708 test 0.2687
epoch 165/200 loss 3.7095 train 0.1700 test 0.2769
epoch 165/200 loss 3.7592 train 0.1377 test 0.2652
epoch 165/200 loss 3.6669 train 0.2029 test 0.2685
epoch 166/200 loss 3.7306 train 0.1395 test 0.2750
epoch 166/200 loss 3.6992 train 0.1700 test 0.2514
epoch 166/200 loss 3.8163 train 0.1821 test 0.2687
epoch 167/200 loss 3.6816 train 0.1862 test 0.2867
epoch 167/200 loss 3.6947 train 0.2120 test 0.2762
epoch 167/200 loss 3.7227 train 0.2012 test 0.2597
epoch 168/200 loss 3.7761 train 0.1921 test 0.2861
epoch 168/200 loss 3.7963 train 0.1985 test 0.2816
epoch 168/200 loss 3.6532 train 0.1840 test 0.2642
epoch 169/200 loss 3.7131 train 0.1910 test 0.2870
epoch 169/200 loss 3.7627 train 0.1808 test 0.2838
epoch 169/200 loss 3.7968 train 0.1883 test 0.2596
epoch 170/200 loss 3.5413 train 0.1735 test 0.2958
epoch 170/200 loss 3.6146 train 0.2147 test 0.2874
epoch 170/200 loss 3.6735 train 0.2271 test 0.2714
epoch 171/200 loss 3.5309 train 0.2403 test 0.2847
epoch 171/200 loss 3.7233 train 0.1883 test 0.2821
epoch 171/200 loss 3.7464 train 0.2325 test 0.2768
epoch 172/200 loss 3.6848 train 0.2020 test 0.2943
epoch 172/200 loss 3.5466 train 0.2147 test 0.3005
epoch 172/200 loss 3.7048 train 0.1902 test 0.2716
epoch 173/200 loss 3.6346 train 0.1377 test 0.2792
epoch 173/200 loss 3.6096 train 0.2174 test 0.2920
epoch 173/200 loss 3.6209 train 0.2066 test 0.2841
epoch 174/200 loss 3.6037 train 0.2128 test 0.3012
epoch 174/200 loss 3.6920 train 0.2085 test 0.2861
epoch 174/200 loss 3.7356 train 0.1527 test 0.2793
epoch 175/200 loss 3.6580 train 0.1888 test 0.2986
epoch 175/200 loss 3.6144 train 0.2433 test 0.2980
epoch 175/200 loss 3.6147 train 0.2346 test 0.2855
epoch 176/200 loss 3.7404 train 0.2166 test 0.2940
epoch 176/200 loss 3.6973 train 0.2209 test 0.2955
epoch 176/200 loss 3.7966 train 0.1910 test 0.2905
epoch 177/200 loss 3.6256 train 0.2535 test 0.2950
epoch 177/200 loss 3.4659 train 0.2134 test 0.3050
epoch 177/200 loss 3.6212 train 0.1888 test 0.2815
epoch 178/200 loss 3.6161 train 0.2190 test 0.2999
epoch 178/200 loss 3.7374 train 0.2228 test 0.2926
epoch 178/200 loss 3.6329 train 0.1910 test 0.2913
epoch 179/200 loss 3.6133 train 0.2325 test 0.3009
epoch 179/200 loss 3.6161 train 0.2373 test 0.3035
epoch 179/200 loss 3.4703 train 0.3001 test 0.2941
epoch 180/200 loss 3.5629 train 0.2414 test 0.3037
epoch 180/200 loss 3.5466 train 0.2680 test 0.3049
epoch 180/200 loss 3.7102 train 0.1848 test 0.2838
epoch 181/200 loss 3.6496 train 0.2104 test 0.3057
epoch 181/200 loss 3.6349 train 0.1864 test 0.3040
epoch 181/200 loss 3.6310 train 0.2002 test 0.3009
epoch 182/200 loss 3.6449 train 0.2077 test 0.2988
epoch 182/200 loss 3.5293 train 0.2686 test 0.3104
epoch 182/200 loss 3.5809 train 0.2721 test 0.2970
epoch 183/200 loss 3.5911 train 0.2613 test 0.3086
epoch 183/200 loss 3.6074 train 0.2284 test 0.3068
epoch 183/200 loss 3.5809 train 0.2198 test 0.3001
epoch 184/200 loss 3.5544 train 0.2268 test 0.3072
epoch 184/200 loss 3.5763 train 0.2745 test 0.3013
epoch 184/200 loss 3.4770 train 0.2298 test 0.3096
epoch 185/200 loss 3.6800 train 0.2050 test 0.3055
epoch 185/200 loss 3.6281 train 0.2225 test 0.2994
epoch 185/200 loss 3.4785 train 0.3036 test 0.3114
epoch 186/200 loss 3.5223 train 0.2352 test 0.3089
epoch 186/200 loss 3.5296 train 0.2306 test 0.3008
epoch 186/200 loss 3.6324 train 0.2398 test 0.3058
epoch 187/200 loss 3.5979 train 0.1999 test 0.3101
epoch 187/200 loss 3.5682 train 0.2505 test 0.2998
epoch 187/200 loss 3.5274 train 0.2179 test 0.3131
epoch 188/200 loss 3.5720 train 0.2452 test 0.3133
epoch 188/200 loss 3.6431 train 0.1975 test 0.3007
epoch 188/200 loss 3.5514 train 0.2301 test 0.3138
epoch 189/200 loss 3.4778 train 0.2627 test 0.3141
epoch 189/200 loss 3.5398 train 0.1883 test 0.3015
epoch 189/200 loss 3.5967 train 0.2109 test 0.3122
epoch 190/200 loss 3.5148 train 0.2403 test 0.3121
epoch 190/200 loss 3.6044 train 0.2360 test 0.3034
epoch 190/200 loss 3.5360 train 0.2365 test 0.3114
epoch 191/200 loss 3.5529 train 0.2346 test 0.3124
epoch 191/200 loss 3.5344 train 0.2390 test 0.3076
epoch 191/200 loss 3.5409 train 0.2495 test 0.3124
epoch 192/200 loss 3.4814 train 0.3077 test 0.3130
epoch 192/200 loss 3.5332 train 0.2139 test 0.3081
epoch 192/200 loss 3.5040 train 0.2107 test 0.3161
epoch 193/200 loss 3.5263 train 0.2589 test 0.3152
epoch 193/200 loss 3.5722 train 0.2069 test 0.3061
epoch 193/200 loss 3.5544 train 0.2066 test 0.3139
epoch 194/200 loss 3.5045 train 0.2328 test 0.3133
epoch 194/200 loss 3.6853 train 0.1735 test 0.3044
epoch 194/200 loss 3.5387 train 0.1940 test 0.3198
epoch 195/200 loss 3.6229 train 0.2311 test 0.3114
epoch 195/200 loss 3.7229 train 0.1926 test 0.2993
epoch 195/200 loss 3.6330 train 0.2249 test 0.3174
epoch 196/200 loss 3.5572 train 0.2918 test 0.3120
epoch 196/200 loss 3.6468 train 0.2535 test 0.3070
epoch 196/200 loss 3.5407 train 0.1937 test 0.3126
epoch 197/200 loss 3.5127 train 0.2163 test 0.3146
epoch 197/200 loss 3.5770 train 0.2425 test 0.3063
epoch 197/200 loss 3.5040 train 0.2689 test 0.3202
epoch 198/200 loss 3.6413 train 0.1837 test 0.3123
epoch 198/200 loss 3.4847 train 0.2594 test 0.3060
epoch 198/200 loss 3.4445 train 0.2686 test 0.3190
epoch 199/200 loss 3.5285 train 0.2546 test 0.3153
epoch 199/200 loss 3.6134 train 0.2293 test 0.3039
epoch 199/200 loss 3.4825 train 0.2481 test 0.3179
epoch 200/200 loss 3.3560 train 0.2548 test 0.3182
done: final 0.3182 best 0.3182 -> ./runs/diagfuse_food_aug_5pct/seed0
epoch 200/200 loss 3.5124 train 0.2284 test 0.3073
done: final 0.3073 best 0.3081 -> ./runs/diagfuse_food_aug_5pct/seed2
epoch 200/200 loss 3.6390 train 0.2586 test 0.3155
done: final 0.3155 best 0.3202 -> ./runs/diagfuse_food_aug_5pct/seed1
--- diagfuse_food_prioraug_5pct seed0 2026-08-14T22:50:25+02:00
--- diagfuse_food_prioraug_5pct seed2 2026-08-14T22:50:25+02:00
--- diagfuse_food_prioraug_5pct seed1 2026-08-14T22:50:25+02:00
deit augmentation: randaug m9 + erasing .25 + mixup .8/cutmix 1.0 + label smoothing .1
moment-aux target calibrated on 1024 images
[diagfuse_food_prioraug_5pct seed2] {"params_trainable": 11222701, "params_stem_trainable": 0, "params_stem_fixed_filters": 0, "flops_total": 2226670080, "flops_stem": 0, "flops_image_size": 64}
deit augmentation: randaug m9 + erasing .25 + mixup .8/cutmix 1.0 + label smoothing .1
moment-aux target calibrated on 1024 images
[diagfuse_food_prioraug_5pct seed1] {"params_trainable": 11222701, "params_stem_trainable": 0, "params_stem_fixed_filters": 0, "flops_total": 2226670080, "flops_stem": 0, "flops_image_size": 64}
deit augmentation: randaug m9 + erasing .25 + mixup .8/cutmix 1.0 + label smoothing .1
moment-aux target calibrated on 1024 images
[diagfuse_food_prioraug_5pct seed0] {"params_trainable": 11222701, "params_stem_trainable": 0, "params_stem_fixed_filters": 0, "flops_total": 2226670080, "flops_stem": 0, "flops_image_size": 64}
epoch 1/200 loss 5.5836 train 0.0086 test 0.0122
epoch 1/200 loss 5.6162 train 0.0073 test 0.0147
epoch 1/200 loss 5.4362 train 0.0086 test 0.0126
epoch 2/200 loss 5.1253 train 0.0084 test 0.0152
epoch 2/200 loss 5.0553 train 0.0081 test 0.0137
epoch 2/200 loss 5.1509 train 0.0102 test 0.0173
epoch 3/200 loss 4.9512 train 0.0102 test 0.0192
epoch 3/200 loss 4.9179 train 0.0110 test 0.0146
epoch 3/200 loss 4.9228 train 0.0119 test 0.0168
epoch 4/200 loss 4.8529 train 0.0143 test 0.0277
epoch 4/200 loss 4.8286 train 0.0154 test 0.0229
epoch 4/200 loss 4.8803 train 0.0129 test 0.0230
epoch 5/200 loss 4.7803 train 0.0189 test 0.0376
epoch 5/200 loss 4.7828 train 0.0154 test 0.0300
epoch 5/200 loss 4.8285 train 0.0119 test 0.0291
epoch 6/200 loss 4.7613 train 0.0129 test 0.0286
epoch 6/200 loss 4.7514 train 0.0164 test 0.0322
epoch 6/200 loss 4.7583 train 0.0156 test 0.0360
epoch 7/200 loss 4.7465 train 0.0148 test 0.0409
epoch 7/200 loss 4.7737 train 0.0191 test 0.0411
epoch 7/200 loss 4.7647 train 0.0167 test 0.0430
epoch 8/200 loss 4.7377 train 0.0191 test 0.0425
epoch 8/200 loss 4.7273 train 0.0178 test 0.0392
epoch 8/200 loss 4.7003 train 0.0197 test 0.0415
epoch 9/200 loss 4.7091 train 0.0172 test 0.0385
epoch 9/200 loss 4.6958 train 0.0191 test 0.0448
epoch 9/200 loss 4.6951 train 0.0224 test 0.0407
epoch 10/200 loss 4.6749 train 0.0207 test 0.0515
epoch 10/200 loss 4.6865 train 0.0170 test 0.0529
epoch 10/200 loss 4.7380 train 0.0202 test 0.0437
epoch 11/200 loss 4.6916 train 0.0218 test 0.0516
epoch 11/200 loss 4.6955 train 0.0256 test 0.0400
epoch 11/200 loss 4.6889 train 0.0226 test 0.0506
epoch 12/200 loss 4.6567 train 0.0261 test 0.0609
epoch 12/200 loss 4.6771 train 0.0216 test 0.0548
epoch 12/200 loss 4.6549 train 0.0256 test 0.0560
epoch 13/200 loss 4.6199 train 0.0205 test 0.0586
epoch 13/200 loss 4.6391 train 0.0251 test 0.0541
epoch 13/200 loss 4.6569 train 0.0216 test 0.0536
epoch 14/200 loss 4.6338 train 0.0315 test 0.0411
epoch 14/200 loss 4.6370 train 0.0232 test 0.0625
epoch 14/200 loss 4.6225 train 0.0242 test 0.0577
epoch 15/200 loss 4.6054 train 0.0232 test 0.0630
epoch 15/200 loss 4.6128 train 0.0253 test 0.0525
epoch 15/200 loss 4.6273 train 0.0234 test 0.0642
epoch 16/200 loss 4.5952 train 0.0261 test 0.0665
epoch 16/200 loss 4.6458 train 0.0218 test 0.0528
epoch 16/200 loss 4.6254 train 0.0272 test 0.0644
epoch 17/200 loss 4.6271 train 0.0296 test 0.0561
epoch 17/200 loss 4.6408 train 0.0288 test 0.0615
epoch 17/200 loss 4.5989 train 0.0288 test 0.0659
epoch 18/200 loss 4.5946 train 0.0277 test 0.0655
epoch 18/200 loss 4.6301 train 0.0321 test 0.0442
epoch 18/200 loss 4.5660 train 0.0342 test 0.0537
epoch 19/200 loss 4.5732 train 0.0345 test 0.0647
epoch 19/200 loss 4.6029 train 0.0318 test 0.0682
epoch 19/200 loss 4.6146 train 0.0296 test 0.0669
epoch 20/200 loss 4.5996 train 0.0304 test 0.0674
epoch 20/200 loss 4.5766 train 0.0307 test 0.0642
epoch 20/200 loss 4.5620 train 0.0339 test 0.0638
epoch 21/200 loss 4.5903 train 0.0267 test 0.0748
epoch 21/200 loss 4.5764 train 0.0329 test 0.0745
epoch 21/200 loss 4.5563 train 0.0366 test 0.0669
epoch 22/200 loss 4.5597 train 0.0339 test 0.0663
epoch 22/200 loss 4.5648 train 0.0323 test 0.0679
epoch 22/200 loss 4.5560 train 0.0380 test 0.0704
epoch 23/200 loss 4.5639 train 0.0434 test 0.0624
epoch 23/200 loss 4.5590 train 0.0315 test 0.0587
epoch 23/200 loss 4.5279 train 0.0401 test 0.0699
epoch 24/200 loss 4.5504 train 0.0337 test 0.0601
epoch 24/200 loss 4.5447 train 0.0337 test 0.0508
epoch 24/200 loss 4.5323 train 0.0358 test 0.0617
epoch 25/200 loss 4.5351 train 0.0401 test 0.0584
epoch 25/200 loss 4.5093 train 0.0399 test 0.0674
epoch 25/200 loss 4.5558 train 0.0356 test 0.0608
epoch 26/200 loss 4.5722 train 0.0323 test 0.0676
epoch 26/200 loss 4.5386 train 0.0380 test 0.0726
epoch 26/200 loss 4.5331 train 0.0407 test 0.0754
epoch 27/200 loss 4.5183 train 0.0404 test 0.0568
epoch 27/200 loss 4.5089 train 0.0391 test 0.0790
epoch 27/200 loss 4.5317 train 0.0358 test 0.0691
epoch 28/200 loss 4.5533 train 0.0415 test 0.0561
epoch 28/200 loss 4.5170 train 0.0374 test 0.0737
epoch 28/200 loss 4.5399 train 0.0431 test 0.0766
epoch 29/200 loss 4.5224 train 0.0393 test 0.0874
epoch 29/200 loss 4.5193 train 0.0310 test 0.0736
epoch 29/200 loss 4.5159 train 0.0391 test 0.0850
epoch 30/200 loss 4.5351 train 0.0369 test 0.0827
epoch 30/200 loss 4.4997 train 0.0286 test 0.0795
epoch 30/200 loss 4.5188 train 0.0348 test 0.0765
epoch 31/200 loss 4.4950 train 0.0418 test 0.0604
epoch 31/200 loss 4.5262 train 0.0334 test 0.0686
epoch 31/200 loss 4.5147 train 0.0418 test 0.0565
epoch 32/200 loss 4.5095 train 0.0412 test 0.0698
epoch 32/200 loss 4.4842 train 0.0474 test 0.0690
epoch 32/200 loss 4.4846 train 0.0372 test 0.0874
epoch 33/200 loss 4.4769 train 0.0374 test 0.0849
epoch 33/200 loss 4.4887 train 0.0469 test 0.0902
epoch 33/200 loss 4.4778 train 0.0442 test 0.0821
epoch 34/200 loss 4.4516 train 0.0469 test 0.0740
epoch 34/200 loss 4.5055 train 0.0404 test 0.0833
epoch 34/200 loss 4.4677 train 0.0396 test 0.1000
epoch 35/200 loss 4.4561 train 0.0461 test 0.0852
epoch 35/200 loss 4.4868 train 0.0415 test 0.0871
epoch 35/200 loss 4.4548 train 0.0396 test 0.0817
epoch 36/200 loss 4.4659 train 0.0523 test 0.0913
epoch 36/200 loss 4.4591 train 0.0563 test 0.0756
epoch 36/200 loss 4.4876 train 0.0399 test 0.0907
epoch 37/200 loss 4.4800 train 0.0453 test 0.0830
epoch 37/200 loss 4.4526 train 0.0420 test 0.0595
epoch 37/200 loss 4.4637 train 0.0501 test 0.0868
epoch 38/200 loss 4.4422 train 0.0533 test 0.0841
epoch 38/200 loss 4.4442 train 0.0595 test 0.0694
epoch 38/200 loss 4.4861 train 0.0383 test 0.0938
epoch 39/200 loss 4.4536 train 0.0393 test 0.0933
epoch 39/200 loss 4.4595 train 0.0496 test 0.0990
epoch 39/200 loss 4.4672 train 0.0399 test 0.0941
epoch 40/200 loss 4.4670 train 0.0447 test 0.0915
epoch 40/200 loss 4.4219 train 0.0453 test 0.0762
epoch 40/200 loss 4.4458 train 0.0506 test 0.0912
epoch 41/200 loss 4.4600 train 0.0509 test 0.0999
epoch 41/200 loss 4.4380 train 0.0601 test 0.1033
epoch 41/200 loss 4.4242 train 0.0423 test 0.0949
epoch 42/200 loss 4.4465 train 0.0439 test 0.0955
epoch 42/200 loss 4.4429 train 0.0458 test 0.0994
epoch 42/200 loss 4.4814 train 0.0506 test 0.1139
epoch 43/200 loss 4.4172 train 0.0515 test 0.0859
epoch 43/200 loss 4.4059 train 0.0517 test 0.0670
epoch 43/200 loss 4.3966 train 0.0568 test 0.0787
epoch 44/200 loss 4.4500 train 0.0544 test 0.0742
epoch 44/200 loss 4.4059 train 0.0509 test 0.1044
epoch 44/200 loss 4.4288 train 0.0555 test 0.0503
epoch 45/200 loss 4.4096 train 0.0577 test 0.1058
epoch 45/200 loss 4.4235 train 0.0506 test 0.0794
epoch 45/200 loss 4.4113 train 0.0533 test 0.0969
epoch 46/200 loss 4.4330 train 0.0488 test 0.1066
epoch 46/200 loss 4.4840 train 0.0334 test 0.0845
epoch 46/200 loss 4.4293 train 0.0463 test 0.1006
epoch 47/200 loss 4.3949 train 0.0547 test 0.0942
epoch 47/200 loss 4.4381 train 0.0501 test 0.1147
epoch 47/200 loss 4.4080 train 0.0523 test 0.1053
epoch 48/200 loss 4.4201 train 0.0539 test 0.0903
epoch 48/200 loss 4.3889 train 0.0585 test 0.0650
epoch 48/200 loss 4.4021 train 0.0523 test 0.0804
epoch 49/200 loss 4.3844 train 0.0579 test 0.0870
epoch 49/200 loss 4.4349 train 0.0461 test 0.0928
epoch 49/200 loss 4.3806 train 0.0749 test 0.0701
epoch 50/200 loss 4.3673 train 0.0509 test 0.0999
epoch 50/200 loss 4.3940 train 0.0566 test 0.0932
epoch 50/200 loss 4.3704 train 0.0541 test 0.1150
epoch 51/200 loss 4.3888 train 0.0660 test 0.1062
epoch 51/200 loss 4.4063 train 0.0603 test 0.0841
epoch 51/200 loss 4.3943 train 0.0625 test 0.0971
epoch 52/200 loss 4.3671 train 0.0593 test 0.1104
epoch 52/200 loss 4.3686 train 0.0668 test 0.0731
epoch 52/200 loss 4.3440 train 0.0636 test 0.1093
epoch 53/200 loss 4.4084 train 0.0501 test 0.1004
epoch 53/200 loss 4.4063 train 0.0641 test 0.0999
epoch 53/200 loss 4.3876 train 0.0644 test 0.1153
epoch 54/200 loss 4.3083 train 0.0571 test 0.1068
epoch 54/200 loss 4.3837 train 0.0595 test 0.0980
epoch 54/200 loss 4.3526 train 0.0687 test 0.1088
epoch 55/200 loss 4.3666 train 0.0612 test 0.0957
epoch 55/200 loss 4.3253 train 0.0603 test 0.0698
epoch 55/200 loss 4.3623 train 0.0625 test 0.1062
epoch 56/200 loss 4.3436 train 0.0547 test 0.0930
epoch 56/200 loss 4.3342 train 0.0673 test 0.1147
epoch 56/200 loss 4.3420 train 0.0663 test 0.1103
epoch 57/200 loss 4.3252 train 0.0733 test 0.0954
epoch 57/200 loss 4.3397 train 0.0657 test 0.1179
epoch 57/200 loss 4.3853 train 0.0577 test 0.1120
epoch 58/200 loss 4.3413 train 0.0687 test 0.1185
epoch 58/200 loss 4.3513 train 0.0541 test 0.1028
epoch 58/200 loss 4.3287 train 0.0684 test 0.1122
epoch 59/200 loss 4.3091 train 0.0671 test 0.0899
epoch 59/200 loss 4.3351 train 0.0684 test 0.1120
epoch 59/200 loss 4.3656 train 0.0593 test 0.1004
epoch 60/200 loss 4.3801 train 0.0682 test 0.1069
epoch 60/200 loss 4.3142 train 0.0746 test 0.1207
epoch 60/200 loss 4.3135 train 0.0652 test 0.0988
epoch 61/200 loss 4.3605 train 0.0663 test 0.0901
epoch 61/200 loss 4.2982 train 0.0738 test 0.1116
epoch 61/200 loss 4.3392 train 0.0560 test 0.0773
epoch 62/200 loss 4.3840 train 0.0458 test 0.1184
epoch 62/200 loss 4.2905 train 0.0579 test 0.1286
epoch 62/200 loss 4.3247 train 0.0673 test 0.1290
epoch 63/200 loss 4.3281 train 0.0695 test 0.0982
epoch 63/200 loss 4.3164 train 0.0738 test 0.1312
epoch 63/200 loss 4.2721 train 0.0641 test 0.0906
epoch 64/200 loss 4.3612 train 0.0676 test 0.0844
epoch 64/200 loss 4.2899 train 0.0700 test 0.1421
epoch 64/200 loss 4.3063 train 0.0757 test 0.0854
epoch 65/200 loss 4.3624 train 0.0668 test 0.1013
epoch 65/200 loss 4.3019 train 0.0638 test 0.1307
epoch 65/200 loss 4.3478 train 0.0574 test 0.1232
epoch 66/200 loss 4.2894 train 0.0687 test 0.1173
epoch 66/200 loss 4.3102 train 0.0641 test 0.1125
epoch 66/200 loss 4.3433 train 0.0711 test 0.1133
epoch 67/200 loss 4.3135 train 0.0673 test 0.1021
epoch 67/200 loss 4.2571 train 0.0735 test 0.1344
epoch 67/200 loss 4.3484 train 0.0547 test 0.1320
epoch 68/200 loss 4.2579 train 0.0738 test 0.1276
epoch 68/200 loss 4.2714 train 0.0760 test 0.1302
epoch 68/200 loss 4.3138 train 0.0617 test 0.1091
epoch 69/200 loss 4.3026 train 0.0735 test 0.1475
epoch 69/200 loss 4.2652 train 0.0808 test 0.1458
epoch 69/200 loss 4.2239 train 0.0865 test 0.1086
epoch 70/200 loss 4.3137 train 0.0803 test 0.1260
epoch 70/200 loss 4.2444 train 0.0787 test 0.1397
epoch 70/200 loss 4.2478 train 0.0886 test 0.1229
epoch 71/200 loss 4.2358 train 0.0768 test 0.1229
epoch 71/200 loss 4.2618 train 0.1021 test 0.1230
epoch 71/200 loss 4.2825 train 0.0727 test 0.1557
epoch 72/200 loss 4.2836 train 0.0762 test 0.1341
epoch 72/200 loss 4.3027 train 0.0709 test 0.0890
epoch 72/200 loss 4.2713 train 0.0682 test 0.1392
epoch 73/200 loss 4.2538 train 0.0816 test 0.1299
epoch 73/200 loss 4.2633 train 0.0948 test 0.1304
epoch 73/200 loss 4.2238 train 0.0859 test 0.1321
epoch 74/200 loss 4.2478 train 0.0641 test 0.1313
epoch 74/200 loss 4.2759 train 0.0641 test 0.1429
epoch 74/200 loss 4.3031 train 0.0773 test 0.0963
epoch 75/200 loss 4.2299 train 0.0897 test 0.1636
epoch 75/200 loss 4.2546 train 0.0927 test 0.1527
epoch 75/200 loss 4.2737 train 0.0886 test 0.1432
epoch 76/200 loss 4.2737 train 0.0679 test 0.1276
epoch 76/200 loss 4.2597 train 0.0614 test 0.1383
epoch 76/200 loss 4.1912 train 0.0698 test 0.1414
epoch 77/200 loss 4.2534 train 0.0927 test 0.1423
epoch 77/200 loss 4.2408 train 0.0857 test 0.1264
epoch 77/200 loss 4.2821 train 0.0682 test 0.1437
epoch 78/200 loss 4.2568 train 0.0846 test 0.1184
epoch 78/200 loss 4.2355 train 0.0730 test 0.1484
epoch 78/200 loss 4.2301 train 0.0695 test 0.1261
epoch 79/200 loss 4.2579 train 0.0770 test 0.1328
epoch 79/200 loss 4.2398 train 0.0725 test 0.0956
epoch 79/200 loss 4.2397 train 0.0816 test 0.1289
epoch 80/200 loss 4.2555 train 0.0816 test 0.1187
epoch 80/200 loss 4.2615 train 0.0792 test 0.1276
epoch 80/200 loss 4.2334 train 0.0832 test 0.0959
epoch 81/200 loss 4.2634 train 0.0768 test 0.1297
epoch 81/200 loss 4.1627 train 0.0916 test 0.1198
epoch 81/200 loss 4.2663 train 0.0819 test 0.1526
epoch 82/200 loss 4.2042 train 0.0886 test 0.1313
epoch 82/200 loss 4.1704 train 0.0889 test 0.1221
epoch 82/200 loss 4.1978 train 0.1064 test 0.1125
epoch 83/200 loss 4.1862 train 0.0827 test 0.1248
epoch 83/200 loss 4.1798 train 0.0832 test 0.1454
epoch 83/200 loss 4.1936 train 0.1037 test 0.1576
epoch 84/200 loss 4.2336 train 0.0835 test 0.1231
epoch 84/200 loss 4.1696 train 0.0849 test 0.1248
epoch 84/200 loss 4.1963 train 0.0865 test 0.1451
epoch 85/200 loss 4.2424 train 0.0784 test 0.1562
epoch 85/200 loss 4.2049 train 0.0760 test 0.1450
epoch 85/200 loss 4.1455 train 0.1096 test 0.1297
epoch 86/200 loss 4.2367 train 0.0867 test 0.1345
epoch 86/200 loss 4.1405 train 0.0884 test 0.1048
epoch 86/200 loss 4.2356 train 0.0867 test 0.1074
epoch 87/200 loss 4.1018 train 0.0983 test 0.1440
epoch 87/200 loss 4.1164 train 0.1080 test 0.1423
epoch 87/200 loss 4.2084 train 0.0665 test 0.1412
epoch 88/200 loss 4.1635 train 0.0835 test 0.1425
epoch 88/200 loss 4.1392 train 0.1145 test 0.1726
epoch 88/200 loss 4.1572 train 0.0916 test 0.1621
epoch 89/200 loss 4.2224 train 0.1008 test 0.1555
epoch 89/200 loss 4.1781 train 0.0873 test 0.1369
epoch 89/200 loss 4.1619 train 0.1029 test 0.1741
epoch 90/200 loss 4.1433 train 0.0924 test 0.1636
epoch 90/200 loss 4.0788 train 0.1153 test 0.1608
epoch 90/200 loss 4.2498 train 0.0951 test 0.1398
epoch 91/200 loss 4.1570 train 0.1134 test 0.1569
epoch 91/200 loss 4.1070 train 0.1070 test 0.1816
epoch 91/200 loss 4.1690 train 0.1134 test 0.1537
epoch 92/200 loss 4.2054 train 0.0857 test 0.1427
epoch 92/200 loss 4.1523 train 0.0913 test 0.1486
epoch 92/200 loss 4.1400 train 0.1131 test 0.1640
epoch 93/200 loss 4.1495 train 0.1134 test 0.1546
epoch 93/200 loss 4.1326 train 0.0975 test 0.1316
epoch 93/200 loss 4.1992 train 0.0867 test 0.1638
epoch 94/200 loss 4.1606 train 0.1010 test 0.1309
epoch 94/200 loss 4.1380 train 0.1096 test 0.1773
epoch 94/200 loss 4.1729 train 0.0983 test 0.1512
epoch 95/200 loss 4.1572 train 0.0948 test 0.1012
epoch 95/200 loss 4.2222 train 0.0919 test 0.1562
epoch 95/200 loss 4.1653 train 0.0843 test 0.1541
epoch 96/200 loss 4.1198 train 0.1180 test 0.1751
epoch 96/200 loss 4.1480 train 0.1013 test 0.1696
epoch 96/200 loss 4.1024 train 0.1032 test 0.1591
epoch 97/200 loss 4.1502 train 0.0978 test 0.1671
epoch 97/200 loss 4.1670 train 0.1024 test 0.1638
epoch 97/200 loss 4.0866 train 0.1412 test 0.1352
epoch 98/200 loss 4.0820 train 0.1102 test 0.1432
epoch 98/200 loss 4.0903 train 0.0999 test 0.1924
epoch 98/200 loss 4.1461 train 0.0954 test 0.1764
epoch 99/200 loss 4.1516 train 0.1040 test 0.1645
epoch 99/200 loss 4.1080 train 0.1067 test 0.2044
epoch 99/200 loss 4.1014 train 0.1086 test 0.1762
epoch 100/200 loss 4.1053 train 0.1188 test 0.1578
epoch 100/200 loss 4.1465 train 0.1137 test 0.1633
epoch 100/200 loss 4.1835 train 0.0867 test 0.1199
epoch 101/200 loss 4.0066 train 0.1285 test 0.1451
epoch 101/200 loss 4.0747 train 0.1307 test 0.1421
epoch 101/200 loss 4.0801 train 0.1250 test 0.1722
epoch 102/200 loss 4.0915 train 0.0921 test 0.1554
epoch 102/200 loss 4.1082 train 0.1148 test 0.1576
epoch 102/200 loss 4.0980 train 0.0959 test 0.1537
epoch 103/200 loss 4.0136 train 0.1121 test 0.1416
epoch 103/200 loss 4.0301 train 0.1339 test 0.1794
epoch 103/200 loss 4.0067 train 0.1242 test 0.1410
epoch 104/200 loss 4.0488 train 0.1358 test 0.1841
epoch 104/200 loss 4.0845 train 0.1102 test 0.1801
epoch 104/200 loss 4.1041 train 0.1228 test 0.2022
epoch 105/200 loss 4.0346 train 0.1158 test 0.1491
epoch 105/200 loss 4.0785 train 0.1091 test 0.1698
epoch 105/200 loss 4.0298 train 0.1153 test 0.1885
epoch 106/200 loss 3.9677 train 0.1495 test 0.1872
epoch 106/200 loss 4.0776 train 0.1126 test 0.1577
epoch 106/200 loss 4.0571 train 0.1406 test 0.1448
epoch 107/200 loss 3.9499 train 0.1188 test 0.1727
epoch 107/200 loss 4.0499 train 0.1088 test 0.1487
epoch 107/200 loss 3.9961 train 0.1070 test 0.1845
epoch 108/200 loss 4.0054 train 0.1247 test 0.1629
epoch 108/200 loss 4.1388 train 0.1102 test 0.1701
epoch 108/200 loss 3.9704 train 0.1129 test 0.1751
epoch 109/200 loss 4.0193 train 0.1258 test 0.1956
epoch 109/200 loss 4.0525 train 0.1110 test 0.1853
epoch 109/200 loss 4.0849 train 0.1202 test 0.1856
epoch 110/200 loss 3.9748 train 0.1635 test 0.1861
epoch 110/200 loss 4.0324 train 0.1452 test 0.1962
epoch 110/200 loss 4.0828 train 0.1223 test 0.1960
epoch 111/200 loss 4.0680 train 0.1274 test 0.1467
epoch 111/200 loss 3.8928 train 0.1296 test 0.2090
epoch 111/200 loss 4.0178 train 0.1393 test 0.1776
epoch 112/200 loss 3.9271 train 0.1293 test 0.1796
epoch 112/200 loss 4.0111 train 0.1258 test 0.1837
epoch 112/200 loss 4.0409 train 0.1263 test 0.1667
epoch 113/200 loss 3.9312 train 0.1245 test 0.1636
epoch 113/200 loss 3.9437 train 0.1557 test 0.1865
epoch 113/200 loss 3.9685 train 0.1175 test 0.1661
epoch 114/200 loss 4.0173 train 0.1274 test 0.1972
epoch 114/200 loss 4.0382 train 0.1202 test 0.2205
epoch 114/200 loss 3.9830 train 0.1444 test 0.2063
epoch 115/200 loss 3.9880 train 0.1231 test 0.2170
epoch 115/200 loss 4.0887 train 0.1166 test 0.2030
epoch 115/200 loss 3.9922 train 0.1223 test 0.2063
epoch 116/200 loss 3.9272 train 0.1210 test 0.1924
epoch 116/200 loss 4.0025 train 0.1307 test 0.2027
epoch 116/200 loss 3.9399 train 0.1398 test 0.2111
epoch 117/200 loss 3.9789 train 0.1280 test 0.1688
epoch 117/200 loss 3.9725 train 0.1220 test 0.1619
epoch 117/200 loss 3.9832 train 0.1430 test 0.1975
epoch 118/200 loss 3.9331 train 0.1325 test 0.2145
epoch 118/200 loss 3.9722 train 0.1371 test 0.2070
epoch 118/200 loss 3.9298 train 0.1350 test 0.1783
epoch 119/200 loss 3.8854 train 0.1374 test 0.2053
epoch 119/200 loss 4.0172 train 0.1439 test 0.2009
epoch 119/200 loss 3.9424 train 0.1676 test 0.2051
epoch 120/200 loss 3.9570 train 0.1544 test 0.2229
epoch 120/200 loss 3.9926 train 0.1169 test 0.2031
epoch 120/200 loss 4.0285 train 0.1420 test 0.2088
epoch 121/200 loss 3.9176 train 0.1592 test 0.2240
epoch 121/200 loss 4.0119 train 0.1441 test 0.2018
epoch 121/200 loss 3.9713 train 0.1255 test 0.2233
epoch 122/200 loss 3.9050 train 0.1638 test 0.2034
epoch 122/200 loss 3.9546 train 0.1506 test 0.2172
epoch 122/200 loss 3.9753 train 0.1767 test 0.2258
epoch 123/200 loss 4.0071 train 0.1452 test 0.2337
epoch 123/200 loss 3.9313 train 0.1441 test 0.2119
epoch 123/200 loss 3.8938 train 0.1444 test 0.2288
epoch 124/200 loss 3.9483 train 0.1325 test 0.2228
epoch 124/200 loss 3.9127 train 0.1490 test 0.2156
epoch 124/200 loss 3.9184 train 0.1325 test 0.2269
epoch 125/200 loss 4.0114 train 0.1404 test 0.2485
epoch 125/200 loss 3.8384 train 0.1689 test 0.2325
epoch 125/200 loss 3.9156 train 0.1530 test 0.2315
epoch 126/200 loss 3.9642 train 0.1336 test 0.2193
epoch 126/200 loss 3.9563 train 0.1495 test 0.2171
epoch 126/200 loss 3.9469 train 0.1765 test 0.2307
epoch 127/200 loss 3.8964 train 0.1134 test 0.2202
epoch 127/200 loss 3.8665 train 0.1560 test 0.1948
epoch 127/200 loss 3.8982 train 0.1460 test 0.2536
epoch 128/200 loss 3.9336 train 0.1334 test 0.2206
epoch 128/200 loss 3.8830 train 0.1783 test 0.2156
epoch 128/200 loss 3.8687 train 0.1533 test 0.2618
epoch 129/200 loss 3.7907 train 0.1899 test 0.2155
epoch 129/200 loss 3.8381 train 0.1544 test 0.2245
epoch 129/200 loss 3.8821 train 0.1708 test 0.1922
epoch 130/200 loss 3.9028 train 0.1573 test 0.2220
epoch 130/200 loss 3.9225 train 0.1614 test 0.2354
epoch 130/200 loss 3.8672 train 0.1266 test 0.2318
epoch 131/200 loss 3.9087 train 0.1245 test 0.2496
epoch 131/200 loss 3.8579 train 0.1786 test 0.2600
epoch 131/200 loss 3.8477 train 0.1651 test 0.2309
epoch 132/200 loss 3.8096 train 0.1511 test 0.1941
epoch 132/200 loss 3.7803 train 0.2093 test 0.2502
epoch 132/200 loss 3.7942 train 0.1827 test 0.2543
epoch 133/200 loss 3.8278 train 0.1724 test 0.2268
epoch 133/200 loss 3.8810 train 0.1571 test 0.2326
epoch 133/200 loss 3.7676 train 0.1719 test 0.2467
epoch 134/200 loss 3.6996 train 0.1751 test 0.2571
epoch 134/200 loss 3.8638 train 0.2039 test 0.2083
epoch 134/200 loss 3.8633 train 0.1864 test 0.2334
epoch 135/200 loss 3.9291 train 0.1501 test 0.2587
epoch 135/200 loss 3.7870 train 0.1546 test 0.2062
epoch 135/200 loss 3.8581 train 0.1541 test 0.2680
epoch 136/200 loss 3.7657 train 0.1713 test 0.2572
epoch 136/200 loss 3.9004 train 0.1298 test 0.2374
epoch 136/200 loss 3.7884 train 0.1789 test 0.2408
epoch 137/200 loss 3.8339 train 0.1721 test 0.2659
epoch 137/200 loss 3.6954 train 0.1864 test 0.2636
epoch 137/200 loss 3.7852 train 0.1730 test 0.2609
epoch 138/200 loss 3.7753 train 0.1573 test 0.2758
epoch 138/200 loss 3.8436 train 0.1554 test 0.2487
epoch 138/200 loss 3.7562 train 0.1848 test 0.2512
epoch 139/200 loss 3.7810 train 0.1994 test 0.2532
epoch 139/200 loss 3.7534 train 0.1449 test 0.2576
epoch 139/200 loss 3.7989 train 0.1738 test 0.2147
epoch 140/200 loss 3.7124 train 0.1961 test 0.2375
epoch 140/200 loss 3.7841 train 0.1988 test 0.2134
epoch 140/200 loss 3.8238 train 0.1557 test 0.2504
epoch 141/200 loss 3.6298 train 0.1851 test 0.2388
epoch 141/200 loss 3.6920 train 0.1964 test 0.2242
epoch 141/200 loss 3.7889 train 0.1926 test 0.2609
epoch 142/200 loss 3.7137 train 0.2171 test 0.2709
epoch 142/200 loss 3.8412 train 0.1304 test 0.2631
epoch 142/200 loss 3.6647 train 0.1840 test 0.2297
epoch 143/200 loss 3.7193 train 0.1845 test 0.2053
epoch 143/200 loss 3.7742 train 0.1907 test 0.2514
epoch 143/200 loss 3.8418 train 0.1439 test 0.2625
epoch 144/200 loss 3.7686 train 0.1692 test 0.2613
epoch 144/200 loss 3.6422 train 0.2171 test 0.2591
epoch 144/200 loss 3.7567 train 0.2007 test 0.2490
epoch 145/200 loss 3.8294 train 0.2026 test 0.2705
epoch 145/200 loss 3.7630 train 0.2042 test 0.2792
epoch 145/200 loss 3.6436 train 0.2188 test 0.2648
epoch 146/200 loss 3.7952 train 0.1554 test 0.2794
epoch 146/200 loss 3.7199 train 0.2096 test 0.2750
epoch 146/200 loss 3.7018 train 0.2274 test 0.2763
epoch 147/200 loss 3.7453 train 0.1915 test 0.2851
epoch 147/200 loss 3.6241 train 0.2608 test 0.2641
epoch 147/200 loss 3.7210 train 0.2050 test 0.2752
epoch 148/200 loss 3.6996 train 0.2169 test 0.2784
epoch 148/200 loss 3.6402 train 0.2091 test 0.2496
epoch 148/200 loss 3.6708 train 0.1511 test 0.2697
epoch 149/200 loss 3.6991 train 0.2293 test 0.2695
epoch 149/200 loss 3.7006 train 0.2317 test 0.2855
epoch 149/200 loss 3.6319 train 0.2193 test 0.2893
epoch 150/200 loss 3.6223 train 0.2330 test 0.2893
epoch 150/200 loss 3.7367 train 0.1732 test 0.2829
epoch 150/200 loss 3.7023 train 0.1856 test 0.2937
epoch 151/200 loss 3.7258 train 0.2010 test 0.2912
epoch 151/200 loss 3.5556 train 0.2672 test 0.2828
epoch 151/200 loss 3.7627 train 0.2136 test 0.2810
epoch 152/200 loss 3.7170 train 0.1961 test 0.2708
epoch 152/200 loss 3.6223 train 0.1862 test 0.3015
epoch 152/200 loss 3.5924 train 0.1554 test 0.2847
epoch 153/200 loss 3.6409 train 0.2376 test 0.2732
epoch 153/200 loss 3.5969 train 0.1988 test 0.2722
epoch 153/200 loss 3.7229 train 0.2034 test 0.2821
epoch 154/200 loss 3.6520 train 0.2373 test 0.2929
epoch 154/200 loss 3.6531 train 0.2128 test 0.3104
epoch 154/200 loss 3.5657 train 0.2575 test 0.2903
epoch 155/200 loss 3.6130 train 0.1972 test 0.2991
epoch 155/200 loss 3.6207 train 0.2193 test 0.2978
epoch 155/200 loss 3.6595 train 0.2244 test 0.2999
epoch 156/200 loss 3.5755 train 0.2228 test 0.2836
epoch 156/200 loss 3.5165 train 0.2619 test 0.2936
epoch 156/200 loss 3.5396 train 0.2311 test 0.2834
epoch 157/200 loss 3.4132 train 0.2548 test 0.2911
epoch 157/200 loss 3.6551 train 0.2179 test 0.3005
epoch 157/200 loss 3.6152 train 0.1460 test 0.2990
epoch 158/200 loss 3.5836 train 0.1985 test 0.2896
epoch 158/200 loss 3.7071 train 0.1929 test 0.2950
epoch 158/200 loss 3.6553 train 0.2489 test 0.2846
epoch 159/200 loss 3.6096 train 0.2392 test 0.2973
epoch 159/200 loss 3.6487 train 0.2460 test 0.3145
epoch 159/200 loss 3.5977 train 0.2069 test 0.3072
epoch 160/200 loss 3.5577 train 0.2581 test 0.2703
epoch 160/200 loss 3.5103 train 0.2061 test 0.3198
epoch 160/200 loss 3.5561 train 0.2390 test 0.3139
epoch 161/200 loss 3.5229 train 0.1713 test 0.3067
epoch 161/200 loss 3.4329 train 0.2263 test 0.2921
epoch 161/200 loss 3.5395 train 0.2662 test 0.3164
epoch 162/200 loss 3.5220 train 0.2478 test 0.2937
epoch 162/200 loss 3.6621 train 0.2783 test 0.3112
epoch 162/200 loss 3.6556 train 0.2058 test 0.3047
epoch 163/200 loss 3.6281 train 0.2586 test 0.3065
epoch 163/200 loss 3.5301 train 0.2112 test 0.3190
epoch 163/200 loss 3.4251 train 0.2470 test 0.3187
epoch 164/200 loss 3.4482 train 0.2255 test 0.3161
epoch 164/200 loss 3.5173 train 0.2012 test 0.3155
epoch 164/200 loss 3.4962 train 0.2425 test 0.3236
epoch 165/200 loss 3.4205 train 0.2670 test 0.3175
epoch 165/200 loss 3.5013 train 0.2177 test 0.3185
epoch 165/200 loss 3.5546 train 0.1932 test 0.3171
epoch 166/200 loss 3.5396 train 0.1845 test 0.3200
epoch 166/200 loss 3.6055 train 0.2266 test 0.3072
epoch 166/200 loss 3.4828 train 0.2290 test 0.3089
epoch 167/200 loss 3.4686 train 0.2524 test 0.3255
epoch 167/200 loss 3.5043 train 0.2664 test 0.3253
epoch 167/200 loss 3.4893 train 0.2683 test 0.3292
epoch 168/200 loss 3.3962 train 0.2454 test 0.3334
epoch 168/200 loss 3.5833 train 0.2454 test 0.3199
epoch 168/200 loss 3.5796 train 0.2460 test 0.3145
epoch 169/200 loss 3.5910 train 0.2454 test 0.3135
epoch 169/200 loss 3.5265 train 0.2325 test 0.3225
epoch 169/200 loss 3.5554 train 0.2452 test 0.3207
epoch 170/200 loss 3.3274 train 0.2163 test 0.3349
epoch 170/200 loss 3.4320 train 0.3047 test 0.3351
epoch 170/200 loss 3.3595 train 0.2761 test 0.3334
epoch 171/200 loss 3.5391 train 0.2909 test 0.3122
epoch 171/200 loss 3.3092 train 0.2907 test 0.3350
epoch 171/200 loss 3.5052 train 0.2341 test 0.3363
epoch 172/200 loss 3.4756 train 0.2465 test 0.3185
epoch 172/200 loss 3.4798 train 0.2368 test 0.3190
epoch 172/200 loss 3.3000 train 0.2707 test 0.3295
epoch 173/200 loss 3.3807 train 0.2608 test 0.3307
epoch 173/200 loss 3.4314 train 0.1781 test 0.3264
epoch 173/200 loss 3.3737 train 0.2721 test 0.3304
epoch 174/200 loss 3.5100 train 0.2026 test 0.3349
epoch 174/200 loss 3.4062 train 0.2530 test 0.3393
epoch 174/200 loss 3.4873 train 0.2675 test 0.3312
epoch 175/200 loss 3.3800 train 0.3020 test 0.3274
epoch 175/200 loss 3.4713 train 0.2239 test 0.3317
epoch 175/200 loss 3.3721 train 0.3050 test 0.3412
epoch 176/200 loss 3.5827 train 0.2489 test 0.3359
epoch 176/200 loss 3.5480 train 0.2675 test 0.3455
epoch 176/200 loss 3.4790 train 0.2858 test 0.3316
epoch 177/200 loss 3.3714 train 0.2398 test 0.3388
epoch 177/200 loss 3.4180 train 0.3184 test 0.3322
epoch 177/200 loss 3.2042 train 0.2745 test 0.3479
epoch 178/200 loss 3.3943 train 0.2516 test 0.3446
epoch 178/200 loss 3.4365 train 0.2734 test 0.3330
epoch 178/200 loss 3.5464 train 0.2845 test 0.3437
epoch 179/200 loss 3.1978 train 0.3772 test 0.3503
epoch 179/200 loss 3.4244 train 0.2923 test 0.3436
epoch 179/200 loss 3.3859 train 0.2945 test 0.3415
epoch 180/200 loss 3.3445 train 0.2971 test 0.3444
epoch 180/200 loss 3.4787 train 0.2416 test 0.3266
epoch 180/200 loss 3.3053 train 0.3429 test 0.3453
epoch 181/200 loss 3.4625 train 0.2640 test 0.3411
epoch 181/200 loss 3.4068 train 0.2481 test 0.3484
epoch 181/200 loss 3.4217 train 0.2360 test 0.3425
epoch 182/200 loss 3.4628 train 0.2328 test 0.3467
epoch 182/200 loss 3.3378 train 0.3411 test 0.3507
epoch 182/200 loss 3.2883 train 0.3260 test 0.3510
epoch 183/200 loss 3.3893 train 0.3246 test 0.3508
epoch 183/200 loss 3.3438 train 0.2786 test 0.3490
epoch 183/200 loss 3.4012 train 0.2767 test 0.3488
epoch 184/200 loss 3.3435 train 0.2788 test 0.3458
epoch 184/200 loss 3.2400 train 0.3006 test 0.3530
epoch 184/200 loss 3.3383 train 0.3456 test 0.3540
epoch 185/200 loss 3.5006 train 0.2632 test 0.3442
epoch 185/200 loss 3.4043 train 0.2737 test 0.3518
epoch 185/200 loss 3.2381 train 0.3914 test 0.3518
epoch 186/200 loss 3.3279 train 0.2880 test 0.3493
epoch 186/200 loss 3.2800 train 0.2815 test 0.3537
epoch 186/200 loss 3.4161 train 0.2988 test 0.3433
epoch 187/200 loss 3.3996 train 0.2500 test 0.3522
epoch 187/200 loss 3.3315 train 0.3173 test 0.3558
epoch 187/200 loss 3.2947 train 0.2724 test 0.3549
epoch 188/200 loss 3.3761 train 0.2896 test 0.3484
epoch 188/200 loss 3.4206 train 0.2505 test 0.3562
epoch 188/200 loss 3.3202 train 0.2826 test 0.3530
epoch 189/200 loss 3.2768 train 0.3244 test 0.3546
epoch 189/200 loss 3.2899 train 0.2411 test 0.3581
epoch 189/200 loss 3.3876 train 0.2675 test 0.3501
epoch 190/200 loss 3.3222 train 0.3052 test 0.3529
epoch 190/200 loss 3.3761 train 0.3020 test 0.3568
epoch 190/200 loss 3.3193 train 0.2942 test 0.3512
epoch 191/200 loss 3.3632 train 0.2823 test 0.3520
epoch 191/200 loss 3.2968 train 0.3058 test 0.3602
epoch 191/200 loss 3.3225 train 0.3033 test 0.3505
epoch 192/200 loss 3.2719 train 0.3720 test 0.3538
epoch 192/200 loss 3.2882 train 0.2594 test 0.3526
epoch 192/200 loss 3.3010 train 0.2737 test 0.3611
epoch 193/200 loss 3.3240 train 0.3173 test 0.3550
epoch 193/200 loss 3.3338 train 0.2656 test 0.3573
epoch 193/200 loss 3.3174 train 0.2616 test 0.3497
epoch 194/200 loss 3.2946 train 0.2812 test 0.3556
epoch 194/200 loss 3.3257 train 0.2355 test 0.3583
epoch 194/200 loss 3.4643 train 0.2185 test 0.3573
epoch 195/200 loss 3.4413 train 0.2831 test 0.3528
epoch 195/200 loss 3.4431 train 0.2842 test 0.3550
epoch 195/200 loss 3.5388 train 0.2293 test 0.3494
epoch 196/200 loss 3.3590 train 0.3540 test 0.3497
epoch 196/200 loss 3.4123 train 0.3195 test 0.3585
epoch 196/200 loss 3.3096 train 0.2392 test 0.3512
epoch 197/200 loss 3.3016 train 0.2602 test 0.3554
epoch 197/200 loss 3.2949 train 0.3370 test 0.3573
epoch 197/200 loss 3.3528 train 0.3039 test 0.3580
epoch 198/200 loss 3.4619 train 0.2209 test 0.3507
epoch 198/200 loss 3.2117 train 0.3341 test 0.3573
epoch 198/200 loss 3.2287 train 0.3249 test 0.3591
epoch 199/200 loss 3.3307 train 0.3133 test 0.3568
epoch 199/200 loss 3.2439 train 0.3063 test 0.3547
epoch 199/200 loss 3.3945 train 0.2874 test 0.3559
epoch 200/200 loss 3.2754 train 0.2877 test 0.3595
done: final 0.3595 best 0.3611 -> ./runs/diagfuse_food_prioraug_5pct/seed2
epoch 200/200 loss 3.4388 train 0.3260 test 0.3530
done: final 0.3530 best 0.3583 -> ./runs/diagfuse_food_prioraug_5pct/seed1
epoch 200/200 loss 3.1273 train 0.3074 test 0.3582
done: final 0.3582 best 0.3582 -> ./runs/diagfuse_food_prioraug_5pct/seed0
--- diagfuse_food_priorssl_5pct seed0 2026-08-15T00:41:19+02:00
--- diagfuse_food_priorssl_5pct seed2 2026-08-15T00:41:19+02:00
--- diagfuse_food_priorssl_5pct seed1 2026-08-15T00:41:19+02:00
init_from runs/simclr_pre_food101_5pct/seed1/pretrain.pt: 120 tensors, 8 left at fresh init
moment-aux target calibrated on 1024 images
[diagfuse_food_priorssl_5pct seed1] {"params_trainable": 11222701, "params_stem_trainable": 0, "params_stem_fixed_filters": 0, "flops_total": 2226670080, "flops_stem": 0, "flops_image_size": 64}
init_from runs/simclr_pre_food101_5pct/seed2/pretrain.pt: 120 tensors, 8 left at fresh init
moment-aux target calibrated on 1024 images
[diagfuse_food_priorssl_5pct seed2] {"params_trainable": 11222701, "params_stem_trainable": 0, "params_stem_fixed_filters": 0, "flops_total": 2226670080, "flops_stem": 0, "flops_image_size": 64}
init_from runs/simclr_pre_food101_5pct/seed0/pretrain.pt: 120 tensors, 8 left at fresh init
moment-aux target calibrated on 1024 images
[diagfuse_food_priorssl_5pct seed0] {"params_trainable": 11222701, "params_stem_trainable": 0, "params_stem_fixed_filters": 0, "flops_total": 2226670080, "flops_stem": 0, "flops_image_size": 64}
epoch 1/200 loss 5.0849 train 0.0210 test 0.0387
epoch 1/200 loss 5.0819 train 0.0242 test 0.0419
epoch 1/200 loss 5.1010 train 0.0291 test 0.0434
epoch 2/200 loss 4.4880 train 0.0735 test 0.0758
epoch 2/200 loss 4.4640 train 0.0582 test 0.0667
epoch 2/200 loss 4.5002 train 0.0700 test 0.0779
epoch 3/200 loss 4.1604 train 0.1013 test 0.1138
epoch 3/200 loss 4.1604 train 0.1005 test 0.1088
epoch 3/200 loss 4.1609 train 0.0870 test 0.1042
epoch 4/200 loss 3.8364 train 0.1463 test 0.1256
epoch 4/200 loss 3.8185 train 0.1511 test 0.1162
epoch 4/200 loss 3.8918 train 0.1202 test 0.1030
epoch 5/200 loss 3.6099 train 0.1756 test 0.1292
epoch 5/200 loss 3.6870 train 0.1525 test 0.1306
epoch 5/200 loss 3.5627 train 0.1765 test 0.1541
epoch 6/200 loss 3.4295 train 0.2039 test 0.1223
epoch 6/200 loss 3.3417 train 0.2155 test 0.1443
epoch 6/200 loss 3.5609 train 0.1724 test 0.1194
epoch 7/200 loss 3.2886 train 0.2268 test 0.1405
epoch 7/200 loss 3.1771 train 0.2400 test 0.1619
epoch 7/200 loss 3.4522 train 0.1932 test 0.1221
epoch 8/200 loss 3.0280 train 0.2686 test 0.1399
epoch 8/200 loss 3.1680 train 0.2443 test 0.1329
epoch 8/200 loss 3.3318 train 0.2204 test 0.1281
epoch 9/200 loss 2.8539 train 0.3138 test 0.1807
epoch 9/200 loss 2.9999 train 0.2794 test 0.1601
epoch 9/200 loss 3.2069 train 0.2355 test 0.1398
epoch 10/200 loss 2.7371 train 0.3300 test 0.1663
epoch 10/200 loss 2.8808 train 0.3031 test 0.1507
epoch 10/200 loss 3.0922 train 0.2530 test 0.1135
epoch 11/200 loss 2.6231 train 0.3521 test 0.1643
epoch 11/200 loss 3.0206 train 0.2710 test 0.1200
epoch 11/200 loss 2.7736 train 0.3128 test 0.1567
epoch 12/200 loss 2.9270 train 0.2877 test 0.1253
epoch 12/200 loss 2.6595 train 0.3402 test 0.1684
epoch 12/200 loss 2.4756 train 0.3796 test 0.1495
epoch 13/200 loss 2.3599 train 0.4108 test 0.1398
epoch 13/200 loss 2.5540 train 0.3586 test 0.1732
epoch 13/200 loss 2.8585 train 0.2971 test 0.1242
epoch 14/200 loss 2.2468 train 0.4367 test 0.1535
epoch 14/200 loss 2.4204 train 0.3984 test 0.1772
epoch 14/200 loss 2.7935 train 0.3103 test 0.1342
epoch 15/200 loss 2.1345 train 0.4558 test 0.1512
epoch 15/200 loss 2.6930 train 0.3311 test 0.1663
epoch 15/200 loss 2.2856 train 0.4291 test 0.1819
epoch 16/200 loss 2.0163 train 0.4790 test 0.1690
epoch 16/200 loss 2.5467 train 0.3610 test 0.1724
epoch 16/200 loss 2.1487 train 0.4550 test 0.2017
epoch 17/200 loss 1.8918 train 0.5148 test 0.1367
epoch 17/200 loss 2.4928 train 0.3758 test 0.1114
epoch 17/200 loss 2.0501 train 0.4741 test 0.1663
epoch 18/200 loss 1.7221 train 0.5515 test 0.1910
epoch 18/200 loss 2.4030 train 0.3939 test 0.1699
epoch 18/200 loss 1.9592 train 0.4906 test 0.1677
epoch 19/200 loss 1.6274 train 0.5770 test 0.1607
epoch 19/200 loss 2.3071 train 0.4189 test 0.1636
epoch 19/200 loss 1.8337 train 0.5315 test 0.1523
epoch 20/200 loss 1.5339 train 0.5997 test 0.1601
epoch 20/200 loss 2.1527 train 0.4434 test 0.1572
epoch 20/200 loss 1.7364 train 0.5501 test 0.1723
epoch 21/200 loss 2.0816 train 0.4615 test 0.1794
epoch 21/200 loss 1.4476 train 0.6188 test 0.1770
epoch 21/200 loss 1.5424 train 0.6070 test 0.1452
epoch 22/200 loss 1.9651 train 0.4916 test 0.1575
epoch 22/200 loss 1.3467 train 0.6436 test 0.1831
epoch 22/200 loss 1.4864 train 0.6105 test 0.1426
epoch 23/200 loss 1.8736 train 0.5113 test 0.1667
epoch 23/200 loss 1.3137 train 0.6598 test 0.1899
epoch 23/200 loss 1.1831 train 0.6940 test 0.1972
epoch 24/200 loss 1.1021 train 0.7169 test 0.1739
epoch 24/200 loss 1.8787 train 0.5092 test 0.1608
epoch 24/200 loss 1.2566 train 0.6589 test 0.1760
epoch 25/200 loss 1.6658 train 0.5663 test 0.1482
epoch 25/200 loss 0.9789 train 0.7435 test 0.1813
epoch 25/200 loss 1.1740 train 0.7015 test 0.1647
epoch 26/200 loss 0.8840 train 0.7724 test 0.1919
epoch 26/200 loss 1.6153 train 0.5663 test 0.1592
epoch 26/200 loss 1.0608 train 0.7293 test 0.1799
epoch 27/200 loss 1.4900 train 0.6056 test 0.1282
epoch 27/200 loss 0.7956 train 0.7945 test 0.1374
epoch 27/200 loss 0.9961 train 0.7346 test 0.1600
epoch 28/200 loss 1.4312 train 0.6237 test 0.1187
epoch 28/200 loss 0.7062 train 0.8311 test 0.1888
epoch 28/200 loss 0.8337 train 0.7856 test 0.1873
epoch 29/200 loss 1.2883 train 0.6522 test 0.1481
epoch 29/200 loss 0.5845 train 0.8534 test 0.1857
epoch 29/200 loss 0.7381 train 0.8120 test 0.1970
epoch 30/200 loss 1.2293 train 0.6692 test 0.1724
epoch 30/200 loss 0.5229 train 0.8796 test 0.1952
epoch 30/200 loss 0.6664 train 0.8359 test 0.1463
epoch 31/200 loss 1.0882 train 0.7212 test 0.1507
epoch 31/200 loss 0.4706 train 0.8901 test 0.2106
epoch 31/200 loss 0.6163 train 0.8551 test 0.1619
epoch 32/200 loss 0.4460 train 0.8968 test 0.2037
epoch 32/200 loss 0.9524 train 0.7540 test 0.1606
epoch 32/200 loss 0.5933 train 0.8499 test 0.2103
epoch 33/200 loss 0.3872 train 0.9186 test 0.2160
epoch 33/200 loss 0.9324 train 0.7610 test 0.1792
epoch 33/200 loss 0.5503 train 0.8642 test 0.1793
epoch 34/200 loss 0.3169 train 0.9391 test 0.2074
epoch 34/200 loss 0.8764 train 0.7683 test 0.1630
epoch 34/200 loss 0.4647 train 0.9017 test 0.1818
epoch 35/200 loss 0.7366 train 0.8152 test 0.1721
epoch 35/200 loss 0.3358 train 0.9345 test 0.2192
epoch 35/200 loss 0.2966 train 0.9448 test 0.2138
epoch 36/200 loss 0.6849 train 0.8330 test 0.1662
epoch 36/200 loss 0.2813 train 0.9499 test 0.2115
epoch 36/200 loss 0.2571 train 0.9537 test 0.2244
epoch 37/200 loss 0.6073 train 0.8502 test 0.1853
epoch 37/200 loss 0.2489 train 0.9591 test 0.2282
epoch 37/200 loss 0.2231 train 0.9644 test 0.2098
epoch 38/200 loss 0.5324 train 0.8745 test 0.1617
epoch 38/200 loss 0.2365 train 0.9607 test 0.2168
epoch 38/200 loss 0.2063 train 0.9677 test 0.2350
epoch 39/200 loss 0.5021 train 0.8825 test 0.1802
epoch 39/200 loss 0.1819 train 0.9779 test 0.2400
epoch 39/200 loss 0.1581 train 0.9828 test 0.2348
epoch 40/200 loss 0.4555 train 0.8974 test 0.1320
epoch 40/200 loss 0.1747 train 0.9766 test 0.2388
epoch 40/200 loss 0.1261 train 0.9887 test 0.2513
epoch 41/200 loss 0.4124 train 0.9033 test 0.1377
epoch 41/200 loss 0.1360 train 0.9879 test 0.2410
epoch 41/200 loss 0.0973 train 0.9946 test 0.2480
epoch 42/200 loss 0.3363 train 0.9278 test 0.1837
epoch 42/200 loss 0.1170 train 0.9911 test 0.2505
epoch 42/200 loss 0.0829 train 0.9946 test 0.2585
epoch 43/200 loss 0.2411 train 0.9593 test 0.1950
epoch 43/200 loss 0.0917 train 0.9930 test 0.2550
epoch 43/200 loss 0.0632 train 0.9987 test 0.2705
epoch 44/200 loss 0.2241 train 0.9631 test 0.1948
epoch 44/200 loss 0.0817 train 0.9965 test 0.2659
epoch 44/200 loss 0.0560 train 0.9984 test 0.2739
epoch 45/200 loss 0.2232 train 0.9623 test 0.2086
epoch 45/200 loss 0.0608 train 1.0000 test 0.2714
epoch 45/200 loss 0.0496 train 0.9995 test 0.2789
epoch 46/200 loss 0.1799 train 0.9728 test 0.2244
epoch 46/200 loss 0.0435 train 1.0000 test 0.2791
epoch 46/200 loss 0.0494 train 1.0000 test 0.2721
epoch 47/200 loss 0.1388 train 0.9863 test 0.2245
epoch 47/200 loss 0.0405 train 1.0000 test 0.2883
epoch 47/200 loss 0.0446 train 1.0000 test 0.2815
epoch 48/200 loss 0.0399 train 1.0000 test 0.2857
epoch 48/200 loss 0.0995 train 0.9925 test 0.2314
epoch 48/200 loss 0.0411 train 1.0000 test 0.2829
epoch 49/200 loss 0.0399 train 1.0000 test 0.2839
epoch 49/200 loss 0.0838 train 0.9960 test 0.2338
epoch 49/200 loss 0.0380 train 1.0000 test 0.2868
epoch 50/200 loss 0.0395 train 0.9997 test 0.2781
epoch 50/200 loss 0.0771 train 0.9976 test 0.2439
epoch 50/200 loss 0.0365 train 1.0000 test 0.2863
epoch 51/200 loss 0.0669 train 0.9976 test 0.2422
epoch 51/200 loss 0.0468 train 0.9989 test 0.2740
epoch 51/200 loss 0.0371 train 1.0000 test 0.2847
epoch 52/200 loss 0.0363 train 1.0000 test 0.2885
epoch 52/200 loss 0.0451 train 0.9992 test 0.2781
epoch 52/200 loss 0.0562 train 0.9989 test 0.2524
epoch 53/200 loss 0.0402 train 0.9995 test 0.2821
epoch 53/200 loss 0.0483 train 1.0000 test 0.2526
epoch 53/200 loss 0.0353 train 1.0000 test 0.2863
epoch 54/200 loss 0.0358 train 1.0000 test 0.2850
epoch 54/200 loss 0.0433 train 1.0000 test 0.2568
epoch 54/200 loss 0.0355 train 1.0000 test 0.2909
epoch 55/200 loss 0.0346 train 1.0000 test 0.2852
epoch 55/200 loss 0.0408 train 1.0000 test 0.2604
epoch 55/200 loss 0.0342 train 1.0000 test 0.2881
epoch 56/200 loss 0.0334 train 1.0000 test 0.2860
epoch 56/200 loss 0.0336 train 1.0000 test 0.2863
epoch 56/200 loss 0.0385 train 1.0000 test 0.2627
epoch 57/200 loss 0.0325 train 1.0000 test 0.2894
epoch 57/200 loss 0.0329 train 1.0000 test 0.2864
epoch 57/200 loss 0.0385 train 1.0000 test 0.2623
epoch 58/200 loss 0.0332 train 1.0000 test 0.2863
epoch 58/200 loss 0.0330 train 1.0000 test 0.2878
epoch 58/200 loss 0.0365 train 1.0000 test 0.2666
epoch 59/200 loss 0.0318 train 1.0000 test 0.2830
epoch 59/200 loss 0.0317 train 1.0000 test 0.2913
epoch 59/200 loss 0.0353 train 1.0000 test 0.2627
epoch 60/200 loss 0.0306 train 1.0000 test 0.2865
epoch 60/200 loss 0.0318 train 1.0000 test 0.2894
epoch 60/200 loss 0.0340 train 1.0000 test 0.2638
epoch 61/200 loss 0.0314 train 1.0000 test 0.2857
epoch 61/200 loss 0.0317 train 1.0000 test 0.2898
epoch 61/200 loss 0.0342 train 0.9997 test 0.2651
epoch 62/200 loss 0.0320 train 1.0000 test 0.2855
epoch 62/200 loss 0.0314 train 1.0000 test 0.2886
epoch 62/200 loss 0.0343 train 1.0000 test 0.2639
epoch 63/200 loss 0.0308 train 1.0000 test 0.2851
epoch 63/200 loss 0.0309 train 1.0000 test 0.2861
epoch 63/200 loss 0.0336 train 0.9997 test 0.2608
epoch 64/200 loss 0.0292 train 1.0000 test 0.2887
epoch 64/200 loss 0.0326 train 1.0000 test 0.2664
epoch 64/200 loss 0.0312 train 1.0000 test 0.2889
epoch 65/200 loss 0.0288 train 1.0000 test 0.2871
epoch 65/200 loss 0.0336 train 1.0000 test 0.2619
epoch 65/200 loss 0.0302 train 1.0000 test 0.2913
epoch 66/200 loss 0.0286 train 1.0000 test 0.2842
epoch 66/200 loss 0.0299 train 1.0000 test 0.2878
epoch 66/200 loss 0.0330 train 1.0000 test 0.2676
epoch 67/200 loss 0.0287 train 1.0000 test 0.2869
epoch 67/200 loss 0.0302 train 1.0000 test 0.2857
epoch 67/200 loss 0.0314 train 1.0000 test 0.2669
epoch 68/200 loss 0.0291 train 1.0000 test 0.2847
epoch 68/200 loss 0.0304 train 1.0000 test 0.2872
epoch 68/200 loss 0.0307 train 1.0000 test 0.2663
epoch 69/200 loss 0.0294 train 1.0000 test 0.2872
epoch 69/200 loss 0.0294 train 1.0000 test 0.2907
epoch 69/200 loss 0.0299 train 1.0000 test 0.2662
epoch 70/200 loss 0.0298 train 1.0000 test 0.2945
epoch 70/200 loss 0.0277 train 1.0000 test 0.2858
epoch 70/200 loss 0.0309 train 1.0000 test 0.2644
epoch 71/200 loss 0.0289 train 1.0000 test 0.2900
epoch 71/200 loss 0.0275 train 1.0000 test 0.2890
epoch 71/200 loss 0.0303 train 1.0000 test 0.2652
epoch 72/200 loss 0.0285 train 1.0000 test 0.2923
epoch 72/200 loss 0.0267 train 1.0000 test 0.2878
epoch 72/200 loss 0.0295 train 1.0000 test 0.2698
epoch 73/200 loss 0.0270 train 1.0000 test 0.2910
epoch 73/200 loss 0.0270 train 1.0000 test 0.2889
epoch 73/200 loss 0.0294 train 1.0000 test 0.2698
epoch 74/200 loss 0.0263 train 1.0000 test 0.2861
epoch 74/200 loss 0.0262 train 1.0000 test 0.2915
epoch 74/200 loss 0.0285 train 1.0000 test 0.2665
epoch 75/200 loss 0.0272 train 1.0000 test 0.2879
epoch 75/200 loss 0.0258 train 1.0000 test 0.2895
epoch 75/200 loss 0.0296 train 1.0000 test 0.2653
epoch 76/200 loss 0.0256 train 1.0000 test 0.2894
epoch 76/200 loss 0.0259 train 1.0000 test 0.2930
epoch 76/200 loss 0.0293 train 1.0000 test 0.2672
epoch 77/200 loss 0.0251 train 1.0000 test 0.2891
epoch 77/200 loss 0.0259 train 1.0000 test 0.2926
epoch 77/200 loss 0.0279 train 1.0000 test 0.2666
epoch 78/200 loss 0.0277 train 1.0000 test 0.2664
epoch 78/200 loss 0.0245 train 1.0000 test 0.2930
epoch 78/200 loss 0.0250 train 1.0000 test 0.2943
epoch 79/200 loss 0.0245 train 1.0000 test 0.2859
epoch 79/200 loss 0.0270 train 1.0000 test 0.2697
epoch 79/200 loss 0.0247 train 1.0000 test 0.2905
epoch 80/200 loss 0.0244 train 1.0000 test 0.2870
epoch 80/200 loss 0.0265 train 1.0000 test 0.2686
epoch 80/200 loss 0.0241 train 1.0000 test 0.2953
epoch 81/200 loss 0.0239 train 1.0000 test 0.2926
epoch 81/200 loss 0.0262 train 1.0000 test 0.2702
epoch 81/200 loss 0.0231 train 1.0000 test 0.2923
epoch 82/200 loss 0.0234 train 1.0000 test 0.2891
epoch 82/200 loss 0.0262 train 1.0000 test 0.2691
epoch 82/200 loss 0.0239 train 1.0000 test 0.2904
epoch 83/200 loss 0.0281 train 1.0000 test 0.2613
epoch 83/200 loss 0.0229 train 1.0000 test 0.2920
epoch 83/200 loss 0.0232 train 1.0000 test 0.2911
epoch 84/200 loss 0.0267 train 1.0000 test 0.2695
epoch 84/200 loss 0.0230 train 1.0000 test 0.2928
epoch 84/200 loss 0.0227 train 1.0000 test 0.2945
epoch 85/200 loss 0.0254 train 1.0000 test 0.2702
epoch 85/200 loss 0.0222 train 1.0000 test 0.2933
epoch 85/200 loss 0.0230 train 1.0000 test 0.2920
epoch 86/200 loss 0.0221 train 1.0000 test 0.2918
epoch 86/200 loss 0.0252 train 1.0000 test 0.2663
epoch 86/200 loss 0.0220 train 1.0000 test 0.2899
epoch 87/200 loss 0.0232 train 0.9997 test 0.2848
epoch 87/200 loss 0.0241 train 1.0000 test 0.2682
epoch 87/200 loss 0.0218 train 1.0000 test 0.2910
epoch 88/200 loss 0.0263 train 1.0000 test 0.2864
epoch 88/200 loss 0.0247 train 1.0000 test 0.2699
epoch 88/200 loss 0.0212 train 1.0000 test 0.2851
epoch 89/200 loss 0.0276 train 1.0000 test 0.2862
epoch 89/200 loss 0.0216 train 1.0000 test 0.2898
epoch 89/200 loss 0.0241 train 1.0000 test 0.2701
epoch 90/200 loss 0.0292 train 1.0000 test 0.2632
epoch 90/200 loss 0.0238 train 1.0000 test 0.2675
epoch 90/200 loss 0.0204 train 1.0000 test 0.2879
epoch 91/200 loss 0.0716 train 0.9952 test 0.2066
epoch 91/200 loss 0.0205 train 1.0000 test 0.2954
epoch 91/200 loss 0.0237 train 1.0000 test 0.2703
epoch 92/200 loss 0.2324 train 0.9709 test 0.1528
epoch 92/200 loss 0.0203 train 1.0000 test 0.2888
epoch 92/200 loss 0.0227 train 1.0000 test 0.2696
epoch 93/200 loss 0.8119 train 0.8095 test 0.1293
epoch 93/200 loss 0.0200 train 1.0000 test 0.2919
epoch 93/200 loss 0.0228 train 1.0000 test 0.2693
epoch 94/200 loss 1.2549 train 0.6767 test 0.1144
epoch 94/200 loss 0.0202 train 1.0000 test 0.2958
epoch 94/200 loss 0.0227 train 1.0000 test 0.2700
epoch 95/200 loss 1.0713 train 0.7255 test 0.1320
epoch 95/200 loss 0.0212 train 1.0000 test 0.2918
epoch 95/200 loss 0.0226 train 1.0000 test 0.2685
epoch 96/200 loss 0.6982 train 0.8416 test 0.1686
epoch 96/200 loss 0.0203 train 1.0000 test 0.2940
epoch 96/200 loss 0.0220 train 1.0000 test 0.2747
epoch 97/200 loss 0.4314 train 0.9149 test 0.1789
epoch 97/200 loss 0.0187 train 1.0000 test 0.2909
epoch 97/200 loss 0.0211 train 1.0000 test 0.2753
epoch 98/200 loss 0.2450 train 0.9671 test 0.2284
epoch 98/200 loss 0.0184 train 1.0000 test 0.2917
epoch 98/200 loss 0.0206 train 1.0000 test 0.2738
epoch 99/200 loss 0.1461 train 0.9849 test 0.2246
epoch 99/200 loss 0.0234 train 0.9995 test 0.2298
epoch 99/200 loss 0.0187 train 1.0000 test 0.2895
epoch 100/200 loss 0.0956 train 0.9908 test 0.2472
epoch 100/200 loss 0.0486 train 0.9970 test 0.2171
epoch 100/200 loss 0.0182 train 1.0000 test 0.2890
epoch 101/200 loss 0.1576 train 0.9846 test 0.1945
epoch 101/200 loss 0.0816 train 0.9927 test 0.2619
epoch 101/200 loss 0.0181 train 1.0000 test 0.2878
epoch 102/200 loss 0.2868 train 0.9604 test 0.1282
epoch 102/200 loss 0.0465 train 0.9995 test 0.2821
epoch 102/200 loss 0.0173 train 1.0000 test 0.2961
epoch 103/200 loss 0.0368 train 0.9992 test 0.2886
epoch 103/200 loss 0.4113 train 0.9283 test 0.1488
epoch 103/200 loss 0.0178 train 1.0000 test 0.2891
epoch 104/200 loss 0.5477 train 0.8839 test 0.1466
epoch 104/200 loss 0.0175 train 1.0000 test 0.2911
epoch 104/200 loss 0.0322 train 0.9989 test 0.2811
epoch 105/200 loss 0.0331 train 0.9992 test 0.2903
epoch 105/200 loss 0.5120 train 0.8912 test 0.1771
epoch 105/200 loss 0.0174 train 1.0000 test 0.2884
epoch 106/200 loss 0.0260 train 1.0000 test 0.2966
epoch 106/200 loss 0.3634 train 0.9324 test 0.1882
epoch 106/200 loss 0.0174 train 1.0000 test 0.2894
epoch 107/200 loss 0.0233 train 0.9997 test 0.2942
epoch 107/200 loss 0.2272 train 0.9690 test 0.2006
epoch 107/200 loss 0.0163 train 1.0000 test 0.2932
epoch 108/200 loss 0.0212 train 1.0000 test 0.2963
epoch 108/200 loss 0.1484 train 0.9817 test 0.2177
epoch 108/200 loss 0.0163 train 1.0000 test 0.2873
epoch 109/200 loss 0.0199 train 1.0000 test 0.2970
epoch 109/200 loss 0.0920 train 0.9925 test 0.2311
epoch 109/200 loss 0.0166 train 1.0000 test 0.2936
epoch 110/200 loss 0.0194 train 1.0000 test 0.2970
epoch 110/200 loss 0.0622 train 0.9962 test 0.2558
epoch 110/200 loss 0.0162 train 1.0000 test 0.2903
epoch 111/200 loss 0.0185 train 1.0000 test 0.2995
epoch 111/200 loss 0.0358 train 0.9997 test 0.2623
epoch 111/200 loss 0.0154 train 1.0000 test 0.2938
epoch 112/200 loss 0.0179 train 1.0000 test 0.2999
epoch 112/200 loss 0.0272 train 0.9995 test 0.2664
epoch 112/200 loss 0.0153 train 1.0000 test 0.2922
epoch 113/200 loss 0.0177 train 1.0000 test 0.2995
epoch 113/200 loss 0.0231 train 0.9997 test 0.2711
epoch 113/200 loss 0.0151 train 1.0000 test 0.2941
epoch 114/200 loss 0.0172 train 1.0000 test 0.2992
epoch 114/200 loss 0.0151 train 1.0000 test 0.2978
epoch 114/200 loss 0.0212 train 1.0000 test 0.2708
epoch 115/200 loss 0.0166 train 1.0000 test 0.2987
epoch 115/200 loss 0.0148 train 1.0000 test 0.2948
epoch 115/200 loss 0.0197 train 1.0000 test 0.2761
epoch 116/200 loss 0.0183 train 1.0000 test 0.2737
epoch 116/200 loss 0.0145 train 1.0000 test 0.2942
epoch 116/200 loss 0.0165 train 1.0000 test 0.2975
epoch 117/200 loss 0.0174 train 1.0000 test 0.2742
epoch 117/200 loss 0.0147 train 1.0000 test 0.2950
epoch 117/200 loss 0.0162 train 1.0000 test 0.2992
epoch 118/200 loss 0.0168 train 1.0000 test 0.2758
epoch 118/200 loss 0.0157 train 1.0000 test 0.3002
epoch 118/200 loss 0.0156 train 1.0000 test 0.2924
epoch 119/200 loss 0.0162 train 1.0000 test 0.2768
epoch 119/200 loss 0.0151 train 1.0000 test 0.2939
epoch 119/200 loss 0.0155 train 1.0000 test 0.2998
epoch 120/200 loss 0.0161 train 1.0000 test 0.2759
epoch 120/200 loss 0.0140 train 1.0000 test 0.2987
epoch 120/200 loss 0.0151 train 1.0000 test 0.3001
epoch 121/200 loss 0.0153 train 1.0000 test 0.2779
epoch 121/200 loss 0.0141 train 1.0000 test 0.2941
epoch 121/200 loss 0.0148 train 1.0000 test 0.3006
epoch 122/200 loss 0.0145 train 1.0000 test 0.2766
epoch 122/200 loss 0.0140 train 1.0000 test 0.3002
epoch 122/200 loss 0.0149 train 1.0000 test 0.2997
epoch 123/200 loss 0.0149 train 1.0000 test 0.2772
epoch 123/200 loss 0.0135 train 1.0000 test 0.3014
epoch 123/200 loss 0.0146 train 1.0000 test 0.3015
epoch 124/200 loss 0.0143 train 1.0000 test 0.2790
epoch 124/200 loss 0.0133 train 1.0000 test 0.2990
epoch 124/200 loss 0.0146 train 1.0000 test 0.3025
epoch 125/200 loss 0.0142 train 1.0000 test 0.2764
epoch 125/200 loss 0.0132 train 1.0000 test 0.3002
epoch 125/200 loss 0.0144 train 1.0000 test 0.3011
epoch 126/200 loss 0.0137 train 1.0000 test 0.2768
epoch 126/200 loss 0.0133 train 1.0000 test 0.2960
epoch 126/200 loss 0.0143 train 1.0000 test 0.3020
epoch 127/200 loss 0.0135 train 1.0000 test 0.2769
epoch 127/200 loss 0.0129 train 1.0000 test 0.2945
epoch 127/200 loss 0.0139 train 1.0000 test 0.3030
epoch 128/200 loss 0.0132 train 1.0000 test 0.2780
epoch 128/200 loss 0.0131 train 1.0000 test 0.3000
epoch 128/200 loss 0.0137 train 1.0000 test 0.3007
epoch 129/200 loss 0.0133 train 1.0000 test 0.2777
epoch 129/200 loss 0.0140 train 1.0000 test 0.3001
epoch 129/200 loss 0.0123 train 1.0000 test 0.2984
epoch 130/200 loss 0.0133 train 1.0000 test 0.2777
epoch 130/200 loss 0.0137 train 1.0000 test 0.3022
epoch 130/200 loss 0.0122 train 1.0000 test 0.2990
epoch 131/200 loss 0.0128 train 1.0000 test 0.2787
epoch 131/200 loss 0.0134 train 1.0000 test 0.3030
epoch 131/200 loss 0.0125 train 1.0000 test 0.3000
epoch 132/200 loss 0.0131 train 1.0000 test 0.2809
epoch 132/200 loss 0.0129 train 1.0000 test 0.3030
epoch 132/200 loss 0.0120 train 1.0000 test 0.2993
epoch 133/200 loss 0.0125 train 1.0000 test 0.2791
epoch 133/200 loss 0.0130 train 1.0000 test 0.3013
epoch 133/200 loss 0.0123 train 1.0000 test 0.2985
epoch 134/200 loss 0.0125 train 1.0000 test 0.2781
epoch 134/200 loss 0.0130 train 1.0000 test 0.3023
epoch 134/200 loss 0.0119 train 1.0000 test 0.2988
epoch 135/200 loss 0.0124 train 1.0000 test 0.2788
epoch 135/200 loss 0.0126 train 1.0000 test 0.3027
epoch 135/200 loss 0.0117 train 1.0000 test 0.3008
epoch 136/200 loss 0.0122 train 1.0000 test 0.2779
epoch 136/200 loss 0.0124 train 1.0000 test 0.3021
epoch 136/200 loss 0.0116 train 1.0000 test 0.2922
epoch 137/200 loss 0.0116 train 1.0000 test 0.2796
epoch 137/200 loss 0.0126 train 1.0000 test 0.3021
epoch 137/200 loss 0.0116 train 1.0000 test 0.2990
epoch 138/200 loss 0.0120 train 1.0000 test 0.2802
epoch 138/200 loss 0.0118 train 1.0000 test 0.3005
epoch 138/200 loss 0.0124 train 1.0000 test 0.3034
epoch 139/200 loss 0.0116 train 1.0000 test 0.2805
epoch 139/200 loss 0.0124 train 1.0000 test 0.3032
epoch 139/200 loss 0.0117 train 1.0000 test 0.2960
epoch 140/200 loss 0.0115 train 1.0000 test 0.2809
epoch 140/200 loss 0.0113 train 1.0000 test 0.2968
epoch 140/200 loss 0.0122 train 1.0000 test 0.3036
epoch 141/200 loss 0.0114 train 1.0000 test 0.2808
epoch 141/200 loss 0.0120 train 1.0000 test 0.3040
epoch 141/200 loss 0.0114 train 1.0000 test 0.3004
epoch 142/200 loss 0.0118 train 1.0000 test 0.3023
epoch 142/200 loss 0.0113 train 1.0000 test 0.2812
epoch 142/200 loss 0.0107 train 1.0000 test 0.2973
epoch 143/200 loss 0.0116 train 1.0000 test 0.3039
epoch 143/200 loss 0.0111 train 1.0000 test 0.2815
epoch 143/200 loss 0.0111 train 1.0000 test 0.3004
epoch 144/200 loss 0.0117 train 1.0000 test 0.3034
epoch 144/200 loss 0.0113 train 1.0000 test 0.2809
epoch 144/200 loss 0.0110 train 1.0000 test 0.3011
epoch 145/200 loss 0.0113 train 1.0000 test 0.2810
epoch 145/200 loss 0.0119 train 1.0000 test 0.3042
epoch 145/200 loss 0.0107 train 1.0000 test 0.3006
epoch 146/200 loss 0.0110 train 1.0000 test 0.2800
epoch 146/200 loss 0.0106 train 1.0000 test 0.3012
epoch 146/200 loss 0.0114 train 1.0000 test 0.3036
epoch 147/200 loss 0.0109 train 1.0000 test 0.2811
epoch 147/200 loss 0.0114 train 1.0000 test 0.3035
epoch 147/200 loss 0.0106 train 1.0000 test 0.2994
epoch 148/200 loss 0.0111 train 1.0000 test 0.3033
epoch 148/200 loss 0.0108 train 1.0000 test 0.2812
epoch 148/200 loss 0.0108 train 1.0000 test 0.3017
epoch 149/200 loss 0.0109 train 1.0000 test 0.2808
epoch 149/200 loss 0.0112 train 1.0000 test 0.3044
epoch 149/200 loss 0.0102 train 1.0000 test 0.3008
epoch 150/200 loss 0.0107 train 1.0000 test 0.2812
epoch 150/200 loss 0.0110 train 1.0000 test 0.3038
epoch 150/200 loss 0.0098 train 1.0000 test 0.3023
epoch 151/200 loss 0.0103 train 1.0000 test 0.2814
epoch 151/200 loss 0.0107 train 1.0000 test 0.3037
epoch 151/200 loss 0.0101 train 1.0000 test 0.2996
epoch 152/200 loss 0.0107 train 1.0000 test 0.3057
epoch 152/200 loss 0.0103 train 1.0000 test 0.2816
epoch 152/200 loss 0.0104 train 1.0000 test 0.3028
epoch 153/200 loss 0.0110 train 1.0000 test 0.3039
epoch 153/200 loss 0.0104 train 1.0000 test 0.2822
epoch 153/200 loss 0.0100 train 1.0000 test 0.3009
epoch 154/200 loss 0.0098 train 1.0000 test 0.3026
epoch 154/200 loss 0.0101 train 1.0000 test 0.2816
epoch 154/200 loss 0.0110 train 1.0000 test 0.3063
epoch 155/200 loss 0.0099 train 1.0000 test 0.3027
epoch 155/200 loss 0.0099 train 1.0000 test 0.2818
epoch 155/200 loss 0.0102 train 1.0000 test 0.3041
epoch 156/200 loss 0.0096 train 1.0000 test 0.3035
epoch 156/200 loss 0.0103 train 1.0000 test 0.3035
epoch 156/200 loss 0.0103 train 1.0000 test 0.2824
epoch 157/200 loss 0.0097 train 1.0000 test 0.3022
epoch 157/200 loss 0.0097 train 1.0000 test 0.2820
epoch 157/200 loss 0.0102 train 1.0000 test 0.3068
epoch 158/200 loss 0.0098 train 1.0000 test 0.2826
epoch 158/200 loss 0.0102 train 1.0000 test 0.3060
epoch 158/200 loss 0.0094 train 1.0000 test 0.3029
epoch 159/200 loss 0.0099 train 1.0000 test 0.2818
epoch 159/200 loss 0.0103 train 1.0000 test 0.3070
epoch 159/200 loss 0.0092 train 1.0000 test 0.3010
epoch 160/200 loss 0.0098 train 1.0000 test 0.3055
epoch 160/200 loss 0.0097 train 1.0000 test 0.2836
epoch 160/200 loss 0.0092 train 1.0000 test 0.3025
epoch 161/200 loss 0.0098 train 1.0000 test 0.3069
epoch 161/200 loss 0.0092 train 1.0000 test 0.3035
epoch 161/200 loss 0.0095 train 1.0000 test 0.2823
epoch 162/200 loss 0.0098 train 1.0000 test 0.3067
epoch 162/200 loss 0.0089 train 1.0000 test 0.3021
epoch 162/200 loss 0.0093 train 1.0000 test 0.2836
epoch 163/200 loss 0.0098 train 1.0000 test 0.3067
epoch 163/200 loss 0.0088 train 1.0000 test 0.3033
epoch 163/200 loss 0.0091 train 1.0000 test 0.2832
epoch 164/200 loss 0.0096 train 1.0000 test 0.3063
epoch 164/200 loss 0.0090 train 1.0000 test 0.3038
epoch 164/200 loss 0.0090 train 1.0000 test 0.2833
epoch 165/200 loss 0.0095 train 1.0000 test 0.3055
epoch 165/200 loss 0.0088 train 1.0000 test 0.3036
epoch 165/200 loss 0.0092 train 1.0000 test 0.2834
epoch 166/200 loss 0.0094 train 1.0000 test 0.3060
epoch 166/200 loss 0.0090 train 1.0000 test 0.3038
epoch 166/200 loss 0.0090 train 1.0000 test 0.2840
epoch 167/200 loss 0.0094 train 1.0000 test 0.3049
epoch 167/200 loss 0.0088 train 1.0000 test 0.3041
epoch 167/200 loss 0.0090 train 1.0000 test 0.2831
epoch 168/200 loss 0.0092 train 1.0000 test 0.3065
epoch 168/200 loss 0.0087 train 1.0000 test 0.3044
epoch 168/200 loss 0.0091 train 1.0000 test 0.2835
epoch 169/200 loss 0.0092 train 1.0000 test 0.3068
epoch 169/200 loss 0.0086 train 1.0000 test 0.3037
epoch 169/200 loss 0.0090 train 1.0000 test 0.2839
epoch 170/200 loss 0.0091 train 1.0000 test 0.3068
epoch 170/200 loss 0.0086 train 1.0000 test 0.3037
epoch 170/200 loss 0.0087 train 1.0000 test 0.2823
epoch 171/200 loss 0.0093 train 1.0000 test 0.3069
epoch 171/200 loss 0.0083 train 1.0000 test 0.3036
epoch 171/200 loss 0.0086 train 1.0000 test 0.2844
epoch 172/200 loss 0.0090 train 1.0000 test 0.3071
epoch 172/200 loss 0.0085 train 1.0000 test 0.3038
epoch 172/200 loss 0.0084 train 1.0000 test 0.2835
epoch 173/200 loss 0.0093 train 1.0000 test 0.3074
epoch 173/200 loss 0.0086 train 1.0000 test 0.3032
epoch 173/200 loss 0.0086 train 1.0000 test 0.2844
epoch 174/200 loss 0.0092 train 1.0000 test 0.3068
epoch 174/200 loss 0.0084 train 1.0000 test 0.3043
epoch 174/200 loss 0.0088 train 1.0000 test 0.2839
epoch 175/200 loss 0.0088 train 1.0000 test 0.3069
epoch 175/200 loss 0.0083 train 1.0000 test 0.3042
epoch 175/200 loss 0.0084 train 1.0000 test 0.2833
epoch 176/200 loss 0.0089 train 1.0000 test 0.3066
epoch 176/200 loss 0.0083 train 1.0000 test 0.3048
epoch 176/200 loss 0.0087 train 1.0000 test 0.2839
epoch 177/200 loss 0.0087 train 1.0000 test 0.3059
epoch 177/200 loss 0.0083 train 1.0000 test 0.3053
epoch 177/200 loss 0.0081 train 1.0000 test 0.2831
epoch 178/200 loss 0.0088 train 1.0000 test 0.3075
epoch 178/200 loss 0.0081 train 1.0000 test 0.3063
epoch 178/200 loss 0.0081 train 1.0000 test 0.2840
epoch 179/200 loss 0.0085 train 1.0000 test 0.3070
epoch 179/200 loss 0.0080 train 1.0000 test 0.3046
epoch 179/200 loss 0.0081 train 1.0000 test 0.2846
epoch 180/200 loss 0.0084 train 1.0000 test 0.3070
epoch 180/200 loss 0.0080 train 1.0000 test 0.3046
epoch 180/200 loss 0.0079 train 1.0000 test 0.2843
epoch 181/200 loss 0.0084 train 1.0000 test 0.3061
epoch 181/200 loss 0.0081 train 1.0000 test 0.3044
epoch 181/200 loss 0.0082 train 1.0000 test 0.2838
epoch 182/200 loss 0.0087 train 1.0000 test 0.3064
epoch 182/200 loss 0.0081 train 1.0000 test 0.3050
epoch 182/200 loss 0.0080 train 1.0000 test 0.2841
epoch 183/200 loss 0.0083 train 1.0000 test 0.3073
epoch 183/200 loss 0.0079 train 1.0000 test 0.2844
epoch 183/200 loss 0.0079 train 1.0000 test 0.3058
epoch 184/200 loss 0.0082 train 1.0000 test 0.3068
epoch 184/200 loss 0.0079 train 1.0000 test 0.3052
epoch 184/200 loss 0.0076 train 1.0000 test 0.2846
epoch 185/200 loss 0.0083 train 1.0000 test 0.3057
epoch 185/200 loss 0.0080 train 1.0000 test 0.2841
epoch 185/200 loss 0.0078 train 1.0000 test 0.3040
epoch 186/200 loss 0.0081 train 1.0000 test 0.3067
epoch 186/200 loss 0.0077 train 1.0000 test 0.3045
epoch 186/200 loss 0.0078 train 1.0000 test 0.2843
epoch 187/200 loss 0.0085 train 1.0000 test 0.3067
epoch 187/200 loss 0.0077 train 1.0000 test 0.2840
epoch 187/200 loss 0.0077 train 1.0000 test 0.3059
epoch 188/200 loss 0.0082 train 1.0000 test 0.3071
epoch 188/200 loss 0.0077 train 1.0000 test 0.2841
epoch 188/200 loss 0.0076 train 1.0000 test 0.3045
epoch 189/200 loss 0.0080 train 1.0000 test 0.3073
epoch 189/200 loss 0.0078 train 1.0000 test 0.2850
epoch 189/200 loss 0.0076 train 1.0000 test 0.3050
epoch 190/200 loss 0.0079 train 1.0000 test 0.3071
epoch 190/200 loss 0.0078 train 1.0000 test 0.2836
epoch 190/200 loss 0.0078 train 1.0000 test 0.3055
epoch 191/200 loss 0.0081 train 1.0000 test 0.3069
epoch 191/200 loss 0.0077 train 1.0000 test 0.3048
epoch 191/200 loss 0.0075 train 1.0000 test 0.2849
epoch 192/200 loss 0.0083 train 1.0000 test 0.3065
epoch 192/200 loss 0.0076 train 1.0000 test 0.2841
epoch 192/200 loss 0.0076 train 1.0000 test 0.3054
epoch 193/200 loss 0.0080 train 1.0000 test 0.3072
epoch 193/200 loss 0.0075 train 1.0000 test 0.2844
epoch 193/200 loss 0.0076 train 1.0000 test 0.3049
epoch 194/200 loss 0.0081 train 1.0000 test 0.3069
epoch 194/200 loss 0.0075 train 1.0000 test 0.2845
epoch 194/200 loss 0.0076 train 1.0000 test 0.3053
epoch 195/200 loss 0.0081 train 1.0000 test 0.3068
epoch 195/200 loss 0.0075 train 1.0000 test 0.2845
epoch 195/200 loss 0.0078 train 1.0000 test 0.3049
epoch 196/200 loss 0.0082 train 1.0000 test 0.3072
epoch 196/200 loss 0.0076 train 1.0000 test 0.2845
epoch 196/200 loss 0.0078 train 1.0000 test 0.3044
epoch 197/200 loss 0.0078 train 1.0000 test 0.3068
epoch 197/200 loss 0.0076 train 1.0000 test 0.2842
epoch 197/200 loss 0.0077 train 1.0000 test 0.3046
epoch 198/200 loss 0.0079 train 1.0000 test 0.3070
epoch 198/200 loss 0.0077 train 1.0000 test 0.2846
epoch 198/200 loss 0.0077 train 1.0000 test 0.3053
epoch 199/200 loss 0.0079 train 1.0000 test 0.3075
epoch 199/200 loss 0.0074 train 1.0000 test 0.2841
epoch 199/200 loss 0.0076 train 1.0000 test 0.3054
epoch 200/200 loss 0.0077 train 1.0000 test 0.3079
done: final 0.3079 best 0.3079 -> ./runs/diagfuse_food_priorssl_5pct/seed0
epoch 200/200 loss 0.0076 train 1.0000 test 0.3063
done: final 0.3063 best 0.3063 -> ./runs/diagfuse_food_priorssl_5pct/seed2
epoch 200/200 loss 0.0077 train 1.0000 test 0.2850
done: final 0.2850 best 0.2850 -> ./runs/diagfuse_food_priorssl_5pct/seed1
--- diagfuse_food_aug_10pct seed1 2026-08-15T02:32:25+02:00
--- diagfuse_food_aug_10pct seed0 2026-08-15T02:32:25+02:00
--- diagfuse_food_aug_10pct seed2 2026-08-15T02:32:25+02:00
deit augmentation: randaug m9 + erasing .25 + mixup .8/cutmix 1.0 + label smoothing .1
[diagfuse_food_aug_10pct seed0] {"params_trainable": 11220645, "params_stem_trainable": 0, "params_stem_fixed_filters": 0, "flops_total": 2226670080, "flops_stem": 0, "flops_image_size": 64}
deit augmentation: randaug m9 + erasing .25 + mixup .8/cutmix 1.0 + label smoothing .1
[diagfuse_food_aug_10pct seed2] {"params_trainable": 11220645, "params_stem_trainable": 0, "params_stem_fixed_filters": 0, "flops_total": 2226670080, "flops_stem": 0, "flops_image_size": 64}
deit augmentation: randaug m9 + erasing .25 + mixup .8/cutmix 1.0 + label smoothing .1
[diagfuse_food_aug_10pct seed1] {"params_trainable": 11220645, "params_stem_trainable": 0, "params_stem_fixed_filters": 0, "flops_total": 2226670080, "flops_stem": 0, "flops_image_size": 64}
epoch 1/200 loss 4.6970 train 0.0098 test 0.0224
epoch 1/200 loss 4.6991 train 0.0107 test 0.0229
epoch 1/200 loss 4.6996 train 0.0101 test 0.0217
epoch 2/200 loss 4.6445 train 0.0160 test 0.0324
epoch 2/200 loss 4.6509 train 0.0136 test 0.0274
epoch 2/200 loss 4.6506 train 0.0134 test 0.0276
epoch 3/200 loss 4.6072 train 0.0169 test 0.0358
epoch 3/200 loss 4.6062 train 0.0150 test 0.0309
epoch 3/200 loss 4.6072 train 0.0151 test 0.0395
epoch 4/200 loss 4.5863 train 0.0188 test 0.0285
epoch 4/200 loss 4.5907 train 0.0185 test 0.0343
epoch 4/200 loss 4.5821 train 0.0177 test 0.0382
epoch 5/200 loss 4.5818 train 0.0200 test 0.0380
epoch 5/200 loss 4.5813 train 0.0164 test 0.0435
epoch 5/200 loss 4.5730 train 0.0216 test 0.0412
epoch 6/200 loss 4.5771 train 0.0207 test 0.0382
epoch 6/200 loss 4.5629 train 0.0191 test 0.0386
epoch 6/200 loss 4.5662 train 0.0195 test 0.0371
epoch 7/200 loss 4.5633 train 0.0203 test 0.0448
epoch 7/200 loss 4.5586 train 0.0204 test 0.0416
epoch 7/200 loss 4.5658 train 0.0213 test 0.0493
epoch 8/200 loss 4.5683 train 0.0183 test 0.0482
epoch 8/200 loss 4.5594 train 0.0195 test 0.0484
epoch 8/200 loss 4.5619 train 0.0183 test 0.0476
epoch 9/200 loss 4.5537 train 0.0244 test 0.0480
epoch 9/200 loss 4.5448 train 0.0244 test 0.0488
epoch 9/200 loss 4.5540 train 0.0240 test 0.0476
epoch 10/200 loss 4.5476 train 0.0242 test 0.0528
epoch 10/200 loss 4.5564 train 0.0212 test 0.0549
epoch 10/200 loss 4.5478 train 0.0261 test 0.0563
epoch 11/200 loss 4.5494 train 0.0281 test 0.0495
epoch 11/200 loss 4.5478 train 0.0245 test 0.0550
epoch 11/200 loss 4.5463 train 0.0241 test 0.0541
epoch 12/200 loss 4.5351 train 0.0260 test 0.0506
epoch 12/200 loss 4.5396 train 0.0261 test 0.0495
epoch 12/200 loss 4.5380 train 0.0233 test 0.0496
epoch 13/200 loss 4.5383 train 0.0264 test 0.0614
epoch 13/200 loss 4.5383 train 0.0240 test 0.0533
epoch 13/200 loss 4.5341 train 0.0270 test 0.0600
epoch 14/200 loss 4.5381 train 0.0274 test 0.0532
epoch 14/200 loss 4.5328 train 0.0277 test 0.0631
epoch 14/200 loss 4.5363 train 0.0246 test 0.0587
epoch 15/200 loss 4.5381 train 0.0230 test 0.0573
epoch 15/200 loss 4.5245 train 0.0246 test 0.0496
epoch 15/200 loss 4.5231 train 0.0277 test 0.0646
epoch 16/200 loss 4.5315 train 0.0250 test 0.0613
epoch 16/200 loss 4.5164 train 0.0323 test 0.0629
epoch 16/200 loss 4.5184 train 0.0301 test 0.0504
epoch 17/200 loss 4.5098 train 0.0254 test 0.0531
epoch 17/200 loss 4.5109 train 0.0322 test 0.0641
epoch 17/200 loss 4.5143 train 0.0309 test 0.0663
epoch 18/200 loss 4.5248 train 0.0316 test 0.0646
epoch 18/200 loss 4.5057 train 0.0318 test 0.0613
epoch 18/200 loss 4.5191 train 0.0295 test 0.0684
epoch 19/200 loss 4.5158 train 0.0262 test 0.0672
epoch 19/200 loss 4.5173 train 0.0258 test 0.0606
epoch 19/200 loss 4.5077 train 0.0310 test 0.0493
epoch 20/200 loss 4.5094 train 0.0302 test 0.0588
epoch 20/200 loss 4.5059 train 0.0291 test 0.0759
epoch 20/200 loss 4.5018 train 0.0294 test 0.0768
epoch 21/200 loss 4.5149 train 0.0322 test 0.0670
epoch 21/200 loss 4.4907 train 0.0297 test 0.0709
epoch 21/200 loss 4.4989 train 0.0302 test 0.0664
epoch 22/200 loss 4.5005 train 0.0368 test 0.0654
epoch 22/200 loss 4.4848 train 0.0340 test 0.0714
epoch 22/200 loss 4.4948 train 0.0354 test 0.0727
epoch 23/200 loss 4.5099 train 0.0297 test 0.0747
epoch 23/200 loss 4.4968 train 0.0335 test 0.0525
epoch 23/200 loss 4.4895 train 0.0303 test 0.0737
epoch 24/200 loss 4.4804 train 0.0360 test 0.0646
epoch 24/200 loss 4.4925 train 0.0315 test 0.0484
epoch 24/200 loss 4.4850 train 0.0367 test 0.0752
epoch 25/200 loss 4.4870 train 0.0319 test 0.0678
epoch 25/200 loss 4.4690 train 0.0316 test 0.0792
epoch 25/200 loss 4.4818 train 0.0381 test 0.0848
epoch 26/200 loss 4.4855 train 0.0316 test 0.0764
epoch 26/200 loss 4.4727 train 0.0414 test 0.0730
epoch 26/200 loss 4.4760 train 0.0380 test 0.0815
epoch 27/200 loss 4.4612 train 0.0343 test 0.0672
epoch 27/200 loss 4.4554 train 0.0358 test 0.0807
epoch 27/200 loss 4.4708 train 0.0388 test 0.0750
epoch 28/200 loss 4.4714 train 0.0359 test 0.0600
epoch 28/200 loss 4.4502 train 0.0417 test 0.0718
epoch 28/200 loss 4.4530 train 0.0384 test 0.0613
epoch 29/200 loss 4.4514 train 0.0395 test 0.0700
epoch 29/200 loss 4.4519 train 0.0399 test 0.0806
epoch 29/200 loss 4.4436 train 0.0388 test 0.0729
epoch 30/200 loss 4.4459 train 0.0403 test 0.0772
epoch 30/200 loss 4.4445 train 0.0380 test 0.0652
epoch 30/200 loss 4.4558 train 0.0417 test 0.0831
epoch 31/200 loss 4.4426 train 0.0315 test 0.0789
epoch 31/200 loss 4.4486 train 0.0392 test 0.0778
epoch 31/200 loss 4.4488 train 0.0331 test 0.0817
epoch 32/200 loss 4.4444 train 0.0368 test 0.0717
epoch 32/200 loss 4.4512 train 0.0405 test 0.0813
epoch 32/200 loss 4.4655 train 0.0407 test 0.0882
epoch 33/200 loss 4.4146 train 0.0424 test 0.0999
epoch 33/200 loss 4.4312 train 0.0405 test 0.0915
epoch 33/200 loss 4.4579 train 0.0436 test 0.0802
epoch 34/200 loss 4.4086 train 0.0432 test 0.0867
epoch 34/200 loss 4.4114 train 0.0475 test 0.0998
epoch 34/200 loss 4.4430 train 0.0407 test 0.0897
epoch 35/200 loss 4.4134 train 0.0461 test 0.0952
epoch 35/200 loss 4.4272 train 0.0430 test 0.0984
epoch 35/200 loss 4.4149 train 0.0471 test 0.0888
epoch 36/200 loss 4.4186 train 0.0473 test 0.0962
epoch 36/200 loss 4.4155 train 0.0425 test 0.0777
epoch 36/200 loss 4.4029 train 0.0486 test 0.0798
epoch 37/200 loss 4.4211 train 0.0433 test 0.0886
epoch 37/200 loss 4.4001 train 0.0463 test 0.0891
epoch 37/200 loss 4.4030 train 0.0462 test 0.0914
epoch 38/200 loss 4.4034 train 0.0413 test 0.0893
epoch 38/200 loss 4.4082 train 0.0446 test 0.1070
epoch 38/200 loss 4.4029 train 0.0498 test 0.1065
epoch 39/200 loss 4.4063 train 0.0441 test 0.1011
epoch 39/200 loss 4.4145 train 0.0408 test 0.0950
epoch 39/200 loss 4.3844 train 0.0503 test 0.0979
epoch 40/200 loss 4.3744 train 0.0494 test 0.0827
epoch 40/200 loss 4.4253 train 0.0450 test 0.1097
epoch 40/200 loss 4.4103 train 0.0510 test 0.0952
epoch 41/200 loss 4.3900 train 0.0490 test 0.1080
epoch 41/200 loss 4.3752 train 0.0467 test 0.0981
epoch 41/200 loss 4.3537 train 0.0548 test 0.0979
epoch 42/200 loss 4.3626 train 0.0548 test 0.0948
epoch 42/200 loss 4.3885 train 0.0485 test 0.0891
epoch 42/200 loss 4.3833 train 0.0477 test 0.1225
epoch 43/200 loss 4.3348 train 0.0559 test 0.1154
epoch 43/200 loss 4.4088 train 0.0375 test 0.1172
epoch 43/200 loss 4.3436 train 0.0519 test 0.1307
epoch 44/200 loss 4.3672 train 0.0540 test 0.1076
epoch 44/200 loss 4.3762 train 0.0495 test 0.0947
epoch 44/200 loss 4.3773 train 0.0551 test 0.0746
epoch 45/200 loss 4.3460 train 0.0568 test 0.1081
epoch 45/200 loss 4.3926 train 0.0559 test 0.1101
epoch 45/200 loss 4.3635 train 0.0491 test 0.0968
epoch 46/200 loss 4.3433 train 0.0592 test 0.1095
epoch 46/200 loss 4.3804 train 0.0471 test 0.1040
epoch 46/200 loss 4.3437 train 0.0658 test 0.1170
epoch 47/200 loss 4.3573 train 0.0505 test 0.1247
epoch 47/200 loss 4.3783 train 0.0555 test 0.1128
epoch 47/200 loss 4.3486 train 0.0572 test 0.1243
epoch 48/200 loss 4.3312 train 0.0659 test 0.0882
epoch 48/200 loss 4.3722 train 0.0511 test 0.1060
epoch 48/200 loss 4.3491 train 0.0547 test 0.1236
epoch 49/200 loss 4.3722 train 0.0526 test 0.1186
epoch 49/200 loss 4.3501 train 0.0600 test 0.1282
epoch 49/200 loss 4.3388 train 0.0612 test 0.1147
epoch 50/200 loss 4.3469 train 0.0622 test 0.1219
epoch 50/200 loss 4.3364 train 0.0565 test 0.1080
epoch 50/200 loss 4.3091 train 0.0686 test 0.1371
epoch 51/200 loss 4.3062 train 0.0665 test 0.0884
epoch 51/200 loss 4.3245 train 0.0596 test 0.1269
epoch 51/200 loss 4.2926 train 0.0675 test 0.1072
epoch 52/200 loss 4.3012 train 0.0606 test 0.1141
epoch 52/200 loss 4.2998 train 0.0648 test 0.1090
epoch 52/200 loss 4.3110 train 0.0617 test 0.1285
epoch 53/200 loss 4.2814 train 0.0685 test 0.1283
epoch 53/200 loss 4.2855 train 0.0659 test 0.1305
epoch 53/200 loss 4.2981 train 0.0665 test 0.1015
epoch 54/200 loss 4.3189 train 0.0683 test 0.1000
epoch 54/200 loss 4.3111 train 0.0648 test 0.1225
epoch 54/200 loss 4.2951 train 0.0698 test 0.1216
epoch 55/200 loss 4.3132 train 0.0673 test 0.1387
epoch 55/200 loss 4.2515 train 0.0681 test 0.0962
epoch 55/200 loss 4.2675 train 0.0702 test 0.1022
epoch 56/200 loss 4.2890 train 0.0663 test 0.1135
epoch 56/200 loss 4.2927 train 0.0712 test 0.1368
epoch 56/200 loss 4.2583 train 0.0718 test 0.1021
epoch 57/200 loss 4.2700 train 0.0755 test 0.1358
epoch 57/200 loss 4.3073 train 0.0565 test 0.1425
epoch 57/200 loss 4.2788 train 0.0708 test 0.1151
epoch 58/200 loss 4.2734 train 0.0707 test 0.1263
epoch 58/200 loss 4.2686 train 0.0661 test 0.1455
epoch 58/200 loss 4.2553 train 0.0715 test 0.0968
epoch 59/200 loss 4.2806 train 0.0759 test 0.1265
epoch 59/200 loss 4.2694 train 0.0748 test 0.1238
epoch 59/200 loss 4.2688 train 0.0694 test 0.1669
epoch 60/200 loss 4.2868 train 0.0804 test 0.1491
epoch 60/200 loss 4.2626 train 0.0783 test 0.1273
epoch 60/200 loss 4.2635 train 0.0736 test 0.1464
epoch 61/200 loss 4.2391 train 0.0675 test 0.1162
epoch 61/200 loss 4.2871 train 0.0686 test 0.1298
epoch 61/200 loss 4.2348 train 0.0793 test 0.1861
epoch 62/200 loss 4.2709 train 0.0821 test 0.1221
epoch 62/200 loss 4.2790 train 0.0744 test 0.1122
epoch 62/200 loss 4.2502 train 0.0828 test 0.1655
epoch 63/200 loss 4.2315 train 0.0743 test 0.1395
epoch 63/200 loss 4.2391 train 0.0681 test 0.1484
epoch 63/200 loss 4.2111 train 0.0858 test 0.1763
epoch 64/200 loss 4.2230 train 0.0886 test 0.1676
epoch 64/200 loss 4.2487 train 0.0763 test 0.1609
epoch 64/200 loss 4.2253 train 0.0865 test 0.1313
epoch 65/200 loss 4.2137 train 0.0851 test 0.1738
epoch 65/200 loss 4.2174 train 0.0825 test 0.1551
epoch 65/200 loss 4.2147 train 0.0783 test 0.1505
epoch 66/200 loss 4.2042 train 0.0800 test 0.1814
epoch 66/200 loss 4.2252 train 0.0843 test 0.1386
epoch 66/200 loss 4.2072 train 0.0944 test 0.1227
epoch 67/200 loss 4.2347 train 0.0740 test 0.1852
epoch 67/200 loss 4.1901 train 0.0821 test 0.1712
epoch 67/200 loss 4.1987 train 0.0854 test 0.1739
epoch 68/200 loss 4.1876 train 0.0828 test 0.1571
epoch 68/200 loss 4.2026 train 0.0874 test 0.1388
epoch 68/200 loss 4.2156 train 0.0769 test 0.1569
epoch 69/200 loss 4.1647 train 0.0854 test 0.1768
epoch 69/200 loss 4.1856 train 0.0971 test 0.1448
epoch 69/200 loss 4.1876 train 0.0840 test 0.1631
epoch 70/200 loss 4.2004 train 0.0866 test 0.1239
epoch 70/200 loss 4.1634 train 0.0830 test 0.1753
epoch 70/200 loss 4.1866 train 0.0787 test 0.1352
epoch 71/200 loss 4.1908 train 0.0824 test 0.1959
epoch 71/200 loss 4.2030 train 0.0902 test 0.1877
epoch 71/200 loss 4.1497 train 0.1045 test 0.1649
epoch 72/200 loss 4.1649 train 0.1004 test 0.1804
epoch 72/200 loss 4.1562 train 0.1008 test 0.1738
epoch 72/200 loss 4.2112 train 0.0850 test 0.1398
epoch 73/200 loss 4.1302 train 0.0981 test 0.1535
epoch 73/200 loss 4.1641 train 0.0809 test 0.1628
epoch 73/200 loss 4.1614 train 0.0997 test 0.1691
epoch 74/200 loss 4.1736 train 0.1029 test 0.1962
epoch 74/200 loss 4.1321 train 0.1087 test 0.2009
epoch 74/200 loss 4.1887 train 0.0926 test 0.1208
epoch 75/200 loss 4.1621 train 0.0980 test 0.1962
epoch 75/200 loss 4.1527 train 0.0840 test 0.1350
epoch 75/200 loss 4.1252 train 0.0983 test 0.1836
epoch 76/200 loss 4.1620 train 0.0883 test 0.1927
epoch 76/200 loss 4.1509 train 0.1079 test 0.1516
epoch 76/200 loss 4.1205 train 0.0960 test 0.1746
epoch 77/200 loss 4.1085 train 0.0968 test 0.1747
epoch 77/200 loss 4.1492 train 0.0939 test 0.1675
epoch 77/200 loss 4.0567 train 0.1116 test 0.1711
epoch 78/200 loss 4.1598 train 0.0971 test 0.1668
epoch 78/200 loss 4.1124 train 0.0989 test 0.1982
epoch 78/200 loss 4.1190 train 0.1014 test 0.2015
epoch 79/200 loss 4.1150 train 0.1118 test 0.2010
epoch 79/200 loss 4.0890 train 0.1046 test 0.1882
epoch 79/200 loss 4.1003 train 0.0964 test 0.1829
epoch 80/200 loss 4.0940 train 0.1050 test 0.2051
epoch 80/200 loss 4.1569 train 0.1145 test 0.2057
epoch 80/200 loss 4.0642 train 0.1066 test 0.2237
epoch 81/200 loss 4.1129 train 0.0911 test 0.1840
epoch 81/200 loss 4.0964 train 0.0894 test 0.1823
epoch 82/200 loss 4.0866 train 0.1114 test 0.2068
epoch 81/200 loss 4.0512 train 0.1046 test 0.1664
epoch 82/200 loss 4.0572 train 0.1077 test 0.1968
epoch 83/200 loss 4.1136 train 0.1078 test 0.1895
epoch 82/200 loss 4.0916 train 0.1181 test 0.2286
epoch 83/200 loss 4.1071 train 0.1078 test 0.2207
epoch 84/200 loss 4.0533 train 0.1126 test 0.2002
epoch 83/200 loss 4.1134 train 0.0960 test 0.1605
epoch 84/200 loss 3.9877 train 0.1107 test 0.2424
epoch 85/200 loss 4.0096 train 0.1204 test 0.2212
epoch 84/200 loss 4.0808 train 0.1322 test 0.1908
epoch 85/200 loss 4.0717 train 0.0984 test 0.1851
epoch 86/200 loss 4.0658 train 0.1178 test 0.2137
epoch 85/200 loss 4.0731 train 0.1058 test 0.2259
epoch 87/200 loss 4.0098 train 0.1186 test 0.2170
epoch 86/200 loss 4.0535 train 0.1045 test 0.1955
epoch 86/200 loss 4.0504 train 0.1120 test 0.2204
epoch 87/200 loss 4.0752 train 0.1242 test 0.2164
epoch 88/200 loss 4.0832 train 0.1224 test 0.2208
epoch 87/200 loss 4.0747 train 0.1079 test 0.2079
epoch 88/200 loss 4.0391 train 0.1270 test 0.1846
epoch 89/200 loss 4.0124 train 0.1323 test 0.2296
epoch 88/200 loss 3.9838 train 0.1360 test 0.2276
epoch 89/200 loss 4.0387 train 0.1206 test 0.2069
epoch 89/200 loss 4.0558 train 0.1178 test 0.2262
epoch 90/200 loss 4.0055 train 0.1315 test 0.2636
epoch 90/200 loss 4.0297 train 0.1251 test 0.2147
epoch 90/200 loss 3.9836 train 0.1421 test 0.1703
epoch 91/200 loss 3.9385 train 0.1450 test 0.2581
epoch 91/200 loss 4.0489 train 0.1238 test 0.1912
epoch 91/200 loss 3.9861 train 0.1418 test 0.2574
epoch 92/200 loss 3.9615 train 0.1401 test 0.2124
epoch 92/200 loss 4.0061 train 0.1239 test 0.2302
epoch 92/200 loss 3.9757 train 0.1336 test 0.2135
epoch 93/200 loss 4.0172 train 0.1147 test 0.2367
epoch 93/200 loss 3.9457 train 0.1396 test 0.2507
epoch 94/200 loss 3.9761 train 0.1332 test 0.2775
epoch 93/200 loss 3.9875 train 0.1038 test 0.2341
epoch 94/200 loss 3.9418 train 0.1377 test 0.2649
epoch 95/200 loss 3.9555 train 0.1196 test 0.2686
epoch 94/200 loss 3.9712 train 0.1472 test 0.2223
epoch 95/200 loss 3.9747 train 0.1516 test 0.2646
epoch 95/200 loss 3.9771 train 0.1140 test 0.2050
epoch 96/200 loss 3.9640 train 0.1291 test 0.2846
epoch 96/200 loss 3.9605 train 0.1405 test 0.2393
epoch 97/200 loss 3.9099 train 0.1303 test 0.2626
epoch 96/200 loss 4.0247 train 0.1239 test 0.2186
epoch 97/200 loss 3.9486 train 0.1345 test 0.2651
epoch 98/200 loss 3.9116 train 0.1466 test 0.2254
epoch 97/200 loss 3.9742 train 0.1393 test 0.2565
epoch 98/200 loss 3.9578 train 0.1372 test 0.2528
epoch 98/200 loss 3.9339 train 0.1506 test 0.2255
epoch 99/200 loss 3.9891 train 0.1417 test 0.2740
epoch 99/200 loss 3.9170 train 0.1566 test 0.2597
epoch 99/200 loss 3.8796 train 0.1422 test 0.2775
epoch 100/200 loss 3.8129 train 0.1523 test 0.2441
epoch 100/200 loss 3.9317 train 0.1353 test 0.1661
epoch 101/200 loss 3.9151 train 0.1511 test 0.3031
epoch 100/200 loss 3.9173 train 0.1476 test 0.2854
epoch 101/200 loss 3.9303 train 0.1598 test 0.2350
epoch 102/200 loss 3.9866 train 0.1535 test 0.2811
epoch 101/200 loss 3.8917 train 0.1547 test 0.2895
epoch 102/200 loss 3.8928 train 0.1425 test 0.2284
epoch 102/200 loss 3.9148 train 0.1495 test 0.2665
epoch 103/200 loss 3.9461 train 0.1568 test 0.2732
epoch 104/200 loss 3.8658 train 0.1845 test 0.2913
epoch 103/200 loss 3.9103 train 0.1312 test 0.2910
epoch 103/200 loss 3.8964 train 0.1602 test 0.3034
epoch 105/200 loss 3.8943 train 0.1743 test 0.2584
epoch 104/200 loss 3.9087 train 0.1484 test 0.2935
epoch 104/200 loss 3.8225 train 0.1765 test 0.3080
epoch 106/200 loss 3.8784 train 0.1717 test 0.3274
epoch 105/200 loss 3.8875 train 0.1348 test 0.2706
epoch 105/200 loss 3.8612 train 0.1660 test 0.2943
epoch 107/200 loss 3.8297 train 0.1524 test 0.2762
epoch 106/200 loss 3.7721 train 0.1956 test 0.2971
epoch 106/200 loss 3.8228 train 0.1519 test 0.2714
epoch 107/200 loss 3.9547 train 0.1654 test 0.2899
epoch 108/200 loss 3.8462 train 0.1691 test 0.2542
epoch 107/200 loss 3.8840 train 0.1711 test 0.2895
epoch 108/200 loss 3.8662 train 0.1514 test 0.2843
epoch 109/200 loss 3.8025 train 0.1582 test 0.3086
epoch 108/200 loss 3.7698 train 0.1692 test 0.3020
epoch 109/200 loss 3.8221 train 0.1806 test 0.2443
epoch 110/200 loss 3.8194 train 0.1409 test 0.2635
epoch 109/200 loss 3.7457 train 0.1856 test 0.3029
epoch 111/200 loss 3.7612 train 0.1878 test 0.3246
epoch 110/200 loss 3.8158 train 0.1643 test 0.3135
epoch 110/200 loss 3.7986 train 0.1789 test 0.3102
epoch 112/200 loss 3.8123 train 0.1668 test 0.3148
epoch 111/200 loss 3.7892 train 0.1626 test 0.3248
epoch 111/200 loss 3.7543 train 0.1716 test 0.3183
epoch 113/200 loss 3.7584 train 0.1386 test 0.2979
epoch 112/200 loss 3.8281 train 0.1724 test 0.3018
epoch 112/200 loss 3.8462 train 0.1806 test 0.3229
epoch 114/200 loss 3.8272 train 0.1748 test 0.2753
epoch 113/200 loss 3.7654 train 0.1806 test 0.3225
epoch 113/200 loss 3.8047 train 0.1475 test 0.2970
epoch 115/200 loss 3.7163 train 0.1581 test 0.2979
epoch 114/200 loss 3.7750 train 0.1770 test 0.2998
epoch 114/200 loss 3.7930 train 0.1747 test 0.2677
epoch 115/200 loss 3.7506 train 0.2014 test 0.3215
epoch 116/200 loss 3.7549 train 0.2025 test 0.3211
epoch 115/200 loss 3.7588 train 0.1682 test 0.2755
epoch 116/200 loss 3.7592 train 0.1606 test 0.3137
epoch 116/200 loss 3.6854 train 0.1755 test 0.3359
epoch 117/200 loss 3.7582 train 0.1690 test 0.3422
epoch 117/200 loss 3.7248 train 0.2056 test 0.3154
epoch 118/200 loss 3.7356 train 0.1876 test 0.3502
epoch 117/200 loss 3.7148 train 0.1662 test 0.3254
epoch 118/200 loss 3.7117 train 0.1672 test 0.3438
epoch 119/200 loss 3.7372 train 0.2042 test 0.3186
epoch 118/200 loss 3.7155 train 0.2006 test 0.3306
epoch 119/200 loss 3.6717 train 0.1932 test 0.3206
epoch 120/200 loss 3.7113 train 0.1680 test 0.3495
epoch 119/200 loss 3.6934 train 0.1854 test 0.3446
epoch 120/200 loss 3.6108 train 0.2062 test 0.3122
epoch 121/200 loss 3.5951 train 0.2026 test 0.3499
epoch 120/200 loss 3.6288 train 0.1985 test 0.3378
epoch 121/200 loss 3.6252 train 0.2154 test 0.3441
epoch 122/200 loss 3.6714 train 0.2214 test 0.3390
epoch 121/200 loss 3.6530 train 0.1990 test 0.3247
epoch 122/200 loss 3.7022 train 0.1989 test 0.3465
epoch 123/200 loss 3.6122 train 0.1972 test 0.3437
epoch 122/200 loss 3.7769 train 0.1442 test 0.3368
epoch 124/200 loss 3.6353 train 0.1998 test 0.3407
epoch 123/200 loss 3.7347 train 0.1687 test 0.3422
epoch 123/200 loss 3.5933 train 0.1709 test 0.3301
epoch 125/200 loss 3.6172 train 0.2042 test 0.3340
epoch 124/200 loss 3.6706 train 0.1993 test 0.3503
epoch 124/200 loss 3.7328 train 0.1990 test 0.3493
epoch 126/200 loss 3.4841 train 0.2198 test 0.3583
epoch 125/200 loss 3.6701 train 0.1890 test 0.3224
epoch 125/200 loss 3.6706 train 0.2116 test 0.3348
epoch 127/200 loss 3.6532 train 0.2088 test 0.3511
epoch 126/200 loss 3.5917 train 0.2336 test 0.3676
epoch 126/200 loss 3.6351 train 0.1968 test 0.3686
epoch 128/200 loss 3.6947 train 0.2103 test 0.3735
epoch 127/200 loss 3.5838 train 0.2075 test 0.3626
epoch 127/200 loss 3.6419 train 0.1998 test 0.3266
epoch 128/200 loss 3.5793 train 0.1974 test 0.3649
epoch 129/200 loss 3.6967 train 0.2044 test 0.3851
epoch 128/200 loss 3.6510 train 0.2292 test 0.3494
epoch 129/200 loss 3.6102 train 0.2162 test 0.3600
epoch 130/200 loss 3.5702 train 0.2282 test 0.4056
epoch 129/200 loss 3.5643 train 0.2152 test 0.3519
epoch 130/200 loss 3.6479 train 0.1800 test 0.3560
epoch 131/200 loss 3.5545 train 0.2082 test 0.3754
epoch 130/200 loss 3.4516 train 0.2590 test 0.3706
epoch 131/200 loss 3.5382 train 0.2610 test 0.3783
epoch 132/200 loss 3.4581 train 0.2411 test 0.4060
epoch 131/200 loss 3.6059 train 0.2440 test 0.3630
epoch 132/200 loss 3.4983 train 0.2590 test 0.3975
epoch 132/200 loss 3.5634 train 0.2056 test 0.3948
epoch 133/200 loss 3.4730 train 0.2047 test 0.3606
epoch 133/200 loss 3.5142 train 0.2568 test 0.3918
epoch 134/200 loss 3.5152 train 0.2459 test 0.3740
epoch 133/200 loss 3.4648 train 0.2785 test 0.3905
epoch 134/200 loss 3.5405 train 0.1988 test 0.3824
epoch 134/200 loss 3.4790 train 0.2078 test 0.3656
epoch 135/200 loss 3.5658 train 0.2328 test 0.3901
epoch 135/200 loss 3.5851 train 0.2418 test 0.3743
epoch 135/200 loss 3.5722 train 0.2427 test 0.3935
epoch 136/200 loss 3.5876 train 0.2458 test 0.3523
epoch 136/200 loss 3.5577 train 0.2217 test 0.3678
epoch 136/200 loss 3.5491 train 0.2378 test 0.4015
epoch 137/200 loss 3.4859 train 0.2770 test 0.3785
epoch 137/200 loss 3.5923 train 0.2300 test 0.4082
epoch 138/200 loss 3.4688 train 0.2240 test 0.3724
epoch 137/200 loss 3.4085 train 0.2617 test 0.3569
epoch 138/200 loss 3.4915 train 0.2190 test 0.3735
epoch 138/200 loss 3.4744 train 0.2334 test 0.3904
epoch 139/200 loss 3.5056 train 0.2425 test 0.3809
epoch 139/200 loss 3.4811 train 0.2713 test 0.3990
epoch 139/200 loss 3.4710 train 0.2443 test 0.4000
epoch 140/200 loss 3.4893 train 0.2390 test 0.4010
epoch 140/200 loss 3.4666 train 0.2311 test 0.3882
epoch 140/200 loss 3.5627 train 0.2610 test 0.4055
epoch 141/200 loss 3.4891 train 0.2284 test 0.3907
epoch 141/200 loss 3.4481 train 0.2516 test 0.3893
epoch 141/200 loss 3.5086 train 0.2438 test 0.4060
epoch 142/200 loss 3.5464 train 0.2487 test 0.4171
epoch 142/200 loss 3.4258 train 0.2717 test 0.3851
epoch 142/200 loss 3.4887 train 0.2568 test 0.4043
epoch 143/200 loss 3.3516 train 0.2450 test 0.3992
epoch 143/200 loss 3.3605 train 0.2656 test 0.4210
epoch 143/200 loss 3.3858 train 0.2387 test 0.4359
epoch 144/200 loss 3.3293 train 0.2928 test 0.3706
epoch 144/200 loss 3.4606 train 0.2227 test 0.3988
epoch 144/200 loss 3.3346 train 0.2581 test 0.4207
epoch 145/200 loss 3.4376 train 0.2908 test 0.4173
epoch 145/200 loss 3.2977 train 0.2912 test 0.4197
epoch 146/200 loss 3.3393 train 0.3126 test 0.4278
epoch 145/200 loss 3.4492 train 0.2877 test 0.3988
epoch 146/200 loss 3.3287 train 0.2724 test 0.4088
epoch 147/200 loss 3.2842 train 0.2767 test 0.4057
epoch 146/200 loss 3.4086 train 0.2609 test 0.4127
epoch 147/200 loss 3.3996 train 0.2794 test 0.4095
epoch 147/200 loss 3.3961 train 0.3101 test 0.4427
epoch 148/200 loss 3.2328 train 0.2916 test 0.4151
epoch 148/200 loss 3.4187 train 0.2353 test 0.4086
epoch 149/200 loss 3.4841 train 0.2581 test 0.4266
epoch 148/200 loss 3.4611 train 0.2365 test 0.4218
epoch 149/200 loss 3.2993 train 0.2643 test 0.4310
epoch 149/200 loss 3.4138 train 0.2701 test 0.4170
epoch 150/200 loss 3.4488 train 0.2541 test 0.4046
epoch 150/200 loss 3.3869 train 0.2545 test 0.4273
epoch 151/200 loss 3.3606 train 0.2654 test 0.4371
epoch 150/200 loss 3.4387 train 0.3228 test 0.4263
epoch 151/200 loss 3.2137 train 0.2666 test 0.4217
epoch 152/200 loss 3.3477 train 0.2372 test 0.4310
epoch 151/200 loss 3.2931 train 0.2758 test 0.4273
epoch 152/200 loss 3.2994 train 0.2790 test 0.4295
epoch 152/200 loss 3.4232 train 0.3012 test 0.4267
epoch 153/200 loss 3.3278 train 0.2928 test 0.4546
epoch 153/200 loss 3.3032 train 0.2889 test 0.4497
epoch 154/200 loss 3.2548 train 0.2998 test 0.4353
epoch 153/200 loss 3.2399 train 0.3387 test 0.4355
epoch 155/200 loss 3.1443 train 0.2950 test 0.4619
epoch 154/200 loss 3.2940 train 0.3355 test 0.4348
epoch 154/200 loss 3.3441 train 0.2966 test 0.4390
epoch 155/200 loss 3.2190 train 0.3406 test 0.4377
epoch 156/200 loss 3.2256 train 0.3030 test 0.4502
epoch 155/200 loss 3.2880 train 0.3136 test 0.4516
epoch 157/200 loss 3.2072 train 0.3146 test 0.4708
epoch 156/200 loss 3.2153 train 0.3440 test 0.4581
epoch 156/200 loss 3.2287 train 0.3349 test 0.4500
epoch 158/200 loss 3.1943 train 0.2811 test 0.4519
epoch 157/200 loss 3.1353 train 0.2852 test 0.4364
epoch 157/200 loss 3.1230 train 0.3227 test 0.4422
epoch 159/200 loss 3.4116 train 0.2675 test 0.4459
epoch 158/200 loss 3.3470 train 0.2488 test 0.4687
epoch 158/200 loss 3.2945 train 0.2696 test 0.4607
epoch 160/200 loss 3.2091 train 0.3463 test 0.4759
epoch 159/200 loss 3.1689 train 0.3061 test 0.4445
epoch 159/200 loss 3.2689 train 0.2867 test 0.4521
epoch 161/200 loss 3.2641 train 0.2871 test 0.4632
epoch 160/200 loss 3.2850 train 0.2903 test 0.4667
epoch 160/200 loss 3.0254 train 0.3603 test 0.4663
epoch 162/200 loss 3.1131 train 0.3414 test 0.4753
epoch 161/200 loss 3.1335 train 0.2997 test 0.4516
epoch 161/200 loss 3.1149 train 0.3358 test 0.4743
epoch 163/200 loss 3.1071 train 0.3636 test 0.4679
epoch 162/200 loss 3.2049 train 0.2995 test 0.4579
epoch 162/200 loss 3.1139 train 0.3602 test 0.4724
epoch 164/200 loss 3.1006 train 0.4041 test 0.4620
epoch 163/200 loss 3.2266 train 0.3304 test 0.4682
epoch 163/200 loss 3.1280 train 0.3293 test 0.4492
epoch 165/200 loss 3.2315 train 0.3182 test 0.4618
epoch 164/200 loss 3.0530 train 0.3448 test 0.4846
epoch 164/200 loss 3.1319 train 0.3161 test 0.4522
epoch 165/200 loss 3.1790 train 0.2914 test 0.4752
epoch 166/200 loss 3.2055 train 0.3269 test 0.4817
epoch 165/200 loss 3.1545 train 0.3438 test 0.4598
epoch 166/200 loss 3.2087 train 0.3240 test 0.4685
epoch 166/200 loss 3.1073 train 0.3567 test 0.4642
epoch 167/200 loss 3.2833 train 0.2863 test 0.4720
epoch 167/200 loss 3.1080 train 0.3002 test 0.4707
epoch 168/200 loss 3.0283 train 0.4045 test 0.4728
epoch 167/200 loss 3.0641 train 0.3411 test 0.4593
epoch 169/200 loss 3.0844 train 0.3142 test 0.4860
epoch 168/200 loss 3.0504 train 0.3227 test 0.4634
epoch 168/200 loss 3.0487 train 0.3276 test 0.4712
epoch 170/200 loss 3.0021 train 0.3505 test 0.4819
epoch 169/200 loss 3.0301 train 0.3812 test 0.4688
epoch 169/200 loss 3.0285 train 0.4040 test 0.4898
epoch 171/200 loss 3.0812 train 0.3746 test 0.4860
epoch 170/200 loss 3.1744 train 0.3623 test 0.4800
epoch 170/200 loss 3.0088 train 0.4000 test 0.4926
epoch 172/200 loss 3.0575 train 0.3312 test 0.4842
epoch 171/200 loss 3.0980 train 0.3430 test 0.4778
epoch 171/200 loss 2.9320 train 0.3775 test 0.4831
epoch 173/200 loss 2.9416 train 0.3653 test 0.4985
epoch 172/200 loss 2.9710 train 0.4104 test 0.4912
epoch 172/200 loss 3.1341 train 0.3146 test 0.4883
epoch 174/200 loss 2.9774 train 0.3608 test 0.4948
epoch 173/200 loss 3.0580 train 0.3999 test 0.4816
epoch 173/200 loss 2.9995 train 0.3847 test 0.4959
epoch 174/200 loss 3.0824 train 0.3661 test 0.4834
epoch 175/200 loss 3.1068 train 0.3223 test 0.4953
epoch 174/200 loss 3.0121 train 0.3579 test 0.4998
epoch 175/200 loss 2.9901 train 0.3876 test 0.4974
epoch 176/200 loss 2.9369 train 0.4062 test 0.4993
epoch 175/200 loss 2.9365 train 0.3827 test 0.4916
epoch 176/200 loss 3.1228 train 0.3391 test 0.4824
epoch 176/200 loss 3.0265 train 0.4110 test 0.4946
epoch 177/200 loss 3.1260 train 0.3448 test 0.4976
epoch 177/200 loss 3.1266 train 0.3637 test 0.4954
epoch 177/200 loss 3.1411 train 0.3822 test 0.4995
epoch 178/200 loss 3.1321 train 0.2842 test 0.4963
epoch 178/200 loss 2.9656 train 0.3837 test 0.4990
epoch 179/200 loss 2.9078 train 0.4110 test 0.4958
epoch 178/200 loss 3.0920 train 0.3408 test 0.4914
epoch 179/200 loss 2.9638 train 0.3524 test 0.4987
epoch 180/200 loss 3.0234 train 0.3252 test 0.5054
epoch 179/200 loss 2.9071 train 0.3894 test 0.5004
epoch 180/200 loss 2.8991 train 0.3571 test 0.5038
epoch 181/200 loss 2.9598 train 0.4160 test 0.5010
epoch 180/200 loss 3.0150 train 0.3938 test 0.5021
epoch 181/200 loss 2.8835 train 0.4032 test 0.5063
epoch 181/200 loss 2.9320 train 0.3300 test 0.5022
epoch 182/200 loss 3.0003 train 0.3763 test 0.5023
epoch 182/200 loss 2.9123 train 0.3708 test 0.5049
epoch 183/200 loss 2.9514 train 0.3787 test 0.4978
epoch 182/200 loss 2.9510 train 0.4033 test 0.5003
epoch 183/200 loss 2.9192 train 0.3567 test 0.5082
epoch 184/200 loss 2.9260 train 0.3971 test 0.5056
epoch 183/200 loss 2.9971 train 0.3863 test 0.5006
epoch 184/200 loss 2.9558 train 0.4429 test 0.5091
epoch 185/200 loss 2.9643 train 0.3784 test 0.5079
epoch 184/200 loss 2.8950 train 0.4251 test 0.5004
epoch 185/200 loss 2.9349 train 0.3839 test 0.4997
epoch 186/200 loss 3.0300 train 0.4196 test 0.5080
epoch 185/200 loss 3.0190 train 0.3464 test 0.4999
epoch 186/200 loss 2.9055 train 0.3689 test 0.4997
epoch 187/200 loss 2.8532 train 0.4845 test 0.5120
epoch 186/200 loss 2.9509 train 0.3647 test 0.5003
epoch 187/200 loss 2.8714 train 0.3877 test 0.5081
epoch 187/200 loss 2.9025 train 0.3162 test 0.4998
epoch 188/200 loss 2.8418 train 0.3872 test 0.5149
epoch 188/200 loss 2.9352 train 0.3611 test 0.5108
epoch 188/200 loss 2.9026 train 0.4127 test 0.5050
epoch 189/200 loss 2.8761 train 0.3856 test 0.5093
epoch 189/200 loss 3.1007 train 0.3182 test 0.4959
epoch 189/200 loss 2.9503 train 0.3293 test 0.5127
epoch 190/200 loss 2.9437 train 0.3880 test 0.5105
epoch 190/200 loss 2.9724 train 0.4541 test 0.5079
epoch 191/200 loss 2.8839 train 0.4110 test 0.5120
epoch 190/200 loss 2.8448 train 0.4612 test 0.5083
epoch 191/200 loss 2.7872 train 0.3359 test 0.5097
epoch 191/200 loss 2.8540 train 0.4702 test 0.5053
epoch 192/200 loss 2.8903 train 0.3588 test 0.5122
epoch 192/200 loss 2.9743 train 0.3718 test 0.5013
epoch 192/200 loss 2.9740 train 0.3242 test 0.5088
epoch 193/200 loss 2.8660 train 0.4485 test 0.5097
epoch 193/200 loss 2.8594 train 0.3816 test 0.5076
epoch 194/200 loss 2.8842 train 0.3778 test 0.5110
epoch 193/200 loss 2.8230 train 0.4207 test 0.5112
epoch 195/200 loss 2.7556 train 0.5044 test 0.5132
epoch 194/200 loss 3.0197 train 0.3844 test 0.5058
epoch 194/200 loss 3.0082 train 0.3743 test 0.5053
epoch 195/200 loss 2.9063 train 0.4006 test 0.5100
epoch 196/200 loss 2.9150 train 0.3790 test 0.5094
epoch 195/200 loss 2.8674 train 0.4074 test 0.5037
epoch 196/200 loss 2.8140 train 0.4476 test 0.5119
epoch 197/200 loss 2.9423 train 0.3909 test 0.5070
epoch 196/200 loss 2.8948 train 0.4501 test 0.5057
epoch 197/200 loss 2.9114 train 0.3762 test 0.5110
epoch 198/200 loss 2.8624 train 0.3575 test 0.5114
epoch 197/200 loss 2.9769 train 0.3908 test 0.5091
epoch 198/200 loss 2.7766 train 0.4006 test 0.5070
epoch 199/200 loss 2.9994 train 0.3690 test 0.5104
epoch 198/200 loss 2.9211 train 0.3849 test 0.5074
epoch 200/200 loss 2.9076 train 0.3718 test 0.5132
done: final 0.5132 best 0.5149 -> ./runs/diagfuse_food_aug_10pct/seed1
epoch 199/200 loss 2.9091 train 0.3400 test 0.5062
epoch 199/200 loss 2.9054 train 0.3861 test 0.5086
epoch 200/200 loss 2.9391 train 0.4041 test 0.5044
done: final 0.5044 best 0.5097 -> ./runs/diagfuse_food_aug_10pct/seed0
epoch 200/200 loss 2.8414 train 0.4066 test 0.5119
done: final 0.5119 best 0.5127 -> ./runs/diagfuse_food_aug_10pct/seed2
--- diagfuse_food_prioraug_10pct seed2 2026-08-15T04:37:12+02:00
--- diagfuse_food_prioraug_10pct seed0 2026-08-15T04:37:12+02:00
--- diagfuse_food_prioraug_10pct seed1 2026-08-15T04:37:12+02:00
deit augmentation: randaug m9 + erasing .25 + mixup .8/cutmix 1.0 + label smoothing .1
moment-aux target calibrated on 1024 images
[diagfuse_food_prioraug_10pct seed1] {"params_trainable": 11222701, "params_stem_trainable": 0, "params_stem_fixed_filters": 0, "flops_total": 2226670080, "flops_stem": 0, "flops_image_size": 64}
deit augmentation: randaug m9 + erasing .25 + mixup .8/cutmix 1.0 + label smoothing .1
moment-aux target calibrated on 1024 images
[diagfuse_food_prioraug_10pct seed2] {"params_trainable": 11222701, "params_stem_trainable": 0, "params_stem_fixed_filters": 0, "flops_total": 2226670080, "flops_stem": 0, "flops_image_size": 64}
deit augmentation: randaug m9 + erasing .25 + mixup .8/cutmix 1.0 + label smoothing .1
moment-aux target calibrated on 1024 images
[diagfuse_food_prioraug_10pct seed0] {"params_trainable": 11222701, "params_stem_trainable": 0, "params_stem_fixed_filters": 0, "flops_total": 2226670080, "flops_stem": 0, "flops_image_size": 64}
epoch 1/200 loss 5.3392 train 0.0098 test 0.0168
epoch 1/200 loss 5.2863 train 0.0103 test 0.0117
epoch 1/200 loss 5.3451 train 0.0114 test 0.0183
epoch 2/200 loss 4.8965 train 0.0102 test 0.0199
epoch 2/200 loss 4.8750 train 0.0123 test 0.0192
epoch 2/200 loss 4.9065 train 0.0126 test 0.0295
epoch 3/200 loss 4.7714 train 0.0154 test 0.0270
epoch 3/200 loss 4.7881 train 0.0142 test 0.0359
epoch 3/200 loss 4.7703 train 0.0147 test 0.0268
epoch 4/200 loss 4.7400 train 0.0205 test 0.0364
epoch 4/200 loss 4.7344 train 0.0152 test 0.0421
epoch 4/200 loss 4.7341 train 0.0181 test 0.0404
epoch 5/200 loss 4.7121 train 0.0192 test 0.0416
epoch 5/200 loss 4.6960 train 0.0179 test 0.0475
epoch 5/200 loss 4.7165 train 0.0208 test 0.0402
epoch 6/200 loss 4.6732 train 0.0218 test 0.0505
epoch 6/200 loss 4.7012 train 0.0246 test 0.0444
epoch 6/200 loss 4.7039 train 0.0244 test 0.0437
epoch 7/200 loss 4.6387 train 0.0252 test 0.0477
epoch 7/200 loss 4.6491 train 0.0242 test 0.0463
epoch 7/200 loss 4.6452 train 0.0230 test 0.0618
epoch 8/200 loss 4.6442 train 0.0261 test 0.0538
epoch 8/200 loss 4.6239 train 0.0246 test 0.0546
epoch 8/200 loss 4.6494 train 0.0199 test 0.0572
epoch 9/200 loss 4.6601 train 0.0266 test 0.0438
epoch 9/200 loss 4.6135 train 0.0299 test 0.0509
epoch 9/200 loss 4.6112 train 0.0275 test 0.0651
epoch 10/200 loss 4.6087 train 0.0262 test 0.0694
epoch 10/200 loss 4.6019 train 0.0299 test 0.0763
epoch 10/200 loss 4.5884 train 0.0328 test 0.0655
epoch 11/200 loss 4.5945 train 0.0295 test 0.0578
epoch 11/200 loss 4.5992 train 0.0260 test 0.0566
epoch 11/200 loss 4.5726 train 0.0350 test 0.0641
epoch 12/200 loss 4.5581 train 0.0305 test 0.0703
epoch 12/200 loss 4.5722 train 0.0287 test 0.0660
epoch 12/200 loss 4.5547 train 0.0336 test 0.0495
epoch 13/200 loss 4.5710 train 0.0347 test 0.0789
epoch 13/200 loss 4.5708 train 0.0334 test 0.0686
epoch 13/200 loss 4.5485 train 0.0364 test 0.0736
epoch 14/200 loss 4.5585 train 0.0404 test 0.0598
epoch 14/200 loss 4.5648 train 0.0350 test 0.0737
epoch 14/200 loss 4.5368 train 0.0324 test 0.0596
epoch 15/200 loss 4.5375 train 0.0299 test 0.0502
epoch 15/200 loss 4.5541 train 0.0322 test 0.0694
epoch 15/200 loss 4.5403 train 0.0328 test 0.0670
epoch 16/200 loss 4.5348 train 0.0375 test 0.0827
epoch 16/200 loss 4.5295 train 0.0393 test 0.0639
epoch 16/200 loss 4.5160 train 0.0391 test 0.0741
epoch 17/200 loss 4.4761 train 0.0400 test 0.0795
epoch 17/200 loss 4.5173 train 0.0413 test 0.0558
epoch 17/200 loss 4.5043 train 0.0389 test 0.0884
epoch 18/200 loss 4.5037 train 0.0413 test 0.0627
epoch 18/200 loss 4.5064 train 0.0416 test 0.0766
epoch 18/200 loss 4.4997 train 0.0403 test 0.0540
epoch 19/200 loss 4.4764 train 0.0381 test 0.0699
epoch 19/200 loss 4.5001 train 0.0393 test 0.0709
epoch 19/200 loss 4.5170 train 0.0399 test 0.0766
epoch 20/200 loss 4.4758 train 0.0473 test 0.0893
epoch 20/200 loss 4.4753 train 0.0444 test 0.0754
epoch 20/200 loss 4.4871 train 0.0442 test 0.0919
epoch 21/200 loss 4.4887 train 0.0490 test 0.0801
epoch 21/200 loss 4.4673 train 0.0437 test 0.0966
epoch 21/200 loss 4.4732 train 0.0444 test 0.0865
epoch 22/200 loss 4.4561 train 0.0477 test 0.0986
epoch 22/200 loss 4.4580 train 0.0494 test 0.0775
epoch 22/200 loss 4.4593 train 0.0501 test 0.0880
epoch 23/200 loss 4.4632 train 0.0421 test 0.0940
epoch 23/200 loss 4.4639 train 0.0440 test 0.0963
epoch 23/200 loss 4.4460 train 0.0448 test 0.0602
epoch 24/200 loss 4.4578 train 0.0442 test 0.0954
epoch 24/200 loss 4.4732 train 0.0425 test 0.0735
epoch 24/200 loss 4.4330 train 0.0519 test 0.1062
epoch 25/200 loss 4.4300 train 0.0438 test 0.0923
epoch 25/200 loss 4.4391 train 0.0518 test 0.1005
epoch 25/200 loss 4.4470 train 0.0494 test 0.0920
epoch 26/200 loss 4.4253 train 0.0502 test 0.0496
epoch 26/200 loss 4.4304 train 0.0481 test 0.1133
epoch 26/200 loss 4.4427 train 0.0552 test 0.1019
epoch 27/200 loss 4.4231 train 0.0499 test 0.1181
epoch 27/200 loss 4.4365 train 0.0508 test 0.0846
epoch 27/200 loss 4.4008 train 0.0474 test 0.0642
epoch 28/200 loss 4.3851 train 0.0564 test 0.0930
epoch 28/200 loss 4.4143 train 0.0535 test 0.0903
epoch 28/200 loss 4.4249 train 0.0494 test 0.0986
epoch 29/200 loss 4.3937 train 0.0532 test 0.0977
epoch 29/200 loss 4.3999 train 0.0617 test 0.1191
epoch 29/200 loss 4.3907 train 0.0550 test 0.0889
epoch 30/200 loss 4.4181 train 0.0538 test 0.0975
epoch 30/200 loss 4.3782 train 0.0608 test 0.0934
epoch 30/200 loss 4.3901 train 0.0567 test 0.1002
epoch 31/200 loss 4.4102 train 0.0507 test 0.1059
epoch 31/200 loss 4.3902 train 0.0569 test 0.1161
epoch 31/200 loss 4.4019 train 0.0474 test 0.1149
epoch 32/200 loss 4.4188 train 0.0534 test 0.1137
epoch 32/200 loss 4.4334 train 0.0591 test 0.1288
epoch 32/200 loss 4.3939 train 0.0543 test 0.1048
epoch 33/200 loss 4.4188 train 0.0557 test 0.1124
epoch 33/200 loss 4.3642 train 0.0595 test 0.1003
epoch 33/200 loss 4.3815 train 0.0553 test 0.1290
epoch 34/200 loss 4.3327 train 0.0669 test 0.0927
epoch 34/200 loss 4.3720 train 0.0588 test 0.0954
epoch 34/200 loss 4.3426 train 0.0667 test 0.1012
epoch 35/200 loss 4.3526 train 0.0644 test 0.1029
epoch 35/200 loss 4.3604 train 0.0636 test 0.1259
epoch 35/200 loss 4.3529 train 0.0678 test 0.0878
epoch 36/200 loss 4.3626 train 0.0641 test 0.1265
epoch 36/200 loss 4.3491 train 0.0628 test 0.1167
epoch 36/200 loss 4.3568 train 0.0568 test 0.0968
epoch 37/200 loss 4.3706 train 0.0588 test 0.1210
epoch 37/200 loss 4.3329 train 0.0628 test 0.1087
epoch 37/200 loss 4.3166 train 0.0666 test 0.1121
epoch 38/200 loss 4.3439 train 0.0540 test 0.1374
epoch 38/200 loss 4.3380 train 0.0682 test 0.1147
epoch 38/200 loss 4.3414 train 0.0629 test 0.1326
epoch 39/200 loss 4.3295 train 0.0642 test 0.1341
epoch 39/200 loss 4.3254 train 0.0674 test 0.1140
epoch 39/200 loss 4.3475 train 0.0543 test 0.1375
epoch 40/200 loss 4.2911 train 0.0771 test 0.0946
epoch 40/200 loss 4.3641 train 0.0630 test 0.1135
epoch 40/200 loss 4.3458 train 0.0686 test 0.1164
epoch 41/200 loss 4.3337 train 0.0686 test 0.1329
epoch 41/200 loss 4.2907 train 0.0689 test 0.1470
epoch 41/200 loss 4.2919 train 0.0742 test 0.0914
epoch 42/200 loss 4.2810 train 0.0802 test 0.1381
epoch 42/200 loss 4.3088 train 0.0687 test 0.1124
epoch 42/200 loss 4.3229 train 0.0595 test 0.1143
epoch 43/200 loss 4.2483 train 0.0773 test 0.1074
epoch 43/200 loss 4.3546 train 0.0523 test 0.1373
epoch 43/200 loss 4.2824 train 0.0723 test 0.1297
epoch 44/200 loss 4.2868 train 0.0767 test 0.1042
epoch 44/200 loss 4.3079 train 0.0751 test 0.1410
epoch 44/200 loss 4.3088 train 0.0773 test 0.1117
epoch 45/200 loss 4.2681 train 0.0768 test 0.1595
epoch 45/200 loss 4.3083 train 0.0707 test 0.1416
epoch 45/200 loss 4.3397 train 0.0793 test 0.1330
epoch 46/200 loss 4.2626 train 0.0826 test 0.1658
epoch 46/200 loss 4.3023 train 0.0681 test 0.1152
epoch 46/200 loss 4.2782 train 0.0810 test 0.1410
epoch 47/200 loss 4.3031 train 0.0804 test 0.1455
epoch 47/200 loss 4.2862 train 0.0726 test 0.1250
epoch 47/200 loss 4.2880 train 0.0761 test 0.1273
epoch 48/200 loss 4.3009 train 0.0727 test 0.1001
epoch 48/200 loss 4.3030 train 0.0718 test 0.1585
epoch 48/200 loss 4.2505 train 0.0829 test 0.1435
epoch 49/200 loss 4.2812 train 0.0850 test 0.1096
epoch 49/200 loss 4.2722 train 0.0808 test 0.1554
epoch 49/200 loss 4.2962 train 0.0716 test 0.1595
epoch 50/200 loss 4.2505 train 0.0808 test 0.1518
epoch 50/200 loss 4.2642 train 0.0866 test 0.1676
epoch 50/200 loss 4.2407 train 0.0892 test 0.1256
epoch 51/200 loss 4.2276 train 0.0843 test 0.1445
epoch 51/200 loss 4.2184 train 0.0912 test 0.1398
epoch 51/200 loss 4.2226 train 0.0837 test 0.1872
epoch 52/200 loss 4.1985 train 0.0912 test 0.1186
epoch 52/200 loss 4.2096 train 0.0828 test 0.1435
epoch 52/200 loss 4.2605 train 0.0817 test 0.1440
epoch 53/200 loss 4.1855 train 0.0899 test 0.1518
epoch 53/200 loss 4.2008 train 0.0855 test 0.1641
epoch 53/200 loss 4.2320 train 0.0814 test 0.1252
epoch 54/200 loss 4.2066 train 0.0961 test 0.1866
epoch 54/200 loss 4.2437 train 0.0869 test 0.1365
epoch 54/200 loss 4.2358 train 0.0945 test 0.1235
epoch 55/200 loss 4.1495 train 0.0904 test 0.1346
epoch 55/200 loss 4.2076 train 0.0927 test 0.1219
epoch 55/200 loss 4.2398 train 0.0932 test 0.1737
epoch 56/200 loss 4.2003 train 0.1006 test 0.1539
epoch 56/200 loss 4.1774 train 0.0916 test 0.1660
epoch 56/200 loss 4.2182 train 0.0833 test 0.1600
epoch 57/200 loss 4.2194 train 0.0804 test 0.1717
epoch 57/200 loss 4.2250 train 0.0813 test 0.1859
epoch 57/200 loss 4.1920 train 0.0936 test 0.1494
epoch 58/200 loss 4.1910 train 0.0931 test 0.2091
epoch 58/200 loss 4.1804 train 0.0934 test 0.1999
epoch 58/200 loss 4.2034 train 0.0881 test 0.1589
epoch 59/200 loss 4.2147 train 0.0894 test 0.1577
epoch 59/200 loss 4.1789 train 0.0927 test 0.1724
epoch 59/200 loss 4.1947 train 0.1081 test 0.1609
epoch 60/200 loss 4.1689 train 0.1030 test 0.1830
epoch 60/200 loss 4.2035 train 0.0931 test 0.1551
epoch 60/200 loss 4.2092 train 0.1066 test 0.1662
epoch 61/200 loss 4.2146 train 0.0919 test 0.1725
epoch 61/200 loss 4.1714 train 0.0963 test 0.1815
epoch 61/200 loss 4.1568 train 0.0916 test 0.1666
epoch 62/200 loss 4.2078 train 0.0990 test 0.1869
epoch 62/200 loss 4.1979 train 0.1070 test 0.1745
epoch 62/200 loss 4.1845 train 0.1139 test 0.1834
epoch 63/200 loss 4.1657 train 0.0816 test 0.1696
epoch 63/200 loss 4.1589 train 0.1053 test 0.1901
epoch 63/200 loss 4.1415 train 0.0994 test 0.2008
epoch 64/200 loss 4.1465 train 0.0952 test 0.1924
epoch 64/200 loss 4.1712 train 0.1123 test 0.1823
epoch 64/200 loss 4.1426 train 0.1130 test 0.2012
epoch 65/200 loss 4.1173 train 0.1034 test 0.2347
epoch 65/200 loss 4.1384 train 0.0996 test 0.2038
epoch 65/200 loss 4.1143 train 0.1086 test 0.1913
epoch 66/200 loss 4.1338 train 0.1053 test 0.1682
epoch 66/200 loss 4.1010 train 0.1102 test 0.2097
epoch 66/200 loss 4.1466 train 0.1169 test 0.1787
epoch 67/200 loss 4.0888 train 0.1100 test 0.2102
epoch 67/200 loss 4.1530 train 0.0919 test 0.2109
epoch 67/200 loss 4.1329 train 0.1070 test 0.2099
epoch 68/200 loss 4.1219 train 0.1099 test 0.2269
epoch 68/200 loss 4.1427 train 0.0996 test 0.2209
epoch 68/200 loss 4.0892 train 0.1087 test 0.2065
epoch 69/200 loss 4.1009 train 0.1267 test 0.1886
epoch 69/200 loss 4.1185 train 0.1057 test 0.2095
epoch 69/200 loss 4.0697 train 0.1115 test 0.1775
epoch 70/200 loss 4.0743 train 0.1018 test 0.2253
epoch 70/200 loss 4.1188 train 0.1171 test 0.1955
epoch 70/200 loss 4.1121 train 0.1037 test 0.2358
epoch 71/200 loss 4.1221 train 0.1120 test 0.1827
epoch 71/200 loss 4.1036 train 0.1014 test 0.1596
epoch 71/200 loss 4.0684 train 0.1253 test 0.1875
epoch 72/200 loss 4.0575 train 0.1291 test 0.1873
epoch 72/200 loss 4.0698 train 0.1294 test 0.2512
epoch 72/200 loss 4.1358 train 0.1045 test 0.1488
epoch 73/200 loss 4.0737 train 0.1090 test 0.1775
epoch 73/200 loss 4.0858 train 0.1220 test 0.2342
epoch 73/200 loss 4.0306 train 0.1231 test 0.2232
epoch 74/200 loss 4.0401 train 0.1364 test 0.2114
epoch 74/200 loss 4.1220 train 0.1140 test 0.1975
epoch 74/200 loss 4.0913 train 0.1267 test 0.2455
epoch 75/200 loss 4.0352 train 0.1271 test 0.2482
epoch 75/200 loss 4.0841 train 0.1201 test 0.2340
epoch 75/200 loss 4.0741 train 0.1063 test 0.2152
epoch 76/200 loss 4.0897 train 0.1120 test 0.1970
epoch 76/200 loss 4.0346 train 0.1180 test 0.2491
epoch 76/200 loss 4.0757 train 0.1343 test 0.1943
epoch 77/200 loss 3.9639 train 0.1367 test 0.1814
epoch 77/200 loss 4.0051 train 0.1216 test 0.2433
epoch 77/200 loss 4.0692 train 0.1114 test 0.2281
epoch 78/200 loss 4.0237 train 0.1205 test 0.2396
epoch 78/200 loss 4.0794 train 0.1188 test 0.2336
epoch 78/200 loss 4.0335 train 0.1335 test 0.2134
epoch 79/200 loss 4.0201 train 0.1237 test 0.2385
epoch 79/200 loss 4.0271 train 0.1343 test 0.2237
epoch 79/200 loss 4.0040 train 0.1247 test 0.2495
epoch 80/200 loss 3.9968 train 0.1290 test 0.2114
epoch 80/200 loss 4.0851 train 0.1396 test 0.2246
epoch 80/200 loss 3.9753 train 0.1251 test 0.2171
epoch 81/200 loss 4.0300 train 0.1116 test 0.1722
epoch 81/200 loss 4.0106 train 0.1062 test 0.2259
epoch 81/200 loss 3.9500 train 0.1247 test 0.2182
epoch 82/200 loss 4.0028 train 0.1327 test 0.1927
epoch 82/200 loss 3.9720 train 0.1282 test 0.2149
epoch 82/200 loss 4.0155 train 0.1380 test 0.2471
epoch 83/200 loss 4.0209 train 0.1225 test 0.1777
epoch 83/200 loss 4.0387 train 0.1278 test 0.2518
epoch 83/200 loss 4.0249 train 0.1323 test 0.2389
epoch 84/200 loss 3.9460 train 0.1476 test 0.2510
epoch 84/200 loss 3.8909 train 0.1367 test 0.2666
epoch 84/200 loss 3.9968 train 0.1642 test 0.1675
epoch 85/200 loss 3.9096 train 0.1396 test 0.2706
epoch 85/200 loss 3.9874 train 0.1253 test 0.2703
epoch 85/200 loss 3.9922 train 0.1181 test 0.2181
epoch 86/200 loss 3.9831 train 0.1458 test 0.2307
epoch 86/200 loss 3.9601 train 0.1406 test 0.2498
epoch 86/200 loss 3.9557 train 0.1360 test 0.2269
epoch 87/200 loss 3.9123 train 0.1461 test 0.2519
epoch 87/200 loss 3.9886 train 0.1276 test 0.2514
epoch 87/200 loss 4.0044 train 0.1566 test 0.2767
epoch 88/200 loss 3.9921 train 0.1517 test 0.2160
epoch 88/200 loss 3.8861 train 0.1638 test 0.2559
epoch 88/200 loss 3.9472 train 0.1559 test 0.2667
epoch 89/200 loss 3.9610 train 0.1389 test 0.2654
epoch 89/200 loss 3.9205 train 0.1561 test 0.2064
epoch 89/200 loss 3.9547 train 0.1516 test 0.2853
epoch 90/200 loss 3.9290 train 0.1570 test 0.3004
epoch 90/200 loss 3.8960 train 0.1675 test 0.2537
epoch 90/200 loss 3.9516 train 0.1453 test 0.2476
epoch 91/200 loss 3.8274 train 0.1732 test 0.2787
epoch 91/200 loss 3.8987 train 0.1707 test 0.2760
epoch 91/200 loss 3.9665 train 0.1465 test 0.2602
epoch 92/200 loss 3.8590 train 0.1739 test 0.2481
epoch 92/200 loss 3.8733 train 0.1626 test 0.2685
epoch 92/200 loss 3.9198 train 0.1450 test 0.2550
epoch 93/200 loss 3.9351 train 0.1327 test 0.2670
epoch 93/200 loss 3.8949 train 0.1283 test 0.2709
epoch 93/200 loss 3.8520 train 0.1646 test 0.2659
epoch 94/200 loss 3.8915 train 0.1540 test 0.2660
epoch 94/200 loss 3.8836 train 0.1729 test 0.2859
epoch 94/200 loss 3.8645 train 0.1671 test 0.2702
epoch 95/200 loss 3.8675 train 0.1397 test 0.2655
epoch 95/200 loss 3.8913 train 0.1340 test 0.2754
epoch 95/200 loss 3.8827 train 0.1786 test 0.3021
epoch 96/200 loss 3.8812 train 0.1588 test 0.2851
epoch 96/200 loss 3.9488 train 0.1388 test 0.2596
epoch 96/200 loss 3.8722 train 0.1760 test 0.2991
epoch 97/200 loss 3.8182 train 0.1562 test 0.3036
epoch 97/200 loss 3.8913 train 0.1651 test 0.3134
epoch 97/200 loss 3.8749 train 0.1544 test 0.2797
epoch 98/200 loss 3.8857 train 0.1639 test 0.2850
epoch 98/200 loss 3.8127 train 0.1790 test 0.2631
epoch 98/200 loss 3.8441 train 0.1736 test 0.3263
epoch 99/200 loss 3.7895 train 0.1724 test 0.2941
epoch 99/200 loss 3.9044 train 0.1749 test 0.2898
epoch 99/200 loss 3.8364 train 0.1782 test 0.2755
epoch 100/200 loss 3.8436 train 0.1570 test 0.2226
epoch 100/200 loss 3.8305 train 0.1719 test 0.3285
epoch 100/200 loss 3.7078 train 0.1801 test 0.2658
epoch 101/200 loss 3.8426 train 0.1813 test 0.2845
epoch 101/200 loss 3.8307 train 0.1736 test 0.2922
epoch 101/200 loss 3.8032 train 0.1765 test 0.3294
epoch 102/200 loss 3.7932 train 0.1761 test 0.3015
epoch 102/200 loss 3.9130 train 0.1768 test 0.3180
epoch 102/200 loss 3.8274 train 0.1780 test 0.2828
epoch 103/200 loss 3.8136 train 0.1512 test 0.3014
epoch 103/200 loss 3.8689 train 0.1797 test 0.3062
epoch 103/200 loss 3.8083 train 0.1831 test 0.3475
epoch 104/200 loss 3.8260 train 0.1691 test 0.3124
epoch 104/200 loss 3.7756 train 0.2152 test 0.2988
epoch 104/200 loss 3.7355 train 0.2038 test 0.3138
epoch 105/200 loss 3.8080 train 0.1992 test 0.2918
epoch 105/200 loss 3.7756 train 0.1954 test 0.3309
epoch 105/200 loss 3.7982 train 0.1569 test 0.3183
epoch 106/200 loss 3.8014 train 0.1989 test 0.3542
epoch 106/200 loss 3.7100 train 0.1786 test 0.2834
epoch 106/200 loss 3.6831 train 0.2217 test 0.3059
epoch 107/200 loss 3.7400 train 0.1810 test 0.3009
epoch 107/200 loss 3.8903 train 0.1860 test 0.3405
epoch 107/200 loss 3.7931 train 0.2041 test 0.3410
epoch 108/200 loss 3.7533 train 0.1960 test 0.2903
epoch 108/200 loss 3.7696 train 0.1725 test 0.3257
epoch 108/200 loss 3.6649 train 0.1988 test 0.3559
epoch 109/200 loss 3.7339 train 0.2037 test 0.2896
epoch 109/200 loss 3.7082 train 0.1801 test 0.3131
epoch 109/200 loss 3.6378 train 0.2154 test 0.3023
epoch 110/200 loss 3.7180 train 0.1690 test 0.3186
epoch 110/200 loss 3.7057 train 0.2063 test 0.3270
epoch 110/200 loss 3.7343 train 0.1846 test 0.3581
epoch 111/200 loss 3.6620 train 0.2169 test 0.3297
epoch 111/200 loss 3.6692 train 0.1961 test 0.3445
epoch 111/200 loss 3.6748 train 0.1909 test 0.3330
epoch 112/200 loss 3.7249 train 0.1890 test 0.3536
epoch 112/200 loss 3.7612 train 0.1964 test 0.3219
epoch 112/200 loss 3.7624 train 0.2031 test 0.3160
epoch 113/200 loss 3.6605 train 0.1670 test 0.3285
epoch 113/200 loss 3.7284 train 0.1664 test 0.3202
epoch 113/200 loss 3.6713 train 0.1999 test 0.3487
epoch 114/200 loss 3.7386 train 0.2144 test 0.3520
epoch 114/200 loss 3.7009 train 0.2005 test 0.3145
epoch 114/200 loss 3.6956 train 0.2027 test 0.3513
epoch 115/200 loss 3.6133 train 0.1895 test 0.2962
epoch 115/200 loss 3.6770 train 0.2285 test 0.3369
epoch 115/200 loss 3.6547 train 0.1921 test 0.3469
epoch 116/200 loss 3.6715 train 0.2270 test 0.3474
epoch 116/200 loss 3.5896 train 0.1943 test 0.3434
epoch 116/200 loss 3.6618 train 0.1866 test 0.3760
epoch 117/200 loss 3.6570 train 0.2001 test 0.3547
epoch 117/200 loss 3.6230 train 0.1898 test 0.2991
epoch 117/200 loss 3.6480 train 0.2325 test 0.3315
epoch 118/200 loss 3.6391 train 0.2169 test 0.3440
epoch 118/200 loss 3.6166 train 0.2280 test 0.3615
epoch 118/200 loss 3.6283 train 0.1994 test 0.3703
epoch 119/200 loss 3.5887 train 0.2088 test 0.3439
epoch 119/200 loss 3.5923 train 0.2115 test 0.3474
epoch 119/200 loss 3.6457 train 0.2362 test 0.3101
epoch 120/200 loss 3.5189 train 0.2337 test 0.3683
epoch 120/200 loss 3.5268 train 0.2317 test 0.3630
epoch 120/200 loss 3.6168 train 0.1961 test 0.3744
epoch 121/200 loss 3.5335 train 0.2407 test 0.3438
epoch 121/200 loss 3.5437 train 0.2288 test 0.2982
epoch 121/200 loss 3.4783 train 0.2354 test 0.3343
epoch 122/200 loss 3.6915 train 0.1642 test 0.3729
epoch 122/200 loss 3.6111 train 0.2214 test 0.3726
epoch 122/200 loss 3.5786 train 0.2569 test 0.3573
epoch 123/200 loss 3.6483 train 0.1920 test 0.3787
epoch 123/200 loss 3.4852 train 0.1912 test 0.3680
epoch 123/200 loss 3.5104 train 0.2244 test 0.3721
epoch 124/200 loss 3.6355 train 0.2393 test 0.3452
epoch 124/200 loss 3.5215 train 0.2300 test 0.3607
epoch 124/200 loss 3.5840 train 0.2284 test 0.3902
epoch 125/200 loss 3.5724 train 0.2444 test 0.3884
epoch 125/200 loss 3.5097 train 0.2349 test 0.3515
epoch 125/200 loss 3.5856 train 0.2111 test 0.3821
epoch 126/200 loss 3.4819 train 0.2655 test 0.3709
epoch 126/200 loss 3.3530 train 0.2544 test 0.3811
epoch 126/200 loss 3.5351 train 0.2285 test 0.4011
epoch 127/200 loss 3.5407 train 0.2184 test 0.3535
epoch 127/200 loss 3.5563 train 0.2259 test 0.3770
epoch 127/200 loss 3.4915 train 0.2259 test 0.4048
epoch 128/200 loss 3.5492 train 0.2603 test 0.3329
epoch 128/200 loss 3.5959 train 0.2438 test 0.3917
epoch 128/200 loss 3.4809 train 0.2177 test 0.3937
epoch 129/200 loss 3.5923 train 0.2345 test 0.3813
epoch 129/200 loss 3.4544 train 0.2413 test 0.3931
epoch 129/200 loss 3.5137 train 0.2431 test 0.3806
epoch 130/200 loss 3.3188 train 0.2963 test 0.3739
epoch 130/200 loss 3.5585 train 0.2018 test 0.3772
epoch 130/200 loss 3.4757 train 0.2587 test 0.4158
epoch 131/200 loss 3.4910 train 0.2758 test 0.3958
epoch 131/200 loss 3.4668 train 0.2252 test 0.3598
epoch 131/200 loss 3.4569 train 0.2879 test 0.4030
epoch 132/200 loss 3.4499 train 0.2382 test 0.3676
epoch 132/200 loss 3.3449 train 0.2652 test 0.4242
epoch 132/200 loss 3.3974 train 0.2879 test 0.3841
epoch 133/200 loss 3.3390 train 0.3267 test 0.4252
epoch 133/200 loss 3.3593 train 0.2352 test 0.3809
epoch 133/200 loss 3.4125 train 0.2953 test 0.3897
epoch 134/200 loss 3.3548 train 0.2381 test 0.3810
epoch 134/200 loss 3.3986 train 0.2791 test 0.3805
epoch 134/200 loss 3.4520 train 0.2226 test 0.3754
epoch 135/200 loss 3.4563 train 0.2802 test 0.4067
epoch 135/200 loss 3.4625 train 0.2658 test 0.3867
epoch 135/200 loss 3.4917 train 0.2703 test 0.4110
epoch 136/200 loss 3.4452 train 0.2558 test 0.4135
epoch 136/200 loss 3.4814 train 0.2867 test 0.3778
epoch 136/200 loss 3.4606 train 0.2658 test 0.4161
epoch 137/200 loss 3.4893 train 0.2607 test 0.3983
epoch 137/200 loss 3.3710 train 0.3190 test 0.4233
epoch 137/200 loss 3.2920 train 0.2869 test 0.4055
epoch 138/200 loss 3.3628 train 0.2524 test 0.4093
epoch 138/200 loss 3.3608 train 0.2519 test 0.4093
epoch 138/200 loss 3.3732 train 0.2635 test 0.4108
epoch 139/200 loss 3.3697 train 0.2965 test 0.3700
epoch 139/200 loss 3.3864 train 0.2760 test 0.4162
epoch 139/200 loss 3.3698 train 0.2786 test 0.4147
epoch 140/200 loss 3.3475 train 0.2623 test 0.3933
epoch 140/200 loss 3.3476 train 0.2789 test 0.4198
epoch 140/200 loss 3.4577 train 0.2975 test 0.4039
epoch 141/200 loss 3.3201 train 0.2880 test 0.3920
epoch 141/200 loss 3.4280 train 0.2683 test 0.4027
epoch 141/200 loss 3.3710 train 0.2587 test 0.4064
epoch 142/200 loss 3.3049 train 0.3166 test 0.3850
epoch 142/200 loss 3.3881 train 0.2873 test 0.3931
epoch 142/200 loss 3.4440 train 0.2844 test 0.4095
epoch 143/200 loss 3.2312 train 0.3071 test 0.4338
epoch 143/200 loss 3.2843 train 0.2700 test 0.4463
epoch 143/200 loss 3.2297 train 0.2724 test 0.3996
epoch 144/200 loss 3.3296 train 0.2595 test 0.4174
epoch 144/200 loss 3.2162 train 0.2868 test 0.4249
epoch 144/200 loss 3.1912 train 0.3362 test 0.4116
epoch 145/200 loss 3.1643 train 0.3361 test 0.4064
epoch 145/200 loss 3.3506 train 0.3166 test 0.4311
epoch 145/200 loss 3.3183 train 0.3226 test 0.4275
epoch 146/200 loss 3.1816 train 0.3155 test 0.4423
epoch 146/200 loss 3.3039 train 0.2934 test 0.4260
epoch 146/200 loss 3.2096 train 0.3584 test 0.4065
epoch 147/200 loss 3.2735 train 0.3187 test 0.4013
epoch 147/200 loss 3.2949 train 0.3440 test 0.4417
epoch 147/200 loss 3.1329 train 0.3151 test 0.4208
epoch 148/200 loss 3.3508 train 0.2660 test 0.4184
epoch 148/200 loss 3.3140 train 0.2613 test 0.4083
epoch 148/200 loss 3.1025 train 0.3342 test 0.4256
epoch 149/200 loss 3.1637 train 0.2979 test 0.4347
epoch 149/200 loss 3.3153 train 0.3026 test 0.4212
epoch 149/200 loss 3.3744 train 0.2936 test 0.4392
epoch 150/200 loss 3.2636 train 0.2937 test 0.4283
epoch 150/200 loss 3.3463 train 0.3620 test 0.4255
epoch 150/200 loss 3.3245 train 0.2897 test 0.4264
epoch 151/200 loss 3.0832 train 0.3079 test 0.4347
epoch 151/200 loss 3.1847 train 0.3117 test 0.4445
epoch 151/200 loss 3.2288 train 0.3026 test 0.4310
epoch 152/200 loss 3.3022 train 0.3447 test 0.4249
epoch 152/200 loss 3.2281 train 0.2618 test 0.4259
epoch 152/200 loss 3.1931 train 0.3136 test 0.4203
epoch 153/200 loss 3.1039 train 0.3847 test 0.4423
epoch 153/200 loss 3.2146 train 0.3326 test 0.4369
epoch 153/200 loss 3.2000 train 0.3230 test 0.4323
epoch 154/200 loss 3.2284 train 0.3381 test 0.4495
epoch 154/200 loss 3.1171 train 0.3414 test 0.4408
epoch 154/200 loss 3.1769 train 0.3885 test 0.4397
epoch 155/200 loss 3.1612 train 0.3526 test 0.4354
epoch 155/200 loss 3.0153 train 0.3261 test 0.4547
epoch 155/200 loss 3.0971 train 0.3845 test 0.4338
epoch 156/200 loss 3.0909 train 0.3844 test 0.4400
epoch 156/200 loss 3.0852 train 0.3505 test 0.4455
epoch 156/200 loss 3.1012 train 0.3837 test 0.4611
epoch 157/200 loss 2.9967 train 0.3236 test 0.4392
epoch 157/200 loss 3.0721 train 0.3562 test 0.4582
epoch 157/200 loss 3.0000 train 0.3596 test 0.4474
epoch 158/200 loss 3.2204 train 0.2812 test 0.4472
epoch 158/200 loss 3.0537 train 0.3170 test 0.4533
epoch 158/200 loss 3.1852 train 0.2973 test 0.4598
epoch 159/200 loss 3.0226 train 0.3492 test 0.4406
epoch 159/200 loss 3.2902 train 0.3015 test 0.4295
epoch 159/200 loss 3.1534 train 0.3208 test 0.4553
epoch 160/200 loss 3.1620 train 0.3287 test 0.4617
epoch 160/200 loss 3.0793 train 0.3925 test 0.4636
epoch 160/200 loss 2.8969 train 0.3984 test 0.4498
epoch 161/200 loss 2.9597 train 0.3868 test 0.4598
epoch 161/200 loss 3.1314 train 0.3277 test 0.4448
epoch 161/200 loss 3.0064 train 0.3305 test 0.4581
epoch 162/200 loss 2.9616 train 0.4089 test 0.4735
epoch 162/200 loss 2.9707 train 0.3908 test 0.4617
epoch 162/200 loss 3.0851 train 0.3358 test 0.4492
epoch 163/200 loss 2.9988 train 0.3685 test 0.4480
epoch 163/200 loss 3.0795 train 0.3714 test 0.4652
epoch 163/200 loss 2.9681 train 0.4196 test 0.4589
epoch 164/200 loss 2.9953 train 0.3578 test 0.4539
epoch 164/200 loss 2.9592 train 0.4604 test 0.4507
epoch 164/200 loss 2.9088 train 0.3859 test 0.4690
epoch 165/200 loss 3.0538 train 0.3175 test 0.4537
epoch 165/200 loss 3.1126 train 0.3512 test 0.4537
epoch 165/200 loss 3.0411 train 0.3808 test 0.4690
epoch 166/200 loss 2.9871 train 0.3965 test 0.4650
epoch 166/200 loss 3.0642 train 0.3612 test 0.4630
epoch 166/200 loss 3.0801 train 0.3630 test 0.4747
epoch 167/200 loss 2.9568 train 0.3337 test 0.4655
epoch 167/200 loss 2.9445 train 0.3802 test 0.4547
epoch 167/200 loss 3.1639 train 0.3155 test 0.4671
epoch 168/200 loss 2.9311 train 0.3559 test 0.4761
epoch 168/200 loss 2.8981 train 0.3632 test 0.4502
epoch 168/200 loss 2.8877 train 0.4515 test 0.4597
epoch 169/200 loss 2.9050 train 0.4266 test 0.4745
epoch 169/200 loss 2.9463 train 0.3565 test 0.4666
epoch 169/200 loss 2.8833 train 0.4502 test 0.4754
epoch 170/200 loss 3.0694 train 0.3947 test 0.4719
epoch 170/200 loss 2.8673 train 0.3905 test 0.4716
epoch 170/200 loss 2.8604 train 0.4556 test 0.4734
epoch 171/200 loss 2.9397 train 0.3845 test 0.4712
epoch 171/200 loss 2.9532 train 0.4164 test 0.4755
epoch 171/200 loss 2.8018 train 0.4168 test 0.4779
epoch 172/200 loss 2.8138 train 0.4609 test 0.4688
epoch 172/200 loss 2.9204 train 0.3730 test 0.4710
epoch 172/200 loss 3.0116 train 0.3513 test 0.4729
epoch 173/200 loss 2.9174 train 0.4436 test 0.4630
epoch 173/200 loss 2.8813 train 0.4292 test 0.4890
epoch 173/200 loss 2.7889 train 0.4113 test 0.4842
epoch 174/200 loss 2.9426 train 0.4133 test 0.4712
epoch 174/200 loss 2.8968 train 0.3906 test 0.4910
epoch 174/200 loss 2.8318 train 0.4096 test 0.4752
epoch 175/200 loss 2.8501 train 0.4322 test 0.4755
epoch 175/200 loss 2.8124 train 0.4183 test 0.4870
epoch 175/200 loss 2.9629 train 0.3665 test 0.4747
epoch 176/200 loss 2.9920 train 0.3853 test 0.4708
epoch 176/200 loss 2.7901 train 0.4566 test 0.4797
epoch 176/200 loss 2.9146 train 0.4453 test 0.4888
epoch 177/200 loss 3.0231 train 0.4202 test 0.4877
epoch 177/200 loss 2.9931 train 0.3893 test 0.4738
epoch 177/200 loss 2.9944 train 0.4025 test 0.4815
epoch 178/200 loss 2.9719 train 0.3837 test 0.4748
epoch 178/200 loss 2.8232 train 0.4319 test 0.4744
epoch 178/200 loss 3.0099 train 0.3185 test 0.4741
epoch 179/200 loss 2.7783 train 0.4260 test 0.4967
epoch 179/200 loss 2.7739 train 0.4588 test 0.4833
epoch 179/200 loss 2.8091 train 0.4016 test 0.4809
epoch 180/200 loss 2.9024 train 0.4277 test 0.4865
epoch 180/200 loss 2.8817 train 0.3619 test 0.4848
epoch 180/200 loss 2.7435 train 0.4036 test 0.4821
epoch 181/200 loss 2.8105 train 0.3651 test 0.4893
epoch 181/200 loss 2.7437 train 0.4417 test 0.4831
epoch 181/200 loss 2.8271 train 0.4566 test 0.4883
epoch 182/200 loss 2.7830 train 0.4153 test 0.4949
epoch 182/200 loss 2.8619 train 0.4199 test 0.4850
epoch 182/200 loss 2.8075 train 0.4485 test 0.4765
epoch 183/200 loss 2.8888 train 0.4245 test 0.4849
epoch 183/200 loss 2.8178 train 0.4232 test 0.4760
epoch 183/200 loss 2.7807 train 0.4021 test 0.4878
epoch 184/200 loss 2.7709 train 0.4770 test 0.4923
epoch 184/200 loss 2.8113 train 0.5019 test 0.4933
epoch 184/200 loss 2.7806 train 0.4437 test 0.4863
epoch 185/200 loss 2.8997 train 0.3828 test 0.4886
epoch 185/200 loss 2.8016 train 0.4243 test 0.4867
epoch 185/200 loss 2.8250 train 0.4268 test 0.4882
epoch 186/200 loss 2.8396 train 0.3991 test 0.4945
epoch 186/200 loss 2.8970 train 0.4644 test 0.4953
epoch 186/200 loss 2.7555 train 0.4100 test 0.4765
epoch 187/200 loss 2.7741 train 0.3430 test 0.4928
epoch 187/200 loss 2.7143 train 0.5338 test 0.4893
epoch 187/200 loss 2.7171 train 0.4362 test 0.4868
epoch 188/200 loss 2.7978 train 0.4062 test 0.4862
epoch 188/200 loss 2.6906 train 0.4330 test 0.4940
epoch 188/200 loss 2.7793 train 0.4579 test 0.4918
epoch 189/200 loss 2.8230 train 0.3700 test 0.4876
epoch 189/200 loss 2.7473 train 0.4243 test 0.4872
epoch 189/200 loss 3.0008 train 0.3489 test 0.4815
epoch 190/200 loss 2.8135 train 0.4260 test 0.4881
epoch 190/200 loss 2.7019 train 0.5058 test 0.4834
epoch 190/200 loss 2.8673 train 0.4960 test 0.4971
epoch 191/200 loss 2.7137 train 0.5181 test 0.4823
epoch 191/200 loss 2.7590 train 0.4480 test 0.4907
epoch 191/200 loss 2.6695 train 0.3603 test 0.4983
epoch 192/200 loss 2.7548 train 0.3926 test 0.4921
epoch 192/200 loss 2.8371 train 0.3627 test 0.4831
epoch 192/200 loss 2.8624 train 0.4045 test 0.4888
epoch 193/200 loss 2.7419 train 0.4864 test 0.4873
epoch 193/200 loss 2.6729 train 0.4775 test 0.4886
epoch 193/200 loss 2.7432 train 0.4154 test 0.4968
epoch 194/200 loss 2.7480 train 0.4153 test 0.4906
epoch 194/200 loss 2.8671 train 0.4202 test 0.4805
epoch 194/200 loss 2.9171 train 0.4158 test 0.4910
epoch 195/200 loss 2.7702 train 0.4416 test 0.4851
epoch 195/200 loss 2.6255 train 0.5445 test 0.4899
epoch 195/200 loss 2.7571 train 0.4368 test 0.4879
epoch 196/200 loss 2.6681 train 0.4944 test 0.4878
epoch 196/200 loss 2.7738 train 0.4247 test 0.4861
epoch 196/200 loss 2.7844 train 0.4827 test 0.4910
epoch 197/200 loss 2.7705 train 0.4122 test 0.4913
epoch 197/200 loss 2.8032 train 0.4329 test 0.4826
epoch 197/200 loss 2.8734 train 0.4241 test 0.4946
epoch 198/200 loss 2.7896 train 0.4293 test 0.4836
epoch 198/200 loss 2.6560 train 0.4350 test 0.4931
epoch 198/200 loss 2.7328 train 0.3900 test 0.4888
epoch 199/200 loss 2.7697 train 0.4213 test 0.4822
epoch 199/200 loss 2.8059 train 0.3717 test 0.4932
epoch 199/200 loss 2.8687 train 0.4098 test 0.4891
epoch 200/200 loss 2.7082 train 0.4517 test 0.4910
done: final 0.4910 best 0.4933 -> ./runs/diagfuse_food_prioraug_10pct/seed2
epoch 200/200 loss 2.7696 train 0.4198 test 0.4924
done: final 0.4924 best 0.4953 -> ./runs/diagfuse_food_prioraug_10pct/seed1
epoch 200/200 loss 2.8257 train 0.4371 test 0.4918
done: final 0.4918 best 0.4983 -> ./runs/diagfuse_food_prioraug_10pct/seed0
--- diagfuse_food_priorssl_10pct seed1 2026-08-15T06:36:25+02:00
--- diagfuse_food_priorssl_10pct seed2 2026-08-15T06:36:25+02:00
--- diagfuse_food_priorssl_10pct seed0 2026-08-15T06:36:25+02:00
init_from runs/simclr_pre_food101_10pct/seed0/pretrain.pt: 120 tensors, 8 left at fresh init
moment-aux target calibrated on 1024 images
[diagfuse_food_priorssl_10pct seed0] {"params_trainable": 11222701, "params_stem_trainable": 0, "params_stem_fixed_filters": 0, "flops_total": 2226670080, "flops_stem": 0, "flops_image_size": 64}
init_from runs/simclr_pre_food101_10pct/seed2/pretrain.pt: 120 tensors, 8 left at fresh init
moment-aux target calibrated on 1024 images
[diagfuse_food_priorssl_10pct seed2] {"params_trainable": 11222701, "params_stem_trainable": 0, "params_stem_fixed_filters": 0, "flops_total": 2226670080, "flops_stem": 0, "flops_image_size": 64}
init_from runs/simclr_pre_food101_10pct/seed1/pretrain.pt: 120 tensors, 8 left at fresh init
moment-aux target calibrated on 1024 images
[diagfuse_food_priorssl_10pct seed1] {"params_trainable": 11222701, "params_stem_trainable": 0, "params_stem_fixed_filters": 0, "flops_total": 2226670080, "flops_stem": 0, "flops_image_size": 64}
epoch 1/200 loss 4.8170 train 0.0526 test 0.0923
epoch 1/200 loss 4.8073 train 0.0498 test 0.0882
epoch 1/200 loss 4.7963 train 0.0538 test 0.0937
epoch 2/200 loss 3.9850 train 0.1365 test 0.1560
epoch 2/200 loss 3.9681 train 0.1296 test 0.1423
epoch 2/200 loss 4.0071 train 0.1299 test 0.1359
epoch 3/200 loss 3.4419 train 0.2144 test 0.1744
epoch 3/200 loss 3.4882 train 0.2010 test 0.1640
epoch 3/200 loss 3.4936 train 0.1997 test 0.1646
epoch 4/200 loss 3.1383 train 0.2667 test 0.2131
epoch 4/200 loss 3.2159 train 0.2463 test 0.1875
epoch 4/200 loss 3.2416 train 0.2443 test 0.1786
epoch 5/200 loss 2.9171 train 0.3091 test 0.2004
epoch 5/200 loss 2.9756 train 0.2912 test 0.1970
epoch 5/200 loss 3.0117 train 0.2815 test 0.1880
epoch 6/200 loss 2.7355 train 0.3443 test 0.1455
epoch 6/200 loss 2.8889 train 0.3110 test 0.1826
epoch 6/200 loss 2.8394 train 0.3182 test 0.2168
epoch 7/200 loss 2.5576 train 0.3773 test 0.2321
epoch 7/200 loss 2.7216 train 0.3476 test 0.1712
epoch 7/200 loss 2.6735 train 0.3573 test 0.1691
epoch 8/200 loss 2.4185 train 0.4052 test 0.1909
epoch 8/200 loss 2.5989 train 0.3612 test 0.2212
epoch 8/200 loss 2.5398 train 0.3864 test 0.2094
epoch 9/200 loss 2.2868 train 0.4352 test 0.2340
epoch 9/200 loss 2.4531 train 0.3955 test 0.1982
epoch 9/200 loss 2.4219 train 0.4010 test 0.1924
epoch 10/200 loss 2.1886 train 0.4534 test 0.2554
epoch 10/200 loss 2.3675 train 0.4133 test 0.1999
epoch 10/200 loss 2.3102 train 0.4270 test 0.2326
epoch 11/200 loss 2.0625 train 0.4813 test 0.2649
epoch 11/200 loss 2.1987 train 0.4450 test 0.2535
epoch 11/200 loss 2.1620 train 0.4631 test 0.2413
epoch 12/200 loss 1.9319 train 0.5105 test 0.2129
epoch 12/200 loss 2.0563 train 0.4746 test 0.2303
epoch 12/200 loss 2.1809 train 0.4535 test 0.2337
epoch 13/200 loss 1.7927 train 0.5380 test 0.2549
epoch 13/200 loss 2.0053 train 0.4944 test 0.2372
epoch 13/200 loss 1.9839 train 0.4946 test 0.2723
epoch 14/200 loss 1.7027 train 0.5591 test 0.2152
epoch 14/200 loss 1.8515 train 0.5271 test 0.2981
epoch 14/200 loss 1.8845 train 0.5233 test 0.2594
epoch 15/200 loss 1.5857 train 0.5922 test 0.2345
epoch 15/200 loss 1.7041 train 0.5634 test 0.2435
epoch 15/200 loss 1.8221 train 0.5334 test 0.2523
epoch 16/200 loss 1.4344 train 0.6337 test 0.2414
epoch 16/200 loss 1.6028 train 0.5865 test 0.2560
epoch 16/200 loss 1.7745 train 0.5426 test 0.2272
epoch 17/200 loss 1.3645 train 0.6463 test 0.2109
epoch 17/200 loss 1.5290 train 0.6016 test 0.2549
epoch 17/200 loss 1.6096 train 0.5814 test 0.2657
epoch 18/200 loss 1.2519 train 0.6740 test 0.2366
epoch 18/200 loss 1.4311 train 0.6303 test 0.2574
epoch 18/200 loss 1.5201 train 0.6035 test 0.1805
epoch 19/200 loss 1.1730 train 0.6874 test 0.2463
epoch 19/200 loss 1.3208 train 0.6545 test 0.2747
epoch 19/200 loss 1.4789 train 0.6169 test 0.2263
epoch 20/200 loss 1.0648 train 0.7211 test 0.2805
epoch 20/200 loss 1.2021 train 0.6827 test 0.2618
epoch 20/200 loss 1.3576 train 0.6427 test 0.2383
epoch 21/200 loss 0.9529 train 0.7484 test 0.2408
epoch 21/200 loss 1.1085 train 0.7093 test 0.2774
epoch 21/200 loss 1.2180 train 0.6843 test 0.2904
epoch 22/200 loss 0.8590 train 0.7766 test 0.2229
epoch 22/200 loss 1.0610 train 0.7113 test 0.2586
epoch 22/200 loss 1.1281 train 0.6985 test 0.2257
epoch 23/200 loss 0.6946 train 0.8249 test 0.2351
epoch 23/200 loss 0.9562 train 0.7439 test 0.2700
epoch 23/200 loss 1.0543 train 0.7247 test 0.2074
epoch 24/200 loss 0.7088 train 0.8140 test 0.2440
epoch 24/200 loss 0.8686 train 0.7679 test 0.2863
epoch 24/200 loss 0.9977 train 0.7407 test 0.2596
epoch 25/200 loss 0.6369 train 0.8341 test 0.2812
epoch 25/200 loss 0.7797 train 0.7999 test 0.2869
epoch 25/200 loss 0.9608 train 0.7432 test 0.2405
epoch 26/200 loss 0.5404 train 0.8651 test 0.2830
epoch 26/200 loss 0.6748 train 0.8259 test 0.2612
epoch 26/200 loss 0.8246 train 0.7816 test 0.2760
epoch 27/200 loss 0.4604 train 0.8919 test 0.2771
epoch 27/200 loss 0.6898 train 0.8220 test 0.2758
epoch 27/200 loss 0.7453 train 0.8079 test 0.2992
epoch 28/200 loss 0.4274 train 0.8996 test 0.2811
epoch 28/200 loss 0.6302 train 0.8392 test 0.2597
epoch 28/200 loss 0.6815 train 0.8199 test 0.2664
epoch 29/200 loss 0.4045 train 0.9062 test 0.3192
epoch 29/200 loss 0.6201 train 0.8366 test 0.2697
epoch 29/200 loss 0.6267 train 0.8374 test 0.2657
epoch 30/200 loss 0.3931 train 0.9061 test 0.2799
epoch 30/200 loss 0.5888 train 0.8479 test 0.2894
epoch 30/200 loss 0.5123 train 0.8708 test 0.2752
epoch 31/200 loss 0.3889 train 0.9073 test 0.3128
epoch 31/200 loss 0.5983 train 0.8443 test 0.2702
epoch 31/200 loss 0.4130 train 0.9060 test 0.2934
epoch 32/200 loss 0.3546 train 0.9196 test 0.2803
epoch 32/200 loss 0.5454 train 0.8610 test 0.2620
epoch 32/200 loss 0.3398 train 0.9284 test 0.3099
epoch 33/200 loss 0.3499 train 0.9208 test 0.2987
epoch 33/200 loss 0.5260 train 0.8620 test 0.3046
epoch 33/200 loss 0.3136 train 0.9315 test 0.3044
epoch 34/200 loss 0.2862 train 0.9386 test 0.3205
epoch 34/200 loss 0.4425 train 0.8893 test 0.2595
epoch 34/200 loss 0.3004 train 0.9368 test 0.2605
epoch 35/200 loss 0.2191 train 0.9587 test 0.3342
epoch 35/200 loss 0.4144 train 0.9016 test 0.2754
epoch 35/200 loss 0.2858 train 0.9409 test 0.2958
epoch 36/200 loss 0.1887 train 0.9666 test 0.2987
epoch 36/200 loss 0.3398 train 0.9219 test 0.3113
epoch 36/200 loss 0.2741 train 0.9423 test 0.3082
epoch 37/200 loss 0.1668 train 0.9734 test 0.3348
epoch 37/200 loss 0.2554 train 0.9454 test 0.2914
epoch 37/200 loss 0.3017 train 0.9359 test 0.2755
epoch 38/200 loss 0.1560 train 0.9743 test 0.3244
epoch 38/200 loss 0.2501 train 0.9493 test 0.2879
epoch 38/200 loss 0.2555 train 0.9476 test 0.3237
epoch 39/200 loss 0.1374 train 0.9813 test 0.3387
epoch 39/200 loss 0.2404 train 0.9488 test 0.3035
epoch 39/200 loss 0.2274 train 0.9538 test 0.2870
epoch 40/200 loss 0.1257 train 0.9849 test 0.3451
epoch 40/200 loss 0.2695 train 0.9429 test 0.2943
epoch 40/200 loss 0.2088 train 0.9627 test 0.3328
epoch 41/200 loss 0.0844 train 0.9927 test 0.3794
epoch 41/200 loss 0.2729 train 0.9400 test 0.2851
epoch 41/200 loss 0.1647 train 0.9743 test 0.3489
epoch 42/200 loss 0.0573 train 0.9975 test 0.4046
epoch 42/200 loss 0.2704 train 0.9420 test 0.2859
epoch 42/200 loss 0.1389 train 0.9789 test 0.3623
epoch 43/200 loss 0.0412 train 0.9993 test 0.4054
epoch 43/200 loss 0.1149 train 0.9852 test 0.3590
epoch 43/200 loss 0.2583 train 0.9469 test 0.2544
epoch 44/200 loss 0.0358 train 0.9995 test 0.4122
epoch 44/200 loss 0.1222 train 0.9831 test 0.3625
epoch 44/200 loss 0.2737 train 0.9427 test 0.2938
epoch 45/200 loss 0.0311 train 1.0000 test 0.4206
epoch 45/200 loss 0.1465 train 0.9751 test 0.3004
epoch 45/200 loss 0.2507 train 0.9469 test 0.3081
epoch 46/200 loss 0.0292 train 0.9999 test 0.4263
epoch 46/200 loss 0.1498 train 0.9787 test 0.3280
epoch 46/200 loss 0.2084 train 0.9578 test 0.2732
epoch 47/200 loss 0.0283 train 0.9999 test 0.4062
epoch 47/200 loss 0.1330 train 0.9828 test 0.3458
epoch 47/200 loss 0.1611 train 0.9733 test 0.3440
epoch 48/200 loss 0.0285 train 1.0000 test 0.4252
epoch 48/200 loss 0.1418 train 0.9766 test 0.3266
epoch 48/200 loss 0.1259 train 0.9834 test 0.3179
epoch 49/200 loss 0.0267 train 1.0000 test 0.4286
epoch 49/200 loss 0.1473 train 0.9750 test 0.3213
epoch 49/200 loss 0.1078 train 0.9878 test 0.3429
epoch 50/200 loss 0.0264 train 1.0000 test 0.4279
epoch 50/200 loss 0.1616 train 0.9746 test 0.3187
epoch 51/200 loss 0.0265 train 1.0000 test 0.4266
epoch 50/200 loss 0.0734 train 0.9936 test 0.3676
epoch 51/200 loss 0.1816 train 0.9666 test 0.2978
epoch 52/200 loss 0.0266 train 1.0000 test 0.4319
epoch 51/200 loss 0.0556 train 0.9971 test 0.3763
epoch 52/200 loss 0.2684 train 0.9436 test 0.2042
epoch 53/200 loss 0.0273 train 1.0000 test 0.4284
epoch 52/200 loss 0.0414 train 0.9987 test 0.3977
epoch 53/200 loss 0.5591 train 0.8525 test 0.1200
epoch 54/200 loss 0.0272 train 1.0000 test 0.4307
epoch 53/200 loss 0.0316 train 1.0000 test 0.4124
epoch 54/200 loss 0.8996 train 0.7524 test 0.2207
epoch 54/200 loss 0.0273 train 1.0000 test 0.4125
epoch 55/200 loss 0.0264 train 1.0000 test 0.4268
epoch 55/200 loss 0.7084 train 0.8126 test 0.2513
epoch 55/200 loss 0.0261 train 1.0000 test 0.4145
epoch 56/200 loss 0.0269 train 1.0000 test 0.4289
epoch 56/200 loss 0.4343 train 0.8933 test 0.2625
epoch 57/200 loss 0.0262 train 1.0000 test 0.4271
epoch 56/200 loss 0.0260 train 1.0000 test 0.4198
epoch 57/200 loss 0.2206 train 0.9586 test 0.3409
epoch 58/200 loss 0.0259 train 1.0000 test 0.4319
epoch 57/200 loss 0.0245 train 1.0000 test 0.4211
epoch 58/200 loss 0.1313 train 0.9811 test 0.3583
epoch 58/200 loss 0.0260 train 1.0000 test 0.4167
epoch 59/200 loss 0.0269 train 1.0000 test 0.4241
epoch 59/200 loss 0.0773 train 0.9938 test 0.3829
epoch 59/200 loss 0.0248 train 1.0000 test 0.4218
epoch 60/200 loss 0.0258 train 1.0000 test 0.4190
epoch 60/200 loss 0.0239 train 1.0000 test 0.4176
epoch 61/200 loss 0.0260 train 1.0000 test 0.4288
epoch 60/200 loss 0.0507 train 0.9974 test 0.4004
epoch 62/200 loss 0.0268 train 1.0000 test 0.4255
epoch 61/200 loss 0.0247 train 1.0000 test 0.4229
epoch 61/200 loss 0.0359 train 0.9997 test 0.4244
epoch 63/200 loss 0.0273 train 0.9997 test 0.3315
epoch 62/200 loss 0.0245 train 1.0000 test 0.4230
epoch 62/200 loss 0.0293 train 0.9999 test 0.4268
epoch 64/200 loss 1.1044 train 0.7492 test 0.0570
epoch 63/200 loss 0.0253 train 1.0000 test 0.4192
epoch 63/200 loss 0.0274 train 0.9999 test 0.4284
epoch 65/200 loss 2.6111 train 0.3611 test 0.1265
epoch 64/200 loss 0.0254 train 1.0000 test 0.4195
epoch 64/200 loss 0.0259 train 1.0000 test 0.4293
epoch 66/200 loss 1.7846 train 0.5535 test 0.2011
epoch 65/200 loss 0.0242 train 1.0000 test 0.4242
epoch 65/200 loss 0.0248 train 1.0000 test 0.4341
epoch 67/200 loss 1.3444 train 0.6525 test 0.2127
epoch 66/200 loss 0.0236 train 1.0000 test 0.4249
epoch 66/200 loss 0.0248 train 1.0000 test 0.4362
epoch 68/200 loss 0.9896 train 0.7511 test 0.2473
epoch 67/200 loss 0.0240 train 1.0000 test 0.4312
epoch 67/200 loss 0.0244 train 1.0000 test 0.4201
epoch 69/200 loss 0.7307 train 0.8154 test 0.2326
epoch 68/200 loss 0.0234 train 1.0000 test 0.4394
epoch 68/200 loss 0.0245 train 1.0000 test 0.4223
epoch 70/200 loss 0.5226 train 0.8762 test 0.2837
epoch 69/200 loss 0.0236 train 1.0000 test 0.4363
epoch 69/200 loss 0.0240 train 1.0000 test 0.4213
epoch 71/200 loss 0.3774 train 0.9183 test 0.2928
epoch 70/200 loss 0.0237 train 1.0000 test 0.4375
epoch 70/200 loss 0.0237 train 1.0000 test 0.4259
epoch 72/200 loss 0.3076 train 0.9349 test 0.3132
epoch 71/200 loss 0.0240 train 1.0000 test 0.4375
epoch 71/200 loss 0.0225 train 1.0000 test 0.4226
epoch 73/200 loss 0.2308 train 0.9534 test 0.3368
epoch 72/200 loss 0.0232 train 1.0000 test 0.4371
epoch 72/200 loss 0.0218 train 1.0000 test 0.4190
epoch 74/200 loss 0.1813 train 0.9693 test 0.3160
epoch 73/200 loss 0.0230 train 1.0000 test 0.4390
epoch 73/200 loss 0.0220 train 1.0000 test 0.4206
epoch 75/200 loss 0.1234 train 0.9816 test 0.3442
epoch 74/200 loss 0.0226 train 1.0000 test 0.4406
epoch 74/200 loss 0.0227 train 1.0000 test 0.4158
epoch 76/200 loss 0.0794 train 0.9921 test 0.3682
epoch 75/200 loss 0.0227 train 1.0000 test 0.4376
epoch 75/200 loss 0.0223 train 1.0000 test 0.4171
epoch 77/200 loss 0.0477 train 0.9981 test 0.3990
epoch 76/200 loss 0.0223 train 1.0000 test 0.4407
epoch 76/200 loss 0.0223 train 1.0000 test 0.4145
epoch 78/200 loss 0.0324 train 0.9997 test 0.4174
epoch 77/200 loss 0.0216 train 1.0000 test 0.4145
epoch 77/200 loss 0.0220 train 1.0000 test 0.4427
epoch 79/200 loss 0.0252 train 1.0000 test 0.4236
epoch 78/200 loss 0.1149 train 0.9877 test 0.1715
epoch 78/200 loss 0.0220 train 1.0000 test 0.4426
epoch 80/200 loss 0.0245 train 0.9999 test 0.4214
epoch 79/200 loss 0.0214 train 1.0000 test 0.4404
epoch 79/200 loss 2.4420 train 0.4224 test 0.1026
epoch 81/200 loss 0.0224 train 1.0000 test 0.4251
epoch 80/200 loss 0.0211 train 1.0000 test 0.4410
epoch 80/200 loss 2.1815 train 0.4547 test 0.2079
epoch 82/200 loss 0.0222 train 1.0000 test 0.4257
epoch 81/200 loss 0.0210 train 1.0000 test 0.4368
epoch 81/200 loss 1.4679 train 0.6276 test 0.1999
epoch 83/200 loss 0.0207 train 1.0000 test 0.4307
epoch 82/200 loss 0.0212 train 1.0000 test 0.4388
epoch 82/200 loss 1.0863 train 0.7244 test 0.1858
epoch 84/200 loss 0.0206 train 1.0000 test 0.4275
epoch 83/200 loss 0.0211 train 1.0000 test 0.4368
epoch 83/200 loss 0.8469 train 0.7835 test 0.2391
epoch 85/200 loss 0.0202 train 1.0000 test 0.4301
epoch 84/200 loss 0.0212 train 1.0000 test 0.4401
epoch 84/200 loss 0.6286 train 0.8465 test 0.2635
epoch 86/200 loss 0.0201 train 1.0000 test 0.4302
epoch 85/200 loss 0.0211 train 1.0000 test 0.4447
epoch 85/200 loss 0.4187 train 0.9078 test 0.3043
epoch 87/200 loss 0.0202 train 1.0000 test 0.4275
epoch 86/200 loss 0.0389 train 0.9984 test 0.3389
epoch 86/200 loss 0.2598 train 0.9502 test 0.3239
epoch 88/200 loss 0.0201 train 1.0000 test 0.4343
epoch 87/200 loss 0.1626 train 0.9770 test 0.3327
epoch 87/200 loss 0.1371 train 0.9883 test 0.2422
epoch 89/200 loss 0.0196 train 1.0000 test 0.4288
epoch 88/200 loss 0.1108 train 0.9864 test 0.3571
epoch 88/200 loss 1.3098 train 0.6817 test 0.0436
epoch 90/200 loss 0.0198 train 1.0000 test 0.4314
epoch 89/200 loss 0.0742 train 0.9938 test 0.3796
epoch 89/200 loss 1.8599 train 0.5257 test 0.1488
epoch 91/200 loss 0.0194 train 1.0000 test 0.4319
epoch 90/200 loss 0.0500 train 0.9974 test 0.3916
epoch 90/200 loss 1.0937 train 0.7197 test 0.2790
epoch 92/200 loss 0.0195 train 1.0000 test 0.4350
epoch 91/200 loss 0.0323 train 0.9993 test 0.4110
epoch 91/200 loss 0.6314 train 0.8453 test 0.3095
epoch 93/200 loss 0.0186 train 1.0000 test 0.4354
epoch 92/200 loss 0.0249 train 0.9999 test 0.4186
epoch 92/200 loss 0.3333 train 0.9352 test 0.2874
epoch 94/200 loss 0.0193 train 1.0000 test 0.4387
epoch 93/200 loss 0.1736 train 0.9743 test 0.3463
epoch 93/200 loss 0.0224 train 0.9999 test 0.4189
epoch 95/200 loss 0.0191 train 1.0000 test 0.4350
epoch 94/200 loss 0.0967 train 0.9902 test 0.3842
epoch 94/200 loss 0.0216 train 0.9999 test 0.4210
epoch 96/200 loss 0.0191 train 1.0000 test 0.4337
epoch 95/200 loss 0.0573 train 0.9970 test 0.3951
epoch 95/200 loss 0.0200 train 1.0000 test 0.4221
epoch 97/200 loss 0.0190 train 1.0000 test 0.4350
epoch 96/200 loss 0.0379 train 0.9992 test 0.4154
epoch 98/200 loss 0.0186 train 1.0000 test 0.4377
epoch 96/200 loss 0.0190 train 1.0000 test 0.4252
epoch 97/200 loss 0.0295 train 0.9993 test 0.4148
epoch 99/200 loss 0.0186 train 1.0000 test 0.4304
epoch 97/200 loss 0.0185 train 1.0000 test 0.4254
epoch 98/200 loss 0.0242 train 0.9999 test 0.4337
epoch 100/200 loss 0.0184 train 1.0000 test 0.4351
epoch 98/200 loss 0.0179 train 1.0000 test 0.4280
epoch 99/200 loss 0.0210 train 1.0000 test 0.4305
epoch 101/200 loss 0.0175 train 1.0000 test 0.4352
epoch 99/200 loss 0.0182 train 1.0000 test 0.4267
epoch 100/200 loss 0.0194 train 1.0000 test 0.4332
epoch 102/200 loss 0.0181 train 1.0000 test 0.4360
epoch 100/200 loss 0.0180 train 1.0000 test 0.4267
epoch 101/200 loss 0.0182 train 1.0000 test 0.4358
epoch 103/200 loss 0.0178 train 1.0000 test 0.4383
epoch 101/200 loss 0.0179 train 0.9999 test 0.4250
epoch 102/200 loss 0.0173 train 0.9999 test 0.4346
epoch 104/200 loss 0.0176 train 1.0000 test 0.4388
epoch 102/200 loss 0.0187 train 1.0000 test 0.4288
epoch 103/200 loss 0.0167 train 1.0000 test 0.4370
epoch 105/200 loss 0.0173 train 1.0000 test 0.4406
epoch 103/200 loss 0.0182 train 1.0000 test 0.4271
epoch 104/200 loss 0.0167 train 1.0000 test 0.4351
epoch 106/200 loss 0.0175 train 1.0000 test 0.4278
epoch 104/200 loss 0.0172 train 1.0000 test 0.4289
epoch 105/200 loss 0.0165 train 1.0000 test 0.4387
epoch 107/200 loss 0.0176 train 1.0000 test 0.4316
epoch 105/200 loss 0.0171 train 1.0000 test 0.4321
epoch 106/200 loss 0.0163 train 1.0000 test 0.4370
epoch 108/200 loss 0.0174 train 1.0000 test 0.4390
epoch 106/200 loss 0.0171 train 1.0000 test 0.4309
epoch 107/200 loss 0.0167 train 1.0000 test 0.4357
epoch 109/200 loss 0.0179 train 1.0000 test 0.4408
epoch 107/200 loss 0.0170 train 1.0000 test 0.4290
epoch 108/200 loss 0.0162 train 1.0000 test 0.4412
epoch 110/200 loss 0.0163 train 1.0000 test 0.4364
epoch 108/200 loss 0.0171 train 1.0000 test 0.4343
epoch 109/200 loss 0.0155 train 1.0000 test 0.4382
epoch 111/200 loss 0.0163 train 1.0000 test 0.4383
epoch 109/200 loss 0.0168 train 1.0000 test 0.4279
epoch 110/200 loss 0.0155 train 1.0000 test 0.4388
epoch 112/200 loss 0.0164 train 1.0000 test 0.4379
epoch 110/200 loss 0.0165 train 1.0000 test 0.4289
epoch 111/200 loss 0.0154 train 1.0000 test 0.4411
epoch 113/200 loss 0.0202 train 0.9999 test 0.4023
epoch 111/200 loss 0.0163 train 1.0000 test 0.4294
epoch 112/200 loss 0.0160 train 1.0000 test 0.4364
epoch 114/200 loss 0.1832 train 0.9779 test 0.2018
epoch 112/200 loss 0.0162 train 1.0000 test 0.4322
epoch 113/200 loss 0.0157 train 1.0000 test 0.4407
epoch 115/200 loss 0.6566 train 0.8692 test 0.2067
epoch 113/200 loss 0.0161 train 1.0000 test 0.4342
epoch 114/200 loss 0.0153 train 1.0000 test 0.4417
epoch 114/200 loss 0.0161 train 1.0000 test 0.4343
epoch 116/200 loss 0.9180 train 0.7799 test 0.1813
epoch 117/200 loss 0.7300 train 0.8294 test 0.2662
epoch 115/200 loss 0.0149 train 1.0000 test 0.4460
epoch 115/200 loss 0.0162 train 1.0000 test 0.4333
epoch 118/200 loss 0.3699 train 0.9313 test 0.3126
epoch 116/200 loss 0.0153 train 1.0000 test 0.4371
epoch 116/200 loss 0.0167 train 0.9999 test 0.4324
epoch 119/200 loss 0.1828 train 0.9742 test 0.3542
epoch 117/200 loss 0.0165 train 1.0000 test 0.4342
epoch 117/200 loss 0.0155 train 1.0000 test 0.4404
epoch 120/200 loss 0.0789 train 0.9944 test 0.3761
epoch 118/200 loss 0.0150 train 1.0000 test 0.4419
epoch 118/200 loss 0.0158 train 1.0000 test 0.4314
epoch 121/200 loss 0.0345 train 0.9996 test 0.4200
epoch 119/200 loss 0.0157 train 1.0000 test 0.4351
epoch 119/200 loss 0.0151 train 1.0000 test 0.4438
epoch 122/200 loss 0.0219 train 1.0000 test 0.4223
epoch 120/200 loss 0.0151 train 1.0000 test 0.4425
epoch 120/200 loss 0.0156 train 1.0000 test 0.4337
epoch 123/200 loss 0.0185 train 1.0000 test 0.4300
epoch 121/200 loss 0.0155 train 1.0000 test 0.4360
epoch 121/200 loss 0.0144 train 1.0000 test 0.4438
epoch 122/200 loss 0.0154 train 1.0000 test 0.4352
epoch 124/200 loss 0.0165 train 1.0000 test 0.4308
epoch 122/200 loss 0.0145 train 1.0000 test 0.4427
epoch 125/200 loss 0.0152 train 1.0000 test 0.4326
epoch 123/200 loss 0.0150 train 1.0000 test 0.4350
epoch 123/200 loss 0.0145 train 1.0000 test 0.4437
epoch 124/200 loss 0.0145 train 1.0000 test 0.4354
epoch 124/200 loss 0.0145 train 1.0000 test 0.4455
epoch 126/200 loss 0.0139 train 1.0000 test 0.4330
epoch 127/200 loss 0.0136 train 1.0000 test 0.4325
epoch 125/200 loss 0.0145 train 1.0000 test 0.4418
epoch 125/200 loss 0.0144 train 1.0000 test 0.4360
epoch 126/200 loss 0.0145 train 1.0000 test 0.4345
epoch 128/200 loss 0.0132 train 1.0000 test 0.4316
epoch 126/200 loss 0.0143 train 1.0000 test 0.4461
epoch 127/200 loss 0.0139 train 1.0000 test 0.4447
epoch 127/200 loss 0.0142 train 1.0000 test 0.4320
epoch 129/200 loss 0.0129 train 1.0000 test 0.4333
epoch 128/200 loss 0.0140 train 1.0000 test 0.4451
epoch 128/200 loss 0.0139 train 1.0000 test 0.4364
epoch 130/200 loss 0.0123 train 1.0000 test 0.4345
epoch 129/200 loss 0.0137 train 1.0000 test 0.4493
epoch 131/200 loss 0.0119 train 1.0000 test 0.4344
epoch 129/200 loss 0.0140 train 1.0000 test 0.4347
epoch 130/200 loss 0.0137 train 1.0000 test 0.4455
epoch 132/200 loss 0.0116 train 1.0000 test 0.4357
epoch 130/200 loss 0.0140 train 1.0000 test 0.4372
epoch 131/200 loss 0.0133 train 1.0000 test 0.4428
epoch 133/200 loss 0.0117 train 1.0000 test 0.4368
epoch 131/200 loss 0.0142 train 1.0000 test 0.4360
epoch 132/200 loss 0.0135 train 1.0000 test 0.4478
epoch 132/200 loss 0.0137 train 1.0000 test 0.4390
epoch 134/200 loss 0.0116 train 1.0000 test 0.4354
epoch 133/200 loss 0.0133 train 1.0000 test 0.4458
epoch 135/200 loss 0.0114 train 1.0000 test 0.4350
epoch 133/200 loss 0.0129 train 1.0000 test 0.4375
epoch 134/200 loss 0.0129 train 1.0000 test 0.4484
epoch 136/200 loss 0.0109 train 1.0000 test 0.4366
epoch 134/200 loss 0.0130 train 1.0000 test 0.4386
epoch 135/200 loss 0.0133 train 1.0000 test 0.4485
epoch 135/200 loss 0.0131 train 1.0000 test 0.4366
epoch 137/200 loss 0.0110 train 1.0000 test 0.4365
epoch 136/200 loss 0.0131 train 1.0000 test 0.4472
epoch 136/200 loss 0.0134 train 1.0000 test 0.4378
epoch 138/200 loss 0.0107 train 1.0000 test 0.4376
epoch 137/200 loss 0.0126 train 1.0000 test 0.4490
epoch 139/200 loss 0.0108 train 1.0000 test 0.4379
epoch 137/200 loss 0.0132 train 1.0000 test 0.4362
epoch 138/200 loss 0.0127 train 1.0000 test 0.4489
epoch 138/200 loss 0.0130 train 1.0000 test 0.4361
epoch 140/200 loss 0.0111 train 1.0000 test 0.4373
epoch 139/200 loss 0.0124 train 1.0000 test 0.4501
epoch 139/200 loss 0.0127 train 1.0000 test 0.4393
epoch 141/200 loss 0.0104 train 1.0000 test 0.4381
epoch 140/200 loss 0.0122 train 1.0000 test 0.4472
epoch 142/200 loss 0.0106 train 1.0000 test 0.4387
epoch 140/200 loss 0.0124 train 1.0000 test 0.4406
epoch 141/200 loss 0.0123 train 1.0000 test 0.4490
epoch 141/200 loss 0.0120 train 1.0000 test 0.4389
epoch 143/200 loss 0.0106 train 1.0000 test 0.4380
epoch 142/200 loss 0.0120 train 1.0000 test 0.4502
epoch 144/200 loss 0.0106 train 1.0000 test 0.4402
epoch 142/200 loss 0.0124 train 1.0000 test 0.4397
epoch 145/200 loss 0.0104 train 1.0000 test 0.4388
epoch 143/200 loss 0.0122 train 1.0000 test 0.4491
epoch 143/200 loss 0.0126 train 1.0000 test 0.4409
epoch 144/200 loss 0.0121 train 1.0000 test 0.4505
epoch 146/200 loss 0.0101 train 1.0000 test 0.4396
epoch 144/200 loss 0.0122 train 1.0000 test 0.4381
epoch 145/200 loss 0.0122 train 1.0000 test 0.4503
epoch 147/200 loss 0.0100 train 1.0000 test 0.4406
epoch 145/200 loss 0.0119 train 1.0000 test 0.4400
epoch 146/200 loss 0.0118 train 1.0000 test 0.4511
epoch 148/200 loss 0.0100 train 1.0000 test 0.4404
epoch 146/200 loss 0.0118 train 1.0000 test 0.4405
epoch 147/200 loss 0.0116 train 1.0000 test 0.4510
epoch 149/200 loss 0.0102 train 1.0000 test 0.4391
epoch 147/200 loss 0.0120 train 1.0000 test 0.4423
epoch 148/200 loss 0.0113 train 1.0000 test 0.4509
epoch 150/200 loss 0.0100 train 1.0000 test 0.4411
epoch 148/200 loss 0.0116 train 1.0000 test 0.4397
epoch 149/200 loss 0.0115 train 1.0000 test 0.4491
epoch 151/200 loss 0.0104 train 1.0000 test 0.4408
epoch 149/200 loss 0.0114 train 1.0000 test 0.4421
epoch 150/200 loss 0.0117 train 1.0000 test 0.4509
epoch 152/200 loss 0.0100 train 1.0000 test 0.4409
epoch 150/200 loss 0.0116 train 1.0000 test 0.4424
epoch 151/200 loss 0.0111 train 1.0000 test 0.4513
epoch 153/200 loss 0.0101 train 1.0000 test 0.4402
epoch 151/200 loss 0.0112 train 1.0000 test 0.4419
epoch 152/200 loss 0.0111 train 1.0000 test 0.4520
epoch 154/200 loss 0.0099 train 1.0000 test 0.4397
epoch 152/200 loss 0.0112 train 1.0000 test 0.4413
epoch 153/200 loss 0.0109 train 1.0000 test 0.4499
epoch 155/200 loss 0.0099 train 1.0000 test 0.4401
epoch 153/200 loss 0.0108 train 1.0000 test 0.4436
epoch 154/200 loss 0.0111 train 1.0000 test 0.4530
epoch 156/200 loss 0.0100 train 1.0000 test 0.4415
epoch 154/200 loss 0.0107 train 1.0000 test 0.4407
epoch 155/200 loss 0.0109 train 1.0000 test 0.4493
epoch 157/200 loss 0.0100 train 1.0000 test 0.4411
epoch 155/200 loss 0.0109 train 1.0000 test 0.4425
epoch 158/200 loss 0.0094 train 1.0000 test 0.4404
epoch 156/200 loss 0.0109 train 1.0000 test 0.4527
epoch 156/200 loss 0.0106 train 1.0000 test 0.4421
epoch 159/200 loss 0.0097 train 1.0000 test 0.4407
epoch 157/200 loss 0.0105 train 1.0000 test 0.4429
epoch 157/200 loss 0.0107 train 1.0000 test 0.4526
epoch 160/200 loss 0.0096 train 1.0000 test 0.4411
epoch 158/200 loss 0.0109 train 1.0000 test 0.4495
epoch 158/200 loss 0.0107 train 1.0000 test 0.4439
epoch 161/200 loss 0.0095 train 1.0000 test 0.4406
epoch 159/200 loss 0.0107 train 1.0000 test 0.4404
epoch 159/200 loss 0.0106 train 1.0000 test 0.4532
epoch 162/200 loss 0.0096 train 1.0000 test 0.4404
epoch 160/200 loss 0.0104 train 1.0000 test 0.4524
epoch 160/200 loss 0.0105 train 1.0000 test 0.4444
epoch 161/200 loss 0.0103 train 1.0000 test 0.4530
epoch 163/200 loss 0.0094 train 1.0000 test 0.4417
epoch 161/200 loss 0.0105 train 1.0000 test 0.4423
epoch 162/200 loss 0.0102 train 1.0000 test 0.4419
epoch 162/200 loss 0.0101 train 1.0000 test 0.4505
epoch 164/200 loss 0.0093 train 1.0000 test 0.4420
epoch 163/200 loss 0.0103 train 1.0000 test 0.4434
epoch 163/200 loss 0.0099 train 1.0000 test 0.4525
epoch 165/200 loss 0.0090 train 1.0000 test 0.4425
epoch 164/200 loss 0.0102 train 1.0000 test 0.4445
epoch 164/200 loss 0.0101 train 1.0000 test 0.4535
epoch 166/200 loss 0.0092 train 1.0000 test 0.4431
epoch 165/200 loss 0.0100 train 1.0000 test 0.4437
epoch 165/200 loss 0.0100 train 1.0000 test 0.4526
epoch 167/200 loss 0.0093 train 1.0000 test 0.4416
epoch 166/200 loss 0.0099 train 1.0000 test 0.4442
epoch 166/200 loss 0.0097 train 1.0000 test 0.4539
epoch 168/200 loss 0.0090 train 1.0000 test 0.4411
epoch 167/200 loss 0.0098 train 1.0000 test 0.4434
epoch 167/200 loss 0.0096 train 1.0000 test 0.4548
epoch 169/200 loss 0.0094 train 1.0000 test 0.4420
epoch 168/200 loss 0.0098 train 1.0000 test 0.4442
epoch 170/200 loss 0.0091 train 1.0000 test 0.4406
epoch 168/200 loss 0.0099 train 1.0000 test 0.4535
epoch 169/200 loss 0.0097 train 1.0000 test 0.4461
epoch 171/200 loss 0.0090 train 1.0000 test 0.4432
epoch 169/200 loss 0.0098 train 1.0000 test 0.4533
epoch 170/200 loss 0.0095 train 1.0000 test 0.4461
epoch 172/200 loss 0.0091 train 1.0000 test 0.4423
epoch 170/200 loss 0.0096 train 1.0000 test 0.4538
epoch 171/200 loss 0.0097 train 1.0000 test 0.4444
epoch 173/200 loss 0.0089 train 1.0000 test 0.4403
epoch 171/200 loss 0.0095 train 1.0000 test 0.4557
epoch 174/200 loss 0.0091 train 1.0000 test 0.4428
epoch 172/200 loss 0.0092 train 1.0000 test 0.4457
epoch 172/200 loss 0.0094 train 1.0000 test 0.4564
epoch 175/200 loss 0.0087 train 1.0000 test 0.4440
epoch 173/200 loss 0.0093 train 1.0000 test 0.4452
epoch 173/200 loss 0.0097 train 1.0000 test 0.4559
epoch 176/200 loss 0.0088 train 1.0000 test 0.4419
epoch 174/200 loss 0.0096 train 1.0000 test 0.4444
epoch 174/200 loss 0.0094 train 1.0000 test 0.4552
epoch 177/200 loss 0.0086 train 1.0000 test 0.4406
epoch 175/200 loss 0.0094 train 1.0000 test 0.4536
epoch 175/200 loss 0.0092 train 1.0000 test 0.4446
epoch 178/200 loss 0.0086 train 1.0000 test 0.4423
epoch 176/200 loss 0.0091 train 1.0000 test 0.4448
epoch 176/200 loss 0.0095 train 1.0000 test 0.4550
epoch 179/200 loss 0.0084 train 1.0000 test 0.4415
epoch 177/200 loss 0.0092 train 1.0000 test 0.4549
epoch 177/200 loss 0.0092 train 1.0000 test 0.4448
epoch 178/200 loss 0.0092 train 1.0000 test 0.4537
epoch 180/200 loss 0.0086 train 1.0000 test 0.4425
epoch 178/200 loss 0.0093 train 1.0000 test 0.4459
epoch 179/200 loss 0.0093 train 1.0000 test 0.4554
epoch 179/200 loss 0.0091 train 1.0000 test 0.4438
epoch 181/200 loss 0.0086 train 1.0000 test 0.4404
epoch 180/200 loss 0.0093 train 1.0000 test 0.4450
epoch 182/200 loss 0.0085 train 1.0000 test 0.4421
epoch 180/200 loss 0.0093 train 1.0000 test 0.4540
epoch 183/200 loss 0.0084 train 1.0000 test 0.4426
epoch 181/200 loss 0.0092 train 1.0000 test 0.4462
epoch 181/200 loss 0.0090 train 1.0000 test 0.4548
epoch 184/200 loss 0.0083 train 1.0000 test 0.4424
epoch 182/200 loss 0.0091 train 1.0000 test 0.4452
epoch 182/200 loss 0.0092 train 1.0000 test 0.4553
epoch 185/200 loss 0.0085 train 1.0000 test 0.4426
epoch 183/200 loss 0.0090 train 1.0000 test 0.4441
epoch 183/200 loss 0.0088 train 1.0000 test 0.4549
epoch 184/200 loss 0.0090 train 1.0000 test 0.4552
epoch 186/200 loss 0.0083 train 1.0000 test 0.4428
epoch 184/200 loss 0.0089 train 1.0000 test 0.4463
epoch 185/200 loss 0.0091 train 1.0000 test 0.4523
epoch 185/200 loss 0.0088 train 1.0000 test 0.4459
epoch 187/200 loss 0.0083 train 1.0000 test 0.4423
epoch 186/200 loss 0.0089 train 1.0000 test 0.4560
epoch 188/200 loss 0.0084 train 1.0000 test 0.4418
epoch 186/200 loss 0.0089 train 1.0000 test 0.4458
epoch 187/200 loss 0.0089 train 1.0000 test 0.4552
epoch 189/200 loss 0.0084 train 1.0000 test 0.4434
epoch 187/200 loss 0.0087 train 1.0000 test 0.4463
epoch 188/200 loss 0.0090 train 1.0000 test 0.4552
epoch 190/200 loss 0.0082 train 1.0000 test 0.4428
epoch 188/200 loss 0.0088 train 1.0000 test 0.4457
epoch 189/200 loss 0.0090 train 1.0000 test 0.4552
epoch 191/200 loss 0.0083 train 1.0000 test 0.4425
epoch 189/200 loss 0.0088 train 1.0000 test 0.4456
epoch 190/200 loss 0.0085 train 1.0000 test 0.4545
epoch 190/200 loss 0.0088 train 1.0000 test 0.4455
epoch 192/200 loss 0.0086 train 1.0000 test 0.4423
epoch 191/200 loss 0.0088 train 1.0000 test 0.4559
epoch 193/200 loss 0.0083 train 1.0000 test 0.4427
epoch 191/200 loss 0.0087 train 1.0000 test 0.4443
epoch 192/200 loss 0.0089 train 1.0000 test 0.4549
epoch 194/200 loss 0.0080 train 1.0000 test 0.4426
epoch 192/200 loss 0.0086 train 1.0000 test 0.4464
epoch 193/200 loss 0.0087 train 1.0000 test 0.4557
epoch 195/200 loss 0.0080 train 1.0000 test 0.4441
epoch 193/200 loss 0.0088 train 1.0000 test 0.4456
epoch 194/200 loss 0.0087 train 1.0000 test 0.4547
epoch 196/200 loss 0.0081 train 1.0000 test 0.4412
epoch 194/200 loss 0.0088 train 1.0000 test 0.4453
epoch 195/200 loss 0.0087 train 1.0000 test 0.4544
epoch 197/200 loss 0.0081 train 1.0000 test 0.4426
epoch 195/200 loss 0.0087 train 1.0000 test 0.4457
epoch 196/200 loss 0.0085 train 1.0000 test 0.4552
epoch 198/200 loss 0.0081 train 1.0000 test 0.4428
epoch 196/200 loss 0.0089 train 1.0000 test 0.4463
epoch 199/200 loss 0.0082 train 1.0000 test 0.4425
epoch 197/200 loss 0.0086 train 1.0000 test 0.4550
epoch 197/200 loss 0.0087 train 1.0000 test 0.4466
epoch 200/200 loss 0.0084 train 1.0000 test 0.4430
done: final 0.4430 best 0.4441 -> ./runs/diagfuse_food_priorssl_10pct/seed0
epoch 198/200 loss 0.0087 train 1.0000 test 0.4563
epoch 198/200 loss 0.0087 train 1.0000 test 0.4465
epoch 199/200 loss 0.0086 train 1.0000 test 0.4548
epoch 199/200 loss 0.0087 train 1.0000 test 0.4482
epoch 200/200 loss 0.0087 train 1.0000 test 0.4549
done: final 0.4549 best 0.4564 -> ./runs/diagfuse_food_priorssl_10pct/seed1
epoch 200/200 loss 0.0085 train 1.0000 test 0.4450
done: final 0.4450 best 0.4482 -> ./runs/diagfuse_food_priorssl_10pct/seed2
--- diagfuse_food_priorssl_25pct seed1 2026-08-15T08:34:31+02:00
--- diagfuse_food_priorssl_25pct seed0 2026-08-15T08:34:31+02:00
--- diagfuse_food_priorssl_25pct seed2 2026-08-15T08:34:31+02:00
init_from runs/simclr_pre_food101_25pct/seed1/pretrain.pt: 120 tensors, 8 left at fresh init
moment-aux target calibrated on 1024 images
[diagfuse_food_priorssl_25pct seed1] {"params_trainable": 11222701, "params_stem_trainable": 0, "params_stem_fixed_filters": 0, "flops_total": 2226670080, "flops_stem": 0, "flops_image_size": 64}
init_from runs/simclr_pre_food101_25pct/seed0/pretrain.pt: 120 tensors, 8 left at fresh init
moment-aux target calibrated on 1024 images
[diagfuse_food_priorssl_25pct seed0] {"params_trainable": 11222701, "params_stem_trainable": 0, "params_stem_fixed_filters": 0, "flops_total": 2226670080, "flops_stem": 0, "flops_image_size": 64}
init_from runs/simclr_pre_food101_25pct/seed2/pretrain.pt: 120 tensors, 8 left at fresh init
moment-aux target calibrated on 1024 images
[diagfuse_food_priorssl_25pct seed2] {"params_trainable": 11222701, "params_stem_trainable": 0, "params_stem_fixed_filters": 0, "flops_total": 2226670080, "flops_stem": 0, "flops_image_size": 64}
epoch 1/200 loss 4.1358 train 0.1405 test 0.1620
epoch 1/200 loss 4.1862 train 0.1275 test 0.1716
epoch 1/200 loss 4.1334 train 0.1379 test 0.1705
epoch 2/200 loss 3.0763 train 0.2848 test 0.2006
epoch 2/200 loss 3.1300 train 0.2716 test 0.2414
epoch 2/200 loss 3.1125 train 0.2764 test 0.1943
epoch 3/200 loss 2.7672 train 0.3412 test 0.2467
epoch 3/200 loss 2.8234 train 0.3316 test 0.1817
epoch 3/200 loss 2.7844 train 0.3334 test 0.2702
epoch 4/200 loss 2.5538 train 0.3839 test 0.2807
epoch 4/200 loss 2.5869 train 0.3761 test 0.1928
epoch 4/200 loss 2.5651 train 0.3822 test 0.2828
epoch 5/200 loss 2.3942 train 0.4164 test 0.3376
epoch 5/200 loss 2.4280 train 0.4116 test 0.3087
epoch 5/200 loss 2.4090 train 0.4131 test 0.3361
epoch 6/200 loss 2.2563 train 0.4479 test 0.3008
epoch 6/200 loss 2.2841 train 0.4387 test 0.3531
epoch 6/200 loss 2.2935 train 0.4345 test 0.2625
epoch 7/200 loss 2.1493 train 0.4685 test 0.3145
epoch 7/200 loss 2.1734 train 0.4609 test 0.3150
epoch 7/200 loss 2.1676 train 0.4647 test 0.3415
epoch 8/200 loss 2.0506 train 0.4899 test 0.3046
epoch 8/200 loss 2.0750 train 0.4873 test 0.3270
epoch 8/200 loss 2.0723 train 0.4869 test 0.3183
epoch 9/200 loss 1.9719 train 0.5076 test 0.3567
epoch 9/200 loss 1.9720 train 0.5025 test 0.3519
epoch 9/200 loss 1.9926 train 0.4994 test 0.3737
epoch 10/200 loss 1.8861 train 0.5249 test 0.3101
epoch 10/200 loss 1.9266 train 0.5174 test 0.3280
epoch 10/200 loss 1.8992 train 0.5220 test 0.3735
epoch 11/200 loss 1.7957 train 0.5461 test 0.3763
epoch 11/200 loss 1.8220 train 0.5408 test 0.2865
epoch 11/200 loss 1.8159 train 0.5383 test 0.3651
epoch 12/200 loss 1.7537 train 0.5534 test 0.3566
epoch 12/200 loss 1.7265 train 0.5560 test 0.3438
epoch 12/200 loss 1.7493 train 0.5539 test 0.3932
epoch 13/200 loss 1.6922 train 0.5668 test 0.3554
epoch 13/200 loss 1.6894 train 0.5667 test 0.3359
epoch 13/200 loss 1.6667 train 0.5700 test 0.3034
epoch 14/200 loss 1.6123 train 0.5873 test 0.3613
epoch 14/200 loss 1.6407 train 0.5803 test 0.3594
epoch 14/200 loss 1.5996 train 0.5869 test 0.3623
epoch 15/200 loss 1.5375 train 0.6042 test 0.3925
epoch 15/200 loss 1.5649 train 0.6010 test 0.3282
epoch 15/200 loss 1.5519 train 0.6017 test 0.3209
epoch 16/200 loss 1.5182 train 0.6053 test 0.3746
epoch 16/200 loss 1.4825 train 0.6166 test 0.3486
epoch 16/200 loss 1.5071 train 0.6080 test 0.3823
epoch 17/200 loss 1.4303 train 0.6256 test 0.3649
epoch 17/200 loss 1.4524 train 0.6244 test 0.3860
epoch 17/200 loss 1.4239 train 0.6262 test 0.4137
epoch 18/200 loss 1.3808 train 0.6390 test 0.3392
epoch 18/200 loss 1.3628 train 0.6443 test 0.4070
epoch 18/200 loss 1.3983 train 0.6370 test 0.4010
epoch 19/200 loss 1.3302 train 0.6509 test 0.3869
epoch 19/200 loss 1.3205 train 0.6550 test 0.3645
epoch 19/200 loss 1.3504 train 0.6461 test 0.3044
epoch 20/200 loss 1.3005 train 0.6574 test 0.3683
epoch 20/200 loss 1.2831 train 0.6633 test 0.3610
epoch 20/200 loss 1.2487 train 0.6707 test 0.3890
epoch 21/200 loss 1.2289 train 0.6755 test 0.2956
epoch 21/200 loss 1.2767 train 0.6648 test 0.3911
epoch 21/200 loss 1.2624 train 0.6607 test 0.3466
epoch 22/200 loss 1.2119 train 0.6782 test 0.4200
epoch 22/200 loss 1.2140 train 0.6794 test 0.3771
epoch 22/200 loss 1.1712 train 0.6936 test 0.3271
epoch 23/200 loss 1.1384 train 0.7007 test 0.3195
epoch 23/200 loss 1.1644 train 0.6893 test 0.3726
epoch 23/200 loss 1.1459 train 0.6969 test 0.3702
epoch 24/200 loss 1.1115 train 0.7034 test 0.3851
epoch 24/200 loss 1.1321 train 0.6988 test 0.4174
epoch 24/200 loss 1.1298 train 0.6980 test 0.3765
epoch 25/200 loss 1.0717 train 0.7145 test 0.3518
epoch 25/200 loss 1.0878 train 0.7118 test 0.3900
epoch 25/200 loss 1.0685 train 0.7160 test 0.3783
epoch 26/200 loss 1.0345 train 0.7237 test 0.4113
epoch 26/200 loss 1.0289 train 0.7240 test 0.3870
epoch 26/200 loss 1.0494 train 0.7205 test 0.3949
epoch 27/200 loss 1.0098 train 0.7287 test 0.3764
epoch 27/200 loss 1.0276 train 0.7253 test 0.3762
epoch 27/200 loss 0.9957 train 0.7310 test 0.4135
epoch 28/200 loss 0.9651 train 0.7407 test 0.3967
epoch 28/200 loss 0.9418 train 0.7492 test 0.3262
epoch 28/200 loss 0.9874 train 0.7341 test 0.4104
epoch 29/200 loss 0.9332 train 0.7487 test 0.3696
epoch 29/200 loss 0.9126 train 0.7538 test 0.4038
epoch 29/200 loss 0.9730 train 0.7358 test 0.3731
epoch 30/200 loss 0.8864 train 0.7608 test 0.3559
epoch 30/200 loss 0.9211 train 0.7478 test 0.3504
epoch 30/200 loss 0.8975 train 0.7565 test 0.4052
epoch 31/200 loss 0.8845 train 0.7622 test 0.3937
epoch 31/200 loss 0.9110 train 0.7502 test 0.3619
epoch 31/200 loss 0.8661 train 0.7680 test 0.4099
epoch 32/200 loss 0.8713 train 0.7659 test 0.3127
epoch 32/200 loss 0.8496 train 0.7717 test 0.3494
epoch 32/200 loss 0.8478 train 0.7705 test 0.4029
epoch 33/200 loss 0.8227 train 0.7794 test 0.3904
epoch 33/200 loss 0.8475 train 0.7713 test 0.4207
epoch 33/200 loss 0.8293 train 0.7752 test 0.3206
epoch 34/200 loss 0.7954 train 0.7847 test 0.4238
epoch 34/200 loss 0.7924 train 0.7830 test 0.3860
epoch 34/200 loss 0.7921 train 0.7878 test 0.4020
epoch 35/200 loss 0.7524 train 0.7954 test 0.3630
epoch 35/200 loss 0.8058 train 0.7821 test 0.2668
epoch 35/200 loss 0.7690 train 0.7912 test 0.3902
epoch 36/200 loss 0.7520 train 0.7949 test 0.3413
epoch 36/200 loss 0.7902 train 0.7857 test 0.3779
epoch 36/200 loss 0.7630 train 0.7942 test 0.3661
epoch 37/200 loss 0.7096 train 0.8089 test 0.3430
epoch 37/200 loss 0.7272 train 0.8023 test 0.3872
epoch 37/200 loss 0.7338 train 0.8024 test 0.4049
epoch 38/200 loss 0.7439 train 0.7987 test 0.3445
epoch 38/200 loss 0.7336 train 0.7991 test 0.3961
epoch 38/200 loss 0.7103 train 0.8101 test 0.3676
epoch 39/200 loss 0.7116 train 0.8071 test 0.3411
epoch 39/200 loss 0.7018 train 0.8128 test 0.3785
epoch 39/200 loss 0.6866 train 0.8134 test 0.3819
epoch 40/200 loss 0.6757 train 0.8190 test 0.3754
epoch 40/200 loss 0.7110 train 0.8058 test 0.4101
epoch 40/200 loss 0.6660 train 0.8225 test 0.4312
epoch 41/200 loss 0.6527 train 0.8243 test 0.3739
epoch 41/200 loss 0.6536 train 0.8252 test 0.3644
epoch 41/200 loss 0.6204 train 0.8358 test 0.3247
epoch 42/200 loss 0.6521 train 0.8252 test 0.4064
epoch 42/200 loss 0.6608 train 0.8235 test 0.3716
epoch 42/200 loss 0.6681 train 0.8185 test 0.3984
epoch 43/200 loss 0.6465 train 0.8284 test 0.4296
epoch 43/200 loss 0.6996 train 0.8090 test 0.3791
epoch 43/200 loss 0.6304 train 0.8322 test 0.4035
epoch 44/200 loss 0.6239 train 0.8337 test 0.3992
epoch 44/200 loss 0.6240 train 0.8337 test 0.3482
epoch 44/200 loss 0.5971 train 0.8395 test 0.3807
epoch 45/200 loss 0.6066 train 0.8380 test 0.4390
epoch 45/200 loss 0.5816 train 0.8457 test 0.4125
epoch 45/200 loss 0.6377 train 0.8253 test 0.3871
epoch 46/200 loss 0.5717 train 0.8478 test 0.3611
epoch 46/200 loss 0.5868 train 0.8428 test 0.3976
epoch 46/200 loss 0.6234 train 0.8334 test 0.4007
epoch 47/200 loss 0.5899 train 0.8432 test 0.3887
epoch 47/200 loss 0.5855 train 0.8420 test 0.4221
epoch 47/200 loss 0.5726 train 0.8451 test 0.3655
epoch 48/200 loss 0.6069 train 0.8353 test 0.4243
epoch 48/200 loss 0.5670 train 0.8476 test 0.4223
epoch 48/200 loss 0.5817 train 0.8470 test 0.4164
epoch 49/200 loss 0.5387 train 0.8573 test 0.3911
epoch 49/200 loss 0.5648 train 0.8504 test 0.3855
epoch 49/200 loss 0.5121 train 0.8701 test 0.3704
epoch 50/200 loss 0.5166 train 0.8638 test 0.3578
epoch 50/200 loss 0.5537 train 0.8512 test 0.4127
epoch 50/200 loss 0.5138 train 0.8632 test 0.3788
epoch 51/200 loss 0.5370 train 0.8569 test 0.3098
epoch 51/200 loss 0.4868 train 0.8719 test 0.4335
epoch 51/200 loss 0.5581 train 0.8516 test 0.4115
epoch 52/200 loss 0.5272 train 0.8612 test 0.4124
epoch 52/200 loss 0.5244 train 0.8595 test 0.3977
epoch 52/200 loss 0.5208 train 0.8615 test 0.3858
epoch 53/200 loss 0.5110 train 0.8626 test 0.3836
epoch 53/200 loss 0.5967 train 0.8403 test 0.3985
epoch 53/200 loss 0.4987 train 0.8686 test 0.3937
epoch 54/200 loss 0.5096 train 0.8654 test 0.4035
epoch 54/200 loss 0.5375 train 0.8568 test 0.4111
epoch 54/200 loss 0.4967 train 0.8686 test 0.3605
epoch 55/200 loss 0.4712 train 0.8790 test 0.3696
epoch 55/200 loss 0.5021 train 0.8682 test 0.4185
epoch 55/200 loss 0.5070 train 0.8643 test 0.3942
epoch 56/200 loss 0.5026 train 0.8681 test 0.3305
epoch 56/200 loss 0.4288 train 0.8912 test 0.3696
epoch 56/200 loss 0.4702 train 0.8757 test 0.4031
epoch 57/200 loss 0.4913 train 0.8694 test 0.4145
epoch 57/200 loss 0.4650 train 0.8777 test 0.3783
epoch 57/200 loss 0.4792 train 0.8732 test 0.3859
epoch 58/200 loss 0.4247 train 0.8909 test 0.4286
epoch 58/200 loss 0.5312 train 0.8562 test 0.3880
epoch 58/200 loss 0.4385 train 0.8872 test 0.4398
epoch 59/200 loss 0.4058 train 0.8943 test 0.3849
epoch 59/200 loss 0.4836 train 0.8721 test 0.3805
epoch 59/200 loss 0.4259 train 0.8895 test 0.4288
epoch 60/200 loss 0.4605 train 0.8795 test 0.4125
epoch 60/200 loss 0.4439 train 0.8851 test 0.4255
epoch 60/200 loss 0.4907 train 0.8695 test 0.3588
epoch 61/200 loss 0.4797 train 0.8715 test 0.3866
epoch 61/200 loss 0.4300 train 0.8870 test 0.3880
epoch 61/200 loss 0.4216 train 0.8922 test 0.3779
epoch 62/200 loss 0.4085 train 0.8964 test 0.3792
epoch 62/200 loss 0.4314 train 0.8887 test 0.3092
epoch 62/200 loss 0.3756 train 0.9062 test 0.4224
epoch 63/200 loss 0.4297 train 0.8885 test 0.4016
epoch 63/200 loss 0.3918 train 0.9001 test 0.4126
epoch 63/200 loss 0.3944 train 0.8990 test 0.3839
epoch 64/200 loss 0.4290 train 0.8885 test 0.3736
epoch 64/200 loss 0.3456 train 0.9116 test 0.4312
epoch 64/200 loss 0.4320 train 0.8869 test 0.3947
epoch 65/200 loss 0.3989 train 0.8976 test 0.4106
epoch 65/200 loss 0.3670 train 0.9088 test 0.4097
epoch 65/200 loss 0.4051 train 0.8973 test 0.4288
epoch 66/200 loss 0.3803 train 0.8998 test 0.4115
epoch 66/200 loss 0.4008 train 0.8951 test 0.4303
epoch 66/200 loss 0.4059 train 0.8939 test 0.3888
epoch 67/200 loss 0.3737 train 0.9038 test 0.3462
epoch 67/200 loss 0.4255 train 0.8880 test 0.3556
epoch 67/200 loss 0.4497 train 0.8813 test 0.4023
epoch 68/200 loss 0.3917 train 0.9010 test 0.3883
epoch 68/200 loss 0.4558 train 0.8813 test 0.4029
epoch 68/200 loss 0.3935 train 0.8976 test 0.4599
epoch 69/200 loss 0.3909 train 0.9000 test 0.4189
epoch 69/200 loss 0.4497 train 0.8814 test 0.3980
epoch 69/200 loss 0.2673 train 0.9373 test 0.4385
epoch 70/200 loss 0.3401 train 0.9166 test 0.4214
epoch 70/200 loss 0.3625 train 0.9090 test 0.3640
epoch 70/200 loss 0.2564 train 0.9423 test 0.3827
epoch 71/200 loss 0.3338 train 0.9159 test 0.4269
epoch 71/200 loss 0.3254 train 0.9190 test 0.4127
epoch 71/200 loss 0.2978 train 0.9269 test 0.4213
epoch 72/200 loss 0.3162 train 0.9235 test 0.4103
epoch 72/200 loss 0.3406 train 0.9144 test 0.3924
epoch 72/200 loss 0.3687 train 0.9061 test 0.3968
epoch 73/200 loss 0.3473 train 0.9142 test 0.4017
epoch 73/200 loss 0.3273 train 0.9187 test 0.4052
epoch 73/200 loss 0.4909 train 0.8700 test 0.3800
epoch 74/200 loss 0.3046 train 0.9272 test 0.4047
epoch 74/200 loss 0.3417 train 0.9146 test 0.3808
epoch 74/200 loss 0.4669 train 0.8755 test 0.4446
epoch 75/200 loss 0.3286 train 0.9179 test 0.4299
epoch 75/200 loss 0.3228 train 0.9230 test 0.4341
epoch 75/200 loss 0.3456 train 0.9129 test 0.4177
epoch 76/200 loss 0.3238 train 0.9201 test 0.3973
epoch 76/200 loss 0.3231 train 0.9196 test 0.4155
epoch 76/200 loss 0.2799 train 0.9323 test 0.4085
epoch 77/200 loss 0.3178 train 0.9220 test 0.4310
epoch 77/200 loss 0.3062 train 0.9243 test 0.4398
epoch 77/200 loss 0.2541 train 0.9414 test 0.4230
epoch 78/200 loss 0.3353 train 0.9165 test 0.4010
epoch 78/200 loss 0.2945 train 0.9281 test 0.4141
epoch 78/200 loss 0.2394 train 0.9459 test 0.4204
epoch 79/200 loss 0.3215 train 0.9203 test 0.4262
epoch 79/200 loss 0.2733 train 0.9354 test 0.4237
epoch 79/200 loss 0.2460 train 0.9439 test 0.4113
epoch 80/200 loss 0.3201 train 0.9238 test 0.4283
epoch 80/200 loss 0.3132 train 0.9234 test 0.3593
epoch 80/200 loss 0.2375 train 0.9456 test 0.4190
epoch 81/200 loss 0.2433 train 0.9448 test 0.4636
epoch 81/200 loss 0.3105 train 0.9239 test 0.4420
epoch 81/200 loss 0.3078 train 0.9253 test 0.3376
epoch 82/200 loss 0.2189 train 0.9499 test 0.4310
epoch 82/200 loss 0.3211 train 0.9210 test 0.4057
epoch 82/200 loss 0.3691 train 0.9052 test 0.3739
epoch 83/200 loss 0.1828 train 0.9617 test 0.4460
epoch 83/200 loss 0.2760 train 0.9334 test 0.4263
epoch 83/200 loss 0.3546 train 0.9092 test 0.4162
epoch 84/200 loss 0.1876 train 0.9613 test 0.4161
epoch 84/200 loss 0.2299 train 0.9471 test 0.3949
epoch 84/200 loss 0.2959 train 0.9260 test 0.4251
epoch 85/200 loss 0.2006 train 0.9576 test 0.4482
epoch 85/200 loss 0.2174 train 0.9519 test 0.4509
epoch 85/200 loss 0.2588 train 0.9392 test 0.4414
epoch 86/200 loss 0.1946 train 0.9597 test 0.4236
epoch 86/200 loss 0.2269 train 0.9483 test 0.4440
epoch 86/200 loss 0.1997 train 0.9569 test 0.4611
epoch 87/200 loss 0.2126 train 0.9525 test 0.4204
epoch 87/200 loss 0.2259 train 0.9507 test 0.4369
epoch 87/200 loss 0.1789 train 0.9639 test 0.4502
epoch 88/200 loss 0.3074 train 0.9267 test 0.3815
epoch 88/200 loss 0.2046 train 0.9560 test 0.4568
epoch 88/200 loss 0.1457 train 0.9730 test 0.4795
epoch 89/200 loss 0.4296 train 0.8878 test 0.3813
epoch 89/200 loss 0.2178 train 0.9516 test 0.4385
epoch 89/200 loss 0.1033 train 0.9847 test 0.5184
epoch 90/200 loss 0.3945 train 0.8994 test 0.4026
epoch 90/200 loss 0.1798 train 0.9624 test 0.4413
epoch 90/200 loss 0.0734 train 0.9913 test 0.5242
epoch 91/200 loss 0.2948 train 0.9297 test 0.4489
epoch 91/200 loss 0.1503 train 0.9710 test 0.4792
epoch 91/200 loss 0.0476 train 0.9969 test 0.5454
epoch 92/200 loss 0.1913 train 0.9591 test 0.4650
epoch 92/200 loss 0.1497 train 0.9700 test 0.3942
epoch 92/200 loss 0.0378 train 0.9984 test 0.5525
epoch 93/200 loss 0.1161 train 0.9804 test 0.5117
epoch 93/200 loss 0.1588 train 0.9715 test 0.4743
epoch 93/200 loss 0.0292 train 0.9990 test 0.5591
epoch 94/200 loss 0.0631 train 0.9932 test 0.5461
epoch 94/200 loss 0.0266 train 0.9995 test 0.5832
epoch 94/200 loss 0.1330 train 0.9775 test 0.4792
epoch 95/200 loss 0.0426 train 0.9969 test 0.5551
epoch 95/200 loss 0.0216 train 0.9999 test 0.5867
epoch 95/200 loss 0.1146 train 0.9826 test 0.4665
epoch 96/200 loss 0.0300 train 0.9994 test 0.5757
epoch 96/200 loss 0.0203 train 0.9999 test 0.5885
epoch 96/200 loss 0.1221 train 0.9797 test 0.4532
epoch 97/200 loss 0.0238 train 0.9999 test 0.5830
epoch 97/200 loss 0.1334 train 0.9768 test 0.4550
epoch 97/200 loss 0.0229 train 0.9997 test 0.5898
epoch 98/200 loss 0.0223 train 0.9999 test 0.5847
epoch 98/200 loss 0.1752 train 0.9649 test 0.3850
epoch 98/200 loss 0.0216 train 0.9999 test 0.5918
epoch 99/200 loss 0.0222 train 0.9999 test 0.5867
epoch 99/200 loss 0.3948 train 0.9008 test 0.3080
epoch 99/200 loss 0.0226 train 1.0000 test 0.5903
epoch 100/200 loss 0.0216 train 0.9999 test 0.5907
epoch 100/200 loss 0.0224 train 0.9999 test 0.5918
epoch 100/200 loss 0.5563 train 0.8513 test 0.3675
epoch 101/200 loss 0.0219 train 1.0000 test 0.5916
epoch 101/200 loss 0.0224 train 1.0000 test 0.5796
epoch 101/200 loss 0.4006 train 0.8983 test 0.4396
epoch 102/200 loss 0.0229 train 1.0000 test 0.5935
epoch 102/200 loss 0.2324 train 0.9464 test 0.4586
epoch 102/200 loss 0.0814 train 0.9929 test 0.2933
epoch 103/200 loss 0.0227 train 1.0000 test 0.5885
epoch 103/200 loss 0.1238 train 0.9784 test 0.4975
epoch 103/200 loss 1.5536 train 0.6142 test 0.2764
epoch 104/200 loss 0.0222 train 1.0000 test 0.5907
epoch 104/200 loss 1.2388 train 0.6768 test 0.3884
epoch 104/200 loss 0.0661 train 0.9921 test 0.5160
epoch 105/200 loss 0.0238 train 0.9997 test 0.5740
epoch 105/200 loss 0.7670 train 0.7991 test 0.3867
epoch 105/200 loss 0.0454 train 0.9960 test 0.5574
epoch 106/200 loss 0.0307 train 0.9998 test 0.5749
epoch 106/200 loss 0.4873 train 0.8771 test 0.3860
epoch 106/200 loss 0.0304 train 0.9987 test 0.5705
epoch 107/200 loss 0.0295 train 0.9995 test 0.5603
epoch 107/200 loss 0.3354 train 0.9222 test 0.4449
epoch 107/200 loss 0.0243 train 0.9997 test 0.5829
epoch 108/200 loss 0.0395 train 0.9987 test 0.5048
epoch 108/200 loss 0.0205 train 0.9999 test 0.5867
epoch 108/200 loss 0.2332 train 0.9482 test 0.4700
epoch 109/200 loss 0.6006 train 0.8601 test 0.1474
epoch 109/200 loss 0.1643 train 0.9676 test 0.4939
epoch 109/200 loss 0.0211 train 0.9997 test 0.5852
epoch 110/200 loss 1.5852 train 0.5910 test 0.3542
epoch 110/200 loss 0.1124 train 0.9822 test 0.5219
epoch 110/200 loss 0.0190 train 1.0000 test 0.5945
epoch 111/200 loss 0.8409 train 0.7875 test 0.4239
epoch 111/200 loss 0.0794 train 0.9885 test 0.5159
epoch 111/200 loss 0.0186 train 1.0000 test 0.5934
epoch 112/200 loss 0.5274 train 0.8699 test 0.4118
epoch 112/200 loss 0.0512 train 0.9958 test 0.5630
epoch 112/200 loss 0.0189 train 0.9999 test 0.5939
epoch 113/200 loss 0.3415 train 0.9199 test 0.4218
epoch 113/200 loss 0.0197 train 0.9998 test 0.5922
epoch 113/200 loss 0.0289 train 0.9989 test 0.5770
epoch 114/200 loss 0.2177 train 0.9542 test 0.4737
epoch 114/200 loss 0.0207 train 0.9998 test 0.5970
epoch 114/200 loss 0.0220 train 0.9996 test 0.5840
epoch 115/200 loss 0.1155 train 0.9819 test 0.5127
epoch 115/200 loss 0.0192 train 1.0000 test 0.5973
epoch 115/200 loss 0.0197 train 0.9999 test 0.5870
epoch 116/200 loss 0.0716 train 0.9921 test 0.5455
epoch 116/200 loss 0.0188 train 0.9999 test 0.5915
epoch 116/200 loss 0.0193 train 1.0000 test 0.5978
epoch 117/200 loss 0.0461 train 0.9969 test 0.5550
epoch 117/200 loss 0.0172 train 0.9999 test 0.5927
epoch 117/200 loss 0.0191 train 1.0000 test 0.5958
epoch 118/200 loss 0.0316 train 0.9989 test 0.5761
epoch 118/200 loss 0.0172 train 0.9999 test 0.5931
epoch 118/200 loss 0.0193 train 1.0000 test 0.6013
epoch 119/200 loss 0.0237 train 0.9994 test 0.5829
epoch 119/200 loss 0.0189 train 1.0000 test 0.5965
epoch 119/200 loss 0.0173 train 0.9999 test 0.5980
epoch 120/200 loss 0.0181 train 1.0000 test 0.5879
epoch 120/200 loss 0.0188 train 0.9997 test 0.5852
epoch 120/200 loss 0.0210 train 0.9999 test 0.5944
epoch 121/200 loss 0.0180 train 0.9998 test 0.5854
epoch 121/200 loss 0.0391 train 0.9983 test 0.5539
epoch 121/200 loss 0.0197 train 0.9999 test 0.5939
epoch 122/200 loss 0.0172 train 1.0000 test 0.5924
epoch 122/200 loss 0.0178 train 1.0000 test 0.5954
epoch 122/200 loss 0.0339 train 0.9990 test 0.5560
epoch 123/200 loss 0.0171 train 1.0000 test 0.5939
epoch 123/200 loss 0.0305 train 0.9995 test 0.5648
epoch 123/200 loss 0.0175 train 1.0000 test 0.5956
epoch 124/200 loss 0.0164 train 1.0000 test 0.5931
epoch 124/200 loss 0.0446 train 0.9986 test 0.5357
epoch 124/200 loss 0.0173 train 1.0000 test 0.5968
epoch 125/200 loss 0.0170 train 1.0000 test 0.5987
epoch 125/200 loss 0.1973 train 0.9683 test 0.2942
epoch 125/200 loss 0.0174 train 1.0000 test 0.5935
epoch 126/200 loss 0.0169 train 0.9999 test 0.5935
epoch 126/200 loss 0.0184 train 0.9999 test 0.5952
epoch 126/200 loss 1.2839 train 0.6680 test 0.2854
epoch 127/200 loss 0.0183 train 0.9999 test 0.5939
epoch 127/200 loss 0.0175 train 0.9999 test 0.5982
epoch 127/200 loss 0.7486 train 0.8132 test 0.4232
epoch 128/200 loss 0.0190 train 1.0000 test 0.5965
epoch 128/200 loss 0.0168 train 1.0000 test 0.5970
epoch 128/200 loss 0.3499 train 0.9228 test 0.4444
epoch 129/200 loss 0.0186 train 0.9999 test 0.5920
epoch 129/200 loss 0.1843 train 0.9675 test 0.4992
epoch 129/200 loss 0.0173 train 1.0000 test 0.5979
epoch 130/200 loss 0.0223 train 0.9998 test 0.5880
epoch 130/200 loss 0.0169 train 1.0000 test 0.5981
epoch 130/200 loss 0.0922 train 0.9874 test 0.5259
epoch 131/200 loss 0.0207 train 0.9999 test 0.5923
epoch 131/200 loss 0.0170 train 1.0000 test 0.5966
epoch 131/200 loss 0.0582 train 0.9942 test 0.5568
epoch 132/200 loss 0.0198 train 0.9999 test 0.5877
epoch 132/200 loss 0.0173 train 0.9999 test 0.5992
epoch 132/200 loss 0.0328 train 0.9986 test 0.5731
epoch 133/200 loss 0.0179 train 1.0000 test 0.5949
epoch 133/200 loss 0.0169 train 0.9999 test 0.5912
epoch 133/200 loss 0.0212 train 0.9998 test 0.5872
epoch 134/200 loss 0.0176 train 0.9999 test 0.5931
epoch 134/200 loss 0.0176 train 0.9999 test 0.5997
epoch 134/200 loss 0.0172 train 0.9997 test 0.5880
epoch 135/200 loss 0.0173 train 1.0000 test 0.5996
epoch 135/200 loss 0.0149 train 1.0000 test 0.5912
epoch 135/200 loss 0.0160 train 0.9999 test 0.5932
epoch 136/200 loss 0.0137 train 0.9999 test 0.5945
epoch 136/200 loss 0.0162 train 1.0000 test 0.5989
epoch 136/200 loss 0.0156 train 0.9999 test 0.5950
epoch 137/200 loss 0.0165 train 1.0000 test 0.5982
epoch 137/200 loss 0.0139 train 1.0000 test 0.5942
epoch 137/200 loss 0.0185 train 0.9997 test 0.5518
epoch 138/200 loss 0.0164 train 1.0000 test 0.6017
epoch 138/200 loss 0.0132 train 0.9999 test 0.5985
epoch 138/200 loss 0.0651 train 0.9964 test 0.4895
epoch 139/200 loss 0.4640 train 0.9028 test 0.2776
epoch 139/200 loss 0.0130 train 1.0000 test 0.5967
epoch 139/200 loss 0.0161 train 1.0000 test 0.6006
epoch 140/200 loss 0.8504 train 0.7863 test 0.3056
epoch 140/200 loss 0.0130 train 1.0000 test 0.5981
epoch 140/200 loss 0.0156 train 0.9999 test 0.5965
epoch 141/200 loss 0.4138 train 0.9093 test 0.4151
epoch 141/200 loss 0.0132 train 1.0000 test 0.5961
epoch 141/200 loss 0.0172 train 0.9999 test 0.5982
epoch 142/200 loss 0.1820 train 0.9693 test 0.4947
epoch 142/200 loss 0.0132 train 1.0000 test 0.5999
epoch 142/200 loss 0.0162 train 1.0000 test 0.5983
epoch 143/200 loss 0.0819 train 0.9909 test 0.5267
epoch 143/200 loss 0.0129 train 1.0000 test 0.5994
epoch 143/200 loss 0.0162 train 1.0000 test 0.5996
epoch 144/200 loss 0.0389 train 0.9981 test 0.5718
epoch 144/200 loss 0.0130 train 1.0000 test 0.5994
epoch 144/200 loss 0.0150 train 1.0000 test 0.6005
epoch 145/200 loss 0.0226 train 0.9996 test 0.5807
epoch 145/200 loss 0.0128 train 1.0000 test 0.6017
epoch 145/200 loss 0.0153 train 1.0000 test 0.5954
epoch 146/200 loss 0.0179 train 0.9998 test 0.5872
epoch 146/200 loss 0.0149 train 1.0000 test 0.5998
epoch 146/200 loss 0.0128 train 1.0000 test 0.6021
epoch 147/200 loss 0.0158 train 0.9997 test 0.5859
epoch 147/200 loss 0.0152 train 1.0000 test 0.5992
epoch 147/200 loss 0.0133 train 1.0000 test 0.6015
epoch 148/200 loss 0.0139 train 0.9999 test 0.5947
epoch 148/200 loss 0.0148 train 1.0000 test 0.5985
epoch 148/200 loss 0.0133 train 1.0000 test 0.6023
epoch 149/200 loss 0.0123 train 0.9999 test 0.5991
epoch 149/200 loss 0.0149 train 1.0000 test 0.6034
epoch 149/200 loss 0.0130 train 1.0000 test 0.6029
epoch 150/200 loss 0.0117 train 1.0000 test 0.5983
epoch 150/200 loss 0.0143 train 1.0000 test 0.6027
epoch 150/200 loss 0.0131 train 1.0000 test 0.6031
epoch 151/200 loss 0.0106 train 1.0000 test 0.6002
epoch 151/200 loss 0.0137 train 0.9999 test 0.5989
epoch 151/200 loss 0.0131 train 1.0000 test 0.6033
epoch 152/200 loss 0.0104 train 1.0000 test 0.6008
epoch 152/200 loss 0.0142 train 1.0000 test 0.6029
epoch 152/200 loss 0.0124 train 1.0000 test 0.6018
epoch 153/200 loss 0.0102 train 1.0000 test 0.5991
epoch 153/200 loss 0.0140 train 0.9999 test 0.6023
epoch 153/200 loss 0.0129 train 1.0000 test 0.6042
epoch 154/200 loss 0.0105 train 1.0000 test 0.6005
epoch 154/200 loss 0.0133 train 1.0000 test 0.6030
epoch 154/200 loss 0.0128 train 1.0000 test 0.6053
epoch 155/200 loss 0.0098 train 1.0000 test 0.6026
epoch 155/200 loss 0.0132 train 1.0000 test 0.6027
epoch 155/200 loss 0.0125 train 1.0000 test 0.6037
epoch 156/200 loss 0.0098 train 1.0000 test 0.6022
epoch 156/200 loss 0.0128 train 1.0000 test 0.6026
epoch 156/200 loss 0.0127 train 1.0000 test 0.6065
epoch 157/200 loss 0.0101 train 1.0000 test 0.6025
epoch 157/200 loss 0.0124 train 1.0000 test 0.6033
epoch 157/200 loss 0.0125 train 1.0000 test 0.6036
epoch 158/200 loss 0.0100 train 1.0000 test 0.6029
epoch 158/200 loss 0.0126 train 1.0000 test 0.6056
epoch 158/200 loss 0.0125 train 1.0000 test 0.6050
epoch 159/200 loss 0.0099 train 1.0000 test 0.6050
epoch 159/200 loss 0.0126 train 1.0000 test 0.6090
epoch 159/200 loss 0.0129 train 0.9997 test 0.6012
epoch 160/200 loss 0.0097 train 1.0000 test 0.6057
epoch 160/200 loss 0.0122 train 1.0000 test 0.6048
epoch 160/200 loss 0.0129 train 0.9999 test 0.6040
epoch 161/200 loss 0.0098 train 1.0000 test 0.6044
epoch 161/200 loss 0.0119 train 1.0000 test 0.6056
epoch 161/200 loss 0.0120 train 1.0000 test 0.6044
epoch 162/200 loss 0.0097 train 1.0000 test 0.6064
epoch 162/200 loss 0.0121 train 0.9999 test 0.6079
epoch 162/200 loss 0.0119 train 0.9999 test 0.6056
epoch 163/200 loss 0.0097 train 1.0000 test 0.6051
epoch 163/200 loss 0.0119 train 1.0000 test 0.6089
epoch 163/200 loss 0.0118 train 1.0000 test 0.6054
epoch 164/200 loss 0.0097 train 1.0000 test 0.6045
epoch 164/200 loss 0.0115 train 1.0000 test 0.6093
epoch 164/200 loss 0.0121 train 1.0000 test 0.6076
epoch 165/200 loss 0.0095 train 1.0000 test 0.6032
epoch 165/200 loss 0.0116 train 1.0000 test 0.6092
epoch 165/200 loss 0.0117 train 1.0000 test 0.6063
epoch 166/200 loss 0.0097 train 1.0000 test 0.6063
epoch 166/200 loss 0.0109 train 1.0000 test 0.6093
epoch 166/200 loss 0.0118 train 1.0000 test 0.6061
epoch 167/200 loss 0.0096 train 1.0000 test 0.6053
epoch 167/200 loss 0.0108 train 1.0000 test 0.6138
epoch 167/200 loss 0.0115 train 1.0000 test 0.6074
epoch 168/200 loss 0.0095 train 1.0000 test 0.6054
epoch 168/200 loss 0.0115 train 1.0000 test 0.6085
epoch 168/200 loss 0.0106 train 1.0000 test 0.6102
epoch 169/200 loss 0.0096 train 1.0000 test 0.6055
epoch 169/200 loss 0.0108 train 1.0000 test 0.6128
epoch 169/200 loss 0.0113 train 1.0000 test 0.6071
epoch 170/200 loss 0.0097 train 1.0000 test 0.6050
epoch 170/200 loss 0.0108 train 1.0000 test 0.6095
epoch 170/200 loss 0.0105 train 1.0000 test 0.6097
epoch 171/200 loss 0.0110 train 1.0000 test 0.6076
epoch 171/200 loss 0.0107 train 1.0000 test 0.6079
epoch 171/200 loss 0.0095 train 1.0000 test 0.6063
epoch 172/200 loss 0.0108 train 1.0000 test 0.6074
epoch 172/200 loss 0.0104 train 1.0000 test 0.6105
epoch 172/200 loss 0.0094 train 1.0000 test 0.6063
epoch 173/200 loss 0.0102 train 1.0000 test 0.6128
epoch 173/200 loss 0.0092 train 1.0000 test 0.6085
epoch 173/200 loss 0.0110 train 1.0000 test 0.6084
epoch 174/200 loss 0.0094 train 1.0000 test 0.6080
epoch 174/200 loss 0.0100 train 1.0000 test 0.6137
epoch 174/200 loss 0.0110 train 1.0000 test 0.6080
epoch 175/200 loss 0.0100 train 1.0000 test 0.6122
epoch 175/200 loss 0.0090 train 1.0000 test 0.6079
epoch 175/200 loss 0.0106 train 1.0000 test 0.6087
epoch 176/200 loss 0.0099 train 1.0000 test 0.6133
epoch 176/200 loss 0.0104 train 1.0000 test 0.6086
epoch 176/200 loss 0.0091 train 1.0000 test 0.6064
epoch 177/200 loss 0.0096 train 1.0000 test 0.6126
epoch 177/200 loss 0.0105 train 1.0000 test 0.6073
epoch 177/200 loss 0.0092 train 1.0000 test 0.6057
epoch 178/200 loss 0.0096 train 1.0000 test 0.6110
epoch 178/200 loss 0.0106 train 1.0000 test 0.6088
epoch 178/200 loss 0.0090 train 1.0000 test 0.6071
epoch 179/200 loss 0.0095 train 1.0000 test 0.6145
epoch 179/200 loss 0.0105 train 1.0000 test 0.6093
epoch 179/200 loss 0.0090 train 1.0000 test 0.6084
epoch 180/200 loss 0.0097 train 1.0000 test 0.6130
epoch 180/200 loss 0.0091 train 1.0000 test 0.6076
epoch 180/200 loss 0.0102 train 1.0000 test 0.6102
epoch 181/200 loss 0.0095 train 1.0000 test 0.6125
epoch 181/200 loss 0.0102 train 1.0000 test 0.6097
epoch 181/200 loss 0.0086 train 1.0000 test 0.6079
epoch 182/200 loss 0.0094 train 1.0000 test 0.6135
epoch 182/200 loss 0.0086 train 1.0000 test 0.6079
epoch 182/200 loss 0.0101 train 1.0000 test 0.6090
epoch 183/200 loss 0.0093 train 1.0000 test 0.6151
epoch 183/200 loss 0.0087 train 1.0000 test 0.6095
epoch 183/200 loss 0.0101 train 1.0000 test 0.6087
epoch 184/200 loss 0.0092 train 1.0000 test 0.6134
epoch 184/200 loss 0.0085 train 1.0000 test 0.6085
epoch 184/200 loss 0.0102 train 1.0000 test 0.6080
epoch 185/200 loss 0.0090 train 1.0000 test 0.6133
epoch 185/200 loss 0.0100 train 1.0000 test 0.6081
epoch 185/200 loss 0.0088 train 1.0000 test 0.6093
epoch 186/200 loss 0.0089 train 1.0000 test 0.6137
epoch 186/200 loss 0.0085 train 1.0000 test 0.6082
epoch 186/200 loss 0.0097 train 1.0000 test 0.6088
epoch 187/200 loss 0.0088 train 1.0000 test 0.6131
epoch 187/200 loss 0.0084 train 1.0000 test 0.6084
epoch 187/200 loss 0.0100 train 1.0000 test 0.6080
epoch 188/200 loss 0.0088 train 1.0000 test 0.6126
epoch 188/200 loss 0.0098 train 1.0000 test 0.6092
epoch 188/200 loss 0.0086 train 1.0000 test 0.6093
epoch 189/200 loss 0.0089 train 1.0000 test 0.6139
epoch 189/200 loss 0.0097 train 1.0000 test 0.6091
epoch 189/200 loss 0.0086 train 1.0000 test 0.6086
epoch 190/200 loss 0.0088 train 1.0000 test 0.6141
epoch 190/200 loss 0.0099 train 1.0000 test 0.6088
epoch 190/200 loss 0.0087 train 1.0000 test 0.6081
epoch 191/200 loss 0.0087 train 1.0000 test 0.6140
epoch 191/200 loss 0.0084 train 1.0000 test 0.6087
epoch 191/200 loss 0.0095 train 1.0000 test 0.6079
epoch 192/200 loss 0.0089 train 1.0000 test 0.6135
epoch 192/200 loss 0.0098 train 1.0000 test 0.6087
epoch 192/200 loss 0.0085 train 1.0000 test 0.6086
epoch 193/200 loss 0.0090 train 1.0000 test 0.6149
epoch 193/200 loss 0.0081 train 1.0000 test 0.6090
epoch 193/200 loss 0.0097 train 1.0000 test 0.6075
epoch 194/200 loss 0.0087 train 1.0000 test 0.6132
epoch 194/200 loss 0.0084 train 1.0000 test 0.6086
epoch 194/200 loss 0.0098 train 1.0000 test 0.6093
epoch 195/200 loss 0.0089 train 1.0000 test 0.6143
epoch 195/200 loss 0.0097 train 1.0000 test 0.6082
epoch 195/200 loss 0.0083 train 1.0000 test 0.6096
epoch 196/200 loss 0.0088 train 1.0000 test 0.6146
epoch 196/200 loss 0.0082 train 1.0000 test 0.6091
epoch 196/200 loss 0.0095 train 1.0000 test 0.6086
epoch 197/200 loss 0.0086 train 1.0000 test 0.6144
epoch 197/200 loss 0.0083 train 1.0000 test 0.6092
epoch 197/200 loss 0.0095 train 1.0000 test 0.6088
epoch 198/200 loss 0.0086 train 1.0000 test 0.6140
epoch 198/200 loss 0.0084 train 1.0000 test 0.6101
epoch 198/200 loss 0.0096 train 1.0000 test 0.6078
epoch 199/200 loss 0.0087 train 1.0000 test 0.6131
epoch 199/200 loss 0.0082 train 1.0000 test 0.6087
epoch 199/200 loss 0.0097 train 1.0000 test 0.6082
epoch 200/200 loss 0.0086 train 1.0000 test 0.6128
done: final 0.6128 best 0.6151 -> ./runs/diagfuse_food_priorssl_25pct/seed0
epoch 200/200 loss 0.0084 train 1.0000 test 0.6091
done: final 0.6091 best 0.6101 -> ./runs/diagfuse_food_priorssl_25pct/seed2
epoch 200/200 loss 0.0096 train 1.0000 test 0.6083
done: final 0.6083 best 0.6102 -> ./runs/diagfuse_food_priorssl_25pct/seed1
E2WAVE_LOCAL_COMPLETE 2026-08-15T11:24:24+02:00
