stem calibrated (True) on 1024 images
[enmag_5pct seed0] {"params_trainable": 11224740, "params_stem_trainable": 0, "params_stem_fixed_filters": 1936, "flops_total": 563406848, "flops_stem": 1982464, "flops_image_size": 32}
epoch 1/200 loss 4.6348 train 0.0148 test 0.0428
epoch 2/200 loss 4.3353 train 0.0444 test 0.0527
epoch 3/200 loss 4.0958 train 0.0732 test 0.0727
epoch 4/200 loss 3.8977 train 0.1016 test 0.0861
epoch 5/200 loss 3.7530 train 0.1262 test 0.1035
epoch 6/200 loss 3.6710 train 0.1336 test 0.1090
epoch 7/200 loss 3.5401 train 0.1587 test 0.1224
epoch 8/200 loss 3.4529 train 0.1661 test 0.1051
epoch 9/200 loss 3.3839 train 0.1727 test 0.1257
epoch 10/200 loss 3.3207 train 0.1896 test 0.1251
epoch 11/200 loss 3.2810 train 0.1817 test 0.1353
epoch 12/200 loss 3.1275 train 0.2249 test 0.1427
epoch 13/200 loss 3.0683 train 0.2323 test 0.1360
epoch 14/200 loss 3.0008 train 0.2451 test 0.1519
epoch 15/200 loss 2.9361 train 0.2525 test 0.1584
epoch 16/200 loss 2.8693 train 0.2664 test 0.1708
epoch 17/200 loss 2.8103 train 0.2763 test 0.1753
epoch 18/200 loss 2.7213 train 0.2887 test 0.1583
epoch 19/200 loss 2.6596 train 0.3043 test 0.1728
epoch 20/200 loss 2.6227 train 0.3141 test 0.1908
epoch 21/200 loss 2.4601 train 0.3549 test 0.1877
epoch 22/200 loss 2.4357 train 0.3561 test 0.1910
epoch 23/200 loss 2.3330 train 0.3717 test 0.1784
epoch 24/200 loss 2.2573 train 0.3869 test 0.1866
epoch 25/200 loss 2.1287 train 0.4223 test 0.1867
epoch 26/200 loss 2.1249 train 0.4342 test 0.1810
epoch 27/200 loss 1.9817 train 0.4502 test 0.1881
epoch 28/200 loss 1.9175 train 0.4692 test 0.2048
epoch 29/200 loss 1.8574 train 0.4807 test 0.2063
epoch 30/200 loss 1.7978 train 0.4877 test 0.1885
epoch 31/200 loss 1.7347 train 0.5115 test 0.1953
epoch 32/200 loss 1.6194 train 0.5292 test 0.2060
epoch 33/200 loss 1.5987 train 0.5485 test 0.1985
epoch 34/200 loss 1.4573 train 0.5863 test 0.2177
epoch 35/200 loss 1.3259 train 0.6155 test 0.2079
epoch 36/200 loss 1.1950 train 0.6513 test 0.1950
epoch 37/200 loss 1.1073 train 0.6850 test 0.2076
epoch 38/200 loss 1.0437 train 0.6924 test 0.2081
epoch 39/200 loss 1.0545 train 0.6789 test 0.1857
epoch 40/200 loss 1.0192 train 0.6912 test 0.2197
epoch 41/200 loss 0.9350 train 0.7299 test 0.1976
epoch 42/200 loss 0.8181 train 0.7578 test 0.2054
epoch 43/200 loss 0.7824 train 0.7619 test 0.2208
epoch 44/200 loss 0.6975 train 0.7965 test 0.2167
epoch 45/200 loss 0.5766 train 0.8322 test 0.2307
epoch 46/200 loss 0.5370 train 0.8409 test 0.2060
epoch 47/200 loss 0.4799 train 0.8692 test 0.2235
epoch 48/200 loss 0.4099 train 0.8914 test 0.2193
epoch 49/200 loss 0.3734 train 0.8857 test 0.2357
epoch 50/200 loss 0.3696 train 0.8943 test 0.2233
epoch 51/200 loss 0.2850 train 0.9272 test 0.2311
epoch 52/200 loss 0.2496 train 0.9379 test 0.2339
epoch 53/200 loss 0.2194 train 0.9474 test 0.2321
epoch 54/200 loss 0.2060 train 0.9486 test 0.2237
epoch 55/200 loss 0.2057 train 0.9502 test 0.2259
epoch 56/200 loss 0.1878 train 0.9482 test 0.2293
epoch 57/200 loss 0.1956 train 0.9486 test 0.2386
epoch 58/200 loss 0.1639 train 0.9585 test 0.2195
epoch 59/200 loss 0.1731 train 0.9535 test 0.2411
epoch 60/200 loss 0.1459 train 0.9634 test 0.2302
epoch 61/200 loss 0.1008 train 0.9786 test 0.2441
epoch 62/200 loss 0.0793 train 0.9848 test 0.2540
epoch 63/200 loss 0.0736 train 0.9848 test 0.2516
epoch 64/200 loss 0.0638 train 0.9868 test 0.2530
epoch 65/200 loss 0.0499 train 0.9897 test 0.2601
epoch 66/200 loss 0.0465 train 0.9914 test 0.2574
epoch 67/200 loss 0.0322 train 0.9951 test 0.2601
epoch 68/200 loss 0.0322 train 0.9955 test 0.2602
epoch 69/200 loss 0.0319 train 0.9942 test 0.2646
epoch 70/200 loss 0.0269 train 0.9963 test 0.2727
epoch 71/200 loss 0.0241 train 0.9984 test 0.2683
epoch 72/200 loss 0.0151 train 0.9988 test 0.2755
epoch 73/200 loss 0.0106 train 1.0000 test 0.2776
epoch 74/200 loss 0.0084 train 0.9996 test 0.2793
epoch 75/200 loss 0.0079 train 1.0000 test 0.2789
epoch 76/200 loss 0.0070 train 0.9996 test 0.2808
epoch 77/200 loss 0.0077 train 0.9992 test 0.2799
epoch 78/200 loss 0.0090 train 0.9996 test 0.2843
epoch 79/200 loss 0.0077 train 1.0000 test 0.2841
epoch 80/200 loss 0.0068 train 1.0000 test 0.2854
epoch 81/200 loss 0.0063 train 1.0000 test 0.2836
epoch 82/200 loss 0.0065 train 1.0000 test 0.2813
epoch 83/200 loss 0.0068 train 1.0000 test 0.2822
epoch 84/200 loss 0.0060 train 1.0000 test 0.2857
epoch 85/200 loss 0.0063 train 1.0000 test 0.2817
epoch 86/200 loss 0.0056 train 1.0000 test 0.2847
epoch 87/200 loss 0.0065 train 1.0000 test 0.2826
epoch 88/200 loss 0.0064 train 1.0000 test 0.2852
epoch 89/200 loss 0.0061 train 1.0000 test 0.2846
epoch 90/200 loss 0.0061 train 1.0000 test 0.2855
epoch 91/200 loss 0.0062 train 1.0000 test 0.2842
epoch 92/200 loss 0.0058 train 1.0000 test 0.2849
epoch 93/200 loss 0.0063 train 1.0000 test 0.2862
epoch 94/200 loss 0.0067 train 1.0000 test 0.2841
epoch 95/200 loss 0.0063 train 1.0000 test 0.2864
epoch 96/200 loss 0.0063 train 1.0000 test 0.2857
epoch 97/200 loss 0.0065 train 1.0000 test 0.2842
epoch 98/200 loss 0.0070 train 1.0000 test 0.2847
epoch 99/200 loss 0.0065 train 1.0000 test 0.2844
epoch 100/200 loss 0.0067 train 1.0000 test 0.2853
epoch 101/200 loss 0.0068 train 1.0000 test 0.2852
epoch 102/200 loss 0.0069 train 1.0000 test 0.2850
epoch 103/200 loss 0.0069 train 1.0000 test 0.2880
epoch 104/200 loss 0.0067 train 1.0000 test 0.2872
epoch 105/200 loss 0.0069 train 1.0000 test 0.2859
epoch 106/200 loss 0.0071 train 1.0000 test 0.2869
epoch 107/200 loss 0.0067 train 1.0000 test 0.2857
epoch 108/200 loss 0.0071 train 1.0000 test 0.2849
epoch 109/200 loss 0.0073 train 1.0000 test 0.2880
epoch 110/200 loss 0.0066 train 1.0000 test 0.2861
epoch 111/200 loss 0.0070 train 1.0000 test 0.2876
epoch 112/200 loss 0.0068 train 1.0000 test 0.2876
epoch 113/200 loss 0.0071 train 1.0000 test 0.2868
epoch 114/200 loss 0.0071 train 1.0000 test 0.2887
epoch 115/200 loss 0.0069 train 1.0000 test 0.2898
epoch 116/200 loss 0.0066 train 1.0000 test 0.2876
epoch 117/200 loss 0.0066 train 1.0000 test 0.2888
epoch 118/200 loss 0.0068 train 1.0000 test 0.2883
epoch 119/200 loss 0.0069 train 1.0000 test 0.2868
epoch 120/200 loss 0.0072 train 1.0000 test 0.2870
epoch 121/200 loss 0.0070 train 1.0000 test 0.2886
epoch 122/200 loss 0.0071 train 1.0000 test 0.2889
epoch 123/200 loss 0.0072 train 1.0000 test 0.2886
epoch 124/200 loss 0.0072 train 1.0000 test 0.2889
epoch 125/200 loss 0.0067 train 1.0000 test 0.2888
epoch 126/200 loss 0.0071 train 1.0000 test 0.2843
epoch 127/200 loss 0.0068 train 1.0000 test 0.2876
epoch 128/200 loss 0.0071 train 1.0000 test 0.2857
epoch 129/200 loss 0.0069 train 1.0000 test 0.2885
epoch 130/200 loss 0.0069 train 1.0000 test 0.2889
epoch 131/200 loss 0.0070 train 1.0000 test 0.2882
epoch 132/200 loss 0.0070 train 1.0000 test 0.2900
epoch 133/200 loss 0.0066 train 1.0000 test 0.2884
epoch 134/200 loss 0.0070 train 1.0000 test 0.2891
epoch 135/200 loss 0.0065 train 1.0000 test 0.2883
epoch 136/200 loss 0.0067 train 1.0000 test 0.2888
epoch 137/200 loss 0.0065 train 1.0000 test 0.2873
epoch 138/200 loss 0.0065 train 1.0000 test 0.2875
epoch 139/200 loss 0.0069 train 1.0000 test 0.2879
epoch 140/200 loss 0.0066 train 1.0000 test 0.2872
epoch 141/200 loss 0.0068 train 1.0000 test 0.2870
epoch 142/200 loss 0.0065 train 1.0000 test 0.2884
epoch 143/200 loss 0.0071 train 1.0000 test 0.2882
epoch 144/200 loss 0.0064 train 1.0000 test 0.2865
epoch 145/200 loss 0.0068 train 1.0000 test 0.2867
epoch 146/200 loss 0.0067 train 1.0000 test 0.2871
epoch 147/200 loss 0.0065 train 1.0000 test 0.2877
epoch 148/200 loss 0.0070 train 1.0000 test 0.2872
epoch 149/200 loss 0.0064 train 1.0000 test 0.2892
epoch 150/200 loss 0.0069 train 1.0000 test 0.2893
epoch 151/200 loss 0.0067 train 1.0000 test 0.2887
epoch 152/200 loss 0.0070 train 1.0000 test 0.2886
epoch 153/200 loss 0.0068 train 1.0000 test 0.2892
epoch 154/200 loss 0.0073 train 1.0000 test 0.2900
epoch 155/200 loss 0.0067 train 1.0000 test 0.2895
epoch 156/200 loss 0.0069 train 1.0000 test 0.2883
epoch 157/200 loss 0.0069 train 1.0000 test 0.2887
epoch 158/200 loss 0.0067 train 1.0000 test 0.2889
epoch 159/200 loss 0.0066 train 1.0000 test 0.2892
epoch 160/200 loss 0.0069 train 1.0000 test 0.2886
epoch 161/200 loss 0.0063 train 1.0000 test 0.2895
epoch 162/200 loss 0.0068 train 1.0000 test 0.2884
epoch 163/200 loss 0.0065 train 1.0000 test 0.2894
epoch 164/200 loss 0.0068 train 1.0000 test 0.2897
epoch 165/200 loss 0.0064 train 1.0000 test 0.2900
epoch 166/200 loss 0.0068 train 1.0000 test 0.2888
epoch 167/200 loss 0.0069 train 1.0000 test 0.2883
epoch 168/200 loss 0.0067 train 1.0000 test 0.2893
epoch 169/200 loss 0.0069 train 1.0000 test 0.2894
epoch 170/200 loss 0.0066 train 1.0000 test 0.2891
epoch 171/200 loss 0.0066 train 1.0000 test 0.2883
epoch 172/200 loss 0.0066 train 1.0000 test 0.2889
epoch 173/200 loss 0.0068 train 1.0000 test 0.2883
epoch 174/200 loss 0.0068 train 1.0000 test 0.2879
epoch 175/200 loss 0.0066 train 1.0000 test 0.2888
epoch 176/200 loss 0.0067 train 1.0000 test 0.2900
epoch 177/200 loss 0.0066 train 1.0000 test 0.2875
epoch 178/200 loss 0.0065 train 1.0000 test 0.2876
epoch 179/200 loss 0.0066 train 1.0000 test 0.2888
epoch 180/200 loss 0.0063 train 1.0000 test 0.2890
epoch 181/200 loss 0.0068 train 1.0000 test 0.2883
epoch 182/200 loss 0.0070 train 1.0000 test 0.2889
epoch 183/200 loss 0.0067 train 1.0000 test 0.2894
epoch 184/200 loss 0.0066 train 1.0000 test 0.2893
epoch 185/200 loss 0.0068 train 1.0000 test 0.2881
epoch 186/200 loss 0.0067 train 1.0000 test 0.2890
epoch 187/200 loss 0.0071 train 1.0000 test 0.2896
epoch 188/200 loss 0.0066 train 1.0000 test 0.2879
epoch 189/200 loss 0.0070 train 1.0000 test 0.2885
epoch 190/200 loss 0.0065 train 1.0000 test 0.2898
epoch 191/200 loss 0.0065 train 1.0000 test 0.2900
epoch 192/200 loss 0.0064 train 1.0000 test 0.2881
epoch 193/200 loss 0.0064 train 1.0000 test 0.2886
epoch 194/200 loss 0.0067 train 1.0000 test 0.2892
epoch 195/200 loss 0.0070 train 1.0000 test 0.2883
epoch 196/200 loss 0.0066 train 1.0000 test 0.2887
epoch 197/200 loss 0.0066 train 1.0000 test 0.2906
epoch 198/200 loss 0.0064 train 1.0000 test 0.2901
epoch 199/200 loss 0.0064 train 1.0000 test 0.2886
epoch 200/200 loss 0.0065 train 1.0000 test 0.2893
done: final 0.2893 best 0.2906 -> ./runs/enmag_5pct/seed0
stem calibrated (True) on 1024 images
[enmag_5pct seed1] {"params_trainable": 11224740, "params_stem_trainable": 0, "params_stem_fixed_filters": 1936, "flops_total": 563406848, "flops_stem": 1982464, "flops_image_size": 32}
epoch 1/200 loss 4.6273 train 0.0210 test 0.0383
epoch 2/200 loss 4.3262 train 0.0498 test 0.0556
epoch 3/200 loss 4.1351 train 0.0646 test 0.0771
epoch 4/200 loss 3.9301 train 0.0900 test 0.0840
epoch 5/200 loss 3.8497 train 0.1188 test 0.1060
epoch 6/200 loss 3.6811 train 0.1262 test 0.1167
epoch 7/200 loss 3.5596 train 0.1579 test 0.1177
epoch 8/200 loss 3.4899 train 0.1591 test 0.1238
epoch 9/200 loss 3.4088 train 0.1875 test 0.1195
epoch 10/200 loss 3.2895 train 0.2060 test 0.1489
epoch 11/200 loss 3.1982 train 0.2150 test 0.1324
epoch 12/200 loss 3.1605 train 0.2089 test 0.1434
epoch 13/200 loss 3.0896 train 0.2262 test 0.1532
epoch 14/200 loss 3.0234 train 0.2311 test 0.1734
epoch 15/200 loss 2.9143 train 0.2586 test 0.1506
epoch 16/200 loss 2.7948 train 0.2866 test 0.1666
epoch 17/200 loss 2.7007 train 0.3063 test 0.1796
epoch 18/200 loss 2.7030 train 0.2936 test 0.1782
epoch 19/200 loss 2.5990 train 0.3269 test 0.1693
epoch 20/200 loss 2.5463 train 0.3203 test 0.1689
epoch 21/200 loss 2.4698 train 0.3273 test 0.1791
epoch 22/200 loss 2.4129 train 0.3635 test 0.1867
epoch 23/200 loss 2.3079 train 0.3762 test 0.1875
epoch 24/200 loss 2.2427 train 0.4001 test 0.1784
epoch 25/200 loss 2.1408 train 0.4211 test 0.1834
epoch 26/200 loss 2.0720 train 0.4338 test 0.1935
epoch 27/200 loss 1.9836 train 0.4511 test 0.1904
epoch 28/200 loss 1.8855 train 0.4823 test 0.2080
epoch 29/200 loss 1.8035 train 0.4951 test 0.1747
epoch 30/200 loss 1.7879 train 0.4959 test 0.1933
epoch 31/200 loss 1.6641 train 0.5267 test 0.2178
epoch 32/200 loss 1.5759 train 0.5535 test 0.1942
epoch 33/200 loss 1.5170 train 0.5588 test 0.1988
epoch 34/200 loss 1.4264 train 0.5942 test 0.2223
epoch 35/200 loss 1.2741 train 0.6266 test 0.1990
epoch 36/200 loss 1.1454 train 0.6706 test 0.2110
epoch 37/200 loss 1.1119 train 0.6739 test 0.1775
epoch 38/200 loss 1.1592 train 0.6546 test 0.1992
epoch 39/200 loss 1.0700 train 0.6817 test 0.2006
epoch 40/200 loss 0.9572 train 0.7220 test 0.2204
epoch 41/200 loss 0.8317 train 0.7553 test 0.2092
epoch 42/200 loss 0.7260 train 0.7845 test 0.2005
epoch 43/200 loss 0.7343 train 0.7771 test 0.2112
epoch 44/200 loss 0.6964 train 0.7911 test 0.2050
epoch 45/200 loss 0.6467 train 0.8076 test 0.2104
epoch 46/200 loss 0.5645 train 0.8384 test 0.1997
epoch 47/200 loss 0.4870 train 0.8651 test 0.2104
epoch 48/200 loss 0.4443 train 0.8697 test 0.2271
epoch 49/200 loss 0.3672 train 0.8960 test 0.2189
epoch 50/200 loss 0.3208 train 0.9124 test 0.2271
epoch 51/200 loss 0.2886 train 0.9248 test 0.2228
epoch 52/200 loss 0.2825 train 0.9231 test 0.2265
epoch 53/200 loss 0.2443 train 0.9280 test 0.2371
epoch 54/200 loss 0.2389 train 0.9400 test 0.2293
epoch 55/200 loss 0.2237 train 0.9375 test 0.2246
epoch 56/200 loss 0.2369 train 0.9276 test 0.2279
epoch 57/200 loss 0.2133 train 0.9428 test 0.2224
epoch 58/200 loss 0.2085 train 0.9461 test 0.2293
epoch 59/200 loss 0.1863 train 0.9539 test 0.2292
epoch 60/200 loss 0.1472 train 0.9634 test 0.2364
epoch 61/200 loss 0.1151 train 0.9778 test 0.2425
epoch 62/200 loss 0.1038 train 0.9790 test 0.2402
epoch 63/200 loss 0.0861 train 0.9811 test 0.2517
epoch 64/200 loss 0.0522 train 0.9934 test 0.2579
epoch 65/200 loss 0.0442 train 0.9930 test 0.2593
epoch 66/200 loss 0.0305 train 0.9967 test 0.2694
epoch 67/200 loss 0.0269 train 0.9967 test 0.2623
epoch 68/200 loss 0.0317 train 0.9947 test 0.2724
epoch 69/200 loss 0.0250 train 0.9963 test 0.2621
epoch 70/200 loss 0.0221 train 0.9971 test 0.2696
epoch 71/200 loss 0.0139 train 1.0000 test 0.2724
epoch 72/200 loss 0.0100 train 1.0000 test 0.2770
epoch 73/200 loss 0.0083 train 1.0000 test 0.2762
epoch 74/200 loss 0.0076 train 1.0000 test 0.2778
epoch 75/200 loss 0.0073 train 1.0000 test 0.2794
epoch 76/200 loss 0.0068 train 1.0000 test 0.2803
epoch 77/200 loss 0.0066 train 1.0000 test 0.2808
epoch 78/200 loss 0.0068 train 1.0000 test 0.2787
epoch 79/200 loss 0.0065 train 1.0000 test 0.2792
epoch 80/200 loss 0.0065 train 1.0000 test 0.2771
epoch 81/200 loss 0.0070 train 1.0000 test 0.2790
epoch 82/200 loss 0.0062 train 1.0000 test 0.2781
epoch 83/200 loss 0.0063 train 1.0000 test 0.2781
epoch 84/200 loss 0.0066 train 1.0000 test 0.2794
epoch 85/200 loss 0.0066 train 1.0000 test 0.2801
epoch 86/200 loss 0.0072 train 1.0000 test 0.2803
epoch 87/200 loss 0.0064 train 1.0000 test 0.2816
epoch 88/200 loss 0.0071 train 1.0000 test 0.2807
epoch 89/200 loss 0.0067 train 1.0000 test 0.2807
epoch 90/200 loss 0.0064 train 1.0000 test 0.2810
epoch 91/200 loss 0.0070 train 1.0000 test 0.2804
epoch 92/200 loss 0.0071 train 1.0000 test 0.2801
epoch 93/200 loss 0.0070 train 1.0000 test 0.2815
epoch 94/200 loss 0.0070 train 1.0000 test 0.2811
epoch 95/200 loss 0.0067 train 1.0000 test 0.2815
epoch 96/200 loss 0.0067 train 1.0000 test 0.2826
epoch 97/200 loss 0.0072 train 1.0000 test 0.2821
epoch 98/200 loss 0.0071 train 1.0000 test 0.2829
epoch 99/200 loss 0.0066 train 1.0000 test 0.2817
epoch 100/200 loss 0.0071 train 1.0000 test 0.2813
epoch 101/200 loss 0.0075 train 1.0000 test 0.2803
epoch 102/200 loss 0.0075 train 1.0000 test 0.2806
epoch 103/200 loss 0.0069 train 1.0000 test 0.2811
epoch 104/200 loss 0.0074 train 1.0000 test 0.2806
epoch 105/200 loss 0.0068 train 1.0000 test 0.2815
epoch 106/200 loss 0.0073 train 1.0000 test 0.2829
epoch 107/200 loss 0.0072 train 1.0000 test 0.2807
epoch 108/200 loss 0.0076 train 1.0000 test 0.2807
epoch 109/200 loss 0.0073 train 1.0000 test 0.2821
epoch 110/200 loss 0.0073 train 1.0000 test 0.2825
epoch 111/200 loss 0.0069 train 1.0000 test 0.2833
epoch 112/200 loss 0.0069 train 1.0000 test 0.2825
epoch 113/200 loss 0.0076 train 1.0000 test 0.2817
epoch 114/200 loss 0.0072 train 1.0000 test 0.2830
epoch 115/200 loss 0.0073 train 1.0000 test 0.2843
epoch 116/200 loss 0.0071 train 1.0000 test 0.2848
epoch 117/200 loss 0.0074 train 1.0000 test 0.2873
epoch 118/200 loss 0.0075 train 1.0000 test 0.2839
epoch 119/200 loss 0.0070 train 1.0000 test 0.2858
epoch 120/200 loss 0.0075 train 1.0000 test 0.2860
epoch 121/200 loss 0.0073 train 1.0000 test 0.2851
epoch 122/200 loss 0.0069 train 1.0000 test 0.2830
epoch 123/200 loss 0.0077 train 1.0000 test 0.2842
epoch 124/200 loss 0.0073 train 1.0000 test 0.2832
epoch 125/200 loss 0.0073 train 1.0000 test 0.2854
epoch 126/200 loss 0.0072 train 1.0000 test 0.2822
epoch 127/200 loss 0.0072 train 1.0000 test 0.2833
epoch 128/200 loss 0.0072 train 1.0000 test 0.2841
epoch 129/200 loss 0.0072 train 1.0000 test 0.2837
epoch 130/200 loss 0.0075 train 1.0000 test 0.2851
epoch 131/200 loss 0.0068 train 1.0000 test 0.2845
epoch 132/200 loss 0.0072 train 1.0000 test 0.2843
epoch 133/200 loss 0.0068 train 1.0000 test 0.2848
epoch 134/200 loss 0.0068 train 1.0000 test 0.2838
epoch 135/200 loss 0.0074 train 1.0000 test 0.2834
epoch 136/200 loss 0.0072 train 1.0000 test 0.2851
epoch 137/200 loss 0.0069 train 1.0000 test 0.2847
epoch 138/200 loss 0.0069 train 1.0000 test 0.2831
epoch 139/200 loss 0.0067 train 1.0000 test 0.2834
epoch 140/200 loss 0.0070 train 1.0000 test 0.2811
epoch 141/200 loss 0.0071 train 1.0000 test 0.2824
epoch 142/200 loss 0.0073 train 1.0000 test 0.2821
epoch 143/200 loss 0.0072 train 1.0000 test 0.2830
epoch 144/200 loss 0.0068 train 1.0000 test 0.2844
epoch 145/200 loss 0.0072 train 1.0000 test 0.2847
epoch 146/200 loss 0.0074 train 1.0000 test 0.2858
epoch 147/200 loss 0.0065 train 1.0000 test 0.2834
epoch 148/200 loss 0.0071 train 1.0000 test 0.2851
epoch 149/200 loss 0.0071 train 1.0000 test 0.2846
epoch 150/200 loss 0.0074 train 1.0000 test 0.2837
epoch 151/200 loss 0.0071 train 1.0000 test 0.2835
epoch 152/200 loss 0.0071 train 1.0000 test 0.2824
epoch 153/200 loss 0.0070 train 1.0000 test 0.2829
epoch 154/200 loss 0.0072 train 1.0000 test 0.2825
epoch 155/200 loss 0.0073 train 1.0000 test 0.2846
epoch 156/200 loss 0.0074 train 1.0000 test 0.2819
epoch 157/200 loss 0.0068 train 1.0000 test 0.2827
epoch 158/200 loss 0.0067 train 1.0000 test 0.2854
epoch 159/200 loss 0.0072 train 1.0000 test 0.2848
epoch 160/200 loss 0.0067 train 1.0000 test 0.2839
epoch 161/200 loss 0.0066 train 1.0000 test 0.2847
epoch 162/200 loss 0.0069 train 1.0000 test 0.2832
epoch 163/200 loss 0.0076 train 1.0000 test 0.2852
epoch 164/200 loss 0.0071 train 1.0000 test 0.2843
epoch 165/200 loss 0.0070 train 1.0000 test 0.2823
epoch 166/200 loss 0.0070 train 1.0000 test 0.2852
epoch 167/200 loss 0.0069 train 1.0000 test 0.2845
epoch 168/200 loss 0.0068 train 1.0000 test 0.2828
epoch 169/200 loss 0.0067 train 1.0000 test 0.2847
epoch 170/200 loss 0.0067 train 1.0000 test 0.2844
epoch 171/200 loss 0.0072 train 1.0000 test 0.2831
epoch 172/200 loss 0.0068 train 1.0000 test 0.2844
epoch 173/200 loss 0.0072 train 1.0000 test 0.2839
epoch 174/200 loss 0.0068 train 1.0000 test 0.2847
epoch 175/200 loss 0.0070 train 1.0000 test 0.2840
epoch 176/200 loss 0.0067 train 1.0000 test 0.2826
epoch 177/200 loss 0.0071 train 1.0000 test 0.2834
epoch 178/200 loss 0.0067 train 1.0000 test 0.2836
epoch 179/200 loss 0.0065 train 1.0000 test 0.2830
epoch 180/200 loss 0.0068 train 1.0000 test 0.2839
epoch 181/200 loss 0.0069 train 1.0000 test 0.2839
epoch 182/200 loss 0.0072 train 1.0000 test 0.2848
epoch 183/200 loss 0.0071 train 1.0000 test 0.2842
epoch 184/200 loss 0.0066 train 1.0000 test 0.2844
epoch 185/200 loss 0.0071 train 1.0000 test 0.2847
epoch 186/200 loss 0.0064 train 1.0000 test 0.2850
epoch 187/200 loss 0.0065 train 1.0000 test 0.2851
epoch 188/200 loss 0.0068 train 1.0000 test 0.2835
epoch 189/200 loss 0.0069 train 1.0000 test 0.2849
epoch 190/200 loss 0.0067 train 1.0000 test 0.2841
epoch 191/200 loss 0.0066 train 1.0000 test 0.2832
epoch 192/200 loss 0.0067 train 1.0000 test 0.2851
epoch 193/200 loss 0.0070 train 1.0000 test 0.2844
epoch 194/200 loss 0.0069 train 1.0000 test 0.2851
epoch 195/200 loss 0.0068 train 1.0000 test 0.2843
epoch 196/200 loss 0.0070 train 1.0000 test 0.2851
epoch 197/200 loss 0.0067 train 1.0000 test 0.2848
epoch 198/200 loss 0.0072 train 1.0000 test 0.2849
epoch 199/200 loss 0.0068 train 1.0000 test 0.2847
epoch 200/200 loss 0.0064 train 1.0000 test 0.2840
done: final 0.2840 best 0.2873 -> ./runs/enmag_5pct/seed1
stem calibrated (True) on 1024 images
[enmag_5pct seed2] {"params_trainable": 11224740, "params_stem_trainable": 0, "params_stem_fixed_filters": 1936, "flops_total": 563406848, "flops_stem": 1982464, "flops_image_size": 32}
epoch 1/200 loss 4.6154 train 0.0197 test 0.0415
epoch 2/200 loss 4.3408 train 0.0461 test 0.0676
epoch 3/200 loss 4.0818 train 0.0732 test 0.0802
epoch 4/200 loss 3.8946 train 0.1036 test 0.0910
epoch 5/200 loss 3.7451 train 0.1427 test 0.1049
epoch 6/200 loss 3.6056 train 0.1456 test 0.1233
epoch 7/200 loss 3.4925 train 0.1554 test 0.1214
epoch 8/200 loss 3.4571 train 0.1706 test 0.1237
epoch 9/200 loss 3.3927 train 0.1772 test 0.1311
epoch 10/200 loss 3.2366 train 0.2089 test 0.1387
epoch 11/200 loss 3.1604 train 0.2113 test 0.1498
epoch 12/200 loss 3.0832 train 0.2344 test 0.1507
epoch 13/200 loss 3.0118 train 0.2455 test 0.1216
epoch 14/200 loss 2.9701 train 0.2484 test 0.1559
epoch 15/200 loss 2.8770 train 0.2656 test 0.1621
epoch 16/200 loss 2.7840 train 0.2763 test 0.1734
epoch 17/200 loss 2.7231 train 0.3002 test 0.1613
epoch 18/200 loss 2.6233 train 0.3146 test 0.1690
epoch 19/200 loss 2.5890 train 0.3187 test 0.1882
epoch 20/200 loss 2.5181 train 0.3446 test 0.1803
epoch 21/200 loss 2.4623 train 0.3442 test 0.1577
epoch 22/200 loss 2.3837 train 0.3676 test 0.1741
epoch 23/200 loss 2.2960 train 0.3902 test 0.2094
epoch 24/200 loss 2.2425 train 0.3902 test 0.1838
epoch 25/200 loss 2.1424 train 0.4038 test 0.1908
epoch 26/200 loss 2.0939 train 0.4215 test 0.1755
epoch 27/200 loss 2.0378 train 0.4424 test 0.1919
epoch 28/200 loss 1.8827 train 0.4848 test 0.1954
epoch 29/200 loss 1.8003 train 0.5004 test 0.1886
epoch 30/200 loss 1.7193 train 0.5185 test 0.2046
epoch 31/200 loss 1.6037 train 0.5411 test 0.2105
epoch 32/200 loss 1.5395 train 0.5613 test 0.2023
epoch 33/200 loss 1.4642 train 0.5818 test 0.1989
epoch 34/200 loss 1.4476 train 0.5687 test 0.1909
epoch 35/200 loss 1.3220 train 0.6192 test 0.2078
epoch 36/200 loss 1.2247 train 0.6456 test 0.2206
epoch 37/200 loss 1.1353 train 0.6690 test 0.1856
epoch 38/200 loss 1.0390 train 0.6883 test 0.2124
epoch 39/200 loss 1.0155 train 0.7068 test 0.2174
epoch 40/200 loss 0.8943 train 0.7282 test 0.2181
epoch 41/200 loss 0.7875 train 0.7656 test 0.2200
epoch 42/200 loss 0.7439 train 0.7829 test 0.1952
epoch 43/200 loss 0.6541 train 0.8076 test 0.2156
epoch 44/200 loss 0.5686 train 0.8339 test 0.2165
epoch 45/200 loss 0.5170 train 0.8462 test 0.2216
epoch 46/200 loss 0.4823 train 0.8503 test 0.2222
epoch 47/200 loss 0.4560 train 0.8701 test 0.2141
epoch 48/200 loss 0.4503 train 0.8692 test 0.2044
epoch 49/200 loss 0.4229 train 0.8795 test 0.2179
epoch 50/200 loss 0.3836 train 0.8873 test 0.2275
epoch 51/200 loss 0.3500 train 0.8980 test 0.2180
epoch 52/200 loss 0.3063 train 0.9124 test 0.2142
epoch 53/200 loss 0.2839 train 0.9190 test 0.2212
epoch 54/200 loss 0.2306 train 0.9400 test 0.2359
epoch 55/200 loss 0.2118 train 0.9449 test 0.2317
epoch 56/200 loss 0.1879 train 0.9564 test 0.2349
epoch 57/200 loss 0.1669 train 0.9601 test 0.2418
epoch 58/200 loss 0.1422 train 0.9626 test 0.2325
epoch 59/200 loss 0.1382 train 0.9634 test 0.2394
epoch 60/200 loss 0.1211 train 0.9762 test 0.2423
epoch 61/200 loss 0.1342 train 0.9638 test 0.2365
epoch 62/200 loss 0.0994 train 0.9803 test 0.2525
epoch 63/200 loss 0.0673 train 0.9885 test 0.2560
epoch 64/200 loss 0.0551 train 0.9910 test 0.2503
epoch 65/200 loss 0.0373 train 0.9959 test 0.2575
epoch 66/200 loss 0.0242 train 0.9984 test 0.2608
epoch 67/200 loss 0.0150 train 1.0000 test 0.2708
epoch 68/200 loss 0.0120 train 1.0000 test 0.2726
epoch 69/200 loss 0.0110 train 0.9992 test 0.2692
epoch 70/200 loss 0.0096 train 1.0000 test 0.2716
epoch 71/200 loss 0.0086 train 1.0000 test 0.2752
epoch 72/200 loss 0.0082 train 1.0000 test 0.2751
epoch 73/200 loss 0.0071 train 1.0000 test 0.2759
epoch 74/200 loss 0.0075 train 1.0000 test 0.2771
epoch 75/200 loss 0.0065 train 1.0000 test 0.2797
epoch 76/200 loss 0.0061 train 1.0000 test 0.2803
epoch 77/200 loss 0.0079 train 1.0000 test 0.2791
epoch 78/200 loss 0.0065 train 1.0000 test 0.2808
epoch 79/200 loss 0.0060 train 1.0000 test 0.2802
epoch 80/200 loss 0.0062 train 1.0000 test 0.2814
epoch 81/200 loss 0.0071 train 1.0000 test 0.2799
epoch 82/200 loss 0.0068 train 1.0000 test 0.2795
epoch 83/200 loss 0.0073 train 1.0000 test 0.2789
epoch 84/200 loss 0.0068 train 1.0000 test 0.2797
epoch 85/200 loss 0.0073 train 1.0000 test 0.2801
epoch 86/200 loss 0.0070 train 1.0000 test 0.2800
epoch 87/200 loss 0.0071 train 1.0000 test 0.2815
epoch 88/200 loss 0.0068 train 1.0000 test 0.2812
epoch 89/200 loss 0.0071 train 1.0000 test 0.2797
epoch 90/200 loss 0.0066 train 1.0000 test 0.2805
epoch 91/200 loss 0.0073 train 1.0000 test 0.2794
epoch 92/200 loss 0.0080 train 0.9996 test 0.2788
epoch 93/200 loss 0.0094 train 0.9992 test 0.2800
epoch 94/200 loss 0.0088 train 1.0000 test 0.2813
epoch 95/200 loss 0.0071 train 1.0000 test 0.2787
epoch 96/200 loss 0.0070 train 1.0000 test 0.2813
epoch 97/200 loss 0.0069 train 1.0000 test 0.2829
epoch 98/200 loss 0.0071 train 1.0000 test 0.2811
epoch 99/200 loss 0.0071 train 1.0000 test 0.2824
epoch 100/200 loss 0.0071 train 1.0000 test 0.2800
epoch 101/200 loss 0.0080 train 1.0000 test 0.2789
epoch 102/200 loss 0.0075 train 1.0000 test 0.2811
epoch 103/200 loss 0.0071 train 1.0000 test 0.2825
epoch 104/200 loss 0.0073 train 1.0000 test 0.2809
epoch 105/200 loss 0.0073 train 1.0000 test 0.2808
epoch 106/200 loss 0.0076 train 1.0000 test 0.2810
epoch 107/200 loss 0.0074 train 1.0000 test 0.2829
epoch 108/200 loss 0.0071 train 1.0000 test 0.2818
epoch 109/200 loss 0.0069 train 1.0000 test 0.2817
epoch 110/200 loss 0.0070 train 1.0000 test 0.2821
epoch 111/200 loss 0.0074 train 1.0000 test 0.2815
epoch 112/200 loss 0.0075 train 1.0000 test 0.2811
epoch 113/200 loss 0.0073 train 1.0000 test 0.2830
epoch 114/200 loss 0.0073 train 1.0000 test 0.2823
epoch 115/200 loss 0.0071 train 1.0000 test 0.2826
epoch 116/200 loss 0.0078 train 1.0000 test 0.2815
epoch 117/200 loss 0.0075 train 1.0000 test 0.2818
epoch 118/200 loss 0.0072 train 1.0000 test 0.2807
epoch 119/200 loss 0.0074 train 1.0000 test 0.2831
epoch 120/200 loss 0.0072 train 1.0000 test 0.2826
epoch 121/200 loss 0.0077 train 1.0000 test 0.2814
epoch 122/200 loss 0.0075 train 1.0000 test 0.2820
epoch 123/200 loss 0.0074 train 1.0000 test 0.2806
epoch 124/200 loss 0.0069 train 1.0000 test 0.2820
epoch 125/200 loss 0.0069 train 1.0000 test 0.2817
epoch 126/200 loss 0.0073 train 1.0000 test 0.2819
epoch 127/200 loss 0.0073 train 1.0000 test 0.2828
epoch 128/200 loss 0.0070 train 1.0000 test 0.2837
epoch 129/200 loss 0.0071 train 1.0000 test 0.2835
epoch 130/200 loss 0.0069 train 1.0000 test 0.2831
epoch 131/200 loss 0.0076 train 1.0000 test 0.2830
epoch 132/200 loss 0.0065 train 1.0000 test 0.2829
epoch 133/200 loss 0.0068 train 1.0000 test 0.2843
epoch 134/200 loss 0.0069 train 1.0000 test 0.2819
epoch 135/200 loss 0.0068 train 1.0000 test 0.2817
epoch 136/200 loss 0.0072 train 1.0000 test 0.2817
epoch 137/200 loss 0.0070 train 1.0000 test 0.2825
epoch 138/200 loss 0.0069 train 1.0000 test 0.2828
epoch 139/200 loss 0.0072 train 1.0000 test 0.2824
epoch 140/200 loss 0.0072 train 1.0000 test 0.2826
epoch 141/200 loss 0.0071 train 1.0000 test 0.2822
epoch 142/200 loss 0.0069 train 1.0000 test 0.2828
epoch 143/200 loss 0.0071 train 1.0000 test 0.2830
epoch 144/200 loss 0.0072 train 1.0000 test 0.2827
epoch 145/200 loss 0.0068 train 1.0000 test 0.2832
epoch 146/200 loss 0.0068 train 1.0000 test 0.2830
epoch 147/200 loss 0.0069 train 1.0000 test 0.2835
epoch 148/200 loss 0.0065 train 1.0000 test 0.2852
epoch 149/200 loss 0.0067 train 1.0000 test 0.2832
epoch 150/200 loss 0.0067 train 1.0000 test 0.2834
epoch 151/200 loss 0.0069 train 1.0000 test 0.2837
epoch 152/200 loss 0.0066 train 1.0000 test 0.2847
epoch 153/200 loss 0.0069 train 1.0000 test 0.2831
epoch 154/200 loss 0.0073 train 1.0000 test 0.2846
epoch 155/200 loss 0.0075 train 1.0000 test 0.2832
epoch 156/200 loss 0.0068 train 1.0000 test 0.2838
epoch 157/200 loss 0.0066 train 1.0000 test 0.2833
epoch 158/200 loss 0.0069 train 1.0000 test 0.2826
epoch 159/200 loss 0.0071 train 1.0000 test 0.2850
epoch 160/200 loss 0.0070 train 1.0000 test 0.2843
epoch 161/200 loss 0.0073 train 1.0000 test 0.2831
epoch 162/200 loss 0.0069 train 1.0000 test 0.2826
epoch 163/200 loss 0.0071 train 1.0000 test 0.2821
epoch 164/200 loss 0.0069 train 1.0000 test 0.2834
epoch 165/200 loss 0.0069 train 1.0000 test 0.2826
epoch 166/200 loss 0.0068 train 1.0000 test 0.2818
epoch 167/200 loss 0.0067 train 1.0000 test 0.2824
epoch 168/200 loss 0.0071 train 1.0000 test 0.2835
epoch 169/200 loss 0.0065 train 1.0000 test 0.2832
epoch 170/200 loss 0.0068 train 1.0000 test 0.2837
epoch 171/200 loss 0.0069 train 1.0000 test 0.2832
epoch 172/200 loss 0.0065 train 1.0000 test 0.2840
epoch 173/200 loss 0.0065 train 1.0000 test 0.2836
epoch 174/200 loss 0.0073 train 1.0000 test 0.2826
epoch 175/200 loss 0.0071 train 1.0000 test 0.2828
epoch 176/200 loss 0.0068 train 1.0000 test 0.2817
epoch 177/200 loss 0.0068 train 1.0000 test 0.2823
epoch 178/200 loss 0.0069 train 1.0000 test 0.2824
epoch 179/200 loss 0.0069 train 1.0000 test 0.2823
epoch 180/200 loss 0.0067 train 1.0000 test 0.2835
epoch 181/200 loss 0.0065 train 1.0000 test 0.2827
epoch 182/200 loss 0.0067 train 1.0000 test 0.2832
epoch 183/200 loss 0.0068 train 1.0000 test 0.2840
epoch 184/200 loss 0.0065 train 1.0000 test 0.2827
epoch 185/200 loss 0.0069 train 1.0000 test 0.2842
epoch 186/200 loss 0.0066 train 1.0000 test 0.2824
epoch 187/200 loss 0.0071 train 1.0000 test 0.2828
epoch 188/200 loss 0.0064 train 1.0000 test 0.2836
epoch 189/200 loss 0.0066 train 1.0000 test 0.2830
epoch 190/200 loss 0.0065 train 1.0000 test 0.2832
epoch 191/200 loss 0.0069 train 1.0000 test 0.2819
epoch 192/200 loss 0.0066 train 1.0000 test 0.2820
epoch 193/200 loss 0.0064 train 1.0000 test 0.2835
epoch 194/200 loss 0.0067 train 1.0000 test 0.2830
epoch 195/200 loss 0.0068 train 1.0000 test 0.2837
epoch 196/200 loss 0.0067 train 1.0000 test 0.2833
epoch 197/200 loss 0.0068 train 1.0000 test 0.2831
epoch 198/200 loss 0.0068 train 1.0000 test 0.2840
epoch 199/200 loss 0.0068 train 1.0000 test 0.2835
epoch 200/200 loss 0.0066 train 1.0000 test 0.2839
done: final 0.2839 best 0.2852 -> ./runs/enmag_5pct/seed2
stem calibrated (True) on 1024 images
[enrot_5pct seed0] {"params_trainable": 11224740, "params_stem_trainable": 0, "params_stem_fixed_filters": 5808, "flops_total": 567371776, "flops_stem": 5947392, "flops_image_size": 32}
epoch 1/200 loss 4.6381 train 0.0173 test 0.0285
epoch 2/200 loss 4.3555 train 0.0399 test 0.0437
epoch 3/200 loss 4.1235 train 0.0641 test 0.0595
epoch 4/200 loss 3.9661 train 0.0868 test 0.0709
epoch 5/200 loss 3.8405 train 0.1053 test 0.0820
epoch 6/200 loss 3.7521 train 0.1229 test 0.0949
epoch 7/200 loss 3.6416 train 0.1410 test 0.0984
epoch 8/200 loss 3.5496 train 0.1571 test 0.0990
epoch 9/200 loss 3.4745 train 0.1608 test 0.1127
epoch 10/200 loss 3.4173 train 0.1682 test 0.1025
epoch 11/200 loss 3.3502 train 0.1846 test 0.1163
epoch 12/200 loss 3.2460 train 0.2031 test 0.1027
epoch 13/200 loss 3.2096 train 0.1970 test 0.1065
epoch 14/200 loss 3.1197 train 0.2220 test 0.1309
epoch 15/200 loss 3.0759 train 0.2299 test 0.1289
epoch 16/200 loss 2.9609 train 0.2558 test 0.1414
epoch 17/200 loss 2.9383 train 0.2475 test 0.1350
epoch 18/200 loss 2.8867 train 0.2562 test 0.1461
epoch 19/200 loss 2.7733 train 0.2780 test 0.1410
epoch 20/200 loss 2.7368 train 0.2944 test 0.1325
epoch 21/200 loss 2.6044 train 0.3133 test 0.1739
epoch 22/200 loss 2.5528 train 0.3294 test 0.1443
epoch 23/200 loss 2.5106 train 0.3359 test 0.1543
epoch 24/200 loss 2.4033 train 0.3532 test 0.1443
epoch 25/200 loss 2.3094 train 0.3947 test 0.1768
epoch 26/200 loss 2.2802 train 0.3865 test 0.1704
epoch 27/200 loss 2.1586 train 0.4223 test 0.1582
epoch 28/200 loss 2.1116 train 0.4297 test 0.1603
epoch 29/200 loss 2.0179 train 0.4404 test 0.1652
epoch 30/200 loss 1.9258 train 0.4622 test 0.1597
epoch 31/200 loss 1.8247 train 0.4786 test 0.1616
epoch 32/200 loss 1.7333 train 0.5119 test 0.1756
epoch 33/200 loss 1.7165 train 0.5107 test 0.1801
epoch 34/200 loss 1.5932 train 0.5535 test 0.1865
epoch 35/200 loss 1.5171 train 0.5736 test 0.1796
epoch 36/200 loss 1.4299 train 0.5909 test 0.1521
epoch 37/200 loss 1.3735 train 0.6098 test 0.1642
epoch 38/200 loss 1.2159 train 0.6468 test 0.1975
epoch 39/200 loss 1.0747 train 0.6982 test 0.1770
epoch 40/200 loss 1.0370 train 0.6920 test 0.1785
epoch 41/200 loss 0.9785 train 0.7122 test 0.1813
epoch 42/200 loss 0.9305 train 0.7249 test 0.1757
epoch 43/200 loss 0.8779 train 0.7430 test 0.1817
epoch 44/200 loss 0.7558 train 0.7812 test 0.1936
epoch 45/200 loss 0.6527 train 0.8133 test 0.1986
epoch 46/200 loss 0.6001 train 0.8203 test 0.1985
epoch 47/200 loss 0.6192 train 0.8133 test 0.1679
epoch 48/200 loss 0.5785 train 0.8252 test 0.1945
epoch 49/200 loss 0.4951 train 0.8635 test 0.1969
epoch 50/200 loss 0.3776 train 0.8960 test 0.2010
epoch 51/200 loss 0.2865 train 0.9248 test 0.1995
epoch 52/200 loss 0.2728 train 0.9285 test 0.1966
epoch 53/200 loss 0.2710 train 0.9293 test 0.2133
epoch 54/200 loss 0.2825 train 0.9301 test 0.1907
epoch 55/200 loss 0.2605 train 0.9305 test 0.2012
epoch 56/200 loss 0.2296 train 0.9396 test 0.1965
epoch 57/200 loss 0.2168 train 0.9461 test 0.2083
epoch 58/200 loss 0.1977 train 0.9474 test 0.2059
epoch 59/200 loss 0.1998 train 0.9465 test 0.2081
epoch 60/200 loss 0.1786 train 0.9531 test 0.2098
epoch 61/200 loss 0.1445 train 0.9646 test 0.2240
epoch 62/200 loss 0.1334 train 0.9679 test 0.2248
epoch 63/200 loss 0.1059 train 0.9770 test 0.2227
epoch 64/200 loss 0.0733 train 0.9864 test 0.2206
epoch 65/200 loss 0.0594 train 0.9877 test 0.2227
epoch 66/200 loss 0.0488 train 0.9934 test 0.2323
epoch 67/200 loss 0.0352 train 0.9959 test 0.2366
epoch 68/200 loss 0.0325 train 0.9963 test 0.2260
epoch 69/200 loss 0.0180 train 0.9992 test 0.2371
epoch 70/200 loss 0.0144 train 0.9996 test 0.2409
epoch 71/200 loss 0.0109 train 0.9996 test 0.2446
epoch 72/200 loss 0.0095 train 1.0000 test 0.2432
epoch 73/200 loss 0.0087 train 1.0000 test 0.2460
epoch 74/200 loss 0.0092 train 0.9996 test 0.2477
epoch 75/200 loss 0.0081 train 1.0000 test 0.2471
epoch 76/200 loss 0.0073 train 1.0000 test 0.2474
epoch 77/200 loss 0.0084 train 1.0000 test 0.2516
epoch 78/200 loss 0.0080 train 1.0000 test 0.2505
epoch 79/200 loss 0.0081 train 1.0000 test 0.2496
epoch 80/200 loss 0.0070 train 1.0000 test 0.2489
epoch 81/200 loss 0.0070 train 1.0000 test 0.2493
epoch 82/200 loss 0.0069 train 1.0000 test 0.2521
epoch 83/200 loss 0.0065 train 1.0000 test 0.2529
epoch 84/200 loss 0.0062 train 1.0000 test 0.2531
epoch 85/200 loss 0.0068 train 1.0000 test 0.2506
epoch 86/200 loss 0.0062 train 1.0000 test 0.2521
epoch 87/200 loss 0.0070 train 1.0000 test 0.2504
epoch 88/200 loss 0.0067 train 1.0000 test 0.2523
epoch 89/200 loss 0.0067 train 1.0000 test 0.2506
epoch 90/200 loss 0.0064 train 1.0000 test 0.2539
epoch 91/200 loss 0.0068 train 1.0000 test 0.2521
epoch 92/200 loss 0.0067 train 1.0000 test 0.2523
epoch 93/200 loss 0.0066 train 1.0000 test 0.2535
epoch 94/200 loss 0.0072 train 1.0000 test 0.2539
epoch 95/200 loss 0.0068 train 1.0000 test 0.2519
epoch 96/200 loss 0.0070 train 1.0000 test 0.2503
epoch 97/200 loss 0.0074 train 1.0000 test 0.2511
epoch 98/200 loss 0.0074 train 1.0000 test 0.2516
epoch 99/200 loss 0.0069 train 1.0000 test 0.2502
epoch 100/200 loss 0.0070 train 1.0000 test 0.2525
epoch 101/200 loss 0.0077 train 1.0000 test 0.2526
epoch 102/200 loss 0.0076 train 1.0000 test 0.2543
epoch 103/200 loss 0.0077 train 1.0000 test 0.2521
epoch 104/200 loss 0.0067 train 1.0000 test 0.2535
epoch 105/200 loss 0.0073 train 1.0000 test 0.2524
epoch 106/200 loss 0.0078 train 1.0000 test 0.2509
epoch 107/200 loss 0.0071 train 1.0000 test 0.2519
epoch 108/200 loss 0.0075 train 1.0000 test 0.2498
epoch 109/200 loss 0.0077 train 1.0000 test 0.2536
epoch 110/200 loss 0.0072 train 1.0000 test 0.2540
epoch 111/200 loss 0.0072 train 1.0000 test 0.2524
epoch 112/200 loss 0.0075 train 1.0000 test 0.2530
epoch 113/200 loss 0.0072 train 1.0000 test 0.2543
epoch 114/200 loss 0.0074 train 1.0000 test 0.2523
epoch 115/200 loss 0.0078 train 1.0000 test 0.2534
epoch 116/200 loss 0.0071 train 1.0000 test 0.2527
epoch 117/200 loss 0.0071 train 1.0000 test 0.2524
epoch 118/200 loss 0.0073 train 1.0000 test 0.2529
epoch 119/200 loss 0.0072 train 1.0000 test 0.2552
epoch 120/200 loss 0.0077 train 1.0000 test 0.2523
epoch 121/200 loss 0.0071 train 1.0000 test 0.2541
epoch 122/200 loss 0.0078 train 1.0000 test 0.2525
epoch 123/200 loss 0.0076 train 1.0000 test 0.2546
epoch 124/200 loss 0.0079 train 1.0000 test 0.2568
epoch 125/200 loss 0.0073 train 1.0000 test 0.2540
epoch 126/200 loss 0.0075 train 1.0000 test 0.2569
epoch 127/200 loss 0.0077 train 1.0000 test 0.2544
epoch 128/200 loss 0.0075 train 1.0000 test 0.2535
epoch 129/200 loss 0.0072 train 1.0000 test 0.2546
epoch 130/200 loss 0.0074 train 1.0000 test 0.2541
epoch 131/200 loss 0.0073 train 1.0000 test 0.2543
epoch 132/200 loss 0.0075 train 1.0000 test 0.2556
epoch 133/200 loss 0.0073 train 1.0000 test 0.2536
epoch 134/200 loss 0.0074 train 1.0000 test 0.2555
epoch 135/200 loss 0.0071 train 1.0000 test 0.2551
epoch 136/200 loss 0.0075 train 1.0000 test 0.2543
epoch 137/200 loss 0.0067 train 1.0000 test 0.2550
epoch 138/200 loss 0.0069 train 1.0000 test 0.2559
epoch 139/200 loss 0.0077 train 1.0000 test 0.2550
epoch 140/200 loss 0.0069 train 1.0000 test 0.2542
epoch 141/200 loss 0.0073 train 1.0000 test 0.2541
epoch 142/200 loss 0.0069 train 1.0000 test 0.2548
epoch 143/200 loss 0.0071 train 1.0000 test 0.2552
epoch 144/200 loss 0.0068 train 1.0000 test 0.2525
epoch 145/200 loss 0.0073 train 1.0000 test 0.2566
epoch 146/200 loss 0.0073 train 1.0000 test 0.2564
epoch 147/200 loss 0.0069 train 1.0000 test 0.2557
epoch 148/200 loss 0.0075 train 1.0000 test 0.2533
epoch 149/200 loss 0.0068 train 1.0000 test 0.2557
epoch 150/200 loss 0.0073 train 1.0000 test 0.2562
epoch 151/200 loss 0.0075 train 1.0000 test 0.2551
epoch 152/200 loss 0.0072 train 1.0000 test 0.2542
epoch 153/200 loss 0.0072 train 1.0000 test 0.2554
epoch 154/200 loss 0.0076 train 1.0000 test 0.2537
epoch 155/200 loss 0.0069 train 1.0000 test 0.2544
epoch 156/200 loss 0.0072 train 1.0000 test 0.2534
epoch 157/200 loss 0.0072 train 1.0000 test 0.2532
epoch 158/200 loss 0.0070 train 1.0000 test 0.2547
epoch 159/200 loss 0.0071 train 1.0000 test 0.2554
epoch 160/200 loss 0.0070 train 1.0000 test 0.2544
epoch 161/200 loss 0.0064 train 1.0000 test 0.2552
epoch 162/200 loss 0.0071 train 1.0000 test 0.2567
epoch 163/200 loss 0.0070 train 1.0000 test 0.2553
epoch 164/200 loss 0.0073 train 1.0000 test 0.2538
epoch 165/200 loss 0.0069 train 1.0000 test 0.2548
epoch 166/200 loss 0.0069 train 1.0000 test 0.2541
epoch 167/200 loss 0.0072 train 1.0000 test 0.2548
epoch 168/200 loss 0.0069 train 1.0000 test 0.2549
epoch 169/200 loss 0.0073 train 1.0000 test 0.2547
epoch 170/200 loss 0.0068 train 1.0000 test 0.2541
epoch 171/200 loss 0.0069 train 1.0000 test 0.2550
epoch 172/200 loss 0.0070 train 1.0000 test 0.2530
epoch 173/200 loss 0.0073 train 1.0000 test 0.2559
epoch 174/200 loss 0.0072 train 1.0000 test 0.2540
epoch 175/200 loss 0.0069 train 1.0000 test 0.2542
epoch 176/200 loss 0.0069 train 1.0000 test 0.2545
epoch 177/200 loss 0.0069 train 1.0000 test 0.2542
epoch 178/200 loss 0.0071 train 1.0000 test 0.2544
epoch 179/200 loss 0.0071 train 1.0000 test 0.2553
epoch 180/200 loss 0.0067 train 1.0000 test 0.2550
epoch 181/200 loss 0.0071 train 1.0000 test 0.2548
epoch 182/200 loss 0.0071 train 1.0000 test 0.2537
epoch 183/200 loss 0.0073 train 1.0000 test 0.2549
epoch 184/200 loss 0.0068 train 1.0000 test 0.2555
epoch 185/200 loss 0.0072 train 1.0000 test 0.2533
epoch 186/200 loss 0.0070 train 1.0000 test 0.2559
epoch 187/200 loss 0.0073 train 1.0000 test 0.2534
epoch 188/200 loss 0.0072 train 1.0000 test 0.2548
epoch 189/200 loss 0.0073 train 1.0000 test 0.2541
epoch 190/200 loss 0.0070 train 1.0000 test 0.2549
epoch 191/200 loss 0.0068 train 1.0000 test 0.2555
epoch 192/200 loss 0.0069 train 1.0000 test 0.2545
epoch 193/200 loss 0.0072 train 1.0000 test 0.2542
epoch 194/200 loss 0.0073 train 1.0000 test 0.2547
epoch 195/200 loss 0.0076 train 1.0000 test 0.2537
epoch 196/200 loss 0.0070 train 1.0000 test 0.2548
epoch 197/200 loss 0.0068 train 1.0000 test 0.2553
epoch 198/200 loss 0.0070 train 1.0000 test 0.2560
epoch 199/200 loss 0.0069 train 1.0000 test 0.2548
epoch 200/200 loss 0.0071 train 1.0000 test 0.2557
done: final 0.2557 best 0.2569 -> ./runs/enrot_5pct/seed0
stem calibrated (True) on 1024 images
[enrot_5pct seed1] {"params_trainable": 11224740, "params_stem_trainable": 0, "params_stem_fixed_filters": 5808, "flops_total": 567371776, "flops_stem": 5947392, "flops_image_size": 32}
epoch 1/200 loss 4.6204 train 0.0173 test 0.0309
epoch 2/200 loss 4.3074 train 0.0498 test 0.0413
epoch 3/200 loss 4.1220 train 0.0670 test 0.0736
epoch 4/200 loss 3.9539 train 0.0905 test 0.0821
epoch 5/200 loss 3.8772 train 0.1098 test 0.0832
epoch 6/200 loss 3.7408 train 0.1225 test 0.1013
epoch 7/200 loss 3.6428 train 0.1423 test 0.0850
epoch 8/200 loss 3.5942 train 0.1546 test 0.1078
epoch 9/200 loss 3.5428 train 0.1591 test 0.1080
epoch 10/200 loss 3.4491 train 0.1739 test 0.1156
epoch 11/200 loss 3.3644 train 0.1822 test 0.1005
epoch 12/200 loss 3.2825 train 0.1961 test 0.1160
epoch 13/200 loss 3.2361 train 0.1974 test 0.0999
epoch 14/200 loss 3.1656 train 0.2225 test 0.1098
epoch 15/200 loss 3.0875 train 0.2212 test 0.1333
epoch 16/200 loss 2.9915 train 0.2447 test 0.1314
epoch 17/200 loss 2.9230 train 0.2656 test 0.1372
epoch 18/200 loss 2.8654 train 0.2652 test 0.1430
epoch 19/200 loss 2.8003 train 0.2932 test 0.1379
epoch 20/200 loss 2.7389 train 0.2887 test 0.1410
epoch 21/200 loss 2.6578 train 0.3084 test 0.1618
epoch 22/200 loss 2.6928 train 0.3030 test 0.1599
epoch 23/200 loss 2.5563 train 0.3326 test 0.1495
epoch 24/200 loss 2.4515 train 0.3483 test 0.1635
epoch 25/200 loss 2.3409 train 0.3791 test 0.1609
epoch 26/200 loss 2.2817 train 0.3935 test 0.1525
epoch 27/200 loss 2.1938 train 0.4100 test 0.1648
epoch 28/200 loss 2.1074 train 0.4268 test 0.1653
epoch 29/200 loss 2.0347 train 0.4400 test 0.1931
epoch 30/200 loss 1.9858 train 0.4609 test 0.1627
epoch 31/200 loss 1.9126 train 0.4679 test 0.1706
epoch 32/200 loss 1.8226 train 0.4918 test 0.1765
epoch 33/200 loss 1.6947 train 0.5127 test 0.1547
epoch 34/200 loss 1.6387 train 0.5341 test 0.1786
epoch 35/200 loss 1.5280 train 0.5551 test 0.1733
epoch 36/200 loss 1.5184 train 0.5654 test 0.1722
epoch 37/200 loss 1.3600 train 0.6081 test 0.1571
epoch 38/200 loss 1.3678 train 0.5979 test 0.1579
epoch 39/200 loss 1.1994 train 0.6493 test 0.1844
epoch 40/200 loss 1.0304 train 0.7085 test 0.1778
epoch 41/200 loss 0.9523 train 0.7377 test 0.1899
epoch 42/200 loss 0.9147 train 0.7303 test 0.1675
epoch 43/200 loss 0.9317 train 0.7294 test 0.1621
epoch 44/200 loss 0.8592 train 0.7496 test 0.1824
epoch 45/200 loss 0.7421 train 0.7833 test 0.1762
epoch 46/200 loss 0.6840 train 0.7944 test 0.1810
epoch 47/200 loss 0.6073 train 0.8232 test 0.1931
epoch 48/200 loss 0.5263 train 0.8540 test 0.1947
epoch 49/200 loss 0.5013 train 0.8606 test 0.1927
epoch 50/200 loss 0.4506 train 0.8717 test 0.1880
epoch 51/200 loss 0.3640 train 0.8886 test 0.1919
epoch 52/200 loss 0.3671 train 0.8984 test 0.1914
epoch 53/200 loss 0.3378 train 0.9017 test 0.1965
epoch 54/200 loss 0.3215 train 0.9104 test 0.1928
epoch 55/200 loss 0.2769 train 0.9248 test 0.2044
epoch 56/200 loss 0.2625 train 0.9309 test 0.1953
epoch 57/200 loss 0.2447 train 0.9330 test 0.2044
epoch 58/200 loss 0.2327 train 0.9350 test 0.1994
epoch 59/200 loss 0.2003 train 0.9490 test 0.2110
epoch 60/200 loss 0.1654 train 0.9601 test 0.2178
epoch 61/200 loss 0.1271 train 0.9729 test 0.2213
epoch 62/200 loss 0.1085 train 0.9745 test 0.2086
epoch 63/200 loss 0.0925 train 0.9815 test 0.2297
epoch 64/200 loss 0.0637 train 0.9922 test 0.2277
epoch 65/200 loss 0.0573 train 0.9905 test 0.2365
epoch 66/200 loss 0.0427 train 0.9938 test 0.2322
epoch 67/200 loss 0.0429 train 0.9947 test 0.2366
epoch 68/200 loss 0.0379 train 0.9955 test 0.2204
epoch 69/200 loss 0.0311 train 0.9967 test 0.2288
epoch 70/200 loss 0.0249 train 0.9979 test 0.2374
epoch 71/200 loss 0.0197 train 0.9996 test 0.2442
epoch 72/200 loss 0.0157 train 0.9979 test 0.2451
epoch 73/200 loss 0.0119 train 1.0000 test 0.2483
epoch 74/200 loss 0.0102 train 1.0000 test 0.2479
epoch 75/200 loss 0.0084 train 1.0000 test 0.2469
epoch 76/200 loss 0.0074 train 1.0000 test 0.2529
epoch 77/200 loss 0.0073 train 1.0000 test 0.2529
epoch 78/200 loss 0.0077 train 1.0000 test 0.2503
epoch 79/200 loss 0.0071 train 1.0000 test 0.2523
epoch 80/200 loss 0.0070 train 1.0000 test 0.2515
epoch 81/200 loss 0.0069 train 1.0000 test 0.2500
epoch 82/200 loss 0.0066 train 1.0000 test 0.2517
epoch 83/200 loss 0.0073 train 1.0000 test 0.2493
epoch 84/200 loss 0.0066 train 1.0000 test 0.2502
epoch 85/200 loss 0.0064 train 1.0000 test 0.2510
epoch 86/200 loss 0.0078 train 0.9996 test 0.2521
epoch 87/200 loss 0.0071 train 1.0000 test 0.2495
epoch 88/200 loss 0.0071 train 1.0000 test 0.2518
epoch 89/200 loss 0.0073 train 1.0000 test 0.2511
epoch 90/200 loss 0.0072 train 1.0000 test 0.2523
epoch 91/200 loss 0.0075 train 1.0000 test 0.2533
epoch 92/200 loss 0.0069 train 1.0000 test 0.2518
epoch 93/200 loss 0.0070 train 1.0000 test 0.2536
epoch 94/200 loss 0.0070 train 1.0000 test 0.2539
epoch 95/200 loss 0.0066 train 1.0000 test 0.2533
epoch 96/200 loss 0.0067 train 1.0000 test 0.2543
epoch 97/200 loss 0.0071 train 1.0000 test 0.2543
epoch 98/200 loss 0.0074 train 1.0000 test 0.2553
epoch 99/200 loss 0.0071 train 1.0000 test 0.2532
epoch 100/200 loss 0.0072 train 1.0000 test 0.2557
epoch 101/200 loss 0.0071 train 1.0000 test 0.2536
epoch 102/200 loss 0.0073 train 1.0000 test 0.2534
epoch 103/200 loss 0.0071 train 1.0000 test 0.2545
epoch 104/200 loss 0.0075 train 1.0000 test 0.2527
epoch 105/200 loss 0.0070 train 1.0000 test 0.2535
epoch 106/200 loss 0.0074 train 1.0000 test 0.2548
epoch 107/200 loss 0.0073 train 1.0000 test 0.2558
epoch 108/200 loss 0.0079 train 1.0000 test 0.2566
epoch 109/200 loss 0.0075 train 1.0000 test 0.2583
epoch 110/200 loss 0.0074 train 1.0000 test 0.2568
epoch 111/200 loss 0.0070 train 1.0000 test 0.2544
epoch 112/200 loss 0.0072 train 1.0000 test 0.2538
epoch 113/200 loss 0.0075 train 1.0000 test 0.2538
epoch 114/200 loss 0.0073 train 1.0000 test 0.2556
epoch 115/200 loss 0.0070 train 1.0000 test 0.2576
epoch 116/200 loss 0.0074 train 1.0000 test 0.2550
epoch 117/200 loss 0.0076 train 1.0000 test 0.2559
epoch 118/200 loss 0.0074 train 1.0000 test 0.2545
epoch 119/200 loss 0.0073 train 1.0000 test 0.2557
epoch 120/200 loss 0.0078 train 1.0000 test 0.2553
epoch 121/200 loss 0.0073 train 1.0000 test 0.2544
epoch 122/200 loss 0.0071 train 1.0000 test 0.2550
epoch 123/200 loss 0.0075 train 1.0000 test 0.2563
epoch 124/200 loss 0.0077 train 1.0000 test 0.2567
epoch 125/200 loss 0.0077 train 1.0000 test 0.2539
epoch 126/200 loss 0.0074 train 1.0000 test 0.2561
epoch 127/200 loss 0.0077 train 1.0000 test 0.2555
epoch 128/200 loss 0.0072 train 1.0000 test 0.2547
epoch 129/200 loss 0.0071 train 1.0000 test 0.2552
epoch 130/200 loss 0.0080 train 1.0000 test 0.2571
epoch 131/200 loss 0.0072 train 1.0000 test 0.2569
epoch 132/200 loss 0.0074 train 1.0000 test 0.2570
epoch 133/200 loss 0.0069 train 1.0000 test 0.2583
epoch 134/200 loss 0.0071 train 1.0000 test 0.2567
epoch 135/200 loss 0.0077 train 1.0000 test 0.2580
epoch 136/200 loss 0.0075 train 1.0000 test 0.2572
epoch 137/200 loss 0.0073 train 1.0000 test 0.2551
epoch 138/200 loss 0.0071 train 1.0000 test 0.2572
epoch 139/200 loss 0.0068 train 1.0000 test 0.2540
epoch 140/200 loss 0.0072 train 1.0000 test 0.2570
epoch 141/200 loss 0.0074 train 1.0000 test 0.2561
epoch 142/200 loss 0.0072 train 1.0000 test 0.2536
epoch 143/200 loss 0.0077 train 1.0000 test 0.2574
epoch 144/200 loss 0.0071 train 1.0000 test 0.2556
epoch 145/200 loss 0.0075 train 1.0000 test 0.2567
epoch 146/200 loss 0.0073 train 1.0000 test 0.2563
epoch 147/200 loss 0.0068 train 1.0000 test 0.2540
epoch 148/200 loss 0.0079 train 1.0000 test 0.2549
epoch 149/200 loss 0.0074 train 1.0000 test 0.2563
epoch 150/200 loss 0.0071 train 1.0000 test 0.2581
epoch 151/200 loss 0.0072 train 1.0000 test 0.2568
epoch 152/200 loss 0.0073 train 1.0000 test 0.2570
epoch 153/200 loss 0.0070 train 1.0000 test 0.2562
epoch 154/200 loss 0.0074 train 1.0000 test 0.2572
epoch 155/200 loss 0.0074 train 1.0000 test 0.2573
epoch 156/200 loss 0.0074 train 1.0000 test 0.2570
epoch 157/200 loss 0.0072 train 1.0000 test 0.2554
epoch 158/200 loss 0.0071 train 1.0000 test 0.2565
epoch 159/200 loss 0.0074 train 1.0000 test 0.2562
epoch 160/200 loss 0.0070 train 1.0000 test 0.2573
epoch 161/200 loss 0.0069 train 1.0000 test 0.2563
epoch 162/200 loss 0.0072 train 1.0000 test 0.2580
epoch 163/200 loss 0.0073 train 1.0000 test 0.2568
epoch 164/200 loss 0.0072 train 1.0000 test 0.2564
epoch 165/200 loss 0.0073 train 1.0000 test 0.2564
epoch 166/200 loss 0.0076 train 1.0000 test 0.2575
epoch 167/200 loss 0.0071 train 1.0000 test 0.2570
epoch 168/200 loss 0.0069 train 1.0000 test 0.2573
epoch 169/200 loss 0.0069 train 1.0000 test 0.2572
epoch 170/200 loss 0.0072 train 1.0000 test 0.2570
epoch 171/200 loss 0.0072 train 1.0000 test 0.2572
epoch 172/200 loss 0.0070 train 1.0000 test 0.2575
epoch 173/200 loss 0.0075 train 1.0000 test 0.2561
epoch 174/200 loss 0.0070 train 1.0000 test 0.2566
epoch 175/200 loss 0.0073 train 1.0000 test 0.2577
epoch 176/200 loss 0.0071 train 1.0000 test 0.2561
epoch 177/200 loss 0.0073 train 1.0000 test 0.2586
epoch 178/200 loss 0.0070 train 1.0000 test 0.2585
epoch 179/200 loss 0.0069 train 1.0000 test 0.2569
epoch 180/200 loss 0.0070 train 1.0000 test 0.2577
epoch 181/200 loss 0.0071 train 1.0000 test 0.2583
epoch 182/200 loss 0.0075 train 1.0000 test 0.2578
epoch 183/200 loss 0.0074 train 1.0000 test 0.2572
epoch 184/200 loss 0.0068 train 1.0000 test 0.2565
epoch 185/200 loss 0.0072 train 1.0000 test 0.2585
epoch 186/200 loss 0.0065 train 1.0000 test 0.2575
epoch 187/200 loss 0.0067 train 1.0000 test 0.2577
epoch 188/200 loss 0.0070 train 1.0000 test 0.2578
epoch 189/200 loss 0.0067 train 1.0000 test 0.2574
epoch 190/200 loss 0.0071 train 1.0000 test 0.2593
epoch 191/200 loss 0.0068 train 1.0000 test 0.2570
epoch 192/200 loss 0.0070 train 1.0000 test 0.2575
epoch 193/200 loss 0.0072 train 1.0000 test 0.2577
epoch 194/200 loss 0.0069 train 1.0000 test 0.2585
epoch 195/200 loss 0.0071 train 1.0000 test 0.2567
epoch 196/200 loss 0.0066 train 1.0000 test 0.2578
epoch 197/200 loss 0.0068 train 1.0000 test 0.2582
epoch 198/200 loss 0.0071 train 1.0000 test 0.2576
epoch 199/200 loss 0.0070 train 1.0000 test 0.2577
epoch 200/200 loss 0.0067 train 1.0000 test 0.2574
done: final 0.2574 best 0.2593 -> ./runs/enrot_5pct/seed1
stem calibrated (True) on 1024 images
[enrot_5pct seed2] {"params_trainable": 11224740, "params_stem_trainable": 0, "params_stem_fixed_filters": 5808, "flops_total": 567371776, "flops_stem": 5947392, "flops_image_size": 32}
epoch 1/200 loss 4.6187 train 0.0197 test 0.0339
epoch 2/200 loss 4.3599 train 0.0407 test 0.0540
epoch 3/200 loss 4.1242 train 0.0740 test 0.0695
epoch 4/200 loss 3.9588 train 0.0880 test 0.0812
epoch 5/200 loss 3.8509 train 0.1118 test 0.0979
epoch 6/200 loss 3.7076 train 0.1250 test 0.0999
epoch 7/200 loss 3.6418 train 0.1373 test 0.0725
epoch 8/200 loss 3.5919 train 0.1353 test 0.1027
epoch 9/200 loss 3.5318 train 0.1571 test 0.1140
epoch 10/200 loss 3.4010 train 0.1764 test 0.1081
epoch 11/200 loss 3.3555 train 0.1735 test 0.1188
epoch 12/200 loss 3.2545 train 0.2019 test 0.1299
epoch 13/200 loss 3.2313 train 0.1965 test 0.1103
epoch 14/200 loss 3.1500 train 0.2150 test 0.1288
epoch 15/200 loss 3.0518 train 0.2286 test 0.1322
epoch 16/200 loss 3.0087 train 0.2537 test 0.1336
epoch 17/200 loss 2.9229 train 0.2619 test 0.1529
epoch 18/200 loss 2.8767 train 0.2726 test 0.1315
epoch 19/200 loss 2.7954 train 0.2788 test 0.1505
epoch 20/200 loss 2.7747 train 0.2924 test 0.1402
epoch 21/200 loss 2.6983 train 0.3113 test 0.1608
epoch 22/200 loss 2.6049 train 0.3166 test 0.1546
epoch 23/200 loss 2.4970 train 0.3528 test 0.1521
epoch 24/200 loss 2.4729 train 0.3405 test 0.1490
epoch 25/200 loss 2.3691 train 0.3742 test 0.1361
epoch 26/200 loss 2.3389 train 0.3779 test 0.1714
epoch 27/200 loss 2.2760 train 0.3742 test 0.1782
epoch 28/200 loss 2.1594 train 0.4054 test 0.1652
epoch 29/200 loss 2.0765 train 0.4383 test 0.1403
epoch 30/200 loss 2.0348 train 0.4326 test 0.1625
epoch 31/200 loss 1.8914 train 0.4704 test 0.1893
epoch 32/200 loss 1.7288 train 0.5140 test 0.1711
epoch 33/200 loss 1.6895 train 0.5185 test 0.1892
epoch 34/200 loss 1.6456 train 0.5312 test 0.1757
epoch 35/200 loss 1.5326 train 0.5641 test 0.1668
epoch 36/200 loss 1.4754 train 0.5724 test 0.1842
epoch 37/200 loss 1.3172 train 0.6238 test 0.1856
epoch 38/200 loss 1.2590 train 0.6340 test 0.1634
epoch 39/200 loss 1.2095 train 0.6427 test 0.1715
epoch 40/200 loss 1.1137 train 0.6780 test 0.1782
epoch 41/200 loss 1.0736 train 0.6826 test 0.1743
epoch 42/200 loss 1.0463 train 0.6887 test 0.1834
epoch 43/200 loss 0.8503 train 0.7553 test 0.1900
epoch 44/200 loss 0.7578 train 0.7804 test 0.1849
epoch 45/200 loss 0.6219 train 0.8302 test 0.1819
epoch 46/200 loss 0.5687 train 0.8355 test 0.1930
epoch 47/200 loss 0.6072 train 0.8146 test 0.1896
epoch 48/200 loss 0.5118 train 0.8532 test 0.1861
epoch 49/200 loss 0.4954 train 0.8647 test 0.1891
epoch 50/200 loss 0.4160 train 0.8808 test 0.1929
epoch 51/200 loss 0.4107 train 0.8828 test 0.1876
epoch 52/200 loss 0.3784 train 0.8910 test 0.1868
epoch 53/200 loss 0.3429 train 0.9030 test 0.1896
epoch 54/200 loss 0.3025 train 0.9186 test 0.1988
epoch 55/200 loss 0.2893 train 0.9198 test 0.2013
epoch 56/200 loss 0.2115 train 0.9461 test 0.2086
epoch 57/200 loss 0.2307 train 0.9383 test 0.2012
epoch 58/200 loss 0.2103 train 0.9433 test 0.1990
epoch 59/200 loss 0.1699 train 0.9581 test 0.2154
epoch 60/200 loss 0.1775 train 0.9523 test 0.1958
epoch 61/200 loss 0.1351 train 0.9688 test 0.2183
epoch 62/200 loss 0.1143 train 0.9741 test 0.2183
epoch 63/200 loss 0.0895 train 0.9827 test 0.2228
epoch 64/200 loss 0.0722 train 0.9848 test 0.2161
epoch 65/200 loss 0.0617 train 0.9901 test 0.2282
epoch 66/200 loss 0.0624 train 0.9897 test 0.2118
epoch 67/200 loss 0.1041 train 0.9799 test 0.2192
epoch 68/200 loss 0.0819 train 0.9868 test 0.2217
epoch 69/200 loss 0.0613 train 0.9926 test 0.2269
epoch 70/200 loss 0.0519 train 0.9922 test 0.2263
epoch 71/200 loss 0.0375 train 0.9942 test 0.2326
epoch 72/200 loss 0.0298 train 0.9975 test 0.2421
epoch 73/200 loss 0.0293 train 0.9967 test 0.2413
epoch 74/200 loss 0.0207 train 0.9979 test 0.2433
epoch 75/200 loss 0.0189 train 0.9992 test 0.2466
epoch 76/200 loss 0.0111 train 0.9988 test 0.2509
epoch 77/200 loss 0.0109 train 0.9996 test 0.2512
epoch 78/200 loss 0.0078 train 1.0000 test 0.2518
epoch 79/200 loss 0.0070 train 1.0000 test 0.2493
epoch 80/200 loss 0.0067 train 1.0000 test 0.2538
epoch 81/200 loss 0.0065 train 1.0000 test 0.2537
epoch 82/200 loss 0.0067 train 0.9996 test 0.2531
epoch 83/200 loss 0.0081 train 1.0000 test 0.2521
epoch 84/200 loss 0.0077 train 1.0000 test 0.2467
epoch 85/200 loss 0.0077 train 1.0000 test 0.2501
epoch 86/200 loss 0.0067 train 1.0000 test 0.2557
epoch 87/200 loss 0.0072 train 1.0000 test 0.2512
epoch 88/200 loss 0.0071 train 0.9996 test 0.2521
epoch 89/200 loss 0.0083 train 0.9996 test 0.2533
epoch 90/200 loss 0.0088 train 0.9996 test 0.2510
epoch 91/200 loss 0.0123 train 0.9996 test 0.2488
epoch 92/200 loss 0.0089 train 1.0000 test 0.2511
epoch 93/200 loss 0.0078 train 1.0000 test 0.2529
epoch 94/200 loss 0.0074 train 1.0000 test 0.2535
epoch 95/200 loss 0.0066 train 1.0000 test 0.2538
epoch 96/200 loss 0.0067 train 1.0000 test 0.2559
epoch 97/200 loss 0.0068 train 1.0000 test 0.2545
epoch 98/200 loss 0.0068 train 1.0000 test 0.2547
epoch 99/200 loss 0.0067 train 1.0000 test 0.2550
epoch 100/200 loss 0.0067 train 1.0000 test 0.2538
epoch 101/200 loss 0.0072 train 1.0000 test 0.2539
epoch 102/200 loss 0.0068 train 1.0000 test 0.2542
epoch 103/200 loss 0.0064 train 1.0000 test 0.2575
epoch 104/200 loss 0.0070 train 1.0000 test 0.2544
epoch 105/200 loss 0.0070 train 1.0000 test 0.2548
epoch 106/200 loss 0.0072 train 1.0000 test 0.2556
epoch 107/200 loss 0.0069 train 1.0000 test 0.2552
epoch 108/200 loss 0.0069 train 1.0000 test 0.2546
epoch 109/200 loss 0.0065 train 1.0000 test 0.2548
epoch 110/200 loss 0.0069 train 1.0000 test 0.2564
epoch 111/200 loss 0.0070 train 1.0000 test 0.2558
epoch 112/200 loss 0.0070 train 1.0000 test 0.2573
epoch 113/200 loss 0.0067 train 1.0000 test 0.2543
epoch 114/200 loss 0.0069 train 1.0000 test 0.2549
epoch 115/200 loss 0.0071 train 1.0000 test 0.2541
epoch 116/200 loss 0.0074 train 1.0000 test 0.2532
epoch 117/200 loss 0.0071 train 1.0000 test 0.2536
epoch 118/200 loss 0.0071 train 1.0000 test 0.2552
epoch 119/200 loss 0.0073 train 1.0000 test 0.2558
epoch 120/200 loss 0.0066 train 1.0000 test 0.2567
epoch 121/200 loss 0.0073 train 1.0000 test 0.2581
epoch 122/200 loss 0.0073 train 1.0000 test 0.2557
epoch 123/200 loss 0.0073 train 1.0000 test 0.2569
epoch 124/200 loss 0.0071 train 1.0000 test 0.2555
epoch 125/200 loss 0.0068 train 1.0000 test 0.2555
epoch 126/200 loss 0.0069 train 1.0000 test 0.2559
epoch 127/200 loss 0.0069 train 1.0000 test 0.2565
epoch 128/200 loss 0.0070 train 1.0000 test 0.2559
epoch 129/200 loss 0.0069 train 1.0000 test 0.2565
epoch 130/200 loss 0.0068 train 1.0000 test 0.2567
epoch 131/200 loss 0.0076 train 1.0000 test 0.2547
epoch 132/200 loss 0.0067 train 1.0000 test 0.2561
epoch 133/200 loss 0.0071 train 1.0000 test 0.2579
epoch 134/200 loss 0.0069 train 1.0000 test 0.2567
epoch 135/200 loss 0.0066 train 1.0000 test 0.2567
epoch 136/200 loss 0.0070 train 1.0000 test 0.2563
epoch 137/200 loss 0.0070 train 1.0000 test 0.2557
epoch 138/200 loss 0.0072 train 1.0000 test 0.2569
epoch 139/200 loss 0.0071 train 1.0000 test 0.2569
epoch 140/200 loss 0.0071 train 1.0000 test 0.2570
epoch 141/200 loss 0.0072 train 1.0000 test 0.2561
epoch 142/200 loss 0.0070 train 1.0000 test 0.2561
epoch 143/200 loss 0.0075 train 1.0000 test 0.2570
epoch 144/200 loss 0.0070 train 1.0000 test 0.2552
epoch 145/200 loss 0.0068 train 1.0000 test 0.2579
epoch 146/200 loss 0.0067 train 1.0000 test 0.2572
epoch 147/200 loss 0.0069 train 1.0000 test 0.2576
epoch 148/200 loss 0.0067 train 1.0000 test 0.2557
epoch 149/200 loss 0.0069 train 1.0000 test 0.2574
epoch 150/200 loss 0.0066 train 1.0000 test 0.2565
epoch 151/200 loss 0.0069 train 1.0000 test 0.2578
epoch 152/200 loss 0.0069 train 1.0000 test 0.2563
epoch 153/200 loss 0.0068 train 1.0000 test 0.2573
epoch 154/200 loss 0.0072 train 1.0000 test 0.2557
epoch 155/200 loss 0.0073 train 1.0000 test 0.2563
epoch 156/200 loss 0.0072 train 1.0000 test 0.2564
epoch 157/200 loss 0.0067 train 1.0000 test 0.2556
epoch 158/200 loss 0.0069 train 1.0000 test 0.2565
epoch 159/200 loss 0.0076 train 1.0000 test 0.2579
epoch 160/200 loss 0.0068 train 1.0000 test 0.2563
epoch 161/200 loss 0.0074 train 1.0000 test 0.2560
epoch 162/200 loss 0.0068 train 1.0000 test 0.2570
epoch 163/200 loss 0.0074 train 1.0000 test 0.2572
epoch 164/200 loss 0.0068 train 1.0000 test 0.2551
epoch 165/200 loss 0.0070 train 1.0000 test 0.2580
epoch 166/200 loss 0.0069 train 1.0000 test 0.2566
epoch 167/200 loss 0.0066 train 1.0000 test 0.2564
epoch 168/200 loss 0.0074 train 1.0000 test 0.2575
epoch 169/200 loss 0.0065 train 1.0000 test 0.2565
epoch 170/200 loss 0.0071 train 1.0000 test 0.2573
epoch 171/200 loss 0.0070 train 1.0000 test 0.2570
epoch 172/200 loss 0.0069 train 1.0000 test 0.2574
epoch 173/200 loss 0.0068 train 1.0000 test 0.2565
epoch 174/200 loss 0.0073 train 1.0000 test 0.2567
epoch 175/200 loss 0.0072 train 1.0000 test 0.2571
epoch 176/200 loss 0.0071 train 1.0000 test 0.2570
epoch 177/200 loss 0.0071 train 1.0000 test 0.2561
epoch 178/200 loss 0.0069 train 1.0000 test 0.2572
epoch 179/200 loss 0.0070 train 1.0000 test 0.2590
epoch 180/200 loss 0.0068 train 1.0000 test 0.2565
epoch 181/200 loss 0.0070 train 1.0000 test 0.2559
epoch 182/200 loss 0.0068 train 1.0000 test 0.2574
epoch 183/200 loss 0.0069 train 1.0000 test 0.2572
epoch 184/200 loss 0.0067 train 1.0000 test 0.2573
epoch 185/200 loss 0.0071 train 1.0000 test 0.2577
epoch 186/200 loss 0.0069 train 1.0000 test 0.2567
epoch 187/200 loss 0.0071 train 1.0000 test 0.2570
epoch 188/200 loss 0.0067 train 1.0000 test 0.2572
epoch 189/200 loss 0.0069 train 1.0000 test 0.2576
epoch 190/200 loss 0.0065 train 1.0000 test 0.2573
epoch 191/200 loss 0.0069 train 1.0000 test 0.2565
epoch 192/200 loss 0.0066 train 1.0000 test 0.2571
epoch 193/200 loss 0.0065 train 1.0000 test 0.2569
epoch 194/200 loss 0.0068 train 1.0000 test 0.2572
epoch 195/200 loss 0.0069 train 1.0000 test 0.2566
epoch 196/200 loss 0.0068 train 1.0000 test 0.2568
epoch 197/200 loss 0.0071 train 1.0000 test 0.2570
epoch 198/200 loss 0.0069 train 1.0000 test 0.2566
epoch 199/200 loss 0.0069 train 1.0000 test 0.2562
epoch 200/200 loss 0.0065 train 1.0000 test 0.2573
done: final 0.2573 best 0.2590 -> ./runs/enrot_5pct/seed2
stem calibrated (True) on 1024 images
[enstr_5pct seed0] {"params_trainable": 11225316, "params_stem_trainable": 0, "params_stem_fixed_filters": 1089, "flops_total": 563872768, "flops_stem": 1858560, "flops_image_size": 32}
epoch 1/200 loss 4.6197 train 0.0193 test 0.0351
epoch 2/200 loss 4.3494 train 0.0440 test 0.0476
epoch 3/200 loss 4.1538 train 0.0720 test 0.0616
epoch 4/200 loss 4.0001 train 0.0884 test 0.0798
epoch 5/200 loss 3.8713 train 0.1032 test 0.0913
epoch 6/200 loss 3.7879 train 0.1192 test 0.0869
epoch 7/200 loss 3.6873 train 0.1229 test 0.1011
epoch 8/200 loss 3.5945 train 0.1460 test 0.1079
epoch 9/200 loss 3.5557 train 0.1542 test 0.1219
epoch 10/200 loss 3.4896 train 0.1595 test 0.1094
epoch 11/200 loss 3.4507 train 0.1591 test 0.1192
epoch 12/200 loss 3.3548 train 0.1846 test 0.1300
epoch 13/200 loss 3.3082 train 0.1912 test 0.1339
epoch 14/200 loss 3.2293 train 0.2085 test 0.1410
epoch 15/200 loss 3.1767 train 0.2113 test 0.1399
epoch 16/200 loss 3.1197 train 0.2220 test 0.1564
epoch 17/200 loss 3.0602 train 0.2299 test 0.1366
epoch 18/200 loss 3.0230 train 0.2327 test 0.1506
epoch 19/200 loss 2.9691 train 0.2541 test 0.1448
epoch 20/200 loss 2.8926 train 0.2710 test 0.1518
epoch 21/200 loss 2.7795 train 0.2874 test 0.1522
epoch 22/200 loss 2.7506 train 0.3002 test 0.1614
epoch 23/200 loss 2.6862 train 0.3018 test 0.1508
epoch 24/200 loss 2.6238 train 0.3141 test 0.1516
epoch 25/200 loss 2.5193 train 0.3413 test 0.1662
epoch 26/200 loss 2.4673 train 0.3618 test 0.1684
epoch 27/200 loss 2.3880 train 0.3742 test 0.1743
epoch 28/200 loss 2.3114 train 0.3762 test 0.1772
epoch 29/200 loss 2.2354 train 0.3902 test 0.1717
epoch 30/200 loss 2.1960 train 0.3988 test 0.1610
epoch 31/200 loss 2.0929 train 0.4239 test 0.1799
epoch 32/200 loss 2.0496 train 0.4260 test 0.1796
epoch 33/200 loss 1.9634 train 0.4585 test 0.1725
epoch 34/200 loss 1.8457 train 0.4774 test 0.1801
epoch 35/200 loss 1.7410 train 0.5074 test 0.1895
epoch 36/200 loss 1.6705 train 0.5304 test 0.1621
epoch 37/200 loss 1.5712 train 0.5510 test 0.1856
epoch 38/200 loss 1.4547 train 0.5826 test 0.1813
epoch 39/200 loss 1.4548 train 0.5789 test 0.1689
epoch 40/200 loss 1.4232 train 0.5794 test 0.1779
epoch 41/200 loss 1.2983 train 0.6213 test 0.1805
epoch 42/200 loss 1.1808 train 0.6534 test 0.1861
epoch 43/200 loss 1.0667 train 0.6867 test 0.1775
epoch 44/200 loss 1.0271 train 0.6928 test 0.1904
epoch 45/200 loss 0.8923 train 0.7348 test 0.1799
epoch 46/200 loss 0.8857 train 0.7401 test 0.1746
epoch 47/200 loss 0.8097 train 0.7648 test 0.1901
epoch 48/200 loss 0.7501 train 0.7792 test 0.1885
epoch 49/200 loss 0.7150 train 0.7998 test 0.1824
epoch 50/200 loss 0.6308 train 0.8063 test 0.1778
epoch 51/200 loss 0.5125 train 0.8573 test 0.1965
epoch 52/200 loss 0.4068 train 0.8902 test 0.1982
epoch 53/200 loss 0.4153 train 0.8865 test 0.1963
epoch 54/200 loss 0.4220 train 0.8799 test 0.1951
epoch 55/200 loss 0.4170 train 0.8775 test 0.1939
epoch 56/200 loss 0.3435 train 0.9075 test 0.2002
epoch 57/200 loss 0.3007 train 0.9182 test 0.2033
epoch 58/200 loss 0.2702 train 0.9264 test 0.1968
epoch 59/200 loss 0.2696 train 0.9305 test 0.2024
epoch 60/200 loss 0.2765 train 0.9243 test 0.2084
epoch 61/200 loss 0.2284 train 0.9383 test 0.2043
epoch 62/200 loss 0.2030 train 0.9482 test 0.1986
epoch 63/200 loss 0.1736 train 0.9601 test 0.2089
epoch 64/200 loss 0.1240 train 0.9745 test 0.2128
epoch 65/200 loss 0.1226 train 0.9688 test 0.2144
epoch 66/200 loss 0.1070 train 0.9753 test 0.2102
epoch 67/200 loss 0.1001 train 0.9770 test 0.2096
epoch 68/200 loss 0.0846 train 0.9799 test 0.2178
epoch 69/200 loss 0.0718 train 0.9873 test 0.2178
epoch 70/200 loss 0.0569 train 0.9897 test 0.2276
epoch 71/200 loss 0.0320 train 0.9975 test 0.2243
epoch 72/200 loss 0.0237 train 0.9979 test 0.2304
epoch 73/200 loss 0.0206 train 0.9979 test 0.2316
epoch 74/200 loss 0.0162 train 0.9984 test 0.2352
epoch 75/200 loss 0.0176 train 0.9979 test 0.2369
epoch 76/200 loss 0.0127 train 1.0000 test 0.2331
epoch 77/200 loss 0.0124 train 0.9996 test 0.2368
epoch 78/200 loss 0.0090 train 1.0000 test 0.2379
epoch 79/200 loss 0.0080 train 1.0000 test 0.2397
epoch 80/200 loss 0.0079 train 1.0000 test 0.2388
epoch 81/200 loss 0.0074 train 1.0000 test 0.2388
epoch 82/200 loss 0.0071 train 1.0000 test 0.2418
epoch 83/200 loss 0.0075 train 1.0000 test 0.2420
epoch 84/200 loss 0.0071 train 1.0000 test 0.2441
epoch 85/200 loss 0.0075 train 1.0000 test 0.2400
epoch 86/200 loss 0.0065 train 1.0000 test 0.2416
epoch 87/200 loss 0.0074 train 1.0000 test 0.2412
epoch 88/200 loss 0.0074 train 1.0000 test 0.2404
epoch 89/200 loss 0.0071 train 1.0000 test 0.2409
epoch 90/200 loss 0.0071 train 1.0000 test 0.2414
epoch 91/200 loss 0.0071 train 1.0000 test 0.2431
epoch 92/200 loss 0.0065 train 1.0000 test 0.2442
epoch 93/200 loss 0.0069 train 1.0000 test 0.2438
epoch 94/200 loss 0.0073 train 1.0000 test 0.2421
epoch 95/200 loss 0.0071 train 1.0000 test 0.2424
epoch 96/200 loss 0.0077 train 1.0000 test 0.2432
epoch 97/200 loss 0.0073 train 1.0000 test 0.2450
epoch 98/200 loss 0.0078 train 1.0000 test 0.2432
epoch 99/200 loss 0.0072 train 1.0000 test 0.2432
epoch 100/200 loss 0.0076 train 1.0000 test 0.2450
epoch 101/200 loss 0.0080 train 1.0000 test 0.2459
epoch 102/200 loss 0.0073 train 1.0000 test 0.2461
epoch 103/200 loss 0.0077 train 1.0000 test 0.2430
epoch 104/200 loss 0.0070 train 1.0000 test 0.2436
epoch 105/200 loss 0.0074 train 1.0000 test 0.2441
epoch 106/200 loss 0.0078 train 1.0000 test 0.2428
epoch 107/200 loss 0.0075 train 1.0000 test 0.2451
epoch 108/200 loss 0.0075 train 1.0000 test 0.2452
epoch 109/200 loss 0.0076 train 1.0000 test 0.2451
epoch 110/200 loss 0.0071 train 1.0000 test 0.2468
epoch 111/200 loss 0.0077 train 1.0000 test 0.2450
epoch 112/200 loss 0.0081 train 1.0000 test 0.2452
epoch 113/200 loss 0.0076 train 1.0000 test 0.2448
epoch 114/200 loss 0.0075 train 1.0000 test 0.2459
epoch 115/200 loss 0.0075 train 1.0000 test 0.2468
epoch 116/200 loss 0.0074 train 1.0000 test 0.2444
epoch 117/200 loss 0.0073 train 1.0000 test 0.2451
epoch 118/200 loss 0.0073 train 1.0000 test 0.2445
epoch 119/200 loss 0.0077 train 1.0000 test 0.2448
epoch 120/200 loss 0.0080 train 1.0000 test 0.2451
epoch 121/200 loss 0.0078 train 1.0000 test 0.2451
epoch 122/200 loss 0.0077 train 1.0000 test 0.2444
epoch 123/200 loss 0.0077 train 1.0000 test 0.2448
epoch 124/200 loss 0.0080 train 1.0000 test 0.2470
epoch 125/200 loss 0.0072 train 1.0000 test 0.2466
epoch 126/200 loss 0.0084 train 1.0000 test 0.2475
epoch 127/200 loss 0.0077 train 1.0000 test 0.2465
epoch 128/200 loss 0.0081 train 1.0000 test 0.2450
epoch 129/200 loss 0.0078 train 1.0000 test 0.2463
epoch 130/200 loss 0.0078 train 1.0000 test 0.2464
epoch 131/200 loss 0.0076 train 1.0000 test 0.2462
epoch 132/200 loss 0.0077 train 1.0000 test 0.2471
epoch 133/200 loss 0.0076 train 1.0000 test 0.2474
epoch 134/200 loss 0.0076 train 1.0000 test 0.2472
epoch 135/200 loss 0.0074 train 1.0000 test 0.2459
epoch 136/200 loss 0.0075 train 1.0000 test 0.2457
epoch 137/200 loss 0.0070 train 1.0000 test 0.2470
epoch 138/200 loss 0.0072 train 1.0000 test 0.2470
epoch 139/200 loss 0.0075 train 1.0000 test 0.2477
epoch 140/200 loss 0.0070 train 1.0000 test 0.2467
epoch 141/200 loss 0.0073 train 1.0000 test 0.2459
epoch 142/200 loss 0.0072 train 1.0000 test 0.2466
epoch 143/200 loss 0.0075 train 1.0000 test 0.2463
epoch 144/200 loss 0.0072 train 1.0000 test 0.2467
epoch 145/200 loss 0.0077 train 1.0000 test 0.2467
epoch 146/200 loss 0.0076 train 1.0000 test 0.2469
epoch 147/200 loss 0.0071 train 1.0000 test 0.2487
epoch 148/200 loss 0.0077 train 1.0000 test 0.2457
epoch 149/200 loss 0.0070 train 1.0000 test 0.2478
epoch 150/200 loss 0.0074 train 1.0000 test 0.2473
epoch 151/200 loss 0.0074 train 1.0000 test 0.2483
epoch 152/200 loss 0.0072 train 1.0000 test 0.2477
epoch 153/200 loss 0.0071 train 1.0000 test 0.2479
epoch 154/200 loss 0.0080 train 1.0000 test 0.2471
epoch 155/200 loss 0.0071 train 1.0000 test 0.2482
epoch 156/200 loss 0.0073 train 1.0000 test 0.2465
epoch 157/200 loss 0.0074 train 1.0000 test 0.2452
epoch 158/200 loss 0.0071 train 1.0000 test 0.2469
epoch 159/200 loss 0.0072 train 1.0000 test 0.2461
epoch 160/200 loss 0.0071 train 1.0000 test 0.2466
epoch 161/200 loss 0.0070 train 1.0000 test 0.2478
epoch 162/200 loss 0.0071 train 1.0000 test 0.2489
epoch 163/200 loss 0.0073 train 1.0000 test 0.2477
epoch 164/200 loss 0.0072 train 1.0000 test 0.2481
epoch 165/200 loss 0.0072 train 1.0000 test 0.2482
epoch 166/200 loss 0.0071 train 1.0000 test 0.2481
epoch 167/200 loss 0.0076 train 1.0000 test 0.2475
epoch 168/200 loss 0.0071 train 1.0000 test 0.2473
epoch 169/200 loss 0.0073 train 1.0000 test 0.2469
epoch 170/200 loss 0.0072 train 1.0000 test 0.2452
epoch 171/200 loss 0.0069 train 1.0000 test 0.2472
epoch 172/200 loss 0.0074 train 1.0000 test 0.2469
epoch 173/200 loss 0.0075 train 1.0000 test 0.2463
epoch 174/200 loss 0.0074 train 1.0000 test 0.2464
epoch 175/200 loss 0.0073 train 1.0000 test 0.2453
epoch 176/200 loss 0.0073 train 1.0000 test 0.2470
epoch 177/200 loss 0.0074 train 1.0000 test 0.2468
epoch 178/200 loss 0.0071 train 1.0000 test 0.2461
epoch 179/200 loss 0.0073 train 1.0000 test 0.2464
epoch 180/200 loss 0.0071 train 1.0000 test 0.2467
epoch 181/200 loss 0.0071 train 1.0000 test 0.2471
epoch 182/200 loss 0.0073 train 1.0000 test 0.2462
epoch 183/200 loss 0.0073 train 1.0000 test 0.2461
epoch 184/200 loss 0.0069 train 1.0000 test 0.2481
epoch 185/200 loss 0.0073 train 1.0000 test 0.2462
epoch 186/200 loss 0.0070 train 1.0000 test 0.2466
epoch 187/200 loss 0.0072 train 1.0000 test 0.2465
epoch 188/200 loss 0.0071 train 1.0000 test 0.2461
epoch 189/200 loss 0.0073 train 1.0000 test 0.2459
epoch 190/200 loss 0.0074 train 1.0000 test 0.2463
epoch 191/200 loss 0.0069 train 1.0000 test 0.2462
epoch 192/200 loss 0.0069 train 1.0000 test 0.2465
epoch 193/200 loss 0.0072 train 1.0000 test 0.2457
epoch 194/200 loss 0.0073 train 1.0000 test 0.2478
epoch 195/200 loss 0.0079 train 1.0000 test 0.2462
epoch 196/200 loss 0.0075 train 1.0000 test 0.2472
epoch 197/200 loss 0.0073 train 1.0000 test 0.2472
epoch 198/200 loss 0.0071 train 1.0000 test 0.2470
epoch 199/200 loss 0.0073 train 1.0000 test 0.2462
epoch 200/200 loss 0.0072 train 1.0000 test 0.2464
done: final 0.2464 best 0.2489 -> ./runs/enstr_5pct/seed0
stem calibrated (True) on 1024 images
[enstr_5pct seed1] {"params_trainable": 11225316, "params_stem_trainable": 0, "params_stem_fixed_filters": 1089, "flops_total": 563872768, "flops_stem": 1858560, "flops_image_size": 32}
epoch 1/200 loss 4.6335 train 0.0164 test 0.0331
epoch 2/200 loss 4.3749 train 0.0444 test 0.0475
epoch 3/200 loss 4.1805 train 0.0629 test 0.0580
epoch 4/200 loss 4.0300 train 0.0777 test 0.0678
epoch 5/200 loss 3.9461 train 0.1028 test 0.0876
epoch 6/200 loss 3.8104 train 0.1061 test 0.0965
epoch 7/200 loss 3.7237 train 0.1312 test 0.1032
epoch 8/200 loss 3.6508 train 0.1357 test 0.1125
epoch 9/200 loss 3.5763 train 0.1641 test 0.1063
epoch 10/200 loss 3.5027 train 0.1587 test 0.1263
epoch 11/200 loss 3.3942 train 0.1748 test 0.1229
epoch 12/200 loss 3.3750 train 0.1776 test 0.1209
epoch 13/200 loss 3.3057 train 0.1998 test 0.1237
epoch 14/200 loss 3.2727 train 0.1990 test 0.1383
epoch 15/200 loss 3.1554 train 0.2113 test 0.1421
epoch 16/200 loss 3.0828 train 0.2397 test 0.1464
epoch 17/200 loss 2.9973 train 0.2586 test 0.1449
epoch 18/200 loss 2.9838 train 0.2504 test 0.1465
epoch 19/200 loss 2.9328 train 0.2607 test 0.1481
epoch 20/200 loss 2.8615 train 0.2706 test 0.1550
epoch 21/200 loss 2.8169 train 0.2734 test 0.1572
epoch 22/200 loss 2.7766 train 0.2800 test 0.1599
epoch 23/200 loss 2.6955 train 0.3039 test 0.1648
epoch 24/200 loss 2.6284 train 0.3043 test 0.1614
epoch 25/200 loss 2.5302 train 0.3479 test 0.1594
epoch 26/200 loss 2.4998 train 0.3450 test 0.1733
epoch 27/200 loss 2.3893 train 0.3635 test 0.1806
epoch 28/200 loss 2.2479 train 0.4067 test 0.1600
epoch 29/200 loss 2.2232 train 0.4042 test 0.1700
epoch 30/200 loss 2.2223 train 0.3980 test 0.1695
epoch 31/200 loss 2.1193 train 0.4289 test 0.1673
epoch 32/200 loss 2.0514 train 0.4322 test 0.1812
epoch 33/200 loss 1.9328 train 0.4531 test 0.1716
epoch 34/200 loss 1.8339 train 0.4959 test 0.1849
epoch 35/200 loss 1.7285 train 0.5156 test 0.1777
epoch 36/200 loss 1.7100 train 0.5201 test 0.1710
epoch 37/200 loss 1.6443 train 0.5259 test 0.1728
epoch 38/200 loss 1.5332 train 0.5617 test 0.1899
epoch 39/200 loss 1.4324 train 0.5929 test 0.1928
epoch 40/200 loss 1.3015 train 0.6221 test 0.1752
epoch 41/200 loss 1.2294 train 0.6382 test 0.1971
epoch 42/200 loss 1.1387 train 0.6743 test 0.1798
epoch 43/200 loss 1.1339 train 0.6649 test 0.1756
epoch 44/200 loss 1.1049 train 0.6702 test 0.1798
epoch 45/200 loss 0.9470 train 0.7229 test 0.1734
epoch 46/200 loss 0.8573 train 0.7553 test 0.1855
epoch 47/200 loss 0.7053 train 0.8022 test 0.1927
epoch 48/200 loss 0.6655 train 0.8039 test 0.1994
epoch 49/200 loss 0.6281 train 0.8199 test 0.1704
epoch 50/200 loss 0.6013 train 0.8187 test 0.1829
epoch 51/200 loss 0.6069 train 0.8178 test 0.1967
epoch 52/200 loss 0.5620 train 0.8343 test 0.1987
epoch 53/200 loss 0.4462 train 0.8746 test 0.2045
epoch 54/200 loss 0.3815 train 0.8898 test 0.2062
epoch 55/200 loss 0.3431 train 0.9021 test 0.1848
epoch 56/200 loss 0.3485 train 0.9030 test 0.1928
epoch 57/200 loss 0.3300 train 0.9087 test 0.2024
epoch 58/200 loss 0.3018 train 0.9211 test 0.1882
epoch 59/200 loss 0.2816 train 0.9248 test 0.1991
epoch 60/200 loss 0.2628 train 0.9313 test 0.1993
epoch 61/200 loss 0.2173 train 0.9416 test 0.2147
epoch 62/200 loss 0.1697 train 0.9576 test 0.2150
epoch 63/200 loss 0.1552 train 0.9626 test 0.2095
epoch 64/200 loss 0.1007 train 0.9766 test 0.2183
epoch 65/200 loss 0.0874 train 0.9827 test 0.2214
epoch 66/200 loss 0.0673 train 0.9885 test 0.2225
epoch 67/200 loss 0.0642 train 0.9881 test 0.2247
epoch 68/200 loss 0.0539 train 0.9926 test 0.2163
epoch 69/200 loss 0.0606 train 0.9877 test 0.2202
epoch 70/200 loss 0.0419 train 0.9934 test 0.2208
epoch 71/200 loss 0.0338 train 0.9975 test 0.2343
epoch 72/200 loss 0.0215 train 0.9992 test 0.2285
epoch 73/200 loss 0.0185 train 0.9992 test 0.2368
epoch 74/200 loss 0.0139 train 0.9996 test 0.2357
epoch 75/200 loss 0.0143 train 0.9988 test 0.2343
epoch 76/200 loss 0.0193 train 0.9988 test 0.2428
epoch 77/200 loss 0.0111 train 0.9996 test 0.2455
epoch 78/200 loss 0.0115 train 0.9996 test 0.2437
epoch 79/200 loss 0.0096 train 1.0000 test 0.2443
epoch 80/200 loss 0.0096 train 1.0000 test 0.2426
epoch 81/200 loss 0.0088 train 1.0000 test 0.2461
epoch 82/200 loss 0.0074 train 1.0000 test 0.2464
epoch 83/200 loss 0.0083 train 1.0000 test 0.2442
epoch 84/200 loss 0.0072 train 1.0000 test 0.2469
epoch 85/200 loss 0.0072 train 1.0000 test 0.2484
epoch 86/200 loss 0.0085 train 1.0000 test 0.2479
epoch 87/200 loss 0.0072 train 1.0000 test 0.2453
epoch 88/200 loss 0.0072 train 1.0000 test 0.2486
epoch 89/200 loss 0.0068 train 1.0000 test 0.2492
epoch 90/200 loss 0.0068 train 1.0000 test 0.2514
epoch 91/200 loss 0.0084 train 0.9996 test 0.2474
epoch 92/200 loss 0.0072 train 1.0000 test 0.2489
epoch 93/200 loss 0.0079 train 1.0000 test 0.2481
epoch 94/200 loss 0.0081 train 0.9996 test 0.2470
epoch 95/200 loss 0.0070 train 1.0000 test 0.2483
epoch 96/200 loss 0.0078 train 1.0000 test 0.2488
epoch 97/200 loss 0.0073 train 1.0000 test 0.2474
epoch 98/200 loss 0.0080 train 1.0000 test 0.2519
epoch 99/200 loss 0.0075 train 0.9996 test 0.2479
epoch 100/200 loss 0.0078 train 1.0000 test 0.2511
epoch 101/200 loss 0.0075 train 1.0000 test 0.2504
epoch 102/200 loss 0.0079 train 1.0000 test 0.2482
epoch 103/200 loss 0.0074 train 1.0000 test 0.2500
epoch 104/200 loss 0.0076 train 1.0000 test 0.2489
epoch 105/200 loss 0.0072 train 1.0000 test 0.2490
epoch 106/200 loss 0.0073 train 1.0000 test 0.2485
epoch 107/200 loss 0.0078 train 1.0000 test 0.2509
epoch 108/200 loss 0.0076 train 1.0000 test 0.2500
epoch 109/200 loss 0.0074 train 1.0000 test 0.2489
epoch 110/200 loss 0.0072 train 1.0000 test 0.2497
epoch 111/200 loss 0.0069 train 1.0000 test 0.2508
epoch 112/200 loss 0.0069 train 1.0000 test 0.2509
epoch 113/200 loss 0.0076 train 1.0000 test 0.2500
epoch 114/200 loss 0.0078 train 1.0000 test 0.2499
epoch 115/200 loss 0.0073 train 1.0000 test 0.2513
epoch 116/200 loss 0.0080 train 1.0000 test 0.2501
epoch 117/200 loss 0.0077 train 1.0000 test 0.2525
epoch 118/200 loss 0.0076 train 1.0000 test 0.2519
epoch 119/200 loss 0.0073 train 1.0000 test 0.2504
epoch 120/200 loss 0.0077 train 1.0000 test 0.2495
epoch 121/200 loss 0.0074 train 1.0000 test 0.2497
epoch 122/200 loss 0.0073 train 1.0000 test 0.2522
epoch 123/200 loss 0.0080 train 1.0000 test 0.2514
epoch 124/200 loss 0.0076 train 1.0000 test 0.2513
epoch 125/200 loss 0.0075 train 1.0000 test 0.2525
epoch 126/200 loss 0.0077 train 1.0000 test 0.2529
epoch 127/200 loss 0.0076 train 1.0000 test 0.2517
epoch 128/200 loss 0.0072 train 1.0000 test 0.2518
epoch 129/200 loss 0.0074 train 1.0000 test 0.2497
epoch 130/200 loss 0.0073 train 1.0000 test 0.2518
epoch 131/200 loss 0.0073 train 1.0000 test 0.2510
epoch 132/200 loss 0.0073 train 1.0000 test 0.2533
epoch 133/200 loss 0.0069 train 1.0000 test 0.2528
epoch 134/200 loss 0.0074 train 1.0000 test 0.2525
epoch 135/200 loss 0.0077 train 1.0000 test 0.2511
epoch 136/200 loss 0.0071 train 1.0000 test 0.2529
epoch 137/200 loss 0.0074 train 1.0000 test 0.2521
epoch 138/200 loss 0.0073 train 1.0000 test 0.2522
epoch 139/200 loss 0.0069 train 1.0000 test 0.2499
epoch 140/200 loss 0.0075 train 1.0000 test 0.2515
epoch 141/200 loss 0.0069 train 1.0000 test 0.2521
epoch 142/200 loss 0.0073 train 1.0000 test 0.2518
epoch 143/200 loss 0.0079 train 1.0000 test 0.2517
epoch 144/200 loss 0.0072 train 1.0000 test 0.2529
epoch 145/200 loss 0.0076 train 1.0000 test 0.2523
epoch 146/200 loss 0.0076 train 1.0000 test 0.2535
epoch 147/200 loss 0.0069 train 1.0000 test 0.2517
epoch 148/200 loss 0.0079 train 1.0000 test 0.2505
epoch 149/200 loss 0.0076 train 1.0000 test 0.2523
epoch 150/200 loss 0.0075 train 1.0000 test 0.2520
epoch 151/200 loss 0.0074 train 1.0000 test 0.2514
epoch 152/200 loss 0.0075 train 1.0000 test 0.2521
epoch 153/200 loss 0.0073 train 1.0000 test 0.2530
epoch 154/200 loss 0.0074 train 1.0000 test 0.2512
epoch 155/200 loss 0.0079 train 1.0000 test 0.2535
epoch 156/200 loss 0.0074 train 1.0000 test 0.2516
epoch 157/200 loss 0.0072 train 1.0000 test 0.2522
epoch 158/200 loss 0.0074 train 1.0000 test 0.2525
epoch 159/200 loss 0.0074 train 1.0000 test 0.2525
epoch 160/200 loss 0.0071 train 1.0000 test 0.2522
epoch 161/200 loss 0.0070 train 1.0000 test 0.2523
epoch 162/200 loss 0.0073 train 1.0000 test 0.2518
epoch 163/200 loss 0.0076 train 1.0000 test 0.2529
epoch 164/200 loss 0.0074 train 1.0000 test 0.2529
epoch 165/200 loss 0.0074 train 1.0000 test 0.2525
epoch 166/200 loss 0.0071 train 1.0000 test 0.2531
epoch 167/200 loss 0.0074 train 1.0000 test 0.2528
epoch 168/200 loss 0.0070 train 1.0000 test 0.2522
epoch 169/200 loss 0.0076 train 1.0000 test 0.2504
epoch 170/200 loss 0.0069 train 1.0000 test 0.2531
epoch 171/200 loss 0.0075 train 1.0000 test 0.2511
epoch 172/200 loss 0.0073 train 1.0000 test 0.2525
epoch 173/200 loss 0.0077 train 1.0000 test 0.2520
epoch 174/200 loss 0.0071 train 1.0000 test 0.2530
epoch 175/200 loss 0.0073 train 1.0000 test 0.2511
epoch 176/200 loss 0.0071 train 1.0000 test 0.2522
epoch 177/200 loss 0.0075 train 1.0000 test 0.2522
epoch 178/200 loss 0.0068 train 1.0000 test 0.2523
epoch 179/200 loss 0.0071 train 1.0000 test 0.2516
epoch 180/200 loss 0.0072 train 1.0000 test 0.2528
epoch 181/200 loss 0.0074 train 1.0000 test 0.2535
epoch 182/200 loss 0.0073 train 1.0000 test 0.2536
epoch 183/200 loss 0.0075 train 1.0000 test 0.2537
epoch 184/200 loss 0.0069 train 1.0000 test 0.2524
epoch 185/200 loss 0.0071 train 1.0000 test 0.2533
epoch 186/200 loss 0.0066 train 1.0000 test 0.2522
epoch 187/200 loss 0.0069 train 1.0000 test 0.2527
epoch 188/200 loss 0.0070 train 1.0000 test 0.2530
epoch 189/200 loss 0.0070 train 1.0000 test 0.2533
epoch 190/200 loss 0.0071 train 1.0000 test 0.2531
epoch 191/200 loss 0.0067 train 1.0000 test 0.2524
epoch 192/200 loss 0.0073 train 1.0000 test 0.2515
epoch 193/200 loss 0.0073 train 1.0000 test 0.2518
epoch 194/200 loss 0.0070 train 1.0000 test 0.2527
epoch 195/200 loss 0.0070 train 1.0000 test 0.2532
epoch 196/200 loss 0.0069 train 1.0000 test 0.2526
epoch 197/200 loss 0.0069 train 1.0000 test 0.2527
epoch 198/200 loss 0.0074 train 1.0000 test 0.2537
epoch 199/200 loss 0.0073 train 1.0000 test 0.2532
epoch 200/200 loss 0.0067 train 1.0000 test 0.2519
done: final 0.2519 best 0.2537 -> ./runs/enstr_5pct/seed1
stem calibrated (True) on 1024 images
[enstr_5pct seed2] {"params_trainable": 11225316, "params_stem_trainable": 0, "params_stem_fixed_filters": 1089, "flops_total": 563872768, "flops_stem": 1858560, "flops_image_size": 32}
epoch 1/200 loss 4.5999 train 0.0164 test 0.0402
epoch 2/200 loss 4.3601 train 0.0341 test 0.0554
epoch 3/200 loss 4.1874 train 0.0609 test 0.0607
epoch 4/200 loss 4.0331 train 0.0810 test 0.0773
epoch 5/200 loss 3.9077 train 0.1044 test 0.0975
epoch 6/200 loss 3.7604 train 0.1209 test 0.0879
epoch 7/200 loss 3.6861 train 0.1295 test 0.1070
epoch 8/200 loss 3.6615 train 0.1332 test 0.1105
epoch 9/200 loss 3.6048 train 0.1427 test 0.1128
epoch 10/200 loss 3.4901 train 0.1595 test 0.1006
epoch 11/200 loss 3.4183 train 0.1743 test 0.1265
epoch 12/200 loss 3.3391 train 0.1867 test 0.1233
epoch 13/200 loss 3.3051 train 0.1789 test 0.1249
epoch 14/200 loss 3.2871 train 0.1916 test 0.1386
epoch 15/200 loss 3.1723 train 0.2122 test 0.1385
epoch 16/200 loss 3.1260 train 0.2266 test 0.1381
epoch 17/200 loss 3.0559 train 0.2405 test 0.1369
epoch 18/200 loss 2.9894 train 0.2422 test 0.1432
epoch 19/200 loss 2.9267 train 0.2586 test 0.1423
epoch 20/200 loss 2.8964 train 0.2743 test 0.1456
epoch 21/200 loss 2.8367 train 0.2771 test 0.1561
epoch 22/200 loss 2.7403 train 0.3022 test 0.1578
epoch 23/200 loss 2.6596 train 0.3067 test 0.1687
epoch 24/200 loss 2.6227 train 0.3195 test 0.1685
epoch 25/200 loss 2.5405 train 0.3380 test 0.1395
epoch 26/200 loss 2.4785 train 0.3421 test 0.1674
epoch 27/200 loss 2.3954 train 0.3660 test 0.1636
epoch 28/200 loss 2.2979 train 0.3935 test 0.1596
epoch 29/200 loss 2.2594 train 0.3997 test 0.1759
epoch 30/200 loss 2.1942 train 0.4112 test 0.1692
epoch 31/200 loss 2.0688 train 0.4285 test 0.1671
epoch 32/200 loss 1.9399 train 0.4675 test 0.1926
epoch 33/200 loss 1.8600 train 0.4782 test 0.1698
epoch 34/200 loss 1.8598 train 0.4868 test 0.1723
epoch 35/200 loss 1.7508 train 0.5033 test 0.1771
epoch 36/200 loss 1.6737 train 0.5325 test 0.1816
epoch 37/200 loss 1.4864 train 0.5855 test 0.1857
epoch 38/200 loss 1.4178 train 0.5876 test 0.1904
epoch 39/200 loss 1.3495 train 0.5987 test 0.1751
epoch 40/200 loss 1.2812 train 0.6299 test 0.1825
epoch 41/200 loss 1.1807 train 0.6595 test 0.1783
epoch 42/200 loss 1.1248 train 0.6727 test 0.1724
epoch 43/200 loss 1.0407 train 0.6945 test 0.1796
epoch 44/200 loss 0.9426 train 0.7196 test 0.1793
epoch 45/200 loss 0.8987 train 0.7327 test 0.1719
epoch 46/200 loss 0.8257 train 0.7492 test 0.1899
epoch 47/200 loss 0.8151 train 0.7586 test 0.1846
epoch 48/200 loss 0.7131 train 0.8002 test 0.1801
epoch 49/200 loss 0.6153 train 0.8203 test 0.1923
epoch 50/200 loss 0.5574 train 0.8351 test 0.1984
epoch 51/200 loss 0.4911 train 0.8594 test 0.1850
epoch 52/200 loss 0.4521 train 0.8627 test 0.2026
epoch 53/200 loss 0.4309 train 0.8836 test 0.1934
epoch 54/200 loss 0.3974 train 0.8857 test 0.1900
epoch 55/200 loss 0.3042 train 0.9215 test 0.2047
epoch 56/200 loss 0.2791 train 0.9227 test 0.1989
epoch 57/200 loss 0.2855 train 0.9235 test 0.2034
epoch 58/200 loss 0.2394 train 0.9428 test 0.1969
epoch 59/200 loss 0.2172 train 0.9420 test 0.1995
epoch 60/200 loss 0.2084 train 0.9445 test 0.2049
epoch 61/200 loss 0.1955 train 0.9474 test 0.1993
epoch 62/200 loss 0.1911 train 0.9490 test 0.2035
epoch 63/200 loss 0.1574 train 0.9618 test 0.2046
epoch 64/200 loss 0.1231 train 0.9725 test 0.2127
epoch 65/200 loss 0.1181 train 0.9708 test 0.2139
epoch 66/200 loss 0.0899 train 0.9803 test 0.2171
epoch 67/200 loss 0.0625 train 0.9889 test 0.2210
epoch 68/200 loss 0.0640 train 0.9897 test 0.2213
epoch 69/200 loss 0.0575 train 0.9889 test 0.2219
epoch 70/200 loss 0.0410 train 0.9963 test 0.2289
epoch 71/200 loss 0.0428 train 0.9901 test 0.2209
epoch 72/200 loss 0.0302 train 0.9971 test 0.2337
epoch 73/200 loss 0.0196 train 0.9996 test 0.2376
epoch 74/200 loss 0.0168 train 0.9996 test 0.2412
epoch 75/200 loss 0.0139 train 0.9984 test 0.2350
epoch 76/200 loss 0.0119 train 0.9996 test 0.2392
epoch 77/200 loss 0.0109 train 1.0000 test 0.2367
epoch 78/200 loss 0.0086 train 1.0000 test 0.2380
epoch 79/200 loss 0.0075 train 1.0000 test 0.2405
epoch 80/200 loss 0.0070 train 1.0000 test 0.2422
epoch 81/200 loss 0.0082 train 0.9996 test 0.2419
epoch 82/200 loss 0.0078 train 1.0000 test 0.2374
epoch 83/200 loss 0.0089 train 1.0000 test 0.2413
epoch 84/200 loss 0.0072 train 1.0000 test 0.2436
epoch 85/200 loss 0.0079 train 1.0000 test 0.2435
epoch 86/200 loss 0.0072 train 1.0000 test 0.2428
epoch 87/200 loss 0.0072 train 1.0000 test 0.2449
epoch 88/200 loss 0.0071 train 1.0000 test 0.2446
epoch 89/200 loss 0.0070 train 1.0000 test 0.2436
epoch 90/200 loss 0.0068 train 1.0000 test 0.2438
epoch 91/200 loss 0.0072 train 1.0000 test 0.2443
epoch 92/200 loss 0.0071 train 1.0000 test 0.2437
epoch 93/200 loss 0.0077 train 1.0000 test 0.2434
epoch 94/200 loss 0.0074 train 0.9996 test 0.2460
epoch 95/200 loss 0.0077 train 0.9996 test 0.2450
epoch 96/200 loss 0.0070 train 1.0000 test 0.2443
epoch 97/200 loss 0.0068 train 1.0000 test 0.2445
epoch 98/200 loss 0.0071 train 1.0000 test 0.2434
epoch 99/200 loss 0.0071 train 1.0000 test 0.2459
epoch 100/200 loss 0.0076 train 1.0000 test 0.2480
epoch 101/200 loss 0.0071 train 1.0000 test 0.2475
epoch 102/200 loss 0.0073 train 1.0000 test 0.2474
epoch 103/200 loss 0.0066 train 1.0000 test 0.2482
epoch 104/200 loss 0.0077 train 1.0000 test 0.2447
epoch 105/200 loss 0.0074 train 1.0000 test 0.2454
epoch 106/200 loss 0.0075 train 1.0000 test 0.2476
epoch 107/200 loss 0.0074 train 1.0000 test 0.2477
epoch 108/200 loss 0.0075 train 1.0000 test 0.2467
epoch 109/200 loss 0.0070 train 1.0000 test 0.2473
epoch 110/200 loss 0.0073 train 1.0000 test 0.2489
epoch 111/200 loss 0.0075 train 1.0000 test 0.2487
epoch 112/200 loss 0.0075 train 1.0000 test 0.2484
epoch 113/200 loss 0.0076 train 1.0000 test 0.2483
epoch 114/200 loss 0.0077 train 1.0000 test 0.2476
epoch 115/200 loss 0.0072 train 1.0000 test 0.2489
epoch 116/200 loss 0.0081 train 1.0000 test 0.2488
epoch 117/200 loss 0.0076 train 1.0000 test 0.2494
epoch 118/200 loss 0.0080 train 1.0000 test 0.2496
epoch 119/200 loss 0.0083 train 1.0000 test 0.2486
epoch 120/200 loss 0.0074 train 1.0000 test 0.2499
epoch 121/200 loss 0.0075 train 1.0000 test 0.2506
epoch 122/200 loss 0.0075 train 1.0000 test 0.2509
epoch 123/200 loss 0.0075 train 1.0000 test 0.2513
epoch 124/200 loss 0.0074 train 1.0000 test 0.2487
epoch 125/200 loss 0.0074 train 1.0000 test 0.2500
epoch 126/200 loss 0.0073 train 1.0000 test 0.2494
epoch 127/200 loss 0.0072 train 1.0000 test 0.2516
epoch 128/200 loss 0.0078 train 1.0000 test 0.2513
epoch 129/200 loss 0.0075 train 1.0000 test 0.2500
epoch 130/200 loss 0.0074 train 1.0000 test 0.2503
epoch 131/200 loss 0.0081 train 1.0000 test 0.2496
epoch 132/200 loss 0.0070 train 1.0000 test 0.2502
epoch 133/200 loss 0.0071 train 1.0000 test 0.2490
epoch 134/200 loss 0.0071 train 1.0000 test 0.2507
epoch 135/200 loss 0.0071 train 1.0000 test 0.2509
epoch 136/200 loss 0.0075 train 1.0000 test 0.2498
epoch 137/200 loss 0.0073 train 1.0000 test 0.2506
epoch 138/200 loss 0.0077 train 1.0000 test 0.2506
epoch 139/200 loss 0.0079 train 1.0000 test 0.2508
epoch 140/200 loss 0.0076 train 1.0000 test 0.2508
epoch 141/200 loss 0.0071 train 1.0000 test 0.2510
epoch 142/200 loss 0.0072 train 1.0000 test 0.2513
epoch 143/200 loss 0.0076 train 1.0000 test 0.2514
epoch 144/200 loss 0.0072 train 1.0000 test 0.2508
epoch 145/200 loss 0.0074 train 1.0000 test 0.2525
epoch 146/200 loss 0.0070 train 1.0000 test 0.2522
epoch 147/200 loss 0.0073 train 1.0000 test 0.2518
epoch 148/200 loss 0.0070 train 1.0000 test 0.2525
epoch 149/200 loss 0.0070 train 1.0000 test 0.2516
epoch 150/200 loss 0.0069 train 1.0000 test 0.2515
epoch 151/200 loss 0.0072 train 1.0000 test 0.2522
epoch 152/200 loss 0.0071 train 1.0000 test 0.2519
epoch 153/200 loss 0.0074 train 1.0000 test 0.2503
epoch 154/200 loss 0.0077 train 1.0000 test 0.2520
epoch 155/200 loss 0.0079 train 1.0000 test 0.2518
epoch 156/200 loss 0.0074 train 1.0000 test 0.2523
epoch 157/200 loss 0.0068 train 1.0000 test 0.2514
epoch 158/200 loss 0.0072 train 1.0000 test 0.2525
epoch 159/200 loss 0.0080 train 1.0000 test 0.2519
epoch 160/200 loss 0.0072 train 1.0000 test 0.2513
epoch 161/200 loss 0.0078 train 1.0000 test 0.2521
epoch 162/200 loss 0.0072 train 1.0000 test 0.2514
epoch 163/200 loss 0.0075 train 1.0000 test 0.2515
epoch 164/200 loss 0.0071 train 1.0000 test 0.2509
epoch 165/200 loss 0.0074 train 1.0000 test 0.2507
epoch 166/200 loss 0.0074 train 1.0000 test 0.2506
epoch 167/200 loss 0.0068 train 1.0000 test 0.2512
epoch 168/200 loss 0.0079 train 1.0000 test 0.2510
epoch 169/200 loss 0.0070 train 1.0000 test 0.2505
epoch 170/200 loss 0.0070 train 1.0000 test 0.2511
epoch 171/200 loss 0.0073 train 1.0000 test 0.2520
epoch 172/200 loss 0.0070 train 1.0000 test 0.2511
epoch 173/200 loss 0.0070 train 1.0000 test 0.2516
epoch 174/200 loss 0.0078 train 1.0000 test 0.2511
epoch 175/200 loss 0.0076 train 1.0000 test 0.2521
epoch 176/200 loss 0.0076 train 1.0000 test 0.2509
epoch 177/200 loss 0.0075 train 1.0000 test 0.2502
epoch 178/200 loss 0.0075 train 1.0000 test 0.2519
epoch 179/200 loss 0.0076 train 1.0000 test 0.2513
epoch 180/200 loss 0.0073 train 1.0000 test 0.2522
epoch 181/200 loss 0.0074 train 1.0000 test 0.2502
epoch 182/200 loss 0.0070 train 1.0000 test 0.2510
epoch 183/200 loss 0.0073 train 1.0000 test 0.2523
epoch 184/200 loss 0.0068 train 1.0000 test 0.2510
epoch 185/200 loss 0.0077 train 1.0000 test 0.2510
epoch 186/200 loss 0.0071 train 1.0000 test 0.2510
epoch 187/200 loss 0.0076 train 1.0000 test 0.2515
epoch 188/200 loss 0.0071 train 1.0000 test 0.2514
epoch 189/200 loss 0.0071 train 1.0000 test 0.2515
epoch 190/200 loss 0.0068 train 1.0000 test 0.2506
epoch 191/200 loss 0.0072 train 1.0000 test 0.2521
epoch 192/200 loss 0.0072 train 1.0000 test 0.2517
epoch 193/200 loss 0.0069 train 1.0000 test 0.2520
epoch 194/200 loss 0.0071 train 1.0000 test 0.2509
epoch 195/200 loss 0.0072 train 1.0000 test 0.2511
epoch 196/200 loss 0.0071 train 1.0000 test 0.2510
epoch 197/200 loss 0.0074 train 1.0000 test 0.2519
epoch 198/200 loss 0.0071 train 1.0000 test 0.2520
epoch 199/200 loss 0.0073 train 1.0000 test 0.2515
epoch 200/200 loss 0.0069 train 1.0000 test 0.2505
done: final 0.2505 best 0.2525 -> ./runs/enstr_5pct/seed2
ENERGY_LOWDATA_5PCT_DONE
stem calibrated (True) on 1024 images
[enmag_1pct seed0] {"params_trainable": 11224740, "params_stem_trainable": 0, "params_stem_fixed_filters": 1936, "flops_total": 563406848, "flops_stem": 1982464, "flops_image_size": 32}
epoch 1/200 loss 4.6548 train 0.0078 test 0.0111
epoch 2/200 loss 4.5996 train 0.0156 test 0.0155
epoch 3/200 loss 4.5469 train 0.0182 test 0.0188
epoch 4/200 loss 4.4735 train 0.0391 test 0.0215
epoch 5/200 loss 4.3617 train 0.0599 test 0.0327
epoch 6/200 loss 4.2370 train 0.0755 test 0.0382
epoch 7/200 loss 4.1206 train 0.0677 test 0.0399
epoch 8/200 loss 4.0651 train 0.0964 test 0.0361
epoch 9/200 loss 3.9118 train 0.0807 test 0.0354
epoch 10/200 loss 3.8015 train 0.1120 test 0.0373
epoch 11/200 loss 3.7370 train 0.1146 test 0.0409
epoch 12/200 loss 3.6917 train 0.1276 test 0.0466
epoch 13/200 loss 3.5536 train 0.1719 test 0.0519
epoch 14/200 loss 3.5282 train 0.1693 test 0.0587
epoch 15/200 loss 3.4549 train 0.1589 test 0.0624
epoch 16/200 loss 3.3953 train 0.1797 test 0.0617
epoch 17/200 loss 3.2807 train 0.2161 test 0.0645
epoch 18/200 loss 3.1329 train 0.2474 test 0.0669
epoch 19/200 loss 3.1317 train 0.2057 test 0.0728
epoch 20/200 loss 3.0807 train 0.2656 test 0.0694
epoch 21/200 loss 2.9786 train 0.2656 test 0.0727
epoch 22/200 loss 2.9551 train 0.2422 test 0.0636
epoch 23/200 loss 2.9291 train 0.2760 test 0.0579
epoch 24/200 loss 2.8227 train 0.2734 test 0.0778
epoch 25/200 loss 2.7552 train 0.3203 test 0.0775
epoch 26/200 loss 2.6842 train 0.2891 test 0.0831
epoch 27/200 loss 2.6015 train 0.3672 test 0.0733
epoch 28/200 loss 2.6448 train 0.3438 test 0.0793
epoch 29/200 loss 2.5603 train 0.3307 test 0.0838
epoch 30/200 loss 2.4227 train 0.3594 test 0.0877
epoch 31/200 loss 2.4402 train 0.3411 test 0.0872
epoch 32/200 loss 2.5105 train 0.3438 test 0.0800
epoch 33/200 loss 2.2761 train 0.3958 test 0.0918
epoch 34/200 loss 2.2355 train 0.4479 test 0.0942
epoch 35/200 loss 2.1792 train 0.4297 test 0.0877
epoch 36/200 loss 2.1335 train 0.4401 test 0.0885
epoch 37/200 loss 2.0588 train 0.4583 test 0.0880
epoch 38/200 loss 2.0157 train 0.4844 test 0.0903
epoch 39/200 loss 1.9655 train 0.4948 test 0.0887
epoch 40/200 loss 1.8472 train 0.5547 test 0.0984
epoch 41/200 loss 1.8778 train 0.5078 test 0.0939
epoch 42/200 loss 1.8898 train 0.4896 test 0.0998
epoch 43/200 loss 1.8068 train 0.5286 test 0.0930
epoch 44/200 loss 1.7001 train 0.5651 test 0.0876
epoch 45/200 loss 1.7494 train 0.5547 test 0.0910
epoch 46/200 loss 1.6027 train 0.5781 test 0.0940
epoch 47/200 loss 1.6156 train 0.5938 test 0.0971
epoch 48/200 loss 1.5621 train 0.6094 test 0.1016
epoch 49/200 loss 1.4754 train 0.6406 test 0.0977
epoch 50/200 loss 1.3407 train 0.6693 test 0.0923
epoch 51/200 loss 1.4079 train 0.6250 test 0.0935
epoch 52/200 loss 1.2460 train 0.6901 test 0.0901
epoch 53/200 loss 1.2154 train 0.6849 test 0.0896
epoch 54/200 loss 1.2329 train 0.6719 test 0.0942
epoch 55/200 loss 1.1497 train 0.7266 test 0.0979
epoch 56/200 loss 1.1346 train 0.7083 test 0.0850
epoch 57/200 loss 1.1182 train 0.7500 test 0.0964
epoch 58/200 loss 1.0265 train 0.7682 test 0.0973
epoch 59/200 loss 0.9484 train 0.7812 test 0.1026
epoch 60/200 loss 0.8849 train 0.8021 test 0.0977
epoch 61/200 loss 0.8242 train 0.8177 test 0.1022
epoch 62/200 loss 0.7604 train 0.8594 test 0.0939
epoch 63/200 loss 0.8185 train 0.8307 test 0.0947
epoch 64/200 loss 0.7759 train 0.8073 test 0.0990
epoch 65/200 loss 0.7437 train 0.8099 test 0.1003
epoch 66/200 loss 0.6811 train 0.8750 test 0.1067
epoch 67/200 loss 0.5932 train 0.9115 test 0.1027
epoch 68/200 loss 0.5783 train 0.9167 test 0.1017
epoch 69/200 loss 0.5482 train 0.9089 test 0.1022
epoch 70/200 loss 0.5079 train 0.9062 test 0.0966
epoch 71/200 loss 0.4515 train 0.9375 test 0.0992
epoch 72/200 loss 0.4011 train 0.9401 test 0.0958
epoch 73/200 loss 0.3774 train 0.9531 test 0.1099
epoch 74/200 loss 0.3266 train 0.9505 test 0.1100
epoch 75/200 loss 0.3331 train 0.9479 test 0.1057
epoch 76/200 loss 0.2948 train 0.9714 test 0.1074
epoch 77/200 loss 0.3054 train 0.9557 test 0.1089
epoch 78/200 loss 0.2715 train 0.9740 test 0.1065
epoch 79/200 loss 0.2610 train 0.9661 test 0.1071
epoch 80/200 loss 0.2248 train 0.9766 test 0.1037
epoch 81/200 loss 0.2115 train 0.9844 test 0.1049
epoch 82/200 loss 0.1866 train 0.9896 test 0.1036
epoch 83/200 loss 0.1826 train 0.9870 test 0.1085
epoch 84/200 loss 0.1684 train 0.9844 test 0.1027
epoch 85/200 loss 0.1500 train 0.9870 test 0.1047
epoch 86/200 loss 0.1425 train 0.9922 test 0.1103
epoch 87/200 loss 0.1161 train 0.9948 test 0.1147
epoch 88/200 loss 0.1260 train 0.9922 test 0.1122
epoch 89/200 loss 0.1127 train 0.9948 test 0.1092
epoch 90/200 loss 0.1209 train 0.9922 test 0.1118
epoch 91/200 loss 0.0987 train 0.9922 test 0.1104
epoch 92/200 loss 0.1095 train 0.9922 test 0.1121
epoch 93/200 loss 0.1017 train 0.9948 test 0.1122
epoch 94/200 loss 0.0939 train 0.9948 test 0.1118
epoch 95/200 loss 0.0827 train 0.9948 test 0.1131
epoch 96/200 loss 0.0739 train 1.0000 test 0.1145
epoch 97/200 loss 0.0637 train 0.9974 test 0.1128
epoch 98/200 loss 0.0606 train 1.0000 test 0.1099
epoch 99/200 loss 0.0514 train 1.0000 test 0.1103
epoch 100/200 loss 0.0591 train 1.0000 test 0.1118
epoch 101/200 loss 0.0503 train 1.0000 test 0.1141
epoch 102/200 loss 0.0512 train 0.9974 test 0.1156
epoch 103/200 loss 0.0466 train 1.0000 test 0.1150
epoch 104/200 loss 0.0401 train 1.0000 test 0.1147
epoch 105/200 loss 0.0407 train 1.0000 test 0.1127
epoch 106/200 loss 0.0346 train 1.0000 test 0.1126
epoch 107/200 loss 0.0364 train 1.0000 test 0.1143
epoch 108/200 loss 0.0425 train 1.0000 test 0.1156
epoch 109/200 loss 0.0363 train 1.0000 test 0.1169
epoch 110/200 loss 0.0311 train 1.0000 test 0.1175
epoch 111/200 loss 0.0316 train 1.0000 test 0.1172
epoch 112/200 loss 0.0298 train 1.0000 test 0.1157
epoch 113/200 loss 0.0259 train 1.0000 test 0.1142
epoch 114/200 loss 0.0269 train 1.0000 test 0.1150
epoch 115/200 loss 0.0344 train 0.9974 test 0.1146
epoch 116/200 loss 0.0278 train 1.0000 test 0.1165
epoch 117/200 loss 0.0360 train 0.9974 test 0.1170
epoch 118/200 loss 0.0276 train 1.0000 test 0.1181
epoch 119/200 loss 0.0285 train 1.0000 test 0.1176
epoch 120/200 loss 0.0327 train 1.0000 test 0.1169
epoch 121/200 loss 0.0265 train 1.0000 test 0.1159
epoch 122/200 loss 0.0230 train 1.0000 test 0.1144
epoch 123/200 loss 0.0248 train 1.0000 test 0.1153
epoch 124/200 loss 0.0298 train 1.0000 test 0.1152
epoch 125/200 loss 0.0253 train 1.0000 test 0.1159
epoch 126/200 loss 0.0199 train 1.0000 test 0.1156
epoch 127/200 loss 0.0223 train 1.0000 test 0.1162
epoch 128/200 loss 0.0222 train 1.0000 test 0.1153
epoch 129/200 loss 0.0230 train 1.0000 test 0.1148
epoch 130/200 loss 0.0243 train 1.0000 test 0.1148
epoch 131/200 loss 0.0197 train 1.0000 test 0.1160
epoch 132/200 loss 0.0208 train 1.0000 test 0.1156
epoch 133/200 loss 0.0204 train 1.0000 test 0.1149
epoch 134/200 loss 0.0207 train 1.0000 test 0.1144
epoch 135/200 loss 0.0204 train 1.0000 test 0.1143
epoch 136/200 loss 0.0206 train 1.0000 test 0.1147
epoch 137/200 loss 0.0181 train 1.0000 test 0.1166
epoch 138/200 loss 0.0223 train 1.0000 test 0.1168
epoch 139/200 loss 0.0216 train 1.0000 test 0.1176
epoch 140/200 loss 0.0197 train 1.0000 test 0.1170
epoch 141/200 loss 0.0174 train 1.0000 test 0.1166
epoch 142/200 loss 0.0215 train 1.0000 test 0.1160
epoch 143/200 loss 0.0238 train 1.0000 test 0.1168
epoch 144/200 loss 0.0180 train 1.0000 test 0.1160
epoch 145/200 loss 0.0214 train 1.0000 test 0.1163
epoch 146/200 loss 0.0172 train 1.0000 test 0.1161
epoch 147/200 loss 0.0183 train 1.0000 test 0.1160
epoch 148/200 loss 0.0184 train 1.0000 test 0.1170
epoch 149/200 loss 0.0184 train 1.0000 test 0.1172
epoch 150/200 loss 0.0161 train 1.0000 test 0.1171
epoch 151/200 loss 0.0162 train 1.0000 test 0.1172
epoch 152/200 loss 0.0222 train 1.0000 test 0.1166
epoch 153/200 loss 0.0183 train 1.0000 test 0.1168
epoch 154/200 loss 0.0167 train 1.0000 test 0.1170
epoch 155/200 loss 0.0159 train 1.0000 test 0.1167
epoch 156/200 loss 0.0172 train 1.0000 test 0.1167
epoch 157/200 loss 0.0164 train 1.0000 test 0.1180
epoch 158/200 loss 0.0163 train 1.0000 test 0.1172
epoch 159/200 loss 0.0185 train 1.0000 test 0.1178
epoch 160/200 loss 0.0164 train 1.0000 test 0.1167
epoch 161/200 loss 0.0158 train 1.0000 test 0.1168
epoch 162/200 loss 0.0160 train 1.0000 test 0.1161
epoch 163/200 loss 0.0177 train 1.0000 test 0.1174
epoch 164/200 loss 0.0165 train 1.0000 test 0.1180
epoch 165/200 loss 0.0175 train 1.0000 test 0.1175
epoch 166/200 loss 0.0186 train 1.0000 test 0.1168
epoch 167/200 loss 0.0161 train 1.0000 test 0.1171
epoch 168/200 loss 0.0162 train 1.0000 test 0.1181
epoch 169/200 loss 0.0163 train 1.0000 test 0.1175
epoch 170/200 loss 0.0173 train 1.0000 test 0.1180
epoch 171/200 loss 0.0164 train 1.0000 test 0.1172
epoch 172/200 loss 0.0165 train 1.0000 test 0.1171
epoch 173/200 loss 0.0164 train 1.0000 test 0.1176
epoch 174/200 loss 0.0156 train 1.0000 test 0.1170
epoch 175/200 loss 0.0162 train 1.0000 test 0.1179
epoch 176/200 loss 0.0171 train 1.0000 test 0.1170
epoch 177/200 loss 0.0166 train 1.0000 test 0.1170
epoch 178/200 loss 0.0166 train 1.0000 test 0.1173
epoch 179/200 loss 0.0150 train 1.0000 test 0.1167
epoch 180/200 loss 0.0189 train 1.0000 test 0.1171
epoch 181/200 loss 0.0184 train 1.0000 test 0.1172
epoch 182/200 loss 0.0165 train 1.0000 test 0.1175
epoch 183/200 loss 0.0201 train 1.0000 test 0.1162
epoch 184/200 loss 0.0161 train 1.0000 test 0.1158
epoch 185/200 loss 0.0192 train 1.0000 test 0.1162
epoch 186/200 loss 0.0188 train 1.0000 test 0.1170
epoch 187/200 loss 0.0187 train 1.0000 test 0.1171
epoch 188/200 loss 0.0184 train 1.0000 test 0.1164
epoch 189/200 loss 0.0171 train 1.0000 test 0.1158
epoch 190/200 loss 0.0154 train 1.0000 test 0.1159
epoch 191/200 loss 0.0167 train 1.0000 test 0.1163
epoch 192/200 loss 0.0149 train 1.0000 test 0.1167
epoch 193/200 loss 0.0161 train 1.0000 test 0.1172
epoch 194/200 loss 0.0176 train 1.0000 test 0.1168
epoch 195/200 loss 0.0154 train 1.0000 test 0.1168
epoch 196/200 loss 0.0181 train 1.0000 test 0.1161
epoch 197/200 loss 0.0184 train 1.0000 test 0.1160
epoch 198/200 loss 0.0158 train 1.0000 test 0.1166
epoch 199/200 loss 0.0167 train 1.0000 test 0.1164
epoch 200/200 loss 0.0146 train 1.0000 test 0.1171
done: final 0.1171 best 0.1181 -> ./runs/enmag_1pct/seed0
stem calibrated (True) on 1024 images
[enmag_1pct seed1] {"params_trainable": 11224740, "params_stem_trainable": 0, "params_stem_fixed_filters": 1936, "flops_total": 563406848, "flops_stem": 1982464, "flops_image_size": 32}
epoch 1/200 loss 4.6453 train 0.0026 test 0.0113
epoch 2/200 loss 4.5977 train 0.0130 test 0.0146
epoch 3/200 loss 4.5453 train 0.0260 test 0.0175
epoch 4/200 loss 4.4779 train 0.0312 test 0.0276
epoch 5/200 loss 4.3763 train 0.0417 test 0.0305
epoch 6/200 loss 4.2520 train 0.0573 test 0.0379
epoch 7/200 loss 4.1313 train 0.0781 test 0.0373
epoch 8/200 loss 4.0502 train 0.0833 test 0.0407
epoch 9/200 loss 3.9510 train 0.0990 test 0.0424
epoch 10/200 loss 3.8188 train 0.1120 test 0.0437
epoch 11/200 loss 3.7941 train 0.1042 test 0.0484
epoch 12/200 loss 3.7240 train 0.1406 test 0.0538
epoch 13/200 loss 3.5637 train 0.1589 test 0.0547
epoch 14/200 loss 3.4985 train 0.1510 test 0.0557
epoch 15/200 loss 3.4947 train 0.1328 test 0.0562
epoch 16/200 loss 3.3986 train 0.1667 test 0.0648
epoch 17/200 loss 3.3189 train 0.2135 test 0.0643
epoch 18/200 loss 3.2191 train 0.2161 test 0.0659
epoch 19/200 loss 3.1949 train 0.2474 test 0.0655
epoch 20/200 loss 3.1248 train 0.2188 test 0.0615
epoch 21/200 loss 3.0912 train 0.2188 test 0.0703
epoch 22/200 loss 2.9892 train 0.2214 test 0.0758
epoch 23/200 loss 2.9325 train 0.2500 test 0.0715
epoch 24/200 loss 2.8406 train 0.2865 test 0.0746
epoch 25/200 loss 2.8378 train 0.2656 test 0.0735
epoch 26/200 loss 2.6879 train 0.3307 test 0.0784
epoch 27/200 loss 2.6785 train 0.3099 test 0.0817
epoch 28/200 loss 2.6226 train 0.3229 test 0.0826
epoch 29/200 loss 2.4657 train 0.3672 test 0.0838
epoch 30/200 loss 2.5245 train 0.3672 test 0.0798
epoch 31/200 loss 2.4642 train 0.3464 test 0.0858
epoch 32/200 loss 2.4072 train 0.3750 test 0.0759
epoch 33/200 loss 2.3053 train 0.4141 test 0.0927
epoch 34/200 loss 2.2868 train 0.4479 test 0.0952
epoch 35/200 loss 2.1718 train 0.4219 test 0.0935
epoch 36/200 loss 2.1979 train 0.4609 test 0.0975
epoch 37/200 loss 2.1359 train 0.4661 test 0.0871
epoch 38/200 loss 2.1051 train 0.4844 test 0.0830
epoch 39/200 loss 2.0241 train 0.4766 test 0.0804
epoch 40/200 loss 1.9631 train 0.5052 test 0.0918
epoch 41/200 loss 1.8891 train 0.5260 test 0.0970
epoch 42/200 loss 1.8552 train 0.5104 test 0.0880
epoch 43/200 loss 1.7731 train 0.5417 test 0.0946
epoch 44/200 loss 1.7647 train 0.5260 test 0.0930
epoch 45/200 loss 1.6465 train 0.5990 test 0.0941
epoch 46/200 loss 1.6242 train 0.6016 test 0.0875
epoch 47/200 loss 1.5437 train 0.6458 test 0.0933
epoch 48/200 loss 1.4935 train 0.6484 test 0.0922
epoch 49/200 loss 1.4188 train 0.6354 test 0.0929
epoch 50/200 loss 1.4358 train 0.6016 test 0.0871
epoch 51/200 loss 1.3462 train 0.6745 test 0.0944
epoch 52/200 loss 1.3676 train 0.6875 test 0.0910
epoch 53/200 loss 1.2566 train 0.7005 test 0.0881
epoch 54/200 loss 1.2410 train 0.7188 test 0.0918
epoch 55/200 loss 1.1891 train 0.7083 test 0.0958
epoch 56/200 loss 1.0793 train 0.7396 test 0.0956
epoch 57/200 loss 1.0193 train 0.7604 test 0.0976
epoch 58/200 loss 1.0014 train 0.7865 test 0.1016
epoch 59/200 loss 0.9666 train 0.7734 test 0.1050
epoch 60/200 loss 0.8853 train 0.8203 test 0.0955
epoch 61/200 loss 0.8202 train 0.8307 test 0.0931
epoch 62/200 loss 0.8653 train 0.7812 test 0.0991
epoch 63/200 loss 0.8597 train 0.8099 test 0.0987
epoch 64/200 loss 0.7544 train 0.8411 test 0.0970
epoch 65/200 loss 0.6635 train 0.8828 test 0.0941
epoch 66/200 loss 0.6405 train 0.8906 test 0.0935
epoch 67/200 loss 0.6191 train 0.8672 test 0.1065
epoch 68/200 loss 0.5939 train 0.8828 test 0.0941
epoch 69/200 loss 0.5344 train 0.8958 test 0.1033
epoch 70/200 loss 0.5508 train 0.9062 test 0.1041
epoch 71/200 loss 0.4975 train 0.9115 test 0.1008
epoch 72/200 loss 0.4101 train 0.9453 test 0.1023
epoch 73/200 loss 0.4222 train 0.9323 test 0.1021
epoch 74/200 loss 0.3632 train 0.9505 test 0.0979
epoch 75/200 loss 0.3337 train 0.9609 test 0.0991
epoch 76/200 loss 0.3036 train 0.9740 test 0.1017
epoch 77/200 loss 0.2809 train 0.9661 test 0.1088
epoch 78/200 loss 0.2215 train 0.9844 test 0.1058
epoch 79/200 loss 0.2283 train 0.9792 test 0.1039
epoch 80/200 loss 0.2066 train 0.9896 test 0.1067
epoch 81/200 loss 0.1996 train 0.9818 test 0.1060
epoch 82/200 loss 0.1812 train 0.9948 test 0.0999
epoch 83/200 loss 0.1768 train 0.9844 test 0.1073
epoch 84/200 loss 0.1383 train 0.9896 test 0.1080
epoch 85/200 loss 0.1380 train 0.9974 test 0.1070
epoch 86/200 loss 0.1245 train 1.0000 test 0.1073
epoch 87/200 loss 0.1190 train 0.9948 test 0.1076
epoch 88/200 loss 0.1032 train 0.9974 test 0.1064
epoch 89/200 loss 0.0898 train 1.0000 test 0.1046
epoch 90/200 loss 0.0828 train 0.9974 test 0.1062
epoch 91/200 loss 0.0783 train 1.0000 test 0.1107
epoch 92/200 loss 0.0833 train 1.0000 test 0.1148
epoch 93/200 loss 0.0675 train 1.0000 test 0.1128
epoch 94/200 loss 0.0645 train 1.0000 test 0.1109
epoch 95/200 loss 0.0647 train 0.9974 test 0.1089
epoch 96/200 loss 0.0625 train 0.9974 test 0.1099
epoch 97/200 loss 0.0619 train 1.0000 test 0.1109
epoch 98/200 loss 0.0583 train 1.0000 test 0.1124
epoch 99/200 loss 0.0430 train 1.0000 test 0.1131
epoch 100/200 loss 0.0455 train 1.0000 test 0.1117
epoch 101/200 loss 0.0506 train 1.0000 test 0.1121
epoch 102/200 loss 0.0427 train 1.0000 test 0.1149
epoch 103/200 loss 0.0522 train 1.0000 test 0.1167
epoch 104/200 loss 0.0385 train 1.0000 test 0.1178
epoch 105/200 loss 0.0458 train 1.0000 test 0.1152
epoch 106/200 loss 0.0411 train 1.0000 test 0.1135
epoch 107/200 loss 0.0415 train 1.0000 test 0.1133
epoch 108/200 loss 0.0380 train 1.0000 test 0.1137
epoch 109/200 loss 0.0361 train 1.0000 test 0.1135
epoch 110/200 loss 0.0353 train 1.0000 test 0.1126
epoch 111/200 loss 0.0341 train 1.0000 test 0.1122
epoch 112/200 loss 0.0306 train 1.0000 test 0.1105
epoch 113/200 loss 0.0293 train 1.0000 test 0.1093
epoch 114/200 loss 0.0327 train 1.0000 test 0.1130
epoch 115/200 loss 0.0344 train 1.0000 test 0.1132
epoch 116/200 loss 0.0309 train 1.0000 test 0.1129
epoch 117/200 loss 0.0299 train 1.0000 test 0.1128
epoch 118/200 loss 0.0309 train 1.0000 test 0.1139
epoch 119/200 loss 0.0261 train 1.0000 test 0.1133
epoch 120/200 loss 0.0261 train 1.0000 test 0.1140
epoch 121/200 loss 0.0289 train 1.0000 test 0.1140
epoch 122/200 loss 0.0257 train 1.0000 test 0.1148
epoch 123/200 loss 0.0240 train 1.0000 test 0.1156
epoch 124/200 loss 0.0255 train 1.0000 test 0.1142
epoch 125/200 loss 0.0256 train 1.0000 test 0.1146
epoch 126/200 loss 0.0225 train 1.0000 test 0.1148
epoch 127/200 loss 0.0224 train 1.0000 test 0.1151
epoch 128/200 loss 0.0244 train 1.0000 test 0.1148
epoch 129/200 loss 0.0217 train 1.0000 test 0.1139
epoch 130/200 loss 0.0220 train 1.0000 test 0.1132
epoch 131/200 loss 0.0223 train 1.0000 test 0.1129
epoch 132/200 loss 0.0229 train 1.0000 test 0.1127
epoch 133/200 loss 0.0237 train 1.0000 test 0.1127
epoch 134/200 loss 0.0203 train 1.0000 test 0.1140
epoch 135/200 loss 0.0201 train 1.0000 test 0.1141
epoch 136/200 loss 0.0221 train 1.0000 test 0.1137
epoch 137/200 loss 0.0206 train 1.0000 test 0.1125
epoch 138/200 loss 0.0177 train 1.0000 test 0.1126
epoch 139/200 loss 0.0196 train 1.0000 test 0.1130
epoch 140/200 loss 0.0189 train 1.0000 test 0.1131
epoch 141/200 loss 0.0202 train 1.0000 test 0.1126
epoch 142/200 loss 0.0206 train 1.0000 test 0.1128
epoch 143/200 loss 0.0218 train 1.0000 test 0.1134
epoch 144/200 loss 0.0200 train 1.0000 test 0.1127
epoch 145/200 loss 0.0188 train 1.0000 test 0.1125
epoch 146/200 loss 0.0211 train 1.0000 test 0.1120
epoch 147/200 loss 0.0202 train 1.0000 test 0.1121
epoch 148/200 loss 0.0198 train 1.0000 test 0.1122
epoch 149/200 loss 0.0191 train 1.0000 test 0.1125
epoch 150/200 loss 0.0204 train 1.0000 test 0.1132
epoch 151/200 loss 0.0182 train 1.0000 test 0.1128
epoch 152/200 loss 0.0195 train 1.0000 test 0.1137
epoch 153/200 loss 0.0175 train 1.0000 test 0.1132
epoch 154/200 loss 0.0185 train 1.0000 test 0.1137
epoch 155/200 loss 0.0189 train 1.0000 test 0.1134
epoch 156/200 loss 0.0176 train 1.0000 test 0.1135
epoch 157/200 loss 0.0182 train 1.0000 test 0.1127
epoch 158/200 loss 0.0191 train 1.0000 test 0.1130
epoch 159/200 loss 0.0194 train 1.0000 test 0.1130
epoch 160/200 loss 0.0174 train 1.0000 test 0.1130
epoch 161/200 loss 0.0173 train 1.0000 test 0.1126
epoch 162/200 loss 0.0183 train 1.0000 test 0.1133
epoch 163/200 loss 0.0183 train 1.0000 test 0.1138
epoch 164/200 loss 0.0164 train 1.0000 test 0.1136
epoch 165/200 loss 0.0210 train 1.0000 test 0.1140
epoch 166/200 loss 0.0195 train 1.0000 test 0.1133
epoch 167/200 loss 0.0185 train 1.0000 test 0.1137
epoch 168/200 loss 0.0232 train 1.0000 test 0.1126
epoch 169/200 loss 0.0163 train 1.0000 test 0.1122
epoch 170/200 loss 0.0192 train 1.0000 test 0.1121
epoch 171/200 loss 0.0198 train 1.0000 test 0.1134
epoch 172/200 loss 0.0181 train 1.0000 test 0.1131
epoch 173/200 loss 0.0175 train 1.0000 test 0.1131
epoch 174/200 loss 0.0200 train 1.0000 test 0.1123
epoch 175/200 loss 0.0151 train 1.0000 test 0.1127
epoch 176/200 loss 0.0182 train 1.0000 test 0.1130
epoch 177/200 loss 0.0166 train 1.0000 test 0.1129
epoch 178/200 loss 0.0163 train 1.0000 test 0.1128
epoch 179/200 loss 0.0181 train 1.0000 test 0.1129
epoch 180/200 loss 0.0174 train 1.0000 test 0.1136
epoch 181/200 loss 0.0184 train 1.0000 test 0.1127
epoch 182/200 loss 0.0174 train 1.0000 test 0.1135
epoch 183/200 loss 0.0165 train 1.0000 test 0.1132
epoch 184/200 loss 0.0173 train 1.0000 test 0.1129
epoch 185/200 loss 0.0172 train 1.0000 test 0.1134
epoch 186/200 loss 0.0194 train 1.0000 test 0.1142
epoch 187/200 loss 0.0165 train 1.0000 test 0.1143
epoch 188/200 loss 0.0175 train 1.0000 test 0.1149
epoch 189/200 loss 0.0166 train 1.0000 test 0.1143
epoch 190/200 loss 0.0168 train 1.0000 test 0.1141
epoch 191/200 loss 0.0201 train 1.0000 test 0.1149
epoch 192/200 loss 0.0186 train 1.0000 test 0.1132
epoch 193/200 loss 0.0166 train 1.0000 test 0.1129
epoch 194/200 loss 0.0186 train 1.0000 test 0.1129
epoch 195/200 loss 0.0160 train 1.0000 test 0.1130
epoch 196/200 loss 0.0191 train 1.0000 test 0.1138
epoch 197/200 loss 0.0178 train 1.0000 test 0.1138
epoch 198/200 loss 0.0179 train 1.0000 test 0.1145
epoch 199/200 loss 0.0181 train 1.0000 test 0.1140
epoch 200/200 loss 0.0175 train 1.0000 test 0.1139
done: final 0.1139 best 0.1178 -> ./runs/enmag_1pct/seed1
stem calibrated (True) on 1024 images
[enmag_1pct seed2] {"params_trainable": 11224740, "params_stem_trainable": 0, "params_stem_fixed_filters": 1936, "flops_total": 563406848, "flops_stem": 1982464, "flops_image_size": 32}
epoch 1/200 loss 4.6431 train 0.0026 test 0.0125
epoch 2/200 loss 4.6032 train 0.0078 test 0.0139
epoch 3/200 loss 4.5539 train 0.0156 test 0.0187
epoch 4/200 loss 4.4879 train 0.0286 test 0.0187
epoch 5/200 loss 4.4214 train 0.0312 test 0.0317
epoch 6/200 loss 4.2893 train 0.0495 test 0.0386
epoch 7/200 loss 4.1959 train 0.0833 test 0.0361
epoch 8/200 loss 4.0806 train 0.0599 test 0.0371
epoch 9/200 loss 3.9776 train 0.0859 test 0.0370
epoch 10/200 loss 3.8001 train 0.1198 test 0.0424
epoch 11/200 loss 3.7703 train 0.1484 test 0.0480
epoch 12/200 loss 3.6801 train 0.1198 test 0.0580
epoch 13/200 loss 3.5843 train 0.1432 test 0.0587
epoch 14/200 loss 3.5228 train 0.1823 test 0.0569
epoch 15/200 loss 3.3944 train 0.1719 test 0.0603
epoch 16/200 loss 3.3340 train 0.2109 test 0.0640
epoch 17/200 loss 3.2747 train 0.2161 test 0.0736
epoch 18/200 loss 3.2247 train 0.2005 test 0.0715
epoch 19/200 loss 3.1351 train 0.2396 test 0.0713
epoch 20/200 loss 3.1496 train 0.1953 test 0.0700
epoch 21/200 loss 3.0004 train 0.2656 test 0.0716
epoch 22/200 loss 2.9512 train 0.2604 test 0.0786
epoch 23/200 loss 2.9401 train 0.2552 test 0.0695
epoch 24/200 loss 2.8294 train 0.2786 test 0.0777
epoch 25/200 loss 2.7545 train 0.3125 test 0.0699
epoch 26/200 loss 2.7420 train 0.2812 test 0.0758
epoch 27/200 loss 2.6579 train 0.3385 test 0.0804
epoch 28/200 loss 2.6732 train 0.2891 test 0.0758
epoch 29/200 loss 2.5748 train 0.3542 test 0.0758
epoch 30/200 loss 2.5661 train 0.3385 test 0.0835
epoch 31/200 loss 2.5317 train 0.3568 test 0.0872
epoch 32/200 loss 2.4545 train 0.3620 test 0.0876
epoch 33/200 loss 2.3487 train 0.4010 test 0.0826
epoch 34/200 loss 2.2999 train 0.4141 test 0.0823
epoch 35/200 loss 2.2298 train 0.4297 test 0.0910
epoch 36/200 loss 2.1777 train 0.4427 test 0.0946
epoch 37/200 loss 2.1049 train 0.4688 test 0.0914
epoch 38/200 loss 1.9982 train 0.4870 test 0.0922
epoch 39/200 loss 1.9057 train 0.5365 test 0.0907
epoch 40/200 loss 1.9432 train 0.5104 test 0.0946
epoch 41/200 loss 1.9271 train 0.5052 test 0.0829
epoch 42/200 loss 1.8283 train 0.5312 test 0.0934
epoch 43/200 loss 1.7751 train 0.5339 test 0.1010
epoch 44/200 loss 1.6948 train 0.5833 test 0.1025
epoch 45/200 loss 1.6463 train 0.5729 test 0.0915
epoch 46/200 loss 1.6414 train 0.5625 test 0.0822
epoch 47/200 loss 1.5598 train 0.6224 test 0.0873
epoch 48/200 loss 1.4583 train 0.6510 test 0.0907
epoch 49/200 loss 1.4153 train 0.6484 test 0.0966
epoch 50/200 loss 1.3342 train 0.7057 test 0.0886
epoch 51/200 loss 1.3509 train 0.6641 test 0.0894
epoch 52/200 loss 1.3351 train 0.6615 test 0.0805
epoch 53/200 loss 1.2727 train 0.6849 test 0.0928
epoch 54/200 loss 1.1774 train 0.7318 test 0.1008
epoch 55/200 loss 1.1261 train 0.7266 test 0.0959
epoch 56/200 loss 1.0375 train 0.7604 test 0.0987
epoch 57/200 loss 0.9849 train 0.7839 test 0.0956
epoch 58/200 loss 0.9307 train 0.7734 test 0.1028
epoch 59/200 loss 0.9772 train 0.7552 test 0.1012
epoch 60/200 loss 0.8208 train 0.8333 test 0.0985
epoch 61/200 loss 0.7844 train 0.8359 test 0.0937
epoch 62/200 loss 0.7685 train 0.8438 test 0.0913
epoch 63/200 loss 0.7058 train 0.8620 test 0.0973
epoch 64/200 loss 0.6948 train 0.8620 test 0.1063
epoch 65/200 loss 0.6568 train 0.8594 test 0.0991
epoch 66/200 loss 0.6300 train 0.8698 test 0.0972
epoch 67/200 loss 0.6551 train 0.8698 test 0.0971
epoch 68/200 loss 0.5343 train 0.8984 test 0.0985
epoch 69/200 loss 0.5660 train 0.8958 test 0.0972
epoch 70/200 loss 0.4928 train 0.9219 test 0.1011
epoch 71/200 loss 0.4372 train 0.9245 test 0.1112
epoch 72/200 loss 0.4149 train 0.9349 test 0.1067
epoch 73/200 loss 0.3595 train 0.9557 test 0.1003
epoch 74/200 loss 0.3838 train 0.9479 test 0.1051
epoch 75/200 loss 0.3117 train 0.9688 test 0.1049
epoch 76/200 loss 0.3486 train 0.9531 test 0.0987
epoch 77/200 loss 0.2642 train 0.9766 test 0.1000
epoch 78/200 loss 0.2567 train 0.9714 test 0.1000
epoch 79/200 loss 0.2114 train 0.9870 test 0.1021
epoch 80/200 loss 0.2005 train 0.9792 test 0.1092
epoch 81/200 loss 0.1516 train 0.9922 test 0.1072
epoch 82/200 loss 0.1625 train 0.9870 test 0.1085
epoch 83/200 loss 0.1450 train 0.9922 test 0.1069
epoch 84/200 loss 0.1479 train 0.9844 test 0.1100
epoch 85/200 loss 0.1274 train 0.9948 test 0.1054
epoch 86/200 loss 0.1197 train 1.0000 test 0.1048
epoch 87/200 loss 0.1186 train 0.9922 test 0.1102
epoch 88/200 loss 0.1043 train 0.9974 test 0.1096
epoch 89/200 loss 0.1084 train 0.9922 test 0.1104
epoch 90/200 loss 0.0928 train 0.9948 test 0.1086
epoch 91/200 loss 0.0901 train 0.9974 test 0.1101
epoch 92/200 loss 0.0807 train 1.0000 test 0.1084
epoch 93/200 loss 0.0812 train 0.9948 test 0.1126
epoch 94/200 loss 0.0644 train 1.0000 test 0.1139
epoch 95/200 loss 0.0603 train 1.0000 test 0.1147
epoch 96/200 loss 0.0519 train 1.0000 test 0.1161
epoch 97/200 loss 0.0514 train 1.0000 test 0.1143
epoch 98/200 loss 0.0475 train 1.0000 test 0.1121
epoch 99/200 loss 0.0459 train 1.0000 test 0.1148
epoch 100/200 loss 0.0421 train 1.0000 test 0.1106
epoch 101/200 loss 0.0443 train 0.9974 test 0.1104
epoch 102/200 loss 0.0417 train 1.0000 test 0.1082
epoch 103/200 loss 0.0411 train 1.0000 test 0.1100
epoch 104/200 loss 0.0416 train 1.0000 test 0.1131
epoch 105/200 loss 0.0425 train 1.0000 test 0.1154
epoch 106/200 loss 0.0402 train 1.0000 test 0.1142
epoch 107/200 loss 0.0367 train 1.0000 test 0.1117
epoch 108/200 loss 0.0352 train 1.0000 test 0.1097
epoch 109/200 loss 0.0368 train 1.0000 test 0.1104
epoch 110/200 loss 0.0311 train 1.0000 test 0.1125
epoch 111/200 loss 0.0276 train 1.0000 test 0.1145
epoch 112/200 loss 0.0329 train 1.0000 test 0.1143
epoch 113/200 loss 0.0295 train 1.0000 test 0.1131
epoch 114/200 loss 0.0286 train 1.0000 test 0.1096
epoch 115/200 loss 0.0285 train 1.0000 test 0.1090
epoch 116/200 loss 0.0226 train 1.0000 test 0.1107
epoch 117/200 loss 0.0260 train 1.0000 test 0.1131
epoch 118/200 loss 0.0266 train 1.0000 test 0.1132
epoch 119/200 loss 0.0235 train 1.0000 test 0.1146
epoch 120/200 loss 0.0226 train 1.0000 test 0.1147
epoch 121/200 loss 0.0241 train 1.0000 test 0.1140
epoch 122/200 loss 0.0250 train 1.0000 test 0.1137
epoch 123/200 loss 0.0213 train 1.0000 test 0.1145
epoch 124/200 loss 0.0251 train 1.0000 test 0.1138
epoch 125/200 loss 0.0253 train 1.0000 test 0.1131
epoch 126/200 loss 0.0265 train 1.0000 test 0.1137
epoch 127/200 loss 0.0229 train 1.0000 test 0.1123
epoch 128/200 loss 0.0266 train 1.0000 test 0.1119
epoch 129/200 loss 0.0232 train 1.0000 test 0.1106
epoch 130/200 loss 0.0227 train 1.0000 test 0.1111
epoch 131/200 loss 0.0237 train 1.0000 test 0.1115
epoch 132/200 loss 0.0204 train 1.0000 test 0.1124
epoch 133/200 loss 0.0217 train 1.0000 test 0.1133
epoch 134/200 loss 0.0244 train 1.0000 test 0.1134
epoch 135/200 loss 0.0210 train 1.0000 test 0.1138
epoch 136/200 loss 0.0198 train 1.0000 test 0.1138
epoch 137/200 loss 0.0209 train 1.0000 test 0.1132
epoch 138/200 loss 0.0235 train 0.9974 test 0.1123
epoch 139/200 loss 0.0200 train 1.0000 test 0.1122
epoch 140/200 loss 0.0196 train 1.0000 test 0.1129
epoch 141/200 loss 0.0210 train 1.0000 test 0.1130
epoch 142/200 loss 0.0176 train 1.0000 test 0.1127
epoch 143/200 loss 0.0183 train 1.0000 test 0.1127
epoch 144/200 loss 0.0225 train 1.0000 test 0.1128
epoch 145/200 loss 0.0184 train 1.0000 test 0.1133
epoch 146/200 loss 0.0213 train 1.0000 test 0.1138
epoch 147/200 loss 0.0174 train 1.0000 test 0.1140
epoch 148/200 loss 0.0194 train 1.0000 test 0.1132
epoch 149/200 loss 0.0181 train 1.0000 test 0.1132
epoch 150/200 loss 0.0195 train 1.0000 test 0.1125
epoch 151/200 loss 0.0168 train 1.0000 test 0.1120
epoch 152/200 loss 0.0161 train 1.0000 test 0.1118
epoch 153/200 loss 0.0190 train 1.0000 test 0.1125
epoch 154/200 loss 0.0191 train 1.0000 test 0.1133
epoch 155/200 loss 0.0201 train 1.0000 test 0.1125
epoch 156/200 loss 0.0183 train 1.0000 test 0.1127
epoch 157/200 loss 0.0203 train 1.0000 test 0.1127
epoch 158/200 loss 0.0175 train 1.0000 test 0.1125
epoch 159/200 loss 0.0191 train 1.0000 test 0.1125
epoch 160/200 loss 0.0171 train 1.0000 test 0.1137
epoch 161/200 loss 0.0171 train 1.0000 test 0.1130
epoch 162/200 loss 0.0191 train 1.0000 test 0.1126
epoch 163/200 loss 0.0153 train 1.0000 test 0.1137
epoch 164/200 loss 0.0193 train 1.0000 test 0.1137
epoch 165/200 loss 0.0201 train 1.0000 test 0.1138
epoch 166/200 loss 0.0166 train 1.0000 test 0.1135
epoch 167/200 loss 0.0199 train 1.0000 test 0.1131
epoch 168/200 loss 0.0178 train 1.0000 test 0.1127
epoch 169/200 loss 0.0190 train 1.0000 test 0.1129
epoch 170/200 loss 0.0159 train 1.0000 test 0.1127
epoch 171/200 loss 0.0210 train 1.0000 test 0.1136
epoch 172/200 loss 0.0191 train 1.0000 test 0.1124
epoch 173/200 loss 0.0144 train 1.0000 test 0.1131
epoch 174/200 loss 0.0184 train 1.0000 test 0.1133
epoch 175/200 loss 0.0158 train 1.0000 test 0.1128
epoch 176/200 loss 0.0186 train 1.0000 test 0.1129
epoch 177/200 loss 0.0171 train 1.0000 test 0.1122
epoch 178/200 loss 0.0163 train 1.0000 test 0.1120
epoch 179/200 loss 0.0162 train 1.0000 test 0.1125
epoch 180/200 loss 0.0166 train 1.0000 test 0.1124
epoch 181/200 loss 0.0175 train 1.0000 test 0.1121
epoch 182/200 loss 0.0157 train 1.0000 test 0.1119
epoch 183/200 loss 0.0174 train 1.0000 test 0.1123
epoch 184/200 loss 0.0163 train 1.0000 test 0.1116
epoch 185/200 loss 0.0161 train 1.0000 test 0.1124
epoch 186/200 loss 0.0173 train 1.0000 test 0.1129
epoch 187/200 loss 0.0146 train 1.0000 test 0.1127
epoch 188/200 loss 0.0179 train 1.0000 test 0.1120
epoch 189/200 loss 0.0158 train 1.0000 test 0.1125
epoch 190/200 loss 0.0175 train 1.0000 test 0.1123
epoch 191/200 loss 0.0169 train 1.0000 test 0.1115
epoch 192/200 loss 0.0161 train 1.0000 test 0.1115
epoch 193/200 loss 0.0172 train 1.0000 test 0.1117
epoch 194/200 loss 0.0143 train 1.0000 test 0.1123
epoch 195/200 loss 0.0181 train 1.0000 test 0.1122
epoch 196/200 loss 0.0158 train 1.0000 test 0.1124
epoch 197/200 loss 0.0170 train 1.0000 test 0.1128
epoch 198/200 loss 0.0147 train 1.0000 test 0.1123
epoch 199/200 loss 0.0165 train 1.0000 test 0.1123
epoch 200/200 loss 0.0145 train 1.0000 test 0.1124
done: final 0.1124 best 0.1161 -> ./runs/enmag_1pct/seed2
stem calibrated (True) on 1024 images
[enrot_1pct seed0] {"params_trainable": 11224740, "params_stem_trainable": 0, "params_stem_fixed_filters": 5808, "flops_total": 567371776, "flops_stem": 5947392, "flops_image_size": 32}
epoch 1/200 loss 4.6442 train 0.0052 test 0.0098
epoch 2/200 loss 4.6002 train 0.0052 test 0.0133
epoch 3/200 loss 4.5365 train 0.0208 test 0.0147
epoch 4/200 loss 4.4567 train 0.0312 test 0.0185
epoch 5/200 loss 4.3403 train 0.0495 test 0.0285
epoch 6/200 loss 4.2123 train 0.0755 test 0.0298
epoch 7/200 loss 4.0999 train 0.0573 test 0.0332
epoch 8/200 loss 4.0247 train 0.0781 test 0.0398
epoch 9/200 loss 3.8625 train 0.1016 test 0.0378
epoch 10/200 loss 3.7655 train 0.0964 test 0.0427
epoch 11/200 loss 3.7025 train 0.1380 test 0.0435
epoch 12/200 loss 3.6484 train 0.1198 test 0.0515
epoch 13/200 loss 3.5030 train 0.1771 test 0.0534
epoch 14/200 loss 3.4740 train 0.1641 test 0.0549
epoch 15/200 loss 3.4211 train 0.1693 test 0.0518
epoch 16/200 loss 3.3367 train 0.1823 test 0.0543
epoch 17/200 loss 3.2560 train 0.2031 test 0.0601
epoch 18/200 loss 3.1382 train 0.2266 test 0.0550
epoch 19/200 loss 3.1752 train 0.2005 test 0.0531
epoch 20/200 loss 3.0799 train 0.2630 test 0.0579
epoch 21/200 loss 2.9936 train 0.2526 test 0.0617
epoch 22/200 loss 2.9450 train 0.2604 test 0.0561
epoch 23/200 loss 2.9300 train 0.2708 test 0.0598
epoch 24/200 loss 2.8596 train 0.2630 test 0.0662
epoch 25/200 loss 2.7828 train 0.2656 test 0.0633
epoch 26/200 loss 2.7472 train 0.2812 test 0.0701
epoch 27/200 loss 2.6114 train 0.3385 test 0.0704
epoch 28/200 loss 2.6755 train 0.3021 test 0.0704
epoch 29/200 loss 2.6147 train 0.3099 test 0.0713
epoch 30/200 loss 2.4895 train 0.3333 test 0.0635
epoch 31/200 loss 2.5080 train 0.3333 test 0.0668
epoch 32/200 loss 2.5518 train 0.3151 test 0.0611
epoch 33/200 loss 2.3870 train 0.3750 test 0.0802
epoch 34/200 loss 2.3312 train 0.4036 test 0.0760
epoch 35/200 loss 2.2733 train 0.3880 test 0.0649
epoch 36/200 loss 2.1933 train 0.3984 test 0.0624
epoch 37/200 loss 2.1246 train 0.4505 test 0.0734
epoch 38/200 loss 2.1279 train 0.4583 test 0.0744
epoch 39/200 loss 2.0524 train 0.4271 test 0.0756
epoch 40/200 loss 1.9616 train 0.4896 test 0.0771
epoch 41/200 loss 1.9698 train 0.4896 test 0.0696
epoch 42/200 loss 1.9941 train 0.4661 test 0.0710
epoch 43/200 loss 1.8423 train 0.5000 test 0.0690
epoch 44/200 loss 1.8294 train 0.5339 test 0.0618
epoch 45/200 loss 1.7777 train 0.5469 test 0.0681
epoch 46/200 loss 1.6746 train 0.5885 test 0.0804
epoch 47/200 loss 1.6219 train 0.5938 test 0.0763
epoch 48/200 loss 1.6328 train 0.5703 test 0.0820
epoch 49/200 loss 1.5687 train 0.6016 test 0.0816
epoch 50/200 loss 1.4856 train 0.6146 test 0.0736
epoch 51/200 loss 1.4785 train 0.6042 test 0.0801
epoch 52/200 loss 1.3322 train 0.6354 test 0.0799
epoch 53/200 loss 1.3269 train 0.6484 test 0.0780
epoch 54/200 loss 1.3065 train 0.6667 test 0.0761
epoch 55/200 loss 1.2184 train 0.7214 test 0.0811
epoch 56/200 loss 1.2571 train 0.6953 test 0.0746
epoch 57/200 loss 1.1325 train 0.7240 test 0.0782
epoch 58/200 loss 1.1700 train 0.7109 test 0.0669
epoch 59/200 loss 1.0684 train 0.7682 test 0.0834
epoch 60/200 loss 1.0205 train 0.7526 test 0.0752
epoch 61/200 loss 0.9676 train 0.7839 test 0.0877
epoch 62/200 loss 0.9053 train 0.7865 test 0.0821
epoch 63/200 loss 0.8958 train 0.8073 test 0.0759
epoch 64/200 loss 0.8250 train 0.8099 test 0.0766
epoch 65/200 loss 0.7710 train 0.8281 test 0.0700
epoch 66/200 loss 0.7703 train 0.8229 test 0.0771
epoch 67/200 loss 0.7437 train 0.8307 test 0.0876
epoch 68/200 loss 0.6696 train 0.8802 test 0.0864
epoch 69/200 loss 0.7040 train 0.8802 test 0.0801
epoch 70/200 loss 0.6636 train 0.8516 test 0.0861
epoch 71/200 loss 0.5832 train 0.8932 test 0.0865
epoch 72/200 loss 0.5142 train 0.9115 test 0.0950
epoch 73/200 loss 0.4977 train 0.9089 test 0.0861
epoch 74/200 loss 0.4737 train 0.9167 test 0.0848
epoch 75/200 loss 0.4325 train 0.9245 test 0.0885
epoch 76/200 loss 0.4097 train 0.9453 test 0.0854
epoch 77/200 loss 0.3752 train 0.9479 test 0.0858
epoch 78/200 loss 0.3394 train 0.9557 test 0.0844
epoch 79/200 loss 0.3189 train 0.9609 test 0.0841
epoch 80/200 loss 0.2720 train 0.9870 test 0.0913
epoch 81/200 loss 0.2560 train 0.9714 test 0.0915
epoch 82/200 loss 0.2191 train 0.9896 test 0.0841
epoch 83/200 loss 0.2161 train 0.9818 test 0.0821
epoch 84/200 loss 0.1863 train 0.9870 test 0.0902
epoch 85/200 loss 0.1881 train 0.9922 test 0.0910
epoch 86/200 loss 0.1903 train 0.9844 test 0.0941
epoch 87/200 loss 0.1507 train 0.9922 test 0.0962
epoch 88/200 loss 0.1595 train 0.9792 test 0.0933
epoch 89/200 loss 0.1716 train 0.9818 test 0.0888
epoch 90/200 loss 0.1467 train 0.9740 test 0.0931
epoch 91/200 loss 0.1326 train 0.9870 test 0.0921
epoch 92/200 loss 0.1313 train 0.9922 test 0.0915
epoch 93/200 loss 0.1171 train 0.9948 test 0.0885
epoch 94/200 loss 0.1124 train 0.9974 test 0.0937
epoch 95/200 loss 0.0958 train 0.9974 test 0.0975
epoch 96/200 loss 0.0910 train 0.9974 test 0.0969
epoch 97/200 loss 0.0913 train 0.9974 test 0.0934
epoch 98/200 loss 0.0789 train 1.0000 test 0.0917
epoch 99/200 loss 0.0771 train 0.9974 test 0.0919
epoch 100/200 loss 0.0712 train 1.0000 test 0.0939
epoch 101/200 loss 0.0701 train 1.0000 test 0.0935
epoch 102/200 loss 0.0592 train 1.0000 test 0.0953
epoch 103/200 loss 0.0682 train 0.9974 test 0.0959
epoch 104/200 loss 0.0556 train 1.0000 test 0.0957
epoch 105/200 loss 0.0495 train 1.0000 test 0.0953
epoch 106/200 loss 0.0530 train 1.0000 test 0.0951
epoch 107/200 loss 0.0469 train 1.0000 test 0.0967
epoch 108/200 loss 0.0543 train 0.9974 test 0.0992
epoch 109/200 loss 0.0475 train 0.9974 test 0.0999
epoch 110/200 loss 0.0387 train 1.0000 test 0.0972
epoch 111/200 loss 0.0379 train 1.0000 test 0.1000
epoch 112/200 loss 0.0348 train 1.0000 test 0.0980
epoch 113/200 loss 0.0333 train 1.0000 test 0.0961
epoch 114/200 loss 0.0316 train 1.0000 test 0.0970
epoch 115/200 loss 0.0375 train 0.9974 test 0.0956
epoch 116/200 loss 0.0295 train 1.0000 test 0.0930
epoch 117/200 loss 0.0394 train 1.0000 test 0.0951
epoch 118/200 loss 0.0311 train 1.0000 test 0.0967
epoch 119/200 loss 0.0324 train 1.0000 test 0.0970
epoch 120/200 loss 0.0372 train 1.0000 test 0.0985
epoch 121/200 loss 0.0256 train 1.0000 test 0.0989
epoch 122/200 loss 0.0268 train 1.0000 test 0.0979
epoch 123/200 loss 0.0283 train 1.0000 test 0.0990
epoch 124/200 loss 0.0299 train 1.0000 test 0.0987
epoch 125/200 loss 0.0254 train 1.0000 test 0.0975
epoch 126/200 loss 0.0219 train 1.0000 test 0.0980
epoch 127/200 loss 0.0219 train 1.0000 test 0.0987
epoch 128/200 loss 0.0226 train 1.0000 test 0.0993
epoch 129/200 loss 0.0229 train 1.0000 test 0.0984
epoch 130/200 loss 0.0243 train 1.0000 test 0.0981
epoch 131/200 loss 0.0208 train 1.0000 test 0.0981
epoch 132/200 loss 0.0218 train 1.0000 test 0.0957
epoch 133/200 loss 0.0219 train 1.0000 test 0.0962
epoch 134/200 loss 0.0227 train 1.0000 test 0.0967
epoch 135/200 loss 0.0215 train 1.0000 test 0.0971
epoch 136/200 loss 0.0210 train 1.0000 test 0.0969
epoch 137/200 loss 0.0190 train 1.0000 test 0.0982
epoch 138/200 loss 0.0244 train 1.0000 test 0.0976
epoch 139/200 loss 0.0216 train 1.0000 test 0.0978
epoch 140/200 loss 0.0216 train 1.0000 test 0.0982
epoch 141/200 loss 0.0204 train 1.0000 test 0.0975
epoch 142/200 loss 0.0210 train 1.0000 test 0.0983
epoch 143/200 loss 0.0227 train 1.0000 test 0.0972
epoch 144/200 loss 0.0219 train 1.0000 test 0.0971
epoch 145/200 loss 0.0223 train 1.0000 test 0.0957
epoch 146/200 loss 0.0185 train 1.0000 test 0.0951
epoch 147/200 loss 0.0178 train 1.0000 test 0.0954
epoch 148/200 loss 0.0189 train 1.0000 test 0.0956
epoch 149/200 loss 0.0183 train 1.0000 test 0.0964
epoch 150/200 loss 0.0181 train 1.0000 test 0.0976
epoch 151/200 loss 0.0196 train 1.0000 test 0.0972
epoch 152/200 loss 0.0224 train 1.0000 test 0.0987
epoch 153/200 loss 0.0199 train 1.0000 test 0.0992
epoch 154/200 loss 0.0186 train 1.0000 test 0.0981
epoch 155/200 loss 0.0190 train 1.0000 test 0.0979
epoch 156/200 loss 0.0184 train 1.0000 test 0.0987
epoch 157/200 loss 0.0173 train 1.0000 test 0.0993
epoch 158/200 loss 0.0177 train 1.0000 test 0.0981
epoch 159/200 loss 0.0187 train 1.0000 test 0.0979
epoch 160/200 loss 0.0185 train 1.0000 test 0.0975
epoch 161/200 loss 0.0160 train 1.0000 test 0.0970
epoch 162/200 loss 0.0178 train 1.0000 test 0.0972
epoch 163/200 loss 0.0185 train 1.0000 test 0.0969
epoch 164/200 loss 0.0180 train 1.0000 test 0.0972
epoch 165/200 loss 0.0191 train 1.0000 test 0.0971
epoch 166/200 loss 0.0197 train 1.0000 test 0.0984
epoch 167/200 loss 0.0173 train 1.0000 test 0.0978
epoch 168/200 loss 0.0174 train 1.0000 test 0.0985
epoch 169/200 loss 0.0160 train 1.0000 test 0.0983
epoch 170/200 loss 0.0191 train 1.0000 test 0.0985
epoch 171/200 loss 0.0176 train 1.0000 test 0.0994
epoch 172/200 loss 0.0184 train 1.0000 test 0.0999
epoch 173/200 loss 0.0178 train 1.0000 test 0.0997
epoch 174/200 loss 0.0159 train 1.0000 test 0.0990
epoch 175/200 loss 0.0175 train 1.0000 test 0.0988
epoch 176/200 loss 0.0187 train 1.0000 test 0.0995
epoch 177/200 loss 0.0171 train 1.0000 test 0.0998
epoch 178/200 loss 0.0171 train 1.0000 test 0.0993
epoch 179/200 loss 0.0171 train 1.0000 test 0.0995
epoch 180/200 loss 0.0223 train 1.0000 test 0.0988
epoch 181/200 loss 0.0189 train 1.0000 test 0.0990
epoch 182/200 loss 0.0162 train 1.0000 test 0.0994
epoch 183/200 loss 0.0193 train 1.0000 test 0.0993
epoch 184/200 loss 0.0173 train 1.0000 test 0.0994
epoch 185/200 loss 0.0191 train 1.0000 test 0.0995
epoch 186/200 loss 0.0219 train 1.0000 test 0.0996
epoch 187/200 loss 0.0176 train 1.0000 test 0.0996
epoch 188/200 loss 0.0190 train 1.0000 test 0.0993
epoch 189/200 loss 0.0186 train 1.0000 test 0.0985
epoch 190/200 loss 0.0157 train 1.0000 test 0.0985
epoch 191/200 loss 0.0160 train 1.0000 test 0.0988
epoch 192/200 loss 0.0155 train 1.0000 test 0.0995
epoch 193/200 loss 0.0156 train 1.0000 test 0.0995
epoch 194/200 loss 0.0188 train 1.0000 test 0.0996
epoch 195/200 loss 0.0172 train 1.0000 test 0.0992
epoch 196/200 loss 0.0191 train 1.0000 test 0.0990
epoch 197/200 loss 0.0185 train 1.0000 test 0.0984
epoch 198/200 loss 0.0158 train 1.0000 test 0.0985
epoch 199/200 loss 0.0179 train 1.0000 test 0.0986
epoch 200/200 loss 0.0168 train 1.0000 test 0.0987
done: final 0.0987 best 0.1000 -> ./runs/enrot_1pct/seed0
stem calibrated (True) on 1024 images
[enrot_1pct seed1] {"params_trainable": 11224740, "params_stem_trainable": 0, "params_stem_fixed_filters": 5808, "flops_total": 567371776, "flops_stem": 5947392, "flops_image_size": 32}
epoch 1/200 loss 4.6541 train 0.0078 test 0.0076
epoch 2/200 loss 4.5927 train 0.0182 test 0.0128
epoch 3/200 loss 4.5247 train 0.0182 test 0.0147
epoch 4/200 loss 4.4546 train 0.0286 test 0.0192
epoch 5/200 loss 4.3443 train 0.0547 test 0.0217
epoch 6/200 loss 4.1993 train 0.0651 test 0.0324
epoch 7/200 loss 4.1051 train 0.0573 test 0.0346
epoch 8/200 loss 3.9980 train 0.0911 test 0.0372
epoch 9/200 loss 3.8958 train 0.0833 test 0.0390
epoch 10/200 loss 3.7613 train 0.1276 test 0.0352
epoch 11/200 loss 3.7279 train 0.1146 test 0.0384
epoch 12/200 loss 3.6931 train 0.1354 test 0.0467
epoch 13/200 loss 3.5333 train 0.1380 test 0.0479
epoch 14/200 loss 3.4750 train 0.1615 test 0.0537
epoch 15/200 loss 3.4475 train 0.1641 test 0.0483
epoch 16/200 loss 3.3698 train 0.1667 test 0.0525
epoch 17/200 loss 3.2781 train 0.1953 test 0.0545
epoch 18/200 loss 3.2092 train 0.2083 test 0.0540
epoch 19/200 loss 3.1871 train 0.2161 test 0.0575
epoch 20/200 loss 3.1341 train 0.2266 test 0.0562
epoch 21/200 loss 3.0642 train 0.2240 test 0.0609
epoch 22/200 loss 3.0098 train 0.2370 test 0.0600
epoch 23/200 loss 3.0002 train 0.2344 test 0.0666
epoch 24/200 loss 2.8865 train 0.2604 test 0.0648
epoch 25/200 loss 2.8573 train 0.2552 test 0.0616
epoch 26/200 loss 2.7504 train 0.2917 test 0.0685
epoch 27/200 loss 2.7421 train 0.2891 test 0.0753
epoch 28/200 loss 2.6856 train 0.3151 test 0.0703
epoch 29/200 loss 2.4973 train 0.3750 test 0.0700
epoch 30/200 loss 2.5805 train 0.3464 test 0.0703
epoch 31/200 loss 2.5121 train 0.3438 test 0.0712
epoch 32/200 loss 2.4424 train 0.3854 test 0.0711
epoch 33/200 loss 2.3741 train 0.4141 test 0.0768
epoch 34/200 loss 2.3213 train 0.4010 test 0.0780
epoch 35/200 loss 2.2144 train 0.4036 test 0.0774
epoch 36/200 loss 2.2664 train 0.3984 test 0.0715
epoch 37/200 loss 2.1812 train 0.4479 test 0.0711
epoch 38/200 loss 2.1800 train 0.4115 test 0.0657
epoch 39/200 loss 2.1263 train 0.4557 test 0.0798
epoch 40/200 loss 2.0314 train 0.5000 test 0.0821
epoch 41/200 loss 1.9228 train 0.5104 test 0.0780
epoch 42/200 loss 1.9771 train 0.4583 test 0.0852
epoch 43/200 loss 1.8349 train 0.5234 test 0.0772
epoch 44/200 loss 1.8414 train 0.5208 test 0.0721
epoch 45/200 loss 1.7694 train 0.5182 test 0.0783
epoch 46/200 loss 1.7084 train 0.5625 test 0.0815
epoch 47/200 loss 1.6622 train 0.5677 test 0.0800
epoch 48/200 loss 1.5995 train 0.5833 test 0.0813
epoch 49/200 loss 1.4748 train 0.6380 test 0.0727
epoch 50/200 loss 1.5304 train 0.6302 test 0.0766
epoch 51/200 loss 1.4702 train 0.6224 test 0.0775
epoch 52/200 loss 1.4730 train 0.6302 test 0.0752
epoch 53/200 loss 1.3727 train 0.6354 test 0.0777
epoch 54/200 loss 1.4100 train 0.6484 test 0.0785
epoch 55/200 loss 1.3715 train 0.6693 test 0.0787
epoch 56/200 loss 1.2550 train 0.6745 test 0.0753
epoch 57/200 loss 1.2235 train 0.6979 test 0.0804
epoch 58/200 loss 1.1887 train 0.6953 test 0.0845
epoch 59/200 loss 1.0704 train 0.7552 test 0.0867
epoch 60/200 loss 1.0180 train 0.7500 test 0.0803
epoch 61/200 loss 0.9275 train 0.7865 test 0.0794
epoch 62/200 loss 0.8918 train 0.7839 test 0.0758
epoch 63/200 loss 0.9474 train 0.7943 test 0.0829
epoch 64/200 loss 0.7763 train 0.8724 test 0.0838
epoch 65/200 loss 0.7209 train 0.8385 test 0.0780
epoch 66/200 loss 0.6769 train 0.8568 test 0.0792
epoch 67/200 loss 0.7106 train 0.8385 test 0.0803
epoch 68/200 loss 0.6371 train 0.8984 test 0.0890
epoch 69/200 loss 0.6139 train 0.8880 test 0.0859
epoch 70/200 loss 0.5822 train 0.8828 test 0.0870
epoch 71/200 loss 0.5320 train 0.9141 test 0.0817
epoch 72/200 loss 0.4522 train 0.9427 test 0.0868
epoch 73/200 loss 0.4589 train 0.9219 test 0.0842
epoch 74/200 loss 0.4090 train 0.9453 test 0.0799
epoch 75/200 loss 0.3557 train 0.9661 test 0.0913
epoch 76/200 loss 0.3512 train 0.9505 test 0.0882
epoch 77/200 loss 0.3151 train 0.9661 test 0.0845
epoch 78/200 loss 0.2903 train 0.9635 test 0.0878
epoch 79/200 loss 0.2730 train 0.9714 test 0.0916
epoch 80/200 loss 0.2405 train 0.9818 test 0.0884
epoch 81/200 loss 0.2442 train 0.9766 test 0.0891
epoch 82/200 loss 0.2189 train 0.9766 test 0.0886
epoch 83/200 loss 0.1924 train 0.9896 test 0.0924
epoch 84/200 loss 0.1612 train 0.9922 test 0.0848
epoch 85/200 loss 0.1605 train 0.9870 test 0.0899
epoch 86/200 loss 0.1642 train 0.9844 test 0.0883
epoch 87/200 loss 0.1577 train 0.9922 test 0.0907
epoch 88/200 loss 0.1454 train 0.9870 test 0.0887
epoch 89/200 loss 0.1289 train 0.9948 test 0.0914
epoch 90/200 loss 0.1149 train 0.9974 test 0.0899
epoch 91/200 loss 0.1064 train 1.0000 test 0.0916
epoch 92/200 loss 0.1088 train 0.9974 test 0.0955
epoch 93/200 loss 0.0857 train 1.0000 test 0.0939
epoch 94/200 loss 0.0901 train 0.9974 test 0.0925
epoch 95/200 loss 0.0816 train 1.0000 test 0.0920
epoch 96/200 loss 0.0669 train 1.0000 test 0.0958
epoch 97/200 loss 0.0691 train 0.9974 test 0.0975
epoch 98/200 loss 0.0738 train 0.9974 test 0.0951
epoch 99/200 loss 0.0581 train 1.0000 test 0.0934
epoch 100/200 loss 0.0561 train 1.0000 test 0.0957
epoch 101/200 loss 0.0640 train 0.9974 test 0.0957
epoch 102/200 loss 0.0513 train 1.0000 test 0.0977
epoch 103/200 loss 0.0568 train 1.0000 test 0.0968
epoch 104/200 loss 0.0434 train 1.0000 test 0.0962
epoch 105/200 loss 0.0472 train 1.0000 test 0.0962
epoch 106/200 loss 0.0376 train 1.0000 test 0.0957
epoch 107/200 loss 0.0493 train 1.0000 test 0.0971
epoch 108/200 loss 0.0415 train 1.0000 test 0.0960
epoch 109/200 loss 0.0408 train 1.0000 test 0.0964
epoch 110/200 loss 0.0388 train 1.0000 test 0.0975
epoch 111/200 loss 0.0357 train 0.9974 test 0.0984
epoch 112/200 loss 0.0329 train 1.0000 test 0.0994
epoch 113/200 loss 0.0325 train 1.0000 test 0.0989
epoch 114/200 loss 0.0332 train 1.0000 test 0.0980
epoch 115/200 loss 0.0335 train 1.0000 test 0.1000
epoch 116/200 loss 0.0321 train 1.0000 test 0.0985
epoch 117/200 loss 0.0320 train 1.0000 test 0.0990
epoch 118/200 loss 0.0306 train 1.0000 test 0.0992
epoch 119/200 loss 0.0292 train 1.0000 test 0.0996
epoch 120/200 loss 0.0273 train 1.0000 test 0.1000
epoch 121/200 loss 0.0278 train 1.0000 test 0.0991
epoch 122/200 loss 0.0237 train 1.0000 test 0.0993
epoch 123/200 loss 0.0239 train 1.0000 test 0.0980
epoch 124/200 loss 0.0226 train 1.0000 test 0.0991
epoch 125/200 loss 0.0265 train 1.0000 test 0.0986
epoch 126/200 loss 0.0223 train 1.0000 test 0.0989
epoch 127/200 loss 0.0207 train 1.0000 test 0.1000
epoch 128/200 loss 0.0235 train 1.0000 test 0.0999
epoch 129/200 loss 0.0222 train 1.0000 test 0.1002
epoch 130/200 loss 0.0231 train 1.0000 test 0.0992
epoch 131/200 loss 0.0218 train 1.0000 test 0.0988
epoch 132/200 loss 0.0210 train 1.0000 test 0.0999
epoch 133/200 loss 0.0246 train 1.0000 test 0.1009
epoch 134/200 loss 0.0223 train 1.0000 test 0.1006
epoch 135/200 loss 0.0192 train 1.0000 test 0.1009
epoch 136/200 loss 0.0241 train 1.0000 test 0.0999
epoch 137/200 loss 0.0214 train 1.0000 test 0.0986
epoch 138/200 loss 0.0186 train 1.0000 test 0.0973
epoch 139/200 loss 0.0187 train 1.0000 test 0.0985
epoch 140/200 loss 0.0203 train 1.0000 test 0.0991
epoch 141/200 loss 0.0232 train 1.0000 test 0.1001
epoch 142/200 loss 0.0204 train 1.0000 test 0.0996
epoch 143/200 loss 0.0211 train 1.0000 test 0.0998
epoch 144/200 loss 0.0200 train 1.0000 test 0.0993
epoch 145/200 loss 0.0192 train 1.0000 test 0.0988
epoch 146/200 loss 0.0233 train 1.0000 test 0.0986
epoch 147/200 loss 0.0200 train 1.0000 test 0.0995
epoch 148/200 loss 0.0197 train 1.0000 test 0.1003
epoch 149/200 loss 0.0210 train 1.0000 test 0.1004
epoch 150/200 loss 0.0206 train 1.0000 test 0.1008
epoch 151/200 loss 0.0184 train 1.0000 test 0.0990
epoch 152/200 loss 0.0200 train 1.0000 test 0.1004
epoch 153/200 loss 0.0180 train 1.0000 test 0.1012
epoch 154/200 loss 0.0183 train 1.0000 test 0.1015
epoch 155/200 loss 0.0182 train 1.0000 test 0.1010
epoch 156/200 loss 0.0187 train 1.0000 test 0.1010
epoch 157/200 loss 0.0179 train 1.0000 test 0.1012
epoch 158/200 loss 0.0191 train 1.0000 test 0.1006
epoch 159/200 loss 0.0214 train 1.0000 test 0.1007
epoch 160/200 loss 0.0177 train 1.0000 test 0.1001
epoch 161/200 loss 0.0197 train 1.0000 test 0.0987
epoch 162/200 loss 0.0174 train 1.0000 test 0.1008
epoch 163/200 loss 0.0202 train 1.0000 test 0.1007
epoch 164/200 loss 0.0182 train 1.0000 test 0.1001
epoch 165/200 loss 0.0222 train 1.0000 test 0.1003
epoch 166/200 loss 0.0212 train 1.0000 test 0.1013
epoch 167/200 loss 0.0180 train 1.0000 test 0.1016
epoch 168/200 loss 0.0212 train 1.0000 test 0.1016
epoch 169/200 loss 0.0168 train 1.0000 test 0.1024
epoch 170/200 loss 0.0181 train 1.0000 test 0.1024
epoch 171/200 loss 0.0205 train 1.0000 test 0.1021
epoch 172/200 loss 0.0176 train 1.0000 test 0.1023
epoch 173/200 loss 0.0179 train 1.0000 test 0.1018
epoch 174/200 loss 0.0193 train 1.0000 test 0.1006
epoch 175/200 loss 0.0154 train 1.0000 test 0.1001
epoch 176/200 loss 0.0167 train 1.0000 test 0.1002
epoch 177/200 loss 0.0167 train 1.0000 test 0.1012
epoch 178/200 loss 0.0162 train 1.0000 test 0.1007
epoch 179/200 loss 0.0175 train 1.0000 test 0.1013
epoch 180/200 loss 0.0173 train 1.0000 test 0.1006
epoch 181/200 loss 0.0178 train 1.0000 test 0.1002
epoch 182/200 loss 0.0173 train 1.0000 test 0.1008
epoch 183/200 loss 0.0179 train 1.0000 test 0.1004
epoch 184/200 loss 0.0162 train 1.0000 test 0.1004
epoch 185/200 loss 0.0161 train 1.0000 test 0.1009
epoch 186/200 loss 0.0206 train 1.0000 test 0.1001
epoch 187/200 loss 0.0157 train 1.0000 test 0.0997
epoch 188/200 loss 0.0175 train 1.0000 test 0.0998
epoch 189/200 loss 0.0178 train 1.0000 test 0.1001
epoch 190/200 loss 0.0163 train 1.0000 test 0.1001
epoch 191/200 loss 0.0195 train 1.0000 test 0.1000
epoch 192/200 loss 0.0175 train 1.0000 test 0.1004
epoch 193/200 loss 0.0164 train 1.0000 test 0.1009
epoch 194/200 loss 0.0172 train 1.0000 test 0.1010
epoch 195/200 loss 0.0166 train 1.0000 test 0.1003
epoch 196/200 loss 0.0177 train 1.0000 test 0.1002
epoch 197/200 loss 0.0167 train 1.0000 test 0.1007
epoch 198/200 loss 0.0166 train 1.0000 test 0.1004
epoch 199/200 loss 0.0176 train 1.0000 test 0.1009
epoch 200/200 loss 0.0197 train 1.0000 test 0.1005
done: final 0.1005 best 0.1024 -> ./runs/enrot_1pct/seed1
stem calibrated (True) on 1024 images
[enrot_1pct seed2] {"params_trainable": 11224740, "params_stem_trainable": 0, "params_stem_fixed_filters": 5808, "flops_total": 567371776, "flops_stem": 5947392, "flops_image_size": 32}
epoch 1/200 loss 4.6574 train 0.0052 test 0.0113
epoch 2/200 loss 4.6060 train 0.0078 test 0.0128
epoch 3/200 loss 4.5495 train 0.0156 test 0.0150
epoch 4/200 loss 4.4856 train 0.0260 test 0.0210
epoch 5/200 loss 4.4079 train 0.0365 test 0.0286
epoch 6/200 loss 4.2728 train 0.0573 test 0.0343
epoch 7/200 loss 4.1794 train 0.0599 test 0.0345
epoch 8/200 loss 4.0775 train 0.0651 test 0.0340
epoch 9/200 loss 3.9541 train 0.1042 test 0.0368
epoch 10/200 loss 3.8040 train 0.1172 test 0.0424
epoch 11/200 loss 3.7704 train 0.1484 test 0.0421
epoch 12/200 loss 3.6678 train 0.1406 test 0.0489
epoch 13/200 loss 3.6135 train 0.1250 test 0.0435
epoch 14/200 loss 3.5215 train 0.1302 test 0.0496
epoch 15/200 loss 3.3759 train 0.1797 test 0.0582
epoch 16/200 loss 3.3291 train 0.1875 test 0.0626
epoch 17/200 loss 3.2840 train 0.2057 test 0.0587
epoch 18/200 loss 3.2256 train 0.1953 test 0.0584
epoch 19/200 loss 3.1513 train 0.2370 test 0.0586
epoch 20/200 loss 3.1611 train 0.1771 test 0.0657
epoch 21/200 loss 3.0090 train 0.2448 test 0.0625
epoch 22/200 loss 2.9717 train 0.2422 test 0.0703
epoch 23/200 loss 2.9606 train 0.2474 test 0.0703
epoch 24/200 loss 2.8668 train 0.2786 test 0.0703
epoch 25/200 loss 2.8235 train 0.2734 test 0.0566
epoch 26/200 loss 2.7528 train 0.2917 test 0.0659
epoch 27/200 loss 2.7045 train 0.3151 test 0.0666
epoch 28/200 loss 2.6740 train 0.3099 test 0.0658
epoch 29/200 loss 2.6458 train 0.3385 test 0.0533
epoch 30/200 loss 2.6587 train 0.2812 test 0.0701
epoch 31/200 loss 2.6197 train 0.3151 test 0.0706
epoch 32/200 loss 2.5297 train 0.3281 test 0.0532
epoch 33/200 loss 2.4429 train 0.3464 test 0.0581
epoch 34/200 loss 2.3964 train 0.3646 test 0.0741
epoch 35/200 loss 2.3348 train 0.3958 test 0.0720
epoch 36/200 loss 2.2638 train 0.4115 test 0.0664
epoch 37/200 loss 2.2272 train 0.4036 test 0.0672
epoch 38/200 loss 2.1154 train 0.4766 test 0.0617
epoch 39/200 loss 2.0335 train 0.4844 test 0.0693
epoch 40/200 loss 2.0506 train 0.4792 test 0.0730
epoch 41/200 loss 2.0072 train 0.4479 test 0.0771
epoch 42/200 loss 1.9383 train 0.4583 test 0.0830
epoch 43/200 loss 1.9600 train 0.4557 test 0.0785
epoch 44/200 loss 1.8023 train 0.5182 test 0.0703
epoch 45/200 loss 1.8041 train 0.5469 test 0.0753
epoch 46/200 loss 1.7431 train 0.5573 test 0.0727
epoch 47/200 loss 1.7017 train 0.5234 test 0.0748
epoch 48/200 loss 1.6235 train 0.5859 test 0.0808
epoch 49/200 loss 1.5311 train 0.6302 test 0.0799
epoch 50/200 loss 1.4721 train 0.6354 test 0.0706
epoch 51/200 loss 1.4691 train 0.6302 test 0.0748
epoch 52/200 loss 1.4514 train 0.6276 test 0.0784
epoch 53/200 loss 1.4203 train 0.6589 test 0.0723
epoch 54/200 loss 1.4375 train 0.6016 test 0.0831
epoch 55/200 loss 1.2817 train 0.6693 test 0.0779
epoch 56/200 loss 1.1846 train 0.7161 test 0.0870
epoch 57/200 loss 1.1374 train 0.7448 test 0.0798
epoch 58/200 loss 1.1262 train 0.7135 test 0.0820
epoch 59/200 loss 1.0737 train 0.7240 test 0.0817
epoch 60/200 loss 0.9690 train 0.7839 test 0.0921
epoch 61/200 loss 0.9147 train 0.7995 test 0.0888
epoch 62/200 loss 0.9296 train 0.7839 test 0.0821
epoch 63/200 loss 0.8598 train 0.8125 test 0.0841
epoch 64/200 loss 0.7914 train 0.8359 test 0.0866
epoch 65/200 loss 0.7557 train 0.8490 test 0.0806
epoch 66/200 loss 0.7184 train 0.8385 test 0.0785
epoch 67/200 loss 0.7051 train 0.8438 test 0.0751
epoch 68/200 loss 0.6436 train 0.8568 test 0.0872
epoch 69/200 loss 0.6035 train 0.8828 test 0.0872
epoch 70/200 loss 0.5161 train 0.9193 test 0.0882
epoch 71/200 loss 0.5498 train 0.9010 test 0.0859
epoch 72/200 loss 0.4909 train 0.9271 test 0.0828
epoch 73/200 loss 0.4628 train 0.9375 test 0.0829
epoch 74/200 loss 0.4577 train 0.9401 test 0.0808
epoch 75/200 loss 0.3974 train 0.9323 test 0.0739
epoch 76/200 loss 0.3968 train 0.9453 test 0.0842
epoch 77/200 loss 0.3127 train 0.9688 test 0.0871
epoch 78/200 loss 0.2994 train 0.9635 test 0.0862
epoch 79/200 loss 0.3000 train 0.9583 test 0.0872
epoch 80/200 loss 0.3160 train 0.9479 test 0.0915
epoch 81/200 loss 0.2220 train 0.9818 test 0.0845
epoch 82/200 loss 0.2703 train 0.9557 test 0.0927
epoch 83/200 loss 0.2618 train 0.9714 test 0.0925
epoch 84/200 loss 0.2230 train 0.9844 test 0.0872
epoch 85/200 loss 0.1987 train 0.9792 test 0.0855
epoch 86/200 loss 0.2161 train 0.9661 test 0.0929
epoch 87/200 loss 0.2022 train 0.9844 test 0.0868
epoch 88/200 loss 0.1825 train 0.9844 test 0.0881
epoch 89/200 loss 0.1713 train 0.9818 test 0.0928
epoch 90/200 loss 0.1523 train 0.9896 test 0.0906
epoch 91/200 loss 0.1411 train 0.9870 test 0.0887
epoch 92/200 loss 0.1090 train 0.9948 test 0.0850
epoch 93/200 loss 0.1032 train 1.0000 test 0.0899
epoch 94/200 loss 0.0922 train 0.9974 test 0.0958
epoch 95/200 loss 0.0846 train 1.0000 test 0.0947
epoch 96/200 loss 0.0819 train 1.0000 test 0.0962
epoch 97/200 loss 0.0728 train 0.9974 test 0.0951
epoch 98/200 loss 0.0621 train 1.0000 test 0.0949
epoch 99/200 loss 0.0624 train 0.9974 test 0.0950
epoch 100/200 loss 0.0514 train 1.0000 test 0.0918
epoch 101/200 loss 0.0610 train 1.0000 test 0.0925
epoch 102/200 loss 0.0540 train 1.0000 test 0.0924
epoch 103/200 loss 0.0478 train 1.0000 test 0.0942
epoch 104/200 loss 0.0479 train 1.0000 test 0.0942
epoch 105/200 loss 0.0470 train 1.0000 test 0.0936
epoch 106/200 loss 0.0445 train 1.0000 test 0.0919
epoch 107/200 loss 0.0407 train 1.0000 test 0.0948
epoch 108/200 loss 0.0398 train 1.0000 test 0.0949
epoch 109/200 loss 0.0420 train 0.9974 test 0.0940
epoch 110/200 loss 0.0364 train 1.0000 test 0.0923
epoch 111/200 loss 0.0343 train 1.0000 test 0.0929
epoch 112/200 loss 0.0380 train 1.0000 test 0.0940
epoch 113/200 loss 0.0325 train 1.0000 test 0.0965
epoch 114/200 loss 0.0347 train 1.0000 test 0.0972
epoch 115/200 loss 0.0328 train 1.0000 test 0.0964
epoch 116/200 loss 0.0283 train 0.9974 test 0.0951
epoch 117/200 loss 0.0268 train 1.0000 test 0.0962
epoch 118/200 loss 0.0272 train 1.0000 test 0.0950
epoch 119/200 loss 0.0295 train 1.0000 test 0.0933
epoch 120/200 loss 0.0289 train 1.0000 test 0.0953
epoch 121/200 loss 0.0270 train 1.0000 test 0.0953
epoch 122/200 loss 0.0273 train 1.0000 test 0.0955
epoch 123/200 loss 0.0256 train 1.0000 test 0.0983
epoch 124/200 loss 0.0259 train 1.0000 test 0.0974
epoch 125/200 loss 0.0239 train 1.0000 test 0.0957
epoch 126/200 loss 0.0273 train 1.0000 test 0.0957
epoch 127/200 loss 0.0229 train 1.0000 test 0.0948
epoch 128/200 loss 0.0265 train 1.0000 test 0.0955
epoch 129/200 loss 0.0209 train 1.0000 test 0.0953
epoch 130/200 loss 0.0226 train 1.0000 test 0.0950
epoch 131/200 loss 0.0235 train 1.0000 test 0.0958
epoch 132/200 loss 0.0212 train 1.0000 test 0.0965
epoch 133/200 loss 0.0234 train 1.0000 test 0.0974
epoch 134/200 loss 0.0230 train 1.0000 test 0.0971
epoch 135/200 loss 0.0218 train 1.0000 test 0.0969
epoch 136/200 loss 0.0210 train 1.0000 test 0.0973
epoch 137/200 loss 0.0214 train 1.0000 test 0.0966
epoch 138/200 loss 0.0271 train 1.0000 test 0.0957
epoch 139/200 loss 0.0221 train 1.0000 test 0.0962
epoch 140/200 loss 0.0208 train 1.0000 test 0.0972
epoch 141/200 loss 0.0213 train 1.0000 test 0.0968
epoch 142/200 loss 0.0188 train 1.0000 test 0.0981
epoch 143/200 loss 0.0208 train 1.0000 test 0.0979
epoch 144/200 loss 0.0228 train 1.0000 test 0.0977
epoch 145/200 loss 0.0216 train 1.0000 test 0.0969
epoch 146/200 loss 0.0221 train 1.0000 test 0.0966
epoch 147/200 loss 0.0184 train 1.0000 test 0.0968
epoch 148/200 loss 0.0210 train 1.0000 test 0.0969
epoch 149/200 loss 0.0236 train 1.0000 test 0.0976
epoch 150/200 loss 0.0204 train 1.0000 test 0.0972
epoch 151/200 loss 0.0193 train 1.0000 test 0.0980
epoch 152/200 loss 0.0185 train 1.0000 test 0.0993
epoch 153/200 loss 0.0222 train 1.0000 test 0.0987
epoch 154/200 loss 0.0193 train 1.0000 test 0.0981
epoch 155/200 loss 0.0223 train 1.0000 test 0.0977
epoch 156/200 loss 0.0208 train 1.0000 test 0.0992
epoch 157/200 loss 0.0236 train 1.0000 test 0.0990
epoch 158/200 loss 0.0192 train 1.0000 test 0.1004
epoch 159/200 loss 0.0195 train 1.0000 test 0.0984
epoch 160/200 loss 0.0176 train 1.0000 test 0.0977
epoch 161/200 loss 0.0186 train 1.0000 test 0.0979
epoch 162/200 loss 0.0204 train 1.0000 test 0.0974
epoch 163/200 loss 0.0174 train 1.0000 test 0.0975
epoch 164/200 loss 0.0214 train 1.0000 test 0.0979
epoch 165/200 loss 0.0200 train 1.0000 test 0.0978
epoch 166/200 loss 0.0168 train 1.0000 test 0.0981
epoch 167/200 loss 0.0214 train 1.0000 test 0.0982
epoch 168/200 loss 0.0173 train 1.0000 test 0.0991
epoch 169/200 loss 0.0196 train 1.0000 test 0.0976
epoch 170/200 loss 0.0173 train 1.0000 test 0.0977
epoch 171/200 loss 0.0209 train 1.0000 test 0.0983
epoch 172/200 loss 0.0194 train 1.0000 test 0.0980
epoch 173/200 loss 0.0163 train 1.0000 test 0.0974
epoch 174/200 loss 0.0223 train 1.0000 test 0.0981
epoch 175/200 loss 0.0172 train 1.0000 test 0.0973
epoch 176/200 loss 0.0210 train 1.0000 test 0.0975
epoch 177/200 loss 0.0201 train 1.0000 test 0.0976
epoch 178/200 loss 0.0178 train 1.0000 test 0.0978
epoch 179/200 loss 0.0177 train 1.0000 test 0.0984
epoch 180/200 loss 0.0170 train 1.0000 test 0.0976
epoch 181/200 loss 0.0180 train 1.0000 test 0.0980
epoch 182/200 loss 0.0156 train 1.0000 test 0.0976
epoch 183/200 loss 0.0187 train 1.0000 test 0.0980
epoch 184/200 loss 0.0167 train 1.0000 test 0.0969
epoch 185/200 loss 0.0174 train 1.0000 test 0.0977
epoch 186/200 loss 0.0197 train 1.0000 test 0.0977
epoch 187/200 loss 0.0170 train 1.0000 test 0.0975
epoch 188/200 loss 0.0194 train 1.0000 test 0.0969
epoch 189/200 loss 0.0162 train 1.0000 test 0.0967
epoch 190/200 loss 0.0189 train 1.0000 test 0.0964
epoch 191/200 loss 0.0194 train 1.0000 test 0.0968
epoch 192/200 loss 0.0190 train 1.0000 test 0.0967
epoch 193/200 loss 0.0178 train 1.0000 test 0.0973
epoch 194/200 loss 0.0164 train 1.0000 test 0.0977
epoch 195/200 loss 0.0188 train 1.0000 test 0.0978
epoch 196/200 loss 0.0181 train 1.0000 test 0.0969
epoch 197/200 loss 0.0185 train 1.0000 test 0.0980
epoch 198/200 loss 0.0161 train 1.0000 test 0.0979
epoch 199/200 loss 0.0179 train 1.0000 test 0.0973
epoch 200/200 loss 0.0168 train 1.0000 test 0.0970
done: final 0.0970 best 0.1004 -> ./runs/enrot_1pct/seed2
stem calibrated (True) on 1024 images
[enstr_1pct seed0] {"params_trainable": 11225316, "params_stem_trainable": 0, "params_stem_fixed_filters": 1089, "flops_total": 563872768, "flops_stem": 1858560, "flops_image_size": 32}
epoch 1/200 loss 4.6357 train 0.0078 test 0.0124
epoch 2/200 loss 4.5704 train 0.0156 test 0.0133
epoch 3/200 loss 4.5203 train 0.0286 test 0.0185
epoch 4/200 loss 4.4336 train 0.0339 test 0.0244
epoch 5/200 loss 4.3368 train 0.0417 test 0.0307
epoch 6/200 loss 4.2211 train 0.0469 test 0.0305
epoch 7/200 loss 4.1123 train 0.0729 test 0.0382
epoch 8/200 loss 4.0807 train 0.0729 test 0.0410
epoch 9/200 loss 3.9561 train 0.0938 test 0.0394
epoch 10/200 loss 3.8464 train 0.0911 test 0.0369
epoch 11/200 loss 3.7788 train 0.1224 test 0.0434
epoch 12/200 loss 3.7354 train 0.1068 test 0.0510
epoch 13/200 loss 3.5882 train 0.1458 test 0.0520
epoch 14/200 loss 3.5574 train 0.1406 test 0.0520
epoch 15/200 loss 3.5048 train 0.1094 test 0.0548
epoch 16/200 loss 3.4182 train 0.1432 test 0.0523
epoch 17/200 loss 3.3681 train 0.1771 test 0.0539
epoch 18/200 loss 3.2109 train 0.2005 test 0.0587
epoch 19/200 loss 3.2455 train 0.1901 test 0.0610
epoch 20/200 loss 3.1485 train 0.2083 test 0.0587
epoch 21/200 loss 3.0850 train 0.2057 test 0.0594
epoch 22/200 loss 3.0103 train 0.2318 test 0.0664
epoch 23/200 loss 2.9656 train 0.2630 test 0.0663
epoch 24/200 loss 2.9247 train 0.2526 test 0.0727
epoch 25/200 loss 2.8186 train 0.2760 test 0.0721
epoch 26/200 loss 2.7407 train 0.3125 test 0.0683
epoch 27/200 loss 2.7255 train 0.3151 test 0.0653
epoch 28/200 loss 2.7259 train 0.2708 test 0.0717
epoch 29/200 loss 2.6331 train 0.3281 test 0.0707
epoch 30/200 loss 2.5229 train 0.3438 test 0.0655
epoch 31/200 loss 2.5737 train 0.3203 test 0.0655
epoch 32/200 loss 2.5856 train 0.3047 test 0.0658
epoch 33/200 loss 2.3733 train 0.3854 test 0.0755
epoch 34/200 loss 2.3356 train 0.3958 test 0.0776
epoch 35/200 loss 2.3071 train 0.4062 test 0.0704
epoch 36/200 loss 2.2794 train 0.4427 test 0.0758
epoch 37/200 loss 2.1525 train 0.4453 test 0.0784
epoch 38/200 loss 2.1666 train 0.4141 test 0.0730
epoch 39/200 loss 2.1503 train 0.4193 test 0.0773
epoch 40/200 loss 2.0446 train 0.4688 test 0.0821
epoch 41/200 loss 2.0268 train 0.4557 test 0.0787
epoch 42/200 loss 2.0331 train 0.4740 test 0.0801
epoch 43/200 loss 1.9008 train 0.4896 test 0.0755
epoch 44/200 loss 1.8854 train 0.5234 test 0.0698
epoch 45/200 loss 1.9171 train 0.4661 test 0.0796
epoch 46/200 loss 1.7253 train 0.5547 test 0.0831
epoch 47/200 loss 1.6911 train 0.6068 test 0.0766
epoch 48/200 loss 1.7518 train 0.5573 test 0.0844
epoch 49/200 loss 1.6937 train 0.5469 test 0.0832
epoch 50/200 loss 1.5948 train 0.5833 test 0.0754
epoch 51/200 loss 1.5941 train 0.5859 test 0.0752
epoch 52/200 loss 1.4313 train 0.6536 test 0.0825
epoch 53/200 loss 1.4691 train 0.6302 test 0.0790
epoch 54/200 loss 1.4255 train 0.6458 test 0.0778
epoch 55/200 loss 1.3791 train 0.6458 test 0.0798
epoch 56/200 loss 1.4383 train 0.6016 test 0.0742
epoch 57/200 loss 1.3096 train 0.6562 test 0.0806
epoch 58/200 loss 1.3072 train 0.6615 test 0.0711
epoch 59/200 loss 1.1685 train 0.7109 test 0.0821
epoch 60/200 loss 1.1629 train 0.6927 test 0.0808
epoch 61/200 loss 1.0945 train 0.7604 test 0.0773
epoch 62/200 loss 1.0492 train 0.7370 test 0.0731
epoch 63/200 loss 1.0276 train 0.7526 test 0.0784
epoch 64/200 loss 0.9958 train 0.7396 test 0.0806
epoch 65/200 loss 0.9307 train 0.7839 test 0.0792
epoch 66/200 loss 0.9489 train 0.7943 test 0.0775
epoch 67/200 loss 0.9285 train 0.8073 test 0.0807
epoch 68/200 loss 0.8529 train 0.8073 test 0.0823
epoch 69/200 loss 0.8497 train 0.8203 test 0.0752
epoch 70/200 loss 0.7875 train 0.8281 test 0.0775
epoch 71/200 loss 0.7140 train 0.8594 test 0.0852
epoch 72/200 loss 0.6648 train 0.8698 test 0.0870
epoch 73/200 loss 0.5927 train 0.9141 test 0.0778
epoch 74/200 loss 0.5936 train 0.8906 test 0.0790
epoch 75/200 loss 0.5857 train 0.8958 test 0.0823
epoch 76/200 loss 0.5664 train 0.8828 test 0.0842
epoch 77/200 loss 0.5472 train 0.8750 test 0.0842
epoch 78/200 loss 0.4819 train 0.8984 test 0.0793
epoch 79/200 loss 0.4627 train 0.9062 test 0.0785
epoch 80/200 loss 0.4617 train 0.9167 test 0.0873
epoch 81/200 loss 0.3539 train 0.9531 test 0.0863
epoch 82/200 loss 0.3793 train 0.9245 test 0.0833
epoch 83/200 loss 0.3283 train 0.9714 test 0.0806
epoch 84/200 loss 0.3492 train 0.9453 test 0.0839
epoch 85/200 loss 0.3266 train 0.9349 test 0.0789
epoch 86/200 loss 0.3011 train 0.9557 test 0.0808
epoch 87/200 loss 0.3127 train 0.9401 test 0.0860
epoch 88/200 loss 0.2165 train 0.9870 test 0.0890
epoch 89/200 loss 0.3116 train 0.9531 test 0.0872
epoch 90/200 loss 0.2509 train 0.9635 test 0.0875
epoch 91/200 loss 0.2286 train 0.9661 test 0.0823
epoch 92/200 loss 0.2404 train 0.9688 test 0.0870
epoch 93/200 loss 0.1910 train 0.9818 test 0.0887
epoch 94/200 loss 0.2090 train 0.9714 test 0.0884
epoch 95/200 loss 0.1658 train 0.9896 test 0.0909
epoch 96/200 loss 0.1549 train 0.9922 test 0.0910
epoch 97/200 loss 0.1436 train 0.9922 test 0.0922
epoch 98/200 loss 0.1175 train 0.9948 test 0.0875
epoch 99/200 loss 0.1250 train 0.9896 test 0.0906
epoch 100/200 loss 0.0960 train 0.9948 test 0.0891
epoch 101/200 loss 0.0922 train 0.9974 test 0.0893
epoch 102/200 loss 0.0800 train 1.0000 test 0.0899
epoch 103/200 loss 0.0816 train 0.9974 test 0.0897
epoch 104/200 loss 0.0721 train 1.0000 test 0.0911
epoch 105/200 loss 0.0710 train 0.9974 test 0.0932
epoch 106/200 loss 0.0609 train 1.0000 test 0.0927
epoch 107/200 loss 0.0632 train 1.0000 test 0.0931
epoch 108/200 loss 0.0648 train 1.0000 test 0.0918
epoch 109/200 loss 0.0561 train 1.0000 test 0.0917
epoch 110/200 loss 0.0497 train 1.0000 test 0.0933
epoch 111/200 loss 0.0461 train 1.0000 test 0.0930
epoch 112/200 loss 0.0477 train 1.0000 test 0.0930
epoch 113/200 loss 0.0414 train 1.0000 test 0.0920
epoch 114/200 loss 0.0408 train 1.0000 test 0.0922
epoch 115/200 loss 0.0456 train 1.0000 test 0.0934
epoch 116/200 loss 0.0372 train 1.0000 test 0.0955
epoch 117/200 loss 0.0473 train 1.0000 test 0.0964
epoch 118/200 loss 0.0433 train 0.9974 test 0.0951
epoch 119/200 loss 0.0383 train 1.0000 test 0.0938
epoch 120/200 loss 0.0483 train 0.9974 test 0.0952
epoch 121/200 loss 0.0353 train 1.0000 test 0.0945
epoch 122/200 loss 0.0341 train 1.0000 test 0.0939
epoch 123/200 loss 0.0357 train 1.0000 test 0.0933
epoch 124/200 loss 0.0441 train 1.0000 test 0.0925
epoch 125/200 loss 0.0304 train 1.0000 test 0.0932
epoch 126/200 loss 0.0293 train 1.0000 test 0.0940
epoch 127/200 loss 0.0298 train 1.0000 test 0.0955
epoch 128/200 loss 0.0354 train 1.0000 test 0.0952
epoch 129/200 loss 0.0298 train 1.0000 test 0.0931
epoch 130/200 loss 0.0302 train 1.0000 test 0.0935
epoch 131/200 loss 0.0251 train 1.0000 test 0.0934
epoch 132/200 loss 0.0289 train 1.0000 test 0.0956
epoch 133/200 loss 0.0277 train 1.0000 test 0.0955
epoch 134/200 loss 0.0280 train 1.0000 test 0.0965
epoch 135/200 loss 0.0278 train 1.0000 test 0.0960
epoch 136/200 loss 0.0265 train 1.0000 test 0.0946
epoch 137/200 loss 0.0256 train 1.0000 test 0.0933
epoch 138/200 loss 0.0304 train 1.0000 test 0.0934
epoch 139/200 loss 0.0298 train 1.0000 test 0.0921
epoch 140/200 loss 0.0275 train 1.0000 test 0.0943
epoch 141/200 loss 0.0240 train 1.0000 test 0.0934
epoch 142/200 loss 0.0289 train 1.0000 test 0.0954
epoch 143/200 loss 0.0290 train 1.0000 test 0.0948
epoch 144/200 loss 0.0259 train 1.0000 test 0.0947
epoch 145/200 loss 0.0324 train 1.0000 test 0.0938
epoch 146/200 loss 0.0230 train 1.0000 test 0.0936
epoch 147/200 loss 0.0221 train 1.0000 test 0.0929
epoch 148/200 loss 0.0243 train 1.0000 test 0.0930
epoch 149/200 loss 0.0221 train 1.0000 test 0.0939
epoch 150/200 loss 0.0226 train 1.0000 test 0.0942
epoch 151/200 loss 0.0226 train 1.0000 test 0.0941
epoch 152/200 loss 0.0285 train 1.0000 test 0.0943
epoch 153/200 loss 0.0241 train 1.0000 test 0.0948
epoch 154/200 loss 0.0225 train 1.0000 test 0.0949
epoch 155/200 loss 0.0213 train 1.0000 test 0.0950
epoch 156/200 loss 0.0221 train 1.0000 test 0.0955
epoch 157/200 loss 0.0224 train 1.0000 test 0.0957
epoch 158/200 loss 0.0214 train 1.0000 test 0.0955
epoch 159/200 loss 0.0224 train 1.0000 test 0.0952
epoch 160/200 loss 0.0253 train 0.9974 test 0.0947
epoch 161/200 loss 0.0220 train 1.0000 test 0.0946
epoch 162/200 loss 0.0220 train 1.0000 test 0.0939
epoch 163/200 loss 0.0227 train 1.0000 test 0.0943
epoch 164/200 loss 0.0208 train 1.0000 test 0.0945
epoch 165/200 loss 0.0216 train 1.0000 test 0.0944
epoch 166/200 loss 0.0239 train 1.0000 test 0.0936
epoch 167/200 loss 0.0208 train 1.0000 test 0.0935
epoch 168/200 loss 0.0205 train 1.0000 test 0.0933
epoch 169/200 loss 0.0196 train 1.0000 test 0.0930
epoch 170/200 loss 0.0227 train 1.0000 test 0.0931
epoch 171/200 loss 0.0188 train 1.0000 test 0.0936
epoch 172/200 loss 0.0209 train 1.0000 test 0.0942
epoch 173/200 loss 0.0233 train 1.0000 test 0.0941
epoch 174/200 loss 0.0194 train 1.0000 test 0.0944
epoch 175/200 loss 0.0230 train 1.0000 test 0.0940
epoch 176/200 loss 0.0224 train 1.0000 test 0.0943
epoch 177/200 loss 0.0200 train 1.0000 test 0.0945
epoch 178/200 loss 0.0205 train 1.0000 test 0.0942
epoch 179/200 loss 0.0196 train 1.0000 test 0.0939
epoch 180/200 loss 0.0246 train 1.0000 test 0.0935
epoch 181/200 loss 0.0222 train 1.0000 test 0.0943
epoch 182/200 loss 0.0202 train 1.0000 test 0.0939
epoch 183/200 loss 0.0250 train 1.0000 test 0.0933
epoch 184/200 loss 0.0194 train 1.0000 test 0.0942
epoch 185/200 loss 0.0243 train 1.0000 test 0.0935
epoch 186/200 loss 0.0260 train 1.0000 test 0.0940
epoch 187/200 loss 0.0195 train 1.0000 test 0.0937
epoch 188/200 loss 0.0247 train 1.0000 test 0.0938
epoch 189/200 loss 0.0230 train 1.0000 test 0.0944
epoch 190/200 loss 0.0200 train 1.0000 test 0.0937
epoch 191/200 loss 0.0210 train 1.0000 test 0.0945
epoch 192/200 loss 0.0187 train 1.0000 test 0.0946
epoch 193/200 loss 0.0195 train 1.0000 test 0.0950
epoch 194/200 loss 0.0205 train 1.0000 test 0.0944
epoch 195/200 loss 0.0195 train 1.0000 test 0.0946
epoch 196/200 loss 0.0242 train 1.0000 test 0.0945
epoch 197/200 loss 0.0246 train 1.0000 test 0.0950
epoch 198/200 loss 0.0208 train 1.0000 test 0.0946
epoch 199/200 loss 0.0220 train 1.0000 test 0.0939
epoch 200/200 loss 0.0206 train 1.0000 test 0.0940
done: final 0.0940 best 0.0965 -> ./runs/enstr_1pct/seed0
stem calibrated (True) on 1024 images
[enstr_1pct seed1] {"params_trainable": 11225316, "params_stem_trainable": 0, "params_stem_fixed_filters": 1089, "flops_total": 563872768, "flops_stem": 1858560, "flops_image_size": 32}
epoch 1/200 loss 4.6350 train 0.0104 test 0.0110
epoch 2/200 loss 4.5887 train 0.0208 test 0.0143
epoch 3/200 loss 4.5492 train 0.0339 test 0.0230
epoch 4/200 loss 4.4927 train 0.0286 test 0.0256
epoch 5/200 loss 4.4320 train 0.0443 test 0.0267
epoch 6/200 loss 4.3169 train 0.0599 test 0.0324
epoch 7/200 loss 4.2460 train 0.0729 test 0.0320
epoch 8/200 loss 4.1688 train 0.0625 test 0.0359
epoch 9/200 loss 4.0666 train 0.0833 test 0.0363
epoch 10/200 loss 3.9903 train 0.0911 test 0.0419
epoch 11/200 loss 3.9224 train 0.0964 test 0.0416
epoch 12/200 loss 3.8493 train 0.1120 test 0.0395
epoch 13/200 loss 3.7688 train 0.1016 test 0.0418
epoch 14/200 loss 3.6556 train 0.1354 test 0.0448
epoch 15/200 loss 3.6573 train 0.1146 test 0.0486
epoch 16/200 loss 3.5240 train 0.1432 test 0.0516
epoch 17/200 loss 3.4646 train 0.1458 test 0.0573
epoch 18/200 loss 3.3705 train 0.1927 test 0.0555
epoch 19/200 loss 3.3502 train 0.1927 test 0.0538
epoch 20/200 loss 3.3112 train 0.1745 test 0.0556
epoch 21/200 loss 3.2215 train 0.1927 test 0.0608
epoch 22/200 loss 3.1940 train 0.2083 test 0.0643
epoch 23/200 loss 3.1442 train 0.2188 test 0.0613
epoch 24/200 loss 3.0219 train 0.2422 test 0.0603
epoch 25/200 loss 2.9938 train 0.2500 test 0.0650
epoch 26/200 loss 2.9033 train 0.2656 test 0.0679
epoch 27/200 loss 2.8899 train 0.2786 test 0.0653
epoch 28/200 loss 2.8252 train 0.2943 test 0.0645
epoch 29/200 loss 2.7395 train 0.2891 test 0.0635
epoch 30/200 loss 2.7552 train 0.2604 test 0.0661
epoch 31/200 loss 2.6611 train 0.2734 test 0.0644
epoch 32/200 loss 2.6150 train 0.3229 test 0.0674
epoch 33/200 loss 2.5372 train 0.3542 test 0.0746
epoch 34/200 loss 2.5425 train 0.3594 test 0.0797
epoch 35/200 loss 2.4280 train 0.3568 test 0.0768
epoch 36/200 loss 2.4640 train 0.3750 test 0.0743
epoch 37/200 loss 2.4171 train 0.3542 test 0.0703
epoch 38/200 loss 2.3806 train 0.3620 test 0.0728
epoch 39/200 loss 2.3040 train 0.3828 test 0.0712
epoch 40/200 loss 2.2302 train 0.4219 test 0.0743
epoch 41/200 loss 2.1877 train 0.4375 test 0.0753
epoch 42/200 loss 2.1374 train 0.4661 test 0.0753
epoch 43/200 loss 2.1249 train 0.4349 test 0.0772
epoch 44/200 loss 2.1294 train 0.4167 test 0.0820
epoch 45/200 loss 1.9671 train 0.4818 test 0.0778
epoch 46/200 loss 1.9513 train 0.4922 test 0.0744
epoch 47/200 loss 1.9131 train 0.4635 test 0.0832
epoch 48/200 loss 1.8621 train 0.4818 test 0.0767
epoch 49/200 loss 1.7773 train 0.5469 test 0.0737
epoch 50/200 loss 1.7555 train 0.5521 test 0.0726
epoch 51/200 loss 1.7036 train 0.5521 test 0.0768
epoch 52/200 loss 1.7383 train 0.5339 test 0.0772
epoch 53/200 loss 1.6386 train 0.5469 test 0.0726
epoch 54/200 loss 1.6649 train 0.5417 test 0.0681
epoch 55/200 loss 1.5114 train 0.6068 test 0.0808
epoch 56/200 loss 1.4783 train 0.6276 test 0.0800
epoch 57/200 loss 1.3601 train 0.6771 test 0.0694
epoch 58/200 loss 1.4419 train 0.5990 test 0.0783
epoch 59/200 loss 1.2975 train 0.6875 test 0.0775
epoch 60/200 loss 1.2968 train 0.6745 test 0.0814
epoch 61/200 loss 1.2142 train 0.7005 test 0.0761
epoch 62/200 loss 1.1875 train 0.6823 test 0.0785
epoch 63/200 loss 1.2164 train 0.7214 test 0.0802
epoch 64/200 loss 1.1106 train 0.7370 test 0.0750
epoch 65/200 loss 1.0552 train 0.7552 test 0.0799
epoch 66/200 loss 0.9812 train 0.7786 test 0.0812
epoch 67/200 loss 0.9561 train 0.7552 test 0.0777
epoch 68/200 loss 0.9715 train 0.7734 test 0.0820
epoch 69/200 loss 0.9040 train 0.7917 test 0.0821
epoch 70/200 loss 0.9116 train 0.7786 test 0.0796
epoch 71/200 loss 0.8149 train 0.8073 test 0.0821
epoch 72/200 loss 0.7800 train 0.8281 test 0.0816
epoch 73/200 loss 0.7467 train 0.8099 test 0.0841
epoch 74/200 loss 0.7366 train 0.8281 test 0.0815
epoch 75/200 loss 0.6323 train 0.8932 test 0.0792
epoch 76/200 loss 0.6142 train 0.8958 test 0.0789
epoch 77/200 loss 0.5587 train 0.9010 test 0.0721
epoch 78/200 loss 0.5135 train 0.9219 test 0.0777
epoch 79/200 loss 0.5484 train 0.8932 test 0.0866
epoch 80/200 loss 0.4654 train 0.9349 test 0.0783
epoch 81/200 loss 0.4850 train 0.9062 test 0.0800
epoch 82/200 loss 0.4591 train 0.9297 test 0.0796
epoch 83/200 loss 0.3921 train 0.9609 test 0.0810
epoch 84/200 loss 0.3469 train 0.9609 test 0.0767
epoch 85/200 loss 0.2962 train 0.9792 test 0.0743
epoch 86/200 loss 0.3285 train 0.9531 test 0.0813
epoch 87/200 loss 0.3101 train 0.9635 test 0.0864
epoch 88/200 loss 0.2695 train 0.9792 test 0.0854
epoch 89/200 loss 0.2758 train 0.9792 test 0.0834
epoch 90/200 loss 0.2535 train 0.9714 test 0.0848
epoch 91/200 loss 0.2191 train 0.9818 test 0.0855
epoch 92/200 loss 0.2670 train 0.9609 test 0.0939
epoch 93/200 loss 0.1905 train 0.9870 test 0.0881
epoch 94/200 loss 0.1856 train 0.9870 test 0.0888
epoch 95/200 loss 0.1924 train 0.9714 test 0.0871
epoch 96/200 loss 0.1653 train 0.9896 test 0.0877
epoch 97/200 loss 0.1791 train 0.9740 test 0.0912
epoch 98/200 loss 0.1452 train 0.9922 test 0.0884
epoch 99/200 loss 0.1164 train 0.9948 test 0.0874
epoch 100/200 loss 0.1172 train 0.9948 test 0.0866
epoch 101/200 loss 0.1235 train 0.9948 test 0.0858
epoch 102/200 loss 0.1156 train 0.9948 test 0.0849
epoch 103/200 loss 0.1109 train 1.0000 test 0.0873
epoch 104/200 loss 0.0955 train 0.9948 test 0.0860
epoch 105/200 loss 0.0959 train 1.0000 test 0.0896
epoch 106/200 loss 0.0809 train 1.0000 test 0.0946
epoch 107/200 loss 0.1087 train 0.9922 test 0.0885
epoch 108/200 loss 0.1069 train 0.9948 test 0.0878
epoch 109/200 loss 0.0821 train 0.9974 test 0.0885
epoch 110/200 loss 0.0960 train 0.9948 test 0.0878
epoch 111/200 loss 0.0718 train 1.0000 test 0.0847
epoch 112/200 loss 0.0701 train 1.0000 test 0.0855
epoch 113/200 loss 0.0698 train 0.9974 test 0.0901
epoch 114/200 loss 0.0665 train 1.0000 test 0.0906
epoch 115/200 loss 0.0951 train 0.9948 test 0.0904
epoch 116/200 loss 0.0715 train 0.9974 test 0.0859
epoch 117/200 loss 0.0919 train 0.9922 test 0.0855
epoch 118/200 loss 0.0755 train 0.9974 test 0.0856
epoch 119/200 loss 0.0750 train 0.9974 test 0.0872
epoch 120/200 loss 0.0683 train 0.9948 test 0.0907
epoch 121/200 loss 0.0627 train 1.0000 test 0.0886
epoch 122/200 loss 0.0557 train 1.0000 test 0.0893
epoch 123/200 loss 0.0511 train 1.0000 test 0.0893
epoch 124/200 loss 0.0501 train 1.0000 test 0.0871
epoch 125/200 loss 0.0572 train 1.0000 test 0.0873
epoch 126/200 loss 0.0417 train 1.0000 test 0.0902
epoch 127/200 loss 0.0344 train 1.0000 test 0.0936
epoch 128/200 loss 0.0447 train 1.0000 test 0.0921
epoch 129/200 loss 0.0343 train 1.0000 test 0.0928
epoch 130/200 loss 0.0368 train 1.0000 test 0.0910
epoch 131/200 loss 0.0378 train 1.0000 test 0.0898
epoch 132/200 loss 0.0330 train 1.0000 test 0.0900
epoch 133/200 loss 0.0352 train 1.0000 test 0.0912
epoch 134/200 loss 0.0329 train 1.0000 test 0.0905
epoch 135/200 loss 0.0306 train 1.0000 test 0.0901
epoch 136/200 loss 0.0332 train 1.0000 test 0.0904
epoch 137/200 loss 0.0296 train 1.0000 test 0.0905
epoch 138/200 loss 0.0270 train 1.0000 test 0.0913
epoch 139/200 loss 0.0297 train 1.0000 test 0.0922
epoch 140/200 loss 0.0278 train 1.0000 test 0.0929
epoch 141/200 loss 0.0275 train 1.0000 test 0.0929
epoch 142/200 loss 0.0293 train 1.0000 test 0.0927
epoch 143/200 loss 0.0297 train 1.0000 test 0.0931
epoch 144/200 loss 0.0288 train 1.0000 test 0.0929
epoch 145/200 loss 0.0275 train 1.0000 test 0.0922
epoch 146/200 loss 0.0335 train 1.0000 test 0.0914
epoch 147/200 loss 0.0284 train 1.0000 test 0.0915
epoch 148/200 loss 0.0278 train 1.0000 test 0.0915
epoch 149/200 loss 0.0266 train 1.0000 test 0.0924
epoch 150/200 loss 0.0273 train 1.0000 test 0.0917
epoch 151/200 loss 0.0263 train 1.0000 test 0.0909
epoch 152/200 loss 0.0289 train 1.0000 test 0.0912
epoch 153/200 loss 0.0247 train 1.0000 test 0.0915
epoch 154/200 loss 0.0250 train 1.0000 test 0.0907
epoch 155/200 loss 0.0247 train 1.0000 test 0.0913
epoch 156/200 loss 0.0282 train 1.0000 test 0.0914
epoch 157/200 loss 0.0239 train 1.0000 test 0.0922
epoch 158/200 loss 0.0258 train 1.0000 test 0.0930
epoch 159/200 loss 0.0282 train 1.0000 test 0.0917
epoch 160/200 loss 0.0221 train 1.0000 test 0.0913
epoch 161/200 loss 0.0232 train 1.0000 test 0.0907
epoch 162/200 loss 0.0228 train 1.0000 test 0.0914
epoch 163/200 loss 0.0237 train 1.0000 test 0.0910
epoch 164/200 loss 0.0233 train 1.0000 test 0.0910
epoch 165/200 loss 0.0315 train 1.0000 test 0.0908
epoch 166/200 loss 0.0240 train 1.0000 test 0.0898
epoch 167/200 loss 0.0252 train 1.0000 test 0.0902
epoch 168/200 loss 0.0338 train 1.0000 test 0.0900
epoch 169/200 loss 0.0225 train 1.0000 test 0.0899
epoch 170/200 loss 0.0242 train 1.0000 test 0.0907
epoch 171/200 loss 0.0259 train 1.0000 test 0.0914
epoch 172/200 loss 0.0216 train 1.0000 test 0.0913
epoch 173/200 loss 0.0245 train 1.0000 test 0.0915
epoch 174/200 loss 0.0235 train 1.0000 test 0.0918
epoch 175/200 loss 0.0182 train 1.0000 test 0.0916
epoch 176/200 loss 0.0198 train 1.0000 test 0.0914
epoch 177/200 loss 0.0212 train 1.0000 test 0.0905
epoch 178/200 loss 0.0215 train 1.0000 test 0.0908
epoch 179/200 loss 0.0225 train 1.0000 test 0.0907
epoch 180/200 loss 0.0244 train 1.0000 test 0.0905
epoch 181/200 loss 0.0245 train 1.0000 test 0.0898
epoch 182/200 loss 0.0229 train 1.0000 test 0.0903
epoch 183/200 loss 0.0222 train 1.0000 test 0.0908
epoch 184/200 loss 0.0229 train 1.0000 test 0.0903
epoch 185/200 loss 0.0216 train 1.0000 test 0.0902
epoch 186/200 loss 0.0275 train 1.0000 test 0.0900
epoch 187/200 loss 0.0201 train 1.0000 test 0.0899
epoch 188/200 loss 0.0201 train 1.0000 test 0.0899
epoch 189/200 loss 0.0244 train 1.0000 test 0.0901
epoch 190/200 loss 0.0216 train 1.0000 test 0.0903
epoch 191/200 loss 0.0260 train 1.0000 test 0.0907
epoch 192/200 loss 0.0231 train 1.0000 test 0.0906
epoch 193/200 loss 0.0206 train 1.0000 test 0.0898
epoch 194/200 loss 0.0239 train 1.0000 test 0.0899
epoch 195/200 loss 0.0207 train 1.0000 test 0.0904
epoch 196/200 loss 0.0226 train 1.0000 test 0.0904
epoch 197/200 loss 0.0237 train 1.0000 test 0.0903
epoch 198/200 loss 0.0214 train 1.0000 test 0.0910
epoch 199/200 loss 0.0223 train 1.0000 test 0.0905
epoch 200/200 loss 0.0229 train 1.0000 test 0.0908
done: final 0.0908 best 0.0946 -> ./runs/enstr_1pct/seed1
stem calibrated (True) on 1024 images
[enstr_1pct seed2] {"params_trainable": 11225316, "params_stem_trainable": 0, "params_stem_fixed_filters": 1089, "flops_total": 563872768, "flops_stem": 1858560, "flops_image_size": 32}
epoch 1/200 loss 4.6353 train 0.0052 test 0.0139
epoch 2/200 loss 4.5846 train 0.0104 test 0.0111
epoch 3/200 loss 4.5116 train 0.0260 test 0.0179
epoch 4/200 loss 4.4339 train 0.0312 test 0.0258
epoch 5/200 loss 4.3956 train 0.0443 test 0.0270
epoch 6/200 loss 4.2734 train 0.0521 test 0.0325
epoch 7/200 loss 4.1775 train 0.0703 test 0.0375
epoch 8/200 loss 4.0734 train 0.0625 test 0.0339
epoch 9/200 loss 3.9816 train 0.0807 test 0.0342
epoch 10/200 loss 3.7953 train 0.0990 test 0.0415
epoch 11/200 loss 3.7928 train 0.1328 test 0.0465
epoch 12/200 loss 3.7368 train 0.1068 test 0.0496
epoch 13/200 loss 3.6485 train 0.1406 test 0.0498
epoch 14/200 loss 3.6037 train 0.1120 test 0.0514
epoch 15/200 loss 3.4458 train 0.1641 test 0.0460
epoch 16/200 loss 3.4158 train 0.1745 test 0.0568
epoch 17/200 loss 3.3570 train 0.1849 test 0.0594
epoch 18/200 loss 3.3053 train 0.1979 test 0.0578
epoch 19/200 loss 3.2478 train 0.1927 test 0.0599
epoch 20/200 loss 3.2671 train 0.1979 test 0.0593
epoch 21/200 loss 3.0955 train 0.2135 test 0.0611
epoch 22/200 loss 3.0148 train 0.2344 test 0.0642
epoch 23/200 loss 3.0401 train 0.2266 test 0.0670
epoch 24/200 loss 2.9103 train 0.2734 test 0.0694
epoch 25/200 loss 2.9003 train 0.2786 test 0.0685
epoch 26/200 loss 2.8639 train 0.2552 test 0.0690
epoch 27/200 loss 2.7776 train 0.2865 test 0.0671
epoch 28/200 loss 2.7831 train 0.2630 test 0.0660
epoch 29/200 loss 2.7170 train 0.2760 test 0.0688
epoch 30/200 loss 2.7257 train 0.2812 test 0.0672
epoch 31/200 loss 2.6788 train 0.2786 test 0.0678
epoch 32/200 loss 2.6072 train 0.3125 test 0.0706
epoch 33/200 loss 2.5225 train 0.3568 test 0.0758
epoch 34/200 loss 2.4683 train 0.3438 test 0.0765
epoch 35/200 loss 2.4503 train 0.3385 test 0.0740
epoch 36/200 loss 2.3660 train 0.3698 test 0.0767
epoch 37/200 loss 2.3235 train 0.4193 test 0.0782
epoch 38/200 loss 2.2615 train 0.3698 test 0.0761
epoch 39/200 loss 2.1234 train 0.4531 test 0.0746
epoch 40/200 loss 2.1360 train 0.4505 test 0.0800
epoch 41/200 loss 2.0821 train 0.4453 test 0.0767
epoch 42/200 loss 2.0455 train 0.4297 test 0.0764
epoch 43/200 loss 2.0457 train 0.4219 test 0.0742
epoch 44/200 loss 1.9165 train 0.4714 test 0.0735
epoch 45/200 loss 1.8980 train 0.5130 test 0.0763
epoch 46/200 loss 1.8608 train 0.5026 test 0.0722
epoch 47/200 loss 1.7959 train 0.5208 test 0.0711
epoch 48/200 loss 1.6961 train 0.5651 test 0.0726
epoch 49/200 loss 1.6612 train 0.5990 test 0.0786
epoch 50/200 loss 1.5383 train 0.6302 test 0.0720
epoch 51/200 loss 1.5508 train 0.6042 test 0.0771
epoch 52/200 loss 1.5776 train 0.5859 test 0.0719
epoch 53/200 loss 1.4500 train 0.6432 test 0.0789
epoch 54/200 loss 1.4844 train 0.6172 test 0.0783
epoch 55/200 loss 1.3589 train 0.6693 test 0.0757
epoch 56/200 loss 1.3403 train 0.6589 test 0.0798
epoch 57/200 loss 1.2846 train 0.6901 test 0.0810
epoch 58/200 loss 1.2317 train 0.7057 test 0.0785
epoch 59/200 loss 1.2034 train 0.6693 test 0.0827
epoch 60/200 loss 1.1380 train 0.7240 test 0.0767
epoch 61/200 loss 1.1236 train 0.7031 test 0.0843
epoch 62/200 loss 1.1063 train 0.7344 test 0.0802
epoch 63/200 loss 1.0464 train 0.7474 test 0.0778
epoch 64/200 loss 0.9696 train 0.7786 test 0.0774
epoch 65/200 loss 0.9428 train 0.7708 test 0.0777
epoch 66/200 loss 0.9779 train 0.7396 test 0.0757
epoch 67/200 loss 0.9360 train 0.7682 test 0.0712
epoch 68/200 loss 0.7804 train 0.8438 test 0.0805
epoch 69/200 loss 0.7955 train 0.8359 test 0.0838
epoch 70/200 loss 0.7156 train 0.8438 test 0.0861
epoch 71/200 loss 0.6358 train 0.8646 test 0.0794
epoch 72/200 loss 0.6478 train 0.8698 test 0.0785
epoch 73/200 loss 0.5523 train 0.9036 test 0.0843
epoch 74/200 loss 0.5639 train 0.8958 test 0.0839
epoch 75/200 loss 0.5241 train 0.8984 test 0.0840
epoch 76/200 loss 0.5152 train 0.9115 test 0.0835
epoch 77/200 loss 0.4928 train 0.9089 test 0.0819
epoch 78/200 loss 0.4448 train 0.9323 test 0.0876
epoch 79/200 loss 0.4133 train 0.9401 test 0.0792
epoch 80/200 loss 0.3775 train 0.9427 test 0.0799
epoch 81/200 loss 0.3365 train 0.9479 test 0.0827
epoch 82/200 loss 0.3151 train 0.9479 test 0.0840
epoch 83/200 loss 0.3037 train 0.9740 test 0.0827
epoch 84/200 loss 0.2965 train 0.9714 test 0.0849
epoch 85/200 loss 0.2927 train 0.9635 test 0.0883
epoch 86/200 loss 0.2374 train 0.9714 test 0.0882
epoch 87/200 loss 0.2585 train 0.9661 test 0.0880
epoch 88/200 loss 0.2411 train 0.9792 test 0.0880
epoch 89/200 loss 0.2219 train 0.9792 test 0.0887
epoch 90/200 loss 0.1954 train 0.9818 test 0.0875
epoch 91/200 loss 0.1896 train 0.9792 test 0.0880
epoch 92/200 loss 0.1693 train 0.9922 test 0.0852
epoch 93/200 loss 0.1706 train 0.9870 test 0.0862
epoch 94/200 loss 0.1500 train 0.9792 test 0.0849
epoch 95/200 loss 0.1426 train 0.9896 test 0.0866
epoch 96/200 loss 0.1210 train 0.9948 test 0.0873
epoch 97/200 loss 0.1251 train 0.9948 test 0.0877
epoch 98/200 loss 0.1043 train 0.9974 test 0.0920
epoch 99/200 loss 0.0985 train 1.0000 test 0.0933
epoch 100/200 loss 0.0784 train 1.0000 test 0.0917
epoch 101/200 loss 0.0927 train 0.9948 test 0.0928
epoch 102/200 loss 0.0852 train 1.0000 test 0.0908
epoch 103/200 loss 0.0749 train 1.0000 test 0.0893
epoch 104/200 loss 0.0784 train 1.0000 test 0.0895
epoch 105/200 loss 0.0669 train 1.0000 test 0.0894
epoch 106/200 loss 0.0792 train 0.9974 test 0.0901
epoch 107/200 loss 0.0614 train 1.0000 test 0.0917
epoch 108/200 loss 0.0714 train 0.9974 test 0.0906
epoch 109/200 loss 0.0659 train 0.9974 test 0.0936
epoch 110/200 loss 0.0538 train 1.0000 test 0.0922
epoch 111/200 loss 0.0545 train 1.0000 test 0.0928
epoch 112/200 loss 0.0559 train 1.0000 test 0.0952
epoch 113/200 loss 0.0513 train 1.0000 test 0.0953
epoch 114/200 loss 0.0505 train 1.0000 test 0.0938
epoch 115/200 loss 0.0446 train 1.0000 test 0.0943
epoch 116/200 loss 0.0406 train 1.0000 test 0.0942
epoch 117/200 loss 0.0386 train 1.0000 test 0.0963
epoch 118/200 loss 0.0367 train 1.0000 test 0.0940
epoch 119/200 loss 0.0406 train 1.0000 test 0.0938
epoch 120/200 loss 0.0362 train 1.0000 test 0.0945
epoch 121/200 loss 0.0403 train 1.0000 test 0.0944
epoch 122/200 loss 0.0356 train 1.0000 test 0.0950
epoch 123/200 loss 0.0312 train 1.0000 test 0.0948
epoch 124/200 loss 0.0355 train 1.0000 test 0.0957
epoch 125/200 loss 0.0347 train 1.0000 test 0.0935
epoch 126/200 loss 0.0377 train 1.0000 test 0.0939
epoch 127/200 loss 0.0307 train 1.0000 test 0.0954
epoch 128/200 loss 0.0345 train 1.0000 test 0.0973
epoch 129/200 loss 0.0292 train 1.0000 test 0.0967
epoch 130/200 loss 0.0326 train 1.0000 test 0.0974
epoch 131/200 loss 0.0312 train 1.0000 test 0.0953
epoch 132/200 loss 0.0288 train 1.0000 test 0.0953
epoch 133/200 loss 0.0309 train 1.0000 test 0.0953
epoch 134/200 loss 0.0275 train 1.0000 test 0.0962
epoch 135/200 loss 0.0295 train 1.0000 test 0.0972
epoch 136/200 loss 0.0257 train 1.0000 test 0.0973
epoch 137/200 loss 0.0261 train 1.0000 test 0.0980
epoch 138/200 loss 0.0307 train 1.0000 test 0.0967
epoch 139/200 loss 0.0281 train 1.0000 test 0.0954
epoch 140/200 loss 0.0264 train 1.0000 test 0.0947
epoch 141/200 loss 0.0251 train 1.0000 test 0.0944
epoch 142/200 loss 0.0249 train 1.0000 test 0.0946
epoch 143/200 loss 0.0238 train 1.0000 test 0.0939
epoch 144/200 loss 0.0264 train 1.0000 test 0.0961
epoch 145/200 loss 0.0277 train 1.0000 test 0.0962
epoch 146/200 loss 0.0266 train 1.0000 test 0.0969
epoch 147/200 loss 0.0237 train 1.0000 test 0.0972
epoch 148/200 loss 0.0259 train 1.0000 test 0.0972
epoch 149/200 loss 0.0259 train 1.0000 test 0.0977
epoch 150/200 loss 0.0250 train 1.0000 test 0.0970
epoch 151/200 loss 0.0236 train 1.0000 test 0.0961
epoch 152/200 loss 0.0223 train 1.0000 test 0.0960
epoch 153/200 loss 0.0254 train 1.0000 test 0.0963
epoch 154/200 loss 0.0237 train 1.0000 test 0.0969
epoch 155/200 loss 0.0245 train 1.0000 test 0.0970
epoch 156/200 loss 0.0221 train 1.0000 test 0.0972
epoch 157/200 loss 0.0245 train 1.0000 test 0.0978
epoch 158/200 loss 0.0214 train 1.0000 test 0.0977
epoch 159/200 loss 0.0235 train 1.0000 test 0.0979
epoch 160/200 loss 0.0219 train 1.0000 test 0.0979
epoch 161/200 loss 0.0229 train 1.0000 test 0.0979
epoch 162/200 loss 0.0264 train 1.0000 test 0.0972
epoch 163/200 loss 0.0193 train 1.0000 test 0.0983
epoch 164/200 loss 0.0277 train 1.0000 test 0.0973
epoch 165/200 loss 0.0222 train 1.0000 test 0.0973
epoch 166/200 loss 0.0210 train 1.0000 test 0.0980
epoch 167/200 loss 0.0255 train 1.0000 test 0.0995
epoch 168/200 loss 0.0230 train 1.0000 test 0.0992
epoch 169/200 loss 0.0214 train 1.0000 test 0.0984
epoch 170/200 loss 0.0197 train 1.0000 test 0.0999
epoch 171/200 loss 0.0246 train 1.0000 test 0.1003
epoch 172/200 loss 0.0221 train 1.0000 test 0.0994
epoch 173/200 loss 0.0194 train 1.0000 test 0.0981
epoch 174/200 loss 0.0273 train 1.0000 test 0.0980
epoch 175/200 loss 0.0185 train 1.0000 test 0.0986
epoch 176/200 loss 0.0247 train 1.0000 test 0.0982
epoch 177/200 loss 0.0209 train 1.0000 test 0.0988
epoch 178/200 loss 0.0215 train 1.0000 test 0.0991
epoch 179/200 loss 0.0203 train 1.0000 test 0.0989
epoch 180/200 loss 0.0200 train 1.0000 test 0.0984
epoch 181/200 loss 0.0221 train 1.0000 test 0.0990
epoch 182/200 loss 0.0185 train 1.0000 test 0.0981
epoch 183/200 loss 0.0221 train 1.0000 test 0.0974
epoch 184/200 loss 0.0196 train 1.0000 test 0.0970
epoch 185/200 loss 0.0194 train 1.0000 test 0.0967
epoch 186/200 loss 0.0211 train 1.0000 test 0.0964
epoch 187/200 loss 0.0182 train 1.0000 test 0.0975
epoch 188/200 loss 0.0237 train 1.0000 test 0.0974
epoch 189/200 loss 0.0194 train 1.0000 test 0.0973
epoch 190/200 loss 0.0224 train 1.0000 test 0.0974
epoch 191/200 loss 0.0217 train 1.0000 test 0.0975
epoch 192/200 loss 0.0200 train 1.0000 test 0.0966
epoch 193/200 loss 0.0217 train 1.0000 test 0.0960
epoch 194/200 loss 0.0199 train 1.0000 test 0.0966
epoch 195/200 loss 0.0236 train 1.0000 test 0.0970
epoch 196/200 loss 0.0200 train 1.0000 test 0.0974
epoch 197/200 loss 0.0213 train 1.0000 test 0.0977
epoch 198/200 loss 0.0191 train 1.0000 test 0.0978
epoch 199/200 loss 0.0185 train 1.0000 test 0.0973
epoch 200/200 loss 0.0194 train 1.0000 test 0.0964
done: final 0.0964 best 0.1003 -> ./runs/enstr_1pct/seed2
ENERGY_LOWDATA_1PCT_DONE
ENERGY_LOWDATA_COMPLETE
