stem calibrated (True) on 1024 images
[enmag_3pct seed0] {"params_trainable": 11224740, "params_stem_trainable": 0, "params_stem_fixed_filters": 1936, "flops_total": 563406848, "flops_stem": 1982464, "flops_image_size": 32}
epoch 1/200 loss 4.6605 train 0.0135 test 0.0245
epoch 2/200 loss 4.4618 train 0.0355 test 0.0398
epoch 3/200 loss 4.2252 train 0.0568 test 0.0588
epoch 4/200 loss 4.0520 train 0.0852 test 0.0700
epoch 5/200 loss 3.9316 train 0.1065 test 0.0866
epoch 6/200 loss 3.7882 train 0.1186 test 0.0898
epoch 7/200 loss 3.6808 train 0.1321 test 0.0952
epoch 8/200 loss 3.5610 train 0.1513 test 0.1000
epoch 9/200 loss 3.4689 train 0.1733 test 0.1115
epoch 10/200 loss 3.4216 train 0.1776 test 0.1187
epoch 11/200 loss 3.2860 train 0.1889 test 0.1320
epoch 12/200 loss 3.2255 train 0.2067 test 0.1279
epoch 13/200 loss 3.1654 train 0.2067 test 0.1268
epoch 14/200 loss 3.1191 train 0.2244 test 0.1415
epoch 15/200 loss 3.0240 train 0.2365 test 0.1266
epoch 16/200 loss 2.9332 train 0.2599 test 0.1292
epoch 17/200 loss 2.8882 train 0.2678 test 0.1119
epoch 18/200 loss 2.7970 train 0.2692 test 0.1310
epoch 19/200 loss 2.7220 train 0.2876 test 0.1362
epoch 20/200 loss 2.6460 train 0.3224 test 0.1562
epoch 21/200 loss 2.5946 train 0.3132 test 0.1328
epoch 22/200 loss 2.4997 train 0.3452 test 0.1434
epoch 23/200 loss 2.4626 train 0.3516 test 0.1448
epoch 24/200 loss 2.4039 train 0.3615 test 0.1181
epoch 25/200 loss 2.3215 train 0.3821 test 0.1588
epoch 26/200 loss 2.2095 train 0.4126 test 0.1575
epoch 27/200 loss 2.1780 train 0.4155 test 0.1428
epoch 28/200 loss 2.1258 train 0.3892 test 0.1369
epoch 29/200 loss 2.0423 train 0.4503 test 0.1230
epoch 30/200 loss 2.0082 train 0.4517 test 0.1543
epoch 31/200 loss 1.8810 train 0.4915 test 0.1605
epoch 32/200 loss 1.7833 train 0.4972 test 0.1648
epoch 33/200 loss 1.6815 train 0.5334 test 0.1622
epoch 34/200 loss 1.5954 train 0.5490 test 0.1655
epoch 35/200 loss 1.5665 train 0.5653 test 0.1746
epoch 36/200 loss 1.4364 train 0.5817 test 0.1469
epoch 37/200 loss 1.3724 train 0.6136 test 0.1600
epoch 38/200 loss 1.2481 train 0.6520 test 0.1530
epoch 39/200 loss 1.1788 train 0.6690 test 0.1646
epoch 40/200 loss 1.1283 train 0.6740 test 0.1694
epoch 41/200 loss 0.9828 train 0.7266 test 0.1683
epoch 42/200 loss 0.9199 train 0.7521 test 0.1695
epoch 43/200 loss 0.8731 train 0.7521 test 0.1505
epoch 44/200 loss 0.8442 train 0.7528 test 0.1672
epoch 45/200 loss 0.8091 train 0.7713 test 0.1622
epoch 46/200 loss 0.7595 train 0.7848 test 0.1488
epoch 47/200 loss 0.7526 train 0.7827 test 0.1694
epoch 48/200 loss 0.6916 train 0.8040 test 0.1694
epoch 49/200 loss 0.5170 train 0.8608 test 0.1683
epoch 50/200 loss 0.4340 train 0.8906 test 0.1733
epoch 51/200 loss 0.3489 train 0.9176 test 0.1769
epoch 52/200 loss 0.3562 train 0.9205 test 0.1804
epoch 53/200 loss 0.3088 train 0.9276 test 0.1859
epoch 54/200 loss 0.2917 train 0.9304 test 0.1739
epoch 55/200 loss 0.2620 train 0.9332 test 0.1835
epoch 56/200 loss 0.2073 train 0.9609 test 0.1767
epoch 57/200 loss 0.1813 train 0.9659 test 0.1850
epoch 58/200 loss 0.1866 train 0.9581 test 0.1922
epoch 59/200 loss 0.1853 train 0.9553 test 0.1829
epoch 60/200 loss 0.1882 train 0.9553 test 0.1817
epoch 61/200 loss 0.1469 train 0.9709 test 0.1877
epoch 62/200 loss 0.1346 train 0.9680 test 0.1888
epoch 63/200 loss 0.0950 train 0.9822 test 0.1882
epoch 64/200 loss 0.0866 train 0.9879 test 0.1958
epoch 65/200 loss 0.0627 train 0.9950 test 0.1980
epoch 66/200 loss 0.0487 train 0.9957 test 0.2018
epoch 67/200 loss 0.0481 train 0.9972 test 0.2011
epoch 68/200 loss 0.0339 train 0.9986 test 0.1988
epoch 69/200 loss 0.0267 train 0.9986 test 0.2019
epoch 70/200 loss 0.0211 train 0.9993 test 0.2067
epoch 71/200 loss 0.0168 train 0.9993 test 0.2107
epoch 72/200 loss 0.0129 train 1.0000 test 0.2109
epoch 73/200 loss 0.0130 train 1.0000 test 0.2151
epoch 74/200 loss 0.0108 train 1.0000 test 0.2154
epoch 75/200 loss 0.0108 train 1.0000 test 0.2133
epoch 76/200 loss 0.0107 train 1.0000 test 0.2136
epoch 77/200 loss 0.0086 train 1.0000 test 0.2128
epoch 78/200 loss 0.0092 train 1.0000 test 0.2103
epoch 79/200 loss 0.0098 train 1.0000 test 0.2152
epoch 80/200 loss 0.0094 train 1.0000 test 0.2166
epoch 81/200 loss 0.0101 train 1.0000 test 0.2152
epoch 82/200 loss 0.0100 train 1.0000 test 0.2126
epoch 83/200 loss 0.0095 train 1.0000 test 0.2143
epoch 84/200 loss 0.0087 train 1.0000 test 0.2156
epoch 85/200 loss 0.0086 train 1.0000 test 0.2149
epoch 86/200 loss 0.0082 train 1.0000 test 0.2158
epoch 87/200 loss 0.0086 train 1.0000 test 0.2153
epoch 88/200 loss 0.0074 train 1.0000 test 0.2155
epoch 89/200 loss 0.0080 train 1.0000 test 0.2163
epoch 90/200 loss 0.0091 train 1.0000 test 0.2155
epoch 91/200 loss 0.0086 train 1.0000 test 0.2149
epoch 92/200 loss 0.0084 train 1.0000 test 0.2140
epoch 93/200 loss 0.0077 train 1.0000 test 0.2159
epoch 94/200 loss 0.0078 train 1.0000 test 0.2140
epoch 95/200 loss 0.0082 train 1.0000 test 0.2149
epoch 96/200 loss 0.0078 train 1.0000 test 0.2159
epoch 97/200 loss 0.0078 train 1.0000 test 0.2169
epoch 98/200 loss 0.0082 train 1.0000 test 0.2162
epoch 99/200 loss 0.0076 train 1.0000 test 0.2153
epoch 100/200 loss 0.0073 train 1.0000 test 0.2154
epoch 101/200 loss 0.0080 train 1.0000 test 0.2157
epoch 102/200 loss 0.0075 train 1.0000 test 0.2160
epoch 103/200 loss 0.0073 train 1.0000 test 0.2170
epoch 104/200 loss 0.0070 train 1.0000 test 0.2169
epoch 105/200 loss 0.0078 train 1.0000 test 0.2155
epoch 106/200 loss 0.0067 train 1.0000 test 0.2157
epoch 107/200 loss 0.0076 train 1.0000 test 0.2172
epoch 108/200 loss 0.0072 train 1.0000 test 0.2159
epoch 109/200 loss 0.0068 train 1.0000 test 0.2149
epoch 110/200 loss 0.0072 train 1.0000 test 0.2163
epoch 111/200 loss 0.0074 train 1.0000 test 0.2159
epoch 112/200 loss 0.0070 train 1.0000 test 0.2163
epoch 113/200 loss 0.0075 train 1.0000 test 0.2163
epoch 114/200 loss 0.0076 train 1.0000 test 0.2167
epoch 115/200 loss 0.0077 train 1.0000 test 0.2147
epoch 116/200 loss 0.0081 train 1.0000 test 0.2153
epoch 117/200 loss 0.0074 train 1.0000 test 0.2148
epoch 118/200 loss 0.0078 train 1.0000 test 0.2141
epoch 119/200 loss 0.0077 train 1.0000 test 0.2145
epoch 120/200 loss 0.0079 train 1.0000 test 0.2143
epoch 121/200 loss 0.0079 train 1.0000 test 0.2160
epoch 122/200 loss 0.0069 train 1.0000 test 0.2155
epoch 123/200 loss 0.0077 train 1.0000 test 0.2155
epoch 124/200 loss 0.0081 train 1.0000 test 0.2172
epoch 125/200 loss 0.0077 train 1.0000 test 0.2178
epoch 126/200 loss 0.0078 train 1.0000 test 0.2177
epoch 127/200 loss 0.0081 train 1.0000 test 0.2181
epoch 128/200 loss 0.0073 train 1.0000 test 0.2181
epoch 129/200 loss 0.0075 train 1.0000 test 0.2168
epoch 130/200 loss 0.0078 train 1.0000 test 0.2171
epoch 131/200 loss 0.0072 train 1.0000 test 0.2179
epoch 132/200 loss 0.0073 train 1.0000 test 0.2177
epoch 133/200 loss 0.0069 train 1.0000 test 0.2175
epoch 134/200 loss 0.0076 train 1.0000 test 0.2164
epoch 135/200 loss 0.0076 train 1.0000 test 0.2156
epoch 136/200 loss 0.0071 train 1.0000 test 0.2159
epoch 137/200 loss 0.0071 train 1.0000 test 0.2151
epoch 138/200 loss 0.0070 train 1.0000 test 0.2154
epoch 139/200 loss 0.0076 train 1.0000 test 0.2157
epoch 140/200 loss 0.0072 train 1.0000 test 0.2162
epoch 141/200 loss 0.0075 train 1.0000 test 0.2168
epoch 142/200 loss 0.0073 train 1.0000 test 0.2170
epoch 143/200 loss 0.0069 train 1.0000 test 0.2169
epoch 144/200 loss 0.0078 train 1.0000 test 0.2160
epoch 145/200 loss 0.0071 train 1.0000 test 0.2159
epoch 146/200 loss 0.0078 train 1.0000 test 0.2161
epoch 147/200 loss 0.0071 train 1.0000 test 0.2162
epoch 148/200 loss 0.0070 train 1.0000 test 0.2168
epoch 149/200 loss 0.0073 train 1.0000 test 0.2148
epoch 150/200 loss 0.0074 train 1.0000 test 0.2151
epoch 151/200 loss 0.0074 train 1.0000 test 0.2157
epoch 152/200 loss 0.0071 train 1.0000 test 0.2153
epoch 153/200 loss 0.0072 train 1.0000 test 0.2164
epoch 154/200 loss 0.0076 train 1.0000 test 0.2147
epoch 155/200 loss 0.0076 train 1.0000 test 0.2161
epoch 156/200 loss 0.0073 train 1.0000 test 0.2170
epoch 157/200 loss 0.0078 train 1.0000 test 0.2169
epoch 158/200 loss 0.0075 train 1.0000 test 0.2169
epoch 159/200 loss 0.0080 train 1.0000 test 0.2167
epoch 160/200 loss 0.0076 train 1.0000 test 0.2165
epoch 161/200 loss 0.0070 train 1.0000 test 0.2165
epoch 162/200 loss 0.0068 train 1.0000 test 0.2170
epoch 163/200 loss 0.0074 train 1.0000 test 0.2175
epoch 164/200 loss 0.0071 train 1.0000 test 0.2158
epoch 165/200 loss 0.0067 train 1.0000 test 0.2168
epoch 166/200 loss 0.0074 train 1.0000 test 0.2167
epoch 167/200 loss 0.0070 train 1.0000 test 0.2166
epoch 168/200 loss 0.0073 train 1.0000 test 0.2172
epoch 169/200 loss 0.0074 train 1.0000 test 0.2174
epoch 170/200 loss 0.0072 train 1.0000 test 0.2165
epoch 171/200 loss 0.0072 train 1.0000 test 0.2172
epoch 172/200 loss 0.0074 train 1.0000 test 0.2169
epoch 173/200 loss 0.0083 train 1.0000 test 0.2171
epoch 174/200 loss 0.0073 train 1.0000 test 0.2171
epoch 175/200 loss 0.0072 train 1.0000 test 0.2171
epoch 176/200 loss 0.0071 train 1.0000 test 0.2167
epoch 177/200 loss 0.0074 train 1.0000 test 0.2174
epoch 178/200 loss 0.0070 train 1.0000 test 0.2175
epoch 179/200 loss 0.0070 train 1.0000 test 0.2170
epoch 180/200 loss 0.0070 train 1.0000 test 0.2168
epoch 181/200 loss 0.0074 train 1.0000 test 0.2168
epoch 182/200 loss 0.0070 train 1.0000 test 0.2172
epoch 183/200 loss 0.0069 train 1.0000 test 0.2157
epoch 184/200 loss 0.0070 train 1.0000 test 0.2162
epoch 185/200 loss 0.0073 train 1.0000 test 0.2163
epoch 186/200 loss 0.0069 train 1.0000 test 0.2172
epoch 187/200 loss 0.0073 train 1.0000 test 0.2162
epoch 188/200 loss 0.0074 train 1.0000 test 0.2156
epoch 189/200 loss 0.0078 train 1.0000 test 0.2161
epoch 190/200 loss 0.0070 train 1.0000 test 0.2164
epoch 191/200 loss 0.0073 train 1.0000 test 0.2162
epoch 192/200 loss 0.0071 train 1.0000 test 0.2166
epoch 193/200 loss 0.0076 train 1.0000 test 0.2160
epoch 194/200 loss 0.0072 train 1.0000 test 0.2165
epoch 195/200 loss 0.0072 train 1.0000 test 0.2163
epoch 196/200 loss 0.0071 train 1.0000 test 0.2172
epoch 197/200 loss 0.0069 train 1.0000 test 0.2161
epoch 198/200 loss 0.0073 train 1.0000 test 0.2159
epoch 199/200 loss 0.0074 train 1.0000 test 0.2164
epoch 200/200 loss 0.0071 train 1.0000 test 0.2166
done: final 0.2166 best 0.2181 -> ./runs/enmag_3pct/seed0
stem calibrated (True) on 1024 images
[enmag_3pct seed1] {"params_trainable": 11224740, "params_stem_trainable": 0, "params_stem_fixed_filters": 1936, "flops_total": 563406848, "flops_stem": 1982464, "flops_image_size": 32}
epoch 1/200 loss 4.6481 train 0.0114 test 0.0255
epoch 2/200 loss 4.4826 train 0.0391 test 0.0412
epoch 3/200 loss 4.2494 train 0.0604 test 0.0455
epoch 4/200 loss 4.0990 train 0.0639 test 0.0679
epoch 5/200 loss 3.9598 train 0.0817 test 0.0777
epoch 6/200 loss 3.8462 train 0.1037 test 0.0842
epoch 7/200 loss 3.7130 train 0.1286 test 0.0960
epoch 8/200 loss 3.6183 train 0.1349 test 0.0808
epoch 9/200 loss 3.5291 train 0.1591 test 0.0970
epoch 10/200 loss 3.4347 train 0.1584 test 0.1008
epoch 11/200 loss 3.4247 train 0.1783 test 0.1213
epoch 12/200 loss 3.2956 train 0.1925 test 0.1258
epoch 13/200 loss 3.2411 train 0.2131 test 0.1316
epoch 14/200 loss 3.1641 train 0.2109 test 0.1175
epoch 15/200 loss 3.0904 train 0.2301 test 0.1355
epoch 16/200 loss 3.0008 train 0.2507 test 0.1332
epoch 17/200 loss 2.9366 train 0.2543 test 0.1280
epoch 18/200 loss 2.8888 train 0.2543 test 0.1339
epoch 19/200 loss 2.7977 train 0.2791 test 0.1378
epoch 20/200 loss 2.6977 train 0.2997 test 0.1461
epoch 21/200 loss 2.6531 train 0.3118 test 0.1377
epoch 22/200 loss 2.5383 train 0.3175 test 0.1347
epoch 23/200 loss 2.5293 train 0.3267 test 0.1237
epoch 24/200 loss 2.4725 train 0.3438 test 0.1415
epoch 25/200 loss 2.3869 train 0.3786 test 0.1463
epoch 26/200 loss 2.3461 train 0.3565 test 0.1522
epoch 27/200 loss 2.1986 train 0.4077 test 0.1466
epoch 28/200 loss 2.0799 train 0.4375 test 0.1628
epoch 29/200 loss 2.0196 train 0.4446 test 0.1484
epoch 30/200 loss 1.9588 train 0.4567 test 0.1521
epoch 31/200 loss 1.8920 train 0.4538 test 0.1503
epoch 32/200 loss 1.7797 train 0.5185 test 0.1571
epoch 33/200 loss 1.7266 train 0.5092 test 0.1540
epoch 34/200 loss 1.6960 train 0.5085 test 0.1677
epoch 35/200 loss 1.6143 train 0.5526 test 0.1581
epoch 36/200 loss 1.4796 train 0.5753 test 0.1543
epoch 37/200 loss 1.4276 train 0.6065 test 0.1693
epoch 38/200 loss 1.3533 train 0.6293 test 0.1574
epoch 39/200 loss 1.2255 train 0.6463 test 0.1613
epoch 40/200 loss 1.1242 train 0.6882 test 0.1532
epoch 41/200 loss 1.0695 train 0.7038 test 0.1439
epoch 42/200 loss 0.9967 train 0.7237 test 0.1701
epoch 43/200 loss 0.9443 train 0.7237 test 0.1692
epoch 44/200 loss 0.8918 train 0.7521 test 0.1455
epoch 45/200 loss 0.8862 train 0.7415 test 0.1645
epoch 46/200 loss 0.8054 train 0.7670 test 0.1582
epoch 47/200 loss 0.7555 train 0.7777 test 0.1591
epoch 48/200 loss 0.6767 train 0.8061 test 0.1665
epoch 49/200 loss 0.6013 train 0.8416 test 0.1523
epoch 50/200 loss 0.5594 train 0.8459 test 0.1801
epoch 51/200 loss 0.4792 train 0.8700 test 0.1689
epoch 52/200 loss 0.4448 train 0.8757 test 0.1728
epoch 53/200 loss 0.3639 train 0.9013 test 0.1723
epoch 54/200 loss 0.3264 train 0.9169 test 0.1760
epoch 55/200 loss 0.2884 train 0.9311 test 0.1879
epoch 56/200 loss 0.2356 train 0.9411 test 0.1788
epoch 57/200 loss 0.2145 train 0.9531 test 0.1776
epoch 58/200 loss 0.1778 train 0.9624 test 0.1802
epoch 59/200 loss 0.1583 train 0.9666 test 0.1808
epoch 60/200 loss 0.1378 train 0.9751 test 0.1865
epoch 61/200 loss 0.1173 train 0.9751 test 0.1870
epoch 62/200 loss 0.0971 train 0.9830 test 0.1994
epoch 63/200 loss 0.0668 train 0.9893 test 0.1941
epoch 64/200 loss 0.0524 train 0.9972 test 0.1952
epoch 65/200 loss 0.0460 train 0.9972 test 0.2017
epoch 66/200 loss 0.0502 train 0.9922 test 0.2019
epoch 67/200 loss 0.0434 train 0.9957 test 0.1929
epoch 68/200 loss 0.0468 train 0.9957 test 0.1959
epoch 69/200 loss 0.0317 train 0.9972 test 0.1980
epoch 70/200 loss 0.0376 train 0.9979 test 0.1995
epoch 71/200 loss 0.0346 train 0.9972 test 0.2001
epoch 72/200 loss 0.0210 train 0.9993 test 0.2041
epoch 73/200 loss 0.0196 train 1.0000 test 0.2045
epoch 74/200 loss 0.0172 train 0.9993 test 0.2086
epoch 75/200 loss 0.0144 train 1.0000 test 0.2080
epoch 76/200 loss 0.0135 train 0.9993 test 0.2082
epoch 77/200 loss 0.0104 train 1.0000 test 0.2089
epoch 78/200 loss 0.0110 train 1.0000 test 0.2138
epoch 79/200 loss 0.0096 train 1.0000 test 0.2138
epoch 80/200 loss 0.0087 train 1.0000 test 0.2128
epoch 81/200 loss 0.0081 train 1.0000 test 0.2103
epoch 82/200 loss 0.0086 train 1.0000 test 0.2103
epoch 83/200 loss 0.0088 train 1.0000 test 0.2133
epoch 84/200 loss 0.0094 train 0.9993 test 0.2107
epoch 85/200 loss 0.0086 train 1.0000 test 0.2086
epoch 86/200 loss 0.0088 train 1.0000 test 0.2132
epoch 87/200 loss 0.0089 train 0.9993 test 0.2101
epoch 88/200 loss 0.0089 train 1.0000 test 0.2133
epoch 89/200 loss 0.0097 train 0.9993 test 0.2092
epoch 90/200 loss 0.0111 train 0.9993 test 0.2125
epoch 91/200 loss 0.0098 train 0.9993 test 0.2090
epoch 92/200 loss 0.0085 train 1.0000 test 0.2092
epoch 93/200 loss 0.0074 train 1.0000 test 0.2095
epoch 94/200 loss 0.0082 train 1.0000 test 0.2112
epoch 95/200 loss 0.0087 train 1.0000 test 0.2107
epoch 96/200 loss 0.0078 train 1.0000 test 0.2123
epoch 97/200 loss 0.0081 train 1.0000 test 0.2138
epoch 98/200 loss 0.0076 train 1.0000 test 0.2140
epoch 99/200 loss 0.0077 train 1.0000 test 0.2151
epoch 100/200 loss 0.0077 train 1.0000 test 0.2136
epoch 101/200 loss 0.0075 train 1.0000 test 0.2129
epoch 102/200 loss 0.0080 train 1.0000 test 0.2127
epoch 103/200 loss 0.0074 train 1.0000 test 0.2133
epoch 104/200 loss 0.0079 train 1.0000 test 0.2134
epoch 105/200 loss 0.0082 train 1.0000 test 0.2124
epoch 106/200 loss 0.0073 train 1.0000 test 0.2111
epoch 107/200 loss 0.0071 train 1.0000 test 0.2124
epoch 108/200 loss 0.0070 train 1.0000 test 0.2132
epoch 109/200 loss 0.0076 train 1.0000 test 0.2125
epoch 110/200 loss 0.0077 train 1.0000 test 0.2121
epoch 111/200 loss 0.0074 train 1.0000 test 0.2124
epoch 112/200 loss 0.0091 train 1.0000 test 0.2139
epoch 113/200 loss 0.0079 train 1.0000 test 0.2136
epoch 114/200 loss 0.0097 train 1.0000 test 0.2117
epoch 115/200 loss 0.0078 train 1.0000 test 0.2132
epoch 116/200 loss 0.0073 train 1.0000 test 0.2126
epoch 117/200 loss 0.0070 train 1.0000 test 0.2118
epoch 118/200 loss 0.0083 train 1.0000 test 0.2111
epoch 119/200 loss 0.0070 train 1.0000 test 0.2111
epoch 120/200 loss 0.0076 train 1.0000 test 0.2110
epoch 121/200 loss 0.0082 train 1.0000 test 0.2104
epoch 122/200 loss 0.0075 train 1.0000 test 0.2120
epoch 123/200 loss 0.0078 train 1.0000 test 0.2123
epoch 124/200 loss 0.0075 train 1.0000 test 0.2115
epoch 125/200 loss 0.0072 train 1.0000 test 0.2122
epoch 126/200 loss 0.0069 train 1.0000 test 0.2125
epoch 127/200 loss 0.0075 train 1.0000 test 0.2132
epoch 128/200 loss 0.0072 train 1.0000 test 0.2123
epoch 129/200 loss 0.0081 train 1.0000 test 0.2130
epoch 130/200 loss 0.0072 train 1.0000 test 0.2122
epoch 131/200 loss 0.0069 train 1.0000 test 0.2117
epoch 132/200 loss 0.0070 train 1.0000 test 0.2118
epoch 133/200 loss 0.0073 train 1.0000 test 0.2120
epoch 134/200 loss 0.0073 train 1.0000 test 0.2125
epoch 135/200 loss 0.0082 train 1.0000 test 0.2124
epoch 136/200 loss 0.0077 train 1.0000 test 0.2109
epoch 137/200 loss 0.0072 train 1.0000 test 0.2114
epoch 138/200 loss 0.0080 train 1.0000 test 0.2122
epoch 139/200 loss 0.0070 train 1.0000 test 0.2116
epoch 140/200 loss 0.0070 train 1.0000 test 0.2112
epoch 141/200 loss 0.0076 train 1.0000 test 0.2124
epoch 142/200 loss 0.0076 train 1.0000 test 0.2104
epoch 143/200 loss 0.0073 train 1.0000 test 0.2108
epoch 144/200 loss 0.0075 train 1.0000 test 0.2110
epoch 145/200 loss 0.0071 train 1.0000 test 0.2106
epoch 146/200 loss 0.0068 train 1.0000 test 0.2126
epoch 147/200 loss 0.0070 train 1.0000 test 0.2126
epoch 148/200 loss 0.0067 train 1.0000 test 0.2116
epoch 149/200 loss 0.0070 train 1.0000 test 0.2114
epoch 150/200 loss 0.0075 train 1.0000 test 0.2118
epoch 151/200 loss 0.0072 train 1.0000 test 0.2118
epoch 152/200 loss 0.0075 train 1.0000 test 0.2109
epoch 153/200 loss 0.0070 train 1.0000 test 0.2109
epoch 154/200 loss 0.0070 train 1.0000 test 0.2109
epoch 155/200 loss 0.0072 train 1.0000 test 0.2120
epoch 156/200 loss 0.0070 train 1.0000 test 0.2131
epoch 157/200 loss 0.0074 train 1.0000 test 0.2127
epoch 158/200 loss 0.0069 train 1.0000 test 0.2130
epoch 159/200 loss 0.0071 train 1.0000 test 0.2129
epoch 160/200 loss 0.0078 train 1.0000 test 0.2127
epoch 161/200 loss 0.0068 train 1.0000 test 0.2115
epoch 162/200 loss 0.0076 train 1.0000 test 0.2134
epoch 163/200 loss 0.0068 train 1.0000 test 0.2130
epoch 164/200 loss 0.0068 train 1.0000 test 0.2120
epoch 165/200 loss 0.0077 train 1.0000 test 0.2119
epoch 166/200 loss 0.0076 train 1.0000 test 0.2137
epoch 167/200 loss 0.0073 train 1.0000 test 0.2129
epoch 168/200 loss 0.0074 train 1.0000 test 0.2133
epoch 169/200 loss 0.0079 train 1.0000 test 0.2127
epoch 170/200 loss 0.0074 train 1.0000 test 0.2119
epoch 171/200 loss 0.0072 train 1.0000 test 0.2125
epoch 172/200 loss 0.0071 train 1.0000 test 0.2127
epoch 173/200 loss 0.0068 train 1.0000 test 0.2124
epoch 174/200 loss 0.0070 train 1.0000 test 0.2128
epoch 175/200 loss 0.0075 train 1.0000 test 0.2133
epoch 176/200 loss 0.0077 train 1.0000 test 0.2128
epoch 177/200 loss 0.0069 train 1.0000 test 0.2124
epoch 178/200 loss 0.0075 train 1.0000 test 0.2131
epoch 179/200 loss 0.0073 train 1.0000 test 0.2118
epoch 180/200 loss 0.0073 train 1.0000 test 0.2119
epoch 181/200 loss 0.0072 train 1.0000 test 0.2121
epoch 182/200 loss 0.0075 train 1.0000 test 0.2124
epoch 183/200 loss 0.0069 train 1.0000 test 0.2119
epoch 184/200 loss 0.0066 train 1.0000 test 0.2125
epoch 185/200 loss 0.0073 train 1.0000 test 0.2125
epoch 186/200 loss 0.0079 train 1.0000 test 0.2127
epoch 187/200 loss 0.0071 train 1.0000 test 0.2126
epoch 188/200 loss 0.0067 train 1.0000 test 0.2125
epoch 189/200 loss 0.0072 train 1.0000 test 0.2135
epoch 190/200 loss 0.0073 train 1.0000 test 0.2132
epoch 191/200 loss 0.0074 train 1.0000 test 0.2128
epoch 192/200 loss 0.0072 train 1.0000 test 0.2124
epoch 193/200 loss 0.0075 train 1.0000 test 0.2126
epoch 194/200 loss 0.0072 train 1.0000 test 0.2121
epoch 195/200 loss 0.0070 train 1.0000 test 0.2127
epoch 196/200 loss 0.0073 train 1.0000 test 0.2124
epoch 197/200 loss 0.0068 train 1.0000 test 0.2120
epoch 198/200 loss 0.0073 train 1.0000 test 0.2125
epoch 199/200 loss 0.0075 train 1.0000 test 0.2116
epoch 200/200 loss 0.0074 train 1.0000 test 0.2124
done: final 0.2124 best 0.2151 -> ./runs/enmag_3pct/seed1
stem calibrated (True) on 1024 images
[enmag_3pct seed2] {"params_trainable": 11224740, "params_stem_trainable": 0, "params_stem_fixed_filters": 1936, "flops_total": 563406848, "flops_stem": 1982464, "flops_image_size": 32}
epoch 1/200 loss 4.6573 train 0.0078 test 0.0236
epoch 2/200 loss 4.4644 train 0.0298 test 0.0487
epoch 3/200 loss 4.2338 train 0.0611 test 0.0508
epoch 4/200 loss 4.0594 train 0.0668 test 0.0626
epoch 5/200 loss 3.9459 train 0.0852 test 0.0800
epoch 6/200 loss 3.8119 train 0.1094 test 0.0886
epoch 7/200 loss 3.6950 train 0.1151 test 0.0947
epoch 8/200 loss 3.6031 train 0.1598 test 0.1148
epoch 9/200 loss 3.4889 train 0.1634 test 0.1074
epoch 10/200 loss 3.4361 train 0.1641 test 0.1249
epoch 11/200 loss 3.3357 train 0.1960 test 0.1186
epoch 12/200 loss 3.2772 train 0.1974 test 0.1081
epoch 13/200 loss 3.2010 train 0.2067 test 0.1224
epoch 14/200 loss 3.1150 train 0.2145 test 0.1297
epoch 15/200 loss 3.0475 train 0.2408 test 0.1263
epoch 16/200 loss 3.0231 train 0.2280 test 0.1362
epoch 17/200 loss 2.9072 train 0.2642 test 0.1360
epoch 18/200 loss 2.8343 train 0.2614 test 0.1469
epoch 19/200 loss 2.7509 train 0.3082 test 0.1444
epoch 20/200 loss 2.6772 train 0.3018 test 0.1414
epoch 21/200 loss 2.6187 train 0.3189 test 0.1578
epoch 22/200 loss 2.5193 train 0.3331 test 0.1534
epoch 23/200 loss 2.4416 train 0.3594 test 0.1497
epoch 24/200 loss 2.3671 train 0.3615 test 0.1558
epoch 25/200 loss 2.3439 train 0.3793 test 0.1490
epoch 26/200 loss 2.2690 train 0.3892 test 0.1531
epoch 27/200 loss 2.1885 train 0.4141 test 0.1571
epoch 28/200 loss 2.1105 train 0.4325 test 0.1487
epoch 29/200 loss 2.0448 train 0.4432 test 0.1630
epoch 30/200 loss 1.9353 train 0.4744 test 0.1716
epoch 31/200 loss 1.8473 train 0.5071 test 0.1660
epoch 32/200 loss 1.7829 train 0.5021 test 0.1574
epoch 33/200 loss 1.6938 train 0.5277 test 0.1607
epoch 34/200 loss 1.5894 train 0.5568 test 0.1654
epoch 35/200 loss 1.5422 train 0.5717 test 0.1561
epoch 36/200 loss 1.4547 train 0.5881 test 0.1631
epoch 37/200 loss 1.3643 train 0.6072 test 0.1643
epoch 38/200 loss 1.2901 train 0.6349 test 0.1715
epoch 39/200 loss 1.2718 train 0.6328 test 0.1598
epoch 40/200 loss 1.1302 train 0.6818 test 0.1638
epoch 41/200 loss 0.9747 train 0.7479 test 0.1675
epoch 42/200 loss 0.9592 train 0.7308 test 0.1592
epoch 43/200 loss 0.8607 train 0.7415 test 0.1649
epoch 44/200 loss 0.7734 train 0.7891 test 0.1665
epoch 45/200 loss 0.6714 train 0.8161 test 0.1759
epoch 46/200 loss 0.6556 train 0.8260 test 0.1600
epoch 47/200 loss 0.5881 train 0.8331 test 0.1767
epoch 48/200 loss 0.5786 train 0.8445 test 0.1628
epoch 49/200 loss 0.5626 train 0.8452 test 0.1620
epoch 50/200 loss 0.4955 train 0.8665 test 0.1777
epoch 51/200 loss 0.4092 train 0.9034 test 0.1807
epoch 52/200 loss 0.3803 train 0.9084 test 0.1745
epoch 53/200 loss 0.3520 train 0.9169 test 0.1743
epoch 54/200 loss 0.3436 train 0.9141 test 0.1765
epoch 55/200 loss 0.3175 train 0.9134 test 0.1746
epoch 56/200 loss 0.2752 train 0.9318 test 0.1783
epoch 57/200 loss 0.2735 train 0.9311 test 0.1704
epoch 58/200 loss 0.2397 train 0.9389 test 0.1736
epoch 59/200 loss 0.2566 train 0.9318 test 0.1726
epoch 60/200 loss 0.2013 train 0.9574 test 0.1790
epoch 61/200 loss 0.1512 train 0.9766 test 0.1816
epoch 62/200 loss 0.1341 train 0.9716 test 0.1895
epoch 63/200 loss 0.1285 train 0.9730 test 0.1902
epoch 64/200 loss 0.0995 train 0.9794 test 0.1913
epoch 65/200 loss 0.0938 train 0.9837 test 0.1899
epoch 66/200 loss 0.0805 train 0.9858 test 0.1972
epoch 67/200 loss 0.0529 train 0.9922 test 0.2005
epoch 68/200 loss 0.0385 train 0.9986 test 0.2007
epoch 69/200 loss 0.0344 train 0.9964 test 0.2019
epoch 70/200 loss 0.0268 train 0.9993 test 0.2008
epoch 71/200 loss 0.0217 train 0.9993 test 0.2046
epoch 72/200 loss 0.0163 train 0.9986 test 0.2065
epoch 73/200 loss 0.0162 train 0.9993 test 0.2049
epoch 74/200 loss 0.0145 train 1.0000 test 0.2087
epoch 75/200 loss 0.0134 train 0.9993 test 0.2094
epoch 76/200 loss 0.0113 train 1.0000 test 0.2074
epoch 77/200 loss 0.0102 train 1.0000 test 0.2097
epoch 78/200 loss 0.0097 train 1.0000 test 0.2111
epoch 79/200 loss 0.0092 train 1.0000 test 0.2131
epoch 80/200 loss 0.0082 train 1.0000 test 0.2140
epoch 81/200 loss 0.0093 train 1.0000 test 0.2123
epoch 82/200 loss 0.0099 train 1.0000 test 0.2121
epoch 83/200 loss 0.0085 train 1.0000 test 0.2135
epoch 84/200 loss 0.0086 train 1.0000 test 0.2142
epoch 85/200 loss 0.0077 train 1.0000 test 0.2136
epoch 86/200 loss 0.0082 train 1.0000 test 0.2107
epoch 87/200 loss 0.0080 train 1.0000 test 0.2100
epoch 88/200 loss 0.0080 train 1.0000 test 0.2127
epoch 89/200 loss 0.0077 train 1.0000 test 0.2141
epoch 90/200 loss 0.0087 train 0.9993 test 0.2125
epoch 91/200 loss 0.0080 train 1.0000 test 0.2139
epoch 92/200 loss 0.0084 train 1.0000 test 0.2127
epoch 93/200 loss 0.0081 train 1.0000 test 0.2129
epoch 94/200 loss 0.0075 train 1.0000 test 0.2136
epoch 95/200 loss 0.0087 train 1.0000 test 0.2149
epoch 96/200 loss 0.0076 train 1.0000 test 0.2135
epoch 97/200 loss 0.0082 train 1.0000 test 0.2153
epoch 98/200 loss 0.0084 train 1.0000 test 0.2155
epoch 99/200 loss 0.0076 train 1.0000 test 0.2133
epoch 100/200 loss 0.0073 train 1.0000 test 0.2129
epoch 101/200 loss 0.0076 train 1.0000 test 0.2126
epoch 102/200 loss 0.0080 train 1.0000 test 0.2144
epoch 103/200 loss 0.0072 train 1.0000 test 0.2143
epoch 104/200 loss 0.0074 train 1.0000 test 0.2141
epoch 105/200 loss 0.0070 train 1.0000 test 0.2155
epoch 106/200 loss 0.0084 train 1.0000 test 0.2150
epoch 107/200 loss 0.0075 train 1.0000 test 0.2142
epoch 108/200 loss 0.0075 train 1.0000 test 0.2124
epoch 109/200 loss 0.0070 train 1.0000 test 0.2135
epoch 110/200 loss 0.0073 train 1.0000 test 0.2139
epoch 111/200 loss 0.0075 train 1.0000 test 0.2145
epoch 112/200 loss 0.0083 train 1.0000 test 0.2149
epoch 113/200 loss 0.0082 train 1.0000 test 0.2187
epoch 114/200 loss 0.0074 train 1.0000 test 0.2178
epoch 115/200 loss 0.0080 train 1.0000 test 0.2155
epoch 116/200 loss 0.0079 train 1.0000 test 0.2151
epoch 117/200 loss 0.0083 train 1.0000 test 0.2136
epoch 118/200 loss 0.0080 train 1.0000 test 0.2141
epoch 119/200 loss 0.0080 train 1.0000 test 0.2153
epoch 120/200 loss 0.0076 train 1.0000 test 0.2169
epoch 121/200 loss 0.0081 train 1.0000 test 0.2154
epoch 122/200 loss 0.0072 train 1.0000 test 0.2131
epoch 123/200 loss 0.0072 train 1.0000 test 0.2156
epoch 124/200 loss 0.0074 train 1.0000 test 0.2153
epoch 125/200 loss 0.0072 train 1.0000 test 0.2158
epoch 126/200 loss 0.0070 train 1.0000 test 0.2157
epoch 127/200 loss 0.0069 train 1.0000 test 0.2165
epoch 128/200 loss 0.0075 train 1.0000 test 0.2159
epoch 129/200 loss 0.0079 train 1.0000 test 0.2159
epoch 130/200 loss 0.0072 train 1.0000 test 0.2158
epoch 131/200 loss 0.0076 train 1.0000 test 0.2168
epoch 132/200 loss 0.0072 train 1.0000 test 0.2170
epoch 133/200 loss 0.0072 train 1.0000 test 0.2161
epoch 134/200 loss 0.0080 train 1.0000 test 0.2152
epoch 135/200 loss 0.0068 train 1.0000 test 0.2166
epoch 136/200 loss 0.0075 train 1.0000 test 0.2156
epoch 137/200 loss 0.0078 train 1.0000 test 0.2158
epoch 138/200 loss 0.0074 train 1.0000 test 0.2154
epoch 139/200 loss 0.0082 train 1.0000 test 0.2162
epoch 140/200 loss 0.0072 train 1.0000 test 0.2164
epoch 141/200 loss 0.0070 train 1.0000 test 0.2164
epoch 142/200 loss 0.0072 train 1.0000 test 0.2157
epoch 143/200 loss 0.0075 train 1.0000 test 0.2145
epoch 144/200 loss 0.0081 train 1.0000 test 0.2153
epoch 145/200 loss 0.0072 train 1.0000 test 0.2161
epoch 146/200 loss 0.0069 train 1.0000 test 0.2151
epoch 147/200 loss 0.0078 train 1.0000 test 0.2158
epoch 148/200 loss 0.0072 train 1.0000 test 0.2162
epoch 149/200 loss 0.0075 train 1.0000 test 0.2160
epoch 150/200 loss 0.0070 train 1.0000 test 0.2152
epoch 151/200 loss 0.0073 train 1.0000 test 0.2154
epoch 152/200 loss 0.0080 train 1.0000 test 0.2154
epoch 153/200 loss 0.0070 train 1.0000 test 0.2156
epoch 154/200 loss 0.0069 train 1.0000 test 0.2148
epoch 155/200 loss 0.0075 train 1.0000 test 0.2148
epoch 156/200 loss 0.0067 train 1.0000 test 0.2150
epoch 157/200 loss 0.0074 train 1.0000 test 0.2160
epoch 158/200 loss 0.0067 train 1.0000 test 0.2152
epoch 159/200 loss 0.0071 train 1.0000 test 0.2143
epoch 160/200 loss 0.0074 train 1.0000 test 0.2149
epoch 161/200 loss 0.0074 train 1.0000 test 0.2148
epoch 162/200 loss 0.0074 train 1.0000 test 0.2156
epoch 163/200 loss 0.0077 train 1.0000 test 0.2146
epoch 164/200 loss 0.0082 train 1.0000 test 0.2141
epoch 165/200 loss 0.0073 train 1.0000 test 0.2148
epoch 166/200 loss 0.0071 train 1.0000 test 0.2150
epoch 167/200 loss 0.0073 train 1.0000 test 0.2147
epoch 168/200 loss 0.0071 train 1.0000 test 0.2152
epoch 169/200 loss 0.0067 train 1.0000 test 0.2145
epoch 170/200 loss 0.0081 train 1.0000 test 0.2148
epoch 171/200 loss 0.0077 train 1.0000 test 0.2149
epoch 172/200 loss 0.0071 train 1.0000 test 0.2147
epoch 173/200 loss 0.0074 train 1.0000 test 0.2152
epoch 174/200 loss 0.0072 train 1.0000 test 0.2146
epoch 175/200 loss 0.0074 train 1.0000 test 0.2147
epoch 176/200 loss 0.0079 train 1.0000 test 0.2147
epoch 177/200 loss 0.0071 train 1.0000 test 0.2148
epoch 178/200 loss 0.0073 train 1.0000 test 0.2159
epoch 179/200 loss 0.0073 train 1.0000 test 0.2150
epoch 180/200 loss 0.0076 train 1.0000 test 0.2158
epoch 181/200 loss 0.0072 train 1.0000 test 0.2152
epoch 182/200 loss 0.0072 train 1.0000 test 0.2151
epoch 183/200 loss 0.0081 train 1.0000 test 0.2154
epoch 184/200 loss 0.0070 train 1.0000 test 0.2152
epoch 185/200 loss 0.0068 train 1.0000 test 0.2151
epoch 186/200 loss 0.0077 train 1.0000 test 0.2154
epoch 187/200 loss 0.0072 train 1.0000 test 0.2152
epoch 188/200 loss 0.0077 train 1.0000 test 0.2146
epoch 189/200 loss 0.0073 train 1.0000 test 0.2148
epoch 190/200 loss 0.0074 train 1.0000 test 0.2147
epoch 191/200 loss 0.0072 train 1.0000 test 0.2156
epoch 192/200 loss 0.0072 train 1.0000 test 0.2148
epoch 193/200 loss 0.0075 train 1.0000 test 0.2156
epoch 194/200 loss 0.0075 train 1.0000 test 0.2148
epoch 195/200 loss 0.0073 train 1.0000 test 0.2156
epoch 196/200 loss 0.0071 train 1.0000 test 0.2158
epoch 197/200 loss 0.0072 train 1.0000 test 0.2152
epoch 198/200 loss 0.0079 train 1.0000 test 0.2145
epoch 199/200 loss 0.0068 train 1.0000 test 0.2147
epoch 200/200 loss 0.0076 train 1.0000 test 0.2149
done: final 0.2149 best 0.2187 -> ./runs/enmag_3pct/seed2
ENMAG_ENV_3PCT_DONE
stem calibrated (True) on 1024 images
[enmag_7pct seed0] {"params_trainable": 11224740, "params_stem_trainable": 0, "params_stem_fixed_filters": 1936, "flops_total": 563406848, "flops_stem": 1982464, "flops_image_size": 32}
epoch 1/200 loss 4.5813 train 0.0220 test 0.0391
epoch 2/200 loss 4.2071 train 0.0613 test 0.0782
epoch 3/200 loss 3.9732 train 0.0949 test 0.0846
epoch 4/200 loss 3.7826 train 0.1267 test 0.1161
epoch 5/200 loss 3.6223 train 0.1513 test 0.1165
epoch 6/200 loss 3.5270 train 0.1508 test 0.1286
epoch 7/200 loss 3.4297 train 0.1719 test 0.1310
epoch 8/200 loss 3.3219 train 0.1820 test 0.1306
epoch 9/200 loss 3.2634 train 0.1924 test 0.1659
epoch 10/200 loss 3.1491 train 0.2147 test 0.1648
epoch 11/200 loss 3.0721 train 0.2338 test 0.1589
epoch 12/200 loss 3.0164 train 0.2344 test 0.1478
epoch 13/200 loss 2.9434 train 0.2555 test 0.1825
epoch 14/200 loss 2.8822 train 0.2598 test 0.1886
epoch 15/200 loss 2.7956 train 0.2853 test 0.1850
epoch 16/200 loss 2.7229 train 0.2995 test 0.1976
epoch 17/200 loss 2.6429 train 0.3122 test 0.2042
epoch 18/200 loss 2.5548 train 0.3258 test 0.1878
epoch 19/200 loss 2.4721 train 0.3406 test 0.1902
epoch 20/200 loss 2.4509 train 0.3484 test 0.2041
epoch 21/200 loss 2.3521 train 0.3669 test 0.2245
epoch 22/200 loss 2.3104 train 0.3753 test 0.1839
epoch 23/200 loss 2.1863 train 0.4167 test 0.2343
epoch 24/200 loss 2.0780 train 0.4369 test 0.2144
epoch 25/200 loss 2.0546 train 0.4349 test 0.2243
epoch 26/200 loss 1.9853 train 0.4523 test 0.2315
epoch 27/200 loss 1.8114 train 0.4988 test 0.2381
epoch 28/200 loss 1.7664 train 0.5014 test 0.2342
epoch 29/200 loss 1.6888 train 0.5249 test 0.2520
epoch 30/200 loss 1.5292 train 0.5639 test 0.2385
epoch 31/200 loss 1.4266 train 0.5825 test 0.2400
epoch 32/200 loss 1.4195 train 0.5842 test 0.2355
epoch 33/200 loss 1.3151 train 0.6175 test 0.2237
epoch 34/200 loss 1.2378 train 0.6427 test 0.2441
epoch 35/200 loss 1.1830 train 0.6502 test 0.2382
epoch 36/200 loss 1.1355 train 0.6612 test 0.2493
epoch 37/200 loss 0.9849 train 0.7080 test 0.2572
epoch 38/200 loss 0.9395 train 0.7257 test 0.2574
epoch 39/200 loss 0.8713 train 0.7364 test 0.2585
epoch 40/200 loss 0.7746 train 0.7668 test 0.2436
epoch 41/200 loss 0.6988 train 0.7951 test 0.2528
epoch 42/200 loss 0.6543 train 0.8021 test 0.2347
epoch 43/200 loss 0.6326 train 0.8053 test 0.2431
epoch 44/200 loss 0.5749 train 0.8299 test 0.2559
epoch 45/200 loss 0.4967 train 0.8591 test 0.2357
epoch 46/200 loss 0.4591 train 0.8683 test 0.2444
epoch 47/200 loss 0.3983 train 0.8837 test 0.2547
epoch 48/200 loss 0.3638 train 0.8918 test 0.2453
epoch 49/200 loss 0.3504 train 0.8955 test 0.2624
epoch 50/200 loss 0.3212 train 0.9054 test 0.2636
epoch 51/200 loss 0.2997 train 0.9120 test 0.2537
epoch 52/200 loss 0.3072 train 0.9100 test 0.2573
epoch 53/200 loss 0.2753 train 0.9175 test 0.2695
epoch 54/200 loss 0.2619 train 0.9262 test 0.2627
epoch 55/200 loss 0.2459 train 0.9280 test 0.2731
epoch 56/200 loss 0.1880 train 0.9520 test 0.2614
epoch 57/200 loss 0.1349 train 0.9673 test 0.2817
epoch 58/200 loss 0.1104 train 0.9766 test 0.2869
epoch 59/200 loss 0.0851 train 0.9818 test 0.2884
epoch 60/200 loss 0.0757 train 0.9855 test 0.2883
epoch 61/200 loss 0.0508 train 0.9928 test 0.2987
epoch 62/200 loss 0.0434 train 0.9939 test 0.3023
epoch 63/200 loss 0.0448 train 0.9922 test 0.2989
epoch 64/200 loss 0.0447 train 0.9936 test 0.2925
epoch 65/200 loss 0.0389 train 0.9942 test 0.2969
epoch 66/200 loss 0.0264 train 0.9971 test 0.3043
epoch 67/200 loss 0.0207 train 0.9977 test 0.3034
epoch 68/200 loss 0.0198 train 0.9983 test 0.3101
epoch 69/200 loss 0.0153 train 0.9983 test 0.3132
epoch 70/200 loss 0.0146 train 0.9974 test 0.3108
epoch 71/200 loss 0.0129 train 0.9988 test 0.3139
epoch 72/200 loss 0.0092 train 1.0000 test 0.3172
epoch 73/200 loss 0.0072 train 1.0000 test 0.3235
epoch 74/200 loss 0.0068 train 1.0000 test 0.3207
epoch 75/200 loss 0.0064 train 1.0000 test 0.3234
epoch 76/200 loss 0.0063 train 1.0000 test 0.3231
epoch 77/200 loss 0.0064 train 1.0000 test 0.3231
epoch 78/200 loss 0.0066 train 1.0000 test 0.3263
epoch 79/200 loss 0.0064 train 1.0000 test 0.3222
epoch 80/200 loss 0.0065 train 1.0000 test 0.3215
epoch 81/200 loss 0.0067 train 1.0000 test 0.3250
epoch 82/200 loss 0.0067 train 1.0000 test 0.3235
epoch 83/200 loss 0.0067 train 1.0000 test 0.3237
epoch 84/200 loss 0.0067 train 1.0000 test 0.3254
epoch 85/200 loss 0.0066 train 1.0000 test 0.3238
epoch 86/200 loss 0.0067 train 1.0000 test 0.3243
epoch 87/200 loss 0.0076 train 0.9997 test 0.3241
epoch 88/200 loss 0.0078 train 1.0000 test 0.3227
epoch 89/200 loss 0.0073 train 1.0000 test 0.3271
epoch 90/200 loss 0.0075 train 1.0000 test 0.3259
epoch 91/200 loss 0.0070 train 1.0000 test 0.3247
epoch 92/200 loss 0.0070 train 1.0000 test 0.3255
epoch 93/200 loss 0.0069 train 1.0000 test 0.3271
epoch 94/200 loss 0.0073 train 1.0000 test 0.3292
epoch 95/200 loss 0.0072 train 1.0000 test 0.3281
epoch 96/200 loss 0.0074 train 1.0000 test 0.3277
epoch 97/200 loss 0.0071 train 1.0000 test 0.3278
epoch 98/200 loss 0.0070 train 1.0000 test 0.3265
epoch 99/200 loss 0.0074 train 1.0000 test 0.3266
epoch 100/200 loss 0.0070 train 1.0000 test 0.3289
epoch 101/200 loss 0.0071 train 1.0000 test 0.3272
epoch 102/200 loss 0.0076 train 1.0000 test 0.3274
epoch 103/200 loss 0.0078 train 1.0000 test 0.3257
epoch 104/200 loss 0.0073 train 1.0000 test 0.3254
epoch 105/200 loss 0.0070 train 1.0000 test 0.3259
epoch 106/200 loss 0.0070 train 1.0000 test 0.3271
epoch 107/200 loss 0.0070 train 1.0000 test 0.3301
epoch 108/200 loss 0.0072 train 1.0000 test 0.3266
epoch 109/200 loss 0.0072 train 1.0000 test 0.3275
epoch 110/200 loss 0.0074 train 1.0000 test 0.3269
epoch 111/200 loss 0.0074 train 1.0000 test 0.3291
epoch 112/200 loss 0.0077 train 1.0000 test 0.3282
epoch 113/200 loss 0.0071 train 1.0000 test 0.3261
epoch 114/200 loss 0.0069 train 1.0000 test 0.3269
epoch 115/200 loss 0.0072 train 1.0000 test 0.3266
epoch 116/200 loss 0.0071 train 1.0000 test 0.3274
epoch 117/200 loss 0.0072 train 1.0000 test 0.3281
epoch 118/200 loss 0.0073 train 1.0000 test 0.3282
epoch 119/200 loss 0.0070 train 1.0000 test 0.3290
epoch 120/200 loss 0.0068 train 1.0000 test 0.3273
epoch 121/200 loss 0.0067 train 1.0000 test 0.3289
epoch 122/200 loss 0.0070 train 1.0000 test 0.3281
epoch 123/200 loss 0.0071 train 1.0000 test 0.3271
epoch 124/200 loss 0.0069 train 1.0000 test 0.3256
epoch 125/200 loss 0.0074 train 1.0000 test 0.3286
epoch 126/200 loss 0.0068 train 1.0000 test 0.3272
epoch 127/200 loss 0.0067 train 1.0000 test 0.3286
epoch 128/200 loss 0.0067 train 1.0000 test 0.3273
epoch 129/200 loss 0.0069 train 1.0000 test 0.3280
epoch 130/200 loss 0.0066 train 1.0000 test 0.3254
epoch 131/200 loss 0.0071 train 1.0000 test 0.3267
epoch 132/200 loss 0.0071 train 1.0000 test 0.3269
epoch 133/200 loss 0.0067 train 1.0000 test 0.3271
epoch 134/200 loss 0.0070 train 1.0000 test 0.3251
epoch 135/200 loss 0.0067 train 1.0000 test 0.3265
epoch 136/200 loss 0.0065 train 1.0000 test 0.3253
epoch 137/200 loss 0.0064 train 1.0000 test 0.3258
epoch 138/200 loss 0.0066 train 1.0000 test 0.3263
epoch 139/200 loss 0.0067 train 1.0000 test 0.3260
epoch 140/200 loss 0.0067 train 1.0000 test 0.3259
epoch 141/200 loss 0.0067 train 1.0000 test 0.3265
epoch 142/200 loss 0.0063 train 1.0000 test 0.3267
epoch 143/200 loss 0.0067 train 1.0000 test 0.3276
epoch 144/200 loss 0.0067 train 1.0000 test 0.3285
epoch 145/200 loss 0.0066 train 1.0000 test 0.3271
epoch 146/200 loss 0.0063 train 1.0000 test 0.3277
epoch 147/200 loss 0.0064 train 1.0000 test 0.3266
epoch 148/200 loss 0.0066 train 1.0000 test 0.3258
epoch 149/200 loss 0.0065 train 1.0000 test 0.3263
epoch 150/200 loss 0.0066 train 1.0000 test 0.3272
epoch 151/200 loss 0.0061 train 1.0000 test 0.3261
epoch 152/200 loss 0.0063 train 1.0000 test 0.3273
epoch 153/200 loss 0.0064 train 1.0000 test 0.3277
epoch 154/200 loss 0.0063 train 1.0000 test 0.3283
epoch 155/200 loss 0.0064 train 1.0000 test 0.3262
epoch 156/200 loss 0.0061 train 1.0000 test 0.3261
epoch 157/200 loss 0.0068 train 1.0000 test 0.3277
epoch 158/200 loss 0.0067 train 1.0000 test 0.3262
epoch 159/200 loss 0.0063 train 1.0000 test 0.3264
epoch 160/200 loss 0.0059 train 1.0000 test 0.3266
epoch 161/200 loss 0.0064 train 1.0000 test 0.3276
epoch 162/200 loss 0.0063 train 1.0000 test 0.3257
epoch 163/200 loss 0.0062 train 1.0000 test 0.3256
epoch 164/200 loss 0.0061 train 1.0000 test 0.3274
epoch 165/200 loss 0.0061 train 1.0000 test 0.3278
epoch 166/200 loss 0.0063 train 1.0000 test 0.3281
epoch 167/200 loss 0.0061 train 1.0000 test 0.3276
epoch 168/200 loss 0.0065 train 1.0000 test 0.3278
epoch 169/200 loss 0.0062 train 1.0000 test 0.3264
epoch 170/200 loss 0.0064 train 1.0000 test 0.3261
epoch 171/200 loss 0.0061 train 1.0000 test 0.3276
epoch 172/200 loss 0.0061 train 1.0000 test 0.3267
epoch 173/200 loss 0.0060 train 1.0000 test 0.3273
epoch 174/200 loss 0.0062 train 1.0000 test 0.3260
epoch 175/200 loss 0.0061 train 1.0000 test 0.3269
epoch 176/200 loss 0.0061 train 1.0000 test 0.3270
epoch 177/200 loss 0.0064 train 1.0000 test 0.3265
epoch 178/200 loss 0.0062 train 1.0000 test 0.3261
epoch 179/200 loss 0.0061 train 1.0000 test 0.3281
epoch 180/200 loss 0.0062 train 1.0000 test 0.3268
epoch 181/200 loss 0.0061 train 1.0000 test 0.3263
epoch 182/200 loss 0.0060 train 1.0000 test 0.3255
epoch 183/200 loss 0.0061 train 1.0000 test 0.3264
epoch 184/200 loss 0.0059 train 1.0000 test 0.3269
epoch 185/200 loss 0.0061 train 1.0000 test 0.3277
epoch 186/200 loss 0.0061 train 1.0000 test 0.3282
epoch 187/200 loss 0.0064 train 1.0000 test 0.3262
epoch 188/200 loss 0.0062 train 1.0000 test 0.3258
epoch 189/200 loss 0.0060 train 1.0000 test 0.3270
epoch 190/200 loss 0.0063 train 1.0000 test 0.3280
epoch 191/200 loss 0.0062 train 1.0000 test 0.3287
epoch 192/200 loss 0.0061 train 1.0000 test 0.3270
epoch 193/200 loss 0.0059 train 1.0000 test 0.3263
epoch 194/200 loss 0.0059 train 1.0000 test 0.3264
epoch 195/200 loss 0.0059 train 1.0000 test 0.3261
epoch 196/200 loss 0.0060 train 1.0000 test 0.3276
epoch 197/200 loss 0.0061 train 1.0000 test 0.3277
epoch 198/200 loss 0.0061 train 1.0000 test 0.3274
epoch 199/200 loss 0.0059 train 1.0000 test 0.3274
epoch 200/200 loss 0.0061 train 1.0000 test 0.3264
done: final 0.3264 best 0.3301 -> ./runs/enmag_7pct/seed0
stem calibrated (True) on 1024 images
[enmag_7pct seed1] {"params_trainable": 11224740, "params_stem_trainable": 0, "params_stem_fixed_filters": 1936, "flops_total": 563406848, "flops_stem": 1982464, "flops_image_size": 32}
epoch 1/200 loss 4.5779 train 0.0217 test 0.0425
epoch 2/200 loss 4.2323 train 0.0602 test 0.0718
epoch 3/200 loss 3.9867 train 0.0813 test 0.0993
epoch 4/200 loss 3.8273 train 0.1036 test 0.0997
epoch 5/200 loss 3.6550 train 0.1308 test 0.1234
epoch 6/200 loss 3.5522 train 0.1536 test 0.1314
epoch 7/200 loss 3.4540 train 0.1681 test 0.1252
epoch 8/200 loss 3.3376 train 0.1808 test 0.1448
epoch 9/200 loss 3.2529 train 0.2078 test 0.1619
epoch 10/200 loss 3.1476 train 0.2202 test 0.1793
epoch 11/200 loss 3.0646 train 0.2329 test 0.1687
epoch 12/200 loss 3.0038 train 0.2477 test 0.1722
epoch 13/200 loss 2.9483 train 0.2564 test 0.1583
epoch 14/200 loss 2.8443 train 0.2720 test 0.1976
epoch 15/200 loss 2.8097 train 0.2812 test 0.1914
epoch 16/200 loss 2.6679 train 0.3070 test 0.1929
epoch 17/200 loss 2.5909 train 0.3206 test 0.1837
epoch 18/200 loss 2.5520 train 0.3258 test 0.1909
epoch 19/200 loss 2.5096 train 0.3429 test 0.1963
epoch 20/200 loss 2.4100 train 0.3623 test 0.2220
epoch 21/200 loss 2.3339 train 0.3744 test 0.2009
epoch 22/200 loss 2.2427 train 0.3938 test 0.1922
epoch 23/200 loss 2.1828 train 0.4083 test 0.2261
epoch 24/200 loss 2.0426 train 0.4485 test 0.2320
epoch 25/200 loss 1.9549 train 0.4485 test 0.2225
epoch 26/200 loss 1.8797 train 0.4769 test 0.2339
epoch 27/200 loss 1.8557 train 0.4852 test 0.2241
epoch 28/200 loss 1.7206 train 0.5064 test 0.2343
epoch 29/200 loss 1.6588 train 0.5260 test 0.2144
epoch 30/200 loss 1.6486 train 0.5231 test 0.2132
epoch 31/200 loss 1.4945 train 0.5663 test 0.2335
epoch 32/200 loss 1.3458 train 0.6059 test 0.2482
epoch 33/200 loss 1.2899 train 0.6120 test 0.2305
epoch 34/200 loss 1.2181 train 0.6415 test 0.2178
epoch 35/200 loss 1.1293 train 0.6652 test 0.2452
epoch 36/200 loss 1.0058 train 0.7034 test 0.2337
epoch 37/200 loss 0.9996 train 0.7086 test 0.2490
epoch 38/200 loss 0.8936 train 0.7234 test 0.2578
epoch 39/200 loss 0.8097 train 0.7572 test 0.2392
epoch 40/200 loss 0.7523 train 0.7682 test 0.2476
epoch 41/200 loss 0.7516 train 0.7723 test 0.2564
epoch 42/200 loss 0.6629 train 0.7975 test 0.2328
epoch 43/200 loss 0.6128 train 0.8215 test 0.2545
epoch 44/200 loss 0.5079 train 0.8455 test 0.2583
epoch 45/200 loss 0.5003 train 0.8501 test 0.2720
epoch 46/200 loss 0.4641 train 0.8568 test 0.2594
epoch 47/200 loss 0.4315 train 0.8701 test 0.2561
epoch 48/200 loss 0.3901 train 0.8886 test 0.2726
epoch 49/200 loss 0.3378 train 0.9039 test 0.2548
epoch 50/200 loss 0.2790 train 0.9239 test 0.2725
epoch 51/200 loss 0.2780 train 0.9216 test 0.2720
epoch 52/200 loss 0.2660 train 0.9251 test 0.2644
epoch 53/200 loss 0.2473 train 0.9285 test 0.2650
epoch 54/200 loss 0.2392 train 0.9308 test 0.2698
epoch 55/200 loss 0.2024 train 0.9444 test 0.2715
epoch 56/200 loss 0.1827 train 0.9537 test 0.2684
epoch 57/200 loss 0.1426 train 0.9656 test 0.2814
epoch 58/200 loss 0.1152 train 0.9742 test 0.2842
epoch 59/200 loss 0.0935 train 0.9815 test 0.2878
epoch 60/200 loss 0.0856 train 0.9809 test 0.2818
epoch 61/200 loss 0.0754 train 0.9829 test 0.2793
epoch 62/200 loss 0.0532 train 0.9913 test 0.2912
epoch 63/200 loss 0.0414 train 0.9945 test 0.2870
epoch 64/200 loss 0.0421 train 0.9936 test 0.3054
epoch 65/200 loss 0.0296 train 0.9971 test 0.3075
epoch 66/200 loss 0.0272 train 0.9971 test 0.3082
epoch 67/200 loss 0.0173 train 0.9991 test 0.3147
epoch 68/200 loss 0.0137 train 0.9994 test 0.3189
epoch 69/200 loss 0.0114 train 0.9994 test 0.3238
epoch 70/200 loss 0.0083 train 1.0000 test 0.3228
epoch 71/200 loss 0.0081 train 1.0000 test 0.3235
epoch 72/200 loss 0.0075 train 0.9997 test 0.3247
epoch 73/200 loss 0.0067 train 1.0000 test 0.3259
epoch 74/200 loss 0.0062 train 1.0000 test 0.3272
epoch 75/200 loss 0.0069 train 1.0000 test 0.3247
epoch 76/200 loss 0.0066 train 1.0000 test 0.3241
epoch 77/200 loss 0.0066 train 1.0000 test 0.3252
epoch 78/200 loss 0.0064 train 1.0000 test 0.3253
epoch 79/200 loss 0.0065 train 1.0000 test 0.3258
epoch 80/200 loss 0.0070 train 1.0000 test 0.3260
epoch 81/200 loss 0.0068 train 1.0000 test 0.3260
epoch 82/200 loss 0.0069 train 1.0000 test 0.3270
epoch 83/200 loss 0.0064 train 1.0000 test 0.3263
epoch 84/200 loss 0.0069 train 1.0000 test 0.3286
epoch 85/200 loss 0.0066 train 1.0000 test 0.3277
epoch 86/200 loss 0.0068 train 1.0000 test 0.3294
epoch 87/200 loss 0.0067 train 1.0000 test 0.3289
epoch 88/200 loss 0.0074 train 1.0000 test 0.3268
epoch 89/200 loss 0.0071 train 1.0000 test 0.3289
epoch 90/200 loss 0.0070 train 1.0000 test 0.3303
epoch 91/200 loss 0.0072 train 1.0000 test 0.3303
epoch 92/200 loss 0.0073 train 1.0000 test 0.3285
epoch 93/200 loss 0.0073 train 1.0000 test 0.3301
epoch 94/200 loss 0.0071 train 1.0000 test 0.3304
epoch 95/200 loss 0.0076 train 1.0000 test 0.3315
epoch 96/200 loss 0.0073 train 1.0000 test 0.3296
epoch 97/200 loss 0.0070 train 1.0000 test 0.3307
epoch 98/200 loss 0.0073 train 1.0000 test 0.3304
epoch 99/200 loss 0.0082 train 1.0000 test 0.3308
epoch 100/200 loss 0.0077 train 1.0000 test 0.3278
epoch 101/200 loss 0.0074 train 1.0000 test 0.3304
epoch 102/200 loss 0.0072 train 1.0000 test 0.3311
epoch 103/200 loss 0.0078 train 1.0000 test 0.3284
epoch 104/200 loss 0.0072 train 1.0000 test 0.3311
epoch 105/200 loss 0.0072 train 1.0000 test 0.3311
epoch 106/200 loss 0.0074 train 1.0000 test 0.3310
epoch 107/200 loss 0.0073 train 1.0000 test 0.3311
epoch 108/200 loss 0.0074 train 1.0000 test 0.3311
epoch 109/200 loss 0.0071 train 1.0000 test 0.3299
epoch 110/200 loss 0.0070 train 1.0000 test 0.3322
epoch 111/200 loss 0.0074 train 1.0000 test 0.3318
epoch 112/200 loss 0.0072 train 1.0000 test 0.3312
epoch 113/200 loss 0.0070 train 1.0000 test 0.3306
epoch 114/200 loss 0.0072 train 1.0000 test 0.3294
epoch 115/200 loss 0.0073 train 1.0000 test 0.3300
epoch 116/200 loss 0.0072 train 1.0000 test 0.3292
epoch 117/200 loss 0.0073 train 1.0000 test 0.3282
epoch 118/200 loss 0.0070 train 1.0000 test 0.3300
epoch 119/200 loss 0.0067 train 1.0000 test 0.3304
epoch 120/200 loss 0.0073 train 1.0000 test 0.3302
epoch 121/200 loss 0.0070 train 1.0000 test 0.3276
epoch 122/200 loss 0.0069 train 1.0000 test 0.3297
epoch 123/200 loss 0.0071 train 1.0000 test 0.3292
epoch 124/200 loss 0.0072 train 1.0000 test 0.3295
epoch 125/200 loss 0.0074 train 1.0000 test 0.3283
epoch 126/200 loss 0.0068 train 1.0000 test 0.3297
epoch 127/200 loss 0.0070 train 1.0000 test 0.3284
epoch 128/200 loss 0.0065 train 1.0000 test 0.3285
epoch 129/200 loss 0.0069 train 1.0000 test 0.3281
epoch 130/200 loss 0.0068 train 1.0000 test 0.3304
epoch 131/200 loss 0.0066 train 1.0000 test 0.3299
epoch 132/200 loss 0.0066 train 1.0000 test 0.3296
epoch 133/200 loss 0.0066 train 1.0000 test 0.3304
epoch 134/200 loss 0.0067 train 1.0000 test 0.3289
epoch 135/200 loss 0.0066 train 1.0000 test 0.3289
epoch 136/200 loss 0.0064 train 1.0000 test 0.3275
epoch 137/200 loss 0.0068 train 1.0000 test 0.3282
epoch 138/200 loss 0.0067 train 1.0000 test 0.3288
epoch 139/200 loss 0.0064 train 1.0000 test 0.3282
epoch 140/200 loss 0.0068 train 1.0000 test 0.3284
epoch 141/200 loss 0.0066 train 1.0000 test 0.3302
epoch 142/200 loss 0.0063 train 1.0000 test 0.3279
epoch 143/200 loss 0.0065 train 1.0000 test 0.3296
epoch 144/200 loss 0.0065 train 1.0000 test 0.3288
epoch 145/200 loss 0.0067 train 1.0000 test 0.3298
epoch 146/200 loss 0.0064 train 1.0000 test 0.3304
epoch 147/200 loss 0.0064 train 1.0000 test 0.3265
epoch 148/200 loss 0.0063 train 1.0000 test 0.3283
epoch 149/200 loss 0.0065 train 1.0000 test 0.3295
epoch 150/200 loss 0.0063 train 1.0000 test 0.3284
epoch 151/200 loss 0.0063 train 1.0000 test 0.3292
epoch 152/200 loss 0.0065 train 1.0000 test 0.3275
epoch 153/200 loss 0.0064 train 1.0000 test 0.3294
epoch 154/200 loss 0.0064 train 1.0000 test 0.3286
epoch 155/200 loss 0.0064 train 1.0000 test 0.3292
epoch 156/200 loss 0.0062 train 1.0000 test 0.3293
epoch 157/200 loss 0.0064 train 1.0000 test 0.3296
epoch 158/200 loss 0.0064 train 1.0000 test 0.3290
epoch 159/200 loss 0.0060 train 1.0000 test 0.3302
epoch 160/200 loss 0.0061 train 1.0000 test 0.3288
epoch 161/200 loss 0.0067 train 1.0000 test 0.3290
epoch 162/200 loss 0.0062 train 1.0000 test 0.3290
epoch 163/200 loss 0.0062 train 1.0000 test 0.3299
epoch 164/200 loss 0.0060 train 1.0000 test 0.3298
epoch 165/200 loss 0.0064 train 1.0000 test 0.3290
epoch 166/200 loss 0.0062 train 1.0000 test 0.3291
epoch 167/200 loss 0.0061 train 1.0000 test 0.3307
epoch 168/200 loss 0.0063 train 1.0000 test 0.3288
epoch 169/200 loss 0.0063 train 1.0000 test 0.3290
epoch 170/200 loss 0.0062 train 1.0000 test 0.3296
epoch 171/200 loss 0.0063 train 1.0000 test 0.3283
epoch 172/200 loss 0.0062 train 1.0000 test 0.3287
epoch 173/200 loss 0.0058 train 1.0000 test 0.3280
epoch 174/200 loss 0.0059 train 1.0000 test 0.3280
epoch 175/200 loss 0.0063 train 1.0000 test 0.3295
epoch 176/200 loss 0.0059 train 1.0000 test 0.3285
epoch 177/200 loss 0.0060 train 1.0000 test 0.3292
epoch 178/200 loss 0.0063 train 1.0000 test 0.3290
epoch 179/200 loss 0.0060 train 1.0000 test 0.3291
epoch 180/200 loss 0.0060 train 1.0000 test 0.3287
epoch 181/200 loss 0.0061 train 1.0000 test 0.3283
epoch 182/200 loss 0.0060 train 1.0000 test 0.3293
epoch 183/200 loss 0.0062 train 1.0000 test 0.3290
epoch 184/200 loss 0.0058 train 1.0000 test 0.3291
epoch 185/200 loss 0.0060 train 1.0000 test 0.3309
epoch 186/200 loss 0.0064 train 1.0000 test 0.3295
epoch 187/200 loss 0.0063 train 1.0000 test 0.3301
epoch 188/200 loss 0.0061 train 1.0000 test 0.3299
epoch 189/200 loss 0.0061 train 1.0000 test 0.3286
epoch 190/200 loss 0.0061 train 1.0000 test 0.3293
epoch 191/200 loss 0.0061 train 1.0000 test 0.3296
epoch 192/200 loss 0.0059 train 1.0000 test 0.3292
epoch 193/200 loss 0.0059 train 1.0000 test 0.3280
epoch 194/200 loss 0.0063 train 1.0000 test 0.3283
epoch 195/200 loss 0.0060 train 1.0000 test 0.3299
epoch 196/200 loss 0.0059 train 1.0000 test 0.3289
epoch 197/200 loss 0.0060 train 1.0000 test 0.3292
epoch 198/200 loss 0.0060 train 1.0000 test 0.3288
epoch 199/200 loss 0.0063 train 1.0000 test 0.3283
epoch 200/200 loss 0.0060 train 1.0000 test 0.3281
done: final 0.3281 best 0.3322 -> ./runs/enmag_7pct/seed1
stem calibrated (True) on 1024 images
[enmag_7pct seed2] {"params_trainable": 11224740, "params_stem_trainable": 0, "params_stem_fixed_filters": 1936, "flops_total": 563406848, "flops_stem": 1982464, "flops_image_size": 32}
epoch 1/200 loss 4.5625 train 0.0214 test 0.0404
epoch 2/200 loss 4.2078 train 0.0579 test 0.0612
epoch 3/200 loss 3.9141 train 0.1004 test 0.1053
epoch 4/200 loss 3.7598 train 0.1221 test 0.1042
epoch 5/200 loss 3.6400 train 0.1386 test 0.1083
epoch 6/200 loss 3.5307 train 0.1574 test 0.1249
epoch 7/200 loss 3.4314 train 0.1727 test 0.1422
epoch 8/200 loss 3.2924 train 0.1991 test 0.1461
epoch 9/200 loss 3.2329 train 0.1982 test 0.1578
epoch 10/200 loss 3.1616 train 0.2112 test 0.1720
epoch 11/200 loss 3.0537 train 0.2303 test 0.1665
epoch 12/200 loss 2.9911 train 0.2535 test 0.1689
epoch 13/200 loss 2.8708 train 0.2679 test 0.1783
epoch 14/200 loss 2.8279 train 0.2784 test 0.1832
epoch 15/200 loss 2.7474 train 0.2975 test 0.1803
epoch 16/200 loss 2.7312 train 0.2937 test 0.1804
epoch 17/200 loss 2.6343 train 0.3125 test 0.1921
epoch 18/200 loss 2.5184 train 0.3374 test 0.1939
epoch 19/200 loss 2.4779 train 0.3466 test 0.2117
epoch 20/200 loss 2.3919 train 0.3602 test 0.2236
epoch 21/200 loss 2.2835 train 0.3912 test 0.2328
epoch 22/200 loss 2.1923 train 0.4051 test 0.2313
epoch 23/200 loss 2.1724 train 0.4126 test 0.2230
epoch 24/200 loss 2.0926 train 0.4251 test 0.2271
epoch 25/200 loss 1.9660 train 0.4609 test 0.2140
epoch 26/200 loss 1.9149 train 0.4696 test 0.2353
epoch 27/200 loss 1.7639 train 0.5049 test 0.1995
epoch 28/200 loss 1.7396 train 0.5026 test 0.2074
epoch 29/200 loss 1.7028 train 0.5194 test 0.2423
epoch 30/200 loss 1.5297 train 0.5530 test 0.2430
epoch 31/200 loss 1.4548 train 0.5810 test 0.2358
epoch 32/200 loss 1.4163 train 0.5836 test 0.2548
epoch 33/200 loss 1.2978 train 0.6204 test 0.2254
epoch 34/200 loss 1.2326 train 0.6319 test 0.2423
epoch 35/200 loss 1.1613 train 0.6499 test 0.2445
epoch 36/200 loss 1.1064 train 0.6690 test 0.2554
epoch 37/200 loss 0.9869 train 0.7106 test 0.2293
epoch 38/200 loss 0.9036 train 0.7280 test 0.2448
epoch 39/200 loss 0.8300 train 0.7459 test 0.2430
epoch 40/200 loss 0.7662 train 0.7720 test 0.2562
epoch 41/200 loss 0.7322 train 0.7769 test 0.2608
epoch 42/200 loss 0.6479 train 0.8027 test 0.2287
epoch 43/200 loss 0.5473 train 0.8348 test 0.2659
epoch 44/200 loss 0.5573 train 0.8394 test 0.2574
epoch 45/200 loss 0.4929 train 0.8530 test 0.2535
epoch 46/200 loss 0.4450 train 0.8675 test 0.2470
epoch 47/200 loss 0.3890 train 0.8843 test 0.2731
epoch 48/200 loss 0.3936 train 0.8773 test 0.2578
epoch 49/200 loss 0.3599 train 0.8981 test 0.2621
epoch 50/200 loss 0.3348 train 0.8999 test 0.2626
epoch 51/200 loss 0.2963 train 0.9158 test 0.2610
epoch 52/200 loss 0.2801 train 0.9164 test 0.2500
epoch 53/200 loss 0.2617 train 0.9236 test 0.2688
epoch 54/200 loss 0.2367 train 0.9361 test 0.2646
epoch 55/200 loss 0.1935 train 0.9502 test 0.2706
epoch 56/200 loss 0.1508 train 0.9601 test 0.2820
epoch 57/200 loss 0.1194 train 0.9745 test 0.2703
epoch 58/200 loss 0.1587 train 0.9595 test 0.2713
epoch 59/200 loss 0.1344 train 0.9661 test 0.2779
epoch 60/200 loss 0.0990 train 0.9789 test 0.2872
epoch 61/200 loss 0.0801 train 0.9823 test 0.2891
epoch 62/200 loss 0.0807 train 0.9812 test 0.2875
epoch 63/200 loss 0.0799 train 0.9829 test 0.2887
epoch 64/200 loss 0.0713 train 0.9844 test 0.2924
epoch 65/200 loss 0.0563 train 0.9899 test 0.2978
epoch 66/200 loss 0.0473 train 0.9907 test 0.2876
epoch 67/200 loss 0.0427 train 0.9939 test 0.3066
epoch 68/200 loss 0.0386 train 0.9933 test 0.2971
epoch 69/200 loss 0.0326 train 0.9957 test 0.2996
epoch 70/200 loss 0.0242 train 0.9965 test 0.3034
epoch 71/200 loss 0.0165 train 0.9991 test 0.3185
epoch 72/200 loss 0.0123 train 0.9988 test 0.3191
epoch 73/200 loss 0.0107 train 0.9994 test 0.3160
epoch 74/200 loss 0.0107 train 0.9988 test 0.3143
epoch 75/200 loss 0.0110 train 1.0000 test 0.3200
epoch 76/200 loss 0.0097 train 0.9994 test 0.3166
epoch 77/200 loss 0.0075 train 0.9997 test 0.3222
epoch 78/200 loss 0.0079 train 0.9991 test 0.3212
epoch 79/200 loss 0.0074 train 1.0000 test 0.3226
epoch 80/200 loss 0.0060 train 1.0000 test 0.3218
epoch 81/200 loss 0.0062 train 1.0000 test 0.3226
epoch 82/200 loss 0.0060 train 1.0000 test 0.3250
epoch 83/200 loss 0.0060 train 1.0000 test 0.3259
epoch 84/200 loss 0.0055 train 1.0000 test 0.3261
epoch 85/200 loss 0.0061 train 1.0000 test 0.3259
epoch 86/200 loss 0.0060 train 1.0000 test 0.3275
epoch 87/200 loss 0.0066 train 1.0000 test 0.3282
epoch 88/200 loss 0.0069 train 1.0000 test 0.3257
epoch 89/200 loss 0.0064 train 1.0000 test 0.3280
epoch 90/200 loss 0.0063 train 1.0000 test 0.3289
epoch 91/200 loss 0.0066 train 1.0000 test 0.3276
epoch 92/200 loss 0.0067 train 1.0000 test 0.3277
epoch 93/200 loss 0.0069 train 1.0000 test 0.3275
epoch 94/200 loss 0.0065 train 1.0000 test 0.3290
epoch 95/200 loss 0.0066 train 1.0000 test 0.3260
epoch 96/200 loss 0.0064 train 1.0000 test 0.3260
epoch 97/200 loss 0.0067 train 1.0000 test 0.3270
epoch 98/200 loss 0.0068 train 1.0000 test 0.3271
epoch 99/200 loss 0.0068 train 1.0000 test 0.3248
epoch 100/200 loss 0.0070 train 1.0000 test 0.3278
epoch 101/200 loss 0.0071 train 1.0000 test 0.3253
epoch 102/200 loss 0.0069 train 1.0000 test 0.3287
epoch 103/200 loss 0.0070 train 1.0000 test 0.3282
epoch 104/200 loss 0.0070 train 1.0000 test 0.3299
epoch 105/200 loss 0.0065 train 1.0000 test 0.3304
epoch 106/200 loss 0.0068 train 1.0000 test 0.3303
epoch 107/200 loss 0.0072 train 1.0000 test 0.3291
epoch 108/200 loss 0.0070 train 1.0000 test 0.3316
epoch 109/200 loss 0.0069 train 1.0000 test 0.3298
epoch 110/200 loss 0.0068 train 1.0000 test 0.3286
epoch 111/200 loss 0.0074 train 1.0000 test 0.3305
epoch 112/200 loss 0.0074 train 1.0000 test 0.3297
epoch 113/200 loss 0.0068 train 1.0000 test 0.3284
epoch 114/200 loss 0.0069 train 1.0000 test 0.3271
epoch 115/200 loss 0.0068 train 1.0000 test 0.3290
epoch 116/200 loss 0.0071 train 1.0000 test 0.3284
epoch 117/200 loss 0.0072 train 1.0000 test 0.3289
epoch 118/200 loss 0.0069 train 1.0000 test 0.3286
epoch 119/200 loss 0.0069 train 1.0000 test 0.3303
epoch 120/200 loss 0.0070 train 1.0000 test 0.3273
epoch 121/200 loss 0.0073 train 1.0000 test 0.3283
epoch 122/200 loss 0.0066 train 1.0000 test 0.3298
epoch 123/200 loss 0.0072 train 1.0000 test 0.3287
epoch 124/200 loss 0.0072 train 1.0000 test 0.3286
epoch 125/200 loss 0.0067 train 1.0000 test 0.3298
epoch 126/200 loss 0.0067 train 1.0000 test 0.3277
epoch 127/200 loss 0.0066 train 1.0000 test 0.3309
epoch 128/200 loss 0.0068 train 1.0000 test 0.3289
epoch 129/200 loss 0.0068 train 1.0000 test 0.3293
epoch 130/200 loss 0.0067 train 1.0000 test 0.3299
epoch 131/200 loss 0.0068 train 1.0000 test 0.3304
epoch 132/200 loss 0.0067 train 1.0000 test 0.3305
epoch 133/200 loss 0.0064 train 1.0000 test 0.3320
epoch 134/200 loss 0.0065 train 1.0000 test 0.3301
epoch 135/200 loss 0.0065 train 1.0000 test 0.3307
epoch 136/200 loss 0.0064 train 1.0000 test 0.3315
epoch 137/200 loss 0.0068 train 1.0000 test 0.3283
epoch 138/200 loss 0.0067 train 1.0000 test 0.3298
epoch 139/200 loss 0.0066 train 1.0000 test 0.3304
epoch 140/200 loss 0.0067 train 1.0000 test 0.3301
epoch 141/200 loss 0.0067 train 1.0000 test 0.3322
epoch 142/200 loss 0.0067 train 1.0000 test 0.3299
epoch 143/200 loss 0.0066 train 1.0000 test 0.3314
epoch 144/200 loss 0.0064 train 1.0000 test 0.3322
epoch 145/200 loss 0.0066 train 1.0000 test 0.3304
epoch 146/200 loss 0.0069 train 1.0000 test 0.3299
epoch 147/200 loss 0.0063 train 1.0000 test 0.3292
epoch 148/200 loss 0.0065 train 1.0000 test 0.3295
epoch 149/200 loss 0.0066 train 1.0000 test 0.3294
epoch 150/200 loss 0.0065 train 1.0000 test 0.3295
epoch 151/200 loss 0.0064 train 1.0000 test 0.3311
epoch 152/200 loss 0.0064 train 1.0000 test 0.3294
epoch 153/200 loss 0.0065 train 1.0000 test 0.3308
epoch 154/200 loss 0.0066 train 1.0000 test 0.3307
epoch 155/200 loss 0.0065 train 1.0000 test 0.3295
epoch 156/200 loss 0.0066 train 1.0000 test 0.3297
epoch 157/200 loss 0.0063 train 1.0000 test 0.3292
epoch 158/200 loss 0.0065 train 1.0000 test 0.3282
epoch 159/200 loss 0.0064 train 1.0000 test 0.3317
epoch 160/200 loss 0.0063 train 1.0000 test 0.3312
epoch 161/200 loss 0.0062 train 1.0000 test 0.3300
epoch 162/200 loss 0.0065 train 1.0000 test 0.3310
epoch 163/200 loss 0.0064 train 1.0000 test 0.3315
epoch 164/200 loss 0.0068 train 1.0000 test 0.3313
epoch 165/200 loss 0.0065 train 1.0000 test 0.3307
epoch 166/200 loss 0.0064 train 1.0000 test 0.3306
epoch 167/200 loss 0.0063 train 1.0000 test 0.3314
epoch 168/200 loss 0.0062 train 1.0000 test 0.3313
epoch 169/200 loss 0.0065 train 1.0000 test 0.3304
epoch 170/200 loss 0.0066 train 1.0000 test 0.3288
epoch 171/200 loss 0.0061 train 1.0000 test 0.3306
epoch 172/200 loss 0.0063 train 1.0000 test 0.3298
epoch 173/200 loss 0.0061 train 1.0000 test 0.3297
epoch 174/200 loss 0.0065 train 1.0000 test 0.3305
epoch 175/200 loss 0.0062 train 1.0000 test 0.3290
epoch 176/200 loss 0.0063 train 1.0000 test 0.3301
epoch 177/200 loss 0.0061 train 1.0000 test 0.3292
epoch 178/200 loss 0.0063 train 1.0000 test 0.3291
epoch 179/200 loss 0.0063 train 1.0000 test 0.3300
epoch 180/200 loss 0.0064 train 1.0000 test 0.3288
epoch 181/200 loss 0.0063 train 1.0000 test 0.3291
epoch 182/200 loss 0.0063 train 1.0000 test 0.3308
epoch 183/200 loss 0.0063 train 1.0000 test 0.3301
epoch 184/200 loss 0.0064 train 1.0000 test 0.3288
epoch 185/200 loss 0.0064 train 1.0000 test 0.3296
epoch 186/200 loss 0.0062 train 1.0000 test 0.3297
epoch 187/200 loss 0.0064 train 1.0000 test 0.3289
epoch 188/200 loss 0.0062 train 1.0000 test 0.3293
epoch 189/200 loss 0.0061 train 1.0000 test 0.3297
epoch 190/200 loss 0.0064 train 1.0000 test 0.3292
epoch 191/200 loss 0.0062 train 1.0000 test 0.3301
epoch 192/200 loss 0.0061 train 1.0000 test 0.3293
epoch 193/200 loss 0.0063 train 1.0000 test 0.3306
epoch 194/200 loss 0.0060 train 1.0000 test 0.3296
epoch 195/200 loss 0.0063 train 1.0000 test 0.3299
epoch 196/200 loss 0.0063 train 1.0000 test 0.3302
epoch 197/200 loss 0.0062 train 1.0000 test 0.3302
epoch 198/200 loss 0.0060 train 1.0000 test 0.3302
epoch 199/200 loss 0.0060 train 1.0000 test 0.3303
epoch 200/200 loss 0.0062 train 1.0000 test 0.3316
done: final 0.3316 best 0.3322 -> ./runs/enmag_7pct/seed2
ENMAG_ENV_7PCT_DONE
stem calibrated (True) on 1024 images
[enmag_2pct seed0] {"params_trainable": 11224740, "params_stem_trainable": 0, "params_stem_fixed_filters": 1936, "flops_total": 563406848, "flops_stem": 1982464, "flops_image_size": 32}
epoch 1/200 loss 4.6561 train 0.0033 test 0.0157
epoch 2/200 loss 4.5574 train 0.0246 test 0.0387
epoch 3/200 loss 4.3803 train 0.0368 test 0.0437
epoch 4/200 loss 4.1909 train 0.0714 test 0.0516
epoch 5/200 loss 4.0415 train 0.0759 test 0.0572
epoch 6/200 loss 3.9170 train 0.0871 test 0.0708
epoch 7/200 loss 3.8226 train 0.1194 test 0.0745
epoch 8/200 loss 3.7002 train 0.1317 test 0.0825
epoch 9/200 loss 3.6302 train 0.1395 test 0.0786
epoch 10/200 loss 3.5071 train 0.1719 test 0.0856
epoch 11/200 loss 3.4453 train 0.1819 test 0.0950
epoch 12/200 loss 3.3892 train 0.1819 test 0.0890
epoch 13/200 loss 3.2796 train 0.1920 test 0.1063
epoch 14/200 loss 3.2216 train 0.2221 test 0.0983
epoch 15/200 loss 3.1481 train 0.2254 test 0.1071
epoch 16/200 loss 3.0818 train 0.2232 test 0.1185
epoch 17/200 loss 2.9656 train 0.2623 test 0.1142
epoch 18/200 loss 2.9343 train 0.2589 test 0.1171
epoch 19/200 loss 2.8878 train 0.2723 test 0.1241
epoch 20/200 loss 2.7864 train 0.3013 test 0.1149
epoch 21/200 loss 2.7356 train 0.3225 test 0.1189
epoch 22/200 loss 2.7060 train 0.2980 test 0.1274
epoch 23/200 loss 2.6253 train 0.3304 test 0.1274
epoch 24/200 loss 2.5966 train 0.3181 test 0.1252
epoch 25/200 loss 2.4585 train 0.3493 test 0.1316
epoch 26/200 loss 2.3781 train 0.3717 test 0.1353
epoch 27/200 loss 2.3193 train 0.3828 test 0.1232
epoch 28/200 loss 2.3196 train 0.3850 test 0.1264
epoch 29/200 loss 2.1847 train 0.4196 test 0.1154
epoch 30/200 loss 2.1270 train 0.4230 test 0.1265
epoch 31/200 loss 2.1085 train 0.4342 test 0.1401
epoch 32/200 loss 1.9796 train 0.4531 test 0.1428
epoch 33/200 loss 1.9248 train 0.4866 test 0.1336
epoch 34/200 loss 1.8060 train 0.5078 test 0.1302
epoch 35/200 loss 1.7505 train 0.5089 test 0.1418
epoch 36/200 loss 1.6280 train 0.5513 test 0.1383
epoch 37/200 loss 1.6181 train 0.5603 test 0.1390
epoch 38/200 loss 1.4437 train 0.6116 test 0.1334
epoch 39/200 loss 1.3822 train 0.6161 test 0.1482
epoch 40/200 loss 1.3545 train 0.6317 test 0.1372
epoch 41/200 loss 1.3191 train 0.6417 test 0.1427
epoch 42/200 loss 1.2155 train 0.6741 test 0.1314
epoch 43/200 loss 1.1733 train 0.6708 test 0.1319
epoch 44/200 loss 1.0271 train 0.7321 test 0.1457
epoch 45/200 loss 1.0326 train 0.7098 test 0.1421
epoch 46/200 loss 1.0455 train 0.6998 test 0.1328
epoch 47/200 loss 0.9627 train 0.7355 test 0.1467
epoch 48/200 loss 0.8462 train 0.7757 test 0.1364
epoch 49/200 loss 0.7806 train 0.7980 test 0.1445
epoch 50/200 loss 0.7976 train 0.7980 test 0.1490
epoch 51/200 loss 0.6719 train 0.8259 test 0.1485
epoch 52/200 loss 0.6189 train 0.8661 test 0.1441
epoch 53/200 loss 0.4881 train 0.8917 test 0.1445
epoch 54/200 loss 0.4693 train 0.8906 test 0.1535
epoch 55/200 loss 0.4118 train 0.9074 test 0.1444
epoch 56/200 loss 0.3469 train 0.9129 test 0.1582
epoch 57/200 loss 0.3079 train 0.9397 test 0.1555
epoch 58/200 loss 0.2860 train 0.9319 test 0.1591
epoch 59/200 loss 0.2547 train 0.9554 test 0.1558
epoch 60/200 loss 0.2298 train 0.9487 test 0.1564
epoch 61/200 loss 0.1973 train 0.9688 test 0.1578
epoch 62/200 loss 0.1649 train 0.9833 test 0.1542
epoch 63/200 loss 0.1473 train 0.9743 test 0.1671
epoch 64/200 loss 0.1379 train 0.9821 test 0.1522
epoch 65/200 loss 0.1115 train 0.9922 test 0.1651
epoch 66/200 loss 0.0938 train 0.9911 test 0.1593
epoch 67/200 loss 0.0822 train 0.9877 test 0.1642
epoch 68/200 loss 0.0652 train 0.9944 test 0.1684
epoch 69/200 loss 0.0573 train 0.9955 test 0.1691
epoch 70/200 loss 0.0526 train 0.9955 test 0.1633
epoch 71/200 loss 0.0448 train 0.9978 test 0.1737
epoch 72/200 loss 0.0446 train 0.9978 test 0.1747
epoch 73/200 loss 0.0404 train 0.9978 test 0.1693
epoch 74/200 loss 0.0306 train 1.0000 test 0.1715
epoch 75/200 loss 0.0230 train 0.9989 test 0.1738
epoch 76/200 loss 0.0245 train 0.9989 test 0.1786
epoch 77/200 loss 0.0201 train 1.0000 test 0.1743
epoch 78/200 loss 0.0178 train 1.0000 test 0.1715
epoch 79/200 loss 0.0189 train 1.0000 test 0.1785
epoch 80/200 loss 0.0176 train 0.9989 test 0.1812
epoch 81/200 loss 0.0151 train 1.0000 test 0.1789
epoch 82/200 loss 0.0155 train 1.0000 test 0.1755
epoch 83/200 loss 0.0133 train 1.0000 test 0.1774
epoch 84/200 loss 0.0144 train 1.0000 test 0.1787
epoch 85/200 loss 0.0147 train 1.0000 test 0.1785
epoch 86/200 loss 0.0120 train 1.0000 test 0.1802
epoch 87/200 loss 0.0122 train 1.0000 test 0.1803
epoch 88/200 loss 0.0107 train 1.0000 test 0.1809
epoch 89/200 loss 0.0112 train 1.0000 test 0.1796
epoch 90/200 loss 0.0120 train 1.0000 test 0.1805
epoch 91/200 loss 0.0113 train 1.0000 test 0.1788
epoch 92/200 loss 0.0132 train 0.9989 test 0.1809
epoch 93/200 loss 0.0110 train 1.0000 test 0.1801
epoch 94/200 loss 0.0123 train 1.0000 test 0.1804
epoch 95/200 loss 0.0104 train 1.0000 test 0.1807
epoch 96/200 loss 0.0115 train 1.0000 test 0.1798
epoch 97/200 loss 0.0109 train 1.0000 test 0.1812
epoch 98/200 loss 0.0098 train 1.0000 test 0.1829
epoch 99/200 loss 0.0101 train 1.0000 test 0.1811
epoch 100/200 loss 0.0094 train 1.0000 test 0.1806
epoch 101/200 loss 0.0101 train 1.0000 test 0.1793
epoch 102/200 loss 0.0109 train 1.0000 test 0.1809
epoch 103/200 loss 0.0101 train 1.0000 test 0.1810
epoch 104/200 loss 0.0101 train 1.0000 test 0.1812
epoch 105/200 loss 0.0105 train 1.0000 test 0.1808
epoch 106/200 loss 0.0106 train 1.0000 test 0.1815
epoch 107/200 loss 0.0092 train 1.0000 test 0.1793
epoch 108/200 loss 0.0093 train 1.0000 test 0.1803
epoch 109/200 loss 0.0093 train 1.0000 test 0.1803
epoch 110/200 loss 0.0090 train 1.0000 test 0.1792
epoch 111/200 loss 0.0092 train 1.0000 test 0.1794
epoch 112/200 loss 0.0093 train 1.0000 test 0.1813
epoch 113/200 loss 0.0092 train 1.0000 test 0.1828
epoch 114/200 loss 0.0103 train 1.0000 test 0.1815
epoch 115/200 loss 0.0098 train 1.0000 test 0.1817
epoch 116/200 loss 0.0085 train 1.0000 test 0.1818
epoch 117/200 loss 0.0098 train 1.0000 test 0.1816
epoch 118/200 loss 0.0101 train 1.0000 test 0.1807
epoch 119/200 loss 0.0085 train 1.0000 test 0.1813
epoch 120/200 loss 0.0085 train 1.0000 test 0.1813
epoch 121/200 loss 0.0091 train 1.0000 test 0.1814
epoch 122/200 loss 0.0089 train 1.0000 test 0.1826
epoch 123/200 loss 0.0088 train 1.0000 test 0.1822
epoch 124/200 loss 0.0089 train 1.0000 test 0.1835
epoch 125/200 loss 0.0102 train 1.0000 test 0.1835
epoch 126/200 loss 0.0085 train 1.0000 test 0.1812
epoch 127/200 loss 0.0089 train 1.0000 test 0.1816
epoch 128/200 loss 0.0083 train 1.0000 test 0.1831
epoch 129/200 loss 0.0086 train 1.0000 test 0.1831
epoch 130/200 loss 0.0087 train 1.0000 test 0.1826
epoch 131/200 loss 0.0088 train 1.0000 test 0.1819
epoch 132/200 loss 0.0099 train 1.0000 test 0.1823
epoch 133/200 loss 0.0082 train 1.0000 test 0.1815
epoch 134/200 loss 0.0090 train 1.0000 test 0.1802
epoch 135/200 loss 0.0092 train 1.0000 test 0.1822
epoch 136/200 loss 0.0091 train 1.0000 test 0.1820
epoch 137/200 loss 0.0090 train 1.0000 test 0.1824
epoch 138/200 loss 0.0090 train 1.0000 test 0.1818
epoch 139/200 loss 0.0085 train 1.0000 test 0.1821
epoch 140/200 loss 0.0087 train 1.0000 test 0.1823
epoch 141/200 loss 0.0083 train 1.0000 test 0.1825
epoch 142/200 loss 0.0086 train 1.0000 test 0.1819
epoch 143/200 loss 0.0083 train 1.0000 test 0.1817
epoch 144/200 loss 0.0079 train 1.0000 test 0.1823
epoch 145/200 loss 0.0086 train 1.0000 test 0.1823
epoch 146/200 loss 0.0084 train 1.0000 test 0.1819
epoch 147/200 loss 0.0083 train 1.0000 test 0.1808
epoch 148/200 loss 0.0087 train 1.0000 test 0.1813
epoch 149/200 loss 0.0093 train 1.0000 test 0.1815
epoch 150/200 loss 0.0092 train 1.0000 test 0.1806
epoch 151/200 loss 0.0085 train 1.0000 test 0.1803
epoch 152/200 loss 0.0082 train 1.0000 test 0.1805
epoch 153/200 loss 0.0088 train 1.0000 test 0.1812
epoch 154/200 loss 0.0082 train 1.0000 test 0.1806
epoch 155/200 loss 0.0084 train 1.0000 test 0.1818
epoch 156/200 loss 0.0082 train 1.0000 test 0.1822
epoch 157/200 loss 0.0088 train 1.0000 test 0.1815
epoch 158/200 loss 0.0076 train 1.0000 test 0.1816
epoch 159/200 loss 0.0087 train 1.0000 test 0.1814
epoch 160/200 loss 0.0089 train 1.0000 test 0.1819
epoch 161/200 loss 0.0077 train 1.0000 test 0.1812
epoch 162/200 loss 0.0086 train 1.0000 test 0.1814
epoch 163/200 loss 0.0074 train 1.0000 test 0.1811
epoch 164/200 loss 0.0078 train 1.0000 test 0.1809
epoch 165/200 loss 0.0076 train 1.0000 test 0.1811
epoch 166/200 loss 0.0083 train 1.0000 test 0.1805
epoch 167/200 loss 0.0081 train 1.0000 test 0.1817
epoch 168/200 loss 0.0074 train 1.0000 test 0.1811
epoch 169/200 loss 0.0086 train 1.0000 test 0.1810
epoch 170/200 loss 0.0090 train 1.0000 test 0.1817
epoch 171/200 loss 0.0082 train 1.0000 test 0.1807
epoch 172/200 loss 0.0087 train 1.0000 test 0.1821
epoch 173/200 loss 0.0088 train 1.0000 test 0.1822
epoch 174/200 loss 0.0077 train 1.0000 test 0.1816
epoch 175/200 loss 0.0077 train 1.0000 test 0.1822
epoch 176/200 loss 0.0080 train 1.0000 test 0.1813
epoch 177/200 loss 0.0081 train 1.0000 test 0.1817
epoch 178/200 loss 0.0080 train 1.0000 test 0.1812
epoch 179/200 loss 0.0077 train 1.0000 test 0.1810
epoch 180/200 loss 0.0081 train 1.0000 test 0.1812
epoch 181/200 loss 0.0077 train 1.0000 test 0.1818
epoch 182/200 loss 0.0087 train 1.0000 test 0.1804
epoch 183/200 loss 0.0083 train 1.0000 test 0.1817
epoch 184/200 loss 0.0074 train 1.0000 test 0.1807
epoch 185/200 loss 0.0082 train 1.0000 test 0.1812
epoch 186/200 loss 0.0081 train 1.0000 test 0.1816
epoch 187/200 loss 0.0077 train 1.0000 test 0.1819
epoch 188/200 loss 0.0082 train 1.0000 test 0.1817
epoch 189/200 loss 0.0101 train 1.0000 test 0.1816
epoch 190/200 loss 0.0082 train 1.0000 test 0.1817
epoch 191/200 loss 0.0079 train 1.0000 test 0.1819
epoch 192/200 loss 0.0071 train 1.0000 test 0.1818
epoch 193/200 loss 0.0089 train 1.0000 test 0.1815
epoch 194/200 loss 0.0081 train 1.0000 test 0.1815
epoch 195/200 loss 0.0091 train 1.0000 test 0.1811
epoch 196/200 loss 0.0091 train 1.0000 test 0.1812
epoch 197/200 loss 0.0086 train 1.0000 test 0.1818
epoch 198/200 loss 0.0088 train 1.0000 test 0.1815
epoch 199/200 loss 0.0085 train 1.0000 test 0.1824
epoch 200/200 loss 0.0078 train 1.0000 test 0.1814
done: final 0.1814 best 0.1835 -> ./runs/enmag_2pct/seed0
stem calibrated (True) on 1024 images
[enmag_2pct seed1] {"params_trainable": 11224740, "params_stem_trainable": 0, "params_stem_fixed_filters": 1936, "flops_total": 563406848, "flops_stem": 1982464, "flops_image_size": 32}
epoch 1/200 loss 4.6637 train 0.0078 test 0.0185
epoch 2/200 loss 4.5524 train 0.0212 test 0.0320
epoch 3/200 loss 4.4124 train 0.0357 test 0.0418
epoch 4/200 loss 4.2073 train 0.0636 test 0.0508
epoch 5/200 loss 4.0972 train 0.0658 test 0.0618
epoch 6/200 loss 3.9690 train 0.0893 test 0.0576
epoch 7/200 loss 3.8421 train 0.1150 test 0.0790
epoch 8/200 loss 3.7307 train 0.1373 test 0.0780
epoch 9/200 loss 3.6513 train 0.1362 test 0.0844
epoch 10/200 loss 3.5182 train 0.1674 test 0.0892
epoch 11/200 loss 3.4880 train 0.1629 test 0.0785
epoch 12/200 loss 3.3881 train 0.1864 test 0.0981
epoch 13/200 loss 3.3653 train 0.1998 test 0.0934
epoch 14/200 loss 3.2460 train 0.1987 test 0.0965
epoch 15/200 loss 3.1779 train 0.2299 test 0.1105
epoch 16/200 loss 3.1220 train 0.2188 test 0.1118
epoch 17/200 loss 3.0406 train 0.2377 test 0.1175
epoch 18/200 loss 2.9376 train 0.2801 test 0.1225
epoch 19/200 loss 2.8778 train 0.2757 test 0.1169
epoch 20/200 loss 2.8431 train 0.2913 test 0.1220
epoch 21/200 loss 2.7676 train 0.3114 test 0.1266
epoch 22/200 loss 2.6852 train 0.3158 test 0.1002
epoch 23/200 loss 2.6109 train 0.3047 test 0.1155
epoch 24/200 loss 2.5135 train 0.3549 test 0.1237
epoch 25/200 loss 2.5358 train 0.3248 test 0.1177
epoch 26/200 loss 2.4088 train 0.3426 test 0.1405
epoch 27/200 loss 2.3798 train 0.3795 test 0.1195
epoch 28/200 loss 2.2707 train 0.4018 test 0.1290
epoch 29/200 loss 2.1530 train 0.4286 test 0.1261
epoch 30/200 loss 2.1645 train 0.4364 test 0.1238
epoch 31/200 loss 2.0373 train 0.4487 test 0.1190
epoch 32/200 loss 1.9157 train 0.4888 test 0.1383
epoch 33/200 loss 1.8819 train 0.4810 test 0.1359
epoch 34/200 loss 1.8217 train 0.4922 test 0.1321
epoch 35/200 loss 1.8115 train 0.5268 test 0.1337
epoch 36/200 loss 1.7317 train 0.5223 test 0.1345
epoch 37/200 loss 1.6564 train 0.5346 test 0.1346
epoch 38/200 loss 1.5548 train 0.5770 test 0.1425
epoch 39/200 loss 1.4198 train 0.6272 test 0.1410
epoch 40/200 loss 1.3815 train 0.6150 test 0.1353
epoch 41/200 loss 1.2927 train 0.6417 test 0.1454
epoch 42/200 loss 1.2018 train 0.6719 test 0.1359
epoch 43/200 loss 1.1574 train 0.6819 test 0.1450
epoch 44/200 loss 1.0874 train 0.7121 test 0.1351
epoch 45/200 loss 0.9692 train 0.7567 test 0.1398
epoch 46/200 loss 0.8674 train 0.7746 test 0.1400
epoch 47/200 loss 0.8395 train 0.7857 test 0.1485
epoch 48/200 loss 0.7089 train 0.8281 test 0.1494
epoch 49/200 loss 0.6836 train 0.8393 test 0.1306
epoch 50/200 loss 0.6902 train 0.8281 test 0.1403
epoch 51/200 loss 0.6523 train 0.8292 test 0.1313
epoch 52/200 loss 0.5839 train 0.8493 test 0.1427
epoch 53/200 loss 0.5327 train 0.8616 test 0.1339
epoch 54/200 loss 0.4510 train 0.8929 test 0.1464
epoch 55/200 loss 0.3785 train 0.9241 test 0.1406
epoch 56/200 loss 0.3590 train 0.9174 test 0.1507
epoch 57/200 loss 0.2976 train 0.9420 test 0.1488
epoch 58/200 loss 0.2729 train 0.9498 test 0.1503
epoch 59/200 loss 0.2264 train 0.9587 test 0.1495
epoch 60/200 loss 0.2174 train 0.9621 test 0.1591
epoch 61/200 loss 0.2030 train 0.9565 test 0.1436
epoch 62/200 loss 0.1762 train 0.9688 test 0.1485
epoch 63/200 loss 0.1766 train 0.9710 test 0.1588
epoch 64/200 loss 0.1449 train 0.9799 test 0.1535
epoch 65/200 loss 0.1465 train 0.9766 test 0.1555
epoch 66/200 loss 0.1078 train 0.9888 test 0.1612
epoch 67/200 loss 0.0985 train 0.9900 test 0.1512
epoch 68/200 loss 0.0994 train 0.9888 test 0.1552
epoch 69/200 loss 0.0745 train 0.9933 test 0.1600
epoch 70/200 loss 0.0755 train 0.9955 test 0.1588
epoch 71/200 loss 0.0574 train 0.9955 test 0.1675
epoch 72/200 loss 0.0507 train 0.9944 test 0.1590
epoch 73/200 loss 0.0515 train 0.9967 test 0.1613
epoch 74/200 loss 0.0400 train 0.9978 test 0.1701
epoch 75/200 loss 0.0323 train 0.9989 test 0.1702
epoch 76/200 loss 0.0254 train 1.0000 test 0.1714
epoch 77/200 loss 0.0225 train 1.0000 test 0.1723
epoch 78/200 loss 0.0173 train 1.0000 test 0.1715
epoch 79/200 loss 0.0238 train 0.9978 test 0.1672
epoch 80/200 loss 0.0196 train 1.0000 test 0.1731
epoch 81/200 loss 0.0166 train 0.9989 test 0.1724
epoch 82/200 loss 0.0168 train 1.0000 test 0.1684
epoch 83/200 loss 0.0146 train 1.0000 test 0.1693
epoch 84/200 loss 0.0141 train 1.0000 test 0.1687
epoch 85/200 loss 0.0127 train 1.0000 test 0.1715
epoch 86/200 loss 0.0115 train 1.0000 test 0.1719
epoch 87/200 loss 0.0135 train 1.0000 test 0.1735
epoch 88/200 loss 0.0138 train 1.0000 test 0.1734
epoch 89/200 loss 0.0115 train 1.0000 test 0.1718
epoch 90/200 loss 0.0112 train 1.0000 test 0.1714
epoch 91/200 loss 0.0108 train 1.0000 test 0.1716
epoch 92/200 loss 0.0107 train 1.0000 test 0.1693
epoch 93/200 loss 0.0116 train 1.0000 test 0.1691
epoch 94/200 loss 0.0128 train 1.0000 test 0.1709
epoch 95/200 loss 0.0111 train 1.0000 test 0.1717
epoch 96/200 loss 0.0107 train 1.0000 test 0.1733
epoch 97/200 loss 0.0094 train 1.0000 test 0.1726
epoch 98/200 loss 0.0103 train 1.0000 test 0.1723
epoch 99/200 loss 0.0085 train 1.0000 test 0.1724
epoch 100/200 loss 0.0101 train 1.0000 test 0.1717
epoch 101/200 loss 0.0088 train 1.0000 test 0.1724
epoch 102/200 loss 0.0099 train 1.0000 test 0.1728
epoch 103/200 loss 0.0102 train 1.0000 test 0.1725
epoch 104/200 loss 0.0094 train 1.0000 test 0.1731
epoch 105/200 loss 0.0095 train 1.0000 test 0.1724
epoch 106/200 loss 0.0087 train 1.0000 test 0.1722
epoch 107/200 loss 0.0092 train 1.0000 test 0.1702
epoch 108/200 loss 0.0093 train 1.0000 test 0.1709
epoch 109/200 loss 0.0097 train 1.0000 test 0.1717
epoch 110/200 loss 0.0110 train 1.0000 test 0.1709
epoch 111/200 loss 0.0087 train 1.0000 test 0.1717
epoch 112/200 loss 0.0101 train 1.0000 test 0.1722
epoch 113/200 loss 0.0104 train 1.0000 test 0.1719
epoch 114/200 loss 0.0096 train 1.0000 test 0.1712
epoch 115/200 loss 0.0099 train 1.0000 test 0.1719
epoch 116/200 loss 0.0079 train 1.0000 test 0.1721
epoch 117/200 loss 0.0088 train 1.0000 test 0.1708
epoch 118/200 loss 0.0087 train 1.0000 test 0.1718
epoch 119/200 loss 0.0084 train 1.0000 test 0.1724
epoch 120/200 loss 0.0082 train 1.0000 test 0.1721
epoch 121/200 loss 0.0084 train 1.0000 test 0.1717
epoch 122/200 loss 0.0082 train 1.0000 test 0.1713
epoch 123/200 loss 0.0080 train 1.0000 test 0.1707
epoch 124/200 loss 0.0081 train 1.0000 test 0.1704
epoch 125/200 loss 0.0088 train 1.0000 test 0.1694
epoch 126/200 loss 0.0080 train 1.0000 test 0.1698
epoch 127/200 loss 0.0095 train 1.0000 test 0.1699
epoch 128/200 loss 0.0081 train 1.0000 test 0.1709
epoch 129/200 loss 0.0093 train 1.0000 test 0.1707
epoch 130/200 loss 0.0090 train 1.0000 test 0.1718
epoch 131/200 loss 0.0089 train 1.0000 test 0.1709
epoch 132/200 loss 0.0083 train 1.0000 test 0.1700
epoch 133/200 loss 0.0087 train 1.0000 test 0.1704
epoch 134/200 loss 0.0086 train 1.0000 test 0.1698
epoch 135/200 loss 0.0088 train 1.0000 test 0.1702
epoch 136/200 loss 0.0085 train 1.0000 test 0.1703
epoch 137/200 loss 0.0079 train 1.0000 test 0.1698
epoch 138/200 loss 0.0081 train 1.0000 test 0.1703
epoch 139/200 loss 0.0077 train 1.0000 test 0.1709
epoch 140/200 loss 0.0084 train 1.0000 test 0.1709
epoch 141/200 loss 0.0074 train 1.0000 test 0.1703
epoch 142/200 loss 0.0086 train 1.0000 test 0.1712
epoch 143/200 loss 0.0079 train 1.0000 test 0.1707
epoch 144/200 loss 0.0087 train 1.0000 test 0.1700
epoch 145/200 loss 0.0089 train 1.0000 test 0.1710
epoch 146/200 loss 0.0084 train 1.0000 test 0.1693
epoch 147/200 loss 0.0093 train 1.0000 test 0.1698
epoch 148/200 loss 0.0083 train 1.0000 test 0.1700
epoch 149/200 loss 0.0081 train 1.0000 test 0.1710
epoch 150/200 loss 0.0080 train 1.0000 test 0.1710
epoch 151/200 loss 0.0075 train 1.0000 test 0.1700
epoch 152/200 loss 0.0080 train 1.0000 test 0.1707
epoch 153/200 loss 0.0079 train 1.0000 test 0.1699
epoch 154/200 loss 0.0086 train 1.0000 test 0.1697
epoch 155/200 loss 0.0091 train 1.0000 test 0.1711
epoch 156/200 loss 0.0094 train 1.0000 test 0.1712
epoch 157/200 loss 0.0085 train 1.0000 test 0.1707
epoch 158/200 loss 0.0074 train 1.0000 test 0.1698
epoch 159/200 loss 0.0083 train 1.0000 test 0.1695
epoch 160/200 loss 0.0079 train 1.0000 test 0.1690
epoch 161/200 loss 0.0083 train 1.0000 test 0.1693
epoch 162/200 loss 0.0077 train 1.0000 test 0.1705
epoch 163/200 loss 0.0074 train 1.0000 test 0.1701
epoch 164/200 loss 0.0086 train 1.0000 test 0.1700
epoch 165/200 loss 0.0081 train 1.0000 test 0.1709
epoch 166/200 loss 0.0079 train 1.0000 test 0.1702
epoch 167/200 loss 0.0083 train 1.0000 test 0.1698
epoch 168/200 loss 0.0078 train 1.0000 test 0.1709
epoch 169/200 loss 0.0086 train 1.0000 test 0.1714
epoch 170/200 loss 0.0076 train 1.0000 test 0.1720
epoch 171/200 loss 0.0083 train 1.0000 test 0.1701
epoch 172/200 loss 0.0087 train 1.0000 test 0.1706
epoch 173/200 loss 0.0092 train 1.0000 test 0.1713
epoch 174/200 loss 0.0073 train 1.0000 test 0.1702
epoch 175/200 loss 0.0080 train 1.0000 test 0.1705
epoch 176/200 loss 0.0077 train 1.0000 test 0.1704
epoch 177/200 loss 0.0081 train 1.0000 test 0.1705
epoch 178/200 loss 0.0079 train 1.0000 test 0.1719
epoch 179/200 loss 0.0081 train 1.0000 test 0.1719
epoch 180/200 loss 0.0085 train 1.0000 test 0.1714
epoch 181/200 loss 0.0084 train 1.0000 test 0.1709
epoch 182/200 loss 0.0086 train 1.0000 test 0.1711
epoch 183/200 loss 0.0082 train 1.0000 test 0.1711
epoch 184/200 loss 0.0077 train 1.0000 test 0.1707
epoch 185/200 loss 0.0079 train 1.0000 test 0.1717
epoch 186/200 loss 0.0082 train 1.0000 test 0.1718
epoch 187/200 loss 0.0075 train 1.0000 test 0.1709
epoch 188/200 loss 0.0079 train 1.0000 test 0.1713
epoch 189/200 loss 0.0077 train 1.0000 test 0.1716
epoch 190/200 loss 0.0081 train 1.0000 test 0.1715
epoch 191/200 loss 0.0084 train 1.0000 test 0.1708
epoch 192/200 loss 0.0086 train 1.0000 test 0.1715
epoch 193/200 loss 0.0080 train 1.0000 test 0.1711
epoch 194/200 loss 0.0075 train 1.0000 test 0.1713
epoch 195/200 loss 0.0088 train 1.0000 test 0.1718
epoch 196/200 loss 0.0075 train 1.0000 test 0.1708
epoch 197/200 loss 0.0086 train 1.0000 test 0.1716
epoch 198/200 loss 0.0076 train 1.0000 test 0.1719
epoch 199/200 loss 0.0077 train 1.0000 test 0.1713
epoch 200/200 loss 0.0074 train 1.0000 test 0.1723
done: final 0.1723 best 0.1735 -> ./runs/enmag_2pct/seed1
stem calibrated (True) on 1024 images
[enmag_2pct seed2] {"params_trainable": 11224740, "params_stem_trainable": 0, "params_stem_fixed_filters": 1936, "flops_total": 563406848, "flops_stem": 1982464, "flops_image_size": 32}
epoch 1/200 loss 4.6676 train 0.0112 test 0.0257
epoch 2/200 loss 4.5577 train 0.0279 test 0.0295
epoch 3/200 loss 4.3729 train 0.0424 test 0.0432
epoch 4/200 loss 4.1879 train 0.0502 test 0.0498
epoch 5/200 loss 4.0433 train 0.0703 test 0.0576
epoch 6/200 loss 3.9245 train 0.0804 test 0.0767
epoch 7/200 loss 3.7851 train 0.1138 test 0.0838
epoch 8/200 loss 3.6994 train 0.1384 test 0.0871
epoch 9/200 loss 3.5835 train 0.1585 test 0.0779
epoch 10/200 loss 3.5268 train 0.1540 test 0.0906
epoch 11/200 loss 3.4371 train 0.1797 test 0.0889
epoch 12/200 loss 3.3253 train 0.1920 test 0.0993
epoch 13/200 loss 3.2620 train 0.2076 test 0.1042
epoch 14/200 loss 3.1871 train 0.2310 test 0.1128
epoch 15/200 loss 3.0927 train 0.2310 test 0.1123
epoch 16/200 loss 2.9972 train 0.2679 test 0.1104
epoch 17/200 loss 3.0309 train 0.2355 test 0.1153
epoch 18/200 loss 2.8802 train 0.2612 test 0.1247
epoch 19/200 loss 2.9059 train 0.2779 test 0.1083
epoch 20/200 loss 2.8179 train 0.2757 test 0.1232
epoch 21/200 loss 2.7054 train 0.2980 test 0.1205
epoch 22/200 loss 2.6420 train 0.3025 test 0.1296
epoch 23/200 loss 2.5925 train 0.3203 test 0.1088
epoch 24/200 loss 2.5317 train 0.3270 test 0.1310
epoch 25/200 loss 2.4582 train 0.3661 test 0.1367
epoch 26/200 loss 2.3771 train 0.3817 test 0.1304
epoch 27/200 loss 2.3217 train 0.3739 test 0.1261
epoch 28/200 loss 2.2319 train 0.3873 test 0.1189
epoch 29/200 loss 2.1363 train 0.4185 test 0.1333
epoch 30/200 loss 2.1253 train 0.4129 test 0.1311
epoch 31/200 loss 2.0404 train 0.4554 test 0.1288
epoch 32/200 loss 1.9080 train 0.4754 test 0.1383
epoch 33/200 loss 1.8096 train 0.5078 test 0.1358
epoch 34/200 loss 1.6782 train 0.5592 test 0.1458
epoch 35/200 loss 1.6953 train 0.5268 test 0.1368
epoch 36/200 loss 1.6848 train 0.5312 test 0.1167
epoch 37/200 loss 1.6917 train 0.5223 test 0.1313
epoch 38/200 loss 1.5557 train 0.5458 test 0.1353
epoch 39/200 loss 1.4383 train 0.6038 test 0.1267
epoch 40/200 loss 1.3322 train 0.6451 test 0.1415
epoch 41/200 loss 1.2942 train 0.6507 test 0.1474
epoch 42/200 loss 1.1788 train 0.6842 test 0.1320
epoch 43/200 loss 1.0902 train 0.7109 test 0.1320
epoch 44/200 loss 0.9946 train 0.7321 test 0.1398
epoch 45/200 loss 0.9348 train 0.7478 test 0.1499
epoch 46/200 loss 0.8764 train 0.7656 test 0.1429
epoch 47/200 loss 0.8198 train 0.8080 test 0.1471
epoch 48/200 loss 0.7282 train 0.8002 test 0.1381
epoch 49/200 loss 0.7420 train 0.8103 test 0.1421
epoch 50/200 loss 0.6365 train 0.8359 test 0.1396
epoch 51/200 loss 0.6175 train 0.8393 test 0.1392
epoch 52/200 loss 0.5367 train 0.8705 test 0.1466
epoch 53/200 loss 0.4798 train 0.8828 test 0.1424
epoch 54/200 loss 0.4428 train 0.8951 test 0.1411
epoch 55/200 loss 0.4255 train 0.8895 test 0.1408
epoch 56/200 loss 0.3623 train 0.9174 test 0.1471
epoch 57/200 loss 0.3619 train 0.9174 test 0.1552
epoch 58/200 loss 0.3166 train 0.9342 test 0.1511
epoch 59/200 loss 0.2556 train 0.9498 test 0.1574
epoch 60/200 loss 0.2333 train 0.9464 test 0.1587
epoch 61/200 loss 0.1957 train 0.9621 test 0.1542
epoch 62/200 loss 0.1707 train 0.9732 test 0.1558
epoch 63/200 loss 0.1239 train 0.9855 test 0.1608
epoch 64/200 loss 0.1024 train 0.9888 test 0.1627
epoch 65/200 loss 0.0970 train 0.9922 test 0.1555
epoch 66/200 loss 0.0872 train 0.9888 test 0.1613
epoch 67/200 loss 0.0730 train 0.9922 test 0.1615
epoch 68/200 loss 0.0680 train 0.9944 test 0.1627
epoch 69/200 loss 0.0598 train 0.9944 test 0.1618
epoch 70/200 loss 0.0530 train 0.9978 test 0.1659
epoch 71/200 loss 0.0455 train 0.9978 test 0.1639
epoch 72/200 loss 0.0481 train 0.9955 test 0.1660
epoch 73/200 loss 0.0547 train 0.9944 test 0.1630
epoch 74/200 loss 0.0580 train 0.9922 test 0.1621
epoch 75/200 loss 0.0429 train 0.9955 test 0.1690
epoch 76/200 loss 0.0354 train 0.9978 test 0.1695
epoch 77/200 loss 0.0303 train 0.9989 test 0.1683
epoch 78/200 loss 0.0300 train 0.9967 test 0.1698
epoch 79/200 loss 0.0200 train 1.0000 test 0.1695
epoch 80/200 loss 0.0221 train 1.0000 test 0.1732
epoch 81/200 loss 0.0171 train 1.0000 test 0.1714
epoch 82/200 loss 0.0169 train 1.0000 test 0.1747
epoch 83/200 loss 0.0143 train 1.0000 test 0.1768
epoch 84/200 loss 0.0159 train 1.0000 test 0.1755
epoch 85/200 loss 0.0137 train 1.0000 test 0.1741
epoch 86/200 loss 0.0139 train 1.0000 test 0.1738
epoch 87/200 loss 0.0111 train 1.0000 test 0.1721
epoch 88/200 loss 0.0111 train 1.0000 test 0.1727
epoch 89/200 loss 0.0115 train 1.0000 test 0.1723
epoch 90/200 loss 0.0103 train 1.0000 test 0.1720
epoch 91/200 loss 0.0102 train 1.0000 test 0.1736
epoch 92/200 loss 0.0116 train 1.0000 test 0.1749
epoch 93/200 loss 0.0102 train 1.0000 test 0.1716
epoch 94/200 loss 0.0099 train 1.0000 test 0.1737
epoch 95/200 loss 0.0100 train 1.0000 test 0.1742
epoch 96/200 loss 0.0095 train 1.0000 test 0.1738
epoch 97/200 loss 0.0102 train 1.0000 test 0.1740
epoch 98/200 loss 0.0106 train 1.0000 test 0.1744
epoch 99/200 loss 0.0099 train 1.0000 test 0.1761
epoch 100/200 loss 0.0088 train 1.0000 test 0.1757
epoch 101/200 loss 0.0106 train 1.0000 test 0.1760
epoch 102/200 loss 0.0088 train 1.0000 test 0.1764
epoch 103/200 loss 0.0091 train 1.0000 test 0.1753
epoch 104/200 loss 0.0094 train 1.0000 test 0.1744
epoch 105/200 loss 0.0105 train 1.0000 test 0.1744
epoch 106/200 loss 0.0100 train 1.0000 test 0.1758
epoch 107/200 loss 0.0099 train 1.0000 test 0.1759
epoch 108/200 loss 0.0092 train 1.0000 test 0.1760
epoch 109/200 loss 0.0101 train 1.0000 test 0.1750
epoch 110/200 loss 0.0094 train 1.0000 test 0.1756
epoch 111/200 loss 0.0092 train 1.0000 test 0.1749
epoch 112/200 loss 0.0092 train 1.0000 test 0.1745
epoch 113/200 loss 0.0085 train 1.0000 test 0.1760
epoch 114/200 loss 0.0089 train 1.0000 test 0.1750
epoch 115/200 loss 0.0086 train 1.0000 test 0.1748
epoch 116/200 loss 0.0080 train 1.0000 test 0.1761
epoch 117/200 loss 0.0081 train 1.0000 test 0.1764
epoch 118/200 loss 0.0094 train 1.0000 test 0.1759
epoch 119/200 loss 0.0085 train 1.0000 test 0.1756
epoch 120/200 loss 0.0085 train 1.0000 test 0.1772
epoch 121/200 loss 0.0084 train 1.0000 test 0.1756
epoch 122/200 loss 0.0092 train 1.0000 test 0.1756
epoch 123/200 loss 0.0084 train 1.0000 test 0.1745
epoch 124/200 loss 0.0082 train 1.0000 test 0.1760
epoch 125/200 loss 0.0085 train 1.0000 test 0.1751
epoch 126/200 loss 0.0097 train 1.0000 test 0.1762
epoch 127/200 loss 0.0081 train 1.0000 test 0.1772
epoch 128/200 loss 0.0090 train 1.0000 test 0.1762
epoch 129/200 loss 0.0084 train 1.0000 test 0.1768
epoch 130/200 loss 0.0083 train 1.0000 test 0.1779
epoch 131/200 loss 0.0081 train 1.0000 test 0.1775
epoch 132/200 loss 0.0089 train 1.0000 test 0.1768
epoch 133/200 loss 0.0086 train 1.0000 test 0.1769
epoch 134/200 loss 0.0079 train 1.0000 test 0.1770
epoch 135/200 loss 0.0090 train 1.0000 test 0.1765
epoch 136/200 loss 0.0083 train 1.0000 test 0.1757
epoch 137/200 loss 0.0082 train 1.0000 test 0.1777
epoch 138/200 loss 0.0089 train 1.0000 test 0.1764
epoch 139/200 loss 0.0084 train 1.0000 test 0.1772
epoch 140/200 loss 0.0094 train 1.0000 test 0.1768
epoch 141/200 loss 0.0077 train 1.0000 test 0.1759
epoch 142/200 loss 0.0085 train 1.0000 test 0.1765
epoch 143/200 loss 0.0083 train 1.0000 test 0.1767
epoch 144/200 loss 0.0085 train 1.0000 test 0.1772
epoch 145/200 loss 0.0078 train 1.0000 test 0.1769
epoch 146/200 loss 0.0083 train 1.0000 test 0.1761
epoch 147/200 loss 0.0092 train 1.0000 test 0.1765
epoch 148/200 loss 0.0078 train 1.0000 test 0.1751
epoch 149/200 loss 0.0076 train 1.0000 test 0.1768
epoch 150/200 loss 0.0079 train 1.0000 test 0.1784
epoch 151/200 loss 0.0080 train 1.0000 test 0.1778
epoch 152/200 loss 0.0091 train 1.0000 test 0.1780
epoch 153/200 loss 0.0077 train 1.0000 test 0.1772
epoch 154/200 loss 0.0081 train 1.0000 test 0.1773
epoch 155/200 loss 0.0082 train 1.0000 test 0.1764
epoch 156/200 loss 0.0080 train 1.0000 test 0.1767
epoch 157/200 loss 0.0079 train 1.0000 test 0.1768
epoch 158/200 loss 0.0076 train 1.0000 test 0.1763
epoch 159/200 loss 0.0087 train 1.0000 test 0.1764
epoch 160/200 loss 0.0076 train 1.0000 test 0.1765
epoch 161/200 loss 0.0080 train 1.0000 test 0.1768
epoch 162/200 loss 0.0078 train 1.0000 test 0.1761
epoch 163/200 loss 0.0085 train 1.0000 test 0.1759
epoch 164/200 loss 0.0089 train 1.0000 test 0.1770
epoch 165/200 loss 0.0084 train 1.0000 test 0.1776
epoch 166/200 loss 0.0077 train 1.0000 test 0.1788
epoch 167/200 loss 0.0083 train 1.0000 test 0.1788
epoch 168/200 loss 0.0073 train 1.0000 test 0.1783
epoch 169/200 loss 0.0081 train 1.0000 test 0.1777
epoch 170/200 loss 0.0084 train 1.0000 test 0.1774
epoch 171/200 loss 0.0081 train 1.0000 test 0.1776
epoch 172/200 loss 0.0084 train 1.0000 test 0.1778
epoch 173/200 loss 0.0081 train 1.0000 test 0.1785
epoch 174/200 loss 0.0080 train 1.0000 test 0.1773
epoch 175/200 loss 0.0078 train 1.0000 test 0.1772
epoch 176/200 loss 0.0084 train 1.0000 test 0.1768
epoch 177/200 loss 0.0088 train 1.0000 test 0.1767
epoch 178/200 loss 0.0080 train 1.0000 test 0.1764
epoch 179/200 loss 0.0077 train 1.0000 test 0.1763
epoch 180/200 loss 0.0082 train 1.0000 test 0.1764
epoch 181/200 loss 0.0085 train 1.0000 test 0.1774
epoch 182/200 loss 0.0074 train 1.0000 test 0.1766
epoch 183/200 loss 0.0079 train 1.0000 test 0.1774
epoch 184/200 loss 0.0085 train 1.0000 test 0.1772
epoch 185/200 loss 0.0091 train 1.0000 test 0.1776
epoch 186/200 loss 0.0075 train 1.0000 test 0.1762
epoch 187/200 loss 0.0082 train 1.0000 test 0.1768
epoch 188/200 loss 0.0083 train 1.0000 test 0.1762
epoch 189/200 loss 0.0078 train 1.0000 test 0.1763
epoch 190/200 loss 0.0082 train 1.0000 test 0.1768
epoch 191/200 loss 0.0088 train 1.0000 test 0.1770
epoch 192/200 loss 0.0076 train 1.0000 test 0.1761
epoch 193/200 loss 0.0080 train 1.0000 test 0.1766
epoch 194/200 loss 0.0077 train 1.0000 test 0.1765
epoch 195/200 loss 0.0080 train 1.0000 test 0.1775
epoch 196/200 loss 0.0087 train 1.0000 test 0.1771
epoch 197/200 loss 0.0077 train 1.0000 test 0.1763
epoch 198/200 loss 0.0080 train 1.0000 test 0.1765
epoch 199/200 loss 0.0077 train 1.0000 test 0.1769
epoch 200/200 loss 0.0093 train 1.0000 test 0.1772
done: final 0.1772 best 0.1788 -> ./runs/enmag_2pct/seed2
ENMAG_ENV_2PCT_DONE
stem calibrated (True) on 1024 images
[enmag_15pct seed0] {"params_trainable": 11224740, "params_stem_trainable": 0, "params_stem_fixed_filters": 1936, "flops_total": 563406848, "flops_stem": 1982464, "flops_image_size": 32}
epoch 1/200 loss 4.3835 train 0.0449 test 0.0611
epoch 2/200 loss 3.9124 train 0.1033 test 0.1110
epoch 3/200 loss 3.6551 train 0.1395 test 0.1259
epoch 4/200 loss 3.4919 train 0.1627 test 0.1383
epoch 5/200 loss 3.3563 train 0.1793 test 0.1608
epoch 6/200 loss 3.2229 train 0.2055 test 0.1746
epoch 7/200 loss 3.1333 train 0.2169 test 0.2017
epoch 8/200 loss 3.0042 train 0.2458 test 0.1955
epoch 9/200 loss 2.9242 train 0.2623 test 0.1881
epoch 10/200 loss 2.8472 train 0.2729 test 0.2317
epoch 11/200 loss 2.7188 train 0.3008 test 0.2292
epoch 12/200 loss 2.6439 train 0.3169 test 0.2329
epoch 13/200 loss 2.5566 train 0.3332 test 0.2624
epoch 14/200 loss 2.4540 train 0.3478 test 0.2599
epoch 15/200 loss 2.3774 train 0.3653 test 0.2718
epoch 16/200 loss 2.2924 train 0.3879 test 0.2682
epoch 17/200 loss 2.2169 train 0.3959 test 0.2819
epoch 18/200 loss 2.1355 train 0.4200 test 0.2994
epoch 19/200 loss 2.0455 train 0.4340 test 0.2975
epoch 20/200 loss 1.9544 train 0.4570 test 0.3109
epoch 21/200 loss 1.8977 train 0.4731 test 0.3046
epoch 22/200 loss 1.8092 train 0.4937 test 0.3078
epoch 23/200 loss 1.7375 train 0.5094 test 0.3226
epoch 24/200 loss 1.6481 train 0.5322 test 0.3378
epoch 25/200 loss 1.5697 train 0.5525 test 0.3346
epoch 26/200 loss 1.5201 train 0.5602 test 0.3065
epoch 27/200 loss 1.4617 train 0.5762 test 0.3331
epoch 28/200 loss 1.3786 train 0.5997 test 0.2922
epoch 29/200 loss 1.3189 train 0.6173 test 0.3215
epoch 30/200 loss 1.2621 train 0.6308 test 0.3250
epoch 31/200 loss 1.1524 train 0.6492 test 0.3289
epoch 32/200 loss 1.0819 train 0.6735 test 0.3259
epoch 33/200 loss 1.0521 train 0.6847 test 0.3165
epoch 34/200 loss 0.9910 train 0.7011 test 0.3447
epoch 35/200 loss 0.9274 train 0.7175 test 0.3338
epoch 36/200 loss 0.9023 train 0.7204 test 0.3365
epoch 37/200 loss 0.8397 train 0.7407 test 0.3089
epoch 38/200 loss 0.7741 train 0.7624 test 0.3328
epoch 39/200 loss 0.6871 train 0.7908 test 0.3560
epoch 40/200 loss 0.6903 train 0.7897 test 0.3224
epoch 41/200 loss 0.7014 train 0.7852 test 0.3539
epoch 42/200 loss 0.6664 train 0.7962 test 0.3129
epoch 43/200 loss 0.5913 train 0.8180 test 0.3346
epoch 44/200 loss 0.5005 train 0.8467 test 0.3535
epoch 45/200 loss 0.4614 train 0.8548 test 0.3431
epoch 46/200 loss 0.4795 train 0.8509 test 0.3363
epoch 47/200 loss 0.4385 train 0.8599 test 0.3504
epoch 48/200 loss 0.5163 train 0.8386 test 0.3420
epoch 49/200 loss 0.4797 train 0.8510 test 0.3407
epoch 50/200 loss 0.3934 train 0.8819 test 0.3485
epoch 51/200 loss 0.3225 train 0.9045 test 0.3568
epoch 52/200 loss 0.3370 train 0.8974 test 0.3506
epoch 53/200 loss 0.3462 train 0.8959 test 0.3342
epoch 54/200 loss 0.3335 train 0.8998 test 0.3544
epoch 55/200 loss 0.3247 train 0.9045 test 0.3485
epoch 56/200 loss 0.2911 train 0.9166 test 0.3612
epoch 57/200 loss 0.2655 train 0.9201 test 0.3493
epoch 58/200 loss 0.2678 train 0.9209 test 0.3569
epoch 59/200 loss 0.2927 train 0.9098 test 0.3400
epoch 60/200 loss 0.2890 train 0.9141 test 0.3503
epoch 61/200 loss 0.2758 train 0.9174 test 0.3632
epoch 62/200 loss 0.2389 train 0.9271 test 0.3552
epoch 63/200 loss 0.2526 train 0.9243 test 0.3551
epoch 64/200 loss 0.2436 train 0.9271 test 0.3596
epoch 65/200 loss 0.2069 train 0.9406 test 0.3686
epoch 66/200 loss 0.1877 train 0.9491 test 0.3770
epoch 67/200 loss 0.1369 train 0.9648 test 0.3633
epoch 68/200 loss 0.1242 train 0.9679 test 0.3762
epoch 69/200 loss 0.1364 train 0.9648 test 0.3684
epoch 70/200 loss 0.1349 train 0.9642 test 0.3833
epoch 71/200 loss 0.1370 train 0.9619 test 0.3630
epoch 72/200 loss 0.1595 train 0.9535 test 0.3615
epoch 73/200 loss 0.1539 train 0.9585 test 0.3655
epoch 74/200 loss 0.1814 train 0.9477 test 0.3577
epoch 75/200 loss 0.2433 train 0.9296 test 0.3353
epoch 76/200 loss 0.2326 train 0.9335 test 0.3607
epoch 77/200 loss 0.2402 train 0.9310 test 0.3679
epoch 78/200 loss 0.1784 train 0.9502 test 0.3499
epoch 79/200 loss 0.1443 train 0.9616 test 0.3904
epoch 80/200 loss 0.1272 train 0.9642 test 0.3562
epoch 81/200 loss 0.1075 train 0.9739 test 0.3784
epoch 82/200 loss 0.0710 train 0.9853 test 0.3913
epoch 83/200 loss 0.0553 train 0.9891 test 0.3923
epoch 84/200 loss 0.0563 train 0.9879 test 0.3838
epoch 85/200 loss 0.0616 train 0.9886 test 0.4035
epoch 86/200 loss 0.0497 train 0.9888 test 0.4031
epoch 87/200 loss 0.0354 train 0.9942 test 0.4109
epoch 88/200 loss 0.0368 train 0.9934 test 0.4157
epoch 89/200 loss 0.0237 train 0.9974 test 0.4185
epoch 90/200 loss 0.0211 train 0.9968 test 0.4191
epoch 91/200 loss 0.0221 train 0.9962 test 0.4267
epoch 92/200 loss 0.0231 train 0.9969 test 0.4249
epoch 93/200 loss 0.0165 train 0.9987 test 0.4392
epoch 94/200 loss 0.0107 train 0.9993 test 0.4424
epoch 95/200 loss 0.0086 train 0.9991 test 0.4449
epoch 96/200 loss 0.0071 train 0.9997 test 0.4462
epoch 97/200 loss 0.0061 train 0.9997 test 0.4514
epoch 98/200 loss 0.0065 train 0.9997 test 0.4509
epoch 99/200 loss 0.0063 train 0.9997 test 0.4533
epoch 100/200 loss 0.0062 train 0.9999 test 0.4489
epoch 101/200 loss 0.0063 train 0.9999 test 0.4506
epoch 102/200 loss 0.0062 train 0.9997 test 0.4507
epoch 103/200 loss 0.0063 train 0.9999 test 0.4540
epoch 104/200 loss 0.0068 train 0.9997 test 0.4519
epoch 105/200 loss 0.0065 train 1.0000 test 0.4506
epoch 106/200 loss 0.0067 train 0.9999 test 0.4527
epoch 107/200 loss 0.0069 train 0.9999 test 0.4539
epoch 108/200 loss 0.0072 train 0.9999 test 0.4546
epoch 109/200 loss 0.0068 train 0.9999 test 0.4544
epoch 110/200 loss 0.0071 train 0.9999 test 0.4523
epoch 111/200 loss 0.0075 train 0.9999 test 0.4525
epoch 112/200 loss 0.0076 train 0.9997 test 0.4539
epoch 113/200 loss 0.0072 train 0.9999 test 0.4533
epoch 114/200 loss 0.0071 train 0.9999 test 0.4522
epoch 115/200 loss 0.0074 train 1.0000 test 0.4518
epoch 116/200 loss 0.0074 train 0.9999 test 0.4522
epoch 117/200 loss 0.0076 train 0.9999 test 0.4533
epoch 118/200 loss 0.0077 train 0.9997 test 0.4540
epoch 119/200 loss 0.0074 train 0.9997 test 0.4519
epoch 120/200 loss 0.0076 train 0.9999 test 0.4524
epoch 121/200 loss 0.0084 train 0.9999 test 0.4536
epoch 122/200 loss 0.0090 train 0.9996 test 0.4508
epoch 123/200 loss 0.0083 train 0.9999 test 0.4555
epoch 124/200 loss 0.0079 train 0.9997 test 0.4508
epoch 125/200 loss 0.0073 train 0.9999 test 0.4515
epoch 126/200 loss 0.0070 train 0.9999 test 0.4541
epoch 127/200 loss 0.0070 train 0.9999 test 0.4554
epoch 128/200 loss 0.0072 train 0.9997 test 0.4509
epoch 129/200 loss 0.0071 train 0.9999 test 0.4521
epoch 130/200 loss 0.0086 train 0.9997 test 0.4541
epoch 131/200 loss 0.0075 train 1.0000 test 0.4563
epoch 132/200 loss 0.0071 train 0.9999 test 0.4545
epoch 133/200 loss 0.0071 train 0.9999 test 0.4532
epoch 134/200 loss 0.0070 train 0.9999 test 0.4554
epoch 135/200 loss 0.0068 train 1.0000 test 0.4548
epoch 136/200 loss 0.0065 train 1.0000 test 0.4542
epoch 137/200 loss 0.0068 train 0.9999 test 0.4538
epoch 138/200 loss 0.0064 train 1.0000 test 0.4573
epoch 139/200 loss 0.0067 train 1.0000 test 0.4534
epoch 140/200 loss 0.0067 train 1.0000 test 0.4524
epoch 141/200 loss 0.0067 train 1.0000 test 0.4539
epoch 142/200 loss 0.0067 train 1.0000 test 0.4535
epoch 143/200 loss 0.0065 train 1.0000 test 0.4543
epoch 144/200 loss 0.0066 train 0.9999 test 0.4555
epoch 145/200 loss 0.0067 train 0.9997 test 0.4551
epoch 146/200 loss 0.0067 train 0.9999 test 0.4539
epoch 147/200 loss 0.0067 train 1.0000 test 0.4535
epoch 148/200 loss 0.0066 train 0.9999 test 0.4549
epoch 149/200 loss 0.0067 train 0.9999 test 0.4543
epoch 150/200 loss 0.0066 train 0.9999 test 0.4527
epoch 151/200 loss 0.0065 train 0.9999 test 0.4541
epoch 152/200 loss 0.0067 train 1.0000 test 0.4530
epoch 153/200 loss 0.0067 train 0.9999 test 0.4542
epoch 154/200 loss 0.0064 train 0.9999 test 0.4572
epoch 155/200 loss 0.0064 train 1.0000 test 0.4570
epoch 156/200 loss 0.0060 train 1.0000 test 0.4540
epoch 157/200 loss 0.0062 train 1.0000 test 0.4544
epoch 158/200 loss 0.0062 train 1.0000 test 0.4568
epoch 159/200 loss 0.0063 train 0.9999 test 0.4561
epoch 160/200 loss 0.0062 train 1.0000 test 0.4549
epoch 161/200 loss 0.0062 train 0.9999 test 0.4572
epoch 162/200 loss 0.0062 train 0.9999 test 0.4574
epoch 163/200 loss 0.0060 train 1.0000 test 0.4552
epoch 164/200 loss 0.0061 train 1.0000 test 0.4561
epoch 165/200 loss 0.0062 train 1.0000 test 0.4529
epoch 166/200 loss 0.0064 train 0.9997 test 0.4555
epoch 167/200 loss 0.0062 train 0.9999 test 0.4554
epoch 168/200 loss 0.0063 train 1.0000 test 0.4559
epoch 169/200 loss 0.0062 train 0.9999 test 0.4536
epoch 170/200 loss 0.0060 train 1.0000 test 0.4552
epoch 171/200 loss 0.0062 train 1.0000 test 0.4545
epoch 172/200 loss 0.0061 train 1.0000 test 0.4537
epoch 173/200 loss 0.0061 train 1.0000 test 0.4557
epoch 174/200 loss 0.0057 train 1.0000 test 0.4555
epoch 175/200 loss 0.0061 train 1.0000 test 0.4545
epoch 176/200 loss 0.0063 train 0.9999 test 0.4567
epoch 177/200 loss 0.0060 train 0.9999 test 0.4564
epoch 178/200 loss 0.0060 train 1.0000 test 0.4559
epoch 179/200 loss 0.0064 train 0.9999 test 0.4559
epoch 180/200 loss 0.0061 train 1.0000 test 0.4561
epoch 181/200 loss 0.0059 train 1.0000 test 0.4555
epoch 182/200 loss 0.0062 train 1.0000 test 0.4556
epoch 183/200 loss 0.0060 train 1.0000 test 0.4563
epoch 184/200 loss 0.0061 train 0.9999 test 0.4561
epoch 185/200 loss 0.0060 train 1.0000 test 0.4543
epoch 186/200 loss 0.0060 train 1.0000 test 0.4551
epoch 187/200 loss 0.0058 train 1.0000 test 0.4550
epoch 188/200 loss 0.0059 train 1.0000 test 0.4546
epoch 189/200 loss 0.0061 train 1.0000 test 0.4565
epoch 190/200 loss 0.0062 train 0.9999 test 0.4554
epoch 191/200 loss 0.0061 train 1.0000 test 0.4563
epoch 192/200 loss 0.0059 train 0.9999 test 0.4558
epoch 193/200 loss 0.0060 train 1.0000 test 0.4558
epoch 194/200 loss 0.0060 train 0.9999 test 0.4550
epoch 195/200 loss 0.0062 train 0.9999 test 0.4560
epoch 196/200 loss 0.0062 train 0.9999 test 0.4563
epoch 197/200 loss 0.0059 train 1.0000 test 0.4566
epoch 198/200 loss 0.0059 train 1.0000 test 0.4557
epoch 199/200 loss 0.0059 train 1.0000 test 0.4544
epoch 200/200 loss 0.0059 train 1.0000 test 0.4558
done: final 0.4558 best 0.4574 -> ./runs/enmag_15pct/seed0
stem calibrated (True) on 1024 images
[enmag_15pct seed1] {"params_trainable": 11224740, "params_stem_trainable": 0, "params_stem_fixed_filters": 1936, "flops_total": 563406848, "flops_stem": 1982464, "flops_image_size": 32}
epoch 1/200 loss 4.3913 train 0.0400 test 0.0731
epoch 2/200 loss 3.9330 train 0.1012 test 0.1150
epoch 3/200 loss 3.6825 train 0.1331 test 0.1155
epoch 4/200 loss 3.5000 train 0.1603 test 0.1474
epoch 5/200 loss 3.3665 train 0.1800 test 0.1533
epoch 6/200 loss 3.2224 train 0.2050 test 0.1751
epoch 7/200 loss 3.1226 train 0.2255 test 0.1648
epoch 8/200 loss 3.0414 train 0.2375 test 0.2008
epoch 9/200 loss 2.9025 train 0.2663 test 0.2081
epoch 10/200 loss 2.8322 train 0.2768 test 0.2300
epoch 11/200 loss 2.7334 train 0.2969 test 0.2234
epoch 12/200 loss 2.6474 train 0.3137 test 0.2395
epoch 13/200 loss 2.5624 train 0.3327 test 0.2462
epoch 14/200 loss 2.4648 train 0.3463 test 0.2558
epoch 15/200 loss 2.3966 train 0.3675 test 0.2658
epoch 16/200 loss 2.3032 train 0.3894 test 0.2882
epoch 17/200 loss 2.2164 train 0.3979 test 0.2631
epoch 18/200 loss 2.1502 train 0.4153 test 0.2908
epoch 19/200 loss 2.0681 train 0.4384 test 0.2884
epoch 20/200 loss 1.9928 train 0.4531 test 0.2985
epoch 21/200 loss 1.9045 train 0.4728 test 0.2948
epoch 22/200 loss 1.8359 train 0.4805 test 0.3145
epoch 23/200 loss 1.7725 train 0.5015 test 0.2992
epoch 24/200 loss 1.7014 train 0.5234 test 0.3043
epoch 25/200 loss 1.6171 train 0.5420 test 0.3029
epoch 26/200 loss 1.5270 train 0.5624 test 0.3187
epoch 27/200 loss 1.4851 train 0.5733 test 0.3232
epoch 28/200 loss 1.3684 train 0.6057 test 0.3209
epoch 29/200 loss 1.3421 train 0.6043 test 0.3220
epoch 30/200 loss 1.2380 train 0.6339 test 0.3073
epoch 31/200 loss 1.2116 train 0.6447 test 0.3213
epoch 32/200 loss 1.1356 train 0.6567 test 0.3244
epoch 33/200 loss 1.0873 train 0.6806 test 0.3365
epoch 34/200 loss 1.0108 train 0.6953 test 0.3094
epoch 35/200 loss 0.9701 train 0.7041 test 0.3353
epoch 36/200 loss 0.8829 train 0.7326 test 0.3135
epoch 37/200 loss 0.8501 train 0.7425 test 0.3450
epoch 38/200 loss 0.7870 train 0.7553 test 0.3304
epoch 39/200 loss 0.7557 train 0.7655 test 0.3391
epoch 40/200 loss 0.6999 train 0.7841 test 0.3390
epoch 41/200 loss 0.6629 train 0.8005 test 0.3340
epoch 42/200 loss 0.6195 train 0.8039 test 0.3384
epoch 43/200 loss 0.5982 train 0.8151 test 0.3338
epoch 44/200 loss 0.5386 train 0.8378 test 0.3246
epoch 45/200 loss 0.5637 train 0.8304 test 0.3417
epoch 46/200 loss 0.4703 train 0.8591 test 0.3554
epoch 47/200 loss 0.4087 train 0.8716 test 0.3256
epoch 48/200 loss 0.4076 train 0.8732 test 0.3129
epoch 49/200 loss 0.3725 train 0.8881 test 0.3401
epoch 50/200 loss 0.3857 train 0.8797 test 0.3495
epoch 51/200 loss 0.3707 train 0.8895 test 0.3530
epoch 52/200 loss 0.3479 train 0.8959 test 0.3489
epoch 53/200 loss 0.3203 train 0.9038 test 0.3170
epoch 54/200 loss 0.3631 train 0.8873 test 0.3390
epoch 55/200 loss 0.3185 train 0.9034 test 0.3312
epoch 56/200 loss 0.3078 train 0.9119 test 0.3412
epoch 57/200 loss 0.3054 train 0.9046 test 0.3184
epoch 58/200 loss 0.3043 train 0.9091 test 0.3408
epoch 59/200 loss 0.2856 train 0.9162 test 0.3583
epoch 60/200 loss 0.2746 train 0.9176 test 0.3337
epoch 61/200 loss 0.2575 train 0.9252 test 0.3610
epoch 62/200 loss 0.2489 train 0.9278 test 0.3445
epoch 63/200 loss 0.1973 train 0.9440 test 0.3588
epoch 64/200 loss 0.2005 train 0.9438 test 0.3535
epoch 65/200 loss 0.2252 train 0.9328 test 0.3604
epoch 66/200 loss 0.2170 train 0.9375 test 0.3638
epoch 67/200 loss 0.1815 train 0.9483 test 0.3532
epoch 68/200 loss 0.1601 train 0.9560 test 0.3563
epoch 69/200 loss 0.1497 train 0.9605 test 0.3884
epoch 70/200 loss 0.1358 train 0.9640 test 0.3713
epoch 71/200 loss 0.1244 train 0.9663 test 0.3712
epoch 72/200 loss 0.1559 train 0.9580 test 0.3732
epoch 73/200 loss 0.1688 train 0.9523 test 0.3642
epoch 74/200 loss 0.1954 train 0.9459 test 0.3508
epoch 75/200 loss 0.1996 train 0.9438 test 0.3473
epoch 76/200 loss 0.1936 train 0.9433 test 0.3706
epoch 77/200 loss 0.1556 train 0.9578 test 0.3734
epoch 78/200 loss 0.1444 train 0.9620 test 0.3555
epoch 79/200 loss 0.1490 train 0.9605 test 0.3554
epoch 80/200 loss 0.1435 train 0.9600 test 0.3470
epoch 81/200 loss 0.1226 train 0.9679 test 0.3775
epoch 82/200 loss 0.0685 train 0.9857 test 0.4041
epoch 83/200 loss 0.0658 train 0.9859 test 0.3942
epoch 84/200 loss 0.0564 train 0.9869 test 0.4041
epoch 85/200 loss 0.0431 train 0.9906 test 0.4142
epoch 86/200 loss 0.0312 train 0.9949 test 0.4176
epoch 87/200 loss 0.0271 train 0.9960 test 0.4131
epoch 88/200 loss 0.0219 train 0.9972 test 0.4229
epoch 89/200 loss 0.0267 train 0.9958 test 0.4225
epoch 90/200 loss 0.0215 train 0.9976 test 0.4224
epoch 91/200 loss 0.0193 train 0.9981 test 0.4297
epoch 92/200 loss 0.0088 train 0.9997 test 0.4374
epoch 93/200 loss 0.0067 train 0.9999 test 0.4381
epoch 94/200 loss 0.0069 train 0.9996 test 0.4376
epoch 95/200 loss 0.0060 train 0.9999 test 0.4379
epoch 96/200 loss 0.0060 train 0.9997 test 0.4432
epoch 97/200 loss 0.0058 train 0.9999 test 0.4433
epoch 98/200 loss 0.0066 train 0.9995 test 0.4465
epoch 99/200 loss 0.0067 train 0.9999 test 0.4468
epoch 100/200 loss 0.0073 train 0.9995 test 0.4466
epoch 101/200 loss 0.0075 train 0.9999 test 0.4434
epoch 102/200 loss 0.0070 train 0.9997 test 0.4462
epoch 103/200 loss 0.0071 train 0.9999 test 0.4453
epoch 104/200 loss 0.0076 train 0.9997 test 0.4496
epoch 105/200 loss 0.0073 train 0.9997 test 0.4455
epoch 106/200 loss 0.0074 train 0.9999 test 0.4462
epoch 107/200 loss 0.0075 train 0.9997 test 0.4454
epoch 108/200 loss 0.0074 train 0.9999 test 0.4420
epoch 109/200 loss 0.0071 train 0.9999 test 0.4479
epoch 110/200 loss 0.0073 train 1.0000 test 0.4460
epoch 111/200 loss 0.0075 train 0.9997 test 0.4474
epoch 112/200 loss 0.0076 train 0.9997 test 0.4448
epoch 113/200 loss 0.0075 train 0.9997 test 0.4464
epoch 114/200 loss 0.0080 train 0.9999 test 0.4454
epoch 115/200 loss 0.0077 train 0.9999 test 0.4429
epoch 116/200 loss 0.0077 train 0.9999 test 0.4448
epoch 117/200 loss 0.0076 train 0.9999 test 0.4456
epoch 118/200 loss 0.0075 train 0.9999 test 0.4440
epoch 119/200 loss 0.0071 train 0.9999 test 0.4457
epoch 120/200 loss 0.0074 train 0.9999 test 0.4445
epoch 121/200 loss 0.0076 train 0.9999 test 0.4450
epoch 122/200 loss 0.0074 train 0.9999 test 0.4475
epoch 123/200 loss 0.0076 train 1.0000 test 0.4466
epoch 124/200 loss 0.0075 train 0.9999 test 0.4469
epoch 125/200 loss 0.0074 train 0.9999 test 0.4465
epoch 126/200 loss 0.0073 train 0.9999 test 0.4487
epoch 127/200 loss 0.0072 train 1.0000 test 0.4468
epoch 128/200 loss 0.0078 train 0.9999 test 0.4498
epoch 129/200 loss 0.0071 train 0.9999 test 0.4473
epoch 130/200 loss 0.0072 train 0.9999 test 0.4483
epoch 131/200 loss 0.0069 train 0.9997 test 0.4509
epoch 132/200 loss 0.0073 train 0.9999 test 0.4466
epoch 133/200 loss 0.0072 train 0.9997 test 0.4470
epoch 134/200 loss 0.0069 train 1.0000 test 0.4485
epoch 135/200 loss 0.0073 train 0.9999 test 0.4486
epoch 136/200 loss 0.0068 train 0.9999 test 0.4462
epoch 137/200 loss 0.0069 train 1.0000 test 0.4480
epoch 138/200 loss 0.0069 train 1.0000 test 0.4489
epoch 139/200 loss 0.0072 train 0.9997 test 0.4532
epoch 140/200 loss 0.0069 train 0.9999 test 0.4485
epoch 141/200 loss 0.0068 train 0.9999 test 0.4448
epoch 142/200 loss 0.0069 train 0.9997 test 0.4496
epoch 143/200 loss 0.0069 train 0.9999 test 0.4485
epoch 144/200 loss 0.0068 train 0.9999 test 0.4486
epoch 145/200 loss 0.0067 train 1.0000 test 0.4476
epoch 146/200 loss 0.0071 train 0.9999 test 0.4473
epoch 147/200 loss 0.0071 train 1.0000 test 0.4482
epoch 148/200 loss 0.0064 train 0.9999 test 0.4460
epoch 149/200 loss 0.0069 train 0.9997 test 0.4462
epoch 150/200 loss 0.0072 train 0.9997 test 0.4463
epoch 151/200 loss 0.0067 train 0.9999 test 0.4490
epoch 152/200 loss 0.0065 train 0.9999 test 0.4479
epoch 153/200 loss 0.0070 train 0.9997 test 0.4473
epoch 154/200 loss 0.0065 train 0.9997 test 0.4466
epoch 155/200 loss 0.0063 train 1.0000 test 0.4496
epoch 156/200 loss 0.0065 train 0.9999 test 0.4457
epoch 157/200 loss 0.0065 train 0.9999 test 0.4472
epoch 158/200 loss 0.0069 train 0.9999 test 0.4480
epoch 159/200 loss 0.0064 train 1.0000 test 0.4480
epoch 160/200 loss 0.0061 train 1.0000 test 0.4477
epoch 161/200 loss 0.0064 train 0.9999 test 0.4493
epoch 162/200 loss 0.0068 train 0.9997 test 0.4473
epoch 163/200 loss 0.0065 train 0.9999 test 0.4496
epoch 164/200 loss 0.0065 train 0.9999 test 0.4493
epoch 165/200 loss 0.0065 train 0.9999 test 0.4478
epoch 166/200 loss 0.0063 train 1.0000 test 0.4479
epoch 167/200 loss 0.0063 train 0.9999 test 0.4503
epoch 168/200 loss 0.0062 train 0.9999 test 0.4490
epoch 169/200 loss 0.0061 train 1.0000 test 0.4474
epoch 170/200 loss 0.0061 train 1.0000 test 0.4474
epoch 171/200 loss 0.0063 train 0.9997 test 0.4493
epoch 172/200 loss 0.0064 train 0.9999 test 0.4484
epoch 173/200 loss 0.0063 train 1.0000 test 0.4486
epoch 174/200 loss 0.0062 train 0.9999 test 0.4497
epoch 175/200 loss 0.0062 train 1.0000 test 0.4489
epoch 176/200 loss 0.0061 train 1.0000 test 0.4474
epoch 177/200 loss 0.0061 train 1.0000 test 0.4476
epoch 178/200 loss 0.0063 train 0.9999 test 0.4469
epoch 179/200 loss 0.0061 train 0.9999 test 0.4469
epoch 180/200 loss 0.0060 train 1.0000 test 0.4492
epoch 181/200 loss 0.0062 train 1.0000 test 0.4466
epoch 182/200 loss 0.0060 train 1.0000 test 0.4478
epoch 183/200 loss 0.0060 train 0.9999 test 0.4486
epoch 184/200 loss 0.0063 train 0.9999 test 0.4466
epoch 185/200 loss 0.0061 train 0.9999 test 0.4491
epoch 186/200 loss 0.0059 train 1.0000 test 0.4461
epoch 187/200 loss 0.0061 train 1.0000 test 0.4477
epoch 188/200 loss 0.0060 train 1.0000 test 0.4482
epoch 189/200 loss 0.0060 train 1.0000 test 0.4483
epoch 190/200 loss 0.0059 train 1.0000 test 0.4478
epoch 191/200 loss 0.0062 train 0.9999 test 0.4475
epoch 192/200 loss 0.0063 train 0.9999 test 0.4485
epoch 193/200 loss 0.0060 train 1.0000 test 0.4478
epoch 194/200 loss 0.0060 train 1.0000 test 0.4475
epoch 195/200 loss 0.0061 train 0.9999 test 0.4482
epoch 196/200 loss 0.0060 train 0.9999 test 0.4478
epoch 197/200 loss 0.0060 train 0.9999 test 0.4486
epoch 198/200 loss 0.0061 train 0.9999 test 0.4478
epoch 199/200 loss 0.0060 train 1.0000 test 0.4488
epoch 200/200 loss 0.0061 train 0.9999 test 0.4462
done: final 0.4462 best 0.4532 -> ./runs/enmag_15pct/seed1
stem calibrated (True) on 1024 images
[enmag_15pct seed2] {"params_trainable": 11224740, "params_stem_trainable": 0, "params_stem_fixed_filters": 1936, "flops_total": 563406848, "flops_stem": 1982464, "flops_image_size": 32}
epoch 1/200 loss 4.3742 train 0.0396 test 0.0871
epoch 2/200 loss 3.9042 train 0.1064 test 0.1139
epoch 3/200 loss 3.6497 train 0.1346 test 0.1295
epoch 4/200 loss 3.4670 train 0.1736 test 0.1272
epoch 5/200 loss 3.3047 train 0.1938 test 0.1447
epoch 6/200 loss 3.2004 train 0.2120 test 0.1753
epoch 7/200 loss 3.0916 train 0.2313 test 0.1852
epoch 8/200 loss 3.0084 train 0.2408 test 0.1965
epoch 9/200 loss 2.8825 train 0.2621 test 0.2293
epoch 10/200 loss 2.8062 train 0.2850 test 0.2307
epoch 11/200 loss 2.7061 train 0.2998 test 0.2323
epoch 12/200 loss 2.6116 train 0.3253 test 0.2441
epoch 13/200 loss 2.5218 train 0.3388 test 0.2569
epoch 14/200 loss 2.4384 train 0.3529 test 0.2588
epoch 15/200 loss 2.3515 train 0.3774 test 0.2760
epoch 16/200 loss 2.2746 train 0.3925 test 0.2934
epoch 17/200 loss 2.2201 train 0.4036 test 0.2921
epoch 18/200 loss 2.1112 train 0.4254 test 0.2924
epoch 19/200 loss 2.0367 train 0.4444 test 0.3047
epoch 20/200 loss 1.9872 train 0.4560 test 0.3069
epoch 21/200 loss 1.8932 train 0.4725 test 0.2929
epoch 22/200 loss 1.8088 train 0.4952 test 0.3333
epoch 23/200 loss 1.7259 train 0.5110 test 0.3175
epoch 24/200 loss 1.6450 train 0.5384 test 0.3243
epoch 25/200 loss 1.6152 train 0.5447 test 0.3155
epoch 26/200 loss 1.4950 train 0.5711 test 0.3182
epoch 27/200 loss 1.4948 train 0.5668 test 0.3088
epoch 28/200 loss 1.3949 train 0.5935 test 0.2930
epoch 29/200 loss 1.3047 train 0.6153 test 0.3323
epoch 30/200 loss 1.2802 train 0.6187 test 0.3175
epoch 31/200 loss 1.1345 train 0.6657 test 0.3344
epoch 32/200 loss 1.1510 train 0.6549 test 0.3260
epoch 33/200 loss 1.0895 train 0.6674 test 0.3350
epoch 34/200 loss 0.9939 train 0.7053 test 0.3285
epoch 35/200 loss 0.9429 train 0.7128 test 0.3150
epoch 36/200 loss 0.8702 train 0.7314 test 0.3422
epoch 37/200 loss 0.8261 train 0.7478 test 0.3136
epoch 38/200 loss 0.8054 train 0.7505 test 0.3279
epoch 39/200 loss 0.7395 train 0.7760 test 0.3387
epoch 40/200 loss 0.7250 train 0.7757 test 0.3409
epoch 41/200 loss 0.6532 train 0.7963 test 0.3251
epoch 42/200 loss 0.5980 train 0.8157 test 0.3473
epoch 43/200 loss 0.5631 train 0.8237 test 0.3375
epoch 44/200 loss 0.5233 train 0.8377 test 0.3342
epoch 45/200 loss 0.5495 train 0.8350 test 0.3359
epoch 46/200 loss 0.4825 train 0.8517 test 0.3404
epoch 47/200 loss 0.4371 train 0.8660 test 0.3542
epoch 48/200 loss 0.4665 train 0.8549 test 0.3453
epoch 49/200 loss 0.4464 train 0.8654 test 0.3480
epoch 50/200 loss 0.4287 train 0.8664 test 0.3437
epoch 51/200 loss 0.3704 train 0.8875 test 0.3441
epoch 52/200 loss 0.3096 train 0.9056 test 0.3637
epoch 53/200 loss 0.3602 train 0.8879 test 0.3347
epoch 54/200 loss 0.3551 train 0.8929 test 0.3435
epoch 55/200 loss 0.3225 train 0.9001 test 0.3432
epoch 56/200 loss 0.2934 train 0.9118 test 0.3553
epoch 57/200 loss 0.3379 train 0.8953 test 0.3361
epoch 58/200 loss 0.2739 train 0.9170 test 0.3769
epoch 59/200 loss 0.2529 train 0.9270 test 0.3510
epoch 60/200 loss 0.2671 train 0.9197 test 0.3619
epoch 61/200 loss 0.2054 train 0.9437 test 0.3747
epoch 62/200 loss 0.2274 train 0.9324 test 0.3563
epoch 63/200 loss 0.2144 train 0.9371 test 0.3768
epoch 64/200 loss 0.2172 train 0.9386 test 0.3499
epoch 65/200 loss 0.2410 train 0.9312 test 0.3576
epoch 66/200 loss 0.2502 train 0.9261 test 0.3296
epoch 67/200 loss 0.2539 train 0.9269 test 0.3551
epoch 68/200 loss 0.2100 train 0.9394 test 0.3516
epoch 69/200 loss 0.1932 train 0.9508 test 0.3605
epoch 70/200 loss 0.1457 train 0.9617 test 0.3610
epoch 71/200 loss 0.1150 train 0.9710 test 0.3902
epoch 72/200 loss 0.1214 train 0.9685 test 0.3774
epoch 73/200 loss 0.1100 train 0.9732 test 0.3813
epoch 74/200 loss 0.1055 train 0.9729 test 0.3857
epoch 75/200 loss 0.1422 train 0.9604 test 0.3636
epoch 76/200 loss 0.1705 train 0.9538 test 0.3748
epoch 77/200 loss 0.1304 train 0.9640 test 0.3696
epoch 78/200 loss 0.1366 train 0.9639 test 0.3770
epoch 79/200 loss 0.1259 train 0.9659 test 0.3663
epoch 80/200 loss 0.1609 train 0.9561 test 0.3638
epoch 81/200 loss 0.1846 train 0.9491 test 0.3550
epoch 82/200 loss 0.2201 train 0.9367 test 0.3530
epoch 83/200 loss 0.2028 train 0.9441 test 0.3556
epoch 84/200 loss 0.1838 train 0.9491 test 0.3773
epoch 85/200 loss 0.1431 train 0.9615 test 0.3805
epoch 86/200 loss 0.1165 train 0.9686 test 0.3597
epoch 87/200 loss 0.1043 train 0.9732 test 0.3853
epoch 88/200 loss 0.0896 train 0.9775 test 0.3929
epoch 89/200 loss 0.0506 train 0.9896 test 0.4054
epoch 90/200 loss 0.0491 train 0.9896 test 0.3980
epoch 91/200 loss 0.0457 train 0.9898 test 0.4014
epoch 92/200 loss 0.0628 train 0.9846 test 0.3845
epoch 93/200 loss 0.0526 train 0.9899 test 0.4070
epoch 94/200 loss 0.0396 train 0.9929 test 0.4194
epoch 95/200 loss 0.0231 train 0.9972 test 0.4215
epoch 96/200 loss 0.0173 train 0.9984 test 0.4365
epoch 97/200 loss 0.0112 train 0.9992 test 0.4360
epoch 98/200 loss 0.0082 train 0.9997 test 0.4396
epoch 99/200 loss 0.0062 train 0.9999 test 0.4470
epoch 100/200 loss 0.0058 train 0.9997 test 0.4463
epoch 101/200 loss 0.0065 train 0.9997 test 0.4446
epoch 102/200 loss 0.0062 train 0.9997 test 0.4483
epoch 103/200 loss 0.0054 train 1.0000 test 0.4488
epoch 104/200 loss 0.0060 train 0.9996 test 0.4497
epoch 105/200 loss 0.0058 train 0.9999 test 0.4504
epoch 106/200 loss 0.0059 train 0.9999 test 0.4509
epoch 107/200 loss 0.0062 train 0.9999 test 0.4519
epoch 108/200 loss 0.0061 train 0.9999 test 0.4547
epoch 109/200 loss 0.0062 train 0.9999 test 0.4530
epoch 110/200 loss 0.0067 train 0.9997 test 0.4536
epoch 111/200 loss 0.0064 train 0.9997 test 0.4525
epoch 112/200 loss 0.0065 train 0.9999 test 0.4521
epoch 113/200 loss 0.0064 train 0.9999 test 0.4504
epoch 114/200 loss 0.0071 train 0.9997 test 0.4504
epoch 115/200 loss 0.0072 train 0.9999 test 0.4494
epoch 116/200 loss 0.0073 train 0.9999 test 0.4525
epoch 117/200 loss 0.0074 train 0.9997 test 0.4524
epoch 118/200 loss 0.0076 train 0.9997 test 0.4542
epoch 119/200 loss 0.0069 train 1.0000 test 0.4554
epoch 120/200 loss 0.0071 train 0.9997 test 0.4550
epoch 121/200 loss 0.0071 train 0.9999 test 0.4518
epoch 122/200 loss 0.0071 train 0.9999 test 0.4541
epoch 123/200 loss 0.0070 train 0.9999 test 0.4583
epoch 124/200 loss 0.0074 train 0.9997 test 0.4564
epoch 125/200 loss 0.0072 train 0.9997 test 0.4556
epoch 126/200 loss 0.0077 train 0.9999 test 0.4550
epoch 127/200 loss 0.0074 train 0.9997 test 0.4576
epoch 128/200 loss 0.0071 train 1.0000 test 0.4573
epoch 129/200 loss 0.0071 train 0.9997 test 0.4579
epoch 130/200 loss 0.0075 train 0.9999 test 0.4555
epoch 131/200 loss 0.0070 train 1.0000 test 0.4585
epoch 132/200 loss 0.0071 train 1.0000 test 0.4584
epoch 133/200 loss 0.0066 train 1.0000 test 0.4574
epoch 134/200 loss 0.0072 train 0.9999 test 0.4582
epoch 135/200 loss 0.0071 train 0.9999 test 0.4562
epoch 136/200 loss 0.0072 train 0.9999 test 0.4551
epoch 137/200 loss 0.0069 train 0.9999 test 0.4578
epoch 138/200 loss 0.0068 train 0.9999 test 0.4585
epoch 139/200 loss 0.0076 train 0.9999 test 0.4565
epoch 140/200 loss 0.0105 train 0.9992 test 0.4530
epoch 141/200 loss 0.0076 train 0.9999 test 0.4563
epoch 142/200 loss 0.0071 train 0.9999 test 0.4553
epoch 143/200 loss 0.0073 train 0.9999 test 0.4569
epoch 144/200 loss 0.0072 train 0.9999 test 0.4558
epoch 145/200 loss 0.0070 train 0.9999 test 0.4558
epoch 146/200 loss 0.0067 train 0.9999 test 0.4572
epoch 147/200 loss 0.0068 train 0.9997 test 0.4545
epoch 148/200 loss 0.0069 train 0.9999 test 0.4530
epoch 149/200 loss 0.0068 train 1.0000 test 0.4563
epoch 150/200 loss 0.0065 train 0.9999 test 0.4550
epoch 151/200 loss 0.0069 train 0.9997 test 0.4539
epoch 152/200 loss 0.0069 train 0.9997 test 0.4566
epoch 153/200 loss 0.0069 train 0.9999 test 0.4573
epoch 154/200 loss 0.0066 train 1.0000 test 0.4571
epoch 155/200 loss 0.0066 train 0.9997 test 0.4558
epoch 156/200 loss 0.0065 train 1.0000 test 0.4549
epoch 157/200 loss 0.0066 train 0.9999 test 0.4538
epoch 158/200 loss 0.0065 train 1.0000 test 0.4554
epoch 159/200 loss 0.0064 train 0.9999 test 0.4554
epoch 160/200 loss 0.0068 train 0.9997 test 0.4529
epoch 161/200 loss 0.0066 train 0.9997 test 0.4563
epoch 162/200 loss 0.0063 train 1.0000 test 0.4552
epoch 163/200 loss 0.0064 train 0.9999 test 0.4557
epoch 164/200 loss 0.0065 train 0.9999 test 0.4558
epoch 165/200 loss 0.0063 train 0.9999 test 0.4574
epoch 166/200 loss 0.0061 train 1.0000 test 0.4560
epoch 167/200 loss 0.0062 train 1.0000 test 0.4563
epoch 168/200 loss 0.0063 train 0.9999 test 0.4584
epoch 169/200 loss 0.0064 train 0.9999 test 0.4561
epoch 170/200 loss 0.0062 train 1.0000 test 0.4568
epoch 171/200 loss 0.0064 train 1.0000 test 0.4570
epoch 172/200 loss 0.0064 train 0.9999 test 0.4545
epoch 173/200 loss 0.0064 train 0.9999 test 0.4564
epoch 174/200 loss 0.0065 train 0.9997 test 0.4556
epoch 175/200 loss 0.0065 train 0.9999 test 0.4553
epoch 176/200 loss 0.0061 train 1.0000 test 0.4555
epoch 177/200 loss 0.0063 train 1.0000 test 0.4554
epoch 178/200 loss 0.0062 train 1.0000 test 0.4563
epoch 179/200 loss 0.0064 train 0.9999 test 0.4572
epoch 180/200 loss 0.0061 train 1.0000 test 0.4562
epoch 181/200 loss 0.0062 train 0.9999 test 0.4573
epoch 182/200 loss 0.0061 train 1.0000 test 0.4579
epoch 183/200 loss 0.0063 train 0.9999 test 0.4572
epoch 184/200 loss 0.0060 train 1.0000 test 0.4576
epoch 185/200 loss 0.0062 train 1.0000 test 0.4561
epoch 186/200 loss 0.0061 train 1.0000 test 0.4564
epoch 187/200 loss 0.0062 train 1.0000 test 0.4586
epoch 188/200 loss 0.0063 train 0.9999 test 0.4577
epoch 189/200 loss 0.0062 train 1.0000 test 0.4579
epoch 190/200 loss 0.0062 train 0.9999 test 0.4576
epoch 191/200 loss 0.0061 train 1.0000 test 0.4570
epoch 192/200 loss 0.0061 train 1.0000 test 0.4578
epoch 193/200 loss 0.0060 train 1.0000 test 0.4573
epoch 194/200 loss 0.0062 train 1.0000 test 0.4567
epoch 195/200 loss 0.0062 train 1.0000 test 0.4563
epoch 196/200 loss 0.0060 train 1.0000 test 0.4564
epoch 197/200 loss 0.0062 train 0.9999 test 0.4554
epoch 198/200 loss 0.0064 train 0.9999 test 0.4574
epoch 199/200 loss 0.0062 train 1.0000 test 0.4561
epoch 200/200 loss 0.0062 train 1.0000 test 0.4580
done: final 0.4580 best 0.4586 -> ./runs/enmag_15pct/seed2
ENMAG_ENV_15PCT_DONE
stem calibrated (True) on 1024 images
[enmag_25pct seed0] {"params_trainable": 11224740, "params_stem_trainable": 0, "params_stem_fixed_filters": 1936, "flops_total": 563406848, "flops_stem": 1982464, "flops_image_size": 32}
epoch 1/200 loss 4.2154 train 0.0627 test 0.0910
epoch 2/200 loss 3.6706 train 0.1351 test 0.1449
epoch 3/200 loss 3.4312 train 0.1776 test 0.1373
epoch 4/200 loss 3.2476 train 0.2030 test 0.1848
epoch 5/200 loss 3.0967 train 0.2296 test 0.1897
epoch 6/200 loss 2.9436 train 0.2587 test 0.2357
epoch 7/200 loss 2.8358 train 0.2817 test 0.2667
epoch 8/200 loss 2.7090 train 0.3066 test 0.2590
epoch 9/200 loss 2.5897 train 0.3288 test 0.2733
epoch 10/200 loss 2.4820 train 0.3454 test 0.3111
epoch 11/200 loss 2.3928 train 0.3628 test 0.2950
epoch 12/200 loss 2.2841 train 0.3878 test 0.3374
epoch 13/200 loss 2.2034 train 0.4090 test 0.3290
epoch 14/200 loss 2.1098 train 0.4323 test 0.3427
epoch 15/200 loss 2.0333 train 0.4445 test 0.3546
epoch 16/200 loss 1.9547 train 0.4644 test 0.3406
epoch 17/200 loss 1.8732 train 0.4812 test 0.3636
epoch 18/200 loss 1.8040 train 0.4965 test 0.3603
epoch 19/200 loss 1.7379 train 0.5093 test 0.3724
epoch 20/200 loss 1.6773 train 0.5312 test 0.3618
epoch 21/200 loss 1.6247 train 0.5415 test 0.3831
epoch 22/200 loss 1.5446 train 0.5632 test 0.3560
epoch 23/200 loss 1.4992 train 0.5697 test 0.4018
epoch 24/200 loss 1.4242 train 0.5909 test 0.3895
epoch 25/200 loss 1.3800 train 0.5968 test 0.3952
epoch 26/200 loss 1.3359 train 0.6133 test 0.3694
epoch 27/200 loss 1.2599 train 0.6272 test 0.3954
epoch 28/200 loss 1.2122 train 0.6451 test 0.3767
epoch 29/200 loss 1.1750 train 0.6513 test 0.3521
epoch 30/200 loss 1.1195 train 0.6654 test 0.3480
epoch 31/200 loss 1.1066 train 0.6712 test 0.4000
epoch 32/200 loss 1.0152 train 0.6917 test 0.3798
epoch 33/200 loss 0.9932 train 0.6992 test 0.3709
epoch 34/200 loss 0.9691 train 0.7049 test 0.3933
epoch 35/200 loss 0.9141 train 0.7228 test 0.3895
epoch 36/200 loss 0.8321 train 0.7460 test 0.3553
epoch 37/200 loss 0.8334 train 0.7459 test 0.3838
epoch 38/200 loss 0.8083 train 0.7497 test 0.3939
epoch 39/200 loss 0.7604 train 0.7640 test 0.3941
epoch 40/200 loss 0.7723 train 0.7612 test 0.3784
epoch 41/200 loss 0.7500 train 0.7691 test 0.3958
epoch 42/200 loss 0.6746 train 0.7885 test 0.4070
epoch 43/200 loss 0.6771 train 0.7843 test 0.3836
epoch 44/200 loss 0.6245 train 0.8063 test 0.4206
epoch 45/200 loss 0.6206 train 0.8073 test 0.3734
epoch 46/200 loss 0.5922 train 0.8156 test 0.4074
epoch 47/200 loss 0.5502 train 0.8313 test 0.4050
epoch 48/200 loss 0.5566 train 0.8289 test 0.3959
epoch 49/200 loss 0.5396 train 0.8350 test 0.3854
epoch 50/200 loss 0.5024 train 0.8407 test 0.3993
epoch 51/200 loss 0.5456 train 0.8346 test 0.3977
epoch 52/200 loss 0.4958 train 0.8475 test 0.4168
epoch 53/200 loss 0.4705 train 0.8544 test 0.3992
epoch 54/200 loss 0.4542 train 0.8584 test 0.3923
epoch 55/200 loss 0.4791 train 0.8545 test 0.4255
epoch 56/200 loss 0.4381 train 0.8667 test 0.4278
epoch 57/200 loss 0.3934 train 0.8798 test 0.4147
epoch 58/200 loss 0.4225 train 0.8686 test 0.4052
epoch 59/200 loss 0.4250 train 0.8678 test 0.4096
epoch 60/200 loss 0.3839 train 0.8847 test 0.4073
epoch 61/200 loss 0.3532 train 0.8903 test 0.4218
epoch 62/200 loss 0.3736 train 0.8851 test 0.4009
epoch 63/200 loss 0.3766 train 0.8843 test 0.3801
epoch 64/200 loss 0.4038 train 0.8748 test 0.4108
epoch 65/200 loss 0.3777 train 0.8850 test 0.4054
epoch 66/200 loss 0.3147 train 0.9067 test 0.4239
epoch 67/200 loss 0.3074 train 0.9063 test 0.4101
epoch 68/200 loss 0.3056 train 0.9105 test 0.4108
epoch 69/200 loss 0.3346 train 0.8964 test 0.4150
epoch 70/200 loss 0.3076 train 0.9077 test 0.4184
epoch 71/200 loss 0.3146 train 0.9035 test 0.4023
epoch 72/200 loss 0.2998 train 0.9100 test 0.4072
epoch 73/200 loss 0.3143 train 0.9079 test 0.4087
epoch 74/200 loss 0.3001 train 0.9085 test 0.4094
epoch 75/200 loss 0.2677 train 0.9207 test 0.4319
epoch 76/200 loss 0.2610 train 0.9199 test 0.4050
epoch 77/200 loss 0.2662 train 0.9208 test 0.4190
epoch 78/200 loss 0.2396 train 0.9291 test 0.4301
epoch 79/200 loss 0.2346 train 0.9314 test 0.4399
epoch 80/200 loss 0.2022 train 0.9401 test 0.4369
epoch 81/200 loss 0.2347 train 0.9305 test 0.4331
epoch 82/200 loss 0.2404 train 0.9319 test 0.4278
epoch 83/200 loss 0.2204 train 0.9347 test 0.4263
epoch 84/200 loss 0.2049 train 0.9383 test 0.4348
epoch 85/200 loss 0.1872 train 0.9470 test 0.4428
epoch 86/200 loss 0.1975 train 0.9435 test 0.4313
epoch 87/200 loss 0.1970 train 0.9409 test 0.4355
epoch 88/200 loss 0.1944 train 0.9448 test 0.4289
epoch 89/200 loss 0.2190 train 0.9373 test 0.4139
epoch 90/200 loss 0.1889 train 0.9459 test 0.4372
epoch 91/200 loss 0.1489 train 0.9606 test 0.4466
epoch 92/200 loss 0.1432 train 0.9622 test 0.4448
epoch 93/200 loss 0.1192 train 0.9693 test 0.4370
epoch 94/200 loss 0.1370 train 0.9638 test 0.4366
epoch 95/200 loss 0.1667 train 0.9530 test 0.4094
epoch 96/200 loss 0.1698 train 0.9528 test 0.4508
epoch 97/200 loss 0.1571 train 0.9556 test 0.4351
epoch 98/200 loss 0.1679 train 0.9542 test 0.4521
epoch 99/200 loss 0.1652 train 0.9543 test 0.4431
epoch 100/200 loss 0.1413 train 0.9611 test 0.4578
epoch 101/200 loss 0.1178 train 0.9688 test 0.4349
epoch 102/200 loss 0.1058 train 0.9722 test 0.4466
epoch 103/200 loss 0.0808 train 0.9821 test 0.4753
epoch 104/200 loss 0.0766 train 0.9810 test 0.4640
epoch 105/200 loss 0.0717 train 0.9835 test 0.4677
epoch 106/200 loss 0.0633 train 0.9857 test 0.4706
epoch 107/200 loss 0.0383 train 0.9946 test 0.4986
epoch 108/200 loss 0.0253 train 0.9966 test 0.5011
epoch 109/200 loss 0.0142 train 0.9989 test 0.5064
epoch 110/200 loss 0.0138 train 0.9990 test 0.5102
epoch 111/200 loss 0.0107 train 0.9994 test 0.5175
epoch 112/200 loss 0.0098 train 0.9993 test 0.5186
epoch 113/200 loss 0.0085 train 0.9996 test 0.5168
epoch 114/200 loss 0.0086 train 0.9996 test 0.5188
epoch 115/200 loss 0.0074 train 0.9999 test 0.5244
epoch 116/200 loss 0.0074 train 0.9998 test 0.5201
epoch 117/200 loss 0.0071 train 0.9999 test 0.5245
epoch 118/200 loss 0.0072 train 0.9999 test 0.5283
epoch 119/200 loss 0.0078 train 0.9999 test 0.5299
epoch 120/200 loss 0.0080 train 0.9999 test 0.5295
epoch 121/200 loss 0.0079 train 0.9998 test 0.5286
epoch 122/200 loss 0.0075 train 0.9999 test 0.5330
epoch 123/200 loss 0.0082 train 0.9999 test 0.5302
epoch 124/200 loss 0.0084 train 0.9998 test 0.5293
epoch 125/200 loss 0.0082 train 0.9999 test 0.5310
epoch 126/200 loss 0.0084 train 0.9998 test 0.5328
epoch 127/200 loss 0.0083 train 0.9998 test 0.5303
epoch 128/200 loss 0.0085 train 1.0000 test 0.5314
epoch 129/200 loss 0.0087 train 0.9998 test 0.5328
epoch 130/200 loss 0.0085 train 0.9999 test 0.5321
epoch 131/200 loss 0.0083 train 1.0000 test 0.5329
epoch 132/200 loss 0.0085 train 0.9998 test 0.5326
epoch 133/200 loss 0.0082 train 0.9999 test 0.5339
epoch 134/200 loss 0.0082 train 0.9999 test 0.5340
epoch 135/200 loss 0.0088 train 0.9998 test 0.5351
epoch 136/200 loss 0.0086 train 1.0000 test 0.5326
epoch 137/200 loss 0.0086 train 0.9998 test 0.5327
epoch 138/200 loss 0.0096 train 0.9997 test 0.5337
epoch 139/200 loss 0.0087 train 0.9998 test 0.5321
epoch 140/200 loss 0.0082 train 0.9998 test 0.5343
epoch 141/200 loss 0.0086 train 0.9998 test 0.5316
epoch 142/200 loss 0.0079 train 0.9999 test 0.5299
epoch 143/200 loss 0.0082 train 0.9998 test 0.5320
epoch 144/200 loss 0.0079 train 0.9999 test 0.5332
epoch 145/200 loss 0.0080 train 0.9999 test 0.5316
epoch 146/200 loss 0.0077 train 0.9999 test 0.5351
epoch 147/200 loss 0.0078 train 0.9998 test 0.5334
epoch 148/200 loss 0.0079 train 0.9999 test 0.5334
epoch 149/200 loss 0.0076 train 0.9999 test 0.5356
epoch 150/200 loss 0.0078 train 0.9999 test 0.5348
epoch 151/200 loss 0.0078 train 0.9999 test 0.5333
epoch 152/200 loss 0.0079 train 0.9998 test 0.5320
epoch 153/200 loss 0.0079 train 0.9999 test 0.5342
epoch 154/200 loss 0.0076 train 0.9999 test 0.5352
epoch 155/200 loss 0.0076 train 1.0000 test 0.5345
epoch 156/200 loss 0.0080 train 0.9998 test 0.5340
epoch 157/200 loss 0.0074 train 0.9999 test 0.5342
epoch 158/200 loss 0.0077 train 0.9998 test 0.5347
epoch 159/200 loss 0.0077 train 0.9998 test 0.5357
epoch 160/200 loss 0.0075 train 1.0000 test 0.5356
epoch 161/200 loss 0.0074 train 1.0000 test 0.5355
epoch 162/200 loss 0.0075 train 0.9998 test 0.5315
epoch 163/200 loss 0.0073 train 1.0000 test 0.5349
epoch 164/200 loss 0.0076 train 0.9998 test 0.5373
epoch 165/200 loss 0.0074 train 0.9999 test 0.5367
epoch 166/200 loss 0.0075 train 0.9999 test 0.5352
epoch 167/200 loss 0.0073 train 0.9999 test 0.5363
epoch 168/200 loss 0.0072 train 1.0000 test 0.5343
epoch 169/200 loss 0.0074 train 0.9999 test 0.5343
epoch 170/200 loss 0.0072 train 0.9999 test 0.5373
epoch 171/200 loss 0.0072 train 0.9999 test 0.5367
epoch 172/200 loss 0.0073 train 0.9999 test 0.5361
epoch 173/200 loss 0.0074 train 0.9998 test 0.5362
epoch 174/200 loss 0.0070 train 0.9999 test 0.5376
epoch 175/200 loss 0.0071 train 0.9999 test 0.5332
epoch 176/200 loss 0.0069 train 1.0000 test 0.5362
epoch 177/200 loss 0.0071 train 1.0000 test 0.5356
epoch 178/200 loss 0.0071 train 1.0000 test 0.5335
epoch 179/200 loss 0.0071 train 1.0000 test 0.5357
epoch 180/200 loss 0.0072 train 1.0000 test 0.5341
epoch 181/200 loss 0.0071 train 1.0000 test 0.5362
epoch 182/200 loss 0.0070 train 1.0000 test 0.5367
epoch 183/200 loss 0.0069 train 1.0000 test 0.5372
epoch 184/200 loss 0.0071 train 0.9999 test 0.5377
epoch 185/200 loss 0.0071 train 0.9999 test 0.5385
epoch 186/200 loss 0.0069 train 1.0000 test 0.5367
epoch 187/200 loss 0.0071 train 1.0000 test 0.5370
epoch 188/200 loss 0.0069 train 1.0000 test 0.5348
epoch 189/200 loss 0.0068 train 1.0000 test 0.5360
epoch 190/200 loss 0.0069 train 1.0000 test 0.5350
epoch 191/200 loss 0.0068 train 0.9999 test 0.5370
epoch 192/200 loss 0.0072 train 0.9999 test 0.5372
epoch 193/200 loss 0.0068 train 1.0000 test 0.5364
epoch 194/200 loss 0.0070 train 0.9999 test 0.5346
epoch 195/200 loss 0.0069 train 1.0000 test 0.5352
epoch 196/200 loss 0.0068 train 1.0000 test 0.5364
epoch 197/200 loss 0.0068 train 1.0000 test 0.5370
epoch 198/200 loss 0.0070 train 1.0000 test 0.5369
epoch 199/200 loss 0.0069 train 1.0000 test 0.5356
epoch 200/200 loss 0.0069 train 1.0000 test 0.5355
done: final 0.5355 best 0.5385 -> ./runs/enmag_25pct/seed0
stem calibrated (True) on 1024 images
[enmag_25pct seed1] {"params_trainable": 11224740, "params_stem_trainable": 0, "params_stem_fixed_filters": 1936, "flops_total": 563406848, "flops_stem": 1982464, "flops_image_size": 32}
epoch 1/200 loss 4.2229 train 0.0627 test 0.0988
epoch 2/200 loss 3.6857 train 0.1297 test 0.1549
epoch 3/200 loss 3.4256 train 0.1748 test 0.1765
epoch 4/200 loss 3.2472 train 0.2054 test 0.1924
epoch 5/200 loss 3.0869 train 0.2318 test 0.2091
epoch 6/200 loss 2.9544 train 0.2576 test 0.2261
epoch 7/200 loss 2.8372 train 0.2766 test 0.2537
epoch 8/200 loss 2.7092 train 0.2995 test 0.2364
epoch 9/200 loss 2.5883 train 0.3248 test 0.2789
epoch 10/200 loss 2.4785 train 0.3495 test 0.3025
epoch 11/200 loss 2.3744 train 0.3773 test 0.3199
epoch 12/200 loss 2.2947 train 0.3853 test 0.3273
epoch 13/200 loss 2.1958 train 0.4118 test 0.3141
epoch 14/200 loss 2.1092 train 0.4326 test 0.3431
epoch 15/200 loss 2.0518 train 0.4387 test 0.3366
epoch 16/200 loss 1.9576 train 0.4633 test 0.3443
epoch 17/200 loss 1.8940 train 0.4742 test 0.3599
epoch 18/200 loss 1.8039 train 0.4973 test 0.3808
epoch 19/200 loss 1.7398 train 0.5095 test 0.3465
epoch 20/200 loss 1.6750 train 0.5240 test 0.3743
epoch 21/200 loss 1.6115 train 0.5430 test 0.3554
epoch 22/200 loss 1.5514 train 0.5575 test 0.3408
epoch 23/200 loss 1.4961 train 0.5751 test 0.3595
epoch 24/200 loss 1.4499 train 0.5844 test 0.3940
epoch 25/200 loss 1.3898 train 0.5933 test 0.3877
epoch 26/200 loss 1.2983 train 0.6230 test 0.3743
epoch 27/200 loss 1.2839 train 0.6217 test 0.3698
epoch 28/200 loss 1.2250 train 0.6416 test 0.3891
epoch 29/200 loss 1.1699 train 0.6542 test 0.4084
epoch 30/200 loss 1.0837 train 0.6772 test 0.3731
epoch 31/200 loss 1.0934 train 0.6726 test 0.4037
epoch 32/200 loss 1.0246 train 0.6918 test 0.4072
epoch 33/200 loss 0.9765 train 0.7087 test 0.4028
epoch 34/200 loss 0.9820 train 0.7041 test 0.3724
epoch 35/200 loss 0.9152 train 0.7243 test 0.3837
epoch 36/200 loss 0.8305 train 0.7508 test 0.4054
epoch 37/200 loss 0.8004 train 0.7568 test 0.4070
epoch 38/200 loss 0.8012 train 0.7536 test 0.3794
epoch 39/200 loss 0.7930 train 0.7583 test 0.3829
epoch 40/200 loss 0.7237 train 0.7785 test 0.3784
epoch 41/200 loss 0.6953 train 0.7857 test 0.3834
epoch 42/200 loss 0.7157 train 0.7804 test 0.4012
epoch 43/200 loss 0.6683 train 0.7920 test 0.3854
epoch 44/200 loss 0.6274 train 0.8096 test 0.4025
epoch 45/200 loss 0.6076 train 0.8112 test 0.4158
epoch 46/200 loss 0.6067 train 0.8111 test 0.3702
epoch 47/200 loss 0.5816 train 0.8202 test 0.4274
epoch 48/200 loss 0.5048 train 0.8483 test 0.4063
epoch 49/200 loss 0.5079 train 0.8449 test 0.4084
epoch 50/200 loss 0.5081 train 0.8411 test 0.4031
epoch 51/200 loss 0.5683 train 0.8257 test 0.4023
epoch 52/200 loss 0.4596 train 0.8587 test 0.4055
epoch 53/200 loss 0.4562 train 0.8587 test 0.4272
epoch 54/200 loss 0.4564 train 0.8580 test 0.3825
epoch 55/200 loss 0.4696 train 0.8561 test 0.4145
epoch 56/200 loss 0.4369 train 0.8668 test 0.3908
epoch 57/200 loss 0.4102 train 0.8719 test 0.3996
epoch 58/200 loss 0.3742 train 0.8876 test 0.4055
epoch 59/200 loss 0.4482 train 0.8602 test 0.4007
epoch 60/200 loss 0.4284 train 0.8692 test 0.3957
epoch 61/200 loss 0.3489 train 0.8952 test 0.4167
epoch 62/200 loss 0.3275 train 0.9006 test 0.4158
epoch 63/200 loss 0.3905 train 0.8793 test 0.4259
epoch 64/200 loss 0.3593 train 0.8926 test 0.4128
epoch 65/200 loss 0.3308 train 0.8975 test 0.3966
epoch 66/200 loss 0.3335 train 0.9017 test 0.3910
epoch 67/200 loss 0.3056 train 0.9080 test 0.4089
epoch 68/200 loss 0.3244 train 0.9034 test 0.4132
epoch 69/200 loss 0.2779 train 0.9148 test 0.4034
epoch 70/200 loss 0.2680 train 0.9221 test 0.3955
epoch 71/200 loss 0.3504 train 0.8938 test 0.4122
epoch 72/200 loss 0.3416 train 0.8984 test 0.4071
epoch 73/200 loss 0.3008 train 0.9106 test 0.4141
epoch 74/200 loss 0.2581 train 0.9215 test 0.4383
epoch 75/200 loss 0.2388 train 0.9298 test 0.4283
epoch 76/200 loss 0.2387 train 0.9294 test 0.4074
epoch 77/200 loss 0.2656 train 0.9220 test 0.4339
epoch 78/200 loss 0.2671 train 0.9232 test 0.4245
epoch 79/200 loss 0.2630 train 0.9210 test 0.4277
epoch 80/200 loss 0.2155 train 0.9402 test 0.4296
epoch 81/200 loss 0.2214 train 0.9365 test 0.4308
epoch 82/200 loss 0.2228 train 0.9343 test 0.3879
epoch 83/200 loss 0.2225 train 0.9341 test 0.4301
epoch 84/200 loss 0.1993 train 0.9437 test 0.4576
epoch 85/200 loss 0.1724 train 0.9534 test 0.4287
epoch 86/200 loss 0.1539 train 0.9569 test 0.4269
epoch 87/200 loss 0.1837 train 0.9476 test 0.4164
epoch 88/200 loss 0.1884 train 0.9501 test 0.4297
epoch 89/200 loss 0.1926 train 0.9449 test 0.4343
epoch 90/200 loss 0.2121 train 0.9370 test 0.4185
epoch 91/200 loss 0.1930 train 0.9460 test 0.4324
epoch 92/200 loss 0.1977 train 0.9437 test 0.3992
epoch 93/200 loss 0.2051 train 0.9422 test 0.4362
epoch 94/200 loss 0.1902 train 0.9460 test 0.4419
epoch 95/200 loss 0.1612 train 0.9551 test 0.4392
epoch 96/200 loss 0.1258 train 0.9680 test 0.4630
epoch 97/200 loss 0.0974 train 0.9749 test 0.4339
epoch 98/200 loss 0.1035 train 0.9735 test 0.4538
epoch 99/200 loss 0.0952 train 0.9762 test 0.4669
epoch 100/200 loss 0.0744 train 0.9826 test 0.4672
epoch 101/200 loss 0.0525 train 0.9906 test 0.4814
epoch 102/200 loss 0.0481 train 0.9899 test 0.4783
epoch 103/200 loss 0.0399 train 0.9925 test 0.4867
epoch 104/200 loss 0.0272 train 0.9963 test 0.5033
epoch 105/200 loss 0.0165 train 0.9985 test 0.5139
epoch 106/200 loss 0.0139 train 0.9986 test 0.5104
epoch 107/200 loss 0.0117 train 0.9993 test 0.5129
epoch 108/200 loss 0.0101 train 0.9997 test 0.5212
epoch 109/200 loss 0.0134 train 0.9991 test 0.5149
epoch 110/200 loss 0.0125 train 0.9990 test 0.5181
epoch 111/200 loss 0.0093 train 0.9998 test 0.5238
epoch 112/200 loss 0.0081 train 0.9998 test 0.5255
epoch 113/200 loss 0.0103 train 0.9994 test 0.5295
epoch 114/200 loss 0.0086 train 0.9998 test 0.5270
epoch 115/200 loss 0.0080 train 0.9998 test 0.5300
epoch 116/200 loss 0.0081 train 0.9998 test 0.5298
epoch 117/200 loss 0.0080 train 0.9999 test 0.5329
epoch 118/200 loss 0.0085 train 0.9999 test 0.5316
epoch 119/200 loss 0.0085 train 0.9999 test 0.5352
epoch 120/200 loss 0.0090 train 0.9998 test 0.5346
epoch 121/200 loss 0.0084 train 0.9998 test 0.5337
epoch 122/200 loss 0.0087 train 0.9999 test 0.5331
epoch 123/200 loss 0.0083 train 0.9999 test 0.5374
epoch 124/200 loss 0.0090 train 0.9999 test 0.5357
epoch 125/200 loss 0.0090 train 0.9999 test 0.5347
epoch 126/200 loss 0.0086 train 0.9999 test 0.5368
epoch 127/200 loss 0.0090 train 0.9998 test 0.5340
epoch 128/200 loss 0.0086 train 1.0000 test 0.5337
epoch 129/200 loss 0.0105 train 0.9997 test 0.5371
epoch 130/200 loss 0.0089 train 0.9999 test 0.5371
epoch 131/200 loss 0.0085 train 1.0000 test 0.5382
epoch 132/200 loss 0.0091 train 0.9998 test 0.5353
epoch 133/200 loss 0.0086 train 0.9999 test 0.5372
epoch 134/200 loss 0.0089 train 0.9997 test 0.5407
epoch 135/200 loss 0.0085 train 0.9999 test 0.5390
epoch 136/200 loss 0.0083 train 0.9998 test 0.5419
epoch 137/200 loss 0.0081 train 0.9999 test 0.5390
epoch 138/200 loss 0.0082 train 0.9998 test 0.5382
epoch 139/200 loss 0.0083 train 0.9999 test 0.5375
epoch 140/200 loss 0.0084 train 0.9999 test 0.5413
epoch 141/200 loss 0.0080 train 0.9998 test 0.5401
epoch 142/200 loss 0.0080 train 0.9998 test 0.5413
epoch 143/200 loss 0.0081 train 0.9999 test 0.5409
epoch 144/200 loss 0.0083 train 0.9998 test 0.5380
epoch 145/200 loss 0.0085 train 0.9998 test 0.5348
epoch 146/200 loss 0.0084 train 0.9998 test 0.5410
epoch 147/200 loss 0.0078 train 0.9998 test 0.5402
epoch 148/200 loss 0.0080 train 0.9999 test 0.5381
epoch 149/200 loss 0.0078 train 1.0000 test 0.5415
epoch 150/200 loss 0.0081 train 0.9998 test 0.5406
epoch 151/200 loss 0.0076 train 0.9999 test 0.5405
epoch 152/200 loss 0.0075 train 1.0000 test 0.5416
epoch 153/200 loss 0.0077 train 0.9998 test 0.5424
epoch 154/200 loss 0.0079 train 0.9998 test 0.5369
epoch 155/200 loss 0.0077 train 0.9999 test 0.5383
epoch 156/200 loss 0.0078 train 0.9999 test 0.5410
epoch 157/200 loss 0.0075 train 1.0000 test 0.5395
epoch 158/200 loss 0.0074 train 1.0000 test 0.5418
epoch 159/200 loss 0.0076 train 0.9999 test 0.5403
epoch 160/200 loss 0.0074 train 0.9999 test 0.5433
epoch 161/200 loss 0.0073 train 1.0000 test 0.5381
epoch 162/200 loss 0.0073 train 0.9999 test 0.5403
epoch 163/200 loss 0.0072 train 0.9999 test 0.5403
epoch 164/200 loss 0.0073 train 1.0000 test 0.5437
epoch 165/200 loss 0.0074 train 1.0000 test 0.5428
epoch 166/200 loss 0.0072 train 1.0000 test 0.5398
epoch 167/200 loss 0.0070 train 1.0000 test 0.5408
epoch 168/200 loss 0.0070 train 1.0000 test 0.5420
epoch 169/200 loss 0.0072 train 1.0000 test 0.5410
epoch 170/200 loss 0.0072 train 1.0000 test 0.5407
epoch 171/200 loss 0.0070 train 0.9999 test 0.5416
epoch 172/200 loss 0.0070 train 1.0000 test 0.5403
epoch 173/200 loss 0.0071 train 1.0000 test 0.5383
epoch 174/200 loss 0.0072 train 0.9998 test 0.5401
epoch 175/200 loss 0.0068 train 1.0000 test 0.5397
epoch 176/200 loss 0.0070 train 0.9999 test 0.5408
epoch 177/200 loss 0.0066 train 1.0000 test 0.5400
epoch 178/200 loss 0.0068 train 0.9998 test 0.5413
epoch 179/200 loss 0.0071 train 1.0000 test 0.5419
epoch 180/200 loss 0.0071 train 0.9999 test 0.5415
epoch 181/200 loss 0.0069 train 0.9999 test 0.5430
epoch 182/200 loss 0.0069 train 1.0000 test 0.5415
epoch 183/200 loss 0.0070 train 1.0000 test 0.5402
epoch 184/200 loss 0.0066 train 1.0000 test 0.5390
epoch 185/200 loss 0.0068 train 1.0000 test 0.5390
epoch 186/200 loss 0.0068 train 1.0000 test 0.5406
epoch 187/200 loss 0.0070 train 1.0000 test 0.5405
epoch 188/200 loss 0.0068 train 0.9999 test 0.5407
epoch 189/200 loss 0.0068 train 0.9999 test 0.5414
epoch 190/200 loss 0.0068 train 1.0000 test 0.5404
epoch 191/200 loss 0.0066 train 1.0000 test 0.5406
epoch 192/200 loss 0.0068 train 0.9999 test 0.5396
epoch 193/200 loss 0.0068 train 0.9999 test 0.5408
epoch 194/200 loss 0.0070 train 1.0000 test 0.5402
epoch 195/200 loss 0.0065 train 1.0000 test 0.5410
epoch 196/200 loss 0.0069 train 1.0000 test 0.5405
epoch 197/200 loss 0.0069 train 0.9999 test 0.5384
epoch 198/200 loss 0.0066 train 1.0000 test 0.5416
epoch 199/200 loss 0.0069 train 0.9999 test 0.5415
epoch 200/200 loss 0.0066 train 0.9999 test 0.5402
done: final 0.5402 best 0.5437 -> ./runs/enmag_25pct/seed1
stem calibrated (True) on 1024 images
[enmag_25pct seed2] {"params_trainable": 11224740, "params_stem_trainable": 0, "params_stem_fixed_filters": 1936, "flops_total": 563406848, "flops_stem": 1982464, "flops_image_size": 32}
epoch 1/200 loss 4.2165 train 0.0649 test 0.1044
epoch 2/200 loss 3.6715 train 0.1344 test 0.1522
epoch 3/200 loss 3.4089 train 0.1778 test 0.1589
epoch 4/200 loss 3.2321 train 0.2062 test 0.1940
epoch 5/200 loss 3.0758 train 0.2362 test 0.1859
epoch 6/200 loss 2.9474 train 0.2582 test 0.2298
epoch 7/200 loss 2.8292 train 0.2773 test 0.2547
epoch 8/200 loss 2.7159 train 0.2968 test 0.2666
epoch 9/200 loss 2.5775 train 0.3288 test 0.2940
epoch 10/200 loss 2.4961 train 0.3450 test 0.2956
epoch 11/200 loss 2.3814 train 0.3728 test 0.2904
epoch 12/200 loss 2.2961 train 0.3867 test 0.2861
epoch 13/200 loss 2.2141 train 0.4042 test 0.3582
epoch 14/200 loss 2.1043 train 0.4323 test 0.3354
epoch 15/200 loss 2.0453 train 0.4450 test 0.3310
epoch 16/200 loss 1.9804 train 0.4547 test 0.3327
epoch 17/200 loss 1.8804 train 0.4803 test 0.3686
epoch 18/200 loss 1.8197 train 0.4941 test 0.3581
epoch 19/200 loss 1.7371 train 0.5137 test 0.3753
epoch 20/200 loss 1.6865 train 0.5213 test 0.3743
epoch 21/200 loss 1.6255 train 0.5406 test 0.3719
epoch 22/200 loss 1.5650 train 0.5548 test 0.3789
epoch 23/200 loss 1.4988 train 0.5737 test 0.3371
epoch 24/200 loss 1.4444 train 0.5855 test 0.3725
epoch 25/200 loss 1.3908 train 0.5961 test 0.3469
epoch 26/200 loss 1.3165 train 0.6118 test 0.3662
epoch 27/200 loss 1.2542 train 0.6310 test 0.3822
epoch 28/200 loss 1.2176 train 0.6394 test 0.3718
epoch 29/200 loss 1.1693 train 0.6522 test 0.3848
epoch 30/200 loss 1.1299 train 0.6665 test 0.4192
epoch 31/200 loss 1.0914 train 0.6745 test 0.3834
epoch 32/200 loss 1.0405 train 0.6886 test 0.4048
epoch 33/200 loss 1.0095 train 0.6979 test 0.4072
epoch 34/200 loss 0.9335 train 0.7166 test 0.3913
epoch 35/200 loss 0.9230 train 0.7216 test 0.3996
epoch 36/200 loss 0.8699 train 0.7361 test 0.3799
epoch 37/200 loss 0.8480 train 0.7436 test 0.4007
epoch 38/200 loss 0.8083 train 0.7530 test 0.3994
epoch 39/200 loss 0.8085 train 0.7500 test 0.4105
epoch 40/200 loss 0.7236 train 0.7799 test 0.4280
epoch 41/200 loss 0.6847 train 0.7919 test 0.4005
epoch 42/200 loss 0.7125 train 0.7792 test 0.3980
epoch 43/200 loss 0.6641 train 0.7946 test 0.4034
epoch 44/200 loss 0.6249 train 0.8096 test 0.4016
epoch 45/200 loss 0.6677 train 0.7956 test 0.3738
epoch 46/200 loss 0.5921 train 0.8165 test 0.4091
epoch 47/200 loss 0.5781 train 0.8243 test 0.4041
epoch 48/200 loss 0.5662 train 0.8219 test 0.3898
epoch 49/200 loss 0.5056 train 0.8434 test 0.3979
epoch 50/200 loss 0.5526 train 0.8258 test 0.4134
epoch 51/200 loss 0.5084 train 0.8421 test 0.4042
epoch 52/200 loss 0.4790 train 0.8527 test 0.4225
epoch 53/200 loss 0.4433 train 0.8645 test 0.4270
epoch 54/200 loss 0.4506 train 0.8601 test 0.3935
epoch 55/200 loss 0.4706 train 0.8559 test 0.4097
epoch 56/200 loss 0.4674 train 0.8568 test 0.3939
epoch 57/200 loss 0.4252 train 0.8692 test 0.3704
epoch 58/200 loss 0.4330 train 0.8671 test 0.4105
epoch 59/200 loss 0.4003 train 0.8800 test 0.4047
epoch 60/200 loss 0.4160 train 0.8731 test 0.3960
epoch 61/200 loss 0.4289 train 0.8704 test 0.4208
epoch 62/200 loss 0.3392 train 0.8947 test 0.4277
epoch 63/200 loss 0.2831 train 0.9145 test 0.4174
epoch 64/200 loss 0.3191 train 0.9038 test 0.4052
epoch 65/200 loss 0.3886 train 0.8808 test 0.4127
epoch 66/200 loss 0.3622 train 0.8903 test 0.4144
epoch 67/200 loss 0.3228 train 0.9046 test 0.4006
epoch 68/200 loss 0.3715 train 0.8872 test 0.3996
epoch 69/200 loss 0.3223 train 0.9025 test 0.4190
epoch 70/200 loss 0.3038 train 0.9105 test 0.4279
epoch 71/200 loss 0.2904 train 0.9145 test 0.4284
epoch 72/200 loss 0.2617 train 0.9252 test 0.4360
epoch 73/200 loss 0.2603 train 0.9225 test 0.4120
epoch 74/200 loss 0.3002 train 0.9136 test 0.3992
epoch 75/200 loss 0.2849 train 0.9148 test 0.4125
epoch 76/200 loss 0.2666 train 0.9216 test 0.4140
epoch 77/200 loss 0.3050 train 0.9074 test 0.4158
epoch 78/200 loss 0.2762 train 0.9187 test 0.4366
epoch 79/200 loss 0.2366 train 0.9299 test 0.4293
epoch 80/200 loss 0.2464 train 0.9273 test 0.4045
epoch 81/200 loss 0.2465 train 0.9284 test 0.4146
epoch 82/200 loss 0.2014 train 0.9400 test 0.4285
epoch 83/200 loss 0.1924 train 0.9447 test 0.4427
epoch 84/200 loss 0.1952 train 0.9445 test 0.4318
epoch 85/200 loss 0.1917 train 0.9445 test 0.4411
epoch 86/200 loss 0.1717 train 0.9516 test 0.4473
epoch 87/200 loss 0.1616 train 0.9540 test 0.4362
epoch 88/200 loss 0.2030 train 0.9387 test 0.4293
epoch 89/200 loss 0.2123 train 0.9370 test 0.4281
epoch 90/200 loss 0.1947 train 0.9462 test 0.4426
epoch 91/200 loss 0.1494 train 0.9600 test 0.4514
epoch 92/200 loss 0.1735 train 0.9526 test 0.4399
epoch 93/200 loss 0.1615 train 0.9564 test 0.4467
epoch 94/200 loss 0.1486 train 0.9592 test 0.4232
epoch 95/200 loss 0.1887 train 0.9483 test 0.4130
epoch 96/200 loss 0.1600 train 0.9566 test 0.4478
epoch 97/200 loss 0.1622 train 0.9545 test 0.4283
epoch 98/200 loss 0.1749 train 0.9522 test 0.4314
epoch 99/200 loss 0.1553 train 0.9580 test 0.4388
epoch 100/200 loss 0.1137 train 0.9724 test 0.4577
epoch 101/200 loss 0.1021 train 0.9748 test 0.4696
epoch 102/200 loss 0.0639 train 0.9861 test 0.4814
epoch 103/200 loss 0.0379 train 0.9932 test 0.4979
epoch 104/200 loss 0.0230 train 0.9976 test 0.5041
epoch 105/200 loss 0.0208 train 0.9973 test 0.5027
epoch 106/200 loss 0.0178 train 0.9982 test 0.5016
epoch 107/200 loss 0.0128 train 0.9991 test 0.5181
epoch 108/200 loss 0.0102 train 0.9994 test 0.5186
epoch 109/200 loss 0.0105 train 0.9994 test 0.5227
epoch 110/200 loss 0.0084 train 0.9998 test 0.5258
epoch 111/200 loss 0.0075 train 0.9999 test 0.5274
epoch 112/200 loss 0.0093 train 0.9995 test 0.5211
epoch 113/200 loss 0.0085 train 0.9998 test 0.5282
epoch 114/200 loss 0.0081 train 0.9999 test 0.5320
epoch 115/200 loss 0.0083 train 0.9999 test 0.5292
epoch 116/200 loss 0.0089 train 0.9997 test 0.5296
epoch 117/200 loss 0.0085 train 0.9998 test 0.5306
epoch 118/200 loss 0.0086 train 0.9999 test 0.5334
epoch 119/200 loss 0.0085 train 0.9999 test 0.5310
epoch 120/200 loss 0.0088 train 0.9998 test 0.5358
epoch 121/200 loss 0.0083 train 0.9999 test 0.5338
epoch 122/200 loss 0.0087 train 0.9998 test 0.5346
epoch 123/200 loss 0.0089 train 0.9998 test 0.5335
epoch 124/200 loss 0.0092 train 0.9998 test 0.5355
epoch 125/200 loss 0.0095 train 0.9998 test 0.5348
epoch 126/200 loss 0.0092 train 0.9998 test 0.5361
epoch 127/200 loss 0.0084 train 0.9998 test 0.5368
epoch 128/200 loss 0.0089 train 0.9999 test 0.5375
epoch 129/200 loss 0.0088 train 1.0000 test 0.5380
epoch 130/200 loss 0.0087 train 0.9999 test 0.5340
epoch 131/200 loss 0.0088 train 0.9999 test 0.5368
epoch 132/200 loss 0.0086 train 0.9999 test 0.5398
epoch 133/200 loss 0.0090 train 0.9999 test 0.5360
epoch 134/200 loss 0.0090 train 0.9998 test 0.5361
epoch 135/200 loss 0.0087 train 0.9998 test 0.5408
epoch 136/200 loss 0.0085 train 0.9998 test 0.5367
epoch 137/200 loss 0.0086 train 0.9999 test 0.5395
epoch 138/200 loss 0.0092 train 0.9998 test 0.5387
epoch 139/200 loss 0.0089 train 1.0000 test 0.5388
epoch 140/200 loss 0.0084 train 0.9999 test 0.5360
epoch 141/200 loss 0.0086 train 0.9999 test 0.5355
epoch 142/200 loss 0.0083 train 0.9999 test 0.5360
epoch 143/200 loss 0.0089 train 0.9998 test 0.5386
epoch 144/200 loss 0.0087 train 0.9999 test 0.5392
epoch 145/200 loss 0.0078 train 1.0000 test 0.5394
epoch 146/200 loss 0.0079 train 0.9999 test 0.5405
epoch 147/200 loss 0.0078 train 0.9999 test 0.5395
epoch 148/200 loss 0.0080 train 0.9999 test 0.5396
epoch 149/200 loss 0.0081 train 0.9999 test 0.5398
epoch 150/200 loss 0.0077 train 0.9999 test 0.5392
epoch 151/200 loss 0.0076 train 1.0000 test 0.5426
epoch 152/200 loss 0.0079 train 1.0000 test 0.5380
epoch 153/200 loss 0.0079 train 0.9998 test 0.5401
epoch 154/200 loss 0.0075 train 1.0000 test 0.5411
epoch 155/200 loss 0.0074 train 1.0000 test 0.5418
epoch 156/200 loss 0.0078 train 0.9998 test 0.5387
epoch 157/200 loss 0.0075 train 0.9999 test 0.5422
epoch 158/200 loss 0.0075 train 0.9998 test 0.5421
epoch 159/200 loss 0.0075 train 0.9999 test 0.5432
epoch 160/200 loss 0.0078 train 0.9998 test 0.5414
epoch 161/200 loss 0.0074 train 1.0000 test 0.5419
epoch 162/200 loss 0.0072 train 0.9999 test 0.5406
epoch 163/200 loss 0.0073 train 0.9999 test 0.5412
epoch 164/200 loss 0.0074 train 1.0000 test 0.5439
epoch 165/200 loss 0.0074 train 0.9998 test 0.5398
epoch 166/200 loss 0.0072 train 0.9999 test 0.5403
epoch 167/200 loss 0.0074 train 0.9998 test 0.5390
epoch 168/200 loss 0.0072 train 0.9999 test 0.5380
epoch 169/200 loss 0.0072 train 1.0000 test 0.5411
epoch 170/200 loss 0.0073 train 0.9999 test 0.5399
epoch 171/200 loss 0.0072 train 0.9999 test 0.5388
epoch 172/200 loss 0.0073 train 0.9999 test 0.5422
epoch 173/200 loss 0.0070 train 0.9999 test 0.5397
epoch 174/200 loss 0.0070 train 1.0000 test 0.5404
epoch 175/200 loss 0.0071 train 1.0000 test 0.5399
epoch 176/200 loss 0.0069 train 0.9999 test 0.5400
epoch 177/200 loss 0.0071 train 1.0000 test 0.5399
epoch 178/200 loss 0.0072 train 1.0000 test 0.5390
epoch 179/200 loss 0.0071 train 1.0000 test 0.5397
epoch 180/200 loss 0.0069 train 1.0000 test 0.5402
epoch 181/200 loss 0.0073 train 1.0000 test 0.5386
epoch 182/200 loss 0.0071 train 1.0000 test 0.5394
epoch 183/200 loss 0.0070 train 1.0000 test 0.5405
epoch 184/200 loss 0.0069 train 1.0000 test 0.5400
epoch 185/200 loss 0.0070 train 0.9998 test 0.5400
epoch 186/200 loss 0.0072 train 0.9998 test 0.5374
epoch 187/200 loss 0.0070 train 1.0000 test 0.5392
epoch 188/200 loss 0.0068 train 1.0000 test 0.5371
epoch 189/200 loss 0.0069 train 0.9999 test 0.5406
epoch 190/200 loss 0.0068 train 1.0000 test 0.5390
epoch 191/200 loss 0.0069 train 0.9999 test 0.5405
epoch 192/200 loss 0.0069 train 0.9999 test 0.5408
epoch 193/200 loss 0.0067 train 1.0000 test 0.5406
epoch 194/200 loss 0.0069 train 1.0000 test 0.5402
epoch 195/200 loss 0.0070 train 0.9999 test 0.5397
epoch 196/200 loss 0.0070 train 1.0000 test 0.5393
epoch 197/200 loss 0.0069 train 0.9999 test 0.5414
epoch 198/200 loss 0.0070 train 1.0000 test 0.5380
epoch 199/200 loss 0.0068 train 0.9999 test 0.5401
epoch 200/200 loss 0.0068 train 0.9999 test 0.5419
done: final 0.5419 best 0.5439 -> ./runs/enmag_25pct/seed2
ENMAG_ENV_25PCT_DONE
stem calibrated (True) on 1024 images
[enmag_100pct seed0] {"params_trainable": 11224740, "params_stem_trainable": 0, "params_stem_fixed_filters": 1936, "flops_total": 563406848, "flops_stem": 1982464, "flops_image_size": 32}
epoch 1/200 loss 3.6496 train 0.1399 test 0.1911
epoch 2/200 loss 2.9761 train 0.2507 test 0.2855
epoch 3/200 loss 2.6137 train 0.3193 test 0.2937
epoch 4/200 loss 2.3423 train 0.3777 test 0.3878
epoch 5/200 loss 2.1591 train 0.4218 test 0.4222
epoch 6/200 loss 2.0273 train 0.4511 test 0.4149
epoch 7/200 loss 1.9247 train 0.4737 test 0.4593
epoch 8/200 loss 1.8490 train 0.4931 test 0.4259
epoch 9/200 loss 1.7763 train 0.5086 test 0.4722
epoch 10/200 loss 1.7247 train 0.5226 test 0.4687
epoch 11/200 loss 1.6787 train 0.5358 test 0.4972
epoch 12/200 loss 1.6338 train 0.5427 test 0.4615
epoch 13/200 loss 1.5993 train 0.5533 test 0.4780
epoch 14/200 loss 1.5615 train 0.5635 test 0.4871
epoch 15/200 loss 1.5353 train 0.5699 test 0.5045
epoch 16/200 loss 1.5036 train 0.5761 test 0.4914
epoch 17/200 loss 1.4848 train 0.5807 test 0.4923
epoch 18/200 loss 1.4603 train 0.5863 test 0.4916
epoch 19/200 loss 1.4279 train 0.5955 test 0.5071
epoch 20/200 loss 1.4276 train 0.5974 test 0.5082
epoch 21/200 loss 1.4092 train 0.5999 test 0.5092
epoch 22/200 loss 1.3877 train 0.6062 test 0.4958
epoch 23/200 loss 1.3608 train 0.6136 test 0.5083
epoch 24/200 loss 1.3619 train 0.6109 test 0.4904
epoch 25/200 loss 1.3387 train 0.6175 test 0.5128
epoch 26/200 loss 1.3265 train 0.6220 test 0.5282
epoch 27/200 loss 1.3236 train 0.6218 test 0.5188
epoch 28/200 loss 1.3064 train 0.6259 test 0.5086
epoch 29/200 loss 1.2920 train 0.6295 test 0.5125
epoch 30/200 loss 1.2830 train 0.6335 test 0.5023
epoch 31/200 loss 1.2727 train 0.6346 test 0.5068
epoch 32/200 loss 1.2589 train 0.6388 test 0.5202
epoch 33/200 loss 1.2571 train 0.6363 test 0.5198
epoch 34/200 loss 1.2345 train 0.6433 test 0.5305
epoch 35/200 loss 1.2450 train 0.6439 test 0.5414
epoch 36/200 loss 1.2302 train 0.6457 test 0.5259
epoch 37/200 loss 1.2198 train 0.6502 test 0.5288
epoch 38/200 loss 1.2128 train 0.6506 test 0.5224
epoch 39/200 loss 1.1999 train 0.6547 test 0.5537
epoch 40/200 loss 1.1898 train 0.6559 test 0.5084
epoch 41/200 loss 1.1882 train 0.6549 test 0.5392
epoch 42/200 loss 1.1812 train 0.6588 test 0.5500
epoch 43/200 loss 1.1702 train 0.6609 test 0.5347
epoch 44/200 loss 1.1612 train 0.6634 test 0.5463
epoch 45/200 loss 1.1497 train 0.6676 test 0.5437
epoch 46/200 loss 1.1468 train 0.6684 test 0.5127
epoch 47/200 loss 1.1450 train 0.6665 test 0.5250
epoch 48/200 loss 1.1413 train 0.6680 test 0.5316
epoch 49/200 loss 1.1177 train 0.6769 test 0.5459
epoch 50/200 loss 1.1212 train 0.6733 test 0.5296
epoch 51/200 loss 1.0959 train 0.6810 test 0.5557
epoch 52/200 loss 1.1020 train 0.6800 test 0.5477
epoch 53/200 loss 1.0877 train 0.6850 test 0.5614
epoch 54/200 loss 1.0875 train 0.6846 test 0.5598
epoch 55/200 loss 1.0708 train 0.6883 test 0.5473
epoch 56/200 loss 1.0643 train 0.6900 test 0.5696
epoch 57/200 loss 1.0546 train 0.6916 test 0.5628
epoch 58/200 loss 1.0555 train 0.6911 test 0.5488
epoch 59/200 loss 1.0447 train 0.6951 test 0.5662
epoch 60/200 loss 1.0310 train 0.6965 test 0.5538
epoch 61/200 loss 1.0299 train 0.6974 test 0.5168
epoch 62/200 loss 1.0210 train 0.6997 test 0.5794
epoch 63/200 loss 1.0099 train 0.7026 test 0.5776
epoch 64/200 loss 0.9958 train 0.7059 test 0.5474
epoch 65/200 loss 0.9918 train 0.7078 test 0.5781
epoch 66/200 loss 0.9947 train 0.7075 test 0.5848
epoch 67/200 loss 0.9732 train 0.7123 test 0.5475
epoch 68/200 loss 0.9660 train 0.7133 test 0.5478
epoch 69/200 loss 0.9583 train 0.7172 test 0.5452
epoch 70/200 loss 0.9592 train 0.7170 test 0.5767
epoch 71/200 loss 0.9418 train 0.7203 test 0.5346
epoch 72/200 loss 0.9358 train 0.7228 test 0.5621
epoch 73/200 loss 0.9255 train 0.7257 test 0.5642
epoch 74/200 loss 0.9164 train 0.7282 test 0.5797
epoch 75/200 loss 0.8933 train 0.7345 test 0.5548
epoch 76/200 loss 0.8913 train 0.7361 test 0.5612
epoch 77/200 loss 0.8883 train 0.7355 test 0.5740
epoch 78/200 loss 0.8799 train 0.7379 test 0.5761
epoch 79/200 loss 0.8544 train 0.7431 test 0.5857
epoch 80/200 loss 0.8617 train 0.7438 test 0.5814
epoch 81/200 loss 0.8469 train 0.7488 test 0.5639
epoch 82/200 loss 0.8404 train 0.7478 test 0.5775
epoch 83/200 loss 0.8269 train 0.7511 test 0.5802
epoch 84/200 loss 0.8188 train 0.7548 test 0.6071
epoch 85/200 loss 0.7944 train 0.7616 test 0.6016
epoch 86/200 loss 0.7795 train 0.7634 test 0.5879
epoch 87/200 loss 0.7864 train 0.7632 test 0.5917
epoch 88/200 loss 0.7706 train 0.7679 test 0.5728
epoch 89/200 loss 0.7530 train 0.7730 test 0.5818
epoch 90/200 loss 0.7589 train 0.7714 test 0.5790
epoch 91/200 loss 0.7332 train 0.7772 test 0.5860
epoch 92/200 loss 0.7231 train 0.7796 test 0.5893
epoch 93/200 loss 0.7037 train 0.7866 test 0.6087
epoch 94/200 loss 0.7057 train 0.7860 test 0.5956
epoch 95/200 loss 0.6964 train 0.7872 test 0.5890
epoch 96/200 loss 0.6846 train 0.7893 test 0.5903
epoch 97/200 loss 0.6555 train 0.8012 test 0.5942
epoch 98/200 loss 0.6487 train 0.8023 test 0.6060
epoch 99/200 loss 0.6268 train 0.8084 test 0.6017
epoch 100/200 loss 0.6296 train 0.8081 test 0.5849
epoch 101/200 loss 0.6074 train 0.8132 test 0.5897
epoch 102/200 loss 0.5987 train 0.8147 test 0.6092
epoch 103/200 loss 0.5783 train 0.8206 test 0.6173
epoch 104/200 loss 0.5603 train 0.8277 test 0.6220
epoch 105/200 loss 0.5597 train 0.8287 test 0.6101
epoch 106/200 loss 0.5419 train 0.8322 test 0.6095
epoch 107/200 loss 0.5205 train 0.8373 test 0.6322
epoch 108/200 loss 0.5183 train 0.8397 test 0.6171
epoch 109/200 loss 0.4998 train 0.8458 test 0.6180
epoch 110/200 loss 0.4810 train 0.8526 test 0.5986
epoch 111/200 loss 0.4878 train 0.8499 test 0.6267
epoch 112/200 loss 0.4672 train 0.8558 test 0.6308
epoch 113/200 loss 0.4497 train 0.8616 test 0.6321
epoch 114/200 loss 0.4451 train 0.8613 test 0.6199
epoch 115/200 loss 0.4369 train 0.8658 test 0.6280
epoch 116/200 loss 0.4111 train 0.8725 test 0.6244
epoch 117/200 loss 0.4033 train 0.8748 test 0.6058
epoch 118/200 loss 0.4013 train 0.8759 test 0.6133
epoch 119/200 loss 0.3777 train 0.8840 test 0.6620
epoch 120/200 loss 0.3807 train 0.8821 test 0.6264
epoch 121/200 loss 0.3474 train 0.8923 test 0.6380
epoch 122/200 loss 0.3498 train 0.8926 test 0.6331
epoch 123/200 loss 0.3359 train 0.8954 test 0.6418
epoch 124/200 loss 0.3239 train 0.8996 test 0.6330
epoch 125/200 loss 0.3075 train 0.9059 test 0.6426
epoch 126/200 loss 0.3099 train 0.9042 test 0.6374
epoch 127/200 loss 0.2946 train 0.9084 test 0.6584
epoch 128/200 loss 0.2659 train 0.9192 test 0.6455
epoch 129/200 loss 0.2709 train 0.9168 test 0.6529
epoch 130/200 loss 0.2581 train 0.9205 test 0.6540
epoch 131/200 loss 0.2452 train 0.9270 test 0.6442
epoch 132/200 loss 0.2331 train 0.9298 test 0.6597
epoch 133/200 loss 0.2154 train 0.9359 test 0.6643
epoch 134/200 loss 0.2118 train 0.9377 test 0.6647
epoch 135/200 loss 0.1931 train 0.9428 test 0.6711
epoch 136/200 loss 0.2025 train 0.9409 test 0.6508
epoch 137/200 loss 0.1852 train 0.9469 test 0.6720
epoch 138/200 loss 0.1718 train 0.9495 test 0.6718
epoch 139/200 loss 0.1538 train 0.9569 test 0.6694
epoch 140/200 loss 0.1523 train 0.9570 test 0.6722
epoch 141/200 loss 0.1395 train 0.9600 test 0.6867
epoch 142/200 loss 0.1217 train 0.9669 test 0.6847
epoch 143/200 loss 0.1183 train 0.9684 test 0.6726
epoch 144/200 loss 0.1090 train 0.9715 test 0.6894
epoch 145/200 loss 0.0987 train 0.9747 test 0.6947
epoch 146/200 loss 0.0885 train 0.9773 test 0.6881
epoch 147/200 loss 0.0813 train 0.9799 test 0.6923
epoch 148/200 loss 0.0680 train 0.9846 test 0.6987
epoch 149/200 loss 0.0561 train 0.9887 test 0.7094
epoch 150/200 loss 0.0535 train 0.9893 test 0.7142
epoch 151/200 loss 0.0445 train 0.9918 test 0.7125
epoch 152/200 loss 0.0358 train 0.9947 test 0.7265
epoch 153/200 loss 0.0289 train 0.9959 test 0.7285
epoch 154/200 loss 0.0261 train 0.9966 test 0.7310
epoch 155/200 loss 0.0243 train 0.9967 test 0.7327
epoch 156/200 loss 0.0196 train 0.9981 test 0.7372
epoch 157/200 loss 0.0177 train 0.9983 test 0.7297
epoch 158/200 loss 0.0153 train 0.9990 test 0.7435
epoch 159/200 loss 0.0150 train 0.9988 test 0.7429
epoch 160/200 loss 0.0133 train 0.9992 test 0.7479
epoch 161/200 loss 0.0131 train 0.9992 test 0.7483
epoch 162/200 loss 0.0130 train 0.9991 test 0.7505
epoch 163/200 loss 0.0122 train 0.9992 test 0.7490
epoch 164/200 loss 0.0122 train 0.9993 test 0.7501
epoch 165/200 loss 0.0119 train 0.9993 test 0.7564
epoch 166/200 loss 0.0110 train 0.9995 test 0.7549
epoch 167/200 loss 0.0114 train 0.9994 test 0.7532
epoch 168/200 loss 0.0108 train 0.9995 test 0.7547
epoch 169/200 loss 0.0107 train 0.9996 test 0.7564
epoch 170/200 loss 0.0107 train 0.9995 test 0.7569
epoch 171/200 loss 0.0107 train 0.9995 test 0.7555
epoch 172/200 loss 0.0105 train 0.9996 test 0.7589
epoch 173/200 loss 0.0105 train 0.9996 test 0.7561
epoch 174/200 loss 0.0104 train 0.9995 test 0.7581
epoch 175/200 loss 0.0102 train 0.9996 test 0.7561
epoch 176/200 loss 0.0100 train 0.9995 test 0.7594
epoch 177/200 loss 0.0101 train 0.9996 test 0.7571
epoch 178/200 loss 0.0098 train 0.9997 test 0.7615
epoch 179/200 loss 0.0098 train 0.9997 test 0.7587
epoch 180/200 loss 0.0097 train 0.9997 test 0.7595
epoch 181/200 loss 0.0098 train 0.9995 test 0.7607
epoch 182/200 loss 0.0094 train 0.9996 test 0.7618
epoch 183/200 loss 0.0098 train 0.9997 test 0.7595
epoch 184/200 loss 0.0095 train 0.9997 test 0.7614
epoch 185/200 loss 0.0096 train 0.9996 test 0.7622
epoch 186/200 loss 0.0094 train 0.9996 test 0.7602
epoch 187/200 loss 0.0095 train 0.9996 test 0.7609
epoch 188/200 loss 0.0093 train 0.9997 test 0.7605
epoch 189/200 loss 0.0094 train 0.9997 test 0.7616
epoch 190/200 loss 0.0094 train 0.9996 test 0.7625
epoch 191/200 loss 0.0093 train 0.9996 test 0.7604
epoch 192/200 loss 0.0092 train 0.9997 test 0.7616
epoch 193/200 loss 0.0091 train 0.9997 test 0.7610
epoch 194/200 loss 0.0093 train 0.9997 test 0.7605
epoch 195/200 loss 0.0092 train 0.9998 test 0.7623
epoch 196/200 loss 0.0091 train 0.9997 test 0.7616
epoch 197/200 loss 0.0092 train 0.9996 test 0.7613
epoch 198/200 loss 0.0091 train 0.9997 test 0.7614
epoch 199/200 loss 0.0091 train 0.9997 test 0.7618
epoch 200/200 loss 0.0092 train 0.9997 test 0.7625
done: final 0.7625 best 0.7625 -> ./runs/enmag_100pct/seed0
stem calibrated (True) on 1024 images
[enmag_100pct seed1] {"params_trainable": 11224740, "params_stem_trainable": 0, "params_stem_fixed_filters": 1936, "flops_total": 563406848, "flops_stem": 1982464, "flops_image_size": 32}
epoch 1/200 loss 3.6481 train 0.1377 test 0.1976
epoch 2/200 loss 2.9809 train 0.2467 test 0.2779
epoch 3/200 loss 2.6110 train 0.3208 test 0.3335
epoch 4/200 loss 2.3393 train 0.3795 test 0.3761
epoch 5/200 loss 2.1663 train 0.4175 test 0.3311
epoch 6/200 loss 2.0279 train 0.4492 test 0.4032
epoch 7/200 loss 1.9272 train 0.4732 test 0.4435
epoch 8/200 loss 1.8458 train 0.4955 test 0.4444
epoch 9/200 loss 1.7721 train 0.5131 test 0.4737
epoch 10/200 loss 1.7237 train 0.5218 test 0.4418
epoch 11/200 loss 1.6768 train 0.5331 test 0.4872
epoch 12/200 loss 1.6284 train 0.5482 test 0.4839
epoch 13/200 loss 1.5926 train 0.5546 test 0.4820
epoch 14/200 loss 1.5549 train 0.5649 test 0.4878
epoch 15/200 loss 1.5325 train 0.5706 test 0.4814
epoch 16/200 loss 1.5034 train 0.5766 test 0.4850
epoch 17/200 loss 1.4837 train 0.5821 test 0.5002
epoch 18/200 loss 1.4668 train 0.5865 test 0.4973
epoch 19/200 loss 1.4440 train 0.5918 test 0.5069
epoch 20/200 loss 1.4225 train 0.5962 test 0.5128
epoch 21/200 loss 1.4052 train 0.6017 test 0.5310
epoch 22/200 loss 1.3819 train 0.6075 test 0.5290
epoch 23/200 loss 1.3687 train 0.6108 test 0.4918
epoch 24/200 loss 1.3576 train 0.6115 test 0.5275
epoch 25/200 loss 1.3423 train 0.6163 test 0.5255
epoch 26/200 loss 1.3316 train 0.6215 test 0.5356
epoch 27/200 loss 1.3267 train 0.6211 test 0.5287
epoch 28/200 loss 1.3030 train 0.6271 test 0.5439
epoch 29/200 loss 1.2991 train 0.6299 test 0.4948
epoch 30/200 loss 1.2910 train 0.6298 test 0.5023
epoch 31/200 loss 1.2764 train 0.6342 test 0.5426
epoch 32/200 loss 1.2641 train 0.6361 test 0.5517
epoch 33/200 loss 1.2599 train 0.6374 test 0.5352
epoch 34/200 loss 1.2641 train 0.6382 test 0.5107
epoch 35/200 loss 1.2325 train 0.6463 test 0.5450
epoch 36/200 loss 1.2268 train 0.6482 test 0.5421
epoch 37/200 loss 1.2283 train 0.6459 test 0.5596
epoch 38/200 loss 1.2198 train 0.6481 test 0.5325
epoch 39/200 loss 1.2097 train 0.6515 test 0.5070
epoch 40/200 loss 1.1910 train 0.6572 test 0.5407
epoch 41/200 loss 1.1955 train 0.6556 test 0.5120
epoch 42/200 loss 1.1829 train 0.6579 test 0.5463
epoch 43/200 loss 1.1782 train 0.6610 test 0.5527
epoch 44/200 loss 1.1768 train 0.6594 test 0.5431
epoch 45/200 loss 1.1606 train 0.6639 test 0.5479
epoch 46/200 loss 1.1643 train 0.6627 test 0.5552
epoch 47/200 loss 1.1555 train 0.6655 test 0.5398
epoch 48/200 loss 1.1399 train 0.6713 test 0.5560
epoch 49/200 loss 1.1375 train 0.6716 test 0.5476
epoch 50/200 loss 1.1227 train 0.6743 test 0.5366
epoch 51/200 loss 1.1057 train 0.6763 test 0.5466
epoch 52/200 loss 1.1036 train 0.6779 test 0.5480
epoch 53/200 loss 1.1035 train 0.6790 test 0.5414
epoch 54/200 loss 1.0937 train 0.6821 test 0.5674
epoch 55/200 loss 1.0821 train 0.6850 test 0.5412
epoch 56/200 loss 1.0697 train 0.6881 test 0.5282
epoch 57/200 loss 1.0673 train 0.6872 test 0.5477
epoch 58/200 loss 1.0599 train 0.6894 test 0.5786
epoch 59/200 loss 1.0539 train 0.6926 test 0.5805
epoch 60/200 loss 1.0321 train 0.6965 test 0.5569
epoch 61/200 loss 1.0393 train 0.6955 test 0.5651
epoch 62/200 loss 1.0262 train 0.6987 test 0.5727
epoch 63/200 loss 1.0294 train 0.6990 test 0.5343
epoch 64/200 loss 1.0156 train 0.7017 test 0.5610
epoch 65/200 loss 0.9939 train 0.7078 test 0.5580
epoch 66/200 loss 0.9915 train 0.7082 test 0.5756
epoch 67/200 loss 0.9813 train 0.7102 test 0.5561
epoch 68/200 loss 0.9754 train 0.7131 test 0.5602
epoch 69/200 loss 0.9679 train 0.7147 test 0.5656
epoch 70/200 loss 0.9516 train 0.7187 test 0.5671
epoch 71/200 loss 0.9443 train 0.7216 test 0.5583
epoch 72/200 loss 0.9420 train 0.7211 test 0.5571
epoch 73/200 loss 0.9345 train 0.7224 test 0.5607
epoch 74/200 loss 0.9145 train 0.7290 test 0.5658
epoch 75/200 loss 0.9112 train 0.7291 test 0.5842
epoch 76/200 loss 0.9014 train 0.7332 test 0.5787
epoch 77/200 loss 0.8923 train 0.7347 test 0.5735
epoch 78/200 loss 0.8814 train 0.7387 test 0.5638
epoch 79/200 loss 0.8673 train 0.7425 test 0.5790
epoch 80/200 loss 0.8575 train 0.7439 test 0.5629
epoch 81/200 loss 0.8534 train 0.7447 test 0.5697
epoch 82/200 loss 0.8475 train 0.7472 test 0.5873
epoch 83/200 loss 0.8350 train 0.7510 test 0.6018
epoch 84/200 loss 0.8164 train 0.7579 test 0.5784
epoch 85/200 loss 0.8135 train 0.7553 test 0.5782
epoch 86/200 loss 0.8061 train 0.7570 test 0.5928
epoch 87/200 loss 0.7915 train 0.7624 test 0.5676
epoch 88/200 loss 0.7895 train 0.7617 test 0.5594
epoch 89/200 loss 0.7585 train 0.7716 test 0.5842
epoch 90/200 loss 0.7600 train 0.7715 test 0.5502
epoch 91/200 loss 0.7525 train 0.7719 test 0.5808
epoch 92/200 loss 0.7275 train 0.7811 test 0.6082
epoch 93/200 loss 0.7148 train 0.7809 test 0.5804
epoch 94/200 loss 0.7127 train 0.7842 test 0.6021
epoch 95/200 loss 0.7053 train 0.7838 test 0.5887
epoch 96/200 loss 0.7000 train 0.7875 test 0.5828
epoch 97/200 loss 0.6727 train 0.7967 test 0.5832
epoch 98/200 loss 0.6621 train 0.7976 test 0.5929
epoch 99/200 loss 0.6589 train 0.7984 test 0.6074
epoch 100/200 loss 0.6529 train 0.7990 test 0.6058
epoch 101/200 loss 0.6287 train 0.8075 test 0.6104
epoch 102/200 loss 0.6120 train 0.8105 test 0.5982
epoch 103/200 loss 0.6112 train 0.8133 test 0.6027
epoch 104/200 loss 0.5795 train 0.8225 test 0.6053
epoch 105/200 loss 0.5852 train 0.8202 test 0.6040
epoch 106/200 loss 0.5701 train 0.8266 test 0.5936
epoch 107/200 loss 0.5575 train 0.8289 test 0.6021
epoch 108/200 loss 0.5447 train 0.8299 test 0.5943
epoch 109/200 loss 0.5325 train 0.8357 test 0.5970
epoch 110/200 loss 0.5183 train 0.8412 test 0.5911
epoch 111/200 loss 0.5115 train 0.8418 test 0.5816
epoch 112/200 loss 0.4786 train 0.8520 test 0.6044
epoch 113/200 loss 0.4818 train 0.8515 test 0.6114
epoch 114/200 loss 0.4535 train 0.8598 test 0.6057
epoch 115/200 loss 0.4648 train 0.8577 test 0.5957
epoch 116/200 loss 0.4462 train 0.8639 test 0.6054
epoch 117/200 loss 0.4285 train 0.8692 test 0.6131
epoch 118/200 loss 0.4134 train 0.8723 test 0.6015
epoch 119/200 loss 0.4152 train 0.8712 test 0.6075
epoch 120/200 loss 0.4001 train 0.8757 test 0.6096
epoch 121/200 loss 0.3951 train 0.8791 test 0.6017
epoch 122/200 loss 0.3641 train 0.8882 test 0.6156
epoch 123/200 loss 0.3476 train 0.8933 test 0.6160
epoch 124/200 loss 0.3472 train 0.8934 test 0.6190
epoch 125/200 loss 0.3199 train 0.9012 test 0.6110
epoch 126/200 loss 0.3231 train 0.9010 test 0.6178
epoch 127/200 loss 0.3096 train 0.9062 test 0.6303
epoch 128/200 loss 0.2908 train 0.9118 test 0.6282
epoch 129/200 loss 0.2970 train 0.9089 test 0.6146
epoch 130/200 loss 0.2669 train 0.9193 test 0.6264
epoch 131/200 loss 0.2536 train 0.9239 test 0.6269
epoch 132/200 loss 0.2562 train 0.9233 test 0.6369
epoch 133/200 loss 0.2213 train 0.9349 test 0.6388
epoch 134/200 loss 0.2223 train 0.9340 test 0.6369
epoch 135/200 loss 0.2150 train 0.9371 test 0.6330
epoch 136/200 loss 0.1998 train 0.9418 test 0.6395
epoch 137/200 loss 0.1967 train 0.9429 test 0.6458
epoch 138/200 loss 0.1882 train 0.9449 test 0.6398
epoch 139/200 loss 0.1931 train 0.9418 test 0.6396
epoch 140/200 loss 0.1665 train 0.9529 test 0.6390
epoch 141/200 loss 0.1552 train 0.9559 test 0.6551
epoch 142/200 loss 0.1376 train 0.9617 test 0.6533
epoch 143/200 loss 0.1242 train 0.9665 test 0.6542
epoch 144/200 loss 0.1193 train 0.9683 test 0.6531
epoch 145/200 loss 0.1043 train 0.9726 test 0.6646
epoch 146/200 loss 0.0851 train 0.9790 test 0.6676
epoch 147/200 loss 0.0842 train 0.9799 test 0.6774
epoch 148/200 loss 0.0728 train 0.9831 test 0.6639
epoch 149/200 loss 0.0652 train 0.9863 test 0.6735
epoch 150/200 loss 0.0548 train 0.9890 test 0.6744
epoch 151/200 loss 0.0497 train 0.9909 test 0.6811
epoch 152/200 loss 0.0366 train 0.9946 test 0.6957
epoch 153/200 loss 0.0355 train 0.9943 test 0.6978
epoch 154/200 loss 0.0314 train 0.9954 test 0.6936
epoch 155/200 loss 0.0310 train 0.9957 test 0.6935
epoch 156/200 loss 0.0258 train 0.9970 test 0.7043
epoch 157/200 loss 0.0249 train 0.9973 test 0.7083
epoch 158/200 loss 0.0212 train 0.9978 test 0.7107
epoch 159/200 loss 0.0170 train 0.9985 test 0.7143
epoch 160/200 loss 0.0161 train 0.9988 test 0.7120
epoch 161/200 loss 0.0148 train 0.9987 test 0.7113
epoch 162/200 loss 0.0142 train 0.9990 test 0.7172
epoch 163/200 loss 0.0125 train 0.9993 test 0.7195
epoch 164/200 loss 0.0126 train 0.9991 test 0.7221
epoch 165/200 loss 0.0123 train 0.9993 test 0.7226
epoch 166/200 loss 0.0116 train 0.9994 test 0.7236
epoch 167/200 loss 0.0123 train 0.9993 test 0.7202
epoch 168/200 loss 0.0114 train 0.9995 test 0.7252
epoch 169/200 loss 0.0110 train 0.9995 test 0.7231
epoch 170/200 loss 0.0109 train 0.9994 test 0.7222
epoch 171/200 loss 0.0110 train 0.9995 test 0.7235
epoch 172/200 loss 0.0112 train 0.9994 test 0.7254
epoch 173/200 loss 0.0108 train 0.9995 test 0.7278
epoch 174/200 loss 0.0104 train 0.9996 test 0.7288
epoch 175/200 loss 0.0108 train 0.9993 test 0.7269
epoch 176/200 loss 0.0103 train 0.9996 test 0.7286
epoch 177/200 loss 0.0106 train 0.9995 test 0.7275
epoch 178/200 loss 0.0102 train 0.9995 test 0.7276
epoch 179/200 loss 0.0103 train 0.9995 test 0.7255
epoch 180/200 loss 0.0100 train 0.9996 test 0.7278
epoch 181/200 loss 0.0100 train 0.9996 test 0.7275
epoch 182/200 loss 0.0098 train 0.9997 test 0.7286
epoch 183/200 loss 0.0100 train 0.9996 test 0.7276
epoch 184/200 loss 0.0100 train 0.9996 test 0.7301
epoch 185/200 loss 0.0099 train 0.9995 test 0.7287
epoch 186/200 loss 0.0097 train 0.9996 test 0.7277
epoch 187/200 loss 0.0097 train 0.9996 test 0.7271
epoch 188/200 loss 0.0096 train 0.9997 test 0.7272
epoch 189/200 loss 0.0097 train 0.9996 test 0.7291
epoch 190/200 loss 0.0096 train 0.9997 test 0.7275
epoch 191/200 loss 0.0095 train 0.9997 test 0.7286
epoch 192/200 loss 0.0097 train 0.9996 test 0.7263
epoch 193/200 loss 0.0095 train 0.9997 test 0.7296
epoch 194/200 loss 0.0097 train 0.9995 test 0.7281
epoch 195/200 loss 0.0095 train 0.9996 test 0.7289
epoch 196/200 loss 0.0094 train 0.9998 test 0.7296
epoch 197/200 loss 0.0094 train 0.9996 test 0.7274
epoch 198/200 loss 0.0095 train 0.9997 test 0.7283
epoch 199/200 loss 0.0094 train 0.9998 test 0.7272
epoch 200/200 loss 0.0095 train 0.9996 test 0.7284
done: final 0.7284 best 0.7301 -> ./runs/enmag_100pct/seed1
ENMAG_ENV_100PCT_DONE
ENMAG_ENVELOPE_COMPLETE
