stem calibrated (True) on 1024 images
[enste_5pct seed0] {"params_trainable": 11225316, "params_stem_trainable": 0, "params_stem_fixed_filters": 5808, "flops_total": 568109100, "flops_stem": 6094892, "flops_image_size": 32}
epoch 1/200 loss 4.6284 train 0.0164 test 0.0355
epoch 2/200 loss 4.3644 train 0.0395 test 0.0446
epoch 3/200 loss 4.1477 train 0.0559 test 0.0499
epoch 4/200 loss 3.9945 train 0.0785 test 0.0790
epoch 5/200 loss 3.8636 train 0.1098 test 0.0932
epoch 6/200 loss 3.7835 train 0.1098 test 0.0866
epoch 7/200 loss 3.6682 train 0.1365 test 0.0953
epoch 8/200 loss 3.5730 train 0.1476 test 0.1005
epoch 9/200 loss 3.4975 train 0.1501 test 0.1031
epoch 10/200 loss 3.4286 train 0.1669 test 0.1182
epoch 11/200 loss 3.3671 train 0.1801 test 0.1194
epoch 12/200 loss 3.2497 train 0.2048 test 0.1207
epoch 13/200 loss 3.1958 train 0.2085 test 0.1386
epoch 14/200 loss 3.1353 train 0.2122 test 0.1279
epoch 15/200 loss 3.0617 train 0.2336 test 0.1165
epoch 16/200 loss 2.9655 train 0.2512 test 0.1380
epoch 17/200 loss 2.8950 train 0.2710 test 0.1462
epoch 18/200 loss 2.8429 train 0.2681 test 0.1512
epoch 19/200 loss 2.7397 train 0.2936 test 0.1577
epoch 20/200 loss 2.6863 train 0.3030 test 0.1314
epoch 21/200 loss 2.5732 train 0.3257 test 0.1569
epoch 22/200 loss 2.5923 train 0.3215 test 0.1589
epoch 23/200 loss 2.4659 train 0.3549 test 0.1687
epoch 24/200 loss 2.3758 train 0.3602 test 0.1594
epoch 25/200 loss 2.2893 train 0.3968 test 0.1886
epoch 26/200 loss 2.2767 train 0.3894 test 0.1778
epoch 27/200 loss 2.1342 train 0.4194 test 0.1765
epoch 28/200 loss 2.0760 train 0.4268 test 0.1781
epoch 29/200 loss 2.0379 train 0.4367 test 0.1660
epoch 30/200 loss 1.9505 train 0.4593 test 0.1706
epoch 31/200 loss 1.8220 train 0.4922 test 0.1639
epoch 32/200 loss 1.7331 train 0.5132 test 0.1972
epoch 33/200 loss 1.6931 train 0.5099 test 0.1907
epoch 34/200 loss 1.6230 train 0.5382 test 0.1582
epoch 35/200 loss 1.4888 train 0.5736 test 0.2014
epoch 36/200 loss 1.3511 train 0.6102 test 0.1975
epoch 37/200 loss 1.2690 train 0.6365 test 0.1940
epoch 38/200 loss 1.1302 train 0.6764 test 0.1944
epoch 39/200 loss 1.0826 train 0.6805 test 0.1691
epoch 40/200 loss 1.1398 train 0.6534 test 0.1835
epoch 41/200 loss 1.0410 train 0.6887 test 0.1888
epoch 42/200 loss 0.9489 train 0.7097 test 0.1953
epoch 43/200 loss 0.9006 train 0.7323 test 0.1788
epoch 44/200 loss 0.7697 train 0.7759 test 0.1944
epoch 45/200 loss 0.6939 train 0.8006 test 0.1911
epoch 46/200 loss 0.6597 train 0.8035 test 0.2088
epoch 47/200 loss 0.5709 train 0.8285 test 0.1813
epoch 48/200 loss 0.4806 train 0.8672 test 0.2034
epoch 49/200 loss 0.4431 train 0.8766 test 0.1972
epoch 50/200 loss 0.4348 train 0.8738 test 0.1806
epoch 51/200 loss 0.3780 train 0.8927 test 0.1926
epoch 52/200 loss 0.3398 train 0.9017 test 0.2089
epoch 53/200 loss 0.3544 train 0.9005 test 0.2136
epoch 54/200 loss 0.3507 train 0.9005 test 0.2069
epoch 55/200 loss 0.2989 train 0.9174 test 0.2018
epoch 56/200 loss 0.2842 train 0.9153 test 0.2089
epoch 57/200 loss 0.2417 train 0.9354 test 0.2096
epoch 58/200 loss 0.2143 train 0.9445 test 0.2047
epoch 59/200 loss 0.1825 train 0.9482 test 0.2121
epoch 60/200 loss 0.1683 train 0.9552 test 0.2079
epoch 61/200 loss 0.1084 train 0.9745 test 0.2322
epoch 62/200 loss 0.0949 train 0.9815 test 0.2342
epoch 63/200 loss 0.0767 train 0.9852 test 0.2236
epoch 64/200 loss 0.0667 train 0.9889 test 0.2314
epoch 65/200 loss 0.0543 train 0.9938 test 0.2395
epoch 66/200 loss 0.0360 train 0.9963 test 0.2446
epoch 67/200 loss 0.0265 train 0.9963 test 0.2462
epoch 68/200 loss 0.0257 train 0.9975 test 0.2531
epoch 69/200 loss 0.0201 train 0.9979 test 0.2491
epoch 70/200 loss 0.0147 train 0.9996 test 0.2514
epoch 71/200 loss 0.0105 train 1.0000 test 0.2539
epoch 72/200 loss 0.0093 train 1.0000 test 0.2538
epoch 73/200 loss 0.0092 train 0.9996 test 0.2587
epoch 74/200 loss 0.0091 train 1.0000 test 0.2567
epoch 75/200 loss 0.0097 train 0.9996 test 0.2572
epoch 76/200 loss 0.0091 train 1.0000 test 0.2556
epoch 77/200 loss 0.0088 train 1.0000 test 0.2551
epoch 78/200 loss 0.0084 train 1.0000 test 0.2557
epoch 79/200 loss 0.0081 train 1.0000 test 0.2597
epoch 80/200 loss 0.0071 train 1.0000 test 0.2609
epoch 81/200 loss 0.0067 train 1.0000 test 0.2626
epoch 82/200 loss 0.0067 train 1.0000 test 0.2619
epoch 83/200 loss 0.0069 train 1.0000 test 0.2596
epoch 84/200 loss 0.0063 train 1.0000 test 0.2613
epoch 85/200 loss 0.0070 train 1.0000 test 0.2616
epoch 86/200 loss 0.0068 train 1.0000 test 0.2589
epoch 87/200 loss 0.0068 train 1.0000 test 0.2616
epoch 88/200 loss 0.0067 train 1.0000 test 0.2611
epoch 89/200 loss 0.0067 train 1.0000 test 0.2625
epoch 90/200 loss 0.0073 train 1.0000 test 0.2605
epoch 91/200 loss 0.0069 train 1.0000 test 0.2644
epoch 92/200 loss 0.0066 train 1.0000 test 0.2625
epoch 93/200 loss 0.0069 train 1.0000 test 0.2649
epoch 94/200 loss 0.0071 train 1.0000 test 0.2638
epoch 95/200 loss 0.0072 train 1.0000 test 0.2623
epoch 96/200 loss 0.0071 train 1.0000 test 0.2616
epoch 97/200 loss 0.0071 train 1.0000 test 0.2622
epoch 98/200 loss 0.0081 train 1.0000 test 0.2621
epoch 99/200 loss 0.0074 train 1.0000 test 0.2625
epoch 100/200 loss 0.0070 train 1.0000 test 0.2619
epoch 101/200 loss 0.0080 train 1.0000 test 0.2658
epoch 102/200 loss 0.0072 train 1.0000 test 0.2632
epoch 103/200 loss 0.0076 train 1.0000 test 0.2642
epoch 104/200 loss 0.0069 train 1.0000 test 0.2665
epoch 105/200 loss 0.0075 train 1.0000 test 0.2645
epoch 106/200 loss 0.0074 train 1.0000 test 0.2650
epoch 107/200 loss 0.0071 train 1.0000 test 0.2647
epoch 108/200 loss 0.0074 train 1.0000 test 0.2652
epoch 109/200 loss 0.0071 train 1.0000 test 0.2658
epoch 110/200 loss 0.0070 train 1.0000 test 0.2642
epoch 111/200 loss 0.0073 train 1.0000 test 0.2636
epoch 112/200 loss 0.0077 train 1.0000 test 0.2615
epoch 113/200 loss 0.0073 train 1.0000 test 0.2635
epoch 114/200 loss 0.0075 train 1.0000 test 0.2621
epoch 115/200 loss 0.0078 train 1.0000 test 0.2648
epoch 116/200 loss 0.0067 train 1.0000 test 0.2648
epoch 117/200 loss 0.0071 train 1.0000 test 0.2648
epoch 118/200 loss 0.0072 train 1.0000 test 0.2672
epoch 119/200 loss 0.0072 train 1.0000 test 0.2658
epoch 120/200 loss 0.0077 train 1.0000 test 0.2663
epoch 121/200 loss 0.0073 train 1.0000 test 0.2675
epoch 122/200 loss 0.0077 train 1.0000 test 0.2667
epoch 123/200 loss 0.0074 train 1.0000 test 0.2655
epoch 124/200 loss 0.0078 train 1.0000 test 0.2633
epoch 125/200 loss 0.0072 train 1.0000 test 0.2642
epoch 126/200 loss 0.0072 train 1.0000 test 0.2662
epoch 127/200 loss 0.0073 train 1.0000 test 0.2671
epoch 128/200 loss 0.0073 train 1.0000 test 0.2668
epoch 129/200 loss 0.0072 train 1.0000 test 0.2687
epoch 130/200 loss 0.0072 train 1.0000 test 0.2664
epoch 131/200 loss 0.0072 train 1.0000 test 0.2667
epoch 132/200 loss 0.0074 train 1.0000 test 0.2670
epoch 133/200 loss 0.0067 train 1.0000 test 0.2658
epoch 134/200 loss 0.0072 train 1.0000 test 0.2662
epoch 135/200 loss 0.0070 train 1.0000 test 0.2663
epoch 136/200 loss 0.0072 train 1.0000 test 0.2659
epoch 137/200 loss 0.0065 train 1.0000 test 0.2678
epoch 138/200 loss 0.0067 train 1.0000 test 0.2676
epoch 139/200 loss 0.0075 train 1.0000 test 0.2677
epoch 140/200 loss 0.0069 train 1.0000 test 0.2679
epoch 141/200 loss 0.0075 train 1.0000 test 0.2674
epoch 142/200 loss 0.0070 train 1.0000 test 0.2680
epoch 143/200 loss 0.0071 train 1.0000 test 0.2671
epoch 144/200 loss 0.0066 train 1.0000 test 0.2681
epoch 145/200 loss 0.0071 train 1.0000 test 0.2682
epoch 146/200 loss 0.0074 train 1.0000 test 0.2681
epoch 147/200 loss 0.0066 train 1.0000 test 0.2693
epoch 148/200 loss 0.0074 train 1.0000 test 0.2680
epoch 149/200 loss 0.0069 train 1.0000 test 0.2683
epoch 150/200 loss 0.0070 train 1.0000 test 0.2684
epoch 151/200 loss 0.0071 train 1.0000 test 0.2673
epoch 152/200 loss 0.0069 train 1.0000 test 0.2659
epoch 153/200 loss 0.0071 train 1.0000 test 0.2679
epoch 154/200 loss 0.0074 train 1.0000 test 0.2664
epoch 155/200 loss 0.0068 train 1.0000 test 0.2674
epoch 156/200 loss 0.0070 train 1.0000 test 0.2676
epoch 157/200 loss 0.0070 train 1.0000 test 0.2672
epoch 158/200 loss 0.0069 train 1.0000 test 0.2673
epoch 159/200 loss 0.0066 train 1.0000 test 0.2679
epoch 160/200 loss 0.0072 train 1.0000 test 0.2668
epoch 161/200 loss 0.0064 train 1.0000 test 0.2667
epoch 162/200 loss 0.0069 train 1.0000 test 0.2680
epoch 163/200 loss 0.0070 train 1.0000 test 0.2666
epoch 164/200 loss 0.0069 train 1.0000 test 0.2668
epoch 165/200 loss 0.0070 train 1.0000 test 0.2660
epoch 166/200 loss 0.0068 train 1.0000 test 0.2664
epoch 167/200 loss 0.0070 train 1.0000 test 0.2671
epoch 168/200 loss 0.0068 train 1.0000 test 0.2672
epoch 169/200 loss 0.0070 train 1.0000 test 0.2690
epoch 170/200 loss 0.0067 train 1.0000 test 0.2668
epoch 171/200 loss 0.0067 train 1.0000 test 0.2689
epoch 172/200 loss 0.0068 train 1.0000 test 0.2687
epoch 173/200 loss 0.0070 train 1.0000 test 0.2682
epoch 174/200 loss 0.0072 train 1.0000 test 0.2675
epoch 175/200 loss 0.0069 train 1.0000 test 0.2674
epoch 176/200 loss 0.0068 train 1.0000 test 0.2676
epoch 177/200 loss 0.0069 train 1.0000 test 0.2670
epoch 178/200 loss 0.0066 train 1.0000 test 0.2661
epoch 179/200 loss 0.0069 train 1.0000 test 0.2671
epoch 180/200 loss 0.0065 train 1.0000 test 0.2680
epoch 181/200 loss 0.0072 train 1.0000 test 0.2689
epoch 182/200 loss 0.0069 train 1.0000 test 0.2669
epoch 183/200 loss 0.0072 train 1.0000 test 0.2667
epoch 184/200 loss 0.0066 train 1.0000 test 0.2678
epoch 185/200 loss 0.0069 train 1.0000 test 0.2676
epoch 186/200 loss 0.0072 train 1.0000 test 0.2682
epoch 187/200 loss 0.0072 train 1.0000 test 0.2675
epoch 188/200 loss 0.0069 train 1.0000 test 0.2679
epoch 189/200 loss 0.0070 train 1.0000 test 0.2677
epoch 190/200 loss 0.0067 train 1.0000 test 0.2688
epoch 191/200 loss 0.0068 train 1.0000 test 0.2684
epoch 192/200 loss 0.0068 train 1.0000 test 0.2691
epoch 193/200 loss 0.0066 train 1.0000 test 0.2676
epoch 194/200 loss 0.0071 train 1.0000 test 0.2695
epoch 195/200 loss 0.0073 train 1.0000 test 0.2692
epoch 196/200 loss 0.0069 train 1.0000 test 0.2680
epoch 197/200 loss 0.0068 train 1.0000 test 0.2678
epoch 198/200 loss 0.0070 train 1.0000 test 0.2679
epoch 199/200 loss 0.0064 train 1.0000 test 0.2685
epoch 200/200 loss 0.0068 train 1.0000 test 0.2690
done: final 0.2690 best 0.2695 -> ./runs/enste_5pct/seed0
stem calibrated (True) on 1024 images
[enste_5pct seed1] {"params_trainable": 11225316, "params_stem_trainable": 0, "params_stem_fixed_filters": 5808, "flops_total": 568109100, "flops_stem": 6094892, "flops_image_size": 32}
epoch 1/200 loss 4.6501 train 0.0156 test 0.0335
epoch 2/200 loss 4.3856 train 0.0415 test 0.0456
epoch 3/200 loss 4.1924 train 0.0559 test 0.0427
epoch 4/200 loss 4.0245 train 0.0769 test 0.0757
epoch 5/200 loss 3.9428 train 0.1012 test 0.0856
epoch 6/200 loss 3.7913 train 0.1110 test 0.0896
epoch 7/200 loss 3.6967 train 0.1328 test 0.0915
epoch 8/200 loss 3.6396 train 0.1398 test 0.1145
epoch 9/200 loss 3.5678 train 0.1484 test 0.0980
epoch 10/200 loss 3.4407 train 0.1690 test 0.1262
epoch 11/200 loss 3.3748 train 0.1727 test 0.1248
epoch 12/200 loss 3.2902 train 0.2052 test 0.1306
epoch 13/200 loss 3.2449 train 0.1920 test 0.0895
epoch 14/200 loss 3.1814 train 0.2072 test 0.1230
epoch 15/200 loss 3.0959 train 0.2220 test 0.1479
epoch 16/200 loss 2.9983 train 0.2414 test 0.1304
epoch 17/200 loss 2.9318 train 0.2738 test 0.1504
epoch 18/200 loss 2.8595 train 0.2751 test 0.1514
epoch 19/200 loss 2.8142 train 0.2870 test 0.1551
epoch 20/200 loss 2.7373 train 0.2903 test 0.1502
epoch 21/200 loss 2.6790 train 0.3096 test 0.1462
epoch 22/200 loss 2.6659 train 0.3035 test 0.1527
epoch 23/200 loss 2.5470 train 0.3277 test 0.1469
epoch 24/200 loss 2.4329 train 0.3561 test 0.1642
epoch 25/200 loss 2.3542 train 0.3758 test 0.1800
epoch 26/200 loss 2.2680 train 0.3927 test 0.1762
epoch 27/200 loss 2.2112 train 0.4095 test 0.1668
epoch 28/200 loss 2.0965 train 0.4260 test 0.1571
epoch 29/200 loss 2.0505 train 0.4346 test 0.1621
epoch 30/200 loss 2.0053 train 0.4445 test 0.1852
epoch 31/200 loss 1.9200 train 0.4688 test 0.1750
epoch 32/200 loss 1.8417 train 0.4836 test 0.1901
epoch 33/200 loss 1.7040 train 0.5181 test 0.1840
epoch 34/200 loss 1.6717 train 0.5444 test 0.1721
epoch 35/200 loss 1.5386 train 0.5576 test 0.1806
epoch 36/200 loss 1.4896 train 0.5765 test 0.1763
epoch 37/200 loss 1.3530 train 0.5966 test 0.1671
epoch 38/200 loss 1.3386 train 0.6123 test 0.1882
epoch 39/200 loss 1.2523 train 0.6324 test 0.2004
epoch 40/200 loss 1.0873 train 0.6891 test 0.1894
epoch 41/200 loss 0.9790 train 0.7179 test 0.1936
epoch 42/200 loss 0.8873 train 0.7525 test 0.1931
epoch 43/200 loss 0.8391 train 0.7595 test 0.1969
epoch 44/200 loss 0.8387 train 0.7541 test 0.1822
epoch 45/200 loss 0.7409 train 0.7874 test 0.1963
epoch 46/200 loss 0.6706 train 0.8010 test 0.1897
epoch 47/200 loss 0.6010 train 0.8289 test 0.1890
epoch 48/200 loss 0.5623 train 0.8347 test 0.2081
epoch 49/200 loss 0.5487 train 0.8388 test 0.1852
epoch 50/200 loss 0.4836 train 0.8594 test 0.2047
epoch 51/200 loss 0.4274 train 0.8754 test 0.2007
epoch 52/200 loss 0.4160 train 0.8762 test 0.1979
epoch 53/200 loss 0.3848 train 0.8857 test 0.2169
epoch 54/200 loss 0.3148 train 0.9100 test 0.2057
epoch 55/200 loss 0.2648 train 0.9326 test 0.2127
epoch 56/200 loss 0.2593 train 0.9326 test 0.2216
epoch 57/200 loss 0.2108 train 0.9404 test 0.2158
epoch 58/200 loss 0.1866 train 0.9564 test 0.2250
epoch 59/200 loss 0.1776 train 0.9544 test 0.2123
epoch 60/200 loss 0.1721 train 0.9511 test 0.2151
epoch 61/200 loss 0.1650 train 0.9581 test 0.2118
epoch 62/200 loss 0.1309 train 0.9708 test 0.2222
epoch 63/200 loss 0.0949 train 0.9799 test 0.2156
epoch 64/200 loss 0.0741 train 0.9873 test 0.2283
epoch 65/200 loss 0.0663 train 0.9868 test 0.2345
epoch 66/200 loss 0.0555 train 0.9910 test 0.2364
epoch 67/200 loss 0.0512 train 0.9910 test 0.2333
epoch 68/200 loss 0.0429 train 0.9934 test 0.2361
epoch 69/200 loss 0.0379 train 0.9947 test 0.2464
epoch 70/200 loss 0.0252 train 0.9967 test 0.2392
epoch 71/200 loss 0.0216 train 0.9984 test 0.2524
epoch 72/200 loss 0.0185 train 0.9984 test 0.2527
epoch 73/200 loss 0.0117 train 1.0000 test 0.2502
epoch 74/200 loss 0.0118 train 1.0000 test 0.2566
epoch 75/200 loss 0.0106 train 0.9996 test 0.2584
epoch 76/200 loss 0.0100 train 1.0000 test 0.2601
epoch 77/200 loss 0.0078 train 1.0000 test 0.2623
epoch 78/200 loss 0.0078 train 1.0000 test 0.2611
epoch 79/200 loss 0.0075 train 1.0000 test 0.2590
epoch 80/200 loss 0.0071 train 1.0000 test 0.2620
epoch 81/200 loss 0.0065 train 1.0000 test 0.2617
epoch 82/200 loss 0.0062 train 1.0000 test 0.2634
epoch 83/200 loss 0.0069 train 1.0000 test 0.2625
epoch 84/200 loss 0.0069 train 1.0000 test 0.2603
epoch 85/200 loss 0.0066 train 1.0000 test 0.2605
epoch 86/200 loss 0.0080 train 1.0000 test 0.2618
epoch 87/200 loss 0.0073 train 1.0000 test 0.2613
epoch 88/200 loss 0.0071 train 1.0000 test 0.2605
epoch 89/200 loss 0.0068 train 1.0000 test 0.2630
epoch 90/200 loss 0.0069 train 1.0000 test 0.2621
epoch 91/200 loss 0.0073 train 1.0000 test 0.2624
epoch 92/200 loss 0.0071 train 1.0000 test 0.2637
epoch 93/200 loss 0.0074 train 1.0000 test 0.2641
epoch 94/200 loss 0.0070 train 1.0000 test 0.2639
epoch 95/200 loss 0.0066 train 1.0000 test 0.2644
epoch 96/200 loss 0.0067 train 1.0000 test 0.2661
epoch 97/200 loss 0.0074 train 1.0000 test 0.2644
epoch 98/200 loss 0.0071 train 1.0000 test 0.2640
epoch 99/200 loss 0.0073 train 1.0000 test 0.2650
epoch 100/200 loss 0.0075 train 1.0000 test 0.2634
epoch 101/200 loss 0.0074 train 1.0000 test 0.2619
epoch 102/200 loss 0.0081 train 1.0000 test 0.2633
epoch 103/200 loss 0.0074 train 1.0000 test 0.2653
epoch 104/200 loss 0.0075 train 1.0000 test 0.2628
epoch 105/200 loss 0.0068 train 1.0000 test 0.2639
epoch 106/200 loss 0.0071 train 1.0000 test 0.2646
epoch 107/200 loss 0.0074 train 1.0000 test 0.2633
epoch 108/200 loss 0.0070 train 1.0000 test 0.2638
epoch 109/200 loss 0.0071 train 1.0000 test 0.2645
epoch 110/200 loss 0.0069 train 1.0000 test 0.2644
epoch 111/200 loss 0.0070 train 1.0000 test 0.2649
epoch 112/200 loss 0.0073 train 1.0000 test 0.2648
epoch 113/200 loss 0.0074 train 1.0000 test 0.2663
epoch 114/200 loss 0.0071 train 1.0000 test 0.2660
epoch 115/200 loss 0.0071 train 1.0000 test 0.2640
epoch 116/200 loss 0.0073 train 1.0000 test 0.2657
epoch 117/200 loss 0.0074 train 1.0000 test 0.2676
epoch 118/200 loss 0.0077 train 1.0000 test 0.2674
epoch 119/200 loss 0.0071 train 1.0000 test 0.2636
epoch 120/200 loss 0.0073 train 1.0000 test 0.2645
epoch 121/200 loss 0.0071 train 1.0000 test 0.2628
epoch 122/200 loss 0.0069 train 1.0000 test 0.2646
epoch 123/200 loss 0.0077 train 1.0000 test 0.2632
epoch 124/200 loss 0.0077 train 1.0000 test 0.2643
epoch 125/200 loss 0.0078 train 1.0000 test 0.2641
epoch 126/200 loss 0.0073 train 1.0000 test 0.2650
epoch 127/200 loss 0.0075 train 1.0000 test 0.2643
epoch 128/200 loss 0.0071 train 1.0000 test 0.2643
epoch 129/200 loss 0.0071 train 1.0000 test 0.2647
epoch 130/200 loss 0.0076 train 1.0000 test 0.2652
epoch 131/200 loss 0.0073 train 1.0000 test 0.2622
epoch 132/200 loss 0.0075 train 1.0000 test 0.2638
epoch 133/200 loss 0.0071 train 1.0000 test 0.2636
epoch 134/200 loss 0.0070 train 1.0000 test 0.2653
epoch 135/200 loss 0.0077 train 1.0000 test 0.2631
epoch 136/200 loss 0.0074 train 1.0000 test 0.2649
epoch 137/200 loss 0.0071 train 1.0000 test 0.2650
epoch 138/200 loss 0.0072 train 1.0000 test 0.2638
epoch 139/200 loss 0.0066 train 1.0000 test 0.2639
epoch 140/200 loss 0.0072 train 1.0000 test 0.2638
epoch 141/200 loss 0.0074 train 1.0000 test 0.2635
epoch 142/200 loss 0.0074 train 1.0000 test 0.2638
epoch 143/200 loss 0.0078 train 1.0000 test 0.2645
epoch 144/200 loss 0.0070 train 1.0000 test 0.2644
epoch 145/200 loss 0.0074 train 1.0000 test 0.2655
epoch 146/200 loss 0.0074 train 1.0000 test 0.2648
epoch 147/200 loss 0.0068 train 1.0000 test 0.2653
epoch 148/200 loss 0.0077 train 1.0000 test 0.2658
epoch 149/200 loss 0.0072 train 1.0000 test 0.2661
epoch 150/200 loss 0.0073 train 1.0000 test 0.2665
epoch 151/200 loss 0.0072 train 1.0000 test 0.2660
epoch 152/200 loss 0.0070 train 1.0000 test 0.2645
epoch 153/200 loss 0.0068 train 1.0000 test 0.2639
epoch 154/200 loss 0.0074 train 1.0000 test 0.2652
epoch 155/200 loss 0.0076 train 1.0000 test 0.2651
epoch 156/200 loss 0.0073 train 1.0000 test 0.2643
epoch 157/200 loss 0.0071 train 1.0000 test 0.2642
epoch 158/200 loss 0.0069 train 1.0000 test 0.2637
epoch 159/200 loss 0.0073 train 1.0000 test 0.2644
epoch 160/200 loss 0.0071 train 1.0000 test 0.2644
epoch 161/200 loss 0.0068 train 1.0000 test 0.2645
epoch 162/200 loss 0.0071 train 1.0000 test 0.2643
epoch 163/200 loss 0.0074 train 1.0000 test 0.2652
epoch 164/200 loss 0.0072 train 1.0000 test 0.2644
epoch 165/200 loss 0.0073 train 1.0000 test 0.2647
epoch 166/200 loss 0.0072 train 1.0000 test 0.2647
epoch 167/200 loss 0.0071 train 1.0000 test 0.2655
epoch 168/200 loss 0.0068 train 1.0000 test 0.2648
epoch 169/200 loss 0.0070 train 1.0000 test 0.2660
epoch 170/200 loss 0.0071 train 1.0000 test 0.2654
epoch 171/200 loss 0.0073 train 1.0000 test 0.2658
epoch 172/200 loss 0.0069 train 1.0000 test 0.2631
epoch 173/200 loss 0.0074 train 1.0000 test 0.2633
epoch 174/200 loss 0.0072 train 1.0000 test 0.2648
epoch 175/200 loss 0.0071 train 1.0000 test 0.2654
epoch 176/200 loss 0.0070 train 1.0000 test 0.2644
epoch 177/200 loss 0.0071 train 1.0000 test 0.2646
epoch 178/200 loss 0.0067 train 1.0000 test 0.2642
epoch 179/200 loss 0.0069 train 1.0000 test 0.2636
epoch 180/200 loss 0.0069 train 1.0000 test 0.2654
epoch 181/200 loss 0.0069 train 1.0000 test 0.2644
epoch 182/200 loss 0.0074 train 1.0000 test 0.2649
epoch 183/200 loss 0.0072 train 1.0000 test 0.2658
epoch 184/200 loss 0.0069 train 1.0000 test 0.2643
epoch 185/200 loss 0.0070 train 1.0000 test 0.2645
epoch 186/200 loss 0.0067 train 1.0000 test 0.2656
epoch 187/200 loss 0.0065 train 1.0000 test 0.2653
epoch 188/200 loss 0.0068 train 1.0000 test 0.2649
epoch 189/200 loss 0.0066 train 1.0000 test 0.2656
epoch 190/200 loss 0.0067 train 1.0000 test 0.2646
epoch 191/200 loss 0.0068 train 1.0000 test 0.2666
epoch 192/200 loss 0.0072 train 1.0000 test 0.2642
epoch 193/200 loss 0.0070 train 1.0000 test 0.2646
epoch 194/200 loss 0.0066 train 1.0000 test 0.2651
epoch 195/200 loss 0.0070 train 1.0000 test 0.2653
epoch 196/200 loss 0.0067 train 1.0000 test 0.2650
epoch 197/200 loss 0.0067 train 1.0000 test 0.2647
epoch 198/200 loss 0.0070 train 1.0000 test 0.2654
epoch 199/200 loss 0.0070 train 1.0000 test 0.2650
epoch 200/200 loss 0.0064 train 1.0000 test 0.2647
done: final 0.2647 best 0.2676 -> ./runs/enste_5pct/seed1
stem calibrated (True) on 1024 images
[enste_5pct seed2] {"params_trainable": 11225316, "params_stem_trainable": 0, "params_stem_fixed_filters": 5808, "flops_total": 568109100, "flops_stem": 6094892, "flops_image_size": 32}
epoch 1/200 loss 4.6236 train 0.0144 test 0.0311
epoch 2/200 loss 4.3970 train 0.0378 test 0.0487
epoch 3/200 loss 4.1913 train 0.0576 test 0.0590
epoch 4/200 loss 4.0047 train 0.0835 test 0.0786
epoch 5/200 loss 3.8856 train 0.1073 test 0.0958
epoch 6/200 loss 3.7211 train 0.1279 test 0.0899
epoch 7/200 loss 3.6301 train 0.1345 test 0.0898
epoch 8/200 loss 3.5901 train 0.1340 test 0.1087
epoch 9/200 loss 3.5181 train 0.1509 test 0.1118
epoch 10/200 loss 3.3723 train 0.1719 test 0.1062
epoch 11/200 loss 3.3409 train 0.1830 test 0.1168
epoch 12/200 loss 3.2405 train 0.1961 test 0.1330
epoch 13/200 loss 3.1834 train 0.2052 test 0.1034
epoch 14/200 loss 3.1107 train 0.2171 test 0.1333
epoch 15/200 loss 3.0521 train 0.2373 test 0.1477
epoch 16/200 loss 2.9692 train 0.2479 test 0.1341
epoch 17/200 loss 2.9062 train 0.2652 test 0.1522
epoch 18/200 loss 2.8170 train 0.2730 test 0.1525
epoch 19/200 loss 2.7236 train 0.2961 test 0.1249
epoch 20/200 loss 2.7172 train 0.2998 test 0.1286
epoch 21/200 loss 2.7012 train 0.3051 test 0.1282
epoch 22/200 loss 2.6012 train 0.3261 test 0.1571
epoch 23/200 loss 2.4765 train 0.3540 test 0.1777
epoch 24/200 loss 2.4090 train 0.3528 test 0.1591
epoch 25/200 loss 2.3154 train 0.3684 test 0.1687
epoch 26/200 loss 2.2498 train 0.3943 test 0.1611
epoch 27/200 loss 2.2416 train 0.4034 test 0.1616
epoch 28/200 loss 2.0998 train 0.4285 test 0.1654
epoch 29/200 loss 2.0617 train 0.4268 test 0.1450
epoch 30/200 loss 1.9932 train 0.4396 test 0.1796
epoch 31/200 loss 1.8646 train 0.4803 test 0.1716
epoch 32/200 loss 1.7207 train 0.5148 test 0.1835
epoch 33/200 loss 1.6534 train 0.5370 test 0.1916
epoch 34/200 loss 1.5733 train 0.5604 test 0.1798
epoch 35/200 loss 1.4942 train 0.5666 test 0.1751
epoch 36/200 loss 1.4258 train 0.5863 test 0.2006
epoch 37/200 loss 1.3077 train 0.6118 test 0.1771
epoch 38/200 loss 1.1964 train 0.6521 test 0.1648
epoch 39/200 loss 1.1193 train 0.6764 test 0.1993
epoch 40/200 loss 1.0630 train 0.6805 test 0.1879
epoch 41/200 loss 1.1048 train 0.6665 test 0.1915
epoch 42/200 loss 1.0465 train 0.6883 test 0.1848
epoch 43/200 loss 0.8884 train 0.7430 test 0.2029
epoch 44/200 loss 0.8330 train 0.7455 test 0.1732
epoch 45/200 loss 0.7011 train 0.7907 test 0.1899
epoch 46/200 loss 0.6072 train 0.8285 test 0.1976
epoch 47/200 loss 0.5972 train 0.8244 test 0.2086
epoch 48/200 loss 0.5189 train 0.8475 test 0.1929
epoch 49/200 loss 0.5068 train 0.8479 test 0.2014
epoch 50/200 loss 0.4454 train 0.8729 test 0.1951
epoch 51/200 loss 0.3854 train 0.8923 test 0.2020
epoch 52/200 loss 0.3546 train 0.8968 test 0.2166
epoch 53/200 loss 0.3234 train 0.9095 test 0.1982
epoch 54/200 loss 0.2959 train 0.9194 test 0.2147
epoch 55/200 loss 0.2816 train 0.9268 test 0.2132
epoch 56/200 loss 0.2304 train 0.9391 test 0.1965
epoch 57/200 loss 0.2453 train 0.9309 test 0.2237
epoch 58/200 loss 0.2126 train 0.9375 test 0.2157
epoch 59/200 loss 0.2258 train 0.9400 test 0.2129
epoch 60/200 loss 0.1770 train 0.9556 test 0.2149
epoch 61/200 loss 0.1448 train 0.9659 test 0.2065
epoch 62/200 loss 0.1488 train 0.9696 test 0.2095
epoch 63/200 loss 0.1238 train 0.9745 test 0.2186
epoch 64/200 loss 0.0939 train 0.9774 test 0.2416
epoch 65/200 loss 0.0872 train 0.9823 test 0.2266
epoch 66/200 loss 0.0547 train 0.9918 test 0.2338
epoch 67/200 loss 0.0379 train 0.9955 test 0.2479
epoch 68/200 loss 0.0283 train 0.9959 test 0.2467
epoch 69/200 loss 0.0215 train 0.9988 test 0.2524
epoch 70/200 loss 0.0213 train 0.9975 test 0.2520
epoch 71/200 loss 0.0219 train 0.9971 test 0.2529
epoch 72/200 loss 0.0136 train 0.9996 test 0.2562
epoch 73/200 loss 0.0129 train 0.9988 test 0.2605
epoch 74/200 loss 0.0102 train 0.9996 test 0.2610
epoch 75/200 loss 0.0084 train 1.0000 test 0.2591
epoch 76/200 loss 0.0078 train 1.0000 test 0.2624
epoch 77/200 loss 0.0082 train 1.0000 test 0.2624
epoch 78/200 loss 0.0068 train 1.0000 test 0.2623
epoch 79/200 loss 0.0067 train 1.0000 test 0.2640
epoch 80/200 loss 0.0065 train 1.0000 test 0.2633
epoch 81/200 loss 0.0072 train 1.0000 test 0.2658
epoch 82/200 loss 0.0072 train 1.0000 test 0.2613
epoch 83/200 loss 0.0087 train 0.9996 test 0.2628
epoch 84/200 loss 0.0082 train 1.0000 test 0.2642
epoch 85/200 loss 0.0077 train 1.0000 test 0.2634
epoch 86/200 loss 0.0075 train 1.0000 test 0.2647
epoch 87/200 loss 0.0074 train 1.0000 test 0.2639
epoch 88/200 loss 0.0073 train 1.0000 test 0.2633
epoch 89/200 loss 0.0078 train 1.0000 test 0.2633
epoch 90/200 loss 0.0075 train 1.0000 test 0.2655
epoch 91/200 loss 0.0072 train 1.0000 test 0.2639
epoch 92/200 loss 0.0066 train 1.0000 test 0.2648
epoch 93/200 loss 0.0073 train 1.0000 test 0.2648
epoch 94/200 loss 0.0069 train 1.0000 test 0.2662
epoch 95/200 loss 0.0069 train 1.0000 test 0.2643
epoch 96/200 loss 0.0068 train 1.0000 test 0.2647
epoch 97/200 loss 0.0072 train 1.0000 test 0.2641
epoch 98/200 loss 0.0073 train 1.0000 test 0.2653
epoch 99/200 loss 0.0076 train 1.0000 test 0.2673
epoch 100/200 loss 0.0073 train 1.0000 test 0.2638
epoch 101/200 loss 0.0075 train 1.0000 test 0.2661
epoch 102/200 loss 0.0075 train 1.0000 test 0.2666
epoch 103/200 loss 0.0071 train 1.0000 test 0.2668
epoch 104/200 loss 0.0075 train 1.0000 test 0.2677
epoch 105/200 loss 0.0074 train 1.0000 test 0.2651
epoch 106/200 loss 0.0073 train 1.0000 test 0.2654
epoch 107/200 loss 0.0074 train 1.0000 test 0.2666
epoch 108/200 loss 0.0073 train 1.0000 test 0.2650
epoch 109/200 loss 0.0070 train 1.0000 test 0.2673
epoch 110/200 loss 0.0072 train 1.0000 test 0.2673
epoch 111/200 loss 0.0079 train 1.0000 test 0.2652
epoch 112/200 loss 0.0075 train 1.0000 test 0.2649
epoch 113/200 loss 0.0073 train 1.0000 test 0.2648
epoch 114/200 loss 0.0077 train 1.0000 test 0.2669
epoch 115/200 loss 0.0073 train 1.0000 test 0.2662
epoch 116/200 loss 0.0082 train 1.0000 test 0.2649
epoch 117/200 loss 0.0074 train 1.0000 test 0.2645
epoch 118/200 loss 0.0075 train 1.0000 test 0.2667
epoch 119/200 loss 0.0081 train 1.0000 test 0.2650
epoch 120/200 loss 0.0073 train 1.0000 test 0.2672
epoch 121/200 loss 0.0077 train 1.0000 test 0.2679
epoch 122/200 loss 0.0075 train 1.0000 test 0.2680
epoch 123/200 loss 0.0076 train 1.0000 test 0.2690
epoch 124/200 loss 0.0074 train 1.0000 test 0.2674
epoch 125/200 loss 0.0071 train 1.0000 test 0.2676
epoch 126/200 loss 0.0072 train 1.0000 test 0.2667
epoch 127/200 loss 0.0072 train 1.0000 test 0.2684
epoch 128/200 loss 0.0075 train 1.0000 test 0.2669
epoch 129/200 loss 0.0073 train 1.0000 test 0.2647
epoch 130/200 loss 0.0073 train 1.0000 test 0.2669
epoch 131/200 loss 0.0077 train 1.0000 test 0.2681
epoch 132/200 loss 0.0071 train 1.0000 test 0.2674
epoch 133/200 loss 0.0073 train 1.0000 test 0.2666
epoch 134/200 loss 0.0073 train 1.0000 test 0.2671
epoch 135/200 loss 0.0069 train 1.0000 test 0.2665
epoch 136/200 loss 0.0075 train 1.0000 test 0.2661
epoch 137/200 loss 0.0071 train 1.0000 test 0.2662
epoch 138/200 loss 0.0075 train 1.0000 test 0.2666
epoch 139/200 loss 0.0076 train 1.0000 test 0.2675
epoch 140/200 loss 0.0073 train 1.0000 test 0.2666
epoch 141/200 loss 0.0071 train 1.0000 test 0.2689
epoch 142/200 loss 0.0071 train 1.0000 test 0.2665
epoch 143/200 loss 0.0076 train 1.0000 test 0.2666
epoch 144/200 loss 0.0071 train 1.0000 test 0.2663
epoch 145/200 loss 0.0072 train 1.0000 test 0.2667
epoch 146/200 loss 0.0070 train 1.0000 test 0.2674
epoch 147/200 loss 0.0069 train 1.0000 test 0.2680
epoch 148/200 loss 0.0069 train 1.0000 test 0.2681
epoch 149/200 loss 0.0073 train 1.0000 test 0.2676
epoch 150/200 loss 0.0069 train 1.0000 test 0.2671
epoch 151/200 loss 0.0069 train 1.0000 test 0.2673
epoch 152/200 loss 0.0069 train 1.0000 test 0.2671
epoch 153/200 loss 0.0068 train 1.0000 test 0.2671
epoch 154/200 loss 0.0075 train 1.0000 test 0.2655
epoch 155/200 loss 0.0074 train 1.0000 test 0.2665
epoch 156/200 loss 0.0072 train 1.0000 test 0.2682
epoch 157/200 loss 0.0066 train 1.0000 test 0.2666
epoch 158/200 loss 0.0070 train 1.0000 test 0.2664
epoch 159/200 loss 0.0078 train 1.0000 test 0.2672
epoch 160/200 loss 0.0070 train 1.0000 test 0.2660
epoch 161/200 loss 0.0074 train 1.0000 test 0.2663
epoch 162/200 loss 0.0068 train 1.0000 test 0.2659
epoch 163/200 loss 0.0072 train 1.0000 test 0.2662
epoch 164/200 loss 0.0071 train 1.0000 test 0.2660
epoch 165/200 loss 0.0069 train 1.0000 test 0.2672
epoch 166/200 loss 0.0070 train 1.0000 test 0.2664
epoch 167/200 loss 0.0067 train 1.0000 test 0.2668
epoch 168/200 loss 0.0074 train 1.0000 test 0.2681
epoch 169/200 loss 0.0068 train 1.0000 test 0.2672
epoch 170/200 loss 0.0072 train 1.0000 test 0.2665
epoch 171/200 loss 0.0072 train 1.0000 test 0.2655
epoch 172/200 loss 0.0069 train 1.0000 test 0.2683
epoch 173/200 loss 0.0070 train 1.0000 test 0.2668
epoch 174/200 loss 0.0075 train 1.0000 test 0.2671
epoch 175/200 loss 0.0074 train 1.0000 test 0.2667
epoch 176/200 loss 0.0072 train 1.0000 test 0.2674
epoch 177/200 loss 0.0072 train 1.0000 test 0.2672
epoch 178/200 loss 0.0074 train 1.0000 test 0.2674
epoch 179/200 loss 0.0071 train 1.0000 test 0.2668
epoch 180/200 loss 0.0070 train 1.0000 test 0.2663
epoch 181/200 loss 0.0069 train 1.0000 test 0.2673
epoch 182/200 loss 0.0070 train 1.0000 test 0.2659
epoch 183/200 loss 0.0071 train 1.0000 test 0.2655
epoch 184/200 loss 0.0066 train 1.0000 test 0.2667
epoch 185/200 loss 0.0072 train 1.0000 test 0.2678
epoch 186/200 loss 0.0067 train 1.0000 test 0.2676
epoch 187/200 loss 0.0071 train 1.0000 test 0.2664
epoch 188/200 loss 0.0067 train 1.0000 test 0.2663
epoch 189/200 loss 0.0071 train 1.0000 test 0.2671
epoch 190/200 loss 0.0066 train 1.0000 test 0.2664
epoch 191/200 loss 0.0070 train 1.0000 test 0.2670
epoch 192/200 loss 0.0066 train 1.0000 test 0.2662
epoch 193/200 loss 0.0066 train 1.0000 test 0.2647
epoch 194/200 loss 0.0070 train 1.0000 test 0.2676
epoch 195/200 loss 0.0068 train 1.0000 test 0.2670
epoch 196/200 loss 0.0069 train 1.0000 test 0.2660
epoch 197/200 loss 0.0070 train 1.0000 test 0.2671
epoch 198/200 loss 0.0072 train 1.0000 test 0.2669
epoch 199/200 loss 0.0072 train 1.0000 test 0.2665
epoch 200/200 loss 0.0067 train 1.0000 test 0.2683
done: final 0.2683 best 0.2690 -> ./runs/enste_5pct/seed2
ENSTE_5PCT_DONE
stem calibrated (True) on 1024 images
[enste_2pct seed0] {"params_trainable": 11225316, "params_stem_trainable": 0, "params_stem_fixed_filters": 5808, "flops_total": 568109100, "flops_stem": 6094892, "flops_image_size": 32}
epoch 1/200 loss 4.6664 train 0.0045 test 0.0165
epoch 2/200 loss 4.5644 train 0.0223 test 0.0343
epoch 3/200 loss 4.4095 train 0.0368 test 0.0344
epoch 4/200 loss 4.2268 train 0.0569 test 0.0478
epoch 5/200 loss 4.0648 train 0.0748 test 0.0535
epoch 6/200 loss 3.9589 train 0.0837 test 0.0645
epoch 7/200 loss 3.8581 train 0.1038 test 0.0690
epoch 8/200 loss 3.7433 train 0.1138 test 0.0682
epoch 9/200 loss 3.6579 train 0.1283 test 0.0710
epoch 10/200 loss 3.5683 train 0.1440 test 0.0702
epoch 11/200 loss 3.5248 train 0.1540 test 0.0697
epoch 12/200 loss 3.4901 train 0.1562 test 0.0800
epoch 13/200 loss 3.4003 train 0.1652 test 0.0827
epoch 14/200 loss 3.3339 train 0.1819 test 0.0606
epoch 15/200 loss 3.3000 train 0.1786 test 0.0919
epoch 16/200 loss 3.2341 train 0.2009 test 0.0966
epoch 17/200 loss 3.1668 train 0.2098 test 0.1004
epoch 18/200 loss 3.0925 train 0.2243 test 0.0985
epoch 19/200 loss 3.0134 train 0.2377 test 0.1072
epoch 20/200 loss 2.9277 train 0.2400 test 0.1014
epoch 21/200 loss 2.8714 train 0.2679 test 0.0980
epoch 22/200 loss 2.8816 train 0.2679 test 0.1043
epoch 23/200 loss 2.7851 train 0.2991 test 0.0965
epoch 24/200 loss 2.6948 train 0.3013 test 0.1097
epoch 25/200 loss 2.6161 train 0.3103 test 0.0960
epoch 26/200 loss 2.5591 train 0.3203 test 0.1093
epoch 27/200 loss 2.4836 train 0.3415 test 0.1140
epoch 28/200 loss 2.5033 train 0.3371 test 0.1106
epoch 29/200 loss 2.3372 train 0.3862 test 0.1161
epoch 30/200 loss 2.2652 train 0.3917 test 0.0953
epoch 31/200 loss 2.2707 train 0.3694 test 0.1160
epoch 32/200 loss 2.2300 train 0.3951 test 0.1090
epoch 33/200 loss 2.1131 train 0.4475 test 0.1162
epoch 34/200 loss 1.9941 train 0.4676 test 0.1122
epoch 35/200 loss 1.9004 train 0.4766 test 0.1184
epoch 36/200 loss 1.7915 train 0.5234 test 0.1227
epoch 37/200 loss 1.7902 train 0.5167 test 0.1147
epoch 38/200 loss 1.6919 train 0.5379 test 0.0963
epoch 39/200 loss 1.6580 train 0.5368 test 0.1065
epoch 40/200 loss 1.5472 train 0.5781 test 0.1118
epoch 41/200 loss 1.5160 train 0.5647 test 0.1163
epoch 42/200 loss 1.3684 train 0.6473 test 0.1112
epoch 43/200 loss 1.3403 train 0.6306 test 0.1042
epoch 44/200 loss 1.2369 train 0.6607 test 0.1262
epoch 45/200 loss 1.1776 train 0.6975 test 0.1226
epoch 46/200 loss 1.1236 train 0.7065 test 0.1184
epoch 47/200 loss 1.0575 train 0.7254 test 0.1023
epoch 48/200 loss 0.9225 train 0.7545 test 0.1035
epoch 49/200 loss 0.9465 train 0.7623 test 0.1151
epoch 50/200 loss 0.8951 train 0.7746 test 0.1154
epoch 51/200 loss 0.8023 train 0.7946 test 0.1276
epoch 52/200 loss 0.7763 train 0.7846 test 0.1183
epoch 53/200 loss 0.6721 train 0.8315 test 0.1193
epoch 54/200 loss 0.6425 train 0.8426 test 0.1156
epoch 55/200 loss 0.6439 train 0.8382 test 0.1240
epoch 56/200 loss 0.5555 train 0.8627 test 0.1225
epoch 57/200 loss 0.4998 train 0.8705 test 0.1224
epoch 58/200 loss 0.4111 train 0.9096 test 0.1246
epoch 59/200 loss 0.3738 train 0.9185 test 0.1258
epoch 60/200 loss 0.3321 train 0.9196 test 0.1318
epoch 61/200 loss 0.2943 train 0.9464 test 0.1295
epoch 62/200 loss 0.2755 train 0.9431 test 0.1380
epoch 63/200 loss 0.2327 train 0.9554 test 0.1352
epoch 64/200 loss 0.2379 train 0.9587 test 0.1279
epoch 65/200 loss 0.2035 train 0.9587 test 0.1360
epoch 66/200 loss 0.1727 train 0.9710 test 0.1423
epoch 67/200 loss 0.1353 train 0.9866 test 0.1419
epoch 68/200 loss 0.1266 train 0.9777 test 0.1411
epoch 69/200 loss 0.1272 train 0.9799 test 0.1335
epoch 70/200 loss 0.1196 train 0.9777 test 0.1335
epoch 71/200 loss 0.1043 train 0.9855 test 0.1406
epoch 72/200 loss 0.1084 train 0.9810 test 0.1408
epoch 73/200 loss 0.1031 train 0.9866 test 0.1393
epoch 74/200 loss 0.0891 train 0.9911 test 0.1444
epoch 75/200 loss 0.0670 train 0.9922 test 0.1450
epoch 76/200 loss 0.0608 train 0.9922 test 0.1422
epoch 77/200 loss 0.0627 train 0.9967 test 0.1498
epoch 78/200 loss 0.0429 train 0.9978 test 0.1480
epoch 79/200 loss 0.0362 train 0.9989 test 0.1473
epoch 80/200 loss 0.0309 train 1.0000 test 0.1475
epoch 81/200 loss 0.0229 train 1.0000 test 0.1513
epoch 82/200 loss 0.0226 train 0.9989 test 0.1499
epoch 83/200 loss 0.0188 train 1.0000 test 0.1516
epoch 84/200 loss 0.0178 train 1.0000 test 0.1525
epoch 85/200 loss 0.0180 train 1.0000 test 0.1551
epoch 86/200 loss 0.0152 train 1.0000 test 0.1548
epoch 87/200 loss 0.0166 train 0.9989 test 0.1521
epoch 88/200 loss 0.0133 train 1.0000 test 0.1525
epoch 89/200 loss 0.0129 train 1.0000 test 0.1538
epoch 90/200 loss 0.0133 train 1.0000 test 0.1546
epoch 91/200 loss 0.0117 train 1.0000 test 0.1547
epoch 92/200 loss 0.0123 train 1.0000 test 0.1538
epoch 93/200 loss 0.0110 train 1.0000 test 0.1529
epoch 94/200 loss 0.0123 train 1.0000 test 0.1527
epoch 95/200 loss 0.0119 train 1.0000 test 0.1553
epoch 96/200 loss 0.0116 train 1.0000 test 0.1564
epoch 97/200 loss 0.0121 train 1.0000 test 0.1553
epoch 98/200 loss 0.0097 train 1.0000 test 0.1542
epoch 99/200 loss 0.0103 train 1.0000 test 0.1544
epoch 100/200 loss 0.0108 train 1.0000 test 0.1556
epoch 101/200 loss 0.0108 train 1.0000 test 0.1556
epoch 102/200 loss 0.0106 train 1.0000 test 0.1569
epoch 103/200 loss 0.0108 train 1.0000 test 0.1576
epoch 104/200 loss 0.0101 train 1.0000 test 0.1549
epoch 105/200 loss 0.0103 train 1.0000 test 0.1560
epoch 106/200 loss 0.0113 train 1.0000 test 0.1559
epoch 107/200 loss 0.0091 train 1.0000 test 0.1579
epoch 108/200 loss 0.0097 train 1.0000 test 0.1577
epoch 109/200 loss 0.0088 train 1.0000 test 0.1571
epoch 110/200 loss 0.0088 train 1.0000 test 0.1559
epoch 111/200 loss 0.0091 train 1.0000 test 0.1564
epoch 112/200 loss 0.0101 train 1.0000 test 0.1562
epoch 113/200 loss 0.0090 train 1.0000 test 0.1580
epoch 114/200 loss 0.0099 train 1.0000 test 0.1580
epoch 115/200 loss 0.0091 train 1.0000 test 0.1592
epoch 116/200 loss 0.0081 train 1.0000 test 0.1590
epoch 117/200 loss 0.0094 train 1.0000 test 0.1584
epoch 118/200 loss 0.0091 train 1.0000 test 0.1574
epoch 119/200 loss 0.0086 train 1.0000 test 0.1559
epoch 120/200 loss 0.0084 train 1.0000 test 0.1563
epoch 121/200 loss 0.0086 train 1.0000 test 0.1559
epoch 122/200 loss 0.0083 train 1.0000 test 0.1559
epoch 123/200 loss 0.0091 train 1.0000 test 0.1554
epoch 124/200 loss 0.0083 train 1.0000 test 0.1563
epoch 125/200 loss 0.0097 train 1.0000 test 0.1561
epoch 126/200 loss 0.0079 train 1.0000 test 0.1573
epoch 127/200 loss 0.0091 train 1.0000 test 0.1561
epoch 128/200 loss 0.0080 train 1.0000 test 0.1556
epoch 129/200 loss 0.0085 train 1.0000 test 0.1556
epoch 130/200 loss 0.0096 train 1.0000 test 0.1553
epoch 131/200 loss 0.0088 train 1.0000 test 0.1553
epoch 132/200 loss 0.0100 train 1.0000 test 0.1567
epoch 133/200 loss 0.0090 train 1.0000 test 0.1578
epoch 134/200 loss 0.0100 train 1.0000 test 0.1571
epoch 135/200 loss 0.0082 train 1.0000 test 0.1574
epoch 136/200 loss 0.0093 train 1.0000 test 0.1582
epoch 137/200 loss 0.0086 train 1.0000 test 0.1580
epoch 138/200 loss 0.0086 train 1.0000 test 0.1569
epoch 139/200 loss 0.0086 train 1.0000 test 0.1562
epoch 140/200 loss 0.0084 train 1.0000 test 0.1568
epoch 141/200 loss 0.0079 train 1.0000 test 0.1578
epoch 142/200 loss 0.0085 train 1.0000 test 0.1582
epoch 143/200 loss 0.0089 train 1.0000 test 0.1577
epoch 144/200 loss 0.0075 train 1.0000 test 0.1567
epoch 145/200 loss 0.0084 train 1.0000 test 0.1582
epoch 146/200 loss 0.0078 train 1.0000 test 0.1583
epoch 147/200 loss 0.0088 train 1.0000 test 0.1569
epoch 148/200 loss 0.0087 train 1.0000 test 0.1560
epoch 149/200 loss 0.0094 train 1.0000 test 0.1570
epoch 150/200 loss 0.0087 train 1.0000 test 0.1565
epoch 151/200 loss 0.0080 train 1.0000 test 0.1561
epoch 152/200 loss 0.0082 train 1.0000 test 0.1552
epoch 153/200 loss 0.0091 train 1.0000 test 0.1554
epoch 154/200 loss 0.0080 train 1.0000 test 0.1548
epoch 155/200 loss 0.0083 train 1.0000 test 0.1559
epoch 156/200 loss 0.0086 train 1.0000 test 0.1574
epoch 157/200 loss 0.0081 train 1.0000 test 0.1566
epoch 158/200 loss 0.0078 train 1.0000 test 0.1570
epoch 159/200 loss 0.0086 train 1.0000 test 0.1566
epoch 160/200 loss 0.0099 train 1.0000 test 0.1562
epoch 161/200 loss 0.0077 train 1.0000 test 0.1558
epoch 162/200 loss 0.0089 train 1.0000 test 0.1566
epoch 163/200 loss 0.0080 train 1.0000 test 0.1572
epoch 164/200 loss 0.0076 train 1.0000 test 0.1561
epoch 165/200 loss 0.0081 train 1.0000 test 0.1553
epoch 166/200 loss 0.0087 train 1.0000 test 0.1553
epoch 167/200 loss 0.0080 train 1.0000 test 0.1564
epoch 168/200 loss 0.0075 train 1.0000 test 0.1561
epoch 169/200 loss 0.0084 train 1.0000 test 0.1565
epoch 170/200 loss 0.0092 train 1.0000 test 0.1559
epoch 171/200 loss 0.0083 train 1.0000 test 0.1570
epoch 172/200 loss 0.0084 train 1.0000 test 0.1572
epoch 173/200 loss 0.0087 train 1.0000 test 0.1576
epoch 174/200 loss 0.0075 train 1.0000 test 0.1569
epoch 175/200 loss 0.0077 train 1.0000 test 0.1563
epoch 176/200 loss 0.0078 train 1.0000 test 0.1559
epoch 177/200 loss 0.0090 train 1.0000 test 0.1566
epoch 178/200 loss 0.0084 train 1.0000 test 0.1554
epoch 179/200 loss 0.0078 train 1.0000 test 0.1560
epoch 180/200 loss 0.0079 train 1.0000 test 0.1564
epoch 181/200 loss 0.0079 train 1.0000 test 0.1560
epoch 182/200 loss 0.0092 train 1.0000 test 0.1561
epoch 183/200 loss 0.0082 train 1.0000 test 0.1571
epoch 184/200 loss 0.0070 train 1.0000 test 0.1569
epoch 185/200 loss 0.0080 train 1.0000 test 0.1567
epoch 186/200 loss 0.0079 train 1.0000 test 0.1568
epoch 187/200 loss 0.0079 train 1.0000 test 0.1553
epoch 188/200 loss 0.0084 train 1.0000 test 0.1555
epoch 189/200 loss 0.0088 train 1.0000 test 0.1571
epoch 190/200 loss 0.0088 train 1.0000 test 0.1561
epoch 191/200 loss 0.0079 train 1.0000 test 0.1561
epoch 192/200 loss 0.0074 train 1.0000 test 0.1560
epoch 193/200 loss 0.0080 train 1.0000 test 0.1561
epoch 194/200 loss 0.0076 train 1.0000 test 0.1561
epoch 195/200 loss 0.0088 train 1.0000 test 0.1561
epoch 196/200 loss 0.0085 train 1.0000 test 0.1570
epoch 197/200 loss 0.0080 train 1.0000 test 0.1565
epoch 198/200 loss 0.0082 train 1.0000 test 0.1561
epoch 199/200 loss 0.0077 train 1.0000 test 0.1553
epoch 200/200 loss 0.0079 train 1.0000 test 0.1555
done: final 0.1555 best 0.1592 -> ./runs/enste_2pct/seed0
stem calibrated (True) on 1024 images
[enste_2pct seed1] {"params_trainable": 11225316, "params_stem_trainable": 0, "params_stem_fixed_filters": 5808, "flops_total": 568109100, "flops_stem": 6094892, "flops_image_size": 32}
epoch 1/200 loss 4.6691 train 0.0033 test 0.0200
epoch 2/200 loss 4.5699 train 0.0179 test 0.0257
epoch 3/200 loss 4.4610 train 0.0324 test 0.0387
epoch 4/200 loss 4.2595 train 0.0513 test 0.0438
epoch 5/200 loss 4.1498 train 0.0513 test 0.0551
epoch 6/200 loss 4.0133 train 0.0759 test 0.0601
epoch 7/200 loss 3.9078 train 0.0926 test 0.0695
epoch 8/200 loss 3.7832 train 0.1228 test 0.0590
epoch 9/200 loss 3.7243 train 0.1194 test 0.0726
epoch 10/200 loss 3.6070 train 0.1362 test 0.0743
epoch 11/200 loss 3.5675 train 0.1395 test 0.0827
epoch 12/200 loss 3.4942 train 0.1496 test 0.0789
epoch 13/200 loss 3.4567 train 0.1663 test 0.0844
epoch 14/200 loss 3.3883 train 0.1652 test 0.0837
epoch 15/200 loss 3.3158 train 0.1864 test 0.0824
epoch 16/200 loss 3.2659 train 0.2132 test 0.0957
epoch 17/200 loss 3.1890 train 0.2054 test 0.0829
epoch 18/200 loss 3.0986 train 0.2422 test 0.0852
epoch 19/200 loss 3.0324 train 0.2377 test 0.0976
epoch 20/200 loss 2.9943 train 0.2444 test 0.0908
epoch 21/200 loss 2.9465 train 0.2712 test 0.1081
epoch 22/200 loss 2.8532 train 0.2723 test 0.0931
epoch 23/200 loss 2.7721 train 0.2835 test 0.1127
epoch 24/200 loss 2.6804 train 0.3125 test 0.1041
epoch 25/200 loss 2.6796 train 0.3170 test 0.1135
epoch 26/200 loss 2.5725 train 0.3326 test 0.1091
epoch 27/200 loss 2.5518 train 0.3404 test 0.1142
epoch 28/200 loss 2.4180 train 0.3504 test 0.1224
epoch 29/200 loss 2.3344 train 0.3761 test 0.1183
epoch 30/200 loss 2.2982 train 0.3984 test 0.1166
epoch 31/200 loss 2.2424 train 0.4096 test 0.0992
epoch 32/200 loss 2.1308 train 0.4286 test 0.1081
epoch 33/200 loss 2.0699 train 0.4520 test 0.1215
epoch 34/200 loss 1.9471 train 0.4877 test 0.1104
epoch 35/200 loss 1.9572 train 0.4788 test 0.1110
epoch 36/200 loss 1.9139 train 0.4587 test 0.1107
epoch 37/200 loss 1.8912 train 0.4777 test 0.1132
epoch 38/200 loss 1.7324 train 0.5357 test 0.1180
epoch 39/200 loss 1.6988 train 0.5402 test 0.1033
epoch 40/200 loss 1.6546 train 0.5424 test 0.1197
epoch 41/200 loss 1.5006 train 0.5982 test 0.1312
epoch 42/200 loss 1.4181 train 0.6317 test 0.1270
epoch 43/200 loss 1.3446 train 0.6440 test 0.1293
epoch 44/200 loss 1.2805 train 0.6607 test 0.1118
epoch 45/200 loss 1.1828 train 0.6741 test 0.1165
epoch 46/200 loss 1.1021 train 0.6975 test 0.1234
epoch 47/200 loss 1.0978 train 0.6987 test 0.1254
epoch 48/200 loss 0.9629 train 0.7455 test 0.1192
epoch 49/200 loss 0.8861 train 0.7757 test 0.1177
epoch 50/200 loss 0.8522 train 0.7701 test 0.1200
epoch 51/200 loss 0.8117 train 0.7958 test 0.1189
epoch 52/200 loss 0.7605 train 0.8136 test 0.1038
epoch 53/200 loss 0.6934 train 0.8181 test 0.1240
epoch 54/200 loss 0.6818 train 0.8047 test 0.1258
epoch 55/200 loss 0.6630 train 0.8337 test 0.1080
epoch 56/200 loss 0.6096 train 0.8438 test 0.1290
epoch 57/200 loss 0.5592 train 0.8493 test 0.1382
epoch 58/200 loss 0.5013 train 0.8772 test 0.1286
epoch 59/200 loss 0.4121 train 0.9185 test 0.1218
epoch 60/200 loss 0.3242 train 0.9353 test 0.1253
epoch 61/200 loss 0.3017 train 0.9464 test 0.1295
epoch 62/200 loss 0.2807 train 0.9330 test 0.1248
epoch 63/200 loss 0.2639 train 0.9498 test 0.1266
epoch 64/200 loss 0.2114 train 0.9676 test 0.1319
epoch 65/200 loss 0.1913 train 0.9688 test 0.1350
epoch 66/200 loss 0.1543 train 0.9777 test 0.1402
epoch 67/200 loss 0.1455 train 0.9732 test 0.1348
epoch 68/200 loss 0.1629 train 0.9688 test 0.1228
epoch 69/200 loss 0.1621 train 0.9732 test 0.1394
epoch 70/200 loss 0.1293 train 0.9810 test 0.1342
epoch 71/200 loss 0.1177 train 0.9900 test 0.1441
epoch 72/200 loss 0.0934 train 0.9866 test 0.1433
epoch 73/200 loss 0.0684 train 0.9978 test 0.1483
epoch 74/200 loss 0.0638 train 0.9944 test 0.1507
epoch 75/200 loss 0.0626 train 0.9955 test 0.1494
epoch 76/200 loss 0.0483 train 0.9978 test 0.1480
epoch 77/200 loss 0.0470 train 0.9967 test 0.1544
epoch 78/200 loss 0.0360 train 0.9967 test 0.1544
epoch 79/200 loss 0.0424 train 0.9978 test 0.1527
epoch 80/200 loss 0.0328 train 0.9989 test 0.1489
epoch 81/200 loss 0.0278 train 0.9989 test 0.1506
epoch 82/200 loss 0.0240 train 1.0000 test 0.1528
epoch 83/200 loss 0.0206 train 0.9989 test 0.1549
epoch 84/200 loss 0.0207 train 0.9989 test 0.1525
epoch 85/200 loss 0.0177 train 1.0000 test 0.1513
epoch 86/200 loss 0.0146 train 1.0000 test 0.1544
epoch 87/200 loss 0.0183 train 1.0000 test 0.1566
epoch 88/200 loss 0.0151 train 1.0000 test 0.1549
epoch 89/200 loss 0.0146 train 1.0000 test 0.1562
epoch 90/200 loss 0.0129 train 1.0000 test 0.1565
epoch 91/200 loss 0.0127 train 1.0000 test 0.1581
epoch 92/200 loss 0.0124 train 1.0000 test 0.1582
epoch 93/200 loss 0.0126 train 1.0000 test 0.1577
epoch 94/200 loss 0.0124 train 1.0000 test 0.1596
epoch 95/200 loss 0.0112 train 1.0000 test 0.1577
epoch 96/200 loss 0.0107 train 1.0000 test 0.1575
epoch 97/200 loss 0.0104 train 1.0000 test 0.1575
epoch 98/200 loss 0.0110 train 1.0000 test 0.1568
epoch 99/200 loss 0.0098 train 1.0000 test 0.1584
epoch 100/200 loss 0.0095 train 1.0000 test 0.1577
epoch 101/200 loss 0.0106 train 1.0000 test 0.1590
epoch 102/200 loss 0.0095 train 1.0000 test 0.1585
epoch 103/200 loss 0.0104 train 1.0000 test 0.1589
epoch 104/200 loss 0.0100 train 1.0000 test 0.1578
epoch 105/200 loss 0.0103 train 1.0000 test 0.1573
epoch 106/200 loss 0.0098 train 1.0000 test 0.1573
epoch 107/200 loss 0.0100 train 1.0000 test 0.1566
epoch 108/200 loss 0.0101 train 1.0000 test 0.1579
epoch 109/200 loss 0.0113 train 1.0000 test 0.1571
epoch 110/200 loss 0.0106 train 1.0000 test 0.1565
epoch 111/200 loss 0.0096 train 1.0000 test 0.1566
epoch 112/200 loss 0.0089 train 1.0000 test 0.1577
epoch 113/200 loss 0.0101 train 1.0000 test 0.1564
epoch 114/200 loss 0.0089 train 1.0000 test 0.1575
epoch 115/200 loss 0.0102 train 1.0000 test 0.1582
epoch 116/200 loss 0.0085 train 1.0000 test 0.1606
epoch 117/200 loss 0.0091 train 1.0000 test 0.1597
epoch 118/200 loss 0.0090 train 1.0000 test 0.1579
epoch 119/200 loss 0.0085 train 1.0000 test 0.1599
epoch 120/200 loss 0.0080 train 1.0000 test 0.1582
epoch 121/200 loss 0.0088 train 1.0000 test 0.1586
epoch 122/200 loss 0.0091 train 1.0000 test 0.1577
epoch 123/200 loss 0.0089 train 1.0000 test 0.1592
epoch 124/200 loss 0.0082 train 1.0000 test 0.1593
epoch 125/200 loss 0.0095 train 1.0000 test 0.1592
epoch 126/200 loss 0.0083 train 1.0000 test 0.1586
epoch 127/200 loss 0.0097 train 1.0000 test 0.1603
epoch 128/200 loss 0.0085 train 1.0000 test 0.1598
epoch 129/200 loss 0.0089 train 1.0000 test 0.1598
epoch 130/200 loss 0.0090 train 1.0000 test 0.1583
epoch 131/200 loss 0.0089 train 1.0000 test 0.1608
epoch 132/200 loss 0.0090 train 1.0000 test 0.1598
epoch 133/200 loss 0.0094 train 1.0000 test 0.1599
epoch 134/200 loss 0.0087 train 1.0000 test 0.1589
epoch 135/200 loss 0.0088 train 1.0000 test 0.1596
epoch 136/200 loss 0.0095 train 1.0000 test 0.1597
epoch 137/200 loss 0.0079 train 1.0000 test 0.1600
epoch 138/200 loss 0.0087 train 1.0000 test 0.1601
epoch 139/200 loss 0.0081 train 1.0000 test 0.1619
epoch 140/200 loss 0.0093 train 1.0000 test 0.1605
epoch 141/200 loss 0.0078 train 1.0000 test 0.1613
epoch 142/200 loss 0.0087 train 1.0000 test 0.1614
epoch 143/200 loss 0.0081 train 1.0000 test 0.1609
epoch 144/200 loss 0.0087 train 1.0000 test 0.1608
epoch 145/200 loss 0.0089 train 1.0000 test 0.1612
epoch 146/200 loss 0.0081 train 1.0000 test 0.1604
epoch 147/200 loss 0.0088 train 1.0000 test 0.1593
epoch 148/200 loss 0.0081 train 1.0000 test 0.1596
epoch 149/200 loss 0.0082 train 1.0000 test 0.1603
epoch 150/200 loss 0.0085 train 1.0000 test 0.1603
epoch 151/200 loss 0.0077 train 1.0000 test 0.1592
epoch 152/200 loss 0.0086 train 1.0000 test 0.1596
epoch 153/200 loss 0.0088 train 1.0000 test 0.1589
epoch 154/200 loss 0.0085 train 1.0000 test 0.1597
epoch 155/200 loss 0.0085 train 1.0000 test 0.1604
epoch 156/200 loss 0.0094 train 1.0000 test 0.1604
epoch 157/200 loss 0.0083 train 1.0000 test 0.1616
epoch 158/200 loss 0.0077 train 1.0000 test 0.1612
epoch 159/200 loss 0.0083 train 1.0000 test 0.1618
epoch 160/200 loss 0.0075 train 1.0000 test 0.1620
epoch 161/200 loss 0.0085 train 1.0000 test 0.1613
epoch 162/200 loss 0.0076 train 1.0000 test 0.1615
epoch 163/200 loss 0.0075 train 1.0000 test 0.1614
epoch 164/200 loss 0.0083 train 1.0000 test 0.1611
epoch 165/200 loss 0.0085 train 1.0000 test 0.1605
epoch 166/200 loss 0.0081 train 1.0000 test 0.1606
epoch 167/200 loss 0.0091 train 1.0000 test 0.1608
epoch 168/200 loss 0.0079 train 1.0000 test 0.1610
epoch 169/200 loss 0.0081 train 1.0000 test 0.1606
epoch 170/200 loss 0.0079 train 1.0000 test 0.1605
epoch 171/200 loss 0.0089 train 1.0000 test 0.1604
epoch 172/200 loss 0.0086 train 1.0000 test 0.1604
epoch 173/200 loss 0.0085 train 1.0000 test 0.1601
epoch 174/200 loss 0.0077 train 1.0000 test 0.1609
epoch 175/200 loss 0.0080 train 1.0000 test 0.1617
epoch 176/200 loss 0.0084 train 1.0000 test 0.1611
epoch 177/200 loss 0.0088 train 1.0000 test 0.1608
epoch 178/200 loss 0.0079 train 1.0000 test 0.1611
epoch 179/200 loss 0.0079 train 1.0000 test 0.1600
epoch 180/200 loss 0.0083 train 1.0000 test 0.1612
epoch 181/200 loss 0.0085 train 1.0000 test 0.1606
epoch 182/200 loss 0.0080 train 1.0000 test 0.1609
epoch 183/200 loss 0.0082 train 1.0000 test 0.1615
epoch 184/200 loss 0.0076 train 1.0000 test 0.1612
epoch 185/200 loss 0.0075 train 1.0000 test 0.1601
epoch 186/200 loss 0.0079 train 1.0000 test 0.1599
epoch 187/200 loss 0.0086 train 1.0000 test 0.1603
epoch 188/200 loss 0.0080 train 1.0000 test 0.1613
epoch 189/200 loss 0.0075 train 1.0000 test 0.1612
epoch 190/200 loss 0.0085 train 1.0000 test 0.1608
epoch 191/200 loss 0.0080 train 1.0000 test 0.1613
epoch 192/200 loss 0.0079 train 1.0000 test 0.1607
epoch 193/200 loss 0.0079 train 1.0000 test 0.1612
epoch 194/200 loss 0.0081 train 1.0000 test 0.1616
epoch 195/200 loss 0.0101 train 1.0000 test 0.1614
epoch 196/200 loss 0.0077 train 1.0000 test 0.1612
epoch 197/200 loss 0.0089 train 1.0000 test 0.1614
epoch 198/200 loss 0.0077 train 1.0000 test 0.1597
epoch 199/200 loss 0.0073 train 1.0000 test 0.1601
epoch 200/200 loss 0.0084 train 1.0000 test 0.1614
done: final 0.1614 best 0.1620 -> ./runs/enste_2pct/seed1
stem calibrated (True) on 1024 images
[enste_2pct seed2] {"params_trainable": 11225316, "params_stem_trainable": 0, "params_stem_fixed_filters": 5808, "flops_total": 568109100, "flops_stem": 6094892, "flops_image_size": 32}
epoch 1/200 loss 4.6705 train 0.0022 test 0.0178
epoch 2/200 loss 4.5773 train 0.0212 test 0.0249
epoch 3/200 loss 4.4093 train 0.0246 test 0.0335
epoch 4/200 loss 4.2207 train 0.0391 test 0.0353
epoch 5/200 loss 4.1083 train 0.0625 test 0.0471
epoch 6/200 loss 4.0033 train 0.0658 test 0.0544
epoch 7/200 loss 3.8577 train 0.0982 test 0.0675
epoch 8/200 loss 3.7993 train 0.1004 test 0.0711
epoch 9/200 loss 3.7180 train 0.1228 test 0.0682
epoch 10/200 loss 3.6536 train 0.1217 test 0.0753
epoch 11/200 loss 3.5537 train 0.1540 test 0.0647
epoch 12/200 loss 3.4748 train 0.1395 test 0.0825
epoch 13/200 loss 3.4449 train 0.1607 test 0.0772
epoch 14/200 loss 3.3567 train 0.1763 test 0.0874
epoch 15/200 loss 3.3023 train 0.1886 test 0.0877
epoch 16/200 loss 3.2366 train 0.2165 test 0.0926
epoch 17/200 loss 3.2137 train 0.2065 test 0.0982
epoch 18/200 loss 3.0675 train 0.2388 test 0.0975
epoch 19/200 loss 3.0717 train 0.2567 test 0.0947
epoch 20/200 loss 3.0296 train 0.2188 test 0.0978
epoch 21/200 loss 2.9383 train 0.2400 test 0.1030
epoch 22/200 loss 2.8569 train 0.2634 test 0.1027
epoch 23/200 loss 2.8116 train 0.2768 test 0.0969
epoch 24/200 loss 2.7163 train 0.3125 test 0.1007
epoch 25/200 loss 2.6860 train 0.2935 test 0.1209
epoch 26/200 loss 2.6223 train 0.3080 test 0.1034
epoch 27/200 loss 2.5080 train 0.3382 test 0.1068
epoch 28/200 loss 2.4744 train 0.3348 test 0.0957
epoch 29/200 loss 2.4177 train 0.3371 test 0.1104
epoch 30/200 loss 2.3740 train 0.3583 test 0.1105
epoch 31/200 loss 2.2935 train 0.3683 test 0.1152
epoch 32/200 loss 2.1728 train 0.3940 test 0.1110
epoch 33/200 loss 2.0936 train 0.4286 test 0.1067
epoch 34/200 loss 1.9694 train 0.4922 test 0.1152
epoch 35/200 loss 1.9749 train 0.4431 test 0.0983
epoch 36/200 loss 2.0113 train 0.4364 test 0.1092
epoch 37/200 loss 1.9748 train 0.4654 test 0.0936
epoch 38/200 loss 1.8056 train 0.5112 test 0.1058
epoch 39/200 loss 1.7065 train 0.5346 test 0.1159
epoch 40/200 loss 1.6090 train 0.5670 test 0.1242
epoch 41/200 loss 1.5814 train 0.5815 test 0.1126
epoch 42/200 loss 1.4607 train 0.5993 test 0.1163
epoch 43/200 loss 1.4493 train 0.5926 test 0.1123
epoch 44/200 loss 1.3009 train 0.6306 test 0.1205
epoch 45/200 loss 1.1942 train 0.6830 test 0.1212
epoch 46/200 loss 1.1555 train 0.6808 test 0.1260
epoch 47/200 loss 1.0516 train 0.7165 test 0.1168
epoch 48/200 loss 1.0050 train 0.7243 test 0.1218
epoch 49/200 loss 0.9718 train 0.7232 test 0.1182
epoch 50/200 loss 0.8386 train 0.7790 test 0.1186
epoch 51/200 loss 0.7942 train 0.7824 test 0.1199
epoch 52/200 loss 0.7539 train 0.8069 test 0.1183
epoch 53/200 loss 0.6833 train 0.8326 test 0.1169
epoch 54/200 loss 0.6733 train 0.8281 test 0.1183
epoch 55/200 loss 0.6652 train 0.8315 test 0.1264
epoch 56/200 loss 0.5473 train 0.8527 test 0.1241
epoch 57/200 loss 0.4881 train 0.8917 test 0.1309
epoch 58/200 loss 0.4133 train 0.8962 test 0.1258
epoch 59/200 loss 0.4083 train 0.9062 test 0.1277
epoch 60/200 loss 0.4660 train 0.8705 test 0.1261
epoch 61/200 loss 0.3932 train 0.9118 test 0.1267
epoch 62/200 loss 0.3887 train 0.9096 test 0.1347
epoch 63/200 loss 0.3287 train 0.9297 test 0.1264
epoch 64/200 loss 0.2775 train 0.9375 test 0.1238
epoch 65/200 loss 0.2487 train 0.9520 test 0.1299
epoch 66/200 loss 0.1919 train 0.9665 test 0.1353
epoch 67/200 loss 0.1654 train 0.9766 test 0.1356
epoch 68/200 loss 0.1590 train 0.9732 test 0.1411
epoch 69/200 loss 0.1496 train 0.9821 test 0.1485
epoch 70/200 loss 0.1218 train 0.9833 test 0.1404
epoch 71/200 loss 0.1047 train 0.9877 test 0.1413
epoch 72/200 loss 0.0892 train 0.9922 test 0.1427
epoch 73/200 loss 0.0808 train 0.9933 test 0.1439
epoch 74/200 loss 0.0619 train 0.9922 test 0.1471
epoch 75/200 loss 0.0615 train 0.9944 test 0.1548
epoch 76/200 loss 0.0382 train 0.9978 test 0.1567
epoch 77/200 loss 0.0335 train 0.9989 test 0.1491
epoch 78/200 loss 0.0366 train 0.9989 test 0.1495
epoch 79/200 loss 0.0316 train 0.9978 test 0.1538
epoch 80/200 loss 0.0344 train 1.0000 test 0.1529
epoch 81/200 loss 0.0251 train 1.0000 test 0.1489
epoch 82/200 loss 0.0333 train 0.9989 test 0.1505
epoch 83/200 loss 0.0229 train 0.9978 test 0.1503
epoch 84/200 loss 0.0309 train 0.9989 test 0.1500
epoch 85/200 loss 0.0229 train 1.0000 test 0.1495
epoch 86/200 loss 0.0203 train 1.0000 test 0.1504
epoch 87/200 loss 0.0158 train 1.0000 test 0.1538
epoch 88/200 loss 0.0156 train 1.0000 test 0.1598
epoch 89/200 loss 0.0151 train 1.0000 test 0.1569
epoch 90/200 loss 0.0132 train 1.0000 test 0.1556
epoch 91/200 loss 0.0122 train 1.0000 test 0.1560
epoch 92/200 loss 0.0140 train 1.0000 test 0.1562
epoch 93/200 loss 0.0113 train 1.0000 test 0.1565
epoch 94/200 loss 0.0123 train 1.0000 test 0.1566
epoch 95/200 loss 0.0118 train 1.0000 test 0.1563
epoch 96/200 loss 0.0113 train 1.0000 test 0.1565
epoch 97/200 loss 0.0131 train 1.0000 test 0.1543
epoch 98/200 loss 0.0120 train 1.0000 test 0.1544
epoch 99/200 loss 0.0117 train 1.0000 test 0.1549
epoch 100/200 loss 0.0117 train 1.0000 test 0.1574
epoch 101/200 loss 0.0125 train 1.0000 test 0.1583
epoch 102/200 loss 0.0107 train 1.0000 test 0.1578
epoch 103/200 loss 0.0111 train 1.0000 test 0.1566
epoch 104/200 loss 0.0106 train 1.0000 test 0.1556
epoch 105/200 loss 0.0116 train 1.0000 test 0.1570
epoch 106/200 loss 0.0112 train 1.0000 test 0.1606
epoch 107/200 loss 0.0112 train 1.0000 test 0.1592
epoch 108/200 loss 0.0102 train 1.0000 test 0.1594
epoch 109/200 loss 0.0119 train 1.0000 test 0.1585
epoch 110/200 loss 0.0095 train 1.0000 test 0.1588
epoch 111/200 loss 0.0106 train 1.0000 test 0.1583
epoch 112/200 loss 0.0096 train 1.0000 test 0.1578
epoch 113/200 loss 0.0089 train 1.0000 test 0.1561
epoch 114/200 loss 0.0095 train 1.0000 test 0.1553
epoch 115/200 loss 0.0083 train 1.0000 test 0.1567
epoch 116/200 loss 0.0085 train 1.0000 test 0.1578
epoch 117/200 loss 0.0089 train 1.0000 test 0.1586
epoch 118/200 loss 0.0097 train 1.0000 test 0.1588
epoch 119/200 loss 0.0094 train 1.0000 test 0.1590
epoch 120/200 loss 0.0088 train 1.0000 test 0.1589
epoch 121/200 loss 0.0090 train 1.0000 test 0.1579
epoch 122/200 loss 0.0098 train 1.0000 test 0.1593
epoch 123/200 loss 0.0087 train 1.0000 test 0.1589
epoch 124/200 loss 0.0098 train 1.0000 test 0.1586
epoch 125/200 loss 0.0099 train 1.0000 test 0.1598
epoch 126/200 loss 0.0108 train 1.0000 test 0.1593
epoch 127/200 loss 0.0089 train 1.0000 test 0.1607
epoch 128/200 loss 0.0098 train 1.0000 test 0.1610
epoch 129/200 loss 0.0089 train 1.0000 test 0.1601
epoch 130/200 loss 0.0086 train 1.0000 test 0.1593
epoch 131/200 loss 0.0089 train 1.0000 test 0.1590
epoch 132/200 loss 0.0089 train 1.0000 test 0.1591
epoch 133/200 loss 0.0087 train 1.0000 test 0.1577
epoch 134/200 loss 0.0081 train 1.0000 test 0.1569
epoch 135/200 loss 0.0098 train 1.0000 test 0.1582
epoch 136/200 loss 0.0085 train 1.0000 test 0.1586
epoch 137/200 loss 0.0087 train 1.0000 test 0.1574
epoch 138/200 loss 0.0103 train 1.0000 test 0.1571
epoch 139/200 loss 0.0084 train 1.0000 test 0.1583
epoch 140/200 loss 0.0102 train 1.0000 test 0.1580
epoch 141/200 loss 0.0081 train 1.0000 test 0.1587
epoch 142/200 loss 0.0088 train 1.0000 test 0.1587
epoch 143/200 loss 0.0089 train 1.0000 test 0.1585
epoch 144/200 loss 0.0093 train 1.0000 test 0.1577
epoch 145/200 loss 0.0081 train 1.0000 test 0.1556
epoch 146/200 loss 0.0088 train 1.0000 test 0.1558
epoch 147/200 loss 0.0095 train 1.0000 test 0.1583
epoch 148/200 loss 0.0080 train 1.0000 test 0.1594
epoch 149/200 loss 0.0077 train 1.0000 test 0.1596
epoch 150/200 loss 0.0082 train 1.0000 test 0.1584
epoch 151/200 loss 0.0082 train 1.0000 test 0.1581
epoch 152/200 loss 0.0094 train 1.0000 test 0.1574
epoch 153/200 loss 0.0076 train 1.0000 test 0.1584
epoch 154/200 loss 0.0079 train 1.0000 test 0.1580
epoch 155/200 loss 0.0083 train 1.0000 test 0.1587
epoch 156/200 loss 0.0079 train 1.0000 test 0.1591
epoch 157/200 loss 0.0085 train 1.0000 test 0.1590
epoch 158/200 loss 0.0085 train 1.0000 test 0.1587
epoch 159/200 loss 0.0088 train 1.0000 test 0.1588
epoch 160/200 loss 0.0082 train 1.0000 test 0.1580
epoch 161/200 loss 0.0085 train 1.0000 test 0.1584
epoch 162/200 loss 0.0082 train 1.0000 test 0.1574
epoch 163/200 loss 0.0085 train 1.0000 test 0.1575
epoch 164/200 loss 0.0088 train 1.0000 test 0.1578
epoch 165/200 loss 0.0084 train 1.0000 test 0.1580
epoch 166/200 loss 0.0081 train 1.0000 test 0.1578
epoch 167/200 loss 0.0083 train 1.0000 test 0.1587
epoch 168/200 loss 0.0073 train 1.0000 test 0.1582
epoch 169/200 loss 0.0085 train 1.0000 test 0.1587
epoch 170/200 loss 0.0091 train 1.0000 test 0.1578
epoch 171/200 loss 0.0084 train 1.0000 test 0.1586
epoch 172/200 loss 0.0082 train 1.0000 test 0.1584
epoch 173/200 loss 0.0079 train 1.0000 test 0.1582
epoch 174/200 loss 0.0083 train 1.0000 test 0.1587
epoch 175/200 loss 0.0078 train 1.0000 test 0.1585
epoch 176/200 loss 0.0085 train 1.0000 test 0.1589
epoch 177/200 loss 0.0097 train 1.0000 test 0.1583
epoch 178/200 loss 0.0086 train 1.0000 test 0.1578
epoch 179/200 loss 0.0075 train 1.0000 test 0.1587
epoch 180/200 loss 0.0091 train 1.0000 test 0.1573
epoch 181/200 loss 0.0094 train 1.0000 test 0.1583
epoch 182/200 loss 0.0084 train 1.0000 test 0.1578
epoch 183/200 loss 0.0078 train 1.0000 test 0.1584
epoch 184/200 loss 0.0084 train 1.0000 test 0.1577
epoch 185/200 loss 0.0094 train 1.0000 test 0.1581
epoch 186/200 loss 0.0080 train 1.0000 test 0.1579
epoch 187/200 loss 0.0082 train 1.0000 test 0.1584
epoch 188/200 loss 0.0086 train 1.0000 test 0.1581
epoch 189/200 loss 0.0078 train 1.0000 test 0.1585
epoch 190/200 loss 0.0093 train 1.0000 test 0.1583
epoch 191/200 loss 0.0090 train 1.0000 test 0.1584
epoch 192/200 loss 0.0084 train 1.0000 test 0.1585
epoch 193/200 loss 0.0085 train 1.0000 test 0.1587
epoch 194/200 loss 0.0082 train 1.0000 test 0.1584
epoch 195/200 loss 0.0082 train 1.0000 test 0.1589
epoch 196/200 loss 0.0084 train 1.0000 test 0.1584
epoch 197/200 loss 0.0083 train 1.0000 test 0.1586
epoch 198/200 loss 0.0081 train 1.0000 test 0.1583
epoch 199/200 loss 0.0080 train 1.0000 test 0.1579
epoch 200/200 loss 0.0092 train 1.0000 test 0.1590
done: final 0.1590 best 0.1610 -> ./runs/enste_2pct/seed2
ENSTE_2PCT_DONE
stem calibrated (True) on 1024 images
[enste_1pct seed0] {"params_trainable": 11225316, "params_stem_trainable": 0, "params_stem_fixed_filters": 5808, "flops_total": 568109100, "flops_stem": 6094892, "flops_image_size": 32}
epoch 1/200 loss 4.6494 train 0.0078 test 0.0102
epoch 2/200 loss 4.6013 train 0.0156 test 0.0153
epoch 3/200 loss 4.5631 train 0.0156 test 0.0156
epoch 4/200 loss 4.4889 train 0.0417 test 0.0234
epoch 5/200 loss 4.3967 train 0.0469 test 0.0260
epoch 6/200 loss 4.2740 train 0.0495 test 0.0304
epoch 7/200 loss 4.1675 train 0.0729 test 0.0333
epoch 8/200 loss 4.0986 train 0.0885 test 0.0355
epoch 9/200 loss 3.9366 train 0.0885 test 0.0344
epoch 10/200 loss 3.8464 train 0.1016 test 0.0330
epoch 11/200 loss 3.7763 train 0.1042 test 0.0376
epoch 12/200 loss 3.7257 train 0.1042 test 0.0412
epoch 13/200 loss 3.6105 train 0.1302 test 0.0455
epoch 14/200 loss 3.5666 train 0.1536 test 0.0524
epoch 15/200 loss 3.5044 train 0.1536 test 0.0554
epoch 16/200 loss 3.4580 train 0.1615 test 0.0475
epoch 17/200 loss 3.3895 train 0.1719 test 0.0530
epoch 18/200 loss 3.2685 train 0.1901 test 0.0552
epoch 19/200 loss 3.2631 train 0.1875 test 0.0601
epoch 20/200 loss 3.1472 train 0.2240 test 0.0578
epoch 21/200 loss 3.0899 train 0.2318 test 0.0574
epoch 22/200 loss 3.0433 train 0.2188 test 0.0654
epoch 23/200 loss 3.0472 train 0.2396 test 0.0560
epoch 24/200 loss 2.9763 train 0.2448 test 0.0679
epoch 25/200 loss 2.8746 train 0.2812 test 0.0628
epoch 26/200 loss 2.8436 train 0.2865 test 0.0702
epoch 27/200 loss 2.7111 train 0.3047 test 0.0709
epoch 28/200 loss 2.7789 train 0.2578 test 0.0702
epoch 29/200 loss 2.7137 train 0.3073 test 0.0752
epoch 30/200 loss 2.5757 train 0.3021 test 0.0714
epoch 31/200 loss 2.6090 train 0.3021 test 0.0701
epoch 32/200 loss 2.6375 train 0.3021 test 0.0630
epoch 33/200 loss 2.4457 train 0.3490 test 0.0654
epoch 34/200 loss 2.4109 train 0.3620 test 0.0705
epoch 35/200 loss 2.3519 train 0.3828 test 0.0805
epoch 36/200 loss 2.2791 train 0.4036 test 0.0770
epoch 37/200 loss 2.2110 train 0.4297 test 0.0702
epoch 38/200 loss 2.2307 train 0.4193 test 0.0681
epoch 39/200 loss 2.1668 train 0.4036 test 0.0877
epoch 40/200 loss 2.0337 train 0.4844 test 0.0916
epoch 41/200 loss 2.0539 train 0.4870 test 0.0847
epoch 42/200 loss 2.0379 train 0.4714 test 0.0805
epoch 43/200 loss 1.9517 train 0.4844 test 0.0840
epoch 44/200 loss 1.9035 train 0.5312 test 0.0798
epoch 45/200 loss 1.8727 train 0.4870 test 0.0865
epoch 46/200 loss 1.7462 train 0.5573 test 0.0768
epoch 47/200 loss 1.7227 train 0.5651 test 0.0896
epoch 48/200 loss 1.7269 train 0.5703 test 0.0821
epoch 49/200 loss 1.7332 train 0.5391 test 0.0791
epoch 50/200 loss 1.5652 train 0.6198 test 0.0734
epoch 51/200 loss 1.5918 train 0.5755 test 0.0751
epoch 52/200 loss 1.5017 train 0.6094 test 0.0860
epoch 53/200 loss 1.4195 train 0.6302 test 0.0858
epoch 54/200 loss 1.4197 train 0.6380 test 0.0874
epoch 55/200 loss 1.3409 train 0.6719 test 0.0832
epoch 56/200 loss 1.3871 train 0.6458 test 0.0695
epoch 57/200 loss 1.3075 train 0.6667 test 0.0711
epoch 58/200 loss 1.2870 train 0.6849 test 0.0826
epoch 59/200 loss 1.1862 train 0.7214 test 0.0921
epoch 60/200 loss 1.0966 train 0.7422 test 0.0916
epoch 61/200 loss 1.0103 train 0.7760 test 0.0856
epoch 62/200 loss 0.9253 train 0.8073 test 0.0829
epoch 63/200 loss 0.9607 train 0.7656 test 0.0865
epoch 64/200 loss 0.9189 train 0.7943 test 0.0863
epoch 65/200 loss 0.8241 train 0.8047 test 0.0893
epoch 66/200 loss 0.8372 train 0.8151 test 0.0925
epoch 67/200 loss 0.7702 train 0.8438 test 0.0856
epoch 68/200 loss 0.7138 train 0.8542 test 0.0854
epoch 69/200 loss 0.7404 train 0.8438 test 0.0759
epoch 70/200 loss 0.6984 train 0.8438 test 0.0865
epoch 71/200 loss 0.5889 train 0.8984 test 0.0916
epoch 72/200 loss 0.5570 train 0.9115 test 0.0888
epoch 73/200 loss 0.4985 train 0.9427 test 0.0950
epoch 74/200 loss 0.4944 train 0.9115 test 0.0887
epoch 75/200 loss 0.4769 train 0.9115 test 0.0938
epoch 76/200 loss 0.4719 train 0.9401 test 0.0998
epoch 77/200 loss 0.4051 train 0.9453 test 0.0938
epoch 78/200 loss 0.3856 train 0.9531 test 0.0897
epoch 79/200 loss 0.3648 train 0.9375 test 0.0955
epoch 80/200 loss 0.3168 train 0.9792 test 0.1013
epoch 81/200 loss 0.2906 train 0.9661 test 0.1000
epoch 82/200 loss 0.2613 train 0.9740 test 0.0923
epoch 83/200 loss 0.2641 train 0.9792 test 0.0918
epoch 84/200 loss 0.2307 train 0.9766 test 0.0959
epoch 85/200 loss 0.2040 train 0.9818 test 0.0910
epoch 86/200 loss 0.2014 train 0.9714 test 0.0980
epoch 87/200 loss 0.1930 train 0.9844 test 0.0979
epoch 88/200 loss 0.1666 train 0.9896 test 0.0989
epoch 89/200 loss 0.1908 train 0.9844 test 0.0985
epoch 90/200 loss 0.1743 train 0.9818 test 0.0927
epoch 91/200 loss 0.1694 train 0.9766 test 0.0925
epoch 92/200 loss 0.1377 train 0.9922 test 0.0976
epoch 93/200 loss 0.1712 train 0.9818 test 0.1023
epoch 94/200 loss 0.1218 train 0.9948 test 0.0960
epoch 95/200 loss 0.1341 train 0.9870 test 0.0972
epoch 96/200 loss 0.1258 train 0.9974 test 0.0983
epoch 97/200 loss 0.1200 train 0.9922 test 0.1014
epoch 98/200 loss 0.0956 train 0.9948 test 0.1020
epoch 99/200 loss 0.1074 train 0.9922 test 0.1021
epoch 100/200 loss 0.0813 train 1.0000 test 0.0980
epoch 101/200 loss 0.0972 train 0.9948 test 0.1036
epoch 102/200 loss 0.0719 train 0.9974 test 0.1035
epoch 103/200 loss 0.0715 train 1.0000 test 0.1039
epoch 104/200 loss 0.0632 train 1.0000 test 0.1030
epoch 105/200 loss 0.0618 train 0.9974 test 0.1031
epoch 106/200 loss 0.0558 train 1.0000 test 0.1033
epoch 107/200 loss 0.0511 train 1.0000 test 0.1053
epoch 108/200 loss 0.0632 train 0.9948 test 0.1065
epoch 109/200 loss 0.0481 train 1.0000 test 0.1049
epoch 110/200 loss 0.0443 train 0.9974 test 0.1048
epoch 111/200 loss 0.0396 train 1.0000 test 0.1062
epoch 112/200 loss 0.0391 train 1.0000 test 0.1067
epoch 113/200 loss 0.0350 train 1.0000 test 0.1083
epoch 114/200 loss 0.0357 train 0.9974 test 0.1064
epoch 115/200 loss 0.0446 train 0.9974 test 0.1059
epoch 116/200 loss 0.0368 train 1.0000 test 0.1059
epoch 117/200 loss 0.0505 train 0.9974 test 0.1054
epoch 118/200 loss 0.0327 train 1.0000 test 0.1058
epoch 119/200 loss 0.0370 train 1.0000 test 0.1049
epoch 120/200 loss 0.0446 train 1.0000 test 0.1047
epoch 121/200 loss 0.0309 train 1.0000 test 0.1046
epoch 122/200 loss 0.0347 train 1.0000 test 0.1041
epoch 123/200 loss 0.0330 train 1.0000 test 0.1040
epoch 124/200 loss 0.0370 train 1.0000 test 0.1042
epoch 125/200 loss 0.0294 train 1.0000 test 0.1056
epoch 126/200 loss 0.0277 train 1.0000 test 0.1049
epoch 127/200 loss 0.0261 train 1.0000 test 0.1062
epoch 128/200 loss 0.0271 train 1.0000 test 0.1054
epoch 129/200 loss 0.0261 train 1.0000 test 0.1066
epoch 130/200 loss 0.0271 train 1.0000 test 0.1060
epoch 131/200 loss 0.0226 train 1.0000 test 0.1064
epoch 132/200 loss 0.0250 train 1.0000 test 0.1050
epoch 133/200 loss 0.0236 train 1.0000 test 0.1054
epoch 134/200 loss 0.0257 train 1.0000 test 0.1060
epoch 135/200 loss 0.0246 train 1.0000 test 0.1069
epoch 136/200 loss 0.0235 train 1.0000 test 0.1069
epoch 137/200 loss 0.0202 train 1.0000 test 0.1070
epoch 138/200 loss 0.0258 train 1.0000 test 0.1069
epoch 139/200 loss 0.0229 train 1.0000 test 0.1081
epoch 140/200 loss 0.0216 train 1.0000 test 0.1070
epoch 141/200 loss 0.0212 train 1.0000 test 0.1062
epoch 142/200 loss 0.0230 train 1.0000 test 0.1070
epoch 143/200 loss 0.0239 train 1.0000 test 0.1073
epoch 144/200 loss 0.0220 train 1.0000 test 0.1069
epoch 145/200 loss 0.0241 train 1.0000 test 0.1068
epoch 146/200 loss 0.0180 train 1.0000 test 0.1056
epoch 147/200 loss 0.0188 train 1.0000 test 0.1055
epoch 148/200 loss 0.0193 train 1.0000 test 0.1057
epoch 149/200 loss 0.0197 train 1.0000 test 0.1058
epoch 150/200 loss 0.0181 train 1.0000 test 0.1072
epoch 151/200 loss 0.0199 train 1.0000 test 0.1083
epoch 152/200 loss 0.0236 train 1.0000 test 0.1082
epoch 153/200 loss 0.0206 train 1.0000 test 0.1083
epoch 154/200 loss 0.0183 train 1.0000 test 0.1081
epoch 155/200 loss 0.0184 train 1.0000 test 0.1070
epoch 156/200 loss 0.0186 train 1.0000 test 0.1075
epoch 157/200 loss 0.0185 train 1.0000 test 0.1082
epoch 158/200 loss 0.0190 train 1.0000 test 0.1073
epoch 159/200 loss 0.0203 train 1.0000 test 0.1073
epoch 160/200 loss 0.0201 train 1.0000 test 0.1074
epoch 161/200 loss 0.0168 train 1.0000 test 0.1074
epoch 162/200 loss 0.0173 train 1.0000 test 0.1070
epoch 163/200 loss 0.0203 train 1.0000 test 0.1070
epoch 164/200 loss 0.0173 train 1.0000 test 0.1070
epoch 165/200 loss 0.0186 train 1.0000 test 0.1067
epoch 166/200 loss 0.0205 train 1.0000 test 0.1071
epoch 167/200 loss 0.0179 train 1.0000 test 0.1075
epoch 168/200 loss 0.0183 train 1.0000 test 0.1075
epoch 169/200 loss 0.0180 train 1.0000 test 0.1075
epoch 170/200 loss 0.0191 train 1.0000 test 0.1081
epoch 171/200 loss 0.0180 train 1.0000 test 0.1076
epoch 172/200 loss 0.0188 train 1.0000 test 0.1071
epoch 173/200 loss 0.0194 train 1.0000 test 0.1068
epoch 174/200 loss 0.0173 train 1.0000 test 0.1068
epoch 175/200 loss 0.0188 train 1.0000 test 0.1066
epoch 176/200 loss 0.0193 train 1.0000 test 0.1071
epoch 177/200 loss 0.0190 train 1.0000 test 0.1076
epoch 178/200 loss 0.0170 train 1.0000 test 0.1079
epoch 179/200 loss 0.0163 train 1.0000 test 0.1071
epoch 180/200 loss 0.0214 train 1.0000 test 0.1067
epoch 181/200 loss 0.0212 train 1.0000 test 0.1072
epoch 182/200 loss 0.0164 train 1.0000 test 0.1073
epoch 183/200 loss 0.0197 train 1.0000 test 0.1069
epoch 184/200 loss 0.0178 train 1.0000 test 0.1073
epoch 185/200 loss 0.0188 train 1.0000 test 0.1072
epoch 186/200 loss 0.0198 train 1.0000 test 0.1080
epoch 187/200 loss 0.0209 train 1.0000 test 0.1070
epoch 188/200 loss 0.0198 train 1.0000 test 0.1077
epoch 189/200 loss 0.0186 train 1.0000 test 0.1073
epoch 190/200 loss 0.0161 train 1.0000 test 0.1068
epoch 191/200 loss 0.0166 train 1.0000 test 0.1068
epoch 192/200 loss 0.0157 train 1.0000 test 0.1079
epoch 193/200 loss 0.0163 train 1.0000 test 0.1072
epoch 194/200 loss 0.0199 train 1.0000 test 0.1067
epoch 195/200 loss 0.0164 train 1.0000 test 0.1072
epoch 196/200 loss 0.0194 train 1.0000 test 0.1078
epoch 197/200 loss 0.0206 train 1.0000 test 0.1078
epoch 198/200 loss 0.0173 train 1.0000 test 0.1069
epoch 199/200 loss 0.0197 train 1.0000 test 0.1073
epoch 200/200 loss 0.0168 train 1.0000 test 0.1069
done: final 0.1069 best 0.1083 -> ./runs/enste_1pct/seed0
stem calibrated (True) on 1024 images
[enste_1pct seed1] {"params_trainable": 11225316, "params_stem_trainable": 0, "params_stem_fixed_filters": 5808, "flops_total": 568109100, "flops_stem": 6094892, "flops_image_size": 32}
epoch 1/200 loss 4.6422 train 0.0078 test 0.0096
epoch 2/200 loss 4.6192 train 0.0156 test 0.0115
epoch 3/200 loss 4.5607 train 0.0156 test 0.0174
epoch 4/200 loss 4.5222 train 0.0339 test 0.0192
epoch 5/200 loss 4.4390 train 0.0521 test 0.0261
epoch 6/200 loss 4.3128 train 0.0703 test 0.0297
epoch 7/200 loss 4.2294 train 0.0677 test 0.0271
epoch 8/200 loss 4.1340 train 0.0677 test 0.0354
epoch 9/200 loss 4.0331 train 0.0469 test 0.0318
epoch 10/200 loss 3.9181 train 0.1120 test 0.0350
epoch 11/200 loss 3.8598 train 0.0964 test 0.0359
epoch 12/200 loss 3.8083 train 0.1328 test 0.0436
epoch 13/200 loss 3.7071 train 0.1120 test 0.0404
epoch 14/200 loss 3.6015 train 0.1484 test 0.0446
epoch 15/200 loss 3.6095 train 0.1380 test 0.0453
epoch 16/200 loss 3.5193 train 0.1302 test 0.0463
epoch 17/200 loss 3.4577 train 0.1667 test 0.0567
epoch 18/200 loss 3.3888 train 0.1641 test 0.0539
epoch 19/200 loss 3.3621 train 0.1823 test 0.0600
epoch 20/200 loss 3.3025 train 0.1849 test 0.0543
epoch 21/200 loss 3.2399 train 0.1875 test 0.0525
epoch 22/200 loss 3.1703 train 0.1953 test 0.0581
epoch 23/200 loss 3.1466 train 0.2031 test 0.0581
epoch 24/200 loss 3.0788 train 0.2188 test 0.0628
epoch 25/200 loss 3.0055 train 0.2396 test 0.0621
epoch 26/200 loss 2.8994 train 0.2526 test 0.0637
epoch 27/200 loss 2.8812 train 0.2656 test 0.0705
epoch 28/200 loss 2.8349 train 0.2734 test 0.0704
epoch 29/200 loss 2.7090 train 0.3307 test 0.0730
epoch 30/200 loss 2.7306 train 0.3047 test 0.0751
epoch 31/200 loss 2.6824 train 0.3021 test 0.0721
epoch 32/200 loss 2.5942 train 0.3385 test 0.0670
epoch 33/200 loss 2.5082 train 0.3776 test 0.0761
epoch 34/200 loss 2.5279 train 0.3438 test 0.0724
epoch 35/200 loss 2.3836 train 0.3880 test 0.0781
epoch 36/200 loss 2.4652 train 0.3698 test 0.0773
epoch 37/200 loss 2.3474 train 0.3750 test 0.0771
epoch 38/200 loss 2.3873 train 0.3698 test 0.0749
epoch 39/200 loss 2.2971 train 0.4062 test 0.0716
epoch 40/200 loss 2.2092 train 0.4245 test 0.0757
epoch 41/200 loss 2.0914 train 0.4870 test 0.0852
epoch 42/200 loss 2.1315 train 0.4323 test 0.0632
epoch 43/200 loss 2.0627 train 0.4375 test 0.0854
epoch 44/200 loss 2.0411 train 0.4714 test 0.0778
epoch 45/200 loss 1.9699 train 0.4635 test 0.0720
epoch 46/200 loss 1.9079 train 0.5104 test 0.0748
epoch 47/200 loss 1.8684 train 0.5026 test 0.0790
epoch 48/200 loss 1.8160 train 0.5234 test 0.0748
epoch 49/200 loss 1.6626 train 0.5833 test 0.0752
epoch 50/200 loss 1.6991 train 0.5755 test 0.0829
epoch 51/200 loss 1.6326 train 0.5807 test 0.0828
epoch 52/200 loss 1.6877 train 0.5807 test 0.0764
epoch 53/200 loss 1.5909 train 0.6328 test 0.0761
epoch 54/200 loss 1.5749 train 0.5990 test 0.0824
epoch 55/200 loss 1.4749 train 0.6693 test 0.0852
epoch 56/200 loss 1.4080 train 0.6484 test 0.0887
epoch 57/200 loss 1.2624 train 0.6875 test 0.0756
epoch 58/200 loss 1.3336 train 0.6432 test 0.0793
epoch 59/200 loss 1.2479 train 0.6536 test 0.0723
epoch 60/200 loss 1.2218 train 0.6771 test 0.0732
epoch 61/200 loss 1.1631 train 0.7109 test 0.0762
epoch 62/200 loss 1.1042 train 0.7474 test 0.0872
epoch 63/200 loss 1.1602 train 0.7188 test 0.0855
epoch 64/200 loss 0.9706 train 0.8073 test 0.0865
epoch 65/200 loss 0.9001 train 0.8151 test 0.0940
epoch 66/200 loss 0.8281 train 0.8385 test 0.0907
epoch 67/200 loss 0.8584 train 0.8099 test 0.0846
epoch 68/200 loss 0.8086 train 0.8411 test 0.0847
epoch 69/200 loss 0.7604 train 0.8594 test 0.0910
epoch 70/200 loss 0.7093 train 0.8620 test 0.0932
epoch 71/200 loss 0.6375 train 0.8802 test 0.0872
epoch 72/200 loss 0.5928 train 0.8724 test 0.0954
epoch 73/200 loss 0.5418 train 0.8958 test 0.0914
epoch 74/200 loss 0.5162 train 0.9245 test 0.0855
epoch 75/200 loss 0.4450 train 0.9401 test 0.0917
epoch 76/200 loss 0.4287 train 0.9297 test 0.0907
epoch 77/200 loss 0.4438 train 0.9349 test 0.0887
epoch 78/200 loss 0.4010 train 0.9479 test 0.1006
epoch 79/200 loss 0.3637 train 0.9401 test 0.0928
epoch 80/200 loss 0.3442 train 0.9609 test 0.0901
epoch 81/200 loss 0.3369 train 0.9557 test 0.0917
epoch 82/200 loss 0.2872 train 0.9661 test 0.0984
epoch 83/200 loss 0.2575 train 0.9766 test 0.0988
epoch 84/200 loss 0.2402 train 0.9844 test 0.0884
epoch 85/200 loss 0.2041 train 0.9922 test 0.0971
epoch 86/200 loss 0.2123 train 0.9740 test 0.0950
epoch 87/200 loss 0.2008 train 0.9766 test 0.0975
epoch 88/200 loss 0.1911 train 0.9818 test 0.0957
epoch 89/200 loss 0.1599 train 0.9948 test 0.0932
epoch 90/200 loss 0.1653 train 0.9948 test 0.0976
epoch 91/200 loss 0.1431 train 0.9974 test 0.1038
epoch 92/200 loss 0.1442 train 0.9896 test 0.1035
epoch 93/200 loss 0.1090 train 0.9974 test 0.1008
epoch 94/200 loss 0.1010 train 1.0000 test 0.1043
epoch 95/200 loss 0.0878 train 1.0000 test 0.1026
epoch 96/200 loss 0.0771 train 1.0000 test 0.1040
epoch 97/200 loss 0.0895 train 0.9922 test 0.1051
epoch 98/200 loss 0.0857 train 0.9974 test 0.1073
epoch 99/200 loss 0.0662 train 1.0000 test 0.1054
epoch 100/200 loss 0.0661 train 1.0000 test 0.1088
epoch 101/200 loss 0.0757 train 0.9974 test 0.1092
epoch 102/200 loss 0.0641 train 1.0000 test 0.1047
epoch 103/200 loss 0.0681 train 1.0000 test 0.1056
epoch 104/200 loss 0.0533 train 1.0000 test 0.1067
epoch 105/200 loss 0.0584 train 1.0000 test 0.1062
epoch 106/200 loss 0.0490 train 1.0000 test 0.1059
epoch 107/200 loss 0.0529 train 1.0000 test 0.1086
epoch 108/200 loss 0.0512 train 1.0000 test 0.1084
epoch 109/200 loss 0.0483 train 1.0000 test 0.1070
epoch 110/200 loss 0.0464 train 0.9974 test 0.1078
epoch 111/200 loss 0.0420 train 1.0000 test 0.1074
epoch 112/200 loss 0.0383 train 1.0000 test 0.1070
epoch 113/200 loss 0.0369 train 1.0000 test 0.1073
epoch 114/200 loss 0.0359 train 1.0000 test 0.1071
epoch 115/200 loss 0.0426 train 1.0000 test 0.1078
epoch 116/200 loss 0.0372 train 1.0000 test 0.1073
epoch 117/200 loss 0.0366 train 1.0000 test 0.1089
epoch 118/200 loss 0.0385 train 1.0000 test 0.1097
epoch 119/200 loss 0.0385 train 1.0000 test 0.1101
epoch 120/200 loss 0.0302 train 1.0000 test 0.1121
epoch 121/200 loss 0.0347 train 1.0000 test 0.1101
epoch 122/200 loss 0.0284 train 1.0000 test 0.1083
epoch 123/200 loss 0.0268 train 1.0000 test 0.1083
epoch 124/200 loss 0.0279 train 1.0000 test 0.1099
epoch 125/200 loss 0.0272 train 1.0000 test 0.1098
epoch 126/200 loss 0.0262 train 1.0000 test 0.1106
epoch 127/200 loss 0.0241 train 1.0000 test 0.1100
epoch 128/200 loss 0.0282 train 1.0000 test 0.1094
epoch 129/200 loss 0.0247 train 1.0000 test 0.1102
epoch 130/200 loss 0.0272 train 1.0000 test 0.1101
epoch 131/200 loss 0.0243 train 1.0000 test 0.1099
epoch 132/200 loss 0.0248 train 1.0000 test 0.1107
epoch 133/200 loss 0.0290 train 1.0000 test 0.1112
epoch 134/200 loss 0.0247 train 1.0000 test 0.1099
epoch 135/200 loss 0.0218 train 1.0000 test 0.1109
epoch 136/200 loss 0.0252 train 1.0000 test 0.1115
epoch 137/200 loss 0.0250 train 1.0000 test 0.1119
epoch 138/200 loss 0.0196 train 1.0000 test 0.1110
epoch 139/200 loss 0.0217 train 1.0000 test 0.1105
epoch 140/200 loss 0.0220 train 1.0000 test 0.1106
epoch 141/200 loss 0.0250 train 1.0000 test 0.1101
epoch 142/200 loss 0.0242 train 1.0000 test 0.1106
epoch 143/200 loss 0.0249 train 1.0000 test 0.1108
epoch 144/200 loss 0.0234 train 1.0000 test 0.1104
epoch 145/200 loss 0.0213 train 1.0000 test 0.1107
epoch 146/200 loss 0.0236 train 1.0000 test 0.1098
epoch 147/200 loss 0.0222 train 1.0000 test 0.1096
epoch 148/200 loss 0.0215 train 1.0000 test 0.1100
epoch 149/200 loss 0.0209 train 1.0000 test 0.1099
epoch 150/200 loss 0.0229 train 1.0000 test 0.1095
epoch 151/200 loss 0.0207 train 1.0000 test 0.1094
epoch 152/200 loss 0.0220 train 1.0000 test 0.1103
epoch 153/200 loss 0.0209 train 1.0000 test 0.1112
epoch 154/200 loss 0.0214 train 1.0000 test 0.1113
epoch 155/200 loss 0.0202 train 1.0000 test 0.1116
epoch 156/200 loss 0.0217 train 1.0000 test 0.1122
epoch 157/200 loss 0.0201 train 1.0000 test 0.1123
epoch 158/200 loss 0.0226 train 1.0000 test 0.1118
epoch 159/200 loss 0.0231 train 1.0000 test 0.1113
epoch 160/200 loss 0.0197 train 1.0000 test 0.1114
epoch 161/200 loss 0.0212 train 1.0000 test 0.1120
epoch 162/200 loss 0.0202 train 1.0000 test 0.1115
epoch 163/200 loss 0.0213 train 1.0000 test 0.1112
epoch 164/200 loss 0.0203 train 1.0000 test 0.1112
epoch 165/200 loss 0.0267 train 1.0000 test 0.1111
epoch 166/200 loss 0.0218 train 1.0000 test 0.1112
epoch 167/200 loss 0.0211 train 1.0000 test 0.1115
epoch 168/200 loss 0.0254 train 1.0000 test 0.1110
epoch 169/200 loss 0.0203 train 1.0000 test 0.1108
epoch 170/200 loss 0.0190 train 1.0000 test 0.1111
epoch 171/200 loss 0.0255 train 1.0000 test 0.1113
epoch 172/200 loss 0.0195 train 1.0000 test 0.1107
epoch 173/200 loss 0.0211 train 1.0000 test 0.1112
epoch 174/200 loss 0.0217 train 1.0000 test 0.1103
epoch 175/200 loss 0.0168 train 1.0000 test 0.1107
epoch 176/200 loss 0.0194 train 1.0000 test 0.1100
epoch 177/200 loss 0.0176 train 1.0000 test 0.1110
epoch 178/200 loss 0.0182 train 1.0000 test 0.1106
epoch 179/200 loss 0.0192 train 1.0000 test 0.1107
epoch 180/200 loss 0.0188 train 1.0000 test 0.1104
epoch 181/200 loss 0.0217 train 1.0000 test 0.1099
epoch 182/200 loss 0.0199 train 1.0000 test 0.1106
epoch 183/200 loss 0.0193 train 1.0000 test 0.1110
epoch 184/200 loss 0.0188 train 1.0000 test 0.1119
epoch 185/200 loss 0.0175 train 1.0000 test 0.1121
epoch 186/200 loss 0.0214 train 1.0000 test 0.1116
epoch 187/200 loss 0.0189 train 1.0000 test 0.1117
epoch 188/200 loss 0.0198 train 1.0000 test 0.1121
epoch 189/200 loss 0.0217 train 1.0000 test 0.1122
epoch 190/200 loss 0.0186 train 1.0000 test 0.1117
epoch 191/200 loss 0.0207 train 1.0000 test 0.1124
epoch 192/200 loss 0.0207 train 1.0000 test 0.1122
epoch 193/200 loss 0.0205 train 1.0000 test 0.1117
epoch 194/200 loss 0.0194 train 1.0000 test 0.1112
epoch 195/200 loss 0.0180 train 1.0000 test 0.1113
epoch 196/200 loss 0.0196 train 1.0000 test 0.1120
epoch 197/200 loss 0.0196 train 1.0000 test 0.1120
epoch 198/200 loss 0.0192 train 1.0000 test 0.1118
epoch 199/200 loss 0.0213 train 1.0000 test 0.1101
epoch 200/200 loss 0.0215 train 1.0000 test 0.1111
done: final 0.1111 best 0.1124 -> ./runs/enste_1pct/seed1
stem calibrated (True) on 1024 images
[enste_1pct seed2] {"params_trainable": 11225316, "params_stem_trainable": 0, "params_stem_fixed_filters": 5808, "flops_total": 568109100, "flops_stem": 6094892, "flops_image_size": 32}
epoch 1/200 loss 4.6525 train 0.0052 test 0.0141
epoch 2/200 loss 4.6030 train 0.0130 test 0.0101
epoch 3/200 loss 4.5524 train 0.0208 test 0.0116
epoch 4/200 loss 4.4757 train 0.0260 test 0.0186
epoch 5/200 loss 4.4282 train 0.0365 test 0.0249
epoch 6/200 loss 4.3147 train 0.0469 test 0.0310
epoch 7/200 loss 4.2078 train 0.0781 test 0.0365
epoch 8/200 loss 4.1050 train 0.0755 test 0.0335
epoch 9/200 loss 3.9904 train 0.0911 test 0.0304
epoch 10/200 loss 3.8636 train 0.1042 test 0.0389
epoch 11/200 loss 3.8221 train 0.1328 test 0.0445
epoch 12/200 loss 3.7339 train 0.1146 test 0.0471
epoch 13/200 loss 3.6657 train 0.1432 test 0.0482
epoch 14/200 loss 3.5889 train 0.1120 test 0.0475
epoch 15/200 loss 3.4641 train 0.1849 test 0.0443
epoch 16/200 loss 3.4143 train 0.1875 test 0.0548
epoch 17/200 loss 3.3791 train 0.2031 test 0.0527
epoch 18/200 loss 3.3049 train 0.1979 test 0.0582
epoch 19/200 loss 3.2435 train 0.2109 test 0.0589
epoch 20/200 loss 3.2580 train 0.1641 test 0.0564
epoch 21/200 loss 3.1095 train 0.2214 test 0.0551
epoch 22/200 loss 3.0831 train 0.2135 test 0.0663
epoch 23/200 loss 3.0252 train 0.2344 test 0.0635
epoch 24/200 loss 2.9289 train 0.2891 test 0.0634
epoch 25/200 loss 2.8883 train 0.2760 test 0.0624
epoch 26/200 loss 2.8538 train 0.2656 test 0.0652
epoch 27/200 loss 2.7906 train 0.3021 test 0.0669
epoch 28/200 loss 2.7746 train 0.2682 test 0.0634
epoch 29/200 loss 2.7138 train 0.3177 test 0.0696
epoch 30/200 loss 2.7193 train 0.2995 test 0.0655
epoch 31/200 loss 2.6928 train 0.2995 test 0.0793
epoch 32/200 loss 2.5912 train 0.3255 test 0.0657
epoch 33/200 loss 2.4829 train 0.3672 test 0.0773
epoch 34/200 loss 2.4696 train 0.3438 test 0.0832
epoch 35/200 loss 2.3854 train 0.4062 test 0.0804
epoch 36/200 loss 2.3516 train 0.3906 test 0.0713
epoch 37/200 loss 2.2561 train 0.4193 test 0.0814
epoch 38/200 loss 2.2021 train 0.4167 test 0.0759
epoch 39/200 loss 2.1413 train 0.4557 test 0.0692
epoch 40/200 loss 2.1354 train 0.4375 test 0.0765
epoch 41/200 loss 2.0588 train 0.4635 test 0.0818
epoch 42/200 loss 1.9814 train 0.4688 test 0.0831
epoch 43/200 loss 1.9994 train 0.4453 test 0.0816
epoch 44/200 loss 1.8769 train 0.5078 test 0.0854
epoch 45/200 loss 1.8609 train 0.5260 test 0.0847
epoch 46/200 loss 1.7828 train 0.5521 test 0.0820
epoch 47/200 loss 1.7100 train 0.5781 test 0.0774
epoch 48/200 loss 1.6621 train 0.6068 test 0.0871
epoch 49/200 loss 1.5483 train 0.6302 test 0.0874
epoch 50/200 loss 1.5139 train 0.6016 test 0.0793
epoch 51/200 loss 1.4590 train 0.6510 test 0.0836
epoch 52/200 loss 1.4706 train 0.6484 test 0.0831
epoch 53/200 loss 1.4127 train 0.6667 test 0.0883
epoch 54/200 loss 1.4014 train 0.6536 test 0.0878
epoch 55/200 loss 1.2884 train 0.7031 test 0.0864
epoch 56/200 loss 1.2765 train 0.6927 test 0.0907
epoch 57/200 loss 1.1513 train 0.7344 test 0.0882
epoch 58/200 loss 1.0781 train 0.7604 test 0.0809
epoch 59/200 loss 1.0741 train 0.7396 test 0.0887
epoch 60/200 loss 1.0148 train 0.7760 test 0.0868
epoch 61/200 loss 0.9195 train 0.8099 test 0.0949
epoch 62/200 loss 0.8742 train 0.8203 test 0.0817
epoch 63/200 loss 0.8705 train 0.8021 test 0.0957
epoch 64/200 loss 0.8267 train 0.7969 test 0.0889
epoch 65/200 loss 0.7820 train 0.8411 test 0.0920
epoch 66/200 loss 0.7447 train 0.8542 test 0.0958
epoch 67/200 loss 0.7724 train 0.8411 test 0.0836
epoch 68/200 loss 0.6831 train 0.8542 test 0.0861
epoch 69/200 loss 0.6084 train 0.8776 test 0.0832
epoch 70/200 loss 0.5868 train 0.8932 test 0.0965
epoch 71/200 loss 0.5627 train 0.8984 test 0.0909
epoch 72/200 loss 0.4665 train 0.9245 test 0.0864
epoch 73/200 loss 0.5021 train 0.9062 test 0.0858
epoch 74/200 loss 0.4799 train 0.9271 test 0.0940
epoch 75/200 loss 0.4068 train 0.9453 test 0.0867
epoch 76/200 loss 0.4252 train 0.9505 test 0.0955
epoch 77/200 loss 0.4228 train 0.9062 test 0.0939
epoch 78/200 loss 0.3437 train 0.9609 test 0.0862
epoch 79/200 loss 0.3211 train 0.9661 test 0.0941
epoch 80/200 loss 0.3155 train 0.9583 test 0.0960
epoch 81/200 loss 0.2440 train 0.9792 test 0.0923
epoch 82/200 loss 0.2636 train 0.9583 test 0.0944
epoch 83/200 loss 0.2497 train 0.9792 test 0.0914
epoch 84/200 loss 0.2095 train 0.9844 test 0.0958
epoch 85/200 loss 0.2166 train 0.9870 test 0.0945
epoch 86/200 loss 0.1791 train 0.9922 test 0.0960
epoch 87/200 loss 0.1789 train 0.9922 test 0.0970
epoch 88/200 loss 0.1600 train 0.9870 test 0.1042
epoch 89/200 loss 0.1508 train 0.9896 test 0.1021
epoch 90/200 loss 0.1431 train 0.9896 test 0.0974
epoch 91/200 loss 0.1448 train 0.9896 test 0.0966
epoch 92/200 loss 0.1286 train 0.9922 test 0.0927
epoch 93/200 loss 0.1129 train 0.9948 test 0.0956
epoch 94/200 loss 0.1040 train 0.9948 test 0.0987
epoch 95/200 loss 0.0925 train 0.9974 test 0.0991
epoch 96/200 loss 0.0876 train 0.9948 test 0.0988
epoch 97/200 loss 0.0817 train 0.9974 test 0.0974
epoch 98/200 loss 0.0726 train 1.0000 test 0.0994
epoch 99/200 loss 0.0660 train 1.0000 test 0.1003
epoch 100/200 loss 0.0609 train 1.0000 test 0.1006
epoch 101/200 loss 0.0672 train 0.9974 test 0.1036
epoch 102/200 loss 0.0582 train 1.0000 test 0.1015
epoch 103/200 loss 0.0519 train 1.0000 test 0.1024
epoch 104/200 loss 0.0526 train 1.0000 test 0.1035
epoch 105/200 loss 0.0556 train 0.9974 test 0.1044
epoch 106/200 loss 0.0525 train 1.0000 test 0.1006
epoch 107/200 loss 0.0454 train 1.0000 test 0.1038
epoch 108/200 loss 0.0430 train 1.0000 test 0.1020
epoch 109/200 loss 0.0418 train 1.0000 test 0.1039
epoch 110/200 loss 0.0370 train 1.0000 test 0.1049
epoch 111/200 loss 0.0358 train 1.0000 test 0.1041
epoch 112/200 loss 0.0385 train 1.0000 test 0.1057
epoch 113/200 loss 0.0374 train 1.0000 test 0.1035
epoch 114/200 loss 0.0398 train 1.0000 test 0.1017
epoch 115/200 loss 0.0329 train 1.0000 test 0.1035
epoch 116/200 loss 0.0291 train 1.0000 test 0.1019
epoch 117/200 loss 0.0298 train 1.0000 test 0.1015
epoch 118/200 loss 0.0305 train 1.0000 test 0.1034
epoch 119/200 loss 0.0310 train 1.0000 test 0.1046
epoch 120/200 loss 0.0287 train 1.0000 test 0.1050
epoch 121/200 loss 0.0319 train 1.0000 test 0.1048
epoch 122/200 loss 0.0302 train 1.0000 test 0.1054
epoch 123/200 loss 0.0273 train 1.0000 test 0.1048
epoch 124/200 loss 0.0306 train 1.0000 test 0.1035
epoch 125/200 loss 0.0303 train 1.0000 test 0.1043
epoch 126/200 loss 0.0303 train 1.0000 test 0.1039
epoch 127/200 loss 0.0262 train 1.0000 test 0.1038
epoch 128/200 loss 0.0283 train 1.0000 test 0.1048
epoch 129/200 loss 0.0240 train 1.0000 test 0.1061
epoch 130/200 loss 0.0265 train 1.0000 test 0.1057
epoch 131/200 loss 0.0250 train 1.0000 test 0.1061
epoch 132/200 loss 0.0242 train 1.0000 test 0.1057
epoch 133/200 loss 0.0275 train 1.0000 test 0.1049
epoch 134/200 loss 0.0262 train 1.0000 test 0.1047
epoch 135/200 loss 0.0241 train 1.0000 test 0.1062
epoch 136/200 loss 0.0239 train 1.0000 test 0.1061
epoch 137/200 loss 0.0237 train 1.0000 test 0.1044
epoch 138/200 loss 0.0240 train 1.0000 test 0.1049
epoch 139/200 loss 0.0263 train 1.0000 test 0.1055
epoch 140/200 loss 0.0214 train 1.0000 test 0.1058
epoch 141/200 loss 0.0242 train 1.0000 test 0.1059
epoch 142/200 loss 0.0194 train 1.0000 test 0.1057
epoch 143/200 loss 0.0208 train 1.0000 test 0.1054
epoch 144/200 loss 0.0228 train 1.0000 test 0.1052
epoch 145/200 loss 0.0215 train 1.0000 test 0.1044
epoch 146/200 loss 0.0239 train 1.0000 test 0.1046
epoch 147/200 loss 0.0196 train 1.0000 test 0.1055
epoch 148/200 loss 0.0211 train 1.0000 test 0.1060
epoch 149/200 loss 0.0224 train 1.0000 test 0.1049
epoch 150/200 loss 0.0236 train 1.0000 test 0.1055
epoch 151/200 loss 0.0217 train 1.0000 test 0.1066
epoch 152/200 loss 0.0192 train 1.0000 test 0.1069
epoch 153/200 loss 0.0230 train 1.0000 test 0.1072
epoch 154/200 loss 0.0215 train 1.0000 test 0.1076
epoch 155/200 loss 0.0237 train 1.0000 test 0.1073
epoch 156/200 loss 0.0206 train 1.0000 test 0.1062
epoch 157/200 loss 0.0248 train 1.0000 test 0.1059
epoch 158/200 loss 0.0206 train 1.0000 test 0.1060
epoch 159/200 loss 0.0205 train 1.0000 test 0.1055
epoch 160/200 loss 0.0194 train 1.0000 test 0.1052
epoch 161/200 loss 0.0182 train 1.0000 test 0.1064
epoch 162/200 loss 0.0235 train 1.0000 test 0.1053
epoch 163/200 loss 0.0205 train 1.0000 test 0.1062
epoch 164/200 loss 0.0238 train 1.0000 test 0.1063
epoch 165/200 loss 0.0205 train 1.0000 test 0.1060
epoch 166/200 loss 0.0191 train 1.0000 test 0.1058
epoch 167/200 loss 0.0218 train 1.0000 test 0.1063
epoch 168/200 loss 0.0194 train 1.0000 test 0.1054
epoch 169/200 loss 0.0197 train 1.0000 test 0.1057
epoch 170/200 loss 0.0183 train 1.0000 test 0.1050
epoch 171/200 loss 0.0225 train 1.0000 test 0.1063
epoch 172/200 loss 0.0216 train 1.0000 test 0.1062
epoch 173/200 loss 0.0171 train 1.0000 test 0.1059
epoch 174/200 loss 0.0228 train 1.0000 test 0.1057
epoch 175/200 loss 0.0167 train 1.0000 test 0.1048
epoch 176/200 loss 0.0210 train 1.0000 test 0.1054
epoch 177/200 loss 0.0205 train 1.0000 test 0.1053
epoch 178/200 loss 0.0201 train 1.0000 test 0.1052
epoch 179/200 loss 0.0179 train 1.0000 test 0.1056
epoch 180/200 loss 0.0178 train 1.0000 test 0.1049
epoch 181/200 loss 0.0200 train 1.0000 test 0.1046
epoch 182/200 loss 0.0169 train 1.0000 test 0.1048
epoch 183/200 loss 0.0183 train 1.0000 test 0.1046
epoch 184/200 loss 0.0183 train 1.0000 test 0.1051
epoch 185/200 loss 0.0188 train 1.0000 test 0.1050
epoch 186/200 loss 0.0209 train 1.0000 test 0.1049
epoch 187/200 loss 0.0172 train 1.0000 test 0.1051
epoch 188/200 loss 0.0213 train 1.0000 test 0.1049
epoch 189/200 loss 0.0164 train 1.0000 test 0.1053
epoch 190/200 loss 0.0198 train 1.0000 test 0.1047
epoch 191/200 loss 0.0210 train 1.0000 test 0.1045
epoch 192/200 loss 0.0186 train 1.0000 test 0.1048
epoch 193/200 loss 0.0184 train 1.0000 test 0.1053
epoch 194/200 loss 0.0168 train 1.0000 test 0.1052
epoch 195/200 loss 0.0223 train 1.0000 test 0.1048
epoch 196/200 loss 0.0184 train 1.0000 test 0.1053
epoch 197/200 loss 0.0192 train 1.0000 test 0.1052
epoch 198/200 loss 0.0167 train 1.0000 test 0.1050
epoch 199/200 loss 0.0188 train 1.0000 test 0.1054
epoch 200/200 loss 0.0179 train 1.0000 test 0.1050
done: final 0.1050 best 0.1076 -> ./runs/enste_1pct/seed2
ENSTE_1PCT_DONE
stem calibrated (True) on 1024 images
[enste_3pct seed0] {"params_trainable": 11225316, "params_stem_trainable": 0, "params_stem_fixed_filters": 5808, "flops_total": 568109100, "flops_stem": 6094892, "flops_image_size": 32}
epoch 1/200 loss 4.6594 train 0.0099 test 0.0255
epoch 2/200 loss 4.4841 train 0.0391 test 0.0410
epoch 3/200 loss 4.2214 train 0.0618 test 0.0494
epoch 4/200 loss 4.0550 train 0.0760 test 0.0571
epoch 5/200 loss 3.9390 train 0.0966 test 0.0716
epoch 6/200 loss 3.8181 train 0.1122 test 0.0705
epoch 7/200 loss 3.7516 train 0.1179 test 0.0784
epoch 8/200 loss 3.6454 train 0.1456 test 0.0890
epoch 9/200 loss 3.5783 train 0.1626 test 0.1006
epoch 10/200 loss 3.5368 train 0.1527 test 0.0837
epoch 11/200 loss 3.4338 train 0.1598 test 0.0984
epoch 12/200 loss 3.3882 train 0.1839 test 0.1044
epoch 13/200 loss 3.3380 train 0.1768 test 0.1032
epoch 14/200 loss 3.2689 train 0.2038 test 0.1110
epoch 15/200 loss 3.1919 train 0.1996 test 0.1208
epoch 16/200 loss 3.0817 train 0.2315 test 0.1176
epoch 17/200 loss 3.0412 train 0.2266 test 0.1093
epoch 18/200 loss 2.9852 train 0.2443 test 0.1258
epoch 19/200 loss 2.9042 train 0.2678 test 0.1350
epoch 20/200 loss 2.8283 train 0.2841 test 0.1315
epoch 21/200 loss 2.7945 train 0.2848 test 0.1302
epoch 22/200 loss 2.6579 train 0.3324 test 0.1405
epoch 23/200 loss 2.6165 train 0.3011 test 0.1298
epoch 24/200 loss 2.6091 train 0.3203 test 0.1290
epoch 25/200 loss 2.5162 train 0.3402 test 0.1348
epoch 26/200 loss 2.4103 train 0.3544 test 0.1361
epoch 27/200 loss 2.3803 train 0.3537 test 0.1357
epoch 28/200 loss 2.3542 train 0.3558 test 0.1280
epoch 29/200 loss 2.2309 train 0.4006 test 0.1290
epoch 30/200 loss 2.1940 train 0.4141 test 0.1390
epoch 31/200 loss 2.0289 train 0.4240 test 0.1268
epoch 32/200 loss 1.9891 train 0.4709 test 0.1571
epoch 33/200 loss 1.8905 train 0.4737 test 0.1169
epoch 34/200 loss 1.8613 train 0.4858 test 0.1453
epoch 35/200 loss 1.7966 train 0.5043 test 0.1408
epoch 36/200 loss 1.7014 train 0.5192 test 0.0983
epoch 37/200 loss 1.6298 train 0.5469 test 0.1425
epoch 38/200 loss 1.4186 train 0.6065 test 0.1397
epoch 39/200 loss 1.3863 train 0.6072 test 0.1469
epoch 40/200 loss 1.2946 train 0.6449 test 0.1475
epoch 41/200 loss 1.2253 train 0.6506 test 0.1580
epoch 42/200 loss 1.1528 train 0.6754 test 0.1404
epoch 43/200 loss 1.1454 train 0.6747 test 0.1357
epoch 44/200 loss 1.0058 train 0.7145 test 0.1391
epoch 45/200 loss 0.8841 train 0.7507 test 0.1534
epoch 46/200 loss 0.7304 train 0.8040 test 0.1432
epoch 47/200 loss 0.7085 train 0.8097 test 0.1577
epoch 48/200 loss 0.7359 train 0.8004 test 0.1403
epoch 49/200 loss 0.7353 train 0.7869 test 0.1560
epoch 50/200 loss 0.6555 train 0.8089 test 0.1544
epoch 51/200 loss 0.5426 train 0.8551 test 0.1419
epoch 52/200 loss 0.4695 train 0.8807 test 0.1628
epoch 53/200 loss 0.4440 train 0.8878 test 0.1502
epoch 54/200 loss 0.3338 train 0.9176 test 0.1632
epoch 55/200 loss 0.2901 train 0.9325 test 0.1755
epoch 56/200 loss 0.2846 train 0.9339 test 0.1607
epoch 57/200 loss 0.2635 train 0.9411 test 0.1664
epoch 58/200 loss 0.2247 train 0.9474 test 0.1724
epoch 59/200 loss 0.2290 train 0.9474 test 0.1578
epoch 60/200 loss 0.2494 train 0.9474 test 0.1667
epoch 61/200 loss 0.2094 train 0.9524 test 0.1711
epoch 62/200 loss 0.1644 train 0.9673 test 0.1720
epoch 63/200 loss 0.1108 train 0.9822 test 0.1729
epoch 64/200 loss 0.0941 train 0.9858 test 0.1775
epoch 65/200 loss 0.0876 train 0.9872 test 0.1881
epoch 66/200 loss 0.0767 train 0.9844 test 0.1752
epoch 67/200 loss 0.0938 train 0.9837 test 0.1754
epoch 68/200 loss 0.0802 train 0.9830 test 0.1692
epoch 69/200 loss 0.0779 train 0.9865 test 0.1807
epoch 70/200 loss 0.0545 train 0.9943 test 0.1755
epoch 71/200 loss 0.0599 train 0.9886 test 0.1856
epoch 72/200 loss 0.0566 train 0.9908 test 0.1870
epoch 73/200 loss 0.0474 train 0.9936 test 0.1821
epoch 74/200 loss 0.0412 train 0.9957 test 0.1828
epoch 75/200 loss 0.0332 train 0.9979 test 0.1936
epoch 76/200 loss 0.0199 train 0.9986 test 0.1970
epoch 77/200 loss 0.0164 train 0.9993 test 0.2010
epoch 78/200 loss 0.0141 train 0.9993 test 0.2009
epoch 79/200 loss 0.0142 train 0.9993 test 0.1969
epoch 80/200 loss 0.0143 train 0.9993 test 0.1962
epoch 81/200 loss 0.0119 train 0.9993 test 0.1985
epoch 82/200 loss 0.0109 train 1.0000 test 0.1989
epoch 83/200 loss 0.0096 train 1.0000 test 0.1983
epoch 84/200 loss 0.0089 train 1.0000 test 0.2013
epoch 85/200 loss 0.0091 train 1.0000 test 0.2051
epoch 86/200 loss 0.0079 train 1.0000 test 0.2058
epoch 87/200 loss 0.0078 train 1.0000 test 0.2037
epoch 88/200 loss 0.0085 train 1.0000 test 0.2046
epoch 89/200 loss 0.0071 train 1.0000 test 0.2039
epoch 90/200 loss 0.0074 train 1.0000 test 0.2054
epoch 91/200 loss 0.0074 train 1.0000 test 0.2042
epoch 92/200 loss 0.0075 train 1.0000 test 0.2043
epoch 93/200 loss 0.0070 train 1.0000 test 0.2064
epoch 94/200 loss 0.0073 train 1.0000 test 0.2065
epoch 95/200 loss 0.0074 train 1.0000 test 0.2067
epoch 96/200 loss 0.0072 train 1.0000 test 0.2037
epoch 97/200 loss 0.0079 train 1.0000 test 0.2055
epoch 98/200 loss 0.0073 train 1.0000 test 0.2055
epoch 99/200 loss 0.0074 train 1.0000 test 0.2051
epoch 100/200 loss 0.0070 train 1.0000 test 0.2036
epoch 101/200 loss 0.0076 train 1.0000 test 0.2047
epoch 102/200 loss 0.0067 train 1.0000 test 0.2049
epoch 103/200 loss 0.0071 train 1.0000 test 0.2038
epoch 104/200 loss 0.0066 train 1.0000 test 0.2069
epoch 105/200 loss 0.0066 train 1.0000 test 0.2049
epoch 106/200 loss 0.0065 train 1.0000 test 0.2058
epoch 107/200 loss 0.0067 train 1.0000 test 0.2063
epoch 108/200 loss 0.0068 train 1.0000 test 0.2075
epoch 109/200 loss 0.0064 train 1.0000 test 0.2079
epoch 110/200 loss 0.0066 train 1.0000 test 0.2068
epoch 111/200 loss 0.0071 train 1.0000 test 0.2070
epoch 112/200 loss 0.0062 train 1.0000 test 0.2055
epoch 113/200 loss 0.0071 train 1.0000 test 0.2063
epoch 114/200 loss 0.0071 train 1.0000 test 0.2058
epoch 115/200 loss 0.0070 train 1.0000 test 0.2058
epoch 116/200 loss 0.0074 train 1.0000 test 0.2040
epoch 117/200 loss 0.0073 train 1.0000 test 0.2039
epoch 118/200 loss 0.0073 train 1.0000 test 0.2049
epoch 119/200 loss 0.0070 train 1.0000 test 0.2050
epoch 120/200 loss 0.0075 train 1.0000 test 0.2066
epoch 121/200 loss 0.0075 train 1.0000 test 0.2058
epoch 122/200 loss 0.0064 train 1.0000 test 0.2055
epoch 123/200 loss 0.0070 train 1.0000 test 0.2059
epoch 124/200 loss 0.0073 train 1.0000 test 0.2058
epoch 125/200 loss 0.0072 train 1.0000 test 0.2052
epoch 126/200 loss 0.0073 train 1.0000 test 0.2049
epoch 127/200 loss 0.0077 train 1.0000 test 0.2057
epoch 128/200 loss 0.0067 train 1.0000 test 0.2066
epoch 129/200 loss 0.0068 train 1.0000 test 0.2052
epoch 130/200 loss 0.0069 train 1.0000 test 0.2057
epoch 131/200 loss 0.0066 train 1.0000 test 0.2064
epoch 132/200 loss 0.0069 train 1.0000 test 0.2067
epoch 133/200 loss 0.0067 train 1.0000 test 0.2072
epoch 134/200 loss 0.0070 train 1.0000 test 0.2071
epoch 135/200 loss 0.0072 train 1.0000 test 0.2054
epoch 136/200 loss 0.0066 train 1.0000 test 0.2057
epoch 137/200 loss 0.0065 train 1.0000 test 0.2066
epoch 138/200 loss 0.0068 train 1.0000 test 0.2053
epoch 139/200 loss 0.0071 train 1.0000 test 0.2064
epoch 140/200 loss 0.0067 train 1.0000 test 0.2060
epoch 141/200 loss 0.0070 train 1.0000 test 0.2062
epoch 142/200 loss 0.0070 train 1.0000 test 0.2055
epoch 143/200 loss 0.0067 train 1.0000 test 0.2062
epoch 144/200 loss 0.0071 train 1.0000 test 0.2048
epoch 145/200 loss 0.0068 train 1.0000 test 0.2063
epoch 146/200 loss 0.0073 train 1.0000 test 0.2062
epoch 147/200 loss 0.0068 train 1.0000 test 0.2049
epoch 148/200 loss 0.0068 train 1.0000 test 0.2053
epoch 149/200 loss 0.0068 train 1.0000 test 0.2056
epoch 150/200 loss 0.0072 train 1.0000 test 0.2046
epoch 151/200 loss 0.0071 train 1.0000 test 0.2057
epoch 152/200 loss 0.0065 train 1.0000 test 0.2062
epoch 153/200 loss 0.0068 train 1.0000 test 0.2055
epoch 154/200 loss 0.0071 train 1.0000 test 0.2047
epoch 155/200 loss 0.0073 train 1.0000 test 0.2044
epoch 156/200 loss 0.0071 train 1.0000 test 0.2054
epoch 157/200 loss 0.0074 train 1.0000 test 0.2051
epoch 158/200 loss 0.0072 train 1.0000 test 0.2057
epoch 159/200 loss 0.0072 train 1.0000 test 0.2066
epoch 160/200 loss 0.0075 train 1.0000 test 0.2056
epoch 161/200 loss 0.0066 train 1.0000 test 0.2063
epoch 162/200 loss 0.0069 train 1.0000 test 0.2063
epoch 163/200 loss 0.0072 train 1.0000 test 0.2049
epoch 164/200 loss 0.0065 train 1.0000 test 0.2034
epoch 165/200 loss 0.0067 train 1.0000 test 0.2054
epoch 166/200 loss 0.0070 train 1.0000 test 0.2050
epoch 167/200 loss 0.0063 train 1.0000 test 0.2044
epoch 168/200 loss 0.0071 train 1.0000 test 0.2048
epoch 169/200 loss 0.0071 train 1.0000 test 0.2048
epoch 170/200 loss 0.0073 train 1.0000 test 0.2058
epoch 171/200 loss 0.0065 train 1.0000 test 0.2060
epoch 172/200 loss 0.0072 train 1.0000 test 0.2050
epoch 173/200 loss 0.0077 train 1.0000 test 0.2049
epoch 174/200 loss 0.0068 train 1.0000 test 0.2051
epoch 175/200 loss 0.0068 train 1.0000 test 0.2050
epoch 176/200 loss 0.0064 train 1.0000 test 0.2047
epoch 177/200 loss 0.0070 train 1.0000 test 0.2054
epoch 178/200 loss 0.0069 train 1.0000 test 0.2046
epoch 179/200 loss 0.0068 train 1.0000 test 0.2046
epoch 180/200 loss 0.0065 train 1.0000 test 0.2060
epoch 181/200 loss 0.0068 train 1.0000 test 0.2048
epoch 182/200 loss 0.0066 train 1.0000 test 0.2050
epoch 183/200 loss 0.0067 train 1.0000 test 0.2056
epoch 184/200 loss 0.0071 train 1.0000 test 0.2050
epoch 185/200 loss 0.0067 train 1.0000 test 0.2049
epoch 186/200 loss 0.0065 train 1.0000 test 0.2059
epoch 187/200 loss 0.0070 train 1.0000 test 0.2053
epoch 188/200 loss 0.0072 train 1.0000 test 0.2054
epoch 189/200 loss 0.0074 train 1.0000 test 0.2056
epoch 190/200 loss 0.0067 train 1.0000 test 0.2047
epoch 191/200 loss 0.0070 train 1.0000 test 0.2056
epoch 192/200 loss 0.0066 train 1.0000 test 0.2059
epoch 193/200 loss 0.0071 train 1.0000 test 0.2051
epoch 194/200 loss 0.0074 train 1.0000 test 0.2054
epoch 195/200 loss 0.0070 train 1.0000 test 0.2068
epoch 196/200 loss 0.0066 train 1.0000 test 0.2052
epoch 197/200 loss 0.0070 train 1.0000 test 0.2062
epoch 198/200 loss 0.0070 train 1.0000 test 0.2049
epoch 199/200 loss 0.0072 train 1.0000 test 0.2052
epoch 200/200 loss 0.0066 train 1.0000 test 0.2046
done: final 0.2046 best 0.2079 -> ./runs/enste_3pct/seed0
stem calibrated (True) on 1024 images
[enste_3pct seed1] {"params_trainable": 11225316, "params_stem_trainable": 0, "params_stem_fixed_filters": 5808, "flops_total": 568109100, "flops_stem": 6094892, "flops_image_size": 32}
epoch 1/200 loss 4.6652 train 0.0128 test 0.0214
epoch 2/200 loss 4.5142 train 0.0355 test 0.0358
epoch 3/200 loss 4.2854 train 0.0426 test 0.0447
epoch 4/200 loss 4.1238 train 0.0653 test 0.0597
epoch 5/200 loss 4.0007 train 0.0767 test 0.0671
epoch 6/200 loss 3.8932 train 0.0902 test 0.0654
epoch 7/200 loss 3.8058 train 0.1094 test 0.0833
epoch 8/200 loss 3.6870 train 0.1229 test 0.0762
epoch 9/200 loss 3.6034 train 0.1364 test 0.0897
epoch 10/200 loss 3.5353 train 0.1513 test 0.0901
epoch 11/200 loss 3.5230 train 0.1513 test 0.0953
epoch 12/200 loss 3.4277 train 0.1662 test 0.1088
epoch 13/200 loss 3.3985 train 0.1818 test 0.0930
epoch 14/200 loss 3.3063 train 0.1847 test 0.0921
epoch 15/200 loss 3.2539 train 0.1875 test 0.1078
epoch 16/200 loss 3.1471 train 0.2173 test 0.1062
epoch 17/200 loss 3.0879 train 0.2180 test 0.1068
epoch 18/200 loss 3.0534 train 0.2315 test 0.1189
epoch 19/200 loss 2.9915 train 0.2386 test 0.1069
epoch 20/200 loss 2.9194 train 0.2571 test 0.1243
epoch 21/200 loss 2.8592 train 0.2706 test 0.1217
epoch 22/200 loss 2.7352 train 0.2855 test 0.1329
epoch 23/200 loss 2.7319 train 0.2962 test 0.1089
epoch 24/200 loss 2.6894 train 0.3011 test 0.1196
epoch 25/200 loss 2.5785 train 0.3153 test 0.1091
epoch 26/200 loss 2.5762 train 0.3139 test 0.1393
epoch 27/200 loss 2.4289 train 0.3651 test 0.1287
epoch 28/200 loss 2.3292 train 0.3707 test 0.1035
epoch 29/200 loss 2.2714 train 0.3800 test 0.1137
epoch 30/200 loss 2.2104 train 0.4148 test 0.1304
epoch 31/200 loss 2.1864 train 0.4119 test 0.1122
epoch 32/200 loss 2.0773 train 0.4354 test 0.1318
epoch 33/200 loss 2.0239 train 0.4503 test 0.1364
epoch 34/200 loss 1.8842 train 0.4730 test 0.1341
epoch 35/200 loss 1.8043 train 0.4964 test 0.1447
epoch 36/200 loss 1.6397 train 0.5568 test 0.1394
epoch 37/200 loss 1.6503 train 0.5455 test 0.1385
epoch 38/200 loss 1.5681 train 0.5497 test 0.1269
epoch 39/200 loss 1.5449 train 0.5831 test 0.1383
epoch 40/200 loss 1.4578 train 0.6023 test 0.1227
epoch 41/200 loss 1.4174 train 0.5916 test 0.1375
epoch 42/200 loss 1.3217 train 0.6186 test 0.1302
epoch 43/200 loss 1.1996 train 0.6541 test 0.1553
epoch 44/200 loss 1.0789 train 0.7060 test 0.1500
epoch 45/200 loss 1.0503 train 0.6960 test 0.1357
epoch 46/200 loss 0.9045 train 0.7408 test 0.1463
epoch 47/200 loss 0.8729 train 0.7514 test 0.1458
epoch 48/200 loss 0.8024 train 0.7706 test 0.1335
epoch 49/200 loss 0.7294 train 0.7905 test 0.1575
epoch 50/200 loss 0.6492 train 0.8232 test 0.1520
epoch 51/200 loss 0.6181 train 0.8274 test 0.1420
epoch 52/200 loss 0.5986 train 0.8388 test 0.1450
epoch 53/200 loss 0.5340 train 0.8608 test 0.1537
epoch 54/200 loss 0.5010 train 0.8679 test 0.1477
epoch 55/200 loss 0.3875 train 0.9027 test 0.1500
epoch 56/200 loss 0.3507 train 0.9112 test 0.1551
epoch 57/200 loss 0.3150 train 0.9290 test 0.1558
epoch 58/200 loss 0.2499 train 0.9460 test 0.1612
epoch 59/200 loss 0.2302 train 0.9524 test 0.1669
epoch 60/200 loss 0.2294 train 0.9510 test 0.1563
epoch 61/200 loss 0.1984 train 0.9503 test 0.1556
epoch 62/200 loss 0.1925 train 0.9531 test 0.1610
epoch 63/200 loss 0.1745 train 0.9652 test 0.1622
epoch 64/200 loss 0.1771 train 0.9645 test 0.1550
epoch 65/200 loss 0.1465 train 0.9702 test 0.1725
epoch 66/200 loss 0.1267 train 0.9808 test 0.1631
epoch 67/200 loss 0.1056 train 0.9794 test 0.1798
epoch 68/200 loss 0.1035 train 0.9815 test 0.1614
epoch 69/200 loss 0.0894 train 0.9822 test 0.1852
epoch 70/200 loss 0.0695 train 0.9908 test 0.1825
epoch 71/200 loss 0.0550 train 0.9972 test 0.1785
epoch 72/200 loss 0.0380 train 0.9957 test 0.1849
epoch 73/200 loss 0.0361 train 0.9964 test 0.1855
epoch 74/200 loss 0.0300 train 0.9972 test 0.1877
epoch 75/200 loss 0.0263 train 0.9993 test 0.1850
epoch 76/200 loss 0.0191 train 0.9993 test 0.1909
epoch 77/200 loss 0.0163 train 1.0000 test 0.1905
epoch 78/200 loss 0.0128 train 1.0000 test 0.1928
epoch 79/200 loss 0.0116 train 1.0000 test 0.1934
epoch 80/200 loss 0.0105 train 1.0000 test 0.1941
epoch 81/200 loss 0.0090 train 1.0000 test 0.1938
epoch 82/200 loss 0.0090 train 1.0000 test 0.1953
epoch 83/200 loss 0.0088 train 1.0000 test 0.1945
epoch 84/200 loss 0.0084 train 1.0000 test 0.1943
epoch 85/200 loss 0.0093 train 1.0000 test 0.1947
epoch 86/200 loss 0.0079 train 1.0000 test 0.1936
epoch 87/200 loss 0.0079 train 1.0000 test 0.1953
epoch 88/200 loss 0.0077 train 1.0000 test 0.1969
epoch 89/200 loss 0.0078 train 1.0000 test 0.1976
epoch 90/200 loss 0.0081 train 1.0000 test 0.1987
epoch 91/200 loss 0.0092 train 1.0000 test 0.1967
epoch 92/200 loss 0.0076 train 1.0000 test 0.1966
epoch 93/200 loss 0.0069 train 1.0000 test 0.1955
epoch 94/200 loss 0.0083 train 1.0000 test 0.1965
epoch 95/200 loss 0.0087 train 1.0000 test 0.1970
epoch 96/200 loss 0.0076 train 1.0000 test 0.1965
epoch 97/200 loss 0.0081 train 1.0000 test 0.1976
epoch 98/200 loss 0.0075 train 1.0000 test 0.1986
epoch 99/200 loss 0.0074 train 1.0000 test 0.1978
epoch 100/200 loss 0.0068 train 1.0000 test 0.1995
epoch 101/200 loss 0.0074 train 1.0000 test 0.1987
epoch 102/200 loss 0.0080 train 1.0000 test 0.1997
epoch 103/200 loss 0.0073 train 1.0000 test 0.1990
epoch 104/200 loss 0.0076 train 1.0000 test 0.1987
epoch 105/200 loss 0.0085 train 1.0000 test 0.1978
epoch 106/200 loss 0.0079 train 1.0000 test 0.1974
epoch 107/200 loss 0.0076 train 1.0000 test 0.1967
epoch 108/200 loss 0.0066 train 1.0000 test 0.1958
epoch 109/200 loss 0.0070 train 1.0000 test 0.1986
epoch 110/200 loss 0.0072 train 1.0000 test 0.1981
epoch 111/200 loss 0.0072 train 1.0000 test 0.1977
epoch 112/200 loss 0.0079 train 1.0000 test 0.1974
epoch 113/200 loss 0.0071 train 1.0000 test 0.1987
epoch 114/200 loss 0.0091 train 1.0000 test 0.1987
epoch 115/200 loss 0.0080 train 1.0000 test 0.1982
epoch 116/200 loss 0.0071 train 1.0000 test 0.1981
epoch 117/200 loss 0.0073 train 1.0000 test 0.1972
epoch 118/200 loss 0.0084 train 1.0000 test 0.1981
epoch 119/200 loss 0.0070 train 1.0000 test 0.1945
epoch 120/200 loss 0.0075 train 1.0000 test 0.1984
epoch 121/200 loss 0.0077 train 1.0000 test 0.1987
epoch 122/200 loss 0.0071 train 1.0000 test 0.1986
epoch 123/200 loss 0.0078 train 1.0000 test 0.1990
epoch 124/200 loss 0.0072 train 1.0000 test 0.1985
epoch 125/200 loss 0.0073 train 1.0000 test 0.1963
epoch 126/200 loss 0.0068 train 1.0000 test 0.1986
epoch 127/200 loss 0.0074 train 1.0000 test 0.1985
epoch 128/200 loss 0.0072 train 1.0000 test 0.1981
epoch 129/200 loss 0.0078 train 1.0000 test 0.1988
epoch 130/200 loss 0.0069 train 1.0000 test 0.1990
epoch 131/200 loss 0.0071 train 1.0000 test 0.1974
epoch 132/200 loss 0.0073 train 1.0000 test 0.1976
epoch 133/200 loss 0.0076 train 1.0000 test 0.1981
epoch 134/200 loss 0.0072 train 1.0000 test 0.1999
epoch 135/200 loss 0.0079 train 1.0000 test 0.1987
epoch 136/200 loss 0.0078 train 1.0000 test 0.1986
epoch 137/200 loss 0.0073 train 1.0000 test 0.1991
epoch 138/200 loss 0.0086 train 1.0000 test 0.1998
epoch 139/200 loss 0.0074 train 1.0000 test 0.1989
epoch 140/200 loss 0.0074 train 1.0000 test 0.1997
epoch 141/200 loss 0.0074 train 1.0000 test 0.1991
epoch 142/200 loss 0.0074 train 1.0000 test 0.2001
epoch 143/200 loss 0.0075 train 1.0000 test 0.1992
epoch 144/200 loss 0.0071 train 1.0000 test 0.1999
epoch 145/200 loss 0.0067 train 1.0000 test 0.1993
epoch 146/200 loss 0.0067 train 1.0000 test 0.1994
epoch 147/200 loss 0.0069 train 1.0000 test 0.1986
epoch 148/200 loss 0.0070 train 1.0000 test 0.1996
epoch 149/200 loss 0.0067 train 1.0000 test 0.1996
epoch 150/200 loss 0.0073 train 1.0000 test 0.2009
epoch 151/200 loss 0.0070 train 1.0000 test 0.2003
epoch 152/200 loss 0.0074 train 1.0000 test 0.1996
epoch 153/200 loss 0.0072 train 1.0000 test 0.1999
epoch 154/200 loss 0.0070 train 1.0000 test 0.2002
epoch 155/200 loss 0.0070 train 1.0000 test 0.1996
epoch 156/200 loss 0.0080 train 1.0000 test 0.1998
epoch 157/200 loss 0.0079 train 1.0000 test 0.2003
epoch 158/200 loss 0.0070 train 1.0000 test 0.1996
epoch 159/200 loss 0.0071 train 1.0000 test 0.1996
epoch 160/200 loss 0.0076 train 1.0000 test 0.1988
epoch 161/200 loss 0.0069 train 1.0000 test 0.1993
epoch 162/200 loss 0.0075 train 1.0000 test 0.1980
epoch 163/200 loss 0.0072 train 1.0000 test 0.1995
epoch 164/200 loss 0.0070 train 1.0000 test 0.1992
epoch 165/200 loss 0.0074 train 1.0000 test 0.1987
epoch 166/200 loss 0.0075 train 1.0000 test 0.1993
epoch 167/200 loss 0.0074 train 1.0000 test 0.1991
epoch 168/200 loss 0.0075 train 1.0000 test 0.1988
epoch 169/200 loss 0.0079 train 1.0000 test 0.1989
epoch 170/200 loss 0.0079 train 1.0000 test 0.1985
epoch 171/200 loss 0.0076 train 1.0000 test 0.1991
epoch 172/200 loss 0.0074 train 1.0000 test 0.1980
epoch 173/200 loss 0.0074 train 1.0000 test 0.1990
epoch 174/200 loss 0.0072 train 1.0000 test 0.1999
epoch 175/200 loss 0.0074 train 1.0000 test 0.1990
epoch 176/200 loss 0.0081 train 1.0000 test 0.1983
epoch 177/200 loss 0.0069 train 1.0000 test 0.1981
epoch 178/200 loss 0.0073 train 1.0000 test 0.1977
epoch 179/200 loss 0.0073 train 1.0000 test 0.1970
epoch 180/200 loss 0.0073 train 1.0000 test 0.1991
epoch 181/200 loss 0.0071 train 1.0000 test 0.1989
epoch 182/200 loss 0.0075 train 1.0000 test 0.1977
epoch 183/200 loss 0.0070 train 1.0000 test 0.1987
epoch 184/200 loss 0.0069 train 1.0000 test 0.1978
epoch 185/200 loss 0.0071 train 1.0000 test 0.1997
epoch 186/200 loss 0.0080 train 1.0000 test 0.1996
epoch 187/200 loss 0.0073 train 1.0000 test 0.1989
epoch 188/200 loss 0.0068 train 1.0000 test 0.1987
epoch 189/200 loss 0.0076 train 1.0000 test 0.1996
epoch 190/200 loss 0.0073 train 1.0000 test 0.1991
epoch 191/200 loss 0.0073 train 1.0000 test 0.1997
epoch 192/200 loss 0.0071 train 1.0000 test 0.1992
epoch 193/200 loss 0.0077 train 1.0000 test 0.1995
epoch 194/200 loss 0.0074 train 1.0000 test 0.1998
epoch 195/200 loss 0.0072 train 1.0000 test 0.1984
epoch 196/200 loss 0.0074 train 1.0000 test 0.1978
epoch 197/200 loss 0.0070 train 1.0000 test 0.1980
epoch 198/200 loss 0.0074 train 1.0000 test 0.1990
epoch 199/200 loss 0.0075 train 1.0000 test 0.1987
epoch 200/200 loss 0.0069 train 1.0000 test 0.1999
done: final 0.1999 best 0.2009 -> ./runs/enste_3pct/seed1
stem calibrated (True) on 1024 images
[enste_3pct seed2] {"params_trainable": 11225316, "params_stem_trainable": 0, "params_stem_fixed_filters": 5808, "flops_total": 568109100, "flops_stem": 6094892, "flops_image_size": 32}
epoch 1/200 loss 4.6504 train 0.0085 test 0.0198
epoch 2/200 loss 4.4755 train 0.0277 test 0.0383
epoch 3/200 loss 4.2701 train 0.0504 test 0.0425
epoch 4/200 loss 4.1153 train 0.0632 test 0.0513
epoch 5/200 loss 4.0430 train 0.0724 test 0.0564
epoch 6/200 loss 3.9263 train 0.0902 test 0.0720
epoch 7/200 loss 3.8037 train 0.1051 test 0.0801
epoch 8/200 loss 3.7355 train 0.1229 test 0.0812
epoch 9/200 loss 3.6106 train 0.1477 test 0.0954
epoch 10/200 loss 3.5651 train 0.1491 test 0.0876
epoch 11/200 loss 3.4922 train 0.1612 test 0.0956
epoch 12/200 loss 3.4421 train 0.1484 test 0.0962
epoch 13/200 loss 3.3572 train 0.1839 test 0.1027
epoch 14/200 loss 3.2822 train 0.1875 test 0.0946
epoch 15/200 loss 3.2506 train 0.1982 test 0.1136
epoch 16/200 loss 3.2321 train 0.1854 test 0.1153
epoch 17/200 loss 3.1396 train 0.2230 test 0.1007
epoch 18/200 loss 3.0077 train 0.2436 test 0.1243
epoch 19/200 loss 2.9614 train 0.2472 test 0.1261
epoch 20/200 loss 2.8881 train 0.2592 test 0.1247
epoch 21/200 loss 2.8153 train 0.2805 test 0.1285
epoch 22/200 loss 2.7120 train 0.2947 test 0.1336
epoch 23/200 loss 2.6431 train 0.3139 test 0.1306
epoch 24/200 loss 2.5991 train 0.3217 test 0.1245
epoch 25/200 loss 2.5720 train 0.3274 test 0.1136
epoch 26/200 loss 2.5304 train 0.3295 test 0.1272
epoch 27/200 loss 2.4247 train 0.3594 test 0.1164
epoch 28/200 loss 2.3255 train 0.3807 test 0.1390
epoch 29/200 loss 2.2478 train 0.4013 test 0.1248
epoch 30/200 loss 2.2178 train 0.3970 test 0.1313
epoch 31/200 loss 2.0947 train 0.4425 test 0.1242
epoch 32/200 loss 2.0487 train 0.4460 test 0.1506
epoch 33/200 loss 2.0232 train 0.4517 test 0.1465
epoch 34/200 loss 1.9463 train 0.4616 test 0.1324
epoch 35/200 loss 1.7993 train 0.4979 test 0.1508
epoch 36/200 loss 1.6836 train 0.5419 test 0.1448
epoch 37/200 loss 1.6726 train 0.5362 test 0.1293
epoch 38/200 loss 1.5506 train 0.5568 test 0.1613
epoch 39/200 loss 1.4621 train 0.6037 test 0.1510
epoch 40/200 loss 1.3561 train 0.6179 test 0.1509
epoch 41/200 loss 1.2119 train 0.6562 test 0.1495
epoch 42/200 loss 1.1463 train 0.6804 test 0.1467
epoch 43/200 loss 1.1399 train 0.6875 test 0.1506
epoch 44/200 loss 1.0942 train 0.6818 test 0.1480
epoch 45/200 loss 0.9637 train 0.7294 test 0.1570
epoch 46/200 loss 0.9072 train 0.7479 test 0.1447
epoch 47/200 loss 0.8102 train 0.7727 test 0.1567
epoch 48/200 loss 0.7677 train 0.7805 test 0.1536
epoch 49/200 loss 0.7160 train 0.8047 test 0.1436
epoch 50/200 loss 0.7202 train 0.7933 test 0.1464
epoch 51/200 loss 0.6594 train 0.8175 test 0.1541
epoch 52/200 loss 0.5293 train 0.8636 test 0.1531
epoch 53/200 loss 0.4555 train 0.8750 test 0.1574
epoch 54/200 loss 0.4004 train 0.8963 test 0.1751
epoch 55/200 loss 0.3816 train 0.9006 test 0.1573
epoch 56/200 loss 0.3505 train 0.9176 test 0.1705
epoch 57/200 loss 0.3099 train 0.9311 test 0.1701
epoch 58/200 loss 0.2707 train 0.9403 test 0.1538
epoch 59/200 loss 0.2636 train 0.9332 test 0.1558
epoch 60/200 loss 0.1974 train 0.9545 test 0.1691
epoch 61/200 loss 0.1994 train 0.9567 test 0.1774
epoch 62/200 loss 0.1647 train 0.9673 test 0.1698
epoch 63/200 loss 0.1618 train 0.9652 test 0.1775
epoch 64/200 loss 0.1439 train 0.9673 test 0.1757
epoch 65/200 loss 0.1018 train 0.9837 test 0.1811
epoch 66/200 loss 0.0904 train 0.9837 test 0.1808
epoch 67/200 loss 0.0724 train 0.9908 test 0.1786
epoch 68/200 loss 0.0606 train 0.9915 test 0.1814
epoch 69/200 loss 0.0448 train 0.9972 test 0.1891
epoch 70/200 loss 0.0337 train 0.9972 test 0.1944
epoch 71/200 loss 0.0237 train 0.9993 test 0.1914
epoch 72/200 loss 0.0212 train 0.9993 test 0.1939
epoch 73/200 loss 0.0171 train 1.0000 test 0.1951
epoch 74/200 loss 0.0155 train 1.0000 test 0.1965
epoch 75/200 loss 0.0137 train 1.0000 test 0.1985
epoch 76/200 loss 0.0117 train 1.0000 test 0.1995
epoch 77/200 loss 0.0112 train 1.0000 test 0.1989
epoch 78/200 loss 0.0118 train 1.0000 test 0.2020
epoch 79/200 loss 0.0119 train 0.9993 test 0.2035
epoch 80/200 loss 0.0098 train 1.0000 test 0.2039
epoch 81/200 loss 0.0105 train 1.0000 test 0.2013
epoch 82/200 loss 0.0099 train 1.0000 test 0.2012
epoch 83/200 loss 0.0092 train 1.0000 test 0.2013
epoch 84/200 loss 0.0104 train 1.0000 test 0.2036
epoch 85/200 loss 0.0085 train 1.0000 test 0.2019
epoch 86/200 loss 0.0091 train 1.0000 test 0.2022
epoch 87/200 loss 0.0079 train 1.0000 test 0.2041
epoch 88/200 loss 0.0099 train 1.0000 test 0.2067
epoch 89/200 loss 0.0082 train 1.0000 test 0.2060
epoch 90/200 loss 0.0090 train 1.0000 test 0.2028
epoch 91/200 loss 0.0081 train 1.0000 test 0.2024
epoch 92/200 loss 0.0096 train 1.0000 test 0.2025
epoch 93/200 loss 0.0093 train 1.0000 test 0.2062
epoch 94/200 loss 0.0085 train 1.0000 test 0.2041
epoch 95/200 loss 0.0100 train 1.0000 test 0.2035
epoch 96/200 loss 0.0080 train 1.0000 test 0.2010
epoch 97/200 loss 0.0085 train 1.0000 test 0.2046
epoch 98/200 loss 0.0093 train 1.0000 test 0.2026
epoch 99/200 loss 0.0089 train 1.0000 test 0.2022
epoch 100/200 loss 0.0082 train 1.0000 test 0.2027
epoch 101/200 loss 0.0081 train 1.0000 test 0.2042
epoch 102/200 loss 0.0087 train 1.0000 test 0.2040
epoch 103/200 loss 0.0074 train 1.0000 test 0.2035
epoch 104/200 loss 0.0078 train 1.0000 test 0.2043
epoch 105/200 loss 0.0078 train 1.0000 test 0.2044
epoch 106/200 loss 0.0078 train 1.0000 test 0.2065
epoch 107/200 loss 0.0076 train 1.0000 test 0.2046
epoch 108/200 loss 0.0079 train 1.0000 test 0.2042
epoch 109/200 loss 0.0069 train 1.0000 test 0.2045
epoch 110/200 loss 0.0074 train 1.0000 test 0.2051
epoch 111/200 loss 0.0077 train 1.0000 test 0.2039
epoch 112/200 loss 0.0088 train 1.0000 test 0.2041
epoch 113/200 loss 0.0073 train 1.0000 test 0.2050
epoch 114/200 loss 0.0080 train 1.0000 test 0.2050
epoch 115/200 loss 0.0077 train 1.0000 test 0.2044
epoch 116/200 loss 0.0086 train 1.0000 test 0.2049
epoch 117/200 loss 0.0079 train 1.0000 test 0.2049
epoch 118/200 loss 0.0082 train 1.0000 test 0.2042
epoch 119/200 loss 0.0077 train 1.0000 test 0.2032
epoch 120/200 loss 0.0082 train 1.0000 test 0.2038
epoch 121/200 loss 0.0079 train 1.0000 test 0.2043
epoch 122/200 loss 0.0078 train 1.0000 test 0.2051
epoch 123/200 loss 0.0077 train 1.0000 test 0.2054
epoch 124/200 loss 0.0079 train 1.0000 test 0.2035
epoch 125/200 loss 0.0082 train 1.0000 test 0.2026
epoch 126/200 loss 0.0077 train 1.0000 test 0.2044
epoch 127/200 loss 0.0074 train 1.0000 test 0.2038
epoch 128/200 loss 0.0078 train 1.0000 test 0.2039
epoch 129/200 loss 0.0082 train 1.0000 test 0.2031
epoch 130/200 loss 0.0075 train 1.0000 test 0.2029
epoch 131/200 loss 0.0073 train 1.0000 test 0.2039
epoch 132/200 loss 0.0078 train 1.0000 test 0.2041
epoch 133/200 loss 0.0072 train 1.0000 test 0.2049
epoch 134/200 loss 0.0085 train 1.0000 test 0.2048
epoch 135/200 loss 0.0074 train 1.0000 test 0.2035
epoch 136/200 loss 0.0078 train 1.0000 test 0.2036
epoch 137/200 loss 0.0082 train 1.0000 test 0.2032
epoch 138/200 loss 0.0072 train 1.0000 test 0.2042
epoch 139/200 loss 0.0081 train 1.0000 test 0.2025
epoch 140/200 loss 0.0076 train 1.0000 test 0.2049
epoch 141/200 loss 0.0070 train 1.0000 test 0.2045
epoch 142/200 loss 0.0077 train 1.0000 test 0.2045
epoch 143/200 loss 0.0078 train 1.0000 test 0.2041
epoch 144/200 loss 0.0080 train 1.0000 test 0.2049
epoch 145/200 loss 0.0077 train 1.0000 test 0.2044
epoch 146/200 loss 0.0076 train 1.0000 test 0.2042
epoch 147/200 loss 0.0075 train 1.0000 test 0.2043
epoch 148/200 loss 0.0075 train 1.0000 test 0.2039
epoch 149/200 loss 0.0072 train 1.0000 test 0.2037
epoch 150/200 loss 0.0074 train 1.0000 test 0.2037
epoch 151/200 loss 0.0072 train 1.0000 test 0.2030
epoch 152/200 loss 0.0081 train 1.0000 test 0.2045
epoch 153/200 loss 0.0075 train 1.0000 test 0.2049
epoch 154/200 loss 0.0074 train 1.0000 test 0.2041
epoch 155/200 loss 0.0077 train 1.0000 test 0.2030
epoch 156/200 loss 0.0073 train 1.0000 test 0.2046
epoch 157/200 loss 0.0074 train 1.0000 test 0.2049
epoch 158/200 loss 0.0076 train 1.0000 test 0.2046
epoch 159/200 loss 0.0074 train 1.0000 test 0.2043
epoch 160/200 loss 0.0076 train 1.0000 test 0.2037
epoch 161/200 loss 0.0077 train 1.0000 test 0.2037
epoch 162/200 loss 0.0077 train 1.0000 test 0.2047
epoch 163/200 loss 0.0077 train 1.0000 test 0.2037
epoch 164/200 loss 0.0084 train 1.0000 test 0.2039
epoch 165/200 loss 0.0074 train 1.0000 test 0.2053
epoch 166/200 loss 0.0074 train 1.0000 test 0.2051
epoch 167/200 loss 0.0074 train 1.0000 test 0.2046
epoch 168/200 loss 0.0070 train 1.0000 test 0.2038
epoch 169/200 loss 0.0072 train 1.0000 test 0.2048
epoch 170/200 loss 0.0085 train 1.0000 test 0.2032
epoch 171/200 loss 0.0079 train 1.0000 test 0.2042
epoch 172/200 loss 0.0069 train 1.0000 test 0.2038
epoch 173/200 loss 0.0073 train 1.0000 test 0.2032
epoch 174/200 loss 0.0072 train 1.0000 test 0.2036
epoch 175/200 loss 0.0077 train 1.0000 test 0.2040
epoch 176/200 loss 0.0080 train 1.0000 test 0.2038
epoch 177/200 loss 0.0073 train 1.0000 test 0.2036
epoch 178/200 loss 0.0076 train 1.0000 test 0.2038
epoch 179/200 loss 0.0074 train 1.0000 test 0.2034
epoch 180/200 loss 0.0073 train 1.0000 test 0.2046
epoch 181/200 loss 0.0072 train 1.0000 test 0.2039
epoch 182/200 loss 0.0076 train 1.0000 test 0.2030
epoch 183/200 loss 0.0082 train 1.0000 test 0.2040
epoch 184/200 loss 0.0073 train 1.0000 test 0.2037
epoch 185/200 loss 0.0071 train 1.0000 test 0.2041
epoch 186/200 loss 0.0080 train 1.0000 test 0.2042
epoch 187/200 loss 0.0070 train 1.0000 test 0.2041
epoch 188/200 loss 0.0077 train 1.0000 test 0.2040
epoch 189/200 loss 0.0077 train 1.0000 test 0.2032
epoch 190/200 loss 0.0078 train 1.0000 test 0.2037
epoch 191/200 loss 0.0074 train 1.0000 test 0.2038
epoch 192/200 loss 0.0075 train 1.0000 test 0.2044
epoch 193/200 loss 0.0080 train 1.0000 test 0.2042
epoch 194/200 loss 0.0081 train 1.0000 test 0.2044
epoch 195/200 loss 0.0076 train 1.0000 test 0.2045
epoch 196/200 loss 0.0074 train 1.0000 test 0.2042
epoch 197/200 loss 0.0076 train 1.0000 test 0.2041
epoch 198/200 loss 0.0082 train 1.0000 test 0.2042
epoch 199/200 loss 0.0068 train 1.0000 test 0.2040
epoch 200/200 loss 0.0076 train 1.0000 test 0.2038
done: final 0.2038 best 0.2067 -> ./runs/enste_3pct/seed2
ENSTE_3PCT_DONE
stem calibrated (True) on 1024 images
[enste_7pct seed0] {"params_trainable": 11225316, "params_stem_trainable": 0, "params_stem_fixed_filters": 5808, "flops_total": 568109100, "flops_stem": 6094892, "flops_image_size": 32}
epoch 1/200 loss 4.5898 train 0.0237 test 0.0378
epoch 2/200 loss 4.2554 train 0.0515 test 0.0670
epoch 3/200 loss 4.0655 train 0.0781 test 0.0814
epoch 4/200 loss 3.9153 train 0.1068 test 0.0818
epoch 5/200 loss 3.7700 train 0.1288 test 0.1035
epoch 6/200 loss 3.6689 train 0.1296 test 0.1082
epoch 7/200 loss 3.5639 train 0.1510 test 0.0983
epoch 8/200 loss 3.4834 train 0.1600 test 0.1265
epoch 9/200 loss 3.4164 train 0.1811 test 0.1233
epoch 10/200 loss 3.3078 train 0.1892 test 0.1110
epoch 11/200 loss 3.2190 train 0.2063 test 0.1158
epoch 12/200 loss 3.1684 train 0.2130 test 0.1443
epoch 13/200 loss 3.0847 train 0.2303 test 0.1440
epoch 14/200 loss 3.0377 train 0.2350 test 0.1486
epoch 15/200 loss 2.9465 train 0.2549 test 0.1555
epoch 16/200 loss 2.8627 train 0.2763 test 0.1713
epoch 17/200 loss 2.7718 train 0.2867 test 0.1712
epoch 18/200 loss 2.6825 train 0.3058 test 0.1796
epoch 19/200 loss 2.6388 train 0.3180 test 0.1883
epoch 20/200 loss 2.5832 train 0.3258 test 0.1977
epoch 21/200 loss 2.4525 train 0.3524 test 0.1725
epoch 22/200 loss 2.4272 train 0.3579 test 0.1935
epoch 23/200 loss 2.2903 train 0.3860 test 0.1949
epoch 24/200 loss 2.2280 train 0.3987 test 0.1734
epoch 25/200 loss 2.1781 train 0.4045 test 0.2101
epoch 26/200 loss 2.0637 train 0.4413 test 0.2225
epoch 27/200 loss 1.9651 train 0.4690 test 0.1944
epoch 28/200 loss 1.8690 train 0.4780 test 0.2200
epoch 29/200 loss 1.8456 train 0.4716 test 0.2000
epoch 30/200 loss 1.7229 train 0.5119 test 0.2075
epoch 31/200 loss 1.6374 train 0.5394 test 0.2085
epoch 32/200 loss 1.5553 train 0.5454 test 0.2182
epoch 33/200 loss 1.4337 train 0.5859 test 0.2121
epoch 34/200 loss 1.3881 train 0.6059 test 0.2077
epoch 35/200 loss 1.3371 train 0.6123 test 0.1985
epoch 36/200 loss 1.2820 train 0.6247 test 0.2279
epoch 37/200 loss 1.1423 train 0.6600 test 0.2288
epoch 38/200 loss 1.0495 train 0.6892 test 0.2380
epoch 39/200 loss 1.0070 train 0.7023 test 0.2309
epoch 40/200 loss 0.9448 train 0.7228 test 0.2263
epoch 41/200 loss 0.8289 train 0.7471 test 0.2126
epoch 42/200 loss 0.7733 train 0.7610 test 0.2486
epoch 43/200 loss 0.6993 train 0.7905 test 0.2522
epoch 44/200 loss 0.6231 train 0.8128 test 0.2288
epoch 45/200 loss 0.6688 train 0.7957 test 0.2310
epoch 46/200 loss 0.6490 train 0.8047 test 0.2372
epoch 47/200 loss 0.5345 train 0.8461 test 0.2407
epoch 48/200 loss 0.4634 train 0.8655 test 0.2380
epoch 49/200 loss 0.4146 train 0.8773 test 0.2550
epoch 50/200 loss 0.3536 train 0.8981 test 0.2265
epoch 51/200 loss 0.3341 train 0.9028 test 0.2594
epoch 52/200 loss 0.2983 train 0.9074 test 0.2497
epoch 53/200 loss 0.2814 train 0.9184 test 0.2323
epoch 54/200 loss 0.2779 train 0.9190 test 0.2403
epoch 55/200 loss 0.2284 train 0.9358 test 0.2529
epoch 56/200 loss 0.2239 train 0.9378 test 0.2482
epoch 57/200 loss 0.2102 train 0.9439 test 0.2499
epoch 58/200 loss 0.1540 train 0.9612 test 0.2587
epoch 59/200 loss 0.1442 train 0.9606 test 0.2549
epoch 60/200 loss 0.1291 train 0.9661 test 0.2507
epoch 61/200 loss 0.1257 train 0.9679 test 0.2601
epoch 62/200 loss 0.0833 train 0.9823 test 0.2759
epoch 63/200 loss 0.0823 train 0.9800 test 0.2772
epoch 64/200 loss 0.0705 train 0.9850 test 0.2794
epoch 65/200 loss 0.0619 train 0.9905 test 0.2693
epoch 66/200 loss 0.0463 train 0.9913 test 0.2728
epoch 67/200 loss 0.0325 train 0.9959 test 0.2893
epoch 68/200 loss 0.0322 train 0.9951 test 0.2886
epoch 69/200 loss 0.0279 train 0.9968 test 0.2816
epoch 70/200 loss 0.0208 train 0.9974 test 0.2974
epoch 71/200 loss 0.0233 train 0.9971 test 0.3011
epoch 72/200 loss 0.0243 train 0.9971 test 0.2892
epoch 73/200 loss 0.0336 train 0.9951 test 0.2920
epoch 74/200 loss 0.0236 train 0.9962 test 0.2972
epoch 75/200 loss 0.0144 train 0.9988 test 0.3026
epoch 76/200 loss 0.0100 train 0.9994 test 0.3047
epoch 77/200 loss 0.0095 train 0.9997 test 0.3018
epoch 78/200 loss 0.0108 train 0.9991 test 0.3067
epoch 79/200 loss 0.0088 train 1.0000 test 0.3089
epoch 80/200 loss 0.0076 train 1.0000 test 0.3113
epoch 81/200 loss 0.0075 train 1.0000 test 0.3056
epoch 82/200 loss 0.0074 train 1.0000 test 0.3071
epoch 83/200 loss 0.0068 train 1.0000 test 0.3101
epoch 84/200 loss 0.0064 train 1.0000 test 0.3110
epoch 85/200 loss 0.0059 train 1.0000 test 0.3113
epoch 86/200 loss 0.0064 train 1.0000 test 0.3105
epoch 87/200 loss 0.0064 train 1.0000 test 0.3120
epoch 88/200 loss 0.0062 train 1.0000 test 0.3124
epoch 89/200 loss 0.0066 train 1.0000 test 0.3119
epoch 90/200 loss 0.0072 train 1.0000 test 0.3122
epoch 91/200 loss 0.0064 train 1.0000 test 0.3108
epoch 92/200 loss 0.0069 train 1.0000 test 0.3143
epoch 93/200 loss 0.0067 train 1.0000 test 0.3134
epoch 94/200 loss 0.0069 train 1.0000 test 0.3118
epoch 95/200 loss 0.0071 train 1.0000 test 0.3120
epoch 96/200 loss 0.0071 train 1.0000 test 0.3119
epoch 97/200 loss 0.0072 train 1.0000 test 0.3139
epoch 98/200 loss 0.0068 train 1.0000 test 0.3131
epoch 99/200 loss 0.0070 train 1.0000 test 0.3145
epoch 100/200 loss 0.0071 train 1.0000 test 0.3135
epoch 101/200 loss 0.0072 train 1.0000 test 0.3142
epoch 102/200 loss 0.0073 train 1.0000 test 0.3107
epoch 103/200 loss 0.0074 train 1.0000 test 0.3128
epoch 104/200 loss 0.0070 train 1.0000 test 0.3156
epoch 105/200 loss 0.0068 train 1.0000 test 0.3158
epoch 106/200 loss 0.0069 train 1.0000 test 0.3154
epoch 107/200 loss 0.0069 train 1.0000 test 0.3145
epoch 108/200 loss 0.0072 train 1.0000 test 0.3143
epoch 109/200 loss 0.0073 train 1.0000 test 0.3132
epoch 110/200 loss 0.0072 train 1.0000 test 0.3142
epoch 111/200 loss 0.0077 train 1.0000 test 0.3159
epoch 112/200 loss 0.0078 train 1.0000 test 0.3137
epoch 113/200 loss 0.0072 train 1.0000 test 0.3166
epoch 114/200 loss 0.0071 train 1.0000 test 0.3124
epoch 115/200 loss 0.0072 train 1.0000 test 0.3144
epoch 116/200 loss 0.0071 train 1.0000 test 0.3114
epoch 117/200 loss 0.0072 train 1.0000 test 0.3146
epoch 118/200 loss 0.0072 train 1.0000 test 0.3128
epoch 119/200 loss 0.0074 train 1.0000 test 0.3136
epoch 120/200 loss 0.0071 train 1.0000 test 0.3134
epoch 121/200 loss 0.0070 train 1.0000 test 0.3145
epoch 122/200 loss 0.0069 train 1.0000 test 0.3151
epoch 123/200 loss 0.0074 train 1.0000 test 0.3147
epoch 124/200 loss 0.0073 train 1.0000 test 0.3150
epoch 125/200 loss 0.0072 train 1.0000 test 0.3120
epoch 126/200 loss 0.0072 train 1.0000 test 0.3145
epoch 127/200 loss 0.0069 train 1.0000 test 0.3146
epoch 128/200 loss 0.0069 train 1.0000 test 0.3135
epoch 129/200 loss 0.0068 train 1.0000 test 0.3141
epoch 130/200 loss 0.0067 train 1.0000 test 0.3150
epoch 131/200 loss 0.0073 train 1.0000 test 0.3152
epoch 132/200 loss 0.0072 train 1.0000 test 0.3162
epoch 133/200 loss 0.0070 train 1.0000 test 0.3146
epoch 134/200 loss 0.0069 train 1.0000 test 0.3134
epoch 135/200 loss 0.0069 train 1.0000 test 0.3150
epoch 136/200 loss 0.0066 train 1.0000 test 0.3134
epoch 137/200 loss 0.0066 train 1.0000 test 0.3134
epoch 138/200 loss 0.0068 train 1.0000 test 0.3142
epoch 139/200 loss 0.0070 train 1.0000 test 0.3153
epoch 140/200 loss 0.0070 train 1.0000 test 0.3143
epoch 141/200 loss 0.0070 train 1.0000 test 0.3149
epoch 142/200 loss 0.0065 train 1.0000 test 0.3157
epoch 143/200 loss 0.0067 train 1.0000 test 0.3164
epoch 144/200 loss 0.0068 train 1.0000 test 0.3140
epoch 145/200 loss 0.0069 train 1.0000 test 0.3127
epoch 146/200 loss 0.0068 train 1.0000 test 0.3149
epoch 147/200 loss 0.0065 train 1.0000 test 0.3139
epoch 148/200 loss 0.0067 train 1.0000 test 0.3137
epoch 149/200 loss 0.0068 train 1.0000 test 0.3124
epoch 150/200 loss 0.0068 train 1.0000 test 0.3129
epoch 151/200 loss 0.0064 train 1.0000 test 0.3152
epoch 152/200 loss 0.0066 train 1.0000 test 0.3148
epoch 153/200 loss 0.0067 train 1.0000 test 0.3145
epoch 154/200 loss 0.0067 train 1.0000 test 0.3166
epoch 155/200 loss 0.0064 train 1.0000 test 0.3152
epoch 156/200 loss 0.0064 train 1.0000 test 0.3143
epoch 157/200 loss 0.0070 train 1.0000 test 0.3162
epoch 158/200 loss 0.0070 train 1.0000 test 0.3145
epoch 159/200 loss 0.0064 train 1.0000 test 0.3147
epoch 160/200 loss 0.0062 train 1.0000 test 0.3152
epoch 161/200 loss 0.0064 train 1.0000 test 0.3166
epoch 162/200 loss 0.0063 train 1.0000 test 0.3138
epoch 163/200 loss 0.0064 train 1.0000 test 0.3165
epoch 164/200 loss 0.0065 train 1.0000 test 0.3146
epoch 165/200 loss 0.0063 train 1.0000 test 0.3174
epoch 166/200 loss 0.0065 train 1.0000 test 0.3155
epoch 167/200 loss 0.0063 train 1.0000 test 0.3157
epoch 168/200 loss 0.0065 train 1.0000 test 0.3143
epoch 169/200 loss 0.0064 train 1.0000 test 0.3169
epoch 170/200 loss 0.0066 train 1.0000 test 0.3153
epoch 171/200 loss 0.0064 train 1.0000 test 0.3146
epoch 172/200 loss 0.0066 train 1.0000 test 0.3158
epoch 173/200 loss 0.0063 train 1.0000 test 0.3146
epoch 174/200 loss 0.0065 train 1.0000 test 0.3152
epoch 175/200 loss 0.0064 train 1.0000 test 0.3161
epoch 176/200 loss 0.0065 train 1.0000 test 0.3153
epoch 177/200 loss 0.0064 train 1.0000 test 0.3146
epoch 178/200 loss 0.0065 train 1.0000 test 0.3138
epoch 179/200 loss 0.0064 train 1.0000 test 0.3153
epoch 180/200 loss 0.0064 train 1.0000 test 0.3164
epoch 181/200 loss 0.0065 train 1.0000 test 0.3154
epoch 182/200 loss 0.0064 train 1.0000 test 0.3168
epoch 183/200 loss 0.0063 train 1.0000 test 0.3156
epoch 184/200 loss 0.0062 train 1.0000 test 0.3159
epoch 185/200 loss 0.0064 train 1.0000 test 0.3156
epoch 186/200 loss 0.0063 train 1.0000 test 0.3165
epoch 187/200 loss 0.0065 train 1.0000 test 0.3152
epoch 188/200 loss 0.0067 train 1.0000 test 0.3154
epoch 189/200 loss 0.0064 train 1.0000 test 0.3153
epoch 190/200 loss 0.0064 train 1.0000 test 0.3162
epoch 191/200 loss 0.0065 train 1.0000 test 0.3163
epoch 192/200 loss 0.0064 train 1.0000 test 0.3168
epoch 193/200 loss 0.0063 train 1.0000 test 0.3152
epoch 194/200 loss 0.0063 train 1.0000 test 0.3155
epoch 195/200 loss 0.0062 train 1.0000 test 0.3152
epoch 196/200 loss 0.0063 train 1.0000 test 0.3163
epoch 197/200 loss 0.0064 train 1.0000 test 0.3157
epoch 198/200 loss 0.0064 train 1.0000 test 0.3143
epoch 199/200 loss 0.0061 train 1.0000 test 0.3153
epoch 200/200 loss 0.0064 train 1.0000 test 0.3161
done: final 0.3161 best 0.3174 -> ./runs/enste_7pct/seed0
stem calibrated (True) on 1024 images
[enste_7pct seed1] {"params_trainable": 11225316, "params_stem_trainable": 0, "params_stem_fixed_filters": 5808, "flops_total": 568109100, "flops_stem": 6094892, "flops_image_size": 32}
epoch 1/200 loss 4.6146 train 0.0159 test 0.0377
epoch 2/200 loss 4.3179 train 0.0443 test 0.0595
epoch 3/200 loss 4.1074 train 0.0657 test 0.0726
epoch 4/200 loss 3.9756 train 0.0903 test 0.0813
epoch 5/200 loss 3.8175 train 0.1010 test 0.1003
epoch 6/200 loss 3.7210 train 0.1325 test 0.0932
epoch 7/200 loss 3.6074 train 0.1377 test 0.1165
epoch 8/200 loss 3.5206 train 0.1583 test 0.1202
epoch 9/200 loss 3.4265 train 0.1765 test 0.1295
epoch 10/200 loss 3.3386 train 0.1878 test 0.1323
epoch 11/200 loss 3.2876 train 0.1994 test 0.1342
epoch 12/200 loss 3.2285 train 0.1956 test 0.1363
epoch 13/200 loss 3.1443 train 0.2196 test 0.1532
epoch 14/200 loss 3.0520 train 0.2378 test 0.1692
epoch 15/200 loss 2.9967 train 0.2483 test 0.1435
epoch 16/200 loss 2.9198 train 0.2639 test 0.1641
epoch 17/200 loss 2.7924 train 0.2867 test 0.1401
epoch 18/200 loss 2.7875 train 0.2778 test 0.1641
epoch 19/200 loss 2.7248 train 0.3001 test 0.1738
epoch 20/200 loss 2.5971 train 0.3209 test 0.1900
epoch 21/200 loss 2.5387 train 0.3359 test 0.2030
epoch 22/200 loss 2.4174 train 0.3600 test 0.1875
epoch 23/200 loss 2.3931 train 0.3582 test 0.1971
epoch 24/200 loss 2.3057 train 0.3874 test 0.1817
epoch 25/200 loss 2.1521 train 0.4245 test 0.2079
epoch 26/200 loss 2.1034 train 0.4280 test 0.1849
epoch 27/200 loss 2.0484 train 0.4497 test 0.2064
epoch 28/200 loss 1.9389 train 0.4598 test 0.2118
epoch 29/200 loss 1.8790 train 0.4786 test 0.2133
epoch 30/200 loss 1.8010 train 0.4936 test 0.2187
epoch 31/200 loss 1.7140 train 0.5142 test 0.2106
epoch 32/200 loss 1.5831 train 0.5483 test 0.2308
epoch 33/200 loss 1.4990 train 0.5729 test 0.2207
epoch 34/200 loss 1.4326 train 0.5796 test 0.2241
epoch 35/200 loss 1.3640 train 0.6036 test 0.1775
epoch 36/200 loss 1.3030 train 0.6233 test 0.2049
epoch 37/200 loss 1.1886 train 0.6444 test 0.2304
epoch 38/200 loss 1.0756 train 0.6855 test 0.2067
epoch 39/200 loss 1.0036 train 0.6991 test 0.2216
epoch 40/200 loss 0.9352 train 0.7179 test 0.2399
epoch 41/200 loss 0.9009 train 0.7326 test 0.2275
epoch 42/200 loss 0.7548 train 0.7703 test 0.2238
epoch 43/200 loss 0.7700 train 0.7700 test 0.2092
epoch 44/200 loss 0.7881 train 0.7653 test 0.1987
epoch 45/200 loss 0.6887 train 0.7943 test 0.2329
epoch 46/200 loss 0.5465 train 0.8339 test 0.2519
epoch 47/200 loss 0.4804 train 0.8657 test 0.2231
epoch 48/200 loss 0.4135 train 0.8788 test 0.2342
epoch 49/200 loss 0.3796 train 0.8909 test 0.2406
epoch 50/200 loss 0.3224 train 0.9100 test 0.2171
epoch 51/200 loss 0.3037 train 0.9170 test 0.2584
epoch 52/200 loss 0.2712 train 0.9253 test 0.2473
epoch 53/200 loss 0.2627 train 0.9274 test 0.2441
epoch 54/200 loss 0.2643 train 0.9259 test 0.2291
epoch 55/200 loss 0.2179 train 0.9404 test 0.2485
epoch 56/200 loss 0.2233 train 0.9366 test 0.2358
epoch 57/200 loss 0.2801 train 0.9187 test 0.2544
epoch 58/200 loss 0.2763 train 0.9233 test 0.2378
epoch 59/200 loss 0.2402 train 0.9303 test 0.2378
epoch 60/200 loss 0.1985 train 0.9511 test 0.2506
epoch 61/200 loss 0.1741 train 0.9525 test 0.2447
epoch 62/200 loss 0.1552 train 0.9598 test 0.2530
epoch 63/200 loss 0.1313 train 0.9653 test 0.2674
epoch 64/200 loss 0.0908 train 0.9803 test 0.2641
epoch 65/200 loss 0.0805 train 0.9826 test 0.2726
epoch 66/200 loss 0.0610 train 0.9878 test 0.2695
epoch 67/200 loss 0.0417 train 0.9933 test 0.2832
epoch 68/200 loss 0.0294 train 0.9971 test 0.2867
epoch 69/200 loss 0.0227 train 0.9983 test 0.2909
epoch 70/200 loss 0.0163 train 0.9983 test 0.2958
epoch 71/200 loss 0.0144 train 0.9994 test 0.3015
epoch 72/200 loss 0.0139 train 0.9986 test 0.2965
epoch 73/200 loss 0.0151 train 0.9983 test 0.2971
epoch 74/200 loss 0.0163 train 0.9980 test 0.2921
epoch 75/200 loss 0.0199 train 0.9971 test 0.2899
epoch 76/200 loss 0.0168 train 0.9986 test 0.3012
epoch 77/200 loss 0.0236 train 0.9965 test 0.2813
epoch 78/200 loss 0.0318 train 0.9945 test 0.2829
epoch 79/200 loss 0.0312 train 0.9951 test 0.2849
epoch 80/200 loss 0.0201 train 0.9986 test 0.2841
epoch 81/200 loss 0.0132 train 0.9994 test 0.2929
epoch 82/200 loss 0.0165 train 0.9986 test 0.2912
epoch 83/200 loss 0.0155 train 0.9986 test 0.3030
epoch 84/200 loss 0.0135 train 0.9988 test 0.2959
epoch 85/200 loss 0.0101 train 0.9997 test 0.2978
epoch 86/200 loss 0.0079 train 1.0000 test 0.3076
epoch 87/200 loss 0.0069 train 1.0000 test 0.3060
epoch 88/200 loss 0.0067 train 1.0000 test 0.3066
epoch 89/200 loss 0.0070 train 0.9997 test 0.3056
epoch 90/200 loss 0.0068 train 1.0000 test 0.3052
epoch 91/200 loss 0.0070 train 1.0000 test 0.3043
epoch 92/200 loss 0.0067 train 1.0000 test 0.3069
epoch 93/200 loss 0.0068 train 1.0000 test 0.3048
epoch 94/200 loss 0.0063 train 1.0000 test 0.3079
epoch 95/200 loss 0.0065 train 1.0000 test 0.3050
epoch 96/200 loss 0.0066 train 1.0000 test 0.3052
epoch 97/200 loss 0.0067 train 1.0000 test 0.3054
epoch 98/200 loss 0.0066 train 1.0000 test 0.3057
epoch 99/200 loss 0.0077 train 1.0000 test 0.3061
epoch 100/200 loss 0.0072 train 1.0000 test 0.3042
epoch 101/200 loss 0.0069 train 1.0000 test 0.3066
epoch 102/200 loss 0.0073 train 1.0000 test 0.3077
epoch 103/200 loss 0.0072 train 1.0000 test 0.3060
epoch 104/200 loss 0.0070 train 1.0000 test 0.3071
epoch 105/200 loss 0.0071 train 1.0000 test 0.3064
epoch 106/200 loss 0.0075 train 1.0000 test 0.3072
epoch 107/200 loss 0.0070 train 1.0000 test 0.3070
epoch 108/200 loss 0.0069 train 1.0000 test 0.3076
epoch 109/200 loss 0.0069 train 1.0000 test 0.3073
epoch 110/200 loss 0.0069 train 1.0000 test 0.3076
epoch 111/200 loss 0.0069 train 1.0000 test 0.3069
epoch 112/200 loss 0.0072 train 1.0000 test 0.3069
epoch 113/200 loss 0.0072 train 1.0000 test 0.3069
epoch 114/200 loss 0.0072 train 1.0000 test 0.3083
epoch 115/200 loss 0.0075 train 1.0000 test 0.3071
epoch 116/200 loss 0.0073 train 1.0000 test 0.3092
epoch 117/200 loss 0.0073 train 1.0000 test 0.3081
epoch 118/200 loss 0.0073 train 1.0000 test 0.3099
epoch 119/200 loss 0.0071 train 1.0000 test 0.3096
epoch 120/200 loss 0.0074 train 1.0000 test 0.3076
epoch 121/200 loss 0.0074 train 1.0000 test 0.3083
epoch 122/200 loss 0.0073 train 1.0000 test 0.3083
epoch 123/200 loss 0.0077 train 1.0000 test 0.3078
epoch 124/200 loss 0.0073 train 1.0000 test 0.3086
epoch 125/200 loss 0.0076 train 1.0000 test 0.3082
epoch 126/200 loss 0.0071 train 1.0000 test 0.3096
epoch 127/200 loss 0.0074 train 1.0000 test 0.3092
epoch 128/200 loss 0.0069 train 1.0000 test 0.3084
epoch 129/200 loss 0.0070 train 1.0000 test 0.3102
epoch 130/200 loss 0.0071 train 1.0000 test 0.3087
epoch 131/200 loss 0.0071 train 1.0000 test 0.3070
epoch 132/200 loss 0.0072 train 1.0000 test 0.3083
epoch 133/200 loss 0.0071 train 1.0000 test 0.3091
epoch 134/200 loss 0.0068 train 1.0000 test 0.3092
epoch 135/200 loss 0.0069 train 1.0000 test 0.3080
epoch 136/200 loss 0.0066 train 1.0000 test 0.3081
epoch 137/200 loss 0.0069 train 1.0000 test 0.3073
epoch 138/200 loss 0.0071 train 1.0000 test 0.3084
epoch 139/200 loss 0.0067 train 1.0000 test 0.3100
epoch 140/200 loss 0.0071 train 1.0000 test 0.3100
epoch 141/200 loss 0.0070 train 1.0000 test 0.3107
epoch 142/200 loss 0.0068 train 1.0000 test 0.3088
epoch 143/200 loss 0.0070 train 1.0000 test 0.3082
epoch 144/200 loss 0.0070 train 1.0000 test 0.3097
epoch 145/200 loss 0.0072 train 1.0000 test 0.3089
epoch 146/200 loss 0.0068 train 1.0000 test 0.3100
epoch 147/200 loss 0.0070 train 1.0000 test 0.3080
epoch 148/200 loss 0.0066 train 1.0000 test 0.3103
epoch 149/200 loss 0.0072 train 1.0000 test 0.3088
epoch 150/200 loss 0.0068 train 1.0000 test 0.3091
epoch 151/200 loss 0.0068 train 1.0000 test 0.3096
epoch 152/200 loss 0.0069 train 1.0000 test 0.3098
epoch 153/200 loss 0.0070 train 1.0000 test 0.3082
epoch 154/200 loss 0.0067 train 1.0000 test 0.3095
epoch 155/200 loss 0.0069 train 1.0000 test 0.3103
epoch 156/200 loss 0.0066 train 1.0000 test 0.3098
epoch 157/200 loss 0.0067 train 1.0000 test 0.3081
epoch 158/200 loss 0.0068 train 1.0000 test 0.3090
epoch 159/200 loss 0.0066 train 1.0000 test 0.3100
epoch 160/200 loss 0.0068 train 1.0000 test 0.3089
epoch 161/200 loss 0.0067 train 1.0000 test 0.3085
epoch 162/200 loss 0.0065 train 1.0000 test 0.3087
epoch 163/200 loss 0.0066 train 1.0000 test 0.3073
epoch 164/200 loss 0.0062 train 1.0000 test 0.3097
epoch 165/200 loss 0.0067 train 1.0000 test 0.3093
epoch 166/200 loss 0.0066 train 1.0000 test 0.3084
epoch 167/200 loss 0.0066 train 1.0000 test 0.3078
epoch 168/200 loss 0.0068 train 1.0000 test 0.3104
epoch 169/200 loss 0.0068 train 1.0000 test 0.3089
epoch 170/200 loss 0.0065 train 1.0000 test 0.3088
epoch 171/200 loss 0.0066 train 1.0000 test 0.3084
epoch 172/200 loss 0.0066 train 1.0000 test 0.3087
epoch 173/200 loss 0.0062 train 1.0000 test 0.3088
epoch 174/200 loss 0.0064 train 1.0000 test 0.3081
epoch 175/200 loss 0.0065 train 1.0000 test 0.3088
epoch 176/200 loss 0.0063 train 1.0000 test 0.3092
epoch 177/200 loss 0.0065 train 1.0000 test 0.3094
epoch 178/200 loss 0.0068 train 1.0000 test 0.3095
epoch 179/200 loss 0.0065 train 1.0000 test 0.3083
epoch 180/200 loss 0.0065 train 1.0000 test 0.3088
epoch 181/200 loss 0.0064 train 1.0000 test 0.3080
epoch 182/200 loss 0.0063 train 1.0000 test 0.3090
epoch 183/200 loss 0.0068 train 1.0000 test 0.3085
epoch 184/200 loss 0.0063 train 1.0000 test 0.3092
epoch 185/200 loss 0.0066 train 1.0000 test 0.3108
epoch 186/200 loss 0.0065 train 1.0000 test 0.3103
epoch 187/200 loss 0.0068 train 1.0000 test 0.3096
epoch 188/200 loss 0.0067 train 1.0000 test 0.3080
epoch 189/200 loss 0.0067 train 1.0000 test 0.3079
epoch 190/200 loss 0.0064 train 1.0000 test 0.3083
epoch 191/200 loss 0.0066 train 1.0000 test 0.3082
epoch 192/200 loss 0.0064 train 1.0000 test 0.3092
epoch 193/200 loss 0.0064 train 1.0000 test 0.3086
epoch 194/200 loss 0.0067 train 1.0000 test 0.3089
epoch 195/200 loss 0.0067 train 1.0000 test 0.3090
epoch 196/200 loss 0.0065 train 1.0000 test 0.3088
epoch 197/200 loss 0.0062 train 1.0000 test 0.3089
epoch 198/200 loss 0.0064 train 1.0000 test 0.3103
epoch 199/200 loss 0.0070 train 1.0000 test 0.3091
epoch 200/200 loss 0.0065 train 1.0000 test 0.3105
done: final 0.3105 best 0.3108 -> ./runs/enste_7pct/seed1
stem calibrated (True) on 1024 images
[enste_7pct seed2] {"params_trainable": 11225316, "params_stem_trainable": 0, "params_stem_fixed_filters": 5808, "flops_total": 568109100, "flops_stem": 6094892, "flops_image_size": 32}
epoch 1/200 loss 4.5772 train 0.0249 test 0.0300
epoch 2/200 loss 4.2842 train 0.0475 test 0.0501
epoch 3/200 loss 4.0345 train 0.0854 test 0.0800
epoch 4/200 loss 3.8876 train 0.0969 test 0.0897
epoch 5/200 loss 3.7839 train 0.1094 test 0.0900
epoch 6/200 loss 3.6556 train 0.1343 test 0.1039
epoch 7/200 loss 3.5785 train 0.1470 test 0.1048
epoch 8/200 loss 3.4468 train 0.1687 test 0.1190
epoch 9/200 loss 3.3718 train 0.1898 test 0.1258
epoch 10/200 loss 3.3220 train 0.1861 test 0.1410
epoch 11/200 loss 3.2348 train 0.2011 test 0.1398
epoch 12/200 loss 3.1461 train 0.2164 test 0.1626
epoch 13/200 loss 3.0517 train 0.2312 test 0.1509
epoch 14/200 loss 3.0047 train 0.2381 test 0.1716
epoch 15/200 loss 2.9083 train 0.2627 test 0.1640
epoch 16/200 loss 2.8820 train 0.2682 test 0.1557
epoch 17/200 loss 2.7879 train 0.2839 test 0.1666
epoch 18/200 loss 2.6946 train 0.3012 test 0.1866
epoch 19/200 loss 2.6007 train 0.3247 test 0.1849
epoch 20/200 loss 2.5420 train 0.3252 test 0.1933
epoch 21/200 loss 2.4646 train 0.3545 test 0.2065
epoch 22/200 loss 2.3533 train 0.3692 test 0.2013
epoch 23/200 loss 2.2947 train 0.3779 test 0.1920
epoch 24/200 loss 2.2322 train 0.3944 test 0.2013
epoch 25/200 loss 2.1321 train 0.4193 test 0.1935
epoch 26/200 loss 2.0618 train 0.4334 test 0.2187
epoch 27/200 loss 1.9363 train 0.4609 test 0.2052
epoch 28/200 loss 1.9078 train 0.4757 test 0.2100
epoch 29/200 loss 1.8420 train 0.4852 test 0.2310
epoch 30/200 loss 1.7273 train 0.5069 test 0.2081
epoch 31/200 loss 1.6654 train 0.5284 test 0.2179
epoch 32/200 loss 1.5983 train 0.5521 test 0.1843
epoch 33/200 loss 1.4634 train 0.5935 test 0.1750
epoch 34/200 loss 1.3820 train 0.5981 test 0.2232
epoch 35/200 loss 1.3018 train 0.6233 test 0.2101
epoch 36/200 loss 1.1757 train 0.6545 test 0.2122
epoch 37/200 loss 1.1238 train 0.6701 test 0.2174
epoch 38/200 loss 1.0609 train 0.6924 test 0.2244
epoch 39/200 loss 0.9598 train 0.7179 test 0.1955
epoch 40/200 loss 0.8868 train 0.7312 test 0.2224
epoch 41/200 loss 0.8162 train 0.7538 test 0.2281
epoch 42/200 loss 0.7847 train 0.7613 test 0.2276
epoch 43/200 loss 0.7232 train 0.7818 test 0.2038
epoch 44/200 loss 0.7415 train 0.7726 test 0.2246
epoch 45/200 loss 0.6294 train 0.8113 test 0.2323
epoch 46/200 loss 0.5304 train 0.8449 test 0.2391
epoch 47/200 loss 0.5061 train 0.8458 test 0.2338
epoch 48/200 loss 0.4445 train 0.8756 test 0.2408
epoch 49/200 loss 0.4092 train 0.8805 test 0.2382
epoch 50/200 loss 0.3935 train 0.8845 test 0.2421
epoch 51/200 loss 0.3439 train 0.8953 test 0.2494
epoch 52/200 loss 0.3070 train 0.9144 test 0.2241
epoch 53/200 loss 0.2528 train 0.9271 test 0.2553
epoch 54/200 loss 0.2472 train 0.9265 test 0.2203
epoch 55/200 loss 0.2896 train 0.9178 test 0.2330
epoch 56/200 loss 0.2492 train 0.9303 test 0.2320
epoch 57/200 loss 0.1902 train 0.9523 test 0.2459
epoch 58/200 loss 0.1653 train 0.9578 test 0.2484
epoch 59/200 loss 0.1540 train 0.9601 test 0.2582
epoch 60/200 loss 0.1436 train 0.9606 test 0.2596
epoch 61/200 loss 0.1235 train 0.9670 test 0.2517
epoch 62/200 loss 0.1319 train 0.9676 test 0.2553
epoch 63/200 loss 0.0867 train 0.9812 test 0.2677
epoch 64/200 loss 0.0697 train 0.9844 test 0.2721
epoch 65/200 loss 0.0627 train 0.9850 test 0.2732
epoch 66/200 loss 0.0722 train 0.9861 test 0.2637
epoch 67/200 loss 0.0637 train 0.9884 test 0.2559
epoch 68/200 loss 0.0629 train 0.9876 test 0.2664
epoch 69/200 loss 0.0644 train 0.9844 test 0.2724
epoch 70/200 loss 0.0586 train 0.9881 test 0.2595
epoch 71/200 loss 0.0541 train 0.9907 test 0.2697
epoch 72/200 loss 0.0456 train 0.9919 test 0.2692
epoch 73/200 loss 0.0335 train 0.9962 test 0.2823
epoch 74/200 loss 0.0258 train 0.9962 test 0.2800
epoch 75/200 loss 0.0207 train 0.9977 test 0.2925
epoch 76/200 loss 0.0273 train 0.9945 test 0.2884
epoch 77/200 loss 0.0322 train 0.9954 test 0.2807
epoch 78/200 loss 0.0177 train 0.9986 test 0.2909
epoch 79/200 loss 0.0113 train 0.9997 test 0.2979
epoch 80/200 loss 0.0080 train 1.0000 test 0.2971
epoch 81/200 loss 0.0073 train 1.0000 test 0.3034
epoch 82/200 loss 0.0063 train 1.0000 test 0.2999
epoch 83/200 loss 0.0060 train 1.0000 test 0.3000
epoch 84/200 loss 0.0055 train 1.0000 test 0.3028
epoch 85/200 loss 0.0058 train 1.0000 test 0.3019
epoch 86/200 loss 0.0060 train 1.0000 test 0.3036
epoch 87/200 loss 0.0060 train 1.0000 test 0.3018
epoch 88/200 loss 0.0060 train 1.0000 test 0.3015
epoch 89/200 loss 0.0060 train 1.0000 test 0.3054
epoch 90/200 loss 0.0059 train 1.0000 test 0.3020
epoch 91/200 loss 0.0056 train 1.0000 test 0.3008
epoch 92/200 loss 0.0057 train 1.0000 test 0.3037
epoch 93/200 loss 0.0059 train 1.0000 test 0.3030
epoch 94/200 loss 0.0060 train 1.0000 test 0.3041
epoch 95/200 loss 0.0064 train 1.0000 test 0.3038
epoch 96/200 loss 0.0062 train 1.0000 test 0.3028
epoch 97/200 loss 0.0067 train 1.0000 test 0.3029
epoch 98/200 loss 0.0067 train 1.0000 test 0.3040
epoch 99/200 loss 0.0066 train 1.0000 test 0.3026
epoch 100/200 loss 0.0067 train 1.0000 test 0.3019
epoch 101/200 loss 0.0068 train 1.0000 test 0.3022
epoch 102/200 loss 0.0067 train 1.0000 test 0.3038
epoch 103/200 loss 0.0066 train 1.0000 test 0.3046
epoch 104/200 loss 0.0068 train 1.0000 test 0.3045
epoch 105/200 loss 0.0069 train 1.0000 test 0.3012
epoch 106/200 loss 0.0069 train 1.0000 test 0.3025
epoch 107/200 loss 0.0070 train 1.0000 test 0.3052
epoch 108/200 loss 0.0069 train 1.0000 test 0.3068
epoch 109/200 loss 0.0068 train 1.0000 test 0.3040
epoch 110/200 loss 0.0066 train 1.0000 test 0.3040
epoch 111/200 loss 0.0070 train 1.0000 test 0.3032
epoch 112/200 loss 0.0072 train 1.0000 test 0.3041
epoch 113/200 loss 0.0072 train 1.0000 test 0.3055
epoch 114/200 loss 0.0068 train 1.0000 test 0.3059
epoch 115/200 loss 0.0071 train 1.0000 test 0.3025
epoch 116/200 loss 0.0070 train 1.0000 test 0.3041
epoch 117/200 loss 0.0075 train 1.0000 test 0.3027
epoch 118/200 loss 0.0072 train 1.0000 test 0.3056
epoch 119/200 loss 0.0072 train 1.0000 test 0.3048
epoch 120/200 loss 0.0072 train 1.0000 test 0.3049
epoch 121/200 loss 0.0070 train 1.0000 test 0.3053
epoch 122/200 loss 0.0068 train 1.0000 test 0.3054
epoch 123/200 loss 0.0071 train 1.0000 test 0.3044
epoch 124/200 loss 0.0072 train 1.0000 test 0.3055
epoch 125/200 loss 0.0068 train 1.0000 test 0.3046
epoch 126/200 loss 0.0066 train 1.0000 test 0.3033
epoch 127/200 loss 0.0068 train 1.0000 test 0.3040
epoch 128/200 loss 0.0065 train 1.0000 test 0.3058
epoch 129/200 loss 0.0068 train 1.0000 test 0.3037
epoch 130/200 loss 0.0067 train 1.0000 test 0.3033
epoch 131/200 loss 0.0071 train 1.0000 test 0.3052
epoch 132/200 loss 0.0072 train 1.0000 test 0.3065
epoch 133/200 loss 0.0066 train 1.0000 test 0.3045
epoch 134/200 loss 0.0066 train 1.0000 test 0.3054
epoch 135/200 loss 0.0066 train 1.0000 test 0.3048
epoch 136/200 loss 0.0064 train 1.0000 test 0.3073
epoch 137/200 loss 0.0070 train 1.0000 test 0.3057
epoch 138/200 loss 0.0069 train 1.0000 test 0.3046
epoch 139/200 loss 0.0066 train 1.0000 test 0.3051
epoch 140/200 loss 0.0066 train 1.0000 test 0.3049
epoch 141/200 loss 0.0070 train 1.0000 test 0.3064
epoch 142/200 loss 0.0069 train 1.0000 test 0.3049
epoch 143/200 loss 0.0067 train 1.0000 test 0.3054
epoch 144/200 loss 0.0066 train 1.0000 test 0.3059
epoch 145/200 loss 0.0067 train 1.0000 test 0.3070
epoch 146/200 loss 0.0069 train 1.0000 test 0.3029
epoch 147/200 loss 0.0064 train 1.0000 test 0.3064
epoch 148/200 loss 0.0067 train 1.0000 test 0.3038
epoch 149/200 loss 0.0066 train 1.0000 test 0.3049
epoch 150/200 loss 0.0066 train 1.0000 test 0.3047
epoch 151/200 loss 0.0064 train 1.0000 test 0.3036
epoch 152/200 loss 0.0065 train 1.0000 test 0.3060
epoch 153/200 loss 0.0068 train 1.0000 test 0.3044
epoch 154/200 loss 0.0067 train 1.0000 test 0.3044
epoch 155/200 loss 0.0065 train 1.0000 test 0.3049
epoch 156/200 loss 0.0069 train 1.0000 test 0.3046
epoch 157/200 loss 0.0063 train 1.0000 test 0.3053
epoch 158/200 loss 0.0067 train 1.0000 test 0.3044
epoch 159/200 loss 0.0067 train 1.0000 test 0.3045
epoch 160/200 loss 0.0064 train 1.0000 test 0.3051
epoch 161/200 loss 0.0064 train 1.0000 test 0.3061
epoch 162/200 loss 0.0067 train 1.0000 test 0.3034
epoch 163/200 loss 0.0067 train 1.0000 test 0.3050
epoch 164/200 loss 0.0067 train 1.0000 test 0.3043
epoch 165/200 loss 0.0065 train 1.0000 test 0.3043
epoch 166/200 loss 0.0063 train 1.0000 test 0.3030
epoch 167/200 loss 0.0065 train 1.0000 test 0.3046
epoch 168/200 loss 0.0066 train 1.0000 test 0.3030
epoch 169/200 loss 0.0066 train 1.0000 test 0.3031
epoch 170/200 loss 0.0068 train 1.0000 test 0.3032
epoch 171/200 loss 0.0065 train 1.0000 test 0.3027
epoch 172/200 loss 0.0066 train 1.0000 test 0.3038
epoch 173/200 loss 0.0065 train 1.0000 test 0.3042
epoch 174/200 loss 0.0065 train 1.0000 test 0.3040
epoch 175/200 loss 0.0064 train 1.0000 test 0.3043
epoch 176/200 loss 0.0065 train 1.0000 test 0.3057
epoch 177/200 loss 0.0063 train 1.0000 test 0.3023
epoch 178/200 loss 0.0065 train 1.0000 test 0.3033
epoch 179/200 loss 0.0066 train 1.0000 test 0.3054
epoch 180/200 loss 0.0065 train 1.0000 test 0.3043
epoch 181/200 loss 0.0065 train 1.0000 test 0.3026
epoch 182/200 loss 0.0064 train 1.0000 test 0.3048
epoch 183/200 loss 0.0066 train 1.0000 test 0.3044
epoch 184/200 loss 0.0065 train 1.0000 test 0.3065
epoch 185/200 loss 0.0065 train 1.0000 test 0.3061
epoch 186/200 loss 0.0064 train 1.0000 test 0.3053
epoch 187/200 loss 0.0067 train 1.0000 test 0.3028
epoch 188/200 loss 0.0064 train 1.0000 test 0.3032
epoch 189/200 loss 0.0061 train 1.0000 test 0.3019
epoch 190/200 loss 0.0066 train 1.0000 test 0.3036
epoch 191/200 loss 0.0066 train 1.0000 test 0.3049
epoch 192/200 loss 0.0063 train 1.0000 test 0.3036
epoch 193/200 loss 0.0066 train 1.0000 test 0.3045
epoch 194/200 loss 0.0061 train 1.0000 test 0.3043
epoch 195/200 loss 0.0064 train 1.0000 test 0.3049
epoch 196/200 loss 0.0066 train 1.0000 test 0.3062
epoch 197/200 loss 0.0061 train 1.0000 test 0.3051
epoch 198/200 loss 0.0062 train 1.0000 test 0.3054
epoch 199/200 loss 0.0063 train 1.0000 test 0.3031
epoch 200/200 loss 0.0063 train 1.0000 test 0.3047
done: final 0.3047 best 0.3073 -> ./runs/enste_7pct/seed2
ENSTE_7PCT_DONE
stem calibrated (True) on 1024 images
[enste_10pct seed0] {"params_trainable": 11225316, "params_stem_trainable": 0, "params_stem_fixed_filters": 5808, "flops_total": 568109100, "flops_stem": 6094892, "flops_image_size": 32}
epoch 1/200 loss 4.5294 train 0.0290 test 0.0459
epoch 2/200 loss 4.1524 train 0.0663 test 0.0621
epoch 3/200 loss 3.9253 train 0.0986 test 0.1059
epoch 4/200 loss 3.7335 train 0.1272 test 0.1026
epoch 5/200 loss 3.6226 train 0.1386 test 0.1265
epoch 6/200 loss 3.5200 train 0.1540 test 0.1386
epoch 7/200 loss 3.4185 train 0.1707 test 0.1438
epoch 8/200 loss 3.3039 train 0.1923 test 0.1481
epoch 9/200 loss 3.2286 train 0.2051 test 0.1520
epoch 10/200 loss 3.1375 train 0.2238 test 0.1679
epoch 11/200 loss 3.0525 train 0.2386 test 0.1609
epoch 12/200 loss 2.9779 train 0.2454 test 0.1735
epoch 13/200 loss 2.8969 train 0.2632 test 0.1966
epoch 14/200 loss 2.8091 train 0.2776 test 0.2033
epoch 15/200 loss 2.7068 train 0.3025 test 0.2159
epoch 16/200 loss 2.6246 train 0.3067 test 0.1800
epoch 17/200 loss 2.5551 train 0.3267 test 0.2305
epoch 18/200 loss 2.4788 train 0.3472 test 0.2017
epoch 19/200 loss 2.4086 train 0.3636 test 0.1980
epoch 20/200 loss 2.3291 train 0.3744 test 0.2435
epoch 21/200 loss 2.2528 train 0.3838 test 0.2370
epoch 22/200 loss 2.1917 train 0.4012 test 0.2443
epoch 23/200 loss 2.1056 train 0.4209 test 0.2547
epoch 24/200 loss 2.0057 train 0.4443 test 0.2333
epoch 25/200 loss 1.9443 train 0.4539 test 0.2581
epoch 26/200 loss 1.8135 train 0.4910 test 0.2353
epoch 27/200 loss 1.7424 train 0.5018 test 0.2387
epoch 28/200 loss 1.7344 train 0.5050 test 0.2419
epoch 29/200 loss 1.6225 train 0.5292 test 0.2535
epoch 30/200 loss 1.5465 train 0.5517 test 0.2267
epoch 31/200 loss 1.4918 train 0.5715 test 0.2268
epoch 32/200 loss 1.4165 train 0.5901 test 0.2430
epoch 33/200 loss 1.3116 train 0.6098 test 0.2512
epoch 34/200 loss 1.2564 train 0.6244 test 0.2539
epoch 35/200 loss 1.1784 train 0.6456 test 0.2459
epoch 36/200 loss 1.0932 train 0.6685 test 0.2596
epoch 37/200 loss 0.9929 train 0.6947 test 0.2587
epoch 38/200 loss 0.9413 train 0.7093 test 0.2430
epoch 39/200 loss 0.8561 train 0.7388 test 0.2764
epoch 40/200 loss 0.8194 train 0.7490 test 0.2531
epoch 41/200 loss 0.7780 train 0.7676 test 0.2725
epoch 42/200 loss 0.6862 train 0.7923 test 0.2719
epoch 43/200 loss 0.6994 train 0.7875 test 0.2659
epoch 44/200 loss 0.5882 train 0.8143 test 0.2814
epoch 45/200 loss 0.5580 train 0.8283 test 0.2732
epoch 46/200 loss 0.4941 train 0.8520 test 0.2778
epoch 47/200 loss 0.4817 train 0.8560 test 0.2551
epoch 48/200 loss 0.5209 train 0.8393 test 0.2552
epoch 49/200 loss 0.4301 train 0.8716 test 0.2767
epoch 50/200 loss 0.3953 train 0.8830 test 0.2808
epoch 51/200 loss 0.3538 train 0.8952 test 0.2756
epoch 52/200 loss 0.2874 train 0.9191 test 0.2861
epoch 53/200 loss 0.2939 train 0.9137 test 0.2758
epoch 54/200 loss 0.2816 train 0.9199 test 0.2781
epoch 55/200 loss 0.2773 train 0.9211 test 0.2868
epoch 56/200 loss 0.2416 train 0.9315 test 0.2754
epoch 57/200 loss 0.2392 train 0.9323 test 0.2657
epoch 58/200 loss 0.2324 train 0.9329 test 0.2683
epoch 59/200 loss 0.2333 train 0.9263 test 0.2767
epoch 60/200 loss 0.2124 train 0.9407 test 0.2912
epoch 61/200 loss 0.1831 train 0.9483 test 0.2847
epoch 62/200 loss 0.1827 train 0.9483 test 0.2762
epoch 63/200 loss 0.1939 train 0.9435 test 0.2592
epoch 64/200 loss 0.1730 train 0.9505 test 0.2776
epoch 65/200 loss 0.1662 train 0.9539 test 0.2957
epoch 66/200 loss 0.1393 train 0.9623 test 0.2808
epoch 67/200 loss 0.1261 train 0.9657 test 0.2861
epoch 68/200 loss 0.1163 train 0.9706 test 0.2953
epoch 69/200 loss 0.0791 train 0.9822 test 0.3160
epoch 70/200 loss 0.0667 train 0.9864 test 0.3128
epoch 71/200 loss 0.0442 train 0.9926 test 0.3085
epoch 72/200 loss 0.0456 train 0.9920 test 0.3218
epoch 73/200 loss 0.0327 train 0.9944 test 0.3249
epoch 74/200 loss 0.0241 train 0.9970 test 0.3315
epoch 75/200 loss 0.0143 train 0.9990 test 0.3400
epoch 76/200 loss 0.0121 train 0.9992 test 0.3365
epoch 77/200 loss 0.0120 train 0.9988 test 0.3424
epoch 78/200 loss 0.0099 train 0.9994 test 0.3443
epoch 79/200 loss 0.0110 train 0.9992 test 0.3394
epoch 80/200 loss 0.0103 train 0.9992 test 0.3439
epoch 81/200 loss 0.0076 train 1.0000 test 0.3418
epoch 82/200 loss 0.0065 train 1.0000 test 0.3468
epoch 83/200 loss 0.0065 train 0.9998 test 0.3464
epoch 84/200 loss 0.0068 train 0.9998 test 0.3477
epoch 85/200 loss 0.0070 train 0.9998 test 0.3492
epoch 86/200 loss 0.0065 train 0.9998 test 0.3492
epoch 87/200 loss 0.0066 train 0.9998 test 0.3484
epoch 88/200 loss 0.0072 train 0.9998 test 0.3512
epoch 89/200 loss 0.0071 train 0.9998 test 0.3493
epoch 90/200 loss 0.0075 train 0.9996 test 0.3476
epoch 91/200 loss 0.0070 train 0.9996 test 0.3514
epoch 92/200 loss 0.0069 train 1.0000 test 0.3505
epoch 93/200 loss 0.0074 train 0.9996 test 0.3510
epoch 94/200 loss 0.0071 train 1.0000 test 0.3500
epoch 95/200 loss 0.0077 train 0.9998 test 0.3519
epoch 96/200 loss 0.0072 train 0.9998 test 0.3477
epoch 97/200 loss 0.0073 train 1.0000 test 0.3467
epoch 98/200 loss 0.0082 train 0.9996 test 0.3479
epoch 99/200 loss 0.0082 train 0.9998 test 0.3498
epoch 100/200 loss 0.0083 train 0.9998 test 0.3480
epoch 101/200 loss 0.0074 train 0.9998 test 0.3492
epoch 102/200 loss 0.0071 train 1.0000 test 0.3495
epoch 103/200 loss 0.0078 train 0.9996 test 0.3480
epoch 104/200 loss 0.0074 train 0.9998 test 0.3507
epoch 105/200 loss 0.0079 train 0.9998 test 0.3517
epoch 106/200 loss 0.0074 train 0.9998 test 0.3511
epoch 107/200 loss 0.0069 train 1.0000 test 0.3508
epoch 108/200 loss 0.0076 train 0.9998 test 0.3513
epoch 109/200 loss 0.0077 train 0.9996 test 0.3519
epoch 110/200 loss 0.0078 train 0.9996 test 0.3487
epoch 111/200 loss 0.0079 train 1.0000 test 0.3492
epoch 112/200 loss 0.0074 train 0.9998 test 0.3493
epoch 113/200 loss 0.0069 train 1.0000 test 0.3488
epoch 114/200 loss 0.0069 train 1.0000 test 0.3493
epoch 115/200 loss 0.0077 train 0.9998 test 0.3487
epoch 116/200 loss 0.0072 train 0.9998 test 0.3488
epoch 117/200 loss 0.0068 train 1.0000 test 0.3490
epoch 118/200 loss 0.0075 train 0.9998 test 0.3481
epoch 119/200 loss 0.0068 train 1.0000 test 0.3486
epoch 120/200 loss 0.0070 train 1.0000 test 0.3516
epoch 121/200 loss 0.0071 train 0.9996 test 0.3500
epoch 122/200 loss 0.0067 train 1.0000 test 0.3480
epoch 123/200 loss 0.0067 train 1.0000 test 0.3483
epoch 124/200 loss 0.0069 train 0.9998 test 0.3490
epoch 125/200 loss 0.0070 train 0.9998 test 0.3531
epoch 126/200 loss 0.0077 train 0.9996 test 0.3466
epoch 127/200 loss 0.0071 train 0.9998 test 0.3490
epoch 128/200 loss 0.0068 train 1.0000 test 0.3515
epoch 129/200 loss 0.0067 train 1.0000 test 0.3487
epoch 130/200 loss 0.0065 train 1.0000 test 0.3498
epoch 131/200 loss 0.0066 train 1.0000 test 0.3500
epoch 132/200 loss 0.0067 train 0.9998 test 0.3518
epoch 133/200 loss 0.0064 train 1.0000 test 0.3505
epoch 134/200 loss 0.0066 train 0.9998 test 0.3509
epoch 135/200 loss 0.0067 train 0.9998 test 0.3500
epoch 136/200 loss 0.0065 train 1.0000 test 0.3504
epoch 137/200 loss 0.0066 train 0.9998 test 0.3519
epoch 138/200 loss 0.0066 train 0.9998 test 0.3509
epoch 139/200 loss 0.0063 train 0.9998 test 0.3514
epoch 140/200 loss 0.0069 train 0.9996 test 0.3511
epoch 141/200 loss 0.0065 train 0.9998 test 0.3505
epoch 142/200 loss 0.0064 train 0.9998 test 0.3529
epoch 143/200 loss 0.0063 train 0.9998 test 0.3534
epoch 144/200 loss 0.0066 train 0.9998 test 0.3530
epoch 145/200 loss 0.0064 train 1.0000 test 0.3537
epoch 146/200 loss 0.0062 train 1.0000 test 0.3537
epoch 147/200 loss 0.0060 train 1.0000 test 0.3532
epoch 148/200 loss 0.0062 train 0.9998 test 0.3528
epoch 149/200 loss 0.0061 train 1.0000 test 0.3531
epoch 150/200 loss 0.0059 train 1.0000 test 0.3555
epoch 151/200 loss 0.0058 train 1.0000 test 0.3519
epoch 152/200 loss 0.0064 train 0.9998 test 0.3531
epoch 153/200 loss 0.0058 train 0.9998 test 0.3531
epoch 154/200 loss 0.0060 train 1.0000 test 0.3537
epoch 155/200 loss 0.0060 train 1.0000 test 0.3536
epoch 156/200 loss 0.0058 train 1.0000 test 0.3507
epoch 157/200 loss 0.0057 train 1.0000 test 0.3547
epoch 158/200 loss 0.0060 train 1.0000 test 0.3530
epoch 159/200 loss 0.0059 train 1.0000 test 0.3527
epoch 160/200 loss 0.0063 train 0.9998 test 0.3534
epoch 161/200 loss 0.0060 train 1.0000 test 0.3521
epoch 162/200 loss 0.0060 train 1.0000 test 0.3515
epoch 163/200 loss 0.0060 train 0.9998 test 0.3525
epoch 164/200 loss 0.0058 train 0.9998 test 0.3536
epoch 165/200 loss 0.0058 train 1.0000 test 0.3519
epoch 166/200 loss 0.0061 train 0.9998 test 0.3521
epoch 167/200 loss 0.0061 train 0.9998 test 0.3531
epoch 168/200 loss 0.0061 train 0.9998 test 0.3515
epoch 169/200 loss 0.0059 train 1.0000 test 0.3510
epoch 170/200 loss 0.0062 train 0.9998 test 0.3527
epoch 171/200 loss 0.0060 train 0.9998 test 0.3507
epoch 172/200 loss 0.0061 train 1.0000 test 0.3522
epoch 173/200 loss 0.0058 train 1.0000 test 0.3537
epoch 174/200 loss 0.0059 train 1.0000 test 0.3510
epoch 175/200 loss 0.0057 train 1.0000 test 0.3512
epoch 176/200 loss 0.0059 train 1.0000 test 0.3495
epoch 177/200 loss 0.0058 train 0.9998 test 0.3508
epoch 178/200 loss 0.0056 train 1.0000 test 0.3519
epoch 179/200 loss 0.0059 train 0.9998 test 0.3516
epoch 180/200 loss 0.0057 train 0.9998 test 0.3512
epoch 181/200 loss 0.0058 train 1.0000 test 0.3524
epoch 182/200 loss 0.0058 train 1.0000 test 0.3522
epoch 183/200 loss 0.0057 train 1.0000 test 0.3519
epoch 184/200 loss 0.0054 train 1.0000 test 0.3515
epoch 185/200 loss 0.0057 train 1.0000 test 0.3522
epoch 186/200 loss 0.0059 train 0.9998 test 0.3505
epoch 187/200 loss 0.0058 train 1.0000 test 0.3517
epoch 188/200 loss 0.0057 train 1.0000 test 0.3522
epoch 189/200 loss 0.0058 train 1.0000 test 0.3521
epoch 190/200 loss 0.0057 train 1.0000 test 0.3505
epoch 191/200 loss 0.0055 train 1.0000 test 0.3531
epoch 192/200 loss 0.0055 train 1.0000 test 0.3511
epoch 193/200 loss 0.0056 train 1.0000 test 0.3520
epoch 194/200 loss 0.0060 train 1.0000 test 0.3509
epoch 195/200 loss 0.0057 train 0.9998 test 0.3520
epoch 196/200 loss 0.0059 train 0.9998 test 0.3506
epoch 197/200 loss 0.0057 train 1.0000 test 0.3512
epoch 198/200 loss 0.0057 train 1.0000 test 0.3511
epoch 199/200 loss 0.0057 train 1.0000 test 0.3509
epoch 200/200 loss 0.0057 train 1.0000 test 0.3517
done: final 0.3517 best 0.3555 -> ./runs/enste_10pct/seed0
stem calibrated (True) on 1024 images
[enste_10pct seed1] {"params_trainable": 11225316, "params_stem_trainable": 0, "params_stem_fixed_filters": 5808, "flops_total": 568109100, "flops_stem": 6094892, "flops_image_size": 32}
epoch 1/200 loss 4.5195 train 0.0302 test 0.0509
epoch 2/200 loss 4.1980 train 0.0547 test 0.0683
epoch 3/200 loss 3.9617 train 0.0859 test 0.0941
epoch 4/200 loss 3.7812 train 0.1158 test 0.1072
epoch 5/200 loss 3.6608 train 0.1388 test 0.1199
epoch 6/200 loss 3.5345 train 0.1532 test 0.1325
epoch 7/200 loss 3.4170 train 0.1715 test 0.1371
epoch 8/200 loss 3.3306 train 0.1863 test 0.1471
epoch 9/200 loss 3.2523 train 0.2019 test 0.1547
epoch 10/200 loss 3.1849 train 0.2039 test 0.1474
epoch 11/200 loss 3.1053 train 0.2284 test 0.1807
epoch 12/200 loss 2.9889 train 0.2480 test 0.1896
epoch 13/200 loss 2.9142 train 0.2642 test 0.2042
epoch 14/200 loss 2.8089 train 0.2804 test 0.1851
epoch 15/200 loss 2.7391 train 0.2887 test 0.1970
epoch 16/200 loss 2.6312 train 0.3153 test 0.1996
epoch 17/200 loss 2.5751 train 0.3307 test 0.2325
epoch 18/200 loss 2.4841 train 0.3413 test 0.2049
epoch 19/200 loss 2.4252 train 0.3433 test 0.2232
epoch 20/200 loss 2.3474 train 0.3694 test 0.1955
epoch 21/200 loss 2.2720 train 0.3886 test 0.2288
epoch 22/200 loss 2.1890 train 0.4085 test 0.2252
epoch 23/200 loss 2.0827 train 0.4259 test 0.2573
epoch 24/200 loss 1.9742 train 0.4515 test 0.2508
epoch 25/200 loss 1.9583 train 0.4479 test 0.2654
epoch 26/200 loss 1.8477 train 0.4788 test 0.2513
epoch 27/200 loss 1.7712 train 0.5084 test 0.2463
epoch 28/200 loss 1.7277 train 0.5006 test 0.2358
epoch 29/200 loss 1.6067 train 0.5401 test 0.2592
epoch 30/200 loss 1.5405 train 0.5553 test 0.2660
epoch 31/200 loss 1.4962 train 0.5665 test 0.2341
epoch 32/200 loss 1.3907 train 0.5964 test 0.2401
epoch 33/200 loss 1.3013 train 0.6242 test 0.2330
epoch 34/200 loss 1.1919 train 0.6540 test 0.2413
epoch 35/200 loss 1.0888 train 0.6693 test 0.2773
epoch 36/200 loss 1.0419 train 0.6861 test 0.2597
epoch 37/200 loss 1.0230 train 0.6929 test 0.2502
epoch 38/200 loss 0.9863 train 0.7035 test 0.2654
epoch 39/200 loss 0.8447 train 0.7436 test 0.2357
epoch 40/200 loss 0.7736 train 0.7654 test 0.2603
epoch 41/200 loss 0.8004 train 0.7522 test 0.2663
epoch 42/200 loss 0.6743 train 0.7951 test 0.2711
epoch 43/200 loss 0.6118 train 0.8231 test 0.2367
epoch 44/200 loss 0.6553 train 0.7961 test 0.2644
epoch 45/200 loss 0.5896 train 0.8163 test 0.2541
epoch 46/200 loss 0.5055 train 0.8460 test 0.2614
epoch 47/200 loss 0.4727 train 0.8536 test 0.2770
epoch 48/200 loss 0.4403 train 0.8670 test 0.2791
epoch 49/200 loss 0.4022 train 0.8804 test 0.2819
epoch 50/200 loss 0.3817 train 0.8880 test 0.2721
epoch 51/200 loss 0.3384 train 0.8944 test 0.2671
epoch 52/200 loss 0.3207 train 0.9054 test 0.2800
epoch 53/200 loss 0.2966 train 0.9139 test 0.2731
epoch 54/200 loss 0.2810 train 0.9161 test 0.2797
epoch 55/200 loss 0.2473 train 0.9287 test 0.2766
epoch 56/200 loss 0.2184 train 0.9343 test 0.2940
epoch 57/200 loss 0.1930 train 0.9491 test 0.2900
epoch 58/200 loss 0.1792 train 0.9523 test 0.2876
epoch 59/200 loss 0.1441 train 0.9633 test 0.2927
epoch 60/200 loss 0.1490 train 0.9599 test 0.2917
epoch 61/200 loss 0.1314 train 0.9679 test 0.3028
epoch 62/200 loss 0.1321 train 0.9641 test 0.2866
epoch 63/200 loss 0.1580 train 0.9569 test 0.2865
epoch 64/200 loss 0.1427 train 0.9625 test 0.2858
epoch 65/200 loss 0.1408 train 0.9605 test 0.3022
epoch 66/200 loss 0.1731 train 0.9499 test 0.2699
epoch 67/200 loss 0.1814 train 0.9501 test 0.2794
epoch 68/200 loss 0.2071 train 0.9421 test 0.2849
epoch 69/200 loss 0.1823 train 0.9497 test 0.2789
epoch 70/200 loss 0.1636 train 0.9563 test 0.2773
epoch 71/200 loss 0.1411 train 0.9629 test 0.2964
epoch 72/200 loss 0.1279 train 0.9681 test 0.2884
epoch 73/200 loss 0.0848 train 0.9798 test 0.3063
epoch 74/200 loss 0.0500 train 0.9916 test 0.3177
epoch 75/200 loss 0.0316 train 0.9948 test 0.3294
epoch 76/200 loss 0.0215 train 0.9972 test 0.3298
epoch 77/200 loss 0.0158 train 0.9994 test 0.3270
epoch 78/200 loss 0.0172 train 0.9978 test 0.3357
epoch 79/200 loss 0.0164 train 0.9984 test 0.3397
epoch 80/200 loss 0.0097 train 0.9998 test 0.3457
epoch 81/200 loss 0.0098 train 0.9994 test 0.3479
epoch 82/200 loss 0.0077 train 0.9998 test 0.3491
epoch 83/200 loss 0.0068 train 0.9998 test 0.3515
epoch 84/200 loss 0.0073 train 0.9994 test 0.3496
epoch 85/200 loss 0.0069 train 0.9998 test 0.3496
epoch 86/200 loss 0.0082 train 0.9992 test 0.3426
epoch 87/200 loss 0.0072 train 0.9998 test 0.3499
epoch 88/200 loss 0.0071 train 0.9998 test 0.3518
epoch 89/200 loss 0.0066 train 0.9996 test 0.3517
epoch 90/200 loss 0.0072 train 0.9998 test 0.3497
epoch 91/200 loss 0.0066 train 0.9998 test 0.3519
epoch 92/200 loss 0.0070 train 0.9996 test 0.3534
epoch 93/200 loss 0.0066 train 0.9998 test 0.3521
epoch 94/200 loss 0.0069 train 0.9998 test 0.3515
epoch 95/200 loss 0.0075 train 0.9996 test 0.3562
epoch 96/200 loss 0.0075 train 0.9996 test 0.3538
epoch 97/200 loss 0.0074 train 0.9998 test 0.3551
epoch 98/200 loss 0.0073 train 0.9996 test 0.3548
epoch 99/200 loss 0.0074 train 1.0000 test 0.3565
epoch 100/200 loss 0.0076 train 0.9996 test 0.3529
epoch 101/200 loss 0.0075 train 0.9998 test 0.3519
epoch 102/200 loss 0.0075 train 0.9998 test 0.3533
epoch 103/200 loss 0.0075 train 0.9996 test 0.3545
epoch 104/200 loss 0.0076 train 0.9998 test 0.3554
epoch 105/200 loss 0.0075 train 0.9998 test 0.3532
epoch 106/200 loss 0.0076 train 0.9998 test 0.3544
epoch 107/200 loss 0.0072 train 0.9998 test 0.3551
epoch 108/200 loss 0.0076 train 0.9998 test 0.3548
epoch 109/200 loss 0.0073 train 0.9998 test 0.3531
epoch 110/200 loss 0.0076 train 0.9998 test 0.3532
epoch 111/200 loss 0.0083 train 0.9996 test 0.3543
epoch 112/200 loss 0.0075 train 0.9998 test 0.3544
epoch 113/200 loss 0.0078 train 0.9998 test 0.3518
epoch 114/200 loss 0.0076 train 1.0000 test 0.3535
epoch 115/200 loss 0.0074 train 0.9998 test 0.3550
epoch 116/200 loss 0.0078 train 0.9998 test 0.3521
epoch 117/200 loss 0.0073 train 0.9998 test 0.3502
epoch 118/200 loss 0.0074 train 0.9998 test 0.3522
epoch 119/200 loss 0.0080 train 0.9998 test 0.3545
epoch 120/200 loss 0.0075 train 0.9998 test 0.3524
epoch 121/200 loss 0.0074 train 0.9998 test 0.3525
epoch 122/200 loss 0.0074 train 0.9996 test 0.3563
epoch 123/200 loss 0.0074 train 0.9998 test 0.3520
epoch 124/200 loss 0.0072 train 0.9998 test 0.3545
epoch 125/200 loss 0.0069 train 1.0000 test 0.3526
epoch 126/200 loss 0.0071 train 0.9998 test 0.3544
epoch 127/200 loss 0.0069 train 0.9998 test 0.3528
epoch 128/200 loss 0.0077 train 0.9998 test 0.3533
epoch 129/200 loss 0.0075 train 0.9998 test 0.3539
epoch 130/200 loss 0.0070 train 0.9998 test 0.3516
epoch 131/200 loss 0.0068 train 0.9998 test 0.3531
epoch 132/200 loss 0.0068 train 1.0000 test 0.3512
epoch 133/200 loss 0.0070 train 1.0000 test 0.3542
epoch 134/200 loss 0.0071 train 1.0000 test 0.3493
epoch 135/200 loss 0.0067 train 1.0000 test 0.3541
epoch 136/200 loss 0.0068 train 0.9998 test 0.3516
epoch 137/200 loss 0.0071 train 1.0000 test 0.3535
epoch 138/200 loss 0.0070 train 0.9998 test 0.3532
epoch 139/200 loss 0.0068 train 0.9996 test 0.3541
epoch 140/200 loss 0.0066 train 0.9996 test 0.3544
epoch 141/200 loss 0.0067 train 0.9998 test 0.3503
epoch 142/200 loss 0.0074 train 0.9994 test 0.3541
epoch 143/200 loss 0.0067 train 1.0000 test 0.3542
epoch 144/200 loss 0.0068 train 0.9998 test 0.3526
epoch 145/200 loss 0.0065 train 1.0000 test 0.3537
epoch 146/200 loss 0.0065 train 1.0000 test 0.3519
epoch 147/200 loss 0.0070 train 0.9998 test 0.3525
epoch 148/200 loss 0.0063 train 1.0000 test 0.3538
epoch 149/200 loss 0.0062 train 1.0000 test 0.3521
epoch 150/200 loss 0.0062 train 0.9998 test 0.3501
epoch 151/200 loss 0.0062 train 1.0000 test 0.3528
epoch 152/200 loss 0.0067 train 0.9998 test 0.3503
epoch 153/200 loss 0.0063 train 1.0000 test 0.3542
epoch 154/200 loss 0.0061 train 1.0000 test 0.3523
epoch 155/200 loss 0.0070 train 0.9996 test 0.3525
epoch 156/200 loss 0.0064 train 0.9998 test 0.3521
epoch 157/200 loss 0.0064 train 0.9998 test 0.3525
epoch 158/200 loss 0.0062 train 0.9998 test 0.3528
epoch 159/200 loss 0.0061 train 1.0000 test 0.3520
epoch 160/200 loss 0.0059 train 1.0000 test 0.3528
epoch 161/200 loss 0.0061 train 1.0000 test 0.3526
epoch 162/200 loss 0.0063 train 1.0000 test 0.3524
epoch 163/200 loss 0.0063 train 0.9998 test 0.3534
epoch 164/200 loss 0.0061 train 0.9996 test 0.3530
epoch 165/200 loss 0.0062 train 1.0000 test 0.3546
epoch 166/200 loss 0.0063 train 1.0000 test 0.3505
epoch 167/200 loss 0.0062 train 1.0000 test 0.3525
epoch 168/200 loss 0.0064 train 1.0000 test 0.3544
epoch 169/200 loss 0.0063 train 0.9996 test 0.3529
epoch 170/200 loss 0.0062 train 0.9998 test 0.3508
epoch 171/200 loss 0.0059 train 1.0000 test 0.3517
epoch 172/200 loss 0.0058 train 1.0000 test 0.3520
epoch 173/200 loss 0.0062 train 1.0000 test 0.3538
epoch 174/200 loss 0.0060 train 0.9998 test 0.3523
epoch 175/200 loss 0.0059 train 0.9998 test 0.3536
epoch 176/200 loss 0.0056 train 1.0000 test 0.3524
epoch 177/200 loss 0.0061 train 0.9998 test 0.3529
epoch 178/200 loss 0.0061 train 1.0000 test 0.3514
epoch 179/200 loss 0.0062 train 0.9998 test 0.3529
epoch 180/200 loss 0.0059 train 1.0000 test 0.3530
epoch 181/200 loss 0.0058 train 1.0000 test 0.3527
epoch 182/200 loss 0.0060 train 1.0000 test 0.3531
epoch 183/200 loss 0.0059 train 1.0000 test 0.3538
epoch 184/200 loss 0.0060 train 0.9998 test 0.3524
epoch 185/200 loss 0.0059 train 1.0000 test 0.3527
epoch 186/200 loss 0.0060 train 1.0000 test 0.3530
epoch 187/200 loss 0.0056 train 1.0000 test 0.3546
epoch 188/200 loss 0.0060 train 0.9998 test 0.3521
epoch 189/200 loss 0.0060 train 0.9998 test 0.3517
epoch 190/200 loss 0.0060 train 1.0000 test 0.3516
epoch 191/200 loss 0.0059 train 1.0000 test 0.3530
epoch 192/200 loss 0.0059 train 0.9998 test 0.3522
epoch 193/200 loss 0.0061 train 1.0000 test 0.3529
epoch 194/200 loss 0.0057 train 0.9998 test 0.3527
epoch 195/200 loss 0.0061 train 0.9998 test 0.3509
epoch 196/200 loss 0.0060 train 0.9998 test 0.3542
epoch 197/200 loss 0.0061 train 1.0000 test 0.3519
epoch 198/200 loss 0.0060 train 1.0000 test 0.3527
epoch 199/200 loss 0.0062 train 0.9998 test 0.3528
epoch 200/200 loss 0.0059 train 1.0000 test 0.3526
done: final 0.3526 best 0.3565 -> ./runs/enste_10pct/seed1
stem calibrated (True) on 1024 images
[enste_10pct seed2] {"params_trainable": 11225316, "params_stem_trainable": 0, "params_stem_fixed_filters": 5808, "flops_total": 568109100, "flops_stem": 6094892, "flops_image_size": 32}
epoch 1/200 loss 4.5078 train 0.0290 test 0.0494
epoch 2/200 loss 4.1857 train 0.0603 test 0.0776
epoch 3/200 loss 3.9449 train 0.0976 test 0.0945
epoch 4/200 loss 3.7711 train 0.1198 test 0.1168
epoch 5/200 loss 3.6228 train 0.1452 test 0.1060
epoch 6/200 loss 3.5258 train 0.1528 test 0.1167
epoch 7/200 loss 3.4338 train 0.1665 test 0.1305
epoch 8/200 loss 3.3187 train 0.1907 test 0.1583
epoch 9/200 loss 3.2474 train 0.1989 test 0.1650
epoch 10/200 loss 3.1800 train 0.2115 test 0.1674
epoch 11/200 loss 3.0683 train 0.2318 test 0.1879
epoch 12/200 loss 2.9900 train 0.2478 test 0.1640
epoch 13/200 loss 2.9189 train 0.2546 test 0.1582
epoch 14/200 loss 2.8463 train 0.2732 test 0.1808
epoch 15/200 loss 2.7480 train 0.2959 test 0.1856
epoch 16/200 loss 2.6619 train 0.3153 test 0.2120
epoch 17/200 loss 2.5474 train 0.3269 test 0.2136
epoch 18/200 loss 2.4936 train 0.3369 test 0.2086
epoch 19/200 loss 2.4199 train 0.3544 test 0.2199
epoch 20/200 loss 2.3609 train 0.3690 test 0.2104
epoch 21/200 loss 2.2954 train 0.3832 test 0.2471
epoch 22/200 loss 2.2148 train 0.4024 test 0.2314
epoch 23/200 loss 2.0808 train 0.4329 test 0.2308
epoch 24/200 loss 2.0414 train 0.4421 test 0.2361
epoch 25/200 loss 1.9571 train 0.4517 test 0.2155
epoch 26/200 loss 1.8665 train 0.4714 test 0.2511
epoch 27/200 loss 1.7758 train 0.4988 test 0.2366
epoch 28/200 loss 1.6974 train 0.5150 test 0.2545
epoch 29/200 loss 1.6385 train 0.5310 test 0.2458
epoch 30/200 loss 1.5694 train 0.5495 test 0.2403
epoch 31/200 loss 1.4611 train 0.5745 test 0.2492
epoch 32/200 loss 1.3328 train 0.6030 test 0.2254
epoch 33/200 loss 1.2555 train 0.6284 test 0.2526
epoch 34/200 loss 1.2640 train 0.6176 test 0.2275
epoch 35/200 loss 1.1999 train 0.6422 test 0.2752
epoch 36/200 loss 1.0657 train 0.6831 test 0.2688
epoch 37/200 loss 0.9975 train 0.6973 test 0.2720
epoch 38/200 loss 0.9520 train 0.7145 test 0.2742
epoch 39/200 loss 0.9081 train 0.7242 test 0.2343
epoch 40/200 loss 0.8352 train 0.7474 test 0.2577
epoch 41/200 loss 0.7530 train 0.7726 test 0.2609
epoch 42/200 loss 0.6945 train 0.7923 test 0.2739
epoch 43/200 loss 0.6512 train 0.7983 test 0.2674
epoch 44/200 loss 0.6407 train 0.8039 test 0.2604
epoch 45/200 loss 0.5969 train 0.8157 test 0.2647
epoch 46/200 loss 0.4768 train 0.8556 test 0.2722
epoch 47/200 loss 0.4218 train 0.8760 test 0.2766
epoch 48/200 loss 0.4046 train 0.8800 test 0.2611
epoch 49/200 loss 0.3963 train 0.8778 test 0.2621
epoch 50/200 loss 0.4001 train 0.8812 test 0.2742
epoch 51/200 loss 0.3703 train 0.8874 test 0.2567
epoch 52/200 loss 0.3574 train 0.8876 test 0.2740
epoch 53/200 loss 0.3266 train 0.8946 test 0.2789
epoch 54/200 loss 0.2926 train 0.9105 test 0.2905
epoch 55/200 loss 0.3059 train 0.9091 test 0.2818
epoch 56/200 loss 0.2860 train 0.9171 test 0.2696
epoch 57/200 loss 0.2413 train 0.9297 test 0.2684
epoch 58/200 loss 0.2320 train 0.9335 test 0.2743
epoch 59/200 loss 0.2053 train 0.9445 test 0.2769
epoch 60/200 loss 0.1433 train 0.9619 test 0.3013
epoch 61/200 loss 0.1145 train 0.9736 test 0.3041
epoch 62/200 loss 0.0973 train 0.9768 test 0.2964
epoch 63/200 loss 0.0959 train 0.9766 test 0.3012
epoch 64/200 loss 0.0930 train 0.9798 test 0.3060
epoch 65/200 loss 0.1040 train 0.9744 test 0.2984
epoch 66/200 loss 0.1251 train 0.9675 test 0.2805
epoch 67/200 loss 0.1224 train 0.9681 test 0.2937
epoch 68/200 loss 0.1229 train 0.9685 test 0.2877
epoch 69/200 loss 0.1538 train 0.9603 test 0.2886
epoch 70/200 loss 0.1270 train 0.9673 test 0.2658
epoch 71/200 loss 0.1168 train 0.9702 test 0.2889
epoch 72/200 loss 0.0866 train 0.9794 test 0.3037
epoch 73/200 loss 0.0948 train 0.9784 test 0.2944
epoch 74/200 loss 0.1111 train 0.9722 test 0.2988
epoch 75/200 loss 0.1212 train 0.9720 test 0.2899
epoch 76/200 loss 0.1181 train 0.9712 test 0.2859
epoch 77/200 loss 0.1080 train 0.9740 test 0.2919
epoch 78/200 loss 0.1020 train 0.9744 test 0.3010
epoch 79/200 loss 0.0849 train 0.9830 test 0.2990
epoch 80/200 loss 0.0704 train 0.9834 test 0.3006
epoch 81/200 loss 0.0661 train 0.9872 test 0.3119
epoch 82/200 loss 0.0527 train 0.9890 test 0.3138
epoch 83/200 loss 0.0518 train 0.9896 test 0.3062
epoch 84/200 loss 0.0369 train 0.9950 test 0.3213
epoch 85/200 loss 0.0189 train 0.9984 test 0.3327
epoch 86/200 loss 0.0120 train 0.9990 test 0.3367
epoch 87/200 loss 0.0224 train 0.9966 test 0.3306
epoch 88/200 loss 0.0197 train 0.9972 test 0.3326
epoch 89/200 loss 0.0148 train 0.9984 test 0.3356
epoch 90/200 loss 0.0098 train 0.9990 test 0.3418
epoch 91/200 loss 0.0075 train 0.9996 test 0.3473
epoch 92/200 loss 0.0063 train 0.9998 test 0.3494
epoch 93/200 loss 0.0069 train 0.9994 test 0.3495
epoch 94/200 loss 0.0059 train 0.9998 test 0.3502
epoch 95/200 loss 0.0053 train 0.9996 test 0.3511
epoch 96/200 loss 0.0054 train 0.9998 test 0.3522
epoch 97/200 loss 0.0056 train 0.9998 test 0.3529
epoch 98/200 loss 0.0055 train 0.9998 test 0.3546
epoch 99/200 loss 0.0056 train 0.9996 test 0.3554
epoch 100/200 loss 0.0055 train 0.9998 test 0.3537
epoch 101/200 loss 0.0059 train 0.9998 test 0.3573
epoch 102/200 loss 0.0061 train 0.9996 test 0.3542
epoch 103/200 loss 0.0062 train 0.9996 test 0.3543
epoch 104/200 loss 0.0058 train 1.0000 test 0.3583
epoch 105/200 loss 0.0063 train 0.9998 test 0.3543
epoch 106/200 loss 0.0064 train 0.9998 test 0.3529
epoch 107/200 loss 0.0062 train 0.9998 test 0.3568
epoch 108/200 loss 0.0064 train 0.9996 test 0.3556
epoch 109/200 loss 0.0064 train 1.0000 test 0.3550
epoch 110/200 loss 0.0065 train 0.9998 test 0.3535
epoch 111/200 loss 0.0069 train 0.9998 test 0.3552
epoch 112/200 loss 0.0064 train 1.0000 test 0.3557
epoch 113/200 loss 0.0066 train 0.9998 test 0.3558
epoch 114/200 loss 0.0069 train 0.9998 test 0.3545
epoch 115/200 loss 0.0068 train 0.9996 test 0.3552
epoch 116/200 loss 0.0067 train 1.0000 test 0.3574
epoch 117/200 loss 0.0071 train 1.0000 test 0.3544
epoch 118/200 loss 0.0071 train 0.9996 test 0.3568
epoch 119/200 loss 0.0072 train 0.9998 test 0.3531
epoch 120/200 loss 0.0136 train 0.9988 test 0.3557
epoch 121/200 loss 0.0077 train 1.0000 test 0.3560
epoch 122/200 loss 0.0075 train 0.9998 test 0.3565
epoch 123/200 loss 0.0072 train 0.9998 test 0.3557
epoch 124/200 loss 0.0073 train 0.9998 test 0.3567
epoch 125/200 loss 0.0071 train 0.9998 test 0.3583
epoch 126/200 loss 0.0075 train 0.9996 test 0.3590
epoch 127/200 loss 0.0071 train 0.9998 test 0.3561
epoch 128/200 loss 0.0069 train 1.0000 test 0.3551
epoch 129/200 loss 0.0069 train 0.9998 test 0.3557
epoch 130/200 loss 0.0067 train 0.9998 test 0.3571
epoch 131/200 loss 0.0065 train 1.0000 test 0.3560
epoch 132/200 loss 0.0068 train 1.0000 test 0.3562
epoch 133/200 loss 0.0069 train 0.9996 test 0.3564
epoch 134/200 loss 0.0067 train 0.9998 test 0.3571
epoch 135/200 loss 0.0070 train 0.9996 test 0.3587
epoch 136/200 loss 0.0069 train 0.9998 test 0.3592
epoch 137/200 loss 0.0070 train 0.9996 test 0.3560
epoch 138/200 loss 0.0068 train 0.9998 test 0.3579
epoch 139/200 loss 0.0067 train 0.9998 test 0.3554
epoch 140/200 loss 0.0067 train 0.9998 test 0.3573
epoch 141/200 loss 0.0066 train 1.0000 test 0.3566
epoch 142/200 loss 0.0066 train 0.9998 test 0.3540
epoch 143/200 loss 0.0064 train 1.0000 test 0.3560
epoch 144/200 loss 0.0067 train 0.9998 test 0.3558
epoch 145/200 loss 0.0068 train 0.9998 test 0.3536
epoch 146/200 loss 0.0064 train 0.9998 test 0.3567
epoch 147/200 loss 0.0066 train 1.0000 test 0.3562
epoch 148/200 loss 0.0067 train 0.9996 test 0.3545
epoch 149/200 loss 0.0065 train 0.9998 test 0.3565
epoch 150/200 loss 0.0066 train 1.0000 test 0.3558
epoch 151/200 loss 0.0066 train 0.9998 test 0.3546
epoch 152/200 loss 0.0066 train 1.0000 test 0.3547
epoch 153/200 loss 0.0067 train 0.9998 test 0.3556
epoch 154/200 loss 0.0064 train 1.0000 test 0.3555
epoch 155/200 loss 0.0068 train 0.9996 test 0.3549
epoch 156/200 loss 0.0068 train 0.9998 test 0.3551
epoch 157/200 loss 0.0063 train 1.0000 test 0.3542
epoch 158/200 loss 0.0065 train 0.9998 test 0.3566
epoch 159/200 loss 0.0062 train 1.0000 test 0.3548
epoch 160/200 loss 0.0066 train 0.9998 test 0.3542
epoch 161/200 loss 0.0063 train 1.0000 test 0.3561
epoch 162/200 loss 0.0066 train 0.9998 test 0.3571
epoch 163/200 loss 0.0061 train 1.0000 test 0.3570
epoch 164/200 loss 0.0062 train 1.0000 test 0.3553
epoch 165/200 loss 0.0063 train 1.0000 test 0.3558
epoch 166/200 loss 0.0064 train 1.0000 test 0.3543
epoch 167/200 loss 0.0066 train 0.9998 test 0.3568
epoch 168/200 loss 0.0060 train 1.0000 test 0.3553
epoch 169/200 loss 0.0061 train 1.0000 test 0.3537
epoch 170/200 loss 0.0064 train 0.9998 test 0.3555
epoch 171/200 loss 0.0062 train 1.0000 test 0.3565
epoch 172/200 loss 0.0064 train 0.9998 test 0.3555
epoch 173/200 loss 0.0062 train 0.9998 test 0.3548
epoch 174/200 loss 0.0061 train 1.0000 test 0.3528
epoch 175/200 loss 0.0062 train 1.0000 test 0.3554
epoch 176/200 loss 0.0062 train 1.0000 test 0.3553
epoch 177/200 loss 0.0065 train 0.9998 test 0.3542
epoch 178/200 loss 0.0063 train 0.9998 test 0.3547
epoch 179/200 loss 0.0061 train 1.0000 test 0.3552
epoch 180/200 loss 0.0063 train 0.9998 test 0.3551
epoch 181/200 loss 0.0066 train 1.0000 test 0.3548
epoch 182/200 loss 0.0063 train 1.0000 test 0.3554
epoch 183/200 loss 0.0061 train 1.0000 test 0.3561
epoch 184/200 loss 0.0060 train 1.0000 test 0.3560
epoch 185/200 loss 0.0061 train 1.0000 test 0.3539
epoch 186/200 loss 0.0063 train 1.0000 test 0.3556
epoch 187/200 loss 0.0061 train 1.0000 test 0.3559
epoch 188/200 loss 0.0061 train 0.9998 test 0.3556
epoch 189/200 loss 0.0061 train 1.0000 test 0.3545
epoch 190/200 loss 0.0061 train 1.0000 test 0.3570
epoch 191/200 loss 0.0063 train 0.9998 test 0.3570
epoch 192/200 loss 0.0061 train 1.0000 test 0.3571
epoch 193/200 loss 0.0063 train 0.9998 test 0.3559
epoch 194/200 loss 0.0061 train 1.0000 test 0.3558
epoch 195/200 loss 0.0062 train 1.0000 test 0.3555
epoch 196/200 loss 0.0062 train 1.0000 test 0.3569
epoch 197/200 loss 0.0061 train 1.0000 test 0.3557
epoch 198/200 loss 0.0063 train 1.0000 test 0.3571
epoch 199/200 loss 0.0063 train 0.9998 test 0.3555
epoch 200/200 loss 0.0060 train 1.0000 test 0.3564
done: final 0.3564 best 0.3592 -> ./runs/enste_10pct/seed2
ENSTE_10PCT_DONE
ENSTE_LOWDATA_COMPLETE
