FOLLOWUP2_PROBE_START tin_none_1pct default
FOLLOWUP2_PROBE_START tin_none_1pct default
tin_none_1pct seed0: probe train 26.28  test 19.53
      25 shots/class (n= 5000): test 9.01
      50 shots/class (n=10000): test 11.93
     100 shots/class (n=20000): test 14.89
     250 shots/class (n=50000): test 18.18
tin_none_1pct seed1: probe train 25.51  test 18.81
      25 shots/class (n= 5000): test 8.79
      50 shots/class (n=10000): test 11.01
     100 shots/class (n=20000): test 14.03
     250 shots/class (n=50000): test 17.31
tin_none_1pct seed2: probe train 25.42  test 18.69
      25 shots/class (n= 5000): test 8.75
      50 shots/class (n=10000): test 11.18
     100 shots/class (n=20000): test 13.58
     250 shots/class (n=50000): test 17.10
tin_none_1pct seed3: probe train 25.76  test 19.39
      25 shots/class (n= 5000): test 8.89
      50 shots/class (n=10000): test 11.53
     100 shots/class (n=20000): test 14.48
     250 shots/class (n=50000): test 17.90
tin_none_1pct seed4: probe train 26.12  test 19.60
      25 shots/class (n= 5000): test 9.11
      50 shots/class (n=10000): test 11.39
     100 shots/class (n=20000): test 14.87
     250 shots/class (n=50000): test 18.14
tin_none_1pct seed5: probe train 25.98  test 19.38
      25 shots/class (n= 5000): test 9.22
      50 shots/class (n=10000): test 11.60
     100 shots/class (n=20000): test 14.57
     250 shots/class (n=50000): test 18.03
tin_none_1pct seed6: probe train 25.98  test 19.67
      25 shots/class (n= 5000): test 9.50
      50 shots/class (n=10000): test 11.79
     100 shots/class (n=20000): test 14.70
     250 shots/class (n=50000): test 18.18
tin_none_1pct seed7: probe train 25.78  test 19.46
      25 shots/class (n= 5000): test 8.88
      50 shots/class (n=10000): test 11.25
     100 shots/class (n=20000): test 14.57
     250 shots/class (n=50000): test 17.45
tin_none_1pct seed8: probe train 25.64  test 18.97
      25 shots/class (n= 5000): test 8.08
      50 shots/class (n=10000): test 10.62
     100 shots/class (n=20000): test 14.04
     250 shots/class (n=50000): test 17.21
tin_none_1pct seed9: probe train 25.75  test 19.20
      25 shots/class (n= 5000): test 8.84
      50 shots/class (n=10000): test 11.09
     100 shots/class (n=20000): test 14.11
     250 shots/class (n=50000): test 18.04
PROBE_RESULT tin_none_1pct test 19.27+/-0.34 over 10 seeds -> runs/tin_none_1pct/linear_probe.json
FOLLOWUP2_PROBE_DONE tin_none_1pct default
FOLLOWUP2_PROBE_START tin_aux_1pct default
tin_aux_1pct seed0: probe train 30.87  test 23.60
      25 shots/class (n= 5000): test 11.49
      50 shots/class (n=10000): test 14.48
     100 shots/class (n=20000): test 17.98
     250 shots/class (n=50000): test 21.86
tin_aux_1pct seed1: probe train 30.52  test 23.20
      25 shots/class (n= 5000): test 11.85
      50 shots/class (n=10000): test 15.03
     100 shots/class (n=20000): test 18.34
     250 shots/class (n=50000): test 21.52
tin_aux_1pct seed2: probe train 30.70  test 23.14
      25 shots/class (n= 5000): test 11.36
      50 shots/class (n=10000): test 14.31
     100 shots/class (n=20000): test 17.77
     250 shots/class (n=50000): test 21.64
tin_aux_1pct seed3: probe train 30.52  test 24.11
      25 shots/class (n= 5000): test 11.50
      50 shots/class (n=10000): test 14.19
     100 shots/class (n=20000): test 17.86
     250 shots/class (n=50000): test 21.90
tin_aux_1pct seed4: probe train 30.83  test 23.63
      25 shots/class (n= 5000): test 10.93
      50 shots/class (n=10000): test 14.89
     100 shots/class (n=20000): test 17.86
     250 shots/class (n=50000): test 21.78
tin_aux_1pct seed5: probe train 30.63  test 23.51
      25 shots/class (n= 5000): test 11.56
      50 shots/class (n=10000): test 14.43
     100 shots/class (n=20000): test 17.37
     250 shots/class (n=50000): test 21.76
tin_aux_1pct seed6: probe train 30.53  test 23.26
      25 shots/class (n= 5000): test 11.32
      50 shots/class (n=10000): test 14.28
     100 shots/class (n=20000): test 17.49
     250 shots/class (n=50000): test 21.86
tin_aux_1pct seed7: probe train 30.92  test 23.49
      25 shots/class (n= 5000): test 11.88
      50 shots/class (n=10000): test 13.94
     100 shots/class (n=20000): test 17.84
     250 shots/class (n=50000): test 21.77
tin_aux_1pct seed8: probe train 30.39  test 23.04
      25 shots/class (n= 5000): test 11.35
      50 shots/class (n=10000): test 13.94
     100 shots/class (n=20000): test 17.35
     250 shots/class (n=50000): test 21.52
tin_aux_1pct seed9: probe train 30.78  test 23.60
      25 shots/class (n= 5000): test 11.40
      50 shots/class (n=10000): test 14.51
     100 shots/class (n=20000): test 18.23
     250 shots/class (n=50000): test 21.87
PROBE_RESULT tin_aux_1pct test 23.46+/-0.31 over 10 seeds -> runs/tin_aux_1pct/linear_probe.json
FOLLOWUP2_PROBE_DONE tin_aux_1pct default
FOLLOWUP2_PROBE_START tin20_none tin
tin20_none seed0: probe train 32.50  test 24.70
      25 shots/class (n= 5000): test 11.94
      50 shots/class (n=10000): test 14.72
     100 shots/class (n=20000): test 18.44
     250 shots/class (n=50000): test 22.57
tin20_none seed1: probe train 31.21  test 23.14
      25 shots/class (n= 5000): test 11.11
      50 shots/class (n=10000): test 14.04
     100 shots/class (n=20000): test 17.17
     250 shots/class (n=50000): test 21.05
tin20_none seed2: probe train 31.59  test 23.80
      25 shots/class (n= 5000): test 11.40
      50 shots/class (n=10000): test 13.86
     100 shots/class (n=20000): test 17.59
     250 shots/class (n=50000): test 22.11
tin20_none seed3: probe train 31.25  test 23.46
      25 shots/class (n= 5000): test 10.87
      50 shots/class (n=10000): test 13.68
     100 shots/class (n=20000): test 17.02
     250 shots/class (n=50000): test 21.30
tin20_none seed4: probe train 31.79  test 23.94
      25 shots/class (n= 5000): test 11.26
      50 shots/class (n=10000): test 14.62
     100 shots/class (n=20000): test 17.74
     250 shots/class (n=50000): test 21.99
tin20_none seed5: probe train 31.43  test 23.57
      25 shots/class (n= 5000): test 10.87
      50 shots/class (n=10000): test 14.06
     100 shots/class (n=20000): test 17.79
     250 shots/class (n=50000): test 22.07
tin20_none seed6: probe train 31.43  test 23.09
      25 shots/class (n= 5000): test 10.94
      50 shots/class (n=10000): test 13.36
     100 shots/class (n=20000): test 16.86
     250 shots/class (n=50000): test 21.34
tin20_none seed7: probe train 31.69  test 23.67
      25 shots/class (n= 5000): test 11.46
      50 shots/class (n=10000): test 13.92
     100 shots/class (n=20000): test 17.54
     250 shots/class (n=50000): test 21.67
tin20_none seed8: probe train 31.31  test 23.59
      25 shots/class (n= 5000): test 10.99
      50 shots/class (n=10000): test 13.61
     100 shots/class (n=20000): test 17.04
     250 shots/class (n=50000): test 21.61
tin20_none seed9: probe train 31.68  test 24.11
      25 shots/class (n= 5000): test 11.11
      50 shots/class (n=10000): test 13.86
     100 shots/class (n=20000): test 17.81
     250 shots/class (n=50000): test 21.76
PROBE_RESULT tin20_none test 23.71+/-0.47 over 10 seeds -> runs/tin20_none/linear_probe_tin.json
FOLLOWUP2_PROBE_DONE tin20_none tin
FOLLOWUP2_PROBE_START tin20_aux tin
tin20_aux seed0: probe train 35.10  test 26.61
      25 shots/class (n= 5000): test 13.24
      50 shots/class (n=10000): test 16.63
     100 shots/class (n=20000): test 20.18
     250 shots/class (n=50000): test 25.02
tin20_aux seed1: probe train 35.05  test 26.64
      25 shots/class (n= 5000): test 12.91
      50 shots/class (n=10000): test 16.38
     100 shots/class (n=20000): test 20.36
     250 shots/class (n=50000): test 24.95
tin20_aux seed2: probe train 34.96  test 26.75
      25 shots/class (n= 5000): test 13.24
      50 shots/class (n=10000): test 16.31
     100 shots/class (n=20000): test 20.07
     250 shots/class (n=50000): test 24.69
tin20_aux seed3: probe train 35.43  test 26.90
      25 shots/class (n= 5000): test 13.61
      50 shots/class (n=10000): test 16.52
     100 shots/class (n=20000): test 20.68
     250 shots/class (n=50000): test 24.90
tin20_aux seed4: probe train 35.01  test 26.77
      25 shots/class (n= 5000): test 12.91
      50 shots/class (n=10000): test 15.74
     100 shots/class (n=20000): test 19.81
     250 shots/class (n=50000): test 24.48
tin20_aux seed5: probe train 35.31  test 26.62
      25 shots/class (n= 5000): test 12.93
      50 shots/class (n=10000): test 16.28
     100 shots/class (n=20000): test 20.34
     250 shots/class (n=50000): test 24.96
tin20_aux seed6: probe train 35.01  test 26.92
      25 shots/class (n= 5000): test 13.47
      50 shots/class (n=10000): test 16.46
     100 shots/class (n=20000): test 20.58
     250 shots/class (n=50000): test 24.53
tin20_aux seed7: probe train 35.26  test 27.02
      25 shots/class (n= 5000): test 13.03
      50 shots/class (n=10000): test 16.58
     100 shots/class (n=20000): test 20.18
     250 shots/class (n=50000): test 24.99
tin20_aux seed8: probe train 35.02  test 27.08
      25 shots/class (n= 5000): test 13.00
      50 shots/class (n=10000): test 16.60
     100 shots/class (n=20000): test 19.91
     250 shots/class (n=50000): test 24.87
tin20_aux seed9: probe train 34.83  test 26.52
      25 shots/class (n= 5000): test 13.08
      50 shots/class (n=10000): test 16.59
     100 shots/class (n=20000): test 20.02
     250 shots/class (n=50000): test 24.84
PROBE_RESULT tin20_aux test 26.78+/-0.19 over 10 seeds -> runs/tin20_aux/linear_probe_tin.json
FOLLOWUP2_PROBE_DONE tin20_aux tin
FOLLOWUP2_PROBE_START tin_none_1pct tin20
tin_none_1pct seed0: probe train 63.36  test 42.20
      25 shots/class (n=  500): test 25.70
      50 shots/class (n= 1000): test 27.70
     100 shots/class (n= 2000): test 32.40
     250 shots/class (n= 5000): test 35.90
tin_none_1pct seed1: probe train 62.57  test 40.00
      25 shots/class (n=  500): test 22.80
      50 shots/class (n= 1000): test 28.10
     100 shots/class (n= 2000): test 29.50
     250 shots/class (n= 5000): test 36.00
tin_none_1pct seed2: probe train 62.18  test 39.50
      25 shots/class (n=  500): test 23.80
      50 shots/class (n= 1000): test 27.50
     100 shots/class (n= 2000): test 31.60
     250 shots/class (n= 5000): test 37.00
tin_none_1pct seed3: probe train 62.28  test 41.50
      25 shots/class (n=  500): test 23.20
      50 shots/class (n= 1000): test 27.70
     100 shots/class (n= 2000): test 33.30
     250 shots/class (n= 5000): test 35.40
tin_none_1pct seed4: probe train 63.63  test 41.30
      25 shots/class (n=  500): test 23.40
      50 shots/class (n= 1000): test 27.40
     100 shots/class (n= 2000): test 31.00
     250 shots/class (n= 5000): test 36.40
tin_none_1pct seed5: probe train 63.38  test 40.30
      25 shots/class (n=  500): test 23.60
      50 shots/class (n= 1000): test 27.20
     100 shots/class (n= 2000): test 30.70
     250 shots/class (n= 5000): test 37.70
tin_none_1pct seed6: probe train 62.93  test 41.50
      25 shots/class (n=  500): test 22.00
      50 shots/class (n= 1000): test 28.40
     100 shots/class (n= 2000): test 31.80
     250 shots/class (n= 5000): test 38.10
tin_none_1pct seed7: probe train 63.01  test 42.70
      25 shots/class (n=  500): test 22.00
      50 shots/class (n= 1000): test 26.40
     100 shots/class (n= 2000): test 31.90
     250 shots/class (n= 5000): test 35.30
tin_none_1pct seed8: probe train 62.76  test 39.50
      25 shots/class (n=  500): test 22.40
      50 shots/class (n= 1000): test 27.00
     100 shots/class (n= 2000): test 30.50
     250 shots/class (n= 5000): test 34.10
tin_none_1pct seed9: probe train 62.85  test 40.50
      25 shots/class (n=  500): test 23.40
      50 shots/class (n= 1000): test 29.00
     100 shots/class (n= 2000): test 32.40
     250 shots/class (n= 5000): test 37.10
PROBE_RESULT tin_none_1pct test 40.90+/-1.11 over 10 seeds -> runs/tin_none_1pct/linear_probe_tin20.json
FOLLOWUP2_PROBE_DONE tin_none_1pct tin20
FOLLOWUP2_PROBE_START tin_aux_1pct tin20
tin_aux_1pct seed0: probe train 68.52  test 48.30
      25 shots/class (n=  500): test 30.20
      50 shots/class (n= 1000): test 34.80
     100 shots/class (n= 2000): test 37.80
     250 shots/class (n= 5000): test 43.30
tin_aux_1pct seed1: probe train 68.33  test 47.00
      25 shots/class (n=  500): test 29.70
      50 shots/class (n= 1000): test 31.60
     100 shots/class (n= 2000): test 36.20
     250 shots/class (n= 5000): test 42.30
tin_aux_1pct seed2: probe train 68.58  test 48.20
      25 shots/class (n=  500): test 30.20
      50 shots/class (n= 1000): test 34.80
     100 shots/class (n= 2000): test 38.00
     250 shots/class (n= 5000): test 41.90
tin_aux_1pct seed3: probe train 68.71  test 48.00
      25 shots/class (n=  500): test 29.90
      50 shots/class (n= 1000): test 33.20
     100 shots/class (n= 2000): test 39.10
     250 shots/class (n= 5000): test 44.30
tin_aux_1pct seed4: probe train 68.95  test 46.90
      25 shots/class (n=  500): test 30.10
      50 shots/class (n= 1000): test 33.10
     100 shots/class (n= 2000): test 36.80
     250 shots/class (n= 5000): test 43.80
tin_aux_1pct seed5: probe train 68.29  test 49.00
      25 shots/class (n=  500): test 32.10
      50 shots/class (n= 1000): test 33.40
     100 shots/class (n= 2000): test 38.70
     250 shots/class (n= 5000): test 42.30
tin_aux_1pct seed6: probe train 67.69  test 47.50
      25 shots/class (n=  500): test 28.70
      50 shots/class (n= 1000): test 30.80
     100 shots/class (n= 2000): test 36.70
     250 shots/class (n= 5000): test 42.60
tin_aux_1pct seed7: probe train 68.32  test 47.90
      25 shots/class (n=  500): test 29.90
      50 shots/class (n= 1000): test 33.20
     100 shots/class (n= 2000): test 37.90
     250 shots/class (n= 5000): test 44.20
tin_aux_1pct seed8: probe train 68.22  test 47.50
      25 shots/class (n=  500): test 31.80
      50 shots/class (n= 1000): test 31.80
     100 shots/class (n= 2000): test 36.70
     250 shots/class (n= 5000): test 42.80
tin_aux_1pct seed9: probe train 68.54  test 45.70
      25 shots/class (n=  500): test 29.30
      50 shots/class (n= 1000): test 32.70
     100 shots/class (n= 2000): test 38.10
     250 shots/class (n= 5000): test 44.20
PROBE_RESULT tin_aux_1pct test 47.60+/-0.92 over 10 seeds -> runs/tin_aux_1pct/linear_probe_tin20.json
FOLLOWUP2_PROBE_DONE tin_aux_1pct tin20
FOLLOWUP2_PROBE_START tin20_none default
tin20_none seed0: probe train 75.73  test 49.70
      25 shots/class (n=  500): test 41.40
      50 shots/class (n= 1000): test 43.30
     100 shots/class (n= 2000): test 43.00
     250 shots/class (n= 5000): test 48.40
tin20_none seed1: probe train 74.47  test 50.50
      25 shots/class (n=  500): test 39.40
      50 shots/class (n= 1000): test 40.50
     100 shots/class (n= 2000): test 40.70
     250 shots/class (n= 5000): test 46.60
tin20_none seed2: probe train 74.97  test 49.90
      25 shots/class (n=  500): test 39.40
      50 shots/class (n= 1000): test 39.50
     100 shots/class (n= 2000): test 40.70
     250 shots/class (n= 5000): test 45.20
tin20_none seed3: probe train 74.33  test 50.90
      25 shots/class (n=  500): test 38.80
      50 shots/class (n= 1000): test 40.20
     100 shots/class (n= 2000): test 40.50
     250 shots/class (n= 5000): test 43.70
tin20_none seed4: probe train 73.89  test 50.80
      25 shots/class (n=  500): test 40.70
      50 shots/class (n= 1000): test 41.90
     100 shots/class (n= 2000): test 43.60
     250 shots/class (n= 5000): test 47.80
tin20_none seed5: probe train 74.38  test 49.60
      25 shots/class (n=  500): test 39.50
      50 shots/class (n= 1000): test 40.60
     100 shots/class (n= 2000): test 40.40
     250 shots/class (n= 5000): test 45.20
tin20_none seed6: probe train 73.81  test 49.60
      25 shots/class (n=  500): test 38.60
      50 shots/class (n= 1000): test 39.50
     100 shots/class (n= 2000): test 42.80
     250 shots/class (n= 5000): test 47.20
tin20_none seed7: probe train 74.89  test 49.10
      25 shots/class (n=  500): test 39.20
      50 shots/class (n= 1000): test 39.50
     100 shots/class (n= 2000): test 40.50
     250 shots/class (n= 5000): test 45.20
tin20_none seed8: probe train 74.06  test 48.70
      25 shots/class (n=  500): test 39.10
      50 shots/class (n= 1000): test 40.10
     100 shots/class (n= 2000): test 41.30
     250 shots/class (n= 5000): test 44.60
tin20_none seed9: probe train 74.69  test 48.80
      25 shots/class (n=  500): test 40.30
      50 shots/class (n= 1000): test 40.50
     100 shots/class (n= 2000): test 41.70
     250 shots/class (n= 5000): test 45.20
PROBE_RESULT tin20_none test 49.76+/-0.78 over 10 seeds -> runs/tin20_none/linear_probe.json
FOLLOWUP2_PROBE_DONE tin20_none default
FOLLOWUP2_PROBE_START tin20_aux default
tin20_aux seed0: probe train 78.05  test 56.90
      25 shots/class (n=  500): test 46.10
      50 shots/class (n= 1000): test 46.20
     100 shots/class (n= 2000): test 47.00
     250 shots/class (n= 5000): test 49.50
tin20_aux seed1: probe train 77.64  test 55.30
      25 shots/class (n=  500): test 46.10
      50 shots/class (n= 1000): test 46.40
     100 shots/class (n= 2000): test 46.60
     250 shots/class (n= 5000): test 50.90
tin20_aux seed2: probe train 77.72  test 54.20
      25 shots/class (n=  500): test 45.00
      50 shots/class (n= 1000): test 45.80
     100 shots/class (n= 2000): test 44.40
     250 shots/class (n= 5000): test 50.20
tin20_aux seed3: probe train 78.36  test 56.10
      25 shots/class (n=  500): test 44.70
      50 shots/class (n= 1000): test 45.40
     100 shots/class (n= 2000): test 46.70
     250 shots/class (n= 5000): test 50.40
tin20_aux seed4: probe train 78.05  test 53.90
      25 shots/class (n=  500): test 45.40
      50 shots/class (n= 1000): test 46.40
     100 shots/class (n= 2000): test 45.90
     250 shots/class (n= 5000): test 50.20
tin20_aux seed5: probe train 77.71  test 53.80
      25 shots/class (n=  500): test 46.50
      50 shots/class (n= 1000): test 46.90
     100 shots/class (n= 2000): test 47.70
     250 shots/class (n= 5000): test 49.80
tin20_aux seed6: probe train 77.56  test 52.00
      25 shots/class (n=  500): test 45.30
      50 shots/class (n= 1000): test 45.20
     100 shots/class (n= 2000): test 46.10
     250 shots/class (n= 5000): test 50.30
tin20_aux seed7: probe train 77.36  test 56.00
      25 shots/class (n=  500): test 45.40
      50 shots/class (n= 1000): test 46.20
     100 shots/class (n= 2000): test 48.00
     250 shots/class (n= 5000): test 53.30
tin20_aux seed8: probe train 77.84  test 51.80
      25 shots/class (n=  500): test 45.50
      50 shots/class (n= 1000): test 46.00
     100 shots/class (n= 2000): test 47.10
     250 shots/class (n= 5000): test 49.70
tin20_aux seed9: probe train 77.78  test 53.40
      25 shots/class (n=  500): test 44.00
      50 shots/class (n= 1000): test 45.20
     100 shots/class (n= 2000): test 46.90
     250 shots/class (n= 5000): test 49.80
PROBE_RESULT tin20_aux test 54.34+/-1.72 over 10 seeds -> runs/tin20_aux/linear_probe.json
FOLLOWUP2_PROBE_DONE tin20_aux default
FOLLOWUP2_BUDGET_CONTROL_DONE
FOLLOWUP2_START tin20b_none_seed3
[tin20b_none seed3] {"params_trainable": 11179092, "params_stem_trainable": 0, "params_stem_fixed_filters": 0, "flops_total": 2226628608, "flops_stem": 0, "flops_image_size": 64}
epoch 1/200 loss 2.9907 train 0.0625 test 0.1100
epoch 2/200 loss 2.8387 train 0.1362 test 0.1350
epoch 3/200 loss 2.6999 train 0.1775 test 0.1670
epoch 4/200 loss 2.6297 train 0.1752 test 0.1880
epoch 5/200 loss 2.6018 train 0.2020 test 0.1970
epoch 6/200 loss 2.6046 train 0.1786 test 0.2220
epoch 7/200 loss 2.5659 train 0.2042 test 0.2040
epoch 8/200 loss 2.5560 train 0.1998 test 0.2050
epoch 9/200 loss 2.5454 train 0.2411 test 0.1890
epoch 10/200 loss 2.4815 train 0.2422 test 0.2310
epoch 11/200 loss 2.3755 train 0.2545 test 0.2620
epoch 12/200 loss 2.3507 train 0.2556 test 0.2840
epoch 13/200 loss 2.3009 train 0.2746 test 0.2470
epoch 14/200 loss 2.2577 train 0.2980 test 0.2600
epoch 15/200 loss 2.2129 train 0.3036 test 0.2290
epoch 16/200 loss 2.2321 train 0.3158 test 0.2860
epoch 17/200 loss 2.2671 train 0.3136 test 0.2710
epoch 18/200 loss 2.1187 train 0.3248 test 0.2560
epoch 19/200 loss 2.0442 train 0.3750 test 0.2430
epoch 20/200 loss 2.0133 train 0.3616 test 0.2650
epoch 21/200 loss 2.0357 train 0.3850 test 0.2770
epoch 22/200 loss 1.9083 train 0.4096 test 0.3200
epoch 23/200 loss 1.9057 train 0.4185 test 0.1900
epoch 24/200 loss 1.8927 train 0.3873 test 0.2280
epoch 25/200 loss 1.9230 train 0.4074 test 0.2650
epoch 26/200 loss 1.8439 train 0.4051 test 0.2970
epoch 27/200 loss 1.8352 train 0.4196 test 0.2440
epoch 28/200 loss 1.8032 train 0.4096 test 0.3030
epoch 29/200 loss 1.7489 train 0.4475 test 0.2740
epoch 30/200 loss 1.7176 train 0.4554 test 0.3190
epoch 31/200 loss 1.6490 train 0.4598 test 0.2980
epoch 32/200 loss 1.6657 train 0.4632 test 0.3050
epoch 33/200 loss 1.6415 train 0.4933 test 0.2810
epoch 34/200 loss 1.6105 train 0.4922 test 0.3090
epoch 35/200 loss 1.5809 train 0.5000 test 0.3200
epoch 36/200 loss 1.5641 train 0.5022 test 0.3000
epoch 37/200 loss 1.5046 train 0.5290 test 0.2350
epoch 38/200 loss 1.5219 train 0.5167 test 0.3080
epoch 39/200 loss 1.5002 train 0.5089 test 0.3170
epoch 40/200 loss 1.4726 train 0.5558 test 0.3190
epoch 41/200 loss 1.4499 train 0.5424 test 0.3000
epoch 42/200 loss 1.4098 train 0.5357 test 0.2760
epoch 43/200 loss 1.3708 train 0.5379 test 0.3130
epoch 44/200 loss 1.2638 train 0.5871 test 0.3420
epoch 45/200 loss 1.1980 train 0.6395 test 0.2790
epoch 46/200 loss 1.2558 train 0.6016 test 0.3070
epoch 47/200 loss 1.2190 train 0.6116 test 0.3340
epoch 48/200 loss 1.1946 train 0.6094 test 0.3490
epoch 49/200 loss 1.1231 train 0.6417 test 0.3750
epoch 50/200 loss 1.0669 train 0.6730 test 0.3530
epoch 51/200 loss 1.0911 train 0.6440 test 0.3200
epoch 52/200 loss 1.0150 train 0.6618 test 0.3440
epoch 53/200 loss 0.9799 train 0.6908 test 0.3600
epoch 54/200 loss 0.9258 train 0.6998 test 0.3480
epoch 55/200 loss 0.9005 train 0.7221 test 0.3300
epoch 56/200 loss 0.8435 train 0.7221 test 0.3570
epoch 57/200 loss 0.7983 train 0.7422 test 0.3500
epoch 58/200 loss 0.7818 train 0.7500 test 0.3620
epoch 59/200 loss 0.7958 train 0.7366 test 0.3430
epoch 60/200 loss 0.8215 train 0.7444 test 0.3500
epoch 61/200 loss 0.7111 train 0.7779 test 0.3610
epoch 62/200 loss 0.7317 train 0.7578 test 0.3420
epoch 63/200 loss 0.6798 train 0.7801 test 0.3320
epoch 64/200 loss 0.6726 train 0.7902 test 0.3400
epoch 65/200 loss 0.6966 train 0.7734 test 0.3700
epoch 66/200 loss 0.6492 train 0.7857 test 0.3840
epoch 67/200 loss 0.5644 train 0.8069 test 0.3650
epoch 68/200 loss 0.5872 train 0.8158 test 0.3630
epoch 69/200 loss 0.5444 train 0.8259 test 0.3910
epoch 70/200 loss 0.4947 train 0.8449 test 0.3670
epoch 71/200 loss 0.4322 train 0.8705 test 0.3730
epoch 72/200 loss 0.4004 train 0.8772 test 0.3740
epoch 73/200 loss 0.4049 train 0.8583 test 0.3750
epoch 74/200 loss 0.4050 train 0.8783 test 0.3610
epoch 75/200 loss 0.3386 train 0.8929 test 0.3580
epoch 76/200 loss 0.2945 train 0.9152 test 0.3810
epoch 77/200 loss 0.2813 train 0.9230 test 0.3520
epoch 78/200 loss 0.2705 train 0.9163 test 0.3730
epoch 79/200 loss 0.2076 train 0.9487 test 0.3930
epoch 80/200 loss 0.1888 train 0.9487 test 0.3810
epoch 81/200 loss 0.1800 train 0.9509 test 0.4000
epoch 82/200 loss 0.1909 train 0.9487 test 0.3910
epoch 83/200 loss 0.1810 train 0.9632 test 0.4050
epoch 84/200 loss 0.1605 train 0.9565 test 0.4080
epoch 85/200 loss 0.1691 train 0.9531 test 0.4080
epoch 86/200 loss 0.1212 train 0.9710 test 0.3880
epoch 87/200 loss 0.1418 train 0.9654 test 0.4030
epoch 88/200 loss 0.1162 train 0.9777 test 0.3850
epoch 89/200 loss 0.1230 train 0.9699 test 0.3690
epoch 90/200 loss 0.1345 train 0.9676 test 0.3710
epoch 91/200 loss 0.1266 train 0.9688 test 0.4070
epoch 92/200 loss 0.1289 train 0.9699 test 0.4020
epoch 93/200 loss 0.1105 train 0.9754 test 0.3910
epoch 94/200 loss 0.1072 train 0.9743 test 0.4010
epoch 95/200 loss 0.0987 train 0.9777 test 0.3960
epoch 96/200 loss 0.0938 train 0.9799 test 0.3870
epoch 97/200 loss 0.0976 train 0.9665 test 0.3860
epoch 98/200 loss 0.0732 train 0.9888 test 0.4150
epoch 99/200 loss 0.0763 train 0.9844 test 0.4090
epoch 100/200 loss 0.0737 train 0.9844 test 0.4200
epoch 101/200 loss 0.0471 train 0.9933 test 0.4000
epoch 102/200 loss 0.0511 train 0.9933 test 0.4100
epoch 103/200 loss 0.0364 train 0.9989 test 0.4280
epoch 104/200 loss 0.0337 train 0.9967 test 0.4340
epoch 105/200 loss 0.0242 train 0.9989 test 0.4330
epoch 106/200 loss 0.0189 train 0.9989 test 0.4290
epoch 107/200 loss 0.0207 train 0.9989 test 0.4410
epoch 108/200 loss 0.0151 train 0.9989 test 0.4420
epoch 109/200 loss 0.0118 train 1.0000 test 0.4420
epoch 110/200 loss 0.0106 train 1.0000 test 0.4400
epoch 111/200 loss 0.0135 train 0.9989 test 0.4300
epoch 112/200 loss 0.0106 train 1.0000 test 0.4430
epoch 113/200 loss 0.0108 train 1.0000 test 0.4480
epoch 114/200 loss 0.0081 train 1.0000 test 0.4440
epoch 115/200 loss 0.0067 train 1.0000 test 0.4480
epoch 116/200 loss 0.0090 train 0.9989 test 0.4440
epoch 117/200 loss 0.0082 train 1.0000 test 0.4520
epoch 118/200 loss 0.0066 train 1.0000 test 0.4480
epoch 119/200 loss 0.0068 train 1.0000 test 0.4510
epoch 120/200 loss 0.0062 train 1.0000 test 0.4510
epoch 121/200 loss 0.0063 train 1.0000 test 0.4520
epoch 122/200 loss 0.0080 train 1.0000 test 0.4510
epoch 123/200 loss 0.0058 train 1.0000 test 0.4500
epoch 124/200 loss 0.0083 train 0.9989 test 0.4490
epoch 125/200 loss 0.0060 train 1.0000 test 0.4480
epoch 126/200 loss 0.0058 train 1.0000 test 0.4430
epoch 127/200 loss 0.0060 train 1.0000 test 0.4440
epoch 128/200 loss 0.0057 train 1.0000 test 0.4450
epoch 129/200 loss 0.0063 train 1.0000 test 0.4440
epoch 130/200 loss 0.0063 train 1.0000 test 0.4450
epoch 131/200 loss 0.0049 train 1.0000 test 0.4470
epoch 132/200 loss 0.0054 train 1.0000 test 0.4520
epoch 133/200 loss 0.0056 train 1.0000 test 0.4500
epoch 134/200 loss 0.0044 train 1.0000 test 0.4520
epoch 135/200 loss 0.0053 train 1.0000 test 0.4510
epoch 136/200 loss 0.0058 train 1.0000 test 0.4530
epoch 137/200 loss 0.0056 train 1.0000 test 0.4520
epoch 138/200 loss 0.0056 train 1.0000 test 0.4520
epoch 139/200 loss 0.0051 train 1.0000 test 0.4520
epoch 140/200 loss 0.0047 train 1.0000 test 0.4470
epoch 141/200 loss 0.0044 train 1.0000 test 0.4480
epoch 142/200 loss 0.0046 train 1.0000 test 0.4490
epoch 143/200 loss 0.0045 train 1.0000 test 0.4510
epoch 144/200 loss 0.0043 train 1.0000 test 0.4520
epoch 145/200 loss 0.0054 train 1.0000 test 0.4500
epoch 146/200 loss 0.0041 train 1.0000 test 0.4480
epoch 147/200 loss 0.0056 train 1.0000 test 0.4460
epoch 148/200 loss 0.0055 train 1.0000 test 0.4490
epoch 149/200 loss 0.0043 train 1.0000 test 0.4510
epoch 150/200 loss 0.0058 train 1.0000 test 0.4490
epoch 151/200 loss 0.0043 train 1.0000 test 0.4500
epoch 152/200 loss 0.0045 train 1.0000 test 0.4500
epoch 153/200 loss 0.0043 train 1.0000 test 0.4510
epoch 154/200 loss 0.0047 train 1.0000 test 0.4530
epoch 155/200 loss 0.0046 train 1.0000 test 0.4490
epoch 156/200 loss 0.0056 train 1.0000 test 0.4520
epoch 157/200 loss 0.0048 train 1.0000 test 0.4480
epoch 158/200 loss 0.0053 train 1.0000 test 0.4500
epoch 159/200 loss 0.0049 train 1.0000 test 0.4510
epoch 160/200 loss 0.0046 train 1.0000 test 0.4500
epoch 161/200 loss 0.0043 train 1.0000 test 0.4510
epoch 162/200 loss 0.0044 train 1.0000 test 0.4490
epoch 163/200 loss 0.0055 train 1.0000 test 0.4480
epoch 164/200 loss 0.0046 train 1.0000 test 0.4470
epoch 165/200 loss 0.0044 train 1.0000 test 0.4490
epoch 166/200 loss 0.0045 train 1.0000 test 0.4530
epoch 167/200 loss 0.0050 train 1.0000 test 0.4500
epoch 168/200 loss 0.0052 train 1.0000 test 0.4510
epoch 169/200 loss 0.0043 train 1.0000 test 0.4500
epoch 170/200 loss 0.0050 train 1.0000 test 0.4520
epoch 171/200 loss 0.0048 train 1.0000 test 0.4510
epoch 172/200 loss 0.0039 train 1.0000 test 0.4510
epoch 173/200 loss 0.0049 train 1.0000 test 0.4480
epoch 174/200 loss 0.0041 train 1.0000 test 0.4520
epoch 175/200 loss 0.0045 train 1.0000 test 0.4520
epoch 176/200 loss 0.0038 train 1.0000 test 0.4480
epoch 177/200 loss 0.0043 train 1.0000 test 0.4520
epoch 178/200 loss 0.0044 train 1.0000 test 0.4540
epoch 179/200 loss 0.0042 train 1.0000 test 0.4520
epoch 180/200 loss 0.0048 train 1.0000 test 0.4520
epoch 181/200 loss 0.0037 train 1.0000 test 0.4520
epoch 182/200 loss 0.0041 train 1.0000 test 0.4540
epoch 183/200 loss 0.0042 train 1.0000 test 0.4510
epoch 184/200 loss 0.0042 train 1.0000 test 0.4510
epoch 185/200 loss 0.0039 train 1.0000 test 0.4500
epoch 186/200 loss 0.0044 train 1.0000 test 0.4490
epoch 187/200 loss 0.0053 train 1.0000 test 0.4520
epoch 188/200 loss 0.0047 train 1.0000 test 0.4490
epoch 189/200 loss 0.0042 train 1.0000 test 0.4530
epoch 190/200 loss 0.0042 train 1.0000 test 0.4510
epoch 191/200 loss 0.0042 train 1.0000 test 0.4480
epoch 192/200 loss 0.0037 train 1.0000 test 0.4500
epoch 193/200 loss 0.0045 train 1.0000 test 0.4520
epoch 194/200 loss 0.0043 train 1.0000 test 0.4550
epoch 195/200 loss 0.0058 train 1.0000 test 0.4500
epoch 196/200 loss 0.0059 train 1.0000 test 0.4500
epoch 197/200 loss 0.0054 train 1.0000 test 0.4510
epoch 198/200 loss 0.0044 train 1.0000 test 0.4480
epoch 199/200 loss 0.0049 train 1.0000 test 0.4500
epoch 200/200 loss 0.0040 train 1.0000 test 0.4510
done: final 0.4510 best 0.4550 -> ./runs/tin20b_none/seed3
FOLLOWUP2_DONE tin20b_none_seed3
FOLLOWUP2_START tin20b_none_seed4
[tin20b_none seed4] {"params_trainable": 11179092, "params_stem_trainable": 0, "params_stem_fixed_filters": 0, "flops_total": 2226628608, "flops_stem": 0, "flops_image_size": 64}
epoch 1/200 loss 3.0312 train 0.0502 test 0.0780
epoch 2/200 loss 2.8822 train 0.1150 test 0.1120
epoch 3/200 loss 2.7349 train 0.1730 test 0.1050
epoch 4/200 loss 2.7092 train 0.1808 test 0.1790
epoch 5/200 loss 2.6435 train 0.1830 test 0.1420
epoch 6/200 loss 2.6390 train 0.1987 test 0.1840
epoch 7/200 loss 2.5100 train 0.2254 test 0.2340
epoch 8/200 loss 2.4662 train 0.2388 test 0.1970
epoch 9/200 loss 2.4474 train 0.2388 test 0.2180
epoch 10/200 loss 2.3815 train 0.2578 test 0.2380
epoch 11/200 loss 2.3643 train 0.2455 test 0.2630
epoch 12/200 loss 2.3505 train 0.2712 test 0.2370
epoch 13/200 loss 2.2701 train 0.2902 test 0.2480
epoch 14/200 loss 2.2187 train 0.3036 test 0.2370
epoch 15/200 loss 2.2906 train 0.2891 test 0.2330
epoch 16/200 loss 2.2254 train 0.2891 test 0.2880
epoch 17/200 loss 2.1990 train 0.3013 test 0.2820
epoch 18/200 loss 2.1328 train 0.3348 test 0.2830
epoch 19/200 loss 2.1338 train 0.3270 test 0.2420
epoch 20/200 loss 2.0636 train 0.3493 test 0.2800
epoch 21/200 loss 2.0363 train 0.3415 test 0.2380
epoch 22/200 loss 1.9845 train 0.3415 test 0.3050
epoch 23/200 loss 1.9378 train 0.3795 test 0.2900
epoch 24/200 loss 1.9810 train 0.3583 test 0.2860
epoch 25/200 loss 1.9085 train 0.3973 test 0.2970
epoch 26/200 loss 1.8342 train 0.4051 test 0.2850
epoch 27/200 loss 1.9106 train 0.3962 test 0.2640
epoch 28/200 loss 1.8670 train 0.4029 test 0.3310
epoch 29/200 loss 1.8147 train 0.4163 test 0.2920
epoch 30/200 loss 1.6967 train 0.4766 test 0.2160
epoch 31/200 loss 1.6894 train 0.4688 test 0.3130
epoch 32/200 loss 1.6634 train 0.4676 test 0.2630
epoch 33/200 loss 1.6667 train 0.4487 test 0.3030
epoch 34/200 loss 1.6505 train 0.4900 test 0.3480
epoch 35/200 loss 1.5828 train 0.4911 test 0.3200
epoch 36/200 loss 1.5904 train 0.4643 test 0.3440
epoch 37/200 loss 1.5833 train 0.4967 test 0.2990
epoch 38/200 loss 1.5765 train 0.4877 test 0.3390
epoch 39/200 loss 1.5221 train 0.4933 test 0.2960
epoch 40/200 loss 1.4208 train 0.5312 test 0.3470
epoch 41/200 loss 1.4244 train 0.5491 test 0.3020
epoch 42/200 loss 1.3683 train 0.5737 test 0.3040
epoch 43/200 loss 1.3317 train 0.5815 test 0.3690
epoch 44/200 loss 1.3194 train 0.5703 test 0.3250
epoch 45/200 loss 1.3973 train 0.5446 test 0.3480
epoch 46/200 loss 1.3234 train 0.5558 test 0.3460
epoch 47/200 loss 1.2515 train 0.5982 test 0.3190
epoch 48/200 loss 1.1911 train 0.6239 test 0.3390
epoch 49/200 loss 1.2347 train 0.6150 test 0.3290
epoch 50/200 loss 1.1024 train 0.6172 test 0.3110
epoch 51/200 loss 1.0814 train 0.6574 test 0.3210
epoch 52/200 loss 1.0373 train 0.6763 test 0.2790
epoch 53/200 loss 0.9737 train 0.6987 test 0.3740
epoch 54/200 loss 0.9024 train 0.7154 test 0.3570
epoch 55/200 loss 0.8612 train 0.7366 test 0.3700
epoch 56/200 loss 0.9011 train 0.7210 test 0.3440
epoch 57/200 loss 0.8300 train 0.7467 test 0.3690
epoch 58/200 loss 0.8229 train 0.7355 test 0.3720
epoch 59/200 loss 0.8285 train 0.7366 test 0.3290
epoch 60/200 loss 0.7649 train 0.7567 test 0.3520
epoch 61/200 loss 0.7304 train 0.7634 test 0.3650
epoch 62/200 loss 0.6995 train 0.7879 test 0.3460
epoch 63/200 loss 0.7075 train 0.7902 test 0.3840
epoch 64/200 loss 0.6268 train 0.8058 test 0.3330
epoch 65/200 loss 0.6637 train 0.7801 test 0.3580
epoch 66/200 loss 0.5868 train 0.8080 test 0.3380
epoch 67/200 loss 0.5862 train 0.8080 test 0.3190
epoch 68/200 loss 0.5770 train 0.8036 test 0.3420
epoch 69/200 loss 0.5493 train 0.8192 test 0.3720
epoch 70/200 loss 0.5154 train 0.8382 test 0.3700
epoch 71/200 loss 0.4717 train 0.8426 test 0.3920
epoch 72/200 loss 0.4832 train 0.8549 test 0.3350
epoch 73/200 loss 0.4423 train 0.8538 test 0.3700
epoch 74/200 loss 0.3688 train 0.8828 test 0.3930
epoch 75/200 loss 0.3722 train 0.8772 test 0.3620
epoch 76/200 loss 0.3192 train 0.9208 test 0.3750
epoch 77/200 loss 0.2611 train 0.9342 test 0.3900
epoch 78/200 loss 0.2548 train 0.9230 test 0.3880
epoch 79/200 loss 0.2403 train 0.9308 test 0.3660
epoch 80/200 loss 0.2540 train 0.9275 test 0.3550
epoch 81/200 loss 0.2392 train 0.9308 test 0.3950
epoch 82/200 loss 0.2134 train 0.9386 test 0.4220
epoch 83/200 loss 0.1747 train 0.9531 test 0.3800
epoch 84/200 loss 0.1611 train 0.9453 test 0.4000
epoch 85/200 loss 0.1534 train 0.9609 test 0.4010
epoch 86/200 loss 0.1265 train 0.9710 test 0.4060
epoch 87/200 loss 0.1214 train 0.9721 test 0.3910
epoch 88/200 loss 0.1024 train 0.9833 test 0.3980
epoch 89/200 loss 0.1081 train 0.9732 test 0.3970
epoch 90/200 loss 0.0780 train 0.9877 test 0.4250
epoch 91/200 loss 0.0755 train 0.9866 test 0.4160
epoch 92/200 loss 0.0638 train 0.9888 test 0.4150
epoch 93/200 loss 0.0620 train 0.9900 test 0.4000
epoch 94/200 loss 0.0706 train 0.9888 test 0.4260
epoch 95/200 loss 0.0657 train 0.9900 test 0.4040
epoch 96/200 loss 0.0553 train 0.9922 test 0.4110
epoch 97/200 loss 0.0591 train 0.9877 test 0.4200
epoch 98/200 loss 0.0498 train 0.9922 test 0.4160
epoch 99/200 loss 0.0432 train 0.9955 test 0.4200
epoch 100/200 loss 0.0310 train 0.9955 test 0.4170
epoch 101/200 loss 0.0384 train 0.9955 test 0.4250
epoch 102/200 loss 0.0233 train 0.9989 test 0.4520
epoch 103/200 loss 0.0180 train 1.0000 test 0.4350
epoch 104/200 loss 0.0240 train 0.9989 test 0.4340
epoch 105/200 loss 0.0172 train 1.0000 test 0.4290
epoch 106/200 loss 0.0148 train 1.0000 test 0.4330
epoch 107/200 loss 0.0119 train 1.0000 test 0.4300
epoch 108/200 loss 0.0094 train 1.0000 test 0.4330
epoch 109/200 loss 0.0088 train 1.0000 test 0.4330
epoch 110/200 loss 0.0116 train 0.9989 test 0.4410
epoch 111/200 loss 0.0106 train 1.0000 test 0.4370
epoch 112/200 loss 0.0102 train 0.9989 test 0.4360
epoch 113/200 loss 0.0121 train 0.9989 test 0.4370
epoch 114/200 loss 0.0121 train 0.9989 test 0.4420
epoch 115/200 loss 0.0081 train 1.0000 test 0.4490
epoch 116/200 loss 0.0086 train 1.0000 test 0.4480
epoch 117/200 loss 0.0089 train 1.0000 test 0.4460
epoch 118/200 loss 0.0076 train 1.0000 test 0.4390
epoch 119/200 loss 0.0109 train 1.0000 test 0.4370
epoch 120/200 loss 0.0075 train 1.0000 test 0.4320
epoch 121/200 loss 0.0130 train 0.9989 test 0.4340
epoch 122/200 loss 0.0071 train 1.0000 test 0.4310
epoch 123/200 loss 0.0078 train 1.0000 test 0.4340
epoch 124/200 loss 0.0072 train 1.0000 test 0.4440
epoch 125/200 loss 0.0070 train 1.0000 test 0.4480
epoch 126/200 loss 0.0062 train 1.0000 test 0.4460
epoch 127/200 loss 0.0058 train 1.0000 test 0.4510
epoch 128/200 loss 0.0065 train 1.0000 test 0.4440
epoch 129/200 loss 0.0064 train 1.0000 test 0.4440
epoch 130/200 loss 0.0065 train 1.0000 test 0.4470
epoch 131/200 loss 0.0071 train 0.9989 test 0.4510
epoch 132/200 loss 0.0064 train 1.0000 test 0.4450
epoch 133/200 loss 0.0057 train 1.0000 test 0.4490
epoch 134/200 loss 0.0062 train 1.0000 test 0.4450
epoch 135/200 loss 0.0064 train 1.0000 test 0.4370
epoch 136/200 loss 0.0050 train 1.0000 test 0.4360
epoch 137/200 loss 0.0057 train 1.0000 test 0.4380
epoch 138/200 loss 0.0053 train 1.0000 test 0.4400
epoch 139/200 loss 0.0058 train 1.0000 test 0.4440
epoch 140/200 loss 0.0060 train 1.0000 test 0.4440
epoch 141/200 loss 0.0058 train 1.0000 test 0.4450
epoch 142/200 loss 0.0047 train 1.0000 test 0.4390
epoch 143/200 loss 0.0058 train 1.0000 test 0.4440
epoch 144/200 loss 0.0047 train 1.0000 test 0.4460
epoch 145/200 loss 0.0045 train 1.0000 test 0.4480
epoch 146/200 loss 0.0052 train 1.0000 test 0.4460
epoch 147/200 loss 0.0045 train 1.0000 test 0.4450
epoch 148/200 loss 0.0042 train 1.0000 test 0.4450
epoch 149/200 loss 0.0052 train 1.0000 test 0.4440
epoch 150/200 loss 0.0052 train 1.0000 test 0.4460
epoch 151/200 loss 0.0049 train 1.0000 test 0.4470
epoch 152/200 loss 0.0047 train 1.0000 test 0.4440
epoch 153/200 loss 0.0049 train 1.0000 test 0.4430
epoch 154/200 loss 0.0051 train 1.0000 test 0.4460
epoch 155/200 loss 0.0041 train 1.0000 test 0.4460
epoch 156/200 loss 0.0050 train 1.0000 test 0.4480
epoch 157/200 loss 0.0046 train 1.0000 test 0.4470
epoch 158/200 loss 0.0045 train 1.0000 test 0.4490
epoch 159/200 loss 0.0049 train 1.0000 test 0.4490
epoch 160/200 loss 0.0043 train 1.0000 test 0.4460
epoch 161/200 loss 0.0049 train 1.0000 test 0.4440
epoch 162/200 loss 0.0054 train 1.0000 test 0.4490
epoch 163/200 loss 0.0040 train 1.0000 test 0.4520
epoch 164/200 loss 0.0043 train 1.0000 test 0.4510
epoch 165/200 loss 0.0051 train 1.0000 test 0.4480
epoch 166/200 loss 0.0048 train 1.0000 test 0.4470
epoch 167/200 loss 0.0049 train 1.0000 test 0.4450
epoch 168/200 loss 0.0039 train 1.0000 test 0.4470
epoch 169/200 loss 0.0050 train 1.0000 test 0.4480
epoch 170/200 loss 0.0059 train 0.9989 test 0.4490
epoch 171/200 loss 0.0040 train 1.0000 test 0.4440
epoch 172/200 loss 0.0045 train 1.0000 test 0.4440
epoch 173/200 loss 0.0054 train 1.0000 test 0.4470
epoch 174/200 loss 0.0038 train 1.0000 test 0.4480
epoch 175/200 loss 0.0049 train 1.0000 test 0.4500
epoch 176/200 loss 0.0041 train 1.0000 test 0.4510
epoch 177/200 loss 0.0040 train 1.0000 test 0.4480
epoch 178/200 loss 0.0045 train 1.0000 test 0.4470
epoch 179/200 loss 0.0043 train 1.0000 test 0.4480
epoch 180/200 loss 0.0041 train 1.0000 test 0.4510
epoch 181/200 loss 0.0047 train 1.0000 test 0.4470
epoch 182/200 loss 0.0044 train 1.0000 test 0.4450
epoch 183/200 loss 0.0047 train 1.0000 test 0.4490
epoch 184/200 loss 0.0041 train 1.0000 test 0.4490
epoch 185/200 loss 0.0040 train 1.0000 test 0.4510
epoch 186/200 loss 0.0058 train 1.0000 test 0.4490
epoch 187/200 loss 0.0047 train 1.0000 test 0.4470
epoch 188/200 loss 0.0037 train 1.0000 test 0.4480
epoch 189/200 loss 0.0047 train 1.0000 test 0.4500
epoch 190/200 loss 0.0045 train 1.0000 test 0.4460
epoch 191/200 loss 0.0046 train 1.0000 test 0.4470
epoch 192/200 loss 0.0045 train 1.0000 test 0.4490
epoch 193/200 loss 0.0044 train 1.0000 test 0.4470
epoch 194/200 loss 0.0039 train 1.0000 test 0.4470
epoch 195/200 loss 0.0042 train 1.0000 test 0.4450
epoch 196/200 loss 0.0045 train 1.0000 test 0.4440
epoch 197/200 loss 0.0042 train 1.0000 test 0.4520
epoch 198/200 loss 0.0045 train 1.0000 test 0.4460
epoch 199/200 loss 0.0048 train 1.0000 test 0.4500
epoch 200/200 loss 0.0040 train 1.0000 test 0.4470
done: final 0.4470 best 0.4520 -> ./runs/tin20b_none/seed4
FOLLOWUP2_DONE tin20b_none_seed4
FOLLOWUP2_START tin20b_none_seed5
[tin20b_none seed5] {"params_trainable": 11179092, "params_stem_trainable": 0, "params_stem_fixed_filters": 0, "flops_total": 2226628608, "flops_stem": 0, "flops_image_size": 64}
epoch 1/200 loss 2.9890 train 0.0670 test 0.1070
epoch 2/200 loss 2.8208 train 0.1384 test 0.1270
epoch 3/200 loss 2.7146 train 0.1451 test 0.1560
epoch 4/200 loss 2.6728 train 0.1752 test 0.2000
epoch 5/200 loss 2.5925 train 0.1953 test 0.2010
epoch 6/200 loss 2.5529 train 0.2199 test 0.2120
epoch 7/200 loss 2.5070 train 0.2277 test 0.2240
epoch 8/200 loss 2.4341 train 0.2623 test 0.2260
epoch 9/200 loss 2.4125 train 0.2567 test 0.2190
epoch 10/200 loss 2.4331 train 0.2500 test 0.1990
epoch 11/200 loss 2.4085 train 0.2556 test 0.2280
epoch 12/200 loss 2.3845 train 0.2533 test 0.2470
epoch 13/200 loss 2.3511 train 0.2623 test 0.2730
epoch 14/200 loss 2.2687 train 0.2846 test 0.1810
epoch 15/200 loss 2.2415 train 0.3002 test 0.2690
epoch 16/200 loss 2.1853 train 0.3136 test 0.2620
epoch 17/200 loss 2.1385 train 0.3449 test 0.2450
epoch 18/200 loss 2.1308 train 0.3248 test 0.2260
epoch 19/200 loss 2.0816 train 0.3482 test 0.2880
epoch 20/200 loss 2.0273 train 0.3594 test 0.2610
epoch 21/200 loss 2.0099 train 0.3627 test 0.2770
epoch 22/200 loss 2.0057 train 0.3783 test 0.2830
epoch 23/200 loss 2.0209 train 0.3359 test 0.2620
epoch 24/200 loss 1.9922 train 0.3783 test 0.2940
epoch 25/200 loss 1.9426 train 0.3761 test 0.2930
epoch 26/200 loss 1.9173 train 0.3996 test 0.2890
epoch 27/200 loss 1.8853 train 0.4007 test 0.2910
epoch 28/200 loss 1.8691 train 0.4241 test 0.2430
epoch 29/200 loss 1.8355 train 0.4185 test 0.3260
epoch 30/200 loss 1.7920 train 0.4520 test 0.3010
epoch 31/200 loss 1.7341 train 0.4498 test 0.3260
epoch 32/200 loss 1.7312 train 0.4386 test 0.2990
epoch 33/200 loss 1.6652 train 0.4632 test 0.2820
epoch 34/200 loss 1.6481 train 0.4877 test 0.3290
epoch 35/200 loss 1.6375 train 0.4710 test 0.2960
epoch 36/200 loss 1.6190 train 0.4632 test 0.3200
epoch 37/200 loss 1.6455 train 0.4844 test 0.3120
epoch 38/200 loss 1.5599 train 0.5022 test 0.3050
epoch 39/200 loss 1.5168 train 0.5223 test 0.3360
epoch 40/200 loss 1.4584 train 0.5246 test 0.3370
epoch 41/200 loss 1.4410 train 0.5480 test 0.3260
epoch 42/200 loss 1.4153 train 0.5424 test 0.3480
epoch 43/200 loss 1.3746 train 0.5547 test 0.3280
epoch 44/200 loss 1.3441 train 0.5737 test 0.3300
epoch 45/200 loss 1.2743 train 0.5848 test 0.3090
epoch 46/200 loss 1.2757 train 0.5938 test 0.3420
epoch 47/200 loss 1.2535 train 0.5915 test 0.3140
epoch 48/200 loss 1.1984 train 0.6049 test 0.3750
epoch 49/200 loss 1.1841 train 0.6138 test 0.3460
epoch 50/200 loss 1.1769 train 0.6328 test 0.3580
epoch 51/200 loss 1.1171 train 0.6306 test 0.3380
epoch 52/200 loss 1.0712 train 0.6663 test 0.3540
epoch 53/200 loss 1.0628 train 0.6708 test 0.3420
epoch 54/200 loss 0.9979 train 0.6864 test 0.3340
epoch 55/200 loss 0.9469 train 0.7009 test 0.3690
epoch 56/200 loss 0.9146 train 0.7165 test 0.3300
epoch 57/200 loss 0.8833 train 0.7165 test 0.3590
epoch 58/200 loss 0.8297 train 0.7411 test 0.3550
epoch 59/200 loss 0.8097 train 0.7344 test 0.3450
epoch 60/200 loss 0.8301 train 0.7232 test 0.2930
epoch 61/200 loss 0.7833 train 0.7489 test 0.3780
epoch 62/200 loss 0.7959 train 0.7667 test 0.3430
epoch 63/200 loss 0.7067 train 0.7578 test 0.3650
epoch 64/200 loss 0.7162 train 0.7679 test 0.3720
epoch 65/200 loss 0.6520 train 0.8069 test 0.3510
epoch 66/200 loss 0.6285 train 0.7946 test 0.3150
epoch 67/200 loss 0.5444 train 0.8359 test 0.3770
epoch 68/200 loss 0.5132 train 0.8538 test 0.3720
epoch 69/200 loss 0.5023 train 0.8404 test 0.3640
epoch 70/200 loss 0.4793 train 0.8549 test 0.3420
epoch 71/200 loss 0.4548 train 0.8627 test 0.3480
epoch 72/200 loss 0.4520 train 0.8560 test 0.3830
epoch 73/200 loss 0.4163 train 0.8717 test 0.3760
epoch 74/200 loss 0.4258 train 0.8605 test 0.3510
epoch 75/200 loss 0.4533 train 0.8583 test 0.3930
epoch 76/200 loss 0.3789 train 0.8806 test 0.3670
epoch 77/200 loss 0.3119 train 0.9141 test 0.3930
epoch 78/200 loss 0.3002 train 0.9074 test 0.3760
epoch 79/200 loss 0.3455 train 0.8929 test 0.3530
epoch 80/200 loss 0.2894 train 0.9152 test 0.3740
epoch 81/200 loss 0.2752 train 0.9185 test 0.4040
epoch 82/200 loss 0.2396 train 0.9330 test 0.3820
epoch 83/200 loss 0.2065 train 0.9475 test 0.3930
epoch 84/200 loss 0.1754 train 0.9554 test 0.3860
epoch 85/200 loss 0.1633 train 0.9576 test 0.3970
epoch 86/200 loss 0.1464 train 0.9609 test 0.4080
epoch 87/200 loss 0.1107 train 0.9754 test 0.3940
epoch 88/200 loss 0.1044 train 0.9799 test 0.3960
epoch 89/200 loss 0.1051 train 0.9743 test 0.3900
epoch 90/200 loss 0.0797 train 0.9833 test 0.4350
epoch 91/200 loss 0.0688 train 0.9877 test 0.4060
epoch 92/200 loss 0.0566 train 0.9911 test 0.4160
epoch 93/200 loss 0.0612 train 0.9911 test 0.4250
epoch 94/200 loss 0.0506 train 0.9944 test 0.4200
epoch 95/200 loss 0.0437 train 0.9911 test 0.4230
epoch 96/200 loss 0.0484 train 0.9944 test 0.4170
epoch 97/200 loss 0.0434 train 0.9967 test 0.4130
epoch 98/200 loss 0.0275 train 0.9955 test 0.4310
epoch 99/200 loss 0.0344 train 0.9967 test 0.4260
epoch 100/200 loss 0.0287 train 0.9967 test 0.4240
epoch 101/200 loss 0.0206 train 0.9989 test 0.4360
epoch 102/200 loss 0.0171 train 1.0000 test 0.4370
epoch 103/200 loss 0.0139 train 1.0000 test 0.4330
epoch 104/200 loss 0.0125 train 1.0000 test 0.4370
epoch 105/200 loss 0.0143 train 0.9989 test 0.4290
epoch 106/200 loss 0.0139 train 0.9989 test 0.4470
epoch 107/200 loss 0.0121 train 0.9989 test 0.4450
epoch 108/200 loss 0.0095 train 1.0000 test 0.4410
epoch 109/200 loss 0.0092 train 1.0000 test 0.4350
epoch 110/200 loss 0.0092 train 1.0000 test 0.4310
epoch 111/200 loss 0.0089 train 1.0000 test 0.4400
epoch 112/200 loss 0.0086 train 1.0000 test 0.4470
epoch 113/200 loss 0.0086 train 1.0000 test 0.4470
epoch 114/200 loss 0.0085 train 1.0000 test 0.4330
epoch 115/200 loss 0.0071 train 1.0000 test 0.4370
epoch 116/200 loss 0.0075 train 1.0000 test 0.4340
epoch 117/200 loss 0.0072 train 1.0000 test 0.4350
epoch 118/200 loss 0.0075 train 1.0000 test 0.4360
epoch 119/200 loss 0.0071 train 1.0000 test 0.4380
epoch 120/200 loss 0.0071 train 1.0000 test 0.4370
epoch 121/200 loss 0.0069 train 1.0000 test 0.4350
epoch 122/200 loss 0.0071 train 1.0000 test 0.4350
epoch 123/200 loss 0.0068 train 1.0000 test 0.4370
epoch 124/200 loss 0.0080 train 1.0000 test 0.4370
epoch 125/200 loss 0.0070 train 1.0000 test 0.4370
epoch 126/200 loss 0.0068 train 1.0000 test 0.4460
epoch 127/200 loss 0.0063 train 1.0000 test 0.4440
epoch 128/200 loss 0.0069 train 1.0000 test 0.4430
epoch 129/200 loss 0.0064 train 1.0000 test 0.4410
epoch 130/200 loss 0.0062 train 1.0000 test 0.4400
epoch 131/200 loss 0.0066 train 1.0000 test 0.4400
epoch 132/200 loss 0.0090 train 0.9978 test 0.4520
epoch 133/200 loss 0.0080 train 0.9989 test 0.4520
epoch 134/200 loss 0.0068 train 1.0000 test 0.4460
epoch 135/200 loss 0.0072 train 1.0000 test 0.4450
epoch 136/200 loss 0.0063 train 1.0000 test 0.4490
epoch 137/200 loss 0.0065 train 1.0000 test 0.4460
epoch 138/200 loss 0.0056 train 1.0000 test 0.4410
epoch 139/200 loss 0.0062 train 1.0000 test 0.4460
epoch 140/200 loss 0.0047 train 1.0000 test 0.4450
epoch 141/200 loss 0.0052 train 1.0000 test 0.4460
epoch 142/200 loss 0.0054 train 1.0000 test 0.4480
epoch 143/200 loss 0.0053 train 1.0000 test 0.4480
epoch 144/200 loss 0.0055 train 1.0000 test 0.4440
epoch 145/200 loss 0.0052 train 1.0000 test 0.4430
epoch 146/200 loss 0.0055 train 1.0000 test 0.4460
epoch 147/200 loss 0.0064 train 1.0000 test 0.4440
epoch 148/200 loss 0.0067 train 1.0000 test 0.4440
epoch 149/200 loss 0.0049 train 1.0000 test 0.4380
epoch 150/200 loss 0.0064 train 1.0000 test 0.4400
epoch 151/200 loss 0.0053 train 1.0000 test 0.4440
epoch 152/200 loss 0.0047 train 1.0000 test 0.4370
epoch 153/200 loss 0.0043 train 1.0000 test 0.4380
epoch 154/200 loss 0.0052 train 1.0000 test 0.4410
epoch 155/200 loss 0.0054 train 1.0000 test 0.4390
epoch 156/200 loss 0.0044 train 1.0000 test 0.4390
epoch 157/200 loss 0.0059 train 1.0000 test 0.4360
epoch 158/200 loss 0.0053 train 1.0000 test 0.4440
epoch 159/200 loss 0.0051 train 1.0000 test 0.4470
epoch 160/200 loss 0.0058 train 1.0000 test 0.4460
epoch 161/200 loss 0.0049 train 1.0000 test 0.4410
epoch 162/200 loss 0.0055 train 1.0000 test 0.4410
epoch 163/200 loss 0.0052 train 1.0000 test 0.4410
epoch 164/200 loss 0.0049 train 1.0000 test 0.4410
epoch 165/200 loss 0.0054 train 1.0000 test 0.4410
epoch 166/200 loss 0.0052 train 1.0000 test 0.4440
epoch 167/200 loss 0.0042 train 1.0000 test 0.4420
epoch 168/200 loss 0.0047 train 1.0000 test 0.4390
epoch 169/200 loss 0.0047 train 1.0000 test 0.4400
epoch 170/200 loss 0.0052 train 1.0000 test 0.4370
epoch 171/200 loss 0.0048 train 1.0000 test 0.4400
epoch 172/200 loss 0.0044 train 1.0000 test 0.4410
epoch 173/200 loss 0.0050 train 1.0000 test 0.4400
epoch 174/200 loss 0.0049 train 1.0000 test 0.4430
epoch 175/200 loss 0.0043 train 1.0000 test 0.4390
epoch 176/200 loss 0.0053 train 1.0000 test 0.4420
epoch 177/200 loss 0.0044 train 1.0000 test 0.4430
epoch 178/200 loss 0.0045 train 1.0000 test 0.4420
epoch 179/200 loss 0.0049 train 1.0000 test 0.4430
epoch 180/200 loss 0.0056 train 1.0000 test 0.4410
epoch 181/200 loss 0.0046 train 1.0000 test 0.4440
epoch 182/200 loss 0.0054 train 1.0000 test 0.4400
epoch 183/200 loss 0.0065 train 1.0000 test 0.4420
epoch 184/200 loss 0.0047 train 1.0000 test 0.4400
epoch 185/200 loss 0.0040 train 1.0000 test 0.4410
epoch 186/200 loss 0.0045 train 1.0000 test 0.4410
epoch 187/200 loss 0.0044 train 1.0000 test 0.4430
epoch 188/200 loss 0.0043 train 1.0000 test 0.4420
epoch 189/200 loss 0.0044 train 1.0000 test 0.4410
epoch 190/200 loss 0.0038 train 1.0000 test 0.4410
epoch 191/200 loss 0.0062 train 1.0000 test 0.4440
epoch 192/200 loss 0.0041 train 1.0000 test 0.4440
epoch 193/200 loss 0.0054 train 1.0000 test 0.4450
epoch 194/200 loss 0.0042 train 1.0000 test 0.4430
epoch 195/200 loss 0.0050 train 1.0000 test 0.4430
epoch 196/200 loss 0.0059 train 1.0000 test 0.4420
epoch 197/200 loss 0.0053 train 1.0000 test 0.4430
epoch 198/200 loss 0.0044 train 1.0000 test 0.4440
epoch 199/200 loss 0.0044 train 1.0000 test 0.4430
epoch 200/200 loss 0.0053 train 1.0000 test 0.4420
done: final 0.4420 best 0.4520 -> ./runs/tin20b_none/seed5
FOLLOWUP2_DONE tin20b_none_seed5
FOLLOWUP2_START tin20b_none_seed6
[tin20b_none seed6] {"params_trainable": 11179092, "params_stem_trainable": 0, "params_stem_fixed_filters": 0, "flops_total": 2226628608, "flops_stem": 0, "flops_image_size": 64}
epoch 1/200 loss 2.9813 train 0.0636 test 0.0760
epoch 2/200 loss 2.8440 train 0.1417 test 0.1510
epoch 3/200 loss 2.6914 train 0.1708 test 0.1570
epoch 4/200 loss 2.6636 train 0.1830 test 0.1840
epoch 5/200 loss 2.5574 train 0.2054 test 0.2040
epoch 6/200 loss 2.5321 train 0.1975 test 0.2000
epoch 7/200 loss 2.5182 train 0.2109 test 0.1900
epoch 8/200 loss 2.4789 train 0.2132 test 0.2200
epoch 9/200 loss 2.4527 train 0.2455 test 0.2020
epoch 10/200 loss 2.4121 train 0.2500 test 0.1890
epoch 11/200 loss 2.4176 train 0.2634 test 0.2630
epoch 12/200 loss 2.3590 train 0.2589 test 0.2170
epoch 13/200 loss 2.2836 train 0.2779 test 0.2620
epoch 14/200 loss 2.2729 train 0.2824 test 0.2300
epoch 15/200 loss 2.2610 train 0.2924 test 0.2170
epoch 16/200 loss 2.1962 train 0.3225 test 0.2530
epoch 17/200 loss 2.1355 train 0.3348 test 0.2460
epoch 18/200 loss 2.0742 train 0.3482 test 0.2790
epoch 19/200 loss 2.0927 train 0.3359 test 0.3060
epoch 20/200 loss 2.0475 train 0.3717 test 0.2740
epoch 21/200 loss 2.0414 train 0.3616 test 0.3040
epoch 22/200 loss 1.9614 train 0.3717 test 0.3000
epoch 23/200 loss 1.9164 train 0.3828 test 0.2720
epoch 24/200 loss 1.9571 train 0.3862 test 0.2400
epoch 25/200 loss 1.9011 train 0.4107 test 0.2150
epoch 26/200 loss 1.8776 train 0.3873 test 0.3070
epoch 27/200 loss 1.8650 train 0.4018 test 0.3070
epoch 28/200 loss 1.8006 train 0.4118 test 0.3100
epoch 29/200 loss 1.7862 train 0.4420 test 0.3020
epoch 30/200 loss 1.7730 train 0.4442 test 0.3230
epoch 31/200 loss 1.7002 train 0.4453 test 0.3270
epoch 32/200 loss 1.6515 train 0.4799 test 0.3190
epoch 33/200 loss 1.6490 train 0.4554 test 0.3350
epoch 34/200 loss 1.5918 train 0.5078 test 0.3530
epoch 35/200 loss 1.5915 train 0.5089 test 0.3140
epoch 36/200 loss 1.5499 train 0.4933 test 0.3010
epoch 37/200 loss 1.5291 train 0.5112 test 0.3370
epoch 38/200 loss 1.4536 train 0.5435 test 0.3190
epoch 39/200 loss 1.4354 train 0.5536 test 0.3020
epoch 40/200 loss 1.4052 train 0.5513 test 0.3150
epoch 41/200 loss 1.3775 train 0.5625 test 0.3010
epoch 42/200 loss 1.4171 train 0.5446 test 0.3360
epoch 43/200 loss 1.3428 train 0.5536 test 0.3570
epoch 44/200 loss 1.3140 train 0.5759 test 0.3220
epoch 45/200 loss 1.3092 train 0.5770 test 0.3310
epoch 46/200 loss 1.2488 train 0.5960 test 0.3290
epoch 47/200 loss 1.2279 train 0.6083 test 0.3340
epoch 48/200 loss 1.1767 train 0.6161 test 0.3280
epoch 49/200 loss 1.1155 train 0.6362 test 0.2010
epoch 50/200 loss 1.0986 train 0.6518 test 0.3160
epoch 51/200 loss 1.0440 train 0.6663 test 0.3280
epoch 52/200 loss 1.0208 train 0.6696 test 0.3470
epoch 53/200 loss 0.9879 train 0.6797 test 0.3710
epoch 54/200 loss 0.9423 train 0.6942 test 0.3460
epoch 55/200 loss 0.9596 train 0.6775 test 0.3490
epoch 56/200 loss 0.9017 train 0.7065 test 0.3640
epoch 57/200 loss 0.8751 train 0.7042 test 0.3430
epoch 58/200 loss 0.8184 train 0.7344 test 0.3530
epoch 59/200 loss 0.7503 train 0.7723 test 0.3290
epoch 60/200 loss 0.6959 train 0.7779 test 0.3680
epoch 61/200 loss 0.7027 train 0.7812 test 0.3880
epoch 62/200 loss 0.6350 train 0.8058 test 0.3730
epoch 63/200 loss 0.5959 train 0.8158 test 0.3790
epoch 64/200 loss 0.5808 train 0.8136 test 0.3820
epoch 65/200 loss 0.5380 train 0.8248 test 0.3530
epoch 66/200 loss 0.4942 train 0.8504 test 0.3290
epoch 67/200 loss 0.5055 train 0.8348 test 0.3810
epoch 68/200 loss 0.4542 train 0.8627 test 0.3590
epoch 69/200 loss 0.4427 train 0.8650 test 0.3780
epoch 70/200 loss 0.3884 train 0.8828 test 0.4010
epoch 71/200 loss 0.3902 train 0.8761 test 0.3680
epoch 72/200 loss 0.3772 train 0.8783 test 0.3540
epoch 73/200 loss 0.3605 train 0.8906 test 0.3610
epoch 74/200 loss 0.3498 train 0.9029 test 0.3710
epoch 75/200 loss 0.3042 train 0.9219 test 0.3940
epoch 76/200 loss 0.2993 train 0.9152 test 0.3810
epoch 77/200 loss 0.2770 train 0.9196 test 0.3910
epoch 78/200 loss 0.2524 train 0.9308 test 0.3460
epoch 79/200 loss 0.2240 train 0.9353 test 0.3710
epoch 80/200 loss 0.2009 train 0.9442 test 0.3850
epoch 81/200 loss 0.1921 train 0.9408 test 0.3810
epoch 82/200 loss 0.1998 train 0.9554 test 0.3780
epoch 83/200 loss 0.2027 train 0.9364 test 0.3960
epoch 84/200 loss 0.1774 train 0.9453 test 0.3850
epoch 85/200 loss 0.1495 train 0.9665 test 0.4030
epoch 86/200 loss 0.1411 train 0.9665 test 0.3970
epoch 87/200 loss 0.1421 train 0.9643 test 0.4000
epoch 88/200 loss 0.1225 train 0.9710 test 0.3850
epoch 89/200 loss 0.1037 train 0.9754 test 0.4140
epoch 90/200 loss 0.0963 train 0.9788 test 0.4020
epoch 91/200 loss 0.0747 train 0.9877 test 0.3990
epoch 92/200 loss 0.0646 train 0.9911 test 0.3960
epoch 93/200 loss 0.0643 train 0.9911 test 0.4170
epoch 94/200 loss 0.0459 train 0.9944 test 0.3930
epoch 95/200 loss 0.0471 train 0.9922 test 0.4200
epoch 96/200 loss 0.0358 train 0.9967 test 0.4060
epoch 97/200 loss 0.0265 train 0.9955 test 0.4050
epoch 98/200 loss 0.0286 train 0.9989 test 0.4250
epoch 99/200 loss 0.0206 train 0.9978 test 0.4040
epoch 100/200 loss 0.0169 train 1.0000 test 0.4440
epoch 101/200 loss 0.0155 train 1.0000 test 0.4520
epoch 102/200 loss 0.0115 train 1.0000 test 0.4450
epoch 103/200 loss 0.0108 train 1.0000 test 0.4460
epoch 104/200 loss 0.0093 train 1.0000 test 0.4560
epoch 105/200 loss 0.0096 train 1.0000 test 0.4560
epoch 106/200 loss 0.0110 train 1.0000 test 0.4430
epoch 107/200 loss 0.0092 train 1.0000 test 0.4420
epoch 108/200 loss 0.0092 train 1.0000 test 0.4560
epoch 109/200 loss 0.0094 train 0.9989 test 0.4530
epoch 110/200 loss 0.0087 train 0.9989 test 0.4400
epoch 111/200 loss 0.0083 train 1.0000 test 0.4490
epoch 112/200 loss 0.0067 train 1.0000 test 0.4510
epoch 113/200 loss 0.0089 train 0.9989 test 0.4530
epoch 114/200 loss 0.0073 train 1.0000 test 0.4470
epoch 115/200 loss 0.0084 train 1.0000 test 0.4510
epoch 116/200 loss 0.0089 train 0.9989 test 0.4380
epoch 117/200 loss 0.0081 train 1.0000 test 0.4460
epoch 118/200 loss 0.0067 train 1.0000 test 0.4470
epoch 119/200 loss 0.0059 train 1.0000 test 0.4460
epoch 120/200 loss 0.0073 train 1.0000 test 0.4520
epoch 121/200 loss 0.0059 train 1.0000 test 0.4540
epoch 122/200 loss 0.0050 train 1.0000 test 0.4510
epoch 123/200 loss 0.0068 train 1.0000 test 0.4560
epoch 124/200 loss 0.0061 train 1.0000 test 0.4540
epoch 125/200 loss 0.0053 train 1.0000 test 0.4540
epoch 126/200 loss 0.0049 train 1.0000 test 0.4500
epoch 127/200 loss 0.0047 train 1.0000 test 0.4460
epoch 128/200 loss 0.0060 train 1.0000 test 0.4520
epoch 129/200 loss 0.0051 train 1.0000 test 0.4510
epoch 130/200 loss 0.0056 train 1.0000 test 0.4480
epoch 131/200 loss 0.0047 train 1.0000 test 0.4540
epoch 132/200 loss 0.0048 train 1.0000 test 0.4590
epoch 133/200 loss 0.0046 train 1.0000 test 0.4600
epoch 134/200 loss 0.0059 train 1.0000 test 0.4590
epoch 135/200 loss 0.0047 train 1.0000 test 0.4560
epoch 136/200 loss 0.0049 train 1.0000 test 0.4570
epoch 137/200 loss 0.0048 train 1.0000 test 0.4580
epoch 138/200 loss 0.0048 train 1.0000 test 0.4490
epoch 139/200 loss 0.0044 train 1.0000 test 0.4500
epoch 140/200 loss 0.0049 train 1.0000 test 0.4500
epoch 141/200 loss 0.0042 train 1.0000 test 0.4530
epoch 142/200 loss 0.0046 train 1.0000 test 0.4530
epoch 143/200 loss 0.0058 train 1.0000 test 0.4550
epoch 144/200 loss 0.0046 train 1.0000 test 0.4580
epoch 145/200 loss 0.0045 train 1.0000 test 0.4580
epoch 146/200 loss 0.0051 train 1.0000 test 0.4560
epoch 147/200 loss 0.0056 train 1.0000 test 0.4560
epoch 148/200 loss 0.0044 train 1.0000 test 0.4580
epoch 149/200 loss 0.0051 train 1.0000 test 0.4550
epoch 150/200 loss 0.0051 train 1.0000 test 0.4540
epoch 151/200 loss 0.0045 train 1.0000 test 0.4530
epoch 152/200 loss 0.0048 train 1.0000 test 0.4510
epoch 153/200 loss 0.0047 train 1.0000 test 0.4530
epoch 154/200 loss 0.0044 train 1.0000 test 0.4570
epoch 155/200 loss 0.0044 train 1.0000 test 0.4580
epoch 156/200 loss 0.0046 train 1.0000 test 0.4580
epoch 157/200 loss 0.0050 train 1.0000 test 0.4560
epoch 158/200 loss 0.0040 train 1.0000 test 0.4550
epoch 159/200 loss 0.0044 train 1.0000 test 0.4530
epoch 160/200 loss 0.0056 train 1.0000 test 0.4580
epoch 161/200 loss 0.0040 train 1.0000 test 0.4580
epoch 162/200 loss 0.0046 train 1.0000 test 0.4550
epoch 163/200 loss 0.0049 train 1.0000 test 0.4490
epoch 164/200 loss 0.0054 train 1.0000 test 0.4520
epoch 165/200 loss 0.0053 train 1.0000 test 0.4560
epoch 166/200 loss 0.0048 train 1.0000 test 0.4500
epoch 167/200 loss 0.0040 train 1.0000 test 0.4510
epoch 168/200 loss 0.0043 train 1.0000 test 0.4570
epoch 169/200 loss 0.0042 train 1.0000 test 0.4570
epoch 170/200 loss 0.0044 train 1.0000 test 0.4590
epoch 171/200 loss 0.0048 train 1.0000 test 0.4560
epoch 172/200 loss 0.0048 train 1.0000 test 0.4520
epoch 173/200 loss 0.0045 train 1.0000 test 0.4560
epoch 174/200 loss 0.0041 train 1.0000 test 0.4560
epoch 175/200 loss 0.0046 train 1.0000 test 0.4580
epoch 176/200 loss 0.0041 train 1.0000 test 0.4570
epoch 177/200 loss 0.0037 train 1.0000 test 0.4540
epoch 178/200 loss 0.0040 train 1.0000 test 0.4560
epoch 179/200 loss 0.0043 train 1.0000 test 0.4560
epoch 180/200 loss 0.0039 train 1.0000 test 0.4580
epoch 181/200 loss 0.0041 train 1.0000 test 0.4590
epoch 182/200 loss 0.0041 train 1.0000 test 0.4600
epoch 183/200 loss 0.0043 train 1.0000 test 0.4600
epoch 184/200 loss 0.0039 train 1.0000 test 0.4600
epoch 185/200 loss 0.0042 train 1.0000 test 0.4550
epoch 186/200 loss 0.0041 train 1.0000 test 0.4560
epoch 187/200 loss 0.0044 train 1.0000 test 0.4550
epoch 188/200 loss 0.0042 train 1.0000 test 0.4550
epoch 189/200 loss 0.0040 train 1.0000 test 0.4580
epoch 190/200 loss 0.0044 train 1.0000 test 0.4560
epoch 191/200 loss 0.0048 train 1.0000 test 0.4540
epoch 192/200 loss 0.0038 train 1.0000 test 0.4540
epoch 193/200 loss 0.0046 train 1.0000 test 0.4570
epoch 194/200 loss 0.0047 train 1.0000 test 0.4550
epoch 195/200 loss 0.0050 train 1.0000 test 0.4580
epoch 196/200 loss 0.0049 train 1.0000 test 0.4540
epoch 197/200 loss 0.0052 train 1.0000 test 0.4560
epoch 198/200 loss 0.0039 train 1.0000 test 0.4550
epoch 199/200 loss 0.0046 train 1.0000 test 0.4540
epoch 200/200 loss 0.0045 train 1.0000 test 0.4570
done: final 0.4570 best 0.4600 -> ./runs/tin20b_none/seed6
FOLLOWUP2_DONE tin20b_none_seed6
FOLLOWUP2_START tin20b_none_seed7
[tin20b_none seed7] {"params_trainable": 11179092, "params_stem_trainable": 0, "params_stem_fixed_filters": 0, "flops_total": 2226628608, "flops_stem": 0, "flops_image_size": 64}
epoch 1/200 loss 2.9987 train 0.0703 test 0.0730
epoch 2/200 loss 2.8573 train 0.1172 test 0.1530
epoch 3/200 loss 2.7336 train 0.1719 test 0.1670
epoch 4/200 loss 2.6485 train 0.1763 test 0.1670
epoch 5/200 loss 2.6175 train 0.2109 test 0.2090
epoch 6/200 loss 2.5488 train 0.2176 test 0.2150
epoch 7/200 loss 2.4865 train 0.2098 test 0.1840
epoch 8/200 loss 2.4841 train 0.2444 test 0.2270
epoch 9/200 loss 2.4486 train 0.2333 test 0.2210
epoch 10/200 loss 2.4143 train 0.2612 test 0.2110
epoch 11/200 loss 2.3870 train 0.2522 test 0.2110
epoch 12/200 loss 2.3583 train 0.2567 test 0.2210
epoch 13/200 loss 2.2977 train 0.2779 test 0.2050
epoch 14/200 loss 2.3241 train 0.2567 test 0.2220
epoch 15/200 loss 2.3008 train 0.2623 test 0.2630
epoch 16/200 loss 2.1999 train 0.3058 test 0.2770
epoch 17/200 loss 2.1575 train 0.3214 test 0.1600
epoch 18/200 loss 2.1410 train 0.3058 test 0.2820
epoch 19/200 loss 2.1301 train 0.3449 test 0.2860
epoch 20/200 loss 2.1150 train 0.3371 test 0.2670
epoch 21/200 loss 2.0905 train 0.3359 test 0.3010
epoch 22/200 loss 1.9724 train 0.3873 test 0.2940
epoch 23/200 loss 1.9612 train 0.3627 test 0.2880
epoch 24/200 loss 1.9719 train 0.3984 test 0.2820
epoch 25/200 loss 1.9956 train 0.3538 test 0.2610
epoch 26/200 loss 1.9710 train 0.3761 test 0.2800
epoch 27/200 loss 1.8555 train 0.4018 test 0.3010
epoch 28/200 loss 1.8011 train 0.4330 test 0.3100
epoch 29/200 loss 1.7975 train 0.4152 test 0.2940
epoch 30/200 loss 1.8174 train 0.4107 test 0.3230
epoch 31/200 loss 1.7637 train 0.4308 test 0.3090
epoch 32/200 loss 1.7186 train 0.4632 test 0.3080
epoch 33/200 loss 1.6625 train 0.4743 test 0.2970
epoch 34/200 loss 1.6712 train 0.4799 test 0.3120
epoch 35/200 loss 1.5772 train 0.4844 test 0.3270
epoch 36/200 loss 1.6046 train 0.4788 test 0.3210
epoch 37/200 loss 1.5497 train 0.5089 test 0.3280
epoch 38/200 loss 1.5379 train 0.5078 test 0.3080
epoch 39/200 loss 1.5608 train 0.5067 test 0.2830
epoch 40/200 loss 1.5171 train 0.5234 test 0.3280
epoch 41/200 loss 1.4603 train 0.5379 test 0.3160
epoch 42/200 loss 1.4279 train 0.5536 test 0.3490
epoch 43/200 loss 1.3876 train 0.5558 test 0.3390
epoch 44/200 loss 1.3444 train 0.5647 test 0.3240
epoch 45/200 loss 1.3135 train 0.5848 test 0.2930
epoch 46/200 loss 1.2751 train 0.6016 test 0.3450
epoch 47/200 loss 1.2323 train 0.5982 test 0.3160
epoch 48/200 loss 1.1817 train 0.6205 test 0.3330
epoch 49/200 loss 1.1732 train 0.6183 test 0.3520
epoch 50/200 loss 1.2106 train 0.6127 test 0.3360
epoch 51/200 loss 1.0732 train 0.6562 test 0.3420
epoch 52/200 loss 1.0841 train 0.6373 test 0.3330
epoch 53/200 loss 0.9558 train 0.7009 test 0.3500
epoch 54/200 loss 0.9276 train 0.6998 test 0.3400
epoch 55/200 loss 0.9033 train 0.7176 test 0.3270
epoch 56/200 loss 0.9201 train 0.6975 test 0.3380
epoch 57/200 loss 0.9434 train 0.6987 test 0.3680
epoch 58/200 loss 0.8583 train 0.7132 test 0.3390
epoch 59/200 loss 0.8521 train 0.7121 test 0.3620
epoch 60/200 loss 0.7681 train 0.7589 test 0.3410
epoch 61/200 loss 0.7029 train 0.7779 test 0.3570
epoch 62/200 loss 0.6706 train 0.8047 test 0.3460
epoch 63/200 loss 0.6471 train 0.7902 test 0.3490
epoch 64/200 loss 0.6819 train 0.7768 test 0.3600
epoch 65/200 loss 0.6793 train 0.7746 test 0.3320
epoch 66/200 loss 0.6211 train 0.7868 test 0.3130
epoch 67/200 loss 0.5329 train 0.8326 test 0.3750
epoch 68/200 loss 0.5006 train 0.8359 test 0.3260
epoch 69/200 loss 0.4910 train 0.8471 test 0.3530
epoch 70/200 loss 0.5100 train 0.8426 test 0.3580
epoch 71/200 loss 0.4822 train 0.8482 test 0.3310
epoch 72/200 loss 0.4503 train 0.8504 test 0.3650
epoch 73/200 loss 0.4370 train 0.8594 test 0.3570
epoch 74/200 loss 0.4400 train 0.8672 test 0.3740
epoch 75/200 loss 0.3654 train 0.8906 test 0.3710
epoch 76/200 loss 0.4189 train 0.8672 test 0.3850
epoch 77/200 loss 0.3884 train 0.8705 test 0.3720
epoch 78/200 loss 0.3252 train 0.9062 test 0.3630
epoch 79/200 loss 0.2535 train 0.9275 test 0.3770
epoch 80/200 loss 0.2535 train 0.9263 test 0.3640
epoch 81/200 loss 0.2362 train 0.9386 test 0.3890
epoch 82/200 loss 0.2106 train 0.9453 test 0.3870
epoch 83/200 loss 0.1880 train 0.9609 test 0.3700
epoch 84/200 loss 0.1724 train 0.9520 test 0.3880
epoch 85/200 loss 0.1386 train 0.9710 test 0.3880
epoch 86/200 loss 0.1090 train 0.9777 test 0.3790
epoch 87/200 loss 0.1028 train 0.9810 test 0.4000
epoch 88/200 loss 0.0917 train 0.9788 test 0.3800
epoch 89/200 loss 0.1307 train 0.9710 test 0.3970
epoch 90/200 loss 0.0745 train 0.9922 test 0.4170
epoch 91/200 loss 0.0773 train 0.9821 test 0.4090
epoch 92/200 loss 0.0628 train 0.9900 test 0.3980
epoch 93/200 loss 0.0617 train 0.9911 test 0.4120
epoch 94/200 loss 0.0477 train 0.9944 test 0.4100
epoch 95/200 loss 0.0442 train 0.9967 test 0.3840
epoch 96/200 loss 0.0460 train 0.9967 test 0.4030
epoch 97/200 loss 0.0319 train 0.9989 test 0.4070
epoch 98/200 loss 0.0254 train 0.9989 test 0.4070
epoch 99/200 loss 0.0242 train 1.0000 test 0.4070
epoch 100/200 loss 0.0174 train 1.0000 test 0.4160
epoch 101/200 loss 0.0139 train 1.0000 test 0.4270
epoch 102/200 loss 0.0128 train 1.0000 test 0.4260
epoch 103/200 loss 0.0123 train 1.0000 test 0.4230
epoch 104/200 loss 0.0118 train 0.9989 test 0.4240
epoch 105/200 loss 0.0106 train 1.0000 test 0.4250
epoch 106/200 loss 0.0103 train 1.0000 test 0.4230
epoch 107/200 loss 0.0100 train 1.0000 test 0.4180
epoch 108/200 loss 0.0094 train 1.0000 test 0.4120
epoch 109/200 loss 0.0095 train 1.0000 test 0.4220
epoch 110/200 loss 0.0088 train 1.0000 test 0.4200
epoch 111/200 loss 0.0120 train 1.0000 test 0.4220
epoch 112/200 loss 0.0098 train 1.0000 test 0.4190
epoch 113/200 loss 0.0082 train 1.0000 test 0.4230
epoch 114/200 loss 0.0081 train 1.0000 test 0.4290
epoch 115/200 loss 0.0083 train 1.0000 test 0.4240
epoch 116/200 loss 0.0108 train 0.9989 test 0.4190
epoch 117/200 loss 0.0081 train 1.0000 test 0.4160
epoch 118/200 loss 0.0106 train 1.0000 test 0.4140
epoch 119/200 loss 0.0086 train 1.0000 test 0.4220
epoch 120/200 loss 0.0071 train 1.0000 test 0.4220
epoch 121/200 loss 0.0080 train 1.0000 test 0.4250
epoch 122/200 loss 0.0069 train 1.0000 test 0.4240
epoch 123/200 loss 0.0068 train 1.0000 test 0.4210
epoch 124/200 loss 0.0070 train 1.0000 test 0.4250
epoch 125/200 loss 0.0069 train 0.9989 test 0.4260
epoch 126/200 loss 0.0068 train 1.0000 test 0.4310
epoch 127/200 loss 0.0062 train 1.0000 test 0.4260
epoch 128/200 loss 0.0066 train 1.0000 test 0.4240
epoch 129/200 loss 0.0062 train 1.0000 test 0.4200
epoch 130/200 loss 0.0070 train 1.0000 test 0.4230
epoch 131/200 loss 0.0069 train 1.0000 test 0.4240
epoch 132/200 loss 0.0053 train 1.0000 test 0.4270
epoch 133/200 loss 0.0061 train 1.0000 test 0.4210
epoch 134/200 loss 0.0065 train 1.0000 test 0.4220
epoch 135/200 loss 0.0054 train 1.0000 test 0.4250
epoch 136/200 loss 0.0058 train 1.0000 test 0.4240
epoch 137/200 loss 0.0054 train 1.0000 test 0.4220
epoch 138/200 loss 0.0055 train 1.0000 test 0.4250
epoch 139/200 loss 0.0057 train 1.0000 test 0.4260
epoch 140/200 loss 0.0048 train 1.0000 test 0.4290
epoch 141/200 loss 0.0048 train 1.0000 test 0.4270
epoch 142/200 loss 0.0049 train 1.0000 test 0.4270
epoch 143/200 loss 0.0057 train 1.0000 test 0.4310
epoch 144/200 loss 0.0051 train 1.0000 test 0.4280
epoch 145/200 loss 0.0047 train 1.0000 test 0.4260
epoch 146/200 loss 0.0053 train 1.0000 test 0.4280
epoch 147/200 loss 0.0041 train 1.0000 test 0.4300
epoch 148/200 loss 0.0041 train 1.0000 test 0.4300
epoch 149/200 loss 0.0050 train 1.0000 test 0.4290
epoch 150/200 loss 0.0054 train 1.0000 test 0.4280
epoch 151/200 loss 0.0048 train 1.0000 test 0.4280
epoch 152/200 loss 0.0046 train 1.0000 test 0.4270
epoch 153/200 loss 0.0053 train 1.0000 test 0.4250
epoch 154/200 loss 0.0075 train 1.0000 test 0.4310
epoch 155/200 loss 0.0056 train 1.0000 test 0.4300
epoch 156/200 loss 0.0054 train 1.0000 test 0.4280
epoch 157/200 loss 0.0059 train 1.0000 test 0.4280
epoch 158/200 loss 0.0058 train 1.0000 test 0.4270
epoch 159/200 loss 0.0055 train 1.0000 test 0.4310
epoch 160/200 loss 0.0046 train 1.0000 test 0.4310
epoch 161/200 loss 0.0045 train 1.0000 test 0.4300
epoch 162/200 loss 0.0045 train 1.0000 test 0.4300
epoch 163/200 loss 0.0051 train 1.0000 test 0.4270
epoch 164/200 loss 0.0043 train 1.0000 test 0.4280
epoch 165/200 loss 0.0041 train 1.0000 test 0.4310
epoch 166/200 loss 0.0049 train 1.0000 test 0.4280
epoch 167/200 loss 0.0039 train 1.0000 test 0.4310
epoch 168/200 loss 0.0049 train 1.0000 test 0.4300
epoch 169/200 loss 0.0047 train 1.0000 test 0.4270
epoch 170/200 loss 0.0053 train 1.0000 test 0.4280
epoch 171/200 loss 0.0051 train 1.0000 test 0.4260
epoch 172/200 loss 0.0048 train 1.0000 test 0.4260
epoch 173/200 loss 0.0049 train 1.0000 test 0.4300
epoch 174/200 loss 0.0043 train 1.0000 test 0.4290
epoch 175/200 loss 0.0043 train 1.0000 test 0.4300
epoch 176/200 loss 0.0042 train 1.0000 test 0.4320
epoch 177/200 loss 0.0055 train 1.0000 test 0.4290
epoch 178/200 loss 0.0043 train 1.0000 test 0.4270
epoch 179/200 loss 0.0040 train 1.0000 test 0.4270
epoch 180/200 loss 0.0054 train 1.0000 test 0.4270
epoch 181/200 loss 0.0057 train 1.0000 test 0.4240
epoch 182/200 loss 0.0044 train 1.0000 test 0.4280
epoch 183/200 loss 0.0043 train 1.0000 test 0.4290
epoch 184/200 loss 0.0058 train 1.0000 test 0.4290
epoch 185/200 loss 0.0051 train 1.0000 test 0.4310
epoch 186/200 loss 0.0040 train 1.0000 test 0.4280
epoch 187/200 loss 0.0042 train 1.0000 test 0.4250
epoch 188/200 loss 0.0052 train 1.0000 test 0.4290
epoch 189/200 loss 0.0047 train 1.0000 test 0.4270
epoch 190/200 loss 0.0050 train 1.0000 test 0.4300
epoch 191/200 loss 0.0042 train 1.0000 test 0.4310
epoch 192/200 loss 0.0044 train 1.0000 test 0.4310
epoch 193/200 loss 0.0047 train 1.0000 test 0.4270
epoch 194/200 loss 0.0041 train 1.0000 test 0.4300
epoch 195/200 loss 0.0054 train 1.0000 test 0.4280
epoch 196/200 loss 0.0052 train 1.0000 test 0.4280
epoch 197/200 loss 0.0045 train 1.0000 test 0.4310
epoch 198/200 loss 0.0044 train 1.0000 test 0.4320
epoch 199/200 loss 0.0044 train 1.0000 test 0.4270
epoch 200/200 loss 0.0044 train 1.0000 test 0.4300
done: final 0.4300 best 0.4320 -> ./runs/tin20b_none/seed7
FOLLOWUP2_DONE tin20b_none_seed7
FOLLOWUP2_START tin20b_none_seed8
[tin20b_none seed8] {"params_trainable": 11179092, "params_stem_trainable": 0, "params_stem_fixed_filters": 0, "flops_total": 2226628608, "flops_stem": 0, "flops_image_size": 64}
epoch 1/200 loss 2.9736 train 0.0904 test 0.1010
epoch 2/200 loss 2.8314 train 0.1406 test 0.1250
epoch 3/200 loss 2.7569 train 0.1484 test 0.1960
epoch 4/200 loss 2.7321 train 0.1607 test 0.1570
epoch 5/200 loss 2.6768 train 0.1864 test 0.1730
epoch 6/200 loss 2.6348 train 0.2009 test 0.2090
epoch 7/200 loss 2.5577 train 0.2333 test 0.1630
epoch 8/200 loss 2.4919 train 0.2098 test 0.2190
epoch 9/200 loss 2.3911 train 0.2511 test 0.2270
epoch 10/200 loss 2.3873 train 0.2511 test 0.2450
epoch 11/200 loss 2.3496 train 0.2667 test 0.2550
epoch 12/200 loss 2.3101 train 0.2857 test 0.2260
epoch 13/200 loss 2.2548 train 0.2857 test 0.2710
epoch 14/200 loss 2.2344 train 0.2935 test 0.2500
epoch 15/200 loss 2.2044 train 0.3136 test 0.2440
epoch 16/200 loss 2.1253 train 0.3359 test 0.2980
epoch 17/200 loss 2.1141 train 0.3538 test 0.2700
epoch 18/200 loss 2.1006 train 0.3404 test 0.2800
epoch 19/200 loss 2.0611 train 0.3616 test 0.2430
epoch 20/200 loss 2.0369 train 0.3638 test 0.2720
epoch 21/200 loss 2.0070 train 0.3605 test 0.2590
epoch 22/200 loss 1.9927 train 0.3705 test 0.2890
epoch 23/200 loss 1.9250 train 0.3817 test 0.2660
epoch 24/200 loss 1.9751 train 0.3772 test 0.2810
epoch 25/200 loss 1.9046 train 0.3828 test 0.2840
epoch 26/200 loss 1.9076 train 0.3750 test 0.2720
epoch 27/200 loss 1.8817 train 0.3940 test 0.2970
epoch 28/200 loss 1.8275 train 0.4263 test 0.2980
epoch 29/200 loss 1.8118 train 0.4196 test 0.2960
epoch 30/200 loss 1.8008 train 0.4431 test 0.2710
epoch 31/200 loss 1.7909 train 0.4163 test 0.2890
epoch 32/200 loss 1.7131 train 0.4442 test 0.3240
epoch 33/200 loss 1.6438 train 0.4688 test 0.3410
epoch 34/200 loss 1.5615 train 0.5022 test 0.3270
epoch 35/200 loss 1.5725 train 0.4967 test 0.3190
epoch 36/200 loss 1.5331 train 0.4989 test 0.3180
epoch 37/200 loss 1.5347 train 0.5145 test 0.2990
epoch 38/200 loss 1.5616 train 0.5112 test 0.3070
epoch 39/200 loss 1.5049 train 0.5022 test 0.3540
epoch 40/200 loss 1.5192 train 0.5145 test 0.2970
epoch 41/200 loss 1.4221 train 0.5391 test 0.3200
epoch 42/200 loss 1.3622 train 0.5781 test 0.3550
epoch 43/200 loss 1.3564 train 0.5536 test 0.3310
epoch 44/200 loss 1.3475 train 0.5837 test 0.3590
epoch 45/200 loss 1.3231 train 0.5725 test 0.3480
epoch 46/200 loss 1.2580 train 0.5904 test 0.3430
epoch 47/200 loss 1.2430 train 0.5993 test 0.3470
epoch 48/200 loss 1.1714 train 0.6217 test 0.3240
epoch 49/200 loss 1.1340 train 0.6306 test 0.3110
epoch 50/200 loss 1.1004 train 0.6473 test 0.3560
epoch 51/200 loss 1.0472 train 0.6752 test 0.3210
epoch 52/200 loss 1.0515 train 0.6484 test 0.3440
epoch 53/200 loss 1.0486 train 0.6484 test 0.3470
epoch 54/200 loss 1.0004 train 0.6730 test 0.3450
epoch 55/200 loss 0.9087 train 0.7020 test 0.3450
epoch 56/200 loss 1.0422 train 0.6596 test 0.3310
epoch 57/200 loss 0.9295 train 0.7076 test 0.3260
epoch 58/200 loss 0.8490 train 0.7344 test 0.3550
epoch 59/200 loss 0.8537 train 0.7199 test 0.3430
epoch 60/200 loss 0.8002 train 0.7422 test 0.3060
epoch 61/200 loss 0.7553 train 0.7656 test 0.3430
epoch 62/200 loss 0.7568 train 0.7612 test 0.3650
epoch 63/200 loss 0.7413 train 0.7522 test 0.3520
epoch 64/200 loss 0.6961 train 0.7835 test 0.3710
epoch 65/200 loss 0.6147 train 0.8092 test 0.3570
epoch 66/200 loss 0.5710 train 0.8136 test 0.3610
epoch 67/200 loss 0.5618 train 0.8203 test 0.3770
epoch 68/200 loss 0.5440 train 0.8393 test 0.3230
epoch 69/200 loss 0.5422 train 0.8237 test 0.4020
epoch 70/200 loss 0.5519 train 0.8259 test 0.3560
epoch 71/200 loss 0.4472 train 0.8683 test 0.3560
epoch 72/200 loss 0.4352 train 0.8605 test 0.3830
epoch 73/200 loss 0.3814 train 0.8862 test 0.3880
epoch 74/200 loss 0.3327 train 0.9007 test 0.3750
epoch 75/200 loss 0.3349 train 0.9118 test 0.4000
epoch 76/200 loss 0.3123 train 0.9174 test 0.3660
epoch 77/200 loss 0.2933 train 0.9141 test 0.3380
epoch 78/200 loss 0.2790 train 0.9252 test 0.3890
epoch 79/200 loss 0.2628 train 0.9275 test 0.3930
epoch 80/200 loss 0.2388 train 0.9330 test 0.3750
epoch 81/200 loss 0.2420 train 0.9319 test 0.3830
epoch 82/200 loss 0.2145 train 0.9386 test 0.3770
epoch 83/200 loss 0.2505 train 0.9196 test 0.3480
epoch 84/200 loss 0.2296 train 0.9342 test 0.3960
epoch 85/200 loss 0.2362 train 0.9342 test 0.3730
epoch 86/200 loss 0.1736 train 0.9621 test 0.3870
epoch 87/200 loss 0.1917 train 0.9487 test 0.3980
epoch 88/200 loss 0.1708 train 0.9598 test 0.3880
epoch 89/200 loss 0.1570 train 0.9609 test 0.3810
epoch 90/200 loss 0.1497 train 0.9654 test 0.3840
epoch 91/200 loss 0.1335 train 0.9688 test 0.3730
epoch 92/200 loss 0.1363 train 0.9688 test 0.4090
epoch 93/200 loss 0.1154 train 0.9710 test 0.3910
epoch 94/200 loss 0.0938 train 0.9788 test 0.4080
epoch 95/200 loss 0.0959 train 0.9754 test 0.3850
epoch 96/200 loss 0.0730 train 0.9900 test 0.4190
epoch 97/200 loss 0.0545 train 0.9900 test 0.4140
epoch 98/200 loss 0.0555 train 0.9911 test 0.4100
epoch 99/200 loss 0.0567 train 0.9900 test 0.4130
epoch 100/200 loss 0.0436 train 0.9944 test 0.4180
epoch 101/200 loss 0.0388 train 0.9944 test 0.4380
epoch 102/200 loss 0.0287 train 0.9978 test 0.4250
epoch 103/200 loss 0.0259 train 0.9989 test 0.4100
epoch 104/200 loss 0.0249 train 0.9978 test 0.4110
epoch 105/200 loss 0.0182 train 1.0000 test 0.4310
epoch 106/200 loss 0.0170 train 0.9989 test 0.4200
epoch 107/200 loss 0.0164 train 0.9989 test 0.4220
epoch 108/200 loss 0.0144 train 0.9989 test 0.4290
epoch 109/200 loss 0.0120 train 1.0000 test 0.4290
epoch 110/200 loss 0.0102 train 1.0000 test 0.4290
epoch 111/200 loss 0.0095 train 1.0000 test 0.4310
epoch 112/200 loss 0.0095 train 0.9989 test 0.4290
epoch 113/200 loss 0.0082 train 1.0000 test 0.4310
epoch 114/200 loss 0.0078 train 1.0000 test 0.4360
epoch 115/200 loss 0.0087 train 1.0000 test 0.4370
epoch 116/200 loss 0.0073 train 1.0000 test 0.4350
epoch 117/200 loss 0.0079 train 1.0000 test 0.4270
epoch 118/200 loss 0.0071 train 1.0000 test 0.4250
epoch 119/200 loss 0.0070 train 1.0000 test 0.4260
epoch 120/200 loss 0.0081 train 1.0000 test 0.4220
epoch 121/200 loss 0.0063 train 1.0000 test 0.4290
epoch 122/200 loss 0.0068 train 1.0000 test 0.4360
epoch 123/200 loss 0.0074 train 1.0000 test 0.4320
epoch 124/200 loss 0.0062 train 1.0000 test 0.4360
epoch 125/200 loss 0.0052 train 1.0000 test 0.4350
epoch 126/200 loss 0.0052 train 1.0000 test 0.4380
epoch 127/200 loss 0.0057 train 1.0000 test 0.4380
epoch 128/200 loss 0.0057 train 1.0000 test 0.4420
epoch 129/200 loss 0.0056 train 1.0000 test 0.4400
epoch 130/200 loss 0.0054 train 1.0000 test 0.4380
epoch 131/200 loss 0.0055 train 1.0000 test 0.4340
epoch 132/200 loss 0.0053 train 1.0000 test 0.4310
epoch 133/200 loss 0.0058 train 1.0000 test 0.4310
epoch 134/200 loss 0.0056 train 1.0000 test 0.4320
epoch 135/200 loss 0.0051 train 1.0000 test 0.4370
epoch 136/200 loss 0.0049 train 1.0000 test 0.4340
epoch 137/200 loss 0.0062 train 1.0000 test 0.4320
epoch 138/200 loss 0.0053 train 1.0000 test 0.4310
epoch 139/200 loss 0.0047 train 1.0000 test 0.4330
epoch 140/200 loss 0.0050 train 1.0000 test 0.4350
epoch 141/200 loss 0.0051 train 1.0000 test 0.4330
epoch 142/200 loss 0.0061 train 0.9989 test 0.4370
epoch 143/200 loss 0.0057 train 1.0000 test 0.4410
epoch 144/200 loss 0.0048 train 1.0000 test 0.4380
epoch 145/200 loss 0.0050 train 1.0000 test 0.4390
epoch 146/200 loss 0.0045 train 1.0000 test 0.4420
epoch 147/200 loss 0.0054 train 1.0000 test 0.4370
epoch 148/200 loss 0.0047 train 1.0000 test 0.4390
epoch 149/200 loss 0.0050 train 1.0000 test 0.4390
epoch 150/200 loss 0.0047 train 1.0000 test 0.4380
epoch 151/200 loss 0.0051 train 1.0000 test 0.4350
epoch 152/200 loss 0.0052 train 1.0000 test 0.4390
epoch 153/200 loss 0.0050 train 1.0000 test 0.4390
epoch 154/200 loss 0.0052 train 1.0000 test 0.4390
epoch 155/200 loss 0.0042 train 1.0000 test 0.4370
epoch 156/200 loss 0.0057 train 1.0000 test 0.4350
epoch 157/200 loss 0.0054 train 1.0000 test 0.4370
epoch 158/200 loss 0.0049 train 1.0000 test 0.4360
epoch 159/200 loss 0.0052 train 1.0000 test 0.4370
epoch 160/200 loss 0.0049 train 1.0000 test 0.4370
epoch 161/200 loss 0.0055 train 1.0000 test 0.4370
epoch 162/200 loss 0.0048 train 1.0000 test 0.4380
epoch 163/200 loss 0.0040 train 1.0000 test 0.4430
epoch 164/200 loss 0.0044 train 1.0000 test 0.4410
epoch 165/200 loss 0.0046 train 1.0000 test 0.4400
epoch 166/200 loss 0.0045 train 1.0000 test 0.4390
epoch 167/200 loss 0.0048 train 1.0000 test 0.4380
epoch 168/200 loss 0.0049 train 1.0000 test 0.4420
epoch 169/200 loss 0.0048 train 1.0000 test 0.4400
epoch 170/200 loss 0.0046 train 1.0000 test 0.4380
epoch 171/200 loss 0.0057 train 1.0000 test 0.4380
epoch 172/200 loss 0.0047 train 1.0000 test 0.4390
epoch 173/200 loss 0.0042 train 1.0000 test 0.4380
epoch 174/200 loss 0.0053 train 1.0000 test 0.4400
epoch 175/200 loss 0.0059 train 1.0000 test 0.4360
epoch 176/200 loss 0.0048 train 1.0000 test 0.4370
epoch 177/200 loss 0.0046 train 1.0000 test 0.4360
epoch 178/200 loss 0.0040 train 1.0000 test 0.4360
epoch 179/200 loss 0.0038 train 1.0000 test 0.4390
epoch 180/200 loss 0.0051 train 1.0000 test 0.4390
epoch 181/200 loss 0.0053 train 1.0000 test 0.4430
epoch 182/200 loss 0.0052 train 1.0000 test 0.4420
epoch 183/200 loss 0.0046 train 1.0000 test 0.4400
epoch 184/200 loss 0.0048 train 1.0000 test 0.4390
epoch 185/200 loss 0.0044 train 1.0000 test 0.4340
epoch 186/200 loss 0.0056 train 1.0000 test 0.4410
epoch 187/200 loss 0.0052 train 1.0000 test 0.4390
epoch 188/200 loss 0.0053 train 1.0000 test 0.4390
epoch 189/200 loss 0.0047 train 1.0000 test 0.4410
epoch 190/200 loss 0.0050 train 1.0000 test 0.4360
epoch 191/200 loss 0.0050 train 1.0000 test 0.4340
epoch 192/200 loss 0.0048 train 1.0000 test 0.4390
epoch 193/200 loss 0.0053 train 1.0000 test 0.4410
epoch 194/200 loss 0.0051 train 1.0000 test 0.4380
epoch 195/200 loss 0.0054 train 1.0000 test 0.4380
epoch 196/200 loss 0.0051 train 1.0000 test 0.4360
epoch 197/200 loss 0.0055 train 1.0000 test 0.4370
epoch 198/200 loss 0.0050 train 1.0000 test 0.4370
epoch 199/200 loss 0.0056 train 1.0000 test 0.4400
epoch 200/200 loss 0.0048 train 1.0000 test 0.4370
done: final 0.4370 best 0.4430 -> ./runs/tin20b_none/seed8
FOLLOWUP2_DONE tin20b_none_seed8
FOLLOWUP2_START tin20b_none_seed9
[tin20b_none seed9] {"params_trainable": 11179092, "params_stem_trainable": 0, "params_stem_fixed_filters": 0, "flops_total": 2226628608, "flops_stem": 0, "flops_image_size": 64}
epoch 1/200 loss 3.0199 train 0.0647 test 0.0760
epoch 2/200 loss 2.8018 train 0.1429 test 0.1150
epoch 3/200 loss 2.6960 train 0.1786 test 0.1510
epoch 4/200 loss 2.6291 train 0.1853 test 0.1690
epoch 5/200 loss 2.6087 train 0.2076 test 0.1770
epoch 6/200 loss 2.5837 train 0.2042 test 0.2240
epoch 7/200 loss 2.5351 train 0.2176 test 0.1750
epoch 8/200 loss 2.4543 train 0.2411 test 0.2140
epoch 9/200 loss 2.4590 train 0.2467 test 0.1910
epoch 10/200 loss 2.4542 train 0.2299 test 0.2380
epoch 11/200 loss 2.3560 train 0.2656 test 0.2580
epoch 12/200 loss 2.3020 train 0.2835 test 0.1760
epoch 13/200 loss 2.3356 train 0.2667 test 0.2520
epoch 14/200 loss 2.2613 train 0.2723 test 0.1850
epoch 15/200 loss 2.2471 train 0.2779 test 0.2610
epoch 16/200 loss 2.2154 train 0.3181 test 0.2700
epoch 17/200 loss 2.1480 train 0.3326 test 0.2910
epoch 18/200 loss 2.1055 train 0.3426 test 0.2680
epoch 19/200 loss 2.0433 train 0.3583 test 0.2890
epoch 20/200 loss 2.0276 train 0.3571 test 0.3000
epoch 21/200 loss 2.0405 train 0.3638 test 0.2810
epoch 22/200 loss 1.9366 train 0.3828 test 0.2900
epoch 23/200 loss 1.9953 train 0.3594 test 0.2520
epoch 24/200 loss 1.9201 train 0.3783 test 0.2410
epoch 25/200 loss 1.8854 train 0.4141 test 0.3230
epoch 26/200 loss 1.8475 train 0.4007 test 0.3140
epoch 27/200 loss 1.8307 train 0.4342 test 0.2790
epoch 28/200 loss 1.7823 train 0.4219 test 0.2820
epoch 29/200 loss 1.7527 train 0.4531 test 0.2730
epoch 30/200 loss 1.7917 train 0.4442 test 0.3060
epoch 31/200 loss 1.7634 train 0.4498 test 0.3210
epoch 32/200 loss 1.7796 train 0.4431 test 0.3080
epoch 33/200 loss 1.7084 train 0.4453 test 0.3330
epoch 34/200 loss 1.6272 train 0.4810 test 0.3240
epoch 35/200 loss 1.6066 train 0.4922 test 0.3170
epoch 36/200 loss 1.5515 train 0.5011 test 0.3370
epoch 37/200 loss 1.5808 train 0.5056 test 0.2870
epoch 38/200 loss 1.5889 train 0.4844 test 0.2850
epoch 39/200 loss 1.5630 train 0.5067 test 0.3090
epoch 40/200 loss 1.4840 train 0.5201 test 0.3070
epoch 41/200 loss 1.4182 train 0.5513 test 0.3210
epoch 42/200 loss 1.4274 train 0.5424 test 0.3350
epoch 43/200 loss 1.3117 train 0.5837 test 0.3350
epoch 44/200 loss 1.3194 train 0.5837 test 0.2930
epoch 45/200 loss 1.3556 train 0.5748 test 0.2830
epoch 46/200 loss 1.3533 train 0.5458 test 0.3420
epoch 47/200 loss 1.2747 train 0.5882 test 0.3140
epoch 48/200 loss 1.1741 train 0.6384 test 0.3670
epoch 49/200 loss 1.1851 train 0.6395 test 0.3170
epoch 50/200 loss 1.1279 train 0.6328 test 0.3290
epoch 51/200 loss 1.0592 train 0.6708 test 0.3540
epoch 52/200 loss 1.0573 train 0.6629 test 0.3530
epoch 53/200 loss 1.0064 train 0.6864 test 0.3420
epoch 54/200 loss 0.9888 train 0.6830 test 0.3100
epoch 55/200 loss 0.9716 train 0.6797 test 0.3360
epoch 56/200 loss 0.9591 train 0.6931 test 0.3910
epoch 57/200 loss 0.8319 train 0.7467 test 0.3480
epoch 58/200 loss 0.7704 train 0.7545 test 0.3560
epoch 59/200 loss 0.7350 train 0.7746 test 0.3400
epoch 60/200 loss 0.7701 train 0.7467 test 0.3900
epoch 61/200 loss 0.7780 train 0.7567 test 0.3370
epoch 62/200 loss 0.7375 train 0.7656 test 0.3610
epoch 63/200 loss 0.6609 train 0.7958 test 0.3010
epoch 64/200 loss 0.6618 train 0.7857 test 0.3380
epoch 65/200 loss 0.7152 train 0.7746 test 0.3600
epoch 66/200 loss 0.7388 train 0.7612 test 0.3730
epoch 67/200 loss 0.7283 train 0.7600 test 0.3530
epoch 68/200 loss 0.6024 train 0.8092 test 0.3430
epoch 69/200 loss 0.5925 train 0.8114 test 0.3780
epoch 70/200 loss 0.5295 train 0.8248 test 0.3290
epoch 71/200 loss 0.5154 train 0.8404 test 0.3730
epoch 72/200 loss 0.4413 train 0.8638 test 0.3620
epoch 73/200 loss 0.3593 train 0.8940 test 0.3510
epoch 74/200 loss 0.3553 train 0.8962 test 0.3660
epoch 75/200 loss 0.3610 train 0.8962 test 0.3640
epoch 76/200 loss 0.3421 train 0.8973 test 0.3580
epoch 77/200 loss 0.3499 train 0.8951 test 0.3720
epoch 78/200 loss 0.2915 train 0.9129 test 0.3840
epoch 79/200 loss 0.2802 train 0.9241 test 0.3820
epoch 80/200 loss 0.2338 train 0.9475 test 0.3850
epoch 81/200 loss 0.2287 train 0.9408 test 0.3910
epoch 82/200 loss 0.1843 train 0.9565 test 0.3900
epoch 83/200 loss 0.1640 train 0.9598 test 0.3780
epoch 84/200 loss 0.1578 train 0.9710 test 0.3890
epoch 85/200 loss 0.1801 train 0.9464 test 0.4050
epoch 86/200 loss 0.1619 train 0.9609 test 0.3980
epoch 87/200 loss 0.1561 train 0.9676 test 0.3990
epoch 88/200 loss 0.1484 train 0.9621 test 0.4060
epoch 89/200 loss 0.1406 train 0.9688 test 0.4000
epoch 90/200 loss 0.1231 train 0.9710 test 0.3800
epoch 91/200 loss 0.1188 train 0.9676 test 0.3990
epoch 92/200 loss 0.1057 train 0.9788 test 0.3980
epoch 93/200 loss 0.1027 train 0.9799 test 0.3890
epoch 94/200 loss 0.0961 train 0.9754 test 0.4180
epoch 95/200 loss 0.0656 train 0.9877 test 0.4250
epoch 96/200 loss 0.0740 train 0.9855 test 0.3930
epoch 97/200 loss 0.0528 train 0.9922 test 0.4060
epoch 98/200 loss 0.0431 train 0.9955 test 0.4200
epoch 99/200 loss 0.0302 train 0.9989 test 0.4210
epoch 100/200 loss 0.0196 train 1.0000 test 0.4180
epoch 101/200 loss 0.0291 train 0.9944 test 0.4270
epoch 102/200 loss 0.0225 train 0.9989 test 0.4390
epoch 103/200 loss 0.0162 train 0.9989 test 0.4350
epoch 104/200 loss 0.0151 train 1.0000 test 0.4280
epoch 105/200 loss 0.0165 train 1.0000 test 0.4350
epoch 106/200 loss 0.0125 train 1.0000 test 0.4300
epoch 107/200 loss 0.0114 train 1.0000 test 0.4370
epoch 108/200 loss 0.0092 train 1.0000 test 0.4400
epoch 109/200 loss 0.0091 train 1.0000 test 0.4270
epoch 110/200 loss 0.0105 train 1.0000 test 0.4310
epoch 111/200 loss 0.0084 train 1.0000 test 0.4310
epoch 112/200 loss 0.0079 train 1.0000 test 0.4390
epoch 113/200 loss 0.0076 train 1.0000 test 0.4350
epoch 114/200 loss 0.0078 train 1.0000 test 0.4330
epoch 115/200 loss 0.0066 train 1.0000 test 0.4330
epoch 116/200 loss 0.0075 train 1.0000 test 0.4370
epoch 117/200 loss 0.0069 train 1.0000 test 0.4330
epoch 118/200 loss 0.0072 train 1.0000 test 0.4360
epoch 119/200 loss 0.0081 train 1.0000 test 0.4410
epoch 120/200 loss 0.0074 train 1.0000 test 0.4410
epoch 121/200 loss 0.0064 train 1.0000 test 0.4410
epoch 122/200 loss 0.0063 train 1.0000 test 0.4360
epoch 123/200 loss 0.0072 train 1.0000 test 0.4340
epoch 124/200 loss 0.0062 train 1.0000 test 0.4360
epoch 125/200 loss 0.0063 train 1.0000 test 0.4360
epoch 126/200 loss 0.0066 train 1.0000 test 0.4320
epoch 127/200 loss 0.0062 train 1.0000 test 0.4350
epoch 128/200 loss 0.0066 train 1.0000 test 0.4380
epoch 129/200 loss 0.0063 train 1.0000 test 0.4350
epoch 130/200 loss 0.0061 train 1.0000 test 0.4350
epoch 131/200 loss 0.0052 train 1.0000 test 0.4340
epoch 132/200 loss 0.0065 train 1.0000 test 0.4290
epoch 133/200 loss 0.0061 train 1.0000 test 0.4320
epoch 134/200 loss 0.0062 train 1.0000 test 0.4330
epoch 135/200 loss 0.0068 train 1.0000 test 0.4380
epoch 136/200 loss 0.0060 train 1.0000 test 0.4370
epoch 137/200 loss 0.0056 train 1.0000 test 0.4320
epoch 138/200 loss 0.0054 train 1.0000 test 0.4350
epoch 139/200 loss 0.0057 train 1.0000 test 0.4400
epoch 140/200 loss 0.0067 train 1.0000 test 0.4320
epoch 141/200 loss 0.0060 train 1.0000 test 0.4320
epoch 142/200 loss 0.0058 train 1.0000 test 0.4320
epoch 143/200 loss 0.0058 train 1.0000 test 0.4290
epoch 144/200 loss 0.0059 train 1.0000 test 0.4300
epoch 145/200 loss 0.0055 train 1.0000 test 0.4340
epoch 146/200 loss 0.0053 train 1.0000 test 0.4320
epoch 147/200 loss 0.0055 train 1.0000 test 0.4270
epoch 148/200 loss 0.0054 train 1.0000 test 0.4320
epoch 149/200 loss 0.0050 train 1.0000 test 0.4340
epoch 150/200 loss 0.0058 train 1.0000 test 0.4320
epoch 151/200 loss 0.0050 train 1.0000 test 0.4330
epoch 152/200 loss 0.0057 train 1.0000 test 0.4320
epoch 153/200 loss 0.0045 train 1.0000 test 0.4300
epoch 154/200 loss 0.0049 train 1.0000 test 0.4290
epoch 155/200 loss 0.0044 train 1.0000 test 0.4290
epoch 156/200 loss 0.0058 train 1.0000 test 0.4320
epoch 157/200 loss 0.0047 train 1.0000 test 0.4350
epoch 158/200 loss 0.0051 train 1.0000 test 0.4330
epoch 159/200 loss 0.0054 train 1.0000 test 0.4310
epoch 160/200 loss 0.0050 train 1.0000 test 0.4350
epoch 161/200 loss 0.0047 train 1.0000 test 0.4340
epoch 162/200 loss 0.0066 train 1.0000 test 0.4330
epoch 163/200 loss 0.0049 train 1.0000 test 0.4350
epoch 164/200 loss 0.0057 train 1.0000 test 0.4330
epoch 165/200 loss 0.0046 train 1.0000 test 0.4330
epoch 166/200 loss 0.0049 train 1.0000 test 0.4360
epoch 167/200 loss 0.0050 train 1.0000 test 0.4340
epoch 168/200 loss 0.0051 train 1.0000 test 0.4360
epoch 169/200 loss 0.0056 train 1.0000 test 0.4340
epoch 170/200 loss 0.0051 train 1.0000 test 0.4360
epoch 171/200 loss 0.0049 train 1.0000 test 0.4390
epoch 172/200 loss 0.0042 train 1.0000 test 0.4360
epoch 173/200 loss 0.0051 train 1.0000 test 0.4370
epoch 174/200 loss 0.0044 train 1.0000 test 0.4360
epoch 175/200 loss 0.0043 train 1.0000 test 0.4380
epoch 176/200 loss 0.0053 train 1.0000 test 0.4380
epoch 177/200 loss 0.0045 train 1.0000 test 0.4400
epoch 178/200 loss 0.0050 train 1.0000 test 0.4380
epoch 179/200 loss 0.0046 train 1.0000 test 0.4370
epoch 180/200 loss 0.0044 train 1.0000 test 0.4380
epoch 181/200 loss 0.0058 train 1.0000 test 0.4360
epoch 182/200 loss 0.0040 train 1.0000 test 0.4390
epoch 183/200 loss 0.0054 train 1.0000 test 0.4400
epoch 184/200 loss 0.0045 train 1.0000 test 0.4390
epoch 185/200 loss 0.0052 train 1.0000 test 0.4400
epoch 186/200 loss 0.0047 train 1.0000 test 0.4360
epoch 187/200 loss 0.0040 train 1.0000 test 0.4410
epoch 188/200 loss 0.0046 train 1.0000 test 0.4400
epoch 189/200 loss 0.0047 train 1.0000 test 0.4430
epoch 190/200 loss 0.0048 train 1.0000 test 0.4410
epoch 191/200 loss 0.0046 train 1.0000 test 0.4380
epoch 192/200 loss 0.0045 train 1.0000 test 0.4370
epoch 193/200 loss 0.0054 train 1.0000 test 0.4370
epoch 194/200 loss 0.0048 train 1.0000 test 0.4390
epoch 195/200 loss 0.0055 train 1.0000 test 0.4370
epoch 196/200 loss 0.0054 train 1.0000 test 0.4390
epoch 197/200 loss 0.0043 train 1.0000 test 0.4390
epoch 198/200 loss 0.0052 train 1.0000 test 0.4400
epoch 199/200 loss 0.0046 train 1.0000 test 0.4380
epoch 200/200 loss 0.0048 train 1.0000 test 0.4370
done: final 0.4370 best 0.4430 -> ./runs/tin20b_none/seed9
FOLLOWUP2_DONE tin20b_none_seed9
FOLLOWUP2_CELL_DONE tin20b_none
FOLLOWUP2_START tin20b_aux_seed3
moment-aux target calibrated on 1024 images
[tin20b_aux seed3] {"params_trainable": 11181148, "params_stem_trainable": 0, "params_stem_fixed_filters": 0, "flops_total": 2226628608, "flops_stem": 0, "flops_image_size": 64}
epoch 1/200 loss 4.8354 train 0.0603 test 0.0840
epoch 2/200 loss 3.9597 train 0.1250 test 0.0950
epoch 3/200 loss 3.6016 train 0.1585 test 0.1670
epoch 4/200 loss 3.2694 train 0.1685 test 0.1720
epoch 5/200 loss 3.0655 train 0.1886 test 0.1900
epoch 6/200 loss 2.9509 train 0.1875 test 0.2450
epoch 7/200 loss 2.8237 train 0.2333 test 0.2120
epoch 8/200 loss 2.7253 train 0.2500 test 0.2580
epoch 9/200 loss 2.6845 train 0.2701 test 0.1850
epoch 10/200 loss 2.6384 train 0.2902 test 0.2390
epoch 11/200 loss 2.5080 train 0.3002 test 0.2720
epoch 12/200 loss 2.4521 train 0.3080 test 0.2780
epoch 13/200 loss 2.3825 train 0.3259 test 0.2970
epoch 14/200 loss 2.3684 train 0.3214 test 0.2640
epoch 15/200 loss 2.2784 train 0.3415 test 0.2610
epoch 16/200 loss 2.2403 train 0.3605 test 0.3090
epoch 17/200 loss 2.2863 train 0.3527 test 0.3120
epoch 18/200 loss 2.1442 train 0.3984 test 0.3220
epoch 19/200 loss 2.0824 train 0.3984 test 0.3020
epoch 20/200 loss 2.0426 train 0.4174 test 0.3180
epoch 21/200 loss 1.9915 train 0.4330 test 0.2820
epoch 22/200 loss 1.9187 train 0.4397 test 0.3490
epoch 23/200 loss 1.8923 train 0.4475 test 0.3310
epoch 24/200 loss 1.8159 train 0.4788 test 0.3370
epoch 25/200 loss 1.8427 train 0.4665 test 0.2970
epoch 26/200 loss 1.7633 train 0.4978 test 0.2690
epoch 27/200 loss 1.8000 train 0.4654 test 0.3280
epoch 28/200 loss 1.7020 train 0.5011 test 0.3560
epoch 29/200 loss 1.6588 train 0.5089 test 0.3310
epoch 30/200 loss 1.6234 train 0.5167 test 0.2920
epoch 31/200 loss 1.5570 train 0.5201 test 0.3200
epoch 32/200 loss 1.5929 train 0.5201 test 0.3380
epoch 33/200 loss 1.5295 train 0.5469 test 0.3490
epoch 34/200 loss 1.4749 train 0.5525 test 0.3380
epoch 35/200 loss 1.4344 train 0.5871 test 0.4000
epoch 36/200 loss 1.3760 train 0.6060 test 0.3610
epoch 37/200 loss 1.2921 train 0.6406 test 0.3520
epoch 38/200 loss 1.2586 train 0.6473 test 0.3420
epoch 39/200 loss 1.2232 train 0.6507 test 0.3590
epoch 40/200 loss 1.2355 train 0.6339 test 0.3640
epoch 41/200 loss 1.1887 train 0.6395 test 0.3600
epoch 42/200 loss 1.1832 train 0.6551 test 0.2890
epoch 43/200 loss 1.1676 train 0.6696 test 0.4050
epoch 44/200 loss 1.0444 train 0.7054 test 0.3920
epoch 45/200 loss 0.9864 train 0.7221 test 0.3930
epoch 46/200 loss 0.9764 train 0.7232 test 0.3740
epoch 47/200 loss 1.0819 train 0.6853 test 0.3450
epoch 48/200 loss 1.0228 train 0.7009 test 0.3520
epoch 49/200 loss 0.9274 train 0.7634 test 0.4050
epoch 50/200 loss 0.8158 train 0.7790 test 0.3520
epoch 51/200 loss 0.8539 train 0.7757 test 0.3810
epoch 52/200 loss 0.7347 train 0.8125 test 0.3880
epoch 53/200 loss 0.6996 train 0.8192 test 0.3720
epoch 54/200 loss 0.6659 train 0.8214 test 0.3870
epoch 55/200 loss 0.6424 train 0.8371 test 0.3890
epoch 56/200 loss 0.5973 train 0.8471 test 0.4060
epoch 57/200 loss 0.5322 train 0.8694 test 0.3890
epoch 58/200 loss 0.5245 train 0.8761 test 0.3980
epoch 59/200 loss 0.5232 train 0.8783 test 0.3960
epoch 60/200 loss 0.4964 train 0.8850 test 0.4210
epoch 61/200 loss 0.5010 train 0.8795 test 0.4130
epoch 62/200 loss 0.4582 train 0.8884 test 0.4300
epoch 63/200 loss 0.4706 train 0.8862 test 0.3880
epoch 64/200 loss 0.4053 train 0.9096 test 0.3810
epoch 65/200 loss 0.4060 train 0.9074 test 0.4160
epoch 66/200 loss 0.3536 train 0.9174 test 0.4090
epoch 67/200 loss 0.3128 train 0.9420 test 0.4360
epoch 68/200 loss 0.2940 train 0.9431 test 0.4170
epoch 69/200 loss 0.3048 train 0.9330 test 0.4310
epoch 70/200 loss 0.2915 train 0.9509 test 0.4010
epoch 71/200 loss 0.2436 train 0.9621 test 0.4240
epoch 72/200 loss 0.2566 train 0.9565 test 0.4320
epoch 73/200 loss 0.2504 train 0.9554 test 0.4170
epoch 74/200 loss 0.2448 train 0.9587 test 0.4040
epoch 75/200 loss 0.2926 train 0.9364 test 0.4150
epoch 76/200 loss 0.2897 train 0.9342 test 0.3850
epoch 77/200 loss 0.2821 train 0.9364 test 0.4500
epoch 78/200 loss 0.2501 train 0.9464 test 0.4220
epoch 79/200 loss 0.2317 train 0.9531 test 0.3940
epoch 80/200 loss 0.2240 train 0.9621 test 0.4290
epoch 81/200 loss 0.1831 train 0.9710 test 0.4160
epoch 82/200 loss 0.1861 train 0.9743 test 0.4170
epoch 83/200 loss 0.1689 train 0.9710 test 0.4330
epoch 84/200 loss 0.1284 train 0.9922 test 0.4480
epoch 85/200 loss 0.1263 train 0.9911 test 0.4510
epoch 86/200 loss 0.1082 train 0.9922 test 0.4660
epoch 87/200 loss 0.0985 train 0.9967 test 0.4400
epoch 88/200 loss 0.0911 train 0.9967 test 0.4470
epoch 89/200 loss 0.0909 train 0.9967 test 0.4700
epoch 90/200 loss 0.0791 train 0.9967 test 0.4550
epoch 91/200 loss 0.0748 train 0.9978 test 0.4470
epoch 92/200 loss 0.0690 train 0.9989 test 0.4730
epoch 93/200 loss 0.0624 train 1.0000 test 0.4830
epoch 94/200 loss 0.0586 train 1.0000 test 0.4840
epoch 95/200 loss 0.0551 train 1.0000 test 0.4850
epoch 96/200 loss 0.0578 train 0.9989 test 0.4890
epoch 97/200 loss 0.0528 train 1.0000 test 0.4910
epoch 98/200 loss 0.0516 train 1.0000 test 0.4830
epoch 99/200 loss 0.0479 train 1.0000 test 0.4830
epoch 100/200 loss 0.0489 train 1.0000 test 0.4880
epoch 101/200 loss 0.0472 train 1.0000 test 0.4840
epoch 102/200 loss 0.0457 train 1.0000 test 0.4870
epoch 103/200 loss 0.0446 train 1.0000 test 0.4900
epoch 104/200 loss 0.0434 train 1.0000 test 0.4850
epoch 105/200 loss 0.0422 train 1.0000 test 0.4890
epoch 106/200 loss 0.0407 train 1.0000 test 0.4880
epoch 107/200 loss 0.0414 train 0.9989 test 0.4860
epoch 108/200 loss 0.0388 train 1.0000 test 0.4840
epoch 109/200 loss 0.0389 train 1.0000 test 0.4840
epoch 110/200 loss 0.0375 train 1.0000 test 0.4850
epoch 111/200 loss 0.0379 train 1.0000 test 0.4830
epoch 112/200 loss 0.0361 train 1.0000 test 0.4860
epoch 113/200 loss 0.0359 train 1.0000 test 0.4810
epoch 114/200 loss 0.0340 train 1.0000 test 0.4940
epoch 115/200 loss 0.0330 train 1.0000 test 0.4920
epoch 116/200 loss 0.0344 train 1.0000 test 0.4900
epoch 117/200 loss 0.0329 train 1.0000 test 0.4900
epoch 118/200 loss 0.0308 train 1.0000 test 0.4900
epoch 119/200 loss 0.0306 train 1.0000 test 0.4950
epoch 120/200 loss 0.0307 train 1.0000 test 0.4920
epoch 121/200 loss 0.0301 train 1.0000 test 0.4980
epoch 122/200 loss 0.0304 train 1.0000 test 0.4940
epoch 123/200 loss 0.0286 train 1.0000 test 0.4950
epoch 124/200 loss 0.0287 train 1.0000 test 0.4870
epoch 125/200 loss 0.0271 train 1.0000 test 0.4870
epoch 126/200 loss 0.0264 train 1.0000 test 0.4820
epoch 127/200 loss 0.0258 train 1.0000 test 0.4820
epoch 128/200 loss 0.0250 train 1.0000 test 0.4880
epoch 129/200 loss 0.0249 train 1.0000 test 0.4960
epoch 130/200 loss 0.0241 train 1.0000 test 0.4960
epoch 131/200 loss 0.0234 train 1.0000 test 0.4870
epoch 132/200 loss 0.0229 train 1.0000 test 0.4940
epoch 133/200 loss 0.0225 train 1.0000 test 0.4950
epoch 134/200 loss 0.0215 train 1.0000 test 0.4980
epoch 135/200 loss 0.0216 train 1.0000 test 0.5000
epoch 136/200 loss 0.0213 train 1.0000 test 0.4960
epoch 137/200 loss 0.0203 train 1.0000 test 0.4910
epoch 138/200 loss 0.0206 train 1.0000 test 0.4940
epoch 139/200 loss 0.0193 train 1.0000 test 0.4930
epoch 140/200 loss 0.0190 train 1.0000 test 0.4950
epoch 141/200 loss 0.0181 train 1.0000 test 0.4940
epoch 142/200 loss 0.0181 train 1.0000 test 0.4950
epoch 143/200 loss 0.0171 train 1.0000 test 0.4960
epoch 144/200 loss 0.0163 train 1.0000 test 0.4950
epoch 145/200 loss 0.0164 train 1.0000 test 0.4970
epoch 146/200 loss 0.0157 train 1.0000 test 0.4970
epoch 147/200 loss 0.0160 train 1.0000 test 0.4980
epoch 148/200 loss 0.0160 train 1.0000 test 0.4950
epoch 149/200 loss 0.0150 train 1.0000 test 0.4980
epoch 150/200 loss 0.0148 train 1.0000 test 0.5000
epoch 151/200 loss 0.0136 train 1.0000 test 0.4950
epoch 152/200 loss 0.0136 train 1.0000 test 0.4930
epoch 153/200 loss 0.0131 train 1.0000 test 0.4940
epoch 154/200 loss 0.0133 train 1.0000 test 0.4940
epoch 155/200 loss 0.0127 train 1.0000 test 0.4940
epoch 156/200 loss 0.0125 train 1.0000 test 0.4980
epoch 157/200 loss 0.0122 train 1.0000 test 0.4950
epoch 158/200 loss 0.0114 train 1.0000 test 0.4970
epoch 159/200 loss 0.0111 train 1.0000 test 0.4950
epoch 160/200 loss 0.0113 train 1.0000 test 0.4970
epoch 161/200 loss 0.0102 train 1.0000 test 0.4980
epoch 162/200 loss 0.0107 train 1.0000 test 0.4950
epoch 163/200 loss 0.0106 train 1.0000 test 0.4950
epoch 164/200 loss 0.0095 train 1.0000 test 0.5000
epoch 165/200 loss 0.0091 train 1.0000 test 0.4970
epoch 166/200 loss 0.0093 train 1.0000 test 0.4950
epoch 167/200 loss 0.0095 train 1.0000 test 0.4960
epoch 168/200 loss 0.0092 train 1.0000 test 0.4960
epoch 169/200 loss 0.0083 train 1.0000 test 0.4970
epoch 170/200 loss 0.0082 train 1.0000 test 0.4990
epoch 171/200 loss 0.0079 train 1.0000 test 0.4970
epoch 172/200 loss 0.0071 train 1.0000 test 0.4970
epoch 173/200 loss 0.0081 train 1.0000 test 0.4960
epoch 174/200 loss 0.0069 train 1.0000 test 0.4950
epoch 175/200 loss 0.0067 train 1.0000 test 0.4930
epoch 176/200 loss 0.0064 train 1.0000 test 0.4950
epoch 177/200 loss 0.0062 train 1.0000 test 0.4960
epoch 178/200 loss 0.0060 train 1.0000 test 0.5010
epoch 179/200 loss 0.0060 train 1.0000 test 0.4950
epoch 180/200 loss 0.0067 train 1.0000 test 0.4970
epoch 181/200 loss 0.0052 train 1.0000 test 0.4950
epoch 182/200 loss 0.0053 train 1.0000 test 0.4970
epoch 183/200 loss 0.0056 train 1.0000 test 0.4960
epoch 184/200 loss 0.0050 train 1.0000 test 0.4990
epoch 185/200 loss 0.0047 train 1.0000 test 0.4980
epoch 186/200 loss 0.0048 train 1.0000 test 0.4950
epoch 187/200 loss 0.0054 train 1.0000 test 0.4960
epoch 188/200 loss 0.0047 train 1.0000 test 0.4980
epoch 189/200 loss 0.0048 train 1.0000 test 0.4980
epoch 190/200 loss 0.0047 train 1.0000 test 0.4990
epoch 191/200 loss 0.0043 train 1.0000 test 0.4990
epoch 192/200 loss 0.0040 train 1.0000 test 0.4990
epoch 193/200 loss 0.0047 train 1.0000 test 0.4980
epoch 194/200 loss 0.0044 train 1.0000 test 0.5010
epoch 195/200 loss 0.0055 train 1.0000 test 0.4990
epoch 196/200 loss 0.0056 train 1.0000 test 0.4970
epoch 197/200 loss 0.0050 train 1.0000 test 0.4980
epoch 198/200 loss 0.0041 train 1.0000 test 0.4970
epoch 199/200 loss 0.0048 train 1.0000 test 0.4990
epoch 200/200 loss 0.0039 train 1.0000 test 0.4960
done: final 0.4960 best 0.5010 -> ./runs/tin20b_aux/seed3
FOLLOWUP2_DONE tin20b_aux_seed3
FOLLOWUP2_START tin20b_aux_seed4
moment-aux target calibrated on 1024 images
[tin20b_aux seed4] {"params_trainable": 11181148, "params_stem_trainable": 0, "params_stem_fixed_filters": 0, "flops_total": 2226628608, "flops_stem": 0, "flops_image_size": 64}
epoch 1/200 loss 4.8005 train 0.0480 test 0.0710
epoch 2/200 loss 3.9694 train 0.0904 test 0.1010
epoch 3/200 loss 3.5659 train 0.1574 test 0.0900
epoch 4/200 loss 3.3333 train 0.1663 test 0.1730
epoch 5/200 loss 3.0824 train 0.1830 test 0.1770
epoch 6/200 loss 2.9935 train 0.2042 test 0.1950
epoch 7/200 loss 2.8189 train 0.2254 test 0.2220
epoch 8/200 loss 2.6847 train 0.2455 test 0.2520
epoch 9/200 loss 2.6429 train 0.2779 test 0.2590
epoch 10/200 loss 2.5309 train 0.2812 test 0.2870
epoch 11/200 loss 2.5114 train 0.2879 test 0.2990
epoch 12/200 loss 2.4492 train 0.3092 test 0.3170
epoch 13/200 loss 2.3679 train 0.3315 test 0.2840
epoch 14/200 loss 2.3294 train 0.3359 test 0.2810
epoch 15/200 loss 2.3510 train 0.3449 test 0.2650
epoch 16/200 loss 2.3138 train 0.3516 test 0.2750
epoch 17/200 loss 2.2685 train 0.3438 test 0.2890
epoch 18/200 loss 2.2154 train 0.3661 test 0.2790
epoch 19/200 loss 2.1679 train 0.3783 test 0.2430
epoch 20/200 loss 2.1002 train 0.3828 test 0.2870
epoch 21/200 loss 2.0128 train 0.4196 test 0.3000
epoch 22/200 loss 1.9528 train 0.4286 test 0.3130
epoch 23/200 loss 1.9086 train 0.4442 test 0.2330
epoch 24/200 loss 1.9998 train 0.4040 test 0.3130
epoch 25/200 loss 1.9003 train 0.4420 test 0.3400
epoch 26/200 loss 1.8005 train 0.4598 test 0.3270
epoch 27/200 loss 1.8365 train 0.4654 test 0.3140
epoch 28/200 loss 1.8334 train 0.4576 test 0.3240
epoch 29/200 loss 1.7006 train 0.4944 test 0.2960
epoch 30/200 loss 1.6127 train 0.5246 test 0.3280
epoch 31/200 loss 1.5831 train 0.5368 test 0.2990
epoch 32/200 loss 1.5381 train 0.5502 test 0.2720
epoch 33/200 loss 1.5376 train 0.5391 test 0.3590
epoch 34/200 loss 1.5665 train 0.5458 test 0.3360
epoch 35/200 loss 1.4642 train 0.5725 test 0.2900
epoch 36/200 loss 1.4641 train 0.5714 test 0.3560
epoch 37/200 loss 1.4264 train 0.5792 test 0.2840
epoch 38/200 loss 1.4364 train 0.5826 test 0.3610
epoch 39/200 loss 1.3773 train 0.5915 test 0.3070
epoch 40/200 loss 1.2771 train 0.6261 test 0.3750
epoch 41/200 loss 1.2972 train 0.6339 test 0.3440
epoch 42/200 loss 1.1655 train 0.6585 test 0.3760
epoch 43/200 loss 1.1388 train 0.6641 test 0.3490
epoch 44/200 loss 1.1089 train 0.6942 test 0.3810
epoch 45/200 loss 1.1044 train 0.6842 test 0.3070
epoch 46/200 loss 1.0749 train 0.6897 test 0.3210
epoch 47/200 loss 1.0608 train 0.6719 test 0.3950
epoch 48/200 loss 0.9451 train 0.7511 test 0.3390
epoch 49/200 loss 1.0091 train 0.7087 test 0.3470
epoch 50/200 loss 0.9234 train 0.7433 test 0.3620
epoch 51/200 loss 0.8832 train 0.7478 test 0.3930
epoch 52/200 loss 0.8218 train 0.7746 test 0.3760
epoch 53/200 loss 0.7500 train 0.8002 test 0.3900
epoch 54/200 loss 0.6676 train 0.8415 test 0.3820
epoch 55/200 loss 0.6048 train 0.8504 test 0.4080
epoch 56/200 loss 0.5954 train 0.8549 test 0.3360
epoch 57/200 loss 0.6047 train 0.8549 test 0.3730
epoch 58/200 loss 0.5741 train 0.8571 test 0.4060
epoch 59/200 loss 0.5634 train 0.8482 test 0.4000
epoch 60/200 loss 0.5540 train 0.8527 test 0.3560
epoch 61/200 loss 0.5761 train 0.8504 test 0.3940
epoch 62/200 loss 0.5226 train 0.8560 test 0.4070
epoch 63/200 loss 0.5074 train 0.8761 test 0.4220
epoch 64/200 loss 0.4276 train 0.8828 test 0.3740
epoch 65/200 loss 0.4613 train 0.8850 test 0.3880
epoch 66/200 loss 0.4013 train 0.9074 test 0.4150
epoch 67/200 loss 0.3934 train 0.9107 test 0.3610
epoch 68/200 loss 0.4292 train 0.8951 test 0.3950
epoch 69/200 loss 0.3628 train 0.9163 test 0.3960
epoch 70/200 loss 0.3519 train 0.9185 test 0.3180
epoch 71/200 loss 0.3811 train 0.9040 test 0.3050
epoch 72/200 loss 0.3777 train 0.9118 test 0.3950
epoch 73/200 loss 0.3595 train 0.9074 test 0.4070
epoch 74/200 loss 0.3255 train 0.9219 test 0.4080
epoch 75/200 loss 0.3558 train 0.9152 test 0.3930
epoch 76/200 loss 0.3133 train 0.9263 test 0.3540
epoch 77/200 loss 0.2688 train 0.9431 test 0.3870
epoch 78/200 loss 0.2475 train 0.9542 test 0.4250
epoch 79/200 loss 0.2028 train 0.9710 test 0.4250
epoch 80/200 loss 0.1964 train 0.9665 test 0.4170
epoch 81/200 loss 0.1794 train 0.9799 test 0.4330
epoch 82/200 loss 0.1543 train 0.9844 test 0.4490
epoch 83/200 loss 0.1457 train 0.9799 test 0.4490
epoch 84/200 loss 0.1149 train 0.9933 test 0.4560
epoch 85/200 loss 0.1026 train 0.9944 test 0.4580
epoch 86/200 loss 0.0873 train 0.9955 test 0.4710
epoch 87/200 loss 0.0840 train 0.9989 test 0.4440
epoch 88/200 loss 0.0744 train 0.9978 test 0.4630
epoch 89/200 loss 0.0793 train 0.9967 test 0.4650
epoch 90/200 loss 0.0681 train 1.0000 test 0.4540
epoch 91/200 loss 0.0656 train 0.9989 test 0.4800
epoch 92/200 loss 0.0618 train 1.0000 test 0.4790
epoch 93/200 loss 0.0565 train 1.0000 test 0.4710
epoch 94/200 loss 0.0583 train 1.0000 test 0.4720
epoch 95/200 loss 0.0585 train 0.9989 test 0.4650
epoch 96/200 loss 0.0536 train 1.0000 test 0.4750
epoch 97/200 loss 0.0520 train 1.0000 test 0.4790
epoch 98/200 loss 0.0488 train 1.0000 test 0.4730
epoch 99/200 loss 0.0474 train 1.0000 test 0.4770
epoch 100/200 loss 0.0468 train 1.0000 test 0.4720
epoch 101/200 loss 0.0460 train 1.0000 test 0.4710
epoch 102/200 loss 0.0457 train 1.0000 test 0.4690
epoch 103/200 loss 0.0435 train 1.0000 test 0.4770
epoch 104/200 loss 0.0443 train 1.0000 test 0.4810
epoch 105/200 loss 0.0435 train 1.0000 test 0.4830
epoch 106/200 loss 0.0408 train 1.0000 test 0.4720
epoch 107/200 loss 0.0390 train 1.0000 test 0.4800
epoch 108/200 loss 0.0382 train 1.0000 test 0.4780
epoch 109/200 loss 0.0376 train 1.0000 test 0.4830
epoch 110/200 loss 0.0380 train 1.0000 test 0.4770
epoch 111/200 loss 0.0382 train 1.0000 test 0.4750
epoch 112/200 loss 0.0359 train 1.0000 test 0.4760
epoch 113/200 loss 0.0363 train 1.0000 test 0.4790
epoch 114/200 loss 0.0336 train 1.0000 test 0.4800
epoch 115/200 loss 0.0329 train 1.0000 test 0.4770
epoch 116/200 loss 0.0334 train 1.0000 test 0.4820
epoch 117/200 loss 0.0324 train 1.0000 test 0.4840
epoch 118/200 loss 0.0318 train 1.0000 test 0.4860
epoch 119/200 loss 0.0328 train 1.0000 test 0.4810
epoch 120/200 loss 0.0305 train 1.0000 test 0.4770
epoch 121/200 loss 0.0316 train 1.0000 test 0.4740
epoch 122/200 loss 0.0290 train 1.0000 test 0.4800
epoch 123/200 loss 0.0279 train 1.0000 test 0.4770
epoch 124/200 loss 0.0277 train 1.0000 test 0.4800
epoch 125/200 loss 0.0266 train 1.0000 test 0.4890
epoch 126/200 loss 0.0259 train 1.0000 test 0.4850
epoch 127/200 loss 0.0262 train 1.0000 test 0.4820
epoch 128/200 loss 0.0253 train 1.0000 test 0.4810
epoch 129/200 loss 0.0253 train 1.0000 test 0.4830
epoch 130/200 loss 0.0247 train 1.0000 test 0.4910
epoch 131/200 loss 0.0240 train 1.0000 test 0.4940
epoch 132/200 loss 0.0229 train 1.0000 test 0.4920
epoch 133/200 loss 0.0219 train 1.0000 test 0.4900
epoch 134/200 loss 0.0219 train 1.0000 test 0.4860
epoch 135/200 loss 0.0219 train 1.0000 test 0.4810
epoch 136/200 loss 0.0205 train 1.0000 test 0.4810
epoch 137/200 loss 0.0204 train 1.0000 test 0.4840
epoch 138/200 loss 0.0199 train 1.0000 test 0.4840
epoch 139/200 loss 0.0195 train 1.0000 test 0.4910
epoch 140/200 loss 0.0194 train 1.0000 test 0.4880
epoch 141/200 loss 0.0190 train 1.0000 test 0.4850
epoch 142/200 loss 0.0175 train 1.0000 test 0.4860
epoch 143/200 loss 0.0179 train 1.0000 test 0.4900
epoch 144/200 loss 0.0169 train 1.0000 test 0.4850
epoch 145/200 loss 0.0164 train 1.0000 test 0.4850
epoch 146/200 loss 0.0161 train 1.0000 test 0.4880
epoch 147/200 loss 0.0156 train 1.0000 test 0.4790
epoch 148/200 loss 0.0144 train 1.0000 test 0.4810
epoch 149/200 loss 0.0154 train 1.0000 test 0.4820
epoch 150/200 loss 0.0147 train 1.0000 test 0.4830
epoch 151/200 loss 0.0142 train 1.0000 test 0.4840
epoch 152/200 loss 0.0140 train 1.0000 test 0.4840
epoch 153/200 loss 0.0141 train 1.0000 test 0.4860
epoch 154/200 loss 0.0135 train 1.0000 test 0.4870
epoch 155/200 loss 0.0124 train 1.0000 test 0.4850
epoch 156/200 loss 0.0128 train 1.0000 test 0.4850
epoch 157/200 loss 0.0124 train 1.0000 test 0.4860
epoch 158/200 loss 0.0115 train 1.0000 test 0.4860
epoch 159/200 loss 0.0114 train 1.0000 test 0.4880
epoch 160/200 loss 0.0111 train 1.0000 test 0.4850
epoch 161/200 loss 0.0110 train 1.0000 test 0.4840
epoch 162/200 loss 0.0107 train 1.0000 test 0.4890
epoch 163/200 loss 0.0097 train 1.0000 test 0.4820
epoch 164/200 loss 0.0097 train 1.0000 test 0.4850
epoch 165/200 loss 0.0101 train 1.0000 test 0.4860
epoch 166/200 loss 0.0097 train 1.0000 test 0.4850
epoch 167/200 loss 0.0099 train 1.0000 test 0.4840
epoch 168/200 loss 0.0080 train 1.0000 test 0.4880
epoch 169/200 loss 0.0088 train 1.0000 test 0.4840
epoch 170/200 loss 0.0086 train 1.0000 test 0.4860
epoch 171/200 loss 0.0076 train 1.0000 test 0.4830
epoch 172/200 loss 0.0082 train 1.0000 test 0.4810
epoch 173/200 loss 0.0080 train 1.0000 test 0.4840
epoch 174/200 loss 0.0071 train 1.0000 test 0.4870
epoch 175/200 loss 0.0074 train 1.0000 test 0.4840
epoch 176/200 loss 0.0067 train 1.0000 test 0.4890
epoch 177/200 loss 0.0064 train 1.0000 test 0.4870
epoch 178/200 loss 0.0063 train 1.0000 test 0.4850
epoch 179/200 loss 0.0070 train 1.0000 test 0.4870
epoch 180/200 loss 0.0065 train 1.0000 test 0.4830
epoch 181/200 loss 0.0062 train 1.0000 test 0.4870
epoch 182/200 loss 0.0060 train 1.0000 test 0.4870
epoch 183/200 loss 0.0059 train 1.0000 test 0.4890
epoch 184/200 loss 0.0056 train 1.0000 test 0.4880
epoch 185/200 loss 0.0051 train 1.0000 test 0.4860
epoch 186/200 loss 0.0069 train 1.0000 test 0.4840
epoch 187/200 loss 0.0053 train 1.0000 test 0.4860
epoch 188/200 loss 0.0046 train 1.0000 test 0.4860
epoch 189/200 loss 0.0051 train 1.0000 test 0.4870
epoch 190/200 loss 0.0048 train 1.0000 test 0.4880
epoch 191/200 loss 0.0054 train 1.0000 test 0.4870
epoch 192/200 loss 0.0049 train 1.0000 test 0.4850
epoch 193/200 loss 0.0051 train 1.0000 test 0.4870
epoch 194/200 loss 0.0044 train 1.0000 test 0.4850
epoch 195/200 loss 0.0045 train 1.0000 test 0.4830
epoch 196/200 loss 0.0052 train 1.0000 test 0.4840
epoch 197/200 loss 0.0045 train 1.0000 test 0.4880
epoch 198/200 loss 0.0047 train 1.0000 test 0.4890
epoch 199/200 loss 0.0047 train 1.0000 test 0.4830
epoch 200/200 loss 0.0044 train 1.0000 test 0.4850
done: final 0.4850 best 0.4940 -> ./runs/tin20b_aux/seed4
FOLLOWUP2_DONE tin20b_aux_seed4
FOLLOWUP2_START tin20b_aux_seed5
moment-aux target calibrated on 1024 images
[tin20b_aux seed5] {"params_trainable": 11181148, "params_stem_trainable": 0, "params_stem_fixed_filters": 0, "flops_total": 2226628608, "flops_stem": 0, "flops_image_size": 64}
epoch 1/200 loss 4.7434 train 0.0592 test 0.0840
epoch 2/200 loss 3.9322 train 0.1161 test 0.1120
epoch 3/200 loss 3.6297 train 0.1283 test 0.1460
epoch 4/200 loss 3.3719 train 0.1585 test 0.1970
epoch 5/200 loss 3.0706 train 0.1953 test 0.1890
epoch 6/200 loss 2.9064 train 0.2132 test 0.2150
epoch 7/200 loss 2.7605 train 0.2444 test 0.2430
epoch 8/200 loss 2.6293 train 0.2913 test 0.2620
epoch 9/200 loss 2.5513 train 0.2868 test 0.2410
epoch 10/200 loss 2.5953 train 0.2634 test 0.2620
epoch 11/200 loss 2.5282 train 0.2958 test 0.2660
epoch 12/200 loss 2.4956 train 0.2924 test 0.2590
epoch 13/200 loss 2.4796 train 0.3292 test 0.2710
epoch 14/200 loss 2.3304 train 0.3471 test 0.2290
epoch 15/200 loss 2.2950 train 0.3460 test 0.3090
epoch 16/200 loss 2.2158 train 0.3694 test 0.3060
epoch 17/200 loss 2.1499 train 0.3638 test 0.2660
epoch 18/200 loss 2.1218 train 0.3962 test 0.3300
epoch 19/200 loss 2.0461 train 0.4118 test 0.2800
epoch 20/200 loss 2.0158 train 0.3873 test 0.3210
epoch 21/200 loss 2.0172 train 0.4152 test 0.3210
epoch 22/200 loss 1.9797 train 0.4308 test 0.3200
epoch 23/200 loss 1.9340 train 0.4230 test 0.3170
epoch 24/200 loss 1.9027 train 0.4509 test 0.3300
epoch 25/200 loss 1.8297 train 0.4688 test 0.3370
epoch 26/200 loss 1.7639 train 0.4866 test 0.3200
epoch 27/200 loss 1.7459 train 0.4810 test 0.3580
epoch 28/200 loss 1.7268 train 0.4944 test 0.3240
epoch 29/200 loss 1.6647 train 0.5123 test 0.3540
epoch 30/200 loss 1.6278 train 0.5279 test 0.2870
epoch 31/200 loss 1.6066 train 0.5335 test 0.3890
epoch 32/200 loss 1.5642 train 0.5368 test 0.3540
epoch 33/200 loss 1.4491 train 0.5670 test 0.3580
epoch 34/200 loss 1.4523 train 0.5681 test 0.3680
epoch 35/200 loss 1.4103 train 0.5536 test 0.3700
epoch 36/200 loss 1.3558 train 0.5982 test 0.3330
epoch 37/200 loss 1.2980 train 0.6105 test 0.3390
epoch 38/200 loss 1.2371 train 0.6306 test 0.3460
epoch 39/200 loss 1.2269 train 0.6395 test 0.3870
epoch 40/200 loss 1.2634 train 0.6217 test 0.3550
epoch 41/200 loss 1.2311 train 0.6417 test 0.3460
epoch 42/200 loss 1.2274 train 0.6317 test 0.3750
epoch 43/200 loss 1.1445 train 0.6652 test 0.4000
epoch 44/200 loss 1.0651 train 0.6931 test 0.3570
epoch 45/200 loss 1.0561 train 0.6942 test 0.3600
epoch 46/200 loss 1.0215 train 0.7020 test 0.3710
epoch 47/200 loss 1.0119 train 0.7076 test 0.3360
epoch 48/200 loss 0.9840 train 0.7176 test 0.3850
epoch 49/200 loss 0.8946 train 0.7533 test 0.3600
epoch 50/200 loss 0.8721 train 0.7567 test 0.3750
epoch 51/200 loss 0.8456 train 0.7790 test 0.3740
epoch 52/200 loss 0.7726 train 0.7980 test 0.3760
epoch 53/200 loss 0.7873 train 0.7980 test 0.2880
epoch 54/200 loss 0.7821 train 0.7790 test 0.3880
epoch 55/200 loss 0.6857 train 0.8058 test 0.3960
epoch 56/200 loss 0.6310 train 0.8404 test 0.3670
epoch 57/200 loss 0.5945 train 0.8393 test 0.3870
epoch 58/200 loss 0.5473 train 0.8650 test 0.3800
epoch 59/200 loss 0.5423 train 0.8850 test 0.3830
epoch 60/200 loss 0.5287 train 0.8583 test 0.3950
epoch 61/200 loss 0.5449 train 0.8571 test 0.3990
epoch 62/200 loss 0.5358 train 0.8705 test 0.3660
epoch 63/200 loss 0.4435 train 0.8973 test 0.3900
epoch 64/200 loss 0.4529 train 0.8873 test 0.4230
epoch 65/200 loss 0.4159 train 0.9051 test 0.4110
epoch 66/200 loss 0.3715 train 0.9174 test 0.4260
epoch 67/200 loss 0.3736 train 0.9107 test 0.4360
epoch 68/200 loss 0.3333 train 0.9330 test 0.4050
epoch 69/200 loss 0.3218 train 0.9342 test 0.4050
epoch 70/200 loss 0.3156 train 0.9442 test 0.4310
epoch 71/200 loss 0.2786 train 0.9453 test 0.4230
epoch 72/200 loss 0.2413 train 0.9565 test 0.4290
epoch 73/200 loss 0.2361 train 0.9598 test 0.4160
epoch 74/200 loss 0.2508 train 0.9498 test 0.3830
epoch 75/200 loss 0.2418 train 0.9498 test 0.4200
epoch 76/200 loss 0.1899 train 0.9676 test 0.4090
epoch 77/200 loss 0.1627 train 0.9788 test 0.4260
epoch 78/200 loss 0.1517 train 0.9855 test 0.4160
epoch 79/200 loss 0.1631 train 0.9777 test 0.4120
epoch 80/200 loss 0.1397 train 0.9855 test 0.4010
epoch 81/200 loss 0.1350 train 0.9855 test 0.4490
epoch 82/200 loss 0.1195 train 0.9900 test 0.4410
epoch 83/200 loss 0.1011 train 0.9955 test 0.4500
epoch 84/200 loss 0.1004 train 0.9967 test 0.4350
epoch 85/200 loss 0.0910 train 0.9955 test 0.4500
epoch 86/200 loss 0.0873 train 0.9967 test 0.4620
epoch 87/200 loss 0.0742 train 1.0000 test 0.4510
epoch 88/200 loss 0.0753 train 1.0000 test 0.4360
epoch 89/200 loss 0.0752 train 0.9955 test 0.4540
epoch 90/200 loss 0.0674 train 0.9989 test 0.4670
epoch 91/200 loss 0.0708 train 0.9967 test 0.4540
epoch 92/200 loss 0.0629 train 1.0000 test 0.4520
epoch 93/200 loss 0.0620 train 0.9989 test 0.4670
epoch 94/200 loss 0.0570 train 1.0000 test 0.4740
epoch 95/200 loss 0.0552 train 1.0000 test 0.4770
epoch 96/200 loss 0.0536 train 1.0000 test 0.4850
epoch 97/200 loss 0.0509 train 1.0000 test 0.4830
epoch 98/200 loss 0.0492 train 0.9989 test 0.4870
epoch 99/200 loss 0.0487 train 1.0000 test 0.4790
epoch 100/200 loss 0.0477 train 1.0000 test 0.4770
epoch 101/200 loss 0.0436 train 1.0000 test 0.4760
epoch 102/200 loss 0.0440 train 1.0000 test 0.4800
epoch 103/200 loss 0.0424 train 1.0000 test 0.4780
epoch 104/200 loss 0.0410 train 1.0000 test 0.4820
epoch 105/200 loss 0.0416 train 1.0000 test 0.4750
epoch 106/200 loss 0.0400 train 1.0000 test 0.4790
epoch 107/200 loss 0.0391 train 1.0000 test 0.4820
epoch 108/200 loss 0.0375 train 1.0000 test 0.4830
epoch 109/200 loss 0.0369 train 1.0000 test 0.4740
epoch 110/200 loss 0.0370 train 1.0000 test 0.4810
epoch 111/200 loss 0.0361 train 1.0000 test 0.4740
epoch 112/200 loss 0.0351 train 1.0000 test 0.4820
epoch 113/200 loss 0.0339 train 1.0000 test 0.4770
epoch 114/200 loss 0.0332 train 1.0000 test 0.4830
epoch 115/200 loss 0.0321 train 1.0000 test 0.4860
epoch 116/200 loss 0.0323 train 1.0000 test 0.4850
epoch 117/200 loss 0.0312 train 1.0000 test 0.4810
epoch 118/200 loss 0.0316 train 1.0000 test 0.4830
epoch 119/200 loss 0.0303 train 1.0000 test 0.4850
epoch 120/200 loss 0.0296 train 1.0000 test 0.4850
epoch 121/200 loss 0.0295 train 1.0000 test 0.4850
epoch 122/200 loss 0.0281 train 1.0000 test 0.4810
epoch 123/200 loss 0.0276 train 1.0000 test 0.4790
epoch 124/200 loss 0.0285 train 1.0000 test 0.4800
epoch 125/200 loss 0.0271 train 1.0000 test 0.4860
epoch 126/200 loss 0.0266 train 1.0000 test 0.4870
epoch 127/200 loss 0.0258 train 1.0000 test 0.4850
epoch 128/200 loss 0.0257 train 1.0000 test 0.4810
epoch 129/200 loss 0.0245 train 1.0000 test 0.4840
epoch 130/200 loss 0.0234 train 1.0000 test 0.4760
epoch 131/200 loss 0.0236 train 1.0000 test 0.4830
epoch 132/200 loss 0.0230 train 1.0000 test 0.4820
epoch 133/200 loss 0.0227 train 1.0000 test 0.4850
epoch 134/200 loss 0.0226 train 1.0000 test 0.4800
epoch 135/200 loss 0.0219 train 1.0000 test 0.4830
epoch 136/200 loss 0.0209 train 1.0000 test 0.4850
epoch 137/200 loss 0.0203 train 1.0000 test 0.4840
epoch 138/200 loss 0.0194 train 1.0000 test 0.4770
epoch 139/200 loss 0.0196 train 1.0000 test 0.4790
epoch 140/200 loss 0.0191 train 1.0000 test 0.4810
epoch 141/200 loss 0.0184 train 1.0000 test 0.4800
epoch 142/200 loss 0.0188 train 1.0000 test 0.4850
epoch 143/200 loss 0.0170 train 1.0000 test 0.4840
epoch 144/200 loss 0.0178 train 1.0000 test 0.4810
epoch 145/200 loss 0.0165 train 1.0000 test 0.4840
epoch 146/200 loss 0.0169 train 1.0000 test 0.4840
epoch 147/200 loss 0.0164 train 1.0000 test 0.4810
epoch 148/200 loss 0.0167 train 1.0000 test 0.4780
epoch 149/200 loss 0.0147 train 1.0000 test 0.4790
epoch 150/200 loss 0.0154 train 1.0000 test 0.4780
epoch 151/200 loss 0.0144 train 1.0000 test 0.4810
epoch 152/200 loss 0.0133 train 1.0000 test 0.4810
epoch 153/200 loss 0.0132 train 1.0000 test 0.4800
epoch 154/200 loss 0.0136 train 1.0000 test 0.4820
epoch 155/200 loss 0.0135 train 1.0000 test 0.4770
epoch 156/200 loss 0.0119 train 1.0000 test 0.4780
epoch 157/200 loss 0.0127 train 1.0000 test 0.4810
epoch 158/200 loss 0.0124 train 1.0000 test 0.4820
epoch 159/200 loss 0.0119 train 1.0000 test 0.4820
epoch 160/200 loss 0.0118 train 1.0000 test 0.4840
epoch 161/200 loss 0.0110 train 1.0000 test 0.4850
epoch 162/200 loss 0.0108 train 1.0000 test 0.4810
epoch 163/200 loss 0.0100 train 1.0000 test 0.4810
epoch 164/200 loss 0.0099 train 1.0000 test 0.4840
epoch 165/200 loss 0.0100 train 1.0000 test 0.4800
epoch 166/200 loss 0.0094 train 1.0000 test 0.4800
epoch 167/200 loss 0.0089 train 1.0000 test 0.4810
epoch 168/200 loss 0.0089 train 1.0000 test 0.4810
epoch 169/200 loss 0.0085 train 1.0000 test 0.4780
epoch 170/200 loss 0.0088 train 1.0000 test 0.4780
epoch 171/200 loss 0.0078 train 1.0000 test 0.4790
epoch 172/200 loss 0.0076 train 1.0000 test 0.4780
epoch 173/200 loss 0.0076 train 1.0000 test 0.4780
epoch 174/200 loss 0.0076 train 1.0000 test 0.4800
epoch 175/200 loss 0.0065 train 1.0000 test 0.4820
epoch 176/200 loss 0.0073 train 1.0000 test 0.4800
epoch 177/200 loss 0.0067 train 1.0000 test 0.4800
epoch 178/200 loss 0.0064 train 1.0000 test 0.4820
epoch 179/200 loss 0.0068 train 1.0000 test 0.4800
epoch 180/200 loss 0.0074 train 1.0000 test 0.4780
epoch 181/200 loss 0.0061 train 1.0000 test 0.4800
epoch 182/200 loss 0.0062 train 1.0000 test 0.4820
epoch 183/200 loss 0.0066 train 1.0000 test 0.4830
epoch 184/200 loss 0.0050 train 1.0000 test 0.4800
epoch 185/200 loss 0.0050 train 1.0000 test 0.4840
epoch 186/200 loss 0.0051 train 1.0000 test 0.4820
epoch 187/200 loss 0.0050 train 1.0000 test 0.4810
epoch 188/200 loss 0.0052 train 1.0000 test 0.4830
epoch 189/200 loss 0.0049 train 1.0000 test 0.4800
epoch 190/200 loss 0.0042 train 1.0000 test 0.4810
epoch 191/200 loss 0.0059 train 1.0000 test 0.4810
epoch 192/200 loss 0.0043 train 1.0000 test 0.4820
epoch 193/200 loss 0.0046 train 1.0000 test 0.4830
epoch 194/200 loss 0.0041 train 1.0000 test 0.4810
epoch 195/200 loss 0.0045 train 1.0000 test 0.4790
epoch 196/200 loss 0.0056 train 1.0000 test 0.4810
epoch 197/200 loss 0.0045 train 1.0000 test 0.4790
epoch 198/200 loss 0.0047 train 1.0000 test 0.4800
epoch 199/200 loss 0.0046 train 1.0000 test 0.4810
epoch 200/200 loss 0.0049 train 1.0000 test 0.4830
done: final 0.4830 best 0.4870 -> ./runs/tin20b_aux/seed5
FOLLOWUP2_DONE tin20b_aux_seed5
FOLLOWUP2_START tin20b_aux_seed6
moment-aux target calibrated on 1024 images
[tin20b_aux seed6] {"params_trainable": 11181148, "params_stem_trainable": 0, "params_stem_fixed_filters": 0, "flops_total": 2226628608, "flops_stem": 0, "flops_image_size": 64}
epoch 1/200 loss 4.6699 train 0.0558 test 0.0610
epoch 2/200 loss 3.9111 train 0.1105 test 0.1120
epoch 3/200 loss 3.5246 train 0.1384 test 0.1610
epoch 4/200 loss 3.2766 train 0.1562 test 0.1840
epoch 5/200 loss 2.9794 train 0.2009 test 0.1910
epoch 6/200 loss 2.8239 train 0.2310 test 0.2290
epoch 7/200 loss 2.7199 train 0.2321 test 0.2140
epoch 8/200 loss 2.6661 train 0.2634 test 0.2390
epoch 9/200 loss 2.5910 train 0.2746 test 0.2480
epoch 10/200 loss 2.5583 train 0.2958 test 0.2740
epoch 11/200 loss 2.5382 train 0.2746 test 0.2850
epoch 12/200 loss 2.4860 train 0.2846 test 0.2330
epoch 13/200 loss 2.3978 train 0.3292 test 0.2820
epoch 14/200 loss 2.3643 train 0.3248 test 0.2700
epoch 15/200 loss 2.3594 train 0.3158 test 0.2910
epoch 16/200 loss 2.2829 train 0.3460 test 0.2780
epoch 17/200 loss 2.1597 train 0.3884 test 0.3180
epoch 18/200 loss 2.0772 train 0.4319 test 0.3090
epoch 19/200 loss 2.0310 train 0.4129 test 0.3020
epoch 20/200 loss 1.9780 train 0.4096 test 0.2960
epoch 21/200 loss 1.9975 train 0.4163 test 0.3390
epoch 22/200 loss 1.9108 train 0.4542 test 0.3320
epoch 23/200 loss 1.8878 train 0.4487 test 0.3340
epoch 24/200 loss 1.8892 train 0.4375 test 0.2880
epoch 25/200 loss 1.8440 train 0.4799 test 0.3750
epoch 26/200 loss 1.8253 train 0.4654 test 0.3180
epoch 27/200 loss 1.7728 train 0.4576 test 0.3190
epoch 28/200 loss 1.7605 train 0.4821 test 0.3490
epoch 29/200 loss 1.6590 train 0.5223 test 0.3390
epoch 30/200 loss 1.6872 train 0.5078 test 0.3300
epoch 31/200 loss 1.5997 train 0.5402 test 0.3250
epoch 32/200 loss 1.5323 train 0.5703 test 0.3790
epoch 33/200 loss 1.4473 train 0.5770 test 0.3620
epoch 34/200 loss 1.4408 train 0.5804 test 0.3720
epoch 35/200 loss 1.4295 train 0.5971 test 0.3660
epoch 36/200 loss 1.3566 train 0.5882 test 0.3580
epoch 37/200 loss 1.3740 train 0.6094 test 0.3450
epoch 38/200 loss 1.3237 train 0.6049 test 0.3660
epoch 39/200 loss 1.2729 train 0.6239 test 0.4010
epoch 40/200 loss 1.2161 train 0.6540 test 0.3800
epoch 41/200 loss 1.1843 train 0.6440 test 0.3670
epoch 42/200 loss 1.2046 train 0.6496 test 0.3660
epoch 43/200 loss 1.1028 train 0.6775 test 0.3050
epoch 44/200 loss 1.0601 train 0.7109 test 0.3760
epoch 45/200 loss 0.9909 train 0.7333 test 0.3970
epoch 46/200 loss 0.9316 train 0.7232 test 0.3880
epoch 47/200 loss 0.8902 train 0.7656 test 0.3200
epoch 48/200 loss 0.8959 train 0.7388 test 0.3740
epoch 49/200 loss 0.8898 train 0.7556 test 0.3560
epoch 50/200 loss 0.8986 train 0.7422 test 0.3720
epoch 51/200 loss 0.8186 train 0.7746 test 0.3850
epoch 52/200 loss 0.8671 train 0.7656 test 0.3450
epoch 53/200 loss 0.8514 train 0.7511 test 0.3500
epoch 54/200 loss 0.8371 train 0.7734 test 0.3690
epoch 55/200 loss 0.8269 train 0.7857 test 0.3740
epoch 56/200 loss 0.7596 train 0.7824 test 0.3620
epoch 57/200 loss 0.6454 train 0.8382 test 0.3590
epoch 58/200 loss 0.5980 train 0.8426 test 0.4120
epoch 59/200 loss 0.5552 train 0.8638 test 0.4150
epoch 60/200 loss 0.4660 train 0.8906 test 0.3910
epoch 61/200 loss 0.4216 train 0.9085 test 0.3990
epoch 62/200 loss 0.4052 train 0.9107 test 0.4410
epoch 63/200 loss 0.4166 train 0.8973 test 0.3980
epoch 64/200 loss 0.3932 train 0.9096 test 0.4110
epoch 65/200 loss 0.3724 train 0.9163 test 0.3760
epoch 66/200 loss 0.3739 train 0.9252 test 0.4140
epoch 67/200 loss 0.3302 train 0.9275 test 0.4080
epoch 68/200 loss 0.3581 train 0.9163 test 0.4150
epoch 69/200 loss 0.3604 train 0.9196 test 0.4220
epoch 70/200 loss 0.3059 train 0.9431 test 0.3860
epoch 71/200 loss 0.3234 train 0.9297 test 0.3850
epoch 72/200 loss 0.3040 train 0.9364 test 0.4020
epoch 73/200 loss 0.2975 train 0.9397 test 0.3990
epoch 74/200 loss 0.2976 train 0.9319 test 0.4280
epoch 75/200 loss 0.2644 train 0.9475 test 0.3980
epoch 76/200 loss 0.2640 train 0.9431 test 0.3870
epoch 77/200 loss 0.2305 train 0.9621 test 0.4370
epoch 78/200 loss 0.2147 train 0.9654 test 0.4190
epoch 79/200 loss 0.1933 train 0.9721 test 0.4290
epoch 80/200 loss 0.1506 train 0.9810 test 0.4540
epoch 81/200 loss 0.1389 train 0.9877 test 0.4340
epoch 82/200 loss 0.1276 train 0.9888 test 0.4410
epoch 83/200 loss 0.1276 train 0.9888 test 0.4410
epoch 84/200 loss 0.1184 train 0.9866 test 0.4270
epoch 85/200 loss 0.1146 train 0.9888 test 0.4450
epoch 86/200 loss 0.0990 train 0.9955 test 0.4410
epoch 87/200 loss 0.0905 train 0.9933 test 0.4350
epoch 88/200 loss 0.0849 train 0.9978 test 0.4530
epoch 89/200 loss 0.0708 train 1.0000 test 0.4670
epoch 90/200 loss 0.0684 train 1.0000 test 0.4670
epoch 91/200 loss 0.0633 train 1.0000 test 0.4600
epoch 92/200 loss 0.0590 train 0.9989 test 0.4610
epoch 93/200 loss 0.0581 train 0.9989 test 0.4730
epoch 94/200 loss 0.0578 train 0.9989 test 0.4700
epoch 95/200 loss 0.0549 train 1.0000 test 0.4730
epoch 96/200 loss 0.0530 train 1.0000 test 0.4670
epoch 97/200 loss 0.0514 train 1.0000 test 0.4700
epoch 98/200 loss 0.0488 train 1.0000 test 0.4750
epoch 99/200 loss 0.0456 train 1.0000 test 0.4800
epoch 100/200 loss 0.0452 train 1.0000 test 0.4790
epoch 101/200 loss 0.0449 train 1.0000 test 0.4870
epoch 102/200 loss 0.0428 train 1.0000 test 0.4780
epoch 103/200 loss 0.0424 train 1.0000 test 0.4810
epoch 104/200 loss 0.0416 train 1.0000 test 0.4780
epoch 105/200 loss 0.0409 train 1.0000 test 0.4850
epoch 106/200 loss 0.0412 train 1.0000 test 0.4870
epoch 107/200 loss 0.0385 train 1.0000 test 0.4820
epoch 108/200 loss 0.0405 train 1.0000 test 0.4870
epoch 109/200 loss 0.0378 train 1.0000 test 0.4890
epoch 110/200 loss 0.0372 train 1.0000 test 0.4790
epoch 111/200 loss 0.0370 train 1.0000 test 0.4770
epoch 112/200 loss 0.0349 train 1.0000 test 0.4800
epoch 113/200 loss 0.0364 train 1.0000 test 0.4800
epoch 114/200 loss 0.0338 train 1.0000 test 0.4770
epoch 115/200 loss 0.0340 train 1.0000 test 0.4850
epoch 116/200 loss 0.0328 train 1.0000 test 0.4890
epoch 117/200 loss 0.0328 train 1.0000 test 0.4820
epoch 118/200 loss 0.0306 train 1.0000 test 0.4890
epoch 119/200 loss 0.0307 train 1.0000 test 0.4850
epoch 120/200 loss 0.0315 train 1.0000 test 0.4890
epoch 121/200 loss 0.0292 train 1.0000 test 0.4890
epoch 122/200 loss 0.0278 train 1.0000 test 0.4910
epoch 123/200 loss 0.0281 train 1.0000 test 0.4940
epoch 124/200 loss 0.0276 train 1.0000 test 0.4890
epoch 125/200 loss 0.0272 train 1.0000 test 0.4800
epoch 126/200 loss 0.0255 train 1.0000 test 0.4790
epoch 127/200 loss 0.0253 train 1.0000 test 0.4820
epoch 128/200 loss 0.0253 train 1.0000 test 0.4870
epoch 129/200 loss 0.0248 train 1.0000 test 0.4890
epoch 130/200 loss 0.0241 train 1.0000 test 0.4870
epoch 131/200 loss 0.0233 train 1.0000 test 0.4840
epoch 132/200 loss 0.0226 train 1.0000 test 0.4830
epoch 133/200 loss 0.0220 train 1.0000 test 0.4820
epoch 134/200 loss 0.0229 train 1.0000 test 0.4890
epoch 135/200 loss 0.0211 train 1.0000 test 0.4800
epoch 136/200 loss 0.0202 train 1.0000 test 0.4850
epoch 137/200 loss 0.0208 train 1.0000 test 0.4870
epoch 138/200 loss 0.0198 train 1.0000 test 0.4850
epoch 139/200 loss 0.0184 train 1.0000 test 0.4900
epoch 140/200 loss 0.0189 train 1.0000 test 0.4850
epoch 141/200 loss 0.0178 train 1.0000 test 0.4890
epoch 142/200 loss 0.0183 train 1.0000 test 0.4860
epoch 143/200 loss 0.0177 train 1.0000 test 0.4890
epoch 144/200 loss 0.0174 train 1.0000 test 0.4920
epoch 145/200 loss 0.0167 train 1.0000 test 0.4940
epoch 146/200 loss 0.0169 train 1.0000 test 0.4940
epoch 147/200 loss 0.0174 train 0.9989 test 0.4880
epoch 148/200 loss 0.0150 train 1.0000 test 0.4860
epoch 149/200 loss 0.0153 train 1.0000 test 0.4810
epoch 150/200 loss 0.0150 train 1.0000 test 0.4820
epoch 151/200 loss 0.0142 train 1.0000 test 0.4840
epoch 152/200 loss 0.0138 train 1.0000 test 0.4840
epoch 153/200 loss 0.0142 train 1.0000 test 0.4840
epoch 154/200 loss 0.0131 train 1.0000 test 0.4960
epoch 155/200 loss 0.0132 train 1.0000 test 0.4920
epoch 156/200 loss 0.0127 train 1.0000 test 0.4910
epoch 157/200 loss 0.0126 train 1.0000 test 0.4860
epoch 158/200 loss 0.0114 train 1.0000 test 0.4900
epoch 159/200 loss 0.0111 train 1.0000 test 0.4910
epoch 160/200 loss 0.0119 train 1.0000 test 0.4910
epoch 161/200 loss 0.0104 train 1.0000 test 0.4890
epoch 162/200 loss 0.0106 train 1.0000 test 0.4900
epoch 163/200 loss 0.0100 train 1.0000 test 0.4870
epoch 164/200 loss 0.0109 train 0.9989 test 0.4840
epoch 165/200 loss 0.0105 train 1.0000 test 0.4900
epoch 166/200 loss 0.0095 train 1.0000 test 0.4900
epoch 167/200 loss 0.0087 train 1.0000 test 0.4890
epoch 168/200 loss 0.0092 train 1.0000 test 0.4910
epoch 169/200 loss 0.0087 train 1.0000 test 0.4920
epoch 170/200 loss 0.0084 train 1.0000 test 0.4910
epoch 171/200 loss 0.0084 train 1.0000 test 0.4890
epoch 172/200 loss 0.0086 train 1.0000 test 0.4830
epoch 173/200 loss 0.0076 train 1.0000 test 0.4880
epoch 174/200 loss 0.0068 train 1.0000 test 0.4850
epoch 175/200 loss 0.0069 train 1.0000 test 0.4830
epoch 176/200 loss 0.0068 train 1.0000 test 0.4850
epoch 177/200 loss 0.0063 train 1.0000 test 0.4830
epoch 178/200 loss 0.0061 train 1.0000 test 0.4870
epoch 179/200 loss 0.0062 train 1.0000 test 0.4850
epoch 180/200 loss 0.0056 train 1.0000 test 0.4870
epoch 181/200 loss 0.0057 train 1.0000 test 0.4860
epoch 182/200 loss 0.0055 train 1.0000 test 0.4860
epoch 183/200 loss 0.0056 train 1.0000 test 0.4850
epoch 184/200 loss 0.0052 train 1.0000 test 0.4860
epoch 185/200 loss 0.0054 train 1.0000 test 0.4890
epoch 186/200 loss 0.0050 train 1.0000 test 0.4900
epoch 187/200 loss 0.0054 train 1.0000 test 0.4820
epoch 188/200 loss 0.0050 train 1.0000 test 0.4820
epoch 189/200 loss 0.0048 train 1.0000 test 0.4880
epoch 190/200 loss 0.0048 train 1.0000 test 0.4870
epoch 191/200 loss 0.0058 train 1.0000 test 0.4890
epoch 192/200 loss 0.0043 train 1.0000 test 0.4860
epoch 193/200 loss 0.0049 train 1.0000 test 0.4840
epoch 194/200 loss 0.0048 train 1.0000 test 0.4860
epoch 195/200 loss 0.0048 train 1.0000 test 0.4840
epoch 196/200 loss 0.0041 train 1.0000 test 0.4860
epoch 197/200 loss 0.0047 train 1.0000 test 0.4800
epoch 198/200 loss 0.0043 train 1.0000 test 0.4840
epoch 199/200 loss 0.0048 train 1.0000 test 0.4850
epoch 200/200 loss 0.0052 train 1.0000 test 0.4850
done: final 0.4850 best 0.4960 -> ./runs/tin20b_aux/seed6
FOLLOWUP2_DONE tin20b_aux_seed6
FOLLOWUP2_START tin20b_aux_seed7
moment-aux target calibrated on 1024 images
[tin20b_aux seed7] {"params_trainable": 11181148, "params_stem_trainable": 0, "params_stem_fixed_filters": 0, "flops_total": 2226628608, "flops_stem": 0, "flops_image_size": 64}
epoch 1/200 loss 4.5651 train 0.0692 test 0.0560
epoch 2/200 loss 3.9516 train 0.1127 test 0.1340
epoch 3/200 loss 3.5978 train 0.1362 test 0.1490
epoch 4/200 loss 3.3048 train 0.1708 test 0.1410
epoch 5/200 loss 3.0984 train 0.1920 test 0.1970
epoch 6/200 loss 2.8954 train 0.2199 test 0.2270
epoch 7/200 loss 2.7496 train 0.2288 test 0.2180
epoch 8/200 loss 2.7063 train 0.2723 test 0.2590
epoch 9/200 loss 2.5955 train 0.2801 test 0.2790
epoch 10/200 loss 2.5577 train 0.3025 test 0.2350
epoch 11/200 loss 2.5185 train 0.2846 test 0.2790
epoch 12/200 loss 2.4747 train 0.2969 test 0.2740
epoch 13/200 loss 2.4388 train 0.3136 test 0.2580
epoch 14/200 loss 2.4477 train 0.3103 test 0.2940
epoch 15/200 loss 2.3951 train 0.3315 test 0.2570
epoch 16/200 loss 2.2824 train 0.3449 test 0.2720
epoch 17/200 loss 2.2391 train 0.3538 test 0.2790
epoch 18/200 loss 2.1953 train 0.3616 test 0.3100
epoch 19/200 loss 2.1581 train 0.3661 test 0.2940
epoch 20/200 loss 2.1459 train 0.3917 test 0.2990
epoch 21/200 loss 2.0651 train 0.4085 test 0.3500
epoch 22/200 loss 1.9972 train 0.4263 test 0.2760
epoch 23/200 loss 1.9540 train 0.4062 test 0.3320
epoch 24/200 loss 1.9408 train 0.4420 test 0.3140
epoch 25/200 loss 1.9209 train 0.4353 test 0.3050
epoch 26/200 loss 1.9139 train 0.4330 test 0.3150
epoch 27/200 loss 1.8426 train 0.4587 test 0.3400
epoch 28/200 loss 1.7801 train 0.4933 test 0.3020
epoch 29/200 loss 1.7579 train 0.4900 test 0.3440
epoch 30/200 loss 1.7545 train 0.4788 test 0.3220
epoch 31/200 loss 1.6338 train 0.4967 test 0.3170
epoch 32/200 loss 1.6223 train 0.5491 test 0.3280
epoch 33/200 loss 1.6476 train 0.4911 test 0.3240
epoch 34/200 loss 1.5787 train 0.5290 test 0.2700
epoch 35/200 loss 1.5761 train 0.5324 test 0.3580
epoch 36/200 loss 1.4710 train 0.5525 test 0.2830
epoch 37/200 loss 1.4146 train 0.5882 test 0.3280
epoch 38/200 loss 1.4034 train 0.5993 test 0.3400
epoch 39/200 loss 1.3517 train 0.6127 test 0.3880
epoch 40/200 loss 1.3654 train 0.5815 test 0.3520
epoch 41/200 loss 1.3131 train 0.6261 test 0.3580
epoch 42/200 loss 1.2193 train 0.6752 test 0.3590
epoch 43/200 loss 1.1521 train 0.6819 test 0.3650
epoch 44/200 loss 1.1145 train 0.6708 test 0.3590
epoch 45/200 loss 1.0675 train 0.6964 test 0.4070
epoch 46/200 loss 1.0175 train 0.7098 test 0.3850
epoch 47/200 loss 0.9666 train 0.7232 test 0.3860
epoch 48/200 loss 0.8981 train 0.7411 test 0.4030
epoch 49/200 loss 0.8823 train 0.7433 test 0.3950
epoch 50/200 loss 0.9348 train 0.7143 test 0.3600
epoch 51/200 loss 0.8474 train 0.7589 test 0.3930
epoch 52/200 loss 0.8183 train 0.7768 test 0.3980
epoch 53/200 loss 0.7737 train 0.7913 test 0.3720
epoch 54/200 loss 0.6852 train 0.8214 test 0.4010
epoch 55/200 loss 0.6476 train 0.8292 test 0.4070
epoch 56/200 loss 0.5982 train 0.8449 test 0.3940
epoch 57/200 loss 0.5774 train 0.8504 test 0.3860
epoch 58/200 loss 0.5388 train 0.8728 test 0.3870
epoch 59/200 loss 0.5520 train 0.8571 test 0.3580
epoch 60/200 loss 0.5147 train 0.8739 test 0.3870
epoch 61/200 loss 0.5173 train 0.8750 test 0.4060
epoch 62/200 loss 0.4855 train 0.8839 test 0.3750
epoch 63/200 loss 0.4568 train 0.8828 test 0.3920
epoch 64/200 loss 0.4663 train 0.8761 test 0.4020
epoch 65/200 loss 0.5157 train 0.8761 test 0.3790
epoch 66/200 loss 0.5126 train 0.8672 test 0.3420
epoch 67/200 loss 0.4399 train 0.8940 test 0.3860
epoch 68/200 loss 0.3907 train 0.9074 test 0.3610
epoch 69/200 loss 0.3752 train 0.9129 test 0.4000
epoch 70/200 loss 0.3470 train 0.9163 test 0.3900
epoch 71/200 loss 0.3041 train 0.9364 test 0.3850
epoch 72/200 loss 0.3068 train 0.9353 test 0.4140
epoch 73/200 loss 0.2782 train 0.9431 test 0.4130
epoch 74/200 loss 0.2786 train 0.9431 test 0.4100
epoch 75/200 loss 0.2538 train 0.9475 test 0.4450
epoch 76/200 loss 0.2425 train 0.9576 test 0.4300
epoch 77/200 loss 0.2334 train 0.9475 test 0.4490
epoch 78/200 loss 0.2091 train 0.9621 test 0.4160
epoch 79/200 loss 0.1888 train 0.9743 test 0.4330
epoch 80/200 loss 0.1730 train 0.9754 test 0.4200
epoch 81/200 loss 0.1752 train 0.9743 test 0.4380
epoch 82/200 loss 0.1508 train 0.9821 test 0.4400
epoch 83/200 loss 0.1247 train 0.9888 test 0.4590
epoch 84/200 loss 0.1186 train 0.9866 test 0.4430
epoch 85/200 loss 0.1100 train 0.9911 test 0.4600
epoch 86/200 loss 0.1039 train 0.9933 test 0.4590
epoch 87/200 loss 0.0894 train 0.9989 test 0.4740
epoch 88/200 loss 0.0890 train 0.9967 test 0.4640
epoch 89/200 loss 0.0831 train 0.9955 test 0.4590
epoch 90/200 loss 0.0729 train 0.9989 test 0.4740
epoch 91/200 loss 0.0802 train 0.9967 test 0.4670
epoch 92/200 loss 0.0698 train 0.9978 test 0.4640
epoch 93/200 loss 0.0683 train 0.9978 test 0.4550
epoch 94/200 loss 0.0615 train 1.0000 test 0.4740
epoch 95/200 loss 0.0575 train 1.0000 test 0.4890
epoch 96/200 loss 0.0592 train 1.0000 test 0.4840
epoch 97/200 loss 0.0512 train 1.0000 test 0.4770
epoch 98/200 loss 0.0506 train 1.0000 test 0.4810
epoch 99/200 loss 0.0521 train 1.0000 test 0.4800
epoch 100/200 loss 0.0463 train 1.0000 test 0.4780
epoch 101/200 loss 0.0475 train 1.0000 test 0.4720
epoch 102/200 loss 0.0443 train 1.0000 test 0.4800
epoch 103/200 loss 0.0435 train 1.0000 test 0.4880
epoch 104/200 loss 0.0431 train 1.0000 test 0.4880
epoch 105/200 loss 0.0415 train 1.0000 test 0.4860
epoch 106/200 loss 0.0408 train 1.0000 test 0.4770
epoch 107/200 loss 0.0399 train 1.0000 test 0.4790
epoch 108/200 loss 0.0399 train 1.0000 test 0.4740
epoch 109/200 loss 0.0393 train 1.0000 test 0.4770
epoch 110/200 loss 0.0393 train 1.0000 test 0.4850
epoch 111/200 loss 0.0393 train 1.0000 test 0.4770
epoch 112/200 loss 0.0371 train 1.0000 test 0.4720
epoch 113/200 loss 0.0348 train 1.0000 test 0.4760
epoch 114/200 loss 0.0344 train 1.0000 test 0.4870
epoch 115/200 loss 0.0337 train 1.0000 test 0.4820
epoch 116/200 loss 0.0347 train 1.0000 test 0.4770
epoch 117/200 loss 0.0325 train 1.0000 test 0.4720
epoch 118/200 loss 0.0318 train 1.0000 test 0.4760
epoch 119/200 loss 0.0308 train 1.0000 test 0.4760
epoch 120/200 loss 0.0305 train 1.0000 test 0.4730
epoch 121/200 loss 0.0295 train 1.0000 test 0.4800
epoch 122/200 loss 0.0289 train 1.0000 test 0.4760
epoch 123/200 loss 0.0286 train 1.0000 test 0.4820
epoch 124/200 loss 0.0279 train 1.0000 test 0.4800
epoch 125/200 loss 0.0264 train 1.0000 test 0.4820
epoch 126/200 loss 0.0268 train 1.0000 test 0.4840
epoch 127/200 loss 0.0250 train 1.0000 test 0.4870
epoch 128/200 loss 0.0259 train 1.0000 test 0.4900
epoch 129/200 loss 0.0245 train 1.0000 test 0.4840
epoch 130/200 loss 0.0239 train 1.0000 test 0.4890
epoch 131/200 loss 0.0243 train 1.0000 test 0.4880
epoch 132/200 loss 0.0227 train 1.0000 test 0.4830
epoch 133/200 loss 0.0227 train 1.0000 test 0.4820
epoch 134/200 loss 0.0219 train 1.0000 test 0.4840
epoch 135/200 loss 0.0211 train 1.0000 test 0.4810
epoch 136/200 loss 0.0209 train 1.0000 test 0.4890
epoch 137/200 loss 0.0208 train 1.0000 test 0.4890
epoch 138/200 loss 0.0203 train 1.0000 test 0.4870
epoch 139/200 loss 0.0208 train 1.0000 test 0.4880
epoch 140/200 loss 0.0188 train 1.0000 test 0.4820
epoch 141/200 loss 0.0182 train 1.0000 test 0.4830
epoch 142/200 loss 0.0179 train 1.0000 test 0.4820
epoch 143/200 loss 0.0185 train 1.0000 test 0.4820
epoch 144/200 loss 0.0178 train 1.0000 test 0.4800
epoch 145/200 loss 0.0166 train 1.0000 test 0.4790
epoch 146/200 loss 0.0169 train 1.0000 test 0.4840
epoch 147/200 loss 0.0157 train 1.0000 test 0.4850
epoch 148/200 loss 0.0154 train 1.0000 test 0.4860
epoch 149/200 loss 0.0157 train 1.0000 test 0.4850
epoch 150/200 loss 0.0152 train 1.0000 test 0.4840
epoch 151/200 loss 0.0148 train 1.0000 test 0.4840
epoch 152/200 loss 0.0140 train 1.0000 test 0.4840
epoch 153/200 loss 0.0136 train 1.0000 test 0.4870
epoch 154/200 loss 0.0146 train 1.0000 test 0.4850
epoch 155/200 loss 0.0129 train 1.0000 test 0.4830
epoch 156/200 loss 0.0125 train 1.0000 test 0.4840
epoch 157/200 loss 0.0126 train 1.0000 test 0.4860
epoch 158/200 loss 0.0123 train 1.0000 test 0.4830
epoch 159/200 loss 0.0120 train 1.0000 test 0.4830
epoch 160/200 loss 0.0108 train 1.0000 test 0.4860
epoch 161/200 loss 0.0106 train 1.0000 test 0.4850
epoch 162/200 loss 0.0103 train 1.0000 test 0.4810
epoch 163/200 loss 0.0108 train 1.0000 test 0.4860
epoch 164/200 loss 0.0092 train 1.0000 test 0.4850
epoch 165/200 loss 0.0090 train 1.0000 test 0.4850
epoch 166/200 loss 0.0092 train 1.0000 test 0.4840
epoch 167/200 loss 0.0087 train 1.0000 test 0.4810
epoch 168/200 loss 0.0089 train 1.0000 test 0.4850
epoch 169/200 loss 0.0079 train 1.0000 test 0.4830
epoch 170/200 loss 0.0086 train 1.0000 test 0.4820
epoch 171/200 loss 0.0078 train 1.0000 test 0.4820
epoch 172/200 loss 0.0080 train 1.0000 test 0.4840
epoch 173/200 loss 0.0075 train 1.0000 test 0.4800
epoch 174/200 loss 0.0068 train 1.0000 test 0.4830
epoch 175/200 loss 0.0066 train 1.0000 test 0.4830
epoch 176/200 loss 0.0068 train 1.0000 test 0.4830
epoch 177/200 loss 0.0077 train 1.0000 test 0.4830
epoch 178/200 loss 0.0064 train 1.0000 test 0.4860
epoch 179/200 loss 0.0059 train 1.0000 test 0.4820
epoch 180/200 loss 0.0068 train 1.0000 test 0.4830
epoch 181/200 loss 0.0066 train 1.0000 test 0.4830
epoch 182/200 loss 0.0056 train 1.0000 test 0.4820
epoch 183/200 loss 0.0056 train 1.0000 test 0.4810
epoch 184/200 loss 0.0059 train 1.0000 test 0.4820
epoch 185/200 loss 0.0062 train 1.0000 test 0.4820
epoch 186/200 loss 0.0047 train 1.0000 test 0.4850
epoch 187/200 loss 0.0047 train 1.0000 test 0.4830
epoch 188/200 loss 0.0057 train 1.0000 test 0.4850
epoch 189/200 loss 0.0048 train 1.0000 test 0.4830
epoch 190/200 loss 0.0048 train 1.0000 test 0.4840
epoch 191/200 loss 0.0045 train 1.0000 test 0.4850
epoch 192/200 loss 0.0047 train 1.0000 test 0.4840
epoch 193/200 loss 0.0048 train 1.0000 test 0.4860
epoch 194/200 loss 0.0046 train 1.0000 test 0.4860
epoch 195/200 loss 0.0050 train 1.0000 test 0.4860
epoch 196/200 loss 0.0047 train 1.0000 test 0.4840
epoch 197/200 loss 0.0044 train 1.0000 test 0.4830
epoch 198/200 loss 0.0046 train 1.0000 test 0.4840
epoch 199/200 loss 0.0042 train 1.0000 test 0.4850
epoch 200/200 loss 0.0042 train 1.0000 test 0.4840
done: final 0.4840 best 0.4900 -> ./runs/tin20b_aux/seed7
FOLLOWUP2_DONE tin20b_aux_seed7
FOLLOWUP2_START tin20b_aux_seed8
moment-aux target calibrated on 1024 images
[tin20b_aux seed8] {"params_trainable": 11181148, "params_stem_trainable": 0, "params_stem_fixed_filters": 0, "flops_total": 2226628608, "flops_stem": 0, "flops_image_size": 64}
epoch 1/200 loss 4.7264 train 0.0770 test 0.0860
epoch 2/200 loss 3.9326 train 0.1272 test 0.1180
epoch 3/200 loss 3.5992 train 0.1440 test 0.1930
epoch 4/200 loss 3.3213 train 0.1473 test 0.1510
epoch 5/200 loss 3.1090 train 0.1886 test 0.1770
epoch 6/200 loss 2.9599 train 0.2020 test 0.2200
epoch 7/200 loss 2.8183 train 0.2478 test 0.2010
epoch 8/200 loss 2.7120 train 0.2388 test 0.2440
epoch 9/200 loss 2.5792 train 0.2679 test 0.2360
epoch 10/200 loss 2.5589 train 0.3058 test 0.2540
epoch 11/200 loss 2.4734 train 0.3025 test 0.2760
epoch 12/200 loss 2.4196 train 0.3315 test 0.2680
epoch 13/200 loss 2.3859 train 0.3170 test 0.2980
epoch 14/200 loss 2.3235 train 0.3348 test 0.2680
epoch 15/200 loss 2.2924 train 0.3616 test 0.2600
epoch 16/200 loss 2.1959 train 0.3783 test 0.2990
epoch 17/200 loss 2.1617 train 0.3850 test 0.2780
epoch 18/200 loss 2.1522 train 0.3817 test 0.3190
epoch 19/200 loss 2.0641 train 0.3984 test 0.3200
epoch 20/200 loss 2.0231 train 0.4174 test 0.3270
epoch 21/200 loss 2.0142 train 0.4185 test 0.3300
epoch 22/200 loss 2.0029 train 0.4163 test 0.3260
epoch 23/200 loss 1.9194 train 0.4319 test 0.3410
epoch 24/200 loss 1.8857 train 0.4475 test 0.2690
epoch 25/200 loss 1.7973 train 0.4643 test 0.2550
epoch 26/200 loss 1.8082 train 0.4732 test 0.2990
epoch 27/200 loss 1.7999 train 0.4978 test 0.3520
epoch 28/200 loss 1.7168 train 0.4967 test 0.3560
epoch 29/200 loss 1.6757 train 0.5190 test 0.3690
epoch 30/200 loss 1.6072 train 0.5212 test 0.3170
epoch 31/200 loss 1.5617 train 0.5458 test 0.3720
epoch 32/200 loss 1.5214 train 0.5379 test 0.3830
epoch 33/200 loss 1.4725 train 0.5815 test 0.3500
epoch 34/200 loss 1.4426 train 0.5971 test 0.3480
epoch 35/200 loss 1.4208 train 0.5804 test 0.3420
epoch 36/200 loss 1.4190 train 0.5714 test 0.3760
epoch 37/200 loss 1.2848 train 0.6194 test 0.3810
epoch 38/200 loss 1.2500 train 0.6540 test 0.3600
epoch 39/200 loss 1.2688 train 0.6295 test 0.3980
epoch 40/200 loss 1.2436 train 0.6328 test 0.3810
epoch 41/200 loss 1.1774 train 0.6618 test 0.3950
epoch 42/200 loss 1.0943 train 0.6875 test 0.3720
epoch 43/200 loss 1.0505 train 0.6987 test 0.3780
epoch 44/200 loss 1.0705 train 0.6975 test 0.3780
epoch 45/200 loss 1.0709 train 0.6819 test 0.3530
epoch 46/200 loss 1.0237 train 0.7210 test 0.3020
epoch 47/200 loss 1.0412 train 0.7087 test 0.3090
epoch 48/200 loss 0.9815 train 0.7221 test 0.3730
epoch 49/200 loss 0.8845 train 0.7400 test 0.3910
epoch 50/200 loss 0.7948 train 0.7902 test 0.3980
epoch 51/200 loss 0.7502 train 0.7991 test 0.3730
epoch 52/200 loss 0.7322 train 0.7913 test 0.3810
epoch 53/200 loss 0.6988 train 0.8248 test 0.3940
epoch 54/200 loss 0.6428 train 0.8426 test 0.4030
epoch 55/200 loss 0.6506 train 0.8304 test 0.4020
epoch 56/200 loss 0.7203 train 0.8047 test 0.4000
epoch 57/200 loss 0.6677 train 0.8225 test 0.3640
epoch 58/200 loss 0.6192 train 0.8449 test 0.3820
epoch 59/200 loss 0.5719 train 0.8527 test 0.3800
epoch 60/200 loss 0.4877 train 0.8973 test 0.4260
epoch 61/200 loss 0.4448 train 0.9107 test 0.4130
epoch 62/200 loss 0.4433 train 0.8962 test 0.4090
epoch 63/200 loss 0.4535 train 0.8850 test 0.4000
epoch 64/200 loss 0.4354 train 0.8973 test 0.3410
epoch 65/200 loss 0.3976 train 0.9074 test 0.3960
epoch 66/200 loss 0.3533 train 0.9196 test 0.4590
epoch 67/200 loss 0.3155 train 0.9308 test 0.4250
epoch 68/200 loss 0.2795 train 0.9587 test 0.4410
epoch 69/200 loss 0.2543 train 0.9598 test 0.4530
epoch 70/200 loss 0.2416 train 0.9609 test 0.4150
epoch 71/200 loss 0.2177 train 0.9721 test 0.4360
epoch 72/200 loss 0.2166 train 0.9621 test 0.4110
epoch 73/200 loss 0.2335 train 0.9542 test 0.4290
epoch 74/200 loss 0.2360 train 0.9699 test 0.4150
epoch 75/200 loss 0.2380 train 0.9565 test 0.4100
epoch 76/200 loss 0.2053 train 0.9688 test 0.4120
epoch 77/200 loss 0.2000 train 0.9688 test 0.4370
epoch 78/200 loss 0.2067 train 0.9576 test 0.4160
epoch 79/200 loss 0.2304 train 0.9576 test 0.4060
epoch 80/200 loss 0.2153 train 0.9609 test 0.4550
epoch 81/200 loss 0.1906 train 0.9732 test 0.4110
epoch 82/200 loss 0.1737 train 0.9732 test 0.4420
epoch 83/200 loss 0.1421 train 0.9844 test 0.4840
epoch 84/200 loss 0.1368 train 0.9799 test 0.4650
epoch 85/200 loss 0.1171 train 0.9866 test 0.4500
epoch 86/200 loss 0.1240 train 0.9877 test 0.4570
epoch 87/200 loss 0.1109 train 0.9922 test 0.4570
epoch 88/200 loss 0.0926 train 0.9944 test 0.4700
epoch 89/200 loss 0.0977 train 0.9944 test 0.4670
epoch 90/200 loss 0.0843 train 0.9989 test 0.4410
epoch 91/200 loss 0.0766 train 0.9989 test 0.4740
epoch 92/200 loss 0.0723 train 0.9989 test 0.4840
epoch 93/200 loss 0.0661 train 0.9989 test 0.4900
epoch 94/200 loss 0.0624 train 1.0000 test 0.4840
epoch 95/200 loss 0.0592 train 1.0000 test 0.4850
epoch 96/200 loss 0.0582 train 0.9989 test 0.4970
epoch 97/200 loss 0.0522 train 1.0000 test 0.4960
epoch 98/200 loss 0.0584 train 0.9989 test 0.4970
epoch 99/200 loss 0.0513 train 1.0000 test 0.4980
epoch 100/200 loss 0.0508 train 0.9989 test 0.5050
epoch 101/200 loss 0.0464 train 1.0000 test 0.5030
epoch 102/200 loss 0.0457 train 1.0000 test 0.4970
epoch 103/200 loss 0.0446 train 1.0000 test 0.4910
epoch 104/200 loss 0.0438 train 1.0000 test 0.4940
epoch 105/200 loss 0.0419 train 1.0000 test 0.4970
epoch 106/200 loss 0.0416 train 1.0000 test 0.5050
epoch 107/200 loss 0.0410 train 1.0000 test 0.4960
epoch 108/200 loss 0.0392 train 1.0000 test 0.4930
epoch 109/200 loss 0.0386 train 1.0000 test 0.4960
epoch 110/200 loss 0.0370 train 1.0000 test 0.4960
epoch 111/200 loss 0.0375 train 1.0000 test 0.4950
epoch 112/200 loss 0.0377 train 1.0000 test 0.5030
epoch 113/200 loss 0.0346 train 1.0000 test 0.5060
epoch 114/200 loss 0.0346 train 1.0000 test 0.5010
epoch 115/200 loss 0.0340 train 1.0000 test 0.5030
epoch 116/200 loss 0.0329 train 1.0000 test 0.5000
epoch 117/200 loss 0.0329 train 1.0000 test 0.5000
epoch 118/200 loss 0.0318 train 1.0000 test 0.4970
epoch 119/200 loss 0.0316 train 1.0000 test 0.4990
epoch 120/200 loss 0.0317 train 1.0000 test 0.5030
epoch 121/200 loss 0.0292 train 1.0000 test 0.5090
epoch 122/200 loss 0.0311 train 1.0000 test 0.5020
epoch 123/200 loss 0.0294 train 1.0000 test 0.5030
epoch 124/200 loss 0.0279 train 1.0000 test 0.5020
epoch 125/200 loss 0.0267 train 1.0000 test 0.5030
epoch 126/200 loss 0.0264 train 1.0000 test 0.5040
epoch 127/200 loss 0.0265 train 1.0000 test 0.4980
epoch 128/200 loss 0.0252 train 1.0000 test 0.5050
epoch 129/200 loss 0.0250 train 1.0000 test 0.5040
epoch 130/200 loss 0.0239 train 1.0000 test 0.5030
epoch 131/200 loss 0.0242 train 1.0000 test 0.5040
epoch 132/200 loss 0.0230 train 1.0000 test 0.5050
epoch 133/200 loss 0.0230 train 1.0000 test 0.5000
epoch 134/200 loss 0.0229 train 1.0000 test 0.4980
epoch 135/200 loss 0.0214 train 1.0000 test 0.5000
epoch 136/200 loss 0.0212 train 1.0000 test 0.5030
epoch 137/200 loss 0.0220 train 1.0000 test 0.5060
epoch 138/200 loss 0.0202 train 1.0000 test 0.5010
epoch 139/200 loss 0.0196 train 1.0000 test 0.5060
epoch 140/200 loss 0.0191 train 1.0000 test 0.5080
epoch 141/200 loss 0.0186 train 1.0000 test 0.5110
epoch 142/200 loss 0.0183 train 1.0000 test 0.5100
epoch 143/200 loss 0.0178 train 1.0000 test 0.5150
epoch 144/200 loss 0.0171 train 1.0000 test 0.5110
epoch 145/200 loss 0.0163 train 1.0000 test 0.5120
epoch 146/200 loss 0.0172 train 1.0000 test 0.5110
epoch 147/200 loss 0.0162 train 1.0000 test 0.5120
epoch 148/200 loss 0.0154 train 1.0000 test 0.5140
epoch 149/200 loss 0.0150 train 1.0000 test 0.5080
epoch 150/200 loss 0.0149 train 1.0000 test 0.5070
epoch 151/200 loss 0.0153 train 1.0000 test 0.5060
epoch 152/200 loss 0.0141 train 1.0000 test 0.5070
epoch 153/200 loss 0.0136 train 1.0000 test 0.5070
epoch 154/200 loss 0.0132 train 1.0000 test 0.5040
epoch 155/200 loss 0.0128 train 1.0000 test 0.5080
epoch 156/200 loss 0.0130 train 1.0000 test 0.5010
epoch 157/200 loss 0.0131 train 1.0000 test 0.5060
epoch 158/200 loss 0.0121 train 1.0000 test 0.5030
epoch 159/200 loss 0.0115 train 1.0000 test 0.5050
epoch 160/200 loss 0.0111 train 1.0000 test 0.5040
epoch 161/200 loss 0.0108 train 1.0000 test 0.5030
epoch 162/200 loss 0.0105 train 1.0000 test 0.5010
epoch 163/200 loss 0.0098 train 1.0000 test 0.5020
epoch 164/200 loss 0.0097 train 1.0000 test 0.5030
epoch 165/200 loss 0.0099 train 1.0000 test 0.5000
epoch 166/200 loss 0.0090 train 1.0000 test 0.5030
epoch 167/200 loss 0.0086 train 1.0000 test 0.5020
epoch 168/200 loss 0.0085 train 1.0000 test 0.5050
epoch 169/200 loss 0.0083 train 1.0000 test 0.5070
epoch 170/200 loss 0.0079 train 1.0000 test 0.5060
epoch 171/200 loss 0.0081 train 1.0000 test 0.5030
epoch 172/200 loss 0.0076 train 1.0000 test 0.5010
epoch 173/200 loss 0.0071 train 1.0000 test 0.5020
epoch 174/200 loss 0.0076 train 1.0000 test 0.5020
epoch 175/200 loss 0.0075 train 1.0000 test 0.5000
epoch 176/200 loss 0.0068 train 1.0000 test 0.5030
epoch 177/200 loss 0.0067 train 1.0000 test 0.5040
epoch 178/200 loss 0.0061 train 1.0000 test 0.5050
epoch 179/200 loss 0.0056 train 1.0000 test 0.5070
epoch 180/200 loss 0.0065 train 1.0000 test 0.5030
epoch 181/200 loss 0.0063 train 1.0000 test 0.5080
epoch 182/200 loss 0.0056 train 1.0000 test 0.5080
epoch 183/200 loss 0.0056 train 1.0000 test 0.5030
epoch 184/200 loss 0.0052 train 1.0000 test 0.5070
epoch 185/200 loss 0.0046 train 1.0000 test 0.5040
epoch 186/200 loss 0.0057 train 1.0000 test 0.5080
epoch 187/200 loss 0.0054 train 1.0000 test 0.5060
epoch 188/200 loss 0.0050 train 1.0000 test 0.5080
epoch 189/200 loss 0.0047 train 1.0000 test 0.5060
epoch 190/200 loss 0.0047 train 1.0000 test 0.5060
epoch 191/200 loss 0.0052 train 1.0000 test 0.5080
epoch 192/200 loss 0.0047 train 1.0000 test 0.5080
epoch 193/200 loss 0.0047 train 1.0000 test 0.5100
epoch 194/200 loss 0.0045 train 1.0000 test 0.5050
epoch 195/200 loss 0.0046 train 1.0000 test 0.5060
epoch 196/200 loss 0.0048 train 1.0000 test 0.5090
epoch 197/200 loss 0.0058 train 1.0000 test 0.5080
epoch 198/200 loss 0.0046 train 1.0000 test 0.5080
epoch 199/200 loss 0.0048 train 1.0000 test 0.5080
epoch 200/200 loss 0.0045 train 1.0000 test 0.5080
done: final 0.5080 best 0.5150 -> ./runs/tin20b_aux/seed8
FOLLOWUP2_DONE tin20b_aux_seed8
FOLLOWUP2_START tin20b_aux_seed9
moment-aux target calibrated on 1024 images
[tin20b_aux seed9] {"params_trainable": 11181148, "params_stem_trainable": 0, "params_stem_fixed_filters": 0, "flops_total": 2226628608, "flops_stem": 0, "flops_image_size": 64}
epoch 1/200 loss 4.8873 train 0.0580 test 0.0650
epoch 2/200 loss 3.9677 train 0.1350 test 0.0910
epoch 3/200 loss 3.5732 train 0.1696 test 0.1350
epoch 4/200 loss 3.2815 train 0.1763 test 0.1840
epoch 5/200 loss 3.0334 train 0.1987 test 0.1860
epoch 6/200 loss 2.9134 train 0.1908 test 0.2120
epoch 7/200 loss 2.8166 train 0.2478 test 0.2340
epoch 8/200 loss 2.6601 train 0.2612 test 0.2260
epoch 9/200 loss 2.6456 train 0.2891 test 0.2520
epoch 10/200 loss 2.5880 train 0.2801 test 0.2600
epoch 11/200 loss 2.5078 train 0.3058 test 0.2870
epoch 12/200 loss 2.4377 train 0.2924 test 0.2660
epoch 13/200 loss 2.4252 train 0.3047 test 0.2680
epoch 14/200 loss 2.3741 train 0.3348 test 0.2850
epoch 15/200 loss 2.3645 train 0.3337 test 0.2780
epoch 16/200 loss 2.3237 train 0.3426 test 0.2370
epoch 17/200 loss 2.2520 train 0.3817 test 0.3190
epoch 18/200 loss 2.2051 train 0.3627 test 0.2980
epoch 19/200 loss 2.1063 train 0.3996 test 0.3360
epoch 20/200 loss 2.0566 train 0.3951 test 0.3260
epoch 21/200 loss 2.0744 train 0.4018 test 0.2660
epoch 22/200 loss 1.9532 train 0.4319 test 0.3130
epoch 23/200 loss 1.9321 train 0.4408 test 0.3210
epoch 24/200 loss 1.8729 train 0.4598 test 0.3610
epoch 25/200 loss 1.8118 train 0.4855 test 0.3240
epoch 26/200 loss 1.7675 train 0.4810 test 0.3330
epoch 27/200 loss 1.7701 train 0.4922 test 0.3240
epoch 28/200 loss 1.7924 train 0.4576 test 0.3520
epoch 29/200 loss 1.7202 train 0.4900 test 0.3230
epoch 30/200 loss 1.7142 train 0.4855 test 0.3660
epoch 31/200 loss 1.6739 train 0.5123 test 0.3550
epoch 32/200 loss 1.5881 train 0.5491 test 0.3450
epoch 33/200 loss 1.5462 train 0.5368 test 0.3480
epoch 34/200 loss 1.4404 train 0.5949 test 0.3840
epoch 35/200 loss 1.4256 train 0.5748 test 0.3760
epoch 36/200 loss 1.3794 train 0.6049 test 0.3320
epoch 37/200 loss 1.3625 train 0.5938 test 0.3720
epoch 38/200 loss 1.4244 train 0.5804 test 0.3150
epoch 39/200 loss 1.3490 train 0.6004 test 0.3190
epoch 40/200 loss 1.3275 train 0.6060 test 0.3560
epoch 41/200 loss 1.2089 train 0.6641 test 0.3960
epoch 42/200 loss 1.2040 train 0.6451 test 0.3780
epoch 43/200 loss 1.0791 train 0.6920 test 0.3850
epoch 44/200 loss 1.0190 train 0.7176 test 0.3910
epoch 45/200 loss 0.9966 train 0.7188 test 0.3810
epoch 46/200 loss 0.9784 train 0.7176 test 0.4080
epoch 47/200 loss 0.9600 train 0.7210 test 0.3620
epoch 48/200 loss 0.9145 train 0.7545 test 0.3690
epoch 49/200 loss 0.9168 train 0.7433 test 0.4040
epoch 50/200 loss 0.8254 train 0.7600 test 0.3690
epoch 51/200 loss 0.7459 train 0.8181 test 0.3790
epoch 52/200 loss 0.7445 train 0.7946 test 0.4020
epoch 53/200 loss 0.7916 train 0.7879 test 0.4170
epoch 54/200 loss 0.7066 train 0.8002 test 0.3750
epoch 55/200 loss 0.6825 train 0.7991 test 0.4040
epoch 56/200 loss 0.6252 train 0.8493 test 0.3750
epoch 57/200 loss 0.5991 train 0.8460 test 0.4020
epoch 58/200 loss 0.5981 train 0.8438 test 0.3800
epoch 59/200 loss 0.5701 train 0.8438 test 0.3760
epoch 60/200 loss 0.5654 train 0.8471 test 0.4100
epoch 61/200 loss 0.5360 train 0.8627 test 0.4100
epoch 62/200 loss 0.4620 train 0.8984 test 0.3540
epoch 63/200 loss 0.4180 train 0.9085 test 0.4190
epoch 64/200 loss 0.3884 train 0.9163 test 0.4380
epoch 65/200 loss 0.3572 train 0.9286 test 0.4020
epoch 66/200 loss 0.3652 train 0.9118 test 0.3980
epoch 67/200 loss 0.3549 train 0.9230 test 0.4150
epoch 68/200 loss 0.3596 train 0.9096 test 0.4220
epoch 69/200 loss 0.3083 train 0.9319 test 0.4340
epoch 70/200 loss 0.2965 train 0.9308 test 0.3790
epoch 71/200 loss 0.2992 train 0.9464 test 0.3750
epoch 72/200 loss 0.2733 train 0.9375 test 0.3940
epoch 73/200 loss 0.2286 train 0.9621 test 0.4410
epoch 74/200 loss 0.2081 train 0.9676 test 0.4160
epoch 75/200 loss 0.2040 train 0.9643 test 0.4370
epoch 76/200 loss 0.1739 train 0.9788 test 0.4460
epoch 77/200 loss 0.1690 train 0.9788 test 0.4570
epoch 78/200 loss 0.1420 train 0.9877 test 0.4280
epoch 79/200 loss 0.1336 train 0.9900 test 0.4280
epoch 80/200 loss 0.1399 train 0.9900 test 0.4330
epoch 81/200 loss 0.1175 train 0.9911 test 0.4520
epoch 82/200 loss 0.1114 train 0.9933 test 0.4510
epoch 83/200 loss 0.1003 train 0.9933 test 0.4510
epoch 84/200 loss 0.1153 train 0.9900 test 0.4470
epoch 85/200 loss 0.0893 train 0.9978 test 0.4610
epoch 86/200 loss 0.0867 train 0.9967 test 0.4590
epoch 87/200 loss 0.0855 train 0.9978 test 0.4600
epoch 88/200 loss 0.0779 train 0.9989 test 0.4690
epoch 89/200 loss 0.0752 train 0.9978 test 0.4790
epoch 90/200 loss 0.0692 train 1.0000 test 0.4630
epoch 91/200 loss 0.0631 train 1.0000 test 0.4570
epoch 92/200 loss 0.0628 train 0.9989 test 0.4570
epoch 93/200 loss 0.0608 train 0.9989 test 0.4660
epoch 94/200 loss 0.0591 train 0.9989 test 0.4660
epoch 95/200 loss 0.0546 train 0.9989 test 0.4690
epoch 96/200 loss 0.0520 train 1.0000 test 0.4760
epoch 97/200 loss 0.0488 train 1.0000 test 0.4750
epoch 98/200 loss 0.0492 train 1.0000 test 0.4770
epoch 99/200 loss 0.0471 train 1.0000 test 0.4770
epoch 100/200 loss 0.0442 train 1.0000 test 0.4780
epoch 101/200 loss 0.0450 train 1.0000 test 0.4820
epoch 102/200 loss 0.0425 train 1.0000 test 0.4760
epoch 103/200 loss 0.0427 train 0.9989 test 0.4810
epoch 104/200 loss 0.0421 train 1.0000 test 0.4820
epoch 105/200 loss 0.0403 train 1.0000 test 0.4790
epoch 106/200 loss 0.0389 train 1.0000 test 0.4810
epoch 107/200 loss 0.0391 train 1.0000 test 0.4790
epoch 108/200 loss 0.0372 train 1.0000 test 0.4820
epoch 109/200 loss 0.0371 train 1.0000 test 0.4870
epoch 110/200 loss 0.0369 train 1.0000 test 0.4860
epoch 111/200 loss 0.0348 train 1.0000 test 0.4860
epoch 112/200 loss 0.0345 train 1.0000 test 0.4800
epoch 113/200 loss 0.0338 train 1.0000 test 0.4830
epoch 114/200 loss 0.0325 train 1.0000 test 0.4830
epoch 115/200 loss 0.0320 train 1.0000 test 0.4840
epoch 116/200 loss 0.0321 train 1.0000 test 0.4850
epoch 117/200 loss 0.0311 train 1.0000 test 0.4830
epoch 118/200 loss 0.0307 train 1.0000 test 0.4870
epoch 119/200 loss 0.0306 train 1.0000 test 0.4780
epoch 120/200 loss 0.0297 train 1.0000 test 0.4800
epoch 121/200 loss 0.0283 train 1.0000 test 0.4770
epoch 122/200 loss 0.0279 train 1.0000 test 0.4770
epoch 123/200 loss 0.0270 train 1.0000 test 0.4820
epoch 124/200 loss 0.0264 train 1.0000 test 0.4820
epoch 125/200 loss 0.0261 train 1.0000 test 0.4830
epoch 126/200 loss 0.0258 train 1.0000 test 0.4830
epoch 127/200 loss 0.0246 train 1.0000 test 0.4840
epoch 128/200 loss 0.0244 train 1.0000 test 0.4840
epoch 129/200 loss 0.0244 train 1.0000 test 0.4860
epoch 130/200 loss 0.0236 train 1.0000 test 0.4910
epoch 131/200 loss 0.0219 train 1.0000 test 0.4850
epoch 132/200 loss 0.0229 train 1.0000 test 0.4900
epoch 133/200 loss 0.0223 train 1.0000 test 0.4920
epoch 134/200 loss 0.0221 train 1.0000 test 0.4830
epoch 135/200 loss 0.0213 train 1.0000 test 0.4840
epoch 136/200 loss 0.0212 train 1.0000 test 0.4790
epoch 137/200 loss 0.0198 train 1.0000 test 0.4800
epoch 138/200 loss 0.0200 train 1.0000 test 0.4840
epoch 139/200 loss 0.0188 train 1.0000 test 0.4820
epoch 140/200 loss 0.0192 train 1.0000 test 0.4810
epoch 141/200 loss 0.0184 train 1.0000 test 0.4840
epoch 142/200 loss 0.0175 train 1.0000 test 0.4860
epoch 143/200 loss 0.0174 train 1.0000 test 0.4840
epoch 144/200 loss 0.0173 train 1.0000 test 0.4860
epoch 145/200 loss 0.0168 train 1.0000 test 0.4910
epoch 146/200 loss 0.0159 train 1.0000 test 0.4850
epoch 147/200 loss 0.0161 train 1.0000 test 0.4850
epoch 148/200 loss 0.0152 train 1.0000 test 0.4850
epoch 149/200 loss 0.0152 train 1.0000 test 0.4840
epoch 150/200 loss 0.0151 train 1.0000 test 0.4850
epoch 151/200 loss 0.0149 train 1.0000 test 0.4820
epoch 152/200 loss 0.0138 train 1.0000 test 0.4810
epoch 153/200 loss 0.0131 train 1.0000 test 0.4780
epoch 154/200 loss 0.0129 train 1.0000 test 0.4820
epoch 155/200 loss 0.0124 train 1.0000 test 0.4830
epoch 156/200 loss 0.0123 train 1.0000 test 0.4840
epoch 157/200 loss 0.0113 train 1.0000 test 0.4830
epoch 158/200 loss 0.0114 train 1.0000 test 0.4820
epoch 159/200 loss 0.0118 train 1.0000 test 0.4880
epoch 160/200 loss 0.0116 train 1.0000 test 0.4880
epoch 161/200 loss 0.0105 train 1.0000 test 0.4860
epoch 162/200 loss 0.0110 train 1.0000 test 0.4860
epoch 163/200 loss 0.0103 train 1.0000 test 0.4860
epoch 164/200 loss 0.0102 train 1.0000 test 0.4850
epoch 165/200 loss 0.0093 train 1.0000 test 0.4860
epoch 166/200 loss 0.0090 train 1.0000 test 0.4860
epoch 167/200 loss 0.0093 train 1.0000 test 0.4870
epoch 168/200 loss 0.0087 train 1.0000 test 0.4850
epoch 169/200 loss 0.0089 train 1.0000 test 0.4890
epoch 170/200 loss 0.0085 train 1.0000 test 0.4920
epoch 171/200 loss 0.0082 train 1.0000 test 0.4890
epoch 172/200 loss 0.0074 train 1.0000 test 0.4870
epoch 173/200 loss 0.0071 train 1.0000 test 0.4890
epoch 174/200 loss 0.0068 train 1.0000 test 0.4870
epoch 175/200 loss 0.0064 train 1.0000 test 0.4850
epoch 176/200 loss 0.0071 train 1.0000 test 0.4880
epoch 177/200 loss 0.0067 train 1.0000 test 0.4880
epoch 178/200 loss 0.0063 train 1.0000 test 0.4870
epoch 179/200 loss 0.0063 train 1.0000 test 0.4880
epoch 180/200 loss 0.0058 train 1.0000 test 0.4870
epoch 181/200 loss 0.0065 train 1.0000 test 0.4860
epoch 182/200 loss 0.0055 train 1.0000 test 0.4860
epoch 183/200 loss 0.0061 train 1.0000 test 0.4880
epoch 184/200 loss 0.0056 train 1.0000 test 0.4880
epoch 185/200 loss 0.0059 train 1.0000 test 0.4890
epoch 186/200 loss 0.0053 train 1.0000 test 0.4880
epoch 187/200 loss 0.0046 train 1.0000 test 0.4860
epoch 188/200 loss 0.0053 train 1.0000 test 0.4870
epoch 189/200 loss 0.0045 train 1.0000 test 0.4920
epoch 190/200 loss 0.0049 train 1.0000 test 0.4890
epoch 191/200 loss 0.0044 train 1.0000 test 0.4900
epoch 192/200 loss 0.0049 train 1.0000 test 0.4880
epoch 193/200 loss 0.0046 train 1.0000 test 0.4900
epoch 194/200 loss 0.0044 train 1.0000 test 0.4880
epoch 195/200 loss 0.0053 train 1.0000 test 0.4880
epoch 196/200 loss 0.0050 train 1.0000 test 0.4860
epoch 197/200 loss 0.0040 train 1.0000 test 0.4850
epoch 198/200 loss 0.0046 train 1.0000 test 0.4900
epoch 199/200 loss 0.0046 train 1.0000 test 0.4890
epoch 200/200 loss 0.0045 train 1.0000 test 0.4870
done: final 0.4870 best 0.4920 -> ./runs/tin20b_aux/seed9
FOLLOWUP2_DONE tin20b_aux_seed9
FOLLOWUP2_CELL_DONE tin20b_aux
FOLLOWUP2_PROBE_START tin20b_none default
tin20b_none seed0: probe train 75.08  test 53.30
      25 shots/class (n=  500): test 43.60
      50 shots/class (n= 1000): test 43.30
     100 shots/class (n= 2000): test 45.10
     250 shots/class (n= 5000): test 49.40
tin20b_none seed1: probe train 74.45  test 52.70
      25 shots/class (n=  500): test 43.70
      50 shots/class (n= 1000): test 43.80
     100 shots/class (n= 2000): test 45.30
     250 shots/class (n= 5000): test 50.30
tin20b_none seed2: probe train 75.29  test 54.40
      25 shots/class (n=  500): test 43.60
      50 shots/class (n= 1000): test 43.60
     100 shots/class (n= 2000): test 45.70
     250 shots/class (n= 5000): test 50.10
tin20b_none seed3: probe train 75.10  test 53.20
      25 shots/class (n=  500): test 44.70
      50 shots/class (n= 1000): test 44.40
     100 shots/class (n= 2000): test 47.90
     250 shots/class (n= 5000): test 49.10
tin20b_none seed4: probe train 75.24  test 52.80
      25 shots/class (n=  500): test 44.60
      50 shots/class (n= 1000): test 44.50
     100 shots/class (n= 2000): test 45.10
     250 shots/class (n= 5000): test 47.10
tin20b_none seed5: probe train 75.76  test 52.90
      25 shots/class (n=  500): test 44.80
      50 shots/class (n= 1000): test 45.10
     100 shots/class (n= 2000): test 44.60
     250 shots/class (n= 5000): test 48.50
tin20b_none seed6: probe train 76.13  test 53.00
      25 shots/class (n=  500): test 44.10
      50 shots/class (n= 1000): test 44.80
     100 shots/class (n= 2000): test 44.80
     250 shots/class (n= 5000): test 48.20
tin20b_none seed7: probe train 74.34  test 52.70
      25 shots/class (n=  500): test 42.80
      50 shots/class (n= 1000): test 41.50
     100 shots/class (n= 2000): test 45.10
     250 shots/class (n= 5000): test 48.00
tin20b_none seed8: probe train 75.35  test 52.40
      25 shots/class (n=  500): test 43.20
      50 shots/class (n= 1000): test 43.30
     100 shots/class (n= 2000): test 44.20
     250 shots/class (n= 5000): test 47.40
tin20b_none seed9: probe train 74.57  test 52.50
      25 shots/class (n=  500): test 44.20
      50 shots/class (n= 1000): test 43.20
     100 shots/class (n= 2000): test 45.10
     250 shots/class (n= 5000): test 48.30
PROBE_RESULT tin20b_none test 52.99+/-0.57 over 10 seeds -> runs/tin20b_none/linear_probe.json
FOLLOWUP2_PROBE_DONE tin20b_none default
FOLLOWUP2_PROBE_START tin20b_aux default
tin20b_aux seed0: probe train 78.26  test 56.40
      25 shots/class (n=  500): test 48.00
      50 shots/class (n= 1000): test 49.00
     100 shots/class (n= 2000): test 48.30
     250 shots/class (n= 5000): test 50.70
tin20b_aux seed1: probe train 78.32  test 56.00
      25 shots/class (n=  500): test 48.80
      50 shots/class (n= 1000): test 49.10
     100 shots/class (n= 2000): test 49.00
     250 shots/class (n= 5000): test 53.70
tin20b_aux seed2: probe train 78.15  test 56.20
      25 shots/class (n=  500): test 49.30
      50 shots/class (n= 1000): test 48.70
     100 shots/class (n= 2000): test 49.50
     250 shots/class (n= 5000): test 52.30
tin20b_aux seed3: probe train 78.81  test 55.90
      25 shots/class (n=  500): test 49.10
      50 shots/class (n= 1000): test 49.60
     100 shots/class (n= 2000): test 49.10
     250 shots/class (n= 5000): test 51.50
tin20b_aux seed4: probe train 78.31  test 56.70
      25 shots/class (n=  500): test 48.10
      50 shots/class (n= 1000): test 48.40
     100 shots/class (n= 2000): test 48.00
     250 shots/class (n= 5000): test 50.50
tin20b_aux seed5: probe train 78.69  test 55.40
      25 shots/class (n=  500): test 47.00
      50 shots/class (n= 1000): test 47.70
     100 shots/class (n= 2000): test 47.90
     250 shots/class (n= 5000): test 50.20
tin20b_aux seed6: probe train 78.27  test 58.70
      25 shots/class (n=  500): test 49.20
      50 shots/class (n= 1000): test 48.90
     100 shots/class (n= 2000): test 47.20
     250 shots/class (n= 5000): test 52.80
tin20b_aux seed7: probe train 78.45  test 58.90
      25 shots/class (n=  500): test 48.80
      50 shots/class (n= 1000): test 48.00
     100 shots/class (n= 2000): test 48.30
     250 shots/class (n= 5000): test 51.80
tin20b_aux seed8: probe train 78.99  test 58.00
      25 shots/class (n=  500): test 50.70
      50 shots/class (n= 1000): test 50.20
     100 shots/class (n= 2000): test 49.90
     250 shots/class (n= 5000): test 53.20
tin20b_aux seed9: probe train 78.43  test 57.10
      25 shots/class (n=  500): test 48.20
      50 shots/class (n= 1000): test 48.40
     100 shots/class (n= 2000): test 49.00
     250 shots/class (n= 5000): test 52.70
PROBE_RESULT tin20b_aux test 56.93+/-1.22 over 10 seeds -> runs/tin20b_aux/linear_probe.json
FOLLOWUP2_PROBE_DONE tin20b_aux default
FOLLOWUP2_PROBE_START tin20b_none tin
tin20b_none seed0: probe train 30.77  test 23.62
      25 shots/class (n= 5000): test 11.03
      50 shots/class (n=10000): test 13.96
     100 shots/class (n=20000): test 17.88
     250 shots/class (n=50000): test 21.86
tin20b_none seed1: probe train 30.79  test 24.08
      25 shots/class (n= 5000): test 11.23
      50 shots/class (n=10000): test 14.29
     100 shots/class (n=20000): test 17.79
     250 shots/class (n=50000): test 21.81
tin20b_none seed2: probe train 31.02  test 23.86
      25 shots/class (n= 5000): test 11.19
      50 shots/class (n=10000): test 14.03
     100 shots/class (n=20000): test 17.78
     250 shots/class (n=50000): test 21.75
tin20b_none seed3: probe train 31.13  test 23.69
      25 shots/class (n= 5000): test 11.01
      50 shots/class (n=10000): test 14.06
     100 shots/class (n=20000): test 17.41
     250 shots/class (n=50000): test 22.14
tin20b_none seed4: probe train 31.50  test 24.79
      25 shots/class (n= 5000): test 11.47
      50 shots/class (n=10000): test 14.76
     100 shots/class (n=20000): test 18.22
     250 shots/class (n=50000): test 22.44
tin20b_none seed5: probe train 31.60  test 24.63
      25 shots/class (n= 5000): test 11.87
      50 shots/class (n=10000): test 14.43
     100 shots/class (n=20000): test 18.12
     250 shots/class (n=50000): test 22.27
tin20b_none seed6: probe train 31.28  test 23.45
      25 shots/class (n= 5000): test 11.04
      50 shots/class (n=10000): test 14.18
     100 shots/class (n=20000): test 18.10
     250 shots/class (n=50000): test 21.91
tin20b_none seed7: probe train 30.79  test 23.53
      25 shots/class (n= 5000): test 10.12
      50 shots/class (n=10000): test 13.55
     100 shots/class (n=20000): test 17.27
     250 shots/class (n=50000): test 21.29
tin20b_none seed8: probe train 31.35  test 24.19
      25 shots/class (n= 5000): test 11.16
      50 shots/class (n=10000): test 14.23
     100 shots/class (n=20000): test 17.44
     250 shots/class (n=50000): test 21.80
tin20b_none seed9: probe train 31.04  test 23.97
      25 shots/class (n= 5000): test 10.91
      50 shots/class (n=10000): test 14.33
     100 shots/class (n=20000): test 17.61
     250 shots/class (n=50000): test 21.73
PROBE_RESULT tin20b_none test 23.98+/-0.45 over 10 seeds -> runs/tin20b_none/linear_probe_tin.json
FOLLOWUP2_PROBE_DONE tin20b_none tin
FOLLOWUP2_PROBE_START tin20b_aux tin
tin20b_aux seed0: probe train 34.30  test 25.89
      25 shots/class (n= 5000): test 12.95
      50 shots/class (n=10000): test 16.17
     100 shots/class (n=20000): test 20.26
     250 shots/class (n=50000): test 24.04
tin20b_aux seed1: probe train 34.26  test 26.84
      25 shots/class (n= 5000): test 12.74
      50 shots/class (n=10000): test 16.23
     100 shots/class (n=20000): test 20.07
     250 shots/class (n=50000): test 24.11
tin20b_aux seed2: probe train 33.97  test 26.25
      25 shots/class (n= 5000): test 12.79
      50 shots/class (n=10000): test 16.30
     100 shots/class (n=20000): test 19.62
     250 shots/class (n=50000): test 24.16
tin20b_aux seed3: probe train 34.48  test 26.72
      25 shots/class (n= 5000): test 12.62
      50 shots/class (n=10000): test 16.05
     100 shots/class (n=20000): test 20.29
     250 shots/class (n=50000): test 24.62
tin20b_aux seed4: probe train 34.43  test 26.39
      25 shots/class (n= 5000): test 13.27
      50 shots/class (n=10000): test 16.50
     100 shots/class (n=20000): test 19.90
     250 shots/class (n=50000): test 24.30
tin20b_aux seed5: probe train 34.01  test 26.67
      25 shots/class (n= 5000): test 12.69
      50 shots/class (n=10000): test 15.72
     100 shots/class (n=20000): test 19.91
     250 shots/class (n=50000): test 24.31
tin20b_aux seed6: probe train 34.50  test 26.37
      25 shots/class (n= 5000): test 12.56
      50 shots/class (n=10000): test 15.84
     100 shots/class (n=20000): test 19.72
     250 shots/class (n=50000): test 24.00
tin20b_aux seed7: probe train 34.27  test 26.80
      25 shots/class (n= 5000): test 13.02
      50 shots/class (n=10000): test 16.06
     100 shots/class (n=20000): test 20.22
     250 shots/class (n=50000): test 24.63
tin20b_aux seed8: probe train 34.62  test 26.58
      25 shots/class (n= 5000): test 13.55
      50 shots/class (n=10000): test 16.08
     100 shots/class (n=20000): test 20.33
     250 shots/class (n=50000): test 24.24
tin20b_aux seed9: probe train 34.39  test 26.75
      25 shots/class (n= 5000): test 13.14
      50 shots/class (n=10000): test 16.34
     100 shots/class (n=20000): test 19.78
     250 shots/class (n=50000): test 24.27
PROBE_RESULT tin20b_aux test 26.53+/-0.30 over 10 seeds -> runs/tin20b_aux/linear_probe_tin.json
FOLLOWUP2_PROBE_DONE tin20b_aux tin
FOLLOWUP2_COMPLETE
