FRONTIER2_START tin_none_2pct_seed0
[tin_none_2pct seed0] {"params_trainable": 11271432, "params_stem_trainable": 0, "params_stem_fixed_filters": 0, "flops_total": 2226720768, "flops_stem": 0, "flops_image_size": 64}
epoch 1/200 loss 5.3642 train 0.0052 test 0.0152
epoch 2/200 loss 5.2060 train 0.0141 test 0.0244
epoch 3/200 loss 4.9807 train 0.0276 test 0.0248
epoch 4/200 loss 4.7946 train 0.0349 test 0.0306
epoch 5/200 loss 4.6737 train 0.0464 test 0.0314
epoch 6/200 loss 4.5702 train 0.0547 test 0.0333
epoch 7/200 loss 4.4969 train 0.0656 test 0.0386
epoch 8/200 loss 4.4129 train 0.0583 test 0.0378
epoch 9/200 loss 4.3069 train 0.0792 test 0.0392
epoch 10/200 loss 4.2547 train 0.0865 test 0.0402
epoch 11/200 loss 4.1761 train 0.1005 test 0.0413
epoch 12/200 loss 4.0945 train 0.1005 test 0.0454
epoch 13/200 loss 4.0215 train 0.1083 test 0.0472
epoch 14/200 loss 3.9423 train 0.1219 test 0.0453
epoch 15/200 loss 3.8963 train 0.1203 test 0.0468
epoch 16/200 loss 3.8218 train 0.1365 test 0.0487
epoch 17/200 loss 3.7542 train 0.1495 test 0.0452
epoch 18/200 loss 3.6984 train 0.1531 test 0.0469
epoch 19/200 loss 3.6372 train 0.1594 test 0.0487
epoch 20/200 loss 3.5596 train 0.1771 test 0.0502
epoch 21/200 loss 3.5221 train 0.1885 test 0.0493
epoch 22/200 loss 3.4877 train 0.1854 test 0.0516
epoch 23/200 loss 3.4146 train 0.1958 test 0.0492
epoch 24/200 loss 3.3530 train 0.2000 test 0.0481
epoch 25/200 loss 3.2738 train 0.2224 test 0.0544
epoch 26/200 loss 3.2402 train 0.2083 test 0.0473
epoch 27/200 loss 3.1758 train 0.2318 test 0.0589
epoch 28/200 loss 3.0821 train 0.2495 test 0.0563
epoch 29/200 loss 3.0054 train 0.2557 test 0.0628
epoch 30/200 loss 2.9651 train 0.2552 test 0.0564
epoch 31/200 loss 2.8441 train 0.2885 test 0.0627
epoch 32/200 loss 2.7754 train 0.2990 test 0.0555
epoch 33/200 loss 2.6825 train 0.3245 test 0.0608
epoch 34/200 loss 2.6432 train 0.3313 test 0.0640
epoch 35/200 loss 2.4716 train 0.3583 test 0.0592
epoch 36/200 loss 2.4583 train 0.3734 test 0.0576
epoch 37/200 loss 2.3515 train 0.3854 test 0.0643
epoch 38/200 loss 2.2549 train 0.4120 test 0.0625
epoch 39/200 loss 2.1732 train 0.4292 test 0.0668
epoch 40/200 loss 2.0487 train 0.4495 test 0.0674
epoch 41/200 loss 1.9950 train 0.4667 test 0.0593
epoch 42/200 loss 1.9723 train 0.4646 test 0.0578
epoch 43/200 loss 1.8717 train 0.4979 test 0.0667
epoch 44/200 loss 1.7143 train 0.5302 test 0.0607
epoch 45/200 loss 1.6439 train 0.5547 test 0.0626
epoch 46/200 loss 1.5579 train 0.5776 test 0.0642
epoch 47/200 loss 1.4878 train 0.5880 test 0.0665
epoch 48/200 loss 1.4311 train 0.5943 test 0.0649
epoch 49/200 loss 1.3813 train 0.6135 test 0.0659
epoch 50/200 loss 1.3332 train 0.6297 test 0.0671
epoch 51/200 loss 1.2481 train 0.6661 test 0.0711
epoch 52/200 loss 1.1059 train 0.7052 test 0.0693
epoch 53/200 loss 1.0428 train 0.7130 test 0.0652
epoch 54/200 loss 0.9773 train 0.7516 test 0.0653
epoch 55/200 loss 0.8776 train 0.7677 test 0.0685
epoch 56/200 loss 0.7729 train 0.8010 test 0.0699
epoch 57/200 loss 0.7411 train 0.8167 test 0.0674
epoch 58/200 loss 0.6827 train 0.8260 test 0.0738
epoch 59/200 loss 0.5646 train 0.8703 test 0.0707
epoch 60/200 loss 0.4707 train 0.9026 test 0.0724
epoch 61/200 loss 0.3892 train 0.9167 test 0.0744
epoch 62/200 loss 0.3664 train 0.9234 test 0.0764
epoch 63/200 loss 0.3241 train 0.9349 test 0.0788
epoch 64/200 loss 0.2717 train 0.9500 test 0.0816
epoch 65/200 loss 0.2289 train 0.9594 test 0.0736
epoch 66/200 loss 0.2507 train 0.9521 test 0.0797
epoch 67/200 loss 0.1929 train 0.9693 test 0.0729
epoch 68/200 loss 0.1636 train 0.9807 test 0.0817
epoch 69/200 loss 0.1432 train 0.9839 test 0.0812
epoch 70/200 loss 0.1287 train 0.9828 test 0.0787
epoch 71/200 loss 0.1039 train 0.9870 test 0.0846
epoch 72/200 loss 0.1121 train 0.9854 test 0.0849
epoch 73/200 loss 0.0935 train 0.9901 test 0.0808
epoch 74/200 loss 0.0719 train 0.9922 test 0.0847
epoch 75/200 loss 0.0682 train 0.9953 test 0.0887
epoch 76/200 loss 0.0520 train 0.9974 test 0.0868
epoch 77/200 loss 0.0444 train 0.9990 test 0.0893
epoch 78/200 loss 0.0332 train 0.9995 test 0.0876
epoch 79/200 loss 0.0393 train 0.9984 test 0.0874
epoch 80/200 loss 0.0461 train 0.9958 test 0.0865
epoch 81/200 loss 0.0622 train 0.9964 test 0.0917
epoch 82/200 loss 0.0428 train 0.9979 test 0.0886
epoch 83/200 loss 0.0408 train 0.9995 test 0.0894
epoch 84/200 loss 0.0331 train 0.9990 test 0.0912
epoch 85/200 loss 0.0295 train 0.9995 test 0.0919
epoch 86/200 loss 0.0231 train 0.9995 test 0.0890
epoch 87/200 loss 0.0214 train 1.0000 test 0.0923
epoch 88/200 loss 0.0176 train 1.0000 test 0.0948
epoch 89/200 loss 0.0198 train 1.0000 test 0.0940
epoch 90/200 loss 0.0201 train 1.0000 test 0.0929
epoch 91/200 loss 0.0187 train 1.0000 test 0.0920
epoch 92/200 loss 0.0175 train 1.0000 test 0.0943
epoch 93/200 loss 0.0164 train 0.9995 test 0.0939
epoch 94/200 loss 0.0178 train 1.0000 test 0.0928
epoch 95/200 loss 0.0165 train 1.0000 test 0.0945
epoch 96/200 loss 0.0158 train 1.0000 test 0.0921
epoch 97/200 loss 0.0163 train 1.0000 test 0.0948
epoch 98/200 loss 0.0161 train 1.0000 test 0.0934
epoch 99/200 loss 0.0169 train 1.0000 test 0.0936
epoch 100/200 loss 0.0177 train 1.0000 test 0.0968
epoch 101/200 loss 0.0149 train 1.0000 test 0.0959
epoch 102/200 loss 0.0157 train 1.0000 test 0.0960
epoch 103/200 loss 0.0150 train 1.0000 test 0.0954
epoch 104/200 loss 0.0163 train 1.0000 test 0.0952
epoch 105/200 loss 0.0164 train 1.0000 test 0.0950
epoch 106/200 loss 0.0173 train 1.0000 test 0.0959
epoch 107/200 loss 0.0168 train 1.0000 test 0.0956
epoch 108/200 loss 0.0170 train 1.0000 test 0.0959
epoch 109/200 loss 0.0154 train 1.0000 test 0.0931
epoch 110/200 loss 0.0151 train 1.0000 test 0.0940
epoch 111/200 loss 0.0169 train 1.0000 test 0.0926
epoch 112/200 loss 0.0152 train 1.0000 test 0.0944
epoch 113/200 loss 0.0158 train 1.0000 test 0.0942
epoch 114/200 loss 0.0150 train 1.0000 test 0.0952
epoch 115/200 loss 0.0150 train 1.0000 test 0.0949
epoch 116/200 loss 0.0165 train 1.0000 test 0.0932
epoch 117/200 loss 0.0156 train 1.0000 test 0.0937
epoch 118/200 loss 0.0155 train 1.0000 test 0.0936
epoch 119/200 loss 0.0148 train 1.0000 test 0.0939
epoch 120/200 loss 0.0149 train 1.0000 test 0.0958
epoch 121/200 loss 0.0150 train 1.0000 test 0.0947
epoch 122/200 loss 0.0151 train 1.0000 test 0.0953
epoch 123/200 loss 0.0173 train 1.0000 test 0.0952
epoch 124/200 loss 0.0173 train 1.0000 test 0.0948
epoch 125/200 loss 0.0156 train 1.0000 test 0.0924
epoch 126/200 loss 0.0167 train 1.0000 test 0.0942
epoch 127/200 loss 0.0153 train 1.0000 test 0.0950
epoch 128/200 loss 0.0166 train 1.0000 test 0.0953
epoch 129/200 loss 0.0144 train 1.0000 test 0.0943
epoch 130/200 loss 0.0148 train 1.0000 test 0.0952
epoch 131/200 loss 0.0148 train 1.0000 test 0.0950
epoch 132/200 loss 0.0162 train 1.0000 test 0.0957
epoch 133/200 loss 0.0152 train 1.0000 test 0.0961
epoch 134/200 loss 0.0157 train 1.0000 test 0.0955
epoch 135/200 loss 0.0151 train 1.0000 test 0.0951
epoch 136/200 loss 0.0151 train 1.0000 test 0.0955
epoch 137/200 loss 0.0155 train 1.0000 test 0.0950
epoch 138/200 loss 0.0150 train 1.0000 test 0.0947
epoch 139/200 loss 0.0144 train 1.0000 test 0.0944
epoch 140/200 loss 0.0158 train 1.0000 test 0.0960
epoch 141/200 loss 0.0156 train 1.0000 test 0.0948
epoch 142/200 loss 0.0160 train 1.0000 test 0.0946
epoch 143/200 loss 0.0151 train 1.0000 test 0.0971
epoch 144/200 loss 0.0153 train 1.0000 test 0.0956
epoch 145/200 loss 0.0160 train 1.0000 test 0.0957
epoch 146/200 loss 0.0170 train 1.0000 test 0.0957
epoch 147/200 loss 0.0163 train 1.0000 test 0.0951
epoch 148/200 loss 0.0148 train 1.0000 test 0.0955
epoch 149/200 loss 0.0151 train 1.0000 test 0.0959
epoch 150/200 loss 0.0151 train 1.0000 test 0.0951
epoch 151/200 loss 0.0146 train 1.0000 test 0.0969
epoch 152/200 loss 0.0146 train 1.0000 test 0.0960
epoch 153/200 loss 0.0153 train 1.0000 test 0.0963
epoch 154/200 loss 0.0150 train 1.0000 test 0.0960
epoch 155/200 loss 0.0144 train 1.0000 test 0.0956
epoch 156/200 loss 0.0149 train 1.0000 test 0.0955
epoch 157/200 loss 0.0141 train 1.0000 test 0.0956
epoch 158/200 loss 0.0163 train 1.0000 test 0.0948
epoch 159/200 loss 0.0146 train 1.0000 test 0.0954
epoch 160/200 loss 0.0145 train 1.0000 test 0.0956
epoch 161/200 loss 0.0158 train 1.0000 test 0.0959
epoch 162/200 loss 0.0147 train 1.0000 test 0.0966
epoch 163/200 loss 0.0152 train 1.0000 test 0.0963
epoch 164/200 loss 0.0143 train 1.0000 test 0.0962
epoch 165/200 loss 0.0136 train 1.0000 test 0.0959
epoch 166/200 loss 0.0141 train 1.0000 test 0.0958
epoch 167/200 loss 0.0147 train 1.0000 test 0.0961
epoch 168/200 loss 0.0151 train 1.0000 test 0.0972
epoch 169/200 loss 0.0137 train 1.0000 test 0.0956
epoch 170/200 loss 0.0146 train 1.0000 test 0.0957
epoch 171/200 loss 0.0149 train 1.0000 test 0.0957
epoch 172/200 loss 0.0138 train 1.0000 test 0.0974
epoch 173/200 loss 0.0148 train 1.0000 test 0.0964
epoch 174/200 loss 0.0151 train 1.0000 test 0.0969
epoch 175/200 loss 0.0139 train 1.0000 test 0.0968
epoch 176/200 loss 0.0138 train 1.0000 test 0.0959
epoch 177/200 loss 0.0148 train 1.0000 test 0.0961
epoch 178/200 loss 0.0140 train 1.0000 test 0.0960
epoch 179/200 loss 0.0154 train 1.0000 test 0.0965
epoch 180/200 loss 0.0140 train 1.0000 test 0.0961
epoch 181/200 loss 0.0154 train 1.0000 test 0.0955
epoch 182/200 loss 0.0145 train 1.0000 test 0.0956
epoch 183/200 loss 0.0135 train 1.0000 test 0.0959
epoch 184/200 loss 0.0145 train 1.0000 test 0.0957
epoch 185/200 loss 0.0146 train 1.0000 test 0.0973
epoch 186/200 loss 0.0137 train 1.0000 test 0.0962
epoch 187/200 loss 0.0140 train 1.0000 test 0.0963
epoch 188/200 loss 0.0139 train 1.0000 test 0.0972
epoch 189/200 loss 0.0141 train 1.0000 test 0.0963
epoch 190/200 loss 0.0142 train 1.0000 test 0.0966
epoch 191/200 loss 0.0150 train 1.0000 test 0.0958
epoch 192/200 loss 0.0134 train 1.0000 test 0.0958
epoch 193/200 loss 0.0148 train 1.0000 test 0.0967
epoch 194/200 loss 0.0157 train 1.0000 test 0.0963
epoch 195/200 loss 0.0137 train 1.0000 test 0.0965
epoch 196/200 loss 0.0130 train 1.0000 test 0.0964
epoch 197/200 loss 0.0148 train 1.0000 test 0.0962
epoch 198/200 loss 0.0156 train 1.0000 test 0.0964
epoch 199/200 loss 0.0148 train 1.0000 test 0.0954
epoch 200/200 loss 0.0143 train 1.0000 test 0.0960
done: final 0.0960 best 0.0974 -> ./runs/tin_none_2pct/seed0
FRONTIER2_DONE tin_none_2pct_seed0
FRONTIER2_START tin_none_2pct_seed1
[tin_none_2pct seed1] {"params_trainable": 11271432, "params_stem_trainable": 0, "params_stem_fixed_filters": 0, "flops_total": 2226720768, "flops_stem": 0, "flops_image_size": 64}
epoch 1/200 loss 5.3856 train 0.0063 test 0.0163
epoch 2/200 loss 5.1906 train 0.0172 test 0.0245
epoch 3/200 loss 4.9468 train 0.0375 test 0.0258
epoch 4/200 loss 4.8036 train 0.0391 test 0.0291
epoch 5/200 loss 4.6811 train 0.0500 test 0.0327
epoch 6/200 loss 4.5806 train 0.0557 test 0.0342
epoch 7/200 loss 4.4716 train 0.0625 test 0.0362
epoch 8/200 loss 4.3963 train 0.0786 test 0.0409
epoch 9/200 loss 4.3002 train 0.0859 test 0.0365
epoch 10/200 loss 4.2518 train 0.0880 test 0.0420
epoch 11/200 loss 4.1649 train 0.0896 test 0.0365
epoch 12/200 loss 4.1227 train 0.0932 test 0.0452
epoch 13/200 loss 4.0332 train 0.1161 test 0.0404
epoch 14/200 loss 3.9922 train 0.1193 test 0.0460
epoch 15/200 loss 3.9054 train 0.1187 test 0.0485
epoch 16/200 loss 3.8557 train 0.1328 test 0.0451
epoch 17/200 loss 3.8218 train 0.1401 test 0.0508
epoch 18/200 loss 3.7490 train 0.1406 test 0.0463
epoch 19/200 loss 3.6665 train 0.1547 test 0.0494
epoch 20/200 loss 3.6208 train 0.1615 test 0.0492
epoch 21/200 loss 3.5394 train 0.1729 test 0.0497
epoch 22/200 loss 3.4538 train 0.1802 test 0.0521
epoch 23/200 loss 3.4070 train 0.1885 test 0.0527
epoch 24/200 loss 3.3813 train 0.1927 test 0.0501
epoch 25/200 loss 3.2969 train 0.2203 test 0.0421
epoch 26/200 loss 3.2377 train 0.2161 test 0.0572
epoch 27/200 loss 3.1614 train 0.2359 test 0.0573
epoch 28/200 loss 3.1092 train 0.2276 test 0.0581
epoch 29/200 loss 2.9752 train 0.2646 test 0.0504
epoch 30/200 loss 2.9884 train 0.2562 test 0.0600
epoch 31/200 loss 2.9037 train 0.2766 test 0.0557
epoch 32/200 loss 2.8022 train 0.2870 test 0.0563
epoch 33/200 loss 2.7400 train 0.2937 test 0.0588
epoch 34/200 loss 2.6490 train 0.3281 test 0.0615
epoch 35/200 loss 2.5988 train 0.3307 test 0.0610
epoch 36/200 loss 2.4897 train 0.3609 test 0.0654
epoch 37/200 loss 2.3835 train 0.3667 test 0.0592
epoch 38/200 loss 2.3210 train 0.3932 test 0.0558
epoch 39/200 loss 2.2630 train 0.4156 test 0.0624
epoch 40/200 loss 2.1687 train 0.4266 test 0.0633
epoch 41/200 loss 2.0218 train 0.4620 test 0.0627
epoch 42/200 loss 1.9059 train 0.4823 test 0.0588
epoch 43/200 loss 1.8716 train 0.5182 test 0.0728
epoch 44/200 loss 1.7638 train 0.5135 test 0.0568
epoch 45/200 loss 1.7120 train 0.5411 test 0.0678
epoch 46/200 loss 1.6411 train 0.5583 test 0.0609
epoch 47/200 loss 1.5393 train 0.5729 test 0.0664
epoch 48/200 loss 1.5443 train 0.5729 test 0.0658
epoch 49/200 loss 1.4391 train 0.6036 test 0.0573
epoch 50/200 loss 1.4262 train 0.6031 test 0.0656
epoch 51/200 loss 1.3631 train 0.6177 test 0.0656
epoch 52/200 loss 1.2465 train 0.6698 test 0.0669
epoch 53/200 loss 1.1410 train 0.6854 test 0.0731
epoch 54/200 loss 1.0224 train 0.7188 test 0.0609
epoch 55/200 loss 0.9243 train 0.7568 test 0.0710
epoch 56/200 loss 0.8308 train 0.7771 test 0.0693
epoch 57/200 loss 0.7646 train 0.8115 test 0.0692
epoch 58/200 loss 0.6736 train 0.8339 test 0.0738
epoch 59/200 loss 0.6135 train 0.8443 test 0.0686
epoch 60/200 loss 0.5211 train 0.8807 test 0.0720
epoch 61/200 loss 0.4261 train 0.9089 test 0.0753
epoch 62/200 loss 0.4352 train 0.9005 test 0.0693
epoch 63/200 loss 0.4241 train 0.9073 test 0.0752
epoch 64/200 loss 0.3925 train 0.9005 test 0.0737
epoch 65/200 loss 0.3699 train 0.9208 test 0.0740
epoch 66/200 loss 0.2891 train 0.9443 test 0.0736
epoch 67/200 loss 0.2421 train 0.9620 test 0.0742
epoch 68/200 loss 0.2133 train 0.9656 test 0.0751
epoch 69/200 loss 0.2114 train 0.9599 test 0.0765
epoch 70/200 loss 0.2027 train 0.9651 test 0.0792
epoch 71/200 loss 0.1976 train 0.9651 test 0.0806
epoch 72/200 loss 0.1643 train 0.9719 test 0.0787
epoch 73/200 loss 0.1330 train 0.9823 test 0.0788
epoch 74/200 loss 0.1095 train 0.9865 test 0.0821
epoch 75/200 loss 0.1062 train 0.9891 test 0.0844
epoch 76/200 loss 0.0867 train 0.9927 test 0.0854
epoch 77/200 loss 0.0691 train 0.9932 test 0.0869
epoch 78/200 loss 0.0538 train 0.9953 test 0.0867
epoch 79/200 loss 0.0509 train 0.9969 test 0.0862
epoch 80/200 loss 0.0395 train 0.9995 test 0.0930
epoch 81/200 loss 0.0344 train 0.9990 test 0.0872
epoch 82/200 loss 0.0257 train 0.9995 test 0.0928
epoch 83/200 loss 0.0262 train 0.9990 test 0.0933
epoch 84/200 loss 0.0217 train 1.0000 test 0.0944
epoch 85/200 loss 0.0183 train 0.9995 test 0.0944
epoch 86/200 loss 0.0187 train 1.0000 test 0.0918
epoch 87/200 loss 0.0193 train 1.0000 test 0.0907
epoch 88/200 loss 0.0171 train 1.0000 test 0.0919
epoch 89/200 loss 0.0183 train 1.0000 test 0.0914
epoch 90/200 loss 0.0201 train 0.9995 test 0.0918
epoch 91/200 loss 0.0184 train 1.0000 test 0.0933
epoch 92/200 loss 0.0202 train 0.9990 test 0.0924
epoch 93/200 loss 0.0197 train 1.0000 test 0.0931
epoch 94/200 loss 0.0187 train 1.0000 test 0.0943
epoch 95/200 loss 0.0170 train 1.0000 test 0.0929
epoch 96/200 loss 0.0169 train 1.0000 test 0.0910
epoch 97/200 loss 0.0163 train 1.0000 test 0.0937
epoch 98/200 loss 0.0161 train 1.0000 test 0.0927
epoch 99/200 loss 0.0159 train 1.0000 test 0.0930
epoch 100/200 loss 0.0164 train 1.0000 test 0.0942
epoch 101/200 loss 0.0165 train 1.0000 test 0.0941
epoch 102/200 loss 0.0177 train 1.0000 test 0.0945
epoch 103/200 loss 0.0174 train 1.0000 test 0.0935
epoch 104/200 loss 0.0169 train 1.0000 test 0.0922
epoch 105/200 loss 0.0182 train 0.9995 test 0.0941
epoch 106/200 loss 0.0185 train 1.0000 test 0.0932
epoch 107/200 loss 0.0176 train 1.0000 test 0.0943
epoch 108/200 loss 0.0165 train 1.0000 test 0.0948
epoch 109/200 loss 0.0156 train 1.0000 test 0.0947
epoch 110/200 loss 0.0154 train 1.0000 test 0.0941
epoch 111/200 loss 0.0175 train 1.0000 test 0.0946
epoch 112/200 loss 0.0176 train 1.0000 test 0.0924
epoch 113/200 loss 0.0161 train 1.0000 test 0.0953
epoch 114/200 loss 0.0163 train 1.0000 test 0.0939
epoch 115/200 loss 0.0168 train 1.0000 test 0.0947
epoch 116/200 loss 0.0157 train 1.0000 test 0.0966
epoch 117/200 loss 0.0160 train 1.0000 test 0.0947
epoch 118/200 loss 0.0168 train 1.0000 test 0.0943
epoch 119/200 loss 0.0171 train 1.0000 test 0.0941
epoch 120/200 loss 0.0159 train 1.0000 test 0.0951
epoch 121/200 loss 0.0178 train 1.0000 test 0.0930
epoch 122/200 loss 0.0171 train 1.0000 test 0.0949
epoch 123/200 loss 0.0175 train 1.0000 test 0.0958
epoch 124/200 loss 0.0161 train 1.0000 test 0.0950
epoch 125/200 loss 0.0150 train 1.0000 test 0.0961
epoch 126/200 loss 0.0145 train 1.0000 test 0.0939
epoch 127/200 loss 0.0148 train 1.0000 test 0.0957
epoch 128/200 loss 0.0154 train 1.0000 test 0.0944
epoch 129/200 loss 0.0169 train 1.0000 test 0.0947
epoch 130/200 loss 0.0182 train 1.0000 test 0.0968
epoch 131/200 loss 0.0153 train 1.0000 test 0.0965
epoch 132/200 loss 0.0156 train 1.0000 test 0.0942
epoch 133/200 loss 0.0144 train 1.0000 test 0.0940
epoch 134/200 loss 0.0158 train 1.0000 test 0.0936
epoch 135/200 loss 0.0161 train 1.0000 test 0.0948
epoch 136/200 loss 0.0150 train 1.0000 test 0.0959
epoch 137/200 loss 0.0146 train 1.0000 test 0.0958
epoch 138/200 loss 0.0150 train 1.0000 test 0.0949
epoch 139/200 loss 0.0156 train 1.0000 test 0.0947
epoch 140/200 loss 0.0148 train 1.0000 test 0.0949
epoch 141/200 loss 0.0148 train 1.0000 test 0.0944
epoch 142/200 loss 0.0154 train 1.0000 test 0.0953
epoch 143/200 loss 0.0147 train 1.0000 test 0.0958
epoch 144/200 loss 0.0156 train 1.0000 test 0.0947
epoch 145/200 loss 0.0156 train 1.0000 test 0.0954
epoch 146/200 loss 0.0154 train 1.0000 test 0.0956
epoch 147/200 loss 0.0141 train 1.0000 test 0.0950
epoch 148/200 loss 0.0158 train 1.0000 test 0.0955
epoch 149/200 loss 0.0153 train 1.0000 test 0.0945
epoch 150/200 loss 0.0157 train 1.0000 test 0.0965
epoch 151/200 loss 0.0140 train 1.0000 test 0.0967
epoch 152/200 loss 0.0157 train 1.0000 test 0.0945
epoch 153/200 loss 0.0152 train 1.0000 test 0.0946
epoch 154/200 loss 0.0143 train 1.0000 test 0.0968
epoch 155/200 loss 0.0145 train 1.0000 test 0.0952
epoch 156/200 loss 0.0154 train 1.0000 test 0.0958
epoch 157/200 loss 0.0153 train 1.0000 test 0.0952
epoch 158/200 loss 0.0155 train 1.0000 test 0.0949
epoch 159/200 loss 0.0144 train 1.0000 test 0.0951
epoch 160/200 loss 0.0153 train 1.0000 test 0.0960
epoch 161/200 loss 0.0164 train 1.0000 test 0.0968
epoch 162/200 loss 0.0160 train 1.0000 test 0.0961
epoch 163/200 loss 0.0146 train 1.0000 test 0.0953
epoch 164/200 loss 0.0139 train 1.0000 test 0.0949
epoch 165/200 loss 0.0141 train 1.0000 test 0.0955
epoch 166/200 loss 0.0153 train 1.0000 test 0.0952
epoch 167/200 loss 0.0154 train 1.0000 test 0.0944
epoch 168/200 loss 0.0146 train 1.0000 test 0.0951
epoch 169/200 loss 0.0143 train 1.0000 test 0.0960
epoch 170/200 loss 0.0143 train 1.0000 test 0.0947
epoch 171/200 loss 0.0160 train 1.0000 test 0.0955
epoch 172/200 loss 0.0154 train 1.0000 test 0.0952
epoch 173/200 loss 0.0152 train 1.0000 test 0.0956
epoch 174/200 loss 0.0142 train 1.0000 test 0.0952
epoch 175/200 loss 0.0154 train 1.0000 test 0.0955
epoch 176/200 loss 0.0154 train 1.0000 test 0.0958
epoch 177/200 loss 0.0142 train 1.0000 test 0.0944
epoch 178/200 loss 0.0154 train 1.0000 test 0.0943
epoch 179/200 loss 0.0139 train 1.0000 test 0.0952
epoch 180/200 loss 0.0153 train 1.0000 test 0.0953
epoch 181/200 loss 0.0152 train 1.0000 test 0.0954
epoch 182/200 loss 0.0150 train 1.0000 test 0.0956
epoch 183/200 loss 0.0152 train 1.0000 test 0.0953
epoch 184/200 loss 0.0143 train 1.0000 test 0.0949
epoch 185/200 loss 0.0151 train 1.0000 test 0.0953
epoch 186/200 loss 0.0157 train 1.0000 test 0.0940
epoch 187/200 loss 0.0141 train 1.0000 test 0.0950
epoch 188/200 loss 0.0147 train 1.0000 test 0.0949
epoch 189/200 loss 0.0142 train 1.0000 test 0.0954
epoch 190/200 loss 0.0148 train 1.0000 test 0.0952
epoch 191/200 loss 0.0155 train 1.0000 test 0.0952
epoch 192/200 loss 0.0156 train 1.0000 test 0.0957
epoch 193/200 loss 0.0151 train 1.0000 test 0.0954
epoch 194/200 loss 0.0151 train 1.0000 test 0.0952
epoch 195/200 loss 0.0140 train 1.0000 test 0.0951
epoch 196/200 loss 0.0149 train 1.0000 test 0.0954
epoch 197/200 loss 0.0142 train 1.0000 test 0.0942
epoch 198/200 loss 0.0154 train 1.0000 test 0.0950
epoch 199/200 loss 0.0145 train 1.0000 test 0.0952
epoch 200/200 loss 0.0151 train 1.0000 test 0.0943
done: final 0.0943 best 0.0968 -> ./runs/tin_none_2pct/seed1
FRONTIER2_DONE tin_none_2pct_seed1
FRONTIER2_START tin_none_2pct_seed2
[tin_none_2pct seed2] {"params_trainable": 11271432, "params_stem_trainable": 0, "params_stem_fixed_filters": 0, "flops_total": 2226720768, "flops_stem": 0, "flops_image_size": 64}
epoch 1/200 loss 5.3655 train 0.0047 test 0.0175
epoch 2/200 loss 5.1610 train 0.0224 test 0.0234
epoch 3/200 loss 4.9491 train 0.0344 test 0.0283
epoch 4/200 loss 4.8155 train 0.0333 test 0.0340
epoch 5/200 loss 4.6802 train 0.0411 test 0.0311
epoch 6/200 loss 4.5866 train 0.0526 test 0.0373
epoch 7/200 loss 4.5087 train 0.0578 test 0.0382
epoch 8/200 loss 4.4057 train 0.0630 test 0.0357
epoch 9/200 loss 4.3474 train 0.0708 test 0.0409
epoch 10/200 loss 4.2590 train 0.0953 test 0.0377
epoch 11/200 loss 4.1997 train 0.0917 test 0.0423
epoch 12/200 loss 4.1301 train 0.1057 test 0.0404
epoch 13/200 loss 4.0533 train 0.1057 test 0.0407
epoch 14/200 loss 4.0081 train 0.1146 test 0.0417
epoch 15/200 loss 3.9476 train 0.1177 test 0.0492
epoch 16/200 loss 3.8532 train 0.1354 test 0.0451
epoch 17/200 loss 3.8038 train 0.1333 test 0.0485
epoch 18/200 loss 3.7497 train 0.1484 test 0.0476
epoch 19/200 loss 3.6551 train 0.1562 test 0.0475
epoch 20/200 loss 3.6152 train 0.1594 test 0.0532
epoch 21/200 loss 3.5574 train 0.1719 test 0.0536
epoch 22/200 loss 3.4995 train 0.1807 test 0.0516
epoch 23/200 loss 3.4452 train 0.1849 test 0.0541
epoch 24/200 loss 3.3895 train 0.2068 test 0.0454
epoch 25/200 loss 3.3633 train 0.1865 test 0.0514
epoch 26/200 loss 3.2755 train 0.2057 test 0.0553
epoch 27/200 loss 3.1672 train 0.2328 test 0.0553
epoch 28/200 loss 3.1095 train 0.2318 test 0.0554
epoch 29/200 loss 3.0778 train 0.2547 test 0.0561
epoch 30/200 loss 2.9862 train 0.2714 test 0.0561
epoch 31/200 loss 2.9067 train 0.2724 test 0.0589
epoch 32/200 loss 2.8281 train 0.2937 test 0.0516
epoch 33/200 loss 2.7816 train 0.3031 test 0.0505
epoch 34/200 loss 2.7381 train 0.3068 test 0.0510
epoch 35/200 loss 2.6168 train 0.3406 test 0.0590
epoch 36/200 loss 2.5318 train 0.3589 test 0.0540
epoch 37/200 loss 2.4530 train 0.3557 test 0.0501
epoch 38/200 loss 2.4333 train 0.3656 test 0.0601
epoch 39/200 loss 2.3840 train 0.3651 test 0.0568
epoch 40/200 loss 2.2363 train 0.4073 test 0.0606
epoch 41/200 loss 2.1774 train 0.4141 test 0.0591
epoch 42/200 loss 2.0598 train 0.4500 test 0.0607
epoch 43/200 loss 1.9500 train 0.4828 test 0.0635
epoch 44/200 loss 1.8707 train 0.4911 test 0.0626
epoch 45/200 loss 1.7857 train 0.5245 test 0.0689
epoch 46/200 loss 1.7074 train 0.5375 test 0.0529
epoch 47/200 loss 1.6726 train 0.5406 test 0.0674
epoch 48/200 loss 1.5179 train 0.5755 test 0.0640
epoch 49/200 loss 1.4528 train 0.5958 test 0.0701
epoch 50/200 loss 1.3086 train 0.6422 test 0.0670
epoch 51/200 loss 1.2010 train 0.6734 test 0.0697
epoch 52/200 loss 1.1627 train 0.6776 test 0.0616
epoch 53/200 loss 1.1188 train 0.6932 test 0.0696
epoch 54/200 loss 1.1234 train 0.6844 test 0.0638
epoch 55/200 loss 1.0477 train 0.7161 test 0.0642
epoch 56/200 loss 0.8963 train 0.7656 test 0.0755
epoch 57/200 loss 0.8084 train 0.7802 test 0.0671
epoch 58/200 loss 0.7155 train 0.8229 test 0.0677
epoch 59/200 loss 0.7348 train 0.8125 test 0.0605
epoch 60/200 loss 0.7427 train 0.8016 test 0.0653
epoch 61/200 loss 0.6631 train 0.8333 test 0.0685
epoch 62/200 loss 0.5455 train 0.8687 test 0.0747
epoch 63/200 loss 0.4628 train 0.8880 test 0.0675
epoch 64/200 loss 0.4166 train 0.9083 test 0.0778
epoch 65/200 loss 0.3544 train 0.9219 test 0.0680
epoch 66/200 loss 0.3503 train 0.9260 test 0.0736
epoch 67/200 loss 0.3810 train 0.9214 test 0.0793
epoch 68/200 loss 0.3680 train 0.9167 test 0.0669
epoch 69/200 loss 0.3263 train 0.9323 test 0.0702
epoch 70/200 loss 0.2721 train 0.9458 test 0.0726
epoch 71/200 loss 0.2183 train 0.9599 test 0.0765
epoch 72/200 loss 0.1864 train 0.9740 test 0.0777
epoch 73/200 loss 0.1357 train 0.9865 test 0.0801
epoch 74/200 loss 0.0863 train 0.9953 test 0.0835
epoch 75/200 loss 0.0627 train 0.9964 test 0.0853
epoch 76/200 loss 0.0525 train 0.9969 test 0.0871
epoch 77/200 loss 0.0408 train 1.0000 test 0.0874
epoch 78/200 loss 0.0372 train 0.9990 test 0.0894
epoch 79/200 loss 0.0359 train 0.9995 test 0.0843
epoch 80/200 loss 0.0280 train 1.0000 test 0.0879
epoch 81/200 loss 0.0248 train 1.0000 test 0.0874
epoch 82/200 loss 0.0262 train 0.9995 test 0.0903
epoch 83/200 loss 0.0273 train 0.9995 test 0.0915
epoch 84/200 loss 0.0445 train 0.9964 test 0.0890
epoch 85/200 loss 0.0470 train 0.9953 test 0.0806
epoch 86/200 loss 0.0467 train 0.9969 test 0.0884
epoch 87/200 loss 0.0333 train 0.9995 test 0.0889
epoch 88/200 loss 0.0284 train 0.9995 test 0.0900
epoch 89/200 loss 0.0243 train 0.9995 test 0.0875
epoch 90/200 loss 0.0233 train 0.9995 test 0.0899
epoch 91/200 loss 0.0241 train 0.9995 test 0.0914
epoch 92/200 loss 0.0218 train 1.0000 test 0.0904
epoch 93/200 loss 0.0211 train 0.9990 test 0.0908
epoch 94/200 loss 0.0196 train 1.0000 test 0.0918
epoch 95/200 loss 0.0222 train 0.9995 test 0.0919
epoch 96/200 loss 0.0209 train 0.9995 test 0.0932
epoch 97/200 loss 0.0201 train 1.0000 test 0.0919
epoch 98/200 loss 0.0184 train 1.0000 test 0.0916
epoch 99/200 loss 0.0168 train 1.0000 test 0.0923
epoch 100/200 loss 0.0163 train 1.0000 test 0.0911
epoch 101/200 loss 0.0179 train 1.0000 test 0.0913
epoch 102/200 loss 0.0205 train 1.0000 test 0.0929
epoch 103/200 loss 0.0170 train 1.0000 test 0.0922
epoch 104/200 loss 0.0189 train 1.0000 test 0.0935
epoch 105/200 loss 0.0185 train 1.0000 test 0.0931
epoch 106/200 loss 0.0195 train 0.9990 test 0.0928
epoch 107/200 loss 0.0186 train 1.0000 test 0.0908
epoch 108/200 loss 0.0178 train 0.9995 test 0.0921
epoch 109/200 loss 0.0206 train 0.9995 test 0.0935
epoch 110/200 loss 0.0188 train 0.9995 test 0.0908
epoch 111/200 loss 0.0170 train 1.0000 test 0.0924
epoch 112/200 loss 0.0174 train 1.0000 test 0.0926
epoch 113/200 loss 0.0176 train 1.0000 test 0.0921
epoch 114/200 loss 0.0156 train 1.0000 test 0.0928
epoch 115/200 loss 0.0190 train 1.0000 test 0.0925
epoch 116/200 loss 0.0175 train 1.0000 test 0.0932
epoch 117/200 loss 0.0167 train 1.0000 test 0.0949
epoch 118/200 loss 0.0166 train 1.0000 test 0.0927
epoch 119/200 loss 0.0185 train 1.0000 test 0.0944
epoch 120/200 loss 0.0156 train 1.0000 test 0.0941
epoch 121/200 loss 0.0165 train 1.0000 test 0.0931
epoch 122/200 loss 0.0172 train 1.0000 test 0.0942
epoch 123/200 loss 0.0160 train 1.0000 test 0.0928
epoch 124/200 loss 0.0155 train 1.0000 test 0.0930
epoch 125/200 loss 0.0175 train 1.0000 test 0.0918
epoch 126/200 loss 0.0153 train 1.0000 test 0.0920
epoch 127/200 loss 0.0172 train 1.0000 test 0.0934
epoch 128/200 loss 0.0156 train 1.0000 test 0.0946
epoch 129/200 loss 0.0139 train 1.0000 test 0.0936
epoch 130/200 loss 0.0154 train 1.0000 test 0.0931
epoch 131/200 loss 0.0166 train 1.0000 test 0.0942
epoch 132/200 loss 0.0146 train 1.0000 test 0.0949
epoch 133/200 loss 0.0165 train 1.0000 test 0.0947
epoch 134/200 loss 0.0147 train 1.0000 test 0.0941
epoch 135/200 loss 0.0155 train 1.0000 test 0.0948
epoch 136/200 loss 0.0153 train 1.0000 test 0.0945
epoch 137/200 loss 0.0155 train 1.0000 test 0.0943
epoch 138/200 loss 0.0155 train 1.0000 test 0.0936
epoch 139/200 loss 0.0177 train 1.0000 test 0.0942
epoch 140/200 loss 0.0160 train 1.0000 test 0.0935
epoch 141/200 loss 0.0157 train 1.0000 test 0.0927
epoch 142/200 loss 0.0158 train 1.0000 test 0.0919
epoch 143/200 loss 0.0168 train 1.0000 test 0.0945
epoch 144/200 loss 0.0154 train 1.0000 test 0.0937
epoch 145/200 loss 0.0162 train 1.0000 test 0.0940
epoch 146/200 loss 0.0145 train 1.0000 test 0.0951
epoch 147/200 loss 0.0162 train 1.0000 test 0.0952
epoch 148/200 loss 0.0156 train 1.0000 test 0.0939
epoch 149/200 loss 0.0164 train 1.0000 test 0.0955
epoch 150/200 loss 0.0153 train 1.0000 test 0.0950
epoch 151/200 loss 0.0160 train 1.0000 test 0.0935
epoch 152/200 loss 0.0155 train 1.0000 test 0.0945
epoch 153/200 loss 0.0145 train 1.0000 test 0.0948
epoch 154/200 loss 0.0167 train 1.0000 test 0.0948
epoch 155/200 loss 0.0156 train 1.0000 test 0.0941
epoch 156/200 loss 0.0157 train 1.0000 test 0.0942
epoch 157/200 loss 0.0143 train 1.0000 test 0.0944
epoch 158/200 loss 0.0146 train 1.0000 test 0.0947
epoch 159/200 loss 0.0161 train 1.0000 test 0.0949
epoch 160/200 loss 0.0142 train 1.0000 test 0.0950
epoch 161/200 loss 0.0159 train 1.0000 test 0.0947
epoch 162/200 loss 0.0149 train 1.0000 test 0.0941
epoch 163/200 loss 0.0146 train 1.0000 test 0.0951
epoch 164/200 loss 0.0147 train 1.0000 test 0.0952
epoch 165/200 loss 0.0149 train 1.0000 test 0.0938
epoch 166/200 loss 0.0150 train 1.0000 test 0.0946
epoch 167/200 loss 0.0145 train 1.0000 test 0.0948
epoch 168/200 loss 0.0155 train 1.0000 test 0.0958
epoch 169/200 loss 0.0157 train 1.0000 test 0.0951
epoch 170/200 loss 0.0148 train 1.0000 test 0.0957
epoch 171/200 loss 0.0157 train 1.0000 test 0.0956
epoch 172/200 loss 0.0163 train 1.0000 test 0.0961
epoch 173/200 loss 0.0148 train 1.0000 test 0.0963
epoch 174/200 loss 0.0155 train 1.0000 test 0.0957
epoch 175/200 loss 0.0142 train 1.0000 test 0.0958
epoch 176/200 loss 0.0156 train 1.0000 test 0.0952
epoch 177/200 loss 0.0159 train 1.0000 test 0.0964
epoch 178/200 loss 0.0164 train 1.0000 test 0.0959
epoch 179/200 loss 0.0145 train 1.0000 test 0.0957
epoch 180/200 loss 0.0147 train 1.0000 test 0.0957
epoch 181/200 loss 0.0160 train 1.0000 test 0.0956
epoch 182/200 loss 0.0151 train 1.0000 test 0.0964
epoch 183/200 loss 0.0148 train 1.0000 test 0.0959
epoch 184/200 loss 0.0146 train 1.0000 test 0.0961
epoch 185/200 loss 0.0153 train 1.0000 test 0.0963
epoch 186/200 loss 0.0150 train 1.0000 test 0.0969
epoch 187/200 loss 0.0139 train 1.0000 test 0.0963
epoch 188/200 loss 0.0145 train 1.0000 test 0.0953
epoch 189/200 loss 0.0153 train 1.0000 test 0.0947
epoch 190/200 loss 0.0151 train 1.0000 test 0.0957
epoch 191/200 loss 0.0143 train 1.0000 test 0.0958
epoch 192/200 loss 0.0150 train 1.0000 test 0.0960
epoch 193/200 loss 0.0145 train 1.0000 test 0.0951
epoch 194/200 loss 0.0148 train 1.0000 test 0.0957
epoch 195/200 loss 0.0147 train 1.0000 test 0.0953
epoch 196/200 loss 0.0159 train 1.0000 test 0.0953
epoch 197/200 loss 0.0149 train 1.0000 test 0.0954
epoch 198/200 loss 0.0151 train 1.0000 test 0.0960
epoch 199/200 loss 0.0153 train 1.0000 test 0.0961
epoch 200/200 loss 0.0137 train 1.0000 test 0.0964
done: final 0.0964 best 0.0969 -> ./runs/tin_none_2pct/seed2
FRONTIER2_DONE tin_none_2pct_seed2
FRONTIER2_CELL_DONE tin_none_2pct
FRONTIER2_START tin_aux_2pct_seed0
moment-aux target calibrated on 1024 images
[tin_aux_2pct seed0] {"params_trainable": 11273488, "params_stem_trainable": 0, "params_stem_fixed_filters": 0, "flops_total": 2226720768, "flops_stem": 0, "flops_image_size": 64}
epoch 1/200 loss 6.8308 train 0.0026 test 0.0136
epoch 2/200 loss 5.9508 train 0.0104 test 0.0217
epoch 3/200 loss 5.4330 train 0.0234 test 0.0276
epoch 4/200 loss 5.1550 train 0.0302 test 0.0320
epoch 5/200 loss 4.9731 train 0.0505 test 0.0361
epoch 6/200 loss 4.7986 train 0.0531 test 0.0395
epoch 7/200 loss 4.6903 train 0.0682 test 0.0441
epoch 8/200 loss 4.5483 train 0.0708 test 0.0482
epoch 9/200 loss 4.4253 train 0.0917 test 0.0448
epoch 10/200 loss 4.3496 train 0.1068 test 0.0497
epoch 11/200 loss 4.2547 train 0.1068 test 0.0519
epoch 12/200 loss 4.1263 train 0.1250 test 0.0570
epoch 13/200 loss 4.0343 train 0.1276 test 0.0556
epoch 14/200 loss 3.9278 train 0.1422 test 0.0557
epoch 15/200 loss 3.8317 train 0.1536 test 0.0647
epoch 16/200 loss 3.7482 train 0.1693 test 0.0613
epoch 17/200 loss 3.6897 train 0.1698 test 0.0602
epoch 18/200 loss 3.5770 train 0.1995 test 0.0609
epoch 19/200 loss 3.5061 train 0.1974 test 0.0601
epoch 20/200 loss 3.4144 train 0.2099 test 0.0692
epoch 21/200 loss 3.3303 train 0.2307 test 0.0654
epoch 22/200 loss 3.2430 train 0.2365 test 0.0680
epoch 23/200 loss 3.1468 train 0.2562 test 0.0727
epoch 24/200 loss 3.0230 train 0.2807 test 0.0755
epoch 25/200 loss 2.9989 train 0.2812 test 0.0710
epoch 26/200 loss 2.9327 train 0.2771 test 0.0718
epoch 27/200 loss 2.8301 train 0.3214 test 0.0710
epoch 28/200 loss 2.7635 train 0.3281 test 0.0651
epoch 29/200 loss 2.6075 train 0.3688 test 0.0853
epoch 30/200 loss 2.6225 train 0.3448 test 0.0694
epoch 31/200 loss 2.5296 train 0.3719 test 0.0846
epoch 32/200 loss 2.3740 train 0.4010 test 0.0662
epoch 33/200 loss 2.3206 train 0.4151 test 0.0755
epoch 34/200 loss 2.3012 train 0.4203 test 0.0736
epoch 35/200 loss 2.1417 train 0.4604 test 0.0763
epoch 36/200 loss 2.0466 train 0.4807 test 0.0650
epoch 37/200 loss 1.9131 train 0.5031 test 0.0809
epoch 38/200 loss 1.7690 train 0.5661 test 0.0735
epoch 39/200 loss 1.7323 train 0.5609 test 0.0762
epoch 40/200 loss 1.6729 train 0.5703 test 0.0797
epoch 41/200 loss 1.6608 train 0.5620 test 0.0669
epoch 42/200 loss 1.5623 train 0.6031 test 0.0707
epoch 43/200 loss 1.3946 train 0.6573 test 0.0851
epoch 44/200 loss 1.2590 train 0.6849 test 0.0674
epoch 45/200 loss 1.1861 train 0.7083 test 0.0856
epoch 46/200 loss 1.1195 train 0.7234 test 0.0862
epoch 47/200 loss 1.0449 train 0.7385 test 0.0820
epoch 48/200 loss 0.9428 train 0.7677 test 0.0784
epoch 49/200 loss 0.8722 train 0.7948 test 0.0758
epoch 50/200 loss 0.8204 train 0.8089 test 0.0808
epoch 51/200 loss 0.7931 train 0.8156 test 0.0805
epoch 52/200 loss 0.6840 train 0.8479 test 0.0890
epoch 53/200 loss 0.6259 train 0.8734 test 0.0826
epoch 54/200 loss 0.6434 train 0.8625 test 0.0816
epoch 55/200 loss 0.5783 train 0.8698 test 0.0884
epoch 56/200 loss 0.5353 train 0.8880 test 0.0932
epoch 57/200 loss 0.4331 train 0.9214 test 0.0820
epoch 58/200 loss 0.3499 train 0.9521 test 0.0838
epoch 59/200 loss 0.3046 train 0.9505 test 0.0935
epoch 60/200 loss 0.2952 train 0.9604 test 0.0919
epoch 61/200 loss 0.2330 train 0.9724 test 0.0920
epoch 62/200 loss 0.1944 train 0.9833 test 0.0984
epoch 63/200 loss 0.1677 train 0.9885 test 0.0983
epoch 64/200 loss 0.1387 train 0.9943 test 0.1024
epoch 65/200 loss 0.1160 train 0.9964 test 0.1027
epoch 66/200 loss 0.1078 train 0.9948 test 0.1028
epoch 67/200 loss 0.0966 train 0.9984 test 0.1035
epoch 68/200 loss 0.0852 train 0.9995 test 0.1026
epoch 69/200 loss 0.0763 train 0.9995 test 0.1064
epoch 70/200 loss 0.0777 train 0.9990 test 0.1099
epoch 71/200 loss 0.0732 train 0.9990 test 0.1075
epoch 72/200 loss 0.0743 train 0.9979 test 0.1076
epoch 73/200 loss 0.0684 train 1.0000 test 0.1066
epoch 74/200 loss 0.0622 train 1.0000 test 0.1082
epoch 75/200 loss 0.0616 train 0.9990 test 0.1107
epoch 76/200 loss 0.0609 train 1.0000 test 0.1081
epoch 77/200 loss 0.0603 train 1.0000 test 0.1094
epoch 78/200 loss 0.0571 train 1.0000 test 0.1104
epoch 79/200 loss 0.0577 train 1.0000 test 0.1118
epoch 80/200 loss 0.0539 train 1.0000 test 0.1133
epoch 81/200 loss 0.0558 train 1.0000 test 0.1109
epoch 82/200 loss 0.0546 train 1.0000 test 0.1093
epoch 83/200 loss 0.0513 train 1.0000 test 0.1092
epoch 84/200 loss 0.0502 train 1.0000 test 0.1121
epoch 85/200 loss 0.0482 train 1.0000 test 0.1133
epoch 86/200 loss 0.0473 train 1.0000 test 0.1105
epoch 87/200 loss 0.0480 train 1.0000 test 0.1103
epoch 88/200 loss 0.0477 train 1.0000 test 0.1109
epoch 89/200 loss 0.0472 train 1.0000 test 0.1125
epoch 90/200 loss 0.0478 train 1.0000 test 0.1119
epoch 91/200 loss 0.0452 train 1.0000 test 0.1122
epoch 92/200 loss 0.0453 train 1.0000 test 0.1110
epoch 93/200 loss 0.0438 train 1.0000 test 0.1135
epoch 94/200 loss 0.0438 train 1.0000 test 0.1139
epoch 95/200 loss 0.0427 train 1.0000 test 0.1141
epoch 96/200 loss 0.0423 train 1.0000 test 0.1133
epoch 97/200 loss 0.0412 train 1.0000 test 0.1120
epoch 98/200 loss 0.0418 train 1.0000 test 0.1134
epoch 99/200 loss 0.0414 train 1.0000 test 0.1134
epoch 100/200 loss 0.0414 train 1.0000 test 0.1133
epoch 101/200 loss 0.0383 train 1.0000 test 0.1134
epoch 102/200 loss 0.0384 train 1.0000 test 0.1150
epoch 103/200 loss 0.0377 train 1.0000 test 0.1122
epoch 104/200 loss 0.0379 train 1.0000 test 0.1125
epoch 105/200 loss 0.0365 train 1.0000 test 0.1134
epoch 106/200 loss 0.0372 train 1.0000 test 0.1130
epoch 107/200 loss 0.0365 train 1.0000 test 0.1125
epoch 108/200 loss 0.0367 train 1.0000 test 0.1139
epoch 109/200 loss 0.0350 train 1.0000 test 0.1141
epoch 110/200 loss 0.0354 train 1.0000 test 0.1142
epoch 111/200 loss 0.0359 train 1.0000 test 0.1160
epoch 112/200 loss 0.0362 train 0.9995 test 0.1146
epoch 113/200 loss 0.0393 train 0.9990 test 0.1120
epoch 114/200 loss 0.0364 train 0.9995 test 0.1147
epoch 115/200 loss 0.0362 train 0.9995 test 0.1120
epoch 116/200 loss 0.0364 train 1.0000 test 0.1141
epoch 117/200 loss 0.0329 train 1.0000 test 0.1136
epoch 118/200 loss 0.0322 train 1.0000 test 0.1136
epoch 119/200 loss 0.0299 train 1.0000 test 0.1136
epoch 120/200 loss 0.0302 train 1.0000 test 0.1123
epoch 121/200 loss 0.0296 train 1.0000 test 0.1144
epoch 122/200 loss 0.0293 train 1.0000 test 0.1132
epoch 123/200 loss 0.0311 train 1.0000 test 0.1151
epoch 124/200 loss 0.0302 train 1.0000 test 0.1131
epoch 125/200 loss 0.0293 train 1.0000 test 0.1141
epoch 126/200 loss 0.0289 train 1.0000 test 0.1156
epoch 127/200 loss 0.0276 train 1.0000 test 0.1161
epoch 128/200 loss 0.0280 train 1.0000 test 0.1152
epoch 129/200 loss 0.0269 train 1.0000 test 0.1141
epoch 130/200 loss 0.0266 train 1.0000 test 0.1164
epoch 131/200 loss 0.0262 train 1.0000 test 0.1152
epoch 132/200 loss 0.0264 train 1.0000 test 0.1156
epoch 133/200 loss 0.0255 train 1.0000 test 0.1150
epoch 134/200 loss 0.0262 train 1.0000 test 0.1167
epoch 135/200 loss 0.0251 train 1.0000 test 0.1161
epoch 136/200 loss 0.0252 train 1.0000 test 0.1148
epoch 137/200 loss 0.0245 train 1.0000 test 0.1157
epoch 138/200 loss 0.0241 train 1.0000 test 0.1152
epoch 139/200 loss 0.0238 train 1.0000 test 0.1144
epoch 140/200 loss 0.0238 train 1.0000 test 0.1151
epoch 141/200 loss 0.0244 train 1.0000 test 0.1171
epoch 142/200 loss 0.0242 train 1.0000 test 0.1148
epoch 143/200 loss 0.0227 train 1.0000 test 0.1159
epoch 144/200 loss 0.0229 train 1.0000 test 0.1161
epoch 145/200 loss 0.0234 train 1.0000 test 0.1179
epoch 146/200 loss 0.0237 train 1.0000 test 0.1164
epoch 147/200 loss 0.0228 train 1.0000 test 0.1152
epoch 148/200 loss 0.0213 train 1.0000 test 0.1157
epoch 149/200 loss 0.0207 train 1.0000 test 0.1152
epoch 150/200 loss 0.0206 train 1.0000 test 0.1149
epoch 151/200 loss 0.0202 train 1.0000 test 0.1175
epoch 152/200 loss 0.0202 train 1.0000 test 0.1162
epoch 153/200 loss 0.0207 train 1.0000 test 0.1165
epoch 154/200 loss 0.0198 train 1.0000 test 0.1168
epoch 155/200 loss 0.0193 train 1.0000 test 0.1176
epoch 156/200 loss 0.0189 train 1.0000 test 0.1174
epoch 157/200 loss 0.0187 train 1.0000 test 0.1168
epoch 158/200 loss 0.0198 train 1.0000 test 0.1168
epoch 159/200 loss 0.0189 train 1.0000 test 0.1159
epoch 160/200 loss 0.0183 train 1.0000 test 0.1159
epoch 161/200 loss 0.0194 train 1.0000 test 0.1160
epoch 162/200 loss 0.0187 train 1.0000 test 0.1164
epoch 163/200 loss 0.0189 train 1.0000 test 0.1173
epoch 164/200 loss 0.0172 train 1.0000 test 0.1169
epoch 165/200 loss 0.0166 train 1.0000 test 0.1172
epoch 166/200 loss 0.0168 train 1.0000 test 0.1164
epoch 167/200 loss 0.0174 train 1.0000 test 0.1165
epoch 168/200 loss 0.0174 train 1.0000 test 0.1162
epoch 169/200 loss 0.0159 train 1.0000 test 0.1167
epoch 170/200 loss 0.0169 train 1.0000 test 0.1164
epoch 171/200 loss 0.0170 train 1.0000 test 0.1170
epoch 172/200 loss 0.0158 train 1.0000 test 0.1167
epoch 173/200 loss 0.0165 train 1.0000 test 0.1168
epoch 174/200 loss 0.0163 train 1.0000 test 0.1162
epoch 175/200 loss 0.0161 train 1.0000 test 0.1154
epoch 176/200 loss 0.0154 train 1.0000 test 0.1160
epoch 177/200 loss 0.0156 train 1.0000 test 0.1155
epoch 178/200 loss 0.0153 train 1.0000 test 0.1164
epoch 179/200 loss 0.0161 train 1.0000 test 0.1167
epoch 180/200 loss 0.0150 train 1.0000 test 0.1168
epoch 181/200 loss 0.0160 train 1.0000 test 0.1169
epoch 182/200 loss 0.0152 train 1.0000 test 0.1169
epoch 183/200 loss 0.0143 train 1.0000 test 0.1166
epoch 184/200 loss 0.0149 train 1.0000 test 0.1170
epoch 185/200 loss 0.0149 train 1.0000 test 0.1170
epoch 186/200 loss 0.0145 train 1.0000 test 0.1170
epoch 187/200 loss 0.0145 train 1.0000 test 0.1169
epoch 188/200 loss 0.0145 train 1.0000 test 0.1167
epoch 189/200 loss 0.0143 train 1.0000 test 0.1170
epoch 190/200 loss 0.0146 train 1.0000 test 0.1169
epoch 191/200 loss 0.0151 train 1.0000 test 0.1160
epoch 192/200 loss 0.0137 train 1.0000 test 0.1162
epoch 193/200 loss 0.0148 train 1.0000 test 0.1164
epoch 194/200 loss 0.0152 train 1.0000 test 0.1168
epoch 195/200 loss 0.0139 train 1.0000 test 0.1169
epoch 196/200 loss 0.0134 train 1.0000 test 0.1158
epoch 197/200 loss 0.0142 train 1.0000 test 0.1174
epoch 198/200 loss 0.0152 train 1.0000 test 0.1172
epoch 199/200 loss 0.0147 train 1.0000 test 0.1172
epoch 200/200 loss 0.0142 train 1.0000 test 0.1172
done: final 0.1172 best 0.1179 -> ./runs/tin_aux_2pct/seed0
FRONTIER2_DONE tin_aux_2pct_seed0
FRONTIER2_START tin_aux_2pct_seed1
moment-aux target calibrated on 1024 images
[tin_aux_2pct seed1] {"params_trainable": 11273488, "params_stem_trainable": 0, "params_stem_fixed_filters": 0, "flops_total": 2226720768, "flops_stem": 0, "flops_image_size": 64}
epoch 1/200 loss 6.5831 train 0.0036 test 0.0141
epoch 2/200 loss 5.9177 train 0.0146 test 0.0139
epoch 3/200 loss 5.4290 train 0.0250 test 0.0253
epoch 4/200 loss 5.1733 train 0.0375 test 0.0313
epoch 5/200 loss 4.9906 train 0.0500 test 0.0365
epoch 6/200 loss 4.8375 train 0.0615 test 0.0400
epoch 7/200 loss 4.7015 train 0.0703 test 0.0427
epoch 8/200 loss 4.5873 train 0.0818 test 0.0470
epoch 9/200 loss 4.4478 train 0.0964 test 0.0487
epoch 10/200 loss 4.3540 train 0.0984 test 0.0521
epoch 11/200 loss 4.2469 train 0.1089 test 0.0500
epoch 12/200 loss 4.1737 train 0.1177 test 0.0482
epoch 13/200 loss 4.1126 train 0.1302 test 0.0510
epoch 14/200 loss 4.0385 train 0.1266 test 0.0572
epoch 15/200 loss 3.9054 train 0.1500 test 0.0588
epoch 16/200 loss 3.8028 train 0.1646 test 0.0528
epoch 17/200 loss 3.7311 train 0.1724 test 0.0609
epoch 18/200 loss 3.6406 train 0.1875 test 0.0615
epoch 19/200 loss 3.5166 train 0.2104 test 0.0607
epoch 20/200 loss 3.4731 train 0.1974 test 0.0566
epoch 21/200 loss 3.3890 train 0.2104 test 0.0644
epoch 22/200 loss 3.3012 train 0.2375 test 0.0676
epoch 23/200 loss 3.2276 train 0.2339 test 0.0733
epoch 24/200 loss 3.1788 train 0.2542 test 0.0667
epoch 25/200 loss 3.0327 train 0.2755 test 0.0754
epoch 26/200 loss 2.9413 train 0.2906 test 0.0623
epoch 27/200 loss 2.8633 train 0.3057 test 0.0756
epoch 28/200 loss 2.8210 train 0.3172 test 0.0748
epoch 29/200 loss 2.7197 train 0.3240 test 0.0674
epoch 30/200 loss 2.6803 train 0.3417 test 0.0765
epoch 31/200 loss 2.5507 train 0.3750 test 0.0614
epoch 32/200 loss 2.4477 train 0.3880 test 0.0701
epoch 33/200 loss 2.4002 train 0.4005 test 0.0791
epoch 34/200 loss 2.3253 train 0.4109 test 0.0757
epoch 35/200 loss 2.2466 train 0.4323 test 0.0760
epoch 36/200 loss 2.1059 train 0.4677 test 0.0741
epoch 37/200 loss 1.9717 train 0.4922 test 0.0912
epoch 38/200 loss 1.8848 train 0.5146 test 0.0709
epoch 39/200 loss 1.8823 train 0.5240 test 0.0728
epoch 40/200 loss 1.7634 train 0.5359 test 0.0811
epoch 41/200 loss 1.6254 train 0.5724 test 0.0765
epoch 42/200 loss 1.5805 train 0.5906 test 0.0693
epoch 43/200 loss 1.5039 train 0.6000 test 0.0859
epoch 44/200 loss 1.3314 train 0.6672 test 0.0707
epoch 45/200 loss 1.3242 train 0.6630 test 0.0734
epoch 46/200 loss 1.2688 train 0.6656 test 0.0692
epoch 47/200 loss 1.1268 train 0.7109 test 0.0700
epoch 48/200 loss 1.1303 train 0.7130 test 0.0818
epoch 49/200 loss 1.0475 train 0.7427 test 0.0765
epoch 50/200 loss 0.9890 train 0.7448 test 0.0772
epoch 51/200 loss 0.9318 train 0.7708 test 0.0786
epoch 52/200 loss 0.8563 train 0.7859 test 0.0819
epoch 53/200 loss 0.7506 train 0.8307 test 0.0788
epoch 54/200 loss 0.6678 train 0.8526 test 0.0808
epoch 55/200 loss 0.5620 train 0.8854 test 0.0826
epoch 56/200 loss 0.4784 train 0.9010 test 0.0906
epoch 57/200 loss 0.4106 train 0.9365 test 0.0910
epoch 58/200 loss 0.3780 train 0.9375 test 0.0889
epoch 59/200 loss 0.3572 train 0.9427 test 0.0867
epoch 60/200 loss 0.3035 train 0.9594 test 0.0896
epoch 61/200 loss 0.2519 train 0.9698 test 0.0911
epoch 62/200 loss 0.2211 train 0.9786 test 0.0901
epoch 63/200 loss 0.1991 train 0.9807 test 0.0902
epoch 64/200 loss 0.1929 train 0.9802 test 0.0888
epoch 65/200 loss 0.1751 train 0.9781 test 0.0976
epoch 66/200 loss 0.1490 train 0.9875 test 0.0963
epoch 67/200 loss 0.1341 train 0.9917 test 0.0927
epoch 68/200 loss 0.1079 train 0.9974 test 0.0981
epoch 69/200 loss 0.0896 train 0.9984 test 0.1021
epoch 70/200 loss 0.0800 train 0.9995 test 0.0988
epoch 71/200 loss 0.0763 train 0.9990 test 0.0974
epoch 72/200 loss 0.0695 train 1.0000 test 0.1039
epoch 73/200 loss 0.0628 train 1.0000 test 0.1050
epoch 74/200 loss 0.0601 train 1.0000 test 0.1052
epoch 75/200 loss 0.0590 train 1.0000 test 0.1092
epoch 76/200 loss 0.0553 train 1.0000 test 0.1077
epoch 77/200 loss 0.0542 train 1.0000 test 0.1095
epoch 78/200 loss 0.0536 train 1.0000 test 0.1054
epoch 79/200 loss 0.0543 train 1.0000 test 0.1069
epoch 80/200 loss 0.0527 train 1.0000 test 0.1080
epoch 81/200 loss 0.0537 train 1.0000 test 0.1060
epoch 82/200 loss 0.0576 train 0.9984 test 0.1059
epoch 83/200 loss 0.0617 train 0.9984 test 0.1011
epoch 84/200 loss 0.0609 train 0.9995 test 0.1061
epoch 85/200 loss 0.0497 train 1.0000 test 0.1076
epoch 86/200 loss 0.0462 train 1.0000 test 0.1062
epoch 87/200 loss 0.0469 train 1.0000 test 0.1049
epoch 88/200 loss 0.0451 train 1.0000 test 0.1083
epoch 89/200 loss 0.0434 train 1.0000 test 0.1060
epoch 90/200 loss 0.0456 train 1.0000 test 0.1075
epoch 91/200 loss 0.0428 train 1.0000 test 0.1063
epoch 92/200 loss 0.0424 train 1.0000 test 0.1089
epoch 93/200 loss 0.0447 train 1.0000 test 0.1076
epoch 94/200 loss 0.0436 train 1.0000 test 0.1082
epoch 95/200 loss 0.0400 train 1.0000 test 0.1097
epoch 96/200 loss 0.0395 train 1.0000 test 0.1090
epoch 97/200 loss 0.0389 train 1.0000 test 0.1099
epoch 98/200 loss 0.0380 train 1.0000 test 0.1084
epoch 99/200 loss 0.0371 train 1.0000 test 0.1067
epoch 100/200 loss 0.0378 train 1.0000 test 0.1078
epoch 101/200 loss 0.0371 train 1.0000 test 0.1100
epoch 102/200 loss 0.0371 train 1.0000 test 0.1092
epoch 103/200 loss 0.0371 train 0.9995 test 0.1069
epoch 104/200 loss 0.0363 train 1.0000 test 0.1101
epoch 105/200 loss 0.0352 train 1.0000 test 0.1095
epoch 106/200 loss 0.0353 train 1.0000 test 0.1081
epoch 107/200 loss 0.0354 train 1.0000 test 0.1114
epoch 108/200 loss 0.0325 train 1.0000 test 0.1088
epoch 109/200 loss 0.0326 train 1.0000 test 0.1104
epoch 110/200 loss 0.0328 train 1.0000 test 0.1101
epoch 111/200 loss 0.0339 train 1.0000 test 0.1102
epoch 112/200 loss 0.0329 train 1.0000 test 0.1092
epoch 113/200 loss 0.0316 train 1.0000 test 0.1119
epoch 114/200 loss 0.0319 train 1.0000 test 0.1110
epoch 115/200 loss 0.0324 train 1.0000 test 0.1084
epoch 116/200 loss 0.0305 train 1.0000 test 0.1114
epoch 117/200 loss 0.0307 train 1.0000 test 0.1098
epoch 118/200 loss 0.0308 train 1.0000 test 0.1104
epoch 119/200 loss 0.0310 train 1.0000 test 0.1109
epoch 120/200 loss 0.0291 train 1.0000 test 0.1119
epoch 121/200 loss 0.0295 train 1.0000 test 0.1099
epoch 122/200 loss 0.0285 train 1.0000 test 0.1090
epoch 123/200 loss 0.0286 train 1.0000 test 0.1118
epoch 124/200 loss 0.0284 train 1.0000 test 0.1114
epoch 125/200 loss 0.0272 train 1.0000 test 0.1083
epoch 126/200 loss 0.0260 train 1.0000 test 0.1106
epoch 127/200 loss 0.0261 train 1.0000 test 0.1106
epoch 128/200 loss 0.0268 train 1.0000 test 0.1113
epoch 129/200 loss 0.0267 train 1.0000 test 0.1108
epoch 130/200 loss 0.0277 train 1.0000 test 0.1111
epoch 131/200 loss 0.0251 train 1.0000 test 0.1117
epoch 132/200 loss 0.0249 train 1.0000 test 0.1101
epoch 133/200 loss 0.0242 train 1.0000 test 0.1105
epoch 134/200 loss 0.0242 train 1.0000 test 0.1123
epoch 135/200 loss 0.0249 train 1.0000 test 0.1117
epoch 136/200 loss 0.0236 train 1.0000 test 0.1109
epoch 137/200 loss 0.0239 train 1.0000 test 0.1115
epoch 138/200 loss 0.0232 train 1.0000 test 0.1121
epoch 139/200 loss 0.0239 train 1.0000 test 0.1133
epoch 140/200 loss 0.0230 train 1.0000 test 0.1114
epoch 141/200 loss 0.0222 train 1.0000 test 0.1118
epoch 142/200 loss 0.0221 train 1.0000 test 0.1114
epoch 143/200 loss 0.0215 train 1.0000 test 0.1121
epoch 144/200 loss 0.0214 train 1.0000 test 0.1115
epoch 145/200 loss 0.0218 train 1.0000 test 0.1126
epoch 146/200 loss 0.0212 train 1.0000 test 0.1109
epoch 147/200 loss 0.0202 train 1.0000 test 0.1113
epoch 148/200 loss 0.0209 train 1.0000 test 0.1118
epoch 149/200 loss 0.0208 train 1.0000 test 0.1117
epoch 150/200 loss 0.0212 train 1.0000 test 0.1111
epoch 151/200 loss 0.0188 train 1.0000 test 0.1102
epoch 152/200 loss 0.0202 train 1.0000 test 0.1128
epoch 153/200 loss 0.0198 train 1.0000 test 0.1121
epoch 154/200 loss 0.0189 train 1.0000 test 0.1105
epoch 155/200 loss 0.0190 train 1.0000 test 0.1127
epoch 156/200 loss 0.0197 train 1.0000 test 0.1119
epoch 157/200 loss 0.0191 train 1.0000 test 0.1116
epoch 158/200 loss 0.0191 train 1.0000 test 0.1110
epoch 159/200 loss 0.0185 train 1.0000 test 0.1097
epoch 160/200 loss 0.0188 train 1.0000 test 0.1107
epoch 161/200 loss 0.0187 train 1.0000 test 0.1106
epoch 162/200 loss 0.0186 train 1.0000 test 0.1128
epoch 163/200 loss 0.0181 train 1.0000 test 0.1107
epoch 164/200 loss 0.0173 train 1.0000 test 0.1120
epoch 165/200 loss 0.0171 train 1.0000 test 0.1117
epoch 166/200 loss 0.0176 train 1.0000 test 0.1119
epoch 167/200 loss 0.0177 train 1.0000 test 0.1105
epoch 168/200 loss 0.0169 train 1.0000 test 0.1119
epoch 169/200 loss 0.0165 train 1.0000 test 0.1117
epoch 170/200 loss 0.0166 train 1.0000 test 0.1121
epoch 171/200 loss 0.0176 train 1.0000 test 0.1110
epoch 172/200 loss 0.0170 train 1.0000 test 0.1106
epoch 173/200 loss 0.0165 train 1.0000 test 0.1118
epoch 174/200 loss 0.0156 train 1.0000 test 0.1109
epoch 175/200 loss 0.0164 train 1.0000 test 0.1108
epoch 176/200 loss 0.0162 train 1.0000 test 0.1111
epoch 177/200 loss 0.0155 train 1.0000 test 0.1113
epoch 178/200 loss 0.0169 train 1.0000 test 0.1119
epoch 179/200 loss 0.0147 train 1.0000 test 0.1115
epoch 180/200 loss 0.0158 train 1.0000 test 0.1120
epoch 181/200 loss 0.0162 train 1.0000 test 0.1127
epoch 182/200 loss 0.0157 train 1.0000 test 0.1118
epoch 183/200 loss 0.0165 train 1.0000 test 0.1119
epoch 184/200 loss 0.0147 train 1.0000 test 0.1116
epoch 185/200 loss 0.0155 train 1.0000 test 0.1112
epoch 186/200 loss 0.0161 train 1.0000 test 0.1120
epoch 187/200 loss 0.0145 train 1.0000 test 0.1128
epoch 188/200 loss 0.0152 train 1.0000 test 0.1118
epoch 189/200 loss 0.0146 train 1.0000 test 0.1119
epoch 190/200 loss 0.0153 train 1.0000 test 0.1108
epoch 191/200 loss 0.0156 train 1.0000 test 0.1117
epoch 192/200 loss 0.0155 train 1.0000 test 0.1105
epoch 193/200 loss 0.0148 train 1.0000 test 0.1116
epoch 194/200 loss 0.0148 train 1.0000 test 0.1119
epoch 195/200 loss 0.0140 train 1.0000 test 0.1120
epoch 196/200 loss 0.0148 train 1.0000 test 0.1123
epoch 197/200 loss 0.0146 train 1.0000 test 0.1118
epoch 198/200 loss 0.0155 train 1.0000 test 0.1118
epoch 199/200 loss 0.0149 train 1.0000 test 0.1107
epoch 200/200 loss 0.0148 train 1.0000 test 0.1124
done: final 0.1124 best 0.1133 -> ./runs/tin_aux_2pct/seed1
FRONTIER2_DONE tin_aux_2pct_seed1
FRONTIER2_START tin_aux_2pct_seed2
moment-aux target calibrated on 1024 images
[tin_aux_2pct seed2] {"params_trainable": 11273488, "params_stem_trainable": 0, "params_stem_fixed_filters": 0, "flops_total": 2226720768, "flops_stem": 0, "flops_image_size": 64}
epoch 1/200 loss 6.7999 train 0.0042 test 0.0146
epoch 2/200 loss 5.9375 train 0.0115 test 0.0207
epoch 3/200 loss 5.4228 train 0.0255 test 0.0282
epoch 4/200 loss 5.1718 train 0.0328 test 0.0341
epoch 5/200 loss 4.9727 train 0.0422 test 0.0386
epoch 6/200 loss 4.8178 train 0.0552 test 0.0444
epoch 7/200 loss 4.6610 train 0.0724 test 0.0426
epoch 8/200 loss 4.5284 train 0.0781 test 0.0482
epoch 9/200 loss 4.4402 train 0.0901 test 0.0481
epoch 10/200 loss 4.3135 train 0.1026 test 0.0484
epoch 11/200 loss 4.2291 train 0.1109 test 0.0510
epoch 12/200 loss 4.1336 train 0.1229 test 0.0542
epoch 13/200 loss 4.0031 train 0.1427 test 0.0482
epoch 14/200 loss 3.9293 train 0.1479 test 0.0502
epoch 15/200 loss 3.8774 train 0.1458 test 0.0649
epoch 16/200 loss 3.7535 train 0.1786 test 0.0604
epoch 17/200 loss 3.6499 train 0.1802 test 0.0612
epoch 18/200 loss 3.5880 train 0.1937 test 0.0652
epoch 19/200 loss 3.4826 train 0.1880 test 0.0632
epoch 20/200 loss 3.4068 train 0.2172 test 0.0726
epoch 21/200 loss 3.3635 train 0.2250 test 0.0610
epoch 22/200 loss 3.2512 train 0.2448 test 0.0585
epoch 23/200 loss 3.1565 train 0.2562 test 0.0715
epoch 24/200 loss 3.0763 train 0.2672 test 0.0705
epoch 25/200 loss 3.0250 train 0.2745 test 0.0687
epoch 26/200 loss 2.9640 train 0.2849 test 0.0696
epoch 27/200 loss 2.7872 train 0.3151 test 0.0713
epoch 28/200 loss 2.7065 train 0.3328 test 0.0579
epoch 29/200 loss 2.6887 train 0.3406 test 0.0781
epoch 30/200 loss 2.5842 train 0.3677 test 0.0738
epoch 31/200 loss 2.4245 train 0.4016 test 0.0817
epoch 32/200 loss 2.3333 train 0.4120 test 0.0589
epoch 33/200 loss 2.3238 train 0.4260 test 0.0804
epoch 34/200 loss 2.2410 train 0.4448 test 0.0704
epoch 35/200 loss 2.1440 train 0.4630 test 0.0762
epoch 36/200 loss 2.0953 train 0.4797 test 0.0694
epoch 37/200 loss 2.0343 train 0.4901 test 0.0648
epoch 38/200 loss 1.9540 train 0.5063 test 0.0718
epoch 39/200 loss 1.8311 train 0.5437 test 0.0779
epoch 40/200 loss 1.6899 train 0.5635 test 0.0720
epoch 41/200 loss 1.6219 train 0.5833 test 0.0711
epoch 42/200 loss 1.5952 train 0.5896 test 0.0756
epoch 43/200 loss 1.4367 train 0.6266 test 0.0809
epoch 44/200 loss 1.2819 train 0.6875 test 0.0758
epoch 45/200 loss 1.2606 train 0.6849 test 0.0782
epoch 46/200 loss 1.1652 train 0.7036 test 0.0788
epoch 47/200 loss 1.0409 train 0.7458 test 0.0838
epoch 48/200 loss 0.8864 train 0.7922 test 0.0788
epoch 49/200 loss 0.8156 train 0.8135 test 0.0805
epoch 50/200 loss 0.7598 train 0.8380 test 0.0871
epoch 51/200 loss 0.6999 train 0.8505 test 0.0878
epoch 52/200 loss 0.6896 train 0.8505 test 0.0832
epoch 53/200 loss 0.6682 train 0.8484 test 0.0793
epoch 54/200 loss 0.6859 train 0.8411 test 0.0834
epoch 55/200 loss 0.6337 train 0.8604 test 0.0815
epoch 56/200 loss 0.5691 train 0.8823 test 0.0865
epoch 57/200 loss 0.4437 train 0.9234 test 0.0829
epoch 58/200 loss 0.3473 train 0.9479 test 0.0872
epoch 59/200 loss 0.3160 train 0.9573 test 0.0901
epoch 60/200 loss 0.2838 train 0.9677 test 0.0905
epoch 61/200 loss 0.2350 train 0.9745 test 0.0948
epoch 62/200 loss 0.1898 train 0.9875 test 0.0954
epoch 63/200 loss 0.1574 train 0.9932 test 0.0950
epoch 64/200 loss 0.1423 train 0.9953 test 0.0979
epoch 65/200 loss 0.1150 train 0.9990 test 0.1018
epoch 66/200 loss 0.0956 train 0.9990 test 0.1034
epoch 67/200 loss 0.0908 train 0.9979 test 0.1001
epoch 68/200 loss 0.0951 train 0.9958 test 0.0993
epoch 69/200 loss 0.0926 train 0.9979 test 0.1027
epoch 70/200 loss 0.0843 train 1.0000 test 0.1053
epoch 71/200 loss 0.0752 train 0.9995 test 0.1037
epoch 72/200 loss 0.0740 train 0.9995 test 0.1063
epoch 73/200 loss 0.0689 train 0.9995 test 0.1053
epoch 74/200 loss 0.0658 train 1.0000 test 0.1076
epoch 75/200 loss 0.0635 train 1.0000 test 0.1058
epoch 76/200 loss 0.0619 train 1.0000 test 0.1045
epoch 77/200 loss 0.0596 train 1.0000 test 0.1090
epoch 78/200 loss 0.0597 train 1.0000 test 0.1073
epoch 79/200 loss 0.0606 train 0.9995 test 0.1061
epoch 80/200 loss 0.0550 train 1.0000 test 0.1056
epoch 81/200 loss 0.0546 train 1.0000 test 0.1064
epoch 82/200 loss 0.0546 train 1.0000 test 0.1085
epoch 83/200 loss 0.0551 train 1.0000 test 0.1072
epoch 84/200 loss 0.0553 train 1.0000 test 0.1073
epoch 85/200 loss 0.0525 train 1.0000 test 0.1076
epoch 86/200 loss 0.0509 train 1.0000 test 0.1083
epoch 87/200 loss 0.0520 train 1.0000 test 0.1065
epoch 88/200 loss 0.0499 train 1.0000 test 0.1091
epoch 89/200 loss 0.0490 train 1.0000 test 0.1078
epoch 90/200 loss 0.0482 train 1.0000 test 0.1054
epoch 91/200 loss 0.0482 train 1.0000 test 0.1065
epoch 92/200 loss 0.0474 train 1.0000 test 0.1064
epoch 93/200 loss 0.0463 train 1.0000 test 0.1080
epoch 94/200 loss 0.0472 train 1.0000 test 0.1088
epoch 95/200 loss 0.0474 train 0.9995 test 0.1075
epoch 96/200 loss 0.0513 train 0.9990 test 0.1061
epoch 97/200 loss 0.0527 train 0.9995 test 0.1062
epoch 98/200 loss 0.0481 train 1.0000 test 0.1075
epoch 99/200 loss 0.0446 train 1.0000 test 0.1073
epoch 100/200 loss 0.0422 train 1.0000 test 0.1076
epoch 101/200 loss 0.0427 train 1.0000 test 0.1077
epoch 102/200 loss 0.0442 train 1.0000 test 0.1092
epoch 103/200 loss 0.0414 train 1.0000 test 0.1107
epoch 104/200 loss 0.0418 train 1.0000 test 0.1098
epoch 105/200 loss 0.0406 train 1.0000 test 0.1106
epoch 106/200 loss 0.0402 train 1.0000 test 0.1092
epoch 107/200 loss 0.0386 train 1.0000 test 0.1095
epoch 108/200 loss 0.0380 train 1.0000 test 0.1106
epoch 109/200 loss 0.0367 train 1.0000 test 0.1101
epoch 110/200 loss 0.0355 train 1.0000 test 0.1096
epoch 111/200 loss 0.0359 train 1.0000 test 0.1096
epoch 112/200 loss 0.0360 train 1.0000 test 0.1091
epoch 113/200 loss 0.0353 train 1.0000 test 0.1101
epoch 114/200 loss 0.0338 train 1.0000 test 0.1084
epoch 115/200 loss 0.0365 train 1.0000 test 0.1090
epoch 116/200 loss 0.0364 train 1.0000 test 0.1101
epoch 117/200 loss 0.0338 train 1.0000 test 0.1117
epoch 118/200 loss 0.0334 train 1.0000 test 0.1098
epoch 119/200 loss 0.0339 train 1.0000 test 0.1107
epoch 120/200 loss 0.0313 train 1.0000 test 0.1110
epoch 121/200 loss 0.0315 train 1.0000 test 0.1101
epoch 122/200 loss 0.0320 train 1.0000 test 0.1082
epoch 123/200 loss 0.0320 train 1.0000 test 0.1069
epoch 124/200 loss 0.0299 train 1.0000 test 0.1088
epoch 125/200 loss 0.0314 train 1.0000 test 0.1109
epoch 126/200 loss 0.0288 train 1.0000 test 0.1099
epoch 127/200 loss 0.0305 train 1.0000 test 0.1089
epoch 128/200 loss 0.0284 train 1.0000 test 0.1102
epoch 129/200 loss 0.0273 train 1.0000 test 0.1093
epoch 130/200 loss 0.0273 train 1.0000 test 0.1086
epoch 131/200 loss 0.0285 train 1.0000 test 0.1111
epoch 132/200 loss 0.0280 train 1.0000 test 0.1099
epoch 133/200 loss 0.0272 train 1.0000 test 0.1119
epoch 134/200 loss 0.0265 train 1.0000 test 0.1116
epoch 135/200 loss 0.0262 train 1.0000 test 0.1100
epoch 136/200 loss 0.0256 train 1.0000 test 0.1105
epoch 137/200 loss 0.0260 train 1.0000 test 0.1109
epoch 138/200 loss 0.0243 train 1.0000 test 0.1100
epoch 139/200 loss 0.0259 train 1.0000 test 0.1104
epoch 140/200 loss 0.0243 train 1.0000 test 0.1103
epoch 141/200 loss 0.0244 train 1.0000 test 0.1091
epoch 142/200 loss 0.0245 train 1.0000 test 0.1100
epoch 143/200 loss 0.0241 train 1.0000 test 0.1116
epoch 144/200 loss 0.0228 train 1.0000 test 0.1108
epoch 145/200 loss 0.0232 train 1.0000 test 0.1109
epoch 146/200 loss 0.0223 train 1.0000 test 0.1102
epoch 147/200 loss 0.0234 train 1.0000 test 0.1117
epoch 148/200 loss 0.0228 train 1.0000 test 0.1113
epoch 149/200 loss 0.0226 train 1.0000 test 0.1108
epoch 150/200 loss 0.0218 train 1.0000 test 0.1101
epoch 151/200 loss 0.0218 train 1.0000 test 0.1104
epoch 152/200 loss 0.0212 train 1.0000 test 0.1106
epoch 153/200 loss 0.0201 train 1.0000 test 0.1117
epoch 154/200 loss 0.0223 train 1.0000 test 0.1104
epoch 155/200 loss 0.0203 train 1.0000 test 0.1106
epoch 156/200 loss 0.0197 train 1.0000 test 0.1106
epoch 157/200 loss 0.0188 train 1.0000 test 0.1115
epoch 158/200 loss 0.0193 train 1.0000 test 0.1100
epoch 159/200 loss 0.0202 train 1.0000 test 0.1112
epoch 160/200 loss 0.0181 train 1.0000 test 0.1111
epoch 161/200 loss 0.0195 train 1.0000 test 0.1115
epoch 162/200 loss 0.0186 train 1.0000 test 0.1121
epoch 163/200 loss 0.0182 train 1.0000 test 0.1119
epoch 164/200 loss 0.0174 train 1.0000 test 0.1101
epoch 165/200 loss 0.0179 train 1.0000 test 0.1111
epoch 166/200 loss 0.0176 train 1.0000 test 0.1115
epoch 167/200 loss 0.0170 train 1.0000 test 0.1111
epoch 168/200 loss 0.0180 train 1.0000 test 0.1106
epoch 169/200 loss 0.0174 train 1.0000 test 0.1103
epoch 170/200 loss 0.0174 train 1.0000 test 0.1112
epoch 171/200 loss 0.0173 train 1.0000 test 0.1109
epoch 172/200 loss 0.0178 train 1.0000 test 0.1106
epoch 173/200 loss 0.0162 train 1.0000 test 0.1112
epoch 174/200 loss 0.0160 train 1.0000 test 0.1119
epoch 175/200 loss 0.0155 train 1.0000 test 0.1117
epoch 176/200 loss 0.0165 train 1.0000 test 0.1114
epoch 177/200 loss 0.0166 train 1.0000 test 0.1118
epoch 178/200 loss 0.0172 train 1.0000 test 0.1117
epoch 179/200 loss 0.0158 train 1.0000 test 0.1109
epoch 180/200 loss 0.0154 train 1.0000 test 0.1117
epoch 181/200 loss 0.0160 train 1.0000 test 0.1115
epoch 182/200 loss 0.0152 train 1.0000 test 0.1120
epoch 183/200 loss 0.0150 train 1.0000 test 0.1125
epoch 184/200 loss 0.0153 train 1.0000 test 0.1119
epoch 185/200 loss 0.0152 train 1.0000 test 0.1120
epoch 186/200 loss 0.0150 train 1.0000 test 0.1122
epoch 187/200 loss 0.0142 train 1.0000 test 0.1120
epoch 188/200 loss 0.0145 train 1.0000 test 0.1119
epoch 189/200 loss 0.0146 train 1.0000 test 0.1117
epoch 190/200 loss 0.0149 train 1.0000 test 0.1123
epoch 191/200 loss 0.0143 train 1.0000 test 0.1117
epoch 192/200 loss 0.0146 train 1.0000 test 0.1112
epoch 193/200 loss 0.0144 train 1.0000 test 0.1119
epoch 194/200 loss 0.0143 train 1.0000 test 0.1119
epoch 195/200 loss 0.0146 train 1.0000 test 0.1106
epoch 196/200 loss 0.0155 train 1.0000 test 0.1119
epoch 197/200 loss 0.0142 train 1.0000 test 0.1117
epoch 198/200 loss 0.0146 train 1.0000 test 0.1119
epoch 199/200 loss 0.0145 train 1.0000 test 0.1113
epoch 200/200 loss 0.0131 train 1.0000 test 0.1114
done: final 0.1114 best 0.1125 -> ./runs/tin_aux_2pct/seed2
FRONTIER2_DONE tin_aux_2pct_seed2
FRONTIER2_CELL_DONE tin_aux_2pct
FRONTIER2_PROBE_START tin_none_2pct
tin_none_2pct seed0: probe train 32.49  test 23.46
       5 shots/class (n= 1000): test 9.39
      10 shots/class (n= 2000): test 9.73
      25 shots/class (n= 5000): test 11.54
      50 shots/class (n=10000): test 14.04
     100 shots/class (n=20000): test 17.32
     250 shots/class (n=50000): test 21.36
tin_none_2pct seed1: probe train 32.35  test 23.40
       5 shots/class (n= 1000): test 8.99
      10 shots/class (n= 2000): test 9.36
      25 shots/class (n= 5000): test 11.14
      50 shots/class (n=10000): test 14.02
     100 shots/class (n=20000): test 17.34
     250 shots/class (n=50000): test 21.59
tin_none_2pct seed2: probe train 32.33  test 22.82
       5 shots/class (n= 1000): test 8.86
      10 shots/class (n= 2000): test 9.39
      25 shots/class (n= 5000): test 11.10
      50 shots/class (n=10000): test 13.74
     100 shots/class (n=20000): test 16.79
     250 shots/class (n=50000): test 20.72
PROBE_RESULT tin_none_2pct test 23.23+/-0.35 over 3 seeds -> runs/tin_none_2pct/linear_probe.json
FRONTIER2_PROBE_DONE tin_none_2pct
FRONTIER2_PROBE_START tin_aux_2pct
tin_aux_2pct seed0: probe train 36.40  test 26.91
       5 shots/class (n= 1000): test 11.02
      10 shots/class (n= 2000): test 11.84
      25 shots/class (n= 5000): test 13.55
      50 shots/class (n=10000): test 16.56
     100 shots/class (n=20000): test 20.15
     250 shots/class (n=50000): test 25.02
tin_aux_2pct seed1: probe train 35.73  test 26.70
       5 shots/class (n= 1000): test 10.82
      10 shots/class (n= 2000): test 11.18
      25 shots/class (n= 5000): test 13.63
      50 shots/class (n=10000): test 16.56
     100 shots/class (n=20000): test 19.80
     250 shots/class (n=50000): test 24.39
tin_aux_2pct seed2: probe train 35.75  test 26.47
       5 shots/class (n= 1000): test 10.67
      10 shots/class (n= 2000): test 11.08
      25 shots/class (n= 5000): test 14.05
      50 shots/class (n=10000): test 16.62
     100 shots/class (n=20000): test 19.91
     250 shots/class (n=50000): test 24.27
PROBE_RESULT tin_aux_2pct test 26.69+/-0.22 over 3 seeds -> runs/tin_aux_2pct/linear_probe.json
FRONTIER2_PROBE_DONE tin_aux_2pct
FRONTIER2_START tin20b_none_seed0
[tin20b_none seed0] {"params_trainable": 11179092, "params_stem_trainable": 0, "params_stem_fixed_filters": 0, "flops_total": 2226628608, "flops_stem": 0, "flops_image_size": 64}
epoch 1/200 loss 3.0048 train 0.0714 test 0.1190
epoch 2/200 loss 2.8419 train 0.1306 test 0.1360
epoch 3/200 loss 2.7476 train 0.1641 test 0.1290
epoch 4/200 loss 2.7006 train 0.1652 test 0.1930
epoch 5/200 loss 2.5824 train 0.2054 test 0.1960
epoch 6/200 loss 2.4925 train 0.2355 test 0.2140
epoch 7/200 loss 2.5069 train 0.2232 test 0.1990
epoch 8/200 loss 2.4640 train 0.2221 test 0.2100
epoch 9/200 loss 2.4691 train 0.2266 test 0.1930
epoch 10/200 loss 2.3895 train 0.2500 test 0.2260
epoch 11/200 loss 2.3337 train 0.2634 test 0.2200
epoch 12/200 loss 2.2849 train 0.2812 test 0.2390
epoch 13/200 loss 2.2708 train 0.2824 test 0.2200
epoch 14/200 loss 2.2995 train 0.2924 test 0.2450
epoch 15/200 loss 2.2233 train 0.3158 test 0.2740
epoch 16/200 loss 2.1817 train 0.3203 test 0.2660
epoch 17/200 loss 2.1684 train 0.3114 test 0.2350
epoch 18/200 loss 2.1324 train 0.3371 test 0.2720
epoch 19/200 loss 2.0826 train 0.3460 test 0.2890
epoch 20/200 loss 2.0502 train 0.3728 test 0.2900
epoch 21/200 loss 2.0313 train 0.3650 test 0.2920
epoch 22/200 loss 1.9700 train 0.3839 test 0.2760
epoch 23/200 loss 1.9510 train 0.3973 test 0.3110
epoch 24/200 loss 1.8895 train 0.3839 test 0.3300
epoch 25/200 loss 1.8471 train 0.4185 test 0.3050
epoch 26/200 loss 1.8355 train 0.4319 test 0.3010
epoch 27/200 loss 1.8551 train 0.4230 test 0.3090
epoch 28/200 loss 1.8284 train 0.4230 test 0.3120
epoch 29/200 loss 1.7872 train 0.4252 test 0.2830
epoch 30/200 loss 1.7132 train 0.4565 test 0.3200
epoch 31/200 loss 1.7235 train 0.4509 test 0.2780
epoch 32/200 loss 1.6775 train 0.4632 test 0.2980
epoch 33/200 loss 1.6755 train 0.4554 test 0.3150
epoch 34/200 loss 1.6400 train 0.4911 test 0.3150
epoch 35/200 loss 1.6288 train 0.4565 test 0.3210
epoch 36/200 loss 1.5708 train 0.4866 test 0.2990
epoch 37/200 loss 1.5690 train 0.5100 test 0.3090
epoch 38/200 loss 1.4718 train 0.5212 test 0.3270
epoch 39/200 loss 1.4713 train 0.5502 test 0.3140
epoch 40/200 loss 1.4635 train 0.5357 test 0.3300
epoch 41/200 loss 1.3949 train 0.5547 test 0.3060
epoch 42/200 loss 1.3668 train 0.5469 test 0.3570
epoch 43/200 loss 1.3249 train 0.5759 test 0.3670
epoch 44/200 loss 1.2658 train 0.5882 test 0.3320
epoch 45/200 loss 1.2267 train 0.6071 test 0.3430
epoch 46/200 loss 1.2014 train 0.6127 test 0.3480
epoch 47/200 loss 1.2190 train 0.5993 test 0.3060
epoch 48/200 loss 1.2021 train 0.6116 test 0.3250
epoch 49/200 loss 1.2141 train 0.6127 test 0.3050
epoch 50/200 loss 1.2122 train 0.6071 test 0.3280
epoch 51/200 loss 1.0873 train 0.6350 test 0.3600
epoch 52/200 loss 1.0075 train 0.6496 test 0.3540
epoch 53/200 loss 0.9966 train 0.6674 test 0.3590
epoch 54/200 loss 0.9662 train 0.6920 test 0.3690
epoch 55/200 loss 0.9722 train 0.6775 test 0.3250
epoch 56/200 loss 0.9132 train 0.7210 test 0.3580
epoch 57/200 loss 0.8742 train 0.7154 test 0.2670
epoch 58/200 loss 0.9085 train 0.6908 test 0.3250
epoch 59/200 loss 0.8731 train 0.7165 test 0.2980
epoch 60/200 loss 0.8377 train 0.7188 test 0.3220
epoch 61/200 loss 0.7696 train 0.7556 test 0.3390
epoch 62/200 loss 0.6672 train 0.8013 test 0.3510
epoch 63/200 loss 0.6507 train 0.8002 test 0.3210
epoch 64/200 loss 0.6131 train 0.8181 test 0.3590
epoch 65/200 loss 0.6185 train 0.8103 test 0.3240
epoch 66/200 loss 0.6330 train 0.7991 test 0.3510
epoch 67/200 loss 0.5381 train 0.8248 test 0.3520
epoch 68/200 loss 0.5546 train 0.8248 test 0.3640
epoch 69/200 loss 0.5199 train 0.8281 test 0.3400
epoch 70/200 loss 0.4851 train 0.8449 test 0.3550
epoch 71/200 loss 0.4239 train 0.8828 test 0.3460
epoch 72/200 loss 0.4562 train 0.8504 test 0.3620
epoch 73/200 loss 0.4604 train 0.8538 test 0.3730
epoch 74/200 loss 0.3954 train 0.8806 test 0.3550
epoch 75/200 loss 0.3642 train 0.8929 test 0.3580
epoch 76/200 loss 0.3290 train 0.8973 test 0.3200
epoch 77/200 loss 0.3028 train 0.9141 test 0.3900
epoch 78/200 loss 0.2935 train 0.9129 test 0.3560
epoch 79/200 loss 0.2638 train 0.9230 test 0.3690
epoch 80/200 loss 0.2351 train 0.9353 test 0.3860
epoch 81/200 loss 0.2311 train 0.9408 test 0.4050
epoch 82/200 loss 0.1901 train 0.9542 test 0.3890
epoch 83/200 loss 0.2049 train 0.9453 test 0.3730
epoch 84/200 loss 0.2235 train 0.9408 test 0.3700
epoch 85/200 loss 0.2476 train 0.9230 test 0.3390
epoch 86/200 loss 0.2379 train 0.9275 test 0.3520
epoch 87/200 loss 0.2423 train 0.9252 test 0.3740
epoch 88/200 loss 0.1773 train 0.9520 test 0.4060
epoch 89/200 loss 0.1310 train 0.9643 test 0.3790
epoch 90/200 loss 0.1121 train 0.9777 test 0.3740
epoch 91/200 loss 0.1120 train 0.9710 test 0.4230
epoch 92/200 loss 0.1077 train 0.9777 test 0.4210
epoch 93/200 loss 0.0984 train 0.9833 test 0.3900
epoch 94/200 loss 0.0863 train 0.9821 test 0.3840
epoch 95/200 loss 0.0891 train 0.9821 test 0.3920
epoch 96/200 loss 0.0792 train 0.9855 test 0.3900
epoch 97/200 loss 0.0789 train 0.9888 test 0.4070
epoch 98/200 loss 0.0462 train 0.9967 test 0.4030
epoch 99/200 loss 0.0438 train 0.9944 test 0.3980
epoch 100/200 loss 0.0385 train 0.9967 test 0.4160
epoch 101/200 loss 0.0349 train 0.9955 test 0.4190
epoch 102/200 loss 0.0258 train 0.9978 test 0.4330
epoch 103/200 loss 0.0201 train 1.0000 test 0.4250
epoch 104/200 loss 0.0199 train 0.9989 test 0.4230
epoch 105/200 loss 0.0146 train 1.0000 test 0.4180
epoch 106/200 loss 0.0161 train 0.9989 test 0.4230
epoch 107/200 loss 0.0155 train 0.9989 test 0.4210
epoch 108/200 loss 0.0110 train 1.0000 test 0.4220
epoch 109/200 loss 0.0124 train 1.0000 test 0.4230
epoch 110/200 loss 0.0107 train 0.9989 test 0.4260
epoch 111/200 loss 0.0098 train 1.0000 test 0.4280
epoch 112/200 loss 0.0091 train 1.0000 test 0.4340
epoch 113/200 loss 0.0088 train 1.0000 test 0.4340
epoch 114/200 loss 0.0076 train 1.0000 test 0.4340
epoch 115/200 loss 0.0072 train 1.0000 test 0.4350
epoch 116/200 loss 0.0090 train 1.0000 test 0.4280
epoch 117/200 loss 0.0074 train 1.0000 test 0.4430
epoch 118/200 loss 0.0090 train 0.9989 test 0.4410
epoch 119/200 loss 0.0073 train 1.0000 test 0.4430
epoch 120/200 loss 0.0085 train 1.0000 test 0.4360
epoch 121/200 loss 0.0071 train 1.0000 test 0.4390
epoch 122/200 loss 0.0060 train 1.0000 test 0.4430
epoch 123/200 loss 0.0058 train 1.0000 test 0.4400
epoch 124/200 loss 0.0071 train 1.0000 test 0.4460
epoch 125/200 loss 0.0067 train 1.0000 test 0.4500
epoch 126/200 loss 0.0060 train 1.0000 test 0.4450
epoch 127/200 loss 0.0059 train 1.0000 test 0.4430
epoch 128/200 loss 0.0063 train 1.0000 test 0.4380
epoch 129/200 loss 0.0065 train 1.0000 test 0.4360
epoch 130/200 loss 0.0058 train 1.0000 test 0.4360
epoch 131/200 loss 0.0060 train 1.0000 test 0.4400
epoch 132/200 loss 0.0058 train 1.0000 test 0.4430
epoch 133/200 loss 0.0048 train 1.0000 test 0.4460
epoch 134/200 loss 0.0056 train 1.0000 test 0.4490
epoch 135/200 loss 0.0064 train 1.0000 test 0.4400
epoch 136/200 loss 0.0053 train 1.0000 test 0.4350
epoch 137/200 loss 0.0054 train 1.0000 test 0.4390
epoch 138/200 loss 0.0041 train 1.0000 test 0.4440
epoch 139/200 loss 0.0053 train 1.0000 test 0.4480
epoch 140/200 loss 0.0052 train 1.0000 test 0.4500
epoch 141/200 loss 0.0049 train 1.0000 test 0.4470
epoch 142/200 loss 0.0056 train 1.0000 test 0.4480
epoch 143/200 loss 0.0050 train 1.0000 test 0.4440
epoch 144/200 loss 0.0048 train 1.0000 test 0.4440
epoch 145/200 loss 0.0049 train 1.0000 test 0.4460
epoch 146/200 loss 0.0050 train 1.0000 test 0.4500
epoch 147/200 loss 0.0049 train 1.0000 test 0.4470
epoch 148/200 loss 0.0052 train 1.0000 test 0.4470
epoch 149/200 loss 0.0040 train 1.0000 test 0.4460
epoch 150/200 loss 0.0045 train 1.0000 test 0.4450
epoch 151/200 loss 0.0048 train 1.0000 test 0.4410
epoch 152/200 loss 0.0049 train 1.0000 test 0.4460
epoch 153/200 loss 0.0053 train 1.0000 test 0.4430
epoch 154/200 loss 0.0063 train 1.0000 test 0.4490
epoch 155/200 loss 0.0044 train 1.0000 test 0.4470
epoch 156/200 loss 0.0045 train 1.0000 test 0.4430
epoch 157/200 loss 0.0053 train 1.0000 test 0.4450
epoch 158/200 loss 0.0071 train 1.0000 test 0.4440
epoch 159/200 loss 0.0049 train 1.0000 test 0.4490
epoch 160/200 loss 0.0048 train 1.0000 test 0.4460
epoch 161/200 loss 0.0055 train 1.0000 test 0.4440
epoch 162/200 loss 0.0041 train 1.0000 test 0.4450
epoch 163/200 loss 0.0044 train 1.0000 test 0.4420
epoch 164/200 loss 0.0049 train 1.0000 test 0.4410
epoch 165/200 loss 0.0043 train 1.0000 test 0.4440
epoch 166/200 loss 0.0050 train 1.0000 test 0.4450
epoch 167/200 loss 0.0046 train 1.0000 test 0.4440
epoch 168/200 loss 0.0052 train 1.0000 test 0.4460
epoch 169/200 loss 0.0051 train 1.0000 test 0.4470
epoch 170/200 loss 0.0052 train 1.0000 test 0.4430
epoch 171/200 loss 0.0045 train 1.0000 test 0.4460
epoch 172/200 loss 0.0044 train 1.0000 test 0.4440
epoch 173/200 loss 0.0044 train 1.0000 test 0.4460
epoch 174/200 loss 0.0047 train 1.0000 test 0.4470
epoch 175/200 loss 0.0049 train 1.0000 test 0.4440
epoch 176/200 loss 0.0047 train 1.0000 test 0.4450
epoch 177/200 loss 0.0046 train 1.0000 test 0.4430
epoch 178/200 loss 0.0047 train 1.0000 test 0.4440
epoch 179/200 loss 0.0046 train 1.0000 test 0.4430
epoch 180/200 loss 0.0049 train 1.0000 test 0.4420
epoch 181/200 loss 0.0041 train 1.0000 test 0.4460
epoch 182/200 loss 0.0041 train 1.0000 test 0.4460
epoch 183/200 loss 0.0040 train 1.0000 test 0.4430
epoch 184/200 loss 0.0045 train 1.0000 test 0.4460
epoch 185/200 loss 0.0055 train 0.9989 test 0.4460
epoch 186/200 loss 0.0046 train 1.0000 test 0.4420
epoch 187/200 loss 0.0043 train 1.0000 test 0.4420
epoch 188/200 loss 0.0048 train 1.0000 test 0.4450
epoch 189/200 loss 0.0044 train 1.0000 test 0.4450
epoch 190/200 loss 0.0050 train 1.0000 test 0.4430
epoch 191/200 loss 0.0052 train 1.0000 test 0.4440
epoch 192/200 loss 0.0053 train 1.0000 test 0.4470
epoch 193/200 loss 0.0048 train 1.0000 test 0.4450
epoch 194/200 loss 0.0046 train 1.0000 test 0.4460
epoch 195/200 loss 0.0040 train 1.0000 test 0.4450
epoch 196/200 loss 0.0047 train 1.0000 test 0.4460
epoch 197/200 loss 0.0049 train 1.0000 test 0.4440
epoch 198/200 loss 0.0041 train 1.0000 test 0.4390
epoch 199/200 loss 0.0047 train 1.0000 test 0.4410
epoch 200/200 loss 0.0042 train 1.0000 test 0.4480
done: final 0.4480 best 0.4500 -> ./runs/tin20b_none/seed0
FRONTIER2_DONE tin20b_none_seed0
FRONTIER2_START tin20b_none_seed1
[tin20b_none seed1] {"params_trainable": 11179092, "params_stem_trainable": 0, "params_stem_fixed_filters": 0, "flops_total": 2226628608, "flops_stem": 0, "flops_image_size": 64}
epoch 1/200 loss 2.9961 train 0.0625 test 0.1120
epoch 2/200 loss 2.8538 train 0.1150 test 0.1240
epoch 3/200 loss 2.7268 train 0.1607 test 0.1330
epoch 4/200 loss 2.6672 train 0.1574 test 0.1770
epoch 5/200 loss 2.6311 train 0.1998 test 0.2200
epoch 6/200 loss 2.5282 train 0.2310 test 0.1920
epoch 7/200 loss 2.5132 train 0.2221 test 0.2080
epoch 8/200 loss 2.4744 train 0.2388 test 0.2170
epoch 9/200 loss 2.4595 train 0.2366 test 0.1990
epoch 10/200 loss 2.4609 train 0.2455 test 0.2310
epoch 11/200 loss 2.3835 train 0.2489 test 0.2540
epoch 12/200 loss 2.3821 train 0.2768 test 0.2440
epoch 13/200 loss 2.3242 train 0.2679 test 0.2350
epoch 14/200 loss 2.2455 train 0.3013 test 0.2110
epoch 15/200 loss 2.2699 train 0.3080 test 0.2760
epoch 16/200 loss 2.2397 train 0.3158 test 0.2200
epoch 17/200 loss 2.1756 train 0.3125 test 0.2620
epoch 18/200 loss 2.1719 train 0.3058 test 0.2490
epoch 19/200 loss 2.1246 train 0.3382 test 0.2080
epoch 20/200 loss 2.0770 train 0.3560 test 0.2700
epoch 21/200 loss 2.0366 train 0.3415 test 0.2990
epoch 22/200 loss 1.9901 train 0.3884 test 0.2890
epoch 23/200 loss 1.9859 train 0.3962 test 0.2840
epoch 24/200 loss 1.9608 train 0.3906 test 0.3140
epoch 25/200 loss 1.9187 train 0.3850 test 0.3100
epoch 26/200 loss 1.9274 train 0.3862 test 0.2740
epoch 27/200 loss 1.8682 train 0.4152 test 0.2740
epoch 28/200 loss 1.8820 train 0.4163 test 0.3000
epoch 29/200 loss 1.7716 train 0.4297 test 0.3180
epoch 30/200 loss 1.7545 train 0.4587 test 0.3170
epoch 31/200 loss 1.7953 train 0.4319 test 0.2890
epoch 32/200 loss 1.7507 train 0.4554 test 0.3230
epoch 33/200 loss 1.7134 train 0.4554 test 0.3210
epoch 34/200 loss 1.6554 train 0.4754 test 0.3230
epoch 35/200 loss 1.6433 train 0.4933 test 0.3340
epoch 36/200 loss 1.5964 train 0.4955 test 0.3300
epoch 37/200 loss 1.6066 train 0.5000 test 0.3460
epoch 38/200 loss 1.5169 train 0.5190 test 0.3250
epoch 39/200 loss 1.5062 train 0.5312 test 0.2940
epoch 40/200 loss 1.5035 train 0.5279 test 0.3630
epoch 41/200 loss 1.4815 train 0.5223 test 0.3420
epoch 42/200 loss 1.4294 train 0.5491 test 0.3500
epoch 43/200 loss 1.3553 train 0.5491 test 0.3450
epoch 44/200 loss 1.2843 train 0.5993 test 0.3250
epoch 45/200 loss 1.2985 train 0.5625 test 0.3200
epoch 46/200 loss 1.2132 train 0.6250 test 0.3380
epoch 47/200 loss 1.1876 train 0.6127 test 0.3490
epoch 48/200 loss 1.1846 train 0.6138 test 0.3200
epoch 49/200 loss 1.1753 train 0.6161 test 0.3030
epoch 50/200 loss 1.1215 train 0.6574 test 0.3290
epoch 51/200 loss 1.0586 train 0.6395 test 0.3420
epoch 52/200 loss 1.0256 train 0.6708 test 0.3530
epoch 53/200 loss 1.0322 train 0.6618 test 0.3580
epoch 54/200 loss 1.0558 train 0.6730 test 0.3220
epoch 55/200 loss 0.9717 train 0.6920 test 0.3370
epoch 56/200 loss 0.9522 train 0.6830 test 0.3320
epoch 57/200 loss 0.9156 train 0.7065 test 0.3350
epoch 58/200 loss 0.8454 train 0.7355 test 0.3620
epoch 59/200 loss 0.8036 train 0.7388 test 0.3460
epoch 60/200 loss 0.7622 train 0.7545 test 0.3040
epoch 61/200 loss 0.7396 train 0.7746 test 0.3710
epoch 62/200 loss 0.7051 train 0.7946 test 0.3960
epoch 63/200 loss 0.6748 train 0.7935 test 0.3430
epoch 64/200 loss 0.6700 train 0.7779 test 0.3570
epoch 65/200 loss 0.6042 train 0.8025 test 0.3700
epoch 66/200 loss 0.5719 train 0.8214 test 0.3870
epoch 67/200 loss 0.4920 train 0.8538 test 0.3530
epoch 68/200 loss 0.4852 train 0.8538 test 0.3770
epoch 69/200 loss 0.4390 train 0.8638 test 0.3420
epoch 70/200 loss 0.4466 train 0.8616 test 0.3870
epoch 71/200 loss 0.4777 train 0.8538 test 0.3860
epoch 72/200 loss 0.4266 train 0.8750 test 0.3510
epoch 73/200 loss 0.3737 train 0.8873 test 0.3670
epoch 74/200 loss 0.3297 train 0.9118 test 0.3520
epoch 75/200 loss 0.3081 train 0.9185 test 0.3810
epoch 76/200 loss 0.3089 train 0.9074 test 0.3310
epoch 77/200 loss 0.2849 train 0.9118 test 0.3970
epoch 78/200 loss 0.2512 train 0.9297 test 0.4070
epoch 79/200 loss 0.2453 train 0.9386 test 0.3860
epoch 80/200 loss 0.2159 train 0.9408 test 0.3970
epoch 81/200 loss 0.2002 train 0.9475 test 0.3980
epoch 82/200 loss 0.1690 train 0.9632 test 0.3870
epoch 83/200 loss 0.1946 train 0.9408 test 0.3840
epoch 84/200 loss 0.2340 train 0.9286 test 0.3670
epoch 85/200 loss 0.2228 train 0.9397 test 0.3400
epoch 86/200 loss 0.2377 train 0.9353 test 0.3530
epoch 87/200 loss 0.2427 train 0.9319 test 0.3960
epoch 88/200 loss 0.1843 train 0.9531 test 0.3590
epoch 89/200 loss 0.1520 train 0.9665 test 0.3900
epoch 90/200 loss 0.1381 train 0.9665 test 0.3810
epoch 91/200 loss 0.1222 train 0.9743 test 0.4040
epoch 92/200 loss 0.0874 train 0.9855 test 0.3780
epoch 93/200 loss 0.0723 train 0.9833 test 0.4160
epoch 94/200 loss 0.0630 train 0.9922 test 0.3810
epoch 95/200 loss 0.0572 train 0.9900 test 0.4010
epoch 96/200 loss 0.0487 train 0.9933 test 0.4000
epoch 97/200 loss 0.0413 train 0.9978 test 0.4030
epoch 98/200 loss 0.0348 train 0.9933 test 0.4260
epoch 99/200 loss 0.0302 train 0.9967 test 0.4160
epoch 100/200 loss 0.0323 train 0.9967 test 0.3990
epoch 101/200 loss 0.0218 train 1.0000 test 0.4170
epoch 102/200 loss 0.0203 train 0.9989 test 0.4330
epoch 103/200 loss 0.0154 train 1.0000 test 0.4400
epoch 104/200 loss 0.0129 train 1.0000 test 0.4460
epoch 105/200 loss 0.0123 train 0.9978 test 0.4320
epoch 106/200 loss 0.0143 train 0.9989 test 0.4250
epoch 107/200 loss 0.0131 train 0.9989 test 0.4240
epoch 108/200 loss 0.0107 train 1.0000 test 0.4310
epoch 109/200 loss 0.0113 train 0.9989 test 0.4340
epoch 110/200 loss 0.0092 train 1.0000 test 0.4400
epoch 111/200 loss 0.0089 train 1.0000 test 0.4460
epoch 112/200 loss 0.0096 train 1.0000 test 0.4320
epoch 113/200 loss 0.0100 train 1.0000 test 0.4300
epoch 114/200 loss 0.0084 train 1.0000 test 0.4360
epoch 115/200 loss 0.0073 train 1.0000 test 0.4440
epoch 116/200 loss 0.0080 train 1.0000 test 0.4440
epoch 117/200 loss 0.0115 train 0.9989 test 0.4340
epoch 118/200 loss 0.0073 train 1.0000 test 0.4300
epoch 119/200 loss 0.0067 train 1.0000 test 0.4380
epoch 120/200 loss 0.0068 train 1.0000 test 0.4420
epoch 121/200 loss 0.0057 train 1.0000 test 0.4420
epoch 122/200 loss 0.0067 train 1.0000 test 0.4410
epoch 123/200 loss 0.0069 train 1.0000 test 0.4360
epoch 124/200 loss 0.0071 train 1.0000 test 0.4290
epoch 125/200 loss 0.0073 train 1.0000 test 0.4340
epoch 126/200 loss 0.0063 train 1.0000 test 0.4310
epoch 127/200 loss 0.0063 train 1.0000 test 0.4360
epoch 128/200 loss 0.0054 train 1.0000 test 0.4420
epoch 129/200 loss 0.0063 train 1.0000 test 0.4430
epoch 130/200 loss 0.0043 train 1.0000 test 0.4400
epoch 131/200 loss 0.0052 train 1.0000 test 0.4340
epoch 132/200 loss 0.0060 train 1.0000 test 0.4360
epoch 133/200 loss 0.0054 train 1.0000 test 0.4350
epoch 134/200 loss 0.0067 train 1.0000 test 0.4360
epoch 135/200 loss 0.0057 train 1.0000 test 0.4360
epoch 136/200 loss 0.0054 train 1.0000 test 0.4360
epoch 137/200 loss 0.0059 train 1.0000 test 0.4340
epoch 138/200 loss 0.0056 train 1.0000 test 0.4370
epoch 139/200 loss 0.0053 train 1.0000 test 0.4400
epoch 140/200 loss 0.0051 train 1.0000 test 0.4320
epoch 141/200 loss 0.0048 train 1.0000 test 0.4350
epoch 142/200 loss 0.0044 train 1.0000 test 0.4400
epoch 143/200 loss 0.0052 train 1.0000 test 0.4400
epoch 144/200 loss 0.0043 train 1.0000 test 0.4430
epoch 145/200 loss 0.0046 train 1.0000 test 0.4380
epoch 146/200 loss 0.0042 train 1.0000 test 0.4420
epoch 147/200 loss 0.0054 train 1.0000 test 0.4440
epoch 148/200 loss 0.0042 train 1.0000 test 0.4410
epoch 149/200 loss 0.0044 train 1.0000 test 0.4380
epoch 150/200 loss 0.0048 train 1.0000 test 0.4370
epoch 151/200 loss 0.0046 train 1.0000 test 0.4380
epoch 152/200 loss 0.0051 train 1.0000 test 0.4370
epoch 153/200 loss 0.0047 train 1.0000 test 0.4360
epoch 154/200 loss 0.0045 train 1.0000 test 0.4360
epoch 155/200 loss 0.0046 train 1.0000 test 0.4350
epoch 156/200 loss 0.0045 train 1.0000 test 0.4350
epoch 157/200 loss 0.0051 train 1.0000 test 0.4370
epoch 158/200 loss 0.0045 train 1.0000 test 0.4360
epoch 159/200 loss 0.0050 train 1.0000 test 0.4330
epoch 160/200 loss 0.0060 train 1.0000 test 0.4340
epoch 161/200 loss 0.0044 train 1.0000 test 0.4380
epoch 162/200 loss 0.0043 train 1.0000 test 0.4390
epoch 163/200 loss 0.0049 train 1.0000 test 0.4390
epoch 164/200 loss 0.0042 train 1.0000 test 0.4360
epoch 165/200 loss 0.0045 train 1.0000 test 0.4350
epoch 166/200 loss 0.0042 train 1.0000 test 0.4360
epoch 167/200 loss 0.0055 train 1.0000 test 0.4350
epoch 168/200 loss 0.0047 train 1.0000 test 0.4340
epoch 169/200 loss 0.0049 train 1.0000 test 0.4330
epoch 170/200 loss 0.0044 train 1.0000 test 0.4340
epoch 171/200 loss 0.0050 train 1.0000 test 0.4380
epoch 172/200 loss 0.0043 train 1.0000 test 0.4380
epoch 173/200 loss 0.0046 train 1.0000 test 0.4390
epoch 174/200 loss 0.0041 train 1.0000 test 0.4390
epoch 175/200 loss 0.0040 train 1.0000 test 0.4340
epoch 176/200 loss 0.0047 train 1.0000 test 0.4350
epoch 177/200 loss 0.0050 train 1.0000 test 0.4370
epoch 178/200 loss 0.0050 train 1.0000 test 0.4390
epoch 179/200 loss 0.0045 train 1.0000 test 0.4390
epoch 180/200 loss 0.0040 train 1.0000 test 0.4370
epoch 181/200 loss 0.0048 train 1.0000 test 0.4350
epoch 182/200 loss 0.0050 train 1.0000 test 0.4370
epoch 183/200 loss 0.0050 train 1.0000 test 0.4390
epoch 184/200 loss 0.0041 train 1.0000 test 0.4370
epoch 185/200 loss 0.0050 train 1.0000 test 0.4380
epoch 186/200 loss 0.0048 train 1.0000 test 0.4400
epoch 187/200 loss 0.0044 train 1.0000 test 0.4400
epoch 188/200 loss 0.0045 train 1.0000 test 0.4390
epoch 189/200 loss 0.0047 train 1.0000 test 0.4390
epoch 190/200 loss 0.0052 train 1.0000 test 0.4390
epoch 191/200 loss 0.0046 train 1.0000 test 0.4400
epoch 192/200 loss 0.0042 train 1.0000 test 0.4380
epoch 193/200 loss 0.0044 train 1.0000 test 0.4380
epoch 194/200 loss 0.0041 train 1.0000 test 0.4380
epoch 195/200 loss 0.0052 train 1.0000 test 0.4360
epoch 196/200 loss 0.0050 train 1.0000 test 0.4350
epoch 197/200 loss 0.0048 train 1.0000 test 0.4350
epoch 198/200 loss 0.0047 train 1.0000 test 0.4340
epoch 199/200 loss 0.0045 train 1.0000 test 0.4350
epoch 200/200 loss 0.0042 train 1.0000 test 0.4340
done: final 0.4340 best 0.4460 -> ./runs/tin20b_none/seed1
FRONTIER2_DONE tin20b_none_seed1
FRONTIER2_START tin20b_none_seed2
[tin20b_none seed2] {"params_trainable": 11179092, "params_stem_trainable": 0, "params_stem_fixed_filters": 0, "flops_total": 2226628608, "flops_stem": 0, "flops_image_size": 64}
epoch 1/200 loss 2.9850 train 0.0770 test 0.1400
epoch 2/200 loss 2.8299 train 0.1384 test 0.1350
epoch 3/200 loss 2.6991 train 0.1674 test 0.1600
epoch 4/200 loss 2.6458 train 0.1708 test 0.1620
epoch 5/200 loss 2.5917 train 0.2031 test 0.1610
epoch 6/200 loss 2.5625 train 0.2020 test 0.2180
epoch 7/200 loss 2.4686 train 0.2288 test 0.2160
epoch 8/200 loss 2.4826 train 0.2355 test 0.2260
epoch 9/200 loss 2.3693 train 0.2824 test 0.2070
epoch 10/200 loss 2.3499 train 0.2600 test 0.2000
epoch 11/200 loss 2.2803 train 0.3181 test 0.2480
epoch 12/200 loss 2.2320 train 0.2946 test 0.1930
epoch 13/200 loss 2.2339 train 0.2835 test 0.2270
epoch 14/200 loss 2.2197 train 0.3013 test 0.2810
epoch 15/200 loss 2.1442 train 0.3438 test 0.2740
epoch 16/200 loss 2.1772 train 0.3047 test 0.2450
epoch 17/200 loss 2.1293 train 0.3538 test 0.2660
epoch 18/200 loss 2.0843 train 0.3482 test 0.3040
epoch 19/200 loss 2.0101 train 0.3839 test 0.3030
epoch 20/200 loss 1.9907 train 0.3750 test 0.2860
epoch 21/200 loss 1.9860 train 0.3806 test 0.2930
epoch 22/200 loss 1.9425 train 0.3862 test 0.2940
epoch 23/200 loss 1.9374 train 0.3650 test 0.3350
epoch 24/200 loss 1.8769 train 0.3772 test 0.2480
epoch 25/200 loss 1.8833 train 0.3873 test 0.3050
epoch 26/200 loss 1.8629 train 0.4152 test 0.2810
epoch 27/200 loss 1.8264 train 0.4174 test 0.3190
epoch 28/200 loss 1.7577 train 0.4386 test 0.3080
epoch 29/200 loss 1.7546 train 0.4520 test 0.2980
epoch 30/200 loss 1.7669 train 0.4386 test 0.2980
epoch 31/200 loss 1.7206 train 0.4598 test 0.2970
epoch 32/200 loss 1.6814 train 0.4766 test 0.3170
epoch 33/200 loss 1.6452 train 0.4788 test 0.3170
epoch 34/200 loss 1.6034 train 0.4944 test 0.3370
epoch 35/200 loss 1.6025 train 0.4754 test 0.3140
epoch 36/200 loss 1.5741 train 0.4967 test 0.3210
epoch 37/200 loss 1.4900 train 0.5301 test 0.3270
epoch 38/200 loss 1.5406 train 0.4866 test 0.3160
epoch 39/200 loss 1.4783 train 0.5312 test 0.3210
epoch 40/200 loss 1.5710 train 0.5000 test 0.3150
epoch 41/200 loss 1.3947 train 0.5625 test 0.3410
epoch 42/200 loss 1.3534 train 0.5435 test 0.3390
epoch 43/200 loss 1.3069 train 0.5770 test 0.3140
epoch 44/200 loss 1.3144 train 0.5837 test 0.3350
epoch 45/200 loss 1.2210 train 0.6127 test 0.3390
epoch 46/200 loss 1.1678 train 0.6317 test 0.3800
epoch 47/200 loss 1.1721 train 0.6261 test 0.3560
epoch 48/200 loss 1.1669 train 0.6228 test 0.2990
epoch 49/200 loss 1.1379 train 0.6250 test 0.3640
epoch 50/200 loss 1.0502 train 0.6763 test 0.3580
epoch 51/200 loss 1.0665 train 0.6663 test 0.3640
epoch 52/200 loss 1.0392 train 0.6562 test 0.3590
epoch 53/200 loss 1.0296 train 0.6719 test 0.3170
epoch 54/200 loss 0.9965 train 0.6975 test 0.3590
epoch 55/200 loss 0.9930 train 0.6763 test 0.3430
epoch 56/200 loss 0.9355 train 0.6998 test 0.3570
epoch 57/200 loss 0.9261 train 0.7009 test 0.3580
epoch 58/200 loss 0.8714 train 0.7165 test 0.3590
epoch 59/200 loss 0.8039 train 0.7511 test 0.3570
epoch 60/200 loss 0.7060 train 0.7645 test 0.3430
epoch 61/200 loss 0.6844 train 0.7958 test 0.3630
epoch 62/200 loss 0.6075 train 0.8080 test 0.3490
epoch 63/200 loss 0.6090 train 0.7991 test 0.3320
epoch 64/200 loss 0.5917 train 0.8080 test 0.3440
epoch 65/200 loss 0.5855 train 0.8158 test 0.3430
epoch 66/200 loss 0.5783 train 0.8170 test 0.3680
epoch 67/200 loss 0.5158 train 0.8326 test 0.3500
epoch 68/200 loss 0.5359 train 0.8181 test 0.3550
epoch 69/200 loss 0.4956 train 0.8471 test 0.3770
epoch 70/200 loss 0.4767 train 0.8482 test 0.3300
epoch 71/200 loss 0.4273 train 0.8605 test 0.3650
epoch 72/200 loss 0.3801 train 0.8817 test 0.3670
epoch 73/200 loss 0.4669 train 0.8672 test 0.3430
epoch 74/200 loss 0.4557 train 0.8594 test 0.3440
epoch 75/200 loss 0.3945 train 0.8694 test 0.3270
epoch 76/200 loss 0.4011 train 0.8817 test 0.3840
epoch 77/200 loss 0.3220 train 0.9018 test 0.3600
epoch 78/200 loss 0.2969 train 0.9074 test 0.3820
epoch 79/200 loss 0.2818 train 0.9174 test 0.3620
epoch 80/200 loss 0.2427 train 0.9319 test 0.3850
epoch 81/200 loss 0.2728 train 0.9129 test 0.3900
epoch 82/200 loss 0.2674 train 0.9196 test 0.3580
epoch 83/200 loss 0.2159 train 0.9353 test 0.3960
epoch 84/200 loss 0.1918 train 0.9598 test 0.3700
epoch 85/200 loss 0.1736 train 0.9531 test 0.3890
epoch 86/200 loss 0.1462 train 0.9688 test 0.4000
epoch 87/200 loss 0.1136 train 0.9721 test 0.4010
epoch 88/200 loss 0.1164 train 0.9766 test 0.4000
epoch 89/200 loss 0.0869 train 0.9888 test 0.4090
epoch 90/200 loss 0.0908 train 0.9866 test 0.3910
epoch 91/200 loss 0.0784 train 0.9844 test 0.4020
epoch 92/200 loss 0.0661 train 0.9922 test 0.3990
epoch 93/200 loss 0.0550 train 0.9978 test 0.4110
epoch 94/200 loss 0.0389 train 0.9944 test 0.4090
epoch 95/200 loss 0.0535 train 0.9911 test 0.4060
epoch 96/200 loss 0.0477 train 0.9911 test 0.4160
epoch 97/200 loss 0.0592 train 0.9866 test 0.4040
epoch 98/200 loss 0.0624 train 0.9877 test 0.4100
epoch 99/200 loss 0.0719 train 0.9799 test 0.4180
epoch 100/200 loss 0.0624 train 0.9855 test 0.4000
epoch 101/200 loss 0.0517 train 0.9922 test 0.4330
epoch 102/200 loss 0.0445 train 0.9933 test 0.4110
epoch 103/200 loss 0.0345 train 0.9955 test 0.4060
epoch 104/200 loss 0.0287 train 0.9967 test 0.4250
epoch 105/200 loss 0.0234 train 0.9978 test 0.4070
epoch 106/200 loss 0.0203 train 0.9989 test 0.4110
epoch 107/200 loss 0.0165 train 0.9989 test 0.4170
epoch 108/200 loss 0.0129 train 1.0000 test 0.4290
epoch 109/200 loss 0.0133 train 0.9989 test 0.4310
epoch 110/200 loss 0.0232 train 0.9989 test 0.4330
epoch 111/200 loss 0.0240 train 0.9955 test 0.4380
epoch 112/200 loss 0.0211 train 0.9978 test 0.4290
epoch 113/200 loss 0.0332 train 0.9967 test 0.4290
epoch 114/200 loss 0.0221 train 0.9967 test 0.4390
epoch 115/200 loss 0.0185 train 1.0000 test 0.4420
epoch 116/200 loss 0.0108 train 1.0000 test 0.4370
epoch 117/200 loss 0.0126 train 1.0000 test 0.4340
epoch 118/200 loss 0.0087 train 1.0000 test 0.4370
epoch 119/200 loss 0.0112 train 1.0000 test 0.4400
epoch 120/200 loss 0.0079 train 1.0000 test 0.4410
epoch 121/200 loss 0.0069 train 1.0000 test 0.4380
epoch 122/200 loss 0.0072 train 1.0000 test 0.4430
epoch 123/200 loss 0.0058 train 1.0000 test 0.4430
epoch 124/200 loss 0.0062 train 1.0000 test 0.4390
epoch 125/200 loss 0.0072 train 1.0000 test 0.4440
epoch 126/200 loss 0.0059 train 1.0000 test 0.4430
epoch 127/200 loss 0.0059 train 1.0000 test 0.4360
epoch 128/200 loss 0.0066 train 1.0000 test 0.4350
epoch 129/200 loss 0.0057 train 1.0000 test 0.4390
epoch 130/200 loss 0.0060 train 1.0000 test 0.4300
epoch 131/200 loss 0.0057 train 1.0000 test 0.4330
epoch 132/200 loss 0.0058 train 1.0000 test 0.4310
epoch 133/200 loss 0.0049 train 1.0000 test 0.4360
epoch 134/200 loss 0.0049 train 1.0000 test 0.4350
epoch 135/200 loss 0.0053 train 1.0000 test 0.4350
epoch 136/200 loss 0.0044 train 1.0000 test 0.4310
epoch 137/200 loss 0.0054 train 1.0000 test 0.4350
epoch 138/200 loss 0.0048 train 1.0000 test 0.4320
epoch 139/200 loss 0.0049 train 1.0000 test 0.4330
epoch 140/200 loss 0.0054 train 1.0000 test 0.4340
epoch 141/200 loss 0.0056 train 1.0000 test 0.4340
epoch 142/200 loss 0.0045 train 1.0000 test 0.4360
epoch 143/200 loss 0.0053 train 1.0000 test 0.4340
epoch 144/200 loss 0.0053 train 1.0000 test 0.4330
epoch 145/200 loss 0.0048 train 1.0000 test 0.4350
epoch 146/200 loss 0.0053 train 1.0000 test 0.4350
epoch 147/200 loss 0.0042 train 1.0000 test 0.4350
epoch 148/200 loss 0.0046 train 1.0000 test 0.4310
epoch 149/200 loss 0.0041 train 1.0000 test 0.4280
epoch 150/200 loss 0.0040 train 1.0000 test 0.4300
epoch 151/200 loss 0.0042 train 1.0000 test 0.4270
epoch 152/200 loss 0.0053 train 1.0000 test 0.4310
epoch 153/200 loss 0.0039 train 1.0000 test 0.4280
epoch 154/200 loss 0.0040 train 1.0000 test 0.4310
epoch 155/200 loss 0.0058 train 1.0000 test 0.4290
epoch 156/200 loss 0.0059 train 1.0000 test 0.4310
epoch 157/200 loss 0.0042 train 1.0000 test 0.4320
epoch 158/200 loss 0.0054 train 1.0000 test 0.4300
epoch 159/200 loss 0.0046 train 1.0000 test 0.4340
epoch 160/200 loss 0.0045 train 1.0000 test 0.4310
epoch 161/200 loss 0.0044 train 1.0000 test 0.4350
epoch 162/200 loss 0.0048 train 1.0000 test 0.4300
epoch 163/200 loss 0.0041 train 1.0000 test 0.4320
epoch 164/200 loss 0.0039 train 1.0000 test 0.4320
epoch 165/200 loss 0.0048 train 1.0000 test 0.4320
epoch 166/200 loss 0.0053 train 1.0000 test 0.4290
epoch 167/200 loss 0.0044 train 1.0000 test 0.4310
epoch 168/200 loss 0.0041 train 1.0000 test 0.4360
epoch 169/200 loss 0.0056 train 1.0000 test 0.4300
epoch 170/200 loss 0.0048 train 1.0000 test 0.4290
epoch 171/200 loss 0.0043 train 1.0000 test 0.4310
epoch 172/200 loss 0.0038 train 1.0000 test 0.4310
epoch 173/200 loss 0.0044 train 1.0000 test 0.4350
epoch 174/200 loss 0.0045 train 1.0000 test 0.4330
epoch 175/200 loss 0.0043 train 1.0000 test 0.4340
epoch 176/200 loss 0.0036 train 1.0000 test 0.4330
epoch 177/200 loss 0.0042 train 1.0000 test 0.4340
epoch 178/200 loss 0.0046 train 1.0000 test 0.4290
epoch 179/200 loss 0.0048 train 1.0000 test 0.4340
epoch 180/200 loss 0.0036 train 1.0000 test 0.4300
epoch 181/200 loss 0.0043 train 1.0000 test 0.4350
epoch 182/200 loss 0.0043 train 1.0000 test 0.4340
epoch 183/200 loss 0.0040 train 1.0000 test 0.4330
epoch 184/200 loss 0.0044 train 1.0000 test 0.4360
epoch 185/200 loss 0.0043 train 1.0000 test 0.4320
epoch 186/200 loss 0.0042 train 1.0000 test 0.4290
epoch 187/200 loss 0.0044 train 1.0000 test 0.4330
epoch 188/200 loss 0.0040 train 1.0000 test 0.4300
epoch 189/200 loss 0.0045 train 1.0000 test 0.4330
epoch 190/200 loss 0.0059 train 1.0000 test 0.4330
epoch 191/200 loss 0.0042 train 1.0000 test 0.4350
epoch 192/200 loss 0.0038 train 1.0000 test 0.4370
epoch 193/200 loss 0.0043 train 1.0000 test 0.4350
epoch 194/200 loss 0.0044 train 1.0000 test 0.4330
epoch 195/200 loss 0.0038 train 1.0000 test 0.4310
epoch 196/200 loss 0.0039 train 1.0000 test 0.4320
epoch 197/200 loss 0.0053 train 1.0000 test 0.4310
epoch 198/200 loss 0.0040 train 1.0000 test 0.4300
epoch 199/200 loss 0.0040 train 1.0000 test 0.4350
epoch 200/200 loss 0.0040 train 1.0000 test 0.4330
done: final 0.4330 best 0.4440 -> ./runs/tin20b_none/seed2
FRONTIER2_DONE tin20b_none_seed2
FRONTIER2_CELL_DONE tin20b_none
FRONTIER2_START tin20b_aux_seed0
moment-aux target calibrated on 1024 images
[tin20b_aux seed0] {"params_trainable": 11181148, "params_stem_trainable": 0, "params_stem_fixed_filters": 0, "flops_total": 2226628608, "flops_stem": 0, "flops_image_size": 64}
epoch 1/200 loss 4.8699 train 0.0603 test 0.0970
epoch 2/200 loss 3.9885 train 0.1105 test 0.0810
epoch 3/200 loss 3.6063 train 0.1406 test 0.1070
epoch 4/200 loss 3.3587 train 0.1540 test 0.1860
epoch 5/200 loss 3.0487 train 0.1920 test 0.1930
epoch 6/200 loss 2.8360 train 0.2321 test 0.2360
epoch 7/200 loss 2.7803 train 0.2489 test 0.2390
epoch 8/200 loss 2.6714 train 0.2612 test 0.2410
epoch 9/200 loss 2.6215 train 0.2567 test 0.2380
epoch 10/200 loss 2.5207 train 0.2969 test 0.2620
epoch 11/200 loss 2.4604 train 0.3136 test 0.2440
epoch 12/200 loss 2.4232 train 0.3147 test 0.2640
epoch 13/200 loss 2.3730 train 0.3304 test 0.2260
epoch 14/200 loss 2.4003 train 0.3170 test 0.2640
epoch 15/200 loss 2.3321 train 0.3516 test 0.3120
epoch 16/200 loss 2.2401 train 0.3571 test 0.2760
epoch 17/200 loss 2.2047 train 0.3728 test 0.3130
epoch 18/200 loss 2.1848 train 0.3728 test 0.2920
epoch 19/200 loss 2.1077 train 0.3884 test 0.2850
epoch 20/200 loss 2.0815 train 0.3884 test 0.2760
epoch 21/200 loss 2.0338 train 0.4029 test 0.2670
epoch 22/200 loss 2.0065 train 0.4286 test 0.3300
epoch 23/200 loss 1.9418 train 0.4408 test 0.3340
epoch 24/200 loss 1.8798 train 0.4475 test 0.3400
epoch 25/200 loss 1.8373 train 0.4643 test 0.3300
epoch 26/200 loss 1.8560 train 0.4297 test 0.3330
epoch 27/200 loss 1.8461 train 0.4531 test 0.3160
epoch 28/200 loss 1.8087 train 0.4688 test 0.3320
epoch 29/200 loss 1.7486 train 0.4766 test 0.3230
epoch 30/200 loss 1.6467 train 0.5179 test 0.3310
epoch 31/200 loss 1.5950 train 0.5257 test 0.3410
epoch 32/200 loss 1.5834 train 0.5346 test 0.3610
epoch 33/200 loss 1.5371 train 0.5513 test 0.3400
epoch 34/200 loss 1.4682 train 0.5692 test 0.3380
epoch 35/200 loss 1.4558 train 0.5748 test 0.3640
epoch 36/200 loss 1.4320 train 0.5915 test 0.3310
epoch 37/200 loss 1.4298 train 0.5926 test 0.3520
epoch 38/200 loss 1.3297 train 0.6004 test 0.3450
epoch 39/200 loss 1.3214 train 0.6362 test 0.3280
epoch 40/200 loss 1.2911 train 0.6228 test 0.3810
epoch 41/200 loss 1.2125 train 0.6440 test 0.3590
epoch 42/200 loss 1.1774 train 0.6629 test 0.3900
epoch 43/200 loss 1.1202 train 0.6897 test 0.3920
epoch 44/200 loss 1.0961 train 0.6864 test 0.3590
epoch 45/200 loss 1.0417 train 0.6987 test 0.3670
epoch 46/200 loss 1.0379 train 0.7020 test 0.4040
epoch 47/200 loss 0.9620 train 0.7310 test 0.3520
epoch 48/200 loss 0.8906 train 0.7667 test 0.4020
epoch 49/200 loss 0.9051 train 0.7500 test 0.3410
epoch 50/200 loss 0.8357 train 0.7868 test 0.3700
epoch 51/200 loss 0.7428 train 0.8047 test 0.3470
epoch 52/200 loss 0.7097 train 0.8125 test 0.3810
epoch 53/200 loss 0.6841 train 0.8080 test 0.3680
epoch 54/200 loss 0.6902 train 0.8158 test 0.3660
epoch 55/200 loss 0.6830 train 0.8147 test 0.3660
epoch 56/200 loss 0.7327 train 0.8025 test 0.3360
epoch 57/200 loss 0.7149 train 0.8025 test 0.4150
epoch 58/200 loss 0.6825 train 0.8203 test 0.4000
epoch 59/200 loss 0.6297 train 0.8438 test 0.3470
epoch 60/200 loss 0.5974 train 0.8594 test 0.3660
epoch 61/200 loss 0.5779 train 0.8449 test 0.3790
epoch 62/200 loss 0.5338 train 0.8761 test 0.4200
epoch 63/200 loss 0.4767 train 0.8929 test 0.3790
epoch 64/200 loss 0.4267 train 0.9107 test 0.3800
epoch 65/200 loss 0.3906 train 0.9241 test 0.4100
epoch 66/200 loss 0.3676 train 0.9208 test 0.4000
epoch 67/200 loss 0.3130 train 0.9431 test 0.4020
epoch 68/200 loss 0.3383 train 0.9330 test 0.3740
epoch 69/200 loss 0.3381 train 0.9174 test 0.3730
epoch 70/200 loss 0.3232 train 0.9263 test 0.4170
epoch 71/200 loss 0.3119 train 0.9353 test 0.3910
epoch 72/200 loss 0.3105 train 0.9375 test 0.4030
epoch 73/200 loss 0.2950 train 0.9386 test 0.4210
epoch 74/200 loss 0.2706 train 0.9408 test 0.3850
epoch 75/200 loss 0.2409 train 0.9520 test 0.4070
epoch 76/200 loss 0.2327 train 0.9598 test 0.3810
epoch 77/200 loss 0.2193 train 0.9609 test 0.4180
epoch 78/200 loss 0.1932 train 0.9699 test 0.3860
epoch 79/200 loss 0.1693 train 0.9821 test 0.4070
epoch 80/200 loss 0.1374 train 0.9911 test 0.4350
epoch 81/200 loss 0.1288 train 0.9877 test 0.4410
epoch 82/200 loss 0.1224 train 0.9900 test 0.4430
epoch 83/200 loss 0.1047 train 0.9967 test 0.4420
epoch 84/200 loss 0.0956 train 0.9967 test 0.4520
epoch 85/200 loss 0.0936 train 0.9955 test 0.4360
epoch 86/200 loss 0.0858 train 0.9955 test 0.4510
epoch 87/200 loss 0.0903 train 0.9967 test 0.4480
epoch 88/200 loss 0.0859 train 0.9944 test 0.4480
epoch 89/200 loss 0.0773 train 0.9978 test 0.4410
epoch 90/200 loss 0.0861 train 0.9967 test 0.4590
epoch 91/200 loss 0.0743 train 0.9989 test 0.4710
epoch 92/200 loss 0.0698 train 0.9989 test 0.4700
epoch 93/200 loss 0.0718 train 0.9955 test 0.4640
epoch 94/200 loss 0.0656 train 1.0000 test 0.4490
epoch 95/200 loss 0.0620 train 1.0000 test 0.4440
epoch 96/200 loss 0.0614 train 0.9989 test 0.4580
epoch 97/200 loss 0.0632 train 0.9989 test 0.4720
epoch 98/200 loss 0.0729 train 0.9955 test 0.4490
epoch 99/200 loss 0.0716 train 0.9978 test 0.4510
epoch 100/200 loss 0.0722 train 0.9955 test 0.4790
epoch 101/200 loss 0.0589 train 0.9989 test 0.4540
epoch 102/200 loss 0.0604 train 0.9978 test 0.4410
epoch 103/200 loss 0.0534 train 0.9989 test 0.4660
epoch 104/200 loss 0.0483 train 1.0000 test 0.4750
epoch 105/200 loss 0.0468 train 0.9989 test 0.4650
epoch 106/200 loss 0.0476 train 1.0000 test 0.4670
epoch 107/200 loss 0.0443 train 1.0000 test 0.4670
epoch 108/200 loss 0.0416 train 1.0000 test 0.4740
epoch 109/200 loss 0.0409 train 1.0000 test 0.4750
epoch 110/200 loss 0.0392 train 1.0000 test 0.4710
epoch 111/200 loss 0.0383 train 1.0000 test 0.4710
epoch 112/200 loss 0.0378 train 1.0000 test 0.4700
epoch 113/200 loss 0.0363 train 1.0000 test 0.4770
epoch 114/200 loss 0.0356 train 1.0000 test 0.4820
epoch 115/200 loss 0.0359 train 0.9989 test 0.4830
epoch 116/200 loss 0.0351 train 1.0000 test 0.4790
epoch 117/200 loss 0.0344 train 1.0000 test 0.4750
epoch 118/200 loss 0.0332 train 1.0000 test 0.4710
epoch 119/200 loss 0.0316 train 1.0000 test 0.4760
epoch 120/200 loss 0.0328 train 1.0000 test 0.4750
epoch 121/200 loss 0.0309 train 1.0000 test 0.4750
epoch 122/200 loss 0.0302 train 1.0000 test 0.4770
epoch 123/200 loss 0.0291 train 1.0000 test 0.4830
epoch 124/200 loss 0.0295 train 0.9989 test 0.4840
epoch 125/200 loss 0.0285 train 1.0000 test 0.4780
epoch 126/200 loss 0.0279 train 1.0000 test 0.4760
epoch 127/200 loss 0.0271 train 1.0000 test 0.4750
epoch 128/200 loss 0.0268 train 1.0000 test 0.4750
epoch 129/200 loss 0.0257 train 1.0000 test 0.4810
epoch 130/200 loss 0.0245 train 1.0000 test 0.4800
epoch 131/200 loss 0.0246 train 1.0000 test 0.4820
epoch 132/200 loss 0.0240 train 1.0000 test 0.4850
epoch 133/200 loss 0.0233 train 1.0000 test 0.4810
epoch 134/200 loss 0.0226 train 1.0000 test 0.4820
epoch 135/200 loss 0.0223 train 1.0000 test 0.4850
epoch 136/200 loss 0.0220 train 1.0000 test 0.4800
epoch 137/200 loss 0.0213 train 1.0000 test 0.4790
epoch 138/200 loss 0.0198 train 1.0000 test 0.4800
epoch 139/200 loss 0.0209 train 1.0000 test 0.4780
epoch 140/200 loss 0.0195 train 1.0000 test 0.4770
epoch 141/200 loss 0.0191 train 1.0000 test 0.4800
epoch 142/200 loss 0.0191 train 1.0000 test 0.4840
epoch 143/200 loss 0.0177 train 1.0000 test 0.4870
epoch 144/200 loss 0.0178 train 1.0000 test 0.4860
epoch 145/200 loss 0.0175 train 1.0000 test 0.4870
epoch 146/200 loss 0.0168 train 1.0000 test 0.4830
epoch 147/200 loss 0.0167 train 1.0000 test 0.4860
epoch 148/200 loss 0.0158 train 1.0000 test 0.4860
epoch 149/200 loss 0.0147 train 1.0000 test 0.4830
epoch 150/200 loss 0.0147 train 1.0000 test 0.4830
epoch 151/200 loss 0.0151 train 1.0000 test 0.4860
epoch 152/200 loss 0.0144 train 1.0000 test 0.4860
epoch 153/200 loss 0.0140 train 1.0000 test 0.4860
epoch 154/200 loss 0.0148 train 1.0000 test 0.4840
epoch 155/200 loss 0.0126 train 1.0000 test 0.4850
epoch 156/200 loss 0.0126 train 1.0000 test 0.4860
epoch 157/200 loss 0.0122 train 1.0000 test 0.4880
epoch 158/200 loss 0.0132 train 1.0000 test 0.4860
epoch 159/200 loss 0.0119 train 1.0000 test 0.4860
epoch 160/200 loss 0.0110 train 1.0000 test 0.4870
epoch 161/200 loss 0.0108 train 1.0000 test 0.4840
epoch 162/200 loss 0.0103 train 1.0000 test 0.4850
epoch 163/200 loss 0.0104 train 1.0000 test 0.4870
epoch 164/200 loss 0.0100 train 1.0000 test 0.4860
epoch 165/200 loss 0.0098 train 1.0000 test 0.4860
epoch 166/200 loss 0.0102 train 1.0000 test 0.4870
epoch 167/200 loss 0.0089 train 1.0000 test 0.4850
epoch 168/200 loss 0.0091 train 1.0000 test 0.4860
epoch 169/200 loss 0.0092 train 1.0000 test 0.4880
epoch 170/200 loss 0.0084 train 1.0000 test 0.4890
epoch 171/200 loss 0.0080 train 1.0000 test 0.4850
epoch 172/200 loss 0.0077 train 1.0000 test 0.4900
epoch 173/200 loss 0.0074 train 1.0000 test 0.4900
epoch 174/200 loss 0.0069 train 1.0000 test 0.4890
epoch 175/200 loss 0.0071 train 1.0000 test 0.4890
epoch 176/200 loss 0.0064 train 1.0000 test 0.4870
epoch 177/200 loss 0.0063 train 1.0000 test 0.4900
epoch 178/200 loss 0.0069 train 1.0000 test 0.4880
epoch 179/200 loss 0.0067 train 1.0000 test 0.4880
epoch 180/200 loss 0.0064 train 1.0000 test 0.4870
epoch 181/200 loss 0.0061 train 1.0000 test 0.4860
epoch 182/200 loss 0.0055 train 1.0000 test 0.4880
epoch 183/200 loss 0.0050 train 1.0000 test 0.4850
epoch 184/200 loss 0.0050 train 1.0000 test 0.4860
epoch 185/200 loss 0.0057 train 1.0000 test 0.4850
epoch 186/200 loss 0.0051 train 1.0000 test 0.4870
epoch 187/200 loss 0.0047 train 1.0000 test 0.4860
epoch 188/200 loss 0.0048 train 1.0000 test 0.4860
epoch 189/200 loss 0.0048 train 1.0000 test 0.4870
epoch 190/200 loss 0.0055 train 1.0000 test 0.4870
epoch 191/200 loss 0.0051 train 1.0000 test 0.4870
epoch 192/200 loss 0.0052 train 1.0000 test 0.4840
epoch 193/200 loss 0.0048 train 1.0000 test 0.4870
epoch 194/200 loss 0.0044 train 1.0000 test 0.4880
epoch 195/200 loss 0.0037 train 1.0000 test 0.4860
epoch 196/200 loss 0.0046 train 1.0000 test 0.4870
epoch 197/200 loss 0.0049 train 1.0000 test 0.4890
epoch 198/200 loss 0.0046 train 1.0000 test 0.4870
epoch 199/200 loss 0.0043 train 1.0000 test 0.4870
epoch 200/200 loss 0.0040 train 1.0000 test 0.4860
done: final 0.4860 best 0.4900 -> ./runs/tin20b_aux/seed0
FRONTIER2_DONE tin20b_aux_seed0
FRONTIER2_START tin20b_aux_seed1
moment-aux target calibrated on 1024 images
[tin20b_aux seed1] {"params_trainable": 11181148, "params_stem_trainable": 0, "params_stem_fixed_filters": 0, "flops_total": 2226628608, "flops_stem": 0, "flops_image_size": 64}
epoch 1/200 loss 4.6625 train 0.0558 test 0.0650
epoch 2/200 loss 3.9482 train 0.1071 test 0.1220
epoch 3/200 loss 3.5865 train 0.1496 test 0.1210
epoch 4/200 loss 3.2505 train 0.1652 test 0.1620
epoch 5/200 loss 3.0021 train 0.1864 test 0.2160
epoch 6/200 loss 2.8182 train 0.2299 test 0.2330
epoch 7/200 loss 2.7560 train 0.2377 test 0.2650
epoch 8/200 loss 2.6628 train 0.2433 test 0.2600
epoch 9/200 loss 2.5953 train 0.2879 test 0.2340
epoch 10/200 loss 2.5805 train 0.2913 test 0.2700
epoch 11/200 loss 2.4579 train 0.3092 test 0.2450
epoch 12/200 loss 2.4811 train 0.3047 test 0.2840
epoch 13/200 loss 2.4242 train 0.3304 test 0.3060
epoch 14/200 loss 2.2788 train 0.3717 test 0.2370
epoch 15/200 loss 2.2765 train 0.3471 test 0.3240
epoch 16/200 loss 2.2329 train 0.3504 test 0.2640
epoch 17/200 loss 2.1835 train 0.3951 test 0.3000
epoch 18/200 loss 2.2109 train 0.3672 test 0.2540
epoch 19/200 loss 2.1140 train 0.4029 test 0.2650
epoch 20/200 loss 2.1074 train 0.4096 test 0.3260
epoch 21/200 loss 2.0328 train 0.4029 test 0.3370
epoch 22/200 loss 1.9878 train 0.4386 test 0.3100
epoch 23/200 loss 1.9526 train 0.4386 test 0.2930
epoch 24/200 loss 1.9700 train 0.3973 test 0.3220
epoch 25/200 loss 1.8777 train 0.4654 test 0.2940
epoch 26/200 loss 1.8743 train 0.4330 test 0.2970
epoch 27/200 loss 1.8100 train 0.4665 test 0.3080
epoch 28/200 loss 1.7369 train 0.4922 test 0.3460
epoch 29/200 loss 1.6406 train 0.5156 test 0.3460
epoch 30/200 loss 1.5486 train 0.5513 test 0.3620
epoch 31/200 loss 1.6179 train 0.5190 test 0.3500
epoch 32/200 loss 1.5735 train 0.5246 test 0.3010
epoch 33/200 loss 1.5481 train 0.5368 test 0.3320
epoch 34/200 loss 1.4733 train 0.5647 test 0.3730
epoch 35/200 loss 1.3840 train 0.5871 test 0.3350
epoch 36/200 loss 1.3965 train 0.5960 test 0.3430
epoch 37/200 loss 1.4082 train 0.6004 test 0.3660
epoch 38/200 loss 1.2747 train 0.6228 test 0.3870
epoch 39/200 loss 1.2141 train 0.6551 test 0.2870
epoch 40/200 loss 1.2264 train 0.6440 test 0.3850
epoch 41/200 loss 1.2217 train 0.6607 test 0.3530
epoch 42/200 loss 1.1935 train 0.6373 test 0.3440
epoch 43/200 loss 1.1630 train 0.6629 test 0.3630
epoch 44/200 loss 1.1144 train 0.6819 test 0.3720
epoch 45/200 loss 1.0627 train 0.6964 test 0.3230
epoch 46/200 loss 0.9832 train 0.7310 test 0.3520
epoch 47/200 loss 0.9627 train 0.7355 test 0.3870
epoch 48/200 loss 0.9345 train 0.7277 test 0.3740
epoch 49/200 loss 0.8743 train 0.7578 test 0.3690
epoch 50/200 loss 0.8273 train 0.7790 test 0.3650
epoch 51/200 loss 0.7710 train 0.7935 test 0.3670
epoch 52/200 loss 0.8132 train 0.7790 test 0.3460
epoch 53/200 loss 0.7664 train 0.7768 test 0.3620
epoch 54/200 loss 0.7160 train 0.8080 test 0.3860
epoch 55/200 loss 0.6930 train 0.8114 test 0.3850
epoch 56/200 loss 0.6390 train 0.8348 test 0.3770
epoch 57/200 loss 0.5881 train 0.8471 test 0.3410
epoch 58/200 loss 0.5121 train 0.8672 test 0.3930
epoch 59/200 loss 0.5067 train 0.8739 test 0.4040
epoch 60/200 loss 0.4482 train 0.8962 test 0.4250
epoch 61/200 loss 0.4810 train 0.8828 test 0.3950
epoch 62/200 loss 0.4613 train 0.8917 test 0.4220
epoch 63/200 loss 0.4021 train 0.9018 test 0.3930
epoch 64/200 loss 0.3977 train 0.9085 test 0.4000
epoch 65/200 loss 0.4178 train 0.9062 test 0.3540
epoch 66/200 loss 0.3629 train 0.9286 test 0.3640
epoch 67/200 loss 0.3735 train 0.9163 test 0.3870
epoch 68/200 loss 0.3377 train 0.9263 test 0.4240
epoch 69/200 loss 0.2905 train 0.9520 test 0.3960
epoch 70/200 loss 0.2788 train 0.9453 test 0.3910
epoch 71/200 loss 0.2675 train 0.9475 test 0.4200
epoch 72/200 loss 0.2612 train 0.9509 test 0.4080
epoch 73/200 loss 0.2522 train 0.9554 test 0.4260
epoch 74/200 loss 0.2384 train 0.9565 test 0.4190
epoch 75/200 loss 0.2128 train 0.9688 test 0.4380
epoch 76/200 loss 0.1911 train 0.9732 test 0.4070
epoch 77/200 loss 0.1788 train 0.9699 test 0.3850
epoch 78/200 loss 0.1645 train 0.9810 test 0.4170
epoch 79/200 loss 0.1553 train 0.9821 test 0.4240
epoch 80/200 loss 0.1436 train 0.9866 test 0.4270
epoch 81/200 loss 0.1509 train 0.9866 test 0.4510
epoch 82/200 loss 0.1265 train 0.9877 test 0.4290
epoch 83/200 loss 0.1154 train 0.9888 test 0.4360
epoch 84/200 loss 0.1150 train 0.9888 test 0.4370
epoch 85/200 loss 0.1102 train 0.9922 test 0.4330
epoch 86/200 loss 0.1007 train 0.9911 test 0.4340
epoch 87/200 loss 0.0874 train 0.9967 test 0.4470
epoch 88/200 loss 0.0876 train 0.9978 test 0.4540
epoch 89/200 loss 0.0793 train 0.9955 test 0.4650
epoch 90/200 loss 0.0701 train 1.0000 test 0.4700
epoch 91/200 loss 0.0660 train 1.0000 test 0.4700
epoch 92/200 loss 0.0597 train 1.0000 test 0.4720
epoch 93/200 loss 0.0568 train 1.0000 test 0.4750
epoch 94/200 loss 0.0541 train 0.9989 test 0.4810
epoch 95/200 loss 0.0535 train 1.0000 test 0.4760
epoch 96/200 loss 0.0506 train 1.0000 test 0.4850
epoch 97/200 loss 0.0504 train 0.9989 test 0.4820
epoch 98/200 loss 0.0477 train 1.0000 test 0.4800
epoch 99/200 loss 0.0466 train 1.0000 test 0.4740
epoch 100/200 loss 0.0459 train 1.0000 test 0.4750
epoch 101/200 loss 0.0453 train 1.0000 test 0.4720
epoch 102/200 loss 0.0459 train 1.0000 test 0.4810
epoch 103/200 loss 0.0422 train 1.0000 test 0.4890
epoch 104/200 loss 0.0422 train 1.0000 test 0.4900
epoch 105/200 loss 0.0408 train 1.0000 test 0.4820
epoch 106/200 loss 0.0395 train 1.0000 test 0.4820
epoch 107/200 loss 0.0394 train 1.0000 test 0.4790
epoch 108/200 loss 0.0376 train 1.0000 test 0.4830
epoch 109/200 loss 0.0383 train 1.0000 test 0.4840
epoch 110/200 loss 0.0365 train 1.0000 test 0.4780
epoch 111/200 loss 0.0358 train 1.0000 test 0.4870
epoch 112/200 loss 0.0350 train 1.0000 test 0.4860
epoch 113/200 loss 0.0340 train 1.0000 test 0.4900
epoch 114/200 loss 0.0339 train 1.0000 test 0.4930
epoch 115/200 loss 0.0326 train 1.0000 test 0.4890
epoch 116/200 loss 0.0332 train 1.0000 test 0.4830
epoch 117/200 loss 0.0336 train 1.0000 test 0.4800
epoch 118/200 loss 0.0307 train 1.0000 test 0.4820
epoch 119/200 loss 0.0298 train 1.0000 test 0.4820
epoch 120/200 loss 0.0295 train 1.0000 test 0.4860
epoch 121/200 loss 0.0282 train 1.0000 test 0.4830
epoch 122/200 loss 0.0284 train 1.0000 test 0.4780
epoch 123/200 loss 0.0279 train 1.0000 test 0.4810
epoch 124/200 loss 0.0281 train 1.0000 test 0.4820
epoch 125/200 loss 0.0277 train 1.0000 test 0.4820
epoch 126/200 loss 0.0264 train 1.0000 test 0.4760
epoch 127/200 loss 0.0260 train 1.0000 test 0.4760
epoch 128/200 loss 0.0250 train 1.0000 test 0.4800
epoch 129/200 loss 0.0247 train 1.0000 test 0.4820
epoch 130/200 loss 0.0236 train 1.0000 test 0.4790
epoch 131/200 loss 0.0229 train 1.0000 test 0.4780
epoch 132/200 loss 0.0231 train 1.0000 test 0.4760
epoch 133/200 loss 0.0226 train 1.0000 test 0.4750
epoch 134/200 loss 0.0228 train 1.0000 test 0.4810
epoch 135/200 loss 0.0216 train 1.0000 test 0.4850
epoch 136/200 loss 0.0209 train 1.0000 test 0.4820
epoch 137/200 loss 0.0221 train 0.9989 test 0.4870
epoch 138/200 loss 0.0203 train 1.0000 test 0.4870
epoch 139/200 loss 0.0204 train 1.0000 test 0.4830
epoch 140/200 loss 0.0199 train 1.0000 test 0.4760
epoch 141/200 loss 0.0182 train 1.0000 test 0.4840
epoch 142/200 loss 0.0177 train 1.0000 test 0.4750
epoch 143/200 loss 0.0175 train 1.0000 test 0.4810
epoch 144/200 loss 0.0174 train 1.0000 test 0.4860
epoch 145/200 loss 0.0165 train 1.0000 test 0.4830
epoch 146/200 loss 0.0156 train 1.0000 test 0.4840
epoch 147/200 loss 0.0160 train 1.0000 test 0.4840
epoch 148/200 loss 0.0148 train 1.0000 test 0.4860
epoch 149/200 loss 0.0151 train 1.0000 test 0.4820
epoch 150/200 loss 0.0147 train 1.0000 test 0.4860
epoch 151/200 loss 0.0139 train 1.0000 test 0.4860
epoch 152/200 loss 0.0144 train 1.0000 test 0.4870
epoch 153/200 loss 0.0132 train 1.0000 test 0.4860
epoch 154/200 loss 0.0126 train 1.0000 test 0.4870
epoch 155/200 loss 0.0125 train 1.0000 test 0.4870
epoch 156/200 loss 0.0124 train 1.0000 test 0.4860
epoch 157/200 loss 0.0121 train 1.0000 test 0.4820
epoch 158/200 loss 0.0116 train 1.0000 test 0.4900
epoch 159/200 loss 0.0117 train 1.0000 test 0.4870
epoch 160/200 loss 0.0120 train 1.0000 test 0.4890
epoch 161/200 loss 0.0105 train 1.0000 test 0.4900
epoch 162/200 loss 0.0102 train 1.0000 test 0.4920
epoch 163/200 loss 0.0104 train 1.0000 test 0.4890
epoch 164/200 loss 0.0094 train 1.0000 test 0.4860
epoch 165/200 loss 0.0095 train 1.0000 test 0.4890
epoch 166/200 loss 0.0089 train 1.0000 test 0.4860
epoch 167/200 loss 0.0094 train 1.0000 test 0.4910
epoch 168/200 loss 0.0088 train 1.0000 test 0.4880
epoch 169/200 loss 0.0089 train 1.0000 test 0.4910
epoch 170/200 loss 0.0079 train 1.0000 test 0.4880
epoch 171/200 loss 0.0079 train 1.0000 test 0.4880
epoch 172/200 loss 0.0074 train 1.0000 test 0.4880
epoch 173/200 loss 0.0072 train 1.0000 test 0.4870
epoch 174/200 loss 0.0066 train 1.0000 test 0.4870
epoch 175/200 loss 0.0068 train 1.0000 test 0.4870
epoch 176/200 loss 0.0067 train 1.0000 test 0.4860
epoch 177/200 loss 0.0064 train 1.0000 test 0.4870
epoch 178/200 loss 0.0071 train 1.0000 test 0.4870
epoch 179/200 loss 0.0061 train 1.0000 test 0.4890
epoch 180/200 loss 0.0059 train 1.0000 test 0.4870
epoch 181/200 loss 0.0058 train 1.0000 test 0.4850
epoch 182/200 loss 0.0058 train 1.0000 test 0.4850
epoch 183/200 loss 0.0056 train 1.0000 test 0.4860
epoch 184/200 loss 0.0052 train 1.0000 test 0.4880
epoch 185/200 loss 0.0052 train 1.0000 test 0.4850
epoch 186/200 loss 0.0054 train 1.0000 test 0.4840
epoch 187/200 loss 0.0052 train 1.0000 test 0.4860
epoch 188/200 loss 0.0050 train 1.0000 test 0.4850
epoch 189/200 loss 0.0053 train 1.0000 test 0.4850
epoch 190/200 loss 0.0050 train 1.0000 test 0.4880
epoch 191/200 loss 0.0048 train 1.0000 test 0.4870
epoch 192/200 loss 0.0050 train 1.0000 test 0.4850
epoch 193/200 loss 0.0047 train 1.0000 test 0.4870
epoch 194/200 loss 0.0044 train 1.0000 test 0.4870
epoch 195/200 loss 0.0047 train 1.0000 test 0.4900
epoch 196/200 loss 0.0048 train 1.0000 test 0.4880
epoch 197/200 loss 0.0047 train 1.0000 test 0.4860
epoch 198/200 loss 0.0046 train 1.0000 test 0.4890
epoch 199/200 loss 0.0037 train 1.0000 test 0.4890
epoch 200/200 loss 0.0041 train 1.0000 test 0.4870
done: final 0.4870 best 0.4930 -> ./runs/tin20b_aux/seed1
FRONTIER2_DONE tin20b_aux_seed1
FRONTIER2_START tin20b_aux_seed2
moment-aux target calibrated on 1024 images
[tin20b_aux seed2] {"params_trainable": 11181148, "params_stem_trainable": 0, "params_stem_fixed_filters": 0, "flops_total": 2226628608, "flops_stem": 0, "flops_image_size": 64}
epoch 1/200 loss 4.6357 train 0.0614 test 0.0890
epoch 2/200 loss 3.8670 train 0.1172 test 0.1050
epoch 3/200 loss 3.5537 train 0.1540 test 0.1520
epoch 4/200 loss 3.3100 train 0.1652 test 0.1620
epoch 5/200 loss 3.0714 train 0.1908 test 0.1830
epoch 6/200 loss 2.9264 train 0.2009 test 0.2000
epoch 7/200 loss 2.7454 train 0.2199 test 0.2380
epoch 8/200 loss 2.7303 train 0.2600 test 0.2670
epoch 9/200 loss 2.5747 train 0.2801 test 0.1970
epoch 10/200 loss 2.5272 train 0.2879 test 0.2860
epoch 11/200 loss 2.4763 train 0.3080 test 0.2700
epoch 12/200 loss 2.3779 train 0.3382 test 0.2750
epoch 13/200 loss 2.3645 train 0.3203 test 0.2820
epoch 14/200 loss 2.3404 train 0.3259 test 0.2410
epoch 15/200 loss 2.3185 train 0.3460 test 0.2610
epoch 16/200 loss 2.2872 train 0.3493 test 0.2940
epoch 17/200 loss 2.1805 train 0.3895 test 0.3050
epoch 18/200 loss 2.1520 train 0.3973 test 0.2840
epoch 19/200 loss 2.0795 train 0.4107 test 0.3240
epoch 20/200 loss 2.0104 train 0.4129 test 0.2960
epoch 21/200 loss 2.0251 train 0.4163 test 0.3180
epoch 22/200 loss 1.9558 train 0.4018 test 0.3250
epoch 23/200 loss 1.8896 train 0.4431 test 0.2520
epoch 24/200 loss 1.8252 train 0.4509 test 0.3260
epoch 25/200 loss 1.8732 train 0.4475 test 0.3140
epoch 26/200 loss 1.7795 train 0.4810 test 0.3250
epoch 27/200 loss 1.7911 train 0.4833 test 0.3810
epoch 28/200 loss 1.6749 train 0.5112 test 0.3330
epoch 29/200 loss 1.6753 train 0.5000 test 0.2970
epoch 30/200 loss 1.6383 train 0.5056 test 0.3500
epoch 31/200 loss 1.5959 train 0.5324 test 0.3340
epoch 32/200 loss 1.5755 train 0.5525 test 0.3670
epoch 33/200 loss 1.4954 train 0.5592 test 0.3050
epoch 34/200 loss 1.4169 train 0.6060 test 0.3420
epoch 35/200 loss 1.4301 train 0.5993 test 0.3520
epoch 36/200 loss 1.3802 train 0.5859 test 0.3620
epoch 37/200 loss 1.3613 train 0.5804 test 0.2960
epoch 38/200 loss 1.3942 train 0.5960 test 0.2530
epoch 39/200 loss 1.3347 train 0.6205 test 0.3600
epoch 40/200 loss 1.2735 train 0.6138 test 0.3700
epoch 41/200 loss 1.1682 train 0.6641 test 0.3770
epoch 42/200 loss 1.1386 train 0.6853 test 0.3500
epoch 43/200 loss 1.1025 train 0.6741 test 0.3730
epoch 44/200 loss 1.0712 train 0.6931 test 0.3840
epoch 45/200 loss 1.0042 train 0.7210 test 0.3790
epoch 46/200 loss 0.9852 train 0.7221 test 0.3800
epoch 47/200 loss 0.9369 train 0.7333 test 0.3860
epoch 48/200 loss 0.9539 train 0.7132 test 0.3320
epoch 49/200 loss 0.8831 train 0.7422 test 0.4000
epoch 50/200 loss 0.8540 train 0.7522 test 0.3430
epoch 51/200 loss 0.8744 train 0.7511 test 0.3590
epoch 52/200 loss 0.8174 train 0.7679 test 0.3980
epoch 53/200 loss 0.8076 train 0.7801 test 0.3430
epoch 54/200 loss 0.7203 train 0.8058 test 0.4060
epoch 55/200 loss 0.6701 train 0.8103 test 0.3730
epoch 56/200 loss 0.5934 train 0.8438 test 0.3930
epoch 57/200 loss 0.5593 train 0.8605 test 0.3980
epoch 58/200 loss 0.5346 train 0.8672 test 0.3800
epoch 59/200 loss 0.5553 train 0.8493 test 0.3680
epoch 60/200 loss 0.5297 train 0.8750 test 0.3770
epoch 61/200 loss 0.5705 train 0.8359 test 0.4260
epoch 62/200 loss 0.5593 train 0.8616 test 0.3350
epoch 63/200 loss 0.5376 train 0.8650 test 0.3520
epoch 64/200 loss 0.4531 train 0.8750 test 0.3950
epoch 65/200 loss 0.4241 train 0.8940 test 0.3940
epoch 66/200 loss 0.3813 train 0.9152 test 0.3860
epoch 67/200 loss 0.3526 train 0.9286 test 0.3770
epoch 68/200 loss 0.3877 train 0.8984 test 0.4000
epoch 69/200 loss 0.3591 train 0.9174 test 0.3960
epoch 70/200 loss 0.3863 train 0.9051 test 0.3710
epoch 71/200 loss 0.3336 train 0.9219 test 0.4090
epoch 72/200 loss 0.3172 train 0.9286 test 0.4220
epoch 73/200 loss 0.2940 train 0.9464 test 0.4380
epoch 74/200 loss 0.2925 train 0.9342 test 0.3690
epoch 75/200 loss 0.2744 train 0.9464 test 0.4170
epoch 76/200 loss 0.2754 train 0.9420 test 0.4430
epoch 77/200 loss 0.2112 train 0.9632 test 0.4280
epoch 78/200 loss 0.2146 train 0.9609 test 0.4200
epoch 79/200 loss 0.1928 train 0.9699 test 0.4350
epoch 80/200 loss 0.1951 train 0.9710 test 0.4440
epoch 81/200 loss 0.1933 train 0.9632 test 0.4350
epoch 82/200 loss 0.1810 train 0.9688 test 0.4330
epoch 83/200 loss 0.1610 train 0.9799 test 0.4170
epoch 84/200 loss 0.1259 train 0.9911 test 0.4470
epoch 85/200 loss 0.1065 train 0.9944 test 0.4560
epoch 86/200 loss 0.0941 train 0.9967 test 0.4620
epoch 87/200 loss 0.0811 train 1.0000 test 0.4630
epoch 88/200 loss 0.0768 train 0.9978 test 0.4550
epoch 89/200 loss 0.0701 train 0.9967 test 0.4600
epoch 90/200 loss 0.0693 train 0.9978 test 0.4680
epoch 91/200 loss 0.0643 train 1.0000 test 0.4740
epoch 92/200 loss 0.0617 train 0.9989 test 0.4760
epoch 93/200 loss 0.0590 train 1.0000 test 0.4730
epoch 94/200 loss 0.0563 train 1.0000 test 0.4720
epoch 95/200 loss 0.0547 train 1.0000 test 0.4790
epoch 96/200 loss 0.0546 train 0.9989 test 0.4760
epoch 97/200 loss 0.0517 train 1.0000 test 0.4630
epoch 98/200 loss 0.0504 train 1.0000 test 0.4620
epoch 99/200 loss 0.0480 train 1.0000 test 0.4670
epoch 100/200 loss 0.0476 train 1.0000 test 0.4750
epoch 101/200 loss 0.0444 train 1.0000 test 0.4820
epoch 102/200 loss 0.0440 train 1.0000 test 0.4790
epoch 103/200 loss 0.0434 train 1.0000 test 0.4720
epoch 104/200 loss 0.0415 train 1.0000 test 0.4800
epoch 105/200 loss 0.0400 train 1.0000 test 0.4840
epoch 106/200 loss 0.0401 train 1.0000 test 0.4920
epoch 107/200 loss 0.0377 train 1.0000 test 0.4870
epoch 108/200 loss 0.0369 train 1.0000 test 0.4900
epoch 109/200 loss 0.0369 train 1.0000 test 0.4830
epoch 110/200 loss 0.0375 train 1.0000 test 0.4910
epoch 111/200 loss 0.0348 train 1.0000 test 0.4940
epoch 112/200 loss 0.0346 train 1.0000 test 0.4980
epoch 113/200 loss 0.0351 train 1.0000 test 0.5000
epoch 114/200 loss 0.0340 train 1.0000 test 0.4980
epoch 115/200 loss 0.0335 train 1.0000 test 0.4970
epoch 116/200 loss 0.0318 train 1.0000 test 0.4960
epoch 117/200 loss 0.0311 train 1.0000 test 0.4960
epoch 118/200 loss 0.0302 train 1.0000 test 0.4970
epoch 119/200 loss 0.0320 train 1.0000 test 0.4940
epoch 120/200 loss 0.0302 train 1.0000 test 0.4910
epoch 121/200 loss 0.0299 train 1.0000 test 0.4920
epoch 122/200 loss 0.0295 train 1.0000 test 0.4930
epoch 123/200 loss 0.0269 train 1.0000 test 0.4920
epoch 124/200 loss 0.0274 train 1.0000 test 0.4910
epoch 125/200 loss 0.0284 train 1.0000 test 0.4890
epoch 126/200 loss 0.0263 train 1.0000 test 0.4800
epoch 127/200 loss 0.0270 train 1.0000 test 0.4890
epoch 128/200 loss 0.0257 train 1.0000 test 0.4890
epoch 129/200 loss 0.0254 train 1.0000 test 0.4980
epoch 130/200 loss 0.0244 train 1.0000 test 0.4920
epoch 131/200 loss 0.0238 train 1.0000 test 0.4860
epoch 132/200 loss 0.0226 train 1.0000 test 0.4930
epoch 133/200 loss 0.0230 train 1.0000 test 0.4920
epoch 134/200 loss 0.0218 train 1.0000 test 0.4900
epoch 135/200 loss 0.0216 train 1.0000 test 0.4900
epoch 136/200 loss 0.0205 train 1.0000 test 0.4940
epoch 137/200 loss 0.0205 train 1.0000 test 0.4910
epoch 138/200 loss 0.0198 train 1.0000 test 0.4910
epoch 139/200 loss 0.0195 train 1.0000 test 0.4940
epoch 140/200 loss 0.0195 train 1.0000 test 0.4920
epoch 141/200 loss 0.0183 train 1.0000 test 0.4970
epoch 142/200 loss 0.0174 train 1.0000 test 0.4960
epoch 143/200 loss 0.0174 train 1.0000 test 0.4930
epoch 144/200 loss 0.0171 train 1.0000 test 0.4960
epoch 145/200 loss 0.0168 train 1.0000 test 0.5000
epoch 146/200 loss 0.0163 train 1.0000 test 0.4960
epoch 147/200 loss 0.0159 train 1.0000 test 0.5030
epoch 148/200 loss 0.0154 train 1.0000 test 0.5020
epoch 149/200 loss 0.0149 train 1.0000 test 0.5010
epoch 150/200 loss 0.0147 train 1.0000 test 0.5000
epoch 151/200 loss 0.0142 train 1.0000 test 0.4950
epoch 152/200 loss 0.0144 train 1.0000 test 0.4990
epoch 153/200 loss 0.0136 train 1.0000 test 0.4980
epoch 154/200 loss 0.0129 train 1.0000 test 0.4940
epoch 155/200 loss 0.0132 train 1.0000 test 0.4990
epoch 156/200 loss 0.0131 train 1.0000 test 0.5030
epoch 157/200 loss 0.0124 train 1.0000 test 0.5030
epoch 158/200 loss 0.0122 train 1.0000 test 0.5010
epoch 159/200 loss 0.0120 train 1.0000 test 0.4940
epoch 160/200 loss 0.0113 train 1.0000 test 0.4970
epoch 161/200 loss 0.0107 train 1.0000 test 0.5000
epoch 162/200 loss 0.0109 train 1.0000 test 0.4960
epoch 163/200 loss 0.0097 train 1.0000 test 0.4960
epoch 164/200 loss 0.0095 train 1.0000 test 0.5000
epoch 165/200 loss 0.0101 train 1.0000 test 0.5010
epoch 166/200 loss 0.0101 train 1.0000 test 0.5030
epoch 167/200 loss 0.0092 train 1.0000 test 0.4980
epoch 168/200 loss 0.0087 train 1.0000 test 0.4970
epoch 169/200 loss 0.0098 train 1.0000 test 0.5000
epoch 170/200 loss 0.0082 train 1.0000 test 0.4980
epoch 171/200 loss 0.0080 train 1.0000 test 0.5000
epoch 172/200 loss 0.0076 train 1.0000 test 0.4990
epoch 173/200 loss 0.0076 train 1.0000 test 0.4980
epoch 174/200 loss 0.0080 train 1.0000 test 0.4980
epoch 175/200 loss 0.0070 train 1.0000 test 0.4980
epoch 176/200 loss 0.0066 train 1.0000 test 0.4970
epoch 177/200 loss 0.0071 train 1.0000 test 0.4980
epoch 178/200 loss 0.0070 train 1.0000 test 0.4970
epoch 179/200 loss 0.0062 train 1.0000 test 0.5000
epoch 180/200 loss 0.0059 train 1.0000 test 0.4980
epoch 181/200 loss 0.0058 train 1.0000 test 0.4990
epoch 182/200 loss 0.0064 train 1.0000 test 0.4980
epoch 183/200 loss 0.0056 train 1.0000 test 0.4980
epoch 184/200 loss 0.0056 train 1.0000 test 0.4960
epoch 185/200 loss 0.0070 train 1.0000 test 0.4990
epoch 186/200 loss 0.0055 train 1.0000 test 0.5010
epoch 187/200 loss 0.0054 train 1.0000 test 0.5020
epoch 188/200 loss 0.0050 train 1.0000 test 0.5010
epoch 189/200 loss 0.0049 train 1.0000 test 0.5040
epoch 190/200 loss 0.0057 train 1.0000 test 0.5040
epoch 191/200 loss 0.0046 train 1.0000 test 0.5040
epoch 192/200 loss 0.0041 train 1.0000 test 0.5010
epoch 193/200 loss 0.0055 train 1.0000 test 0.4970
epoch 194/200 loss 0.0050 train 1.0000 test 0.5030
epoch 195/200 loss 0.0042 train 1.0000 test 0.5020
epoch 196/200 loss 0.0041 train 1.0000 test 0.5020
epoch 197/200 loss 0.0052 train 1.0000 test 0.5010
epoch 198/200 loss 0.0044 train 1.0000 test 0.5010
epoch 199/200 loss 0.0043 train 1.0000 test 0.4990
epoch 200/200 loss 0.0045 train 1.0000 test 0.5000
done: final 0.5000 best 0.5040 -> ./runs/tin20b_aux/seed2
FRONTIER2_DONE tin20b_aux_seed2
FRONTIER2_CELL_DONE tin20b_aux
FRONTIER2_PROBE_START tin20b_none
tin20b_none seed0: probe train 75.03  test 53.50
       5 shots/class (n=  100): test 39.90
      10 shots/class (n=  200): test 41.60
      25 shots/class (n=  500): test 43.90
      50 shots/class (n= 1000): test 43.30
     100 shots/class (n= 2000): test 45.00
     250 shots/class (n= 5000): test 49.20
tin20b_none seed1: probe train 74.43  test 52.80
       5 shots/class (n=  100): test 39.20
      10 shots/class (n=  200): test 42.30
      25 shots/class (n=  500): test 43.60
      50 shots/class (n= 1000): test 43.80
     100 shots/class (n= 2000): test 45.30
     250 shots/class (n= 5000): test 50.30
tin20b_none seed2: probe train 75.31  test 54.80
       5 shots/class (n=  100): test 41.70
      10 shots/class (n=  200): test 43.60
      25 shots/class (n=  500): test 43.60
      50 shots/class (n= 1000): test 43.60
     100 shots/class (n= 2000): test 45.80
     250 shots/class (n= 5000): test 50.10
PROBE_RESULT tin20b_none test 53.70+/-1.01 over 3 seeds -> runs/tin20b_none/linear_probe.json
FRONTIER2_PROBE_DONE tin20b_none
FRONTIER2_PROBE_START tin20b_aux
tin20b_aux seed0: probe train 78.27  test 56.20
       5 shots/class (n=  100): test 45.10
      10 shots/class (n=  200): test 48.00
      25 shots/class (n=  500): test 48.00
      50 shots/class (n= 1000): test 49.00
     100 shots/class (n= 2000): test 48.40
     250 shots/class (n= 5000): test 50.90
tin20b_aux seed1: probe train 78.42  test 55.90
       5 shots/class (n=  100): test 44.00
      10 shots/class (n=  200): test 48.30
      25 shots/class (n=  500): test 48.90
      50 shots/class (n= 1000): test 49.00
     100 shots/class (n= 2000): test 49.10
     250 shots/class (n= 5000): test 53.60
tin20b_aux seed2: probe train 78.11  test 56.10
       5 shots/class (n=  100): test 47.50
      10 shots/class (n=  200): test 49.40
      25 shots/class (n=  500): test 49.30
      50 shots/class (n= 1000): test 48.80
     100 shots/class (n= 2000): test 49.40
     250 shots/class (n= 5000): test 52.10
PROBE_RESULT tin20b_aux test 56.07+/-0.15 over 3 seeds -> runs/tin20b_aux/linear_probe.json
FRONTIER2_PROBE_DONE tin20b_aux
FRONTIER2_START c10_aux_10pct_l03_seed0
moment-aux target calibrated on 1024 images
[c10_aux_10pct_l03 seed0] {"params_trainable": 11176018, "params_stem_trainable": 0, "params_stem_fixed_filters": 0, "flops_total": 556659712, "flops_stem": 0, "flops_image_size": 32}
epoch 1/200 loss 2.5180 train 0.2039 test 0.2434
epoch 2/200 loss 2.0895 train 0.2750 test 0.3139
epoch 3/200 loss 1.9003 train 0.3153 test 0.3295
epoch 4/200 loss 1.8024 train 0.3462 test 0.3984
epoch 5/200 loss 1.6847 train 0.3966 test 0.4103
epoch 6/200 loss 1.6184 train 0.4157 test 0.3904
epoch 7/200 loss 1.5091 train 0.4690 test 0.4669
epoch 8/200 loss 1.4107 train 0.5008 test 0.4359
epoch 9/200 loss 1.3466 train 0.5286 test 0.4185
epoch 10/200 loss 1.3188 train 0.5349 test 0.5451
epoch 11/200 loss 1.2124 train 0.5791 test 0.5565
epoch 12/200 loss 1.1349 train 0.5986 test 0.5599
epoch 13/200 loss 1.0869 train 0.6174 test 0.5021
epoch 14/200 loss 1.0494 train 0.6370 test 0.5601
epoch 15/200 loss 1.0041 train 0.6532 test 0.6024
epoch 16/200 loss 0.9270 train 0.6867 test 0.5567
epoch 17/200 loss 0.8982 train 0.6865 test 0.6157
epoch 18/200 loss 0.8571 train 0.7049 test 0.5804
epoch 19/200 loss 0.8282 train 0.7190 test 0.6505
epoch 20/200 loss 0.7906 train 0.7316 test 0.6794
epoch 21/200 loss 0.7596 train 0.7394 test 0.6672
epoch 22/200 loss 0.7612 train 0.7416 test 0.6797
epoch 23/200 loss 0.7134 train 0.7594 test 0.6669
epoch 24/200 loss 0.6772 train 0.7768 test 0.6699
epoch 25/200 loss 0.6583 train 0.7768 test 0.6916
epoch 26/200 loss 0.6034 train 0.7949 test 0.6173
epoch 27/200 loss 0.5896 train 0.8033 test 0.6989
epoch 28/200 loss 0.5388 train 0.8239 test 0.6777
epoch 29/200 loss 0.5418 train 0.8223 test 0.6348
epoch 30/200 loss 0.5625 train 0.8167 test 0.6643
epoch 31/200 loss 0.4976 train 0.8367 test 0.6689
epoch 32/200 loss 0.4956 train 0.8429 test 0.7088
epoch 33/200 loss 0.4657 train 0.8532 test 0.6691
epoch 34/200 loss 0.4745 train 0.8464 test 0.6550
epoch 35/200 loss 0.4749 train 0.8427 test 0.7071
epoch 36/200 loss 0.4249 train 0.8606 test 0.7038
epoch 37/200 loss 0.4077 train 0.8694 test 0.6869
epoch 38/200 loss 0.3868 train 0.8778 test 0.7191
epoch 39/200 loss 0.3864 train 0.8758 test 0.7152
epoch 40/200 loss 0.3609 train 0.8922 test 0.7303
epoch 41/200 loss 0.3511 train 0.8904 test 0.6897
epoch 42/200 loss 0.3388 train 0.8926 test 0.6844
epoch 43/200 loss 0.3208 train 0.9006 test 0.6801
epoch 44/200 loss 0.3149 train 0.9024 test 0.7099
epoch 45/200 loss 0.3292 train 0.8956 test 0.7009
epoch 46/200 loss 0.3146 train 0.9024 test 0.7234
epoch 47/200 loss 0.2692 train 0.9185 test 0.7183
epoch 48/200 loss 0.2869 train 0.9123 test 0.6919
epoch 49/200 loss 0.2829 train 0.9119 test 0.7124
epoch 50/200 loss 0.2712 train 0.9163 test 0.6728
epoch 51/200 loss 0.2709 train 0.9165 test 0.6904
epoch 52/200 loss 0.2748 train 0.9161 test 0.7425
epoch 53/200 loss 0.2305 train 0.9337 test 0.7497
epoch 54/200 loss 0.2176 train 0.9363 test 0.7431
epoch 55/200 loss 0.2034 train 0.9405 test 0.7214
epoch 56/200 loss 0.1852 train 0.9505 test 0.7373
epoch 57/200 loss 0.1676 train 0.9533 test 0.7384
epoch 58/200 loss 0.2105 train 0.9363 test 0.6889
epoch 59/200 loss 0.2325 train 0.9291 test 0.7461
epoch 60/200 loss 0.2112 train 0.9403 test 0.6878
epoch 61/200 loss 0.2135 train 0.9397 test 0.7021
epoch 62/200 loss 0.1961 train 0.9435 test 0.7353
epoch 63/200 loss 0.1548 train 0.9563 test 0.7218
epoch 64/200 loss 0.1745 train 0.9545 test 0.6980
epoch 65/200 loss 0.1446 train 0.9619 test 0.7539
epoch 66/200 loss 0.1424 train 0.9619 test 0.7451
epoch 67/200 loss 0.1581 train 0.9523 test 0.7026
epoch 68/200 loss 0.1762 train 0.9499 test 0.7226
epoch 69/200 loss 0.1470 train 0.9607 test 0.7420
epoch 70/200 loss 0.1342 train 0.9629 test 0.7569
epoch 71/200 loss 0.1645 train 0.9531 test 0.6558
epoch 72/200 loss 0.1611 train 0.9589 test 0.7613
epoch 73/200 loss 0.1162 train 0.9706 test 0.7494
epoch 74/200 loss 0.1211 train 0.9696 test 0.7140
epoch 75/200 loss 0.1409 train 0.9623 test 0.7020
epoch 76/200 loss 0.1419 train 0.9601 test 0.7378
epoch 77/200 loss 0.1349 train 0.9623 test 0.7616
epoch 78/200 loss 0.1315 train 0.9645 test 0.7471
epoch 79/200 loss 0.1139 train 0.9700 test 0.7334
epoch 80/200 loss 0.1025 train 0.9746 test 0.7528
epoch 81/200 loss 0.0990 train 0.9736 test 0.7585
epoch 82/200 loss 0.1027 train 0.9714 test 0.7146
epoch 83/200 loss 0.0796 train 0.9816 test 0.7318
epoch 84/200 loss 0.0828 train 0.9816 test 0.7681
epoch 85/200 loss 0.0716 train 0.9854 test 0.7805
epoch 86/200 loss 0.0672 train 0.9848 test 0.7514
epoch 87/200 loss 0.0908 train 0.9746 test 0.7523
epoch 88/200 loss 0.1224 train 0.9681 test 0.7257
epoch 89/200 loss 0.1116 train 0.9724 test 0.7411
epoch 90/200 loss 0.0955 train 0.9758 test 0.7699
epoch 91/200 loss 0.0812 train 0.9804 test 0.7610
epoch 92/200 loss 0.0774 train 0.9810 test 0.7715
epoch 93/200 loss 0.0839 train 0.9798 test 0.7667
epoch 94/200 loss 0.0639 train 0.9870 test 0.7695
epoch 95/200 loss 0.0550 train 0.9878 test 0.7762
epoch 96/200 loss 0.0602 train 0.9882 test 0.7749
epoch 97/200 loss 0.0744 train 0.9816 test 0.7418
epoch 98/200 loss 0.0761 train 0.9824 test 0.7391
epoch 99/200 loss 0.0774 train 0.9800 test 0.7466
epoch 100/200 loss 0.0582 train 0.9850 test 0.7815
epoch 101/200 loss 0.0581 train 0.9872 test 0.7742
epoch 102/200 loss 0.0555 train 0.9888 test 0.7666
epoch 103/200 loss 0.0501 train 0.9882 test 0.7672
epoch 104/200 loss 0.0381 train 0.9934 test 0.7814
epoch 105/200 loss 0.0445 train 0.9890 test 0.7550
epoch 106/200 loss 0.0418 train 0.9924 test 0.7699
epoch 107/200 loss 0.0465 train 0.9906 test 0.7831
epoch 108/200 loss 0.0424 train 0.9912 test 0.7716
epoch 109/200 loss 0.0374 train 0.9930 test 0.7860
epoch 110/200 loss 0.0291 train 0.9962 test 0.7873
epoch 111/200 loss 0.0240 train 0.9972 test 0.7924
epoch 112/200 loss 0.0211 train 0.9984 test 0.7982
epoch 113/200 loss 0.0243 train 0.9976 test 0.7947
epoch 114/200 loss 0.0233 train 0.9958 test 0.8005
epoch 115/200 loss 0.0205 train 0.9982 test 0.8030
epoch 116/200 loss 0.0180 train 0.9976 test 0.8079
epoch 117/200 loss 0.0185 train 0.9984 test 0.8045
epoch 118/200 loss 0.0150 train 0.9992 test 0.8089
epoch 119/200 loss 0.0176 train 0.9988 test 0.7915
epoch 120/200 loss 0.0138 train 0.9996 test 0.8063
epoch 121/200 loss 0.0121 train 0.9996 test 0.8084
epoch 122/200 loss 0.0113 train 0.9998 test 0.8098
epoch 123/200 loss 0.0164 train 0.9978 test 0.7986
epoch 124/200 loss 0.0129 train 0.9994 test 0.8070
epoch 125/200 loss 0.0114 train 0.9996 test 0.8103
epoch 126/200 loss 0.0097 train 0.9998 test 0.8157
epoch 127/200 loss 0.0096 train 0.9998 test 0.8171
epoch 128/200 loss 0.0092 train 1.0000 test 0.8160
epoch 129/200 loss 0.0087 train 1.0000 test 0.8142
epoch 130/200 loss 0.0079 train 1.0000 test 0.8160
epoch 131/200 loss 0.0083 train 1.0000 test 0.8147
epoch 132/200 loss 0.0078 train 1.0000 test 0.8147
epoch 133/200 loss 0.0075 train 1.0000 test 0.8114
epoch 134/200 loss 0.0071 train 1.0000 test 0.8172
epoch 135/200 loss 0.0067 train 1.0000 test 0.8174
epoch 136/200 loss 0.0070 train 1.0000 test 0.8166
epoch 137/200 loss 0.0066 train 1.0000 test 0.8172
epoch 138/200 loss 0.0067 train 1.0000 test 0.8143
epoch 139/200 loss 0.0062 train 1.0000 test 0.8166
epoch 140/200 loss 0.0060 train 1.0000 test 0.8172
epoch 141/200 loss 0.0061 train 1.0000 test 0.8151
epoch 142/200 loss 0.0058 train 0.9998 test 0.8146
epoch 143/200 loss 0.0054 train 1.0000 test 0.8172
epoch 144/200 loss 0.0052 train 1.0000 test 0.8150
epoch 145/200 loss 0.0057 train 0.9998 test 0.8167
epoch 146/200 loss 0.0054 train 1.0000 test 0.8165
epoch 147/200 loss 0.0051 train 1.0000 test 0.8164
epoch 148/200 loss 0.0047 train 1.0000 test 0.8162
epoch 149/200 loss 0.0049 train 1.0000 test 0.8185
epoch 150/200 loss 0.0047 train 1.0000 test 0.8172
epoch 151/200 loss 0.0043 train 1.0000 test 0.8177
epoch 152/200 loss 0.0043 train 1.0000 test 0.8159
epoch 153/200 loss 0.0043 train 1.0000 test 0.8160
epoch 154/200 loss 0.0043 train 1.0000 test 0.8172
epoch 155/200 loss 0.0041 train 1.0000 test 0.8166
epoch 156/200 loss 0.0040 train 1.0000 test 0.8164
epoch 157/200 loss 0.0039 train 1.0000 test 0.8171
epoch 158/200 loss 0.0038 train 1.0000 test 0.8162
epoch 159/200 loss 0.0038 train 1.0000 test 0.8152
epoch 160/200 loss 0.0037 train 1.0000 test 0.8162
epoch 161/200 loss 0.0035 train 1.0000 test 0.8166
epoch 162/200 loss 0.0034 train 1.0000 test 0.8168
epoch 163/200 loss 0.0033 train 1.0000 test 0.8168
epoch 164/200 loss 0.0031 train 1.0000 test 0.8164
epoch 165/200 loss 0.0029 train 1.0000 test 0.8145
epoch 166/200 loss 0.0031 train 1.0000 test 0.8162
epoch 167/200 loss 0.0028 train 1.0000 test 0.8167
epoch 168/200 loss 0.0027 train 1.0000 test 0.8170
epoch 169/200 loss 0.0028 train 1.0000 test 0.8144
epoch 170/200 loss 0.0029 train 1.0000 test 0.8162
epoch 171/200 loss 0.0026 train 1.0000 test 0.8151
epoch 172/200 loss 0.0025 train 1.0000 test 0.8146
epoch 173/200 loss 0.0025 train 1.0000 test 0.8151
epoch 174/200 loss 0.0025 train 1.0000 test 0.8165
epoch 175/200 loss 0.0024 train 1.0000 test 0.8154
epoch 176/200 loss 0.0022 train 1.0000 test 0.8157
epoch 177/200 loss 0.0021 train 1.0000 test 0.8169
epoch 178/200 loss 0.0021 train 1.0000 test 0.8163
epoch 179/200 loss 0.0021 train 1.0000 test 0.8158
epoch 180/200 loss 0.0022 train 1.0000 test 0.8168
epoch 181/200 loss 0.0019 train 1.0000 test 0.8154
epoch 182/200 loss 0.0021 train 1.0000 test 0.8162
epoch 183/200 loss 0.0019 train 1.0000 test 0.8172
epoch 184/200 loss 0.0018 train 1.0000 test 0.8169
epoch 185/200 loss 0.0017 train 1.0000 test 0.8162
epoch 186/200 loss 0.0018 train 1.0000 test 0.8161
epoch 187/200 loss 0.0015 train 1.0000 test 0.8169
epoch 188/200 loss 0.0016 train 1.0000 test 0.8170
epoch 189/200 loss 0.0018 train 1.0000 test 0.8161
epoch 190/200 loss 0.0017 train 1.0000 test 0.8166
epoch 191/200 loss 0.0015 train 1.0000 test 0.8161
epoch 192/200 loss 0.0016 train 1.0000 test 0.8155
epoch 193/200 loss 0.0014 train 1.0000 test 0.8161
epoch 194/200 loss 0.0014 train 1.0000 test 0.8174
epoch 195/200 loss 0.0013 train 1.0000 test 0.8167
epoch 196/200 loss 0.0014 train 1.0000 test 0.8173
epoch 197/200 loss 0.0017 train 1.0000 test 0.8156
epoch 198/200 loss 0.0015 train 1.0000 test 0.8169
epoch 199/200 loss 0.0013 train 1.0000 test 0.8163
epoch 200/200 loss 0.0013 train 1.0000 test 0.8167
done: final 0.8167 best 0.8185 -> ./runs/c10_aux_10pct_l03/seed0
FRONTIER2_DONE c10_aux_10pct_l03_seed0
FRONTIER2_START c10_aux_10pct_l03_seed1
moment-aux target calibrated on 1024 images
[c10_aux_10pct_l03 seed1] {"params_trainable": 11176018, "params_stem_trainable": 0, "params_stem_fixed_filters": 0, "flops_total": 556659712, "flops_stem": 0, "flops_image_size": 32}
epoch 1/200 loss 2.4738 train 0.2157 test 0.2496
epoch 2/200 loss 2.0535 train 0.2945 test 0.3068
epoch 3/200 loss 1.9028 train 0.3159 test 0.3333
epoch 4/200 loss 1.7525 train 0.3640 test 0.3615
epoch 5/200 loss 1.6574 train 0.4054 test 0.4316
epoch 6/200 loss 1.5820 train 0.4329 test 0.3314
epoch 7/200 loss 1.4901 train 0.4778 test 0.5014
epoch 8/200 loss 1.4206 train 0.4916 test 0.4804
epoch 9/200 loss 1.3734 train 0.5140 test 0.5216
epoch 10/200 loss 1.2833 train 0.5559 test 0.4552
epoch 11/200 loss 1.2154 train 0.5803 test 0.4953
epoch 12/200 loss 1.1699 train 0.5913 test 0.4944
epoch 13/200 loss 1.1222 train 0.6102 test 0.5304
epoch 14/200 loss 1.0564 train 0.6298 test 0.5485
epoch 15/200 loss 0.9972 train 0.6492 test 0.5741
epoch 16/200 loss 0.9769 train 0.6609 test 0.5808
epoch 17/200 loss 0.9355 train 0.6775 test 0.6060
epoch 18/200 loss 0.8968 train 0.6911 test 0.5757
epoch 19/200 loss 0.8440 train 0.7069 test 0.6213
epoch 20/200 loss 0.8024 train 0.7280 test 0.5827
epoch 21/200 loss 0.7962 train 0.7296 test 0.5464
epoch 22/200 loss 0.7420 train 0.7488 test 0.6642
epoch 23/200 loss 0.7429 train 0.7428 test 0.6392
epoch 24/200 loss 0.7012 train 0.7596 test 0.6629
epoch 25/200 loss 0.6603 train 0.7784 test 0.6525
epoch 26/200 loss 0.6526 train 0.7867 test 0.6759
epoch 27/200 loss 0.6356 train 0.7873 test 0.6897
epoch 28/200 loss 0.6131 train 0.7957 test 0.6578
epoch 29/200 loss 0.5821 train 0.8013 test 0.6697
epoch 30/200 loss 0.5639 train 0.8175 test 0.6420
epoch 31/200 loss 0.5471 train 0.8199 test 0.6937
epoch 32/200 loss 0.5076 train 0.8381 test 0.6689
epoch 33/200 loss 0.4865 train 0.8411 test 0.7032
epoch 34/200 loss 0.4886 train 0.8405 test 0.6750
epoch 35/200 loss 0.4417 train 0.8584 test 0.7172
epoch 36/200 loss 0.4338 train 0.8600 test 0.6960
epoch 37/200 loss 0.4321 train 0.8614 test 0.7144
epoch 38/200 loss 0.4403 train 0.8580 test 0.6848
epoch 39/200 loss 0.3927 train 0.8786 test 0.6039
epoch 40/200 loss 0.4002 train 0.8736 test 0.6513
epoch 41/200 loss 0.3770 train 0.8804 test 0.6842
epoch 42/200 loss 0.3095 train 0.9071 test 0.7349
epoch 43/200 loss 0.3195 train 0.9012 test 0.6204
epoch 44/200 loss 0.3475 train 0.8900 test 0.7097
epoch 45/200 loss 0.3028 train 0.9058 test 0.6944
epoch 46/200 loss 0.2867 train 0.9093 test 0.7061
epoch 47/200 loss 0.3049 train 0.9026 test 0.6652
epoch 48/200 loss 0.2670 train 0.9205 test 0.7273
epoch 49/200 loss 0.2777 train 0.9157 test 0.6889
epoch 50/200 loss 0.2676 train 0.9181 test 0.7117
epoch 51/200 loss 0.2318 train 0.9323 test 0.7230
epoch 52/200 loss 0.2285 train 0.9317 test 0.7181
epoch 53/200 loss 0.2257 train 0.9317 test 0.7487
epoch 54/200 loss 0.2261 train 0.9333 test 0.6913
epoch 55/200 loss 0.2104 train 0.9393 test 0.7460
epoch 56/200 loss 0.2402 train 0.9253 test 0.6426
epoch 57/200 loss 0.2437 train 0.9223 test 0.7047
epoch 58/200 loss 0.2265 train 0.9327 test 0.7563
epoch 59/200 loss 0.2063 train 0.9431 test 0.7283
epoch 60/200 loss 0.1970 train 0.9417 test 0.7152
epoch 61/200 loss 0.1933 train 0.9491 test 0.7247
epoch 62/200 loss 0.1847 train 0.9477 test 0.7248
epoch 63/200 loss 0.1534 train 0.9593 test 0.7583
epoch 64/200 loss 0.1670 train 0.9509 test 0.7294
epoch 65/200 loss 0.1483 train 0.9579 test 0.7398
epoch 66/200 loss 0.1635 train 0.9547 test 0.7210
epoch 67/200 loss 0.1673 train 0.9523 test 0.7021
epoch 68/200 loss 0.1996 train 0.9389 test 0.7080
epoch 69/200 loss 0.1453 train 0.9599 test 0.7149
epoch 70/200 loss 0.1376 train 0.9639 test 0.7486
epoch 71/200 loss 0.1267 train 0.9665 test 0.7278
epoch 72/200 loss 0.1223 train 0.9677 test 0.7591
epoch 73/200 loss 0.1153 train 0.9702 test 0.7281
epoch 74/200 loss 0.1486 train 0.9547 test 0.7416
epoch 75/200 loss 0.1752 train 0.9491 test 0.7222
epoch 76/200 loss 0.1394 train 0.9605 test 0.7501
epoch 77/200 loss 0.0942 train 0.9766 test 0.7347
epoch 78/200 loss 0.1111 train 0.9730 test 0.7631
epoch 79/200 loss 0.1181 train 0.9663 test 0.7484
epoch 80/200 loss 0.0928 train 0.9780 test 0.7293
epoch 81/200 loss 0.0955 train 0.9748 test 0.7668
epoch 82/200 loss 0.0927 train 0.9754 test 0.7592
epoch 83/200 loss 0.1155 train 0.9685 test 0.7482
epoch 84/200 loss 0.1211 train 0.9667 test 0.7616
epoch 85/200 loss 0.1145 train 0.9708 test 0.7426
epoch 86/200 loss 0.0970 train 0.9762 test 0.7503
epoch 87/200 loss 0.0994 train 0.9742 test 0.7124
epoch 88/200 loss 0.1021 train 0.9730 test 0.7635
epoch 89/200 loss 0.1020 train 0.9696 test 0.7443
epoch 90/200 loss 0.0728 train 0.9836 test 0.7869
epoch 91/200 loss 0.0611 train 0.9878 test 0.7715
epoch 92/200 loss 0.0649 train 0.9860 test 0.7274
epoch 93/200 loss 0.0573 train 0.9864 test 0.7785
epoch 94/200 loss 0.0638 train 0.9858 test 0.7639
epoch 95/200 loss 0.0786 train 0.9796 test 0.7559
epoch 96/200 loss 0.0697 train 0.9834 test 0.7608
epoch 97/200 loss 0.0624 train 0.9838 test 0.7651
epoch 98/200 loss 0.0547 train 0.9874 test 0.7753
epoch 99/200 loss 0.0465 train 0.9896 test 0.7747
epoch 100/200 loss 0.0622 train 0.9852 test 0.7768
epoch 101/200 loss 0.0679 train 0.9842 test 0.7815
epoch 102/200 loss 0.0503 train 0.9884 test 0.7555
epoch 103/200 loss 0.0536 train 0.9876 test 0.7760
epoch 104/200 loss 0.0552 train 0.9878 test 0.7795
epoch 105/200 loss 0.0540 train 0.9884 test 0.7810
epoch 106/200 loss 0.0400 train 0.9926 test 0.7754
epoch 107/200 loss 0.0441 train 0.9910 test 0.7891
epoch 108/200 loss 0.0417 train 0.9906 test 0.7818
epoch 109/200 loss 0.0376 train 0.9932 test 0.7865
epoch 110/200 loss 0.0354 train 0.9940 test 0.7931
epoch 111/200 loss 0.0251 train 0.9974 test 0.7885
epoch 112/200 loss 0.0230 train 0.9972 test 0.8023
epoch 113/200 loss 0.0244 train 0.9972 test 0.7877
epoch 114/200 loss 0.0198 train 0.9988 test 0.8039
epoch 115/200 loss 0.0194 train 0.9982 test 0.7979
epoch 116/200 loss 0.0156 train 0.9992 test 0.8054
epoch 117/200 loss 0.0154 train 0.9988 test 0.8061
epoch 118/200 loss 0.0149 train 0.9990 test 0.7958
epoch 119/200 loss 0.0150 train 0.9988 test 0.8062
epoch 120/200 loss 0.0123 train 0.9994 test 0.8089
epoch 121/200 loss 0.0135 train 0.9988 test 0.8080
epoch 122/200 loss 0.0111 train 1.0000 test 0.8105
epoch 123/200 loss 0.0099 train 1.0000 test 0.8159
epoch 124/200 loss 0.0095 train 1.0000 test 0.8157
epoch 125/200 loss 0.0093 train 0.9998 test 0.8173
epoch 126/200 loss 0.0095 train 0.9998 test 0.8159
epoch 127/200 loss 0.0087 train 1.0000 test 0.8176
epoch 128/200 loss 0.0082 train 1.0000 test 0.8168
epoch 129/200 loss 0.0077 train 1.0000 test 0.8174
epoch 130/200 loss 0.0078 train 1.0000 test 0.8162
epoch 131/200 loss 0.0077 train 1.0000 test 0.8146
epoch 132/200 loss 0.0074 train 1.0000 test 0.8154
epoch 133/200 loss 0.0072 train 1.0000 test 0.8157
epoch 134/200 loss 0.0069 train 0.9998 test 0.8176
epoch 135/200 loss 0.0066 train 1.0000 test 0.8180
epoch 136/200 loss 0.0066 train 0.9998 test 0.8154
epoch 137/200 loss 0.0065 train 1.0000 test 0.8169
epoch 138/200 loss 0.0065 train 1.0000 test 0.8163
epoch 139/200 loss 0.0061 train 1.0000 test 0.8171
epoch 140/200 loss 0.0058 train 1.0000 test 0.8161
epoch 141/200 loss 0.0056 train 1.0000 test 0.8169
epoch 142/200 loss 0.0055 train 1.0000 test 0.8164
epoch 143/200 loss 0.0056 train 1.0000 test 0.8170
epoch 144/200 loss 0.0053 train 1.0000 test 0.8187
epoch 145/200 loss 0.0050 train 1.0000 test 0.8177
epoch 146/200 loss 0.0049 train 1.0000 test 0.8173
epoch 147/200 loss 0.0052 train 0.9998 test 0.8171
epoch 148/200 loss 0.0047 train 1.0000 test 0.8174
epoch 149/200 loss 0.0045 train 1.0000 test 0.8174
epoch 150/200 loss 0.0046 train 1.0000 test 0.8183
epoch 151/200 loss 0.0042 train 1.0000 test 0.8178
epoch 152/200 loss 0.0042 train 1.0000 test 0.8183
epoch 153/200 loss 0.0042 train 1.0000 test 0.8182
epoch 154/200 loss 0.0041 train 1.0000 test 0.8180
epoch 155/200 loss 0.0040 train 1.0000 test 0.8194
epoch 156/200 loss 0.0039 train 1.0000 test 0.8200
epoch 157/200 loss 0.0037 train 1.0000 test 0.8206
epoch 158/200 loss 0.0036 train 1.0000 test 0.8192
epoch 159/200 loss 0.0036 train 1.0000 test 0.8197
epoch 160/200 loss 0.0037 train 1.0000 test 0.8180
epoch 161/200 loss 0.0036 train 1.0000 test 0.8172
epoch 162/200 loss 0.0035 train 0.9998 test 0.8181
epoch 163/200 loss 0.0032 train 1.0000 test 0.8185
epoch 164/200 loss 0.0030 train 1.0000 test 0.8182
epoch 165/200 loss 0.0029 train 1.0000 test 0.8176
epoch 166/200 loss 0.0031 train 1.0000 test 0.8185
epoch 167/200 loss 0.0028 train 1.0000 test 0.8176
epoch 168/200 loss 0.0027 train 1.0000 test 0.8183
epoch 169/200 loss 0.0029 train 1.0000 test 0.8180
epoch 170/200 loss 0.0028 train 1.0000 test 0.8180
epoch 171/200 loss 0.0024 train 1.0000 test 0.8179
epoch 172/200 loss 0.0026 train 1.0000 test 0.8188
epoch 173/200 loss 0.0025 train 1.0000 test 0.8175
epoch 174/200 loss 0.0026 train 1.0000 test 0.8203
epoch 175/200 loss 0.0023 train 1.0000 test 0.8182
epoch 176/200 loss 0.0021 train 1.0000 test 0.8185
epoch 177/200 loss 0.0023 train 1.0000 test 0.8204
epoch 178/200 loss 0.0020 train 1.0000 test 0.8196
epoch 179/200 loss 0.0021 train 1.0000 test 0.8179
epoch 180/200 loss 0.0018 train 1.0000 test 0.8190
epoch 181/200 loss 0.0021 train 1.0000 test 0.8177
epoch 182/200 loss 0.0020 train 1.0000 test 0.8181
epoch 183/200 loss 0.0020 train 1.0000 test 0.8173
epoch 184/200 loss 0.0019 train 1.0000 test 0.8182
epoch 185/200 loss 0.0017 train 1.0000 test 0.8183
epoch 186/200 loss 0.0018 train 1.0000 test 0.8191
epoch 187/200 loss 0.0016 train 1.0000 test 0.8186
epoch 188/200 loss 0.0016 train 1.0000 test 0.8191
epoch 189/200 loss 0.0017 train 1.0000 test 0.8185
epoch 190/200 loss 0.0017 train 1.0000 test 0.8190
epoch 191/200 loss 0.0017 train 1.0000 test 0.8180
epoch 192/200 loss 0.0015 train 1.0000 test 0.8190
epoch 193/200 loss 0.0015 train 1.0000 test 0.8182
epoch 194/200 loss 0.0015 train 1.0000 test 0.8185
epoch 195/200 loss 0.0015 train 1.0000 test 0.8184
epoch 196/200 loss 0.0016 train 1.0000 test 0.8193
epoch 197/200 loss 0.0017 train 1.0000 test 0.8193
epoch 198/200 loss 0.0016 train 1.0000 test 0.8186
epoch 199/200 loss 0.0015 train 1.0000 test 0.8194
epoch 200/200 loss 0.0014 train 1.0000 test 0.8179
done: final 0.8179 best 0.8206 -> ./runs/c10_aux_10pct_l03/seed1
FRONTIER2_DONE c10_aux_10pct_l03_seed1
FRONTIER2_START c10_aux_10pct_l03_seed2
moment-aux target calibrated on 1024 images
[c10_aux_10pct_l03 seed2] {"params_trainable": 11176018, "params_stem_trainable": 0, "params_stem_fixed_filters": 0, "flops_total": 556659712, "flops_stem": 0, "flops_image_size": 32}
epoch 1/200 loss 2.4709 train 0.2145 test 0.2501
epoch 2/200 loss 2.0989 train 0.2798 test 0.3118
epoch 3/200 loss 1.9212 train 0.3205 test 0.3263
epoch 4/200 loss 1.7778 train 0.3584 test 0.3277
epoch 5/200 loss 1.6583 train 0.4010 test 0.4321
epoch 6/200 loss 1.5779 train 0.4367 test 0.4577
epoch 7/200 loss 1.5187 train 0.4617 test 0.4874
epoch 8/200 loss 1.3811 train 0.5154 test 0.5002
epoch 9/200 loss 1.3012 train 0.5435 test 0.4775
epoch 10/200 loss 1.2859 train 0.5563 test 0.5476
epoch 11/200 loss 1.1781 train 0.5869 test 0.5620
epoch 12/200 loss 1.1558 train 0.5982 test 0.4915
epoch 13/200 loss 1.1122 train 0.6070 test 0.6166
epoch 14/200 loss 1.0460 train 0.6380 test 0.5754
epoch 15/200 loss 0.9966 train 0.6544 test 0.6013
epoch 16/200 loss 0.9185 train 0.6797 test 0.6083
epoch 17/200 loss 0.8917 train 0.6991 test 0.5688
epoch 18/200 loss 0.8664 train 0.7019 test 0.6172
epoch 19/200 loss 0.8455 train 0.7113 test 0.5466
epoch 20/200 loss 0.7957 train 0.7266 test 0.6328
epoch 21/200 loss 0.7712 train 0.7370 test 0.5881
epoch 22/200 loss 0.7310 train 0.7538 test 0.6590
epoch 23/200 loss 0.7204 train 0.7540 test 0.6452
epoch 24/200 loss 0.6668 train 0.7744 test 0.6169
epoch 25/200 loss 0.6245 train 0.7879 test 0.6640
epoch 26/200 loss 0.6415 train 0.7881 test 0.5434
epoch 27/200 loss 0.5904 train 0.8033 test 0.7152
epoch 28/200 loss 0.5751 train 0.8039 test 0.6685
epoch 29/200 loss 0.5568 train 0.8145 test 0.6910
epoch 30/200 loss 0.5419 train 0.8293 test 0.6999
epoch 31/200 loss 0.5116 train 0.8365 test 0.6229
epoch 32/200 loss 0.4801 train 0.8435 test 0.6573
epoch 33/200 loss 0.4600 train 0.8546 test 0.6580
epoch 34/200 loss 0.4646 train 0.8480 test 0.6831
epoch 35/200 loss 0.4490 train 0.8544 test 0.6507
epoch 36/200 loss 0.4355 train 0.8602 test 0.7047
epoch 37/200 loss 0.4079 train 0.8680 test 0.6918
epoch 38/200 loss 0.3705 train 0.8826 test 0.7132
epoch 39/200 loss 0.4256 train 0.8636 test 0.6325
epoch 40/200 loss 0.3837 train 0.8784 test 0.7140
epoch 41/200 loss 0.3551 train 0.8880 test 0.7329
epoch 42/200 loss 0.3491 train 0.8932 test 0.6599
epoch 43/200 loss 0.3295 train 0.9004 test 0.6826
epoch 44/200 loss 0.3567 train 0.8890 test 0.6513
epoch 45/200 loss 0.2980 train 0.9111 test 0.7219
epoch 46/200 loss 0.2750 train 0.9169 test 0.7153
epoch 47/200 loss 0.2891 train 0.9107 test 0.7283
epoch 48/200 loss 0.2884 train 0.9081 test 0.7236
epoch 49/200 loss 0.2776 train 0.9185 test 0.6918
epoch 50/200 loss 0.2822 train 0.9127 test 0.7153
epoch 51/200 loss 0.2363 train 0.9289 test 0.7190
epoch 52/200 loss 0.2155 train 0.9375 test 0.7146
epoch 53/200 loss 0.2581 train 0.9263 test 0.6968
epoch 54/200 loss 0.2347 train 0.9319 test 0.7291
epoch 55/200 loss 0.2197 train 0.9367 test 0.7249
epoch 56/200 loss 0.1940 train 0.9449 test 0.7531
epoch 57/200 loss 0.2122 train 0.9365 test 0.7276
epoch 58/200 loss 0.1801 train 0.9485 test 0.7314
epoch 59/200 loss 0.1851 train 0.9471 test 0.7340
epoch 60/200 loss 0.1834 train 0.9527 test 0.7114
epoch 61/200 loss 0.1928 train 0.9433 test 0.7109
epoch 62/200 loss 0.1813 train 0.9517 test 0.7551
epoch 63/200 loss 0.1745 train 0.9525 test 0.7351
epoch 64/200 loss 0.2020 train 0.9423 test 0.7244
epoch 65/200 loss 0.1520 train 0.9603 test 0.7248
epoch 66/200 loss 0.1586 train 0.9563 test 0.7532
epoch 67/200 loss 0.1499 train 0.9609 test 0.7477
epoch 68/200 loss 0.1561 train 0.9565 test 0.7192
epoch 69/200 loss 0.1583 train 0.9545 test 0.7496
epoch 70/200 loss 0.1527 train 0.9591 test 0.7422
epoch 71/200 loss 0.1419 train 0.9627 test 0.7425
epoch 72/200 loss 0.1343 train 0.9627 test 0.7059
epoch 73/200 loss 0.1264 train 0.9679 test 0.7247
epoch 74/200 loss 0.1274 train 0.9657 test 0.7619
epoch 75/200 loss 0.1300 train 0.9645 test 0.7449
epoch 76/200 loss 0.1354 train 0.9641 test 0.7479
epoch 77/200 loss 0.1218 train 0.9681 test 0.7117
epoch 78/200 loss 0.1046 train 0.9730 test 0.7473
epoch 79/200 loss 0.0950 train 0.9770 test 0.7702
epoch 80/200 loss 0.0832 train 0.9794 test 0.7490
epoch 81/200 loss 0.0867 train 0.9804 test 0.7581
epoch 82/200 loss 0.0862 train 0.9800 test 0.7642
epoch 83/200 loss 0.0779 train 0.9816 test 0.7651
epoch 84/200 loss 0.0981 train 0.9760 test 0.6892
epoch 85/200 loss 0.1168 train 0.9692 test 0.7455
epoch 86/200 loss 0.1377 train 0.9607 test 0.7253
epoch 87/200 loss 0.1137 train 0.9700 test 0.7545
epoch 88/200 loss 0.0950 train 0.9752 test 0.7497
epoch 89/200 loss 0.0707 train 0.9844 test 0.7568
epoch 90/200 loss 0.0718 train 0.9824 test 0.7461
epoch 91/200 loss 0.0844 train 0.9792 test 0.7502
epoch 92/200 loss 0.0822 train 0.9792 test 0.7558
epoch 93/200 loss 0.0540 train 0.9902 test 0.7565
epoch 94/200 loss 0.0503 train 0.9900 test 0.7714
epoch 95/200 loss 0.0609 train 0.9846 test 0.7605
epoch 96/200 loss 0.0734 train 0.9822 test 0.7619
epoch 97/200 loss 0.0733 train 0.9812 test 0.7676
epoch 98/200 loss 0.0713 train 0.9818 test 0.7261
epoch 99/200 loss 0.0634 train 0.9864 test 0.7747
epoch 100/200 loss 0.0550 train 0.9894 test 0.7676
epoch 101/200 loss 0.0681 train 0.9822 test 0.7449
epoch 102/200 loss 0.0664 train 0.9844 test 0.7681
epoch 103/200 loss 0.0620 train 0.9856 test 0.7498
epoch 104/200 loss 0.0530 train 0.9890 test 0.7753
epoch 105/200 loss 0.0428 train 0.9916 test 0.7744
epoch 106/200 loss 0.0395 train 0.9924 test 0.7805
epoch 107/200 loss 0.0327 train 0.9952 test 0.7979
epoch 108/200 loss 0.0320 train 0.9950 test 0.7878
epoch 109/200 loss 0.0401 train 0.9900 test 0.7704
epoch 110/200 loss 0.0407 train 0.9912 test 0.7656
epoch 111/200 loss 0.0324 train 0.9954 test 0.7918
epoch 112/200 loss 0.0276 train 0.9952 test 0.7971
epoch 113/200 loss 0.0232 train 0.9974 test 0.7989
epoch 114/200 loss 0.0200 train 0.9986 test 0.8069
epoch 115/200 loss 0.0166 train 0.9986 test 0.8086
epoch 116/200 loss 0.0235 train 0.9970 test 0.7889
epoch 117/200 loss 0.0245 train 0.9956 test 0.7962
epoch 118/200 loss 0.0207 train 0.9976 test 0.7976
epoch 119/200 loss 0.0157 train 0.9998 test 0.8074
epoch 120/200 loss 0.0144 train 0.9994 test 0.8002
epoch 121/200 loss 0.0119 train 0.9998 test 0.8108
epoch 122/200 loss 0.0108 train 1.0000 test 0.8154
epoch 123/200 loss 0.0103 train 1.0000 test 0.8166
epoch 124/200 loss 0.0102 train 0.9998 test 0.8154
epoch 125/200 loss 0.0091 train 1.0000 test 0.8155
epoch 126/200 loss 0.0091 train 1.0000 test 0.8185
epoch 127/200 loss 0.0087 train 1.0000 test 0.8191
epoch 128/200 loss 0.0084 train 0.9998 test 0.8168
epoch 129/200 loss 0.0083 train 0.9998 test 0.8145
epoch 130/200 loss 0.0086 train 0.9998 test 0.8142
epoch 131/200 loss 0.0081 train 0.9998 test 0.8143
epoch 132/200 loss 0.0074 train 1.0000 test 0.8157
epoch 133/200 loss 0.0074 train 1.0000 test 0.8165
epoch 134/200 loss 0.0070 train 1.0000 test 0.8197
epoch 135/200 loss 0.0071 train 0.9998 test 0.8148
epoch 136/200 loss 0.0070 train 1.0000 test 0.8149
epoch 137/200 loss 0.0066 train 1.0000 test 0.8132
epoch 138/200 loss 0.0068 train 1.0000 test 0.8153
epoch 139/200 loss 0.0065 train 0.9998 test 0.8167
epoch 140/200 loss 0.0063 train 1.0000 test 0.8148
epoch 141/200 loss 0.0063 train 1.0000 test 0.8149
epoch 142/200 loss 0.0059 train 1.0000 test 0.8165
epoch 143/200 loss 0.0059 train 1.0000 test 0.8169
epoch 144/200 loss 0.0054 train 1.0000 test 0.8159
epoch 145/200 loss 0.0053 train 1.0000 test 0.8152
epoch 146/200 loss 0.0053 train 1.0000 test 0.8170
epoch 147/200 loss 0.0051 train 1.0000 test 0.8162
epoch 148/200 loss 0.0048 train 1.0000 test 0.8149
epoch 149/200 loss 0.0047 train 1.0000 test 0.8189
epoch 150/200 loss 0.0046 train 1.0000 test 0.8178
epoch 151/200 loss 0.0046 train 1.0000 test 0.8187
epoch 152/200 loss 0.0044 train 1.0000 test 0.8192
epoch 153/200 loss 0.0044 train 1.0000 test 0.8192
epoch 154/200 loss 0.0041 train 1.0000 test 0.8190
epoch 155/200 loss 0.0039 train 1.0000 test 0.8192
epoch 156/200 loss 0.0039 train 1.0000 test 0.8189
epoch 157/200 loss 0.0038 train 1.0000 test 0.8187
epoch 158/200 loss 0.0035 train 1.0000 test 0.8190
epoch 159/200 loss 0.0035 train 1.0000 test 0.8196
epoch 160/200 loss 0.0036 train 1.0000 test 0.8203
epoch 161/200 loss 0.0036 train 1.0000 test 0.8178
epoch 162/200 loss 0.0033 train 1.0000 test 0.8179
epoch 163/200 loss 0.0032 train 1.0000 test 0.8163
epoch 164/200 loss 0.0033 train 1.0000 test 0.8179
epoch 165/200 loss 0.0031 train 1.0000 test 0.8187
epoch 166/200 loss 0.0029 train 1.0000 test 0.8184
epoch 167/200 loss 0.0030 train 0.9998 test 0.8179
epoch 168/200 loss 0.0029 train 1.0000 test 0.8174
epoch 169/200 loss 0.0026 train 1.0000 test 0.8193
epoch 170/200 loss 0.0026 train 1.0000 test 0.8176
epoch 171/200 loss 0.0025 train 1.0000 test 0.8188
epoch 172/200 loss 0.0024 train 1.0000 test 0.8193
epoch 173/200 loss 0.0023 train 1.0000 test 0.8187
epoch 174/200 loss 0.0023 train 1.0000 test 0.8198
epoch 175/200 loss 0.0025 train 1.0000 test 0.8198
epoch 176/200 loss 0.0022 train 1.0000 test 0.8200
epoch 177/200 loss 0.0025 train 1.0000 test 0.8209
epoch 178/200 loss 0.0020 train 1.0000 test 0.8186
epoch 179/200 loss 0.0020 train 1.0000 test 0.8189
epoch 180/200 loss 0.0019 train 1.0000 test 0.8196
epoch 181/200 loss 0.0021 train 1.0000 test 0.8195
epoch 182/200 loss 0.0018 train 1.0000 test 0.8184
epoch 183/200 loss 0.0017 train 1.0000 test 0.8189
epoch 184/200 loss 0.0018 train 1.0000 test 0.8201
epoch 185/200 loss 0.0016 train 1.0000 test 0.8192
epoch 186/200 loss 0.0018 train 1.0000 test 0.8206
epoch 187/200 loss 0.0016 train 1.0000 test 0.8190
epoch 188/200 loss 0.0017 train 1.0000 test 0.8194
epoch 189/200 loss 0.0015 train 1.0000 test 0.8193
epoch 190/200 loss 0.0016 train 1.0000 test 0.8191
epoch 191/200 loss 0.0015 train 1.0000 test 0.8180
epoch 192/200 loss 0.0015 train 1.0000 test 0.8200
epoch 193/200 loss 0.0013 train 1.0000 test 0.8196
epoch 194/200 loss 0.0015 train 1.0000 test 0.8196
epoch 195/200 loss 0.0014 train 1.0000 test 0.8200
epoch 196/200 loss 0.0014 train 1.0000 test 0.8195
epoch 197/200 loss 0.0015 train 1.0000 test 0.8201
epoch 198/200 loss 0.0013 train 1.0000 test 0.8211
epoch 199/200 loss 0.0014 train 1.0000 test 0.8206
epoch 200/200 loss 0.0014 train 1.0000 test 0.8197
done: final 0.8197 best 0.8211 -> ./runs/c10_aux_10pct_l03/seed2
FRONTIER2_DONE c10_aux_10pct_l03_seed2
FRONTIER2_CELL_DONE c10_aux_10pct_l03
FRONTIER2_START tin_aux_5pct_l20_seed0
moment-aux target calibrated on 1024 images
[tin_aux_5pct_l20 seed0] {"params_trainable": 11273488, "params_stem_trainable": 0, "params_stem_fixed_filters": 0, "flops_total": 2226720768, "flops_stem": 0, "flops_image_size": 64}
epoch 1/200 loss 6.9968 train 0.0072 test 0.0204
epoch 2/200 loss 5.4945 train 0.0232 test 0.0291
epoch 3/200 loss 5.1360 train 0.0395 test 0.0501
epoch 4/200 loss 4.8663 train 0.0543 test 0.0472
epoch 5/200 loss 4.6838 train 0.0729 test 0.0369
epoch 6/200 loss 4.5210 train 0.0757 test 0.0598
epoch 7/200 loss 4.3996 train 0.0931 test 0.0587
epoch 8/200 loss 4.2626 train 0.1036 test 0.0632
epoch 9/200 loss 4.1628 train 0.1174 test 0.0866
epoch 10/200 loss 4.0692 train 0.1226 test 0.0776
epoch 11/200 loss 3.9907 train 0.1330 test 0.0796
epoch 12/200 loss 3.8835 train 0.1444 test 0.0895
epoch 13/200 loss 3.8065 train 0.1526 test 0.0962
epoch 14/200 loss 3.6909 train 0.1755 test 0.0878
epoch 15/200 loss 3.6199 train 0.1895 test 0.0713
epoch 16/200 loss 3.5443 train 0.1959 test 0.1021
epoch 17/200 loss 3.4626 train 0.2085 test 0.1060
epoch 18/200 loss 3.3871 train 0.2190 test 0.1115
epoch 19/200 loss 3.2757 train 0.2370 test 0.1103
epoch 20/200 loss 3.2218 train 0.2436 test 0.1214
epoch 21/200 loss 3.1405 train 0.2582 test 0.1115
epoch 22/200 loss 3.0838 train 0.2610 test 0.1301
epoch 23/200 loss 2.9939 train 0.2883 test 0.1327
epoch 24/200 loss 2.9167 train 0.2953 test 0.1159
epoch 25/200 loss 2.8440 train 0.3153 test 0.1275
epoch 26/200 loss 2.7423 train 0.3271 test 0.1283
epoch 27/200 loss 2.6611 train 0.3482 test 0.1128
epoch 28/200 loss 2.6024 train 0.3522 test 0.1459
epoch 29/200 loss 2.4811 train 0.3856 test 0.1259
epoch 30/200 loss 2.4035 train 0.3878 test 0.1450
epoch 31/200 loss 2.3071 train 0.4151 test 0.1413
epoch 32/200 loss 2.1795 train 0.4415 test 0.1402
epoch 33/200 loss 2.0969 train 0.4609 test 0.1323
epoch 34/200 loss 2.0117 train 0.4808 test 0.1207
epoch 35/200 loss 1.9365 train 0.5012 test 0.1549
epoch 36/200 loss 1.8285 train 0.5230 test 0.1504
epoch 37/200 loss 1.6785 train 0.5587 test 0.1398
epoch 38/200 loss 1.6316 train 0.5673 test 0.1320
epoch 39/200 loss 1.5418 train 0.5875 test 0.1435
epoch 40/200 loss 1.4002 train 0.6328 test 0.1468
epoch 41/200 loss 1.3057 train 0.6432 test 0.1218
epoch 42/200 loss 1.2243 train 0.6753 test 0.1503
epoch 43/200 loss 1.1394 train 0.6997 test 0.1468
epoch 44/200 loss 1.0068 train 0.7414 test 0.1464
epoch 45/200 loss 0.9381 train 0.7490 test 0.1458
epoch 46/200 loss 0.8002 train 0.7971 test 0.1560
epoch 47/200 loss 0.7431 train 0.8131 test 0.1483
epoch 48/200 loss 0.6556 train 0.8395 test 0.1504
epoch 49/200 loss 0.5739 train 0.8646 test 0.1573
epoch 50/200 loss 0.5485 train 0.8692 test 0.1546
epoch 51/200 loss 0.5017 train 0.8886 test 0.1496
epoch 52/200 loss 0.4139 train 0.9119 test 0.1692
epoch 53/200 loss 0.3307 train 0.9375 test 0.1691
epoch 54/200 loss 0.3097 train 0.9429 test 0.1723
epoch 55/200 loss 0.2928 train 0.9465 test 0.1504
epoch 56/200 loss 0.2375 train 0.9617 test 0.1850
epoch 57/200 loss 0.1712 train 0.9796 test 0.1811
epoch 58/200 loss 0.1475 train 0.9846 test 0.1961
epoch 59/200 loss 0.1182 train 0.9888 test 0.1919
epoch 60/200 loss 0.0927 train 0.9948 test 0.1975
epoch 61/200 loss 0.0847 train 0.9952 test 0.1917
epoch 62/200 loss 0.0707 train 0.9984 test 0.2078
epoch 63/200 loss 0.0549 train 0.9994 test 0.2058
epoch 64/200 loss 0.0528 train 0.9988 test 0.2091
epoch 65/200 loss 0.0445 train 0.9996 test 0.2118
epoch 66/200 loss 0.0428 train 0.9998 test 0.2170
epoch 67/200 loss 0.0392 train 1.0000 test 0.2190
epoch 68/200 loss 0.0371 train 1.0000 test 0.2148
epoch 69/200 loss 0.0386 train 1.0000 test 0.2173
epoch 70/200 loss 0.0376 train 1.0000 test 0.2154
epoch 71/200 loss 0.0370 train 1.0000 test 0.2114
epoch 72/200 loss 0.0359 train 1.0000 test 0.2178
epoch 73/200 loss 0.0364 train 1.0000 test 0.2185
epoch 74/200 loss 0.0379 train 0.9994 test 0.2180
epoch 75/200 loss 0.0582 train 0.9970 test 0.1950
epoch 76/200 loss 0.0689 train 0.9976 test 0.1899
epoch 77/200 loss 0.0560 train 0.9996 test 0.2044
epoch 78/200 loss 0.0529 train 0.9996 test 0.2052
epoch 79/200 loss 0.0474 train 0.9996 test 0.2126
epoch 80/200 loss 0.0368 train 1.0000 test 0.2183
epoch 81/200 loss 0.0357 train 1.0000 test 0.2150
epoch 82/200 loss 0.0367 train 0.9998 test 0.2013
epoch 83/200 loss 0.0353 train 1.0000 test 0.2147
epoch 84/200 loss 0.0323 train 1.0000 test 0.2174
epoch 85/200 loss 0.0338 train 1.0000 test 0.2172
epoch 86/200 loss 0.0310 train 1.0000 test 0.2194
epoch 87/200 loss 0.0302 train 1.0000 test 0.2175
epoch 88/200 loss 0.0353 train 0.9988 test 0.2083
epoch 89/200 loss 0.0690 train 0.9988 test 0.2009
epoch 90/200 loss 0.0714 train 0.9988 test 0.2039
epoch 91/200 loss 0.0781 train 0.9962 test 0.1724
epoch 92/200 loss 0.2693 train 0.9553 test 0.1361
epoch 93/200 loss 0.9930 train 0.7482 test 0.0857
epoch 94/200 loss 1.1925 train 0.6837 test 0.1295
epoch 95/200 loss 0.7952 train 0.8043 test 0.1464
epoch 96/200 loss 0.4666 train 0.9097 test 0.1637
epoch 97/200 loss 0.2746 train 0.9577 test 0.1680
epoch 98/200 loss 0.1618 train 0.9842 test 0.1909
epoch 99/200 loss 0.1044 train 0.9910 test 0.2053
epoch 100/200 loss 0.0618 train 0.9974 test 0.2095
epoch 101/200 loss 0.0451 train 0.9990 test 0.2167
epoch 102/200 loss 0.0335 train 1.0000 test 0.2226
epoch 103/200 loss 0.0281 train 1.0000 test 0.2210
epoch 104/200 loss 0.0258 train 1.0000 test 0.2260
epoch 105/200 loss 0.0250 train 1.0000 test 0.2241
epoch 106/200 loss 0.0237 train 1.0000 test 0.2232
epoch 107/200 loss 0.0228 train 1.0000 test 0.2221
epoch 108/200 loss 0.0225 train 1.0000 test 0.2274
epoch 109/200 loss 0.0223 train 1.0000 test 0.2256
epoch 110/200 loss 0.0240 train 1.0000 test 0.2261
epoch 111/200 loss 0.0224 train 1.0000 test 0.2253
epoch 112/200 loss 0.0219 train 1.0000 test 0.2262
epoch 113/200 loss 0.0215 train 1.0000 test 0.2271
epoch 114/200 loss 0.0213 train 1.0000 test 0.2235
epoch 115/200 loss 0.0213 train 1.0000 test 0.2270
epoch 116/200 loss 0.0206 train 1.0000 test 0.2290
epoch 117/200 loss 0.0206 train 1.0000 test 0.2261
epoch 118/200 loss 0.0211 train 1.0000 test 0.2267
epoch 119/200 loss 0.0207 train 1.0000 test 0.2279
epoch 120/200 loss 0.0203 train 1.0000 test 0.2278
epoch 121/200 loss 0.0205 train 1.0000 test 0.2280
epoch 122/200 loss 0.0201 train 1.0000 test 0.2271
epoch 123/200 loss 0.0200 train 1.0000 test 0.2266
epoch 124/200 loss 0.0195 train 1.0000 test 0.2282
epoch 125/200 loss 0.0200 train 1.0000 test 0.2280
epoch 126/200 loss 0.0196 train 1.0000 test 0.2278
epoch 127/200 loss 0.0187 train 1.0000 test 0.2247
epoch 128/200 loss 0.0192 train 1.0000 test 0.2285
epoch 129/200 loss 0.0193 train 1.0000 test 0.2268
epoch 130/200 loss 0.0193 train 1.0000 test 0.2290
epoch 131/200 loss 0.0187 train 1.0000 test 0.2286
epoch 132/200 loss 0.0190 train 1.0000 test 0.2277
epoch 133/200 loss 0.0185 train 1.0000 test 0.2275
epoch 134/200 loss 0.0186 train 1.0000 test 0.2272
epoch 135/200 loss 0.0185 train 1.0000 test 0.2278
epoch 136/200 loss 0.0179 train 1.0000 test 0.2287
epoch 137/200 loss 0.0181 train 1.0000 test 0.2258
epoch 138/200 loss 0.0179 train 1.0000 test 0.2297
epoch 139/200 loss 0.0177 train 1.0000 test 0.2296
epoch 140/200 loss 0.0174 train 1.0000 test 0.2292
epoch 141/200 loss 0.0174 train 1.0000 test 0.2293
epoch 142/200 loss 0.0168 train 1.0000 test 0.2303
epoch 143/200 loss 0.0170 train 1.0000 test 0.2283
epoch 144/200 loss 0.0169 train 1.0000 test 0.2276
epoch 145/200 loss 0.0175 train 1.0000 test 0.2288
epoch 146/200 loss 0.0166 train 1.0000 test 0.2265
epoch 147/200 loss 0.0165 train 1.0000 test 0.2307
epoch 148/200 loss 0.0166 train 1.0000 test 0.2274
epoch 149/200 loss 0.0166 train 1.0000 test 0.2293
epoch 150/200 loss 0.0162 train 1.0000 test 0.2291
epoch 151/200 loss 0.0168 train 1.0000 test 0.2294
epoch 152/200 loss 0.0158 train 1.0000 test 0.2277
epoch 153/200 loss 0.0158 train 1.0000 test 0.2283
epoch 154/200 loss 0.0158 train 1.0000 test 0.2303
epoch 155/200 loss 0.0160 train 1.0000 test 0.2287
epoch 156/200 loss 0.0153 train 1.0000 test 0.2307
epoch 157/200 loss 0.0151 train 1.0000 test 0.2292
epoch 158/200 loss 0.0154 train 1.0000 test 0.2292
epoch 159/200 loss 0.0150 train 1.0000 test 0.2306
epoch 160/200 loss 0.0153 train 1.0000 test 0.2281
epoch 161/200 loss 0.0152 train 1.0000 test 0.2307
epoch 162/200 loss 0.0143 train 1.0000 test 0.2298
epoch 163/200 loss 0.0149 train 1.0000 test 0.2308
epoch 164/200 loss 0.0144 train 1.0000 test 0.2282
epoch 165/200 loss 0.0142 train 1.0000 test 0.2312
epoch 166/200 loss 0.0146 train 1.0000 test 0.2308
epoch 167/200 loss 0.0142 train 1.0000 test 0.2312
epoch 168/200 loss 0.0145 train 1.0000 test 0.2310
epoch 169/200 loss 0.0140 train 1.0000 test 0.2305
epoch 170/200 loss 0.0141 train 1.0000 test 0.2310
epoch 171/200 loss 0.0142 train 1.0000 test 0.2311
epoch 172/200 loss 0.0138 train 1.0000 test 0.2312
epoch 173/200 loss 0.0137 train 1.0000 test 0.2294
epoch 174/200 loss 0.0138 train 1.0000 test 0.2313
epoch 175/200 loss 0.0136 train 1.0000 test 0.2315
epoch 176/200 loss 0.0135 train 1.0000 test 0.2323
epoch 177/200 loss 0.0135 train 1.0000 test 0.2314
epoch 178/200 loss 0.0133 train 1.0000 test 0.2308
epoch 179/200 loss 0.0136 train 1.0000 test 0.2293
epoch 180/200 loss 0.0134 train 1.0000 test 0.2306
epoch 181/200 loss 0.0130 train 1.0000 test 0.2303
epoch 182/200 loss 0.0128 train 1.0000 test 0.2302
epoch 183/200 loss 0.0130 train 1.0000 test 0.2291
epoch 184/200 loss 0.0134 train 1.0000 test 0.2314
epoch 185/200 loss 0.0127 train 1.0000 test 0.2304
epoch 186/200 loss 0.0129 train 1.0000 test 0.2323
epoch 187/200 loss 0.0127 train 1.0000 test 0.2300
epoch 188/200 loss 0.0128 train 1.0000 test 0.2323
epoch 189/200 loss 0.0126 train 1.0000 test 0.2310
epoch 190/200 loss 0.0128 train 1.0000 test 0.2307
epoch 191/200 loss 0.0127 train 1.0000 test 0.2311
epoch 192/200 loss 0.0126 train 1.0000 test 0.2297
epoch 193/200 loss 0.0128 train 1.0000 test 0.2311
epoch 194/200 loss 0.0127 train 1.0000 test 0.2312
epoch 195/200 loss 0.0128 train 1.0000 test 0.2303
epoch 196/200 loss 0.0128 train 1.0000 test 0.2305
epoch 197/200 loss 0.0126 train 1.0000 test 0.2311
epoch 198/200 loss 0.0125 train 1.0000 test 0.2315
epoch 199/200 loss 0.0128 train 1.0000 test 0.2298
epoch 200/200 loss 0.0125 train 1.0000 test 0.2298
done: final 0.2298 best 0.2323 -> ./runs/tin_aux_5pct_l20/seed0
FRONTIER2_DONE tin_aux_5pct_l20_seed0
FRONTIER2_START tin_aux_5pct_l20_seed1
moment-aux target calibrated on 1024 images
[tin_aux_5pct_l20 seed1] {"params_trainable": 11273488, "params_stem_trainable": 0, "params_stem_fixed_filters": 0, "flops_total": 2226720768, "flops_stem": 0, "flops_image_size": 64}
epoch 1/200 loss 6.8275 train 0.0070 test 0.0163
epoch 2/200 loss 5.4656 train 0.0214 test 0.0279
epoch 3/200 loss 5.0832 train 0.0431 test 0.0432
epoch 4/200 loss 4.8479 train 0.0507 test 0.0436
epoch 5/200 loss 4.6830 train 0.0637 test 0.0617
epoch 6/200 loss 4.5230 train 0.0773 test 0.0540
epoch 7/200 loss 4.3958 train 0.0869 test 0.0651
epoch 8/200 loss 4.2630 train 0.1108 test 0.0642
epoch 9/200 loss 4.1622 train 0.1216 test 0.0878
epoch 10/200 loss 4.0573 train 0.1240 test 0.0892
epoch 11/200 loss 3.9572 train 0.1368 test 0.0803
epoch 12/200 loss 3.8646 train 0.1502 test 0.0917
epoch 13/200 loss 3.8182 train 0.1569 test 0.0937
epoch 14/200 loss 3.7096 train 0.1821 test 0.0787
epoch 15/200 loss 3.6421 train 0.1821 test 0.0811
epoch 16/200 loss 3.5869 train 0.1873 test 0.1048
epoch 17/200 loss 3.4812 train 0.2075 test 0.1261
epoch 18/200 loss 3.3860 train 0.2252 test 0.1105
epoch 19/200 loss 3.3357 train 0.2254 test 0.1221
epoch 20/200 loss 3.2435 train 0.2432 test 0.0938
epoch 21/200 loss 3.1827 train 0.2542 test 0.1169
epoch 22/200 loss 3.1112 train 0.2656 test 0.1307
epoch 23/200 loss 2.9887 train 0.2823 test 0.1153
epoch 24/200 loss 2.9381 train 0.2875 test 0.0938
epoch 25/200 loss 2.8761 train 0.3055 test 0.1255
epoch 26/200 loss 2.7815 train 0.3213 test 0.1113
epoch 27/200 loss 2.7277 train 0.3245 test 0.1310
epoch 28/200 loss 2.6061 train 0.3544 test 0.1295
epoch 29/200 loss 2.5125 train 0.3690 test 0.1262
epoch 30/200 loss 2.4461 train 0.3818 test 0.1031
epoch 31/200 loss 2.3315 train 0.4127 test 0.1407
epoch 32/200 loss 2.2184 train 0.4373 test 0.1421
epoch 33/200 loss 2.1374 train 0.4475 test 0.1381
epoch 34/200 loss 2.0400 train 0.4736 test 0.1360
epoch 35/200 loss 1.9174 train 0.5026 test 0.1464
epoch 36/200 loss 1.8117 train 0.5214 test 0.1316
epoch 37/200 loss 1.7646 train 0.5292 test 0.1468
epoch 38/200 loss 1.6063 train 0.5743 test 0.1352
epoch 39/200 loss 1.5196 train 0.6006 test 0.1578
epoch 40/200 loss 1.4289 train 0.6206 test 0.1454
epoch 41/200 loss 1.3251 train 0.6442 test 0.1503
epoch 42/200 loss 1.1840 train 0.6847 test 0.1525
epoch 43/200 loss 1.1348 train 0.6927 test 0.1570
epoch 44/200 loss 1.0342 train 0.7324 test 0.1422
epoch 45/200 loss 0.8987 train 0.7710 test 0.1549
epoch 46/200 loss 0.7860 train 0.8021 test 0.1490
epoch 47/200 loss 0.8117 train 0.7925 test 0.1552
epoch 48/200 loss 0.6825 train 0.8347 test 0.1501
epoch 49/200 loss 0.5571 train 0.8728 test 0.1521
epoch 50/200 loss 0.4733 train 0.8960 test 0.1565
epoch 51/200 loss 0.3871 train 0.9245 test 0.1662
epoch 52/200 loss 0.3411 train 0.9347 test 0.1670
epoch 53/200 loss 0.3420 train 0.9329 test 0.1546
epoch 54/200 loss 0.3090 train 0.9433 test 0.1696
epoch 55/200 loss 0.2689 train 0.9515 test 0.1615
epoch 56/200 loss 0.2688 train 0.9509 test 0.1677
epoch 57/200 loss 0.2510 train 0.9571 test 0.1702
epoch 58/200 loss 0.2259 train 0.9625 test 0.1657
epoch 59/200 loss 0.1820 train 0.9772 test 0.1718
epoch 60/200 loss 0.1354 train 0.9874 test 0.1943
epoch 61/200 loss 0.1111 train 0.9894 test 0.1907
epoch 62/200 loss 0.0988 train 0.9918 test 0.1895
epoch 63/200 loss 0.0814 train 0.9962 test 0.1991
epoch 64/200 loss 0.0521 train 0.9996 test 0.2083
epoch 65/200 loss 0.0439 train 0.9998 test 0.2142
epoch 66/200 loss 0.0425 train 0.9994 test 0.2035
epoch 67/200 loss 0.0393 train 1.0000 test 0.2127
epoch 68/200 loss 0.0372 train 1.0000 test 0.2175
epoch 69/200 loss 0.0373 train 0.9996 test 0.2194
epoch 70/200 loss 0.0375 train 0.9998 test 0.2156
epoch 71/200 loss 0.0360 train 1.0000 test 0.2191
epoch 72/200 loss 0.0355 train 1.0000 test 0.2154
epoch 73/200 loss 0.0385 train 1.0000 test 0.2181
epoch 74/200 loss 0.0343 train 1.0000 test 0.2173
epoch 75/200 loss 0.0368 train 0.9998 test 0.2212
epoch 76/200 loss 0.0380 train 0.9998 test 0.2188
epoch 77/200 loss 0.0370 train 1.0000 test 0.2155
epoch 78/200 loss 0.0362 train 1.0000 test 0.2172
epoch 79/200 loss 0.0333 train 1.0000 test 0.2194
epoch 80/200 loss 0.0366 train 1.0000 test 0.2147
epoch 81/200 loss 0.0338 train 0.9996 test 0.2162
epoch 82/200 loss 0.0371 train 0.9998 test 0.2152
epoch 83/200 loss 0.0362 train 1.0000 test 0.2100
epoch 84/200 loss 0.0337 train 1.0000 test 0.2207
epoch 85/200 loss 0.0335 train 1.0000 test 0.2187
epoch 86/200 loss 0.0303 train 1.0000 test 0.2215
epoch 87/200 loss 0.0300 train 1.0000 test 0.2190
epoch 88/200 loss 0.0303 train 1.0000 test 0.2165
epoch 89/200 loss 0.0309 train 1.0000 test 0.2195
epoch 90/200 loss 0.0292 train 1.0000 test 0.2183
epoch 91/200 loss 0.0296 train 1.0000 test 0.2177
epoch 92/200 loss 0.0343 train 1.0000 test 0.2153
epoch 93/200 loss 0.0334 train 0.9996 test 0.2182
epoch 94/200 loss 0.0314 train 1.0000 test 0.2142
epoch 95/200 loss 0.0445 train 0.9980 test 0.1886
epoch 96/200 loss 0.1696 train 0.9820 test 0.1429
epoch 97/200 loss 0.7292 train 0.8333 test 0.1072
epoch 98/200 loss 1.1736 train 0.6981 test 0.0793
epoch 99/200 loss 0.9587 train 0.7600 test 0.1163
epoch 100/200 loss 0.6106 train 0.8692 test 0.1637
epoch 101/200 loss 0.3478 train 0.9455 test 0.1630
epoch 102/200 loss 0.1863 train 0.9806 test 0.1846
epoch 103/200 loss 0.0948 train 0.9942 test 0.1989
epoch 104/200 loss 0.0574 train 0.9992 test 0.2115
epoch 105/200 loss 0.0360 train 1.0000 test 0.2188
epoch 106/200 loss 0.0296 train 1.0000 test 0.2177
epoch 107/200 loss 0.0279 train 1.0000 test 0.2165
epoch 108/200 loss 0.0264 train 1.0000 test 0.2171
epoch 109/200 loss 0.0245 train 1.0000 test 0.2220
epoch 110/200 loss 0.0233 train 1.0000 test 0.2203
epoch 111/200 loss 0.0226 train 1.0000 test 0.2225
epoch 112/200 loss 0.0229 train 1.0000 test 0.2245
epoch 113/200 loss 0.0222 train 1.0000 test 0.2187
epoch 114/200 loss 0.0216 train 1.0000 test 0.2205
epoch 115/200 loss 0.0212 train 1.0000 test 0.2226
epoch 116/200 loss 0.0205 train 1.0000 test 0.2215
epoch 117/200 loss 0.0209 train 1.0000 test 0.2225
epoch 118/200 loss 0.0201 train 1.0000 test 0.2225
epoch 119/200 loss 0.0203 train 1.0000 test 0.2252
epoch 120/200 loss 0.0199 train 1.0000 test 0.2259
epoch 121/200 loss 0.0199 train 1.0000 test 0.2228
epoch 122/200 loss 0.0199 train 1.0000 test 0.2235
epoch 123/200 loss 0.0201 train 1.0000 test 0.2218
epoch 124/200 loss 0.0195 train 1.0000 test 0.2258
epoch 125/200 loss 0.0189 train 1.0000 test 0.2216
epoch 126/200 loss 0.0196 train 1.0000 test 0.2236
epoch 127/200 loss 0.0196 train 1.0000 test 0.2227
epoch 128/200 loss 0.0192 train 1.0000 test 0.2255
epoch 129/200 loss 0.0187 train 1.0000 test 0.2256
epoch 130/200 loss 0.0188 train 1.0000 test 0.2250
epoch 131/200 loss 0.0194 train 1.0000 test 0.2271
epoch 132/200 loss 0.0182 train 1.0000 test 0.2245
epoch 133/200 loss 0.0180 train 1.0000 test 0.2254
epoch 134/200 loss 0.0181 train 1.0000 test 0.2276
epoch 135/200 loss 0.0182 train 1.0000 test 0.2258
epoch 136/200 loss 0.0173 train 1.0000 test 0.2268
epoch 137/200 loss 0.0176 train 1.0000 test 0.2256
epoch 138/200 loss 0.0177 train 1.0000 test 0.2273
epoch 139/200 loss 0.0170 train 1.0000 test 0.2246
epoch 140/200 loss 0.0171 train 1.0000 test 0.2276
epoch 141/200 loss 0.0171 train 1.0000 test 0.2258
epoch 142/200 loss 0.0167 train 1.0000 test 0.2288
epoch 143/200 loss 0.0168 train 1.0000 test 0.2262
epoch 144/200 loss 0.0167 train 1.0000 test 0.2270
epoch 145/200 loss 0.0162 train 1.0000 test 0.2275
epoch 146/200 loss 0.0165 train 1.0000 test 0.2275
epoch 147/200 loss 0.0160 train 1.0000 test 0.2287
epoch 148/200 loss 0.0157 train 1.0000 test 0.2249
epoch 149/200 loss 0.0163 train 1.0000 test 0.2287
epoch 150/200 loss 0.0164 train 1.0000 test 0.2272
epoch 151/200 loss 0.0154 train 1.0000 test 0.2291
epoch 152/200 loss 0.0155 train 1.0000 test 0.2269
epoch 153/200 loss 0.0159 train 1.0000 test 0.2290
epoch 154/200 loss 0.0155 train 1.0000 test 0.2274
epoch 155/200 loss 0.0155 train 1.0000 test 0.2290
epoch 156/200 loss 0.0151 train 1.0000 test 0.2288
epoch 157/200 loss 0.0152 train 1.0000 test 0.2303
epoch 158/200 loss 0.0148 train 1.0000 test 0.2298
epoch 159/200 loss 0.0146 train 1.0000 test 0.2327
epoch 160/200 loss 0.0144 train 1.0000 test 0.2298
epoch 161/200 loss 0.0148 train 1.0000 test 0.2298
epoch 162/200 loss 0.0146 train 1.0000 test 0.2291
epoch 163/200 loss 0.0139 train 1.0000 test 0.2303
epoch 164/200 loss 0.0145 train 1.0000 test 0.2300
epoch 165/200 loss 0.0140 train 1.0000 test 0.2302
epoch 166/200 loss 0.0141 train 1.0000 test 0.2318
epoch 167/200 loss 0.0142 train 1.0000 test 0.2298
epoch 168/200 loss 0.0142 train 1.0000 test 0.2301
epoch 169/200 loss 0.0140 train 1.0000 test 0.2307
epoch 170/200 loss 0.0135 train 1.0000 test 0.2304
epoch 171/200 loss 0.0137 train 1.0000 test 0.2305
epoch 172/200 loss 0.0139 train 1.0000 test 0.2307
epoch 173/200 loss 0.0136 train 1.0000 test 0.2309
epoch 174/200 loss 0.0137 train 1.0000 test 0.2294
epoch 175/200 loss 0.0135 train 1.0000 test 0.2295
epoch 176/200 loss 0.0131 train 1.0000 test 0.2304
epoch 177/200 loss 0.0135 train 1.0000 test 0.2299
epoch 178/200 loss 0.0131 train 1.0000 test 0.2292
epoch 179/200 loss 0.0133 train 1.0000 test 0.2290
epoch 180/200 loss 0.0131 train 1.0000 test 0.2284
epoch 181/200 loss 0.0132 train 1.0000 test 0.2309
epoch 182/200 loss 0.0128 train 1.0000 test 0.2293
epoch 183/200 loss 0.0130 train 1.0000 test 0.2280
epoch 184/200 loss 0.0126 train 1.0000 test 0.2300
epoch 185/200 loss 0.0132 train 1.0000 test 0.2304
epoch 186/200 loss 0.0129 train 1.0000 test 0.2298
epoch 187/200 loss 0.0127 train 1.0000 test 0.2297
epoch 188/200 loss 0.0129 train 1.0000 test 0.2309
epoch 189/200 loss 0.0127 train 1.0000 test 0.2297
epoch 190/200 loss 0.0126 train 1.0000 test 0.2292
epoch 191/200 loss 0.0124 train 1.0000 test 0.2278
epoch 192/200 loss 0.0125 train 1.0000 test 0.2306
epoch 193/200 loss 0.0128 train 1.0000 test 0.2301
epoch 194/200 loss 0.0125 train 1.0000 test 0.2294
epoch 195/200 loss 0.0126 train 1.0000 test 0.2292
epoch 196/200 loss 0.0128 train 1.0000 test 0.2299
epoch 197/200 loss 0.0124 train 1.0000 test 0.2301
epoch 198/200 loss 0.0125 train 1.0000 test 0.2286
epoch 199/200 loss 0.0128 train 1.0000 test 0.2295
epoch 200/200 loss 0.0128 train 1.0000 test 0.2286
done: final 0.2286 best 0.2327 -> ./runs/tin_aux_5pct_l20/seed1
FRONTIER2_DONE tin_aux_5pct_l20_seed1
FRONTIER2_START tin_aux_5pct_l20_seed2
moment-aux target calibrated on 1024 images
[tin_aux_5pct_l20 seed2] {"params_trainable": 11273488, "params_stem_trainable": 0, "params_stem_fixed_filters": 0, "flops_total": 2226720768, "flops_stem": 0, "flops_image_size": 64}
epoch 1/200 loss 6.9070 train 0.0074 test 0.0211
epoch 2/200 loss 5.4624 train 0.0226 test 0.0312
epoch 3/200 loss 5.0718 train 0.0453 test 0.0373
epoch 4/200 loss 4.8300 train 0.0557 test 0.0519
epoch 5/200 loss 4.6766 train 0.0643 test 0.0500
epoch 6/200 loss 4.5269 train 0.0849 test 0.0628
epoch 7/200 loss 4.3894 train 0.0996 test 0.0684
epoch 8/200 loss 4.2714 train 0.1068 test 0.0665
epoch 9/200 loss 4.1549 train 0.1156 test 0.0725
epoch 10/200 loss 4.0815 train 0.1320 test 0.0671
epoch 11/200 loss 3.9565 train 0.1376 test 0.0892
epoch 12/200 loss 3.8665 train 0.1595 test 0.0960
epoch 13/200 loss 3.7908 train 0.1595 test 0.0844
epoch 14/200 loss 3.7031 train 0.1745 test 0.1120
epoch 15/200 loss 3.6135 train 0.1927 test 0.0802
epoch 16/200 loss 3.5276 train 0.2019 test 0.1031
epoch 17/200 loss 3.4370 train 0.2208 test 0.0684
epoch 18/200 loss 3.3861 train 0.2266 test 0.1104
epoch 19/200 loss 3.2992 train 0.2398 test 0.1118
epoch 20/200 loss 3.2170 train 0.2434 test 0.1019
epoch 21/200 loss 3.1345 train 0.2618 test 0.1341
epoch 22/200 loss 3.0410 train 0.2760 test 0.1283
epoch 23/200 loss 2.9526 train 0.2923 test 0.0994
epoch 24/200 loss 2.9130 train 0.2957 test 0.1336
epoch 25/200 loss 2.8266 train 0.3147 test 0.1192
epoch 26/200 loss 2.7020 train 0.3373 test 0.1339
epoch 27/200 loss 2.5805 train 0.3668 test 0.1245
epoch 28/200 loss 2.5298 train 0.3740 test 0.1222
epoch 29/200 loss 2.4453 train 0.4014 test 0.1049
epoch 30/200 loss 2.3255 train 0.4149 test 0.1305
epoch 31/200 loss 2.2722 train 0.4241 test 0.1350
epoch 32/200 loss 2.1435 train 0.4563 test 0.1365
epoch 33/200 loss 2.0967 train 0.4679 test 0.1241
epoch 34/200 loss 1.9894 train 0.4874 test 0.1289
epoch 35/200 loss 1.8771 train 0.5110 test 0.1369
epoch 36/200 loss 1.7307 train 0.5531 test 0.1250
epoch 37/200 loss 1.7103 train 0.5557 test 0.1274
epoch 38/200 loss 1.5933 train 0.5755 test 0.1306
epoch 39/200 loss 1.4539 train 0.6244 test 0.1160
epoch 40/200 loss 1.3399 train 0.6462 test 0.1382
epoch 41/200 loss 1.2502 train 0.6729 test 0.1277
epoch 42/200 loss 1.1236 train 0.7055 test 0.1478
epoch 43/200 loss 0.9901 train 0.7436 test 0.1347
epoch 44/200 loss 0.9303 train 0.7542 test 0.1437
epoch 45/200 loss 0.8427 train 0.7851 test 0.1256
epoch 46/200 loss 0.7664 train 0.8063 test 0.1306
epoch 47/200 loss 0.7218 train 0.8215 test 0.1403
epoch 48/200 loss 0.6247 train 0.8458 test 0.1535
epoch 49/200 loss 0.5435 train 0.8772 test 0.1657
epoch 50/200 loss 0.5200 train 0.8836 test 0.1504
epoch 51/200 loss 0.4801 train 0.8916 test 0.1549
epoch 52/200 loss 0.4374 train 0.9077 test 0.1710
epoch 53/200 loss 0.3926 train 0.9187 test 0.1500
epoch 54/200 loss 0.3928 train 0.9187 test 0.1584
epoch 55/200 loss 0.3160 train 0.9409 test 0.1458
epoch 56/200 loss 0.2445 train 0.9601 test 0.1743
epoch 57/200 loss 0.1807 train 0.9794 test 0.1882
epoch 58/200 loss 0.1197 train 0.9920 test 0.1863
epoch 59/200 loss 0.0946 train 0.9956 test 0.1937
epoch 60/200 loss 0.0698 train 0.9986 test 0.2057
epoch 61/200 loss 0.0582 train 0.9986 test 0.2083
epoch 62/200 loss 0.0587 train 0.9992 test 0.2068
epoch 63/200 loss 0.0543 train 0.9994 test 0.2068
epoch 64/200 loss 0.0475 train 0.9994 test 0.2098
epoch 65/200 loss 0.0483 train 0.9998 test 0.2142
epoch 66/200 loss 0.0432 train 1.0000 test 0.2134
epoch 67/200 loss 0.0387 train 1.0000 test 0.2122
epoch 68/200 loss 0.0453 train 0.9996 test 0.2037
epoch 69/200 loss 0.0438 train 0.9996 test 0.2111
epoch 70/200 loss 0.0401 train 1.0000 test 0.2140
epoch 71/200 loss 0.0383 train 1.0000 test 0.2137
epoch 72/200 loss 0.0373 train 1.0000 test 0.2191
epoch 73/200 loss 0.0351 train 1.0000 test 0.2134
epoch 74/200 loss 0.0362 train 1.0000 test 0.2124
epoch 75/200 loss 0.0372 train 1.0000 test 0.2150
epoch 76/200 loss 0.0356 train 1.0000 test 0.2150
epoch 77/200 loss 0.0356 train 1.0000 test 0.2156
epoch 78/200 loss 0.0385 train 0.9994 test 0.2140
epoch 79/200 loss 0.0387 train 1.0000 test 0.2151
epoch 80/200 loss 0.0360 train 0.9998 test 0.2108
epoch 81/200 loss 0.0433 train 0.9996 test 0.2174
epoch 82/200 loss 0.0361 train 1.0000 test 0.2134
epoch 83/200 loss 0.0353 train 0.9998 test 0.2113
epoch 84/200 loss 0.0360 train 1.0000 test 0.2138
epoch 85/200 loss 0.0357 train 1.0000 test 0.2137
epoch 86/200 loss 0.0346 train 1.0000 test 0.2172
epoch 87/200 loss 0.0348 train 1.0000 test 0.2134
epoch 88/200 loss 0.0346 train 1.0000 test 0.2192
epoch 89/200 loss 0.0334 train 1.0000 test 0.2166
epoch 90/200 loss 0.0306 train 1.0000 test 0.2189
epoch 91/200 loss 0.0285 train 1.0000 test 0.2181
epoch 92/200 loss 0.0290 train 1.0000 test 0.2181
epoch 93/200 loss 0.0308 train 1.0000 test 0.2155
epoch 94/200 loss 0.0301 train 1.0000 test 0.2177
epoch 95/200 loss 0.0336 train 1.0000 test 0.2075
epoch 96/200 loss 0.0457 train 0.9984 test 0.1887
epoch 97/200 loss 0.1000 train 0.9960 test 0.1621
epoch 98/200 loss 0.3801 train 0.9277 test 0.1087
epoch 99/200 loss 1.2301 train 0.6817 test 0.1005
epoch 100/200 loss 1.2281 train 0.6781 test 0.1012
epoch 101/200 loss 0.7914 train 0.8081 test 0.1503
epoch 102/200 loss 0.4653 train 0.9159 test 0.1686
epoch 103/200 loss 0.2567 train 0.9619 test 0.1724
epoch 104/200 loss 0.1731 train 0.9808 test 0.1759
epoch 105/200 loss 0.0933 train 0.9970 test 0.2087
epoch 106/200 loss 0.0563 train 0.9990 test 0.2151
epoch 107/200 loss 0.0399 train 0.9996 test 0.2177
epoch 108/200 loss 0.0304 train 1.0000 test 0.2194
epoch 109/200 loss 0.0262 train 1.0000 test 0.2223
epoch 110/200 loss 0.0239 train 1.0000 test 0.2209
epoch 111/200 loss 0.0241 train 1.0000 test 0.2245
epoch 112/200 loss 0.0233 train 0.9998 test 0.2229
epoch 113/200 loss 0.0229 train 1.0000 test 0.2233
epoch 114/200 loss 0.0228 train 0.9998 test 0.2248
epoch 115/200 loss 0.0222 train 1.0000 test 0.2254
epoch 116/200 loss 0.0221 train 0.9998 test 0.2248
epoch 117/200 loss 0.0208 train 1.0000 test 0.2255
epoch 118/200 loss 0.0198 train 1.0000 test 0.2259
epoch 119/200 loss 0.0198 train 1.0000 test 0.2276
epoch 120/200 loss 0.0196 train 1.0000 test 0.2267
epoch 121/200 loss 0.0207 train 0.9998 test 0.2265
epoch 122/200 loss 0.0198 train 0.9998 test 0.2228
epoch 123/200 loss 0.0197 train 1.0000 test 0.2248
epoch 124/200 loss 0.0188 train 1.0000 test 0.2277
epoch 125/200 loss 0.0188 train 1.0000 test 0.2271
epoch 126/200 loss 0.0184 train 1.0000 test 0.2292
epoch 127/200 loss 0.0178 train 1.0000 test 0.2262
epoch 128/200 loss 0.0182 train 1.0000 test 0.2267
epoch 129/200 loss 0.0185 train 1.0000 test 0.2292
epoch 130/200 loss 0.0174 train 1.0000 test 0.2301
epoch 131/200 loss 0.0174 train 1.0000 test 0.2302
epoch 132/200 loss 0.0169 train 1.0000 test 0.2287
epoch 133/200 loss 0.0174 train 1.0000 test 0.2298
epoch 134/200 loss 0.0171 train 1.0000 test 0.2307
epoch 135/200 loss 0.0174 train 1.0000 test 0.2297
epoch 136/200 loss 0.0171 train 1.0000 test 0.2283
epoch 137/200 loss 0.0173 train 1.0000 test 0.2310
epoch 138/200 loss 0.0163 train 1.0000 test 0.2286
epoch 139/200 loss 0.0164 train 1.0000 test 0.2292
epoch 140/200 loss 0.0167 train 1.0000 test 0.2290
epoch 141/200 loss 0.0161 train 1.0000 test 0.2291
epoch 142/200 loss 0.0160 train 1.0000 test 0.2284
epoch 143/200 loss 0.0160 train 1.0000 test 0.2295
epoch 144/200 loss 0.0160 train 1.0000 test 0.2291
epoch 145/200 loss 0.0161 train 1.0000 test 0.2291
epoch 146/200 loss 0.0162 train 1.0000 test 0.2286
epoch 147/200 loss 0.0153 train 1.0000 test 0.2291
epoch 148/200 loss 0.0155 train 1.0000 test 0.2300
epoch 149/200 loss 0.0154 train 1.0000 test 0.2300
epoch 150/200 loss 0.0149 train 1.0000 test 0.2305
epoch 151/200 loss 0.0149 train 1.0000 test 0.2310
epoch 152/200 loss 0.0148 train 1.0000 test 0.2285
epoch 153/200 loss 0.0144 train 1.0000 test 0.2308
epoch 154/200 loss 0.0142 train 1.0000 test 0.2307
epoch 155/200 loss 0.0147 train 1.0000 test 0.2317
epoch 156/200 loss 0.0142 train 1.0000 test 0.2302
epoch 157/200 loss 0.0141 train 1.0000 test 0.2311
epoch 158/200 loss 0.0141 train 1.0000 test 0.2310
epoch 159/200 loss 0.0138 train 1.0000 test 0.2310
epoch 160/200 loss 0.0142 train 1.0000 test 0.2290
epoch 161/200 loss 0.0140 train 1.0000 test 0.2319
epoch 162/200 loss 0.0136 train 1.0000 test 0.2308
epoch 163/200 loss 0.0137 train 1.0000 test 0.2308
epoch 164/200 loss 0.0135 train 1.0000 test 0.2302
epoch 165/200 loss 0.0134 train 1.0000 test 0.2278
epoch 166/200 loss 0.0135 train 1.0000 test 0.2307
epoch 167/200 loss 0.0133 train 1.0000 test 0.2312
epoch 168/200 loss 0.0128 train 1.0000 test 0.2312
epoch 169/200 loss 0.0132 train 1.0000 test 0.2312
epoch 170/200 loss 0.0132 train 1.0000 test 0.2315
epoch 171/200 loss 0.0130 train 1.0000 test 0.2304
epoch 172/200 loss 0.0128 train 1.0000 test 0.2323
epoch 173/200 loss 0.0129 train 1.0000 test 0.2313
epoch 174/200 loss 0.0124 train 1.0000 test 0.2307
epoch 175/200 loss 0.0125 train 1.0000 test 0.2317
epoch 176/200 loss 0.0124 train 1.0000 test 0.2310
epoch 177/200 loss 0.0125 train 1.0000 test 0.2307
epoch 178/200 loss 0.0124 train 1.0000 test 0.2306
epoch 179/200 loss 0.0125 train 1.0000 test 0.2319
epoch 180/200 loss 0.0128 train 1.0000 test 0.2298
epoch 181/200 loss 0.0126 train 1.0000 test 0.2307
epoch 182/200 loss 0.0121 train 1.0000 test 0.2299
epoch 183/200 loss 0.0120 train 1.0000 test 0.2310
epoch 184/200 loss 0.0122 train 1.0000 test 0.2310
epoch 185/200 loss 0.0121 train 1.0000 test 0.2306
epoch 186/200 loss 0.0119 train 1.0000 test 0.2306
epoch 187/200 loss 0.0116 train 1.0000 test 0.2300
epoch 188/200 loss 0.0120 train 1.0000 test 0.2311
epoch 189/200 loss 0.0117 train 1.0000 test 0.2315
epoch 190/200 loss 0.0120 train 1.0000 test 0.2305
epoch 191/200 loss 0.0119 train 1.0000 test 0.2314
epoch 192/200 loss 0.0120 train 1.0000 test 0.2305
epoch 193/200 loss 0.0121 train 1.0000 test 0.2315
epoch 194/200 loss 0.0120 train 1.0000 test 0.2306
epoch 195/200 loss 0.0120 train 1.0000 test 0.2302
epoch 196/200 loss 0.0114 train 1.0000 test 0.2311
epoch 197/200 loss 0.0116 train 1.0000 test 0.2313
epoch 198/200 loss 0.0118 train 1.0000 test 0.2309
epoch 199/200 loss 0.0119 train 1.0000 test 0.2306
epoch 200/200 loss 0.0118 train 1.0000 test 0.2301
done: final 0.2301 best 0.2323 -> ./runs/tin_aux_5pct_l20/seed2
FRONTIER2_DONE tin_aux_5pct_l20_seed2
FRONTIER2_CELL_DONE tin_aux_5pct_l20
FRONTIER2_START diagvit_none_10pct_seed0
[diagvit_none_10pct seed0] {"params_trainable": 5380132, "params_stem_trainable": 0, "params_stem_fixed_filters": 0, "flops_total": 347216064, "flops_stem": 0, "flops_image_size": 32}
epoch 1/200 loss 4.4705 train 0.0264 test 0.0325
epoch 2/200 loss 4.3615 train 0.0379 test 0.0397
epoch 3/200 loss 4.2704 train 0.0427 test 0.0552
epoch 4/200 loss 4.1731 train 0.0537 test 0.0594
epoch 5/200 loss 4.0760 train 0.0643 test 0.0695
epoch 6/200 loss 3.9926 train 0.0757 test 0.0708
epoch 7/200 loss 3.9484 train 0.0777 test 0.0713
epoch 8/200 loss 3.9225 train 0.0827 test 0.0796
epoch 9/200 loss 3.8475 train 0.0917 test 0.0989
epoch 10/200 loss 3.7784 train 0.1018 test 0.0974
epoch 11/200 loss 3.7798 train 0.1074 test 0.1028
epoch 12/200 loss 3.6843 train 0.1218 test 0.1093
epoch 13/200 loss 3.6558 train 0.1230 test 0.1077
epoch 14/200 loss 3.6480 train 0.1250 test 0.1094
epoch 15/200 loss 3.5674 train 0.1402 test 0.1246
epoch 16/200 loss 3.5236 train 0.1496 test 0.1301
epoch 17/200 loss 3.5006 train 0.1460 test 0.1290
epoch 18/200 loss 3.4484 train 0.1599 test 0.1368
epoch 19/200 loss 3.3885 train 0.1683 test 0.1262
epoch 20/200 loss 3.3781 train 0.1703 test 0.1402
epoch 21/200 loss 3.3374 train 0.1699 test 0.1448
epoch 22/200 loss 3.2625 train 0.1859 test 0.1429
epoch 23/200 loss 3.2569 train 0.1841 test 0.1489
epoch 24/200 loss 3.2043 train 0.1959 test 0.1462
epoch 25/200 loss 3.1385 train 0.2131 test 0.1533
epoch 26/200 loss 3.0556 train 0.2244 test 0.1568
epoch 27/200 loss 2.9962 train 0.2266 test 0.1484
epoch 28/200 loss 2.9981 train 0.2320 test 0.1552
epoch 29/200 loss 2.9111 train 0.2508 test 0.1612
epoch 30/200 loss 2.8629 train 0.2544 test 0.1609
epoch 31/200 loss 2.8095 train 0.2600 test 0.1679
epoch 32/200 loss 2.7463 train 0.2780 test 0.1625
epoch 33/200 loss 2.6695 train 0.2871 test 0.1661
epoch 34/200 loss 2.6069 train 0.3021 test 0.1694
epoch 35/200 loss 2.4896 train 0.3253 test 0.1581
epoch 36/200 loss 2.4413 train 0.3361 test 0.1677
epoch 37/200 loss 2.3222 train 0.3688 test 0.1664
epoch 38/200 loss 2.2147 train 0.3814 test 0.1612
epoch 39/200 loss 2.0896 train 0.4135 test 0.1676
epoch 40/200 loss 2.0078 train 0.4387 test 0.1639
epoch 41/200 loss 1.8866 train 0.4581 test 0.1712
epoch 42/200 loss 1.7607 train 0.5006 test 0.1699
epoch 43/200 loss 1.6543 train 0.5230 test 0.1669
epoch 44/200 loss 1.5378 train 0.5523 test 0.1674
epoch 45/200 loss 1.3984 train 0.5871 test 0.1674
epoch 46/200 loss 1.2096 train 0.6438 test 0.1639
epoch 47/200 loss 1.1468 train 0.6639 test 0.1626
epoch 48/200 loss 1.0038 train 0.7067 test 0.1675
epoch 49/200 loss 0.8907 train 0.7488 test 0.1648
epoch 50/200 loss 0.8387 train 0.7628 test 0.1657
epoch 51/200 loss 0.7817 train 0.7762 test 0.1609
epoch 52/200 loss 0.6973 train 0.7959 test 0.1685
epoch 53/200 loss 0.5721 train 0.8399 test 0.1667
epoch 54/200 loss 0.5369 train 0.8464 test 0.1645
epoch 55/200 loss 0.4831 train 0.8644 test 0.1691
epoch 56/200 loss 0.3952 train 0.8978 test 0.1626
epoch 57/200 loss 0.3476 train 0.9038 test 0.1642
epoch 58/200 loss 0.3472 train 0.9044 test 0.1632
epoch 59/200 loss 0.3407 train 0.9101 test 0.1613
epoch 60/200 loss 0.3139 train 0.9141 test 0.1634
epoch 61/200 loss 0.2515 train 0.9335 test 0.1650
epoch 62/200 loss 0.2383 train 0.9351 test 0.1649
epoch 63/200 loss 0.2169 train 0.9419 test 0.1649
epoch 64/200 loss 0.2350 train 0.9351 test 0.1600
epoch 65/200 loss 0.2319 train 0.9351 test 0.1649
epoch 66/200 loss 0.2258 train 0.9335 test 0.1638
epoch 67/200 loss 0.1911 train 0.9469 test 0.1653
epoch 68/200 loss 0.1665 train 0.9555 test 0.1637
epoch 69/200 loss 0.1653 train 0.9569 test 0.1629
epoch 70/200 loss 0.1469 train 0.9599 test 0.1637
epoch 71/200 loss 0.1245 train 0.9677 test 0.1610
epoch 72/200 loss 0.1319 train 0.9671 test 0.1642
epoch 73/200 loss 0.1320 train 0.9651 test 0.1625
epoch 74/200 loss 0.1309 train 0.9653 test 0.1667
epoch 75/200 loss 0.0955 train 0.9762 test 0.1676
epoch 76/200 loss 0.0867 train 0.9796 test 0.1664
epoch 77/200 loss 0.1001 train 0.9704 test 0.1659
epoch 78/200 loss 0.1067 train 0.9734 test 0.1690
epoch 79/200 loss 0.1011 train 0.9730 test 0.1670
epoch 80/200 loss 0.0848 train 0.9768 test 0.1657
epoch 81/200 loss 0.0927 train 0.9752 test 0.1633
epoch 82/200 loss 0.0854 train 0.9772 test 0.1653
epoch 83/200 loss 0.0735 train 0.9814 test 0.1635
epoch 84/200 loss 0.0674 train 0.9824 test 0.1662
epoch 85/200 loss 0.0818 train 0.9786 test 0.1669
epoch 86/200 loss 0.0767 train 0.9798 test 0.1639
epoch 87/200 loss 0.0712 train 0.9816 test 0.1695
epoch 88/200 loss 0.0610 train 0.9840 test 0.1668
epoch 89/200 loss 0.0511 train 0.9876 test 0.1676
epoch 90/200 loss 0.0613 train 0.9852 test 0.1668
epoch 91/200 loss 0.0701 train 0.9814 test 0.1653
epoch 92/200 loss 0.0644 train 0.9842 test 0.1673
epoch 93/200 loss 0.0582 train 0.9860 test 0.1647
epoch 94/200 loss 0.0621 train 0.9850 test 0.1681
epoch 95/200 loss 0.0538 train 0.9890 test 0.1632
epoch 96/200 loss 0.0358 train 0.9908 test 0.1588
epoch 97/200 loss 0.0364 train 0.9910 test 0.1631
epoch 98/200 loss 0.0460 train 0.9874 test 0.1652
epoch 99/200 loss 0.0586 train 0.9850 test 0.1641
epoch 100/200 loss 0.0552 train 0.9854 test 0.1678
epoch 101/200 loss 0.0419 train 0.9902 test 0.1645
epoch 102/200 loss 0.0344 train 0.9912 test 0.1674
epoch 103/200 loss 0.0330 train 0.9914 test 0.1669
epoch 104/200 loss 0.0300 train 0.9938 test 0.1671
epoch 105/200 loss 0.0297 train 0.9934 test 0.1705
epoch 106/200 loss 0.0295 train 0.9936 test 0.1693
epoch 107/200 loss 0.0312 train 0.9928 test 0.1643
epoch 108/200 loss 0.0349 train 0.9912 test 0.1682
epoch 109/200 loss 0.0282 train 0.9920 test 0.1667
epoch 110/200 loss 0.0304 train 0.9926 test 0.1662
epoch 111/200 loss 0.0315 train 0.9928 test 0.1675
epoch 112/200 loss 0.0191 train 0.9960 test 0.1661
epoch 113/200 loss 0.0299 train 0.9906 test 0.1616
epoch 114/200 loss 0.0332 train 0.9922 test 0.1668
epoch 115/200 loss 0.0222 train 0.9954 test 0.1705
epoch 116/200 loss 0.0204 train 0.9958 test 0.1688
epoch 117/200 loss 0.0221 train 0.9950 test 0.1700
epoch 118/200 loss 0.0196 train 0.9948 test 0.1661
epoch 119/200 loss 0.0189 train 0.9960 test 0.1622
epoch 120/200 loss 0.0189 train 0.9950 test 0.1689
epoch 121/200 loss 0.0197 train 0.9962 test 0.1697
epoch 122/200 loss 0.0148 train 0.9968 test 0.1731
epoch 123/200 loss 0.0240 train 0.9936 test 0.1654
epoch 124/200 loss 0.0244 train 0.9944 test 0.1721
epoch 125/200 loss 0.0132 train 0.9976 test 0.1715
epoch 126/200 loss 0.0093 train 0.9980 test 0.1682
epoch 127/200 loss 0.0059 train 0.9996 test 0.1711
epoch 128/200 loss 0.0053 train 0.9990 test 0.1694
epoch 129/200 loss 0.0057 train 0.9988 test 0.1706
epoch 130/200 loss 0.0046 train 0.9996 test 0.1725
epoch 131/200 loss 0.0053 train 0.9996 test 0.1727
epoch 132/200 loss 0.0046 train 0.9992 test 0.1688
epoch 133/200 loss 0.0034 train 0.9998 test 0.1676
epoch 134/200 loss 0.0029 train 0.9996 test 0.1698
epoch 135/200 loss 0.0079 train 0.9986 test 0.1664
epoch 136/200 loss 0.0030 train 0.9998 test 0.1699
epoch 137/200 loss 0.0024 train 1.0000 test 0.1699
epoch 138/200 loss 0.0032 train 0.9996 test 0.1701
epoch 139/200 loss 0.0028 train 0.9996 test 0.1697
epoch 140/200 loss 0.0024 train 0.9996 test 0.1704
epoch 141/200 loss 0.0027 train 0.9996 test 0.1701
epoch 142/200 loss 0.0045 train 0.9992 test 0.1696
epoch 143/200 loss 0.0030 train 0.9996 test 0.1693
epoch 144/200 loss 0.0028 train 0.9996 test 0.1705
epoch 145/200 loss 0.0023 train 1.0000 test 0.1713
epoch 146/200 loss 0.0018 train 1.0000 test 0.1712
epoch 147/200 loss 0.0025 train 0.9996 test 0.1694
epoch 148/200 loss 0.0023 train 0.9996 test 0.1712
epoch 149/200 loss 0.0018 train 0.9998 test 0.1693
epoch 150/200 loss 0.0020 train 0.9998 test 0.1695
epoch 151/200 loss 0.0018 train 1.0000 test 0.1701
epoch 152/200 loss 0.0018 train 1.0000 test 0.1700
epoch 153/200 loss 0.0020 train 0.9998 test 0.1698
epoch 154/200 loss 0.0038 train 0.9994 test 0.1711
epoch 155/200 loss 0.0052 train 0.9994 test 0.1704
epoch 156/200 loss 0.0033 train 0.9990 test 0.1702
epoch 157/200 loss 0.0019 train 1.0000 test 0.1699
epoch 158/200 loss 0.0025 train 0.9996 test 0.1692
epoch 159/200 loss 0.0018 train 1.0000 test 0.1694
epoch 160/200 loss 0.0017 train 0.9998 test 0.1709
epoch 161/200 loss 0.0022 train 0.9994 test 0.1693
epoch 162/200 loss 0.0018 train 0.9998 test 0.1702
epoch 163/200 loss 0.0017 train 0.9998 test 0.1693
epoch 164/200 loss 0.0024 train 0.9994 test 0.1705
epoch 165/200 loss 0.0019 train 0.9998 test 0.1711
epoch 166/200 loss 0.0018 train 0.9998 test 0.1705
epoch 167/200 loss 0.0015 train 1.0000 test 0.1705
epoch 168/200 loss 0.0018 train 0.9996 test 0.1697
epoch 169/200 loss 0.0018 train 1.0000 test 0.1694
epoch 170/200 loss 0.0016 train 0.9998 test 0.1690
epoch 171/200 loss 0.0016 train 0.9998 test 0.1692
epoch 172/200 loss 0.0018 train 0.9998 test 0.1689
epoch 173/200 loss 0.0015 train 1.0000 test 0.1694
epoch 174/200 loss 0.0016 train 1.0000 test 0.1688
epoch 175/200 loss 0.0015 train 1.0000 test 0.1698
epoch 176/200 loss 0.0015 train 1.0000 test 0.1696
epoch 177/200 loss 0.0014 train 1.0000 test 0.1696
epoch 178/200 loss 0.0015 train 0.9996 test 0.1700
epoch 179/200 loss 0.0015 train 1.0000 test 0.1695
epoch 180/200 loss 0.0014 train 0.9998 test 0.1688
epoch 181/200 loss 0.0015 train 0.9998 test 0.1686
epoch 182/200 loss 0.0014 train 1.0000 test 0.1686
epoch 183/200 loss 0.0014 train 0.9998 test 0.1691
epoch 184/200 loss 0.0015 train 0.9996 test 0.1693
epoch 185/200 loss 0.0015 train 1.0000 test 0.1687
epoch 186/200 loss 0.0015 train 0.9996 test 0.1687
epoch 187/200 loss 0.0014 train 1.0000 test 0.1692
epoch 188/200 loss 0.0015 train 0.9998 test 0.1691
epoch 189/200 loss 0.0014 train 1.0000 test 0.1688
epoch 190/200 loss 0.0013 train 0.9998 test 0.1689
epoch 191/200 loss 0.0014 train 0.9998 test 0.1688
epoch 192/200 loss 0.0015 train 0.9996 test 0.1688
epoch 193/200 loss 0.0013 train 1.0000 test 0.1688
epoch 194/200 loss 0.0012 train 1.0000 test 0.1688
epoch 195/200 loss 0.0015 train 0.9998 test 0.1688
epoch 196/200 loss 0.0014 train 0.9998 test 0.1689
epoch 197/200 loss 0.0013 train 1.0000 test 0.1688
epoch 198/200 loss 0.0014 train 0.9998 test 0.1688
epoch 199/200 loss 0.0016 train 0.9998 test 0.1689
epoch 200/200 loss 0.0012 train 1.0000 test 0.1689
done: final 0.1689 best 0.1731 -> ./runs/diagvit_none_10pct/seed0
FRONTIER2_DONE diagvit_none_10pct_seed0
FRONTIER2_START diagvit_none_10pct_seed1
[diagvit_none_10pct seed1] {"params_trainable": 5380132, "params_stem_trainable": 0, "params_stem_fixed_filters": 0, "flops_total": 347216064, "flops_stem": 0, "flops_image_size": 32}
epoch 1/200 loss 4.4638 train 0.0327 test 0.0362
epoch 2/200 loss 4.3141 train 0.0369 test 0.0519
epoch 3/200 loss 4.2079 train 0.0559 test 0.0652
epoch 4/200 loss 4.1092 train 0.0581 test 0.0670
epoch 5/200 loss 4.0499 train 0.0623 test 0.0636
epoch 6/200 loss 3.9847 train 0.0663 test 0.0821
epoch 7/200 loss 3.9087 train 0.0853 test 0.0877
epoch 8/200 loss 3.8471 train 0.0976 test 0.1012
epoch 9/200 loss 3.8104 train 0.1026 test 0.0858
epoch 10/200 loss 3.7680 train 0.1118 test 0.0961
epoch 11/200 loss 3.6930 train 0.1210 test 0.1045
epoch 12/200 loss 3.6485 train 0.1290 test 0.1093
epoch 13/200 loss 3.6296 train 0.1228 test 0.1119
epoch 14/200 loss 3.5948 train 0.1372 test 0.1092
epoch 15/200 loss 3.5488 train 0.1406 test 0.1098
epoch 16/200 loss 3.5378 train 0.1416 test 0.1285
epoch 17/200 loss 3.4838 train 0.1454 test 0.1216
epoch 18/200 loss 3.4262 train 0.1550 test 0.1372
epoch 19/200 loss 3.4006 train 0.1679 test 0.1299
epoch 20/200 loss 3.3738 train 0.1619 test 0.1273
epoch 21/200 loss 3.2989 train 0.1821 test 0.1438
epoch 22/200 loss 3.2207 train 0.1983 test 0.1372
epoch 23/200 loss 3.1906 train 0.1971 test 0.1422
epoch 24/200 loss 3.1150 train 0.2089 test 0.1469
epoch 25/200 loss 3.1050 train 0.2059 test 0.1406
epoch 26/200 loss 3.0731 train 0.2131 test 0.1496
epoch 27/200 loss 2.9977 train 0.2328 test 0.1576
epoch 28/200 loss 2.9507 train 0.2408 test 0.1523
epoch 29/200 loss 2.9073 train 0.2446 test 0.1562
epoch 30/200 loss 2.8317 train 0.2588 test 0.1610
epoch 31/200 loss 2.7786 train 0.2638 test 0.1573
epoch 32/200 loss 2.6712 train 0.2939 test 0.1611
epoch 33/200 loss 2.6294 train 0.2885 test 0.1614
epoch 34/200 loss 2.5612 train 0.3053 test 0.1499
epoch 35/200 loss 2.4436 train 0.3225 test 0.1594
epoch 36/200 loss 2.3472 train 0.3558 test 0.1665
epoch 37/200 loss 2.2516 train 0.3736 test 0.1615
epoch 38/200 loss 2.1244 train 0.4026 test 0.1646
epoch 39/200 loss 2.0504 train 0.4245 test 0.1552
epoch 40/200 loss 1.9701 train 0.4385 test 0.1644
epoch 41/200 loss 1.7953 train 0.4848 test 0.1518
epoch 42/200 loss 1.6646 train 0.5331 test 0.1501
epoch 43/200 loss 1.5783 train 0.5413 test 0.1593
epoch 44/200 loss 1.5071 train 0.5595 test 0.1570
epoch 45/200 loss 1.3446 train 0.6058 test 0.1585
epoch 46/200 loss 1.1676 train 0.6585 test 0.1594
epoch 47/200 loss 1.0563 train 0.6913 test 0.1555
epoch 48/200 loss 0.9942 train 0.7065 test 0.1511
epoch 49/200 loss 0.9194 train 0.7306 test 0.1501
epoch 50/200 loss 0.8004 train 0.7652 test 0.1554
epoch 51/200 loss 0.7410 train 0.7804 test 0.1632
epoch 52/200 loss 0.6064 train 0.8243 test 0.1550
epoch 53/200 loss 0.5325 train 0.8446 test 0.1582
epoch 54/200 loss 0.4732 train 0.8632 test 0.1605
epoch 55/200 loss 0.4880 train 0.8620 test 0.1515
epoch 56/200 loss 0.4562 train 0.8698 test 0.1629
epoch 57/200 loss 0.4020 train 0.8880 test 0.1582
epoch 58/200 loss 0.3593 train 0.8994 test 0.1629
epoch 59/200 loss 0.3432 train 0.9062 test 0.1587
epoch 60/200 loss 0.3205 train 0.9095 test 0.1602
epoch 61/200 loss 0.2914 train 0.9147 test 0.1604
epoch 62/200 loss 0.2725 train 0.9215 test 0.1615
epoch 63/200 loss 0.2719 train 0.9197 test 0.1586
epoch 64/200 loss 0.2482 train 0.9317 test 0.1626
epoch 65/200 loss 0.2296 train 0.9393 test 0.1602
epoch 66/200 loss 0.2038 train 0.9405 test 0.1610
epoch 67/200 loss 0.1917 train 0.9469 test 0.1538
epoch 68/200 loss 0.1671 train 0.9561 test 0.1488
epoch 69/200 loss 0.1354 train 0.9645 test 0.1521
epoch 70/200 loss 0.1385 train 0.9653 test 0.1513
epoch 71/200 loss 0.1257 train 0.9665 test 0.1528
epoch 72/200 loss 0.1114 train 0.9690 test 0.1606
epoch 73/200 loss 0.1304 train 0.9631 test 0.1555
epoch 74/200 loss 0.1281 train 0.9647 test 0.1516
epoch 75/200 loss 0.1334 train 0.9641 test 0.1536
epoch 76/200 loss 0.1309 train 0.9651 test 0.1605
epoch 77/200 loss 0.1137 train 0.9718 test 0.1557
epoch 78/200 loss 0.0906 train 0.9748 test 0.1575
epoch 79/200 loss 0.0953 train 0.9762 test 0.1541
epoch 80/200 loss 0.1031 train 0.9720 test 0.1569
epoch 81/200 loss 0.1195 train 0.9659 test 0.1569
epoch 82/200 loss 0.0928 train 0.9754 test 0.1543
epoch 83/200 loss 0.0881 train 0.9780 test 0.1541
epoch 84/200 loss 0.0725 train 0.9820 test 0.1557
epoch 85/200 loss 0.0840 train 0.9796 test 0.1567
epoch 86/200 loss 0.0818 train 0.9788 test 0.1548
epoch 87/200 loss 0.0751 train 0.9788 test 0.1627
epoch 88/200 loss 0.0791 train 0.9790 test 0.1558
epoch 89/200 loss 0.0588 train 0.9864 test 0.1530
epoch 90/200 loss 0.0569 train 0.9862 test 0.1614
epoch 91/200 loss 0.0546 train 0.9850 test 0.1580
epoch 92/200 loss 0.0669 train 0.9830 test 0.1603
epoch 93/200 loss 0.0599 train 0.9836 test 0.1547
epoch 94/200 loss 0.0595 train 0.9872 test 0.1615
epoch 95/200 loss 0.0458 train 0.9884 test 0.1578
epoch 96/200 loss 0.0436 train 0.9894 test 0.1616
epoch 97/200 loss 0.0350 train 0.9922 test 0.1579
epoch 98/200 loss 0.0481 train 0.9884 test 0.1626
epoch 99/200 loss 0.0644 train 0.9838 test 0.1561
epoch 100/200 loss 0.0552 train 0.9870 test 0.1577
epoch 101/200 loss 0.0430 train 0.9906 test 0.1645
epoch 102/200 loss 0.0281 train 0.9936 test 0.1574
epoch 103/200 loss 0.0281 train 0.9938 test 0.1568
epoch 104/200 loss 0.0327 train 0.9928 test 0.1563
epoch 105/200 loss 0.0313 train 0.9934 test 0.1633
epoch 106/200 loss 0.0225 train 0.9948 test 0.1609
epoch 107/200 loss 0.0262 train 0.9934 test 0.1578
epoch 108/200 loss 0.0192 train 0.9960 test 0.1586
epoch 109/200 loss 0.0246 train 0.9946 test 0.1593
epoch 110/200 loss 0.0282 train 0.9944 test 0.1593
epoch 111/200 loss 0.0225 train 0.9952 test 0.1550
epoch 112/200 loss 0.0249 train 0.9938 test 0.1576
epoch 113/200 loss 0.0315 train 0.9936 test 0.1621
epoch 114/200 loss 0.0304 train 0.9942 test 0.1566
epoch 115/200 loss 0.0321 train 0.9932 test 0.1570
epoch 116/200 loss 0.0257 train 0.9932 test 0.1596
epoch 117/200 loss 0.0240 train 0.9950 test 0.1582
epoch 118/200 loss 0.0211 train 0.9954 test 0.1567
epoch 119/200 loss 0.0205 train 0.9940 test 0.1579
epoch 120/200 loss 0.0211 train 0.9956 test 0.1577
epoch 121/200 loss 0.0154 train 0.9964 test 0.1580
epoch 122/200 loss 0.0155 train 0.9964 test 0.1576
epoch 123/200 loss 0.0190 train 0.9950 test 0.1603
epoch 124/200 loss 0.0210 train 0.9944 test 0.1599
epoch 125/200 loss 0.0185 train 0.9956 test 0.1575
epoch 126/200 loss 0.0146 train 0.9970 test 0.1622
epoch 127/200 loss 0.0118 train 0.9980 test 0.1625
epoch 128/200 loss 0.0094 train 0.9980 test 0.1642
epoch 129/200 loss 0.0068 train 0.9990 test 0.1621
epoch 130/200 loss 0.0055 train 0.9994 test 0.1622
epoch 131/200 loss 0.0050 train 0.9992 test 0.1609
epoch 132/200 loss 0.0057 train 0.9996 test 0.1600
epoch 133/200 loss 0.0036 train 0.9998 test 0.1625
epoch 134/200 loss 0.0033 train 0.9996 test 0.1582
epoch 135/200 loss 0.0061 train 0.9990 test 0.1603
epoch 136/200 loss 0.0030 train 0.9998 test 0.1591
epoch 137/200 loss 0.0031 train 1.0000 test 0.1600
epoch 138/200 loss 0.0030 train 0.9996 test 0.1610
epoch 139/200 loss 0.0026 train 0.9998 test 0.1571
epoch 140/200 loss 0.0021 train 0.9998 test 0.1598
epoch 141/200 loss 0.0031 train 0.9992 test 0.1585
epoch 142/200 loss 0.0037 train 0.9994 test 0.1591
epoch 143/200 loss 0.0025 train 0.9998 test 0.1593
epoch 144/200 loss 0.0024 train 0.9998 test 0.1593
epoch 145/200 loss 0.0020 train 0.9998 test 0.1597
epoch 146/200 loss 0.0028 train 0.9996 test 0.1592
epoch 147/200 loss 0.0023 train 0.9996 test 0.1598
epoch 148/200 loss 0.0024 train 0.9998 test 0.1588
epoch 149/200 loss 0.0025 train 0.9996 test 0.1599
epoch 150/200 loss 0.0027 train 0.9996 test 0.1594
epoch 151/200 loss 0.0019 train 1.0000 test 0.1604
epoch 152/200 loss 0.0024 train 0.9996 test 0.1592
epoch 153/200 loss 0.0022 train 0.9996 test 0.1591
epoch 154/200 loss 0.0020 train 0.9998 test 0.1585
epoch 155/200 loss 0.0024 train 0.9996 test 0.1586
epoch 156/200 loss 0.0025 train 0.9996 test 0.1582
epoch 157/200 loss 0.0020 train 0.9998 test 0.1575
epoch 158/200 loss 0.0020 train 0.9998 test 0.1590
epoch 159/200 loss 0.0019 train 0.9998 test 0.1591
epoch 160/200 loss 0.0019 train 0.9996 test 0.1597
epoch 161/200 loss 0.0018 train 1.0000 test 0.1587
epoch 162/200 loss 0.0019 train 0.9996 test 0.1582
epoch 163/200 loss 0.0018 train 0.9998 test 0.1596
epoch 164/200 loss 0.0026 train 0.9994 test 0.1588
epoch 165/200 loss 0.0039 train 0.9992 test 0.1576
epoch 166/200 loss 0.0017 train 0.9996 test 0.1593
epoch 167/200 loss 0.0020 train 0.9998 test 0.1598
epoch 168/200 loss 0.0016 train 0.9998 test 0.1597
epoch 169/200 loss 0.0018 train 0.9998 test 0.1600
epoch 170/200 loss 0.0017 train 1.0000 test 0.1599
epoch 171/200 loss 0.0016 train 0.9998 test 0.1597
epoch 172/200 loss 0.0019 train 0.9996 test 0.1596
epoch 173/200 loss 0.0016 train 1.0000 test 0.1590
epoch 174/200 loss 0.0015 train 0.9996 test 0.1592
epoch 175/200 loss 0.0015 train 1.0000 test 0.1586
epoch 176/200 loss 0.0019 train 0.9996 test 0.1588
epoch 177/200 loss 0.0023 train 0.9996 test 0.1596
epoch 178/200 loss 0.0016 train 1.0000 test 0.1601
epoch 179/200 loss 0.0017 train 0.9996 test 0.1601
epoch 180/200 loss 0.0015 train 1.0000 test 0.1599
epoch 181/200 loss 0.0015 train 1.0000 test 0.1590
epoch 182/200 loss 0.0018 train 0.9996 test 0.1594
epoch 183/200 loss 0.0015 train 1.0000 test 0.1598
epoch 184/200 loss 0.0018 train 0.9996 test 0.1594
epoch 185/200 loss 0.0014 train 0.9998 test 0.1592
epoch 186/200 loss 0.0014 train 1.0000 test 0.1594
epoch 187/200 loss 0.0013 train 1.0000 test 0.1598
epoch 188/200 loss 0.0014 train 1.0000 test 0.1597
epoch 189/200 loss 0.0015 train 0.9998 test 0.1595
epoch 190/200 loss 0.0014 train 0.9998 test 0.1598
epoch 191/200 loss 0.0015 train 0.9998 test 0.1592
epoch 192/200 loss 0.0014 train 1.0000 test 0.1593
epoch 193/200 loss 0.0015 train 0.9998 test 0.1593
epoch 194/200 loss 0.0017 train 0.9996 test 0.1594
epoch 195/200 loss 0.0013 train 1.0000 test 0.1593
epoch 196/200 loss 0.0013 train 1.0000 test 0.1593
epoch 197/200 loss 0.0014 train 0.9998 test 0.1592
epoch 198/200 loss 0.0015 train 0.9998 test 0.1591
epoch 199/200 loss 0.0013 train 1.0000 test 0.1592
epoch 200/200 loss 0.0018 train 0.9996 test 0.1592
done: final 0.1592 best 0.1665 -> ./runs/diagvit_none_10pct/seed1
FRONTIER2_DONE diagvit_none_10pct_seed1
FRONTIER2_START diagvit_none_10pct_seed2
[diagvit_none_10pct seed2] {"params_trainable": 5380132, "params_stem_trainable": 0, "params_stem_fixed_filters": 0, "flops_total": 347216064, "flops_stem": 0, "flops_image_size": 32}
epoch 1/200 loss 4.4527 train 0.0262 test 0.0388
epoch 2/200 loss 4.2873 train 0.0357 test 0.0453
epoch 3/200 loss 4.1980 train 0.0513 test 0.0581
epoch 4/200 loss 4.1627 train 0.0607 test 0.0627
epoch 5/200 loss 4.0696 train 0.0691 test 0.0783
epoch 6/200 loss 3.9956 train 0.0779 test 0.0854
epoch 7/200 loss 3.9267 train 0.0823 test 0.0810
epoch 8/200 loss 3.8600 train 0.0966 test 0.0937
epoch 9/200 loss 3.7986 train 0.1092 test 0.1024
epoch 10/200 loss 3.7594 train 0.1070 test 0.0967
epoch 11/200 loss 3.7141 train 0.1144 test 0.1136
epoch 12/200 loss 3.6456 train 0.1312 test 0.1197
epoch 13/200 loss 3.6198 train 0.1316 test 0.1167
epoch 14/200 loss 3.5996 train 0.1354 test 0.1215
epoch 15/200 loss 3.5364 train 0.1426 test 0.1192
epoch 16/200 loss 3.5160 train 0.1468 test 0.1243
epoch 17/200 loss 3.4628 train 0.1532 test 0.1226
epoch 18/200 loss 3.3886 train 0.1707 test 0.1420
epoch 19/200 loss 3.3671 train 0.1675 test 0.1405
epoch 20/200 loss 3.3560 train 0.1723 test 0.1396
epoch 21/200 loss 3.2720 train 0.1927 test 0.1474
epoch 22/200 loss 3.2497 train 0.1917 test 0.1568
epoch 23/200 loss 3.2022 train 0.1899 test 0.1483
epoch 24/200 loss 3.1671 train 0.2035 test 0.1540
epoch 25/200 loss 3.1207 train 0.2075 test 0.1497
epoch 26/200 loss 3.0422 train 0.2240 test 0.1655
epoch 27/200 loss 3.0036 train 0.2284 test 0.1604
epoch 28/200 loss 2.9548 train 0.2336 test 0.1574
epoch 29/200 loss 2.9209 train 0.2408 test 0.1604
epoch 30/200 loss 2.8549 train 0.2612 test 0.1621
epoch 31/200 loss 2.7901 train 0.2676 test 0.1671
epoch 32/200 loss 2.6978 train 0.2829 test 0.1620
epoch 33/200 loss 2.6573 train 0.2853 test 0.1625
epoch 34/200 loss 2.5688 train 0.3067 test 0.1691
epoch 35/200 loss 2.5205 train 0.3259 test 0.1647
epoch 36/200 loss 2.4067 train 0.3429 test 0.1690
epoch 37/200 loss 2.3155 train 0.3634 test 0.1687
epoch 38/200 loss 2.2868 train 0.3762 test 0.1654
epoch 39/200 loss 2.1045 train 0.4177 test 0.1683
epoch 40/200 loss 1.9965 train 0.4373 test 0.1663
epoch 41/200 loss 1.8730 train 0.4810 test 0.1667
epoch 42/200 loss 1.7954 train 0.4890 test 0.1675
epoch 43/200 loss 1.6595 train 0.5226 test 0.1556
epoch 44/200 loss 1.5492 train 0.5579 test 0.1691
epoch 45/200 loss 1.4226 train 0.5923 test 0.1589
epoch 46/200 loss 1.3009 train 0.6146 test 0.1713
epoch 47/200 loss 1.1670 train 0.6621 test 0.1681
epoch 48/200 loss 1.0182 train 0.7031 test 0.1659
epoch 49/200 loss 0.9469 train 0.7232 test 0.1634
epoch 50/200 loss 0.8942 train 0.7396 test 0.1611
epoch 51/200 loss 0.7639 train 0.7794 test 0.1592
epoch 52/200 loss 0.6640 train 0.8077 test 0.1576
epoch 53/200 loss 0.5907 train 0.8273 test 0.1627
epoch 54/200 loss 0.5575 train 0.8423 test 0.1633
epoch 55/200 loss 0.5056 train 0.8536 test 0.1659
epoch 56/200 loss 0.4704 train 0.8656 test 0.1575
epoch 57/200 loss 0.4106 train 0.8842 test 0.1638
epoch 58/200 loss 0.3272 train 0.9153 test 0.1649
epoch 59/200 loss 0.2920 train 0.9241 test 0.1607
epoch 60/200 loss 0.2722 train 0.9271 test 0.1649
epoch 61/200 loss 0.2603 train 0.9291 test 0.1641
epoch 62/200 loss 0.2518 train 0.9299 test 0.1616
epoch 63/200 loss 0.2408 train 0.9329 test 0.1654
epoch 64/200 loss 0.2291 train 0.9369 test 0.1607
epoch 65/200 loss 0.2085 train 0.9411 test 0.1638
epoch 66/200 loss 0.1991 train 0.9467 test 0.1622
epoch 67/200 loss 0.1893 train 0.9493 test 0.1634
epoch 68/200 loss 0.1869 train 0.9541 test 0.1626
epoch 69/200 loss 0.1480 train 0.9615 test 0.1590
epoch 70/200 loss 0.1570 train 0.9601 test 0.1581
epoch 71/200 loss 0.1592 train 0.9579 test 0.1625
epoch 72/200 loss 0.1356 train 0.9635 test 0.1648
epoch 73/200 loss 0.1298 train 0.9667 test 0.1655
epoch 74/200 loss 0.1242 train 0.9645 test 0.1623
epoch 75/200 loss 0.1186 train 0.9665 test 0.1625
epoch 76/200 loss 0.1115 train 0.9704 test 0.1646
epoch 77/200 loss 0.1036 train 0.9742 test 0.1641
epoch 78/200 loss 0.0919 train 0.9760 test 0.1712
epoch 79/200 loss 0.0753 train 0.9810 test 0.1639
epoch 80/200 loss 0.0743 train 0.9826 test 0.1627
epoch 81/200 loss 0.0725 train 0.9834 test 0.1661
epoch 82/200 loss 0.0724 train 0.9812 test 0.1641
epoch 83/200 loss 0.0771 train 0.9810 test 0.1643
epoch 84/200 loss 0.0768 train 0.9810 test 0.1686
epoch 85/200 loss 0.0542 train 0.9876 test 0.1635
epoch 86/200 loss 0.0739 train 0.9806 test 0.1610
epoch 87/200 loss 0.0653 train 0.9832 test 0.1672
epoch 88/200 loss 0.0606 train 0.9848 test 0.1641
epoch 89/200 loss 0.0646 train 0.9838 test 0.1565
epoch 90/200 loss 0.0671 train 0.9830 test 0.1674
epoch 91/200 loss 0.0671 train 0.9824 test 0.1656
epoch 92/200 loss 0.0575 train 0.9862 test 0.1694
epoch 93/200 loss 0.0553 train 0.9860 test 0.1654
epoch 94/200 loss 0.0561 train 0.9872 test 0.1647
epoch 95/200 loss 0.0486 train 0.9894 test 0.1663
epoch 96/200 loss 0.0394 train 0.9904 test 0.1641
epoch 97/200 loss 0.0413 train 0.9922 test 0.1691
epoch 98/200 loss 0.0413 train 0.9898 test 0.1620
epoch 99/200 loss 0.0425 train 0.9916 test 0.1682
epoch 100/200 loss 0.0481 train 0.9886 test 0.1640
epoch 101/200 loss 0.0441 train 0.9880 test 0.1645
epoch 102/200 loss 0.0441 train 0.9872 test 0.1708
epoch 103/200 loss 0.0357 train 0.9922 test 0.1647
epoch 104/200 loss 0.0464 train 0.9884 test 0.1635
epoch 105/200 loss 0.0348 train 0.9916 test 0.1649
epoch 106/200 loss 0.0313 train 0.9930 test 0.1611
epoch 107/200 loss 0.0244 train 0.9956 test 0.1638
epoch 108/200 loss 0.0216 train 0.9958 test 0.1678
epoch 109/200 loss 0.0193 train 0.9958 test 0.1676
epoch 110/200 loss 0.0165 train 0.9956 test 0.1680
epoch 111/200 loss 0.0250 train 0.9938 test 0.1652
epoch 112/200 loss 0.0242 train 0.9952 test 0.1602
epoch 113/200 loss 0.0247 train 0.9946 test 0.1610
epoch 114/200 loss 0.0203 train 0.9956 test 0.1624
epoch 115/200 loss 0.0254 train 0.9946 test 0.1611
epoch 116/200 loss 0.0253 train 0.9936 test 0.1643
epoch 117/200 loss 0.0207 train 0.9956 test 0.1622
epoch 118/200 loss 0.0193 train 0.9952 test 0.1656
epoch 119/200 loss 0.0223 train 0.9962 test 0.1713
epoch 120/200 loss 0.0135 train 0.9966 test 0.1664
epoch 121/200 loss 0.0136 train 0.9966 test 0.1645
epoch 122/200 loss 0.0113 train 0.9984 test 0.1659
epoch 123/200 loss 0.0096 train 0.9990 test 0.1677
epoch 124/200 loss 0.0064 train 0.9990 test 0.1673
epoch 125/200 loss 0.0072 train 0.9986 test 0.1643
epoch 126/200 loss 0.0057 train 0.9992 test 0.1652
epoch 127/200 loss 0.0062 train 0.9986 test 0.1668
epoch 128/200 loss 0.0052 train 0.9994 test 0.1687
epoch 129/200 loss 0.0060 train 0.9992 test 0.1677
epoch 130/200 loss 0.0054 train 0.9986 test 0.1661
epoch 131/200 loss 0.0040 train 1.0000 test 0.1649
epoch 132/200 loss 0.0043 train 0.9996 test 0.1651
epoch 133/200 loss 0.0046 train 0.9994 test 0.1648
epoch 134/200 loss 0.0047 train 0.9994 test 0.1666
epoch 135/200 loss 0.0031 train 0.9998 test 0.1674
epoch 136/200 loss 0.0027 train 0.9998 test 0.1662
epoch 137/200 loss 0.0041 train 0.9992 test 0.1659
epoch 138/200 loss 0.0026 train 0.9996 test 0.1639
epoch 139/200 loss 0.0026 train 0.9998 test 0.1672
epoch 140/200 loss 0.0022 train 0.9998 test 0.1666
epoch 141/200 loss 0.0024 train 0.9996 test 0.1659
epoch 142/200 loss 0.0032 train 0.9994 test 0.1663
epoch 143/200 loss 0.0023 train 0.9998 test 0.1659
epoch 144/200 loss 0.0025 train 0.9996 test 0.1682
epoch 145/200 loss 0.0025 train 0.9998 test 0.1674
epoch 146/200 loss 0.0019 train 1.0000 test 0.1668
epoch 147/200 loss 0.0024 train 0.9996 test 0.1663
epoch 148/200 loss 0.0023 train 0.9998 test 0.1662
epoch 149/200 loss 0.0022 train 0.9998 test 0.1689
epoch 150/200 loss 0.0020 train 0.9998 test 0.1680
epoch 151/200 loss 0.0020 train 0.9996 test 0.1676
epoch 152/200 loss 0.0017 train 0.9996 test 0.1668
epoch 153/200 loss 0.0015 train 1.0000 test 0.1668
epoch 154/200 loss 0.0020 train 0.9996 test 0.1659
epoch 155/200 loss 0.0022 train 0.9996 test 0.1670
epoch 156/200 loss 0.0020 train 0.9998 test 0.1640
epoch 157/200 loss 0.0017 train 0.9998 test 0.1649
epoch 158/200 loss 0.0015 train 1.0000 test 0.1648
epoch 159/200 loss 0.0019 train 0.9996 test 0.1648
epoch 160/200 loss 0.0019 train 0.9996 test 0.1658
epoch 161/200 loss 0.0018 train 0.9998 test 0.1656
epoch 162/200 loss 0.0018 train 0.9998 test 0.1657
epoch 163/200 loss 0.0015 train 1.0000 test 0.1657
epoch 164/200 loss 0.0014 train 1.0000 test 0.1666
epoch 165/200 loss 0.0012 train 1.0000 test 0.1659
epoch 166/200 loss 0.0016 train 0.9998 test 0.1663
epoch 167/200 loss 0.0013 train 1.0000 test 0.1658
epoch 168/200 loss 0.0017 train 0.9998 test 0.1663
epoch 169/200 loss 0.0016 train 0.9996 test 0.1656
epoch 170/200 loss 0.0014 train 0.9998 test 0.1662
epoch 171/200 loss 0.0016 train 0.9998 test 0.1664
epoch 172/200 loss 0.0013 train 1.0000 test 0.1668
epoch 173/200 loss 0.0013 train 1.0000 test 0.1675
epoch 174/200 loss 0.0013 train 0.9998 test 0.1666
epoch 175/200 loss 0.0012 train 1.0000 test 0.1668
epoch 176/200 loss 0.0013 train 1.0000 test 0.1666
epoch 177/200 loss 0.0013 train 1.0000 test 0.1664
epoch 178/200 loss 0.0017 train 0.9996 test 0.1668
epoch 179/200 loss 0.0017 train 1.0000 test 0.1674
epoch 180/200 loss 0.0015 train 0.9996 test 0.1665
epoch 181/200 loss 0.0013 train 1.0000 test 0.1664
epoch 182/200 loss 0.0015 train 1.0000 test 0.1668
epoch 183/200 loss 0.0013 train 1.0000 test 0.1668
epoch 184/200 loss 0.0012 train 1.0000 test 0.1668
epoch 185/200 loss 0.0014 train 0.9998 test 0.1666
epoch 186/200 loss 0.0012 train 1.0000 test 0.1664
epoch 187/200 loss 0.0013 train 0.9998 test 0.1666
epoch 188/200 loss 0.0012 train 1.0000 test 0.1657
epoch 189/200 loss 0.0013 train 1.0000 test 0.1657
epoch 190/200 loss 0.0012 train 1.0000 test 0.1657
epoch 191/200 loss 0.0012 train 0.9998 test 0.1659
epoch 192/200 loss 0.0012 train 0.9998 test 0.1658
epoch 193/200 loss 0.0012 train 0.9998 test 0.1659
epoch 194/200 loss 0.0014 train 0.9996 test 0.1659
epoch 195/200 loss 0.0014 train 0.9996 test 0.1661
epoch 196/200 loss 0.0013 train 0.9996 test 0.1661
epoch 197/200 loss 0.0012 train 0.9998 test 0.1661
epoch 198/200 loss 0.0013 train 0.9998 test 0.1661
epoch 199/200 loss 0.0014 train 0.9996 test 0.1661
epoch 200/200 loss 0.0013 train 0.9998 test 0.1661
done: final 0.1661 best 0.1713 -> ./runs/diagvit_none_10pct/seed2
FRONTIER2_DONE diagvit_none_10pct_seed2
FRONTIER2_CELL_DONE diagvit_none_10pct
FRONTIER2_START diagvit_aux_10pct_seed0
moment-aux target calibrated on 1024 images
[diagvit_aux_10pct seed0] {"params_trainable": 5381676, "params_stem_trainable": 0, "params_stem_fixed_filters": 0, "flops_total": 347216064, "flops_stem": 0, "flops_image_size": 32}
epoch 1/200 loss 5.7135 train 0.0337 test 0.0333
epoch 2/200 loss 4.8321 train 0.0467 test 0.0479
epoch 3/200 loss 4.5680 train 0.0575 test 0.0592
epoch 4/200 loss 4.3788 train 0.0795 test 0.0821
epoch 5/200 loss 4.2275 train 0.0940 test 0.1010
epoch 6/200 loss 4.1263 train 0.1156 test 0.1026
epoch 7/200 loss 4.0100 train 0.1266 test 0.1168
epoch 8/200 loss 3.9320 train 0.1358 test 0.1326
epoch 9/200 loss 3.8361 train 0.1522 test 0.1500
epoch 10/200 loss 3.7754 train 0.1677 test 0.1541
epoch 11/200 loss 3.6572 train 0.1901 test 0.1675
epoch 12/200 loss 3.5432 train 0.2055 test 0.1813
epoch 13/200 loss 3.4460 train 0.2159 test 0.1811
epoch 14/200 loss 3.3919 train 0.2212 test 0.1752
epoch 15/200 loss 3.3073 train 0.2342 test 0.1930
epoch 16/200 loss 3.2155 train 0.2586 test 0.2049
epoch 17/200 loss 3.1059 train 0.2678 test 0.2133
epoch 18/200 loss 2.9998 train 0.2939 test 0.2309
epoch 19/200 loss 2.8901 train 0.3125 test 0.2314
epoch 20/200 loss 2.8223 train 0.3295 test 0.2297
epoch 21/200 loss 2.7119 train 0.3423 test 0.2432
epoch 22/200 loss 2.6115 train 0.3674 test 0.2392
epoch 23/200 loss 2.5472 train 0.3732 test 0.2433
epoch 24/200 loss 2.4579 train 0.3914 test 0.2532
epoch 25/200 loss 2.3571 train 0.4149 test 0.2467
epoch 26/200 loss 2.1573 train 0.4555 test 0.2650
epoch 27/200 loss 1.9985 train 0.4974 test 0.2616
epoch 28/200 loss 1.9177 train 0.5172 test 0.2621
epoch 29/200 loss 1.7390 train 0.5683 test 0.2479
epoch 30/200 loss 1.6450 train 0.5919 test 0.2682
epoch 31/200 loss 1.5258 train 0.6244 test 0.2678
epoch 32/200 loss 1.3498 train 0.6695 test 0.2571
epoch 33/200 loss 1.2300 train 0.7075 test 0.2586
epoch 34/200 loss 1.0891 train 0.7444 test 0.2639
epoch 35/200 loss 0.9607 train 0.7895 test 0.2753
epoch 36/200 loss 0.8580 train 0.8133 test 0.2637
epoch 37/200 loss 0.8040 train 0.8289 test 0.2639
epoch 38/200 loss 0.6888 train 0.8616 test 0.2650
epoch 39/200 loss 0.5836 train 0.8884 test 0.2632
epoch 40/200 loss 0.5336 train 0.9073 test 0.2601
epoch 41/200 loss 0.4883 train 0.9217 test 0.2727
epoch 42/200 loss 0.4574 train 0.9281 test 0.2638
epoch 43/200 loss 0.4132 train 0.9375 test 0.2759
epoch 44/200 loss 0.3665 train 0.9523 test 0.2700
epoch 45/200 loss 0.3303 train 0.9639 test 0.2761
epoch 46/200 loss 0.2781 train 0.9776 test 0.2809
epoch 47/200 loss 0.2516 train 0.9834 test 0.2825
epoch 48/200 loss 0.2665 train 0.9774 test 0.2783
epoch 49/200 loss 0.2540 train 0.9820 test 0.2781
epoch 50/200 loss 0.2500 train 0.9780 test 0.2751
epoch 51/200 loss 0.2447 train 0.9814 test 0.2758
epoch 52/200 loss 0.2467 train 0.9772 test 0.2839
epoch 53/200 loss 0.2349 train 0.9814 test 0.2761
epoch 54/200 loss 0.2215 train 0.9836 test 0.2739
epoch 55/200 loss 0.2449 train 0.9734 test 0.2741
epoch 56/200 loss 0.2518 train 0.9748 test 0.2663
epoch 57/200 loss 0.2496 train 0.9758 test 0.2675
epoch 58/200 loss 0.2709 train 0.9677 test 0.2650
epoch 59/200 loss 0.2714 train 0.9681 test 0.2734
epoch 60/200 loss 0.2693 train 0.9649 test 0.2686
epoch 61/200 loss 0.2792 train 0.9635 test 0.2669
epoch 62/200 loss 0.2540 train 0.9724 test 0.2759
epoch 63/200 loss 0.2387 train 0.9764 test 0.2712
epoch 64/200 loss 0.2435 train 0.9732 test 0.2697
epoch 65/200 loss 0.1994 train 0.9838 test 0.2783
epoch 66/200 loss 0.1803 train 0.9882 test 0.2761
epoch 67/200 loss 0.1622 train 0.9936 test 0.2851
epoch 68/200 loss 0.1529 train 0.9936 test 0.2846
epoch 69/200 loss 0.1390 train 0.9972 test 0.2834
epoch 70/200 loss 0.1311 train 0.9972 test 0.2805
epoch 71/200 loss 0.1339 train 0.9964 test 0.2856
epoch 72/200 loss 0.1235 train 0.9982 test 0.2854
epoch 73/200 loss 0.1304 train 0.9962 test 0.2860
epoch 74/200 loss 0.1245 train 0.9978 test 0.2873
epoch 75/200 loss 0.1211 train 0.9970 test 0.2860
epoch 76/200 loss 0.1120 train 0.9990 test 0.2903
epoch 77/200 loss 0.1066 train 0.9996 test 0.2909
epoch 78/200 loss 0.1032 train 0.9996 test 0.2916
epoch 79/200 loss 0.1049 train 0.9994 test 0.2909
epoch 80/200 loss 0.1001 train 0.9998 test 0.2980
epoch 81/200 loss 0.0982 train 0.9996 test 0.2890
epoch 82/200 loss 0.0991 train 0.9990 test 0.2896
epoch 83/200 loss 0.1029 train 0.9982 test 0.2907
epoch 84/200 loss 0.1153 train 0.9940 test 0.2759
epoch 85/200 loss 0.1195 train 0.9958 test 0.2764
epoch 86/200 loss 0.1138 train 0.9962 test 0.2719
epoch 87/200 loss 0.1034 train 0.9980 test 0.2837
epoch 88/200 loss 0.0981 train 0.9980 test 0.2869
epoch 89/200 loss 0.0929 train 0.9990 test 0.2823
epoch 90/200 loss 0.0881 train 0.9996 test 0.2901
epoch 91/200 loss 0.0863 train 0.9990 test 0.2890
epoch 92/200 loss 0.0822 train 0.9996 test 0.2913
epoch 93/200 loss 0.0805 train 0.9996 test 0.2947
epoch 94/200 loss 0.0818 train 0.9994 test 0.2886
epoch 95/200 loss 0.0787 train 0.9992 test 0.2941
epoch 96/200 loss 0.0769 train 0.9994 test 0.2933
epoch 97/200 loss 0.0787 train 0.9988 test 0.2827
epoch 98/200 loss 0.0842 train 0.9978 test 0.2870
epoch 99/200 loss 0.0931 train 0.9952 test 0.2817
epoch 100/200 loss 0.1029 train 0.9944 test 0.2727
epoch 101/200 loss 0.1446 train 0.9824 test 0.2592
epoch 102/200 loss 0.1701 train 0.9772 test 0.2685
epoch 103/200 loss 0.1952 train 0.9698 test 0.2742
epoch 104/200 loss 0.2032 train 0.9675 test 0.2656
epoch 105/200 loss 0.1598 train 0.9774 test 0.2697
epoch 106/200 loss 0.1405 train 0.9826 test 0.2739
epoch 107/200 loss 0.1112 train 0.9934 test 0.2723
epoch 108/200 loss 0.1023 train 0.9930 test 0.2756
epoch 109/200 loss 0.0821 train 0.9968 test 0.2844
epoch 110/200 loss 0.0737 train 0.9980 test 0.2862
epoch 111/200 loss 0.0675 train 0.9996 test 0.2898
epoch 112/200 loss 0.0645 train 0.9996 test 0.2878
epoch 113/200 loss 0.0600 train 0.9996 test 0.2884
epoch 114/200 loss 0.0575 train 0.9996 test 0.2939
epoch 115/200 loss 0.0556 train 0.9998 test 0.2945
epoch 116/200 loss 0.0540 train 1.0000 test 0.2940
epoch 117/200 loss 0.0529 train 0.9996 test 0.2959
epoch 118/200 loss 0.0509 train 0.9998 test 0.2968
epoch 119/200 loss 0.0498 train 0.9998 test 0.2968
epoch 120/200 loss 0.0491 train 0.9998 test 0.2942
epoch 121/200 loss 0.0486 train 0.9994 test 0.2949
epoch 122/200 loss 0.0464 train 0.9998 test 0.2974
epoch 123/200 loss 0.0451 train 0.9996 test 0.2963
epoch 124/200 loss 0.0436 train 0.9998 test 0.2939
epoch 125/200 loss 0.0425 train 0.9996 test 0.2964
epoch 126/200 loss 0.0418 train 0.9996 test 0.2943
epoch 127/200 loss 0.0406 train 0.9998 test 0.2973
epoch 128/200 loss 0.0391 train 0.9998 test 0.2972
epoch 129/200 loss 0.0383 train 0.9998 test 0.2955
epoch 130/200 loss 0.0370 train 0.9998 test 0.2971
epoch 131/200 loss 0.0359 train 0.9998 test 0.2976
epoch 132/200 loss 0.0351 train 0.9998 test 0.2977
epoch 133/200 loss 0.0343 train 0.9998 test 0.2966
epoch 134/200 loss 0.0334 train 0.9996 test 0.2944
epoch 135/200 loss 0.0325 train 0.9996 test 0.2954
epoch 136/200 loss 0.0312 train 0.9998 test 0.2960
epoch 137/200 loss 0.0302 train 0.9996 test 0.2969
epoch 138/200 loss 0.0295 train 0.9998 test 0.2953
epoch 139/200 loss 0.0285 train 0.9996 test 0.2977
epoch 140/200 loss 0.0277 train 0.9998 test 0.2990
epoch 141/200 loss 0.0269 train 0.9998 test 0.2959
epoch 142/200 loss 0.0259 train 0.9998 test 0.2977
epoch 143/200 loss 0.0251 train 0.9998 test 0.2977
epoch 144/200 loss 0.0244 train 0.9996 test 0.2971
epoch 145/200 loss 0.0233 train 1.0000 test 0.2974
epoch 146/200 loss 0.0224 train 1.0000 test 0.2969
epoch 147/200 loss 0.0221 train 0.9996 test 0.2976
epoch 148/200 loss 0.0211 train 0.9998 test 0.2965
epoch 149/200 loss 0.0202 train 0.9998 test 0.2955
epoch 150/200 loss 0.0196 train 0.9998 test 0.2964
epoch 151/200 loss 0.0190 train 0.9996 test 0.2970
epoch 152/200 loss 0.0182 train 0.9996 test 0.2960
epoch 153/200 loss 0.0174 train 0.9998 test 0.2953
epoch 154/200 loss 0.0169 train 0.9996 test 0.2950
epoch 155/200 loss 0.0162 train 0.9996 test 0.2960
epoch 156/200 loss 0.0155 train 0.9996 test 0.2972
epoch 157/200 loss 0.0147 train 1.0000 test 0.2974
epoch 158/200 loss 0.0141 train 0.9998 test 0.2966
epoch 159/200 loss 0.0133 train 1.0000 test 0.2966
epoch 160/200 loss 0.0129 train 0.9998 test 0.2964
epoch 161/200 loss 0.0124 train 0.9996 test 0.2967
epoch 162/200 loss 0.0119 train 0.9996 test 0.2974
epoch 163/200 loss 0.0113 train 0.9998 test 0.2969
epoch 164/200 loss 0.0108 train 0.9998 test 0.2961
epoch 165/200 loss 0.0102 train 0.9998 test 0.2971
epoch 166/200 loss 0.0097 train 0.9996 test 0.2963
epoch 167/200 loss 0.0091 train 1.0000 test 0.2958
epoch 168/200 loss 0.0088 train 0.9998 test 0.2955
epoch 169/200 loss 0.0083 train 0.9998 test 0.2955
epoch 170/200 loss 0.0078 train 0.9996 test 0.2948
epoch 171/200 loss 0.0072 train 1.0000 test 0.2960
epoch 172/200 loss 0.0069 train 1.0000 test 0.2962
epoch 173/200 loss 0.0065 train 0.9998 test 0.2966
epoch 174/200 loss 0.0060 train 1.0000 test 0.2962
epoch 175/200 loss 0.0056 train 1.0000 test 0.2963
epoch 176/200 loss 0.0052 train 1.0000 test 0.2959
epoch 177/200 loss 0.0051 train 0.9996 test 0.2964
epoch 178/200 loss 0.0046 train 0.9998 test 0.2958
epoch 179/200 loss 0.0043 train 0.9996 test 0.2964
epoch 180/200 loss 0.0039 train 0.9998 test 0.2961
epoch 181/200 loss 0.0036 train 0.9998 test 0.2961
epoch 182/200 loss 0.0033 train 1.0000 test 0.2964
epoch 183/200 loss 0.0030 train 1.0000 test 0.2967
epoch 184/200 loss 0.0028 train 1.0000 test 0.2965
epoch 185/200 loss 0.0025 train 0.9998 test 0.2965
epoch 186/200 loss 0.0024 train 0.9998 test 0.2963
epoch 187/200 loss 0.0021 train 0.9998 test 0.2965
epoch 188/200 loss 0.0019 train 1.0000 test 0.2965
epoch 189/200 loss 0.0018 train 0.9998 test 0.2965
epoch 190/200 loss 0.0015 train 1.0000 test 0.2962
epoch 191/200 loss 0.0014 train 1.0000 test 0.2963
epoch 192/200 loss 0.0014 train 0.9998 test 0.2961
epoch 193/200 loss 0.0011 train 1.0000 test 0.2961
epoch 194/200 loss 0.0011 train 0.9998 test 0.2961
epoch 195/200 loss 0.0010 train 1.0000 test 0.2961
epoch 196/200 loss 0.0009 train 1.0000 test 0.2961
epoch 197/200 loss 0.0008 train 1.0000 test 0.2961
epoch 198/200 loss 0.0010 train 0.9996 test 0.2961
epoch 199/200 loss 0.0008 train 1.0000 test 0.2961
epoch 200/200 loss 0.0009 train 0.9998 test 0.2961
done: final 0.2961 best 0.2990 -> ./runs/diagvit_aux_10pct/seed0
FRONTIER2_DONE diagvit_aux_10pct_seed0
FRONTIER2_START diagvit_aux_10pct_seed1
moment-aux target calibrated on 1024 images
[diagvit_aux_10pct seed1] {"params_trainable": 5381676, "params_stem_trainable": 0, "params_stem_fixed_filters": 0, "flops_total": 347216064, "flops_stem": 0, "flops_image_size": 32}
epoch 1/200 loss 5.6525 train 0.0310 test 0.0449
epoch 2/200 loss 4.7570 train 0.0469 test 0.0592
epoch 3/200 loss 4.5231 train 0.0635 test 0.0653
epoch 4/200 loss 4.3940 train 0.0761 test 0.0825
epoch 5/200 loss 4.2056 train 0.0968 test 0.1068
epoch 6/200 loss 4.1065 train 0.1152 test 0.1129
epoch 7/200 loss 4.0210 train 0.1278 test 0.1173
epoch 8/200 loss 3.9150 train 0.1514 test 0.1284
epoch 9/200 loss 3.8335 train 0.1560 test 0.1586
epoch 10/200 loss 3.7266 train 0.1799 test 0.1547
epoch 11/200 loss 3.6312 train 0.1885 test 0.1726
epoch 12/200 loss 3.5056 train 0.2071 test 0.1784
epoch 13/200 loss 3.4255 train 0.2175 test 0.1974
epoch 14/200 loss 3.3703 train 0.2288 test 0.1952
epoch 15/200 loss 3.2484 train 0.2532 test 0.2063
epoch 16/200 loss 3.1637 train 0.2682 test 0.2124
epoch 17/200 loss 3.0612 train 0.2728 test 0.2136
epoch 18/200 loss 2.9790 train 0.2931 test 0.2264
epoch 19/200 loss 2.8677 train 0.3169 test 0.2377
epoch 20/200 loss 2.7933 train 0.3257 test 0.2368
epoch 21/200 loss 2.6729 train 0.3602 test 0.2432
epoch 22/200 loss 2.5529 train 0.3766 test 0.2456
epoch 23/200 loss 2.4330 train 0.3998 test 0.2547
epoch 24/200 loss 2.3473 train 0.4211 test 0.2569
epoch 25/200 loss 2.2270 train 0.4557 test 0.2429
epoch 26/200 loss 2.1049 train 0.4832 test 0.2659
epoch 27/200 loss 1.9560 train 0.5202 test 0.2707
epoch 28/200 loss 1.8682 train 0.5375 test 0.2643
epoch 29/200 loss 1.7252 train 0.5695 test 0.2548
epoch 30/200 loss 1.5594 train 0.6188 test 0.2692
epoch 31/200 loss 1.4249 train 0.6609 test 0.2624
epoch 32/200 loss 1.2516 train 0.7049 test 0.2740
epoch 33/200 loss 1.1371 train 0.7330 test 0.2688
epoch 34/200 loss 1.0169 train 0.7724 test 0.2755
epoch 35/200 loss 0.9293 train 0.7985 test 0.2779
epoch 36/200 loss 0.8153 train 0.8315 test 0.2720
epoch 37/200 loss 0.7257 train 0.8568 test 0.2713
epoch 38/200 loss 0.6270 train 0.8884 test 0.2749
epoch 39/200 loss 0.5624 train 0.9056 test 0.2743
epoch 40/200 loss 0.4864 train 0.9293 test 0.2727
epoch 41/200 loss 0.4487 train 0.9335 test 0.2796
epoch 42/200 loss 0.4088 train 0.9453 test 0.2761
epoch 43/200 loss 0.3934 train 0.9453 test 0.2735
epoch 44/200 loss 0.3250 train 0.9667 test 0.2764
epoch 45/200 loss 0.3186 train 0.9667 test 0.2705
epoch 46/200 loss 0.3077 train 0.9700 test 0.2701
epoch 47/200 loss 0.2983 train 0.9710 test 0.2836
epoch 48/200 loss 0.2677 train 0.9776 test 0.2687
epoch 49/200 loss 0.2774 train 0.9758 test 0.2728
epoch 50/200 loss 0.2879 train 0.9728 test 0.2747
epoch 51/200 loss 0.2509 train 0.9802 test 0.2782
epoch 52/200 loss 0.2451 train 0.9816 test 0.2808
epoch 53/200 loss 0.2241 train 0.9878 test 0.2797
epoch 54/200 loss 0.2047 train 0.9884 test 0.2824
epoch 55/200 loss 0.2095 train 0.9882 test 0.2803
epoch 56/200 loss 0.2167 train 0.9842 test 0.2718
epoch 57/200 loss 0.2192 train 0.9836 test 0.2797
epoch 58/200 loss 0.2177 train 0.9854 test 0.2792
epoch 59/200 loss 0.2105 train 0.9868 test 0.2779
epoch 60/200 loss 0.2025 train 0.9870 test 0.2754
epoch 61/200 loss 0.2041 train 0.9834 test 0.2790
epoch 62/200 loss 0.2132 train 0.9824 test 0.2743
epoch 63/200 loss 0.2297 train 0.9800 test 0.2751
epoch 64/200 loss 0.2331 train 0.9788 test 0.2667
epoch 65/200 loss 0.2293 train 0.9776 test 0.2734
epoch 66/200 loss 0.2278 train 0.9774 test 0.2694
epoch 67/200 loss 0.2286 train 0.9782 test 0.2738
epoch 68/200 loss 0.2144 train 0.9806 test 0.2700
epoch 69/200 loss 0.1977 train 0.9832 test 0.2787
epoch 70/200 loss 0.1715 train 0.9892 test 0.2769
epoch 71/200 loss 0.1570 train 0.9934 test 0.2812
epoch 72/200 loss 0.1513 train 0.9934 test 0.2829
epoch 73/200 loss 0.1465 train 0.9942 test 0.2850
epoch 74/200 loss 0.1438 train 0.9942 test 0.2898
epoch 75/200 loss 0.1316 train 0.9970 test 0.2850
epoch 76/200 loss 0.1255 train 0.9972 test 0.2795
epoch 77/200 loss 0.1219 train 0.9972 test 0.2845
epoch 78/200 loss 0.1143 train 0.9986 test 0.2935
epoch 79/200 loss 0.1103 train 0.9994 test 0.2933
epoch 80/200 loss 0.1050 train 0.9996 test 0.2908
epoch 81/200 loss 0.1018 train 0.9996 test 0.2927
epoch 82/200 loss 0.0996 train 0.9998 test 0.2927
epoch 83/200 loss 0.0974 train 0.9998 test 0.2924
epoch 84/200 loss 0.0957 train 0.9994 test 0.2953
epoch 85/200 loss 0.0946 train 0.9992 test 0.2965
epoch 86/200 loss 0.0944 train 0.9992 test 0.2885
epoch 87/200 loss 0.0936 train 0.9994 test 0.2939
epoch 88/200 loss 0.0887 train 0.9998 test 0.2935
epoch 89/200 loss 0.0876 train 0.9998 test 0.2917
epoch 90/200 loss 0.0886 train 0.9988 test 0.2887
epoch 91/200 loss 0.0894 train 0.9992 test 0.2968
epoch 92/200 loss 0.0873 train 0.9992 test 0.2969
epoch 93/200 loss 0.0850 train 0.9988 test 0.2886
epoch 94/200 loss 0.0904 train 0.9978 test 0.2854
epoch 95/200 loss 0.0913 train 0.9974 test 0.2829
epoch 96/200 loss 0.0907 train 0.9984 test 0.2899
epoch 97/200 loss 0.0828 train 0.9992 test 0.2920
epoch 98/200 loss 0.0786 train 0.9992 test 0.2910
epoch 99/200 loss 0.0740 train 0.9996 test 0.2965
epoch 100/200 loss 0.0734 train 0.9994 test 0.2944
epoch 101/200 loss 0.0712 train 0.9994 test 0.2973
epoch 102/200 loss 0.0751 train 0.9992 test 0.2842
epoch 103/200 loss 0.0812 train 0.9974 test 0.2895
epoch 104/200 loss 0.0798 train 0.9974 test 0.2855
epoch 105/200 loss 0.0771 train 0.9984 test 0.2879
epoch 106/200 loss 0.0837 train 0.9958 test 0.2811
epoch 107/200 loss 0.0894 train 0.9952 test 0.2802
epoch 108/200 loss 0.1151 train 0.9890 test 0.2737
epoch 109/200 loss 0.1248 train 0.9866 test 0.2685
epoch 110/200 loss 0.1378 train 0.9816 test 0.2729
epoch 111/200 loss 0.1426 train 0.9812 test 0.2707
epoch 112/200 loss 0.1237 train 0.9862 test 0.2774
epoch 113/200 loss 0.0934 train 0.9942 test 0.2786
epoch 114/200 loss 0.0732 train 0.9980 test 0.2822
epoch 115/200 loss 0.0667 train 0.9986 test 0.2860
epoch 116/200 loss 0.0617 train 0.9994 test 0.2841
epoch 117/200 loss 0.0562 train 0.9998 test 0.2887
epoch 118/200 loss 0.0548 train 0.9994 test 0.2904
epoch 119/200 loss 0.0531 train 0.9994 test 0.2900
epoch 120/200 loss 0.0516 train 0.9996 test 0.2906
epoch 121/200 loss 0.0495 train 0.9996 test 0.2915
epoch 122/200 loss 0.0481 train 0.9996 test 0.2912
epoch 123/200 loss 0.0467 train 0.9998 test 0.2901
epoch 124/200 loss 0.0450 train 0.9996 test 0.2939
epoch 125/200 loss 0.0433 train 0.9998 test 0.2944
epoch 126/200 loss 0.0423 train 0.9998 test 0.2961
epoch 127/200 loss 0.0412 train 0.9998 test 0.2949
epoch 128/200 loss 0.0403 train 0.9996 test 0.2949
epoch 129/200 loss 0.0391 train 0.9996 test 0.2923
epoch 130/200 loss 0.0379 train 0.9998 test 0.2942
epoch 131/200 loss 0.0368 train 0.9998 test 0.2945
epoch 132/200 loss 0.0358 train 0.9998 test 0.2942
epoch 133/200 loss 0.0345 train 1.0000 test 0.2946
epoch 134/200 loss 0.0336 train 0.9998 test 0.2961
epoch 135/200 loss 0.0325 train 1.0000 test 0.2966
epoch 136/200 loss 0.0315 train 1.0000 test 0.2957
epoch 137/200 loss 0.0307 train 1.0000 test 0.2962
epoch 138/200 loss 0.0302 train 0.9996 test 0.2952
epoch 139/200 loss 0.0288 train 0.9998 test 0.2951
epoch 140/200 loss 0.0280 train 0.9998 test 0.2961
epoch 141/200 loss 0.0271 train 0.9998 test 0.2941
epoch 142/200 loss 0.0265 train 0.9998 test 0.2906
epoch 143/200 loss 0.0257 train 0.9998 test 0.2953
epoch 144/200 loss 0.0267 train 0.9992 test 0.2952
epoch 145/200 loss 0.0301 train 0.9986 test 0.2849
epoch 146/200 loss 0.0282 train 0.9992 test 0.2910
epoch 147/200 loss 0.0233 train 0.9998 test 0.2933
epoch 148/200 loss 0.0218 train 0.9998 test 0.2926
epoch 149/200 loss 0.0215 train 0.9996 test 0.2932
epoch 150/200 loss 0.0201 train 0.9998 test 0.2937
epoch 151/200 loss 0.0193 train 1.0000 test 0.2931
epoch 152/200 loss 0.0187 train 0.9996 test 0.2928
epoch 153/200 loss 0.0179 train 0.9996 test 0.2943
epoch 154/200 loss 0.0171 train 0.9998 test 0.2956
epoch 155/200 loss 0.0167 train 0.9996 test 0.2965
epoch 156/200 loss 0.0156 train 0.9998 test 0.2973
epoch 157/200 loss 0.0154 train 0.9998 test 0.2965
epoch 158/200 loss 0.0148 train 0.9996 test 0.2919
epoch 159/200 loss 0.0137 train 1.0000 test 0.2922
epoch 160/200 loss 0.0132 train 0.9998 test 0.2928
epoch 161/200 loss 0.0126 train 0.9998 test 0.2929
epoch 162/200 loss 0.0122 train 0.9998 test 0.2922
epoch 163/200 loss 0.0115 train 0.9996 test 0.2937
epoch 164/200 loss 0.0109 train 0.9998 test 0.2934
epoch 165/200 loss 0.0103 train 0.9998 test 0.2936
epoch 166/200 loss 0.0097 train 1.0000 test 0.2938
epoch 167/200 loss 0.0093 train 1.0000 test 0.2941
epoch 168/200 loss 0.0088 train 0.9998 test 0.2936
epoch 169/200 loss 0.0083 train 0.9998 test 0.2936
epoch 170/200 loss 0.0078 train 1.0000 test 0.2937
epoch 171/200 loss 0.0073 train 0.9998 test 0.2933
epoch 172/200 loss 0.0071 train 0.9996 test 0.2942
epoch 173/200 loss 0.0065 train 1.0000 test 0.2945
epoch 174/200 loss 0.0061 train 0.9996 test 0.2946
epoch 175/200 loss 0.0056 train 1.0000 test 0.2950
epoch 176/200 loss 0.0052 train 1.0000 test 0.2952
epoch 177/200 loss 0.0049 train 1.0000 test 0.2940
epoch 178/200 loss 0.0046 train 1.0000 test 0.2942
epoch 179/200 loss 0.0043 train 0.9996 test 0.2946
epoch 180/200 loss 0.0040 train 0.9998 test 0.2947
epoch 181/200 loss 0.0036 train 1.0000 test 0.2947
epoch 182/200 loss 0.0034 train 0.9996 test 0.2950
epoch 183/200 loss 0.0030 train 1.0000 test 0.2953
epoch 184/200 loss 0.0027 train 1.0000 test 0.2951
epoch 185/200 loss 0.0025 train 1.0000 test 0.2946
epoch 186/200 loss 0.0023 train 0.9998 test 0.2947
epoch 187/200 loss 0.0021 train 1.0000 test 0.2948
epoch 188/200 loss 0.0020 train 0.9998 test 0.2949
epoch 189/200 loss 0.0018 train 1.0000 test 0.2947
epoch 190/200 loss 0.0015 train 1.0000 test 0.2948
epoch 191/200 loss 0.0014 train 0.9998 test 0.2950
epoch 192/200 loss 0.0012 train 1.0000 test 0.2946
epoch 193/200 loss 0.0011 train 1.0000 test 0.2951
epoch 194/200 loss 0.0011 train 1.0000 test 0.2951
epoch 195/200 loss 0.0010 train 1.0000 test 0.2952
epoch 196/200 loss 0.0009 train 1.0000 test 0.2952
epoch 197/200 loss 0.0009 train 1.0000 test 0.2953
epoch 198/200 loss 0.0008 train 1.0000 test 0.2953
epoch 199/200 loss 0.0008 train 1.0000 test 0.2953
epoch 200/200 loss 0.0008 train 0.9998 test 0.2953
done: final 0.2953 best 0.2973 -> ./runs/diagvit_aux_10pct/seed1
FRONTIER2_DONE diagvit_aux_10pct_seed1
FRONTIER2_START diagvit_aux_10pct_seed2
moment-aux target calibrated on 1024 images
[diagvit_aux_10pct seed2] {"params_trainable": 5381676, "params_stem_trainable": 0, "params_stem_fixed_filters": 0, "flops_total": 347216064, "flops_stem": 0, "flops_image_size": 32}
epoch 1/200 loss 5.5789 train 0.0256 test 0.0340
epoch 2/200 loss 4.7755 train 0.0449 test 0.0633
epoch 3/200 loss 4.4904 train 0.0671 test 0.0875
epoch 4/200 loss 4.3378 train 0.0881 test 0.0859
epoch 5/200 loss 4.2251 train 0.1002 test 0.1105
epoch 6/200 loss 4.0863 train 0.1222 test 0.1194
epoch 7/200 loss 4.0144 train 0.1242 test 0.1251
epoch 8/200 loss 3.9332 train 0.1506 test 0.1286
epoch 9/200 loss 3.8180 train 0.1595 test 0.1623
epoch 10/200 loss 3.6894 train 0.1757 test 0.1518
epoch 11/200 loss 3.6237 train 0.1881 test 0.1631
epoch 12/200 loss 3.5157 train 0.2063 test 0.1693
epoch 13/200 loss 3.4051 train 0.2236 test 0.1886
epoch 14/200 loss 3.3392 train 0.2324 test 0.1959
epoch 15/200 loss 3.2247 train 0.2596 test 0.1927
epoch 16/200 loss 3.1840 train 0.2562 test 0.2074
epoch 17/200 loss 3.1237 train 0.2756 test 0.2058
epoch 18/200 loss 2.9787 train 0.3007 test 0.2289
epoch 19/200 loss 2.9006 train 0.3097 test 0.2357
epoch 20/200 loss 2.8497 train 0.3265 test 0.2424
epoch 21/200 loss 2.6622 train 0.3592 test 0.2482
epoch 22/200 loss 2.6085 train 0.3782 test 0.2575
epoch 23/200 loss 2.4568 train 0.4073 test 0.2447
epoch 24/200 loss 2.3647 train 0.4139 test 0.2563
epoch 25/200 loss 2.2863 train 0.4423 test 0.2530
epoch 26/200 loss 2.1241 train 0.4736 test 0.2635
epoch 27/200 loss 1.9865 train 0.5016 test 0.2695
epoch 28/200 loss 1.8593 train 0.5375 test 0.2675
epoch 29/200 loss 1.7083 train 0.5693 test 0.2698
epoch 30/200 loss 1.5929 train 0.6066 test 0.2735
epoch 31/200 loss 1.4845 train 0.6328 test 0.2671
epoch 32/200 loss 1.2821 train 0.6913 test 0.2653
epoch 33/200 loss 1.1805 train 0.7240 test 0.2790
epoch 34/200 loss 0.9879 train 0.7802 test 0.2797
epoch 35/200 loss 0.9145 train 0.7969 test 0.2715
epoch 36/200 loss 0.8155 train 0.8289 test 0.2715
epoch 37/200 loss 0.7280 train 0.8570 test 0.2737
epoch 38/200 loss 0.6847 train 0.8690 test 0.2725
epoch 39/200 loss 0.5888 train 0.8954 test 0.2691
epoch 40/200 loss 0.4957 train 0.9169 test 0.2753
epoch 41/200 loss 0.4545 train 0.9269 test 0.2775
epoch 42/200 loss 0.3953 train 0.9455 test 0.2809
epoch 43/200 loss 0.3755 train 0.9501 test 0.2690
epoch 44/200 loss 0.3382 train 0.9613 test 0.2758
epoch 45/200 loss 0.3076 train 0.9690 test 0.2763
epoch 46/200 loss 0.2839 train 0.9736 test 0.2795
epoch 47/200 loss 0.2853 train 0.9712 test 0.2786
epoch 48/200 loss 0.2928 train 0.9706 test 0.2805
epoch 49/200 loss 0.2475 train 0.9832 test 0.2901
epoch 50/200 loss 0.2358 train 0.9818 test 0.2760
epoch 51/200 loss 0.2205 train 0.9874 test 0.2857
epoch 52/200 loss 0.2015 train 0.9904 test 0.2835
epoch 53/200 loss 0.2071 train 0.9888 test 0.2841
epoch 54/200 loss 0.2028 train 0.9892 test 0.2865
epoch 55/200 loss 0.2051 train 0.9862 test 0.2739
epoch 56/200 loss 0.2183 train 0.9844 test 0.2754
epoch 57/200 loss 0.2241 train 0.9804 test 0.2696
epoch 58/200 loss 0.2224 train 0.9806 test 0.2664
epoch 59/200 loss 0.2673 train 0.9669 test 0.2654
epoch 60/200 loss 0.2807 train 0.9692 test 0.2739
epoch 61/200 loss 0.2899 train 0.9607 test 0.2711
epoch 62/200 loss 0.2805 train 0.9623 test 0.2576
epoch 63/200 loss 0.2822 train 0.9625 test 0.2696
epoch 64/200 loss 0.2548 train 0.9696 test 0.2711
epoch 65/200 loss 0.2287 train 0.9766 test 0.2795
epoch 66/200 loss 0.2065 train 0.9836 test 0.2790
epoch 67/200 loss 0.2052 train 0.9824 test 0.2753
epoch 68/200 loss 0.1789 train 0.9900 test 0.2834
epoch 69/200 loss 0.1496 train 0.9960 test 0.2840
epoch 70/200 loss 0.1344 train 0.9976 test 0.2907
epoch 71/200 loss 0.1271 train 0.9980 test 0.2891
epoch 72/200 loss 0.1206 train 0.9992 test 0.2910
epoch 73/200 loss 0.1230 train 0.9970 test 0.2883
epoch 74/200 loss 0.1213 train 0.9976 test 0.2876
epoch 75/200 loss 0.1143 train 0.9992 test 0.2884
epoch 76/200 loss 0.1173 train 0.9980 test 0.2872
epoch 77/200 loss 0.1105 train 0.9994 test 0.2924
epoch 78/200 loss 0.1048 train 0.9996 test 0.2969
epoch 79/200 loss 0.1022 train 0.9994 test 0.2956
epoch 80/200 loss 0.0998 train 0.9994 test 0.2973
epoch 81/200 loss 0.0981 train 0.9998 test 0.2971
epoch 82/200 loss 0.0954 train 0.9998 test 0.2973
epoch 83/200 loss 0.0944 train 0.9996 test 0.2973
epoch 84/200 loss 0.0922 train 0.9998 test 0.2950
epoch 85/200 loss 0.0906 train 0.9998 test 0.2967
epoch 86/200 loss 0.0885 train 1.0000 test 0.2968
epoch 87/200 loss 0.0870 train 0.9996 test 0.2994
epoch 88/200 loss 0.0851 train 1.0000 test 0.2984
epoch 89/200 loss 0.0843 train 0.9998 test 0.3005
epoch 90/200 loss 0.0818 train 0.9998 test 0.3010
epoch 91/200 loss 0.0807 train 0.9998 test 0.3003
epoch 92/200 loss 0.0803 train 0.9998 test 0.2994
epoch 93/200 loss 0.0787 train 0.9996 test 0.2993
epoch 94/200 loss 0.0769 train 0.9996 test 0.3029
epoch 95/200 loss 0.0753 train 0.9996 test 0.3000
epoch 96/200 loss 0.0734 train 0.9996 test 0.3018
epoch 97/200 loss 0.0719 train 0.9998 test 0.3002
epoch 98/200 loss 0.0707 train 0.9998 test 0.2993
epoch 99/200 loss 0.0696 train 0.9996 test 0.2999
epoch 100/200 loss 0.0680 train 1.0000 test 0.3006
epoch 101/200 loss 0.0666 train 0.9998 test 0.2997
epoch 102/200 loss 0.0658 train 0.9996 test 0.3005
epoch 103/200 loss 0.0641 train 0.9996 test 0.2985
epoch 104/200 loss 0.0623 train 0.9998 test 0.3004
epoch 105/200 loss 0.0616 train 0.9998 test 0.2997
epoch 106/200 loss 0.0600 train 0.9998 test 0.3003
epoch 107/200 loss 0.0588 train 0.9998 test 0.3012
epoch 108/200 loss 0.0573 train 0.9998 test 0.3000
epoch 109/200 loss 0.0567 train 0.9996 test 0.2987
epoch 110/200 loss 0.0554 train 0.9996 test 0.2990
epoch 111/200 loss 0.0540 train 0.9998 test 0.3016
epoch 112/200 loss 0.0528 train 0.9998 test 0.3006
epoch 113/200 loss 0.0523 train 0.9996 test 0.2984
epoch 114/200 loss 0.0521 train 0.9996 test 0.2980
epoch 115/200 loss 0.0502 train 0.9998 test 0.2989
epoch 116/200 loss 0.0493 train 0.9998 test 0.2984
epoch 117/200 loss 0.0475 train 0.9996 test 0.2994
epoch 118/200 loss 0.0467 train 0.9998 test 0.2975
epoch 119/200 loss 0.0454 train 0.9996 test 0.2985
epoch 120/200 loss 0.0444 train 0.9996 test 0.2974
epoch 121/200 loss 0.0429 train 1.0000 test 0.3005
epoch 122/200 loss 0.0418 train 0.9998 test 0.3000
epoch 123/200 loss 0.0410 train 0.9998 test 0.3014
epoch 124/200 loss 0.0400 train 0.9998 test 0.3001
epoch 125/200 loss 0.0392 train 0.9996 test 0.3010
epoch 126/200 loss 0.0384 train 0.9996 test 0.3025
epoch 127/200 loss 0.0371 train 0.9996 test 0.3013
epoch 128/200 loss 0.0360 train 0.9998 test 0.3036
epoch 129/200 loss 0.0352 train 0.9996 test 0.3018
epoch 130/200 loss 0.0342 train 0.9998 test 0.3016
epoch 131/200 loss 0.0332 train 0.9998 test 0.3025
epoch 132/200 loss 0.0323 train 0.9998 test 0.3005
epoch 133/200 loss 0.0314 train 0.9998 test 0.3018
epoch 134/200 loss 0.0304 train 1.0000 test 0.3003
epoch 135/200 loss 0.0296 train 0.9998 test 0.2995
epoch 136/200 loss 0.0293 train 0.9998 test 0.3006
epoch 137/200 loss 0.0284 train 0.9996 test 0.2993
epoch 138/200 loss 0.0273 train 0.9996 test 0.3017
epoch 139/200 loss 0.0264 train 0.9996 test 0.3019
epoch 140/200 loss 0.0256 train 0.9998 test 0.3024
epoch 141/200 loss 0.0249 train 0.9996 test 0.3009
epoch 142/200 loss 0.0239 train 0.9998 test 0.3019
epoch 143/200 loss 0.0231 train 1.0000 test 0.2989
epoch 144/200 loss 0.0224 train 0.9998 test 0.3023
epoch 145/200 loss 0.0215 train 0.9998 test 0.2997
epoch 146/200 loss 0.0208 train 1.0000 test 0.2981
epoch 147/200 loss 0.0202 train 0.9998 test 0.2998
epoch 148/200 loss 0.0196 train 0.9998 test 0.2991
epoch 149/200 loss 0.0190 train 0.9998 test 0.3010
epoch 150/200 loss 0.0180 train 0.9998 test 0.2993
epoch 151/200 loss 0.0176 train 0.9996 test 0.2993
epoch 152/200 loss 0.0170 train 0.9996 test 0.3002
epoch 153/200 loss 0.0161 train 0.9998 test 0.3009
epoch 154/200 loss 0.0156 train 0.9996 test 0.3002
epoch 155/200 loss 0.0149 train 0.9998 test 0.2988
epoch 156/200 loss 0.0142 train 0.9998 test 0.3000
epoch 157/200 loss 0.0137 train 0.9998 test 0.2997
epoch 158/200 loss 0.0132 train 0.9998 test 0.2997
epoch 159/200 loss 0.0126 train 0.9996 test 0.3001
epoch 160/200 loss 0.0121 train 0.9998 test 0.3005
epoch 161/200 loss 0.0115 train 0.9998 test 0.3013
epoch 162/200 loss 0.0109 train 0.9998 test 0.2997
epoch 163/200 loss 0.0106 train 0.9996 test 0.2998
epoch 164/200 loss 0.0098 train 1.0000 test 0.2989
epoch 165/200 loss 0.0095 train 1.0000 test 0.3001
epoch 166/200 loss 0.0091 train 0.9998 test 0.2999
epoch 167/200 loss 0.0084 train 1.0000 test 0.3011
epoch 168/200 loss 0.0081 train 0.9998 test 0.3002
epoch 169/200 loss 0.0076 train 0.9998 test 0.3007
epoch 170/200 loss 0.0072 train 1.0000 test 0.3004
epoch 171/200 loss 0.0069 train 0.9998 test 0.3004
epoch 172/200 loss 0.0063 train 1.0000 test 0.3013
epoch 173/200 loss 0.0060 train 0.9998 test 0.3012
epoch 174/200 loss 0.0056 train 0.9998 test 0.2987
epoch 175/200 loss 0.0052 train 1.0000 test 0.2999
epoch 176/200 loss 0.0049 train 0.9998 test 0.3000
epoch 177/200 loss 0.0045 train 1.0000 test 0.2998
epoch 178/200 loss 0.0043 train 0.9998 test 0.2999
epoch 179/200 loss 0.0040 train 0.9998 test 0.3007
epoch 180/200 loss 0.0038 train 0.9996 test 0.3001
epoch 181/200 loss 0.0033 train 1.0000 test 0.3001
epoch 182/200 loss 0.0031 train 1.0000 test 0.3000
epoch 183/200 loss 0.0028 train 1.0000 test 0.3001
epoch 184/200 loss 0.0025 train 1.0000 test 0.3000
epoch 185/200 loss 0.0026 train 0.9998 test 0.3010
epoch 186/200 loss 0.0021 train 1.0000 test 0.3007
epoch 187/200 loss 0.0021 train 1.0000 test 0.3006
epoch 188/200 loss 0.0018 train 1.0000 test 0.3005
epoch 189/200 loss 0.0016 train 1.0000 test 0.3004
epoch 190/200 loss 0.0016 train 0.9998 test 0.3006
epoch 191/200 loss 0.0013 train 1.0000 test 0.3004
epoch 192/200 loss 0.0013 train 0.9998 test 0.3004
epoch 193/200 loss 0.0012 train 0.9998 test 0.3007
epoch 194/200 loss 0.0012 train 0.9996 test 0.3007
epoch 195/200 loss 0.0011 train 0.9998 test 0.3006
epoch 196/200 loss 0.0010 train 0.9998 test 0.3005
epoch 197/200 loss 0.0009 train 0.9998 test 0.3006
epoch 198/200 loss 0.0009 train 0.9996 test 0.3007
epoch 199/200 loss 0.0009 train 0.9996 test 0.3007
epoch 200/200 loss 0.0009 train 0.9998 test 0.3007
done: final 0.3007 best 0.3036 -> ./runs/diagvit_aux_10pct/seed2
FRONTIER2_DONE diagvit_aux_10pct_seed2
FRONTIER2_CELL_DONE diagvit_aux_10pct
FRONTIER2_CHEAP_TIER_DONE
FRONTIER2_START tin_none_25pct_seed0
[tin_none_25pct seed0] {"params_trainable": 11271432, "params_stem_trainable": 0, "params_stem_fixed_filters": 0, "flops_total": 2226720768, "flops_stem": 0, "flops_image_size": 64}
epoch 1/200 loss 5.0037 train 0.0327 test 0.0433
epoch 2/200 loss 4.6385 train 0.0597 test 0.0618
epoch 3/200 loss 4.3690 train 0.0859 test 0.0993
epoch 4/200 loss 4.1192 train 0.1171 test 0.1045
epoch 5/200 loss 3.9217 train 0.1404 test 0.1066
epoch 6/200 loss 3.7493 train 0.1656 test 0.1573
epoch 7/200 loss 3.5806 train 0.1883 test 0.1607
epoch 8/200 loss 3.4243 train 0.2138 test 0.1753
epoch 9/200 loss 3.2995 train 0.2362 test 0.1920
epoch 10/200 loss 3.1712 train 0.2581 test 0.1856
epoch 11/200 loss 3.0709 train 0.2755 test 0.2363
epoch 12/200 loss 2.9573 train 0.2959 test 0.2173
epoch 13/200 loss 2.8710 train 0.3109 test 0.2404
epoch 14/200 loss 2.7737 train 0.3314 test 0.2337
epoch 15/200 loss 2.6987 train 0.3465 test 0.2491
epoch 16/200 loss 2.6132 train 0.3639 test 0.2766
epoch 17/200 loss 2.5322 train 0.3798 test 0.2232
epoch 18/200 loss 2.4623 train 0.3953 test 0.2896
epoch 19/200 loss 2.3836 train 0.4089 test 0.2819
epoch 20/200 loss 2.3158 train 0.4227 test 0.2537
epoch 21/200 loss 2.2378 train 0.4383 test 0.2815
epoch 22/200 loss 2.1813 train 0.4518 test 0.2500
epoch 23/200 loss 2.1362 train 0.4548 test 0.2782
epoch 24/200 loss 2.0696 train 0.4734 test 0.2783
epoch 25/200 loss 2.0230 train 0.4824 test 0.2803
epoch 26/200 loss 1.9463 train 0.5006 test 0.2978
epoch 27/200 loss 1.8865 train 0.5098 test 0.2768
epoch 28/200 loss 1.8449 train 0.5209 test 0.3164
epoch 29/200 loss 1.7922 train 0.5345 test 0.2850
epoch 30/200 loss 1.7151 train 0.5497 test 0.3109
epoch 31/200 loss 1.6769 train 0.5617 test 0.2970
epoch 32/200 loss 1.6332 train 0.5725 test 0.3169
epoch 33/200 loss 1.5572 train 0.5875 test 0.2804
epoch 34/200 loss 1.5177 train 0.5948 test 0.3088
epoch 35/200 loss 1.4738 train 0.6029 test 0.3280
epoch 36/200 loss 1.4385 train 0.6151 test 0.3056
epoch 37/200 loss 1.3629 train 0.6347 test 0.3142
epoch 38/200 loss 1.3346 train 0.6369 test 0.3098
epoch 39/200 loss 1.3100 train 0.6423 test 0.2322
epoch 40/200 loss 1.2594 train 0.6559 test 0.2964
epoch 41/200 loss 1.2176 train 0.6682 test 0.3248
epoch 42/200 loss 1.1901 train 0.6736 test 0.2957
epoch 43/200 loss 1.1400 train 0.6867 test 0.3203
epoch 44/200 loss 1.0947 train 0.6945 test 0.3263
epoch 45/200 loss 1.0433 train 0.7151 test 0.2985
epoch 46/200 loss 1.0424 train 0.7075 test 0.3180
epoch 47/200 loss 1.0065 train 0.7200 test 0.3254
epoch 48/200 loss 0.9578 train 0.7328 test 0.3197
epoch 49/200 loss 0.9263 train 0.7448 test 0.3258
epoch 50/200 loss 0.8892 train 0.7532 test 0.2970
epoch 51/200 loss 0.8936 train 0.7484 test 0.2991
epoch 52/200 loss 0.8582 train 0.7602 test 0.2919
epoch 53/200 loss 0.8431 train 0.7625 test 0.3068
epoch 54/200 loss 0.7811 train 0.7827 test 0.3240
epoch 55/200 loss 0.7965 train 0.7772 test 0.2980
epoch 56/200 loss 0.7485 train 0.7883 test 0.3077
epoch 57/200 loss 0.7276 train 0.7954 test 0.3252
epoch 58/200 loss 0.6979 train 0.8043 test 0.3284
epoch 59/200 loss 0.6682 train 0.8145 test 0.3332
epoch 60/200 loss 0.6859 train 0.8065 test 0.3082
epoch 61/200 loss 0.6686 train 0.8132 test 0.3280
epoch 62/200 loss 0.6341 train 0.8232 test 0.3522
epoch 63/200 loss 0.5729 train 0.8411 test 0.2929
epoch 64/200 loss 0.6168 train 0.8263 test 0.3386
epoch 65/200 loss 0.5705 train 0.8438 test 0.3145
epoch 66/200 loss 0.6052 train 0.8306 test 0.3072
epoch 67/200 loss 0.6119 train 0.8266 test 0.3324
epoch 68/200 loss 0.5073 train 0.8615 test 0.3274
epoch 69/200 loss 0.4513 train 0.8784 test 0.3132
epoch 70/200 loss 0.5206 train 0.8578 test 0.3142
epoch 71/200 loss 0.5254 train 0.8559 test 0.3549
epoch 72/200 loss 0.4970 train 0.8646 test 0.2823
epoch 73/200 loss 0.5064 train 0.8619 test 0.3425
epoch 74/200 loss 0.4385 train 0.8825 test 0.3564
epoch 75/200 loss 0.3877 train 0.8972 test 0.3502
epoch 76/200 loss 0.4475 train 0.8787 test 0.3395
epoch 77/200 loss 0.4653 train 0.8744 test 0.3488
epoch 78/200 loss 0.4334 train 0.8841 test 0.3149
epoch 79/200 loss 0.4429 train 0.8817 test 0.3494
epoch 80/200 loss 0.4162 train 0.8890 test 0.3312
epoch 81/200 loss 0.3251 train 0.9195 test 0.3515
epoch 82/200 loss 0.2690 train 0.9380 test 0.3611
epoch 83/200 loss 0.2932 train 0.9282 test 0.3534
epoch 84/200 loss 0.3253 train 0.9173 test 0.3541
epoch 85/200 loss 0.4490 train 0.8819 test 0.3073
epoch 86/200 loss 0.4659 train 0.8754 test 0.3100
epoch 87/200 loss 0.3593 train 0.9071 test 0.3382
epoch 88/200 loss 0.2809 train 0.9331 test 0.3543
epoch 89/200 loss 0.2194 train 0.9527 test 0.3870
epoch 90/200 loss 0.1632 train 0.9681 test 0.3963
epoch 91/200 loss 0.1202 train 0.9802 test 0.4104
epoch 92/200 loss 0.0911 train 0.9880 test 0.4139
epoch 93/200 loss 0.0696 train 0.9932 test 0.4310
epoch 94/200 loss 0.0531 train 0.9959 test 0.4342
epoch 95/200 loss 0.0492 train 0.9970 test 0.4360
epoch 96/200 loss 0.0501 train 0.9974 test 0.4335
epoch 97/200 loss 0.0712 train 0.9952 test 0.3966
epoch 98/200 loss 0.6554 train 0.8413 test 0.1314
epoch 99/200 loss 1.4238 train 0.6213 test 0.3190
epoch 100/200 loss 0.7476 train 0.8007 test 0.3286
epoch 101/200 loss 0.4538 train 0.8864 test 0.3401
epoch 102/200 loss 0.2756 train 0.9369 test 0.3788
epoch 103/200 loss 0.1869 train 0.9642 test 0.3975
epoch 104/200 loss 0.1075 train 0.9837 test 0.4240
epoch 105/200 loss 0.0551 train 0.9952 test 0.4502
epoch 106/200 loss 0.0328 train 0.9990 test 0.4680
epoch 107/200 loss 0.0222 train 0.9997 test 0.4757
epoch 108/200 loss 0.0214 train 0.9998 test 0.4738
epoch 109/200 loss 0.0225 train 0.9998 test 0.4766
epoch 110/200 loss 0.0245 train 0.9999 test 0.4760
epoch 111/200 loss 0.0247 train 1.0000 test 0.4831
epoch 112/200 loss 0.0250 train 0.9999 test 0.4759
epoch 113/200 loss 0.0301 train 0.9998 test 0.4663
epoch 114/200 loss 0.0406 train 0.9993 test 0.4560
epoch 115/200 loss 0.1968 train 0.9673 test 0.2074
epoch 116/200 loss 1.5017 train 0.6121 test 0.2302
epoch 117/200 loss 0.8789 train 0.7726 test 0.3482
epoch 118/200 loss 0.4884 train 0.8819 test 0.3370
epoch 119/200 loss 0.2943 train 0.9360 test 0.3858
epoch 120/200 loss 0.1437 train 0.9758 test 0.4102
epoch 121/200 loss 0.0729 train 0.9917 test 0.4381
epoch 122/200 loss 0.0411 train 0.9977 test 0.4641
epoch 123/200 loss 0.0231 train 0.9994 test 0.4708
epoch 124/200 loss 0.0199 train 0.9997 test 0.4757
epoch 125/200 loss 0.0175 train 0.9999 test 0.4815
epoch 126/200 loss 0.0172 train 0.9999 test 0.4823
epoch 127/200 loss 0.0178 train 1.0000 test 0.4833
epoch 128/200 loss 0.0188 train 0.9999 test 0.4830
epoch 129/200 loss 0.0200 train 0.9998 test 0.4839
epoch 130/200 loss 0.0198 train 1.0000 test 0.4853
epoch 131/200 loss 0.0218 train 0.9998 test 0.4810
epoch 132/200 loss 0.0208 train 1.0000 test 0.4804
epoch 133/200 loss 0.0220 train 0.9998 test 0.4820
epoch 134/200 loss 0.0233 train 0.9998 test 0.4758
epoch 135/200 loss 0.0220 train 0.9999 test 0.4788
epoch 136/200 loss 0.0236 train 0.9999 test 0.4784
epoch 137/200 loss 0.0221 train 1.0000 test 0.4836
epoch 138/200 loss 0.0220 train 0.9999 test 0.4750
epoch 139/200 loss 0.0235 train 0.9999 test 0.4787
epoch 140/200 loss 0.0232 train 0.9999 test 0.4714
epoch 141/200 loss 0.0259 train 0.9997 test 0.4693
epoch 142/200 loss 0.0330 train 0.9995 test 0.4670
epoch 143/200 loss 0.0327 train 0.9998 test 0.4663
epoch 144/200 loss 0.0295 train 0.9996 test 0.4659
epoch 145/200 loss 0.0334 train 0.9994 test 0.4667
epoch 146/200 loss 0.0235 train 1.0000 test 0.4829
epoch 147/200 loss 0.0244 train 0.9997 test 0.4741
epoch 148/200 loss 0.0225 train 0.9997 test 0.4721
epoch 149/200 loss 0.0192 train 1.0000 test 0.4759
epoch 150/200 loss 0.0236 train 0.9996 test 0.4777
epoch 151/200 loss 0.0197 train 0.9998 test 0.4762
epoch 152/200 loss 0.0252 train 0.9994 test 0.4688
epoch 153/200 loss 0.0244 train 0.9996 test 0.4713
epoch 154/200 loss 0.0254 train 0.9995 test 0.4688
epoch 155/200 loss 0.0277 train 0.9994 test 0.4734
epoch 156/200 loss 0.0198 train 0.9999 test 0.4779
epoch 157/200 loss 0.0170 train 1.0000 test 0.4874
epoch 158/200 loss 0.0145 train 1.0000 test 0.4845
epoch 159/200 loss 0.0139 train 1.0000 test 0.4882
epoch 160/200 loss 0.0130 train 1.0000 test 0.4911
epoch 161/200 loss 0.0129 train 0.9999 test 0.4901
epoch 162/200 loss 0.0130 train 1.0000 test 0.4882
epoch 163/200 loss 0.0130 train 0.9999 test 0.4900
epoch 164/200 loss 0.0128 train 1.0000 test 0.4919
epoch 165/200 loss 0.0126 train 1.0000 test 0.4889
epoch 166/200 loss 0.0125 train 0.9999 test 0.4889
epoch 167/200 loss 0.0126 train 0.9999 test 0.4919
epoch 168/200 loss 0.0128 train 1.0000 test 0.4935
epoch 169/200 loss 0.0123 train 0.9999 test 0.4951
epoch 170/200 loss 0.0125 train 0.9999 test 0.4926
epoch 171/200 loss 0.0121 train 1.0000 test 0.4896
epoch 172/200 loss 0.0120 train 0.9999 test 0.4916
epoch 173/200 loss 0.0122 train 1.0000 test 0.4930
epoch 174/200 loss 0.0120 train 1.0000 test 0.4919
epoch 175/200 loss 0.0122 train 1.0000 test 0.4944
epoch 176/200 loss 0.0119 train 0.9999 test 0.4929
epoch 177/200 loss 0.0119 train 1.0000 test 0.4960
epoch 178/200 loss 0.0118 train 0.9999 test 0.4937
epoch 179/200 loss 0.0118 train 0.9999 test 0.4937
epoch 180/200 loss 0.0118 train 1.0000 test 0.4957
epoch 181/200 loss 0.0116 train 0.9999 test 0.4934
epoch 182/200 loss 0.0115 train 1.0000 test 0.4944
epoch 183/200 loss 0.0115 train 0.9999 test 0.4941
epoch 184/200 loss 0.0115 train 0.9999 test 0.4943
epoch 185/200 loss 0.0114 train 1.0000 test 0.4940
epoch 186/200 loss 0.0115 train 1.0000 test 0.4939
epoch 187/200 loss 0.0113 train 1.0000 test 0.4934
epoch 188/200 loss 0.0113 train 0.9999 test 0.4933
epoch 189/200 loss 0.0113 train 1.0000 test 0.4938
epoch 190/200 loss 0.0112 train 1.0000 test 0.4952
epoch 191/200 loss 0.0113 train 1.0000 test 0.4917
epoch 192/200 loss 0.0113 train 1.0000 test 0.4931
epoch 193/200 loss 0.0113 train 1.0000 test 0.4916
epoch 194/200 loss 0.0113 train 1.0000 test 0.4951
epoch 195/200 loss 0.0114 train 0.9999 test 0.4924
epoch 196/200 loss 0.0114 train 1.0000 test 0.4932
epoch 197/200 loss 0.0111 train 0.9999 test 0.4935
epoch 198/200 loss 0.0112 train 1.0000 test 0.4946
epoch 199/200 loss 0.0113 train 1.0000 test 0.4960
epoch 200/200 loss 0.0112 train 1.0000 test 0.4937
done: final 0.4937 best 0.4960 -> ./runs/tin_none_25pct/seed0
FRONTIER2_DONE tin_none_25pct_seed0
FRONTIER2_START tin_none_25pct_seed1
[tin_none_25pct seed1] {"params_trainable": 11271432, "params_stem_trainable": 0, "params_stem_fixed_filters": 0, "flops_total": 2226720768, "flops_stem": 0, "flops_image_size": 64}
epoch 1/200 loss 5.0041 train 0.0313 test 0.0462
epoch 2/200 loss 4.6592 train 0.0574 test 0.0617
epoch 3/200 loss 4.3830 train 0.0858 test 0.0904
epoch 4/200 loss 4.1080 train 0.1193 test 0.1070
epoch 5/200 loss 3.9197 train 0.1396 test 0.1268
epoch 6/200 loss 3.7576 train 0.1639 test 0.1290
epoch 7/200 loss 3.6005 train 0.1906 test 0.1569
epoch 8/200 loss 3.4551 train 0.2105 test 0.1797
epoch 9/200 loss 3.3134 train 0.2289 test 0.1922
epoch 10/200 loss 3.1940 train 0.2536 test 0.1863
epoch 11/200 loss 3.0711 train 0.2762 test 0.2274
epoch 12/200 loss 2.9620 train 0.2951 test 0.2342
epoch 13/200 loss 2.8701 train 0.3124 test 0.2219
epoch 14/200 loss 2.7867 train 0.3309 test 0.2395
epoch 15/200 loss 2.6889 train 0.3476 test 0.2451
epoch 16/200 loss 2.5983 train 0.3640 test 0.2895
epoch 17/200 loss 2.5354 train 0.3795 test 0.2401
epoch 18/200 loss 2.4513 train 0.3957 test 0.2693
epoch 19/200 loss 2.3793 train 0.4107 test 0.2562
epoch 20/200 loss 2.3161 train 0.4244 test 0.2803
epoch 21/200 loss 2.2496 train 0.4369 test 0.2790
epoch 22/200 loss 2.1834 train 0.4506 test 0.3062
epoch 23/200 loss 2.1170 train 0.4653 test 0.2539
epoch 24/200 loss 2.0547 train 0.4792 test 0.2667
epoch 25/200 loss 2.0020 train 0.4879 test 0.2685
epoch 26/200 loss 1.9348 train 0.5045 test 0.3175
epoch 27/200 loss 1.8915 train 0.5105 test 0.2919
epoch 28/200 loss 1.8184 train 0.5283 test 0.3089
epoch 29/200 loss 1.7673 train 0.5385 test 0.2674
epoch 30/200 loss 1.7218 train 0.5488 test 0.3317
epoch 31/200 loss 1.6510 train 0.5651 test 0.3080
epoch 32/200 loss 1.6348 train 0.5695 test 0.3029
epoch 33/200 loss 1.5628 train 0.5867 test 0.2781
epoch 34/200 loss 1.5246 train 0.5933 test 0.3297
epoch 35/200 loss 1.4831 train 0.6018 test 0.3269
epoch 36/200 loss 1.4375 train 0.6119 test 0.2723
epoch 37/200 loss 1.3683 train 0.6289 test 0.3187
epoch 38/200 loss 1.3373 train 0.6376 test 0.2746
epoch 39/200 loss 1.3006 train 0.6436 test 0.3057
epoch 40/200 loss 1.2469 train 0.6584 test 0.3348
epoch 41/200 loss 1.2226 train 0.6666 test 0.2850
epoch 42/200 loss 1.1667 train 0.6772 test 0.3023
epoch 43/200 loss 1.1248 train 0.6897 test 0.3071
epoch 44/200 loss 1.1292 train 0.6878 test 0.3175
epoch 45/200 loss 1.0762 train 0.7036 test 0.3102
epoch 46/200 loss 1.0341 train 0.7124 test 0.3079
epoch 47/200 loss 0.9730 train 0.7304 test 0.3003
epoch 48/200 loss 0.9486 train 0.7353 test 0.3264
epoch 49/200 loss 0.9649 train 0.7277 test 0.2859
epoch 50/200 loss 0.8990 train 0.7505 test 0.3366
epoch 51/200 loss 0.8721 train 0.7575 test 0.3087
epoch 52/200 loss 0.8495 train 0.7625 test 0.3356
epoch 53/200 loss 0.8093 train 0.7737 test 0.2953
epoch 54/200 loss 0.8222 train 0.7687 test 0.2634
epoch 55/200 loss 0.7885 train 0.7782 test 0.3395
epoch 56/200 loss 0.7304 train 0.7970 test 0.3255
epoch 57/200 loss 0.7097 train 0.8011 test 0.3307
epoch 58/200 loss 0.7349 train 0.7946 test 0.3270
epoch 59/200 loss 0.6791 train 0.8080 test 0.3254
epoch 60/200 loss 0.6776 train 0.8087 test 0.3015
epoch 61/200 loss 0.6642 train 0.8158 test 0.2894
epoch 62/200 loss 0.6464 train 0.8198 test 0.3282
epoch 63/200 loss 0.6246 train 0.8266 test 0.3211
epoch 64/200 loss 0.6002 train 0.8347 test 0.3368
epoch 65/200 loss 0.5922 train 0.8364 test 0.3213
epoch 66/200 loss 0.5901 train 0.8361 test 0.2851
epoch 67/200 loss 0.5545 train 0.8466 test 0.3300
epoch 68/200 loss 0.4993 train 0.8627 test 0.3040
epoch 69/200 loss 0.5225 train 0.8562 test 0.3430
epoch 70/200 loss 0.5104 train 0.8601 test 0.3169
epoch 71/200 loss 0.5398 train 0.8515 test 0.2900
epoch 72/200 loss 0.5154 train 0.8588 test 0.3355
epoch 73/200 loss 0.4165 train 0.8881 test 0.3591
epoch 74/200 loss 0.4086 train 0.8930 test 0.3393
epoch 75/200 loss 0.4791 train 0.8698 test 0.2929
epoch 76/200 loss 0.4889 train 0.8652 test 0.3301
epoch 77/200 loss 0.4254 train 0.8865 test 0.3402
epoch 78/200 loss 0.4191 train 0.8885 test 0.3362
epoch 79/200 loss 0.4145 train 0.8900 test 0.3349
epoch 80/200 loss 0.3704 train 0.9031 test 0.3383
epoch 81/200 loss 0.3208 train 0.9201 test 0.3310
epoch 82/200 loss 0.3726 train 0.9034 test 0.3255
epoch 83/200 loss 0.4121 train 0.8911 test 0.3229
epoch 84/200 loss 0.3829 train 0.8990 test 0.3502
epoch 85/200 loss 0.3383 train 0.9150 test 0.3637
epoch 86/200 loss 0.2706 train 0.9352 test 0.3688
epoch 87/200 loss 0.2549 train 0.9391 test 0.3571
epoch 88/200 loss 0.2534 train 0.9411 test 0.3363
epoch 89/200 loss 0.3130 train 0.9220 test 0.3409
epoch 90/200 loss 0.3516 train 0.9122 test 0.3264
epoch 91/200 loss 0.3877 train 0.8989 test 0.3178
epoch 92/200 loss 0.3695 train 0.9051 test 0.3453
epoch 93/200 loss 0.2624 train 0.9369 test 0.3656
epoch 94/200 loss 0.1893 train 0.9603 test 0.3678
epoch 95/200 loss 0.1317 train 0.9770 test 0.4139
epoch 96/200 loss 0.0872 train 0.9881 test 0.4147
epoch 97/200 loss 0.0491 train 0.9963 test 0.4454
epoch 98/200 loss 0.0299 train 0.9990 test 0.4598
epoch 99/200 loss 0.0235 train 0.9998 test 0.4731
epoch 100/200 loss 0.0219 train 0.9997 test 0.4772
epoch 101/200 loss 0.0232 train 0.9999 test 0.4791
epoch 102/200 loss 0.0278 train 0.9999 test 0.4630
epoch 103/200 loss 0.0323 train 0.9998 test 0.4689
epoch 104/200 loss 0.0380 train 0.9996 test 0.4583
epoch 105/200 loss 0.0503 train 0.9988 test 0.4054
epoch 106/200 loss 1.3104 train 0.6828 test 0.2390
epoch 107/200 loss 1.3882 train 0.6345 test 0.2971
epoch 108/200 loss 0.8281 train 0.7827 test 0.3306
epoch 109/200 loss 0.5216 train 0.8689 test 0.3382
epoch 110/200 loss 0.3415 train 0.9192 test 0.3763
epoch 111/200 loss 0.2125 train 0.9572 test 0.3967
epoch 112/200 loss 0.1554 train 0.9706 test 0.4164
epoch 113/200 loss 0.1004 train 0.9862 test 0.4148
epoch 114/200 loss 0.0589 train 0.9947 test 0.4576
epoch 115/200 loss 0.0306 train 0.9988 test 0.4672
epoch 116/200 loss 0.0205 train 0.9998 test 0.4787
epoch 117/200 loss 0.0182 train 0.9998 test 0.4801
epoch 118/200 loss 0.0225 train 0.9994 test 0.4780
epoch 119/200 loss 0.0213 train 0.9998 test 0.4846
epoch 120/200 loss 0.0206 train 0.9998 test 0.4820
epoch 121/200 loss 0.0222 train 0.9999 test 0.4833
epoch 122/200 loss 0.0221 train 0.9999 test 0.4764
epoch 123/200 loss 0.0240 train 0.9999 test 0.4869
epoch 124/200 loss 0.0243 train 0.9999 test 0.4801
epoch 125/200 loss 0.0249 train 0.9999 test 0.4798
epoch 126/200 loss 0.0274 train 0.9999 test 0.4757
epoch 127/200 loss 0.0291 train 0.9998 test 0.4677
epoch 128/200 loss 0.0463 train 0.9982 test 0.4139
epoch 129/200 loss 0.8017 train 0.8153 test 0.1803
epoch 130/200 loss 1.0895 train 0.7174 test 0.3240
epoch 131/200 loss 0.5313 train 0.8763 test 0.3216
epoch 132/200 loss 0.2615 train 0.9487 test 0.3912
epoch 133/200 loss 0.1113 train 0.9867 test 0.4377
epoch 134/200 loss 0.0445 train 0.9975 test 0.4571
epoch 135/200 loss 0.0258 train 0.9991 test 0.4646
epoch 136/200 loss 0.0187 train 0.9996 test 0.4738
epoch 137/200 loss 0.0159 train 0.9996 test 0.4778
epoch 138/200 loss 0.0152 train 0.9999 test 0.4841
epoch 139/200 loss 0.0145 train 0.9998 test 0.4817
epoch 140/200 loss 0.0145 train 0.9999 test 0.4813
epoch 141/200 loss 0.0144 train 1.0000 test 0.4847
epoch 142/200 loss 0.0152 train 0.9999 test 0.4870
epoch 143/200 loss 0.0155 train 0.9999 test 0.4855
epoch 144/200 loss 0.0158 train 0.9999 test 0.4838
epoch 145/200 loss 0.0166 train 1.0000 test 0.4852
epoch 146/200 loss 0.0167 train 1.0000 test 0.4860
epoch 147/200 loss 0.0166 train 1.0000 test 0.4824
epoch 148/200 loss 0.0175 train 0.9999 test 0.4819
epoch 149/200 loss 0.0172 train 0.9999 test 0.4864
epoch 150/200 loss 0.0177 train 1.0000 test 0.4831
epoch 151/200 loss 0.0173 train 1.0000 test 0.4807
epoch 152/200 loss 0.0170 train 1.0000 test 0.4857
epoch 153/200 loss 0.0174 train 1.0000 test 0.4843
epoch 154/200 loss 0.0175 train 1.0000 test 0.4857
epoch 155/200 loss 0.0172 train 0.9999 test 0.4855
epoch 156/200 loss 0.0174 train 0.9999 test 0.4873
epoch 157/200 loss 0.0170 train 1.0000 test 0.4855
epoch 158/200 loss 0.0167 train 0.9999 test 0.4875
epoch 159/200 loss 0.0168 train 1.0000 test 0.4854
epoch 160/200 loss 0.0168 train 1.0000 test 0.4862
epoch 161/200 loss 0.0167 train 1.0000 test 0.4852
epoch 162/200 loss 0.0165 train 0.9999 test 0.4892
epoch 163/200 loss 0.0162 train 0.9999 test 0.4891
epoch 164/200 loss 0.0160 train 1.0000 test 0.4857
epoch 165/200 loss 0.0162 train 0.9999 test 0.4905
epoch 166/200 loss 0.0157 train 1.0000 test 0.4884
epoch 167/200 loss 0.0156 train 0.9999 test 0.4867
epoch 168/200 loss 0.0157 train 0.9999 test 0.4887
epoch 169/200 loss 0.0153 train 1.0000 test 0.4878
epoch 170/200 loss 0.0151 train 1.0000 test 0.4853
epoch 171/200 loss 0.0151 train 0.9999 test 0.4876
epoch 172/200 loss 0.0152 train 1.0000 test 0.4879
epoch 173/200 loss 0.0146 train 0.9999 test 0.4878
epoch 174/200 loss 0.0152 train 0.9999 test 0.4882
epoch 175/200 loss 0.0148 train 1.0000 test 0.4871
epoch 176/200 loss 0.0148 train 0.9999 test 0.4882
epoch 177/200 loss 0.0143 train 1.0000 test 0.4875
epoch 178/200 loss 0.0146 train 0.9999 test 0.4888
epoch 179/200 loss 0.0144 train 1.0000 test 0.4898
epoch 180/200 loss 0.0142 train 1.0000 test 0.4867
epoch 181/200 loss 0.0142 train 1.0000 test 0.4883
epoch 182/200 loss 0.0138 train 1.0000 test 0.4896
epoch 183/200 loss 0.0141 train 1.0000 test 0.4899
epoch 184/200 loss 0.0139 train 1.0000 test 0.4895
epoch 185/200 loss 0.0138 train 0.9999 test 0.4880
epoch 186/200 loss 0.0139 train 0.9999 test 0.4863
epoch 187/200 loss 0.0137 train 1.0000 test 0.4882
epoch 188/200 loss 0.0137 train 1.0000 test 0.4902
epoch 189/200 loss 0.0137 train 1.0000 test 0.4876
epoch 190/200 loss 0.0139 train 1.0000 test 0.4883
epoch 191/200 loss 0.0138 train 1.0000 test 0.4889
epoch 192/200 loss 0.0137 train 1.0000 test 0.4880
epoch 193/200 loss 0.0137 train 1.0000 test 0.4883
epoch 194/200 loss 0.0135 train 1.0000 test 0.4897
epoch 195/200 loss 0.0136 train 1.0000 test 0.4883
epoch 196/200 loss 0.0135 train 0.9999 test 0.4900
epoch 197/200 loss 0.0138 train 0.9999 test 0.4886
epoch 198/200 loss 0.0133 train 1.0000 test 0.4910
epoch 199/200 loss 0.0136 train 0.9999 test 0.4879
epoch 200/200 loss 0.0137 train 1.0000 test 0.4896
done: final 0.4896 best 0.4910 -> ./runs/tin_none_25pct/seed1
FRONTIER2_DONE tin_none_25pct_seed1
FRONTIER2_START tin_none_25pct_seed2
[tin_none_25pct seed2] {"params_trainable": 11271432, "params_stem_trainable": 0, "params_stem_fixed_filters": 0, "flops_total": 2226720768, "flops_stem": 0, "flops_image_size": 64}
epoch 1/200 loss 5.0027 train 0.0323 test 0.0459
epoch 2/200 loss 4.6562 train 0.0588 test 0.0583
epoch 3/200 loss 4.3861 train 0.0852 test 0.0829
epoch 4/200 loss 4.1314 train 0.1134 test 0.1053
epoch 5/200 loss 3.9214 train 0.1422 test 0.1137
epoch 6/200 loss 3.7490 train 0.1653 test 0.1458
epoch 7/200 loss 3.5901 train 0.1886 test 0.1615
epoch 8/200 loss 3.4379 train 0.2107 test 0.1781
epoch 9/200 loss 3.2945 train 0.2357 test 0.1989
epoch 10/200 loss 3.1909 train 0.2512 test 0.2121
epoch 11/200 loss 3.0725 train 0.2750 test 0.1889
epoch 12/200 loss 2.9705 train 0.2966 test 0.2161
epoch 13/200 loss 2.8578 train 0.3143 test 0.2327
epoch 14/200 loss 2.7738 train 0.3296 test 0.2244
epoch 15/200 loss 2.6806 train 0.3529 test 0.1944
epoch 16/200 loss 2.6074 train 0.3648 test 0.2326
epoch 17/200 loss 2.5229 train 0.3810 test 0.2751
epoch 18/200 loss 2.4738 train 0.3927 test 0.2662
epoch 19/200 loss 2.3874 train 0.4097 test 0.2715
epoch 20/200 loss 2.3238 train 0.4185 test 0.2550
epoch 21/200 loss 2.2532 train 0.4313 test 0.2928
epoch 22/200 loss 2.1870 train 0.4492 test 0.2901
epoch 23/200 loss 2.1189 train 0.4645 test 0.2886
epoch 24/200 loss 2.0697 train 0.4726 test 0.3196
epoch 25/200 loss 2.0140 train 0.4817 test 0.3048
epoch 26/200 loss 1.9413 train 0.4987 test 0.3074
epoch 27/200 loss 1.8923 train 0.5109 test 0.3163
epoch 28/200 loss 1.8351 train 0.5225 test 0.3058
epoch 29/200 loss 1.7766 train 0.5358 test 0.3113
epoch 30/200 loss 1.7150 train 0.5474 test 0.3286
epoch 31/200 loss 1.6866 train 0.5546 test 0.3144
epoch 32/200 loss 1.6400 train 0.5681 test 0.2809
epoch 33/200 loss 1.5722 train 0.5804 test 0.3051
epoch 34/200 loss 1.5275 train 0.5899 test 0.3044
epoch 35/200 loss 1.4823 train 0.6069 test 0.3129
epoch 36/200 loss 1.4224 train 0.6167 test 0.3086
epoch 37/200 loss 1.4147 train 0.6155 test 0.3126
epoch 38/200 loss 1.3526 train 0.6329 test 0.3370
epoch 39/200 loss 1.3048 train 0.6430 test 0.2916
epoch 40/200 loss 1.2540 train 0.6583 test 0.3210
epoch 41/200 loss 1.2208 train 0.6705 test 0.3249
epoch 42/200 loss 1.1876 train 0.6714 test 0.2971
epoch 43/200 loss 1.1285 train 0.6925 test 0.3206
epoch 44/200 loss 1.0985 train 0.6970 test 0.3060
epoch 45/200 loss 1.0819 train 0.6992 test 0.2942
epoch 46/200 loss 1.0413 train 0.7138 test 0.2980
epoch 47/200 loss 0.9961 train 0.7218 test 0.3334
epoch 48/200 loss 0.9827 train 0.7252 test 0.3057
epoch 49/200 loss 0.9251 train 0.7435 test 0.2924
epoch 50/200 loss 0.9165 train 0.7439 test 0.3259
epoch 51/200 loss 0.8621 train 0.7599 test 0.3404
epoch 52/200 loss 0.8167 train 0.7752 test 0.3209
epoch 53/200 loss 0.8350 train 0.7670 test 0.3211
epoch 54/200 loss 0.8149 train 0.7704 test 0.2836
epoch 55/200 loss 0.7990 train 0.7777 test 0.3135
epoch 56/200 loss 0.7448 train 0.7888 test 0.3142
epoch 57/200 loss 0.7343 train 0.7936 test 0.3077
epoch 58/200 loss 0.7048 train 0.8034 test 0.2878
epoch 59/200 loss 0.6798 train 0.8095 test 0.3210
epoch 60/200 loss 0.6719 train 0.8116 test 0.3171
epoch 61/200 loss 0.6569 train 0.8153 test 0.3241
epoch 62/200 loss 0.6113 train 0.8314 test 0.3156
epoch 63/200 loss 0.6153 train 0.8276 test 0.3184
epoch 64/200 loss 0.6144 train 0.8294 test 0.3151
epoch 65/200 loss 0.5934 train 0.8339 test 0.3458
epoch 66/200 loss 0.5597 train 0.8459 test 0.2956
epoch 67/200 loss 0.5409 train 0.8479 test 0.3418
epoch 68/200 loss 0.5667 train 0.8422 test 0.3242
epoch 69/200 loss 0.5517 train 0.8478 test 0.3052
epoch 70/200 loss 0.5005 train 0.8638 test 0.3173
epoch 71/200 loss 0.4880 train 0.8651 test 0.3388
epoch 72/200 loss 0.4927 train 0.8662 test 0.3271
epoch 73/200 loss 0.4822 train 0.8678 test 0.3335
epoch 74/200 loss 0.4970 train 0.8627 test 0.3145
epoch 75/200 loss 0.4108 train 0.8911 test 0.3481
epoch 76/200 loss 0.4209 train 0.8850 test 0.3237
epoch 77/200 loss 0.4199 train 0.8875 test 0.2796
epoch 78/200 loss 0.4015 train 0.8950 test 0.3317
epoch 79/200 loss 0.3976 train 0.8971 test 0.3405
epoch 80/200 loss 0.4443 train 0.8804 test 0.3275
epoch 81/200 loss 0.4608 train 0.8762 test 0.3502
epoch 82/200 loss 0.3822 train 0.8994 test 0.3613
epoch 83/200 loss 0.3131 train 0.9227 test 0.3702
epoch 84/200 loss 0.2792 train 0.9339 test 0.3625
epoch 85/200 loss 0.2764 train 0.9324 test 0.3210
epoch 86/200 loss 0.3390 train 0.9155 test 0.3442
epoch 87/200 loss 0.3957 train 0.8974 test 0.3132
epoch 88/200 loss 0.3753 train 0.9030 test 0.3472
epoch 89/200 loss 0.3164 train 0.9216 test 0.3439
epoch 90/200 loss 0.2567 train 0.9406 test 0.3681
epoch 91/200 loss 0.2310 train 0.9490 test 0.3526
epoch 92/200 loss 0.2000 train 0.9571 test 0.3761
epoch 93/200 loss 0.2123 train 0.9545 test 0.3703
epoch 94/200 loss 0.2541 train 0.9411 test 0.3230
epoch 95/200 loss 0.3104 train 0.9255 test 0.3124
epoch 96/200 loss 0.3162 train 0.9229 test 0.3181
epoch 97/200 loss 0.3528 train 0.9114 test 0.3494
epoch 98/200 loss 0.3180 train 0.9203 test 0.3435
epoch 99/200 loss 0.2237 train 0.9499 test 0.3936
epoch 100/200 loss 0.1283 train 0.9771 test 0.4176
epoch 101/200 loss 0.0810 train 0.9896 test 0.4280
epoch 102/200 loss 0.0511 train 0.9952 test 0.4383
epoch 103/200 loss 0.0297 train 0.9987 test 0.4623
epoch 104/200 loss 0.0230 train 0.9997 test 0.4797
epoch 105/200 loss 0.0204 train 0.9999 test 0.4786
epoch 106/200 loss 0.0217 train 0.9997 test 0.4760
epoch 107/200 loss 0.0231 train 1.0000 test 0.4835
epoch 108/200 loss 0.0241 train 0.9999 test 0.4840
epoch 109/200 loss 0.0281 train 0.9997 test 0.4704
epoch 110/200 loss 0.0295 train 0.9999 test 0.4655
epoch 111/200 loss 0.0635 train 0.9967 test 0.3644
epoch 112/200 loss 1.2787 train 0.6851 test 0.2335
epoch 113/200 loss 1.2393 train 0.6762 test 0.2976
epoch 114/200 loss 0.6690 train 0.8282 test 0.3467
epoch 115/200 loss 0.3665 train 0.9161 test 0.3701
epoch 116/200 loss 0.2203 train 0.9567 test 0.3975
epoch 117/200 loss 0.1360 train 0.9778 test 0.4179
epoch 118/200 loss 0.0807 train 0.9903 test 0.4357
epoch 119/200 loss 0.0424 train 0.9972 test 0.4607
epoch 120/200 loss 0.0283 train 0.9988 test 0.4726
epoch 121/200 loss 0.0196 train 0.9996 test 0.4739
epoch 122/200 loss 0.0192 train 0.9996 test 0.4757
epoch 123/200 loss 0.0196 train 0.9999 test 0.4820
epoch 124/200 loss 0.0187 train 0.9998 test 0.4788
epoch 125/200 loss 0.0192 train 0.9999 test 0.4802
epoch 126/200 loss 0.0200 train 1.0000 test 0.4816
epoch 127/200 loss 0.0213 train 1.0000 test 0.4790
epoch 128/200 loss 0.0225 train 0.9999 test 0.4720
epoch 129/200 loss 0.0249 train 0.9999 test 0.4774
epoch 130/200 loss 0.0241 train 1.0000 test 0.4784
epoch 131/200 loss 0.0232 train 1.0000 test 0.4835
epoch 132/200 loss 0.0240 train 0.9998 test 0.4811
epoch 133/200 loss 0.0244 train 0.9999 test 0.4735
epoch 134/200 loss 0.0279 train 0.9995 test 0.4717
epoch 135/200 loss 0.0300 train 0.9998 test 0.4677
epoch 136/200 loss 0.0314 train 0.9996 test 0.4664
epoch 137/200 loss 0.0373 train 0.9993 test 0.4437
epoch 138/200 loss 0.0716 train 0.9967 test 0.3953
epoch 139/200 loss 0.8162 train 0.8088 test 0.2404
epoch 140/200 loss 0.8493 train 0.7923 test 0.3203
epoch 141/200 loss 0.3549 train 0.9301 test 0.4002
epoch 142/200 loss 0.1524 train 0.9769 test 0.4104
epoch 143/200 loss 0.0582 train 0.9954 test 0.4529
epoch 144/200 loss 0.0265 train 0.9992 test 0.4802
epoch 145/200 loss 0.0176 train 0.9998 test 0.4784
epoch 146/200 loss 0.0139 train 0.9999 test 0.4859
epoch 147/200 loss 0.0126 train 0.9999 test 0.4849
epoch 148/200 loss 0.0121 train 0.9999 test 0.4853
epoch 149/200 loss 0.0120 train 1.0000 test 0.4867
epoch 150/200 loss 0.0119 train 0.9999 test 0.4840
epoch 151/200 loss 0.0120 train 1.0000 test 0.4885
epoch 152/200 loss 0.0123 train 0.9999 test 0.4891
epoch 153/200 loss 0.0126 train 0.9999 test 0.4883
epoch 154/200 loss 0.0127 train 1.0000 test 0.4899
epoch 155/200 loss 0.0132 train 0.9999 test 0.4889
epoch 156/200 loss 0.0133 train 1.0000 test 0.4920
epoch 157/200 loss 0.0136 train 0.9999 test 0.4909
epoch 158/200 loss 0.0135 train 1.0000 test 0.4911
epoch 159/200 loss 0.0139 train 1.0000 test 0.4915
epoch 160/200 loss 0.0139 train 0.9999 test 0.4908
epoch 161/200 loss 0.0140 train 0.9999 test 0.4927
epoch 162/200 loss 0.0140 train 0.9999 test 0.4919
epoch 163/200 loss 0.0138 train 1.0000 test 0.4909
epoch 164/200 loss 0.0141 train 1.0000 test 0.4911
epoch 165/200 loss 0.0143 train 0.9999 test 0.4904
epoch 166/200 loss 0.0139 train 1.0000 test 0.4911
epoch 167/200 loss 0.0141 train 1.0000 test 0.4923
epoch 168/200 loss 0.0143 train 1.0000 test 0.4921
epoch 169/200 loss 0.0141 train 0.9999 test 0.4911
epoch 170/200 loss 0.0140 train 0.9999 test 0.4937
epoch 171/200 loss 0.0141 train 0.9999 test 0.4902
epoch 172/200 loss 0.0141 train 1.0000 test 0.4929
epoch 173/200 loss 0.0141 train 0.9999 test 0.4908
epoch 174/200 loss 0.0138 train 0.9999 test 0.4911
epoch 175/200 loss 0.0138 train 0.9999 test 0.4909
epoch 176/200 loss 0.0138 train 0.9999 test 0.4891
epoch 177/200 loss 0.0140 train 0.9999 test 0.4918
epoch 178/200 loss 0.0137 train 1.0000 test 0.4924
epoch 179/200 loss 0.0136 train 0.9999 test 0.4921
epoch 180/200 loss 0.0136 train 0.9999 test 0.4927
epoch 181/200 loss 0.0137 train 0.9999 test 0.4931
epoch 182/200 loss 0.0137 train 1.0000 test 0.4919
epoch 183/200 loss 0.0135 train 1.0000 test 0.4912
epoch 184/200 loss 0.0135 train 0.9999 test 0.4932
epoch 185/200 loss 0.0137 train 0.9999 test 0.4932
epoch 186/200 loss 0.0136 train 0.9999 test 0.4901
epoch 187/200 loss 0.0136 train 1.0000 test 0.4915
epoch 188/200 loss 0.0132 train 1.0000 test 0.4916
epoch 189/200 loss 0.0133 train 1.0000 test 0.4905
epoch 190/200 loss 0.0133 train 1.0000 test 0.4917
epoch 191/200 loss 0.0132 train 1.0000 test 0.4902
epoch 192/200 loss 0.0134 train 0.9999 test 0.4909
epoch 193/200 loss 0.0131 train 1.0000 test 0.4919
epoch 194/200 loss 0.0133 train 0.9999 test 0.4914
epoch 195/200 loss 0.0133 train 1.0000 test 0.4912
epoch 196/200 loss 0.0135 train 1.0000 test 0.4902
epoch 197/200 loss 0.0132 train 0.9999 test 0.4905
epoch 198/200 loss 0.0132 train 1.0000 test 0.4920
epoch 199/200 loss 0.0133 train 1.0000 test 0.4905
epoch 200/200 loss 0.0132 train 1.0000 test 0.4924
done: final 0.4924 best 0.4937 -> ./runs/tin_none_25pct/seed2
FRONTIER2_DONE tin_none_25pct_seed2
FRONTIER2_CELL_DONE tin_none_25pct
FRONTIER2_START tin_aux_25pct_seed0
moment-aux target calibrated on 1024 images
[tin_aux_25pct seed0] {"params_trainable": 11273488, "params_stem_trainable": 0, "params_stem_fixed_filters": 0, "flops_total": 2226720768, "flops_stem": 0, "flops_image_size": 64}
epoch 1/200 loss 5.2920 train 0.0357 test 0.0552
epoch 2/200 loss 4.5270 train 0.0774 test 0.0861
epoch 3/200 loss 4.1950 train 0.1119 test 0.1125
epoch 4/200 loss 3.9508 train 0.1439 test 0.0909
epoch 5/200 loss 3.7722 train 0.1696 test 0.1153
epoch 6/200 loss 3.5992 train 0.1956 test 0.1752
epoch 7/200 loss 3.4587 train 0.2161 test 0.1728
epoch 8/200 loss 3.3138 train 0.2413 test 0.1902
epoch 9/200 loss 3.2019 train 0.2619 test 0.2202
epoch 10/200 loss 3.0844 train 0.2804 test 0.1936
epoch 11/200 loss 2.9839 train 0.3038 test 0.2148
epoch 12/200 loss 2.8698 train 0.3233 test 0.2453
epoch 13/200 loss 2.7848 train 0.3393 test 0.2216
epoch 14/200 loss 2.6919 train 0.3550 test 0.2691
epoch 15/200 loss 2.6159 train 0.3743 test 0.2278
epoch 16/200 loss 2.5320 train 0.3899 test 0.2428
epoch 17/200 loss 2.4651 train 0.4040 test 0.2458
epoch 18/200 loss 2.3979 train 0.4205 test 0.2778
epoch 19/200 loss 2.3165 train 0.4302 test 0.2447
epoch 20/200 loss 2.2609 train 0.4413 test 0.2932
epoch 21/200 loss 2.1852 train 0.4627 test 0.3029
epoch 22/200 loss 2.1307 train 0.4672 test 0.2636
epoch 23/200 loss 2.0843 train 0.4821 test 0.2721
epoch 24/200 loss 2.0132 train 0.4936 test 0.2937
epoch 25/200 loss 1.9646 train 0.5056 test 0.2852
epoch 26/200 loss 1.9104 train 0.5183 test 0.2976
epoch 27/200 loss 1.8406 train 0.5329 test 0.3020
epoch 28/200 loss 1.7989 train 0.5427 test 0.2925
epoch 29/200 loss 1.7415 train 0.5554 test 0.3305
epoch 30/200 loss 1.6975 train 0.5655 test 0.3111
epoch 31/200 loss 1.6426 train 0.5764 test 0.3093
epoch 32/200 loss 1.6031 train 0.5869 test 0.3098
epoch 33/200 loss 1.5435 train 0.6007 test 0.3316
epoch 34/200 loss 1.5111 train 0.6080 test 0.3006
epoch 35/200 loss 1.4516 train 0.6184 test 0.2691
epoch 36/200 loss 1.3965 train 0.6342 test 0.2996
epoch 37/200 loss 1.3453 train 0.6487 test 0.3244
epoch 38/200 loss 1.3347 train 0.6483 test 0.3012
epoch 39/200 loss 1.2721 train 0.6655 test 0.3149
epoch 40/200 loss 1.2546 train 0.6690 test 0.3455
epoch 41/200 loss 1.2275 train 0.6772 test 0.2854
epoch 42/200 loss 1.1766 train 0.6893 test 0.2843
epoch 43/200 loss 1.1514 train 0.6931 test 0.3146
epoch 44/200 loss 1.0852 train 0.7119 test 0.3272
epoch 45/200 loss 1.0459 train 0.7201 test 0.3346
epoch 46/200 loss 1.0581 train 0.7172 test 0.3363
epoch 47/200 loss 1.0015 train 0.7293 test 0.3058
epoch 48/200 loss 0.9586 train 0.7441 test 0.3053
epoch 49/200 loss 0.9432 train 0.7493 test 0.3349
epoch 50/200 loss 0.9029 train 0.7573 test 0.3256
epoch 51/200 loss 0.8988 train 0.7591 test 0.3146
epoch 52/200 loss 0.8667 train 0.7687 test 0.3140
epoch 53/200 loss 0.8291 train 0.7780 test 0.2991
epoch 54/200 loss 0.8170 train 0.7802 test 0.3130
epoch 55/200 loss 0.8021 train 0.7865 test 0.2806
epoch 56/200 loss 0.7823 train 0.7924 test 0.3161
epoch 57/200 loss 0.7259 train 0.8039 test 0.3037
epoch 58/200 loss 0.7017 train 0.8169 test 0.3020
epoch 59/200 loss 0.6949 train 0.8177 test 0.3253
epoch 60/200 loss 0.6866 train 0.8168 test 0.3218
epoch 61/200 loss 0.6552 train 0.8296 test 0.3391
epoch 62/200 loss 0.6792 train 0.8205 test 0.2967
epoch 63/200 loss 0.6875 train 0.8178 test 0.3494
epoch 64/200 loss 0.6130 train 0.8407 test 0.3402
epoch 65/200 loss 0.5831 train 0.8475 test 0.2998
epoch 66/200 loss 0.5757 train 0.8520 test 0.2965
epoch 67/200 loss 0.5615 train 0.8540 test 0.3302
epoch 68/200 loss 0.5540 train 0.8558 test 0.2941
epoch 69/200 loss 0.5583 train 0.8567 test 0.3182
epoch 70/200 loss 0.5610 train 0.8538 test 0.3357
epoch 71/200 loss 0.5408 train 0.8591 test 0.3397
epoch 72/200 loss 0.4804 train 0.8795 test 0.3488
epoch 73/200 loss 0.4642 train 0.8835 test 0.3452
epoch 74/200 loss 0.4673 train 0.8836 test 0.3437
epoch 75/200 loss 0.5210 train 0.8668 test 0.3076
epoch 76/200 loss 0.4589 train 0.8827 test 0.3284
epoch 77/200 loss 0.4710 train 0.8802 test 0.3364
epoch 78/200 loss 0.4323 train 0.8934 test 0.3186
epoch 79/200 loss 0.4384 train 0.8904 test 0.3337
epoch 80/200 loss 0.4301 train 0.8929 test 0.3532
epoch 81/200 loss 0.3613 train 0.9137 test 0.3524
epoch 82/200 loss 0.3216 train 0.9269 test 0.3611
epoch 83/200 loss 0.2808 train 0.9396 test 0.3500
epoch 84/200 loss 0.3287 train 0.9246 test 0.3602
epoch 85/200 loss 0.4232 train 0.8947 test 0.3244
epoch 86/200 loss 0.4575 train 0.8848 test 0.3040
epoch 87/200 loss 0.4049 train 0.9018 test 0.3303
epoch 88/200 loss 0.3381 train 0.9219 test 0.3523
epoch 89/200 loss 0.2533 train 0.9491 test 0.3854
epoch 90/200 loss 0.1885 train 0.9655 test 0.3803
epoch 91/200 loss 0.1796 train 0.9691 test 0.3750
epoch 92/200 loss 0.1632 train 0.9743 test 0.3787
epoch 93/200 loss 0.1939 train 0.9671 test 0.3380
epoch 94/200 loss 0.3582 train 0.9175 test 0.2637
epoch 95/200 loss 0.6626 train 0.8282 test 0.2826
epoch 96/200 loss 0.5285 train 0.8627 test 0.3247
epoch 97/200 loss 0.3202 train 0.9272 test 0.3695
epoch 98/200 loss 0.1804 train 0.9680 test 0.4014
epoch 99/200 loss 0.0958 train 0.9892 test 0.4227
epoch 100/200 loss 0.0605 train 0.9956 test 0.4452
epoch 101/200 loss 0.0397 train 0.9987 test 0.4640
epoch 102/200 loss 0.0312 train 0.9996 test 0.4760
epoch 103/200 loss 0.0293 train 0.9998 test 0.4762
epoch 104/200 loss 0.0299 train 0.9998 test 0.4753
epoch 105/200 loss 0.0310 train 0.9999 test 0.4746
epoch 106/200 loss 0.0340 train 0.9998 test 0.4718
epoch 107/200 loss 0.0445 train 0.9993 test 0.4564
epoch 108/200 loss 0.0741 train 0.9977 test 0.4144
epoch 109/200 loss 0.8099 train 0.8121 test 0.1989
epoch 110/200 loss 1.3857 train 0.6419 test 0.2876
epoch 111/200 loss 0.7073 train 0.8242 test 0.3127
epoch 112/200 loss 0.3991 train 0.9109 test 0.3634
epoch 113/200 loss 0.2782 train 0.9444 test 0.3708
epoch 114/200 loss 0.1702 train 0.9723 test 0.4099
epoch 115/200 loss 0.1022 train 0.9877 test 0.4117
epoch 116/200 loss 0.0594 train 0.9960 test 0.4533
epoch 117/200 loss 0.0340 train 0.9991 test 0.4645
epoch 118/200 loss 0.0265 train 0.9997 test 0.4784
epoch 119/200 loss 0.0246 train 0.9998 test 0.4778
epoch 120/200 loss 0.0245 train 0.9996 test 0.4801
epoch 121/200 loss 0.0266 train 0.9997 test 0.4792
epoch 122/200 loss 0.0252 train 0.9999 test 0.4835
epoch 123/200 loss 0.0260 train 0.9998 test 0.4748
epoch 124/200 loss 0.0296 train 0.9997 test 0.4776
epoch 125/200 loss 0.0266 train 0.9998 test 0.4770
epoch 126/200 loss 0.0276 train 0.9999 test 0.4786
epoch 127/200 loss 0.0285 train 1.0000 test 0.4766
epoch 128/200 loss 0.0369 train 0.9996 test 0.4555
epoch 129/200 loss 0.0540 train 0.9985 test 0.4264
epoch 130/200 loss 0.1166 train 0.9927 test 0.3476
epoch 131/200 loss 0.9111 train 0.7835 test 0.2682
epoch 132/200 loss 0.8173 train 0.7986 test 0.3408
epoch 133/200 loss 0.3821 train 0.9214 test 0.3822
epoch 134/200 loss 0.1706 train 0.9739 test 0.4285
epoch 135/200 loss 0.0713 train 0.9940 test 0.4515
epoch 136/200 loss 0.0341 train 0.9987 test 0.4626
epoch 137/200 loss 0.0244 train 0.9997 test 0.4732
epoch 138/200 loss 0.0197 train 0.9997 test 0.4767
epoch 139/200 loss 0.0194 train 0.9998 test 0.4783
epoch 140/200 loss 0.0176 train 0.9999 test 0.4839
epoch 141/200 loss 0.0173 train 1.0000 test 0.4829
epoch 142/200 loss 0.0174 train 0.9999 test 0.4822
epoch 143/200 loss 0.0175 train 0.9999 test 0.4855
epoch 144/200 loss 0.0176 train 1.0000 test 0.4840
epoch 145/200 loss 0.0178 train 0.9999 test 0.4823
epoch 146/200 loss 0.0181 train 0.9999 test 0.4837
epoch 147/200 loss 0.0184 train 1.0000 test 0.4850
epoch 148/200 loss 0.0197 train 0.9999 test 0.4815
epoch 149/200 loss 0.0202 train 0.9999 test 0.4807
epoch 150/200 loss 0.0195 train 0.9999 test 0.4842
epoch 151/200 loss 0.0189 train 1.0000 test 0.4826
epoch 152/200 loss 0.0188 train 0.9999 test 0.4858
epoch 153/200 loss 0.0189 train 0.9999 test 0.4862
epoch 154/200 loss 0.0189 train 1.0000 test 0.4828
epoch 155/200 loss 0.0191 train 0.9999 test 0.4859
epoch 156/200 loss 0.0191 train 1.0000 test 0.4861
epoch 157/200 loss 0.0186 train 1.0000 test 0.4827
epoch 158/200 loss 0.0181 train 1.0000 test 0.4866
epoch 159/200 loss 0.0183 train 0.9999 test 0.4874
epoch 160/200 loss 0.0180 train 1.0000 test 0.4880
epoch 161/200 loss 0.0180 train 0.9999 test 0.4866
epoch 162/200 loss 0.0178 train 1.0000 test 0.4866
epoch 163/200 loss 0.0177 train 0.9999 test 0.4872
epoch 164/200 loss 0.0176 train 1.0000 test 0.4857
epoch 165/200 loss 0.0172 train 0.9999 test 0.4899
epoch 166/200 loss 0.0169 train 0.9999 test 0.4878
epoch 167/200 loss 0.0171 train 1.0000 test 0.4890
epoch 168/200 loss 0.0166 train 1.0000 test 0.4870
epoch 169/200 loss 0.0165 train 1.0000 test 0.4871
epoch 170/200 loss 0.0164 train 0.9999 test 0.4893
epoch 171/200 loss 0.0160 train 1.0000 test 0.4869
epoch 172/200 loss 0.0157 train 0.9999 test 0.4876
epoch 173/200 loss 0.0156 train 1.0000 test 0.4871
epoch 174/200 loss 0.0156 train 0.9999 test 0.4887
epoch 175/200 loss 0.0155 train 1.0000 test 0.4892
epoch 176/200 loss 0.0156 train 0.9999 test 0.4873
epoch 177/200 loss 0.0154 train 1.0000 test 0.4872
epoch 178/200 loss 0.0151 train 1.0000 test 0.4902
epoch 179/200 loss 0.0149 train 0.9999 test 0.4890
epoch 180/200 loss 0.0149 train 1.0000 test 0.4914
epoch 181/200 loss 0.0147 train 1.0000 test 0.4880
epoch 182/200 loss 0.0145 train 1.0000 test 0.4876
epoch 183/200 loss 0.0143 train 0.9999 test 0.4887
epoch 184/200 loss 0.0146 train 0.9999 test 0.4905
epoch 185/200 loss 0.0144 train 0.9999 test 0.4884
epoch 186/200 loss 0.0144 train 1.0000 test 0.4875
epoch 187/200 loss 0.0142 train 1.0000 test 0.4861
epoch 188/200 loss 0.0142 train 0.9999 test 0.4883
epoch 189/200 loss 0.0143 train 1.0000 test 0.4898
epoch 190/200 loss 0.0140 train 0.9999 test 0.4886
epoch 191/200 loss 0.0141 train 1.0000 test 0.4879
epoch 192/200 loss 0.0140 train 1.0000 test 0.4881
epoch 193/200 loss 0.0140 train 0.9999 test 0.4891
epoch 194/200 loss 0.0139 train 0.9999 test 0.4897
epoch 195/200 loss 0.0139 train 1.0000 test 0.4882
epoch 196/200 loss 0.0139 train 1.0000 test 0.4882
epoch 197/200 loss 0.0138 train 0.9999 test 0.4877
epoch 198/200 loss 0.0137 train 1.0000 test 0.4896
epoch 199/200 loss 0.0139 train 1.0000 test 0.4902
epoch 200/200 loss 0.0138 train 1.0000 test 0.4879
done: final 0.4879 best 0.4914 -> ./runs/tin_aux_25pct/seed0
FRONTIER2_DONE tin_aux_25pct_seed0
FRONTIER2_START tin_aux_25pct_seed1
moment-aux target calibrated on 1024 images
[tin_aux_25pct seed1] {"params_trainable": 11273488, "params_stem_trainable": 0, "params_stem_fixed_filters": 0, "flops_total": 2226720768, "flops_stem": 0, "flops_image_size": 64}
epoch 1/200 loss 5.2550 train 0.0368 test 0.0575
epoch 2/200 loss 4.5167 train 0.0802 test 0.0942
epoch 3/200 loss 4.1777 train 0.1141 test 0.0889
epoch 4/200 loss 3.9619 train 0.1460 test 0.1261
epoch 5/200 loss 3.7727 train 0.1668 test 0.1456
epoch 6/200 loss 3.6032 train 0.1940 test 0.1532
epoch 7/200 loss 3.4536 train 0.2193 test 0.1747
epoch 8/200 loss 3.3238 train 0.2403 test 0.1888
epoch 9/200 loss 3.1992 train 0.2594 test 0.2278
epoch 10/200 loss 3.0939 train 0.2815 test 0.2044
epoch 11/200 loss 2.9681 train 0.3044 test 0.2277
epoch 12/200 loss 2.8730 train 0.3211 test 0.2539
epoch 13/200 loss 2.7801 train 0.3392 test 0.2564
epoch 14/200 loss 2.6781 train 0.3573 test 0.2060
epoch 15/200 loss 2.6026 train 0.3764 test 0.2547
epoch 16/200 loss 2.5287 train 0.3890 test 0.2834
epoch 17/200 loss 2.4447 train 0.4094 test 0.2788
epoch 18/200 loss 2.3758 train 0.4209 test 0.2881
epoch 19/200 loss 2.2938 train 0.4384 test 0.2591
epoch 20/200 loss 2.2403 train 0.4486 test 0.2930
epoch 21/200 loss 2.1811 train 0.4646 test 0.3049
epoch 22/200 loss 2.1228 train 0.4768 test 0.3253
epoch 23/200 loss 2.0417 train 0.4890 test 0.3147
epoch 24/200 loss 1.9889 train 0.5061 test 0.2690
epoch 25/200 loss 1.9369 train 0.5147 test 0.2914
epoch 26/200 loss 1.8779 train 0.5258 test 0.3142
epoch 27/200 loss 1.8195 train 0.5386 test 0.2912
epoch 28/200 loss 1.7669 train 0.5486 test 0.2854
epoch 29/200 loss 1.7078 train 0.5629 test 0.2806
epoch 30/200 loss 1.6575 train 0.5751 test 0.3201
epoch 31/200 loss 1.6010 train 0.5842 test 0.2869
epoch 32/200 loss 1.5748 train 0.5951 test 0.2913
epoch 33/200 loss 1.5211 train 0.6047 test 0.3135
epoch 34/200 loss 1.4701 train 0.6152 test 0.3421
epoch 35/200 loss 1.4372 train 0.6244 test 0.3058
epoch 36/200 loss 1.3897 train 0.6328 test 0.3038
epoch 37/200 loss 1.3437 train 0.6463 test 0.3360
epoch 38/200 loss 1.2995 train 0.6561 test 0.2837
epoch 39/200 loss 1.2557 train 0.6675 test 0.3009
epoch 40/200 loss 1.2284 train 0.6753 test 0.3301
epoch 41/200 loss 1.1616 train 0.6933 test 0.2370
epoch 42/200 loss 1.1534 train 0.6909 test 0.3139
epoch 43/200 loss 1.0862 train 0.7146 test 0.3239
epoch 44/200 loss 1.0674 train 0.7151 test 0.3484
epoch 45/200 loss 1.0409 train 0.7224 test 0.3395
epoch 46/200 loss 1.0175 train 0.7259 test 0.3063
epoch 47/200 loss 0.9670 train 0.7418 test 0.3440
epoch 48/200 loss 0.9531 train 0.7428 test 0.3193
epoch 49/200 loss 0.9270 train 0.7532 test 0.2880
epoch 50/200 loss 0.9020 train 0.7569 test 0.2848
epoch 51/200 loss 0.8280 train 0.7776 test 0.3280
epoch 52/200 loss 0.8460 train 0.7717 test 0.2901
epoch 53/200 loss 0.8174 train 0.7795 test 0.3210
epoch 54/200 loss 0.7653 train 0.7964 test 0.3508
epoch 55/200 loss 0.7521 train 0.7984 test 0.3365
epoch 56/200 loss 0.7613 train 0.7964 test 0.3249
epoch 57/200 loss 0.7191 train 0.8079 test 0.3415
epoch 58/200 loss 0.6944 train 0.8148 test 0.2899
epoch 59/200 loss 0.7083 train 0.8078 test 0.3213
epoch 60/200 loss 0.6466 train 0.8292 test 0.3409
epoch 61/200 loss 0.6563 train 0.8268 test 0.3210
epoch 62/200 loss 0.6892 train 0.8147 test 0.3124
epoch 63/200 loss 0.6097 train 0.8380 test 0.3140
epoch 64/200 loss 0.5555 train 0.8582 test 0.3060
epoch 65/200 loss 0.5708 train 0.8500 test 0.2775
epoch 66/200 loss 0.6139 train 0.8413 test 0.3131
epoch 67/200 loss 0.5969 train 0.8434 test 0.3242
epoch 68/200 loss 0.5512 train 0.8594 test 0.3484
epoch 69/200 loss 0.5336 train 0.8611 test 0.3277
epoch 70/200 loss 0.4861 train 0.8781 test 0.3121
epoch 71/200 loss 0.5002 train 0.8701 test 0.2890
epoch 72/200 loss 0.5317 train 0.8610 test 0.3061
epoch 73/200 loss 0.4792 train 0.8790 test 0.3238
epoch 74/200 loss 0.4411 train 0.8903 test 0.3192
epoch 75/200 loss 0.4451 train 0.8885 test 0.3057
epoch 76/200 loss 0.4639 train 0.8817 test 0.3286
epoch 77/200 loss 0.4524 train 0.8857 test 0.3441
epoch 78/200 loss 0.4001 train 0.9025 test 0.3371
epoch 79/200 loss 0.4307 train 0.8945 test 0.3297
epoch 80/200 loss 0.3915 train 0.9060 test 0.3448
epoch 81/200 loss 0.3516 train 0.9173 test 0.3462
epoch 82/200 loss 0.3682 train 0.9123 test 0.3561
epoch 83/200 loss 0.3339 train 0.9226 test 0.3634
epoch 84/200 loss 0.3513 train 0.9169 test 0.3287
epoch 85/200 loss 0.4021 train 0.9026 test 0.3517
epoch 86/200 loss 0.3935 train 0.9034 test 0.3329
epoch 87/200 loss 0.3582 train 0.9148 test 0.3601
epoch 88/200 loss 0.3337 train 0.9223 test 0.3709
epoch 89/200 loss 0.2828 train 0.9395 test 0.3590
epoch 90/200 loss 0.2185 train 0.9572 test 0.3919
epoch 91/200 loss 0.1630 train 0.9728 test 0.3907
epoch 92/200 loss 0.1146 train 0.9847 test 0.4133
epoch 93/200 loss 0.0826 train 0.9924 test 0.4140
epoch 94/200 loss 0.0560 train 0.9975 test 0.4613
epoch 95/200 loss 0.0434 train 0.9987 test 0.4682
epoch 96/200 loss 0.0370 train 0.9994 test 0.4716
epoch 97/200 loss 0.0505 train 0.9982 test 0.4543
epoch 98/200 loss 0.0666 train 0.9970 test 0.3858
epoch 99/200 loss 0.8158 train 0.8113 test 0.1983
epoch 100/200 loss 1.3924 train 0.6397 test 0.2672
epoch 101/200 loss 0.7675 train 0.8036 test 0.3318
epoch 102/200 loss 0.4833 train 0.8837 test 0.3585
epoch 103/200 loss 0.3211 train 0.9304 test 0.3604
epoch 104/200 loss 0.2144 train 0.9593 test 0.3802
epoch 105/200 loss 0.1207 train 0.9838 test 0.4127
epoch 106/200 loss 0.0873 train 0.9915 test 0.4306
epoch 107/200 loss 0.0572 train 0.9963 test 0.4601
epoch 108/200 loss 0.0359 train 0.9990 test 0.4656
epoch 109/200 loss 0.0327 train 0.9992 test 0.4704
epoch 110/200 loss 0.0292 train 0.9997 test 0.4733
epoch 111/200 loss 0.0284 train 0.9998 test 0.4805
epoch 112/200 loss 0.0295 train 0.9998 test 0.4816
epoch 113/200 loss 0.0300 train 0.9998 test 0.4742
epoch 114/200 loss 0.0339 train 0.9998 test 0.4769
epoch 115/200 loss 0.0328 train 0.9998 test 0.4702
epoch 116/200 loss 0.0388 train 0.9998 test 0.4550
epoch 117/200 loss 0.1008 train 0.9936 test 0.3338
epoch 118/200 loss 1.4192 train 0.6469 test 0.2505
epoch 119/200 loss 0.9809 train 0.7499 test 0.3059
epoch 120/200 loss 0.5588 train 0.8672 test 0.3400
epoch 121/200 loss 0.3139 train 0.9361 test 0.3808
epoch 122/200 loss 0.1532 train 0.9770 test 0.4177
epoch 123/200 loss 0.0728 train 0.9942 test 0.4454
epoch 124/200 loss 0.0424 train 0.9980 test 0.4658
epoch 125/200 loss 0.0280 train 0.9995 test 0.4775
epoch 126/200 loss 0.0253 train 0.9996 test 0.4719
epoch 127/200 loss 0.0229 train 0.9998 test 0.4766
epoch 128/200 loss 0.0222 train 0.9998 test 0.4826
epoch 129/200 loss 0.0227 train 0.9998 test 0.4799
epoch 130/200 loss 0.0227 train 0.9999 test 0.4818
epoch 131/200 loss 0.0227 train 1.0000 test 0.4821
epoch 132/200 loss 0.0236 train 0.9999 test 0.4777
epoch 133/200 loss 0.0234 train 0.9999 test 0.4845
epoch 134/200 loss 0.0241 train 0.9999 test 0.4821
epoch 135/200 loss 0.0240 train 0.9999 test 0.4816
epoch 136/200 loss 0.0243 train 1.0000 test 0.4824
epoch 137/200 loss 0.0246 train 0.9999 test 0.4794
epoch 138/200 loss 0.0256 train 1.0000 test 0.4790
epoch 139/200 loss 0.0260 train 0.9999 test 0.4793
epoch 140/200 loss 0.0257 train 0.9999 test 0.4813
epoch 141/200 loss 0.0511 train 0.9985 test 0.4501
epoch 142/200 loss 0.0632 train 0.9986 test 0.4201
epoch 143/200 loss 0.0630 train 0.9982 test 0.4285
epoch 144/200 loss 0.0791 train 0.9959 test 0.4130
epoch 145/200 loss 0.1141 train 0.9914 test 0.3570
epoch 146/200 loss 0.1838 train 0.9788 test 0.3528
epoch 147/200 loss 0.2283 train 0.9667 test 0.3763
epoch 148/200 loss 0.1487 train 0.9818 test 0.4135
epoch 149/200 loss 0.0660 train 0.9956 test 0.4589
epoch 150/200 loss 0.0260 train 0.9994 test 0.4763
epoch 151/200 loss 0.0166 train 0.9998 test 0.4829
epoch 152/200 loss 0.0131 train 0.9999 test 0.4871
epoch 153/200 loss 0.0120 train 1.0000 test 0.4849
epoch 154/200 loss 0.0116 train 0.9999 test 0.4882
epoch 155/200 loss 0.0116 train 0.9998 test 0.4849
epoch 156/200 loss 0.0116 train 1.0000 test 0.4885
epoch 157/200 loss 0.0112 train 1.0000 test 0.4911
epoch 158/200 loss 0.0114 train 1.0000 test 0.4884
epoch 159/200 loss 0.0115 train 1.0000 test 0.4901
epoch 160/200 loss 0.0116 train 0.9999 test 0.4923
epoch 161/200 loss 0.0117 train 1.0000 test 0.4895
epoch 162/200 loss 0.0118 train 0.9999 test 0.4908
epoch 163/200 loss 0.0121 train 0.9999 test 0.4897
epoch 164/200 loss 0.0120 train 1.0000 test 0.4911
epoch 165/200 loss 0.0125 train 0.9999 test 0.4896
epoch 166/200 loss 0.0121 train 1.0000 test 0.4932
epoch 167/200 loss 0.0124 train 0.9999 test 0.4924
epoch 168/200 loss 0.0126 train 0.9999 test 0.4947
epoch 169/200 loss 0.0124 train 1.0000 test 0.4927
epoch 170/200 loss 0.0127 train 1.0000 test 0.4948
epoch 171/200 loss 0.0126 train 0.9999 test 0.4956
epoch 172/200 loss 0.0126 train 1.0000 test 0.4937
epoch 173/200 loss 0.0124 train 0.9999 test 0.4938
epoch 174/200 loss 0.0126 train 0.9999 test 0.4959
epoch 175/200 loss 0.0124 train 1.0000 test 0.4924
epoch 176/200 loss 0.0126 train 1.0000 test 0.4923
epoch 177/200 loss 0.0123 train 1.0000 test 0.4940
epoch 178/200 loss 0.0126 train 0.9999 test 0.4946
epoch 179/200 loss 0.0124 train 1.0000 test 0.4943
epoch 180/200 loss 0.0124 train 1.0000 test 0.4956
epoch 181/200 loss 0.0123 train 1.0000 test 0.4963
epoch 182/200 loss 0.0123 train 1.0000 test 0.4963
epoch 183/200 loss 0.0124 train 1.0000 test 0.4966
epoch 184/200 loss 0.0122 train 1.0000 test 0.4955
epoch 185/200 loss 0.0121 train 1.0000 test 0.4960
epoch 186/200 loss 0.0122 train 0.9999 test 0.4949
epoch 187/200 loss 0.0120 train 1.0000 test 0.4952
epoch 188/200 loss 0.0120 train 1.0000 test 0.4959
epoch 189/200 loss 0.0120 train 1.0000 test 0.4943
epoch 190/200 loss 0.0122 train 1.0000 test 0.4956
epoch 191/200 loss 0.0121 train 1.0000 test 0.4955
epoch 192/200 loss 0.0119 train 1.0000 test 0.4944
epoch 193/200 loss 0.0119 train 1.0000 test 0.4966
epoch 194/200 loss 0.0118 train 1.0000 test 0.4954
epoch 195/200 loss 0.0117 train 0.9999 test 0.4933
epoch 196/200 loss 0.0120 train 0.9999 test 0.4938
epoch 197/200 loss 0.0118 train 0.9999 test 0.4949
epoch 198/200 loss 0.0116 train 1.0000 test 0.4947
epoch 199/200 loss 0.0118 train 1.0000 test 0.4961
epoch 200/200 loss 0.0118 train 1.0000 test 0.4963
done: final 0.4963 best 0.4966 -> ./runs/tin_aux_25pct/seed1
FRONTIER2_DONE tin_aux_25pct_seed1
FRONTIER2_START tin_aux_25pct_seed2
moment-aux target calibrated on 1024 images
[tin_aux_25pct seed2] {"params_trainable": 11273488, "params_stem_trainable": 0, "params_stem_fixed_filters": 0, "flops_total": 2226720768, "flops_stem": 0, "flops_image_size": 64}
epoch 1/200 loss 5.2652 train 0.0369 test 0.0547
epoch 2/200 loss 4.5245 train 0.0794 test 0.0836
epoch 3/200 loss 4.2038 train 0.1129 test 0.1086
epoch 4/200 loss 3.9674 train 0.1401 test 0.1176
epoch 5/200 loss 3.7819 train 0.1693 test 0.1383
epoch 6/200 loss 3.6195 train 0.1901 test 0.1672
epoch 7/200 loss 3.4689 train 0.2161 test 0.1752
epoch 8/200 loss 3.3360 train 0.2410 test 0.1719
epoch 9/200 loss 3.1950 train 0.2621 test 0.2216
epoch 10/200 loss 3.0949 train 0.2823 test 0.2260
epoch 11/200 loss 2.9817 train 0.3046 test 0.1661
epoch 12/200 loss 2.8840 train 0.3228 test 0.1874
epoch 13/200 loss 2.7853 train 0.3398 test 0.2240
epoch 14/200 loss 2.7066 train 0.3569 test 0.2354
epoch 15/200 loss 2.6069 train 0.3740 test 0.2692
epoch 16/200 loss 2.5401 train 0.3886 test 0.2902
epoch 17/200 loss 2.4591 train 0.4029 test 0.2821
epoch 18/200 loss 2.3991 train 0.4158 test 0.2884
epoch 19/200 loss 2.3213 train 0.4303 test 0.2330
epoch 20/200 loss 2.2581 train 0.4434 test 0.2203
epoch 21/200 loss 2.1915 train 0.4605 test 0.2796
epoch 22/200 loss 2.1309 train 0.4726 test 0.2885
epoch 23/200 loss 2.0535 train 0.4902 test 0.2702
epoch 24/200 loss 2.0097 train 0.4989 test 0.3143
epoch 25/200 loss 1.9392 train 0.5124 test 0.3159
epoch 26/200 loss 1.8919 train 0.5214 test 0.3042
epoch 27/200 loss 1.8318 train 0.5343 test 0.3099
epoch 28/200 loss 1.7899 train 0.5470 test 0.3020
epoch 29/200 loss 1.7337 train 0.5597 test 0.2841
epoch 30/200 loss 1.6632 train 0.5749 test 0.2905
epoch 31/200 loss 1.6362 train 0.5757 test 0.2903
epoch 32/200 loss 1.5895 train 0.5886 test 0.3430
epoch 33/200 loss 1.5376 train 0.5997 test 0.3072
epoch 34/200 loss 1.4794 train 0.6171 test 0.3169
epoch 35/200 loss 1.4402 train 0.6252 test 0.3361
epoch 36/200 loss 1.4044 train 0.6320 test 0.2838
epoch 37/200 loss 1.3506 train 0.6466 test 0.3166
epoch 38/200 loss 1.3278 train 0.6536 test 0.3155
epoch 39/200 loss 1.2748 train 0.6644 test 0.2910
epoch 40/200 loss 1.2436 train 0.6745 test 0.3208
epoch 41/200 loss 1.1905 train 0.6851 test 0.3291
epoch 42/200 loss 1.1530 train 0.6963 test 0.3019
epoch 43/200 loss 1.1121 train 0.7024 test 0.3003
epoch 44/200 loss 1.1057 train 0.7047 test 0.2938
epoch 45/200 loss 1.0690 train 0.7161 test 0.3004
epoch 46/200 loss 1.0129 train 0.7304 test 0.3433
epoch 47/200 loss 0.9734 train 0.7409 test 0.3144
epoch 48/200 loss 0.9873 train 0.7355 test 0.3150
epoch 49/200 loss 0.9409 train 0.7516 test 0.3082
epoch 50/200 loss 0.8997 train 0.7586 test 0.3191
epoch 51/200 loss 0.8749 train 0.7657 test 0.3108
epoch 52/200 loss 0.8296 train 0.7796 test 0.3167
epoch 53/200 loss 0.8626 train 0.7707 test 0.3351
epoch 54/200 loss 0.7984 train 0.7871 test 0.3240
epoch 55/200 loss 0.7768 train 0.7946 test 0.2889
epoch 56/200 loss 0.7760 train 0.7919 test 0.3165
epoch 57/200 loss 0.7556 train 0.8022 test 0.2983
epoch 58/200 loss 0.7045 train 0.8136 test 0.2889
epoch 59/200 loss 0.7050 train 0.8107 test 0.3185
epoch 60/200 loss 0.7036 train 0.8139 test 0.3353
epoch 61/200 loss 0.6868 train 0.8174 test 0.3674
epoch 62/200 loss 0.6044 train 0.8424 test 0.3236
epoch 63/200 loss 0.6760 train 0.8185 test 0.3379
epoch 64/200 loss 0.6486 train 0.8280 test 0.3236
epoch 65/200 loss 0.5904 train 0.8466 test 0.3386
epoch 66/200 loss 0.5596 train 0.8562 test 0.3226
epoch 67/200 loss 0.5629 train 0.8524 test 0.3115
epoch 68/200 loss 0.5518 train 0.8575 test 0.3367
epoch 69/200 loss 0.5505 train 0.8554 test 0.3032
epoch 70/200 loss 0.5526 train 0.8559 test 0.3376
epoch 71/200 loss 0.5507 train 0.8576 test 0.2976
epoch 72/200 loss 0.5268 train 0.8657 test 0.3228
epoch 73/200 loss 0.4493 train 0.8886 test 0.3262
epoch 74/200 loss 0.4795 train 0.8769 test 0.3018
epoch 75/200 loss 0.4919 train 0.8737 test 0.3261
epoch 76/200 loss 0.4565 train 0.8834 test 0.3489
epoch 77/200 loss 0.4246 train 0.8953 test 0.3209
epoch 78/200 loss 0.4086 train 0.9020 test 0.3151
epoch 79/200 loss 0.4303 train 0.8952 test 0.3391
epoch 80/200 loss 0.4089 train 0.8999 test 0.3434
epoch 81/200 loss 0.4072 train 0.9020 test 0.3290
epoch 82/200 loss 0.4734 train 0.8810 test 0.3305
epoch 83/200 loss 0.3761 train 0.9112 test 0.3615
epoch 84/200 loss 0.3124 train 0.9277 test 0.3586
epoch 85/200 loss 0.3142 train 0.9288 test 0.3782
epoch 86/200 loss 0.3224 train 0.9284 test 0.3324
epoch 87/200 loss 0.3323 train 0.9247 test 0.3424
epoch 88/200 loss 0.3006 train 0.9344 test 0.3301
epoch 89/200 loss 0.3299 train 0.9246 test 0.3161
epoch 90/200 loss 0.3212 train 0.9250 test 0.3404
epoch 91/200 loss 0.3016 train 0.9325 test 0.3365
epoch 92/200 loss 0.2855 train 0.9379 test 0.3554
epoch 93/200 loss 0.3168 train 0.9276 test 0.3524
epoch 94/200 loss 0.3407 train 0.9197 test 0.3581
epoch 95/200 loss 0.2862 train 0.9365 test 0.3772
epoch 96/200 loss 0.1928 train 0.9649 test 0.3686
epoch 97/200 loss 0.1469 train 0.9766 test 0.4081
epoch 98/200 loss 0.0876 train 0.9911 test 0.4314
epoch 99/200 loss 0.0538 train 0.9970 test 0.4518
epoch 100/200 loss 0.0361 train 0.9991 test 0.4655
epoch 101/200 loss 0.0292 train 0.9997 test 0.4696
epoch 102/200 loss 0.0281 train 0.9999 test 0.4783
epoch 103/200 loss 0.0314 train 0.9997 test 0.4710
epoch 104/200 loss 0.0327 train 0.9999 test 0.4824
epoch 105/200 loss 0.0343 train 0.9998 test 0.4691
epoch 106/200 loss 0.0477 train 0.9996 test 0.4539
epoch 107/200 loss 0.1184 train 0.9891 test 0.2417
epoch 108/200 loss 1.7026 train 0.5774 test 0.2708
epoch 109/200 loss 1.0869 train 0.7206 test 0.2978
epoch 110/200 loss 0.6315 train 0.8464 test 0.3281
epoch 111/200 loss 0.4050 train 0.9089 test 0.3767
epoch 112/200 loss 0.2939 train 0.9390 test 0.3869
epoch 113/200 loss 0.1739 train 0.9716 test 0.3908
epoch 114/200 loss 0.0874 train 0.9913 test 0.4310
epoch 115/200 loss 0.0467 train 0.9976 test 0.4620
epoch 116/200 loss 0.0339 train 0.9988 test 0.4721
epoch 117/200 loss 0.0272 train 0.9996 test 0.4788
epoch 118/200 loss 0.0241 train 0.9998 test 0.4834
epoch 119/200 loss 0.0247 train 1.0000 test 0.4834
epoch 120/200 loss 0.0248 train 0.9999 test 0.4811
epoch 121/200 loss 0.0261 train 0.9999 test 0.4778
epoch 122/200 loss 0.0284 train 0.9999 test 0.4775
epoch 123/200 loss 0.0295 train 0.9998 test 0.4831
epoch 124/200 loss 0.0286 train 0.9998 test 0.4745
epoch 125/200 loss 0.0362 train 0.9996 test 0.4601
epoch 126/200 loss 0.0549 train 0.9980 test 0.4118
epoch 127/200 loss 0.3367 train 0.9399 test 0.2106
epoch 128/200 loss 1.0595 train 0.7359 test 0.2860
epoch 129/200 loss 0.5698 train 0.8686 test 0.3432
epoch 130/200 loss 0.2653 train 0.9524 test 0.3897
epoch 131/200 loss 0.1011 train 0.9885 test 0.4386
epoch 132/200 loss 0.0489 train 0.9976 test 0.4623
epoch 133/200 loss 0.0310 train 0.9991 test 0.4680
epoch 134/200 loss 0.0225 train 0.9997 test 0.4771
epoch 135/200 loss 0.0201 train 0.9999 test 0.4805
epoch 136/200 loss 0.0184 train 0.9999 test 0.4816
epoch 137/200 loss 0.0184 train 1.0000 test 0.4803
epoch 138/200 loss 0.0182 train 0.9999 test 0.4800
epoch 139/200 loss 0.0185 train 1.0000 test 0.4836
epoch 140/200 loss 0.0186 train 0.9999 test 0.4855
epoch 141/200 loss 0.0193 train 0.9999 test 0.4860
epoch 142/200 loss 0.0201 train 0.9999 test 0.4840
epoch 143/200 loss 0.0209 train 0.9999 test 0.4842
epoch 144/200 loss 0.0204 train 0.9999 test 0.4826
epoch 145/200 loss 0.0204 train 0.9999 test 0.4851
epoch 146/200 loss 0.0201 train 0.9999 test 0.4854
epoch 147/200 loss 0.0206 train 0.9999 test 0.4866
epoch 148/200 loss 0.0204 train 0.9999 test 0.4874
epoch 149/200 loss 0.0204 train 1.0000 test 0.4867
epoch 150/200 loss 0.0203 train 0.9999 test 0.4866
epoch 151/200 loss 0.0208 train 1.0000 test 0.4854
epoch 152/200 loss 0.0206 train 1.0000 test 0.4861
epoch 153/200 loss 0.0199 train 0.9999 test 0.4885
epoch 154/200 loss 0.0199 train 1.0000 test 0.4860
epoch 155/200 loss 0.0196 train 0.9999 test 0.4866
epoch 156/200 loss 0.0198 train 1.0000 test 0.4899
epoch 157/200 loss 0.0192 train 0.9999 test 0.4883
epoch 158/200 loss 0.0185 train 1.0000 test 0.4912
epoch 159/200 loss 0.0181 train 1.0000 test 0.4883
epoch 160/200 loss 0.0181 train 0.9999 test 0.4918
epoch 161/200 loss 0.0181 train 0.9999 test 0.4884
epoch 162/200 loss 0.0179 train 0.9999 test 0.4932
epoch 163/200 loss 0.0175 train 1.0000 test 0.4874
epoch 164/200 loss 0.0172 train 0.9999 test 0.4861
epoch 165/200 loss 0.0174 train 0.9999 test 0.4892
epoch 166/200 loss 0.0165 train 0.9999 test 0.4920
epoch 167/200 loss 0.0168 train 0.9999 test 0.4894
epoch 168/200 loss 0.0165 train 0.9999 test 0.4914
epoch 169/200 loss 0.0163 train 1.0000 test 0.4913
epoch 170/200 loss 0.0162 train 0.9999 test 0.4942
epoch 171/200 loss 0.0158 train 0.9999 test 0.4911
epoch 172/200 loss 0.0156 train 0.9999 test 0.4923
epoch 173/200 loss 0.0154 train 0.9999 test 0.4935
epoch 174/200 loss 0.0152 train 1.0000 test 0.4914
epoch 175/200 loss 0.0151 train 1.0000 test 0.4944
epoch 176/200 loss 0.0151 train 1.0000 test 0.4910
epoch 177/200 loss 0.0150 train 0.9999 test 0.4917
epoch 178/200 loss 0.0148 train 1.0000 test 0.4939
epoch 179/200 loss 0.0145 train 1.0000 test 0.4938
epoch 180/200 loss 0.0142 train 1.0000 test 0.4916
epoch 181/200 loss 0.0143 train 0.9999 test 0.4932
epoch 182/200 loss 0.0144 train 1.0000 test 0.4933
epoch 183/200 loss 0.0140 train 0.9999 test 0.4922
epoch 184/200 loss 0.0139 train 0.9999 test 0.4951
epoch 185/200 loss 0.0142 train 1.0000 test 0.4935
epoch 186/200 loss 0.0141 train 1.0000 test 0.4952
epoch 187/200 loss 0.0140 train 0.9999 test 0.4958
epoch 188/200 loss 0.0135 train 1.0000 test 0.4953
epoch 189/200 loss 0.0136 train 1.0000 test 0.4951
epoch 190/200 loss 0.0133 train 1.0000 test 0.4942
epoch 191/200 loss 0.0133 train 1.0000 test 0.4949
epoch 192/200 loss 0.0136 train 1.0000 test 0.4962
epoch 193/200 loss 0.0132 train 1.0000 test 0.4951
epoch 194/200 loss 0.0133 train 0.9999 test 0.4963
epoch 195/200 loss 0.0135 train 1.0000 test 0.4956
epoch 196/200 loss 0.0136 train 1.0000 test 0.4943
epoch 197/200 loss 0.0133 train 0.9999 test 0.4960
epoch 198/200 loss 0.0134 train 1.0000 test 0.4963
epoch 199/200 loss 0.0133 train 1.0000 test 0.4954
epoch 200/200 loss 0.0132 train 1.0000 test 0.4946
done: final 0.4946 best 0.4963 -> ./runs/tin_aux_25pct/seed2
FRONTIER2_DONE tin_aux_25pct_seed2
FRONTIER2_CELL_DONE tin_aux_25pct
FRONTIER2_TIN25_DONE
FRONTIER2_START tin_none_100pct_seed0
[tin_none_100pct seed0] {"params_trainable": 11271432, "params_stem_trainable": 0, "params_stem_fixed_filters": 0, "flops_total": 2226720768, "flops_stem": 0, "flops_image_size": 64}
epoch 1/200 loss 4.5578 train 0.0706 test 0.1141
epoch 2/200 loss 3.7394 train 0.1692 test 0.2001
epoch 3/200 loss 3.2896 train 0.2421 test 0.2057
epoch 4/200 loss 3.0091 train 0.2945 test 0.2361
epoch 5/200 loss 2.8075 train 0.3353 test 0.2937
epoch 6/200 loss 2.6529 train 0.3659 test 0.2974
epoch 7/200 loss 2.5348 train 0.3891 test 0.3333
epoch 8/200 loss 2.4395 train 0.4084 test 0.3530
epoch 9/200 loss 2.3641 train 0.4260 test 0.3262
epoch 10/200 loss 2.3111 train 0.4366 test 0.3774
epoch 11/200 loss 2.2606 train 0.4472 test 0.3523
epoch 12/200 loss 2.2206 train 0.4553 test 0.3952
epoch 13/200 loss 2.1911 train 0.4634 test 0.3620
epoch 14/200 loss 2.1612 train 0.4697 test 0.3565
epoch 15/200 loss 2.1339 train 0.4752 test 0.4232
epoch 16/200 loss 2.1134 train 0.4807 test 0.3881
epoch 17/200 loss 2.0943 train 0.4832 test 0.3856
epoch 18/200 loss 2.0765 train 0.4876 test 0.4263
epoch 19/200 loss 2.0516 train 0.4940 test 0.4076
epoch 20/200 loss 2.0378 train 0.4964 test 0.4090
epoch 21/200 loss 2.0290 train 0.4981 test 0.3791
epoch 22/200 loss 2.0182 train 0.5022 test 0.3789
epoch 23/200 loss 2.0041 train 0.5046 test 0.3920
epoch 24/200 loss 1.9929 train 0.5064 test 0.4045
epoch 25/200 loss 1.9845 train 0.5082 test 0.3630
epoch 26/200 loss 1.9715 train 0.5119 test 0.3987
epoch 27/200 loss 1.9629 train 0.5141 test 0.3650
epoch 28/200 loss 1.9582 train 0.5143 test 0.3799
epoch 29/200 loss 1.9463 train 0.5172 test 0.4050
epoch 30/200 loss 1.9305 train 0.5207 test 0.4291
epoch 31/200 loss 1.9269 train 0.5213 test 0.3973
epoch 32/200 loss 1.9233 train 0.5222 test 0.3825
epoch 33/200 loss 1.9131 train 0.5228 test 0.4376
epoch 34/200 loss 1.9065 train 0.5278 test 0.4212
epoch 35/200 loss 1.8959 train 0.5278 test 0.4064
epoch 36/200 loss 1.8900 train 0.5285 test 0.4589
epoch 37/200 loss 1.8822 train 0.5313 test 0.3980
epoch 38/200 loss 1.8722 train 0.5350 test 0.4206
epoch 39/200 loss 1.8703 train 0.5333 test 0.4250
epoch 40/200 loss 1.8601 train 0.5355 test 0.4213
epoch 41/200 loss 1.8534 train 0.5404 test 0.4691
epoch 42/200 loss 1.8496 train 0.5401 test 0.4492
epoch 43/200 loss 1.8413 train 0.5426 test 0.4083
epoch 44/200 loss 1.8372 train 0.5412 test 0.4183
epoch 45/200 loss 1.8287 train 0.5429 test 0.4122
epoch 46/200 loss 1.8181 train 0.5457 test 0.3460
epoch 47/200 loss 1.8178 train 0.5451 test 0.4366
epoch 48/200 loss 1.8061 train 0.5480 test 0.4389
epoch 49/200 loss 1.8017 train 0.5495 test 0.4384
epoch 50/200 loss 1.7919 train 0.5523 test 0.4504
epoch 51/200 loss 1.7832 train 0.5527 test 0.4198
epoch 52/200 loss 1.7805 train 0.5549 test 0.4447
epoch 53/200 loss 1.7749 train 0.5558 test 0.4493
epoch 54/200 loss 1.7645 train 0.5585 test 0.4358
epoch 55/200 loss 1.7579 train 0.5592 test 0.4436
epoch 56/200 loss 1.7559 train 0.5596 test 0.4709
epoch 57/200 loss 1.7446 train 0.5613 test 0.4302
epoch 58/200 loss 1.7409 train 0.5627 test 0.4395
epoch 59/200 loss 1.7322 train 0.5640 test 0.4354
epoch 60/200 loss 1.7240 train 0.5654 test 0.4489
epoch 61/200 loss 1.7184 train 0.5670 test 0.4270
epoch 62/200 loss 1.7066 train 0.5710 test 0.4477
epoch 63/200 loss 1.7000 train 0.5740 test 0.4616
epoch 64/200 loss 1.6892 train 0.5760 test 0.4586
epoch 65/200 loss 1.6825 train 0.5763 test 0.4636
epoch 66/200 loss 1.6769 train 0.5777 test 0.4513
epoch 67/200 loss 1.6618 train 0.5801 test 0.4613
epoch 68/200 loss 1.6565 train 0.5830 test 0.4692
epoch 69/200 loss 1.6561 train 0.5816 test 0.4909
epoch 70/200 loss 1.6387 train 0.5840 test 0.4544
epoch 71/200 loss 1.6357 train 0.5863 test 0.4563
epoch 72/200 loss 1.6200 train 0.5885 test 0.4462
epoch 73/200 loss 1.6122 train 0.5916 test 0.4547
epoch 74/200 loss 1.6013 train 0.5938 test 0.4534
epoch 75/200 loss 1.6009 train 0.5952 test 0.4648
epoch 76/200 loss 1.5883 train 0.5971 test 0.4572
epoch 77/200 loss 1.5765 train 0.6006 test 0.4234
epoch 78/200 loss 1.5691 train 0.6001 test 0.4575
epoch 79/200 loss 1.5616 train 0.6020 test 0.4837
epoch 80/200 loss 1.5526 train 0.6048 test 0.4955
epoch 81/200 loss 1.5347 train 0.6099 test 0.4538
epoch 82/200 loss 1.5263 train 0.6094 test 0.4652
epoch 83/200 loss 1.5141 train 0.6136 test 0.4825
epoch 84/200 loss 1.5062 train 0.6150 test 0.4884
epoch 85/200 loss 1.4933 train 0.6169 test 0.4918
epoch 86/200 loss 1.4811 train 0.6217 test 0.4836
epoch 87/200 loss 1.4712 train 0.6217 test 0.4989
epoch 88/200 loss 1.4576 train 0.6267 test 0.4939
epoch 89/200 loss 1.4506 train 0.6273 test 0.4764
epoch 90/200 loss 1.4360 train 0.6316 test 0.4871
epoch 91/200 loss 1.4292 train 0.6325 test 0.5052
epoch 92/200 loss 1.4152 train 0.6355 test 0.4930
epoch 93/200 loss 1.3971 train 0.6414 test 0.5052
epoch 94/200 loss 1.3965 train 0.6401 test 0.5086
epoch 95/200 loss 1.3791 train 0.6421 test 0.5159
epoch 96/200 loss 1.3687 train 0.6462 test 0.4899
epoch 97/200 loss 1.3539 train 0.6492 test 0.4971
epoch 98/200 loss 1.3350 train 0.6551 test 0.4945
epoch 99/200 loss 1.3256 train 0.6555 test 0.5036
epoch 100/200 loss 1.3143 train 0.6576 test 0.4740
epoch 101/200 loss 1.2993 train 0.6607 test 0.5243
epoch 102/200 loss 1.2886 train 0.6649 test 0.5169
epoch 103/200 loss 1.2685 train 0.6692 test 0.4797
epoch 104/200 loss 1.2478 train 0.6749 test 0.5061
epoch 105/200 loss 1.2392 train 0.6746 test 0.5285
epoch 106/200 loss 1.2255 train 0.6803 test 0.5270
epoch 107/200 loss 1.2024 train 0.6844 test 0.5193
epoch 108/200 loss 1.1951 train 0.6870 test 0.5357
epoch 109/200 loss 1.1705 train 0.6917 test 0.5054
epoch 110/200 loss 1.1585 train 0.6944 test 0.5368
epoch 111/200 loss 1.1434 train 0.6980 test 0.5226
epoch 112/200 loss 1.1251 train 0.7033 test 0.5219
epoch 113/200 loss 1.1112 train 0.7048 test 0.5423
epoch 114/200 loss 1.0929 train 0.7108 test 0.5270
epoch 115/200 loss 1.0741 train 0.7143 test 0.5315
epoch 116/200 loss 1.0564 train 0.7180 test 0.5255
epoch 117/200 loss 1.0390 train 0.7231 test 0.5427
epoch 118/200 loss 1.0172 train 0.7272 test 0.5296
epoch 119/200 loss 1.0062 train 0.7311 test 0.5438
epoch 120/200 loss 0.9822 train 0.7363 test 0.5259
epoch 121/200 loss 0.9597 train 0.7429 test 0.5412
epoch 122/200 loss 0.9566 train 0.7427 test 0.5170
epoch 123/200 loss 0.9222 train 0.7515 test 0.5075
epoch 124/200 loss 0.8945 train 0.7577 test 0.5355
epoch 125/200 loss 0.8835 train 0.7605 test 0.5477
epoch 126/200 loss 0.8607 train 0.7659 test 0.5457
epoch 127/200 loss 0.8481 train 0.7690 test 0.5397
epoch 128/200 loss 0.8193 train 0.7778 test 0.5305
epoch 129/200 loss 0.8007 train 0.7812 test 0.5494
epoch 130/200 loss 0.7774 train 0.7872 test 0.5542
epoch 131/200 loss 0.7463 train 0.7962 test 0.5372
epoch 132/200 loss 0.7299 train 0.8003 test 0.5436
epoch 133/200 loss 0.7065 train 0.8070 test 0.5458
epoch 134/200 loss 0.6970 train 0.8091 test 0.5629
epoch 135/200 loss 0.6676 train 0.8170 test 0.5513
epoch 136/200 loss 0.6302 train 0.8273 test 0.5598
epoch 137/200 loss 0.6235 train 0.8288 test 0.5480
epoch 138/200 loss 0.5868 train 0.8396 test 0.5476
epoch 139/200 loss 0.5749 train 0.8426 test 0.5548
epoch 140/200 loss 0.5528 train 0.8476 test 0.5603
epoch 141/200 loss 0.5216 train 0.8588 test 0.5442
epoch 142/200 loss 0.4987 train 0.8637 test 0.5676
epoch 143/200 loss 0.4790 train 0.8695 test 0.5641
epoch 144/200 loss 0.4527 train 0.8773 test 0.5727
epoch 145/200 loss 0.4342 train 0.8821 test 0.5669
epoch 146/200 loss 0.4105 train 0.8898 test 0.5661
epoch 147/200 loss 0.3902 train 0.8968 test 0.5737
epoch 148/200 loss 0.3674 train 0.9024 test 0.5725
epoch 149/200 loss 0.3521 train 0.9073 test 0.5705
epoch 150/200 loss 0.3228 train 0.9159 test 0.5816
epoch 151/200 loss 0.3028 train 0.9224 test 0.5833
epoch 152/200 loss 0.2845 train 0.9279 test 0.5754
epoch 153/200 loss 0.2580 train 0.9366 test 0.5867
epoch 154/200 loss 0.2384 train 0.9425 test 0.5867
epoch 155/200 loss 0.2201 train 0.9489 test 0.5906
epoch 156/200 loss 0.1990 train 0.9551 test 0.5961
epoch 157/200 loss 0.1880 train 0.9581 test 0.5968
epoch 158/200 loss 0.1695 train 0.9636 test 0.5970
epoch 159/200 loss 0.1538 train 0.9687 test 0.6071
epoch 160/200 loss 0.1375 train 0.9735 test 0.6118
epoch 161/200 loss 0.1245 train 0.9776 test 0.6140
epoch 162/200 loss 0.1101 train 0.9815 test 0.6219
epoch 163/200 loss 0.0926 train 0.9862 test 0.6222
epoch 164/200 loss 0.0778 train 0.9902 test 0.6290
epoch 165/200 loss 0.0675 train 0.9921 test 0.6296
epoch 166/200 loss 0.0630 train 0.9934 test 0.6346
epoch 167/200 loss 0.0517 train 0.9959 test 0.6410
epoch 168/200 loss 0.0463 train 0.9968 test 0.6414
epoch 169/200 loss 0.0423 train 0.9972 test 0.6396
epoch 170/200 loss 0.0407 train 0.9976 test 0.6452
epoch 171/200 loss 0.0376 train 0.9979 test 0.6481
epoch 172/200 loss 0.0347 train 0.9985 test 0.6548
epoch 173/200 loss 0.0321 train 0.9990 test 0.6534
epoch 174/200 loss 0.0307 train 0.9991 test 0.6568
epoch 175/200 loss 0.0296 train 0.9990 test 0.6520
epoch 176/200 loss 0.0280 train 0.9992 test 0.6583
epoch 177/200 loss 0.0275 train 0.9992 test 0.6501
epoch 178/200 loss 0.0263 train 0.9993 test 0.6556
epoch 179/200 loss 0.0252 train 0.9994 test 0.6540
epoch 180/200 loss 0.0251 train 0.9995 test 0.6569
epoch 181/200 loss 0.0242 train 0.9994 test 0.6579
epoch 182/200 loss 0.0236 train 0.9995 test 0.6563
epoch 183/200 loss 0.0231 train 0.9996 test 0.6590
epoch 184/200 loss 0.0222 train 0.9996 test 0.6569
epoch 185/200 loss 0.0214 train 0.9997 test 0.6593
epoch 186/200 loss 0.0214 train 0.9997 test 0.6610
epoch 187/200 loss 0.0209 train 0.9997 test 0.6612
epoch 188/200 loss 0.0208 train 0.9997 test 0.6610
epoch 189/200 loss 0.0203 train 0.9996 test 0.6612
epoch 190/200 loss 0.0204 train 0.9997 test 0.6603
epoch 191/200 loss 0.0199 train 0.9997 test 0.6619
epoch 192/200 loss 0.0198 train 0.9997 test 0.6621
epoch 193/200 loss 0.0195 train 0.9997 test 0.6602
epoch 194/200 loss 0.0194 train 0.9997 test 0.6614
epoch 195/200 loss 0.0194 train 0.9997 test 0.6620
epoch 196/200 loss 0.0195 train 0.9997 test 0.6606
epoch 197/200 loss 0.0193 train 0.9997 test 0.6617
epoch 198/200 loss 0.0190 train 0.9997 test 0.6611
epoch 199/200 loss 0.0192 train 0.9998 test 0.6603
epoch 200/200 loss 0.0190 train 0.9998 test 0.6620
done: final 0.6620 best 0.6621 -> ./runs/tin_none_100pct/seed0
FRONTIER2_DONE tin_none_100pct_seed0
FRONTIER2_START tin_none_100pct_seed1
[tin_none_100pct seed1] {"params_trainable": 11271432, "params_stem_trainable": 0, "params_stem_fixed_filters": 0, "flops_total": 2226720768, "flops_stem": 0, "flops_image_size": 64}
epoch 1/200 loss 4.5540 train 0.0723 test 0.1070
epoch 2/200 loss 3.7284 train 0.1703 test 0.1619
epoch 3/200 loss 3.2877 train 0.2423 test 0.2409
epoch 4/200 loss 3.0053 train 0.2945 test 0.2769
epoch 5/200 loss 2.8011 train 0.3345 test 0.2763
epoch 6/200 loss 2.6535 train 0.3643 test 0.2941
epoch 7/200 loss 2.5336 train 0.3896 test 0.3363
epoch 8/200 loss 2.4495 train 0.4073 test 0.3452
epoch 9/200 loss 2.3711 train 0.4246 test 0.3403
epoch 10/200 loss 2.3145 train 0.4364 test 0.3755
epoch 11/200 loss 2.2650 train 0.4466 test 0.3513
epoch 12/200 loss 2.2235 train 0.4561 test 0.3247
epoch 13/200 loss 2.1903 train 0.4631 test 0.3730
epoch 14/200 loss 2.1648 train 0.4673 test 0.3775
epoch 15/200 loss 2.1358 train 0.4760 test 0.3755
epoch 16/200 loss 2.1164 train 0.4798 test 0.4304
epoch 17/200 loss 2.0945 train 0.4838 test 0.3696
epoch 18/200 loss 2.0780 train 0.4885 test 0.4114
epoch 19/200 loss 2.0605 train 0.4918 test 0.3817
epoch 20/200 loss 2.0392 train 0.4942 test 0.3862
epoch 21/200 loss 2.0339 train 0.4971 test 0.3619
epoch 22/200 loss 2.0168 train 0.5009 test 0.4309
epoch 23/200 loss 2.0068 train 0.5044 test 0.3888
epoch 24/200 loss 1.9974 train 0.5059 test 0.4089
epoch 25/200 loss 1.9837 train 0.5075 test 0.4033
epoch 26/200 loss 1.9695 train 0.5125 test 0.3970
epoch 27/200 loss 1.9626 train 0.5127 test 0.4265
epoch 28/200 loss 1.9523 train 0.5150 test 0.4298
epoch 29/200 loss 1.9454 train 0.5187 test 0.3819
epoch 30/200 loss 1.9419 train 0.5180 test 0.4105
epoch 31/200 loss 1.9273 train 0.5208 test 0.4053
epoch 32/200 loss 1.9189 train 0.5223 test 0.3954
epoch 33/200 loss 1.9149 train 0.5230 test 0.4344
epoch 34/200 loss 1.9059 train 0.5246 test 0.3825
epoch 35/200 loss 1.8959 train 0.5274 test 0.4275
epoch 36/200 loss 1.8868 train 0.5298 test 0.4288
epoch 37/200 loss 1.8892 train 0.5289 test 0.4488
epoch 38/200 loss 1.8732 train 0.5346 test 0.4083
epoch 39/200 loss 1.8710 train 0.5323 test 0.4302
epoch 40/200 loss 1.8590 train 0.5346 test 0.4049
epoch 41/200 loss 1.8620 train 0.5364 test 0.3580
epoch 42/200 loss 1.8415 train 0.5404 test 0.4383
epoch 43/200 loss 1.8440 train 0.5397 test 0.3960
epoch 44/200 loss 1.8349 train 0.5423 test 0.3723
epoch 45/200 loss 1.8237 train 0.5447 test 0.4411
epoch 46/200 loss 1.8204 train 0.5459 test 0.3981
epoch 47/200 loss 1.8107 train 0.5458 test 0.4011
epoch 48/200 loss 1.8075 train 0.5485 test 0.4036
epoch 49/200 loss 1.7977 train 0.5500 test 0.4539
epoch 50/200 loss 1.7957 train 0.5510 test 0.4498
epoch 51/200 loss 1.7872 train 0.5528 test 0.4413
epoch 52/200 loss 1.7778 train 0.5545 test 0.4463
epoch 53/200 loss 1.7716 train 0.5554 test 0.3941
epoch 54/200 loss 1.7633 train 0.5574 test 0.4417
epoch 55/200 loss 1.7592 train 0.5579 test 0.4178
epoch 56/200 loss 1.7519 train 0.5596 test 0.4667
epoch 57/200 loss 1.7446 train 0.5628 test 0.4232
epoch 58/200 loss 1.7382 train 0.5642 test 0.4316
epoch 59/200 loss 1.7278 train 0.5648 test 0.4300
epoch 60/200 loss 1.7261 train 0.5658 test 0.4713
epoch 61/200 loss 1.7102 train 0.5685 test 0.4118
epoch 62/200 loss 1.7063 train 0.5692 test 0.4702
epoch 63/200 loss 1.7013 train 0.5708 test 0.4143
epoch 64/200 loss 1.6907 train 0.5726 test 0.4515
epoch 65/200 loss 1.6803 train 0.5771 test 0.4708
epoch 66/200 loss 1.6692 train 0.5801 test 0.4528
epoch 67/200 loss 1.6655 train 0.5803 test 0.4628
epoch 68/200 loss 1.6553 train 0.5812 test 0.4441
epoch 69/200 loss 1.6526 train 0.5817 test 0.4628
epoch 70/200 loss 1.6405 train 0.5843 test 0.4730
epoch 71/200 loss 1.6325 train 0.5868 test 0.4784
epoch 72/200 loss 1.6270 train 0.5878 test 0.4796
epoch 73/200 loss 1.6152 train 0.5895 test 0.4376
epoch 74/200 loss 1.6109 train 0.5914 test 0.4688
epoch 75/200 loss 1.5971 train 0.5949 test 0.4350
epoch 76/200 loss 1.5874 train 0.5967 test 0.4548
epoch 77/200 loss 1.5755 train 0.5998 test 0.4788
epoch 78/200 loss 1.5691 train 0.5989 test 0.4698
epoch 79/200 loss 1.5635 train 0.6031 test 0.4940
epoch 80/200 loss 1.5448 train 0.6053 test 0.5020
epoch 81/200 loss 1.5389 train 0.6071 test 0.4312
epoch 82/200 loss 1.5265 train 0.6102 test 0.4694
epoch 83/200 loss 1.5251 train 0.6107 test 0.4895
epoch 84/200 loss 1.5013 train 0.6157 test 0.4737
epoch 85/200 loss 1.4951 train 0.6190 test 0.4713
epoch 86/200 loss 1.4865 train 0.6202 test 0.4890
epoch 87/200 loss 1.4756 train 0.6226 test 0.4687
epoch 88/200 loss 1.4663 train 0.6232 test 0.4813
epoch 89/200 loss 1.4507 train 0.6255 test 0.5012
epoch 90/200 loss 1.4395 train 0.6304 test 0.5039
epoch 91/200 loss 1.4272 train 0.6315 test 0.4694
epoch 92/200 loss 1.4098 train 0.6372 test 0.5004
epoch 93/200 loss 1.4051 train 0.6378 test 0.4939
epoch 94/200 loss 1.3982 train 0.6388 test 0.4999
epoch 95/200 loss 1.3796 train 0.6449 test 0.4806
epoch 96/200 loss 1.3634 train 0.6478 test 0.4936
epoch 97/200 loss 1.3555 train 0.6496 test 0.4893
epoch 98/200 loss 1.3412 train 0.6530 test 0.4814
epoch 99/200 loss 1.3266 train 0.6552 test 0.4967
epoch 100/200 loss 1.3121 train 0.6593 test 0.4822
epoch 101/200 loss 1.2962 train 0.6616 test 0.5054
epoch 102/200 loss 1.2916 train 0.6638 test 0.5041
epoch 103/200 loss 1.2737 train 0.6679 test 0.5073
epoch 104/200 loss 1.2618 train 0.6705 test 0.5167
epoch 105/200 loss 1.2464 train 0.6747 test 0.4965
epoch 106/200 loss 1.2277 train 0.6773 test 0.5023
epoch 107/200 loss 1.2118 train 0.6834 test 0.4773
epoch 108/200 loss 1.1980 train 0.6860 test 0.5136
epoch 109/200 loss 1.1788 train 0.6894 test 0.4946
epoch 110/200 loss 1.1634 train 0.6925 test 0.5290
epoch 111/200 loss 1.1509 train 0.6957 test 0.4935
epoch 112/200 loss 1.1360 train 0.7004 test 0.5267
epoch 113/200 loss 1.1157 train 0.7045 test 0.5075
epoch 114/200 loss 1.0910 train 0.7105 test 0.5042
epoch 115/200 loss 1.0793 train 0.7120 test 0.5317
epoch 116/200 loss 1.0616 train 0.7180 test 0.5305
epoch 117/200 loss 1.0457 train 0.7221 test 0.5224
epoch 118/200 loss 1.0246 train 0.7274 test 0.5239
epoch 119/200 loss 1.0054 train 0.7315 test 0.5095
epoch 120/200 loss 0.9934 train 0.7350 test 0.5375
epoch 121/200 loss 0.9715 train 0.7416 test 0.5532
epoch 122/200 loss 0.9506 train 0.7453 test 0.5476
epoch 123/200 loss 0.9360 train 0.7483 test 0.5350
epoch 124/200 loss 0.9171 train 0.7516 test 0.5398
epoch 125/200 loss 0.8927 train 0.7580 test 0.5495
epoch 126/200 loss 0.8686 train 0.7663 test 0.5546
epoch 127/200 loss 0.8515 train 0.7697 test 0.5282
epoch 128/200 loss 0.8261 train 0.7757 test 0.5483
epoch 129/200 loss 0.8071 train 0.7792 test 0.5460
epoch 130/200 loss 0.7835 train 0.7860 test 0.5633
epoch 131/200 loss 0.7661 train 0.7910 test 0.5390
epoch 132/200 loss 0.7301 train 0.8002 test 0.5474
epoch 133/200 loss 0.7145 train 0.8052 test 0.5465
epoch 134/200 loss 0.6886 train 0.8114 test 0.5553
epoch 135/200 loss 0.6750 train 0.8146 test 0.5658
epoch 136/200 loss 0.6472 train 0.8235 test 0.5527
epoch 137/200 loss 0.6249 train 0.8286 test 0.5613
epoch 138/200 loss 0.5957 train 0.8365 test 0.5653
epoch 139/200 loss 0.5767 train 0.8415 test 0.5528
epoch 140/200 loss 0.5577 train 0.8474 test 0.5632
epoch 141/200 loss 0.5270 train 0.8554 test 0.5591
epoch 142/200 loss 0.5133 train 0.8599 test 0.5635
epoch 143/200 loss 0.4826 train 0.8685 test 0.5666
epoch 144/200 loss 0.4677 train 0.8730 test 0.5633
epoch 145/200 loss 0.4451 train 0.8793 test 0.5736
epoch 146/200 loss 0.4076 train 0.8911 test 0.5759
epoch 147/200 loss 0.3890 train 0.8970 test 0.5653
epoch 148/200 loss 0.3690 train 0.9015 test 0.5666
epoch 149/200 loss 0.3420 train 0.9105 test 0.5839
epoch 150/200 loss 0.3192 train 0.9173 test 0.5761
epoch 151/200 loss 0.3005 train 0.9229 test 0.5691
epoch 152/200 loss 0.2789 train 0.9304 test 0.5679
epoch 153/200 loss 0.2651 train 0.9346 test 0.5914
epoch 154/200 loss 0.2420 train 0.9418 test 0.5753
epoch 155/200 loss 0.2289 train 0.9456 test 0.5828
epoch 156/200 loss 0.2137 train 0.9508 test 0.5899
epoch 157/200 loss 0.1906 train 0.9577 test 0.5960
epoch 158/200 loss 0.1668 train 0.9649 test 0.6070
epoch 159/200 loss 0.1570 train 0.9677 test 0.5890
epoch 160/200 loss 0.1375 train 0.9739 test 0.6108
epoch 161/200 loss 0.1163 train 0.9793 test 0.6237
epoch 162/200 loss 0.1082 train 0.9823 test 0.6171
epoch 163/200 loss 0.0934 train 0.9861 test 0.6194
epoch 164/200 loss 0.0792 train 0.9898 test 0.6273
epoch 165/200 loss 0.0733 train 0.9912 test 0.6198
epoch 166/200 loss 0.0659 train 0.9928 test 0.6278
epoch 167/200 loss 0.0612 train 0.9937 test 0.6355
epoch 168/200 loss 0.0510 train 0.9959 test 0.6389
epoch 169/200 loss 0.0437 train 0.9971 test 0.6380
epoch 170/200 loss 0.0399 train 0.9978 test 0.6437
epoch 171/200 loss 0.0371 train 0.9981 test 0.6453
epoch 172/200 loss 0.0351 train 0.9984 test 0.6461
epoch 173/200 loss 0.0337 train 0.9985 test 0.6508
epoch 174/200 loss 0.0310 train 0.9988 test 0.6510
epoch 175/200 loss 0.0297 train 0.9991 test 0.6539
epoch 176/200 loss 0.0276 train 0.9994 test 0.6522
epoch 177/200 loss 0.0265 train 0.9993 test 0.6561
epoch 178/200 loss 0.0261 train 0.9993 test 0.6554
epoch 179/200 loss 0.0254 train 0.9993 test 0.6573
epoch 180/200 loss 0.0246 train 0.9996 test 0.6574
epoch 181/200 loss 0.0232 train 0.9995 test 0.6569
epoch 182/200 loss 0.0232 train 0.9996 test 0.6590
epoch 183/200 loss 0.0229 train 0.9995 test 0.6566
epoch 184/200 loss 0.0222 train 0.9995 test 0.6559
epoch 185/200 loss 0.0219 train 0.9997 test 0.6596
epoch 186/200 loss 0.0215 train 0.9996 test 0.6594
epoch 187/200 loss 0.0215 train 0.9997 test 0.6557
epoch 188/200 loss 0.0210 train 0.9996 test 0.6575
epoch 189/200 loss 0.0209 train 0.9996 test 0.6607
epoch 190/200 loss 0.0202 train 0.9997 test 0.6583
epoch 191/200 loss 0.0203 train 0.9997 test 0.6582
epoch 192/200 loss 0.0200 train 0.9997 test 0.6577
epoch 193/200 loss 0.0198 train 0.9997 test 0.6590
epoch 194/200 loss 0.0197 train 0.9997 test 0.6579
epoch 195/200 loss 0.0197 train 0.9997 test 0.6602
epoch 196/200 loss 0.0195 train 0.9997 test 0.6600
epoch 197/200 loss 0.0194 train 0.9997 test 0.6590
epoch 198/200 loss 0.0193 train 0.9997 test 0.6577
epoch 199/200 loss 0.0194 train 0.9998 test 0.6601
epoch 200/200 loss 0.0194 train 0.9997 test 0.6590
done: final 0.6590 best 0.6607 -> ./runs/tin_none_100pct/seed1
FRONTIER2_DONE tin_none_100pct_seed1
FRONTIER2_START tin_none_100pct_seed2
[tin_none_100pct seed2] {"params_trainable": 11271432, "params_stem_trainable": 0, "params_stem_fixed_filters": 0, "flops_total": 2226720768, "flops_stem": 0, "flops_image_size": 64}
epoch 1/200 loss 4.5669 train 0.0712 test 0.1128
epoch 2/200 loss 3.7532 train 0.1667 test 0.1738
epoch 3/200 loss 3.2943 train 0.2415 test 0.2313
epoch 4/200 loss 2.9925 train 0.2976 test 0.2491
epoch 5/200 loss 2.7986 train 0.3370 test 0.2834
epoch 6/200 loss 2.6451 train 0.3676 test 0.3035
epoch 7/200 loss 2.5301 train 0.3899 test 0.3435
epoch 8/200 loss 2.4329 train 0.4102 test 0.3291
epoch 9/200 loss 2.3692 train 0.4247 test 0.3550
epoch 10/200 loss 2.3090 train 0.4371 test 0.3499
epoch 11/200 loss 2.2628 train 0.4458 test 0.3671
epoch 12/200 loss 2.2217 train 0.4563 test 0.3960
epoch 13/200 loss 2.1870 train 0.4633 test 0.3401
epoch 14/200 loss 2.1577 train 0.4692 test 0.3838
epoch 15/200 loss 2.1331 train 0.4754 test 0.3815
epoch 16/200 loss 2.1093 train 0.4806 test 0.3819
epoch 17/200 loss 2.0869 train 0.4869 test 0.3762
epoch 18/200 loss 2.0698 train 0.4899 test 0.4059
epoch 19/200 loss 2.0581 train 0.4922 test 0.3967
epoch 20/200 loss 2.0406 train 0.4963 test 0.4277
epoch 21/200 loss 2.0247 train 0.5004 test 0.3874
epoch 22/200 loss 2.0182 train 0.5013 test 0.3861
epoch 23/200 loss 2.0021 train 0.5055 test 0.3753
epoch 24/200 loss 1.9904 train 0.5083 test 0.3735
epoch 25/200 loss 1.9833 train 0.5089 test 0.4029
epoch 26/200 loss 1.9658 train 0.5128 test 0.4176
epoch 27/200 loss 1.9581 train 0.5145 test 0.3537
epoch 28/200 loss 1.9498 train 0.5163 test 0.3841
epoch 29/200 loss 1.9420 train 0.5169 test 0.4052
epoch 30/200 loss 1.9322 train 0.5205 test 0.4249
epoch 31/200 loss 1.9223 train 0.5224 test 0.4259
epoch 32/200 loss 1.9212 train 0.5223 test 0.4134
epoch 33/200 loss 1.9091 train 0.5245 test 0.3933
epoch 34/200 loss 1.9045 train 0.5276 test 0.4131
epoch 35/200 loss 1.8953 train 0.5287 test 0.3961
epoch 36/200 loss 1.8892 train 0.5301 test 0.4394
epoch 37/200 loss 1.8821 train 0.5322 test 0.4055
epoch 38/200 loss 1.8745 train 0.5328 test 0.3586
epoch 39/200 loss 1.8597 train 0.5364 test 0.3811
epoch 40/200 loss 1.8590 train 0.5368 test 0.4568
epoch 41/200 loss 1.8485 train 0.5382 test 0.4095
epoch 42/200 loss 1.8453 train 0.5387 test 0.4545
epoch 43/200 loss 1.8382 train 0.5414 test 0.4105
epoch 44/200 loss 1.8310 train 0.5439 test 0.4056
epoch 45/200 loss 1.8200 train 0.5461 test 0.3939
epoch 46/200 loss 1.8198 train 0.5447 test 0.4518
epoch 47/200 loss 1.8072 train 0.5480 test 0.4318
epoch 48/200 loss 1.8005 train 0.5493 test 0.4539
epoch 49/200 loss 1.7981 train 0.5512 test 0.4627
epoch 50/200 loss 1.7941 train 0.5498 test 0.4276
epoch 51/200 loss 1.7846 train 0.5539 test 0.4155
epoch 52/200 loss 1.7759 train 0.5536 test 0.4408
epoch 53/200 loss 1.7635 train 0.5576 test 0.4483
epoch 54/200 loss 1.7609 train 0.5585 test 0.4562
epoch 55/200 loss 1.7542 train 0.5600 test 0.4155
epoch 56/200 loss 1.7485 train 0.5606 test 0.4187
epoch 57/200 loss 1.7428 train 0.5606 test 0.4445
epoch 58/200 loss 1.7343 train 0.5653 test 0.4578
epoch 59/200 loss 1.7243 train 0.5667 test 0.4079
epoch 60/200 loss 1.7216 train 0.5668 test 0.4331
epoch 61/200 loss 1.7100 train 0.5682 test 0.4688
epoch 62/200 loss 1.7125 train 0.5693 test 0.4572
epoch 63/200 loss 1.6955 train 0.5732 test 0.4576
epoch 64/200 loss 1.6922 train 0.5726 test 0.4319
epoch 65/200 loss 1.6764 train 0.5771 test 0.4597
epoch 66/200 loss 1.6745 train 0.5768 test 0.4303
epoch 67/200 loss 1.6671 train 0.5782 test 0.4695
epoch 68/200 loss 1.6526 train 0.5827 test 0.4740
epoch 69/200 loss 1.6468 train 0.5823 test 0.4850
epoch 70/200 loss 1.6419 train 0.5850 test 0.4798
epoch 71/200 loss 1.6321 train 0.5851 test 0.4796
epoch 72/200 loss 1.6196 train 0.5898 test 0.4537
epoch 73/200 loss 1.6134 train 0.5908 test 0.4577
epoch 74/200 loss 1.6086 train 0.5930 test 0.4544
epoch 75/200 loss 1.5914 train 0.5953 test 0.4793
epoch 76/200 loss 1.5865 train 0.5980 test 0.4909
epoch 77/200 loss 1.5761 train 0.6013 test 0.4565
epoch 78/200 loss 1.5645 train 0.6003 test 0.4669
epoch 79/200 loss 1.5576 train 0.6033 test 0.4340
epoch 80/200 loss 1.5514 train 0.6059 test 0.4861
epoch 81/200 loss 1.5351 train 0.6089 test 0.5025
epoch 82/200 loss 1.5235 train 0.6115 test 0.4731
epoch 83/200 loss 1.5184 train 0.6107 test 0.4836
epoch 84/200 loss 1.5090 train 0.6130 test 0.4912
epoch 85/200 loss 1.4983 train 0.6156 test 0.4965
epoch 86/200 loss 1.4816 train 0.6212 test 0.4446
epoch 87/200 loss 1.4759 train 0.6221 test 0.4975
epoch 88/200 loss 1.4574 train 0.6256 test 0.4677
epoch 89/200 loss 1.4517 train 0.6264 test 0.4968
epoch 90/200 loss 1.4388 train 0.6304 test 0.4934
epoch 91/200 loss 1.4209 train 0.6337 test 0.4823
epoch 92/200 loss 1.4172 train 0.6349 test 0.4842
epoch 93/200 loss 1.4010 train 0.6400 test 0.4907
epoch 94/200 loss 1.3929 train 0.6394 test 0.4843
epoch 95/200 loss 1.3741 train 0.6448 test 0.5199
epoch 96/200 loss 1.3640 train 0.6468 test 0.4872
epoch 97/200 loss 1.3545 train 0.6476 test 0.4958
epoch 98/200 loss 1.3364 train 0.6528 test 0.4539
epoch 99/200 loss 1.3311 train 0.6529 test 0.4989
epoch 100/200 loss 1.3113 train 0.6601 test 0.4975
epoch 101/200 loss 1.2993 train 0.6620 test 0.4815
epoch 102/200 loss 1.2796 train 0.6674 test 0.5030
epoch 103/200 loss 1.2683 train 0.6698 test 0.5028
epoch 104/200 loss 1.2546 train 0.6710 test 0.4960
epoch 105/200 loss 1.2373 train 0.6770 test 0.5035
epoch 106/200 loss 1.2316 train 0.6767 test 0.5075
epoch 107/200 loss 1.2058 train 0.6851 test 0.5215
epoch 108/200 loss 1.1953 train 0.6862 test 0.5243
epoch 109/200 loss 1.1774 train 0.6901 test 0.5006
epoch 110/200 loss 1.1610 train 0.6947 test 0.5422
epoch 111/200 loss 1.1539 train 0.6955 test 0.5249
epoch 112/200 loss 1.1263 train 0.7007 test 0.4906
epoch 113/200 loss 1.1157 train 0.7031 test 0.5286
epoch 114/200 loss 1.0889 train 0.7103 test 0.5391
epoch 115/200 loss 1.0725 train 0.7164 test 0.5422
epoch 116/200 loss 1.0558 train 0.7190 test 0.5350
epoch 117/200 loss 1.0389 train 0.7237 test 0.5078
epoch 118/200 loss 1.0208 train 0.7274 test 0.5280
epoch 119/200 loss 1.0083 train 0.7281 test 0.5350
epoch 120/200 loss 0.9883 train 0.7364 test 0.5475
epoch 121/200 loss 0.9686 train 0.7395 test 0.5086
epoch 122/200 loss 0.9456 train 0.7457 test 0.4919
epoch 123/200 loss 0.9266 train 0.7496 test 0.5579
epoch 124/200 loss 0.9063 train 0.7553 test 0.5373
epoch 125/200 loss 0.8905 train 0.7584 test 0.5288
epoch 126/200 loss 0.8621 train 0.7663 test 0.5295
epoch 127/200 loss 0.8459 train 0.7712 test 0.5242
epoch 128/200 loss 0.8228 train 0.7757 test 0.5427
epoch 129/200 loss 0.7966 train 0.7830 test 0.5513
epoch 130/200 loss 0.7764 train 0.7891 test 0.5469
epoch 131/200 loss 0.7629 train 0.7907 test 0.5435
epoch 132/200 loss 0.7392 train 0.7995 test 0.5453
epoch 133/200 loss 0.7116 train 0.8049 test 0.5385
epoch 134/200 loss 0.6872 train 0.8113 test 0.5622
epoch 135/200 loss 0.6625 train 0.8185 test 0.5533
epoch 136/200 loss 0.6474 train 0.8216 test 0.5515
epoch 137/200 loss 0.6191 train 0.8298 test 0.5696
epoch 138/200 loss 0.6034 train 0.8325 test 0.5549
epoch 139/200 loss 0.5668 train 0.8450 test 0.5696
epoch 140/200 loss 0.5621 train 0.8458 test 0.5473
epoch 141/200 loss 0.5356 train 0.8526 test 0.5688
epoch 142/200 loss 0.5095 train 0.8622 test 0.5562
epoch 143/200 loss 0.4769 train 0.8705 test 0.5729
epoch 144/200 loss 0.4588 train 0.8765 test 0.5651
epoch 145/200 loss 0.4338 train 0.8834 test 0.5686
epoch 146/200 loss 0.4066 train 0.8917 test 0.5748
epoch 147/200 loss 0.3911 train 0.8946 test 0.5797
epoch 148/200 loss 0.3634 train 0.9044 test 0.5605
epoch 149/200 loss 0.3553 train 0.9063 test 0.5865
epoch 150/200 loss 0.3228 train 0.9167 test 0.5880
epoch 151/200 loss 0.3069 train 0.9216 test 0.5900
epoch 152/200 loss 0.2808 train 0.9292 test 0.5836
epoch 153/200 loss 0.2689 train 0.9334 test 0.5898
epoch 154/200 loss 0.2470 train 0.9404 test 0.6049
epoch 155/200 loss 0.2223 train 0.9476 test 0.6063
epoch 156/200 loss 0.1997 train 0.9556 test 0.5985
epoch 157/200 loss 0.1825 train 0.9598 test 0.5959
epoch 158/200 loss 0.1696 train 0.9649 test 0.5980
epoch 159/200 loss 0.1545 train 0.9682 test 0.6064
epoch 160/200 loss 0.1362 train 0.9746 test 0.6139
epoch 161/200 loss 0.1229 train 0.9782 test 0.6124
epoch 162/200 loss 0.1109 train 0.9811 test 0.6277
epoch 163/200 loss 0.0972 train 0.9849 test 0.6130
epoch 164/200 loss 0.0826 train 0.9889 test 0.6300
epoch 165/200 loss 0.0741 train 0.9906 test 0.6284
epoch 166/200 loss 0.0657 train 0.9925 test 0.6324
epoch 167/200 loss 0.0594 train 0.9940 test 0.6368
epoch 168/200 loss 0.0523 train 0.9957 test 0.6399
epoch 169/200 loss 0.0448 train 0.9969 test 0.6440
epoch 170/200 loss 0.0407 train 0.9974 test 0.6525
epoch 171/200 loss 0.0361 train 0.9982 test 0.6562
epoch 172/200 loss 0.0342 train 0.9984 test 0.6522
epoch 173/200 loss 0.0327 train 0.9987 test 0.6566
epoch 174/200 loss 0.0302 train 0.9989 test 0.6534
epoch 175/200 loss 0.0288 train 0.9991 test 0.6539
epoch 176/200 loss 0.0277 train 0.9991 test 0.6536
epoch 177/200 loss 0.0267 train 0.9993 test 0.6562
epoch 178/200 loss 0.0252 train 0.9994 test 0.6579
epoch 179/200 loss 0.0250 train 0.9994 test 0.6555
epoch 180/200 loss 0.0238 train 0.9995 test 0.6571
epoch 181/200 loss 0.0236 train 0.9995 test 0.6600
epoch 182/200 loss 0.0233 train 0.9995 test 0.6600
epoch 183/200 loss 0.0228 train 0.9995 test 0.6619
epoch 184/200 loss 0.0218 train 0.9996 test 0.6605
epoch 185/200 loss 0.0218 train 0.9996 test 0.6614
epoch 186/200 loss 0.0212 train 0.9997 test 0.6645
epoch 187/200 loss 0.0210 train 0.9996 test 0.6621
epoch 188/200 loss 0.0207 train 0.9997 test 0.6609
epoch 189/200 loss 0.0205 train 0.9997 test 0.6626
epoch 190/200 loss 0.0206 train 0.9997 test 0.6625
epoch 191/200 loss 0.0202 train 0.9997 test 0.6617
epoch 192/200 loss 0.0197 train 0.9997 test 0.6626
epoch 193/200 loss 0.0198 train 0.9997 test 0.6647
epoch 194/200 loss 0.0195 train 0.9998 test 0.6617
epoch 195/200 loss 0.0196 train 0.9997 test 0.6623
epoch 196/200 loss 0.0191 train 0.9998 test 0.6631
epoch 197/200 loss 0.0191 train 0.9998 test 0.6643
epoch 198/200 loss 0.0188 train 0.9998 test 0.6629
epoch 199/200 loss 0.0193 train 0.9998 test 0.6645
epoch 200/200 loss 0.0189 train 0.9998 test 0.6640
done: final 0.6640 best 0.6647 -> ./runs/tin_none_100pct/seed2
FRONTIER2_DONE tin_none_100pct_seed2
FRONTIER2_CELL_DONE tin_none_100pct
FRONTIER2_START tin_aux_100pct_seed0
moment-aux target calibrated on 1024 images
[tin_aux_100pct seed0] {"params_trainable": 11273488, "params_stem_trainable": 0, "params_stem_fixed_filters": 0, "flops_total": 2226720768, "flops_stem": 0, "flops_image_size": 64}
epoch 1/200 loss 4.5225 train 0.0879 test 0.1427
epoch 2/200 loss 3.6413 train 0.1933 test 0.2085
epoch 3/200 loss 3.2300 train 0.2640 test 0.2043
epoch 4/200 loss 2.9604 train 0.3134 test 0.2786
epoch 5/200 loss 2.7666 train 0.3519 test 0.2870
epoch 6/200 loss 2.6266 train 0.3797 test 0.2975
epoch 7/200 loss 2.5282 train 0.4001 test 0.3353
epoch 8/200 loss 2.4459 train 0.4160 test 0.3186
epoch 9/200 loss 2.3727 train 0.4329 test 0.3676
epoch 10/200 loss 2.3289 train 0.4396 test 0.3856
epoch 11/200 loss 2.2823 train 0.4532 test 0.3519
epoch 12/200 loss 2.2496 train 0.4588 test 0.3702
epoch 13/200 loss 2.2194 train 0.4675 test 0.3944
epoch 14/200 loss 2.1877 train 0.4710 test 0.3670
epoch 15/200 loss 2.1625 train 0.4791 test 0.4119
epoch 16/200 loss 2.1408 train 0.4825 test 0.3830
epoch 17/200 loss 2.1233 train 0.4849 test 0.3841
epoch 18/200 loss 2.0979 train 0.4904 test 0.4258
epoch 19/200 loss 2.0839 train 0.4941 test 0.4081
epoch 20/200 loss 2.0673 train 0.4967 test 0.3961
epoch 21/200 loss 2.0608 train 0.5000 test 0.3755
epoch 22/200 loss 2.0429 train 0.5036 test 0.3814
epoch 23/200 loss 2.0360 train 0.5071 test 0.4121
epoch 24/200 loss 2.0216 train 0.5091 test 0.3976
epoch 25/200 loss 2.0105 train 0.5106 test 0.2841
epoch 26/200 loss 2.0051 train 0.5125 test 0.4390
epoch 27/200 loss 1.9962 train 0.5133 test 0.3619
epoch 28/200 loss 1.9850 train 0.5152 test 0.3876
epoch 29/200 loss 1.9744 train 0.5198 test 0.4073
epoch 30/200 loss 1.9692 train 0.5201 test 0.4023
epoch 31/200 loss 1.9614 train 0.5224 test 0.4102
epoch 32/200 loss 1.9474 train 0.5252 test 0.4335
epoch 33/200 loss 1.9402 train 0.5263 test 0.4038
epoch 34/200 loss 1.9361 train 0.5282 test 0.3618
epoch 35/200 loss 1.9263 train 0.5313 test 0.4311
epoch 36/200 loss 1.9163 train 0.5329 test 0.4320
epoch 37/200 loss 1.9084 train 0.5329 test 0.4326
epoch 38/200 loss 1.8993 train 0.5366 test 0.4339
epoch 39/200 loss 1.8974 train 0.5370 test 0.3730
epoch 40/200 loss 1.8909 train 0.5367 test 0.4478
epoch 41/200 loss 1.8849 train 0.5393 test 0.3798
epoch 42/200 loss 1.8729 train 0.5401 test 0.3873
epoch 43/200 loss 1.8708 train 0.5437 test 0.4282
epoch 44/200 loss 1.8682 train 0.5423 test 0.4296
epoch 45/200 loss 1.8554 train 0.5449 test 0.4219
epoch 46/200 loss 1.8448 train 0.5477 test 0.4117
epoch 47/200 loss 1.8407 train 0.5504 test 0.4180
epoch 48/200 loss 1.8340 train 0.5492 test 0.4423
epoch 49/200 loss 1.8312 train 0.5505 test 0.4701
epoch 50/200 loss 1.8165 train 0.5542 test 0.4410
epoch 51/200 loss 1.8158 train 0.5527 test 0.4087
epoch 52/200 loss 1.8112 train 0.5542 test 0.4255
epoch 53/200 loss 1.8006 train 0.5576 test 0.4109
epoch 54/200 loss 1.7950 train 0.5569 test 0.4681
epoch 55/200 loss 1.7831 train 0.5603 test 0.4648
epoch 56/200 loss 1.7787 train 0.5603 test 0.4526
epoch 57/200 loss 1.7660 train 0.5647 test 0.4162
epoch 58/200 loss 1.7649 train 0.5628 test 0.4469
epoch 59/200 loss 1.7583 train 0.5659 test 0.4586
epoch 60/200 loss 1.7474 train 0.5679 test 0.4753
epoch 61/200 loss 1.7434 train 0.5683 test 0.4555
epoch 62/200 loss 1.7347 train 0.5710 test 0.4369
epoch 63/200 loss 1.7280 train 0.5729 test 0.4727
epoch 64/200 loss 1.7178 train 0.5758 test 0.4598
epoch 65/200 loss 1.7060 train 0.5765 test 0.4273
epoch 66/200 loss 1.7035 train 0.5769 test 0.4618
epoch 67/200 loss 1.6901 train 0.5805 test 0.4644
epoch 68/200 loss 1.6755 train 0.5839 test 0.4584
epoch 69/200 loss 1.6730 train 0.5841 test 0.4828
epoch 70/200 loss 1.6654 train 0.5870 test 0.4421
epoch 71/200 loss 1.6520 train 0.5883 test 0.4776
epoch 72/200 loss 1.6418 train 0.5910 test 0.4603
epoch 73/200 loss 1.6391 train 0.5926 test 0.4874
epoch 74/200 loss 1.6244 train 0.5934 test 0.4191
epoch 75/200 loss 1.6251 train 0.5947 test 0.4526
epoch 76/200 loss 1.6138 train 0.5967 test 0.4776
epoch 77/200 loss 1.5987 train 0.6005 test 0.4413
epoch 78/200 loss 1.5912 train 0.6024 test 0.4786
epoch 79/200 loss 1.5741 train 0.6048 test 0.4976
epoch 80/200 loss 1.5727 train 0.6067 test 0.4909
epoch 81/200 loss 1.5589 train 0.6097 test 0.4843
epoch 82/200 loss 1.5494 train 0.6099 test 0.4840
epoch 83/200 loss 1.5342 train 0.6149 test 0.5021
epoch 84/200 loss 1.5203 train 0.6165 test 0.4789
epoch 85/200 loss 1.5135 train 0.6174 test 0.4851
epoch 86/200 loss 1.5058 train 0.6208 test 0.4884
epoch 87/200 loss 1.4969 train 0.6234 test 0.4758
epoch 88/200 loss 1.4758 train 0.6290 test 0.4565
epoch 89/200 loss 1.4685 train 0.6290 test 0.4830
epoch 90/200 loss 1.4565 train 0.6331 test 0.5032
epoch 91/200 loss 1.4495 train 0.6338 test 0.4827
epoch 92/200 loss 1.4327 train 0.6383 test 0.5211
epoch 93/200 loss 1.4217 train 0.6396 test 0.4930
epoch 94/200 loss 1.4152 train 0.6399 test 0.5188
epoch 95/200 loss 1.3938 train 0.6442 test 0.5028
epoch 96/200 loss 1.3858 train 0.6473 test 0.4927
epoch 97/200 loss 1.3712 train 0.6516 test 0.4908
epoch 98/200 loss 1.3518 train 0.6552 test 0.5154
epoch 99/200 loss 1.3403 train 0.6580 test 0.5012
epoch 100/200 loss 1.3253 train 0.6600 test 0.4742
epoch 101/200 loss 1.3127 train 0.6641 test 0.5112
epoch 102/200 loss 1.3003 train 0.6667 test 0.5094
epoch 103/200 loss 1.2814 train 0.6706 test 0.5006
epoch 104/200 loss 1.2616 train 0.6750 test 0.4814
epoch 105/200 loss 1.2556 train 0.6757 test 0.5040
epoch 106/200 loss 1.2390 train 0.6811 test 0.5259
epoch 107/200 loss 1.2214 train 0.6836 test 0.5266
epoch 108/200 loss 1.2133 train 0.6857 test 0.5209
epoch 109/200 loss 1.1835 train 0.6932 test 0.4914
epoch 110/200 loss 1.1736 train 0.6955 test 0.5296
epoch 111/200 loss 1.1555 train 0.6983 test 0.5071
epoch 112/200 loss 1.1404 train 0.7016 test 0.5319
epoch 113/200 loss 1.1193 train 0.7070 test 0.5384
epoch 114/200 loss 1.1021 train 0.7117 test 0.5286
epoch 115/200 loss 1.0928 train 0.7152 test 0.5292
epoch 116/200 loss 1.0711 train 0.7182 test 0.5305
epoch 117/200 loss 1.0513 train 0.7230 test 0.4957
epoch 118/200 loss 1.0336 train 0.7277 test 0.5568
epoch 119/200 loss 1.0144 train 0.7331 test 0.5406
epoch 120/200 loss 0.9997 train 0.7368 test 0.5418
epoch 121/200 loss 0.9758 train 0.7426 test 0.5216
epoch 122/200 loss 0.9594 train 0.7466 test 0.5078
epoch 123/200 loss 0.9404 train 0.7506 test 0.5136
epoch 124/200 loss 0.9158 train 0.7561 test 0.5530
epoch 125/200 loss 0.8945 train 0.7619 test 0.5407
epoch 126/200 loss 0.8712 train 0.7683 test 0.5428
epoch 127/200 loss 0.8534 train 0.7730 test 0.5477
epoch 128/200 loss 0.8297 train 0.7781 test 0.5357
epoch 129/200 loss 0.8067 train 0.7851 test 0.5548
epoch 130/200 loss 0.7863 train 0.7890 test 0.5637
epoch 131/200 loss 0.7645 train 0.7947 test 0.5474
epoch 132/200 loss 0.7423 train 0.8016 test 0.5436
epoch 133/200 loss 0.7206 train 0.8059 test 0.5448
epoch 134/200 loss 0.6977 train 0.8111 test 0.5492
epoch 135/200 loss 0.6718 train 0.8188 test 0.5432
epoch 136/200 loss 0.6481 train 0.8261 test 0.5426
epoch 137/200 loss 0.6283 train 0.8311 test 0.5421
epoch 138/200 loss 0.5981 train 0.8392 test 0.5547
epoch 139/200 loss 0.5755 train 0.8454 test 0.5592
epoch 140/200 loss 0.5617 train 0.8473 test 0.5548
epoch 141/200 loss 0.5348 train 0.8564 test 0.5652
epoch 142/200 loss 0.5071 train 0.8648 test 0.5706
epoch 143/200 loss 0.4889 train 0.8695 test 0.5649
epoch 144/200 loss 0.4590 train 0.8776 test 0.5525
epoch 145/200 loss 0.4376 train 0.8841 test 0.5653
epoch 146/200 loss 0.4205 train 0.8890 test 0.5646
epoch 147/200 loss 0.3904 train 0.8990 test 0.5810
epoch 148/200 loss 0.3700 train 0.9048 test 0.5610
epoch 149/200 loss 0.3570 train 0.9084 test 0.5685
epoch 150/200 loss 0.3318 train 0.9159 test 0.5596
epoch 151/200 loss 0.3054 train 0.9239 test 0.5659
epoch 152/200 loss 0.2931 train 0.9276 test 0.5799
epoch 153/200 loss 0.2639 train 0.9370 test 0.5894
epoch 154/200 loss 0.2443 train 0.9430 test 0.5841
epoch 155/200 loss 0.2234 train 0.9495 test 0.5932
epoch 156/200 loss 0.2053 train 0.9547 test 0.5747
epoch 157/200 loss 0.1839 train 0.9613 test 0.5866
epoch 158/200 loss 0.1804 train 0.9624 test 0.5965
epoch 159/200 loss 0.1589 train 0.9682 test 0.5955
epoch 160/200 loss 0.1415 train 0.9738 test 0.6095
epoch 161/200 loss 0.1292 train 0.9778 test 0.6112
epoch 162/200 loss 0.1063 train 0.9842 test 0.6180
epoch 163/200 loss 0.0953 train 0.9865 test 0.6175
epoch 164/200 loss 0.0833 train 0.9898 test 0.6160
epoch 165/200 loss 0.0704 train 0.9927 test 0.6254
epoch 166/200 loss 0.0666 train 0.9932 test 0.6282
epoch 167/200 loss 0.0627 train 0.9941 test 0.6300
epoch 168/200 loss 0.0558 train 0.9953 test 0.6415
epoch 169/200 loss 0.0479 train 0.9969 test 0.6394
epoch 170/200 loss 0.0440 train 0.9974 test 0.6430
epoch 171/200 loss 0.0402 train 0.9979 test 0.6419
epoch 172/200 loss 0.0376 train 0.9983 test 0.6465
epoch 173/200 loss 0.0360 train 0.9985 test 0.6442
epoch 174/200 loss 0.0327 train 0.9989 test 0.6453
epoch 175/200 loss 0.0310 train 0.9990 test 0.6461
epoch 176/200 loss 0.0297 train 0.9990 test 0.6462
epoch 177/200 loss 0.0290 train 0.9993 test 0.6446
epoch 178/200 loss 0.0273 train 0.9993 test 0.6490
epoch 179/200 loss 0.0264 train 0.9995 test 0.6503
epoch 180/200 loss 0.0254 train 0.9995 test 0.6479
epoch 181/200 loss 0.0246 train 0.9994 test 0.6500
epoch 182/200 loss 0.0238 train 0.9995 test 0.6497
epoch 183/200 loss 0.0239 train 0.9996 test 0.6477
epoch 184/200 loss 0.0231 train 0.9996 test 0.6498
epoch 185/200 loss 0.0222 train 0.9996 test 0.6496
epoch 186/200 loss 0.0220 train 0.9997 test 0.6487
epoch 187/200 loss 0.0217 train 0.9996 test 0.6526
epoch 188/200 loss 0.0212 train 0.9996 test 0.6525
epoch 189/200 loss 0.0210 train 0.9997 test 0.6535
epoch 190/200 loss 0.0205 train 0.9997 test 0.6501
epoch 191/200 loss 0.0204 train 0.9998 test 0.6498
epoch 192/200 loss 0.0199 train 0.9997 test 0.6522
epoch 193/200 loss 0.0197 train 0.9997 test 0.6518
epoch 194/200 loss 0.0196 train 0.9997 test 0.6517
epoch 195/200 loss 0.0195 train 0.9998 test 0.6513
epoch 196/200 loss 0.0194 train 0.9997 test 0.6532
epoch 197/200 loss 0.0192 train 0.9997 test 0.6521
epoch 198/200 loss 0.0191 train 0.9997 test 0.6516
epoch 199/200 loss 0.0191 train 0.9997 test 0.6530
epoch 200/200 loss 0.0189 train 0.9997 test 0.6518
done: final 0.6518 best 0.6535 -> ./runs/tin_aux_100pct/seed0
FRONTIER2_DONE tin_aux_100pct_seed0
FRONTIER2_START tin_aux_100pct_seed1
moment-aux target calibrated on 1024 images
[tin_aux_100pct seed1] {"params_trainable": 11273488, "params_stem_trainable": 0, "params_stem_fixed_filters": 0, "flops_total": 2226720768, "flops_stem": 0, "flops_image_size": 64}
epoch 1/200 loss 4.5168 train 0.0878 test 0.1369
epoch 2/200 loss 3.6463 train 0.1909 test 0.1556
epoch 3/200 loss 3.2407 train 0.2601 test 0.2463
epoch 4/200 loss 2.9641 train 0.3119 test 0.3012
epoch 5/200 loss 2.7684 train 0.3510 test 0.2937
epoch 6/200 loss 2.6347 train 0.3797 test 0.3110
epoch 7/200 loss 2.5237 train 0.4008 test 0.3281
epoch 8/200 loss 2.4515 train 0.4160 test 0.3245
epoch 9/200 loss 2.3816 train 0.4309 test 0.3553
epoch 10/200 loss 2.3256 train 0.4423 test 0.3905
epoch 11/200 loss 2.2820 train 0.4511 test 0.3675
epoch 12/200 loss 2.2486 train 0.4597 test 0.3364
epoch 13/200 loss 2.2162 train 0.4659 test 0.3719
epoch 14/200 loss 2.1871 train 0.4710 test 0.3793
epoch 15/200 loss 2.1614 train 0.4786 test 0.3673
epoch 16/200 loss 2.1360 train 0.4835 test 0.3742
epoch 17/200 loss 2.1176 train 0.4864 test 0.3824
epoch 18/200 loss 2.1098 train 0.4896 test 0.3941
epoch 19/200 loss 2.0827 train 0.4949 test 0.4008
epoch 20/200 loss 2.0713 train 0.4970 test 0.3878
epoch 21/200 loss 2.0562 train 0.5010 test 0.3869
epoch 22/200 loss 2.0434 train 0.5026 test 0.3742
epoch 23/200 loss 2.0296 train 0.5068 test 0.3621
epoch 24/200 loss 2.0202 train 0.5090 test 0.4058
epoch 25/200 loss 2.0109 train 0.5094 test 0.4138
epoch 26/200 loss 1.9966 train 0.5132 test 0.3974
epoch 27/200 loss 1.9865 train 0.5162 test 0.4229
epoch 28/200 loss 1.9874 train 0.5154 test 0.4147
epoch 29/200 loss 1.9661 train 0.5213 test 0.4113
epoch 30/200 loss 1.9658 train 0.5205 test 0.3602
epoch 31/200 loss 1.9586 train 0.5213 test 0.4056
epoch 32/200 loss 1.9456 train 0.5247 test 0.4201
epoch 33/200 loss 1.9379 train 0.5269 test 0.4171
epoch 34/200 loss 1.9250 train 0.5291 test 0.4308
epoch 35/200 loss 1.9232 train 0.5288 test 0.4419
epoch 36/200 loss 1.9154 train 0.5304 test 0.4254
epoch 37/200 loss 1.9150 train 0.5310 test 0.4394
epoch 38/200 loss 1.9012 train 0.5353 test 0.4251
epoch 39/200 loss 1.8978 train 0.5345 test 0.4374
epoch 40/200 loss 1.8860 train 0.5378 test 0.4440
epoch 41/200 loss 1.8854 train 0.5397 test 0.4126
epoch 42/200 loss 1.8742 train 0.5412 test 0.4243
epoch 43/200 loss 1.8668 train 0.5422 test 0.4584
epoch 44/200 loss 1.8598 train 0.5446 test 0.4066
epoch 45/200 loss 1.8538 train 0.5447 test 0.4370
epoch 46/200 loss 1.8491 train 0.5456 test 0.3850
epoch 47/200 loss 1.8310 train 0.5500 test 0.4276
epoch 48/200 loss 1.8357 train 0.5497 test 0.4404
epoch 49/200 loss 1.8286 train 0.5512 test 0.4535
epoch 50/200 loss 1.8201 train 0.5523 test 0.4136
epoch 51/200 loss 1.8121 train 0.5549 test 0.4360
epoch 52/200 loss 1.8052 train 0.5569 test 0.4529
epoch 53/200 loss 1.7960 train 0.5564 test 0.4507
epoch 54/200 loss 1.7919 train 0.5570 test 0.4268
epoch 55/200 loss 1.7892 train 0.5581 test 0.4273
epoch 56/200 loss 1.7811 train 0.5597 test 0.4371
epoch 57/200 loss 1.7684 train 0.5629 test 0.4253
epoch 58/200 loss 1.7617 train 0.5662 test 0.4352
epoch 59/200 loss 1.7524 train 0.5661 test 0.4340
epoch 60/200 loss 1.7531 train 0.5670 test 0.4551
epoch 61/200 loss 1.7308 train 0.5713 test 0.3952
epoch 62/200 loss 1.7292 train 0.5729 test 0.4511
epoch 63/200 loss 1.7179 train 0.5730 test 0.4438
epoch 64/200 loss 1.7150 train 0.5748 test 0.4591
epoch 65/200 loss 1.7034 train 0.5776 test 0.4789
epoch 66/200 loss 1.6920 train 0.5813 test 0.4587
epoch 67/200 loss 1.6857 train 0.5809 test 0.4410
epoch 68/200 loss 1.6769 train 0.5850 test 0.4398
epoch 69/200 loss 1.6771 train 0.5830 test 0.4555
epoch 70/200 loss 1.6616 train 0.5866 test 0.4519
epoch 71/200 loss 1.6587 train 0.5871 test 0.4311
epoch 72/200 loss 1.6426 train 0.5908 test 0.4681
epoch 73/200 loss 1.6362 train 0.5929 test 0.4448
epoch 74/200 loss 1.6264 train 0.5933 test 0.4383
epoch 75/200 loss 1.6182 train 0.5977 test 0.4646
epoch 76/200 loss 1.6052 train 0.5996 test 0.4353
epoch 77/200 loss 1.5942 train 0.6008 test 0.4747
epoch 78/200 loss 1.5884 train 0.6025 test 0.4700
epoch 79/200 loss 1.5845 train 0.6030 test 0.4984
epoch 80/200 loss 1.5670 train 0.6065 test 0.5001
epoch 81/200 loss 1.5531 train 0.6100 test 0.4728
epoch 82/200 loss 1.5548 train 0.6101 test 0.4675
epoch 83/200 loss 1.5385 train 0.6139 test 0.4956
epoch 84/200 loss 1.5252 train 0.6164 test 0.4637
epoch 85/200 loss 1.5103 train 0.6217 test 0.4935
epoch 86/200 loss 1.5066 train 0.6201 test 0.5032
epoch 87/200 loss 1.4860 train 0.6258 test 0.5119
epoch 88/200 loss 1.4915 train 0.6230 test 0.4844
epoch 89/200 loss 1.4657 train 0.6284 test 0.4679
epoch 90/200 loss 1.4580 train 0.6315 test 0.5032
epoch 91/200 loss 1.4473 train 0.6322 test 0.4827
epoch 92/200 loss 1.4304 train 0.6363 test 0.4957
epoch 93/200 loss 1.4149 train 0.6403 test 0.5154
epoch 94/200 loss 1.4125 train 0.6422 test 0.4869
epoch 95/200 loss 1.3906 train 0.6463 test 0.4962
epoch 96/200 loss 1.3819 train 0.6483 test 0.4994
epoch 97/200 loss 1.3635 train 0.6518 test 0.4934
epoch 98/200 loss 1.3534 train 0.6538 test 0.4762
epoch 99/200 loss 1.3422 train 0.6578 test 0.5020
epoch 100/200 loss 1.3272 train 0.6605 test 0.4965
epoch 101/200 loss 1.3101 train 0.6655 test 0.4779
epoch 102/200 loss 1.3036 train 0.6656 test 0.4787
epoch 103/200 loss 1.2879 train 0.6710 test 0.4925
epoch 104/200 loss 1.2698 train 0.6734 test 0.4938
epoch 105/200 loss 1.2589 train 0.6759 test 0.5140
epoch 106/200 loss 1.2403 train 0.6807 test 0.5122
epoch 107/200 loss 1.2228 train 0.6849 test 0.4839
epoch 108/200 loss 1.2136 train 0.6874 test 0.5088
epoch 109/200 loss 1.1916 train 0.6922 test 0.5166
epoch 110/200 loss 1.1730 train 0.6970 test 0.5410
epoch 111/200 loss 1.1606 train 0.6972 test 0.5145
epoch 112/200 loss 1.1404 train 0.7025 test 0.5175
epoch 113/200 loss 1.1214 train 0.7079 test 0.5130
epoch 114/200 loss 1.1117 train 0.7096 test 0.5078
epoch 115/200 loss 1.0880 train 0.7159 test 0.5287
epoch 116/200 loss 1.0736 train 0.7192 test 0.4922
epoch 117/200 loss 1.0479 train 0.7258 test 0.5071
epoch 118/200 loss 1.0318 train 0.7287 test 0.5319
epoch 119/200 loss 1.0043 train 0.7358 test 0.5366
epoch 120/200 loss 0.9955 train 0.7380 test 0.5355
epoch 121/200 loss 0.9667 train 0.7458 test 0.5432
epoch 122/200 loss 0.9586 train 0.7455 test 0.5468
epoch 123/200 loss 0.9327 train 0.7529 test 0.5450
epoch 124/200 loss 0.9203 train 0.7556 test 0.5104
epoch 125/200 loss 0.8986 train 0.7605 test 0.5540
epoch 126/200 loss 0.8738 train 0.7676 test 0.5522
epoch 127/200 loss 0.8467 train 0.7747 test 0.5436
epoch 128/200 loss 0.8354 train 0.7766 test 0.5416
epoch 129/200 loss 0.8063 train 0.7839 test 0.5227
epoch 130/200 loss 0.7880 train 0.7886 test 0.5436
epoch 131/200 loss 0.7664 train 0.7936 test 0.5413
epoch 132/200 loss 0.7414 train 0.8015 test 0.5649
epoch 133/200 loss 0.7175 train 0.8071 test 0.5455
epoch 134/200 loss 0.6966 train 0.8134 test 0.5459
epoch 135/200 loss 0.6725 train 0.8178 test 0.5627
epoch 136/200 loss 0.6499 train 0.8254 test 0.5592
epoch 137/200 loss 0.6195 train 0.8319 test 0.5442
epoch 138/200 loss 0.6087 train 0.8352 test 0.5576
epoch 139/200 loss 0.5829 train 0.8437 test 0.5583
epoch 140/200 loss 0.5570 train 0.8514 test 0.5630
epoch 141/200 loss 0.5355 train 0.8570 test 0.5788
epoch 142/200 loss 0.5130 train 0.8625 test 0.5577
epoch 143/200 loss 0.4849 train 0.8708 test 0.5570
epoch 144/200 loss 0.4660 train 0.8765 test 0.5493
epoch 145/200 loss 0.4417 train 0.8841 test 0.5633
epoch 146/200 loss 0.4114 train 0.8922 test 0.5757
epoch 147/200 loss 0.3992 train 0.8963 test 0.5771
epoch 148/200 loss 0.3703 train 0.9051 test 0.5746
epoch 149/200 loss 0.3527 train 0.9097 test 0.5811
epoch 150/200 loss 0.3242 train 0.9185 test 0.5738
epoch 151/200 loss 0.3158 train 0.9205 test 0.5736
epoch 152/200 loss 0.2862 train 0.9307 test 0.5755
epoch 153/200 loss 0.2655 train 0.9372 test 0.5856
epoch 154/200 loss 0.2472 train 0.9422 test 0.5886
epoch 155/200 loss 0.2276 train 0.9483 test 0.5877
epoch 156/200 loss 0.2145 train 0.9524 test 0.5987
epoch 157/200 loss 0.1890 train 0.9603 test 0.5952
epoch 158/200 loss 0.1652 train 0.9675 test 0.6000
epoch 159/200 loss 0.1575 train 0.9693 test 0.6061
epoch 160/200 loss 0.1429 train 0.9729 test 0.6066
epoch 161/200 loss 0.1206 train 0.9800 test 0.6068
epoch 162/200 loss 0.1075 train 0.9836 test 0.6082
epoch 163/200 loss 0.0934 train 0.9871 test 0.6176
epoch 164/200 loss 0.0849 train 0.9888 test 0.6215
epoch 165/200 loss 0.0738 train 0.9917 test 0.6226
epoch 166/200 loss 0.0660 train 0.9936 test 0.6376
epoch 167/200 loss 0.0608 train 0.9944 test 0.6304
epoch 168/200 loss 0.0531 train 0.9959 test 0.6371
epoch 169/200 loss 0.0464 train 0.9971 test 0.6407
epoch 170/200 loss 0.0418 train 0.9979 test 0.6442
epoch 171/200 loss 0.0401 train 0.9980 test 0.6457
epoch 172/200 loss 0.0371 train 0.9982 test 0.6422
epoch 173/200 loss 0.0346 train 0.9987 test 0.6448
epoch 174/200 loss 0.0325 train 0.9988 test 0.6451
epoch 175/200 loss 0.0314 train 0.9989 test 0.6506
epoch 176/200 loss 0.0289 train 0.9993 test 0.6495
epoch 177/200 loss 0.0287 train 0.9993 test 0.6482
epoch 178/200 loss 0.0274 train 0.9994 test 0.6537
epoch 179/200 loss 0.0267 train 0.9994 test 0.6525
epoch 180/200 loss 0.0256 train 0.9995 test 0.6491
epoch 181/200 loss 0.0248 train 0.9995 test 0.6542
epoch 182/200 loss 0.0240 train 0.9996 test 0.6509
epoch 183/200 loss 0.0238 train 0.9994 test 0.6552
epoch 184/200 loss 0.0225 train 0.9996 test 0.6554
epoch 185/200 loss 0.0226 train 0.9997 test 0.6550
epoch 186/200 loss 0.0219 train 0.9996 test 0.6572
epoch 187/200 loss 0.0215 train 0.9997 test 0.6538
epoch 188/200 loss 0.0214 train 0.9996 test 0.6545
epoch 189/200 loss 0.0211 train 0.9997 test 0.6568
epoch 190/200 loss 0.0208 train 0.9997 test 0.6561
epoch 191/200 loss 0.0206 train 0.9996 test 0.6532
epoch 192/200 loss 0.0200 train 0.9997 test 0.6570
epoch 193/200 loss 0.0198 train 0.9997 test 0.6536
epoch 194/200 loss 0.0197 train 0.9997 test 0.6554
epoch 195/200 loss 0.0198 train 0.9997 test 0.6572
epoch 196/200 loss 0.0195 train 0.9997 test 0.6556
epoch 197/200 loss 0.0192 train 0.9998 test 0.6558
epoch 198/200 loss 0.0193 train 0.9997 test 0.6554
epoch 199/200 loss 0.0193 train 0.9998 test 0.6547
epoch 200/200 loss 0.0191 train 0.9997 test 0.6573
done: final 0.6573 best 0.6573 -> ./runs/tin_aux_100pct/seed1
FRONTIER2_DONE tin_aux_100pct_seed1
FRONTIER2_START tin_aux_100pct_seed2
moment-aux target calibrated on 1024 images
[tin_aux_100pct seed2] {"params_trainable": 11273488, "params_stem_trainable": 0, "params_stem_fixed_filters": 0, "flops_total": 2226720768, "flops_stem": 0, "flops_image_size": 64}
epoch 1/200 loss 4.5190 train 0.0906 test 0.1152
epoch 2/200 loss 3.6535 train 0.1911 test 0.2036
epoch 3/200 loss 3.2404 train 0.2605 test 0.2430
epoch 4/200 loss 2.9572 train 0.3147 test 0.2584
epoch 5/200 loss 2.7649 train 0.3519 test 0.3193
epoch 6/200 loss 2.6304 train 0.3796 test 0.3125
epoch 7/200 loss 2.5292 train 0.3997 test 0.2771
epoch 8/200 loss 2.4406 train 0.4177 test 0.3371
epoch 9/200 loss 2.3812 train 0.4317 test 0.3908
epoch 10/200 loss 2.3287 train 0.4423 test 0.3611
epoch 11/200 loss 2.2879 train 0.4512 test 0.3263
epoch 12/200 loss 2.2513 train 0.4596 test 0.3570
epoch 13/200 loss 2.2173 train 0.4663 test 0.3717
epoch 14/200 loss 2.1885 train 0.4722 test 0.3788
epoch 15/200 loss 2.1689 train 0.4772 test 0.3952
epoch 16/200 loss 2.1422 train 0.4820 test 0.4004
epoch 17/200 loss 2.1178 train 0.4888 test 0.3587
epoch 18/200 loss 2.1085 train 0.4913 test 0.3848
epoch 19/200 loss 2.0937 train 0.4937 test 0.3756
epoch 20/200 loss 2.0752 train 0.4992 test 0.3717
epoch 21/200 loss 2.0660 train 0.4994 test 0.4229
epoch 22/200 loss 2.0534 train 0.5024 test 0.4032
epoch 23/200 loss 2.0342 train 0.5064 test 0.3738
epoch 24/200 loss 2.0226 train 0.5087 test 0.3633
epoch 25/200 loss 2.0119 train 0.5095 test 0.4234
epoch 26/200 loss 1.9983 train 0.5133 test 0.4063
epoch 27/200 loss 1.9972 train 0.5129 test 0.4088
epoch 28/200 loss 1.9819 train 0.5183 test 0.3918
epoch 29/200 loss 1.9799 train 0.5177 test 0.3934
epoch 30/200 loss 1.9698 train 0.5204 test 0.4078
epoch 31/200 loss 1.9591 train 0.5228 test 0.3593
epoch 32/200 loss 1.9584 train 0.5231 test 0.4399
epoch 33/200 loss 1.9461 train 0.5247 test 0.3931
epoch 34/200 loss 1.9328 train 0.5264 test 0.3866
epoch 35/200 loss 1.9266 train 0.5290 test 0.3892
epoch 36/200 loss 1.9248 train 0.5301 test 0.3906
epoch 37/200 loss 1.9125 train 0.5333 test 0.4373
epoch 38/200 loss 1.9065 train 0.5333 test 0.4321
epoch 39/200 loss 1.8993 train 0.5355 test 0.3800
epoch 40/200 loss 1.8908 train 0.5367 test 0.4491
epoch 41/200 loss 1.8832 train 0.5405 test 0.4314
epoch 42/200 loss 1.8798 train 0.5405 test 0.4147
epoch 43/200 loss 1.8714 train 0.5419 test 0.4276
epoch 44/200 loss 1.8658 train 0.5418 test 0.4160
epoch 45/200 loss 1.8593 train 0.5441 test 0.3837
epoch 46/200 loss 1.8508 train 0.5461 test 0.4286
epoch 47/200 loss 1.8406 train 0.5483 test 0.4277
epoch 48/200 loss 1.8369 train 0.5485 test 0.4501
epoch 49/200 loss 1.8338 train 0.5503 test 0.4199
epoch 50/200 loss 1.8258 train 0.5504 test 0.4347
epoch 51/200 loss 1.8200 train 0.5516 test 0.4198
epoch 52/200 loss 1.8079 train 0.5549 test 0.4364
epoch 53/200 loss 1.7999 train 0.5556 test 0.4594
epoch 54/200 loss 1.7925 train 0.5577 test 0.3978
epoch 55/200 loss 1.7913 train 0.5583 test 0.4661
epoch 56/200 loss 1.7816 train 0.5607 test 0.4087
epoch 57/200 loss 1.7687 train 0.5629 test 0.4183
epoch 58/200 loss 1.7656 train 0.5658 test 0.4477
epoch 59/200 loss 1.7527 train 0.5659 test 0.4370
epoch 60/200 loss 1.7431 train 0.5690 test 0.4174
epoch 61/200 loss 1.7414 train 0.5691 test 0.4664
epoch 62/200 loss 1.7390 train 0.5703 test 0.4617
epoch 63/200 loss 1.7267 train 0.5730 test 0.4326
epoch 64/200 loss 1.7176 train 0.5735 test 0.4554
epoch 65/200 loss 1.7057 train 0.5770 test 0.4471
epoch 66/200 loss 1.7026 train 0.5768 test 0.4540
epoch 67/200 loss 1.6984 train 0.5793 test 0.4637
epoch 68/200 loss 1.6812 train 0.5825 test 0.4599
epoch 69/200 loss 1.6722 train 0.5853 test 0.4911
epoch 70/200 loss 1.6685 train 0.5840 test 0.4572
epoch 71/200 loss 1.6579 train 0.5871 test 0.4717
epoch 72/200 loss 1.6453 train 0.5901 test 0.4655
epoch 73/200 loss 1.6372 train 0.5924 test 0.4579
epoch 74/200 loss 1.6334 train 0.5923 test 0.4722
epoch 75/200 loss 1.6188 train 0.5962 test 0.4667
epoch 76/200 loss 1.6112 train 0.5986 test 0.4718
epoch 77/200 loss 1.5988 train 0.6012 test 0.4766
epoch 78/200 loss 1.5857 train 0.6022 test 0.4779
epoch 79/200 loss 1.5840 train 0.6029 test 0.4767
epoch 80/200 loss 1.5767 train 0.6054 test 0.4644
epoch 81/200 loss 1.5569 train 0.6093 test 0.4615
epoch 82/200 loss 1.5506 train 0.6120 test 0.4757
epoch 83/200 loss 1.5404 train 0.6132 test 0.4828
epoch 84/200 loss 1.5289 train 0.6147 test 0.5043
epoch 85/200 loss 1.5162 train 0.6192 test 0.4932
epoch 86/200 loss 1.5135 train 0.6217 test 0.4691
epoch 87/200 loss 1.4948 train 0.6249 test 0.4892
epoch 88/200 loss 1.4786 train 0.6290 test 0.4841
epoch 89/200 loss 1.4686 train 0.6290 test 0.4874
epoch 90/200 loss 1.4591 train 0.6312 test 0.4680
epoch 91/200 loss 1.4522 train 0.6321 test 0.4886
epoch 92/200 loss 1.4356 train 0.6344 test 0.4862
epoch 93/200 loss 1.4168 train 0.6412 test 0.4687
epoch 94/200 loss 1.4143 train 0.6413 test 0.5132
epoch 95/200 loss 1.3964 train 0.6472 test 0.5062
epoch 96/200 loss 1.3853 train 0.6475 test 0.4989
epoch 97/200 loss 1.3716 train 0.6500 test 0.4742
epoch 98/200 loss 1.3575 train 0.6548 test 0.4717
epoch 99/200 loss 1.3425 train 0.6570 test 0.5164
epoch 100/200 loss 1.3230 train 0.6629 test 0.4883
epoch 101/200 loss 1.3173 train 0.6641 test 0.4830
epoch 102/200 loss 1.3003 train 0.6662 test 0.5030
epoch 103/200 loss 1.2826 train 0.6722 test 0.5099
epoch 104/200 loss 1.2729 train 0.6738 test 0.5243
epoch 105/200 loss 1.2536 train 0.6787 test 0.5218
epoch 106/200 loss 1.2383 train 0.6813 test 0.5078
epoch 107/200 loss 1.2181 train 0.6853 test 0.5222
epoch 108/200 loss 1.2121 train 0.6855 test 0.5067
epoch 109/200 loss 1.1928 train 0.6929 test 0.4873
epoch 110/200 loss 1.1715 train 0.6961 test 0.5448
epoch 111/200 loss 1.1580 train 0.6999 test 0.5154
epoch 112/200 loss 1.1434 train 0.7014 test 0.5099
epoch 113/200 loss 1.1311 train 0.7054 test 0.5154
epoch 114/200 loss 1.1005 train 0.7146 test 0.5229
epoch 115/200 loss 1.0862 train 0.7161 test 0.5347
epoch 116/200 loss 1.0647 train 0.7218 test 0.5288
epoch 117/200 loss 1.0547 train 0.7241 test 0.5235
epoch 118/200 loss 1.0309 train 0.7291 test 0.5188
epoch 119/200 loss 1.0175 train 0.7316 test 0.5286
epoch 120/200 loss 0.9961 train 0.7383 test 0.5134
epoch 121/200 loss 0.9736 train 0.7438 test 0.5341
epoch 122/200 loss 0.9534 train 0.7476 test 0.5185
epoch 123/200 loss 0.9374 train 0.7514 test 0.5096
epoch 124/200 loss 0.9061 train 0.7604 test 0.5397
epoch 125/200 loss 0.8979 train 0.7620 test 0.5388
epoch 126/200 loss 0.8661 train 0.7696 test 0.5448
epoch 127/200 loss 0.8509 train 0.7723 test 0.5565
epoch 128/200 loss 0.8315 train 0.7782 test 0.5364
epoch 129/200 loss 0.8031 train 0.7859 test 0.5485
epoch 130/200 loss 0.7807 train 0.7920 test 0.5461
epoch 131/200 loss 0.7737 train 0.7930 test 0.5567
epoch 132/200 loss 0.7436 train 0.8004 test 0.5586
epoch 133/200 loss 0.7144 train 0.8091 test 0.5494
epoch 134/200 loss 0.6902 train 0.8128 test 0.5622
epoch 135/200 loss 0.6687 train 0.8203 test 0.5511
epoch 136/200 loss 0.6463 train 0.8272 test 0.5612
epoch 137/200 loss 0.6287 train 0.8312 test 0.5659
epoch 138/200 loss 0.6015 train 0.8379 test 0.5565
epoch 139/200 loss 0.5804 train 0.8435 test 0.5633
epoch 140/200 loss 0.5541 train 0.8522 test 0.5481
epoch 141/200 loss 0.5351 train 0.8561 test 0.5659
epoch 142/200 loss 0.5041 train 0.8653 test 0.5572
epoch 143/200 loss 0.4796 train 0.8737 test 0.5543
epoch 144/200 loss 0.4653 train 0.8770 test 0.5544
epoch 145/200 loss 0.4296 train 0.8867 test 0.5768
epoch 146/200 loss 0.4052 train 0.8954 test 0.5596
epoch 147/200 loss 0.3883 train 0.8997 test 0.5863
epoch 148/200 loss 0.3689 train 0.9051 test 0.5782
epoch 149/200 loss 0.3528 train 0.9098 test 0.5707
epoch 150/200 loss 0.3303 train 0.9173 test 0.5754
epoch 151/200 loss 0.3058 train 0.9249 test 0.5905
epoch 152/200 loss 0.2851 train 0.9307 test 0.5782
epoch 153/200 loss 0.2618 train 0.9378 test 0.5761
epoch 154/200 loss 0.2505 train 0.9406 test 0.5953
epoch 155/200 loss 0.2223 train 0.9500 test 0.5877
epoch 156/200 loss 0.2059 train 0.9546 test 0.5834
epoch 157/200 loss 0.1906 train 0.9596 test 0.6011
epoch 158/200 loss 0.1640 train 0.9677 test 0.5973
epoch 159/200 loss 0.1572 train 0.9700 test 0.5872
epoch 160/200 loss 0.1390 train 0.9746 test 0.6101
epoch 161/200 loss 0.1212 train 0.9803 test 0.6115
epoch 162/200 loss 0.1052 train 0.9839 test 0.6162
epoch 163/200 loss 0.0988 train 0.9860 test 0.6178
epoch 164/200 loss 0.0875 train 0.9885 test 0.6216
epoch 165/200 loss 0.0795 train 0.9905 test 0.6313
epoch 166/200 loss 0.0652 train 0.9935 test 0.6310
epoch 167/200 loss 0.0580 train 0.9951 test 0.6411
epoch 168/200 loss 0.0514 train 0.9962 test 0.6436
epoch 169/200 loss 0.0484 train 0.9966 test 0.6471
epoch 170/200 loss 0.0425 train 0.9978 test 0.6482
epoch 171/200 loss 0.0383 train 0.9982 test 0.6465
epoch 172/200 loss 0.0373 train 0.9983 test 0.6497
epoch 173/200 loss 0.0351 train 0.9985 test 0.6530
epoch 174/200 loss 0.0329 train 0.9988 test 0.6527
epoch 175/200 loss 0.0311 train 0.9992 test 0.6523
epoch 176/200 loss 0.0300 train 0.9991 test 0.6538
epoch 177/200 loss 0.0278 train 0.9993 test 0.6603
epoch 178/200 loss 0.0270 train 0.9995 test 0.6565
epoch 179/200 loss 0.0262 train 0.9995 test 0.6591
epoch 180/200 loss 0.0253 train 0.9995 test 0.6592
epoch 181/200 loss 0.0245 train 0.9994 test 0.6588
epoch 182/200 loss 0.0243 train 0.9994 test 0.6604
epoch 183/200 loss 0.0234 train 0.9996 test 0.6603
epoch 184/200 loss 0.0230 train 0.9996 test 0.6598
epoch 185/200 loss 0.0224 train 0.9996 test 0.6600
epoch 186/200 loss 0.0222 train 0.9996 test 0.6595
epoch 187/200 loss 0.0216 train 0.9996 test 0.6601
epoch 188/200 loss 0.0215 train 0.9997 test 0.6604
epoch 189/200 loss 0.0208 train 0.9997 test 0.6597
epoch 190/200 loss 0.0209 train 0.9996 test 0.6642
epoch 191/200 loss 0.0206 train 0.9997 test 0.6617
epoch 192/200 loss 0.0201 train 0.9997 test 0.6615
epoch 193/200 loss 0.0199 train 0.9997 test 0.6634
epoch 194/200 loss 0.0197 train 0.9997 test 0.6614
epoch 195/200 loss 0.0198 train 0.9997 test 0.6609
epoch 196/200 loss 0.0195 train 0.9998 test 0.6630
epoch 197/200 loss 0.0191 train 0.9998 test 0.6615
epoch 198/200 loss 0.0191 train 0.9997 test 0.6638
epoch 199/200 loss 0.0193 train 0.9998 test 0.6615
epoch 200/200 loss 0.0191 train 0.9997 test 0.6633
done: final 0.6633 best 0.6642 -> ./runs/tin_aux_100pct/seed2
FRONTIER2_DONE tin_aux_100pct_seed2
FRONTIER2_CELL_DONE tin_aux_100pct
FRONTIER2_COMPLETE
