staging tin -> /dev/shm/genssl_local
=== pretrain tin 2pct seed 0 ===
pretrain optimizer: sgd lr=0.3
pretrain epoch 1/200 loss 5.0470
pretrain epoch 10/200 loss 4.3827
pretrain epoch 20/200 loss 3.5617
pretrain epoch 30/200 loss 3.2380
pretrain epoch 40/200 loss 3.0471
pretrain epoch 50/200 loss 2.8822
pretrain epoch 60/200 loss 2.7189
pretrain epoch 70/200 loss 2.5989
pretrain epoch 80/200 loss 2.5367
pretrain epoch 90/200 loss 2.4373
pretrain epoch 100/200 loss 2.3370
pretrain epoch 110/200 loss 2.2807
pretrain epoch 120/200 loss 2.1976
pretrain epoch 130/200 loss 2.1547
pretrain epoch 140/200 loss 2.0979
pretrain epoch 150/200 loss 2.0528
pretrain epoch 160/200 loss 2.0129
pretrain epoch 170/200 loss 2.0026
pretrain epoch 180/200 loss 1.9866
pretrain epoch 190/200 loss 1.9509
pretrain epoch 200/200 loss 1.9619
saved 120 tensors (3000 steps) -> runs/simclr_pre_tin_2pct/seed0/pretrain.pt
=== diagssl_tin_simclr_2pct seed 0 ===
init_from runs/simclr_pre_tin_2pct/seed0/pretrain.pt: 120 tensors, 2 left at fresh init
[diagssl_tin_simclr_2pct seed0] {"params_trainable": 11271432, "params_stem_trainable": 0, "params_stem_fixed_filters": 0, "flops_total": 2226720768, "flops_stem": 0, "flops_image_size": 64}
epoch 1/200 loss 5.2932 train 0.0068 test 0.0268
epoch 2/200 loss 5.1652 train 0.0312 test 0.0279
epoch 3/200 loss 4.9630 train 0.0604 test 0.0388
epoch 4/200 loss 4.6813 train 0.0823 test 0.0525
epoch 5/200 loss 4.3656 train 0.1031 test 0.0702
epoch 6/200 loss 4.0468 train 0.1297 test 0.0785
epoch 7/200 loss 3.7923 train 0.1474 test 0.0804
epoch 8/200 loss 3.5397 train 0.1885 test 0.0946
epoch 9/200 loss 3.3242 train 0.2161 test 0.0801
epoch 10/200 loss 3.1971 train 0.2401 test 0.0757
epoch 11/200 loss 3.0224 train 0.2599 test 0.0840
epoch 12/200 loss 2.8712 train 0.2948 test 0.1020
epoch 13/200 loss 2.7859 train 0.2969 test 0.0572
epoch 14/200 loss 2.6152 train 0.3318 test 0.0909
epoch 15/200 loss 2.4866 train 0.3651 test 0.0963
epoch 16/200 loss 2.3834 train 0.3745 test 0.1014
epoch 17/200 loss 2.2190 train 0.4297 test 0.0952
epoch 18/200 loss 2.0422 train 0.4578 test 0.0973
epoch 19/200 loss 1.9203 train 0.4932 test 0.0907
epoch 20/200 loss 1.8079 train 0.5312 test 0.0880
epoch 21/200 loss 1.6908 train 0.5479 test 0.0821
epoch 22/200 loss 1.6884 train 0.5266 test 0.0812
epoch 23/200 loss 1.4595 train 0.6115 test 0.0827
epoch 24/200 loss 1.3464 train 0.6276 test 0.0986
epoch 25/200 loss 1.2444 train 0.6615 test 0.0892
epoch 26/200 loss 1.1171 train 0.7000 test 0.1004
epoch 27/200 loss 1.0903 train 0.6885 test 0.0901
epoch 28/200 loss 0.9822 train 0.7260 test 0.0790
epoch 29/200 loss 0.8235 train 0.7969 test 0.1086
epoch 30/200 loss 0.7504 train 0.8052 test 0.0980
epoch 31/200 loss 0.7072 train 0.8125 test 0.1078
epoch 32/200 loss 0.5705 train 0.8568 test 0.0982
epoch 33/200 loss 0.4478 train 0.8948 test 0.1084
epoch 34/200 loss 0.4072 train 0.9151 test 0.1068
epoch 35/200 loss 0.3145 train 0.9380 test 0.1094
epoch 36/200 loss 0.2704 train 0.9495 test 0.1140
epoch 37/200 loss 0.2297 train 0.9656 test 0.1070
epoch 38/200 loss 0.1857 train 0.9755 test 0.1027
epoch 39/200 loss 0.1686 train 0.9760 test 0.1287
epoch 40/200 loss 0.1646 train 0.9729 test 0.1090
epoch 41/200 loss 0.1359 train 0.9833 test 0.1177
epoch 42/200 loss 0.1105 train 0.9849 test 0.1192
epoch 43/200 loss 0.0928 train 0.9917 test 0.1207
epoch 44/200 loss 0.0638 train 0.9969 test 0.1335
epoch 45/200 loss 0.0455 train 1.0000 test 0.1342
epoch 46/200 loss 0.0397 train 0.9990 test 0.1330
epoch 47/200 loss 0.0299 train 1.0000 test 0.1352
epoch 48/200 loss 0.0254 train 1.0000 test 0.1391
epoch 49/200 loss 0.0214 train 1.0000 test 0.1401
epoch 50/200 loss 0.0187 train 1.0000 test 0.1435
epoch 51/200 loss 0.0193 train 0.9995 test 0.1420
epoch 52/200 loss 0.0179 train 1.0000 test 0.1413
epoch 53/200 loss 0.0181 train 1.0000 test 0.1445
epoch 54/200 loss 0.0171 train 0.9995 test 0.1391
epoch 55/200 loss 0.0172 train 0.9995 test 0.1437
epoch 56/200 loss 0.0172 train 1.0000 test 0.1443
epoch 57/200 loss 0.0169 train 1.0000 test 0.1445
epoch 58/200 loss 0.0156 train 1.0000 test 0.1419
epoch 59/200 loss 0.0164 train 1.0000 test 0.1444
epoch 60/200 loss 0.0158 train 1.0000 test 0.1430
epoch 61/200 loss 0.0156 train 1.0000 test 0.1425
epoch 62/200 loss 0.0162 train 1.0000 test 0.1413
epoch 63/200 loss 0.0163 train 1.0000 test 0.1455
epoch 64/200 loss 0.0160 train 1.0000 test 0.1447
epoch 65/200 loss 0.0159 train 1.0000 test 0.1456
epoch 66/200 loss 0.0164 train 1.0000 test 0.1453
epoch 67/200 loss 0.0152 train 1.0000 test 0.1477
epoch 68/200 loss 0.0158 train 1.0000 test 0.1450
epoch 69/200 loss 0.0160 train 1.0000 test 0.1453
epoch 70/200 loss 0.0164 train 1.0000 test 0.1438
epoch 71/200 loss 0.0156 train 1.0000 test 0.1446
epoch 72/200 loss 0.0171 train 1.0000 test 0.1444
epoch 73/200 loss 0.0154 train 1.0000 test 0.1467
epoch 74/200 loss 0.0156 train 1.0000 test 0.1458
epoch 75/200 loss 0.0161 train 1.0000 test 0.1483
epoch 76/200 loss 0.0163 train 1.0000 test 0.1459
epoch 77/200 loss 0.0166 train 1.0000 test 0.1465
epoch 78/200 loss 0.0161 train 1.0000 test 0.1447
epoch 79/200 loss 0.0159 train 1.0000 test 0.1456
epoch 80/200 loss 0.0156 train 1.0000 test 0.1465
epoch 81/200 loss 0.0176 train 1.0000 test 0.1456
epoch 82/200 loss 0.0162 train 1.0000 test 0.1469
epoch 83/200 loss 0.0162 train 1.0000 test 0.1455
epoch 84/200 loss 0.0160 train 1.0000 test 0.1472
epoch 85/200 loss 0.0155 train 1.0000 test 0.1481
epoch 86/200 loss 0.0160 train 1.0000 test 0.1467
epoch 87/200 loss 0.0169 train 1.0000 test 0.1458
epoch 88/200 loss 0.0165 train 1.0000 test 0.1462
epoch 89/200 loss 0.0155 train 1.0000 test 0.1481
epoch 90/200 loss 0.0168 train 1.0000 test 0.1453
epoch 91/200 loss 0.0158 train 1.0000 test 0.1475
epoch 92/200 loss 0.0168 train 1.0000 test 0.1463
epoch 93/200 loss 0.0156 train 1.0000 test 0.1478
epoch 94/200 loss 0.0165 train 1.0000 test 0.1478
epoch 95/200 loss 0.0155 train 1.0000 test 0.1466
epoch 96/200 loss 0.0164 train 1.0000 test 0.1476
epoch 97/200 loss 0.0149 train 1.0000 test 0.1482
epoch 98/200 loss 0.0151 train 1.0000 test 0.1491
epoch 99/200 loss 0.0155 train 1.0000 test 0.1492
epoch 100/200 loss 0.0164 train 1.0000 test 0.1484
epoch 101/200 loss 0.0154 train 1.0000 test 0.1476
epoch 102/200 loss 0.0162 train 1.0000 test 0.1477
epoch 103/200 loss 0.0151 train 1.0000 test 0.1471
epoch 104/200 loss 0.0154 train 1.0000 test 0.1483
epoch 105/200 loss 0.0153 train 1.0000 test 0.1480
epoch 106/200 loss 0.0149 train 1.0000 test 0.1478
epoch 107/200 loss 0.0144 train 1.0000 test 0.1471
epoch 108/200 loss 0.0146 train 1.0000 test 0.1473
epoch 109/200 loss 0.0144 train 1.0000 test 0.1473
epoch 110/200 loss 0.0150 train 1.0000 test 0.1497
epoch 111/200 loss 0.0152 train 1.0000 test 0.1496
epoch 112/200 loss 0.0147 train 1.0000 test 0.1497
epoch 113/200 loss 0.0141 train 1.0000 test 0.1501
epoch 114/200 loss 0.0144 train 1.0000 test 0.1502
epoch 115/200 loss 0.0143 train 1.0000 test 0.1486
epoch 116/200 loss 0.0155 train 1.0000 test 0.1506
epoch 117/200 loss 0.0147 train 1.0000 test 0.1494
epoch 118/200 loss 0.0144 train 1.0000 test 0.1490
epoch 119/200 loss 0.0138 train 1.0000 test 0.1499
epoch 120/200 loss 0.0147 train 1.0000 test 0.1479
epoch 121/200 loss 0.0139 train 1.0000 test 0.1512
epoch 122/200 loss 0.0136 train 1.0000 test 0.1508
epoch 123/200 loss 0.0144 train 1.0000 test 0.1492
epoch 124/200 loss 0.0144 train 1.0000 test 0.1512
epoch 125/200 loss 0.0138 train 1.0000 test 0.1484
epoch 126/200 loss 0.0145 train 1.0000 test 0.1503
epoch 127/200 loss 0.0136 train 1.0000 test 0.1499
epoch 128/200 loss 0.0133 train 1.0000 test 0.1505
epoch 129/200 loss 0.0135 train 1.0000 test 0.1515
epoch 130/200 loss 0.0142 train 1.0000 test 0.1513
epoch 131/200 loss 0.0138 train 1.0000 test 0.1505
epoch 132/200 loss 0.0135 train 1.0000 test 0.1526
epoch 133/200 loss 0.0133 train 1.0000 test 0.1519
epoch 134/200 loss 0.0135 train 1.0000 test 0.1510
epoch 135/200 loss 0.0132 train 1.0000 test 0.1501
epoch 136/200 loss 0.0135 train 1.0000 test 0.1511
epoch 137/200 loss 0.0133 train 1.0000 test 0.1506
epoch 138/200 loss 0.0133 train 1.0000 test 0.1522
epoch 139/200 loss 0.0132 train 1.0000 test 0.1505
epoch 140/200 loss 0.0130 train 1.0000 test 0.1501
epoch 141/200 loss 0.0128 train 1.0000 test 0.1500
epoch 142/200 loss 0.0136 train 1.0000 test 0.1512
epoch 143/200 loss 0.0131 train 1.0000 test 0.1504
epoch 144/200 loss 0.0136 train 1.0000 test 0.1499
epoch 145/200 loss 0.0140 train 1.0000 test 0.1523
epoch 146/200 loss 0.0134 train 1.0000 test 0.1514
epoch 147/200 loss 0.0137 train 1.0000 test 0.1512
epoch 148/200 loss 0.0127 train 1.0000 test 0.1513
epoch 149/200 loss 0.0124 train 1.0000 test 0.1503
epoch 150/200 loss 0.0127 train 1.0000 test 0.1498
epoch 151/200 loss 0.0126 train 1.0000 test 0.1517
epoch 152/200 loss 0.0127 train 1.0000 test 0.1513
epoch 153/200 loss 0.0133 train 1.0000 test 0.1505
epoch 154/200 loss 0.0123 train 1.0000 test 0.1507
epoch 155/200 loss 0.0127 train 1.0000 test 0.1512
epoch 156/200 loss 0.0125 train 1.0000 test 0.1501
epoch 157/200 loss 0.0124 train 1.0000 test 0.1516
epoch 158/200 loss 0.0135 train 1.0000 test 0.1506
epoch 159/200 loss 0.0130 train 1.0000 test 0.1515
epoch 160/200 loss 0.0124 train 1.0000 test 0.1520
epoch 161/200 loss 0.0130 train 1.0000 test 0.1513
epoch 162/200 loss 0.0123 train 1.0000 test 0.1506
epoch 163/200 loss 0.0130 train 1.0000 test 0.1510
epoch 164/200 loss 0.0123 train 1.0000 test 0.1513
epoch 165/200 loss 0.0126 train 1.0000 test 0.1510
epoch 166/200 loss 0.0121 train 1.0000 test 0.1511
epoch 167/200 loss 0.0126 train 1.0000 test 0.1513
epoch 168/200 loss 0.0131 train 1.0000 test 0.1516
epoch 169/200 loss 0.0122 train 1.0000 test 0.1509
epoch 170/200 loss 0.0128 train 1.0000 test 0.1514
epoch 171/200 loss 0.0124 train 1.0000 test 0.1517
epoch 172/200 loss 0.0121 train 1.0000 test 0.1520
epoch 173/200 loss 0.0128 train 1.0000 test 0.1514
epoch 174/200 loss 0.0125 train 1.0000 test 0.1527
epoch 175/200 loss 0.0125 train 1.0000 test 0.1519
epoch 176/200 loss 0.0126 train 1.0000 test 0.1519
epoch 177/200 loss 0.0124 train 1.0000 test 0.1514
epoch 178/200 loss 0.0129 train 1.0000 test 0.1519
epoch 179/200 loss 0.0130 train 1.0000 test 0.1515
epoch 180/200 loss 0.0121 train 1.0000 test 0.1500
epoch 181/200 loss 0.0126 train 1.0000 test 0.1516
epoch 182/200 loss 0.0125 train 1.0000 test 0.1508
epoch 183/200 loss 0.0124 train 1.0000 test 0.1518
epoch 184/200 loss 0.0119 train 1.0000 test 0.1516
epoch 185/200 loss 0.0128 train 1.0000 test 0.1509
epoch 186/200 loss 0.0122 train 1.0000 test 0.1512
epoch 187/200 loss 0.0122 train 1.0000 test 0.1515
epoch 188/200 loss 0.0128 train 1.0000 test 0.1519
epoch 189/200 loss 0.0126 train 1.0000 test 0.1521
epoch 190/200 loss 0.0123 train 1.0000 test 0.1520
epoch 191/200 loss 0.0122 train 1.0000 test 0.1512
epoch 192/200 loss 0.0127 train 1.0000 test 0.1523
epoch 193/200 loss 0.0132 train 1.0000 test 0.1511
epoch 194/200 loss 0.0131 train 1.0000 test 0.1516
epoch 195/200 loss 0.0118 train 1.0000 test 0.1514
epoch 196/200 loss 0.0119 train 1.0000 test 0.1530
epoch 197/200 loss 0.0126 train 1.0000 test 0.1517
epoch 198/200 loss 0.0126 train 1.0000 test 0.1504
epoch 199/200 loss 0.0131 train 1.0000 test 0.1520
epoch 200/200 loss 0.0123 train 1.0000 test 0.1512
done: final 0.1512 best 0.1530 -> ./runs/diagssl_tin_simclr_2pct/seed0
OK ssl_tin 2 0
=== pretrain tin 2pct seed 1 ===
pretrain optimizer: sgd lr=0.3
pretrain epoch 1/200 loss 5.0574
pretrain epoch 10/200 loss 4.4678
pretrain epoch 20/200 loss 3.6100
pretrain epoch 30/200 loss 3.2417
pretrain epoch 40/200 loss 3.0743
pretrain epoch 50/200 loss 2.9157
pretrain epoch 60/200 loss 2.7610
pretrain epoch 70/200 loss 2.6920
pretrain epoch 80/200 loss 2.5673
pretrain epoch 90/200 loss 2.4960
pretrain epoch 100/200 loss 2.3780
pretrain epoch 110/200 loss 2.2957
pretrain epoch 120/200 loss 2.2738
pretrain epoch 130/200 loss 2.2270
pretrain epoch 140/200 loss 2.1156
pretrain epoch 150/200 loss 2.1226
pretrain epoch 160/200 loss 2.0847
pretrain epoch 170/200 loss 2.0306
pretrain epoch 180/200 loss 2.0182
pretrain epoch 190/200 loss 2.0101
pretrain epoch 200/200 loss 1.9830
saved 120 tensors (3000 steps) -> runs/simclr_pre_tin_2pct/seed1/pretrain.pt
=== diagssl_tin_simclr_2pct seed 1 ===
init_from runs/simclr_pre_tin_2pct/seed1/pretrain.pt: 120 tensors, 2 left at fresh init
[diagssl_tin_simclr_2pct seed1] {"params_trainable": 11271432, "params_stem_trainable": 0, "params_stem_fixed_filters": 0, "flops_total": 2226720768, "flops_stem": 0, "flops_image_size": 64}
epoch 1/200 loss 5.3007 train 0.0057 test 0.0213
epoch 2/200 loss 5.1669 train 0.0302 test 0.0290
epoch 3/200 loss 4.9572 train 0.0521 test 0.0367
epoch 4/200 loss 4.6782 train 0.0745 test 0.0547
epoch 5/200 loss 4.3482 train 0.0984 test 0.0655
epoch 6/200 loss 4.0352 train 0.1266 test 0.0806
epoch 7/200 loss 3.7821 train 0.1552 test 0.0749
epoch 8/200 loss 3.5803 train 0.1708 test 0.0788
epoch 9/200 loss 3.4012 train 0.2021 test 0.0784
epoch 10/200 loss 3.2676 train 0.2292 test 0.0765
epoch 11/200 loss 3.0678 train 0.2396 test 0.0872
epoch 12/200 loss 2.9256 train 0.2755 test 0.0851
epoch 13/200 loss 2.7521 train 0.3109 test 0.0832
epoch 14/200 loss 2.7072 train 0.3109 test 0.0876
epoch 15/200 loss 2.5612 train 0.3448 test 0.0821
epoch 16/200 loss 2.4480 train 0.3615 test 0.0807
epoch 17/200 loss 2.3183 train 0.4052 test 0.0663
epoch 18/200 loss 2.2213 train 0.4161 test 0.0824
epoch 19/200 loss 2.0494 train 0.4500 test 0.0903
epoch 20/200 loss 1.8858 train 0.5036 test 0.0980
epoch 21/200 loss 1.7701 train 0.5344 test 0.0942
epoch 22/200 loss 1.6823 train 0.5500 test 0.0893
epoch 23/200 loss 1.5316 train 0.5839 test 0.1125
epoch 24/200 loss 1.4049 train 0.6281 test 0.0953
epoch 25/200 loss 1.2929 train 0.6479 test 0.0895
epoch 26/200 loss 1.1787 train 0.6786 test 0.0775
epoch 27/200 loss 1.1158 train 0.6911 test 0.1048
epoch 28/200 loss 1.0542 train 0.7057 test 0.0866
epoch 29/200 loss 1.0082 train 0.7208 test 0.1000
epoch 30/200 loss 0.8834 train 0.7698 test 0.1001
epoch 31/200 loss 0.8609 train 0.7646 test 0.0948
epoch 32/200 loss 0.7347 train 0.8057 test 0.0965
epoch 33/200 loss 0.6541 train 0.8297 test 0.0871
epoch 34/200 loss 0.5274 train 0.8740 test 0.0987
epoch 35/200 loss 0.4121 train 0.9000 test 0.1073
epoch 36/200 loss 0.3411 train 0.9292 test 0.1186
epoch 37/200 loss 0.2780 train 0.9500 test 0.1017
epoch 38/200 loss 0.2470 train 0.9594 test 0.1076
epoch 39/200 loss 0.2161 train 0.9651 test 0.1160
epoch 40/200 loss 0.1881 train 0.9693 test 0.1204
epoch 41/200 loss 0.1374 train 0.9818 test 0.1224
epoch 42/200 loss 0.1178 train 0.9859 test 0.1200
epoch 43/200 loss 0.0988 train 0.9906 test 0.1276
epoch 44/200 loss 0.0720 train 0.9958 test 0.1281
epoch 45/200 loss 0.0629 train 0.9937 test 0.1296
epoch 46/200 loss 0.0517 train 0.9969 test 0.1276
epoch 47/200 loss 0.0449 train 0.9979 test 0.1393
epoch 48/200 loss 0.0334 train 0.9995 test 0.1385
epoch 49/200 loss 0.0266 train 1.0000 test 0.1368
epoch 50/200 loss 0.0223 train 1.0000 test 0.1445
epoch 51/200 loss 0.0210 train 1.0000 test 0.1427
epoch 52/200 loss 0.0194 train 1.0000 test 0.1467
epoch 53/200 loss 0.0178 train 1.0000 test 0.1479
epoch 54/200 loss 0.0177 train 1.0000 test 0.1499
epoch 55/200 loss 0.0172 train 1.0000 test 0.1462
epoch 56/200 loss 0.0173 train 1.0000 test 0.1469
epoch 57/200 loss 0.0197 train 1.0000 test 0.1473
epoch 58/200 loss 0.0190 train 1.0000 test 0.1497
epoch 59/200 loss 0.0181 train 1.0000 test 0.1469
epoch 60/200 loss 0.0177 train 1.0000 test 0.1484
epoch 61/200 loss 0.0172 train 1.0000 test 0.1481
epoch 62/200 loss 0.0177 train 1.0000 test 0.1478
epoch 63/200 loss 0.0171 train 1.0000 test 0.1490
epoch 64/200 loss 0.0171 train 1.0000 test 0.1499
epoch 65/200 loss 0.0163 train 1.0000 test 0.1492
epoch 66/200 loss 0.0156 train 1.0000 test 0.1483
epoch 67/200 loss 0.0168 train 1.0000 test 0.1488
epoch 68/200 loss 0.0160 train 1.0000 test 0.1507
epoch 69/200 loss 0.0165 train 1.0000 test 0.1488
epoch 70/200 loss 0.0177 train 1.0000 test 0.1485
epoch 71/200 loss 0.0169 train 1.0000 test 0.1485
epoch 72/200 loss 0.0169 train 1.0000 test 0.1489
epoch 73/200 loss 0.0163 train 1.0000 test 0.1487
epoch 74/200 loss 0.0177 train 1.0000 test 0.1511
epoch 75/200 loss 0.0173 train 1.0000 test 0.1487
epoch 76/200 loss 0.0167 train 1.0000 test 0.1485
epoch 77/200 loss 0.0170 train 1.0000 test 0.1477
epoch 78/200 loss 0.0170 train 1.0000 test 0.1500
epoch 79/200 loss 0.0167 train 1.0000 test 0.1490
epoch 80/200 loss 0.0173 train 1.0000 test 0.1487
epoch 81/200 loss 0.0180 train 1.0000 test 0.1516
epoch 82/200 loss 0.0168 train 1.0000 test 0.1503
epoch 83/200 loss 0.0178 train 1.0000 test 0.1513
epoch 84/200 loss 0.0166 train 1.0000 test 0.1508
epoch 85/200 loss 0.0164 train 1.0000 test 0.1503
epoch 86/200 loss 0.0157 train 1.0000 test 0.1508
epoch 87/200 loss 0.0166 train 1.0000 test 0.1509
epoch 88/200 loss 0.0175 train 1.0000 test 0.1486
epoch 89/200 loss 0.0172 train 1.0000 test 0.1531
epoch 90/200 loss 0.0180 train 1.0000 test 0.1501
epoch 91/200 loss 0.0166 train 1.0000 test 0.1504
epoch 92/200 loss 0.0162 train 1.0000 test 0.1510
epoch 93/200 loss 0.0170 train 1.0000 test 0.1524
epoch 94/200 loss 0.0175 train 1.0000 test 0.1524
epoch 95/200 loss 0.0164 train 1.0000 test 0.1518
epoch 96/200 loss 0.0163 train 1.0000 test 0.1486
epoch 97/200 loss 0.0162 train 1.0000 test 0.1500
epoch 98/200 loss 0.0156 train 1.0000 test 0.1513
epoch 99/200 loss 0.0155 train 1.0000 test 0.1531
epoch 100/200 loss 0.0158 train 1.0000 test 0.1523
epoch 101/200 loss 0.0154 train 1.0000 test 0.1519
epoch 102/200 loss 0.0161 train 1.0000 test 0.1515
epoch 103/200 loss 0.0153 train 1.0000 test 0.1508
epoch 104/200 loss 0.0159 train 1.0000 test 0.1502
epoch 105/200 loss 0.0152 train 1.0000 test 0.1515
epoch 106/200 loss 0.0150 train 1.0000 test 0.1535
epoch 107/200 loss 0.0158 train 1.0000 test 0.1545
epoch 108/200 loss 0.0153 train 1.0000 test 0.1523
epoch 109/200 loss 0.0148 train 1.0000 test 0.1518
epoch 110/200 loss 0.0151 train 1.0000 test 0.1557
epoch 111/200 loss 0.0157 train 1.0000 test 0.1523
epoch 112/200 loss 0.0152 train 1.0000 test 0.1525
epoch 113/200 loss 0.0147 train 1.0000 test 0.1539
epoch 114/200 loss 0.0147 train 1.0000 test 0.1521
epoch 115/200 loss 0.0156 train 1.0000 test 0.1533
epoch 116/200 loss 0.0148 train 1.0000 test 0.1534
epoch 117/200 loss 0.0149 train 1.0000 test 0.1522
epoch 118/200 loss 0.0150 train 1.0000 test 0.1531
epoch 119/200 loss 0.0151 train 1.0000 test 0.1529
epoch 120/200 loss 0.0144 train 1.0000 test 0.1527
epoch 121/200 loss 0.0151 train 1.0000 test 0.1524
epoch 122/200 loss 0.0147 train 1.0000 test 0.1529
epoch 123/200 loss 0.0150 train 1.0000 test 0.1511
epoch 124/200 loss 0.0143 train 1.0000 test 0.1515
epoch 125/200 loss 0.0143 train 1.0000 test 0.1543
epoch 126/200 loss 0.0137 train 1.0000 test 0.1540
epoch 127/200 loss 0.0143 train 1.0000 test 0.1542
epoch 128/200 loss 0.0144 train 1.0000 test 0.1522
epoch 129/200 loss 0.0143 train 1.0000 test 0.1549
epoch 130/200 loss 0.0143 train 1.0000 test 0.1548
epoch 131/200 loss 0.0143 train 1.0000 test 0.1533
epoch 132/200 loss 0.0139 train 1.0000 test 0.1522
epoch 133/200 loss 0.0135 train 1.0000 test 0.1532
epoch 134/200 loss 0.0135 train 1.0000 test 0.1528
epoch 135/200 loss 0.0144 train 1.0000 test 0.1535
epoch 136/200 loss 0.0138 train 1.0000 test 0.1510
epoch 137/200 loss 0.0132 train 1.0000 test 0.1543
epoch 138/200 loss 0.0138 train 1.0000 test 0.1534
epoch 139/200 loss 0.0143 train 1.0000 test 0.1542
epoch 140/200 loss 0.0135 train 1.0000 test 0.1537
epoch 141/200 loss 0.0134 train 1.0000 test 0.1542
epoch 142/200 loss 0.0134 train 1.0000 test 0.1535
epoch 143/200 loss 0.0130 train 1.0000 test 0.1538
epoch 144/200 loss 0.0132 train 1.0000 test 0.1552
epoch 145/200 loss 0.0132 train 1.0000 test 0.1544
epoch 146/200 loss 0.0139 train 1.0000 test 0.1548
epoch 147/200 loss 0.0130 train 1.0000 test 0.1532
epoch 148/200 loss 0.0135 train 1.0000 test 0.1529
epoch 149/200 loss 0.0132 train 1.0000 test 0.1542
epoch 150/200 loss 0.0134 train 1.0000 test 0.1540
epoch 151/200 loss 0.0131 train 1.0000 test 0.1546
epoch 152/200 loss 0.0134 train 1.0000 test 0.1547
epoch 153/200 loss 0.0131 train 1.0000 test 0.1537
epoch 154/200 loss 0.0130 train 1.0000 test 0.1530
epoch 155/200 loss 0.0129 train 1.0000 test 0.1538
epoch 156/200 loss 0.0129 train 1.0000 test 0.1530
epoch 157/200 loss 0.0131 train 1.0000 test 0.1535
epoch 158/200 loss 0.0133 train 1.0000 test 0.1529
epoch 159/200 loss 0.0131 train 1.0000 test 0.1539
epoch 160/200 loss 0.0129 train 1.0000 test 0.1530
epoch 161/200 loss 0.0138 train 1.0000 test 0.1540
epoch 162/200 loss 0.0135 train 1.0000 test 0.1562
epoch 163/200 loss 0.0130 train 1.0000 test 0.1552
epoch 164/200 loss 0.0129 train 1.0000 test 0.1539
epoch 165/200 loss 0.0128 train 1.0000 test 0.1542
epoch 166/200 loss 0.0129 train 1.0000 test 0.1547
epoch 167/200 loss 0.0136 train 1.0000 test 0.1542
epoch 168/200 loss 0.0133 train 1.0000 test 0.1540
epoch 169/200 loss 0.0127 train 1.0000 test 0.1544
epoch 170/200 loss 0.0132 train 1.0000 test 0.1539
epoch 171/200 loss 0.0132 train 1.0000 test 0.1547
epoch 172/200 loss 0.0131 train 1.0000 test 0.1549
epoch 173/200 loss 0.0128 train 1.0000 test 0.1562
epoch 174/200 loss 0.0127 train 1.0000 test 0.1545
epoch 175/200 loss 0.0131 train 1.0000 test 0.1534
epoch 176/200 loss 0.0129 train 1.0000 test 0.1546
epoch 177/200 loss 0.0125 train 1.0000 test 0.1540
epoch 178/200 loss 0.0131 train 1.0000 test 0.1534
epoch 179/200 loss 0.0119 train 1.0000 test 0.1529
epoch 180/200 loss 0.0130 train 1.0000 test 0.1544
epoch 181/200 loss 0.0122 train 1.0000 test 0.1547
epoch 182/200 loss 0.0128 train 1.0000 test 0.1544
epoch 183/200 loss 0.0135 train 1.0000 test 0.1535
epoch 184/200 loss 0.0128 train 1.0000 test 0.1541
epoch 185/200 loss 0.0134 train 1.0000 test 0.1538
epoch 186/200 loss 0.0129 train 1.0000 test 0.1550
epoch 187/200 loss 0.0130 train 1.0000 test 0.1544
epoch 188/200 loss 0.0127 train 1.0000 test 0.1541
epoch 189/200 loss 0.0129 train 1.0000 test 0.1538
epoch 190/200 loss 0.0132 train 1.0000 test 0.1541
epoch 191/200 loss 0.0133 train 1.0000 test 0.1545
epoch 192/200 loss 0.0132 train 1.0000 test 0.1545
epoch 193/200 loss 0.0131 train 1.0000 test 0.1541
epoch 194/200 loss 0.0131 train 1.0000 test 0.1548
epoch 195/200 loss 0.0123 train 1.0000 test 0.1550
epoch 196/200 loss 0.0126 train 1.0000 test 0.1550
epoch 197/200 loss 0.0128 train 1.0000 test 0.1549
epoch 198/200 loss 0.0132 train 1.0000 test 0.1534
epoch 199/200 loss 0.0133 train 1.0000 test 0.1544
epoch 200/200 loss 0.0132 train 1.0000 test 0.1537
done: final 0.1537 best 0.1562 -> ./runs/diagssl_tin_simclr_2pct/seed1
OK ssl_tin 2 1
=== pretrain tin 2pct seed 2 ===
pretrain optimizer: sgd lr=0.3
pretrain epoch 1/200 loss 5.3449
pretrain epoch 10/200 loss 4.5532
pretrain epoch 20/200 loss 3.9602
pretrain epoch 30/200 loss 3.5009
pretrain epoch 40/200 loss 3.1977
pretrain epoch 50/200 loss 3.0703
pretrain epoch 60/200 loss 2.9444
pretrain epoch 70/200 loss 2.7808
pretrain epoch 80/200 loss 2.6399
pretrain epoch 90/200 loss 2.5593
pretrain epoch 100/200 loss 2.4866
pretrain epoch 110/200 loss 2.3917
pretrain epoch 120/200 loss 2.2965
pretrain epoch 130/200 loss 2.2561
pretrain epoch 140/200 loss 2.2380
pretrain epoch 150/200 loss 2.1439
pretrain epoch 160/200 loss 2.1071
pretrain epoch 170/200 loss 2.0813
pretrain epoch 180/200 loss 2.0680
pretrain epoch 190/200 loss 2.0622
pretrain epoch 200/200 loss 2.0372
saved 120 tensors (3000 steps) -> runs/simclr_pre_tin_2pct/seed2/pretrain.pt
=== diagssl_tin_simclr_2pct seed 2 ===
init_from runs/simclr_pre_tin_2pct/seed2/pretrain.pt: 120 tensors, 2 left at fresh init
[diagssl_tin_simclr_2pct seed2] {"params_trainable": 11271432, "params_stem_trainable": 0, "params_stem_fixed_filters": 0, "flops_total": 2226720768, "flops_stem": 0, "flops_image_size": 64}
epoch 1/200 loss 5.2969 train 0.0057 test 0.0206
epoch 2/200 loss 5.1512 train 0.0245 test 0.0208
epoch 3/200 loss 4.9388 train 0.0443 test 0.0383
epoch 4/200 loss 4.6736 train 0.0656 test 0.0437
epoch 5/200 loss 4.3643 train 0.0854 test 0.0550
epoch 6/200 loss 4.0693 train 0.1151 test 0.0774
epoch 7/200 loss 3.8118 train 0.1437 test 0.0801
epoch 8/200 loss 3.5941 train 0.1698 test 0.0805
epoch 9/200 loss 3.4382 train 0.1927 test 0.0949
epoch 10/200 loss 3.2609 train 0.2286 test 0.0858
epoch 11/200 loss 3.1580 train 0.2396 test 0.0900
epoch 12/200 loss 3.0040 train 0.2656 test 0.0828
epoch 13/200 loss 2.8355 train 0.2932 test 0.0865
epoch 14/200 loss 2.6545 train 0.3214 test 0.0689
epoch 15/200 loss 2.6061 train 0.3370 test 0.0930
epoch 16/200 loss 2.4271 train 0.3792 test 0.0964
epoch 17/200 loss 2.3302 train 0.3750 test 0.0789
epoch 18/200 loss 2.1891 train 0.4182 test 0.0898
epoch 19/200 loss 2.0885 train 0.4349 test 0.0977
epoch 20/200 loss 2.0093 train 0.4583 test 0.0944
epoch 21/200 loss 1.8683 train 0.4953 test 0.0882
epoch 22/200 loss 1.6925 train 0.5417 test 0.1029
epoch 23/200 loss 1.5564 train 0.5776 test 0.0932
epoch 24/200 loss 1.4725 train 0.5990 test 0.0783
epoch 25/200 loss 1.3838 train 0.6198 test 0.0793
epoch 26/200 loss 1.3100 train 0.6469 test 0.0751
epoch 27/200 loss 1.1554 train 0.6807 test 0.1021
epoch 28/200 loss 1.0105 train 0.7224 test 0.0989
epoch 29/200 loss 0.9003 train 0.7630 test 0.1254
epoch 30/200 loss 0.8184 train 0.7703 test 0.0937
epoch 31/200 loss 0.6558 train 0.8385 test 0.1014
epoch 32/200 loss 0.6537 train 0.8349 test 0.0950
epoch 33/200 loss 0.6643 train 0.8302 test 0.0901
epoch 34/200 loss 0.5786 train 0.8474 test 0.1011
epoch 35/200 loss 0.4860 train 0.8865 test 0.1165
epoch 36/200 loss 0.3822 train 0.9120 test 0.1127
epoch 37/200 loss 0.3688 train 0.9203 test 0.1011
epoch 38/200 loss 0.3126 train 0.9359 test 0.1036
epoch 39/200 loss 0.2811 train 0.9391 test 0.1095
epoch 40/200 loss 0.2279 train 0.9557 test 0.0992
epoch 41/200 loss 0.2135 train 0.9625 test 0.1119
epoch 42/200 loss 0.1588 train 0.9766 test 0.1316
epoch 43/200 loss 0.1319 train 0.9792 test 0.1180
epoch 44/200 loss 0.1140 train 0.9875 test 0.1200
epoch 45/200 loss 0.0836 train 0.9906 test 0.1341
epoch 46/200 loss 0.0601 train 0.9958 test 0.1341
epoch 47/200 loss 0.0480 train 0.9995 test 0.1355
epoch 48/200 loss 0.0313 train 0.9995 test 0.1403
epoch 49/200 loss 0.0236 train 0.9995 test 0.1441
epoch 50/200 loss 0.0207 train 1.0000 test 0.1408
epoch 51/200 loss 0.0188 train 1.0000 test 0.1442
epoch 52/200 loss 0.0183 train 1.0000 test 0.1456
epoch 53/200 loss 0.0166 train 1.0000 test 0.1439
epoch 54/200 loss 0.0169 train 1.0000 test 0.1460
epoch 55/200 loss 0.0161 train 1.0000 test 0.1491
epoch 56/200 loss 0.0147 train 1.0000 test 0.1465
epoch 57/200 loss 0.0153 train 1.0000 test 0.1452
epoch 58/200 loss 0.0159 train 1.0000 test 0.1471
epoch 59/200 loss 0.0160 train 1.0000 test 0.1457
epoch 60/200 loss 0.0165 train 1.0000 test 0.1490
epoch 61/200 loss 0.0151 train 1.0000 test 0.1489
epoch 62/200 loss 0.0159 train 1.0000 test 0.1505
epoch 63/200 loss 0.0160 train 1.0000 test 0.1465
epoch 64/200 loss 0.0161 train 1.0000 test 0.1475
epoch 65/200 loss 0.0163 train 1.0000 test 0.1484
epoch 66/200 loss 0.0159 train 1.0000 test 0.1490
epoch 67/200 loss 0.0163 train 1.0000 test 0.1458
epoch 68/200 loss 0.0155 train 1.0000 test 0.1481
epoch 69/200 loss 0.0160 train 1.0000 test 0.1470
epoch 70/200 loss 0.0161 train 1.0000 test 0.1494
epoch 71/200 loss 0.0162 train 1.0000 test 0.1468
epoch 72/200 loss 0.0160 train 1.0000 test 0.1480
epoch 73/200 loss 0.0160 train 1.0000 test 0.1478
epoch 74/200 loss 0.0167 train 1.0000 test 0.1481
epoch 75/200 loss 0.0162 train 1.0000 test 0.1485
epoch 76/200 loss 0.0169 train 1.0000 test 0.1459
epoch 77/200 loss 0.0176 train 1.0000 test 0.1469
epoch 78/200 loss 0.0169 train 1.0000 test 0.1481
epoch 79/200 loss 0.0162 train 1.0000 test 0.1496
epoch 80/200 loss 0.0154 train 1.0000 test 0.1494
epoch 81/200 loss 0.0163 train 1.0000 test 0.1489
epoch 82/200 loss 0.0163 train 1.0000 test 0.1489
epoch 83/200 loss 0.0162 train 1.0000 test 0.1479
epoch 84/200 loss 0.0158 train 1.0000 test 0.1491
epoch 85/200 loss 0.0162 train 1.0000 test 0.1501
epoch 86/200 loss 0.0161 train 1.0000 test 0.1489
epoch 87/200 loss 0.0169 train 1.0000 test 0.1477
epoch 88/200 loss 0.0164 train 1.0000 test 0.1499
epoch 89/200 loss 0.0163 train 1.0000 test 0.1470
epoch 90/200 loss 0.0159 train 1.0000 test 0.1504
epoch 91/200 loss 0.0159 train 1.0000 test 0.1489
epoch 92/200 loss 0.0157 train 1.0000 test 0.1497
epoch 93/200 loss 0.0159 train 1.0000 test 0.1505
epoch 94/200 loss 0.0165 train 1.0000 test 0.1505
epoch 95/200 loss 0.0161 train 1.0000 test 0.1481
epoch 96/200 loss 0.0162 train 1.0000 test 0.1486
epoch 97/200 loss 0.0162 train 1.0000 test 0.1507
epoch 98/200 loss 0.0163 train 1.0000 test 0.1501
epoch 99/200 loss 0.0158 train 1.0000 test 0.1518
epoch 100/200 loss 0.0154 train 1.0000 test 0.1524
epoch 101/200 loss 0.0157 train 1.0000 test 0.1503
epoch 102/200 loss 0.0160 train 1.0000 test 0.1499
epoch 103/200 loss 0.0164 train 1.0000 test 0.1489
epoch 104/200 loss 0.0160 train 1.0000 test 0.1499
epoch 105/200 loss 0.0162 train 1.0000 test 0.1500
epoch 106/200 loss 0.0155 train 1.0000 test 0.1474
epoch 107/200 loss 0.0152 train 1.0000 test 0.1503
epoch 108/200 loss 0.0149 train 1.0000 test 0.1491
epoch 109/200 loss 0.0148 train 1.0000 test 0.1486
epoch 110/200 loss 0.0143 train 1.0000 test 0.1472
epoch 111/200 loss 0.0152 train 1.0000 test 0.1496
epoch 112/200 loss 0.0156 train 1.0000 test 0.1509
epoch 113/200 loss 0.0150 train 1.0000 test 0.1471
epoch 114/200 loss 0.0150 train 1.0000 test 0.1495
epoch 115/200 loss 0.0151 train 1.0000 test 0.1496
epoch 116/200 loss 0.0160 train 1.0000 test 0.1501
epoch 117/200 loss 0.0147 train 1.0000 test 0.1507
epoch 118/200 loss 0.0145 train 1.0000 test 0.1487
epoch 119/200 loss 0.0149 train 1.0000 test 0.1496
epoch 120/200 loss 0.0144 train 1.0000 test 0.1501
epoch 121/200 loss 0.0147 train 1.0000 test 0.1498
epoch 122/200 loss 0.0151 train 1.0000 test 0.1501
epoch 123/200 loss 0.0146 train 1.0000 test 0.1477
epoch 124/200 loss 0.0145 train 1.0000 test 0.1512
epoch 125/200 loss 0.0147 train 1.0000 test 0.1502
epoch 126/200 loss 0.0142 train 1.0000 test 0.1514
epoch 127/200 loss 0.0153 train 1.0000 test 0.1504
epoch 128/200 loss 0.0144 train 1.0000 test 0.1504
epoch 129/200 loss 0.0140 train 1.0000 test 0.1506
epoch 130/200 loss 0.0142 train 1.0000 test 0.1515
epoch 131/200 loss 0.0147 train 1.0000 test 0.1504
epoch 132/200 loss 0.0146 train 1.0000 test 0.1501
epoch 133/200 loss 0.0141 train 1.0000 test 0.1503
epoch 134/200 loss 0.0140 train 1.0000 test 0.1499
epoch 135/200 loss 0.0140 train 1.0000 test 0.1486
epoch 136/200 loss 0.0137 train 1.0000 test 0.1512
epoch 137/200 loss 0.0139 train 1.0000 test 0.1506
epoch 138/200 loss 0.0137 train 1.0000 test 0.1515
epoch 139/200 loss 0.0142 train 1.0000 test 0.1489
epoch 140/200 loss 0.0134 train 1.0000 test 0.1504
epoch 141/200 loss 0.0141 train 1.0000 test 0.1508
epoch 142/200 loss 0.0144 train 1.0000 test 0.1495
epoch 143/200 loss 0.0141 train 1.0000 test 0.1507
epoch 144/200 loss 0.0140 train 1.0000 test 0.1519
epoch 145/200 loss 0.0135 train 1.0000 test 0.1502
epoch 146/200 loss 0.0138 train 1.0000 test 0.1514
epoch 147/200 loss 0.0143 train 1.0000 test 0.1504
epoch 148/200 loss 0.0139 train 1.0000 test 0.1518
epoch 149/200 loss 0.0143 train 1.0000 test 0.1500
epoch 150/200 loss 0.0139 train 1.0000 test 0.1516
epoch 151/200 loss 0.0136 train 1.0000 test 0.1509
epoch 152/200 loss 0.0136 train 1.0000 test 0.1508
epoch 153/200 loss 0.0129 train 1.0000 test 0.1518
epoch 154/200 loss 0.0139 train 1.0000 test 0.1504
epoch 155/200 loss 0.0135 train 1.0000 test 0.1512
epoch 156/200 loss 0.0135 train 1.0000 test 0.1508
epoch 157/200 loss 0.0128 train 1.0000 test 0.1510
epoch 158/200 loss 0.0136 train 1.0000 test 0.1514
epoch 159/200 loss 0.0138 train 1.0000 test 0.1506
epoch 160/200 loss 0.0136 train 1.0000 test 0.1512
epoch 161/200 loss 0.0140 train 1.0000 test 0.1505
epoch 162/200 loss 0.0132 train 1.0000 test 0.1504
epoch 163/200 loss 0.0128 train 1.0000 test 0.1495
epoch 164/200 loss 0.0133 train 1.0000 test 0.1505
epoch 165/200 loss 0.0131 train 1.0000 test 0.1498
epoch 166/200 loss 0.0135 train 1.0000 test 0.1498
epoch 167/200 loss 0.0129 train 1.0000 test 0.1493
epoch 168/200 loss 0.0132 train 1.0000 test 0.1505
epoch 169/200 loss 0.0135 train 1.0000 test 0.1508
epoch 170/200 loss 0.0137 train 1.0000 test 0.1500
epoch 171/200 loss 0.0134 train 1.0000 test 0.1501
epoch 172/200 loss 0.0138 train 1.0000 test 0.1500
epoch 173/200 loss 0.0128 train 1.0000 test 0.1514
epoch 174/200 loss 0.0131 train 1.0000 test 0.1506
epoch 175/200 loss 0.0129 train 1.0000 test 0.1507
epoch 176/200 loss 0.0131 train 1.0000 test 0.1507
epoch 177/200 loss 0.0131 train 1.0000 test 0.1517
epoch 178/200 loss 0.0134 train 1.0000 test 0.1511
epoch 179/200 loss 0.0132 train 1.0000 test 0.1509
epoch 180/200 loss 0.0129 train 1.0000 test 0.1513
epoch 181/200 loss 0.0133 train 1.0000 test 0.1521
epoch 182/200 loss 0.0130 train 1.0000 test 0.1514
epoch 183/200 loss 0.0128 train 1.0000 test 0.1513
epoch 184/200 loss 0.0126 train 1.0000 test 0.1508
epoch 185/200 loss 0.0134 train 1.0000 test 0.1518
epoch 186/200 loss 0.0129 train 1.0000 test 0.1504
epoch 187/200 loss 0.0132 train 1.0000 test 0.1511
epoch 188/200 loss 0.0127 train 1.0000 test 0.1510
epoch 189/200 loss 0.0127 train 1.0000 test 0.1514
epoch 190/200 loss 0.0132 train 1.0000 test 0.1509
epoch 191/200 loss 0.0131 train 1.0000 test 0.1509
epoch 192/200 loss 0.0132 train 1.0000 test 0.1514
epoch 193/200 loss 0.0134 train 1.0000 test 0.1511
epoch 194/200 loss 0.0133 train 1.0000 test 0.1511
epoch 195/200 loss 0.0133 train 1.0000 test 0.1515
epoch 196/200 loss 0.0132 train 1.0000 test 0.1502
epoch 197/200 loss 0.0129 train 1.0000 test 0.1515
epoch 198/200 loss 0.0132 train 1.0000 test 0.1506
epoch 199/200 loss 0.0132 train 1.0000 test 0.1513
epoch 200/200 loss 0.0124 train 1.0000 test 0.1509
done: final 0.1509 best 0.1524 -> ./runs/diagssl_tin_simclr_2pct/seed2
OK ssl_tin 2 2
GENSSL_LOCAL_PCT_DONE 2
=== pretrain tin 3pct seed 0 ===
pretrain optimizer: sgd lr=0.3
pretrain epoch 1/200 loss 4.9899
pretrain epoch 10/200 loss 4.0789
pretrain epoch 20/200 loss 3.2092
pretrain epoch 30/200 loss 2.9303
pretrain epoch 40/200 loss 2.7604
pretrain epoch 50/200 loss 2.6167
pretrain epoch 60/200 loss 2.5301
pretrain epoch 70/200 loss 2.3944
pretrain epoch 80/200 loss 2.3113
pretrain epoch 90/200 loss 2.2210
pretrain epoch 100/200 loss 2.1722
pretrain epoch 110/200 loss 2.1110
pretrain epoch 120/200 loss 2.0675
pretrain epoch 130/200 loss 2.0028
pretrain epoch 140/200 loss 1.9845
pretrain epoch 150/200 loss 1.9264
pretrain epoch 160/200 loss 1.8856
pretrain epoch 170/200 loss 1.8544
pretrain epoch 180/200 loss 1.8435
pretrain epoch 190/200 loss 1.8235
pretrain epoch 200/200 loss 1.8353
saved 120 tensors (4600 steps) -> runs/simclr_pre_tin_3pct/seed0/pretrain.pt
=== diagssl_tin_simclr_3pct seed 0 ===
init_from runs/simclr_pre_tin_3pct/seed0/pretrain.pt: 120 tensors, 2 left at fresh init
[diagssl_tin_simclr_3pct seed0] {"params_trainable": 11271432, "params_stem_trainable": 0, "params_stem_fixed_filters": 0, "flops_total": 2226720768, "flops_stem": 0, "flops_image_size": 64}
epoch 1/200 loss 5.2857 train 0.0092 test 0.0258
epoch 2/200 loss 5.1531 train 0.0363 test 0.0359
epoch 3/200 loss 4.8968 train 0.0588 test 0.0657
epoch 4/200 loss 4.4900 train 0.0907 test 0.0760
epoch 5/200 loss 4.0600 train 0.1264 test 0.0953
epoch 6/200 loss 3.7260 train 0.1630 test 0.0961
epoch 7/200 loss 3.4855 train 0.1872 test 0.1007
epoch 8/200 loss 3.3112 train 0.2092 test 0.1036
epoch 9/200 loss 3.1331 train 0.2432 test 0.0957
epoch 10/200 loss 3.0423 train 0.2588 test 0.0921
epoch 11/200 loss 2.8126 train 0.2962 test 0.1165
epoch 12/200 loss 2.7038 train 0.3139 test 0.0908
epoch 13/200 loss 2.5177 train 0.3471 test 0.1189
epoch 14/200 loss 2.3619 train 0.3995 test 0.0975
epoch 15/200 loss 2.2372 train 0.4120 test 0.1037
epoch 16/200 loss 2.0918 train 0.4423 test 0.1149
epoch 17/200 loss 2.0018 train 0.4681 test 0.1150
epoch 18/200 loss 1.8105 train 0.5092 test 0.1219
epoch 19/200 loss 1.6918 train 0.5336 test 0.1074
epoch 20/200 loss 1.5476 train 0.5880 test 0.1117
epoch 21/200 loss 1.4343 train 0.6056 test 0.1122
epoch 22/200 loss 1.2938 train 0.6440 test 0.1221
epoch 23/200 loss 1.1481 train 0.6841 test 0.1273
epoch 24/200 loss 1.0242 train 0.7177 test 0.1277
epoch 25/200 loss 1.0107 train 0.7238 test 0.1274
epoch 26/200 loss 0.8542 train 0.7548 test 0.1076
epoch 27/200 loss 0.7640 train 0.7979 test 0.1205
epoch 28/200 loss 0.6289 train 0.8370 test 0.1360
epoch 29/200 loss 0.5423 train 0.8635 test 0.1454
epoch 30/200 loss 0.4894 train 0.8767 test 0.1351
epoch 31/200 loss 0.4387 train 0.8903 test 0.1171
epoch 32/200 loss 0.3747 train 0.9134 test 0.1262
epoch 33/200 loss 0.3438 train 0.9209 test 0.1233
epoch 34/200 loss 0.3198 train 0.9205 test 0.1357
epoch 35/200 loss 0.2746 train 0.9412 test 0.1386
epoch 36/200 loss 0.2468 train 0.9531 test 0.1263
epoch 37/200 loss 0.1879 train 0.9660 test 0.1503
epoch 38/200 loss 0.1482 train 0.9728 test 0.1528
epoch 39/200 loss 0.1133 train 0.9864 test 0.1629
epoch 40/200 loss 0.0776 train 0.9922 test 0.1623
epoch 41/200 loss 0.0535 train 0.9963 test 0.1753
epoch 42/200 loss 0.0343 train 0.9993 test 0.1809
epoch 43/200 loss 0.0246 train 0.9997 test 0.1862
epoch 44/200 loss 0.0188 train 0.9997 test 0.1867
epoch 45/200 loss 0.0158 train 1.0000 test 0.1901
epoch 46/200 loss 0.0146 train 1.0000 test 0.1931
epoch 47/200 loss 0.0143 train 1.0000 test 0.1936
epoch 48/200 loss 0.0151 train 1.0000 test 0.1922
epoch 49/200 loss 0.0145 train 1.0000 test 0.1945
epoch 50/200 loss 0.0141 train 1.0000 test 0.1946
epoch 51/200 loss 0.0139 train 1.0000 test 0.1957
epoch 52/200 loss 0.0143 train 1.0000 test 0.1959
epoch 53/200 loss 0.0147 train 1.0000 test 0.1981
epoch 54/200 loss 0.0151 train 1.0000 test 0.1972
epoch 55/200 loss 0.0144 train 1.0000 test 0.1965
epoch 56/200 loss 0.0150 train 1.0000 test 0.1979
epoch 57/200 loss 0.0166 train 1.0000 test 0.1979
epoch 58/200 loss 0.0157 train 1.0000 test 0.1961
epoch 59/200 loss 0.0152 train 1.0000 test 0.1973
epoch 60/200 loss 0.0155 train 1.0000 test 0.2009
epoch 61/200 loss 0.0161 train 1.0000 test 0.1983
epoch 62/200 loss 0.0155 train 1.0000 test 0.1989
epoch 63/200 loss 0.0166 train 1.0000 test 0.2001
epoch 64/200 loss 0.0172 train 1.0000 test 0.1995
epoch 65/200 loss 0.0166 train 1.0000 test 0.1980
epoch 66/200 loss 0.0171 train 1.0000 test 0.1963
epoch 67/200 loss 0.0159 train 1.0000 test 0.2016
epoch 68/200 loss 0.0166 train 1.0000 test 0.2017
epoch 69/200 loss 0.0174 train 1.0000 test 0.1978
epoch 70/200 loss 0.0167 train 1.0000 test 0.2011
epoch 71/200 loss 0.0169 train 1.0000 test 0.2012
epoch 72/200 loss 0.0162 train 1.0000 test 0.2025
epoch 73/200 loss 0.0170 train 1.0000 test 0.1982
epoch 74/200 loss 0.0166 train 1.0000 test 0.2016
epoch 75/200 loss 0.0160 train 1.0000 test 0.1984
epoch 76/200 loss 0.0165 train 1.0000 test 0.2029
epoch 77/200 loss 0.0172 train 1.0000 test 0.2021
epoch 78/200 loss 0.0171 train 1.0000 test 0.1992
epoch 79/200 loss 0.0166 train 1.0000 test 0.2020
epoch 80/200 loss 0.0162 train 1.0000 test 0.2009
epoch 81/200 loss 0.0166 train 1.0000 test 0.2032
epoch 82/200 loss 0.0169 train 1.0000 test 0.1992
epoch 83/200 loss 0.0159 train 1.0000 test 0.2030
epoch 84/200 loss 0.0164 train 1.0000 test 0.2004
epoch 85/200 loss 0.0163 train 1.0000 test 0.1963
epoch 86/200 loss 0.0376 train 0.9980 test 0.1784
epoch 87/200 loss 0.0825 train 0.9932 test 0.1613
epoch 88/200 loss 0.0807 train 0.9959 test 0.1647
epoch 89/200 loss 0.0812 train 0.9952 test 0.1587
epoch 90/200 loss 0.0632 train 0.9976 test 0.1825
epoch 91/200 loss 0.0702 train 0.9949 test 0.1671
epoch 92/200 loss 0.0720 train 0.9959 test 0.1575
epoch 93/200 loss 0.0613 train 0.9976 test 0.1796
epoch 94/200 loss 0.0617 train 0.9973 test 0.1635
epoch 95/200 loss 0.0402 train 0.9980 test 0.1751
epoch 96/200 loss 0.0286 train 0.9993 test 0.1805
epoch 97/200 loss 0.0250 train 0.9986 test 0.1902
epoch 98/200 loss 0.0154 train 1.0000 test 0.2012
epoch 99/200 loss 0.0122 train 1.0000 test 0.1998
epoch 100/200 loss 0.0105 train 1.0000 test 0.2069
epoch 101/200 loss 0.0095 train 1.0000 test 0.2031
epoch 102/200 loss 0.0096 train 1.0000 test 0.2053
epoch 103/200 loss 0.0093 train 1.0000 test 0.2067
epoch 104/200 loss 0.0098 train 1.0000 test 0.2042
epoch 105/200 loss 0.0092 train 1.0000 test 0.2052
epoch 106/200 loss 0.0092 train 1.0000 test 0.2056
epoch 107/200 loss 0.0093 train 1.0000 test 0.2043
epoch 108/200 loss 0.0096 train 1.0000 test 0.2044
epoch 109/200 loss 0.0092 train 1.0000 test 0.2029
epoch 110/200 loss 0.0098 train 1.0000 test 0.2076
epoch 111/200 loss 0.0096 train 1.0000 test 0.2066
epoch 112/200 loss 0.0099 train 1.0000 test 0.2065
epoch 113/200 loss 0.0094 train 1.0000 test 0.2059
epoch 114/200 loss 0.0096 train 1.0000 test 0.2064
epoch 115/200 loss 0.0099 train 1.0000 test 0.2061
epoch 116/200 loss 0.0099 train 1.0000 test 0.2071
epoch 117/200 loss 0.0099 train 1.0000 test 0.2082
epoch 118/200 loss 0.0099 train 1.0000 test 0.2082
epoch 119/200 loss 0.0100 train 1.0000 test 0.2055
epoch 120/200 loss 0.0102 train 1.0000 test 0.2065
epoch 121/200 loss 0.0101 train 1.0000 test 0.2085
epoch 122/200 loss 0.0102 train 1.0000 test 0.2062
epoch 123/200 loss 0.0099 train 1.0000 test 0.2084
epoch 124/200 loss 0.0105 train 1.0000 test 0.2069
epoch 125/200 loss 0.0102 train 1.0000 test 0.2070
epoch 126/200 loss 0.0102 train 1.0000 test 0.2094
epoch 127/200 loss 0.0108 train 1.0000 test 0.2059
epoch 128/200 loss 0.0102 train 1.0000 test 0.2087
epoch 129/200 loss 0.0103 train 1.0000 test 0.2087
epoch 130/200 loss 0.0105 train 1.0000 test 0.2060
epoch 131/200 loss 0.0110 train 1.0000 test 0.2069
epoch 132/200 loss 0.0106 train 1.0000 test 0.2073
epoch 133/200 loss 0.0101 train 1.0000 test 0.2070
epoch 134/200 loss 0.0103 train 1.0000 test 0.2082
epoch 135/200 loss 0.0108 train 1.0000 test 0.2089
epoch 136/200 loss 0.0106 train 1.0000 test 0.2071
epoch 137/200 loss 0.0108 train 1.0000 test 0.2083
epoch 138/200 loss 0.0108 train 1.0000 test 0.2072
epoch 139/200 loss 0.0105 train 1.0000 test 0.2062
epoch 140/200 loss 0.0106 train 1.0000 test 0.2070
epoch 141/200 loss 0.0104 train 1.0000 test 0.2073
epoch 142/200 loss 0.0107 train 1.0000 test 0.2074
epoch 143/200 loss 0.0106 train 1.0000 test 0.2075
epoch 144/200 loss 0.0106 train 1.0000 test 0.2072
epoch 145/200 loss 0.0105 train 1.0000 test 0.2067
epoch 146/200 loss 0.0104 train 1.0000 test 0.2111
epoch 147/200 loss 0.0105 train 1.0000 test 0.2080
epoch 148/200 loss 0.0106 train 1.0000 test 0.2082
epoch 149/200 loss 0.0106 train 1.0000 test 0.2080
epoch 150/200 loss 0.0107 train 1.0000 test 0.2072
epoch 151/200 loss 0.0103 train 1.0000 test 0.2071
epoch 152/200 loss 0.0106 train 1.0000 test 0.2077
epoch 153/200 loss 0.0105 train 1.0000 test 0.2083
epoch 154/200 loss 0.0106 train 1.0000 test 0.2085
epoch 155/200 loss 0.0102 train 1.0000 test 0.2086
epoch 156/200 loss 0.0107 train 1.0000 test 0.2091
epoch 157/200 loss 0.0104 train 1.0000 test 0.2076
epoch 158/200 loss 0.0106 train 1.0000 test 0.2079
epoch 159/200 loss 0.0104 train 1.0000 test 0.2074
epoch 160/200 loss 0.0101 train 1.0000 test 0.2095
epoch 161/200 loss 0.0107 train 1.0000 test 0.2074
epoch 162/200 loss 0.0104 train 1.0000 test 0.2067
epoch 163/200 loss 0.0103 train 1.0000 test 0.2089
epoch 164/200 loss 0.0104 train 1.0000 test 0.2069
epoch 165/200 loss 0.0102 train 1.0000 test 0.2074
epoch 166/200 loss 0.0101 train 1.0000 test 0.2078
epoch 167/200 loss 0.0104 train 1.0000 test 0.2071
epoch 168/200 loss 0.0097 train 1.0000 test 0.2075
epoch 169/200 loss 0.0100 train 1.0000 test 0.2083
epoch 170/200 loss 0.0104 train 1.0000 test 0.2085
epoch 171/200 loss 0.0101 train 1.0000 test 0.2089
epoch 172/200 loss 0.0098 train 1.0000 test 0.2088
epoch 173/200 loss 0.0102 train 1.0000 test 0.2082
epoch 174/200 loss 0.0102 train 1.0000 test 0.2075
epoch 175/200 loss 0.0105 train 1.0000 test 0.2081
epoch 176/200 loss 0.0100 train 1.0000 test 0.2084
epoch 177/200 loss 0.0103 train 1.0000 test 0.2083
epoch 178/200 loss 0.0103 train 1.0000 test 0.2090
epoch 179/200 loss 0.0100 train 1.0000 test 0.2087
epoch 180/200 loss 0.0104 train 1.0000 test 0.2082
epoch 181/200 loss 0.0102 train 1.0000 test 0.2084
epoch 182/200 loss 0.0104 train 1.0000 test 0.2086
epoch 183/200 loss 0.0101 train 1.0000 test 0.2087
epoch 184/200 loss 0.0100 train 1.0000 test 0.2076
epoch 185/200 loss 0.0103 train 1.0000 test 0.2085
epoch 186/200 loss 0.0100 train 1.0000 test 0.2081
epoch 187/200 loss 0.0103 train 1.0000 test 0.2084
epoch 188/200 loss 0.0103 train 1.0000 test 0.2092
epoch 189/200 loss 0.0101 train 1.0000 test 0.2083
epoch 190/200 loss 0.0102 train 1.0000 test 0.2096
epoch 191/200 loss 0.0103 train 1.0000 test 0.2087
epoch 192/200 loss 0.0101 train 1.0000 test 0.2090
epoch 193/200 loss 0.0105 train 1.0000 test 0.2087
epoch 194/200 loss 0.0096 train 1.0000 test 0.2087
epoch 195/200 loss 0.0103 train 1.0000 test 0.2083
epoch 196/200 loss 0.0100 train 1.0000 test 0.2083
epoch 197/200 loss 0.0100 train 1.0000 test 0.2093
epoch 198/200 loss 0.0101 train 1.0000 test 0.2095
epoch 199/200 loss 0.0098 train 1.0000 test 0.2073
epoch 200/200 loss 0.0100 train 1.0000 test 0.2091
done: final 0.2091 best 0.2111 -> ./runs/diagssl_tin_simclr_3pct/seed0
OK ssl_tin 3 0
=== pretrain tin 3pct seed 1 ===
pretrain optimizer: sgd lr=0.3
pretrain epoch 1/200 loss 5.0545
pretrain epoch 10/200 loss 4.0917
pretrain epoch 20/200 loss 3.2761
pretrain epoch 30/200 loss 3.0047
pretrain epoch 40/200 loss 2.7959
pretrain epoch 50/200 loss 2.6578
pretrain epoch 60/200 loss 2.5291
pretrain epoch 70/200 loss 2.4414
pretrain epoch 80/200 loss 2.3353
pretrain epoch 90/200 loss 2.2372
pretrain epoch 100/200 loss 2.1919
pretrain epoch 110/200 loss 2.1075
pretrain epoch 120/200 loss 2.0505
pretrain epoch 130/200 loss 2.0378
pretrain epoch 140/200 loss 1.9745
pretrain epoch 150/200 loss 1.9291
pretrain epoch 160/200 loss 1.9254
pretrain epoch 170/200 loss 1.8696
pretrain epoch 180/200 loss 1.8495
pretrain epoch 190/200 loss 1.8615
pretrain epoch 200/200 loss 1.8556
saved 120 tensors (4600 steps) -> runs/simclr_pre_tin_3pct/seed1/pretrain.pt
=== diagssl_tin_simclr_3pct seed 1 ===
init_from runs/simclr_pre_tin_3pct/seed1/pretrain.pt: 120 tensors, 2 left at fresh init
[diagssl_tin_simclr_3pct seed1] {"params_trainable": 11271432, "params_stem_trainable": 0, "params_stem_fixed_filters": 0, "flops_total": 2226720768, "flops_stem": 0, "flops_image_size": 64}
epoch 1/200 loss 5.2887 train 0.0102 test 0.0310
epoch 2/200 loss 5.1300 train 0.0367 test 0.0364
epoch 3/200 loss 4.8510 train 0.0608 test 0.0614
epoch 4/200 loss 4.4312 train 0.0982 test 0.0812
epoch 5/200 loss 4.0019 train 0.1328 test 0.0956
epoch 6/200 loss 3.6883 train 0.1573 test 0.0917
epoch 7/200 loss 3.4710 train 0.1957 test 0.0984
epoch 8/200 loss 3.2763 train 0.2188 test 0.1110
epoch 9/200 loss 3.1409 train 0.2371 test 0.1037
epoch 10/200 loss 2.9720 train 0.2582 test 0.0968
epoch 11/200 loss 2.8496 train 0.2826 test 0.1186
epoch 12/200 loss 2.6916 train 0.3088 test 0.1109
epoch 13/200 loss 2.5225 train 0.3448 test 0.1086
epoch 14/200 loss 2.4315 train 0.3679 test 0.0867
epoch 15/200 loss 2.2255 train 0.4249 test 0.1125
epoch 16/200 loss 2.1193 train 0.4406 test 0.1154
epoch 17/200 loss 2.0340 train 0.4521 test 0.1086
epoch 18/200 loss 1.8919 train 0.4878 test 0.0881
epoch 19/200 loss 1.7608 train 0.5211 test 0.1142
epoch 20/200 loss 1.6245 train 0.5526 test 0.1209
epoch 21/200 loss 1.4315 train 0.6022 test 0.1162
epoch 22/200 loss 1.3480 train 0.6304 test 0.0992
epoch 23/200 loss 1.2462 train 0.6484 test 0.1164
epoch 24/200 loss 1.0661 train 0.7072 test 0.1186
epoch 25/200 loss 0.9250 train 0.7432 test 0.1270
epoch 26/200 loss 0.9210 train 0.7463 test 0.1236
epoch 27/200 loss 0.8222 train 0.7728 test 0.1135
epoch 28/200 loss 0.7109 train 0.8108 test 0.1390
epoch 29/200 loss 0.6012 train 0.8410 test 0.1288
epoch 30/200 loss 0.5132 train 0.8668 test 0.1278
epoch 31/200 loss 0.4346 train 0.8991 test 0.1233
epoch 32/200 loss 0.3980 train 0.8981 test 0.1389
epoch 33/200 loss 0.3460 train 0.9192 test 0.1333
epoch 34/200 loss 0.3056 train 0.9365 test 0.1504
epoch 35/200 loss 0.2465 train 0.9443 test 0.1533
epoch 36/200 loss 0.2102 train 0.9582 test 0.1574
epoch 37/200 loss 0.1495 train 0.9759 test 0.1578
epoch 38/200 loss 0.1142 train 0.9844 test 0.1625
epoch 39/200 loss 0.0834 train 0.9901 test 0.1713
epoch 40/200 loss 0.0562 train 0.9963 test 0.1698
epoch 41/200 loss 0.0516 train 0.9935 test 0.1769
epoch 42/200 loss 0.0439 train 0.9973 test 0.1657
epoch 43/200 loss 0.0349 train 0.9980 test 0.1864
epoch 44/200 loss 0.0264 train 0.9993 test 0.1912
epoch 45/200 loss 0.0186 train 1.0000 test 0.1941
epoch 46/200 loss 0.0159 train 1.0000 test 0.1956
epoch 47/200 loss 0.0150 train 1.0000 test 0.1981
epoch 48/200 loss 0.0153 train 1.0000 test 0.1965
epoch 49/200 loss 0.0145 train 1.0000 test 0.1957
epoch 50/200 loss 0.0144 train 1.0000 test 0.1954
epoch 51/200 loss 0.0141 train 1.0000 test 0.1989
epoch 52/200 loss 0.0146 train 1.0000 test 0.1980
epoch 53/200 loss 0.0146 train 1.0000 test 0.1995
epoch 54/200 loss 0.0148 train 1.0000 test 0.1986
epoch 55/200 loss 0.0154 train 1.0000 test 0.1969
epoch 56/200 loss 0.0152 train 1.0000 test 0.1976
epoch 57/200 loss 0.0154 train 1.0000 test 0.1999
epoch 58/200 loss 0.0152 train 1.0000 test 0.1991
epoch 59/200 loss 0.0159 train 1.0000 test 0.1978
epoch 60/200 loss 0.0159 train 1.0000 test 0.2013
epoch 61/200 loss 0.0158 train 1.0000 test 0.1993
epoch 62/200 loss 0.0167 train 1.0000 test 0.1992
epoch 63/200 loss 0.0164 train 1.0000 test 0.2006
epoch 64/200 loss 0.0166 train 1.0000 test 0.2012
epoch 65/200 loss 0.0171 train 1.0000 test 0.1990
epoch 66/200 loss 0.0160 train 1.0000 test 0.2007
epoch 67/200 loss 0.0170 train 1.0000 test 0.1977
epoch 68/200 loss 0.0167 train 1.0000 test 0.2001
epoch 69/200 loss 0.0169 train 1.0000 test 0.2001
epoch 70/200 loss 0.0165 train 1.0000 test 0.1990
epoch 71/200 loss 0.0165 train 1.0000 test 0.2016
epoch 72/200 loss 0.0164 train 1.0000 test 0.1990
epoch 73/200 loss 0.0164 train 1.0000 test 0.1975
epoch 74/200 loss 0.0167 train 1.0000 test 0.2000
epoch 75/200 loss 0.0162 train 1.0000 test 0.1997
epoch 76/200 loss 0.0166 train 1.0000 test 0.2000
epoch 77/200 loss 0.0168 train 1.0000 test 0.2002
epoch 78/200 loss 0.0165 train 1.0000 test 0.1992
epoch 79/200 loss 0.0164 train 1.0000 test 0.2009
epoch 80/200 loss 0.0160 train 1.0000 test 0.2017
epoch 81/200 loss 0.0167 train 1.0000 test 0.1997
epoch 82/200 loss 0.0164 train 1.0000 test 0.1995
epoch 83/200 loss 0.0161 train 1.0000 test 0.2005
epoch 84/200 loss 0.0154 train 1.0000 test 0.2004
epoch 85/200 loss 0.0152 train 1.0000 test 0.2017
epoch 86/200 loss 0.0156 train 1.0000 test 0.1978
epoch 87/200 loss 0.0148 train 1.0000 test 0.1993
epoch 88/200 loss 0.0147 train 1.0000 test 0.2029
epoch 89/200 loss 0.0152 train 1.0000 test 0.1992
epoch 90/200 loss 0.0151 train 1.0000 test 0.2031
epoch 91/200 loss 0.0156 train 1.0000 test 0.1989
epoch 92/200 loss 0.0145 train 1.0000 test 0.2008
epoch 93/200 loss 0.0142 train 1.0000 test 0.1988
epoch 94/200 loss 0.0141 train 1.0000 test 0.1975
epoch 95/200 loss 0.0146 train 1.0000 test 0.2016
epoch 96/200 loss 0.0143 train 1.0000 test 0.2008
epoch 97/200 loss 0.0139 train 1.0000 test 0.2003
epoch 98/200 loss 0.0141 train 1.0000 test 0.1987
epoch 99/200 loss 0.0140 train 1.0000 test 0.2006
epoch 100/200 loss 0.0139 train 1.0000 test 0.1993
epoch 101/200 loss 0.0139 train 1.0000 test 0.2017
epoch 102/200 loss 0.0140 train 1.0000 test 0.2010
epoch 103/200 loss 0.0136 train 1.0000 test 0.2008
epoch 104/200 loss 0.0133 train 1.0000 test 0.2000
epoch 105/200 loss 0.0141 train 1.0000 test 0.1996
epoch 106/200 loss 0.0137 train 1.0000 test 0.2010
epoch 107/200 loss 0.0134 train 1.0000 test 0.1997
epoch 108/200 loss 0.0128 train 1.0000 test 0.2009
epoch 109/200 loss 0.0139 train 1.0000 test 0.2015
epoch 110/200 loss 0.0134 train 1.0000 test 0.1987
epoch 111/200 loss 0.0131 train 1.0000 test 0.1983
epoch 112/200 loss 0.0127 train 1.0000 test 0.1986
epoch 113/200 loss 0.0126 train 1.0000 test 0.1996
epoch 114/200 loss 0.0122 train 1.0000 test 0.2000
epoch 115/200 loss 0.0126 train 1.0000 test 0.2018
epoch 116/200 loss 0.0134 train 1.0000 test 0.1953
epoch 117/200 loss 0.0134 train 1.0000 test 0.1998
epoch 118/200 loss 0.0126 train 1.0000 test 0.2000
epoch 119/200 loss 0.0124 train 1.0000 test 0.2010
epoch 120/200 loss 0.0121 train 1.0000 test 0.2008
epoch 121/200 loss 0.0121 train 1.0000 test 0.1989
epoch 122/200 loss 0.0121 train 1.0000 test 0.2014
epoch 123/200 loss 0.0128 train 1.0000 test 0.2036
epoch 124/200 loss 0.0119 train 1.0000 test 0.2016
epoch 125/200 loss 0.0117 train 1.0000 test 0.2001
epoch 126/200 loss 0.0119 train 1.0000 test 0.2011
epoch 127/200 loss 0.0118 train 1.0000 test 0.2026
epoch 128/200 loss 0.0114 train 1.0000 test 0.2030
epoch 129/200 loss 0.0117 train 1.0000 test 0.2021
epoch 130/200 loss 0.0111 train 1.0000 test 0.2016
epoch 131/200 loss 0.0112 train 1.0000 test 0.2000
epoch 132/200 loss 0.0115 train 1.0000 test 0.2030
epoch 133/200 loss 0.0112 train 1.0000 test 0.2018
epoch 134/200 loss 0.0110 train 1.0000 test 0.2028
epoch 135/200 loss 0.0109 train 1.0000 test 0.2028
epoch 136/200 loss 0.0111 train 1.0000 test 0.2017
epoch 137/200 loss 0.0112 train 1.0000 test 0.2014
epoch 138/200 loss 0.0107 train 1.0000 test 0.2033
epoch 139/200 loss 0.0108 train 1.0000 test 0.2044
epoch 140/200 loss 0.0110 train 1.0000 test 0.2002
epoch 141/200 loss 0.0105 train 1.0000 test 0.2022
epoch 142/200 loss 0.0110 train 1.0000 test 0.2021
epoch 143/200 loss 0.0109 train 1.0000 test 0.2033
epoch 144/200 loss 0.0107 train 1.0000 test 0.2027
epoch 145/200 loss 0.0105 train 1.0000 test 0.2031
epoch 146/200 loss 0.0106 train 1.0000 test 0.2031
epoch 147/200 loss 0.0106 train 1.0000 test 0.2011
epoch 148/200 loss 0.0103 train 1.0000 test 0.2028
epoch 149/200 loss 0.0106 train 1.0000 test 0.2012
epoch 150/200 loss 0.0108 train 1.0000 test 0.2034
epoch 151/200 loss 0.0105 train 1.0000 test 0.2032
epoch 152/200 loss 0.0101 train 1.0000 test 0.2020
epoch 153/200 loss 0.0101 train 1.0000 test 0.2039
epoch 154/200 loss 0.0105 train 1.0000 test 0.2021
epoch 155/200 loss 0.0104 train 1.0000 test 0.2003
epoch 156/200 loss 0.0100 train 1.0000 test 0.2038
epoch 157/200 loss 0.0104 train 1.0000 test 0.2037
epoch 158/200 loss 0.0103 train 1.0000 test 0.2026
epoch 159/200 loss 0.0100 train 1.0000 test 0.2007
epoch 160/200 loss 0.0103 train 1.0000 test 0.2019
epoch 161/200 loss 0.0099 train 1.0000 test 0.2034
epoch 162/200 loss 0.0099 train 1.0000 test 0.2016
epoch 163/200 loss 0.0103 train 1.0000 test 0.2044
epoch 164/200 loss 0.0100 train 1.0000 test 0.2027
epoch 165/200 loss 0.0103 train 1.0000 test 0.2032
epoch 166/200 loss 0.0100 train 1.0000 test 0.2045
epoch 167/200 loss 0.0105 train 1.0000 test 0.2045
epoch 168/200 loss 0.0098 train 1.0000 test 0.2042
epoch 169/200 loss 0.0098 train 1.0000 test 0.2026
epoch 170/200 loss 0.0099 train 1.0000 test 0.2022
epoch 171/200 loss 0.0101 train 1.0000 test 0.2030
epoch 172/200 loss 0.0098 train 1.0000 test 0.2027
epoch 173/200 loss 0.0098 train 1.0000 test 0.2028
epoch 174/200 loss 0.0097 train 1.0000 test 0.2028
epoch 175/200 loss 0.0100 train 1.0000 test 0.2025
epoch 176/200 loss 0.0096 train 1.0000 test 0.2046
epoch 177/200 loss 0.0096 train 1.0000 test 0.2037
epoch 178/200 loss 0.0098 train 1.0000 test 0.2029
epoch 179/200 loss 0.0097 train 1.0000 test 0.2038
epoch 180/200 loss 0.0096 train 1.0000 test 0.2035
epoch 181/200 loss 0.0097 train 1.0000 test 0.2040
epoch 182/200 loss 0.0100 train 1.0000 test 0.2025
epoch 183/200 loss 0.0097 train 1.0000 test 0.2034
epoch 184/200 loss 0.0099 train 1.0000 test 0.2041
epoch 185/200 loss 0.0099 train 1.0000 test 0.2041
epoch 186/200 loss 0.0099 train 1.0000 test 0.2045
epoch 187/200 loss 0.0097 train 1.0000 test 0.2038
epoch 188/200 loss 0.0102 train 1.0000 test 0.2039
epoch 189/200 loss 0.0100 train 1.0000 test 0.2037
epoch 190/200 loss 0.0097 train 1.0000 test 0.2032
epoch 191/200 loss 0.0098 train 1.0000 test 0.2021
epoch 192/200 loss 0.0096 train 1.0000 test 0.2039
epoch 193/200 loss 0.0096 train 1.0000 test 0.2043
epoch 194/200 loss 0.0101 train 1.0000 test 0.2037
epoch 195/200 loss 0.0100 train 1.0000 test 0.2055
epoch 196/200 loss 0.0096 train 1.0000 test 0.2049
epoch 197/200 loss 0.0095 train 1.0000 test 0.2041
epoch 198/200 loss 0.0097 train 1.0000 test 0.2038
epoch 199/200 loss 0.0096 train 1.0000 test 0.2034
epoch 200/200 loss 0.0096 train 1.0000 test 0.2032
done: final 0.2032 best 0.2055 -> ./runs/diagssl_tin_simclr_3pct/seed1
OK ssl_tin 3 1
=== pretrain tin 3pct seed 2 ===
pretrain optimizer: sgd lr=0.3
pretrain epoch 1/200 loss 5.2004
pretrain epoch 10/200 loss 4.1325
pretrain epoch 20/200 loss 3.3508
pretrain epoch 30/200 loss 3.0812
pretrain epoch 40/200 loss 2.8254
pretrain epoch 50/200 loss 2.6080
pretrain epoch 60/200 loss 2.4797
pretrain epoch 70/200 loss 2.3834
pretrain epoch 80/200 loss 2.2999
pretrain epoch 90/200 loss 2.2597
pretrain epoch 100/200 loss 2.1613
pretrain epoch 110/200 loss 2.1349
pretrain epoch 120/200 loss 2.0739
pretrain epoch 130/200 loss 2.0142
pretrain epoch 140/200 loss 1.9794
pretrain epoch 150/200 loss 1.9459
pretrain epoch 160/200 loss 1.9162
pretrain epoch 170/200 loss 1.8614
pretrain epoch 180/200 loss 1.8731
pretrain epoch 190/200 loss 1.8414
pretrain epoch 200/200 loss 1.8429
saved 120 tensors (4600 steps) -> runs/simclr_pre_tin_3pct/seed2/pretrain.pt
=== diagssl_tin_simclr_3pct seed 2 ===
init_from runs/simclr_pre_tin_3pct/seed2/pretrain.pt: 120 tensors, 2 left at fresh init
[diagssl_tin_simclr_3pct seed2] {"params_trainable": 11271432, "params_stem_trainable": 0, "params_stem_fixed_filters": 0, "flops_total": 2226720768, "flops_stem": 0, "flops_image_size": 64}
epoch 1/200 loss 5.2860 train 0.0082 test 0.0238
epoch 2/200 loss 5.1503 train 0.0397 test 0.0350
epoch 3/200 loss 4.8991 train 0.0649 test 0.0613
epoch 4/200 loss 4.4927 train 0.0887 test 0.0743
epoch 5/200 loss 4.0672 train 0.1213 test 0.0942
epoch 6/200 loss 3.7540 train 0.1546 test 0.0953
epoch 7/200 loss 3.5145 train 0.1814 test 0.0983
epoch 8/200 loss 3.3273 train 0.2058 test 0.1004
epoch 9/200 loss 3.1893 train 0.2242 test 0.0973
epoch 10/200 loss 2.9857 train 0.2653 test 0.0958
epoch 11/200 loss 2.8500 train 0.2948 test 0.0936
epoch 12/200 loss 2.7128 train 0.3193 test 0.0963
epoch 13/200 loss 2.6172 train 0.3339 test 0.1166
epoch 14/200 loss 2.4421 train 0.3689 test 0.1043
epoch 15/200 loss 2.2716 train 0.4110 test 0.1187
epoch 16/200 loss 2.1729 train 0.4195 test 0.1172
epoch 17/200 loss 2.0353 train 0.4586 test 0.1038
epoch 18/200 loss 1.8520 train 0.5051 test 0.1009
epoch 19/200 loss 1.7339 train 0.5234 test 0.1035
epoch 20/200 loss 1.6695 train 0.5414 test 0.1000
epoch 21/200 loss 1.5468 train 0.5829 test 0.0986
epoch 22/200 loss 1.3615 train 0.6165 test 0.1171
epoch 23/200 loss 1.2514 train 0.6542 test 0.1005
epoch 24/200 loss 1.1956 train 0.6576 test 0.1097
epoch 25/200 loss 1.0542 train 0.7120 test 0.1136
epoch 26/200 loss 0.8691 train 0.7670 test 0.1130
epoch 27/200 loss 0.7599 train 0.7993 test 0.1057
epoch 28/200 loss 0.6386 train 0.8370 test 0.1253
epoch 29/200 loss 0.5456 train 0.8692 test 0.1341
epoch 30/200 loss 0.5046 train 0.8740 test 0.1144
epoch 31/200 loss 0.4314 train 0.8944 test 0.1314
epoch 32/200 loss 0.3905 train 0.9083 test 0.1187
epoch 33/200 loss 0.3315 train 0.9270 test 0.1356
epoch 34/200 loss 0.3056 train 0.9317 test 0.1382
epoch 35/200 loss 0.2513 train 0.9487 test 0.1403
epoch 36/200 loss 0.2066 train 0.9606 test 0.1630
epoch 37/200 loss 0.1804 train 0.9633 test 0.1398
epoch 38/200 loss 0.1419 train 0.9728 test 0.1529
epoch 39/200 loss 0.1303 train 0.9759 test 0.1571
epoch 40/200 loss 0.1092 train 0.9834 test 0.1624
epoch 41/200 loss 0.0700 train 0.9946 test 0.1693
epoch 42/200 loss 0.0419 train 0.9983 test 0.1828
epoch 43/200 loss 0.0315 train 0.9983 test 0.1721
epoch 44/200 loss 0.0276 train 0.9990 test 0.1823
epoch 45/200 loss 0.0215 train 0.9997 test 0.1891
epoch 46/200 loss 0.0167 train 1.0000 test 0.1884
epoch 47/200 loss 0.0154 train 1.0000 test 0.1883
epoch 48/200 loss 0.0146 train 1.0000 test 0.1924
epoch 49/200 loss 0.0143 train 1.0000 test 0.1951
epoch 50/200 loss 0.0135 train 1.0000 test 0.1943
epoch 51/200 loss 0.0138 train 1.0000 test 0.1935
epoch 52/200 loss 0.0136 train 1.0000 test 0.1943
epoch 53/200 loss 0.0147 train 1.0000 test 0.1947
epoch 54/200 loss 0.0207 train 0.9990 test 0.1885
epoch 55/200 loss 0.0272 train 0.9980 test 0.1857
epoch 56/200 loss 0.0273 train 0.9993 test 0.1846
epoch 57/200 loss 0.0261 train 0.9990 test 0.1878
epoch 58/200 loss 0.0190 train 1.0000 test 0.1926
epoch 59/200 loss 0.0162 train 1.0000 test 0.1945
epoch 60/200 loss 0.0161 train 1.0000 test 0.1947
epoch 61/200 loss 0.0154 train 1.0000 test 0.1944
epoch 62/200 loss 0.0157 train 1.0000 test 0.1985
epoch 63/200 loss 0.0155 train 1.0000 test 0.1969
epoch 64/200 loss 0.0159 train 1.0000 test 0.1965
epoch 65/200 loss 0.0167 train 1.0000 test 0.1942
epoch 66/200 loss 0.0160 train 1.0000 test 0.1959
epoch 67/200 loss 0.0160 train 1.0000 test 0.1951
epoch 68/200 loss 0.0160 train 1.0000 test 0.1962
epoch 69/200 loss 0.0154 train 1.0000 test 0.1993
epoch 70/200 loss 0.0170 train 1.0000 test 0.1914
epoch 71/200 loss 0.0168 train 1.0000 test 0.1944
epoch 72/200 loss 0.0171 train 1.0000 test 0.1955
epoch 73/200 loss 0.0168 train 1.0000 test 0.1950
epoch 74/200 loss 0.0167 train 1.0000 test 0.1971
epoch 75/200 loss 0.0163 train 1.0000 test 0.1969
epoch 76/200 loss 0.0172 train 1.0000 test 0.1947
epoch 77/200 loss 0.0175 train 1.0000 test 0.1986
epoch 78/200 loss 0.0168 train 1.0000 test 0.1947
epoch 79/200 loss 0.0164 train 1.0000 test 0.1977
epoch 80/200 loss 0.0163 train 1.0000 test 0.1973
epoch 81/200 loss 0.0152 train 1.0000 test 0.1975
epoch 82/200 loss 0.0158 train 1.0000 test 0.1979
epoch 83/200 loss 0.0159 train 1.0000 test 0.1984
epoch 84/200 loss 0.0162 train 1.0000 test 0.1977
epoch 85/200 loss 0.0152 train 1.0000 test 0.2019
epoch 86/200 loss 0.0155 train 1.0000 test 0.1993
epoch 87/200 loss 0.0154 train 1.0000 test 0.1982
epoch 88/200 loss 0.0156 train 1.0000 test 0.2003
epoch 89/200 loss 0.0153 train 1.0000 test 0.1993
epoch 90/200 loss 0.0149 train 1.0000 test 0.2008
epoch 91/200 loss 0.0151 train 1.0000 test 0.2024
epoch 92/200 loss 0.0155 train 1.0000 test 0.2003
epoch 93/200 loss 0.0146 train 1.0000 test 0.1992
epoch 94/200 loss 0.0143 train 1.0000 test 0.1980
epoch 95/200 loss 0.0151 train 1.0000 test 0.2017
epoch 96/200 loss 0.0149 train 1.0000 test 0.2000
epoch 97/200 loss 0.0151 train 1.0000 test 0.2017
epoch 98/200 loss 0.0149 train 1.0000 test 0.1975
epoch 99/200 loss 0.0151 train 1.0000 test 0.2027
epoch 100/200 loss 0.0140 train 1.0000 test 0.2018
epoch 101/200 loss 0.0140 train 1.0000 test 0.1981
epoch 102/200 loss 0.0136 train 1.0000 test 0.2010
epoch 103/200 loss 0.0139 train 1.0000 test 0.2006
epoch 104/200 loss 0.0136 train 1.0000 test 0.2022
epoch 105/200 loss 0.0139 train 1.0000 test 0.2001
epoch 106/200 loss 0.0140 train 1.0000 test 0.2012
epoch 107/200 loss 0.0134 train 1.0000 test 0.2017
epoch 108/200 loss 0.0130 train 1.0000 test 0.2016
epoch 109/200 loss 0.0129 train 1.0000 test 0.2015
epoch 110/200 loss 0.0134 train 1.0000 test 0.2019
epoch 111/200 loss 0.0136 train 1.0000 test 0.2008
epoch 112/200 loss 0.0135 train 1.0000 test 0.2019
epoch 113/200 loss 0.0132 train 1.0000 test 0.2005
epoch 114/200 loss 0.0143 train 1.0000 test 0.2008
epoch 115/200 loss 0.0128 train 1.0000 test 0.2036
epoch 116/200 loss 0.0134 train 1.0000 test 0.1985
epoch 117/200 loss 0.0133 train 1.0000 test 0.2017
epoch 118/200 loss 0.0124 train 1.0000 test 0.2011
epoch 119/200 loss 0.0125 train 1.0000 test 0.2047
epoch 120/200 loss 0.0128 train 1.0000 test 0.2016
epoch 121/200 loss 0.0125 train 1.0000 test 0.2049
epoch 122/200 loss 0.0121 train 1.0000 test 0.2020
epoch 123/200 loss 0.0122 train 1.0000 test 0.2035
epoch 124/200 loss 0.0119 train 1.0000 test 0.2021
epoch 125/200 loss 0.0121 train 1.0000 test 0.2051
epoch 126/200 loss 0.0123 train 1.0000 test 0.2041
epoch 127/200 loss 0.0120 train 1.0000 test 0.2005
epoch 128/200 loss 0.0118 train 1.0000 test 0.2057
epoch 129/200 loss 0.0119 train 1.0000 test 0.2016
epoch 130/200 loss 0.0120 train 1.0000 test 0.2053
epoch 131/200 loss 0.0120 train 1.0000 test 0.1992
epoch 132/200 loss 0.0114 train 1.0000 test 0.2021
epoch 133/200 loss 0.0116 train 1.0000 test 0.2051
epoch 134/200 loss 0.0118 train 1.0000 test 0.2047
epoch 135/200 loss 0.0114 train 1.0000 test 0.2042
epoch 136/200 loss 0.0116 train 1.0000 test 0.2066
epoch 137/200 loss 0.0114 train 1.0000 test 0.2048
epoch 138/200 loss 0.0113 train 1.0000 test 0.2033
epoch 139/200 loss 0.0111 train 1.0000 test 0.2055
epoch 140/200 loss 0.0112 train 1.0000 test 0.2048
epoch 141/200 loss 0.0106 train 1.0000 test 0.2044
epoch 142/200 loss 0.0112 train 1.0000 test 0.2040
epoch 143/200 loss 0.0119 train 1.0000 test 0.2053
epoch 144/200 loss 0.0115 train 1.0000 test 0.2017
epoch 145/200 loss 0.0108 train 1.0000 test 0.2053
epoch 146/200 loss 0.0110 train 1.0000 test 0.2041
epoch 147/200 loss 0.0111 train 1.0000 test 0.2039
epoch 148/200 loss 0.0106 train 1.0000 test 0.2057
epoch 149/200 loss 0.0112 train 1.0000 test 0.2042
epoch 150/200 loss 0.0111 train 1.0000 test 0.2058
epoch 151/200 loss 0.0104 train 1.0000 test 0.2046
epoch 152/200 loss 0.0113 train 1.0000 test 0.2048
epoch 153/200 loss 0.0105 train 1.0000 test 0.2036
epoch 154/200 loss 0.0106 train 1.0000 test 0.2035
epoch 155/200 loss 0.0108 train 1.0000 test 0.2059
epoch 156/200 loss 0.0107 train 1.0000 test 0.2064
epoch 157/200 loss 0.0104 train 1.0000 test 0.2058
epoch 158/200 loss 0.0106 train 1.0000 test 0.2059
epoch 159/200 loss 0.0103 train 1.0000 test 0.2037
epoch 160/200 loss 0.0104 train 1.0000 test 0.2055
epoch 161/200 loss 0.0102 train 1.0000 test 0.2053
epoch 162/200 loss 0.0104 train 1.0000 test 0.2059
epoch 163/200 loss 0.0101 train 1.0000 test 0.2037
epoch 164/200 loss 0.0098 train 1.0000 test 0.2054
epoch 165/200 loss 0.0102 train 1.0000 test 0.2050
epoch 166/200 loss 0.0103 train 1.0000 test 0.2070
epoch 167/200 loss 0.0102 train 1.0000 test 0.2041
epoch 168/200 loss 0.0103 train 1.0000 test 0.2061
epoch 169/200 loss 0.0103 train 1.0000 test 0.2047
epoch 170/200 loss 0.0103 train 1.0000 test 0.2057
epoch 171/200 loss 0.0103 train 1.0000 test 0.2053
epoch 172/200 loss 0.0105 train 1.0000 test 0.2051
epoch 173/200 loss 0.0103 train 1.0000 test 0.2035
epoch 174/200 loss 0.0099 train 1.0000 test 0.2055
epoch 175/200 loss 0.0104 train 1.0000 test 0.2047
epoch 176/200 loss 0.0099 train 1.0000 test 0.2041
epoch 177/200 loss 0.0099 train 1.0000 test 0.2055
epoch 178/200 loss 0.0102 train 1.0000 test 0.2060
epoch 179/200 loss 0.0100 train 1.0000 test 0.2062
epoch 180/200 loss 0.0105 train 1.0000 test 0.2048
epoch 181/200 loss 0.0100 train 1.0000 test 0.2048
epoch 182/200 loss 0.0104 train 1.0000 test 0.2058
epoch 183/200 loss 0.0100 train 1.0000 test 0.2049
epoch 184/200 loss 0.0101 train 1.0000 test 0.2051
epoch 185/200 loss 0.0099 train 1.0000 test 0.2066
epoch 186/200 loss 0.0105 train 1.0000 test 0.2061
epoch 187/200 loss 0.0100 train 1.0000 test 0.2059
epoch 188/200 loss 0.0100 train 1.0000 test 0.2059
epoch 189/200 loss 0.0099 train 1.0000 test 0.2069
epoch 190/200 loss 0.0101 train 1.0000 test 0.2066
epoch 191/200 loss 0.0102 train 1.0000 test 0.2069
epoch 192/200 loss 0.0101 train 1.0000 test 0.2054
epoch 193/200 loss 0.0104 train 1.0000 test 0.2056
epoch 194/200 loss 0.0102 train 1.0000 test 0.2067
epoch 195/200 loss 0.0102 train 1.0000 test 0.2081
epoch 196/200 loss 0.0099 train 1.0000 test 0.2070
epoch 197/200 loss 0.0102 train 1.0000 test 0.2065
epoch 198/200 loss 0.0100 train 1.0000 test 0.2058
epoch 199/200 loss 0.0103 train 1.0000 test 0.2057
epoch 200/200 loss 0.0099 train 1.0000 test 0.2061
done: final 0.2061 best 0.2081 -> ./runs/diagssl_tin_simclr_3pct/seed2
OK ssl_tin 3 2
GENSSL_LOCAL_PCT_DONE 3
=== pretrain tin 7pct seed 0 ===
pretrain optimizer: sgd lr=0.3
pretrain epoch 1/200 loss 4.8976
pretrain epoch 10/200 loss 3.1733
pretrain epoch 20/200 loss 2.7088
pretrain epoch 30/200 loss 2.4383
pretrain epoch 40/200 loss 2.2936
pretrain epoch 50/200 loss 2.2048
pretrain epoch 60/200 loss 2.1031
pretrain epoch 70/200 loss 2.0528
pretrain epoch 80/200 loss 2.0182
pretrain epoch 90/200 loss 1.9571
pretrain epoch 100/200 loss 1.9363
pretrain epoch 110/200 loss 1.8813
pretrain epoch 120/200 loss 1.8340
pretrain epoch 130/200 loss 1.8074
pretrain epoch 140/200 loss 1.7741
pretrain epoch 150/200 loss 1.7359
pretrain epoch 160/200 loss 1.6968
pretrain epoch 170/200 loss 1.6742
pretrain epoch 180/200 loss 1.6354
pretrain epoch 190/200 loss 1.6161
pretrain epoch 200/200 loss 1.6112
saved 120 tensors (10800 steps) -> runs/simclr_pre_tin_7pct/seed0/pretrain.pt
=== diagssl_tin_simclr_7pct seed 0 ===
init_from runs/simclr_pre_tin_7pct/seed0/pretrain.pt: 120 tensors, 2 left at fresh init
[diagssl_tin_simclr_7pct seed0] {"params_trainable": 11271432, "params_stem_trainable": 0, "params_stem_fixed_filters": 0, "flops_total": 2226720768, "flops_stem": 0, "flops_image_size": 64}
epoch 1/200 loss 5.2172 train 0.0301 test 0.0508
epoch 2/200 loss 4.6596 train 0.0788 test 0.0899
epoch 3/200 loss 3.8769 train 0.1499 test 0.1171
epoch 4/200 loss 3.4940 train 0.2034 test 0.1155
epoch 5/200 loss 3.2470 train 0.2325 test 0.1445
epoch 6/200 loss 3.0186 train 0.2713 test 0.1331
epoch 7/200 loss 2.8747 train 0.3011 test 0.1108
epoch 8/200 loss 2.7509 train 0.3283 test 0.1537
epoch 9/200 loss 2.5467 train 0.3575 test 0.1626
epoch 10/200 loss 2.4298 train 0.3900 test 0.1687
epoch 11/200 loss 2.2647 train 0.4243 test 0.1671
epoch 12/200 loss 2.1829 train 0.4371 test 0.1738
epoch 13/200 loss 2.0049 train 0.4673 test 0.1530
epoch 14/200 loss 1.8570 train 0.5150 test 0.1548
epoch 15/200 loss 1.7947 train 0.5207 test 0.1767
epoch 16/200 loss 1.6418 train 0.5602 test 0.1735
epoch 17/200 loss 1.5238 train 0.5885 test 0.1733
epoch 18/200 loss 1.4021 train 0.6123 test 0.1952
epoch 19/200 loss 1.3430 train 0.6249 test 0.1860
epoch 20/200 loss 1.1666 train 0.6730 test 0.1837
epoch 21/200 loss 1.0439 train 0.7179 test 0.1874
epoch 22/200 loss 0.9190 train 0.7525 test 0.2023
epoch 23/200 loss 0.8815 train 0.7526 test 0.1801
epoch 24/200 loss 0.7766 train 0.7811 test 0.2102
epoch 25/200 loss 0.6759 train 0.8122 test 0.1953
epoch 26/200 loss 0.6127 train 0.8351 test 0.1915
epoch 27/200 loss 0.4889 train 0.8740 test 0.2258
epoch 28/200 loss 0.4162 train 0.8934 test 0.2122
epoch 29/200 loss 0.3815 train 0.9010 test 0.2246
epoch 30/200 loss 0.3892 train 0.8987 test 0.1979
epoch 31/200 loss 0.3749 train 0.9006 test 0.2168
epoch 32/200 loss 0.3118 train 0.9203 test 0.2348
epoch 33/200 loss 0.2695 train 0.9384 test 0.2349
epoch 34/200 loss 0.2126 train 0.9528 test 0.2331
epoch 35/200 loss 0.1836 train 0.9620 test 0.2480
epoch 36/200 loss 0.1462 train 0.9732 test 0.2351
epoch 37/200 loss 0.1379 train 0.9758 test 0.2509
epoch 38/200 loss 0.1071 train 0.9816 test 0.2330
epoch 39/200 loss 0.0918 train 0.9877 test 0.2534
epoch 40/200 loss 0.0611 train 0.9929 test 0.2824
epoch 41/200 loss 0.0317 train 0.9984 test 0.3092
epoch 42/200 loss 0.0207 train 0.9993 test 0.3049
epoch 43/200 loss 0.0241 train 0.9990 test 0.3048
epoch 44/200 loss 0.0171 train 1.0000 test 0.3176
epoch 45/200 loss 0.0152 train 1.0000 test 0.3130
epoch 46/200 loss 0.0147 train 1.0000 test 0.3159
epoch 47/200 loss 0.0157 train 1.0000 test 0.3271
epoch 48/200 loss 0.0171 train 1.0000 test 0.3223
epoch 49/200 loss 0.0177 train 1.0000 test 0.3172
epoch 50/200 loss 0.0192 train 1.0000 test 0.3232
epoch 51/200 loss 0.0234 train 0.9996 test 0.3142
epoch 52/200 loss 0.0223 train 1.0000 test 0.3209
epoch 53/200 loss 0.0205 train 1.0000 test 0.3165
epoch 54/200 loss 0.0197 train 1.0000 test 0.3141
epoch 55/200 loss 0.0210 train 1.0000 test 0.3183
epoch 56/200 loss 0.0209 train 1.0000 test 0.3209
epoch 57/200 loss 0.0220 train 1.0000 test 0.3225
epoch 58/200 loss 0.0215 train 1.0000 test 0.3169
epoch 59/200 loss 0.0230 train 1.0000 test 0.3179
epoch 60/200 loss 0.0237 train 1.0000 test 0.3056
epoch 61/200 loss 0.1278 train 0.9865 test 0.1357
epoch 62/200 loss 2.1776 train 0.4727 test 0.0528
epoch 63/200 loss 2.2851 train 0.4170 test 0.1206
epoch 64/200 loss 1.4899 train 0.6039 test 0.1525
epoch 65/200 loss 1.0034 train 0.7433 test 0.1764
epoch 66/200 loss 0.7024 train 0.8222 test 0.2012
epoch 67/200 loss 0.5185 train 0.8741 test 0.2082
epoch 68/200 loss 0.3520 train 0.9216 test 0.2089
epoch 69/200 loss 0.2465 train 0.9528 test 0.2330
epoch 70/200 loss 0.1510 train 0.9761 test 0.2631
epoch 71/200 loss 0.0963 train 0.9877 test 0.2509
epoch 72/200 loss 0.0629 train 0.9932 test 0.2839
epoch 73/200 loss 0.0391 train 0.9973 test 0.2904
epoch 74/200 loss 0.0240 train 0.9994 test 0.3136
epoch 75/200 loss 0.0152 train 1.0000 test 0.3145
epoch 76/200 loss 0.0123 train 1.0000 test 0.3206
epoch 77/200 loss 0.0118 train 1.0000 test 0.3244
epoch 78/200 loss 0.0129 train 1.0000 test 0.3222
epoch 79/200 loss 0.0132 train 1.0000 test 0.3244
epoch 80/200 loss 0.0137 train 1.0000 test 0.3253
epoch 81/200 loss 0.0138 train 1.0000 test 0.3232
epoch 82/200 loss 0.0145 train 1.0000 test 0.3239
epoch 83/200 loss 0.0157 train 1.0000 test 0.3247
epoch 84/200 loss 0.0158 train 1.0000 test 0.3254
epoch 85/200 loss 0.0162 train 1.0000 test 0.3240
epoch 86/200 loss 0.0167 train 1.0000 test 0.3256
epoch 87/200 loss 0.0172 train 1.0000 test 0.3245
epoch 88/200 loss 0.0171 train 1.0000 test 0.3244
epoch 89/200 loss 0.0167 train 1.0000 test 0.3266
epoch 90/200 loss 0.0170 train 1.0000 test 0.3251
epoch 91/200 loss 0.0179 train 1.0000 test 0.3239
epoch 92/200 loss 0.0177 train 1.0000 test 0.3258
epoch 93/200 loss 0.0178 train 1.0000 test 0.3265
epoch 94/200 loss 0.0178 train 1.0000 test 0.3271
epoch 95/200 loss 0.0176 train 1.0000 test 0.3250
epoch 96/200 loss 0.0171 train 1.0000 test 0.3236
epoch 97/200 loss 0.0170 train 1.0000 test 0.3275
epoch 98/200 loss 0.0173 train 1.0000 test 0.3253
epoch 99/200 loss 0.0170 train 1.0000 test 0.3283
epoch 100/200 loss 0.0167 train 1.0000 test 0.3288
epoch 101/200 loss 0.0171 train 1.0000 test 0.3278
epoch 102/200 loss 0.0172 train 1.0000 test 0.3252
epoch 103/200 loss 0.0172 train 1.0000 test 0.3268
epoch 104/200 loss 0.0171 train 1.0000 test 0.3239
epoch 105/200 loss 0.0175 train 1.0000 test 0.3232
epoch 106/200 loss 0.0167 train 1.0000 test 0.3261
epoch 107/200 loss 0.0161 train 1.0000 test 0.3255
epoch 108/200 loss 0.0170 train 1.0000 test 0.3263
epoch 109/200 loss 0.0162 train 1.0000 test 0.3294
epoch 110/200 loss 0.0166 train 1.0000 test 0.3226
epoch 111/200 loss 0.0160 train 1.0000 test 0.3205
epoch 112/200 loss 0.0165 train 1.0000 test 0.3237
epoch 113/200 loss 0.0164 train 1.0000 test 0.3282
epoch 114/200 loss 0.0164 train 1.0000 test 0.3304
epoch 115/200 loss 0.0162 train 1.0000 test 0.3298
epoch 116/200 loss 0.0162 train 1.0000 test 0.3241
epoch 117/200 loss 0.0154 train 1.0000 test 0.3254
epoch 118/200 loss 0.0150 train 1.0000 test 0.3311
epoch 119/200 loss 0.0149 train 1.0000 test 0.3261
epoch 120/200 loss 0.0146 train 1.0000 test 0.3278
epoch 121/200 loss 0.0146 train 1.0000 test 0.3284
epoch 122/200 loss 0.0163 train 0.9999 test 0.3184
epoch 123/200 loss 0.0399 train 0.9988 test 0.2718
epoch 124/200 loss 0.2349 train 0.9734 test 0.1538
epoch 125/200 loss 1.2104 train 0.7287 test 0.1035
epoch 126/200 loss 1.1268 train 0.7334 test 0.1502
epoch 127/200 loss 0.5755 train 0.8964 test 0.2231
epoch 128/200 loss 0.2215 train 0.9727 test 0.2587
epoch 129/200 loss 0.0831 train 0.9957 test 0.2948
epoch 130/200 loss 0.0300 train 0.9991 test 0.3122
epoch 131/200 loss 0.0214 train 0.9994 test 0.3178
epoch 132/200 loss 0.0204 train 0.9993 test 0.3146
epoch 133/200 loss 0.0133 train 1.0000 test 0.3252
epoch 134/200 loss 0.0114 train 1.0000 test 0.3268
epoch 135/200 loss 0.0095 train 1.0000 test 0.3278
epoch 136/200 loss 0.0095 train 1.0000 test 0.3281
epoch 137/200 loss 0.0094 train 1.0000 test 0.3272
epoch 138/200 loss 0.0088 train 1.0000 test 0.3278
epoch 139/200 loss 0.0090 train 1.0000 test 0.3265
epoch 140/200 loss 0.0086 train 1.0000 test 0.3302
epoch 141/200 loss 0.0089 train 1.0000 test 0.3294
epoch 142/200 loss 0.0088 train 1.0000 test 0.3287
epoch 143/200 loss 0.0090 train 0.9999 test 0.3287
epoch 144/200 loss 0.0089 train 1.0000 test 0.3304
epoch 145/200 loss 0.0087 train 1.0000 test 0.3279
epoch 146/200 loss 0.0089 train 1.0000 test 0.3307
epoch 147/200 loss 0.0089 train 1.0000 test 0.3307
epoch 148/200 loss 0.0093 train 1.0000 test 0.3305
epoch 149/200 loss 0.0089 train 1.0000 test 0.3308
epoch 150/200 loss 0.0090 train 1.0000 test 0.3314
epoch 151/200 loss 0.0091 train 1.0000 test 0.3305
epoch 152/200 loss 0.0091 train 1.0000 test 0.3322
epoch 153/200 loss 0.0088 train 1.0000 test 0.3311
epoch 154/200 loss 0.0089 train 1.0000 test 0.3300
epoch 155/200 loss 0.0090 train 1.0000 test 0.3304
epoch 156/200 loss 0.0088 train 1.0000 test 0.3286
epoch 157/200 loss 0.0090 train 1.0000 test 0.3306
epoch 158/200 loss 0.0093 train 1.0000 test 0.3320
epoch 159/200 loss 0.0092 train 1.0000 test 0.3321
epoch 160/200 loss 0.0091 train 1.0000 test 0.3311
epoch 161/200 loss 0.0092 train 1.0000 test 0.3311
epoch 162/200 loss 0.0093 train 1.0000 test 0.3321
epoch 163/200 loss 0.0092 train 1.0000 test 0.3312
epoch 164/200 loss 0.0091 train 1.0000 test 0.3303
epoch 165/200 loss 0.0096 train 1.0000 test 0.3322
epoch 166/200 loss 0.0093 train 1.0000 test 0.3327
epoch 167/200 loss 0.0093 train 1.0000 test 0.3353
epoch 168/200 loss 0.0091 train 1.0000 test 0.3309
epoch 169/200 loss 0.0092 train 1.0000 test 0.3311
epoch 170/200 loss 0.0091 train 1.0000 test 0.3319
epoch 171/200 loss 0.0091 train 1.0000 test 0.3307
epoch 172/200 loss 0.0093 train 1.0000 test 0.3322
epoch 173/200 loss 0.0094 train 1.0000 test 0.3333
epoch 174/200 loss 0.0096 train 1.0000 test 0.3318
epoch 175/200 loss 0.0095 train 1.0000 test 0.3323
epoch 176/200 loss 0.0092 train 1.0000 test 0.3331
epoch 177/200 loss 0.0094 train 1.0000 test 0.3335
epoch 178/200 loss 0.0093 train 1.0000 test 0.3329
epoch 179/200 loss 0.0095 train 1.0000 test 0.3331
epoch 180/200 loss 0.0094 train 1.0000 test 0.3332
epoch 181/200 loss 0.0096 train 1.0000 test 0.3322
epoch 182/200 loss 0.0092 train 1.0000 test 0.3327
epoch 183/200 loss 0.0091 train 1.0000 test 0.3321
epoch 184/200 loss 0.0094 train 1.0000 test 0.3329
epoch 185/200 loss 0.0094 train 1.0000 test 0.3332
epoch 186/200 loss 0.0091 train 1.0000 test 0.3330
epoch 187/200 loss 0.0094 train 1.0000 test 0.3341
epoch 188/200 loss 0.0093 train 1.0000 test 0.3341
epoch 189/200 loss 0.0096 train 1.0000 test 0.3339
epoch 190/200 loss 0.0095 train 1.0000 test 0.3337
epoch 191/200 loss 0.0093 train 1.0000 test 0.3334
epoch 192/200 loss 0.0094 train 1.0000 test 0.3338
epoch 193/200 loss 0.0092 train 1.0000 test 0.3338
epoch 194/200 loss 0.0093 train 1.0000 test 0.3320
epoch 195/200 loss 0.0093 train 1.0000 test 0.3321
epoch 196/200 loss 0.0094 train 1.0000 test 0.3346
epoch 197/200 loss 0.0094 train 1.0000 test 0.3338
epoch 198/200 loss 0.0093 train 1.0000 test 0.3344
epoch 199/200 loss 0.0093 train 1.0000 test 0.3331
epoch 200/200 loss 0.0092 train 1.0000 test 0.3333
done: final 0.3333 best 0.3353 -> ./runs/diagssl_tin_simclr_7pct/seed0
OK ssl_tin 7 0
=== pretrain tin 7pct seed 1 ===
pretrain optimizer: sgd lr=0.3
pretrain epoch 1/200 loss 5.3508
pretrain epoch 10/200 loss 3.5829
pretrain epoch 20/200 loss 2.9464
pretrain epoch 30/200 loss 2.5511
pretrain epoch 40/200 loss 2.3459
pretrain epoch 50/200 loss 2.2340
pretrain epoch 60/200 loss 2.1794
pretrain epoch 70/200 loss 2.1057
pretrain epoch 80/200 loss 2.0395
pretrain epoch 90/200 loss 1.9907
pretrain epoch 100/200 loss 1.9630
pretrain epoch 110/200 loss 1.9122
pretrain epoch 120/200 loss 1.8851
pretrain epoch 130/200 loss 1.8404
pretrain epoch 140/200 loss 1.8158
pretrain epoch 150/200 loss 1.7619
pretrain epoch 160/200 loss 1.7150
pretrain epoch 170/200 loss 1.7005
pretrain epoch 180/200 loss 1.6712
pretrain epoch 190/200 loss 1.6514
pretrain epoch 200/200 loss 1.6475
saved 120 tensors (10800 steps) -> runs/simclr_pre_tin_7pct/seed1/pretrain.pt
=== diagssl_tin_simclr_7pct seed 1 ===
init_from runs/simclr_pre_tin_7pct/seed1/pretrain.pt: 120 tensors, 2 left at fresh init
[diagssl_tin_simclr_7pct seed1] {"params_trainable": 11271432, "params_stem_trainable": 0, "params_stem_fixed_filters": 0, "flops_total": 2226720768, "flops_stem": 0, "flops_image_size": 64}
epoch 1/200 loss 5.2165 train 0.0299 test 0.0439
epoch 2/200 loss 4.6949 train 0.0748 test 0.0938
epoch 3/200 loss 3.9709 train 0.1324 test 0.1095
epoch 4/200 loss 3.5815 train 0.1826 test 0.1427
epoch 5/200 loss 3.3085 train 0.2264 test 0.1363
epoch 6/200 loss 3.1067 train 0.2613 test 0.1505
epoch 7/200 loss 2.9436 train 0.2888 test 0.1378
epoch 8/200 loss 2.7879 train 0.3177 test 0.1714
epoch 9/200 loss 2.6089 train 0.3529 test 0.1531
epoch 10/200 loss 2.4953 train 0.3702 test 0.1855
epoch 11/200 loss 2.3515 train 0.3997 test 0.1427
epoch 12/200 loss 2.2140 train 0.4316 test 0.1661
epoch 13/200 loss 2.0773 train 0.4604 test 0.1698
epoch 14/200 loss 1.9719 train 0.4815 test 0.1586
epoch 15/200 loss 1.8749 train 0.5036 test 0.1523
epoch 16/200 loss 1.6950 train 0.5482 test 0.1169
epoch 17/200 loss 1.6032 train 0.5680 test 0.1841
epoch 18/200 loss 1.4926 train 0.5959 test 0.1903
epoch 19/200 loss 1.3815 train 0.6198 test 0.2109
epoch 20/200 loss 1.2521 train 0.6516 test 0.1982
epoch 21/200 loss 1.1204 train 0.6855 test 0.2142
epoch 22/200 loss 0.9584 train 0.7350 test 0.1769
epoch 23/200 loss 0.9617 train 0.7309 test 0.1558
epoch 24/200 loss 0.8887 train 0.7548 test 0.1526
epoch 25/200 loss 0.7950 train 0.7779 test 0.1923
epoch 26/200 loss 0.6947 train 0.8108 test 0.1936
epoch 27/200 loss 0.5905 train 0.8407 test 0.1952
epoch 28/200 loss 0.5271 train 0.8568 test 0.1970
epoch 29/200 loss 0.4600 train 0.8789 test 0.2244
epoch 30/200 loss 0.3599 train 0.9119 test 0.2141
epoch 31/200 loss 0.3283 train 0.9164 test 0.2027
epoch 32/200 loss 0.2832 train 0.9371 test 0.2005
epoch 33/200 loss 0.2849 train 0.9346 test 0.2058
epoch 34/200 loss 0.2368 train 0.9497 test 0.2420
epoch 35/200 loss 0.1676 train 0.9664 test 0.2551
epoch 36/200 loss 0.1059 train 0.9852 test 0.2775
epoch 37/200 loss 0.0679 train 0.9920 test 0.2865
epoch 38/200 loss 0.0534 train 0.9946 test 0.2820
epoch 39/200 loss 0.0418 train 0.9975 test 0.2975
epoch 40/200 loss 0.0233 train 0.9996 test 0.3077
epoch 41/200 loss 0.0180 train 0.9999 test 0.3152
epoch 42/200 loss 0.0163 train 0.9999 test 0.3133
epoch 43/200 loss 0.0182 train 0.9996 test 0.3146
epoch 44/200 loss 0.0184 train 1.0000 test 0.3166
epoch 45/200 loss 0.0178 train 1.0000 test 0.3167
epoch 46/200 loss 0.0197 train 0.9999 test 0.3177
epoch 47/200 loss 0.0204 train 1.0000 test 0.3160
epoch 48/200 loss 0.0213 train 1.0000 test 0.3156
epoch 49/200 loss 0.0209 train 1.0000 test 0.3103
epoch 50/200 loss 0.0222 train 1.0000 test 0.3147
epoch 51/200 loss 0.0227 train 1.0000 test 0.3142
epoch 52/200 loss 0.0231 train 1.0000 test 0.3110
epoch 53/200 loss 0.0234 train 1.0000 test 0.3164
epoch 54/200 loss 0.0228 train 1.0000 test 0.3114
epoch 55/200 loss 0.0247 train 1.0000 test 0.3044
epoch 56/200 loss 0.0236 train 1.0000 test 0.3122
epoch 57/200 loss 0.0240 train 1.0000 test 0.3112
epoch 58/200 loss 0.0350 train 0.9993 test 0.2809
epoch 59/200 loss 0.0566 train 0.9983 test 0.2471
epoch 60/200 loss 1.3173 train 0.6823 test 0.0364
epoch 61/200 loss 2.5564 train 0.3611 test 0.0707
epoch 62/200 loss 1.7420 train 0.5457 test 0.1490
epoch 63/200 loss 1.1975 train 0.6853 test 0.1634
epoch 64/200 loss 0.8907 train 0.7658 test 0.2005
epoch 65/200 loss 0.6361 train 0.8397 test 0.2187
epoch 66/200 loss 0.4278 train 0.9002 test 0.2258
epoch 67/200 loss 0.3096 train 0.9316 test 0.2211
epoch 68/200 loss 0.2277 train 0.9554 test 0.2104
epoch 69/200 loss 0.1607 train 0.9724 test 0.2533
epoch 70/200 loss 0.1082 train 0.9854 test 0.2565
epoch 71/200 loss 0.0604 train 0.9932 test 0.2812
epoch 72/200 loss 0.0361 train 0.9977 test 0.2842
epoch 73/200 loss 0.0207 train 0.9999 test 0.3093
epoch 74/200 loss 0.0174 train 0.9997 test 0.3151
epoch 75/200 loss 0.0133 train 1.0000 test 0.3143
epoch 76/200 loss 0.0131 train 1.0000 test 0.3173
epoch 77/200 loss 0.0128 train 1.0000 test 0.3185
epoch 78/200 loss 0.0133 train 1.0000 test 0.3208
epoch 79/200 loss 0.0136 train 1.0000 test 0.3219
epoch 80/200 loss 0.0152 train 0.9999 test 0.3188
epoch 81/200 loss 0.0151 train 1.0000 test 0.3240
epoch 82/200 loss 0.0152 train 1.0000 test 0.3190
epoch 83/200 loss 0.0162 train 1.0000 test 0.3250
epoch 84/200 loss 0.0164 train 1.0000 test 0.3243
epoch 85/200 loss 0.0171 train 1.0000 test 0.3183
epoch 86/200 loss 0.0171 train 1.0000 test 0.3207
epoch 87/200 loss 0.0175 train 1.0000 test 0.3223
epoch 88/200 loss 0.0172 train 1.0000 test 0.3221
epoch 89/200 loss 0.0179 train 1.0000 test 0.3209
epoch 90/200 loss 0.0182 train 1.0000 test 0.3205
epoch 91/200 loss 0.0181 train 1.0000 test 0.3208
epoch 92/200 loss 0.0178 train 1.0000 test 0.3257
epoch 93/200 loss 0.0177 train 1.0000 test 0.3178
epoch 94/200 loss 0.0184 train 1.0000 test 0.3206
epoch 95/200 loss 0.0177 train 1.0000 test 0.3202
epoch 96/200 loss 0.0176 train 1.0000 test 0.3233
epoch 97/200 loss 0.0177 train 1.0000 test 0.3268
epoch 98/200 loss 0.0174 train 1.0000 test 0.3223
epoch 99/200 loss 0.0174 train 1.0000 test 0.3192
epoch 100/200 loss 0.0176 train 1.0000 test 0.3225
epoch 101/200 loss 0.0176 train 1.0000 test 0.3262
epoch 102/200 loss 0.0179 train 1.0000 test 0.3280
epoch 103/200 loss 0.0175 train 1.0000 test 0.3210
epoch 104/200 loss 0.0170 train 1.0000 test 0.3236
epoch 105/200 loss 0.0175 train 1.0000 test 0.3166
epoch 106/200 loss 0.0856 train 0.9944 test 0.2382
epoch 107/200 loss 0.4759 train 0.9201 test 0.1376
epoch 108/200 loss 1.2844 train 0.6810 test 0.1017
epoch 109/200 loss 1.0560 train 0.7358 test 0.1888
epoch 110/200 loss 0.5972 train 0.8694 test 0.2084
epoch 111/200 loss 0.2836 train 0.9530 test 0.2189
epoch 112/200 loss 0.1140 train 0.9893 test 0.2803
epoch 113/200 loss 0.0443 train 0.9990 test 0.3020
epoch 114/200 loss 0.0214 train 0.9993 test 0.3162
epoch 115/200 loss 0.0142 train 1.0000 test 0.3209
epoch 116/200 loss 0.0120 train 1.0000 test 0.3244
epoch 117/200 loss 0.0110 train 1.0000 test 0.3271
epoch 118/200 loss 0.0108 train 1.0000 test 0.3242
epoch 119/200 loss 0.0105 train 1.0000 test 0.3224
epoch 120/200 loss 0.0100 train 1.0000 test 0.3250
epoch 121/200 loss 0.0104 train 1.0000 test 0.3219
epoch 122/200 loss 0.0104 train 1.0000 test 0.3254
epoch 123/200 loss 0.0103 train 1.0000 test 0.3233
epoch 124/200 loss 0.0104 train 1.0000 test 0.3267
epoch 125/200 loss 0.0103 train 1.0000 test 0.3274
epoch 126/200 loss 0.0102 train 1.0000 test 0.3280
epoch 127/200 loss 0.0106 train 1.0000 test 0.3303
epoch 128/200 loss 0.0108 train 1.0000 test 0.3289
epoch 129/200 loss 0.0110 train 1.0000 test 0.3310
epoch 130/200 loss 0.0108 train 1.0000 test 0.3294
epoch 131/200 loss 0.0113 train 1.0000 test 0.3272
epoch 132/200 loss 0.0116 train 1.0000 test 0.3305
epoch 133/200 loss 0.0112 train 1.0000 test 0.3307
epoch 134/200 loss 0.0115 train 1.0000 test 0.3318
epoch 135/200 loss 0.0116 train 1.0000 test 0.3335
epoch 136/200 loss 0.0114 train 1.0000 test 0.3288
epoch 137/200 loss 0.0116 train 1.0000 test 0.3313
epoch 138/200 loss 0.0115 train 1.0000 test 0.3320
epoch 139/200 loss 0.0119 train 1.0000 test 0.3311
epoch 140/200 loss 0.0119 train 1.0000 test 0.3296
epoch 141/200 loss 0.0118 train 1.0000 test 0.3328
epoch 142/200 loss 0.0120 train 1.0000 test 0.3326
epoch 143/200 loss 0.0121 train 1.0000 test 0.3303
epoch 144/200 loss 0.0124 train 1.0000 test 0.3302
epoch 145/200 loss 0.0124 train 1.0000 test 0.3307
epoch 146/200 loss 0.0120 train 1.0000 test 0.3320
epoch 147/200 loss 0.0121 train 1.0000 test 0.3323
epoch 148/200 loss 0.0126 train 1.0000 test 0.3328
epoch 149/200 loss 0.0123 train 1.0000 test 0.3334
epoch 150/200 loss 0.0120 train 1.0000 test 0.3343
epoch 151/200 loss 0.0125 train 1.0000 test 0.3344
epoch 152/200 loss 0.0123 train 1.0000 test 0.3330
epoch 153/200 loss 0.0120 train 1.0000 test 0.3330
epoch 154/200 loss 0.0121 train 1.0000 test 0.3336
epoch 155/200 loss 0.0123 train 1.0000 test 0.3327
epoch 156/200 loss 0.0122 train 1.0000 test 0.3317
epoch 157/200 loss 0.0123 train 1.0000 test 0.3325
epoch 158/200 loss 0.0122 train 1.0000 test 0.3312
epoch 159/200 loss 0.0121 train 1.0000 test 0.3331
epoch 160/200 loss 0.0121 train 1.0000 test 0.3353
epoch 161/200 loss 0.0122 train 1.0000 test 0.3328
epoch 162/200 loss 0.0126 train 1.0000 test 0.3327
epoch 163/200 loss 0.0124 train 1.0000 test 0.3320
epoch 164/200 loss 0.0123 train 1.0000 test 0.3319
epoch 165/200 loss 0.0122 train 1.0000 test 0.3320
epoch 166/200 loss 0.0122 train 1.0000 test 0.3328
epoch 167/200 loss 0.0122 train 1.0000 test 0.3326
epoch 168/200 loss 0.0121 train 1.0000 test 0.3311
epoch 169/200 loss 0.0119 train 1.0000 test 0.3326
epoch 170/200 loss 0.0118 train 1.0000 test 0.3328
epoch 171/200 loss 0.0120 train 1.0000 test 0.3328
epoch 172/200 loss 0.0122 train 1.0000 test 0.3318
epoch 173/200 loss 0.0121 train 1.0000 test 0.3329
epoch 174/200 loss 0.0121 train 1.0000 test 0.3334
epoch 175/200 loss 0.0121 train 1.0000 test 0.3320
epoch 176/200 loss 0.0120 train 1.0000 test 0.3336
epoch 177/200 loss 0.0121 train 1.0000 test 0.3337
epoch 178/200 loss 0.0122 train 1.0000 test 0.3328
epoch 179/200 loss 0.0123 train 1.0000 test 0.3330
epoch 180/200 loss 0.0119 train 1.0000 test 0.3312
epoch 181/200 loss 0.0120 train 1.0000 test 0.3316
epoch 182/200 loss 0.0124 train 1.0000 test 0.3308
epoch 183/200 loss 0.0120 train 1.0000 test 0.3341
epoch 184/200 loss 0.0122 train 1.0000 test 0.3330
epoch 185/200 loss 0.0120 train 1.0000 test 0.3320
epoch 186/200 loss 0.0120 train 1.0000 test 0.3334
epoch 187/200 loss 0.0120 train 1.0000 test 0.3328
epoch 188/200 loss 0.0119 train 1.0000 test 0.3327
epoch 189/200 loss 0.0118 train 1.0000 test 0.3327
epoch 190/200 loss 0.0119 train 1.0000 test 0.3340
epoch 191/200 loss 0.0118 train 1.0000 test 0.3317
epoch 192/200 loss 0.0121 train 1.0000 test 0.3337
epoch 193/200 loss 0.0118 train 1.0000 test 0.3320
epoch 194/200 loss 0.0119 train 1.0000 test 0.3338
epoch 195/200 loss 0.0121 train 1.0000 test 0.3328
epoch 196/200 loss 0.0122 train 1.0000 test 0.3344
epoch 197/200 loss 0.0119 train 1.0000 test 0.3351
epoch 198/200 loss 0.0120 train 1.0000 test 0.3333
epoch 199/200 loss 0.0120 train 1.0000 test 0.3338
epoch 200/200 loss 0.0117 train 1.0000 test 0.3334
done: final 0.3334 best 0.3353 -> ./runs/diagssl_tin_simclr_7pct/seed1
OK ssl_tin 7 1
=== pretrain tin 7pct seed 2 ===
pretrain optimizer: sgd lr=0.3
pretrain epoch 1/200 loss 5.0408
pretrain epoch 10/200 loss 3.2147
pretrain epoch 20/200 loss 2.6896
pretrain epoch 30/200 loss 2.4316
pretrain epoch 40/200 loss 2.2745
pretrain epoch 50/200 loss 2.1879
pretrain epoch 60/200 loss 2.1020
pretrain epoch 70/200 loss 2.0350
pretrain epoch 80/200 loss 2.0128
pretrain epoch 90/200 loss 1.9649
pretrain epoch 100/200 loss 1.9162
pretrain epoch 110/200 loss 1.9027
pretrain epoch 120/200 loss 1.8464
pretrain epoch 130/200 loss 1.8082
pretrain epoch 140/200 loss 1.7728
pretrain epoch 150/200 loss 1.7327
pretrain epoch 160/200 loss 1.6948
pretrain epoch 170/200 loss 1.6562
pretrain epoch 180/200 loss 1.6426
pretrain epoch 190/200 loss 1.6257
pretrain epoch 200/200 loss 1.6269
saved 120 tensors (10800 steps) -> runs/simclr_pre_tin_7pct/seed2/pretrain.pt
=== diagssl_tin_simclr_7pct seed 2 ===
init_from runs/simclr_pre_tin_7pct/seed2/pretrain.pt: 120 tensors, 2 left at fresh init
[diagssl_tin_simclr_7pct seed2] {"params_trainable": 11271432, "params_stem_trainable": 0, "params_stem_fixed_filters": 0, "flops_total": 2226720768, "flops_stem": 0, "flops_image_size": 64}
epoch 1/200 loss 5.2240 train 0.0291 test 0.0520
epoch 2/200 loss 4.6666 train 0.0825 test 0.1027
epoch 3/200 loss 3.9141 train 0.1372 test 0.1328
epoch 4/200 loss 3.5177 train 0.1927 test 0.1371
epoch 5/200 loss 3.2712 train 0.2315 test 0.1183
epoch 6/200 loss 3.0629 train 0.2675 test 0.1442
epoch 7/200 loss 2.8869 train 0.3035 test 0.1442
epoch 8/200 loss 2.7322 train 0.3280 test 0.1450
epoch 9/200 loss 2.5876 train 0.3519 test 0.1654
epoch 10/200 loss 2.4408 train 0.3900 test 0.1917
epoch 11/200 loss 2.2882 train 0.4129 test 0.1805
epoch 12/200 loss 2.1512 train 0.4491 test 0.1612
epoch 13/200 loss 2.0523 train 0.4637 test 0.1670
epoch 14/200 loss 1.9230 train 0.4939 test 0.1669
epoch 15/200 loss 1.7806 train 0.5317 test 0.1763
epoch 16/200 loss 1.6337 train 0.5603 test 0.2063
epoch 17/200 loss 1.5409 train 0.5812 test 0.1947
epoch 18/200 loss 1.4144 train 0.6107 test 0.1354
epoch 19/200 loss 1.3056 train 0.6395 test 0.1867
epoch 20/200 loss 1.1083 train 0.6957 test 0.1941
epoch 21/200 loss 0.9984 train 0.7245 test 0.1546
epoch 22/200 loss 0.9838 train 0.7219 test 0.2130
epoch 23/200 loss 0.9223 train 0.7386 test 0.1753
epoch 24/200 loss 0.8050 train 0.7759 test 0.1993
epoch 25/200 loss 0.6559 train 0.8194 test 0.2032
epoch 26/200 loss 0.5860 train 0.8416 test 0.2108
epoch 27/200 loss 0.5267 train 0.8575 test 0.2177
epoch 28/200 loss 0.4728 train 0.8773 test 0.1948
epoch 29/200 loss 0.3984 train 0.9010 test 0.1978
epoch 30/200 loss 0.3415 train 0.9154 test 0.2073
epoch 31/200 loss 0.2926 train 0.9249 test 0.2141
epoch 32/200 loss 0.2541 train 0.9431 test 0.2194
epoch 33/200 loss 0.1739 train 0.9680 test 0.2296
epoch 34/200 loss 0.1506 train 0.9699 test 0.2408
epoch 35/200 loss 0.1706 train 0.9670 test 0.2111
epoch 36/200 loss 0.1595 train 0.9712 test 0.2411
epoch 37/200 loss 0.1692 train 0.9672 test 0.2181
epoch 38/200 loss 0.1788 train 0.9651 test 0.2409
epoch 39/200 loss 0.1574 train 0.9705 test 0.2238
epoch 40/200 loss 0.1587 train 0.9699 test 0.2383
epoch 41/200 loss 0.1488 train 0.9738 test 0.2367
epoch 42/200 loss 0.1269 train 0.9808 test 0.2187
epoch 43/200 loss 0.1316 train 0.9769 test 0.2343
epoch 44/200 loss 0.1340 train 0.9777 test 0.2210
epoch 45/200 loss 0.1383 train 0.9758 test 0.2323
epoch 46/200 loss 0.1588 train 0.9721 test 0.2165
epoch 47/200 loss 0.1783 train 0.9654 test 0.1745
epoch 48/200 loss 0.3465 train 0.9151 test 0.1772
epoch 49/200 loss 0.4162 train 0.8944 test 0.1854
epoch 50/200 loss 0.5371 train 0.8550 test 0.1683
epoch 51/200 loss 0.5197 train 0.8571 test 0.1903
epoch 52/200 loss 0.3362 train 0.9165 test 0.1874
epoch 53/200 loss 0.2405 train 0.9468 test 0.2092
epoch 54/200 loss 0.1281 train 0.9764 test 0.2480
epoch 55/200 loss 0.0816 train 0.9876 test 0.2680
epoch 56/200 loss 0.0346 train 0.9981 test 0.2956
epoch 57/200 loss 0.0160 train 0.9996 test 0.3125
epoch 58/200 loss 0.0118 train 0.9997 test 0.3135
epoch 59/200 loss 0.0137 train 0.9996 test 0.3140
epoch 60/200 loss 0.0119 train 0.9999 test 0.3162
epoch 61/200 loss 0.0113 train 1.0000 test 0.3223
epoch 62/200 loss 0.0119 train 1.0000 test 0.3231
epoch 63/200 loss 0.0127 train 1.0000 test 0.3241
epoch 64/200 loss 0.0133 train 1.0000 test 0.3216
epoch 65/200 loss 0.0142 train 1.0000 test 0.3240
epoch 66/200 loss 0.0152 train 1.0000 test 0.3210
epoch 67/200 loss 0.0156 train 1.0000 test 0.3250
epoch 68/200 loss 0.0166 train 1.0000 test 0.3236
epoch 69/200 loss 0.0165 train 1.0000 test 0.3238
epoch 70/200 loss 0.0172 train 1.0000 test 0.3199
epoch 71/200 loss 0.0183 train 1.0000 test 0.3227
epoch 72/200 loss 0.0186 train 1.0000 test 0.3231
epoch 73/200 loss 0.0179 train 1.0000 test 0.3263
epoch 74/200 loss 0.0190 train 1.0000 test 0.3242
epoch 75/200 loss 0.0185 train 1.0000 test 0.3275
epoch 76/200 loss 0.0185 train 1.0000 test 0.3278
epoch 77/200 loss 0.0192 train 1.0000 test 0.3264
epoch 78/200 loss 0.0184 train 1.0000 test 0.3237
epoch 79/200 loss 0.0183 train 1.0000 test 0.3255
epoch 80/200 loss 0.0179 train 1.0000 test 0.3232
epoch 81/200 loss 0.0203 train 0.9999 test 0.3208
epoch 82/200 loss 0.0257 train 0.9999 test 0.3109
epoch 83/200 loss 0.0626 train 0.9977 test 0.2803
epoch 84/200 loss 0.2336 train 0.9728 test 0.1575
epoch 85/200 loss 1.5592 train 0.6123 test 0.0659
epoch 86/200 loss 1.8121 train 0.5182 test 0.1355
epoch 87/200 loss 1.0400 train 0.7322 test 0.1531
epoch 88/200 loss 0.5479 train 0.8845 test 0.2201
epoch 89/200 loss 0.2739 train 0.9511 test 0.2455
epoch 90/200 loss 0.1444 train 0.9789 test 0.2261
epoch 91/200 loss 0.0781 train 0.9925 test 0.2724
epoch 92/200 loss 0.0341 train 0.9986 test 0.2979
epoch 93/200 loss 0.0190 train 0.9997 test 0.3168
epoch 94/200 loss 0.0136 train 0.9999 test 0.3181
epoch 95/200 loss 0.0113 train 1.0000 test 0.3200
epoch 96/200 loss 0.0107 train 1.0000 test 0.3241
epoch 97/200 loss 0.0110 train 1.0000 test 0.3232
epoch 98/200 loss 0.0114 train 1.0000 test 0.3247
epoch 99/200 loss 0.0119 train 1.0000 test 0.3244
epoch 100/200 loss 0.0118 train 1.0000 test 0.3231
epoch 101/200 loss 0.0120 train 1.0000 test 0.3257
epoch 102/200 loss 0.0127 train 1.0000 test 0.3286
epoch 103/200 loss 0.0126 train 1.0000 test 0.3273
epoch 104/200 loss 0.0128 train 1.0000 test 0.3254
epoch 105/200 loss 0.0136 train 1.0000 test 0.3226
epoch 106/200 loss 0.0138 train 1.0000 test 0.3268
epoch 107/200 loss 0.0136 train 1.0000 test 0.3279
epoch 108/200 loss 0.0143 train 1.0000 test 0.3284
epoch 109/200 loss 0.0144 train 1.0000 test 0.3264
epoch 110/200 loss 0.0144 train 1.0000 test 0.3285
epoch 111/200 loss 0.0146 train 1.0000 test 0.3287
epoch 112/200 loss 0.0144 train 1.0000 test 0.3319
epoch 113/200 loss 0.0144 train 1.0000 test 0.3310
epoch 114/200 loss 0.0146 train 1.0000 test 0.3268
epoch 115/200 loss 0.0146 train 1.0000 test 0.3312
epoch 116/200 loss 0.0151 train 1.0000 test 0.3315
epoch 117/200 loss 0.0149 train 1.0000 test 0.3278
epoch 118/200 loss 0.0147 train 1.0000 test 0.3284
epoch 119/200 loss 0.0146 train 1.0000 test 0.3263
epoch 120/200 loss 0.0152 train 1.0000 test 0.3312
epoch 121/200 loss 0.0150 train 1.0000 test 0.3282
epoch 122/200 loss 0.0144 train 1.0000 test 0.3317
epoch 123/200 loss 0.0146 train 1.0000 test 0.3312
epoch 124/200 loss 0.0149 train 1.0000 test 0.3289
epoch 125/200 loss 0.0147 train 1.0000 test 0.3294
epoch 126/200 loss 0.0147 train 1.0000 test 0.3301
epoch 127/200 loss 0.0144 train 1.0000 test 0.3309
epoch 128/200 loss 0.0146 train 1.0000 test 0.3275
epoch 129/200 loss 0.0145 train 1.0000 test 0.3302
epoch 130/200 loss 0.0147 train 1.0000 test 0.3314
epoch 131/200 loss 0.0143 train 1.0000 test 0.3286
epoch 132/200 loss 0.0143 train 1.0000 test 0.3291
epoch 133/200 loss 0.0147 train 1.0000 test 0.3289
epoch 134/200 loss 0.0143 train 1.0000 test 0.3303
epoch 135/200 loss 0.0142 train 1.0000 test 0.3273
epoch 136/200 loss 0.0139 train 1.0000 test 0.3309
epoch 137/200 loss 0.0140 train 1.0000 test 0.3329
epoch 138/200 loss 0.0137 train 1.0000 test 0.3309
epoch 139/200 loss 0.0140 train 1.0000 test 0.3299
epoch 140/200 loss 0.0139 train 1.0000 test 0.3331
epoch 141/200 loss 0.0140 train 1.0000 test 0.3276
epoch 142/200 loss 0.0145 train 1.0000 test 0.3323
epoch 143/200 loss 0.0135 train 1.0000 test 0.3319
epoch 144/200 loss 0.0133 train 1.0000 test 0.3294
epoch 145/200 loss 0.0140 train 1.0000 test 0.3287
epoch 146/200 loss 0.0138 train 1.0000 test 0.3304
epoch 147/200 loss 0.0135 train 1.0000 test 0.3291
epoch 148/200 loss 0.0132 train 1.0000 test 0.3304
epoch 149/200 loss 0.0130 train 1.0000 test 0.3332
epoch 150/200 loss 0.0134 train 1.0000 test 0.3335
epoch 151/200 loss 0.0131 train 1.0000 test 0.3318
epoch 152/200 loss 0.0130 train 1.0000 test 0.3341
epoch 153/200 loss 0.0129 train 1.0000 test 0.3343
epoch 154/200 loss 0.0131 train 1.0000 test 0.3326
epoch 155/200 loss 0.0130 train 1.0000 test 0.3350
epoch 156/200 loss 0.0128 train 1.0000 test 0.3320
epoch 157/200 loss 0.0130 train 1.0000 test 0.3340
epoch 158/200 loss 0.0133 train 1.0000 test 0.3335
epoch 159/200 loss 0.0132 train 1.0000 test 0.3344
epoch 160/200 loss 0.0130 train 1.0000 test 0.3326
epoch 161/200 loss 0.0128 train 1.0000 test 0.3342
epoch 162/200 loss 0.0130 train 1.0000 test 0.3302
epoch 163/200 loss 0.0127 train 1.0000 test 0.3333
epoch 164/200 loss 0.0127 train 1.0000 test 0.3315
epoch 165/200 loss 0.0126 train 1.0000 test 0.3320
epoch 166/200 loss 0.0124 train 1.0000 test 0.3340
epoch 167/200 loss 0.0123 train 1.0000 test 0.3335
epoch 168/200 loss 0.0124 train 1.0000 test 0.3353
epoch 169/200 loss 0.0126 train 1.0000 test 0.3342
epoch 170/200 loss 0.0123 train 1.0000 test 0.3324
epoch 171/200 loss 0.0119 train 1.0000 test 0.3330
epoch 172/200 loss 0.0123 train 1.0000 test 0.3325
epoch 173/200 loss 0.0121 train 1.0000 test 0.3355
epoch 174/200 loss 0.0122 train 1.0000 test 0.3336
epoch 175/200 loss 0.0123 train 1.0000 test 0.3353
epoch 176/200 loss 0.0120 train 1.0000 test 0.3350
epoch 177/200 loss 0.0121 train 1.0000 test 0.3340
epoch 178/200 loss 0.0120 train 1.0000 test 0.3338
epoch 179/200 loss 0.0119 train 1.0000 test 0.3351
epoch 180/200 loss 0.0122 train 1.0000 test 0.3336
epoch 181/200 loss 0.0118 train 1.0000 test 0.3346
epoch 182/200 loss 0.0118 train 1.0000 test 0.3353
epoch 183/200 loss 0.0122 train 1.0000 test 0.3337
epoch 184/200 loss 0.0120 train 1.0000 test 0.3345
epoch 185/200 loss 0.0119 train 1.0000 test 0.3352
epoch 186/200 loss 0.0116 train 1.0000 test 0.3349
epoch 187/200 loss 0.0119 train 1.0000 test 0.3338
epoch 188/200 loss 0.0122 train 1.0000 test 0.3327
epoch 189/200 loss 0.0116 train 1.0000 test 0.3338
epoch 190/200 loss 0.0117 train 1.0000 test 0.3325
epoch 191/200 loss 0.0116 train 1.0000 test 0.3333
epoch 192/200 loss 0.0119 train 1.0000 test 0.3347
epoch 193/200 loss 0.0118 train 1.0000 test 0.3321
epoch 194/200 loss 0.0118 train 1.0000 test 0.3335
epoch 195/200 loss 0.0118 train 1.0000 test 0.3326
epoch 196/200 loss 0.0118 train 1.0000 test 0.3318
epoch 197/200 loss 0.0118 train 1.0000 test 0.3326
epoch 198/200 loss 0.0119 train 1.0000 test 0.3321
epoch 199/200 loss 0.0116 train 1.0000 test 0.3349
epoch 200/200 loss 0.0118 train 1.0000 test 0.3334
done: final 0.3334 best 0.3355 -> ./runs/diagssl_tin_simclr_7pct/seed2
OK ssl_tin 7 2
GENSSL_LOCAL_PCT_DONE 7
=== pretrain tin 15pct seed 0 ===
pretrain optimizer: sgd lr=0.3
pretrain epoch 1/200 loss 4.6804
pretrain epoch 10/200 loss 2.6540
pretrain epoch 20/200 loss 2.2779
pretrain epoch 30/200 loss 2.1373
pretrain epoch 40/200 loss 2.0627
pretrain epoch 50/200 loss 2.0006
pretrain epoch 60/200 loss 1.9567
pretrain epoch 70/200 loss 1.9230
pretrain epoch 80/200 loss 1.9034
pretrain epoch 90/200 loss 1.8605
pretrain epoch 100/200 loss 1.8370
pretrain epoch 110/200 loss 1.8047
pretrain epoch 120/200 loss 1.7706
pretrain epoch 130/200 loss 1.7415
pretrain epoch 140/200 loss 1.7066
pretrain epoch 150/200 loss 1.6700
pretrain epoch 160/200 loss 1.6444
Traceback (most recent call last):
  File "${HOME}/projects/MomentsCNNEncoder/scripts/simclr_pretrain.py", line 200, in <module>
    sd = {k: v for k, v in model.state_dict().items()
    ^^^^^^
  File "${HOME}/projects/MomentsCNNEncoder/scripts/simclr_pretrain.py", line 177, in main
    
    
  File "${HOME}/anaconda3/lib/python3.12/site-packages/torch/utils/data/dataloader.py", line 733, in __next__
    data = self._next_data()
           ^^^^^^^^^^^^^^^^^
  File "${HOME}/anaconda3/lib/python3.12/site-packages/torch/utils/data/dataloader.py", line 1515, in _next_data
    return self._process_data(data, worker_id)
           ^^^^^^^^^^^^^^^^^^^^^^^^^^^^^^^^^^^
  File "${HOME}/anaconda3/lib/python3.12/site-packages/torch/utils/data/dataloader.py", line 1550, in _process_data
    data.reraise()
  File "${HOME}/anaconda3/lib/python3.12/site-packages/torch/_utils.py", line 750, in reraise
    raise exception
FileNotFoundError: Caught FileNotFoundError in DataLoader worker process 0.
Original Traceback (most recent call last):
  File "${HOME}/anaconda3/lib/python3.12/site-packages/torch/utils/data/_utils/worker.py", line 349, in _worker_loop
    data = fetcher.fetch(index)  # type: ignore[possibly-undefined]
           ^^^^^^^^^^^^^^^^^^^^
  File "${HOME}/anaconda3/lib/python3.12/site-packages/torch/utils/data/_utils/fetch.py", line 50, in fetch
    data = self.dataset.__getitems__(possibly_batched_index)
           ^^^^^^^^^^^^^^^^^^^^^^^^^^^^^^^^^^^^^^^^^^^^^^^^^
  File "${HOME}/anaconda3/lib/python3.12/site-packages/torch/utils/data/dataset.py", line 416, in __getitems__
    return [self.dataset[self.indices[idx]] for idx in indices]
            ~~~~~~~~~~~~^^^^^^^^^^^^^^^^^^^
  File "${HOME}/anaconda3/lib/python3.12/site-packages/torchvision/datasets/folder.py", line 245, in __getitem__
    sample = self.loader(path)
             ^^^^^^^^^^^^^^^^^
  File "${HOME}/anaconda3/lib/python3.12/site-packages/torchvision/datasets/folder.py", line 284, in default_loader
    return pil_loader(path)
           ^^^^^^^^^^^^^^^^
  File "${HOME}/anaconda3/lib/python3.12/site-packages/torchvision/datasets/folder.py", line 262, in pil_loader
    with open(path, "rb") as f:
         ^^^^^^^^^^^^^^^^
FileNotFoundError: [Errno 2] No such file or directory: '/dev/shm/genssl_local/tiny-imagenet-200/train/n02106662/images/n02106662_397.JPEG'

GENSSL_LOCAL offloaded 15/25 to BSC at user request (2026-07-23)
