=== k5_5pct_gaboronly seed 0 ===
stem calibrated (True) on 1024 images
[k5_5pct_gaboronly seed0] {"params_trainable": 11225316, "params_stem_trainable": 0, "params_stem_fixed_filters": 225, "flops_total": 562244608, "flops_stem": 230400, "flops_image_size": 32}
epoch 1/200 loss 4.6201 train 0.0267 test 0.0372
epoch 2/200 loss 4.3534 train 0.0436 test 0.0534
epoch 3/200 loss 4.1882 train 0.0592 test 0.0598
epoch 4/200 loss 4.0332 train 0.0810 test 0.0800
epoch 5/200 loss 3.9359 train 0.0888 test 0.0852
epoch 6/200 loss 3.8881 train 0.0929 test 0.0864
epoch 7/200 loss 3.7770 train 0.1184 test 0.0954
epoch 8/200 loss 3.7004 train 0.1324 test 0.0960
epoch 9/200 loss 3.6453 train 0.1221 test 0.1020
epoch 10/200 loss 3.6023 train 0.1402 test 0.1032
epoch 11/200 loss 3.5499 train 0.1431 test 0.1064
epoch 12/200 loss 3.4363 train 0.1608 test 0.1235
epoch 13/200 loss 3.3818 train 0.1657 test 0.1261
epoch 14/200 loss 3.3022 train 0.1846 test 0.1294
epoch 15/200 loss 3.2364 train 0.2019 test 0.1378
epoch 16/200 loss 3.1605 train 0.2138 test 0.1413
epoch 17/200 loss 3.1375 train 0.2113 test 0.1407
epoch 18/200 loss 3.0606 train 0.2249 test 0.1367
epoch 19/200 loss 2.9761 train 0.2459 test 0.1544
epoch 20/200 loss 2.9024 train 0.2627 test 0.1478
epoch 21/200 loss 2.8262 train 0.2710 test 0.1541
epoch 22/200 loss 2.8037 train 0.2817 test 0.1539
epoch 23/200 loss 2.7301 train 0.2907 test 0.1525
epoch 24/200 loss 2.6352 train 0.3117 test 0.1674
epoch 25/200 loss 2.5134 train 0.3355 test 0.1745
epoch 26/200 loss 2.4683 train 0.3433 test 0.1710
epoch 27/200 loss 2.3757 train 0.3565 test 0.1704
epoch 28/200 loss 2.2985 train 0.3602 test 0.1766
epoch 29/200 loss 2.2487 train 0.3882 test 0.1814
epoch 30/200 loss 2.1684 train 0.4058 test 0.1681
epoch 31/200 loss 2.0750 train 0.4223 test 0.1776
epoch 32/200 loss 1.9901 train 0.4408 test 0.1736
epoch 33/200 loss 1.9336 train 0.4605 test 0.1921
epoch 34/200 loss 1.8072 train 0.4955 test 0.1827
epoch 35/200 loss 1.7627 train 0.5012 test 0.1881
epoch 36/200 loss 1.7221 train 0.5152 test 0.1893
epoch 37/200 loss 1.5456 train 0.5576 test 0.1874
epoch 38/200 loss 1.3788 train 0.6036 test 0.2020
epoch 39/200 loss 1.3379 train 0.6073 test 0.1963
epoch 40/200 loss 1.3461 train 0.5999 test 0.2120
epoch 41/200 loss 1.2859 train 0.6217 test 0.1812
epoch 42/200 loss 1.2201 train 0.6365 test 0.1980
epoch 43/200 loss 1.1231 train 0.6735 test 0.1971
epoch 44/200 loss 0.9872 train 0.7044 test 0.2108
epoch 45/200 loss 0.8966 train 0.7327 test 0.2077
epoch 46/200 loss 0.7886 train 0.7648 test 0.2114
epoch 47/200 loss 0.7190 train 0.7882 test 0.1953
epoch 48/200 loss 0.7191 train 0.7759 test 0.1996
epoch 49/200 loss 0.6433 train 0.8051 test 0.1895
epoch 50/200 loss 0.6144 train 0.8228 test 0.2116
epoch 51/200 loss 0.5296 train 0.8516 test 0.2030
epoch 52/200 loss 0.4821 train 0.8639 test 0.2206
epoch 53/200 loss 0.3859 train 0.8857 test 0.2154
epoch 54/200 loss 0.3642 train 0.9021 test 0.2175
epoch 55/200 loss 0.3566 train 0.9030 test 0.2059
epoch 56/200 loss 0.2741 train 0.9338 test 0.2182
epoch 57/200 loss 0.2452 train 0.9354 test 0.2248
epoch 58/200 loss 0.2229 train 0.9437 test 0.2248
epoch 59/200 loss 0.1901 train 0.9556 test 0.2246
epoch 60/200 loss 0.1823 train 0.9556 test 0.2260
epoch 61/200 loss 0.1837 train 0.9548 test 0.2360
epoch 62/200 loss 0.1733 train 0.9552 test 0.2294
epoch 63/200 loss 0.1936 train 0.9490 test 0.2336
epoch 64/200 loss 0.1691 train 0.9556 test 0.2355
epoch 65/200 loss 0.1725 train 0.9560 test 0.2290
epoch 66/200 loss 0.1570 train 0.9556 test 0.2343
epoch 67/200 loss 0.1295 train 0.9692 test 0.2295
epoch 68/200 loss 0.1089 train 0.9741 test 0.2403
epoch 69/200 loss 0.0867 train 0.9815 test 0.2388
epoch 70/200 loss 0.0746 train 0.9844 test 0.2366
epoch 71/200 loss 0.0620 train 0.9864 test 0.2438
epoch 72/200 loss 0.0565 train 0.9905 test 0.2468
epoch 73/200 loss 0.0462 train 0.9926 test 0.2496
epoch 74/200 loss 0.0321 train 0.9971 test 0.2452
epoch 75/200 loss 0.0248 train 0.9975 test 0.2605
epoch 76/200 loss 0.0155 train 0.9996 test 0.2627
epoch 77/200 loss 0.0115 train 0.9996 test 0.2644
epoch 78/200 loss 0.0122 train 0.9996 test 0.2655
epoch 79/200 loss 0.0128 train 0.9996 test 0.2674
epoch 80/200 loss 0.0110 train 0.9992 test 0.2653
epoch 81/200 loss 0.0119 train 0.9996 test 0.2637
epoch 82/200 loss 0.0094 train 1.0000 test 0.2692
epoch 83/200 loss 0.0079 train 1.0000 test 0.2694
epoch 84/200 loss 0.0072 train 1.0000 test 0.2729
epoch 85/200 loss 0.0072 train 1.0000 test 0.2728
epoch 86/200 loss 0.0062 train 1.0000 test 0.2734
epoch 87/200 loss 0.0064 train 1.0000 test 0.2748
epoch 88/200 loss 0.0063 train 1.0000 test 0.2739
epoch 89/200 loss 0.0061 train 1.0000 test 0.2724
epoch 90/200 loss 0.0059 train 1.0000 test 0.2742
epoch 91/200 loss 0.0060 train 1.0000 test 0.2728
epoch 92/200 loss 0.0060 train 1.0000 test 0.2727
epoch 93/200 loss 0.0064 train 1.0000 test 0.2722
epoch 94/200 loss 0.0069 train 0.9996 test 0.2738
epoch 95/200 loss 0.0069 train 1.0000 test 0.2742
epoch 96/200 loss 0.0072 train 1.0000 test 0.2715
epoch 97/200 loss 0.0065 train 1.0000 test 0.2723
epoch 98/200 loss 0.0070 train 1.0000 test 0.2736
epoch 99/200 loss 0.0064 train 1.0000 test 0.2722
epoch 100/200 loss 0.0068 train 1.0000 test 0.2727
epoch 101/200 loss 0.0069 train 1.0000 test 0.2728
epoch 102/200 loss 0.0067 train 1.0000 test 0.2724
epoch 103/200 loss 0.0066 train 1.0000 test 0.2756
epoch 104/200 loss 0.0065 train 1.0000 test 0.2734
epoch 105/200 loss 0.0067 train 1.0000 test 0.2740
epoch 106/200 loss 0.0070 train 1.0000 test 0.2733
epoch 107/200 loss 0.0067 train 1.0000 test 0.2725
epoch 108/200 loss 0.0068 train 1.0000 test 0.2731
epoch 109/200 loss 0.0071 train 1.0000 test 0.2732
epoch 110/200 loss 0.0067 train 1.0000 test 0.2737
epoch 111/200 loss 0.0069 train 1.0000 test 0.2744
epoch 112/200 loss 0.0076 train 1.0000 test 0.2713
epoch 113/200 loss 0.0072 train 1.0000 test 0.2748
epoch 114/200 loss 0.0075 train 1.0000 test 0.2743
epoch 115/200 loss 0.0071 train 1.0000 test 0.2748
epoch 116/200 loss 0.0066 train 1.0000 test 0.2751
epoch 117/200 loss 0.0068 train 1.0000 test 0.2740
epoch 118/200 loss 0.0069 train 1.0000 test 0.2742
epoch 119/200 loss 0.0070 train 1.0000 test 0.2748
epoch 120/200 loss 0.0070 train 1.0000 test 0.2725
epoch 121/200 loss 0.0071 train 1.0000 test 0.2744
epoch 122/200 loss 0.0074 train 1.0000 test 0.2774
epoch 123/200 loss 0.0073 train 1.0000 test 0.2758
epoch 124/200 loss 0.0075 train 1.0000 test 0.2763
epoch 125/200 loss 0.0073 train 1.0000 test 0.2746
epoch 126/200 loss 0.0075 train 1.0000 test 0.2747
epoch 127/200 loss 0.0071 train 1.0000 test 0.2760
epoch 128/200 loss 0.0072 train 1.0000 test 0.2765
epoch 129/200 loss 0.0072 train 1.0000 test 0.2762
epoch 130/200 loss 0.0073 train 1.0000 test 0.2758
epoch 131/200 loss 0.0072 train 1.0000 test 0.2765
epoch 132/200 loss 0.0072 train 1.0000 test 0.2766
epoch 133/200 loss 0.0073 train 1.0000 test 0.2781
epoch 134/200 loss 0.0072 train 1.0000 test 0.2780
epoch 135/200 loss 0.0069 train 1.0000 test 0.2789
epoch 136/200 loss 0.0073 train 1.0000 test 0.2751
epoch 137/200 loss 0.0068 train 1.0000 test 0.2771
epoch 138/200 loss 0.0069 train 1.0000 test 0.2764
epoch 139/200 loss 0.0073 train 1.0000 test 0.2773
epoch 140/200 loss 0.0068 train 1.0000 test 0.2751
epoch 141/200 loss 0.0070 train 1.0000 test 0.2779
epoch 142/200 loss 0.0070 train 1.0000 test 0.2763
epoch 143/200 loss 0.0072 train 1.0000 test 0.2777
epoch 144/200 loss 0.0068 train 1.0000 test 0.2765
epoch 145/200 loss 0.0071 train 1.0000 test 0.2768
epoch 146/200 loss 0.0073 train 1.0000 test 0.2768
epoch 147/200 loss 0.0069 train 1.0000 test 0.2774
epoch 148/200 loss 0.0071 train 1.0000 test 0.2785
epoch 149/200 loss 0.0065 train 1.0000 test 0.2776
epoch 150/200 loss 0.0072 train 1.0000 test 0.2774
epoch 151/200 loss 0.0072 train 1.0000 test 0.2764
epoch 152/200 loss 0.0074 train 1.0000 test 0.2776
epoch 153/200 loss 0.0074 train 1.0000 test 0.2761
epoch 154/200 loss 0.0073 train 1.0000 test 0.2774
epoch 155/200 loss 0.0070 train 1.0000 test 0.2775
epoch 156/200 loss 0.0071 train 1.0000 test 0.2787
epoch 157/200 loss 0.0072 train 1.0000 test 0.2780
epoch 158/200 loss 0.0071 train 1.0000 test 0.2780
epoch 159/200 loss 0.0070 train 1.0000 test 0.2778
epoch 160/200 loss 0.0069 train 1.0000 test 0.2785
epoch 161/200 loss 0.0067 train 1.0000 test 0.2771
epoch 162/200 loss 0.0070 train 1.0000 test 0.2784
epoch 163/200 loss 0.0072 train 1.0000 test 0.2764
epoch 164/200 loss 0.0070 train 1.0000 test 0.2754
epoch 165/200 loss 0.0072 train 1.0000 test 0.2766
epoch 166/200 loss 0.0068 train 1.0000 test 0.2768
epoch 167/200 loss 0.0074 train 1.0000 test 0.2773
epoch 168/200 loss 0.0069 train 1.0000 test 0.2779
epoch 169/200 loss 0.0070 train 1.0000 test 0.2777
epoch 170/200 loss 0.0070 train 1.0000 test 0.2775
epoch 171/200 loss 0.0068 train 1.0000 test 0.2766
epoch 172/200 loss 0.0070 train 1.0000 test 0.2766
epoch 173/200 loss 0.0072 train 1.0000 test 0.2774
epoch 174/200 loss 0.0073 train 1.0000 test 0.2771
epoch 175/200 loss 0.0068 train 1.0000 test 0.2749
epoch 176/200 loss 0.0069 train 1.0000 test 0.2769
epoch 177/200 loss 0.0070 train 1.0000 test 0.2764
epoch 178/200 loss 0.0068 train 1.0000 test 0.2766
epoch 179/200 loss 0.0070 train 1.0000 test 0.2779
epoch 180/200 loss 0.0066 train 1.0000 test 0.2772
epoch 181/200 loss 0.0070 train 1.0000 test 0.2781
epoch 182/200 loss 0.0074 train 1.0000 test 0.2780
epoch 183/200 loss 0.0073 train 1.0000 test 0.2763
epoch 184/200 loss 0.0069 train 1.0000 test 0.2777
epoch 185/200 loss 0.0070 train 1.0000 test 0.2788
epoch 186/200 loss 0.0070 train 1.0000 test 0.2759
epoch 187/200 loss 0.0072 train 1.0000 test 0.2785
epoch 188/200 loss 0.0071 train 1.0000 test 0.2769
epoch 189/200 loss 0.0070 train 1.0000 test 0.2783
epoch 190/200 loss 0.0068 train 1.0000 test 0.2772
epoch 191/200 loss 0.0068 train 1.0000 test 0.2779
epoch 192/200 loss 0.0068 train 1.0000 test 0.2781
epoch 193/200 loss 0.0070 train 1.0000 test 0.2762
epoch 194/200 loss 0.0071 train 1.0000 test 0.2773
epoch 195/200 loss 0.0072 train 1.0000 test 0.2774
epoch 196/200 loss 0.0072 train 1.0000 test 0.2765
epoch 197/200 loss 0.0068 train 1.0000 test 0.2779
epoch 198/200 loss 0.0068 train 1.0000 test 0.2768
epoch 199/200 loss 0.0068 train 1.0000 test 0.2767
epoch 200/200 loss 0.0069 train 1.0000 test 0.2758
done: final 0.2758 best 0.2789 -> ./runs/k5_5pct_gaboronly/seed0
=== k5_5pct_gaboronly seed 1 ===
stem calibrated (True) on 1024 images
[k5_5pct_gaboronly seed1] {"params_trainable": 11225316, "params_stem_trainable": 0, "params_stem_fixed_filters": 225, "flops_total": 562244608, "flops_stem": 230400, "flops_image_size": 32}
epoch 1/200 loss 4.6254 train 0.0177 test 0.0364
epoch 2/200 loss 4.3637 train 0.0411 test 0.0486
epoch 3/200 loss 4.1733 train 0.0637 test 0.0674
epoch 4/200 loss 4.0303 train 0.0752 test 0.0785
epoch 5/200 loss 3.9847 train 0.0863 test 0.0825
epoch 6/200 loss 3.8556 train 0.1012 test 0.0938
epoch 7/200 loss 3.7529 train 0.1155 test 0.0942
epoch 8/200 loss 3.6975 train 0.1201 test 0.1012
epoch 9/200 loss 3.6426 train 0.1460 test 0.0952
epoch 10/200 loss 3.5674 train 0.1439 test 0.1106
epoch 11/200 loss 3.4959 train 0.1525 test 0.1092
epoch 12/200 loss 3.4551 train 0.1600 test 0.1210
epoch 13/200 loss 3.3781 train 0.1768 test 0.1201
epoch 14/200 loss 3.3283 train 0.1809 test 0.1279
epoch 15/200 loss 3.2478 train 0.1797 test 0.1313
epoch 16/200 loss 3.1457 train 0.2138 test 0.1434
epoch 17/200 loss 3.0808 train 0.2377 test 0.1408
epoch 18/200 loss 3.0308 train 0.2410 test 0.1328
epoch 19/200 loss 2.9923 train 0.2414 test 0.1497
epoch 20/200 loss 2.8953 train 0.2529 test 0.1462
epoch 21/200 loss 2.8531 train 0.2632 test 0.1586
epoch 22/200 loss 2.8243 train 0.2681 test 0.1498
epoch 23/200 loss 2.7448 train 0.2882 test 0.1533
epoch 24/200 loss 2.6219 train 0.3092 test 0.1698
epoch 25/200 loss 2.5632 train 0.3203 test 0.1614
epoch 26/200 loss 2.5037 train 0.3425 test 0.1755
epoch 27/200 loss 2.3533 train 0.3684 test 0.1600
epoch 28/200 loss 2.3096 train 0.3771 test 0.1803
epoch 29/200 loss 2.2788 train 0.3799 test 0.1825
epoch 30/200 loss 2.2012 train 0.4025 test 0.1785
epoch 31/200 loss 2.1215 train 0.4161 test 0.1815
epoch 32/200 loss 2.0533 train 0.4272 test 0.1667
epoch 33/200 loss 1.9294 train 0.4650 test 0.1750
epoch 34/200 loss 1.8613 train 0.4766 test 0.1895
epoch 35/200 loss 1.7393 train 0.5127 test 0.1799
epoch 36/200 loss 1.6998 train 0.5037 test 0.1894
epoch 37/200 loss 1.5847 train 0.5411 test 0.1852
epoch 38/200 loss 1.4929 train 0.5674 test 0.1848
epoch 39/200 loss 1.4151 train 0.5929 test 0.1966
epoch 40/200 loss 1.3188 train 0.6147 test 0.2002
epoch 41/200 loss 1.2597 train 0.6271 test 0.1953
epoch 42/200 loss 1.1640 train 0.6476 test 0.1970
epoch 43/200 loss 1.0810 train 0.6822 test 0.1987
epoch 44/200 loss 1.0753 train 0.6748 test 0.1894
epoch 45/200 loss 0.9355 train 0.7278 test 0.2041
epoch 46/200 loss 0.8852 train 0.7327 test 0.2012
epoch 47/200 loss 0.8085 train 0.7574 test 0.1967
epoch 48/200 loss 0.6844 train 0.8043 test 0.2163
epoch 49/200 loss 0.5904 train 0.8331 test 0.2087
epoch 50/200 loss 0.5239 train 0.8487 test 0.2192
epoch 51/200 loss 0.4668 train 0.8717 test 0.2140
epoch 52/200 loss 0.4550 train 0.8734 test 0.2077
epoch 53/200 loss 0.4685 train 0.8664 test 0.2092
epoch 54/200 loss 0.4398 train 0.8775 test 0.2143
epoch 55/200 loss 0.3578 train 0.8964 test 0.2163
epoch 56/200 loss 0.3025 train 0.9252 test 0.2166
epoch 57/200 loss 0.2702 train 0.9293 test 0.2162
epoch 58/200 loss 0.2456 train 0.9317 test 0.2193
epoch 59/200 loss 0.2446 train 0.9346 test 0.2051
epoch 60/200 loss 0.2184 train 0.9404 test 0.2337
epoch 61/200 loss 0.1892 train 0.9453 test 0.2355
epoch 62/200 loss 0.1781 train 0.9581 test 0.2252
epoch 63/200 loss 0.1896 train 0.9482 test 0.2280
epoch 64/200 loss 0.1551 train 0.9626 test 0.2204
epoch 65/200 loss 0.1251 train 0.9737 test 0.2293
epoch 66/200 loss 0.1083 train 0.9741 test 0.2276
epoch 67/200 loss 0.1039 train 0.9782 test 0.2355
epoch 68/200 loss 0.0967 train 0.9811 test 0.2379
epoch 69/200 loss 0.0827 train 0.9819 test 0.2292
epoch 70/200 loss 0.0535 train 0.9893 test 0.2417
epoch 71/200 loss 0.0478 train 0.9926 test 0.2473
epoch 72/200 loss 0.0475 train 0.9926 test 0.2418
epoch 73/200 loss 0.0474 train 0.9938 test 0.2372
epoch 74/200 loss 0.0417 train 0.9942 test 0.2500
epoch 75/200 loss 0.0303 train 0.9955 test 0.2542
epoch 76/200 loss 0.0269 train 0.9959 test 0.2526
epoch 77/200 loss 0.0175 train 0.9996 test 0.2606
epoch 78/200 loss 0.0122 train 0.9996 test 0.2620
epoch 79/200 loss 0.0149 train 0.9992 test 0.2614
epoch 80/200 loss 0.0179 train 0.9979 test 0.2608
epoch 81/200 loss 0.0167 train 0.9971 test 0.2651
epoch 82/200 loss 0.0106 train 0.9996 test 0.2651
epoch 83/200 loss 0.0099 train 1.0000 test 0.2677
epoch 84/200 loss 0.0072 train 1.0000 test 0.2674
epoch 85/200 loss 0.0070 train 1.0000 test 0.2686
epoch 86/200 loss 0.0080 train 1.0000 test 0.2688
epoch 87/200 loss 0.0065 train 1.0000 test 0.2706
epoch 88/200 loss 0.0074 train 1.0000 test 0.2715
epoch 89/200 loss 0.0066 train 1.0000 test 0.2698
epoch 90/200 loss 0.0068 train 1.0000 test 0.2712
epoch 91/200 loss 0.0071 train 1.0000 test 0.2720
epoch 92/200 loss 0.0068 train 1.0000 test 0.2692
epoch 93/200 loss 0.0069 train 1.0000 test 0.2698
epoch 94/200 loss 0.0064 train 1.0000 test 0.2717
epoch 95/200 loss 0.0085 train 0.9992 test 0.2725
epoch 96/200 loss 0.0068 train 1.0000 test 0.2742
epoch 97/200 loss 0.0070 train 1.0000 test 0.2733
epoch 98/200 loss 0.0067 train 1.0000 test 0.2711
epoch 99/200 loss 0.0063 train 1.0000 test 0.2729
epoch 100/200 loss 0.0066 train 1.0000 test 0.2728
epoch 101/200 loss 0.0066 train 1.0000 test 0.2731
epoch 102/200 loss 0.0069 train 1.0000 test 0.2731
epoch 103/200 loss 0.0066 train 1.0000 test 0.2754
epoch 104/200 loss 0.0071 train 0.9996 test 0.2731
epoch 105/200 loss 0.0066 train 1.0000 test 0.2720
epoch 106/200 loss 0.0068 train 1.0000 test 0.2728
epoch 107/200 loss 0.0074 train 1.0000 test 0.2731
epoch 108/200 loss 0.0071 train 1.0000 test 0.2746
epoch 109/200 loss 0.0071 train 1.0000 test 0.2726
epoch 110/200 loss 0.0071 train 1.0000 test 0.2747
epoch 111/200 loss 0.0065 train 1.0000 test 0.2724
epoch 112/200 loss 0.0067 train 1.0000 test 0.2728
epoch 113/200 loss 0.0073 train 1.0000 test 0.2732
epoch 114/200 loss 0.0073 train 1.0000 test 0.2718
epoch 115/200 loss 0.0070 train 1.0000 test 0.2724
epoch 116/200 loss 0.0077 train 1.0000 test 0.2718
epoch 117/200 loss 0.0078 train 1.0000 test 0.2726
epoch 118/200 loss 0.0080 train 1.0000 test 0.2727
epoch 119/200 loss 0.0070 train 1.0000 test 0.2731
epoch 120/200 loss 0.0077 train 1.0000 test 0.2745
epoch 121/200 loss 0.0069 train 1.0000 test 0.2736
epoch 122/200 loss 0.0071 train 1.0000 test 0.2721
epoch 123/200 loss 0.0073 train 1.0000 test 0.2731
epoch 124/200 loss 0.0075 train 1.0000 test 0.2718
epoch 125/200 loss 0.0074 train 1.0000 test 0.2732
epoch 126/200 loss 0.0074 train 1.0000 test 0.2745
epoch 127/200 loss 0.0071 train 1.0000 test 0.2751
epoch 128/200 loss 0.0070 train 1.0000 test 0.2739
epoch 129/200 loss 0.0072 train 1.0000 test 0.2731
epoch 130/200 loss 0.0075 train 1.0000 test 0.2759
epoch 131/200 loss 0.0071 train 1.0000 test 0.2749
epoch 132/200 loss 0.0073 train 1.0000 test 0.2734
epoch 133/200 loss 0.0072 train 1.0000 test 0.2760
epoch 134/200 loss 0.0071 train 1.0000 test 0.2743
epoch 135/200 loss 0.0075 train 1.0000 test 0.2741
epoch 136/200 loss 0.0070 train 1.0000 test 0.2759
epoch 137/200 loss 0.0069 train 1.0000 test 0.2766
epoch 138/200 loss 0.0071 train 1.0000 test 0.2745
epoch 139/200 loss 0.0066 train 1.0000 test 0.2750
epoch 140/200 loss 0.0072 train 1.0000 test 0.2751
epoch 141/200 loss 0.0070 train 1.0000 test 0.2752
epoch 142/200 loss 0.0071 train 1.0000 test 0.2748
epoch 143/200 loss 0.0076 train 1.0000 test 0.2742
epoch 144/200 loss 0.0071 train 1.0000 test 0.2752
epoch 145/200 loss 0.0074 train 1.0000 test 0.2735
epoch 146/200 loss 0.0073 train 1.0000 test 0.2747
epoch 147/200 loss 0.0067 train 1.0000 test 0.2743
epoch 148/200 loss 0.0079 train 1.0000 test 0.2744
epoch 149/200 loss 0.0070 train 1.0000 test 0.2746
epoch 150/200 loss 0.0074 train 1.0000 test 0.2744
epoch 151/200 loss 0.0073 train 1.0000 test 0.2746
epoch 152/200 loss 0.0071 train 1.0000 test 0.2749
epoch 153/200 loss 0.0069 train 1.0000 test 0.2751
epoch 154/200 loss 0.0071 train 1.0000 test 0.2756
epoch 155/200 loss 0.0075 train 1.0000 test 0.2752
epoch 156/200 loss 0.0072 train 1.0000 test 0.2757
epoch 157/200 loss 0.0070 train 1.0000 test 0.2750
epoch 158/200 loss 0.0071 train 1.0000 test 0.2747
epoch 159/200 loss 0.0073 train 1.0000 test 0.2751
epoch 160/200 loss 0.0068 train 1.0000 test 0.2761
epoch 161/200 loss 0.0068 train 1.0000 test 0.2750
epoch 162/200 loss 0.0072 train 1.0000 test 0.2747
epoch 163/200 loss 0.0074 train 1.0000 test 0.2753
epoch 164/200 loss 0.0074 train 1.0000 test 0.2748
epoch 165/200 loss 0.0070 train 1.0000 test 0.2753
epoch 166/200 loss 0.0073 train 1.0000 test 0.2750
epoch 167/200 loss 0.0076 train 1.0000 test 0.2745
epoch 168/200 loss 0.0070 train 1.0000 test 0.2767
epoch 169/200 loss 0.0071 train 1.0000 test 0.2747
epoch 170/200 loss 0.0070 train 1.0000 test 0.2769
epoch 171/200 loss 0.0074 train 1.0000 test 0.2761
epoch 172/200 loss 0.0073 train 1.0000 test 0.2762
epoch 173/200 loss 0.0072 train 1.0000 test 0.2761
epoch 174/200 loss 0.0071 train 1.0000 test 0.2758
epoch 175/200 loss 0.0070 train 1.0000 test 0.2762
epoch 176/200 loss 0.0071 train 1.0000 test 0.2756
epoch 177/200 loss 0.0074 train 1.0000 test 0.2760
epoch 178/200 loss 0.0068 train 1.0000 test 0.2751
epoch 179/200 loss 0.0071 train 1.0000 test 0.2754
epoch 180/200 loss 0.0069 train 1.0000 test 0.2764
epoch 181/200 loss 0.0069 train 1.0000 test 0.2772
epoch 182/200 loss 0.0072 train 1.0000 test 0.2763
epoch 183/200 loss 0.0072 train 1.0000 test 0.2766
epoch 184/200 loss 0.0070 train 1.0000 test 0.2759
epoch 185/200 loss 0.0072 train 1.0000 test 0.2766
epoch 186/200 loss 0.0065 train 1.0000 test 0.2765
epoch 187/200 loss 0.0067 train 1.0000 test 0.2763
epoch 188/200 loss 0.0068 train 1.0000 test 0.2781
epoch 189/200 loss 0.0069 train 1.0000 test 0.2763
epoch 190/200 loss 0.0067 train 1.0000 test 0.2767
epoch 191/200 loss 0.0068 train 1.0000 test 0.2768
epoch 192/200 loss 0.0071 train 1.0000 test 0.2756
epoch 193/200 loss 0.0071 train 1.0000 test 0.2766
epoch 194/200 loss 0.0067 train 1.0000 test 0.2758
epoch 195/200 loss 0.0073 train 1.0000 test 0.2757
epoch 196/200 loss 0.0068 train 1.0000 test 0.2768
epoch 197/200 loss 0.0069 train 1.0000 test 0.2768
epoch 198/200 loss 0.0074 train 1.0000 test 0.2751
epoch 199/200 loss 0.0072 train 1.0000 test 0.2754
epoch 200/200 loss 0.0066 train 1.0000 test 0.2758
done: final 0.2758 best 0.2781 -> ./runs/k5_5pct_gaboronly/seed1
=== k5_5pct_gaboronly seed 2 ===
stem calibrated (True) on 1024 images
[k5_5pct_gaboronly seed2] {"params_trainable": 11225316, "params_stem_trainable": 0, "params_stem_fixed_filters": 225, "flops_total": 562244608, "flops_stem": 230400, "flops_image_size": 32}
epoch 1/200 loss 4.6007 train 0.0177 test 0.0356
epoch 2/200 loss 4.3583 train 0.0391 test 0.0577
epoch 3/200 loss 4.1660 train 0.0699 test 0.0655
epoch 4/200 loss 4.0285 train 0.0789 test 0.0789
epoch 5/200 loss 3.9218 train 0.0995 test 0.0940
epoch 6/200 loss 3.7982 train 0.1057 test 0.0895
epoch 7/200 loss 3.7175 train 0.1114 test 0.0966
epoch 8/200 loss 3.6834 train 0.1205 test 0.0932
epoch 9/200 loss 3.6544 train 0.1275 test 0.1073
epoch 10/200 loss 3.5279 train 0.1612 test 0.0996
epoch 11/200 loss 3.4850 train 0.1604 test 0.1112
epoch 12/200 loss 3.4190 train 0.1694 test 0.1161
epoch 13/200 loss 3.3594 train 0.1706 test 0.1247
epoch 14/200 loss 3.3080 train 0.1739 test 0.1323
epoch 15/200 loss 3.2078 train 0.2044 test 0.1329
epoch 16/200 loss 3.1461 train 0.2126 test 0.1391
epoch 17/200 loss 3.0920 train 0.2270 test 0.1493
epoch 18/200 loss 3.0420 train 0.2315 test 0.1406
epoch 19/200 loss 2.9593 train 0.2426 test 0.1363
epoch 20/200 loss 2.9177 train 0.2533 test 0.1411
epoch 21/200 loss 2.8287 train 0.2784 test 0.1597
epoch 22/200 loss 2.7281 train 0.2969 test 0.1592
epoch 23/200 loss 2.6655 train 0.3088 test 0.1763
epoch 24/200 loss 2.6081 train 0.3199 test 0.1639
epoch 25/200 loss 2.5315 train 0.3232 test 0.1637
epoch 26/200 loss 2.4919 train 0.3368 test 0.1747
epoch 27/200 loss 2.4301 train 0.3549 test 0.1625
epoch 28/200 loss 2.3423 train 0.3664 test 0.1736
epoch 29/200 loss 2.1765 train 0.4104 test 0.1744
epoch 30/200 loss 2.1641 train 0.4104 test 0.1834
epoch 31/200 loss 2.0834 train 0.4297 test 0.1905
epoch 32/200 loss 1.9689 train 0.4515 test 0.1891
epoch 33/200 loss 1.8816 train 0.4757 test 0.1923
epoch 34/200 loss 1.7948 train 0.4922 test 0.1952
epoch 35/200 loss 1.6885 train 0.5206 test 0.1871
epoch 36/200 loss 1.6675 train 0.5210 test 0.1902
epoch 37/200 loss 1.5518 train 0.5436 test 0.1961
epoch 38/200 loss 1.4091 train 0.5900 test 0.1918
epoch 39/200 loss 1.3489 train 0.6032 test 0.1850
epoch 40/200 loss 1.2617 train 0.6336 test 0.1830
epoch 41/200 loss 1.2656 train 0.6242 test 0.1727
epoch 42/200 loss 1.1545 train 0.6645 test 0.1739
epoch 43/200 loss 1.0758 train 0.6813 test 0.2014
epoch 44/200 loss 1.0209 train 0.6937 test 0.2018
epoch 45/200 loss 0.8638 train 0.7582 test 0.2016
epoch 46/200 loss 0.8125 train 0.7549 test 0.2106
epoch 47/200 loss 0.8313 train 0.7566 test 0.2091
epoch 48/200 loss 0.7233 train 0.7817 test 0.1960
epoch 49/200 loss 0.6435 train 0.8063 test 0.2178
epoch 50/200 loss 0.6101 train 0.8228 test 0.2032
epoch 51/200 loss 0.5324 train 0.8442 test 0.2149
epoch 52/200 loss 0.4478 train 0.8812 test 0.2218
epoch 53/200 loss 0.4668 train 0.8655 test 0.1983
epoch 54/200 loss 0.4571 train 0.8655 test 0.2143
epoch 55/200 loss 0.3665 train 0.8956 test 0.2267
epoch 56/200 loss 0.2962 train 0.9198 test 0.2269
epoch 57/200 loss 0.2593 train 0.9342 test 0.2276
epoch 58/200 loss 0.2035 train 0.9531 test 0.2345
epoch 59/200 loss 0.1430 train 0.9667 test 0.2259
epoch 60/200 loss 0.1488 train 0.9696 test 0.2288
epoch 61/200 loss 0.1455 train 0.9659 test 0.2324
epoch 62/200 loss 0.1452 train 0.9646 test 0.2334
epoch 63/200 loss 0.1522 train 0.9626 test 0.2263
epoch 64/200 loss 0.1250 train 0.9733 test 0.2318
epoch 65/200 loss 0.1013 train 0.9815 test 0.2338
epoch 66/200 loss 0.0937 train 0.9823 test 0.2387
epoch 67/200 loss 0.0885 train 0.9794 test 0.2470
epoch 68/200 loss 0.0745 train 0.9868 test 0.2436
epoch 69/200 loss 0.0647 train 0.9897 test 0.2404
epoch 70/200 loss 0.0509 train 0.9934 test 0.2459
epoch 71/200 loss 0.0625 train 0.9893 test 0.2534
epoch 72/200 loss 0.0454 train 0.9947 test 0.2532
epoch 73/200 loss 0.0276 train 0.9963 test 0.2556
epoch 74/200 loss 0.0235 train 0.9975 test 0.2627
epoch 75/200 loss 0.0149 train 1.0000 test 0.2596
epoch 76/200 loss 0.0112 train 0.9996 test 0.2624
epoch 77/200 loss 0.0111 train 1.0000 test 0.2661
epoch 78/200 loss 0.0079 train 1.0000 test 0.2671
epoch 79/200 loss 0.0068 train 1.0000 test 0.2666
epoch 80/200 loss 0.0064 train 1.0000 test 0.2658
epoch 81/200 loss 0.0072 train 1.0000 test 0.2648
epoch 82/200 loss 0.0068 train 1.0000 test 0.2680
epoch 83/200 loss 0.0070 train 1.0000 test 0.2664
epoch 84/200 loss 0.0067 train 1.0000 test 0.2658
epoch 85/200 loss 0.0075 train 1.0000 test 0.2705
epoch 86/200 loss 0.0069 train 1.0000 test 0.2703
epoch 87/200 loss 0.0070 train 1.0000 test 0.2693
epoch 88/200 loss 0.0069 train 1.0000 test 0.2668
epoch 89/200 loss 0.0073 train 1.0000 test 0.2651
epoch 90/200 loss 0.0068 train 1.0000 test 0.2694
epoch 91/200 loss 0.0074 train 1.0000 test 0.2690
epoch 92/200 loss 0.0068 train 1.0000 test 0.2686
epoch 93/200 loss 0.0068 train 1.0000 test 0.2694
epoch 94/200 loss 0.0068 train 1.0000 test 0.2723
epoch 95/200 loss 0.0072 train 1.0000 test 0.2706
epoch 96/200 loss 0.0067 train 1.0000 test 0.2675
epoch 97/200 loss 0.0070 train 1.0000 test 0.2681
epoch 98/200 loss 0.0073 train 1.0000 test 0.2700
epoch 99/200 loss 0.0071 train 1.0000 test 0.2689
epoch 100/200 loss 0.0075 train 1.0000 test 0.2697
epoch 101/200 loss 0.0078 train 1.0000 test 0.2673
epoch 102/200 loss 0.0074 train 1.0000 test 0.2710
epoch 103/200 loss 0.0068 train 1.0000 test 0.2710
epoch 104/200 loss 0.0073 train 1.0000 test 0.2714
epoch 105/200 loss 0.0072 train 1.0000 test 0.2705
epoch 106/200 loss 0.0076 train 1.0000 test 0.2713
epoch 107/200 loss 0.0077 train 1.0000 test 0.2685
epoch 108/200 loss 0.0070 train 1.0000 test 0.2702
epoch 109/200 loss 0.0072 train 1.0000 test 0.2707
epoch 110/200 loss 0.0072 train 1.0000 test 0.2709
epoch 111/200 loss 0.0073 train 1.0000 test 0.2712
epoch 112/200 loss 0.0071 train 1.0000 test 0.2700
epoch 113/200 loss 0.0072 train 1.0000 test 0.2701
epoch 114/200 loss 0.0075 train 1.0000 test 0.2711
epoch 115/200 loss 0.0073 train 1.0000 test 0.2706
epoch 116/200 loss 0.0076 train 1.0000 test 0.2701
epoch 117/200 loss 0.0077 train 1.0000 test 0.2699
epoch 118/200 loss 0.0077 train 1.0000 test 0.2711
epoch 119/200 loss 0.0083 train 1.0000 test 0.2716
epoch 120/200 loss 0.0075 train 1.0000 test 0.2726
epoch 121/200 loss 0.0076 train 1.0000 test 0.2726
epoch 122/200 loss 0.0077 train 1.0000 test 0.2715
epoch 123/200 loss 0.0076 train 1.0000 test 0.2730
epoch 124/200 loss 0.0072 train 1.0000 test 0.2726
epoch 125/200 loss 0.0072 train 1.0000 test 0.2727
epoch 126/200 loss 0.0072 train 1.0000 test 0.2732
epoch 127/200 loss 0.0075 train 1.0000 test 0.2731
epoch 128/200 loss 0.0075 train 1.0000 test 0.2728
epoch 129/200 loss 0.0075 train 1.0000 test 0.2721
epoch 130/200 loss 0.0072 train 1.0000 test 0.2724
epoch 131/200 loss 0.0079 train 1.0000 test 0.2748
epoch 132/200 loss 0.0068 train 1.0000 test 0.2720
epoch 133/200 loss 0.0073 train 1.0000 test 0.2729
epoch 134/200 loss 0.0071 train 1.0000 test 0.2720
epoch 135/200 loss 0.0069 train 1.0000 test 0.2707
epoch 136/200 loss 0.0073 train 1.0000 test 0.2725
epoch 137/200 loss 0.0072 train 1.0000 test 0.2722
epoch 138/200 loss 0.0074 train 1.0000 test 0.2698
epoch 139/200 loss 0.0077 train 1.0000 test 0.2718
epoch 140/200 loss 0.0074 train 1.0000 test 0.2721
epoch 141/200 loss 0.0071 train 1.0000 test 0.2736
epoch 142/200 loss 0.0073 train 1.0000 test 0.2726
epoch 143/200 loss 0.0074 train 1.0000 test 0.2714
epoch 144/200 loss 0.0073 train 1.0000 test 0.2729
epoch 145/200 loss 0.0074 train 1.0000 test 0.2727
epoch 146/200 loss 0.0072 train 1.0000 test 0.2720
epoch 147/200 loss 0.0071 train 1.0000 test 0.2727
epoch 148/200 loss 0.0070 train 1.0000 test 0.2724
epoch 149/200 loss 0.0072 train 1.0000 test 0.2729
epoch 150/200 loss 0.0072 train 1.0000 test 0.2727
epoch 151/200 loss 0.0072 train 1.0000 test 0.2723
epoch 152/200 loss 0.0068 train 1.0000 test 0.2746
epoch 153/200 loss 0.0073 train 1.0000 test 0.2715
epoch 154/200 loss 0.0075 train 1.0000 test 0.2738
epoch 155/200 loss 0.0078 train 1.0000 test 0.2734
epoch 156/200 loss 0.0070 train 1.0000 test 0.2746
epoch 157/200 loss 0.0066 train 1.0000 test 0.2734
epoch 158/200 loss 0.0072 train 1.0000 test 0.2729
epoch 159/200 loss 0.0077 train 1.0000 test 0.2738
epoch 160/200 loss 0.0071 train 1.0000 test 0.2751
epoch 161/200 loss 0.0079 train 1.0000 test 0.2740
epoch 162/200 loss 0.0069 train 1.0000 test 0.2734
epoch 163/200 loss 0.0074 train 1.0000 test 0.2725
epoch 164/200 loss 0.0071 train 1.0000 test 0.2734
epoch 165/200 loss 0.0073 train 1.0000 test 0.2745
epoch 166/200 loss 0.0070 train 1.0000 test 0.2748
epoch 167/200 loss 0.0067 train 1.0000 test 0.2742
epoch 168/200 loss 0.0077 train 1.0000 test 0.2740
epoch 169/200 loss 0.0067 train 1.0000 test 0.2749
epoch 170/200 loss 0.0072 train 1.0000 test 0.2745
epoch 171/200 loss 0.0073 train 1.0000 test 0.2742
epoch 172/200 loss 0.0070 train 1.0000 test 0.2727
epoch 173/200 loss 0.0067 train 1.0000 test 0.2729
epoch 174/200 loss 0.0076 train 1.0000 test 0.2732
epoch 175/200 loss 0.0073 train 1.0000 test 0.2742
epoch 176/200 loss 0.0070 train 1.0000 test 0.2735
epoch 177/200 loss 0.0073 train 1.0000 test 0.2729
epoch 178/200 loss 0.0072 train 1.0000 test 0.2732
epoch 179/200 loss 0.0073 train 1.0000 test 0.2739
epoch 180/200 loss 0.0072 train 1.0000 test 0.2739
epoch 181/200 loss 0.0073 train 1.0000 test 0.2726
epoch 182/200 loss 0.0068 train 1.0000 test 0.2744
epoch 183/200 loss 0.0071 train 1.0000 test 0.2745
epoch 184/200 loss 0.0072 train 1.0000 test 0.2739
epoch 185/200 loss 0.0074 train 1.0000 test 0.2733
epoch 186/200 loss 0.0068 train 1.0000 test 0.2740
epoch 187/200 loss 0.0072 train 1.0000 test 0.2738
epoch 188/200 loss 0.0068 train 1.0000 test 0.2730
epoch 189/200 loss 0.0073 train 1.0000 test 0.2744
epoch 190/200 loss 0.0065 train 1.0000 test 0.2742
epoch 191/200 loss 0.0070 train 1.0000 test 0.2739
epoch 192/200 loss 0.0070 train 1.0000 test 0.2734
epoch 193/200 loss 0.0069 train 1.0000 test 0.2740
epoch 194/200 loss 0.0070 train 1.0000 test 0.2741
epoch 195/200 loss 0.0070 train 1.0000 test 0.2745
epoch 196/200 loss 0.0070 train 1.0000 test 0.2738
epoch 197/200 loss 0.0074 train 1.0000 test 0.2717
epoch 198/200 loss 0.0071 train 1.0000 test 0.2731
epoch 199/200 loss 0.0072 train 1.0000 test 0.2742
epoch 200/200 loss 0.0068 train 1.0000 test 0.2757
done: final 0.2757 best 0.2757 -> ./runs/k5_5pct_gaboronly/seed2
=== k5_10pct_gaboronly seed 0 ===
stem calibrated (True) on 1024 images
[k5_10pct_gaboronly seed0] {"params_trainable": 11225316, "params_stem_trainable": 0, "params_stem_fixed_filters": 225, "flops_total": 562244608, "flops_stem": 230400, "flops_image_size": 32}
epoch 1/200 loss 4.5159 train 0.0288 test 0.0506
epoch 2/200 loss 4.1797 train 0.0621 test 0.0734
epoch 3/200 loss 4.0081 train 0.0853 test 0.0884
epoch 4/200 loss 3.8629 train 0.1058 test 0.0993
epoch 5/200 loss 3.7577 train 0.1160 test 0.1150
epoch 6/200 loss 3.6683 train 0.1344 test 0.1080
epoch 7/200 loss 3.5701 train 0.1372 test 0.1329
epoch 8/200 loss 3.4615 train 0.1705 test 0.1186
epoch 9/200 loss 3.3773 train 0.1773 test 0.1456
epoch 10/200 loss 3.2621 train 0.1997 test 0.1443
epoch 11/200 loss 3.1922 train 0.2029 test 0.1694
epoch 12/200 loss 3.0971 train 0.2228 test 0.1735
epoch 13/200 loss 3.0132 train 0.2462 test 0.1936
epoch 14/200 loss 2.9646 train 0.2494 test 0.1815
epoch 15/200 loss 2.8170 train 0.2810 test 0.1883
epoch 16/200 loss 2.7701 train 0.2851 test 0.2143
epoch 17/200 loss 2.6633 train 0.2983 test 0.1963
epoch 18/200 loss 2.6248 train 0.3085 test 0.2109
epoch 19/200 loss 2.5233 train 0.3319 test 0.2221
epoch 20/200 loss 2.4913 train 0.3409 test 0.2491
epoch 21/200 loss 2.3563 train 0.3702 test 0.2439
epoch 22/200 loss 2.2982 train 0.3784 test 0.2538
epoch 23/200 loss 2.2208 train 0.3990 test 0.2536
epoch 24/200 loss 2.1098 train 0.4263 test 0.2357
epoch 25/200 loss 2.0535 train 0.4367 test 0.2569
epoch 26/200 loss 1.9506 train 0.4487 test 0.2483
epoch 27/200 loss 1.8945 train 0.4746 test 0.2605
epoch 28/200 loss 1.7941 train 0.4920 test 0.2659
epoch 29/200 loss 1.7158 train 0.5140 test 0.2563
epoch 30/200 loss 1.6379 train 0.5272 test 0.2481
epoch 31/200 loss 1.5483 train 0.5521 test 0.2587
epoch 32/200 loss 1.4820 train 0.5673 test 0.2650
epoch 33/200 loss 1.3950 train 0.5879 test 0.2637
epoch 34/200 loss 1.3122 train 0.6100 test 0.2651
epoch 35/200 loss 1.2555 train 0.6278 test 0.2687
epoch 36/200 loss 1.1843 train 0.6500 test 0.2793
epoch 37/200 loss 1.0576 train 0.6793 test 0.2652
epoch 38/200 loss 0.9700 train 0.7047 test 0.2724
epoch 39/200 loss 0.9347 train 0.7131 test 0.2975
epoch 40/200 loss 0.9363 train 0.7141 test 0.2636
epoch 41/200 loss 0.8488 train 0.7454 test 0.2771
epoch 42/200 loss 0.7552 train 0.7668 test 0.3039
epoch 43/200 loss 0.6666 train 0.7959 test 0.3037
epoch 44/200 loss 0.6069 train 0.8129 test 0.2877
epoch 45/200 loss 0.5392 train 0.8341 test 0.2810
epoch 46/200 loss 0.5342 train 0.8361 test 0.2824
epoch 47/200 loss 0.4861 train 0.8528 test 0.3106
epoch 48/200 loss 0.3917 train 0.8884 test 0.2935
epoch 49/200 loss 0.3874 train 0.8796 test 0.2824
epoch 50/200 loss 0.3913 train 0.8802 test 0.2991
epoch 51/200 loss 0.3955 train 0.8796 test 0.2530
epoch 52/200 loss 0.3721 train 0.8912 test 0.2926
epoch 53/200 loss 0.3103 train 0.9079 test 0.3091
epoch 54/200 loss 0.2635 train 0.9259 test 0.3037
epoch 55/200 loss 0.2213 train 0.9365 test 0.3031
epoch 56/200 loss 0.2133 train 0.9413 test 0.3149
epoch 57/200 loss 0.1860 train 0.9499 test 0.3317
epoch 58/200 loss 0.1654 train 0.9519 test 0.3261
epoch 59/200 loss 0.1318 train 0.9655 test 0.3281
epoch 60/200 loss 0.1217 train 0.9706 test 0.3203
epoch 61/200 loss 0.1332 train 0.9679 test 0.3334
epoch 62/200 loss 0.1063 train 0.9748 test 0.3287
epoch 63/200 loss 0.1160 train 0.9706 test 0.3197
epoch 64/200 loss 0.1052 train 0.9734 test 0.3389
epoch 65/200 loss 0.1262 train 0.9675 test 0.3402
epoch 66/200 loss 0.1458 train 0.9621 test 0.3305
epoch 67/200 loss 0.1703 train 0.9573 test 0.3320
epoch 68/200 loss 0.1682 train 0.9557 test 0.3253
epoch 69/200 loss 0.1561 train 0.9559 test 0.3108
epoch 70/200 loss 0.1587 train 0.9551 test 0.3304
epoch 71/200 loss 0.1487 train 0.9585 test 0.3309
epoch 72/200 loss 0.1223 train 0.9710 test 0.3286
epoch 73/200 loss 0.1039 train 0.9736 test 0.3369
epoch 74/200 loss 0.0826 train 0.9800 test 0.3401
epoch 75/200 loss 0.0675 train 0.9852 test 0.3421
epoch 76/200 loss 0.0586 train 0.9892 test 0.3473
epoch 77/200 loss 0.0629 train 0.9874 test 0.3492
epoch 78/200 loss 0.0406 train 0.9940 test 0.3576
epoch 79/200 loss 0.0335 train 0.9944 test 0.3611
epoch 80/200 loss 0.0327 train 0.9942 test 0.3658
epoch 81/200 loss 0.0351 train 0.9940 test 0.3526
epoch 82/200 loss 0.0290 train 0.9964 test 0.3661
epoch 83/200 loss 0.0199 train 0.9984 test 0.3763
epoch 84/200 loss 0.0094 train 0.9996 test 0.3875
epoch 85/200 loss 0.0071 train 0.9998 test 0.3859
epoch 86/200 loss 0.0068 train 0.9996 test 0.3886
epoch 87/200 loss 0.0060 train 0.9996 test 0.3887
epoch 88/200 loss 0.0057 train 0.9996 test 0.3897
epoch 89/200 loss 0.0053 train 1.0000 test 0.3905
epoch 90/200 loss 0.0058 train 0.9996 test 0.3928
epoch 91/200 loss 0.0059 train 0.9994 test 0.3912
epoch 92/200 loss 0.0069 train 0.9994 test 0.3928
epoch 93/200 loss 0.0066 train 0.9996 test 0.3936
epoch 94/200 loss 0.0060 train 0.9998 test 0.3942
epoch 95/200 loss 0.0069 train 0.9996 test 0.3933
epoch 96/200 loss 0.0060 train 0.9998 test 0.3958
epoch 97/200 loss 0.0063 train 0.9998 test 0.3948
epoch 98/200 loss 0.0070 train 0.9996 test 0.3964
epoch 99/200 loss 0.0068 train 0.9998 test 0.3957
epoch 100/200 loss 0.0065 train 0.9996 test 0.3955
epoch 101/200 loss 0.0067 train 0.9998 test 0.3960
epoch 102/200 loss 0.0067 train 0.9996 test 0.3976
epoch 103/200 loss 0.0071 train 0.9996 test 0.3968
epoch 104/200 loss 0.0067 train 0.9996 test 0.3978
epoch 105/200 loss 0.0070 train 0.9996 test 0.3995
epoch 106/200 loss 0.0068 train 0.9998 test 0.3970
epoch 107/200 loss 0.0071 train 0.9996 test 0.3976
epoch 108/200 loss 0.0069 train 1.0000 test 0.4010
epoch 109/200 loss 0.0074 train 0.9996 test 0.3995
epoch 110/200 loss 0.0069 train 0.9998 test 0.4003
epoch 111/200 loss 0.0075 train 0.9998 test 0.3973
epoch 112/200 loss 0.0076 train 0.9998 test 0.4001
epoch 113/200 loss 0.0071 train 0.9998 test 0.3988
epoch 114/200 loss 0.0070 train 0.9996 test 0.3984
epoch 115/200 loss 0.0072 train 0.9998 test 0.3989
epoch 116/200 loss 0.0072 train 0.9998 test 0.3993
epoch 117/200 loss 0.0068 train 1.0000 test 0.3983
epoch 118/200 loss 0.0073 train 0.9998 test 0.3984
epoch 119/200 loss 0.0072 train 0.9998 test 0.4001
epoch 120/200 loss 0.0073 train 1.0000 test 0.4001
epoch 121/200 loss 0.0075 train 0.9996 test 0.3993
epoch 122/200 loss 0.0070 train 0.9998 test 0.3982
epoch 123/200 loss 0.0070 train 0.9998 test 0.4010
epoch 124/200 loss 0.0070 train 0.9998 test 0.4000
epoch 125/200 loss 0.0071 train 0.9996 test 0.3998
epoch 126/200 loss 0.0073 train 0.9998 test 0.3999
epoch 127/200 loss 0.0069 train 0.9998 test 0.3993
epoch 128/200 loss 0.0066 train 1.0000 test 0.4033
epoch 129/200 loss 0.0069 train 1.0000 test 0.3993
epoch 130/200 loss 0.0067 train 1.0000 test 0.3997
epoch 131/200 loss 0.0070 train 0.9998 test 0.4011
epoch 132/200 loss 0.0068 train 0.9998 test 0.3997
epoch 133/200 loss 0.0067 train 0.9998 test 0.4014
epoch 134/200 loss 0.0065 train 0.9998 test 0.4033
epoch 135/200 loss 0.0069 train 0.9996 test 0.4036
epoch 136/200 loss 0.0066 train 1.0000 test 0.4029
epoch 137/200 loss 0.0068 train 0.9996 test 0.4015
epoch 138/200 loss 0.0066 train 0.9998 test 0.4003
epoch 139/200 loss 0.0067 train 0.9998 test 0.4024
epoch 140/200 loss 0.0067 train 0.9998 test 0.4020
epoch 141/200 loss 0.0069 train 0.9998 test 0.4026
epoch 142/200 loss 0.0066 train 0.9996 test 0.4042
epoch 143/200 loss 0.0067 train 0.9998 test 0.4020
epoch 144/200 loss 0.0068 train 0.9998 test 0.4057
epoch 145/200 loss 0.0065 train 0.9998 test 0.4026
epoch 146/200 loss 0.0065 train 1.0000 test 0.4053
epoch 147/200 loss 0.0062 train 1.0000 test 0.4041
epoch 148/200 loss 0.0065 train 0.9998 test 0.4037
epoch 149/200 loss 0.0065 train 1.0000 test 0.4019
epoch 150/200 loss 0.0063 train 1.0000 test 0.4042
epoch 151/200 loss 0.0064 train 0.9998 test 0.4033
epoch 152/200 loss 0.0065 train 0.9998 test 0.4032
epoch 153/200 loss 0.0062 train 0.9998 test 0.4045
epoch 154/200 loss 0.0064 train 1.0000 test 0.4044
epoch 155/200 loss 0.0063 train 0.9998 test 0.4044
epoch 156/200 loss 0.0062 train 1.0000 test 0.4022
epoch 157/200 loss 0.0062 train 0.9998 test 0.4019
epoch 158/200 loss 0.0061 train 1.0000 test 0.4037
epoch 159/200 loss 0.0060 train 1.0000 test 0.4051
epoch 160/200 loss 0.0065 train 0.9998 test 0.4031
epoch 161/200 loss 0.0062 train 1.0000 test 0.4049
epoch 162/200 loss 0.0063 train 1.0000 test 0.4049
epoch 163/200 loss 0.0061 train 1.0000 test 0.4030
epoch 164/200 loss 0.0063 train 0.9998 test 0.4051
epoch 165/200 loss 0.0062 train 0.9998 test 0.4050
epoch 166/200 loss 0.0062 train 0.9996 test 0.4053
epoch 167/200 loss 0.0061 train 1.0000 test 0.4048
epoch 168/200 loss 0.0064 train 1.0000 test 0.4038
epoch 169/200 loss 0.0063 train 1.0000 test 0.4041
epoch 170/200 loss 0.0063 train 0.9998 test 0.4042
epoch 171/200 loss 0.0063 train 1.0000 test 0.4018
epoch 172/200 loss 0.0064 train 1.0000 test 0.4041
epoch 173/200 loss 0.0062 train 1.0000 test 0.4049
epoch 174/200 loss 0.0061 train 1.0000 test 0.4022
epoch 175/200 loss 0.0059 train 1.0000 test 0.4045
epoch 176/200 loss 0.0061 train 1.0000 test 0.4026
epoch 177/200 loss 0.0062 train 1.0000 test 0.4044
epoch 178/200 loss 0.0061 train 1.0000 test 0.4055
epoch 179/200 loss 0.0061 train 1.0000 test 0.4032
epoch 180/200 loss 0.0061 train 1.0000 test 0.4037
epoch 181/200 loss 0.0062 train 1.0000 test 0.4051
epoch 182/200 loss 0.0061 train 1.0000 test 0.4031
epoch 183/200 loss 0.0059 train 1.0000 test 0.4047
epoch 184/200 loss 0.0058 train 1.0000 test 0.4052
epoch 185/200 loss 0.0061 train 1.0000 test 0.4044
epoch 186/200 loss 0.0062 train 0.9998 test 0.4039
epoch 187/200 loss 0.0061 train 1.0000 test 0.4034
epoch 188/200 loss 0.0060 train 0.9998 test 0.4048
epoch 189/200 loss 0.0061 train 1.0000 test 0.4038
epoch 190/200 loss 0.0060 train 0.9998 test 0.4028
epoch 191/200 loss 0.0056 train 1.0000 test 0.4039
epoch 192/200 loss 0.0058 train 1.0000 test 0.4028
epoch 193/200 loss 0.0060 train 1.0000 test 0.4036
epoch 194/200 loss 0.0060 train 1.0000 test 0.4039
epoch 195/200 loss 0.0061 train 0.9998 test 0.4049
epoch 196/200 loss 0.0059 train 1.0000 test 0.4026
epoch 197/200 loss 0.0059 train 1.0000 test 0.4035
epoch 198/200 loss 0.0059 train 1.0000 test 0.4028
epoch 199/200 loss 0.0060 train 1.0000 test 0.4014
epoch 200/200 loss 0.0059 train 1.0000 test 0.4025
done: final 0.4025 best 0.4057 -> ./runs/k5_10pct_gaboronly/seed0
=== k5_10pct_gaboronly seed 1 ===
stem calibrated (True) on 1024 images
[k5_10pct_gaboronly seed1] {"params_trainable": 11225316, "params_stem_trainable": 0, "params_stem_fixed_filters": 225, "flops_total": 562244608, "flops_stem": 230400, "flops_image_size": 32}
epoch 1/200 loss 4.5038 train 0.0290 test 0.0490
epoch 2/200 loss 4.2056 train 0.0575 test 0.0851
epoch 3/200 loss 4.0032 train 0.0831 test 0.0855
epoch 4/200 loss 3.8745 train 0.1050 test 0.0966
epoch 5/200 loss 3.7992 train 0.1110 test 0.1157
epoch 6/200 loss 3.6660 train 0.1252 test 0.1174
epoch 7/200 loss 3.5572 train 0.1504 test 0.1319
epoch 8/200 loss 3.4774 train 0.1573 test 0.1391
epoch 9/200 loss 3.3947 train 0.1813 test 0.1471
epoch 10/200 loss 3.2916 train 0.1901 test 0.1583
epoch 11/200 loss 3.2060 train 0.2059 test 0.1519
epoch 12/200 loss 3.1042 train 0.2282 test 0.1713
epoch 13/200 loss 3.0109 train 0.2438 test 0.1875
epoch 14/200 loss 2.9196 train 0.2594 test 0.2079
epoch 15/200 loss 2.8668 train 0.2704 test 0.2023
epoch 16/200 loss 2.7676 train 0.2903 test 0.2030
epoch 17/200 loss 2.6727 train 0.3073 test 0.2094
epoch 18/200 loss 2.6078 train 0.3105 test 0.2229
epoch 19/200 loss 2.5218 train 0.3363 test 0.2329
epoch 20/200 loss 2.4256 train 0.3540 test 0.2375
epoch 21/200 loss 2.3616 train 0.3634 test 0.2577
epoch 22/200 loss 2.2709 train 0.3854 test 0.2397
epoch 23/200 loss 2.1966 train 0.3912 test 0.2272
epoch 24/200 loss 2.1416 train 0.4099 test 0.2297
epoch 25/200 loss 2.0317 train 0.4357 test 0.2693
epoch 26/200 loss 1.9734 train 0.4471 test 0.2729
epoch 27/200 loss 1.8867 train 0.4647 test 0.2704
epoch 28/200 loss 1.8078 train 0.4952 test 0.2850
epoch 29/200 loss 1.6991 train 0.5174 test 0.2732
epoch 30/200 loss 1.6119 train 0.5419 test 0.2714
epoch 31/200 loss 1.5609 train 0.5419 test 0.2720
epoch 32/200 loss 1.4988 train 0.5671 test 0.2789
epoch 33/200 loss 1.3989 train 0.5833 test 0.2836
epoch 34/200 loss 1.3269 train 0.6102 test 0.2727
epoch 35/200 loss 1.2548 train 0.6226 test 0.2718
epoch 36/200 loss 1.1888 train 0.6498 test 0.2858
epoch 37/200 loss 1.0983 train 0.6697 test 0.2867
epoch 38/200 loss 0.9969 train 0.7017 test 0.2894
epoch 39/200 loss 0.9381 train 0.7067 test 0.2774
epoch 40/200 loss 0.9188 train 0.7192 test 0.2816
epoch 41/200 loss 0.8481 train 0.7418 test 0.2910
epoch 42/200 loss 0.7104 train 0.7881 test 0.3083
epoch 43/200 loss 0.6427 train 0.8055 test 0.2771
epoch 44/200 loss 0.6615 train 0.7917 test 0.2960
epoch 45/200 loss 0.6194 train 0.8103 test 0.2841
epoch 46/200 loss 0.5622 train 0.8259 test 0.2958
epoch 47/200 loss 0.4567 train 0.8634 test 0.3022
epoch 48/200 loss 0.3991 train 0.8810 test 0.2917
epoch 49/200 loss 0.3843 train 0.8834 test 0.2932
epoch 50/200 loss 0.3813 train 0.8876 test 0.3089
epoch 51/200 loss 0.3473 train 0.8896 test 0.3144
epoch 52/200 loss 0.3311 train 0.9002 test 0.2800
epoch 53/200 loss 0.3297 train 0.8998 test 0.3152
epoch 54/200 loss 0.3087 train 0.9062 test 0.2906
epoch 55/200 loss 0.3072 train 0.9067 test 0.3097
epoch 56/200 loss 0.2520 train 0.9279 test 0.3084
epoch 57/200 loss 0.2133 train 0.9443 test 0.3261
epoch 58/200 loss 0.1667 train 0.9555 test 0.3216
epoch 59/200 loss 0.1466 train 0.9621 test 0.3269
epoch 60/200 loss 0.1393 train 0.9615 test 0.3151
epoch 61/200 loss 0.1378 train 0.9603 test 0.3229
epoch 62/200 loss 0.1384 train 0.9633 test 0.3234
epoch 63/200 loss 0.1343 train 0.9659 test 0.3246
epoch 64/200 loss 0.1133 train 0.9736 test 0.3333
epoch 65/200 loss 0.1067 train 0.9738 test 0.3258
epoch 66/200 loss 0.1259 train 0.9665 test 0.3318
epoch 67/200 loss 0.1281 train 0.9657 test 0.3283
epoch 68/200 loss 0.1574 train 0.9559 test 0.3295
epoch 69/200 loss 0.1503 train 0.9601 test 0.3159
epoch 70/200 loss 0.1623 train 0.9549 test 0.2953
epoch 71/200 loss 0.1434 train 0.9609 test 0.3184
epoch 72/200 loss 0.1043 train 0.9738 test 0.3167
epoch 73/200 loss 0.0911 train 0.9776 test 0.3243
epoch 74/200 loss 0.1018 train 0.9766 test 0.3416
epoch 75/200 loss 0.0843 train 0.9792 test 0.3174
epoch 76/200 loss 0.0681 train 0.9866 test 0.3386
epoch 77/200 loss 0.0625 train 0.9852 test 0.3498
epoch 78/200 loss 0.0598 train 0.9868 test 0.3440
epoch 79/200 loss 0.0468 train 0.9926 test 0.3601
epoch 80/200 loss 0.0330 train 0.9946 test 0.3619
epoch 81/200 loss 0.0226 train 0.9960 test 0.3680
epoch 82/200 loss 0.0201 train 0.9966 test 0.3595
epoch 83/200 loss 0.0219 train 0.9960 test 0.3681
epoch 84/200 loss 0.0173 train 0.9978 test 0.3749
epoch 85/200 loss 0.0147 train 0.9982 test 0.3712
epoch 86/200 loss 0.0140 train 0.9984 test 0.3740
epoch 87/200 loss 0.0102 train 0.9990 test 0.3807
epoch 88/200 loss 0.0080 train 0.9998 test 0.3851
epoch 89/200 loss 0.0062 train 0.9996 test 0.3875
epoch 90/200 loss 0.0059 train 0.9996 test 0.3889
epoch 91/200 loss 0.0055 train 0.9998 test 0.3927
epoch 92/200 loss 0.0061 train 0.9996 test 0.3929
epoch 93/200 loss 0.0058 train 0.9998 test 0.3929
epoch 94/200 loss 0.0057 train 0.9998 test 0.3925
epoch 95/200 loss 0.0060 train 0.9996 test 0.3940
epoch 96/200 loss 0.0067 train 0.9996 test 0.3961
epoch 97/200 loss 0.0065 train 0.9998 test 0.3935
epoch 98/200 loss 0.0063 train 0.9996 test 0.3926
epoch 99/200 loss 0.0063 train 0.9998 test 0.3932
epoch 100/200 loss 0.0064 train 0.9996 test 0.3945
epoch 101/200 loss 0.0065 train 0.9998 test 0.3940
epoch 102/200 loss 0.0062 train 0.9998 test 0.3956
epoch 103/200 loss 0.0066 train 0.9996 test 0.3956
epoch 104/200 loss 0.0068 train 0.9998 test 0.3951
epoch 105/200 loss 0.0068 train 0.9998 test 0.3922
epoch 106/200 loss 0.0071 train 0.9998 test 0.3966
epoch 107/200 loss 0.0070 train 0.9998 test 0.3938
epoch 108/200 loss 0.0072 train 0.9998 test 0.3962
epoch 109/200 loss 0.0075 train 0.9996 test 0.3986
epoch 110/200 loss 0.0072 train 0.9998 test 0.3948
epoch 111/200 loss 0.0075 train 0.9996 test 0.3976
epoch 112/200 loss 0.0072 train 0.9996 test 0.3968
epoch 113/200 loss 0.0073 train 0.9998 test 0.3998
epoch 114/200 loss 0.0072 train 0.9998 test 0.3979
epoch 115/200 loss 0.0073 train 0.9998 test 0.3991
epoch 116/200 loss 0.0075 train 0.9998 test 0.4006
epoch 117/200 loss 0.0070 train 0.9998 test 0.4003
epoch 118/200 loss 0.0073 train 0.9996 test 0.3974
epoch 119/200 loss 0.0074 train 0.9998 test 0.3993
epoch 120/200 loss 0.0072 train 0.9998 test 0.3976
epoch 121/200 loss 0.0071 train 0.9998 test 0.3971
epoch 122/200 loss 0.0074 train 0.9998 test 0.3988
epoch 123/200 loss 0.0073 train 0.9998 test 0.4004
epoch 124/200 loss 0.0076 train 0.9998 test 0.4002
epoch 125/200 loss 0.0069 train 1.0000 test 0.4004
epoch 126/200 loss 0.0069 train 1.0000 test 0.3981
epoch 127/200 loss 0.0066 train 1.0000 test 0.3978
epoch 128/200 loss 0.0071 train 0.9998 test 0.3985
epoch 129/200 loss 0.0072 train 0.9996 test 0.3983
epoch 130/200 loss 0.0070 train 0.9998 test 0.3992
epoch 131/200 loss 0.0069 train 0.9998 test 0.3992
epoch 132/200 loss 0.0067 train 1.0000 test 0.3963
epoch 133/200 loss 0.0069 train 1.0000 test 0.3996
epoch 134/200 loss 0.0069 train 1.0000 test 0.3975
epoch 135/200 loss 0.0069 train 0.9998 test 0.4001
epoch 136/200 loss 0.0070 train 0.9998 test 0.3989
epoch 137/200 loss 0.0070 train 0.9998 test 0.3984
epoch 138/200 loss 0.0068 train 1.0000 test 0.4002
epoch 139/200 loss 0.0068 train 0.9998 test 0.3990
epoch 140/200 loss 0.0069 train 0.9998 test 0.3981
epoch 141/200 loss 0.0068 train 0.9998 test 0.4013
epoch 142/200 loss 0.0066 train 1.0000 test 0.3993
epoch 143/200 loss 0.0065 train 0.9998 test 0.3991
epoch 144/200 loss 0.0067 train 0.9998 test 0.4016
epoch 145/200 loss 0.0064 train 1.0000 test 0.4024
epoch 146/200 loss 0.0066 train 1.0000 test 0.4016
epoch 147/200 loss 0.0070 train 0.9996 test 0.3996
epoch 148/200 loss 0.0069 train 0.9998 test 0.4028
epoch 149/200 loss 0.0065 train 1.0000 test 0.4010
epoch 150/200 loss 0.0065 train 0.9998 test 0.4007
epoch 151/200 loss 0.0063 train 1.0000 test 0.4019
epoch 152/200 loss 0.0065 train 1.0000 test 0.4023
epoch 153/200 loss 0.0066 train 0.9998 test 0.4024
epoch 154/200 loss 0.0064 train 0.9998 test 0.4017
epoch 155/200 loss 0.0070 train 0.9996 test 0.4015
epoch 156/200 loss 0.0063 train 0.9998 test 0.4005
epoch 157/200 loss 0.0064 train 1.0000 test 0.3996
epoch 158/200 loss 0.0063 train 0.9998 test 0.4018
epoch 159/200 loss 0.0063 train 1.0000 test 0.3983
epoch 160/200 loss 0.0061 train 1.0000 test 0.3990
epoch 161/200 loss 0.0062 train 1.0000 test 0.4011
epoch 162/200 loss 0.0063 train 1.0000 test 0.3994
epoch 163/200 loss 0.0066 train 0.9996 test 0.4000
epoch 164/200 loss 0.0062 train 0.9996 test 0.4010
epoch 165/200 loss 0.0063 train 1.0000 test 0.4006
epoch 166/200 loss 0.0063 train 1.0000 test 0.3991
epoch 167/200 loss 0.0063 train 1.0000 test 0.3993
epoch 168/200 loss 0.0064 train 1.0000 test 0.4001
epoch 169/200 loss 0.0064 train 0.9998 test 0.4008
epoch 170/200 loss 0.0063 train 0.9998 test 0.4000
epoch 171/200 loss 0.0059 train 1.0000 test 0.4011
epoch 172/200 loss 0.0059 train 1.0000 test 0.4004
epoch 173/200 loss 0.0063 train 1.0000 test 0.4016
epoch 174/200 loss 0.0061 train 1.0000 test 0.3988
epoch 175/200 loss 0.0061 train 0.9998 test 0.3993
epoch 176/200 loss 0.0059 train 1.0000 test 0.4008
epoch 177/200 loss 0.0061 train 0.9998 test 0.3986
epoch 178/200 loss 0.0063 train 1.0000 test 0.4011
epoch 179/200 loss 0.0063 train 0.9998 test 0.4004
epoch 180/200 loss 0.0059 train 1.0000 test 0.4009
epoch 181/200 loss 0.0060 train 1.0000 test 0.4013
epoch 182/200 loss 0.0060 train 1.0000 test 0.4000
epoch 183/200 loss 0.0062 train 1.0000 test 0.4013
epoch 184/200 loss 0.0060 train 1.0000 test 0.4003
epoch 185/200 loss 0.0060 train 1.0000 test 0.3996
epoch 186/200 loss 0.0061 train 1.0000 test 0.4027
epoch 187/200 loss 0.0058 train 1.0000 test 0.4013
epoch 188/200 loss 0.0061 train 0.9996 test 0.4009
epoch 189/200 loss 0.0062 train 0.9998 test 0.4001
epoch 190/200 loss 0.0060 train 1.0000 test 0.4015
epoch 191/200 loss 0.0061 train 1.0000 test 0.4015
epoch 192/200 loss 0.0061 train 0.9998 test 0.4003
epoch 193/200 loss 0.0062 train 0.9998 test 0.4015
epoch 194/200 loss 0.0060 train 0.9998 test 0.4024
epoch 195/200 loss 0.0063 train 0.9998 test 0.4009
epoch 196/200 loss 0.0061 train 1.0000 test 0.4012
epoch 197/200 loss 0.0061 train 1.0000 test 0.4011
epoch 198/200 loss 0.0061 train 1.0000 test 0.4017
epoch 199/200 loss 0.0062 train 1.0000 test 0.4007
epoch 200/200 loss 0.0060 train 1.0000 test 0.4016
done: final 0.4016 best 0.4028 -> ./runs/k5_10pct_gaboronly/seed1
=== k5_10pct_gaboronly seed 2 ===
stem calibrated (True) on 1024 images
[k5_10pct_gaboronly seed2] {"params_trainable": 11225316, "params_stem_trainable": 0, "params_stem_fixed_filters": 225, "flops_total": 562244608, "flops_stem": 230400, "flops_image_size": 32}
epoch 1/200 loss 4.4957 train 0.0296 test 0.0542
epoch 2/200 loss 4.1781 train 0.0659 test 0.0831
epoch 3/200 loss 3.9941 train 0.0887 test 0.0840
epoch 4/200 loss 3.8468 train 0.1064 test 0.1063
epoch 5/200 loss 3.7382 train 0.1230 test 0.1194
epoch 6/200 loss 3.6364 train 0.1362 test 0.1177
epoch 7/200 loss 3.5676 train 0.1480 test 0.1352
epoch 8/200 loss 3.4463 train 0.1665 test 0.1519
epoch 9/200 loss 3.3492 train 0.1797 test 0.1571
epoch 10/200 loss 3.2625 train 0.1957 test 0.1506
epoch 11/200 loss 3.1872 train 0.2147 test 0.1754
epoch 12/200 loss 3.0785 train 0.2302 test 0.1786
epoch 13/200 loss 3.0154 train 0.2342 test 0.1889
epoch 14/200 loss 2.9378 train 0.2440 test 0.2052
epoch 15/200 loss 2.8419 train 0.2702 test 0.1898
epoch 16/200 loss 2.7623 train 0.2857 test 0.1828
epoch 17/200 loss 2.6653 train 0.3047 test 0.2233
epoch 18/200 loss 2.5817 train 0.3259 test 0.2336
epoch 19/200 loss 2.5053 train 0.3345 test 0.2304
epoch 20/200 loss 2.4214 train 0.3484 test 0.2250
epoch 21/200 loss 2.3622 train 0.3606 test 0.2455
epoch 22/200 loss 2.2850 train 0.3826 test 0.2393
epoch 23/200 loss 2.1546 train 0.4167 test 0.2404
epoch 24/200 loss 2.1304 train 0.4147 test 0.2682
epoch 25/200 loss 2.0405 train 0.4311 test 0.2443
epoch 26/200 loss 1.9752 train 0.4511 test 0.2543
epoch 27/200 loss 1.8591 train 0.4716 test 0.2532
epoch 28/200 loss 1.7728 train 0.4922 test 0.2670
epoch 29/200 loss 1.6702 train 0.5258 test 0.2735
epoch 30/200 loss 1.6314 train 0.5379 test 0.2737
epoch 31/200 loss 1.5178 train 0.5639 test 0.2554
epoch 32/200 loss 1.4476 train 0.5761 test 0.2788
epoch 33/200 loss 1.3759 train 0.5940 test 0.2858
epoch 34/200 loss 1.2784 train 0.6178 test 0.2859
epoch 35/200 loss 1.2075 train 0.6470 test 0.2820
epoch 36/200 loss 1.1607 train 0.6518 test 0.2526
epoch 37/200 loss 1.1059 train 0.6731 test 0.2942
epoch 38/200 loss 0.9969 train 0.6917 test 0.2799
epoch 39/200 loss 0.9384 train 0.7109 test 0.2538
epoch 40/200 loss 0.8212 train 0.7468 test 0.2772
epoch 41/200 loss 0.7952 train 0.7580 test 0.2741
epoch 42/200 loss 0.7316 train 0.7786 test 0.2899
epoch 43/200 loss 0.6705 train 0.7919 test 0.2817
epoch 44/200 loss 0.6477 train 0.7959 test 0.3181
epoch 45/200 loss 0.6115 train 0.8123 test 0.2845
epoch 46/200 loss 0.5205 train 0.8407 test 0.3098
epoch 47/200 loss 0.4441 train 0.8660 test 0.3153
epoch 48/200 loss 0.4012 train 0.8788 test 0.3197
epoch 49/200 loss 0.3769 train 0.8860 test 0.3110
epoch 50/200 loss 0.4198 train 0.8696 test 0.3096
epoch 51/200 loss 0.3948 train 0.8824 test 0.3158
epoch 52/200 loss 0.3196 train 0.9024 test 0.3062
epoch 53/200 loss 0.2857 train 0.9209 test 0.3325
epoch 54/200 loss 0.2460 train 0.9337 test 0.3128
epoch 55/200 loss 0.2258 train 0.9367 test 0.3151
epoch 56/200 loss 0.2021 train 0.9425 test 0.3213
epoch 57/200 loss 0.2059 train 0.9417 test 0.3266
epoch 58/200 loss 0.1836 train 0.9503 test 0.3288
epoch 59/200 loss 0.1632 train 0.9533 test 0.3186
epoch 60/200 loss 0.1721 train 0.9545 test 0.2910
epoch 61/200 loss 0.1801 train 0.9483 test 0.3226
epoch 62/200 loss 0.1731 train 0.9527 test 0.3031
epoch 63/200 loss 0.1529 train 0.9593 test 0.3242
epoch 64/200 loss 0.1270 train 0.9669 test 0.3272
epoch 65/200 loss 0.1004 train 0.9764 test 0.3289
epoch 66/200 loss 0.0701 train 0.9866 test 0.3411
epoch 67/200 loss 0.0547 train 0.9898 test 0.3512
epoch 68/200 loss 0.0654 train 0.9872 test 0.3463
epoch 69/200 loss 0.0541 train 0.9902 test 0.3591
epoch 70/200 loss 0.0463 train 0.9916 test 0.3554
epoch 71/200 loss 0.0468 train 0.9924 test 0.3545
epoch 72/200 loss 0.0430 train 0.9928 test 0.3636
epoch 73/200 loss 0.0446 train 0.9916 test 0.3576
epoch 74/200 loss 0.0429 train 0.9916 test 0.3592
epoch 75/200 loss 0.0289 train 0.9972 test 0.3752
epoch 76/200 loss 0.0261 train 0.9952 test 0.3662
epoch 77/200 loss 0.0258 train 0.9976 test 0.3693
epoch 78/200 loss 0.0175 train 0.9984 test 0.3777
epoch 79/200 loss 0.0119 train 0.9990 test 0.3747
epoch 80/200 loss 0.0097 train 0.9994 test 0.3815
epoch 81/200 loss 0.0069 train 0.9998 test 0.3879
epoch 82/200 loss 0.0064 train 0.9996 test 0.3902
epoch 83/200 loss 0.0058 train 0.9996 test 0.3894
epoch 84/200 loss 0.0062 train 0.9998 test 0.3919
epoch 85/200 loss 0.0068 train 0.9996 test 0.3900
epoch 86/200 loss 0.0062 train 0.9998 test 0.3907
epoch 87/200 loss 0.0061 train 0.9998 test 0.3950
epoch 88/200 loss 0.0065 train 0.9998 test 0.3926
epoch 89/200 loss 0.0067 train 0.9998 test 0.3951
epoch 90/200 loss 0.0067 train 0.9996 test 0.3946
epoch 91/200 loss 0.0070 train 0.9998 test 0.3924
epoch 92/200 loss 0.0069 train 0.9998 test 0.3922
epoch 93/200 loss 0.0077 train 0.9996 test 0.3943
epoch 94/200 loss 0.0077 train 0.9996 test 0.3934
epoch 95/200 loss 0.0072 train 0.9996 test 0.3948
epoch 96/200 loss 0.0070 train 0.9998 test 0.3956
epoch 97/200 loss 0.0072 train 0.9998 test 0.3913
epoch 98/200 loss 0.0074 train 0.9998 test 0.3939
epoch 99/200 loss 0.0080 train 0.9996 test 0.3932
epoch 100/200 loss 0.0073 train 0.9996 test 0.3955
epoch 101/200 loss 0.0076 train 0.9998 test 0.3956
epoch 102/200 loss 0.0076 train 0.9996 test 0.3964
epoch 103/200 loss 0.0076 train 0.9996 test 0.3991
epoch 104/200 loss 0.0075 train 0.9998 test 0.3959
epoch 105/200 loss 0.0076 train 0.9998 test 0.3967
epoch 106/200 loss 0.0073 train 0.9998 test 0.3982
epoch 107/200 loss 0.0072 train 0.9998 test 0.3974
epoch 108/200 loss 0.0076 train 0.9996 test 0.3978
epoch 109/200 loss 0.0072 train 0.9998 test 0.3981
epoch 110/200 loss 0.0074 train 0.9998 test 0.3969
epoch 111/200 loss 0.0077 train 0.9998 test 0.3988
epoch 112/200 loss 0.0076 train 0.9998 test 0.3993
epoch 113/200 loss 0.0074 train 0.9998 test 0.3969
epoch 114/200 loss 0.0072 train 0.9998 test 0.3963
epoch 115/200 loss 0.0075 train 0.9996 test 0.3958
epoch 116/200 loss 0.0073 train 0.9998 test 0.3991
epoch 117/200 loss 0.0072 train 0.9998 test 0.3963
epoch 118/200 loss 0.0073 train 0.9998 test 0.3981
epoch 119/200 loss 0.0072 train 0.9998 test 0.3966
epoch 120/200 loss 0.0072 train 0.9996 test 0.3961
epoch 121/200 loss 0.0068 train 1.0000 test 0.3980
epoch 122/200 loss 0.0071 train 0.9998 test 0.3974
epoch 123/200 loss 0.0070 train 0.9998 test 0.4005
epoch 124/200 loss 0.0074 train 0.9998 test 0.4011
epoch 125/200 loss 0.0069 train 1.0000 test 0.3994
epoch 126/200 loss 0.0073 train 0.9996 test 0.3994
epoch 127/200 loss 0.0069 train 1.0000 test 0.3975
epoch 128/200 loss 0.0070 train 0.9998 test 0.3982
epoch 129/200 loss 0.0068 train 0.9998 test 0.3962
epoch 130/200 loss 0.0066 train 0.9998 test 0.4005
epoch 131/200 loss 0.0067 train 1.0000 test 0.3999
epoch 132/200 loss 0.0065 train 1.0000 test 0.3986
epoch 133/200 loss 0.0068 train 0.9998 test 0.3981
epoch 134/200 loss 0.0065 train 0.9998 test 0.3991
epoch 135/200 loss 0.0067 train 0.9998 test 0.3997
epoch 136/200 loss 0.0066 train 0.9998 test 0.4007
epoch 137/200 loss 0.0067 train 0.9996 test 0.3992
epoch 138/200 loss 0.0065 train 0.9996 test 0.3985
epoch 139/200 loss 0.0065 train 0.9998 test 0.3987
epoch 140/200 loss 0.0066 train 0.9998 test 0.3978
epoch 141/200 loss 0.0063 train 1.0000 test 0.3952
epoch 142/200 loss 0.0064 train 0.9996 test 0.3967
epoch 143/200 loss 0.0061 train 1.0000 test 0.3963
epoch 144/200 loss 0.0062 train 0.9998 test 0.3985
epoch 145/200 loss 0.0065 train 0.9998 test 0.3952
epoch 146/200 loss 0.0061 train 1.0000 test 0.3987
epoch 147/200 loss 0.0062 train 1.0000 test 0.3980
epoch 148/200 loss 0.0064 train 0.9998 test 0.3972
epoch 149/200 loss 0.0061 train 1.0000 test 0.3989
epoch 150/200 loss 0.0060 train 1.0000 test 0.3981
epoch 151/200 loss 0.0063 train 0.9996 test 0.4010
epoch 152/200 loss 0.0061 train 1.0000 test 0.3982
epoch 153/200 loss 0.0062 train 0.9998 test 0.3992
epoch 154/200 loss 0.0061 train 1.0000 test 0.3994
epoch 155/200 loss 0.0063 train 0.9998 test 0.3992
epoch 156/200 loss 0.0060 train 1.0000 test 0.3960
epoch 157/200 loss 0.0059 train 1.0000 test 0.3968
epoch 158/200 loss 0.0061 train 0.9998 test 0.3977
epoch 159/200 loss 0.0058 train 1.0000 test 0.3976
epoch 160/200 loss 0.0061 train 0.9998 test 0.3986
epoch 161/200 loss 0.0058 train 1.0000 test 0.3987
epoch 162/200 loss 0.0059 train 1.0000 test 0.3987
epoch 163/200 loss 0.0055 train 1.0000 test 0.3991
epoch 164/200 loss 0.0060 train 0.9998 test 0.3983
epoch 165/200 loss 0.0058 train 1.0000 test 0.4001
epoch 166/200 loss 0.0058 train 1.0000 test 0.3988
epoch 167/200 loss 0.0060 train 1.0000 test 0.3976
epoch 168/200 loss 0.0057 train 1.0000 test 0.3985
epoch 169/200 loss 0.0058 train 1.0000 test 0.3992
epoch 170/200 loss 0.0059 train 1.0000 test 0.3980
epoch 171/200 loss 0.0059 train 0.9998 test 0.3985
epoch 172/200 loss 0.0061 train 0.9998 test 0.3974
epoch 173/200 loss 0.0057 train 1.0000 test 0.3978
epoch 174/200 loss 0.0057 train 1.0000 test 0.3990
epoch 175/200 loss 0.0057 train 1.0000 test 0.3986
epoch 176/200 loss 0.0058 train 1.0000 test 0.3982
epoch 177/200 loss 0.0060 train 0.9998 test 0.3979
epoch 178/200 loss 0.0056 train 1.0000 test 0.4009
epoch 179/200 loss 0.0056 train 1.0000 test 0.3996
epoch 180/200 loss 0.0059 train 0.9998 test 0.3999
epoch 181/200 loss 0.0059 train 1.0000 test 0.3988
epoch 182/200 loss 0.0056 train 1.0000 test 0.3985
epoch 183/200 loss 0.0055 train 1.0000 test 0.3998
epoch 184/200 loss 0.0055 train 1.0000 test 0.3985
epoch 185/200 loss 0.0055 train 1.0000 test 0.3986
epoch 186/200 loss 0.0058 train 1.0000 test 0.3979
epoch 187/200 loss 0.0058 train 1.0000 test 0.3990
epoch 188/200 loss 0.0057 train 1.0000 test 0.3978
epoch 189/200 loss 0.0056 train 1.0000 test 0.3993
epoch 190/200 loss 0.0057 train 1.0000 test 0.3982
epoch 191/200 loss 0.0055 train 1.0000 test 0.3971
epoch 192/200 loss 0.0056 train 1.0000 test 0.3989
epoch 193/200 loss 0.0057 train 1.0000 test 0.3986
epoch 194/200 loss 0.0056 train 1.0000 test 0.3990
epoch 195/200 loss 0.0055 train 1.0000 test 0.3993
epoch 196/200 loss 0.0056 train 1.0000 test 0.3988
epoch 197/200 loss 0.0054 train 1.0000 test 0.3991
epoch 198/200 loss 0.0057 train 1.0000 test 0.3991
epoch 199/200 loss 0.0059 train 0.9998 test 0.3987
epoch 200/200 loss 0.0055 train 1.0000 test 0.3986
done: final 0.3986 best 0.4011 -> ./runs/k5_10pct_gaboronly/seed2
=== k7_5pct_gaboronly seed 0 ===
stem calibrated (True) on 1024 images
[k7_5pct_gaboronly seed0] {"params_trainable": 11225316, "params_stem_trainable": 0, "params_stem_fixed_filters": 441, "flops_total": 562465792, "flops_stem": 451584, "flops_image_size": 32}
epoch 1/200 loss 4.6305 train 0.0214 test 0.0357
epoch 2/200 loss 4.3696 train 0.0424 test 0.0543
epoch 3/200 loss 4.1850 train 0.0625 test 0.0631
epoch 4/200 loss 4.0186 train 0.0835 test 0.0808
epoch 5/200 loss 3.9239 train 0.0884 test 0.0882
epoch 6/200 loss 3.8761 train 0.0962 test 0.0844
epoch 7/200 loss 3.7561 train 0.1201 test 0.1015
epoch 8/200 loss 3.6645 train 0.1287 test 0.0982
epoch 9/200 loss 3.6193 train 0.1324 test 0.1098
epoch 10/200 loss 3.5941 train 0.1447 test 0.1076
epoch 11/200 loss 3.5291 train 0.1521 test 0.1109
epoch 12/200 loss 3.4124 train 0.1690 test 0.1238
epoch 13/200 loss 3.3525 train 0.1801 test 0.1297
epoch 14/200 loss 3.2758 train 0.1953 test 0.1362
epoch 15/200 loss 3.2050 train 0.2052 test 0.1458
epoch 16/200 loss 3.1196 train 0.2212 test 0.1430
epoch 17/200 loss 3.1217 train 0.2130 test 0.1375
epoch 18/200 loss 3.0365 train 0.2299 test 0.1455
epoch 19/200 loss 2.9423 train 0.2381 test 0.1496
epoch 20/200 loss 2.8969 train 0.2697 test 0.1516
epoch 21/200 loss 2.8258 train 0.2640 test 0.1581
epoch 22/200 loss 2.7668 train 0.2874 test 0.1672
epoch 23/200 loss 2.6988 train 0.3043 test 0.1630
epoch 24/200 loss 2.6325 train 0.3162 test 0.1553
epoch 25/200 loss 2.5441 train 0.3343 test 0.1763
epoch 26/200 loss 2.4862 train 0.3429 test 0.1671
epoch 27/200 loss 2.3803 train 0.3651 test 0.1805
epoch 28/200 loss 2.3253 train 0.3635 test 0.1850
epoch 29/200 loss 2.2649 train 0.3787 test 0.1770
epoch 30/200 loss 2.1454 train 0.3988 test 0.1771
epoch 31/200 loss 2.0703 train 0.4268 test 0.1773
epoch 32/200 loss 2.0137 train 0.4400 test 0.1884
epoch 33/200 loss 1.9753 train 0.4486 test 0.1773
epoch 34/200 loss 1.8029 train 0.4930 test 0.1946
epoch 35/200 loss 1.7258 train 0.5016 test 0.1832
epoch 36/200 loss 1.6478 train 0.5271 test 0.1695
epoch 37/200 loss 1.5327 train 0.5469 test 0.1949
epoch 38/200 loss 1.3872 train 0.6110 test 0.2041
epoch 39/200 loss 1.3349 train 0.6049 test 0.1736
epoch 40/200 loss 1.3868 train 0.5859 test 0.1932
epoch 41/200 loss 1.2802 train 0.6320 test 0.1983
epoch 42/200 loss 1.2034 train 0.6488 test 0.2018
epoch 43/200 loss 1.1167 train 0.6739 test 0.1942
epoch 44/200 loss 0.9758 train 0.7109 test 0.2152
epoch 45/200 loss 0.8561 train 0.7488 test 0.2079
epoch 46/200 loss 0.8278 train 0.7648 test 0.2082
epoch 47/200 loss 0.8365 train 0.7603 test 0.2043
epoch 48/200 loss 0.7437 train 0.7800 test 0.2195
epoch 49/200 loss 0.6348 train 0.8178 test 0.2057
epoch 50/200 loss 0.6101 train 0.8195 test 0.2239
epoch 51/200 loss 0.5194 train 0.8450 test 0.2095
epoch 52/200 loss 0.4421 train 0.8754 test 0.1955
epoch 53/200 loss 0.4089 train 0.8787 test 0.2246
epoch 54/200 loss 0.3665 train 0.8947 test 0.2314
epoch 55/200 loss 0.3410 train 0.9067 test 0.2197
epoch 56/200 loss 0.2839 train 0.9293 test 0.2290
epoch 57/200 loss 0.2452 train 0.9367 test 0.2252
epoch 58/200 loss 0.2369 train 0.9367 test 0.2264
epoch 59/200 loss 0.2242 train 0.9387 test 0.2261
epoch 60/200 loss 0.2065 train 0.9441 test 0.2349
epoch 61/200 loss 0.1898 train 0.9527 test 0.2361
epoch 62/200 loss 0.1548 train 0.9638 test 0.2406
epoch 63/200 loss 0.1416 train 0.9720 test 0.2344
epoch 64/200 loss 0.1278 train 0.9683 test 0.2352
epoch 65/200 loss 0.0991 train 0.9786 test 0.2406
epoch 66/200 loss 0.0903 train 0.9819 test 0.2421
epoch 67/200 loss 0.0772 train 0.9877 test 0.2418
epoch 68/200 loss 0.0527 train 0.9922 test 0.2497
epoch 69/200 loss 0.0465 train 0.9930 test 0.2565
epoch 70/200 loss 0.0384 train 0.9926 test 0.2597
epoch 71/200 loss 0.0343 train 0.9947 test 0.2542
epoch 72/200 loss 0.0399 train 0.9934 test 0.2512
epoch 73/200 loss 0.0442 train 0.9930 test 0.2496
epoch 74/200 loss 0.0348 train 0.9942 test 0.2444
epoch 75/200 loss 0.0245 train 0.9975 test 0.2607
epoch 76/200 loss 0.0182 train 0.9992 test 0.2616
epoch 77/200 loss 0.0144 train 0.9996 test 0.2642
epoch 78/200 loss 0.0110 train 0.9996 test 0.2687
epoch 79/200 loss 0.0147 train 0.9992 test 0.2696
epoch 80/200 loss 0.0127 train 0.9992 test 0.2638
epoch 81/200 loss 0.0132 train 0.9984 test 0.2636
epoch 82/200 loss 0.0207 train 0.9975 test 0.2672
epoch 83/200 loss 0.0143 train 0.9992 test 0.2694
epoch 84/200 loss 0.0102 train 0.9996 test 0.2713
epoch 85/200 loss 0.0100 train 0.9988 test 0.2705
epoch 86/200 loss 0.0077 train 1.0000 test 0.2696
epoch 87/200 loss 0.0079 train 1.0000 test 0.2703
epoch 88/200 loss 0.0072 train 1.0000 test 0.2737
epoch 89/200 loss 0.0066 train 1.0000 test 0.2737
epoch 90/200 loss 0.0067 train 1.0000 test 0.2732
epoch 91/200 loss 0.0065 train 1.0000 test 0.2740
epoch 92/200 loss 0.0061 train 1.0000 test 0.2758
epoch 93/200 loss 0.0066 train 1.0000 test 0.2762
epoch 94/200 loss 0.0067 train 1.0000 test 0.2748
epoch 95/200 loss 0.0066 train 1.0000 test 0.2756
epoch 96/200 loss 0.0067 train 1.0000 test 0.2739
epoch 97/200 loss 0.0065 train 1.0000 test 0.2756
epoch 98/200 loss 0.0069 train 1.0000 test 0.2747
epoch 99/200 loss 0.0064 train 1.0000 test 0.2748
epoch 100/200 loss 0.0066 train 1.0000 test 0.2742
epoch 101/200 loss 0.0071 train 1.0000 test 0.2762
epoch 102/200 loss 0.0068 train 1.0000 test 0.2754
epoch 103/200 loss 0.0069 train 1.0000 test 0.2734
epoch 104/200 loss 0.0065 train 1.0000 test 0.2751
epoch 105/200 loss 0.0069 train 1.0000 test 0.2756
epoch 106/200 loss 0.0072 train 1.0000 test 0.2752
epoch 107/200 loss 0.0069 train 1.0000 test 0.2766
epoch 108/200 loss 0.0071 train 1.0000 test 0.2756
epoch 109/200 loss 0.0070 train 1.0000 test 0.2766
epoch 110/200 loss 0.0069 train 1.0000 test 0.2740
epoch 111/200 loss 0.0069 train 1.0000 test 0.2764
epoch 112/200 loss 0.0076 train 1.0000 test 0.2744
epoch 113/200 loss 0.0073 train 1.0000 test 0.2748
epoch 114/200 loss 0.0071 train 1.0000 test 0.2751
epoch 115/200 loss 0.0072 train 1.0000 test 0.2764
epoch 116/200 loss 0.0067 train 1.0000 test 0.2761
epoch 117/200 loss 0.0068 train 1.0000 test 0.2778
epoch 118/200 loss 0.0071 train 1.0000 test 0.2755
epoch 119/200 loss 0.0070 train 1.0000 test 0.2757
epoch 120/200 loss 0.0074 train 1.0000 test 0.2762
epoch 121/200 loss 0.0073 train 1.0000 test 0.2763
epoch 122/200 loss 0.0076 train 1.0000 test 0.2761
epoch 123/200 loss 0.0074 train 1.0000 test 0.2764
epoch 124/200 loss 0.0076 train 1.0000 test 0.2784
epoch 125/200 loss 0.0070 train 1.0000 test 0.2755
epoch 126/200 loss 0.0077 train 1.0000 test 0.2737
epoch 127/200 loss 0.0072 train 1.0000 test 0.2770
epoch 128/200 loss 0.0074 train 1.0000 test 0.2770
epoch 129/200 loss 0.0072 train 1.0000 test 0.2791
epoch 130/200 loss 0.0073 train 1.0000 test 0.2776
epoch 131/200 loss 0.0070 train 1.0000 test 0.2779
epoch 132/200 loss 0.0073 train 1.0000 test 0.2777
epoch 133/200 loss 0.0071 train 1.0000 test 0.2766
epoch 134/200 loss 0.0072 train 1.0000 test 0.2774
epoch 135/200 loss 0.0068 train 1.0000 test 0.2774
epoch 136/200 loss 0.0073 train 1.0000 test 0.2759
epoch 137/200 loss 0.0068 train 1.0000 test 0.2773
epoch 138/200 loss 0.0070 train 1.0000 test 0.2756
epoch 139/200 loss 0.0074 train 1.0000 test 0.2767
epoch 140/200 loss 0.0067 train 1.0000 test 0.2765
epoch 141/200 loss 0.0072 train 1.0000 test 0.2776
epoch 142/200 loss 0.0070 train 1.0000 test 0.2784
epoch 143/200 loss 0.0071 train 1.0000 test 0.2790
epoch 144/200 loss 0.0066 train 1.0000 test 0.2777
epoch 145/200 loss 0.0074 train 1.0000 test 0.2777
epoch 146/200 loss 0.0072 train 1.0000 test 0.2795
epoch 147/200 loss 0.0070 train 1.0000 test 0.2769
epoch 148/200 loss 0.0072 train 1.0000 test 0.2779
epoch 149/200 loss 0.0069 train 1.0000 test 0.2773
epoch 150/200 loss 0.0072 train 1.0000 test 0.2779
epoch 151/200 loss 0.0072 train 1.0000 test 0.2773
epoch 152/200 loss 0.0073 train 1.0000 test 0.2775
epoch 153/200 loss 0.0070 train 1.0000 test 0.2778
epoch 154/200 loss 0.0075 train 1.0000 test 0.2787
epoch 155/200 loss 0.0067 train 1.0000 test 0.2771
epoch 156/200 loss 0.0072 train 1.0000 test 0.2789
epoch 157/200 loss 0.0070 train 1.0000 test 0.2767
epoch 158/200 loss 0.0069 train 1.0000 test 0.2784
epoch 159/200 loss 0.0072 train 1.0000 test 0.2788
epoch 160/200 loss 0.0070 train 1.0000 test 0.2797
epoch 161/200 loss 0.0067 train 1.0000 test 0.2786
epoch 162/200 loss 0.0070 train 1.0000 test 0.2781
epoch 163/200 loss 0.0069 train 1.0000 test 0.2779
epoch 164/200 loss 0.0071 train 1.0000 test 0.2784
epoch 165/200 loss 0.0068 train 1.0000 test 0.2777
epoch 166/200 loss 0.0068 train 1.0000 test 0.2784
epoch 167/200 loss 0.0073 train 1.0000 test 0.2781
epoch 168/200 loss 0.0069 train 1.0000 test 0.2777
epoch 169/200 loss 0.0070 train 1.0000 test 0.2779
epoch 170/200 loss 0.0069 train 1.0000 test 0.2779
epoch 171/200 loss 0.0067 train 1.0000 test 0.2791
epoch 172/200 loss 0.0068 train 1.0000 test 0.2779
epoch 173/200 loss 0.0071 train 1.0000 test 0.2772
epoch 174/200 loss 0.0073 train 1.0000 test 0.2773
epoch 175/200 loss 0.0069 train 1.0000 test 0.2776
epoch 176/200 loss 0.0070 train 1.0000 test 0.2782
epoch 177/200 loss 0.0068 train 1.0000 test 0.2781
epoch 178/200 loss 0.0067 train 1.0000 test 0.2765
epoch 179/200 loss 0.0071 train 1.0000 test 0.2791
epoch 180/200 loss 0.0066 train 1.0000 test 0.2775
epoch 181/200 loss 0.0069 train 1.0000 test 0.2768
epoch 182/200 loss 0.0071 train 1.0000 test 0.2768
epoch 183/200 loss 0.0071 train 1.0000 test 0.2770
epoch 184/200 loss 0.0067 train 1.0000 test 0.2785
epoch 185/200 loss 0.0070 train 1.0000 test 0.2775
epoch 186/200 loss 0.0072 train 1.0000 test 0.2778
epoch 187/200 loss 0.0072 train 1.0000 test 0.2770
epoch 188/200 loss 0.0070 train 1.0000 test 0.2765
epoch 189/200 loss 0.0068 train 1.0000 test 0.2786
epoch 190/200 loss 0.0067 train 1.0000 test 0.2782
epoch 191/200 loss 0.0068 train 1.0000 test 0.2779
epoch 192/200 loss 0.0069 train 1.0000 test 0.2784
epoch 193/200 loss 0.0068 train 1.0000 test 0.2771
epoch 194/200 loss 0.0071 train 1.0000 test 0.2777
epoch 195/200 loss 0.0074 train 1.0000 test 0.2780
epoch 196/200 loss 0.0071 train 1.0000 test 0.2774
epoch 197/200 loss 0.0069 train 1.0000 test 0.2788
epoch 198/200 loss 0.0068 train 1.0000 test 0.2767
epoch 199/200 loss 0.0069 train 1.0000 test 0.2782
epoch 200/200 loss 0.0071 train 1.0000 test 0.2770
done: final 0.2770 best 0.2797 -> ./runs/k7_5pct_gaboronly/seed0
=== k7_5pct_gaboronly seed 1 ===
stem calibrated (True) on 1024 images
[k7_5pct_gaboronly seed1] {"params_trainable": 11225316, "params_stem_trainable": 0, "params_stem_fixed_filters": 441, "flops_total": 562465792, "flops_stem": 451584, "flops_image_size": 32}
epoch 1/200 loss 4.6399 train 0.0160 test 0.0324
epoch 2/200 loss 4.3887 train 0.0419 test 0.0511
epoch 3/200 loss 4.2003 train 0.0670 test 0.0708
epoch 4/200 loss 4.0405 train 0.0781 test 0.0765
epoch 5/200 loss 3.9854 train 0.0921 test 0.0838
epoch 6/200 loss 3.8508 train 0.1007 test 0.0924
epoch 7/200 loss 3.7620 train 0.1164 test 0.0936
epoch 8/200 loss 3.6978 train 0.1221 test 0.1043
epoch 9/200 loss 3.6343 train 0.1386 test 0.1017
epoch 10/200 loss 3.5546 train 0.1488 test 0.1117
epoch 11/200 loss 3.4667 train 0.1558 test 0.1202
epoch 12/200 loss 3.4295 train 0.1641 test 0.1228
epoch 13/200 loss 3.3526 train 0.1834 test 0.1134
epoch 14/200 loss 3.3209 train 0.1949 test 0.1366
epoch 15/200 loss 3.2262 train 0.1887 test 0.1466
epoch 16/200 loss 3.1148 train 0.2245 test 0.1369
epoch 17/200 loss 3.0309 train 0.2463 test 0.1453
epoch 18/200 loss 3.0020 train 0.2455 test 0.1514
epoch 19/200 loss 2.9491 train 0.2521 test 0.1592
epoch 20/200 loss 2.8479 train 0.2730 test 0.1394
epoch 21/200 loss 2.8105 train 0.2751 test 0.1731
epoch 22/200 loss 2.7725 train 0.2837 test 0.1709
epoch 23/200 loss 2.6517 train 0.3092 test 0.1558
epoch 24/200 loss 2.5397 train 0.3285 test 0.1623
epoch 25/200 loss 2.5080 train 0.3405 test 0.1569
epoch 26/200 loss 2.4602 train 0.3462 test 0.1723
epoch 27/200 loss 2.3318 train 0.3738 test 0.1815
epoch 28/200 loss 2.2474 train 0.3951 test 0.1763
epoch 29/200 loss 2.2301 train 0.3914 test 0.1799
epoch 30/200 loss 2.1603 train 0.4116 test 0.1860
epoch 31/200 loss 2.0699 train 0.4174 test 0.1926
epoch 32/200 loss 1.9670 train 0.4453 test 0.1831
epoch 33/200 loss 1.8198 train 0.4922 test 0.1863
epoch 34/200 loss 1.8175 train 0.4922 test 0.1937
epoch 35/200 loss 1.6956 train 0.5164 test 0.1928
epoch 36/200 loss 1.6096 train 0.5345 test 0.1962
epoch 37/200 loss 1.5165 train 0.5728 test 0.1757
epoch 38/200 loss 1.4330 train 0.5769 test 0.1974
epoch 39/200 loss 1.3638 train 0.5938 test 0.1911
epoch 40/200 loss 1.3472 train 0.6020 test 0.2002
epoch 41/200 loss 1.2574 train 0.6336 test 0.1926
epoch 42/200 loss 1.1321 train 0.6616 test 0.1962
epoch 43/200 loss 1.0559 train 0.6941 test 0.2128
epoch 44/200 loss 1.0052 train 0.6998 test 0.2007
epoch 45/200 loss 0.8574 train 0.7484 test 0.1967
epoch 46/200 loss 0.8334 train 0.7611 test 0.2030
epoch 47/200 loss 0.7786 train 0.7701 test 0.1873
epoch 48/200 loss 0.6686 train 0.8092 test 0.2199
epoch 49/200 loss 0.6356 train 0.8055 test 0.2002
epoch 50/200 loss 0.5715 train 0.8277 test 0.2184
epoch 51/200 loss 0.4655 train 0.8758 test 0.2129
epoch 52/200 loss 0.4012 train 0.8873 test 0.2124
epoch 53/200 loss 0.3906 train 0.8923 test 0.2068
epoch 54/200 loss 0.3334 train 0.9091 test 0.2157
epoch 55/200 loss 0.2749 train 0.9280 test 0.2233
epoch 56/200 loss 0.2408 train 0.9383 test 0.2186
epoch 57/200 loss 0.2248 train 0.9359 test 0.2288
epoch 58/200 loss 0.2585 train 0.9289 test 0.2172
epoch 59/200 loss 0.2624 train 0.9301 test 0.2231
epoch 60/200 loss 0.2176 train 0.9400 test 0.2282
epoch 61/200 loss 0.1843 train 0.9552 test 0.2383
epoch 62/200 loss 0.1403 train 0.9700 test 0.2331
epoch 63/200 loss 0.1307 train 0.9737 test 0.2410
epoch 64/200 loss 0.1019 train 0.9774 test 0.2351
epoch 65/200 loss 0.0880 train 0.9815 test 0.2477
epoch 66/200 loss 0.0758 train 0.9840 test 0.2414
epoch 67/200 loss 0.0575 train 0.9905 test 0.2436
epoch 68/200 loss 0.0464 train 0.9934 test 0.2501
epoch 69/200 loss 0.0284 train 0.9971 test 0.2517
epoch 70/200 loss 0.0184 train 0.9996 test 0.2588
epoch 71/200 loss 0.0149 train 0.9992 test 0.2616
epoch 72/200 loss 0.0132 train 0.9996 test 0.2657
epoch 73/200 loss 0.0107 train 1.0000 test 0.2688
epoch 74/200 loss 0.0094 train 1.0000 test 0.2705
epoch 75/200 loss 0.0083 train 1.0000 test 0.2689
epoch 76/200 loss 0.0088 train 1.0000 test 0.2724
epoch 77/200 loss 0.0077 train 1.0000 test 0.2715
epoch 78/200 loss 0.0082 train 1.0000 test 0.2698
epoch 79/200 loss 0.0083 train 1.0000 test 0.2682
epoch 80/200 loss 0.0077 train 1.0000 test 0.2675
epoch 81/200 loss 0.0082 train 1.0000 test 0.2690
epoch 82/200 loss 0.0072 train 1.0000 test 0.2729
epoch 83/200 loss 0.0083 train 1.0000 test 0.2688
epoch 84/200 loss 0.0078 train 1.0000 test 0.2693
epoch 85/200 loss 0.0073 train 1.0000 test 0.2726
epoch 86/200 loss 0.0081 train 1.0000 test 0.2726
epoch 87/200 loss 0.0071 train 1.0000 test 0.2700
epoch 88/200 loss 0.0079 train 1.0000 test 0.2709
epoch 89/200 loss 0.0073 train 1.0000 test 0.2702
epoch 90/200 loss 0.0075 train 1.0000 test 0.2696
epoch 91/200 loss 0.0087 train 1.0000 test 0.2679
epoch 92/200 loss 0.0082 train 1.0000 test 0.2738
epoch 93/200 loss 0.0078 train 1.0000 test 0.2717
epoch 94/200 loss 0.0078 train 1.0000 test 0.2706
epoch 95/200 loss 0.0074 train 1.0000 test 0.2724
epoch 96/200 loss 0.0076 train 1.0000 test 0.2709
epoch 97/200 loss 0.0073 train 1.0000 test 0.2707
epoch 98/200 loss 0.0078 train 1.0000 test 0.2718
epoch 99/200 loss 0.0074 train 1.0000 test 0.2726
epoch 100/200 loss 0.0077 train 1.0000 test 0.2715
epoch 101/200 loss 0.0082 train 1.0000 test 0.2700
epoch 102/200 loss 0.0080 train 1.0000 test 0.2718
epoch 103/200 loss 0.0074 train 1.0000 test 0.2734
epoch 104/200 loss 0.0081 train 1.0000 test 0.2714
epoch 105/200 loss 0.0070 train 1.0000 test 0.2712
epoch 106/200 loss 0.0078 train 1.0000 test 0.2716
epoch 107/200 loss 0.0081 train 1.0000 test 0.2703
epoch 108/200 loss 0.0079 train 1.0000 test 0.2723
epoch 109/200 loss 0.0076 train 1.0000 test 0.2741
epoch 110/200 loss 0.0077 train 1.0000 test 0.2736
epoch 111/200 loss 0.0074 train 1.0000 test 0.2745
epoch 112/200 loss 0.0072 train 1.0000 test 0.2721
epoch 113/200 loss 0.0083 train 1.0000 test 0.2720
epoch 114/200 loss 0.0082 train 1.0000 test 0.2755
epoch 115/200 loss 0.0073 train 1.0000 test 0.2732
epoch 116/200 loss 0.0080 train 1.0000 test 0.2740
epoch 117/200 loss 0.0082 train 1.0000 test 0.2734
epoch 118/200 loss 0.0083 train 1.0000 test 0.2738
epoch 119/200 loss 0.0077 train 1.0000 test 0.2736
epoch 120/200 loss 0.0081 train 1.0000 test 0.2745
epoch 121/200 loss 0.0075 train 1.0000 test 0.2747
epoch 122/200 loss 0.0076 train 1.0000 test 0.2766
epoch 123/200 loss 0.0081 train 1.0000 test 0.2737
epoch 124/200 loss 0.0079 train 1.0000 test 0.2748
epoch 125/200 loss 0.0079 train 1.0000 test 0.2743
epoch 126/200 loss 0.0076 train 1.0000 test 0.2737
epoch 127/200 loss 0.0077 train 1.0000 test 0.2751
epoch 128/200 loss 0.0074 train 1.0000 test 0.2754
epoch 129/200 loss 0.0074 train 1.0000 test 0.2740
epoch 130/200 loss 0.0077 train 1.0000 test 0.2755
epoch 131/200 loss 0.0072 train 1.0000 test 0.2744
epoch 132/200 loss 0.0077 train 1.0000 test 0.2755
epoch 133/200 loss 0.0076 train 1.0000 test 0.2751
epoch 134/200 loss 0.0076 train 1.0000 test 0.2755
epoch 135/200 loss 0.0077 train 1.0000 test 0.2755
epoch 136/200 loss 0.0073 train 1.0000 test 0.2750
epoch 137/200 loss 0.0072 train 1.0000 test 0.2751
epoch 138/200 loss 0.0074 train 1.0000 test 0.2750
epoch 139/200 loss 0.0072 train 1.0000 test 0.2752
epoch 140/200 loss 0.0074 train 1.0000 test 0.2746
epoch 141/200 loss 0.0073 train 1.0000 test 0.2755
epoch 142/200 loss 0.0077 train 1.0000 test 0.2747
epoch 143/200 loss 0.0080 train 1.0000 test 0.2761
epoch 144/200 loss 0.0075 train 1.0000 test 0.2756
epoch 145/200 loss 0.0075 train 1.0000 test 0.2767
epoch 146/200 loss 0.0077 train 1.0000 test 0.2760
epoch 147/200 loss 0.0070 train 1.0000 test 0.2771
epoch 148/200 loss 0.0082 train 1.0000 test 0.2768
epoch 149/200 loss 0.0073 train 1.0000 test 0.2765
epoch 150/200 loss 0.0078 train 1.0000 test 0.2764
epoch 151/200 loss 0.0076 train 1.0000 test 0.2748
epoch 152/200 loss 0.0071 train 1.0000 test 0.2758
epoch 153/200 loss 0.0071 train 1.0000 test 0.2771
epoch 154/200 loss 0.0076 train 1.0000 test 0.2752
epoch 155/200 loss 0.0078 train 1.0000 test 0.2767
epoch 156/200 loss 0.0077 train 1.0000 test 0.2784
epoch 157/200 loss 0.0071 train 1.0000 test 0.2778
epoch 158/200 loss 0.0077 train 1.0000 test 0.2762
epoch 159/200 loss 0.0073 train 1.0000 test 0.2765
epoch 160/200 loss 0.0072 train 1.0000 test 0.2771
epoch 161/200 loss 0.0069 train 1.0000 test 0.2763
epoch 162/200 loss 0.0073 train 1.0000 test 0.2752
epoch 163/200 loss 0.0076 train 1.0000 test 0.2757
epoch 164/200 loss 0.0073 train 1.0000 test 0.2750
epoch 165/200 loss 0.0076 train 1.0000 test 0.2751
epoch 166/200 loss 0.0072 train 1.0000 test 0.2752
epoch 167/200 loss 0.0075 train 1.0000 test 0.2758
epoch 168/200 loss 0.0069 train 1.0000 test 0.2755
epoch 169/200 loss 0.0072 train 1.0000 test 0.2756
epoch 170/200 loss 0.0072 train 1.0000 test 0.2759
epoch 171/200 loss 0.0075 train 1.0000 test 0.2753
epoch 172/200 loss 0.0073 train 1.0000 test 0.2757
epoch 173/200 loss 0.0077 train 1.0000 test 0.2752
epoch 174/200 loss 0.0071 train 1.0000 test 0.2756
epoch 175/200 loss 0.0074 train 1.0000 test 0.2760
epoch 176/200 loss 0.0071 train 1.0000 test 0.2746
epoch 177/200 loss 0.0074 train 1.0000 test 0.2763
epoch 178/200 loss 0.0071 train 1.0000 test 0.2754
epoch 179/200 loss 0.0071 train 1.0000 test 0.2748
epoch 180/200 loss 0.0072 train 1.0000 test 0.2760
epoch 181/200 loss 0.0072 train 1.0000 test 0.2761
epoch 182/200 loss 0.0077 train 1.0000 test 0.2753
epoch 183/200 loss 0.0073 train 1.0000 test 0.2756
epoch 184/200 loss 0.0070 train 1.0000 test 0.2751
epoch 185/200 loss 0.0073 train 1.0000 test 0.2763
epoch 186/200 loss 0.0071 train 1.0000 test 0.2754
epoch 187/200 loss 0.0068 train 1.0000 test 0.2762
epoch 188/200 loss 0.0070 train 1.0000 test 0.2758
epoch 189/200 loss 0.0072 train 1.0000 test 0.2759
epoch 190/200 loss 0.0070 train 1.0000 test 0.2761
epoch 191/200 loss 0.0069 train 1.0000 test 0.2765
epoch 192/200 loss 0.0073 train 1.0000 test 0.2756
epoch 193/200 loss 0.0072 train 1.0000 test 0.2757
epoch 194/200 loss 0.0069 train 1.0000 test 0.2758
epoch 195/200 loss 0.0075 train 1.0000 test 0.2756
epoch 196/200 loss 0.0072 train 1.0000 test 0.2764
epoch 197/200 loss 0.0072 train 1.0000 test 0.2762
epoch 198/200 loss 0.0076 train 1.0000 test 0.2764
epoch 199/200 loss 0.0073 train 1.0000 test 0.2765
epoch 200/200 loss 0.0067 train 1.0000 test 0.2751
done: final 0.2751 best 0.2784 -> ./runs/k7_5pct_gaboronly/seed1
=== k7_5pct_gaboronly seed 2 ===
stem calibrated (True) on 1024 images
[k7_5pct_gaboronly seed2] {"params_trainable": 11225316, "params_stem_trainable": 0, "params_stem_fixed_filters": 441, "flops_total": 562465792, "flops_stem": 451584, "flops_image_size": 32}
epoch 1/200 loss 4.6129 train 0.0140 test 0.0325
epoch 2/200 loss 4.3799 train 0.0358 test 0.0534
epoch 3/200 loss 4.1999 train 0.0703 test 0.0634
epoch 4/200 loss 4.0468 train 0.0732 test 0.0813
epoch 5/200 loss 3.9344 train 0.1012 test 0.0926
epoch 6/200 loss 3.8028 train 0.1106 test 0.0911
epoch 7/200 loss 3.7024 train 0.1114 test 0.0927
epoch 8/200 loss 3.6822 train 0.1242 test 0.0999
epoch 9/200 loss 3.6611 train 0.1275 test 0.1110
epoch 10/200 loss 3.5048 train 0.1665 test 0.1044
epoch 11/200 loss 3.4559 train 0.1678 test 0.1107
epoch 12/200 loss 3.3890 train 0.1711 test 0.1227
epoch 13/200 loss 3.3251 train 0.1805 test 0.1271
epoch 14/200 loss 3.2832 train 0.1801 test 0.1374
epoch 15/200 loss 3.1842 train 0.2048 test 0.1418
epoch 16/200 loss 3.1047 train 0.2192 test 0.1322
epoch 17/200 loss 3.0568 train 0.2352 test 0.1498
epoch 18/200 loss 2.9961 train 0.2455 test 0.1544
epoch 19/200 loss 2.9219 train 0.2570 test 0.1597
epoch 20/200 loss 2.8574 train 0.2640 test 0.1472
epoch 21/200 loss 2.7617 train 0.2911 test 0.1564
epoch 22/200 loss 2.6994 train 0.3043 test 0.1691
epoch 23/200 loss 2.6071 train 0.3277 test 0.1766
epoch 24/200 loss 2.5810 train 0.3187 test 0.1665
epoch 25/200 loss 2.5116 train 0.3248 test 0.1609
epoch 26/200 loss 2.4503 train 0.3351 test 0.1691
epoch 27/200 loss 2.3817 train 0.3594 test 0.1670
epoch 28/200 loss 2.2791 train 0.3882 test 0.1774
epoch 29/200 loss 2.1596 train 0.4075 test 0.1768
epoch 30/200 loss 2.1813 train 0.4001 test 0.1716
epoch 31/200 loss 2.0629 train 0.4219 test 0.1829
epoch 32/200 loss 1.9183 train 0.4589 test 0.1919
epoch 33/200 loss 1.8445 train 0.4901 test 0.1964
epoch 34/200 loss 1.7766 train 0.5062 test 0.1943
epoch 35/200 loss 1.6742 train 0.5366 test 0.1857
epoch 36/200 loss 1.6447 train 0.5271 test 0.1805
epoch 37/200 loss 1.5296 train 0.5510 test 0.1884
epoch 38/200 loss 1.4019 train 0.5905 test 0.1938
epoch 39/200 loss 1.3309 train 0.6110 test 0.1964
epoch 40/200 loss 1.2133 train 0.6484 test 0.1894
epoch 41/200 loss 1.2274 train 0.6299 test 0.1797
epoch 42/200 loss 1.0445 train 0.6978 test 0.2052
epoch 43/200 loss 0.9386 train 0.7262 test 0.1956
epoch 44/200 loss 0.9086 train 0.7430 test 0.2028
epoch 45/200 loss 0.8355 train 0.7512 test 0.1987
epoch 46/200 loss 0.8240 train 0.7516 test 0.2020
epoch 47/200 loss 0.8068 train 0.7553 test 0.2011
epoch 48/200 loss 0.6564 train 0.8043 test 0.2170
epoch 49/200 loss 0.5361 train 0.8462 test 0.2164
epoch 50/200 loss 0.5510 train 0.8392 test 0.2043
epoch 51/200 loss 0.5619 train 0.8429 test 0.2004
epoch 52/200 loss 0.4735 train 0.8692 test 0.2038
epoch 53/200 loss 0.4242 train 0.8766 test 0.2093
epoch 54/200 loss 0.4146 train 0.8861 test 0.2134
epoch 55/200 loss 0.3198 train 0.9157 test 0.2223
epoch 56/200 loss 0.2296 train 0.9424 test 0.2302
epoch 57/200 loss 0.2104 train 0.9457 test 0.2322
epoch 58/200 loss 0.1932 train 0.9519 test 0.2314
epoch 59/200 loss 0.1795 train 0.9535 test 0.2268
epoch 60/200 loss 0.1652 train 0.9593 test 0.2231
epoch 61/200 loss 0.1735 train 0.9552 test 0.2318
epoch 62/200 loss 0.1714 train 0.9560 test 0.2266
epoch 63/200 loss 0.1564 train 0.9626 test 0.2245
epoch 64/200 loss 0.1461 train 0.9622 test 0.2240
epoch 65/200 loss 0.1456 train 0.9650 test 0.2232
epoch 66/200 loss 0.1162 train 0.9762 test 0.2445
epoch 67/200 loss 0.1036 train 0.9790 test 0.2336
epoch 68/200 loss 0.0940 train 0.9794 test 0.2350
epoch 69/200 loss 0.0725 train 0.9864 test 0.2452
epoch 70/200 loss 0.0570 train 0.9897 test 0.2486
epoch 71/200 loss 0.0487 train 0.9910 test 0.2512
epoch 72/200 loss 0.0363 train 0.9938 test 0.2456
epoch 73/200 loss 0.0302 train 0.9955 test 0.2537
epoch 74/200 loss 0.0299 train 0.9951 test 0.2551
epoch 75/200 loss 0.0286 train 0.9971 test 0.2510
epoch 76/200 loss 0.0189 train 0.9988 test 0.2632
epoch 77/200 loss 0.0187 train 0.9984 test 0.2612
epoch 78/200 loss 0.0118 train 0.9988 test 0.2601
epoch 79/200 loss 0.0098 train 1.0000 test 0.2642
epoch 80/200 loss 0.0076 train 1.0000 test 0.2684
epoch 81/200 loss 0.0081 train 1.0000 test 0.2698
epoch 82/200 loss 0.0069 train 1.0000 test 0.2680
epoch 83/200 loss 0.0078 train 1.0000 test 0.2690
epoch 84/200 loss 0.0067 train 1.0000 test 0.2719
epoch 85/200 loss 0.0069 train 1.0000 test 0.2734
epoch 86/200 loss 0.0062 train 1.0000 test 0.2728
epoch 87/200 loss 0.0064 train 1.0000 test 0.2742
epoch 88/200 loss 0.0065 train 1.0000 test 0.2684
epoch 89/200 loss 0.0069 train 1.0000 test 0.2697
epoch 90/200 loss 0.0065 train 1.0000 test 0.2701
epoch 91/200 loss 0.0071 train 1.0000 test 0.2727
epoch 92/200 loss 0.0062 train 1.0000 test 0.2707
epoch 93/200 loss 0.0066 train 1.0000 test 0.2712
epoch 94/200 loss 0.0064 train 1.0000 test 0.2715
epoch 95/200 loss 0.0068 train 1.0000 test 0.2697
epoch 96/200 loss 0.0067 train 1.0000 test 0.2704
epoch 97/200 loss 0.0070 train 1.0000 test 0.2712
epoch 98/200 loss 0.0068 train 1.0000 test 0.2731
epoch 99/200 loss 0.0070 train 1.0000 test 0.2710
epoch 100/200 loss 0.0069 train 1.0000 test 0.2720
epoch 101/200 loss 0.0069 train 1.0000 test 0.2705
epoch 102/200 loss 0.0068 train 1.0000 test 0.2687
epoch 103/200 loss 0.0065 train 1.0000 test 0.2728
epoch 104/200 loss 0.0072 train 1.0000 test 0.2717
epoch 105/200 loss 0.0071 train 1.0000 test 0.2720
epoch 106/200 loss 0.0073 train 1.0000 test 0.2712
epoch 107/200 loss 0.0072 train 1.0000 test 0.2755
epoch 108/200 loss 0.0070 train 1.0000 test 0.2733
epoch 109/200 loss 0.0071 train 1.0000 test 0.2700
epoch 110/200 loss 0.0072 train 1.0000 test 0.2721
epoch 111/200 loss 0.0073 train 1.0000 test 0.2736
epoch 112/200 loss 0.0069 train 1.0000 test 0.2738
epoch 113/200 loss 0.0071 train 1.0000 test 0.2741
epoch 114/200 loss 0.0072 train 1.0000 test 0.2733
epoch 115/200 loss 0.0074 train 1.0000 test 0.2732
epoch 116/200 loss 0.0076 train 1.0000 test 0.2742
epoch 117/200 loss 0.0079 train 1.0000 test 0.2725
epoch 118/200 loss 0.0079 train 1.0000 test 0.2736
epoch 119/200 loss 0.0078 train 1.0000 test 0.2723
epoch 120/200 loss 0.0074 train 1.0000 test 0.2734
epoch 121/200 loss 0.0078 train 1.0000 test 0.2746
epoch 122/200 loss 0.0077 train 1.0000 test 0.2760
epoch 123/200 loss 0.0078 train 1.0000 test 0.2739
epoch 124/200 loss 0.0075 train 1.0000 test 0.2739
epoch 125/200 loss 0.0071 train 1.0000 test 0.2733
epoch 126/200 loss 0.0070 train 1.0000 test 0.2752
epoch 127/200 loss 0.0073 train 1.0000 test 0.2742
epoch 128/200 loss 0.0075 train 1.0000 test 0.2743
epoch 129/200 loss 0.0077 train 1.0000 test 0.2729
epoch 130/200 loss 0.0071 train 1.0000 test 0.2737
epoch 131/200 loss 0.0080 train 1.0000 test 0.2754
epoch 132/200 loss 0.0069 train 1.0000 test 0.2751
epoch 133/200 loss 0.0071 train 1.0000 test 0.2761
epoch 134/200 loss 0.0072 train 1.0000 test 0.2753
epoch 135/200 loss 0.0069 train 1.0000 test 0.2757
epoch 136/200 loss 0.0073 train 1.0000 test 0.2738
epoch 137/200 loss 0.0075 train 1.0000 test 0.2741
epoch 138/200 loss 0.0073 train 1.0000 test 0.2741
epoch 139/200 loss 0.0075 train 1.0000 test 0.2751
epoch 140/200 loss 0.0073 train 1.0000 test 0.2754
epoch 141/200 loss 0.0071 train 1.0000 test 0.2753
epoch 142/200 loss 0.0073 train 1.0000 test 0.2749
epoch 143/200 loss 0.0076 train 1.0000 test 0.2757
epoch 144/200 loss 0.0073 train 1.0000 test 0.2756
epoch 145/200 loss 0.0072 train 1.0000 test 0.2755
epoch 146/200 loss 0.0074 train 1.0000 test 0.2756
epoch 147/200 loss 0.0071 train 1.0000 test 0.2741
epoch 148/200 loss 0.0069 train 1.0000 test 0.2758
epoch 149/200 loss 0.0069 train 1.0000 test 0.2739
epoch 150/200 loss 0.0070 train 1.0000 test 0.2731
epoch 151/200 loss 0.0074 train 1.0000 test 0.2725
epoch 152/200 loss 0.0069 train 1.0000 test 0.2740
epoch 153/200 loss 0.0073 train 1.0000 test 0.2739
epoch 154/200 loss 0.0076 train 1.0000 test 0.2742
epoch 155/200 loss 0.0078 train 1.0000 test 0.2745
epoch 156/200 loss 0.0071 train 1.0000 test 0.2741
epoch 157/200 loss 0.0067 train 1.0000 test 0.2752
epoch 158/200 loss 0.0071 train 1.0000 test 0.2732
epoch 159/200 loss 0.0076 train 1.0000 test 0.2741
epoch 160/200 loss 0.0071 train 1.0000 test 0.2736
epoch 161/200 loss 0.0075 train 1.0000 test 0.2748
epoch 162/200 loss 0.0068 train 1.0000 test 0.2734
epoch 163/200 loss 0.0073 train 1.0000 test 0.2750
epoch 164/200 loss 0.0070 train 1.0000 test 0.2732
epoch 165/200 loss 0.0072 train 1.0000 test 0.2739
epoch 166/200 loss 0.0071 train 1.0000 test 0.2746
epoch 167/200 loss 0.0070 train 1.0000 test 0.2734
epoch 168/200 loss 0.0077 train 1.0000 test 0.2749
epoch 169/200 loss 0.0068 train 1.0000 test 0.2749
epoch 170/200 loss 0.0072 train 1.0000 test 0.2743
epoch 171/200 loss 0.0072 train 1.0000 test 0.2755
epoch 172/200 loss 0.0071 train 1.0000 test 0.2742
epoch 173/200 loss 0.0069 train 1.0000 test 0.2735
epoch 174/200 loss 0.0076 train 1.0000 test 0.2746
epoch 175/200 loss 0.0076 train 1.0000 test 0.2753
epoch 176/200 loss 0.0072 train 1.0000 test 0.2754
epoch 177/200 loss 0.0072 train 1.0000 test 0.2748
epoch 178/200 loss 0.0075 train 1.0000 test 0.2744
epoch 179/200 loss 0.0074 train 1.0000 test 0.2746
epoch 180/200 loss 0.0070 train 1.0000 test 0.2741
epoch 181/200 loss 0.0072 train 1.0000 test 0.2745
epoch 182/200 loss 0.0069 train 1.0000 test 0.2738
epoch 183/200 loss 0.0071 train 1.0000 test 0.2739
epoch 184/200 loss 0.0070 train 1.0000 test 0.2734
epoch 185/200 loss 0.0072 train 1.0000 test 0.2733
epoch 186/200 loss 0.0068 train 1.0000 test 0.2756
epoch 187/200 loss 0.0071 train 1.0000 test 0.2747
epoch 188/200 loss 0.0069 train 1.0000 test 0.2742
epoch 189/200 loss 0.0071 train 1.0000 test 0.2742
epoch 190/200 loss 0.0064 train 1.0000 test 0.2742
epoch 191/200 loss 0.0072 train 1.0000 test 0.2745
epoch 192/200 loss 0.0071 train 1.0000 test 0.2744
epoch 193/200 loss 0.0068 train 1.0000 test 0.2740
epoch 194/200 loss 0.0070 train 1.0000 test 0.2754
epoch 195/200 loss 0.0074 train 1.0000 test 0.2739
epoch 196/200 loss 0.0071 train 1.0000 test 0.2733
epoch 197/200 loss 0.0075 train 1.0000 test 0.2727
epoch 198/200 loss 0.0069 train 1.0000 test 0.2743
epoch 199/200 loss 0.0072 train 1.0000 test 0.2747
epoch 200/200 loss 0.0067 train 1.0000 test 0.2739
done: final 0.2739 best 0.2761 -> ./runs/k7_5pct_gaboronly/seed2
=== k7_10pct_gaboronly seed 0 ===
stem calibrated (True) on 1024 images
[k7_10pct_gaboronly seed0] {"params_trainable": 11225316, "params_stem_trainable": 0, "params_stem_fixed_filters": 441, "flops_total": 562465792, "flops_stem": 451584, "flops_image_size": 32}
epoch 1/200 loss 4.5229 train 0.0290 test 0.0448
epoch 2/200 loss 4.1986 train 0.0577 test 0.0761
epoch 3/200 loss 4.0043 train 0.0869 test 0.0900
epoch 4/200 loss 3.8533 train 0.1012 test 0.1024
epoch 5/200 loss 3.7361 train 0.1192 test 0.1136
epoch 6/200 loss 3.6328 train 0.1384 test 0.1335
epoch 7/200 loss 3.5497 train 0.1472 test 0.1380
epoch 8/200 loss 3.4182 train 0.1799 test 0.1361
epoch 9/200 loss 3.3258 train 0.1863 test 0.1614
epoch 10/200 loss 3.2366 train 0.2021 test 0.1431
epoch 11/200 loss 3.1540 train 0.2129 test 0.1870
epoch 12/200 loss 3.0632 train 0.2358 test 0.1891
epoch 13/200 loss 2.9833 train 0.2514 test 0.1871
epoch 14/200 loss 2.9381 train 0.2540 test 0.1944
epoch 15/200 loss 2.8014 train 0.2817 test 0.1941
epoch 16/200 loss 2.7637 train 0.2810 test 0.2017
epoch 17/200 loss 2.6743 train 0.3033 test 0.2147
epoch 18/200 loss 2.6210 train 0.3141 test 0.2128
epoch 19/200 loss 2.5157 train 0.3289 test 0.2214
epoch 20/200 loss 2.4537 train 0.3490 test 0.2481
epoch 21/200 loss 2.3568 train 0.3652 test 0.2111
epoch 22/200 loss 2.2983 train 0.3818 test 0.2426
epoch 23/200 loss 2.2351 train 0.3908 test 0.2493
epoch 24/200 loss 2.1103 train 0.4195 test 0.2494
epoch 25/200 loss 2.0671 train 0.4235 test 0.2490
epoch 26/200 loss 1.9732 train 0.4553 test 0.2646
epoch 27/200 loss 1.8703 train 0.4778 test 0.2413
epoch 28/200 loss 1.8207 train 0.4904 test 0.2565
epoch 29/200 loss 1.7594 train 0.5076 test 0.2614
epoch 30/200 loss 1.6930 train 0.5228 test 0.2838
epoch 31/200 loss 1.6293 train 0.5353 test 0.2636
epoch 32/200 loss 1.4988 train 0.5589 test 0.2739
epoch 33/200 loss 1.4195 train 0.5833 test 0.2699
epoch 34/200 loss 1.3617 train 0.6006 test 0.2418
epoch 35/200 loss 1.2853 train 0.6242 test 0.2649
epoch 36/200 loss 1.1864 train 0.6573 test 0.2613
epoch 37/200 loss 1.0795 train 0.6829 test 0.2791
epoch 38/200 loss 1.0703 train 0.6793 test 0.2748
epoch 39/200 loss 0.9710 train 0.7035 test 0.2597
epoch 40/200 loss 0.8663 train 0.7330 test 0.2969
epoch 41/200 loss 0.8195 train 0.7494 test 0.2765
epoch 42/200 loss 0.8094 train 0.7546 test 0.2649
epoch 43/200 loss 0.7360 train 0.7770 test 0.2670
epoch 44/200 loss 0.6416 train 0.8013 test 0.3016
epoch 45/200 loss 0.5929 train 0.8149 test 0.2684
epoch 46/200 loss 0.5796 train 0.8241 test 0.2906
epoch 47/200 loss 0.5511 train 0.8321 test 0.2997
epoch 48/200 loss 0.5093 train 0.8486 test 0.2928
epoch 49/200 loss 0.4308 train 0.8738 test 0.3151
epoch 50/200 loss 0.3846 train 0.8798 test 0.3024
epoch 51/200 loss 0.3300 train 0.9077 test 0.2841
epoch 52/200 loss 0.3395 train 0.8952 test 0.2787
epoch 53/200 loss 0.3174 train 0.9052 test 0.2889
epoch 54/200 loss 0.3048 train 0.9111 test 0.2881
epoch 55/200 loss 0.2999 train 0.9111 test 0.2900
epoch 56/200 loss 0.3060 train 0.9085 test 0.2984
epoch 57/200 loss 0.2927 train 0.9119 test 0.3188
epoch 58/200 loss 0.2420 train 0.9333 test 0.2934
epoch 59/200 loss 0.2206 train 0.9413 test 0.3217
epoch 60/200 loss 0.1762 train 0.9499 test 0.3175
epoch 61/200 loss 0.1403 train 0.9655 test 0.3341
epoch 62/200 loss 0.1090 train 0.9728 test 0.3369
epoch 63/200 loss 0.0837 train 0.9810 test 0.3383
epoch 64/200 loss 0.0803 train 0.9828 test 0.3081
epoch 65/200 loss 0.0932 train 0.9770 test 0.3341
epoch 66/200 loss 0.1160 train 0.9702 test 0.3181
epoch 67/200 loss 0.1215 train 0.9704 test 0.3292
epoch 68/200 loss 0.1228 train 0.9685 test 0.3313
epoch 69/200 loss 0.0911 train 0.9802 test 0.3242
epoch 70/200 loss 0.1064 train 0.9742 test 0.3273
epoch 71/200 loss 0.1090 train 0.9734 test 0.3184
epoch 72/200 loss 0.0973 train 0.9786 test 0.3256
epoch 73/200 loss 0.1031 train 0.9738 test 0.3187
epoch 74/200 loss 0.1006 train 0.9726 test 0.3316
epoch 75/200 loss 0.1054 train 0.9742 test 0.3265
epoch 76/200 loss 0.0979 train 0.9798 test 0.3190
epoch 77/200 loss 0.0639 train 0.9874 test 0.3437
epoch 78/200 loss 0.0507 train 0.9908 test 0.3479
epoch 79/200 loss 0.0447 train 0.9912 test 0.3420
epoch 80/200 loss 0.0475 train 0.9904 test 0.3432
epoch 81/200 loss 0.0403 train 0.9934 test 0.3516
epoch 82/200 loss 0.0316 train 0.9946 test 0.3597
epoch 83/200 loss 0.0158 train 0.9986 test 0.3681
epoch 84/200 loss 0.0157 train 0.9972 test 0.3692
epoch 85/200 loss 0.0146 train 0.9982 test 0.3783
epoch 86/200 loss 0.0083 train 0.9996 test 0.3765
epoch 87/200 loss 0.0065 train 0.9998 test 0.3814
epoch 88/200 loss 0.0066 train 0.9996 test 0.3808
epoch 89/200 loss 0.0057 train 1.0000 test 0.3850
epoch 90/200 loss 0.0058 train 0.9996 test 0.3828
epoch 91/200 loss 0.0058 train 0.9996 test 0.3840
epoch 92/200 loss 0.0057 train 0.9998 test 0.3835
epoch 93/200 loss 0.0064 train 0.9996 test 0.3862
epoch 94/200 loss 0.0062 train 0.9996 test 0.3849
epoch 95/200 loss 0.0065 train 0.9996 test 0.3844
epoch 96/200 loss 0.0065 train 0.9996 test 0.3829
epoch 97/200 loss 0.0107 train 0.9990 test 0.3820
epoch 98/200 loss 0.0086 train 0.9996 test 0.3858
epoch 99/200 loss 0.0072 train 0.9998 test 0.3853
epoch 100/200 loss 0.0066 train 0.9998 test 0.3869
epoch 101/200 loss 0.0065 train 0.9998 test 0.3869
epoch 102/200 loss 0.0066 train 0.9998 test 0.3895
epoch 103/200 loss 0.0066 train 0.9996 test 0.3888
epoch 104/200 loss 0.0069 train 0.9996 test 0.3873
epoch 105/200 loss 0.0069 train 0.9998 test 0.3884
epoch 106/200 loss 0.0068 train 0.9998 test 0.3906
epoch 107/200 loss 0.0069 train 0.9996 test 0.3902
epoch 108/200 loss 0.0069 train 0.9998 test 0.3894
epoch 109/200 loss 0.0074 train 0.9996 test 0.3924
epoch 110/200 loss 0.0070 train 0.9996 test 0.3909
epoch 111/200 loss 0.0074 train 0.9998 test 0.3917
epoch 112/200 loss 0.0073 train 0.9996 test 0.3910
epoch 113/200 loss 0.0070 train 0.9998 test 0.3875
epoch 114/200 loss 0.0069 train 0.9998 test 0.3879
epoch 115/200 loss 0.0073 train 0.9996 test 0.3878
epoch 116/200 loss 0.0071 train 0.9998 test 0.3881
epoch 117/200 loss 0.0069 train 1.0000 test 0.3901
epoch 118/200 loss 0.0073 train 0.9998 test 0.3886
epoch 119/200 loss 0.0069 train 0.9998 test 0.3895
epoch 120/200 loss 0.0073 train 0.9998 test 0.3901
epoch 121/200 loss 0.0074 train 0.9996 test 0.3901
epoch 122/200 loss 0.0072 train 0.9998 test 0.3886
epoch 123/200 loss 0.0071 train 0.9998 test 0.3908
epoch 124/200 loss 0.0071 train 0.9998 test 0.3898
epoch 125/200 loss 0.0073 train 0.9996 test 0.3885
epoch 126/200 loss 0.0073 train 0.9998 test 0.3901
epoch 127/200 loss 0.0072 train 0.9998 test 0.3891
epoch 128/200 loss 0.0067 train 1.0000 test 0.3948
epoch 129/200 loss 0.0069 train 0.9998 test 0.3904
epoch 130/200 loss 0.0068 train 1.0000 test 0.3894
epoch 131/200 loss 0.0071 train 0.9998 test 0.3905
epoch 132/200 loss 0.0072 train 0.9998 test 0.3920
epoch 133/200 loss 0.0068 train 0.9996 test 0.3914
epoch 134/200 loss 0.0066 train 0.9998 test 0.3906
epoch 135/200 loss 0.0070 train 0.9996 test 0.3894
epoch 136/200 loss 0.0069 train 1.0000 test 0.3906
epoch 137/200 loss 0.0068 train 0.9996 test 0.3905
epoch 138/200 loss 0.0067 train 0.9998 test 0.3918
epoch 139/200 loss 0.0068 train 0.9998 test 0.3922
epoch 140/200 loss 0.0069 train 0.9998 test 0.3899
epoch 141/200 loss 0.0069 train 0.9998 test 0.3918
epoch 142/200 loss 0.0067 train 0.9996 test 0.3907
epoch 143/200 loss 0.0068 train 0.9998 test 0.3899
epoch 144/200 loss 0.0068 train 0.9998 test 0.3918
epoch 145/200 loss 0.0067 train 0.9998 test 0.3910
epoch 146/200 loss 0.0067 train 0.9998 test 0.3920
epoch 147/200 loss 0.0063 train 1.0000 test 0.3890
epoch 148/200 loss 0.0067 train 0.9996 test 0.3908
epoch 149/200 loss 0.0066 train 1.0000 test 0.3892
epoch 150/200 loss 0.0065 train 1.0000 test 0.3923
epoch 151/200 loss 0.0066 train 0.9998 test 0.3915
epoch 152/200 loss 0.0066 train 0.9998 test 0.3895
epoch 153/200 loss 0.0062 train 0.9998 test 0.3916
epoch 154/200 loss 0.0067 train 1.0000 test 0.3903
epoch 155/200 loss 0.0066 train 0.9996 test 0.3913
epoch 156/200 loss 0.0064 train 1.0000 test 0.3908
epoch 157/200 loss 0.0061 train 0.9998 test 0.3895
epoch 158/200 loss 0.0062 train 1.0000 test 0.3915
epoch 159/200 loss 0.0062 train 1.0000 test 0.3899
epoch 160/200 loss 0.0066 train 0.9996 test 0.3910
epoch 161/200 loss 0.0065 train 1.0000 test 0.3913
epoch 162/200 loss 0.0065 train 1.0000 test 0.3897
epoch 163/200 loss 0.0064 train 0.9998 test 0.3900
epoch 164/200 loss 0.0063 train 0.9998 test 0.3912
epoch 165/200 loss 0.0062 train 0.9998 test 0.3904
epoch 166/200 loss 0.0064 train 0.9996 test 0.3926
epoch 167/200 loss 0.0062 train 1.0000 test 0.3899
epoch 168/200 loss 0.0066 train 1.0000 test 0.3916
epoch 169/200 loss 0.0064 train 1.0000 test 0.3907
epoch 170/200 loss 0.0064 train 0.9998 test 0.3915
epoch 171/200 loss 0.0065 train 0.9998 test 0.3897
epoch 172/200 loss 0.0063 train 1.0000 test 0.3913
epoch 173/200 loss 0.0063 train 1.0000 test 0.3921
epoch 174/200 loss 0.0062 train 1.0000 test 0.3904
epoch 175/200 loss 0.0061 train 1.0000 test 0.3920
epoch 176/200 loss 0.0064 train 0.9998 test 0.3915
epoch 177/200 loss 0.0062 train 1.0000 test 0.3909
epoch 178/200 loss 0.0063 train 1.0000 test 0.3923
epoch 179/200 loss 0.0063 train 0.9998 test 0.3921
epoch 180/200 loss 0.0062 train 0.9998 test 0.3901
epoch 181/200 loss 0.0063 train 1.0000 test 0.3920
epoch 182/200 loss 0.0062 train 1.0000 test 0.3906
epoch 183/200 loss 0.0060 train 1.0000 test 0.3908
epoch 184/200 loss 0.0058 train 1.0000 test 0.3912
epoch 185/200 loss 0.0061 train 1.0000 test 0.3905
epoch 186/200 loss 0.0064 train 0.9996 test 0.3909
epoch 187/200 loss 0.0061 train 1.0000 test 0.3916
epoch 188/200 loss 0.0060 train 1.0000 test 0.3919
epoch 189/200 loss 0.0062 train 1.0000 test 0.3907
epoch 190/200 loss 0.0062 train 0.9998 test 0.3910
epoch 191/200 loss 0.0058 train 1.0000 test 0.3912
epoch 192/200 loss 0.0060 train 1.0000 test 0.3918
epoch 193/200 loss 0.0061 train 1.0000 test 0.3924
epoch 194/200 loss 0.0064 train 0.9998 test 0.3923
epoch 195/200 loss 0.0062 train 0.9998 test 0.3916
epoch 196/200 loss 0.0060 train 0.9998 test 0.3912
epoch 197/200 loss 0.0061 train 1.0000 test 0.3906
epoch 198/200 loss 0.0061 train 1.0000 test 0.3916
epoch 199/200 loss 0.0061 train 0.9998 test 0.3897
epoch 200/200 loss 0.0060 train 1.0000 test 0.3913
done: final 0.3913 best 0.3948 -> ./runs/k7_10pct_gaboronly/seed0
=== k7_10pct_gaboronly seed 1 ===
stem calibrated (True) on 1024 images
[k7_10pct_gaboronly seed1] {"params_trainable": 11225316, "params_stem_trainable": 0, "params_stem_fixed_filters": 441, "flops_total": 562465792, "flops_stem": 451584, "flops_image_size": 32}
epoch 1/200 loss 4.5264 train 0.0276 test 0.0425
epoch 2/200 loss 4.2261 train 0.0521 test 0.0763
epoch 3/200 loss 4.0159 train 0.0785 test 0.0882
epoch 4/200 loss 3.8634 train 0.1002 test 0.1027
epoch 5/200 loss 3.7861 train 0.1120 test 0.1151
epoch 6/200 loss 3.6478 train 0.1316 test 0.1334
epoch 7/200 loss 3.5260 train 0.1504 test 0.1411
epoch 8/200 loss 3.4289 train 0.1669 test 0.1418
epoch 9/200 loss 3.3387 train 0.1875 test 0.1511
epoch 10/200 loss 3.2667 train 0.1927 test 0.1565
epoch 11/200 loss 3.1632 train 0.2167 test 0.1741
epoch 12/200 loss 3.0713 train 0.2310 test 0.1835
epoch 13/200 loss 2.9989 train 0.2416 test 0.1756
epoch 14/200 loss 2.9150 train 0.2590 test 0.2026
epoch 15/200 loss 2.8499 train 0.2660 test 0.2139
epoch 16/200 loss 2.7678 train 0.2881 test 0.2058
epoch 17/200 loss 2.6652 train 0.3093 test 0.2136
epoch 18/200 loss 2.6078 train 0.3203 test 0.2246
epoch 19/200 loss 2.5237 train 0.3347 test 0.2231
epoch 20/200 loss 2.4500 train 0.3488 test 0.2419
epoch 21/200 loss 2.3747 train 0.3590 test 0.2555
epoch 22/200 loss 2.2689 train 0.3880 test 0.2405
epoch 23/200 loss 2.2247 train 0.3968 test 0.2258
epoch 24/200 loss 2.1139 train 0.4223 test 0.2604
epoch 25/200 loss 2.0489 train 0.4351 test 0.2527
epoch 26/200 loss 1.9449 train 0.4585 test 0.2652
epoch 27/200 loss 1.9022 train 0.4663 test 0.2662
epoch 28/200 loss 1.8587 train 0.4828 test 0.2897
epoch 29/200 loss 1.7311 train 0.5100 test 0.2672
epoch 30/200 loss 1.6518 train 0.5264 test 0.2732
epoch 31/200 loss 1.5946 train 0.5413 test 0.2610
epoch 32/200 loss 1.5389 train 0.5513 test 0.2818
epoch 33/200 loss 1.4460 train 0.5769 test 0.2805
epoch 34/200 loss 1.3385 train 0.6124 test 0.2703
epoch 35/200 loss 1.2700 train 0.6266 test 0.2894
epoch 36/200 loss 1.2105 train 0.6408 test 0.2784
epoch 37/200 loss 1.1007 train 0.6635 test 0.2880
epoch 38/200 loss 1.0808 train 0.6761 test 0.2754
epoch 39/200 loss 0.9831 train 0.7035 test 0.3036
epoch 40/200 loss 0.8925 train 0.7282 test 0.2758
epoch 41/200 loss 0.8530 train 0.7406 test 0.2813
epoch 42/200 loss 0.7306 train 0.7730 test 0.2878
epoch 43/200 loss 0.6511 train 0.7995 test 0.2903
epoch 44/200 loss 0.6981 train 0.7863 test 0.2650
epoch 45/200 loss 0.6072 train 0.8139 test 0.3056
epoch 46/200 loss 0.4929 train 0.8548 test 0.2856
epoch 47/200 loss 0.4468 train 0.8662 test 0.2944
epoch 48/200 loss 0.4996 train 0.8516 test 0.2889
epoch 49/200 loss 0.4222 train 0.8706 test 0.3001
epoch 50/200 loss 0.3862 train 0.8888 test 0.3077
epoch 51/200 loss 0.3945 train 0.8754 test 0.3086
epoch 52/200 loss 0.3427 train 0.8974 test 0.3059
epoch 53/200 loss 0.2894 train 0.9151 test 0.3090
epoch 54/200 loss 0.2923 train 0.9165 test 0.3061
epoch 55/200 loss 0.2553 train 0.9275 test 0.3233
epoch 56/200 loss 0.2221 train 0.9345 test 0.3289
epoch 57/200 loss 0.1884 train 0.9475 test 0.3180
epoch 58/200 loss 0.2037 train 0.9433 test 0.3007
epoch 59/200 loss 0.2151 train 0.9377 test 0.3061
epoch 60/200 loss 0.1855 train 0.9495 test 0.3278
epoch 61/200 loss 0.1632 train 0.9565 test 0.3152
epoch 62/200 loss 0.1557 train 0.9569 test 0.3056
epoch 63/200 loss 0.1646 train 0.9575 test 0.3229
epoch 64/200 loss 0.1520 train 0.9597 test 0.3174
epoch 65/200 loss 0.1215 train 0.9704 test 0.3347
epoch 66/200 loss 0.0999 train 0.9776 test 0.3429
epoch 67/200 loss 0.0891 train 0.9804 test 0.3402
epoch 68/200 loss 0.0732 train 0.9840 test 0.3392
epoch 69/200 loss 0.0715 train 0.9836 test 0.3435
epoch 70/200 loss 0.0585 train 0.9880 test 0.3493
epoch 71/200 loss 0.0504 train 0.9898 test 0.3550
epoch 72/200 loss 0.0763 train 0.9812 test 0.3489
epoch 73/200 loss 0.0626 train 0.9880 test 0.3457
epoch 74/200 loss 0.0372 train 0.9940 test 0.3678
epoch 75/200 loss 0.0308 train 0.9946 test 0.3613
epoch 76/200 loss 0.0446 train 0.9920 test 0.3502
epoch 77/200 loss 0.0323 train 0.9942 test 0.3549
epoch 78/200 loss 0.0260 train 0.9970 test 0.3645
epoch 79/200 loss 0.0206 train 0.9968 test 0.3692
epoch 80/200 loss 0.0203 train 0.9968 test 0.3609
epoch 81/200 loss 0.0226 train 0.9968 test 0.3575
epoch 82/200 loss 0.0209 train 0.9974 test 0.3719
epoch 83/200 loss 0.0153 train 0.9984 test 0.3807
epoch 84/200 loss 0.0109 train 0.9988 test 0.3843
epoch 85/200 loss 0.0083 train 0.9994 test 0.3814
epoch 86/200 loss 0.0105 train 0.9986 test 0.3800
epoch 87/200 loss 0.0090 train 0.9994 test 0.3825
epoch 88/200 loss 0.0073 train 0.9998 test 0.3867
epoch 89/200 loss 0.0069 train 0.9996 test 0.3912
epoch 90/200 loss 0.0067 train 0.9996 test 0.3897
epoch 91/200 loss 0.0063 train 0.9996 test 0.3912
epoch 92/200 loss 0.0068 train 0.9996 test 0.3889
epoch 93/200 loss 0.0065 train 0.9998 test 0.3890
epoch 94/200 loss 0.0066 train 0.9998 test 0.3901
epoch 95/200 loss 0.0069 train 0.9996 test 0.3912
epoch 96/200 loss 0.0072 train 0.9996 test 0.3909
epoch 97/200 loss 0.0069 train 0.9998 test 0.3929
epoch 98/200 loss 0.0069 train 0.9996 test 0.3904
epoch 99/200 loss 0.0071 train 0.9998 test 0.3941
epoch 100/200 loss 0.0071 train 0.9996 test 0.3929
epoch 101/200 loss 0.0072 train 0.9998 test 0.3932
epoch 102/200 loss 0.0071 train 0.9998 test 0.3936
epoch 103/200 loss 0.0075 train 0.9998 test 0.3946
epoch 104/200 loss 0.0077 train 0.9998 test 0.3962
epoch 105/200 loss 0.0074 train 0.9998 test 0.3954
epoch 106/200 loss 0.0077 train 0.9998 test 0.3943
epoch 107/200 loss 0.0075 train 0.9998 test 0.3972
epoch 108/200 loss 0.0073 train 0.9998 test 0.3956
epoch 109/200 loss 0.0076 train 0.9996 test 0.3983
epoch 110/200 loss 0.0074 train 0.9998 test 0.3933
epoch 111/200 loss 0.0080 train 0.9996 test 0.3955
epoch 112/200 loss 0.0074 train 0.9996 test 0.3981
epoch 113/200 loss 0.0074 train 0.9998 test 0.3948
epoch 114/200 loss 0.0075 train 1.0000 test 0.3937
epoch 115/200 loss 0.0078 train 0.9998 test 0.3960
epoch 116/200 loss 0.0078 train 0.9998 test 0.3950
epoch 117/200 loss 0.0073 train 0.9998 test 0.3954
epoch 118/200 loss 0.0074 train 0.9996 test 0.3960
epoch 119/200 loss 0.0078 train 0.9998 test 0.4007
epoch 120/200 loss 0.0075 train 0.9998 test 0.3975
epoch 121/200 loss 0.0073 train 0.9998 test 0.3962
epoch 122/200 loss 0.0072 train 0.9996 test 0.3964
epoch 123/200 loss 0.0072 train 0.9998 test 0.3967
epoch 124/200 loss 0.0074 train 0.9996 test 0.3959
epoch 125/200 loss 0.0069 train 1.0000 test 0.3979
epoch 126/200 loss 0.0069 train 0.9998 test 0.3979
epoch 127/200 loss 0.0068 train 1.0000 test 0.3988
epoch 128/200 loss 0.0070 train 0.9998 test 0.3988
epoch 129/200 loss 0.0071 train 0.9998 test 0.3986
epoch 130/200 loss 0.0069 train 0.9998 test 0.3969
epoch 131/200 loss 0.0069 train 0.9998 test 0.3973
epoch 132/200 loss 0.0067 train 1.0000 test 0.3970
epoch 133/200 loss 0.0067 train 1.0000 test 0.4007
epoch 134/200 loss 0.0070 train 1.0000 test 0.3986
epoch 135/200 loss 0.0068 train 0.9998 test 0.3957
epoch 136/200 loss 0.0069 train 0.9998 test 0.3947
epoch 137/200 loss 0.0067 train 1.0000 test 0.3983
epoch 138/200 loss 0.0067 train 1.0000 test 0.3983
epoch 139/200 loss 0.0069 train 0.9996 test 0.3985
epoch 140/200 loss 0.0067 train 0.9998 test 0.3982
epoch 141/200 loss 0.0069 train 0.9998 test 0.3966
epoch 142/200 loss 0.0066 train 0.9998 test 0.3987
epoch 143/200 loss 0.0065 train 1.0000 test 0.3971
epoch 144/200 loss 0.0067 train 0.9998 test 0.3989
epoch 145/200 loss 0.0062 train 1.0000 test 0.3993
epoch 146/200 loss 0.0064 train 1.0000 test 0.3980
epoch 147/200 loss 0.0071 train 0.9996 test 0.3970
epoch 148/200 loss 0.0069 train 0.9998 test 0.3978
epoch 149/200 loss 0.0065 train 1.0000 test 0.3974
epoch 150/200 loss 0.0064 train 0.9998 test 0.3952
epoch 151/200 loss 0.0063 train 1.0000 test 0.3980
epoch 152/200 loss 0.0062 train 0.9998 test 0.3970
epoch 153/200 loss 0.0065 train 0.9998 test 0.3992
epoch 154/200 loss 0.0063 train 1.0000 test 0.3976
epoch 155/200 loss 0.0069 train 0.9996 test 0.3963
epoch 156/200 loss 0.0063 train 0.9998 test 0.3992
epoch 157/200 loss 0.0064 train 0.9998 test 0.3965
epoch 158/200 loss 0.0061 train 0.9998 test 0.3964
epoch 159/200 loss 0.0061 train 1.0000 test 0.3985
epoch 160/200 loss 0.0060 train 1.0000 test 0.3990
epoch 161/200 loss 0.0062 train 1.0000 test 0.3968
epoch 162/200 loss 0.0063 train 1.0000 test 0.3967
epoch 163/200 loss 0.0063 train 0.9996 test 0.3985
epoch 164/200 loss 0.0062 train 0.9996 test 0.3970
epoch 165/200 loss 0.0062 train 1.0000 test 0.3981
epoch 166/200 loss 0.0062 train 1.0000 test 0.3977
epoch 167/200 loss 0.0063 train 0.9998 test 0.3964
epoch 168/200 loss 0.0064 train 1.0000 test 0.3994
epoch 169/200 loss 0.0062 train 0.9998 test 0.3976
epoch 170/200 loss 0.0061 train 0.9998 test 0.3964
epoch 171/200 loss 0.0058 train 1.0000 test 0.3968
epoch 172/200 loss 0.0058 train 1.0000 test 0.3989
epoch 173/200 loss 0.0062 train 0.9998 test 0.3984
epoch 174/200 loss 0.0060 train 1.0000 test 0.3977
epoch 175/200 loss 0.0061 train 0.9998 test 0.3981
epoch 176/200 loss 0.0057 train 1.0000 test 0.3977
epoch 177/200 loss 0.0060 train 0.9998 test 0.3961
epoch 178/200 loss 0.0059 train 1.0000 test 0.3983
epoch 179/200 loss 0.0063 train 0.9998 test 0.3971
epoch 180/200 loss 0.0059 train 1.0000 test 0.3964
epoch 181/200 loss 0.0058 train 1.0000 test 0.3969
epoch 182/200 loss 0.0059 train 1.0000 test 0.3960
epoch 183/200 loss 0.0060 train 1.0000 test 0.3968
epoch 184/200 loss 0.0060 train 1.0000 test 0.3966
epoch 185/200 loss 0.0060 train 1.0000 test 0.3980
epoch 186/200 loss 0.0060 train 1.0000 test 0.3960
epoch 187/200 loss 0.0057 train 1.0000 test 0.3977
epoch 188/200 loss 0.0060 train 1.0000 test 0.3975
epoch 189/200 loss 0.0061 train 0.9998 test 0.3977
epoch 190/200 loss 0.0060 train 1.0000 test 0.3987
epoch 191/200 loss 0.0057 train 1.0000 test 0.3974
epoch 192/200 loss 0.0059 train 0.9998 test 0.3981
epoch 193/200 loss 0.0060 train 1.0000 test 0.3971
epoch 194/200 loss 0.0059 train 1.0000 test 0.3972
epoch 195/200 loss 0.0061 train 0.9998 test 0.3976
epoch 196/200 loss 0.0060 train 1.0000 test 0.3969
epoch 197/200 loss 0.0060 train 1.0000 test 0.3977
epoch 198/200 loss 0.0059 train 1.0000 test 0.3985
epoch 199/200 loss 0.0062 train 1.0000 test 0.3965
epoch 200/200 loss 0.0059 train 1.0000 test 0.3971
done: final 0.3971 best 0.4007 -> ./runs/k7_10pct_gaboronly/seed1
=== k7_10pct_gaboronly seed 2 ===
stem calibrated (True) on 1024 images
[k7_10pct_gaboronly seed2] {"params_trainable": 11225316, "params_stem_trainable": 0, "params_stem_fixed_filters": 441, "flops_total": 562465792, "flops_stem": 451584, "flops_image_size": 32}
epoch 1/200 loss 4.5021 train 0.0308 test 0.0538
epoch 2/200 loss 4.1947 train 0.0625 test 0.0717
epoch 3/200 loss 4.0094 train 0.0897 test 0.0891
epoch 4/200 loss 3.8483 train 0.1064 test 0.1053
epoch 5/200 loss 3.7304 train 0.1310 test 0.1190
epoch 6/200 loss 3.6273 train 0.1430 test 0.1216
epoch 7/200 loss 3.5476 train 0.1486 test 0.1463
epoch 8/200 loss 3.4330 train 0.1725 test 0.1472
epoch 9/200 loss 3.3417 train 0.1873 test 0.1589
epoch 10/200 loss 3.2350 train 0.2031 test 0.1698
epoch 11/200 loss 3.1464 train 0.2192 test 0.1822
epoch 12/200 loss 3.0467 train 0.2382 test 0.1668
epoch 13/200 loss 2.9921 train 0.2362 test 0.1925
epoch 14/200 loss 2.9213 train 0.2558 test 0.1869
epoch 15/200 loss 2.8242 train 0.2732 test 0.2116
epoch 16/200 loss 2.7399 train 0.2937 test 0.2070
epoch 17/200 loss 2.6860 train 0.3059 test 0.2116
epoch 18/200 loss 2.5614 train 0.3313 test 0.2371
epoch 19/200 loss 2.5335 train 0.3299 test 0.2213
epoch 20/200 loss 2.4337 train 0.3510 test 0.2388
epoch 21/200 loss 2.3692 train 0.3634 test 0.2438
epoch 22/200 loss 2.3101 train 0.3794 test 0.2263
epoch 23/200 loss 2.1532 train 0.4040 test 0.2326
epoch 24/200 loss 2.1288 train 0.4133 test 0.2444
epoch 25/200 loss 2.0586 train 0.4335 test 0.2529
epoch 26/200 loss 1.9918 train 0.4469 test 0.2610
epoch 27/200 loss 1.8653 train 0.4659 test 0.2639
epoch 28/200 loss 1.8028 train 0.4996 test 0.2543
epoch 29/200 loss 1.7248 train 0.5118 test 0.2596
epoch 30/200 loss 1.6782 train 0.5238 test 0.2659
epoch 31/200 loss 1.5845 train 0.5433 test 0.2769
epoch 32/200 loss 1.4982 train 0.5645 test 0.2675
epoch 33/200 loss 1.3669 train 0.5938 test 0.2604
epoch 34/200 loss 1.3434 train 0.6046 test 0.2767
epoch 35/200 loss 1.2648 train 0.6236 test 0.2769
epoch 36/200 loss 1.1719 train 0.6520 test 0.2542
epoch 37/200 loss 1.1376 train 0.6556 test 0.2912
epoch 38/200 loss 1.0015 train 0.7001 test 0.2835
epoch 39/200 loss 0.9589 train 0.7045 test 0.2897
epoch 40/200 loss 0.8401 train 0.7478 test 0.2766
epoch 41/200 loss 0.8371 train 0.7426 test 0.2752
epoch 42/200 loss 0.8112 train 0.7476 test 0.2739
epoch 43/200 loss 0.6968 train 0.7861 test 0.2990
epoch 44/200 loss 0.6590 train 0.7963 test 0.2972
epoch 45/200 loss 0.6202 train 0.8137 test 0.2747
epoch 46/200 loss 0.5607 train 0.8287 test 0.3069
epoch 47/200 loss 0.4625 train 0.8644 test 0.2921
epoch 48/200 loss 0.4404 train 0.8740 test 0.2738
epoch 49/200 loss 0.4753 train 0.8488 test 0.2919
epoch 50/200 loss 0.5051 train 0.8450 test 0.2723
epoch 51/200 loss 0.4473 train 0.8602 test 0.3052
epoch 52/200 loss 0.3615 train 0.8908 test 0.2996
epoch 53/200 loss 0.2955 train 0.9127 test 0.3108
epoch 54/200 loss 0.2407 train 0.9303 test 0.3088
epoch 55/200 loss 0.2068 train 0.9445 test 0.3062
epoch 56/200 loss 0.2154 train 0.9395 test 0.3024
epoch 57/200 loss 0.2500 train 0.9273 test 0.3059
epoch 58/200 loss 0.2447 train 0.9283 test 0.3128
epoch 59/200 loss 0.2390 train 0.9301 test 0.2911
epoch 60/200 loss 0.1918 train 0.9475 test 0.3187
epoch 61/200 loss 0.1408 train 0.9661 test 0.3312
epoch 62/200 loss 0.1131 train 0.9728 test 0.3336
epoch 63/200 loss 0.0974 train 0.9766 test 0.3322
epoch 64/200 loss 0.1007 train 0.9752 test 0.3269
epoch 65/200 loss 0.1078 train 0.9730 test 0.3142
epoch 66/200 loss 0.1052 train 0.9756 test 0.3277
epoch 67/200 loss 0.1143 train 0.9700 test 0.3180
epoch 68/200 loss 0.1127 train 0.9730 test 0.3195
epoch 69/200 loss 0.1102 train 0.9746 test 0.3164
epoch 70/200 loss 0.1089 train 0.9742 test 0.3180
epoch 71/200 loss 0.1289 train 0.9694 test 0.3172
epoch 72/200 loss 0.1508 train 0.9605 test 0.3165
epoch 73/200 loss 0.1435 train 0.9619 test 0.3219
epoch 74/200 loss 0.1235 train 0.9702 test 0.3318
epoch 75/200 loss 0.1009 train 0.9760 test 0.3289
epoch 76/200 loss 0.0809 train 0.9836 test 0.3273
epoch 77/200 loss 0.0751 train 0.9840 test 0.3302
epoch 78/200 loss 0.0687 train 0.9860 test 0.3201
epoch 79/200 loss 0.0533 train 0.9898 test 0.3513
epoch 80/200 loss 0.0341 train 0.9946 test 0.3564
epoch 81/200 loss 0.0224 train 0.9970 test 0.3610
epoch 82/200 loss 0.0130 train 0.9992 test 0.3708
epoch 83/200 loss 0.0085 train 0.9996 test 0.3744
epoch 84/200 loss 0.0073 train 0.9996 test 0.3769
epoch 85/200 loss 0.0072 train 0.9994 test 0.3770
epoch 86/200 loss 0.0063 train 0.9996 test 0.3756
epoch 87/200 loss 0.0054 train 0.9998 test 0.3783
epoch 88/200 loss 0.0053 train 0.9998 test 0.3792
epoch 89/200 loss 0.0055 train 0.9998 test 0.3774
epoch 90/200 loss 0.0059 train 0.9996 test 0.3811
epoch 91/200 loss 0.0060 train 0.9998 test 0.3825
epoch 92/200 loss 0.0061 train 0.9998 test 0.3818
epoch 93/200 loss 0.0064 train 0.9996 test 0.3832
epoch 94/200 loss 0.0070 train 0.9996 test 0.3780
epoch 95/200 loss 0.0067 train 0.9996 test 0.3821
epoch 96/200 loss 0.0068 train 0.9998 test 0.3831
epoch 97/200 loss 0.0069 train 0.9998 test 0.3845
epoch 98/200 loss 0.0065 train 0.9998 test 0.3848
epoch 99/200 loss 0.0069 train 0.9996 test 0.3868
epoch 100/200 loss 0.0064 train 0.9998 test 0.3861
epoch 101/200 loss 0.0073 train 0.9996 test 0.3899
epoch 102/200 loss 0.0072 train 0.9996 test 0.3856
epoch 103/200 loss 0.0073 train 0.9996 test 0.3865
epoch 104/200 loss 0.0074 train 0.9998 test 0.3856
epoch 105/200 loss 0.0073 train 0.9998 test 0.3880
epoch 106/200 loss 0.0071 train 0.9998 test 0.3863
epoch 107/200 loss 0.0071 train 0.9998 test 0.3852
epoch 108/200 loss 0.0075 train 0.9996 test 0.3869
epoch 109/200 loss 0.0074 train 0.9998 test 0.3869
epoch 110/200 loss 0.0071 train 0.9998 test 0.3861
epoch 111/200 loss 0.0077 train 0.9998 test 0.3862
epoch 112/200 loss 0.0075 train 0.9998 test 0.3880
epoch 113/200 loss 0.0074 train 0.9998 test 0.3859
epoch 114/200 loss 0.0075 train 0.9998 test 0.3889
epoch 115/200 loss 0.0072 train 0.9996 test 0.3906
epoch 116/200 loss 0.0073 train 0.9998 test 0.3884
epoch 117/200 loss 0.0075 train 1.0000 test 0.3885
epoch 118/200 loss 0.0075 train 0.9996 test 0.3889
epoch 119/200 loss 0.0073 train 0.9998 test 0.3888
epoch 120/200 loss 0.0076 train 0.9996 test 0.3876
epoch 121/200 loss 0.0080 train 0.9996 test 0.3842
epoch 122/200 loss 0.0082 train 0.9998 test 0.3868
epoch 123/200 loss 0.0073 train 0.9998 test 0.3868
epoch 124/200 loss 0.0075 train 0.9998 test 0.3885
epoch 125/200 loss 0.0073 train 0.9996 test 0.3878
epoch 126/200 loss 0.0073 train 0.9996 test 0.3886
epoch 127/200 loss 0.0073 train 0.9998 test 0.3900
epoch 128/200 loss 0.0070 train 0.9998 test 0.3898
epoch 129/200 loss 0.0070 train 0.9998 test 0.3890
epoch 130/200 loss 0.0070 train 0.9998 test 0.3891
epoch 131/200 loss 0.0071 train 0.9998 test 0.3881
epoch 132/200 loss 0.0069 train 1.0000 test 0.3907
epoch 133/200 loss 0.0069 train 0.9998 test 0.3893
epoch 134/200 loss 0.0070 train 0.9998 test 0.3905
epoch 135/200 loss 0.0070 train 0.9996 test 0.3912
epoch 136/200 loss 0.0073 train 0.9996 test 0.3935
epoch 137/200 loss 0.0071 train 0.9996 test 0.3920
epoch 138/200 loss 0.0069 train 0.9998 test 0.3922
epoch 139/200 loss 0.0070 train 0.9998 test 0.3920
epoch 140/200 loss 0.0068 train 0.9998 test 0.3910
epoch 141/200 loss 0.0068 train 0.9996 test 0.3909
epoch 142/200 loss 0.0066 train 0.9998 test 0.3916
epoch 143/200 loss 0.0064 train 1.0000 test 0.3922
epoch 144/200 loss 0.0067 train 0.9998 test 0.3910
epoch 145/200 loss 0.0066 train 1.0000 test 0.3919
epoch 146/200 loss 0.0065 train 0.9998 test 0.3923
epoch 147/200 loss 0.0065 train 1.0000 test 0.3912
epoch 148/200 loss 0.0066 train 0.9998 test 0.3901
epoch 149/200 loss 0.0066 train 1.0000 test 0.3898
epoch 150/200 loss 0.0066 train 1.0000 test 0.3921
epoch 151/200 loss 0.0065 train 0.9998 test 0.3911
epoch 152/200 loss 0.0066 train 1.0000 test 0.3910
epoch 153/200 loss 0.0066 train 0.9998 test 0.3911
epoch 154/200 loss 0.0065 train 1.0000 test 0.3924
epoch 155/200 loss 0.0067 train 0.9998 test 0.3929
epoch 156/200 loss 0.0067 train 0.9998 test 0.3916
epoch 157/200 loss 0.0063 train 0.9998 test 0.3909
epoch 158/200 loss 0.0064 train 0.9998 test 0.3911
epoch 159/200 loss 0.0063 train 1.0000 test 0.3930
epoch 160/200 loss 0.0064 train 0.9998 test 0.3932
epoch 161/200 loss 0.0063 train 1.0000 test 0.3931
epoch 162/200 loss 0.0065 train 1.0000 test 0.3940
epoch 163/200 loss 0.0060 train 1.0000 test 0.3923
epoch 164/200 loss 0.0064 train 0.9998 test 0.3922
epoch 165/200 loss 0.0062 train 1.0000 test 0.3933
epoch 166/200 loss 0.0062 train 1.0000 test 0.3926
epoch 167/200 loss 0.0065 train 0.9998 test 0.3923
epoch 168/200 loss 0.0060 train 1.0000 test 0.3909
epoch 169/200 loss 0.0062 train 1.0000 test 0.3902
epoch 170/200 loss 0.0064 train 0.9998 test 0.3928
epoch 171/200 loss 0.0061 train 1.0000 test 0.3921
epoch 172/200 loss 0.0065 train 0.9998 test 0.3916
epoch 173/200 loss 0.0062 train 0.9998 test 0.3928
epoch 174/200 loss 0.0061 train 1.0000 test 0.3921
epoch 175/200 loss 0.0062 train 1.0000 test 0.3904
epoch 176/200 loss 0.0061 train 1.0000 test 0.3914
epoch 177/200 loss 0.0065 train 0.9998 test 0.3908
epoch 178/200 loss 0.0062 train 1.0000 test 0.3907
epoch 179/200 loss 0.0060 train 1.0000 test 0.3912
epoch 180/200 loss 0.0063 train 0.9998 test 0.3929
epoch 181/200 loss 0.0063 train 1.0000 test 0.3914
epoch 182/200 loss 0.0061 train 1.0000 test 0.3903
epoch 183/200 loss 0.0060 train 1.0000 test 0.3930
epoch 184/200 loss 0.0058 train 1.0000 test 0.3928
epoch 185/200 loss 0.0061 train 1.0000 test 0.3907
epoch 186/200 loss 0.0061 train 1.0000 test 0.3918
epoch 187/200 loss 0.0063 train 1.0000 test 0.3940
epoch 188/200 loss 0.0061 train 0.9998 test 0.3929
epoch 189/200 loss 0.0060 train 1.0000 test 0.3917
epoch 190/200 loss 0.0062 train 1.0000 test 0.3910
epoch 191/200 loss 0.0062 train 1.0000 test 0.3916
epoch 192/200 loss 0.0061 train 1.0000 test 0.3925
epoch 193/200 loss 0.0060 train 1.0000 test 0.3916
epoch 194/200 loss 0.0059 train 1.0000 test 0.3916
epoch 195/200 loss 0.0061 train 1.0000 test 0.3928
epoch 196/200 loss 0.0062 train 1.0000 test 0.3905
epoch 197/200 loss 0.0059 train 1.0000 test 0.3917
epoch 198/200 loss 0.0061 train 1.0000 test 0.3914
epoch 199/200 loss 0.0062 train 0.9998 test 0.3926
epoch 200/200 loss 0.0059 train 1.0000 test 0.3908
done: final 0.3908 best 0.3940 -> ./runs/k7_10pct_gaboronly/seed2
KERNEL_WAVE_COMPLETE
