=== configs/ablations_full/abl1_none.yaml seed 0 ===
[abl1_none seed0] {"params_trainable": 11220132, "params_stem_trainable": 0, "params_stem_fixed_filters": 0, "flops_total": 556705792, "flops_stem": 0, "flops_image_size": 32}
epoch 1/200 loss 4.6696 train 0.0078 test 0.0112
epoch 2/200 loss 4.5644 train 0.0208 test 0.0209
epoch 3/200 loss 4.4849 train 0.0234 test 0.0251
epoch 4/200 loss 4.3629 train 0.0286 test 0.0319
epoch 5/200 loss 4.2249 train 0.0573 test 0.0327
epoch 6/200 loss 4.0895 train 0.0651 test 0.0377
epoch 7/200 loss 3.9760 train 0.0833 test 0.0428
epoch 8/200 loss 3.9310 train 0.0938 test 0.0525
epoch 9/200 loss 3.8193 train 0.1198 test 0.0496
epoch 10/200 loss 3.6677 train 0.1172 test 0.0463
epoch 11/200 loss 3.6252 train 0.1328 test 0.0498
epoch 12/200 loss 3.6172 train 0.1458 test 0.0479
epoch 13/200 loss 3.4708 train 0.1562 test 0.0520
epoch 14/200 loss 3.4363 train 0.1484 test 0.0525
epoch 15/200 loss 3.3631 train 0.1693 test 0.0625
epoch 16/200 loss 3.3591 train 0.1927 test 0.0613
epoch 17/200 loss 3.2538 train 0.1823 test 0.0509
epoch 18/200 loss 3.1149 train 0.2266 test 0.0535
epoch 19/200 loss 3.1323 train 0.2266 test 0.0611
epoch 20/200 loss 3.0753 train 0.2188 test 0.0633
epoch 21/200 loss 3.0178 train 0.2266 test 0.0601
epoch 22/200 loss 3.0066 train 0.2422 test 0.0567
epoch 23/200 loss 2.9543 train 0.2370 test 0.0592
epoch 24/200 loss 2.9047 train 0.2474 test 0.0590
epoch 25/200 loss 2.8540 train 0.2474 test 0.0614
epoch 26/200 loss 2.8563 train 0.2891 test 0.0658
epoch 27/200 loss 2.7530 train 0.3021 test 0.0602
epoch 28/200 loss 2.7712 train 0.2760 test 0.0618
epoch 29/200 loss 2.7298 train 0.2422 test 0.0594
epoch 30/200 loss 2.6213 train 0.3281 test 0.0603
epoch 31/200 loss 2.6461 train 0.3073 test 0.0571
epoch 32/200 loss 2.6624 train 0.2891 test 0.0608
epoch 33/200 loss 2.4895 train 0.3307 test 0.0583
epoch 34/200 loss 2.4655 train 0.3646 test 0.0638
epoch 35/200 loss 2.4031 train 0.3646 test 0.0670
epoch 36/200 loss 2.3745 train 0.3464 test 0.0682
epoch 37/200 loss 2.2917 train 0.4010 test 0.0636
epoch 38/200 loss 2.3269 train 0.3854 test 0.0601
epoch 39/200 loss 2.2787 train 0.3828 test 0.0644
epoch 40/200 loss 2.1481 train 0.4401 test 0.0686
epoch 41/200 loss 2.1801 train 0.4323 test 0.0740
epoch 42/200 loss 2.2070 train 0.4010 test 0.0660
epoch 43/200 loss 2.0539 train 0.4531 test 0.0674
epoch 44/200 loss 2.0775 train 0.4531 test 0.0681
epoch 45/200 loss 2.0742 train 0.4115 test 0.0687
epoch 46/200 loss 1.9223 train 0.4974 test 0.0713
epoch 47/200 loss 1.8902 train 0.5182 test 0.0700
epoch 48/200 loss 1.9517 train 0.4714 test 0.0721
epoch 49/200 loss 1.8717 train 0.5104 test 0.0697
epoch 50/200 loss 1.7072 train 0.5599 test 0.0683
epoch 51/200 loss 1.7480 train 0.5208 test 0.0694
epoch 52/200 loss 1.6715 train 0.5599 test 0.0701
epoch 53/200 loss 1.6400 train 0.5521 test 0.0764
epoch 54/200 loss 1.5575 train 0.6068 test 0.0769
epoch 55/200 loss 1.5661 train 0.5964 test 0.0724
epoch 56/200 loss 1.5725 train 0.5729 test 0.0681
epoch 57/200 loss 1.4583 train 0.6250 test 0.0730
epoch 58/200 loss 1.4644 train 0.6016 test 0.0747
epoch 59/200 loss 1.3381 train 0.6484 test 0.0705
epoch 60/200 loss 1.2946 train 0.6849 test 0.0732
epoch 61/200 loss 1.2200 train 0.6927 test 0.0708
epoch 62/200 loss 1.1487 train 0.7031 test 0.0713
epoch 63/200 loss 1.2038 train 0.7083 test 0.0750
epoch 64/200 loss 1.1499 train 0.7240 test 0.0721
epoch 65/200 loss 1.1189 train 0.7188 test 0.0683
epoch 66/200 loss 1.1183 train 0.7109 test 0.0780
epoch 67/200 loss 0.9906 train 0.7604 test 0.0772
epoch 68/200 loss 0.9791 train 0.7682 test 0.0766
epoch 69/200 loss 1.0115 train 0.7422 test 0.0725
epoch 70/200 loss 0.9045 train 0.7812 test 0.0750
epoch 71/200 loss 0.8567 train 0.8099 test 0.0738
epoch 72/200 loss 0.8287 train 0.8177 test 0.0761
epoch 73/200 loss 0.7598 train 0.8438 test 0.0733
epoch 74/200 loss 0.7079 train 0.8516 test 0.0693
epoch 75/200 loss 0.7380 train 0.8620 test 0.0778
epoch 76/200 loss 0.6549 train 0.8776 test 0.0813
epoch 77/200 loss 0.6512 train 0.8724 test 0.0817
epoch 78/200 loss 0.6311 train 0.8854 test 0.0789
epoch 79/200 loss 0.5360 train 0.9245 test 0.0754
epoch 80/200 loss 0.5992 train 0.8698 test 0.0710
epoch 81/200 loss 0.5637 train 0.8828 test 0.0728
epoch 82/200 loss 0.5083 train 0.8958 test 0.0731
epoch 83/200 loss 0.4710 train 0.9010 test 0.0771
epoch 84/200 loss 0.4478 train 0.9297 test 0.0766
epoch 85/200 loss 0.4596 train 0.9141 test 0.0809
epoch 86/200 loss 0.3867 train 0.9375 test 0.0769
epoch 87/200 loss 0.3844 train 0.9401 test 0.0792
epoch 88/200 loss 0.3383 train 0.9505 test 0.0819
epoch 89/200 loss 0.3817 train 0.9375 test 0.0856
epoch 90/200 loss 0.2998 train 0.9609 test 0.0842
epoch 91/200 loss 0.2827 train 0.9583 test 0.0765
epoch 92/200 loss 0.3307 train 0.9427 test 0.0805
epoch 93/200 loss 0.2547 train 0.9766 test 0.0860
epoch 94/200 loss 0.2625 train 0.9635 test 0.0829
epoch 95/200 loss 0.2501 train 0.9714 test 0.0836
epoch 96/200 loss 0.2484 train 0.9661 test 0.0797
epoch 97/200 loss 0.2225 train 0.9792 test 0.0845
epoch 98/200 loss 0.1985 train 0.9870 test 0.0848
epoch 99/200 loss 0.1661 train 0.9896 test 0.0818
epoch 100/200 loss 0.1628 train 0.9844 test 0.0863
epoch 101/200 loss 0.1523 train 0.9948 test 0.0863
epoch 102/200 loss 0.1258 train 0.9948 test 0.0868
epoch 103/200 loss 0.1237 train 1.0000 test 0.0796
epoch 104/200 loss 0.1221 train 0.9948 test 0.0808
epoch 105/200 loss 0.1148 train 0.9948 test 0.0856
epoch 106/200 loss 0.0954 train 0.9948 test 0.0848
epoch 107/200 loss 0.1133 train 0.9922 test 0.0842
epoch 108/200 loss 0.0977 train 0.9974 test 0.0850
epoch 109/200 loss 0.0957 train 1.0000 test 0.0866
epoch 110/200 loss 0.0784 train 1.0000 test 0.0871
epoch 111/200 loss 0.0745 train 1.0000 test 0.0865
epoch 112/200 loss 0.0677 train 1.0000 test 0.0877
epoch 113/200 loss 0.0601 train 0.9974 test 0.0908
epoch 114/200 loss 0.0663 train 1.0000 test 0.0868
epoch 115/200 loss 0.0809 train 0.9974 test 0.0872
epoch 116/200 loss 0.0507 train 1.0000 test 0.0877
epoch 117/200 loss 0.0708 train 1.0000 test 0.0892
epoch 118/200 loss 0.0505 train 1.0000 test 0.0879
epoch 119/200 loss 0.0501 train 1.0000 test 0.0894
epoch 120/200 loss 0.0618 train 0.9974 test 0.0897
epoch 121/200 loss 0.0447 train 1.0000 test 0.0901
epoch 122/200 loss 0.0427 train 1.0000 test 0.0881
epoch 123/200 loss 0.0484 train 0.9974 test 0.0878
epoch 124/200 loss 0.0600 train 1.0000 test 0.0871
epoch 125/200 loss 0.0381 train 1.0000 test 0.0848
epoch 126/200 loss 0.0393 train 1.0000 test 0.0880
epoch 127/200 loss 0.0337 train 1.0000 test 0.0881
epoch 128/200 loss 0.0432 train 1.0000 test 0.0881
epoch 129/200 loss 0.0354 train 1.0000 test 0.0896
epoch 130/200 loss 0.0354 train 1.0000 test 0.0887
epoch 131/200 loss 0.0318 train 1.0000 test 0.0878
epoch 132/200 loss 0.0359 train 1.0000 test 0.0892
epoch 133/200 loss 0.0328 train 1.0000 test 0.0895
epoch 134/200 loss 0.0357 train 1.0000 test 0.0897
epoch 135/200 loss 0.0319 train 1.0000 test 0.0884
epoch 136/200 loss 0.0371 train 1.0000 test 0.0886
epoch 137/200 loss 0.0269 train 1.0000 test 0.0884
epoch 138/200 loss 0.0379 train 1.0000 test 0.0883
epoch 139/200 loss 0.0379 train 0.9974 test 0.0888
epoch 140/200 loss 0.0352 train 1.0000 test 0.0886
epoch 141/200 loss 0.0282 train 1.0000 test 0.0884
epoch 142/200 loss 0.0348 train 1.0000 test 0.0901
epoch 143/200 loss 0.0338 train 1.0000 test 0.0901
epoch 144/200 loss 0.0322 train 1.0000 test 0.0899
epoch 145/200 loss 0.0393 train 1.0000 test 0.0906
epoch 146/200 loss 0.0260 train 1.0000 test 0.0904
epoch 147/200 loss 0.0243 train 1.0000 test 0.0900
epoch 148/200 loss 0.0279 train 1.0000 test 0.0906
epoch 149/200 loss 0.0265 train 1.0000 test 0.0901
epoch 150/200 loss 0.0263 train 1.0000 test 0.0906
epoch 151/200 loss 0.0286 train 1.0000 test 0.0905
epoch 152/200 loss 0.0365 train 1.0000 test 0.0897
epoch 153/200 loss 0.0257 train 1.0000 test 0.0892
epoch 154/200 loss 0.0245 train 1.0000 test 0.0891
epoch 155/200 loss 0.0262 train 1.0000 test 0.0889
epoch 156/200 loss 0.0260 train 1.0000 test 0.0896
epoch 157/200 loss 0.0230 train 1.0000 test 0.0898
epoch 158/200 loss 0.0252 train 1.0000 test 0.0895
epoch 159/200 loss 0.0277 train 1.0000 test 0.0894
epoch 160/200 loss 0.0235 train 1.0000 test 0.0888
epoch 161/200 loss 0.0215 train 1.0000 test 0.0893
epoch 162/200 loss 0.0219 train 1.0000 test 0.0899
epoch 163/200 loss 0.0253 train 1.0000 test 0.0890
epoch 164/200 loss 0.0237 train 1.0000 test 0.0889
epoch 165/200 loss 0.0240 train 1.0000 test 0.0883
epoch 166/200 loss 0.0279 train 1.0000 test 0.0887
epoch 167/200 loss 0.0274 train 1.0000 test 0.0890
epoch 168/200 loss 0.0243 train 1.0000 test 0.0884
epoch 169/200 loss 0.0238 train 1.0000 test 0.0884
epoch 170/200 loss 0.0260 train 1.0000 test 0.0885
epoch 171/200 loss 0.0219 train 1.0000 test 0.0879
epoch 172/200 loss 0.0238 train 1.0000 test 0.0876
epoch 173/200 loss 0.0257 train 1.0000 test 0.0886
epoch 174/200 loss 0.0248 train 1.0000 test 0.0884
epoch 175/200 loss 0.0280 train 1.0000 test 0.0886
epoch 176/200 loss 0.0266 train 1.0000 test 0.0882
epoch 177/200 loss 0.0214 train 1.0000 test 0.0889
epoch 178/200 loss 0.0257 train 1.0000 test 0.0888
epoch 179/200 loss 0.0223 train 1.0000 test 0.0890
epoch 180/200 loss 0.0273 train 1.0000 test 0.0885
epoch 181/200 loss 0.0251 train 1.0000 test 0.0889
epoch 182/200 loss 0.0210 train 1.0000 test 0.0886
epoch 183/200 loss 0.0261 train 1.0000 test 0.0883
epoch 184/200 loss 0.0239 train 1.0000 test 0.0891
epoch 185/200 loss 0.0279 train 1.0000 test 0.0882
epoch 186/200 loss 0.0362 train 1.0000 test 0.0889
epoch 187/200 loss 0.0252 train 1.0000 test 0.0883
epoch 188/200 loss 0.0258 train 1.0000 test 0.0886
epoch 189/200 loss 0.0291 train 1.0000 test 0.0888
epoch 190/200 loss 0.0220 train 1.0000 test 0.0885
epoch 191/200 loss 0.0224 train 1.0000 test 0.0888
epoch 192/200 loss 0.0216 train 1.0000 test 0.0892
epoch 193/200 loss 0.0235 train 1.0000 test 0.0892
epoch 194/200 loss 0.0267 train 1.0000 test 0.0892
epoch 195/200 loss 0.0227 train 1.0000 test 0.0899
epoch 196/200 loss 0.0287 train 1.0000 test 0.0892
epoch 197/200 loss 0.0301 train 1.0000 test 0.0898
epoch 198/200 loss 0.0238 train 1.0000 test 0.0898
epoch 199/200 loss 0.0252 train 1.0000 test 0.0891
epoch 200/200 loss 0.0244 train 1.0000 test 0.0887
done: final 0.0887 best 0.0908 -> ./runs/abl1_none/seed0
=== configs/ablations_full/abl1_gaboronly_calib.yaml seed 0 ===
stem calibrated on 1024 images
[abl1_gaboronly_calib seed0] {"params_trainable": 11225316, "params_stem_trainable": 0, "params_stem_fixed_filters": 1089, "flops_total": 563129344, "flops_stem": 1115136, "flops_image_size": 32}
epoch 1/200 loss 4.6433 train 0.0052 test 0.0134
epoch 2/200 loss 4.5979 train 0.0208 test 0.0171
epoch 3/200 loss 4.5675 train 0.0208 test 0.0222
epoch 4/200 loss 4.4944 train 0.0208 test 0.0289
epoch 5/200 loss 4.4208 train 0.0312 test 0.0285
epoch 6/200 loss 4.3083 train 0.0625 test 0.0349
epoch 7/200 loss 4.2416 train 0.0547 test 0.0358
epoch 8/200 loss 4.1675 train 0.0521 test 0.0362
epoch 9/200 loss 4.0481 train 0.0781 test 0.0362
epoch 10/200 loss 3.9496 train 0.0729 test 0.0380
epoch 11/200 loss 3.8831 train 0.0781 test 0.0376
epoch 12/200 loss 3.8583 train 0.0833 test 0.0428
epoch 13/200 loss 3.7625 train 0.1094 test 0.0458
epoch 14/200 loss 3.6915 train 0.1250 test 0.0481
epoch 15/200 loss 3.6444 train 0.1198 test 0.0505
epoch 16/200 loss 3.6228 train 0.1380 test 0.0525
epoch 17/200 loss 3.5156 train 0.1328 test 0.0553
epoch 18/200 loss 3.3787 train 0.1641 test 0.0584
epoch 19/200 loss 3.3990 train 0.1380 test 0.0604
epoch 20/200 loss 3.3314 train 0.1901 test 0.0603
epoch 21/200 loss 3.2635 train 0.2057 test 0.0585
epoch 22/200 loss 3.2198 train 0.1901 test 0.0573
epoch 23/200 loss 3.2047 train 0.2057 test 0.0599
epoch 24/200 loss 3.1365 train 0.2161 test 0.0669
epoch 25/200 loss 3.0711 train 0.2161 test 0.0636
epoch 26/200 loss 3.0106 train 0.2500 test 0.0692
epoch 27/200 loss 2.9243 train 0.2448 test 0.0723
epoch 28/200 loss 2.9848 train 0.2057 test 0.0645
epoch 29/200 loss 2.8800 train 0.2370 test 0.0646
epoch 30/200 loss 2.7884 train 0.2630 test 0.0638
epoch 31/200 loss 2.8051 train 0.2891 test 0.0673
epoch 32/200 loss 2.8161 train 0.2604 test 0.0615
epoch 33/200 loss 2.6642 train 0.3255 test 0.0673
epoch 34/200 loss 2.6213 train 0.3229 test 0.0782
epoch 35/200 loss 2.6098 train 0.3151 test 0.0675
epoch 36/200 loss 2.5721 train 0.3177 test 0.0724
epoch 37/200 loss 2.4579 train 0.3490 test 0.0770
epoch 38/200 loss 2.5007 train 0.3307 test 0.0713
epoch 39/200 loss 2.4363 train 0.3438 test 0.0744
epoch 40/200 loss 2.3025 train 0.4062 test 0.0766
epoch 41/200 loss 2.3117 train 0.4271 test 0.0760
epoch 42/200 loss 2.3187 train 0.3958 test 0.0694
epoch 43/200 loss 2.2036 train 0.4427 test 0.0733
epoch 44/200 loss 2.2166 train 0.4062 test 0.0754
epoch 45/200 loss 2.1652 train 0.4375 test 0.0807
epoch 46/200 loss 2.0529 train 0.4714 test 0.0792
epoch 47/200 loss 2.0452 train 0.4766 test 0.0784
epoch 48/200 loss 2.0567 train 0.4271 test 0.0827
epoch 49/200 loss 1.9843 train 0.4792 test 0.0820
epoch 50/200 loss 1.8680 train 0.5078 test 0.0760
epoch 51/200 loss 1.8549 train 0.5130 test 0.0747
epoch 52/200 loss 1.7814 train 0.5260 test 0.0777
epoch 53/200 loss 1.7129 train 0.5391 test 0.0831
epoch 54/200 loss 1.7539 train 0.5286 test 0.0780
epoch 55/200 loss 1.7038 train 0.5651 test 0.0803
epoch 56/200 loss 1.6321 train 0.5651 test 0.0775
epoch 57/200 loss 1.6028 train 0.5781 test 0.0741
epoch 58/200 loss 1.6129 train 0.5833 test 0.0717
epoch 59/200 loss 1.4882 train 0.5807 test 0.0847
epoch 60/200 loss 1.4735 train 0.6406 test 0.0767
epoch 61/200 loss 1.3694 train 0.6562 test 0.0752
epoch 62/200 loss 1.2757 train 0.7031 test 0.0750
epoch 63/200 loss 1.2976 train 0.6745 test 0.0837
epoch 64/200 loss 1.2165 train 0.7109 test 0.0826
epoch 65/200 loss 1.2567 train 0.6536 test 0.0823
epoch 66/200 loss 1.2211 train 0.6693 test 0.0851
epoch 67/200 loss 1.1435 train 0.7266 test 0.0854
epoch 68/200 loss 1.0665 train 0.7474 test 0.0748
epoch 69/200 loss 1.0867 train 0.7188 test 0.0855
epoch 70/200 loss 0.9814 train 0.7760 test 0.0864
epoch 71/200 loss 0.9509 train 0.7734 test 0.0821
epoch 72/200 loss 0.8770 train 0.7969 test 0.0865
epoch 73/200 loss 0.8612 train 0.8125 test 0.0923
epoch 74/200 loss 0.8247 train 0.8151 test 0.0848
epoch 75/200 loss 0.8706 train 0.7786 test 0.0819
epoch 76/200 loss 0.8040 train 0.8177 test 0.0829
epoch 77/200 loss 0.7973 train 0.8099 test 0.0868
epoch 78/200 loss 0.7655 train 0.8203 test 0.0821
epoch 79/200 loss 0.7078 train 0.8307 test 0.0774
epoch 80/200 loss 0.6749 train 0.8698 test 0.0902
epoch 81/200 loss 0.5997 train 0.8932 test 0.0868
epoch 82/200 loss 0.5905 train 0.8750 test 0.0838
epoch 83/200 loss 0.5133 train 0.9141 test 0.0878
epoch 84/200 loss 0.5308 train 0.9010 test 0.0925
epoch 85/200 loss 0.4700 train 0.9193 test 0.0890
epoch 86/200 loss 0.4165 train 0.9557 test 0.0832
epoch 87/200 loss 0.3807 train 0.9531 test 0.0903
epoch 88/200 loss 0.3833 train 0.9531 test 0.0977
epoch 89/200 loss 0.3708 train 0.9479 test 0.0918
epoch 90/200 loss 0.3742 train 0.9349 test 0.0877
epoch 91/200 loss 0.3129 train 0.9557 test 0.0951
epoch 92/200 loss 0.3451 train 0.9427 test 0.0951
epoch 93/200 loss 0.3090 train 0.9635 test 0.0925
epoch 94/200 loss 0.3129 train 0.9583 test 0.0956
epoch 95/200 loss 0.2590 train 0.9661 test 0.0959
epoch 96/200 loss 0.2510 train 0.9688 test 0.0900
epoch 97/200 loss 0.2350 train 0.9792 test 0.0934
epoch 98/200 loss 0.2204 train 0.9766 test 0.0901
epoch 99/200 loss 0.1924 train 0.9844 test 0.0940
epoch 100/200 loss 0.1889 train 0.9818 test 0.0946
epoch 101/200 loss 0.1742 train 0.9922 test 0.0965
epoch 102/200 loss 0.1518 train 0.9974 test 0.0959
epoch 103/200 loss 0.1381 train 0.9922 test 0.0981
epoch 104/200 loss 0.1228 train 1.0000 test 0.0985
epoch 105/200 loss 0.1284 train 1.0000 test 0.0966
epoch 106/200 loss 0.1101 train 0.9948 test 0.0937
epoch 107/200 loss 0.1221 train 0.9896 test 0.0982
epoch 108/200 loss 0.0996 train 1.0000 test 0.0993
epoch 109/200 loss 0.1044 train 0.9974 test 0.1011
epoch 110/200 loss 0.0845 train 0.9974 test 0.0989
epoch 111/200 loss 0.0794 train 0.9974 test 0.0988
epoch 112/200 loss 0.0769 train 0.9974 test 0.0983
epoch 113/200 loss 0.0622 train 1.0000 test 0.0989
epoch 114/200 loss 0.0653 train 1.0000 test 0.1012
epoch 115/200 loss 0.0749 train 1.0000 test 0.1009
epoch 116/200 loss 0.0613 train 1.0000 test 0.1001
epoch 117/200 loss 0.0742 train 1.0000 test 0.0997
epoch 118/200 loss 0.0599 train 1.0000 test 0.0984
epoch 119/200 loss 0.0567 train 1.0000 test 0.0989
epoch 120/200 loss 0.0671 train 1.0000 test 0.1011
epoch 121/200 loss 0.0486 train 1.0000 test 0.1019
epoch 122/200 loss 0.0451 train 1.0000 test 0.1001
epoch 123/200 loss 0.0506 train 0.9974 test 0.0973
epoch 124/200 loss 0.0601 train 1.0000 test 0.0981
epoch 125/200 loss 0.0428 train 1.0000 test 0.0986
epoch 126/200 loss 0.0414 train 1.0000 test 0.0997
epoch 127/200 loss 0.0426 train 1.0000 test 0.1001
epoch 128/200 loss 0.0460 train 1.0000 test 0.1006
epoch 129/200 loss 0.0421 train 1.0000 test 0.1014
epoch 130/200 loss 0.0418 train 1.0000 test 0.1025
epoch 131/200 loss 0.0349 train 1.0000 test 0.0997
epoch 132/200 loss 0.0410 train 1.0000 test 0.1004
epoch 133/200 loss 0.0341 train 1.0000 test 0.1013
epoch 134/200 loss 0.0371 train 1.0000 test 0.1009
epoch 135/200 loss 0.0363 train 1.0000 test 0.1003
epoch 136/200 loss 0.0354 train 1.0000 test 0.1016
epoch 137/200 loss 0.0311 train 1.0000 test 0.1005
epoch 138/200 loss 0.0367 train 1.0000 test 0.1000
epoch 139/200 loss 0.0402 train 1.0000 test 0.0994
epoch 140/200 loss 0.0391 train 1.0000 test 0.1012
epoch 141/200 loss 0.0340 train 1.0000 test 0.1009
epoch 142/200 loss 0.0366 train 1.0000 test 0.1015
epoch 143/200 loss 0.0366 train 1.0000 test 0.1018
epoch 144/200 loss 0.0334 train 1.0000 test 0.1022
epoch 145/200 loss 0.0388 train 1.0000 test 0.1023
epoch 146/200 loss 0.0291 train 1.0000 test 0.1009
epoch 147/200 loss 0.0277 train 1.0000 test 0.1015
epoch 148/200 loss 0.0318 train 1.0000 test 0.1008
epoch 149/200 loss 0.0291 train 1.0000 test 0.1004
epoch 150/200 loss 0.0265 train 1.0000 test 0.1000
epoch 151/200 loss 0.0331 train 0.9974 test 0.1011
epoch 152/200 loss 0.0347 train 1.0000 test 0.1008
epoch 153/200 loss 0.0303 train 1.0000 test 0.1019
epoch 154/200 loss 0.0272 train 1.0000 test 0.1024
epoch 155/200 loss 0.0275 train 1.0000 test 0.1013
epoch 156/200 loss 0.0263 train 1.0000 test 0.1021
epoch 157/200 loss 0.0263 train 1.0000 test 0.1020
epoch 158/200 loss 0.0262 train 1.0000 test 0.1013
epoch 159/200 loss 0.0289 train 1.0000 test 0.1016
epoch 160/200 loss 0.0282 train 1.0000 test 0.1020
epoch 161/200 loss 0.0243 train 1.0000 test 0.1025
epoch 162/200 loss 0.0250 train 1.0000 test 0.1019
epoch 163/200 loss 0.0260 train 1.0000 test 0.1020
epoch 164/200 loss 0.0277 train 1.0000 test 0.1018
epoch 165/200 loss 0.0280 train 1.0000 test 0.1018
epoch 166/200 loss 0.0284 train 1.0000 test 0.1018
epoch 167/200 loss 0.0276 train 1.0000 test 0.1033
epoch 168/200 loss 0.0273 train 1.0000 test 0.1027
epoch 169/200 loss 0.0259 train 1.0000 test 0.1018
epoch 170/200 loss 0.0282 train 1.0000 test 0.1023
epoch 171/200 loss 0.0237 train 1.0000 test 0.1027
epoch 172/200 loss 0.0251 train 1.0000 test 0.1013
epoch 173/200 loss 0.0287 train 1.0000 test 0.1016
epoch 174/200 loss 0.0263 train 1.0000 test 0.1018
epoch 175/200 loss 0.0286 train 1.0000 test 0.1005
epoch 176/200 loss 0.0278 train 1.0000 test 0.1021
epoch 177/200 loss 0.0244 train 1.0000 test 0.1017
epoch 178/200 loss 0.0278 train 1.0000 test 0.1015
epoch 179/200 loss 0.0260 train 1.0000 test 0.1014
epoch 180/200 loss 0.0295 train 1.0000 test 0.1013
epoch 181/200 loss 0.0285 train 1.0000 test 0.1021
epoch 182/200 loss 0.0249 train 1.0000 test 0.1013
epoch 183/200 loss 0.0279 train 1.0000 test 0.1013
epoch 184/200 loss 0.0255 train 1.0000 test 0.1019
epoch 185/200 loss 0.0280 train 1.0000 test 0.1020
epoch 186/200 loss 0.0361 train 1.0000 test 0.1022
epoch 187/200 loss 0.0266 train 1.0000 test 0.1017
epoch 188/200 loss 0.0280 train 1.0000 test 0.1013
epoch 189/200 loss 0.0318 train 1.0000 test 0.1020
epoch 190/200 loss 0.0257 train 1.0000 test 0.1014
epoch 191/200 loss 0.0240 train 1.0000 test 0.1017
epoch 192/200 loss 0.0238 train 1.0000 test 0.1019
epoch 193/200 loss 0.0243 train 1.0000 test 0.1026
epoch 194/200 loss 0.0256 train 1.0000 test 0.1017
epoch 195/200 loss 0.0240 train 1.0000 test 0.1018
epoch 196/200 loss 0.0296 train 1.0000 test 0.1021
epoch 197/200 loss 0.0299 train 1.0000 test 0.1025
epoch 198/200 loss 0.0261 train 1.0000 test 0.1014
epoch 199/200 loss 0.0252 train 1.0000 test 0.1019
epoch 200/200 loss 0.0257 train 1.0000 test 0.1025
done: final 0.1025 best 0.1033 -> ./runs/abl1_gaboronly_calib/seed0
=== configs/ablations_full/abl1_cat_calib.yaml seed 0 ===
stem calibrated on 1024 images
[abl1_cat_calib seed0] {"params_trainable": 11233956, "params_stem_trainable": 0, "params_stem_fixed_filters": 6534, "flops_total": 577552384, "flops_stem": 6690816, "flops_image_size": 32}
epoch 1/200 loss 4.6581 train 0.0026 test 0.0098
epoch 2/200 loss 4.6054 train 0.0130 test 0.0144
epoch 3/200 loss 4.5792 train 0.0156 test 0.0146
epoch 4/200 loss 4.5159 train 0.0104 test 0.0183
epoch 5/200 loss 4.4525 train 0.0417 test 0.0221
epoch 6/200 loss 4.3970 train 0.0495 test 0.0205
epoch 7/200 loss 4.3404 train 0.0521 test 0.0274
epoch 8/200 loss 4.2906 train 0.0703 test 0.0265
epoch 9/200 loss 4.1732 train 0.0547 test 0.0323
epoch 10/200 loss 4.0723 train 0.0755 test 0.0282
epoch 11/200 loss 4.0367 train 0.0625 test 0.0277
epoch 12/200 loss 3.9591 train 0.0677 test 0.0319
epoch 13/200 loss 3.8748 train 0.0833 test 0.0392
epoch 14/200 loss 3.8137 train 0.0990 test 0.0378
epoch 15/200 loss 3.7867 train 0.0781 test 0.0410
epoch 16/200 loss 3.7323 train 0.1172 test 0.0401
epoch 17/200 loss 3.6840 train 0.1068 test 0.0437
epoch 18/200 loss 3.5513 train 0.1484 test 0.0484
epoch 19/200 loss 3.5777 train 0.1120 test 0.0458
epoch 20/200 loss 3.5208 train 0.1302 test 0.0474
epoch 21/200 loss 3.4811 train 0.1328 test 0.0463
epoch 22/200 loss 3.3917 train 0.1536 test 0.0472
epoch 23/200 loss 3.3928 train 0.1589 test 0.0497
epoch 24/200 loss 3.3046 train 0.1823 test 0.0569
epoch 25/200 loss 3.2785 train 0.1667 test 0.0622
epoch 26/200 loss 3.2152 train 0.1901 test 0.0661
epoch 27/200 loss 3.1288 train 0.2161 test 0.0604
epoch 28/200 loss 3.1693 train 0.1849 test 0.0532
epoch 29/200 loss 3.0335 train 0.2109 test 0.0579
epoch 30/200 loss 2.9769 train 0.2292 test 0.0574
epoch 31/200 loss 2.9527 train 0.2500 test 0.0603
epoch 32/200 loss 2.9744 train 0.2135 test 0.0626
epoch 33/200 loss 2.8180 train 0.2786 test 0.0641
epoch 34/200 loss 2.7984 train 0.2760 test 0.0729
epoch 35/200 loss 2.7872 train 0.2786 test 0.0698
epoch 36/200 loss 2.7454 train 0.2786 test 0.0673
epoch 37/200 loss 2.6484 train 0.3073 test 0.0711
epoch 38/200 loss 2.6391 train 0.2969 test 0.0663
epoch 39/200 loss 2.5905 train 0.3177 test 0.0698
epoch 40/200 loss 2.4551 train 0.3594 test 0.0799
epoch 41/200 loss 2.4835 train 0.3542 test 0.0775
epoch 42/200 loss 2.4366 train 0.3568 test 0.0746
epoch 43/200 loss 2.3684 train 0.3646 test 0.0723
epoch 44/200 loss 2.3591 train 0.3724 test 0.0732
epoch 45/200 loss 2.3764 train 0.3698 test 0.0776
epoch 46/200 loss 2.1770 train 0.4297 test 0.0802
epoch 47/200 loss 2.1910 train 0.4036 test 0.0794
epoch 48/200 loss 2.2028 train 0.4219 test 0.0807
epoch 49/200 loss 2.1378 train 0.4141 test 0.0748
epoch 50/200 loss 2.0351 train 0.4583 test 0.0727
epoch 51/200 loss 2.0350 train 0.4635 test 0.0748
epoch 52/200 loss 1.9475 train 0.4766 test 0.0745
epoch 53/200 loss 1.8883 train 0.5000 test 0.0800
epoch 54/200 loss 1.9312 train 0.4896 test 0.0813
epoch 55/200 loss 1.8395 train 0.5104 test 0.0806
epoch 56/200 loss 1.8580 train 0.5078 test 0.0719
epoch 57/200 loss 1.7574 train 0.5052 test 0.0757
epoch 58/200 loss 1.7541 train 0.5234 test 0.0790
epoch 59/200 loss 1.6287 train 0.5755 test 0.0845
epoch 60/200 loss 1.6053 train 0.5703 test 0.0827
epoch 61/200 loss 1.5196 train 0.6016 test 0.0782
epoch 62/200 loss 1.4715 train 0.6276 test 0.0779
epoch 63/200 loss 1.4708 train 0.6068 test 0.0813
epoch 64/200 loss 1.3742 train 0.6458 test 0.0833
epoch 65/200 loss 1.3787 train 0.6380 test 0.0877
epoch 66/200 loss 1.3035 train 0.6745 test 0.0828
epoch 67/200 loss 1.2513 train 0.7031 test 0.0787
epoch 68/200 loss 1.1794 train 0.7214 test 0.0794
epoch 69/200 loss 1.1540 train 0.7266 test 0.0837
epoch 70/200 loss 1.1511 train 0.7188 test 0.0816
epoch 71/200 loss 1.0474 train 0.7604 test 0.0789
epoch 72/200 loss 1.0371 train 0.7552 test 0.0844
epoch 73/200 loss 0.9875 train 0.8047 test 0.0842
epoch 74/200 loss 0.9039 train 0.8177 test 0.0824
epoch 75/200 loss 0.9207 train 0.7969 test 0.0834
epoch 76/200 loss 0.9549 train 0.7656 test 0.0922
epoch 77/200 loss 0.8700 train 0.7786 test 0.0909
epoch 78/200 loss 0.8166 train 0.8099 test 0.0786
epoch 79/200 loss 0.7435 train 0.8516 test 0.0792
epoch 80/200 loss 0.6846 train 0.8620 test 0.0839
epoch 81/200 loss 0.6773 train 0.8542 test 0.0861
epoch 82/200 loss 0.6128 train 0.8698 test 0.0833
epoch 83/200 loss 0.5653 train 0.9036 test 0.0854
epoch 84/200 loss 0.5378 train 0.9193 test 0.0785
epoch 85/200 loss 0.5041 train 0.8932 test 0.0865
epoch 86/200 loss 0.4709 train 0.9349 test 0.0904
epoch 87/200 loss 0.4079 train 0.9401 test 0.0887
epoch 88/200 loss 0.4096 train 0.9375 test 0.0909
epoch 89/200 loss 0.4475 train 0.9219 test 0.0893
epoch 90/200 loss 0.3927 train 0.9297 test 0.0871
epoch 91/200 loss 0.3945 train 0.9401 test 0.0871
epoch 92/200 loss 0.3821 train 0.9271 test 0.0859
epoch 93/200 loss 0.3895 train 0.9453 test 0.0880
epoch 94/200 loss 0.3792 train 0.9375 test 0.0933
epoch 95/200 loss 0.3052 train 0.9505 test 0.0916
epoch 96/200 loss 0.3272 train 0.9531 test 0.0939
epoch 97/200 loss 0.2957 train 0.9635 test 0.0889
epoch 98/200 loss 0.2367 train 0.9740 test 0.0862
epoch 99/200 loss 0.2507 train 0.9635 test 0.0878
epoch 100/200 loss 0.2009 train 0.9896 test 0.0918
epoch 101/200 loss 0.2125 train 0.9792 test 0.0946
epoch 102/200 loss 0.1804 train 0.9844 test 0.0936
epoch 103/200 loss 0.1918 train 0.9844 test 0.0929
epoch 104/200 loss 0.1585 train 0.9948 test 0.0965
epoch 105/200 loss 0.1633 train 0.9792 test 0.0936
epoch 106/200 loss 0.1341 train 1.0000 test 0.0903
epoch 107/200 loss 0.1400 train 0.9922 test 0.0914
epoch 108/200 loss 0.1391 train 0.9974 test 0.0924
epoch 109/200 loss 0.1102 train 1.0000 test 0.0910
epoch 110/200 loss 0.1135 train 0.9948 test 0.0941
epoch 111/200 loss 0.0978 train 0.9974 test 0.0917
epoch 112/200 loss 0.0917 train 0.9948 test 0.0938
epoch 113/200 loss 0.0768 train 1.0000 test 0.0989
epoch 114/200 loss 0.0832 train 0.9948 test 0.1034
epoch 115/200 loss 0.0769 train 1.0000 test 0.1029
epoch 116/200 loss 0.0700 train 1.0000 test 0.0996
epoch 117/200 loss 0.0940 train 0.9948 test 0.0969
epoch 118/200 loss 0.0725 train 1.0000 test 0.0937
epoch 119/200 loss 0.0673 train 1.0000 test 0.0946
epoch 120/200 loss 0.0810 train 1.0000 test 0.0987
epoch 121/200 loss 0.0593 train 1.0000 test 0.0996
epoch 122/200 loss 0.0584 train 1.0000 test 0.0990
epoch 123/200 loss 0.0593 train 1.0000 test 0.0982
epoch 124/200 loss 0.0651 train 1.0000 test 0.0965
epoch 125/200 loss 0.0501 train 1.0000 test 0.0940
epoch 126/200 loss 0.0505 train 1.0000 test 0.0961
epoch 127/200 loss 0.0455 train 1.0000 test 0.0966
epoch 128/200 loss 0.0487 train 1.0000 test 0.0984
epoch 129/200 loss 0.0473 train 1.0000 test 0.0977
epoch 130/200 loss 0.0455 train 1.0000 test 0.0990
epoch 131/200 loss 0.0394 train 1.0000 test 0.1004
epoch 132/200 loss 0.0427 train 1.0000 test 0.1000
epoch 133/200 loss 0.0387 train 1.0000 test 0.0999
epoch 134/200 loss 0.0411 train 1.0000 test 0.1004
epoch 135/200 loss 0.0413 train 1.0000 test 0.1018
epoch 136/200 loss 0.0397 train 1.0000 test 0.1003
epoch 137/200 loss 0.0342 train 1.0000 test 0.0987
epoch 138/200 loss 0.0432 train 1.0000 test 0.0976
epoch 139/200 loss 0.0418 train 1.0000 test 0.0978
epoch 140/200 loss 0.0411 train 1.0000 test 0.0997
epoch 141/200 loss 0.0345 train 1.0000 test 0.0990
epoch 142/200 loss 0.0404 train 1.0000 test 0.0997
epoch 143/200 loss 0.0395 train 1.0000 test 0.0998
epoch 144/200 loss 0.0362 train 1.0000 test 0.1001
epoch 145/200 loss 0.0411 train 0.9974 test 0.1015
epoch 146/200 loss 0.0310 train 1.0000 test 0.1021
epoch 147/200 loss 0.0327 train 1.0000 test 0.1016
epoch 148/200 loss 0.0317 train 1.0000 test 0.1002
epoch 149/200 loss 0.0304 train 1.0000 test 0.1003
epoch 150/200 loss 0.0313 train 1.0000 test 0.0998
epoch 151/200 loss 0.0311 train 1.0000 test 0.1005
epoch 152/200 loss 0.0360 train 1.0000 test 0.1002
epoch 153/200 loss 0.0314 train 1.0000 test 0.1000
epoch 154/200 loss 0.0285 train 1.0000 test 0.0998
epoch 155/200 loss 0.0281 train 1.0000 test 0.0998
epoch 156/200 loss 0.0292 train 1.0000 test 0.1004
epoch 157/200 loss 0.0279 train 1.0000 test 0.1006
epoch 158/200 loss 0.0270 train 1.0000 test 0.1006
epoch 159/200 loss 0.0315 train 1.0000 test 0.1007
epoch 160/200 loss 0.0303 train 1.0000 test 0.1004
epoch 161/200 loss 0.0273 train 1.0000 test 0.1005
epoch 162/200 loss 0.0285 train 1.0000 test 0.1006
epoch 163/200 loss 0.0266 train 1.0000 test 0.1004
epoch 164/200 loss 0.0312 train 1.0000 test 0.1003
epoch 165/200 loss 0.0291 train 1.0000 test 0.1005
epoch 166/200 loss 0.0329 train 1.0000 test 0.1009
epoch 167/200 loss 0.0283 train 1.0000 test 0.1014
epoch 168/200 loss 0.0283 train 1.0000 test 0.1014
epoch 169/200 loss 0.0285 train 1.0000 test 0.1009
epoch 170/200 loss 0.0290 train 1.0000 test 0.1006
epoch 171/200 loss 0.0255 train 1.0000 test 0.1008
epoch 172/200 loss 0.0271 train 1.0000 test 0.1000
epoch 173/200 loss 0.0300 train 1.0000 test 0.1000
epoch 174/200 loss 0.0270 train 1.0000 test 0.1003
epoch 175/200 loss 0.0309 train 1.0000 test 0.1003
epoch 176/200 loss 0.0306 train 1.0000 test 0.1005
epoch 177/200 loss 0.0279 train 1.0000 test 0.0998
epoch 178/200 loss 0.0284 train 1.0000 test 0.0998
epoch 179/200 loss 0.0276 train 1.0000 test 0.0996
epoch 180/200 loss 0.0323 train 1.0000 test 0.0991
epoch 181/200 loss 0.0313 train 1.0000 test 0.0997
epoch 182/200 loss 0.0264 train 1.0000 test 0.1000
epoch 183/200 loss 0.0300 train 1.0000 test 0.1000
epoch 184/200 loss 0.0273 train 1.0000 test 0.0991
epoch 185/200 loss 0.0320 train 1.0000 test 0.0994
epoch 186/200 loss 0.0370 train 1.0000 test 0.0993
epoch 187/200 loss 0.0292 train 1.0000 test 0.0991
epoch 188/200 loss 0.0317 train 1.0000 test 0.0993
epoch 189/200 loss 0.0344 train 1.0000 test 0.0990
epoch 190/200 loss 0.0263 train 1.0000 test 0.0987
epoch 191/200 loss 0.0271 train 1.0000 test 0.0990
epoch 192/200 loss 0.0263 train 1.0000 test 0.0991
epoch 193/200 loss 0.0235 train 1.0000 test 0.1001
epoch 194/200 loss 0.0265 train 1.0000 test 0.0995
epoch 195/200 loss 0.0273 train 1.0000 test 0.0998
epoch 196/200 loss 0.0292 train 1.0000 test 0.0990
epoch 197/200 loss 0.0322 train 1.0000 test 0.0995
epoch 198/200 loss 0.0274 train 1.0000 test 0.0998
epoch 199/200 loss 0.0290 train 1.0000 test 0.1005
epoch 200/200 loss 0.0275 train 1.0000 test 0.1004
done: final 0.1004 best 0.1034 -> ./runs/abl1_cat_calib/seed0
=== configs/ablations_full/abl10_gaboronly_calib.yaml seed 0 ===
stem calibrated on 1024 images
[abl10_gaboronly_calib seed0] {"params_trainable": 11225316, "params_stem_trainable": 0, "params_stem_fixed_filters": 1089, "flops_total": 563129344, "flops_stem": 1115136, "flops_image_size": 32}
epoch 1/200 loss 4.5455 train 0.0270 test 0.0405
epoch 2/200 loss 4.1926 train 0.0609 test 0.0809
epoch 3/200 loss 3.9989 train 0.0861 test 0.0914
epoch 4/200 loss 3.8409 train 0.1062 test 0.1017
epoch 5/200 loss 3.7286 train 0.1226 test 0.1182
epoch 6/200 loss 3.6330 train 0.1398 test 0.1265
epoch 7/200 loss 3.5474 train 0.1504 test 0.1317
epoch 8/200 loss 3.4207 train 0.1771 test 0.1339
epoch 9/200 loss 3.3400 train 0.1849 test 0.1573
epoch 10/200 loss 3.2291 train 0.2041 test 0.1624
epoch 11/200 loss 3.1391 train 0.2167 test 0.1776
epoch 12/200 loss 3.0659 train 0.2338 test 0.1743
epoch 13/200 loss 2.9910 train 0.2524 test 0.1825
epoch 14/200 loss 2.9395 train 0.2582 test 0.1883
epoch 15/200 loss 2.8195 train 0.2784 test 0.1974
epoch 16/200 loss 2.7548 train 0.2871 test 0.2166
epoch 17/200 loss 2.6662 train 0.3071 test 0.2095
epoch 18/200 loss 2.6041 train 0.3215 test 0.2068
epoch 19/200 loss 2.4993 train 0.3438 test 0.2169
epoch 20/200 loss 2.4615 train 0.3482 test 0.2336
epoch 21/200 loss 2.3635 train 0.3662 test 0.2391
epoch 22/200 loss 2.2668 train 0.3972 test 0.2507
epoch 23/200 loss 2.2443 train 0.3862 test 0.2476
epoch 24/200 loss 2.1340 train 0.4203 test 0.2483
epoch 25/200 loss 2.1005 train 0.4255 test 0.2446
epoch 26/200 loss 1.9498 train 0.4593 test 0.2607
epoch 27/200 loss 1.8827 train 0.4760 test 0.2580
epoch 28/200 loss 1.8385 train 0.4776 test 0.2639
epoch 29/200 loss 1.7585 train 0.5142 test 0.2572
epoch 30/200 loss 1.7088 train 0.5166 test 0.2757
epoch 31/200 loss 1.5776 train 0.5451 test 0.2626
epoch 32/200 loss 1.5113 train 0.5627 test 0.2725
epoch 33/200 loss 1.4299 train 0.5835 test 0.2620
epoch 34/200 loss 1.3610 train 0.6002 test 0.2620
epoch 35/200 loss 1.2871 train 0.6190 test 0.2818
epoch 36/200 loss 1.1931 train 0.6444 test 0.2852
epoch 37/200 loss 1.0904 train 0.6773 test 0.2665
epoch 38/200 loss 1.0543 train 0.6791 test 0.2616
epoch 39/200 loss 0.9584 train 0.7051 test 0.2678
epoch 40/200 loss 0.9074 train 0.7212 test 0.2845
epoch 41/200 loss 0.8364 train 0.7456 test 0.2890
epoch 42/200 loss 0.7681 train 0.7660 test 0.2872
epoch 43/200 loss 0.6810 train 0.7937 test 0.2939
epoch 44/200 loss 0.6334 train 0.8133 test 0.2930
epoch 45/200 loss 0.5969 train 0.8235 test 0.2944
epoch 46/200 loss 0.5257 train 0.8383 test 0.2923
epoch 47/200 loss 0.5204 train 0.8452 test 0.2773
epoch 48/200 loss 0.4695 train 0.8556 test 0.2808
epoch 49/200 loss 0.4920 train 0.8476 test 0.2933
epoch 50/200 loss 0.4683 train 0.8550 test 0.2727
epoch 51/200 loss 0.3783 train 0.8874 test 0.3005
epoch 52/200 loss 0.3446 train 0.8990 test 0.2998
epoch 53/200 loss 0.3126 train 0.9071 test 0.3028
epoch 54/200 loss 0.2845 train 0.9151 test 0.3282
epoch 55/200 loss 0.2889 train 0.9163 test 0.2887
epoch 56/200 loss 0.2462 train 0.9273 test 0.3045
epoch 57/200 loss 0.2171 train 0.9375 test 0.3100
epoch 58/200 loss 0.2317 train 0.9357 test 0.3044
epoch 59/200 loss 0.2341 train 0.9299 test 0.2989
epoch 60/200 loss 0.2254 train 0.9337 test 0.3059
epoch 61/200 loss 0.1735 train 0.9527 test 0.2989
epoch 62/200 loss 0.1501 train 0.9605 test 0.3204
epoch 63/200 loss 0.1364 train 0.9639 test 0.3115
epoch 64/200 loss 0.1228 train 0.9706 test 0.3326
epoch 65/200 loss 0.1052 train 0.9744 test 0.3307
epoch 66/200 loss 0.0859 train 0.9804 test 0.3259
epoch 67/200 loss 0.0988 train 0.9778 test 0.3210
epoch 68/200 loss 0.0967 train 0.9778 test 0.3343
epoch 69/200 loss 0.1147 train 0.9681 test 0.3165
epoch 70/200 loss 0.1128 train 0.9696 test 0.3262
epoch 71/200 loss 0.1188 train 0.9694 test 0.3101
epoch 72/200 loss 0.1347 train 0.9647 test 0.3222
epoch 73/200 loss 0.1321 train 0.9667 test 0.3239
epoch 74/200 loss 0.1328 train 0.9704 test 0.3157
epoch 75/200 loss 0.1119 train 0.9716 test 0.3187
epoch 76/200 loss 0.0968 train 0.9752 test 0.3234
epoch 77/200 loss 0.0890 train 0.9812 test 0.3339
epoch 78/200 loss 0.0771 train 0.9812 test 0.3208
epoch 79/200 loss 0.0859 train 0.9814 test 0.3337
epoch 80/200 loss 0.0852 train 0.9808 test 0.3214
epoch 81/200 loss 0.0779 train 0.9838 test 0.3216
epoch 82/200 loss 0.0373 train 0.9948 test 0.3460
epoch 83/200 loss 0.0220 train 0.9978 test 0.3604
epoch 84/200 loss 0.0172 train 0.9974 test 0.3597
epoch 85/200 loss 0.0215 train 0.9972 test 0.3583
epoch 86/200 loss 0.0195 train 0.9978 test 0.3697
epoch 87/200 loss 0.0135 train 0.9984 test 0.3711
epoch 88/200 loss 0.0102 train 0.9992 test 0.3751
epoch 89/200 loss 0.0087 train 0.9996 test 0.3782
epoch 90/200 loss 0.0077 train 0.9994 test 0.3836
epoch 91/200 loss 0.0062 train 0.9996 test 0.3828
epoch 92/200 loss 0.0058 train 0.9998 test 0.3829
epoch 93/200 loss 0.0056 train 0.9998 test 0.3841
epoch 94/200 loss 0.0054 train 1.0000 test 0.3869
epoch 95/200 loss 0.0062 train 0.9996 test 0.3850
epoch 96/200 loss 0.0056 train 0.9998 test 0.3877
epoch 97/200 loss 0.0056 train 0.9998 test 0.3847
epoch 98/200 loss 0.0061 train 0.9996 test 0.3888
epoch 99/200 loss 0.0062 train 0.9998 test 0.3883
epoch 100/200 loss 0.0061 train 0.9996 test 0.3879
epoch 101/200 loss 0.0061 train 0.9998 test 0.3873
epoch 102/200 loss 0.0060 train 0.9996 test 0.3856
epoch 103/200 loss 0.0065 train 0.9996 test 0.3904
epoch 104/200 loss 0.0066 train 0.9996 test 0.3899
epoch 105/200 loss 0.0067 train 0.9996 test 0.3887
epoch 106/200 loss 0.0066 train 0.9998 test 0.3920
epoch 107/200 loss 0.0069 train 0.9998 test 0.3895
epoch 108/200 loss 0.0067 train 1.0000 test 0.3909
epoch 109/200 loss 0.0072 train 0.9996 test 0.3928
epoch 110/200 loss 0.0068 train 0.9998 test 0.3937
epoch 111/200 loss 0.0072 train 0.9998 test 0.3909
epoch 112/200 loss 0.0070 train 1.0000 test 0.3928
epoch 113/200 loss 0.0071 train 0.9998 test 0.3932
epoch 114/200 loss 0.0068 train 0.9998 test 0.3898
epoch 115/200 loss 0.0072 train 0.9998 test 0.3892
epoch 116/200 loss 0.0070 train 0.9998 test 0.3921
epoch 117/200 loss 0.0068 train 1.0000 test 0.3925
epoch 118/200 loss 0.0073 train 0.9998 test 0.3897
epoch 119/200 loss 0.0069 train 0.9998 test 0.3903
epoch 120/200 loss 0.0072 train 0.9998 test 0.3892
epoch 121/200 loss 0.0075 train 0.9996 test 0.3903
epoch 122/200 loss 0.0072 train 0.9998 test 0.3905
epoch 123/200 loss 0.0074 train 0.9998 test 0.3921
epoch 124/200 loss 0.0073 train 1.0000 test 0.3903
epoch 125/200 loss 0.0074 train 0.9996 test 0.3909
epoch 126/200 loss 0.0074 train 0.9998 test 0.3906
epoch 127/200 loss 0.0072 train 0.9998 test 0.3918
epoch 128/200 loss 0.0067 train 1.0000 test 0.3929
epoch 129/200 loss 0.0069 train 1.0000 test 0.3893
epoch 130/200 loss 0.0068 train 1.0000 test 0.3935
epoch 131/200 loss 0.0075 train 0.9996 test 0.3924
epoch 132/200 loss 0.0073 train 0.9998 test 0.3900
epoch 133/200 loss 0.0069 train 0.9996 test 0.3898
epoch 134/200 loss 0.0066 train 0.9998 test 0.3908
epoch 135/200 loss 0.0071 train 0.9996 test 0.3913
epoch 136/200 loss 0.0069 train 0.9998 test 0.3923
epoch 137/200 loss 0.0069 train 0.9998 test 0.3907
epoch 138/200 loss 0.0068 train 0.9998 test 0.3919
epoch 139/200 loss 0.0068 train 0.9998 test 0.3928
epoch 140/200 loss 0.0070 train 0.9998 test 0.3944
epoch 141/200 loss 0.0072 train 0.9998 test 0.3918
epoch 142/200 loss 0.0069 train 0.9996 test 0.3949
epoch 143/200 loss 0.0069 train 0.9996 test 0.3944
epoch 144/200 loss 0.0070 train 0.9998 test 0.3926
epoch 145/200 loss 0.0069 train 0.9998 test 0.3936
epoch 146/200 loss 0.0067 train 1.0000 test 0.3925
epoch 147/200 loss 0.0066 train 1.0000 test 0.3910
epoch 148/200 loss 0.0067 train 0.9998 test 0.3921
epoch 149/200 loss 0.0067 train 0.9998 test 0.3926
epoch 150/200 loss 0.0066 train 0.9998 test 0.3915
epoch 151/200 loss 0.0066 train 0.9998 test 0.3916
epoch 152/200 loss 0.0067 train 0.9998 test 0.3909
epoch 153/200 loss 0.0064 train 0.9998 test 0.3919
epoch 154/200 loss 0.0066 train 1.0000 test 0.3922
epoch 155/200 loss 0.0067 train 0.9996 test 0.3943
epoch 156/200 loss 0.0063 train 1.0000 test 0.3908
epoch 157/200 loss 0.0064 train 0.9998 test 0.3915
epoch 158/200 loss 0.0064 train 1.0000 test 0.3917
epoch 159/200 loss 0.0063 train 1.0000 test 0.3925
epoch 160/200 loss 0.0067 train 0.9996 test 0.3922
epoch 161/200 loss 0.0064 train 1.0000 test 0.3949
epoch 162/200 loss 0.0068 train 0.9998 test 0.3922
epoch 163/200 loss 0.0064 train 0.9998 test 0.3911
epoch 164/200 loss 0.0063 train 0.9998 test 0.3919
epoch 165/200 loss 0.0065 train 0.9998 test 0.3911
epoch 166/200 loss 0.0065 train 0.9996 test 0.3933
epoch 167/200 loss 0.0064 train 1.0000 test 0.3935
epoch 168/200 loss 0.0068 train 0.9998 test 0.3914
epoch 169/200 loss 0.0067 train 1.0000 test 0.3915
epoch 170/200 loss 0.0065 train 0.9998 test 0.3910
epoch 171/200 loss 0.0067 train 0.9998 test 0.3919
epoch 172/200 loss 0.0066 train 1.0000 test 0.3917
epoch 173/200 loss 0.0065 train 0.9998 test 0.3920
epoch 174/200 loss 0.0063 train 1.0000 test 0.3915
epoch 175/200 loss 0.0062 train 1.0000 test 0.3909
epoch 176/200 loss 0.0064 train 0.9998 test 0.3913
epoch 177/200 loss 0.0064 train 1.0000 test 0.3898
epoch 178/200 loss 0.0065 train 0.9996 test 0.3932
epoch 179/200 loss 0.0064 train 1.0000 test 0.3918
epoch 180/200 loss 0.0064 train 1.0000 test 0.3919
epoch 181/200 loss 0.0065 train 1.0000 test 0.3902
epoch 182/200 loss 0.0063 train 1.0000 test 0.3918
epoch 183/200 loss 0.0062 train 1.0000 test 0.3906
epoch 184/200 loss 0.0061 train 1.0000 test 0.3892
epoch 185/200 loss 0.0062 train 1.0000 test 0.3914
epoch 186/200 loss 0.0065 train 0.9998 test 0.3916
epoch 187/200 loss 0.0063 train 1.0000 test 0.3909
epoch 188/200 loss 0.0062 train 1.0000 test 0.3911
epoch 189/200 loss 0.0064 train 1.0000 test 0.3915
epoch 190/200 loss 0.0063 train 0.9998 test 0.3923
epoch 191/200 loss 0.0059 train 1.0000 test 0.3919
epoch 192/200 loss 0.0061 train 1.0000 test 0.3903
epoch 193/200 loss 0.0064 train 0.9998 test 0.3908
epoch 194/200 loss 0.0064 train 1.0000 test 0.3912
epoch 195/200 loss 0.0063 train 0.9998 test 0.3927
epoch 196/200 loss 0.0062 train 0.9998 test 0.3938
epoch 197/200 loss 0.0061 train 1.0000 test 0.3916
epoch 198/200 loss 0.0064 train 1.0000 test 0.3918
epoch 199/200 loss 0.0062 train 1.0000 test 0.3908
epoch 200/200 loss 0.0060 train 1.0000 test 0.3907
done: final 0.3907 best 0.3949 -> ./runs/abl10_gaboronly_calib/seed0
=== configs/ablations_full/ablf_gaboronly_calib.yaml seed 1 ===
stem calibrated on 1024 images
[ablf_gaboronly_calib seed1] {"params_trainable": 11225316, "params_stem_trainable": 0, "params_stem_fixed_filters": 1089, "flops_total": 563129344, "flops_stem": 1115136, "flops_image_size": 32}
epoch 1/200 loss 3.8381 train 0.1104 test 0.1836
epoch 2/200 loss 3.1314 train 0.2205 test 0.2363
epoch 3/200 loss 2.7598 train 0.2904 test 0.2623
epoch 4/200 loss 2.4595 train 0.3536 test 0.3452
epoch 5/200 loss 2.2322 train 0.4023 test 0.3483
epoch 6/200 loss 2.0301 train 0.4488 test 0.4139
epoch 7/200 loss 1.8636 train 0.4869 test 0.4354
epoch 8/200 loss 1.7369 train 0.5133 test 0.4660
epoch 9/200 loss 1.6356 train 0.5411 test 0.5186
epoch 10/200 loss 1.5613 train 0.5605 test 0.4930
epoch 11/200 loss 1.4974 train 0.5776 test 0.5104
epoch 12/200 loss 1.4439 train 0.5860 test 0.5030
epoch 13/200 loss 1.3965 train 0.6023 test 0.5391
epoch 14/200 loss 1.3612 train 0.6091 test 0.5144
epoch 15/200 loss 1.3372 train 0.6153 test 0.5413
epoch 16/200 loss 1.2923 train 0.6278 test 0.5552
epoch 17/200 loss 1.2820 train 0.6321 test 0.4944
epoch 18/200 loss 1.2553 train 0.6370 test 0.5558
epoch 19/200 loss 1.2404 train 0.6436 test 0.5540
epoch 20/200 loss 1.2142 train 0.6505 test 0.4892
epoch 21/200 loss 1.2083 train 0.6504 test 0.5861
epoch 22/200 loss 1.1756 train 0.6591 test 0.5505
epoch 23/200 loss 1.1707 train 0.6604 test 0.5461
epoch 24/200 loss 1.1632 train 0.6599 test 0.5419
epoch 25/200 loss 1.1423 train 0.6664 test 0.5550
epoch 26/200 loss 1.1337 train 0.6692 test 0.5427
epoch 27/200 loss 1.1262 train 0.6703 test 0.5602
epoch 28/200 loss 1.1088 train 0.6780 test 0.5775
epoch 29/200 loss 1.1005 train 0.6788 test 0.5745
epoch 30/200 loss 1.0949 train 0.6789 test 0.5923
epoch 31/200 loss 1.0871 train 0.6821 test 0.5742
epoch 32/200 loss 1.0737 train 0.6857 test 0.5818
epoch 33/200 loss 1.0680 train 0.6870 test 0.5892
epoch 34/200 loss 1.0701 train 0.6879 test 0.5892
epoch 35/200 loss 1.0519 train 0.6923 test 0.5635
epoch 36/200 loss 1.0435 train 0.6928 test 0.5550
epoch 37/200 loss 1.0447 train 0.6933 test 0.5731
epoch 38/200 loss 1.0322 train 0.6952 test 0.5636
epoch 39/200 loss 1.0227 train 0.7018 test 0.5930
epoch 40/200 loss 1.0146 train 0.6998 test 0.5780
epoch 41/200 loss 1.0149 train 0.7027 test 0.5771
epoch 42/200 loss 0.9979 train 0.7083 test 0.5938
epoch 43/200 loss 1.0071 train 0.7044 test 0.5635
epoch 44/200 loss 1.0012 train 0.7056 test 0.6094
epoch 45/200 loss 0.9811 train 0.7119 test 0.5872
epoch 46/200 loss 0.9810 train 0.7097 test 0.5989
epoch 47/200 loss 0.9721 train 0.7138 test 0.6031
epoch 48/200 loss 0.9688 train 0.7135 test 0.5997
epoch 49/200 loss 0.9599 train 0.7155 test 0.5827
epoch 50/200 loss 0.9501 train 0.7193 test 0.5808
epoch 51/200 loss 0.9403 train 0.7220 test 0.5858
epoch 52/200 loss 0.9358 train 0.7241 test 0.5689
epoch 53/200 loss 0.9295 train 0.7238 test 0.5990
epoch 54/200 loss 0.9188 train 0.7281 test 0.5879
epoch 55/200 loss 0.9189 train 0.7268 test 0.5882
epoch 56/200 loss 0.9053 train 0.7301 test 0.5783
epoch 57/200 loss 0.9131 train 0.7297 test 0.6114
epoch 58/200 loss 0.8887 train 0.7356 test 0.6023
epoch 59/200 loss 0.8867 train 0.7356 test 0.6154
epoch 60/200 loss 0.8864 train 0.7354 test 0.6095
epoch 61/200 loss 0.8812 train 0.7379 test 0.5857
epoch 62/200 loss 0.8666 train 0.7417 test 0.6251
epoch 63/200 loss 0.8616 train 0.7417 test 0.6097
epoch 64/200 loss 0.8604 train 0.7441 test 0.6020
epoch 65/200 loss 0.8392 train 0.7491 test 0.6159
epoch 66/200 loss 0.8334 train 0.7508 test 0.6067
epoch 67/200 loss 0.8266 train 0.7545 test 0.5900
epoch 68/200 loss 0.8231 train 0.7543 test 0.5989
epoch 69/200 loss 0.8192 train 0.7537 test 0.5641
epoch 70/200 loss 0.8171 train 0.7559 test 0.5978
epoch 71/200 loss 0.7920 train 0.7630 test 0.6239
epoch 72/200 loss 0.7984 train 0.7599 test 0.5849
epoch 73/200 loss 0.7827 train 0.7648 test 0.6063
epoch 74/200 loss 0.7817 train 0.7662 test 0.6247
epoch 75/200 loss 0.7684 train 0.7674 test 0.5833
epoch 76/200 loss 0.7564 train 0.7718 test 0.6112
epoch 77/200 loss 0.7536 train 0.7705 test 0.6203
epoch 78/200 loss 0.7400 train 0.7751 test 0.6427
epoch 79/200 loss 0.7325 train 0.7779 test 0.6294
epoch 80/200 loss 0.7300 train 0.7757 test 0.6311
epoch 81/200 loss 0.7166 train 0.7811 test 0.5868
epoch 82/200 loss 0.7125 train 0.7832 test 0.5892
epoch 83/200 loss 0.6913 train 0.7902 test 0.6073
epoch 84/200 loss 0.6907 train 0.7872 test 0.5803
epoch 85/200 loss 0.6788 train 0.7916 test 0.6190
epoch 86/200 loss 0.6742 train 0.7942 test 0.6474
epoch 87/200 loss 0.6726 train 0.7952 test 0.6294
epoch 88/200 loss 0.6510 train 0.8011 test 0.6275
epoch 89/200 loss 0.6396 train 0.8036 test 0.6434
epoch 90/200 loss 0.6472 train 0.8017 test 0.5899
epoch 91/200 loss 0.6329 train 0.8054 test 0.6345
epoch 92/200 loss 0.6143 train 0.8124 test 0.6275
epoch 93/200 loss 0.6029 train 0.8141 test 0.6211
epoch 94/200 loss 0.6014 train 0.8155 test 0.6493
epoch 95/200 loss 0.5911 train 0.8174 test 0.6450
epoch 96/200 loss 0.5820 train 0.8210 test 0.6213
epoch 97/200 loss 0.5790 train 0.8217 test 0.6389
epoch 98/200 loss 0.5528 train 0.8291 test 0.6574
epoch 99/200 loss 0.5477 train 0.8317 test 0.6365
epoch 100/200 loss 0.5451 train 0.8318 test 0.6402
epoch 101/200 loss 0.5303 train 0.8361 test 0.6191
epoch 102/200 loss 0.5195 train 0.8387 test 0.6444
epoch 103/200 loss 0.5068 train 0.8450 test 0.6286
epoch 104/200 loss 0.4960 train 0.8462 test 0.6420
epoch 105/200 loss 0.4917 train 0.8484 test 0.6455
epoch 106/200 loss 0.4819 train 0.8505 test 0.6482
epoch 107/200 loss 0.4591 train 0.8576 test 0.6444
epoch 108/200 loss 0.4590 train 0.8586 test 0.6449
epoch 109/200 loss 0.4529 train 0.8583 test 0.6231
epoch 110/200 loss 0.4493 train 0.8611 test 0.6404
epoch 111/200 loss 0.4270 train 0.8675 test 0.6377
epoch 112/200 loss 0.4165 train 0.8705 test 0.6611
epoch 113/200 loss 0.3976 train 0.8751 test 0.6528
epoch 114/200 loss 0.3983 train 0.8768 test 0.6698
epoch 115/200 loss 0.3872 train 0.8801 test 0.6510
epoch 116/200 loss 0.3648 train 0.8877 test 0.6603
epoch 117/200 loss 0.3640 train 0.8857 test 0.6507
epoch 118/200 loss 0.3577 train 0.8890 test 0.6645
epoch 119/200 loss 0.3378 train 0.8950 test 0.6740
epoch 120/200 loss 0.3280 train 0.8987 test 0.6644
epoch 121/200 loss 0.3313 train 0.8963 test 0.6606
epoch 122/200 loss 0.3040 train 0.9056 test 0.6498
epoch 123/200 loss 0.3065 train 0.9067 test 0.6687
epoch 124/200 loss 0.2999 train 0.9068 test 0.6639
epoch 125/200 loss 0.2754 train 0.9159 test 0.6671
epoch 126/200 loss 0.2765 train 0.9142 test 0.6740
epoch 127/200 loss 0.2654 train 0.9179 test 0.6732
epoch 128/200 loss 0.2434 train 0.9263 test 0.6753
epoch 129/200 loss 0.2436 train 0.9257 test 0.6781
epoch 130/200 loss 0.2352 train 0.9290 test 0.6757
epoch 131/200 loss 0.2190 train 0.9339 test 0.6829
epoch 132/200 loss 0.2079 train 0.9390 test 0.6797
epoch 133/200 loss 0.2034 train 0.9390 test 0.6925
epoch 134/200 loss 0.1864 train 0.9455 test 0.6945
epoch 135/200 loss 0.1836 train 0.9457 test 0.6872
epoch 136/200 loss 0.1815 train 0.9465 test 0.6781
epoch 137/200 loss 0.1711 train 0.9505 test 0.6892
epoch 138/200 loss 0.1573 train 0.9555 test 0.6956
epoch 139/200 loss 0.1356 train 0.9616 test 0.7021
epoch 140/200 loss 0.1348 train 0.9631 test 0.7005
epoch 141/200 loss 0.1253 train 0.9660 test 0.7049
epoch 142/200 loss 0.1102 train 0.9707 test 0.7051
epoch 143/200 loss 0.1046 train 0.9722 test 0.7180
epoch 144/200 loss 0.0997 train 0.9734 test 0.7047
epoch 145/200 loss 0.0928 train 0.9760 test 0.7253
epoch 146/200 loss 0.0825 train 0.9798 test 0.7174
epoch 147/200 loss 0.0856 train 0.9787 test 0.7200
epoch 148/200 loss 0.0797 train 0.9802 test 0.7129
epoch 149/200 loss 0.0722 train 0.9826 test 0.7186
epoch 150/200 loss 0.0634 train 0.9852 test 0.7355
epoch 151/200 loss 0.0533 train 0.9886 test 0.7283
epoch 152/200 loss 0.0398 train 0.9930 test 0.7466
epoch 153/200 loss 0.0347 train 0.9939 test 0.7459
epoch 154/200 loss 0.0304 train 0.9953 test 0.7500
epoch 155/200 loss 0.0249 train 0.9964 test 0.7554
epoch 156/200 loss 0.0197 train 0.9979 test 0.7662
epoch 157/200 loss 0.0175 train 0.9981 test 0.7665
epoch 158/200 loss 0.0166 train 0.9983 test 0.7632
epoch 159/200 loss 0.0152 train 0.9986 test 0.7674
epoch 160/200 loss 0.0145 train 0.9988 test 0.7699
epoch 161/200 loss 0.0131 train 0.9989 test 0.7682
epoch 162/200 loss 0.0128 train 0.9989 test 0.7692
epoch 163/200 loss 0.0118 train 0.9992 test 0.7713
epoch 164/200 loss 0.0111 train 0.9994 test 0.7752
epoch 165/200 loss 0.0105 train 0.9994 test 0.7731
epoch 166/200 loss 0.0106 train 0.9995 test 0.7759
epoch 167/200 loss 0.0106 train 0.9994 test 0.7744
epoch 168/200 loss 0.0097 train 0.9995 test 0.7781
epoch 169/200 loss 0.0097 train 0.9995 test 0.7773
epoch 170/200 loss 0.0098 train 0.9996 test 0.7805
epoch 171/200 loss 0.0097 train 0.9995 test 0.7797
epoch 172/200 loss 0.0095 train 0.9996 test 0.7806
epoch 173/200 loss 0.0095 train 0.9996 test 0.7811
epoch 174/200 loss 0.0097 train 0.9996 test 0.7816
epoch 175/200 loss 0.0098 train 0.9995 test 0.7809
epoch 176/200 loss 0.0094 train 0.9997 test 0.7831
epoch 177/200 loss 0.0094 train 0.9997 test 0.7827
epoch 178/200 loss 0.0093 train 0.9996 test 0.7812
epoch 179/200 loss 0.0094 train 0.9996 test 0.7825
epoch 180/200 loss 0.0092 train 0.9996 test 0.7817
epoch 181/200 loss 0.0090 train 0.9997 test 0.7818
epoch 182/200 loss 0.0091 train 0.9997 test 0.7820
epoch 183/200 loss 0.0090 train 0.9997 test 0.7813
epoch 184/200 loss 0.0091 train 0.9997 test 0.7826
epoch 185/200 loss 0.0090 train 0.9997 test 0.7827
epoch 186/200 loss 0.0088 train 0.9998 test 0.7825
epoch 187/200 loss 0.0089 train 0.9997 test 0.7825
epoch 188/200 loss 0.0089 train 0.9998 test 0.7824
epoch 189/200 loss 0.0087 train 0.9998 test 0.7832
epoch 190/200 loss 0.0088 train 0.9998 test 0.7834
epoch 191/200 loss 0.0086 train 0.9998 test 0.7826
epoch 192/200 loss 0.0088 train 0.9997 test 0.7822
epoch 193/200 loss 0.0087 train 0.9997 test 0.7820
epoch 194/200 loss 0.0088 train 0.9997 test 0.7828
epoch 195/200 loss 0.0089 train 0.9997 test 0.7824
epoch 196/200 loss 0.0085 train 0.9998 test 0.7838
epoch 197/200 loss 0.0087 train 0.9997 test 0.7817
epoch 198/200 loss 0.0087 train 0.9998 test 0.7815
epoch 199/200 loss 0.0086 train 0.9998 test 0.7822
epoch 200/200 loss 0.0086 train 0.9997 test 0.7833
done: final 0.7833 best 0.7838 -> ./runs/ablf_gaboronly_calib/seed1
=== configs/ablations_full/ablf_gaboronly_calib.yaml seed 2 ===
stem calibrated on 1024 images
[ablf_gaboronly_calib seed2] {"params_trainable": 11225316, "params_stem_trainable": 0, "params_stem_fixed_filters": 1089, "flops_total": 563129344, "flops_stem": 1115136, "flops_image_size": 32}
epoch 1/200 loss 3.8146 train 0.1135 test 0.1462
epoch 2/200 loss 3.1092 train 0.2251 test 0.2099
epoch 3/200 loss 2.7388 train 0.2939 test 0.2808
epoch 4/200 loss 2.4494 train 0.3557 test 0.3319
epoch 5/200 loss 2.2313 train 0.4010 test 0.4081
epoch 6/200 loss 2.0373 train 0.4467 test 0.3751
epoch 7/200 loss 1.8658 train 0.4867 test 0.4177
epoch 8/200 loss 1.7237 train 0.5203 test 0.4514
epoch 9/200 loss 1.6312 train 0.5418 test 0.4960
epoch 10/200 loss 1.5617 train 0.5618 test 0.4875
epoch 11/200 loss 1.4951 train 0.5758 test 0.4285
epoch 12/200 loss 1.4359 train 0.5937 test 0.5277
epoch 13/200 loss 1.3983 train 0.6016 test 0.5285
epoch 14/200 loss 1.3651 train 0.6103 test 0.5370
epoch 15/200 loss 1.3327 train 0.6193 test 0.5247
epoch 16/200 loss 1.2917 train 0.6298 test 0.5411
epoch 17/200 loss 1.2851 train 0.6295 test 0.5399
epoch 18/200 loss 1.2544 train 0.6378 test 0.5282
epoch 19/200 loss 1.2397 train 0.6415 test 0.5566
epoch 20/200 loss 1.2055 train 0.6511 test 0.4990
epoch 21/200 loss 1.2033 train 0.6530 test 0.5354
epoch 22/200 loss 1.1792 train 0.6593 test 0.5206
epoch 23/200 loss 1.1715 train 0.6603 test 0.5654
epoch 24/200 loss 1.1508 train 0.6663 test 0.5400
epoch 25/200 loss 1.1449 train 0.6655 test 0.5594
epoch 26/200 loss 1.1299 train 0.6690 test 0.5360
epoch 27/200 loss 1.1234 train 0.6701 test 0.5506
epoch 28/200 loss 1.1117 train 0.6765 test 0.5520
epoch 29/200 loss 1.0921 train 0.6807 test 0.5562
epoch 30/200 loss 1.0852 train 0.6823 test 0.5357
epoch 31/200 loss 1.0896 train 0.6815 test 0.5539
epoch 32/200 loss 1.0733 train 0.6843 test 0.5643
epoch 33/200 loss 1.0698 train 0.6862 test 0.5755
epoch 34/200 loss 1.0582 train 0.6889 test 0.5182
epoch 35/200 loss 1.0591 train 0.6903 test 0.5906
epoch 36/200 loss 1.0460 train 0.6940 test 0.5838
epoch 37/200 loss 1.0273 train 0.7005 test 0.5571
epoch 38/200 loss 1.0365 train 0.6993 test 0.5967
epoch 39/200 loss 1.0156 train 0.7008 test 0.5626
epoch 40/200 loss 1.0208 train 0.6993 test 0.5720
epoch 41/200 loss 1.0088 train 0.7008 test 0.5754
epoch 42/200 loss 0.9913 train 0.7087 test 0.5816
epoch 43/200 loss 0.9892 train 0.7097 test 0.5735
epoch 44/200 loss 0.9938 train 0.7054 test 0.5651
epoch 45/200 loss 0.9817 train 0.7118 test 0.5951
epoch 46/200 loss 0.9756 train 0.7127 test 0.5987
epoch 47/200 loss 0.9710 train 0.7146 test 0.5381
epoch 48/200 loss 0.9713 train 0.7139 test 0.5773
epoch 49/200 loss 0.9517 train 0.7178 test 0.5800
epoch 50/200 loss 0.9434 train 0.7194 test 0.6172
epoch 51/200 loss 0.9462 train 0.7201 test 0.5857
epoch 52/200 loss 0.9327 train 0.7238 test 0.6061
epoch 53/200 loss 0.9273 train 0.7240 test 0.5729
epoch 54/200 loss 0.9343 train 0.7237 test 0.5920
epoch 55/200 loss 0.9044 train 0.7305 test 0.5443
epoch 56/200 loss 0.9077 train 0.7292 test 0.5790
epoch 57/200 loss 0.9016 train 0.7309 test 0.5759
epoch 58/200 loss 0.8985 train 0.7321 test 0.5841
epoch 59/200 loss 0.8870 train 0.7356 test 0.5287
epoch 60/200 loss 0.8728 train 0.7412 test 0.5678
epoch 61/200 loss 0.8734 train 0.7391 test 0.5719
epoch 62/200 loss 0.8678 train 0.7405 test 0.5982
epoch 63/200 loss 0.8527 train 0.7458 test 0.6103
epoch 64/200 loss 0.8604 train 0.7414 test 0.6048
epoch 65/200 loss 0.8507 train 0.7446 test 0.6182
epoch 66/200 loss 0.8367 train 0.7490 test 0.5888
epoch 67/200 loss 0.8321 train 0.7503 test 0.6140
epoch 68/200 loss 0.8160 train 0.7539 test 0.5920
epoch 69/200 loss 0.8132 train 0.7563 test 0.6043
epoch 70/200 loss 0.8120 train 0.7556 test 0.6043
epoch 71/200 loss 0.7927 train 0.7610 test 0.6208
epoch 72/200 loss 0.7947 train 0.7622 test 0.5984
epoch 73/200 loss 0.7866 train 0.7640 test 0.6084
epoch 74/200 loss 0.7694 train 0.7685 test 0.6287
epoch 75/200 loss 0.7722 train 0.7674 test 0.6176
epoch 76/200 loss 0.7585 train 0.7697 test 0.6429
epoch 77/200 loss 0.7527 train 0.7729 test 0.6181
epoch 78/200 loss 0.7455 train 0.7755 test 0.6068
epoch 79/200 loss 0.7409 train 0.7763 test 0.6173
epoch 80/200 loss 0.7350 train 0.7774 test 0.6152
epoch 81/200 loss 0.7156 train 0.7833 test 0.6241
epoch 82/200 loss 0.7049 train 0.7864 test 0.5704
epoch 83/200 loss 0.7014 train 0.7862 test 0.6384
epoch 84/200 loss 0.6956 train 0.7880 test 0.6227
epoch 85/200 loss 0.6775 train 0.7952 test 0.6256
epoch 86/200 loss 0.6809 train 0.7924 test 0.6033
epoch 87/200 loss 0.6763 train 0.7934 test 0.6247
epoch 88/200 loss 0.6481 train 0.8023 test 0.6327
epoch 89/200 loss 0.6565 train 0.8003 test 0.6279
epoch 90/200 loss 0.6406 train 0.8032 test 0.6282
epoch 91/200 loss 0.6234 train 0.8103 test 0.6445
epoch 92/200 loss 0.6238 train 0.8098 test 0.6445
epoch 93/200 loss 0.5977 train 0.8171 test 0.6379
epoch 94/200 loss 0.6064 train 0.8138 test 0.6290
epoch 95/200 loss 0.6045 train 0.8122 test 0.6249
epoch 96/200 loss 0.5757 train 0.8233 test 0.6355
epoch 97/200 loss 0.5782 train 0.8212 test 0.6514
epoch 98/200 loss 0.5642 train 0.8271 test 0.6701
epoch 99/200 loss 0.5481 train 0.8286 test 0.6471
epoch 100/200 loss 0.5416 train 0.8327 test 0.6081
epoch 101/200 loss 0.5357 train 0.8337 test 0.6504
epoch 102/200 loss 0.5291 train 0.8364 test 0.6327
epoch 103/200 loss 0.5097 train 0.8434 test 0.6359
epoch 104/200 loss 0.5072 train 0.8410 test 0.6503
epoch 105/200 loss 0.4913 train 0.8466 test 0.6485
epoch 106/200 loss 0.4917 train 0.8482 test 0.6273
epoch 107/200 loss 0.4635 train 0.8539 test 0.6473
epoch 108/200 loss 0.4499 train 0.8605 test 0.6521
epoch 109/200 loss 0.4478 train 0.8607 test 0.6477
epoch 110/200 loss 0.4325 train 0.8645 test 0.6569
epoch 111/200 loss 0.4363 train 0.8647 test 0.6332
epoch 112/200 loss 0.4165 train 0.8692 test 0.6475
epoch 113/200 loss 0.3997 train 0.8766 test 0.6704
epoch 114/200 loss 0.4021 train 0.8753 test 0.6618
epoch 115/200 loss 0.3914 train 0.8778 test 0.6554
epoch 116/200 loss 0.3770 train 0.8821 test 0.6625
epoch 117/200 loss 0.3717 train 0.8838 test 0.6654
epoch 118/200 loss 0.3529 train 0.8909 test 0.6558
epoch 119/200 loss 0.3440 train 0.8936 test 0.6676
epoch 120/200 loss 0.3451 train 0.8928 test 0.6804
epoch 121/200 loss 0.3170 train 0.9022 test 0.6652
epoch 122/200 loss 0.3219 train 0.9000 test 0.6669
epoch 123/200 loss 0.3076 train 0.9057 test 0.6819
epoch 124/200 loss 0.2834 train 0.9116 test 0.6733
epoch 125/200 loss 0.2971 train 0.9082 test 0.6751
epoch 126/200 loss 0.2778 train 0.9146 test 0.6742
epoch 127/200 loss 0.2606 train 0.9213 test 0.6807
epoch 128/200 loss 0.2423 train 0.9269 test 0.6827
epoch 129/200 loss 0.2455 train 0.9255 test 0.6662
epoch 130/200 loss 0.2411 train 0.9261 test 0.6730
epoch 131/200 loss 0.2222 train 0.9333 test 0.6785
epoch 132/200 loss 0.2083 train 0.9374 test 0.7020
epoch 133/200 loss 0.1937 train 0.9434 test 0.6771
epoch 134/200 loss 0.1961 train 0.9414 test 0.6875
epoch 135/200 loss 0.1903 train 0.9421 test 0.6911
epoch 136/200 loss 0.1807 train 0.9463 test 0.6867
epoch 137/200 loss 0.1619 train 0.9535 test 0.6832
epoch 138/200 loss 0.1422 train 0.9607 test 0.6906
epoch 139/200 loss 0.1377 train 0.9611 test 0.6874
epoch 140/200 loss 0.1377 train 0.9611 test 0.6889
epoch 141/200 loss 0.1343 train 0.9625 test 0.7010
epoch 142/200 loss 0.1396 train 0.9606 test 0.6977
epoch 143/200 loss 0.1142 train 0.9691 test 0.7120
epoch 144/200 loss 0.1049 train 0.9728 test 0.7080
epoch 145/200 loss 0.1009 train 0.9738 test 0.7079
epoch 146/200 loss 0.0818 train 0.9802 test 0.7329
epoch 147/200 loss 0.0722 train 0.9829 test 0.7152
epoch 148/200 loss 0.0651 train 0.9853 test 0.7367
epoch 149/200 loss 0.0583 train 0.9868 test 0.7341
epoch 150/200 loss 0.0527 train 0.9887 test 0.7349
epoch 151/200 loss 0.0431 train 0.9917 test 0.7413
epoch 152/200 loss 0.0389 train 0.9930 test 0.7415
epoch 153/200 loss 0.0321 train 0.9950 test 0.7490
epoch 154/200 loss 0.0272 train 0.9958 test 0.7555
epoch 155/200 loss 0.0239 train 0.9968 test 0.7577
epoch 156/200 loss 0.0202 train 0.9978 test 0.7656
epoch 157/200 loss 0.0153 train 0.9987 test 0.7642
epoch 158/200 loss 0.0146 train 0.9986 test 0.7696
epoch 159/200 loss 0.0136 train 0.9990 test 0.7711
epoch 160/200 loss 0.0129 train 0.9991 test 0.7707
epoch 161/200 loss 0.0132 train 0.9988 test 0.7707
epoch 162/200 loss 0.0139 train 0.9989 test 0.7723
epoch 163/200 loss 0.0122 train 0.9993 test 0.7768
epoch 164/200 loss 0.0108 train 0.9995 test 0.7755
epoch 165/200 loss 0.0109 train 0.9994 test 0.7786
epoch 166/200 loss 0.0107 train 0.9995 test 0.7777
epoch 167/200 loss 0.0106 train 0.9994 test 0.7784
epoch 168/200 loss 0.0103 train 0.9995 test 0.7799
epoch 169/200 loss 0.0103 train 0.9995 test 0.7812
epoch 170/200 loss 0.0096 train 0.9997 test 0.7817
epoch 171/200 loss 0.0100 train 0.9995 test 0.7822
epoch 172/200 loss 0.0096 train 0.9996 test 0.7812
epoch 173/200 loss 0.0097 train 0.9996 test 0.7805
epoch 174/200 loss 0.0094 train 0.9997 test 0.7813
epoch 175/200 loss 0.0095 train 0.9995 test 0.7832
epoch 176/200 loss 0.0093 train 0.9996 test 0.7837
epoch 177/200 loss 0.0093 train 0.9997 test 0.7843
epoch 178/200 loss 0.0092 train 0.9996 test 0.7850
epoch 179/200 loss 0.0093 train 0.9996 test 0.7827
epoch 180/200 loss 0.0089 train 0.9996 test 0.7853
epoch 181/200 loss 0.0096 train 0.9995 test 0.7852
epoch 182/200 loss 0.0089 train 0.9998 test 0.7848
epoch 183/200 loss 0.0092 train 0.9996 test 0.7821
epoch 184/200 loss 0.0089 train 0.9997 test 0.7852
epoch 185/200 loss 0.0088 train 0.9998 test 0.7849
epoch 186/200 loss 0.0088 train 0.9997 test 0.7837
epoch 187/200 loss 0.0087 train 0.9997 test 0.7858
epoch 188/200 loss 0.0086 train 0.9997 test 0.7841
epoch 189/200 loss 0.0088 train 0.9998 test 0.7857
epoch 190/200 loss 0.0089 train 0.9996 test 0.7852
epoch 191/200 loss 0.0087 train 0.9998 test 0.7854
epoch 192/200 loss 0.0087 train 0.9998 test 0.7859
epoch 193/200 loss 0.0087 train 0.9998 test 0.7839
epoch 194/200 loss 0.0086 train 0.9998 test 0.7862
epoch 195/200 loss 0.0085 train 0.9997 test 0.7868
epoch 196/200 loss 0.0085 train 0.9998 test 0.7851
epoch 197/200 loss 0.0087 train 0.9997 test 0.7855
epoch 198/200 loss 0.0088 train 0.9998 test 0.7858
epoch 199/200 loss 0.0087 train 0.9997 test 0.7860
epoch 200/200 loss 0.0086 train 0.9998 test 0.7859
done: final 0.7859 best 0.7868 -> ./runs/ablf_gaboronly_calib/seed2
=== configs/ablations_full/ablf_catpruned_calib.yaml seed 0 ===
stem calibrated on 1024 images
[ablf_catpruned_calib seed0] {"params_trainable": 11228196, "params_stem_trainable": 0, "params_stem_fixed_filters": 2904, "flops_total": 567937024, "flops_stem": 2973696, "flops_image_size": 32}
epoch 1/200 loss 3.8243 train 0.1143 test 0.1476
epoch 2/200 loss 3.1326 train 0.2232 test 0.2501
epoch 3/200 loss 2.7504 train 0.2937 test 0.2782
epoch 4/200 loss 2.4695 train 0.3528 test 0.3665
epoch 5/200 loss 2.2442 train 0.4040 test 0.4099
epoch 6/200 loss 2.0544 train 0.4430 test 0.4168
epoch 7/200 loss 1.8887 train 0.4816 test 0.4456
epoch 8/200 loss 1.7567 train 0.5116 test 0.4495
epoch 9/200 loss 1.6411 train 0.5409 test 0.4814
epoch 10/200 loss 1.5744 train 0.5561 test 0.4540
epoch 11/200 loss 1.4996 train 0.5757 test 0.4694
epoch 12/200 loss 1.4481 train 0.5878 test 0.5091
epoch 13/200 loss 1.4057 train 0.5965 test 0.5360
epoch 14/200 loss 1.3635 train 0.6109 test 0.5299
epoch 15/200 loss 1.3398 train 0.6155 test 0.5603
epoch 16/200 loss 1.2990 train 0.6266 test 0.5509
epoch 17/200 loss 1.2809 train 0.6295 test 0.5194
epoch 18/200 loss 1.2481 train 0.6430 test 0.5551
epoch 19/200 loss 1.2238 train 0.6455 test 0.5703
epoch 20/200 loss 1.2230 train 0.6460 test 0.5194
epoch 21/200 loss 1.1963 train 0.6548 test 0.5475
epoch 22/200 loss 1.1793 train 0.6581 test 0.5345
epoch 23/200 loss 1.1691 train 0.6574 test 0.5373
epoch 24/200 loss 1.1555 train 0.6638 test 0.5604
epoch 25/200 loss 1.1381 train 0.6697 test 0.5662
epoch 26/200 loss 1.1347 train 0.6689 test 0.5567
epoch 27/200 loss 1.1336 train 0.6691 test 0.5594
epoch 28/200 loss 1.1086 train 0.6761 test 0.5675
epoch 29/200 loss 1.0995 train 0.6807 test 0.5377
epoch 30/200 loss 1.0916 train 0.6820 test 0.5313
epoch 31/200 loss 1.0926 train 0.6797 test 0.5682
epoch 32/200 loss 1.0712 train 0.6858 test 0.5694
epoch 33/200 loss 1.0712 train 0.6852 test 0.5771
epoch 34/200 loss 1.0513 train 0.6914 test 0.5684
epoch 35/200 loss 1.0514 train 0.6921 test 0.5783
epoch 36/200 loss 1.0449 train 0.6965 test 0.5688
epoch 37/200 loss 1.0375 train 0.6964 test 0.5771
epoch 38/200 loss 1.0346 train 0.6949 test 0.5548
epoch 39/200 loss 1.0256 train 0.6992 test 0.6007
epoch 40/200 loss 1.0114 train 0.7029 test 0.5513
epoch 41/200 loss 1.0092 train 0.7033 test 0.6029
epoch 42/200 loss 1.0180 train 0.6994 test 0.5935
epoch 43/200 loss 0.9957 train 0.7072 test 0.5840
epoch 44/200 loss 0.9924 train 0.7053 test 0.5728
epoch 45/200 loss 0.9866 train 0.7087 test 0.5918
epoch 46/200 loss 0.9791 train 0.7110 test 0.5903
epoch 47/200 loss 0.9783 train 0.7101 test 0.5786
epoch 48/200 loss 0.9677 train 0.7138 test 0.5765
epoch 49/200 loss 0.9596 train 0.7173 test 0.5939
epoch 50/200 loss 0.9600 train 0.7162 test 0.5483
epoch 51/200 loss 0.9424 train 0.7207 test 0.5750
epoch 52/200 loss 0.9466 train 0.7214 test 0.5930
epoch 53/200 loss 0.9256 train 0.7262 test 0.5885
epoch 54/200 loss 0.9262 train 0.7270 test 0.5880
epoch 55/200 loss 0.9234 train 0.7245 test 0.5263
epoch 56/200 loss 0.9119 train 0.7297 test 0.6046
epoch 57/200 loss 0.9025 train 0.7331 test 0.5933
epoch 58/200 loss 0.9019 train 0.7301 test 0.5743
epoch 59/200 loss 0.8895 train 0.7350 test 0.5922
epoch 60/200 loss 0.8862 train 0.7366 test 0.5927
epoch 61/200 loss 0.8758 train 0.7380 test 0.5968
epoch 62/200 loss 0.8653 train 0.7412 test 0.6126
epoch 63/200 loss 0.8641 train 0.7434 test 0.5884
epoch 64/200 loss 0.8602 train 0.7415 test 0.6234
epoch 65/200 loss 0.8443 train 0.7444 test 0.6009
epoch 66/200 loss 0.8381 train 0.7496 test 0.6028
epoch 67/200 loss 0.8323 train 0.7523 test 0.6118
epoch 68/200 loss 0.8232 train 0.7541 test 0.6098
epoch 69/200 loss 0.8288 train 0.7515 test 0.6259
epoch 70/200 loss 0.8150 train 0.7550 test 0.6077
epoch 71/200 loss 0.8040 train 0.7590 test 0.5862
epoch 72/200 loss 0.8038 train 0.7600 test 0.6125
epoch 73/200 loss 0.7824 train 0.7657 test 0.6137
epoch 74/200 loss 0.7866 train 0.7628 test 0.6380
epoch 75/200 loss 0.7706 train 0.7667 test 0.5887
epoch 76/200 loss 0.7710 train 0.7670 test 0.6152
epoch 77/200 loss 0.7524 train 0.7720 test 0.5927
epoch 78/200 loss 0.7550 train 0.7712 test 0.6188
epoch 79/200 loss 0.7355 train 0.7789 test 0.6374
epoch 80/200 loss 0.7348 train 0.7787 test 0.6260
epoch 81/200 loss 0.7364 train 0.7782 test 0.6496
epoch 82/200 loss 0.7042 train 0.7864 test 0.5784
epoch 83/200 loss 0.7093 train 0.7849 test 0.6418
epoch 84/200 loss 0.6977 train 0.7889 test 0.6134
epoch 85/200 loss 0.6854 train 0.7910 test 0.6084
epoch 86/200 loss 0.6674 train 0.7969 test 0.6318
epoch 87/200 loss 0.6802 train 0.7936 test 0.6421
epoch 88/200 loss 0.6584 train 0.7998 test 0.6234
epoch 89/200 loss 0.6510 train 0.8026 test 0.6191
epoch 90/200 loss 0.6539 train 0.7982 test 0.6094
epoch 91/200 loss 0.6287 train 0.8068 test 0.6252
epoch 92/200 loss 0.6280 train 0.8069 test 0.6085
epoch 93/200 loss 0.6080 train 0.8124 test 0.6318
epoch 94/200 loss 0.6129 train 0.8120 test 0.6082
epoch 95/200 loss 0.5982 train 0.8143 test 0.6347
epoch 96/200 loss 0.5777 train 0.8221 test 0.6331
epoch 97/200 loss 0.5718 train 0.8271 test 0.6389
epoch 98/200 loss 0.5673 train 0.8245 test 0.6558
epoch 99/200 loss 0.5512 train 0.8303 test 0.6360
epoch 100/200 loss 0.5535 train 0.8281 test 0.6360
epoch 101/200 loss 0.5249 train 0.8385 test 0.6263
epoch 102/200 loss 0.5267 train 0.8380 test 0.6117
epoch 103/200 loss 0.5166 train 0.8411 test 0.6393
epoch 104/200 loss 0.5052 train 0.8428 test 0.6259
epoch 105/200 loss 0.4973 train 0.8463 test 0.6448
epoch 106/200 loss 0.4770 train 0.8513 test 0.6435
epoch 107/200 loss 0.4618 train 0.8561 test 0.6366
epoch 108/200 loss 0.4661 train 0.8569 test 0.6343
epoch 109/200 loss 0.4550 train 0.8599 test 0.6574
epoch 110/200 loss 0.4442 train 0.8615 test 0.6575
epoch 111/200 loss 0.4259 train 0.8687 test 0.6482
epoch 112/200 loss 0.4174 train 0.8700 test 0.6538
epoch 113/200 loss 0.4121 train 0.8707 test 0.6272
epoch 114/200 loss 0.3976 train 0.8769 test 0.6536
epoch 115/200 loss 0.3886 train 0.8816 test 0.6640
epoch 116/200 loss 0.3752 train 0.8836 test 0.6605
epoch 117/200 loss 0.3702 train 0.8857 test 0.6592
epoch 118/200 loss 0.3564 train 0.8898 test 0.6638
epoch 119/200 loss 0.3497 train 0.8922 test 0.6651
epoch 120/200 loss 0.3335 train 0.8975 test 0.6519
epoch 121/200 loss 0.3325 train 0.8967 test 0.6639
epoch 122/200 loss 0.3148 train 0.9015 test 0.6471
epoch 123/200 loss 0.2933 train 0.9094 test 0.6621
epoch 124/200 loss 0.2918 train 0.9093 test 0.6702
epoch 125/200 loss 0.2994 train 0.9089 test 0.6721
epoch 126/200 loss 0.2777 train 0.9148 test 0.6741
epoch 127/200 loss 0.2701 train 0.9175 test 0.6687
epoch 128/200 loss 0.2491 train 0.9243 test 0.6772
epoch 129/200 loss 0.2460 train 0.9247 test 0.6802
epoch 130/200 loss 0.2273 train 0.9317 test 0.6842
epoch 131/200 loss 0.2257 train 0.9310 test 0.6696
epoch 132/200 loss 0.2131 train 0.9368 test 0.6782
epoch 133/200 loss 0.2001 train 0.9397 test 0.6843
epoch 134/200 loss 0.1981 train 0.9415 test 0.6871
epoch 135/200 loss 0.1748 train 0.9481 test 0.6824
epoch 136/200 loss 0.1774 train 0.9485 test 0.6783
epoch 137/200 loss 0.1722 train 0.9507 test 0.7047
epoch 138/200 loss 0.1571 train 0.9547 test 0.6991
epoch 139/200 loss 0.1511 train 0.9579 test 0.6884
epoch 140/200 loss 0.1408 train 0.9614 test 0.7040
epoch 141/200 loss 0.1250 train 0.9657 test 0.6891
epoch 142/200 loss 0.1186 train 0.9681 test 0.6998
epoch 143/200 loss 0.1059 train 0.9727 test 0.7048
epoch 144/200 loss 0.1011 train 0.9737 test 0.7177
epoch 145/200 loss 0.0918 train 0.9761 test 0.6879
epoch 146/200 loss 0.0934 train 0.9759 test 0.7076
epoch 147/200 loss 0.0857 train 0.9779 test 0.7024
epoch 148/200 loss 0.0788 train 0.9804 test 0.7182
epoch 149/200 loss 0.0670 train 0.9850 test 0.7221
epoch 150/200 loss 0.0602 train 0.9866 test 0.7288
epoch 151/200 loss 0.0525 train 0.9893 test 0.7349
epoch 152/200 loss 0.0430 train 0.9918 test 0.7379
epoch 153/200 loss 0.0363 train 0.9937 test 0.7406
epoch 154/200 loss 0.0297 train 0.9954 test 0.7436
epoch 155/200 loss 0.0247 train 0.9967 test 0.7559
epoch 156/200 loss 0.0201 train 0.9975 test 0.7516
epoch 157/200 loss 0.0182 train 0.9980 test 0.7553
epoch 158/200 loss 0.0153 train 0.9985 test 0.7625
epoch 159/200 loss 0.0149 train 0.9986 test 0.7628
epoch 160/200 loss 0.0131 train 0.9992 test 0.7687
epoch 161/200 loss 0.0129 train 0.9992 test 0.7653
epoch 162/200 loss 0.0122 train 0.9991 test 0.7679
epoch 163/200 loss 0.0114 train 0.9993 test 0.7689
epoch 164/200 loss 0.0107 train 0.9995 test 0.7725
epoch 165/200 loss 0.0107 train 0.9994 test 0.7707
epoch 166/200 loss 0.0101 train 0.9996 test 0.7703
epoch 167/200 loss 0.0105 train 0.9994 test 0.7707
epoch 168/200 loss 0.0099 train 0.9996 test 0.7708
epoch 169/200 loss 0.0101 train 0.9996 test 0.7738
epoch 170/200 loss 0.0097 train 0.9995 test 0.7727
epoch 171/200 loss 0.0099 train 0.9997 test 0.7766
epoch 172/200 loss 0.0098 train 0.9996 test 0.7743
epoch 173/200 loss 0.0098 train 0.9996 test 0.7727
epoch 174/200 loss 0.0097 train 0.9996 test 0.7736
epoch 175/200 loss 0.0095 train 0.9996 test 0.7751
epoch 176/200 loss 0.0094 train 0.9996 test 0.7758
epoch 177/200 loss 0.0095 train 0.9996 test 0.7753
epoch 178/200 loss 0.0094 train 0.9997 test 0.7738
epoch 179/200 loss 0.0092 train 0.9998 test 0.7751
epoch 180/200 loss 0.0093 train 0.9997 test 0.7760
epoch 181/200 loss 0.0091 train 0.9996 test 0.7746
epoch 182/200 loss 0.0090 train 0.9997 test 0.7752
epoch 183/200 loss 0.0091 train 0.9996 test 0.7758
epoch 184/200 loss 0.0089 train 0.9998 test 0.7756
epoch 185/200 loss 0.0090 train 0.9996 test 0.7745
epoch 186/200 loss 0.0090 train 0.9997 test 0.7759
epoch 187/200 loss 0.0090 train 0.9997 test 0.7779
epoch 188/200 loss 0.0090 train 0.9997 test 0.7766
epoch 189/200 loss 0.0090 train 0.9998 test 0.7753
epoch 190/200 loss 0.0089 train 0.9997 test 0.7760
epoch 191/200 loss 0.0088 train 0.9998 test 0.7761
epoch 192/200 loss 0.0087 train 0.9997 test 0.7782
epoch 193/200 loss 0.0088 train 0.9998 test 0.7766
epoch 194/200 loss 0.0088 train 0.9998 test 0.7754
epoch 195/200 loss 0.0088 train 0.9998 test 0.7768
epoch 196/200 loss 0.0087 train 0.9997 test 0.7772
epoch 197/200 loss 0.0087 train 0.9997 test 0.7761
epoch 198/200 loss 0.0086 train 0.9997 test 0.7760
epoch 199/200 loss 0.0087 train 0.9997 test 0.7753
epoch 200/200 loss 0.0087 train 0.9997 test 0.7775
done: final 0.7775 best 0.7782 -> ./runs/ablf_catpruned_calib/seed0
=== configs/ablations_full/ablf_catpruned_calib.yaml seed 1 ===
stem calibrated on 1024 images
[ablf_catpruned_calib seed1] {"params_trainable": 11228196, "params_stem_trainable": 0, "params_stem_fixed_filters": 2904, "flops_total": 567937024, "flops_stem": 2973696, "flops_image_size": 32}
epoch 1/200 loss 3.8145 train 0.1137 test 0.1807
epoch 2/200 loss 3.1132 train 0.2235 test 0.2493
epoch 3/200 loss 2.7309 train 0.2970 test 0.3183
epoch 4/200 loss 2.4451 train 0.3549 test 0.3297
epoch 5/200 loss 2.2340 train 0.4036 test 0.3405
epoch 6/200 loss 2.0496 train 0.4447 test 0.4184
epoch 7/200 loss 1.9014 train 0.4777 test 0.4598
epoch 8/200 loss 1.7623 train 0.5098 test 0.4369
epoch 9/200 loss 1.6580 train 0.5359 test 0.5027
epoch 10/200 loss 1.5741 train 0.5569 test 0.4787
epoch 11/200 loss 1.5071 train 0.5737 test 0.4794
epoch 12/200 loss 1.4478 train 0.5864 test 0.5015
epoch 13/200 loss 1.4014 train 0.5984 test 0.5101
epoch 14/200 loss 1.3618 train 0.6092 test 0.5106
epoch 15/200 loss 1.3343 train 0.6150 test 0.5380
epoch 16/200 loss 1.2959 train 0.6290 test 0.5365
epoch 17/200 loss 1.2832 train 0.6323 test 0.5037
epoch 18/200 loss 1.2532 train 0.6390 test 0.5121
epoch 19/200 loss 1.2384 train 0.6426 test 0.5010
epoch 20/200 loss 1.2183 train 0.6471 test 0.5486
epoch 21/200 loss 1.2024 train 0.6525 test 0.5722
epoch 22/200 loss 1.1740 train 0.6586 test 0.5403
epoch 23/200 loss 1.1660 train 0.6624 test 0.5449
epoch 24/200 loss 1.1618 train 0.6616 test 0.5472
epoch 25/200 loss 1.1450 train 0.6673 test 0.5537
epoch 26/200 loss 1.1358 train 0.6680 test 0.5780
epoch 27/200 loss 1.1231 train 0.6730 test 0.5769
epoch 28/200 loss 1.1129 train 0.6757 test 0.5802
epoch 29/200 loss 1.1041 train 0.6769 test 0.5640
epoch 30/200 loss 1.0872 train 0.6813 test 0.5855
epoch 31/200 loss 1.0809 train 0.6835 test 0.5905
epoch 32/200 loss 1.0770 train 0.6838 test 0.5917
epoch 33/200 loss 1.0705 train 0.6829 test 0.5832
epoch 34/200 loss 1.0632 train 0.6886 test 0.5641
epoch 35/200 loss 1.0466 train 0.6911 test 0.5911
epoch 36/200 loss 1.0404 train 0.6955 test 0.5684
epoch 37/200 loss 1.0428 train 0.6964 test 0.5976
epoch 38/200 loss 1.0276 train 0.6971 test 0.5835
epoch 39/200 loss 1.0211 train 0.7009 test 0.5856
epoch 40/200 loss 1.0174 train 0.7019 test 0.5933
epoch 41/200 loss 1.0105 train 0.7040 test 0.5643
epoch 42/200 loss 0.9993 train 0.7075 test 0.5487
epoch 43/200 loss 0.9988 train 0.7062 test 0.6015
epoch 44/200 loss 1.0057 train 0.7046 test 0.5908
epoch 45/200 loss 0.9905 train 0.7103 test 0.5568
epoch 46/200 loss 0.9811 train 0.7123 test 0.5707
epoch 47/200 loss 0.9819 train 0.7105 test 0.5825
epoch 48/200 loss 0.9618 train 0.7134 test 0.5781
epoch 49/200 loss 0.9609 train 0.7155 test 0.5880
epoch 50/200 loss 0.9611 train 0.7158 test 0.5837
epoch 51/200 loss 0.9380 train 0.7207 test 0.5877
epoch 52/200 loss 0.9395 train 0.7204 test 0.6084
epoch 53/200 loss 0.9274 train 0.7237 test 0.5720
epoch 54/200 loss 0.9356 train 0.7220 test 0.5859
epoch 55/200 loss 0.9195 train 0.7268 test 0.5879
epoch 56/200 loss 0.9060 train 0.7302 test 0.5995
epoch 57/200 loss 0.9070 train 0.7319 test 0.6140
epoch 58/200 loss 0.8965 train 0.7322 test 0.6211
epoch 59/200 loss 0.8934 train 0.7336 test 0.6103
epoch 60/200 loss 0.8824 train 0.7367 test 0.6162
epoch 61/200 loss 0.8851 train 0.7347 test 0.6114
epoch 62/200 loss 0.8771 train 0.7401 test 0.5935
epoch 63/200 loss 0.8653 train 0.7420 test 0.5998
epoch 64/200 loss 0.8629 train 0.7439 test 0.5862
epoch 65/200 loss 0.8376 train 0.7483 test 0.6113
epoch 66/200 loss 0.8389 train 0.7470 test 0.6076
epoch 67/200 loss 0.8367 train 0.7489 test 0.6177
epoch 68/200 loss 0.8206 train 0.7545 test 0.5968
epoch 69/200 loss 0.8249 train 0.7511 test 0.6239
epoch 70/200 loss 0.8206 train 0.7522 test 0.6057
epoch 71/200 loss 0.8060 train 0.7581 test 0.6250
epoch 72/200 loss 0.8023 train 0.7569 test 0.5970
epoch 73/200 loss 0.7864 train 0.7626 test 0.6200
epoch 74/200 loss 0.7848 train 0.7647 test 0.5897
epoch 75/200 loss 0.7658 train 0.7680 test 0.5950
epoch 76/200 loss 0.7642 train 0.7695 test 0.6074
epoch 77/200 loss 0.7635 train 0.7690 test 0.6086
epoch 78/200 loss 0.7538 train 0.7716 test 0.6198
epoch 79/200 loss 0.7434 train 0.7782 test 0.6087
epoch 80/200 loss 0.7378 train 0.7743 test 0.6293
epoch 81/200 loss 0.7206 train 0.7824 test 0.6122
epoch 82/200 loss 0.7167 train 0.7830 test 0.6420
epoch 83/200 loss 0.6934 train 0.7878 test 0.6092
epoch 84/200 loss 0.7026 train 0.7868 test 0.6260
epoch 85/200 loss 0.7019 train 0.7852 test 0.6021
epoch 86/200 loss 0.6835 train 0.7902 test 0.6488
epoch 87/200 loss 0.6758 train 0.7944 test 0.6451
epoch 88/200 loss 0.6558 train 0.7989 test 0.6217
epoch 89/200 loss 0.6540 train 0.8010 test 0.6443
epoch 90/200 loss 0.6440 train 0.8056 test 0.5904
epoch 91/200 loss 0.6310 train 0.8059 test 0.6437
epoch 92/200 loss 0.6312 train 0.8058 test 0.6439
epoch 93/200 loss 0.6106 train 0.8147 test 0.6100
epoch 94/200 loss 0.6046 train 0.8134 test 0.6356
epoch 95/200 loss 0.5921 train 0.8179 test 0.6404
epoch 96/200 loss 0.5943 train 0.8180 test 0.6322
epoch 97/200 loss 0.5795 train 0.8207 test 0.6381
epoch 98/200 loss 0.5496 train 0.8307 test 0.6375
epoch 99/200 loss 0.5561 train 0.8288 test 0.6461
epoch 100/200 loss 0.5419 train 0.8331 test 0.6443
epoch 101/200 loss 0.5355 train 0.8338 test 0.6546
epoch 102/200 loss 0.5293 train 0.8355 test 0.6279
epoch 103/200 loss 0.5083 train 0.8428 test 0.6259
epoch 104/200 loss 0.4959 train 0.8474 test 0.6522
epoch 105/200 loss 0.4870 train 0.8506 test 0.6327
epoch 106/200 loss 0.4921 train 0.8478 test 0.6281
epoch 107/200 loss 0.4860 train 0.8496 test 0.6362
epoch 108/200 loss 0.4717 train 0.8537 test 0.6535
epoch 109/200 loss 0.4523 train 0.8599 test 0.6388
epoch 110/200 loss 0.4468 train 0.8608 test 0.6325
epoch 111/200 loss 0.4248 train 0.8682 test 0.6376
epoch 112/200 loss 0.4060 train 0.8738 test 0.6676
epoch 113/200 loss 0.4147 train 0.8715 test 0.6479
epoch 114/200 loss 0.3982 train 0.8754 test 0.6571
epoch 115/200 loss 0.3843 train 0.8798 test 0.6585
epoch 116/200 loss 0.3872 train 0.8798 test 0.6445
epoch 117/200 loss 0.3701 train 0.8853 test 0.6430
epoch 118/200 loss 0.3550 train 0.8900 test 0.6588
epoch 119/200 loss 0.3545 train 0.8912 test 0.6667
epoch 120/200 loss 0.3264 train 0.8996 test 0.6756
epoch 121/200 loss 0.3385 train 0.8945 test 0.6662
epoch 122/200 loss 0.3197 train 0.9009 test 0.6497
epoch 123/200 loss 0.3024 train 0.9070 test 0.6431
epoch 124/200 loss 0.2908 train 0.9107 test 0.6681
epoch 125/200 loss 0.2756 train 0.9146 test 0.6569
epoch 126/200 loss 0.2752 train 0.9161 test 0.6716
epoch 127/200 loss 0.2683 train 0.9183 test 0.6670
epoch 128/200 loss 0.2540 train 0.9214 test 0.6783
epoch 129/200 loss 0.2488 train 0.9241 test 0.6758
epoch 130/200 loss 0.2252 train 0.9318 test 0.6919
epoch 131/200 loss 0.2255 train 0.9313 test 0.6687
epoch 132/200 loss 0.2197 train 0.9335 test 0.6870
epoch 133/200 loss 0.1971 train 0.9419 test 0.6943
epoch 134/200 loss 0.1852 train 0.9452 test 0.6835
epoch 135/200 loss 0.1861 train 0.9436 test 0.6941
epoch 136/200 loss 0.1852 train 0.9461 test 0.6958
epoch 137/200 loss 0.1664 train 0.9512 test 0.6826
epoch 138/200 loss 0.1662 train 0.9524 test 0.6987
epoch 139/200 loss 0.1441 train 0.9588 test 0.6953
epoch 140/200 loss 0.1447 train 0.9594 test 0.7122
epoch 141/200 loss 0.1244 train 0.9661 test 0.7111
epoch 142/200 loss 0.1197 train 0.9670 test 0.7058
epoch 143/200 loss 0.1186 train 0.9670 test 0.7110
epoch 144/200 loss 0.1075 train 0.9711 test 0.7105
epoch 145/200 loss 0.0957 train 0.9749 test 0.7155
epoch 146/200 loss 0.0856 train 0.9788 test 0.7233
epoch 147/200 loss 0.0765 train 0.9814 test 0.7198
epoch 148/200 loss 0.0640 train 0.9850 test 0.7338
epoch 149/200 loss 0.0566 train 0.9873 test 0.7284
epoch 150/200 loss 0.0506 train 0.9893 test 0.7334
epoch 151/200 loss 0.0435 train 0.9921 test 0.7403
epoch 152/200 loss 0.0357 train 0.9936 test 0.7371
epoch 153/200 loss 0.0387 train 0.9931 test 0.7405
epoch 154/200 loss 0.0330 train 0.9946 test 0.7488
epoch 155/200 loss 0.0235 train 0.9971 test 0.7569
epoch 156/200 loss 0.0175 train 0.9983 test 0.7607
epoch 157/200 loss 0.0184 train 0.9980 test 0.7600
epoch 158/200 loss 0.0165 train 0.9985 test 0.7641
epoch 159/200 loss 0.0133 train 0.9990 test 0.7690
epoch 160/200 loss 0.0134 train 0.9989 test 0.7685
epoch 161/200 loss 0.0127 train 0.9991 test 0.7739
epoch 162/200 loss 0.0114 train 0.9993 test 0.7768
epoch 163/200 loss 0.0110 train 0.9993 test 0.7754
epoch 164/200 loss 0.0110 train 0.9992 test 0.7762
epoch 165/200 loss 0.0107 train 0.9995 test 0.7778
epoch 166/200 loss 0.0108 train 0.9994 test 0.7796
epoch 167/200 loss 0.0109 train 0.9994 test 0.7806
epoch 168/200 loss 0.0109 train 0.9993 test 0.7773
epoch 169/200 loss 0.0106 train 0.9996 test 0.7818
epoch 170/200 loss 0.0098 train 0.9996 test 0.7823
epoch 171/200 loss 0.0096 train 0.9996 test 0.7821
epoch 172/200 loss 0.0097 train 0.9996 test 0.7843
epoch 173/200 loss 0.0096 train 0.9996 test 0.7825
epoch 174/200 loss 0.0098 train 0.9996 test 0.7826
epoch 175/200 loss 0.0098 train 0.9995 test 0.7813
epoch 176/200 loss 0.0093 train 0.9996 test 0.7824
epoch 177/200 loss 0.0093 train 0.9997 test 0.7830
epoch 178/200 loss 0.0094 train 0.9996 test 0.7835
epoch 179/200 loss 0.0095 train 0.9996 test 0.7825
epoch 180/200 loss 0.0091 train 0.9997 test 0.7846
epoch 181/200 loss 0.0092 train 0.9997 test 0.7845
epoch 182/200 loss 0.0090 train 0.9997 test 0.7837
epoch 183/200 loss 0.0092 train 0.9997 test 0.7852
epoch 184/200 loss 0.0092 train 0.9997 test 0.7858
epoch 185/200 loss 0.0090 train 0.9997 test 0.7869
epoch 186/200 loss 0.0087 train 0.9997 test 0.7855
epoch 187/200 loss 0.0089 train 0.9996 test 0.7843
epoch 188/200 loss 0.0087 train 0.9997 test 0.7846
epoch 189/200 loss 0.0088 train 0.9997 test 0.7848
epoch 190/200 loss 0.0088 train 0.9997 test 0.7857
epoch 191/200 loss 0.0086 train 0.9997 test 0.7857
epoch 192/200 loss 0.0089 train 0.9996 test 0.7852
epoch 193/200 loss 0.0086 train 0.9998 test 0.7853
epoch 194/200 loss 0.0087 train 0.9997 test 0.7847
epoch 195/200 loss 0.0087 train 0.9997 test 0.7856
epoch 196/200 loss 0.0086 train 0.9998 test 0.7854
epoch 197/200 loss 0.0087 train 0.9997 test 0.7858
epoch 198/200 loss 0.0086 train 0.9998 test 0.7848
epoch 199/200 loss 0.0087 train 0.9998 test 0.7857
epoch 200/200 loss 0.0086 train 0.9996 test 0.7875
done: final 0.7875 best 0.7875 -> ./runs/ablf_catpruned_calib/seed1
=== configs/ablations_full/ablf50_none.yaml seed 0 ===
[ablf50_none seed0] {"params_trainable": 23705252, "params_stem_trainable": 0, "params_stem_fixed_filters": 0, "flops_total": 1304911872, "flops_stem": 0, "flops_image_size": 32}
epoch 1/200 loss 4.0134 train 0.0925 test 0.1197
epoch 2/200 loss 3.4551 train 0.1706 test 0.2167
epoch 3/200 loss 2.9698 train 0.2530 test 0.2655
epoch 4/200 loss 2.5078 train 0.3417 test 0.3707
epoch 5/200 loss 2.2060 train 0.4089 test 0.4015
epoch 6/200 loss 2.0158 train 0.4497 test 0.4311
epoch 7/200 loss 1.8778 train 0.4814 test 0.4454
epoch 8/200 loss 1.7769 train 0.5069 test 0.4641
epoch 9/200 loss 1.6820 train 0.5278 test 0.4656
epoch 10/200 loss 1.6113 train 0.5445 test 0.4829
epoch 11/200 loss 1.5508 train 0.5606 test 0.4883
epoch 12/200 loss 1.4986 train 0.5748 test 0.5046
epoch 13/200 loss 1.4534 train 0.5848 test 0.5060
epoch 14/200 loss 1.4198 train 0.5969 test 0.4437
epoch 15/200 loss 1.3861 train 0.6056 test 0.5178
epoch 16/200 loss 1.3526 train 0.6119 test 0.5202
epoch 17/200 loss 1.3335 train 0.6153 test 0.5382
epoch 18/200 loss 1.3061 train 0.6224 test 0.5170
epoch 19/200 loss 1.2784 train 0.6311 test 0.5289
epoch 20/200 loss 1.2729 train 0.6335 test 0.5320
epoch 21/200 loss 1.2421 train 0.6430 test 0.5173
epoch 22/200 loss 1.2206 train 0.6479 test 0.5104
epoch 23/200 loss 1.2096 train 0.6501 test 0.5232
epoch 24/200 loss 1.1921 train 0.6540 test 0.5291
epoch 25/200 loss 1.1820 train 0.6568 test 0.5287
epoch 26/200 loss 1.1743 train 0.6592 test 0.5958
epoch 27/200 loss 1.1655 train 0.6616 test 0.5318
epoch 28/200 loss 1.1471 train 0.6668 test 0.5766
epoch 29/200 loss 1.1362 train 0.6672 test 0.5763
epoch 30/200 loss 1.1260 train 0.6715 test 0.5626
epoch 31/200 loss 1.1219 train 0.6709 test 0.5797
epoch 32/200 loss 1.1054 train 0.6774 test 0.5633
epoch 33/200 loss 1.1107 train 0.6749 test 0.5820
epoch 34/200 loss 1.0907 train 0.6794 test 0.5415
epoch 35/200 loss 1.0880 train 0.6820 test 0.5962
epoch 36/200 loss 1.0753 train 0.6839 test 0.5723
epoch 37/200 loss 1.0617 train 0.6920 test 0.5826
epoch 38/200 loss 1.0675 train 0.6865 test 0.5345
epoch 39/200 loss 1.0483 train 0.6924 test 0.5842
epoch 40/200 loss 1.0560 train 0.6910 test 0.5029
epoch 41/200 loss 1.0435 train 0.6952 test 0.5567
epoch 42/200 loss 1.0312 train 0.6953 test 0.6067
epoch 43/200 loss 1.0364 train 0.6943 test 0.5824
epoch 44/200 loss 1.0188 train 0.6995 test 0.5411
epoch 45/200 loss 1.0131 train 0.7016 test 0.5614
epoch 46/200 loss 1.0112 train 0.7002 test 0.5940
epoch 47/200 loss 1.0089 train 0.7017 test 0.5659
epoch 48/200 loss 1.0011 train 0.7034 test 0.5779
epoch 49/200 loss 0.9924 train 0.7085 test 0.5751
epoch 50/200 loss 0.9842 train 0.7108 test 0.6070
epoch 51/200 loss 0.9650 train 0.7139 test 0.5803
epoch 52/200 loss 0.9719 train 0.7135 test 0.5581
epoch 53/200 loss 0.9561 train 0.7142 test 0.5705
epoch 54/200 loss 0.9595 train 0.7191 test 0.5597
epoch 55/200 loss 0.9517 train 0.7184 test 0.5803
epoch 56/200 loss 0.9499 train 0.7184 test 0.6091
epoch 57/200 loss 0.9302 train 0.7240 test 0.5666
epoch 58/200 loss 0.9438 train 0.7194 test 0.6058
epoch 59/200 loss 0.9250 train 0.7254 test 0.5758
epoch 60/200 loss 0.9176 train 0.7280 test 0.5762
epoch 61/200 loss 0.9169 train 0.7261 test 0.5907
epoch 62/200 loss 0.9079 train 0.7312 test 0.6075
epoch 63/200 loss 0.9031 train 0.7323 test 0.5959
epoch 64/200 loss 0.8887 train 0.7345 test 0.6120
epoch 65/200 loss 0.8861 train 0.7358 test 0.5962
epoch 66/200 loss 0.8870 train 0.7363 test 0.5943
epoch 67/200 loss 0.8759 train 0.7378 test 0.6308
epoch 68/200 loss 0.8681 train 0.7396 test 0.5731
epoch 69/200 loss 0.8638 train 0.7412 test 0.5961
epoch 70/200 loss 0.8649 train 0.7411 test 0.6093
epoch 71/200 loss 0.8438 train 0.7469 test 0.6206
epoch 72/200 loss 0.8385 train 0.7480 test 0.6390
epoch 73/200 loss 0.8360 train 0.7490 test 0.6073
epoch 74/200 loss 0.8274 train 0.7526 test 0.6543
epoch 75/200 loss 0.8144 train 0.7554 test 0.6263
epoch 76/200 loss 0.8168 train 0.7546 test 0.5632
epoch 77/200 loss 0.7992 train 0.7615 test 0.5879
epoch 78/200 loss 0.8010 train 0.7600 test 0.6235
epoch 79/200 loss 0.7905 train 0.7628 test 0.6098
epoch 80/200 loss 0.7874 train 0.7620 test 0.6062
epoch 81/200 loss 0.7748 train 0.7665 test 0.6447
epoch 82/200 loss 0.7721 train 0.7667 test 0.6369
epoch 83/200 loss 0.7575 train 0.7703 test 0.6317
epoch 84/200 loss 0.7546 train 0.7718 test 0.5915
epoch 85/200 loss 0.7478 train 0.7735 test 0.6439
epoch 86/200 loss 0.7367 train 0.7761 test 0.6457
epoch 87/200 loss 0.7268 train 0.7784 test 0.6568
epoch 88/200 loss 0.7250 train 0.7790 test 0.6379
epoch 89/200 loss 0.7195 train 0.7796 test 0.6378
epoch 90/200 loss 0.7001 train 0.7855 test 0.6263
epoch 91/200 loss 0.6938 train 0.7873 test 0.6418
epoch 92/200 loss 0.6907 train 0.7889 test 0.6269
epoch 93/200 loss 0.6867 train 0.7899 test 0.6305
epoch 94/200 loss 0.6762 train 0.7929 test 0.6504
epoch 95/200 loss 0.6618 train 0.7976 test 0.6171
epoch 96/200 loss 0.6561 train 0.7990 test 0.6281
epoch 97/200 loss 0.6453 train 0.8029 test 0.6515
epoch 98/200 loss 0.6316 train 0.8049 test 0.6251
epoch 99/200 loss 0.6200 train 0.8102 test 0.6491
epoch 100/200 loss 0.6233 train 0.8091 test 0.6506
epoch 101/200 loss 0.6025 train 0.8129 test 0.6357
epoch 102/200 loss 0.5980 train 0.8149 test 0.6695
epoch 103/200 loss 0.5938 train 0.8149 test 0.6647
epoch 104/200 loss 0.5770 train 0.8221 test 0.6634
epoch 105/200 loss 0.5671 train 0.8250 test 0.6452
epoch 106/200 loss 0.5611 train 0.8279 test 0.6521
epoch 107/200 loss 0.5452 train 0.8306 test 0.6599
epoch 108/200 loss 0.5427 train 0.8328 test 0.6731
epoch 109/200 loss 0.5335 train 0.8327 test 0.6701
epoch 110/200 loss 0.5216 train 0.8356 test 0.6615
epoch 111/200 loss 0.5041 train 0.8420 test 0.6613
epoch 112/200 loss 0.5065 train 0.8420 test 0.6300
epoch 113/200 loss 0.4872 train 0.8472 test 0.6312
epoch 114/200 loss 0.4825 train 0.8498 test 0.6633
epoch 115/200 loss 0.4672 train 0.8543 test 0.6724
epoch 116/200 loss 0.4611 train 0.8571 test 0.6680
epoch 117/200 loss 0.4492 train 0.8594 test 0.6474
epoch 118/200 loss 0.4570 train 0.8573 test 0.6800
epoch 119/200 loss 0.4257 train 0.8650 test 0.6965
epoch 120/200 loss 0.4184 train 0.8691 test 0.6839
epoch 121/200 loss 0.4108 train 0.8719 test 0.6930
epoch 122/200 loss 0.3843 train 0.8799 test 0.6672
epoch 123/200 loss 0.3885 train 0.8775 test 0.6481
epoch 124/200 loss 0.3860 train 0.8793 test 0.6814
epoch 125/200 loss 0.3782 train 0.8814 test 0.6850
epoch 126/200 loss 0.3419 train 0.8926 test 0.6964
epoch 127/200 loss 0.3493 train 0.8900 test 0.6786
epoch 128/200 loss 0.3327 train 0.8960 test 0.7052
epoch 129/200 loss 0.3205 train 0.8998 test 0.6804
epoch 130/200 loss 0.3140 train 0.9008 test 0.6927
epoch 131/200 loss 0.3021 train 0.9050 test 0.6917
epoch 132/200 loss 0.2860 train 0.9107 test 0.7015
epoch 133/200 loss 0.2823 train 0.9123 test 0.6982
epoch 134/200 loss 0.2702 train 0.9163 test 0.7064
epoch 135/200 loss 0.2588 train 0.9186 test 0.7006
epoch 136/200 loss 0.2505 train 0.9216 test 0.6937
epoch 137/200 loss 0.2337 train 0.9266 test 0.6996
epoch 138/200 loss 0.2256 train 0.9299 test 0.7343
epoch 139/200 loss 0.2151 train 0.9329 test 0.6976
epoch 140/200 loss 0.2156 train 0.9328 test 0.7126
epoch 141/200 loss 0.2031 train 0.9370 test 0.7281
epoch 142/200 loss 0.1775 train 0.9455 test 0.7184
epoch 143/200 loss 0.1710 train 0.9479 test 0.7206
epoch 144/200 loss 0.1558 train 0.9531 test 0.7211
epoch 145/200 loss 0.1482 train 0.9560 test 0.7196
epoch 146/200 loss 0.1436 train 0.9564 test 0.7141
epoch 147/200 loss 0.1339 train 0.9604 test 0.7339
epoch 148/200 loss 0.1254 train 0.9632 test 0.7369
epoch 149/200 loss 0.1255 train 0.9628 test 0.7317
epoch 150/200 loss 0.1099 train 0.9692 test 0.7345
epoch 151/200 loss 0.1025 train 0.9704 test 0.7400
epoch 152/200 loss 0.0915 train 0.9741 test 0.7405
epoch 153/200 loss 0.0796 train 0.9785 test 0.7511
epoch 154/200 loss 0.0771 train 0.9791 test 0.7548
epoch 155/200 loss 0.0594 train 0.9852 test 0.7514
epoch 156/200 loss 0.0613 train 0.9846 test 0.7646
epoch 157/200 loss 0.0595 train 0.9842 test 0.7589
epoch 158/200 loss 0.0466 train 0.9884 test 0.7605
epoch 159/200 loss 0.0416 train 0.9902 test 0.7675
epoch 160/200 loss 0.0372 train 0.9915 test 0.7727
epoch 161/200 loss 0.0354 train 0.9921 test 0.7726
epoch 162/200 loss 0.0297 train 0.9938 test 0.7668
epoch 163/200 loss 0.0221 train 0.9957 test 0.7843
epoch 164/200 loss 0.0206 train 0.9963 test 0.7799
epoch 165/200 loss 0.0155 train 0.9975 test 0.7859
epoch 166/200 loss 0.0135 train 0.9981 test 0.7876
epoch 167/200 loss 0.0112 train 0.9984 test 0.7916
epoch 168/200 loss 0.0100 train 0.9988 test 0.7933
epoch 169/200 loss 0.0106 train 0.9985 test 0.7946
epoch 170/200 loss 0.0083 train 0.9990 test 0.7973
epoch 171/200 loss 0.0076 train 0.9992 test 0.7994
epoch 172/200 loss 0.0074 train 0.9992 test 0.8006
epoch 173/200 loss 0.0073 train 0.9993 test 0.7982
epoch 174/200 loss 0.0068 train 0.9993 test 0.8015
epoch 175/200 loss 0.0064 train 0.9995 test 0.8019
epoch 176/200 loss 0.0058 train 0.9997 test 0.8026
epoch 177/200 loss 0.0059 train 0.9995 test 0.8028
epoch 178/200 loss 0.0059 train 0.9996 test 0.8020
epoch 179/200 loss 0.0059 train 0.9996 test 0.8010
epoch 180/200 loss 0.0060 train 0.9996 test 0.8029
epoch 181/200 loss 0.0059 train 0.9996 test 0.8018
epoch 182/200 loss 0.0057 train 0.9996 test 0.8025
epoch 183/200 loss 0.0058 train 0.9996 test 0.8026
epoch 184/200 loss 0.0057 train 0.9997 test 0.8030
epoch 185/200 loss 0.0056 train 0.9997 test 0.8036
epoch 186/200 loss 0.0055 train 0.9997 test 0.8027
epoch 187/200 loss 0.0054 train 0.9996 test 0.8030
epoch 188/200 loss 0.0054 train 0.9996 test 0.8038
epoch 189/200 loss 0.0054 train 0.9997 test 0.8045
epoch 190/200 loss 0.0055 train 0.9997 test 0.8045
epoch 191/200 loss 0.0053 train 0.9997 test 0.8046
epoch 192/200 loss 0.0053 train 0.9997 test 0.8052
epoch 193/200 loss 0.0053 train 0.9997 test 0.8019
epoch 194/200 loss 0.0055 train 0.9997 test 0.8039
epoch 195/200 loss 0.0053 train 0.9998 test 0.8016
epoch 196/200 loss 0.0053 train 0.9997 test 0.8030
epoch 197/200 loss 0.0054 train 0.9997 test 0.8026
epoch 198/200 loss 0.0053 train 0.9997 test 0.8044
epoch 199/200 loss 0.0054 train 0.9996 test 0.8032
epoch 200/200 loss 0.0054 train 0.9997 test 0.8051
done: final 0.8051 best 0.8052 -> ./runs/ablf50_none/seed0
=== configs/ablations_full/ablf50_gaboronly_calib.yaml seed 0 ===
stem calibrated on 1024 images
[ablf50_gaboronly_calib seed0] {"params_trainable": 23710436, "params_stem_trainable": 0, "params_stem_fixed_filters": 1089, "flops_total": 1311335424, "flops_stem": 1115136, "flops_image_size": 32}
epoch 1/200 loss 3.9495 train 0.1001 test 0.1465
epoch 2/200 loss 3.3101 train 0.1932 test 0.2311
epoch 3/200 loss 2.9282 train 0.2606 test 0.2731
epoch 4/200 loss 2.6184 train 0.3204 test 0.3290
epoch 5/200 loss 2.3870 train 0.3721 test 0.3684
epoch 6/200 loss 2.2063 train 0.4087 test 0.3940
epoch 7/200 loss 2.0393 train 0.4450 test 0.4184
epoch 8/200 loss 1.8935 train 0.4783 test 0.4228
epoch 9/200 loss 1.7740 train 0.5079 test 0.4643
epoch 10/200 loss 1.6839 train 0.5283 test 0.4516
epoch 11/200 loss 1.6160 train 0.5461 test 0.4820
epoch 12/200 loss 1.5580 train 0.5602 test 0.5070
epoch 13/200 loss 1.5082 train 0.5728 test 0.5272
epoch 14/200 loss 1.4638 train 0.5856 test 0.5135
epoch 15/200 loss 1.4291 train 0.5922 test 0.4907
epoch 16/200 loss 1.3911 train 0.6026 test 0.4622
epoch 17/200 loss 1.3764 train 0.6034 test 0.5316
epoch 18/200 loss 1.3341 train 0.6180 test 0.5007
epoch 19/200 loss 1.3087 train 0.6251 test 0.5457
epoch 20/200 loss 1.3013 train 0.6265 test 0.5721
epoch 21/200 loss 1.2719 train 0.6300 test 0.5483
epoch 22/200 loss 1.2611 train 0.6362 test 0.5389
epoch 23/200 loss 1.2401 train 0.6410 test 0.5416
epoch 24/200 loss 1.2224 train 0.6469 test 0.5595
epoch 25/200 loss 1.2111 train 0.6519 test 0.5674
epoch 26/200 loss 1.1971 train 0.6527 test 0.5798
epoch 27/200 loss 1.2023 train 0.6518 test 0.5344
epoch 28/200 loss 1.1810 train 0.6570 test 0.5376
epoch 29/200 loss 1.1595 train 0.6618 test 0.5748
epoch 30/200 loss 1.1563 train 0.6663 test 0.5422
epoch 31/200 loss 1.1474 train 0.6636 test 0.5712
epoch 32/200 loss 1.1308 train 0.6726 test 0.5583
epoch 33/200 loss 1.1293 train 0.6690 test 0.5878
epoch 34/200 loss 1.1164 train 0.6734 test 0.5587
epoch 35/200 loss 1.1124 train 0.6745 test 0.5644
epoch 36/200 loss 1.0984 train 0.6792 test 0.5807
epoch 37/200 loss 1.0883 train 0.6838 test 0.5816
epoch 38/200 loss 1.0914 train 0.6808 test 0.5537
epoch 39/200 loss 1.0784 train 0.6853 test 0.5696
epoch 40/200 loss 1.0744 train 0.6889 test 0.5883
epoch 41/200 loss 1.0574 train 0.6907 test 0.5660
epoch 42/200 loss 1.0564 train 0.6906 test 0.5868
epoch 43/200 loss 1.0581 train 0.6899 test 0.5877
epoch 44/200 loss 1.0443 train 0.6947 test 0.5813
epoch 45/200 loss 1.0367 train 0.6969 test 0.5732
epoch 46/200 loss 1.0359 train 0.6953 test 0.5826
epoch 47/200 loss 1.0305 train 0.6969 test 0.5484
epoch 48/200 loss 1.0179 train 0.6991 test 0.5781
epoch 49/200 loss 1.0126 train 0.7009 test 0.5656
epoch 50/200 loss 1.0037 train 0.7058 test 0.5784
epoch 51/200 loss 0.9861 train 0.7098 test 0.5835
epoch 52/200 loss 0.9959 train 0.7079 test 0.5973
epoch 53/200 loss 0.9827 train 0.7078 test 0.5745
epoch 54/200 loss 0.9772 train 0.7125 test 0.5716
epoch 55/200 loss 0.9728 train 0.7108 test 0.5827
epoch 56/200 loss 0.9699 train 0.7140 test 0.5869
epoch 57/200 loss 0.9620 train 0.7153 test 0.6037
epoch 58/200 loss 0.9557 train 0.7167 test 0.5902
epoch 59/200 loss 0.9425 train 0.7222 test 0.5960
epoch 60/200 loss 0.9411 train 0.7215 test 0.5555
epoch 61/200 loss 0.9371 train 0.7213 test 0.5833
epoch 62/200 loss 0.9294 train 0.7258 test 0.6137
epoch 63/200 loss 0.9207 train 0.7265 test 0.5914
epoch 64/200 loss 0.9101 train 0.7300 test 0.6397
epoch 65/200 loss 0.9058 train 0.7299 test 0.5714
epoch 66/200 loss 0.9005 train 0.7313 test 0.6005
epoch 67/200 loss 0.8990 train 0.7321 test 0.5631
epoch 68/200 loss 0.8846 train 0.7366 test 0.5559
epoch 69/200 loss 0.8880 train 0.7364 test 0.6032
epoch 70/200 loss 0.8773 train 0.7386 test 0.6266
epoch 71/200 loss 0.8746 train 0.7388 test 0.6111
epoch 72/200 loss 0.8698 train 0.7389 test 0.6235
epoch 73/200 loss 0.8537 train 0.7449 test 0.6283
epoch 74/200 loss 0.8514 train 0.7456 test 0.6360
epoch 75/200 loss 0.8355 train 0.7499 test 0.5915
epoch 76/200 loss 0.8386 train 0.7475 test 0.5678
epoch 77/200 loss 0.8241 train 0.7522 test 0.6002
epoch 78/200 loss 0.8205 train 0.7534 test 0.5906
epoch 79/200 loss 0.8132 train 0.7554 test 0.6477
epoch 80/200 loss 0.7919 train 0.7615 test 0.5919
epoch 81/200 loss 0.7996 train 0.7613 test 0.6152
epoch 82/200 loss 0.7916 train 0.7606 test 0.6041
epoch 83/200 loss 0.7812 train 0.7644 test 0.6322
epoch 84/200 loss 0.7742 train 0.7663 test 0.5993
epoch 85/200 loss 0.7618 train 0.7693 test 0.6099
epoch 86/200 loss 0.7530 train 0.7727 test 0.6128
epoch 87/200 loss 0.7507 train 0.7723 test 0.6478
epoch 88/200 loss 0.7424 train 0.7762 test 0.6415
epoch 89/200 loss 0.7377 train 0.7761 test 0.6558
epoch 90/200 loss 0.7283 train 0.7793 test 0.6240
epoch 91/200 loss 0.7115 train 0.7846 test 0.6325
epoch 92/200 loss 0.7056 train 0.7840 test 0.6507
epoch 93/200 loss 0.6959 train 0.7890 test 0.6021
epoch 94/200 loss 0.6947 train 0.7884 test 0.6468
epoch 95/200 loss 0.6825 train 0.7917 test 0.6213
epoch 96/200 loss 0.6776 train 0.7936 test 0.6492
epoch 97/200 loss 0.6625 train 0.7956 test 0.6501
epoch 98/200 loss 0.6542 train 0.7991 test 0.6602
epoch 99/200 loss 0.6411 train 0.8036 test 0.6095
epoch 100/200 loss 0.6394 train 0.8039 test 0.6461
epoch 101/200 loss 0.6241 train 0.8057 test 0.6463
epoch 102/200 loss 0.6107 train 0.8117 test 0.6516
epoch 103/200 loss 0.6101 train 0.8125 test 0.6510
epoch 104/200 loss 0.5943 train 0.8175 test 0.6648
epoch 105/200 loss 0.5823 train 0.8196 test 0.6483
epoch 106/200 loss 0.5770 train 0.8217 test 0.6429
epoch 107/200 loss 0.5691 train 0.8228 test 0.6588
epoch 108/200 loss 0.5577 train 0.8260 test 0.6561
epoch 109/200 loss 0.5540 train 0.8283 test 0.6649
epoch 110/200 loss 0.5313 train 0.8353 test 0.6583
epoch 111/200 loss 0.5271 train 0.8368 test 0.6645
epoch 112/200 loss 0.5181 train 0.8398 test 0.6526
epoch 113/200 loss 0.5052 train 0.8431 test 0.6788
epoch 114/200 loss 0.4961 train 0.8463 test 0.6790
epoch 115/200 loss 0.4800 train 0.8494 test 0.6846
epoch 116/200 loss 0.4801 train 0.8504 test 0.6760
epoch 117/200 loss 0.4664 train 0.8526 test 0.6833
epoch 118/200 loss 0.4521 train 0.8602 test 0.6806
epoch 119/200 loss 0.4444 train 0.8602 test 0.6791
epoch 120/200 loss 0.4276 train 0.8659 test 0.6720
epoch 121/200 loss 0.4128 train 0.8716 test 0.6792
epoch 122/200 loss 0.4120 train 0.8703 test 0.6874
epoch 123/200 loss 0.3899 train 0.8767 test 0.6556
epoch 124/200 loss 0.3948 train 0.8761 test 0.6872
epoch 125/200 loss 0.3887 train 0.8791 test 0.6771
epoch 126/200 loss 0.3603 train 0.8864 test 0.6641
epoch 127/200 loss 0.3575 train 0.8877 test 0.6887
epoch 128/200 loss 0.3469 train 0.8924 test 0.6911
epoch 129/200 loss 0.3308 train 0.8962 test 0.6651
epoch 130/200 loss 0.3264 train 0.8985 test 0.6887
epoch 131/200 loss 0.3041 train 0.9042 test 0.6893
epoch 132/200 loss 0.3070 train 0.9017 test 0.7023
epoch 133/200 loss 0.2945 train 0.9085 test 0.6940
epoch 134/200 loss 0.2817 train 0.9104 test 0.6833
epoch 135/200 loss 0.2678 train 0.9170 test 0.7065
epoch 136/200 loss 0.2506 train 0.9222 test 0.6998
epoch 137/200 loss 0.2401 train 0.9256 test 0.7026
epoch 138/200 loss 0.2307 train 0.9280 test 0.7109
epoch 139/200 loss 0.2300 train 0.9287 test 0.7036
epoch 140/200 loss 0.2092 train 0.9356 test 0.7135
epoch 141/200 loss 0.1968 train 0.9394 test 0.7129
epoch 142/200 loss 0.1957 train 0.9406 test 0.7058
epoch 143/200 loss 0.1771 train 0.9453 test 0.7046
epoch 144/200 loss 0.1794 train 0.9456 test 0.7209
epoch 145/200 loss 0.1588 train 0.9519 test 0.7247
epoch 146/200 loss 0.1531 train 0.9535 test 0.7221
epoch 147/200 loss 0.1374 train 0.9598 test 0.7273
epoch 148/200 loss 0.1270 train 0.9621 test 0.7288
epoch 149/200 loss 0.1257 train 0.9628 test 0.7280
epoch 150/200 loss 0.1226 train 0.9640 test 0.7350
epoch 151/200 loss 0.1030 train 0.9708 test 0.7433
epoch 152/200 loss 0.0994 train 0.9713 test 0.7408
epoch 153/200 loss 0.0860 train 0.9759 test 0.7458
epoch 154/200 loss 0.0771 train 0.9795 test 0.7529
epoch 155/200 loss 0.0697 train 0.9811 test 0.7536
epoch 156/200 loss 0.0611 train 0.9837 test 0.7492
epoch 157/200 loss 0.0559 train 0.9862 test 0.7534
epoch 158/200 loss 0.0483 train 0.9880 test 0.7496
epoch 159/200 loss 0.0395 train 0.9906 test 0.7642
epoch 160/200 loss 0.0370 train 0.9916 test 0.7691
epoch 161/200 loss 0.0298 train 0.9934 test 0.7665
epoch 162/200 loss 0.0295 train 0.9938 test 0.7714
epoch 163/200 loss 0.0253 train 0.9949 test 0.7746
epoch 164/200 loss 0.0205 train 0.9963 test 0.7777
epoch 165/200 loss 0.0156 train 0.9974 test 0.7793
epoch 166/200 loss 0.0128 train 0.9983 test 0.7870
epoch 167/200 loss 0.0118 train 0.9982 test 0.7845
epoch 168/200 loss 0.0097 train 0.9988 test 0.7873
epoch 169/200 loss 0.0098 train 0.9988 test 0.7904
epoch 170/200 loss 0.0090 train 0.9989 test 0.7888
epoch 171/200 loss 0.0087 train 0.9992 test 0.7920
epoch 172/200 loss 0.0083 train 0.9991 test 0.7909
epoch 173/200 loss 0.0077 train 0.9992 test 0.7889
epoch 174/200 loss 0.0075 train 0.9992 test 0.7944
epoch 175/200 loss 0.0065 train 0.9995 test 0.7932
epoch 176/200 loss 0.0062 train 0.9996 test 0.7961
epoch 177/200 loss 0.0061 train 0.9996 test 0.7956
epoch 178/200 loss 0.0062 train 0.9995 test 0.7981
epoch 179/200 loss 0.0060 train 0.9996 test 0.7962
epoch 180/200 loss 0.0060 train 0.9995 test 0.7986
epoch 181/200 loss 0.0059 train 0.9996 test 0.7973
epoch 182/200 loss 0.0059 train 0.9996 test 0.7974
epoch 183/200 loss 0.0057 train 0.9997 test 0.7975
epoch 184/200 loss 0.0056 train 0.9998 test 0.7985
epoch 185/200 loss 0.0057 train 0.9996 test 0.7971
epoch 186/200 loss 0.0056 train 0.9996 test 0.7968
epoch 187/200 loss 0.0058 train 0.9995 test 0.7970
epoch 188/200 loss 0.0057 train 0.9995 test 0.7969
epoch 189/200 loss 0.0056 train 0.9997 test 0.7982
epoch 190/200 loss 0.0056 train 0.9996 test 0.7973
epoch 191/200 loss 0.0055 train 0.9997 test 0.7981
epoch 192/200 loss 0.0055 train 0.9996 test 0.7980
epoch 193/200 loss 0.0056 train 0.9996 test 0.7970
epoch 194/200 loss 0.0055 train 0.9997 test 0.7989
epoch 195/200 loss 0.0055 train 0.9997 test 0.7975
epoch 196/200 loss 0.0054 train 0.9997 test 0.7969
epoch 197/200 loss 0.0055 train 0.9996 test 0.7979
epoch 198/200 loss 0.0054 train 0.9997 test 0.7979
epoch 199/200 loss 0.0054 train 0.9997 test 0.7979
epoch 200/200 loss 0.0055 train 0.9997 test 0.7988
done: final 0.7988 best 0.7989 -> ./runs/ablf50_gaboronly_calib/seed0
LOCAL_WAVE_COMPLETE
