[r50_none_10pct seed0] {"params_trainable": 23705252, "params_stem_trainable": 0, "params_stem_fixed_filters": 0, "flops_total": 1304911872, "flops_stem": 0, "flops_image_size": 32}
epoch 1/200 loss 4.7303 train 0.0383 test 0.0649
epoch 2/200 loss 4.2600 train 0.0681 test 0.0657
epoch 3/200 loss 4.0256 train 0.0821 test 0.0919
epoch 4/200 loss 3.9073 train 0.1000 test 0.0885
epoch 5/200 loss 3.8324 train 0.1024 test 0.0990
epoch 6/200 loss 3.7756 train 0.1190 test 0.0972
epoch 7/200 loss 3.7091 train 0.1212 test 0.1170
epoch 8/200 loss 3.6474 train 0.1338 test 0.1079
epoch 9/200 loss 3.5903 train 0.1406 test 0.1155
epoch 10/200 loss 3.5278 train 0.1502 test 0.1204
epoch 11/200 loss 3.4730 train 0.1613 test 0.1321
epoch 12/200 loss 3.3967 train 0.1749 test 0.1426
epoch 13/200 loss 3.3326 train 0.1905 test 0.1442
epoch 14/200 loss 3.2657 train 0.1947 test 0.1426
epoch 15/200 loss 3.1690 train 0.2069 test 0.1491
epoch 16/200 loss 3.0971 train 0.2208 test 0.1553
epoch 17/200 loss 3.0105 train 0.2392 test 0.1773
epoch 18/200 loss 2.9232 train 0.2520 test 0.1803
epoch 19/200 loss 2.8356 train 0.2684 test 0.1802
epoch 20/200 loss 2.7737 train 0.2855 test 0.1942
epoch 21/200 loss 2.6786 train 0.2963 test 0.1780
epoch 22/200 loss 2.5641 train 0.3245 test 0.2134
epoch 23/200 loss 2.4827 train 0.3413 test 0.2021
epoch 24/200 loss 2.4080 train 0.3536 test 0.2200
epoch 25/200 loss 2.3232 train 0.3728 test 0.2308
epoch 26/200 loss 2.2217 train 0.3942 test 0.2220
epoch 27/200 loss 2.1358 train 0.4173 test 0.2123
epoch 28/200 loss 2.0645 train 0.4305 test 0.2419
epoch 29/200 loss 1.9616 train 0.4625 test 0.2284
epoch 30/200 loss 1.8690 train 0.4800 test 0.2271
epoch 31/200 loss 1.8509 train 0.4762 test 0.2371
epoch 32/200 loss 1.7335 train 0.5104 test 0.2473
epoch 33/200 loss 1.6059 train 0.5443 test 0.2606
epoch 34/200 loss 1.5113 train 0.5621 test 0.2498
epoch 35/200 loss 1.4977 train 0.5709 test 0.2626
epoch 36/200 loss 1.3903 train 0.5917 test 0.2446
epoch 37/200 loss 1.2917 train 0.6194 test 0.2648
epoch 38/200 loss 1.2184 train 0.6380 test 0.2453
epoch 39/200 loss 1.1319 train 0.6524 test 0.2746
epoch 40/200 loss 1.0697 train 0.6799 test 0.2757
epoch 41/200 loss 1.0169 train 0.6959 test 0.2390
epoch 42/200 loss 0.9610 train 0.7081 test 0.2647
epoch 43/200 loss 0.8720 train 0.7348 test 0.2788
epoch 44/200 loss 0.8424 train 0.7406 test 0.2661
epoch 45/200 loss 0.7969 train 0.7556 test 0.2902
epoch 46/200 loss 0.6798 train 0.7957 test 0.2634
epoch 47/200 loss 0.7080 train 0.7841 test 0.2908
epoch 48/200 loss 0.6105 train 0.8139 test 0.2914
epoch 49/200 loss 0.5771 train 0.8283 test 0.3036
epoch 50/200 loss 0.5210 train 0.8401 test 0.2984
epoch 51/200 loss 0.4858 train 0.8466 test 0.2751
epoch 52/200 loss 0.4851 train 0.8500 test 0.2826
epoch 53/200 loss 0.4407 train 0.8670 test 0.3056
epoch 54/200 loss 0.3644 train 0.8896 test 0.2837
epoch 55/200 loss 0.3969 train 0.8796 test 0.2692
epoch 56/200 loss 0.3762 train 0.8894 test 0.2785
epoch 57/200 loss 0.3322 train 0.9016 test 0.2858
epoch 58/200 loss 0.3389 train 0.8962 test 0.2972
epoch 59/200 loss 0.3516 train 0.8986 test 0.2595
epoch 60/200 loss 0.3231 train 0.9079 test 0.2944
epoch 61/200 loss 0.3538 train 0.8984 test 0.3068
epoch 62/200 loss 0.3069 train 0.9056 test 0.3036
epoch 63/200 loss 0.2538 train 0.9283 test 0.3103
epoch 64/200 loss 0.2016 train 0.9455 test 0.3133
epoch 65/200 loss 0.1852 train 0.9473 test 0.3181
epoch 66/200 loss 0.1801 train 0.9503 test 0.3214
epoch 67/200 loss 0.1508 train 0.9619 test 0.3138
epoch 68/200 loss 0.1391 train 0.9647 test 0.3219
epoch 69/200 loss 0.1340 train 0.9625 test 0.3016
epoch 70/200 loss 0.1095 train 0.9730 test 0.3376
epoch 71/200 loss 0.1098 train 0.9728 test 0.2971
epoch 72/200 loss 0.1551 train 0.9573 test 0.3167
epoch 73/200 loss 0.2158 train 0.9363 test 0.2913
epoch 74/200 loss 0.2025 train 0.9411 test 0.3172
epoch 75/200 loss 0.1881 train 0.9465 test 0.3123
epoch 76/200 loss 0.1726 train 0.9519 test 0.3040
epoch 77/200 loss 0.1933 train 0.9433 test 0.3142
epoch 78/200 loss 0.1520 train 0.9595 test 0.3273
epoch 79/200 loss 0.1253 train 0.9671 test 0.3366
epoch 80/200 loss 0.0820 train 0.9804 test 0.3339
epoch 81/200 loss 0.0666 train 0.9858 test 0.3422
epoch 82/200 loss 0.0585 train 0.9876 test 0.3434
epoch 83/200 loss 0.0504 train 0.9914 test 0.3536
epoch 84/200 loss 0.0276 train 0.9972 test 0.3604
epoch 85/200 loss 0.0215 train 0.9964 test 0.3693
epoch 86/200 loss 0.0180 train 0.9976 test 0.3748
epoch 87/200 loss 0.0219 train 0.9962 test 0.3708
epoch 88/200 loss 0.0187 train 0.9978 test 0.3782
epoch 89/200 loss 0.0105 train 0.9992 test 0.3809
epoch 90/200 loss 0.0075 train 0.9992 test 0.3875
epoch 91/200 loss 0.0054 train 0.9996 test 0.3927
epoch 92/200 loss 0.0059 train 0.9992 test 0.3912
epoch 93/200 loss 0.0116 train 0.9980 test 0.3827
epoch 94/200 loss 0.0110 train 0.9990 test 0.3858
epoch 95/200 loss 0.0070 train 0.9994 test 0.3916
epoch 96/200 loss 0.0067 train 0.9994 test 0.3928
epoch 97/200 loss 0.0067 train 0.9992 test 0.3926
epoch 98/200 loss 0.0056 train 0.9994 test 0.3919
epoch 99/200 loss 0.0105 train 0.9980 test 0.3892
epoch 100/200 loss 0.0104 train 0.9984 test 0.3862
epoch 101/200 loss 0.0099 train 0.9988 test 0.3942
epoch 102/200 loss 0.0062 train 1.0000 test 0.3941
epoch 103/200 loss 0.0048 train 0.9996 test 0.3967
epoch 104/200 loss 0.0043 train 0.9996 test 0.3992
epoch 105/200 loss 0.0041 train 0.9996 test 0.3959
epoch 106/200 loss 0.0043 train 0.9998 test 0.3981
epoch 107/200 loss 0.0038 train 0.9998 test 0.3980
epoch 108/200 loss 0.0040 train 0.9998 test 0.4024
epoch 109/200 loss 0.0043 train 0.9996 test 0.4017
epoch 110/200 loss 0.0040 train 0.9998 test 0.3987
epoch 111/200 loss 0.0044 train 1.0000 test 0.3990
epoch 112/200 loss 0.0045 train 0.9998 test 0.4011
epoch 113/200 loss 0.0042 train 1.0000 test 0.4015
epoch 114/200 loss 0.0044 train 0.9998 test 0.4018
epoch 115/200 loss 0.0045 train 0.9996 test 0.3996
epoch 116/200 loss 0.0043 train 0.9998 test 0.4008
epoch 117/200 loss 0.0040 train 1.0000 test 0.4042
epoch 118/200 loss 0.0045 train 0.9998 test 0.4020
epoch 119/200 loss 0.0042 train 0.9998 test 0.4020
epoch 120/200 loss 0.0044 train 0.9998 test 0.4027
epoch 121/200 loss 0.0047 train 0.9996 test 0.4026
epoch 122/200 loss 0.0044 train 0.9998 test 0.4028
epoch 123/200 loss 0.0043 train 0.9998 test 0.4028
epoch 124/200 loss 0.0043 train 1.0000 test 0.4031
epoch 125/200 loss 0.0046 train 0.9996 test 0.4011
epoch 126/200 loss 0.0048 train 0.9998 test 0.4008
epoch 127/200 loss 0.0044 train 0.9998 test 0.4028
epoch 128/200 loss 0.0043 train 1.0000 test 0.4033
epoch 129/200 loss 0.0045 train 0.9998 test 0.4018
epoch 130/200 loss 0.0043 train 1.0000 test 0.4022
epoch 131/200 loss 0.0044 train 0.9998 test 0.4024
epoch 132/200 loss 0.0045 train 0.9998 test 0.4018
epoch 133/200 loss 0.0044 train 0.9996 test 0.4027
epoch 134/200 loss 0.0041 train 0.9998 test 0.4022
epoch 135/200 loss 0.0045 train 0.9996 test 0.4002
epoch 136/200 loss 0.0043 train 1.0000 test 0.4016
epoch 137/200 loss 0.0043 train 0.9998 test 0.4032
epoch 138/200 loss 0.0042 train 1.0000 test 0.4016
epoch 139/200 loss 0.0042 train 0.9998 test 0.4001
epoch 140/200 loss 0.0044 train 1.0000 test 0.3997
epoch 141/200 loss 0.0046 train 0.9998 test 0.4008
epoch 142/200 loss 0.0042 train 1.0000 test 0.3991
epoch 143/200 loss 0.0042 train 0.9998 test 0.3991
epoch 144/200 loss 0.0043 train 0.9998 test 0.3995
epoch 145/200 loss 0.0043 train 0.9998 test 0.3993
epoch 146/200 loss 0.0042 train 0.9998 test 0.4005
epoch 147/200 loss 0.0040 train 1.0000 test 0.3996
epoch 148/200 loss 0.0041 train 1.0000 test 0.3997
epoch 149/200 loss 0.0043 train 1.0000 test 0.4002
epoch 150/200 loss 0.0041 train 0.9998 test 0.3999
epoch 151/200 loss 0.0039 train 1.0000 test 0.3992
epoch 152/200 loss 0.0044 train 0.9998 test 0.4015
epoch 153/200 loss 0.0039 train 1.0000 test 0.4010
epoch 154/200 loss 0.0041 train 1.0000 test 0.3998
epoch 155/200 loss 0.0040 train 1.0000 test 0.4026
epoch 156/200 loss 0.0040 train 1.0000 test 0.4008
epoch 157/200 loss 0.0040 train 0.9998 test 0.4010
epoch 158/200 loss 0.0039 train 1.0000 test 0.4016
epoch 159/200 loss 0.0039 train 1.0000 test 0.4010
epoch 160/200 loss 0.0043 train 0.9998 test 0.4003
epoch 161/200 loss 0.0040 train 1.0000 test 0.4023
epoch 162/200 loss 0.0040 train 1.0000 test 0.3999
epoch 163/200 loss 0.0040 train 1.0000 test 0.4012
epoch 164/200 loss 0.0040 train 0.9998 test 0.3999
epoch 165/200 loss 0.0039 train 1.0000 test 0.3998
epoch 166/200 loss 0.0041 train 0.9998 test 0.4003
epoch 167/200 loss 0.0040 train 1.0000 test 0.3998
epoch 168/200 loss 0.0042 train 1.0000 test 0.4001
epoch 169/200 loss 0.0040 train 1.0000 test 0.4000
epoch 170/200 loss 0.0041 train 0.9998 test 0.4001
epoch 171/200 loss 0.0042 train 0.9998 test 0.4027
epoch 172/200 loss 0.0042 train 1.0000 test 0.4001
epoch 173/200 loss 0.0039 train 1.0000 test 0.3996
epoch 174/200 loss 0.0039 train 0.9998 test 0.4012
epoch 175/200 loss 0.0039 train 1.0000 test 0.4016
epoch 176/200 loss 0.0039 train 1.0000 test 0.4013
epoch 177/200 loss 0.0039 train 1.0000 test 0.4002
epoch 178/200 loss 0.0039 train 1.0000 test 0.4005
epoch 179/200 loss 0.0041 train 1.0000 test 0.4023
epoch 180/200 loss 0.0039 train 0.9998 test 0.4008
epoch 181/200 loss 0.0040 train 1.0000 test 0.4007
epoch 182/200 loss 0.0038 train 1.0000 test 0.4009
epoch 183/200 loss 0.0038 train 1.0000 test 0.4016
epoch 184/200 loss 0.0037 train 1.0000 test 0.4016
epoch 185/200 loss 0.0039 train 1.0000 test 0.4017
epoch 186/200 loss 0.0042 train 0.9998 test 0.4020
epoch 187/200 loss 0.0039 train 1.0000 test 0.4009
epoch 188/200 loss 0.0038 train 1.0000 test 0.3991
epoch 189/200 loss 0.0039 train 1.0000 test 0.4006
epoch 190/200 loss 0.0039 train 1.0000 test 0.4016
epoch 191/200 loss 0.0036 train 1.0000 test 0.4021
epoch 192/200 loss 0.0037 train 1.0000 test 0.4011
epoch 193/200 loss 0.0039 train 1.0000 test 0.4026
epoch 194/200 loss 0.0041 train 0.9998 test 0.4002
epoch 195/200 loss 0.0039 train 0.9998 test 0.4020
epoch 196/200 loss 0.0039 train 1.0000 test 0.4018
epoch 197/200 loss 0.0039 train 1.0000 test 0.4023
epoch 198/200 loss 0.0038 train 1.0000 test 0.4019
epoch 199/200 loss 0.0038 train 1.0000 test 0.4012
epoch 200/200 loss 0.0038 train 1.0000 test 0.4002
done: final 0.4002 best 0.4042 -> ./runs/r50_none_10pct/seed0
[r50_none_10pct seed1] {"params_trainable": 23705252, "params_stem_trainable": 0, "params_stem_fixed_filters": 0, "flops_total": 1304911872, "flops_stem": 0, "flops_image_size": 32}
epoch 1/200 loss 4.7298 train 0.0369 test 0.0500
epoch 2/200 loss 4.2822 train 0.0569 test 0.0737
epoch 3/200 loss 4.0559 train 0.0745 test 0.0816
epoch 4/200 loss 3.9636 train 0.0921 test 0.0868
epoch 5/200 loss 3.9189 train 0.0917 test 0.1030
epoch 6/200 loss 3.8380 train 0.1086 test 0.0974
epoch 7/200 loss 3.7716 train 0.1208 test 0.0985
epoch 8/200 loss 3.7138 train 0.1250 test 0.1039
epoch 9/200 loss 3.6560 train 0.1390 test 0.1186
epoch 10/200 loss 3.6028 train 0.1390 test 0.1198
epoch 11/200 loss 3.5055 train 0.1528 test 0.1208
epoch 12/200 loss 3.4638 train 0.1567 test 0.1175
epoch 13/200 loss 3.4018 train 0.1731 test 0.1325
epoch 14/200 loss 3.3334 train 0.1831 test 0.1447
epoch 15/200 loss 3.2634 train 0.1875 test 0.1469
epoch 16/200 loss 3.1618 train 0.2127 test 0.1454
epoch 17/200 loss 3.0885 train 0.2236 test 0.1674
epoch 18/200 loss 3.0014 train 0.2376 test 0.1703
epoch 19/200 loss 2.9480 train 0.2470 test 0.1606
epoch 20/200 loss 2.8567 train 0.2718 test 0.1877
epoch 21/200 loss 2.7643 train 0.2812 test 0.1799
epoch 22/200 loss 2.6371 train 0.3163 test 0.2004
epoch 23/200 loss 2.5761 train 0.3175 test 0.1697
epoch 24/200 loss 2.4764 train 0.3427 test 0.1990
epoch 25/200 loss 2.3984 train 0.3670 test 0.2131
epoch 26/200 loss 2.2886 train 0.3764 test 0.2240
epoch 27/200 loss 2.1918 train 0.4012 test 0.2145
epoch 28/200 loss 2.1364 train 0.4115 test 0.2416
epoch 29/200 loss 2.0163 train 0.4297 test 0.2337
epoch 30/200 loss 1.9129 train 0.4673 test 0.2352
epoch 31/200 loss 1.8651 train 0.4720 test 0.2392
epoch 32/200 loss 1.7958 train 0.4868 test 0.2608
epoch 33/200 loss 1.7249 train 0.5134 test 0.2547
epoch 34/200 loss 1.5838 train 0.5423 test 0.2443
epoch 35/200 loss 1.4980 train 0.5643 test 0.2600
epoch 36/200 loss 1.4386 train 0.5815 test 0.2718
epoch 37/200 loss 1.3352 train 0.6106 test 0.2773
epoch 38/200 loss 1.2181 train 0.6436 test 0.2805
epoch 39/200 loss 1.1784 train 0.6436 test 0.2625
epoch 40/200 loss 1.0704 train 0.6849 test 0.2818
epoch 41/200 loss 1.0570 train 0.6861 test 0.2619
epoch 42/200 loss 0.9599 train 0.7103 test 0.2545
epoch 43/200 loss 0.8650 train 0.7360 test 0.2782
epoch 44/200 loss 0.8934 train 0.7252 test 0.2803
epoch 45/200 loss 0.8368 train 0.7460 test 0.2871
epoch 46/200 loss 0.7263 train 0.7724 test 0.2950
epoch 47/200 loss 0.6821 train 0.7953 test 0.2868
epoch 48/200 loss 0.6162 train 0.8159 test 0.2783
epoch 49/200 loss 0.5708 train 0.8331 test 0.2831
epoch 50/200 loss 0.5726 train 0.8293 test 0.2963
epoch 51/200 loss 0.5363 train 0.8329 test 0.2934
epoch 52/200 loss 0.4616 train 0.8630 test 0.2874
epoch 53/200 loss 0.4494 train 0.8662 test 0.2973
epoch 54/200 loss 0.4011 train 0.8878 test 0.3240
epoch 55/200 loss 0.3880 train 0.8880 test 0.3022
epoch 56/200 loss 0.3961 train 0.8830 test 0.2894
epoch 57/200 loss 0.3531 train 0.8972 test 0.3099
epoch 58/200 loss 0.3368 train 0.8992 test 0.3096
epoch 59/200 loss 0.2562 train 0.9279 test 0.3193
epoch 60/200 loss 0.2220 train 0.9337 test 0.3287
epoch 61/200 loss 0.2425 train 0.9277 test 0.3037
epoch 62/200 loss 0.3006 train 0.9103 test 0.3056
epoch 63/200 loss 0.2863 train 0.9177 test 0.3198
epoch 64/200 loss 0.2890 train 0.9123 test 0.2946
epoch 65/200 loss 0.2691 train 0.9221 test 0.3125
epoch 66/200 loss 0.2422 train 0.9325 test 0.3214
epoch 67/200 loss 0.1687 train 0.9541 test 0.3329
epoch 68/200 loss 0.1395 train 0.9643 test 0.3229
epoch 69/200 loss 0.1082 train 0.9750 test 0.3427
epoch 70/200 loss 0.0936 train 0.9786 test 0.3250
epoch 71/200 loss 0.0967 train 0.9768 test 0.3360
epoch 72/200 loss 0.1173 train 0.9677 test 0.3355
epoch 73/200 loss 0.1543 train 0.9589 test 0.3180
epoch 74/200 loss 0.1643 train 0.9535 test 0.3149
epoch 75/200 loss 0.1514 train 0.9575 test 0.3231
epoch 76/200 loss 0.1372 train 0.9629 test 0.3221
epoch 77/200 loss 0.1389 train 0.9645 test 0.3361
epoch 78/200 loss 0.1436 train 0.9629 test 0.3152
epoch 79/200 loss 0.1558 train 0.9553 test 0.3065
epoch 80/200 loss 0.2100 train 0.9389 test 0.3005
epoch 81/200 loss 0.2208 train 0.9351 test 0.3111
epoch 82/200 loss 0.1904 train 0.9499 test 0.3232
epoch 83/200 loss 0.1355 train 0.9679 test 0.3519
epoch 84/200 loss 0.1005 train 0.9732 test 0.3348
epoch 85/200 loss 0.0831 train 0.9792 test 0.3367
epoch 86/200 loss 0.0804 train 0.9832 test 0.3257
epoch 87/200 loss 0.0621 train 0.9866 test 0.3480
epoch 88/200 loss 0.0511 train 0.9888 test 0.3352
epoch 89/200 loss 0.0487 train 0.9914 test 0.3630
epoch 90/200 loss 0.0365 train 0.9928 test 0.3558
epoch 91/200 loss 0.0241 train 0.9962 test 0.3723
epoch 92/200 loss 0.0215 train 0.9968 test 0.3844
epoch 93/200 loss 0.0112 train 0.9992 test 0.3926
epoch 94/200 loss 0.0083 train 0.9990 test 0.3878
epoch 95/200 loss 0.0059 train 0.9996 test 0.3970
epoch 96/200 loss 0.0041 train 0.9996 test 0.3982
epoch 97/200 loss 0.0037 train 0.9998 test 0.4003
epoch 98/200 loss 0.0050 train 0.9992 test 0.3947
epoch 99/200 loss 0.0055 train 0.9994 test 0.3884
epoch 100/200 loss 0.0049 train 0.9996 test 0.3945
epoch 101/200 loss 0.0044 train 0.9994 test 0.4005
epoch 102/200 loss 0.0038 train 0.9998 test 0.4005
epoch 103/200 loss 0.0040 train 0.9998 test 0.4016
epoch 104/200 loss 0.0038 train 0.9998 test 0.4028
epoch 105/200 loss 0.0037 train 0.9998 test 0.4036
epoch 106/200 loss 0.0039 train 0.9998 test 0.4043
epoch 107/200 loss 0.0035 train 1.0000 test 0.4047
epoch 108/200 loss 0.0040 train 0.9998 test 0.4054
epoch 109/200 loss 0.0039 train 0.9996 test 0.4039
epoch 110/200 loss 0.0040 train 0.9998 test 0.4055
epoch 111/200 loss 0.0043 train 0.9998 test 0.4057
epoch 112/200 loss 0.0040 train 1.0000 test 0.4070
epoch 113/200 loss 0.0038 train 1.0000 test 0.4054
epoch 114/200 loss 0.0039 train 1.0000 test 0.4059
epoch 115/200 loss 0.0043 train 0.9998 test 0.4081
epoch 116/200 loss 0.0057 train 0.9994 test 0.4071
epoch 117/200 loss 0.0077 train 0.9988 test 0.4073
epoch 118/200 loss 0.0105 train 0.9986 test 0.4006
epoch 119/200 loss 0.0077 train 0.9986 test 0.4074
epoch 120/200 loss 0.0060 train 0.9996 test 0.4057
epoch 121/200 loss 0.0053 train 0.9996 test 0.4082
epoch 122/200 loss 0.0067 train 0.9992 test 0.4037
epoch 123/200 loss 0.0061 train 0.9996 test 0.4059
epoch 124/200 loss 0.0052 train 0.9998 test 0.4060
epoch 125/200 loss 0.0046 train 1.0000 test 0.4058
epoch 126/200 loss 0.0046 train 0.9998 test 0.4079
epoch 127/200 loss 0.0043 train 1.0000 test 0.4091
epoch 128/200 loss 0.0044 train 1.0000 test 0.4080
epoch 129/200 loss 0.0043 train 0.9998 test 0.4099
epoch 130/200 loss 0.0043 train 1.0000 test 0.4088
epoch 131/200 loss 0.0044 train 0.9998 test 0.4112
epoch 132/200 loss 0.0041 train 1.0000 test 0.4088
epoch 133/200 loss 0.0041 train 1.0000 test 0.4089
epoch 134/200 loss 0.0043 train 1.0000 test 0.4096
epoch 135/200 loss 0.0043 train 1.0000 test 0.4099
epoch 136/200 loss 0.0044 train 0.9998 test 0.4081
epoch 137/200 loss 0.0043 train 1.0000 test 0.4090
epoch 138/200 loss 0.0041 train 1.0000 test 0.4113
epoch 139/200 loss 0.0040 train 1.0000 test 0.4096
epoch 140/200 loss 0.0042 train 1.0000 test 0.4083
epoch 141/200 loss 0.0040 train 1.0000 test 0.4108
epoch 142/200 loss 0.0042 train 1.0000 test 0.4116
epoch 143/200 loss 0.0038 train 1.0000 test 0.4086
epoch 144/200 loss 0.0041 train 1.0000 test 0.4107
epoch 145/200 loss 0.0039 train 1.0000 test 0.4124
epoch 146/200 loss 0.0040 train 1.0000 test 0.4106
epoch 147/200 loss 0.0044 train 0.9998 test 0.4100
epoch 148/200 loss 0.0041 train 1.0000 test 0.4111
epoch 149/200 loss 0.0041 train 1.0000 test 0.4115
epoch 150/200 loss 0.0041 train 1.0000 test 0.4103
epoch 151/200 loss 0.0041 train 1.0000 test 0.4109
epoch 152/200 loss 0.0041 train 1.0000 test 0.4074
epoch 153/200 loss 0.0042 train 1.0000 test 0.4090
epoch 154/200 loss 0.0041 train 1.0000 test 0.4103
epoch 155/200 loss 0.0044 train 0.9998 test 0.4105
epoch 156/200 loss 0.0041 train 1.0000 test 0.4104
epoch 157/200 loss 0.0044 train 0.9998 test 0.4090
epoch 158/200 loss 0.0041 train 0.9998 test 0.4091
epoch 159/200 loss 0.0040 train 1.0000 test 0.4107
epoch 160/200 loss 0.0039 train 1.0000 test 0.4106
epoch 161/200 loss 0.0040 train 1.0000 test 0.4083
epoch 162/200 loss 0.0041 train 1.0000 test 0.4095
epoch 163/200 loss 0.0042 train 0.9998 test 0.4093
epoch 164/200 loss 0.0039 train 1.0000 test 0.4089
epoch 165/200 loss 0.0040 train 1.0000 test 0.4079
epoch 166/200 loss 0.0040 train 1.0000 test 0.4094
epoch 167/200 loss 0.0040 train 1.0000 test 0.4091
epoch 168/200 loss 0.0041 train 1.0000 test 0.4079
epoch 169/200 loss 0.0041 train 1.0000 test 0.4079
epoch 170/200 loss 0.0039 train 1.0000 test 0.4080
epoch 171/200 loss 0.0039 train 1.0000 test 0.4078
epoch 172/200 loss 0.0037 train 1.0000 test 0.4072
epoch 173/200 loss 0.0043 train 0.9998 test 0.4072
epoch 174/200 loss 0.0039 train 1.0000 test 0.4078
epoch 175/200 loss 0.0040 train 0.9998 test 0.4098
epoch 176/200 loss 0.0038 train 1.0000 test 0.4096
epoch 177/200 loss 0.0038 train 1.0000 test 0.4088
epoch 178/200 loss 0.0039 train 1.0000 test 0.4094
epoch 179/200 loss 0.0041 train 1.0000 test 0.4091
epoch 180/200 loss 0.0041 train 1.0000 test 0.4092
epoch 181/200 loss 0.0038 train 1.0000 test 0.4085
epoch 182/200 loss 0.0040 train 1.0000 test 0.4080
epoch 183/200 loss 0.0039 train 1.0000 test 0.4094
epoch 184/200 loss 0.0040 train 0.9998 test 0.4108
epoch 185/200 loss 0.0039 train 1.0000 test 0.4088
epoch 186/200 loss 0.0039 train 1.0000 test 0.4084
epoch 187/200 loss 0.0037 train 1.0000 test 0.4085
epoch 188/200 loss 0.0039 train 1.0000 test 0.4092
epoch 189/200 loss 0.0042 train 0.9998 test 0.4092
epoch 190/200 loss 0.0039 train 1.0000 test 0.4095
epoch 191/200 loss 0.0039 train 1.0000 test 0.4081
epoch 192/200 loss 0.0040 train 1.0000 test 0.4091
epoch 193/200 loss 0.0041 train 1.0000 test 0.4093
epoch 194/200 loss 0.0038 train 1.0000 test 0.4099
epoch 195/200 loss 0.0041 train 0.9998 test 0.4082
epoch 196/200 loss 0.0040 train 1.0000 test 0.4087
epoch 197/200 loss 0.0040 train 1.0000 test 0.4083
epoch 198/200 loss 0.0040 train 1.0000 test 0.4093
epoch 199/200 loss 0.0040 train 1.0000 test 0.4088
epoch 200/200 loss 0.0040 train 1.0000 test 0.4097
done: final 0.4097 best 0.4124 -> ./runs/r50_none_10pct/seed1
[r50_none_10pct seed2] {"params_trainable": 23705252, "params_stem_trainable": 0, "params_stem_fixed_filters": 0, "flops_total": 1304911872, "flops_stem": 0, "flops_image_size": 32}
epoch 1/200 loss 4.7305 train 0.0321 test 0.0555
epoch 2/200 loss 4.2544 train 0.0699 test 0.0806
epoch 3/200 loss 4.0428 train 0.0789 test 0.0742
epoch 4/200 loss 3.9439 train 0.0976 test 0.0874
epoch 5/200 loss 3.8753 train 0.1088 test 0.0992
epoch 6/200 loss 3.8014 train 0.1160 test 0.0994
epoch 7/200 loss 3.7572 train 0.1166 test 0.1050
epoch 8/200 loss 3.6816 train 0.1330 test 0.1135
epoch 9/200 loss 3.6414 train 0.1322 test 0.1213
epoch 10/200 loss 3.5718 train 0.1474 test 0.1102
epoch 11/200 loss 3.5072 train 0.1609 test 0.1435
epoch 12/200 loss 3.4423 train 0.1627 test 0.1420
epoch 13/200 loss 3.3878 train 0.1641 test 0.1368
epoch 14/200 loss 3.3246 train 0.1801 test 0.1413
epoch 15/200 loss 3.2448 train 0.1917 test 0.1473
epoch 16/200 loss 3.1807 train 0.2111 test 0.1477
epoch 17/200 loss 3.0758 train 0.2296 test 0.1682
epoch 18/200 loss 2.9690 train 0.2486 test 0.1712
epoch 19/200 loss 2.9162 train 0.2608 test 0.1666
epoch 20/200 loss 2.8318 train 0.2784 test 0.1827
epoch 21/200 loss 2.7599 train 0.2851 test 0.2000
epoch 22/200 loss 2.6568 train 0.3087 test 0.1870
epoch 23/200 loss 2.5581 train 0.3327 test 0.1844
epoch 24/200 loss 2.4593 train 0.3446 test 0.2260
epoch 25/200 loss 2.3415 train 0.3708 test 0.2057
epoch 26/200 loss 2.2898 train 0.3750 test 0.2290
epoch 27/200 loss 2.1676 train 0.4073 test 0.2161
epoch 28/200 loss 2.0925 train 0.4245 test 0.2308
epoch 29/200 loss 1.9673 train 0.4509 test 0.2190
epoch 30/200 loss 1.9372 train 0.4559 test 0.2558
epoch 31/200 loss 1.8236 train 0.4764 test 0.2316
epoch 32/200 loss 1.7154 train 0.5138 test 0.2260
epoch 33/200 loss 1.6324 train 0.5319 test 0.2296
epoch 34/200 loss 1.5285 train 0.5575 test 0.2620
epoch 35/200 loss 1.4849 train 0.5675 test 0.2475
epoch 36/200 loss 1.4001 train 0.5871 test 0.2817
epoch 37/200 loss 1.3156 train 0.6196 test 0.2873
epoch 38/200 loss 1.1820 train 0.6492 test 0.2445
epoch 39/200 loss 1.2125 train 0.6438 test 0.2582
epoch 40/200 loss 1.0250 train 0.6889 test 0.2731
epoch 41/200 loss 0.9916 train 0.7035 test 0.2458
epoch 42/200 loss 0.9688 train 0.7081 test 0.2590
epoch 43/200 loss 0.9043 train 0.7342 test 0.2724
epoch 44/200 loss 0.8502 train 0.7374 test 0.2836
epoch 45/200 loss 0.7722 train 0.7662 test 0.2936
epoch 46/200 loss 0.6796 train 0.7945 test 0.2744
epoch 47/200 loss 0.6021 train 0.8211 test 0.2996
epoch 48/200 loss 0.5961 train 0.8175 test 0.2987
epoch 49/200 loss 0.5320 train 0.8333 test 0.3121
epoch 50/200 loss 0.5652 train 0.8313 test 0.2887
epoch 51/200 loss 0.5367 train 0.8438 test 0.2962
epoch 52/200 loss 0.4778 train 0.8606 test 0.2988
epoch 53/200 loss 0.4110 train 0.8764 test 0.3049
epoch 54/200 loss 0.3644 train 0.8940 test 0.3009
epoch 55/200 loss 0.3736 train 0.8908 test 0.3083
epoch 56/200 loss 0.3093 train 0.9083 test 0.3031
epoch 57/200 loss 0.3057 train 0.9056 test 0.2888
epoch 58/200 loss 0.3197 train 0.9099 test 0.2960
epoch 59/200 loss 0.3259 train 0.9067 test 0.2996
epoch 60/200 loss 0.3117 train 0.9071 test 0.3007
epoch 61/200 loss 0.2970 train 0.9105 test 0.3065
epoch 62/200 loss 0.2903 train 0.9141 test 0.3178
epoch 63/200 loss 0.2168 train 0.9405 test 0.3096
epoch 64/200 loss 0.2272 train 0.9347 test 0.3244
epoch 65/200 loss 0.2297 train 0.9341 test 0.3222
epoch 66/200 loss 0.2223 train 0.9361 test 0.3232
epoch 67/200 loss 0.1984 train 0.9471 test 0.3108
epoch 68/200 loss 0.1577 train 0.9571 test 0.3114
epoch 69/200 loss 0.1419 train 0.9621 test 0.3092
epoch 70/200 loss 0.1226 train 0.9671 test 0.3320
epoch 71/200 loss 0.1201 train 0.9692 test 0.3350
epoch 72/200 loss 0.1132 train 0.9728 test 0.3261
epoch 73/200 loss 0.1320 train 0.9627 test 0.3261
epoch 74/200 loss 0.1290 train 0.9671 test 0.3239
epoch 75/200 loss 0.1352 train 0.9647 test 0.3191
epoch 76/200 loss 0.1445 train 0.9635 test 0.3161
epoch 77/200 loss 0.1220 train 0.9683 test 0.3145
epoch 78/200 loss 0.1737 train 0.9527 test 0.2843
epoch 79/200 loss 0.1835 train 0.9491 test 0.3315
epoch 80/200 loss 0.1515 train 0.9581 test 0.3317
epoch 81/200 loss 0.1140 train 0.9718 test 0.3334
epoch 82/200 loss 0.1151 train 0.9688 test 0.3189
epoch 83/200 loss 0.1171 train 0.9708 test 0.3370
epoch 84/200 loss 0.1024 train 0.9742 test 0.3345
epoch 85/200 loss 0.0998 train 0.9756 test 0.3323
epoch 86/200 loss 0.0974 train 0.9752 test 0.3474
epoch 87/200 loss 0.0816 train 0.9812 test 0.3425
epoch 88/200 loss 0.0765 train 0.9826 test 0.3159
epoch 89/200 loss 0.0800 train 0.9786 test 0.3448
epoch 90/200 loss 0.0622 train 0.9856 test 0.3623
epoch 91/200 loss 0.0522 train 0.9890 test 0.3535
epoch 92/200 loss 0.0519 train 0.9892 test 0.3708
epoch 93/200 loss 0.0298 train 0.9952 test 0.3692
epoch 94/200 loss 0.0147 train 0.9988 test 0.3846
epoch 95/200 loss 0.0070 train 0.9996 test 0.3962
epoch 96/200 loss 0.0043 train 0.9998 test 0.3992
epoch 97/200 loss 0.0040 train 0.9998 test 0.4001
epoch 98/200 loss 0.0034 train 0.9998 test 0.4028
epoch 99/200 loss 0.0037 train 0.9996 test 0.4037
epoch 100/200 loss 0.0035 train 0.9996 test 0.4040
epoch 101/200 loss 0.0036 train 0.9998 test 0.4052
epoch 102/200 loss 0.0038 train 0.9996 test 0.4053
epoch 103/200 loss 0.0036 train 0.9996 test 0.4062
epoch 104/200 loss 0.0035 train 0.9998 test 0.4078
epoch 105/200 loss 0.0034 train 0.9998 test 0.4049
epoch 106/200 loss 0.0036 train 0.9998 test 0.4055
epoch 107/200 loss 0.0037 train 0.9998 test 0.4050
epoch 108/200 loss 0.0040 train 0.9996 test 0.4064
epoch 109/200 loss 0.0037 train 1.0000 test 0.4089
epoch 110/200 loss 0.0053 train 0.9994 test 0.4058
epoch 111/200 loss 0.0048 train 0.9998 test 0.4060
epoch 112/200 loss 0.0042 train 0.9998 test 0.4060
epoch 113/200 loss 0.0040 train 0.9998 test 0.4089
epoch 114/200 loss 0.0042 train 0.9998 test 0.4102
epoch 115/200 loss 0.0042 train 0.9996 test 0.4075
epoch 116/200 loss 0.0041 train 0.9998 test 0.4091
epoch 117/200 loss 0.0042 train 0.9998 test 0.4099
epoch 118/200 loss 0.0044 train 0.9996 test 0.4077
epoch 119/200 loss 0.0043 train 0.9998 test 0.4082
epoch 120/200 loss 0.0044 train 0.9998 test 0.4098
epoch 121/200 loss 0.0043 train 1.0000 test 0.4087
epoch 122/200 loss 0.0043 train 0.9998 test 0.4089
epoch 123/200 loss 0.0043 train 0.9998 test 0.4081
epoch 124/200 loss 0.0047 train 0.9998 test 0.4109
epoch 125/200 loss 0.0043 train 1.0000 test 0.4108
epoch 126/200 loss 0.0047 train 0.9996 test 0.4111
epoch 127/200 loss 0.0044 train 1.0000 test 0.4090
epoch 128/200 loss 0.0043 train 1.0000 test 0.4093
epoch 129/200 loss 0.0045 train 1.0000 test 0.4090
epoch 130/200 loss 0.0044 train 0.9998 test 0.4095
epoch 131/200 loss 0.0043 train 0.9998 test 0.4063
epoch 132/200 loss 0.0044 train 1.0000 test 0.4097
epoch 133/200 loss 0.0046 train 0.9996 test 0.4081
epoch 134/200 loss 0.0042 train 1.0000 test 0.4088
epoch 135/200 loss 0.0047 train 0.9998 test 0.4097
epoch 136/200 loss 0.0047 train 0.9996 test 0.4082
epoch 137/200 loss 0.0047 train 0.9996 test 0.4081
epoch 138/200 loss 0.0044 train 1.0000 test 0.4100
epoch 139/200 loss 0.0045 train 0.9998 test 0.4108
epoch 140/200 loss 0.0045 train 0.9998 test 0.4080
epoch 141/200 loss 0.0043 train 0.9998 test 0.4084
epoch 142/200 loss 0.0043 train 0.9998 test 0.4093
epoch 143/200 loss 0.0042 train 1.0000 test 0.4096
epoch 144/200 loss 0.0045 train 0.9998 test 0.4116
epoch 145/200 loss 0.0045 train 1.0000 test 0.4088
epoch 146/200 loss 0.0042 train 1.0000 test 0.4081
epoch 147/200 loss 0.0042 train 1.0000 test 0.4098
epoch 148/200 loss 0.0043 train 0.9998 test 0.4075
epoch 149/200 loss 0.0044 train 1.0000 test 0.4095
epoch 150/200 loss 0.0044 train 1.0000 test 0.4093
epoch 151/200 loss 0.0044 train 0.9998 test 0.4085
epoch 152/200 loss 0.0044 train 1.0000 test 0.4100
epoch 153/200 loss 0.0044 train 0.9998 test 0.4097
epoch 154/200 loss 0.0043 train 1.0000 test 0.4066
epoch 155/200 loss 0.0043 train 1.0000 test 0.4097
epoch 156/200 loss 0.0044 train 1.0000 test 0.4089
epoch 157/200 loss 0.0042 train 1.0000 test 0.4079
epoch 158/200 loss 0.0043 train 0.9998 test 0.4089
epoch 159/200 loss 0.0041 train 1.0000 test 0.4098
epoch 160/200 loss 0.0042 train 1.0000 test 0.4093
epoch 161/200 loss 0.0040 train 1.0000 test 0.4064
epoch 162/200 loss 0.0043 train 1.0000 test 0.4089
epoch 163/200 loss 0.0040 train 1.0000 test 0.4076
epoch 164/200 loss 0.0042 train 0.9998 test 0.4075
epoch 165/200 loss 0.0041 train 1.0000 test 0.4076
epoch 166/200 loss 0.0042 train 1.0000 test 0.4077
epoch 167/200 loss 0.0044 train 0.9998 test 0.4059
epoch 168/200 loss 0.0041 train 1.0000 test 0.4078
epoch 169/200 loss 0.0040 train 1.0000 test 0.4076
epoch 170/200 loss 0.0043 train 1.0000 test 0.4086
epoch 171/200 loss 0.0041 train 1.0000 test 0.4085
epoch 172/200 loss 0.0043 train 0.9998 test 0.4066
epoch 173/200 loss 0.0041 train 1.0000 test 0.4090
epoch 174/200 loss 0.0040 train 1.0000 test 0.4082
epoch 175/200 loss 0.0041 train 1.0000 test 0.4080
epoch 176/200 loss 0.0041 train 1.0000 test 0.4080
epoch 177/200 loss 0.0044 train 0.9998 test 0.4074
epoch 178/200 loss 0.0041 train 1.0000 test 0.4089
epoch 179/200 loss 0.0040 train 1.0000 test 0.4076
epoch 180/200 loss 0.0042 train 1.0000 test 0.4079
epoch 181/200 loss 0.0042 train 1.0000 test 0.4071
epoch 182/200 loss 0.0040 train 1.0000 test 0.4078
epoch 183/200 loss 0.0039 train 1.0000 test 0.4073
epoch 184/200 loss 0.0040 train 1.0000 test 0.4098
epoch 185/200 loss 0.0039 train 1.0000 test 0.4084
epoch 186/200 loss 0.0041 train 1.0000 test 0.4068
epoch 187/200 loss 0.0042 train 1.0000 test 0.4097
epoch 188/200 loss 0.0041 train 1.0000 test 0.4076
epoch 189/200 loss 0.0040 train 1.0000 test 0.4075
epoch 190/200 loss 0.0041 train 1.0000 test 0.4069
epoch 191/200 loss 0.0041 train 1.0000 test 0.4078
epoch 192/200 loss 0.0041 train 1.0000 test 0.4091
epoch 193/200 loss 0.0041 train 1.0000 test 0.4082
epoch 194/200 loss 0.0040 train 1.0000 test 0.4076
epoch 195/200 loss 0.0040 train 1.0000 test 0.4097
epoch 196/200 loss 0.0041 train 1.0000 test 0.4091
epoch 197/200 loss 0.0039 train 1.0000 test 0.4087
epoch 198/200 loss 0.0040 train 1.0000 test 0.4080
epoch 199/200 loss 0.0042 train 0.9998 test 0.4080
epoch 200/200 loss 0.0040 train 1.0000 test 0.4097
done: final 0.4097 best 0.4116 -> ./runs/r50_none_10pct/seed2
R50GEN_r50_none_10pct_DONE
moment-aux target calibrated on 1024 images
[r50_aux_10pct seed0] {"params_trainable": 23713452, "params_stem_trainable": 0, "params_stem_fixed_filters": 0, "flops_total": 1304911872, "flops_stem": 0, "flops_image_size": 32}
epoch 1/200 loss 12.3185 train 0.0108 test 0.0129
epoch 2/200 loss 6.1640 train 0.0126 test 0.0210
epoch 3/200 loss 5.5614 train 0.0134 test 0.0232
epoch 4/200 loss 4.9810 train 0.0210 test 0.0378
epoch 5/200 loss 4.6633 train 0.0423 test 0.0443
epoch 6/200 loss 4.5373 train 0.0469 test 0.0421
epoch 7/200 loss 4.4209 train 0.0609 test 0.0606
epoch 8/200 loss 4.3148 train 0.0741 test 0.0654
epoch 9/200 loss 4.2671 train 0.0809 test 0.0623
epoch 10/200 loss 4.1813 train 0.0905 test 0.0884
epoch 11/200 loss 4.1026 train 0.1062 test 0.0764
epoch 12/200 loss 4.0408 train 0.1074 test 0.0907
epoch 13/200 loss 3.9484 train 0.1304 test 0.1092
epoch 14/200 loss 3.8846 train 0.1308 test 0.0976
epoch 15/200 loss 3.7678 train 0.1560 test 0.1342
epoch 16/200 loss 3.7061 train 0.1637 test 0.1348
epoch 17/200 loss 3.6184 train 0.1735 test 0.1352
epoch 18/200 loss 3.5579 train 0.1831 test 0.1283
epoch 19/200 loss 3.5091 train 0.1959 test 0.1619
epoch 20/200 loss 3.4183 train 0.2003 test 0.1461
epoch 21/200 loss 3.3720 train 0.2099 test 0.1627
epoch 22/200 loss 3.3091 train 0.2254 test 0.1702
epoch 23/200 loss 3.2677 train 0.2340 test 0.1588
epoch 24/200 loss 3.1881 train 0.2478 test 0.1858
epoch 25/200 loss 3.1104 train 0.2554 test 0.1948
epoch 26/200 loss 3.0138 train 0.2752 test 0.1992
epoch 27/200 loss 2.9702 train 0.2800 test 0.2119
epoch 28/200 loss 2.8788 train 0.2873 test 0.1893
epoch 29/200 loss 2.8217 train 0.2969 test 0.2067
epoch 30/200 loss 2.7809 train 0.3019 test 0.2255
epoch 31/200 loss 2.7182 train 0.3167 test 0.2144
epoch 32/200 loss 2.6782 train 0.3329 test 0.2238
epoch 33/200 loss 2.5942 train 0.3369 test 0.2031
epoch 34/200 loss 2.5632 train 0.3564 test 0.2272
epoch 35/200 loss 2.4726 train 0.3690 test 0.2424
epoch 36/200 loss 2.4407 train 0.3752 test 0.2539
epoch 37/200 loss 2.3391 train 0.3948 test 0.2487
epoch 38/200 loss 2.3139 train 0.3976 test 0.2340
epoch 39/200 loss 2.2630 train 0.4159 test 0.2660
epoch 40/200 loss 2.1907 train 0.4339 test 0.2750
epoch 41/200 loss 2.1067 train 0.4451 test 0.2638
epoch 42/200 loss 2.0636 train 0.4599 test 0.2626
epoch 43/200 loss 2.0224 train 0.4685 test 0.2768
epoch 44/200 loss 1.9527 train 0.4864 test 0.2927
epoch 45/200 loss 1.8695 train 0.5144 test 0.2913
epoch 46/200 loss 1.8283 train 0.5200 test 0.2760
epoch 47/200 loss 1.8121 train 0.5068 test 0.2531
epoch 48/200 loss 1.7402 train 0.5381 test 0.3081
epoch 49/200 loss 1.6551 train 0.5585 test 0.2676
epoch 50/200 loss 1.6115 train 0.5633 test 0.3079
epoch 51/200 loss 1.5342 train 0.5835 test 0.2716
epoch 52/200 loss 1.4584 train 0.5994 test 0.2743
epoch 53/200 loss 1.4094 train 0.6162 test 0.2784
epoch 54/200 loss 1.4069 train 0.6160 test 0.2956
epoch 55/200 loss 1.2993 train 0.6472 test 0.2818
epoch 56/200 loss 1.2158 train 0.6655 test 0.2696
epoch 57/200 loss 1.2196 train 0.6699 test 0.3135
epoch 58/200 loss 1.1174 train 0.6913 test 0.2957
epoch 59/200 loss 1.1053 train 0.6987 test 0.2862
epoch 60/200 loss 1.0060 train 0.7286 test 0.3144
epoch 61/200 loss 0.9637 train 0.7280 test 0.3055
epoch 62/200 loss 0.9377 train 0.7404 test 0.3059
epoch 63/200 loss 0.8838 train 0.7626 test 0.2974
epoch 64/200 loss 0.8293 train 0.7788 test 0.3068
epoch 65/200 loss 0.8375 train 0.7686 test 0.3209
epoch 66/200 loss 0.7544 train 0.7973 test 0.3188
epoch 67/200 loss 0.6824 train 0.8235 test 0.3129
epoch 68/200 loss 0.6585 train 0.8265 test 0.2922
epoch 69/200 loss 0.6750 train 0.8187 test 0.3133
epoch 70/200 loss 0.5607 train 0.8506 test 0.3135
epoch 71/200 loss 0.5254 train 0.8630 test 0.3391
epoch 72/200 loss 0.5201 train 0.8700 test 0.3105
epoch 73/200 loss 0.5252 train 0.8672 test 0.3183
epoch 74/200 loss 0.4120 train 0.8992 test 0.3410
epoch 75/200 loss 0.4166 train 0.8962 test 0.3314
epoch 76/200 loss 0.4028 train 0.8990 test 0.3400
epoch 77/200 loss 0.3696 train 0.9151 test 0.3358
epoch 78/200 loss 0.3412 train 0.9209 test 0.3512
epoch 79/200 loss 0.2754 train 0.9403 test 0.3355
epoch 80/200 loss 0.2596 train 0.9475 test 0.3422
epoch 81/200 loss 0.2151 train 0.9623 test 0.3524
epoch 82/200 loss 0.2041 train 0.9607 test 0.3251
epoch 83/200 loss 0.2248 train 0.9553 test 0.3364
epoch 84/200 loss 0.1882 train 0.9679 test 0.3591
epoch 85/200 loss 0.1590 train 0.9760 test 0.3451
epoch 86/200 loss 0.1565 train 0.9784 test 0.3557
epoch 87/200 loss 0.1564 train 0.9744 test 0.3520
epoch 88/200 loss 0.1482 train 0.9786 test 0.3681
epoch 89/200 loss 0.1263 train 0.9838 test 0.3582
epoch 90/200 loss 0.1086 train 0.9856 test 0.3804
epoch 91/200 loss 0.0924 train 0.9918 test 0.3752
epoch 92/200 loss 0.0777 train 0.9942 test 0.3754
epoch 93/200 loss 0.0654 train 0.9950 test 0.3781
epoch 94/200 loss 0.0589 train 0.9970 test 0.3857
epoch 95/200 loss 0.0563 train 0.9964 test 0.3777
epoch 96/200 loss 0.0472 train 0.9982 test 0.3951
epoch 97/200 loss 0.0432 train 0.9990 test 0.3895
epoch 98/200 loss 0.0388 train 0.9994 test 0.4004
epoch 99/200 loss 0.0387 train 0.9994 test 0.3973
epoch 100/200 loss 0.0356 train 0.9994 test 0.3976
epoch 101/200 loss 0.0328 train 0.9998 test 0.3990
epoch 102/200 loss 0.0308 train 0.9998 test 0.3988
epoch 103/200 loss 0.0322 train 0.9990 test 0.4014
epoch 104/200 loss 0.0319 train 0.9990 test 0.3948
epoch 105/200 loss 0.0332 train 0.9990 test 0.3940
epoch 106/200 loss 0.0308 train 0.9996 test 0.4004
epoch 107/200 loss 0.0270 train 0.9998 test 0.4000
epoch 108/200 loss 0.0267 train 0.9998 test 0.4028
epoch 109/200 loss 0.0263 train 0.9996 test 0.4031
epoch 110/200 loss 0.0256 train 0.9996 test 0.3998
epoch 111/200 loss 0.0252 train 0.9998 test 0.4053
epoch 112/200 loss 0.0245 train 0.9998 test 0.4049
epoch 113/200 loss 0.0240 train 1.0000 test 0.4021
epoch 114/200 loss 0.0227 train 0.9996 test 0.4031
epoch 115/200 loss 0.0230 train 0.9998 test 0.4047
epoch 116/200 loss 0.0230 train 0.9998 test 0.4022
epoch 117/200 loss 0.0216 train 1.0000 test 0.4048
epoch 118/200 loss 0.0215 train 0.9998 test 0.4074
epoch 119/200 loss 0.0195 train 1.0000 test 0.4060
epoch 120/200 loss 0.0209 train 1.0000 test 0.4075
epoch 121/200 loss 0.0209 train 0.9998 test 0.4069
epoch 122/200 loss 0.0194 train 0.9998 test 0.4038
epoch 123/200 loss 0.0196 train 0.9998 test 0.4083
epoch 124/200 loss 0.0190 train 1.0000 test 0.4066
epoch 125/200 loss 0.0189 train 0.9996 test 0.4075
epoch 126/200 loss 0.0191 train 0.9998 test 0.4045
epoch 127/200 loss 0.0188 train 1.0000 test 0.4054
epoch 128/200 loss 0.0175 train 1.0000 test 0.4096
epoch 129/200 loss 0.0184 train 0.9998 test 0.4050
epoch 130/200 loss 0.0173 train 0.9998 test 0.4062
epoch 131/200 loss 0.0173 train 0.9998 test 0.4071
epoch 132/200 loss 0.0174 train 0.9998 test 0.4046
epoch 133/200 loss 0.0164 train 0.9998 test 0.4079
epoch 134/200 loss 0.0154 train 1.0000 test 0.4088
epoch 135/200 loss 0.0163 train 0.9996 test 0.4086
epoch 136/200 loss 0.0156 train 1.0000 test 0.4110
epoch 137/200 loss 0.0153 train 0.9996 test 0.4124
epoch 138/200 loss 0.0147 train 0.9998 test 0.4067
epoch 139/200 loss 0.0145 train 1.0000 test 0.4093
epoch 140/200 loss 0.0147 train 1.0000 test 0.4088
epoch 141/200 loss 0.0150 train 0.9996 test 0.4083
epoch 142/200 loss 0.0150 train 0.9996 test 0.4090
epoch 143/200 loss 0.0144 train 0.9998 test 0.4076
epoch 144/200 loss 0.0142 train 0.9998 test 0.4112
epoch 145/200 loss 0.0136 train 1.0000 test 0.4098
epoch 146/200 loss 0.0134 train 1.0000 test 0.4105
epoch 147/200 loss 0.0127 train 1.0000 test 0.4102
epoch 148/200 loss 0.0125 train 0.9998 test 0.4082
epoch 149/200 loss 0.0128 train 0.9998 test 0.4092
epoch 150/200 loss 0.0121 train 1.0000 test 0.4101
epoch 151/200 loss 0.0117 train 0.9998 test 0.4096
epoch 152/200 loss 0.0122 train 0.9996 test 0.4110
epoch 153/200 loss 0.0113 train 0.9998 test 0.4119
epoch 154/200 loss 0.0116 train 1.0000 test 0.4121
epoch 155/200 loss 0.0117 train 1.0000 test 0.4122
epoch 156/200 loss 0.0114 train 1.0000 test 0.4107
epoch 157/200 loss 0.0109 train 0.9998 test 0.4122
epoch 158/200 loss 0.0109 train 1.0000 test 0.4124
epoch 159/200 loss 0.0106 train 1.0000 test 0.4123
epoch 160/200 loss 0.0111 train 0.9998 test 0.4114
epoch 161/200 loss 0.0105 train 1.0000 test 0.4132
epoch 162/200 loss 0.0107 train 1.0000 test 0.4126
epoch 163/200 loss 0.0102 train 1.0000 test 0.4114
epoch 164/200 loss 0.0102 train 0.9998 test 0.4104
epoch 165/200 loss 0.0097 train 1.0000 test 0.4121
epoch 166/200 loss 0.0099 train 1.0000 test 0.4123
epoch 167/200 loss 0.0102 train 1.0000 test 0.4117
epoch 168/200 loss 0.0102 train 1.0000 test 0.4117
epoch 169/200 loss 0.0098 train 1.0000 test 0.4099
epoch 170/200 loss 0.0093 train 1.0000 test 0.4121
epoch 171/200 loss 0.0096 train 0.9998 test 0.4124
epoch 172/200 loss 0.0096 train 1.0000 test 0.4111
epoch 173/200 loss 0.0093 train 1.0000 test 0.4115
epoch 174/200 loss 0.0088 train 1.0000 test 0.4112
epoch 175/200 loss 0.0088 train 1.0000 test 0.4132
epoch 176/200 loss 0.0089 train 1.0000 test 0.4128
epoch 177/200 loss 0.0089 train 1.0000 test 0.4129
epoch 178/200 loss 0.0086 train 1.0000 test 0.4130
epoch 179/200 loss 0.0087 train 1.0000 test 0.4110
epoch 180/200 loss 0.0084 train 1.0000 test 0.4116
epoch 181/200 loss 0.0084 train 1.0000 test 0.4116
epoch 182/200 loss 0.0083 train 1.0000 test 0.4126
epoch 183/200 loss 0.0080 train 1.0000 test 0.4138
epoch 184/200 loss 0.0079 train 1.0000 test 0.4124
epoch 185/200 loss 0.0079 train 1.0000 test 0.4129
epoch 186/200 loss 0.0084 train 0.9998 test 0.4138
epoch 187/200 loss 0.0082 train 1.0000 test 0.4127
epoch 188/200 loss 0.0078 train 1.0000 test 0.4124
epoch 189/200 loss 0.0078 train 1.0000 test 0.4139
epoch 190/200 loss 0.0080 train 0.9998 test 0.4130
epoch 191/200 loss 0.0074 train 1.0000 test 0.4130
epoch 192/200 loss 0.0076 train 1.0000 test 0.4136
epoch 193/200 loss 0.0078 train 1.0000 test 0.4129
epoch 194/200 loss 0.0080 train 1.0000 test 0.4148
epoch 195/200 loss 0.0075 train 1.0000 test 0.4115
epoch 196/200 loss 0.0077 train 1.0000 test 0.4143
epoch 197/200 loss 0.0076 train 1.0000 test 0.4147
epoch 198/200 loss 0.0078 train 1.0000 test 0.4130
epoch 199/200 loss 0.0076 train 1.0000 test 0.4127
epoch 200/200 loss 0.0076 train 1.0000 test 0.4122
done: final 0.4122 best 0.4148 -> ./runs/r50_aux_10pct/seed0
moment-aux target calibrated on 1024 images
[r50_aux_10pct seed1] {"params_trainable": 23713452, "params_stem_trainable": 0, "params_stem_fixed_filters": 0, "flops_total": 1304911872, "flops_stem": 0, "flops_image_size": 32}
epoch 1/200 loss 12.9711 train 0.0098 test 0.0129
epoch 2/200 loss 5.8705 train 0.0118 test 0.0134
epoch 3/200 loss 5.2909 train 0.0138 test 0.0250
epoch 4/200 loss 4.9738 train 0.0174 test 0.0209
epoch 5/200 loss 4.8331 train 0.0244 test 0.0305
epoch 6/200 loss 4.7151 train 0.0347 test 0.0418
epoch 7/200 loss 4.5930 train 0.0473 test 0.0426
epoch 8/200 loss 4.4949 train 0.0485 test 0.0519
epoch 9/200 loss 4.4388 train 0.0587 test 0.0520
epoch 10/200 loss 4.3747 train 0.0617 test 0.0535
epoch 11/200 loss 4.3072 train 0.0673 test 0.0522
epoch 12/200 loss 4.2359 train 0.0731 test 0.0663
epoch 13/200 loss 4.1990 train 0.0829 test 0.0740
epoch 14/200 loss 4.1313 train 0.0921 test 0.0783
epoch 15/200 loss 4.1024 train 0.1016 test 0.0814
epoch 16/200 loss 4.0378 train 0.1056 test 0.0799
epoch 17/200 loss 3.9826 train 0.1194 test 0.0797
epoch 18/200 loss 3.9238 train 0.1208 test 0.0867
epoch 19/200 loss 3.8383 train 0.1322 test 0.1129
epoch 20/200 loss 3.7930 train 0.1496 test 0.1254
epoch 21/200 loss 3.7171 train 0.1573 test 0.1181
epoch 22/200 loss 3.6616 train 0.1633 test 0.1189
epoch 23/200 loss 3.6071 train 0.1725 test 0.1309
epoch 24/200 loss 3.5670 train 0.1749 test 0.1467
epoch 25/200 loss 3.5020 train 0.1913 test 0.1475
epoch 26/200 loss 3.4507 train 0.2063 test 0.1392
epoch 27/200 loss 3.3972 train 0.2019 test 0.1573
epoch 28/200 loss 3.3210 train 0.2236 test 0.1586
epoch 29/200 loss 3.2944 train 0.2262 test 0.1284
epoch 30/200 loss 3.2850 train 0.2326 test 0.1588
epoch 31/200 loss 3.2093 train 0.2408 test 0.1678
epoch 32/200 loss 3.1698 train 0.2502 test 0.1748
epoch 33/200 loss 3.1214 train 0.2550 test 0.1619
epoch 34/200 loss 3.0587 train 0.2664 test 0.1702
epoch 35/200 loss 3.0156 train 0.2732 test 0.1932
epoch 36/200 loss 2.9664 train 0.2875 test 0.1702
epoch 37/200 loss 2.9027 train 0.2989 test 0.1412
epoch 38/200 loss 2.8460 train 0.3111 test 0.1806
epoch 39/200 loss 2.8350 train 0.3111 test 0.1988
epoch 40/200 loss 2.8177 train 0.3071 test 0.2052
epoch 41/200 loss 2.7750 train 0.3137 test 0.1525
epoch 42/200 loss 2.6728 train 0.3415 test 0.1959
epoch 43/200 loss 2.6582 train 0.3341 test 0.2111
epoch 44/200 loss 2.6346 train 0.3403 test 0.2058
epoch 45/200 loss 2.5704 train 0.3544 test 0.2070
epoch 46/200 loss 2.5204 train 0.3708 test 0.2303
epoch 47/200 loss 2.4497 train 0.3814 test 0.2099
epoch 48/200 loss 2.4287 train 0.3878 test 0.1607
epoch 49/200 loss 2.3834 train 0.3896 test 0.2323
epoch 50/200 loss 2.3379 train 0.4077 test 0.2386
epoch 51/200 loss 2.2821 train 0.4161 test 0.1993
epoch 52/200 loss 2.2360 train 0.4339 test 0.2594
epoch 53/200 loss 2.1430 train 0.4547 test 0.2293
epoch 54/200 loss 2.0749 train 0.4718 test 0.2465
epoch 55/200 loss 2.0253 train 0.4669 test 0.2356
epoch 56/200 loss 2.0177 train 0.4820 test 0.2203
epoch 57/200 loss 1.9205 train 0.5046 test 0.2441
epoch 58/200 loss 1.8319 train 0.5228 test 0.2616
epoch 59/200 loss 1.7835 train 0.5278 test 0.2550
epoch 60/200 loss 1.7475 train 0.5325 test 0.2351
epoch 61/200 loss 1.6712 train 0.5579 test 0.2511
epoch 62/200 loss 1.6224 train 0.5735 test 0.2411
epoch 63/200 loss 1.5712 train 0.5749 test 0.2484
epoch 64/200 loss 1.4829 train 0.6064 test 0.2421
epoch 65/200 loss 1.4811 train 0.6016 test 0.2376
epoch 66/200 loss 1.3949 train 0.6112 test 0.2824
epoch 67/200 loss 1.2362 train 0.6603 test 0.2728
epoch 68/200 loss 1.1790 train 0.6763 test 0.2576
epoch 69/200 loss 1.1279 train 0.6939 test 0.2238
epoch 70/200 loss 1.0938 train 0.7029 test 0.2707
epoch 71/200 loss 0.9903 train 0.7394 test 0.2880
epoch 72/200 loss 0.8877 train 0.7682 test 0.2692
epoch 73/200 loss 0.8872 train 0.7526 test 0.2831
epoch 74/200 loss 0.8063 train 0.7931 test 0.2825
epoch 75/200 loss 0.7622 train 0.7995 test 0.2713
epoch 76/200 loss 0.7112 train 0.8177 test 0.2778
epoch 77/200 loss 0.7106 train 0.8085 test 0.2629
epoch 78/200 loss 0.7269 train 0.8017 test 0.2757
epoch 79/200 loss 0.6263 train 0.8433 test 0.3005
epoch 80/200 loss 0.5321 train 0.8676 test 0.2861
epoch 81/200 loss 0.5021 train 0.8768 test 0.3031
epoch 82/200 loss 0.4926 train 0.8812 test 0.2860
epoch 83/200 loss 0.4858 train 0.8834 test 0.2925
epoch 84/200 loss 0.4173 train 0.9014 test 0.3020
epoch 85/200 loss 0.3776 train 0.9189 test 0.3054
epoch 86/200 loss 0.3285 train 0.9299 test 0.3085
epoch 87/200 loss 0.2825 train 0.9475 test 0.3007
epoch 88/200 loss 0.2569 train 0.9531 test 0.2963
epoch 89/200 loss 0.2451 train 0.9565 test 0.3209
epoch 90/200 loss 0.2144 train 0.9635 test 0.3141
epoch 91/200 loss 0.1941 train 0.9696 test 0.3140
epoch 92/200 loss 0.1788 train 0.9726 test 0.3116
epoch 93/200 loss 0.1566 train 0.9796 test 0.3210
epoch 94/200 loss 0.1386 train 0.9844 test 0.3163
epoch 95/200 loss 0.1383 train 0.9822 test 0.3269
epoch 96/200 loss 0.1405 train 0.9842 test 0.3272
epoch 97/200 loss 0.1297 train 0.9840 test 0.3348
epoch 98/200 loss 0.1115 train 0.9902 test 0.3296
epoch 99/200 loss 0.0835 train 0.9950 test 0.3379
epoch 100/200 loss 0.0731 train 0.9970 test 0.3381
epoch 101/200 loss 0.0661 train 0.9984 test 0.3487
epoch 102/200 loss 0.0594 train 0.9980 test 0.3485
epoch 103/200 loss 0.0597 train 0.9976 test 0.3420
epoch 104/200 loss 0.0550 train 0.9994 test 0.3476
epoch 105/200 loss 0.0506 train 0.9996 test 0.3487
epoch 106/200 loss 0.0483 train 0.9994 test 0.3519
epoch 107/200 loss 0.0445 train 0.9998 test 0.3556
epoch 108/200 loss 0.0433 train 0.9992 test 0.3516
epoch 109/200 loss 0.0423 train 0.9994 test 0.3514
epoch 110/200 loss 0.0415 train 0.9992 test 0.3532
epoch 111/200 loss 0.0417 train 0.9992 test 0.3538
epoch 112/200 loss 0.0402 train 0.9994 test 0.3528
epoch 113/200 loss 0.0358 train 0.9996 test 0.3533
epoch 114/200 loss 0.0369 train 0.9994 test 0.3524
epoch 115/200 loss 0.0371 train 0.9994 test 0.3571
epoch 116/200 loss 0.0355 train 0.9996 test 0.3556
epoch 117/200 loss 0.0333 train 0.9998 test 0.3532
epoch 118/200 loss 0.0327 train 0.9994 test 0.3544
epoch 119/200 loss 0.0327 train 0.9996 test 0.3536
epoch 120/200 loss 0.0319 train 0.9996 test 0.3547
epoch 121/200 loss 0.0301 train 0.9998 test 0.3530
epoch 122/200 loss 0.0291 train 0.9998 test 0.3594
epoch 123/200 loss 0.0296 train 0.9996 test 0.3560
epoch 124/200 loss 0.0291 train 0.9996 test 0.3597
epoch 125/200 loss 0.0270 train 1.0000 test 0.3563
epoch 126/200 loss 0.0277 train 0.9994 test 0.3569
epoch 127/200 loss 0.0261 train 0.9996 test 0.3596
epoch 128/200 loss 0.0263 train 0.9998 test 0.3577
epoch 129/200 loss 0.0260 train 0.9998 test 0.3583
epoch 130/200 loss 0.0251 train 0.9996 test 0.3593
epoch 131/200 loss 0.0248 train 0.9998 test 0.3606
epoch 132/200 loss 0.0242 train 1.0000 test 0.3576
epoch 133/200 loss 0.0234 train 1.0000 test 0.3617
epoch 134/200 loss 0.0232 train 0.9998 test 0.3584
epoch 135/200 loss 0.0224 train 1.0000 test 0.3578
epoch 136/200 loss 0.0222 train 0.9998 test 0.3607
epoch 137/200 loss 0.0216 train 1.0000 test 0.3591
epoch 138/200 loss 0.0215 train 1.0000 test 0.3601
epoch 139/200 loss 0.0211 train 0.9996 test 0.3592
epoch 140/200 loss 0.0203 train 0.9998 test 0.3614
epoch 141/200 loss 0.0208 train 0.9994 test 0.3620
epoch 142/200 loss 0.0203 train 1.0000 test 0.3619
epoch 143/200 loss 0.0195 train 0.9998 test 0.3640
epoch 144/200 loss 0.0189 train 0.9998 test 0.3626
epoch 145/200 loss 0.0185 train 1.0000 test 0.3626
epoch 146/200 loss 0.0182 train 0.9998 test 0.3610
epoch 147/200 loss 0.0182 train 0.9996 test 0.3632
epoch 148/200 loss 0.0183 train 0.9998 test 0.3654
epoch 149/200 loss 0.0173 train 1.0000 test 0.3608
epoch 150/200 loss 0.0165 train 1.0000 test 0.3626
epoch 151/200 loss 0.0165 train 1.0000 test 0.3631
epoch 152/200 loss 0.0168 train 0.9998 test 0.3645
epoch 153/200 loss 0.0162 train 0.9998 test 0.3633
epoch 154/200 loss 0.0163 train 0.9998 test 0.3610
epoch 155/200 loss 0.0166 train 0.9996 test 0.3657
epoch 156/200 loss 0.0151 train 0.9998 test 0.3654
epoch 157/200 loss 0.0147 train 0.9998 test 0.3652
epoch 158/200 loss 0.0148 train 1.0000 test 0.3656
epoch 159/200 loss 0.0149 train 1.0000 test 0.3625
epoch 160/200 loss 0.0139 train 1.0000 test 0.3622
epoch 161/200 loss 0.0141 train 1.0000 test 0.3625
epoch 162/200 loss 0.0139 train 1.0000 test 0.3625
epoch 163/200 loss 0.0136 train 0.9998 test 0.3640
epoch 164/200 loss 0.0135 train 0.9998 test 0.3637
epoch 165/200 loss 0.0133 train 1.0000 test 0.3637
epoch 166/200 loss 0.0128 train 1.0000 test 0.3624
epoch 167/200 loss 0.0127 train 1.0000 test 0.3650
epoch 168/200 loss 0.0128 train 1.0000 test 0.3622
epoch 169/200 loss 0.0125 train 1.0000 test 0.3623
epoch 170/200 loss 0.0122 train 1.0000 test 0.3631
epoch 171/200 loss 0.0123 train 1.0000 test 0.3638
epoch 172/200 loss 0.0111 train 1.0000 test 0.3645
epoch 173/200 loss 0.0120 train 1.0000 test 0.3651
epoch 174/200 loss 0.0114 train 0.9998 test 0.3648
epoch 175/200 loss 0.0112 train 0.9998 test 0.3647
epoch 176/200 loss 0.0108 train 1.0000 test 0.3641
epoch 177/200 loss 0.0110 train 1.0000 test 0.3652
epoch 178/200 loss 0.0114 train 1.0000 test 0.3645
epoch 179/200 loss 0.0116 train 0.9998 test 0.3647
epoch 180/200 loss 0.0106 train 1.0000 test 0.3636
epoch 181/200 loss 0.0102 train 1.0000 test 0.3635
epoch 182/200 loss 0.0104 train 1.0000 test 0.3662
epoch 183/200 loss 0.0105 train 1.0000 test 0.3645
epoch 184/200 loss 0.0104 train 1.0000 test 0.3631
epoch 185/200 loss 0.0102 train 1.0000 test 0.3647
epoch 186/200 loss 0.0098 train 1.0000 test 0.3662
epoch 187/200 loss 0.0096 train 1.0000 test 0.3638
epoch 188/200 loss 0.0100 train 0.9998 test 0.3641
epoch 189/200 loss 0.0098 train 0.9998 test 0.3647
epoch 190/200 loss 0.0097 train 1.0000 test 0.3667
epoch 191/200 loss 0.0099 train 1.0000 test 0.3660
epoch 192/200 loss 0.0092 train 0.9998 test 0.3647
epoch 193/200 loss 0.0100 train 0.9998 test 0.3646
epoch 194/200 loss 0.0092 train 1.0000 test 0.3649
epoch 195/200 loss 0.0097 train 0.9998 test 0.3647
epoch 196/200 loss 0.0096 train 1.0000 test 0.3645
epoch 197/200 loss 0.0096 train 1.0000 test 0.3652
epoch 198/200 loss 0.0094 train 1.0000 test 0.3652
epoch 199/200 loss 0.0097 train 1.0000 test 0.3652
epoch 200/200 loss 0.0098 train 1.0000 test 0.3637
done: final 0.3637 best 0.3667 -> ./runs/r50_aux_10pct/seed1
moment-aux target calibrated on 1024 images
[r50_aux_10pct seed2] {"params_trainable": 23713452, "params_stem_trainable": 0, "params_stem_fixed_filters": 0, "flops_total": 1304911872, "flops_stem": 0, "flops_image_size": 32}
epoch 1/200 loss 12.5430 train 0.0088 test 0.0161
epoch 2/200 loss 5.8648 train 0.0150 test 0.0169
epoch 3/200 loss 5.1789 train 0.0166 test 0.0265
epoch 4/200 loss 4.7874 train 0.0276 test 0.0366
epoch 5/200 loss 4.6034 train 0.0417 test 0.0475
epoch 6/200 loss 4.4615 train 0.0565 test 0.0521
epoch 7/200 loss 4.3689 train 0.0637 test 0.0635
epoch 8/200 loss 4.2613 train 0.0813 test 0.0705
epoch 9/200 loss 4.1499 train 0.0929 test 0.0842
epoch 10/200 loss 4.0689 train 0.1086 test 0.0912
epoch 11/200 loss 4.0014 train 0.1162 test 0.0997
epoch 12/200 loss 3.9037 train 0.1278 test 0.1010
epoch 13/200 loss 3.8250 train 0.1490 test 0.0955
epoch 14/200 loss 3.7407 train 0.1498 test 0.1252
epoch 15/200 loss 3.6356 train 0.1667 test 0.1235
epoch 16/200 loss 3.5828 train 0.1711 test 0.1409
epoch 17/200 loss 3.5238 train 0.1813 test 0.1212
epoch 18/200 loss 3.4183 train 0.1989 test 0.1427
epoch 19/200 loss 3.3657 train 0.2095 test 0.1633
epoch 20/200 loss 3.2734 train 0.2204 test 0.1627
epoch 21/200 loss 3.2177 train 0.2244 test 0.1648
epoch 22/200 loss 3.1684 train 0.2362 test 0.1850
epoch 23/200 loss 3.1167 train 0.2424 test 0.1738
epoch 24/200 loss 3.0451 train 0.2664 test 0.1828
epoch 25/200 loss 2.9995 train 0.2574 test 0.1771
epoch 26/200 loss 2.9246 train 0.2853 test 0.1950
epoch 27/200 loss 2.8608 train 0.2899 test 0.2138
epoch 28/200 loss 2.7791 train 0.3071 test 0.2140
epoch 29/200 loss 2.7465 train 0.3183 test 0.2104
epoch 30/200 loss 2.6745 train 0.3239 test 0.2164
epoch 31/200 loss 2.5960 train 0.3351 test 0.2257
epoch 32/200 loss 2.5560 train 0.3560 test 0.2392
epoch 33/200 loss 2.4694 train 0.3700 test 0.2409
epoch 34/200 loss 2.4018 train 0.3784 test 0.2333
epoch 35/200 loss 2.3803 train 0.3886 test 0.2420
epoch 36/200 loss 2.3303 train 0.4058 test 0.2637
epoch 37/200 loss 2.2638 train 0.4123 test 0.2634
epoch 38/200 loss 2.1812 train 0.4225 test 0.2184
epoch 39/200 loss 2.1411 train 0.4365 test 0.2613
epoch 40/200 loss 2.0946 train 0.4427 test 0.2704
epoch 41/200 loss 1.9817 train 0.4804 test 0.2700
epoch 42/200 loss 1.9274 train 0.4864 test 0.2497
epoch 43/200 loss 1.8723 train 0.4954 test 0.2828
epoch 44/200 loss 1.8279 train 0.5122 test 0.2850
epoch 45/200 loss 1.7703 train 0.5250 test 0.2960
epoch 46/200 loss 1.6854 train 0.5443 test 0.2761
epoch 47/200 loss 1.6612 train 0.5551 test 0.3067
epoch 48/200 loss 1.6264 train 0.5659 test 0.2896
epoch 49/200 loss 1.5387 train 0.5817 test 0.3071
epoch 50/200 loss 1.4667 train 0.6028 test 0.3115
epoch 51/200 loss 1.4235 train 0.6104 test 0.2657
epoch 52/200 loss 1.3582 train 0.6294 test 0.2866
epoch 53/200 loss 1.3102 train 0.6384 test 0.3002
epoch 54/200 loss 1.2637 train 0.6472 test 0.2946
epoch 55/200 loss 1.2574 train 0.6528 test 0.2971
epoch 56/200 loss 1.1753 train 0.6769 test 0.3151
epoch 57/200 loss 1.1158 train 0.6947 test 0.3007
epoch 58/200 loss 1.0416 train 0.7216 test 0.3350
epoch 59/200 loss 0.9783 train 0.7294 test 0.3085
epoch 60/200 loss 0.9573 train 0.7328 test 0.2901
epoch 61/200 loss 0.8405 train 0.7652 test 0.3293
epoch 62/200 loss 0.8364 train 0.7688 test 0.2968
epoch 63/200 loss 0.7894 train 0.7903 test 0.3144
epoch 64/200 loss 0.7645 train 0.7877 test 0.3266
epoch 65/200 loss 0.7585 train 0.7933 test 0.3114
epoch 66/200 loss 0.7010 train 0.8113 test 0.3209
epoch 67/200 loss 0.5921 train 0.8512 test 0.3391
epoch 68/200 loss 0.5442 train 0.8582 test 0.2977
epoch 69/200 loss 0.6169 train 0.8317 test 0.3244
epoch 70/200 loss 0.5759 train 0.8530 test 0.3175
epoch 71/200 loss 0.5293 train 0.8666 test 0.3147
epoch 72/200 loss 0.4822 train 0.8812 test 0.3257
epoch 73/200 loss 0.4485 train 0.8908 test 0.3277
epoch 74/200 loss 0.4296 train 0.8942 test 0.3478
epoch 75/200 loss 0.3873 train 0.9054 test 0.3292
epoch 76/200 loss 0.3439 train 0.9225 test 0.3505
epoch 77/200 loss 0.2699 train 0.9419 test 0.3445
epoch 78/200 loss 0.2580 train 0.9451 test 0.3630
epoch 79/200 loss 0.2239 train 0.9595 test 0.3644
epoch 80/200 loss 0.2223 train 0.9563 test 0.3597
epoch 81/200 loss 0.2072 train 0.9619 test 0.3638
epoch 82/200 loss 0.1852 train 0.9710 test 0.3701
epoch 83/200 loss 0.1654 train 0.9758 test 0.3641
epoch 84/200 loss 0.1826 train 0.9643 test 0.3456
epoch 85/200 loss 0.2182 train 0.9537 test 0.3463
epoch 86/200 loss 0.2103 train 0.9573 test 0.3268
epoch 87/200 loss 0.2193 train 0.9541 test 0.3484
epoch 88/200 loss 0.2092 train 0.9579 test 0.3448
epoch 89/200 loss 0.1663 train 0.9716 test 0.3604
epoch 90/200 loss 0.1510 train 0.9742 test 0.3470
epoch 91/200 loss 0.1440 train 0.9766 test 0.3696
epoch 92/200 loss 0.1260 train 0.9822 test 0.3740
epoch 93/200 loss 0.1072 train 0.9878 test 0.3780
epoch 94/200 loss 0.0930 train 0.9900 test 0.3889
epoch 95/200 loss 0.0928 train 0.9884 test 0.3815
epoch 96/200 loss 0.0726 train 0.9934 test 0.3732
epoch 97/200 loss 0.0715 train 0.9928 test 0.3815
epoch 98/200 loss 0.0676 train 0.9946 test 0.3890
epoch 99/200 loss 0.0525 train 0.9968 test 0.3968
epoch 100/200 loss 0.0453 train 0.9980 test 0.4030
epoch 101/200 loss 0.0374 train 0.9998 test 0.4028
epoch 102/200 loss 0.0354 train 0.9998 test 0.4079
epoch 103/200 loss 0.0356 train 0.9990 test 0.4037
epoch 104/200 loss 0.0341 train 0.9996 test 0.4086
epoch 105/200 loss 0.0347 train 0.9990 test 0.4070
epoch 106/200 loss 0.0333 train 0.9994 test 0.4038
epoch 107/200 loss 0.0300 train 0.9996 test 0.4092
epoch 108/200 loss 0.0285 train 0.9996 test 0.4108
epoch 109/200 loss 0.0269 train 0.9998 test 0.4132
epoch 110/200 loss 0.0261 train 0.9996 test 0.4139
epoch 111/200 loss 0.0260 train 0.9996 test 0.4121
epoch 112/200 loss 0.0243 train 0.9998 test 0.4127
epoch 113/200 loss 0.0231 train 0.9998 test 0.4126
epoch 114/200 loss 0.0236 train 0.9998 test 0.4105
epoch 115/200 loss 0.0226 train 0.9998 test 0.4119
epoch 116/200 loss 0.0220 train 0.9998 test 0.4112
epoch 117/200 loss 0.0210 train 0.9998 test 0.4142
epoch 118/200 loss 0.0211 train 0.9996 test 0.4144
epoch 119/200 loss 0.0207 train 0.9996 test 0.4144
epoch 120/200 loss 0.0206 train 1.0000 test 0.4141
epoch 121/200 loss 0.0197 train 0.9998 test 0.4124
epoch 122/200 loss 0.0207 train 0.9996 test 0.4118
epoch 123/200 loss 0.0197 train 1.0000 test 0.4145
epoch 124/200 loss 0.0198 train 0.9998 test 0.4158
epoch 125/200 loss 0.0190 train 0.9996 test 0.4131
epoch 126/200 loss 0.0189 train 0.9996 test 0.4154
epoch 127/200 loss 0.0187 train 0.9998 test 0.4140
epoch 128/200 loss 0.0178 train 0.9996 test 0.4165
epoch 129/200 loss 0.0184 train 0.9994 test 0.4192
epoch 130/200 loss 0.0173 train 0.9998 test 0.4195
epoch 131/200 loss 0.0169 train 0.9996 test 0.4170
epoch 132/200 loss 0.0185 train 0.9994 test 0.4156
epoch 133/200 loss 0.0174 train 0.9998 test 0.4167
epoch 134/200 loss 0.0168 train 0.9998 test 0.4202
epoch 135/200 loss 0.0161 train 0.9998 test 0.4196
epoch 136/200 loss 0.0157 train 0.9998 test 0.4173
epoch 137/200 loss 0.0155 train 0.9996 test 0.4219
epoch 138/200 loss 0.0154 train 0.9998 test 0.4229
epoch 139/200 loss 0.0151 train 0.9998 test 0.4188
epoch 140/200 loss 0.0148 train 0.9998 test 0.4217
epoch 141/200 loss 0.0143 train 0.9998 test 0.4177
epoch 142/200 loss 0.0141 train 0.9998 test 0.4172
epoch 143/200 loss 0.0134 train 1.0000 test 0.4196
epoch 144/200 loss 0.0137 train 0.9998 test 0.4205
epoch 145/200 loss 0.0134 train 0.9998 test 0.4207
epoch 146/200 loss 0.0131 train 0.9998 test 0.4200
epoch 147/200 loss 0.0128 train 1.0000 test 0.4194
epoch 148/200 loss 0.0131 train 0.9998 test 0.4218
epoch 149/200 loss 0.0124 train 0.9998 test 0.4211
epoch 150/200 loss 0.0125 train 1.0000 test 0.4211
epoch 151/200 loss 0.0121 train 0.9998 test 0.4210
epoch 152/200 loss 0.0125 train 1.0000 test 0.4196
epoch 153/200 loss 0.0119 train 0.9998 test 0.4190
epoch 154/200 loss 0.0115 train 1.0000 test 0.4224
epoch 155/200 loss 0.0119 train 0.9998 test 0.4182
epoch 156/200 loss 0.0114 train 1.0000 test 0.4199
epoch 157/200 loss 0.0110 train 1.0000 test 0.4188
epoch 158/200 loss 0.0108 train 0.9996 test 0.4217
epoch 159/200 loss 0.0107 train 1.0000 test 0.4245
epoch 160/200 loss 0.0107 train 0.9998 test 0.4208
epoch 161/200 loss 0.0101 train 1.0000 test 0.4216
epoch 162/200 loss 0.0104 train 1.0000 test 0.4233
epoch 163/200 loss 0.0096 train 1.0000 test 0.4231
epoch 164/200 loss 0.0097 train 0.9998 test 0.4235
epoch 165/200 loss 0.0097 train 1.0000 test 0.4238
epoch 166/200 loss 0.0096 train 1.0000 test 0.4238
epoch 167/200 loss 0.0099 train 0.9998 test 0.4241
epoch 168/200 loss 0.0092 train 1.0000 test 0.4223
epoch 169/200 loss 0.0091 train 1.0000 test 0.4209
epoch 170/200 loss 0.0091 train 1.0000 test 0.4238
epoch 171/200 loss 0.0093 train 1.0000 test 0.4223
epoch 172/200 loss 0.0091 train 0.9998 test 0.4230
epoch 173/200 loss 0.0091 train 0.9998 test 0.4228
epoch 174/200 loss 0.0084 train 1.0000 test 0.4241
epoch 175/200 loss 0.0085 train 1.0000 test 0.4218
epoch 176/200 loss 0.0083 train 1.0000 test 0.4231
epoch 177/200 loss 0.0088 train 0.9998 test 0.4220
epoch 178/200 loss 0.0081 train 1.0000 test 0.4236
epoch 179/200 loss 0.0080 train 1.0000 test 0.4241
epoch 180/200 loss 0.0082 train 1.0000 test 0.4233
epoch 181/200 loss 0.0082 train 1.0000 test 0.4243
epoch 182/200 loss 0.0079 train 1.0000 test 0.4233
epoch 183/200 loss 0.0076 train 1.0000 test 0.4240
epoch 184/200 loss 0.0077 train 1.0000 test 0.4254
epoch 185/200 loss 0.0077 train 1.0000 test 0.4244
epoch 186/200 loss 0.0078 train 0.9998 test 0.4224
epoch 187/200 loss 0.0079 train 1.0000 test 0.4249
epoch 188/200 loss 0.0074 train 1.0000 test 0.4233
epoch 189/200 loss 0.0074 train 1.0000 test 0.4245
epoch 190/200 loss 0.0076 train 1.0000 test 0.4247
epoch 191/200 loss 0.0073 train 1.0000 test 0.4246
epoch 192/200 loss 0.0076 train 1.0000 test 0.4234
epoch 193/200 loss 0.0074 train 1.0000 test 0.4245
epoch 194/200 loss 0.0073 train 0.9998 test 0.4237
epoch 195/200 loss 0.0073 train 1.0000 test 0.4220
epoch 196/200 loss 0.0071 train 1.0000 test 0.4242
epoch 197/200 loss 0.0068 train 1.0000 test 0.4223
epoch 198/200 loss 0.0071 train 1.0000 test 0.4232
epoch 199/200 loss 0.0073 train 0.9998 test 0.4241
epoch 200/200 loss 0.0070 train 1.0000 test 0.4235
done: final 0.4235 best 0.4254 -> ./runs/r50_aux_10pct/seed2
R50GEN_r50_aux_10pct_DONE
[r50_none_5pct seed0] {"params_trainable": 23705252, "params_stem_trainable": 0, "params_stem_fixed_filters": 0, "flops_total": 1304911872, "flops_stem": 0, "flops_image_size": 32}
epoch 1/200 loss 4.7904 train 0.0271 test 0.0402
epoch 2/200 loss 4.5762 train 0.0526 test 0.0554
epoch 3/200 loss 4.2306 train 0.0617 test 0.0709
epoch 4/200 loss 4.0243 train 0.0847 test 0.0805
epoch 5/200 loss 3.9017 train 0.0975 test 0.0861
epoch 6/200 loss 3.8529 train 0.1049 test 0.0831
epoch 7/200 loss 3.7773 train 0.1176 test 0.1000
epoch 8/200 loss 3.7614 train 0.1135 test 0.0838
epoch 9/200 loss 3.6968 train 0.1176 test 0.0907
epoch 10/200 loss 3.6658 train 0.1291 test 0.0864
epoch 11/200 loss 3.6270 train 0.1349 test 0.0911
epoch 12/200 loss 3.5390 train 0.1410 test 0.0967
epoch 13/200 loss 3.4973 train 0.1468 test 0.1016
epoch 14/200 loss 3.4458 train 0.1628 test 0.1046
epoch 15/200 loss 3.4190 train 0.1649 test 0.0952
epoch 16/200 loss 3.3552 train 0.1711 test 0.1002
epoch 17/200 loss 3.3235 train 0.1809 test 0.1113
epoch 18/200 loss 3.2739 train 0.1826 test 0.1035
epoch 19/200 loss 3.1951 train 0.1965 test 0.1167
epoch 20/200 loss 3.1624 train 0.2052 test 0.1171
epoch 21/200 loss 3.1263 train 0.2064 test 0.1189
epoch 22/200 loss 3.0587 train 0.2159 test 0.1362
epoch 23/200 loss 2.9782 train 0.2381 test 0.1231
epoch 24/200 loss 2.9062 train 0.2488 test 0.1308
epoch 25/200 loss 2.8276 train 0.2549 test 0.1258
epoch 26/200 loss 2.8090 train 0.2792 test 0.1270
epoch 27/200 loss 2.7241 train 0.2808 test 0.1339
epoch 28/200 loss 2.6454 train 0.2928 test 0.1427
epoch 29/200 loss 2.5923 train 0.3014 test 0.1313
epoch 30/200 loss 2.5346 train 0.3215 test 0.1440
epoch 31/200 loss 2.4357 train 0.3470 test 0.1424
epoch 32/200 loss 2.3301 train 0.3655 test 0.1511
epoch 33/200 loss 2.2704 train 0.3729 test 0.1295
epoch 34/200 loss 2.1816 train 0.3993 test 0.1478
epoch 35/200 loss 2.0927 train 0.4050 test 0.1614
epoch 36/200 loss 1.9993 train 0.4293 test 0.1355
epoch 37/200 loss 1.9447 train 0.4539 test 0.1523
epoch 38/200 loss 1.7976 train 0.4926 test 0.1673
epoch 39/200 loss 1.6977 train 0.5074 test 0.1626
epoch 40/200 loss 1.7449 train 0.5049 test 0.1681
epoch 41/200 loss 1.6679 train 0.5329 test 0.1623
epoch 42/200 loss 1.4962 train 0.5633 test 0.1582
epoch 43/200 loss 1.4252 train 0.5913 test 0.1460
epoch 44/200 loss 1.3325 train 0.6160 test 0.1734
epoch 45/200 loss 1.2738 train 0.6283 test 0.1674
epoch 46/200 loss 1.1271 train 0.6854 test 0.1638
epoch 47/200 loss 1.0662 train 0.6961 test 0.1715
epoch 48/200 loss 0.9645 train 0.7204 test 0.1689
epoch 49/200 loss 0.9156 train 0.7348 test 0.1643
epoch 50/200 loss 0.7934 train 0.7800 test 0.1729
epoch 51/200 loss 0.7221 train 0.7985 test 0.1790
epoch 52/200 loss 0.6112 train 0.8331 test 0.1701
epoch 53/200 loss 0.5670 train 0.8421 test 0.1919
epoch 54/200 loss 0.5463 train 0.8450 test 0.1846
epoch 55/200 loss 0.5752 train 0.8396 test 0.1716
epoch 56/200 loss 0.5107 train 0.8544 test 0.1860
epoch 57/200 loss 0.4550 train 0.8684 test 0.1830
epoch 58/200 loss 0.4075 train 0.8853 test 0.1889
epoch 59/200 loss 0.3954 train 0.8972 test 0.1884
epoch 60/200 loss 0.3607 train 0.9038 test 0.1931
epoch 61/200 loss 0.3053 train 0.9219 test 0.1806
epoch 62/200 loss 0.2721 train 0.9309 test 0.1911
epoch 63/200 loss 0.1943 train 0.9589 test 0.2020
epoch 64/200 loss 0.1748 train 0.9609 test 0.2029
epoch 65/200 loss 0.1470 train 0.9708 test 0.2059
epoch 66/200 loss 0.1271 train 0.9753 test 0.2063
epoch 67/200 loss 0.0954 train 0.9836 test 0.2111
epoch 68/200 loss 0.0841 train 0.9881 test 0.2194
epoch 69/200 loss 0.0700 train 0.9864 test 0.2185
epoch 70/200 loss 0.0676 train 0.9877 test 0.2108
epoch 71/200 loss 0.0546 train 0.9905 test 0.2180
epoch 72/200 loss 0.0418 train 0.9942 test 0.2248
epoch 73/200 loss 0.0332 train 0.9963 test 0.2248
epoch 74/200 loss 0.0221 train 0.9984 test 0.2269
epoch 75/200 loss 0.0153 train 1.0000 test 0.2313
epoch 76/200 loss 0.0141 train 0.9992 test 0.2260
epoch 77/200 loss 0.0150 train 0.9996 test 0.2382
epoch 78/200 loss 0.0131 train 0.9988 test 0.2316
epoch 79/200 loss 0.0163 train 0.9988 test 0.2309
epoch 80/200 loss 0.0209 train 0.9971 test 0.2307
epoch 81/200 loss 0.0191 train 0.9992 test 0.2312
epoch 82/200 loss 0.0167 train 0.9979 test 0.2345
epoch 83/200 loss 0.0194 train 0.9984 test 0.2305
epoch 84/200 loss 0.0114 train 0.9996 test 0.2359
epoch 85/200 loss 0.0163 train 0.9979 test 0.2355
epoch 86/200 loss 0.0190 train 0.9984 test 0.2268
epoch 87/200 loss 0.0205 train 0.9975 test 0.2354
epoch 88/200 loss 0.0130 train 1.0000 test 0.2387
epoch 89/200 loss 0.0092 train 1.0000 test 0.2403
epoch 90/200 loss 0.0075 train 1.0000 test 0.2423
epoch 91/200 loss 0.0075 train 1.0000 test 0.2415
epoch 92/200 loss 0.0078 train 0.9996 test 0.2408
epoch 93/200 loss 0.0071 train 0.9996 test 0.2428
epoch 94/200 loss 0.0067 train 1.0000 test 0.2465
epoch 95/200 loss 0.0063 train 1.0000 test 0.2443
epoch 96/200 loss 0.0064 train 1.0000 test 0.2444
epoch 97/200 loss 0.0057 train 1.0000 test 0.2463
epoch 98/200 loss 0.0063 train 1.0000 test 0.2458
epoch 99/200 loss 0.0058 train 1.0000 test 0.2430
epoch 100/200 loss 0.0060 train 1.0000 test 0.2445
epoch 101/200 loss 0.0067 train 1.0000 test 0.2450
epoch 102/200 loss 0.0063 train 1.0000 test 0.2418
epoch 103/200 loss 0.0060 train 1.0000 test 0.2456
epoch 104/200 loss 0.0054 train 1.0000 test 0.2465
epoch 105/200 loss 0.0057 train 1.0000 test 0.2449
epoch 106/200 loss 0.0064 train 1.0000 test 0.2461
epoch 107/200 loss 0.0058 train 1.0000 test 0.2431
epoch 108/200 loss 0.0059 train 1.0000 test 0.2436
epoch 109/200 loss 0.0057 train 1.0000 test 0.2428
epoch 110/200 loss 0.0056 train 1.0000 test 0.2442
epoch 111/200 loss 0.0057 train 1.0000 test 0.2452
epoch 112/200 loss 0.0059 train 1.0000 test 0.2436
epoch 113/200 loss 0.0059 train 1.0000 test 0.2439
epoch 114/200 loss 0.0060 train 1.0000 test 0.2450
epoch 115/200 loss 0.0056 train 1.0000 test 0.2454
epoch 116/200 loss 0.0054 train 1.0000 test 0.2489
epoch 117/200 loss 0.0055 train 1.0000 test 0.2480
epoch 118/200 loss 0.0053 train 1.0000 test 0.2470
epoch 119/200 loss 0.0056 train 1.0000 test 0.2470
epoch 120/200 loss 0.0059 train 1.0000 test 0.2450
epoch 121/200 loss 0.0058 train 1.0000 test 0.2449
epoch 122/200 loss 0.0058 train 1.0000 test 0.2491
epoch 123/200 loss 0.0055 train 1.0000 test 0.2473
epoch 124/200 loss 0.0060 train 1.0000 test 0.2472
epoch 125/200 loss 0.0053 train 1.0000 test 0.2456
epoch 126/200 loss 0.0058 train 1.0000 test 0.2463
epoch 127/200 loss 0.0055 train 1.0000 test 0.2445
epoch 128/200 loss 0.0056 train 1.0000 test 0.2470
epoch 129/200 loss 0.0054 train 1.0000 test 0.2468
epoch 130/200 loss 0.0056 train 1.0000 test 0.2456
epoch 131/200 loss 0.0057 train 1.0000 test 0.2478
epoch 132/200 loss 0.0057 train 1.0000 test 0.2476
epoch 133/200 loss 0.0054 train 1.0000 test 0.2477
epoch 134/200 loss 0.0053 train 1.0000 test 0.2478
epoch 135/200 loss 0.0051 train 1.0000 test 0.2486
epoch 136/200 loss 0.0053 train 1.0000 test 0.2483
epoch 137/200 loss 0.0048 train 1.0000 test 0.2479
epoch 138/200 loss 0.0050 train 1.0000 test 0.2490
epoch 139/200 loss 0.0053 train 1.0000 test 0.2488
epoch 140/200 loss 0.0050 train 1.0000 test 0.2492
epoch 141/200 loss 0.0054 train 1.0000 test 0.2490
epoch 142/200 loss 0.0052 train 1.0000 test 0.2481
epoch 143/200 loss 0.0052 train 1.0000 test 0.2485
epoch 144/200 loss 0.0049 train 1.0000 test 0.2491
epoch 145/200 loss 0.0055 train 1.0000 test 0.2489
epoch 146/200 loss 0.0057 train 1.0000 test 0.2486
epoch 147/200 loss 0.0051 train 1.0000 test 0.2485
epoch 148/200 loss 0.0056 train 1.0000 test 0.2500
epoch 149/200 loss 0.0049 train 1.0000 test 0.2500
epoch 150/200 loss 0.0053 train 1.0000 test 0.2492
epoch 151/200 loss 0.0053 train 1.0000 test 0.2487
epoch 152/200 loss 0.0053 train 1.0000 test 0.2494
epoch 153/200 loss 0.0052 train 1.0000 test 0.2491
epoch 154/200 loss 0.0055 train 1.0000 test 0.2494
epoch 155/200 loss 0.0050 train 1.0000 test 0.2491
epoch 156/200 loss 0.0052 train 1.0000 test 0.2505
epoch 157/200 loss 0.0050 train 1.0000 test 0.2502
epoch 158/200 loss 0.0051 train 1.0000 test 0.2484
epoch 159/200 loss 0.0048 train 1.0000 test 0.2503
epoch 160/200 loss 0.0050 train 1.0000 test 0.2497
epoch 161/200 loss 0.0049 train 1.0000 test 0.2498
epoch 162/200 loss 0.0051 train 1.0000 test 0.2496
epoch 163/200 loss 0.0049 train 1.0000 test 0.2492
epoch 164/200 loss 0.0048 train 1.0000 test 0.2479
epoch 165/200 loss 0.0050 train 1.0000 test 0.2498
epoch 166/200 loss 0.0047 train 1.0000 test 0.2490
epoch 167/200 loss 0.0054 train 1.0000 test 0.2479
epoch 168/200 loss 0.0049 train 1.0000 test 0.2488
epoch 169/200 loss 0.0053 train 1.0000 test 0.2507
epoch 170/200 loss 0.0050 train 1.0000 test 0.2503
epoch 171/200 loss 0.0047 train 1.0000 test 0.2499
epoch 172/200 loss 0.0047 train 1.0000 test 0.2514
epoch 173/200 loss 0.0053 train 1.0000 test 0.2487
epoch 174/200 loss 0.0052 train 1.0000 test 0.2499
epoch 175/200 loss 0.0050 train 1.0000 test 0.2506
epoch 176/200 loss 0.0050 train 1.0000 test 0.2514
epoch 177/200 loss 0.0049 train 1.0000 test 0.2489
epoch 178/200 loss 0.0047 train 1.0000 test 0.2512
epoch 179/200 loss 0.0050 train 1.0000 test 0.2498
epoch 180/200 loss 0.0048 train 1.0000 test 0.2496
epoch 181/200 loss 0.0049 train 1.0000 test 0.2497
epoch 182/200 loss 0.0051 train 1.0000 test 0.2487
epoch 183/200 loss 0.0052 train 1.0000 test 0.2493
epoch 184/200 loss 0.0048 train 1.0000 test 0.2501
epoch 185/200 loss 0.0049 train 1.0000 test 0.2498
epoch 186/200 loss 0.0048 train 1.0000 test 0.2484
epoch 187/200 loss 0.0051 train 1.0000 test 0.2489
epoch 188/200 loss 0.0051 train 1.0000 test 0.2488
epoch 189/200 loss 0.0050 train 1.0000 test 0.2497
epoch 190/200 loss 0.0049 train 1.0000 test 0.2505
epoch 191/200 loss 0.0046 train 1.0000 test 0.2503
epoch 192/200 loss 0.0048 train 1.0000 test 0.2498
epoch 193/200 loss 0.0052 train 1.0000 test 0.2496
epoch 194/200 loss 0.0051 train 1.0000 test 0.2488
epoch 195/200 loss 0.0053 train 1.0000 test 0.2504
epoch 196/200 loss 0.0053 train 1.0000 test 0.2494
epoch 197/200 loss 0.0051 train 1.0000 test 0.2515
epoch 198/200 loss 0.0048 train 1.0000 test 0.2500
epoch 199/200 loss 0.0049 train 1.0000 test 0.2495
epoch 200/200 loss 0.0050 train 1.0000 test 0.2494
done: final 0.2494 best 0.2515 -> ./runs/r50_none_5pct/seed0
[r50_none_5pct seed1] {"params_trainable": 23705252, "params_stem_trainable": 0, "params_stem_fixed_filters": 0, "flops_total": 1304911872, "flops_stem": 0, "flops_image_size": 32}
epoch 1/200 loss 4.8903 train 0.0275 test 0.0475
epoch 2/200 loss 4.5044 train 0.0555 test 0.0626
epoch 3/200 loss 4.2226 train 0.0687 test 0.0707
epoch 4/200 loss 4.0214 train 0.0818 test 0.0805
epoch 5/200 loss 3.9985 train 0.0855 test 0.0826
epoch 6/200 loss 3.8561 train 0.1028 test 0.0903
epoch 7/200 loss 3.8080 train 0.1069 test 0.0866
epoch 8/200 loss 3.7643 train 0.1020 test 0.0877
epoch 9/200 loss 3.7353 train 0.1275 test 0.0873
epoch 10/200 loss 3.6583 train 0.1336 test 0.0986
epoch 11/200 loss 3.6171 train 0.1308 test 0.0991
epoch 12/200 loss 3.5853 train 0.1357 test 0.0988
epoch 13/200 loss 3.4994 train 0.1509 test 0.0931
epoch 14/200 loss 3.5093 train 0.1513 test 0.1018
epoch 15/200 loss 3.4548 train 0.1530 test 0.0957
epoch 16/200 loss 3.3614 train 0.1628 test 0.1025
epoch 17/200 loss 3.3116 train 0.1867 test 0.0989
epoch 18/200 loss 3.3088 train 0.1690 test 0.1047
epoch 19/200 loss 3.2428 train 0.1863 test 0.1061
epoch 20/200 loss 3.1908 train 0.1928 test 0.1102
epoch 21/200 loss 3.1551 train 0.2027 test 0.1105
epoch 22/200 loss 3.1040 train 0.2081 test 0.1245
epoch 23/200 loss 3.0260 train 0.2274 test 0.1146
epoch 24/200 loss 2.9598 train 0.2393 test 0.1168
epoch 25/200 loss 2.8860 train 0.2558 test 0.1181
epoch 26/200 loss 2.8754 train 0.2689 test 0.1228
epoch 27/200 loss 2.7731 train 0.2759 test 0.1318
epoch 28/200 loss 2.6694 train 0.2993 test 0.1416
epoch 29/200 loss 2.6050 train 0.3022 test 0.1386
epoch 30/200 loss 2.5546 train 0.3203 test 0.1436
epoch 31/200 loss 2.4674 train 0.3351 test 0.1204
epoch 32/200 loss 2.3839 train 0.3466 test 0.1513
epoch 33/200 loss 2.2813 train 0.3882 test 0.1512
epoch 34/200 loss 2.2186 train 0.3931 test 0.1504
epoch 35/200 loss 2.0891 train 0.4202 test 0.1404
epoch 36/200 loss 2.0609 train 0.4387 test 0.1668
epoch 37/200 loss 1.9413 train 0.4634 test 0.1570
epoch 38/200 loss 1.8910 train 0.4704 test 0.1598
epoch 39/200 loss 1.7703 train 0.5095 test 0.1635
epoch 40/200 loss 1.7192 train 0.5144 test 0.1660
epoch 41/200 loss 1.5930 train 0.5448 test 0.1608
epoch 42/200 loss 1.5076 train 0.5691 test 0.1585
epoch 43/200 loss 1.4597 train 0.5687 test 0.1650
epoch 44/200 loss 1.3718 train 0.5991 test 0.1563
epoch 45/200 loss 1.2763 train 0.6258 test 0.1638
epoch 46/200 loss 1.1667 train 0.6624 test 0.1611
epoch 47/200 loss 1.0261 train 0.7159 test 0.1779
epoch 48/200 loss 0.9373 train 0.7253 test 0.1823
epoch 49/200 loss 0.8908 train 0.7410 test 0.1773
epoch 50/200 loss 0.8023 train 0.7730 test 0.1707
epoch 51/200 loss 0.7294 train 0.7862 test 0.1779
epoch 52/200 loss 0.6598 train 0.8121 test 0.1702
epoch 53/200 loss 0.6381 train 0.8096 test 0.1860
epoch 54/200 loss 0.5274 train 0.8602 test 0.1715
epoch 55/200 loss 0.4676 train 0.8680 test 0.1842
epoch 56/200 loss 0.4484 train 0.8812 test 0.1727
epoch 57/200 loss 0.4162 train 0.8853 test 0.1740
epoch 58/200 loss 0.4152 train 0.8853 test 0.1859
epoch 59/200 loss 0.3824 train 0.8947 test 0.1899
epoch 60/200 loss 0.3894 train 0.8914 test 0.1843
epoch 61/200 loss 0.2882 train 0.9293 test 0.1881
epoch 62/200 loss 0.2816 train 0.9317 test 0.1911
epoch 63/200 loss 0.2538 train 0.9346 test 0.1992
epoch 64/200 loss 0.2046 train 0.9502 test 0.1804
epoch 65/200 loss 0.1584 train 0.9667 test 0.2040
epoch 66/200 loss 0.1101 train 0.9815 test 0.2063
epoch 67/200 loss 0.0943 train 0.9807 test 0.2077
epoch 68/200 loss 0.0928 train 0.9815 test 0.2060
epoch 69/200 loss 0.0709 train 0.9856 test 0.2175
epoch 70/200 loss 0.0456 train 0.9942 test 0.2175
epoch 71/200 loss 0.0331 train 0.9963 test 0.2305
epoch 72/200 loss 0.0315 train 0.9971 test 0.2269
epoch 73/200 loss 0.0275 train 0.9959 test 0.2245
epoch 74/200 loss 0.0336 train 0.9959 test 0.2304
epoch 75/200 loss 0.0264 train 0.9971 test 0.2303
epoch 76/200 loss 0.0243 train 0.9975 test 0.2324
epoch 77/200 loss 0.0184 train 0.9984 test 0.2340
epoch 78/200 loss 0.0194 train 0.9988 test 0.2380
epoch 79/200 loss 0.0185 train 0.9988 test 0.2353
epoch 80/200 loss 0.0127 train 0.9992 test 0.2373
epoch 81/200 loss 0.0170 train 0.9979 test 0.2383
epoch 82/200 loss 0.0156 train 0.9988 test 0.2401
epoch 83/200 loss 0.0099 train 1.0000 test 0.2396
epoch 84/200 loss 0.0078 train 1.0000 test 0.2407
epoch 85/200 loss 0.0070 train 1.0000 test 0.2436
epoch 86/200 loss 0.0070 train 1.0000 test 0.2412
epoch 87/200 loss 0.0058 train 1.0000 test 0.2423
epoch 88/200 loss 0.0067 train 1.0000 test 0.2437
epoch 89/200 loss 0.0063 train 1.0000 test 0.2441
epoch 90/200 loss 0.0061 train 1.0000 test 0.2454
epoch 91/200 loss 0.0069 train 0.9996 test 0.2456
epoch 92/200 loss 0.0069 train 0.9996 test 0.2471
epoch 93/200 loss 0.0059 train 1.0000 test 0.2457
epoch 94/200 loss 0.0062 train 1.0000 test 0.2433
epoch 95/200 loss 0.0061 train 1.0000 test 0.2450
epoch 96/200 loss 0.0062 train 1.0000 test 0.2461
epoch 97/200 loss 0.0056 train 1.0000 test 0.2448
epoch 98/200 loss 0.0061 train 1.0000 test 0.2475
epoch 99/200 loss 0.0058 train 1.0000 test 0.2452
epoch 100/200 loss 0.0063 train 1.0000 test 0.2471
epoch 101/200 loss 0.0058 train 1.0000 test 0.2482
epoch 102/200 loss 0.0068 train 1.0000 test 0.2456
epoch 103/200 loss 0.0058 train 1.0000 test 0.2452
epoch 104/200 loss 0.0058 train 1.0000 test 0.2474
epoch 105/200 loss 0.0056 train 1.0000 test 0.2481
epoch 106/200 loss 0.0061 train 1.0000 test 0.2465
epoch 107/200 loss 0.0065 train 1.0000 test 0.2463
epoch 108/200 loss 0.0061 train 1.0000 test 0.2472
epoch 109/200 loss 0.0059 train 1.0000 test 0.2497
epoch 110/200 loss 0.0060 train 1.0000 test 0.2481
epoch 111/200 loss 0.0054 train 1.0000 test 0.2465
epoch 112/200 loss 0.0053 train 1.0000 test 0.2496
epoch 113/200 loss 0.0060 train 1.0000 test 0.2497
epoch 114/200 loss 0.0063 train 1.0000 test 0.2490
epoch 115/200 loss 0.0061 train 1.0000 test 0.2474
epoch 116/200 loss 0.0063 train 1.0000 test 0.2462
epoch 117/200 loss 0.0064 train 1.0000 test 0.2478
epoch 118/200 loss 0.0064 train 1.0000 test 0.2489
epoch 119/200 loss 0.0055 train 1.0000 test 0.2494
epoch 120/200 loss 0.0063 train 1.0000 test 0.2486
epoch 121/200 loss 0.0057 train 1.0000 test 0.2495
epoch 122/200 loss 0.0055 train 1.0000 test 0.2486
epoch 123/200 loss 0.0064 train 1.0000 test 0.2476
epoch 124/200 loss 0.0057 train 1.0000 test 0.2479
epoch 125/200 loss 0.0061 train 1.0000 test 0.2497
epoch 126/200 loss 0.0054 train 1.0000 test 0.2494
epoch 127/200 loss 0.0057 train 1.0000 test 0.2477
epoch 128/200 loss 0.0053 train 1.0000 test 0.2502
epoch 129/200 loss 0.0053 train 1.0000 test 0.2496
epoch 130/200 loss 0.0058 train 1.0000 test 0.2504
epoch 131/200 loss 0.0053 train 1.0000 test 0.2493
epoch 132/200 loss 0.0054 train 1.0000 test 0.2506
epoch 133/200 loss 0.0053 train 1.0000 test 0.2490
epoch 134/200 loss 0.0051 train 1.0000 test 0.2494
epoch 135/200 loss 0.0058 train 1.0000 test 0.2523
epoch 136/200 loss 0.0055 train 1.0000 test 0.2490
epoch 137/200 loss 0.0052 train 1.0000 test 0.2507
epoch 138/200 loss 0.0052 train 1.0000 test 0.2476
epoch 139/200 loss 0.0050 train 1.0000 test 0.2468
epoch 140/200 loss 0.0051 train 1.0000 test 0.2476
epoch 141/200 loss 0.0050 train 1.0000 test 0.2486
epoch 142/200 loss 0.0053 train 1.0000 test 0.2497
epoch 143/200 loss 0.0057 train 1.0000 test 0.2490
epoch 144/200 loss 0.0051 train 1.0000 test 0.2506
epoch 145/200 loss 0.0056 train 1.0000 test 0.2488
epoch 146/200 loss 0.0056 train 1.0000 test 0.2504
epoch 147/200 loss 0.0049 train 1.0000 test 0.2493
epoch 148/200 loss 0.0060 train 1.0000 test 0.2493
epoch 149/200 loss 0.0055 train 1.0000 test 0.2505
epoch 150/200 loss 0.0058 train 1.0000 test 0.2512
epoch 151/200 loss 0.0055 train 1.0000 test 0.2506
epoch 152/200 loss 0.0052 train 1.0000 test 0.2518
epoch 153/200 loss 0.0051 train 1.0000 test 0.2512
epoch 154/200 loss 0.0053 train 1.0000 test 0.2515
epoch 155/200 loss 0.0054 train 1.0000 test 0.2503
epoch 156/200 loss 0.0053 train 1.0000 test 0.2502
epoch 157/200 loss 0.0051 train 1.0000 test 0.2512
epoch 158/200 loss 0.0050 train 1.0000 test 0.2509
epoch 159/200 loss 0.0055 train 1.0000 test 0.2509
epoch 160/200 loss 0.0049 train 1.0000 test 0.2529
epoch 161/200 loss 0.0047 train 1.0000 test 0.2507
epoch 162/200 loss 0.0052 train 1.0000 test 0.2512
epoch 163/200 loss 0.0056 train 1.0000 test 0.2513
epoch 164/200 loss 0.0053 train 1.0000 test 0.2516
epoch 165/200 loss 0.0050 train 1.0000 test 0.2518
epoch 166/200 loss 0.0052 train 1.0000 test 0.2507
epoch 167/200 loss 0.0054 train 1.0000 test 0.2508
epoch 168/200 loss 0.0050 train 1.0000 test 0.2518
epoch 169/200 loss 0.0049 train 1.0000 test 0.2527
epoch 170/200 loss 0.0050 train 1.0000 test 0.2539
epoch 171/200 loss 0.0053 train 1.0000 test 0.2513
epoch 172/200 loss 0.0051 train 1.0000 test 0.2524
epoch 173/200 loss 0.0051 train 1.0000 test 0.2516
epoch 174/200 loss 0.0050 train 1.0000 test 0.2527
epoch 175/200 loss 0.0051 train 1.0000 test 0.2498
epoch 176/200 loss 0.0050 train 1.0000 test 0.2511
epoch 177/200 loss 0.0052 train 1.0000 test 0.2534
epoch 178/200 loss 0.0051 train 1.0000 test 0.2525
epoch 179/200 loss 0.0048 train 1.0000 test 0.2511
epoch 180/200 loss 0.0049 train 1.0000 test 0.2516
epoch 181/200 loss 0.0052 train 1.0000 test 0.2535
epoch 182/200 loss 0.0052 train 1.0000 test 0.2529
epoch 183/200 loss 0.0052 train 1.0000 test 0.2525
epoch 184/200 loss 0.0048 train 1.0000 test 0.2517
epoch 185/200 loss 0.0051 train 1.0000 test 0.2514
epoch 186/200 loss 0.0047 train 1.0000 test 0.2519
epoch 187/200 loss 0.0046 train 1.0000 test 0.2508
epoch 188/200 loss 0.0048 train 1.0000 test 0.2529
epoch 189/200 loss 0.0051 train 1.0000 test 0.2525
epoch 190/200 loss 0.0048 train 1.0000 test 0.2532
epoch 191/200 loss 0.0046 train 1.0000 test 0.2517
epoch 192/200 loss 0.0053 train 1.0000 test 0.2516
epoch 193/200 loss 0.0051 train 1.0000 test 0.2513
epoch 194/200 loss 0.0047 train 1.0000 test 0.2520
epoch 195/200 loss 0.0050 train 1.0000 test 0.2518
epoch 196/200 loss 0.0048 train 1.0000 test 0.2537
epoch 197/200 loss 0.0049 train 1.0000 test 0.2529
epoch 198/200 loss 0.0050 train 1.0000 test 0.2531
epoch 199/200 loss 0.0052 train 1.0000 test 0.2518
epoch 200/200 loss 0.0046 train 1.0000 test 0.2526
done: final 0.2526 best 0.2539 -> ./runs/r50_none_5pct/seed1
[r50_none_5pct seed2] {"params_trainable": 23705252, "params_stem_trainable": 0, "params_stem_fixed_filters": 0, "flops_total": 1304911872, "flops_stem": 0, "flops_image_size": 32}
epoch 1/200 loss 4.7490 train 0.0284 test 0.0394
epoch 2/200 loss 4.6187 train 0.0563 test 0.0492
epoch 3/200 loss 4.3032 train 0.0592 test 0.0681
epoch 4/200 loss 4.0390 train 0.0892 test 0.0872
epoch 5/200 loss 3.9358 train 0.0995 test 0.0918
epoch 6/200 loss 3.8464 train 0.1024 test 0.0901
epoch 7/200 loss 3.7642 train 0.1114 test 0.0907
epoch 8/200 loss 3.7372 train 0.1073 test 0.0888
epoch 9/200 loss 3.7212 train 0.1139 test 0.0876
epoch 10/200 loss 3.6279 train 0.1332 test 0.0876
epoch 11/200 loss 3.5878 train 0.1443 test 0.0848
epoch 12/200 loss 3.5516 train 0.1488 test 0.1012
epoch 13/200 loss 3.5043 train 0.1505 test 0.0989
epoch 14/200 loss 3.4726 train 0.1488 test 0.0991
epoch 15/200 loss 3.4027 train 0.1575 test 0.0988
epoch 16/200 loss 3.3636 train 0.1632 test 0.1079
epoch 17/200 loss 3.2909 train 0.1748 test 0.1107
epoch 18/200 loss 3.2565 train 0.1813 test 0.1061
epoch 19/200 loss 3.2173 train 0.1900 test 0.1142
epoch 20/200 loss 3.1551 train 0.2105 test 0.1183
epoch 21/200 loss 3.1022 train 0.2052 test 0.1174
epoch 22/200 loss 3.0304 train 0.2257 test 0.1157
epoch 23/200 loss 2.9754 train 0.2377 test 0.1336
epoch 24/200 loss 2.9382 train 0.2430 test 0.1259
epoch 25/200 loss 2.8562 train 0.2632 test 0.1136
epoch 26/200 loss 2.7927 train 0.2788 test 0.1291
epoch 27/200 loss 2.7455 train 0.2701 test 0.1340
epoch 28/200 loss 2.6500 train 0.3030 test 0.1147
epoch 29/200 loss 2.5985 train 0.3146 test 0.1257
epoch 30/200 loss 2.5154 train 0.3154 test 0.1444
epoch 31/200 loss 2.4095 train 0.3388 test 0.1374
epoch 32/200 loss 2.2893 train 0.3709 test 0.1447
epoch 33/200 loss 2.2265 train 0.3910 test 0.1527
epoch 34/200 loss 2.1648 train 0.4071 test 0.1600
epoch 35/200 loss 2.0559 train 0.4367 test 0.1437
epoch 36/200 loss 2.0169 train 0.4354 test 0.1572
epoch 37/200 loss 1.8704 train 0.4655 test 0.1560
epoch 38/200 loss 1.7362 train 0.5127 test 0.1696
epoch 39/200 loss 1.7250 train 0.5066 test 0.1428
epoch 40/200 loss 1.6501 train 0.5300 test 0.1521
epoch 41/200 loss 1.5761 train 0.5567 test 0.1663
epoch 42/200 loss 1.4873 train 0.5736 test 0.1662
epoch 43/200 loss 1.3439 train 0.6135 test 0.1610
epoch 44/200 loss 1.2754 train 0.6254 test 0.1671
epoch 45/200 loss 1.1960 train 0.6546 test 0.1750
epoch 46/200 loss 1.0581 train 0.6961 test 0.1646
epoch 47/200 loss 1.0070 train 0.7105 test 0.1526
epoch 48/200 loss 0.8583 train 0.7619 test 0.1731
epoch 49/200 loss 0.8135 train 0.7619 test 0.1742
epoch 50/200 loss 0.8185 train 0.7640 test 0.1615
epoch 51/200 loss 0.7842 train 0.7738 test 0.1666
epoch 52/200 loss 0.6768 train 0.8063 test 0.1709
epoch 53/200 loss 0.6305 train 0.8244 test 0.1819
epoch 54/200 loss 0.5386 train 0.8581 test 0.1770
epoch 55/200 loss 0.4701 train 0.8771 test 0.1881
epoch 56/200 loss 0.3977 train 0.8988 test 0.1833
epoch 57/200 loss 0.3721 train 0.9021 test 0.1762
epoch 58/200 loss 0.3198 train 0.9137 test 0.1869
epoch 59/200 loss 0.2948 train 0.9268 test 0.1875
epoch 60/200 loss 0.2767 train 0.9326 test 0.1917
epoch 61/200 loss 0.2700 train 0.9289 test 0.1825
epoch 62/200 loss 0.2209 train 0.9478 test 0.1938
epoch 63/200 loss 0.1855 train 0.9572 test 0.1961
epoch 64/200 loss 0.1524 train 0.9700 test 0.1994
epoch 65/200 loss 0.1591 train 0.9679 test 0.2032
epoch 66/200 loss 0.1586 train 0.9683 test 0.1843
epoch 67/200 loss 0.1205 train 0.9782 test 0.2030
epoch 68/200 loss 0.1007 train 0.9819 test 0.2031
epoch 69/200 loss 0.0691 train 0.9889 test 0.2090
epoch 70/200 loss 0.0627 train 0.9901 test 0.2093
epoch 71/200 loss 0.0489 train 0.9955 test 0.2124
epoch 72/200 loss 0.0367 train 0.9963 test 0.2138
epoch 73/200 loss 0.0271 train 0.9975 test 0.2266
epoch 74/200 loss 0.0222 train 0.9975 test 0.2208
epoch 75/200 loss 0.0258 train 0.9959 test 0.2175
epoch 76/200 loss 0.0250 train 0.9963 test 0.2204
epoch 77/200 loss 0.0265 train 0.9955 test 0.2094
epoch 78/200 loss 0.0221 train 0.9984 test 0.2216
epoch 79/200 loss 0.0165 train 0.9988 test 0.2280
epoch 80/200 loss 0.0110 train 0.9996 test 0.2252
epoch 81/200 loss 0.0090 train 1.0000 test 0.2301
epoch 82/200 loss 0.0078 train 1.0000 test 0.2319
epoch 83/200 loss 0.0076 train 1.0000 test 0.2336
epoch 84/200 loss 0.0071 train 0.9996 test 0.2312
epoch 85/200 loss 0.0114 train 0.9988 test 0.2316
epoch 86/200 loss 0.0134 train 0.9975 test 0.2312
epoch 87/200 loss 0.0156 train 0.9984 test 0.2297
epoch 88/200 loss 0.0106 train 0.9996 test 0.2311
epoch 89/200 loss 0.0094 train 0.9996 test 0.2334
epoch 90/200 loss 0.0072 train 1.0000 test 0.2372
epoch 91/200 loss 0.0070 train 1.0000 test 0.2381
epoch 92/200 loss 0.0058 train 1.0000 test 0.2395
epoch 93/200 loss 0.0063 train 1.0000 test 0.2386
epoch 94/200 loss 0.0058 train 1.0000 test 0.2385
epoch 95/200 loss 0.0054 train 1.0000 test 0.2387
epoch 96/200 loss 0.0054 train 1.0000 test 0.2397
epoch 97/200 loss 0.0059 train 1.0000 test 0.2367
epoch 98/200 loss 0.0056 train 1.0000 test 0.2385
epoch 99/200 loss 0.0053 train 1.0000 test 0.2405
epoch 100/200 loss 0.0057 train 1.0000 test 0.2393
epoch 101/200 loss 0.0056 train 1.0000 test 0.2401
epoch 102/200 loss 0.0056 train 1.0000 test 0.2412
epoch 103/200 loss 0.0055 train 1.0000 test 0.2398
epoch 104/200 loss 0.0059 train 1.0000 test 0.2404
epoch 105/200 loss 0.0058 train 1.0000 test 0.2406
epoch 106/200 loss 0.0080 train 0.9996 test 0.2396
epoch 107/200 loss 0.0062 train 0.9996 test 0.2392
epoch 108/200 loss 0.0059 train 1.0000 test 0.2400
epoch 109/200 loss 0.0056 train 1.0000 test 0.2430
epoch 110/200 loss 0.0058 train 1.0000 test 0.2411
epoch 111/200 loss 0.0061 train 1.0000 test 0.2413
epoch 112/200 loss 0.0056 train 1.0000 test 0.2411
epoch 113/200 loss 0.0058 train 1.0000 test 0.2403
epoch 114/200 loss 0.0054 train 1.0000 test 0.2409
epoch 115/200 loss 0.0055 train 1.0000 test 0.2437
epoch 116/200 loss 0.0057 train 1.0000 test 0.2404
epoch 117/200 loss 0.0057 train 1.0000 test 0.2415
epoch 118/200 loss 0.0056 train 1.0000 test 0.2427
epoch 119/200 loss 0.0061 train 1.0000 test 0.2422
epoch 120/200 loss 0.0052 train 1.0000 test 0.2413
epoch 121/200 loss 0.0055 train 1.0000 test 0.2418
epoch 122/200 loss 0.0054 train 1.0000 test 0.2433
epoch 123/200 loss 0.0054 train 1.0000 test 0.2426
epoch 124/200 loss 0.0056 train 1.0000 test 0.2443
epoch 125/200 loss 0.0053 train 1.0000 test 0.2409
epoch 126/200 loss 0.0053 train 1.0000 test 0.2426
epoch 127/200 loss 0.0052 train 1.0000 test 0.2447
epoch 128/200 loss 0.0053 train 1.0000 test 0.2441
epoch 129/200 loss 0.0056 train 1.0000 test 0.2425
epoch 130/200 loss 0.0052 train 1.0000 test 0.2433
epoch 131/200 loss 0.0060 train 1.0000 test 0.2431
epoch 132/200 loss 0.0052 train 1.0000 test 0.2437
epoch 133/200 loss 0.0052 train 1.0000 test 0.2424
epoch 134/200 loss 0.0052 train 1.0000 test 0.2421
epoch 135/200 loss 0.0051 train 1.0000 test 0.2437
epoch 136/200 loss 0.0057 train 1.0000 test 0.2443
epoch 137/200 loss 0.0051 train 1.0000 test 0.2439
epoch 138/200 loss 0.0053 train 1.0000 test 0.2430
epoch 139/200 loss 0.0056 train 1.0000 test 0.2437
epoch 140/200 loss 0.0053 train 1.0000 test 0.2431
epoch 141/200 loss 0.0052 train 1.0000 test 0.2443
epoch 142/200 loss 0.0051 train 1.0000 test 0.2427
epoch 143/200 loss 0.0057 train 1.0000 test 0.2450
epoch 144/200 loss 0.0051 train 1.0000 test 0.2439
epoch 145/200 loss 0.0051 train 1.0000 test 0.2455
epoch 146/200 loss 0.0053 train 1.0000 test 0.2436
epoch 147/200 loss 0.0049 train 1.0000 test 0.2447
epoch 148/200 loss 0.0048 train 1.0000 test 0.2461
epoch 149/200 loss 0.0049 train 1.0000 test 0.2449
epoch 150/200 loss 0.0048 train 1.0000 test 0.2451
epoch 151/200 loss 0.0052 train 1.0000 test 0.2460
epoch 152/200 loss 0.0049 train 1.0000 test 0.2461
epoch 153/200 loss 0.0051 train 1.0000 test 0.2460
epoch 154/200 loss 0.0054 train 1.0000 test 0.2451
epoch 155/200 loss 0.0058 train 1.0000 test 0.2467
epoch 156/200 loss 0.0049 train 1.0000 test 0.2455
epoch 157/200 loss 0.0045 train 1.0000 test 0.2448
epoch 158/200 loss 0.0051 train 1.0000 test 0.2455
epoch 159/200 loss 0.0056 train 1.0000 test 0.2447
epoch 160/200 loss 0.0050 train 1.0000 test 0.2456
epoch 161/200 loss 0.0056 train 1.0000 test 0.2436
epoch 162/200 loss 0.0049 train 1.0000 test 0.2442
epoch 163/200 loss 0.0052 train 1.0000 test 0.2445
epoch 164/200 loss 0.0050 train 1.0000 test 0.2441
epoch 165/200 loss 0.0052 train 1.0000 test 0.2464
epoch 166/200 loss 0.0048 train 1.0000 test 0.2462
epoch 167/200 loss 0.0046 train 1.0000 test 0.2442
epoch 168/200 loss 0.0055 train 1.0000 test 0.2457
epoch 169/200 loss 0.0046 train 1.0000 test 0.2442
epoch 170/200 loss 0.0051 train 1.0000 test 0.2441
epoch 171/200 loss 0.0051 train 1.0000 test 0.2450
epoch 172/200 loss 0.0048 train 1.0000 test 0.2445
epoch 173/200 loss 0.0050 train 1.0000 test 0.2442
epoch 174/200 loss 0.0056 train 1.0000 test 0.2467
epoch 175/200 loss 0.0049 train 1.0000 test 0.2448
epoch 176/200 loss 0.0051 train 1.0000 test 0.2450
epoch 177/200 loss 0.0053 train 1.0000 test 0.2427
epoch 178/200 loss 0.0053 train 1.0000 test 0.2444
epoch 179/200 loss 0.0052 train 1.0000 test 0.2441
epoch 180/200 loss 0.0051 train 1.0000 test 0.2449
epoch 181/200 loss 0.0055 train 1.0000 test 0.2432
epoch 182/200 loss 0.0049 train 1.0000 test 0.2437
epoch 183/200 loss 0.0049 train 1.0000 test 0.2420
epoch 184/200 loss 0.0048 train 1.0000 test 0.2447
epoch 185/200 loss 0.0053 train 1.0000 test 0.2456
epoch 186/200 loss 0.0050 train 1.0000 test 0.2444
epoch 187/200 loss 0.0050 train 1.0000 test 0.2447
epoch 188/200 loss 0.0046 train 1.0000 test 0.2448
epoch 189/200 loss 0.0050 train 1.0000 test 0.2440
epoch 190/200 loss 0.0045 train 1.0000 test 0.2453
epoch 191/200 loss 0.0049 train 1.0000 test 0.2447
epoch 192/200 loss 0.0048 train 1.0000 test 0.2450
epoch 193/200 loss 0.0048 train 1.0000 test 0.2441
epoch 194/200 loss 0.0050 train 1.0000 test 0.2435
epoch 195/200 loss 0.0050 train 1.0000 test 0.2448
epoch 196/200 loss 0.0051 train 1.0000 test 0.2452
epoch 197/200 loss 0.0050 train 1.0000 test 0.2449
epoch 198/200 loss 0.0049 train 1.0000 test 0.2457
epoch 199/200 loss 0.0050 train 1.0000 test 0.2438
epoch 200/200 loss 0.0046 train 1.0000 test 0.2448
done: final 0.2448 best 0.2467 -> ./runs/r50_none_5pct/seed2
R50GEN_r50_none_5pct_DONE
moment-aux target calibrated on 1024 images
[r50_aux_5pct seed0] {"params_trainable": 23713452, "params_stem_trainable": 0, "params_stem_fixed_filters": 0, "flops_total": 1304911872, "flops_stem": 0, "flops_image_size": 32}
epoch 1/200 loss 19.7761 train 0.0099 test 0.0132
epoch 2/200 loss 6.4262 train 0.0095 test 0.0122
epoch 3/200 loss 6.3204 train 0.0132 test 0.0160
epoch 4/200 loss 6.2837 train 0.0127 test 0.0145
epoch 5/200 loss 6.2389 train 0.0119 test 0.0149
epoch 6/200 loss 6.1244 train 0.0148 test 0.0152
epoch 7/200 loss 5.8049 train 0.0119 test 0.0185
epoch 8/200 loss 5.4236 train 0.0136 test 0.0203
epoch 9/200 loss 5.1388 train 0.0197 test 0.0247
epoch 10/200 loss 4.9954 train 0.0271 test 0.0245
epoch 11/200 loss 4.8540 train 0.0308 test 0.0356
epoch 12/200 loss 4.7461 train 0.0391 test 0.0373
epoch 13/200 loss 4.6851 train 0.0399 test 0.0426
epoch 14/200 loss 4.5899 train 0.0452 test 0.0346
epoch 15/200 loss 4.5255 train 0.0567 test 0.0546
epoch 16/200 loss 4.4381 train 0.0600 test 0.0602
epoch 17/200 loss 4.3960 train 0.0674 test 0.0569
epoch 18/200 loss 4.3348 train 0.0720 test 0.0567
epoch 19/200 loss 4.2792 train 0.0761 test 0.0697
epoch 20/200 loss 4.2215 train 0.0798 test 0.0632
epoch 21/200 loss 4.1900 train 0.0913 test 0.0776
epoch 22/200 loss 4.1773 train 0.0892 test 0.0742
epoch 23/200 loss 4.1072 train 0.0995 test 0.0763
epoch 24/200 loss 4.0479 train 0.1155 test 0.0906
epoch 25/200 loss 3.9753 train 0.1176 test 0.0876
epoch 26/200 loss 3.9384 train 0.1283 test 0.1069
epoch 27/200 loss 3.9161 train 0.1357 test 0.1014
epoch 28/200 loss 3.8753 train 0.1324 test 0.1031
epoch 29/200 loss 3.8335 train 0.1373 test 0.1102
epoch 30/200 loss 3.7669 train 0.1521 test 0.1036
epoch 31/200 loss 3.7196 train 0.1608 test 0.1042
epoch 32/200 loss 3.6391 train 0.1715 test 0.1236
epoch 33/200 loss 3.6136 train 0.1752 test 0.1239
epoch 34/200 loss 3.5470 train 0.1867 test 0.1296
epoch 35/200 loss 3.4898 train 0.2007 test 0.1364
epoch 36/200 loss 3.4758 train 0.2044 test 0.1336
epoch 37/200 loss 3.4026 train 0.2220 test 0.1505
epoch 38/200 loss 3.3449 train 0.2290 test 0.1383
epoch 39/200 loss 3.3002 train 0.2278 test 0.0891
epoch 40/200 loss 3.2925 train 0.2299 test 0.1392
epoch 41/200 loss 3.2136 train 0.2512 test 0.1537
epoch 42/200 loss 3.1720 train 0.2467 test 0.1483
epoch 43/200 loss 3.1285 train 0.2652 test 0.1521
epoch 44/200 loss 3.0858 train 0.2693 test 0.1335
epoch 45/200 loss 3.0521 train 0.2669 test 0.1541
epoch 46/200 loss 3.0027 train 0.2837 test 0.1650
epoch 47/200 loss 2.9320 train 0.2841 test 0.1449
epoch 48/200 loss 2.8468 train 0.3141 test 0.1601
epoch 49/200 loss 2.8638 train 0.2944 test 0.1375
epoch 50/200 loss 2.7719 train 0.3261 test 0.1551
epoch 51/200 loss 2.6892 train 0.3376 test 0.1489
epoch 52/200 loss 2.7079 train 0.3405 test 0.1575
epoch 53/200 loss 2.6182 train 0.3594 test 0.1627
epoch 54/200 loss 2.5857 train 0.3594 test 0.1824
epoch 55/200 loss 2.4987 train 0.3717 test 0.1695
epoch 56/200 loss 2.4492 train 0.3914 test 0.1579
epoch 57/200 loss 2.4229 train 0.3766 test 0.1744
epoch 58/200 loss 2.3533 train 0.4054 test 0.1580
epoch 59/200 loss 2.3844 train 0.4038 test 0.1694
epoch 60/200 loss 2.3099 train 0.4038 test 0.1620
epoch 61/200 loss 2.2175 train 0.4354 test 0.1836
epoch 62/200 loss 2.1769 train 0.4404 test 0.1874
epoch 63/200 loss 2.0858 train 0.4572 test 0.2029
epoch 64/200 loss 2.0216 train 0.4897 test 0.1785
epoch 65/200 loss 2.0051 train 0.4918 test 0.1991
epoch 66/200 loss 1.8894 train 0.5025 test 0.1924
epoch 67/200 loss 1.8400 train 0.5136 test 0.2022
epoch 68/200 loss 1.8049 train 0.5308 test 0.1664
epoch 69/200 loss 1.7498 train 0.5502 test 0.1853
epoch 70/200 loss 1.7227 train 0.5432 test 0.1934
epoch 71/200 loss 1.6253 train 0.5826 test 0.1831
epoch 72/200 loss 1.5677 train 0.5946 test 0.1899
epoch 73/200 loss 1.4882 train 0.6160 test 0.1850
epoch 74/200 loss 1.4004 train 0.6353 test 0.2132
epoch 75/200 loss 1.3526 train 0.6472 test 0.1947
epoch 76/200 loss 1.3686 train 0.6443 test 0.1903
epoch 77/200 loss 1.3839 train 0.6410 test 0.2021
epoch 78/200 loss 1.2532 train 0.6768 test 0.2218
epoch 79/200 loss 1.1737 train 0.6953 test 0.2120
epoch 80/200 loss 1.1048 train 0.7076 test 0.2016
epoch 81/200 loss 1.0641 train 0.7286 test 0.1776
epoch 82/200 loss 1.0405 train 0.7307 test 0.2075
epoch 83/200 loss 1.0385 train 0.7331 test 0.2033
epoch 84/200 loss 0.9890 train 0.7414 test 0.2003
epoch 85/200 loss 0.9367 train 0.7697 test 0.1817
epoch 86/200 loss 0.8665 train 0.7829 test 0.2087
epoch 87/200 loss 0.8409 train 0.7895 test 0.2089
epoch 88/200 loss 0.7631 train 0.8228 test 0.2130
epoch 89/200 loss 0.6890 train 0.8376 test 0.2109
epoch 90/200 loss 0.6447 train 0.8499 test 0.2036
epoch 91/200 loss 0.6342 train 0.8540 test 0.2047
epoch 92/200 loss 0.5761 train 0.8709 test 0.2256
epoch 93/200 loss 0.4983 train 0.8947 test 0.2204
epoch 94/200 loss 0.4704 train 0.8976 test 0.2279
epoch 95/200 loss 0.4427 train 0.9174 test 0.2208
epoch 96/200 loss 0.4377 train 0.9112 test 0.2159
epoch 97/200 loss 0.3818 train 0.9293 test 0.2237
epoch 98/200 loss 0.3346 train 0.9437 test 0.2270
epoch 99/200 loss 0.3110 train 0.9478 test 0.2363
epoch 100/200 loss 0.2515 train 0.9638 test 0.2334
epoch 101/200 loss 0.2525 train 0.9642 test 0.2365
epoch 102/200 loss 0.2204 train 0.9770 test 0.2457
epoch 103/200 loss 0.2275 train 0.9729 test 0.2404
epoch 104/200 loss 0.1954 train 0.9811 test 0.2459
epoch 105/200 loss 0.1897 train 0.9799 test 0.2387
epoch 106/200 loss 0.1754 train 0.9811 test 0.2442
epoch 107/200 loss 0.1607 train 0.9877 test 0.2349
epoch 108/200 loss 0.1483 train 0.9901 test 0.2493
epoch 109/200 loss 0.1515 train 0.9881 test 0.2487
epoch 110/200 loss 0.1329 train 0.9910 test 0.2378
epoch 111/200 loss 0.1345 train 0.9897 test 0.2537
epoch 112/200 loss 0.1168 train 0.9934 test 0.2482
epoch 113/200 loss 0.1045 train 0.9963 test 0.2536
epoch 114/200 loss 0.0968 train 0.9967 test 0.2559
epoch 115/200 loss 0.0872 train 0.9992 test 0.2571
epoch 116/200 loss 0.0807 train 0.9992 test 0.2568
epoch 117/200 loss 0.0794 train 0.9979 test 0.2609
epoch 118/200 loss 0.0735 train 0.9992 test 0.2587
epoch 119/200 loss 0.0709 train 0.9996 test 0.2599
epoch 120/200 loss 0.0707 train 0.9992 test 0.2569
epoch 121/200 loss 0.0701 train 0.9992 test 0.2558
epoch 122/200 loss 0.0677 train 0.9988 test 0.2596
epoch 123/200 loss 0.0652 train 1.0000 test 0.2592
epoch 124/200 loss 0.0624 train 1.0000 test 0.2640
epoch 125/200 loss 0.0572 train 1.0000 test 0.2648
epoch 126/200 loss 0.0566 train 1.0000 test 0.2609
epoch 127/200 loss 0.0539 train 0.9996 test 0.2599
epoch 128/200 loss 0.0534 train 0.9996 test 0.2644
epoch 129/200 loss 0.0515 train 0.9996 test 0.2636
epoch 130/200 loss 0.0496 train 0.9996 test 0.2652
epoch 131/200 loss 0.0490 train 1.0000 test 0.2671
epoch 132/200 loss 0.0463 train 1.0000 test 0.2666
epoch 133/200 loss 0.0443 train 1.0000 test 0.2641
epoch 134/200 loss 0.0455 train 0.9992 test 0.2671
epoch 135/200 loss 0.0413 train 1.0000 test 0.2643
epoch 136/200 loss 0.0412 train 1.0000 test 0.2613
epoch 137/200 loss 0.0385 train 1.0000 test 0.2640
epoch 138/200 loss 0.0376 train 1.0000 test 0.2657
epoch 139/200 loss 0.0378 train 0.9996 test 0.2632
epoch 140/200 loss 0.0356 train 1.0000 test 0.2650
epoch 141/200 loss 0.0346 train 1.0000 test 0.2632
epoch 142/200 loss 0.0330 train 1.0000 test 0.2665
epoch 143/200 loss 0.0330 train 1.0000 test 0.2668
epoch 144/200 loss 0.0317 train 1.0000 test 0.2665
epoch 145/200 loss 0.0311 train 1.0000 test 0.2687
epoch 146/200 loss 0.0310 train 1.0000 test 0.2661
epoch 147/200 loss 0.0291 train 1.0000 test 0.2658
epoch 148/200 loss 0.0290 train 0.9996 test 0.2654
epoch 149/200 loss 0.0272 train 1.0000 test 0.2669
epoch 150/200 loss 0.0272 train 1.0000 test 0.2647
epoch 151/200 loss 0.0260 train 1.0000 test 0.2654
epoch 152/200 loss 0.0251 train 1.0000 test 0.2668
epoch 153/200 loss 0.0239 train 1.0000 test 0.2687
epoch 154/200 loss 0.0244 train 1.0000 test 0.2651
epoch 155/200 loss 0.0232 train 1.0000 test 0.2671
epoch 156/200 loss 0.0224 train 1.0000 test 0.2665
epoch 157/200 loss 0.0217 train 1.0000 test 0.2653
epoch 158/200 loss 0.0212 train 1.0000 test 0.2657
epoch 159/200 loss 0.0205 train 1.0000 test 0.2676
epoch 160/200 loss 0.0200 train 1.0000 test 0.2669
epoch 161/200 loss 0.0189 train 1.0000 test 0.2669
epoch 162/200 loss 0.0191 train 1.0000 test 0.2676
epoch 163/200 loss 0.0183 train 1.0000 test 0.2655
epoch 164/200 loss 0.0188 train 1.0000 test 0.2655
epoch 165/200 loss 0.0174 train 1.0000 test 0.2683
epoch 166/200 loss 0.0174 train 1.0000 test 0.2664
epoch 167/200 loss 0.0167 train 1.0000 test 0.2680
epoch 168/200 loss 0.0155 train 1.0000 test 0.2672
epoch 169/200 loss 0.0156 train 1.0000 test 0.2681
epoch 170/200 loss 0.0150 train 1.0000 test 0.2672
epoch 171/200 loss 0.0144 train 1.0000 test 0.2672
epoch 172/200 loss 0.0138 train 1.0000 test 0.2650
epoch 173/200 loss 0.0135 train 1.0000 test 0.2674
epoch 174/200 loss 0.0137 train 1.0000 test 0.2676
epoch 175/200 loss 0.0125 train 1.0000 test 0.2662
epoch 176/200 loss 0.0128 train 1.0000 test 0.2671
epoch 177/200 loss 0.0125 train 1.0000 test 0.2654
epoch 178/200 loss 0.0123 train 1.0000 test 0.2672
epoch 179/200 loss 0.0118 train 1.0000 test 0.2658
epoch 180/200 loss 0.0106 train 1.0000 test 0.2663
epoch 181/200 loss 0.0109 train 1.0000 test 0.2680
epoch 182/200 loss 0.0110 train 1.0000 test 0.2661
epoch 183/200 loss 0.0109 train 1.0000 test 0.2664
epoch 184/200 loss 0.0108 train 1.0000 test 0.2681
epoch 185/200 loss 0.0104 train 1.0000 test 0.2660
epoch 186/200 loss 0.0101 train 1.0000 test 0.2674
epoch 187/200 loss 0.0103 train 1.0000 test 0.2664
epoch 188/200 loss 0.0097 train 1.0000 test 0.2672
epoch 189/200 loss 0.0097 train 1.0000 test 0.2654
epoch 190/200 loss 0.0089 train 1.0000 test 0.2668
epoch 191/200 loss 0.0090 train 1.0000 test 0.2666
epoch 192/200 loss 0.0087 train 1.0000 test 0.2658
epoch 193/200 loss 0.0088 train 1.0000 test 0.2662
epoch 194/200 loss 0.0090 train 1.0000 test 0.2674
epoch 195/200 loss 0.0090 train 1.0000 test 0.2662
epoch 196/200 loss 0.0094 train 1.0000 test 0.2668
epoch 197/200 loss 0.0087 train 1.0000 test 0.2691
epoch 198/200 loss 0.0089 train 1.0000 test 0.2681
epoch 199/200 loss 0.0083 train 1.0000 test 0.2680
epoch 200/200 loss 0.0086 train 1.0000 test 0.2672
done: final 0.2672 best 0.2691 -> ./runs/r50_aux_5pct/seed0
moment-aux target calibrated on 1024 images
[r50_aux_5pct seed1] {"params_trainable": 23713452, "params_stem_trainable": 0, "params_stem_fixed_filters": 0, "flops_total": 1304911872, "flops_stem": 0, "flops_image_size": 32}
epoch 1/200 loss 21.4293 train 0.0136 test 0.0107
epoch 2/200 loss 6.3573 train 0.0095 test 0.0145
epoch 3/200 loss 6.0528 train 0.0115 test 0.0127
epoch 4/200 loss 5.6117 train 0.0136 test 0.0219
epoch 5/200 loss 5.1987 train 0.0173 test 0.0169
epoch 6/200 loss 5.0681 train 0.0201 test 0.0257
epoch 7/200 loss 4.9010 train 0.0193 test 0.0291
epoch 8/200 loss 4.7349 train 0.0358 test 0.0359
epoch 9/200 loss 4.6467 train 0.0407 test 0.0261
epoch 10/200 loss 4.5741 train 0.0415 test 0.0306
epoch 11/200 loss 4.4656 train 0.0415 test 0.0420
epoch 12/200 loss 4.4292 train 0.0592 test 0.0459
epoch 13/200 loss 4.4179 train 0.0563 test 0.0432
epoch 14/200 loss 4.3436 train 0.0699 test 0.0535
epoch 15/200 loss 4.3087 train 0.0720 test 0.0458
epoch 16/200 loss 4.2737 train 0.0765 test 0.0611
epoch 17/200 loss 4.1884 train 0.0872 test 0.0736
epoch 18/200 loss 4.1702 train 0.0798 test 0.0620
epoch 19/200 loss 4.1124 train 0.0896 test 0.0738
epoch 20/200 loss 4.0480 train 0.1077 test 0.0607
epoch 21/200 loss 4.0464 train 0.0938 test 0.0677
epoch 22/200 loss 3.9917 train 0.1123 test 0.0834
epoch 23/200 loss 3.9349 train 0.1275 test 0.0735
epoch 24/200 loss 3.9091 train 0.1254 test 0.0896
epoch 25/200 loss 3.8858 train 0.1295 test 0.1020
epoch 26/200 loss 3.8660 train 0.1316 test 0.0891
epoch 27/200 loss 3.7480 train 0.1497 test 0.1167
epoch 28/200 loss 3.7273 train 0.1583 test 0.0749
epoch 29/200 loss 3.7158 train 0.1521 test 0.0974
epoch 30/200 loss 3.7333 train 0.1558 test 0.0951
epoch 31/200 loss 3.6121 train 0.1805 test 0.1120
epoch 32/200 loss 3.5314 train 0.1822 test 0.1177
epoch 33/200 loss 3.5409 train 0.1772 test 0.1252
epoch 34/200 loss 3.4713 train 0.1904 test 0.1256
epoch 35/200 loss 3.4464 train 0.1998 test 0.1232
epoch 36/200 loss 3.3956 train 0.1945 test 0.1293
epoch 37/200 loss 3.3267 train 0.2196 test 0.1221
epoch 38/200 loss 3.3260 train 0.2208 test 0.1366
epoch 39/200 loss 3.2664 train 0.2233 test 0.1261
epoch 40/200 loss 3.1632 train 0.2484 test 0.1460
epoch 41/200 loss 3.1701 train 0.2401 test 0.1241
epoch 42/200 loss 3.1199 train 0.2640 test 0.1242
epoch 43/200 loss 3.1143 train 0.2595 test 0.1461
epoch 44/200 loss 3.0498 train 0.2771 test 0.1542
epoch 45/200 loss 2.9441 train 0.2940 test 0.1582
epoch 46/200 loss 2.9612 train 0.2821 test 0.1598
epoch 47/200 loss 2.8929 train 0.3022 test 0.1591
epoch 48/200 loss 2.8761 train 0.3006 test 0.1591
epoch 49/200 loss 2.8150 train 0.3051 test 0.1434
epoch 50/200 loss 2.7661 train 0.3244 test 0.1760
epoch 51/200 loss 2.7565 train 0.3220 test 0.1663
epoch 52/200 loss 2.6558 train 0.3512 test 0.1437
epoch 53/200 loss 2.5947 train 0.3631 test 0.1756
epoch 54/200 loss 2.5242 train 0.3742 test 0.1734
epoch 55/200 loss 2.4666 train 0.3865 test 0.1518
epoch 56/200 loss 2.4735 train 0.3775 test 0.1672
epoch 57/200 loss 2.4548 train 0.3775 test 0.1654
epoch 58/200 loss 2.3473 train 0.3980 test 0.1824
epoch 59/200 loss 2.3366 train 0.4137 test 0.1926
epoch 60/200 loss 2.1747 train 0.4424 test 0.1822
epoch 61/200 loss 2.1378 train 0.4605 test 0.1756
epoch 62/200 loss 2.1228 train 0.4700 test 0.1826
epoch 63/200 loss 2.1367 train 0.4634 test 0.1883
epoch 64/200 loss 2.0343 train 0.4885 test 0.1956
epoch 65/200 loss 1.9216 train 0.5045 test 0.1756
epoch 66/200 loss 1.8629 train 0.5201 test 0.1858
epoch 67/200 loss 1.8353 train 0.5160 test 0.1928
epoch 68/200 loss 1.7721 train 0.5350 test 0.1729
epoch 69/200 loss 1.6768 train 0.5580 test 0.1845
epoch 70/200 loss 1.5979 train 0.5831 test 0.1890
epoch 71/200 loss 1.6057 train 0.5798 test 0.1499
epoch 72/200 loss 1.5444 train 0.5876 test 0.1942
epoch 73/200 loss 1.4397 train 0.6419 test 0.1722
epoch 74/200 loss 1.4794 train 0.6246 test 0.1817
epoch 75/200 loss 1.3294 train 0.6521 test 0.2064
epoch 76/200 loss 1.2538 train 0.6739 test 0.2081
epoch 77/200 loss 1.1623 train 0.7035 test 0.2014
epoch 78/200 loss 1.1380 train 0.7113 test 0.1915
epoch 79/200 loss 1.1410 train 0.6982 test 0.1969
epoch 80/200 loss 1.0663 train 0.7126 test 0.1979
epoch 81/200 loss 1.0621 train 0.7192 test 0.2125
epoch 82/200 loss 1.0113 train 0.7442 test 0.2019
epoch 83/200 loss 1.0172 train 0.7426 test 0.2043
epoch 84/200 loss 0.8872 train 0.7771 test 0.1961
epoch 85/200 loss 0.8163 train 0.7998 test 0.2045
epoch 86/200 loss 0.7684 train 0.8162 test 0.2057
epoch 87/200 loss 0.7265 train 0.8240 test 0.2124
epoch 88/200 loss 0.6472 train 0.8487 test 0.2212
epoch 89/200 loss 0.6356 train 0.8573 test 0.2156
epoch 90/200 loss 0.5828 train 0.8655 test 0.2108
epoch 91/200 loss 0.5535 train 0.8762 test 0.2041
epoch 92/200 loss 0.4935 train 0.8923 test 0.2109
epoch 93/200 loss 0.4811 train 0.8972 test 0.2131
epoch 94/200 loss 0.4729 train 0.8951 test 0.2193
epoch 95/200 loss 0.4021 train 0.9280 test 0.2198
epoch 96/200 loss 0.3724 train 0.9326 test 0.2200
epoch 97/200 loss 0.3599 train 0.9383 test 0.2187
epoch 98/200 loss 0.3214 train 0.9420 test 0.2166
epoch 99/200 loss 0.3014 train 0.9515 test 0.2299
epoch 100/200 loss 0.2819 train 0.9539 test 0.2337
epoch 101/200 loss 0.2406 train 0.9716 test 0.2386
epoch 102/200 loss 0.2265 train 0.9733 test 0.2289
epoch 103/200 loss 0.1949 train 0.9799 test 0.2397
epoch 104/200 loss 0.1730 train 0.9840 test 0.2422
epoch 105/200 loss 0.1512 train 0.9905 test 0.2445
epoch 106/200 loss 0.1366 train 0.9942 test 0.2467
epoch 107/200 loss 0.1299 train 0.9955 test 0.2475
epoch 108/200 loss 0.1167 train 0.9971 test 0.2500
epoch 109/200 loss 0.1083 train 0.9971 test 0.2500
epoch 110/200 loss 0.1058 train 0.9967 test 0.2486
epoch 111/200 loss 0.0997 train 0.9975 test 0.2480
epoch 112/200 loss 0.0944 train 0.9984 test 0.2561
epoch 113/200 loss 0.0900 train 0.9996 test 0.2554
epoch 114/200 loss 0.0836 train 0.9996 test 0.2562
epoch 115/200 loss 0.0798 train 0.9988 test 0.2582
epoch 116/200 loss 0.0809 train 0.9992 test 0.2575
epoch 117/200 loss 0.0762 train 0.9992 test 0.2596
epoch 118/200 loss 0.0755 train 1.0000 test 0.2550
epoch 119/200 loss 0.0673 train 0.9996 test 0.2576
epoch 120/200 loss 0.0669 train 1.0000 test 0.2601
epoch 121/200 loss 0.0625 train 1.0000 test 0.2593
epoch 122/200 loss 0.0605 train 0.9996 test 0.2598
epoch 123/200 loss 0.0584 train 1.0000 test 0.2570
epoch 124/200 loss 0.0568 train 0.9996 test 0.2581
epoch 125/200 loss 0.0553 train 1.0000 test 0.2538
epoch 126/200 loss 0.0513 train 1.0000 test 0.2573
epoch 127/200 loss 0.0501 train 1.0000 test 0.2564
epoch 128/200 loss 0.0477 train 1.0000 test 0.2591
epoch 129/200 loss 0.0462 train 1.0000 test 0.2598
epoch 130/200 loss 0.0454 train 1.0000 test 0.2589
epoch 131/200 loss 0.0446 train 0.9996 test 0.2581
epoch 132/200 loss 0.0434 train 0.9996 test 0.2600
epoch 133/200 loss 0.0410 train 1.0000 test 0.2612
epoch 134/200 loss 0.0394 train 1.0000 test 0.2587
epoch 135/200 loss 0.0402 train 0.9996 test 0.2554
epoch 136/200 loss 0.0385 train 1.0000 test 0.2562
epoch 137/200 loss 0.0359 train 1.0000 test 0.2573
epoch 138/200 loss 0.0361 train 1.0000 test 0.2589
epoch 139/200 loss 0.0339 train 1.0000 test 0.2573
epoch 140/200 loss 0.0344 train 1.0000 test 0.2572
epoch 141/200 loss 0.0336 train 0.9996 test 0.2586
epoch 142/200 loss 0.0331 train 1.0000 test 0.2567
epoch 143/200 loss 0.0324 train 1.0000 test 0.2578
epoch 144/200 loss 0.0305 train 1.0000 test 0.2583
epoch 145/200 loss 0.0304 train 0.9992 test 0.2554
epoch 146/200 loss 0.0301 train 0.9996 test 0.2575
epoch 147/200 loss 0.0279 train 1.0000 test 0.2584
epoch 148/200 loss 0.0282 train 1.0000 test 0.2585
epoch 149/200 loss 0.0279 train 1.0000 test 0.2570
epoch 150/200 loss 0.0262 train 1.0000 test 0.2584
epoch 151/200 loss 0.0261 train 1.0000 test 0.2582
epoch 152/200 loss 0.0242 train 1.0000 test 0.2608
epoch 153/200 loss 0.0235 train 1.0000 test 0.2597
epoch 154/200 loss 0.0238 train 1.0000 test 0.2591
epoch 155/200 loss 0.0237 train 0.9996 test 0.2600
epoch 156/200 loss 0.0231 train 1.0000 test 0.2575
epoch 157/200 loss 0.0216 train 1.0000 test 0.2585
epoch 158/200 loss 0.0212 train 1.0000 test 0.2587
epoch 159/200 loss 0.0212 train 1.0000 test 0.2615
epoch 160/200 loss 0.0201 train 1.0000 test 0.2583
epoch 161/200 loss 0.0186 train 1.0000 test 0.2598
epoch 162/200 loss 0.0195 train 1.0000 test 0.2596
epoch 163/200 loss 0.0186 train 1.0000 test 0.2581
epoch 164/200 loss 0.0182 train 1.0000 test 0.2609
epoch 165/200 loss 0.0173 train 1.0000 test 0.2615
epoch 166/200 loss 0.0169 train 1.0000 test 0.2609
epoch 167/200 loss 0.0173 train 1.0000 test 0.2588
epoch 168/200 loss 0.0159 train 1.0000 test 0.2601
epoch 169/200 loss 0.0151 train 1.0000 test 0.2592
epoch 170/200 loss 0.0151 train 1.0000 test 0.2597
epoch 171/200 loss 0.0153 train 1.0000 test 0.2593
epoch 172/200 loss 0.0143 train 1.0000 test 0.2584
epoch 173/200 loss 0.0148 train 0.9996 test 0.2586
epoch 174/200 loss 0.0134 train 1.0000 test 0.2592
epoch 175/200 loss 0.0130 train 1.0000 test 0.2594
epoch 176/200 loss 0.0129 train 1.0000 test 0.2590
epoch 177/200 loss 0.0130 train 1.0000 test 0.2590
epoch 178/200 loss 0.0122 train 1.0000 test 0.2579
epoch 179/200 loss 0.0116 train 1.0000 test 0.2596
epoch 180/200 loss 0.0113 train 1.0000 test 0.2582
epoch 181/200 loss 0.0116 train 1.0000 test 0.2589
epoch 182/200 loss 0.0115 train 1.0000 test 0.2588
epoch 183/200 loss 0.0107 train 1.0000 test 0.2598
epoch 184/200 loss 0.0109 train 1.0000 test 0.2575
epoch 185/200 loss 0.0108 train 1.0000 test 0.2582
epoch 186/200 loss 0.0096 train 1.0000 test 0.2592
epoch 187/200 loss 0.0094 train 1.0000 test 0.2596
epoch 188/200 loss 0.0095 train 1.0000 test 0.2588
epoch 189/200 loss 0.0091 train 1.0000 test 0.2594
epoch 190/200 loss 0.0091 train 1.0000 test 0.2593
epoch 191/200 loss 0.0090 train 1.0000 test 0.2595
epoch 192/200 loss 0.0095 train 1.0000 test 0.2595
epoch 193/200 loss 0.0087 train 1.0000 test 0.2591
epoch 194/200 loss 0.0092 train 1.0000 test 0.2589
epoch 195/200 loss 0.0089 train 1.0000 test 0.2586
epoch 196/200 loss 0.0085 train 1.0000 test 0.2588
epoch 197/200 loss 0.0086 train 1.0000 test 0.2586
epoch 198/200 loss 0.0089 train 1.0000 test 0.2571
epoch 199/200 loss 0.0093 train 1.0000 test 0.2582
epoch 200/200 loss 0.0079 train 1.0000 test 0.2591
done: final 0.2591 best 0.2615 -> ./runs/r50_aux_5pct/seed1
moment-aux target calibrated on 1024 images
[r50_aux_5pct seed2] {"params_trainable": 23713452, "params_stem_trainable": 0, "params_stem_fixed_filters": 0, "flops_total": 1304911872, "flops_stem": 0, "flops_image_size": 32}
epoch 1/200 loss 20.9824 train 0.0070 test 0.0097
epoch 2/200 loss 6.4236 train 0.0107 test 0.0156
epoch 3/200 loss 6.1958 train 0.0123 test 0.0181
epoch 4/200 loss 5.7741 train 0.0127 test 0.0191
epoch 5/200 loss 5.3877 train 0.0144 test 0.0183
epoch 6/200 loss 5.1036 train 0.0160 test 0.0237
epoch 7/200 loss 4.9254 train 0.0210 test 0.0305
epoch 8/200 loss 4.7970 train 0.0288 test 0.0335
epoch 9/200 loss 4.6844 train 0.0312 test 0.0387
epoch 10/200 loss 4.5964 train 0.0399 test 0.0353
epoch 11/200 loss 4.5197 train 0.0526 test 0.0483
epoch 12/200 loss 4.4498 train 0.0518 test 0.0490
epoch 13/200 loss 4.3684 train 0.0592 test 0.0497
epoch 14/200 loss 4.3311 train 0.0662 test 0.0624
epoch 15/200 loss 4.2347 train 0.0720 test 0.0598
epoch 16/200 loss 4.2080 train 0.0822 test 0.0617
epoch 17/200 loss 4.1625 train 0.0913 test 0.0589
epoch 18/200 loss 4.0838 train 0.0995 test 0.0798
epoch 19/200 loss 4.0563 train 0.1102 test 0.0757
epoch 20/200 loss 4.0063 train 0.1172 test 0.0870
epoch 21/200 loss 3.9421 train 0.1308 test 0.0846
epoch 22/200 loss 3.9031 train 0.1209 test 0.0930
epoch 23/200 loss 3.8467 train 0.1328 test 0.0957
epoch 24/200 loss 3.8220 train 0.1398 test 0.0983
epoch 25/200 loss 3.7417 train 0.1468 test 0.1177
epoch 26/200 loss 3.7173 train 0.1608 test 0.1192
epoch 27/200 loss 3.6523 train 0.1591 test 0.0991
epoch 28/200 loss 3.6549 train 0.1632 test 0.0877
epoch 29/200 loss 3.5556 train 0.1739 test 0.1163
epoch 30/200 loss 3.5930 train 0.1665 test 0.1134
epoch 31/200 loss 3.4559 train 0.1945 test 0.1068
epoch 32/200 loss 3.3590 train 0.2101 test 0.1308
epoch 33/200 loss 3.3202 train 0.2233 test 0.1294
epoch 34/200 loss 3.3124 train 0.2377 test 0.1465
epoch 35/200 loss 3.2873 train 0.2294 test 0.1385
epoch 36/200 loss 3.2205 train 0.2422 test 0.1520
epoch 37/200 loss 3.1619 train 0.2525 test 0.1352
epoch 38/200 loss 3.0955 train 0.2570 test 0.1456
epoch 39/200 loss 3.0550 train 0.2599 test 0.1552
epoch 40/200 loss 3.0010 train 0.2845 test 0.1626
epoch 41/200 loss 2.9422 train 0.2961 test 0.1401
epoch 42/200 loss 2.9294 train 0.2973 test 0.1723
epoch 43/200 loss 2.8395 train 0.3039 test 0.1408
epoch 44/200 loss 2.8790 train 0.3063 test 0.1617
epoch 45/200 loss 2.7964 train 0.3269 test 0.1556
epoch 46/200 loss 2.7089 train 0.3335 test 0.1726
epoch 47/200 loss 2.6521 train 0.3573 test 0.1508
epoch 48/200 loss 2.5675 train 0.3651 test 0.1297
epoch 49/200 loss 2.5253 train 0.3787 test 0.1700
epoch 50/200 loss 2.4848 train 0.3820 test 0.1259
epoch 51/200 loss 2.4661 train 0.3886 test 0.1750
epoch 52/200 loss 2.4718 train 0.3861 test 0.1780
epoch 53/200 loss 2.4015 train 0.4062 test 0.1433
epoch 54/200 loss 2.3830 train 0.4001 test 0.1678
epoch 55/200 loss 2.2556 train 0.4363 test 0.1985
epoch 56/200 loss 2.1652 train 0.4490 test 0.1762
epoch 57/200 loss 2.1267 train 0.4572 test 0.1823
epoch 58/200 loss 2.0864 train 0.4868 test 0.1630
epoch 59/200 loss 1.9961 train 0.4708 test 0.1819
epoch 60/200 loss 1.9769 train 0.4893 test 0.1445
epoch 61/200 loss 1.9031 train 0.5066 test 0.1784
epoch 62/200 loss 1.8469 train 0.5243 test 0.1549
epoch 63/200 loss 1.7946 train 0.5317 test 0.1728
epoch 64/200 loss 1.7099 train 0.5555 test 0.1650
epoch 65/200 loss 1.6923 train 0.5473 test 0.1900
epoch 66/200 loss 1.6090 train 0.5752 test 0.1945
epoch 67/200 loss 1.5605 train 0.5942 test 0.1892
epoch 68/200 loss 1.5094 train 0.5946 test 0.1679
epoch 69/200 loss 1.5254 train 0.5900 test 0.1925
epoch 70/200 loss 1.4530 train 0.6201 test 0.1929
epoch 71/200 loss 1.3549 train 0.6451 test 0.1922
epoch 72/200 loss 1.2629 train 0.6665 test 0.2035
epoch 73/200 loss 1.2861 train 0.6530 test 0.1912
epoch 74/200 loss 1.2194 train 0.6871 test 0.1924
epoch 75/200 loss 1.0963 train 0.7089 test 0.2142
epoch 76/200 loss 1.0086 train 0.7368 test 0.2014
epoch 77/200 loss 1.0388 train 0.7208 test 0.1965
epoch 78/200 loss 0.9720 train 0.7475 test 0.1872
epoch 79/200 loss 0.9359 train 0.7508 test 0.2010
epoch 80/200 loss 0.8834 train 0.7689 test 0.2022
epoch 81/200 loss 0.7939 train 0.8006 test 0.2268
epoch 82/200 loss 0.7206 train 0.8298 test 0.2226
epoch 83/200 loss 0.7193 train 0.8195 test 0.2020
epoch 84/200 loss 0.6807 train 0.8331 test 0.1969
epoch 85/200 loss 0.5923 train 0.8594 test 0.2198
epoch 86/200 loss 0.5537 train 0.8639 test 0.2032
epoch 87/200 loss 0.5136 train 0.8816 test 0.1985
epoch 88/200 loss 0.4825 train 0.8886 test 0.2059
epoch 89/200 loss 0.4821 train 0.8910 test 0.2230
epoch 90/200 loss 0.4214 train 0.9128 test 0.2170
epoch 91/200 loss 0.3563 train 0.9338 test 0.2280
epoch 92/200 loss 0.3204 train 0.9383 test 0.2310
epoch 93/200 loss 0.2953 train 0.9470 test 0.2253
epoch 94/200 loss 0.2603 train 0.9585 test 0.2218
epoch 95/200 loss 0.2234 train 0.9692 test 0.2422
epoch 96/200 loss 0.2208 train 0.9716 test 0.2390
epoch 97/200 loss 0.1916 train 0.9741 test 0.2350
epoch 98/200 loss 0.1715 train 0.9811 test 0.2501
epoch 99/200 loss 0.1457 train 0.9840 test 0.2499
epoch 100/200 loss 0.1422 train 0.9885 test 0.2412
epoch 101/200 loss 0.1391 train 0.9873 test 0.2477
epoch 102/200 loss 0.1369 train 0.9873 test 0.2381
epoch 103/200 loss 0.1261 train 0.9889 test 0.2448
epoch 104/200 loss 0.1174 train 0.9910 test 0.2486
epoch 105/200 loss 0.1127 train 0.9922 test 0.2519
epoch 106/200 loss 0.1092 train 0.9926 test 0.2485
epoch 107/200 loss 0.0931 train 0.9959 test 0.2561
epoch 108/200 loss 0.0884 train 0.9959 test 0.2503
epoch 109/200 loss 0.0814 train 0.9979 test 0.2589
epoch 110/200 loss 0.0741 train 0.9984 test 0.2590
epoch 111/200 loss 0.0701 train 0.9979 test 0.2552
epoch 112/200 loss 0.0638 train 0.9988 test 0.2585
epoch 113/200 loss 0.0613 train 0.9996 test 0.2602
epoch 114/200 loss 0.0599 train 0.9988 test 0.2547
epoch 115/200 loss 0.0591 train 0.9992 test 0.2630
epoch 116/200 loss 0.0557 train 0.9984 test 0.2582
epoch 117/200 loss 0.0538 train 0.9992 test 0.2597
epoch 118/200 loss 0.0524 train 1.0000 test 0.2604
epoch 119/200 loss 0.0535 train 0.9984 test 0.2635
epoch 120/200 loss 0.0488 train 1.0000 test 0.2696
epoch 121/200 loss 0.0456 train 1.0000 test 0.2654
epoch 122/200 loss 0.0442 train 1.0000 test 0.2705
epoch 123/200 loss 0.0432 train 1.0000 test 0.2646
epoch 124/200 loss 0.0408 train 1.0000 test 0.2665
epoch 125/200 loss 0.0389 train 0.9996 test 0.2664
epoch 126/200 loss 0.0390 train 1.0000 test 0.2656
epoch 127/200 loss 0.0391 train 1.0000 test 0.2688
epoch 128/200 loss 0.0363 train 1.0000 test 0.2696
epoch 129/200 loss 0.0371 train 1.0000 test 0.2702
epoch 130/200 loss 0.0340 train 1.0000 test 0.2674
epoch 131/200 loss 0.0353 train 1.0000 test 0.2679
epoch 132/200 loss 0.0331 train 0.9996 test 0.2672
epoch 133/200 loss 0.0325 train 1.0000 test 0.2678
epoch 134/200 loss 0.0320 train 1.0000 test 0.2687
epoch 135/200 loss 0.0316 train 1.0000 test 0.2708
epoch 136/200 loss 0.0312 train 1.0000 test 0.2676
epoch 137/200 loss 0.0298 train 0.9996 test 0.2683
epoch 138/200 loss 0.0301 train 1.0000 test 0.2675
epoch 139/200 loss 0.0288 train 1.0000 test 0.2670
epoch 140/200 loss 0.0278 train 1.0000 test 0.2693
epoch 141/200 loss 0.0270 train 1.0000 test 0.2695
epoch 142/200 loss 0.0262 train 1.0000 test 0.2685
epoch 143/200 loss 0.0263 train 1.0000 test 0.2670
epoch 144/200 loss 0.0253 train 1.0000 test 0.2694
epoch 145/200 loss 0.0242 train 1.0000 test 0.2685
epoch 146/200 loss 0.0237 train 1.0000 test 0.2698
epoch 147/200 loss 0.0230 train 1.0000 test 0.2689
epoch 148/200 loss 0.0225 train 1.0000 test 0.2682
epoch 149/200 loss 0.0221 train 1.0000 test 0.2690
epoch 150/200 loss 0.0218 train 1.0000 test 0.2689
epoch 151/200 loss 0.0211 train 1.0000 test 0.2669
epoch 152/200 loss 0.0208 train 1.0000 test 0.2694
epoch 153/200 loss 0.0207 train 1.0000 test 0.2688
epoch 154/200 loss 0.0200 train 1.0000 test 0.2688
epoch 155/200 loss 0.0201 train 1.0000 test 0.2705
epoch 156/200 loss 0.0187 train 1.0000 test 0.2693
epoch 157/200 loss 0.0179 train 1.0000 test 0.2685
epoch 158/200 loss 0.0184 train 1.0000 test 0.2694
epoch 159/200 loss 0.0179 train 1.0000 test 0.2711
epoch 160/200 loss 0.0174 train 1.0000 test 0.2711
epoch 161/200 loss 0.0176 train 1.0000 test 0.2691
epoch 162/200 loss 0.0161 train 1.0000 test 0.2670
epoch 163/200 loss 0.0163 train 1.0000 test 0.2702
epoch 164/200 loss 0.0162 train 1.0000 test 0.2685
epoch 165/200 loss 0.0153 train 1.0000 test 0.2703
epoch 166/200 loss 0.0145 train 1.0000 test 0.2700
epoch 167/200 loss 0.0140 train 1.0000 test 0.2708
epoch 168/200 loss 0.0148 train 1.0000 test 0.2708
epoch 169/200 loss 0.0136 train 1.0000 test 0.2703
epoch 170/200 loss 0.0133 train 1.0000 test 0.2708
epoch 171/200 loss 0.0135 train 1.0000 test 0.2701
epoch 172/200 loss 0.0127 train 0.9996 test 0.2707
epoch 173/200 loss 0.0121 train 1.0000 test 0.2701
epoch 174/200 loss 0.0122 train 1.0000 test 0.2696
epoch 175/200 loss 0.0126 train 1.0000 test 0.2700
epoch 176/200 loss 0.0117 train 1.0000 test 0.2695
epoch 177/200 loss 0.0110 train 1.0000 test 0.2706
epoch 178/200 loss 0.0116 train 1.0000 test 0.2699
epoch 179/200 loss 0.0108 train 1.0000 test 0.2703
epoch 180/200 loss 0.0109 train 1.0000 test 0.2701
epoch 181/200 loss 0.0102 train 1.0000 test 0.2701
epoch 182/200 loss 0.0102 train 1.0000 test 0.2691
epoch 183/200 loss 0.0106 train 1.0000 test 0.2705
epoch 184/200 loss 0.0095 train 1.0000 test 0.2707
epoch 185/200 loss 0.0101 train 1.0000 test 0.2710
epoch 186/200 loss 0.0089 train 1.0000 test 0.2711
epoch 187/200 loss 0.0092 train 1.0000 test 0.2710
epoch 188/200 loss 0.0087 train 1.0000 test 0.2719
epoch 189/200 loss 0.0088 train 1.0000 test 0.2711
epoch 190/200 loss 0.0082 train 1.0000 test 0.2709
epoch 191/200 loss 0.0090 train 1.0000 test 0.2709
epoch 192/200 loss 0.0089 train 1.0000 test 0.2704
epoch 193/200 loss 0.0078 train 1.0000 test 0.2708
epoch 194/200 loss 0.0082 train 1.0000 test 0.2706
epoch 195/200 loss 0.0089 train 1.0000 test 0.2703
epoch 196/200 loss 0.0087 train 1.0000 test 0.2714
epoch 197/200 loss 0.0081 train 1.0000 test 0.2695
epoch 198/200 loss 0.0084 train 1.0000 test 0.2695
epoch 199/200 loss 0.0088 train 1.0000 test 0.2710
epoch 200/200 loss 0.0080 train 1.0000 test 0.2713
done: final 0.2713 best 0.2719 -> ./runs/r50_aux_5pct/seed2
R50GEN_r50_aux_5pct_DONE
R50GEN_COMPLETE
