=== refwave start 2026-08-14T16:39:47+02:00 ===
--- diagtaxlam_c100_delay_7pct seed0 2026-08-14T16:39:47+02:00
Warning: You are sending unauthenticated requests to the HF Hub. Please set a HF_TOKEN to enable higher rate limits and faster downloads.
moment-aux target calibrated on 1024 images
[diagtaxlam_c100_delay_7pct seed0] {"params_trainable": 11222188, "params_stem_trainable": 0, "params_stem_fixed_filters": 0, "flops_total": 556705792, "flops_stem": 0, "flops_image_size": 32}
epoch 1/200 loss 4.6004 train 0.0148 test 0.0407
epoch 2/200 loss 4.2711 train 0.0654 test 0.0768
epoch 3/200 loss 3.7854 train 0.1270 test 0.1196
epoch 4/200 loss 3.3350 train 0.1913 test 0.1614
epoch 5/200 loss 2.8946 train 0.2830 test 0.2295
epoch 6/200 loss 2.5040 train 0.3556 test 0.2491
epoch 7/200 loss 2.1756 train 0.4288 test 0.2985
epoch 8/200 loss 1.8469 train 0.4931 test 0.3202
epoch 9/200 loss 1.5775 train 0.5683 test 0.3383
epoch 10/200 loss 1.3709 train 0.6123 test 0.3550
epoch 11/200 loss 1.2066 train 0.6632 test 0.3521
epoch 12/200 loss 1.0114 train 0.7193 test 0.3616
epoch 13/200 loss 0.8942 train 0.7477 test 0.3849
epoch 14/200 loss 0.7452 train 0.7954 test 0.3805
epoch 15/200 loss 0.6554 train 0.8290 test 0.3900
epoch 16/200 loss 0.5447 train 0.8600 test 0.3962
epoch 17/200 loss 0.4658 train 0.8857 test 0.3950
epoch 18/200 loss 0.3880 train 0.9117 test 0.4046
epoch 19/200 loss 0.3284 train 0.9274 test 0.4113
epoch 20/200 loss 0.2722 train 0.9470 test 0.4130
epoch 21/200 loss 0.2408 train 0.9528 test 0.4109
epoch 22/200 loss 0.2162 train 0.9635 test 0.4187
epoch 23/200 loss 0.1922 train 0.9682 test 0.4256
epoch 24/200 loss 0.1609 train 0.9763 test 0.4220
epoch 25/200 loss 0.1392 train 0.9844 test 0.4353
epoch 26/200 loss 0.1277 train 0.9864 test 0.4330
epoch 27/200 loss 0.1180 train 0.9876 test 0.4226
epoch 28/200 loss 0.1117 train 0.9899 test 0.4393
epoch 29/200 loss 0.0996 train 0.9902 test 0.4365
epoch 30/200 loss 0.0859 train 0.9925 test 0.4369
epoch 31/200 loss 0.0825 train 0.9939 test 0.4459
epoch 32/200 loss 0.0689 train 0.9974 test 0.4464
epoch 33/200 loss 0.0698 train 0.9971 test 0.4442
epoch 34/200 loss 0.0726 train 0.9957 test 0.4428
epoch 35/200 loss 0.0671 train 0.9959 test 0.4436
epoch 36/200 loss 0.0620 train 0.9980 test 0.4475
epoch 37/200 loss 0.0629 train 0.9971 test 0.4472
epoch 38/200 loss 0.0615 train 0.9968 test 0.4471
epoch 39/200 loss 0.0592 train 0.9974 test 0.4461
epoch 40/200 loss 0.0535 train 0.9983 test 0.4460
epoch 41/200 loss 0.0561 train 0.9983 test 0.4464
epoch 42/200 loss 0.0586 train 0.9959 test 0.4443
epoch 43/200 loss 0.0564 train 0.9968 test 0.4478
epoch 44/200 loss 0.0532 train 0.9974 test 0.4459
epoch 45/200 loss 0.0508 train 0.9986 test 0.4509
epoch 46/200 loss 0.0459 train 0.9997 test 0.4512
epoch 47/200 loss 0.0457 train 0.9986 test 0.4532
epoch 48/200 loss 0.0426 train 0.9991 test 0.4565
epoch 49/200 loss 0.0430 train 0.9991 test 0.4514
epoch 50/200 loss 0.0447 train 0.9994 test 0.4533
epoch 51/200 loss 0.0412 train 0.9991 test 0.4532
epoch 52/200 loss 0.0374 train 0.9997 test 0.4571
epoch 53/200 loss 0.0411 train 0.9988 test 0.4525
epoch 54/200 loss 0.0393 train 0.9994 test 0.4568
epoch 55/200 loss 0.0378 train 0.9997 test 0.4581
epoch 56/200 loss 0.0358 train 0.9997 test 0.4614
epoch 57/200 loss 0.0332 train 0.9997 test 0.4613
epoch 58/200 loss 0.0345 train 1.0000 test 0.4610
epoch 59/200 loss 0.0345 train 0.9994 test 0.4591
epoch 60/200 loss 0.0334 train 1.0000 test 0.4599
epoch 61/200 loss 0.0334 train 1.0000 test 0.4600
epoch 62/200 loss 0.0334 train 0.9997 test 0.4573
epoch 63/200 loss 0.0359 train 0.9991 test 0.4599
epoch 64/200 loss 0.0317 train 1.0000 test 0.4609
epoch 65/200 loss 0.0329 train 1.0000 test 0.4646
epoch 66/200 loss 0.0339 train 0.9994 test 0.4646
epoch 67/200 loss 0.0312 train 1.0000 test 0.4601
epoch 68/200 loss 0.0315 train 1.0000 test 0.4637
epoch 69/200 loss 0.0318 train 0.9997 test 0.4645
epoch 70/200 loss 0.0315 train 1.0000 test 0.4638
epoch 71/200 loss 0.0305 train 1.0000 test 0.4629
epoch 72/200 loss 0.0288 train 1.0000 test 0.4659
epoch 73/200 loss 0.0308 train 0.9997 test 0.4607
epoch 74/200 loss 0.0284 train 1.0000 test 0.4629
epoch 75/200 loss 0.0282 train 1.0000 test 0.4673
epoch 76/200 loss 0.0282 train 0.9997 test 0.4642
epoch 77/200 loss 0.0271 train 1.0000 test 0.4626
epoch 78/200 loss 0.0261 train 1.0000 test 0.4659
epoch 79/200 loss 0.0254 train 1.0000 test 0.4654
epoch 80/200 loss 0.0267 train 0.9997 test 0.4694
epoch 81/200 loss 0.0279 train 0.9994 test 0.4670
epoch 82/200 loss 0.0285 train 1.0000 test 0.4640
epoch 83/200 loss 0.0285 train 0.9997 test 0.4640
epoch 84/200 loss 0.0282 train 0.9997 test 0.4643
epoch 85/200 loss 0.0277 train 0.9994 test 0.4668
epoch 86/200 loss 0.0270 train 1.0000 test 0.4647
epoch 87/200 loss 0.0251 train 1.0000 test 0.4661
epoch 88/200 loss 0.0230 train 1.0000 test 0.4692
epoch 89/200 loss 0.0242 train 1.0000 test 0.4715
epoch 90/200 loss 0.0236 train 1.0000 test 0.4701
epoch 91/200 loss 0.0231 train 1.0000 test 0.4740
epoch 92/200 loss 0.0233 train 1.0000 test 0.4659
epoch 93/200 loss 0.0227 train 0.9997 test 0.4726
epoch 94/200 loss 0.0264 train 0.9994 test 0.4610
epoch 95/200 loss 0.0249 train 1.0000 test 0.4648
epoch 96/200 loss 0.0233 train 1.0000 test 0.4691
epoch 97/200 loss 0.0231 train 1.0000 test 0.4729
epoch 98/200 loss 0.0208 train 0.9997 test 0.4769
epoch 99/200 loss 0.0223 train 1.0000 test 0.4707
epoch 100/200 loss 0.0218 train 1.0000 test 0.4745
epoch 101/200 loss 1.2503 train 0.9983 test 0.4160
epoch 102/200 loss 0.3999 train 0.9980 test 0.4433
epoch 103/200 loss 0.3331 train 0.9916 test 0.4373
epoch 104/200 loss 0.2942 train 0.9942 test 0.4466
epoch 105/200 loss 0.2701 train 0.9948 test 0.4450
epoch 106/200 loss 0.2474 train 0.9959 test 0.4564
epoch 107/200 loss 0.2172 train 0.9983 test 0.4561
epoch 108/200 loss 0.1953 train 0.9991 test 0.4562
epoch 109/200 loss 0.1840 train 0.9997 test 0.4621
epoch 110/200 loss 0.1723 train 0.9994 test 0.4565
epoch 111/200 loss 0.1726 train 0.9980 test 0.4642
epoch 112/200 loss 0.1620 train 0.9983 test 0.4497
epoch 113/200 loss 0.1581 train 0.9991 test 0.4619
epoch 114/200 loss 0.1476 train 0.9988 test 0.4595
epoch 115/200 loss 0.1416 train 0.9991 test 0.4642
epoch 116/200 loss 0.1343 train 0.9994 test 0.4613
epoch 117/200 loss 0.1313 train 0.9991 test 0.4623
epoch 118/200 loss 0.1271 train 0.9991 test 0.4606
epoch 119/200 loss 0.1253 train 0.9991 test 0.4531
epoch 120/200 loss 0.1214 train 1.0000 test 0.4649
epoch 121/200 loss 0.1138 train 1.0000 test 0.4653
epoch 122/200 loss 0.1107 train 1.0000 test 0.4617
epoch 123/200 loss 0.1118 train 0.9997 test 0.4620
epoch 124/200 loss 0.1079 train 0.9997 test 0.4657
epoch 125/200 loss 0.1053 train 1.0000 test 0.4660
epoch 126/200 loss 0.1025 train 0.9997 test 0.4661
epoch 127/200 loss 0.1000 train 0.9997 test 0.4626
epoch 128/200 loss 0.0972 train 1.0000 test 0.4664
epoch 129/200 loss 0.0927 train 0.9997 test 0.4674
epoch 130/200 loss 0.0913 train 1.0000 test 0.4669
epoch 131/200 loss 0.0900 train 1.0000 test 0.4671
epoch 132/200 loss 0.0877 train 1.0000 test 0.4682
epoch 133/200 loss 0.0828 train 1.0000 test 0.4693
epoch 134/200 loss 0.0827 train 1.0000 test 0.4677
epoch 135/200 loss 0.0812 train 1.0000 test 0.4678
epoch 136/200 loss 0.0794 train 1.0000 test 0.4670
epoch 137/200 loss 0.0769 train 1.0000 test 0.4676
epoch 138/200 loss 0.0753 train 1.0000 test 0.4687
epoch 139/200 loss 0.0744 train 1.0000 test 0.4678
epoch 140/200 loss 0.0742 train 0.9997 test 0.4681
epoch 141/200 loss 0.0712 train 1.0000 test 0.4672
epoch 142/200 loss 0.0691 train 1.0000 test 0.4676
epoch 143/200 loss 0.0670 train 1.0000 test 0.4681
epoch 144/200 loss 0.0645 train 1.0000 test 0.4677
epoch 145/200 loss 0.0642 train 1.0000 test 0.4685
epoch 146/200 loss 0.0606 train 1.0000 test 0.4711
epoch 147/200 loss 0.0605 train 1.0000 test 0.4699
epoch 148/200 loss 0.0592 train 1.0000 test 0.4706
epoch 149/200 loss 0.0570 train 1.0000 test 0.4701
epoch 150/200 loss 0.0555 train 1.0000 test 0.4709
epoch 151/200 loss 0.0537 train 1.0000 test 0.4713
epoch 152/200 loss 0.0529 train 1.0000 test 0.4701
epoch 153/200 loss 0.0513 train 1.0000 test 0.4696
epoch 154/200 loss 0.0497 train 1.0000 test 0.4702
epoch 155/200 loss 0.0482 train 1.0000 test 0.4714
epoch 156/200 loss 0.0474 train 1.0000 test 0.4712
epoch 157/200 loss 0.0467 train 1.0000 test 0.4715
epoch 158/200 loss 0.0455 train 1.0000 test 0.4693
epoch 159/200 loss 0.0435 train 1.0000 test 0.4707
epoch 160/200 loss 0.0423 train 0.9997 test 0.4705
epoch 161/200 loss 0.0401 train 1.0000 test 0.4731
epoch 162/200 loss 0.0395 train 1.0000 test 0.4732
epoch 163/200 loss 0.0390 train 1.0000 test 0.4742
epoch 164/200 loss 0.0376 train 1.0000 test 0.4722
epoch 165/200 loss 0.0355 train 1.0000 test 0.4742
epoch 166/200 loss 0.0341 train 1.0000 test 0.4747
epoch 167/200 loss 0.0342 train 1.0000 test 0.4721
epoch 168/200 loss 0.0325 train 1.0000 test 0.4729
epoch 169/200 loss 0.0312 train 1.0000 test 0.4739
epoch 170/200 loss 0.0308 train 1.0000 test 0.4755
epoch 171/200 loss 0.0295 train 1.0000 test 0.4734
epoch 172/200 loss 0.0285 train 1.0000 test 0.4749
epoch 173/200 loss 0.0269 train 1.0000 test 0.4745
epoch 174/200 loss 0.0258 train 1.0000 test 0.4738
epoch 175/200 loss 0.0252 train 1.0000 test 0.4728
epoch 176/200 loss 0.0252 train 1.0000 test 0.4723
epoch 177/200 loss 0.0247 train 1.0000 test 0.4748
epoch 178/200 loss 0.0223 train 1.0000 test 0.4740
epoch 179/200 loss 0.0220 train 1.0000 test 0.4746
epoch 180/200 loss 0.0208 train 1.0000 test 0.4758
epoch 181/200 loss 0.0201 train 1.0000 test 0.4744
epoch 182/200 loss 0.0193 train 1.0000 test 0.4735
epoch 183/200 loss 0.0186 train 1.0000 test 0.4740
epoch 184/200 loss 0.0178 train 1.0000 test 0.4750
epoch 185/200 loss 0.0180 train 1.0000 test 0.4756
epoch 186/200 loss 0.0171 train 1.0000 test 0.4751
epoch 187/200 loss 0.0170 train 1.0000 test 0.4750
epoch 188/200 loss 0.0158 train 1.0000 test 0.4770
epoch 189/200 loss 0.0157 train 1.0000 test 0.4749
epoch 190/200 loss 0.0152 train 1.0000 test 0.4764
epoch 191/200 loss 0.0150 train 1.0000 test 0.4757
epoch 192/200 loss 0.0139 train 1.0000 test 0.4744
epoch 193/200 loss 0.0141 train 1.0000 test 0.4755
epoch 194/200 loss 0.0135 train 1.0000 test 0.4753
epoch 195/200 loss 0.0135 train 1.0000 test 0.4751
epoch 196/200 loss 0.0124 train 1.0000 test 0.4755
epoch 197/200 loss 0.0130 train 1.0000 test 0.4750
epoch 198/200 loss 0.0130 train 1.0000 test 0.4746
epoch 199/200 loss 0.0126 train 1.0000 test 0.4745
epoch 200/200 loss 0.0125 train 1.0000 test 0.4750
done: final 0.4750 best 0.4770 -> ./runs/diagtaxlam_c100_delay_7pct/seed0
--- diagtaxlam_c100_delay_7pct seed1 2026-08-14T16:44:21+02:00
moment-aux target calibrated on 1024 images
[diagtaxlam_c100_delay_7pct seed1] {"params_trainable": 11222188, "params_stem_trainable": 0, "params_stem_fixed_filters": 0, "flops_total": 556705792, "flops_stem": 0, "flops_image_size": 32}
epoch 1/200 loss 4.5963 train 0.0194 test 0.0398
epoch 2/200 loss 4.1787 train 0.0842 test 0.0806
epoch 3/200 loss 3.7140 train 0.1331 test 0.1279
epoch 4/200 loss 3.3365 train 0.1988 test 0.1539
epoch 5/200 loss 2.8907 train 0.2839 test 0.2155
epoch 6/200 loss 2.5112 train 0.3594 test 0.2533
epoch 7/200 loss 2.1841 train 0.4219 test 0.2811
epoch 8/200 loss 1.9259 train 0.4806 test 0.3246
epoch 9/200 loss 1.6594 train 0.5501 test 0.3354
epoch 10/200 loss 1.4652 train 0.5972 test 0.3615
epoch 11/200 loss 1.2806 train 0.6328 test 0.3510
epoch 12/200 loss 1.0921 train 0.6970 test 0.3706
epoch 13/200 loss 0.9405 train 0.7364 test 0.3729
epoch 14/200 loss 0.7987 train 0.7804 test 0.3987
epoch 15/200 loss 0.6957 train 0.8160 test 0.4031
epoch 16/200 loss 0.5703 train 0.8553 test 0.4043
epoch 17/200 loss 0.5068 train 0.8721 test 0.4145
epoch 18/200 loss 0.4415 train 0.8921 test 0.4016
epoch 19/200 loss 0.3719 train 0.9146 test 0.4245
epoch 20/200 loss 0.3131 train 0.9317 test 0.4190
epoch 21/200 loss 0.2798 train 0.9387 test 0.4185
epoch 22/200 loss 0.2505 train 0.9534 test 0.4172
epoch 23/200 loss 0.2282 train 0.9612 test 0.4383
epoch 24/200 loss 0.1900 train 0.9679 test 0.4209
epoch 25/200 loss 0.1617 train 0.9757 test 0.4285
epoch 26/200 loss 0.1573 train 0.9725 test 0.4350
epoch 27/200 loss 0.1378 train 0.9800 test 0.4373
epoch 28/200 loss 0.1156 train 0.9893 test 0.4390
epoch 29/200 loss 0.1072 train 0.9896 test 0.4416
epoch 30/200 loss 0.1028 train 0.9899 test 0.4486
epoch 31/200 loss 0.0924 train 0.9910 test 0.4312
epoch 32/200 loss 0.0922 train 0.9902 test 0.4424
epoch 33/200 loss 0.0891 train 0.9919 test 0.4401
epoch 34/200 loss 0.0815 train 0.9936 test 0.4503
epoch 35/200 loss 0.0777 train 0.9931 test 0.4490
epoch 36/200 loss 0.0620 train 0.9974 test 0.4532
epoch 37/200 loss 0.0597 train 0.9988 test 0.4506
epoch 38/200 loss 0.0599 train 0.9974 test 0.4510
epoch 39/200 loss 0.0597 train 0.9971 test 0.4515
epoch 40/200 loss 0.0572 train 0.9974 test 0.4564
epoch 41/200 loss 0.0517 train 0.9991 test 0.4574
epoch 42/200 loss 0.0514 train 0.9980 test 0.4534
epoch 43/200 loss 0.0473 train 0.9994 test 0.4568
epoch 44/200 loss 0.0442 train 0.9991 test 0.4556
epoch 45/200 loss 0.0447 train 0.9988 test 0.4614
epoch 46/200 loss 0.0426 train 0.9994 test 0.4568
epoch 47/200 loss 0.0437 train 0.9994 test 0.4620
epoch 48/200 loss 0.0431 train 0.9991 test 0.4691
epoch 49/200 loss 0.0432 train 0.9988 test 0.4633
epoch 50/200 loss 0.0427 train 0.9994 test 0.4636
epoch 51/200 loss 0.0400 train 0.9997 test 0.4639
epoch 52/200 loss 0.0395 train 0.9991 test 0.4647
epoch 53/200 loss 0.0399 train 0.9991 test 0.4662
epoch 54/200 loss 0.0402 train 0.9997 test 0.4624
epoch 55/200 loss 0.0412 train 0.9997 test 0.4641
epoch 56/200 loss 0.0444 train 0.9983 test 0.4579
epoch 57/200 loss 0.0453 train 0.9977 test 0.4699
epoch 58/200 loss 0.0400 train 0.9988 test 0.4663
epoch 59/200 loss 0.0440 train 0.9980 test 0.4575
epoch 60/200 loss 0.0388 train 0.9994 test 0.4665
epoch 61/200 loss 0.0363 train 0.9997 test 0.4660
epoch 62/200 loss 0.0374 train 0.9994 test 0.4685
epoch 63/200 loss 0.0344 train 1.0000 test 0.4676
epoch 64/200 loss 0.0344 train 0.9997 test 0.4664
epoch 65/200 loss 0.0331 train 0.9997 test 0.4668
epoch 66/200 loss 0.0334 train 0.9997 test 0.4688
epoch 67/200 loss 0.0335 train 0.9988 test 0.4710
epoch 68/200 loss 0.0350 train 0.9994 test 0.4713
epoch 69/200 loss 0.0298 train 1.0000 test 0.4742
epoch 70/200 loss 0.0297 train 0.9997 test 0.4753
epoch 71/200 loss 0.0318 train 1.0000 test 0.4755
epoch 72/200 loss 0.0309 train 1.0000 test 0.4724
epoch 73/200 loss 0.0315 train 0.9994 test 0.4728
epoch 74/200 loss 0.0333 train 0.9991 test 0.4731
epoch 75/200 loss 0.0323 train 0.9994 test 0.4714
epoch 76/200 loss 0.0315 train 0.9997 test 0.4763
epoch 77/200 loss 0.0272 train 1.0000 test 0.4801
epoch 78/200 loss 0.0284 train 0.9994 test 0.4797
epoch 79/200 loss 0.0289 train 1.0000 test 0.4768
epoch 80/200 loss 0.0275 train 1.0000 test 0.4760
epoch 81/200 loss 0.0263 train 1.0000 test 0.4730
epoch 82/200 loss 0.0255 train 1.0000 test 0.4766
epoch 83/200 loss 0.0249 train 1.0000 test 0.4773
epoch 84/200 loss 0.0250 train 1.0000 test 0.4810
epoch 85/200 loss 0.0243 train 1.0000 test 0.4829
epoch 86/200 loss 0.0251 train 0.9997 test 0.4798
epoch 87/200 loss 0.0246 train 1.0000 test 0.4826
epoch 88/200 loss 0.0288 train 0.9994 test 0.4825
epoch 89/200 loss 0.0246 train 1.0000 test 0.4778
epoch 90/200 loss 0.0268 train 0.9994 test 0.4796
epoch 91/200 loss 0.0244 train 1.0000 test 0.4792
epoch 92/200 loss 0.0241 train 0.9997 test 0.4817
epoch 93/200 loss 0.0223 train 0.9997 test 0.4789
epoch 94/200 loss 0.0230 train 1.0000 test 0.4818
epoch 95/200 loss 0.0236 train 0.9997 test 0.4853
epoch 96/200 loss 0.0222 train 1.0000 test 0.4815
epoch 97/200 loss 0.0209 train 1.0000 test 0.4856
epoch 98/200 loss 0.0226 train 1.0000 test 0.4856
epoch 99/200 loss 0.0254 train 0.9997 test 0.4804
epoch 100/200 loss 0.0236 train 0.9997 test 0.4808
epoch 101/200 loss 1.2768 train 0.9983 test 0.4424
epoch 102/200 loss 0.4271 train 0.9916 test 0.4486
epoch 103/200 loss 0.3481 train 0.9855 test 0.4250
epoch 104/200 loss 0.3008 train 0.9919 test 0.4419
epoch 105/200 loss 0.2574 train 0.9962 test 0.4473
epoch 106/200 loss 0.2281 train 0.9968 test 0.4590
epoch 107/200 loss 0.2017 train 0.9994 test 0.4695
epoch 108/200 loss 0.1841 train 0.9991 test 0.4598
epoch 109/200 loss 0.1729 train 0.9991 test 0.4712
epoch 110/200 loss 0.1639 train 0.9991 test 0.4744
epoch 111/200 loss 0.1555 train 0.9988 test 0.4730
epoch 112/200 loss 0.1521 train 0.9991 test 0.4673
epoch 113/200 loss 0.1472 train 0.9994 test 0.4660
epoch 114/200 loss 0.1404 train 0.9997 test 0.4723
epoch 115/200 loss 0.1363 train 0.9997 test 0.4738
epoch 116/200 loss 0.1343 train 0.9988 test 0.4680
epoch 117/200 loss 0.1275 train 0.9991 test 0.4756
epoch 118/200 loss 0.1252 train 0.9991 test 0.4707
epoch 119/200 loss 0.1181 train 0.9994 test 0.4767
epoch 120/200 loss 0.1160 train 1.0000 test 0.4760
epoch 121/200 loss 0.1128 train 0.9994 test 0.4642
epoch 122/200 loss 0.1149 train 1.0000 test 0.4696
epoch 123/200 loss 0.1100 train 0.9997 test 0.4754
epoch 124/200 loss 0.1049 train 1.0000 test 0.4782
epoch 125/200 loss 0.1020 train 0.9997 test 0.4786
epoch 126/200 loss 0.0969 train 1.0000 test 0.4744
epoch 127/200 loss 0.0941 train 1.0000 test 0.4723
epoch 128/200 loss 0.0921 train 1.0000 test 0.4784
epoch 129/200 loss 0.0904 train 1.0000 test 0.4763
epoch 130/200 loss 0.0883 train 1.0000 test 0.4784
epoch 131/200 loss 0.0880 train 0.9994 test 0.4784
epoch 132/200 loss 0.0862 train 1.0000 test 0.4784
epoch 133/200 loss 0.0818 train 1.0000 test 0.4793
epoch 134/200 loss 0.0814 train 0.9994 test 0.4750
epoch 135/200 loss 0.0770 train 1.0000 test 0.4761
epoch 136/200 loss 0.0757 train 1.0000 test 0.4790
epoch 137/200 loss 0.0738 train 1.0000 test 0.4791
epoch 138/200 loss 0.0733 train 1.0000 test 0.4774
epoch 139/200 loss 0.0697 train 0.9997 test 0.4770
epoch 140/200 loss 0.0704 train 1.0000 test 0.4765
epoch 141/200 loss 0.0697 train 1.0000 test 0.4765
epoch 142/200 loss 0.0676 train 0.9997 test 0.4800
epoch 143/200 loss 0.0644 train 1.0000 test 0.4823
epoch 144/200 loss 0.0627 train 0.9997 test 0.4808
epoch 145/200 loss 0.0604 train 1.0000 test 0.4812
epoch 146/200 loss 0.0595 train 1.0000 test 0.4811
epoch 147/200 loss 0.0597 train 1.0000 test 0.4808
epoch 148/200 loss 0.0569 train 1.0000 test 0.4825
epoch 149/200 loss 0.0566 train 1.0000 test 0.4805
epoch 150/200 loss 0.0541 train 1.0000 test 0.4811
epoch 151/200 loss 0.0525 train 1.0000 test 0.4795
epoch 152/200 loss 0.0520 train 0.9997 test 0.4834
epoch 153/200 loss 0.0501 train 1.0000 test 0.4803
epoch 154/200 loss 0.0490 train 1.0000 test 0.4796
epoch 155/200 loss 0.0470 train 1.0000 test 0.4822
epoch 156/200 loss 0.0455 train 1.0000 test 0.4821
epoch 157/200 loss 0.0446 train 1.0000 test 0.4827
epoch 158/200 loss 0.0433 train 1.0000 test 0.4829
epoch 159/200 loss 0.0416 train 1.0000 test 0.4822
epoch 160/200 loss 0.0401 train 1.0000 test 0.4821
epoch 161/200 loss 0.0409 train 1.0000 test 0.4848
epoch 162/200 loss 0.0393 train 1.0000 test 0.4835
epoch 163/200 loss 0.0379 train 1.0000 test 0.4844
epoch 164/200 loss 0.0364 train 1.0000 test 0.4848
epoch 165/200 loss 0.0353 train 1.0000 test 0.4841
epoch 166/200 loss 0.0339 train 1.0000 test 0.4864
epoch 167/200 loss 0.0329 train 1.0000 test 0.4853
epoch 168/200 loss 0.0327 train 1.0000 test 0.4830
epoch 169/200 loss 0.0314 train 1.0000 test 0.4861
epoch 170/200 loss 0.0298 train 1.0000 test 0.4846
epoch 171/200 loss 0.0288 train 1.0000 test 0.4853
epoch 172/200 loss 0.0275 train 1.0000 test 0.4869
epoch 173/200 loss 0.0265 train 1.0000 test 0.4847
epoch 174/200 loss 0.0262 train 1.0000 test 0.4864
epoch 175/200 loss 0.0253 train 1.0000 test 0.4851
epoch 176/200 loss 0.0238 train 1.0000 test 0.4859
epoch 177/200 loss 0.0232 train 1.0000 test 0.4855
epoch 178/200 loss 0.0224 train 1.0000 test 0.4867
epoch 179/200 loss 0.0210 train 1.0000 test 0.4874
epoch 180/200 loss 0.0210 train 1.0000 test 0.4872
epoch 181/200 loss 0.0198 train 1.0000 test 0.4860
epoch 182/200 loss 0.0195 train 1.0000 test 0.4856
epoch 183/200 loss 0.0196 train 1.0000 test 0.4855
epoch 184/200 loss 0.0173 train 1.0000 test 0.4869
epoch 185/200 loss 0.0178 train 1.0000 test 0.4857
epoch 186/200 loss 0.0169 train 1.0000 test 0.4869
epoch 187/200 loss 0.0180 train 1.0000 test 0.4862
epoch 188/200 loss 0.0165 train 1.0000 test 0.4871
epoch 189/200 loss 0.0154 train 1.0000 test 0.4858
epoch 190/200 loss 0.0148 train 1.0000 test 0.4855
epoch 191/200 loss 0.0146 train 1.0000 test 0.4877
epoch 192/200 loss 0.0141 train 1.0000 test 0.4858
epoch 193/200 loss 0.0136 train 1.0000 test 0.4885
epoch 194/200 loss 0.0140 train 1.0000 test 0.4859
epoch 195/200 loss 0.0139 train 1.0000 test 0.4861
epoch 196/200 loss 0.0128 train 1.0000 test 0.4859
epoch 197/200 loss 0.0128 train 1.0000 test 0.4862
epoch 198/200 loss 0.0125 train 1.0000 test 0.4871
epoch 199/200 loss 0.0136 train 1.0000 test 0.4867
epoch 200/200 loss 0.0133 train 1.0000 test 0.4863
done: final 0.4863 best 0.4885 -> ./runs/diagtaxlam_c100_delay_7pct/seed1
--- diagtaxlam_c100_delay_7pct seed2 2026-08-14T16:48:44+02:00
Warning: You are sending unauthenticated requests to the HF Hub. Please set a HF_TOKEN to enable higher rate limits and faster downloads.
moment-aux target calibrated on 1024 images
[diagtaxlam_c100_delay_7pct seed2] {"params_trainable": 11222188, "params_stem_trainable": 0, "params_stem_fixed_filters": 0, "flops_total": 556705792, "flops_stem": 0, "flops_image_size": 32}
epoch 1/200 loss 4.5940 train 0.0200 test 0.0434
epoch 2/200 loss 4.2456 train 0.0694 test 0.0726
epoch 3/200 loss 3.8118 train 0.1201 test 0.1057
epoch 4/200 loss 3.4400 train 0.1887 test 0.1448
epoch 5/200 loss 3.1133 train 0.2321 test 0.1913
epoch 6/200 loss 2.7607 train 0.3056 test 0.2136
epoch 7/200 loss 2.4413 train 0.3643 test 0.2346
epoch 8/200 loss 2.1839 train 0.4262 test 0.2468
epoch 9/200 loss 1.9413 train 0.4800 test 0.2805
epoch 10/200 loss 1.6971 train 0.5356 test 0.2903
epoch 11/200 loss 1.5388 train 0.5770 test 0.3174
epoch 12/200 loss 1.3027 train 0.6400 test 0.3111
epoch 13/200 loss 1.1454 train 0.6892 test 0.3163
epoch 14/200 loss 1.0229 train 0.7173 test 0.3241
epoch 15/200 loss 0.9196 train 0.7569 test 0.3231
epoch 16/200 loss 0.7807 train 0.7925 test 0.3366
epoch 17/200 loss 0.6669 train 0.8275 test 0.3361
epoch 18/200 loss 0.5700 train 0.8553 test 0.3413
epoch 19/200 loss 0.4974 train 0.8825 test 0.3434
epoch 20/200 loss 0.4035 train 0.9094 test 0.3617
epoch 21/200 loss 0.3396 train 0.9340 test 0.3513
epoch 22/200 loss 0.2954 train 0.9479 test 0.3547
epoch 23/200 loss 0.2708 train 0.9497 test 0.3643
epoch 24/200 loss 0.2396 train 0.9575 test 0.3608
epoch 25/200 loss 0.2129 train 0.9685 test 0.3669
epoch 26/200 loss 0.1847 train 0.9751 test 0.3768
epoch 27/200 loss 0.1720 train 0.9719 test 0.3556
epoch 28/200 loss 0.1500 train 0.9795 test 0.3703
epoch 29/200 loss 0.1378 train 0.9847 test 0.3754
epoch 30/200 loss 0.1218 train 0.9864 test 0.3785
epoch 31/200 loss 0.1185 train 0.9873 test 0.3764
epoch 32/200 loss 0.1064 train 0.9878 test 0.3886
epoch 33/200 loss 0.1017 train 0.9902 test 0.3807
epoch 34/200 loss 0.1053 train 0.9899 test 0.3841
epoch 35/200 loss 0.0910 train 0.9936 test 0.3799
epoch 36/200 loss 0.0819 train 0.9954 test 0.3767
epoch 37/200 loss 0.0784 train 0.9942 test 0.3861
epoch 38/200 loss 0.0718 train 0.9942 test 0.3822
epoch 39/200 loss 0.0697 train 0.9965 test 0.3915
epoch 40/200 loss 0.0661 train 0.9959 test 0.3871
epoch 41/200 loss 0.0706 train 0.9948 test 0.3910
epoch 42/200 loss 0.0614 train 0.9974 test 0.3917
epoch 43/200 loss 0.0565 train 0.9988 test 0.3983
epoch 44/200 loss 0.0596 train 0.9968 test 0.3957
epoch 45/200 loss 0.0549 train 0.9991 test 0.3951
epoch 46/200 loss 0.0531 train 0.9980 test 0.3969
epoch 47/200 loss 0.0485 train 0.9991 test 0.3926
epoch 48/200 loss 0.0535 train 0.9971 test 0.3998
epoch 49/200 loss 0.0521 train 0.9986 test 0.3919
epoch 50/200 loss 0.0586 train 0.9971 test 0.3959
epoch 51/200 loss 0.0506 train 0.9986 test 0.4029
epoch 52/200 loss 0.0472 train 0.9991 test 0.4001
epoch 53/200 loss 0.0481 train 0.9980 test 0.4049
epoch 54/200 loss 0.0450 train 0.9991 test 0.4029
epoch 55/200 loss 0.0522 train 0.9988 test 0.3957
epoch 56/200 loss 0.0467 train 0.9997 test 0.4011
epoch 57/200 loss 0.0420 train 0.9997 test 0.4042
epoch 58/200 loss 0.0404 train 1.0000 test 0.4045
epoch 59/200 loss 0.0403 train 0.9991 test 0.3998
epoch 60/200 loss 0.0402 train 0.9994 test 0.4006
epoch 61/200 loss 0.0404 train 0.9988 test 0.4046
epoch 62/200 loss 0.0382 train 0.9994 test 0.4030
epoch 63/200 loss 0.0376 train 0.9997 test 0.4040
epoch 64/200 loss 0.0336 train 1.0000 test 0.4108
epoch 65/200 loss 0.0347 train 1.0000 test 0.4085
epoch 66/200 loss 0.0333 train 1.0000 test 0.4026
epoch 67/200 loss 0.0337 train 1.0000 test 0.4033
epoch 68/200 loss 0.0359 train 0.9994 test 0.4068
epoch 69/200 loss 0.0362 train 0.9994 test 0.4008
epoch 70/200 loss 0.0328 train 1.0000 test 0.4070
epoch 71/200 loss 0.0328 train 1.0000 test 0.4100
epoch 72/200 loss 0.0314 train 1.0000 test 0.4093
epoch 73/200 loss 0.0302 train 0.9997 test 0.4132
epoch 74/200 loss 0.0311 train 1.0000 test 0.4072
epoch 75/200 loss 0.0331 train 0.9994 test 0.4065
epoch 76/200 loss 0.0311 train 1.0000 test 0.4131
epoch 77/200 loss 0.0321 train 0.9988 test 0.4087
epoch 78/200 loss 0.0333 train 1.0000 test 0.4111
epoch 79/200 loss 0.0329 train 0.9997 test 0.4122
epoch 80/200 loss 0.0275 train 1.0000 test 0.4115
epoch 81/200 loss 0.0289 train 0.9997 test 0.4155
epoch 82/200 loss 0.0294 train 1.0000 test 0.4049
epoch 83/200 loss 0.0284 train 1.0000 test 0.4160
epoch 84/200 loss 0.0260 train 1.0000 test 0.4154
epoch 85/200 loss 0.0267 train 1.0000 test 0.4143
epoch 86/200 loss 0.0282 train 1.0000 test 0.4136
epoch 87/200 loss 0.0288 train 1.0000 test 0.4143
epoch 88/200 loss 0.0283 train 0.9997 test 0.4137
epoch 89/200 loss 0.0288 train 0.9997 test 0.4169
epoch 90/200 loss 0.0316 train 0.9994 test 0.4153
epoch 91/200 loss 0.0292 train 0.9994 test 0.4168
epoch 92/200 loss 0.0271 train 1.0000 test 0.4103
epoch 93/200 loss 0.0253 train 1.0000 test 0.4216
epoch 94/200 loss 0.0259 train 0.9997 test 0.4183
epoch 95/200 loss 0.0247 train 1.0000 test 0.4191
epoch 96/200 loss 0.0238 train 1.0000 test 0.4188
epoch 97/200 loss 0.0238 train 1.0000 test 0.4188
epoch 98/200 loss 0.0255 train 1.0000 test 0.4180
epoch 99/200 loss 0.0227 train 1.0000 test 0.4182
epoch 100/200 loss 0.0231 train 1.0000 test 0.4145
epoch 101/200 loss 1.1295 train 0.9988 test 0.3848
epoch 102/200 loss 0.4079 train 0.9945 test 0.3903
epoch 103/200 loss 0.3215 train 0.9962 test 0.3935
epoch 104/200 loss 0.2767 train 0.9959 test 0.3874
epoch 105/200 loss 0.2544 train 0.9954 test 0.3977
epoch 106/200 loss 0.2343 train 0.9968 test 0.4010
epoch 107/200 loss 0.2190 train 0.9974 test 0.4062
epoch 108/200 loss 0.2014 train 0.9980 test 0.4043
epoch 109/200 loss 0.1908 train 0.9983 test 0.4060
epoch 110/200 loss 0.1739 train 0.9991 test 0.4003
epoch 111/200 loss 0.1678 train 1.0000 test 0.4091
epoch 112/200 loss 0.1616 train 0.9986 test 0.4090
epoch 113/200 loss 0.1520 train 1.0000 test 0.4136
epoch 114/200 loss 0.1410 train 1.0000 test 0.4150
epoch 115/200 loss 0.1344 train 0.9997 test 0.4156
epoch 116/200 loss 0.1308 train 1.0000 test 0.4123
epoch 117/200 loss 0.1257 train 1.0000 test 0.4155
epoch 118/200 loss 0.1209 train 1.0000 test 0.4197
epoch 119/200 loss 0.1183 train 0.9997 test 0.4147
epoch 120/200 loss 0.1188 train 0.9997 test 0.4126
epoch 121/200 loss 0.1166 train 0.9997 test 0.4141
epoch 122/200 loss 0.1134 train 1.0000 test 0.4187
epoch 123/200 loss 0.1105 train 0.9997 test 0.4143
epoch 124/200 loss 0.1065 train 1.0000 test 0.4153
epoch 125/200 loss 0.1032 train 1.0000 test 0.4221
epoch 126/200 loss 0.0989 train 1.0000 test 0.4187
epoch 127/200 loss 0.0960 train 1.0000 test 0.4229
epoch 128/200 loss 0.0946 train 1.0000 test 0.4209
epoch 129/200 loss 0.0938 train 1.0000 test 0.4199
epoch 130/200 loss 0.0919 train 1.0000 test 0.4252
epoch 131/200 loss 0.0891 train 1.0000 test 0.4193
epoch 132/200 loss 0.0864 train 1.0000 test 0.4245
epoch 133/200 loss 0.0840 train 1.0000 test 0.4195
epoch 134/200 loss 0.0830 train 1.0000 test 0.4228
epoch 135/200 loss 0.0818 train 1.0000 test 0.4218
epoch 136/200 loss 0.0787 train 1.0000 test 0.4204
epoch 137/200 loss 0.0792 train 0.9991 test 0.4184
epoch 138/200 loss 0.0776 train 1.0000 test 0.4185
epoch 139/200 loss 0.0755 train 0.9997 test 0.4241
epoch 140/200 loss 0.0725 train 1.0000 test 0.4205
epoch 141/200 loss 0.0707 train 1.0000 test 0.4247
epoch 142/200 loss 0.0693 train 1.0000 test 0.4216
epoch 143/200 loss 0.0667 train 1.0000 test 0.4241
epoch 144/200 loss 0.0653 train 1.0000 test 0.4243
epoch 145/200 loss 0.0650 train 1.0000 test 0.4232
epoch 146/200 loss 0.0639 train 1.0000 test 0.4242
epoch 147/200 loss 0.0618 train 1.0000 test 0.4229
epoch 148/200 loss 0.0605 train 1.0000 test 0.4229
epoch 149/200 loss 0.0579 train 1.0000 test 0.4225
epoch 150/200 loss 0.0568 train 1.0000 test 0.4254
epoch 151/200 loss 0.0550 train 1.0000 test 0.4240
epoch 152/200 loss 0.0535 train 1.0000 test 0.4242
epoch 153/200 loss 0.0536 train 1.0000 test 0.4244
epoch 154/200 loss 0.0513 train 0.9997 test 0.4240
epoch 155/200 loss 0.0490 train 1.0000 test 0.4277
epoch 156/200 loss 0.0485 train 1.0000 test 0.4279
epoch 157/200 loss 0.0466 train 1.0000 test 0.4267
epoch 158/200 loss 0.0459 train 1.0000 test 0.4258
epoch 159/200 loss 0.0448 train 1.0000 test 0.4285
epoch 160/200 loss 0.0425 train 1.0000 test 0.4277
epoch 161/200 loss 0.0416 train 1.0000 test 0.4278
epoch 162/200 loss 0.0414 train 0.9997 test 0.4259
epoch 163/200 loss 0.0410 train 1.0000 test 0.4287
epoch 164/200 loss 0.0390 train 1.0000 test 0.4289
epoch 165/200 loss 0.0370 train 1.0000 test 0.4286
epoch 166/200 loss 0.0361 train 1.0000 test 0.4271
epoch 167/200 loss 0.0347 train 1.0000 test 0.4286
epoch 168/200 loss 0.0339 train 1.0000 test 0.4295
epoch 169/200 loss 0.0335 train 1.0000 test 0.4273
epoch 170/200 loss 0.0324 train 1.0000 test 0.4287
epoch 171/200 loss 0.0304 train 1.0000 test 0.4282
epoch 172/200 loss 0.0298 train 1.0000 test 0.4289
epoch 173/200 loss 0.0284 train 1.0000 test 0.4285
epoch 174/200 loss 0.0273 train 1.0000 test 0.4298
epoch 175/200 loss 0.0261 train 1.0000 test 0.4287
epoch 176/200 loss 0.0263 train 1.0000 test 0.4283
epoch 177/200 loss 0.0245 train 1.0000 test 0.4284
epoch 178/200 loss 0.0242 train 1.0000 test 0.4295
epoch 179/200 loss 0.0241 train 1.0000 test 0.4292
epoch 180/200 loss 0.0228 train 1.0000 test 0.4288
epoch 181/200 loss 0.0214 train 1.0000 test 0.4289
epoch 182/200 loss 0.0213 train 1.0000 test 0.4295
epoch 183/200 loss 0.0206 train 1.0000 test 0.4303
epoch 184/200 loss 0.0198 train 1.0000 test 0.4286
epoch 185/200 loss 0.0198 train 1.0000 test 0.4282
epoch 186/200 loss 0.0178 train 1.0000 test 0.4301
epoch 187/200 loss 0.0183 train 1.0000 test 0.4295
epoch 188/200 loss 0.0174 train 1.0000 test 0.4301
epoch 189/200 loss 0.0166 train 1.0000 test 0.4308
epoch 190/200 loss 0.0175 train 1.0000 test 0.4296
epoch 191/200 loss 0.0169 train 1.0000 test 0.4293
epoch 192/200 loss 0.0158 train 1.0000 test 0.4284
epoch 193/200 loss 0.0157 train 1.0000 test 0.4286
epoch 194/200 loss 0.0150 train 1.0000 test 0.4283
epoch 195/200 loss 0.0156 train 1.0000 test 0.4292
epoch 196/200 loss 0.0158 train 1.0000 test 0.4289
epoch 197/200 loss 0.0147 train 1.0000 test 0.4278
epoch 198/200 loss 0.0146 train 1.0000 test 0.4288
epoch 199/200 loss 0.0142 train 1.0000 test 0.4294
epoch 200/200 loss 0.0152 train 1.0000 test 0.4281
done: final 0.4281 best 0.4308 -> ./runs/diagtaxlam_c100_delay_7pct/seed2
--- diagtaxlam_c100_l005_7pct seed0 2026-08-14T16:53:09+02:00
moment-aux target calibrated on 1024 images
[diagtaxlam_c100_l005_7pct seed0] {"params_trainable": 11222188, "params_stem_trainable": 0, "params_stem_fixed_filters": 0, "flops_total": 556705792, "flops_stem": 0, "flops_image_size": 32}
epoch 1/200 loss 4.6983 train 0.0148 test 0.0331
epoch 2/200 loss 4.3331 train 0.0639 test 0.0890
epoch 3/200 loss 3.8158 train 0.1285 test 0.1155
epoch 4/200 loss 3.3467 train 0.2028 test 0.1546
epoch 5/200 loss 2.9803 train 0.2607 test 0.2078
epoch 6/200 loss 2.6145 train 0.3264 test 0.2614
epoch 7/200 loss 2.2500 train 0.4100 test 0.2951
epoch 8/200 loss 1.9502 train 0.4676 test 0.2991
epoch 9/200 loss 1.7167 train 0.5321 test 0.3315
epoch 10/200 loss 1.4530 train 0.5972 test 0.3537
epoch 11/200 loss 1.3183 train 0.6476 test 0.3545
epoch 12/200 loss 1.1215 train 0.6866 test 0.3769
epoch 13/200 loss 0.9965 train 0.7237 test 0.3753
epoch 14/200 loss 0.8466 train 0.7688 test 0.3832
epoch 15/200 loss 0.7604 train 0.7931 test 0.3880
epoch 16/200 loss 0.6386 train 0.8406 test 0.3964
epoch 17/200 loss 0.5552 train 0.8715 test 0.3775
epoch 18/200 loss 0.4931 train 0.8799 test 0.4125
epoch 19/200 loss 0.3956 train 0.9129 test 0.4062
epoch 20/200 loss 0.3451 train 0.9363 test 0.4071
epoch 21/200 loss 0.3240 train 0.9303 test 0.4095
epoch 22/200 loss 0.2713 train 0.9517 test 0.4180
epoch 23/200 loss 0.2445 train 0.9580 test 0.4165
epoch 24/200 loss 0.1978 train 0.9740 test 0.4240
epoch 25/200 loss 0.1828 train 0.9742 test 0.4286
epoch 26/200 loss 0.1710 train 0.9806 test 0.4296
epoch 27/200 loss 0.1676 train 0.9763 test 0.4248
epoch 28/200 loss 0.1455 train 0.9867 test 0.4307
epoch 29/200 loss 0.1402 train 0.9832 test 0.4344
epoch 30/200 loss 0.1217 train 0.9881 test 0.4330
epoch 31/200 loss 0.1199 train 0.9902 test 0.4357
epoch 32/200 loss 0.1110 train 0.9913 test 0.4392
epoch 33/200 loss 0.1044 train 0.9919 test 0.4379
epoch 34/200 loss 0.0972 train 0.9957 test 0.4383
epoch 35/200 loss 0.0900 train 0.9962 test 0.4436
epoch 36/200 loss 0.0888 train 0.9945 test 0.4371
epoch 37/200 loss 0.0899 train 0.9962 test 0.4399
epoch 38/200 loss 0.0825 train 0.9962 test 0.4454
epoch 39/200 loss 0.0824 train 0.9954 test 0.4518
epoch 40/200 loss 0.0726 train 0.9977 test 0.4487
epoch 41/200 loss 0.0688 train 0.9988 test 0.4461
epoch 42/200 loss 0.0658 train 0.9980 test 0.4542
epoch 43/200 loss 0.0639 train 0.9977 test 0.4471
epoch 44/200 loss 0.0699 train 0.9980 test 0.4508
epoch 45/200 loss 0.0674 train 0.9988 test 0.4556
epoch 46/200 loss 0.0632 train 0.9994 test 0.4525
epoch 47/200 loss 0.0633 train 0.9980 test 0.4543
epoch 48/200 loss 0.0586 train 0.9994 test 0.4490
epoch 49/200 loss 0.0550 train 0.9997 test 0.4585
epoch 50/200 loss 0.0598 train 0.9983 test 0.4575
epoch 51/200 loss 0.0605 train 0.9983 test 0.4511
epoch 52/200 loss 0.0549 train 0.9997 test 0.4628
epoch 53/200 loss 0.0542 train 0.9991 test 0.4598
epoch 54/200 loss 0.0518 train 0.9994 test 0.4532
epoch 55/200 loss 0.0501 train 1.0000 test 0.4616
epoch 56/200 loss 0.0498 train 0.9997 test 0.4573
epoch 57/200 loss 0.0474 train 0.9997 test 0.4638
epoch 58/200 loss 0.0494 train 0.9994 test 0.4572
epoch 59/200 loss 0.0465 train 0.9997 test 0.4637
epoch 60/200 loss 0.0451 train 0.9997 test 0.4624
epoch 61/200 loss 0.0473 train 1.0000 test 0.4586
epoch 62/200 loss 0.0461 train 0.9997 test 0.4582
epoch 63/200 loss 0.0484 train 0.9997 test 0.4560
epoch 64/200 loss 0.0458 train 0.9994 test 0.4679
epoch 65/200 loss 0.0489 train 0.9991 test 0.4587
epoch 66/200 loss 0.0476 train 0.9991 test 0.4626
epoch 67/200 loss 0.0473 train 0.9988 test 0.4601
epoch 68/200 loss 0.0507 train 0.9986 test 0.4611
epoch 69/200 loss 0.0559 train 0.9980 test 0.4623
epoch 70/200 loss 0.0489 train 1.0000 test 0.4605
epoch 71/200 loss 0.0475 train 0.9997 test 0.4633
epoch 72/200 loss 0.0439 train 0.9988 test 0.4632
epoch 73/200 loss 0.0439 train 0.9994 test 0.4649
epoch 74/200 loss 0.0426 train 0.9994 test 0.4652
epoch 75/200 loss 0.0428 train 0.9994 test 0.4652
epoch 76/200 loss 0.0413 train 0.9997 test 0.4688
epoch 77/200 loss 0.0396 train 1.0000 test 0.4645
epoch 78/200 loss 0.0389 train 1.0000 test 0.4678
epoch 79/200 loss 0.0364 train 0.9997 test 0.4648
epoch 80/200 loss 0.0363 train 1.0000 test 0.4689
epoch 81/200 loss 0.0368 train 1.0000 test 0.4721
epoch 82/200 loss 0.0360 train 1.0000 test 0.4693
epoch 83/200 loss 0.0346 train 0.9997 test 0.4660
epoch 84/200 loss 0.0378 train 0.9994 test 0.4685
epoch 85/200 loss 0.0383 train 0.9991 test 0.4694
epoch 86/200 loss 0.0394 train 0.9994 test 0.4723
epoch 87/200 loss 0.0349 train 1.0000 test 0.4656
epoch 88/200 loss 0.0332 train 1.0000 test 0.4743
epoch 89/200 loss 0.0354 train 0.9997 test 0.4730
epoch 90/200 loss 0.0346 train 0.9994 test 0.4707
epoch 91/200 loss 0.0323 train 1.0000 test 0.4778
epoch 92/200 loss 0.0306 train 1.0000 test 0.4692
epoch 93/200 loss 0.0302 train 1.0000 test 0.4774
epoch 94/200 loss 0.0304 train 1.0000 test 0.4718
epoch 95/200 loss 0.0302 train 1.0000 test 0.4782
epoch 96/200 loss 0.0301 train 1.0000 test 0.4758
epoch 97/200 loss 0.0298 train 1.0000 test 0.4754
epoch 98/200 loss 0.0276 train 1.0000 test 0.4804
epoch 99/200 loss 0.0292 train 1.0000 test 0.4755
epoch 100/200 loss 0.0292 train 1.0000 test 0.4773
epoch 101/200 loss 0.0271 train 1.0000 test 0.4778
epoch 102/200 loss 0.0290 train 1.0000 test 0.4782
epoch 103/200 loss 0.0289 train 1.0000 test 0.4749
epoch 104/200 loss 0.0279 train 0.9997 test 0.4819
epoch 105/200 loss 0.0283 train 0.9997 test 0.4775
epoch 106/200 loss 0.0289 train 1.0000 test 0.4772
epoch 107/200 loss 0.0278 train 1.0000 test 0.4771
epoch 108/200 loss 0.0261 train 1.0000 test 0.4805
epoch 109/200 loss 0.0271 train 1.0000 test 0.4764
epoch 110/200 loss 0.0263 train 1.0000 test 0.4779
epoch 111/200 loss 0.0275 train 1.0000 test 0.4792
epoch 112/200 loss 0.0273 train 1.0000 test 0.4788
epoch 113/200 loss 0.0261 train 1.0000 test 0.4802
epoch 114/200 loss 0.0253 train 1.0000 test 0.4777
epoch 115/200 loss 0.0250 train 1.0000 test 0.4804
epoch 116/200 loss 0.0251 train 1.0000 test 0.4797
epoch 117/200 loss 0.0253 train 1.0000 test 0.4825
epoch 118/200 loss 0.0245 train 1.0000 test 0.4806
epoch 119/200 loss 0.0246 train 1.0000 test 0.4756
epoch 120/200 loss 0.0229 train 1.0000 test 0.4823
epoch 121/200 loss 0.0221 train 1.0000 test 0.4797
epoch 122/200 loss 0.0218 train 1.0000 test 0.4825
epoch 123/200 loss 0.0229 train 1.0000 test 0.4847
epoch 124/200 loss 0.0233 train 1.0000 test 0.4809
epoch 125/200 loss 0.0222 train 1.0000 test 0.4821
epoch 126/200 loss 0.0213 train 1.0000 test 0.4806
epoch 127/200 loss 0.0221 train 1.0000 test 0.4860
epoch 128/200 loss 0.0216 train 1.0000 test 0.4837
epoch 129/200 loss 0.0214 train 1.0000 test 0.4855
epoch 130/200 loss 0.0213 train 1.0000 test 0.4860
epoch 131/200 loss 0.0216 train 1.0000 test 0.4857
epoch 132/200 loss 0.0217 train 1.0000 test 0.4829
epoch 133/200 loss 0.0212 train 1.0000 test 0.4864
epoch 134/200 loss 0.0206 train 1.0000 test 0.4858
epoch 135/200 loss 0.0211 train 0.9997 test 0.4813
epoch 136/200 loss 0.0202 train 1.0000 test 0.4863
epoch 137/200 loss 0.0196 train 1.0000 test 0.4855
epoch 138/200 loss 0.0204 train 1.0000 test 0.4882
epoch 139/200 loss 0.0199 train 1.0000 test 0.4840
epoch 140/200 loss 0.0199 train 1.0000 test 0.4823
epoch 141/200 loss 0.0191 train 1.0000 test 0.4853
epoch 142/200 loss 0.0186 train 1.0000 test 0.4857
epoch 143/200 loss 0.0191 train 1.0000 test 0.4865
epoch 144/200 loss 0.0179 train 1.0000 test 0.4864
epoch 145/200 loss 0.0191 train 1.0000 test 0.4845
epoch 146/200 loss 0.0178 train 1.0000 test 0.4878
epoch 147/200 loss 0.0181 train 1.0000 test 0.4859
epoch 148/200 loss 0.0185 train 1.0000 test 0.4855
epoch 149/200 loss 0.0179 train 1.0000 test 0.4875
epoch 150/200 loss 0.0176 train 1.0000 test 0.4859
epoch 151/200 loss 0.0174 train 1.0000 test 0.4876
epoch 152/200 loss 0.0170 train 1.0000 test 0.4867
epoch 153/200 loss 0.0169 train 1.0000 test 0.4869
epoch 154/200 loss 0.0172 train 1.0000 test 0.4886
epoch 155/200 loss 0.0164 train 1.0000 test 0.4879
epoch 156/200 loss 0.0170 train 1.0000 test 0.4872
epoch 157/200 loss 0.0182 train 1.0000 test 0.4869
epoch 158/200 loss 0.0178 train 1.0000 test 0.4864
epoch 159/200 loss 0.0165 train 1.0000 test 0.4873
epoch 160/200 loss 0.0158 train 1.0000 test 0.4879
epoch 161/200 loss 0.0164 train 1.0000 test 0.4871
epoch 162/200 loss 0.0161 train 1.0000 test 0.4867
epoch 163/200 loss 0.0158 train 1.0000 test 0.4857
epoch 164/200 loss 0.0161 train 1.0000 test 0.4871
epoch 165/200 loss 0.0157 train 1.0000 test 0.4866
epoch 166/200 loss 0.0159 train 1.0000 test 0.4848
epoch 167/200 loss 0.0154 train 1.0000 test 0.4884
epoch 168/200 loss 0.0162 train 1.0000 test 0.4867
epoch 169/200 loss 0.0152 train 1.0000 test 0.4881
epoch 170/200 loss 0.0155 train 1.0000 test 0.4885
epoch 171/200 loss 0.0154 train 1.0000 test 0.4870
epoch 172/200 loss 0.0159 train 1.0000 test 0.4867
epoch 173/200 loss 0.0149 train 1.0000 test 0.4873
epoch 174/200 loss 0.0150 train 1.0000 test 0.4877
epoch 175/200 loss 0.0153 train 1.0000 test 0.4865
epoch 176/200 loss 0.0155 train 1.0000 test 0.4876
epoch 177/200 loss 0.0156 train 1.0000 test 0.4891
epoch 178/200 loss 0.0148 train 1.0000 test 0.4870
epoch 179/200 loss 0.0152 train 1.0000 test 0.4867
epoch 180/200 loss 0.0146 train 1.0000 test 0.4882
epoch 181/200 loss 0.0146 train 1.0000 test 0.4874
epoch 182/200 loss 0.0154 train 1.0000 test 0.4868
epoch 183/200 loss 0.0144 train 1.0000 test 0.4873
epoch 184/200 loss 0.0144 train 1.0000 test 0.4885
epoch 185/200 loss 0.0147 train 1.0000 test 0.4886
epoch 186/200 loss 0.0145 train 1.0000 test 0.4865
epoch 187/200 loss 0.0152 train 1.0000 test 0.4860
epoch 188/200 loss 0.0146 train 1.0000 test 0.4875
epoch 189/200 loss 0.0146 train 1.0000 test 0.4881
epoch 190/200 loss 0.0147 train 1.0000 test 0.4871
epoch 191/200 loss 0.0149 train 1.0000 test 0.4874
epoch 192/200 loss 0.0142 train 1.0000 test 0.4867
epoch 193/200 loss 0.0140 train 1.0000 test 0.4890
epoch 194/200 loss 0.0144 train 1.0000 test 0.4882
epoch 195/200 loss 0.0145 train 1.0000 test 0.4890
epoch 196/200 loss 0.0143 train 1.0000 test 0.4864
epoch 197/200 loss 0.0144 train 1.0000 test 0.4882
epoch 198/200 loss 0.0147 train 1.0000 test 0.4870
epoch 199/200 loss 0.0134 train 1.0000 test 0.4878
epoch 200/200 loss 0.0141 train 1.0000 test 0.4868
done: final 0.4868 best 0.4891 -> ./runs/diagtaxlam_c100_l005_7pct/seed0
--- diagtaxlam_c100_l005_7pct seed1 2026-08-14T16:57:35+02:00
moment-aux target calibrated on 1024 images
[diagtaxlam_c100_l005_7pct seed1] {"params_trainable": 11222188, "params_stem_trainable": 0, "params_stem_fixed_filters": 0, "flops_total": 556705792, "flops_stem": 0, "flops_image_size": 32}
epoch 1/200 loss 4.7038 train 0.0194 test 0.0397
epoch 2/200 loss 4.2989 train 0.0677 test 0.0841
epoch 3/200 loss 3.8619 train 0.1128 test 0.1159
epoch 4/200 loss 3.4862 train 0.1814 test 0.1404
epoch 5/200 loss 3.0879 train 0.2532 test 0.1965
epoch 6/200 loss 2.7558 train 0.3111 test 0.2309
epoch 7/200 loss 2.4376 train 0.3698 test 0.2667
epoch 8/200 loss 2.1694 train 0.4236 test 0.2810
epoch 9/200 loss 1.9138 train 0.4777 test 0.3093
epoch 10/200 loss 1.6774 train 0.5420 test 0.3177
epoch 11/200 loss 1.4450 train 0.6053 test 0.3236
epoch 12/200 loss 1.2826 train 0.6383 test 0.3529
epoch 13/200 loss 1.1128 train 0.6878 test 0.3539
epoch 14/200 loss 0.9559 train 0.7431 test 0.3714
epoch 15/200 loss 0.8498 train 0.7723 test 0.3779
epoch 16/200 loss 0.7039 train 0.8171 test 0.3809
epoch 17/200 loss 0.6332 train 0.8426 test 0.3751
epoch 18/200 loss 0.5703 train 0.8562 test 0.3752
epoch 19/200 loss 0.4856 train 0.8834 test 0.3993
epoch 20/200 loss 0.3995 train 0.9115 test 0.4020
epoch 21/200 loss 0.3524 train 0.9256 test 0.3902
epoch 22/200 loss 0.3172 train 0.9326 test 0.3947
epoch 23/200 loss 0.2640 train 0.9520 test 0.4004
epoch 24/200 loss 0.2340 train 0.9575 test 0.3978
epoch 25/200 loss 0.2190 train 0.9653 test 0.4037
epoch 26/200 loss 0.1861 train 0.9754 test 0.4135
epoch 27/200 loss 0.1795 train 0.9769 test 0.4032
epoch 28/200 loss 0.1574 train 0.9823 test 0.4185
epoch 29/200 loss 0.1522 train 0.9800 test 0.4172
epoch 30/200 loss 0.1389 train 0.9870 test 0.4146
epoch 31/200 loss 0.1223 train 0.9878 test 0.4146
epoch 32/200 loss 0.1224 train 0.9890 test 0.4174
epoch 33/200 loss 0.1132 train 0.9919 test 0.4172
epoch 34/200 loss 0.1069 train 0.9922 test 0.4260
epoch 35/200 loss 0.0973 train 0.9933 test 0.4246
epoch 36/200 loss 0.0912 train 0.9942 test 0.4196
epoch 37/200 loss 0.0831 train 0.9962 test 0.4324
epoch 38/200 loss 0.0783 train 0.9974 test 0.4326
epoch 39/200 loss 0.0759 train 0.9962 test 0.4345
epoch 40/200 loss 0.0720 train 0.9977 test 0.4334
epoch 41/200 loss 0.0751 train 0.9968 test 0.4304
epoch 42/200 loss 0.0767 train 0.9959 test 0.4272
epoch 43/200 loss 0.0701 train 0.9968 test 0.4352
epoch 44/200 loss 0.0690 train 0.9977 test 0.4335
epoch 45/200 loss 0.0679 train 0.9977 test 0.4339
epoch 46/200 loss 0.0672 train 0.9994 test 0.4348
epoch 47/200 loss 0.0617 train 0.9980 test 0.4372
epoch 48/200 loss 0.0601 train 0.9988 test 0.4380
epoch 49/200 loss 0.0592 train 0.9983 test 0.4441
epoch 50/200 loss 0.0589 train 0.9991 test 0.4379
epoch 51/200 loss 0.0536 train 0.9994 test 0.4413
epoch 52/200 loss 0.0495 train 0.9997 test 0.4417
epoch 53/200 loss 0.0509 train 0.9997 test 0.4422
epoch 54/200 loss 0.0482 train 0.9997 test 0.4478
epoch 55/200 loss 0.0489 train 0.9994 test 0.4446
epoch 56/200 loss 0.0513 train 1.0000 test 0.4422
epoch 57/200 loss 0.0522 train 0.9988 test 0.4466
epoch 58/200 loss 0.0521 train 0.9988 test 0.4414
epoch 59/200 loss 0.0567 train 0.9994 test 0.4461
epoch 60/200 loss 0.0501 train 1.0000 test 0.4475
epoch 61/200 loss 0.0493 train 0.9991 test 0.4458
epoch 62/200 loss 0.0487 train 0.9994 test 0.4490
epoch 63/200 loss 0.0479 train 0.9994 test 0.4461
epoch 64/200 loss 0.0475 train 0.9991 test 0.4509
epoch 65/200 loss 0.0486 train 0.9986 test 0.4432
epoch 66/200 loss 0.0549 train 0.9977 test 0.4404
epoch 67/200 loss 0.0561 train 0.9974 test 0.4441
epoch 68/200 loss 0.0541 train 0.9988 test 0.4430
epoch 69/200 loss 0.0447 train 0.9997 test 0.4494
epoch 70/200 loss 0.0428 train 0.9994 test 0.4523
epoch 71/200 loss 0.0446 train 0.9991 test 0.4436
epoch 72/200 loss 0.0446 train 0.9997 test 0.4483
epoch 73/200 loss 0.0398 train 1.0000 test 0.4492
epoch 74/200 loss 0.0398 train 0.9997 test 0.4525
epoch 75/200 loss 0.0405 train 1.0000 test 0.4509
epoch 76/200 loss 0.0380 train 0.9997 test 0.4548
epoch 77/200 loss 0.0386 train 1.0000 test 0.4539
epoch 78/200 loss 0.0382 train 1.0000 test 0.4551
epoch 79/200 loss 0.0385 train 0.9997 test 0.4469
epoch 80/200 loss 0.0369 train 0.9997 test 0.4519
epoch 81/200 loss 0.0386 train 0.9997 test 0.4481
epoch 82/200 loss 0.0368 train 1.0000 test 0.4507
epoch 83/200 loss 0.0351 train 1.0000 test 0.4549
epoch 84/200 loss 0.0346 train 1.0000 test 0.4565
epoch 85/200 loss 0.0333 train 1.0000 test 0.4581
epoch 86/200 loss 0.0329 train 1.0000 test 0.4600
epoch 87/200 loss 0.0318 train 1.0000 test 0.4542
epoch 88/200 loss 0.0339 train 0.9997 test 0.4575
epoch 89/200 loss 0.0339 train 0.9994 test 0.4506
epoch 90/200 loss 0.0326 train 1.0000 test 0.4585
epoch 91/200 loss 0.0309 train 1.0000 test 0.4580
epoch 92/200 loss 0.0329 train 1.0000 test 0.4560
epoch 93/200 loss 0.0307 train 1.0000 test 0.4627
epoch 94/200 loss 0.0305 train 1.0000 test 0.4561
epoch 95/200 loss 0.0301 train 1.0000 test 0.4616
epoch 96/200 loss 0.0298 train 1.0000 test 0.4576
epoch 97/200 loss 0.0284 train 1.0000 test 0.4628
epoch 98/200 loss 0.0295 train 1.0000 test 0.4581
epoch 99/200 loss 0.0305 train 0.9997 test 0.4582
epoch 100/200 loss 0.0301 train 1.0000 test 0.4582
epoch 101/200 loss 0.0282 train 1.0000 test 0.4617
epoch 102/200 loss 0.0281 train 1.0000 test 0.4604
epoch 103/200 loss 0.0284 train 0.9997 test 0.4556
epoch 104/200 loss 0.0378 train 0.9986 test 0.4503
epoch 105/200 loss 0.0367 train 0.9988 test 0.4498
epoch 106/200 loss 0.0348 train 0.9991 test 0.4556
epoch 107/200 loss 0.0301 train 0.9997 test 0.4561
epoch 108/200 loss 0.0283 train 1.0000 test 0.4579
epoch 109/200 loss 0.0256 train 1.0000 test 0.4629
epoch 110/200 loss 0.0259 train 1.0000 test 0.4596
epoch 111/200 loss 0.0252 train 1.0000 test 0.4645
epoch 112/200 loss 0.0268 train 1.0000 test 0.4592
epoch 113/200 loss 0.0278 train 0.9997 test 0.4588
epoch 114/200 loss 0.0273 train 1.0000 test 0.4563
epoch 115/200 loss 0.0271 train 0.9997 test 0.4599
epoch 116/200 loss 0.0246 train 1.0000 test 0.4608
epoch 117/200 loss 0.0247 train 1.0000 test 0.4655
epoch 118/200 loss 0.0242 train 1.0000 test 0.4655
epoch 119/200 loss 0.0232 train 1.0000 test 0.4629
epoch 120/200 loss 0.0239 train 1.0000 test 0.4651
epoch 121/200 loss 0.0234 train 1.0000 test 0.4602
epoch 122/200 loss 0.0225 train 1.0000 test 0.4626
epoch 123/200 loss 0.0233 train 0.9997 test 0.4623
epoch 124/200 loss 0.0220 train 1.0000 test 0.4601
epoch 125/200 loss 0.0226 train 1.0000 test 0.4604
epoch 126/200 loss 0.0208 train 1.0000 test 0.4621
epoch 127/200 loss 0.0219 train 1.0000 test 0.4640
epoch 128/200 loss 0.0210 train 1.0000 test 0.4650
epoch 129/200 loss 0.0219 train 1.0000 test 0.4635
epoch 130/200 loss 0.0210 train 1.0000 test 0.4617
epoch 131/200 loss 0.0213 train 1.0000 test 0.4678
epoch 132/200 loss 0.0212 train 1.0000 test 0.4617
epoch 133/200 loss 0.0213 train 1.0000 test 0.4660
epoch 134/200 loss 0.0206 train 1.0000 test 0.4624
epoch 135/200 loss 0.0191 train 1.0000 test 0.4636
epoch 136/200 loss 0.0187 train 1.0000 test 0.4663
epoch 137/200 loss 0.0202 train 1.0000 test 0.4634
epoch 138/200 loss 0.0197 train 1.0000 test 0.4632
epoch 139/200 loss 0.0186 train 1.0000 test 0.4667
epoch 140/200 loss 0.0192 train 1.0000 test 0.4641
epoch 141/200 loss 0.0192 train 1.0000 test 0.4659
epoch 142/200 loss 0.0190 train 1.0000 test 0.4645
epoch 143/200 loss 0.0190 train 1.0000 test 0.4656
epoch 144/200 loss 0.0185 train 1.0000 test 0.4678
epoch 145/200 loss 0.0183 train 1.0000 test 0.4668
epoch 146/200 loss 0.0182 train 1.0000 test 0.4649
epoch 147/200 loss 0.0182 train 1.0000 test 0.4661
epoch 148/200 loss 0.0181 train 1.0000 test 0.4619
epoch 149/200 loss 0.0189 train 1.0000 test 0.4641
epoch 150/200 loss 0.0178 train 1.0000 test 0.4638
epoch 151/200 loss 0.0181 train 1.0000 test 0.4636
epoch 152/200 loss 0.0178 train 1.0000 test 0.4672
epoch 153/200 loss 0.0181 train 1.0000 test 0.4668
epoch 154/200 loss 0.0174 train 1.0000 test 0.4665
epoch 155/200 loss 0.0176 train 1.0000 test 0.4665
epoch 156/200 loss 0.0162 train 1.0000 test 0.4653
epoch 157/200 loss 0.0167 train 1.0000 test 0.4643
epoch 158/200 loss 0.0173 train 1.0000 test 0.4663
epoch 159/200 loss 0.0166 train 1.0000 test 0.4657
epoch 160/200 loss 0.0161 train 1.0000 test 0.4667
epoch 161/200 loss 0.0165 train 1.0000 test 0.4661
epoch 162/200 loss 0.0171 train 1.0000 test 0.4657
epoch 163/200 loss 0.0166 train 1.0000 test 0.4664
epoch 164/200 loss 0.0156 train 1.0000 test 0.4661
epoch 165/200 loss 0.0162 train 1.0000 test 0.4679
epoch 166/200 loss 0.0157 train 1.0000 test 0.4644
epoch 167/200 loss 0.0159 train 1.0000 test 0.4674
epoch 168/200 loss 0.0162 train 1.0000 test 0.4654
epoch 169/200 loss 0.0160 train 1.0000 test 0.4656
epoch 170/200 loss 0.0159 train 1.0000 test 0.4676
epoch 171/200 loss 0.0153 train 1.0000 test 0.4677
epoch 172/200 loss 0.0153 train 1.0000 test 0.4672
epoch 173/200 loss 0.0148 train 1.0000 test 0.4661
epoch 174/200 loss 0.0151 train 1.0000 test 0.4669
epoch 175/200 loss 0.0157 train 1.0000 test 0.4669
epoch 176/200 loss 0.0152 train 1.0000 test 0.4678
epoch 177/200 loss 0.0154 train 1.0000 test 0.4683
epoch 178/200 loss 0.0151 train 1.0000 test 0.4669
epoch 179/200 loss 0.0146 train 1.0000 test 0.4684
epoch 180/200 loss 0.0157 train 1.0000 test 0.4691
epoch 181/200 loss 0.0145 train 1.0000 test 0.4681
epoch 182/200 loss 0.0153 train 1.0000 test 0.4675
epoch 183/200 loss 0.0154 train 1.0000 test 0.4677
epoch 184/200 loss 0.0142 train 1.0000 test 0.4668
epoch 185/200 loss 0.0149 train 1.0000 test 0.4678
epoch 186/200 loss 0.0150 train 1.0000 test 0.4666
epoch 187/200 loss 0.0151 train 1.0000 test 0.4677
epoch 188/200 loss 0.0147 train 1.0000 test 0.4669
epoch 189/200 loss 0.0140 train 1.0000 test 0.4676
epoch 190/200 loss 0.0149 train 1.0000 test 0.4684
epoch 191/200 loss 0.0144 train 1.0000 test 0.4676
epoch 192/200 loss 0.0149 train 1.0000 test 0.4684
epoch 193/200 loss 0.0146 train 1.0000 test 0.4673
epoch 194/200 loss 0.0142 train 1.0000 test 0.4678
epoch 195/200 loss 0.0148 train 1.0000 test 0.4675
epoch 196/200 loss 0.0140 train 1.0000 test 0.4677
epoch 197/200 loss 0.0138 train 1.0000 test 0.4677
epoch 198/200 loss 0.0142 train 1.0000 test 0.4672
epoch 199/200 loss 0.0143 train 1.0000 test 0.4671
epoch 200/200 loss 0.0146 train 1.0000 test 0.4675
done: final 0.4675 best 0.4691 -> ./runs/diagtaxlam_c100_l005_7pct/seed1
--- diagtaxlam_c100_l005_7pct seed2 2026-08-14T17:02:01+02:00
Warning: You are sending unauthenticated requests to the HF Hub. Please set a HF_TOKEN to enable higher rate limits and faster downloads.
moment-aux target calibrated on 1024 images
[diagtaxlam_c100_l005_7pct seed2] {"params_trainable": 11222188, "params_stem_trainable": 0, "params_stem_fixed_filters": 0, "flops_total": 556705792, "flops_stem": 0, "flops_image_size": 32}
epoch 1/200 loss 4.6870 train 0.0188 test 0.0335
epoch 2/200 loss 4.3040 train 0.0706 test 0.0716
epoch 3/200 loss 3.7816 train 0.1455 test 0.1077
epoch 4/200 loss 3.3507 train 0.2011 test 0.1693
epoch 5/200 loss 2.9911 train 0.2668 test 0.2042
epoch 6/200 loss 2.6180 train 0.3438 test 0.2299
epoch 7/200 loss 2.3202 train 0.4025 test 0.2685
epoch 8/200 loss 2.0158 train 0.4716 test 0.2701
epoch 9/200 loss 1.7984 train 0.5142 test 0.3120
epoch 10/200 loss 1.5550 train 0.5793 test 0.3203
epoch 11/200 loss 1.3587 train 0.6343 test 0.3457
epoch 12/200 loss 1.1590 train 0.6849 test 0.3395
epoch 13/200 loss 1.0004 train 0.7289 test 0.3632
epoch 14/200 loss 0.8885 train 0.7598 test 0.3673
epoch 15/200 loss 0.7605 train 0.7998 test 0.3652
epoch 16/200 loss 0.6452 train 0.8383 test 0.3783
epoch 17/200 loss 0.5711 train 0.8620 test 0.3785
epoch 18/200 loss 0.4853 train 0.8903 test 0.3790
epoch 19/200 loss 0.4154 train 0.9126 test 0.3843
epoch 20/200 loss 0.3543 train 0.9259 test 0.3969
epoch 21/200 loss 0.3008 train 0.9416 test 0.4061
epoch 22/200 loss 0.2559 train 0.9592 test 0.3938
epoch 23/200 loss 0.2321 train 0.9641 test 0.3964
epoch 24/200 loss 0.2217 train 0.9676 test 0.4064
epoch 25/200 loss 0.1977 train 0.9740 test 0.4136
epoch 26/200 loss 0.1710 train 0.9783 test 0.4157
epoch 27/200 loss 0.1592 train 0.9795 test 0.4196
epoch 28/200 loss 0.1455 train 0.9815 test 0.4107
epoch 29/200 loss 0.1373 train 0.9864 test 0.4227
epoch 30/200 loss 0.1330 train 0.9852 test 0.4208
epoch 31/200 loss 0.1166 train 0.9899 test 0.4177
epoch 32/200 loss 0.1068 train 0.9916 test 0.4229
epoch 33/200 loss 0.1015 train 0.9939 test 0.4180
epoch 34/200 loss 0.1039 train 0.9919 test 0.4200
epoch 35/200 loss 0.0994 train 0.9945 test 0.4208
epoch 36/200 loss 0.0903 train 0.9939 test 0.4300
epoch 37/200 loss 0.0866 train 0.9965 test 0.4317
epoch 38/200 loss 0.0813 train 0.9971 test 0.4338
epoch 39/200 loss 0.0776 train 0.9968 test 0.4318
epoch 40/200 loss 0.0728 train 0.9974 test 0.4299
epoch 41/200 loss 0.0747 train 0.9962 test 0.4295
epoch 42/200 loss 0.0704 train 0.9974 test 0.4356
epoch 43/200 loss 0.0660 train 0.9986 test 0.4355
epoch 44/200 loss 0.0655 train 0.9988 test 0.4319
epoch 45/200 loss 0.0646 train 0.9994 test 0.4331
epoch 46/200 loss 0.0588 train 0.9994 test 0.4365
epoch 47/200 loss 0.0609 train 0.9988 test 0.4392
epoch 48/200 loss 0.0624 train 0.9986 test 0.4387
epoch 49/200 loss 0.0629 train 0.9986 test 0.4354
epoch 50/200 loss 0.0618 train 0.9986 test 0.4363
epoch 51/200 loss 0.0562 train 0.9994 test 0.4433
epoch 52/200 loss 0.0568 train 0.9988 test 0.4375
epoch 53/200 loss 0.0585 train 0.9994 test 0.4422
epoch 54/200 loss 0.0571 train 0.9986 test 0.4385
epoch 55/200 loss 0.0622 train 0.9986 test 0.4399
epoch 56/200 loss 0.0561 train 0.9988 test 0.4400
epoch 57/200 loss 0.0537 train 0.9994 test 0.4472
epoch 58/200 loss 0.0536 train 0.9997 test 0.4418
epoch 59/200 loss 0.0502 train 0.9997 test 0.4472
epoch 60/200 loss 0.0500 train 0.9994 test 0.4457
epoch 61/200 loss 0.0525 train 0.9988 test 0.4385
epoch 62/200 loss 0.0527 train 0.9986 test 0.4462
epoch 63/200 loss 0.0483 train 0.9997 test 0.4443
epoch 64/200 loss 0.0467 train 0.9994 test 0.4494
epoch 65/200 loss 0.0559 train 0.9983 test 0.4433
epoch 66/200 loss 0.0491 train 0.9997 test 0.4431
epoch 67/200 loss 0.0469 train 1.0000 test 0.4506
epoch 68/200 loss 0.0447 train 0.9994 test 0.4474
epoch 69/200 loss 0.0450 train 0.9994 test 0.4534
epoch 70/200 loss 0.0430 train 0.9997 test 0.4449
epoch 71/200 loss 0.0486 train 0.9988 test 0.4368
epoch 72/200 loss 0.0509 train 0.9986 test 0.4464
epoch 73/200 loss 0.0431 train 0.9997 test 0.4527
epoch 74/200 loss 0.0397 train 0.9994 test 0.4557
epoch 75/200 loss 0.0382 train 1.0000 test 0.4495
epoch 76/200 loss 0.0388 train 0.9994 test 0.4560
epoch 77/200 loss 0.0368 train 1.0000 test 0.4567
epoch 78/200 loss 0.0362 train 1.0000 test 0.4563
epoch 79/200 loss 0.0377 train 0.9997 test 0.4601
epoch 80/200 loss 0.0353 train 0.9997 test 0.4584
epoch 81/200 loss 0.0364 train 1.0000 test 0.4537
epoch 82/200 loss 0.0355 train 0.9997 test 0.4603
epoch 83/200 loss 0.0367 train 0.9997 test 0.4576
epoch 84/200 loss 0.0355 train 1.0000 test 0.4596
epoch 85/200 loss 0.0344 train 1.0000 test 0.4609
epoch 86/200 loss 0.0341 train 1.0000 test 0.4596
epoch 87/200 loss 0.0358 train 1.0000 test 0.4594
epoch 88/200 loss 0.0363 train 0.9997 test 0.4559
epoch 89/200 loss 0.0332 train 1.0000 test 0.4644
epoch 90/200 loss 0.0340 train 0.9997 test 0.4584
epoch 91/200 loss 0.0337 train 1.0000 test 0.4559
epoch 92/200 loss 0.0323 train 1.0000 test 0.4627
epoch 93/200 loss 0.0405 train 0.9980 test 0.4526
epoch 94/200 loss 0.0486 train 0.9971 test 0.4521
epoch 95/200 loss 0.0403 train 0.9988 test 0.4535
epoch 96/200 loss 0.0356 train 1.0000 test 0.4618
epoch 97/200 loss 0.0379 train 0.9983 test 0.4528
epoch 98/200 loss 0.0550 train 0.9957 test 0.4587
epoch 99/200 loss 0.0431 train 0.9983 test 0.4578
epoch 100/200 loss 0.0411 train 0.9977 test 0.4572
epoch 101/200 loss 0.0344 train 1.0000 test 0.4621
epoch 102/200 loss 0.0302 train 1.0000 test 0.4620
epoch 103/200 loss 0.0286 train 1.0000 test 0.4645
epoch 104/200 loss 0.0275 train 1.0000 test 0.4646
epoch 105/200 loss 0.0277 train 1.0000 test 0.4665
epoch 106/200 loss 0.0276 train 1.0000 test 0.4636
epoch 107/200 loss 0.0268 train 1.0000 test 0.4672
epoch 108/200 loss 0.0259 train 1.0000 test 0.4650
epoch 109/200 loss 0.0263 train 1.0000 test 0.4656
epoch 110/200 loss 0.0245 train 1.0000 test 0.4644
epoch 111/200 loss 0.0265 train 1.0000 test 0.4629
epoch 112/200 loss 0.0260 train 1.0000 test 0.4688
epoch 113/200 loss 0.0247 train 1.0000 test 0.4697
epoch 114/200 loss 0.0233 train 1.0000 test 0.4731
epoch 115/200 loss 0.0236 train 1.0000 test 0.4686
epoch 116/200 loss 0.0238 train 1.0000 test 0.4715
epoch 117/200 loss 0.0235 train 1.0000 test 0.4724
epoch 118/200 loss 0.0231 train 1.0000 test 0.4677
epoch 119/200 loss 0.0236 train 1.0000 test 0.4689
epoch 120/200 loss 0.0231 train 1.0000 test 0.4691
epoch 121/200 loss 0.0227 train 1.0000 test 0.4703
epoch 122/200 loss 0.0225 train 1.0000 test 0.4724
epoch 123/200 loss 0.0224 train 0.9997 test 0.4719
epoch 124/200 loss 0.0229 train 1.0000 test 0.4745
epoch 125/200 loss 0.0209 train 1.0000 test 0.4754
epoch 126/200 loss 0.0206 train 1.0000 test 0.4748
epoch 127/200 loss 0.0209 train 1.0000 test 0.4732
epoch 128/200 loss 0.0207 train 1.0000 test 0.4742
epoch 129/200 loss 0.0210 train 1.0000 test 0.4738
epoch 130/200 loss 0.0207 train 1.0000 test 0.4747
epoch 131/200 loss 0.0204 train 1.0000 test 0.4741
epoch 132/200 loss 0.0209 train 1.0000 test 0.4735
epoch 133/200 loss 0.0200 train 1.0000 test 0.4736
epoch 134/200 loss 0.0195 train 1.0000 test 0.4731
epoch 135/200 loss 0.0199 train 1.0000 test 0.4776
epoch 136/200 loss 0.0201 train 1.0000 test 0.4744
epoch 137/200 loss 0.0202 train 1.0000 test 0.4748
epoch 138/200 loss 0.0198 train 1.0000 test 0.4723
epoch 139/200 loss 0.0196 train 1.0000 test 0.4738
epoch 140/200 loss 0.0190 train 1.0000 test 0.4741
epoch 141/200 loss 0.0194 train 1.0000 test 0.4741
epoch 142/200 loss 0.0194 train 1.0000 test 0.4755
epoch 143/200 loss 0.0181 train 1.0000 test 0.4763
epoch 144/200 loss 0.0184 train 1.0000 test 0.4752
epoch 145/200 loss 0.0191 train 1.0000 test 0.4752
epoch 146/200 loss 0.0192 train 1.0000 test 0.4739
epoch 147/200 loss 0.0183 train 1.0000 test 0.4749
epoch 148/200 loss 0.0186 train 1.0000 test 0.4753
epoch 149/200 loss 0.0178 train 1.0000 test 0.4754
epoch 150/200 loss 0.0181 train 1.0000 test 0.4770
epoch 151/200 loss 0.0174 train 1.0000 test 0.4757
epoch 152/200 loss 0.0171 train 1.0000 test 0.4769
epoch 153/200 loss 0.0177 train 1.0000 test 0.4755
epoch 154/200 loss 0.0182 train 1.0000 test 0.4741
epoch 155/200 loss 0.0170 train 1.0000 test 0.4746
epoch 156/200 loss 0.0169 train 1.0000 test 0.4750
epoch 157/200 loss 0.0166 train 1.0000 test 0.4761
epoch 158/200 loss 0.0169 train 1.0000 test 0.4772
epoch 159/200 loss 0.0171 train 1.0000 test 0.4748
epoch 160/200 loss 0.0161 train 1.0000 test 0.4732
epoch 161/200 loss 0.0172 train 1.0000 test 0.4747
epoch 162/200 loss 0.0170 train 1.0000 test 0.4744
epoch 163/200 loss 0.0168 train 1.0000 test 0.4751
epoch 164/200 loss 0.0164 train 1.0000 test 0.4742
epoch 165/200 loss 0.0164 train 1.0000 test 0.4760
epoch 166/200 loss 0.0157 train 1.0000 test 0.4747
epoch 167/200 loss 0.0157 train 1.0000 test 0.4761
epoch 168/200 loss 0.0159 train 1.0000 test 0.4747
epoch 169/200 loss 0.0165 train 1.0000 test 0.4765
epoch 170/200 loss 0.0165 train 1.0000 test 0.4753
epoch 171/200 loss 0.0158 train 1.0000 test 0.4745
epoch 172/200 loss 0.0153 train 1.0000 test 0.4752
epoch 173/200 loss 0.0156 train 1.0000 test 0.4755
epoch 174/200 loss 0.0155 train 1.0000 test 0.4748
epoch 175/200 loss 0.0150 train 1.0000 test 0.4741
epoch 176/200 loss 0.0156 train 1.0000 test 0.4775
epoch 177/200 loss 0.0157 train 1.0000 test 0.4757
epoch 178/200 loss 0.0156 train 1.0000 test 0.4762
epoch 179/200 loss 0.0150 train 1.0000 test 0.4767
epoch 180/200 loss 0.0154 train 1.0000 test 0.4768
epoch 181/200 loss 0.0157 train 1.0000 test 0.4747
epoch 182/200 loss 0.0146 train 1.0000 test 0.4756
epoch 183/200 loss 0.0154 train 1.0000 test 0.4762
epoch 184/200 loss 0.0154 train 1.0000 test 0.4760
epoch 185/200 loss 0.0160 train 1.0000 test 0.4766
epoch 186/200 loss 0.0146 train 1.0000 test 0.4768
epoch 187/200 loss 0.0149 train 1.0000 test 0.4755
epoch 188/200 loss 0.0147 train 1.0000 test 0.4777
epoch 189/200 loss 0.0142 train 1.0000 test 0.4772
epoch 190/200 loss 0.0149 train 1.0000 test 0.4763
epoch 191/200 loss 0.0159 train 0.9997 test 0.4773
epoch 192/200 loss 0.0143 train 1.0000 test 0.4779
epoch 193/200 loss 0.0147 train 1.0000 test 0.4779
epoch 194/200 loss 0.0141 train 1.0000 test 0.4758
epoch 195/200 loss 0.0148 train 1.0000 test 0.4761
epoch 196/200 loss 0.0150 train 1.0000 test 0.4778
epoch 197/200 loss 0.0141 train 1.0000 test 0.4772
epoch 198/200 loss 0.0146 train 1.0000 test 0.4779
epoch 199/200 loss 0.0140 train 1.0000 test 0.4751
epoch 200/200 loss 0.0154 train 1.0000 test 0.4773
done: final 0.4773 best 0.4779 -> ./runs/diagtaxlam_c100_l005_7pct/seed2
--- diagtaxlam_c100_l01_7pct seed0 2026-08-14T17:06:25+02:00
Warning: You are sending unauthenticated requests to the HF Hub. Please set a HF_TOKEN to enable higher rate limits and faster downloads.
moment-aux target calibrated on 1024 images
[diagtaxlam_c100_l01_7pct seed0] {"params_trainable": 11222188, "params_stem_trainable": 0, "params_stem_fixed_filters": 0, "flops_total": 556705792, "flops_stem": 0, "flops_image_size": 32}
epoch 1/200 loss 4.7904 train 0.0203 test 0.0470
epoch 2/200 loss 4.2996 train 0.0854 test 0.0877
epoch 3/200 loss 3.7734 train 0.1424 test 0.1292
epoch 4/200 loss 3.3424 train 0.1988 test 0.1674
epoch 5/200 loss 2.9391 train 0.2792 test 0.2155
epoch 6/200 loss 2.5456 train 0.3495 test 0.2663
epoch 7/200 loss 2.2115 train 0.4227 test 0.3226
epoch 8/200 loss 1.8733 train 0.4936 test 0.3248
epoch 9/200 loss 1.5934 train 0.5706 test 0.3624
epoch 10/200 loss 1.3852 train 0.6224 test 0.3578
epoch 11/200 loss 1.2012 train 0.6672 test 0.3767
epoch 12/200 loss 1.0280 train 0.7254 test 0.4005
epoch 13/200 loss 0.9186 train 0.7541 test 0.4103
epoch 14/200 loss 0.7484 train 0.8093 test 0.4137
epoch 15/200 loss 0.6635 train 0.8342 test 0.4236
epoch 16/200 loss 0.5697 train 0.8672 test 0.4257
epoch 17/200 loss 0.4870 train 0.8866 test 0.4341
epoch 18/200 loss 0.4227 train 0.9060 test 0.4320
epoch 19/200 loss 0.3418 train 0.9314 test 0.4349
epoch 20/200 loss 0.3095 train 0.9433 test 0.4447
epoch 21/200 loss 0.2773 train 0.9549 test 0.4421
epoch 22/200 loss 0.2520 train 0.9601 test 0.4364
epoch 23/200 loss 0.2157 train 0.9670 test 0.4517
epoch 24/200 loss 0.1820 train 0.9823 test 0.4567
epoch 25/200 loss 0.1633 train 0.9864 test 0.4503
epoch 26/200 loss 0.1592 train 0.9838 test 0.4619
epoch 27/200 loss 0.1531 train 0.9867 test 0.4587
epoch 28/200 loss 0.1380 train 0.9887 test 0.4644
epoch 29/200 loss 0.1299 train 0.9902 test 0.4651
epoch 30/200 loss 0.1183 train 0.9933 test 0.4677
epoch 31/200 loss 0.1097 train 0.9931 test 0.4631
epoch 32/200 loss 0.1022 train 0.9948 test 0.4747
epoch 33/200 loss 0.1051 train 0.9939 test 0.4649
epoch 34/200 loss 0.1050 train 0.9933 test 0.4676
epoch 35/200 loss 0.0976 train 0.9971 test 0.4628
epoch 36/200 loss 0.0949 train 0.9965 test 0.4730
epoch 37/200 loss 0.0882 train 0.9977 test 0.4688
epoch 38/200 loss 0.0847 train 0.9971 test 0.4758
epoch 39/200 loss 0.0794 train 0.9974 test 0.4756
epoch 40/200 loss 0.0774 train 0.9983 test 0.4795
epoch 41/200 loss 0.0736 train 0.9986 test 0.4736
epoch 42/200 loss 0.0700 train 0.9994 test 0.4796
epoch 43/200 loss 0.0680 train 0.9988 test 0.4789
epoch 44/200 loss 0.0693 train 0.9991 test 0.4823
epoch 45/200 loss 0.0656 train 0.9986 test 0.4796
epoch 46/200 loss 0.0672 train 0.9988 test 0.4791
epoch 47/200 loss 0.0655 train 0.9997 test 0.4893
epoch 48/200 loss 0.0637 train 0.9994 test 0.4789
epoch 49/200 loss 0.0629 train 0.9991 test 0.4860
epoch 50/200 loss 0.0658 train 0.9991 test 0.4847
epoch 51/200 loss 0.0629 train 0.9991 test 0.4816
epoch 52/200 loss 0.0623 train 0.9983 test 0.4836
epoch 53/200 loss 0.0623 train 0.9994 test 0.4844
epoch 54/200 loss 0.0602 train 0.9997 test 0.4833
epoch 55/200 loss 0.0580 train 0.9991 test 0.4844
epoch 56/200 loss 0.0542 train 0.9994 test 0.4840
epoch 57/200 loss 0.0528 train 1.0000 test 0.4860
epoch 58/200 loss 0.0542 train 0.9994 test 0.4908
epoch 59/200 loss 0.0535 train 0.9991 test 0.4889
epoch 60/200 loss 0.0526 train 0.9994 test 0.4878
epoch 61/200 loss 0.0525 train 0.9997 test 0.4858
epoch 62/200 loss 0.0512 train 1.0000 test 0.4922
epoch 63/200 loss 0.0539 train 0.9988 test 0.4800
epoch 64/200 loss 0.0508 train 0.9997 test 0.4894
epoch 65/200 loss 0.0484 train 0.9997 test 0.4880
epoch 66/200 loss 0.0501 train 0.9997 test 0.4929
epoch 67/200 loss 0.0451 train 0.9997 test 0.4889
epoch 68/200 loss 0.0489 train 0.9997 test 0.4909
epoch 69/200 loss 0.0516 train 0.9977 test 0.4989
epoch 70/200 loss 0.0567 train 0.9983 test 0.4904
epoch 71/200 loss 0.0556 train 0.9994 test 0.4827
epoch 72/200 loss 0.0502 train 0.9994 test 0.4866
epoch 73/200 loss 0.0502 train 0.9991 test 0.4879
epoch 74/200 loss 0.0473 train 0.9994 test 0.4901
epoch 75/200 loss 0.0437 train 0.9997 test 0.4907
epoch 76/200 loss 0.0431 train 1.0000 test 0.4992
epoch 77/200 loss 0.0435 train 1.0000 test 0.4939
epoch 78/200 loss 0.0413 train 0.9997 test 0.4954
epoch 79/200 loss 0.0411 train 0.9997 test 0.4956
epoch 80/200 loss 0.0385 train 1.0000 test 0.4964
epoch 81/200 loss 0.0403 train 0.9997 test 0.4968
epoch 82/200 loss 0.0385 train 1.0000 test 0.4958
epoch 83/200 loss 0.0376 train 1.0000 test 0.4948
epoch 84/200 loss 0.0379 train 1.0000 test 0.4965
epoch 85/200 loss 0.0375 train 1.0000 test 0.4957
epoch 86/200 loss 0.0373 train 1.0000 test 0.4971
epoch 87/200 loss 0.0368 train 1.0000 test 0.4958
epoch 88/200 loss 0.0362 train 1.0000 test 0.4991
epoch 89/200 loss 0.0375 train 0.9997 test 0.4995
epoch 90/200 loss 0.0358 train 1.0000 test 0.5029
epoch 91/200 loss 0.0344 train 1.0000 test 0.4989
epoch 92/200 loss 0.0346 train 1.0000 test 0.4964
epoch 93/200 loss 0.0333 train 1.0000 test 0.5025
epoch 94/200 loss 0.0334 train 1.0000 test 0.5004
epoch 95/200 loss 0.0333 train 1.0000 test 0.5037
epoch 96/200 loss 0.0336 train 0.9997 test 0.4994
epoch 97/200 loss 0.0345 train 1.0000 test 0.4985
epoch 98/200 loss 0.0325 train 1.0000 test 0.5022
epoch 99/200 loss 0.0322 train 1.0000 test 0.4996
epoch 100/200 loss 0.0314 train 1.0000 test 0.5047
epoch 101/200 loss 0.0309 train 1.0000 test 0.5019
epoch 102/200 loss 0.0311 train 1.0000 test 0.4983
epoch 103/200 loss 0.0312 train 1.0000 test 0.5003
epoch 104/200 loss 0.0300 train 1.0000 test 0.5019
epoch 105/200 loss 0.0290 train 1.0000 test 0.5024
epoch 106/200 loss 0.0294 train 1.0000 test 0.5010
epoch 107/200 loss 0.0360 train 0.9986 test 0.4919
epoch 108/200 loss 0.0391 train 0.9980 test 0.4960
epoch 109/200 loss 0.0387 train 0.9994 test 0.4957
epoch 110/200 loss 0.0341 train 1.0000 test 0.4978
epoch 111/200 loss 0.0311 train 1.0000 test 0.5013
epoch 112/200 loss 0.0303 train 1.0000 test 0.5032
epoch 113/200 loss 0.0278 train 1.0000 test 0.5029
epoch 114/200 loss 0.0266 train 1.0000 test 0.5067
epoch 115/200 loss 0.0257 train 1.0000 test 0.5036
epoch 116/200 loss 0.0263 train 1.0000 test 0.5033
epoch 117/200 loss 0.0260 train 1.0000 test 0.5069
epoch 118/200 loss 0.0259 train 1.0000 test 0.5082
epoch 119/200 loss 0.0253 train 1.0000 test 0.5045
epoch 120/200 loss 0.0242 train 1.0000 test 0.5065
epoch 121/200 loss 0.0235 train 1.0000 test 0.5058
epoch 122/200 loss 0.0234 train 1.0000 test 0.5025
epoch 123/200 loss 0.0244 train 0.9997 test 0.5036
epoch 124/200 loss 0.0246 train 1.0000 test 0.5030
epoch 125/200 loss 0.0239 train 1.0000 test 0.5076
epoch 126/200 loss 0.0236 train 1.0000 test 0.5048
epoch 127/200 loss 0.0234 train 1.0000 test 0.5043
epoch 128/200 loss 0.0221 train 1.0000 test 0.5050
epoch 129/200 loss 0.0213 train 1.0000 test 0.5051
epoch 130/200 loss 0.0218 train 1.0000 test 0.5068
epoch 131/200 loss 0.0226 train 1.0000 test 0.5053
epoch 132/200 loss 0.0215 train 1.0000 test 0.5057
epoch 133/200 loss 0.0226 train 1.0000 test 0.5036
epoch 134/200 loss 0.0222 train 1.0000 test 0.5041
epoch 135/200 loss 0.0217 train 1.0000 test 0.5051
epoch 136/200 loss 0.0205 train 1.0000 test 0.5057
epoch 137/200 loss 0.0198 train 1.0000 test 0.5085
epoch 138/200 loss 0.0201 train 1.0000 test 0.5086
epoch 139/200 loss 0.0201 train 1.0000 test 0.5079
epoch 140/200 loss 0.0204 train 1.0000 test 0.5074
epoch 141/200 loss 0.0201 train 1.0000 test 0.5064
epoch 142/200 loss 0.0193 train 1.0000 test 0.5072
epoch 143/200 loss 0.0189 train 1.0000 test 0.5071
epoch 144/200 loss 0.0186 train 1.0000 test 0.5077
epoch 145/200 loss 0.0196 train 1.0000 test 0.5071
epoch 146/200 loss 0.0183 train 1.0000 test 0.5070
epoch 147/200 loss 0.0183 train 1.0000 test 0.5099
epoch 148/200 loss 0.0188 train 1.0000 test 0.5068
epoch 149/200 loss 0.0185 train 1.0000 test 0.5072
epoch 150/200 loss 0.0180 train 1.0000 test 0.5093
epoch 151/200 loss 0.0177 train 1.0000 test 0.5081
epoch 152/200 loss 0.0173 train 1.0000 test 0.5074
epoch 153/200 loss 0.0176 train 1.0000 test 0.5085
epoch 154/200 loss 0.0173 train 1.0000 test 0.5109
epoch 155/200 loss 0.0175 train 1.0000 test 0.5076
epoch 156/200 loss 0.0170 train 1.0000 test 0.5074
epoch 157/200 loss 0.0175 train 1.0000 test 0.5095
epoch 158/200 loss 0.0175 train 1.0000 test 0.5073
epoch 159/200 loss 0.0165 train 1.0000 test 0.5088
epoch 160/200 loss 0.0165 train 1.0000 test 0.5085
epoch 161/200 loss 0.0159 train 1.0000 test 0.5072
epoch 162/200 loss 0.0167 train 1.0000 test 0.5072
epoch 163/200 loss 0.0163 train 1.0000 test 0.5087
epoch 164/200 loss 0.0162 train 1.0000 test 0.5076
epoch 165/200 loss 0.0155 train 1.0000 test 0.5079
epoch 166/200 loss 0.0160 train 1.0000 test 0.5064
epoch 167/200 loss 0.0160 train 1.0000 test 0.5055
epoch 168/200 loss 0.0158 train 1.0000 test 0.5089
epoch 169/200 loss 0.0153 train 1.0000 test 0.5079
epoch 170/200 loss 0.0152 train 1.0000 test 0.5072
epoch 171/200 loss 0.0155 train 1.0000 test 0.5079
epoch 172/200 loss 0.0160 train 1.0000 test 0.5069
epoch 173/200 loss 0.0148 train 1.0000 test 0.5077
epoch 174/200 loss 0.0149 train 1.0000 test 0.5086
epoch 175/200 loss 0.0148 train 1.0000 test 0.5082
epoch 176/200 loss 0.0155 train 1.0000 test 0.5099
epoch 177/200 loss 0.0149 train 1.0000 test 0.5081
epoch 178/200 loss 0.0149 train 1.0000 test 0.5080
epoch 179/200 loss 0.0145 train 1.0000 test 0.5078
epoch 180/200 loss 0.0144 train 1.0000 test 0.5068
epoch 181/200 loss 0.0142 train 1.0000 test 0.5084
epoch 182/200 loss 0.0147 train 1.0000 test 0.5088
epoch 183/200 loss 0.0143 train 1.0000 test 0.5074
epoch 184/200 loss 0.0140 train 1.0000 test 0.5068
epoch 185/200 loss 0.0140 train 1.0000 test 0.5077
epoch 186/200 loss 0.0140 train 1.0000 test 0.5073
epoch 187/200 loss 0.0149 train 1.0000 test 0.5083
epoch 188/200 loss 0.0143 train 1.0000 test 0.5081
epoch 189/200 loss 0.0141 train 1.0000 test 0.5070
epoch 190/200 loss 0.0142 train 1.0000 test 0.5076
epoch 191/200 loss 0.0142 train 1.0000 test 0.5083
epoch 192/200 loss 0.0138 train 1.0000 test 0.5078
epoch 193/200 loss 0.0138 train 1.0000 test 0.5078
epoch 194/200 loss 0.0137 train 1.0000 test 0.5078
epoch 195/200 loss 0.0136 train 1.0000 test 0.5074
epoch 196/200 loss 0.0135 train 1.0000 test 0.5076
epoch 197/200 loss 0.0135 train 1.0000 test 0.5075
epoch 198/200 loss 0.0144 train 1.0000 test 0.5080
epoch 199/200 loss 0.0131 train 1.0000 test 0.5081
epoch 200/200 loss 0.0133 train 1.0000 test 0.5075
done: final 0.5075 best 0.5109 -> ./runs/diagtaxlam_c100_l01_7pct/seed0
--- diagtaxlam_c100_l01_7pct seed1 2026-08-14T17:10:50+02:00
moment-aux target calibrated on 1024 images
[diagtaxlam_c100_l01_7pct seed1] {"params_trainable": 11222188, "params_stem_trainable": 0, "params_stem_fixed_filters": 0, "flops_total": 556705792, "flops_stem": 0, "flops_image_size": 32}
epoch 1/200 loss 4.7857 train 0.0197 test 0.0400
epoch 2/200 loss 4.2739 train 0.0778 test 0.0888
epoch 3/200 loss 3.7866 train 0.1299 test 0.1198
epoch 4/200 loss 3.3946 train 0.1999 test 0.1670
epoch 5/200 loss 2.9928 train 0.2593 test 0.2068
epoch 6/200 loss 2.6375 train 0.3403 test 0.2428
epoch 7/200 loss 2.3218 train 0.3924 test 0.2431
epoch 8/200 loss 2.0361 train 0.4609 test 0.2888
epoch 9/200 loss 1.7950 train 0.5150 test 0.2861
epoch 10/200 loss 1.5958 train 0.5741 test 0.3344
epoch 11/200 loss 1.3608 train 0.6291 test 0.3448
epoch 12/200 loss 1.1805 train 0.6823 test 0.3548
epoch 13/200 loss 1.0458 train 0.7190 test 0.3497
epoch 14/200 loss 0.8965 train 0.7613 test 0.3665
epoch 15/200 loss 0.7608 train 0.8041 test 0.3756
epoch 16/200 loss 0.6230 train 0.8490 test 0.3885
epoch 17/200 loss 0.5738 train 0.8617 test 0.3737
epoch 18/200 loss 0.4926 train 0.8822 test 0.3752
epoch 19/200 loss 0.4334 train 0.9045 test 0.3923
epoch 20/200 loss 0.3619 train 0.9265 test 0.3959
epoch 21/200 loss 0.3275 train 0.9410 test 0.3935
epoch 22/200 loss 0.2981 train 0.9491 test 0.3951
epoch 23/200 loss 0.2606 train 0.9569 test 0.4053
epoch 24/200 loss 0.2271 train 0.9708 test 0.4026
epoch 25/200 loss 0.1971 train 0.9763 test 0.4062
epoch 26/200 loss 0.1826 train 0.9748 test 0.4066
epoch 27/200 loss 0.1654 train 0.9829 test 0.4119
epoch 28/200 loss 0.1544 train 0.9838 test 0.4144
epoch 29/200 loss 0.1441 train 0.9893 test 0.4133
epoch 30/200 loss 0.1360 train 0.9876 test 0.4148
epoch 31/200 loss 0.1261 train 0.9876 test 0.4133
epoch 32/200 loss 0.1074 train 0.9951 test 0.4242
epoch 33/200 loss 0.1040 train 0.9933 test 0.4177
epoch 34/200 loss 0.1145 train 0.9907 test 0.4207
epoch 35/200 loss 0.1102 train 0.9928 test 0.4254
epoch 36/200 loss 0.1024 train 0.9936 test 0.4196
epoch 37/200 loss 0.0913 train 0.9954 test 0.4283
epoch 38/200 loss 0.0859 train 0.9977 test 0.4242
epoch 39/200 loss 0.0886 train 0.9965 test 0.4255
epoch 40/200 loss 0.0779 train 0.9994 test 0.4328
epoch 41/200 loss 0.0787 train 0.9977 test 0.4304
epoch 42/200 loss 0.0743 train 0.9983 test 0.4318
epoch 43/200 loss 0.0699 train 0.9991 test 0.4291
epoch 44/200 loss 0.0713 train 0.9986 test 0.4297
epoch 45/200 loss 0.0700 train 0.9980 test 0.4317
epoch 46/200 loss 0.0664 train 0.9994 test 0.4344
epoch 47/200 loss 0.0665 train 0.9991 test 0.4363
epoch 48/200 loss 0.0670 train 0.9986 test 0.4311
epoch 49/200 loss 0.0664 train 0.9991 test 0.4299
epoch 50/200 loss 0.0635 train 0.9997 test 0.4374
epoch 51/200 loss 0.0585 train 0.9994 test 0.4379
epoch 52/200 loss 0.0577 train 0.9986 test 0.4367
epoch 53/200 loss 0.0585 train 0.9997 test 0.4347
epoch 54/200 loss 0.0552 train 1.0000 test 0.4423
epoch 55/200 loss 0.0583 train 0.9994 test 0.4386
epoch 56/200 loss 0.0602 train 0.9991 test 0.4407
epoch 57/200 loss 0.0594 train 0.9997 test 0.4396
epoch 58/200 loss 0.0561 train 0.9994 test 0.4411
epoch 59/200 loss 0.0578 train 0.9994 test 0.4394
epoch 60/200 loss 0.0548 train 1.0000 test 0.4376
epoch 61/200 loss 0.0538 train 0.9994 test 0.4395
epoch 62/200 loss 0.0542 train 0.9997 test 0.4472
epoch 63/200 loss 0.0525 train 0.9991 test 0.4382
epoch 64/200 loss 0.0493 train 1.0000 test 0.4421
epoch 65/200 loss 0.0505 train 0.9994 test 0.4377
epoch 66/200 loss 0.0526 train 0.9997 test 0.4454
epoch 67/200 loss 0.0489 train 0.9997 test 0.4448
epoch 68/200 loss 0.0491 train 1.0000 test 0.4446
epoch 69/200 loss 0.0489 train 0.9997 test 0.4447
epoch 70/200 loss 0.0498 train 1.0000 test 0.4465
epoch 71/200 loss 0.0482 train 0.9997 test 0.4410
epoch 72/200 loss 0.0479 train 1.0000 test 0.4464
epoch 73/200 loss 0.0440 train 1.0000 test 0.4482
epoch 74/200 loss 0.0446 train 0.9997 test 0.4478
epoch 75/200 loss 0.0450 train 1.0000 test 0.4457
epoch 76/200 loss 0.0450 train 0.9997 test 0.4461
epoch 77/200 loss 0.0455 train 0.9997 test 0.4480
epoch 78/200 loss 0.0440 train 0.9997 test 0.4527
epoch 79/200 loss 0.0447 train 0.9997 test 0.4483
epoch 80/200 loss 0.0444 train 0.9997 test 0.4495
epoch 81/200 loss 0.0445 train 0.9997 test 0.4450
epoch 82/200 loss 0.0416 train 1.0000 test 0.4539
epoch 83/200 loss 0.0403 train 0.9997 test 0.4471
epoch 84/200 loss 0.0446 train 0.9994 test 0.4492
epoch 85/200 loss 0.0400 train 1.0000 test 0.4512
epoch 86/200 loss 0.0394 train 1.0000 test 0.4474
epoch 87/200 loss 0.0379 train 1.0000 test 0.4502
epoch 88/200 loss 0.0396 train 1.0000 test 0.4516
epoch 89/200 loss 0.0374 train 1.0000 test 0.4531
epoch 90/200 loss 0.0362 train 1.0000 test 0.4501
epoch 91/200 loss 0.0347 train 1.0000 test 0.4553
epoch 92/200 loss 0.0365 train 0.9997 test 0.4500
epoch 93/200 loss 0.0347 train 1.0000 test 0.4529
epoch 94/200 loss 0.0346 train 1.0000 test 0.4583
epoch 95/200 loss 0.0349 train 1.0000 test 0.4493
epoch 96/200 loss 0.0327 train 1.0000 test 0.4566
epoch 97/200 loss 0.0317 train 1.0000 test 0.4565
epoch 98/200 loss 0.0333 train 1.0000 test 0.4556
epoch 99/200 loss 0.0346 train 0.9997 test 0.4523
epoch 100/200 loss 0.0346 train 1.0000 test 0.4552
epoch 101/200 loss 0.0319 train 1.0000 test 0.4566
epoch 102/200 loss 0.0301 train 1.0000 test 0.4579
epoch 103/200 loss 0.0299 train 1.0000 test 0.4585
epoch 104/200 loss 0.0308 train 1.0000 test 0.4571
epoch 105/200 loss 0.0309 train 1.0000 test 0.4605
epoch 106/200 loss 0.0298 train 1.0000 test 0.4566
epoch 107/200 loss 0.0289 train 0.9997 test 0.4568
epoch 108/200 loss 0.0292 train 0.9997 test 0.4577
epoch 109/200 loss 0.0286 train 1.0000 test 0.4573
epoch 110/200 loss 0.0284 train 1.0000 test 0.4584
epoch 111/200 loss 0.0283 train 1.0000 test 0.4566
epoch 112/200 loss 0.0279 train 1.0000 test 0.4570
epoch 113/200 loss 0.0278 train 1.0000 test 0.4586
epoch 114/200 loss 0.0273 train 1.0000 test 0.4565
epoch 115/200 loss 0.0271 train 1.0000 test 0.4591
epoch 116/200 loss 0.0266 train 1.0000 test 0.4599
epoch 117/200 loss 0.0287 train 0.9997 test 0.4550
epoch 118/200 loss 0.0267 train 1.0000 test 0.4600
epoch 119/200 loss 0.0252 train 1.0000 test 0.4586
epoch 120/200 loss 0.0262 train 1.0000 test 0.4608
epoch 121/200 loss 0.0261 train 1.0000 test 0.4595
epoch 122/200 loss 0.0257 train 1.0000 test 0.4597
epoch 123/200 loss 0.0245 train 1.0000 test 0.4606
epoch 124/200 loss 0.0235 train 1.0000 test 0.4577
epoch 125/200 loss 0.0247 train 1.0000 test 0.4606
epoch 126/200 loss 0.0229 train 1.0000 test 0.4591
epoch 127/200 loss 0.0234 train 1.0000 test 0.4606
epoch 128/200 loss 0.0221 train 1.0000 test 0.4601
epoch 129/200 loss 0.0232 train 1.0000 test 0.4618
epoch 130/200 loss 0.0227 train 1.0000 test 0.4614
epoch 131/200 loss 0.0239 train 0.9997 test 0.4625
epoch 132/200 loss 0.0233 train 1.0000 test 0.4640
epoch 133/200 loss 0.0224 train 1.0000 test 0.4626
epoch 134/200 loss 0.0213 train 1.0000 test 0.4636
epoch 135/200 loss 0.0215 train 1.0000 test 0.4645
epoch 136/200 loss 0.0210 train 1.0000 test 0.4634
epoch 137/200 loss 0.0210 train 1.0000 test 0.4642
epoch 138/200 loss 0.0207 train 1.0000 test 0.4635
epoch 139/200 loss 0.0205 train 1.0000 test 0.4659
epoch 140/200 loss 0.0203 train 1.0000 test 0.4626
epoch 141/200 loss 0.0202 train 1.0000 test 0.4653
epoch 142/200 loss 0.0201 train 1.0000 test 0.4655
epoch 143/200 loss 0.0196 train 1.0000 test 0.4657
epoch 144/200 loss 0.0195 train 1.0000 test 0.4649
epoch 145/200 loss 0.0196 train 1.0000 test 0.4628
epoch 146/200 loss 0.0190 train 1.0000 test 0.4668
epoch 147/200 loss 0.0191 train 1.0000 test 0.4636
epoch 148/200 loss 0.0190 train 1.0000 test 0.4630
epoch 149/200 loss 0.0195 train 1.0000 test 0.4660
epoch 150/200 loss 0.0186 train 1.0000 test 0.4649
epoch 151/200 loss 0.0185 train 1.0000 test 0.4644
epoch 152/200 loss 0.0187 train 1.0000 test 0.4651
epoch 153/200 loss 0.0182 train 1.0000 test 0.4658
epoch 154/200 loss 0.0179 train 1.0000 test 0.4649
epoch 155/200 loss 0.0181 train 1.0000 test 0.4643
epoch 156/200 loss 0.0173 train 1.0000 test 0.4632
epoch 157/200 loss 0.0169 train 1.0000 test 0.4634
epoch 158/200 loss 0.0182 train 1.0000 test 0.4639
epoch 159/200 loss 0.0169 train 1.0000 test 0.4639
epoch 160/200 loss 0.0167 train 1.0000 test 0.4641
epoch 161/200 loss 0.0176 train 1.0000 test 0.4662
epoch 162/200 loss 0.0173 train 1.0000 test 0.4688
epoch 163/200 loss 0.0167 train 1.0000 test 0.4680
epoch 164/200 loss 0.0160 train 1.0000 test 0.4665
epoch 165/200 loss 0.0167 train 1.0000 test 0.4651
epoch 166/200 loss 0.0156 train 1.0000 test 0.4667
epoch 167/200 loss 0.0167 train 1.0000 test 0.4677
epoch 168/200 loss 0.0163 train 1.0000 test 0.4656
epoch 169/200 loss 0.0161 train 1.0000 test 0.4652
epoch 170/200 loss 0.0154 train 1.0000 test 0.4646
epoch 171/200 loss 0.0158 train 1.0000 test 0.4659
epoch 172/200 loss 0.0154 train 1.0000 test 0.4669
epoch 173/200 loss 0.0154 train 1.0000 test 0.4657
epoch 174/200 loss 0.0152 train 1.0000 test 0.4671
epoch 175/200 loss 0.0156 train 1.0000 test 0.4648
epoch 176/200 loss 0.0155 train 1.0000 test 0.4676
epoch 177/200 loss 0.0151 train 1.0000 test 0.4670
epoch 178/200 loss 0.0155 train 1.0000 test 0.4675
epoch 179/200 loss 0.0146 train 1.0000 test 0.4664
epoch 180/200 loss 0.0152 train 1.0000 test 0.4677
epoch 181/200 loss 0.0144 train 1.0000 test 0.4654
epoch 182/200 loss 0.0145 train 1.0000 test 0.4654
epoch 183/200 loss 0.0158 train 1.0000 test 0.4669
epoch 184/200 loss 0.0138 train 1.0000 test 0.4663
epoch 185/200 loss 0.0147 train 1.0000 test 0.4664
epoch 186/200 loss 0.0153 train 1.0000 test 0.4648
epoch 187/200 loss 0.0154 train 1.0000 test 0.4654
epoch 188/200 loss 0.0152 train 1.0000 test 0.4659
epoch 189/200 loss 0.0140 train 1.0000 test 0.4659
epoch 190/200 loss 0.0146 train 1.0000 test 0.4677
epoch 191/200 loss 0.0142 train 1.0000 test 0.4655
epoch 192/200 loss 0.0143 train 1.0000 test 0.4671
epoch 193/200 loss 0.0138 train 1.0000 test 0.4663
epoch 194/200 loss 0.0150 train 1.0000 test 0.4669
epoch 195/200 loss 0.0144 train 1.0000 test 0.4670
epoch 196/200 loss 0.0136 train 1.0000 test 0.4680
epoch 197/200 loss 0.0138 train 1.0000 test 0.4666
epoch 198/200 loss 0.0136 train 1.0000 test 0.4661
epoch 199/200 loss 0.0148 train 1.0000 test 0.4644
epoch 200/200 loss 0.0147 train 1.0000 test 0.4656
done: final 0.4656 best 0.4688 -> ./runs/diagtaxlam_c100_l01_7pct/seed1
--- diagtaxlam_c100_l01_7pct seed2 2026-08-14T17:15:17+02:00
moment-aux target calibrated on 1024 images
[diagtaxlam_c100_l01_7pct seed2] {"params_trainable": 11222188, "params_stem_trainable": 0, "params_stem_fixed_filters": 0, "flops_total": 556705792, "flops_stem": 0, "flops_image_size": 32}
epoch 1/200 loss 4.7557 train 0.0229 test 0.0498
epoch 2/200 loss 4.3005 train 0.0767 test 0.0752
epoch 3/200 loss 3.8417 train 0.1308 test 0.1130
epoch 4/200 loss 3.4487 train 0.1852 test 0.1679
epoch 5/200 loss 3.0669 train 0.2491 test 0.2003
epoch 6/200 loss 2.7364 train 0.3113 test 0.2266
epoch 7/200 loss 2.4406 train 0.3715 test 0.2777
epoch 8/200 loss 2.1143 train 0.4450 test 0.2925
epoch 9/200 loss 1.8457 train 0.5116 test 0.3048
epoch 10/200 loss 1.6204 train 0.5666 test 0.3247
epoch 11/200 loss 1.4374 train 0.6016 test 0.3329
epoch 12/200 loss 1.2299 train 0.6664 test 0.3374
epoch 13/200 loss 1.0827 train 0.7080 test 0.3545
epoch 14/200 loss 0.9352 train 0.7474 test 0.3740
epoch 15/200 loss 0.7948 train 0.8021 test 0.3804
epoch 16/200 loss 0.6903 train 0.8244 test 0.3856
epoch 17/200 loss 0.6195 train 0.8533 test 0.3783
epoch 18/200 loss 0.5248 train 0.8750 test 0.3879
epoch 19/200 loss 0.4348 train 0.9054 test 0.3912
epoch 20/200 loss 0.3962 train 0.9158 test 0.3921
epoch 21/200 loss 0.3405 train 0.9375 test 0.3937
epoch 22/200 loss 0.2871 train 0.9514 test 0.4103
epoch 23/200 loss 0.2587 train 0.9601 test 0.3984
epoch 24/200 loss 0.2452 train 0.9635 test 0.4043
epoch 25/200 loss 0.2067 train 0.9731 test 0.4106
epoch 26/200 loss 0.1953 train 0.9763 test 0.4035
epoch 27/200 loss 0.1777 train 0.9800 test 0.4049
epoch 28/200 loss 0.1752 train 0.9748 test 0.4041
epoch 29/200 loss 0.1571 train 0.9844 test 0.4218
epoch 30/200 loss 0.1384 train 0.9881 test 0.4161
epoch 31/200 loss 0.1291 train 0.9902 test 0.4256
epoch 32/200 loss 0.1225 train 0.9899 test 0.4253
epoch 33/200 loss 0.1185 train 0.9881 test 0.4229
epoch 34/200 loss 0.1185 train 0.9890 test 0.4261
epoch 35/200 loss 0.1109 train 0.9931 test 0.4233
epoch 36/200 loss 0.0949 train 0.9962 test 0.4324
epoch 37/200 loss 0.0973 train 0.9957 test 0.4278
epoch 38/200 loss 0.0859 train 0.9965 test 0.4308
epoch 39/200 loss 0.0822 train 0.9980 test 0.4326
epoch 40/200 loss 0.0807 train 0.9980 test 0.4324
epoch 41/200 loss 0.0796 train 0.9980 test 0.4334
epoch 42/200 loss 0.0826 train 0.9971 test 0.4386
epoch 43/200 loss 0.0759 train 0.9986 test 0.4388
epoch 44/200 loss 0.0748 train 0.9977 test 0.4379
epoch 45/200 loss 0.0722 train 0.9977 test 0.4371
epoch 46/200 loss 0.0717 train 0.9980 test 0.4389
epoch 47/200 loss 0.0675 train 0.9980 test 0.4402
epoch 48/200 loss 0.0666 train 0.9983 test 0.4312
epoch 49/200 loss 0.0642 train 0.9997 test 0.4351
epoch 50/200 loss 0.0665 train 0.9988 test 0.4376
epoch 51/200 loss 0.0630 train 0.9991 test 0.4407
epoch 52/200 loss 0.0645 train 0.9977 test 0.4430
epoch 53/200 loss 0.0631 train 0.9994 test 0.4369
epoch 54/200 loss 0.0599 train 0.9991 test 0.4405
epoch 55/200 loss 0.0648 train 0.9983 test 0.4351
epoch 56/200 loss 0.0609 train 0.9991 test 0.4431
epoch 57/200 loss 0.0595 train 0.9986 test 0.4452
epoch 58/200 loss 0.0596 train 0.9997 test 0.4414
epoch 59/200 loss 0.0556 train 0.9997 test 0.4443
epoch 60/200 loss 0.0573 train 0.9991 test 0.4365
epoch 61/200 loss 0.0551 train 1.0000 test 0.4451
epoch 62/200 loss 0.0536 train 0.9994 test 0.4439
epoch 63/200 loss 0.0510 train 0.9994 test 0.4375
epoch 64/200 loss 0.0524 train 0.9997 test 0.4407
epoch 65/200 loss 0.0503 train 0.9991 test 0.4394
epoch 66/200 loss 0.0472 train 1.0000 test 0.4441
epoch 67/200 loss 0.0488 train 0.9997 test 0.4467
epoch 68/200 loss 0.0476 train 1.0000 test 0.4470
epoch 69/200 loss 0.0463 train 1.0000 test 0.4496
epoch 70/200 loss 0.0461 train 0.9997 test 0.4509
epoch 71/200 loss 0.0479 train 1.0000 test 0.4460
epoch 72/200 loss 0.0471 train 1.0000 test 0.4475
epoch 73/200 loss 0.0438 train 1.0000 test 0.4522
epoch 74/200 loss 0.0443 train 1.0000 test 0.4527
epoch 75/200 loss 0.0470 train 0.9991 test 0.4421
epoch 76/200 loss 0.0458 train 0.9997 test 0.4503
epoch 77/200 loss 0.0428 train 1.0000 test 0.4550
epoch 78/200 loss 0.0431 train 1.0000 test 0.4499
epoch 79/200 loss 0.0426 train 1.0000 test 0.4584
epoch 80/200 loss 0.0413 train 0.9997 test 0.4544
epoch 81/200 loss 0.0408 train 0.9997 test 0.4533
epoch 82/200 loss 0.0402 train 1.0000 test 0.4494
epoch 83/200 loss 0.0418 train 1.0000 test 0.4513
epoch 84/200 loss 0.0381 train 1.0000 test 0.4555
epoch 85/200 loss 0.0395 train 0.9997 test 0.4571
epoch 86/200 loss 0.0387 train 1.0000 test 0.4537
epoch 87/200 loss 0.0398 train 1.0000 test 0.4537
epoch 88/200 loss 0.0385 train 1.0000 test 0.4549
epoch 89/200 loss 0.0378 train 0.9997 test 0.4539
epoch 90/200 loss 0.0369 train 1.0000 test 0.4568
epoch 91/200 loss 0.0375 train 1.0000 test 0.4545
epoch 92/200 loss 0.0357 train 1.0000 test 0.4566
epoch 93/200 loss 0.0349 train 0.9997 test 0.4566
epoch 94/200 loss 0.0357 train 1.0000 test 0.4560
epoch 95/200 loss 0.0362 train 0.9997 test 0.4556
epoch 96/200 loss 0.0347 train 1.0000 test 0.4584
epoch 97/200 loss 0.0347 train 0.9997 test 0.4607
epoch 98/200 loss 0.0399 train 0.9991 test 0.4569
epoch 99/200 loss 0.0343 train 1.0000 test 0.4547
epoch 100/200 loss 0.0384 train 0.9994 test 0.4487
epoch 101/200 loss 0.0357 train 0.9997 test 0.4554
epoch 102/200 loss 0.0335 train 0.9997 test 0.4555
epoch 103/200 loss 0.0328 train 1.0000 test 0.4578
epoch 104/200 loss 0.0316 train 1.0000 test 0.4580
epoch 105/200 loss 0.0302 train 1.0000 test 0.4621
epoch 106/200 loss 0.0311 train 0.9997 test 0.4548
epoch 107/200 loss 0.0305 train 1.0000 test 0.4592
epoch 108/200 loss 0.0286 train 1.0000 test 0.4605
epoch 109/200 loss 0.0291 train 1.0000 test 0.4615
epoch 110/200 loss 0.0276 train 1.0000 test 0.4606
epoch 111/200 loss 0.0294 train 1.0000 test 0.4607
epoch 112/200 loss 0.0284 train 1.0000 test 0.4589
epoch 113/200 loss 0.0284 train 1.0000 test 0.4593
epoch 114/200 loss 0.0262 train 1.0000 test 0.4603
epoch 115/200 loss 0.0268 train 1.0000 test 0.4623
epoch 116/200 loss 0.0271 train 1.0000 test 0.4596
epoch 117/200 loss 0.0272 train 1.0000 test 0.4589
epoch 118/200 loss 0.0258 train 1.0000 test 0.4618
epoch 119/200 loss 0.0257 train 1.0000 test 0.4590
epoch 120/200 loss 0.0259 train 1.0000 test 0.4598
epoch 121/200 loss 0.0253 train 1.0000 test 0.4590
epoch 122/200 loss 0.0248 train 1.0000 test 0.4613
epoch 123/200 loss 0.0262 train 1.0000 test 0.4633
epoch 124/200 loss 0.0251 train 1.0000 test 0.4612
epoch 125/200 loss 0.0228 train 1.0000 test 0.4617
epoch 126/200 loss 0.0237 train 1.0000 test 0.4610
epoch 127/200 loss 0.0231 train 1.0000 test 0.4656
epoch 128/200 loss 0.0230 train 1.0000 test 0.4643
epoch 129/200 loss 0.0233 train 1.0000 test 0.4632
epoch 130/200 loss 0.0235 train 1.0000 test 0.4635
epoch 131/200 loss 0.0231 train 1.0000 test 0.4620
epoch 132/200 loss 0.0223 train 1.0000 test 0.4612
epoch 133/200 loss 0.0225 train 1.0000 test 0.4655
epoch 134/200 loss 0.0212 train 1.0000 test 0.4638
epoch 135/200 loss 0.0214 train 1.0000 test 0.4668
epoch 136/200 loss 0.0214 train 1.0000 test 0.4623
epoch 137/200 loss 0.0213 train 1.0000 test 0.4633
epoch 138/200 loss 0.0212 train 1.0000 test 0.4637
epoch 139/200 loss 0.0211 train 1.0000 test 0.4664
epoch 140/200 loss 0.0210 train 1.0000 test 0.4639
epoch 141/200 loss 0.0207 train 1.0000 test 0.4664
epoch 142/200 loss 0.0211 train 1.0000 test 0.4635
epoch 143/200 loss 0.0201 train 1.0000 test 0.4635
epoch 144/200 loss 0.0195 train 1.0000 test 0.4625
epoch 145/200 loss 0.0200 train 1.0000 test 0.4638
epoch 146/200 loss 0.0201 train 1.0000 test 0.4644
epoch 147/200 loss 0.0198 train 1.0000 test 0.4650
epoch 148/200 loss 0.0196 train 1.0000 test 0.4663
epoch 149/200 loss 0.0187 train 1.0000 test 0.4651
epoch 150/200 loss 0.0193 train 1.0000 test 0.4640
epoch 151/200 loss 0.0188 train 1.0000 test 0.4665
epoch 152/200 loss 0.0184 train 1.0000 test 0.4658
epoch 153/200 loss 0.0188 train 1.0000 test 0.4666
epoch 154/200 loss 0.0183 train 1.0000 test 0.4646
epoch 155/200 loss 0.0181 train 1.0000 test 0.4655
epoch 156/200 loss 0.0185 train 1.0000 test 0.4624
epoch 157/200 loss 0.0175 train 1.0000 test 0.4651
epoch 158/200 loss 0.0176 train 1.0000 test 0.4651
epoch 159/200 loss 0.0180 train 1.0000 test 0.4661
epoch 160/200 loss 0.0167 train 1.0000 test 0.4635
epoch 161/200 loss 0.0176 train 1.0000 test 0.4629
epoch 162/200 loss 0.0172 train 1.0000 test 0.4642
epoch 163/200 loss 0.0175 train 1.0000 test 0.4648
epoch 164/200 loss 0.0169 train 1.0000 test 0.4678
epoch 165/200 loss 0.0167 train 1.0000 test 0.4657
epoch 166/200 loss 0.0160 train 1.0000 test 0.4686
epoch 167/200 loss 0.0161 train 1.0000 test 0.4656
epoch 168/200 loss 0.0162 train 1.0000 test 0.4656
epoch 169/200 loss 0.0172 train 1.0000 test 0.4650
epoch 170/200 loss 0.0167 train 1.0000 test 0.4644
epoch 171/200 loss 0.0161 train 1.0000 test 0.4639
epoch 172/200 loss 0.0165 train 1.0000 test 0.4647
epoch 173/200 loss 0.0156 train 1.0000 test 0.4643
epoch 174/200 loss 0.0160 train 1.0000 test 0.4637
epoch 175/200 loss 0.0151 train 1.0000 test 0.4642
epoch 176/200 loss 0.0159 train 1.0000 test 0.4645
epoch 177/200 loss 0.0156 train 1.0000 test 0.4642
epoch 178/200 loss 0.0161 train 1.0000 test 0.4646
epoch 179/200 loss 0.0159 train 1.0000 test 0.4655
epoch 180/200 loss 0.0156 train 1.0000 test 0.4665
epoch 181/200 loss 0.0158 train 1.0000 test 0.4654
epoch 182/200 loss 0.0150 train 1.0000 test 0.4669
epoch 183/200 loss 0.0156 train 1.0000 test 0.4640
epoch 184/200 loss 0.0153 train 1.0000 test 0.4656
epoch 185/200 loss 0.0155 train 1.0000 test 0.4661
epoch 186/200 loss 0.0143 train 1.0000 test 0.4643
epoch 187/200 loss 0.0152 train 1.0000 test 0.4653
epoch 188/200 loss 0.0144 train 1.0000 test 0.4646
epoch 189/200 loss 0.0149 train 1.0000 test 0.4639
epoch 190/200 loss 0.0149 train 1.0000 test 0.4667
epoch 191/200 loss 0.0151 train 0.9997 test 0.4639
epoch 192/200 loss 0.0145 train 1.0000 test 0.4656
epoch 193/200 loss 0.0145 train 1.0000 test 0.4642
epoch 194/200 loss 0.0145 train 1.0000 test 0.4653
epoch 195/200 loss 0.0147 train 1.0000 test 0.4650
epoch 196/200 loss 0.0150 train 0.9997 test 0.4654
epoch 197/200 loss 0.0139 train 1.0000 test 0.4654
epoch 198/200 loss 0.0146 train 1.0000 test 0.4652
epoch 199/200 loss 0.0143 train 1.0000 test 0.4666
epoch 200/200 loss 0.0153 train 1.0000 test 0.4650
done: final 0.4650 best 0.4686 -> ./runs/diagtaxlam_c100_l01_7pct/seed2
--- diagtaxlam_c100_l03_7pct seed0 2026-08-14T17:19:43+02:00
Warning: You are sending unauthenticated requests to the HF Hub. Please set a HF_TOKEN to enable higher rate limits and faster downloads.
moment-aux target calibrated on 1024 images
[diagtaxlam_c100_l03_7pct seed0] {"params_trainable": 11222188, "params_stem_trainable": 0, "params_stem_fixed_filters": 0, "flops_total": 556705792, "flops_stem": 0, "flops_image_size": 32}
epoch 1/200 loss 5.3904 train 0.0150 test 0.0413
epoch 2/200 loss 4.4695 train 0.0677 test 0.0919
epoch 3/200 loss 3.9214 train 0.1325 test 0.1272
epoch 4/200 loss 3.4442 train 0.1994 test 0.1655
epoch 5/200 loss 3.0305 train 0.2636 test 0.2111
epoch 6/200 loss 2.6860 train 0.3440 test 0.2567
epoch 7/200 loss 2.3512 train 0.4068 test 0.2875
epoch 8/200 loss 2.0499 train 0.4644 test 0.2966
epoch 9/200 loss 1.7913 train 0.5252 test 0.3427
epoch 10/200 loss 1.5620 train 0.5897 test 0.3594
epoch 11/200 loss 1.3711 train 0.6357 test 0.3564
epoch 12/200 loss 1.1771 train 0.6927 test 0.3596
epoch 13/200 loss 1.0781 train 0.7193 test 0.3882
epoch 14/200 loss 0.9026 train 0.7731 test 0.3884
epoch 15/200 loss 0.8199 train 0.7963 test 0.3913
epoch 16/200 loss 0.7018 train 0.8380 test 0.3949
epoch 17/200 loss 0.6137 train 0.8675 test 0.4113
epoch 18/200 loss 0.5423 train 0.8822 test 0.3970
epoch 19/200 loss 0.4640 train 0.9048 test 0.4103
epoch 20/200 loss 0.4207 train 0.9216 test 0.4050
epoch 21/200 loss 0.3843 train 0.9323 test 0.4131
epoch 22/200 loss 0.3505 train 0.9392 test 0.4160
epoch 23/200 loss 0.2990 train 0.9560 test 0.4181
epoch 24/200 loss 0.2590 train 0.9693 test 0.4296
epoch 25/200 loss 0.2495 train 0.9696 test 0.4237
epoch 26/200 loss 0.2231 train 0.9714 test 0.4296
epoch 27/200 loss 0.2127 train 0.9763 test 0.4215
epoch 28/200 loss 0.1851 train 0.9852 test 0.4300
epoch 29/200 loss 0.1753 train 0.9823 test 0.4306
epoch 30/200 loss 0.1568 train 0.9902 test 0.4370
epoch 31/200 loss 0.1612 train 0.9884 test 0.4374
epoch 32/200 loss 0.1485 train 0.9899 test 0.4432
epoch 33/200 loss 0.1402 train 0.9931 test 0.4432
epoch 34/200 loss 0.1457 train 0.9890 test 0.4350
epoch 35/200 loss 0.1395 train 0.9907 test 0.4281
epoch 36/200 loss 0.1330 train 0.9931 test 0.4330
epoch 37/200 loss 0.1232 train 0.9939 test 0.4398
epoch 38/200 loss 0.1209 train 0.9919 test 0.4445
epoch 39/200 loss 0.1157 train 0.9957 test 0.4448
epoch 40/200 loss 0.1057 train 0.9959 test 0.4467
epoch 41/200 loss 0.1016 train 0.9971 test 0.4503
epoch 42/200 loss 0.0986 train 0.9988 test 0.4476
epoch 43/200 loss 0.0978 train 0.9971 test 0.4508
epoch 44/200 loss 0.0947 train 0.9974 test 0.4471
epoch 45/200 loss 0.0977 train 0.9968 test 0.4493
epoch 46/200 loss 0.0934 train 0.9983 test 0.4540
epoch 47/200 loss 0.0894 train 0.9971 test 0.4497
epoch 48/200 loss 0.0848 train 0.9994 test 0.4531
epoch 49/200 loss 0.0877 train 0.9986 test 0.4486
epoch 50/200 loss 0.0826 train 0.9994 test 0.4586
epoch 51/200 loss 0.0797 train 0.9991 test 0.4557
epoch 52/200 loss 0.0798 train 0.9994 test 0.4527
epoch 53/200 loss 0.0834 train 0.9983 test 0.4564
epoch 54/200 loss 0.0821 train 0.9986 test 0.4513
epoch 55/200 loss 0.0787 train 0.9986 test 0.4539
epoch 56/200 loss 0.0739 train 0.9991 test 0.4576
epoch 57/200 loss 0.0717 train 0.9991 test 0.4646
epoch 58/200 loss 0.0768 train 0.9986 test 0.4559
epoch 59/200 loss 0.0736 train 0.9997 test 0.4564
epoch 60/200 loss 0.0700 train 0.9997 test 0.4595
epoch 61/200 loss 0.0685 train 0.9997 test 0.4537
epoch 62/200 loss 0.0708 train 0.9986 test 0.4569
epoch 63/200 loss 0.0738 train 0.9980 test 0.4544
epoch 64/200 loss 0.0675 train 0.9991 test 0.4613
epoch 65/200 loss 0.0703 train 0.9986 test 0.4611
epoch 66/200 loss 0.0654 train 0.9994 test 0.4605
epoch 67/200 loss 0.0608 train 1.0000 test 0.4627
epoch 68/200 loss 0.0618 train 1.0000 test 0.4628
epoch 69/200 loss 0.0608 train 1.0000 test 0.4629
epoch 70/200 loss 0.0608 train 0.9997 test 0.4617
epoch 71/200 loss 0.0603 train 0.9997 test 0.4573
epoch 72/200 loss 0.0580 train 0.9994 test 0.4630
epoch 73/200 loss 0.0577 train 0.9986 test 0.4602
epoch 74/200 loss 0.0559 train 0.9997 test 0.4626
epoch 75/200 loss 0.0561 train 1.0000 test 0.4623
epoch 76/200 loss 0.0537 train 0.9997 test 0.4645
epoch 77/200 loss 0.0553 train 0.9994 test 0.4671
epoch 78/200 loss 0.0533 train 1.0000 test 0.4627
epoch 79/200 loss 0.0516 train 1.0000 test 0.4696
epoch 80/200 loss 0.0515 train 1.0000 test 0.4679
epoch 81/200 loss 0.0521 train 1.0000 test 0.4718
epoch 82/200 loss 0.0517 train 0.9997 test 0.4690
epoch 83/200 loss 0.0502 train 0.9997 test 0.4664
epoch 84/200 loss 0.0482 train 1.0000 test 0.4727
epoch 85/200 loss 0.0480 train 0.9997 test 0.4696
epoch 86/200 loss 0.0490 train 0.9997 test 0.4654
epoch 87/200 loss 0.0492 train 0.9997 test 0.4695
epoch 88/200 loss 0.0487 train 1.0000 test 0.4684
epoch 89/200 loss 0.0476 train 1.0000 test 0.4690
epoch 90/200 loss 0.0466 train 0.9997 test 0.4734
epoch 91/200 loss 0.0438 train 1.0000 test 0.4768
epoch 92/200 loss 0.0438 train 1.0000 test 0.4707
epoch 93/200 loss 0.0437 train 0.9994 test 0.4735
epoch 94/200 loss 0.0425 train 1.0000 test 0.4667
epoch 95/200 loss 0.0420 train 1.0000 test 0.4714
epoch 96/200 loss 0.0409 train 1.0000 test 0.4714
epoch 97/200 loss 0.0407 train 1.0000 test 0.4719
epoch 98/200 loss 0.0402 train 1.0000 test 0.4729
epoch 99/200 loss 0.0399 train 1.0000 test 0.4722
epoch 100/200 loss 0.0394 train 1.0000 test 0.4737
epoch 101/200 loss 0.0395 train 1.0000 test 0.4752
epoch 102/200 loss 0.0382 train 1.0000 test 0.4717
epoch 103/200 loss 0.0374 train 1.0000 test 0.4735
epoch 104/200 loss 0.0370 train 1.0000 test 0.4718
epoch 105/200 loss 0.0365 train 1.0000 test 0.4744
epoch 106/200 loss 0.0366 train 1.0000 test 0.4700
epoch 107/200 loss 0.0364 train 0.9997 test 0.4738
epoch 108/200 loss 0.0372 train 0.9997 test 0.4756
epoch 109/200 loss 0.0372 train 1.0000 test 0.4716
epoch 110/200 loss 0.0358 train 1.0000 test 0.4756
epoch 111/200 loss 0.0336 train 1.0000 test 0.4786
epoch 112/200 loss 0.0349 train 1.0000 test 0.4750
epoch 113/200 loss 0.0344 train 0.9997 test 0.4763
epoch 114/200 loss 0.0330 train 1.0000 test 0.4775
epoch 115/200 loss 0.0318 train 1.0000 test 0.4774
epoch 116/200 loss 0.0323 train 1.0000 test 0.4771
epoch 117/200 loss 0.0331 train 1.0000 test 0.4728
epoch 118/200 loss 0.0320 train 1.0000 test 0.4773
epoch 119/200 loss 0.0315 train 0.9997 test 0.4773
epoch 120/200 loss 0.0311 train 1.0000 test 0.4780
epoch 121/200 loss 0.0294 train 0.9997 test 0.4744
epoch 122/200 loss 0.0287 train 1.0000 test 0.4747
epoch 123/200 loss 0.0295 train 1.0000 test 0.4754
epoch 124/200 loss 0.0294 train 1.0000 test 0.4747
epoch 125/200 loss 0.0284 train 1.0000 test 0.4779
epoch 126/200 loss 0.0283 train 1.0000 test 0.4774
epoch 127/200 loss 0.0271 train 1.0000 test 0.4792
epoch 128/200 loss 0.0270 train 1.0000 test 0.4780
epoch 129/200 loss 0.0265 train 1.0000 test 0.4782
epoch 130/200 loss 0.0260 train 1.0000 test 0.4785
epoch 131/200 loss 0.0271 train 1.0000 test 0.4786
epoch 132/200 loss 0.0262 train 1.0000 test 0.4796
epoch 133/200 loss 0.0260 train 1.0000 test 0.4794
epoch 134/200 loss 0.0257 train 1.0000 test 0.4799
epoch 135/200 loss 0.0251 train 1.0000 test 0.4760
epoch 136/200 loss 0.0243 train 1.0000 test 0.4774
epoch 137/200 loss 0.0241 train 1.0000 test 0.4778
epoch 138/200 loss 0.0243 train 1.0000 test 0.4808
epoch 139/200 loss 0.0241 train 1.0000 test 0.4800
epoch 140/200 loss 0.0245 train 0.9997 test 0.4787
epoch 141/200 loss 0.0237 train 1.0000 test 0.4786
epoch 142/200 loss 0.0229 train 1.0000 test 0.4795
epoch 143/200 loss 0.0228 train 1.0000 test 0.4769
epoch 144/200 loss 0.0222 train 1.0000 test 0.4785
epoch 145/200 loss 0.0230 train 1.0000 test 0.4807
epoch 146/200 loss 0.0216 train 1.0000 test 0.4813
epoch 147/200 loss 0.0210 train 1.0000 test 0.4810
epoch 148/200 loss 0.0211 train 1.0000 test 0.4798
epoch 149/200 loss 0.0206 train 1.0000 test 0.4785
epoch 150/200 loss 0.0212 train 1.0000 test 0.4798
epoch 151/200 loss 0.0204 train 1.0000 test 0.4808
epoch 152/200 loss 0.0204 train 1.0000 test 0.4798
epoch 153/200 loss 0.0203 train 1.0000 test 0.4806
epoch 154/200 loss 0.0199 train 1.0000 test 0.4820
epoch 155/200 loss 0.0195 train 1.0000 test 0.4837
epoch 156/200 loss 0.0198 train 1.0000 test 0.4824
epoch 157/200 loss 0.0202 train 1.0000 test 0.4806
epoch 158/200 loss 0.0202 train 1.0000 test 0.4806
epoch 159/200 loss 0.0189 train 1.0000 test 0.4823
epoch 160/200 loss 0.0190 train 1.0000 test 0.4815
epoch 161/200 loss 0.0185 train 1.0000 test 0.4841
epoch 162/200 loss 0.0188 train 1.0000 test 0.4829
epoch 163/200 loss 0.0186 train 1.0000 test 0.4827
epoch 164/200 loss 0.0181 train 1.0000 test 0.4812
epoch 165/200 loss 0.0174 train 1.0000 test 0.4828
epoch 166/200 loss 0.0184 train 1.0000 test 0.4818
epoch 167/200 loss 0.0179 train 1.0000 test 0.4830
epoch 168/200 loss 0.0178 train 1.0000 test 0.4847
epoch 169/200 loss 0.0173 train 1.0000 test 0.4830
epoch 170/200 loss 0.0171 train 1.0000 test 0.4833
epoch 171/200 loss 0.0171 train 1.0000 test 0.4811
epoch 172/200 loss 0.0171 train 1.0000 test 0.4828
epoch 173/200 loss 0.0163 train 1.0000 test 0.4823
epoch 174/200 loss 0.0166 train 1.0000 test 0.4819
epoch 175/200 loss 0.0162 train 1.0000 test 0.4819
epoch 176/200 loss 0.0164 train 1.0000 test 0.4825
epoch 177/200 loss 0.0163 train 1.0000 test 0.4831
epoch 178/200 loss 0.0155 train 1.0000 test 0.4815
epoch 179/200 loss 0.0156 train 1.0000 test 0.4820
epoch 180/200 loss 0.0150 train 1.0000 test 0.4821
epoch 181/200 loss 0.0162 train 1.0000 test 0.4836
epoch 182/200 loss 0.0157 train 1.0000 test 0.4827
epoch 183/200 loss 0.0150 train 1.0000 test 0.4826
epoch 184/200 loss 0.0152 train 1.0000 test 0.4808
epoch 185/200 loss 0.0157 train 1.0000 test 0.4839
epoch 186/200 loss 0.0151 train 1.0000 test 0.4843
epoch 187/200 loss 0.0158 train 1.0000 test 0.4822
epoch 188/200 loss 0.0159 train 1.0000 test 0.4822
epoch 189/200 loss 0.0156 train 1.0000 test 0.4833
epoch 190/200 loss 0.0155 train 1.0000 test 0.4825
epoch 191/200 loss 0.0150 train 1.0000 test 0.4829
epoch 192/200 loss 0.0147 train 1.0000 test 0.4833
epoch 193/200 loss 0.0150 train 1.0000 test 0.4820
epoch 194/200 loss 0.0147 train 1.0000 test 0.4815
epoch 195/200 loss 0.0150 train 1.0000 test 0.4833
epoch 196/200 loss 0.0143 train 1.0000 test 0.4827
epoch 197/200 loss 0.0144 train 1.0000 test 0.4838
epoch 198/200 loss 0.0150 train 1.0000 test 0.4837
epoch 199/200 loss 0.0140 train 1.0000 test 0.4840
epoch 200/200 loss 0.0141 train 1.0000 test 0.4841
done: final 0.4841 best 0.4847 -> ./runs/diagtaxlam_c100_l03_7pct/seed0
--- diagtaxlam_c100_l03_7pct seed1 2026-08-14T17:24:12+02:00
Warning: You are sending unauthenticated requests to the HF Hub. Please set a HF_TOKEN to enable higher rate limits and faster downloads.
moment-aux target calibrated on 1024 images
[diagtaxlam_c100_l03_7pct seed1] {"params_trainable": 11222188, "params_stem_trainable": 0, "params_stem_fixed_filters": 0, "flops_total": 556705792, "flops_stem": 0, "flops_image_size": 32}
epoch 1/200 loss 5.4635 train 0.0174 test 0.0316
epoch 2/200 loss 4.5006 train 0.0613 test 0.0816
epoch 3/200 loss 3.9276 train 0.1317 test 0.1330
epoch 4/200 loss 3.4757 train 0.2011 test 0.1786
epoch 5/200 loss 2.9940 train 0.2815 test 0.2292
epoch 6/200 loss 2.6203 train 0.3513 test 0.2671
epoch 7/200 loss 2.2769 train 0.4230 test 0.2979
epoch 8/200 loss 2.0088 train 0.4792 test 0.2941
epoch 9/200 loss 1.7777 train 0.5333 test 0.3293
epoch 10/200 loss 1.5939 train 0.5799 test 0.3411
epoch 11/200 loss 1.3878 train 0.6296 test 0.3869
epoch 12/200 loss 1.1858 train 0.6930 test 0.3861
epoch 13/200 loss 1.0445 train 0.7240 test 0.3858
epoch 14/200 loss 0.8964 train 0.7740 test 0.4098
epoch 15/200 loss 0.7962 train 0.7966 test 0.4128
epoch 16/200 loss 0.6749 train 0.8368 test 0.4138
epoch 17/200 loss 0.6157 train 0.8602 test 0.4098
epoch 18/200 loss 0.5414 train 0.8796 test 0.4331
epoch 19/200 loss 0.4912 train 0.8996 test 0.4310
epoch 20/200 loss 0.3961 train 0.9265 test 0.4447
epoch 21/200 loss 0.3537 train 0.9381 test 0.4250
epoch 22/200 loss 0.3287 train 0.9447 test 0.4356
epoch 23/200 loss 0.2895 train 0.9604 test 0.4342
epoch 24/200 loss 0.2641 train 0.9644 test 0.4373
epoch 25/200 loss 0.2466 train 0.9670 test 0.4519
epoch 26/200 loss 0.2180 train 0.9737 test 0.4439
epoch 27/200 loss 0.2025 train 0.9789 test 0.4510
epoch 28/200 loss 0.1849 train 0.9852 test 0.4496
epoch 29/200 loss 0.1819 train 0.9835 test 0.4480
epoch 30/200 loss 0.1714 train 0.9867 test 0.4567
epoch 31/200 loss 0.1630 train 0.9870 test 0.4553
epoch 32/200 loss 0.1496 train 0.9893 test 0.4575
epoch 33/200 loss 0.1400 train 0.9933 test 0.4580
epoch 34/200 loss 0.1366 train 0.9925 test 0.4612
epoch 35/200 loss 0.1275 train 0.9925 test 0.4655
epoch 36/200 loss 0.1172 train 0.9945 test 0.4635
epoch 37/200 loss 0.1187 train 0.9954 test 0.4630
epoch 38/200 loss 0.1222 train 0.9936 test 0.4667
epoch 39/200 loss 0.1135 train 0.9959 test 0.4669
epoch 40/200 loss 0.1035 train 0.9974 test 0.4702
epoch 41/200 loss 0.1100 train 0.9968 test 0.4687
epoch 42/200 loss 0.1031 train 0.9971 test 0.4635
epoch 43/200 loss 0.0977 train 0.9980 test 0.4695
epoch 44/200 loss 0.0951 train 0.9962 test 0.4648
epoch 45/200 loss 0.0921 train 0.9971 test 0.4708
epoch 46/200 loss 0.0962 train 0.9962 test 0.4699
epoch 47/200 loss 0.0912 train 0.9983 test 0.4693
epoch 48/200 loss 0.0871 train 0.9991 test 0.4715
epoch 49/200 loss 0.0830 train 0.9988 test 0.4725
epoch 50/200 loss 0.0820 train 0.9994 test 0.4757
epoch 51/200 loss 0.0801 train 0.9983 test 0.4795
epoch 52/200 loss 0.0760 train 0.9991 test 0.4821
epoch 53/200 loss 0.0785 train 0.9983 test 0.4750
epoch 54/200 loss 0.0763 train 0.9988 test 0.4811
epoch 55/200 loss 0.0771 train 0.9991 test 0.4798
epoch 56/200 loss 0.0752 train 0.9997 test 0.4792
epoch 57/200 loss 0.0737 train 0.9991 test 0.4814
epoch 58/200 loss 0.0723 train 1.0000 test 0.4786
epoch 59/200 loss 0.0706 train 1.0000 test 0.4806
epoch 60/200 loss 0.0672 train 0.9994 test 0.4838
epoch 61/200 loss 0.0678 train 0.9994 test 0.4806
epoch 62/200 loss 0.0677 train 0.9997 test 0.4865
epoch 63/200 loss 0.0654 train 0.9991 test 0.4816
epoch 64/200 loss 0.0694 train 0.9991 test 0.4663
epoch 65/200 loss 0.0671 train 0.9997 test 0.4801
epoch 66/200 loss 0.0635 train 0.9997 test 0.4816
epoch 67/200 loss 0.0647 train 0.9997 test 0.4770
epoch 68/200 loss 0.0632 train 0.9988 test 0.4832
epoch 69/200 loss 0.0602 train 0.9994 test 0.4785
epoch 70/200 loss 0.0599 train 0.9997 test 0.4847
epoch 71/200 loss 0.0628 train 0.9983 test 0.4764
epoch 72/200 loss 0.0627 train 0.9994 test 0.4843
epoch 73/200 loss 0.0617 train 0.9988 test 0.4793
epoch 74/200 loss 0.0596 train 0.9991 test 0.4879
epoch 75/200 loss 0.0573 train 1.0000 test 0.4809
epoch 76/200 loss 0.0554 train 1.0000 test 0.4841
epoch 77/200 loss 0.0542 train 1.0000 test 0.4863
epoch 78/200 loss 0.0541 train 0.9994 test 0.4858
epoch 79/200 loss 0.0519 train 1.0000 test 0.4874
epoch 80/200 loss 0.0519 train 0.9997 test 0.4913
epoch 81/200 loss 0.0534 train 0.9994 test 0.4874
epoch 82/200 loss 0.0520 train 0.9988 test 0.4865
epoch 83/200 loss 0.0501 train 0.9997 test 0.4857
epoch 84/200 loss 0.0500 train 1.0000 test 0.4873
epoch 85/200 loss 0.0474 train 1.0000 test 0.4952
epoch 86/200 loss 0.0480 train 0.9997 test 0.4923
epoch 87/200 loss 0.0460 train 1.0000 test 0.4884
epoch 88/200 loss 0.0491 train 0.9997 test 0.4873
epoch 89/200 loss 0.0440 train 0.9997 test 0.4955
epoch 90/200 loss 0.0435 train 1.0000 test 0.4950
epoch 91/200 loss 0.0435 train 0.9997 test 0.4961
epoch 92/200 loss 0.0460 train 0.9988 test 0.4888
epoch 93/200 loss 0.0427 train 1.0000 test 0.4952
epoch 94/200 loss 0.0411 train 1.0000 test 0.4976
epoch 95/200 loss 0.0411 train 1.0000 test 0.4937
epoch 96/200 loss 0.0409 train 0.9997 test 0.4929
epoch 97/200 loss 0.0396 train 0.9997 test 0.4951
epoch 98/200 loss 0.0419 train 1.0000 test 0.4926
epoch 99/200 loss 0.0431 train 1.0000 test 0.4934
epoch 100/200 loss 0.0420 train 1.0000 test 0.4953
epoch 101/200 loss 0.0386 train 0.9997 test 0.4925
epoch 102/200 loss 0.0389 train 1.0000 test 0.4969
epoch 103/200 loss 0.0389 train 0.9997 test 0.4970
epoch 104/200 loss 0.0398 train 1.0000 test 0.4943
epoch 105/200 loss 0.0372 train 1.0000 test 0.4922
epoch 106/200 loss 0.0359 train 1.0000 test 0.4964
epoch 107/200 loss 0.0346 train 1.0000 test 0.4964
epoch 108/200 loss 0.0351 train 1.0000 test 0.5023
epoch 109/200 loss 0.0330 train 1.0000 test 0.4996
epoch 110/200 loss 0.0326 train 1.0000 test 0.4986
epoch 111/200 loss 0.0329 train 1.0000 test 0.5004
epoch 112/200 loss 0.0318 train 1.0000 test 0.5002
epoch 113/200 loss 0.0328 train 1.0000 test 0.4981
epoch 114/200 loss 0.0318 train 0.9997 test 0.5032
epoch 115/200 loss 0.0326 train 0.9997 test 0.5019
epoch 116/200 loss 0.0320 train 1.0000 test 0.4978
epoch 117/200 loss 0.0306 train 1.0000 test 0.4994
epoch 118/200 loss 0.0302 train 1.0000 test 0.4993
epoch 119/200 loss 0.0293 train 1.0000 test 0.5027
epoch 120/200 loss 0.0310 train 0.9994 test 0.5028
epoch 121/200 loss 0.0306 train 1.0000 test 0.5017
epoch 122/200 loss 0.0295 train 1.0000 test 0.5039
epoch 123/200 loss 0.0290 train 1.0000 test 0.5012
epoch 124/200 loss 0.0288 train 1.0000 test 0.5011
epoch 125/200 loss 0.0284 train 1.0000 test 0.5028
epoch 126/200 loss 0.0271 train 1.0000 test 0.5070
epoch 127/200 loss 0.0274 train 1.0000 test 0.5042
epoch 128/200 loss 0.0266 train 1.0000 test 0.5036
epoch 129/200 loss 0.0276 train 1.0000 test 0.5055
epoch 130/200 loss 0.0261 train 1.0000 test 0.5023
epoch 131/200 loss 0.0256 train 1.0000 test 0.5057
epoch 132/200 loss 0.0259 train 1.0000 test 0.5068
epoch 133/200 loss 0.0263 train 1.0000 test 0.5036
epoch 134/200 loss 0.0252 train 1.0000 test 0.5043
epoch 135/200 loss 0.0241 train 1.0000 test 0.5085
epoch 136/200 loss 0.0238 train 1.0000 test 0.5051
epoch 137/200 loss 0.0244 train 1.0000 test 0.5064
epoch 138/200 loss 0.0239 train 1.0000 test 0.5057
epoch 139/200 loss 0.0225 train 1.0000 test 0.5054
epoch 140/200 loss 0.0237 train 1.0000 test 0.5052
epoch 141/200 loss 0.0231 train 1.0000 test 0.5080
epoch 142/200 loss 0.0230 train 1.0000 test 0.5080
epoch 143/200 loss 0.0222 train 1.0000 test 0.5061
epoch 144/200 loss 0.0223 train 1.0000 test 0.5073
epoch 145/200 loss 0.0216 train 1.0000 test 0.5077
epoch 146/200 loss 0.0208 train 1.0000 test 0.5071
epoch 147/200 loss 0.0207 train 1.0000 test 0.5081
epoch 148/200 loss 0.0212 train 1.0000 test 0.5078
epoch 149/200 loss 0.0210 train 1.0000 test 0.5079
epoch 150/200 loss 0.0203 train 1.0000 test 0.5092
epoch 151/200 loss 0.0202 train 1.0000 test 0.5093
epoch 152/200 loss 0.0199 train 1.0000 test 0.5087
epoch 153/200 loss 0.0194 train 1.0000 test 0.5084
epoch 154/200 loss 0.0196 train 1.0000 test 0.5078
epoch 155/200 loss 0.0195 train 1.0000 test 0.5089
epoch 156/200 loss 0.0185 train 1.0000 test 0.5072
epoch 157/200 loss 0.0191 train 1.0000 test 0.5090
epoch 158/200 loss 0.0188 train 1.0000 test 0.5095
epoch 159/200 loss 0.0176 train 1.0000 test 0.5102
epoch 160/200 loss 0.0178 train 1.0000 test 0.5056
epoch 161/200 loss 0.0184 train 1.0000 test 0.5092
epoch 162/200 loss 0.0186 train 1.0000 test 0.5113
epoch 163/200 loss 0.0182 train 1.0000 test 0.5107
epoch 164/200 loss 0.0164 train 1.0000 test 0.5089
epoch 165/200 loss 0.0172 train 1.0000 test 0.5093
epoch 166/200 loss 0.0171 train 1.0000 test 0.5109
epoch 167/200 loss 0.0162 train 1.0000 test 0.5110
epoch 168/200 loss 0.0168 train 1.0000 test 0.5108
epoch 169/200 loss 0.0163 train 1.0000 test 0.5120
epoch 170/200 loss 0.0162 train 0.9997 test 0.5111
epoch 171/200 loss 0.0161 train 1.0000 test 0.5102
epoch 172/200 loss 0.0161 train 1.0000 test 0.5119
epoch 173/200 loss 0.0153 train 1.0000 test 0.5107
epoch 174/200 loss 0.0156 train 1.0000 test 0.5099
epoch 175/200 loss 0.0157 train 1.0000 test 0.5090
epoch 176/200 loss 0.0158 train 1.0000 test 0.5085
epoch 177/200 loss 0.0154 train 1.0000 test 0.5091
epoch 178/200 loss 0.0158 train 1.0000 test 0.5088
epoch 179/200 loss 0.0147 train 1.0000 test 0.5093
epoch 180/200 loss 0.0149 train 1.0000 test 0.5099
epoch 181/200 loss 0.0147 train 1.0000 test 0.5093
epoch 182/200 loss 0.0143 train 1.0000 test 0.5086
epoch 183/200 loss 0.0154 train 1.0000 test 0.5104
epoch 184/200 loss 0.0137 train 1.0000 test 0.5091
epoch 185/200 loss 0.0147 train 1.0000 test 0.5095
epoch 186/200 loss 0.0146 train 1.0000 test 0.5100
epoch 187/200 loss 0.0150 train 1.0000 test 0.5082
epoch 188/200 loss 0.0147 train 1.0000 test 0.5088
epoch 189/200 loss 0.0137 train 1.0000 test 0.5102
epoch 190/200 loss 0.0140 train 1.0000 test 0.5107
epoch 191/200 loss 0.0143 train 1.0000 test 0.5111
epoch 192/200 loss 0.0142 train 1.0000 test 0.5104
epoch 193/200 loss 0.0135 train 1.0000 test 0.5093
epoch 194/200 loss 0.0136 train 1.0000 test 0.5111
epoch 195/200 loss 0.0141 train 1.0000 test 0.5093
epoch 196/200 loss 0.0135 train 1.0000 test 0.5103
epoch 197/200 loss 0.0135 train 1.0000 test 0.5122
epoch 198/200 loss 0.0135 train 1.0000 test 0.5094
epoch 199/200 loss 0.0144 train 1.0000 test 0.5096
epoch 200/200 loss 0.0142 train 1.0000 test 0.5100
done: final 0.5100 best 0.5122 -> ./runs/diagtaxlam_c100_l03_7pct/seed1
--- diagtaxlam_c100_l03_7pct seed2 2026-08-14T17:28:37+02:00
moment-aux target calibrated on 1024 images
[diagtaxlam_c100_l03_7pct seed2] {"params_trainable": 11222188, "params_stem_trainable": 0, "params_stem_fixed_filters": 0, "flops_total": 556705792, "flops_stem": 0, "flops_image_size": 32}
epoch 1/200 loss 5.2357 train 0.0188 test 0.0288
epoch 2/200 loss 4.4540 train 0.0666 test 0.0750
epoch 3/200 loss 3.9622 train 0.1209 test 0.1115
epoch 4/200 loss 3.5658 train 0.1748 test 0.1609
epoch 5/200 loss 3.2145 train 0.2344 test 0.1902
epoch 6/200 loss 2.8722 train 0.3027 test 0.2323
epoch 7/200 loss 2.5527 train 0.3652 test 0.2495
epoch 8/200 loss 2.2484 train 0.4317 test 0.2650
epoch 9/200 loss 1.9794 train 0.4844 test 0.3017
epoch 10/200 loss 1.7816 train 0.5367 test 0.3062
epoch 11/200 loss 1.5775 train 0.5891 test 0.3300
epoch 12/200 loss 1.4030 train 0.6317 test 0.3302
epoch 13/200 loss 1.2304 train 0.6742 test 0.3443
epoch 14/200 loss 1.0716 train 0.7318 test 0.3495
epoch 15/200 loss 0.9425 train 0.7627 test 0.3476
epoch 16/200 loss 0.8315 train 0.7894 test 0.3593
epoch 17/200 loss 0.7348 train 0.8278 test 0.3631
epoch 18/200 loss 0.6559 train 0.8455 test 0.3684
epoch 19/200 loss 0.5511 train 0.8805 test 0.3767
epoch 20/200 loss 0.5051 train 0.8979 test 0.3783
epoch 21/200 loss 0.4405 train 0.9129 test 0.3847
epoch 22/200 loss 0.3702 train 0.9387 test 0.3827
epoch 23/200 loss 0.3434 train 0.9444 test 0.3887
epoch 24/200 loss 0.3141 train 0.9517 test 0.3860
epoch 25/200 loss 0.2847 train 0.9606 test 0.3928
epoch 26/200 loss 0.2481 train 0.9693 test 0.3939
epoch 27/200 loss 0.2253 train 0.9763 test 0.4000
epoch 28/200 loss 0.2191 train 0.9763 test 0.4004
epoch 29/200 loss 0.2051 train 0.9777 test 0.4019
epoch 30/200 loss 0.1915 train 0.9821 test 0.4012
epoch 31/200 loss 0.1796 train 0.9797 test 0.3954
epoch 32/200 loss 0.1661 train 0.9870 test 0.4024
epoch 33/200 loss 0.1544 train 0.9858 test 0.4080
epoch 34/200 loss 0.1508 train 0.9884 test 0.4106
epoch 35/200 loss 0.1410 train 0.9916 test 0.4078
epoch 36/200 loss 0.1294 train 0.9945 test 0.4154
epoch 37/200 loss 0.1370 train 0.9919 test 0.4077
epoch 38/200 loss 0.1255 train 0.9931 test 0.4102
epoch 39/200 loss 0.1241 train 0.9922 test 0.4134
epoch 40/200 loss 0.1155 train 0.9962 test 0.4146
epoch 41/200 loss 0.1152 train 0.9962 test 0.4229
epoch 42/200 loss 0.1094 train 0.9942 test 0.4102
epoch 43/200 loss 0.1061 train 0.9962 test 0.4215
epoch 44/200 loss 0.1020 train 0.9974 test 0.4172
epoch 45/200 loss 0.0951 train 0.9983 test 0.4219
epoch 46/200 loss 0.0883 train 0.9991 test 0.4216
epoch 47/200 loss 0.0903 train 0.9974 test 0.4254
epoch 48/200 loss 0.0893 train 0.9986 test 0.4226
epoch 49/200 loss 0.0902 train 0.9983 test 0.4238
epoch 50/200 loss 0.0898 train 0.9977 test 0.4280
epoch 51/200 loss 0.0847 train 0.9983 test 0.4230
epoch 52/200 loss 0.0834 train 0.9986 test 0.4236
epoch 53/200 loss 0.0825 train 0.9986 test 0.4231
epoch 54/200 loss 0.0794 train 0.9977 test 0.4245
epoch 55/200 loss 0.0874 train 0.9974 test 0.4211
epoch 56/200 loss 0.0831 train 0.9983 test 0.4311
epoch 57/200 loss 0.0781 train 0.9988 test 0.4308
epoch 58/200 loss 0.0765 train 0.9997 test 0.4202
epoch 59/200 loss 0.0717 train 0.9988 test 0.4294
epoch 60/200 loss 0.0701 train 0.9997 test 0.4263
epoch 61/200 loss 0.0694 train 0.9994 test 0.4366
epoch 62/200 loss 0.0672 train 0.9997 test 0.4344
epoch 63/200 loss 0.0649 train 0.9994 test 0.4269
epoch 64/200 loss 0.0619 train 0.9997 test 0.4330
epoch 65/200 loss 0.0609 train 0.9997 test 0.4310
epoch 66/200 loss 0.0622 train 1.0000 test 0.4349
epoch 67/200 loss 0.0621 train 0.9994 test 0.4275
epoch 68/200 loss 0.0621 train 0.9994 test 0.4326
epoch 69/200 loss 0.0591 train 0.9997 test 0.4406
epoch 70/200 loss 0.0579 train 1.0000 test 0.4325
epoch 71/200 loss 0.0591 train 0.9997 test 0.4410
epoch 72/200 loss 0.0578 train 0.9994 test 0.4344
epoch 73/200 loss 0.0551 train 0.9997 test 0.4398
epoch 74/200 loss 0.0536 train 1.0000 test 0.4359
epoch 75/200 loss 0.0548 train 0.9997 test 0.4346
epoch 76/200 loss 0.0544 train 0.9997 test 0.4355
epoch 77/200 loss 0.0545 train 0.9997 test 0.4369
epoch 78/200 loss 0.0536 train 1.0000 test 0.4351
epoch 79/200 loss 0.0555 train 1.0000 test 0.4438
epoch 80/200 loss 0.0501 train 1.0000 test 0.4413
epoch 81/200 loss 0.0501 train 1.0000 test 0.4431
epoch 82/200 loss 0.0501 train 1.0000 test 0.4370
epoch 83/200 loss 0.0515 train 0.9994 test 0.4388
epoch 84/200 loss 0.0525 train 0.9994 test 0.4422
epoch 85/200 loss 0.0505 train 0.9994 test 0.4443
epoch 86/200 loss 0.0575 train 0.9991 test 0.4392
epoch 87/200 loss 0.0550 train 0.9994 test 0.4367
epoch 88/200 loss 0.0522 train 0.9997 test 0.4378
epoch 89/200 loss 0.0539 train 0.9988 test 0.4346
epoch 90/200 loss 0.0514 train 0.9994 test 0.4384
epoch 91/200 loss 0.0487 train 1.0000 test 0.4428
epoch 92/200 loss 0.0454 train 0.9994 test 0.4438
epoch 93/200 loss 0.0476 train 0.9986 test 0.4432
epoch 94/200 loss 0.0527 train 0.9986 test 0.4412
epoch 95/200 loss 0.0590 train 0.9986 test 0.4364
epoch 96/200 loss 0.0479 train 0.9991 test 0.4389
epoch 97/200 loss 0.0531 train 0.9971 test 0.4415
epoch 98/200 loss 0.0513 train 0.9988 test 0.4415
epoch 99/200 loss 0.0440 train 1.0000 test 0.4432
epoch 100/200 loss 0.0416 train 1.0000 test 0.4448
epoch 101/200 loss 0.0403 train 1.0000 test 0.4470
epoch 102/200 loss 0.0369 train 1.0000 test 0.4453
epoch 103/200 loss 0.0369 train 1.0000 test 0.4484
epoch 104/200 loss 0.0358 train 1.0000 test 0.4503
epoch 105/200 loss 0.0354 train 1.0000 test 0.4499
epoch 106/200 loss 0.0368 train 1.0000 test 0.4486
epoch 107/200 loss 0.0359 train 1.0000 test 0.4475
epoch 108/200 loss 0.0339 train 1.0000 test 0.4490
epoch 109/200 loss 0.0334 train 1.0000 test 0.4533
epoch 110/200 loss 0.0319 train 1.0000 test 0.4456
epoch 111/200 loss 0.0397 train 0.9988 test 0.4485
epoch 112/200 loss 0.0396 train 0.9994 test 0.4456
epoch 113/200 loss 0.0342 train 1.0000 test 0.4468
epoch 114/200 loss 0.0327 train 1.0000 test 0.4464
epoch 115/200 loss 0.0312 train 1.0000 test 0.4454
epoch 116/200 loss 0.0311 train 1.0000 test 0.4490
epoch 117/200 loss 0.0307 train 1.0000 test 0.4471
epoch 118/200 loss 0.0299 train 1.0000 test 0.4470
epoch 119/200 loss 0.0304 train 1.0000 test 0.4524
epoch 120/200 loss 0.0302 train 1.0000 test 0.4477
epoch 121/200 loss 0.0298 train 1.0000 test 0.4510
epoch 122/200 loss 0.0293 train 1.0000 test 0.4488
epoch 123/200 loss 0.0285 train 1.0000 test 0.4507
epoch 124/200 loss 0.0283 train 1.0000 test 0.4495
epoch 125/200 loss 0.0280 train 0.9997 test 0.4513
epoch 126/200 loss 0.0272 train 1.0000 test 0.4533
epoch 127/200 loss 0.0269 train 1.0000 test 0.4515
epoch 128/200 loss 0.0264 train 1.0000 test 0.4513
epoch 129/200 loss 0.0260 train 1.0000 test 0.4519
epoch 130/200 loss 0.0265 train 1.0000 test 0.4500
epoch 131/200 loss 0.0262 train 1.0000 test 0.4521
epoch 132/200 loss 0.0259 train 1.0000 test 0.4507
epoch 133/200 loss 0.0253 train 1.0000 test 0.4507
epoch 134/200 loss 0.0248 train 1.0000 test 0.4509
epoch 135/200 loss 0.0249 train 1.0000 test 0.4511
epoch 136/200 loss 0.0248 train 1.0000 test 0.4498
epoch 137/200 loss 0.0252 train 1.0000 test 0.4510
epoch 138/200 loss 0.0248 train 1.0000 test 0.4488
epoch 139/200 loss 0.0237 train 1.0000 test 0.4504
epoch 140/200 loss 0.0237 train 1.0000 test 0.4545
epoch 141/200 loss 0.0233 train 1.0000 test 0.4537
epoch 142/200 loss 0.0235 train 1.0000 test 0.4550
epoch 143/200 loss 0.0220 train 1.0000 test 0.4501
epoch 144/200 loss 0.0215 train 1.0000 test 0.4506
epoch 145/200 loss 0.0224 train 1.0000 test 0.4559
epoch 146/200 loss 0.0228 train 1.0000 test 0.4544
epoch 147/200 loss 0.0215 train 1.0000 test 0.4534
epoch 148/200 loss 0.0216 train 1.0000 test 0.4536
epoch 149/200 loss 0.0204 train 1.0000 test 0.4540
epoch 150/200 loss 0.0207 train 1.0000 test 0.4544
epoch 151/200 loss 0.0203 train 1.0000 test 0.4545
epoch 152/200 loss 0.0203 train 1.0000 test 0.4544
epoch 153/200 loss 0.0198 train 1.0000 test 0.4560
epoch 154/200 loss 0.0201 train 1.0000 test 0.4537
epoch 155/200 loss 0.0195 train 1.0000 test 0.4543
epoch 156/200 loss 0.0191 train 1.0000 test 0.4565
epoch 157/200 loss 0.0191 train 1.0000 test 0.4576
epoch 158/200 loss 0.0189 train 1.0000 test 0.4571
epoch 159/200 loss 0.0190 train 1.0000 test 0.4566
epoch 160/200 loss 0.0178 train 1.0000 test 0.4562
epoch 161/200 loss 0.0184 train 1.0000 test 0.4563
epoch 162/200 loss 0.0186 train 1.0000 test 0.4563
epoch 163/200 loss 0.0183 train 1.0000 test 0.4569
epoch 164/200 loss 0.0183 train 0.9997 test 0.4562
epoch 165/200 loss 0.0175 train 1.0000 test 0.4562
epoch 166/200 loss 0.0174 train 1.0000 test 0.4567
epoch 167/200 loss 0.0169 train 1.0000 test 0.4568
epoch 168/200 loss 0.0170 train 1.0000 test 0.4554
epoch 169/200 loss 0.0176 train 1.0000 test 0.4558
epoch 170/200 loss 0.0172 train 1.0000 test 0.4562
epoch 171/200 loss 0.0169 train 1.0000 test 0.4570
epoch 172/200 loss 0.0166 train 1.0000 test 0.4557
epoch 173/200 loss 0.0163 train 1.0000 test 0.4561
epoch 174/200 loss 0.0168 train 1.0000 test 0.4571
epoch 175/200 loss 0.0163 train 1.0000 test 0.4563
epoch 176/200 loss 0.0162 train 1.0000 test 0.4583
epoch 177/200 loss 0.0155 train 1.0000 test 0.4571
epoch 178/200 loss 0.0158 train 1.0000 test 0.4569
epoch 179/200 loss 0.0158 train 1.0000 test 0.4568
epoch 180/200 loss 0.0155 train 1.0000 test 0.4563
epoch 181/200 loss 0.0159 train 1.0000 test 0.4565
epoch 182/200 loss 0.0153 train 1.0000 test 0.4581
epoch 183/200 loss 0.0150 train 1.0000 test 0.4560
epoch 184/200 loss 0.0156 train 1.0000 test 0.4554
epoch 185/200 loss 0.0155 train 1.0000 test 0.4575
epoch 186/200 loss 0.0144 train 1.0000 test 0.4584
epoch 187/200 loss 0.0158 train 1.0000 test 0.4553
epoch 188/200 loss 0.0147 train 1.0000 test 0.4569
epoch 189/200 loss 0.0146 train 1.0000 test 0.4569
epoch 190/200 loss 0.0157 train 1.0000 test 0.4565
epoch 191/200 loss 0.0148 train 1.0000 test 0.4556
epoch 192/200 loss 0.0142 train 1.0000 test 0.4566
epoch 193/200 loss 0.0145 train 1.0000 test 0.4558
epoch 194/200 loss 0.0143 train 1.0000 test 0.4560
epoch 195/200 loss 0.0152 train 1.0000 test 0.4569
epoch 196/200 loss 0.0150 train 1.0000 test 0.4566
epoch 197/200 loss 0.0141 train 1.0000 test 0.4556
epoch 198/200 loss 0.0140 train 1.0000 test 0.4560
epoch 199/200 loss 0.0146 train 1.0000 test 0.4569
epoch 200/200 loss 0.0152 train 1.0000 test 0.4568
done: final 0.4568 best 0.4584 -> ./runs/diagtaxlam_c100_l03_7pct/seed2
--- diagtaxlam_c10_delay_5pct seed0 2026-08-14T17:33:01+02:00
moment-aux target calibrated on 1024 images
[diagtaxlam_c10_delay_5pct seed0] {"params_trainable": 11176018, "params_stem_trainable": 0, "params_stem_fixed_filters": 0, "flops_total": 556659712, "flops_stem": 0, "flops_image_size": 32}
epoch 1/200 loss 2.1237 train 0.2122 test 0.1915
epoch 2/200 loss 1.7713 train 0.3598 test 0.2315
epoch 3/200 loss 1.5371 train 0.4322 test 0.4210
epoch 4/200 loss 1.3143 train 0.5222 test 0.4992
epoch 5/200 loss 1.1433 train 0.5835 test 0.5368
epoch 6/200 loss 0.9413 train 0.6641 test 0.6266
epoch 7/200 loss 0.8170 train 0.7097 test 0.6585
epoch 8/200 loss 0.7201 train 0.7410 test 0.6710
epoch 9/200 loss 0.6126 train 0.7874 test 0.6642
epoch 10/200 loss 0.5796 train 0.7998 test 0.6773
epoch 11/200 loss 0.4644 train 0.8335 test 0.7174
epoch 12/200 loss 0.3788 train 0.8779 test 0.7292
epoch 13/200 loss 0.3464 train 0.8791 test 0.7139
epoch 14/200 loss 0.3249 train 0.8886 test 0.6981
epoch 15/200 loss 0.2993 train 0.8968 test 0.7092
epoch 16/200 loss 0.2512 train 0.9124 test 0.7420
epoch 17/200 loss 0.2016 train 0.9301 test 0.7485
epoch 18/200 loss 0.1728 train 0.9433 test 0.7462
epoch 19/200 loss 0.1521 train 0.9527 test 0.7537
epoch 20/200 loss 0.1450 train 0.9482 test 0.7484
epoch 21/200 loss 0.1278 train 0.9589 test 0.7366
epoch 22/200 loss 0.1315 train 0.9605 test 0.7256
epoch 23/200 loss 0.1136 train 0.9634 test 0.7534
epoch 24/200 loss 0.1163 train 0.9605 test 0.7578
epoch 25/200 loss 0.1061 train 0.9663 test 0.7532
epoch 26/200 loss 0.0841 train 0.9770 test 0.7510
epoch 27/200 loss 0.0868 train 0.9762 test 0.7551
epoch 28/200 loss 0.0816 train 0.9770 test 0.7598
epoch 29/200 loss 0.0800 train 0.9725 test 0.7517
epoch 30/200 loss 0.0547 train 0.9852 test 0.7687
epoch 31/200 loss 0.0481 train 0.9881 test 0.7642
epoch 32/200 loss 0.0396 train 0.9914 test 0.7603
epoch 33/200 loss 0.0487 train 0.9856 test 0.7608
epoch 34/200 loss 0.0482 train 0.9848 test 0.7572
epoch 35/200 loss 0.0429 train 0.9881 test 0.7703
epoch 36/200 loss 0.0375 train 0.9910 test 0.7656
epoch 37/200 loss 0.0291 train 0.9959 test 0.7747
epoch 38/200 loss 0.0294 train 0.9934 test 0.7739
epoch 39/200 loss 0.0314 train 0.9922 test 0.7731
epoch 40/200 loss 0.0210 train 0.9975 test 0.7753
epoch 41/200 loss 0.0296 train 0.9914 test 0.7819
epoch 42/200 loss 0.0214 train 0.9963 test 0.7760
epoch 43/200 loss 0.0291 train 0.9922 test 0.7774
epoch 44/200 loss 0.0197 train 0.9955 test 0.7788
epoch 45/200 loss 0.0175 train 0.9963 test 0.7839
epoch 46/200 loss 0.0239 train 0.9955 test 0.7766
epoch 47/200 loss 0.0210 train 0.9959 test 0.7788
epoch 48/200 loss 0.0215 train 0.9955 test 0.7744
epoch 49/200 loss 0.0235 train 0.9947 test 0.7779
epoch 50/200 loss 0.0203 train 0.9955 test 0.7794
epoch 51/200 loss 0.0251 train 0.9938 test 0.7829
epoch 52/200 loss 0.0147 train 0.9996 test 0.7802
epoch 53/200 loss 0.0133 train 0.9975 test 0.7813
epoch 54/200 loss 0.0130 train 0.9988 test 0.7887
epoch 55/200 loss 0.0147 train 0.9963 test 0.7800
epoch 56/200 loss 0.0144 train 0.9975 test 0.7889
epoch 57/200 loss 0.0132 train 0.9979 test 0.7865
epoch 58/200 loss 0.0146 train 0.9971 test 0.7824
epoch 59/200 loss 0.0195 train 0.9959 test 0.7819
epoch 60/200 loss 0.0152 train 0.9959 test 0.7800
epoch 61/200 loss 0.0141 train 0.9979 test 0.7821
epoch 62/200 loss 0.0123 train 0.9988 test 0.7844
epoch 63/200 loss 0.0121 train 0.9988 test 0.7859
epoch 64/200 loss 0.0100 train 0.9984 test 0.7853
epoch 65/200 loss 0.0108 train 0.9992 test 0.7862
epoch 66/200 loss 0.0093 train 0.9988 test 0.7906
epoch 67/200 loss 0.0095 train 0.9992 test 0.7909
epoch 68/200 loss 0.0110 train 0.9979 test 0.7920
epoch 69/200 loss 0.0088 train 0.9988 test 0.7950
epoch 70/200 loss 0.0096 train 1.0000 test 0.7905
epoch 71/200 loss 0.0106 train 0.9979 test 0.7876
epoch 72/200 loss 0.0103 train 0.9992 test 0.7945
epoch 73/200 loss 0.0088 train 0.9988 test 0.7915
epoch 74/200 loss 0.0062 train 1.0000 test 0.7916
epoch 75/200 loss 0.0063 train 0.9996 test 0.7960
epoch 76/200 loss 0.0066 train 1.0000 test 0.7913
epoch 77/200 loss 0.0077 train 0.9996 test 0.7962
epoch 78/200 loss 0.0071 train 0.9996 test 0.7959
epoch 79/200 loss 0.0053 train 1.0000 test 0.7970
epoch 80/200 loss 0.0052 train 0.9996 test 0.7983
epoch 81/200 loss 0.0059 train 1.0000 test 0.7980
epoch 82/200 loss 0.0097 train 0.9979 test 0.7934
epoch 83/200 loss 0.0080 train 0.9996 test 0.7895
epoch 84/200 loss 0.0080 train 1.0000 test 0.7917
epoch 85/200 loss 0.0077 train 0.9992 test 0.7930
epoch 86/200 loss 0.0096 train 0.9988 test 0.7871
epoch 87/200 loss 0.0092 train 0.9996 test 0.7961
epoch 88/200 loss 0.0062 train 1.0000 test 0.7996
epoch 89/200 loss 0.0068 train 0.9996 test 0.8003
epoch 90/200 loss 0.0071 train 0.9992 test 0.7964
epoch 91/200 loss 0.0075 train 1.0000 test 0.7963
epoch 92/200 loss 0.0073 train 0.9996 test 0.7950
epoch 93/200 loss 0.0069 train 0.9992 test 0.8000
epoch 94/200 loss 0.0063 train 1.0000 test 0.7992
epoch 95/200 loss 0.0056 train 1.0000 test 0.8020
epoch 96/200 loss 0.0072 train 0.9996 test 0.7986
epoch 97/200 loss 0.0067 train 0.9992 test 0.7974
epoch 98/200 loss 0.0067 train 1.0000 test 0.7991
epoch 99/200 loss 0.0049 train 1.0000 test 0.8003
epoch 100/200 loss 0.0073 train 1.0000 test 0.7997
epoch 101/200 loss 1.2304 train 0.9988 test 0.7807
epoch 102/200 loss 0.3880 train 0.9979 test 0.7863
epoch 103/200 loss 0.2863 train 0.9971 test 0.7851
epoch 104/200 loss 0.2544 train 0.9959 test 0.7837
epoch 105/200 loss 0.2283 train 0.9963 test 0.7795
epoch 106/200 loss 0.2129 train 0.9963 test 0.7821
epoch 107/200 loss 0.1990 train 0.9963 test 0.7850
epoch 108/200 loss 0.1943 train 0.9955 test 0.7867
epoch 109/200 loss 0.1880 train 0.9955 test 0.7868
epoch 110/200 loss 0.1741 train 0.9967 test 0.7804
epoch 111/200 loss 0.1744 train 0.9955 test 0.7780
epoch 112/200 loss 0.1608 train 0.9975 test 0.7794
epoch 113/200 loss 0.1620 train 0.9951 test 0.7840
epoch 114/200 loss 0.1506 train 0.9971 test 0.7868
epoch 115/200 loss 0.1421 train 0.9979 test 0.7858
epoch 116/200 loss 0.1432 train 0.9959 test 0.7835
epoch 117/200 loss 0.1392 train 0.9971 test 0.7821
epoch 118/200 loss 0.1383 train 0.9971 test 0.7878
epoch 119/200 loss 0.1276 train 0.9988 test 0.7851
epoch 120/200 loss 0.1288 train 0.9955 test 0.7835
epoch 121/200 loss 0.1280 train 0.9942 test 0.7805
epoch 122/200 loss 0.1221 train 0.9971 test 0.7798
epoch 123/200 loss 0.1175 train 0.9984 test 0.7887
epoch 124/200 loss 0.1122 train 0.9984 test 0.7896
epoch 125/200 loss 0.1109 train 0.9988 test 0.7865
epoch 126/200 loss 0.1075 train 0.9988 test 0.7837
epoch 127/200 loss 0.1004 train 0.9992 test 0.7877
epoch 128/200 loss 0.1012 train 0.9975 test 0.7879
epoch 129/200 loss 0.0968 train 0.9996 test 0.7871
epoch 130/200 loss 0.1001 train 0.9975 test 0.7891
epoch 131/200 loss 0.0932 train 0.9984 test 0.7839
epoch 132/200 loss 0.0965 train 0.9975 test 0.7849
epoch 133/200 loss 0.0870 train 0.9992 test 0.7888
epoch 134/200 loss 0.0864 train 0.9988 test 0.7873
epoch 135/200 loss 0.0813 train 0.9992 test 0.7910
epoch 136/200 loss 0.0805 train 0.9988 test 0.7862
epoch 137/200 loss 0.0778 train 0.9988 test 0.7858
epoch 138/200 loss 0.0790 train 0.9975 test 0.7873
epoch 139/200 loss 0.0747 train 0.9992 test 0.7905
epoch 140/200 loss 0.0736 train 0.9984 test 0.7906
epoch 141/200 loss 0.0727 train 0.9988 test 0.7886
epoch 142/200 loss 0.0700 train 0.9992 test 0.7888
epoch 143/200 loss 0.0669 train 0.9996 test 0.7905
epoch 144/200 loss 0.0657 train 1.0000 test 0.7895
epoch 145/200 loss 0.0640 train 0.9988 test 0.7904
epoch 146/200 loss 0.0635 train 0.9992 test 0.7885
epoch 147/200 loss 0.0612 train 0.9988 test 0.7896
epoch 148/200 loss 0.0589 train 0.9996 test 0.7904
epoch 149/200 loss 0.0560 train 0.9996 test 0.7914
epoch 150/200 loss 0.0549 train 0.9992 test 0.7918
epoch 151/200 loss 0.0531 train 0.9992 test 0.7925
epoch 152/200 loss 0.0491 train 1.0000 test 0.7945
epoch 153/200 loss 0.0489 train 0.9996 test 0.7939
epoch 154/200 loss 0.0489 train 0.9996 test 0.7923
epoch 155/200 loss 0.0476 train 0.9996 test 0.7936
epoch 156/200 loss 0.0445 train 0.9996 test 0.7940
epoch 157/200 loss 0.0417 train 1.0000 test 0.7939
epoch 158/200 loss 0.0406 train 1.0000 test 0.7954
epoch 159/200 loss 0.0389 train 1.0000 test 0.7949
epoch 160/200 loss 0.0389 train 0.9996 test 0.7967
epoch 161/200 loss 0.0366 train 0.9996 test 0.7958
epoch 162/200 loss 0.0340 train 1.0000 test 0.7939
epoch 163/200 loss 0.0336 train 1.0000 test 0.7968
epoch 164/200 loss 0.0315 train 0.9992 test 0.7957
epoch 165/200 loss 0.0316 train 0.9992 test 0.7964
epoch 166/200 loss 0.0301 train 0.9992 test 0.7984
epoch 167/200 loss 0.0288 train 1.0000 test 0.7982
epoch 168/200 loss 0.0259 train 1.0000 test 0.7978
epoch 169/200 loss 0.0252 train 1.0000 test 0.7975
epoch 170/200 loss 0.0250 train 0.9996 test 0.7981
epoch 171/200 loss 0.0236 train 0.9996 test 0.7981
epoch 172/200 loss 0.0256 train 0.9988 test 0.7968
epoch 173/200 loss 0.0209 train 1.0000 test 0.7963
epoch 174/200 loss 0.0193 train 1.0000 test 0.7978
epoch 175/200 loss 0.0187 train 0.9992 test 0.7971
epoch 176/200 loss 0.0177 train 1.0000 test 0.7985
epoch 177/200 loss 0.0164 train 1.0000 test 0.7979
epoch 178/200 loss 0.0156 train 1.0000 test 0.7981
epoch 179/200 loss 0.0141 train 1.0000 test 0.7972
epoch 180/200 loss 0.0136 train 1.0000 test 0.7973
epoch 181/200 loss 0.0130 train 1.0000 test 0.7974
epoch 182/200 loss 0.0123 train 1.0000 test 0.7974
epoch 183/200 loss 0.0114 train 0.9996 test 0.7975
epoch 184/200 loss 0.0108 train 0.9996 test 0.7976
epoch 185/200 loss 0.0103 train 0.9996 test 0.7986
epoch 186/200 loss 0.0090 train 1.0000 test 0.7974
epoch 187/200 loss 0.0083 train 1.0000 test 0.7973
epoch 188/200 loss 0.0087 train 1.0000 test 0.7984
epoch 189/200 loss 0.0075 train 1.0000 test 0.7973
epoch 190/200 loss 0.0067 train 1.0000 test 0.7982
epoch 191/200 loss 0.0062 train 1.0000 test 0.7979
epoch 192/200 loss 0.0063 train 1.0000 test 0.7982
epoch 193/200 loss 0.0049 train 1.0000 test 0.7980
epoch 194/200 loss 0.0052 train 1.0000 test 0.7984
epoch 195/200 loss 0.0070 train 0.9996 test 0.7986
epoch 196/200 loss 0.0055 train 1.0000 test 0.7979
epoch 197/200 loss 0.0050 train 1.0000 test 0.7984
epoch 198/200 loss 0.0050 train 1.0000 test 0.7982
epoch 199/200 loss 0.0045 train 0.9996 test 0.7991
epoch 200/200 loss 0.0040 train 1.0000 test 0.7987
done: final 0.7987 best 0.8020 -> ./runs/diagtaxlam_c10_delay_5pct/seed0
--- diagtaxlam_c10_delay_5pct seed1 2026-08-14T17:36:58+02:00
Warning: You are sending unauthenticated requests to the HF Hub. Please set a HF_TOKEN to enable higher rate limits and faster downloads.
moment-aux target calibrated on 1024 images
[diagtaxlam_c10_delay_5pct seed1] {"params_trainable": 11176018, "params_stem_trainable": 0, "params_stem_fixed_filters": 0, "flops_total": 556659712, "flops_stem": 0, "flops_image_size": 32}
epoch 1/200 loss 2.1328 train 0.2044 test 0.2265
epoch 2/200 loss 1.7505 train 0.3602 test 0.3180
epoch 3/200 loss 1.4964 train 0.4535 test 0.4610
epoch 4/200 loss 1.2855 train 0.5407 test 0.5082
epoch 5/200 loss 1.0732 train 0.6184 test 0.5938
epoch 6/200 loss 0.9200 train 0.6760 test 0.6151
epoch 7/200 loss 0.8166 train 0.7089 test 0.6281
epoch 8/200 loss 0.7157 train 0.7377 test 0.6540
epoch 9/200 loss 0.6198 train 0.7792 test 0.7018
epoch 10/200 loss 0.5296 train 0.8051 test 0.7227
epoch 11/200 loss 0.4560 train 0.8409 test 0.7119
epoch 12/200 loss 0.4142 train 0.8491 test 0.7353
epoch 13/200 loss 0.3640 train 0.8672 test 0.7279
epoch 14/200 loss 0.3093 train 0.8898 test 0.7326
epoch 15/200 loss 0.2695 train 0.9038 test 0.7412
epoch 16/200 loss 0.2254 train 0.9215 test 0.7562
epoch 17/200 loss 0.1970 train 0.9293 test 0.7552
epoch 18/200 loss 0.1857 train 0.9383 test 0.7550
epoch 19/200 loss 0.1459 train 0.9523 test 0.7640
epoch 20/200 loss 0.1299 train 0.9552 test 0.7696
epoch 21/200 loss 0.1361 train 0.9556 test 0.7798
epoch 22/200 loss 0.1040 train 0.9700 test 0.7793
epoch 23/200 loss 0.1117 train 0.9626 test 0.7649
epoch 24/200 loss 0.1019 train 0.9683 test 0.7794
epoch 25/200 loss 0.0598 train 0.9848 test 0.7871
epoch 26/200 loss 0.0685 train 0.9803 test 0.7839
epoch 27/200 loss 0.0690 train 0.9807 test 0.7933
epoch 28/200 loss 0.0727 train 0.9803 test 0.7982
epoch 29/200 loss 0.0518 train 0.9873 test 0.7933
epoch 30/200 loss 0.0396 train 0.9905 test 0.7981
epoch 31/200 loss 0.0457 train 0.9893 test 0.7921
epoch 32/200 loss 0.0400 train 0.9881 test 0.7914
epoch 33/200 loss 0.0472 train 0.9885 test 0.7802
epoch 34/200 loss 0.0416 train 0.9885 test 0.7878
epoch 35/200 loss 0.0515 train 0.9856 test 0.7951
epoch 36/200 loss 0.0367 train 0.9918 test 0.7946
epoch 37/200 loss 0.0406 train 0.9910 test 0.7937
epoch 38/200 loss 0.0319 train 0.9918 test 0.7999
epoch 39/200 loss 0.0279 train 0.9930 test 0.7996
epoch 40/200 loss 0.0269 train 0.9930 test 0.7973
epoch 41/200 loss 0.0305 train 0.9922 test 0.8023
epoch 42/200 loss 0.0225 train 0.9942 test 0.8067
epoch 43/200 loss 0.0252 train 0.9947 test 0.8063
epoch 44/200 loss 0.0275 train 0.9930 test 0.8017
epoch 45/200 loss 0.0236 train 0.9951 test 0.8015
epoch 46/200 loss 0.0248 train 0.9942 test 0.7994
epoch 47/200 loss 0.0182 train 0.9975 test 0.8136
epoch 48/200 loss 0.0216 train 0.9959 test 0.8164
epoch 49/200 loss 0.0221 train 0.9975 test 0.8081
epoch 50/200 loss 0.0197 train 0.9951 test 0.8125
epoch 51/200 loss 0.0123 train 0.9984 test 0.8163
epoch 52/200 loss 0.0144 train 0.9979 test 0.8114
epoch 53/200 loss 0.0148 train 0.9975 test 0.8133
epoch 54/200 loss 0.0129 train 0.9984 test 0.8151
epoch 55/200 loss 0.0153 train 0.9975 test 0.8105
epoch 56/200 loss 0.0145 train 0.9975 test 0.8047
epoch 57/200 loss 0.0128 train 0.9979 test 0.8130
epoch 58/200 loss 0.0138 train 0.9967 test 0.8061
epoch 59/200 loss 0.0134 train 0.9984 test 0.8145
epoch 60/200 loss 0.0170 train 0.9955 test 0.8097
epoch 61/200 loss 0.0143 train 0.9984 test 0.8121
epoch 62/200 loss 0.0130 train 0.9971 test 0.8119
epoch 63/200 loss 0.0127 train 0.9979 test 0.8132
epoch 64/200 loss 0.0114 train 0.9984 test 0.8142
epoch 65/200 loss 0.0113 train 0.9988 test 0.8210
epoch 66/200 loss 0.0120 train 0.9979 test 0.8192
epoch 67/200 loss 0.0081 train 0.9996 test 0.8188
epoch 68/200 loss 0.0114 train 0.9975 test 0.8203
epoch 69/200 loss 0.0086 train 0.9992 test 0.8232
epoch 70/200 loss 0.0100 train 0.9988 test 0.8204
epoch 71/200 loss 0.0065 train 0.9996 test 0.8259
epoch 72/200 loss 0.0076 train 0.9992 test 0.8247
epoch 73/200 loss 0.0083 train 0.9992 test 0.8180
epoch 74/200 loss 0.0098 train 0.9984 test 0.8237
epoch 75/200 loss 0.0069 train 1.0000 test 0.8237
epoch 76/200 loss 0.0060 train 0.9996 test 0.8236
epoch 77/200 loss 0.0076 train 0.9988 test 0.8228
epoch 78/200 loss 0.0083 train 0.9992 test 0.8243
epoch 79/200 loss 0.0076 train 0.9992 test 0.8241
epoch 80/200 loss 0.0111 train 0.9979 test 0.8248
epoch 81/200 loss 0.0068 train 0.9996 test 0.8270
epoch 82/200 loss 0.0060 train 1.0000 test 0.8273
epoch 83/200 loss 0.0066 train 0.9996 test 0.8281
epoch 84/200 loss 0.0055 train 1.0000 test 0.8284
epoch 85/200 loss 0.0055 train 0.9996 test 0.8251
epoch 86/200 loss 0.0059 train 0.9992 test 0.8272
epoch 87/200 loss 0.0083 train 0.9984 test 0.8269
epoch 88/200 loss 0.0071 train 0.9996 test 0.8194
epoch 89/200 loss 0.0076 train 0.9996 test 0.8300
epoch 90/200 loss 0.0066 train 0.9996 test 0.8312
epoch 91/200 loss 0.0070 train 0.9992 test 0.8309
epoch 92/200 loss 0.0057 train 1.0000 test 0.8333
epoch 93/200 loss 0.0056 train 0.9996 test 0.8308
epoch 94/200 loss 0.0048 train 0.9992 test 0.8303
epoch 95/200 loss 0.0051 train 0.9996 test 0.8314
epoch 96/200 loss 0.0049 train 0.9996 test 0.8335
epoch 97/200 loss 0.0048 train 1.0000 test 0.8278
epoch 98/200 loss 0.0060 train 1.0000 test 0.8276
epoch 99/200 loss 0.0059 train 0.9992 test 0.8308
epoch 100/200 loss 0.0054 train 1.0000 test 0.8307
epoch 101/200 loss 1.3509 train 1.0000 test 0.8094
epoch 102/200 loss 0.3813 train 0.9926 test 0.8012
epoch 103/200 loss 0.2876 train 0.9926 test 0.8115
epoch 104/200 loss 0.2445 train 0.9959 test 0.8000
epoch 105/200 loss 0.2230 train 0.9955 test 0.8053
epoch 106/200 loss 0.2053 train 0.9959 test 0.8117
epoch 107/200 loss 0.1924 train 0.9971 test 0.8101
epoch 108/200 loss 0.1804 train 0.9984 test 0.8079
epoch 109/200 loss 0.1703 train 0.9959 test 0.8041
epoch 110/200 loss 0.1608 train 0.9971 test 0.8151
epoch 111/200 loss 0.1601 train 0.9971 test 0.8124
epoch 112/200 loss 0.1498 train 0.9992 test 0.8148
epoch 113/200 loss 0.1455 train 0.9988 test 0.8073
epoch 114/200 loss 0.1445 train 0.9975 test 0.7967
epoch 115/200 loss 0.1419 train 0.9971 test 0.8093
epoch 116/200 loss 0.1366 train 0.9963 test 0.8065
epoch 117/200 loss 0.1305 train 0.9975 test 0.8076
epoch 118/200 loss 0.1308 train 0.9951 test 0.8030
epoch 119/200 loss 0.1247 train 0.9967 test 0.8087
epoch 120/200 loss 0.1184 train 0.9984 test 0.8082
epoch 121/200 loss 0.1183 train 0.9967 test 0.8089
epoch 122/200 loss 0.1155 train 0.9975 test 0.8102
epoch 123/200 loss 0.1117 train 0.9975 test 0.8111
epoch 124/200 loss 0.1041 train 0.9992 test 0.8130
epoch 125/200 loss 0.1058 train 0.9984 test 0.8092
epoch 126/200 loss 0.1034 train 0.9979 test 0.8101
epoch 127/200 loss 0.0963 train 0.9992 test 0.8096
epoch 128/200 loss 0.0977 train 0.9979 test 0.8103
epoch 129/200 loss 0.0917 train 0.9996 test 0.8105
epoch 130/200 loss 0.0967 train 0.9963 test 0.8085
epoch 131/200 loss 0.0897 train 0.9984 test 0.8054
epoch 132/200 loss 0.0862 train 0.9984 test 0.8061
epoch 133/200 loss 0.0842 train 0.9984 test 0.8072
epoch 134/200 loss 0.0836 train 0.9992 test 0.8077
epoch 135/200 loss 0.0810 train 0.9975 test 0.8087
epoch 136/200 loss 0.0766 train 1.0000 test 0.8093
epoch 137/200 loss 0.0758 train 0.9992 test 0.8106
epoch 138/200 loss 0.0749 train 0.9992 test 0.8115
epoch 139/200 loss 0.0725 train 0.9996 test 0.8116
epoch 140/200 loss 0.0694 train 0.9996 test 0.8108
epoch 141/200 loss 0.0671 train 0.9992 test 0.8099
epoch 142/200 loss 0.0654 train 0.9996 test 0.8119
epoch 143/200 loss 0.0635 train 0.9996 test 0.8109
epoch 144/200 loss 0.0652 train 0.9984 test 0.8130
epoch 145/200 loss 0.0596 train 0.9996 test 0.8098
epoch 146/200 loss 0.0615 train 0.9984 test 0.8111
epoch 147/200 loss 0.0578 train 0.9996 test 0.8118
epoch 148/200 loss 0.0550 train 0.9996 test 0.8125
epoch 149/200 loss 0.0564 train 0.9988 test 0.8141
epoch 150/200 loss 0.0535 train 0.9992 test 0.8138
epoch 151/200 loss 0.0536 train 0.9988 test 0.8112
epoch 152/200 loss 0.0478 train 1.0000 test 0.8123
epoch 153/200 loss 0.0477 train 0.9996 test 0.8144
epoch 154/200 loss 0.0467 train 0.9988 test 0.8134
epoch 155/200 loss 0.0449 train 0.9996 test 0.8139
epoch 156/200 loss 0.0418 train 0.9996 test 0.8129
epoch 157/200 loss 0.0404 train 0.9996 test 0.8132
epoch 158/200 loss 0.0385 train 1.0000 test 0.8135
epoch 159/200 loss 0.0385 train 1.0000 test 0.8140
epoch 160/200 loss 0.0361 train 0.9996 test 0.8156
epoch 161/200 loss 0.0351 train 0.9996 test 0.8133
epoch 162/200 loss 0.0337 train 0.9996 test 0.8135
epoch 163/200 loss 0.0316 train 0.9996 test 0.8142
epoch 164/200 loss 0.0311 train 0.9992 test 0.8149
epoch 165/200 loss 0.0293 train 1.0000 test 0.8143
epoch 166/200 loss 0.0280 train 1.0000 test 0.8145
epoch 167/200 loss 0.0269 train 1.0000 test 0.8149
epoch 168/200 loss 0.0252 train 1.0000 test 0.8173
epoch 169/200 loss 0.0250 train 0.9992 test 0.8158
epoch 170/200 loss 0.0233 train 1.0000 test 0.8154
epoch 171/200 loss 0.0219 train 1.0000 test 0.8162
epoch 172/200 loss 0.0216 train 0.9996 test 0.8160
epoch 173/200 loss 0.0210 train 0.9988 test 0.8142
epoch 174/200 loss 0.0192 train 1.0000 test 0.8154
epoch 175/200 loss 0.0175 train 1.0000 test 0.8140
epoch 176/200 loss 0.0169 train 0.9996 test 0.8155
epoch 177/200 loss 0.0157 train 1.0000 test 0.8151
epoch 178/200 loss 0.0147 train 1.0000 test 0.8151
epoch 179/200 loss 0.0135 train 0.9996 test 0.8159
epoch 180/200 loss 0.0123 train 1.0000 test 0.8161
epoch 181/200 loss 0.0129 train 0.9996 test 0.8156
epoch 182/200 loss 0.0125 train 0.9996 test 0.8156
epoch 183/200 loss 0.0106 train 1.0000 test 0.8166
epoch 184/200 loss 0.0103 train 0.9992 test 0.8148
epoch 185/200 loss 0.0104 train 0.9992 test 0.8154
epoch 186/200 loss 0.0081 train 1.0000 test 0.8163
epoch 187/200 loss 0.0091 train 1.0000 test 0.8159
epoch 188/200 loss 0.0078 train 1.0000 test 0.8150
epoch 189/200 loss 0.0073 train 1.0000 test 0.8169
epoch 190/200 loss 0.0059 train 1.0000 test 0.8166
epoch 191/200 loss 0.0067 train 0.9992 test 0.8158
epoch 192/200 loss 0.0069 train 0.9996 test 0.8162
epoch 193/200 loss 0.0052 train 1.0000 test 0.8148
epoch 194/200 loss 0.0047 train 1.0000 test 0.8150
epoch 195/200 loss 0.0048 train 1.0000 test 0.8157
epoch 196/200 loss 0.0048 train 1.0000 test 0.8156
epoch 197/200 loss 0.0049 train 1.0000 test 0.8148
epoch 198/200 loss 0.0045 train 1.0000 test 0.8151
epoch 199/200 loss 0.0047 train 1.0000 test 0.8155
epoch 200/200 loss 0.0036 train 1.0000 test 0.8164
done: final 0.8164 best 0.8335 -> ./runs/diagtaxlam_c10_delay_5pct/seed1
--- diagtaxlam_c10_delay_5pct seed2 2026-08-14T17:40:57+02:00
Warning: You are sending unauthenticated requests to the HF Hub. Please set a HF_TOKEN to enable higher rate limits and faster downloads.
moment-aux target calibrated on 1024 images
[diagtaxlam_c10_delay_5pct seed2] {"params_trainable": 11176018, "params_stem_trainable": 0, "params_stem_fixed_filters": 0, "flops_total": 556659712, "flops_stem": 0, "flops_image_size": 32}
epoch 1/200 loss 2.0916 train 0.2212 test 0.2427
epoch 2/200 loss 1.7631 train 0.3540 test 0.3300
epoch 3/200 loss 1.5301 train 0.4515 test 0.4208
epoch 4/200 loss 1.3195 train 0.5308 test 0.5088
epoch 5/200 loss 1.1658 train 0.5732 test 0.5686
epoch 6/200 loss 0.9955 train 0.6488 test 0.5899
epoch 7/200 loss 0.8721 train 0.6896 test 0.6382
epoch 8/200 loss 0.7774 train 0.7253 test 0.6339
epoch 9/200 loss 0.6376 train 0.7784 test 0.6881
epoch 10/200 loss 0.5801 train 0.7989 test 0.6946
epoch 11/200 loss 0.5162 train 0.8183 test 0.6937
epoch 12/200 loss 0.4688 train 0.8339 test 0.7083
epoch 13/200 loss 0.3745 train 0.8799 test 0.7203
epoch 14/200 loss 0.3321 train 0.8836 test 0.7328
epoch 15/200 loss 0.3041 train 0.8951 test 0.7340
epoch 16/200 loss 0.2511 train 0.9071 test 0.7400
epoch 17/200 loss 0.2149 train 0.9276 test 0.7403
epoch 18/200 loss 0.1950 train 0.9412 test 0.7454
epoch 19/200 loss 0.1922 train 0.9342 test 0.7420
epoch 20/200 loss 0.1669 train 0.9428 test 0.7608
epoch 21/200 loss 0.1472 train 0.9511 test 0.7556
epoch 22/200 loss 0.1206 train 0.9650 test 0.7563
epoch 23/200 loss 0.1139 train 0.9622 test 0.7575
epoch 24/200 loss 0.1085 train 0.9659 test 0.7561
epoch 25/200 loss 0.0786 train 0.9762 test 0.7742
epoch 26/200 loss 0.0712 train 0.9790 test 0.7637
epoch 27/200 loss 0.0801 train 0.9737 test 0.7655
epoch 28/200 loss 0.0785 train 0.9766 test 0.7639
epoch 29/200 loss 0.0833 train 0.9753 test 0.7653
epoch 30/200 loss 0.0714 train 0.9794 test 0.7732
epoch 31/200 loss 0.0608 train 0.9815 test 0.7639
epoch 32/200 loss 0.0497 train 0.9856 test 0.7686
epoch 33/200 loss 0.0417 train 0.9897 test 0.7835
epoch 34/200 loss 0.0382 train 0.9905 test 0.7825
epoch 35/200 loss 0.0300 train 0.9951 test 0.7795
epoch 36/200 loss 0.0238 train 0.9955 test 0.7815
epoch 37/200 loss 0.0344 train 0.9910 test 0.7841
epoch 38/200 loss 0.0274 train 0.9942 test 0.7870
epoch 39/200 loss 0.0245 train 0.9963 test 0.7871
epoch 40/200 loss 0.0253 train 0.9942 test 0.7858
epoch 41/200 loss 0.0249 train 0.9947 test 0.7909
epoch 42/200 loss 0.0222 train 0.9947 test 0.7904
epoch 43/200 loss 0.0245 train 0.9942 test 0.7918
epoch 44/200 loss 0.0241 train 0.9942 test 0.7868
epoch 45/200 loss 0.0242 train 0.9930 test 0.7788
epoch 46/200 loss 0.0262 train 0.9926 test 0.7938
epoch 47/200 loss 0.0254 train 0.9930 test 0.7866
epoch 48/200 loss 0.0246 train 0.9934 test 0.7804
epoch 49/200 loss 0.0243 train 0.9942 test 0.7921
epoch 50/200 loss 0.0260 train 0.9938 test 0.7897
epoch 51/200 loss 0.0192 train 0.9959 test 0.7761
epoch 52/200 loss 0.0175 train 0.9975 test 0.7959
epoch 53/200 loss 0.0229 train 0.9951 test 0.7809
epoch 54/200 loss 0.0203 train 0.9959 test 0.7906
epoch 55/200 loss 0.0160 train 0.9959 test 0.7938
epoch 56/200 loss 0.0153 train 0.9979 test 0.7949
epoch 57/200 loss 0.0174 train 0.9971 test 0.7961
epoch 58/200 loss 0.0127 train 0.9984 test 0.7976
epoch 59/200 loss 0.0133 train 0.9988 test 0.7993
epoch 60/200 loss 0.0143 train 0.9979 test 0.7948
epoch 61/200 loss 0.0100 train 0.9996 test 0.7978
epoch 62/200 loss 0.0104 train 0.9988 test 0.7985
epoch 63/200 loss 0.0133 train 0.9975 test 0.7927
epoch 64/200 loss 0.0114 train 0.9992 test 0.8020
epoch 65/200 loss 0.0126 train 0.9988 test 0.8006
epoch 66/200 loss 0.0093 train 0.9992 test 0.8025
epoch 67/200 loss 0.0090 train 0.9996 test 0.8014
epoch 68/200 loss 0.0085 train 0.9996 test 0.8057
epoch 69/200 loss 0.0074 train 0.9996 test 0.8036
epoch 70/200 loss 0.0072 train 0.9992 test 0.8068
epoch 71/200 loss 0.0096 train 0.9988 test 0.8059
epoch 72/200 loss 0.0095 train 0.9992 test 0.8094
epoch 73/200 loss 0.0089 train 0.9992 test 0.8093
epoch 74/200 loss 0.0061 train 1.0000 test 0.8108
epoch 75/200 loss 0.0098 train 0.9988 test 0.8102
epoch 76/200 loss 0.0072 train 0.9992 test 0.8103
epoch 77/200 loss 0.0078 train 0.9996 test 0.8079
epoch 78/200 loss 0.0066 train 0.9992 test 0.8104
epoch 79/200 loss 0.0063 train 1.0000 test 0.8133
epoch 80/200 loss 0.0055 train 0.9996 test 0.8144
epoch 81/200 loss 0.0061 train 0.9992 test 0.8089
epoch 82/200 loss 0.0053 train 1.0000 test 0.8127
epoch 83/200 loss 0.0049 train 0.9996 test 0.8136
epoch 84/200 loss 0.0069 train 0.9996 test 0.8117
epoch 85/200 loss 0.0068 train 0.9996 test 0.8128
epoch 86/200 loss 0.0084 train 0.9984 test 0.8112
epoch 87/200 loss 0.0055 train 1.0000 test 0.8146
epoch 88/200 loss 0.0056 train 1.0000 test 0.8157
epoch 89/200 loss 0.0061 train 1.0000 test 0.8137
epoch 90/200 loss 0.0050 train 1.0000 test 0.8132
epoch 91/200 loss 0.0047 train 1.0000 test 0.8157
epoch 92/200 loss 0.0054 train 0.9996 test 0.8140
epoch 93/200 loss 0.0043 train 1.0000 test 0.8139
epoch 94/200 loss 0.0046 train 1.0000 test 0.8158
epoch 95/200 loss 0.0040 train 1.0000 test 0.8182
epoch 96/200 loss 0.0042 train 1.0000 test 0.8174
epoch 97/200 loss 0.0049 train 0.9996 test 0.8174
epoch 98/200 loss 0.0049 train 0.9996 test 0.8194
epoch 99/200 loss 0.0051 train 1.0000 test 0.8186
epoch 100/200 loss 0.0038 train 1.0000 test 0.8196
epoch 101/200 loss 1.2823 train 1.0000 test 0.7977
epoch 102/200 loss 0.3762 train 0.9984 test 0.7969
epoch 103/200 loss 0.2835 train 0.9951 test 0.7977
epoch 104/200 loss 0.2472 train 0.9959 test 0.7924
epoch 105/200 loss 0.2342 train 0.9930 test 0.7849
epoch 106/200 loss 0.2253 train 0.9938 test 0.7928
epoch 107/200 loss 0.2140 train 0.9959 test 0.7991
epoch 108/200 loss 0.1962 train 0.9959 test 0.7932
epoch 109/200 loss 0.1777 train 0.9959 test 0.7840
epoch 110/200 loss 0.1718 train 0.9967 test 0.7958
epoch 111/200 loss 0.1617 train 0.9971 test 0.7965
epoch 112/200 loss 0.1602 train 0.9971 test 0.7973
epoch 113/200 loss 0.1559 train 0.9975 test 0.7975
epoch 114/200 loss 0.1477 train 0.9979 test 0.8000
epoch 115/200 loss 0.1476 train 0.9963 test 0.7983
epoch 116/200 loss 0.1389 train 0.9967 test 0.7956
epoch 117/200 loss 0.1369 train 0.9975 test 0.7946
epoch 118/200 loss 0.1298 train 0.9963 test 0.7954
epoch 119/200 loss 0.1261 train 0.9971 test 0.7957
epoch 120/200 loss 0.1218 train 0.9979 test 0.7975
epoch 121/200 loss 0.1179 train 0.9979 test 0.7948
epoch 122/200 loss 0.1185 train 0.9967 test 0.7966
epoch 123/200 loss 0.1169 train 0.9959 test 0.7974
epoch 124/200 loss 0.1102 train 0.9988 test 0.7954
epoch 125/200 loss 0.1059 train 0.9992 test 0.7988
epoch 126/200 loss 0.1066 train 0.9975 test 0.8026
epoch 127/200 loss 0.1037 train 0.9988 test 0.8026
epoch 128/200 loss 0.1001 train 0.9992 test 0.8019
epoch 129/200 loss 0.0979 train 0.9967 test 0.7928
epoch 130/200 loss 0.0931 train 0.9996 test 0.7977
epoch 131/200 loss 0.0928 train 0.9984 test 0.8017
epoch 132/200 loss 0.0933 train 0.9967 test 0.7965
epoch 133/200 loss 0.0875 train 0.9979 test 0.7981
epoch 134/200 loss 0.0870 train 0.9984 test 0.7968
epoch 135/200 loss 0.0801 train 0.9992 test 0.8012
epoch 136/200 loss 0.0802 train 0.9992 test 0.8037
epoch 137/200 loss 0.0805 train 0.9975 test 0.8009
epoch 138/200 loss 0.0755 train 1.0000 test 0.8035
epoch 139/200 loss 0.0725 train 0.9992 test 0.8023
epoch 140/200 loss 0.0746 train 0.9975 test 0.8008
epoch 141/200 loss 0.0675 train 0.9996 test 0.8010
epoch 142/200 loss 0.0662 train 1.0000 test 0.8004
epoch 143/200 loss 0.0647 train 0.9992 test 0.8035
epoch 144/200 loss 0.0627 train 0.9996 test 0.8033
epoch 145/200 loss 0.0589 train 1.0000 test 0.8039
epoch 146/200 loss 0.0598 train 0.9996 test 0.8016
epoch 147/200 loss 0.0561 train 0.9996 test 0.8009
epoch 148/200 loss 0.0566 train 0.9988 test 0.8020
epoch 149/200 loss 0.0543 train 1.0000 test 0.8020
epoch 150/200 loss 0.0533 train 1.0000 test 0.8002
epoch 151/200 loss 0.0525 train 0.9984 test 0.7984
epoch 152/200 loss 0.0495 train 0.9996 test 0.8021
epoch 153/200 loss 0.0488 train 0.9992 test 0.8014
epoch 154/200 loss 0.0482 train 0.9996 test 0.8038
epoch 155/200 loss 0.0468 train 0.9992 test 0.8032
epoch 156/200 loss 0.0435 train 0.9996 test 0.8015
epoch 157/200 loss 0.0426 train 0.9992 test 0.8015
epoch 158/200 loss 0.0382 train 1.0000 test 0.8042
epoch 159/200 loss 0.0378 train 1.0000 test 0.8037
epoch 160/200 loss 0.0368 train 1.0000 test 0.8033
epoch 161/200 loss 0.0349 train 1.0000 test 0.8050
epoch 162/200 loss 0.0350 train 0.9992 test 0.8048
epoch 163/200 loss 0.0322 train 1.0000 test 0.8042
epoch 164/200 loss 0.0311 train 1.0000 test 0.8035
epoch 165/200 loss 0.0296 train 0.9996 test 0.8042
epoch 166/200 loss 0.0287 train 0.9996 test 0.8028
epoch 167/200 loss 0.0277 train 1.0000 test 0.8048
epoch 168/200 loss 0.0267 train 0.9996 test 0.8037
epoch 169/200 loss 0.0251 train 1.0000 test 0.8024
epoch 170/200 loss 0.0226 train 1.0000 test 0.8036
epoch 171/200 loss 0.0214 train 1.0000 test 0.8038
epoch 172/200 loss 0.0222 train 1.0000 test 0.8047
epoch 173/200 loss 0.0206 train 1.0000 test 0.8038
epoch 174/200 loss 0.0197 train 0.9996 test 0.8034
epoch 175/200 loss 0.0190 train 0.9996 test 0.8041
epoch 176/200 loss 0.0172 train 0.9996 test 0.8039
epoch 177/200 loss 0.0164 train 1.0000 test 0.8051
epoch 178/200 loss 0.0149 train 1.0000 test 0.8053
epoch 179/200 loss 0.0139 train 0.9996 test 0.8052
epoch 180/200 loss 0.0128 train 1.0000 test 0.8040
epoch 181/200 loss 0.0124 train 1.0000 test 0.8035
epoch 182/200 loss 0.0117 train 0.9996 test 0.8038
epoch 183/200 loss 0.0121 train 0.9992 test 0.8051
epoch 184/200 loss 0.0100 train 1.0000 test 0.8056
epoch 185/200 loss 0.0100 train 0.9996 test 0.8043
epoch 186/200 loss 0.0094 train 0.9996 test 0.8045
epoch 187/200 loss 0.0083 train 1.0000 test 0.8042
epoch 188/200 loss 0.0068 train 1.0000 test 0.8041
epoch 189/200 loss 0.0066 train 1.0000 test 0.8058
epoch 190/200 loss 0.0069 train 1.0000 test 0.8058
epoch 191/200 loss 0.0057 train 1.0000 test 0.8045
epoch 192/200 loss 0.0071 train 0.9996 test 0.8052
epoch 193/200 loss 0.0055 train 1.0000 test 0.8043
epoch 194/200 loss 0.0053 train 1.0000 test 0.8053
epoch 195/200 loss 0.0059 train 1.0000 test 0.8045
epoch 196/200 loss 0.0047 train 1.0000 test 0.8047
epoch 197/200 loss 0.0051 train 0.9996 test 0.8042
epoch 198/200 loss 0.0079 train 0.9988 test 0.8045
epoch 199/200 loss 0.0048 train 1.0000 test 0.8053
epoch 200/200 loss 0.0043 train 1.0000 test 0.8054
done: final 0.8054 best 0.8196 -> ./runs/diagtaxlam_c10_delay_5pct/seed2
--- diagtaxlam_c10_l005_5pct seed0 2026-08-14T17:44:54+02:00
moment-aux target calibrated on 1024 images
[diagtaxlam_c10_l005_5pct seed0] {"params_trainable": 11176018, "params_stem_trainable": 0, "params_stem_fixed_filters": 0, "flops_total": 556659712, "flops_stem": 0, "flops_image_size": 32}
epoch 1/200 loss 2.2105 train 0.2167 test 0.1624
epoch 2/200 loss 1.8612 train 0.3351 test 0.2939
epoch 3/200 loss 1.5728 train 0.4330 test 0.4364
epoch 4/200 loss 1.3933 train 0.5078 test 0.5124
epoch 5/200 loss 1.1583 train 0.6007 test 0.5667
epoch 6/200 loss 1.0523 train 0.6291 test 0.5909
epoch 7/200 loss 0.9516 train 0.6649 test 0.6001
epoch 8/200 loss 0.8255 train 0.7183 test 0.6440
epoch 9/200 loss 0.7473 train 0.7414 test 0.6352
epoch 10/200 loss 0.6657 train 0.7636 test 0.6538
epoch 11/200 loss 0.5799 train 0.8063 test 0.6746
epoch 12/200 loss 0.5239 train 0.8183 test 0.6935
epoch 13/200 loss 0.4426 train 0.8577 test 0.7165
epoch 14/200 loss 0.4096 train 0.8618 test 0.6937
epoch 15/200 loss 0.3645 train 0.8808 test 0.6847
epoch 16/200 loss 0.3465 train 0.8824 test 0.7302
epoch 17/200 loss 0.2755 train 0.9108 test 0.7192
epoch 18/200 loss 0.2658 train 0.9190 test 0.7228
epoch 19/200 loss 0.2307 train 0.9268 test 0.7242
epoch 20/200 loss 0.2069 train 0.9379 test 0.7438
epoch 21/200 loss 0.1605 train 0.9523 test 0.7350
epoch 22/200 loss 0.1493 train 0.9601 test 0.7215
epoch 23/200 loss 0.1505 train 0.9556 test 0.7380
epoch 24/200 loss 0.1399 train 0.9650 test 0.7373
epoch 25/200 loss 0.1385 train 0.9597 test 0.7440
epoch 26/200 loss 0.1208 train 0.9679 test 0.7388
epoch 27/200 loss 0.1111 train 0.9733 test 0.7352
epoch 28/200 loss 0.1065 train 0.9762 test 0.7462
epoch 29/200 loss 0.0966 train 0.9762 test 0.7524
epoch 30/200 loss 0.0869 train 0.9811 test 0.7524
epoch 31/200 loss 0.0840 train 0.9823 test 0.7519
epoch 32/200 loss 0.0690 train 0.9852 test 0.7467
epoch 33/200 loss 0.0636 train 0.9881 test 0.7583
epoch 34/200 loss 0.0632 train 0.9877 test 0.7634
epoch 35/200 loss 0.0597 train 0.9881 test 0.7610
epoch 36/200 loss 0.0551 train 0.9901 test 0.7653
epoch 37/200 loss 0.0536 train 0.9893 test 0.7599
epoch 38/200 loss 0.0509 train 0.9926 test 0.7591
epoch 39/200 loss 0.0461 train 0.9938 test 0.7663
epoch 40/200 loss 0.0388 train 0.9955 test 0.7663
epoch 41/200 loss 0.0365 train 0.9959 test 0.7676
epoch 42/200 loss 0.0380 train 0.9951 test 0.7692
epoch 43/200 loss 0.0419 train 0.9942 test 0.7612
epoch 44/200 loss 0.0410 train 0.9947 test 0.7688
epoch 45/200 loss 0.0394 train 0.9930 test 0.7680
epoch 46/200 loss 0.0398 train 0.9930 test 0.7712
epoch 47/200 loss 0.0406 train 0.9947 test 0.7680
epoch 48/200 loss 0.0348 train 0.9959 test 0.7673
epoch 49/200 loss 0.0362 train 0.9963 test 0.7721
epoch 50/200 loss 0.0296 train 0.9979 test 0.7729
epoch 51/200 loss 0.0303 train 0.9963 test 0.7734
epoch 52/200 loss 0.0265 train 0.9984 test 0.7796
epoch 53/200 loss 0.0281 train 0.9979 test 0.7725
epoch 54/200 loss 0.0336 train 0.9947 test 0.7728
epoch 55/200 loss 0.0315 train 0.9971 test 0.7785
epoch 56/200 loss 0.0288 train 0.9971 test 0.7712
epoch 57/200 loss 0.0286 train 0.9963 test 0.7763
epoch 58/200 loss 0.0245 train 0.9975 test 0.7794
epoch 59/200 loss 0.0292 train 0.9963 test 0.7765
epoch 60/200 loss 0.0276 train 0.9971 test 0.7679
epoch 61/200 loss 0.0238 train 0.9988 test 0.7775
epoch 62/200 loss 0.0217 train 0.9984 test 0.7823
epoch 63/200 loss 0.0225 train 0.9984 test 0.7750
epoch 64/200 loss 0.0215 train 0.9975 test 0.7827
epoch 65/200 loss 0.0200 train 1.0000 test 0.7842
epoch 66/200 loss 0.0218 train 0.9984 test 0.7793
epoch 67/200 loss 0.0214 train 0.9984 test 0.7825
epoch 68/200 loss 0.0193 train 0.9996 test 0.7845
epoch 69/200 loss 0.0193 train 0.9992 test 0.7837
epoch 70/200 loss 0.0197 train 0.9996 test 0.7768
epoch 71/200 loss 0.0185 train 0.9996 test 0.7844
epoch 72/200 loss 0.0185 train 0.9992 test 0.7854
epoch 73/200 loss 0.0164 train 1.0000 test 0.7864
epoch 74/200 loss 0.0146 train 1.0000 test 0.7860
epoch 75/200 loss 0.0139 train 1.0000 test 0.7876
epoch 76/200 loss 0.0154 train 0.9996 test 0.7883
epoch 77/200 loss 0.0179 train 0.9992 test 0.7855
epoch 78/200 loss 0.0159 train 0.9996 test 0.7883
epoch 79/200 loss 0.0158 train 0.9992 test 0.7873
epoch 80/200 loss 0.0164 train 0.9988 test 0.7891
epoch 81/200 loss 0.0176 train 0.9992 test 0.7872
epoch 82/200 loss 0.0160 train 1.0000 test 0.7873
epoch 83/200 loss 0.0144 train 1.0000 test 0.7893
epoch 84/200 loss 0.0142 train 1.0000 test 0.7890
epoch 85/200 loss 0.0135 train 0.9996 test 0.7891
epoch 86/200 loss 0.0149 train 0.9996 test 0.7853
epoch 87/200 loss 0.0134 train 1.0000 test 0.7873
epoch 88/200 loss 0.0144 train 0.9996 test 0.7875
epoch 89/200 loss 0.0149 train 0.9996 test 0.7933
epoch 90/200 loss 0.0135 train 1.0000 test 0.7928
epoch 91/200 loss 0.0144 train 1.0000 test 0.7903
epoch 92/200 loss 0.0137 train 1.0000 test 0.7866
epoch 93/200 loss 0.0126 train 0.9996 test 0.7912
epoch 94/200 loss 0.0134 train 1.0000 test 0.7886
epoch 95/200 loss 0.0148 train 0.9992 test 0.7882
epoch 96/200 loss 0.0132 train 1.0000 test 0.7908
epoch 97/200 loss 0.0124 train 1.0000 test 0.7917
epoch 98/200 loss 0.0128 train 0.9996 test 0.7919
epoch 99/200 loss 0.0111 train 1.0000 test 0.7920
epoch 100/200 loss 0.0130 train 1.0000 test 0.7880
epoch 101/200 loss 0.0120 train 1.0000 test 0.7898
epoch 102/200 loss 0.0120 train 1.0000 test 0.7887
epoch 103/200 loss 0.0111 train 1.0000 test 0.7923
epoch 104/200 loss 0.0115 train 0.9996 test 0.7904
epoch 105/200 loss 0.0099 train 1.0000 test 0.7917
epoch 106/200 loss 0.0110 train 0.9996 test 0.7925
epoch 107/200 loss 0.0110 train 1.0000 test 0.7948
epoch 108/200 loss 0.0118 train 0.9992 test 0.7925
epoch 109/200 loss 0.0100 train 1.0000 test 0.7904
epoch 110/200 loss 0.0097 train 1.0000 test 0.7942
epoch 111/200 loss 0.0110 train 0.9996 test 0.7922
epoch 112/200 loss 0.0110 train 1.0000 test 0.7915
epoch 113/200 loss 0.0109 train 1.0000 test 0.7950
epoch 114/200 loss 0.0100 train 1.0000 test 0.7948
epoch 115/200 loss 0.0099 train 1.0000 test 0.7934
epoch 116/200 loss 0.0103 train 0.9996 test 0.7928
epoch 117/200 loss 0.0106 train 1.0000 test 0.7933
epoch 118/200 loss 0.0099 train 0.9996 test 0.7932
epoch 119/200 loss 0.0091 train 1.0000 test 0.7951
epoch 120/200 loss 0.0090 train 1.0000 test 0.7927
epoch 121/200 loss 0.0090 train 1.0000 test 0.7923
epoch 122/200 loss 0.0090 train 0.9996 test 0.7949
epoch 123/200 loss 0.0092 train 0.9996 test 0.7948
epoch 124/200 loss 0.0086 train 1.0000 test 0.7941
epoch 125/200 loss 0.0092 train 1.0000 test 0.7961
epoch 126/200 loss 0.0107 train 0.9992 test 0.7961
epoch 127/200 loss 0.0078 train 1.0000 test 0.7959
epoch 128/200 loss 0.0085 train 1.0000 test 0.7951
epoch 129/200 loss 0.0083 train 1.0000 test 0.7934
epoch 130/200 loss 0.0086 train 1.0000 test 0.7940
epoch 131/200 loss 0.0073 train 1.0000 test 0.7941
epoch 132/200 loss 0.0083 train 1.0000 test 0.7954
epoch 133/200 loss 0.0073 train 1.0000 test 0.7968
epoch 134/200 loss 0.0091 train 0.9996 test 0.7929
epoch 135/200 loss 0.0067 train 1.0000 test 0.7937
epoch 136/200 loss 0.0069 train 1.0000 test 0.7958
epoch 137/200 loss 0.0069 train 1.0000 test 0.7965
epoch 138/200 loss 0.0067 train 1.0000 test 0.7950
epoch 139/200 loss 0.0067 train 1.0000 test 0.7959
epoch 140/200 loss 0.0068 train 1.0000 test 0.7951
epoch 141/200 loss 0.0077 train 1.0000 test 0.7934
epoch 142/200 loss 0.0072 train 0.9996 test 0.7947
epoch 143/200 loss 0.0062 train 1.0000 test 0.7958
epoch 144/200 loss 0.0066 train 1.0000 test 0.7940
epoch 145/200 loss 0.0063 train 1.0000 test 0.7960
epoch 146/200 loss 0.0065 train 0.9996 test 0.7971
epoch 147/200 loss 0.0075 train 0.9996 test 0.7951
epoch 148/200 loss 0.0061 train 1.0000 test 0.7972
epoch 149/200 loss 0.0071 train 1.0000 test 0.7973
epoch 150/200 loss 0.0060 train 1.0000 test 0.7951
epoch 151/200 loss 0.0054 train 1.0000 test 0.7952
epoch 152/200 loss 0.0051 train 1.0000 test 0.7957
epoch 153/200 loss 0.0054 train 1.0000 test 0.7963
epoch 154/200 loss 0.0061 train 0.9996 test 0.7957
epoch 155/200 loss 0.0063 train 1.0000 test 0.7953
epoch 156/200 loss 0.0057 train 1.0000 test 0.7974
epoch 157/200 loss 0.0054 train 1.0000 test 0.7958
epoch 158/200 loss 0.0056 train 1.0000 test 0.7965
epoch 159/200 loss 0.0056 train 1.0000 test 0.7963
epoch 160/200 loss 0.0056 train 1.0000 test 0.7974
epoch 161/200 loss 0.0052 train 1.0000 test 0.7975
epoch 162/200 loss 0.0048 train 1.0000 test 0.7952
epoch 163/200 loss 0.0056 train 0.9996 test 0.7971
epoch 164/200 loss 0.0047 train 1.0000 test 0.7978
epoch 165/200 loss 0.0050 train 1.0000 test 0.7974
epoch 166/200 loss 0.0052 train 1.0000 test 0.7978
epoch 167/200 loss 0.0053 train 1.0000 test 0.7984
epoch 168/200 loss 0.0044 train 1.0000 test 0.7980
epoch 169/200 loss 0.0041 train 1.0000 test 0.7971
epoch 170/200 loss 0.0050 train 1.0000 test 0.7977
epoch 171/200 loss 0.0046 train 1.0000 test 0.7977
epoch 172/200 loss 0.0057 train 1.0000 test 0.7982
epoch 173/200 loss 0.0043 train 1.0000 test 0.7972
epoch 174/200 loss 0.0043 train 1.0000 test 0.7982
epoch 175/200 loss 0.0041 train 1.0000 test 0.7960
epoch 176/200 loss 0.0048 train 1.0000 test 0.7979
epoch 177/200 loss 0.0040 train 1.0000 test 0.7963
epoch 178/200 loss 0.0046 train 0.9996 test 0.7984
epoch 179/200 loss 0.0047 train 1.0000 test 0.7974
epoch 180/200 loss 0.0040 train 1.0000 test 0.7964
epoch 181/200 loss 0.0052 train 0.9992 test 0.7970
epoch 182/200 loss 0.0040 train 1.0000 test 0.7962
epoch 183/200 loss 0.0041 train 1.0000 test 0.7971
epoch 184/200 loss 0.0036 train 1.0000 test 0.7980
epoch 185/200 loss 0.0040 train 1.0000 test 0.7980
epoch 186/200 loss 0.0044 train 1.0000 test 0.7978
epoch 187/200 loss 0.0039 train 0.9996 test 0.7971
epoch 188/200 loss 0.0042 train 1.0000 test 0.7963
epoch 189/200 loss 0.0040 train 1.0000 test 0.7987
epoch 190/200 loss 0.0036 train 1.0000 test 0.7978
epoch 191/200 loss 0.0039 train 1.0000 test 0.7973
epoch 192/200 loss 0.0047 train 0.9996 test 0.7979
epoch 193/200 loss 0.0039 train 1.0000 test 0.7987
epoch 194/200 loss 0.0039 train 1.0000 test 0.7977
epoch 195/200 loss 0.0053 train 1.0000 test 0.7977
epoch 196/200 loss 0.0048 train 0.9996 test 0.7968
epoch 197/200 loss 0.0038 train 1.0000 test 0.7977
epoch 198/200 loss 0.0043 train 1.0000 test 0.7981
epoch 199/200 loss 0.0038 train 1.0000 test 0.7987
epoch 200/200 loss 0.0038 train 1.0000 test 0.7984
done: final 0.7984 best 0.7987 -> ./runs/diagtaxlam_c10_l005_5pct/seed0
--- diagtaxlam_c10_l005_5pct seed1 2026-08-14T17:48:51+02:00
Warning: You are sending unauthenticated requests to the HF Hub. Please set a HF_TOKEN to enable higher rate limits and faster downloads.
moment-aux target calibrated on 1024 images
[diagtaxlam_c10_l005_5pct seed1] {"params_trainable": 11176018, "params_stem_trainable": 0, "params_stem_fixed_filters": 0, "flops_total": 556659712, "flops_stem": 0, "flops_image_size": 32}
epoch 1/200 loss 2.2380 train 0.2064 test 0.2499
epoch 2/200 loss 1.7914 train 0.3672 test 0.3652
epoch 3/200 loss 1.5498 train 0.4441 test 0.4868
epoch 4/200 loss 1.3011 train 0.5514 test 0.4946
epoch 5/200 loss 1.1202 train 0.6098 test 0.5501
epoch 6/200 loss 0.9984 train 0.6513 test 0.6050
epoch 7/200 loss 0.8680 train 0.6957 test 0.6406
epoch 8/200 loss 0.7517 train 0.7401 test 0.6533
epoch 9/200 loss 0.6297 train 0.7870 test 0.6849
epoch 10/200 loss 0.5580 train 0.8146 test 0.6957
epoch 11/200 loss 0.4962 train 0.8318 test 0.7161
epoch 12/200 loss 0.4411 train 0.8499 test 0.7109
epoch 13/200 loss 0.3860 train 0.8762 test 0.7276
epoch 14/200 loss 0.3340 train 0.8910 test 0.7443
epoch 15/200 loss 0.2758 train 0.9190 test 0.7439
epoch 16/200 loss 0.2586 train 0.9178 test 0.7370
epoch 17/200 loss 0.2292 train 0.9322 test 0.7545
epoch 18/200 loss 0.2053 train 0.9371 test 0.7304
epoch 19/200 loss 0.1692 train 0.9502 test 0.7411
epoch 20/200 loss 0.1770 train 0.9507 test 0.7467
epoch 21/200 loss 0.1658 train 0.9490 test 0.7481
epoch 22/200 loss 0.1538 train 0.9593 test 0.7486
epoch 23/200 loss 0.1549 train 0.9556 test 0.7458
epoch 24/200 loss 0.1274 train 0.9642 test 0.7692
epoch 25/200 loss 0.0992 train 0.9720 test 0.7626
epoch 26/200 loss 0.1100 train 0.9712 test 0.7629
epoch 27/200 loss 0.0948 train 0.9762 test 0.7719
epoch 28/200 loss 0.0947 train 0.9794 test 0.7761
epoch 29/200 loss 0.0776 train 0.9815 test 0.7769
epoch 30/200 loss 0.0663 train 0.9868 test 0.7851
epoch 31/200 loss 0.0681 train 0.9856 test 0.7765
epoch 32/200 loss 0.0729 train 0.9831 test 0.7797
epoch 33/200 loss 0.0614 train 0.9868 test 0.7929
epoch 34/200 loss 0.0447 train 0.9959 test 0.7834
epoch 35/200 loss 0.0542 train 0.9901 test 0.7901
epoch 36/200 loss 0.0418 train 0.9955 test 0.7811
epoch 37/200 loss 0.0416 train 0.9942 test 0.7847
epoch 38/200 loss 0.0439 train 0.9938 test 0.7831
epoch 39/200 loss 0.0443 train 0.9910 test 0.7875
epoch 40/200 loss 0.0398 train 0.9934 test 0.7869
epoch 41/200 loss 0.0375 train 0.9947 test 0.7908
epoch 42/200 loss 0.0343 train 0.9951 test 0.7900
epoch 43/200 loss 0.0355 train 0.9963 test 0.7899
epoch 44/200 loss 0.0368 train 0.9942 test 0.7893
epoch 45/200 loss 0.0296 train 0.9984 test 0.7924
epoch 46/200 loss 0.0308 train 0.9963 test 0.7887
epoch 47/200 loss 0.0306 train 0.9975 test 0.7940
epoch 48/200 loss 0.0347 train 0.9959 test 0.7903
epoch 49/200 loss 0.0305 train 0.9967 test 0.7924
epoch 50/200 loss 0.0319 train 0.9959 test 0.7993
epoch 51/200 loss 0.0241 train 0.9992 test 0.7990
epoch 52/200 loss 0.0322 train 0.9951 test 0.7939
epoch 53/200 loss 0.0284 train 0.9988 test 0.7952
epoch 54/200 loss 0.0256 train 0.9979 test 0.7990
epoch 55/200 loss 0.0223 train 0.9992 test 0.8014
epoch 56/200 loss 0.0239 train 0.9984 test 0.7993
epoch 57/200 loss 0.0229 train 0.9984 test 0.7950
epoch 58/200 loss 0.0295 train 0.9967 test 0.7994
epoch 59/200 loss 0.0260 train 0.9992 test 0.7952
epoch 60/200 loss 0.0252 train 0.9984 test 0.7964
epoch 61/200 loss 0.0215 train 0.9992 test 0.8043
epoch 62/200 loss 0.0211 train 0.9979 test 0.7934
epoch 63/200 loss 0.0212 train 0.9979 test 0.7999
epoch 64/200 loss 0.0211 train 0.9988 test 0.8024
epoch 65/200 loss 0.0182 train 0.9992 test 0.7998
epoch 66/200 loss 0.0203 train 0.9988 test 0.8038
epoch 67/200 loss 0.0177 train 1.0000 test 0.8072
epoch 68/200 loss 0.0195 train 0.9984 test 0.7971
epoch 69/200 loss 0.0176 train 1.0000 test 0.8026
epoch 70/200 loss 0.0185 train 0.9992 test 0.8086
epoch 71/200 loss 0.0178 train 0.9992 test 0.7980
epoch 72/200 loss 0.0187 train 0.9988 test 0.8016
epoch 73/200 loss 0.0175 train 0.9984 test 0.8010
epoch 74/200 loss 0.0194 train 0.9988 test 0.8016
epoch 75/200 loss 0.0170 train 1.0000 test 0.8065
epoch 76/200 loss 0.0144 train 1.0000 test 0.8094
epoch 77/200 loss 0.0141 train 1.0000 test 0.8109
epoch 78/200 loss 0.0190 train 0.9979 test 0.8050
epoch 79/200 loss 0.0154 train 1.0000 test 0.8031
epoch 80/200 loss 0.0175 train 0.9992 test 0.8030
epoch 81/200 loss 0.0151 train 0.9996 test 0.8099
epoch 82/200 loss 0.0150 train 0.9996 test 0.8039
epoch 83/200 loss 0.0148 train 0.9988 test 0.8060
epoch 84/200 loss 0.0147 train 0.9996 test 0.8058
epoch 85/200 loss 0.0143 train 0.9992 test 0.8076
epoch 86/200 loss 0.0149 train 0.9996 test 0.8079
epoch 87/200 loss 0.0163 train 0.9988 test 0.8037
epoch 88/200 loss 0.0161 train 0.9984 test 0.8090
epoch 89/200 loss 0.0171 train 0.9988 test 0.8064
epoch 90/200 loss 0.0147 train 0.9996 test 0.8073
epoch 91/200 loss 0.0140 train 0.9988 test 0.8091
epoch 92/200 loss 0.0140 train 0.9996 test 0.8092
epoch 93/200 loss 0.0126 train 1.0000 test 0.8087
epoch 94/200 loss 0.0116 train 1.0000 test 0.8093
epoch 95/200 loss 0.0121 train 1.0000 test 0.8087
epoch 96/200 loss 0.0113 train 1.0000 test 0.8112
epoch 97/200 loss 0.0121 train 0.9996 test 0.8106
epoch 98/200 loss 0.0132 train 0.9996 test 0.8118
epoch 99/200 loss 0.0139 train 0.9988 test 0.8108
epoch 100/200 loss 0.0137 train 0.9988 test 0.8075
epoch 101/200 loss 0.0127 train 0.9996 test 0.8058
epoch 102/200 loss 0.0135 train 1.0000 test 0.8101
epoch 103/200 loss 0.0113 train 1.0000 test 0.8133
epoch 104/200 loss 0.0113 train 1.0000 test 0.8126
epoch 105/200 loss 0.0114 train 1.0000 test 0.8156
epoch 106/200 loss 0.0114 train 0.9996 test 0.8153
epoch 107/200 loss 0.0100 train 1.0000 test 0.8155
epoch 108/200 loss 0.0093 train 1.0000 test 0.8164
epoch 109/200 loss 0.0099 train 1.0000 test 0.8151
epoch 110/200 loss 0.0100 train 1.0000 test 0.8139
epoch 111/200 loss 0.0097 train 1.0000 test 0.8140
epoch 112/200 loss 0.0091 train 1.0000 test 0.8159
epoch 113/200 loss 0.0092 train 0.9996 test 0.8158
epoch 114/200 loss 0.0103 train 1.0000 test 0.8157
epoch 115/200 loss 0.0092 train 0.9996 test 0.8152
epoch 116/200 loss 0.0100 train 1.0000 test 0.8113
epoch 117/200 loss 0.0087 train 1.0000 test 0.8133
epoch 118/200 loss 0.0090 train 0.9996 test 0.8155
epoch 119/200 loss 0.0090 train 1.0000 test 0.8165
epoch 120/200 loss 0.0096 train 0.9996 test 0.8154
epoch 121/200 loss 0.0082 train 1.0000 test 0.8148
epoch 122/200 loss 0.0078 train 1.0000 test 0.8175
epoch 123/200 loss 0.0089 train 1.0000 test 0.8161
epoch 124/200 loss 0.0078 train 1.0000 test 0.8165
epoch 125/200 loss 0.0081 train 1.0000 test 0.8154
epoch 126/200 loss 0.0072 train 1.0000 test 0.8172
epoch 127/200 loss 0.0069 train 1.0000 test 0.8195
epoch 128/200 loss 0.0078 train 1.0000 test 0.8181
epoch 129/200 loss 0.0070 train 1.0000 test 0.8170
epoch 130/200 loss 0.0075 train 1.0000 test 0.8174
epoch 131/200 loss 0.0071 train 1.0000 test 0.8168
epoch 132/200 loss 0.0070 train 1.0000 test 0.8173
epoch 133/200 loss 0.0069 train 1.0000 test 0.8209
epoch 134/200 loss 0.0072 train 1.0000 test 0.8197
epoch 135/200 loss 0.0067 train 1.0000 test 0.8177
epoch 136/200 loss 0.0063 train 1.0000 test 0.8164
epoch 137/200 loss 0.0066 train 1.0000 test 0.8188
epoch 138/200 loss 0.0065 train 1.0000 test 0.8176
epoch 139/200 loss 0.0074 train 0.9996 test 0.8165
epoch 140/200 loss 0.0063 train 1.0000 test 0.8179
epoch 141/200 loss 0.0067 train 1.0000 test 0.8183
epoch 142/200 loss 0.0061 train 1.0000 test 0.8196
epoch 143/200 loss 0.0058 train 1.0000 test 0.8199
epoch 144/200 loss 0.0074 train 0.9992 test 0.8174
epoch 145/200 loss 0.0055 train 1.0000 test 0.8167
epoch 146/200 loss 0.0067 train 1.0000 test 0.8175
epoch 147/200 loss 0.0064 train 1.0000 test 0.8184
epoch 148/200 loss 0.0065 train 0.9992 test 0.8169
epoch 149/200 loss 0.0062 train 1.0000 test 0.8188
epoch 150/200 loss 0.0059 train 1.0000 test 0.8185
epoch 151/200 loss 0.0057 train 1.0000 test 0.8161
epoch 152/200 loss 0.0053 train 1.0000 test 0.8177
epoch 153/200 loss 0.0054 train 1.0000 test 0.8166
epoch 154/200 loss 0.0056 train 1.0000 test 0.8177
epoch 155/200 loss 0.0057 train 0.9996 test 0.8177
epoch 156/200 loss 0.0049 train 1.0000 test 0.8181
epoch 157/200 loss 0.0048 train 1.0000 test 0.8182
epoch 158/200 loss 0.0049 train 1.0000 test 0.8187
epoch 159/200 loss 0.0049 train 1.0000 test 0.8170
epoch 160/200 loss 0.0046 train 1.0000 test 0.8177
epoch 161/200 loss 0.0052 train 1.0000 test 0.8173
epoch 162/200 loss 0.0047 train 1.0000 test 0.8178
epoch 163/200 loss 0.0041 train 1.0000 test 0.8197
epoch 164/200 loss 0.0046 train 1.0000 test 0.8182
epoch 165/200 loss 0.0046 train 0.9996 test 0.8190
epoch 166/200 loss 0.0040 train 1.0000 test 0.8199
epoch 167/200 loss 0.0043 train 1.0000 test 0.8184
epoch 168/200 loss 0.0044 train 1.0000 test 0.8210
epoch 169/200 loss 0.0041 train 1.0000 test 0.8180
epoch 170/200 loss 0.0047 train 1.0000 test 0.8181
epoch 171/200 loss 0.0040 train 1.0000 test 0.8184
epoch 172/200 loss 0.0041 train 1.0000 test 0.8187
epoch 173/200 loss 0.0043 train 1.0000 test 0.8185
epoch 174/200 loss 0.0050 train 1.0000 test 0.8189
epoch 175/200 loss 0.0038 train 1.0000 test 0.8183
epoch 176/200 loss 0.0043 train 1.0000 test 0.8194
epoch 177/200 loss 0.0035 train 1.0000 test 0.8187
epoch 178/200 loss 0.0042 train 1.0000 test 0.8192
epoch 179/200 loss 0.0033 train 1.0000 test 0.8190
epoch 180/200 loss 0.0036 train 1.0000 test 0.8183
epoch 181/200 loss 0.0038 train 1.0000 test 0.8207
epoch 182/200 loss 0.0040 train 1.0000 test 0.8193
epoch 183/200 loss 0.0037 train 1.0000 test 0.8193
epoch 184/200 loss 0.0036 train 1.0000 test 0.8187
epoch 185/200 loss 0.0034 train 1.0000 test 0.8184
epoch 186/200 loss 0.0035 train 1.0000 test 0.8190
epoch 187/200 loss 0.0036 train 1.0000 test 0.8196
epoch 188/200 loss 0.0041 train 1.0000 test 0.8194
epoch 189/200 loss 0.0040 train 1.0000 test 0.8207
epoch 190/200 loss 0.0030 train 1.0000 test 0.8194
epoch 191/200 loss 0.0041 train 1.0000 test 0.8204
epoch 192/200 loss 0.0035 train 1.0000 test 0.8171
epoch 193/200 loss 0.0035 train 1.0000 test 0.8198
epoch 194/200 loss 0.0028 train 1.0000 test 0.8193
epoch 195/200 loss 0.0038 train 1.0000 test 0.8181
epoch 196/200 loss 0.0038 train 1.0000 test 0.8185
epoch 197/200 loss 0.0033 train 1.0000 test 0.8186
epoch 198/200 loss 0.0037 train 0.9996 test 0.8188
epoch 199/200 loss 0.0037 train 1.0000 test 0.8190
epoch 200/200 loss 0.0033 train 1.0000 test 0.8201
done: final 0.8201 best 0.8210 -> ./runs/diagtaxlam_c10_l005_5pct/seed1
--- diagtaxlam_c10_l005_5pct seed2 2026-08-14T17:52:49+02:00
Warning: You are sending unauthenticated requests to the HF Hub. Please set a HF_TOKEN to enable higher rate limits and faster downloads.
moment-aux target calibrated on 1024 images
[diagtaxlam_c10_l005_5pct seed2] {"params_trainable": 11176018, "params_stem_trainable": 0, "params_stem_fixed_filters": 0, "flops_total": 556659712, "flops_stem": 0, "flops_image_size": 32}
epoch 1/200 loss 2.2156 train 0.2192 test 0.2789
epoch 2/200 loss 1.7807 train 0.3729 test 0.3681
epoch 3/200 loss 1.5496 train 0.4576 test 0.4055
epoch 4/200 loss 1.3414 train 0.5267 test 0.4930
epoch 5/200 loss 1.1708 train 0.5818 test 0.5751
epoch 6/200 loss 0.9876 train 0.6694 test 0.5614
epoch 7/200 loss 0.8476 train 0.7101 test 0.6387
epoch 8/200 loss 0.7724 train 0.7344 test 0.6438
epoch 9/200 loss 0.6635 train 0.7784 test 0.6845
epoch 10/200 loss 0.6299 train 0.7891 test 0.6845
epoch 11/200 loss 0.5311 train 0.8183 test 0.7153
epoch 12/200 loss 0.4994 train 0.8322 test 0.7128
epoch 13/200 loss 0.3996 train 0.8746 test 0.7192
epoch 14/200 loss 0.3374 train 0.8902 test 0.7448
epoch 15/200 loss 0.3053 train 0.9046 test 0.7456
epoch 16/200 loss 0.2688 train 0.9120 test 0.7457
epoch 17/200 loss 0.2424 train 0.9206 test 0.7328
epoch 18/200 loss 0.2062 train 0.9350 test 0.7612
epoch 19/200 loss 0.1902 train 0.9461 test 0.7496
epoch 20/200 loss 0.1799 train 0.9507 test 0.7683
epoch 21/200 loss 0.1578 train 0.9552 test 0.7611
epoch 22/200 loss 0.1224 train 0.9630 test 0.7770
epoch 23/200 loss 0.1208 train 0.9671 test 0.7725
epoch 24/200 loss 0.1192 train 0.9675 test 0.7634
epoch 25/200 loss 0.1067 train 0.9753 test 0.7729
epoch 26/200 loss 0.0913 train 0.9790 test 0.7807
epoch 27/200 loss 0.0980 train 0.9745 test 0.7740
epoch 28/200 loss 0.0823 train 0.9803 test 0.7897
epoch 29/200 loss 0.0810 train 0.9799 test 0.7838
epoch 30/200 loss 0.0768 train 0.9811 test 0.7853
epoch 31/200 loss 0.0803 train 0.9794 test 0.7838
epoch 32/200 loss 0.0652 train 0.9864 test 0.7941
epoch 33/200 loss 0.0621 train 0.9881 test 0.8000
epoch 34/200 loss 0.0628 train 0.9856 test 0.7832
epoch 35/200 loss 0.0567 train 0.9910 test 0.7920
epoch 36/200 loss 0.0478 train 0.9926 test 0.7907
epoch 37/200 loss 0.0472 train 0.9914 test 0.8001
epoch 38/200 loss 0.0494 train 0.9905 test 0.7875
epoch 39/200 loss 0.0387 train 0.9951 test 0.7968
epoch 40/200 loss 0.0375 train 0.9955 test 0.7995
epoch 41/200 loss 0.0372 train 0.9951 test 0.7946
epoch 42/200 loss 0.0381 train 0.9959 test 0.8024
epoch 43/200 loss 0.0368 train 0.9951 test 0.8038
epoch 44/200 loss 0.0370 train 0.9934 test 0.7930
epoch 45/200 loss 0.0326 train 0.9955 test 0.8015
epoch 46/200 loss 0.0359 train 0.9942 test 0.8022
epoch 47/200 loss 0.0354 train 0.9951 test 0.8009
epoch 48/200 loss 0.0431 train 0.9910 test 0.7941
epoch 49/200 loss 0.0368 train 0.9934 test 0.7980
epoch 50/200 loss 0.0336 train 0.9967 test 0.8043
epoch 51/200 loss 0.0296 train 0.9963 test 0.8057
epoch 52/200 loss 0.0295 train 0.9967 test 0.8043
epoch 53/200 loss 0.0291 train 0.9975 test 0.8063
epoch 54/200 loss 0.0276 train 0.9955 test 0.8097
epoch 55/200 loss 0.0268 train 0.9975 test 0.8097
epoch 56/200 loss 0.0230 train 0.9979 test 0.8079
epoch 57/200 loss 0.0295 train 0.9971 test 0.8043
epoch 58/200 loss 0.0286 train 0.9947 test 0.8028
epoch 59/200 loss 0.0290 train 0.9971 test 0.7881
epoch 60/200 loss 0.0267 train 0.9975 test 0.8067
epoch 61/200 loss 0.0226 train 0.9979 test 0.8166
epoch 62/200 loss 0.0250 train 0.9971 test 0.8093
epoch 63/200 loss 0.0241 train 0.9979 test 0.8116
epoch 64/200 loss 0.0195 train 0.9996 test 0.8179
epoch 65/200 loss 0.0203 train 0.9996 test 0.8158
epoch 66/200 loss 0.0199 train 0.9996 test 0.8153
epoch 67/200 loss 0.0195 train 0.9996 test 0.8181
epoch 68/200 loss 0.0176 train 1.0000 test 0.8174
epoch 69/200 loss 0.0171 train 0.9996 test 0.8223
epoch 70/200 loss 0.0169 train 0.9988 test 0.8131
epoch 71/200 loss 0.0199 train 0.9992 test 0.8154
epoch 72/200 loss 0.0200 train 0.9984 test 0.8150
epoch 73/200 loss 0.0184 train 0.9996 test 0.8155
epoch 74/200 loss 0.0181 train 0.9988 test 0.8154
epoch 75/200 loss 0.0190 train 0.9988 test 0.8107
epoch 76/200 loss 0.0178 train 0.9992 test 0.8206
epoch 77/200 loss 0.0185 train 0.9984 test 0.8092
epoch 78/200 loss 0.0166 train 0.9996 test 0.8186
epoch 79/200 loss 0.0153 train 1.0000 test 0.8201
epoch 80/200 loss 0.0144 train 1.0000 test 0.8226
epoch 81/200 loss 0.0146 train 1.0000 test 0.8230
epoch 82/200 loss 0.0139 train 0.9996 test 0.8249
epoch 83/200 loss 0.0137 train 0.9996 test 0.8248
epoch 84/200 loss 0.0132 train 1.0000 test 0.8219
epoch 85/200 loss 0.0127 train 0.9996 test 0.8256
epoch 86/200 loss 0.0135 train 1.0000 test 0.8233
epoch 87/200 loss 0.0137 train 0.9996 test 0.8203
epoch 88/200 loss 0.0137 train 0.9996 test 0.8201
epoch 89/200 loss 0.0129 train 1.0000 test 0.8230
epoch 90/200 loss 0.0122 train 1.0000 test 0.8252
epoch 91/200 loss 0.0122 train 1.0000 test 0.8258
epoch 92/200 loss 0.0120 train 1.0000 test 0.8262
epoch 93/200 loss 0.0118 train 1.0000 test 0.8278
epoch 94/200 loss 0.0115 train 1.0000 test 0.8258
epoch 95/200 loss 0.0113 train 1.0000 test 0.8256
epoch 96/200 loss 0.0111 train 1.0000 test 0.8283
epoch 97/200 loss 0.0122 train 0.9996 test 0.8270
epoch 98/200 loss 0.0109 train 1.0000 test 0.8256
epoch 99/200 loss 0.0128 train 0.9996 test 0.8251
epoch 100/200 loss 0.0113 train 0.9996 test 0.8232
epoch 101/200 loss 0.0135 train 0.9992 test 0.8221
epoch 102/200 loss 0.0121 train 0.9996 test 0.8235
epoch 103/200 loss 0.0118 train 0.9996 test 0.8230
epoch 104/200 loss 0.0103 train 1.0000 test 0.8300
epoch 105/200 loss 0.0106 train 1.0000 test 0.8296
epoch 106/200 loss 0.0102 train 1.0000 test 0.8277
epoch 107/200 loss 0.0097 train 0.9996 test 0.8271
epoch 108/200 loss 0.0107 train 1.0000 test 0.8288
epoch 109/200 loss 0.0103 train 0.9992 test 0.8274
epoch 110/200 loss 0.0106 train 0.9996 test 0.8286
epoch 111/200 loss 0.0093 train 1.0000 test 0.8278
epoch 112/200 loss 0.0092 train 1.0000 test 0.8312
epoch 113/200 loss 0.0106 train 0.9996 test 0.8309
epoch 114/200 loss 0.0096 train 1.0000 test 0.8288
epoch 115/200 loss 0.0104 train 1.0000 test 0.8279
epoch 116/200 loss 0.0087 train 1.0000 test 0.8261
epoch 117/200 loss 0.0089 train 1.0000 test 0.8261
epoch 118/200 loss 0.0087 train 1.0000 test 0.8305
epoch 119/200 loss 0.0085 train 1.0000 test 0.8283
epoch 120/200 loss 0.0087 train 1.0000 test 0.8271
epoch 121/200 loss 0.0080 train 1.0000 test 0.8282
epoch 122/200 loss 0.0088 train 0.9996 test 0.8315
epoch 123/200 loss 0.0084 train 1.0000 test 0.8315
epoch 124/200 loss 0.0072 train 1.0000 test 0.8312
epoch 125/200 loss 0.0077 train 1.0000 test 0.8286
epoch 126/200 loss 0.0083 train 1.0000 test 0.8289
epoch 127/200 loss 0.0072 train 1.0000 test 0.8291
epoch 128/200 loss 0.0073 train 1.0000 test 0.8286
epoch 129/200 loss 0.0077 train 1.0000 test 0.8307
epoch 130/200 loss 0.0084 train 0.9996 test 0.8298
epoch 131/200 loss 0.0085 train 1.0000 test 0.8309
epoch 132/200 loss 0.0084 train 0.9992 test 0.8328
epoch 133/200 loss 0.0072 train 1.0000 test 0.8289
epoch 134/200 loss 0.0080 train 0.9996 test 0.8267
epoch 135/200 loss 0.0072 train 1.0000 test 0.8255
epoch 136/200 loss 0.0076 train 1.0000 test 0.8284
epoch 137/200 loss 0.0077 train 1.0000 test 0.8302
epoch 138/200 loss 0.0066 train 1.0000 test 0.8307
epoch 139/200 loss 0.0067 train 1.0000 test 0.8303
epoch 140/200 loss 0.0066 train 1.0000 test 0.8311
epoch 141/200 loss 0.0065 train 1.0000 test 0.8296
epoch 142/200 loss 0.0061 train 1.0000 test 0.8305
epoch 143/200 loss 0.0068 train 0.9996 test 0.8303
epoch 144/200 loss 0.0067 train 1.0000 test 0.8287
epoch 145/200 loss 0.0060 train 1.0000 test 0.8303
epoch 146/200 loss 0.0066 train 0.9996 test 0.8285
epoch 147/200 loss 0.0054 train 1.0000 test 0.8289
epoch 148/200 loss 0.0064 train 1.0000 test 0.8291
epoch 149/200 loss 0.0054 train 1.0000 test 0.8316
epoch 150/200 loss 0.0058 train 1.0000 test 0.8302
epoch 151/200 loss 0.0053 train 1.0000 test 0.8311
epoch 152/200 loss 0.0055 train 1.0000 test 0.8317
epoch 153/200 loss 0.0053 train 0.9996 test 0.8328
epoch 154/200 loss 0.0066 train 0.9996 test 0.8308
epoch 155/200 loss 0.0055 train 0.9996 test 0.8316
epoch 156/200 loss 0.0058 train 1.0000 test 0.8315
epoch 157/200 loss 0.0045 train 1.0000 test 0.8315
epoch 158/200 loss 0.0047 train 1.0000 test 0.8338
epoch 159/200 loss 0.0045 train 1.0000 test 0.8334
epoch 160/200 loss 0.0048 train 1.0000 test 0.8339
epoch 161/200 loss 0.0051 train 0.9996 test 0.8322
epoch 162/200 loss 0.0045 train 1.0000 test 0.8325
epoch 163/200 loss 0.0044 train 1.0000 test 0.8335
epoch 164/200 loss 0.0047 train 1.0000 test 0.8341
epoch 165/200 loss 0.0044 train 1.0000 test 0.8328
epoch 166/200 loss 0.0042 train 0.9996 test 0.8320
epoch 167/200 loss 0.0046 train 1.0000 test 0.8329
epoch 168/200 loss 0.0051 train 1.0000 test 0.8346
epoch 169/200 loss 0.0042 train 1.0000 test 0.8332
epoch 170/200 loss 0.0036 train 1.0000 test 0.8332
epoch 171/200 loss 0.0042 train 1.0000 test 0.8340
epoch 172/200 loss 0.0049 train 0.9996 test 0.8344
epoch 173/200 loss 0.0040 train 1.0000 test 0.8353
epoch 174/200 loss 0.0043 train 1.0000 test 0.8318
epoch 175/200 loss 0.0042 train 1.0000 test 0.8329
epoch 176/200 loss 0.0039 train 1.0000 test 0.8348
epoch 177/200 loss 0.0042 train 1.0000 test 0.8355
epoch 178/200 loss 0.0037 train 1.0000 test 0.8335
epoch 179/200 loss 0.0037 train 0.9996 test 0.8345
epoch 180/200 loss 0.0032 train 1.0000 test 0.8338
epoch 181/200 loss 0.0039 train 1.0000 test 0.8329
epoch 182/200 loss 0.0032 train 1.0000 test 0.8342
epoch 183/200 loss 0.0038 train 1.0000 test 0.8358
epoch 184/200 loss 0.0041 train 1.0000 test 0.8344
epoch 185/200 loss 0.0038 train 1.0000 test 0.8343
epoch 186/200 loss 0.0043 train 1.0000 test 0.8358
epoch 187/200 loss 0.0037 train 1.0000 test 0.8323
epoch 188/200 loss 0.0028 train 1.0000 test 0.8341
epoch 189/200 loss 0.0035 train 1.0000 test 0.8336
epoch 190/200 loss 0.0037 train 1.0000 test 0.8350
epoch 191/200 loss 0.0033 train 1.0000 test 0.8349
epoch 192/200 loss 0.0036 train 1.0000 test 0.8352
epoch 193/200 loss 0.0030 train 1.0000 test 0.8346
epoch 194/200 loss 0.0034 train 1.0000 test 0.8356
epoch 195/200 loss 0.0039 train 1.0000 test 0.8332
epoch 196/200 loss 0.0038 train 1.0000 test 0.8328
epoch 197/200 loss 0.0034 train 1.0000 test 0.8344
epoch 198/200 loss 0.0046 train 1.0000 test 0.8370
epoch 199/200 loss 0.0033 train 1.0000 test 0.8339
epoch 200/200 loss 0.0034 train 1.0000 test 0.8341
done: final 0.8341 best 0.8370 -> ./runs/diagtaxlam_c10_l005_5pct/seed2
--- diagtaxlam_c10_l01_5pct seed0 2026-08-14T17:56:45+02:00
Warning: You are sending unauthenticated requests to the HF Hub. Please set a HF_TOKEN to enable higher rate limits and faster downloads.
moment-aux target calibrated on 1024 images
[diagtaxlam_c10_l01_5pct seed0] {"params_trainable": 11176018, "params_stem_trainable": 0, "params_stem_fixed_filters": 0, "flops_total": 556659712, "flops_stem": 0, "flops_image_size": 32}
epoch 1/200 loss 2.3213 train 0.2052 test 0.2309
epoch 2/200 loss 1.8573 train 0.3507 test 0.3211
epoch 3/200 loss 1.5990 train 0.4342 test 0.4018
epoch 4/200 loss 1.3963 train 0.5136 test 0.5151
epoch 5/200 loss 1.1983 train 0.5954 test 0.5266
epoch 6/200 loss 1.0750 train 0.6345 test 0.5570
epoch 7/200 loss 0.9359 train 0.6813 test 0.6117
epoch 8/200 loss 0.8332 train 0.7200 test 0.6181
epoch 9/200 loss 0.7841 train 0.7467 test 0.6325
epoch 10/200 loss 0.6795 train 0.7771 test 0.6626
epoch 11/200 loss 0.5847 train 0.8076 test 0.6982
epoch 12/200 loss 0.5416 train 0.8257 test 0.6997
epoch 13/200 loss 0.4671 train 0.8483 test 0.7070
epoch 14/200 loss 0.4339 train 0.8618 test 0.7242
epoch 15/200 loss 0.3969 train 0.8816 test 0.7051
epoch 16/200 loss 0.3623 train 0.8877 test 0.7281
epoch 17/200 loss 0.3321 train 0.8980 test 0.6775
epoch 18/200 loss 0.2802 train 0.9141 test 0.7221
epoch 19/200 loss 0.2411 train 0.9305 test 0.7324
epoch 20/200 loss 0.2340 train 0.9276 test 0.6979
epoch 21/200 loss 0.2150 train 0.9396 test 0.7387
epoch 22/200 loss 0.1822 train 0.9523 test 0.7494
epoch 23/200 loss 0.1766 train 0.9548 test 0.7395
epoch 24/200 loss 0.1549 train 0.9609 test 0.7505
epoch 25/200 loss 0.1449 train 0.9650 test 0.7471
epoch 26/200 loss 0.1279 train 0.9741 test 0.7543
epoch 27/200 loss 0.1249 train 0.9704 test 0.7522
epoch 28/200 loss 0.1143 train 0.9729 test 0.7387
epoch 29/200 loss 0.1084 train 0.9737 test 0.7480
epoch 30/200 loss 0.1012 train 0.9762 test 0.7457
epoch 31/200 loss 0.1020 train 0.9766 test 0.7555
epoch 32/200 loss 0.1003 train 0.9786 test 0.7503
epoch 33/200 loss 0.0870 train 0.9836 test 0.7540
epoch 34/200 loss 0.0799 train 0.9831 test 0.7586
epoch 35/200 loss 0.0713 train 0.9873 test 0.7647
epoch 36/200 loss 0.0761 train 0.9856 test 0.7604
epoch 37/200 loss 0.0659 train 0.9905 test 0.7613
epoch 38/200 loss 0.0679 train 0.9893 test 0.7698
epoch 39/200 loss 0.0646 train 0.9893 test 0.7680
epoch 40/200 loss 0.0574 train 0.9905 test 0.7650
epoch 41/200 loss 0.0652 train 0.9868 test 0.7631
epoch 42/200 loss 0.0641 train 0.9893 test 0.7583
epoch 43/200 loss 0.0553 train 0.9942 test 0.7528
epoch 44/200 loss 0.0509 train 0.9951 test 0.7671
epoch 45/200 loss 0.0512 train 0.9934 test 0.7736
epoch 46/200 loss 0.0441 train 0.9947 test 0.7594
epoch 47/200 loss 0.0421 train 0.9967 test 0.7784
epoch 48/200 loss 0.0394 train 0.9967 test 0.7686
epoch 49/200 loss 0.0456 train 0.9930 test 0.7711
epoch 50/200 loss 0.0397 train 0.9963 test 0.7745
epoch 51/200 loss 0.0424 train 0.9942 test 0.7708
epoch 52/200 loss 0.0388 train 0.9955 test 0.7798
epoch 53/200 loss 0.0357 train 0.9984 test 0.7776
epoch 54/200 loss 0.0366 train 0.9963 test 0.7794
epoch 55/200 loss 0.0361 train 0.9963 test 0.7762
epoch 56/200 loss 0.0371 train 0.9959 test 0.7765
epoch 57/200 loss 0.0364 train 0.9963 test 0.7796
epoch 58/200 loss 0.0340 train 0.9967 test 0.7813
epoch 59/200 loss 0.0333 train 0.9967 test 0.7749
epoch 60/200 loss 0.0336 train 0.9975 test 0.7811
epoch 61/200 loss 0.0287 train 0.9984 test 0.7815
epoch 62/200 loss 0.0286 train 0.9984 test 0.7804
epoch 63/200 loss 0.0251 train 0.9996 test 0.7776
epoch 64/200 loss 0.0238 train 0.9996 test 0.7850
epoch 65/200 loss 0.0268 train 0.9984 test 0.7889
epoch 66/200 loss 0.0233 train 0.9996 test 0.7913
epoch 67/200 loss 0.0260 train 0.9975 test 0.7827
epoch 68/200 loss 0.0242 train 0.9992 test 0.7847
epoch 69/200 loss 0.0228 train 0.9992 test 0.7861
epoch 70/200 loss 0.0245 train 0.9992 test 0.7818
epoch 71/200 loss 0.0249 train 0.9988 test 0.7879
epoch 72/200 loss 0.0239 train 0.9984 test 0.7878
epoch 73/200 loss 0.0249 train 0.9988 test 0.7874
epoch 74/200 loss 0.0214 train 1.0000 test 0.7880
epoch 75/200 loss 0.0209 train 0.9992 test 0.7870
epoch 76/200 loss 0.0207 train 0.9996 test 0.7858
epoch 77/200 loss 0.0215 train 0.9988 test 0.7850
epoch 78/200 loss 0.0190 train 1.0000 test 0.7885
epoch 79/200 loss 0.0181 train 1.0000 test 0.7867
epoch 80/200 loss 0.0191 train 1.0000 test 0.7880
epoch 81/200 loss 0.0195 train 0.9988 test 0.7924
epoch 82/200 loss 0.0176 train 1.0000 test 0.7899
epoch 83/200 loss 0.0168 train 1.0000 test 0.7903
epoch 84/200 loss 0.0182 train 1.0000 test 0.7931
epoch 85/200 loss 0.0174 train 0.9996 test 0.7872
epoch 86/200 loss 0.0195 train 0.9988 test 0.7887
epoch 87/200 loss 0.0182 train 0.9996 test 0.7897
epoch 88/200 loss 0.0181 train 0.9992 test 0.7892
epoch 89/200 loss 0.0202 train 0.9992 test 0.7883
epoch 90/200 loss 0.0190 train 0.9996 test 0.7823
epoch 91/200 loss 0.0185 train 0.9992 test 0.7895
epoch 92/200 loss 0.0188 train 0.9988 test 0.7836
epoch 93/200 loss 0.0172 train 0.9996 test 0.7860
epoch 94/200 loss 0.0169 train 0.9992 test 0.7903
epoch 95/200 loss 0.0164 train 0.9992 test 0.7902
epoch 96/200 loss 0.0172 train 0.9988 test 0.7902
epoch 97/200 loss 0.0155 train 0.9996 test 0.7882
epoch 98/200 loss 0.0159 train 0.9992 test 0.7871
epoch 99/200 loss 0.0151 train 0.9996 test 0.7882
epoch 100/200 loss 0.0174 train 0.9996 test 0.7899
epoch 101/200 loss 0.0163 train 0.9996 test 0.7916
epoch 102/200 loss 0.0137 train 1.0000 test 0.7932
epoch 103/200 loss 0.0141 train 1.0000 test 0.7955
epoch 104/200 loss 0.0149 train 0.9996 test 0.7921
epoch 105/200 loss 0.0143 train 0.9996 test 0.7950
epoch 106/200 loss 0.0133 train 1.0000 test 0.7921
epoch 107/200 loss 0.0125 train 1.0000 test 0.7922
epoch 108/200 loss 0.0133 train 1.0000 test 0.7951
epoch 109/200 loss 0.0130 train 0.9996 test 0.7925
epoch 110/200 loss 0.0125 train 1.0000 test 0.7920
epoch 111/200 loss 0.0122 train 1.0000 test 0.7926
epoch 112/200 loss 0.0111 train 1.0000 test 0.7949
epoch 113/200 loss 0.0129 train 0.9996 test 0.7942
epoch 114/200 loss 0.0119 train 1.0000 test 0.7972
epoch 115/200 loss 0.0115 train 1.0000 test 0.7961
epoch 116/200 loss 0.0117 train 0.9996 test 0.7962
epoch 117/200 loss 0.0123 train 0.9996 test 0.7958
epoch 118/200 loss 0.0110 train 1.0000 test 0.7975
epoch 119/200 loss 0.0109 train 1.0000 test 0.7947
epoch 120/200 loss 0.0105 train 1.0000 test 0.7951
epoch 121/200 loss 0.0110 train 1.0000 test 0.7946
epoch 122/200 loss 0.0113 train 0.9996 test 0.7933
epoch 123/200 loss 0.0111 train 0.9996 test 0.7913
epoch 124/200 loss 0.0104 train 1.0000 test 0.7934
epoch 125/200 loss 0.0099 train 1.0000 test 0.7986
epoch 126/200 loss 0.0118 train 0.9996 test 0.7968
epoch 127/200 loss 0.0094 train 1.0000 test 0.7954
epoch 128/200 loss 0.0091 train 1.0000 test 0.7958
epoch 129/200 loss 0.0113 train 0.9992 test 0.7959
epoch 130/200 loss 0.0108 train 0.9996 test 0.7964
epoch 131/200 loss 0.0089 train 1.0000 test 0.7941
epoch 132/200 loss 0.0103 train 0.9992 test 0.7970
epoch 133/200 loss 0.0081 train 1.0000 test 0.7945
epoch 134/200 loss 0.0086 train 1.0000 test 0.7947
epoch 135/200 loss 0.0088 train 0.9996 test 0.7946
epoch 136/200 loss 0.0086 train 1.0000 test 0.7957
epoch 137/200 loss 0.0079 train 1.0000 test 0.7956
epoch 138/200 loss 0.0077 train 1.0000 test 0.7963
epoch 139/200 loss 0.0074 train 1.0000 test 0.7974
epoch 140/200 loss 0.0079 train 1.0000 test 0.7979
epoch 141/200 loss 0.0079 train 1.0000 test 0.7971
epoch 142/200 loss 0.0073 train 1.0000 test 0.7961
epoch 143/200 loss 0.0072 train 1.0000 test 0.7986
epoch 144/200 loss 0.0073 train 1.0000 test 0.7994
epoch 145/200 loss 0.0072 train 1.0000 test 0.7990
epoch 146/200 loss 0.0067 train 1.0000 test 0.8007
epoch 147/200 loss 0.0078 train 0.9996 test 0.7982
epoch 148/200 loss 0.0069 train 1.0000 test 0.7990
epoch 149/200 loss 0.0073 train 1.0000 test 0.7983
epoch 150/200 loss 0.0066 train 1.0000 test 0.7984
epoch 151/200 loss 0.0065 train 0.9996 test 0.7972
epoch 152/200 loss 0.0056 train 1.0000 test 0.7980
epoch 153/200 loss 0.0060 train 1.0000 test 0.7980
epoch 154/200 loss 0.0066 train 1.0000 test 0.7991
epoch 155/200 loss 0.0064 train 1.0000 test 0.7973
epoch 156/200 loss 0.0073 train 0.9992 test 0.7977
epoch 157/200 loss 0.0058 train 1.0000 test 0.7974
epoch 158/200 loss 0.0055 train 1.0000 test 0.7996
epoch 159/200 loss 0.0064 train 0.9996 test 0.7993
epoch 160/200 loss 0.0067 train 0.9996 test 0.7987
epoch 161/200 loss 0.0055 train 1.0000 test 0.7990
epoch 162/200 loss 0.0052 train 1.0000 test 0.7994
epoch 163/200 loss 0.0057 train 1.0000 test 0.8006
epoch 164/200 loss 0.0054 train 1.0000 test 0.8018
epoch 165/200 loss 0.0051 train 1.0000 test 0.7999
epoch 166/200 loss 0.0051 train 1.0000 test 0.7992
epoch 167/200 loss 0.0046 train 1.0000 test 0.8003
epoch 168/200 loss 0.0047 train 1.0000 test 0.8005
epoch 169/200 loss 0.0046 train 1.0000 test 0.7998
epoch 170/200 loss 0.0050 train 1.0000 test 0.8009
epoch 171/200 loss 0.0044 train 1.0000 test 0.8004
epoch 172/200 loss 0.0060 train 1.0000 test 0.8011
epoch 173/200 loss 0.0041 train 1.0000 test 0.8019
epoch 174/200 loss 0.0049 train 0.9996 test 0.8019
epoch 175/200 loss 0.0044 train 1.0000 test 0.8015
epoch 176/200 loss 0.0047 train 1.0000 test 0.8024
epoch 177/200 loss 0.0042 train 1.0000 test 0.8008
epoch 178/200 loss 0.0045 train 1.0000 test 0.8019
epoch 179/200 loss 0.0041 train 1.0000 test 0.8033
epoch 180/200 loss 0.0037 train 1.0000 test 0.8022
epoch 181/200 loss 0.0038 train 1.0000 test 0.8014
epoch 182/200 loss 0.0041 train 1.0000 test 0.8011
epoch 183/200 loss 0.0040 train 1.0000 test 0.8007
epoch 184/200 loss 0.0039 train 1.0000 test 0.8028
epoch 185/200 loss 0.0042 train 1.0000 test 0.8008
epoch 186/200 loss 0.0040 train 1.0000 test 0.8026
epoch 187/200 loss 0.0037 train 1.0000 test 0.8011
epoch 188/200 loss 0.0041 train 1.0000 test 0.8011
epoch 189/200 loss 0.0037 train 1.0000 test 0.8010
epoch 190/200 loss 0.0037 train 1.0000 test 0.8019
epoch 191/200 loss 0.0035 train 1.0000 test 0.8015
epoch 192/200 loss 0.0037 train 1.0000 test 0.8020
epoch 193/200 loss 0.0037 train 1.0000 test 0.8030
epoch 194/200 loss 0.0033 train 1.0000 test 0.8014
epoch 195/200 loss 0.0044 train 1.0000 test 0.8009
epoch 196/200 loss 0.0039 train 1.0000 test 0.8012
epoch 197/200 loss 0.0040 train 1.0000 test 0.8008
epoch 198/200 loss 0.0040 train 1.0000 test 0.8020
epoch 199/200 loss 0.0035 train 1.0000 test 0.8015
epoch 200/200 loss 0.0036 train 1.0000 test 0.8005
done: final 0.8005 best 0.8033 -> ./runs/diagtaxlam_c10_l01_5pct/seed0
--- diagtaxlam_c10_l01_5pct seed1 2026-08-14T18:00:42+02:00
moment-aux target calibrated on 1024 images
[diagtaxlam_c10_l01_5pct seed1] {"params_trainable": 11176018, "params_stem_trainable": 0, "params_stem_fixed_filters": 0, "flops_total": 556659712, "flops_stem": 0, "flops_image_size": 32}
epoch 1/200 loss 2.3231 train 0.2122 test 0.2216
epoch 2/200 loss 1.8340 train 0.3577 test 0.3501
epoch 3/200 loss 1.5520 train 0.4597 test 0.4818
epoch 4/200 loss 1.3178 train 0.5543 test 0.5257
epoch 5/200 loss 1.1368 train 0.6114 test 0.5857
epoch 6/200 loss 0.9899 train 0.6678 test 0.6165
epoch 7/200 loss 0.8702 train 0.7027 test 0.6613
epoch 8/200 loss 0.7458 train 0.7545 test 0.6773
epoch 9/200 loss 0.6580 train 0.7812 test 0.6571
epoch 10/200 loss 0.5894 train 0.8125 test 0.7068
epoch 11/200 loss 0.5025 train 0.8433 test 0.7038
epoch 12/200 loss 0.4728 train 0.8413 test 0.7351
epoch 13/200 loss 0.4059 train 0.8705 test 0.7274
epoch 14/200 loss 0.3572 train 0.8877 test 0.7428
epoch 15/200 loss 0.3098 train 0.9054 test 0.7557
epoch 16/200 loss 0.2740 train 0.9190 test 0.7580
epoch 17/200 loss 0.2395 train 0.9317 test 0.7536
epoch 18/200 loss 0.2195 train 0.9396 test 0.7492
epoch 19/200 loss 0.1796 train 0.9527 test 0.7539
epoch 20/200 loss 0.1809 train 0.9556 test 0.7518
epoch 21/200 loss 0.1565 train 0.9585 test 0.7574
epoch 22/200 loss 0.1586 train 0.9597 test 0.7655
epoch 23/200 loss 0.1484 train 0.9589 test 0.7508
epoch 24/200 loss 0.1301 train 0.9679 test 0.7599
epoch 25/200 loss 0.1013 train 0.9749 test 0.7747
epoch 26/200 loss 0.1093 train 0.9729 test 0.7794
epoch 27/200 loss 0.1076 train 0.9757 test 0.7714
epoch 28/200 loss 0.0954 train 0.9811 test 0.7873
epoch 29/200 loss 0.0798 train 0.9836 test 0.7735
epoch 30/200 loss 0.0746 train 0.9885 test 0.7950
epoch 31/200 loss 0.0775 train 0.9868 test 0.7811
epoch 32/200 loss 0.0807 train 0.9836 test 0.7854
epoch 33/200 loss 0.0656 train 0.9930 test 0.7973
epoch 34/200 loss 0.0576 train 0.9930 test 0.7972
epoch 35/200 loss 0.0593 train 0.9922 test 0.7916
epoch 36/200 loss 0.0561 train 0.9926 test 0.7944
epoch 37/200 loss 0.0501 train 0.9955 test 0.7916
epoch 38/200 loss 0.0528 train 0.9942 test 0.7905
epoch 39/200 loss 0.0445 train 0.9975 test 0.7950
epoch 40/200 loss 0.0418 train 0.9967 test 0.7948
epoch 41/200 loss 0.0437 train 0.9947 test 0.7964
epoch 42/200 loss 0.0434 train 0.9947 test 0.7948
epoch 43/200 loss 0.0439 train 0.9947 test 0.7919
epoch 44/200 loss 0.0515 train 0.9910 test 0.7829
epoch 45/200 loss 0.0473 train 0.9930 test 0.7752
epoch 46/200 loss 0.0463 train 0.9938 test 0.7935
epoch 47/200 loss 0.0459 train 0.9942 test 0.7940
epoch 48/200 loss 0.0451 train 0.9934 test 0.7946
epoch 49/200 loss 0.0481 train 0.9951 test 0.7846
epoch 50/200 loss 0.0441 train 0.9934 test 0.7940
epoch 51/200 loss 0.0383 train 0.9967 test 0.8018
epoch 52/200 loss 0.0353 train 0.9979 test 0.7980
epoch 53/200 loss 0.0397 train 0.9930 test 0.8021
epoch 54/200 loss 0.0400 train 0.9947 test 0.7938
epoch 55/200 loss 0.0330 train 0.9984 test 0.8067
epoch 56/200 loss 0.0311 train 0.9984 test 0.8038
epoch 57/200 loss 0.0308 train 0.9975 test 0.7926
epoch 58/200 loss 0.0397 train 0.9942 test 0.7955
epoch 59/200 loss 0.0359 train 0.9975 test 0.7901
epoch 60/200 loss 0.0341 train 0.9967 test 0.8034
epoch 61/200 loss 0.0279 train 0.9988 test 0.8091
epoch 62/200 loss 0.0273 train 0.9988 test 0.8049
epoch 63/200 loss 0.0295 train 0.9975 test 0.7991
epoch 64/200 loss 0.0278 train 0.9975 test 0.8033
epoch 65/200 loss 0.0264 train 0.9979 test 0.8061
epoch 66/200 loss 0.0269 train 0.9988 test 0.8062
epoch 67/200 loss 0.0243 train 0.9996 test 0.8097
epoch 68/200 loss 0.0250 train 0.9992 test 0.7954
epoch 69/200 loss 0.0279 train 0.9979 test 0.7985
epoch 70/200 loss 0.0283 train 0.9971 test 0.7998
epoch 71/200 loss 0.0253 train 0.9988 test 0.8032
epoch 72/200 loss 0.0237 train 0.9996 test 0.8056
epoch 73/200 loss 0.0220 train 0.9992 test 0.8095
epoch 74/200 loss 0.0237 train 0.9979 test 0.8074
epoch 75/200 loss 0.0208 train 0.9992 test 0.8069
epoch 76/200 loss 0.0199 train 0.9996 test 0.8072
epoch 77/200 loss 0.0194 train 0.9996 test 0.8059
epoch 78/200 loss 0.0219 train 0.9992 test 0.8092
epoch 79/200 loss 0.0190 train 0.9996 test 0.8091
epoch 80/200 loss 0.0219 train 0.9992 test 0.8094
epoch 81/200 loss 0.0189 train 0.9996 test 0.8120
epoch 82/200 loss 0.0173 train 1.0000 test 0.8119
epoch 83/200 loss 0.0172 train 1.0000 test 0.8142
epoch 84/200 loss 0.0175 train 1.0000 test 0.8142
epoch 85/200 loss 0.0177 train 1.0000 test 0.8129
epoch 86/200 loss 0.0177 train 0.9996 test 0.8146
epoch 87/200 loss 0.0160 train 1.0000 test 0.8162
epoch 88/200 loss 0.0168 train 1.0000 test 0.8146
epoch 89/200 loss 0.0160 train 0.9996 test 0.8176
epoch 90/200 loss 0.0168 train 0.9992 test 0.8176
epoch 91/200 loss 0.0161 train 1.0000 test 0.8184
epoch 92/200 loss 0.0163 train 0.9992 test 0.8133
epoch 93/200 loss 0.0158 train 0.9996 test 0.8133
epoch 94/200 loss 0.0144 train 1.0000 test 0.8159
epoch 95/200 loss 0.0152 train 0.9996 test 0.8136
epoch 96/200 loss 0.0141 train 1.0000 test 0.8161
epoch 97/200 loss 0.0142 train 1.0000 test 0.8167
epoch 98/200 loss 0.0155 train 0.9996 test 0.8180
epoch 99/200 loss 0.0145 train 0.9996 test 0.8145
epoch 100/200 loss 0.0142 train 1.0000 test 0.8157
epoch 101/200 loss 0.0141 train 1.0000 test 0.8154
epoch 102/200 loss 0.0143 train 0.9996 test 0.8150
epoch 103/200 loss 0.0132 train 1.0000 test 0.8173
epoch 104/200 loss 0.0132 train 1.0000 test 0.8168
epoch 105/200 loss 0.0133 train 0.9996 test 0.8127
epoch 106/200 loss 0.0124 train 1.0000 test 0.8166
epoch 107/200 loss 0.0119 train 1.0000 test 0.8183
epoch 108/200 loss 0.0119 train 1.0000 test 0.8180
epoch 109/200 loss 0.0120 train 1.0000 test 0.8176
epoch 110/200 loss 0.0121 train 1.0000 test 0.8163
epoch 111/200 loss 0.0120 train 1.0000 test 0.8185
epoch 112/200 loss 0.0110 train 1.0000 test 0.8185
epoch 113/200 loss 0.0113 train 1.0000 test 0.8189
epoch 114/200 loss 0.0120 train 1.0000 test 0.8161
epoch 115/200 loss 0.0113 train 1.0000 test 0.8188
epoch 116/200 loss 0.0121 train 0.9992 test 0.8169
epoch 117/200 loss 0.0110 train 1.0000 test 0.8165
epoch 118/200 loss 0.0112 train 1.0000 test 0.8163
epoch 119/200 loss 0.0113 train 0.9996 test 0.8150
epoch 120/200 loss 0.0103 train 1.0000 test 0.8177
epoch 121/200 loss 0.0110 train 0.9992 test 0.8176
epoch 122/200 loss 0.0102 train 1.0000 test 0.8180
epoch 123/200 loss 0.0114 train 0.9996 test 0.8154
epoch 124/200 loss 0.0096 train 1.0000 test 0.8187
epoch 125/200 loss 0.0104 train 1.0000 test 0.8178
epoch 126/200 loss 0.0092 train 1.0000 test 0.8191
epoch 127/200 loss 0.0092 train 1.0000 test 0.8204
epoch 128/200 loss 0.0097 train 1.0000 test 0.8197
epoch 129/200 loss 0.0088 train 1.0000 test 0.8190
epoch 130/200 loss 0.0096 train 1.0000 test 0.8178
epoch 131/200 loss 0.0085 train 1.0000 test 0.8192
epoch 132/200 loss 0.0081 train 1.0000 test 0.8174
epoch 133/200 loss 0.0091 train 1.0000 test 0.8188
epoch 134/200 loss 0.0082 train 1.0000 test 0.8212
epoch 135/200 loss 0.0081 train 1.0000 test 0.8195
epoch 136/200 loss 0.0075 train 1.0000 test 0.8183
epoch 137/200 loss 0.0082 train 1.0000 test 0.8203
epoch 138/200 loss 0.0078 train 1.0000 test 0.8185
epoch 139/200 loss 0.0078 train 1.0000 test 0.8183
epoch 140/200 loss 0.0080 train 1.0000 test 0.8197
epoch 141/200 loss 0.0076 train 1.0000 test 0.8194
epoch 142/200 loss 0.0070 train 1.0000 test 0.8210
epoch 143/200 loss 0.0066 train 1.0000 test 0.8202
epoch 144/200 loss 0.0074 train 1.0000 test 0.8210
epoch 145/200 loss 0.0071 train 1.0000 test 0.8202
epoch 146/200 loss 0.0074 train 1.0000 test 0.8202
epoch 147/200 loss 0.0073 train 0.9996 test 0.8197
epoch 148/200 loss 0.0064 train 1.0000 test 0.8200
epoch 149/200 loss 0.0073 train 1.0000 test 0.8204
epoch 150/200 loss 0.0077 train 1.0000 test 0.8205
epoch 151/200 loss 0.0068 train 1.0000 test 0.8196
epoch 152/200 loss 0.0061 train 1.0000 test 0.8196
epoch 153/200 loss 0.0061 train 1.0000 test 0.8184
epoch 154/200 loss 0.0063 train 1.0000 test 0.8195
epoch 155/200 loss 0.0059 train 1.0000 test 0.8203
epoch 156/200 loss 0.0055 train 1.0000 test 0.8201
epoch 157/200 loss 0.0053 train 1.0000 test 0.8188
epoch 158/200 loss 0.0053 train 1.0000 test 0.8208
epoch 159/200 loss 0.0058 train 1.0000 test 0.8183
epoch 160/200 loss 0.0053 train 1.0000 test 0.8219
epoch 161/200 loss 0.0053 train 1.0000 test 0.8209
epoch 162/200 loss 0.0058 train 0.9996 test 0.8192
epoch 163/200 loss 0.0047 train 1.0000 test 0.8202
epoch 164/200 loss 0.0053 train 1.0000 test 0.8201
epoch 165/200 loss 0.0051 train 1.0000 test 0.8198
epoch 166/200 loss 0.0048 train 1.0000 test 0.8212
epoch 167/200 loss 0.0050 train 1.0000 test 0.8208
epoch 168/200 loss 0.0047 train 1.0000 test 0.8218
epoch 169/200 loss 0.0045 train 1.0000 test 0.8206
epoch 170/200 loss 0.0046 train 1.0000 test 0.8214
epoch 171/200 loss 0.0043 train 1.0000 test 0.8207
epoch 172/200 loss 0.0047 train 1.0000 test 0.8214
epoch 173/200 loss 0.0046 train 1.0000 test 0.8216
epoch 174/200 loss 0.0051 train 1.0000 test 0.8221
epoch 175/200 loss 0.0043 train 1.0000 test 0.8227
epoch 176/200 loss 0.0046 train 0.9996 test 0.8210
epoch 177/200 loss 0.0041 train 1.0000 test 0.8225
epoch 178/200 loss 0.0045 train 1.0000 test 0.8214
epoch 179/200 loss 0.0036 train 1.0000 test 0.8218
epoch 180/200 loss 0.0038 train 1.0000 test 0.8214
epoch 181/200 loss 0.0039 train 1.0000 test 0.8212
epoch 182/200 loss 0.0042 train 1.0000 test 0.8222
epoch 183/200 loss 0.0037 train 1.0000 test 0.8221
epoch 184/200 loss 0.0038 train 1.0000 test 0.8213
epoch 185/200 loss 0.0040 train 1.0000 test 0.8210
epoch 186/200 loss 0.0038 train 1.0000 test 0.8215
epoch 187/200 loss 0.0039 train 1.0000 test 0.8233
epoch 188/200 loss 0.0040 train 1.0000 test 0.8217
epoch 189/200 loss 0.0043 train 1.0000 test 0.8222
epoch 190/200 loss 0.0034 train 1.0000 test 0.8225
epoch 191/200 loss 0.0039 train 1.0000 test 0.8215
epoch 192/200 loss 0.0039 train 1.0000 test 0.8227
epoch 193/200 loss 0.0033 train 1.0000 test 0.8210
epoch 194/200 loss 0.0034 train 1.0000 test 0.8226
epoch 195/200 loss 0.0040 train 0.9996 test 0.8232
epoch 196/200 loss 0.0038 train 1.0000 test 0.8229
epoch 197/200 loss 0.0036 train 1.0000 test 0.8216
epoch 198/200 loss 0.0040 train 1.0000 test 0.8219
epoch 199/200 loss 0.0038 train 1.0000 test 0.8220
epoch 200/200 loss 0.0033 train 1.0000 test 0.8230
done: final 0.8230 best 0.8233 -> ./runs/diagtaxlam_c10_l01_5pct/seed1
--- diagtaxlam_c10_l01_5pct seed2 2026-08-14T18:04:40+02:00
Warning: You are sending unauthenticated requests to the HF Hub. Please set a HF_TOKEN to enable higher rate limits and faster downloads.
moment-aux target calibrated on 1024 images
[diagtaxlam_c10_l01_5pct seed2] {"params_trainable": 11176018, "params_stem_trainable": 0, "params_stem_fixed_filters": 0, "flops_total": 556659712, "flops_stem": 0, "flops_image_size": 32}
epoch 1/200 loss 2.3215 train 0.2159 test 0.2212
epoch 2/200 loss 1.8498 train 0.3643 test 0.2990
epoch 3/200 loss 1.6009 train 0.4420 test 0.4127
epoch 4/200 loss 1.3759 train 0.5243 test 0.4982
epoch 5/200 loss 1.1844 train 0.5962 test 0.5532
epoch 6/200 loss 0.9990 train 0.6690 test 0.6126
epoch 7/200 loss 0.8502 train 0.7208 test 0.6547
epoch 8/200 loss 0.7738 train 0.7389 test 0.6856
epoch 9/200 loss 0.6015 train 0.8055 test 0.7078
epoch 10/200 loss 0.5850 train 0.8047 test 0.6844
epoch 11/200 loss 0.4999 train 0.8351 test 0.7171
epoch 12/200 loss 0.4655 train 0.8491 test 0.7302
epoch 13/200 loss 0.3746 train 0.8828 test 0.7488
epoch 14/200 loss 0.3174 train 0.8976 test 0.7684
epoch 15/200 loss 0.2807 train 0.9141 test 0.7169
epoch 16/200 loss 0.2496 train 0.9280 test 0.7652
epoch 17/200 loss 0.2142 train 0.9412 test 0.7491
epoch 18/200 loss 0.2079 train 0.9424 test 0.7620
epoch 19/200 loss 0.1978 train 0.9441 test 0.7427
epoch 20/200 loss 0.1926 train 0.9474 test 0.7596
epoch 21/200 loss 0.1653 train 0.9498 test 0.7651
epoch 22/200 loss 0.1269 train 0.9720 test 0.7712
epoch 23/200 loss 0.1276 train 0.9692 test 0.7771
epoch 24/200 loss 0.1295 train 0.9704 test 0.7719
epoch 25/200 loss 0.1121 train 0.9753 test 0.7882
epoch 26/200 loss 0.1083 train 0.9770 test 0.7891
epoch 27/200 loss 0.0991 train 0.9786 test 0.7687
epoch 28/200 loss 0.0998 train 0.9757 test 0.7795
epoch 29/200 loss 0.0856 train 0.9860 test 0.7757
epoch 30/200 loss 0.0773 train 0.9864 test 0.7846
epoch 31/200 loss 0.0886 train 0.9799 test 0.7751
epoch 32/200 loss 0.0783 train 0.9860 test 0.7837
epoch 33/200 loss 0.0749 train 0.9864 test 0.7895
epoch 34/200 loss 0.0733 train 0.9877 test 0.7898
epoch 35/200 loss 0.0625 train 0.9905 test 0.7956
epoch 36/200 loss 0.0551 train 0.9930 test 0.8062
epoch 37/200 loss 0.0502 train 0.9938 test 0.7893
epoch 38/200 loss 0.0590 train 0.9897 test 0.7985
epoch 39/200 loss 0.0611 train 0.9897 test 0.7945
epoch 40/200 loss 0.0694 train 0.9881 test 0.7847
epoch 41/200 loss 0.0539 train 0.9918 test 0.7908
epoch 42/200 loss 0.0553 train 0.9910 test 0.8022
epoch 43/200 loss 0.0496 train 0.9930 test 0.7972
epoch 44/200 loss 0.0477 train 0.9926 test 0.8028
epoch 45/200 loss 0.0436 train 0.9955 test 0.8012
epoch 46/200 loss 0.0434 train 0.9951 test 0.8062
epoch 47/200 loss 0.0391 train 0.9979 test 0.8043
epoch 48/200 loss 0.0392 train 0.9979 test 0.8107
epoch 49/200 loss 0.0354 train 0.9971 test 0.8042
epoch 50/200 loss 0.0366 train 0.9967 test 0.8060
epoch 51/200 loss 0.0356 train 0.9959 test 0.8050
epoch 52/200 loss 0.0354 train 0.9963 test 0.8111
epoch 53/200 loss 0.0356 train 0.9975 test 0.8113
epoch 54/200 loss 0.0329 train 0.9984 test 0.8098
epoch 55/200 loss 0.0359 train 0.9967 test 0.8060
epoch 56/200 loss 0.0295 train 0.9984 test 0.8059
epoch 57/200 loss 0.0359 train 0.9959 test 0.8084
epoch 58/200 loss 0.0364 train 0.9955 test 0.8106
epoch 59/200 loss 0.0315 train 0.9975 test 0.8112
epoch 60/200 loss 0.0309 train 0.9967 test 0.8119
epoch 61/200 loss 0.0315 train 0.9979 test 0.8122
epoch 62/200 loss 0.0296 train 0.9984 test 0.8099
epoch 63/200 loss 0.0326 train 0.9967 test 0.8030
epoch 64/200 loss 0.0268 train 0.9988 test 0.8139
epoch 65/200 loss 0.0248 train 0.9996 test 0.8148
epoch 66/200 loss 0.0261 train 0.9984 test 0.8150
epoch 67/200 loss 0.0242 train 0.9988 test 0.8145
epoch 68/200 loss 0.0255 train 0.9988 test 0.8121
epoch 69/200 loss 0.0219 train 1.0000 test 0.8170
epoch 70/200 loss 0.0229 train 0.9996 test 0.8164
epoch 71/200 loss 0.0243 train 0.9984 test 0.8121
epoch 72/200 loss 0.0223 train 0.9996 test 0.8143
epoch 73/200 loss 0.0229 train 0.9988 test 0.8147
epoch 74/200 loss 0.0225 train 0.9988 test 0.8212
epoch 75/200 loss 0.0210 train 0.9996 test 0.8232
epoch 76/200 loss 0.0197 train 1.0000 test 0.8239
epoch 77/200 loss 0.0220 train 0.9992 test 0.8139
epoch 78/200 loss 0.0246 train 0.9975 test 0.8189
epoch 79/200 loss 0.0208 train 0.9996 test 0.8192
epoch 80/200 loss 0.0207 train 0.9988 test 0.8186
epoch 81/200 loss 0.0220 train 0.9979 test 0.8153
epoch 82/200 loss 0.0247 train 0.9984 test 0.8153
epoch 83/200 loss 0.0214 train 0.9992 test 0.8201
epoch 84/200 loss 0.0207 train 0.9996 test 0.8162
epoch 85/200 loss 0.0189 train 1.0000 test 0.8236
epoch 86/200 loss 0.0212 train 0.9988 test 0.8156
epoch 87/200 loss 0.0200 train 0.9984 test 0.8170
epoch 88/200 loss 0.0181 train 0.9996 test 0.8185
epoch 89/200 loss 0.0192 train 0.9979 test 0.8174
epoch 90/200 loss 0.0175 train 0.9996 test 0.8165
epoch 91/200 loss 0.0164 train 1.0000 test 0.8176
epoch 92/200 loss 0.0163 train 0.9996 test 0.8206
epoch 93/200 loss 0.0150 train 1.0000 test 0.8218
epoch 94/200 loss 0.0173 train 0.9992 test 0.8216
epoch 95/200 loss 0.0151 train 1.0000 test 0.8202
epoch 96/200 loss 0.0159 train 0.9996 test 0.8211
epoch 97/200 loss 0.0147 train 1.0000 test 0.8244
epoch 98/200 loss 0.0150 train 1.0000 test 0.8229
epoch 99/200 loss 0.0143 train 1.0000 test 0.8241
epoch 100/200 loss 0.0135 train 0.9996 test 0.8203
epoch 101/200 loss 0.0140 train 1.0000 test 0.8238
epoch 102/200 loss 0.0131 train 1.0000 test 0.8237
epoch 103/200 loss 0.0141 train 0.9996 test 0.8236
epoch 104/200 loss 0.0133 train 1.0000 test 0.8250
epoch 105/200 loss 0.0137 train 0.9996 test 0.8240
epoch 106/200 loss 0.0131 train 1.0000 test 0.8253
epoch 107/200 loss 0.0141 train 0.9992 test 0.8211
epoch 108/200 loss 0.0134 train 1.0000 test 0.8249
epoch 109/200 loss 0.0131 train 0.9996 test 0.8242
epoch 110/200 loss 0.0116 train 1.0000 test 0.8250
epoch 111/200 loss 0.0116 train 1.0000 test 0.8223
epoch 112/200 loss 0.0113 train 1.0000 test 0.8221
epoch 113/200 loss 0.0112 train 1.0000 test 0.8236
epoch 114/200 loss 0.0119 train 0.9996 test 0.8221
epoch 115/200 loss 0.0133 train 0.9996 test 0.8247
epoch 116/200 loss 0.0109 train 1.0000 test 0.8223
epoch 117/200 loss 0.0113 train 1.0000 test 0.8233
epoch 118/200 loss 0.0103 train 1.0000 test 0.8231
epoch 119/200 loss 0.0106 train 1.0000 test 0.8257
epoch 120/200 loss 0.0109 train 1.0000 test 0.8251
epoch 121/200 loss 0.0100 train 1.0000 test 0.8221
epoch 122/200 loss 0.0112 train 0.9996 test 0.8241
epoch 123/200 loss 0.0099 train 1.0000 test 0.8249
epoch 124/200 loss 0.0090 train 1.0000 test 0.8259
epoch 125/200 loss 0.0095 train 1.0000 test 0.8235
epoch 126/200 loss 0.0114 train 0.9996 test 0.8265
epoch 127/200 loss 0.0095 train 1.0000 test 0.8266
epoch 128/200 loss 0.0091 train 1.0000 test 0.8262
epoch 129/200 loss 0.0092 train 1.0000 test 0.8266
epoch 130/200 loss 0.0096 train 0.9996 test 0.8256
epoch 131/200 loss 0.0095 train 1.0000 test 0.8279
epoch 132/200 loss 0.0094 train 1.0000 test 0.8260
epoch 133/200 loss 0.0090 train 1.0000 test 0.8272
epoch 134/200 loss 0.0094 train 0.9996 test 0.8251
epoch 135/200 loss 0.0082 train 1.0000 test 0.8267
epoch 136/200 loss 0.0085 train 1.0000 test 0.8273
epoch 137/200 loss 0.0085 train 1.0000 test 0.8268
epoch 138/200 loss 0.0073 train 1.0000 test 0.8274
epoch 139/200 loss 0.0074 train 1.0000 test 0.8263
epoch 140/200 loss 0.0074 train 1.0000 test 0.8265
epoch 141/200 loss 0.0073 train 1.0000 test 0.8285
epoch 142/200 loss 0.0068 train 1.0000 test 0.8277
epoch 143/200 loss 0.0074 train 0.9996 test 0.8288
epoch 144/200 loss 0.0079 train 0.9996 test 0.8294
epoch 145/200 loss 0.0066 train 1.0000 test 0.8295
epoch 146/200 loss 0.0070 train 0.9996 test 0.8282
epoch 147/200 loss 0.0069 train 1.0000 test 0.8285
epoch 148/200 loss 0.0077 train 0.9996 test 0.8275
epoch 149/200 loss 0.0067 train 1.0000 test 0.8281
epoch 150/200 loss 0.0065 train 0.9996 test 0.8281
epoch 151/200 loss 0.0061 train 1.0000 test 0.8296
epoch 152/200 loss 0.0057 train 1.0000 test 0.8284
epoch 153/200 loss 0.0058 train 1.0000 test 0.8302
epoch 154/200 loss 0.0070 train 0.9992 test 0.8290
epoch 155/200 loss 0.0057 train 1.0000 test 0.8295
epoch 156/200 loss 0.0059 train 1.0000 test 0.8294
epoch 157/200 loss 0.0060 train 1.0000 test 0.8312
epoch 158/200 loss 0.0050 train 1.0000 test 0.8302
epoch 159/200 loss 0.0055 train 1.0000 test 0.8304
epoch 160/200 loss 0.0056 train 1.0000 test 0.8296
epoch 161/200 loss 0.0053 train 0.9996 test 0.8315
epoch 162/200 loss 0.0051 train 1.0000 test 0.8328
epoch 163/200 loss 0.0055 train 1.0000 test 0.8300
epoch 164/200 loss 0.0050 train 1.0000 test 0.8297
epoch 165/200 loss 0.0047 train 0.9996 test 0.8305
epoch 166/200 loss 0.0050 train 1.0000 test 0.8316
epoch 167/200 loss 0.0049 train 1.0000 test 0.8316
epoch 168/200 loss 0.0052 train 1.0000 test 0.8318
epoch 169/200 loss 0.0046 train 1.0000 test 0.8318
epoch 170/200 loss 0.0040 train 1.0000 test 0.8313
epoch 171/200 loss 0.0043 train 1.0000 test 0.8312
epoch 172/200 loss 0.0051 train 1.0000 test 0.8327
epoch 173/200 loss 0.0047 train 0.9996 test 0.8323
epoch 174/200 loss 0.0046 train 1.0000 test 0.8315
epoch 175/200 loss 0.0044 train 1.0000 test 0.8304
epoch 176/200 loss 0.0040 train 1.0000 test 0.8312
epoch 177/200 loss 0.0050 train 0.9996 test 0.8305
epoch 178/200 loss 0.0041 train 1.0000 test 0.8312
epoch 179/200 loss 0.0039 train 1.0000 test 0.8317
epoch 180/200 loss 0.0036 train 1.0000 test 0.8311
epoch 181/200 loss 0.0040 train 0.9996 test 0.8298
epoch 182/200 loss 0.0037 train 1.0000 test 0.8314
epoch 183/200 loss 0.0041 train 1.0000 test 0.8310
epoch 184/200 loss 0.0036 train 1.0000 test 0.8315
epoch 185/200 loss 0.0044 train 1.0000 test 0.8299
epoch 186/200 loss 0.0039 train 1.0000 test 0.8305
epoch 187/200 loss 0.0039 train 1.0000 test 0.8316
epoch 188/200 loss 0.0030 train 1.0000 test 0.8316
epoch 189/200 loss 0.0039 train 1.0000 test 0.8299
epoch 190/200 loss 0.0040 train 1.0000 test 0.8311
epoch 191/200 loss 0.0032 train 1.0000 test 0.8313
epoch 192/200 loss 0.0044 train 0.9996 test 0.8312
epoch 193/200 loss 0.0035 train 1.0000 test 0.8313
epoch 194/200 loss 0.0032 train 1.0000 test 0.8314
epoch 195/200 loss 0.0037 train 1.0000 test 0.8306
epoch 196/200 loss 0.0037 train 1.0000 test 0.8304
epoch 197/200 loss 0.0033 train 1.0000 test 0.8302
epoch 198/200 loss 0.0053 train 0.9992 test 0.8311
epoch 199/200 loss 0.0036 train 1.0000 test 0.8313
epoch 200/200 loss 0.0033 train 1.0000 test 0.8312
done: final 0.8312 best 0.8328 -> ./runs/diagtaxlam_c10_l01_5pct/seed2
--- diagtaxlam_c10_l03_5pct seed0 2026-08-14T18:08:37+02:00
Warning: You are sending unauthenticated requests to the HF Hub. Please set a HF_TOKEN to enable higher rate limits and faster downloads.
moment-aux target calibrated on 1024 images
[diagtaxlam_c10_l03_5pct seed0] {"params_trainable": 11176018, "params_stem_trainable": 0, "params_stem_fixed_filters": 0, "flops_total": 556659712, "flops_stem": 0, "flops_image_size": 32}
epoch 1/200 loss 2.8541 train 0.2220 test 0.1934
epoch 2/200 loss 1.9884 train 0.3639 test 0.3447
epoch 3/200 loss 1.6828 train 0.4630 test 0.4096
epoch 4/200 loss 1.4610 train 0.5201 test 0.5290
epoch 5/200 loss 1.2599 train 0.5880 test 0.5592
epoch 6/200 loss 1.1039 train 0.6480 test 0.5736
epoch 7/200 loss 0.9986 train 0.6875 test 0.6050
epoch 8/200 loss 0.8923 train 0.7233 test 0.6478
epoch 9/200 loss 0.7898 train 0.7632 test 0.6572
epoch 10/200 loss 0.7232 train 0.7780 test 0.6390
epoch 11/200 loss 0.6737 train 0.7932 test 0.6859
epoch 12/200 loss 0.5604 train 0.8306 test 0.7108
epoch 13/200 loss 0.4990 train 0.8516 test 0.6995
epoch 14/200 loss 0.4654 train 0.8750 test 0.6850
epoch 15/200 loss 0.4367 train 0.8725 test 0.6973
epoch 16/200 loss 0.4002 train 0.8898 test 0.7013
epoch 17/200 loss 0.3717 train 0.8951 test 0.7181
epoch 18/200 loss 0.3180 train 0.9116 test 0.7292
epoch 19/200 loss 0.2864 train 0.9383 test 0.7373
epoch 20/200 loss 0.2584 train 0.9359 test 0.7170
epoch 21/200 loss 0.2286 train 0.9449 test 0.7338
epoch 22/200 loss 0.2186 train 0.9494 test 0.7149
epoch 23/200 loss 0.1961 train 0.9527 test 0.7407
epoch 24/200 loss 0.1879 train 0.9556 test 0.7347
epoch 25/200 loss 0.1824 train 0.9622 test 0.7289
epoch 26/200 loss 0.1698 train 0.9663 test 0.7517
epoch 27/200 loss 0.1580 train 0.9696 test 0.7462
epoch 28/200 loss 0.1423 train 0.9716 test 0.7260
epoch 29/200 loss 0.1458 train 0.9725 test 0.7434
epoch 30/200 loss 0.1344 train 0.9729 test 0.7311
epoch 31/200 loss 0.1292 train 0.9749 test 0.7540
epoch 32/200 loss 0.1203 train 0.9790 test 0.7563
epoch 33/200 loss 0.1060 train 0.9860 test 0.7507
epoch 34/200 loss 0.1082 train 0.9823 test 0.7516
epoch 35/200 loss 0.0902 train 0.9914 test 0.7535
epoch 36/200 loss 0.0878 train 0.9901 test 0.7558
epoch 37/200 loss 0.0856 train 0.9897 test 0.7572
epoch 38/200 loss 0.0927 train 0.9860 test 0.7548
epoch 39/200 loss 0.0812 train 0.9910 test 0.7478
epoch 40/200 loss 0.0837 train 0.9893 test 0.7583
epoch 41/200 loss 0.0858 train 0.9877 test 0.7620
epoch 42/200 loss 0.0824 train 0.9914 test 0.7597
epoch 43/200 loss 0.0732 train 0.9926 test 0.7551
epoch 44/200 loss 0.0705 train 0.9930 test 0.7677
epoch 45/200 loss 0.0649 train 0.9947 test 0.7757
epoch 46/200 loss 0.0643 train 0.9934 test 0.7661
epoch 47/200 loss 0.0651 train 0.9934 test 0.7693
epoch 48/200 loss 0.0645 train 0.9934 test 0.7630
epoch 49/200 loss 0.0660 train 0.9930 test 0.7602
epoch 50/200 loss 0.0633 train 0.9942 test 0.7606
epoch 51/200 loss 0.0584 train 0.9955 test 0.7659
epoch 52/200 loss 0.0573 train 0.9971 test 0.7740
epoch 53/200 loss 0.0524 train 0.9984 test 0.7673
epoch 54/200 loss 0.0533 train 0.9967 test 0.7736
epoch 55/200 loss 0.0513 train 0.9979 test 0.7741
epoch 56/200 loss 0.0472 train 0.9992 test 0.7746
epoch 57/200 loss 0.0509 train 0.9959 test 0.7732
epoch 58/200 loss 0.0451 train 0.9984 test 0.7693
epoch 59/200 loss 0.0559 train 0.9951 test 0.7722
epoch 60/200 loss 0.0488 train 0.9971 test 0.7745
epoch 61/200 loss 0.0454 train 0.9984 test 0.7707
epoch 62/200 loss 0.0491 train 0.9963 test 0.7758
epoch 63/200 loss 0.0477 train 0.9967 test 0.7590
epoch 64/200 loss 0.0432 train 0.9979 test 0.7715
epoch 65/200 loss 0.0422 train 0.9988 test 0.7678
epoch 66/200 loss 0.0408 train 0.9988 test 0.7745
epoch 67/200 loss 0.0413 train 0.9984 test 0.7733
epoch 68/200 loss 0.0415 train 0.9975 test 0.7720
epoch 69/200 loss 0.0410 train 0.9984 test 0.7704
epoch 70/200 loss 0.0398 train 0.9979 test 0.7706
epoch 71/200 loss 0.0402 train 0.9984 test 0.7728
epoch 72/200 loss 0.0416 train 0.9967 test 0.7727
epoch 73/200 loss 0.0375 train 0.9988 test 0.7716
epoch 74/200 loss 0.0354 train 0.9996 test 0.7772
epoch 75/200 loss 0.0372 train 0.9979 test 0.7786
epoch 76/200 loss 0.0372 train 0.9979 test 0.7799
epoch 77/200 loss 0.0389 train 0.9967 test 0.7584
epoch 78/200 loss 0.0350 train 0.9992 test 0.7793
epoch 79/200 loss 0.0331 train 0.9988 test 0.7706
epoch 80/200 loss 0.0356 train 0.9975 test 0.7812
epoch 81/200 loss 0.0354 train 0.9979 test 0.7776
epoch 82/200 loss 0.0316 train 0.9996 test 0.7755
epoch 83/200 loss 0.0321 train 0.9992 test 0.7784
epoch 84/200 loss 0.0334 train 0.9979 test 0.7780
epoch 85/200 loss 0.0297 train 0.9996 test 0.7767
epoch 86/200 loss 0.0294 train 1.0000 test 0.7776
epoch 87/200 loss 0.0282 train 0.9992 test 0.7831
epoch 88/200 loss 0.0296 train 0.9988 test 0.7815
epoch 89/200 loss 0.0317 train 0.9988 test 0.7778
epoch 90/200 loss 0.0272 train 1.0000 test 0.7772
epoch 91/200 loss 0.0278 train 0.9988 test 0.7792
epoch 92/200 loss 0.0276 train 0.9984 test 0.7758
epoch 93/200 loss 0.0265 train 0.9996 test 0.7809
epoch 94/200 loss 0.0256 train 0.9996 test 0.7816
epoch 95/200 loss 0.0242 train 1.0000 test 0.7824
epoch 96/200 loss 0.0245 train 0.9996 test 0.7821
epoch 97/200 loss 0.0237 train 1.0000 test 0.7801
epoch 98/200 loss 0.0234 train 1.0000 test 0.7835
epoch 99/200 loss 0.0217 train 1.0000 test 0.7888
epoch 100/200 loss 0.0232 train 0.9992 test 0.7896
epoch 101/200 loss 0.0225 train 0.9996 test 0.7890
epoch 102/200 loss 0.0217 train 0.9996 test 0.7871
epoch 103/200 loss 0.0213 train 1.0000 test 0.7884
epoch 104/200 loss 0.0227 train 0.9996 test 0.7815
epoch 105/200 loss 0.0211 train 0.9996 test 0.7886
epoch 106/200 loss 0.0215 train 0.9996 test 0.7846
epoch 107/200 loss 0.0208 train 1.0000 test 0.7830
epoch 108/200 loss 0.0206 train 1.0000 test 0.7832
epoch 109/200 loss 0.0197 train 0.9996 test 0.7842
epoch 110/200 loss 0.0182 train 1.0000 test 0.7869
epoch 111/200 loss 0.0196 train 0.9996 test 0.7835
epoch 112/200 loss 0.0187 train 0.9992 test 0.7842
epoch 113/200 loss 0.0200 train 0.9996 test 0.7859
epoch 114/200 loss 0.0185 train 0.9996 test 0.7859
epoch 115/200 loss 0.0180 train 0.9996 test 0.7865
epoch 116/200 loss 0.0180 train 1.0000 test 0.7879
epoch 117/200 loss 0.0187 train 0.9996 test 0.7872
epoch 118/200 loss 0.0170 train 1.0000 test 0.7862
epoch 119/200 loss 0.0161 train 1.0000 test 0.7865
epoch 120/200 loss 0.0159 train 0.9996 test 0.7863
epoch 121/200 loss 0.0161 train 0.9996 test 0.7847
epoch 122/200 loss 0.0155 train 0.9996 test 0.7855
epoch 123/200 loss 0.0145 train 1.0000 test 0.7854
epoch 124/200 loss 0.0148 train 1.0000 test 0.7879
epoch 125/200 loss 0.0151 train 1.0000 test 0.7865
epoch 126/200 loss 0.0163 train 0.9992 test 0.7869
epoch 127/200 loss 0.0141 train 1.0000 test 0.7851
epoch 128/200 loss 0.0142 train 0.9996 test 0.7896
epoch 129/200 loss 0.0139 train 1.0000 test 0.7871
epoch 130/200 loss 0.0140 train 1.0000 test 0.7870
epoch 131/200 loss 0.0131 train 1.0000 test 0.7835
epoch 132/200 loss 0.0131 train 1.0000 test 0.7869
epoch 133/200 loss 0.0123 train 1.0000 test 0.7891
epoch 134/200 loss 0.0132 train 0.9996 test 0.7885
epoch 135/200 loss 0.0119 train 0.9996 test 0.7914
epoch 136/200 loss 0.0117 train 1.0000 test 0.7905
epoch 137/200 loss 0.0114 train 1.0000 test 0.7898
epoch 138/200 loss 0.0114 train 0.9996 test 0.7896
epoch 139/200 loss 0.0106 train 1.0000 test 0.7901
epoch 140/200 loss 0.0110 train 1.0000 test 0.7929
epoch 141/200 loss 0.0112 train 1.0000 test 0.7919
epoch 142/200 loss 0.0105 train 1.0000 test 0.7909
epoch 143/200 loss 0.0099 train 1.0000 test 0.7917
epoch 144/200 loss 0.0097 train 1.0000 test 0.7909
epoch 145/200 loss 0.0093 train 1.0000 test 0.7910
epoch 146/200 loss 0.0101 train 0.9996 test 0.7889
epoch 147/200 loss 0.0098 train 1.0000 test 0.7906
epoch 148/200 loss 0.0093 train 0.9996 test 0.7895
epoch 149/200 loss 0.0096 train 0.9996 test 0.7901
epoch 150/200 loss 0.0090 train 1.0000 test 0.7915
epoch 151/200 loss 0.0082 train 1.0000 test 0.7901
epoch 152/200 loss 0.0078 train 1.0000 test 0.7907
epoch 153/200 loss 0.0078 train 1.0000 test 0.7894
epoch 154/200 loss 0.0080 train 1.0000 test 0.7897
epoch 155/200 loss 0.0087 train 1.0000 test 0.7910
epoch 156/200 loss 0.0076 train 1.0000 test 0.7914
epoch 157/200 loss 0.0075 train 0.9996 test 0.7919
epoch 158/200 loss 0.0076 train 0.9996 test 0.7912
epoch 159/200 loss 0.0074 train 1.0000 test 0.7903
epoch 160/200 loss 0.0076 train 1.0000 test 0.7919
epoch 161/200 loss 0.0069 train 1.0000 test 0.7908
epoch 162/200 loss 0.0068 train 1.0000 test 0.7909
epoch 163/200 loss 0.0073 train 1.0000 test 0.7935
epoch 164/200 loss 0.0060 train 1.0000 test 0.7922
epoch 165/200 loss 0.0067 train 1.0000 test 0.7930
epoch 166/200 loss 0.0068 train 1.0000 test 0.7921
epoch 167/200 loss 0.0060 train 1.0000 test 0.7931
epoch 168/200 loss 0.0060 train 1.0000 test 0.7919
epoch 169/200 loss 0.0055 train 1.0000 test 0.7916
epoch 170/200 loss 0.0053 train 1.0000 test 0.7920
epoch 171/200 loss 0.0052 train 1.0000 test 0.7916
epoch 172/200 loss 0.0059 train 1.0000 test 0.7899
epoch 173/200 loss 0.0049 train 1.0000 test 0.7917
epoch 174/200 loss 0.0047 train 1.0000 test 0.7919
epoch 175/200 loss 0.0045 train 1.0000 test 0.7926
epoch 176/200 loss 0.0052 train 1.0000 test 0.7916
epoch 177/200 loss 0.0049 train 1.0000 test 0.7915
epoch 178/200 loss 0.0048 train 1.0000 test 0.7915
epoch 179/200 loss 0.0048 train 1.0000 test 0.7933
epoch 180/200 loss 0.0046 train 0.9996 test 0.7930
epoch 181/200 loss 0.0047 train 1.0000 test 0.7922
epoch 182/200 loss 0.0042 train 1.0000 test 0.7922
epoch 183/200 loss 0.0046 train 1.0000 test 0.7905
epoch 184/200 loss 0.0035 train 1.0000 test 0.7916
epoch 185/200 loss 0.0042 train 1.0000 test 0.7910
epoch 186/200 loss 0.0042 train 1.0000 test 0.7934
epoch 187/200 loss 0.0036 train 1.0000 test 0.7931
epoch 188/200 loss 0.0040 train 1.0000 test 0.7926
epoch 189/200 loss 0.0044 train 1.0000 test 0.7915
epoch 190/200 loss 0.0038 train 1.0000 test 0.7928
epoch 191/200 loss 0.0037 train 1.0000 test 0.7925
epoch 192/200 loss 0.0042 train 1.0000 test 0.7936
epoch 193/200 loss 0.0036 train 1.0000 test 0.7925
epoch 194/200 loss 0.0042 train 0.9996 test 0.7929
epoch 195/200 loss 0.0046 train 1.0000 test 0.7909
epoch 196/200 loss 0.0041 train 1.0000 test 0.7930
epoch 197/200 loss 0.0038 train 1.0000 test 0.7925
epoch 198/200 loss 0.0048 train 0.9996 test 0.7931
epoch 199/200 loss 0.0036 train 1.0000 test 0.7917
epoch 200/200 loss 0.0032 train 1.0000 test 0.7916
done: final 0.7916 best 0.7936 -> ./runs/diagtaxlam_c10_l03_5pct/seed0
--- diagtaxlam_c10_l03_5pct seed1 2026-08-14T18:12:33+02:00
Warning: You are sending unauthenticated requests to the HF Hub. Please set a HF_TOKEN to enable higher rate limits and faster downloads.
moment-aux target calibrated on 1024 images
[diagtaxlam_c10_l03_5pct seed1] {"params_trainable": 11176018, "params_stem_trainable": 0, "params_stem_fixed_filters": 0, "flops_total": 556659712, "flops_stem": 0, "flops_image_size": 32}
epoch 1/200 loss 3.0413 train 0.1978 test 0.1938
epoch 2/200 loss 1.9226 train 0.3746 test 0.3908
epoch 3/200 loss 1.5411 train 0.5041 test 0.4104
epoch 4/200 loss 1.3376 train 0.5625 test 0.5801
epoch 5/200 loss 1.0794 train 0.6612 test 0.6306
epoch 6/200 loss 0.9648 train 0.6957 test 0.6213
epoch 7/200 loss 0.8229 train 0.7549 test 0.7024
epoch 8/200 loss 0.7278 train 0.7775 test 0.6987
epoch 9/200 loss 0.6182 train 0.8080 test 0.7125
epoch 10/200 loss 0.5556 train 0.8331 test 0.7194
epoch 11/200 loss 0.5243 train 0.8503 test 0.7379
epoch 12/200 loss 0.4537 train 0.8717 test 0.7432
epoch 13/200 loss 0.4320 train 0.8709 test 0.7443
epoch 14/200 loss 0.3936 train 0.8931 test 0.7425
epoch 15/200 loss 0.3336 train 0.9215 test 0.7574
epoch 16/200 loss 0.3007 train 0.9268 test 0.7409
epoch 17/200 loss 0.2865 train 0.9239 test 0.7551
epoch 18/200 loss 0.2404 train 0.9449 test 0.7708
epoch 19/200 loss 0.2219 train 0.9531 test 0.7533
epoch 20/200 loss 0.2475 train 0.9412 test 0.7340
epoch 21/200 loss 0.2298 train 0.9453 test 0.7665
epoch 22/200 loss 0.1992 train 0.9585 test 0.7722
epoch 23/200 loss 0.1809 train 0.9601 test 0.7585
epoch 24/200 loss 0.1606 train 0.9704 test 0.7644
epoch 25/200 loss 0.1286 train 0.9807 test 0.7779
epoch 26/200 loss 0.1349 train 0.9778 test 0.7794
epoch 27/200 loss 0.1305 train 0.9794 test 0.7801
epoch 28/200 loss 0.1191 train 0.9836 test 0.7810
epoch 29/200 loss 0.1105 train 0.9856 test 0.7811
epoch 30/200 loss 0.1067 train 0.9831 test 0.7830
epoch 31/200 loss 0.1113 train 0.9819 test 0.7807
epoch 32/200 loss 0.1092 train 0.9831 test 0.7893
epoch 33/200 loss 0.1011 train 0.9848 test 0.7796
epoch 34/200 loss 0.0976 train 0.9856 test 0.7865
epoch 35/200 loss 0.1002 train 0.9856 test 0.7907
epoch 36/200 loss 0.0884 train 0.9897 test 0.7926
epoch 37/200 loss 0.0898 train 0.9877 test 0.7858
epoch 38/200 loss 0.0875 train 0.9885 test 0.7884
epoch 39/200 loss 0.0864 train 0.9897 test 0.7849
epoch 40/200 loss 0.0835 train 0.9893 test 0.7821
epoch 41/200 loss 0.0763 train 0.9934 test 0.7874
epoch 42/200 loss 0.0723 train 0.9942 test 0.7828
epoch 43/200 loss 0.0733 train 0.9926 test 0.7961
epoch 44/200 loss 0.0717 train 0.9930 test 0.7899
epoch 45/200 loss 0.0676 train 0.9938 test 0.7820
epoch 46/200 loss 0.0676 train 0.9934 test 0.7906
epoch 47/200 loss 0.0595 train 0.9979 test 0.8001
epoch 48/200 loss 0.0617 train 0.9955 test 0.7901
epoch 49/200 loss 0.0628 train 0.9963 test 0.7971
epoch 50/200 loss 0.0562 train 0.9963 test 0.8033
epoch 51/200 loss 0.0566 train 0.9951 test 0.8028
epoch 52/200 loss 0.0517 train 0.9979 test 0.8005
epoch 53/200 loss 0.0495 train 0.9967 test 0.8005
epoch 54/200 loss 0.0517 train 0.9975 test 0.8005
epoch 55/200 loss 0.0555 train 0.9942 test 0.7931
epoch 56/200 loss 0.0543 train 0.9938 test 0.7928
epoch 57/200 loss 0.0534 train 0.9975 test 0.7921
epoch 58/200 loss 0.0537 train 0.9959 test 0.7965
epoch 59/200 loss 0.0529 train 0.9951 test 0.7956
epoch 60/200 loss 0.0505 train 0.9967 test 0.7973
epoch 61/200 loss 0.0509 train 0.9963 test 0.7999
epoch 62/200 loss 0.0508 train 0.9951 test 0.7942
epoch 63/200 loss 0.0467 train 0.9971 test 0.7956
epoch 64/200 loss 0.0467 train 0.9979 test 0.7961
epoch 65/200 loss 0.0477 train 0.9967 test 0.7958
epoch 66/200 loss 0.0467 train 0.9967 test 0.7926
epoch 67/200 loss 0.0422 train 0.9971 test 0.7913
epoch 68/200 loss 0.0442 train 0.9975 test 0.7894
epoch 69/200 loss 0.0406 train 0.9979 test 0.8025
epoch 70/200 loss 0.0428 train 0.9979 test 0.8007
epoch 71/200 loss 0.0377 train 0.9988 test 0.8044
epoch 72/200 loss 0.0364 train 0.9992 test 0.7996
epoch 73/200 loss 0.0352 train 0.9992 test 0.7997
epoch 74/200 loss 0.0354 train 0.9992 test 0.8021
epoch 75/200 loss 0.0343 train 0.9992 test 0.8009
epoch 76/200 loss 0.0328 train 0.9996 test 0.8028
epoch 77/200 loss 0.0329 train 0.9996 test 0.8021
epoch 78/200 loss 0.0396 train 0.9979 test 0.8062
epoch 79/200 loss 0.0327 train 0.9996 test 0.7991
epoch 80/200 loss 0.0347 train 0.9988 test 0.8085
epoch 81/200 loss 0.0307 train 0.9996 test 0.8109
epoch 82/200 loss 0.0342 train 0.9967 test 0.8019
epoch 83/200 loss 0.0327 train 0.9988 test 0.8037
epoch 84/200 loss 0.0332 train 0.9992 test 0.8007
epoch 85/200 loss 0.0307 train 0.9992 test 0.8053
epoch 86/200 loss 0.0300 train 0.9988 test 0.8076
epoch 87/200 loss 0.0287 train 0.9992 test 0.8080
epoch 88/200 loss 0.0300 train 0.9988 test 0.8058
epoch 89/200 loss 0.0294 train 0.9992 test 0.8069
epoch 90/200 loss 0.0280 train 0.9996 test 0.8023
epoch 91/200 loss 0.0297 train 0.9988 test 0.8013
epoch 92/200 loss 0.0277 train 0.9992 test 0.8042
epoch 93/200 loss 0.0263 train 0.9992 test 0.8053
epoch 94/200 loss 0.0242 train 1.0000 test 0.8066
epoch 95/200 loss 0.0250 train 1.0000 test 0.8042
epoch 96/200 loss 0.0245 train 1.0000 test 0.8073
epoch 97/200 loss 0.0251 train 0.9992 test 0.8079
epoch 98/200 loss 0.0239 train 1.0000 test 0.8050
epoch 99/200 loss 0.0233 train 1.0000 test 0.8054
epoch 100/200 loss 0.0237 train 0.9996 test 0.8025
epoch 101/200 loss 0.0233 train 0.9996 test 0.8027
epoch 102/200 loss 0.0215 train 1.0000 test 0.8059
epoch 103/200 loss 0.0228 train 0.9992 test 0.8087
epoch 104/200 loss 0.0211 train 1.0000 test 0.8077
epoch 105/200 loss 0.0202 train 1.0000 test 0.8055
epoch 106/200 loss 0.0200 train 1.0000 test 0.8066
epoch 107/200 loss 0.0195 train 1.0000 test 0.8082
epoch 108/200 loss 0.0203 train 0.9996 test 0.8067
epoch 109/200 loss 0.0201 train 0.9996 test 0.8071
epoch 110/200 loss 0.0190 train 0.9996 test 0.8059
epoch 111/200 loss 0.0187 train 1.0000 test 0.8089
epoch 112/200 loss 0.0189 train 0.9996 test 0.8108
epoch 113/200 loss 0.0181 train 1.0000 test 0.8114
epoch 114/200 loss 0.0198 train 1.0000 test 0.8097
epoch 115/200 loss 0.0178 train 1.0000 test 0.8113
epoch 116/200 loss 0.0186 train 1.0000 test 0.8093
epoch 117/200 loss 0.0175 train 0.9992 test 0.8051
epoch 118/200 loss 0.0175 train 0.9996 test 0.8066
epoch 119/200 loss 0.0172 train 0.9996 test 0.8108
epoch 120/200 loss 0.0174 train 0.9996 test 0.8120
epoch 121/200 loss 0.0172 train 0.9996 test 0.8130
epoch 122/200 loss 0.0164 train 1.0000 test 0.8155
epoch 123/200 loss 0.0156 train 0.9996 test 0.8139
epoch 124/200 loss 0.0154 train 1.0000 test 0.8151
epoch 125/200 loss 0.0149 train 1.0000 test 0.8105
epoch 126/200 loss 0.0144 train 0.9996 test 0.8094
epoch 127/200 loss 0.0137 train 1.0000 test 0.8131
epoch 128/200 loss 0.0144 train 1.0000 test 0.8118
epoch 129/200 loss 0.0143 train 1.0000 test 0.8114
epoch 130/200 loss 0.0144 train 1.0000 test 0.8121
epoch 131/200 loss 0.0131 train 1.0000 test 0.8131
epoch 132/200 loss 0.0129 train 1.0000 test 0.8140
epoch 133/200 loss 0.0128 train 0.9996 test 0.8147
epoch 134/200 loss 0.0125 train 1.0000 test 0.8146
epoch 135/200 loss 0.0117 train 1.0000 test 0.8138
epoch 136/200 loss 0.0114 train 1.0000 test 0.8131
epoch 137/200 loss 0.0115 train 1.0000 test 0.8145
epoch 138/200 loss 0.0115 train 1.0000 test 0.8133
epoch 139/200 loss 0.0132 train 0.9988 test 0.8097
epoch 140/200 loss 0.0117 train 0.9996 test 0.8133
epoch 141/200 loss 0.0108 train 1.0000 test 0.8132
epoch 142/200 loss 0.0101 train 1.0000 test 0.8140
epoch 143/200 loss 0.0099 train 1.0000 test 0.8125
epoch 144/200 loss 0.0107 train 0.9996 test 0.8134
epoch 145/200 loss 0.0092 train 1.0000 test 0.8134
epoch 146/200 loss 0.0099 train 1.0000 test 0.8124
epoch 147/200 loss 0.0116 train 0.9992 test 0.8142
epoch 148/200 loss 0.0091 train 1.0000 test 0.8116
epoch 149/200 loss 0.0095 train 1.0000 test 0.8128
epoch 150/200 loss 0.0089 train 1.0000 test 0.8133
epoch 151/200 loss 0.0090 train 1.0000 test 0.8126
epoch 152/200 loss 0.0084 train 1.0000 test 0.8138
epoch 153/200 loss 0.0084 train 1.0000 test 0.8129
epoch 154/200 loss 0.0077 train 1.0000 test 0.8146
epoch 155/200 loss 0.0078 train 1.0000 test 0.8159
epoch 156/200 loss 0.0081 train 0.9996 test 0.8148
epoch 157/200 loss 0.0072 train 1.0000 test 0.8138
epoch 158/200 loss 0.0069 train 1.0000 test 0.8148
epoch 159/200 loss 0.0071 train 1.0000 test 0.8152
epoch 160/200 loss 0.0073 train 1.0000 test 0.8154
epoch 161/200 loss 0.0067 train 1.0000 test 0.8165
epoch 162/200 loss 0.0067 train 1.0000 test 0.8150
epoch 163/200 loss 0.0065 train 1.0000 test 0.8156
epoch 164/200 loss 0.0061 train 1.0000 test 0.8150
epoch 165/200 loss 0.0058 train 1.0000 test 0.8147
epoch 166/200 loss 0.0056 train 1.0000 test 0.8154
epoch 167/200 loss 0.0062 train 1.0000 test 0.8159
epoch 168/200 loss 0.0057 train 1.0000 test 0.8151
epoch 169/200 loss 0.0054 train 1.0000 test 0.8150
epoch 170/200 loss 0.0059 train 1.0000 test 0.8151
epoch 171/200 loss 0.0058 train 1.0000 test 0.8155
epoch 172/200 loss 0.0056 train 1.0000 test 0.8147
epoch 173/200 loss 0.0055 train 1.0000 test 0.8150
epoch 174/200 loss 0.0065 train 0.9984 test 0.8164
epoch 175/200 loss 0.0046 train 1.0000 test 0.8154
epoch 176/200 loss 0.0051 train 1.0000 test 0.8159
epoch 177/200 loss 0.0049 train 1.0000 test 0.8160
epoch 178/200 loss 0.0044 train 1.0000 test 0.8164
epoch 179/200 loss 0.0040 train 1.0000 test 0.8158
epoch 180/200 loss 0.0042 train 1.0000 test 0.8162
epoch 181/200 loss 0.0043 train 1.0000 test 0.8161
epoch 182/200 loss 0.0046 train 1.0000 test 0.8165
epoch 183/200 loss 0.0038 train 1.0000 test 0.8164
epoch 184/200 loss 0.0039 train 1.0000 test 0.8165
epoch 185/200 loss 0.0039 train 1.0000 test 0.8154
epoch 186/200 loss 0.0041 train 1.0000 test 0.8164
epoch 187/200 loss 0.0061 train 0.9992 test 0.8169
epoch 188/200 loss 0.0044 train 1.0000 test 0.8159
epoch 189/200 loss 0.0038 train 1.0000 test 0.8159
epoch 190/200 loss 0.0034 train 1.0000 test 0.8151
epoch 191/200 loss 0.0036 train 1.0000 test 0.8173
epoch 192/200 loss 0.0039 train 1.0000 test 0.8158
epoch 193/200 loss 0.0033 train 1.0000 test 0.8160
epoch 194/200 loss 0.0033 train 1.0000 test 0.8159
epoch 195/200 loss 0.0039 train 1.0000 test 0.8161
epoch 196/200 loss 0.0032 train 1.0000 test 0.8160
epoch 197/200 loss 0.0035 train 1.0000 test 0.8161
epoch 198/200 loss 0.0043 train 0.9996 test 0.8161
epoch 199/200 loss 0.0037 train 1.0000 test 0.8166
epoch 200/200 loss 0.0032 train 1.0000 test 0.8161
done: final 0.8161 best 0.8173 -> ./runs/diagtaxlam_c10_l03_5pct/seed1
--- diagtaxlam_c10_l03_5pct seed2 2026-08-14T18:16:32+02:00
Warning: You are sending unauthenticated requests to the HF Hub. Please set a HF_TOKEN to enable higher rate limits and faster downloads.
moment-aux target calibrated on 1024 images
[diagtaxlam_c10_l03_5pct seed2] {"params_trainable": 11176018, "params_stem_trainable": 0, "params_stem_fixed_filters": 0, "flops_total": 556659712, "flops_stem": 0, "flops_image_size": 32}
epoch 1/200 loss 3.0951 train 0.1978 test 0.2310
epoch 2/200 loss 1.9967 train 0.3405 test 0.3521
epoch 3/200 loss 1.6350 train 0.4692 test 0.3771
epoch 4/200 loss 1.4347 train 0.5354 test 0.4993
epoch 5/200 loss 1.2510 train 0.5979 test 0.5667
epoch 6/200 loss 1.0727 train 0.6521 test 0.6176
epoch 7/200 loss 0.9278 train 0.7019 test 0.6446
epoch 8/200 loss 0.8663 train 0.7319 test 0.6565
epoch 9/200 loss 0.7331 train 0.7738 test 0.6761
epoch 10/200 loss 0.6742 train 0.7956 test 0.7087
epoch 11/200 loss 0.6116 train 0.8162 test 0.6901
epoch 12/200 loss 0.5646 train 0.8257 test 0.7083
epoch 13/200 loss 0.4646 train 0.8672 test 0.7275
epoch 14/200 loss 0.4183 train 0.8853 test 0.7344
epoch 15/200 loss 0.4012 train 0.8861 test 0.7301
epoch 16/200 loss 0.3605 train 0.8993 test 0.7243
epoch 17/200 loss 0.3425 train 0.9091 test 0.7193
epoch 18/200 loss 0.2945 train 0.9252 test 0.7453
epoch 19/200 loss 0.2658 train 0.9334 test 0.7391
epoch 20/200 loss 0.2501 train 0.9408 test 0.7174
epoch 21/200 loss 0.2400 train 0.9437 test 0.7320
epoch 22/200 loss 0.2029 train 0.9544 test 0.7491
epoch 23/200 loss 0.2035 train 0.9523 test 0.7249
epoch 24/200 loss 0.1869 train 0.9605 test 0.7330
epoch 25/200 loss 0.1717 train 0.9638 test 0.7465
epoch 26/200 loss 0.1593 train 0.9667 test 0.7595
epoch 27/200 loss 0.1610 train 0.9642 test 0.7452
epoch 28/200 loss 0.1296 train 0.9831 test 0.7541
epoch 29/200 loss 0.1098 train 0.9881 test 0.7660
epoch 30/200 loss 0.1118 train 0.9819 test 0.7779
epoch 31/200 loss 0.1158 train 0.9823 test 0.7566
epoch 32/200 loss 0.1046 train 0.9856 test 0.7697
epoch 33/200 loss 0.1022 train 0.9877 test 0.7657
epoch 34/200 loss 0.1044 train 0.9848 test 0.7537
epoch 35/200 loss 0.0984 train 0.9844 test 0.7584
epoch 36/200 loss 0.0878 train 0.9893 test 0.7734
epoch 37/200 loss 0.0895 train 0.9877 test 0.7641
epoch 38/200 loss 0.0871 train 0.9901 test 0.7736
epoch 39/200 loss 0.0764 train 0.9947 test 0.7751
epoch 40/200 loss 0.0760 train 0.9922 test 0.7804
epoch 41/200 loss 0.0780 train 0.9910 test 0.7715
epoch 42/200 loss 0.0814 train 0.9885 test 0.7624
epoch 43/200 loss 0.0735 train 0.9930 test 0.7637
epoch 44/200 loss 0.0728 train 0.9926 test 0.7725
epoch 45/200 loss 0.0779 train 0.9910 test 0.7667
epoch 46/200 loss 0.0743 train 0.9889 test 0.7629
epoch 47/200 loss 0.0763 train 0.9893 test 0.7683
epoch 48/200 loss 0.0762 train 0.9889 test 0.7603
epoch 49/200 loss 0.0703 train 0.9905 test 0.7741
epoch 50/200 loss 0.0686 train 0.9926 test 0.7778
epoch 51/200 loss 0.0637 train 0.9951 test 0.7775
epoch 52/200 loss 0.0623 train 0.9938 test 0.7818
epoch 53/200 loss 0.0610 train 0.9942 test 0.7776
epoch 54/200 loss 0.0572 train 0.9959 test 0.7809
epoch 55/200 loss 0.0546 train 0.9955 test 0.7712
epoch 56/200 loss 0.0590 train 0.9942 test 0.7719
epoch 57/200 loss 0.0585 train 0.9951 test 0.7702
epoch 58/200 loss 0.0567 train 0.9947 test 0.7793
epoch 59/200 loss 0.0524 train 0.9975 test 0.7634
epoch 60/200 loss 0.0512 train 0.9971 test 0.7757
epoch 61/200 loss 0.0504 train 0.9971 test 0.7786
epoch 62/200 loss 0.0482 train 0.9971 test 0.7848
epoch 63/200 loss 0.0479 train 0.9967 test 0.7853
epoch 64/200 loss 0.0464 train 0.9975 test 0.7831
epoch 65/200 loss 0.0492 train 0.9942 test 0.7783
epoch 66/200 loss 0.0413 train 0.9992 test 0.7838
epoch 67/200 loss 0.0406 train 0.9984 test 0.7829
epoch 68/200 loss 0.0402 train 0.9984 test 0.7885
epoch 69/200 loss 0.0380 train 1.0000 test 0.7888
epoch 70/200 loss 0.0356 train 0.9988 test 0.7887
epoch 71/200 loss 0.0359 train 0.9988 test 0.7844
epoch 72/200 loss 0.0373 train 0.9992 test 0.7840
epoch 73/200 loss 0.0387 train 0.9975 test 0.7786
epoch 74/200 loss 0.0366 train 0.9988 test 0.7800
epoch 75/200 loss 0.0355 train 0.9996 test 0.7871
epoch 76/200 loss 0.0323 train 1.0000 test 0.7920
epoch 77/200 loss 0.0340 train 0.9996 test 0.7862
epoch 78/200 loss 0.0311 train 1.0000 test 0.7888
epoch 79/200 loss 0.0323 train 0.9996 test 0.7875
epoch 80/200 loss 0.0298 train 1.0000 test 0.7876
epoch 81/200 loss 0.0296 train 0.9992 test 0.7917
epoch 82/200 loss 0.0287 train 0.9996 test 0.7886
epoch 83/200 loss 0.0280 train 0.9996 test 0.7911
epoch 84/200 loss 0.0314 train 0.9988 test 0.7918
epoch 85/200 loss 0.0294 train 0.9992 test 0.7918
epoch 86/200 loss 0.0304 train 0.9992 test 0.7914
epoch 87/200 loss 0.0295 train 0.9988 test 0.7895
epoch 88/200 loss 0.0297 train 0.9992 test 0.7890
epoch 89/200 loss 0.0304 train 0.9988 test 0.7917
epoch 90/200 loss 0.0290 train 0.9992 test 0.7928
epoch 91/200 loss 0.0266 train 0.9992 test 0.7903
epoch 92/200 loss 0.0275 train 0.9992 test 0.7918
epoch 93/200 loss 0.0250 train 0.9996 test 0.7971
epoch 94/200 loss 0.0260 train 0.9996 test 0.7943
epoch 95/200 loss 0.0250 train 0.9992 test 0.7957
epoch 96/200 loss 0.0252 train 0.9984 test 0.7948
epoch 97/200 loss 0.0251 train 0.9992 test 0.7961
epoch 98/200 loss 0.0264 train 0.9988 test 0.7878
epoch 99/200 loss 0.0229 train 1.0000 test 0.7905
epoch 100/200 loss 0.0217 train 1.0000 test 0.7928
epoch 101/200 loss 0.0216 train 1.0000 test 0.7949
epoch 102/200 loss 0.0217 train 0.9996 test 0.7876
epoch 103/200 loss 0.0207 train 1.0000 test 0.7946
epoch 104/200 loss 0.0197 train 1.0000 test 0.7932
epoch 105/200 loss 0.0209 train 0.9996 test 0.7919
epoch 106/200 loss 0.0213 train 0.9992 test 0.7964
epoch 107/200 loss 0.0200 train 0.9996 test 0.7961
epoch 108/200 loss 0.0221 train 0.9992 test 0.7937
epoch 109/200 loss 0.0202 train 0.9996 test 0.7963
epoch 110/200 loss 0.0190 train 1.0000 test 0.7949
epoch 111/200 loss 0.0190 train 0.9996 test 0.7943
epoch 112/200 loss 0.0188 train 0.9992 test 0.7983
epoch 113/200 loss 0.0199 train 0.9996 test 0.8001
epoch 114/200 loss 0.0179 train 0.9996 test 0.7948
epoch 115/200 loss 0.0189 train 0.9996 test 0.7951
epoch 116/200 loss 0.0172 train 1.0000 test 0.8006
epoch 117/200 loss 0.0165 train 1.0000 test 0.7982
epoch 118/200 loss 0.0161 train 0.9996 test 0.7996
epoch 119/200 loss 0.0159 train 1.0000 test 0.8000
epoch 120/200 loss 0.0169 train 0.9992 test 0.7993
epoch 121/200 loss 0.0158 train 1.0000 test 0.7992
epoch 122/200 loss 0.0160 train 0.9996 test 0.7999
epoch 123/200 loss 0.0155 train 0.9996 test 0.7986
epoch 124/200 loss 0.0142 train 1.0000 test 0.8011
epoch 125/200 loss 0.0141 train 1.0000 test 0.8011
epoch 126/200 loss 0.0151 train 1.0000 test 0.8002
epoch 127/200 loss 0.0136 train 0.9996 test 0.8018
epoch 128/200 loss 0.0140 train 0.9992 test 0.7982
epoch 129/200 loss 0.0147 train 0.9992 test 0.7999
epoch 130/200 loss 0.0136 train 1.0000 test 0.7984
epoch 131/200 loss 0.0138 train 1.0000 test 0.7979
epoch 132/200 loss 0.0131 train 1.0000 test 0.8004
epoch 133/200 loss 0.0129 train 0.9996 test 0.7996
epoch 134/200 loss 0.0119 train 1.0000 test 0.8006
epoch 135/200 loss 0.0117 train 1.0000 test 0.8025
epoch 136/200 loss 0.0126 train 0.9996 test 0.8018
epoch 137/200 loss 0.0120 train 0.9992 test 0.8021
epoch 138/200 loss 0.0115 train 1.0000 test 0.8005
epoch 139/200 loss 0.0107 train 1.0000 test 0.7982
epoch 140/200 loss 0.0120 train 0.9996 test 0.8015
epoch 141/200 loss 0.0105 train 1.0000 test 0.8005
epoch 142/200 loss 0.0100 train 1.0000 test 0.7991
epoch 143/200 loss 0.0097 train 1.0000 test 0.8002
epoch 144/200 loss 0.0101 train 1.0000 test 0.8012
epoch 145/200 loss 0.0096 train 1.0000 test 0.8027
epoch 146/200 loss 0.0089 train 1.0000 test 0.8026
epoch 147/200 loss 0.0087 train 1.0000 test 0.8031
epoch 148/200 loss 0.0098 train 1.0000 test 0.8012
epoch 149/200 loss 0.0082 train 1.0000 test 0.8020
epoch 150/200 loss 0.0087 train 1.0000 test 0.8019
epoch 151/200 loss 0.0084 train 1.0000 test 0.8018
epoch 152/200 loss 0.0081 train 0.9996 test 0.8009
epoch 153/200 loss 0.0083 train 1.0000 test 0.8032
epoch 154/200 loss 0.0091 train 0.9996 test 0.8028
epoch 155/200 loss 0.0077 train 1.0000 test 0.8040
epoch 156/200 loss 0.0082 train 1.0000 test 0.8033
epoch 157/200 loss 0.0076 train 1.0000 test 0.8023
epoch 158/200 loss 0.0065 train 1.0000 test 0.8027
epoch 159/200 loss 0.0064 train 1.0000 test 0.8031
epoch 160/200 loss 0.0071 train 1.0000 test 0.8015
epoch 161/200 loss 0.0063 train 1.0000 test 0.8017
epoch 162/200 loss 0.0063 train 1.0000 test 0.8028
epoch 163/200 loss 0.0066 train 0.9996 test 0.8021
epoch 164/200 loss 0.0059 train 1.0000 test 0.8014
epoch 165/200 loss 0.0063 train 1.0000 test 0.8039
epoch 166/200 loss 0.0060 train 0.9996 test 0.8055
epoch 167/200 loss 0.0061 train 1.0000 test 0.8052
epoch 168/200 loss 0.0059 train 1.0000 test 0.8036
epoch 169/200 loss 0.0056 train 0.9996 test 0.8047
epoch 170/200 loss 0.0047 train 1.0000 test 0.8034
epoch 171/200 loss 0.0050 train 1.0000 test 0.8045
epoch 172/200 loss 0.0055 train 1.0000 test 0.8047
epoch 173/200 loss 0.0051 train 1.0000 test 0.8030
epoch 174/200 loss 0.0051 train 1.0000 test 0.8045
epoch 175/200 loss 0.0054 train 1.0000 test 0.8022
epoch 176/200 loss 0.0045 train 1.0000 test 0.8024
epoch 177/200 loss 0.0054 train 1.0000 test 0.8029
epoch 178/200 loss 0.0044 train 1.0000 test 0.8041
epoch 179/200 loss 0.0042 train 1.0000 test 0.8046
epoch 180/200 loss 0.0037 train 1.0000 test 0.8032
epoch 181/200 loss 0.0043 train 1.0000 test 0.8029
epoch 182/200 loss 0.0038 train 1.0000 test 0.8030
epoch 183/200 loss 0.0044 train 1.0000 test 0.8023
epoch 184/200 loss 0.0044 train 1.0000 test 0.8053
epoch 185/200 loss 0.0045 train 1.0000 test 0.8025
epoch 186/200 loss 0.0041 train 1.0000 test 0.8029
epoch 187/200 loss 0.0041 train 1.0000 test 0.8039
epoch 188/200 loss 0.0032 train 1.0000 test 0.8043
epoch 189/200 loss 0.0033 train 1.0000 test 0.8032
epoch 190/200 loss 0.0038 train 1.0000 test 0.8032
epoch 191/200 loss 0.0031 train 1.0000 test 0.8051
epoch 192/200 loss 0.0036 train 1.0000 test 0.8043
epoch 193/200 loss 0.0035 train 1.0000 test 0.8030
epoch 194/200 loss 0.0036 train 1.0000 test 0.8034
epoch 195/200 loss 0.0042 train 1.0000 test 0.8035
epoch 196/200 loss 0.0035 train 1.0000 test 0.8035
epoch 197/200 loss 0.0033 train 1.0000 test 0.8031
epoch 198/200 loss 0.0053 train 0.9996 test 0.8019
epoch 199/200 loss 0.0034 train 1.0000 test 0.8029
epoch 200/200 loss 0.0029 train 1.0000 test 0.8040
done: final 0.8040 best 0.8055 -> ./runs/diagtaxlam_c10_l03_5pct/seed2
--- diagtaxlam_path_delay_10pct seed0 2026-08-14T18:20:29+02:00
moment-aux target calibrated on 1024 images
[diagtaxlam_path_delay_10pct seed0] {"params_trainable": 11175505, "params_stem_trainable": 0, "params_stem_fixed_filters": 0, "flops_total": 2226622976, "flops_stem": 0, "flops_image_size": 64}
epoch 1/200 loss 0.8691 train 0.6996 test 0.8000
epoch 2/200 loss 0.3521 train 0.8708 test 0.8933
epoch 3/200 loss 0.2422 train 0.9167 test 0.8772
epoch 4/200 loss 0.1762 train 0.9408 test 0.8096
epoch 5/200 loss 0.1810 train 0.9350 test 0.9123
epoch 6/200 loss 0.1420 train 0.9499 test 0.8242
epoch 7/200 loss 0.1141 train 0.9600 test 0.8719
epoch 8/200 loss 0.1023 train 0.9654 test 0.9103
epoch 9/200 loss 0.1012 train 0.9652 test 0.9018
epoch 10/200 loss 0.0827 train 0.9729 test 0.9141
epoch 11/200 loss 0.0736 train 0.9754 test 0.8795
epoch 12/200 loss 0.0704 train 0.9768 test 0.9082
epoch 13/200 loss 0.0591 train 0.9812 test 0.8306
epoch 14/200 loss 0.0558 train 0.9826 test 0.9077
epoch 15/200 loss 0.0571 train 0.9795 test 0.8570
epoch 16/200 loss 0.0517 train 0.9839 test 0.8623
epoch 17/200 loss 0.0461 train 0.9858 test 0.9212
epoch 18/200 loss 0.0445 train 0.9847 test 0.8001
epoch 19/200 loss 0.0439 train 0.9858 test 0.9255
epoch 20/200 loss 0.0401 train 0.9877 test 0.8603
epoch 21/200 loss 0.0495 train 0.9833 test 0.8974
epoch 22/200 loss 0.0493 train 0.9833 test 0.9141
epoch 23/200 loss 0.0407 train 0.9869 test 0.8694
epoch 24/200 loss 0.0396 train 0.9871 test 0.8919
epoch 25/200 loss 0.0442 train 0.9856 test 0.8667
epoch 26/200 loss 0.0365 train 0.9882 test 0.9221
epoch 27/200 loss 0.0419 train 0.9872 test 0.8677
epoch 28/200 loss 0.0421 train 0.9863 test 0.8882
epoch 29/200 loss 0.0532 train 0.9834 test 0.8443
epoch 30/200 loss 0.0488 train 0.9850 test 0.8372
epoch 31/200 loss 0.0354 train 0.9886 test 0.9364
epoch 32/200 loss 0.0336 train 0.9894 test 0.9249
epoch 33/200 loss 0.0484 train 0.9836 test 0.8827
epoch 34/200 loss 0.0404 train 0.9867 test 0.8295
epoch 35/200 loss 0.0290 train 0.9914 test 0.8801
epoch 36/200 loss 0.0351 train 0.9890 test 0.9095
epoch 37/200 loss 0.0412 train 0.9855 test 0.8993
epoch 38/200 loss 0.0497 train 0.9842 test 0.9021
epoch 39/200 loss 0.0365 train 0.9884 test 0.8209
epoch 40/200 loss 0.0412 train 0.9876 test 0.7905
epoch 41/200 loss 0.0524 train 0.9823 test 0.8962
epoch 42/200 loss 0.0433 train 0.9850 test 0.8955
epoch 43/200 loss 0.0363 train 0.9881 test 0.8102
epoch 44/200 loss 0.0400 train 0.9866 test 0.8925
epoch 45/200 loss 0.0491 train 0.9842 test 0.8586
epoch 46/200 loss 0.0488 train 0.9840 test 0.8967
epoch 47/200 loss 0.0523 train 0.9843 test 0.8384
epoch 48/200 loss 0.0396 train 0.9881 test 0.8670
epoch 49/200 loss 0.0469 train 0.9852 test 0.9033
epoch 50/200 loss 0.0304 train 0.9906 test 0.8230
epoch 51/200 loss 0.0216 train 0.9933 test 0.8859
epoch 52/200 loss 0.0377 train 0.9868 test 0.8903
epoch 53/200 loss 0.0392 train 0.9864 test 0.8957
epoch 54/200 loss 0.0397 train 0.9873 test 0.6974
epoch 55/200 loss 0.0871 train 0.9705 test 0.8444
epoch 56/200 loss 0.0485 train 0.9853 test 0.7760
epoch 57/200 loss 0.0357 train 0.9887 test 0.8967
epoch 58/200 loss 0.0317 train 0.9904 test 0.8916
epoch 59/200 loss 0.0454 train 0.9836 test 0.8377
epoch 60/200 loss 0.0551 train 0.9810 test 0.6093
epoch 61/200 loss 0.0773 train 0.9749 test 0.6716
epoch 62/200 loss 0.0438 train 0.9865 test 0.9138
epoch 63/200 loss 0.0369 train 0.9881 test 0.9249
epoch 64/200 loss 0.0391 train 0.9876 test 0.9159
epoch 65/200 loss 0.0468 train 0.9849 test 0.8798
epoch 66/200 loss 0.0484 train 0.9839 test 0.8831
epoch 67/200 loss 0.0502 train 0.9845 test 0.6877
epoch 68/200 loss 0.0449 train 0.9855 test 0.9397
epoch 69/200 loss 0.0431 train 0.9859 test 0.9157
epoch 70/200 loss 0.0341 train 0.9885 test 0.8400
epoch 71/200 loss 0.0494 train 0.9859 test 0.8607
epoch 72/200 loss 0.0527 train 0.9831 test 0.6231
epoch 73/200 loss 0.0481 train 0.9849 test 0.8983
epoch 74/200 loss 0.0517 train 0.9825 test 0.9263
epoch 75/200 loss 0.0675 train 0.9794 test 0.7678
epoch 76/200 loss 0.0377 train 0.9876 test 0.9325
epoch 77/200 loss 0.0428 train 0.9857 test 0.8448
epoch 78/200 loss 0.0377 train 0.9887 test 0.8597
epoch 79/200 loss 0.0449 train 0.9864 test 0.8518
epoch 80/200 loss 0.0460 train 0.9850 test 0.9031
epoch 81/200 loss 0.0356 train 0.9885 test 0.9039
epoch 82/200 loss 0.0376 train 0.9887 test 0.9039
epoch 83/200 loss 0.0277 train 0.9900 test 0.8833
epoch 84/200 loss 0.0407 train 0.9879 test 0.8723
epoch 85/200 loss 0.0426 train 0.9874 test 0.8669
epoch 86/200 loss 0.0352 train 0.9875 test 0.9099
epoch 87/200 loss 0.0367 train 0.9881 test 0.9123
epoch 88/200 loss 0.0426 train 0.9872 test 0.7584
epoch 89/200 loss 0.0531 train 0.9809 test 0.9194
epoch 90/200 loss 0.0352 train 0.9893 test 0.8957
epoch 91/200 loss 0.0314 train 0.9890 test 0.9067
epoch 92/200 loss 0.0305 train 0.9903 test 0.9038
epoch 93/200 loss 0.0289 train 0.9905 test 0.9312
epoch 94/200 loss 0.0209 train 0.9942 test 0.9152
epoch 95/200 loss 0.0152 train 0.9959 test 0.9238
epoch 96/200 loss 0.0183 train 0.9951 test 0.9209
epoch 97/200 loss 0.0232 train 0.9931 test 0.8201
epoch 98/200 loss 0.0187 train 0.9948 test 0.9180
epoch 99/200 loss 0.0296 train 0.9900 test 0.8748
epoch 100/200 loss 0.0202 train 0.9943 test 0.8610
epoch 101/200 loss 1.1143 train 0.9694 test 0.8309
epoch 102/200 loss 0.2440 train 0.9801 test 0.8716
epoch 103/200 loss 0.1776 train 0.9820 test 0.7177
epoch 104/200 loss 0.1311 train 0.9886 test 0.7458
epoch 105/200 loss 0.1224 train 0.9844 test 0.8343
epoch 106/200 loss 0.1096 train 0.9856 test 0.7575
epoch 107/200 loss 0.1008 train 0.9873 test 0.8947
epoch 108/200 loss 0.0893 train 0.9887 test 0.6858
epoch 109/200 loss 0.0701 train 0.9933 test 0.9171
epoch 110/200 loss 0.0665 train 0.9933 test 0.8981
epoch 111/200 loss 0.0631 train 0.9926 test 0.7492
epoch 112/200 loss 0.0831 train 0.9858 test 0.6281
epoch 113/200 loss 0.0645 train 0.9921 test 0.9326
epoch 114/200 loss 0.0446 train 0.9959 test 0.9111
epoch 115/200 loss 0.0455 train 0.9963 test 0.8961
epoch 116/200 loss 0.0463 train 0.9945 test 0.8893
epoch 117/200 loss 0.0475 train 0.9940 test 0.8337
epoch 118/200 loss 0.0412 train 0.9959 test 0.9013
epoch 119/200 loss 0.0427 train 0.9942 test 0.9110
epoch 120/200 loss 0.0479 train 0.9924 test 0.8847
epoch 121/200 loss 0.0414 train 0.9941 test 0.7836
epoch 122/200 loss 0.0522 train 0.9904 test 0.8982
epoch 123/200 loss 0.0355 train 0.9952 test 0.9052
epoch 124/200 loss 0.0374 train 0.9944 test 0.8355
epoch 125/200 loss 0.0305 train 0.9973 test 0.9262
epoch 126/200 loss 0.0222 train 0.9989 test 0.9276
epoch 127/200 loss 0.0297 train 0.9970 test 0.9084
epoch 128/200 loss 0.0238 train 0.9983 test 0.8996
epoch 129/200 loss 0.0281 train 0.9959 test 0.9035
epoch 130/200 loss 0.0260 train 0.9969 test 0.9330
epoch 131/200 loss 0.0257 train 0.9965 test 0.9138
epoch 132/200 loss 0.0236 train 0.9977 test 0.9312
epoch 133/200 loss 0.0213 train 0.9978 test 0.9311
epoch 134/200 loss 0.0159 train 0.9990 test 0.9364
epoch 135/200 loss 0.0216 train 0.9975 test 0.9338
epoch 136/200 loss 0.0244 train 0.9963 test 0.8897
epoch 137/200 loss 0.0154 train 0.9994 test 0.9173
epoch 138/200 loss 0.0121 train 1.0000 test 0.9450
epoch 139/200 loss 0.0109 train 0.9999 test 0.9423
epoch 140/200 loss 0.0112 train 0.9998 test 0.9348
epoch 141/200 loss 0.0171 train 0.9990 test 0.9334
epoch 142/200 loss 0.0116 train 0.9997 test 0.9192
epoch 143/200 loss 0.0105 train 0.9998 test 0.9407
epoch 144/200 loss 0.0106 train 0.9996 test 0.9309
epoch 145/200 loss 0.0100 train 0.9994 test 0.9313
epoch 146/200 loss 0.0100 train 0.9997 test 0.8944
epoch 147/200 loss 0.0082 train 1.0000 test 0.9336
epoch 148/200 loss 0.0078 train 1.0000 test 0.9258
epoch 149/200 loss 0.0071 train 1.0000 test 0.9336
epoch 150/200 loss 0.0073 train 0.9999 test 0.9279
epoch 151/200 loss 0.0076 train 0.9999 test 0.9320
epoch 152/200 loss 0.0072 train 1.0000 test 0.9350
epoch 153/200 loss 0.0063 train 1.0000 test 0.9337
epoch 154/200 loss 0.0060 train 1.0000 test 0.9237
epoch 155/200 loss 0.0064 train 0.9996 test 0.9287
epoch 156/200 loss 0.0060 train 1.0000 test 0.9323
epoch 157/200 loss 0.0051 train 1.0000 test 0.9376
epoch 158/200 loss 0.0056 train 1.0000 test 0.9249
epoch 159/200 loss 0.0058 train 0.9997 test 0.9302
epoch 160/200 loss 0.0055 train 0.9999 test 0.9354
epoch 161/200 loss 0.0049 train 1.0000 test 0.9326
epoch 162/200 loss 0.0046 train 1.0000 test 0.9426
epoch 163/200 loss 0.0048 train 0.9998 test 0.9375
epoch 164/200 loss 0.0049 train 0.9999 test 0.9362
epoch 165/200 loss 0.0042 train 1.0000 test 0.9305
epoch 166/200 loss 0.0039 train 1.0000 test 0.9338
epoch 167/200 loss 0.0040 train 0.9999 test 0.9251
epoch 168/200 loss 0.0038 train 0.9999 test 0.9359
epoch 169/200 loss 0.0035 train 1.0000 test 0.9345
epoch 170/200 loss 0.0034 train 1.0000 test 0.9375
epoch 171/200 loss 0.0029 train 1.0000 test 0.9361
epoch 172/200 loss 0.0030 train 1.0000 test 0.9375
epoch 173/200 loss 0.0029 train 1.0000 test 0.9364
epoch 174/200 loss 0.0028 train 1.0000 test 0.9333
epoch 175/200 loss 0.0028 train 1.0000 test 0.9362
epoch 176/200 loss 0.0025 train 1.0000 test 0.9276
epoch 177/200 loss 0.0025 train 1.0000 test 0.9308
epoch 178/200 loss 0.0024 train 1.0000 test 0.9340
epoch 179/200 loss 0.0024 train 1.0000 test 0.9311
epoch 180/200 loss 0.0023 train 1.0000 test 0.9331
epoch 181/200 loss 0.0020 train 1.0000 test 0.9333
epoch 182/200 loss 0.0022 train 1.0000 test 0.9306
epoch 183/200 loss 0.0018 train 1.0000 test 0.9325
epoch 184/200 loss 0.0021 train 1.0000 test 0.9373
epoch 185/200 loss 0.0017 train 1.0000 test 0.9336
epoch 186/200 loss 0.0017 train 1.0000 test 0.9331
epoch 187/200 loss 0.0018 train 1.0000 test 0.9354
epoch 188/200 loss 0.0017 train 1.0000 test 0.9365
epoch 189/200 loss 0.0014 train 1.0000 test 0.9327
epoch 190/200 loss 0.0017 train 1.0000 test 0.9343
epoch 191/200 loss 0.0015 train 0.9999 test 0.9327
epoch 192/200 loss 0.0014 train 1.0000 test 0.9336
epoch 193/200 loss 0.0015 train 1.0000 test 0.9347
epoch 194/200 loss 0.0012 train 1.0000 test 0.9331
epoch 195/200 loss 0.0013 train 1.0000 test 0.9327
epoch 196/200 loss 0.0013 train 1.0000 test 0.9350
epoch 197/200 loss 0.0014 train 0.9999 test 0.9329
epoch 198/200 loss 0.0011 train 1.0000 test 0.9336
epoch 199/200 loss 0.0013 train 1.0000 test 0.9337
epoch 200/200 loss 0.0014 train 0.9999 test 0.9350
done: final 0.9350 best 0.9450 -> ./runs/diagtaxlam_path_delay_10pct/seed0
--- diagtaxlam_path_delay_10pct seed1 2026-08-14T18:39:44+02:00
Warning: You are sending unauthenticated requests to the HF Hub. Please set a HF_TOKEN to enable higher rate limits and faster downloads.
moment-aux target calibrated on 1024 images
[diagtaxlam_path_delay_10pct seed1] {"params_trainable": 11175505, "params_stem_trainable": 0, "params_stem_fixed_filters": 0, "flops_total": 2226622976, "flops_stem": 0, "flops_image_size": 64}
epoch 1/200 loss 0.8877 train 0.6863 test 0.7489
epoch 2/200 loss 0.3895 train 0.8569 test 0.8318
epoch 3/200 loss 0.2653 train 0.9032 test 0.8912
epoch 4/200 loss 0.2257 train 0.9212 test 0.8056
epoch 5/200 loss 0.1739 train 0.9396 test 0.9065
epoch 6/200 loss 0.1579 train 0.9464 test 0.9116
epoch 7/200 loss 0.1409 train 0.9500 test 0.8877
epoch 8/200 loss 0.1198 train 0.9583 test 0.8954
epoch 9/200 loss 0.1076 train 0.9623 test 0.9173
epoch 10/200 loss 0.0869 train 0.9688 test 0.9107
epoch 11/200 loss 0.0716 train 0.9758 test 0.8972
epoch 12/200 loss 0.0749 train 0.9739 test 0.9191
epoch 13/200 loss 0.0683 train 0.9776 test 0.8903
epoch 14/200 loss 0.0722 train 0.9759 test 0.9180
epoch 15/200 loss 0.0637 train 0.9787 test 0.9060
epoch 16/200 loss 0.0503 train 0.9836 test 0.9259
epoch 17/200 loss 0.0558 train 0.9810 test 0.9088
epoch 18/200 loss 0.0434 train 0.9860 test 0.9096
epoch 19/200 loss 0.0426 train 0.9858 test 0.9358
epoch 20/200 loss 0.0470 train 0.9839 test 0.9277
epoch 21/200 loss 0.0432 train 0.9868 test 0.8801
epoch 22/200 loss 0.0569 train 0.9802 test 0.9064
epoch 23/200 loss 0.0413 train 0.9864 test 0.8896
epoch 24/200 loss 0.0470 train 0.9853 test 0.9347
epoch 25/200 loss 0.0402 train 0.9872 test 0.8511
epoch 26/200 loss 0.0482 train 0.9856 test 0.9138
epoch 27/200 loss 0.0407 train 0.9866 test 0.9067
epoch 28/200 loss 0.0508 train 0.9835 test 0.9369
epoch 29/200 loss 0.0423 train 0.9862 test 0.8996
epoch 30/200 loss 0.0570 train 0.9819 test 0.9077
epoch 31/200 loss 0.0406 train 0.9873 test 0.9116
epoch 32/200 loss 0.0534 train 0.9810 test 0.8932
epoch 33/200 loss 0.0559 train 0.9827 test 0.9089
epoch 34/200 loss 0.0380 train 0.9873 test 0.7916
epoch 35/200 loss 0.0439 train 0.9848 test 0.9320
epoch 36/200 loss 0.0461 train 0.9857 test 0.9370
epoch 37/200 loss 0.0401 train 0.9877 test 0.9053
epoch 38/200 loss 0.0338 train 0.9886 test 0.8464
epoch 39/200 loss 0.0379 train 0.9878 test 0.9089
epoch 40/200 loss 0.0342 train 0.9885 test 0.8957
epoch 41/200 loss 0.0295 train 0.9900 test 0.9224
epoch 42/200 loss 0.0412 train 0.9879 test 0.8567
epoch 43/200 loss 0.0442 train 0.9849 test 0.8631
epoch 44/200 loss 0.0524 train 0.9833 test 0.8897
epoch 45/200 loss 0.0403 train 0.9878 test 0.8450
epoch 46/200 loss 0.0612 train 0.9791 test 0.7453
epoch 47/200 loss 0.0535 train 0.9829 test 0.8961
epoch 48/200 loss 0.0450 train 0.9853 test 0.8933
epoch 49/200 loss 0.0366 train 0.9897 test 0.8974
epoch 50/200 loss 0.0556 train 0.9818 test 0.8870
epoch 51/200 loss 0.0463 train 0.9852 test 0.8795
epoch 52/200 loss 0.0325 train 0.9901 test 0.7797
epoch 53/200 loss 0.0469 train 0.9856 test 0.8210
epoch 54/200 loss 0.0535 train 0.9823 test 0.7847
epoch 55/200 loss 0.0377 train 0.9878 test 0.9187
epoch 56/200 loss 0.0353 train 0.9881 test 0.8347
epoch 57/200 loss 0.0660 train 0.9770 test 0.7550
epoch 58/200 loss 0.0720 train 0.9766 test 0.7794
epoch 59/200 loss 0.0376 train 0.9877 test 0.9192
epoch 60/200 loss 0.0352 train 0.9893 test 0.9106
epoch 61/200 loss 0.0428 train 0.9838 test 0.7713
epoch 62/200 loss 0.0671 train 0.9770 test 0.8930
epoch 63/200 loss 0.0596 train 0.9794 test 0.8465
epoch 64/200 loss 0.0493 train 0.9849 test 0.8784
epoch 65/200 loss 0.0402 train 0.9867 test 0.7981
epoch 66/200 loss 0.0350 train 0.9873 test 0.9279
epoch 67/200 loss 0.0566 train 0.9800 test 0.8514
epoch 68/200 loss 0.0341 train 0.9896 test 0.9084
epoch 69/200 loss 0.0357 train 0.9888 test 0.4389
epoch 70/200 loss 0.0442 train 0.9867 test 0.9274
epoch 71/200 loss 0.0688 train 0.9763 test 0.8503
epoch 72/200 loss 0.0460 train 0.9848 test 0.8818
epoch 73/200 loss 0.0500 train 0.9831 test 0.9013
epoch 74/200 loss 0.0348 train 0.9887 test 0.8290
epoch 75/200 loss 0.0373 train 0.9892 test 0.8937
epoch 76/200 loss 0.0584 train 0.9800 test 0.8472
epoch 77/200 loss 0.0439 train 0.9872 test 0.8862
epoch 78/200 loss 0.0366 train 0.9877 test 0.7740
epoch 79/200 loss 0.0367 train 0.9885 test 0.9164
epoch 80/200 loss 0.0341 train 0.9914 test 0.9341
epoch 81/200 loss 0.0455 train 0.9852 test 0.7311
epoch 82/200 loss 0.0356 train 0.9890 test 0.9060
epoch 83/200 loss 0.0304 train 0.9910 test 0.7088
epoch 84/200 loss 0.0528 train 0.9827 test 0.9238
epoch 85/200 loss 0.0330 train 0.9901 test 0.8533
epoch 86/200 loss 0.0274 train 0.9910 test 0.8862
epoch 87/200 loss 0.0462 train 0.9853 test 0.8852
epoch 88/200 loss 0.0478 train 0.9835 test 0.8986
epoch 89/200 loss 0.0362 train 0.9888 test 0.8107
epoch 90/200 loss 0.0250 train 0.9927 test 0.9053
epoch 91/200 loss 0.0267 train 0.9921 test 0.9280
epoch 92/200 loss 0.0188 train 0.9944 test 0.9389
epoch 93/200 loss 0.0219 train 0.9944 test 0.9334
epoch 94/200 loss 0.0258 train 0.9913 test 0.8602
epoch 95/200 loss 0.0284 train 0.9893 test 0.8825
epoch 96/200 loss 0.0519 train 0.9818 test 0.8905
epoch 97/200 loss 0.0547 train 0.9828 test 0.8265
epoch 98/200 loss 0.0280 train 0.9910 test 0.9163
epoch 99/200 loss 0.0321 train 0.9905 test 0.8763
epoch 100/200 loss 0.0274 train 0.9913 test 0.8327
epoch 101/200 loss 1.0383 train 0.9797 test 0.8903
epoch 102/200 loss 0.2556 train 0.9731 test 0.7852
epoch 103/200 loss 0.1899 train 0.9791 test 0.9340
epoch 104/200 loss 0.1443 train 0.9833 test 0.7954
epoch 105/200 loss 0.1299 train 0.9846 test 0.7556
epoch 106/200 loss 0.1022 train 0.9888 test 0.9227
epoch 107/200 loss 0.0947 train 0.9904 test 0.8428
epoch 108/200 loss 0.0896 train 0.9890 test 0.8077
epoch 109/200 loss 0.0907 train 0.9873 test 0.8848
epoch 110/200 loss 0.0843 train 0.9886 test 0.8983
epoch 111/200 loss 0.0714 train 0.9913 test 0.9125
epoch 112/200 loss 0.0614 train 0.9915 test 0.9116
epoch 113/200 loss 0.0435 train 0.9968 test 0.9281
epoch 114/200 loss 0.0588 train 0.9906 test 0.9072
epoch 115/200 loss 0.0602 train 0.9903 test 0.8382
epoch 116/200 loss 0.0562 train 0.9912 test 0.9015
epoch 117/200 loss 0.0619 train 0.9902 test 0.8852
epoch 118/200 loss 0.0507 train 0.9935 test 0.8948
epoch 119/200 loss 0.0427 train 0.9942 test 0.9345
epoch 120/200 loss 0.0341 train 0.9969 test 0.8507
epoch 121/200 loss 0.0410 train 0.9944 test 0.9170
epoch 122/200 loss 0.0402 train 0.9943 test 0.9054
epoch 123/200 loss 0.0330 train 0.9958 test 0.8724
epoch 124/200 loss 0.0257 train 0.9983 test 0.9142
epoch 125/200 loss 0.0401 train 0.9936 test 0.9221
epoch 126/200 loss 0.0360 train 0.9963 test 0.9192
epoch 127/200 loss 0.0283 train 0.9977 test 0.9035
epoch 128/200 loss 0.0264 train 0.9972 test 0.9308
epoch 129/200 loss 0.0207 train 0.9989 test 0.9096
epoch 130/200 loss 0.0274 train 0.9970 test 0.9329
epoch 131/200 loss 0.0278 train 0.9965 test 0.8553
epoch 132/200 loss 0.0263 train 0.9964 test 0.8932
epoch 133/200 loss 0.0242 train 0.9974 test 0.9213
epoch 134/200 loss 0.0163 train 0.9992 test 0.9368
epoch 135/200 loss 0.0140 train 0.9996 test 0.9407
epoch 136/200 loss 0.0134 train 0.9996 test 0.9460
epoch 137/200 loss 0.0132 train 0.9993 test 0.8948
epoch 138/200 loss 0.0159 train 0.9984 test 0.9302
epoch 139/200 loss 0.0142 train 0.9990 test 0.8673
epoch 140/200 loss 0.0115 train 0.9997 test 0.9287
epoch 141/200 loss 0.0138 train 0.9985 test 0.9340
epoch 142/200 loss 0.0117 train 0.9996 test 0.9223
epoch 143/200 loss 0.0100 train 0.9999 test 0.9423
epoch 144/200 loss 0.0093 train 1.0000 test 0.9425
epoch 145/200 loss 0.0087 train 0.9998 test 0.9405
epoch 146/200 loss 0.0084 train 0.9998 test 0.8964
epoch 147/200 loss 0.0081 train 0.9999 test 0.9305
epoch 148/200 loss 0.0074 train 1.0000 test 0.9492
epoch 149/200 loss 0.0076 train 1.0000 test 0.9513
epoch 150/200 loss 0.0070 train 1.0000 test 0.9405
epoch 151/200 loss 0.0072 train 1.0000 test 0.9331
epoch 152/200 loss 0.0064 train 1.0000 test 0.9448
epoch 153/200 loss 0.0064 train 1.0000 test 0.9435
epoch 154/200 loss 0.0063 train 1.0000 test 0.9382
epoch 155/200 loss 0.0061 train 1.0000 test 0.9437
epoch 156/200 loss 0.0066 train 0.9999 test 0.9416
epoch 157/200 loss 0.0057 train 0.9999 test 0.9370
epoch 158/200 loss 0.0062 train 0.9997 test 0.9382
epoch 159/200 loss 0.0051 train 1.0000 test 0.9398
epoch 160/200 loss 0.0052 train 0.9999 test 0.9409
epoch 161/200 loss 0.0049 train 1.0000 test 0.9386
epoch 162/200 loss 0.0048 train 1.0000 test 0.9404
epoch 163/200 loss 0.0043 train 1.0000 test 0.9415
epoch 164/200 loss 0.0041 train 1.0000 test 0.9453
epoch 165/200 loss 0.0045 train 0.9999 test 0.9418
epoch 166/200 loss 0.0043 train 0.9999 test 0.9283
epoch 167/200 loss 0.0038 train 1.0000 test 0.9430
epoch 168/200 loss 0.0035 train 1.0000 test 0.9357
epoch 169/200 loss 0.0036 train 1.0000 test 0.9320
epoch 170/200 loss 0.0033 train 1.0000 test 0.9396
epoch 171/200 loss 0.0035 train 1.0000 test 0.9351
epoch 172/200 loss 0.0032 train 1.0000 test 0.9426
epoch 173/200 loss 0.0029 train 1.0000 test 0.9383
epoch 174/200 loss 0.0030 train 1.0000 test 0.9319
epoch 175/200 loss 0.0027 train 1.0000 test 0.9435
epoch 176/200 loss 0.0026 train 1.0000 test 0.9429
epoch 177/200 loss 0.0025 train 1.0000 test 0.9409
epoch 178/200 loss 0.0027 train 1.0000 test 0.9403
epoch 179/200 loss 0.0022 train 1.0000 test 0.9412
epoch 180/200 loss 0.0024 train 0.9999 test 0.9428
epoch 181/200 loss 0.0021 train 1.0000 test 0.9412
epoch 182/200 loss 0.0021 train 1.0000 test 0.9461
epoch 183/200 loss 0.0019 train 1.0000 test 0.9428
epoch 184/200 loss 0.0018 train 1.0000 test 0.9393
epoch 185/200 loss 0.0018 train 1.0000 test 0.9411
epoch 186/200 loss 0.0020 train 1.0000 test 0.9394
epoch 187/200 loss 0.0017 train 1.0000 test 0.9430
epoch 188/200 loss 0.0015 train 1.0000 test 0.9375
epoch 189/200 loss 0.0015 train 1.0000 test 0.9394
epoch 190/200 loss 0.0015 train 1.0000 test 0.9369
epoch 191/200 loss 0.0014 train 1.0000 test 0.9334
epoch 192/200 loss 0.0014 train 1.0000 test 0.9375
epoch 193/200 loss 0.0014 train 1.0000 test 0.9419
epoch 194/200 loss 0.0013 train 1.0000 test 0.9383
epoch 195/200 loss 0.0013 train 1.0000 test 0.9382
epoch 196/200 loss 0.0013 train 1.0000 test 0.9398
epoch 197/200 loss 0.0012 train 1.0000 test 0.9433
epoch 198/200 loss 0.0012 train 1.0000 test 0.9411
epoch 199/200 loss 0.0012 train 1.0000 test 0.9359
epoch 200/200 loss 0.0013 train 1.0000 test 0.9384
done: final 0.9384 best 0.9513 -> ./runs/diagtaxlam_path_delay_10pct/seed1
--- diagtaxlam_path_delay_10pct seed2 2026-08-14T18:58:59+02:00
Warning: You are sending unauthenticated requests to the HF Hub. Please set a HF_TOKEN to enable higher rate limits and faster downloads.
moment-aux target calibrated on 1024 images
[diagtaxlam_path_delay_10pct seed2] {"params_trainable": 11175505, "params_stem_trainable": 0, "params_stem_fixed_filters": 0, "flops_total": 2226622976, "flops_stem": 0, "flops_image_size": 64}
epoch 1/200 loss 0.8868 train 0.6854 test 0.7454
epoch 2/200 loss 0.3665 train 0.8695 test 0.8323
epoch 3/200 loss 0.2496 train 0.9090 test 0.8724
epoch 4/200 loss 0.1909 train 0.9321 test 0.8911
epoch 5/200 loss 0.1646 train 0.9438 test 0.8862
epoch 6/200 loss 0.1254 train 0.9575 test 0.8481
epoch 7/200 loss 0.1180 train 0.9594 test 0.9256
epoch 8/200 loss 0.1023 train 0.9651 test 0.8155
epoch 9/200 loss 0.0857 train 0.9705 test 0.9145
epoch 10/200 loss 0.0802 train 0.9732 test 0.9138
epoch 11/200 loss 0.0731 train 0.9754 test 0.8788
epoch 12/200 loss 0.0660 train 0.9777 test 0.8603
epoch 13/200 loss 0.0708 train 0.9763 test 0.8567
epoch 14/200 loss 0.0616 train 0.9792 test 0.7177
epoch 15/200 loss 0.0542 train 0.9816 test 0.7967
epoch 16/200 loss 0.0538 train 0.9808 test 0.8940
epoch 17/200 loss 0.0587 train 0.9814 test 0.9313
epoch 18/200 loss 0.0434 train 0.9860 test 0.9125
epoch 19/200 loss 0.0402 train 0.9863 test 0.9380
epoch 20/200 loss 0.0504 train 0.9819 test 0.8493
epoch 21/200 loss 0.0420 train 0.9871 test 0.8656
epoch 22/200 loss 0.0445 train 0.9848 test 0.9237
epoch 23/200 loss 0.0435 train 0.9854 test 0.9150
epoch 24/200 loss 0.0380 train 0.9888 test 0.9081
epoch 25/200 loss 0.0451 train 0.9856 test 0.9253
epoch 26/200 loss 0.0472 train 0.9843 test 0.9284
epoch 27/200 loss 0.0320 train 0.9893 test 0.7554
epoch 28/200 loss 0.0393 train 0.9872 test 0.7845
epoch 29/200 loss 0.0640 train 0.9770 test 0.7322
epoch 30/200 loss 0.0588 train 0.9811 test 0.9479
epoch 31/200 loss 0.0504 train 0.9844 test 0.9203
epoch 32/200 loss 0.0337 train 0.9894 test 0.9064
epoch 33/200 loss 0.0331 train 0.9902 test 0.8279
epoch 34/200 loss 0.0443 train 0.9864 test 0.8130
epoch 35/200 loss 0.0489 train 0.9830 test 0.9038
epoch 36/200 loss 0.0336 train 0.9885 test 0.9130
epoch 37/200 loss 0.0402 train 0.9862 test 0.8826
epoch 38/200 loss 0.0318 train 0.9906 test 0.8891
epoch 39/200 loss 0.0292 train 0.9912 test 0.9291
epoch 40/200 loss 0.0343 train 0.9886 test 0.9114
epoch 41/200 loss 0.0388 train 0.9873 test 0.8564
epoch 42/200 loss 0.0474 train 0.9844 test 0.9166
epoch 43/200 loss 0.0293 train 0.9915 test 0.8311
epoch 44/200 loss 0.0515 train 0.9820 test 0.9351
epoch 45/200 loss 0.0450 train 0.9859 test 0.8294
epoch 46/200 loss 0.0528 train 0.9831 test 0.7833
epoch 47/200 loss 0.0456 train 0.9862 test 0.8940
epoch 48/200 loss 0.0520 train 0.9817 test 0.8630
epoch 49/200 loss 0.0365 train 0.9873 test 0.8316
epoch 50/200 loss 0.0408 train 0.9875 test 0.8950
epoch 51/200 loss 0.0514 train 0.9820 test 0.8926
epoch 52/200 loss 0.0318 train 0.9912 test 0.9171
epoch 53/200 loss 0.0270 train 0.9916 test 0.8930
epoch 54/200 loss 0.0350 train 0.9887 test 0.7734
epoch 55/200 loss 0.0633 train 0.9808 test 0.7578
epoch 56/200 loss 0.0656 train 0.9782 test 0.9008
epoch 57/200 loss 0.0668 train 0.9773 test 0.8981
epoch 58/200 loss 0.0367 train 0.9868 test 0.8954
epoch 59/200 loss 0.0489 train 0.9845 test 0.7145
epoch 60/200 loss 0.0581 train 0.9800 test 0.8996
epoch 61/200 loss 0.0480 train 0.9847 test 0.8451
epoch 62/200 loss 0.0487 train 0.9840 test 0.7479
epoch 63/200 loss 0.0379 train 0.9873 test 0.9065
epoch 64/200 loss 0.0408 train 0.9865 test 0.7660
epoch 65/200 loss 0.0573 train 0.9814 test 0.8894
epoch 66/200 loss 0.0461 train 0.9854 test 0.8845
epoch 67/200 loss 0.0389 train 0.9877 test 0.8294
epoch 68/200 loss 0.0394 train 0.9869 test 0.6639
epoch 69/200 loss 0.0570 train 0.9797 test 0.8531
epoch 70/200 loss 0.0459 train 0.9852 test 0.8603
epoch 71/200 loss 0.0452 train 0.9862 test 0.8208
epoch 72/200 loss 0.0367 train 0.9876 test 0.9121
epoch 73/200 loss 0.0452 train 0.9850 test 0.8883
epoch 74/200 loss 0.0343 train 0.9886 test 0.8719
epoch 75/200 loss 0.0525 train 0.9816 test 0.8671
epoch 76/200 loss 0.0483 train 0.9850 test 0.8720
epoch 77/200 loss 0.0384 train 0.9884 test 0.8650
epoch 78/200 loss 0.0483 train 0.9848 test 0.8698
epoch 79/200 loss 0.0439 train 0.9848 test 0.9224
epoch 80/200 loss 0.0443 train 0.9850 test 0.8713
epoch 81/200 loss 0.0353 train 0.9896 test 0.8748
epoch 82/200 loss 0.0474 train 0.9848 test 0.9169
epoch 83/200 loss 0.0333 train 0.9893 test 0.7302
epoch 84/200 loss 0.0376 train 0.9878 test 0.6819
epoch 85/200 loss 0.0516 train 0.9840 test 0.8333
epoch 86/200 loss 0.0322 train 0.9902 test 0.8641
epoch 87/200 loss 0.0421 train 0.9856 test 0.8383
epoch 88/200 loss 0.0411 train 0.9872 test 0.8747
epoch 89/200 loss 0.0277 train 0.9919 test 0.8511
epoch 90/200 loss 0.0177 train 0.9954 test 0.9010
epoch 91/200 loss 0.0199 train 0.9936 test 0.6731
epoch 92/200 loss 0.0435 train 0.9865 test 0.7664
epoch 93/200 loss 0.0277 train 0.9912 test 0.8272
epoch 94/200 loss 0.0222 train 0.9939 test 0.9145
epoch 95/200 loss 0.0231 train 0.9931 test 0.9031
epoch 96/200 loss 0.0229 train 0.9927 test 0.8911
epoch 97/200 loss 0.0335 train 0.9883 test 0.9297
epoch 98/200 loss 0.0386 train 0.9872 test 0.8121
epoch 99/200 loss 0.0415 train 0.9860 test 0.7891
epoch 100/200 loss 0.0303 train 0.9901 test 0.9004
epoch 101/200 loss 1.0371 train 0.9792 test 0.8908
epoch 102/200 loss 0.2566 train 0.9762 test 0.8688
epoch 103/200 loss 0.1798 train 0.9816 test 0.6923
epoch 104/200 loss 0.1510 train 0.9820 test 0.9221
epoch 105/200 loss 0.1297 train 0.9839 test 0.7539
epoch 106/200 loss 0.1183 train 0.9858 test 0.9185
epoch 107/200 loss 0.0817 train 0.9946 test 0.9184
epoch 108/200 loss 0.0735 train 0.9933 test 0.7967
epoch 109/200 loss 0.0799 train 0.9906 test 0.7238
epoch 110/200 loss 0.0890 train 0.9875 test 0.8948
epoch 111/200 loss 0.0877 train 0.9846 test 0.9074
epoch 112/200 loss 0.0640 train 0.9915 test 0.8514
epoch 113/200 loss 0.0585 train 0.9936 test 0.9085
epoch 114/200 loss 0.0468 train 0.9948 test 0.8826
epoch 115/200 loss 0.0437 train 0.9956 test 0.9007
epoch 116/200 loss 0.0434 train 0.9953 test 0.8847
epoch 117/200 loss 0.0516 train 0.9930 test 0.9072
epoch 118/200 loss 0.0456 train 0.9946 test 0.9043
epoch 119/200 loss 0.0451 train 0.9924 test 0.9301
epoch 120/200 loss 0.0460 train 0.9922 test 0.5180
epoch 121/200 loss 0.0606 train 0.9894 test 0.8896
epoch 122/200 loss 0.0376 train 0.9968 test 0.9150
epoch 123/200 loss 0.0244 train 0.9993 test 0.9291
epoch 124/200 loss 0.0228 train 0.9984 test 0.9400
epoch 125/200 loss 0.0196 train 0.9998 test 0.9370
epoch 126/200 loss 0.0210 train 0.9982 test 0.8805
epoch 127/200 loss 0.0245 train 0.9979 test 0.8818
epoch 128/200 loss 0.0247 train 0.9975 test 0.8714
epoch 129/200 loss 0.0240 train 0.9980 test 0.9251
epoch 130/200 loss 0.0196 train 0.9983 test 0.9366
epoch 131/200 loss 0.0221 train 0.9982 test 0.8944
epoch 132/200 loss 0.0175 train 0.9990 test 0.9391
epoch 133/200 loss 0.0172 train 0.9992 test 0.9077
epoch 134/200 loss 0.0199 train 0.9981 test 0.9313
epoch 135/200 loss 0.0148 train 0.9991 test 0.8837
epoch 136/200 loss 0.0161 train 0.9987 test 0.7667
epoch 137/200 loss 0.0143 train 0.9991 test 0.9219
epoch 138/200 loss 0.0160 train 0.9989 test 0.9295
epoch 139/200 loss 0.0126 train 0.9994 test 0.9290
epoch 140/200 loss 0.0118 train 0.9999 test 0.9364
epoch 141/200 loss 0.0108 train 0.9997 test 0.9224
epoch 142/200 loss 0.0101 train 0.9996 test 0.9330
epoch 143/200 loss 0.0096 train 0.9999 test 0.9287
epoch 144/200 loss 0.0090 train 1.0000 test 0.9326
epoch 145/200 loss 0.0088 train 0.9996 test 0.9352
epoch 146/200 loss 0.0088 train 0.9997 test 0.9253
epoch 147/200 loss 0.0082 train 0.9997 test 0.9196
epoch 148/200 loss 0.0078 train 0.9999 test 0.9302
epoch 149/200 loss 0.0082 train 0.9993 test 0.9142
epoch 150/200 loss 0.0081 train 0.9998 test 0.8942
epoch 151/200 loss 0.0073 train 0.9997 test 0.9224
epoch 152/200 loss 0.0060 train 1.0000 test 0.9216
epoch 153/200 loss 0.0069 train 0.9998 test 0.9320
epoch 154/200 loss 0.0074 train 0.9996 test 0.9194
epoch 155/200 loss 0.0076 train 0.9994 test 0.9364
epoch 156/200 loss 0.0071 train 0.9999 test 0.8944
epoch 157/200 loss 0.0064 train 0.9998 test 0.9280
epoch 158/200 loss 0.0064 train 0.9998 test 0.9421
epoch 159/200 loss 0.0057 train 0.9999 test 0.9337
epoch 160/200 loss 0.0051 train 0.9998 test 0.9352
epoch 161/200 loss 0.0048 train 0.9999 test 0.9352
epoch 162/200 loss 0.0048 train 0.9999 test 0.9237
epoch 163/200 loss 0.0043 train 1.0000 test 0.9262
epoch 164/200 loss 0.0042 train 1.0000 test 0.9302
epoch 165/200 loss 0.0049 train 0.9998 test 0.9288
epoch 166/200 loss 0.0038 train 1.0000 test 0.9294
epoch 167/200 loss 0.0037 train 1.0000 test 0.9241
epoch 168/200 loss 0.0034 train 1.0000 test 0.9312
epoch 169/200 loss 0.0034 train 1.0000 test 0.9292
epoch 170/200 loss 0.0033 train 1.0000 test 0.9336
epoch 171/200 loss 0.0030 train 1.0000 test 0.9276
epoch 172/200 loss 0.0031 train 1.0000 test 0.9309
epoch 173/200 loss 0.0031 train 1.0000 test 0.9196
epoch 174/200 loss 0.0029 train 1.0000 test 0.9309
epoch 175/200 loss 0.0025 train 1.0000 test 0.9304
epoch 176/200 loss 0.0027 train 0.9999 test 0.8850
epoch 177/200 loss 0.0025 train 1.0000 test 0.9202
epoch 178/200 loss 0.0029 train 0.9999 test 0.9130
epoch 179/200 loss 0.0023 train 0.9999 test 0.9267
epoch 180/200 loss 0.0024 train 0.9999 test 0.9251
epoch 181/200 loss 0.0022 train 1.0000 test 0.9276
epoch 182/200 loss 0.0019 train 1.0000 test 0.9291
epoch 183/200 loss 0.0021 train 0.9999 test 0.9284
epoch 184/200 loss 0.0019 train 1.0000 test 0.9262
epoch 185/200 loss 0.0018 train 1.0000 test 0.9294
epoch 186/200 loss 0.0017 train 1.0000 test 0.9290
epoch 187/200 loss 0.0018 train 1.0000 test 0.9318
epoch 188/200 loss 0.0016 train 1.0000 test 0.9292
epoch 189/200 loss 0.0015 train 1.0000 test 0.9325
epoch 190/200 loss 0.0014 train 1.0000 test 0.9290
epoch 191/200 loss 0.0014 train 1.0000 test 0.9322
epoch 192/200 loss 0.0015 train 1.0000 test 0.9320
epoch 193/200 loss 0.0014 train 1.0000 test 0.9290
epoch 194/200 loss 0.0013 train 1.0000 test 0.9302
epoch 195/200 loss 0.0013 train 1.0000 test 0.9323
epoch 196/200 loss 0.0012 train 1.0000 test 0.9308
epoch 197/200 loss 0.0012 train 1.0000 test 0.9280
epoch 198/200 loss 0.0012 train 1.0000 test 0.9309
epoch 199/200 loss 0.0013 train 1.0000 test 0.9329
epoch 200/200 loss 0.0014 train 1.0000 test 0.9276
done: final 0.9276 best 0.9479 -> ./runs/diagtaxlam_path_delay_10pct/seed2
--- diagtaxlam_path_l005_10pct seed0 2026-08-14T19:18:15+02:00
Warning: You are sending unauthenticated requests to the HF Hub. Please set a HF_TOKEN to enable higher rate limits and faster downloads.
moment-aux target calibrated on 1024 images
[diagtaxlam_path_l005_10pct seed0] {"params_trainable": 11175505, "params_stem_trainable": 0, "params_stem_fixed_filters": 0, "flops_total": 2226622976, "flops_stem": 0, "flops_image_size": 64}
epoch 1/200 loss 0.9240 train 0.7069 test 0.7338
epoch 2/200 loss 0.3844 train 0.8718 test 0.8992
epoch 3/200 loss 0.2722 train 0.9117 test 0.8841
epoch 4/200 loss 0.2030 train 0.9378 test 0.8400
epoch 5/200 loss 0.1885 train 0.9400 test 0.9127
epoch 6/200 loss 0.1713 train 0.9448 test 0.8185
epoch 7/200 loss 0.1377 train 0.9567 test 0.7794
epoch 8/200 loss 0.1191 train 0.9666 test 0.9238
epoch 9/200 loss 0.1077 train 0.9691 test 0.8538
epoch 10/200 loss 0.0933 train 0.9737 test 0.9021
epoch 11/200 loss 0.0872 train 0.9746 test 0.9162
epoch 12/200 loss 0.0852 train 0.9761 test 0.9253
epoch 13/200 loss 0.0805 train 0.9781 test 0.8981
epoch 14/200 loss 0.0719 train 0.9809 test 0.9198
epoch 15/200 loss 0.0675 train 0.9810 test 0.9111
epoch 16/200 loss 0.0682 train 0.9814 test 0.7405
epoch 17/200 loss 0.0625 train 0.9831 test 0.8822
epoch 18/200 loss 0.0538 train 0.9883 test 0.9046
epoch 19/200 loss 0.0621 train 0.9836 test 0.9280
epoch 20/200 loss 0.0654 train 0.9825 test 0.9277
epoch 21/200 loss 0.0510 train 0.9862 test 0.8642
epoch 22/200 loss 0.0487 train 0.9874 test 0.8550
epoch 23/200 loss 0.0485 train 0.9886 test 0.9187
epoch 24/200 loss 0.0557 train 0.9863 test 0.8979
epoch 25/200 loss 0.0550 train 0.9857 test 0.9273
epoch 26/200 loss 0.0569 train 0.9849 test 0.9155
epoch 27/200 loss 0.0483 train 0.9883 test 0.9106
epoch 28/200 loss 0.0529 train 0.9868 test 0.9052
epoch 29/200 loss 0.0686 train 0.9810 test 0.8561
epoch 30/200 loss 0.0671 train 0.9802 test 0.8670
epoch 31/200 loss 0.0498 train 0.9875 test 0.7866
epoch 32/200 loss 0.0478 train 0.9895 test 0.9196
epoch 33/200 loss 0.0450 train 0.9900 test 0.8786
epoch 34/200 loss 0.0453 train 0.9903 test 0.8497
epoch 35/200 loss 0.0439 train 0.9894 test 0.8772
epoch 36/200 loss 0.0478 train 0.9879 test 0.8199
epoch 37/200 loss 0.0546 train 0.9847 test 0.9166
epoch 38/200 loss 0.0448 train 0.9896 test 0.9160
epoch 39/200 loss 0.0437 train 0.9890 test 0.9057
epoch 40/200 loss 0.0536 train 0.9863 test 0.8455
epoch 41/200 loss 0.0556 train 0.9858 test 0.8666
epoch 42/200 loss 0.0581 train 0.9837 test 0.8482
epoch 43/200 loss 0.0583 train 0.9855 test 0.8953
epoch 44/200 loss 0.0530 train 0.9862 test 0.8610
epoch 45/200 loss 0.0576 train 0.9849 test 0.7933
epoch 46/200 loss 0.0744 train 0.9789 test 0.8542
epoch 47/200 loss 0.0573 train 0.9848 test 0.9089
epoch 48/200 loss 0.0583 train 0.9837 test 0.6623
epoch 49/200 loss 0.0782 train 0.9772 test 0.8759
epoch 50/200 loss 0.0456 train 0.9891 test 0.7663
epoch 51/200 loss 0.0535 train 0.9873 test 0.8870
epoch 52/200 loss 0.0646 train 0.9817 test 0.7549
epoch 53/200 loss 0.0487 train 0.9879 test 0.8777
epoch 54/200 loss 0.0389 train 0.9902 test 0.9198
epoch 55/200 loss 0.0605 train 0.9823 test 0.8905
epoch 56/200 loss 0.0501 train 0.9871 test 0.8436
epoch 57/200 loss 0.0648 train 0.9823 test 0.7114
epoch 58/200 loss 0.0839 train 0.9767 test 0.6772
epoch 59/200 loss 0.0686 train 0.9809 test 0.8025
epoch 60/200 loss 0.0440 train 0.9893 test 0.8379
epoch 61/200 loss 0.0455 train 0.9882 test 0.8518
epoch 62/200 loss 0.0422 train 0.9897 test 0.9226
epoch 63/200 loss 0.0587 train 0.9846 test 0.8976
epoch 64/200 loss 0.0708 train 0.9811 test 0.8921
epoch 65/200 loss 0.0553 train 0.9842 test 0.6896
epoch 66/200 loss 0.0435 train 0.9892 test 0.9096
epoch 67/200 loss 0.0460 train 0.9873 test 0.8656
epoch 68/200 loss 0.0450 train 0.9885 test 0.8982
epoch 69/200 loss 0.0564 train 0.9837 test 0.8990
epoch 70/200 loss 0.0501 train 0.9874 test 0.7568
epoch 71/200 loss 0.0442 train 0.9893 test 0.8918
epoch 72/200 loss 0.0367 train 0.9914 test 0.6451
epoch 73/200 loss 0.0545 train 0.9848 test 0.4479
epoch 74/200 loss 0.0529 train 0.9857 test 0.8992
epoch 75/200 loss 0.0524 train 0.9857 test 0.9042
epoch 76/200 loss 0.0462 train 0.9862 test 0.9196
epoch 77/200 loss 0.0732 train 0.9772 test 0.8740
epoch 78/200 loss 0.0489 train 0.9874 test 0.8660
epoch 79/200 loss 0.0472 train 0.9875 test 0.6990
epoch 80/200 loss 0.0565 train 0.9840 test 0.9116
epoch 81/200 loss 0.0751 train 0.9760 test 0.8302
epoch 82/200 loss 0.0518 train 0.9854 test 0.8877
epoch 83/200 loss 0.0404 train 0.9905 test 0.9077
epoch 84/200 loss 0.0480 train 0.9866 test 0.8770
epoch 85/200 loss 0.0439 train 0.9878 test 0.8894
epoch 86/200 loss 0.0353 train 0.9901 test 0.9148
epoch 87/200 loss 0.0326 train 0.9921 test 0.8130
epoch 88/200 loss 0.0492 train 0.9869 test 0.8192
epoch 89/200 loss 0.0504 train 0.9860 test 0.8996
epoch 90/200 loss 0.0330 train 0.9934 test 0.9064
epoch 91/200 loss 0.0356 train 0.9925 test 0.8940
epoch 92/200 loss 0.0233 train 0.9955 test 0.8462
epoch 93/200 loss 0.0342 train 0.9927 test 0.8650
epoch 94/200 loss 0.0361 train 0.9905 test 0.8943
epoch 95/200 loss 0.0382 train 0.9902 test 0.9166
epoch 96/200 loss 0.0509 train 0.9847 test 0.6976
epoch 97/200 loss 0.0423 train 0.9890 test 0.8997
epoch 98/200 loss 0.0314 train 0.9923 test 0.9054
epoch 99/200 loss 0.0383 train 0.9892 test 0.9326
epoch 100/200 loss 0.0300 train 0.9931 test 0.8953
epoch 101/200 loss 0.0269 train 0.9940 test 0.9203
epoch 102/200 loss 0.0201 train 0.9959 test 0.7460
epoch 103/200 loss 0.0283 train 0.9934 test 0.9142
epoch 104/200 loss 0.0340 train 0.9912 test 0.8795
epoch 105/200 loss 0.0286 train 0.9931 test 0.8907
epoch 106/200 loss 0.0503 train 0.9844 test 0.8865
epoch 107/200 loss 0.0360 train 0.9904 test 0.8838
epoch 108/200 loss 0.0330 train 0.9920 test 0.9026
epoch 109/200 loss 0.0249 train 0.9943 test 0.8969
epoch 110/200 loss 0.0318 train 0.9916 test 0.9028
epoch 111/200 loss 0.0300 train 0.9925 test 0.8609
epoch 112/200 loss 0.0231 train 0.9942 test 0.9148
epoch 113/200 loss 0.0203 train 0.9952 test 0.9113
epoch 114/200 loss 0.0217 train 0.9950 test 0.9078
epoch 115/200 loss 0.0178 train 0.9958 test 0.7791
epoch 116/200 loss 0.0159 train 0.9970 test 0.8802
epoch 117/200 loss 0.0133 train 0.9977 test 0.9260
epoch 118/200 loss 0.0147 train 0.9978 test 0.7593
epoch 119/200 loss 0.0098 train 0.9990 test 0.8692
epoch 120/200 loss 0.0075 train 0.9993 test 0.9345
epoch 121/200 loss 0.0138 train 0.9970 test 0.7570
epoch 122/200 loss 0.0123 train 0.9980 test 0.9092
epoch 123/200 loss 0.0087 train 0.9993 test 0.9299
epoch 124/200 loss 0.0057 train 1.0000 test 0.9344
epoch 125/200 loss 0.0072 train 0.9991 test 0.9265
epoch 126/200 loss 0.0067 train 0.9994 test 0.9489
epoch 127/200 loss 0.0065 train 0.9992 test 0.9341
epoch 128/200 loss 0.0052 train 0.9998 test 0.9465
epoch 129/200 loss 0.0070 train 0.9992 test 0.9432
epoch 130/200 loss 0.0051 train 0.9999 test 0.9442
epoch 131/200 loss 0.0043 train 0.9999 test 0.9531
epoch 132/200 loss 0.0041 train 0.9998 test 0.9446
epoch 133/200 loss 0.0050 train 0.9999 test 0.9404
epoch 134/200 loss 0.0038 train 1.0000 test 0.9382
epoch 135/200 loss 0.0037 train 1.0000 test 0.9376
epoch 136/200 loss 0.0037 train 1.0000 test 0.9437
epoch 137/200 loss 0.0038 train 1.0000 test 0.9366
epoch 138/200 loss 0.0035 train 1.0000 test 0.9089
epoch 139/200 loss 0.0035 train 0.9999 test 0.9490
epoch 140/200 loss 0.0034 train 1.0000 test 0.9348
epoch 141/200 loss 0.0035 train 0.9998 test 0.8990
epoch 142/200 loss 0.0036 train 1.0000 test 0.9517
epoch 143/200 loss 0.0032 train 1.0000 test 0.9468
epoch 144/200 loss 0.0034 train 0.9999 test 0.9464
epoch 145/200 loss 0.0033 train 1.0000 test 0.9394
epoch 146/200 loss 0.0032 train 0.9999 test 0.9428
epoch 147/200 loss 0.0028 train 1.0000 test 0.9499
epoch 148/200 loss 0.0030 train 1.0000 test 0.9394
epoch 149/200 loss 0.0027 train 1.0000 test 0.9451
epoch 150/200 loss 0.0028 train 1.0000 test 0.9423
epoch 151/200 loss 0.0028 train 1.0000 test 0.9393
epoch 152/200 loss 0.0027 train 1.0000 test 0.9408
epoch 153/200 loss 0.0028 train 0.9999 test 0.9415
epoch 154/200 loss 0.0026 train 1.0000 test 0.9386
epoch 155/200 loss 0.0035 train 0.9997 test 0.9233
epoch 156/200 loss 0.0033 train 0.9999 test 0.9442
epoch 157/200 loss 0.0047 train 0.9994 test 0.9408
epoch 158/200 loss 0.0030 train 0.9998 test 0.9252
epoch 159/200 loss 0.0029 train 0.9999 test 0.9407
epoch 160/200 loss 0.0027 train 0.9999 test 0.9421
epoch 161/200 loss 0.0024 train 1.0000 test 0.9415
epoch 162/200 loss 0.0024 train 1.0000 test 0.9435
epoch 163/200 loss 0.0024 train 1.0000 test 0.9419
epoch 164/200 loss 0.0026 train 0.9999 test 0.9437
epoch 165/200 loss 0.0022 train 1.0000 test 0.9409
epoch 166/200 loss 0.0020 train 1.0000 test 0.9416
epoch 167/200 loss 0.0023 train 0.9998 test 0.9276
epoch 168/200 loss 0.0022 train 0.9999 test 0.9412
epoch 169/200 loss 0.0022 train 0.9999 test 0.9416
epoch 170/200 loss 0.0019 train 1.0000 test 0.9379
epoch 171/200 loss 0.0017 train 1.0000 test 0.9400
epoch 172/200 loss 0.0018 train 1.0000 test 0.9403
epoch 173/200 loss 0.0017 train 1.0000 test 0.9376
epoch 174/200 loss 0.0017 train 1.0000 test 0.9379
epoch 175/200 loss 0.0017 train 1.0000 test 0.9394
epoch 176/200 loss 0.0016 train 1.0000 test 0.9359
epoch 177/200 loss 0.0016 train 1.0000 test 0.9359
epoch 178/200 loss 0.0017 train 1.0000 test 0.9380
epoch 179/200 loss 0.0016 train 1.0000 test 0.9366
epoch 180/200 loss 0.0017 train 1.0000 test 0.9369
epoch 181/200 loss 0.0014 train 1.0000 test 0.9370
epoch 182/200 loss 0.0015 train 1.0000 test 0.9354
epoch 183/200 loss 0.0013 train 1.0000 test 0.9364
epoch 184/200 loss 0.0016 train 0.9999 test 0.9403
epoch 185/200 loss 0.0014 train 1.0000 test 0.9370
epoch 186/200 loss 0.0013 train 1.0000 test 0.9354
epoch 187/200 loss 0.0015 train 1.0000 test 0.9380
epoch 188/200 loss 0.0013 train 1.0000 test 0.9386
epoch 189/200 loss 0.0012 train 1.0000 test 0.9369
epoch 190/200 loss 0.0014 train 1.0000 test 0.9373
epoch 191/200 loss 0.0014 train 0.9999 test 0.9362
epoch 192/200 loss 0.0014 train 1.0000 test 0.9376
epoch 193/200 loss 0.0014 train 1.0000 test 0.9359
epoch 194/200 loss 0.0012 train 1.0000 test 0.9347
epoch 195/200 loss 0.0013 train 1.0000 test 0.9362
epoch 196/200 loss 0.0012 train 1.0000 test 0.9368
epoch 197/200 loss 0.0014 train 0.9999 test 0.9362
epoch 198/200 loss 0.0012 train 0.9999 test 0.9375
epoch 199/200 loss 0.0013 train 1.0000 test 0.9375
epoch 200/200 loss 0.0012 train 1.0000 test 0.9372
done: final 0.9372 best 0.9531 -> ./runs/diagtaxlam_path_l005_10pct/seed0
--- diagtaxlam_path_l005_10pct seed1 2026-08-14T19:37:29+02:00
moment-aux target calibrated on 1024 images
[diagtaxlam_path_l005_10pct seed1] {"params_trainable": 11175505, "params_stem_trainable": 0, "params_stem_fixed_filters": 0, "flops_total": 2226622976, "flops_stem": 0, "flops_image_size": 64}
epoch 1/200 loss 0.9448 train 0.6938 test 0.6533
epoch 2/200 loss 0.4179 train 0.8608 test 0.8159
epoch 3/200 loss 0.2697 train 0.9163 test 0.8753
epoch 4/200 loss 0.2284 train 0.9307 test 0.8628
epoch 5/200 loss 0.1850 train 0.9459 test 0.8695
epoch 6/200 loss 0.1737 train 0.9474 test 0.8833
epoch 7/200 loss 0.1537 train 0.9520 test 0.8563
epoch 8/200 loss 0.1236 train 0.9638 test 0.9091
epoch 9/200 loss 0.1220 train 0.9627 test 0.9173
epoch 10/200 loss 0.0991 train 0.9722 test 0.9061
epoch 11/200 loss 0.0906 train 0.9751 test 0.8834
epoch 12/200 loss 0.0845 train 0.9776 test 0.9063
epoch 13/200 loss 0.0913 train 0.9730 test 0.8844
epoch 14/200 loss 0.0754 train 0.9804 test 0.8933
epoch 15/200 loss 0.0819 train 0.9767 test 0.8822
epoch 16/200 loss 0.0654 train 0.9842 test 0.9343
epoch 17/200 loss 0.0608 train 0.9849 test 0.9180
epoch 18/200 loss 0.0496 train 0.9882 test 0.9240
epoch 19/200 loss 0.0708 train 0.9795 test 0.8936
epoch 20/200 loss 0.0669 train 0.9825 test 0.8603
epoch 21/200 loss 0.0526 train 0.9891 test 0.8333
epoch 22/200 loss 0.0677 train 0.9818 test 0.9181
epoch 23/200 loss 0.0561 train 0.9860 test 0.7869
epoch 24/200 loss 0.0481 train 0.9888 test 0.8843
epoch 25/200 loss 0.0644 train 0.9831 test 0.6742
epoch 26/200 loss 0.0640 train 0.9828 test 0.9281
epoch 27/200 loss 0.0523 train 0.9874 test 0.8742
epoch 28/200 loss 0.0550 train 0.9856 test 0.8585
epoch 29/200 loss 0.0438 train 0.9897 test 0.8840
epoch 30/200 loss 0.0561 train 0.9865 test 0.9350
epoch 31/200 loss 0.0349 train 0.9935 test 0.9350
epoch 32/200 loss 0.0416 train 0.9895 test 0.9157
epoch 33/200 loss 0.0657 train 0.9824 test 0.9116
epoch 34/200 loss 0.0575 train 0.9855 test 0.8990
epoch 35/200 loss 0.0453 train 0.9891 test 0.8777
epoch 36/200 loss 0.0592 train 0.9847 test 0.8669
epoch 37/200 loss 0.0571 train 0.9856 test 0.8609
epoch 38/200 loss 0.0628 train 0.9823 test 0.8833
epoch 39/200 loss 0.0434 train 0.9893 test 0.9203
epoch 40/200 loss 0.0560 train 0.9842 test 0.8875
epoch 41/200 loss 0.0535 train 0.9863 test 0.8536
epoch 42/200 loss 0.0483 train 0.9884 test 0.8348
epoch 43/200 loss 0.0629 train 0.9833 test 0.9067
epoch 44/200 loss 0.0487 train 0.9881 test 0.9189
epoch 45/200 loss 0.0540 train 0.9873 test 0.8719
epoch 46/200 loss 0.0581 train 0.9840 test 0.8685
epoch 47/200 loss 0.0700 train 0.9799 test 0.9263
epoch 48/200 loss 0.0526 train 0.9864 test 0.8765
epoch 49/200 loss 0.0448 train 0.9900 test 0.8110
epoch 50/200 loss 0.0695 train 0.9790 test 0.7407
epoch 51/200 loss 0.0651 train 0.9824 test 0.8714
epoch 52/200 loss 0.0476 train 0.9886 test 0.8532
epoch 53/200 loss 0.0434 train 0.9892 test 0.8671
epoch 54/200 loss 0.0743 train 0.9790 test 0.6645
epoch 55/200 loss 0.0581 train 0.9842 test 0.9461
epoch 56/200 loss 0.0549 train 0.9853 test 0.8894
epoch 57/200 loss 0.0539 train 0.9874 test 0.7947
epoch 58/200 loss 0.0466 train 0.9883 test 0.9132
epoch 59/200 loss 0.0484 train 0.9886 test 0.9298
epoch 60/200 loss 0.0491 train 0.9869 test 0.7531
epoch 61/200 loss 0.0596 train 0.9825 test 0.8561
epoch 62/200 loss 0.0606 train 0.9827 test 0.8465
epoch 63/200 loss 0.0496 train 0.9877 test 0.9223
epoch 64/200 loss 0.0610 train 0.9839 test 0.8376
epoch 65/200 loss 0.0647 train 0.9825 test 0.9241
epoch 66/200 loss 0.0554 train 0.9849 test 0.8496
epoch 67/200 loss 0.0467 train 0.9891 test 0.8861
epoch 68/200 loss 0.0381 train 0.9905 test 0.8999
epoch 69/200 loss 0.0427 train 0.9900 test 0.9052
epoch 70/200 loss 0.0581 train 0.9852 test 0.8893
epoch 71/200 loss 0.0655 train 0.9825 test 0.6883
epoch 72/200 loss 0.0611 train 0.9829 test 0.9045
epoch 73/200 loss 0.0703 train 0.9801 test 0.8266
epoch 74/200 loss 0.0506 train 0.9862 test 0.8901
epoch 75/200 loss 0.0490 train 0.9877 test 0.8614
epoch 76/200 loss 0.0837 train 0.9747 test 0.7515
epoch 77/200 loss 0.0526 train 0.9862 test 0.8136
epoch 78/200 loss 0.0522 train 0.9873 test 0.8294
epoch 79/200 loss 0.0443 train 0.9873 test 0.9210
epoch 80/200 loss 0.0352 train 0.9915 test 0.9124
epoch 81/200 loss 0.0472 train 0.9872 test 0.8369
epoch 82/200 loss 0.0500 train 0.9869 test 0.8603
epoch 83/200 loss 0.0460 train 0.9859 test 0.8769
epoch 84/200 loss 0.0518 train 0.9859 test 0.8859
epoch 85/200 loss 0.0543 train 0.9836 test 0.9072
epoch 86/200 loss 0.0546 train 0.9852 test 0.9191
epoch 87/200 loss 0.0403 train 0.9895 test 0.9277
epoch 88/200 loss 0.0274 train 0.9942 test 0.9405
epoch 89/200 loss 0.0388 train 0.9887 test 0.6501
epoch 90/200 loss 0.0474 train 0.9866 test 0.8547
epoch 91/200 loss 0.0544 train 0.9839 test 0.9160
epoch 92/200 loss 0.0438 train 0.9887 test 0.8879
epoch 93/200 loss 0.0341 train 0.9914 test 0.9153
epoch 94/200 loss 0.0273 train 0.9931 test 0.9089
epoch 95/200 loss 0.0343 train 0.9911 test 0.8720
epoch 96/200 loss 0.0431 train 0.9877 test 0.8727
epoch 97/200 loss 0.0497 train 0.9858 test 0.9121
epoch 98/200 loss 0.0364 train 0.9919 test 0.8900
epoch 99/200 loss 0.0306 train 0.9930 test 0.8299
epoch 100/200 loss 0.0262 train 0.9942 test 0.9028
epoch 101/200 loss 0.0325 train 0.9925 test 0.9096
epoch 102/200 loss 0.0366 train 0.9904 test 0.8124
epoch 103/200 loss 0.0423 train 0.9886 test 0.9099
epoch 104/200 loss 0.0448 train 0.9878 test 0.7657
epoch 105/200 loss 0.0501 train 0.9862 test 0.8838
epoch 106/200 loss 0.0279 train 0.9941 test 0.9118
epoch 107/200 loss 0.0213 train 0.9960 test 0.8591
epoch 108/200 loss 0.0265 train 0.9935 test 0.8124
epoch 109/200 loss 0.0220 train 0.9959 test 0.9242
epoch 110/200 loss 0.0122 train 0.9980 test 0.9237
epoch 111/200 loss 0.0121 train 0.9979 test 0.9093
epoch 112/200 loss 0.0197 train 0.9953 test 0.9309
epoch 113/200 loss 0.0171 train 0.9968 test 0.8834
epoch 114/200 loss 0.0176 train 0.9963 test 0.9033
epoch 115/200 loss 0.0317 train 0.9917 test 0.8506
epoch 116/200 loss 0.0338 train 0.9917 test 0.8648
epoch 117/200 loss 0.0349 train 0.9906 test 0.8684
epoch 118/200 loss 0.0354 train 0.9914 test 0.8493
epoch 119/200 loss 0.0382 train 0.9895 test 0.8524
epoch 120/200 loss 0.0231 train 0.9954 test 0.9086
epoch 121/200 loss 0.0189 train 0.9961 test 0.8631
epoch 122/200 loss 0.0116 train 0.9987 test 0.9093
epoch 123/200 loss 0.0101 train 0.9987 test 0.8387
epoch 124/200 loss 0.0148 train 0.9970 test 0.9433
epoch 125/200 loss 0.0206 train 0.9951 test 0.9418
epoch 126/200 loss 0.0181 train 0.9956 test 0.8013
epoch 127/200 loss 0.0148 train 0.9972 test 0.9049
epoch 128/200 loss 0.0150 train 0.9967 test 0.8616
epoch 129/200 loss 0.0180 train 0.9967 test 0.9127
epoch 130/200 loss 0.0160 train 0.9964 test 0.8376
epoch 131/200 loss 0.0096 train 0.9991 test 0.9277
epoch 132/200 loss 0.0060 train 0.9998 test 0.9418
epoch 133/200 loss 0.0052 train 0.9998 test 0.9357
epoch 134/200 loss 0.0051 train 0.9999 test 0.9127
epoch 135/200 loss 0.0040 train 1.0000 test 0.9465
epoch 136/200 loss 0.0042 train 1.0000 test 0.9185
epoch 137/200 loss 0.0041 train 1.0000 test 0.9468
epoch 138/200 loss 0.0041 train 0.9999 test 0.9370
epoch 139/200 loss 0.0050 train 0.9994 test 0.9305
epoch 140/200 loss 0.0050 train 0.9998 test 0.9429
epoch 141/200 loss 0.0042 train 0.9999 test 0.9430
epoch 142/200 loss 0.0039 train 0.9999 test 0.9414
epoch 143/200 loss 0.0040 train 0.9997 test 0.9538
epoch 144/200 loss 0.0039 train 0.9999 test 0.9474
epoch 145/200 loss 0.0034 train 0.9999 test 0.9469
epoch 146/200 loss 0.0038 train 0.9999 test 0.9393
epoch 147/200 loss 0.0032 train 0.9999 test 0.9415
epoch 148/200 loss 0.0032 train 0.9999 test 0.9350
epoch 149/200 loss 0.0031 train 1.0000 test 0.9432
epoch 150/200 loss 0.0028 train 1.0000 test 0.9429
epoch 151/200 loss 0.0031 train 0.9999 test 0.9481
epoch 152/200 loss 0.0026 train 1.0000 test 0.9372
epoch 153/200 loss 0.0027 train 1.0000 test 0.9382
epoch 154/200 loss 0.0036 train 0.9998 test 0.9471
epoch 155/200 loss 0.0028 train 1.0000 test 0.9313
epoch 156/200 loss 0.0031 train 0.9999 test 0.9412
epoch 157/200 loss 0.0028 train 0.9999 test 0.9403
epoch 158/200 loss 0.0030 train 0.9998 test 0.9503
epoch 159/200 loss 0.0028 train 0.9999 test 0.9386
epoch 160/200 loss 0.0031 train 0.9998 test 0.9330
epoch 161/200 loss 0.0025 train 1.0000 test 0.9396
epoch 162/200 loss 0.0024 train 1.0000 test 0.9428
epoch 163/200 loss 0.0021 train 1.0000 test 0.9458
epoch 164/200 loss 0.0020 train 1.0000 test 0.9461
epoch 165/200 loss 0.0023 train 0.9999 test 0.9416
epoch 166/200 loss 0.0023 train 0.9999 test 0.9396
epoch 167/200 loss 0.0020 train 1.0000 test 0.9457
epoch 168/200 loss 0.0019 train 1.0000 test 0.9343
epoch 169/200 loss 0.0020 train 0.9999 test 0.9330
epoch 170/200 loss 0.0019 train 1.0000 test 0.9408
epoch 171/200 loss 0.0020 train 1.0000 test 0.9281
epoch 172/200 loss 0.0019 train 1.0000 test 0.9462
epoch 173/200 loss 0.0017 train 1.0000 test 0.9405
epoch 174/200 loss 0.0018 train 0.9999 test 0.9368
epoch 175/200 loss 0.0017 train 1.0000 test 0.9418
epoch 176/200 loss 0.0017 train 1.0000 test 0.9446
epoch 177/200 loss 0.0017 train 1.0000 test 0.9419
epoch 178/200 loss 0.0018 train 1.0000 test 0.9432
epoch 179/200 loss 0.0015 train 1.0000 test 0.9457
epoch 180/200 loss 0.0016 train 1.0000 test 0.9450
epoch 181/200 loss 0.0015 train 1.0000 test 0.9421
epoch 182/200 loss 0.0014 train 1.0000 test 0.9493
epoch 183/200 loss 0.0015 train 0.9999 test 0.9429
epoch 184/200 loss 0.0015 train 1.0000 test 0.9401
epoch 185/200 loss 0.0014 train 1.0000 test 0.9426
epoch 186/200 loss 0.0017 train 1.0000 test 0.9430
epoch 187/200 loss 0.0014 train 1.0000 test 0.9457
epoch 188/200 loss 0.0013 train 1.0000 test 0.9379
epoch 189/200 loss 0.0013 train 1.0000 test 0.9415
epoch 190/200 loss 0.0013 train 1.0000 test 0.9375
epoch 191/200 loss 0.0013 train 1.0000 test 0.9325
epoch 192/200 loss 0.0014 train 1.0000 test 0.9387
epoch 193/200 loss 0.0013 train 1.0000 test 0.9448
epoch 194/200 loss 0.0013 train 1.0000 test 0.9397
epoch 195/200 loss 0.0013 train 1.0000 test 0.9401
epoch 196/200 loss 0.0014 train 1.0000 test 0.9394
epoch 197/200 loss 0.0012 train 1.0000 test 0.9447
epoch 198/200 loss 0.0011 train 1.0000 test 0.9430
epoch 199/200 loss 0.0012 train 1.0000 test 0.9351
epoch 200/200 loss 0.0012 train 1.0000 test 0.9412
done: final 0.9412 best 0.9538 -> ./runs/diagtaxlam_path_l005_10pct/seed1
--- diagtaxlam_path_l005_10pct seed2 2026-08-14T19:56:43+02:00
Warning: You are sending unauthenticated requests to the HF Hub. Please set a HF_TOKEN to enable higher rate limits and faster downloads.
moment-aux target calibrated on 1024 images
[diagtaxlam_path_l005_10pct seed2] {"params_trainable": 11175505, "params_stem_trainable": 0, "params_stem_fixed_filters": 0, "flops_total": 2226622976, "flops_stem": 0, "flops_image_size": 64}
epoch 1/200 loss 0.9323 train 0.6994 test 0.8082
epoch 2/200 loss 0.3658 train 0.8830 test 0.8522
epoch 3/200 loss 0.2547 train 0.9204 test 0.8960
epoch 4/200 loss 0.2055 train 0.9349 test 0.9036
epoch 5/200 loss 0.1915 train 0.9420 test 0.9141
epoch 6/200 loss 0.1418 train 0.9573 test 0.8943
epoch 7/200 loss 0.1303 train 0.9618 test 0.9377
epoch 8/200 loss 0.1110 train 0.9689 test 0.8961
epoch 9/200 loss 0.1022 train 0.9711 test 0.8935
epoch 10/200 loss 0.0842 train 0.9776 test 0.9265
epoch 11/200 loss 0.0864 train 0.9761 test 0.8741
epoch 12/200 loss 0.0805 train 0.9772 test 0.9153
epoch 13/200 loss 0.0768 train 0.9789 test 0.8604
epoch 14/200 loss 0.0700 train 0.9797 test 0.9084
epoch 15/200 loss 0.0609 train 0.9859 test 0.8751
epoch 16/200 loss 0.0611 train 0.9856 test 0.9155
epoch 17/200 loss 0.0722 train 0.9805 test 0.8813
epoch 18/200 loss 0.0601 train 0.9829 test 0.8496
epoch 19/200 loss 0.0532 train 0.9869 test 0.9054
epoch 20/200 loss 0.0557 train 0.9868 test 0.7875
epoch 21/200 loss 0.0571 train 0.9850 test 0.8251
epoch 22/200 loss 0.0567 train 0.9863 test 0.9026
epoch 23/200 loss 0.0596 train 0.9848 test 0.9029
epoch 24/200 loss 0.0425 train 0.9912 test 0.8286
epoch 25/200 loss 0.0537 train 0.9874 test 0.9206
epoch 26/200 loss 0.0585 train 0.9852 test 0.9078
epoch 27/200 loss 0.0427 train 0.9891 test 0.9280
epoch 28/200 loss 0.0542 train 0.9859 test 0.8252
epoch 29/200 loss 0.0639 train 0.9839 test 0.9148
epoch 30/200 loss 0.0640 train 0.9827 test 0.9228
epoch 31/200 loss 0.0492 train 0.9894 test 0.9187
epoch 32/200 loss 0.0451 train 0.9895 test 0.9370
epoch 33/200 loss 0.0457 train 0.9888 test 0.8219
epoch 34/200 loss 0.0472 train 0.9879 test 0.8162
epoch 35/200 loss 0.0667 train 0.9802 test 0.9060
epoch 36/200 loss 0.0444 train 0.9890 test 0.8827
epoch 37/200 loss 0.0496 train 0.9877 test 0.8214
epoch 38/200 loss 0.0590 train 0.9829 test 0.8684
epoch 39/200 loss 0.0525 train 0.9866 test 0.8723
epoch 40/200 loss 0.0538 train 0.9855 test 0.7838
epoch 41/200 loss 0.0529 train 0.9859 test 0.8352
epoch 42/200 loss 0.0660 train 0.9820 test 0.8038
epoch 43/200 loss 0.0463 train 0.9874 test 0.8886
epoch 44/200 loss 0.0609 train 0.9844 test 0.8833
epoch 45/200 loss 0.0380 train 0.9924 test 0.8513
epoch 46/200 loss 0.0529 train 0.9849 test 0.8479
epoch 47/200 loss 0.0496 train 0.9875 test 0.9036
epoch 48/200 loss 0.0431 train 0.9901 test 0.7717
epoch 49/200 loss 0.0341 train 0.9936 test 0.8890
epoch 50/200 loss 0.0478 train 0.9887 test 0.8808
epoch 51/200 loss 0.0546 train 0.9865 test 0.9352
epoch 52/200 loss 0.0638 train 0.9826 test 0.8568
epoch 53/200 loss 0.0485 train 0.9879 test 0.8338
epoch 54/200 loss 0.0437 train 0.9886 test 0.7636
epoch 55/200 loss 0.0392 train 0.9911 test 0.9061
epoch 56/200 loss 0.0578 train 0.9844 test 0.9174
epoch 57/200 loss 0.0773 train 0.9783 test 0.9277
epoch 58/200 loss 0.0671 train 0.9809 test 0.6209
epoch 59/200 loss 0.0568 train 0.9836 test 0.8474
epoch 60/200 loss 0.0474 train 0.9883 test 0.8538
epoch 61/200 loss 0.0629 train 0.9840 test 0.8110
epoch 62/200 loss 0.0660 train 0.9805 test 0.9091
epoch 63/200 loss 0.0664 train 0.9811 test 0.7861
epoch 64/200 loss 0.0542 train 0.9860 test 0.8752
epoch 65/200 loss 0.0660 train 0.9820 test 0.8815
epoch 66/200 loss 0.0502 train 0.9877 test 0.8155
epoch 67/200 loss 0.0471 train 0.9881 test 0.8852
epoch 68/200 loss 0.0412 train 0.9902 test 0.8535
epoch 69/200 loss 0.0546 train 0.9857 test 0.8812
epoch 70/200 loss 0.0478 train 0.9869 test 0.9084
epoch 71/200 loss 0.0560 train 0.9844 test 0.9214
epoch 72/200 loss 0.0515 train 0.9867 test 0.7522
epoch 73/200 loss 0.0522 train 0.9867 test 0.9226
epoch 74/200 loss 0.0348 train 0.9921 test 0.9453
epoch 75/200 loss 0.0309 train 0.9930 test 0.9046
epoch 76/200 loss 0.0602 train 0.9821 test 0.7909
epoch 77/200 loss 0.0475 train 0.9876 test 0.9049
epoch 78/200 loss 0.0603 train 0.9824 test 0.8620
epoch 79/200 loss 0.0536 train 0.9849 test 0.7662
epoch 80/200 loss 0.0505 train 0.9865 test 0.7766
epoch 81/200 loss 0.0597 train 0.9845 test 0.8614
epoch 82/200 loss 0.0541 train 0.9859 test 0.7971
epoch 83/200 loss 0.0501 train 0.9878 test 0.9267
epoch 84/200 loss 0.0502 train 0.9855 test 0.8178
epoch 85/200 loss 0.0504 train 0.9867 test 0.7923
epoch 86/200 loss 0.0378 train 0.9903 test 0.9210
epoch 87/200 loss 0.0346 train 0.9924 test 0.9121
epoch 88/200 loss 0.0281 train 0.9925 test 0.8897
epoch 89/200 loss 0.0233 train 0.9959 test 0.8634
epoch 90/200 loss 0.0196 train 0.9964 test 0.8440
epoch 91/200 loss 0.0213 train 0.9964 test 0.8925
epoch 92/200 loss 0.0280 train 0.9935 test 0.8759
epoch 93/200 loss 0.0405 train 0.9898 test 0.8932
epoch 94/200 loss 0.0613 train 0.9828 test 0.8660
epoch 95/200 loss 0.0471 train 0.9865 test 0.8844
epoch 96/200 loss 0.0429 train 0.9895 test 0.9047
epoch 97/200 loss 0.0360 train 0.9913 test 0.9143
epoch 98/200 loss 0.0373 train 0.9907 test 0.5589
epoch 99/200 loss 0.0410 train 0.9890 test 0.9124
epoch 100/200 loss 0.0319 train 0.9921 test 0.8947
epoch 101/200 loss 0.0276 train 0.9945 test 0.9379
epoch 102/200 loss 0.0241 train 0.9953 test 0.8558
epoch 103/200 loss 0.0346 train 0.9916 test 0.9085
epoch 104/200 loss 0.0271 train 0.9930 test 0.8933
epoch 105/200 loss 0.0299 train 0.9934 test 0.9435
epoch 106/200 loss 0.0289 train 0.9931 test 0.7753
epoch 107/200 loss 0.0266 train 0.9943 test 0.9323
epoch 108/200 loss 0.0247 train 0.9940 test 0.7196
epoch 109/200 loss 0.0278 train 0.9921 test 0.8738
epoch 110/200 loss 0.0177 train 0.9967 test 0.9085
epoch 111/200 loss 0.0195 train 0.9960 test 0.8529
epoch 112/200 loss 0.0187 train 0.9967 test 0.9175
epoch 113/200 loss 0.0187 train 0.9962 test 0.9249
epoch 114/200 loss 0.0287 train 0.9932 test 0.9070
epoch 115/200 loss 0.0184 train 0.9970 test 0.9291
epoch 116/200 loss 0.0152 train 0.9973 test 0.9365
epoch 117/200 loss 0.0092 train 0.9996 test 0.9418
epoch 118/200 loss 0.0080 train 0.9996 test 0.9440
epoch 119/200 loss 0.0092 train 0.9991 test 0.8937
epoch 120/200 loss 0.0128 train 0.9977 test 0.9277
epoch 121/200 loss 0.0090 train 0.9994 test 0.9284
epoch 122/200 loss 0.0091 train 0.9985 test 0.9357
epoch 123/200 loss 0.0095 train 0.9988 test 0.9306
epoch 124/200 loss 0.0067 train 0.9993 test 0.9301
epoch 125/200 loss 0.0057 train 0.9998 test 0.9162
epoch 126/200 loss 0.0070 train 0.9991 test 0.8331
epoch 127/200 loss 0.0080 train 0.9993 test 0.9341
epoch 128/200 loss 0.0073 train 0.9991 test 0.9199
epoch 129/200 loss 0.0083 train 0.9988 test 0.9299
epoch 130/200 loss 0.0089 train 0.9987 test 0.9331
epoch 131/200 loss 0.0098 train 0.9988 test 0.7468
epoch 132/200 loss 0.0059 train 0.9999 test 0.9432
epoch 133/200 loss 0.0045 train 0.9998 test 0.9227
epoch 134/200 loss 0.0050 train 0.9998 test 0.9401
epoch 135/200 loss 0.0040 train 1.0000 test 0.9320
epoch 136/200 loss 0.0041 train 0.9998 test 0.9280
epoch 137/200 loss 0.0040 train 0.9999 test 0.8955
epoch 138/200 loss 0.0084 train 0.9990 test 0.9326
epoch 139/200 loss 0.0043 train 1.0000 test 0.9247
epoch 140/200 loss 0.0041 train 0.9999 test 0.9061
epoch 141/200 loss 0.0043 train 0.9997 test 0.9361
epoch 142/200 loss 0.0035 train 1.0000 test 0.9387
epoch 143/200 loss 0.0034 train 1.0000 test 0.9244
epoch 144/200 loss 0.0033 train 1.0000 test 0.9249
epoch 145/200 loss 0.0031 train 1.0000 test 0.9306
epoch 146/200 loss 0.0030 train 1.0000 test 0.9228
epoch 147/200 loss 0.0029 train 1.0000 test 0.9336
epoch 148/200 loss 0.0031 train 0.9998 test 0.9359
epoch 149/200 loss 0.0032 train 0.9999 test 0.9386
epoch 150/200 loss 0.0030 train 1.0000 test 0.9350
epoch 151/200 loss 0.0028 train 1.0000 test 0.9361
epoch 152/200 loss 0.0026 train 1.0000 test 0.9351
epoch 153/200 loss 0.0030 train 0.9999 test 0.9344
epoch 154/200 loss 0.0028 train 0.9999 test 0.9305
epoch 155/200 loss 0.0030 train 1.0000 test 0.9345
epoch 156/200 loss 0.0029 train 1.0000 test 0.9308
epoch 157/200 loss 0.0026 train 0.9999 test 0.9387
epoch 158/200 loss 0.0025 train 0.9999 test 0.9306
epoch 159/200 loss 0.0028 train 0.9999 test 0.9330
epoch 160/200 loss 0.0026 train 0.9999 test 0.9375
epoch 161/200 loss 0.0023 train 1.0000 test 0.9368
epoch 162/200 loss 0.0022 train 1.0000 test 0.9301
epoch 163/200 loss 0.0021 train 1.0000 test 0.9270
epoch 164/200 loss 0.0020 train 1.0000 test 0.9305
epoch 165/200 loss 0.0022 train 1.0000 test 0.9233
epoch 166/200 loss 0.0018 train 1.0000 test 0.9291
epoch 167/200 loss 0.0019 train 1.0000 test 0.9217
epoch 168/200 loss 0.0018 train 1.0000 test 0.9305
epoch 169/200 loss 0.0018 train 1.0000 test 0.9297
epoch 170/200 loss 0.0018 train 1.0000 test 0.9350
epoch 171/200 loss 0.0017 train 1.0000 test 0.9223
epoch 172/200 loss 0.0017 train 1.0000 test 0.9242
epoch 173/200 loss 0.0019 train 1.0000 test 0.9249
epoch 174/200 loss 0.0017 train 1.0000 test 0.9251
epoch 175/200 loss 0.0016 train 1.0000 test 0.9260
epoch 176/200 loss 0.0015 train 1.0000 test 0.9223
epoch 177/200 loss 0.0014 train 1.0000 test 0.9253
epoch 178/200 loss 0.0016 train 1.0000 test 0.9274
epoch 179/200 loss 0.0014 train 1.0000 test 0.9185
epoch 180/200 loss 0.0016 train 0.9999 test 0.9241
epoch 181/200 loss 0.0015 train 1.0000 test 0.9230
epoch 182/200 loss 0.0014 train 1.0000 test 0.9245
epoch 183/200 loss 0.0015 train 0.9999 test 0.9231
epoch 184/200 loss 0.0014 train 1.0000 test 0.9214
epoch 185/200 loss 0.0014 train 1.0000 test 0.9234
epoch 186/200 loss 0.0014 train 1.0000 test 0.9249
epoch 187/200 loss 0.0013 train 1.0000 test 0.9308
epoch 188/200 loss 0.0013 train 1.0000 test 0.9252
epoch 189/200 loss 0.0013 train 1.0000 test 0.9316
epoch 190/200 loss 0.0012 train 1.0000 test 0.9251
epoch 191/200 loss 0.0012 train 1.0000 test 0.9286
epoch 192/200 loss 0.0013 train 1.0000 test 0.9270
epoch 193/200 loss 0.0013 train 1.0000 test 0.9240
epoch 194/200 loss 0.0012 train 1.0000 test 0.9267
epoch 195/200 loss 0.0012 train 1.0000 test 0.9292
epoch 196/200 loss 0.0011 train 1.0000 test 0.9281
epoch 197/200 loss 0.0012 train 1.0000 test 0.9252
epoch 198/200 loss 0.0011 train 1.0000 test 0.9251
epoch 199/200 loss 0.0013 train 1.0000 test 0.9299
epoch 200/200 loss 0.0013 train 1.0000 test 0.9198
done: final 0.9198 best 0.9453 -> ./runs/diagtaxlam_path_l005_10pct/seed2
--- diagtaxlam_path_l01_10pct seed0 2026-08-14T20:15:57+02:00
moment-aux target calibrated on 1024 images
[diagtaxlam_path_l01_10pct seed0] {"params_trainable": 11175505, "params_stem_trainable": 0, "params_stem_fixed_filters": 0, "flops_total": 2226622976, "flops_stem": 0, "flops_image_size": 64}
epoch 1/200 loss 0.9813 train 0.7033 test 0.7621
epoch 2/200 loss 0.4093 train 0.8722 test 0.7811
epoch 3/200 loss 0.2878 train 0.9133 test 0.8728
epoch 4/200 loss 0.2303 train 0.9352 test 0.8203
epoch 5/200 loss 0.2045 train 0.9388 test 0.8794
epoch 6/200 loss 0.1733 train 0.9508 test 0.8632
epoch 7/200 loss 0.1560 train 0.9567 test 0.8634
epoch 8/200 loss 0.1340 train 0.9642 test 0.9057
epoch 9/200 loss 0.1249 train 0.9663 test 0.7847
epoch 10/200 loss 0.1151 train 0.9709 test 0.9253
epoch 11/200 loss 0.1004 train 0.9737 test 0.9068
epoch 12/200 loss 0.0978 train 0.9732 test 0.9018
epoch 13/200 loss 0.0939 train 0.9770 test 0.9201
epoch 14/200 loss 0.0823 train 0.9797 test 0.9091
epoch 15/200 loss 0.0763 train 0.9815 test 0.9159
epoch 16/200 loss 0.0695 train 0.9838 test 0.9169
epoch 17/200 loss 0.0720 train 0.9825 test 0.9173
epoch 18/200 loss 0.0665 train 0.9829 test 0.7815
epoch 19/200 loss 0.0889 train 0.9750 test 0.8150
epoch 20/200 loss 0.0709 train 0.9827 test 0.9334
epoch 21/200 loss 0.0633 train 0.9850 test 0.8864
epoch 22/200 loss 0.0687 train 0.9831 test 0.7781
epoch 23/200 loss 0.0626 train 0.9856 test 0.8929
epoch 24/200 loss 0.0640 train 0.9857 test 0.8276
epoch 25/200 loss 0.0648 train 0.9842 test 0.9418
epoch 26/200 loss 0.0661 train 0.9843 test 0.9311
epoch 27/200 loss 0.0546 train 0.9879 test 0.9072
epoch 28/200 loss 0.0529 train 0.9888 test 0.9288
epoch 29/200 loss 0.0590 train 0.9864 test 0.8618
epoch 30/200 loss 0.0586 train 0.9878 test 0.8710
epoch 31/200 loss 0.0472 train 0.9888 test 0.9164
epoch 32/200 loss 0.0552 train 0.9897 test 0.8607
epoch 33/200 loss 0.0540 train 0.9879 test 0.8733
epoch 34/200 loss 0.0704 train 0.9829 test 0.9010
epoch 35/200 loss 0.0535 train 0.9884 test 0.9159
epoch 36/200 loss 0.0410 train 0.9921 test 0.8674
epoch 37/200 loss 0.0538 train 0.9873 test 0.8584
epoch 38/200 loss 0.0445 train 0.9910 test 0.8901
epoch 39/200 loss 0.0604 train 0.9858 test 0.7322
epoch 40/200 loss 0.0669 train 0.9840 test 0.8058
epoch 41/200 loss 0.0704 train 0.9826 test 0.8765
epoch 42/200 loss 0.0672 train 0.9812 test 0.8042
epoch 43/200 loss 0.0603 train 0.9862 test 0.9412
epoch 44/200 loss 0.0486 train 0.9887 test 0.8987
epoch 45/200 loss 0.0576 train 0.9858 test 0.8383
epoch 46/200 loss 0.0603 train 0.9855 test 0.9192
epoch 47/200 loss 0.0614 train 0.9855 test 0.9125
epoch 48/200 loss 0.0687 train 0.9829 test 0.5606
epoch 49/200 loss 0.0582 train 0.9854 test 0.8891
epoch 50/200 loss 0.0478 train 0.9888 test 0.8783
epoch 51/200 loss 0.0461 train 0.9896 test 0.9320
epoch 52/200 loss 0.0652 train 0.9826 test 0.8976
epoch 53/200 loss 0.0614 train 0.9849 test 0.8585
epoch 54/200 loss 0.0594 train 0.9862 test 0.9203
epoch 55/200 loss 0.0630 train 0.9840 test 0.8918
epoch 56/200 loss 0.0800 train 0.9792 test 0.9284
epoch 57/200 loss 0.0528 train 0.9879 test 0.8813
epoch 58/200 loss 0.0490 train 0.9877 test 0.7584
epoch 59/200 loss 0.0789 train 0.9787 test 0.8403
epoch 60/200 loss 0.0624 train 0.9847 test 0.9021
epoch 61/200 loss 0.0651 train 0.9833 test 0.9194
epoch 62/200 loss 0.0462 train 0.9902 test 0.9180
epoch 63/200 loss 0.0515 train 0.9878 test 0.9091
epoch 64/200 loss 0.0468 train 0.9878 test 0.9195
epoch 65/200 loss 0.0497 train 0.9876 test 0.9148
epoch 66/200 loss 0.0616 train 0.9842 test 0.7923
epoch 67/200 loss 0.0652 train 0.9839 test 0.9167
epoch 68/200 loss 0.0455 train 0.9902 test 0.9333
epoch 69/200 loss 0.0398 train 0.9906 test 0.8776
epoch 70/200 loss 0.0568 train 0.9842 test 0.8118
epoch 71/200 loss 0.0622 train 0.9830 test 0.8912
epoch 72/200 loss 0.0539 train 0.9850 test 0.8870
epoch 73/200 loss 0.0694 train 0.9818 test 0.8536
epoch 74/200 loss 0.0570 train 0.9860 test 0.8841
epoch 75/200 loss 0.0582 train 0.9845 test 0.8646
epoch 76/200 loss 0.0504 train 0.9872 test 0.9159
epoch 77/200 loss 0.0715 train 0.9795 test 0.8827
epoch 78/200 loss 0.0691 train 0.9816 test 0.8706
epoch 79/200 loss 0.0408 train 0.9900 test 0.8428
epoch 80/200 loss 0.0445 train 0.9896 test 0.9228
epoch 81/200 loss 0.0417 train 0.9893 test 0.7663
epoch 82/200 loss 0.0428 train 0.9902 test 0.8244
epoch 83/200 loss 0.0419 train 0.9897 test 0.8368
epoch 84/200 loss 0.0497 train 0.9866 test 0.8834
epoch 85/200 loss 0.0522 train 0.9855 test 0.8783
epoch 86/200 loss 0.0469 train 0.9877 test 0.8738
epoch 87/200 loss 0.0489 train 0.9872 test 0.8607
epoch 88/200 loss 0.0566 train 0.9850 test 0.8954
epoch 89/200 loss 0.0318 train 0.9934 test 0.9118
epoch 90/200 loss 0.0270 train 0.9943 test 0.9070
epoch 91/200 loss 0.0565 train 0.9844 test 0.8375
epoch 92/200 loss 0.0442 train 0.9866 test 0.8968
epoch 93/200 loss 0.0350 train 0.9905 test 0.9088
epoch 94/200 loss 0.0482 train 0.9866 test 0.9038
epoch 95/200 loss 0.0349 train 0.9923 test 0.9315
epoch 96/200 loss 0.0312 train 0.9924 test 0.9341
epoch 97/200 loss 0.0227 train 0.9955 test 0.9017
epoch 98/200 loss 0.0261 train 0.9937 test 0.9155
epoch 99/200 loss 0.0408 train 0.9893 test 0.7702
epoch 100/200 loss 0.0445 train 0.9892 test 0.8545
epoch 101/200 loss 0.0424 train 0.9896 test 0.8905
epoch 102/200 loss 0.0300 train 0.9932 test 0.9184
epoch 103/200 loss 0.0375 train 0.9897 test 0.7819
epoch 104/200 loss 0.0243 train 0.9950 test 0.9170
epoch 105/200 loss 0.0273 train 0.9934 test 0.8248
epoch 106/200 loss 0.0315 train 0.9935 test 0.9312
epoch 107/200 loss 0.0280 train 0.9930 test 0.9429
epoch 108/200 loss 0.0520 train 0.9867 test 0.8501
epoch 109/200 loss 0.0338 train 0.9917 test 0.8996
epoch 110/200 loss 0.0246 train 0.9945 test 0.8990
epoch 111/200 loss 0.0207 train 0.9968 test 0.8391
epoch 112/200 loss 0.0214 train 0.9958 test 0.8425
epoch 113/200 loss 0.0326 train 0.9929 test 0.9333
epoch 114/200 loss 0.0309 train 0.9937 test 0.9468
epoch 115/200 loss 0.0192 train 0.9964 test 0.8916
epoch 116/200 loss 0.0261 train 0.9939 test 0.8567
epoch 117/200 loss 0.0198 train 0.9954 test 0.9297
epoch 118/200 loss 0.0238 train 0.9945 test 0.8982
epoch 119/200 loss 0.0255 train 0.9943 test 0.9212
epoch 120/200 loss 0.0175 train 0.9962 test 0.9061
epoch 121/200 loss 0.0181 train 0.9962 test 0.8610
epoch 122/200 loss 0.0115 train 0.9983 test 0.9444
epoch 123/200 loss 0.0103 train 0.9989 test 0.9292
epoch 124/200 loss 0.0143 train 0.9963 test 0.8564
epoch 125/200 loss 0.0152 train 0.9975 test 0.9269
epoch 126/200 loss 0.0126 train 0.9981 test 0.9208
epoch 127/200 loss 0.0103 train 0.9988 test 0.9362
epoch 128/200 loss 0.0055 train 0.9999 test 0.9407
epoch 129/200 loss 0.0061 train 0.9996 test 0.9398
epoch 130/200 loss 0.0052 train 0.9998 test 0.9435
epoch 131/200 loss 0.0055 train 0.9994 test 0.9426
epoch 132/200 loss 0.0047 train 0.9999 test 0.9373
epoch 133/200 loss 0.0054 train 0.9997 test 0.9084
epoch 134/200 loss 0.0041 train 1.0000 test 0.9409
epoch 135/200 loss 0.0038 train 1.0000 test 0.9389
epoch 136/200 loss 0.0039 train 1.0000 test 0.9405
epoch 137/200 loss 0.0038 train 1.0000 test 0.9333
epoch 138/200 loss 0.0036 train 1.0000 test 0.9397
epoch 139/200 loss 0.0036 train 0.9999 test 0.9433
epoch 140/200 loss 0.0037 train 1.0000 test 0.9291
epoch 141/200 loss 0.0039 train 0.9997 test 0.9318
epoch 142/200 loss 0.0034 train 1.0000 test 0.9408
epoch 143/200 loss 0.0035 train 1.0000 test 0.9341
epoch 144/200 loss 0.0037 train 0.9999 test 0.9419
epoch 145/200 loss 0.0035 train 0.9999 test 0.9352
epoch 146/200 loss 0.0033 train 0.9999 test 0.9372
epoch 147/200 loss 0.0033 train 0.9999 test 0.9418
epoch 148/200 loss 0.0030 train 1.0000 test 0.9414
epoch 149/200 loss 0.0029 train 0.9999 test 0.9415
epoch 150/200 loss 0.0030 train 1.0000 test 0.9419
epoch 151/200 loss 0.0029 train 1.0000 test 0.9403
epoch 152/200 loss 0.0027 train 1.0000 test 0.9418
epoch 153/200 loss 0.0027 train 1.0000 test 0.9454
epoch 154/200 loss 0.0027 train 1.0000 test 0.9405
epoch 155/200 loss 0.0029 train 0.9998 test 0.9382
epoch 156/200 loss 0.0027 train 1.0000 test 0.9494
epoch 157/200 loss 0.0025 train 1.0000 test 0.9425
epoch 158/200 loss 0.0026 train 0.9998 test 0.9351
epoch 159/200 loss 0.0028 train 0.9999 test 0.9355
epoch 160/200 loss 0.0028 train 1.0000 test 0.9359
epoch 161/200 loss 0.0025 train 1.0000 test 0.9386
epoch 162/200 loss 0.0024 train 1.0000 test 0.9421
epoch 163/200 loss 0.0023 train 1.0000 test 0.9355
epoch 164/200 loss 0.0023 train 1.0000 test 0.9393
epoch 165/200 loss 0.0021 train 1.0000 test 0.9372
epoch 166/200 loss 0.0020 train 1.0000 test 0.9398
epoch 167/200 loss 0.0022 train 1.0000 test 0.9325
epoch 168/200 loss 0.0021 train 0.9999 test 0.9416
epoch 169/200 loss 0.0021 train 1.0000 test 0.9379
epoch 170/200 loss 0.0020 train 1.0000 test 0.9403
epoch 171/200 loss 0.0018 train 1.0000 test 0.9390
epoch 172/200 loss 0.0018 train 1.0000 test 0.9400
epoch 173/200 loss 0.0018 train 1.0000 test 0.9384
epoch 174/200 loss 0.0017 train 1.0000 test 0.9394
epoch 175/200 loss 0.0018 train 1.0000 test 0.9415
epoch 176/200 loss 0.0016 train 1.0000 test 0.9359
epoch 177/200 loss 0.0016 train 1.0000 test 0.9355
epoch 178/200 loss 0.0017 train 1.0000 test 0.9383
epoch 179/200 loss 0.0016 train 1.0000 test 0.9372
epoch 180/200 loss 0.0019 train 0.9998 test 0.9359
epoch 181/200 loss 0.0014 train 1.0000 test 0.9370
epoch 182/200 loss 0.0016 train 1.0000 test 0.9292
epoch 183/200 loss 0.0014 train 1.0000 test 0.9361
epoch 184/200 loss 0.0017 train 0.9999 test 0.9398
epoch 185/200 loss 0.0014 train 1.0000 test 0.9380
epoch 186/200 loss 0.0014 train 1.0000 test 0.9358
epoch 187/200 loss 0.0015 train 1.0000 test 0.9379
epoch 188/200 loss 0.0014 train 1.0000 test 0.9384
epoch 189/200 loss 0.0013 train 1.0000 test 0.9377
epoch 190/200 loss 0.0015 train 1.0000 test 0.9375
epoch 191/200 loss 0.0014 train 1.0000 test 0.9358
epoch 192/200 loss 0.0014 train 0.9999 test 0.9400
epoch 193/200 loss 0.0014 train 1.0000 test 0.9348
epoch 194/200 loss 0.0013 train 1.0000 test 0.9348
epoch 195/200 loss 0.0013 train 1.0000 test 0.9358
epoch 196/200 loss 0.0013 train 1.0000 test 0.9386
epoch 197/200 loss 0.0015 train 0.9999 test 0.9372
epoch 198/200 loss 0.0012 train 1.0000 test 0.9379
epoch 199/200 loss 0.0014 train 1.0000 test 0.9380
epoch 200/200 loss 0.0014 train 0.9999 test 0.9379
done: final 0.9379 best 0.9494 -> ./runs/diagtaxlam_path_l01_10pct/seed0
--- diagtaxlam_path_l01_10pct seed1 2026-08-14T20:50:47+02:00
moment-aux target calibrated on 1024 images
[diagtaxlam_path_l01_10pct seed1] {"params_trainable": 11175505, "params_stem_trainable": 0, "params_stem_fixed_filters": 0, "flops_total": 2226622976, "flops_stem": 0, "flops_image_size": 64}
epoch 1/200 loss 1.0040 train 0.6924 test 0.8089
epoch 2/200 loss 0.4181 train 0.8669 test 0.8149
epoch 3/200 loss 0.2770 train 0.9155 test 0.7862
epoch 4/200 loss 0.2468 train 0.9275 test 0.9065
epoch 5/200 loss 0.1998 train 0.9414 test 0.8589
epoch 6/200 loss 0.1630 train 0.9554 test 0.9143
epoch 7/200 loss 0.1529 train 0.9575 test 0.8597
epoch 8/200 loss 0.1478 train 0.9590 test 0.9249
epoch 9/200 loss 0.1327 train 0.9648 test 0.9199
epoch 10/200 loss 0.1102 train 0.9703 test 0.9078
epoch 11/200 loss 0.0951 train 0.9760 test 0.8607
epoch 12/200 loss 0.1017 train 0.9738 test 0.9373
epoch 13/200 loss 0.0892 train 0.9758 test 0.9148
epoch 14/200 loss 0.0800 train 0.9814 test 0.9149
epoch 15/200 loss 0.0816 train 0.9805 test 0.9085
epoch 16/200 loss 0.0672 train 0.9844 test 0.9182
epoch 17/200 loss 0.0750 train 0.9812 test 0.9334
epoch 18/200 loss 0.0569 train 0.9882 test 0.9001
epoch 19/200 loss 0.0696 train 0.9837 test 0.7652
epoch 20/200 loss 0.0717 train 0.9825 test 0.9046
epoch 21/200 loss 0.0655 train 0.9838 test 0.9248
epoch 22/200 loss 0.0695 train 0.9836 test 0.9252
epoch 23/200 loss 0.0651 train 0.9849 test 0.8996
epoch 24/200 loss 0.0734 train 0.9824 test 0.9103
epoch 25/200 loss 0.0614 train 0.9866 test 0.9185
epoch 26/200 loss 0.0649 train 0.9855 test 0.8331
epoch 27/200 loss 0.0561 train 0.9879 test 0.8808
epoch 28/200 loss 0.0590 train 0.9856 test 0.8074
epoch 29/200 loss 0.0595 train 0.9864 test 0.9195
epoch 30/200 loss 0.0600 train 0.9856 test 0.9401
epoch 31/200 loss 0.0601 train 0.9853 test 0.9060
epoch 32/200 loss 0.0640 train 0.9829 test 0.9021
epoch 33/200 loss 0.0577 train 0.9871 test 0.9103
epoch 34/200 loss 0.0614 train 0.9854 test 0.7660
epoch 35/200 loss 0.0454 train 0.9908 test 0.8533
epoch 36/200 loss 0.0520 train 0.9878 test 0.9163
epoch 37/200 loss 0.0641 train 0.9845 test 0.8702
epoch 38/200 loss 0.0620 train 0.9856 test 0.8898
epoch 39/200 loss 0.0549 train 0.9874 test 0.8936
epoch 40/200 loss 0.0643 train 0.9840 test 0.9015
epoch 41/200 loss 0.0437 train 0.9911 test 0.8639
epoch 42/200 loss 0.0523 train 0.9882 test 0.8788
epoch 43/200 loss 0.0599 train 0.9865 test 0.8597
epoch 44/200 loss 0.0574 train 0.9844 test 0.9064
epoch 45/200 loss 0.0456 train 0.9896 test 0.8695
epoch 46/200 loss 0.0614 train 0.9856 test 0.9173
epoch 47/200 loss 0.0652 train 0.9837 test 0.9181
epoch 48/200 loss 0.0662 train 0.9829 test 0.9065
epoch 49/200 loss 0.0703 train 0.9811 test 0.7536
epoch 50/200 loss 0.0716 train 0.9808 test 0.6994
epoch 51/200 loss 0.0519 train 0.9887 test 0.8100
epoch 52/200 loss 0.0548 train 0.9860 test 0.8400
epoch 53/200 loss 0.0732 train 0.9802 test 0.7903
epoch 54/200 loss 0.0521 train 0.9884 test 0.8908
epoch 55/200 loss 0.0551 train 0.9854 test 0.8735
epoch 56/200 loss 0.0447 train 0.9901 test 0.8649
epoch 57/200 loss 0.0654 train 0.9825 test 0.8731
epoch 58/200 loss 0.0773 train 0.9789 test 0.9169
epoch 59/200 loss 0.0494 train 0.9883 test 0.8497
epoch 60/200 loss 0.0427 train 0.9891 test 0.8195
epoch 61/200 loss 0.0427 train 0.9894 test 0.9046
epoch 62/200 loss 0.0575 train 0.9837 test 0.8753
epoch 63/200 loss 0.0620 train 0.9829 test 0.8844
epoch 64/200 loss 0.0506 train 0.9878 test 0.7471
epoch 65/200 loss 0.0722 train 0.9799 test 0.9291
epoch 66/200 loss 0.0605 train 0.9840 test 0.8652
epoch 67/200 loss 0.1009 train 0.9713 test 0.8121
epoch 68/200 loss 0.1000 train 0.9705 test 0.7435
epoch 69/200 loss 0.0724 train 0.9799 test 0.8152
epoch 70/200 loss 0.0692 train 0.9808 test 0.7749
epoch 71/200 loss 0.0505 train 0.9878 test 0.9311
epoch 72/200 loss 0.0378 train 0.9906 test 0.8766
epoch 73/200 loss 0.0366 train 0.9907 test 0.8929
epoch 74/200 loss 0.0445 train 0.9884 test 0.9058
epoch 75/200 loss 0.0415 train 0.9903 test 0.9185
epoch 76/200 loss 0.0527 train 0.9862 test 0.8914
epoch 77/200 loss 0.0570 train 0.9847 test 0.8696
epoch 78/200 loss 0.0618 train 0.9845 test 0.8058
epoch 79/200 loss 0.0437 train 0.9886 test 0.9056
epoch 80/200 loss 0.0494 train 0.9871 test 0.9209
epoch 81/200 loss 0.0688 train 0.9826 test 0.8435
epoch 82/200 loss 0.0496 train 0.9876 test 0.8699
epoch 83/200 loss 0.0476 train 0.9872 test 0.8496
epoch 84/200 loss 0.0510 train 0.9868 test 0.8955
epoch 85/200 loss 0.0514 train 0.9848 test 0.8467
epoch 86/200 loss 0.0525 train 0.9875 test 0.7396
epoch 87/200 loss 0.0437 train 0.9893 test 0.7617
epoch 88/200 loss 0.0432 train 0.9897 test 0.7925
epoch 89/200 loss 0.0364 train 0.9915 test 0.8858
epoch 90/200 loss 0.0423 train 0.9897 test 0.9323
epoch 91/200 loss 0.0335 train 0.9927 test 0.7964
epoch 92/200 loss 0.0425 train 0.9882 test 0.9269
epoch 93/200 loss 0.0383 train 0.9901 test 0.9297
epoch 94/200 loss 0.0284 train 0.9925 test 0.8734
epoch 95/200 loss 0.0338 train 0.9917 test 0.8361
epoch 96/200 loss 0.0593 train 0.9840 test 0.9028
epoch 97/200 loss 0.0534 train 0.9858 test 0.9194
epoch 98/200 loss 0.0436 train 0.9893 test 0.8330
epoch 99/200 loss 0.0488 train 0.9864 test 0.8511
epoch 100/200 loss 0.0344 train 0.9917 test 0.9213
epoch 101/200 loss 0.0257 train 0.9941 test 0.9102
epoch 102/200 loss 0.0228 train 0.9954 test 0.8550
epoch 103/200 loss 0.0370 train 0.9904 test 0.9415
epoch 104/200 loss 0.0355 train 0.9910 test 0.8753
epoch 105/200 loss 0.0383 train 0.9897 test 0.8971
epoch 106/200 loss 0.0459 train 0.9878 test 0.8426
epoch 107/200 loss 0.0307 train 0.9937 test 0.8827
epoch 108/200 loss 0.0221 train 0.9958 test 0.8575
epoch 109/200 loss 0.0159 train 0.9973 test 0.9364
epoch 110/200 loss 0.0283 train 0.9925 test 0.8787
epoch 111/200 loss 0.0284 train 0.9937 test 0.8557
epoch 112/200 loss 0.0218 train 0.9953 test 0.9052
epoch 113/200 loss 0.0177 train 0.9961 test 0.8897
epoch 114/200 loss 0.0171 train 0.9969 test 0.8877
epoch 115/200 loss 0.0150 train 0.9974 test 0.9018
epoch 116/200 loss 0.0145 train 0.9977 test 0.9238
epoch 117/200 loss 0.0182 train 0.9967 test 0.9323
epoch 118/200 loss 0.0169 train 0.9962 test 0.8877
epoch 119/200 loss 0.0391 train 0.9896 test 0.7873
epoch 120/200 loss 0.0362 train 0.9910 test 0.9425
epoch 121/200 loss 0.0136 train 0.9982 test 0.9318
epoch 122/200 loss 0.0221 train 0.9951 test 0.7780
epoch 123/200 loss 0.0181 train 0.9961 test 0.9290
epoch 124/200 loss 0.0119 train 0.9983 test 0.9242
epoch 125/200 loss 0.0103 train 0.9988 test 0.8357
epoch 126/200 loss 0.0094 train 0.9987 test 0.9295
epoch 127/200 loss 0.0095 train 0.9991 test 0.8953
epoch 128/200 loss 0.0086 train 0.9993 test 0.9223
epoch 129/200 loss 0.0055 train 0.9999 test 0.9322
epoch 130/200 loss 0.0078 train 0.9991 test 0.9114
epoch 131/200 loss 0.0081 train 0.9991 test 0.9081
epoch 132/200 loss 0.0053 train 0.9999 test 0.9383
epoch 133/200 loss 0.0057 train 0.9994 test 0.9291
epoch 134/200 loss 0.0092 train 0.9981 test 0.9206
epoch 135/200 loss 0.0053 train 1.0000 test 0.9375
epoch 136/200 loss 0.0044 train 0.9999 test 0.9262
epoch 137/200 loss 0.0040 train 1.0000 test 0.9362
epoch 138/200 loss 0.0040 train 1.0000 test 0.9415
epoch 139/200 loss 0.0087 train 0.9984 test 0.8968
epoch 140/200 loss 0.0067 train 0.9990 test 0.9347
epoch 141/200 loss 0.0071 train 0.9989 test 0.9337
epoch 142/200 loss 0.0048 train 0.9997 test 0.9344
epoch 143/200 loss 0.0043 train 0.9997 test 0.9357
epoch 144/200 loss 0.0044 train 0.9997 test 0.9412
epoch 145/200 loss 0.0063 train 0.9992 test 0.9485
epoch 146/200 loss 0.0043 train 0.9998 test 0.9440
epoch 147/200 loss 0.0041 train 0.9999 test 0.9405
epoch 148/200 loss 0.0033 train 0.9999 test 0.9387
epoch 149/200 loss 0.0033 train 1.0000 test 0.9448
epoch 150/200 loss 0.0029 train 1.0000 test 0.9387
epoch 151/200 loss 0.0031 train 0.9999 test 0.9377
epoch 152/200 loss 0.0028 train 1.0000 test 0.9368
epoch 153/200 loss 0.0027 train 1.0000 test 0.9347
epoch 154/200 loss 0.0028 train 1.0000 test 0.9331
epoch 155/200 loss 0.0029 train 1.0000 test 0.9387
epoch 156/200 loss 0.0029 train 0.9999 test 0.9383
epoch 157/200 loss 0.0028 train 0.9999 test 0.9348
epoch 158/200 loss 0.0032 train 0.9998 test 0.9365
epoch 159/200 loss 0.0026 train 0.9999 test 0.9348
epoch 160/200 loss 0.0024 train 1.0000 test 0.9362
epoch 161/200 loss 0.0024 train 1.0000 test 0.9440
epoch 162/200 loss 0.0024 train 1.0000 test 0.9394
epoch 163/200 loss 0.0021 train 1.0000 test 0.9361
epoch 164/200 loss 0.0020 train 1.0000 test 0.9357
epoch 165/200 loss 0.0021 train 1.0000 test 0.9368
epoch 166/200 loss 0.0022 train 1.0000 test 0.9313
epoch 167/200 loss 0.0020 train 1.0000 test 0.9411
epoch 168/200 loss 0.0019 train 1.0000 test 0.9338
epoch 169/200 loss 0.0020 train 1.0000 test 0.9269
epoch 170/200 loss 0.0019 train 1.0000 test 0.9345
epoch 171/200 loss 0.0021 train 1.0000 test 0.9302
epoch 172/200 loss 0.0019 train 1.0000 test 0.9377
epoch 173/200 loss 0.0017 train 1.0000 test 0.9350
epoch 174/200 loss 0.0018 train 1.0000 test 0.9351
epoch 175/200 loss 0.0016 train 1.0000 test 0.9372
epoch 176/200 loss 0.0016 train 1.0000 test 0.9390
epoch 177/200 loss 0.0016 train 1.0000 test 0.9366
epoch 178/200 loss 0.0017 train 1.0000 test 0.9398
epoch 179/200 loss 0.0015 train 1.0000 test 0.9375
epoch 180/200 loss 0.0015 train 1.0000 test 0.9380
epoch 181/200 loss 0.0015 train 1.0000 test 0.9375
epoch 182/200 loss 0.0014 train 1.0000 test 0.9412
epoch 183/200 loss 0.0014 train 1.0000 test 0.9365
epoch 184/200 loss 0.0014 train 1.0000 test 0.9344
epoch 185/200 loss 0.0014 train 1.0000 test 0.9351
epoch 186/200 loss 0.0016 train 1.0000 test 0.9365
epoch 187/200 loss 0.0014 train 1.0000 test 0.9393
epoch 188/200 loss 0.0013 train 1.0000 test 0.9325
epoch 189/200 loss 0.0013 train 1.0000 test 0.9364
epoch 190/200 loss 0.0013 train 1.0000 test 0.9334
epoch 191/200 loss 0.0013 train 1.0000 test 0.9306
epoch 192/200 loss 0.0013 train 1.0000 test 0.9341
epoch 193/200 loss 0.0013 train 1.0000 test 0.9382
epoch 194/200 loss 0.0012 train 1.0000 test 0.9359
epoch 195/200 loss 0.0012 train 1.0000 test 0.9358
epoch 196/200 loss 0.0014 train 1.0000 test 0.9355
epoch 197/200 loss 0.0012 train 1.0000 test 0.9372
epoch 198/200 loss 0.0011 train 1.0000 test 0.9375
epoch 199/200 loss 0.0012 train 1.0000 test 0.9318
epoch 200/200 loss 0.0012 train 1.0000 test 0.9362
done: final 0.9362 best 0.9485 -> ./runs/diagtaxlam_path_l01_10pct/seed1
--- diagtaxlam_path_l01_10pct seed2 2026-08-14T21:54:59+02:00
Warning: You are sending unauthenticated requests to the HF Hub. Please set a HF_TOKEN to enable higher rate limits and faster downloads.
moment-aux target calibrated on 1024 images
[diagtaxlam_path_l01_10pct seed2] {"params_trainable": 11175505, "params_stem_trainable": 0, "params_stem_fixed_filters": 0, "flops_total": 2226622976, "flops_stem": 0, "flops_image_size": 64}
epoch 1/200 loss 1.0136 train 0.6798 test 0.8325
epoch 2/200 loss 0.4342 train 0.8633 test 0.8247
epoch 3/200 loss 0.3353 train 0.8943 test 0.8567
epoch 4/200 loss 0.2339 train 0.9305 test 0.8411
epoch 5/200 loss 0.2166 train 0.9356 test 0.8840
epoch 6/200 loss 0.1756 train 0.9469 test 0.8657
epoch 7/200 loss 0.1500 train 0.9584 test 0.9280
epoch 8/200 loss 0.1298 train 0.9673 test 0.8831
epoch 9/200 loss 0.1274 train 0.9646 test 0.8953
epoch 10/200 loss 0.1018 train 0.9741 test 0.8847
epoch 11/200 loss 0.1070 train 0.9732 test 0.8947
epoch 12/200 loss 0.0938 train 0.9766 test 0.9107
epoch 13/200 loss 0.0881 train 0.9779 test 0.9019
epoch 14/200 loss 0.1009 train 0.9737 test 0.7269
epoch 15/200 loss 0.0847 train 0.9792 test 0.7659
epoch 16/200 loss 0.0687 train 0.9837 test 0.9235
epoch 17/200 loss 0.0861 train 0.9800 test 0.8702
epoch 18/200 loss 0.0736 train 0.9833 test 0.9198
epoch 19/200 loss 0.0611 train 0.9859 test 0.8936
epoch 20/200 loss 0.0742 train 0.9814 test 0.8688
epoch 21/200 loss 0.0649 train 0.9840 test 0.9004
epoch 22/200 loss 0.0647 train 0.9845 test 0.7992
epoch 23/200 loss 0.0770 train 0.9811 test 0.9202
epoch 24/200 loss 0.0642 train 0.9847 test 0.9234
epoch 25/200 loss 0.0514 train 0.9894 test 0.9226
epoch 26/200 loss 0.0602 train 0.9866 test 0.9121
epoch 27/200 loss 0.0621 train 0.9847 test 0.8657
epoch 28/200 loss 0.0559 train 0.9879 test 0.6344
epoch 29/200 loss 0.0577 train 0.9854 test 0.9089
epoch 30/200 loss 0.0548 train 0.9857 test 0.8837
epoch 31/200 loss 0.0604 train 0.9858 test 0.9067
epoch 32/200 loss 0.0666 train 0.9831 test 0.8972
epoch 33/200 loss 0.0595 train 0.9858 test 0.9162
epoch 34/200 loss 0.0549 train 0.9872 test 0.8815
epoch 35/200 loss 0.0484 train 0.9895 test 0.8943
epoch 36/200 loss 0.0455 train 0.9908 test 0.8947
epoch 37/200 loss 0.0684 train 0.9833 test 0.8928
epoch 38/200 loss 0.0486 train 0.9886 test 0.9075
epoch 39/200 loss 0.0621 train 0.9839 test 0.8965
epoch 40/200 loss 0.0691 train 0.9814 test 0.8103
epoch 41/200 loss 0.0619 train 0.9866 test 0.8864
epoch 42/200 loss 0.0680 train 0.9825 test 0.8436
epoch 43/200 loss 0.0717 train 0.9829 test 0.9180
epoch 44/200 loss 0.0617 train 0.9839 test 0.9024
epoch 45/200 loss 0.0622 train 0.9833 test 0.8730
epoch 46/200 loss 0.0487 train 0.9885 test 0.9032
epoch 47/200 loss 0.0627 train 0.9847 test 0.8185
epoch 48/200 loss 0.0602 train 0.9840 test 0.8993
epoch 49/200 loss 0.0528 train 0.9883 test 0.9214
epoch 50/200 loss 0.0575 train 0.9850 test 0.9170
epoch 51/200 loss 0.0621 train 0.9839 test 0.8986
epoch 52/200 loss 0.0592 train 0.9846 test 0.9065
epoch 53/200 loss 0.0388 train 0.9927 test 0.8887
epoch 54/200 loss 0.0388 train 0.9914 test 0.8539
epoch 55/200 loss 0.0521 train 0.9858 test 0.8753
epoch 56/200 loss 0.0871 train 0.9759 test 0.7490
epoch 57/200 loss 0.0684 train 0.9820 test 0.8582
epoch 58/200 loss 0.0756 train 0.9795 test 0.8352
epoch 59/200 loss 0.0462 train 0.9887 test 0.8442
epoch 60/200 loss 0.0609 train 0.9844 test 0.9093
epoch 61/200 loss 0.0584 train 0.9869 test 0.9157
epoch 62/200 loss 0.0649 train 0.9808 test 0.9255
epoch 63/200 loss 0.0623 train 0.9848 test 0.6532
epoch 64/200 loss 0.0485 train 0.9878 test 0.8448
epoch 65/200 loss 0.0711 train 0.9815 test 0.7857
epoch 66/200 loss 0.0622 train 0.9828 test 0.7912
epoch 67/200 loss 0.0658 train 0.9816 test 0.8482
epoch 68/200 loss 0.0528 train 0.9859 test 0.8734
epoch 69/200 loss 0.0445 train 0.9888 test 0.8681
epoch 70/200 loss 0.0624 train 0.9839 test 0.8306
epoch 71/200 loss 0.0583 train 0.9843 test 0.9159
epoch 72/200 loss 0.0478 train 0.9893 test 0.8213
epoch 73/200 loss 0.0461 train 0.9895 test 0.9216
epoch 74/200 loss 0.0486 train 0.9875 test 0.8709
epoch 75/200 loss 0.0568 train 0.9840 test 0.8086
epoch 76/200 loss 0.0533 train 0.9859 test 0.8901
epoch 77/200 loss 0.0372 train 0.9915 test 0.8928
epoch 78/200 loss 0.0430 train 0.9897 test 0.9021
epoch 79/200 loss 0.0423 train 0.9890 test 0.9015
epoch 80/200 loss 0.0551 train 0.9866 test 0.8836
epoch 81/200 loss 0.0592 train 0.9847 test 0.8461
epoch 82/200 loss 0.0614 train 0.9834 test 0.8972
epoch 83/200 loss 0.0591 train 0.9848 test 0.8641
epoch 84/200 loss 0.0447 train 0.9904 test 0.9153
epoch 85/200 loss 0.0493 train 0.9879 test 0.7687
epoch 86/200 loss 0.0457 train 0.9876 test 0.9164
epoch 87/200 loss 0.0369 train 0.9914 test 0.8227
epoch 88/200 loss 0.0508 train 0.9872 test 0.6971
epoch 89/200 loss 0.0557 train 0.9858 test 0.8641
epoch 90/200 loss 0.0619 train 0.9828 test 0.8843
epoch 91/200 loss 0.0481 train 0.9876 test 0.8976
epoch 92/200 loss 0.0514 train 0.9865 test 0.7443
epoch 93/200 loss 0.0506 train 0.9854 test 0.7731
epoch 94/200 loss 0.0343 train 0.9923 test 0.8659
epoch 95/200 loss 0.0363 train 0.9915 test 0.7868
epoch 96/200 loss 0.0410 train 0.9896 test 0.8373
epoch 97/200 loss 0.0516 train 0.9855 test 0.8833
epoch 98/200 loss 0.0624 train 0.9824 test 0.7227
epoch 99/200 loss 0.0383 train 0.9913 test 0.8152
epoch 100/200 loss 0.0202 train 0.9968 test 0.9085
epoch 101/200 loss 0.0222 train 0.9955 test 0.9327
epoch 102/200 loss 0.0270 train 0.9930 test 0.7699
epoch 103/200 loss 0.0279 train 0.9942 test 0.9312
epoch 104/200 loss 0.0285 train 0.9942 test 0.8986
epoch 105/200 loss 0.0286 train 0.9931 test 0.9196
epoch 106/200 loss 0.0334 train 0.9905 test 0.9035
epoch 107/200 loss 0.0332 train 0.9916 test 0.8370
epoch 108/200 loss 0.0217 train 0.9964 test 0.8975
epoch 109/200 loss 0.0225 train 0.9951 test 0.9173
epoch 110/200 loss 0.0318 train 0.9920 test 0.9430
epoch 111/200 loss 0.0403 train 0.9898 test 0.9213
epoch 112/200 loss 0.0414 train 0.9898 test 0.9040
epoch 113/200 loss 0.0274 train 0.9936 test 0.8943
epoch 114/200 loss 0.0397 train 0.9902 test 0.8526
epoch 115/200 loss 0.0336 train 0.9911 test 0.9276
epoch 116/200 loss 0.0226 train 0.9946 test 0.8720
epoch 117/200 loss 0.0248 train 0.9950 test 0.8259
epoch 118/200 loss 0.0262 train 0.9936 test 0.9242
epoch 119/200 loss 0.0224 train 0.9954 test 0.9102
epoch 120/200 loss 0.0190 train 0.9964 test 0.9294
epoch 121/200 loss 0.0140 train 0.9975 test 0.9212
epoch 122/200 loss 0.0165 train 0.9967 test 0.9159
epoch 123/200 loss 0.0119 train 0.9979 test 0.9057
epoch 124/200 loss 0.0150 train 0.9971 test 0.9329
epoch 125/200 loss 0.0091 train 0.9994 test 0.9380
epoch 126/200 loss 0.0093 train 0.9984 test 0.8783
epoch 127/200 loss 0.0117 train 0.9981 test 0.9260
epoch 128/200 loss 0.0101 train 0.9991 test 0.9013
epoch 129/200 loss 0.0074 train 0.9993 test 0.9503
epoch 130/200 loss 0.0059 train 0.9997 test 0.9439
epoch 131/200 loss 0.0049 train 1.0000 test 0.9354
epoch 132/200 loss 0.0048 train 0.9999 test 0.9444
epoch 133/200 loss 0.0049 train 0.9999 test 0.9304
epoch 134/200 loss 0.0043 train 0.9999 test 0.9396
epoch 135/200 loss 0.0045 train 0.9999 test 0.8957
epoch 136/200 loss 0.0048 train 0.9997 test 0.9237
epoch 137/200 loss 0.0047 train 0.9998 test 0.8252
epoch 138/200 loss 0.0057 train 0.9994 test 0.9389
epoch 139/200 loss 0.0040 train 1.0000 test 0.9334
epoch 140/200 loss 0.0036 train 1.0000 test 0.9361
epoch 141/200 loss 0.0040 train 0.9997 test 0.9364
epoch 142/200 loss 0.0036 train 1.0000 test 0.9426
epoch 143/200 loss 0.0033 train 1.0000 test 0.9365
epoch 144/200 loss 0.0032 train 1.0000 test 0.9359
epoch 145/200 loss 0.0034 train 0.9999 test 0.9078
epoch 146/200 loss 0.0036 train 0.9999 test 0.9344
epoch 147/200 loss 0.0030 train 1.0000 test 0.9274
epoch 148/200 loss 0.0034 train 0.9999 test 0.9111
epoch 149/200 loss 0.0032 train 0.9999 test 0.9429
epoch 150/200 loss 0.0032 train 0.9999 test 0.9364
epoch 151/200 loss 0.0029 train 0.9999 test 0.9454
epoch 152/200 loss 0.0027 train 1.0000 test 0.9471
epoch 153/200 loss 0.0030 train 0.9999 test 0.9468
epoch 154/200 loss 0.0028 train 1.0000 test 0.9481
epoch 155/200 loss 0.0028 train 1.0000 test 0.9517
epoch 156/200 loss 0.0026 train 1.0000 test 0.9422
epoch 157/200 loss 0.0027 train 0.9999 test 0.9490
epoch 158/200 loss 0.0026 train 1.0000 test 0.9433
epoch 159/200 loss 0.0032 train 0.9998 test 0.9446
epoch 160/200 loss 0.0027 train 0.9999 test 0.9487
epoch 161/200 loss 0.0026 train 1.0000 test 0.9496
epoch 162/200 loss 0.0023 train 1.0000 test 0.9386
epoch 163/200 loss 0.0023 train 1.0000 test 0.9508
epoch 164/200 loss 0.0022 train 1.0000 test 0.9276
epoch 165/200 loss 0.0024 train 1.0000 test 0.9375
epoch 166/200 loss 0.0020 train 1.0000 test 0.9397
epoch 167/200 loss 0.0019 train 1.0000 test 0.9394
epoch 168/200 loss 0.0019 train 1.0000 test 0.9487
epoch 169/200 loss 0.0020 train 1.0000 test 0.9435
epoch 170/200 loss 0.0019 train 1.0000 test 0.9515
epoch 171/200 loss 0.0018 train 1.0000 test 0.9411
epoch 172/200 loss 0.0018 train 1.0000 test 0.9435
epoch 173/200 loss 0.0020 train 1.0000 test 0.9437
epoch 174/200 loss 0.0018 train 1.0000 test 0.9443
epoch 175/200 loss 0.0017 train 1.0000 test 0.9472
epoch 176/200 loss 0.0017 train 1.0000 test 0.9389
epoch 177/200 loss 0.0015 train 1.0000 test 0.9436
epoch 178/200 loss 0.0016 train 1.0000 test 0.9465
epoch 179/200 loss 0.0015 train 1.0000 test 0.9421
epoch 180/200 loss 0.0016 train 0.9999 test 0.9439
epoch 181/200 loss 0.0016 train 1.0000 test 0.9416
epoch 182/200 loss 0.0015 train 1.0000 test 0.9442
epoch 183/200 loss 0.0016 train 1.0000 test 0.9429
epoch 184/200 loss 0.0015 train 1.0000 test 0.9390
epoch 185/200 loss 0.0015 train 1.0000 test 0.9421
epoch 186/200 loss 0.0015 train 1.0000 test 0.9442
epoch 187/200 loss 0.0014 train 1.0000 test 0.9457
epoch 188/200 loss 0.0014 train 1.0000 test 0.9442
epoch 189/200 loss 0.0014 train 1.0000 test 0.9419
epoch 190/200 loss 0.0013 train 1.0000 test 0.9435
epoch 191/200 loss 0.0012 train 1.0000 test 0.9465
epoch 192/200 loss 0.0014 train 1.0000 test 0.9462
epoch 193/200 loss 0.0013 train 1.0000 test 0.9418
epoch 194/200 loss 0.0013 train 1.0000 test 0.9451
epoch 195/200 loss 0.0013 train 1.0000 test 0.9471
epoch 196/200 loss 0.0012 train 1.0000 test 0.9425
epoch 197/200 loss 0.0012 train 1.0000 test 0.9422
epoch 198/200 loss 0.0012 train 1.0000 test 0.9451
epoch 199/200 loss 0.0014 train 1.0000 test 0.9482
epoch 200/200 loss 0.0013 train 1.0000 test 0.9418
done: final 0.9418 best 0.9517 -> ./runs/diagtaxlam_path_l01_10pct/seed2
--- diagtaxlam_path_l03_10pct seed0 2026-08-14T22:57:49+02:00
Warning: You are sending unauthenticated requests to the HF Hub. Please set a HF_TOKEN to enable higher rate limits and faster downloads.
moment-aux target calibrated on 1024 images
[diagtaxlam_path_l03_10pct seed0] {"params_trainable": 11175505, "params_stem_trainable": 0, "params_stem_fixed_filters": 0, "flops_total": 2226622976, "flops_stem": 0, "flops_image_size": 64}
epoch 1/200 loss 1.3646 train 0.6747 test 0.6891
epoch 2/200 loss 0.4743 train 0.8677 test 0.8400
epoch 3/200 loss 0.3473 train 0.9079 test 0.8669
epoch 4/200 loss 0.2836 train 0.9278 test 0.8794
epoch 5/200 loss 0.2480 train 0.9401 test 0.9015
epoch 6/200 loss 0.2089 train 0.9507 test 0.8447
epoch 7/200 loss 0.1874 train 0.9574 test 0.7318
epoch 8/200 loss 0.1766 train 0.9580 test 0.9026
epoch 9/200 loss 0.1450 train 0.9689 test 0.8955
epoch 10/200 loss 0.1333 train 0.9702 test 0.9111
epoch 11/200 loss 0.1242 train 0.9734 test 0.8943
epoch 12/200 loss 0.1239 train 0.9740 test 0.9011
epoch 13/200 loss 0.1184 train 0.9744 test 0.9175
epoch 14/200 loss 0.1046 train 0.9779 test 0.8922
epoch 15/200 loss 0.1087 train 0.9739 test 0.9117
epoch 16/200 loss 0.1067 train 0.9765 test 0.9018
epoch 17/200 loss 0.0959 train 0.9817 test 0.9081
epoch 18/200 loss 0.0986 train 0.9790 test 0.8818
epoch 19/200 loss 0.0937 train 0.9799 test 0.9301
epoch 20/200 loss 0.0749 train 0.9877 test 0.9116
epoch 21/200 loss 0.0827 train 0.9844 test 0.9173
epoch 22/200 loss 0.0935 train 0.9806 test 0.8008
epoch 23/200 loss 0.0881 train 0.9820 test 0.8677
epoch 24/200 loss 0.0770 train 0.9868 test 0.9276
epoch 25/200 loss 0.0831 train 0.9834 test 0.8858
epoch 26/200 loss 0.0884 train 0.9811 test 0.9058
epoch 27/200 loss 0.0759 train 0.9852 test 0.9187
epoch 28/200 loss 0.0708 train 0.9882 test 0.9182
epoch 29/200 loss 0.0779 train 0.9845 test 0.9174
epoch 30/200 loss 0.0694 train 0.9867 test 0.8684
epoch 31/200 loss 0.0629 train 0.9872 test 0.8773
epoch 32/200 loss 0.0702 train 0.9857 test 0.8567
epoch 33/200 loss 0.0714 train 0.9855 test 0.8525
epoch 34/200 loss 0.0803 train 0.9831 test 0.7982
epoch 35/200 loss 0.0645 train 0.9874 test 0.8969
epoch 36/200 loss 0.0555 train 0.9905 test 0.9202
epoch 37/200 loss 0.0592 train 0.9885 test 0.8630
epoch 38/200 loss 0.0609 train 0.9885 test 0.9199
epoch 39/200 loss 0.0586 train 0.9902 test 0.7226
epoch 40/200 loss 0.0779 train 0.9824 test 0.8687
epoch 41/200 loss 0.0943 train 0.9786 test 0.8494
epoch 42/200 loss 0.0853 train 0.9799 test 0.7708
epoch 43/200 loss 0.0776 train 0.9837 test 0.9192
epoch 44/200 loss 0.0687 train 0.9853 test 0.8175
epoch 45/200 loss 0.0674 train 0.9838 test 0.8752
epoch 46/200 loss 0.0661 train 0.9857 test 0.9111
epoch 47/200 loss 0.0739 train 0.9837 test 0.8039
epoch 48/200 loss 0.0580 train 0.9896 test 0.8655
epoch 49/200 loss 0.0558 train 0.9892 test 0.8962
epoch 50/200 loss 0.0598 train 0.9875 test 0.8326
epoch 51/200 loss 0.0751 train 0.9827 test 0.8841
epoch 52/200 loss 0.0642 train 0.9858 test 0.8266
epoch 53/200 loss 0.0894 train 0.9767 test 0.8345
epoch 54/200 loss 0.0879 train 0.9767 test 0.9249
epoch 55/200 loss 0.0631 train 0.9860 test 0.8937
epoch 56/200 loss 0.0604 train 0.9882 test 0.9013
epoch 57/200 loss 0.0612 train 0.9863 test 0.7653
epoch 58/200 loss 0.0906 train 0.9763 test 0.8492
epoch 59/200 loss 0.0790 train 0.9820 test 0.9104
epoch 60/200 loss 0.0564 train 0.9878 test 0.8604
epoch 61/200 loss 0.0639 train 0.9850 test 0.8950
epoch 62/200 loss 0.0662 train 0.9858 test 0.8947
epoch 63/200 loss 0.0506 train 0.9901 test 0.9234
epoch 64/200 loss 0.0554 train 0.9867 test 0.9214
epoch 65/200 loss 0.0679 train 0.9837 test 0.9145
epoch 66/200 loss 0.0837 train 0.9778 test 0.9419
epoch 67/200 loss 0.0654 train 0.9840 test 0.8585
epoch 68/200 loss 0.0472 train 0.9898 test 0.8986
epoch 69/200 loss 0.0555 train 0.9868 test 0.7315
epoch 70/200 loss 0.0780 train 0.9786 test 0.7046
epoch 71/200 loss 0.0720 train 0.9827 test 0.8276
epoch 72/200 loss 0.0606 train 0.9869 test 0.9046
epoch 73/200 loss 0.0526 train 0.9883 test 0.7642
epoch 74/200 loss 0.0499 train 0.9879 test 0.8543
epoch 75/200 loss 0.0661 train 0.9835 test 0.8309
epoch 76/200 loss 0.0554 train 0.9862 test 0.9103
epoch 77/200 loss 0.0791 train 0.9811 test 0.9028
epoch 78/200 loss 0.0565 train 0.9865 test 0.8748
epoch 79/200 loss 0.0559 train 0.9849 test 0.7928
epoch 80/200 loss 0.0632 train 0.9842 test 0.8114
epoch 81/200 loss 0.0754 train 0.9809 test 0.6887
epoch 82/200 loss 0.0512 train 0.9890 test 0.8843
epoch 83/200 loss 0.0471 train 0.9893 test 0.8872
epoch 84/200 loss 0.0640 train 0.9834 test 0.8482
epoch 85/200 loss 0.0521 train 0.9887 test 0.9091
epoch 86/200 loss 0.0429 train 0.9900 test 0.8507
epoch 87/200 loss 0.0593 train 0.9855 test 0.7604
epoch 88/200 loss 0.0375 train 0.9917 test 0.8526
epoch 89/200 loss 0.0617 train 0.9845 test 0.8578
epoch 90/200 loss 0.0565 train 0.9860 test 0.8862
epoch 91/200 loss 0.0306 train 0.9943 test 0.9414
epoch 92/200 loss 0.0312 train 0.9933 test 0.7868
epoch 93/200 loss 0.0400 train 0.9901 test 0.9138
epoch 94/200 loss 0.0297 train 0.9951 test 0.9286
epoch 95/200 loss 0.0424 train 0.9898 test 0.8667
epoch 96/200 loss 0.0534 train 0.9872 test 0.7539
epoch 97/200 loss 0.0476 train 0.9885 test 0.9276
epoch 98/200 loss 0.0358 train 0.9925 test 0.9114
epoch 99/200 loss 0.0328 train 0.9927 test 0.8786
epoch 100/200 loss 0.0434 train 0.9898 test 0.8206
epoch 101/200 loss 0.0378 train 0.9908 test 0.9017
epoch 102/200 loss 0.0233 train 0.9965 test 0.9351
epoch 103/200 loss 0.0298 train 0.9941 test 0.9280
epoch 104/200 loss 0.0314 train 0.9936 test 0.8943
epoch 105/200 loss 0.0375 train 0.9913 test 0.9114
epoch 106/200 loss 0.0392 train 0.9911 test 0.8552
epoch 107/200 loss 0.0283 train 0.9943 test 0.9136
epoch 108/200 loss 0.0383 train 0.9908 test 0.8886
epoch 109/200 loss 0.0296 train 0.9936 test 0.9014
epoch 110/200 loss 0.0357 train 0.9913 test 0.8882
epoch 111/200 loss 0.0288 train 0.9948 test 0.8893
epoch 112/200 loss 0.0218 train 0.9956 test 0.9281
epoch 113/200 loss 0.0198 train 0.9960 test 0.8599
epoch 114/200 loss 0.0214 train 0.9950 test 0.8982
epoch 115/200 loss 0.0218 train 0.9953 test 0.8723
epoch 116/200 loss 0.0171 train 0.9973 test 0.8478
epoch 117/200 loss 0.0271 train 0.9943 test 0.8747
epoch 118/200 loss 0.0152 train 0.9979 test 0.8940
epoch 119/200 loss 0.0116 train 0.9984 test 0.9252
epoch 120/200 loss 0.0245 train 0.9945 test 0.9219
epoch 121/200 loss 0.0333 train 0.9907 test 0.9290
epoch 122/200 loss 0.0279 train 0.9936 test 0.8883
epoch 123/200 loss 0.0147 train 0.9980 test 0.9262
epoch 124/200 loss 0.0092 train 0.9992 test 0.8891
epoch 125/200 loss 0.0075 train 0.9997 test 0.9331
epoch 126/200 loss 0.0068 train 0.9996 test 0.9372
epoch 127/200 loss 0.0098 train 0.9991 test 0.9393
epoch 128/200 loss 0.0058 train 1.0000 test 0.9369
epoch 129/200 loss 0.0070 train 0.9993 test 0.9280
epoch 130/200 loss 0.0086 train 0.9994 test 0.9263
epoch 131/200 loss 0.0057 train 0.9999 test 0.9382
epoch 132/200 loss 0.0048 train 1.0000 test 0.9325
epoch 133/200 loss 0.0053 train 1.0000 test 0.9422
epoch 134/200 loss 0.0077 train 0.9989 test 0.9294
epoch 135/200 loss 0.0104 train 0.9990 test 0.9240
epoch 136/200 loss 0.0055 train 0.9998 test 0.9365
epoch 137/200 loss 0.0053 train 0.9998 test 0.9425
epoch 138/200 loss 0.0044 train 0.9999 test 0.9302
epoch 139/200 loss 0.0044 train 0.9998 test 0.9405
epoch 140/200 loss 0.0040 train 1.0000 test 0.9323
epoch 141/200 loss 0.0037 train 1.0000 test 0.9304
epoch 142/200 loss 0.0035 train 1.0000 test 0.9405
epoch 143/200 loss 0.0037 train 0.9999 test 0.9131
epoch 144/200 loss 0.0050 train 0.9998 test 0.9306
epoch 145/200 loss 0.0040 train 1.0000 test 0.9382
epoch 146/200 loss 0.0034 train 1.0000 test 0.9331
epoch 147/200 loss 0.0032 train 1.0000 test 0.9409
epoch 148/200 loss 0.0032 train 1.0000 test 0.9309
epoch 149/200 loss 0.0030 train 1.0000 test 0.9389
epoch 150/200 loss 0.0030 train 1.0000 test 0.9343
epoch 151/200 loss 0.0031 train 1.0000 test 0.9375
epoch 152/200 loss 0.0029 train 1.0000 test 0.9408
epoch 153/200 loss 0.0027 train 1.0000 test 0.9391
epoch 154/200 loss 0.0029 train 1.0000 test 0.9340
epoch 155/200 loss 0.0035 train 0.9997 test 0.9287
epoch 156/200 loss 0.0039 train 0.9997 test 0.9451
epoch 157/200 loss 0.0029 train 1.0000 test 0.9379
epoch 158/200 loss 0.0029 train 0.9998 test 0.9283
epoch 159/200 loss 0.0035 train 0.9998 test 0.9252
epoch 160/200 loss 0.0029 train 0.9999 test 0.9386
epoch 161/200 loss 0.0025 train 1.0000 test 0.9334
epoch 162/200 loss 0.0025 train 1.0000 test 0.9404
epoch 163/200 loss 0.0023 train 1.0000 test 0.9365
epoch 164/200 loss 0.0028 train 0.9999 test 0.9329
epoch 165/200 loss 0.0023 train 1.0000 test 0.9327
epoch 166/200 loss 0.0022 train 1.0000 test 0.9348
epoch 167/200 loss 0.0023 train 1.0000 test 0.9259
epoch 168/200 loss 0.0022 train 0.9999 test 0.9398
epoch 169/200 loss 0.0021 train 1.0000 test 0.9364
epoch 170/200 loss 0.0020 train 1.0000 test 0.9369
epoch 171/200 loss 0.0018 train 1.0000 test 0.9372
epoch 172/200 loss 0.0018 train 1.0000 test 0.9372
epoch 173/200 loss 0.0018 train 1.0000 test 0.9361
epoch 174/200 loss 0.0018 train 1.0000 test 0.9354
epoch 175/200 loss 0.0018 train 1.0000 test 0.9393
epoch 176/200 loss 0.0017 train 1.0000 test 0.9312
epoch 177/200 loss 0.0017 train 0.9999 test 0.9313
epoch 178/200 loss 0.0017 train 1.0000 test 0.9350
epoch 179/200 loss 0.0017 train 1.0000 test 0.9315
epoch 180/200 loss 0.0018 train 1.0000 test 0.9331
epoch 181/200 loss 0.0014 train 1.0000 test 0.9327
epoch 182/200 loss 0.0016 train 1.0000 test 0.9301
epoch 183/200 loss 0.0014 train 1.0000 test 0.9315
epoch 184/200 loss 0.0016 train 1.0000 test 0.9387
epoch 185/200 loss 0.0015 train 0.9999 test 0.9350
epoch 186/200 loss 0.0014 train 1.0000 test 0.9329
epoch 187/200 loss 0.0015 train 1.0000 test 0.9350
epoch 188/200 loss 0.0014 train 1.0000 test 0.9375
epoch 189/200 loss 0.0013 train 1.0000 test 0.9340
epoch 190/200 loss 0.0015 train 1.0000 test 0.9340
epoch 191/200 loss 0.0014 train 1.0000 test 0.9320
epoch 192/200 loss 0.0015 train 1.0000 test 0.9366
epoch 193/200 loss 0.0016 train 1.0000 test 0.9325
epoch 194/200 loss 0.0013 train 1.0000 test 0.9315
epoch 195/200 loss 0.0014 train 1.0000 test 0.9337
epoch 196/200 loss 0.0013 train 1.0000 test 0.9350
epoch 197/200 loss 0.0014 train 1.0000 test 0.9333
epoch 198/200 loss 0.0012 train 1.0000 test 0.9355
epoch 199/200 loss 0.0014 train 1.0000 test 0.9333
epoch 200/200 loss 0.0013 train 1.0000 test 0.9347
done: final 0.9347 best 0.9451 -> ./runs/diagtaxlam_path_l03_10pct/seed0
--- diagtaxlam_path_l03_10pct seed1 2026-08-15T00:00:22+02:00
Warning: You are sending unauthenticated requests to the HF Hub. Please set a HF_TOKEN to enable higher rate limits and faster downloads.
moment-aux target calibrated on 1024 images
[diagtaxlam_path_l03_10pct seed1] {"params_trainable": 11175505, "params_stem_trainable": 0, "params_stem_fixed_filters": 0, "flops_total": 2226622976, "flops_stem": 0, "flops_image_size": 64}
epoch 1/200 loss 1.4320 train 0.6758 test 0.7664
epoch 2/200 loss 0.4918 train 0.8623 test 0.8914
epoch 3/200 loss 0.3529 train 0.9064 test 0.7883
epoch 4/200 loss 0.3015 train 0.9195 test 0.8642
epoch 5/200 loss 0.2654 train 0.9383 test 0.8057
epoch 6/200 loss 0.2368 train 0.9410 test 0.8649
epoch 7/200 loss 0.2108 train 0.9503 test 0.8969
epoch 8/200 loss 0.2090 train 0.9487 test 0.8493
epoch 9/200 loss 0.1801 train 0.9578 test 0.8792
epoch 10/200 loss 0.1490 train 0.9666 test 0.8843
epoch 11/200 loss 0.1394 train 0.9696 test 0.8926
epoch 12/200 loss 0.1270 train 0.9729 test 0.8858
epoch 13/200 loss 0.1334 train 0.9695 test 0.9033
epoch 14/200 loss 0.1156 train 0.9757 test 0.8826
epoch 15/200 loss 0.1022 train 0.9785 test 0.9032
epoch 16/200 loss 0.1020 train 0.9789 test 0.9036
epoch 17/200 loss 0.1043 train 0.9785 test 0.9150
epoch 18/200 loss 0.0797 train 0.9867 test 0.9212
epoch 19/200 loss 0.0901 train 0.9819 test 0.8819
epoch 20/200 loss 0.0893 train 0.9835 test 0.8954
epoch 21/200 loss 0.0842 train 0.9859 test 0.8858
epoch 22/200 loss 0.0836 train 0.9830 test 0.8944
epoch 23/200 loss 0.0902 train 0.9811 test 0.8630
epoch 24/200 loss 0.0929 train 0.9795 test 0.9248
epoch 25/200 loss 0.0891 train 0.9800 test 0.8898
epoch 26/200 loss 0.0863 train 0.9824 test 0.9428
epoch 27/200 loss 0.0716 train 0.9878 test 0.9085
epoch 28/200 loss 0.0724 train 0.9852 test 0.8854
epoch 29/200 loss 0.0654 train 0.9886 test 0.9244
epoch 30/200 loss 0.0710 train 0.9862 test 0.8565
epoch 31/200 loss 0.0712 train 0.9869 test 0.8567
epoch 32/200 loss 0.0628 train 0.9900 test 0.8816
epoch 33/200 loss 0.0985 train 0.9772 test 0.8946
epoch 34/200 loss 0.0920 train 0.9783 test 0.9043
epoch 35/200 loss 0.0799 train 0.9823 test 0.8710
epoch 36/200 loss 0.0719 train 0.9845 test 0.9298
epoch 37/200 loss 0.0778 train 0.9831 test 0.8894
epoch 38/200 loss 0.0660 train 0.9871 test 0.9210
epoch 39/200 loss 0.0600 train 0.9890 test 0.9138
epoch 40/200 loss 0.0667 train 0.9863 test 0.8795
epoch 41/200 loss 0.0557 train 0.9884 test 0.9031
epoch 42/200 loss 0.0775 train 0.9831 test 0.8898
epoch 43/200 loss 0.0768 train 0.9820 test 0.9199
epoch 44/200 loss 0.0725 train 0.9840 test 0.8631
epoch 45/200 loss 0.0611 train 0.9879 test 0.8883
epoch 46/200 loss 0.0779 train 0.9825 test 0.9093
epoch 47/200 loss 0.0875 train 0.9796 test 0.8961
epoch 48/200 loss 0.0755 train 0.9826 test 0.7826
epoch 49/200 loss 0.0673 train 0.9848 test 0.8617
epoch 50/200 loss 0.0803 train 0.9798 test 0.8510
epoch 51/200 loss 0.0838 train 0.9804 test 0.7359
epoch 52/200 loss 0.0559 train 0.9883 test 0.8057
epoch 53/200 loss 0.0678 train 0.9846 test 0.9103
epoch 54/200 loss 0.0752 train 0.9829 test 0.7447
epoch 55/200 loss 0.0589 train 0.9888 test 0.9084
epoch 56/200 loss 0.0557 train 0.9886 test 0.8368
epoch 57/200 loss 0.0765 train 0.9817 test 0.8258
epoch 58/200 loss 0.0801 train 0.9815 test 0.9308
epoch 59/200 loss 0.0583 train 0.9875 test 0.8128
epoch 60/200 loss 0.0445 train 0.9920 test 0.8343
epoch 61/200 loss 0.0713 train 0.9820 test 0.8820
epoch 62/200 loss 0.0994 train 0.9748 test 0.8474
epoch 63/200 loss 0.0857 train 0.9796 test 0.8474
epoch 64/200 loss 0.0656 train 0.9854 test 0.9141
epoch 65/200 loss 0.0501 train 0.9894 test 0.8864
epoch 66/200 loss 0.0560 train 0.9873 test 0.8921
epoch 67/200 loss 0.0880 train 0.9782 test 0.7717
epoch 68/200 loss 0.0644 train 0.9864 test 0.9088
epoch 69/200 loss 0.0478 train 0.9902 test 0.8880
epoch 70/200 loss 0.0576 train 0.9864 test 0.8983
epoch 71/200 loss 0.0706 train 0.9817 test 0.7887
epoch 72/200 loss 0.0580 train 0.9871 test 0.9201
epoch 73/200 loss 0.0658 train 0.9827 test 0.9057
epoch 74/200 loss 0.0609 train 0.9858 test 0.8982
epoch 75/200 loss 0.0483 train 0.9895 test 0.8698
epoch 76/200 loss 0.0598 train 0.9848 test 0.8646
epoch 77/200 loss 0.0545 train 0.9872 test 0.8822
epoch 78/200 loss 0.0588 train 0.9854 test 0.8613
epoch 79/200 loss 0.0638 train 0.9836 test 0.8972
epoch 80/200 loss 0.0590 train 0.9855 test 0.8248
epoch 81/200 loss 0.0725 train 0.9821 test 0.8692
epoch 82/200 loss 0.0483 train 0.9901 test 0.9323
epoch 83/200 loss 0.0443 train 0.9900 test 0.8514
epoch 84/200 loss 0.0605 train 0.9846 test 0.8272
epoch 85/200 loss 0.0559 train 0.9875 test 0.9114
epoch 86/200 loss 0.0580 train 0.9855 test 0.7631
epoch 87/200 loss 0.0481 train 0.9895 test 0.9047
epoch 88/200 loss 0.0558 train 0.9854 test 0.5847
epoch 89/200 loss 0.0649 train 0.9842 test 0.8128
epoch 90/200 loss 0.0470 train 0.9904 test 0.9078
epoch 91/200 loss 0.0327 train 0.9937 test 0.8958
epoch 92/200 loss 0.0560 train 0.9867 test 0.9248
epoch 93/200 loss 0.0422 train 0.9912 test 0.8844
epoch 94/200 loss 0.0600 train 0.9849 test 0.9382
epoch 95/200 loss 0.0494 train 0.9894 test 0.9042
epoch 96/200 loss 0.0435 train 0.9887 test 0.8955
epoch 97/200 loss 0.0606 train 0.9844 test 0.9188
epoch 98/200 loss 0.0580 train 0.9846 test 0.8756
epoch 99/200 loss 0.0461 train 0.9885 test 0.8670
epoch 100/200 loss 0.0283 train 0.9948 test 0.8809
epoch 101/200 loss 0.0203 train 0.9971 test 0.8040
epoch 102/200 loss 0.0263 train 0.9953 test 0.7319
epoch 103/200 loss 0.0297 train 0.9933 test 0.9148
epoch 104/200 loss 0.0245 train 0.9960 test 0.9092
epoch 105/200 loss 0.0268 train 0.9948 test 0.9146
epoch 106/200 loss 0.0202 train 0.9972 test 0.9383
epoch 107/200 loss 0.0227 train 0.9960 test 0.8579
epoch 108/200 loss 0.0314 train 0.9943 test 0.8703
epoch 109/200 loss 0.0413 train 0.9894 test 0.9025
epoch 110/200 loss 0.0338 train 0.9920 test 0.8829
epoch 111/200 loss 0.0265 train 0.9945 test 0.8858
epoch 112/200 loss 0.0363 train 0.9922 test 0.9233
epoch 113/200 loss 0.0221 train 0.9960 test 0.9390
epoch 114/200 loss 0.0150 train 0.9983 test 0.9043
epoch 115/200 loss 0.0244 train 0.9952 test 0.9100
epoch 116/200 loss 0.0270 train 0.9952 test 0.9007
epoch 117/200 loss 0.0305 train 0.9934 test 0.8432
epoch 118/200 loss 0.0253 train 0.9950 test 0.9372
epoch 119/200 loss 0.0356 train 0.9905 test 0.9155
epoch 120/200 loss 0.0328 train 0.9920 test 0.9142
epoch 121/200 loss 0.0279 train 0.9936 test 0.9352
epoch 122/200 loss 0.0185 train 0.9971 test 0.9169
epoch 123/200 loss 0.0165 train 0.9973 test 0.8922
epoch 124/200 loss 0.0107 train 0.9993 test 0.9340
epoch 125/200 loss 0.0144 train 0.9972 test 0.9177
epoch 126/200 loss 0.0081 train 0.9998 test 0.9369
epoch 127/200 loss 0.0083 train 0.9992 test 0.9401
epoch 128/200 loss 0.0117 train 0.9987 test 0.9368
epoch 129/200 loss 0.0086 train 0.9991 test 0.9309
epoch 130/200 loss 0.0157 train 0.9972 test 0.8194
epoch 131/200 loss 0.0114 train 0.9982 test 0.9223
epoch 132/200 loss 0.0090 train 0.9992 test 0.9444
epoch 133/200 loss 0.0059 train 1.0000 test 0.9421
epoch 134/200 loss 0.0052 train 0.9999 test 0.9453
epoch 135/200 loss 0.0051 train 1.0000 test 0.9433
epoch 136/200 loss 0.0047 train 1.0000 test 0.9415
epoch 137/200 loss 0.0044 train 1.0000 test 0.9347
epoch 138/200 loss 0.0046 train 0.9999 test 0.9362
epoch 139/200 loss 0.0051 train 0.9998 test 0.8361
epoch 140/200 loss 0.0046 train 0.9998 test 0.9370
epoch 141/200 loss 0.0068 train 0.9989 test 0.9279
epoch 142/200 loss 0.0060 train 0.9996 test 0.9376
epoch 143/200 loss 0.0043 train 0.9999 test 0.9407
epoch 144/200 loss 0.0044 train 0.9997 test 0.9408
epoch 145/200 loss 0.0064 train 0.9991 test 0.9344
epoch 146/200 loss 0.0053 train 0.9997 test 0.9408
epoch 147/200 loss 0.0040 train 0.9999 test 0.9355
epoch 148/200 loss 0.0037 train 1.0000 test 0.9380
epoch 149/200 loss 0.0037 train 0.9999 test 0.9453
epoch 150/200 loss 0.0035 train 0.9999 test 0.9394
epoch 151/200 loss 0.0037 train 0.9999 test 0.9426
epoch 152/200 loss 0.0032 train 1.0000 test 0.9407
epoch 153/200 loss 0.0032 train 1.0000 test 0.9336
epoch 154/200 loss 0.0030 train 1.0000 test 0.9389
epoch 155/200 loss 0.0030 train 1.0000 test 0.9397
epoch 156/200 loss 0.0029 train 1.0000 test 0.9322
epoch 157/200 loss 0.0028 train 1.0000 test 0.9422
epoch 158/200 loss 0.0034 train 0.9996 test 0.9421
epoch 159/200 loss 0.0028 train 1.0000 test 0.9439
epoch 160/200 loss 0.0028 train 1.0000 test 0.9437
epoch 161/200 loss 0.0026 train 1.0000 test 0.9391
epoch 162/200 loss 0.0025 train 0.9999 test 0.9361
epoch 163/200 loss 0.0023 train 1.0000 test 0.9379
epoch 164/200 loss 0.0022 train 1.0000 test 0.9389
epoch 165/200 loss 0.0023 train 1.0000 test 0.9389
epoch 166/200 loss 0.0024 train 1.0000 test 0.9370
epoch 167/200 loss 0.0023 train 1.0000 test 0.9429
epoch 168/200 loss 0.0020 train 1.0000 test 0.9373
epoch 169/200 loss 0.0020 train 1.0000 test 0.9357
epoch 170/200 loss 0.0020 train 1.0000 test 0.9393
epoch 171/200 loss 0.0021 train 1.0000 test 0.9362
epoch 172/200 loss 0.0019 train 1.0000 test 0.9407
epoch 173/200 loss 0.0018 train 1.0000 test 0.9382
epoch 174/200 loss 0.0020 train 1.0000 test 0.9376
epoch 175/200 loss 0.0018 train 1.0000 test 0.9394
epoch 176/200 loss 0.0017 train 1.0000 test 0.9403
epoch 177/200 loss 0.0018 train 1.0000 test 0.9384
epoch 178/200 loss 0.0019 train 1.0000 test 0.9397
epoch 179/200 loss 0.0016 train 1.0000 test 0.9414
epoch 180/200 loss 0.0016 train 1.0000 test 0.9411
epoch 181/200 loss 0.0015 train 1.0000 test 0.9398
epoch 182/200 loss 0.0015 train 1.0000 test 0.9450
epoch 183/200 loss 0.0015 train 1.0000 test 0.9407
epoch 184/200 loss 0.0015 train 1.0000 test 0.9384
epoch 185/200 loss 0.0015 train 0.9999 test 0.9390
epoch 186/200 loss 0.0018 train 1.0000 test 0.9386
epoch 187/200 loss 0.0014 train 1.0000 test 0.9405
epoch 188/200 loss 0.0014 train 1.0000 test 0.9380
epoch 189/200 loss 0.0013 train 1.0000 test 0.9393
epoch 190/200 loss 0.0013 train 1.0000 test 0.9380
epoch 191/200 loss 0.0013 train 1.0000 test 0.9350
epoch 192/200 loss 0.0014 train 1.0000 test 0.9382
epoch 193/200 loss 0.0013 train 1.0000 test 0.9409
epoch 194/200 loss 0.0013 train 1.0000 test 0.9384
epoch 195/200 loss 0.0013 train 1.0000 test 0.9389
epoch 196/200 loss 0.0013 train 1.0000 test 0.9393
epoch 197/200 loss 0.0012 train 1.0000 test 0.9414
epoch 198/200 loss 0.0011 train 1.0000 test 0.9408
epoch 199/200 loss 0.0012 train 1.0000 test 0.9357
epoch 200/200 loss 0.0012 train 1.0000 test 0.9387
done: final 0.9387 best 0.9453 -> ./runs/diagtaxlam_path_l03_10pct/seed1
--- diagtaxlam_path_l03_10pct seed2 2026-08-15T01:01:54+02:00
Warning: You are sending unauthenticated requests to the HF Hub. Please set a HF_TOKEN to enable higher rate limits and faster downloads.
moment-aux target calibrated on 1024 images
[diagtaxlam_path_l03_10pct seed2] {"params_trainable": 11175505, "params_stem_trainable": 0, "params_stem_fixed_filters": 0, "flops_total": 2226622976, "flops_stem": 0, "flops_image_size": 64}
epoch 1/200 loss 1.4032 train 0.6607 test 0.7134
epoch 2/200 loss 0.4920 train 0.8605 test 0.8804
epoch 3/200 loss 0.3698 train 0.9038 test 0.8823
epoch 4/200 loss 0.2783 train 0.9316 test 0.8855
epoch 5/200 loss 0.2675 train 0.9363 test 0.8486
epoch 6/200 loss 0.2145 train 0.9492 test 0.8649
epoch 7/200 loss 0.1935 train 0.9544 test 0.9228
epoch 8/200 loss 0.1757 train 0.9595 test 0.8741
epoch 9/200 loss 0.1572 train 0.9631 test 0.8809
epoch 10/200 loss 0.1471 train 0.9681 test 0.9255
epoch 11/200 loss 0.1407 train 0.9671 test 0.9188
epoch 12/200 loss 0.1249 train 0.9752 test 0.9121
epoch 13/200 loss 0.1196 train 0.9731 test 0.8709
epoch 14/200 loss 0.1158 train 0.9763 test 0.8440
epoch 15/200 loss 0.1072 train 0.9787 test 0.9155
epoch 16/200 loss 0.0908 train 0.9849 test 0.8816
epoch 17/200 loss 0.1023 train 0.9786 test 0.8992
epoch 18/200 loss 0.0989 train 0.9812 test 0.9092
epoch 19/200 loss 0.0969 train 0.9812 test 0.9068
epoch 20/200 loss 0.0935 train 0.9801 test 0.8780
epoch 21/200 loss 0.0899 train 0.9827 test 0.9116
epoch 22/200 loss 0.0800 train 0.9857 test 0.8986
epoch 23/200 loss 0.0815 train 0.9842 test 0.9148
epoch 24/200 loss 0.0855 train 0.9828 test 0.9024
epoch 25/200 loss 0.0866 train 0.9826 test 0.9373
epoch 26/200 loss 0.0881 train 0.9808 test 0.8950
epoch 27/200 loss 0.0845 train 0.9812 test 0.9155
epoch 28/200 loss 0.0765 train 0.9843 test 0.8975
epoch 29/200 loss 0.0666 train 0.9879 test 0.9244
epoch 30/200 loss 0.0645 train 0.9886 test 0.9287
epoch 31/200 loss 0.0688 train 0.9872 test 0.9049
epoch 32/200 loss 0.0830 train 0.9807 test 0.9327
epoch 33/200 loss 0.0794 train 0.9846 test 0.7939
epoch 34/200 loss 0.0666 train 0.9875 test 0.9160
epoch 35/200 loss 0.0656 train 0.9882 test 0.9361
epoch 36/200 loss 0.0571 train 0.9904 test 0.8822
epoch 37/200 loss 0.0628 train 0.9895 test 0.8340
epoch 38/200 loss 0.0621 train 0.9875 test 0.9182
epoch 39/200 loss 0.0680 train 0.9863 test 0.8848
epoch 40/200 loss 0.0908 train 0.9789 test 0.8752
epoch 41/200 loss 0.0777 train 0.9844 test 0.9018
epoch 42/200 loss 0.0725 train 0.9830 test 0.8202
epoch 43/200 loss 0.0568 train 0.9891 test 0.8365
epoch 44/200 loss 0.0541 train 0.9904 test 0.8904
epoch 45/200 loss 0.0754 train 0.9834 test 0.8749
epoch 46/200 loss 0.0810 train 0.9804 test 0.9011
epoch 47/200 loss 0.0850 train 0.9806 test 0.9113
epoch 48/200 loss 0.0634 train 0.9867 test 0.9077
epoch 49/200 loss 0.0562 train 0.9878 test 0.8591
epoch 50/200 loss 0.0596 train 0.9874 test 0.9063
epoch 51/200 loss 0.0548 train 0.9885 test 0.9123
epoch 52/200 loss 0.0767 train 0.9820 test 0.8014
epoch 53/200 loss 0.0880 train 0.9782 test 0.8511
epoch 54/200 loss 0.0883 train 0.9789 test 0.8305
epoch 55/200 loss 0.0672 train 0.9835 test 0.8918
epoch 56/200 loss 0.0572 train 0.9869 test 0.9010
epoch 57/200 loss 0.0586 train 0.9873 test 0.8837
epoch 58/200 loss 0.0690 train 0.9839 test 0.8918
epoch 59/200 loss 0.0609 train 0.9869 test 0.7320
epoch 60/200 loss 0.0824 train 0.9806 test 0.8600
epoch 61/200 loss 0.0618 train 0.9862 test 0.6464
epoch 62/200 loss 0.0763 train 0.9824 test 0.8904
epoch 63/200 loss 0.0540 train 0.9898 test 0.8379
epoch 64/200 loss 0.0639 train 0.9850 test 0.9213
epoch 65/200 loss 0.0658 train 0.9856 test 0.9004
epoch 66/200 loss 0.0488 train 0.9908 test 0.9302
epoch 67/200 loss 0.0468 train 0.9910 test 0.5962
epoch 68/200 loss 0.0760 train 0.9805 test 0.6786
epoch 69/200 loss 0.0631 train 0.9860 test 0.8904
epoch 70/200 loss 0.0705 train 0.9833 test 0.7660
epoch 71/200 loss 0.0625 train 0.9852 test 0.8596
epoch 72/200 loss 0.0443 train 0.9912 test 0.8922
epoch 73/200 loss 0.0687 train 0.9823 test 0.8547
epoch 74/200 loss 0.0550 train 0.9875 test 0.8401
epoch 75/200 loss 0.0528 train 0.9875 test 0.8653
epoch 76/200 loss 0.0524 train 0.9879 test 0.9279
epoch 77/200 loss 0.0479 train 0.9901 test 0.8783
epoch 78/200 loss 0.0652 train 0.9824 test 0.8276
epoch 79/200 loss 0.0860 train 0.9761 test 0.5994
epoch 80/200 loss 0.0803 train 0.9790 test 0.8699
epoch 81/200 loss 0.0688 train 0.9824 test 0.8238
epoch 82/200 loss 0.0513 train 0.9888 test 0.9220
epoch 83/200 loss 0.0597 train 0.9844 test 0.7336
epoch 84/200 loss 0.0641 train 0.9842 test 0.8802
epoch 85/200 loss 0.0541 train 0.9877 test 0.8772
epoch 86/200 loss 0.0399 train 0.9917 test 0.9383
epoch 87/200 loss 0.0253 train 0.9968 test 0.9167
epoch 88/200 loss 0.0409 train 0.9912 test 0.9206
epoch 89/200 loss 0.0445 train 0.9900 test 0.6880
epoch 90/200 loss 0.0439 train 0.9904 test 0.8783
epoch 91/200 loss 0.0310 train 0.9948 test 0.9267
epoch 92/200 loss 0.0460 train 0.9894 test 0.9088
epoch 93/200 loss 0.0582 train 0.9852 test 0.8565
epoch 94/200 loss 0.0544 train 0.9878 test 0.8621
epoch 95/200 loss 0.0433 train 0.9896 test 0.9093
epoch 96/200 loss 0.0627 train 0.9826 test 0.8781
epoch 97/200 loss 0.0494 train 0.9885 test 0.9233
epoch 98/200 loss 0.0410 train 0.9902 test 0.8947
epoch 99/200 loss 0.0395 train 0.9912 test 0.9106
epoch 100/200 loss 0.0300 train 0.9940 test 0.9028
epoch 101/200 loss 0.0573 train 0.9858 test 0.9320
epoch 102/200 loss 0.0393 train 0.9911 test 0.8326
epoch 103/200 loss 0.0364 train 0.9926 test 0.9245
epoch 104/200 loss 0.0333 train 0.9917 test 0.9202
epoch 105/200 loss 0.0284 train 0.9945 test 0.9118
epoch 106/200 loss 0.0322 train 0.9926 test 0.8188
epoch 107/200 loss 0.0350 train 0.9926 test 0.9007
epoch 108/200 loss 0.0398 train 0.9910 test 0.8933
epoch 109/200 loss 0.0240 train 0.9953 test 0.9064
epoch 110/200 loss 0.0191 train 0.9974 test 0.9082
epoch 111/200 loss 0.0203 train 0.9967 test 0.9136
epoch 112/200 loss 0.0205 train 0.9962 test 0.8421
epoch 113/200 loss 0.0282 train 0.9939 test 0.8178
epoch 114/200 loss 0.0361 train 0.9916 test 0.9052
epoch 115/200 loss 0.0282 train 0.9943 test 0.8680
epoch 116/200 loss 0.0326 train 0.9920 test 0.9043
epoch 117/200 loss 0.0219 train 0.9960 test 0.9279
epoch 118/200 loss 0.0165 train 0.9974 test 0.9270
epoch 119/200 loss 0.0181 train 0.9969 test 0.9123
epoch 120/200 loss 0.0142 train 0.9979 test 0.8131
epoch 121/200 loss 0.0126 train 0.9983 test 0.8611
epoch 122/200 loss 0.0108 train 0.9990 test 0.9045
epoch 123/200 loss 0.0081 train 0.9992 test 0.9432
epoch 124/200 loss 0.0064 train 0.9999 test 0.9382
epoch 125/200 loss 0.0061 train 1.0000 test 0.9350
epoch 126/200 loss 0.0058 train 1.0000 test 0.9362
epoch 127/200 loss 0.0066 train 0.9997 test 0.9373
epoch 128/200 loss 0.0056 train 0.9999 test 0.9350
epoch 129/200 loss 0.0061 train 0.9996 test 0.9382
epoch 130/200 loss 0.0053 train 1.0000 test 0.9444
epoch 131/200 loss 0.0070 train 0.9993 test 0.9443
epoch 132/200 loss 0.0049 train 1.0000 test 0.9435
epoch 133/200 loss 0.0046 train 0.9998 test 0.9400
epoch 134/200 loss 0.0051 train 0.9997 test 0.9443
epoch 135/200 loss 0.0044 train 1.0000 test 0.9338
epoch 136/200 loss 0.0043 train 0.9999 test 0.9415
epoch 137/200 loss 0.0044 train 0.9999 test 0.8873
epoch 138/200 loss 0.0046 train 0.9998 test 0.9297
epoch 139/200 loss 0.0040 train 1.0000 test 0.9397
epoch 140/200 loss 0.0038 train 1.0000 test 0.9354
epoch 141/200 loss 0.0038 train 1.0000 test 0.9394
epoch 142/200 loss 0.0038 train 1.0000 test 0.9418
epoch 143/200 loss 0.0035 train 1.0000 test 0.9375
epoch 144/200 loss 0.0033 train 1.0000 test 0.9323
epoch 145/200 loss 0.0041 train 0.9998 test 0.9280
epoch 146/200 loss 0.0039 train 0.9999 test 0.9351
epoch 147/200 loss 0.0032 train 1.0000 test 0.9279
epoch 148/200 loss 0.0037 train 0.9997 test 0.9325
epoch 149/200 loss 0.0038 train 0.9998 test 0.9284
epoch 150/200 loss 0.0036 train 1.0000 test 0.9362
epoch 151/200 loss 0.0031 train 1.0000 test 0.9387
epoch 152/200 loss 0.0028 train 1.0000 test 0.9391
epoch 153/200 loss 0.0033 train 0.9999 test 0.9460
epoch 154/200 loss 0.0029 train 1.0000 test 0.9379
epoch 155/200 loss 0.0031 train 0.9999 test 0.9398
epoch 156/200 loss 0.0031 train 1.0000 test 0.9299
epoch 157/200 loss 0.0028 train 0.9999 test 0.9426
epoch 158/200 loss 0.0030 train 0.9998 test 0.9362
epoch 159/200 loss 0.0030 train 1.0000 test 0.9352
epoch 160/200 loss 0.0030 train 0.9999 test 0.9421
epoch 161/200 loss 0.0025 train 1.0000 test 0.9440
epoch 162/200 loss 0.0024 train 1.0000 test 0.9325
epoch 163/200 loss 0.0023 train 1.0000 test 0.9394
epoch 164/200 loss 0.0022 train 1.0000 test 0.9337
epoch 165/200 loss 0.0026 train 0.9999 test 0.9365
epoch 166/200 loss 0.0021 train 1.0000 test 0.9343
epoch 167/200 loss 0.0021 train 1.0000 test 0.9326
epoch 168/200 loss 0.0020 train 1.0000 test 0.9380
epoch 169/200 loss 0.0021 train 1.0000 test 0.9368
epoch 170/200 loss 0.0020 train 1.0000 test 0.9411
epoch 171/200 loss 0.0018 train 1.0000 test 0.9366
epoch 172/200 loss 0.0019 train 1.0000 test 0.9331
epoch 173/200 loss 0.0021 train 1.0000 test 0.9412
epoch 174/200 loss 0.0019 train 1.0000 test 0.9362
epoch 175/200 loss 0.0017 train 1.0000 test 0.9384
epoch 176/200 loss 0.0016 train 1.0000 test 0.9318
epoch 177/200 loss 0.0016 train 1.0000 test 0.9338
epoch 178/200 loss 0.0018 train 1.0000 test 0.9366
epoch 179/200 loss 0.0016 train 1.0000 test 0.9343
epoch 180/200 loss 0.0018 train 0.9999 test 0.9256
epoch 181/200 loss 0.0017 train 1.0000 test 0.9345
epoch 182/200 loss 0.0015 train 1.0000 test 0.9351
epoch 183/200 loss 0.0016 train 1.0000 test 0.9338
epoch 184/200 loss 0.0015 train 1.0000 test 0.9350
epoch 185/200 loss 0.0016 train 1.0000 test 0.9354
epoch 186/200 loss 0.0014 train 1.0000 test 0.9359
epoch 187/200 loss 0.0015 train 1.0000 test 0.9387
epoch 188/200 loss 0.0014 train 1.0000 test 0.9355
epoch 189/200 loss 0.0015 train 1.0000 test 0.9382
epoch 190/200 loss 0.0013 train 1.0000 test 0.9373
epoch 191/200 loss 0.0014 train 1.0000 test 0.9369
epoch 192/200 loss 0.0015 train 0.9999 test 0.9391
epoch 193/200 loss 0.0014 train 1.0000 test 0.9345
epoch 194/200 loss 0.0013 train 1.0000 test 0.9366
epoch 195/200 loss 0.0014 train 1.0000 test 0.9377
epoch 196/200 loss 0.0013 train 1.0000 test 0.9359
epoch 197/200 loss 0.0013 train 1.0000 test 0.9359
epoch 198/200 loss 0.0012 train 1.0000 test 0.9365
epoch 199/200 loss 0.0014 train 1.0000 test 0.9383
epoch 200/200 loss 0.0014 train 1.0000 test 0.9338
done: final 0.9338 best 0.9460 -> ./runs/diagtaxlam_path_l03_10pct/seed2
--- diagstep_c100_aux_10pct seed0 2026-08-15T02:04:10+02:00
moment-aux target calibrated on 1024 images
[diagstep_c100_aux_10pct seed0] {"params_trainable": 11222188, "params_stem_trainable": 0, "params_stem_fixed_filters": 0, "flops_total": 556705792, "flops_stem": 0, "flops_image_size": 32}
epoch 1/15 loss 5.4891 train 0.0294 test 0.0532
epoch 2/15 loss 4.4051 train 0.0685 test 0.0750
epoch 3/15 loss 4.1013 train 0.0972 test 0.1060
epoch 4/15 loss 3.8711 train 0.1200 test 0.1143
epoch 5/15 loss 3.7138 train 0.1464 test 0.1344
epoch 6/15 loss 3.5577 train 0.1723 test 0.1462
epoch 7/15 loss 3.4499 train 0.1807 test 0.1587
epoch 8/15 loss 3.2878 train 0.2045 test 0.1646
epoch 9/15 loss 3.1523 train 0.2280 test 0.1872
epoch 10/15 loss 3.0482 train 0.2482 test 0.2048
epoch 11/15 loss 2.9119 train 0.2756 test 0.2200
epoch 12/15 loss 2.8199 train 0.2899 test 0.2251
epoch 13/15 loss 2.7266 train 0.3159 test 0.2383
epoch 14/15 loss 2.6535 train 0.3311 test 0.2472
epoch 15/15 loss 2.6132 train 0.3351 test 0.2502
done: final 0.2502 best 0.2502 -> ./runs/diagstep_c100_aux_10pct/seed0
--- diagstep_c100_aux_10pct seed1 2026-08-15T02:05:18+02:00
moment-aux target calibrated on 1024 images
[diagstep_c100_aux_10pct seed1] {"params_trainable": 11222188, "params_stem_trainable": 0, "params_stem_fixed_filters": 0, "flops_total": 556705792, "flops_stem": 0, "flops_image_size": 32}
epoch 1/15 loss 5.4873 train 0.0294 test 0.0509
epoch 2/15 loss 4.4221 train 0.0655 test 0.0923
epoch 3/15 loss 4.0983 train 0.0958 test 0.0910
epoch 4/15 loss 3.8835 train 0.1260 test 0.1127
epoch 5/15 loss 3.7472 train 0.1452 test 0.1276
epoch 6/15 loss 3.5718 train 0.1647 test 0.1399
epoch 7/15 loss 3.4426 train 0.1853 test 0.1570
epoch 8/15 loss 3.3003 train 0.2051 test 0.1775
epoch 9/15 loss 3.1779 train 0.2222 test 0.1868
epoch 10/15 loss 3.0508 train 0.2434 test 0.2057
epoch 11/15 loss 2.9304 train 0.2702 test 0.2143
epoch 12/15 loss 2.8248 train 0.2943 test 0.2244
epoch 13/15 loss 2.7351 train 0.3117 test 0.2356
epoch 14/15 loss 2.6684 train 0.3259 test 0.2430
epoch 15/15 loss 2.6301 train 0.3363 test 0.2462
done: final 0.2462 best 0.2462 -> ./runs/diagstep_c100_aux_10pct/seed1
--- diagstep_c100_aux_10pct seed2 2026-08-15T02:06:28+02:00
moment-aux target calibrated on 1024 images
[diagstep_c100_aux_10pct seed2] {"params_trainable": 11222188, "params_stem_trainable": 0, "params_stem_fixed_filters": 0, "flops_total": 556705792, "flops_stem": 0, "flops_image_size": 32}
epoch 1/15 loss 5.3893 train 0.0339 test 0.0562
epoch 2/15 loss 4.3950 train 0.0691 test 0.0879
epoch 3/15 loss 4.0771 train 0.1046 test 0.1034
epoch 4/15 loss 3.8755 train 0.1288 test 0.1182
epoch 5/15 loss 3.7135 train 0.1544 test 0.1448
epoch 6/15 loss 3.5631 train 0.1691 test 0.1336
epoch 7/15 loss 3.4457 train 0.1767 test 0.1567
epoch 8/15 loss 3.2927 train 0.2029 test 0.1815
epoch 9/15 loss 3.1864 train 0.2181 test 0.1764
epoch 10/15 loss 3.0764 train 0.2460 test 0.1937
epoch 11/15 loss 2.9436 train 0.2648 test 0.2212
epoch 12/15 loss 2.8372 train 0.2808 test 0.2149
epoch 13/15 loss 2.7558 train 0.3025 test 0.2305
epoch 14/15 loss 2.6735 train 0.3187 test 0.2441
epoch 15/15 loss 2.6272 train 0.3357 test 0.2431
done: final 0.2431 best 0.2441 -> ./runs/diagstep_c100_aux_10pct/seed2
--- diagstep_c100_aux_1pct seed0 2026-08-15T02:07:40+02:00
moment-aux target calibrated on 1024 images
[diagstep_c100_aux_1pct seed0] {"params_trainable": 11222188, "params_stem_trainable": 0, "params_stem_fixed_filters": 0, "flops_total": 556705792, "flops_stem": 0, "flops_image_size": 32}
epoch 1/200 loss 7.4378 train 0.0026 test 0.0139
epoch 2/200 loss 6.3686 train 0.0260 test 0.0193
epoch 3/200 loss 5.8801 train 0.0260 test 0.0169
epoch 4/200 loss 5.5693 train 0.0312 test 0.0230
epoch 5/200 loss 5.4363 train 0.0286 test 0.0281
epoch 6/200 loss 5.1462 train 0.0677 test 0.0309
epoch 7/200 loss 4.8784 train 0.0755 test 0.0382
epoch 8/200 loss 4.6944 train 0.0755 test 0.0431
epoch 9/200 loss 4.5008 train 0.0885 test 0.0432
epoch 10/200 loss 4.3661 train 0.0964 test 0.0388
epoch 11/200 loss 4.2483 train 0.0990 test 0.0456
epoch 12/200 loss 4.1535 train 0.1042 test 0.0483
epoch 13/200 loss 3.9905 train 0.1354 test 0.0493
epoch 14/200 loss 3.9799 train 0.1484 test 0.0547
epoch 15/200 loss 3.8708 train 0.1562 test 0.0554
epoch 16/200 loss 3.8060 train 0.1510 test 0.0568
epoch 17/200 loss 3.6456 train 0.1667 test 0.0544
epoch 18/200 loss 3.5090 train 0.2188 test 0.0572
epoch 19/200 loss 3.5224 train 0.2161 test 0.0587
epoch 20/200 loss 3.4194 train 0.2396 test 0.0655
epoch 21/200 loss 3.3372 train 0.2266 test 0.0646
epoch 22/200 loss 3.2729 train 0.2266 test 0.0530
epoch 23/200 loss 3.2639 train 0.2370 test 0.0550
epoch 24/200 loss 3.1877 train 0.2578 test 0.0694
epoch 25/200 loss 3.1011 train 0.2656 test 0.0653
epoch 26/200 loss 3.0493 train 0.2630 test 0.0686
epoch 27/200 loss 2.9313 train 0.3359 test 0.0729
epoch 28/200 loss 2.9798 train 0.2786 test 0.0676
epoch 29/200 loss 2.9403 train 0.3099 test 0.0705
epoch 30/200 loss 2.7535 train 0.3490 test 0.0696
epoch 31/200 loss 2.8204 train 0.3047 test 0.0659
epoch 32/200 loss 2.7954 train 0.3151 test 0.0615
epoch 33/200 loss 2.6401 train 0.3542 test 0.0663
epoch 34/200 loss 2.5803 train 0.3906 test 0.0787
epoch 35/200 loss 2.5399 train 0.4089 test 0.0823
epoch 36/200 loss 2.4758 train 0.4062 test 0.0781
epoch 37/200 loss 2.3629 train 0.4792 test 0.0785
epoch 38/200 loss 2.3660 train 0.4062 test 0.0767
epoch 39/200 loss 2.3187 train 0.4089 test 0.0800
epoch 40/200 loss 2.1937 train 0.4948 test 0.0834
epoch 41/200 loss 2.1572 train 0.4948 test 0.0776
epoch 42/200 loss 2.1123 train 0.5182 test 0.0751
epoch 43/200 loss 2.0260 train 0.5312 test 0.0772
epoch 44/200 loss 2.0103 train 0.5391 test 0.0787
epoch 45/200 loss 2.0388 train 0.4792 test 0.0839
epoch 46/200 loss 1.9129 train 0.5417 test 0.0766
epoch 47/200 loss 1.8527 train 0.5599 test 0.0758
epoch 48/200 loss 1.8921 train 0.5599 test 0.0799
epoch 49/200 loss 1.7701 train 0.6016 test 0.0768
epoch 50/200 loss 1.6601 train 0.6146 test 0.0775
epoch 51/200 loss 1.7118 train 0.6016 test 0.0771
epoch 52/200 loss 1.5826 train 0.6250 test 0.0773
epoch 53/200 loss 1.5368 train 0.6719 test 0.0779
epoch 54/200 loss 1.4482 train 0.6901 test 0.0810
epoch 55/200 loss 1.4660 train 0.6641 test 0.0768
epoch 56/200 loss 1.4049 train 0.6823 test 0.0876
epoch 57/200 loss 1.3347 train 0.7083 test 0.0852
epoch 58/200 loss 1.3028 train 0.7552 test 0.0832
epoch 59/200 loss 1.2479 train 0.7344 test 0.0896
epoch 60/200 loss 1.1829 train 0.7578 test 0.0869
epoch 61/200 loss 1.0882 train 0.7917 test 0.0805
epoch 62/200 loss 1.0547 train 0.7969 test 0.0850
epoch 63/200 loss 1.0447 train 0.7995 test 0.0767
epoch 64/200 loss 1.0260 train 0.8021 test 0.0862
epoch 65/200 loss 0.9500 train 0.8333 test 0.0776
epoch 66/200 loss 0.9493 train 0.8099 test 0.0907
epoch 67/200 loss 0.8421 train 0.8568 test 0.0872
epoch 68/200 loss 0.7621 train 0.8958 test 0.0862
epoch 69/200 loss 0.8227 train 0.8724 test 0.0884
epoch 70/200 loss 0.7154 train 0.9062 test 0.0872
epoch 71/200 loss 0.6984 train 0.9062 test 0.0873
epoch 72/200 loss 0.6174 train 0.9245 test 0.0964
epoch 73/200 loss 0.5527 train 0.9505 test 0.0925
epoch 74/200 loss 0.5609 train 0.9297 test 0.0858
epoch 75/200 loss 0.5374 train 0.9349 test 0.0937
epoch 76/200 loss 0.5187 train 0.9583 test 0.0902
epoch 77/200 loss 0.4908 train 0.9349 test 0.0865
epoch 78/200 loss 0.4845 train 0.9427 test 0.0927
epoch 79/200 loss 0.4434 train 0.9505 test 0.0902
epoch 80/200 loss 0.4115 train 0.9609 test 0.0973
epoch 81/200 loss 0.3900 train 0.9792 test 0.0916
epoch 82/200 loss 0.3608 train 0.9792 test 0.0895
epoch 83/200 loss 0.3659 train 0.9688 test 0.0980
epoch 84/200 loss 0.3357 train 0.9818 test 0.0923
epoch 85/200 loss 0.3180 train 0.9896 test 0.0833
epoch 86/200 loss 0.3140 train 0.9792 test 0.0897
epoch 87/200 loss 0.2952 train 0.9740 test 0.0973
epoch 88/200 loss 0.2561 train 0.9844 test 0.0932
epoch 89/200 loss 0.2853 train 0.9792 test 0.0960
epoch 90/200 loss 0.2605 train 0.9766 test 0.0950
epoch 91/200 loss 0.2444 train 0.9844 test 0.0912
epoch 92/200 loss 0.2360 train 0.9974 test 0.0994
epoch 93/200 loss 0.2203 train 0.9922 test 0.1032
epoch 94/200 loss 0.2042 train 0.9948 test 0.1008
epoch 95/200 loss 0.1872 train 0.9948 test 0.1001
epoch 96/200 loss 0.1849 train 0.9974 test 0.1011
epoch 97/200 loss 0.1758 train 0.9922 test 0.1038
epoch 98/200 loss 0.1504 train 0.9974 test 0.1024
epoch 99/200 loss 0.1475 train 1.0000 test 0.0966
epoch 100/200 loss 0.1388 train 1.0000 test 0.0977
epoch 101/200 loss 0.1345 train 1.0000 test 0.1004
epoch 102/200 loss 0.1164 train 1.0000 test 0.1041
epoch 103/200 loss 0.1188 train 1.0000 test 0.1041
epoch 104/200 loss 0.1089 train 1.0000 test 0.1038
epoch 105/200 loss 0.1105 train 1.0000 test 0.1027
epoch 106/200 loss 0.1020 train 0.9974 test 0.1012
epoch 107/200 loss 0.1039 train 1.0000 test 0.1015
epoch 108/200 loss 0.1085 train 1.0000 test 0.1023
epoch 109/200 loss 0.0933 train 1.0000 test 0.1037
epoch 110/200 loss 0.0892 train 1.0000 test 0.1040
epoch 111/200 loss 0.0854 train 1.0000 test 0.1035
epoch 112/200 loss 0.0793 train 1.0000 test 0.1026
epoch 113/200 loss 0.0758 train 1.0000 test 0.1046
epoch 114/200 loss 0.0779 train 1.0000 test 0.1048
epoch 115/200 loss 0.0821 train 1.0000 test 0.1049
epoch 116/200 loss 0.0725 train 1.0000 test 0.1059
epoch 117/200 loss 0.0832 train 0.9974 test 0.1052
epoch 118/200 loss 0.0699 train 1.0000 test 0.1050
epoch 119/200 loss 0.0710 train 0.9974 test 0.1045
epoch 120/200 loss 0.0781 train 1.0000 test 0.1058
epoch 121/200 loss 0.0641 train 1.0000 test 0.1041
epoch 122/200 loss 0.0643 train 1.0000 test 0.1030
epoch 123/200 loss 0.0702 train 1.0000 test 0.1020
epoch 124/200 loss 0.0729 train 1.0000 test 0.1031
epoch 125/200 loss 0.0610 train 1.0000 test 0.1033
epoch 126/200 loss 0.0585 train 1.0000 test 0.1042
epoch 127/200 loss 0.0580 train 1.0000 test 0.1049
epoch 128/200 loss 0.0607 train 1.0000 test 0.1058
epoch 129/200 loss 0.0559 train 1.0000 test 0.1055
epoch 130/200 loss 0.0580 train 1.0000 test 0.1058
epoch 131/200 loss 0.0522 train 1.0000 test 0.1067
epoch 132/200 loss 0.0520 train 1.0000 test 0.1055
epoch 133/200 loss 0.0500 train 1.0000 test 0.1072
epoch 134/200 loss 0.0504 train 1.0000 test 0.1066
epoch 135/200 loss 0.0499 train 1.0000 test 0.1049
epoch 136/200 loss 0.0490 train 1.0000 test 0.1053
epoch 137/200 loss 0.0440 train 1.0000 test 0.1054
epoch 138/200 loss 0.0519 train 1.0000 test 0.1049
epoch 139/200 loss 0.0459 train 1.0000 test 0.1048
epoch 140/200 loss 0.0485 train 1.0000 test 0.1040
epoch 141/200 loss 0.0422 train 1.0000 test 0.1037
epoch 142/200 loss 0.0460 train 1.0000 test 0.1037
epoch 143/200 loss 0.0459 train 1.0000 test 0.1028
epoch 144/200 loss 0.0435 train 1.0000 test 0.1026
epoch 145/200 loss 0.0447 train 1.0000 test 0.1033
epoch 146/200 loss 0.0399 train 1.0000 test 0.1037
epoch 147/200 loss 0.0389 train 1.0000 test 0.1049
epoch 148/200 loss 0.0395 train 1.0000 test 0.1054
epoch 149/200 loss 0.0358 train 1.0000 test 0.1046
epoch 150/200 loss 0.0351 train 1.0000 test 0.1043
epoch 151/200 loss 0.0362 train 1.0000 test 0.1048
epoch 152/200 loss 0.0400 train 1.0000 test 0.1044
epoch 153/200 loss 0.0353 train 1.0000 test 0.1053
epoch 154/200 loss 0.0346 train 1.0000 test 0.1052
epoch 155/200 loss 0.0325 train 1.0000 test 0.1048
epoch 156/200 loss 0.0315 train 1.0000 test 0.1048
epoch 157/200 loss 0.0296 train 1.0000 test 0.1049
epoch 158/200 loss 0.0324 train 1.0000 test 0.1059
epoch 159/200 loss 0.0321 train 1.0000 test 0.1057
epoch 160/200 loss 0.0288 train 1.0000 test 0.1055
epoch 161/200 loss 0.0276 train 1.0000 test 0.1051
epoch 162/200 loss 0.0291 train 1.0000 test 0.1047
epoch 163/200 loss 0.0276 train 1.0000 test 0.1047
epoch 164/200 loss 0.0304 train 1.0000 test 0.1059
epoch 165/200 loss 0.0272 train 1.0000 test 0.1055
epoch 166/200 loss 0.0275 train 1.0000 test 0.1059
epoch 167/200 loss 0.0273 train 1.0000 test 0.1045
epoch 168/200 loss 0.0250 train 1.0000 test 0.1045
epoch 169/200 loss 0.0272 train 1.0000 test 0.1051
epoch 170/200 loss 0.0257 train 1.0000 test 0.1052
epoch 171/200 loss 0.0243 train 1.0000 test 0.1051
epoch 172/200 loss 0.0250 train 1.0000 test 0.1048
epoch 173/200 loss 0.0253 train 1.0000 test 0.1053
epoch 174/200 loss 0.0235 train 1.0000 test 0.1053
epoch 175/200 loss 0.0260 train 1.0000 test 0.1057
epoch 176/200 loss 0.0254 train 1.0000 test 0.1058
epoch 177/200 loss 0.0230 train 1.0000 test 0.1055
epoch 178/200 loss 0.0239 train 1.0000 test 0.1052
epoch 179/200 loss 0.0211 train 1.0000 test 0.1041
epoch 180/200 loss 0.0249 train 1.0000 test 0.1042
epoch 181/200 loss 0.0229 train 1.0000 test 0.1042
epoch 182/200 loss 0.0193 train 1.0000 test 0.1048
epoch 183/200 loss 0.0235 train 1.0000 test 0.1047
epoch 184/200 loss 0.0205 train 1.0000 test 0.1050
epoch 185/200 loss 0.0230 train 1.0000 test 0.1050
epoch 186/200 loss 0.0284 train 1.0000 test 0.1056
epoch 187/200 loss 0.0200 train 1.0000 test 0.1054
epoch 188/200 loss 0.0221 train 1.0000 test 0.1054
epoch 189/200 loss 0.0223 train 1.0000 test 0.1056
epoch 190/200 loss 0.0204 train 1.0000 test 0.1055
epoch 191/200 loss 0.0185 train 1.0000 test 0.1056
epoch 192/200 loss 0.0190 train 1.0000 test 0.1057
epoch 193/200 loss 0.0188 train 1.0000 test 0.1058
epoch 194/200 loss 0.0204 train 1.0000 test 0.1058
epoch 195/200 loss 0.0185 train 1.0000 test 0.1054
epoch 196/200 loss 0.0208 train 1.0000 test 0.1059
epoch 197/200 loss 0.0232 train 1.0000 test 0.1049
epoch 198/200 loss 0.0186 train 1.0000 test 0.1047
epoch 199/200 loss 0.0187 train 1.0000 test 0.1055
epoch 200/200 loss 0.0186 train 1.0000 test 0.1050
done: final 0.1050 best 0.1072 -> ./runs/diagstep_c100_aux_1pct/seed0
--- diagstep_c100_aux_1pct seed1 2026-08-15T02:14:54+02:00
moment-aux target calibrated on 1024 images
[diagstep_c100_aux_1pct seed1] {"params_trainable": 11222188, "params_stem_trainable": 0, "params_stem_fixed_filters": 0, "flops_total": 556705792, "flops_stem": 0, "flops_image_size": 32}
epoch 1/200 loss 7.4917 train 0.0052 test 0.0116
epoch 2/200 loss 6.3416 train 0.0182 test 0.0179
epoch 3/200 loss 5.9123 train 0.0182 test 0.0201
epoch 4/200 loss 5.5998 train 0.0443 test 0.0232
epoch 5/200 loss 5.3942 train 0.0547 test 0.0338
epoch 6/200 loss 5.1570 train 0.0599 test 0.0348
epoch 7/200 loss 4.9096 train 0.0599 test 0.0422
epoch 8/200 loss 4.6959 train 0.0938 test 0.0470
epoch 9/200 loss 4.5713 train 0.0755 test 0.0444
epoch 10/200 loss 4.3687 train 0.1016 test 0.0455
epoch 11/200 loss 4.2716 train 0.1042 test 0.0416
epoch 12/200 loss 4.1773 train 0.1172 test 0.0469
epoch 13/200 loss 4.0359 train 0.1146 test 0.0503
epoch 14/200 loss 3.9198 train 0.1484 test 0.0527
epoch 15/200 loss 3.8073 train 0.1589 test 0.0529
epoch 16/200 loss 3.7605 train 0.1797 test 0.0604
epoch 17/200 loss 3.6662 train 0.1797 test 0.0593
epoch 18/200 loss 3.5553 train 0.1953 test 0.0561
epoch 19/200 loss 3.5077 train 0.2057 test 0.0633
epoch 20/200 loss 3.4259 train 0.2474 test 0.0609
epoch 21/200 loss 3.3914 train 0.1927 test 0.0676
epoch 22/200 loss 3.2821 train 0.2422 test 0.0698
epoch 23/200 loss 3.2760 train 0.2344 test 0.0676
epoch 24/200 loss 3.1237 train 0.2630 test 0.0669
epoch 25/200 loss 3.1202 train 0.2734 test 0.0699
epoch 26/200 loss 2.9666 train 0.3203 test 0.0684
epoch 27/200 loss 2.9583 train 0.2734 test 0.0696
epoch 28/200 loss 2.9281 train 0.2917 test 0.0755
epoch 29/200 loss 2.8212 train 0.3464 test 0.0736
epoch 30/200 loss 2.8322 train 0.3047 test 0.0727
epoch 31/200 loss 2.7653 train 0.3385 test 0.0677
epoch 32/200 loss 2.6997 train 0.3359 test 0.0736
epoch 33/200 loss 2.6079 train 0.4141 test 0.0701
epoch 34/200 loss 2.5920 train 0.3724 test 0.0709
epoch 35/200 loss 2.5042 train 0.3620 test 0.0787
epoch 36/200 loss 2.4226 train 0.4010 test 0.0801
epoch 37/200 loss 2.3785 train 0.4167 test 0.0732
epoch 38/200 loss 2.3199 train 0.4531 test 0.0734
epoch 39/200 loss 2.2872 train 0.4401 test 0.0773
epoch 40/200 loss 2.2408 train 0.4635 test 0.0857
epoch 41/200 loss 2.0910 train 0.4844 test 0.0786
epoch 42/200 loss 2.1182 train 0.5078 test 0.0826
epoch 43/200 loss 2.0627 train 0.5286 test 0.0693
epoch 44/200 loss 1.9926 train 0.5443 test 0.0780
epoch 45/200 loss 1.9225 train 0.5365 test 0.0831
epoch 46/200 loss 1.8421 train 0.5677 test 0.0789
epoch 47/200 loss 1.8012 train 0.5964 test 0.0798
epoch 48/200 loss 1.7538 train 0.6068 test 0.0805
epoch 49/200 loss 1.6537 train 0.6276 test 0.0676
epoch 50/200 loss 1.7133 train 0.6354 test 0.0792
epoch 51/200 loss 1.6088 train 0.6198 test 0.0703
epoch 52/200 loss 1.6674 train 0.6302 test 0.0803
epoch 53/200 loss 1.5270 train 0.6510 test 0.0840
epoch 54/200 loss 1.5095 train 0.6823 test 0.0772
epoch 55/200 loss 1.4175 train 0.6901 test 0.0817
epoch 56/200 loss 1.3499 train 0.6927 test 0.0769
epoch 57/200 loss 1.2839 train 0.7188 test 0.0859
epoch 58/200 loss 1.3180 train 0.7188 test 0.0851
epoch 59/200 loss 1.1898 train 0.7500 test 0.0868
epoch 60/200 loss 1.0943 train 0.7786 test 0.0697
epoch 61/200 loss 1.0448 train 0.7943 test 0.0810
epoch 62/200 loss 1.0876 train 0.7734 test 0.0829
epoch 63/200 loss 1.0028 train 0.8177 test 0.0827
epoch 64/200 loss 0.9912 train 0.8229 test 0.0867
epoch 65/200 loss 0.9478 train 0.8151 test 0.0908
epoch 66/200 loss 0.8564 train 0.8490 test 0.0780
epoch 67/200 loss 0.8612 train 0.8594 test 0.0878
epoch 68/200 loss 0.8469 train 0.8151 test 0.0858
epoch 69/200 loss 0.7411 train 0.8854 test 0.0807
epoch 70/200 loss 0.7306 train 0.8854 test 0.0844
epoch 71/200 loss 0.6966 train 0.8880 test 0.0858
epoch 72/200 loss 0.6290 train 0.9219 test 0.0835
epoch 73/200 loss 0.5947 train 0.9062 test 0.0918
epoch 74/200 loss 0.5579 train 0.9297 test 0.1009
epoch 75/200 loss 0.5198 train 0.9505 test 0.0927
epoch 76/200 loss 0.4824 train 0.9505 test 0.0892
epoch 77/200 loss 0.4416 train 0.9714 test 0.0892
epoch 78/200 loss 0.4347 train 0.9635 test 0.0946
epoch 79/200 loss 0.4245 train 0.9505 test 0.0932
epoch 80/200 loss 0.3936 train 0.9661 test 0.0881
epoch 81/200 loss 0.3498 train 0.9714 test 0.0882
epoch 82/200 loss 0.3362 train 0.9661 test 0.0857
epoch 83/200 loss 0.3340 train 0.9740 test 0.0885
epoch 84/200 loss 0.3063 train 0.9818 test 0.0880
epoch 85/200 loss 0.2642 train 0.9818 test 0.0864
epoch 86/200 loss 0.2678 train 0.9896 test 0.0891
epoch 87/200 loss 0.2693 train 0.9844 test 0.0922
epoch 88/200 loss 0.2399 train 0.9922 test 0.0980
epoch 89/200 loss 0.2220 train 0.9974 test 0.0954
epoch 90/200 loss 0.2068 train 0.9948 test 0.0955
epoch 91/200 loss 0.1856 train 0.9948 test 0.0952
epoch 92/200 loss 0.2095 train 0.9922 test 0.0974
epoch 93/200 loss 0.1707 train 0.9974 test 0.0939
epoch 94/200 loss 0.1676 train 0.9974 test 0.0945
epoch 95/200 loss 0.1674 train 0.9974 test 0.0978
epoch 96/200 loss 0.1514 train 1.0000 test 0.1007
epoch 97/200 loss 0.1439 train 1.0000 test 0.1001
epoch 98/200 loss 0.1501 train 0.9974 test 0.1012
epoch 99/200 loss 0.1205 train 1.0000 test 0.0964
epoch 100/200 loss 0.1253 train 1.0000 test 0.0971
epoch 101/200 loss 0.1237 train 1.0000 test 0.0951
epoch 102/200 loss 0.1154 train 1.0000 test 0.0967
epoch 103/200 loss 0.1208 train 1.0000 test 0.0978
epoch 104/200 loss 0.1037 train 1.0000 test 0.0974
epoch 105/200 loss 0.1065 train 1.0000 test 0.0984
epoch 106/200 loss 0.1012 train 1.0000 test 0.0998
epoch 107/200 loss 0.1187 train 0.9948 test 0.0995
epoch 108/200 loss 0.1112 train 0.9974 test 0.0977
epoch 109/200 loss 0.1078 train 0.9974 test 0.0980
epoch 110/200 loss 0.0932 train 1.0000 test 0.0931
epoch 111/200 loss 0.1096 train 1.0000 test 0.0963
epoch 112/200 loss 0.0912 train 1.0000 test 0.0985
epoch 113/200 loss 0.0889 train 1.0000 test 0.0999
epoch 114/200 loss 0.0914 train 1.0000 test 0.1014
epoch 115/200 loss 0.1016 train 0.9974 test 0.0994
epoch 116/200 loss 0.0834 train 1.0000 test 0.0987
epoch 117/200 loss 0.0840 train 1.0000 test 0.1012
epoch 118/200 loss 0.0832 train 1.0000 test 0.1004
epoch 119/200 loss 0.0762 train 1.0000 test 0.1019
epoch 120/200 loss 0.0758 train 1.0000 test 0.1045
epoch 121/200 loss 0.0720 train 1.0000 test 0.1041
epoch 122/200 loss 0.0687 train 1.0000 test 0.1015
epoch 123/200 loss 0.0671 train 1.0000 test 0.0990
epoch 124/200 loss 0.0629 train 1.0000 test 0.0995
epoch 125/200 loss 0.0675 train 1.0000 test 0.0997
epoch 126/200 loss 0.0610 train 1.0000 test 0.0995
epoch 127/200 loss 0.0583 train 1.0000 test 0.1011
epoch 128/200 loss 0.0635 train 1.0000 test 0.1016
epoch 129/200 loss 0.0586 train 1.0000 test 0.1023
epoch 130/200 loss 0.0583 train 1.0000 test 0.1032
epoch 131/200 loss 0.0574 train 1.0000 test 0.1025
epoch 132/200 loss 0.0543 train 1.0000 test 0.1025
epoch 133/200 loss 0.0554 train 1.0000 test 0.1014
epoch 134/200 loss 0.0536 train 1.0000 test 0.0995
epoch 135/200 loss 0.0490 train 1.0000 test 0.0988
epoch 136/200 loss 0.0523 train 1.0000 test 0.0999
epoch 137/200 loss 0.0505 train 1.0000 test 0.1016
epoch 138/200 loss 0.0466 train 1.0000 test 0.1017
epoch 139/200 loss 0.0488 train 1.0000 test 0.1011
epoch 140/200 loss 0.0469 train 1.0000 test 0.1019
epoch 141/200 loss 0.0465 train 1.0000 test 0.1024
epoch 142/200 loss 0.0463 train 1.0000 test 0.1024
epoch 143/200 loss 0.0457 train 1.0000 test 0.1015
epoch 144/200 loss 0.0435 train 1.0000 test 0.1013
epoch 145/200 loss 0.0419 train 1.0000 test 0.1005
epoch 146/200 loss 0.0467 train 1.0000 test 0.1005
epoch 147/200 loss 0.0409 train 1.0000 test 0.1013
epoch 148/200 loss 0.0401 train 1.0000 test 0.1013
epoch 149/200 loss 0.0401 train 1.0000 test 0.1008
epoch 150/200 loss 0.0448 train 1.0000 test 0.1000
epoch 151/200 loss 0.0388 train 1.0000 test 0.1014
epoch 152/200 loss 0.0405 train 1.0000 test 0.1015
epoch 153/200 loss 0.0373 train 1.0000 test 0.1006
epoch 154/200 loss 0.0370 train 1.0000 test 0.1018
epoch 155/200 loss 0.0355 train 1.0000 test 0.1023
epoch 156/200 loss 0.0396 train 1.0000 test 0.1016
epoch 157/200 loss 0.0335 train 1.0000 test 0.1024
epoch 158/200 loss 0.0369 train 1.0000 test 0.1026
epoch 159/200 loss 0.0361 train 1.0000 test 0.1027
epoch 160/200 loss 0.0325 train 1.0000 test 0.1021
epoch 161/200 loss 0.0296 train 1.0000 test 0.1029
epoch 162/200 loss 0.0326 train 1.0000 test 0.1023
epoch 163/200 loss 0.0307 train 1.0000 test 0.1024
epoch 164/200 loss 0.0282 train 1.0000 test 0.1019
epoch 165/200 loss 0.0338 train 1.0000 test 0.1013
epoch 166/200 loss 0.0296 train 1.0000 test 0.1014
epoch 167/200 loss 0.0284 train 1.0000 test 0.1013
epoch 168/200 loss 0.0374 train 1.0000 test 0.1020
epoch 169/200 loss 0.0250 train 1.0000 test 0.1014
epoch 170/200 loss 0.0255 train 1.0000 test 0.1020
epoch 171/200 loss 0.0287 train 1.0000 test 0.1022
epoch 172/200 loss 0.0240 train 1.0000 test 0.1025
epoch 173/200 loss 0.0276 train 1.0000 test 0.1032
epoch 174/200 loss 0.0308 train 1.0000 test 0.1024
epoch 175/200 loss 0.0217 train 1.0000 test 0.1025
epoch 176/200 loss 0.0247 train 1.0000 test 0.1018
epoch 177/200 loss 0.0237 train 1.0000 test 0.1027
epoch 178/200 loss 0.0230 train 1.0000 test 0.1025
epoch 179/200 loss 0.0227 train 1.0000 test 0.1020
epoch 180/200 loss 0.0242 train 1.0000 test 0.1017
epoch 181/200 loss 0.0266 train 1.0000 test 0.1016
epoch 182/200 loss 0.0222 train 1.0000 test 0.1016
epoch 183/200 loss 0.0207 train 1.0000 test 0.1019
epoch 184/200 loss 0.0211 train 1.0000 test 0.1019
epoch 185/200 loss 0.0227 train 1.0000 test 0.1018
epoch 186/200 loss 0.0252 train 1.0000 test 0.1010
epoch 187/200 loss 0.0206 train 1.0000 test 0.1013
epoch 188/200 loss 0.0207 train 1.0000 test 0.1013
epoch 189/200 loss 0.0228 train 1.0000 test 0.1013
epoch 190/200 loss 0.0217 train 1.0000 test 0.1016
epoch 191/200 loss 0.0252 train 1.0000 test 0.1019
epoch 192/200 loss 0.0223 train 1.0000 test 0.1021
epoch 193/200 loss 0.0180 train 1.0000 test 0.1017
epoch 194/200 loss 0.0217 train 1.0000 test 0.1024
epoch 195/200 loss 0.0171 train 1.0000 test 0.1025
epoch 196/200 loss 0.0203 train 1.0000 test 0.1020
epoch 197/200 loss 0.0207 train 1.0000 test 0.1012
epoch 198/200 loss 0.0205 train 1.0000 test 0.1015
epoch 199/200 loss 0.0198 train 1.0000 test 0.1020
epoch 200/200 loss 0.0225 train 1.0000 test 0.1010
done: final 0.1010 best 0.1045 -> ./runs/diagstep_c100_aux_1pct/seed1
--- diagstep_c100_aux_1pct seed2 2026-08-15T02:22:06+02:00
moment-aux target calibrated on 1024 images
[diagstep_c100_aux_1pct seed2] {"params_trainable": 11222188, "params_stem_trainable": 0, "params_stem_fixed_filters": 0, "flops_total": 556705792, "flops_stem": 0, "flops_image_size": 32}
epoch 1/200 loss 7.1941 train 0.0078 test 0.0182
epoch 2/200 loss 6.1356 train 0.0182 test 0.0195
epoch 3/200 loss 5.8585 train 0.0234 test 0.0159
epoch 4/200 loss 5.5571 train 0.0234 test 0.0224
epoch 5/200 loss 5.3209 train 0.0286 test 0.0292
epoch 6/200 loss 5.0640 train 0.0573 test 0.0375
epoch 7/200 loss 4.9041 train 0.0547 test 0.0376
epoch 8/200 loss 4.6759 train 0.0807 test 0.0406
epoch 9/200 loss 4.4437 train 0.1068 test 0.0457
epoch 10/200 loss 4.2508 train 0.1224 test 0.0487
epoch 11/200 loss 4.1708 train 0.1146 test 0.0548
epoch 12/200 loss 4.0703 train 0.1354 test 0.0513
epoch 13/200 loss 3.9996 train 0.1380 test 0.0471
epoch 14/200 loss 3.9137 train 0.1589 test 0.0561
epoch 15/200 loss 3.7210 train 0.1849 test 0.0547
epoch 16/200 loss 3.6776 train 0.1667 test 0.0607
epoch 17/200 loss 3.6320 train 0.1745 test 0.0602
epoch 18/200 loss 3.4886 train 0.2031 test 0.0632
epoch 19/200 loss 3.4573 train 0.2109 test 0.0617
epoch 20/200 loss 3.4439 train 0.2031 test 0.0669
epoch 21/200 loss 3.2926 train 0.2422 test 0.0623
epoch 22/200 loss 3.2222 train 0.2552 test 0.0661
epoch 23/200 loss 3.2244 train 0.2240 test 0.0677
epoch 24/200 loss 3.1207 train 0.2734 test 0.0709
epoch 25/200 loss 3.0738 train 0.2578 test 0.0680
epoch 26/200 loss 2.9633 train 0.2604 test 0.0670
epoch 27/200 loss 2.9195 train 0.2708 test 0.0767
epoch 28/200 loss 2.8934 train 0.3125 test 0.0696
epoch 29/200 loss 2.8909 train 0.2917 test 0.0687
epoch 30/200 loss 2.8121 train 0.3255 test 0.0711
epoch 31/200 loss 2.7873 train 0.3125 test 0.0736
epoch 32/200 loss 2.6690 train 0.3385 test 0.0727
epoch 33/200 loss 2.6005 train 0.4036 test 0.0770
epoch 34/200 loss 2.5085 train 0.3880 test 0.0734
epoch 35/200 loss 2.4883 train 0.3776 test 0.0738
epoch 36/200 loss 2.4292 train 0.4401 test 0.0783
epoch 37/200 loss 2.3871 train 0.4323 test 0.0770
epoch 38/200 loss 2.3590 train 0.4323 test 0.0707
epoch 39/200 loss 2.2818 train 0.4401 test 0.0732
epoch 40/200 loss 2.2112 train 0.4818 test 0.0788
epoch 41/200 loss 2.1927 train 0.4766 test 0.0801
epoch 42/200 loss 2.0667 train 0.5052 test 0.0816
epoch 43/200 loss 2.0551 train 0.4766 test 0.0764
epoch 44/200 loss 2.0523 train 0.5312 test 0.0785
epoch 45/200 loss 1.9382 train 0.5417 test 0.0777
epoch 46/200 loss 1.9358 train 0.5677 test 0.0759
epoch 47/200 loss 1.8426 train 0.5677 test 0.0748
epoch 48/200 loss 1.7363 train 0.6068 test 0.0799
epoch 49/200 loss 1.6854 train 0.6354 test 0.0826
epoch 50/200 loss 1.5436 train 0.6797 test 0.0826
epoch 51/200 loss 1.5961 train 0.6198 test 0.0853
epoch 52/200 loss 1.5554 train 0.6484 test 0.0786
epoch 53/200 loss 1.4334 train 0.6849 test 0.0833
epoch 54/200 loss 1.4504 train 0.6927 test 0.0785
epoch 55/200 loss 1.3353 train 0.7214 test 0.0812
epoch 56/200 loss 1.3071 train 0.7135 test 0.0843
epoch 57/200 loss 1.2302 train 0.7474 test 0.0868
epoch 58/200 loss 1.1787 train 0.7578 test 0.0847
epoch 59/200 loss 1.1850 train 0.7500 test 0.0871
epoch 60/200 loss 1.0777 train 0.8073 test 0.0912
epoch 61/200 loss 1.0963 train 0.7656 test 0.0880
epoch 62/200 loss 1.0863 train 0.7708 test 0.0850
epoch 63/200 loss 1.0044 train 0.8099 test 0.0859
epoch 64/200 loss 0.9660 train 0.8307 test 0.0941
epoch 65/200 loss 0.8958 train 0.8490 test 0.0892
epoch 66/200 loss 0.9147 train 0.8255 test 0.0896
epoch 67/200 loss 0.8353 train 0.8672 test 0.0812
epoch 68/200 loss 0.7930 train 0.8568 test 0.0829
epoch 69/200 loss 0.7536 train 0.8490 test 0.0881
epoch 70/200 loss 0.7396 train 0.8646 test 0.0869
epoch 71/200 loss 0.6568 train 0.9167 test 0.0920
epoch 72/200 loss 0.6674 train 0.9062 test 0.0887
epoch 73/200 loss 0.6152 train 0.9193 test 0.0929
epoch 74/200 loss 0.5805 train 0.9297 test 0.0950
epoch 75/200 loss 0.5030 train 0.9531 test 0.0871
epoch 76/200 loss 0.5233 train 0.9453 test 0.0898
epoch 77/200 loss 0.4800 train 0.9479 test 0.0911
epoch 78/200 loss 0.4411 train 0.9688 test 0.0973
epoch 79/200 loss 0.4070 train 0.9714 test 0.0957
epoch 80/200 loss 0.3686 train 0.9688 test 0.0893
epoch 81/200 loss 0.3567 train 0.9818 test 0.0914
epoch 82/200 loss 0.3360 train 0.9792 test 0.0973
epoch 83/200 loss 0.3283 train 0.9792 test 0.0937
epoch 84/200 loss 0.3113 train 0.9661 test 0.0936
epoch 85/200 loss 0.2800 train 0.9922 test 0.0923
epoch 86/200 loss 0.2577 train 0.9844 test 0.0993
epoch 87/200 loss 0.2709 train 0.9896 test 0.0997
epoch 88/200 loss 0.2504 train 0.9870 test 0.0985
epoch 89/200 loss 0.2386 train 0.9844 test 0.0950
epoch 90/200 loss 0.2249 train 0.9870 test 0.0995
epoch 91/200 loss 0.2269 train 0.9896 test 0.0897
epoch 92/200 loss 0.2007 train 0.9896 test 0.0885
epoch 93/200 loss 0.1990 train 0.9948 test 0.0968
epoch 94/200 loss 0.1804 train 0.9948 test 0.1038
epoch 95/200 loss 0.1694 train 0.9974 test 0.0981
epoch 96/200 loss 0.1820 train 0.9870 test 0.0962
epoch 97/200 loss 0.1559 train 0.9922 test 0.0927
epoch 98/200 loss 0.1514 train 0.9974 test 0.0967
epoch 99/200 loss 0.1481 train 0.9974 test 0.1023
epoch 100/200 loss 0.1297 train 0.9948 test 0.1019
epoch 101/200 loss 0.1476 train 0.9948 test 0.0990
epoch 102/200 loss 0.1275 train 1.0000 test 0.0989
epoch 103/200 loss 0.1358 train 0.9974 test 0.0969
epoch 104/200 loss 0.1168 train 1.0000 test 0.1019
epoch 105/200 loss 0.1101 train 1.0000 test 0.0990
epoch 106/200 loss 0.1087 train 1.0000 test 0.0980
epoch 107/200 loss 0.1124 train 1.0000 test 0.0963
epoch 108/200 loss 0.1055 train 1.0000 test 0.0960
epoch 109/200 loss 0.0967 train 1.0000 test 0.0989
epoch 110/200 loss 0.0953 train 1.0000 test 0.1000
epoch 111/200 loss 0.0924 train 1.0000 test 0.1024
epoch 112/200 loss 0.0888 train 1.0000 test 0.1035
epoch 113/200 loss 0.0928 train 1.0000 test 0.1027
epoch 114/200 loss 0.0957 train 1.0000 test 0.1015
epoch 115/200 loss 0.0817 train 1.0000 test 0.1027
epoch 116/200 loss 0.0749 train 1.0000 test 0.1040
epoch 117/200 loss 0.0789 train 1.0000 test 0.1021
epoch 118/200 loss 0.0750 train 1.0000 test 0.1046
epoch 119/200 loss 0.0714 train 1.0000 test 0.1022
epoch 120/200 loss 0.0736 train 1.0000 test 0.1021
epoch 121/200 loss 0.0712 train 1.0000 test 0.1024
epoch 122/200 loss 0.0720 train 1.0000 test 0.1027
epoch 123/200 loss 0.0634 train 1.0000 test 0.1034
epoch 124/200 loss 0.0690 train 1.0000 test 0.1032
epoch 125/200 loss 0.0651 train 1.0000 test 0.1040
epoch 126/200 loss 0.0658 train 1.0000 test 0.1040
epoch 127/200 loss 0.0565 train 1.0000 test 0.1052
epoch 128/200 loss 0.0633 train 1.0000 test 0.1038
epoch 129/200 loss 0.0555 train 1.0000 test 0.1030
epoch 130/200 loss 0.0634 train 0.9974 test 0.1041
epoch 131/200 loss 0.0562 train 1.0000 test 0.1047
epoch 132/200 loss 0.0545 train 1.0000 test 0.1050
epoch 133/200 loss 0.0543 train 1.0000 test 0.1052
epoch 134/200 loss 0.0515 train 1.0000 test 0.1052
epoch 135/200 loss 0.0547 train 1.0000 test 0.1071
epoch 136/200 loss 0.0486 train 1.0000 test 0.1053
epoch 137/200 loss 0.0493 train 1.0000 test 0.1062
epoch 138/200 loss 0.0510 train 1.0000 test 0.1061
epoch 139/200 loss 0.0480 train 1.0000 test 0.1049
epoch 140/200 loss 0.0467 train 1.0000 test 0.1050
epoch 141/200 loss 0.0518 train 1.0000 test 0.1033
epoch 142/200 loss 0.0432 train 1.0000 test 0.1039
epoch 143/200 loss 0.0440 train 1.0000 test 0.1022
epoch 144/200 loss 0.0443 train 1.0000 test 0.1022
epoch 145/200 loss 0.0416 train 1.0000 test 0.1027
epoch 146/200 loss 0.0425 train 1.0000 test 0.1039
epoch 147/200 loss 0.0391 train 1.0000 test 0.1049
epoch 148/200 loss 0.0414 train 1.0000 test 0.1056
epoch 149/200 loss 0.0415 train 1.0000 test 0.1067
epoch 150/200 loss 0.0397 train 1.0000 test 0.1062
epoch 151/200 loss 0.0349 train 1.0000 test 0.1055
epoch 152/200 loss 0.0346 train 1.0000 test 0.1067
epoch 153/200 loss 0.0364 train 1.0000 test 0.1072
epoch 154/200 loss 0.0363 train 1.0000 test 0.1061
epoch 155/200 loss 0.0388 train 1.0000 test 0.1064
epoch 156/200 loss 0.0342 train 1.0000 test 0.1069
epoch 157/200 loss 0.0371 train 1.0000 test 0.1066
epoch 158/200 loss 0.0327 train 1.0000 test 0.1064
epoch 159/200 loss 0.0329 train 1.0000 test 0.1061
epoch 160/200 loss 0.0341 train 1.0000 test 0.1049
epoch 161/200 loss 0.0318 train 1.0000 test 0.1056
epoch 162/200 loss 0.0351 train 1.0000 test 0.1053
epoch 163/200 loss 0.0287 train 1.0000 test 0.1060
epoch 164/200 loss 0.0330 train 1.0000 test 0.1066
epoch 165/200 loss 0.0312 train 1.0000 test 0.1060
epoch 166/200 loss 0.0274 train 1.0000 test 0.1055
epoch 167/200 loss 0.0341 train 1.0000 test 0.1056
epoch 168/200 loss 0.0277 train 1.0000 test 0.1052
epoch 169/200 loss 0.0294 train 1.0000 test 0.1057
epoch 170/200 loss 0.0250 train 1.0000 test 0.1050
epoch 171/200 loss 0.0281 train 1.0000 test 0.1062
epoch 172/200 loss 0.0272 train 1.0000 test 0.1062
epoch 173/200 loss 0.0237 train 1.0000 test 0.1060
epoch 174/200 loss 0.0292 train 1.0000 test 0.1058
epoch 175/200 loss 0.0231 train 1.0000 test 0.1063
epoch 176/200 loss 0.0277 train 1.0000 test 0.1064
epoch 177/200 loss 0.0240 train 1.0000 test 0.1068
epoch 178/200 loss 0.0240 train 1.0000 test 0.1068
epoch 179/200 loss 0.0240 train 1.0000 test 0.1070
epoch 180/200 loss 0.0231 train 1.0000 test 0.1073
epoch 181/200 loss 0.0246 train 1.0000 test 0.1069
epoch 182/200 loss 0.0207 train 1.0000 test 0.1069
epoch 183/200 loss 0.0242 train 1.0000 test 0.1068
epoch 184/200 loss 0.0199 train 1.0000 test 0.1063
epoch 185/200 loss 0.0226 train 1.0000 test 0.1050
epoch 186/200 loss 0.0217 train 1.0000 test 0.1055
epoch 187/200 loss 0.0197 train 1.0000 test 0.1060
epoch 188/200 loss 0.0215 train 1.0000 test 0.1060
epoch 189/200 loss 0.0184 train 1.0000 test 0.1059
epoch 190/200 loss 0.0207 train 1.0000 test 0.1061
epoch 191/200 loss 0.0239 train 1.0000 test 0.1048
epoch 192/200 loss 0.0204 train 1.0000 test 0.1053
epoch 193/200 loss 0.0222 train 1.0000 test 0.1053
epoch 194/200 loss 0.0179 train 1.0000 test 0.1066
epoch 195/200 loss 0.0236 train 1.0000 test 0.1068
epoch 196/200 loss 0.0186 train 1.0000 test 0.1067
epoch 197/200 loss 0.0196 train 1.0000 test 0.1068
epoch 198/200 loss 0.0173 train 1.0000 test 0.1070
epoch 199/200 loss 0.0191 train 1.0000 test 0.1060
epoch 200/200 loss 0.0183 train 1.0000 test 0.1062
done: final 0.1062 best 0.1073 -> ./runs/diagstep_c100_aux_1pct/seed2
--- diagstep_c100_aux_25pct seed0 2026-08-15T02:29:23+02:00
moment-aux target calibrated on 1024 images
[diagstep_c100_aux_25pct seed0] {"params_trainable": 11222188, "params_stem_trainable": 0, "params_stem_fixed_filters": 0, "flops_total": 556705792, "flops_stem": 0, "flops_image_size": 32}
epoch 1/6 loss 4.8059 train 0.0531 test 0.0908
epoch 2/6 loss 3.9228 train 0.1186 test 0.1289
epoch 3/6 loss 3.5808 train 0.1629 test 0.1576
epoch 4/6 loss 3.2872 train 0.2041 test 0.1689
epoch 5/6 loss 3.0507 train 0.2455 test 0.2253
epoch 6/6 loss 2.8552 train 0.2870 test 0.2619
done: final 0.2619 best 0.2619 -> ./runs/diagstep_c100_aux_25pct/seed0
--- diagstep_c100_aux_25pct seed1 2026-08-15T02:30:19+02:00
moment-aux target calibrated on 1024 images
[diagstep_c100_aux_25pct seed1] {"params_trainable": 11222188, "params_stem_trainable": 0, "params_stem_fixed_filters": 0, "flops_total": 556705792, "flops_stem": 0, "flops_image_size": 32}
epoch 1/6 loss 4.8465 train 0.0532 test 0.0709
epoch 2/6 loss 3.9243 train 0.1198 test 0.1428
epoch 3/6 loss 3.5693 train 0.1638 test 0.1627
epoch 4/6 loss 3.2855 train 0.2087 test 0.1885
epoch 5/6 loss 3.0332 train 0.2490 test 0.2279
epoch 6/6 loss 2.8519 train 0.2858 test 0.2565
done: final 0.2565 best 0.2565 -> ./runs/diagstep_c100_aux_25pct/seed1
--- diagstep_c100_aux_25pct seed2 2026-08-15T02:31:11+02:00
moment-aux target calibrated on 1024 images
[diagstep_c100_aux_25pct seed2] {"params_trainable": 11222188, "params_stem_trainable": 0, "params_stem_fixed_filters": 0, "flops_total": 556705792, "flops_stem": 0, "flops_image_size": 32}
epoch 1/6 loss 4.7929 train 0.0553 test 0.0708
epoch 2/6 loss 3.9028 train 0.1220 test 0.1304
epoch 3/6 loss 3.5485 train 0.1732 test 0.1516
epoch 4/6 loss 3.2624 train 0.2156 test 0.1862
epoch 5/6 loss 3.0175 train 0.2547 test 0.2324
epoch 6/6 loss 2.8398 train 0.2875 test 0.2620
done: final 0.2620 best 0.2620 -> ./runs/diagstep_c100_aux_25pct/seed2
--- diagstep_c100_aux_2pct seed0 2026-08-15T02:32:07+02:00
moment-aux target calibrated on 1024 images
[diagstep_c100_aux_2pct seed0] {"params_trainable": 11222188, "params_stem_trainable": 0, "params_stem_fixed_filters": 0, "flops_total": 556705792, "flops_stem": 0, "flops_image_size": 32}
epoch 1/86 loss 6.7556 train 0.0045 test 0.0196
epoch 2/86 loss 5.7019 train 0.0279 test 0.0300
epoch 3/86 loss 5.2203 train 0.0402 test 0.0504
epoch 4/86 loss 4.7874 train 0.0525 test 0.0522
epoch 5/86 loss 4.5143 train 0.0636 test 0.0582
epoch 6/86 loss 4.3069 train 0.0826 test 0.0652
epoch 7/86 loss 4.1767 train 0.1027 test 0.0647
epoch 8/86 loss 4.0506 train 0.1071 test 0.0723
epoch 9/86 loss 3.9620 train 0.1194 test 0.0749
epoch 10/86 loss 3.8246 train 0.1496 test 0.0775
epoch 11/86 loss 3.7537 train 0.1574 test 0.0808
epoch 12/86 loss 3.7145 train 0.1529 test 0.0813
epoch 13/86 loss 3.6339 train 0.1473 test 0.0858
epoch 14/86 loss 3.5602 train 0.1819 test 0.0891
epoch 15/86 loss 3.4797 train 0.1886 test 0.0958
epoch 16/86 loss 3.3646 train 0.2165 test 0.0881
epoch 17/86 loss 3.2996 train 0.2132 test 0.0967
epoch 18/86 loss 3.2504 train 0.2288 test 0.0985
epoch 19/86 loss 3.1786 train 0.2188 test 0.0977
epoch 20/86 loss 3.0832 train 0.2444 test 0.1034
epoch 21/86 loss 3.0166 train 0.2723 test 0.1026
epoch 22/86 loss 2.9888 train 0.2612 test 0.0962
epoch 23/86 loss 2.8926 train 0.2935 test 0.1044
epoch 24/86 loss 2.8756 train 0.2946 test 0.1063
epoch 25/86 loss 2.8024 train 0.3013 test 0.1051
epoch 26/86 loss 2.6845 train 0.3438 test 0.1112
epoch 27/86 loss 2.6345 train 0.3438 test 0.1124
epoch 28/86 loss 2.5791 train 0.3482 test 0.1216
epoch 29/86 loss 2.4272 train 0.3929 test 0.1150
epoch 30/86 loss 2.3736 train 0.3873 test 0.1140
epoch 31/86 loss 2.3345 train 0.3984 test 0.1102
epoch 32/86 loss 2.2889 train 0.4196 test 0.1270
epoch 33/86 loss 2.1881 train 0.4520 test 0.1266
epoch 34/86 loss 2.0574 train 0.4587 test 0.1160
epoch 35/86 loss 1.9948 train 0.4944 test 0.1288
epoch 36/86 loss 1.9011 train 0.5167 test 0.1244
epoch 37/86 loss 1.9050 train 0.4911 test 0.1278
epoch 38/86 loss 1.7258 train 0.5502 test 0.1277
epoch 39/86 loss 1.6549 train 0.5837 test 0.1297
epoch 40/86 loss 1.6532 train 0.5737 test 0.1296
epoch 41/86 loss 1.5364 train 0.6127 test 0.1278
epoch 42/86 loss 1.4964 train 0.6239 test 0.1340
epoch 43/86 loss 1.3944 train 0.6641 test 0.1253
epoch 44/86 loss 1.2908 train 0.6942 test 0.1300
epoch 45/86 loss 1.2607 train 0.6987 test 0.1338
epoch 46/86 loss 1.1913 train 0.7098 test 0.1287
epoch 47/86 loss 1.1308 train 0.7478 test 0.1395
epoch 48/86 loss 1.0330 train 0.7600 test 0.1337
epoch 49/86 loss 0.9646 train 0.7913 test 0.1396
epoch 50/86 loss 0.9247 train 0.8025 test 0.1422
epoch 51/86 loss 0.7896 train 0.8538 test 0.1419
epoch 52/86 loss 0.7230 train 0.8739 test 0.1414
epoch 53/86 loss 0.6530 train 0.8906 test 0.1406
epoch 54/86 loss 0.6277 train 0.9018 test 0.1412
epoch 55/86 loss 0.5887 train 0.8996 test 0.1461
epoch 56/86 loss 0.4871 train 0.9453 test 0.1459
epoch 57/86 loss 0.4737 train 0.9408 test 0.1507
epoch 58/86 loss 0.4311 train 0.9487 test 0.1404
epoch 59/86 loss 0.3890 train 0.9621 test 0.1452
epoch 60/86 loss 0.3698 train 0.9587 test 0.1467
epoch 61/86 loss 0.3702 train 0.9609 test 0.1483
epoch 62/86 loss 0.3478 train 0.9621 test 0.1486
epoch 63/86 loss 0.2908 train 0.9866 test 0.1466
epoch 64/86 loss 0.2830 train 0.9788 test 0.1467
epoch 65/86 loss 0.2499 train 0.9944 test 0.1458
epoch 66/86 loss 0.2265 train 0.9933 test 0.1504
epoch 67/86 loss 0.2197 train 0.9944 test 0.1543
epoch 68/86 loss 0.2009 train 0.9967 test 0.1504
epoch 69/86 loss 0.1807 train 0.9967 test 0.1482
epoch 70/86 loss 0.1856 train 0.9933 test 0.1516
epoch 71/86 loss 0.1752 train 0.9978 test 0.1522
epoch 72/86 loss 0.1681 train 0.9978 test 0.1521
epoch 73/86 loss 0.1662 train 0.9978 test 0.1521
epoch 74/86 loss 0.1455 train 0.9978 test 0.1525
epoch 75/86 loss 0.1426 train 1.0000 test 0.1550
epoch 76/86 loss 0.1307 train 1.0000 test 0.1546
epoch 77/86 loss 0.1363 train 0.9978 test 0.1541
epoch 78/86 loss 0.1327 train 0.9967 test 0.1538
epoch 79/86 loss 0.1387 train 0.9989 test 0.1535
epoch 80/86 loss 0.1389 train 1.0000 test 0.1527
epoch 81/86 loss 0.1241 train 1.0000 test 0.1533
epoch 82/86 loss 0.1201 train 0.9978 test 0.1530
epoch 83/86 loss 0.1257 train 1.0000 test 0.1540
epoch 84/86 loss 0.1221 train 1.0000 test 0.1545
epoch 85/86 loss 0.1352 train 0.9978 test 0.1543
epoch 86/86 loss 0.1181 train 1.0000 test 0.1544
done: final 0.1544 best 0.1550 -> ./runs/diagstep_c100_aux_2pct/seed0
--- diagstep_c100_aux_2pct seed1 2026-08-15T02:35:40+02:00
moment-aux target calibrated on 1024 images
[diagstep_c100_aux_2pct seed1] {"params_trainable": 11222188, "params_stem_trainable": 0, "params_stem_fixed_filters": 0, "flops_total": 556705792, "flops_stem": 0, "flops_image_size": 32}
epoch 1/86 loss 6.9308 train 0.0067 test 0.0236
epoch 2/86 loss 5.7627 train 0.0335 test 0.0330
epoch 3/86 loss 5.2785 train 0.0346 test 0.0455
epoch 4/86 loss 4.8254 train 0.0491 test 0.0467
epoch 5/86 loss 4.5629 train 0.0614 test 0.0516
epoch 6/86 loss 4.3329 train 0.0837 test 0.0633
epoch 7/86 loss 4.1719 train 0.0960 test 0.0721
epoch 8/86 loss 4.0381 train 0.1217 test 0.0605
epoch 9/86 loss 3.9477 train 0.1060 test 0.0675
epoch 10/86 loss 3.8266 train 0.1473 test 0.0811
epoch 11/86 loss 3.7719 train 0.1529 test 0.0760
epoch 12/86 loss 3.6792 train 0.1473 test 0.0772
epoch 13/86 loss 3.6115 train 0.1763 test 0.0867
epoch 14/86 loss 3.5418 train 0.1775 test 0.0896
epoch 15/86 loss 3.4481 train 0.1975 test 0.0886
epoch 16/86 loss 3.3973 train 0.2054 test 0.0862
epoch 17/86 loss 3.3201 train 0.2042 test 0.0974
epoch 18/86 loss 3.2397 train 0.2243 test 0.0950
epoch 19/86 loss 3.1940 train 0.2567 test 0.1012
epoch 20/86 loss 3.1482 train 0.2522 test 0.1015
epoch 21/86 loss 3.0330 train 0.2690 test 0.1083
epoch 22/86 loss 2.9299 train 0.2656 test 0.1070
epoch 23/86 loss 2.8738 train 0.2734 test 0.1077
epoch 24/86 loss 2.8177 train 0.2913 test 0.1092
epoch 25/86 loss 2.8066 train 0.3125 test 0.1020
epoch 26/86 loss 2.6341 train 0.3337 test 0.1127
epoch 27/86 loss 2.5835 train 0.3627 test 0.1199
epoch 28/86 loss 2.5169 train 0.3783 test 0.1152
epoch 29/86 loss 2.4167 train 0.3973 test 0.1116
epoch 30/86 loss 2.3482 train 0.4152 test 0.1119
epoch 31/86 loss 2.3089 train 0.4141 test 0.1181
epoch 32/86 loss 2.2068 train 0.4275 test 0.1162
epoch 33/86 loss 2.1411 train 0.4554 test 0.1174
epoch 34/86 loss 2.0422 train 0.4799 test 0.1141
epoch 35/86 loss 2.0059 train 0.4810 test 0.1231
epoch 36/86 loss 1.9382 train 0.5067 test 0.1134
epoch 37/86 loss 1.9217 train 0.5078 test 0.1233
epoch 38/86 loss 1.7764 train 0.5391 test 0.1230
epoch 39/86 loss 1.7028 train 0.5714 test 0.1229
epoch 40/86 loss 1.6373 train 0.5938 test 0.1269
epoch 41/86 loss 1.4967 train 0.6339 test 0.1374
epoch 42/86 loss 1.4311 train 0.6328 test 0.1294
epoch 43/86 loss 1.4158 train 0.6507 test 0.1328
epoch 44/86 loss 1.3061 train 0.6920 test 0.1340
epoch 45/86 loss 1.2224 train 0.7199 test 0.1184
epoch 46/86 loss 1.1228 train 0.7433 test 0.1325
epoch 47/86 loss 1.1316 train 0.7478 test 0.1398
epoch 48/86 loss 1.0090 train 0.7578 test 0.1348
epoch 49/86 loss 0.9313 train 0.8013 test 0.1340
epoch 50/86 loss 0.8988 train 0.8203 test 0.1434
epoch 51/86 loss 0.8084 train 0.8371 test 0.1441
epoch 52/86 loss 0.7009 train 0.8806 test 0.1433
epoch 53/86 loss 0.6735 train 0.8750 test 0.1371
epoch 54/86 loss 0.6235 train 0.8951 test 0.1427
epoch 55/86 loss 0.5936 train 0.9062 test 0.1344
epoch 56/86 loss 0.5085 train 0.9308 test 0.1415
epoch 57/86 loss 0.4666 train 0.9498 test 0.1480
epoch 58/86 loss 0.4816 train 0.9297 test 0.1465
epoch 59/86 loss 0.3947 train 0.9554 test 0.1430
epoch 60/86 loss 0.3591 train 0.9676 test 0.1503
epoch 61/86 loss 0.3328 train 0.9732 test 0.1437
epoch 62/86 loss 0.2908 train 0.9888 test 0.1454
epoch 63/86 loss 0.2658 train 0.9888 test 0.1509
epoch 64/86 loss 0.2589 train 0.9888 test 0.1500
epoch 65/86 loss 0.2361 train 0.9955 test 0.1546
epoch 66/86 loss 0.2128 train 0.9955 test 0.1519
epoch 67/86 loss 0.1994 train 0.9944 test 0.1514
epoch 68/86 loss 0.1996 train 0.9944 test 0.1481
epoch 69/86 loss 0.1894 train 0.9967 test 0.1497
epoch 70/86 loss 0.1822 train 0.9955 test 0.1511
epoch 71/86 loss 0.1537 train 1.0000 test 0.1511
epoch 72/86 loss 0.1562 train 1.0000 test 0.1509
epoch 73/86 loss 0.1381 train 1.0000 test 0.1515
epoch 74/86 loss 0.1521 train 0.9978 test 0.1519
epoch 75/86 loss 0.1416 train 0.9989 test 0.1509
epoch 76/86 loss 0.1321 train 1.0000 test 0.1521
epoch 77/86 loss 0.1442 train 0.9967 test 0.1502
epoch 78/86 loss 0.1248 train 0.9967 test 0.1504
epoch 79/86 loss 0.1417 train 0.9933 test 0.1511
epoch 80/86 loss 0.1333 train 0.9989 test 0.1491
epoch 81/86 loss 0.1249 train 1.0000 test 0.1493
epoch 82/86 loss 0.1237 train 1.0000 test 0.1484
epoch 83/86 loss 0.1226 train 0.9989 test 0.1498
epoch 84/86 loss 0.1267 train 0.9978 test 0.1499
epoch 85/86 loss 0.1328 train 0.9989 test 0.1495
epoch 86/86 loss 0.1180 train 0.9989 test 0.1492
done: final 0.1492 best 0.1546 -> ./runs/diagstep_c100_aux_2pct/seed1
--- diagstep_c100_aux_2pct seed2 2026-08-15T02:39:25+02:00
moment-aux target calibrated on 1024 images
[diagstep_c100_aux_2pct seed2] {"params_trainable": 11222188, "params_stem_trainable": 0, "params_stem_fixed_filters": 0, "flops_total": 556705792, "flops_stem": 0, "flops_image_size": 32}
epoch 1/86 loss 6.6511 train 0.0033 test 0.0234
epoch 2/86 loss 5.7074 train 0.0190 test 0.0219
epoch 3/86 loss 5.1813 train 0.0346 test 0.0377
epoch 4/86 loss 4.7612 train 0.0536 test 0.0488
epoch 5/86 loss 4.4911 train 0.0681 test 0.0555
epoch 6/86 loss 4.3058 train 0.0815 test 0.0666
epoch 7/86 loss 4.1149 train 0.1105 test 0.0683
epoch 8/86 loss 4.0442 train 0.1150 test 0.0664
epoch 9/86 loss 3.9210 train 0.1384 test 0.0781
epoch 10/86 loss 3.8217 train 0.1283 test 0.0777
epoch 11/86 loss 3.7187 train 0.1540 test 0.0804
epoch 12/86 loss 3.6382 train 0.1618 test 0.0864
epoch 13/86 loss 3.5492 train 0.1730 test 0.0877
epoch 14/86 loss 3.5056 train 0.1763 test 0.0872
epoch 15/86 loss 3.4297 train 0.1886 test 0.0936
epoch 16/86 loss 3.3558 train 0.2176 test 0.0933
epoch 17/86 loss 3.3008 train 0.2221 test 0.0893
epoch 18/86 loss 3.2044 train 0.2567 test 0.1010
epoch 19/86 loss 3.1944 train 0.2467 test 0.0930
epoch 20/86 loss 3.1321 train 0.2411 test 0.1051
epoch 21/86 loss 3.0176 train 0.2701 test 0.1119
epoch 22/86 loss 2.9444 train 0.2467 test 0.1019
epoch 23/86 loss 2.9436 train 0.2656 test 0.1049
epoch 24/86 loss 2.8392 train 0.2879 test 0.1003
epoch 25/86 loss 2.8081 train 0.2980 test 0.1102
epoch 26/86 loss 2.7548 train 0.3203 test 0.1064
epoch 27/86 loss 2.6668 train 0.3438 test 0.1123
epoch 28/86 loss 2.5729 train 0.3426 test 0.1121
epoch 29/86 loss 2.4971 train 0.3705 test 0.1203
epoch 30/86 loss 2.4745 train 0.3705 test 0.1120
epoch 31/86 loss 2.3746 train 0.3884 test 0.1200
epoch 32/86 loss 2.3157 train 0.4208 test 0.1090
epoch 33/86 loss 2.1918 train 0.4263 test 0.1185
epoch 34/86 loss 2.1465 train 0.4576 test 0.1117
epoch 35/86 loss 2.0712 train 0.4665 test 0.1134
epoch 36/86 loss 2.0174 train 0.4766 test 0.1154
epoch 37/86 loss 1.9893 train 0.4900 test 0.1187
epoch 38/86 loss 1.7960 train 0.5458 test 0.1148
epoch 39/86 loss 1.7518 train 0.5379 test 0.1160
epoch 40/86 loss 1.6649 train 0.5647 test 0.1311
epoch 41/86 loss 1.5942 train 0.6049 test 0.1273
epoch 42/86 loss 1.5342 train 0.6105 test 0.1268
epoch 43/86 loss 1.4827 train 0.6350 test 0.1357
epoch 44/86 loss 1.3454 train 0.6585 test 0.1404
epoch 45/86 loss 1.2706 train 0.6931 test 0.1309
epoch 46/86 loss 1.2070 train 0.7355 test 0.1365
epoch 47/86 loss 1.1292 train 0.7500 test 0.1297
epoch 48/86 loss 1.0525 train 0.7656 test 0.1309
epoch 49/86 loss 1.0227 train 0.7902 test 0.1351
epoch 50/86 loss 0.9626 train 0.7868 test 0.1363
epoch 51/86 loss 0.8972 train 0.8203 test 0.1304
epoch 52/86 loss 0.8522 train 0.8371 test 0.1403
epoch 53/86 loss 0.7571 train 0.8661 test 0.1308
epoch 54/86 loss 0.6967 train 0.8795 test 0.1450
epoch 55/86 loss 0.6577 train 0.8873 test 0.1418
epoch 56/86 loss 0.5543 train 0.9174 test 0.1500
epoch 57/86 loss 0.5266 train 0.9252 test 0.1396
epoch 58/86 loss 0.4845 train 0.9464 test 0.1436
epoch 59/86 loss 0.4274 train 0.9531 test 0.1470
epoch 60/86 loss 0.3827 train 0.9576 test 0.1471
epoch 61/86 loss 0.3671 train 0.9665 test 0.1480
epoch 62/86 loss 0.3187 train 0.9788 test 0.1514
epoch 63/86 loss 0.2845 train 0.9888 test 0.1550
epoch 64/86 loss 0.2562 train 0.9855 test 0.1496
epoch 65/86 loss 0.2493 train 0.9922 test 0.1519
epoch 66/86 loss 0.2319 train 0.9933 test 0.1546
epoch 67/86 loss 0.2186 train 0.9967 test 0.1534
epoch 68/86 loss 0.2024 train 0.9922 test 0.1547
epoch 69/86 loss 0.2074 train 0.9911 test 0.1502
epoch 70/86 loss 0.1890 train 0.9955 test 0.1529
epoch 71/86 loss 0.1910 train 0.9967 test 0.1532
epoch 72/86 loss 0.1767 train 0.9989 test 0.1567
epoch 73/86 loss 0.1532 train 0.9989 test 0.1539
epoch 74/86 loss 0.1618 train 0.9978 test 0.1543
epoch 75/86 loss 0.1559 train 0.9989 test 0.1534
epoch 76/86 loss 0.1427 train 1.0000 test 0.1538
epoch 77/86 loss 0.1441 train 0.9978 test 0.1530
epoch 78/86 loss 0.1409 train 0.9955 test 0.1536
epoch 79/86 loss 0.1352 train 0.9978 test 0.1555
epoch 80/86 loss 0.1372 train 1.0000 test 0.1537
epoch 81/86 loss 0.1308 train 1.0000 test 0.1544
epoch 82/86 loss 0.1258 train 1.0000 test 0.1546
epoch 83/86 loss 0.1392 train 0.9978 test 0.1536
epoch 84/86 loss 0.1342 train 0.9989 test 0.1548
epoch 85/86 loss 0.1364 train 0.9978 test 0.1538
epoch 86/86 loss 0.1328 train 0.9989 test 0.1526
done: final 0.1526 best 0.1567 -> ./runs/diagstep_c100_aux_2pct/seed2
--- diagstep_c100_aux_5pct seed0 2026-08-15T02:43:07+02:00
moment-aux target calibrated on 1024 images
[diagstep_c100_aux_5pct seed0] {"params_trainable": 11222188, "params_stem_trainable": 0, "params_stem_fixed_filters": 0, "flops_total": 556705792, "flops_stem": 0, "flops_image_size": 32}
epoch 1/32 loss 6.1199 train 0.0189 test 0.0304
epoch 2/32 loss 4.8975 train 0.0378 test 0.0466
epoch 3/32 loss 4.4615 train 0.0736 test 0.0638
epoch 4/32 loss 4.2303 train 0.0896 test 0.0818
epoch 5/32 loss 4.0593 train 0.1012 test 0.0874
epoch 6/32 loss 3.9404 train 0.1147 test 0.1043
epoch 7/32 loss 3.7913 train 0.1390 test 0.1018
epoch 8/32 loss 3.6685 train 0.1451 test 0.1115
epoch 9/32 loss 3.6149 train 0.1624 test 0.1133
epoch 10/32 loss 3.5052 train 0.1822 test 0.1181
epoch 11/32 loss 3.4570 train 0.1809 test 0.1219
epoch 12/32 loss 3.3309 train 0.2048 test 0.1446
epoch 13/32 loss 3.2505 train 0.2130 test 0.1354
epoch 14/32 loss 3.1612 train 0.2360 test 0.1517
epoch 15/32 loss 3.0620 train 0.2381 test 0.1613
epoch 16/32 loss 2.9735 train 0.2710 test 0.1708
epoch 17/32 loss 2.9227 train 0.2603 test 0.1562
epoch 18/32 loss 2.8125 train 0.2882 test 0.1690
epoch 19/32 loss 2.7285 train 0.3113 test 0.1870
epoch 20/32 loss 2.6139 train 0.3331 test 0.1758
epoch 21/32 loss 2.5381 train 0.3454 test 0.1901
epoch 22/32 loss 2.4763 train 0.3705 test 0.2062
epoch 23/32 loss 2.3665 train 0.4001 test 0.2068
epoch 24/32 loss 2.2789 train 0.4091 test 0.2131
epoch 25/32 loss 2.1981 train 0.4371 test 0.2143
epoch 26/32 loss 2.1586 train 0.4437 test 0.2229
epoch 27/32 loss 2.0899 train 0.4572 test 0.2225
epoch 28/32 loss 2.0141 train 0.4770 test 0.2262
epoch 29/32 loss 2.0067 train 0.4938 test 0.2294
epoch 30/32 loss 1.9641 train 0.5016 test 0.2313
epoch 31/32 loss 1.9510 train 0.4996 test 0.2324
epoch 32/32 loss 1.9337 train 0.5074 test 0.2334
done: final 0.2334 best 0.2334 -> ./runs/diagstep_c100_aux_5pct/seed0
--- diagstep_c100_aux_5pct seed1 2026-08-15T02:45:01+02:00
moment-aux target calibrated on 1024 images
[diagstep_c100_aux_5pct seed1] {"params_trainable": 11222188, "params_stem_trainable": 0, "params_stem_fixed_filters": 0, "flops_total": 556705792, "flops_stem": 0, "flops_image_size": 32}
epoch 1/32 loss 6.0788 train 0.0185 test 0.0372
epoch 2/32 loss 4.8354 train 0.0465 test 0.0522
epoch 3/32 loss 4.4583 train 0.0720 test 0.0751
epoch 4/32 loss 4.2102 train 0.0880 test 0.0782
epoch 5/32 loss 4.1080 train 0.1077 test 0.0890
epoch 6/32 loss 3.9125 train 0.1197 test 0.1072
epoch 7/32 loss 3.8082 train 0.1423 test 0.1090
epoch 8/32 loss 3.7353 train 0.1431 test 0.1076
epoch 9/32 loss 3.6469 train 0.1558 test 0.1199
epoch 10/32 loss 3.5268 train 0.1768 test 0.1296
epoch 11/32 loss 3.4089 train 0.1904 test 0.1290
epoch 12/32 loss 3.3279 train 0.2023 test 0.1373
epoch 13/32 loss 3.2617 train 0.2188 test 0.1415
epoch 14/32 loss 3.2105 train 0.2216 test 0.1558
epoch 15/32 loss 3.0805 train 0.2463 test 0.1593
epoch 16/32 loss 2.9808 train 0.2722 test 0.1797
epoch 17/32 loss 2.8957 train 0.2817 test 0.1728
epoch 18/32 loss 2.8457 train 0.2812 test 0.1585
epoch 19/32 loss 2.7710 train 0.3026 test 0.1795
epoch 20/32 loss 2.6674 train 0.3211 test 0.1843
epoch 21/32 loss 2.5990 train 0.3433 test 0.1932
epoch 22/32 loss 2.5255 train 0.3475 test 0.1955
epoch 23/32 loss 2.4408 train 0.3635 test 0.1885
epoch 24/32 loss 2.3732 train 0.3968 test 0.2073
epoch 25/32 loss 2.2780 train 0.4104 test 0.2095
epoch 26/32 loss 2.2145 train 0.4371 test 0.2106
epoch 27/32 loss 2.1759 train 0.4408 test 0.2151
epoch 28/32 loss 2.1123 train 0.4552 test 0.2264
epoch 29/32 loss 2.0785 train 0.4527 test 0.2257
epoch 30/32 loss 2.0707 train 0.4630 test 0.2276
epoch 31/32 loss 2.0214 train 0.4749 test 0.2297
epoch 32/32 loss 2.0184 train 0.4803 test 0.2301
done: final 0.2301 best 0.2301 -> ./runs/diagstep_c100_aux_5pct/seed1
--- diagstep_c100_aux_5pct seed2 2026-08-15T02:46:54+02:00
moment-aux target calibrated on 1024 images
[diagstep_c100_aux_5pct seed2] {"params_trainable": 11222188, "params_stem_trainable": 0, "params_stem_fixed_filters": 0, "flops_total": 556705792, "flops_stem": 0, "flops_image_size": 32}
epoch 1/32 loss 5.9724 train 0.0173 test 0.0368
epoch 2/32 loss 4.8465 train 0.0428 test 0.0553
epoch 3/32 loss 4.4263 train 0.0707 test 0.0686
epoch 4/32 loss 4.1803 train 0.0839 test 0.0871
epoch 5/32 loss 4.0443 train 0.1143 test 0.0995
epoch 6/32 loss 3.8784 train 0.1192 test 0.1079
epoch 7/32 loss 3.7744 train 0.1242 test 0.0985
epoch 8/32 loss 3.6996 train 0.1419 test 0.1125
epoch 9/32 loss 3.6254 train 0.1616 test 0.1234
epoch 10/32 loss 3.4955 train 0.1776 test 0.1218
epoch 11/32 loss 3.4388 train 0.1867 test 0.1330
epoch 12/32 loss 3.3411 train 0.2035 test 0.1412
epoch 13/32 loss 3.2384 train 0.2183 test 0.1507
epoch 14/32 loss 3.1700 train 0.2331 test 0.1517
epoch 15/32 loss 3.0548 train 0.2471 test 0.1647
epoch 16/32 loss 2.9887 train 0.2590 test 0.1684
epoch 17/32 loss 2.9400 train 0.2603 test 0.1609
epoch 18/32 loss 2.8614 train 0.2788 test 0.1699
epoch 19/32 loss 2.7635 train 0.2969 test 0.1857
epoch 20/32 loss 2.6595 train 0.3281 test 0.1864
epoch 21/32 loss 2.5754 train 0.3442 test 0.1919
epoch 22/32 loss 2.5062 train 0.3540 test 0.1922
epoch 23/32 loss 2.4045 train 0.3882 test 0.2148
epoch 24/32 loss 2.3420 train 0.4021 test 0.2119
epoch 25/32 loss 2.2634 train 0.4161 test 0.2144
epoch 26/32 loss 2.2100 train 0.4317 test 0.2251
epoch 27/32 loss 2.1435 train 0.4498 test 0.2269
epoch 28/32 loss 2.0911 train 0.4597 test 0.2255
epoch 29/32 loss 2.0310 train 0.4815 test 0.2243
epoch 30/32 loss 2.0204 train 0.4836 test 0.2312
epoch 31/32 loss 1.9940 train 0.4942 test 0.2331
epoch 32/32 loss 1.9753 train 0.4951 test 0.2343
done: final 0.2343 best 0.2343 -> ./runs/diagstep_c100_aux_5pct/seed2
--- diagstep_c100_none_10pct seed0 2026-08-15T02:48:49+02:00
[diagstep_c100_none_10pct seed0] {"params_trainable": 11220132, "params_stem_trainable": 0, "params_stem_fixed_filters": 0, "flops_total": 556705792, "flops_stem": 0, "flops_image_size": 32}
epoch 1/15 loss 4.4735 train 0.0399 test 0.0509
epoch 2/15 loss 4.1651 train 0.0643 test 0.0724
epoch 3/15 loss 4.0050 train 0.0887 test 0.0893
epoch 4/15 loss 3.8842 train 0.0946 test 0.0873
epoch 5/15 loss 3.8183 train 0.1096 test 0.0982
epoch 6/15 loss 3.7029 train 0.1322 test 0.1033
epoch 7/15 loss 3.6157 train 0.1400 test 0.1203
epoch 8/15 loss 3.5311 train 0.1524 test 0.1189
epoch 9/15 loss 3.4484 train 0.1673 test 0.1333
epoch 10/15 loss 3.3656 train 0.1809 test 0.1556
epoch 11/15 loss 3.2875 train 0.2017 test 0.1654
epoch 12/15 loss 3.2329 train 0.2065 test 0.1652
epoch 13/15 loss 3.1731 train 0.2292 test 0.1767
epoch 14/15 loss 3.1181 train 0.2364 test 0.1798
epoch 15/15 loss 3.0958 train 0.2522 test 0.1798
done: final 0.1798 best 0.1798 -> ./runs/diagstep_c100_none_10pct/seed0
--- diagstep_c100_none_10pct seed1 2026-08-15T02:50:02+02:00
[diagstep_c100_none_10pct seed1] {"params_trainable": 11220132, "params_stem_trainable": 0, "params_stem_fixed_filters": 0, "flops_total": 556705792, "flops_stem": 0, "flops_image_size": 32}
epoch 1/15 loss 4.4633 train 0.0373 test 0.0542
epoch 2/15 loss 4.1863 train 0.0597 test 0.0763
epoch 3/15 loss 4.0344 train 0.0757 test 0.0751
epoch 4/15 loss 3.9134 train 0.0966 test 0.0929
epoch 5/15 loss 3.8223 train 0.1084 test 0.1014
epoch 6/15 loss 3.6998 train 0.1260 test 0.1097
epoch 7/15 loss 3.6206 train 0.1398 test 0.1145
epoch 8/15 loss 3.5316 train 0.1536 test 0.1321
epoch 9/15 loss 3.4621 train 0.1651 test 0.1419
epoch 10/15 loss 3.3749 train 0.1781 test 0.1469
epoch 11/15 loss 3.2904 train 0.1999 test 0.1630
epoch 12/15 loss 3.2255 train 0.2143 test 0.1633
epoch 13/15 loss 3.1648 train 0.2352 test 0.1766
epoch 14/15 loss 3.1260 train 0.2366 test 0.1834
epoch 15/15 loss 3.1063 train 0.2444 test 0.1832
done: final 0.1832 best 0.1834 -> ./runs/diagstep_c100_none_10pct/seed1
--- diagstep_c100_none_10pct seed2 2026-08-15T02:51:15+02:00
[diagstep_c100_none_10pct seed2] {"params_trainable": 11220132, "params_stem_trainable": 0, "params_stem_fixed_filters": 0, "flops_total": 556705792, "flops_stem": 0, "flops_image_size": 32}
epoch 1/15 loss 4.4591 train 0.0385 test 0.0598
epoch 2/15 loss 4.1635 train 0.0685 test 0.0734
epoch 3/15 loss 4.0188 train 0.0869 test 0.0736
epoch 4/15 loss 3.8882 train 0.0946 test 0.1010
epoch 5/15 loss 3.7930 train 0.1152 test 0.1117
epoch 6/15 loss 3.6923 train 0.1244 test 0.1203
epoch 7/15 loss 3.6238 train 0.1392 test 0.1108
epoch 8/15 loss 3.5144 train 0.1587 test 0.1308
epoch 9/15 loss 3.4386 train 0.1717 test 0.1427
epoch 10/15 loss 3.3603 train 0.1819 test 0.1461
epoch 11/15 loss 3.2710 train 0.2107 test 0.1682
epoch 12/15 loss 3.1966 train 0.2250 test 0.1801
epoch 13/15 loss 3.1417 train 0.2386 test 0.1792
epoch 14/15 loss 3.0825 train 0.2510 test 0.1886
epoch 15/15 loss 3.0499 train 0.2596 test 0.1874
done: final 0.1874 best 0.1886 -> ./runs/diagstep_c100_none_10pct/seed2
--- diagstep_c100_none_1pct seed0 2026-08-15T02:52:28+02:00
[diagstep_c100_none_1pct seed0] {"params_trainable": 11220132, "params_stem_trainable": 0, "params_stem_fixed_filters": 0, "flops_total": 556705792, "flops_stem": 0, "flops_image_size": 32}
epoch 1/200 loss 4.6628 train 0.0026 test 0.0115
epoch 2/200 loss 4.5665 train 0.0260 test 0.0198
epoch 3/200 loss 4.4841 train 0.0312 test 0.0249
epoch 4/200 loss 4.3657 train 0.0339 test 0.0324
epoch 5/200 loss 4.2373 train 0.0547 test 0.0338
epoch 6/200 loss 4.0869 train 0.0521 test 0.0350
epoch 7/200 loss 3.9870 train 0.0938 test 0.0473
epoch 8/200 loss 3.9208 train 0.1094 test 0.0537
epoch 9/200 loss 3.8132 train 0.1354 test 0.0508
epoch 10/200 loss 3.6952 train 0.1302 test 0.0497
epoch 11/200 loss 3.6305 train 0.1172 test 0.0488
epoch 12/200 loss 3.5825 train 0.1120 test 0.0472
epoch 13/200 loss 3.4645 train 0.1432 test 0.0549
epoch 14/200 loss 3.4417 train 0.1641 test 0.0563
epoch 15/200 loss 3.3723 train 0.1875 test 0.0586
epoch 16/200 loss 3.3882 train 0.2005 test 0.0615
epoch 17/200 loss 3.2315 train 0.2031 test 0.0593
epoch 18/200 loss 3.1024 train 0.2214 test 0.0541
epoch 19/200 loss 3.1442 train 0.2240 test 0.0592
epoch 20/200 loss 3.0567 train 0.2135 test 0.0619
epoch 21/200 loss 3.0230 train 0.2161 test 0.0574
epoch 22/200 loss 2.9616 train 0.2161 test 0.0523
epoch 23/200 loss 2.9398 train 0.2422 test 0.0591
epoch 24/200 loss 2.8984 train 0.2344 test 0.0605
epoch 25/200 loss 2.8079 train 0.2760 test 0.0658
epoch 26/200 loss 2.8272 train 0.2682 test 0.0641
epoch 27/200 loss 2.7150 train 0.2839 test 0.0589
epoch 28/200 loss 2.7294 train 0.2812 test 0.0580
epoch 29/200 loss 2.7331 train 0.2370 test 0.0608
epoch 30/200 loss 2.6086 train 0.3177 test 0.0641
epoch 31/200 loss 2.6178 train 0.3177 test 0.0669
epoch 32/200 loss 2.6285 train 0.3099 test 0.0533
epoch 33/200 loss 2.4572 train 0.3490 test 0.0600
epoch 34/200 loss 2.4463 train 0.3438 test 0.0695
epoch 35/200 loss 2.4022 train 0.3516 test 0.0649
epoch 36/200 loss 2.3978 train 0.3594 test 0.0600
epoch 37/200 loss 2.3279 train 0.3906 test 0.0599
epoch 38/200 loss 2.3360 train 0.3724 test 0.0640
epoch 39/200 loss 2.2928 train 0.3698 test 0.0675
epoch 40/200 loss 2.1797 train 0.4167 test 0.0685
epoch 41/200 loss 2.1647 train 0.4167 test 0.0695
epoch 42/200 loss 2.1234 train 0.4219 test 0.0693
epoch 43/200 loss 2.0387 train 0.4688 test 0.0661
epoch 44/200 loss 2.0433 train 0.4740 test 0.0705
epoch 45/200 loss 2.0703 train 0.4323 test 0.0695
epoch 46/200 loss 1.9701 train 0.4766 test 0.0729
epoch 47/200 loss 1.8621 train 0.5339 test 0.0656
epoch 48/200 loss 1.9488 train 0.5078 test 0.0692
epoch 49/200 loss 1.8593 train 0.5208 test 0.0736
epoch 50/200 loss 1.7140 train 0.5573 test 0.0711
epoch 51/200 loss 1.7349 train 0.5078 test 0.0737
epoch 52/200 loss 1.6335 train 0.5781 test 0.0641
epoch 53/200 loss 1.6123 train 0.5677 test 0.0696
epoch 54/200 loss 1.5674 train 0.6016 test 0.0684
epoch 55/200 loss 1.5727 train 0.6016 test 0.0685
epoch 56/200 loss 1.5416 train 0.5703 test 0.0629
epoch 57/200 loss 1.5240 train 0.6276 test 0.0682
epoch 58/200 loss 1.5412 train 0.6172 test 0.0717
epoch 59/200 loss 1.3937 train 0.6562 test 0.0675
epoch 60/200 loss 1.3469 train 0.6484 test 0.0730
epoch 61/200 loss 1.2218 train 0.6901 test 0.0741
epoch 62/200 loss 1.1463 train 0.7292 test 0.0669
epoch 63/200 loss 1.2083 train 0.6927 test 0.0777
epoch 64/200 loss 1.1836 train 0.7031 test 0.0724
epoch 65/200 loss 1.0811 train 0.7109 test 0.0748
epoch 66/200 loss 1.0983 train 0.7109 test 0.0746
epoch 67/200 loss 1.0086 train 0.7656 test 0.0747
epoch 68/200 loss 0.9236 train 0.7865 test 0.0775
epoch 69/200 loss 0.9566 train 0.7682 test 0.0757
epoch 70/200 loss 0.9006 train 0.7943 test 0.0774
epoch 71/200 loss 0.8342 train 0.8047 test 0.0725
epoch 72/200 loss 0.8243 train 0.8151 test 0.0770
epoch 73/200 loss 0.7698 train 0.8464 test 0.0823
epoch 74/200 loss 0.7072 train 0.8672 test 0.0774
epoch 75/200 loss 0.7810 train 0.8255 test 0.0777
epoch 76/200 loss 0.6512 train 0.8750 test 0.0811
epoch 77/200 loss 0.6603 train 0.8594 test 0.0798
epoch 78/200 loss 0.6766 train 0.8594 test 0.0718
epoch 79/200 loss 0.5619 train 0.8906 test 0.0718
epoch 80/200 loss 0.5505 train 0.8802 test 0.0783
epoch 81/200 loss 0.4945 train 0.9115 test 0.0760
epoch 82/200 loss 0.4880 train 0.8958 test 0.0762
epoch 83/200 loss 0.4503 train 0.9036 test 0.0801
epoch 84/200 loss 0.4476 train 0.9271 test 0.0836
epoch 85/200 loss 0.4161 train 0.9323 test 0.0811
epoch 86/200 loss 0.3609 train 0.9453 test 0.0748
epoch 87/200 loss 0.3493 train 0.9479 test 0.0786
epoch 88/200 loss 0.3059 train 0.9635 test 0.0884
epoch 89/200 loss 0.3660 train 0.9557 test 0.0852
epoch 90/200 loss 0.3112 train 0.9557 test 0.0775
epoch 91/200 loss 0.2559 train 0.9661 test 0.0745
epoch 92/200 loss 0.3409 train 0.9557 test 0.0811
epoch 93/200 loss 0.2585 train 0.9870 test 0.0814
epoch 94/200 loss 0.3045 train 0.9479 test 0.0791
epoch 95/200 loss 0.2943 train 0.9583 test 0.0803
epoch 96/200 loss 0.2875 train 0.9479 test 0.0812
epoch 97/200 loss 0.2614 train 0.9635 test 0.0845
epoch 98/200 loss 0.2783 train 0.9531 test 0.0757
epoch 99/200 loss 0.2432 train 0.9609 test 0.0780
epoch 100/200 loss 0.2304 train 0.9688 test 0.0839
epoch 101/200 loss 0.2012 train 0.9688 test 0.0831
epoch 102/200 loss 0.1551 train 0.9896 test 0.0845
epoch 103/200 loss 0.1728 train 0.9844 test 0.0821
epoch 104/200 loss 0.1303 train 0.9896 test 0.0808
epoch 105/200 loss 0.1406 train 0.9844 test 0.0831
epoch 106/200 loss 0.1085 train 1.0000 test 0.0854
epoch 107/200 loss 0.1155 train 0.9922 test 0.0825
epoch 108/200 loss 0.1219 train 0.9974 test 0.0821
epoch 109/200 loss 0.0869 train 0.9948 test 0.0825
epoch 110/200 loss 0.0790 train 1.0000 test 0.0802
epoch 111/200 loss 0.0796 train 0.9974 test 0.0834
epoch 112/200 loss 0.0686 train 0.9974 test 0.0848
epoch 113/200 loss 0.0567 train 0.9974 test 0.0844
epoch 114/200 loss 0.0572 train 0.9974 test 0.0867
epoch 115/200 loss 0.0677 train 1.0000 test 0.0891
epoch 116/200 loss 0.0529 train 1.0000 test 0.0889
epoch 117/200 loss 0.0794 train 0.9948 test 0.0894
epoch 118/200 loss 0.0534 train 1.0000 test 0.0878
epoch 119/200 loss 0.0536 train 0.9974 test 0.0868
epoch 120/200 loss 0.0733 train 0.9948 test 0.0882
epoch 121/200 loss 0.0447 train 1.0000 test 0.0895
epoch 122/200 loss 0.0461 train 1.0000 test 0.0878
epoch 123/200 loss 0.0557 train 1.0000 test 0.0858
epoch 124/200 loss 0.0628 train 1.0000 test 0.0821
epoch 125/200 loss 0.0453 train 0.9974 test 0.0837
epoch 126/200 loss 0.0456 train 1.0000 test 0.0864
epoch 127/200 loss 0.0387 train 1.0000 test 0.0846
epoch 128/200 loss 0.0512 train 0.9974 test 0.0866
epoch 129/200 loss 0.0363 train 1.0000 test 0.0902
epoch 130/200 loss 0.0412 train 1.0000 test 0.0898
epoch 131/200 loss 0.0318 train 1.0000 test 0.0886
epoch 132/200 loss 0.0352 train 1.0000 test 0.0905
epoch 133/200 loss 0.0347 train 1.0000 test 0.0907
epoch 134/200 loss 0.0345 train 1.0000 test 0.0899
epoch 135/200 loss 0.0333 train 1.0000 test 0.0898
epoch 136/200 loss 0.0342 train 1.0000 test 0.0898
epoch 137/200 loss 0.0253 train 1.0000 test 0.0899
epoch 138/200 loss 0.0389 train 1.0000 test 0.0891
epoch 139/200 loss 0.0349 train 1.0000 test 0.0893
epoch 140/200 loss 0.0359 train 1.0000 test 0.0877
epoch 141/200 loss 0.0265 train 1.0000 test 0.0869
epoch 142/200 loss 0.0332 train 1.0000 test 0.0880
epoch 143/200 loss 0.0356 train 1.0000 test 0.0883
epoch 144/200 loss 0.0324 train 1.0000 test 0.0889
epoch 145/200 loss 0.0390 train 1.0000 test 0.0892
epoch 146/200 loss 0.0282 train 1.0000 test 0.0894
epoch 147/200 loss 0.0266 train 1.0000 test 0.0907
epoch 148/200 loss 0.0317 train 1.0000 test 0.0896
epoch 149/200 loss 0.0250 train 1.0000 test 0.0895
epoch 150/200 loss 0.0253 train 1.0000 test 0.0893
epoch 151/200 loss 0.0284 train 1.0000 test 0.0889
epoch 152/200 loss 0.0388 train 1.0000 test 0.0886
epoch 153/200 loss 0.0242 train 1.0000 test 0.0893
epoch 154/200 loss 0.0271 train 1.0000 test 0.0901
epoch 155/200 loss 0.0256 train 1.0000 test 0.0901
epoch 156/200 loss 0.0243 train 1.0000 test 0.0888
epoch 157/200 loss 0.0230 train 1.0000 test 0.0899
epoch 158/200 loss 0.0271 train 1.0000 test 0.0901
epoch 159/200 loss 0.0277 train 1.0000 test 0.0899
epoch 160/200 loss 0.0223 train 1.0000 test 0.0900
epoch 161/200 loss 0.0222 train 1.0000 test 0.0899
epoch 162/200 loss 0.0222 train 1.0000 test 0.0896
epoch 163/200 loss 0.0245 train 1.0000 test 0.0904
epoch 164/200 loss 0.0256 train 1.0000 test 0.0907
epoch 165/200 loss 0.0226 train 1.0000 test 0.0903
epoch 166/200 loss 0.0253 train 1.0000 test 0.0893
epoch 167/200 loss 0.0258 train 1.0000 test 0.0900
epoch 168/200 loss 0.0232 train 1.0000 test 0.0894
epoch 169/200 loss 0.0261 train 1.0000 test 0.0891
epoch 170/200 loss 0.0247 train 1.0000 test 0.0896
epoch 171/200 loss 0.0220 train 1.0000 test 0.0899
epoch 172/200 loss 0.0235 train 1.0000 test 0.0896
epoch 173/200 loss 0.0246 train 1.0000 test 0.0899
epoch 174/200 loss 0.0256 train 1.0000 test 0.0901
epoch 175/200 loss 0.0294 train 1.0000 test 0.0897
epoch 176/200 loss 0.0263 train 1.0000 test 0.0908
epoch 177/200 loss 0.0216 train 1.0000 test 0.0900
epoch 178/200 loss 0.0261 train 1.0000 test 0.0897
epoch 179/200 loss 0.0218 train 1.0000 test 0.0898
epoch 180/200 loss 0.0255 train 1.0000 test 0.0903
epoch 181/200 loss 0.0247 train 1.0000 test 0.0896
epoch 182/200 loss 0.0211 train 1.0000 test 0.0900
epoch 183/200 loss 0.0283 train 1.0000 test 0.0898
epoch 184/200 loss 0.0232 train 1.0000 test 0.0902
epoch 185/200 loss 0.0244 train 1.0000 test 0.0898
epoch 186/200 loss 0.0362 train 1.0000 test 0.0900
epoch 187/200 loss 0.0227 train 1.0000 test 0.0899
epoch 188/200 loss 0.0243 train 1.0000 test 0.0904
epoch 189/200 loss 0.0254 train 1.0000 test 0.0902
epoch 190/200 loss 0.0206 train 1.0000 test 0.0902
epoch 191/200 loss 0.0210 train 1.0000 test 0.0903
epoch 192/200 loss 0.0239 train 1.0000 test 0.0896
epoch 193/200 loss 0.0223 train 1.0000 test 0.0898
epoch 194/200 loss 0.0273 train 1.0000 test 0.0902
epoch 195/200 loss 0.0229 train 1.0000 test 0.0898
epoch 196/200 loss 0.0268 train 1.0000 test 0.0894
epoch 197/200 loss 0.0304 train 1.0000 test 0.0900
epoch 198/200 loss 0.0249 train 1.0000 test 0.0896
epoch 199/200 loss 0.0253 train 1.0000 test 0.0896
epoch 200/200 loss 0.0229 train 1.0000 test 0.0899
done: final 0.0899 best 0.0908 -> ./runs/diagstep_c100_none_1pct/seed0
--- diagstep_c100_none_1pct seed1 2026-08-15T03:00:07+02:00
[diagstep_c100_none_1pct seed1] {"params_trainable": 11220132, "params_stem_trainable": 0, "params_stem_fixed_filters": 0, "flops_total": 556705792, "flops_stem": 0, "flops_image_size": 32}
epoch 1/200 loss 4.6463 train 0.0026 test 0.0122
epoch 2/200 loss 4.5841 train 0.0182 test 0.0225
epoch 3/200 loss 4.4913 train 0.0234 test 0.0270
epoch 4/200 loss 4.3765 train 0.0521 test 0.0338
epoch 5/200 loss 4.2342 train 0.0833 test 0.0411
epoch 6/200 loss 4.1310 train 0.0781 test 0.0429
epoch 7/200 loss 4.0425 train 0.0938 test 0.0453
epoch 8/200 loss 3.9420 train 0.0833 test 0.0451
epoch 9/200 loss 3.9161 train 0.0807 test 0.0502
epoch 10/200 loss 3.7693 train 0.1250 test 0.0449
epoch 11/200 loss 3.7382 train 0.1094 test 0.0469
epoch 12/200 loss 3.6782 train 0.1380 test 0.0553
epoch 13/200 loss 3.6096 train 0.1146 test 0.0493
epoch 14/200 loss 3.4614 train 0.1432 test 0.0528
epoch 15/200 loss 3.4082 train 0.1510 test 0.0518
epoch 16/200 loss 3.3812 train 0.1536 test 0.0580
epoch 17/200 loss 3.3219 train 0.1797 test 0.0592
epoch 18/200 loss 3.2278 train 0.1745 test 0.0559
epoch 19/200 loss 3.2016 train 0.1901 test 0.0600
epoch 20/200 loss 3.1506 train 0.2370 test 0.0609
epoch 21/200 loss 3.1757 train 0.1927 test 0.0625
epoch 22/200 loss 3.0495 train 0.2214 test 0.0611
epoch 23/200 loss 3.0571 train 0.2240 test 0.0628
epoch 24/200 loss 2.9535 train 0.2422 test 0.0577
epoch 25/200 loss 2.9463 train 0.2500 test 0.0625
epoch 26/200 loss 2.8062 train 0.2604 test 0.0566
epoch 27/200 loss 2.8485 train 0.2552 test 0.0623
epoch 28/200 loss 2.8321 train 0.2474 test 0.0655
epoch 29/200 loss 2.6982 train 0.3203 test 0.0635
epoch 30/200 loss 2.7530 train 0.2708 test 0.0647
epoch 31/200 loss 2.6556 train 0.3177 test 0.0578
epoch 32/200 loss 2.6380 train 0.3021 test 0.0611
epoch 33/200 loss 2.5290 train 0.3307 test 0.0638
epoch 34/200 loss 2.5411 train 0.3438 test 0.0681
epoch 35/200 loss 2.4719 train 0.3698 test 0.0705
epoch 36/200 loss 2.4132 train 0.3490 test 0.0646
epoch 37/200 loss 2.4034 train 0.3490 test 0.0594
epoch 38/200 loss 2.3709 train 0.3698 test 0.0612
epoch 39/200 loss 2.3643 train 0.3359 test 0.0664
epoch 40/200 loss 2.3279 train 0.3828 test 0.0613
epoch 41/200 loss 2.2534 train 0.4089 test 0.0663
epoch 42/200 loss 2.2558 train 0.4193 test 0.0678
epoch 43/200 loss 2.1214 train 0.4453 test 0.0645
epoch 44/200 loss 2.0823 train 0.4245 test 0.0673
epoch 45/200 loss 2.0192 train 0.4661 test 0.0708
epoch 46/200 loss 1.9694 train 0.4766 test 0.0638
epoch 47/200 loss 1.9482 train 0.4870 test 0.0704
epoch 48/200 loss 1.8583 train 0.5365 test 0.0684
epoch 49/200 loss 1.7702 train 0.5521 test 0.0682
epoch 50/200 loss 1.7974 train 0.5339 test 0.0622
epoch 51/200 loss 1.7224 train 0.5312 test 0.0659
epoch 52/200 loss 1.8009 train 0.5026 test 0.0726
epoch 53/200 loss 1.5981 train 0.5885 test 0.0719
epoch 54/200 loss 1.7039 train 0.5547 test 0.0642
epoch 55/200 loss 1.6046 train 0.5833 test 0.0715
epoch 56/200 loss 1.5870 train 0.5417 test 0.0638
epoch 57/200 loss 1.5228 train 0.6042 test 0.0663
epoch 58/200 loss 1.5494 train 0.5781 test 0.0718
epoch 59/200 loss 1.4634 train 0.6172 test 0.0654
epoch 60/200 loss 1.4066 train 0.6328 test 0.0657
epoch 61/200 loss 1.3647 train 0.6172 test 0.0684
epoch 62/200 loss 1.3853 train 0.6510 test 0.0698
epoch 63/200 loss 1.2845 train 0.6380 test 0.0658
epoch 64/200 loss 1.2136 train 0.6875 test 0.0677
epoch 65/200 loss 1.2251 train 0.7031 test 0.0710
epoch 66/200 loss 1.1012 train 0.7083 test 0.0743
epoch 67/200 loss 1.0708 train 0.7396 test 0.0765
epoch 68/200 loss 0.9711 train 0.7552 test 0.0767
epoch 69/200 loss 0.9239 train 0.7812 test 0.0719
epoch 70/200 loss 0.9090 train 0.7734 test 0.0720
epoch 71/200 loss 0.8798 train 0.8021 test 0.0700
epoch 72/200 loss 0.8431 train 0.8255 test 0.0797
epoch 73/200 loss 0.7694 train 0.8203 test 0.0736
epoch 74/200 loss 0.7799 train 0.8203 test 0.0827
epoch 75/200 loss 0.6968 train 0.8672 test 0.0691
epoch 76/200 loss 0.6345 train 0.8854 test 0.0772
epoch 77/200 loss 0.5983 train 0.8568 test 0.0752
epoch 78/200 loss 0.4972 train 0.9271 test 0.0782
epoch 79/200 loss 0.6019 train 0.8750 test 0.0785
epoch 80/200 loss 0.5530 train 0.8958 test 0.0800
epoch 81/200 loss 0.4811 train 0.9167 test 0.0758
epoch 82/200 loss 0.4411 train 0.9453 test 0.0769
epoch 83/200 loss 0.4238 train 0.9583 test 0.0803
epoch 84/200 loss 0.4554 train 0.9167 test 0.0784
epoch 85/200 loss 0.3351 train 0.9766 test 0.0807
epoch 86/200 loss 0.4144 train 0.9349 test 0.0789
epoch 87/200 loss 0.3831 train 0.9453 test 0.0816
epoch 88/200 loss 0.3086 train 0.9583 test 0.0804
epoch 89/200 loss 0.3311 train 0.9583 test 0.0744
epoch 90/200 loss 0.2788 train 0.9714 test 0.0777
epoch 91/200 loss 0.2722 train 0.9688 test 0.0788
epoch 92/200 loss 0.2894 train 0.9635 test 0.0786
epoch 93/200 loss 0.1954 train 0.9896 test 0.0810
epoch 94/200 loss 0.2255 train 0.9740 test 0.0851
epoch 95/200 loss 0.2345 train 0.9714 test 0.0851
epoch 96/200 loss 0.1900 train 0.9818 test 0.0822
epoch 97/200 loss 0.1937 train 0.9818 test 0.0846
epoch 98/200 loss 0.1712 train 0.9844 test 0.0804
epoch 99/200 loss 0.1399 train 0.9922 test 0.0821
epoch 100/200 loss 0.1409 train 0.9870 test 0.0843
epoch 101/200 loss 0.1468 train 0.9922 test 0.0816
epoch 102/200 loss 0.1182 train 0.9974 test 0.0821
epoch 103/200 loss 0.1243 train 0.9948 test 0.0881
epoch 104/200 loss 0.1047 train 0.9974 test 0.0903
epoch 105/200 loss 0.1048 train 0.9948 test 0.0834
epoch 106/200 loss 0.0908 train 0.9974 test 0.0825
epoch 107/200 loss 0.1084 train 0.9948 test 0.0867
epoch 108/200 loss 0.0923 train 0.9948 test 0.0885
epoch 109/200 loss 0.0957 train 0.9922 test 0.0848
epoch 110/200 loss 0.0798 train 0.9974 test 0.0851
epoch 111/200 loss 0.0963 train 0.9948 test 0.0839
epoch 112/200 loss 0.0688 train 1.0000 test 0.0840
epoch 113/200 loss 0.0665 train 1.0000 test 0.0835
epoch 114/200 loss 0.0772 train 0.9948 test 0.0895
epoch 115/200 loss 0.0917 train 0.9974 test 0.0904
epoch 116/200 loss 0.0680 train 0.9974 test 0.0884
epoch 117/200 loss 0.0753 train 0.9974 test 0.0873
epoch 118/200 loss 0.0692 train 1.0000 test 0.0870
epoch 119/200 loss 0.0564 train 0.9974 test 0.0869
epoch 120/200 loss 0.0655 train 0.9974 test 0.0901
epoch 121/200 loss 0.0626 train 0.9948 test 0.0885
epoch 122/200 loss 0.0478 train 1.0000 test 0.0854
epoch 123/200 loss 0.0453 train 1.0000 test 0.0847
epoch 124/200 loss 0.0430 train 1.0000 test 0.0857
epoch 125/200 loss 0.0568 train 1.0000 test 0.0879
epoch 126/200 loss 0.0391 train 1.0000 test 0.0879
epoch 127/200 loss 0.0375 train 1.0000 test 0.0901
epoch 128/200 loss 0.0418 train 1.0000 test 0.0882
epoch 129/200 loss 0.0371 train 1.0000 test 0.0878
epoch 130/200 loss 0.0378 train 1.0000 test 0.0871
epoch 131/200 loss 0.0391 train 1.0000 test 0.0886
epoch 132/200 loss 0.0360 train 1.0000 test 0.0888
epoch 133/200 loss 0.0375 train 1.0000 test 0.0894
epoch 134/200 loss 0.0320 train 1.0000 test 0.0884
epoch 135/200 loss 0.0303 train 1.0000 test 0.0884
epoch 136/200 loss 0.0346 train 1.0000 test 0.0874
epoch 137/200 loss 0.0341 train 1.0000 test 0.0872
epoch 138/200 loss 0.0279 train 1.0000 test 0.0886
epoch 139/200 loss 0.0301 train 1.0000 test 0.0893
epoch 140/200 loss 0.0319 train 1.0000 test 0.0887
epoch 141/200 loss 0.0308 train 1.0000 test 0.0894
epoch 142/200 loss 0.0354 train 1.0000 test 0.0893
epoch 143/200 loss 0.0333 train 1.0000 test 0.0896
epoch 144/200 loss 0.0302 train 1.0000 test 0.0896
epoch 145/200 loss 0.0292 train 1.0000 test 0.0906
epoch 146/200 loss 0.0346 train 1.0000 test 0.0911
epoch 147/200 loss 0.0289 train 1.0000 test 0.0911
epoch 148/200 loss 0.0291 train 1.0000 test 0.0913
epoch 149/200 loss 0.0306 train 1.0000 test 0.0913
epoch 150/200 loss 0.0329 train 1.0000 test 0.0906
epoch 151/200 loss 0.0287 train 1.0000 test 0.0891
epoch 152/200 loss 0.0296 train 1.0000 test 0.0891
epoch 153/200 loss 0.0275 train 1.0000 test 0.0880
epoch 154/200 loss 0.0298 train 1.0000 test 0.0868
epoch 155/200 loss 0.0283 train 1.0000 test 0.0875
epoch 156/200 loss 0.0304 train 1.0000 test 0.0883
epoch 157/200 loss 0.0251 train 1.0000 test 0.0882
epoch 158/200 loss 0.0276 train 1.0000 test 0.0886
epoch 159/200 loss 0.0334 train 1.0000 test 0.0889
epoch 160/200 loss 0.0247 train 1.0000 test 0.0882
epoch 161/200 loss 0.0261 train 1.0000 test 0.0889
epoch 162/200 loss 0.0283 train 1.0000 test 0.0900
epoch 163/200 loss 0.0230 train 1.0000 test 0.0900
epoch 164/200 loss 0.0241 train 1.0000 test 0.0900
epoch 165/200 loss 0.0346 train 1.0000 test 0.0899
epoch 166/200 loss 0.0274 train 1.0000 test 0.0894
epoch 167/200 loss 0.0259 train 1.0000 test 0.0900
epoch 168/200 loss 0.0394 train 1.0000 test 0.0894
epoch 169/200 loss 0.0220 train 1.0000 test 0.0908
epoch 170/200 loss 0.0262 train 1.0000 test 0.0914
epoch 171/200 loss 0.0290 train 1.0000 test 0.0912
epoch 172/200 loss 0.0231 train 1.0000 test 0.0917
epoch 173/200 loss 0.0265 train 1.0000 test 0.0906
epoch 174/200 loss 0.0292 train 1.0000 test 0.0902
epoch 175/200 loss 0.0203 train 1.0000 test 0.0909
epoch 176/200 loss 0.0245 train 1.0000 test 0.0901
epoch 177/200 loss 0.0240 train 1.0000 test 0.0901
epoch 178/200 loss 0.0221 train 1.0000 test 0.0904
epoch 179/200 loss 0.0232 train 1.0000 test 0.0910
epoch 180/200 loss 0.0261 train 1.0000 test 0.0905
epoch 181/200 loss 0.0291 train 1.0000 test 0.0895
epoch 182/200 loss 0.0266 train 1.0000 test 0.0890
epoch 183/200 loss 0.0213 train 1.0000 test 0.0889
epoch 184/200 loss 0.0235 train 1.0000 test 0.0890
epoch 185/200 loss 0.0249 train 1.0000 test 0.0893
epoch 186/200 loss 0.0287 train 1.0000 test 0.0894
epoch 187/200 loss 0.0207 train 1.0000 test 0.0896
epoch 188/200 loss 0.0234 train 1.0000 test 0.0894
epoch 189/200 loss 0.0245 train 1.0000 test 0.0887
epoch 190/200 loss 0.0220 train 1.0000 test 0.0891
epoch 191/200 loss 0.0306 train 1.0000 test 0.0893
epoch 192/200 loss 0.0290 train 1.0000 test 0.0893
epoch 193/200 loss 0.0204 train 1.0000 test 0.0895
epoch 194/200 loss 0.0246 train 1.0000 test 0.0892
epoch 195/200 loss 0.0200 train 1.0000 test 0.0889
epoch 196/200 loss 0.0256 train 1.0000 test 0.0899
epoch 197/200 loss 0.0242 train 1.0000 test 0.0898
epoch 198/200 loss 0.0255 train 1.0000 test 0.0901
epoch 199/200 loss 0.0253 train 0.9974 test 0.0894
epoch 200/200 loss 0.0254 train 1.0000 test 0.0892
done: final 0.0892 best 0.0917 -> ./runs/diagstep_c100_none_1pct/seed1
--- diagstep_c100_none_1pct seed2 2026-08-15T03:08:06+02:00
[diagstep_c100_none_1pct seed2] {"params_trainable": 11220132, "params_stem_trainable": 0, "params_stem_fixed_filters": 0, "flops_total": 556705792, "flops_stem": 0, "flops_image_size": 32}
epoch 1/200 loss 4.6660 train 0.0078 test 0.0194
epoch 2/200 loss 4.5680 train 0.0182 test 0.0192
epoch 3/200 loss 4.4828 train 0.0417 test 0.0228
epoch 4/200 loss 4.3665 train 0.0443 test 0.0286
epoch 5/200 loss 4.2557 train 0.0469 test 0.0354
epoch 6/200 loss 4.0887 train 0.0729 test 0.0428
epoch 7/200 loss 4.0036 train 0.0964 test 0.0504
epoch 8/200 loss 3.8869 train 0.1172 test 0.0516
epoch 9/200 loss 3.7899 train 0.1328 test 0.0546
epoch 10/200 loss 3.6365 train 0.1719 test 0.0541
epoch 11/200 loss 3.6091 train 0.1380 test 0.0563
epoch 12/200 loss 3.5460 train 0.1589 test 0.0505
epoch 13/200 loss 3.4731 train 0.1536 test 0.0541
epoch 14/200 loss 3.4580 train 0.1589 test 0.0599
epoch 15/200 loss 3.3287 train 0.2031 test 0.0516
epoch 16/200 loss 3.3048 train 0.1771 test 0.0594
epoch 17/200 loss 3.2933 train 0.1901 test 0.0608
epoch 18/200 loss 3.1598 train 0.2161 test 0.0613
epoch 19/200 loss 3.1442 train 0.2083 test 0.0629
epoch 20/200 loss 3.1237 train 0.2161 test 0.0603
epoch 21/200 loss 3.0185 train 0.2083 test 0.0591
epoch 22/200 loss 2.9660 train 0.2448 test 0.0616
epoch 23/200 loss 2.9557 train 0.2578 test 0.0633
epoch 24/200 loss 2.8917 train 0.2734 test 0.0684
epoch 25/200 loss 2.8757 train 0.2370 test 0.0623
epoch 26/200 loss 2.7731 train 0.2865 test 0.0634
epoch 27/200 loss 2.7808 train 0.2682 test 0.0639
epoch 28/200 loss 2.7304 train 0.3125 test 0.0684
epoch 29/200 loss 2.7456 train 0.2917 test 0.0612
epoch 30/200 loss 2.7069 train 0.2917 test 0.0615
epoch 31/200 loss 2.6796 train 0.2786 test 0.0631
epoch 32/200 loss 2.5545 train 0.3203 test 0.0583
epoch 33/200 loss 2.5593 train 0.3438 test 0.0669
epoch 34/200 loss 2.4854 train 0.3464 test 0.0665
epoch 35/200 loss 2.4187 train 0.3333 test 0.0655
epoch 36/200 loss 2.3939 train 0.3776 test 0.0646
epoch 37/200 loss 2.3568 train 0.4062 test 0.0654
epoch 38/200 loss 2.2680 train 0.3776 test 0.0612
epoch 39/200 loss 2.2430 train 0.4271 test 0.0690
epoch 40/200 loss 2.1957 train 0.4089 test 0.0653
epoch 41/200 loss 2.1675 train 0.3906 test 0.0701
epoch 42/200 loss 2.0835 train 0.4062 test 0.0689
epoch 43/200 loss 2.0710 train 0.4401 test 0.0688
epoch 44/200 loss 2.0180 train 0.4766 test 0.0749
epoch 45/200 loss 1.8850 train 0.5078 test 0.0727
epoch 46/200 loss 1.9089 train 0.5104 test 0.0709
epoch 47/200 loss 1.8620 train 0.5000 test 0.0641
epoch 48/200 loss 1.8134 train 0.5156 test 0.0674
epoch 49/200 loss 1.7622 train 0.5417 test 0.0728
epoch 50/200 loss 1.6258 train 0.5599 test 0.0693
epoch 51/200 loss 1.6747 train 0.5547 test 0.0700
epoch 52/200 loss 1.6493 train 0.5573 test 0.0698
epoch 53/200 loss 1.5720 train 0.5807 test 0.0711
epoch 54/200 loss 1.6304 train 0.5703 test 0.0707
epoch 55/200 loss 1.4467 train 0.6120 test 0.0680
epoch 56/200 loss 1.4456 train 0.6536 test 0.0689
epoch 57/200 loss 1.3527 train 0.6432 test 0.0770
epoch 58/200 loss 1.2831 train 0.6719 test 0.0722
epoch 59/200 loss 1.3160 train 0.6745 test 0.0738
epoch 60/200 loss 1.2311 train 0.7161 test 0.0700
epoch 61/200 loss 1.2186 train 0.6771 test 0.0740
epoch 62/200 loss 1.2242 train 0.7005 test 0.0721
epoch 63/200 loss 1.1336 train 0.6875 test 0.0759
epoch 64/200 loss 1.1509 train 0.6771 test 0.0730
epoch 65/200 loss 1.0310 train 0.7318 test 0.0682
epoch 66/200 loss 1.1535 train 0.7005 test 0.0739
epoch 67/200 loss 1.0724 train 0.7370 test 0.0700
epoch 68/200 loss 0.9858 train 0.7578 test 0.0643
epoch 69/200 loss 0.9326 train 0.7656 test 0.0719
epoch 70/200 loss 0.9153 train 0.7865 test 0.0757
epoch 71/200 loss 0.8013 train 0.8203 test 0.0794
epoch 72/200 loss 0.8135 train 0.8307 test 0.0765
epoch 73/200 loss 0.7492 train 0.8464 test 0.0783
epoch 74/200 loss 0.7583 train 0.8203 test 0.0807
epoch 75/200 loss 0.6806 train 0.8646 test 0.0803
epoch 76/200 loss 0.6666 train 0.8672 test 0.0750
epoch 77/200 loss 0.6018 train 0.8828 test 0.0777
epoch 78/200 loss 0.5515 train 0.9036 test 0.0814
epoch 79/200 loss 0.5081 train 0.9167 test 0.0840
epoch 80/200 loss 0.4896 train 0.9062 test 0.0831
epoch 81/200 loss 0.4307 train 0.9245 test 0.0803
epoch 82/200 loss 0.4247 train 0.9375 test 0.0813
epoch 83/200 loss 0.3992 train 0.9349 test 0.0805
epoch 84/200 loss 0.3768 train 0.9349 test 0.0805
epoch 85/200 loss 0.3508 train 0.9479 test 0.0787
epoch 86/200 loss 0.3012 train 0.9688 test 0.0823
epoch 87/200 loss 0.3132 train 0.9583 test 0.0835
epoch 88/200 loss 0.2901 train 0.9635 test 0.0863
epoch 89/200 loss 0.2716 train 0.9661 test 0.0807
epoch 90/200 loss 0.2436 train 0.9714 test 0.0786
epoch 91/200 loss 0.2749 train 0.9583 test 0.0797
epoch 92/200 loss 0.2043 train 0.9896 test 0.0826
epoch 93/200 loss 0.2066 train 0.9818 test 0.0846
epoch 94/200 loss 0.1699 train 0.9896 test 0.0833
epoch 95/200 loss 0.1804 train 0.9792 test 0.0811
epoch 96/200 loss 0.1675 train 0.9896 test 0.0826
epoch 97/200 loss 0.1463 train 0.9948 test 0.0775
epoch 98/200 loss 0.1279 train 0.9922 test 0.0770
epoch 99/200 loss 0.1327 train 0.9870 test 0.0856
epoch 100/200 loss 0.0987 train 1.0000 test 0.0891
epoch 101/200 loss 0.1243 train 0.9948 test 0.0884
epoch 102/200 loss 0.1023 train 1.0000 test 0.0893
epoch 103/200 loss 0.1044 train 0.9974 test 0.0872
epoch 104/200 loss 0.0870 train 1.0000 test 0.0845
epoch 105/200 loss 0.0789 train 1.0000 test 0.0836
epoch 106/200 loss 0.0800 train 1.0000 test 0.0835
epoch 107/200 loss 0.0949 train 0.9948 test 0.0847
epoch 108/200 loss 0.0786 train 0.9974 test 0.0840
epoch 109/200 loss 0.0865 train 1.0000 test 0.0856
epoch 110/200 loss 0.0727 train 0.9974 test 0.0868
epoch 111/200 loss 0.0852 train 0.9948 test 0.0878
epoch 112/200 loss 0.0752 train 1.0000 test 0.0874
epoch 113/200 loss 0.0601 train 1.0000 test 0.0869
epoch 114/200 loss 0.0862 train 0.9974 test 0.0875
epoch 115/200 loss 0.0579 train 1.0000 test 0.0867
epoch 116/200 loss 0.0625 train 0.9974 test 0.0863
epoch 117/200 loss 0.0615 train 1.0000 test 0.0839
epoch 118/200 loss 0.0544 train 1.0000 test 0.0866
epoch 119/200 loss 0.0486 train 1.0000 test 0.0866
epoch 120/200 loss 0.0531 train 1.0000 test 0.0861
epoch 121/200 loss 0.0489 train 1.0000 test 0.0873
epoch 122/200 loss 0.0459 train 1.0000 test 0.0882
epoch 123/200 loss 0.0407 train 1.0000 test 0.0876
epoch 124/200 loss 0.0479 train 1.0000 test 0.0870
epoch 125/200 loss 0.0392 train 1.0000 test 0.0876
epoch 126/200 loss 0.0396 train 1.0000 test 0.0880
epoch 127/200 loss 0.0349 train 1.0000 test 0.0878
epoch 128/200 loss 0.0422 train 0.9974 test 0.0878
epoch 129/200 loss 0.0335 train 1.0000 test 0.0885
epoch 130/200 loss 0.0521 train 0.9948 test 0.0895
epoch 131/200 loss 0.0361 train 1.0000 test 0.0874
epoch 132/200 loss 0.0414 train 1.0000 test 0.0877
epoch 133/200 loss 0.0408 train 1.0000 test 0.0892
epoch 134/200 loss 0.0362 train 1.0000 test 0.0891
epoch 135/200 loss 0.0415 train 1.0000 test 0.0893
epoch 136/200 loss 0.0336 train 1.0000 test 0.0890
epoch 137/200 loss 0.0333 train 1.0000 test 0.0882
epoch 138/200 loss 0.0369 train 1.0000 test 0.0873
epoch 139/200 loss 0.0298 train 1.0000 test 0.0869
epoch 140/200 loss 0.0327 train 1.0000 test 0.0881
epoch 141/200 loss 0.0387 train 1.0000 test 0.0877
epoch 142/200 loss 0.0279 train 1.0000 test 0.0890
epoch 143/200 loss 0.0341 train 1.0000 test 0.0886
epoch 144/200 loss 0.0325 train 1.0000 test 0.0896
epoch 145/200 loss 0.0330 train 1.0000 test 0.0903
epoch 146/200 loss 0.0320 train 1.0000 test 0.0902
epoch 147/200 loss 0.0272 train 1.0000 test 0.0899
epoch 148/200 loss 0.0345 train 1.0000 test 0.0901
epoch 149/200 loss 0.0325 train 1.0000 test 0.0885
epoch 150/200 loss 0.0310 train 1.0000 test 0.0880
epoch 151/200 loss 0.0252 train 1.0000 test 0.0901
epoch 152/200 loss 0.0252 train 1.0000 test 0.0909
epoch 153/200 loss 0.0292 train 1.0000 test 0.0908
epoch 154/200 loss 0.0300 train 1.0000 test 0.0912
epoch 155/200 loss 0.0326 train 1.0000 test 0.0902
epoch 156/200 loss 0.0294 train 1.0000 test 0.0900
epoch 157/200 loss 0.0312 train 1.0000 test 0.0912
epoch 158/200 loss 0.0255 train 1.0000 test 0.0909
epoch 159/200 loss 0.0283 train 1.0000 test 0.0919
epoch 160/200 loss 0.0303 train 1.0000 test 0.0917
epoch 161/200 loss 0.0302 train 1.0000 test 0.0923
epoch 162/200 loss 0.0350 train 1.0000 test 0.0910
epoch 163/200 loss 0.0246 train 1.0000 test 0.0910
epoch 164/200 loss 0.0298 train 1.0000 test 0.0910
epoch 165/200 loss 0.0291 train 1.0000 test 0.0903
epoch 166/200 loss 0.0246 train 1.0000 test 0.0905
epoch 167/200 loss 0.0352 train 1.0000 test 0.0916
epoch 168/200 loss 0.0248 train 1.0000 test 0.0919
epoch 169/200 loss 0.0282 train 1.0000 test 0.0914
epoch 170/200 loss 0.0239 train 1.0000 test 0.0918
epoch 171/200 loss 0.0284 train 1.0000 test 0.0917
epoch 172/200 loss 0.0273 train 1.0000 test 0.0925
epoch 173/200 loss 0.0233 train 1.0000 test 0.0919
epoch 174/200 loss 0.0290 train 1.0000 test 0.0920
epoch 175/200 loss 0.0243 train 1.0000 test 0.0926
epoch 176/200 loss 0.0310 train 1.0000 test 0.0920
epoch 177/200 loss 0.0267 train 1.0000 test 0.0921
epoch 178/200 loss 0.0277 train 1.0000 test 0.0925
epoch 179/200 loss 0.0248 train 1.0000 test 0.0921
epoch 180/200 loss 0.0275 train 1.0000 test 0.0920
epoch 181/200 loss 0.0262 train 1.0000 test 0.0919
epoch 182/200 loss 0.0223 train 1.0000 test 0.0919
epoch 183/200 loss 0.0264 train 1.0000 test 0.0922
epoch 184/200 loss 0.0225 train 1.0000 test 0.0914
epoch 185/200 loss 0.0268 train 1.0000 test 0.0917
epoch 186/200 loss 0.0247 train 1.0000 test 0.0921
epoch 187/200 loss 0.0231 train 1.0000 test 0.0918
epoch 188/200 loss 0.0241 train 1.0000 test 0.0911
epoch 189/200 loss 0.0205 train 1.0000 test 0.0910
epoch 190/200 loss 0.0259 train 1.0000 test 0.0913
epoch 191/200 loss 0.0261 train 1.0000 test 0.0908
epoch 192/200 loss 0.0237 train 1.0000 test 0.0909
epoch 193/200 loss 0.0277 train 1.0000 test 0.0915
epoch 194/200 loss 0.0219 train 1.0000 test 0.0911
epoch 195/200 loss 0.0318 train 1.0000 test 0.0910
epoch 196/200 loss 0.0229 train 1.0000 test 0.0913
epoch 197/200 loss 0.0243 train 1.0000 test 0.0920
epoch 198/200 loss 0.0219 train 1.0000 test 0.0918
epoch 199/200 loss 0.0234 train 1.0000 test 0.0914
epoch 200/200 loss 0.0219 train 1.0000 test 0.0914
done: final 0.0914 best 0.0926 -> ./runs/diagstep_c100_none_1pct/seed2
--- diagstep_c100_none_25pct seed0 2026-08-15T03:16:05+02:00
[diagstep_c100_none_25pct seed0] {"params_trainable": 11220132, "params_stem_trainable": 0, "params_stem_fixed_filters": 0, "flops_total": 556705792, "flops_stem": 0, "flops_image_size": 32}
epoch 1/6 loss 4.2979 train 0.0511 test 0.0784
epoch 2/6 loss 3.9569 train 0.0941 test 0.1007
epoch 3/6 loss 3.7570 train 0.1199 test 0.1227
epoch 4/6 loss 3.5825 train 0.1505 test 0.1469
epoch 5/6 loss 3.4292 train 0.1778 test 0.1790
epoch 6/6 loss 3.2880 train 0.2076 test 0.1903
done: final 0.1903 best 0.1903 -> ./runs/diagstep_c100_none_25pct/seed0
--- diagstep_c100_none_25pct seed1 2026-08-15T03:16:58+02:00
[diagstep_c100_none_25pct seed1] {"params_trainable": 11220132, "params_stem_trainable": 0, "params_stem_fixed_filters": 0, "flops_total": 556705792, "flops_stem": 0, "flops_image_size": 32}
epoch 1/6 loss 4.2827 train 0.0532 test 0.0722
epoch 2/6 loss 3.9594 train 0.0927 test 0.1090
epoch 3/6 loss 3.7405 train 0.1250 test 0.1340
epoch 4/6 loss 3.5490 train 0.1569 test 0.1515
epoch 5/6 loss 3.3740 train 0.1879 test 0.1894
epoch 6/6 loss 3.2366 train 0.2192 test 0.2058
done: final 0.2058 best 0.2058 -> ./runs/diagstep_c100_none_25pct/seed1
--- diagstep_c100_none_25pct seed2 2026-08-15T03:17:50+02:00
[diagstep_c100_none_25pct seed2] {"params_trainable": 11220132, "params_stem_trainable": 0, "params_stem_fixed_filters": 0, "flops_total": 556705792, "flops_stem": 0, "flops_image_size": 32}
epoch 1/6 loss 4.2920 train 0.0569 test 0.0667
epoch 2/6 loss 3.9408 train 0.0950 test 0.1013
epoch 3/6 loss 3.7193 train 0.1272 test 0.1224
epoch 4/6 loss 3.5418 train 0.1576 test 0.1517
epoch 5/6 loss 3.3720 train 0.1889 test 0.1833
epoch 6/6 loss 3.2403 train 0.2154 test 0.2067
done: final 0.2067 best 0.2067 -> ./runs/diagstep_c100_none_25pct/seed2
--- diagstep_c100_none_2pct seed0 2026-08-15T03:18:46+02:00
[diagstep_c100_none_2pct seed0] {"params_trainable": 11220132, "params_stem_trainable": 0, "params_stem_fixed_filters": 0, "flops_total": 556705792, "flops_stem": 0, "flops_image_size": 32}
epoch 1/86 loss 4.6475 train 0.0089 test 0.0278
epoch 2/86 loss 4.4509 train 0.0357 test 0.0395
epoch 3/86 loss 4.2665 train 0.0480 test 0.0575
epoch 4/86 loss 4.0963 train 0.0737 test 0.0581
epoch 5/86 loss 3.9501 train 0.0848 test 0.0576
epoch 6/86 loss 3.8415 train 0.0915 test 0.0642
epoch 7/86 loss 3.7712 train 0.1116 test 0.0677
epoch 8/86 loss 3.7169 train 0.1228 test 0.0674
epoch 9/86 loss 3.6617 train 0.1328 test 0.0632
epoch 10/86 loss 3.5508 train 0.1406 test 0.0729
epoch 11/86 loss 3.5068 train 0.1540 test 0.0751
epoch 12/86 loss 3.5060 train 0.1607 test 0.0729
epoch 13/86 loss 3.4524 train 0.1596 test 0.0753
epoch 14/86 loss 3.4032 train 0.1496 test 0.0716
epoch 15/86 loss 3.3787 train 0.1562 test 0.0786
epoch 16/86 loss 3.3064 train 0.1830 test 0.0793
epoch 17/86 loss 3.2573 train 0.1908 test 0.0733
epoch 18/86 loss 3.2357 train 0.1953 test 0.0747
epoch 19/86 loss 3.1217 train 0.2165 test 0.0827
epoch 20/86 loss 3.0372 train 0.2176 test 0.0832
epoch 21/86 loss 3.0267 train 0.2333 test 0.0807
epoch 22/86 loss 3.0186 train 0.2087 test 0.0822
epoch 23/86 loss 2.9198 train 0.2500 test 0.0907
epoch 24/86 loss 2.9153 train 0.2467 test 0.0786
epoch 25/86 loss 2.8388 train 0.2600 test 0.0813
epoch 26/86 loss 2.7691 train 0.2723 test 0.0927
epoch 27/86 loss 2.6871 train 0.2812 test 0.0907
epoch 28/86 loss 2.6153 train 0.3158 test 0.0887
epoch 29/86 loss 2.5497 train 0.3270 test 0.0880
epoch 30/86 loss 2.5349 train 0.3348 test 0.0878
epoch 31/86 loss 2.4824 train 0.3382 test 0.0898
epoch 32/86 loss 2.4116 train 0.3627 test 0.0938
epoch 33/86 loss 2.3691 train 0.3761 test 0.0977
epoch 34/86 loss 2.3039 train 0.3895 test 0.0954
epoch 35/86 loss 2.2021 train 0.4118 test 0.1012
epoch 36/86 loss 2.1555 train 0.4074 test 0.1001
epoch 37/86 loss 2.1537 train 0.4252 test 0.0952
epoch 38/86 loss 2.0123 train 0.4498 test 0.1038
epoch 39/86 loss 2.0056 train 0.4420 test 0.0937
epoch 40/86 loss 1.9275 train 0.4866 test 0.1080
epoch 41/86 loss 1.8745 train 0.5067 test 0.0964
epoch 42/86 loss 1.8068 train 0.5056 test 0.0902
epoch 43/86 loss 1.7336 train 0.5480 test 0.1031
epoch 44/86 loss 1.6394 train 0.5513 test 0.1110
epoch 45/86 loss 1.6184 train 0.5893 test 0.1043
epoch 46/86 loss 1.6001 train 0.5848 test 0.0982
epoch 47/86 loss 1.5258 train 0.5993 test 0.1020
epoch 48/86 loss 1.4143 train 0.6339 test 0.1049
epoch 49/86 loss 1.3420 train 0.6417 test 0.1051
epoch 50/86 loss 1.2993 train 0.6797 test 0.1147
epoch 51/86 loss 1.1985 train 0.7143 test 0.1111
epoch 52/86 loss 1.1354 train 0.7355 test 0.1097
epoch 53/86 loss 1.0573 train 0.7522 test 0.1140
epoch 54/86 loss 1.0327 train 0.7679 test 0.1125
epoch 55/86 loss 0.9549 train 0.7946 test 0.1084
epoch 56/86 loss 0.8708 train 0.8069 test 0.1202
epoch 57/86 loss 0.8224 train 0.8304 test 0.1113
epoch 58/86 loss 0.8048 train 0.8393 test 0.1184
epoch 59/86 loss 0.7621 train 0.8493 test 0.1218
epoch 60/86 loss 0.6876 train 0.8638 test 0.1222
epoch 61/86 loss 0.6872 train 0.8627 test 0.1145
epoch 62/86 loss 0.6467 train 0.8929 test 0.1223
epoch 63/86 loss 0.5367 train 0.9308 test 0.1204
epoch 64/86 loss 0.5423 train 0.9196 test 0.1198
epoch 65/86 loss 0.4530 train 0.9509 test 0.1240
epoch 66/86 loss 0.4277 train 0.9609 test 0.1201
epoch 67/86 loss 0.4123 train 0.9576 test 0.1237
epoch 68/86 loss 0.3965 train 0.9609 test 0.1260
epoch 69/86 loss 0.3550 train 0.9710 test 0.1202
epoch 70/86 loss 0.3521 train 0.9710 test 0.1217
epoch 71/86 loss 0.3440 train 0.9777 test 0.1262
epoch 72/86 loss 0.3174 train 0.9855 test 0.1259
epoch 73/86 loss 0.3136 train 0.9821 test 0.1277
epoch 74/86 loss 0.2829 train 0.9888 test 0.1268
epoch 75/86 loss 0.2720 train 0.9888 test 0.1266
epoch 76/86 loss 0.2583 train 0.9933 test 0.1260
epoch 77/86 loss 0.2814 train 0.9911 test 0.1255
epoch 78/86 loss 0.2662 train 0.9900 test 0.1251
epoch 79/86 loss 0.2751 train 0.9911 test 0.1262
epoch 80/86 loss 0.2906 train 0.9844 test 0.1262
epoch 81/86 loss 0.2393 train 0.9989 test 0.1266
epoch 82/86 loss 0.2484 train 0.9900 test 0.1270
epoch 83/86 loss 0.2471 train 0.9944 test 0.1272
epoch 84/86 loss 0.2692 train 0.9877 test 0.1271
epoch 85/86 loss 0.2663 train 0.9844 test 0.1265
epoch 86/86 loss 0.2399 train 0.9911 test 0.1262
done: final 0.1262 best 0.1277 -> ./runs/diagstep_c100_none_2pct/seed0
--- diagstep_c100_none_2pct seed1 2026-08-15T03:22:10+02:00
[diagstep_c100_none_2pct seed1] {"params_trainable": 11220132, "params_stem_trainable": 0, "params_stem_fixed_filters": 0, "flops_total": 556705792, "flops_stem": 0, "flops_image_size": 32}
epoch 1/86 loss 4.6583 train 0.0089 test 0.0275
epoch 2/86 loss 4.4712 train 0.0379 test 0.0391
epoch 3/86 loss 4.3068 train 0.0435 test 0.0531
epoch 4/86 loss 4.1326 train 0.0692 test 0.0555
epoch 5/86 loss 4.0444 train 0.0770 test 0.0509
epoch 6/86 loss 3.9238 train 0.0848 test 0.0610
epoch 7/86 loss 3.8105 train 0.1004 test 0.0700
epoch 8/86 loss 3.7506 train 0.1194 test 0.0578
epoch 9/86 loss 3.7023 train 0.1105 test 0.0636
epoch 10/86 loss 3.6025 train 0.1317 test 0.0772
epoch 11/86 loss 3.5774 train 0.1417 test 0.0714
epoch 12/86 loss 3.5136 train 0.1228 test 0.0686
epoch 13/86 loss 3.4799 train 0.1585 test 0.0731
epoch 14/86 loss 3.4217 train 0.1618 test 0.0773
epoch 15/86 loss 3.3557 train 0.1696 test 0.0767
epoch 16/86 loss 3.3125 train 0.1741 test 0.0735
epoch 17/86 loss 3.2422 train 0.1864 test 0.0784
epoch 18/86 loss 3.1866 train 0.1998 test 0.0793
epoch 19/86 loss 3.1489 train 0.2054 test 0.0751
epoch 20/86 loss 3.1349 train 0.2054 test 0.0835
epoch 21/86 loss 3.0578 train 0.2333 test 0.0841
epoch 22/86 loss 2.9911 train 0.2288 test 0.0822
epoch 23/86 loss 2.9783 train 0.2266 test 0.0837
epoch 24/86 loss 2.9395 train 0.2433 test 0.0793
epoch 25/86 loss 2.9531 train 0.2355 test 0.0857
epoch 26/86 loss 2.8048 train 0.2634 test 0.0908
epoch 27/86 loss 2.7568 train 0.2545 test 0.0784
epoch 28/86 loss 2.6753 train 0.2902 test 0.0958
epoch 29/86 loss 2.5984 train 0.3170 test 0.0912
epoch 30/86 loss 2.5489 train 0.3348 test 0.0962
epoch 31/86 loss 2.5148 train 0.3382 test 0.0857
epoch 32/86 loss 2.4463 train 0.3493 test 0.0954
epoch 33/86 loss 2.3813 train 0.3549 test 0.0933
epoch 34/86 loss 2.3435 train 0.3783 test 0.0909
epoch 35/86 loss 2.2954 train 0.3772 test 0.0932
epoch 36/86 loss 2.1950 train 0.4040 test 0.1002
epoch 37/86 loss 2.1994 train 0.3940 test 0.0965
epoch 38/86 loss 2.0865 train 0.4386 test 0.1001
epoch 39/86 loss 2.0504 train 0.4286 test 0.1028
epoch 40/86 loss 2.0176 train 0.4487 test 0.1048
epoch 41/86 loss 1.8704 train 0.5033 test 0.0979
epoch 42/86 loss 1.8426 train 0.5011 test 0.1132
epoch 43/86 loss 1.7825 train 0.5223 test 0.1032
epoch 44/86 loss 1.6676 train 0.5714 test 0.1073
epoch 45/86 loss 1.6582 train 0.5614 test 0.1047
epoch 46/86 loss 1.5844 train 0.5614 test 0.1048
epoch 47/86 loss 1.6285 train 0.5614 test 0.1073
epoch 48/86 loss 1.5248 train 0.5960 test 0.1135
epoch 49/86 loss 1.4234 train 0.6384 test 0.1080
epoch 50/86 loss 1.3683 train 0.6406 test 0.1133
epoch 51/86 loss 1.2972 train 0.6696 test 0.1139
epoch 52/86 loss 1.1881 train 0.7042 test 0.1101
epoch 53/86 loss 1.1197 train 0.7232 test 0.1111
epoch 54/86 loss 1.0752 train 0.7288 test 0.1175
epoch 55/86 loss 1.0376 train 0.7545 test 0.1148
epoch 56/86 loss 0.9663 train 0.7723 test 0.1208
epoch 57/86 loss 0.8843 train 0.8125 test 0.1144
epoch 58/86 loss 0.8811 train 0.8125 test 0.1233
epoch 59/86 loss 0.7620 train 0.8583 test 0.1183
epoch 60/86 loss 0.7240 train 0.8650 test 0.1244
epoch 61/86 loss 0.7081 train 0.8817 test 0.1148
epoch 62/86 loss 0.6667 train 0.8828 test 0.1239
epoch 63/86 loss 0.6181 train 0.9007 test 0.1231
epoch 64/86 loss 0.5689 train 0.9141 test 0.1281
epoch 65/86 loss 0.5417 train 0.9230 test 0.1203
epoch 66/86 loss 0.4823 train 0.9554 test 0.1235
epoch 67/86 loss 0.4483 train 0.9542 test 0.1258
epoch 68/86 loss 0.4765 train 0.9408 test 0.1279
epoch 69/86 loss 0.4254 train 0.9542 test 0.1282
epoch 70/86 loss 0.4034 train 0.9643 test 0.1264
epoch 71/86 loss 0.3716 train 0.9676 test 0.1243
epoch 72/86 loss 0.3562 train 0.9699 test 0.1281
epoch 73/86 loss 0.3248 train 0.9821 test 0.1293
epoch 74/86 loss 0.3377 train 0.9821 test 0.1284
epoch 75/86 loss 0.3352 train 0.9810 test 0.1298
epoch 76/86 loss 0.3121 train 0.9855 test 0.1279
epoch 77/86 loss 0.3331 train 0.9766 test 0.1275
epoch 78/86 loss 0.2852 train 0.9866 test 0.1293
epoch 79/86 loss 0.3270 train 0.9799 test 0.1287
epoch 80/86 loss 0.2892 train 0.9900 test 0.1287
epoch 81/86 loss 0.2841 train 0.9877 test 0.1291
epoch 82/86 loss 0.2789 train 0.9944 test 0.1290
epoch 83/86 loss 0.2708 train 0.9944 test 0.1290
epoch 84/86 loss 0.2880 train 0.9911 test 0.1286
epoch 85/86 loss 0.3010 train 0.9799 test 0.1290
epoch 86/86 loss 0.2814 train 0.9888 test 0.1290
done: final 0.1290 best 0.1298 -> ./runs/diagstep_c100_none_2pct/seed1
--- diagstep_c100_none_2pct seed2 2026-08-15T03:25:34+02:00
[diagstep_c100_none_2pct seed2] {"params_trainable": 11220132, "params_stem_trainable": 0, "params_stem_fixed_filters": 0, "flops_total": 556705792, "flops_stem": 0, "flops_image_size": 32}
epoch 1/86 loss 4.6670 train 0.0078 test 0.0351
epoch 2/86 loss 4.4890 train 0.0301 test 0.0281
epoch 3/86 loss 4.2533 train 0.0636 test 0.0506
epoch 4/86 loss 4.1047 train 0.0692 test 0.0554
epoch 5/86 loss 3.9745 train 0.0926 test 0.0652
epoch 6/86 loss 3.8777 train 0.0826 test 0.0686
epoch 7/86 loss 3.7627 train 0.1049 test 0.0720
epoch 8/86 loss 3.7163 train 0.1317 test 0.0654
epoch 9/86 loss 3.6499 train 0.1395 test 0.0730
epoch 10/86 loss 3.5771 train 0.1384 test 0.0751
epoch 11/86 loss 3.5341 train 0.1484 test 0.0690
epoch 12/86 loss 3.4624 train 0.1596 test 0.0741
epoch 13/86 loss 3.4061 train 0.1752 test 0.0762
epoch 14/86 loss 3.3921 train 0.1562 test 0.0767
epoch 15/86 loss 3.3288 train 0.1663 test 0.0652
epoch 16/86 loss 3.2851 train 0.1752 test 0.0786
epoch 17/86 loss 3.2479 train 0.1897 test 0.0791
epoch 18/86 loss 3.1602 train 0.2042 test 0.0815
epoch 19/86 loss 3.1690 train 0.2199 test 0.0812
epoch 20/86 loss 3.0942 train 0.2188 test 0.0819
epoch 21/86 loss 3.0098 train 0.2243 test 0.0878
epoch 22/86 loss 2.9663 train 0.2266 test 0.0858
epoch 23/86 loss 2.9246 train 0.2400 test 0.0822
epoch 24/86 loss 2.8582 train 0.2589 test 0.0792
epoch 25/86 loss 2.8410 train 0.2712 test 0.0868
epoch 26/86 loss 2.7909 train 0.2757 test 0.0904
epoch 27/86 loss 2.7132 train 0.2801 test 0.0915
epoch 28/86 loss 2.6652 train 0.3058 test 0.0909
epoch 29/86 loss 2.6175 train 0.3103 test 0.0924
epoch 30/86 loss 2.6080 train 0.2958 test 0.0983
epoch 31/86 loss 2.5196 train 0.3125 test 0.0966
epoch 32/86 loss 2.4344 train 0.3415 test 0.1031
epoch 33/86 loss 2.3335 train 0.3616 test 0.0918
epoch 34/86 loss 2.3006 train 0.3783 test 0.0944
epoch 35/86 loss 2.2608 train 0.3929 test 0.0934
epoch 36/86 loss 2.1890 train 0.4062 test 0.0987
epoch 37/86 loss 2.1333 train 0.4330 test 0.0998
epoch 38/86 loss 2.0202 train 0.4342 test 0.1082
epoch 39/86 loss 1.9553 train 0.4732 test 0.0999
epoch 40/86 loss 1.8974 train 0.4922 test 0.1075
epoch 41/86 loss 1.8949 train 0.5045 test 0.1151
epoch 42/86 loss 1.8031 train 0.5145 test 0.1088
epoch 43/86 loss 1.7507 train 0.5279 test 0.1099
epoch 44/86 loss 1.6909 train 0.5491 test 0.1034
epoch 45/86 loss 1.6297 train 0.5725 test 0.1068
epoch 46/86 loss 1.5367 train 0.5926 test 0.1111
epoch 47/86 loss 1.4918 train 0.6183 test 0.1008
epoch 48/86 loss 1.3721 train 0.6317 test 0.1018
epoch 49/86 loss 1.3567 train 0.6696 test 0.1094
epoch 50/86 loss 1.2655 train 0.6853 test 0.1094
epoch 51/86 loss 1.1798 train 0.7188 test 0.1208
epoch 52/86 loss 1.1192 train 0.7310 test 0.1076
epoch 53/86 loss 1.0490 train 0.7500 test 0.1154
epoch 54/86 loss 0.9771 train 0.7824 test 0.1189
epoch 55/86 loss 0.9592 train 0.7779 test 0.1193
epoch 56/86 loss 0.8261 train 0.8371 test 0.1202
epoch 57/86 loss 0.8623 train 0.8036 test 0.1219
epoch 58/86 loss 0.8388 train 0.8214 test 0.1177
epoch 59/86 loss 0.7244 train 0.8605 test 0.1178
epoch 60/86 loss 0.6641 train 0.8895 test 0.1221
epoch 61/86 loss 0.6743 train 0.8828 test 0.1230
epoch 62/86 loss 0.5961 train 0.9074 test 0.1253
epoch 63/86 loss 0.5156 train 0.9353 test 0.1230
epoch 64/86 loss 0.4657 train 0.9453 test 0.1244
epoch 65/86 loss 0.4384 train 0.9587 test 0.1300
epoch 66/86 loss 0.4506 train 0.9520 test 0.1313
epoch 67/86 loss 0.3948 train 0.9554 test 0.1294
epoch 68/86 loss 0.3824 train 0.9676 test 0.1291
epoch 69/86 loss 0.3889 train 0.9632 test 0.1283
epoch 70/86 loss 0.3565 train 0.9699 test 0.1270
epoch 71/86 loss 0.3532 train 0.9699 test 0.1263
epoch 72/86 loss 0.3369 train 0.9810 test 0.1314
epoch 73/86 loss 0.2887 train 0.9877 test 0.1310
epoch 74/86 loss 0.3013 train 0.9877 test 0.1317
epoch 75/86 loss 0.3015 train 0.9821 test 0.1321
epoch 76/86 loss 0.2639 train 0.9900 test 0.1311
epoch 77/86 loss 0.2644 train 0.9933 test 0.1326
epoch 78/86 loss 0.2626 train 0.9955 test 0.1324
epoch 79/86 loss 0.2461 train 0.9933 test 0.1325
epoch 80/86 loss 0.2612 train 0.9933 test 0.1329
epoch 81/86 loss 0.2487 train 0.9955 test 0.1318
epoch 82/86 loss 0.2420 train 0.9955 test 0.1330
epoch 83/86 loss 0.2584 train 0.9855 test 0.1323
epoch 84/86 loss 0.2535 train 0.9888 test 0.1328
epoch 85/86 loss 0.2471 train 0.9944 test 0.1333
epoch 86/86 loss 0.2414 train 0.9944 test 0.1322
done: final 0.1322 best 0.1333 -> ./runs/diagstep_c100_none_2pct/seed2
--- diagstep_c100_none_5pct seed0 2026-08-15T03:29:12+02:00
[diagstep_c100_none_5pct seed0] {"params_trainable": 11220132, "params_stem_trainable": 0, "params_stem_fixed_filters": 0, "flops_total": 556705792, "flops_stem": 0, "flops_image_size": 32}
epoch 1/32 loss 4.5853 train 0.0275 test 0.0406
epoch 2/32 loss 4.2879 train 0.0506 test 0.0583
epoch 3/32 loss 4.1301 train 0.0744 test 0.0575
epoch 4/32 loss 4.0098 train 0.0843 test 0.0779
epoch 5/32 loss 3.9200 train 0.0942 test 0.0832
epoch 6/32 loss 3.8574 train 0.0946 test 0.0849
epoch 7/32 loss 3.7609 train 0.1123 test 0.0916
epoch 8/32 loss 3.6818 train 0.1242 test 0.0855
epoch 9/32 loss 3.6506 train 0.1164 test 0.0909
epoch 10/32 loss 3.5789 train 0.1390 test 0.0935
epoch 11/32 loss 3.5377 train 0.1410 test 0.1015
epoch 12/32 loss 3.4325 train 0.1567 test 0.1107
epoch 13/32 loss 3.4019 train 0.1649 test 0.1194
epoch 14/32 loss 3.3421 train 0.1817 test 0.1212
epoch 15/32 loss 3.2819 train 0.1891 test 0.1265
epoch 16/32 loss 3.1922 train 0.2093 test 0.1338
epoch 17/32 loss 3.1616 train 0.1998 test 0.1290
epoch 18/32 loss 3.1126 train 0.2093 test 0.1369
epoch 19/32 loss 3.0351 train 0.2418 test 0.1369
epoch 20/32 loss 2.9742 train 0.2447 test 0.1435
epoch 21/32 loss 2.8983 train 0.2619 test 0.1416
epoch 22/32 loss 2.8514 train 0.2767 test 0.1534
epoch 23/32 loss 2.7879 train 0.3030 test 0.1540
epoch 24/32 loss 2.7333 train 0.3051 test 0.1643
epoch 25/32 loss 2.6676 train 0.3170 test 0.1646
epoch 26/32 loss 2.6334 train 0.3215 test 0.1638
epoch 27/32 loss 2.5937 train 0.3380 test 0.1686
epoch 28/32 loss 2.5266 train 0.3614 test 0.1697
epoch 29/32 loss 2.5365 train 0.3631 test 0.1739
epoch 30/32 loss 2.4926 train 0.3660 test 0.1759
epoch 31/32 loss 2.4813 train 0.3717 test 0.1747
epoch 32/32 loss 2.4746 train 0.3692 test 0.1741
done: final 0.1741 best 0.1759 -> ./runs/diagstep_c100_none_5pct/seed0
--- diagstep_c100_none_5pct seed1 2026-08-15T03:31:03+02:00
[diagstep_c100_none_5pct seed1] {"params_trainable": 11220132, "params_stem_trainable": 0, "params_stem_fixed_filters": 0, "flops_total": 556705792, "flops_stem": 0, "flops_image_size": 32}
epoch 1/32 loss 4.5690 train 0.0222 test 0.0426
epoch 2/32 loss 4.2932 train 0.0530 test 0.0595
epoch 3/32 loss 4.1170 train 0.0728 test 0.0749
epoch 4/32 loss 4.0165 train 0.0781 test 0.0630
epoch 5/32 loss 3.9956 train 0.0880 test 0.0829
epoch 6/32 loss 3.8526 train 0.1036 test 0.0901
epoch 7/32 loss 3.7868 train 0.1127 test 0.0865
epoch 8/32 loss 3.7368 train 0.1147 test 0.0903
epoch 9/32 loss 3.6747 train 0.1308 test 0.0982
epoch 10/32 loss 3.5979 train 0.1410 test 0.1041
epoch 11/32 loss 3.5131 train 0.1521 test 0.1093
epoch 12/32 loss 3.4416 train 0.1542 test 0.1161
epoch 13/32 loss 3.4022 train 0.1661 test 0.1074
epoch 14/32 loss 3.3606 train 0.1756 test 0.1171
epoch 15/32 loss 3.2735 train 0.1916 test 0.1239
epoch 16/32 loss 3.1853 train 0.2068 test 0.1351
epoch 17/32 loss 3.1107 train 0.2323 test 0.1382
epoch 18/32 loss 3.0866 train 0.2299 test 0.1303
epoch 19/32 loss 3.0473 train 0.2397 test 0.1419
epoch 20/32 loss 2.9351 train 0.2660 test 0.1458
epoch 21/32 loss 2.8963 train 0.2623 test 0.1556
epoch 22/32 loss 2.8387 train 0.2747 test 0.1567
epoch 23/32 loss 2.7764 train 0.2948 test 0.1599
epoch 24/32 loss 2.7233 train 0.3117 test 0.1640
epoch 25/32 loss 2.6646 train 0.3384 test 0.1649
epoch 26/32 loss 2.6039 train 0.3376 test 0.1695
epoch 27/32 loss 2.5601 train 0.3594 test 0.1670
epoch 28/32 loss 2.5203 train 0.3721 test 0.1726
epoch 29/32 loss 2.4979 train 0.3602 test 0.1769
epoch 30/32 loss 2.4929 train 0.3684 test 0.1760
epoch 31/32 loss 2.4698 train 0.3845 test 0.1749
epoch 32/32 loss 2.4571 train 0.3717 test 0.1753
done: final 0.1753 best 0.1769 -> ./runs/diagstep_c100_none_5pct/seed1
--- diagstep_c100_none_5pct seed2 2026-08-15T03:32:51+02:00
[diagstep_c100_none_5pct seed2] {"params_trainable": 11220132, "params_stem_trainable": 0, "params_stem_fixed_filters": 0, "flops_total": 556705792, "flops_stem": 0, "flops_image_size": 32}
epoch 1/32 loss 4.5586 train 0.0218 test 0.0381
epoch 2/32 loss 4.2957 train 0.0506 test 0.0564
epoch 3/32 loss 4.1080 train 0.0752 test 0.0674
epoch 4/32 loss 3.9937 train 0.0818 test 0.0790
epoch 5/32 loss 3.9132 train 0.0995 test 0.0878
epoch 6/32 loss 3.8138 train 0.0983 test 0.0884
epoch 7/32 loss 3.7453 train 0.1090 test 0.0882
epoch 8/32 loss 3.7044 train 0.1184 test 0.0837
epoch 9/32 loss 3.6470 train 0.1353 test 0.1019
epoch 10/32 loss 3.5388 train 0.1534 test 0.1023
epoch 11/32 loss 3.4913 train 0.1538 test 0.1082
epoch 12/32 loss 3.4228 train 0.1591 test 0.1135
epoch 13/32 loss 3.3810 train 0.1661 test 0.1051
epoch 14/32 loss 3.3294 train 0.1776 test 0.1231
epoch 15/32 loss 3.2293 train 0.2027 test 0.1295
epoch 16/32 loss 3.1892 train 0.2002 test 0.1282
epoch 17/32 loss 3.1239 train 0.2208 test 0.1317
epoch 18/32 loss 3.1092 train 0.2150 test 0.1325
epoch 19/32 loss 3.0358 train 0.2422 test 0.1355
epoch 20/32 loss 2.9622 train 0.2500 test 0.1394
epoch 21/32 loss 2.8888 train 0.2784 test 0.1482
epoch 22/32 loss 2.8219 train 0.2821 test 0.1518
epoch 23/32 loss 2.7557 train 0.3018 test 0.1594
epoch 24/32 loss 2.7158 train 0.3178 test 0.1654
epoch 25/32 loss 2.6565 train 0.3331 test 0.1642
epoch 26/32 loss 2.6117 train 0.3331 test 0.1720
epoch 27/32 loss 2.5656 train 0.3479 test 0.1692
epoch 28/32 loss 2.5294 train 0.3590 test 0.1725
epoch 29/32 loss 2.4869 train 0.3717 test 0.1708
epoch 30/32 loss 2.4717 train 0.3832 test 0.1751
epoch 31/32 loss 2.4582 train 0.3750 test 0.1754
epoch 32/32 loss 2.4327 train 0.3808 test 0.1750
done: final 0.1750 best 0.1754 -> ./runs/diagstep_c100_none_5pct/seed2
REFWAVE_LOCAL_COMPLETE ok=66 fail=0 2026-08-15T03:34:40+02:00
