SUPER12_START super1_none_seed0 (free 5698 MiB)
[super1_none seed0] {"params_trainable": 11179092, "params_stem_trainable": 0, "params_stem_fixed_filters": 0, "flops_total": 556664832, "flops_stem": 0, "flops_image_size": 32}
epoch 1/200 loss 3.0255 train 0.0339 test 0.0660
epoch 2/200 loss 2.9384 train 0.0807 test 0.0937
epoch 3/200 loss 2.8814 train 0.1250 test 0.1194
epoch 4/200 loss 2.7936 train 0.1094 test 0.0921
epoch 5/200 loss 2.7829 train 0.1328 test 0.1428
epoch 6/200 loss 2.7281 train 0.1536 test 0.1278
epoch 7/200 loss 2.6872 train 0.1641 test 0.1468
epoch 8/200 loss 2.6467 train 0.1771 test 0.1337
epoch 9/200 loss 2.6278 train 0.1589 test 0.1529
epoch 10/200 loss 2.6632 train 0.1458 test 0.1495
epoch 11/200 loss 2.5721 train 0.2031 test 0.1532
epoch 12/200 loss 2.6235 train 0.1849 test 0.1497
epoch 13/200 loss 2.5435 train 0.2318 test 0.1447
epoch 14/200 loss 2.5471 train 0.2031 test 0.1418
epoch 15/200 loss 2.5131 train 0.2161 test 0.1583
epoch 16/200 loss 2.5400 train 0.1953 test 0.1621
epoch 17/200 loss 2.4984 train 0.2161 test 0.1364
epoch 18/200 loss 2.3592 train 0.2552 test 0.1587
epoch 19/200 loss 2.4777 train 0.2396 test 0.1736
epoch 20/200 loss 2.4128 train 0.2500 test 0.1670
epoch 21/200 loss 2.4003 train 0.2734 test 0.1680
epoch 22/200 loss 2.3197 train 0.2526 test 0.1725
epoch 23/200 loss 2.3204 train 0.2812 test 0.1681
epoch 24/200 loss 2.2086 train 0.2943 test 0.1677
epoch 25/200 loss 2.2397 train 0.2839 test 0.1616
epoch 26/200 loss 2.2087 train 0.3307 test 0.1820
epoch 27/200 loss 2.1882 train 0.3047 test 0.1736
epoch 28/200 loss 2.1829 train 0.2969 test 0.1487
epoch 29/200 loss 2.2474 train 0.2708 test 0.1443
epoch 30/200 loss 2.1087 train 0.3307 test 0.1687
epoch 31/200 loss 2.1040 train 0.3464 test 0.1892
epoch 32/200 loss 2.1134 train 0.3203 test 0.1659
epoch 33/200 loss 2.0009 train 0.3672 test 0.1744
epoch 34/200 loss 1.9775 train 0.3620 test 0.1864
epoch 35/200 loss 2.0316 train 0.3620 test 0.1736
epoch 36/200 loss 1.9676 train 0.3750 test 0.1778
epoch 37/200 loss 1.9144 train 0.3958 test 0.1586
epoch 38/200 loss 1.9658 train 0.3776 test 0.1638
epoch 39/200 loss 1.9408 train 0.4036 test 0.1821
epoch 40/200 loss 1.8114 train 0.4036 test 0.1791
epoch 41/200 loss 1.7818 train 0.4271 test 0.1718
epoch 42/200 loss 1.7952 train 0.4141 test 0.1728
epoch 43/200 loss 1.7813 train 0.4089 test 0.1852
epoch 44/200 loss 1.7690 train 0.4453 test 0.1787
epoch 45/200 loss 1.7116 train 0.4375 test 0.1799
epoch 46/200 loss 1.7146 train 0.4661 test 0.2011
epoch 47/200 loss 1.6151 train 0.4635 test 0.1897
epoch 48/200 loss 1.6391 train 0.4870 test 0.1696
epoch 49/200 loss 1.5956 train 0.4557 test 0.1813
epoch 50/200 loss 1.5652 train 0.4948 test 0.1992
epoch 51/200 loss 1.5638 train 0.4844 test 0.1920
epoch 52/200 loss 1.5057 train 0.5208 test 0.1944
epoch 53/200 loss 1.3820 train 0.5547 test 0.1954
epoch 54/200 loss 1.4089 train 0.5469 test 0.1825
epoch 55/200 loss 1.4076 train 0.5625 test 0.1867
epoch 56/200 loss 1.4123 train 0.5495 test 0.1839
epoch 57/200 loss 1.3184 train 0.5703 test 0.1644
epoch 58/200 loss 1.3771 train 0.5573 test 0.1846
epoch 59/200 loss 1.2353 train 0.6172 test 0.1812
epoch 60/200 loss 1.2665 train 0.6172 test 0.1736
epoch 61/200 loss 1.2286 train 0.6302 test 0.1926
epoch 62/200 loss 1.1794 train 0.6380 test 0.1866
epoch 63/200 loss 1.2174 train 0.5964 test 0.1853
epoch 64/200 loss 1.1200 train 0.6172 test 0.1897
epoch 65/200 loss 1.1413 train 0.6250 test 0.1887
epoch 66/200 loss 1.1023 train 0.6458 test 0.1945
epoch 67/200 loss 1.0380 train 0.6458 test 0.2095
epoch 68/200 loss 1.0140 train 0.6823 test 0.1974
epoch 69/200 loss 1.0543 train 0.6615 test 0.1942
epoch 70/200 loss 0.9165 train 0.7109 test 0.1684
epoch 71/200 loss 0.8889 train 0.7161 test 0.1976
epoch 72/200 loss 0.8711 train 0.7214 test 0.2021
epoch 73/200 loss 0.7905 train 0.7578 test 0.1930
epoch 74/200 loss 0.7708 train 0.7865 test 0.1948
epoch 75/200 loss 0.8098 train 0.7474 test 0.1880
epoch 76/200 loss 0.7892 train 0.7682 test 0.1970
epoch 77/200 loss 0.7640 train 0.7682 test 0.1933
epoch 78/200 loss 0.8056 train 0.7422 test 0.1869
epoch 79/200 loss 0.7073 train 0.7917 test 0.1901
epoch 80/200 loss 0.7269 train 0.7526 test 0.2015
epoch 81/200 loss 0.7010 train 0.7943 test 0.1953
epoch 82/200 loss 0.5900 train 0.8073 test 0.1911
epoch 83/200 loss 0.6656 train 0.8047 test 0.2003
epoch 84/200 loss 0.6843 train 0.7865 test 0.1982
epoch 85/200 loss 0.5740 train 0.8333 test 0.1786
epoch 86/200 loss 0.6006 train 0.8255 test 0.1926
epoch 87/200 loss 0.5277 train 0.8333 test 0.1899
epoch 88/200 loss 0.4814 train 0.8620 test 0.1921
epoch 89/200 loss 0.4915 train 0.8568 test 0.2038
epoch 90/200 loss 0.4294 train 0.8646 test 0.2065
epoch 91/200 loss 0.4419 train 0.8724 test 0.1947
epoch 92/200 loss 0.4435 train 0.8750 test 0.2043
epoch 93/200 loss 0.3767 train 0.8932 test 0.2113
epoch 94/200 loss 0.4074 train 0.8776 test 0.2035
epoch 95/200 loss 0.3287 train 0.9193 test 0.2047
epoch 96/200 loss 0.3842 train 0.8906 test 0.2013
epoch 97/200 loss 0.2861 train 0.9219 test 0.2068
epoch 98/200 loss 0.2892 train 0.9219 test 0.2003
epoch 99/200 loss 0.2716 train 0.9271 test 0.2127
epoch 100/200 loss 0.2163 train 0.9505 test 0.2098
epoch 101/200 loss 0.2495 train 0.9271 test 0.2132
epoch 102/200 loss 0.2004 train 0.9583 test 0.2080
epoch 103/200 loss 0.1991 train 0.9609 test 0.2051
epoch 104/200 loss 0.1653 train 0.9740 test 0.2050
epoch 105/200 loss 0.1916 train 0.9609 test 0.2013
epoch 106/200 loss 0.1499 train 0.9740 test 0.2048
epoch 107/200 loss 0.1218 train 0.9870 test 0.2063
epoch 108/200 loss 0.1581 train 0.9714 test 0.2129
epoch 109/200 loss 0.1116 train 0.9844 test 0.2176
epoch 110/200 loss 0.1136 train 0.9844 test 0.2097
epoch 111/200 loss 0.1078 train 0.9844 test 0.2066
epoch 112/200 loss 0.1067 train 0.9818 test 0.2086
epoch 113/200 loss 0.0749 train 0.9922 test 0.2139
epoch 114/200 loss 0.0889 train 0.9870 test 0.2138
epoch 115/200 loss 0.1122 train 0.9792 test 0.2142
epoch 116/200 loss 0.0547 train 0.9974 test 0.2139
epoch 117/200 loss 0.0689 train 0.9974 test 0.2129
epoch 118/200 loss 0.0766 train 0.9870 test 0.2124
epoch 119/200 loss 0.0622 train 0.9896 test 0.2130
epoch 120/200 loss 0.0802 train 0.9870 test 0.2135
epoch 121/200 loss 0.0427 train 1.0000 test 0.2127
epoch 122/200 loss 0.0394 train 1.0000 test 0.2129
epoch 123/200 loss 0.0607 train 0.9974 test 0.2163
epoch 124/200 loss 0.0508 train 1.0000 test 0.2133
epoch 125/200 loss 0.0365 train 0.9974 test 0.2154
epoch 126/200 loss 0.0393 train 0.9974 test 0.2121
epoch 127/200 loss 0.0378 train 0.9948 test 0.2133
epoch 128/200 loss 0.0403 train 0.9974 test 0.2138
epoch 129/200 loss 0.0220 train 1.0000 test 0.2153
epoch 130/200 loss 0.0292 train 1.0000 test 0.2185
epoch 131/200 loss 0.0292 train 1.0000 test 0.2185
epoch 132/200 loss 0.0245 train 0.9974 test 0.2190
epoch 133/200 loss 0.0233 train 1.0000 test 0.2185
epoch 134/200 loss 0.0238 train 1.0000 test 0.2183
epoch 135/200 loss 0.0218 train 1.0000 test 0.2191
epoch 136/200 loss 0.0226 train 0.9974 test 0.2185
epoch 137/200 loss 0.0156 train 1.0000 test 0.2186
epoch 138/200 loss 0.0222 train 1.0000 test 0.2185
epoch 139/200 loss 0.0205 train 1.0000 test 0.2200
epoch 140/200 loss 0.0230 train 1.0000 test 0.2193
epoch 141/200 loss 0.0164 train 1.0000 test 0.2199
epoch 142/200 loss 0.0229 train 1.0000 test 0.2195
epoch 143/200 loss 0.0235 train 1.0000 test 0.2202
epoch 144/200 loss 0.0169 train 1.0000 test 0.2196
epoch 145/200 loss 0.0208 train 1.0000 test 0.2197
epoch 146/200 loss 0.0163 train 1.0000 test 0.2194
epoch 147/200 loss 0.0133 train 1.0000 test 0.2189
epoch 148/200 loss 0.0146 train 1.0000 test 0.2198
epoch 149/200 loss 0.0174 train 1.0000 test 0.2210
epoch 150/200 loss 0.0141 train 1.0000 test 0.2199
epoch 151/200 loss 0.0131 train 1.0000 test 0.2194
epoch 152/200 loss 0.0221 train 1.0000 test 0.2206
epoch 153/200 loss 0.0143 train 1.0000 test 0.2178
epoch 154/200 loss 0.0142 train 1.0000 test 0.2169
epoch 155/200 loss 0.0126 train 1.0000 test 0.2163
epoch 156/200 loss 0.0140 train 1.0000 test 0.2184
epoch 157/200 loss 0.0143 train 1.0000 test 0.2180
epoch 158/200 loss 0.0140 train 1.0000 test 0.2171
epoch 159/200 loss 0.0149 train 1.0000 test 0.2177
epoch 160/200 loss 0.0123 train 1.0000 test 0.2189
epoch 161/200 loss 0.0117 train 1.0000 test 0.2193
epoch 162/200 loss 0.0108 train 1.0000 test 0.2189
epoch 163/200 loss 0.0116 train 1.0000 test 0.2195
epoch 164/200 loss 0.0155 train 1.0000 test 0.2193
epoch 165/200 loss 0.0113 train 1.0000 test 0.2189
epoch 166/200 loss 0.0161 train 1.0000 test 0.2197
epoch 167/200 loss 0.0133 train 1.0000 test 0.2195
epoch 168/200 loss 0.0126 train 1.0000 test 0.2198
epoch 169/200 loss 0.0136 train 1.0000 test 0.2180
epoch 170/200 loss 0.0153 train 1.0000 test 0.2195
epoch 171/200 loss 0.0101 train 1.0000 test 0.2202
epoch 172/200 loss 0.0141 train 1.0000 test 0.2190
epoch 173/200 loss 0.0121 train 1.0000 test 0.2191
epoch 174/200 loss 0.0155 train 1.0000 test 0.2186
epoch 175/200 loss 0.0146 train 1.0000 test 0.2197
epoch 176/200 loss 0.0141 train 1.0000 test 0.2190
epoch 177/200 loss 0.0136 train 1.0000 test 0.2195
epoch 178/200 loss 0.0136 train 1.0000 test 0.2197
epoch 179/200 loss 0.0104 train 1.0000 test 0.2210
epoch 180/200 loss 0.0138 train 1.0000 test 0.2196
epoch 181/200 loss 0.0131 train 1.0000 test 0.2199
epoch 182/200 loss 0.0101 train 1.0000 test 0.2191
epoch 183/200 loss 0.0165 train 1.0000 test 0.2178
epoch 184/200 loss 0.0142 train 0.9974 test 0.2178
epoch 185/200 loss 0.0131 train 1.0000 test 0.2191
epoch 186/200 loss 0.0215 train 1.0000 test 0.2193
epoch 187/200 loss 0.0119 train 1.0000 test 0.2192
epoch 188/200 loss 0.0122 train 1.0000 test 0.2196
epoch 189/200 loss 0.0138 train 1.0000 test 0.2191
epoch 190/200 loss 0.0109 train 1.0000 test 0.2196
epoch 191/200 loss 0.0100 train 1.0000 test 0.2195
epoch 192/200 loss 0.0106 train 1.0000 test 0.2197
epoch 193/200 loss 0.0111 train 1.0000 test 0.2195
epoch 194/200 loss 0.0140 train 1.0000 test 0.2199
epoch 195/200 loss 0.0116 train 1.0000 test 0.2201
epoch 196/200 loss 0.0151 train 1.0000 test 0.2194
epoch 197/200 loss 0.0157 train 1.0000 test 0.2193
epoch 198/200 loss 0.0115 train 1.0000 test 0.2195
epoch 199/200 loss 0.0125 train 1.0000 test 0.2188
epoch 200/200 loss 0.0103 train 1.0000 test 0.2193
done: final 0.2193 best 0.2210 -> ./runs/super1_none/seed0
SUPER12_DONE super1_none_seed0
SUPER12_START super1_none_seed1 (free 7276 MiB)
[super1_none seed1] {"params_trainable": 11179092, "params_stem_trainable": 0, "params_stem_fixed_filters": 0, "flops_total": 556664832, "flops_stem": 0, "flops_image_size": 32}
epoch 1/200 loss 3.0254 train 0.0625 test 0.0752
epoch 2/200 loss 2.9344 train 0.0807 test 0.0946
epoch 3/200 loss 2.8771 train 0.1094 test 0.1115
epoch 4/200 loss 2.8156 train 0.1536 test 0.1285
epoch 5/200 loss 2.7608 train 0.1589 test 0.1471
epoch 6/200 loss 2.7277 train 0.1797 test 0.1251
epoch 7/200 loss 2.6842 train 0.1458 test 0.1185
epoch 8/200 loss 2.6270 train 0.1979 test 0.1536
epoch 9/200 loss 2.6000 train 0.2057 test 0.1494
epoch 10/200 loss 2.5562 train 0.2292 test 0.1442
epoch 11/200 loss 2.5270 train 0.2005 test 0.1591
epoch 12/200 loss 2.4870 train 0.2240 test 0.1422
epoch 13/200 loss 2.4905 train 0.2318 test 0.1544
epoch 14/200 loss 2.3824 train 0.2760 test 0.1490
epoch 15/200 loss 2.4452 train 0.1953 test 0.1458
epoch 16/200 loss 2.3874 train 0.2188 test 0.1460
epoch 17/200 loss 2.4035 train 0.2630 test 0.1505
epoch 18/200 loss 2.3691 train 0.2969 test 0.1659
epoch 19/200 loss 2.3886 train 0.2786 test 0.1566
epoch 20/200 loss 2.3333 train 0.2500 test 0.1700
epoch 21/200 loss 2.3185 train 0.2656 test 0.1674
epoch 22/200 loss 2.2936 train 0.2812 test 0.1572
epoch 23/200 loss 2.3122 train 0.2370 test 0.1696
epoch 24/200 loss 2.2205 train 0.2943 test 0.1720
epoch 25/200 loss 2.2312 train 0.2995 test 0.1642
epoch 26/200 loss 2.2203 train 0.3125 test 0.1482
epoch 27/200 loss 2.1742 train 0.3047 test 0.1500
epoch 28/200 loss 2.1557 train 0.2839 test 0.1779
epoch 29/200 loss 2.1306 train 0.3073 test 0.1868
epoch 30/200 loss 2.1286 train 0.3255 test 0.1827
epoch 31/200 loss 2.1080 train 0.3281 test 0.1831
epoch 32/200 loss 2.0690 train 0.3411 test 0.1651
epoch 33/200 loss 2.0488 train 0.3438 test 0.1804
epoch 34/200 loss 1.9874 train 0.3385 test 0.1850
epoch 35/200 loss 1.9419 train 0.3802 test 0.1879
epoch 36/200 loss 1.9060 train 0.3880 test 0.1887
epoch 37/200 loss 1.9080 train 0.3828 test 0.1858
epoch 38/200 loss 1.9109 train 0.3958 test 0.1882
epoch 39/200 loss 1.8863 train 0.4010 test 0.1920
epoch 40/200 loss 1.8919 train 0.3906 test 0.1755
epoch 41/200 loss 1.8405 train 0.3984 test 0.1825
epoch 42/200 loss 1.8361 train 0.3906 test 0.1872
epoch 43/200 loss 1.7437 train 0.4323 test 0.1874
epoch 44/200 loss 1.7250 train 0.4219 test 0.1802
epoch 45/200 loss 1.7426 train 0.4245 test 0.1971
epoch 46/200 loss 1.6390 train 0.4609 test 0.1920
epoch 47/200 loss 1.6298 train 0.4792 test 0.1818
epoch 48/200 loss 1.5576 train 0.5078 test 0.1962
epoch 49/200 loss 1.5299 train 0.5130 test 0.1750
epoch 50/200 loss 1.6187 train 0.4557 test 0.1795
epoch 51/200 loss 1.5680 train 0.4766 test 0.1813
epoch 52/200 loss 1.5427 train 0.4974 test 0.1962
epoch 53/200 loss 1.4941 train 0.5260 test 0.1801
epoch 54/200 loss 1.4639 train 0.4870 test 0.1948
epoch 55/200 loss 1.4448 train 0.5312 test 0.1977
epoch 56/200 loss 1.3601 train 0.5443 test 0.1940
epoch 57/200 loss 1.3036 train 0.5990 test 0.2039
epoch 58/200 loss 1.2820 train 0.5755 test 0.2025
epoch 59/200 loss 1.2538 train 0.6120 test 0.1817
epoch 60/200 loss 1.1862 train 0.6016 test 0.1979
epoch 61/200 loss 1.2175 train 0.5911 test 0.1928
epoch 62/200 loss 1.2475 train 0.6016 test 0.1865
epoch 63/200 loss 1.1543 train 0.6172 test 0.1940
epoch 64/200 loss 1.1412 train 0.6172 test 0.2015
epoch 65/200 loss 1.1645 train 0.6068 test 0.1864
epoch 66/200 loss 0.9984 train 0.6953 test 0.1841
epoch 67/200 loss 1.0407 train 0.6354 test 0.2029
epoch 68/200 loss 0.9421 train 0.6979 test 0.1989
epoch 69/200 loss 0.9875 train 0.6771 test 0.1723
epoch 70/200 loss 0.9513 train 0.6875 test 0.1906
epoch 71/200 loss 0.8811 train 0.7422 test 0.1991
epoch 72/200 loss 0.8691 train 0.7161 test 0.1911
epoch 73/200 loss 0.8540 train 0.7214 test 0.2027
epoch 74/200 loss 0.8320 train 0.7318 test 0.1979
epoch 75/200 loss 0.7684 train 0.7760 test 0.1960
epoch 76/200 loss 0.6473 train 0.8281 test 0.2102
epoch 77/200 loss 0.6454 train 0.8047 test 0.2107
epoch 78/200 loss 0.5562 train 0.8516 test 0.2031
epoch 79/200 loss 0.6252 train 0.8099 test 0.2094
epoch 80/200 loss 0.5568 train 0.8203 test 0.2008
epoch 81/200 loss 0.4830 train 0.8620 test 0.2010
epoch 82/200 loss 0.5922 train 0.8021 test 0.2074
epoch 83/200 loss 0.5071 train 0.8672 test 0.1910
epoch 84/200 loss 0.4927 train 0.8464 test 0.2010
epoch 85/200 loss 0.4294 train 0.8828 test 0.2066
epoch 86/200 loss 0.4944 train 0.8516 test 0.2066
epoch 87/200 loss 0.4263 train 0.8880 test 0.1996
epoch 88/200 loss 0.4366 train 0.8776 test 0.1945
epoch 89/200 loss 0.3637 train 0.8906 test 0.1955
epoch 90/200 loss 0.3555 train 0.9062 test 0.2010
epoch 91/200 loss 0.3994 train 0.8932 test 0.2214
epoch 92/200 loss 0.3507 train 0.8984 test 0.2105
epoch 93/200 loss 0.3080 train 0.9323 test 0.2048
epoch 94/200 loss 0.2980 train 0.9219 test 0.2083
epoch 95/200 loss 0.3217 train 0.9062 test 0.2006
epoch 96/200 loss 0.2618 train 0.9401 test 0.2037
epoch 97/200 loss 0.2394 train 0.9531 test 0.2084
epoch 98/200 loss 0.2432 train 0.9479 test 0.2091
epoch 99/200 loss 0.2150 train 0.9453 test 0.2052
epoch 100/200 loss 0.1688 train 0.9609 test 0.2091
epoch 101/200 loss 0.1877 train 0.9609 test 0.2037
epoch 102/200 loss 0.1390 train 0.9740 test 0.2028
epoch 103/200 loss 0.1670 train 0.9766 test 0.2115
epoch 104/200 loss 0.1312 train 0.9714 test 0.2153
epoch 105/200 loss 0.1460 train 0.9661 test 0.2104
epoch 106/200 loss 0.1251 train 0.9740 test 0.2084
epoch 107/200 loss 0.1401 train 0.9714 test 0.2104
epoch 108/200 loss 0.1003 train 0.9818 test 0.2172
epoch 109/200 loss 0.1056 train 0.9792 test 0.2181
epoch 110/200 loss 0.1100 train 0.9844 test 0.2192
epoch 111/200 loss 0.0880 train 0.9844 test 0.2170
epoch 112/200 loss 0.0825 train 0.9896 test 0.2146
epoch 113/200 loss 0.0711 train 0.9922 test 0.2170
epoch 114/200 loss 0.0630 train 0.9948 test 0.2213
epoch 115/200 loss 0.1264 train 0.9661 test 0.2218
epoch 116/200 loss 0.0877 train 0.9896 test 0.2192
epoch 117/200 loss 0.0740 train 0.9844 test 0.2196
epoch 118/200 loss 0.1025 train 0.9740 test 0.2213
epoch 119/200 loss 0.0546 train 0.9922 test 0.2175
epoch 120/200 loss 0.0883 train 0.9818 test 0.2148
epoch 121/200 loss 0.0806 train 0.9818 test 0.2146
epoch 122/200 loss 0.0425 train 0.9948 test 0.2076
epoch 123/200 loss 0.0550 train 0.9948 test 0.2070
epoch 124/200 loss 0.0432 train 0.9974 test 0.2171
epoch 125/200 loss 0.0455 train 0.9948 test 0.2204
epoch 126/200 loss 0.0362 train 0.9948 test 0.2195
epoch 127/200 loss 0.0291 train 0.9974 test 0.2191
epoch 128/200 loss 0.0461 train 0.9922 test 0.2189
epoch 129/200 loss 0.0267 train 1.0000 test 0.2204
epoch 130/200 loss 0.0293 train 1.0000 test 0.2221
epoch 131/200 loss 0.0309 train 0.9974 test 0.2216
epoch 132/200 loss 0.0218 train 1.0000 test 0.2197
epoch 133/200 loss 0.0251 train 1.0000 test 0.2195
epoch 134/200 loss 0.0218 train 1.0000 test 0.2204
epoch 135/200 loss 0.0193 train 1.0000 test 0.2205
epoch 136/200 loss 0.0195 train 1.0000 test 0.2199
epoch 137/200 loss 0.0174 train 1.0000 test 0.2212
epoch 138/200 loss 0.0126 train 1.0000 test 0.2206
epoch 139/200 loss 0.0180 train 0.9974 test 0.2224
epoch 140/200 loss 0.0199 train 1.0000 test 0.2215
epoch 141/200 loss 0.0149 train 1.0000 test 0.2233
epoch 142/200 loss 0.0150 train 1.0000 test 0.2237
epoch 143/200 loss 0.0175 train 1.0000 test 0.2243
epoch 144/200 loss 0.0144 train 1.0000 test 0.2243
epoch 145/200 loss 0.0135 train 1.0000 test 0.2255
epoch 146/200 loss 0.0170 train 1.0000 test 0.2245
epoch 147/200 loss 0.0119 train 1.0000 test 0.2234
epoch 148/200 loss 0.0123 train 1.0000 test 0.2233
epoch 149/200 loss 0.0137 train 1.0000 test 0.2243
epoch 150/200 loss 0.0150 train 1.0000 test 0.2231
epoch 151/200 loss 0.0140 train 1.0000 test 0.2232
epoch 152/200 loss 0.0145 train 1.0000 test 0.2233
epoch 153/200 loss 0.0136 train 1.0000 test 0.2222
epoch 154/200 loss 0.0177 train 1.0000 test 0.2229
epoch 155/200 loss 0.0136 train 1.0000 test 0.2238
epoch 156/200 loss 0.0155 train 1.0000 test 0.2244
epoch 157/200 loss 0.0111 train 1.0000 test 0.2239
epoch 158/200 loss 0.0120 train 1.0000 test 0.2248
epoch 159/200 loss 0.0125 train 1.0000 test 0.2249
epoch 160/200 loss 0.0114 train 1.0000 test 0.2254
epoch 161/200 loss 0.0126 train 1.0000 test 0.2242
epoch 162/200 loss 0.0102 train 1.0000 test 0.2247
epoch 163/200 loss 0.0106 train 1.0000 test 0.2258
epoch 164/200 loss 0.0098 train 1.0000 test 0.2238
epoch 165/200 loss 0.0125 train 1.0000 test 0.2238
epoch 166/200 loss 0.0110 train 1.0000 test 0.2245
epoch 167/200 loss 0.0114 train 1.0000 test 0.2234
epoch 168/200 loss 0.0159 train 1.0000 test 0.2231
epoch 169/200 loss 0.0099 train 1.0000 test 0.2236
epoch 170/200 loss 0.0117 train 1.0000 test 0.2232
epoch 171/200 loss 0.0131 train 1.0000 test 0.2221
epoch 172/200 loss 0.0105 train 1.0000 test 0.2217
epoch 173/200 loss 0.0118 train 1.0000 test 0.2213
epoch 174/200 loss 0.0154 train 1.0000 test 0.2229
epoch 175/200 loss 0.0094 train 1.0000 test 0.2237
epoch 176/200 loss 0.0118 train 1.0000 test 0.2232
epoch 177/200 loss 0.0120 train 1.0000 test 0.2233
epoch 178/200 loss 0.0091 train 1.0000 test 0.2242
epoch 179/200 loss 0.0104 train 1.0000 test 0.2226
epoch 180/200 loss 0.0103 train 1.0000 test 0.2235
epoch 181/200 loss 0.0139 train 1.0000 test 0.2234
epoch 182/200 loss 0.0112 train 1.0000 test 0.2239
epoch 183/200 loss 0.0085 train 1.0000 test 0.2239
epoch 184/200 loss 0.0097 train 1.0000 test 0.2227
epoch 185/200 loss 0.0099 train 1.0000 test 0.2239
epoch 186/200 loss 0.0130 train 1.0000 test 0.2240
epoch 187/200 loss 0.0087 train 1.0000 test 0.2238
epoch 188/200 loss 0.0092 train 1.0000 test 0.2243
epoch 189/200 loss 0.0109 train 1.0000 test 0.2240
epoch 190/200 loss 0.0116 train 1.0000 test 0.2236
epoch 191/200 loss 0.0114 train 1.0000 test 0.2243
epoch 192/200 loss 0.0105 train 1.0000 test 0.2219
epoch 193/200 loss 0.0077 train 1.0000 test 0.2233
epoch 194/200 loss 0.0136 train 1.0000 test 0.2218
epoch 195/200 loss 0.0086 train 1.0000 test 0.2223
epoch 196/200 loss 0.0141 train 1.0000 test 0.2231
epoch 197/200 loss 0.0116 train 1.0000 test 0.2234
epoch 198/200 loss 0.0112 train 1.0000 test 0.2229
epoch 199/200 loss 0.0117 train 1.0000 test 0.2237
epoch 200/200 loss 0.0139 train 1.0000 test 0.2239
done: final 0.2239 best 0.2258 -> ./runs/super1_none/seed1
SUPER12_DONE super1_none_seed1
SUPER12_START super1_none_seed2 (free 3092 MiB)
[super1_none seed2] {"params_trainable": 11179092, "params_stem_trainable": 0, "params_stem_fixed_filters": 0, "flops_total": 556664832, "flops_stem": 0, "flops_image_size": 32}
epoch 1/200 loss 3.0443 train 0.0417 test 0.0694
epoch 2/200 loss 2.9391 train 0.1120 test 0.0988
epoch 3/200 loss 2.8545 train 0.1198 test 0.1113
epoch 4/200 loss 2.7724 train 0.1615 test 0.1066
epoch 5/200 loss 2.7757 train 0.1536 test 0.1341
epoch 6/200 loss 2.7077 train 0.1719 test 0.1344
epoch 7/200 loss 2.6690 train 0.2057 test 0.1366
epoch 8/200 loss 2.5759 train 0.1693 test 0.1414
epoch 9/200 loss 2.5953 train 0.1823 test 0.1504
epoch 10/200 loss 2.4690 train 0.2474 test 0.1505
epoch 11/200 loss 2.5375 train 0.2161 test 0.1383
epoch 12/200 loss 2.5262 train 0.2292 test 0.1475
epoch 13/200 loss 2.4490 train 0.2526 test 0.1484
epoch 14/200 loss 2.4656 train 0.2161 test 0.1474
epoch 15/200 loss 2.4406 train 0.2370 test 0.1455
epoch 16/200 loss 2.4258 train 0.2370 test 0.1591
epoch 17/200 loss 2.4319 train 0.2370 test 0.1590
epoch 18/200 loss 2.3490 train 0.2865 test 0.1606
epoch 19/200 loss 2.3386 train 0.2656 test 0.1714
epoch 20/200 loss 2.3185 train 0.3073 test 0.1691
epoch 21/200 loss 2.2913 train 0.2839 test 0.1676
epoch 22/200 loss 2.1899 train 0.3177 test 0.1819
epoch 23/200 loss 2.2208 train 0.2943 test 0.1723
epoch 24/200 loss 2.1737 train 0.3073 test 0.1631
epoch 25/200 loss 2.2345 train 0.2891 test 0.1635
epoch 26/200 loss 2.1401 train 0.3125 test 0.1704
epoch 27/200 loss 2.1439 train 0.3073 test 0.1683
epoch 28/200 loss 2.1344 train 0.3125 test 0.1665
epoch 29/200 loss 2.1262 train 0.3073 test 0.1716
epoch 30/200 loss 2.0762 train 0.3568 test 0.1635
epoch 31/200 loss 2.0468 train 0.3542 test 0.1812
epoch 32/200 loss 1.9794 train 0.3594 test 0.1670
epoch 33/200 loss 2.0058 train 0.3672 test 0.1754
epoch 34/200 loss 1.9730 train 0.3646 test 0.1791
epoch 35/200 loss 1.9008 train 0.4010 test 0.1811
epoch 36/200 loss 1.8499 train 0.3802 test 0.1597
epoch 37/200 loss 1.8900 train 0.4193 test 0.1833
epoch 38/200 loss 1.8395 train 0.4010 test 0.1885
epoch 39/200 loss 1.8531 train 0.4115 test 0.1730
epoch 40/200 loss 1.8234 train 0.4219 test 0.1797
epoch 41/200 loss 1.7285 train 0.4271 test 0.1940
epoch 42/200 loss 1.7792 train 0.3906 test 0.1665
epoch 43/200 loss 1.6801 train 0.4531 test 0.1819
epoch 44/200 loss 1.7262 train 0.4635 test 0.1878
epoch 45/200 loss 1.6430 train 0.4870 test 0.1793
epoch 46/200 loss 1.6592 train 0.4505 test 0.1797
epoch 47/200 loss 1.6006 train 0.4583 test 0.1865
epoch 48/200 loss 1.5633 train 0.5052 test 0.1974
epoch 49/200 loss 1.5073 train 0.5182 test 0.1814
epoch 50/200 loss 1.3811 train 0.5703 test 0.1960
epoch 51/200 loss 1.4350 train 0.5130 test 0.1844
epoch 52/200 loss 1.3433 train 0.5599 test 0.1837
epoch 53/200 loss 1.3027 train 0.5807 test 0.1848
epoch 54/200 loss 1.3739 train 0.5651 test 0.1804
epoch 55/200 loss 1.2629 train 0.6068 test 0.1982
epoch 56/200 loss 1.2610 train 0.5781 test 0.2037
epoch 57/200 loss 1.2710 train 0.5911 test 0.1815
epoch 58/200 loss 1.2339 train 0.6146 test 0.1961
epoch 59/200 loss 1.1706 train 0.6328 test 0.2082
epoch 60/200 loss 1.1396 train 0.6615 test 0.2003
epoch 61/200 loss 1.1242 train 0.6484 test 0.1936
epoch 62/200 loss 1.0707 train 0.6615 test 0.1749
epoch 63/200 loss 1.0670 train 0.6562 test 0.1932
epoch 64/200 loss 0.9900 train 0.6823 test 0.2034
epoch 65/200 loss 0.9947 train 0.6953 test 0.1947
epoch 66/200 loss 0.9396 train 0.7240 test 0.1808
epoch 67/200 loss 0.9442 train 0.6901 test 0.1813
epoch 68/200 loss 0.9408 train 0.6927 test 0.1925
epoch 69/200 loss 0.9139 train 0.6693 test 0.2084
epoch 70/200 loss 0.9027 train 0.7214 test 0.1945
epoch 71/200 loss 0.8310 train 0.7344 test 0.1964
epoch 72/200 loss 0.8670 train 0.7344 test 0.2032
epoch 73/200 loss 0.7725 train 0.7474 test 0.1922
epoch 74/200 loss 0.7798 train 0.7552 test 0.1869
epoch 75/200 loss 0.7038 train 0.7760 test 0.1937
epoch 76/200 loss 0.7121 train 0.7656 test 0.2174
epoch 77/200 loss 0.6120 train 0.8177 test 0.2101
epoch 78/200 loss 0.5474 train 0.8307 test 0.2040
epoch 79/200 loss 0.5322 train 0.8568 test 0.1956
epoch 80/200 loss 0.5355 train 0.8359 test 0.2053
epoch 81/200 loss 0.5195 train 0.8464 test 0.2066
epoch 82/200 loss 0.4397 train 0.8698 test 0.1915
epoch 83/200 loss 0.4266 train 0.8828 test 0.2070
epoch 84/200 loss 0.3726 train 0.9062 test 0.2128
epoch 85/200 loss 0.3706 train 0.9141 test 0.2134
epoch 86/200 loss 0.3340 train 0.9167 test 0.2171
epoch 87/200 loss 0.3560 train 0.9115 test 0.2057
epoch 88/200 loss 0.2823 train 0.9271 test 0.1974
epoch 89/200 loss 0.2677 train 0.9401 test 0.2110
epoch 90/200 loss 0.2814 train 0.9271 test 0.2112
epoch 91/200 loss 0.2736 train 0.9401 test 0.1963
epoch 92/200 loss 0.1938 train 0.9714 test 0.2019
epoch 93/200 loss 0.2392 train 0.9349 test 0.2019
epoch 94/200 loss 0.1868 train 0.9531 test 0.2110
epoch 95/200 loss 0.2027 train 0.9557 test 0.2116
epoch 96/200 loss 0.1742 train 0.9635 test 0.2187
epoch 97/200 loss 0.1581 train 0.9661 test 0.2034
epoch 98/200 loss 0.1713 train 0.9557 test 0.2131
epoch 99/200 loss 0.1482 train 0.9714 test 0.2173
epoch 100/200 loss 0.0993 train 0.9870 test 0.2093
epoch 101/200 loss 0.1230 train 0.9870 test 0.2106
epoch 102/200 loss 0.0912 train 0.9870 test 0.2119
epoch 103/200 loss 0.1047 train 0.9766 test 0.2141
epoch 104/200 loss 0.0850 train 0.9896 test 0.2200
epoch 105/200 loss 0.0893 train 0.9896 test 0.2169
epoch 106/200 loss 0.0710 train 0.9974 test 0.2147
epoch 107/200 loss 0.0870 train 0.9870 test 0.2179
epoch 108/200 loss 0.0659 train 0.9922 test 0.2200
epoch 109/200 loss 0.0697 train 0.9948 test 0.2213
epoch 110/200 loss 0.0690 train 0.9948 test 0.2224
epoch 111/200 loss 0.0688 train 0.9896 test 0.2178
epoch 112/200 loss 0.0729 train 0.9896 test 0.2138
epoch 113/200 loss 0.0597 train 0.9948 test 0.2174
epoch 114/200 loss 0.0697 train 0.9896 test 0.2235
epoch 115/200 loss 0.0552 train 0.9896 test 0.2281
epoch 116/200 loss 0.0423 train 0.9974 test 0.2243
epoch 117/200 loss 0.0737 train 0.9896 test 0.2249
epoch 118/200 loss 0.0548 train 0.9922 test 0.2282
epoch 119/200 loss 0.0514 train 0.9948 test 0.2252
epoch 120/200 loss 0.0512 train 0.9948 test 0.2189
epoch 121/200 loss 0.0395 train 0.9974 test 0.2207
epoch 122/200 loss 0.0487 train 0.9948 test 0.2251
epoch 123/200 loss 0.0295 train 1.0000 test 0.2271
epoch 124/200 loss 0.0342 train 0.9974 test 0.2321
epoch 125/200 loss 0.0309 train 0.9974 test 0.2334
epoch 126/200 loss 0.0242 train 1.0000 test 0.2337
epoch 127/200 loss 0.0186 train 1.0000 test 0.2341
epoch 128/200 loss 0.0279 train 1.0000 test 0.2322
epoch 129/200 loss 0.0213 train 1.0000 test 0.2307
epoch 130/200 loss 0.0222 train 1.0000 test 0.2312
epoch 131/200 loss 0.0156 train 1.0000 test 0.2286
epoch 132/200 loss 0.0200 train 1.0000 test 0.2286
epoch 133/200 loss 0.0202 train 1.0000 test 0.2284
epoch 134/200 loss 0.0155 train 1.0000 test 0.2280
epoch 135/200 loss 0.0184 train 1.0000 test 0.2287
epoch 136/200 loss 0.0142 train 1.0000 test 0.2307
epoch 137/200 loss 0.0138 train 1.0000 test 0.2316
epoch 138/200 loss 0.0149 train 1.0000 test 0.2311
epoch 139/200 loss 0.0126 train 1.0000 test 0.2310
epoch 140/200 loss 0.0125 train 1.0000 test 0.2298
epoch 141/200 loss 0.0162 train 1.0000 test 0.2295
epoch 142/200 loss 0.0110 train 1.0000 test 0.2293
epoch 143/200 loss 0.0130 train 1.0000 test 0.2295
epoch 144/200 loss 0.0120 train 1.0000 test 0.2300
epoch 145/200 loss 0.0125 train 1.0000 test 0.2297
epoch 146/200 loss 0.0148 train 1.0000 test 0.2290
epoch 147/200 loss 0.0110 train 1.0000 test 0.2272
epoch 148/200 loss 0.0138 train 1.0000 test 0.2289
epoch 149/200 loss 0.0114 train 1.0000 test 0.2285
epoch 150/200 loss 0.0155 train 1.0000 test 0.2284
epoch 151/200 loss 0.0113 train 1.0000 test 0.2276
epoch 152/200 loss 0.0106 train 1.0000 test 0.2275
epoch 153/200 loss 0.0110 train 1.0000 test 0.2280
epoch 154/200 loss 0.0119 train 1.0000 test 0.2288
epoch 155/200 loss 0.0148 train 1.0000 test 0.2293
epoch 156/200 loss 0.0108 train 1.0000 test 0.2295
epoch 157/200 loss 0.0120 train 1.0000 test 0.2288
epoch 158/200 loss 0.0101 train 1.0000 test 0.2298
epoch 159/200 loss 0.0096 train 1.0000 test 0.2301
epoch 160/200 loss 0.0103 train 1.0000 test 0.2299
epoch 161/200 loss 0.0106 train 1.0000 test 0.2295
epoch 162/200 loss 0.0123 train 1.0000 test 0.2309
epoch 163/200 loss 0.0099 train 1.0000 test 0.2312
epoch 164/200 loss 0.0131 train 1.0000 test 0.2303
epoch 165/200 loss 0.0111 train 1.0000 test 0.2307
epoch 166/200 loss 0.0103 train 1.0000 test 0.2299
epoch 167/200 loss 0.0177 train 1.0000 test 0.2313
epoch 168/200 loss 0.0089 train 1.0000 test 0.2315
epoch 169/200 loss 0.0101 train 1.0000 test 0.2313
epoch 170/200 loss 0.0107 train 1.0000 test 0.2311
epoch 171/200 loss 0.0133 train 0.9974 test 0.2317
epoch 172/200 loss 0.0118 train 1.0000 test 0.2323
epoch 173/200 loss 0.0113 train 1.0000 test 0.2322
epoch 174/200 loss 0.0107 train 1.0000 test 0.2332
epoch 175/200 loss 0.0075 train 1.0000 test 0.2337
epoch 176/200 loss 0.0135 train 1.0000 test 0.2337
epoch 177/200 loss 0.0097 train 1.0000 test 0.2335
epoch 178/200 loss 0.0085 train 1.0000 test 0.2326
epoch 179/200 loss 0.0101 train 1.0000 test 0.2324
epoch 180/200 loss 0.0094 train 1.0000 test 0.2327
epoch 181/200 loss 0.0093 train 1.0000 test 0.2338
epoch 182/200 loss 0.0083 train 1.0000 test 0.2338
epoch 183/200 loss 0.0094 train 1.0000 test 0.2335
epoch 184/200 loss 0.0093 train 1.0000 test 0.2336
epoch 185/200 loss 0.0096 train 1.0000 test 0.2327
epoch 186/200 loss 0.0105 train 1.0000 test 0.2324
epoch 187/200 loss 0.0096 train 1.0000 test 0.2327
epoch 188/200 loss 0.0099 train 1.0000 test 0.2316
epoch 189/200 loss 0.0072 train 1.0000 test 0.2321
epoch 190/200 loss 0.0094 train 1.0000 test 0.2326
epoch 191/200 loss 0.0112 train 1.0000 test 0.2322
epoch 192/200 loss 0.0085 train 1.0000 test 0.2319
epoch 193/200 loss 0.0099 train 1.0000 test 0.2324
epoch 194/200 loss 0.0084 train 1.0000 test 0.2318
epoch 195/200 loss 0.0137 train 1.0000 test 0.2319
epoch 196/200 loss 0.0097 train 1.0000 test 0.2323
epoch 197/200 loss 0.0082 train 1.0000 test 0.2331
epoch 198/200 loss 0.0081 train 1.0000 test 0.2328
epoch 199/200 loss 0.0082 train 1.0000 test 0.2321
epoch 200/200 loss 0.0080 train 1.0000 test 0.2317
done: final 0.2317 best 0.2341 -> ./runs/super1_none/seed2
SUPER12_DONE super1_none_seed2
SUPER12_CELL_DONE super1_none
SUPER12_START super1_aux_seed0 (free 8228 MiB)
moment-aux target calibrated on 1024 images
[super1_aux seed0] {"params_trainable": 11181148, "params_stem_trainable": 0, "params_stem_fixed_filters": 0, "flops_total": 556664832, "flops_stem": 0, "flops_image_size": 32}
epoch 1/200 loss 5.9180 train 0.0312 test 0.0634
epoch 2/200 loss 4.7601 train 0.0599 test 0.0708
epoch 3/200 loss 4.2395 train 0.0990 test 0.0854
epoch 4/200 loss 3.9210 train 0.1016 test 0.0609
epoch 5/200 loss 3.8679 train 0.1198 test 0.1068
epoch 6/200 loss 3.6703 train 0.1146 test 0.1352
epoch 7/200 loss 3.4003 train 0.1719 test 0.1226
epoch 8/200 loss 3.2233 train 0.1406 test 0.1218
epoch 9/200 loss 3.1510 train 0.1797 test 0.1577
epoch 10/200 loss 3.1311 train 0.1510 test 0.1610
epoch 11/200 loss 3.0133 train 0.1849 test 0.1527
epoch 12/200 loss 2.9878 train 0.1719 test 0.1745
epoch 13/200 loss 2.8488 train 0.2109 test 0.1675
epoch 14/200 loss 2.8854 train 0.2188 test 0.1559
epoch 15/200 loss 2.8390 train 0.2083 test 0.1579
epoch 16/200 loss 2.7696 train 0.2214 test 0.1664
epoch 17/200 loss 2.7379 train 0.2188 test 0.1748
epoch 18/200 loss 2.5852 train 0.2552 test 0.1697
epoch 19/200 loss 2.7312 train 0.2240 test 0.1805
epoch 20/200 loss 2.6210 train 0.2734 test 0.1796
epoch 21/200 loss 2.5463 train 0.2578 test 0.1739
epoch 22/200 loss 2.4661 train 0.2943 test 0.1888
epoch 23/200 loss 2.4708 train 0.2812 test 0.1911
epoch 24/200 loss 2.3630 train 0.3255 test 0.1932
epoch 25/200 loss 2.3653 train 0.3151 test 0.1798
epoch 26/200 loss 2.3204 train 0.3542 test 0.1880
epoch 27/200 loss 2.2912 train 0.3438 test 0.1946
epoch 28/200 loss 2.3354 train 0.2917 test 0.1736
epoch 29/200 loss 2.3559 train 0.2917 test 0.1604
epoch 30/200 loss 2.2384 train 0.3411 test 0.1935
epoch 31/200 loss 2.2280 train 0.3672 test 0.2044
epoch 32/200 loss 2.1945 train 0.3490 test 0.1883
epoch 33/200 loss 2.0979 train 0.3906 test 0.2042
epoch 34/200 loss 2.0651 train 0.4245 test 0.2035
epoch 35/200 loss 2.0575 train 0.4193 test 0.2037
epoch 36/200 loss 2.0364 train 0.3880 test 0.1920
epoch 37/200 loss 1.9853 train 0.4427 test 0.1858
epoch 38/200 loss 1.9576 train 0.4349 test 0.1920
epoch 39/200 loss 1.9956 train 0.4271 test 0.1998
epoch 40/200 loss 1.8259 train 0.4557 test 0.1906
epoch 41/200 loss 1.7654 train 0.4844 test 0.1839
epoch 42/200 loss 1.7917 train 0.4948 test 0.1925
epoch 43/200 loss 1.7433 train 0.5339 test 0.1947
epoch 44/200 loss 1.6908 train 0.5260 test 0.1831
epoch 45/200 loss 1.6862 train 0.5208 test 0.2136
epoch 46/200 loss 1.6122 train 0.5391 test 0.2152
epoch 47/200 loss 1.5745 train 0.5391 test 0.1948
epoch 48/200 loss 1.5501 train 0.5755 test 0.2021
epoch 49/200 loss 1.5207 train 0.5599 test 0.2162
epoch 50/200 loss 1.4454 train 0.5990 test 0.2095
epoch 51/200 loss 1.4501 train 0.5833 test 0.2154
epoch 52/200 loss 1.3865 train 0.5807 test 0.2090
epoch 53/200 loss 1.3560 train 0.6094 test 0.1946
epoch 54/200 loss 1.2878 train 0.6458 test 0.2037
epoch 55/200 loss 1.3177 train 0.6406 test 0.2011
epoch 56/200 loss 1.2874 train 0.6276 test 0.2006
epoch 57/200 loss 1.1719 train 0.6927 test 0.2013
epoch 58/200 loss 1.1331 train 0.7057 test 0.2108
epoch 59/200 loss 1.0641 train 0.7526 test 0.2163
epoch 60/200 loss 1.0434 train 0.7344 test 0.2208
epoch 61/200 loss 0.9869 train 0.7370 test 0.1955
epoch 62/200 loss 0.9854 train 0.7266 test 0.1940
epoch 63/200 loss 0.9549 train 0.7552 test 0.2035
epoch 64/200 loss 0.9517 train 0.7474 test 0.2050
epoch 65/200 loss 0.8559 train 0.7917 test 0.2039
epoch 66/200 loss 0.8589 train 0.7839 test 0.2293
epoch 67/200 loss 0.8515 train 0.7760 test 0.2206
epoch 68/200 loss 0.8346 train 0.8203 test 0.2050
epoch 69/200 loss 0.8013 train 0.7995 test 0.2084
epoch 70/200 loss 0.6603 train 0.8464 test 0.2117
epoch 71/200 loss 0.6631 train 0.8490 test 0.1996
epoch 72/200 loss 0.5824 train 0.9010 test 0.1989
epoch 73/200 loss 0.5304 train 0.8958 test 0.2161
epoch 74/200 loss 0.5466 train 0.8698 test 0.2076
epoch 75/200 loss 0.6048 train 0.8594 test 0.2084
epoch 76/200 loss 0.5208 train 0.8906 test 0.2061
epoch 77/200 loss 0.5354 train 0.8672 test 0.2059
epoch 78/200 loss 0.5114 train 0.8828 test 0.2155
epoch 79/200 loss 0.4485 train 0.9141 test 0.2092
epoch 80/200 loss 0.4067 train 0.9219 test 0.2215
epoch 81/200 loss 0.4484 train 0.9089 test 0.2352
epoch 82/200 loss 0.3832 train 0.9271 test 0.2254
epoch 83/200 loss 0.3844 train 0.9245 test 0.2236
epoch 84/200 loss 0.3852 train 0.9375 test 0.2195
epoch 85/200 loss 0.4059 train 0.9036 test 0.2217
epoch 86/200 loss 0.4367 train 0.9036 test 0.2184
epoch 87/200 loss 0.4092 train 0.9271 test 0.2118
epoch 88/200 loss 0.3625 train 0.9271 test 0.2249
epoch 89/200 loss 0.3544 train 0.9505 test 0.2320
epoch 90/200 loss 0.2882 train 0.9557 test 0.2167
epoch 91/200 loss 0.2908 train 0.9505 test 0.2136
epoch 92/200 loss 0.2977 train 0.9609 test 0.2152
epoch 93/200 loss 0.2492 train 0.9609 test 0.2269
epoch 94/200 loss 0.2406 train 0.9714 test 0.2219
epoch 95/200 loss 0.2190 train 0.9792 test 0.2189
epoch 96/200 loss 0.2092 train 0.9792 test 0.2221
epoch 97/200 loss 0.1909 train 0.9870 test 0.2249
epoch 98/200 loss 0.1818 train 0.9844 test 0.2348
epoch 99/200 loss 0.1445 train 0.9974 test 0.2307
epoch 100/200 loss 0.1523 train 0.9896 test 0.2334
epoch 101/200 loss 0.1383 train 0.9896 test 0.2369
epoch 102/200 loss 0.1372 train 0.9896 test 0.2369
epoch 103/200 loss 0.1316 train 0.9896 test 0.2335
epoch 104/200 loss 0.1061 train 1.0000 test 0.2371
epoch 105/200 loss 0.1236 train 0.9922 test 0.2342
epoch 106/200 loss 0.0967 train 1.0000 test 0.2360
epoch 107/200 loss 0.1000 train 0.9974 test 0.2376
epoch 108/200 loss 0.1007 train 0.9974 test 0.2366
epoch 109/200 loss 0.0929 train 0.9974 test 0.2393
epoch 110/200 loss 0.0867 train 0.9948 test 0.2390
epoch 111/200 loss 0.0817 train 1.0000 test 0.2390
epoch 112/200 loss 0.0766 train 1.0000 test 0.2356
epoch 113/200 loss 0.0721 train 0.9974 test 0.2370
epoch 114/200 loss 0.0684 train 1.0000 test 0.2384
epoch 115/200 loss 0.0681 train 1.0000 test 0.2408
epoch 116/200 loss 0.0655 train 1.0000 test 0.2429
epoch 117/200 loss 0.0673 train 0.9974 test 0.2428
epoch 118/200 loss 0.0604 train 1.0000 test 0.2431
epoch 119/200 loss 0.0599 train 1.0000 test 0.2415
epoch 120/200 loss 0.0669 train 0.9974 test 0.2396
epoch 121/200 loss 0.0554 train 1.0000 test 0.2416
epoch 122/200 loss 0.0544 train 1.0000 test 0.2399
epoch 123/200 loss 0.0585 train 1.0000 test 0.2389
epoch 124/200 loss 0.0565 train 1.0000 test 0.2374
epoch 125/200 loss 0.0514 train 1.0000 test 0.2374
epoch 126/200 loss 0.0491 train 1.0000 test 0.2387
epoch 127/200 loss 0.0464 train 1.0000 test 0.2402
epoch 128/200 loss 0.0465 train 1.0000 test 0.2382
epoch 129/200 loss 0.0424 train 1.0000 test 0.2374
epoch 130/200 loss 0.0433 train 1.0000 test 0.2376
epoch 131/200 loss 0.0419 train 1.0000 test 0.2388
epoch 132/200 loss 0.0399 train 1.0000 test 0.2394
epoch 133/200 loss 0.0383 train 1.0000 test 0.2404
epoch 134/200 loss 0.0384 train 1.0000 test 0.2402
epoch 135/200 loss 0.0380 train 1.0000 test 0.2404
epoch 136/200 loss 0.0380 train 1.0000 test 0.2385
epoch 137/200 loss 0.0348 train 1.0000 test 0.2379
epoch 138/200 loss 0.0385 train 1.0000 test 0.2405
epoch 139/200 loss 0.0339 train 1.0000 test 0.2402
epoch 140/200 loss 0.0354 train 1.0000 test 0.2410
epoch 141/200 loss 0.0316 train 1.0000 test 0.2392
epoch 142/200 loss 0.0360 train 1.0000 test 0.2391
epoch 143/200 loss 0.0324 train 1.0000 test 0.2405
epoch 144/200 loss 0.0316 train 1.0000 test 0.2398
epoch 145/200 loss 0.0295 train 1.0000 test 0.2411
epoch 146/200 loss 0.0286 train 1.0000 test 0.2413
epoch 147/200 loss 0.0270 train 1.0000 test 0.2412
epoch 148/200 loss 0.0273 train 1.0000 test 0.2419
epoch 149/200 loss 0.0273 train 1.0000 test 0.2415
epoch 150/200 loss 0.0249 train 1.0000 test 0.2418
epoch 151/200 loss 0.0237 train 1.0000 test 0.2415
epoch 152/200 loss 0.0259 train 1.0000 test 0.2427
epoch 153/200 loss 0.0234 train 1.0000 test 0.2420
epoch 154/200 loss 0.0232 train 1.0000 test 0.2435
epoch 155/200 loss 0.0213 train 1.0000 test 0.2441
epoch 156/200 loss 0.0206 train 1.0000 test 0.2436
epoch 157/200 loss 0.0193 train 1.0000 test 0.2431
epoch 158/200 loss 0.0210 train 1.0000 test 0.2432
epoch 159/200 loss 0.0189 train 1.0000 test 0.2429
epoch 160/200 loss 0.0178 train 1.0000 test 0.2424
epoch 161/200 loss 0.0163 train 1.0000 test 0.2432
epoch 162/200 loss 0.0167 train 1.0000 test 0.2437
epoch 163/200 loss 0.0170 train 1.0000 test 0.2426
epoch 164/200 loss 0.0179 train 1.0000 test 0.2424
epoch 165/200 loss 0.0164 train 1.0000 test 0.2421
epoch 166/200 loss 0.0158 train 1.0000 test 0.2412
epoch 167/200 loss 0.0163 train 1.0000 test 0.2408
epoch 168/200 loss 0.0144 train 1.0000 test 0.2400
epoch 169/200 loss 0.0155 train 1.0000 test 0.2417
epoch 170/200 loss 0.0146 train 1.0000 test 0.2426
epoch 171/200 loss 0.0125 train 1.0000 test 0.2439
epoch 172/200 loss 0.0144 train 1.0000 test 0.2436
epoch 173/200 loss 0.0129 train 1.0000 test 0.2440
epoch 174/200 loss 0.0132 train 1.0000 test 0.2430
epoch 175/200 loss 0.0139 train 1.0000 test 0.2443
epoch 176/200 loss 0.0125 train 1.0000 test 0.2431
epoch 177/200 loss 0.0105 train 1.0000 test 0.2425
epoch 178/200 loss 0.0127 train 1.0000 test 0.2431
epoch 179/200 loss 0.0089 train 1.0000 test 0.2430
epoch 180/200 loss 0.0104 train 1.0000 test 0.2431
epoch 181/200 loss 0.0119 train 1.0000 test 0.2434
epoch 182/200 loss 0.0086 train 1.0000 test 0.2431
epoch 183/200 loss 0.0101 train 1.0000 test 0.2430
epoch 184/200 loss 0.0095 train 1.0000 test 0.2437
epoch 185/200 loss 0.0091 train 1.0000 test 0.2431
epoch 186/200 loss 0.0116 train 1.0000 test 0.2433
epoch 187/200 loss 0.0090 train 1.0000 test 0.2432
epoch 188/200 loss 0.0074 train 1.0000 test 0.2428
epoch 189/200 loss 0.0093 train 1.0000 test 0.2430
epoch 190/200 loss 0.0084 train 1.0000 test 0.2430
epoch 191/200 loss 0.0070 train 1.0000 test 0.2426
epoch 192/200 loss 0.0082 train 1.0000 test 0.2436
epoch 193/200 loss 0.0066 train 1.0000 test 0.2430
epoch 194/200 loss 0.0085 train 1.0000 test 0.2436
epoch 195/200 loss 0.0079 train 1.0000 test 0.2435
epoch 196/200 loss 0.0086 train 1.0000 test 0.2434
epoch 197/200 loss 0.0103 train 1.0000 test 0.2438
epoch 198/200 loss 0.0067 train 1.0000 test 0.2438
epoch 199/200 loss 0.0067 train 1.0000 test 0.2433
epoch 200/200 loss 0.0065 train 1.0000 test 0.2430
done: final 0.2430 best 0.2443 -> ./runs/super1_aux/seed0
SUPER12_DONE super1_aux_seed0
SUPER12_START super1_aux_seed1 (free 8228 MiB)
moment-aux target calibrated on 1024 images
[super1_aux seed1] {"params_trainable": 11181148, "params_stem_trainable": 0, "params_stem_fixed_filters": 0, "flops_total": 556664832, "flops_stem": 0, "flops_image_size": 32}
epoch 1/200 loss 5.4927 train 0.0651 test 0.0749
epoch 2/200 loss 4.6050 train 0.0703 test 0.0751
epoch 3/200 loss 4.2396 train 0.0990 test 0.1009
epoch 4/200 loss 3.9351 train 0.1354 test 0.0959
epoch 5/200 loss 3.7722 train 0.1562 test 0.1220
epoch 6/200 loss 3.6285 train 0.1641 test 0.1145
epoch 7/200 loss 3.4638 train 0.1380 test 0.1124
epoch 8/200 loss 3.2923 train 0.1901 test 0.1371
epoch 9/200 loss 3.1737 train 0.2005 test 0.1519
epoch 10/200 loss 3.0587 train 0.1979 test 0.1421
epoch 11/200 loss 2.9835 train 0.1849 test 0.1563
epoch 12/200 loss 2.8912 train 0.1979 test 0.1640
epoch 13/200 loss 2.8447 train 0.2031 test 0.1727
epoch 14/200 loss 2.7190 train 0.2474 test 0.1635
epoch 15/200 loss 2.7318 train 0.2344 test 0.1689
epoch 16/200 loss 2.6754 train 0.2318 test 0.1740
epoch 17/200 loss 2.6978 train 0.2474 test 0.1643
epoch 18/200 loss 2.6071 train 0.2760 test 0.1797
epoch 19/200 loss 2.6113 train 0.2604 test 0.1753
epoch 20/200 loss 2.4879 train 0.2760 test 0.1890
epoch 21/200 loss 2.5160 train 0.2760 test 0.1896
epoch 22/200 loss 2.4921 train 0.3099 test 0.1695
epoch 23/200 loss 2.5499 train 0.2708 test 0.1715
epoch 24/200 loss 2.3941 train 0.3125 test 0.1824
epoch 25/200 loss 2.3763 train 0.3151 test 0.1827
epoch 26/200 loss 2.3775 train 0.3281 test 0.1649
epoch 27/200 loss 2.3496 train 0.3047 test 0.2003
epoch 28/200 loss 2.2949 train 0.3255 test 0.1876
epoch 29/200 loss 2.2459 train 0.3490 test 0.1802
epoch 30/200 loss 2.2733 train 0.3594 test 0.1832
epoch 31/200 loss 2.2002 train 0.3516 test 0.1938
epoch 32/200 loss 2.2088 train 0.3854 test 0.2078
epoch 33/200 loss 2.1074 train 0.3802 test 0.1914
epoch 34/200 loss 2.0448 train 0.4010 test 0.2015
epoch 35/200 loss 1.9881 train 0.4349 test 0.2074
epoch 36/200 loss 1.9773 train 0.4401 test 0.1962
epoch 37/200 loss 1.9231 train 0.4349 test 0.1971
epoch 38/200 loss 1.9518 train 0.4245 test 0.1933
epoch 39/200 loss 1.8964 train 0.4792 test 0.1996
epoch 40/200 loss 1.8667 train 0.4609 test 0.2034
epoch 41/200 loss 1.7485 train 0.5156 test 0.2025
epoch 42/200 loss 1.7859 train 0.5156 test 0.2002
epoch 43/200 loss 1.7406 train 0.5234 test 0.2064
epoch 44/200 loss 1.7138 train 0.4922 test 0.1886
epoch 45/200 loss 1.7252 train 0.4974 test 0.2140
epoch 46/200 loss 1.5485 train 0.5443 test 0.1983
epoch 47/200 loss 1.5539 train 0.5703 test 0.2057
epoch 48/200 loss 1.4893 train 0.5651 test 0.2080
epoch 49/200 loss 1.5238 train 0.5625 test 0.1897
epoch 50/200 loss 1.5157 train 0.5703 test 0.2043
epoch 51/200 loss 1.4869 train 0.5859 test 0.2034
epoch 52/200 loss 1.5080 train 0.5781 test 0.2071
epoch 53/200 loss 1.4262 train 0.5651 test 0.2052
epoch 54/200 loss 1.4623 train 0.5469 test 0.2029
epoch 55/200 loss 1.2994 train 0.6224 test 0.1934
epoch 56/200 loss 1.2858 train 0.6562 test 0.2254
epoch 57/200 loss 1.1967 train 0.6667 test 0.2033
epoch 58/200 loss 1.1484 train 0.6849 test 0.2153
epoch 59/200 loss 1.0811 train 0.7292 test 0.2066
epoch 60/200 loss 1.0029 train 0.7500 test 0.2249
epoch 61/200 loss 1.0785 train 0.7161 test 0.2106
epoch 62/200 loss 0.9640 train 0.7604 test 0.2071
epoch 63/200 loss 0.9879 train 0.7396 test 0.2232
epoch 64/200 loss 0.9211 train 0.7656 test 0.2150
epoch 65/200 loss 0.9158 train 0.7578 test 0.2253
epoch 66/200 loss 0.7656 train 0.8177 test 0.2147
epoch 67/200 loss 0.8497 train 0.7578 test 0.2324
epoch 68/200 loss 0.7427 train 0.8229 test 0.2199
epoch 69/200 loss 0.8162 train 0.7839 test 0.1926
epoch 70/200 loss 0.8047 train 0.7995 test 0.2122
epoch 71/200 loss 0.6226 train 0.8516 test 0.2240
epoch 72/200 loss 0.6868 train 0.8151 test 0.2147
epoch 73/200 loss 0.5780 train 0.8776 test 0.2125
epoch 74/200 loss 0.6360 train 0.8464 test 0.2142
epoch 75/200 loss 0.6262 train 0.8516 test 0.2370
epoch 76/200 loss 0.5467 train 0.8698 test 0.2234
epoch 77/200 loss 0.5430 train 0.8958 test 0.2199
epoch 78/200 loss 0.4844 train 0.8750 test 0.2162
epoch 79/200 loss 0.5009 train 0.8828 test 0.2096
epoch 80/200 loss 0.4129 train 0.9323 test 0.2002
epoch 81/200 loss 0.4217 train 0.9141 test 0.2149
epoch 82/200 loss 0.4132 train 0.9115 test 0.2176
epoch 83/200 loss 0.3903 train 0.9271 test 0.2120
epoch 84/200 loss 0.3230 train 0.9453 test 0.2231
epoch 85/200 loss 0.3220 train 0.9479 test 0.2291
epoch 86/200 loss 0.2826 train 0.9635 test 0.2385
epoch 87/200 loss 0.3243 train 0.9453 test 0.2216
epoch 88/200 loss 0.2993 train 0.9453 test 0.2183
epoch 89/200 loss 0.2875 train 0.9427 test 0.2235
epoch 90/200 loss 0.2446 train 0.9635 test 0.2320
epoch 91/200 loss 0.2352 train 0.9740 test 0.2317
epoch 92/200 loss 0.2195 train 0.9870 test 0.2264
epoch 93/200 loss 0.2151 train 0.9688 test 0.2271
epoch 94/200 loss 0.1667 train 0.9870 test 0.2205
epoch 95/200 loss 0.1621 train 0.9922 test 0.2258
epoch 96/200 loss 0.1578 train 0.9870 test 0.2375
epoch 97/200 loss 0.1658 train 0.9896 test 0.2360
epoch 98/200 loss 0.1436 train 0.9948 test 0.2355
epoch 99/200 loss 0.1210 train 0.9974 test 0.2309
epoch 100/200 loss 0.1187 train 0.9948 test 0.2384
epoch 101/200 loss 0.1259 train 0.9948 test 0.2404
epoch 102/200 loss 0.1081 train 1.0000 test 0.2358
epoch 103/200 loss 0.1158 train 0.9948 test 0.2416
epoch 104/200 loss 0.0998 train 0.9974 test 0.2503
epoch 105/200 loss 0.1002 train 0.9974 test 0.2499
epoch 106/200 loss 0.0936 train 1.0000 test 0.2439
epoch 107/200 loss 0.0960 train 0.9974 test 0.2416
epoch 108/200 loss 0.0915 train 0.9974 test 0.2413
epoch 109/200 loss 0.0842 train 1.0000 test 0.2417
epoch 110/200 loss 0.0840 train 0.9974 test 0.2437
epoch 111/200 loss 0.0852 train 0.9974 test 0.2439
epoch 112/200 loss 0.0721 train 1.0000 test 0.2436
epoch 113/200 loss 0.0715 train 1.0000 test 0.2430
epoch 114/200 loss 0.0730 train 1.0000 test 0.2447
epoch 115/200 loss 0.0817 train 0.9948 test 0.2438
epoch 116/200 loss 0.0609 train 1.0000 test 0.2428
epoch 117/200 loss 0.0682 train 1.0000 test 0.2393
epoch 118/200 loss 0.0791 train 1.0000 test 0.2401
epoch 119/200 loss 0.0668 train 0.9922 test 0.2351
epoch 120/200 loss 0.0692 train 1.0000 test 0.2355
epoch 121/200 loss 0.0615 train 1.0000 test 0.2384
epoch 122/200 loss 0.0586 train 1.0000 test 0.2429
epoch 123/200 loss 0.0537 train 1.0000 test 0.2436
epoch 124/200 loss 0.0523 train 1.0000 test 0.2450
epoch 125/200 loss 0.0544 train 1.0000 test 0.2442
epoch 126/200 loss 0.0506 train 1.0000 test 0.2428
epoch 127/200 loss 0.0448 train 1.0000 test 0.2443
epoch 128/200 loss 0.0499 train 1.0000 test 0.2470
epoch 129/200 loss 0.0427 train 1.0000 test 0.2463
epoch 130/200 loss 0.0432 train 1.0000 test 0.2474
epoch 131/200 loss 0.0413 train 1.0000 test 0.2477
epoch 132/200 loss 0.0391 train 1.0000 test 0.2491
epoch 133/200 loss 0.0401 train 1.0000 test 0.2459
epoch 134/200 loss 0.0391 train 1.0000 test 0.2459
epoch 135/200 loss 0.0357 train 1.0000 test 0.2460
epoch 136/200 loss 0.0373 train 1.0000 test 0.2461
epoch 137/200 loss 0.0357 train 1.0000 test 0.2458
epoch 138/200 loss 0.0322 train 1.0000 test 0.2461
epoch 139/200 loss 0.0358 train 1.0000 test 0.2456
epoch 140/200 loss 0.0349 train 1.0000 test 0.2468
epoch 141/200 loss 0.0331 train 1.0000 test 0.2456
epoch 142/200 loss 0.0314 train 1.0000 test 0.2460
epoch 143/200 loss 0.0296 train 1.0000 test 0.2453
epoch 144/200 loss 0.0305 train 1.0000 test 0.2457
epoch 145/200 loss 0.0274 train 1.0000 test 0.2477
epoch 146/200 loss 0.0305 train 1.0000 test 0.2472
epoch 147/200 loss 0.0278 train 1.0000 test 0.2481
epoch 148/200 loss 0.0263 train 1.0000 test 0.2472
epoch 149/200 loss 0.0275 train 1.0000 test 0.2476
epoch 150/200 loss 0.0273 train 1.0000 test 0.2476
epoch 151/200 loss 0.0255 train 1.0000 test 0.2469
epoch 152/200 loss 0.0266 train 1.0000 test 0.2461
epoch 153/200 loss 0.0229 train 1.0000 test 0.2463
epoch 154/200 loss 0.0255 train 1.0000 test 0.2471
epoch 155/200 loss 0.0215 train 1.0000 test 0.2468
epoch 156/200 loss 0.0232 train 1.0000 test 0.2483
epoch 157/200 loss 0.0198 train 1.0000 test 0.2482
epoch 158/200 loss 0.0212 train 1.0000 test 0.2479
epoch 159/200 loss 0.0192 train 1.0000 test 0.2470
epoch 160/200 loss 0.0198 train 1.0000 test 0.2473
epoch 161/200 loss 0.0173 train 1.0000 test 0.2474
epoch 162/200 loss 0.0170 train 1.0000 test 0.2473
epoch 163/200 loss 0.0163 train 1.0000 test 0.2480
epoch 164/200 loss 0.0159 train 1.0000 test 0.2463
epoch 165/200 loss 0.0169 train 1.0000 test 0.2463
epoch 166/200 loss 0.0161 train 1.0000 test 0.2456
epoch 167/200 loss 0.0143 train 1.0000 test 0.2457
epoch 168/200 loss 0.0200 train 1.0000 test 0.2462
epoch 169/200 loss 0.0148 train 1.0000 test 0.2465
epoch 170/200 loss 0.0137 train 1.0000 test 0.2458
epoch 171/200 loss 0.0142 train 1.0000 test 0.2463
epoch 172/200 loss 0.0122 train 1.0000 test 0.2456
epoch 173/200 loss 0.0142 train 1.0000 test 0.2453
epoch 174/200 loss 0.0158 train 1.0000 test 0.2448
epoch 175/200 loss 0.0114 train 1.0000 test 0.2452
epoch 176/200 loss 0.0119 train 1.0000 test 0.2467
epoch 177/200 loss 0.0119 train 1.0000 test 0.2468
epoch 178/200 loss 0.0110 train 1.0000 test 0.2456
epoch 179/200 loss 0.0106 train 1.0000 test 0.2455
epoch 180/200 loss 0.0098 train 1.0000 test 0.2452
epoch 181/200 loss 0.0118 train 1.0000 test 0.2444
epoch 182/200 loss 0.0101 train 1.0000 test 0.2449
epoch 183/200 loss 0.0075 train 1.0000 test 0.2452
epoch 184/200 loss 0.0097 train 1.0000 test 0.2456
epoch 185/200 loss 0.0095 train 1.0000 test 0.2456
epoch 186/200 loss 0.0115 train 1.0000 test 0.2455
epoch 187/200 loss 0.0082 train 1.0000 test 0.2449
epoch 188/200 loss 0.0076 train 1.0000 test 0.2446
epoch 189/200 loss 0.0091 train 1.0000 test 0.2456
epoch 190/200 loss 0.0102 train 1.0000 test 0.2447
epoch 191/200 loss 0.0088 train 1.0000 test 0.2451
epoch 192/200 loss 0.0079 train 1.0000 test 0.2459
epoch 193/200 loss 0.0081 train 1.0000 test 0.2455
epoch 194/200 loss 0.0088 train 1.0000 test 0.2448
epoch 195/200 loss 0.0080 train 1.0000 test 0.2454
epoch 196/200 loss 0.0095 train 1.0000 test 0.2454
epoch 197/200 loss 0.0077 train 1.0000 test 0.2457
epoch 198/200 loss 0.0075 train 1.0000 test 0.2446
epoch 199/200 loss 0.0073 train 1.0000 test 0.2446
epoch 200/200 loss 0.0088 train 1.0000 test 0.2456
done: final 0.2456 best 0.2503 -> ./runs/super1_aux/seed1
SUPER12_DONE super1_aux_seed1
SUPER12_START super1_aux_seed2 (free 11564 MiB)
moment-aux target calibrated on 1024 images
[super1_aux seed2] {"params_trainable": 11181148, "params_stem_trainable": 0, "params_stem_fixed_filters": 0, "flops_total": 556664832, "flops_stem": 0, "flops_image_size": 32}
epoch 1/200 loss 5.7389 train 0.0417 test 0.0689
epoch 2/200 loss 4.5556 train 0.0911 test 0.0789
epoch 3/200 loss 4.2046 train 0.0964 test 0.0926
epoch 4/200 loss 3.9438 train 0.1276 test 0.0780
epoch 5/200 loss 3.7872 train 0.1172 test 0.1142
epoch 6/200 loss 3.6459 train 0.1641 test 0.1187
epoch 7/200 loss 3.4378 train 0.1875 test 0.1335
epoch 8/200 loss 3.2222 train 0.1901 test 0.1343
epoch 9/200 loss 3.1422 train 0.1641 test 0.1422
epoch 10/200 loss 3.0059 train 0.2214 test 0.1515
epoch 11/200 loss 3.0151 train 0.2005 test 0.1467
epoch 12/200 loss 2.9255 train 0.2005 test 0.1628
epoch 13/200 loss 2.8478 train 0.2266 test 0.1793
epoch 14/200 loss 2.8254 train 0.2109 test 0.1682
epoch 15/200 loss 2.7385 train 0.2318 test 0.1591
epoch 16/200 loss 2.6935 train 0.2812 test 0.1660
epoch 17/200 loss 2.7336 train 0.2396 test 0.1659
epoch 18/200 loss 2.6661 train 0.2474 test 0.1712
epoch 19/200 loss 2.6241 train 0.2578 test 0.1717
epoch 20/200 loss 2.5783 train 0.2812 test 0.1778
epoch 21/200 loss 2.5118 train 0.2891 test 0.1757
epoch 22/200 loss 2.4277 train 0.3099 test 0.1783
epoch 23/200 loss 2.4420 train 0.3307 test 0.1751
epoch 24/200 loss 2.3627 train 0.3203 test 0.1878
epoch 25/200 loss 2.4809 train 0.2969 test 0.1790
epoch 26/200 loss 2.3105 train 0.3411 test 0.1844
epoch 27/200 loss 2.2572 train 0.3516 test 0.1942
epoch 28/200 loss 2.2464 train 0.3359 test 0.1891
epoch 29/200 loss 2.2796 train 0.3255 test 0.1930
epoch 30/200 loss 2.2071 train 0.3594 test 0.2032
epoch 31/200 loss 2.2218 train 0.3594 test 0.2119
epoch 32/200 loss 2.1447 train 0.3620 test 0.1948
epoch 33/200 loss 2.1240 train 0.3932 test 0.1919
epoch 34/200 loss 2.1447 train 0.3646 test 0.1983
epoch 35/200 loss 2.0525 train 0.4010 test 0.1792
epoch 36/200 loss 2.0138 train 0.4401 test 0.2007
epoch 37/200 loss 2.0602 train 0.4349 test 0.2015
epoch 38/200 loss 1.9745 train 0.4036 test 0.2091
epoch 39/200 loss 1.8999 train 0.4401 test 0.1915
epoch 40/200 loss 1.8780 train 0.4427 test 0.2139
epoch 41/200 loss 1.7561 train 0.5052 test 0.2010
epoch 42/200 loss 1.7848 train 0.4740 test 0.2156
epoch 43/200 loss 1.6773 train 0.5391 test 0.2101
epoch 44/200 loss 1.6695 train 0.5234 test 0.2155
epoch 45/200 loss 1.5851 train 0.5469 test 0.2170
epoch 46/200 loss 1.5898 train 0.5469 test 0.2136
epoch 47/200 loss 1.5668 train 0.5391 test 0.2061
epoch 48/200 loss 1.4951 train 0.5651 test 0.2214
epoch 49/200 loss 1.4236 train 0.6042 test 0.2101
epoch 50/200 loss 1.3437 train 0.6380 test 0.2131
epoch 51/200 loss 1.4212 train 0.5807 test 0.1950
epoch 52/200 loss 1.3034 train 0.6536 test 0.2181
epoch 53/200 loss 1.3322 train 0.6406 test 0.2158
epoch 54/200 loss 1.2883 train 0.6432 test 0.2048
epoch 55/200 loss 1.2052 train 0.6901 test 0.2026
epoch 56/200 loss 1.1827 train 0.6510 test 0.2150
epoch 57/200 loss 1.1572 train 0.6562 test 0.1978
epoch 58/200 loss 1.0664 train 0.7109 test 0.2179
epoch 59/200 loss 1.1010 train 0.7083 test 0.2205
epoch 60/200 loss 1.0208 train 0.7344 test 0.2131
epoch 61/200 loss 1.1142 train 0.6953 test 0.2012
epoch 62/200 loss 1.0383 train 0.7292 test 0.1842
epoch 63/200 loss 1.1184 train 0.6953 test 0.1949
epoch 64/200 loss 1.0223 train 0.7188 test 0.2295
epoch 65/200 loss 0.9623 train 0.7474 test 0.2133
epoch 66/200 loss 1.0548 train 0.7109 test 0.1889
epoch 67/200 loss 0.9453 train 0.7422 test 0.2009
epoch 68/200 loss 0.9056 train 0.7786 test 0.2165
epoch 69/200 loss 0.8352 train 0.7865 test 0.2011
epoch 70/200 loss 0.8167 train 0.7656 test 0.2216
epoch 71/200 loss 0.6971 train 0.8307 test 0.2111
epoch 72/200 loss 0.7252 train 0.8307 test 0.2150
epoch 73/200 loss 0.6478 train 0.8620 test 0.2103
epoch 74/200 loss 0.6533 train 0.8385 test 0.2023
epoch 75/200 loss 0.5959 train 0.8672 test 0.2210
epoch 76/200 loss 0.6104 train 0.8594 test 0.2340
epoch 77/200 loss 0.5638 train 0.8542 test 0.2247
epoch 78/200 loss 0.4646 train 0.9089 test 0.2091
epoch 79/200 loss 0.4818 train 0.8984 test 0.2095
epoch 80/200 loss 0.4195 train 0.9219 test 0.2140
epoch 81/200 loss 0.3917 train 0.9219 test 0.2198
epoch 82/200 loss 0.3758 train 0.9375 test 0.2282
epoch 83/200 loss 0.3639 train 0.9349 test 0.2211
epoch 84/200 loss 0.3417 train 0.9479 test 0.2192
epoch 85/200 loss 0.2766 train 0.9740 test 0.2216
epoch 86/200 loss 0.2474 train 0.9740 test 0.2258
epoch 87/200 loss 0.2653 train 0.9688 test 0.2333
epoch 88/200 loss 0.2708 train 0.9688 test 0.2303
epoch 89/200 loss 0.2703 train 0.9557 test 0.2167
epoch 90/200 loss 0.2216 train 0.9714 test 0.2257
epoch 91/200 loss 0.2242 train 0.9714 test 0.2246
epoch 92/200 loss 0.1958 train 0.9818 test 0.2188
epoch 93/200 loss 0.1819 train 0.9844 test 0.2157
epoch 94/200 loss 0.2110 train 0.9635 test 0.2268
epoch 95/200 loss 0.1674 train 0.9948 test 0.2349
epoch 96/200 loss 0.1698 train 0.9740 test 0.2333
epoch 97/200 loss 0.1508 train 0.9948 test 0.2318
epoch 98/200 loss 0.1559 train 0.9870 test 0.2276
epoch 99/200 loss 0.1375 train 0.9974 test 0.2346
epoch 100/200 loss 0.1291 train 1.0000 test 0.2387
epoch 101/200 loss 0.1338 train 0.9870 test 0.2436
epoch 102/200 loss 0.1102 train 1.0000 test 0.2436
epoch 103/200 loss 0.1109 train 0.9922 test 0.2360
epoch 104/200 loss 0.1041 train 0.9974 test 0.2376
epoch 105/200 loss 0.1001 train 0.9974 test 0.2361
epoch 106/200 loss 0.0971 train 0.9974 test 0.2371
epoch 107/200 loss 0.0957 train 1.0000 test 0.2367
epoch 108/200 loss 0.0890 train 1.0000 test 0.2353
epoch 109/200 loss 0.0920 train 0.9974 test 0.2395
epoch 110/200 loss 0.0838 train 0.9974 test 0.2472
epoch 111/200 loss 0.0891 train 0.9948 test 0.2444
epoch 112/200 loss 0.0727 train 1.0000 test 0.2394
epoch 113/200 loss 0.0810 train 0.9974 test 0.2374
epoch 114/200 loss 0.0883 train 0.9922 test 0.2397
epoch 115/200 loss 0.0728 train 0.9948 test 0.2404
epoch 116/200 loss 0.0729 train 0.9948 test 0.2449
epoch 117/200 loss 0.0759 train 0.9974 test 0.2473
epoch 118/200 loss 0.0655 train 1.0000 test 0.2424
epoch 119/200 loss 0.0596 train 1.0000 test 0.2387
epoch 120/200 loss 0.0623 train 1.0000 test 0.2398
epoch 121/200 loss 0.0617 train 0.9974 test 0.2450
epoch 122/200 loss 0.0570 train 1.0000 test 0.2478
epoch 123/200 loss 0.0535 train 1.0000 test 0.2491
epoch 124/200 loss 0.0528 train 1.0000 test 0.2486
epoch 125/200 loss 0.0518 train 1.0000 test 0.2480
epoch 126/200 loss 0.0486 train 1.0000 test 0.2475
epoch 127/200 loss 0.0446 train 1.0000 test 0.2468
epoch 128/200 loss 0.0494 train 1.0000 test 0.2447
epoch 129/200 loss 0.0439 train 1.0000 test 0.2444
epoch 130/200 loss 0.0423 train 1.0000 test 0.2461
epoch 131/200 loss 0.0399 train 1.0000 test 0.2469
epoch 132/200 loss 0.0401 train 1.0000 test 0.2463
epoch 133/200 loss 0.0415 train 1.0000 test 0.2476
epoch 134/200 loss 0.0392 train 1.0000 test 0.2475
epoch 135/200 loss 0.0415 train 0.9974 test 0.2483
epoch 136/200 loss 0.0356 train 1.0000 test 0.2478
epoch 137/200 loss 0.0347 train 1.0000 test 0.2481
epoch 138/200 loss 0.0376 train 1.0000 test 0.2487
epoch 139/200 loss 0.0331 train 1.0000 test 0.2482
epoch 140/200 loss 0.0327 train 1.0000 test 0.2466
epoch 141/200 loss 0.0352 train 1.0000 test 0.2472
epoch 142/200 loss 0.0297 train 1.0000 test 0.2462
epoch 143/200 loss 0.0295 train 1.0000 test 0.2452
epoch 144/200 loss 0.0297 train 1.0000 test 0.2484
epoch 145/200 loss 0.0290 train 1.0000 test 0.2479
epoch 146/200 loss 0.0292 train 1.0000 test 0.2491
epoch 147/200 loss 0.0276 train 1.0000 test 0.2491
epoch 148/200 loss 0.0266 train 1.0000 test 0.2493
epoch 149/200 loss 0.0280 train 1.0000 test 0.2489
epoch 150/200 loss 0.0269 train 1.0000 test 0.2489
epoch 151/200 loss 0.0238 train 1.0000 test 0.2499
epoch 152/200 loss 0.0233 train 1.0000 test 0.2485
epoch 153/200 loss 0.0238 train 1.0000 test 0.2481
epoch 154/200 loss 0.0235 train 1.0000 test 0.2470
epoch 155/200 loss 0.0269 train 0.9974 test 0.2469
epoch 156/200 loss 0.0206 train 1.0000 test 0.2475
epoch 157/200 loss 0.0218 train 1.0000 test 0.2467
epoch 158/200 loss 0.0200 train 1.0000 test 0.2463
epoch 159/200 loss 0.0192 train 1.0000 test 0.2474
epoch 160/200 loss 0.0193 train 1.0000 test 0.2486
epoch 161/200 loss 0.0176 train 1.0000 test 0.2491
epoch 162/200 loss 0.0187 train 1.0000 test 0.2486
epoch 163/200 loss 0.0166 train 1.0000 test 0.2488
epoch 164/200 loss 0.0180 train 1.0000 test 0.2476
epoch 165/200 loss 0.0168 train 1.0000 test 0.2483
epoch 166/200 loss 0.0162 train 1.0000 test 0.2478
epoch 167/200 loss 0.0177 train 1.0000 test 0.2481
epoch 168/200 loss 0.0150 train 1.0000 test 0.2488
epoch 169/200 loss 0.0146 train 1.0000 test 0.2491
epoch 170/200 loss 0.0135 train 1.0000 test 0.2484
epoch 171/200 loss 0.0161 train 0.9974 test 0.2494
epoch 172/200 loss 0.0143 train 1.0000 test 0.2487
epoch 173/200 loss 0.0124 train 1.0000 test 0.2488
epoch 174/200 loss 0.0128 train 1.0000 test 0.2488
epoch 175/200 loss 0.0111 train 1.0000 test 0.2492
epoch 176/200 loss 0.0126 train 1.0000 test 0.2506
epoch 177/200 loss 0.0110 train 1.0000 test 0.2506
epoch 178/200 loss 0.0110 train 1.0000 test 0.2500
epoch 179/200 loss 0.0116 train 1.0000 test 0.2503
epoch 180/200 loss 0.0103 train 1.0000 test 0.2496
epoch 181/200 loss 0.0098 train 1.0000 test 0.2502
epoch 182/200 loss 0.0087 train 1.0000 test 0.2495
epoch 183/200 loss 0.0096 train 1.0000 test 0.2486
epoch 184/200 loss 0.0091 train 1.0000 test 0.2494
epoch 185/200 loss 0.0088 train 1.0000 test 0.2489
epoch 186/200 loss 0.0092 train 1.0000 test 0.2486
epoch 187/200 loss 0.0071 train 1.0000 test 0.2483
epoch 188/200 loss 0.0084 train 1.0000 test 0.2488
epoch 189/200 loss 0.0070 train 1.0000 test 0.2495
epoch 190/200 loss 0.0083 train 1.0000 test 0.2495
epoch 191/200 loss 0.0095 train 1.0000 test 0.2488
epoch 192/200 loss 0.0069 train 1.0000 test 0.2478
epoch 193/200 loss 0.0084 train 1.0000 test 0.2487
epoch 194/200 loss 0.0064 train 1.0000 test 0.2486
epoch 195/200 loss 0.0089 train 1.0000 test 0.2494
epoch 196/200 loss 0.0076 train 1.0000 test 0.2497
epoch 197/200 loss 0.0068 train 1.0000 test 0.2493
epoch 198/200 loss 0.0067 train 1.0000 test 0.2494
epoch 199/200 loss 0.0063 train 1.0000 test 0.2492
epoch 200/200 loss 0.0067 train 1.0000 test 0.2491
done: final 0.2491 best 0.2506 -> ./runs/super1_aux/seed2
SUPER12_DONE super1_aux_seed2
SUPER12_CELL_DONE super1_aux
SUPER12_START super2_none_seed0 (free 11564 MiB)
[super2_none seed0] {"params_trainable": 11179092, "params_stem_trainable": 0, "params_stem_fixed_filters": 0, "flops_total": 556664832, "flops_stem": 0, "flops_image_size": 32}
epoch 1/200 loss 2.9905 train 0.0692 test 0.1312
epoch 2/200 loss 2.8526 train 0.1283 test 0.1044
epoch 3/200 loss 2.7616 train 0.1663 test 0.1280
epoch 4/200 loss 2.7701 train 0.1451 test 0.1336
epoch 5/200 loss 2.7535 train 0.1529 test 0.1603
epoch 6/200 loss 2.6644 train 0.1920 test 0.1506
epoch 7/200 loss 2.6101 train 0.1886 test 0.1727
epoch 8/200 loss 2.5725 train 0.2065 test 0.1753
epoch 9/200 loss 2.6228 train 0.1964 test 0.1703
epoch 10/200 loss 2.6033 train 0.1964 test 0.1692
epoch 11/200 loss 2.6017 train 0.2176 test 0.1669
epoch 12/200 loss 2.5769 train 0.2054 test 0.1793
epoch 13/200 loss 2.5581 train 0.2098 test 0.1842
epoch 14/200 loss 2.5277 train 0.2188 test 0.1869
epoch 15/200 loss 2.4638 train 0.2333 test 0.1935
epoch 16/200 loss 2.4082 train 0.2511 test 0.2136
epoch 17/200 loss 2.3893 train 0.2533 test 0.1940
epoch 18/200 loss 2.3461 train 0.2623 test 0.1876
epoch 19/200 loss 2.2886 train 0.2868 test 0.2095
epoch 20/200 loss 2.1968 train 0.3125 test 0.2027
epoch 21/200 loss 2.2244 train 0.3069 test 0.2054
epoch 22/200 loss 2.2354 train 0.2824 test 0.2067
epoch 23/200 loss 2.1927 train 0.2935 test 0.2127
epoch 24/200 loss 2.1778 train 0.3036 test 0.2021
epoch 25/200 loss 2.0986 train 0.3304 test 0.2027
epoch 26/200 loss 2.1067 train 0.3248 test 0.2085
epoch 27/200 loss 2.0640 train 0.3192 test 0.2007
epoch 28/200 loss 2.0385 train 0.3627 test 0.2213
epoch 29/200 loss 1.9595 train 0.3594 test 0.2141
epoch 30/200 loss 1.9625 train 0.3616 test 0.2205
epoch 31/200 loss 1.9570 train 0.3482 test 0.2173
epoch 32/200 loss 1.8612 train 0.4018 test 0.2150
epoch 33/200 loss 1.8810 train 0.3973 test 0.2401
epoch 34/200 loss 1.8126 train 0.4051 test 0.2166
epoch 35/200 loss 1.7969 train 0.4319 test 0.2262
epoch 36/200 loss 1.7664 train 0.4196 test 0.2354
epoch 37/200 loss 1.7193 train 0.4475 test 0.2248
epoch 38/200 loss 1.6942 train 0.4397 test 0.2269
epoch 39/200 loss 1.6746 train 0.4520 test 0.2420
epoch 40/200 loss 1.6488 train 0.4531 test 0.2298
epoch 41/200 loss 1.5727 train 0.5022 test 0.2451
epoch 42/200 loss 1.4557 train 0.5190 test 0.2358
epoch 43/200 loss 1.4966 train 0.5268 test 0.2530
epoch 44/200 loss 1.4086 train 0.5413 test 0.2573
epoch 45/200 loss 1.3857 train 0.5558 test 0.2487
epoch 46/200 loss 1.4214 train 0.5301 test 0.2433
epoch 47/200 loss 1.3273 train 0.5658 test 0.2254
epoch 48/200 loss 1.2512 train 0.6295 test 0.2386
epoch 49/200 loss 1.2022 train 0.6228 test 0.2083
epoch 50/200 loss 1.2704 train 0.5915 test 0.2423
epoch 51/200 loss 1.1363 train 0.6239 test 0.2466
epoch 52/200 loss 1.0963 train 0.6462 test 0.2450
epoch 53/200 loss 1.0393 train 0.6585 test 0.2422
epoch 54/200 loss 0.9862 train 0.6853 test 0.2479
epoch 55/200 loss 0.9467 train 0.6931 test 0.2558
epoch 56/200 loss 0.9237 train 0.7087 test 0.2563
epoch 57/200 loss 0.8422 train 0.7143 test 0.2448
epoch 58/200 loss 0.7783 train 0.7522 test 0.2421
epoch 59/200 loss 0.8054 train 0.7188 test 0.2689
epoch 60/200 loss 0.7700 train 0.7377 test 0.2422
epoch 61/200 loss 0.7739 train 0.7623 test 0.2424
epoch 62/200 loss 0.7435 train 0.7712 test 0.2502
epoch 63/200 loss 0.6139 train 0.7902 test 0.2548
epoch 64/200 loss 0.6697 train 0.8036 test 0.2611
epoch 65/200 loss 0.5897 train 0.8214 test 0.2286
epoch 66/200 loss 0.5404 train 0.8225 test 0.2519
epoch 67/200 loss 0.4665 train 0.8650 test 0.2680
epoch 68/200 loss 0.4068 train 0.8728 test 0.2489
epoch 69/200 loss 0.3968 train 0.8828 test 0.2598
epoch 70/200 loss 0.3823 train 0.8795 test 0.2630
epoch 71/200 loss 0.3606 train 0.8940 test 0.2549
epoch 72/200 loss 0.3551 train 0.8862 test 0.2495
epoch 73/200 loss 0.3292 train 0.8996 test 0.2497
epoch 74/200 loss 0.2787 train 0.9174 test 0.2518
epoch 75/200 loss 0.2343 train 0.9375 test 0.2645
epoch 76/200 loss 0.2405 train 0.9375 test 0.2632
epoch 77/200 loss 0.2323 train 0.9342 test 0.2668
epoch 78/200 loss 0.2267 train 0.9397 test 0.2613
epoch 79/200 loss 0.2201 train 0.9353 test 0.2694
epoch 80/200 loss 0.2238 train 0.9420 test 0.2528
epoch 81/200 loss 0.2092 train 0.9364 test 0.2601
epoch 82/200 loss 0.1879 train 0.9475 test 0.2500
epoch 83/200 loss 0.1885 train 0.9442 test 0.2693
epoch 84/200 loss 0.1943 train 0.9431 test 0.2717
epoch 85/200 loss 0.1557 train 0.9554 test 0.2720
epoch 86/200 loss 0.1196 train 0.9721 test 0.2787
epoch 87/200 loss 0.1214 train 0.9665 test 0.2834
epoch 88/200 loss 0.1018 train 0.9754 test 0.2773
epoch 89/200 loss 0.0991 train 0.9777 test 0.2786
epoch 90/200 loss 0.0847 train 0.9810 test 0.2716
epoch 91/200 loss 0.0750 train 0.9833 test 0.2756
epoch 92/200 loss 0.0797 train 0.9810 test 0.2749
epoch 93/200 loss 0.0856 train 0.9766 test 0.2750
epoch 94/200 loss 0.0961 train 0.9788 test 0.2693
epoch 95/200 loss 0.0841 train 0.9788 test 0.2691
epoch 96/200 loss 0.0736 train 0.9821 test 0.2657
epoch 97/200 loss 0.0666 train 0.9877 test 0.2761
epoch 98/200 loss 0.0594 train 0.9900 test 0.2759
epoch 99/200 loss 0.0384 train 0.9944 test 0.2785
epoch 100/200 loss 0.0343 train 0.9967 test 0.2787
epoch 101/200 loss 0.0307 train 0.9955 test 0.2808
epoch 102/200 loss 0.0347 train 0.9900 test 0.2830
epoch 103/200 loss 0.0196 train 0.9989 test 0.2862
epoch 104/200 loss 0.0214 train 0.9989 test 0.2851
epoch 105/200 loss 0.0175 train 0.9989 test 0.2859
epoch 106/200 loss 0.0155 train 0.9978 test 0.2883
epoch 107/200 loss 0.0108 train 1.0000 test 0.2869
epoch 108/200 loss 0.0089 train 1.0000 test 0.2883
epoch 109/200 loss 0.0073 train 1.0000 test 0.2914
epoch 110/200 loss 0.0066 train 1.0000 test 0.2922
epoch 111/200 loss 0.0062 train 1.0000 test 0.2940
epoch 112/200 loss 0.0065 train 1.0000 test 0.2931
epoch 113/200 loss 0.0060 train 1.0000 test 0.2932
epoch 114/200 loss 0.0057 train 1.0000 test 0.2941
epoch 115/200 loss 0.0063 train 0.9989 test 0.2942
epoch 116/200 loss 0.0046 train 1.0000 test 0.2920
epoch 117/200 loss 0.0060 train 0.9989 test 0.2935
epoch 118/200 loss 0.0053 train 1.0000 test 0.2942
epoch 119/200 loss 0.0060 train 1.0000 test 0.2931
epoch 120/200 loss 0.0041 train 1.0000 test 0.2954
epoch 121/200 loss 0.0060 train 1.0000 test 0.2953
epoch 122/200 loss 0.0047 train 1.0000 test 0.2944
epoch 123/200 loss 0.0049 train 1.0000 test 0.2947
epoch 124/200 loss 0.0043 train 1.0000 test 0.2919
epoch 125/200 loss 0.0044 train 1.0000 test 0.2929
epoch 126/200 loss 0.0056 train 0.9989 test 0.2928
epoch 127/200 loss 0.0054 train 1.0000 test 0.2919
epoch 128/200 loss 0.0041 train 1.0000 test 0.2946
epoch 129/200 loss 0.0038 train 1.0000 test 0.2934
epoch 130/200 loss 0.0038 train 1.0000 test 0.2946
epoch 131/200 loss 0.0043 train 1.0000 test 0.2958
epoch 132/200 loss 0.0044 train 1.0000 test 0.2946
epoch 133/200 loss 0.0034 train 1.0000 test 0.2956
epoch 134/200 loss 0.0033 train 1.0000 test 0.2960
epoch 135/200 loss 0.0036 train 1.0000 test 0.2966
epoch 136/200 loss 0.0037 train 1.0000 test 0.2973
epoch 137/200 loss 0.0049 train 1.0000 test 0.2957
epoch 138/200 loss 0.0041 train 1.0000 test 0.2954
epoch 139/200 loss 0.0036 train 1.0000 test 0.2963
epoch 140/200 loss 0.0052 train 1.0000 test 0.2955
epoch 141/200 loss 0.0029 train 1.0000 test 0.2974
epoch 142/200 loss 0.0039 train 1.0000 test 0.2970
epoch 143/200 loss 0.0032 train 1.0000 test 0.2968
epoch 144/200 loss 0.0034 train 1.0000 test 0.2969
epoch 145/200 loss 0.0036 train 1.0000 test 0.2952
epoch 146/200 loss 0.0039 train 1.0000 test 0.2948
epoch 147/200 loss 0.0037 train 1.0000 test 0.2948
epoch 148/200 loss 0.0036 train 1.0000 test 0.2950
epoch 149/200 loss 0.0059 train 1.0000 test 0.2957
epoch 150/200 loss 0.0039 train 1.0000 test 0.2968
epoch 151/200 loss 0.0038 train 1.0000 test 0.2953
epoch 152/200 loss 0.0040 train 1.0000 test 0.2965
epoch 153/200 loss 0.0040 train 1.0000 test 0.2956
epoch 154/200 loss 0.0039 train 1.0000 test 0.2949
epoch 155/200 loss 0.0033 train 1.0000 test 0.2955
epoch 156/200 loss 0.0030 train 1.0000 test 0.2955
epoch 157/200 loss 0.0036 train 1.0000 test 0.2971
epoch 158/200 loss 0.0034 train 1.0000 test 0.2963
epoch 159/200 loss 0.0038 train 1.0000 test 0.2961
epoch 160/200 loss 0.0048 train 1.0000 test 0.2960
epoch 161/200 loss 0.0029 train 1.0000 test 0.2955
epoch 162/200 loss 0.0038 train 1.0000 test 0.2967
epoch 163/200 loss 0.0031 train 1.0000 test 0.2974
epoch 164/200 loss 0.0033 train 1.0000 test 0.2960
epoch 165/200 loss 0.0037 train 1.0000 test 0.2966
epoch 166/200 loss 0.0035 train 1.0000 test 0.2977
epoch 167/200 loss 0.0030 train 1.0000 test 0.2979
epoch 168/200 loss 0.0029 train 1.0000 test 0.2973
epoch 169/200 loss 0.0038 train 1.0000 test 0.2974
epoch 170/200 loss 0.0039 train 1.0000 test 0.2973
epoch 171/200 loss 0.0031 train 1.0000 test 0.2965
epoch 172/200 loss 0.0043 train 1.0000 test 0.2957
epoch 173/200 loss 0.0029 train 1.0000 test 0.2961
epoch 174/200 loss 0.0028 train 1.0000 test 0.2961
epoch 175/200 loss 0.0030 train 1.0000 test 0.2962
epoch 176/200 loss 0.0034 train 1.0000 test 0.2957
epoch 177/200 loss 0.0038 train 1.0000 test 0.2973
epoch 178/200 loss 0.0035 train 1.0000 test 0.2960
epoch 179/200 loss 0.0032 train 1.0000 test 0.2965
epoch 180/200 loss 0.0033 train 1.0000 test 0.2964
epoch 181/200 loss 0.0030 train 1.0000 test 0.2964
epoch 182/200 loss 0.0035 train 1.0000 test 0.2965
epoch 183/200 loss 0.0029 train 1.0000 test 0.2971
epoch 184/200 loss 0.0026 train 1.0000 test 0.2974
epoch 185/200 loss 0.0035 train 1.0000 test 0.2963
epoch 186/200 loss 0.0032 train 1.0000 test 0.2967
epoch 187/200 loss 0.0036 train 1.0000 test 0.2963
epoch 188/200 loss 0.0036 train 1.0000 test 0.2967
epoch 189/200 loss 0.0033 train 1.0000 test 0.2977
epoch 190/200 loss 0.0031 train 1.0000 test 0.2966
epoch 191/200 loss 0.0029 train 1.0000 test 0.2969
epoch 192/200 loss 0.0029 train 1.0000 test 0.2969
epoch 193/200 loss 0.0027 train 1.0000 test 0.2961
epoch 194/200 loss 0.0031 train 1.0000 test 0.2966
epoch 195/200 loss 0.0040 train 1.0000 test 0.2962
epoch 196/200 loss 0.0035 train 1.0000 test 0.2969
epoch 197/200 loss 0.0033 train 1.0000 test 0.2974
epoch 198/200 loss 0.0041 train 1.0000 test 0.2957
epoch 199/200 loss 0.0031 train 1.0000 test 0.2957
epoch 200/200 loss 0.0030 train 1.0000 test 0.2975
done: final 0.2975 best 0.2979 -> ./runs/super2_none/seed0
SUPER12_DONE super2_none_seed0
SUPER12_START super2_none_seed1 (free 10742 MiB)
[super2_none seed1] {"params_trainable": 11179092, "params_stem_trainable": 0, "params_stem_fixed_filters": 0, "flops_total": 556664832, "flops_stem": 0, "flops_image_size": 32}
epoch 1/200 loss 2.9941 train 0.0681 test 0.1134
epoch 2/200 loss 2.8128 train 0.1373 test 0.1174
epoch 3/200 loss 2.8087 train 0.1451 test 0.1252
epoch 4/200 loss 2.8501 train 0.1317 test 0.1341
epoch 5/200 loss 2.7662 train 0.1395 test 0.1606
epoch 6/200 loss 2.6915 train 0.1730 test 0.1510
epoch 7/200 loss 2.6240 train 0.1864 test 0.1772
epoch 8/200 loss 2.6017 train 0.1975 test 0.1684
epoch 9/200 loss 2.5554 train 0.2098 test 0.1711
epoch 10/200 loss 2.5613 train 0.2154 test 0.1911
epoch 11/200 loss 2.5674 train 0.1987 test 0.1772
epoch 12/200 loss 2.5068 train 0.2154 test 0.1912
epoch 13/200 loss 2.4798 train 0.2210 test 0.1947
epoch 14/200 loss 2.4305 train 0.2467 test 0.1862
epoch 15/200 loss 2.4223 train 0.2299 test 0.1814
epoch 16/200 loss 2.3365 train 0.2679 test 0.2010
epoch 17/200 loss 2.3824 train 0.2533 test 0.1855
epoch 18/200 loss 2.3316 train 0.2712 test 0.1947
epoch 19/200 loss 2.3239 train 0.2600 test 0.1859
epoch 20/200 loss 2.2861 train 0.2913 test 0.2081
epoch 21/200 loss 2.2297 train 0.3092 test 0.2104
epoch 22/200 loss 2.1929 train 0.2991 test 0.2192
epoch 23/200 loss 2.1948 train 0.3080 test 0.2025
epoch 24/200 loss 2.1740 train 0.2946 test 0.2208
epoch 25/200 loss 2.1303 train 0.3181 test 0.2117
epoch 26/200 loss 2.1125 train 0.3292 test 0.2258
epoch 27/200 loss 2.1202 train 0.3080 test 0.2126
epoch 28/200 loss 2.0766 train 0.3203 test 0.2315
epoch 29/200 loss 2.0030 train 0.3516 test 0.2178
epoch 30/200 loss 1.9857 train 0.3828 test 0.2293
epoch 31/200 loss 1.9374 train 0.3694 test 0.2082
epoch 32/200 loss 1.8914 train 0.3795 test 0.2229
epoch 33/200 loss 1.9233 train 0.3895 test 0.2164
epoch 34/200 loss 1.8840 train 0.3940 test 0.2266
epoch 35/200 loss 1.8740 train 0.3906 test 0.2272
epoch 36/200 loss 1.7982 train 0.4152 test 0.2049
epoch 37/200 loss 1.7696 train 0.4342 test 0.2304
epoch 38/200 loss 1.6584 train 0.4442 test 0.2392
epoch 39/200 loss 1.6239 train 0.4676 test 0.2384
epoch 40/200 loss 1.5805 train 0.4766 test 0.2241
epoch 41/200 loss 1.4675 train 0.5379 test 0.2512
epoch 42/200 loss 1.5113 train 0.5022 test 0.2555
epoch 43/200 loss 1.4630 train 0.5212 test 0.2426
epoch 44/200 loss 1.3823 train 0.5614 test 0.2569
epoch 45/200 loss 1.3111 train 0.5770 test 0.2432
epoch 46/200 loss 1.3520 train 0.5402 test 0.2584
epoch 47/200 loss 1.3191 train 0.5513 test 0.2346
epoch 48/200 loss 1.2662 train 0.5859 test 0.2477
epoch 49/200 loss 1.2337 train 0.5915 test 0.2516
epoch 50/200 loss 1.1882 train 0.6261 test 0.2651
epoch 51/200 loss 1.1564 train 0.6183 test 0.2532
epoch 52/200 loss 1.0129 train 0.6741 test 0.2492
epoch 53/200 loss 0.9662 train 0.6842 test 0.2462
epoch 54/200 loss 0.8790 train 0.7154 test 0.2264
epoch 55/200 loss 0.9443 train 0.6886 test 0.2555
epoch 56/200 loss 0.8630 train 0.7221 test 0.2622
epoch 57/200 loss 0.7817 train 0.7355 test 0.2462
epoch 58/200 loss 0.7877 train 0.7310 test 0.2528
epoch 59/200 loss 0.7031 train 0.7801 test 0.2572
epoch 60/200 loss 0.6963 train 0.7757 test 0.2329
epoch 61/200 loss 0.6680 train 0.7946 test 0.2559
epoch 62/200 loss 0.5791 train 0.8192 test 0.2599
epoch 63/200 loss 0.6051 train 0.8025 test 0.2502
epoch 64/200 loss 0.6004 train 0.8147 test 0.2416
epoch 65/200 loss 0.6386 train 0.7891 test 0.2571
epoch 66/200 loss 0.6136 train 0.7958 test 0.2447
epoch 67/200 loss 0.5324 train 0.8270 test 0.2580
epoch 68/200 loss 0.5256 train 0.8304 test 0.2671
epoch 69/200 loss 0.4776 train 0.8404 test 0.2701
epoch 70/200 loss 0.4036 train 0.8795 test 0.2771
epoch 71/200 loss 0.3405 train 0.9051 test 0.2607
epoch 72/200 loss 0.2903 train 0.9085 test 0.2707
epoch 73/200 loss 0.2658 train 0.9196 test 0.2507
epoch 74/200 loss 0.2719 train 0.9275 test 0.2583
epoch 75/200 loss 0.2684 train 0.9230 test 0.2554
epoch 76/200 loss 0.2477 train 0.9263 test 0.2633
epoch 77/200 loss 0.2261 train 0.9420 test 0.2617
epoch 78/200 loss 0.1826 train 0.9475 test 0.2464
epoch 79/200 loss 0.2322 train 0.9263 test 0.2339
epoch 80/200 loss 0.1954 train 0.9420 test 0.2713
epoch 81/200 loss 0.1902 train 0.9498 test 0.2659
epoch 82/200 loss 0.1955 train 0.9386 test 0.2585
epoch 83/200 loss 0.1857 train 0.9475 test 0.2611
epoch 84/200 loss 0.1632 train 0.9609 test 0.2701
epoch 85/200 loss 0.1511 train 0.9654 test 0.2720
epoch 86/200 loss 0.1080 train 0.9766 test 0.2771
epoch 87/200 loss 0.0931 train 0.9732 test 0.2699
epoch 88/200 loss 0.0907 train 0.9743 test 0.2642
epoch 89/200 loss 0.0728 train 0.9821 test 0.2806
epoch 90/200 loss 0.0578 train 0.9844 test 0.2851
epoch 91/200 loss 0.0578 train 0.9855 test 0.2764
epoch 92/200 loss 0.0651 train 0.9866 test 0.2728
epoch 93/200 loss 0.0615 train 0.9833 test 0.2744
epoch 94/200 loss 0.0623 train 0.9855 test 0.2795
epoch 95/200 loss 0.0636 train 0.9810 test 0.2855
epoch 96/200 loss 0.0428 train 0.9933 test 0.2823
epoch 97/200 loss 0.0345 train 0.9944 test 0.2841
epoch 98/200 loss 0.0334 train 0.9955 test 0.2872
epoch 99/200 loss 0.0287 train 0.9978 test 0.2835
epoch 100/200 loss 0.0274 train 0.9944 test 0.2901
epoch 101/200 loss 0.0164 train 0.9989 test 0.2948
epoch 102/200 loss 0.0183 train 0.9978 test 0.2908
epoch 103/200 loss 0.0146 train 1.0000 test 0.2896
epoch 104/200 loss 0.0128 train 1.0000 test 0.2953
epoch 105/200 loss 0.0112 train 0.9989 test 0.2951
epoch 106/200 loss 0.0106 train 0.9989 test 0.2978
epoch 107/200 loss 0.0083 train 1.0000 test 0.2916
epoch 108/200 loss 0.0077 train 1.0000 test 0.2924
epoch 109/200 loss 0.0088 train 0.9978 test 0.2964
epoch 110/200 loss 0.0075 train 1.0000 test 0.2966
epoch 111/200 loss 0.0067 train 1.0000 test 0.2977
epoch 112/200 loss 0.0068 train 1.0000 test 0.2946
epoch 113/200 loss 0.0063 train 1.0000 test 0.2943
epoch 114/200 loss 0.0042 train 1.0000 test 0.2950
epoch 115/200 loss 0.0052 train 1.0000 test 0.2951
epoch 116/200 loss 0.0050 train 1.0000 test 0.2953
epoch 117/200 loss 0.0044 train 1.0000 test 0.2968
epoch 118/200 loss 0.0046 train 1.0000 test 0.2977
epoch 119/200 loss 0.0046 train 1.0000 test 0.2954
epoch 120/200 loss 0.0039 train 1.0000 test 0.2959
epoch 121/200 loss 0.0038 train 1.0000 test 0.2955
epoch 122/200 loss 0.0045 train 1.0000 test 0.2960
epoch 123/200 loss 0.0038 train 1.0000 test 0.2975
epoch 124/200 loss 0.0035 train 1.0000 test 0.2987
epoch 125/200 loss 0.0037 train 1.0000 test 0.2977
epoch 126/200 loss 0.0033 train 1.0000 test 0.2972
epoch 127/200 loss 0.0042 train 1.0000 test 0.2969
epoch 128/200 loss 0.0039 train 1.0000 test 0.2972
epoch 129/200 loss 0.0041 train 1.0000 test 0.2990
epoch 130/200 loss 0.0035 train 1.0000 test 0.2984
epoch 131/200 loss 0.0035 train 1.0000 test 0.2978
epoch 132/200 loss 0.0040 train 1.0000 test 0.2978
epoch 133/200 loss 0.0040 train 1.0000 test 0.2978
epoch 134/200 loss 0.0038 train 1.0000 test 0.2984
epoch 135/200 loss 0.0037 train 1.0000 test 0.2973
epoch 136/200 loss 0.0045 train 1.0000 test 0.2984
epoch 137/200 loss 0.0029 train 1.0000 test 0.2965
epoch 138/200 loss 0.0033 train 1.0000 test 0.2971
epoch 139/200 loss 0.0031 train 1.0000 test 0.2965
epoch 140/200 loss 0.0034 train 1.0000 test 0.2967
epoch 141/200 loss 0.0033 train 1.0000 test 0.2974
epoch 142/200 loss 0.0035 train 1.0000 test 0.2962
epoch 143/200 loss 0.0032 train 1.0000 test 0.2967
epoch 144/200 loss 0.0050 train 0.9989 test 0.2967
epoch 145/200 loss 0.0043 train 1.0000 test 0.2971
epoch 146/200 loss 0.0039 train 1.0000 test 0.2968
epoch 147/200 loss 0.0033 train 1.0000 test 0.2977
epoch 148/200 loss 0.0033 train 1.0000 test 0.2982
epoch 149/200 loss 0.0031 train 1.0000 test 0.2973
epoch 150/200 loss 0.0034 train 1.0000 test 0.2972
epoch 151/200 loss 0.0027 train 1.0000 test 0.2972
epoch 152/200 loss 0.0029 train 1.0000 test 0.2969
epoch 153/200 loss 0.0030 train 1.0000 test 0.2979
epoch 154/200 loss 0.0031 train 1.0000 test 0.2985
epoch 155/200 loss 0.0037 train 1.0000 test 0.2979
epoch 156/200 loss 0.0038 train 1.0000 test 0.2970
epoch 157/200 loss 0.0029 train 1.0000 test 0.2983
epoch 158/200 loss 0.0028 train 1.0000 test 0.2989
epoch 159/200 loss 0.0035 train 1.0000 test 0.2982
epoch 160/200 loss 0.0032 train 1.0000 test 0.2983
epoch 161/200 loss 0.0030 train 1.0000 test 0.2982
epoch 162/200 loss 0.0026 train 1.0000 test 0.2990
epoch 163/200 loss 0.0026 train 1.0000 test 0.2987
epoch 164/200 loss 0.0034 train 1.0000 test 0.2988
epoch 165/200 loss 0.0032 train 1.0000 test 0.2978
epoch 166/200 loss 0.0029 train 1.0000 test 0.2980
epoch 167/200 loss 0.0034 train 1.0000 test 0.2985
epoch 168/200 loss 0.0029 train 1.0000 test 0.2992
epoch 169/200 loss 0.0031 train 1.0000 test 0.3000
epoch 170/200 loss 0.0028 train 1.0000 test 0.2998
epoch 171/200 loss 0.0033 train 1.0000 test 0.2979
epoch 172/200 loss 0.0029 train 1.0000 test 0.2980
epoch 173/200 loss 0.0031 train 1.0000 test 0.2984
epoch 174/200 loss 0.0031 train 1.0000 test 0.2987
epoch 175/200 loss 0.0032 train 1.0000 test 0.2983
epoch 176/200 loss 0.0028 train 1.0000 test 0.2990
epoch 177/200 loss 0.0030 train 1.0000 test 0.2994
epoch 178/200 loss 0.0028 train 1.0000 test 0.2980
epoch 179/200 loss 0.0033 train 1.0000 test 0.2987
epoch 180/200 loss 0.0031 train 1.0000 test 0.2990
epoch 181/200 loss 0.0034 train 1.0000 test 0.2993
epoch 182/200 loss 0.0031 train 1.0000 test 0.2980
epoch 183/200 loss 0.0034 train 1.0000 test 0.2974
epoch 184/200 loss 0.0031 train 1.0000 test 0.2978
epoch 185/200 loss 0.0032 train 1.0000 test 0.2985
epoch 186/200 loss 0.0031 train 1.0000 test 0.2986
epoch 187/200 loss 0.0038 train 1.0000 test 0.2983
epoch 188/200 loss 0.0028 train 1.0000 test 0.2987
epoch 189/200 loss 0.0028 train 1.0000 test 0.2987
epoch 190/200 loss 0.0031 train 1.0000 test 0.2986
epoch 191/200 loss 0.0036 train 1.0000 test 0.2993
epoch 192/200 loss 0.0032 train 1.0000 test 0.2992
epoch 193/200 loss 0.0030 train 1.0000 test 0.2983
epoch 194/200 loss 0.0035 train 1.0000 test 0.2983
epoch 195/200 loss 0.0038 train 1.0000 test 0.2993
epoch 196/200 loss 0.0027 train 1.0000 test 0.2984
epoch 197/200 loss 0.0038 train 1.0000 test 0.2980
epoch 198/200 loss 0.0026 train 1.0000 test 0.2989
epoch 199/200 loss 0.0025 train 1.0000 test 0.2988
epoch 200/200 loss 0.0026 train 1.0000 test 0.2991
done: final 0.2991 best 0.3000 -> ./runs/super2_none/seed1
SUPER12_DONE super2_none_seed1
SUPER12_START super2_none_seed2 (free 11564 MiB)
[super2_none seed2] {"params_trainable": 11179092, "params_stem_trainable": 0, "params_stem_fixed_filters": 0, "flops_total": 556664832, "flops_stem": 0, "flops_image_size": 32}
epoch 1/200 loss 3.0121 train 0.0770 test 0.0938
epoch 2/200 loss 2.9083 train 0.1161 test 0.1236
epoch 3/200 loss 2.8027 train 0.1395 test 0.1465
epoch 4/200 loss 2.7749 train 0.1462 test 0.1348
epoch 5/200 loss 2.7158 train 0.1908 test 0.1568
epoch 6/200 loss 2.6988 train 0.1741 test 0.1598
epoch 7/200 loss 2.6714 train 0.1853 test 0.1636
epoch 8/200 loss 2.6236 train 0.2009 test 0.1621
epoch 9/200 loss 2.6226 train 0.2042 test 0.1608
epoch 10/200 loss 2.5784 train 0.1953 test 0.1669
epoch 11/200 loss 2.5255 train 0.2288 test 0.1823
epoch 12/200 loss 2.4981 train 0.2132 test 0.1849
epoch 13/200 loss 2.4598 train 0.2299 test 0.1895
epoch 14/200 loss 2.4632 train 0.2266 test 0.1862
epoch 15/200 loss 2.4054 train 0.2478 test 0.1977
epoch 16/200 loss 2.3692 train 0.2623 test 0.1802
epoch 17/200 loss 2.3462 train 0.2701 test 0.2005
epoch 18/200 loss 2.3322 train 0.2667 test 0.2043
epoch 19/200 loss 2.3036 train 0.3013 test 0.2086
epoch 20/200 loss 2.2605 train 0.2946 test 0.2019
epoch 21/200 loss 2.2469 train 0.2801 test 0.2098
epoch 22/200 loss 2.1907 train 0.2991 test 0.2186
epoch 23/200 loss 2.1683 train 0.3080 test 0.2056
epoch 24/200 loss 2.1820 train 0.2969 test 0.2054
epoch 25/200 loss 2.1357 train 0.3292 test 0.1962
epoch 26/200 loss 2.1153 train 0.3069 test 0.2243
epoch 27/200 loss 2.0757 train 0.3415 test 0.2030
epoch 28/200 loss 2.0536 train 0.3594 test 0.2262
epoch 29/200 loss 1.9950 train 0.3728 test 0.2260
epoch 30/200 loss 1.9952 train 0.3728 test 0.2205
epoch 31/200 loss 1.9298 train 0.3929 test 0.2328
epoch 32/200 loss 1.9367 train 0.3783 test 0.2229
epoch 33/200 loss 1.8529 train 0.4018 test 0.2454
epoch 34/200 loss 1.7970 train 0.4241 test 0.2285
epoch 35/200 loss 1.7713 train 0.4152 test 0.2332
epoch 36/200 loss 1.8179 train 0.3984 test 0.2360
epoch 37/200 loss 1.8040 train 0.4118 test 0.2246
epoch 38/200 loss 1.6519 train 0.4587 test 0.2380
epoch 39/200 loss 1.6368 train 0.4643 test 0.2478
epoch 40/200 loss 1.6033 train 0.4632 test 0.2302
epoch 41/200 loss 1.5972 train 0.4799 test 0.2340
epoch 42/200 loss 1.5409 train 0.5011 test 0.2365
epoch 43/200 loss 1.5095 train 0.4989 test 0.2419
epoch 44/200 loss 1.4806 train 0.5156 test 0.2417
epoch 45/200 loss 1.3153 train 0.6016 test 0.2406
epoch 46/200 loss 1.3302 train 0.5446 test 0.2368
epoch 47/200 loss 1.3096 train 0.5815 test 0.2501
epoch 48/200 loss 1.2909 train 0.5603 test 0.2515
epoch 49/200 loss 1.2830 train 0.5670 test 0.2538
epoch 50/200 loss 1.1511 train 0.6239 test 0.2366
epoch 51/200 loss 1.1333 train 0.6317 test 0.2385
epoch 52/200 loss 1.1195 train 0.6496 test 0.2354
epoch 53/200 loss 1.0731 train 0.6652 test 0.2469
epoch 54/200 loss 1.0039 train 0.6685 test 0.2269
epoch 55/200 loss 0.9710 train 0.6786 test 0.2442
epoch 56/200 loss 0.7905 train 0.7567 test 0.2452
epoch 57/200 loss 0.8568 train 0.7299 test 0.2507
epoch 58/200 loss 0.8328 train 0.7444 test 0.2482
epoch 59/200 loss 0.7631 train 0.7600 test 0.2578
epoch 60/200 loss 0.7681 train 0.7467 test 0.2537
epoch 61/200 loss 0.6808 train 0.7690 test 0.2459
epoch 62/200 loss 0.7096 train 0.7723 test 0.2319
epoch 63/200 loss 0.6523 train 0.7734 test 0.2409
epoch 64/200 loss 0.5544 train 0.8237 test 0.2603
epoch 65/200 loss 0.5851 train 0.7980 test 0.2577
epoch 66/200 loss 0.5332 train 0.8393 test 0.2593
epoch 67/200 loss 0.5267 train 0.8315 test 0.2509
epoch 68/200 loss 0.4669 train 0.8516 test 0.2613
epoch 69/200 loss 0.4339 train 0.8549 test 0.2637
epoch 70/200 loss 0.3798 train 0.8806 test 0.2591
epoch 71/200 loss 0.3809 train 0.8783 test 0.2436
epoch 72/200 loss 0.3850 train 0.8683 test 0.2544
epoch 73/200 loss 0.3056 train 0.9129 test 0.2468
epoch 74/200 loss 0.2449 train 0.9308 test 0.2632
epoch 75/200 loss 0.2782 train 0.9208 test 0.2622
epoch 76/200 loss 0.2864 train 0.9141 test 0.2648
epoch 77/200 loss 0.2615 train 0.9275 test 0.2478
epoch 78/200 loss 0.2338 train 0.9330 test 0.2698
epoch 79/200 loss 0.1730 train 0.9509 test 0.2734
epoch 80/200 loss 0.2050 train 0.9308 test 0.2639
epoch 81/200 loss 0.1738 train 0.9542 test 0.2542
epoch 82/200 loss 0.1872 train 0.9431 test 0.2651
epoch 83/200 loss 0.1841 train 0.9431 test 0.2504
epoch 84/200 loss 0.1538 train 0.9487 test 0.2647
epoch 85/200 loss 0.1322 train 0.9699 test 0.2649
epoch 86/200 loss 0.1480 train 0.9598 test 0.2743
epoch 87/200 loss 0.1151 train 0.9699 test 0.2740
epoch 88/200 loss 0.0849 train 0.9799 test 0.2750
epoch 89/200 loss 0.0944 train 0.9710 test 0.2753
epoch 90/200 loss 0.0742 train 0.9877 test 0.2722
epoch 91/200 loss 0.0627 train 0.9877 test 0.2825
epoch 92/200 loss 0.0589 train 0.9877 test 0.2908
epoch 93/200 loss 0.0431 train 0.9944 test 0.2764
epoch 94/200 loss 0.0418 train 0.9922 test 0.2801
epoch 95/200 loss 0.0388 train 0.9922 test 0.2968
epoch 96/200 loss 0.0367 train 0.9944 test 0.2902
epoch 97/200 loss 0.0269 train 0.9989 test 0.2855
epoch 98/200 loss 0.0213 train 0.9989 test 0.2898
epoch 99/200 loss 0.0202 train 0.9989 test 0.2968
epoch 100/200 loss 0.0153 train 0.9989 test 0.2990
epoch 101/200 loss 0.0178 train 0.9967 test 0.2980
epoch 102/200 loss 0.0111 train 0.9989 test 0.2984
epoch 103/200 loss 0.0092 train 1.0000 test 0.2996
epoch 104/200 loss 0.0083 train 1.0000 test 0.2968
epoch 105/200 loss 0.0086 train 1.0000 test 0.2955
epoch 106/200 loss 0.0080 train 0.9989 test 0.2976
epoch 107/200 loss 0.0093 train 1.0000 test 0.3017
epoch 108/200 loss 0.0065 train 1.0000 test 0.3000
epoch 109/200 loss 0.0108 train 0.9978 test 0.2983
epoch 110/200 loss 0.0091 train 0.9989 test 0.2993
epoch 111/200 loss 0.0087 train 0.9978 test 0.2986
epoch 112/200 loss 0.0088 train 1.0000 test 0.2955
epoch 113/200 loss 0.0087 train 0.9989 test 0.2977
epoch 114/200 loss 0.0069 train 1.0000 test 0.2962
epoch 115/200 loss 0.0069 train 0.9989 test 0.2957
epoch 116/200 loss 0.0059 train 1.0000 test 0.2956
epoch 117/200 loss 0.0049 train 1.0000 test 0.2975
epoch 118/200 loss 0.0053 train 1.0000 test 0.2983
epoch 119/200 loss 0.0049 train 1.0000 test 0.2989
epoch 120/200 loss 0.0048 train 1.0000 test 0.2972
epoch 121/200 loss 0.0044 train 1.0000 test 0.2986
epoch 122/200 loss 0.0044 train 1.0000 test 0.2972
epoch 123/200 loss 0.0039 train 1.0000 test 0.2983
epoch 124/200 loss 0.0039 train 1.0000 test 0.2985
epoch 125/200 loss 0.0037 train 1.0000 test 0.3006
epoch 126/200 loss 0.0044 train 1.0000 test 0.3013
epoch 127/200 loss 0.0054 train 1.0000 test 0.2994
epoch 128/200 loss 0.0054 train 1.0000 test 0.3000
epoch 129/200 loss 0.0041 train 1.0000 test 0.2999
epoch 130/200 loss 0.0041 train 1.0000 test 0.2993
epoch 131/200 loss 0.0037 train 1.0000 test 0.2999
epoch 132/200 loss 0.0043 train 1.0000 test 0.2985
epoch 133/200 loss 0.0044 train 1.0000 test 0.2996
epoch 134/200 loss 0.0036 train 1.0000 test 0.2986
epoch 135/200 loss 0.0030 train 1.0000 test 0.2978
epoch 136/200 loss 0.0030 train 1.0000 test 0.2993
epoch 137/200 loss 0.0032 train 1.0000 test 0.2991
epoch 138/200 loss 0.0048 train 1.0000 test 0.2987
epoch 139/200 loss 0.0036 train 1.0000 test 0.2996
epoch 140/200 loss 0.0053 train 1.0000 test 0.2990
epoch 141/200 loss 0.0034 train 1.0000 test 0.2996
epoch 142/200 loss 0.0037 train 1.0000 test 0.2993
epoch 143/200 loss 0.0037 train 1.0000 test 0.2981
epoch 144/200 loss 0.0035 train 1.0000 test 0.2981
epoch 145/200 loss 0.0032 train 1.0000 test 0.2987
epoch 146/200 loss 0.0032 train 1.0000 test 0.2996
epoch 147/200 loss 0.0051 train 1.0000 test 0.2990
epoch 148/200 loss 0.0029 train 1.0000 test 0.2997
epoch 149/200 loss 0.0032 train 1.0000 test 0.2986
epoch 150/200 loss 0.0028 train 1.0000 test 0.2973
epoch 151/200 loss 0.0027 train 1.0000 test 0.2981
epoch 152/200 loss 0.0051 train 1.0000 test 0.2974
epoch 153/200 loss 0.0029 train 1.0000 test 0.2989
epoch 154/200 loss 0.0038 train 1.0000 test 0.2973
epoch 155/200 loss 0.0033 train 1.0000 test 0.2975
epoch 156/200 loss 0.0043 train 1.0000 test 0.2978
epoch 157/200 loss 0.0034 train 1.0000 test 0.2980
epoch 158/200 loss 0.0036 train 1.0000 test 0.2993
epoch 159/200 loss 0.0033 train 1.0000 test 0.2994
epoch 160/200 loss 0.0032 train 1.0000 test 0.3000
epoch 161/200 loss 0.0033 train 1.0000 test 0.3000
epoch 162/200 loss 0.0031 train 1.0000 test 0.2988
epoch 163/200 loss 0.0035 train 1.0000 test 0.2985
epoch 164/200 loss 0.0033 train 1.0000 test 0.2993
epoch 165/200 loss 0.0034 train 1.0000 test 0.2987
epoch 166/200 loss 0.0032 train 1.0000 test 0.2993
epoch 167/200 loss 0.0047 train 1.0000 test 0.2994
epoch 168/200 loss 0.0035 train 1.0000 test 0.2990
epoch 169/200 loss 0.0039 train 1.0000 test 0.2993
epoch 170/200 loss 0.0033 train 1.0000 test 0.2990
epoch 171/200 loss 0.0027 train 1.0000 test 0.2996
epoch 172/200 loss 0.0031 train 1.0000 test 0.2995
epoch 173/200 loss 0.0028 train 1.0000 test 0.2996
epoch 174/200 loss 0.0032 train 1.0000 test 0.2987
epoch 175/200 loss 0.0033 train 1.0000 test 0.2980
epoch 176/200 loss 0.0031 train 1.0000 test 0.2977
epoch 177/200 loss 0.0035 train 1.0000 test 0.3002
epoch 178/200 loss 0.0027 train 1.0000 test 0.2986
epoch 179/200 loss 0.0029 train 1.0000 test 0.2997
epoch 180/200 loss 0.0033 train 1.0000 test 0.2992
epoch 181/200 loss 0.0037 train 1.0000 test 0.2999
epoch 182/200 loss 0.0035 train 1.0000 test 0.2992
epoch 183/200 loss 0.0031 train 1.0000 test 0.2995
epoch 184/200 loss 0.0037 train 1.0000 test 0.2981
epoch 185/200 loss 0.0048 train 1.0000 test 0.2982
epoch 186/200 loss 0.0034 train 1.0000 test 0.2976
epoch 187/200 loss 0.0033 train 1.0000 test 0.2979
epoch 188/200 loss 0.0032 train 1.0000 test 0.2983
epoch 189/200 loss 0.0032 train 1.0000 test 0.2987
epoch 190/200 loss 0.0032 train 1.0000 test 0.2986
epoch 191/200 loss 0.0041 train 1.0000 test 0.2988
epoch 192/200 loss 0.0031 train 1.0000 test 0.2989
epoch 193/200 loss 0.0028 train 1.0000 test 0.2987
epoch 194/200 loss 0.0029 train 1.0000 test 0.2993
epoch 195/200 loss 0.0033 train 1.0000 test 0.2986
epoch 196/200 loss 0.0032 train 1.0000 test 0.2987
epoch 197/200 loss 0.0028 train 1.0000 test 0.2984
epoch 198/200 loss 0.0031 train 1.0000 test 0.2984
epoch 199/200 loss 0.0039 train 1.0000 test 0.2987
epoch 200/200 loss 0.0036 train 1.0000 test 0.2987
done: final 0.2987 best 0.3017 -> ./runs/super2_none/seed2
SUPER12_DONE super2_none_seed2
SUPER12_CELL_DONE super2_none
SUPER12_START super2_aux_seed0 (free 11564 MiB)
moment-aux target calibrated on 1024 images
[super2_aux seed0] {"params_trainable": 11181148, "params_stem_trainable": 0, "params_stem_fixed_filters": 0, "flops_total": 556664832, "flops_stem": 0, "flops_image_size": 32}
epoch 1/200 loss 5.1745 train 0.0614 test 0.0869
epoch 2/200 loss 4.0542 train 0.1094 test 0.0802
epoch 3/200 loss 3.6131 train 0.1451 test 0.1420
epoch 4/200 loss 3.3176 train 0.1429 test 0.1257
epoch 5/200 loss 3.1427 train 0.1473 test 0.1591
epoch 6/200 loss 3.0006 train 0.1775 test 0.1514
epoch 7/200 loss 2.8976 train 0.1998 test 0.1775
epoch 8/200 loss 2.8111 train 0.2221 test 0.1944
epoch 9/200 loss 2.8142 train 0.2009 test 0.2024
epoch 10/200 loss 2.7936 train 0.2031 test 0.1906
epoch 11/200 loss 2.7808 train 0.2299 test 0.1884
epoch 12/200 loss 2.7062 train 0.2400 test 0.1986
epoch 13/200 loss 2.6853 train 0.2288 test 0.2096
epoch 14/200 loss 2.6722 train 0.2388 test 0.2034
epoch 15/200 loss 2.6327 train 0.2411 test 0.2119
epoch 16/200 loss 2.5118 train 0.2824 test 0.2189
epoch 17/200 loss 2.5071 train 0.2812 test 0.2136
epoch 18/200 loss 2.4169 train 0.2835 test 0.2115
epoch 19/200 loss 2.3851 train 0.3080 test 0.2311
epoch 20/200 loss 2.2827 train 0.3393 test 0.2380
epoch 21/200 loss 2.2617 train 0.3315 test 0.2251
epoch 22/200 loss 2.2614 train 0.3259 test 0.2233
epoch 23/200 loss 2.2339 train 0.3560 test 0.2361
epoch 24/200 loss 2.2310 train 0.3382 test 0.2425
epoch 25/200 loss 2.1148 train 0.3739 test 0.2277
epoch 26/200 loss 2.0871 train 0.3839 test 0.2484
epoch 27/200 loss 2.0214 train 0.4152 test 0.2495
epoch 28/200 loss 1.9658 train 0.3996 test 0.2707
epoch 29/200 loss 1.8530 train 0.4263 test 0.2592
epoch 30/200 loss 1.8433 train 0.4420 test 0.2521
epoch 31/200 loss 1.8541 train 0.4420 test 0.2398
epoch 32/200 loss 1.8036 train 0.4576 test 0.2594
epoch 33/200 loss 1.7370 train 0.4821 test 0.2575
epoch 34/200 loss 1.6598 train 0.5201 test 0.2553
epoch 35/200 loss 1.6287 train 0.5045 test 0.2614
epoch 36/200 loss 1.5978 train 0.5257 test 0.2629
epoch 37/200 loss 1.5431 train 0.5424 test 0.2307
epoch 38/200 loss 1.5449 train 0.5324 test 0.2363
epoch 39/200 loss 1.5341 train 0.5446 test 0.2541
epoch 40/200 loss 1.5517 train 0.5402 test 0.2573
epoch 41/200 loss 1.4008 train 0.5871 test 0.2275
epoch 42/200 loss 1.3188 train 0.6205 test 0.2947
epoch 43/200 loss 1.2681 train 0.6272 test 0.2770
epoch 44/200 loss 1.2305 train 0.6574 test 0.2547
epoch 45/200 loss 1.1598 train 0.6574 test 0.2568
epoch 46/200 loss 1.1429 train 0.6674 test 0.2354
epoch 47/200 loss 1.0990 train 0.6931 test 0.2621
epoch 48/200 loss 1.0592 train 0.7087 test 0.2717
epoch 49/200 loss 0.9952 train 0.7221 test 0.2650
epoch 50/200 loss 1.0113 train 0.7188 test 0.2819
epoch 51/200 loss 0.9062 train 0.7556 test 0.2875
epoch 52/200 loss 0.8954 train 0.7533 test 0.2708
epoch 53/200 loss 0.8403 train 0.7578 test 0.2646
epoch 54/200 loss 0.8167 train 0.7757 test 0.2609
epoch 55/200 loss 0.7145 train 0.8103 test 0.2752
epoch 56/200 loss 0.7222 train 0.8136 test 0.2767
epoch 57/200 loss 0.6347 train 0.8270 test 0.3079
epoch 58/200 loss 0.5760 train 0.8683 test 0.2955
epoch 59/200 loss 0.5857 train 0.8504 test 0.2792
epoch 60/200 loss 0.5459 train 0.8560 test 0.2919
epoch 61/200 loss 0.5841 train 0.8504 test 0.2884
epoch 62/200 loss 0.5139 train 0.8772 test 0.2993
epoch 63/200 loss 0.4361 train 0.9007 test 0.3043
epoch 64/200 loss 0.4403 train 0.8996 test 0.2991
epoch 65/200 loss 0.4046 train 0.8996 test 0.2779
epoch 66/200 loss 0.3386 train 0.9252 test 0.3133
epoch 67/200 loss 0.3093 train 0.9308 test 0.3056
epoch 68/200 loss 0.2714 train 0.9375 test 0.2910
epoch 69/200 loss 0.2692 train 0.9487 test 0.3080
epoch 70/200 loss 0.2697 train 0.9542 test 0.3005
epoch 71/200 loss 0.2568 train 0.9453 test 0.3180
epoch 72/200 loss 0.2450 train 0.9498 test 0.3059
epoch 73/200 loss 0.2055 train 0.9688 test 0.3035
epoch 74/200 loss 0.2090 train 0.9665 test 0.3108
epoch 75/200 loss 0.1869 train 0.9699 test 0.3041
epoch 76/200 loss 0.1720 train 0.9743 test 0.3133
epoch 77/200 loss 0.1675 train 0.9743 test 0.3243
epoch 78/200 loss 0.1631 train 0.9777 test 0.3163
epoch 79/200 loss 0.1456 train 0.9844 test 0.3078
epoch 80/200 loss 0.1520 train 0.9788 test 0.3096
epoch 81/200 loss 0.1436 train 0.9810 test 0.3060
epoch 82/200 loss 0.1208 train 0.9933 test 0.3226
epoch 83/200 loss 0.1157 train 0.9888 test 0.3223
epoch 84/200 loss 0.1056 train 0.9933 test 0.3246
epoch 85/200 loss 0.1064 train 0.9866 test 0.3315
epoch 86/200 loss 0.0816 train 0.9978 test 0.3206
epoch 87/200 loss 0.0778 train 0.9955 test 0.3299
epoch 88/200 loss 0.0719 train 0.9967 test 0.3367
epoch 89/200 loss 0.0656 train 0.9989 test 0.3324
epoch 90/200 loss 0.0653 train 0.9989 test 0.3284
epoch 91/200 loss 0.0590 train 0.9978 test 0.3323
epoch 92/200 loss 0.0617 train 0.9967 test 0.3416
epoch 93/200 loss 0.0580 train 1.0000 test 0.3401
epoch 94/200 loss 0.0609 train 0.9967 test 0.3406
epoch 95/200 loss 0.0620 train 0.9967 test 0.3371
epoch 96/200 loss 0.0625 train 0.9955 test 0.3348
epoch 97/200 loss 0.0630 train 0.9967 test 0.3348
epoch 98/200 loss 0.0535 train 1.0000 test 0.3383
epoch 99/200 loss 0.0500 train 0.9989 test 0.3382
epoch 100/200 loss 0.0482 train 1.0000 test 0.3416
epoch 101/200 loss 0.0458 train 0.9978 test 0.3459
epoch 102/200 loss 0.0452 train 1.0000 test 0.3472
epoch 103/200 loss 0.0424 train 1.0000 test 0.3459
epoch 104/200 loss 0.0425 train 0.9989 test 0.3482
epoch 105/200 loss 0.0414 train 0.9989 test 0.3455
epoch 106/200 loss 0.0400 train 1.0000 test 0.3427
epoch 107/200 loss 0.0380 train 1.0000 test 0.3444
epoch 108/200 loss 0.0370 train 1.0000 test 0.3488
epoch 109/200 loss 0.0354 train 1.0000 test 0.3461
epoch 110/200 loss 0.0344 train 1.0000 test 0.3458
epoch 111/200 loss 0.0333 train 1.0000 test 0.3456
epoch 112/200 loss 0.0323 train 1.0000 test 0.3462
epoch 113/200 loss 0.0314 train 1.0000 test 0.3461
epoch 114/200 loss 0.0314 train 1.0000 test 0.3470
epoch 115/200 loss 0.0308 train 1.0000 test 0.3486
epoch 116/200 loss 0.0296 train 1.0000 test 0.3486
epoch 117/200 loss 0.0290 train 1.0000 test 0.3491
epoch 118/200 loss 0.0293 train 1.0000 test 0.3505
epoch 119/200 loss 0.0276 train 1.0000 test 0.3508
epoch 120/200 loss 0.0264 train 1.0000 test 0.3506
epoch 121/200 loss 0.0268 train 1.0000 test 0.3499
epoch 122/200 loss 0.0255 train 1.0000 test 0.3504
epoch 123/200 loss 0.0248 train 1.0000 test 0.3508
epoch 124/200 loss 0.0255 train 1.0000 test 0.3507
epoch 125/200 loss 0.0256 train 1.0000 test 0.3514
epoch 126/200 loss 0.0239 train 1.0000 test 0.3514
epoch 127/200 loss 0.0231 train 1.0000 test 0.3516
epoch 128/200 loss 0.0218 train 1.0000 test 0.3517
epoch 129/200 loss 0.0222 train 1.0000 test 0.3519
epoch 130/200 loss 0.0216 train 1.0000 test 0.3535
epoch 131/200 loss 0.0211 train 1.0000 test 0.3526
epoch 132/200 loss 0.0208 train 1.0000 test 0.3517
epoch 133/200 loss 0.0195 train 1.0000 test 0.3513
epoch 134/200 loss 0.0194 train 1.0000 test 0.3520
epoch 135/200 loss 0.0191 train 1.0000 test 0.3539
epoch 136/200 loss 0.0189 train 1.0000 test 0.3528
epoch 137/200 loss 0.0185 train 1.0000 test 0.3513
epoch 138/200 loss 0.0180 train 1.0000 test 0.3511
epoch 139/200 loss 0.0172 train 1.0000 test 0.3514
epoch 140/200 loss 0.0174 train 1.0000 test 0.3498
epoch 141/200 loss 0.0156 train 1.0000 test 0.3485
epoch 142/200 loss 0.0159 train 1.0000 test 0.3495
epoch 143/200 loss 0.0151 train 1.0000 test 0.3482
epoch 144/200 loss 0.0148 train 1.0000 test 0.3486
epoch 145/200 loss 0.0150 train 1.0000 test 0.3486
epoch 146/200 loss 0.0149 train 1.0000 test 0.3502
epoch 147/200 loss 0.0137 train 1.0000 test 0.3506
epoch 148/200 loss 0.0136 train 1.0000 test 0.3486
epoch 149/200 loss 0.0148 train 1.0000 test 0.3491
epoch 150/200 loss 0.0131 train 1.0000 test 0.3496
epoch 151/200 loss 0.0128 train 1.0000 test 0.3499
epoch 152/200 loss 0.0126 train 1.0000 test 0.3507
epoch 153/200 loss 0.0116 train 1.0000 test 0.3504
epoch 154/200 loss 0.0114 train 1.0000 test 0.3493
epoch 155/200 loss 0.0108 train 1.0000 test 0.3491
epoch 156/200 loss 0.0100 train 1.0000 test 0.3488
epoch 157/200 loss 0.0103 train 1.0000 test 0.3495
epoch 158/200 loss 0.0095 train 1.0000 test 0.3491
epoch 159/200 loss 0.0099 train 1.0000 test 0.3504
epoch 160/200 loss 0.0103 train 1.0000 test 0.3497
epoch 161/200 loss 0.0086 train 1.0000 test 0.3518
epoch 162/200 loss 0.0094 train 1.0000 test 0.3510
epoch 163/200 loss 0.0089 train 1.0000 test 0.3509
epoch 164/200 loss 0.0082 train 1.0000 test 0.3502
epoch 165/200 loss 0.0082 train 1.0000 test 0.3516
epoch 166/200 loss 0.0078 train 1.0000 test 0.3498
epoch 167/200 loss 0.0074 train 1.0000 test 0.3504
epoch 168/200 loss 0.0066 train 1.0000 test 0.3512
epoch 169/200 loss 0.0073 train 1.0000 test 0.3507
epoch 170/200 loss 0.0069 train 1.0000 test 0.3512
epoch 171/200 loss 0.0069 train 1.0000 test 0.3515
epoch 172/200 loss 0.0076 train 1.0000 test 0.3491
epoch 173/200 loss 0.0059 train 1.0000 test 0.3501
epoch 174/200 loss 0.0055 train 1.0000 test 0.3500
epoch 175/200 loss 0.0052 train 1.0000 test 0.3505
epoch 176/200 loss 0.0053 train 1.0000 test 0.3517
epoch 177/200 loss 0.0051 train 1.0000 test 0.3518
epoch 178/200 loss 0.0053 train 1.0000 test 0.3503
epoch 179/200 loss 0.0045 train 1.0000 test 0.3505
epoch 180/200 loss 0.0046 train 1.0000 test 0.3504
epoch 181/200 loss 0.0044 train 1.0000 test 0.3499
epoch 182/200 loss 0.0048 train 1.0000 test 0.3499
epoch 183/200 loss 0.0041 train 1.0000 test 0.3497
epoch 184/200 loss 0.0036 train 1.0000 test 0.3505
epoch 185/200 loss 0.0041 train 1.0000 test 0.3523
epoch 186/200 loss 0.0035 train 1.0000 test 0.3504
epoch 187/200 loss 0.0035 train 1.0000 test 0.3501
epoch 188/200 loss 0.0036 train 1.0000 test 0.3512
epoch 189/200 loss 0.0038 train 1.0000 test 0.3503
epoch 190/200 loss 0.0036 train 1.0000 test 0.3485
epoch 191/200 loss 0.0034 train 1.0000 test 0.3492
epoch 192/200 loss 0.0031 train 1.0000 test 0.3497
epoch 193/200 loss 0.0028 train 1.0000 test 0.3499
epoch 194/200 loss 0.0033 train 1.0000 test 0.3499
epoch 195/200 loss 0.0036 train 1.0000 test 0.3489
epoch 196/200 loss 0.0034 train 1.0000 test 0.3503
epoch 197/200 loss 0.0033 train 1.0000 test 0.3494
epoch 198/200 loss 0.0033 train 1.0000 test 0.3499
epoch 199/200 loss 0.0030 train 1.0000 test 0.3487
epoch 200/200 loss 0.0033 train 1.0000 test 0.3493
done: final 0.3493 best 0.3539 -> ./runs/super2_aux/seed0
SUPER12_DONE super2_aux_seed0
SUPER12_START super2_aux_seed1 (free 14446 MiB)
moment-aux target calibrated on 1024 images
[super2_aux seed1] {"params_trainable": 11181148, "params_stem_trainable": 0, "params_stem_fixed_filters": 0, "flops_total": 556664832, "flops_stem": 0, "flops_image_size": 32}
epoch 1/200 loss 5.0264 train 0.0703 test 0.0938
epoch 2/200 loss 4.0236 train 0.1172 test 0.1070
epoch 3/200 loss 3.7402 train 0.1228 test 0.1163
epoch 4/200 loss 3.4852 train 0.1217 test 0.1449
epoch 5/200 loss 3.2377 train 0.1518 test 0.1819
epoch 6/200 loss 3.0141 train 0.1629 test 0.1879
epoch 7/200 loss 2.8767 train 0.2042 test 0.1837
epoch 8/200 loss 2.8139 train 0.2266 test 0.1889
epoch 9/200 loss 2.7506 train 0.2199 test 0.2049
epoch 10/200 loss 2.7485 train 0.2199 test 0.1891
epoch 11/200 loss 2.7773 train 0.2243 test 0.1986
epoch 12/200 loss 2.7000 train 0.2288 test 0.1993
epoch 13/200 loss 2.6632 train 0.2533 test 0.2131
epoch 14/200 loss 2.5863 train 0.2489 test 0.2150
epoch 15/200 loss 2.5141 train 0.2634 test 0.2148
epoch 16/200 loss 2.4477 train 0.2891 test 0.2257
epoch 17/200 loss 2.4287 train 0.2812 test 0.2259
epoch 18/200 loss 2.3713 train 0.2935 test 0.2445
epoch 19/200 loss 2.3470 train 0.3058 test 0.2436
epoch 20/200 loss 2.2909 train 0.3426 test 0.2386
epoch 21/200 loss 2.2261 train 0.3471 test 0.2498
epoch 22/200 loss 2.2074 train 0.3605 test 0.2201
epoch 23/200 loss 2.1716 train 0.3616 test 0.2335
epoch 24/200 loss 2.2086 train 0.3270 test 0.2319
epoch 25/200 loss 2.1309 train 0.3549 test 0.2504
epoch 26/200 loss 2.0274 train 0.3996 test 0.2517
epoch 27/200 loss 2.0311 train 0.4007 test 0.2587
epoch 28/200 loss 1.9787 train 0.4219 test 0.2527
epoch 29/200 loss 1.8919 train 0.4252 test 0.2501
epoch 30/200 loss 1.9061 train 0.4275 test 0.2508
epoch 31/200 loss 1.7792 train 0.4754 test 0.2438
epoch 32/200 loss 1.7845 train 0.4576 test 0.2531
epoch 33/200 loss 1.7774 train 0.4833 test 0.2663
epoch 34/200 loss 1.6637 train 0.4855 test 0.2574
epoch 35/200 loss 1.7001 train 0.4710 test 0.2602
epoch 36/200 loss 1.6464 train 0.5156 test 0.2755
epoch 37/200 loss 1.6602 train 0.5201 test 0.2565
epoch 38/200 loss 1.5179 train 0.5469 test 0.2684
epoch 39/200 loss 1.4673 train 0.5592 test 0.2779
epoch 40/200 loss 1.4085 train 0.5882 test 0.2645
epoch 41/200 loss 1.3332 train 0.6049 test 0.2898
epoch 42/200 loss 1.2983 train 0.6127 test 0.2891
epoch 43/200 loss 1.2748 train 0.6205 test 0.2931
epoch 44/200 loss 1.1689 train 0.6708 test 0.2844
epoch 45/200 loss 1.0994 train 0.6875 test 0.2587
epoch 46/200 loss 1.1564 train 0.6540 test 0.2526
epoch 47/200 loss 1.1600 train 0.6741 test 0.2796
epoch 48/200 loss 1.0872 train 0.6931 test 0.2582
epoch 49/200 loss 0.9627 train 0.7188 test 0.2635
epoch 50/200 loss 0.9206 train 0.7667 test 0.2903
epoch 51/200 loss 0.8840 train 0.7500 test 0.2580
epoch 52/200 loss 0.8889 train 0.7634 test 0.2982
epoch 53/200 loss 0.8624 train 0.7690 test 0.2613
epoch 54/200 loss 0.8670 train 0.7600 test 0.2857
epoch 55/200 loss 0.8452 train 0.7578 test 0.2763
epoch 56/200 loss 0.7321 train 0.8147 test 0.2596
epoch 57/200 loss 0.7004 train 0.8181 test 0.2975
epoch 58/200 loss 0.6912 train 0.7991 test 0.2996
epoch 59/200 loss 0.5693 train 0.8705 test 0.2741
epoch 60/200 loss 0.5598 train 0.8583 test 0.2930
epoch 61/200 loss 0.5131 train 0.8694 test 0.2977
epoch 62/200 loss 0.4626 train 0.8973 test 0.2883
epoch 63/200 loss 0.4036 train 0.9163 test 0.2817
epoch 64/200 loss 0.4009 train 0.9074 test 0.3031
epoch 65/200 loss 0.3716 train 0.9163 test 0.2707
epoch 66/200 loss 0.3813 train 0.9051 test 0.3004
epoch 67/200 loss 0.3252 train 0.9319 test 0.2951
epoch 68/200 loss 0.3150 train 0.9297 test 0.3073
epoch 69/200 loss 0.3363 train 0.9263 test 0.2728
epoch 70/200 loss 0.3034 train 0.9342 test 0.2858
epoch 71/200 loss 0.3046 train 0.9275 test 0.2998
epoch 72/200 loss 0.2599 train 0.9520 test 0.2967
epoch 73/200 loss 0.2344 train 0.9587 test 0.3003
epoch 74/200 loss 0.1976 train 0.9676 test 0.3056
epoch 75/200 loss 0.2075 train 0.9743 test 0.3176
epoch 76/200 loss 0.1666 train 0.9788 test 0.3044
epoch 77/200 loss 0.1784 train 0.9721 test 0.3263
epoch 78/200 loss 0.1443 train 0.9833 test 0.3092
epoch 79/200 loss 0.1474 train 0.9788 test 0.3175
epoch 80/200 loss 0.1536 train 0.9777 test 0.3120
epoch 81/200 loss 0.1573 train 0.9777 test 0.3139
epoch 82/200 loss 0.1341 train 0.9855 test 0.3187
epoch 83/200 loss 0.1235 train 0.9866 test 0.3143
epoch 84/200 loss 0.1098 train 0.9888 test 0.3256
epoch 85/200 loss 0.1147 train 0.9866 test 0.3297
epoch 86/200 loss 0.1070 train 0.9877 test 0.3278
epoch 87/200 loss 0.1027 train 0.9877 test 0.3304
epoch 88/200 loss 0.1015 train 0.9900 test 0.3267
epoch 89/200 loss 0.0995 train 0.9855 test 0.3210
epoch 90/200 loss 0.0931 train 0.9933 test 0.3281
epoch 91/200 loss 0.0790 train 0.9967 test 0.3228
epoch 92/200 loss 0.0735 train 0.9955 test 0.3255
epoch 93/200 loss 0.0644 train 0.9989 test 0.3311
epoch 94/200 loss 0.0668 train 0.9978 test 0.3358
epoch 95/200 loss 0.0610 train 0.9978 test 0.3332
epoch 96/200 loss 0.0553 train 0.9978 test 0.3321
epoch 97/200 loss 0.0479 train 1.0000 test 0.3323
epoch 98/200 loss 0.0506 train 1.0000 test 0.3372
epoch 99/200 loss 0.0449 train 1.0000 test 0.3376
epoch 100/200 loss 0.0502 train 0.9978 test 0.3352
epoch 101/200 loss 0.0499 train 1.0000 test 0.3378
epoch 102/200 loss 0.0466 train 1.0000 test 0.3407
epoch 103/200 loss 0.0455 train 1.0000 test 0.3453
epoch 104/200 loss 0.0404 train 1.0000 test 0.3446
epoch 105/200 loss 0.0409 train 1.0000 test 0.3454
epoch 106/200 loss 0.0391 train 0.9989 test 0.3487
epoch 107/200 loss 0.0368 train 1.0000 test 0.3492
epoch 108/200 loss 0.0369 train 1.0000 test 0.3495
epoch 109/200 loss 0.0353 train 1.0000 test 0.3505
epoch 110/200 loss 0.0353 train 1.0000 test 0.3521
epoch 111/200 loss 0.0347 train 1.0000 test 0.3517
epoch 112/200 loss 0.0327 train 1.0000 test 0.3515
epoch 113/200 loss 0.0327 train 1.0000 test 0.3479
epoch 114/200 loss 0.0307 train 1.0000 test 0.3474
epoch 115/200 loss 0.0304 train 1.0000 test 0.3488
epoch 116/200 loss 0.0300 train 1.0000 test 0.3480
epoch 117/200 loss 0.0287 train 1.0000 test 0.3488
epoch 118/200 loss 0.0289 train 1.0000 test 0.3483
epoch 119/200 loss 0.0273 train 1.0000 test 0.3508
epoch 120/200 loss 0.0264 train 1.0000 test 0.3508
epoch 121/200 loss 0.0261 train 1.0000 test 0.3531
epoch 122/200 loss 0.0263 train 1.0000 test 0.3524
epoch 123/200 loss 0.0250 train 1.0000 test 0.3517
epoch 124/200 loss 0.0240 train 1.0000 test 0.3516
epoch 125/200 loss 0.0242 train 1.0000 test 0.3524
epoch 126/200 loss 0.0232 train 1.0000 test 0.3527
epoch 127/200 loss 0.0241 train 1.0000 test 0.3523
epoch 128/200 loss 0.0220 train 1.0000 test 0.3506
epoch 129/200 loss 0.0221 train 1.0000 test 0.3520
epoch 130/200 loss 0.0218 train 1.0000 test 0.3529
epoch 131/200 loss 0.0215 train 1.0000 test 0.3537
epoch 132/200 loss 0.0212 train 1.0000 test 0.3544
epoch 133/200 loss 0.0200 train 1.0000 test 0.3532
epoch 134/200 loss 0.0196 train 1.0000 test 0.3532
epoch 135/200 loss 0.0188 train 1.0000 test 0.3543
epoch 136/200 loss 0.0183 train 1.0000 test 0.3537
epoch 137/200 loss 0.0172 train 1.0000 test 0.3510
epoch 138/200 loss 0.0177 train 1.0000 test 0.3514
epoch 139/200 loss 0.0169 train 1.0000 test 0.3532
epoch 140/200 loss 0.0166 train 1.0000 test 0.3537
epoch 141/200 loss 0.0159 train 1.0000 test 0.3541
epoch 142/200 loss 0.0159 train 1.0000 test 0.3535
epoch 143/200 loss 0.0151 train 1.0000 test 0.3523
epoch 144/200 loss 0.0168 train 0.9989 test 0.3539
epoch 145/200 loss 0.0161 train 1.0000 test 0.3530
epoch 146/200 loss 0.0161 train 0.9989 test 0.3521
epoch 147/200 loss 0.0141 train 1.0000 test 0.3516
epoch 148/200 loss 0.0134 train 1.0000 test 0.3510
epoch 149/200 loss 0.0127 train 1.0000 test 0.3510
epoch 150/200 loss 0.0126 train 1.0000 test 0.3511
epoch 151/200 loss 0.0118 train 1.0000 test 0.3504
epoch 152/200 loss 0.0117 train 1.0000 test 0.3502
epoch 153/200 loss 0.0119 train 1.0000 test 0.3521
epoch 154/200 loss 0.0114 train 1.0000 test 0.3521
epoch 155/200 loss 0.0108 train 1.0000 test 0.3516
epoch 156/200 loss 0.0108 train 1.0000 test 0.3498
epoch 157/200 loss 0.0105 train 1.0000 test 0.3509
epoch 158/200 loss 0.0100 train 1.0000 test 0.3529
epoch 159/200 loss 0.0096 train 1.0000 test 0.3522
epoch 160/200 loss 0.0094 train 1.0000 test 0.3505
epoch 161/200 loss 0.0092 train 1.0000 test 0.3520
epoch 162/200 loss 0.0082 train 1.0000 test 0.3521
epoch 163/200 loss 0.0084 train 1.0000 test 0.3531
epoch 164/200 loss 0.0080 train 1.0000 test 0.3519
epoch 165/200 loss 0.0077 train 1.0000 test 0.3520
epoch 166/200 loss 0.0073 train 1.0000 test 0.3529
epoch 167/200 loss 0.0074 train 1.0000 test 0.3532
epoch 168/200 loss 0.0072 train 1.0000 test 0.3530
epoch 169/200 loss 0.0071 train 1.0000 test 0.3554
epoch 170/200 loss 0.0062 train 1.0000 test 0.3522
epoch 171/200 loss 0.0061 train 1.0000 test 0.3523
epoch 172/200 loss 0.0063 train 1.0000 test 0.3527
epoch 173/200 loss 0.0059 train 1.0000 test 0.3515
epoch 174/200 loss 0.0056 train 1.0000 test 0.3529
epoch 175/200 loss 0.0052 train 1.0000 test 0.3534
epoch 176/200 loss 0.0053 train 1.0000 test 0.3538
epoch 177/200 loss 0.0048 train 1.0000 test 0.3536
epoch 178/200 loss 0.0047 train 1.0000 test 0.3537
epoch 179/200 loss 0.0050 train 1.0000 test 0.3527
epoch 180/200 loss 0.0045 train 1.0000 test 0.3519
epoch 181/200 loss 0.0046 train 1.0000 test 0.3526
epoch 182/200 loss 0.0047 train 1.0000 test 0.3523
epoch 183/200 loss 0.0041 train 1.0000 test 0.3516
epoch 184/200 loss 0.0040 train 1.0000 test 0.3507
epoch 185/200 loss 0.0038 train 1.0000 test 0.3525
epoch 186/200 loss 0.0034 train 1.0000 test 0.3525
epoch 187/200 loss 0.0036 train 1.0000 test 0.3525
epoch 188/200 loss 0.0033 train 1.0000 test 0.3522
epoch 189/200 loss 0.0030 train 1.0000 test 0.3521
epoch 190/200 loss 0.0033 train 1.0000 test 0.3526
epoch 191/200 loss 0.0037 train 1.0000 test 0.3514
epoch 192/200 loss 0.0035 train 1.0000 test 0.3530
epoch 193/200 loss 0.0033 train 1.0000 test 0.3525
epoch 194/200 loss 0.0031 train 1.0000 test 0.3535
epoch 195/200 loss 0.0037 train 1.0000 test 0.3527
epoch 196/200 loss 0.0027 train 1.0000 test 0.3527
epoch 197/200 loss 0.0030 train 1.0000 test 0.3528
epoch 198/200 loss 0.0028 train 1.0000 test 0.3520
epoch 199/200 loss 0.0026 train 1.0000 test 0.3516
epoch 200/200 loss 0.0025 train 1.0000 test 0.3526
done: final 0.3526 best 0.3554 -> ./runs/super2_aux/seed1
SUPER12_DONE super2_aux_seed1
SUPER12_START super2_aux_seed2 (free 11564 MiB)
moment-aux target calibrated on 1024 images
[super2_aux seed2] {"params_trainable": 11181148, "params_stem_trainable": 0, "params_stem_fixed_filters": 0, "flops_total": 556664832, "flops_stem": 0, "flops_image_size": 32}
epoch 1/200 loss 5.0727 train 0.0792 test 0.0658
epoch 2/200 loss 4.0671 train 0.1004 test 0.1043
epoch 3/200 loss 3.6152 train 0.1328 test 0.1330
epoch 4/200 loss 3.3244 train 0.1306 test 0.1318
epoch 5/200 loss 3.1519 train 0.1908 test 0.1625
epoch 6/200 loss 3.0312 train 0.1830 test 0.1822
epoch 7/200 loss 2.9627 train 0.1920 test 0.1713
epoch 8/200 loss 2.8775 train 0.1964 test 0.1779
epoch 9/200 loss 2.8347 train 0.2065 test 0.1880
epoch 10/200 loss 2.7598 train 0.2132 test 0.1849
epoch 11/200 loss 2.7004 train 0.2288 test 0.2053
epoch 12/200 loss 2.6483 train 0.2433 test 0.2042
epoch 13/200 loss 2.5889 train 0.2500 test 0.1980
epoch 14/200 loss 2.5820 train 0.2522 test 0.2113
epoch 15/200 loss 2.5392 train 0.2578 test 0.2158
epoch 16/200 loss 2.4057 train 0.3092 test 0.2211
epoch 17/200 loss 2.4100 train 0.2924 test 0.2357
epoch 18/200 loss 2.3474 train 0.3214 test 0.2306
epoch 19/200 loss 2.3017 train 0.3326 test 0.2472
epoch 20/200 loss 2.2865 train 0.3460 test 0.2292
epoch 21/200 loss 2.2463 train 0.3359 test 0.2377
epoch 22/200 loss 2.2096 train 0.3638 test 0.2485
epoch 23/200 loss 2.1758 train 0.3717 test 0.2556
epoch 24/200 loss 2.1464 train 0.3482 test 0.2383
epoch 25/200 loss 2.1133 train 0.3717 test 0.2360
epoch 26/200 loss 1.9987 train 0.4230 test 0.2398
epoch 27/200 loss 2.0275 train 0.4141 test 0.2547
epoch 28/200 loss 1.9528 train 0.4118 test 0.2375
epoch 29/200 loss 1.9305 train 0.4219 test 0.2279
epoch 30/200 loss 1.8657 train 0.4565 test 0.2531
epoch 31/200 loss 1.8589 train 0.4475 test 0.2736
epoch 32/200 loss 1.8023 train 0.4710 test 0.2413
epoch 33/200 loss 1.7547 train 0.4888 test 0.2645
epoch 34/200 loss 1.7406 train 0.4933 test 0.2637
epoch 35/200 loss 1.6236 train 0.5078 test 0.2507
epoch 36/200 loss 1.5802 train 0.5424 test 0.2608
epoch 37/200 loss 1.5608 train 0.5335 test 0.2804
epoch 38/200 loss 1.4318 train 0.5915 test 0.2649
epoch 39/200 loss 1.3843 train 0.6094 test 0.2782
epoch 40/200 loss 1.3746 train 0.6071 test 0.2683
epoch 41/200 loss 1.3226 train 0.6362 test 0.2631
epoch 42/200 loss 1.3054 train 0.6239 test 0.2337
epoch 43/200 loss 1.3138 train 0.6127 test 0.2549
epoch 44/200 loss 1.2371 train 0.6451 test 0.2597
epoch 45/200 loss 1.1049 train 0.6830 test 0.2623
epoch 46/200 loss 1.1551 train 0.6596 test 0.2627
epoch 47/200 loss 1.0248 train 0.7243 test 0.2763
epoch 48/200 loss 1.0064 train 0.7076 test 0.2722
epoch 49/200 loss 0.9780 train 0.7254 test 0.2705
epoch 50/200 loss 0.9449 train 0.7422 test 0.2750
epoch 51/200 loss 0.9037 train 0.7533 test 0.2804
epoch 52/200 loss 0.8725 train 0.7411 test 0.2678
epoch 53/200 loss 0.7636 train 0.7868 test 0.2868
epoch 54/200 loss 0.7121 train 0.8181 test 0.2775
epoch 55/200 loss 0.6712 train 0.8158 test 0.2852
epoch 56/200 loss 0.6140 train 0.8482 test 0.2968
epoch 57/200 loss 0.6232 train 0.8371 test 0.2864
epoch 58/200 loss 0.5499 train 0.8616 test 0.2711
epoch 59/200 loss 0.5156 train 0.8806 test 0.2752
epoch 60/200 loss 0.4671 train 0.8884 test 0.3066
epoch 61/200 loss 0.4344 train 0.8984 test 0.2896
epoch 62/200 loss 0.3919 train 0.9141 test 0.2958
epoch 63/200 loss 0.3766 train 0.9129 test 0.3011
epoch 64/200 loss 0.3608 train 0.9252 test 0.2951
epoch 65/200 loss 0.3397 train 0.9208 test 0.2939
epoch 66/200 loss 0.3311 train 0.9319 test 0.2830
epoch 67/200 loss 0.3336 train 0.9230 test 0.2946
epoch 68/200 loss 0.2756 train 0.9587 test 0.2935
epoch 69/200 loss 0.3100 train 0.9364 test 0.2981
epoch 70/200 loss 0.2770 train 0.9509 test 0.2725
epoch 71/200 loss 0.2530 train 0.9542 test 0.3090
epoch 72/200 loss 0.2171 train 0.9565 test 0.2973
epoch 73/200 loss 0.2141 train 0.9676 test 0.3008
epoch 74/200 loss 0.2107 train 0.9643 test 0.3025
epoch 75/200 loss 0.2228 train 0.9487 test 0.3073
epoch 76/200 loss 0.2145 train 0.9576 test 0.3284
epoch 77/200 loss 0.1898 train 0.9721 test 0.3020
epoch 78/200 loss 0.1870 train 0.9699 test 0.3069
epoch 79/200 loss 0.1621 train 0.9799 test 0.3012
epoch 80/200 loss 0.1778 train 0.9743 test 0.2973
epoch 81/200 loss 0.1582 train 0.9799 test 0.2976
epoch 82/200 loss 0.1629 train 0.9754 test 0.2840
epoch 83/200 loss 0.1539 train 0.9732 test 0.3096
epoch 84/200 loss 0.1441 train 0.9810 test 0.3016
epoch 85/200 loss 0.1593 train 0.9754 test 0.3065
epoch 86/200 loss 0.1559 train 0.9743 test 0.3115
epoch 87/200 loss 0.1253 train 0.9799 test 0.3235
epoch 88/200 loss 0.1054 train 0.9888 test 0.3176
epoch 89/200 loss 0.1015 train 0.9900 test 0.3137
epoch 90/200 loss 0.0894 train 0.9911 test 0.3215
epoch 91/200 loss 0.0979 train 0.9911 test 0.3271
epoch 92/200 loss 0.0771 train 0.9967 test 0.3248
epoch 93/200 loss 0.0745 train 0.9978 test 0.3317
epoch 94/200 loss 0.0616 train 1.0000 test 0.3336
epoch 95/200 loss 0.0639 train 0.9955 test 0.3300
epoch 96/200 loss 0.0557 train 0.9978 test 0.3321
epoch 97/200 loss 0.0553 train 0.9989 test 0.3339
epoch 98/200 loss 0.0526 train 0.9989 test 0.3354
epoch 99/200 loss 0.0507 train 1.0000 test 0.3342
epoch 100/200 loss 0.0483 train 0.9989 test 0.3357
epoch 101/200 loss 0.0457 train 1.0000 test 0.3344
epoch 102/200 loss 0.0440 train 1.0000 test 0.3379
epoch 103/200 loss 0.0430 train 1.0000 test 0.3375
epoch 104/200 loss 0.0403 train 1.0000 test 0.3375
epoch 105/200 loss 0.0415 train 1.0000 test 0.3380
epoch 106/200 loss 0.0390 train 1.0000 test 0.3393
epoch 107/200 loss 0.0401 train 1.0000 test 0.3411
epoch 108/200 loss 0.0371 train 1.0000 test 0.3416
epoch 109/200 loss 0.0372 train 1.0000 test 0.3415
epoch 110/200 loss 0.0353 train 1.0000 test 0.3421
epoch 111/200 loss 0.0346 train 1.0000 test 0.3428
epoch 112/200 loss 0.0343 train 1.0000 test 0.3407
epoch 113/200 loss 0.0320 train 1.0000 test 0.3413
epoch 114/200 loss 0.0328 train 1.0000 test 0.3414
epoch 115/200 loss 0.0324 train 1.0000 test 0.3430
epoch 116/200 loss 0.0309 train 1.0000 test 0.3439
epoch 117/200 loss 0.0303 train 1.0000 test 0.3423
epoch 118/200 loss 0.0301 train 1.0000 test 0.3448
epoch 119/200 loss 0.0284 train 1.0000 test 0.3449
epoch 120/200 loss 0.0285 train 1.0000 test 0.3448
epoch 121/200 loss 0.0279 train 1.0000 test 0.3447
epoch 122/200 loss 0.0274 train 1.0000 test 0.3439
epoch 123/200 loss 0.0263 train 1.0000 test 0.3445
epoch 124/200 loss 0.0257 train 1.0000 test 0.3438
epoch 125/200 loss 0.0246 train 1.0000 test 0.3440
epoch 126/200 loss 0.0255 train 1.0000 test 0.3452
epoch 127/200 loss 0.0242 train 1.0000 test 0.3466
epoch 128/200 loss 0.0243 train 1.0000 test 0.3464
epoch 129/200 loss 0.0230 train 1.0000 test 0.3457
epoch 130/200 loss 0.0225 train 1.0000 test 0.3451
epoch 131/200 loss 0.0218 train 1.0000 test 0.3452
epoch 132/200 loss 0.0230 train 1.0000 test 0.3462
epoch 133/200 loss 0.0215 train 1.0000 test 0.3460
epoch 134/200 loss 0.0204 train 1.0000 test 0.3450
epoch 135/200 loss 0.0197 train 1.0000 test 0.3443
epoch 136/200 loss 0.0196 train 1.0000 test 0.3447
epoch 137/200 loss 0.0189 train 1.0000 test 0.3448
epoch 138/200 loss 0.0203 train 1.0000 test 0.3460
epoch 139/200 loss 0.0176 train 1.0000 test 0.3465
epoch 140/200 loss 0.0186 train 1.0000 test 0.3457
epoch 141/200 loss 0.0166 train 1.0000 test 0.3463
epoch 142/200 loss 0.0169 train 1.0000 test 0.3462
epoch 143/200 loss 0.0159 train 1.0000 test 0.3457
epoch 144/200 loss 0.0157 train 1.0000 test 0.3453
epoch 145/200 loss 0.0149 train 1.0000 test 0.3449
epoch 146/200 loss 0.0150 train 1.0000 test 0.3471
epoch 147/200 loss 0.0151 train 1.0000 test 0.3455
epoch 148/200 loss 0.0137 train 1.0000 test 0.3458
epoch 149/200 loss 0.0127 train 1.0000 test 0.3452
epoch 150/200 loss 0.0129 train 1.0000 test 0.3455
epoch 151/200 loss 0.0124 train 1.0000 test 0.3454
epoch 152/200 loss 0.0125 train 1.0000 test 0.3456
epoch 153/200 loss 0.0118 train 1.0000 test 0.3462
epoch 154/200 loss 0.0115 train 1.0000 test 0.3469
epoch 155/200 loss 0.0112 train 1.0000 test 0.3460
epoch 156/200 loss 0.0109 train 1.0000 test 0.3456
epoch 157/200 loss 0.0109 train 1.0000 test 0.3467
epoch 158/200 loss 0.0099 train 1.0000 test 0.3471
epoch 159/200 loss 0.0101 train 1.0000 test 0.3453
epoch 160/200 loss 0.0093 train 1.0000 test 0.3451
epoch 161/200 loss 0.0091 train 1.0000 test 0.3462
epoch 162/200 loss 0.0089 train 1.0000 test 0.3460
epoch 163/200 loss 0.0089 train 1.0000 test 0.3468
epoch 164/200 loss 0.0095 train 1.0000 test 0.3462
epoch 165/200 loss 0.0082 train 1.0000 test 0.3459
epoch 166/200 loss 0.0078 train 1.0000 test 0.3465
epoch 167/200 loss 0.0078 train 1.0000 test 0.3472
epoch 168/200 loss 0.0070 train 1.0000 test 0.3474
epoch 169/200 loss 0.0084 train 1.0000 test 0.3484
epoch 170/200 loss 0.0071 train 1.0000 test 0.3481
epoch 171/200 loss 0.0061 train 1.0000 test 0.3479
epoch 172/200 loss 0.0061 train 1.0000 test 0.3483
epoch 173/200 loss 0.0059 train 1.0000 test 0.3471
epoch 174/200 loss 0.0059 train 1.0000 test 0.3465
epoch 175/200 loss 0.0059 train 1.0000 test 0.3460
epoch 176/200 loss 0.0055 train 1.0000 test 0.3468
epoch 177/200 loss 0.0056 train 1.0000 test 0.3463
epoch 178/200 loss 0.0049 train 1.0000 test 0.3469
epoch 179/200 loss 0.0051 train 1.0000 test 0.3466
epoch 180/200 loss 0.0047 train 1.0000 test 0.3477
epoch 181/200 loss 0.0046 train 1.0000 test 0.3469
epoch 182/200 loss 0.0044 train 1.0000 test 0.3477
epoch 183/200 loss 0.0038 train 1.0000 test 0.3462
epoch 184/200 loss 0.0040 train 1.0000 test 0.3460
epoch 185/200 loss 0.0045 train 1.0000 test 0.3462
epoch 186/200 loss 0.0042 train 1.0000 test 0.3464
epoch 187/200 loss 0.0039 train 1.0000 test 0.3465
epoch 188/200 loss 0.0038 train 1.0000 test 0.3455
epoch 189/200 loss 0.0036 train 1.0000 test 0.3459
epoch 190/200 loss 0.0035 train 1.0000 test 0.3461
epoch 191/200 loss 0.0037 train 1.0000 test 0.3460
epoch 192/200 loss 0.0029 train 1.0000 test 0.3465
epoch 193/200 loss 0.0028 train 1.0000 test 0.3453
epoch 194/200 loss 0.0030 train 1.0000 test 0.3453
epoch 195/200 loss 0.0032 train 1.0000 test 0.3457
epoch 196/200 loss 0.0032 train 1.0000 test 0.3457
epoch 197/200 loss 0.0029 train 1.0000 test 0.3459
epoch 198/200 loss 0.0032 train 1.0000 test 0.3453
epoch 199/200 loss 0.0031 train 1.0000 test 0.3446
epoch 200/200 loss 0.0032 train 1.0000 test 0.3459
done: final 0.3459 best 0.3484 -> ./runs/super2_aux/seed2
SUPER12_DONE super2_aux_seed2
SUPER12_CELL_DONE super2_aux
SUPER12_COMPLETE
