
     0K .......... .......... .......... .......... ..........  0%  149K 27m1s
    50K .......... .......... .......... .......... ..........  0%  302K 20m12s
   100K .......... .......... .......... .......... ..........  0% 11.5M 13m34s
   150K .......... .......... .......... .......... ..........  0%  306K 13m29s
   200K .......... .......... .......... .......... ..........  0% 12.3M 10m51s
   250K .......... .......... .......... .......... ..........  0%  310K 11m12s
   300K .......... .......... .......... .......... ..........  0%  147K 13m31s
   350K .......... .......... .......... .......... ..........  0%  385M 11m49s
   400K .......... .......... .......... .......... ..........  0%  301M 10m31s
   450K .......... .......... .......... .......... ..........  0%  563M 9m27s
   500K .......... .......... .......... .......... ..........  0% 40.2M 8m36s
   550K .......... .......... .......... .......... ..........  0% 77.4M 7m53s
   600K .......... .......... .......... .......... ..........  0%  151K 9m20s
   650K .......... .......... .......... .......... ..........  0%  292K 9m39s
   700K .......... .......... .......... .......... ..........  0%  308K 9m53s
   750K .......... .......... .......... .......... ..........  0% 13.8M 9m17s
   800K .......... .......... .......... .......... ..........  0% 53.7M 8m44s
   850K .......... .......... .......... .......... ..........  0%  313K 8m58s
   900K .......... .......... .......... .......... ..........  0% 11.1M 8m30s
   950K .......... .......... .......... .......... ..........  0% 12.1M 8m6s
  1000K .......... .......... .......... .......... ..........  0%  313K 8m19s
  1050K .......... .......... .......... .......... ..........  0% 11.5M 7m57s
  1100K .......... .......... .......... .......... ..........  0% 11.8M 7m37s
  1150K .......... .......... .......... .......... ..........  0%  314K 7m50s
  1200K .......... .......... .......... .......... ..........  0% 8.63M 7m32s
  1250K .......... .......... .......... .......... ..........  0%  314K 7m45s
  1300K .......... .......... .......... .......... ..........  0% 11.8M 7m28s
  1350K .......... .......... .......... .......... ..........  0% 11.3M 7m13s
  1400K .......... .......... .......... .......... ..........  0%  314K 7m24s
  1450K .......... .......... .......... .......... ..........  0% 11.9M 7m10s
  1500K .......... .......... .......... .......... ..........  0% 11.4M 6m57s
  1550K .......... .......... .......... .......... ..........  0%  315K 7m7s
  1600K .......... .......... .......... .......... ..........  0% 8.79M 6m55s
  1650K .......... .......... .......... .......... ..........  0%  315K 7m5s
  1700K .......... .......... .......... .......... ..........  0% 12.0M 6m54s
  1750K .......... .......... .......... .......... ..........  0% 11.5M 6m43s
  1800K .......... .......... .......... .......... ..........  0%  315K 6m52s
  1850K .......... .......... .......... .......... ..........  0% 11.6M 6m42s
  1900K .......... .......... .......... .......... ..........  0% 11.9M 6m32s
  1950K .......... .......... .......... .......... ..........  0%  315K 6m41s
  2000K .......... .......... .......... .......... ..........  0% 8.62M 6m32s
  2050K .......... .......... .......... .......... ..........  0% 12.0M 6m23s
  2100K .......... .......... .......... .......... ..........  0%  316K 6m32s
  2150K .......... .......... .......... .......... ..........  0% 12.1M 6m23s
  2200K .......... .......... .......... .......... ..........  0% 11.4M 6m15s
  2250K .......... .......... .......... .......... ..........  0%  316K 6m23s
  2300K .......... .......... .......... .......... ..........  0% 11.1M 6m15s
  2350K .......... .......... .......... .......... ..........  0% 11.6M 6m8s
  2400K .......... .......... .......... .......... ..........  1%  314K 6m16s
  2450K .......... .......... .......... .......... ..........  1% 11.6M 6m9s
  2500K .......... .......... .......... .......... ..........  1%  316K 6m16s
  2550K .......... .......... .......... .......... ..........  1% 11.6M 6m9s
  2600K .......... .......... .......... .......... ..........  1% 11.6M 6m3s
  2650K .......... .......... .......... .......... ..........  1%  318K 6m10s
  2700K .......... .......... .......... .......... ..........  1% 10.3M 6m4s
  2750K .......... .......... .......... .......... ..........  1% 11.7M 5m57s
  2800K .......... .......... .......... .......... ..........  1%  314K 6m4s
  2850K .......... .......... .......... .......... ..........  1% 10.9M 5m58s
  2900K .......... .......... .......... .......... ..........  1% 11.9M 5m53s
  2950K .......... .......... .......... .......... ..........  1%  318K 5m59s
  3000K .......... .......... .......... .......... ..........  1% 10.4M 5m54s
  3050K .......... .......... .......... .......... ..........  1% 11.7M 5m48s
  3100K .......... .......... .......... .......... ..........  1%  318K 5m54s
  3150K .......... .......... .......... .......... ..........  1% 10.6M 5m49s
  3200K .......... .......... .......... .......... ..........  1% 8.82M 5m44s
  3250K .......... .......... .......... .......... ..........  1%  317K 5m50s
  3300K .......... .......... .......... .......... ..........  1% 10.1M 5m45s
  3350K .......... .......... .......... .......... ..........  1% 11.3M 5m41s
  3400K .......... .......... .......... .......... ..........  1%  318K 5m46s
  3450K .......... .......... .......... .......... ..........  1% 11.3M 5m42s
  3500K .......... .......... .......... .......... ..........  1% 10.3M 5m37s
  3550K .......... .......... .......... .......... ..........  1%  318K 5m43s
  3600K .......... .......... .......... .......... ..........  1% 7.67M 5m38s
  3650K .......... .......... .......... .......... ..........  1% 11.3M 5m34s
  3700K .......... .......... .......... .......... ..........  1%  319K 5m39s
  3750K .......... .......... .......... .......... ..........  1% 10.3M 5m35s
  3800K .......... .......... .......... .......... ..........  1% 10.8M 5m31s
  3850K .......... .......... .......... .......... ..........  1%  318K 5m36s
  3900K .......... .......... .......... .......... ..........  1% 10.5M 5m32s
  3950K .......... .......... .......... .......... ..........  1% 11.3M 5m28s
  4000K .......... .......... .......... .......... ..........  1%  315K 5m34s
  4050K .......... .......... .......... .......... ..........  1% 10.7M 5m30s
  4100K .......... .......... .......... .......... ..........  1% 12.0M 5m26s
  4150K .......... .......... .......... .......... ..........  1%  318K 5m31s
  4200K .......... .......... .......... .......... ..........  1% 10.1M 5m27s
  4250K .......... .......... .......... .......... ..........  1% 12.0M 5m24s
  4300K .......... .......... .......... .......... ..........  1%  318K 5m28s
  4350K .......... .......... .......... .......... ..........  1% 10.6M 5m25s
  4400K .......... .......... .......... .......... ..........  1%  591K 5m26s
  4450K .......... .......... .......... .......... ..........  1%  639K 5m26s
  4500K .......... .......... .......... .......... ..........  1% 10.1M 5m23s
  4550K .......... .......... .......... .......... ..........  1%  604K 5m23s
  4600K .......... .......... .......... .......... ..........  1%  633K 5m24s
  4650K .......... .......... .......... .......... ..........  1% 11.3M 5m21s
  4700K .......... .......... .......... .......... ..........  1% 1.15M 5m19s
  4750K .......... .......... .......... .......... ..........  1%  420K 5m22s
  4800K .......... .......... .......... .......... ..........  2% 7.44M 5m19s
  4850K .......... .......... .......... .......... ..........  2%  319K 5m23s
  4900K .......... .......... .......... .......... ..........  2% 10.2M 5m20s
  4950K .......... .......... .......... .......... ..........  2% 10.7M 5m17s
  5000K .......... .......... .......... .......... ..........  2%  369K 5m20s
  5050K .......... .......... .......... .......... ..........  2% 1.89M 5m18s
  5100K .......... .......... .......... .......... ..........  2% 11.2M 5m15s
  5150K .......... .......... .......... .......... ..........  2%  371K 5m18s
  5200K .......... .......... .......... .......... ..........  2% 1.73M 5m16s
  5250K .......... .......... .......... .......... ..........  2% 10.7M 5m13s
  5300K .......... .......... .......... .......... ..........  2%  320K 5m17s
  5350K .......... .......... .......... .......... ..........  2% 10.1M 5m15s
  5400K .......... .......... .......... .......... ..........  2% 9.59M 5m12s
  5450K .......... .......... .......... .......... ..........  2%  371K 5m15s
  5500K .......... .......... .......... .......... ..........  2% 1.86M 5m13s
  5550K .......... .......... .......... .......... ..........  2% 10.7M 5m10s
  5600K .......... .......... .......... .......... ..........  2%  317K 5m14s
  5650K .......... .......... .......... .......... ..........  2% 10.7M 5m11s
  5700K .......... .......... .......... .......... ..........  2% 9.33M 5m9s
  5750K .......... .......... .......... .......... ..........  2%  373K 5m12s
  5800K .......... .......... .......... .......... ..........  2% 1.84M 5m10s
  5850K .......... .......... .......... .......... ..........  2% 11.3M 5m7s
  5900K .......... .......... .......... .......... ..........  2%  372K 5m10s
  5950K .......... .......... .......... .......... ..........  2% 1.83M 5m9s
  6000K .......... .......... .......... .......... ..........  2% 7.37M 5m6s
  6050K .......... .......... .......... .......... ..........  2%  373K 5m9s
  6100K .......... .......... .......... .......... ..........  2% 1.85M 5m7s
  6150K .......... .......... .......... .......... ..........  2% 12.0M 5m5s
  6200K .......... .......... .......... .......... ..........  2%  385K 5m7s
  6250K .......... .......... .......... .......... ..........  2% 1.57M 5m6s
  6300K .......... .......... .......... .......... ..........  2% 10.7M 5m4s
  6350K .......... .......... .......... .......... ..........  2% 9.47M 5m1s
  6400K .......... .......... .......... .......... ..........  2%  319K 5m5s
  6450K .......... .......... .......... .......... ..........  2% 11.3M 5m2s
  6500K .......... .......... .......... .......... ..........  2% 9.09M 5m0s
  6550K .......... .......... .......... .......... ..........  2%  322K 5m3s
  6600K .......... .......... .......... .......... ..........  2% 11.8M 5m1s
  6650K .......... .......... .......... .......... ..........  2% 10.0M 4m59s
  6700K .......... .......... .......... .......... ..........  2%  373K 5m2s
  6750K .......... .......... .......... .......... ..........  2% 1.87M 5m0s
  6800K .......... .......... .......... .......... ..........  2% 8.91M 4m58s
  6850K .......... .......... .......... .......... ..........  2%  374K 5m0s
  6900K .......... .......... .......... .......... ..........  2% 1.83M 4m59s
  6950K .......... .......... .......... .......... ..........  2% 11.8M 4m57s
  7000K .......... .......... .......... .......... ..........  2% 10.1M 4m55s
  7050K .......... .......... .......... .......... ..........  2%  322K 4m58s
  7100K .......... .......... .......... .......... ..........  2% 11.1M 4m56s
  7150K .......... .......... .......... .......... ..........  2% 11.8M 4m54s
  7200K .......... .......... .......... .......... ..........  2%  319K 4m57s
  7250K .......... .......... .......... .......... ..........  3% 11.3M 4m55s
  7300K .......... .......... .......... .......... ..........  3% 11.4M 4m53s
  7350K .......... .......... .......... .......... ..........  3% 1.17M 4m52s
  7400K .......... .......... .......... .......... ..........  3%  425K 4m54s
  7450K .......... .......... .......... .......... ..........  3% 11.8M 4m52s
  7500K .......... .......... .......... .......... ..........  3% 11.3M 4m50s
  7550K .......... .......... .......... .......... ..........  3%  387K 4m52s
  7600K .......... .......... .......... .......... ..........  3% 1.54M 4m51s
  7650K .......... .......... .......... .......... ..........  3% 12.0M 4m50s
  7700K .......... .......... .......... .......... ..........  3% 11.3M 4m48s
  7750K .......... .......... .......... .......... ..........  3%  324K 4m50s
  7800K .......... .......... .......... .......... ..........  3% 11.6M 4m49s
  7850K .......... .......... .......... .......... ..........  3% 11.6M 4m47s
  7900K .......... .......... .......... .......... ..........  3% 11.7M 4m45s
  7950K .......... .......... .......... .......... ..........  3%  324K 4m48s
  8000K .......... .......... .......... .......... ..........  3% 8.55M 4m46s
  8050K .......... .......... .......... .......... ..........  3% 12.0M 4m44s
  8100K .......... .......... .......... .......... ..........  3%  394K 4m46s
  8150K .......... .......... .......... .......... ..........  3% 1.57M 4m45s
  8200K .......... .......... .......... .......... ..........  3% 11.6M 4m44s
  8250K .......... .......... .......... .......... ..........  3% 11.7M 4m42s
  8300K .......... .......... .......... .......... ..........  3%  627K 4m43s
  8350K .......... .......... .......... .......... ..........  3%  645K 4m43s
  8400K .......... .......... .......... .......... ..........  3% 8.74M 4m41s
  8450K .......... .......... .......... .......... ..........  3% 11.2M 4m40s
  8500K .......... .......... .......... .......... ..........  3%  403K 4m41s
  8550K .......... .......... .......... .......... ..........  3% 1.51M 4m41s
  8600K .......... .......... .......... .......... ..........  3% 11.4M 4m39s
  8650K .......... .......... .......... .......... ..........  3% 11.3M 4m38s
  8700K .......... .......... .......... .......... ..........  3% 11.5M 4m36s
  8750K .......... .......... .......... .......... ..........  3%  330K 4m38s
  8800K .......... .......... .......... .......... ..........  3% 8.41M 4m37s
  8850K .......... .......... .......... .......... ..........  3% 11.3M 4m35s
  8900K .......... .......... .......... .......... ..........  3% 12.0M 4m34s
  8950K .......... .......... .......... .......... ..........  3%  332K 4m36s
  9000K .......... .......... .......... .......... ..........  3% 10.1M 4m35s
  9050K .......... .......... .......... .......... ..........  3% 11.3M 4m33s
  9100K .......... .......... .......... .......... ..........  3% 12.0M 4m32s
  9150K .......... .......... .......... .......... ..........  3% 11.2M 4m30s
  9200K .......... .......... .......... .......... ..........  3%  327K 4m33s
  9250K .......... .......... .......... .......... ..........  3% 11.7M 4m31s
  9300K .......... .......... .......... .......... ..........  3% 11.5M 4m30s
  9350K .......... .......... .......... .......... ..........  3% 11.7M 4m29s
  9400K .......... .......... .......... .......... ..........  3%  391K 4m30s
  9450K .......... .......... .......... .......... ..........  3% 1.83M 4m29s
  9500K .......... .......... .......... .......... ..........  3% 11.6M 4m28s
  9550K .......... .......... .......... .......... ..........  3% 11.7M 4m27s
  9600K .......... .......... .......... .......... ..........  3% 8.80M 4m25s
  9650K .......... .......... .......... .......... ..........  4%  337K 4m28s
  9700K .......... .......... .......... .......... ..........  4% 9.22M 4m26s
  9750K .......... .......... .......... .......... ..........  4% 11.7M 4m25s
  9800K .......... .......... .......... .......... ..........  4% 11.7M 4m24s
  9850K .......... .......... .......... .......... ..........  4% 12.0M 4m22s
  9900K .......... .......... .......... .......... ..........  4%  339K 4m24s
  9950K .......... .......... .......... .......... ..........  4% 9.61M 4m23s
 10000K .......... .......... .......... .......... ..........  4% 8.82M 4m22s
 10050K .......... .......... .......... .......... ..........  4% 11.7M 4m21s
 10100K .......... .......... .......... .......... ..........  4% 10.9M 4m19s
 10150K .......... .......... .......... .......... ..........  4%  400K 4m21s
 10200K .......... .......... .......... .......... ..........  4% 1.84M 4m20s
 10250K .......... .......... .......... .......... ..........  4% 11.7M 4m19s
 10300K .......... .......... .......... .......... ..........  4% 11.7M 4m18s
 10350K .......... .......... .......... .......... ..........  4% 11.8M 4m17s
 10400K .......... .......... .......... .......... ..........  4%  413K 4m18s
 10450K .......... .......... .......... .......... ..........  4% 1.56M 4m17s
 10500K .......... .......... .......... .......... ..........  4% 10.7M 4m16s
 10550K .......... .......... .......... .......... ..........  4% 11.6M 4m15s
 10600K .......... .......... .......... .......... ..........  4% 11.3M 4m14s
 10650K .......... .......... .......... .......... ..........  4% 12.0M 4m13s
 10700K .......... .......... .......... .......... ..........  4%  406K 4m14s
 10750K .......... .......... .......... .......... ..........  4% 1.81M 4m13s
 10800K .......... .......... .......... .......... ..........  4% 8.67M 4m12s
 10850K .......... .......... .......... .......... ..........  4% 11.6M 4m11s
 10900K .......... .......... .......... .......... ..........  4% 11.7M 4m10s
 10950K .......... .......... .......... .......... ..........  4% 11.4M 4m9s
 11000K .......... .......... .......... .......... ..........  4%  345K 4m11s
 11050K .......... .......... .......... .......... ..........  4% 11.1M 4m10s
 11100K .......... .......... .......... .......... ..........  4% 11.9M 4m9s
 11150K .......... .......... .......... .......... ..........  4% 12.0M 4m8s
 11200K .......... .......... .......... .......... ..........  4% 8.34M 4m7s
 11250K .......... .......... .......... .......... ..........  4% 12.1M 4m6s
 11300K .......... .......... .......... .......... ..........  4%  347K 4m7s
 11350K .......... .......... .......... .......... ..........  4% 12.0M 4m6s
 11400K .......... .......... .......... .......... ..........  4% 11.4M 4m5s
 11450K .......... .......... .......... .......... ..........  4% 12.0M 4m4s
 11500K .......... .......... .......... .......... ..........  4% 11.4M 4m3s
 11550K .......... .......... .......... .......... ..........  4% 11.3M 4m2s
 11600K .......... .......... .......... .......... ..........  4%  348K 4m4s
 11650K .......... .......... .......... .......... ..........  4% 10.4M 4m3s
 11700K .......... .......... .......... .......... ..........  4% 12.1M 4m2s
 11750K .......... .......... .......... .......... ..........  4% 11.7M 4m1s
 11800K .......... .......... .......... .......... ..........  4% 11.1M 4m0s
 11850K .......... .......... .......... .......... ..........  4% 12.0M 3m59s
 11900K .......... .......... .......... .......... ..........  4% 1.20M 3m59s
 11950K .......... .......... .......... .......... ..........  4%  473K 4m0s
 12000K .......... .......... .......... .......... ..........  4% 8.69M 3m59s
 12050K .......... .......... .......... .......... ..........  4% 12.2M 3m58s
 12100K .......... .......... .......... .......... ..........  5% 11.5M 3m57s
 12150K .......... .......... .......... .......... ..........  5% 11.5M 3m56s
 12200K .......... .......... .......... .......... ..........  5% 11.6M 3m55s
 12250K .......... .......... .......... .......... ..........  5%  700K 3m55s
 12300K .......... .......... .......... .......... ..........  5%  681K 3m56s
 12350K .......... .......... .......... .......... ..........  5% 12.1M 3m55s
 12400K .......... .......... .......... .......... ..........  5% 8.41M 3m54s
 12450K .......... .......... .......... .......... ..........  5% 12.0M 3m53s
 12500K .......... .......... .......... .......... ..........  5% 11.3M 3m52s
 12550K .......... .......... .......... .......... ..........  5% 12.1M 3m51s
 12600K .......... .......... .......... .......... ..........  5%  711K 3m51s
 12650K .......... .......... .......... .......... ..........  5%  679K 3m52s
 12700K .......... .......... .......... .......... ..........  5% 11.1M 3m51s
 12750K .......... .......... .......... .......... ..........  5% 12.0M 3m50s
 12800K .......... .......... .......... .......... ..........  5% 8.65M 3m49s
 12850K .......... .......... .......... .......... ..........  5% 11.7M 3m48s
 12900K .......... .......... .......... .......... ..........  5% 12.2M 3m47s
 12950K .......... .......... .......... .......... ..........  5% 11.4M 3m47s
 13000K .......... .......... .......... .......... ..........  5%  362K 3m48s
 13050K .......... .......... .......... .......... ..........  5% 10.9M 3m47s
 13100K .......... .......... .......... .......... ..........  5% 11.3M 3m46s
 13150K .......... .......... .......... .......... ..........  5% 12.1M 3m46s
 13200K .......... .......... .......... .......... ..........  5% 8.72M 3m45s
 13250K .......... .......... .......... .......... ..........  5% 11.4M 3m44s
 13300K .......... .......... .......... .......... ..........  5% 12.1M 3m43s
 13350K .......... .......... .......... .......... ..........  5%  744K 3m43s
 13400K .......... .......... .......... .......... ..........  5%  678K 3m44s
 13450K .......... .......... .......... .......... ..........  5% 10.5M 3m43s
 13500K .......... .......... .......... .......... ..........  5% 12.1M 3m42s
 13550K .......... .......... .......... .......... ..........  5% 11.3M 3m41s
 13600K .......... .......... .......... .......... ..........  5% 8.77M 3m41s
 13650K .......... .......... .......... .......... ..........  5% 11.3M 3m40s
 13700K .......... .......... .......... .......... ..........  5% 12.0M 3m39s
 13750K .......... .......... .......... .......... ..........  5%  754K 3m39s
 13800K .......... .......... .......... .......... ..........  5%  686K 3m40s
 13850K .......... .......... .......... .......... ..........  5% 10.6M 3m39s
 13900K .......... .......... .......... .......... ..........  5% 11.4M 3m38s
 13950K .......... .......... .......... .......... ..........  5% 11.4M 3m37s
 14000K .......... .......... .......... .......... ..........  5% 8.78M 3m37s
 14050K .......... .......... .......... .......... ..........  5% 12.0M 3m36s
 14100K .......... .......... .......... .......... ..........  5% 11.4M 3m35s
 14150K .......... .......... .......... .......... ..........  5% 1.40M 3m35s
 14200K .......... .......... .......... .......... ..........  5%  618K 3m35s
 14250K .......... .......... .......... .......... ..........  5% 1.85M 3m35s
 14300K .......... .......... .......... .......... ..........  5% 12.1M 3m34s
 14350K .......... .......... .......... .......... ..........  5% 11.3M 3m34s
 14400K .......... .......... .......... .......... ..........  5% 8.78M 3m33s
 14450K .......... .......... .......... .......... ..........  5% 11.3M 3m32s
 14500K .......... .......... .......... .......... ..........  6% 12.1M 3m31s
 14550K .......... .......... .......... .......... ..........  6% 11.3M 3m31s
 14600K .......... .......... .......... .......... ..........  6%  788K 3m31s
 14650K .......... .......... .......... .......... ..........  6%  684K 3m31s
 14700K .......... .......... .......... .......... ..........  6% 10.4M 3m31s
 14750K .......... .......... .......... .......... ..........  6% 11.3M 3m30s
 14800K .......... .......... .......... .......... ..........  6% 9.07M 3m29s
 14850K .......... .......... .......... .......... ..........  6% 11.2M 3m29s
 14900K .......... .......... .......... .......... ..........  6% 11.6M 3m28s
 14950K .......... .......... .......... .......... ..........  6% 12.2M 3m27s
 15000K .......... .......... .......... .......... ..........  6% 11.3M 3m27s
 15050K .......... .......... .......... .......... ..........  6%  809K 3m27s
 15100K .......... .......... .......... .......... ..........  6%  980K 3m27s
 15150K .......... .......... .......... .......... ..........  6% 1.86M 3m27s
 15200K .......... .......... .......... .......... ..........  6% 8.50M 3m26s
 15250K .......... .......... .......... .......... ..........  6% 11.9M 3m25s
 15300K .......... .......... .......... .......... ..........  6% 11.6M 3m25s
 15350K .......... .......... .......... .......... ..........  6% 11.8M 3m24s
 15400K .......... .......... .......... .......... ..........  6% 11.6M 3m23s
 15450K .......... .......... .......... .......... ..........  6% 11.9M 3m23s
 15500K .......... .......... .......... .......... ..........  6% 12.0M 3m22s
 15550K .......... .......... .......... .......... ..........  6%  505K 3m23s
 15600K .......... .......... .......... .......... ..........  6% 1.37M 3m23s
 15650K .......... .......... .......... .......... ..........  6% 10.9M 3m22s
 15700K .......... .......... .......... .......... ..........  6% 11.8M 3m21s
 15750K .......... .......... .......... .......... ..........  6% 10.0M 3m21s
 15800K .......... .......... .......... .......... ..........  6% 11.5M 3m20s
 15850K .......... .......... .......... .......... ..........  6% 11.7M 3m19s
 15900K .......... .......... .......... .......... ..........  6% 11.7M 3m19s
 15950K .......... .......... .......... .......... ..........  6% 11.7M 3m18s
 16000K .......... .......... .......... .......... ..........  6%  834K 3m18s
 16050K .......... .......... .......... .......... ..........  6%  997K 3m18s
 16100K .......... .......... .......... .......... ..........  6% 1.87M 3m18s
 16150K .......... .......... .......... .......... ..........  6% 10.7M 3m18s
 16200K .......... .......... .......... .......... ..........  6% 11.6M 3m17s
 16250K .......... .......... .......... .......... ..........  6% 11.9M 3m16s
 16300K .......... .......... .......... .......... ..........  6% 11.6M 3m16s
 16350K .......... .......... .......... .......... ..........  6% 11.6M 3m15s
 16400K .......... .......... .......... .......... ..........  6% 8.77M 3m15s
 16450K .......... .......... .......... .......... ..........  6% 11.7M 3m14s
 16500K .......... .......... .......... .......... ..........  6% 1.73M 3m14s
 16550K .......... .......... .......... .......... ..........  6%  659K 3m14s
 16600K .......... .......... .......... .......... ..........  6% 1.67M 3m14s
 16650K .......... .......... .......... .......... ..........  6% 10.6M 3m13s
 16700K .......... .......... .......... .......... ..........  6% 9.33M 3m13s
 16750K .......... .......... .......... .......... ..........  6%  288K 3m15s
 16800K .......... .......... .......... .......... ..........  6% 27.4M 3m14s
 16850K .......... .......... .......... .......... ..........  6% 7.67M 3m14s
 16900K .......... .......... .......... .......... ..........  6% 20.8M 3m13s
 16950K .......... .......... .......... .......... ..........  7% 15.8M 3m12s
 17000K .......... .......... .......... .......... ..........  7%  568M 3m12s
 17050K .......... .......... .......... .......... ..........  7% 6.43M 3m11s
 17100K .......... .......... .......... .......... ..........  7%  583M 3m11s
 17150K .......... .......... .......... .......... ..........  7%  479M 3m10s
 17200K .......... .......... .......... .......... ..........  7%  422M 3m9s
 17250K .......... .......... .......... .......... ..........  7%  536M 3m9s
 17300K .......... .......... .......... .......... ..........  7%  432M 3m8s
 17350K .......... .......... .......... .......... ..........  7%  546M 3m8s
 17400K .......... .......... .......... .......... ..........  7%  478M 3m7s
 17450K .......... .......... .......... .......... ..........  7%  537M 3m7s
 17500K .......... .......... .......... .......... ..........  7%  505K 3m7s
 17550K .......... .......... .......... .......... ..........  7% 1.59M 3m7s
 17600K .......... .......... .......... .......... ..........  7% 4.21M 3m7s
 17650K .......... .......... .......... .......... ..........  7% 11.6M 3m6s
 17700K .......... .......... .......... .......... ..........  7% 7.35M 3m6s
 17750K .......... .......... .......... .......... ..........  7% 9.09M 3m5s
 17800K .......... .......... .......... .......... ..........  7% 7.78M 3m5s
 17850K .......... .......... .......... .......... ..........  7%  889K 3m5s
 17900K .......... .......... .......... .......... ..........  7%  981K 3m5s
 17950K .......... .......... .......... .......... ..........  7% 1.76M 3m5s
 18000K .......... .......... .......... .......... ..........  7% 4.89M 3m4s
 18050K .......... .......... .......... .......... ..........  7% 11.4M 3m4s
 18100K .......... .......... .......... .......... ..........  7% 7.25M 3m3s
 18150K .......... .......... .......... .......... ..........  7% 9.76M 3m3s
 18200K .......... .......... .......... .......... ..........  7% 7.82M 3m2s
 18250K .......... .......... .......... .......... ..........  7%  898K 3m3s
 18300K .......... .......... .......... .......... ..........  7%  977K 3m3s
 18350K .......... .......... .......... .......... ..........  7% 1.77M 3m2s
 18400K .......... .......... .......... .......... ..........  7% 4.90M 3m2s
 18450K .......... .......... .......... .......... ..........  7% 12.2M 3m2s
 18500K .......... .......... .......... .......... ..........  7% 7.77M 3m1s
 18550K .......... .......... .......... .......... ..........  7% 9.35M 3m1s
 18600K .......... .......... .......... .......... ..........  7% 8.05M 3m0s
 18650K .......... .......... .......... .......... ..........  7%  899K 3m0s
 18700K .......... .......... .......... .......... ..........  7%  997K 3m0s
 18750K .......... .......... .......... .......... ..........  7% 1.79M 3m0s
 18800K .......... .......... .......... .......... ..........  7% 4.62M 3m0s
 18850K .......... .......... .......... .......... ..........  7% 11.1M 2m59s
 18900K .......... .......... .......... .......... ..........  7% 11.5M 2m59s
 18950K .......... .......... .......... .......... ..........  7% 7.42M 2m58s
 19000K .......... .......... .......... .......... ..........  7% 10.5M 2m58s
 19050K .......... .......... .......... .......... ..........  7% 8.40M 2m58s
 19100K .......... .......... .......... .......... ..........  7%  509K 2m58s
 19150K .......... .......... .......... .......... ..........  7% 1.62M 2m58s
 19200K .......... .......... .......... .......... ..........  7% 5.97M 2m58s
 19250K .......... .......... .......... .......... ..........  7% 7.45M 2m57s
 19300K .......... .......... .......... .......... ..........  7% 11.4M 2m57s
 19350K .......... .......... .......... .......... ..........  8% 7.60M 2m56s
 19400K .......... .......... .......... .......... ..........  8% 10.9M 2m56s
 19450K .......... .......... .......... .......... ..........  8% 8.32M 2m55s
 19500K .......... .......... .......... .......... ..........  8%  902K 2m56s
 19550K .......... .......... .......... .......... ..........  8% 1004K 2m56s
 19600K .......... .......... .......... .......... ..........  8% 1.68M 2m56s
 19650K .......... .......... .......... .......... ..........  8% 6.08M 2m55s
 19700K .......... .......... .......... .......... ..........  8% 10.5M 2m55s
 19750K .......... .......... .......... .......... ..........  8% 11.5M 2m54s
 19800K .......... .......... .......... .......... ..........  8% 8.11M 2m54s
 19850K .......... .......... .......... .......... ..........  8% 11.3M 2m53s
 19900K .......... .......... .......... .......... ..........  8% 8.27M 2m53s
 19950K .......... .......... .......... .......... ..........  8%  901K 2m53s
 20000K .......... .......... .......... .......... ..........  8%  681K 2m53s
 20050K .......... .......... .......... .......... ..........  8% 7.60M 2m53s
 20100K .......... .......... .......... .......... ..........  8% 7.01M 2m53s
 20150K .......... .......... .......... .......... ..........  8% 11.6M 2m52s
 20200K .......... .......... .......... .......... ..........  8% 11.0M 2m52s
 20250K .......... .......... .......... .......... ..........  8% 8.75M 2m51s
 20300K .......... .......... .......... .......... ..........  8% 10.2M 2m51s
 20350K .......... .......... .......... .......... ..........  8% 8.54M 2m51s
 20400K .......... .......... .......... .......... ..........  8%  533K 2m51s
 20450K .......... .......... .......... .......... ..........  8% 1.42M 2m51s
 20500K .......... .......... .......... .......... ..........  8% 7.60M 2m51s
 20550K .......... .......... .......... .......... ..........  8% 6.72M 2m50s
 20600K .......... .......... .......... .......... ..........  8% 11.7M 2m50s
 20650K .......... .......... .......... .......... ..........  8% 12.1M 2m50s
 20700K .......... .......... .......... .......... ..........  8% 8.66M 2m49s
 20750K .......... .......... .......... .......... ..........  8% 10.9M 2m49s
 20800K .......... .......... .......... .......... ..........  8% 6.77M 2m48s
 20850K .......... .......... .......... .......... ..........  8%  545K 2m49s
 20900K .......... .......... .......... .......... ..........  8% 1.41M 2m49s
 20950K .......... .......... .......... .......... ..........  8% 8.14M 2m48s
 21000K .......... .......... .......... .......... ..........  8% 6.37M 2m48s
 21050K .......... .......... .......... .......... ..........  8% 11.0M 2m48s
 21100K .......... .......... .......... .......... ..........  8% 11.4M 2m47s
 21150K .......... .......... .......... .......... ..........  8% 10.6M 2m47s
 21200K .......... .......... .......... .......... ..........  8% 7.95M 2m47s
 21250K .......... .......... .......... .......... ..........  8% 8.21M 2m46s
 21300K .......... .......... .......... .......... ..........  8%  910K 2m46s
 21350K .......... .......... .......... .......... ..........  8% 1.00M 2m46s
 21400K .......... .......... .......... .......... ..........  8% 1.80M 2m46s
 21450K .......... .......... .......... .......... ..........  8% 8.20M 2m46s
 21500K .......... .......... .......... .......... ..........  8% 6.97M 2m46s
 21550K .......... .......... .......... .......... ..........  8% 10.8M 2m45s
 21600K .......... .......... .......... .......... ..........  8% 8.76M 2m45s
 21650K .......... .......... .......... .......... ..........  8% 10.2M 2m44s
 21700K .......... .......... .......... .......... ..........  8% 10.9M 2m44s
 21750K .......... .......... .......... .......... ..........  8% 1.91M 2m44s
 21800K .......... .......... .......... .......... ..........  9%  652K 2m44s
 21850K .......... .......... .......... .......... ..........  9% 1.67M 2m44s
 21900K .......... .......... .......... .......... ..........  9% 7.85M 2m44s
 21950K .......... .......... .......... .......... ..........  9% 7.15M 2m44s
 22000K .......... .......... .......... .......... ..........  9% 7.21M 2m43s
 22050K .......... .......... .......... .......... ..........  9% 11.7M 2m43s
 22100K .......... .......... .......... .......... ..........  9% 11.7M 2m42s
 22150K .......... .......... .......... .......... ..........  9% 11.7M 2m42s
 22200K .......... .......... .......... .......... ..........  9% 8.42M 2m42s
 22250K .......... .......... .......... .......... ..........  9%  913K 2m42s
 22300K .......... .......... .......... .......... ..........  9% 1.00M 2m42s
 22350K .......... .......... .......... .......... ..........  9% 1.81M 2m42s
 22400K .......... .......... .......... .......... ..........  9% 6.58M 2m42s
 22450K .......... .......... .......... .......... ..........  9% 7.08M 2m41s
 22500K .......... .......... .......... .......... ..........  9% 9.95M 2m41s
 22550K .......... .......... .......... .......... ..........  9% 11.7M 2m40s
 22600K .......... .......... .......... .......... ..........  9% 11.7M 2m40s
 22650K .......... .......... .......... .......... ..........  9% 11.6M 2m40s
 22700K .......... .......... .......... .......... ..........  9% 8.64M 2m39s
 22750K .......... .......... .......... .......... ..........  9%  924K 2m40s
 22800K .......... .......... .......... .......... ..........  9%  695K 2m40s
 22850K .......... .......... .......... .......... ..........  9% 7.53M 2m40s
 22900K .......... .......... .......... .......... ..........  9% 9.75M 2m39s
 22950K .......... .......... .......... .......... ..........  9% 7.47M 2m39s
 23000K .......... .......... .......... .......... ..........  9% 9.06M 2m39s
 23050K .......... .......... .......... .......... ..........  9% 11.7M 2m38s
 23100K .......... .......... .......... .......... ..........  9% 11.5M 2m38s
 23150K .......... .......... .......... .......... ..........  9% 11.7M 2m38s
 23200K .......... .......... .......... .......... ..........  9% 1.83M 2m37s
 23250K .......... .......... .......... .......... ..........  9%  658K 2m38s
 23300K .......... .......... .......... .......... ..........  9% 1.69M 2m38s
 23350K .......... .......... .......... .......... ..........  9% 8.24M 2m37s
 23400K .......... .......... .......... .......... ..........  9% 7.69M 2m37s
 23450K .......... .......... .......... .......... ..........  9% 9.23M 2m37s
 23500K .......... .......... .......... .......... ..........  9% 9.16M 2m36s
 23550K .......... .......... .......... .......... ..........  9% 11.9M 2m36s
 23600K .......... .......... .......... .......... ..........  9% 8.71M 2m36s
 23650K .......... .......... .......... .......... ..........  9% 11.6M 2m35s
 23700K .......... .......... .......... .......... ..........  9% 1.97M 2m35s
 23750K .......... .......... .......... .......... ..........  9%  660K 2m36s
 23800K .......... .......... .......... .......... ..........  9% 1.67M 2m36s
 23850K .......... .......... .......... .......... ..........  9% 7.93M 2m35s
 23900K .......... .......... .......... .......... ..........  9% 8.39M 2m35s
 23950K .......... .......... .......... .......... ..........  9% 9.30M 2m35s
 24000K .......... .......... .......... .......... ..........  9% 7.25M 2m34s
 24050K .......... .......... .......... .......... ..........  9% 11.7M 2m34s
 24100K .......... .......... .......... .......... ..........  9% 11.6M 2m34s
 24150K .......... .......... .......... .......... ..........  9% 10.9M 2m33s
 24200K .......... .......... .......... .......... .......... 10% 2.03M 2m33s
 24250K .......... .......... .......... .......... .......... 10%  704K 2m34s
 24300K .......... .......... .......... .......... .......... 10% 1.46M 2m33s
 24350K .......... .......... .......... .......... .......... 10% 8.04M 2m33s
 24400K .......... .......... .......... .......... .......... 10% 5.99M 2m33s
 24450K .......... .......... .......... .......... .......... 10% 9.99M 2m33s
 24500K .......... .......... .......... .......... .......... 10% 9.36M 2m32s
 24550K .......... .......... .......... .......... .......... 10% 11.3M 2m32s
 24600K .......... .......... .......... .......... .......... 10% 11.9M 2m32s
 24650K .......... .......... .......... .......... .......... 10% 11.3M 2m31s
 24700K .......... .......... .......... .......... .......... 10% 2.19M 2m31s
 24750K .......... .......... .......... .......... .......... 10% 1.36M 2m31s
 24800K .......... .......... .......... .......... .......... 10%  696K 2m32s
 24850K .......... .......... .......... .......... .......... 10% 8.15M 2m31s
 24900K .......... .......... .......... .......... .......... 10% 8.33M 2m31s
 24950K .......... .......... .......... .......... .......... 10% 9.51M 2m31s
 25000K .......... .......... .......... .......... .......... 10% 8.93M 2m30s
 25050K .......... .......... .......... .......... .......... 10% 11.2M 2m30s
 25100K .......... .......... .......... .......... .......... 10% 11.9M 2m30s
 25150K .......... .......... .......... .......... .......... 10% 10.7M 2m29s
 25200K .......... .......... .......... .......... .......... 10% 2.10M 2m29s
 25250K .......... .......... .......... .......... .......... 10%  692K 2m30s
 25300K .......... .......... .......... .......... .......... 10% 3.36M 2m29s
 25350K .......... .......... .......... .......... .......... 10% 1.94M 2m29s
 25400K .......... .......... .......... .......... .......... 10% 10.0M 2m29s
 25450K .......... .......... .......... .......... .......... 10% 7.89M 2m29s
 25500K .......... .......... .......... .......... .......... 10% 9.73M 2m28s
 25550K .......... .......... .......... .......... .......... 10% 9.95M 2m28s
 25600K .......... .......... .......... .......... .......... 10% 8.56M 2m28s
 25650K .......... .......... .......... .......... .......... 10% 10.9M 2m28s
 25700K .......... .......... .......... .......... .......... 10% 11.3M 2m27s
 25750K .......... .......... .......... .......... .......... 10%  946K 2m27s
 25800K .......... .......... .......... .......... .......... 10% 1.02M 2m28s
 25850K .......... .......... .......... .......... .......... 10% 1.77M 2m27s
 25900K .......... .......... .......... .......... .......... 10% 8.12M 2m27s
 25950K .......... .......... .......... .......... .......... 10% 8.88M 2m27s
 26000K .......... .......... .......... .......... .......... 10% 6.95M 2m27s
 26050K .......... .......... .......... .......... .......... 10% 10.1M 2m26s
 26100K .......... .......... .......... .......... .......... 10% 11.6M 2m26s
 26150K .......... .......... .......... .......... .......... 10% 10.8M 2m26s
 26200K .......... .......... .......... .......... .......... 10% 11.8M 2m26s
 26250K .......... .......... .......... .......... .......... 10% 2.17M 2m25s
 26300K .......... .......... .......... .......... .......... 10%  699K 2m26s
 26350K .......... .......... .......... .......... .......... 10% 1.48M 2m26s
 26400K .......... .......... .......... .......... .......... 10% 5.90M 2m25s
 26450K .......... .......... .......... .......... .......... 10% 8.42M 2m25s
 26500K .......... .......... .......... .......... .......... 10% 10.9M 2m25s
 26550K .......... .......... .......... .......... .......... 10% 8.54M 2m25s
 26600K .......... .......... .......... .......... .......... 10% 11.1M 2m24s
 26650K .......... .......... .......... .......... .......... 11% 11.4M 2m24s
 26700K .......... .......... .......... .......... .......... 11% 10.4M 2m24s
 26750K .......... .......... .......... .......... .......... 11% 11.7M 2m24s
 26800K .......... .......... .......... .......... .......... 11%  930K 2m24s
 26850K .......... .......... .......... .......... .......... 11%  977K 2m24s
 26900K .......... .......... .......... .......... .......... 11% 2.01M 2m24s
 26950K .......... .......... .......... .......... .......... 11% 7.53M 2m23s
 27000K .......... .......... .......... .......... .......... 11% 10.3M 2m23s
 27050K .......... .......... .......... .......... .......... 11% 9.71M 2m23s
 27100K .......... .......... .......... .......... .......... 11% 9.17M 2m23s
 27150K .......... .......... .......... .......... .......... 11% 11.8M 2m22s
 27200K .......... .......... .......... .......... .......... 11% 7.96M 2m22s
 27250K .......... .......... .......... .......... .......... 11% 11.0M 2m22s
 27300K .......... .......... .......... .......... .......... 11% 2.15M 2m22s
 27350K .......... .......... .......... .......... .......... 11%  706K 2m22s
 27400K .......... .......... .......... .......... .......... 11% 1.48M 2m22s
 27450K .......... .......... .......... .......... .......... 11% 9.37M 2m22s
 27500K .......... .......... .......... .......... .......... 11% 7.17M 2m22s
 27550K .......... .......... .......... .......... .......... 11% 10.4M 2m21s
 27600K .......... .......... .......... .......... .......... 11% 7.03M 2m21s
 27650K .......... .......... .......... .......... .......... 11% 10.6M 2m21s
 27700K .......... .......... .......... .......... .......... 11% 11.2M 2m21s
 27750K .......... .......... .......... .......... .......... 11% 11.0M 2m20s
 27800K .......... .......... .......... .......... .......... 11% 11.6M 2m20s
 27850K .......... .......... .......... .......... .......... 11%  960K 2m20s
 27900K .......... .......... .......... .......... .......... 11%  998K 2m20s
 27950K .......... .......... .......... .......... .......... 11% 1.95M 2m20s
 28000K .......... .......... .......... .......... .......... 11% 5.98M 2m20s
 28050K .......... .......... .......... .......... .......... 11% 11.1M 2m20s
 28100K .......... .......... .......... .......... .......... 11% 9.37M 2m19s
 28150K .......... .......... .......... .......... .......... 11% 9.00M 2m19s
 28200K .......... .......... .......... .......... .......... 11% 11.0M 2m19s
 28250K .......... .......... .......... .......... .......... 11% 11.0M 2m19s
 28300K .......... .......... .......... .......... .......... 11% 12.4M 2m18s
 28350K .......... .......... .......... .......... .......... 11% 2.36M 2m18s
 28400K .......... .......... .......... .......... .......... 11%  672K 2m19s
 28450K .......... .......... .......... .......... .......... 11% 1.49M 2m19s
 28500K .......... .......... .......... .......... .......... 11% 8.69M 2m18s
 28550K .......... .......... .......... .......... .......... 11% 7.79M 2m18s
 28600K .......... .......... .......... .......... .......... 11% 11.0M 2m18s
 28650K .......... .......... .......... .......... .......... 11% 9.11M 2m18s
 28700K .......... .......... .......... .......... .......... 11% 9.24M 2m17s
 28750K .......... .......... .......... .......... .......... 11% 10.9M 2m17s
 28800K .......... .......... .......... .......... .......... 11% 8.79M 2m17s
 28850K .......... .......... .......... .......... .......... 11% 11.7M 2m17s
 28900K .......... .......... .......... .......... .......... 11%  969K 2m17s
 28950K .......... .......... .......... .......... .......... 11% 1.03M 2m17s
 29000K .......... .......... .......... .......... .......... 11% 1.74M 2m17s
 29050K .......... .......... .......... .......... .......... 12% 9.25M 2m17s
 29100K .......... .......... .......... .......... .......... 12% 8.28M 2m16s
 29150K .......... .......... .......... .......... .......... 12% 10.3M 2m16s
 29200K .......... .......... .......... .......... .......... 12% 6.76M 2m16s
 29250K .......... .......... .......... .......... .......... 12% 10.9M 2m16s
 29300K .......... .......... .......... .......... .......... 12% 10.5M 2m16s
 29350K .......... .......... .......... .......... .......... 12% 11.7M 2m15s
 29400K .......... .......... .......... .......... .......... 12% 11.7M 2m15s
 29450K .......... .......... .......... .......... .......... 12%  965K 2m15s
 29500K .......... .......... .......... .......... .......... 12% 1011K 2m15s
 29550K .......... .......... .......... .......... .......... 12% 1.95M 2m15s
 29600K .......... .......... .......... .......... .......... 12% 5.67M 2m15s
 29650K .......... .......... .......... .......... .......... 12% 10.9M 2m15s
 29700K .......... .......... .......... .......... .......... 12% 9.42M 2m15s
 29750K .......... .......... .......... .......... .......... 12% 9.21M 2m14s
 29800K .......... .......... .......... .......... .......... 12% 10.2M 2m14s
 29850K .......... .......... .......... .......... .......... 12% 11.1M 2m14s
 29900K .......... .......... .......... .......... .......... 12% 11.7M 2m14s
 29950K .......... .......... .......... .......... .......... 12% 2.46M 2m14s
 30000K .......... .......... .......... .......... .......... 12%  674K 2m14s
 30050K .......... .......... .......... .......... .......... 12% 1.47M 2m14s
 30100K .......... .......... .......... .......... .......... 12% 6.02M 2m14s
 30150K .......... .......... .......... .......... .......... 12% 10.3M 2m13s
 30200K .......... .......... .......... .......... .......... 12% 7.73M 2m13s
 30250K .......... .......... .......... .......... .......... 12% 10.0M 2m13s
 30300K .......... .......... .......... .......... .......... 12% 8.18M 2m13s
 30350K .......... .......... .......... .......... .......... 12% 7.50M 2m13s
 30400K .......... .......... .......... .......... .......... 12% 8.88M 2m12s
 30450K .......... .......... .......... .......... .......... 12% 11.2M 2m12s
 30500K .......... .......... .......... .......... .......... 12% 2.86M 2m12s
 30550K .......... .......... .......... .......... .......... 12%  711K 2m12s
 30600K .......... .......... .......... .......... .......... 12% 1.46M 2m12s
 30650K .......... .......... .......... .......... .......... 12% 6.12M 2m12s
 30700K .......... .......... .......... .......... .......... 12% 11.0M 2m12s
 30750K .......... .......... .......... .......... .......... 12% 6.68M 2m12s
 30800K .......... .......... .......... .......... .......... 12% 7.96M 2m11s
 30850K .......... .......... .......... .......... .......... 12% 9.00M 2m11s
 30900K .......... .......... .......... .......... .......... 12% 7.22M 2m11s
 30950K .......... .......... .......... .......... .......... 12% 11.7M 2m11s
 31000K .......... .......... .......... .......... .......... 12% 11.7M 2m11s
 31050K .......... .......... .......... .......... .......... 12% 2.75M 2m10s
 31100K .......... .......... .......... .......... .......... 12%  677K 2m11s
 31150K .......... .......... .......... .......... .......... 12% 1.70M 2m11s
 31200K .......... .......... .......... .......... .......... 12% 5.17M 2m10s
 31250K .......... .......... .......... .......... .......... 12% 11.0M 2m10s
 31300K .......... .......... .......... .......... .......... 12% 6.79M 2m10s
 31350K .......... .......... .......... .......... .......... 12% 10.0M 2m10s
 31400K .......... .......... .......... .......... .......... 12% 8.65M 2m10s
 31450K .......... .......... .......... .......... .......... 13% 7.64M 2m9s
 31500K .......... .......... .......... .......... .......... 13% 11.5M 2m9s
 31550K .......... .......... .......... .......... .......... 13% 11.9M 2m9s
 31600K .......... .......... .......... .......... .......... 13% 1.03M 2m9s
 31650K .......... .......... .......... .......... .......... 13% 1006K 2m9s
 31700K .......... .......... .......... .......... .......... 13% 1.81M 2m9s
 31750K .......... .......... .......... .......... .......... 13% 8.44M 2m9s
 31800K .......... .......... .......... .......... .......... 13% 10.3M 2m9s
 31850K .......... .......... .......... .......... .......... 13% 7.03M 2m9s
 31900K .......... .......... .......... .......... .......... 13% 9.66M 2m8s
 31950K .......... .......... .......... .......... .......... 13% 9.79M 2m8s
 32000K .......... .......... .......... .......... .......... 13% 6.10M 2m8s
 32050K .......... .......... .......... .......... .......... 13% 11.2M 2m8s
 32100K .......... .......... .......... .......... .......... 13% 7.76M 2m8s
 32150K .......... .......... .......... .......... .......... 13% 1.12M 2m8s
 32200K .......... .......... .......... .......... .......... 13% 1007K 2m8s
 32250K .......... .......... .......... .......... .......... 13% 1.78M 2m8s
 32300K .......... .......... .......... .......... .......... 13% 8.86M 2m8s
 32350K .......... .......... .......... .......... .......... 13% 10.8M 2m7s
 32400K .......... .......... .......... .......... .......... 13%  279K 2m8s
 32450K .......... .......... .......... .......... .......... 13% 19.2M 2m8s
 32500K .......... .......... .......... .......... .......... 13%  519M 2m8s
 32550K .......... .......... .......... .......... .......... 13%  609M 2m8s
 32600K .......... .......... .......... .......... .......... 13%  507M 2m7s
 32650K .......... .......... .......... .......... .......... 13%  567M 2m7s
 32700K .......... .......... .......... .......... .......... 13%  809K 2m7s
 32750K .......... .......... .......... .......... .......... 13%  339M 2m7s
 32800K .......... .......... .......... .......... .......... 13%  278M 2m7s
 32850K .......... .......... .......... .......... .......... 13%  368M 2m7s
 32900K .......... .......... .......... .......... .......... 13%  366M 2m6s
 32950K .......... .......... .......... .......... .......... 13%  373M 2m6s
 33000K .......... .......... .......... .......... .......... 13%  365M 2m6s
 33050K .......... .......... .......... .......... .......... 13%  369M 2m6s
 33100K .......... .......... .......... .......... .......... 13%  352M 2m6s
 33150K .......... .......... .......... .......... .......... 13% 1.06M 2m6s
 33200K .......... .......... .......... .......... .......... 13% 1.38M 2m6s
 33250K .......... .......... .......... .......... .......... 13% 5.68M 2m5s
 33300K .......... .......... .......... .......... .......... 13% 5.91M 2m5s
 33350K .......... .......... .......... .......... .......... 13% 6.70M 2m5s
 33400K .......... .......... .......... .......... .......... 13% 6.36M 2m5s
 33450K .......... .......... .......... .......... .......... 13% 6.75M 2m5s
 33500K .......... .......... .......... .......... .......... 13% 1.06M 2m5s
 33550K .......... .......... .......... .......... .......... 13%  701K 2m5s
 33600K .......... .......... .......... .......... .......... 13% 3.99M 2m5s
 33650K .......... .......... .......... .......... .......... 13% 5.74M 2m5s
 33700K .......... .......... .......... .......... .......... 13% 5.72M 2m5s
 33750K .......... .......... .......... .......... .......... 13% 7.05M 2m4s
 33800K .......... .......... .......... .......... .......... 13% 7.04M 2m4s
 33850K .......... .......... .......... .......... .......... 13% 7.13M 2m4s
 33900K .......... .......... .......... .......... .......... 14%  599K 2m4s
 33950K .......... .......... .......... .......... .......... 14% 1.33M 2m4s
 34000K .......... .......... .......... .......... .......... 14% 4.78M 2m4s
 34050K .......... .......... .......... .......... .......... 14% 6.92M 2m4s
 34100K .......... .......... .......... .......... .......... 14% 5.53M 2m4s
 34150K .......... .......... .......... .......... .......... 14% 7.62M 2m4s
 34200K .......... .......... .......... .......... .......... 14% 7.29M 2m4s
 34250K .......... .......... .......... .......... .......... 14% 6.85M 2m3s
 34300K .......... .......... .......... .......... .......... 14% 1.06M 2m4s
 34350K .......... .......... .......... .......... .......... 14%  706K 2m4s
 34400K .......... .......... .......... .......... .......... 14% 4.18M 2m4s
 34450K .......... .......... .......... .......... .......... 14% 6.20M 2m3s
 34500K .......... .......... .......... .......... .......... 14% 6.05M 2m3s
 34550K .......... .......... .......... .......... .......... 14%  283K 2m4s
 34600K .......... .......... .......... .......... .......... 14%  437M 2m4s
 34650K .......... .......... .......... .......... .......... 14%  626M 2m4s
 34700K .......... .......... .......... .......... .......... 14%  611M 2m4s
 34750K .......... .......... .......... .......... .......... 14%  577M 2m3s
 34800K .......... .......... .......... .......... .......... 14%  460M 2m3s
 34850K .......... .......... .......... .......... .......... 14%  616M 2m3s
 34900K .......... .......... .......... .......... .......... 14%  612M 2m3s
 34950K .......... .......... .......... .......... .......... 14%  619M 2m2s
 35000K .......... .......... .......... .......... .......... 14% 13.9M 2m2s
 35050K .......... .......... .......... .......... .......... 14% 5.63M 2m2s
 35100K .......... .......... .......... .......... .......... 14%  563K 2m2s
 35150K .......... .......... .......... .......... .......... 14% 1.34M 2m2s
 35200K .......... .......... .......... .......... .......... 14% 3.74M 2m2s
 35250K .......... .......... .......... .......... .......... 14% 3.22M 2m2s
 35300K .......... .......... .......... .......... .......... 14% 9.24M 2m2s
 35350K .......... .......... .......... .......... .......... 14% 5.42M 2m2s
 35400K .......... .......... .......... .......... .......... 14%  560K 2m2s
 35450K .......... .......... .......... .......... .......... 14% 1.37M 2m2s
 35500K .......... .......... .......... .......... .......... 14% 5.18M 2m2s
 35550K .......... .......... .......... .......... .......... 14% 3.07M 2m2s
 35600K .......... .......... .......... .......... .......... 14% 7.23M 2m2s
 35650K .......... .......... .......... .......... .......... 14% 5.43M 2m2s
 35700K .......... .......... .......... .......... .......... 14%  570K 2m2s
 35750K .......... .......... .......... .......... .......... 14% 1.35M 2m2s
 35800K .......... .......... .......... .......... .......... 14% 5.02M 2m2s
 35850K .......... .......... .......... .......... .......... 14% 3.02M 2m2s
 35900K .......... .......... .......... .......... .......... 14% 8.91M 2m2s
 35950K .......... .......... .......... .......... .......... 14% 6.82M 2m1s
 36000K .......... .......... .......... .......... .......... 14%  550K 2m2s
 36050K .......... .......... .......... .......... .......... 14% 1.37M 2m2s
 36100K .......... .......... .......... .......... .......... 14% 5.64M 2m2s
 36150K .......... .......... .......... .......... .......... 14% 4.07M 2m1s
 36200K .......... .......... .......... .......... .......... 14% 4.41M 2m1s
 36250K .......... .......... .......... .......... .......... 14% 6.94M 2m1s
 36300K .......... .......... .......... .......... .......... 15% 2.35M 2m1s
 36350K .......... .......... .......... .......... .......... 15%  633K 2m1s
 36400K .......... .......... .......... .......... .......... 15% 1.43M 2m1s
 36450K .......... .......... .......... .......... .......... 15% 5.25M 2m1s
 36500K .......... .......... .......... .......... .......... 15% 2.94M 2m1s
 36550K .......... .......... .......... .......... .......... 15% 12.0M 2m1s
 36600K .......... .......... .......... .......... .......... 15% 6.85M 2m1s
 36650K .......... .......... .......... .......... .......... 15%  571K 2m1s
 36700K .......... .......... .......... .......... .......... 15% 1.40M 2m1s
 36750K .......... .......... .......... .......... .......... 15% 5.46M 2m1s
 36800K .......... .......... .......... .......... .......... 15% 2.47M 2m1s
 36850K .......... .......... .......... .......... .......... 15% 7.66M 2m1s
 36900K .......... .......... .......... .......... .......... 15% 9.28M 2m1s
 36950K .......... .......... .......... .......... .......... 15% 1018K 2m1s
 37000K .......... .......... .......... .......... .......... 15%  700K 2m1s
 37050K .......... .......... .......... .......... .......... 15% 4.67M 2m1s
 37100K .......... .......... .......... .......... .......... 15% 5.67M 2m1s
 37150K .......... .......... .......... .......... .......... 15% 3.05M 2m0s
 37200K .......... .......... .......... .......... .......... 15% 6.16M 2m0s
 37250K .......... .......... .......... .......... .......... 15% 7.49M 2m0s
 37300K .......... .......... .......... .......... .......... 15%  568K 2m0s
 37350K .......... .......... .......... .......... .......... 15% 1.43M 2m0s
 37400K .......... .......... .......... .......... .......... 15% 5.28M 2m0s
 37450K .......... .......... .......... .......... .......... 15% 5.75M 2m0s
 37500K .......... .......... .......... .......... .......... 15% 3.02M 2m0s
 37550K .......... .......... .......... .......... .......... 15% 11.4M 2m0s
 37600K .......... .......... .......... .......... .......... 15% 2.19M 2m0s
 37650K .......... .......... .......... .......... .......... 15%  640K 2m0s
 37700K .......... .......... .......... .......... .......... 15% 1.52M 2m0s
 37750K .......... .......... .......... .......... .......... 15% 6.76M 2m0s
 37800K .......... .......... .......... .......... .......... 15% 2.89M 2m0s
 37850K .......... .......... .......... .......... .......... 15% 7.15M 2m0s
 37900K .......... .......... .......... .......... .......... 15% 11.8M 1m59s
 37950K .......... .......... .......... .......... .......... 15% 2.31M 1m59s
 38000K .......... .......... .......... .......... .......... 15%  488K 2m0s
 38050K .......... .......... .......... .......... .......... 15% 5.52M 2m0s
 38100K .......... .......... .......... .......... .......... 15% 5.15M 1m59s
 38150K .......... .......... .......... .......... .......... 15% 3.28M 1m59s
 38200K .......... .......... .......... .......... .......... 15% 7.19M 1m59s
 38250K .......... .......... .......... .......... .......... 15% 11.1M 1m59s
 38300K .......... .......... .......... .......... .......... 15% 1015K 1m59s
 38350K .......... .......... .......... .......... .......... 15%  705K 1m59s
 38400K .......... .......... .......... .......... .......... 15% 3.80M 1m59s
 38450K .......... .......... .......... .......... .......... 15% 5.53M 1m59s
 38500K .......... .......... .......... .......... .......... 15% 2.96M 1m59s
 38550K .......... .......... .......... .......... .......... 15% 10.8M 1m59s
 38600K .......... .......... .......... .......... .......... 15% 10.8M 1m59s
 38650K .......... .......... .......... .......... .......... 15%  591K 1m59s
 38700K .......... .......... .......... .......... .......... 15% 1.34M 1m59s
 38750K .......... .......... .......... .......... .......... 16% 4.76M 1m59s
 38800K .......... .......... .......... .......... .......... 16% 4.76M 1m59s
 38850K .......... .......... .......... .......... .......... 16% 2.92M 1m59s
 38900K .......... .......... .......... .......... .......... 16% 10.9M 1m58s
 38950K .......... .......... .......... .......... .......... 16% 11.0M 1m58s
 39000K .......... .......... .......... .......... .......... 16%  592K 1m59s
 39050K .......... .......... .......... .......... .......... 16% 1.34M 1m59s
 39100K .......... .......... .......... .......... .......... 16% 4.95M 1m58s
 39150K .......... .......... .......... .......... .......... 16% 5.92M 1m58s
 39200K .......... .......... .......... .......... .......... 16% 2.56M 1m58s
 39250K .......... .......... .......... .......... .......... 16% 11.6M 1m58s
 39300K .......... .......... .......... .......... .......... 16% 8.42M 1m58s
 39350K .......... .......... .......... .......... .......... 16%  575K 1m58s
 39400K .......... .......... .......... .......... .......... 16% 1.46M 1m58s
 39450K .......... .......... .......... .......... .......... 16% 5.45M 1m58s
 39500K .......... .......... .......... .......... .......... 16% 5.88M 1m58s
 39550K .......... .......... .......... .......... .......... 16% 2.91M 1m58s
 39600K .......... .......... .......... .......... .......... 16% 7.62M 1m58s
 39650K .......... .......... .......... .......... .......... 16% 8.69M 1m57s
 39700K .......... .......... .......... .......... .......... 16%  575K 1m58s
 39750K .......... .......... .......... .......... .......... 16% 1.47M 1m58s
 39800K .......... .......... .......... .......... .......... 16% 5.48M 1m58s
 39850K .......... .......... .......... .......... .......... 16% 5.67M 1m57s
 39900K .......... .......... .......... .......... .......... 16% 2.97M 1m57s
 39950K .......... .......... .......... .......... .......... 16% 9.78M 1m57s
 40000K .......... .......... .......... .......... .......... 16% 7.00M 1m57s
 40050K .......... .......... .......... .......... .......... 16%  597K 1m57s
 40100K .......... .......... .......... .......... .......... 16% 1.33M 1m57s
 40150K .......... .......... .......... .......... .......... 16% 5.46M 1m57s
 40200K .......... .......... .......... .......... .......... 16% 5.66M 1m57s
 40250K .......... .......... .......... .......... .......... 16% 3.10M 1m57s
 40300K .......... .......... .......... .......... .......... 16% 8.77M 1m57s
 40350K .......... .......... .......... .......... .......... 16% 10.9M 1m57s
 40400K .......... .......... .......... .......... .......... 16%  556K 1m57s
 40450K .......... .......... .......... .......... .......... 16% 1.49M 1m57s
 40500K .......... .......... .......... .......... .......... 16% 5.34M 1m57s
 40550K .......... .......... .......... .......... .......... 16% 5.69M 1m57s
 40600K .......... .......... .......... .......... .......... 16% 3.35M 1m57s
 40650K .......... .......... .......... .......... .......... 16% 7.27M 1m56s
 40700K .......... .......... .......... .......... .......... 16% 10.6M 1m56s
 40750K .......... .......... .......... .......... .......... 16% 1.00M 1m56s
 40800K .......... .......... .......... .......... .......... 16%  680K 1m57s
 40850K .......... .......... .......... .......... .......... 16% 5.21M 1m56s
 40900K .......... .......... .......... .......... .......... 16% 5.68M 1m56s
 40950K .......... .......... .......... .......... .......... 16% 3.35M 1m56s
 41000K .......... .......... .......... .......... .......... 16% 7.24M 1m56s
 41050K .......... .......... .......... .......... .......... 16% 10.7M 1m56s
 41100K .......... .......... .......... .......... .......... 16% 1.00M 1m56s
 41150K .......... .......... .......... .......... .......... 17%  706K 1m56s
 41200K .......... .......... .......... .......... .......... 17% 4.05M 1m56s
 41250K .......... .......... .......... .......... .......... 17% 5.88M 1m56s
 41300K .......... .......... .......... .......... .......... 17% 3.37M 1m56s
 41350K .......... .......... .......... .......... .......... 17% 6.92M 1m56s
 41400K .......... .......... .......... .......... .......... 17% 10.7M 1m56s
 41450K .......... .......... .......... .......... .......... 17% 1021K 1m56s
 41500K .......... .......... .......... .......... .......... 17%  707K 1m56s
 41550K .......... .......... .......... .......... .......... 17% 5.35M 1m56s
 41600K .......... .......... .......... .......... .......... 17% 4.92M 1m56s
 41650K .......... .......... .......... .......... .......... 17% 3.20M 1m55s
 41700K .......... .......... .......... .......... .......... 17% 7.00M 1m55s
 41750K .......... .......... .......... .......... .......... 17% 9.80M 1m55s
 41800K .......... .......... .......... .......... .......... 17% 1.00M 1m55s
 41850K .......... .......... .......... .......... .......... 17%  708K 1m55s
 41900K .......... .......... .......... .......... .......... 17% 5.40M 1m55s
 41950K .......... .......... .......... .......... .......... 17% 7.06M 1m55s
 42000K .......... .......... .......... .......... .......... 17% 2.63M 1m55s
 42050K .......... .......... .......... .......... .......... 17% 6.84M 1m55s
 42100K .......... .......... .......... .......... .......... 17% 10.7M 1m55s
 42150K .......... .......... .......... .......... .......... 17% 2.44M 1m55s
 42200K .......... .......... .......... .......... .......... 17%  658K 1m55s
 42250K .......... .......... .......... .......... .......... 17% 1.66M 1m55s
 42300K .......... .......... .......... .......... .......... 17% 5.32M 1m55s
 42350K .......... .......... .......... .......... .......... 17% 5.44M 1m55s
 42400K .......... .......... .......... .......... .......... 17% 2.79M 1m55s
 42450K .......... .......... .......... .......... .......... 17% 10.7M 1m54s
 42500K .......... .......... .......... .......... .......... 17% 2.55M 1m54s
 42550K .......... .......... .......... .......... .......... 17%  670K 1m55s
 42600K .......... .......... .......... .......... .......... 17% 1.56M 1m55s
 42650K .......... .......... .......... .......... .......... 17% 5.10M 1m54s
 42700K .......... .......... .......... .......... .......... 17% 5.74M 1m54s
 42750K .......... .......... .......... .......... .......... 17% 3.43M 1m54s
 42800K .......... .......... .......... .......... .......... 17% 5.97M 1m54s
 42850K .......... .......... .......... .......... .......... 17% 9.66M 1m54s
 42900K .......... .......... .......... .......... .......... 17%  591K 1m54s
 42950K .......... .......... .......... .......... .......... 17% 1.41M 1m54s
 43000K .......... .......... .......... .......... .......... 17% 4.61M 1m54s
 43050K .......... .......... .......... .......... .......... 17% 6.74M 1m54s
 43100K .......... .......... .......... .......... .......... 17% 3.27M 1m54s
 43150K .......... .......... .......... .......... .......... 17% 6.60M 1m54s
 43200K .......... .......... .......... .......... .......... 17% 7.69M 1m54s
 43250K .......... .......... .......... .......... .......... 17% 1.01M 1m54s
 43300K .......... .......... .......... .......... .......... 17%  705K 1m54s
 43350K .......... .......... .......... .......... .......... 17% 5.24M 1m54s
 43400K .......... .......... .......... .......... .......... 17% 6.22M 1m54s
 43450K .......... .......... .......... .......... .......... 17% 3.23M 1m54s
 43500K .......... .......... .......... .......... .......... 17% 6.54M 1m53s
 43550K .......... .......... .......... .......... .......... 17% 10.7M 1m53s
 43600K .......... .......... .......... .......... .......... 18%  991K 1m53s
 43650K .......... .......... .......... .......... .......... 18%  708K 1m53s
 43700K .......... .......... .......... .......... .......... 18% 5.44M 1m53s
 43750K .......... .......... .......... .......... .......... 18% 5.71M 1m53s
 43800K .......... .......... .......... .......... .......... 18% 3.22M 1m53s
 43850K .......... .......... .......... .......... .......... 18% 6.74M 1m53s
 43900K .......... .......... .......... .......... .......... 18% 10.1M 1m53s
 43950K .......... .......... .......... .......... .......... 18% 2.49M 1m53s
 44000K .......... .......... .......... .......... .......... 18%  493K 1m53s
 44050K .......... .......... .......... .......... .......... 18% 5.51M 1m53s
 44100K .......... .......... .......... .......... .......... 18% 5.86M 1m53s
 44150K .......... .......... .......... .......... .......... 18% 3.11M 1m53s
 44200K .......... .......... .......... .......... .......... 18% 7.18M 1m53s
 44250K .......... .......... .......... .......... .......... 18% 9.63M 1m53s
 44300K .......... .......... .......... .......... .......... 18% 9.71M 1m52s
 44350K .......... .......... .......... .......... .......... 18%  550K 1m53s
 44400K .......... .......... .......... .......... .......... 18% 1.46M 1m53s
 44450K .......... .......... .......... .......... .......... 18% 6.87M 1m53s
 44500K .......... .......... .......... .......... .......... 18% 2.78M 1m52s
 44550K .......... .......... .......... .......... .......... 18% 7.83M 1m52s
 44600K .......... .......... .......... .......... .......... 18% 8.76M 1m52s
 44650K .......... .......... .......... .......... .......... 18% 7.94M 1m52s
 44700K .......... .......... .......... .......... .......... 18%  598K 1m52s
 44750K .......... .......... .......... .......... .......... 18% 1.41M 1m52s
 44800K .......... .......... .......... .......... .......... 18% 4.06M 1m52s
 44850K .......... .......... .......... .......... .......... 18% 5.66M 1m52s
 44900K .......... .......... .......... .......... .......... 18% 3.49M 1m52s
 44950K .......... .......... .......... .......... .......... 18% 7.24M 1m52s
 45000K .......... .......... .......... .......... .......... 18% 8.26M 1m52s
 45050K .......... .......... .......... .......... .......... 18% 1.03M 1m52s
 45100K .......... .......... .......... .......... .......... 18%  708K 1m52s
 45150K .......... .......... .......... .......... .......... 18% 4.92M 1m52s
 45200K .......... .......... .......... .......... .......... 18% 4.78M 1m52s
 45250K .......... .......... .......... .......... .......... 18% 3.38M 1m52s
 45300K .......... .......... .......... .......... .......... 18% 6.87M 1m52s
 45350K .......... .......... .......... .......... .......... 18% 10.1M 1m51s
 45400K .......... .......... .......... .......... .......... 18% 1.01M 1m51s
 45450K .......... .......... .......... .......... .......... 18%  704K 1m52s
 45500K .......... .......... .......... .......... .......... 18% 5.81M 1m51s
 45550K .......... .......... .......... .......... .......... 18% 5.67M 1m51s
 45600K .......... .......... .......... .......... .......... 18% 2.86M 1m51s
 45650K .......... .......... .......... .......... .......... 18% 6.38M 1m51s
 45700K .......... .......... .......... .......... .......... 18% 10.6M 1m51s
 45750K .......... .......... .......... .......... .......... 18% 1.01M 1m51s
 45800K .......... .......... .......... .......... .......... 18%  707K 1m51s
 45850K .......... .......... .......... .......... .......... 18% 5.83M 1m51s
 45900K .......... .......... .......... .......... .......... 18% 6.31M 1m51s
 45950K .......... .......... .......... .......... .......... 18% 2.90M 1m51s
 46000K .......... .......... .......... .......... .......... 19% 5.49M 1m51s
 46050K .......... .......... .......... .......... .......... 19% 10.2M 1m51s
 46100K .......... .......... .......... .......... .......... 19% 1.01M 1m51s
 46150K .......... .......... .......... .......... .......... 19%  708K 1m51s
 46200K .......... .......... .......... .......... .......... 19% 5.74M 1m51s
 46250K .......... .......... .......... .......... .......... 19% 6.63M 1m51s
 46300K .......... .......... .......... .......... .......... 19% 2.81M 1m51s
 46350K .......... .......... .......... .......... .......... 19% 8.04M 1m50s
 46400K .......... .......... .......... .......... .......... 19% 6.62M 1m50s
 46450K .......... .......... .......... .......... .......... 19% 2.60M 1m50s
 46500K .......... .......... .......... .......... .......... 19%  632K 1m50s
 46550K .......... .......... .......... .......... .......... 19% 1.70M 1m50s
 46600K .......... .......... .......... .......... .......... 19% 5.98M 1m50s
 46650K .......... .......... .......... .......... .......... 19% 5.48M 1m50s
 46700K .......... .......... .......... .......... .......... 19% 3.58M 1m50s
 46750K .......... .......... .......... .......... .......... 19% 6.06M 1m50s
 46800K .......... .......... .......... .......... .......... 19% 7.31M 1m50s
 46850K .......... .......... .......... .......... .......... 19%  557K 1m50s
 46900K .......... .......... .......... .......... .......... 19% 1.70M 1m50s
 46950K .......... .......... .......... .......... .......... 19% 5.14M 1m50s
 47000K .......... .......... .......... .......... .......... 19% 5.11M 1m50s
 47050K .......... .......... .......... .......... .......... 19% 3.63M 1m50s
 47100K .......... .......... .......... .......... .......... 19% 6.54M 1m50s
 47150K .......... .......... .......... .......... .......... 19% 8.17M 1m50s
 47200K .......... .......... .......... .......... .......... 19%  565K 1m50s
 47250K .......... .......... .......... .......... .......... 19% 1.58M 1m50s
 47300K .......... .......... .......... .......... .......... 19% 4.91M 1m50s
 47350K .......... .......... .......... .......... .......... 19% 5.14M 1m50s
 47400K .......... .......... .......... .......... .......... 19% 3.60M 1m50s
 47450K .......... .......... .......... .......... .......... 19% 6.96M 1m49s
 47500K .......... .......... .......... .......... .......... 19% 7.70M 1m49s
 47550K .......... .......... .......... .......... .......... 19% 1003K 1m49s
 47600K .......... .......... .......... .......... .......... 19%  721K 1m49s
 47650K .......... .......... .......... .......... .......... 19% 5.18M 1m49s
 47700K .......... .......... .......... .......... .......... 19% 5.54M 1m49s
 47750K .......... .......... .......... .......... .......... 19% 3.23M 1m49s
 47800K .......... .......... .......... .......... .......... 19% 7.73M 1m49s
 47850K .......... .......... .......... .......... .......... 19% 7.05M 1m49s
 47900K .......... .......... .......... .......... .......... 19%  999K 1m49s
 47950K .......... .......... .......... .......... .......... 19%  752K 1m49s
 48000K .......... .......... .......... .......... .......... 19% 4.60M 1m49s
 48050K .......... .......... .......... .......... .......... 19% 6.11M 1m49s
 48100K .......... .......... .......... .......... .......... 19% 2.78M 1m49s
 48150K .......... .......... .......... .......... .......... 19% 8.13M 1m49s
 48200K .......... .......... .......... .......... .......... 19% 7.70M 1m49s
 48250K .......... .......... .......... .......... .......... 19% 2.87M 1m49s
 48300K .......... .......... .......... .......... .......... 19%  633K 1m49s
 48350K .......... .......... .......... .......... .......... 19% 1.77M 1m49s
 48400K .......... .......... .......... .......... .......... 19% 4.20M 1m49s
 48450K .......... .......... .......... .......... .......... 20% 2.67M 1m49s
 48500K .......... .......... .......... .......... .......... 20% 9.38M 1m48s
 48550K .......... .......... .......... .......... .......... 20% 6.65M 1m48s
 48600K .......... .......... .......... .......... .......... 20% 9.67M 1m48s
 48650K .......... .......... .......... .......... .......... 20%  578K 1m48s
 48700K .......... .......... .......... .......... .......... 20% 1.58M 1m48s
 48750K .......... .......... .......... .......... .......... 20% 5.00M 1m48s
 48800K .......... .......... .......... .......... .......... 20% 3.56M 1m48s
 48850K .......... .......... .......... .......... .......... 20% 4.16M 1m48s
 48900K .......... .......... .......... .......... .......... 20% 6.87M 1m48s
 48950K .......... .......... .......... .......... .......... 20% 8.30M 1m48s
 49000K .......... .......... .......... .......... .......... 20%  986K 1m48s
 49050K .......... .......... .......... .......... .......... 20%  752K 1m48s
 49100K .......... .......... .......... .......... .......... 20% 5.56M 1m48s
 49150K .......... .......... .......... .......... .......... 20% 5.69M 1m48s
 49200K .......... .......... .......... .......... .......... 20% 2.72M 1m48s
 49250K .......... .......... .......... .......... .......... 20% 7.62M 1m48s
 49300K .......... .......... .......... .......... .......... 20% 7.46M 1m48s
 49350K .......... .......... .......... .......... .......... 20% 1008K 1m48s
 49400K .......... .......... .......... .......... .......... 20%  749K 1m48s
 49450K .......... .......... .......... .......... .......... 20% 5.69M 1m48s
 49500K .......... .......... .......... .......... .......... 20% 6.57M 1m48s
 49550K .......... .......... .......... .......... .......... 20% 2.61M 1m47s
 49600K .......... .......... .......... .......... .......... 20% 7.36M 1m47s
 49650K .......... .......... .......... .......... .......... 20% 6.70M 1m47s
 49700K .......... .......... .......... .......... .......... 20% 1000K 1m47s
 49750K .......... .......... .......... .......... .......... 20%  761K 1m47s
 49800K .......... .......... .......... .......... .......... 20% 6.37M 1m47s
 49850K .......... .......... .......... .......... .......... 20% 5.77M 1m47s
 49900K .......... .......... .......... .......... .......... 20% 4.97M 1m47s
 49950K .......... .......... .......... .......... .......... 20% 3.51M 1m47s
 50000K .......... .......... .......... .......... .......... 20% 5.70M 1m47s
 50050K .......... .......... .......... .......... .......... 20% 8.11M 1m47s
 50100K .......... .......... .......... .......... .......... 20%  581K 1m47s
 50150K .......... .......... .......... .......... .......... 20% 1.59M 1m47s
 50200K .......... .......... .......... .......... .......... 20% 5.17M 1m47s
 50250K .......... .......... .......... .......... .......... 20% 5.15M 1m47s
 50300K .......... .......... .......... .......... .......... 20% 3.24M 1m47s
 50350K .......... .......... .......... .......... .......... 20% 8.61M 1m47s
 50400K .......... .......... .......... .......... .......... 20% 5.67M 1m47s
 50450K .......... .......... .......... .......... .......... 20%  995K 1m47s
 50500K .......... .......... .......... .......... .......... 20%  756K 1m47s
 50550K .......... .......... .......... .......... .......... 20% 6.03M 1m47s
 50600K .......... .......... .......... .......... .......... 20% 6.28M 1m46s
 50650K .......... .......... .......... .......... .......... 20% 2.71M 1m46s
 50700K .......... .......... .......... .......... .......... 20% 9.27M 1m46s
 50750K .......... .......... .......... .......... .......... 20% 7.97M 1m46s
 50800K .......... .......... .......... .......... .......... 20%  938K 1m46s
 50850K .......... .......... .......... .......... .......... 21%  762K 1m46s
 50900K .......... .......... .......... .......... .......... 21% 6.85M 1m46s
 50950K .......... .......... .......... .......... .......... 21% 6.02M 1m46s
 51000K .......... .......... .......... .......... .......... 21% 4.28M 1m46s
 51050K .......... .......... .......... .......... .......... 21% 3.79M 1m46s
 51100K .......... .......... .......... .......... .......... 21% 8.12M 1m46s
 51150K .......... .......... .......... .......... .......... 21% 7.20M 1m46s
 51200K .......... .......... .......... .......... .......... 21%  574K 1m46s
 51250K .......... .......... .......... .......... .......... 21% 1.59M 1m46s
 51300K .......... .......... .......... .......... .......... 21% 5.75M 1m46s
 51350K .......... .......... .......... .......... .......... 21% 5.08M 1m46s
 51400K .......... .......... .......... .......... .......... 21% 3.11M 1m46s
 51450K .......... .......... .......... .......... .......... 21% 10.2M 1m46s
 51500K .......... .......... .......... .......... .......... 21% 6.59M 1m45s
 51550K .......... .......... .......... .......... .......... 21%  993K 1m46s
 51600K .......... .......... .......... .......... .......... 21%  737K 1m46s
 51650K .......... .......... .......... .......... .......... 21% 6.77M 1m46s
 51700K .......... .......... .......... .......... .......... 21% 6.67M 1m45s
 51750K .......... .......... .......... .......... .......... 21% 2.58M 1m45s
 51800K .......... .......... .......... .......... .......... 21% 9.97M 1m45s
 51850K .......... .......... .......... .......... .......... 21% 8.05M 1m45s
 51900K .......... .......... .......... .......... .......... 21% 7.56M 1m45s
 51950K .......... .......... .......... .......... .......... 21% 1001K 1m45s
 52000K .......... .......... .......... .......... .......... 21%  735K 1m45s
 52050K .......... .......... .......... .......... .......... 21% 5.73M 1m45s
 52100K .......... .......... .......... .......... .......... 21% 5.06M 1m45s
 52150K .......... .......... .......... .......... .......... 21% 3.18M 1m45s
 52200K .......... .......... .......... .......... .......... 21% 9.88M 1m45s
 52250K .......... .......... .......... .......... .......... 21% 7.09M 1m45s
 52300K .......... .......... .......... .......... .......... 21%  994K 1m45s
 52350K .......... .......... .......... .......... .......... 21% 1.08M 1m45s
 52400K .......... .......... .......... .......... .......... 21% 1.66M 1m45s
 52450K .......... .......... .......... .......... .......... 21% 6.25M 1m45s
 52500K .......... .......... .......... .......... .......... 21% 2.63M 1m45s
 52550K .......... .......... .......... .......... .......... 21% 9.36M 1m45s
 52600K .......... .......... .......... .......... .......... 21% 8.77M 1m44s
 52650K .......... .......... .......... .......... .......... 21% 7.18M 1m44s
 52700K .......... .......... .......... .......... .......... 21% 1002K 1m44s
 52750K .......... .......... .......... .......... .......... 21%  750K 1m45s
 52800K .......... .......... .......... .......... .......... 21% 5.96M 1m44s
 52850K .......... .......... .......... .......... .......... 21% 5.41M 1m44s
 52900K .......... .......... .......... .......... .......... 21% 2.89M 1m44s
 52950K .......... .......... .......... .......... .......... 21% 10.3M 1m44s
 53000K .......... .......... .......... .......... .......... 21% 8.11M 1m44s
 53050K .......... .......... .......... .......... .......... 21% 7.87M 1m44s
 53100K .......... .......... .......... .......... .......... 21%  985K 1m44s
 53150K .......... .......... .......... .......... .......... 21%  760K 1m44s
 53200K .......... .......... .......... .......... .......... 21% 4.97M 1m44s
 53250K .......... .......... .......... .......... .......... 21% 5.29M 1m44s
 53300K .......... .......... .......... .......... .......... 22% 3.17M 1m44s
 53350K .......... .......... .......... .......... .......... 22% 9.27M 1m44s
 53400K .......... .......... .......... .......... .......... 22% 8.53M 1m44s
 53450K .......... .......... .......... .......... .......... 22%  979K 1m44s
 53500K .......... .......... .......... .......... .......... 22% 1.12M 1m44s
 53550K .......... .......... .......... .......... .......... 22% 1.78M 1m44s
 53600K .......... .......... .......... .......... .......... 22% 4.92M 1m44s
 53650K .......... .......... .......... .......... .......... 22% 4.12M 1m44s
 53700K .......... .......... .......... .......... .......... 22% 3.87M 1m43s
 53750K .......... .......... .......... .......... .......... 22% 9.40M 1m43s
 53800K .......... .......... .......... .......... .......... 22% 7.48M 1m43s
 53850K .......... .......... .......... .......... .......... 22%  991K 1m43s
 53900K .......... .......... .......... .......... .......... 22% 1.10M 1m43s
 53950K .......... .......... .......... .......... .......... 22% 1.85M 1m43s
 54000K .......... .......... .......... .......... .......... 22% 4.63M 1m43s
 54050K .......... .......... .......... .......... .......... 22% 2.57M 1m43s
 54100K .......... .......... .......... .......... .......... 22% 8.88M 1m43s
 54150K .......... .......... .......... .......... .......... 22% 11.3M 1m43s
 54200K .......... .......... .......... .......... .......... 22% 7.58M 1m43s
 54250K .......... .......... .......... .......... .......... 22%  997K 1m43s
 54300K .......... .......... .......... .......... .......... 22%  773K 1m43s
 54350K .......... .......... .......... .......... .......... 22% 8.20M 1m43s
 54400K .......... .......... .......... .......... .......... 22% 4.74M 1m43s
 54450K .......... .......... .......... .......... .......... 22% 2.53M 1m43s
 54500K .......... .......... .......... .......... .......... 22% 9.34M 1m43s
 54550K .......... .......... .......... .......... .......... 22% 11.6M 1m43s
 54600K .......... .......... .......... .......... .......... 22% 7.45M 1m42s
 54650K .......... .......... .......... .......... .......... 22% 1004K 1m43s
 54700K .......... .......... .......... .......... .......... 22% 1.09M 1m43s
 54750K .......... .......... .......... .......... .......... 22% 1.90M 1m43s
 54800K .......... .......... .......... .......... .......... 22% 4.66M 1m42s
 54850K .......... .......... .......... .......... .......... 22% 4.63M 1m42s
 54900K .......... .......... .......... .......... .......... 22% 3.88M 1m42s
 54950K .......... .......... .......... .......... .......... 22% 8.94M 1m42s
 55000K .......... .......... .......... .......... .......... 22% 8.69M 1m42s
 55050K .......... .......... .......... .......... .......... 22%  997K 1m42s
 55100K .......... .......... .......... .......... .......... 22% 1.08M 1m42s
 55150K .......... .......... .......... .......... .......... 22% 1.91M 1m42s
 55200K .......... .......... .......... .......... .......... 22% 5.01M 1m42s
 55250K .......... .......... .......... .......... .......... 22% 5.27M 1m42s
 55300K .......... .......... .......... .......... .......... 22% 3.28M 1m42s
 55350K .......... .......... .......... .......... .......... 22% 9.37M 1m42s
 55400K .......... .......... .......... .......... .......... 22% 9.46M 1m42s
 55450K .......... .......... .......... .......... .......... 22% 3.03M 1m42s
 55500K .......... .......... .......... .......... .......... 22% 1.23M 1m42s
 55550K .......... .......... .......... .......... .......... 22%  767K 1m42s
 55600K .......... .......... .......... .......... .......... 22% 5.82M 1m42s
 55650K .......... .......... .......... .......... .......... 22% 5.39M 1m42s
 55700K .......... .......... .......... .......... .......... 23% 3.00M 1m41s
 55750K .......... .......... .......... .......... .......... 23% 9.61M 1m41s
 55800K .......... .......... .......... .......... .......... 23% 11.3M 1m41s
 55850K .......... .......... .......... .......... .......... 23% 7.44M 1m41s
 55900K .......... .......... .......... .......... .......... 23% 1010K 1m41s
 55950K .......... .......... .......... .......... .......... 23%  781K 1m41s
 56000K .......... .......... .......... .......... .......... 23% 5.50M 1m41s
 56050K .......... .......... .......... .......... .......... 23% 7.06M 1m41s
 56100K .......... .......... .......... .......... .......... 23% 4.55M 1m41s
 56150K .......... .......... .......... .......... .......... 23% 3.80M 1m41s
 56200K .......... .......... .......... .......... .......... 23% 10.4M 1m41s
 56250K .......... .......... .......... .......... .......... 23% 9.32M 1m41s
 56300K .......... .......... .......... .......... .......... 23% 3.05M 1m41s
 56350K .......... .......... .......... .......... .......... 23%  679K 1m41s
 56400K .......... .......... .......... .......... .......... 23% 1.51M 1m41s
 56450K .......... .......... .......... .......... .......... 23% 7.01M 1m41s
 56500K .......... .......... .......... .......... .......... 23% 5.72M 1m41s
 56550K .......... .......... .......... .......... .......... 23% 2.98M 1m41s
 56600K .......... .......... .......... .......... .......... 23% 10.7M 1m40s
 56650K .......... .......... .......... .......... .......... 23% 11.3M 1m40s
 56700K .......... .......... .......... .......... .......... 23% 7.41M 1m40s
 56750K .......... .......... .......... .......... .......... 23% 1017K 1m40s
 56800K .......... .......... .......... .......... .......... 23%  752K 1m40s
 56850K .......... .......... .......... .......... .......... 23% 11.0M 1m40s
 56900K .......... .......... .......... .......... .......... 23% 6.42M 1m40s
 56950K .......... .......... .......... .......... .......... 23% 5.66M 1m40s
 57000K .......... .......... .......... .......... .......... 23% 3.11M 1m40s
 57050K .......... .......... .......... .......... .......... 23% 10.7M 1m40s
 57100K .......... .......... .......... .......... .......... 23% 11.4M 1m40s
 57150K .......... .......... .......... .......... .......... 23% 7.72M 1m40s
 57200K .......... .......... .......... .......... .......... 23%  971K 1m40s
 57250K .......... .......... .......... .......... .......... 23%  779K 1m40s
 57300K .......... .......... .......... .......... .......... 23% 9.05M 1m40s
 57350K .......... .......... .......... .......... .......... 23% 7.25M 1m40s
 57400K .......... .......... .......... .......... .......... 23% 5.86M 1m40s
 57450K .......... .......... .......... .......... .......... 23% 3.16M 1m40s
 57500K .......... .......... .......... .......... .......... 23% 10.9M 1m40s
 57550K .......... .......... .......... .......... .......... 23% 10.9M 99s
 57600K .......... .......... .......... .......... .......... 23% 2.76M 99s
 57650K .......... .......... .......... .......... .......... 23% 1.24M 99s
 57700K .......... .......... .......... .......... .......... 23%  780K 99s
 57750K .......... .......... .......... .......... .......... 23% 8.92M 99s
 57800K .......... .......... .......... .......... .......... 23% 8.27M 99s
 57850K .......... .......... .......... .......... .......... 23% 5.75M 99s
 57900K .......... .......... .......... .......... .......... 23% 3.10M 99s
 57950K .......... .......... .......... .......... .......... 23% 10.7M 99s
 58000K .......... .......... .......... .......... .......... 23% 8.38M 99s
 58050K .......... .......... .......... .......... .......... 23% 3.04M 99s
 58100K .......... .......... .......... .......... .......... 24% 1.25M 99s
 58150K .......... .......... .......... .......... .......... 24%  779K 99s
 58200K .......... .......... .......... .......... .......... 24% 10.7M 99s
 58250K .......... .......... .......... .......... .......... 24% 8.15M 99s
 58300K .......... .......... .......... .......... .......... 24% 6.44M 99s
 58350K .......... .......... .......... .......... .......... 24% 2.75M 99s
 58400K .......... .......... .......... .......... .......... 24% 8.78M 99s
 58450K .......... .......... .......... .......... .......... 24% 11.4M 98s
 58500K .......... .......... .......... .......... .......... 24% 9.62M 98s
 58550K .......... .......... .......... .......... .......... 24% 1010K 98s
 58600K .......... .......... .......... .......... .......... 24% 1.16M 98s
 58650K .......... .......... .......... .......... .......... 24% 1.81M 98s
 58700K .......... .......... .......... .......... .......... 24% 9.33M 98s
 58750K .......... .......... .......... .......... .......... 24% 7.72M 98s
 58800K .......... .......... .......... .......... .......... 24% 2.41M 98s
 58850K .......... .......... .......... .......... .......... 24% 10.3M 98s
 58900K .......... .......... .......... .......... .......... 24% 11.7M 98s
 58950K .......... .......... .......... .......... .......... 24% 11.6M 98s
 59000K .......... .......... .......... .......... .......... 24% 3.11M 98s
 59050K .......... .......... .......... .......... .......... 24% 1.26M 98s
 59100K .......... .......... .......... .......... .......... 24%  778K 98s
 59150K .......... .......... .......... .......... .......... 24% 10.8M 98s
 59200K .......... .......... .......... .......... .......... 24% 5.97M 98s
 59250K .......... .......... .......... .......... .......... 24% 6.78M 98s
 59300K .......... .......... .......... .......... .......... 24% 3.00M 98s
 59350K .......... .......... .......... .......... .......... 24% 9.99M 98s
 59400K .......... .......... .......... .......... .......... 24% 11.7M 97s
 59450K .......... .......... .......... .......... .......... 24% 12.4M 97s
 59500K .......... .......... .......... .......... .......... 24% 3.10M 97s
 59550K .......... .......... .......... .......... .......... 24% 1.26M 97s
 59600K .......... .......... .......... .......... .......... 24%  762K 97s
 59650K .......... .......... .......... .......... .......... 24% 9.59M 97s
 59700K .......... .......... .......... .......... .......... 24% 8.26M 97s
 59750K .......... .......... .......... .......... .......... 24% 6.69M 97s
 59800K .......... .......... .......... .......... .......... 24% 3.06M 97s
 59850K .......... .......... .......... .......... .......... 24% 11.2M 97s
 59900K .......... .......... .......... .......... .......... 24% 11.3M 97s
 59950K .......... .......... .......... .......... .......... 24% 12.0M 97s
 60000K .......... .......... .......... .......... .......... 24%  990K 97s
 60050K .......... .......... .......... .......... .......... 24% 1.17M 97s
 60100K .......... .......... .......... .......... .......... 24% 1.81M 97s
 60150K .......... .......... .......... .......... .......... 24% 9.63M 97s
 60200K .......... .......... .......... .......... .......... 24% 8.55M 97s
 60250K .......... .......... .......... .......... .......... 24% 6.41M 97s
 60300K .......... .......... .......... .......... .......... 24% 3.16M 96s
 60350K .......... .......... .......... .......... .......... 24% 10.8M 96s
 60400K .......... .......... .......... .......... .......... 24% 8.83M 96s
 60450K .......... .......... .......... .......... .......... 24% 11.1M 96s
 60500K .......... .......... .......... .......... .......... 24%  993K 96s
 60550K .......... .......... .......... .......... .......... 25% 1.23M 96s
 60600K .......... .......... .......... .......... .......... 25% 1.79M 96s
 60650K .......... .......... .......... .......... .......... 25% 10.3M 96s
 60700K .......... .......... .......... .......... .......... 25% 9.18M 96s
 60750K .......... .......... .......... .......... .......... 25% 7.45M 96s
 60800K .......... .......... .......... .......... .......... 25% 2.75M 96s
 60850K .......... .......... .......... .......... .......... 25% 10.3M 96s
 60900K .......... .......... .......... .......... .......... 25% 11.2M 96s
 60950K .......... .......... .......... .......... .......... 25% 11.7M 96s
 61000K .......... .......... .......... .......... .......... 25% 3.34M 96s
 61050K .......... .......... .......... .......... .......... 25% 1.23M 96s
 61100K .......... .......... .......... .......... .......... 25%  805K 96s
 61150K .......... .......... .......... .......... .......... 25% 10.6M 96s
 61200K .......... .......... .......... .......... .......... 25% 7.96M 95s
 61250K .......... .......... .......... .......... .......... 25% 9.00M 95s
 61300K .......... .......... .......... .......... .......... 25% 5.20M 95s
 61350K .......... .......... .......... .......... .......... 25% 3.70M 95s
 61400K .......... .......... .......... .......... .......... 25% 11.0M 95s
 61450K .......... .......... .......... .......... .......... 25% 11.0M 95s
 61500K .......... .......... .......... .......... .......... 25% 11.7M 95s
 61550K .......... .......... .......... .......... .......... 25% 3.45M 95s
 61600K .......... .......... .......... .......... .......... 25%  654K 95s
 61650K .......... .......... .......... .......... .......... 25% 1.81M 95s
 61700K .......... .......... .......... .......... .......... 25% 11.5M 95s
 61750K .......... .......... .......... .......... .......... 25% 11.2M 95s
 61800K .......... .......... .......... .......... .......... 25% 7.12M 95s
 61850K .......... .......... .......... .......... .......... 25% 6.23M 95s
 61900K .......... .......... .......... .......... .......... 25% 3.71M 95s
 61950K .......... .......... .......... .......... .......... 25% 11.1M 95s
 62000K .......... .......... .......... .......... .......... 25% 9.15M 94s
 62050K .......... .......... .......... .......... .......... 25% 11.0M 94s
 62100K .......... .......... .......... .......... .......... 25% 1016K 94s
 62150K .......... .......... .......... .......... .......... 25% 1.24M 94s
 62200K .......... .......... .......... .......... .......... 25% 1.69M 94s
 62250K .......... .......... .......... .......... .......... 25%  294K 95s
 62300K .......... .......... .......... .......... .......... 25%  346M 95s
 62350K .......... .......... .......... .......... .......... 25%  366M 95s
 62400K .......... .......... .......... .......... .......... 25%  279M 94s
 62450K .......... .......... .......... .......... .......... 25%  361M 94s
 62500K .......... .......... .......... .......... .......... 25%  343M 94s
 62550K .......... .......... .......... .......... .......... 25%  365M 94s
 62600K .......... .......... .......... .......... .......... 25%  377M 94s
 62650K .......... .......... .......... .......... .......... 25%  886K 94s
 62700K .......... .......... .......... .......... .......... 25%  342M 94s
 62750K .......... .......... .......... .......... .......... 25%  357M 94s
 62800K .......... .......... .......... .......... .......... 25%  279M 94s
 62850K .......... .......... .......... .......... .......... 25%  373M 94s
 62900K .......... .......... .......... .......... .......... 25%  371M 94s
 62950K .......... .......... .......... .......... .......... 26%  371M 94s
 63000K .......... .......... .......... .......... .......... 26%  375M 93s
 63050K .......... .......... .......... .......... .......... 26%  355M 93s
 63100K .......... .......... .......... .......... .......... 26%  648K 93s
 63150K .......... .......... .......... .......... .......... 26% 1.68M 93s
 63200K .......... .......... .......... .......... .......... 26% 5.74M 93s
 63250K .......... .......... .......... .......... .......... 26% 6.97M 93s
 63300K .......... .......... .......... .......... .......... 26% 2.94M 93s
 63350K .......... .......... .......... .......... .......... 26% 6.95M 93s
 63400K .......... .......... .......... .......... .......... 26% 8.61M 93s
 63450K .......... .......... .......... .......... .......... 26%  979K 93s
 63500K .......... .......... .......... .......... .......... 26% 1.16M 93s
 63550K .......... .......... .......... .......... .......... 26% 1.70M 93s
 63600K .......... .......... .......... .......... .......... 26% 5.98M 93s
 63650K .......... .......... .......... .......... .......... 26% 6.98M 93s
 63700K .......... .......... .......... .......... .......... 26% 2.95M 93s
 63750K .......... .......... .......... .......... .......... 26% 7.15M 93s
 63800K .......... .......... .......... .......... .......... 26% 9.18M 93s
 63850K .......... .......... .......... .......... .......... 26% 3.01M 93s
 63900K .......... .......... .......... .......... .......... 26%  650K 93s
 63950K .......... .......... .......... .......... .......... 26% 1.77M 93s
 64000K .......... .......... .......... .......... .......... 26% 6.00M 93s
 64050K .......... .......... .......... .......... .......... 26% 8.61M 93s
 64100K .......... .......... .......... .......... .......... 26% 2.92M 93s
 64150K .......... .......... .......... .......... .......... 26% 6.35M 92s
 64200K .......... .......... .......... .......... .......... 26% 8.71M 92s
 64250K .......... .......... .......... .......... .......... 26% 6.05M 92s
 64300K .......... .......... .......... .......... .......... 26% 1.01M 92s
 64350K .......... .......... .......... .......... .......... 26%  785K 92s
 64400K .......... .......... .......... .......... .......... 26% 5.98M 92s
 64450K .......... .......... .......... .......... .......... 26% 8.69M 92s
 64500K .......... .......... .......... .......... .......... 26% 6.80M 92s
 64550K .......... .......... .......... .......... .......... 26% 3.05M 92s
 64600K .......... .......... .......... .......... .......... 26% 7.69M 92s
 64650K .......... .......... .......... .......... .......... 26% 10.2M 92s
 64700K .......... .......... .......... .......... .......... 26%  975K 92s
 64750K .......... .......... .......... .......... .......... 26% 1.17M 92s
 64800K .......... .......... .......... .......... .......... 26% 1.67M 92s
 64850K .......... .......... .......... .......... .......... 26% 8.11M 92s
 64900K .......... .......... .......... .......... .......... 26% 8.23M 92s
 64950K .......... .......... .......... .......... .......... 26% 6.98M 92s
 65000K .......... .......... .......... .......... .......... 26% 3.09M 92s
 65050K .......... .......... .......... .......... .......... 26% 8.56M 92s
 65100K .......... .......... .......... .......... .......... 26% 9.51M 92s
 65150K .......... .......... .......... .......... .......... 26%  978K 92s
 65200K .......... .......... .......... .......... .......... 26%  769K 92s
 65250K .......... .......... .......... .......... .......... 26% 8.73M 92s
 65300K .......... .......... .......... .......... .......... 26% 9.53M 92s
 65350K .......... .......... .......... .......... .......... 26% 7.84M 91s
 65400K .......... .......... .......... .......... .......... 27% 6.22M 91s
 65450K .......... .......... .......... .......... .......... 27% 3.31M 91s
 65500K .......... .......... .......... .......... .......... 27% 8.70M 91s
 65550K .......... .......... .......... .......... .......... 27% 9.57M 91s
 65600K .......... .......... .......... .......... .......... 27%  948K 91s
 65650K .......... .......... .......... .......... .......... 27%  801K 91s
 65700K .......... .......... .......... .......... .......... 27% 7.93M 91s
 65750K .......... .......... .......... .......... .......... 27% 9.62M 91s
 65800K .......... .......... .......... .......... .......... 27% 9.05M 91s
 65850K .......... .......... .......... .......... .......... 27% 6.72M 91s
 65900K .......... .......... .......... .......... .......... 27% 3.24M 91s
 65950K .......... .......... .......... .......... .......... 27% 7.79M 91s
 66000K .......... .......... .......... .......... .......... 27% 5.65M 91s
 66050K .......... .......... .......... .......... .......... 27% 1.00M 91s
 66100K .......... .......... .......... .......... .......... 27% 1.19M 91s
 66150K .......... .......... .......... .......... .......... 27% 1.83M 91s
 66200K .......... .......... .......... .......... .......... 27% 8.04M 91s
 66250K .......... .......... .......... .......... .......... 27% 10.1M 91s
 66300K .......... .......... .......... .......... .......... 27% 7.23M 91s
 66350K .......... .......... .......... .......... .......... 27% 3.29M 90s
 66400K .......... .......... .......... .......... .......... 27% 5.72M 90s
 66450K .......... .......... .......... .......... .......... 27% 10.8M 90s
 66500K .......... .......... .......... .......... .......... 27% 3.12M 90s
 66550K .......... .......... .......... .......... .......... 27% 1.22M 90s
 66600K .......... .......... .......... .......... .......... 27%  795K 90s
 66650K .......... .......... .......... .......... .......... 27% 8.94M 90s
 66700K .......... .......... .......... .......... .......... 27% 9.68M 90s
 66750K .......... .......... .......... .......... .......... 27% 8.68M 90s
 66800K .......... .......... .......... .......... .......... 27% 2.94M 90s
 66850K .......... .......... .......... .......... .......... 27% 6.84M 90s
 66900K .......... .......... .......... .......... .......... 27% 9.08M 90s
 66950K .......... .......... .......... .......... .......... 27% 6.61M 90s
 67000K .......... .......... .......... .......... .......... 27% 1.02M 90s
 67050K .......... .......... .......... .......... .......... 27% 1.19M 90s
 67100K .......... .......... .......... .......... .......... 27% 1.83M 90s
 67150K .......... .......... .......... .......... .......... 27% 8.31M 90s
 67200K .......... .......... .......... .......... .......... 27% 7.21M 90s
 67250K .......... .......... .......... .......... .......... 27% 7.16M 90s
 67300K .......... .......... .......... .......... .......... 27% 3.49M 90s
 67350K .......... .......... .......... .......... .......... 27% 8.11M 90s
 67400K .......... .......... .......... .......... .......... 27% 9.40M 89s
 67450K .......... .......... .......... .......... .......... 27% 6.70M 89s
 67500K .......... .......... .......... .......... .......... 27% 1.00M 89s
 67550K .......... .......... .......... .......... .......... 27%  809K 89s
 67600K .......... .......... .......... .......... .......... 27% 6.66M 89s
 67650K .......... .......... .......... .......... .......... 27% 9.51M 89s
 67700K .......... .......... .......... .......... .......... 27% 9.80M 89s
 67750K .......... .......... .......... .......... .......... 27% 7.17M 89s
 67800K .......... .......... .......... .......... .......... 28% 3.52M 89s
 67850K .......... .......... .......... .......... .......... 28% 7.89M 89s
 67900K .......... .......... .......... .......... .......... 28% 9.62M 89s
 67950K .......... .......... .......... .......... .......... 28% 7.07M 89s
 68000K .......... .......... .......... .......... .......... 28%  994K 89s
 68050K .......... .......... .......... .......... .......... 28%  801K 89s
 68100K .......... .......... .......... .......... .......... 28% 8.36M 89s
 68150K .......... .......... .......... .......... .......... 28% 10.5M 89s
 68200K .......... .......... .......... .......... .......... 28% 9.63M 89s
 68250K .......... .......... .......... .......... .......... 28% 7.42M 89s
 68300K .......... .......... .......... .......... .......... 28% 3.58M 89s
 68350K .......... .......... .......... .......... .......... 28% 7.90M 89s
 68400K .......... .......... .......... .......... .......... 28% 6.96M 88s
 68450K .......... .......... .......... .......... .......... 28% 1012K 89s
 68500K .......... .......... .......... .......... .......... 28% 8.81M 88s
 68550K .......... .......... .......... .......... .......... 28%  800K 89s
 68600K .......... .......... .......... .......... .......... 28% 10.1M 88s
 68650K .......... .......... .......... .......... .......... 28% 9.17M 88s
 68700K .......... .......... .......... .......... .......... 28% 9.61M 88s
 68750K .......... .......... .......... .......... .......... 28% 8.06M 88s
 68800K .......... .......... .......... .......... .......... 28% 3.02M 88s
 68850K .......... .......... .......... .......... .......... 28% 7.25M 88s
 68900K .......... .......... .......... .......... .......... 28% 11.5M 88s
 68950K .......... .......... .......... .......... .......... 28% 7.98M 88s
 69000K .......... .......... .......... .......... .......... 28% 1.00M 88s
 69050K .......... .......... .......... .......... .......... 28%  809K 88s
 69100K .......... .......... .......... .......... .......... 28% 9.50M 88s
 69150K .......... .......... .......... .......... .......... 28% 8.60M 88s
 69200K .......... .......... .......... .......... .......... 28% 7.59M 88s
 69250K .......... .......... .......... .......... .......... 28% 7.86M 88s
 69300K .......... .......... .......... .......... .......... 28% 3.60M 88s
 69350K .......... .......... .......... .......... .......... 28% 7.95M 88s
 69400K .......... .......... .......... .......... .......... 28% 8.13M 88s
 69450K .......... .......... .......... .......... .......... 28% 8.69M 87s
 69500K .......... .......... .......... .......... .......... 28% 1.00M 87s
 69550K .......... .......... .......... .......... .......... 28% 1.21M 87s
 69600K .......... .......... .......... .......... .......... 28% 1.73M 87s
 69650K .......... .......... .......... .......... .......... 28% 7.92M 87s
 69700K .......... .......... .......... .......... .......... 28% 11.5M 87s
 69750K .......... .......... .......... .......... .......... 28% 12.1M 87s
 69800K .......... .......... .......... .......... .......... 28% 3.44M 87s
 69850K .......... .......... .......... .......... .......... 28% 7.39M 87s
 69900K .......... .......... .......... .......... .......... 28% 7.51M 87s
 69950K .......... .......... .......... .......... .......... 28% 10.1M 87s
 70000K .......... .......... .......... .......... .......... 28%  982K 87s
 70050K .......... .......... .......... .......... .......... 28% 1.21M 87s
 70100K .......... .......... .......... .......... .......... 28% 1.86M 87s
 70150K .......... .......... .......... .......... .......... 28% 8.83M 87s
 70200K .......... .......... .......... .......... .......... 28% 9.26M 87s
 70250K .......... .......... .......... .......... .......... 29% 10.8M 87s
 70300K .......... .......... .......... .......... .......... 29% 8.37M 87s
 70350K .......... .......... .......... .......... .......... 29% 3.53M 87s
 70400K .......... .......... .......... .......... .......... 29% 5.87M 87s
 70450K .......... .......... .......... .......... .......... 29% 10.3M 87s
 70500K .......... .......... .......... .......... .......... 29% 1.01M 87s
 70550K .......... .......... .......... .......... .......... 29% 8.44M 86s
 70600K .......... .......... .......... .......... .......... 29%  814K 87s
 70650K .......... .......... .......... .......... .......... 29% 9.80M 86s
 70700K .......... .......... .......... .......... .......... 29% 7.69M 86s
 70750K .......... .......... .......... .......... .......... 29% 11.9M 86s
 70800K .......... .......... .......... .......... .......... 29% 7.30M 86s
 70850K .......... .......... .......... .......... .......... 29% 3.55M 86s
 70900K .......... .......... .......... .......... .......... 29% 8.51M 86s
 70950K .......... .......... .......... .......... .......... 29% 7.73M 86s
 71000K .......... .......... .......... .......... .......... 29% 8.94M 86s
 71050K .......... .......... .......... .......... .......... 29% 1.01M 86s
 71100K .......... .......... .......... .......... .......... 29% 1.20M 86s
 71150K .......... .......... .......... .......... .......... 29% 1.65M 86s
 71200K .......... .......... .......... .......... .......... 29%  282K 86s
 71250K .......... .......... .......... .......... .......... 29% 10.1M 86s
 71300K .......... .......... .......... .......... .......... 29% 78.6M 86s
 71350K .......... .......... .......... .......... .......... 29% 28.9M 86s
 71400K .......... .......... .......... .......... .......... 29%  364M 86s
 71450K .......... .......... .......... .......... .......... 29%  369M 86s
 71500K .......... .......... .......... .......... .......... 29%  360M 86s
 71550K .......... .......... .......... .......... .......... 29%  362M 86s
 71600K .......... .......... .......... .......... .......... 29%  278M 86s
 71650K .......... .......... .......... .......... .......... 29%  359M 86s
 71700K .......... .......... .......... .......... .......... 29%  355M 86s
 71750K .......... .......... .......... .......... .......... 29%  368M 85s
 71800K .......... .......... .......... .......... .......... 29% 3.31M 85s
 71850K .......... .......... .......... .......... .......... 29% 5.79M 85s
 71900K .......... .......... .......... .......... .......... 29% 6.49M 85s
 71950K .......... .......... .......... .......... .......... 29%  969K 85s
 72000K .......... .......... .......... .......... .......... 29%  724K 85s
 72050K .......... .......... .......... .......... .......... 29% 7.04M 85s
 72100K .......... .......... .......... .......... .......... 29% 9.65M 85s
 72150K .......... .......... .......... .......... .......... 29% 3.57M 85s
 72200K .......... .......... .......... .......... .......... 29% 6.13M 85s
 72250K .......... .......... .......... .......... .......... 29% 5.75M 85s
 72300K .......... .......... .......... .......... .......... 29%  998K 85s
 72350K .......... .......... .......... .......... .......... 29% 1.14M 85s
 72400K .......... .......... .......... .......... .......... 29% 1.37M 85s
 72450K .......... .......... .......... .......... .......... 29% 10.2M 85s
 72500K .......... .......... .......... .......... .......... 29% 7.10M 85s
 72550K .......... .......... .......... .......... .......... 29% 3.55M 85s
 72600K .......... .......... .......... .......... .......... 29% 6.03M 85s
 72650K .......... .......... .......... .......... .......... 30% 6.52M 85s
 72700K .......... .......... .......... .......... .......... 30%  975K 85s
 72750K .......... .......... .......... .......... .......... 30%  806K 85s
 72800K .......... .......... .......... .......... .......... 30% 3.58M 85s
 72850K .......... .......... .......... .......... .......... 30% 10.5M 85s
 72900K .......... .......... .......... .......... .......... 30% 7.19M 85s
 72950K .......... .......... .......... .......... .......... 30% 3.67M 85s
 73000K .......... .......... .......... .......... .......... 30% 5.54M 85s
 73050K .......... .......... .......... .......... .......... 30% 6.77M 85s
 73100K .......... .......... .......... .......... .......... 30%  579K 85s
 73150K .......... .......... .......... .......... .......... 30% 1.66M 85s
 73200K .......... .......... .......... .......... .......... 30% 4.55M 85s
 73250K .......... .......... .......... .......... .......... 30% 11.2M 84s
 73300K .......... .......... .......... .......... .......... 30% 4.27M 84s
 73350K .......... .......... .......... .......... .......... 30% 5.60M 84s
 73400K .......... .......... .......... .......... .......... 30% 5.15M 84s
 73450K .......... .......... .......... .......... .......... 30% 1.04M 84s
 73500K .......... .......... .......... .......... .......... 30% 1.06M 84s
 73550K .......... .......... .......... .......... .......... 30% 1.69M 84s
 73600K .......... .......... .......... .......... .......... 30%  286K 85s
 73650K .......... .......... .......... .......... .......... 30%  336M 85s
 73700K .......... .......... .......... .......... .......... 30%  352M 84s
 73750K .......... .......... .......... .......... .......... 30%  355M 84s
 73800K .......... .......... .......... .......... .......... 30%  367M 84s
 73850K .......... .......... .......... .......... .......... 30%  349M 84s
 73900K .......... .......... .......... .......... .......... 30%  361M 84s
 73950K .......... .......... .......... .......... .......... 30%  364M 84s
 74000K .......... .......... .......... .......... .......... 30% 11.8M 84s
 74050K .......... .......... .......... .......... .......... 30% 3.56M 84s
 74100K .......... .......... .......... .......... .......... 30% 4.04M 84s
 74150K .......... .......... .......... .......... .......... 30% 4.38M 84s
 74200K .......... .......... .......... .......... .......... 30%  563K 84s
 74250K .......... .......... .......... .......... .......... 30% 1.46M 84s
 74300K .......... .......... .......... .......... .......... 30% 6.17M 84s
 74350K .......... .......... .......... .......... .......... 30% 3.64M 84s
 74400K .......... .......... .......... .......... .......... 30% 2.90M 84s
 74450K .......... .......... .......... .......... .......... 30%  949K 84s
 74500K .......... .......... .......... .......... .......... 30%  726K 84s
 74550K .......... .......... .......... .......... .......... 30% 4.22M 84s
 74600K .......... .......... .......... .......... .......... 30% 8.52M 84s
 74650K .......... .......... .......... .......... .......... 30% 2.99M 84s
 74700K .......... .......... .......... .......... .......... 30% 4.71M 84s
 74750K .......... .......... .......... .......... .......... 30%  948K 84s
 74800K .......... .......... .......... .......... .......... 30%  700K 84s
 74850K .......... .......... .......... .......... .......... 30% 4.65M 84s
 74900K .......... .......... .......... .......... .......... 30% 6.44M 84s
 74950K .......... .......... .......... .......... .......... 30% 3.19M 84s
 75000K .......... .......... .......... .......... .......... 30% 4.97M 84s
 75050K .......... .......... .......... .......... .......... 30%  942K 84s
 75100K .......... .......... .......... .......... .......... 31%  728K 84s
 75150K .......... .......... .......... .......... .......... 31% 4.54M 84s
 75200K .......... .......... .......... .......... .......... 31% 5.38M 84s
 75250K .......... .......... .......... .......... .......... 31% 3.20M 84s
 75300K .......... .......... .......... .......... .......... 31% 4.60M 83s
 75350K .......... .......... .......... .......... .......... 31%  953K 83s
 75400K .......... .......... .......... .......... .......... 31%  712K 84s
 75450K .......... .......... .......... .......... .......... 31% 4.45M 84s
 75500K .......... .......... .......... .......... .......... 31% 11.7M 83s
 75550K .......... .......... .......... .......... .......... 31% 3.28M 83s
 75600K .......... .......... .......... .......... .......... 31% 3.82M 83s
 75650K .......... .......... .......... .......... .......... 31%  941K 83s
 75700K .......... .......... .......... .......... .......... 31%  732K 83s
 75750K .......... .......... .......... .......... .......... 31% 3.87M 83s
 75800K .......... .......... .......... .......... .......... 31% 11.6M 83s
 75850K .......... .......... .......... .......... .......... 31% 3.45M 83s
 75900K .......... .......... .......... .......... .......... 31% 4.95M 83s
 75950K .......... .......... .......... .......... .......... 31% 4.93M 83s
 76000K .......... .......... .......... .......... .......... 31%  454K 83s
 76050K .......... .......... .......... .......... .......... 31% 3.62M 83s
 76100K .......... .......... .......... .......... .......... 31% 5.99M 83s
 76150K .......... .......... .......... .......... .......... 31% 4.07M 83s
 76200K .......... .......... .......... .......... .......... 31% 5.41M 83s
 76250K .......... .......... .......... .......... .......... 31% 4.39M 83s
 76300K .......... .......... .......... .......... .......... 31%  939K 83s
 76350K .......... .......... .......... .......... .......... 31%  737K 83s
 76400K .......... .......... .......... .......... .......... 31% 4.05M 83s
 76450K .......... .......... .......... .......... .......... 31% 10.2M 83s
 76500K .......... .......... .......... .......... .......... 31% 3.20M 83s
 76550K .......... .......... .......... .......... .......... 31% 5.02M 83s
 76600K .......... .......... .......... .......... .......... 31%  950K 83s
 76650K .......... .......... .......... .......... .......... 31%  753K 83s
 76700K .......... .......... .......... .......... .......... 31% 4.04M 83s
 76750K .......... .......... .......... .......... .......... 31% 6.95M 83s
 76800K .......... .......... .......... .......... .......... 31% 2.93M 83s
 76850K .......... .......... .......... .......... .......... 31% 5.19M 83s
 76900K .......... .......... .......... .......... .......... 31% 4.76M 83s
 76950K .......... .......... .......... .......... .......... 31%  575K 83s
 77000K .......... .......... .......... .......... .......... 31% 1.55M 83s
 77050K .......... .......... .......... .......... .......... 31% 4.69M 83s
 77100K .......... .......... .......... .......... .......... 31% 11.0M 83s
 77150K .......... .......... .......... .......... .......... 31% 3.24M 83s
 77200K .......... .......... .......... .......... .......... 31% 4.20M 83s
 77250K .......... .......... .......... .......... .......... 31%  916K 83s
 77300K .......... .......... .......... .......... .......... 31%  741K 83s
 77350K .......... .......... .......... .......... .......... 31% 4.56M 83s
 77400K .......... .......... .......... .......... .......... 31% 9.71M 83s
 77450K .......... .......... .......... .......... .......... 31% 3.84M 83s
 77500K .......... .......... .......... .......... .......... 32% 5.60M 82s
 77550K .......... .......... .......... .......... .......... 32% 5.07M 82s
 77600K .......... .......... .......... .......... .......... 32%  549K 83s
 77650K .......... .......... .......... .......... .......... 32% 1.54M 83s
 77700K .......... .......... .......... .......... .......... 32% 4.93M 82s
 77750K .......... .......... .......... .......... .......... 32% 10.2M 82s
 77800K .......... .......... .......... .......... .......... 32% 3.21M 82s
 77850K .......... .......... .......... .......... .......... 32% 5.35M 82s
 77900K .......... .......... .......... .......... .......... 32%  978K 82s
 77950K .......... .......... .......... .......... .......... 32% 1.08M 82s
 78000K .......... .......... .......... .......... .......... 32% 1.37M 82s
 78050K .......... .......... .......... .......... .......... 32% 6.60M 82s
 78100K .......... .......... .......... .......... .......... 32% 3.81M 82s
 78150K .......... .......... .......... .......... .......... 32% 6.93M 82s
 78200K .......... .......... .......... .......... .......... 32% 5.31M 82s
 78250K .......... .......... .......... .......... .......... 32%  908K 82s
 78300K .......... .......... .......... .......... .......... 32%  743K 82s
 78350K .......... .......... .......... .......... .......... 32% 6.04M 82s
 78400K .......... .......... .......... .......... .......... 32% 5.69M 82s
 78450K .......... .......... .......... .......... .......... 32% 3.45M 82s
 78500K .......... .......... .......... .......... .......... 32% 4.89M 82s
 78550K .......... .......... .......... .......... .......... 32% 6.68M 82s
 78600K .......... .......... .......... .......... .......... 32%  949K 82s
 78650K .......... .......... .......... .......... .......... 32%  739K 82s
 78700K .......... .......... .......... .......... .......... 32% 4.79M 82s
 78750K .......... .......... .......... .......... .......... 32% 10.8M 82s
 78800K .......... .......... .......... .......... .......... 32% 2.83M 82s
 78850K .......... .......... .......... .......... .......... 32% 5.61M 82s
 78900K .......... .......... .......... .......... .......... 32%  964K 82s
 78950K .......... .......... .......... .......... .......... 32% 1.10M 82s
 79000K .......... .......... .......... .......... .......... 32% 1.54M 82s
 79050K .......... .......... .......... .......... .......... 32% 5.12M 82s
 79100K .......... .......... .......... .......... .......... 32% 9.19M 82s
 79150K .......... .......... .......... .......... .......... 32% 3.24M 82s
 79200K .......... .......... .......... .......... .......... 32% 4.06M 82s
 79250K .......... .......... .......... .......... .......... 32%  946K 82s
 79300K .......... .......... .......... .......... .......... 32%  737K 82s
 79350K .......... .......... .......... .......... .......... 32% 7.01M 82s
 79400K .......... .......... .......... .......... .......... 32% 6.32M 82s
 79450K .......... .......... .......... .......... .......... 32% 3.59M 82s
 79500K .......... .......... .......... .......... .......... 32% 7.38M 81s
 79550K .......... .......... .......... .......... .......... 32% 5.57M 81s
 79600K .......... .......... .......... .......... .......... 32%  893K 81s
 79650K .......... .......... .......... .......... .......... 32%  735K 82s
 79700K .......... .......... .......... .......... .......... 32% 4.82M 81s
 79750K .......... .......... .......... .......... .......... 32% 11.4M 81s
 79800K .......... .......... .......... .......... .......... 32% 3.29M 81s
 79850K .......... .......... .......... .......... .......... 32% 5.25M 81s
 79900K .......... .......... .......... .......... .......... 32% 6.55M 81s
 79950K .......... .......... .......... .......... .......... 33%  958K 81s
 80000K .......... .......... .......... .......... .......... 33%  718K 81s
 80050K .......... .......... .......... .......... .......... 33% 5.01M 81s
 80100K .......... .......... .......... .......... .......... 33% 10.0M 81s
 80150K .......... .......... .......... .......... .......... 33% 3.23M 81s
 80200K .......... .......... .......... .......... .......... 33% 5.27M 81s
 80250K .......... .......... .......... .......... .......... 33% 5.72M 81s
 80300K .......... .......... .......... .......... .......... 33%  580K 81s
 80350K .......... .......... .......... .......... .......... 33% 1.50M 81s
 80400K .......... .......... .......... .......... .......... 33% 4.48M 81s
 80450K .......... .......... .......... .......... .......... 33% 3.91M 81s
 80500K .......... .......... .......... .......... .......... 33% 6.58M 81s
 80550K .......... .......... .......... .......... .......... 33% 5.29M 81s
 80600K .......... .......... .......... .......... .......... 33%  971K 81s
 80650K .......... .......... .......... .......... .......... 33% 1.11M 81s
 80700K .......... .......... .......... .......... .......... 33% 1.54M 81s
 80750K .......... .......... .......... .......... .......... 33% 5.20M 81s
 80800K .......... .......... .......... .......... .......... 33% 3.46M 81s
 80850K .......... .......... .......... .......... .......... 33% 6.54M 81s
 80900K .......... .......... .......... .......... .......... 33% 5.25M 81s
 80950K .......... .......... .......... .......... .......... 33%  918K 81s
 81000K .......... .......... .......... .......... .......... 33%  746K 81s
 81050K .......... .......... .......... .......... .......... 33% 8.47M 81s
 81100K .......... .......... .......... .......... .......... 33% 5.22M 81s
 81150K .......... .......... .......... .......... .......... 33% 3.93M 81s
 81200K .......... .......... .......... .......... .......... 33% 4.19M 81s
 81250K .......... .......... .......... .......... .......... 33% 5.80M 81s
 81300K .......... .......... .......... .......... .......... 33%  950K 81s
 81350K .......... .......... .......... .......... .......... 33%  738K 81s
 81400K .......... .......... .......... .......... .......... 33% 7.44M 81s
 81450K .......... .......... .......... .......... .......... 33% 6.15M 80s
 81500K .......... .......... .......... .......... .......... 33% 3.78M 80s
 81550K .......... .......... .......... .......... .......... 33% 5.57M 80s
 81600K .......... .......... .......... .......... .......... 33% 3.77M 80s
 81650K .......... .......... .......... .......... .......... 33%  989K 80s
 81700K .......... .......... .......... .......... .......... 33%  739K 80s
 81750K .......... .......... .......... .......... .......... 33% 5.05M 80s
 81800K .......... .......... .......... .......... .......... 33% 10.3M 80s
 81850K .......... .......... .......... .......... .......... 33% 3.41M 80s
 81900K .......... .......... .......... .......... .......... 33% 5.25M 80s
 81950K .......... .......... .......... .......... .......... 33% 6.48M 80s
 82000K .......... .......... .......... .......... .......... 33%  552K 80s
 82050K .......... .......... .......... .......... .......... 33% 1.56M 80s
 82100K .......... .......... .......... .......... .......... 33% 4.90M 80s
 82150K .......... .......... .......... .......... .......... 33% 10.9M 80s
 82200K .......... .......... .......... .......... .......... 33% 3.34M 80s
 82250K .......... .......... .......... .......... .......... 33% 4.99M 80s
 82300K .......... .......... .......... .......... .......... 33% 5.79M 80s
 82350K .......... .......... .......... .......... .......... 34%  982K 80s
 82400K .......... .......... .......... .......... .......... 34%  719K 80s
 82450K .......... .......... .......... .......... .......... 34% 5.05M 80s
 82500K .......... .......... .......... .......... .......... 34% 10.7M 80s
 82550K .......... .......... .......... .......... .......... 34% 3.14M 80s
 82600K .......... .......... .......... .......... .......... 34% 5.58M 80s
 82650K .......... .......... .......... .......... .......... 34%  992K 80s
 82700K .......... .......... .......... .......... .......... 34% 1.09M 80s
 82750K .......... .......... .......... .......... .......... 34% 1.55M 80s
 82800K .......... .......... .......... .......... .......... 34% 4.12M 80s
 82850K .......... .......... .......... .......... .......... 34% 4.13M 80s
 82900K .......... .......... .......... .......... .......... 34% 5.93M 80s
 82950K .......... .......... .......... .......... .......... 34% 5.71M 80s
 83000K .......... .......... .......... .......... .......... 34%  915K 80s
 83050K .......... .......... .......... .......... .......... 34%  800K 80s
 83100K .......... .......... .......... .......... .......... 34% 5.05M 80s
 83150K .......... .......... .......... .......... .......... 34% 4.83M 80s
 83200K .......... .......... .......... .......... .......... 34% 3.30M 80s
 83250K .......... .......... .......... .......... .......... 34% 5.39M 80s
 83300K .......... .......... .......... .......... .......... 34% 5.92M 79s
 83350K .......... .......... .......... .......... .......... 34%  940K 79s
 83400K .......... .......... .......... .......... .......... 34%  742K 80s
 83450K .......... .......... .......... .......... .......... 34% 7.30M 79s
 83500K .......... .......... .......... .......... .......... 34% 6.05M 79s
 83550K .......... .......... .......... .......... .......... 34% 3.74M 79s
 83600K .......... .......... .......... .......... .......... 34% 4.15M 79s
 83650K .......... .......... .......... .......... .......... 34% 6.01M 79s
 83700K .......... .......... .......... .......... .......... 34%  950K 79s
 83750K .......... .......... .......... .......... .......... 34%  745K 79s
 83800K .......... .......... .......... .......... .......... 34% 5.22M 79s
 83850K .......... .......... .......... .......... .......... 34% 9.14M 79s
 83900K .......... .......... .......... .......... .......... 34% 3.51M 79s
 83950K .......... .......... .......... .......... .......... 34% 5.39M 79s
 84000K .......... .......... .......... .......... .......... 34%  963K 79s
 84050K .......... .......... .......... .......... .......... 34% 1.05M 79s
 84100K .......... .......... .......... .......... .......... 34% 1.55M 79s
 84150K .......... .......... .......... .......... .......... 34% 5.23M 79s
 84200K .......... .......... .......... .......... .......... 34% 9.13M 79s
 84250K .......... .......... .......... .......... .......... 34% 3.35M 79s
 84300K .......... .......... .......... .......... .......... 34% 5.46M 79s
 84350K .......... .......... .......... .......... .......... 34% 5.47M 79s
 84400K .......... .......... .......... .......... .......... 34%  562K 79s
 84450K .......... .......... .......... .......... .......... 34% 1.51M 79s
 84500K .......... .......... .......... .......... .......... 34% 5.77M 79s
 84550K .......... .......... .......... .......... .......... 34% 9.60M 79s
 84600K .......... .......... .......... .......... .......... 34% 3.31M 79s
 84650K .......... .......... .......... .......... .......... 34% 5.04M 79s
 84700K .......... .......... .......... .......... .......... 34% 1011K 79s
 84750K .......... .......... .......... .......... .......... 35% 1.07M 79s
 84800K .......... .......... .......... .......... .......... 35% 1.44M 79s
 84850K .......... .......... .......... .......... .......... 35% 5.85M 79s
 84900K .......... .......... .......... .......... .......... 35% 3.75M 79s
 84950K .......... .......... .......... .......... .......... 35% 4.86M 79s
 85000K .......... .......... .......... .......... .......... 35% 7.04M 79s
 85050K .......... .......... .......... .......... .......... 35%  990K 79s
 85100K .......... .......... .......... .......... .......... 35%  777K 79s
 85150K .......... .......... .......... .......... .......... 35% 3.88M 79s
 85200K .......... .......... .......... .......... .......... 35% 4.66M 79s
 85250K .......... .......... .......... .......... .......... 35% 3.57M 78s
 85300K .......... .......... .......... .......... .......... 35% 5.54M 78s
 85350K .......... .......... .......... .......... .......... 35% 6.05M 78s
 85400K .......... .......... .......... .......... .......... 35%  942K 78s
 85450K .......... .......... .......... .......... .......... 35%  748K 78s
 85500K .......... .......... .......... .......... .......... 35% 6.99M 78s
 85550K .......... .......... .......... .......... .......... 35% 6.36M 78s
 85600K .......... .......... .......... .......... .......... 35% 2.92M 78s
 85650K .......... .......... .......... .......... .......... 35% 5.90M 78s
 85700K .......... .......... .......... .......... .......... 35% 5.56M 78s
 85750K .......... .......... .......... .......... .......... 35%  958K 78s
 85800K .......... .......... .......... .......... .......... 35%  737K 78s
 85850K .......... .......... .......... .......... .......... 35% 5.70M 78s
 85900K .......... .......... .......... .......... .......... 35% 9.08M 78s
 85950K .......... .......... .......... .......... .......... 35% 3.45M 78s
 86000K .......... .......... .......... .......... .......... 35% 4.66M 78s
 86050K .......... .......... .......... .......... .......... 35% 5.17M 78s
 86100K .......... .......... .......... .......... .......... 35%  573K 78s
 86150K .......... .......... .......... .......... .......... 35% 1.50M 78s
 86200K .......... .......... .......... .......... .......... 35% 5.93M 78s
 86250K .......... .......... .......... .......... .......... 35% 9.28M 78s
 86300K .......... .......... .......... .......... .......... 35% 3.40M 78s
 86350K .......... .......... .......... .......... .......... 35% 5.72M 78s
 86400K .......... .......... .......... .......... .......... 35%  939K 78s
 86450K .......... .......... .......... .......... .......... 35% 1.08M 78s
 86500K .......... .......... .......... .......... .......... 35% 1.51M 78s
 86550K .......... .......... .......... .......... .......... 35% 5.78M 78s
 86600K .......... .......... .......... .......... .......... 35% 8.48M 78s
 86650K .......... .......... .......... .......... .......... 35% 3.51M 78s
 86700K .......... .......... .......... .......... .......... 35% 5.74M 78s
 86750K .......... .......... .......... .......... .......... 35% 1000K 78s
 86800K .......... .......... .......... .......... .......... 35% 1.01M 78s
 86850K .......... .......... .......... .......... .......... 35% 1.52M 78s
 86900K .......... .......... .......... .......... .......... 35% 6.06M 78s
 86950K .......... .......... .......... .......... .......... 35% 8.74M 78s
 87000K .......... .......... .......... .......... .......... 35% 2.88M 78s
 87050K .......... .......... .......... .......... .......... 35% 7.67M 77s
 87100K .......... .......... .......... .......... .......... 35%  997K 78s
 87150K .......... .......... .......... .......... .......... 35% 1.07M 78s
 87200K .......... .......... .......... .......... .......... 36% 1.41M 78s
 87250K .......... .......... .......... .......... .......... 36% 6.33M 77s
 87300K .......... .......... .......... .......... .......... 36% 3.71M 77s
 87350K .......... .......... .......... .......... .......... 36% 5.17M 77s
 87400K .......... .......... .......... .......... .......... 36% 6.31M 77s
 87450K .......... .......... .......... .......... .......... 36% 1009K 77s
 87500K .......... .......... .......... .......... .......... 36% 1.08M 77s
 87550K .......... .......... .......... .......... .......... 36% 1.52M 77s
 87600K .......... .......... .......... .......... .......... 36% 5.01M 77s
 87650K .......... .......... .......... .......... .......... 36% 3.72M 77s
 87700K .......... .......... .......... .......... .......... 36% 5.09M 77s
 87750K .......... .......... .......... .......... .......... 36% 6.53M 77s
 87800K .......... .......... .......... .......... .......... 36%  933K 77s
 87850K .......... .......... .......... .......... .......... 36%  822K 77s
 87900K .......... .......... .......... .......... .......... 36% 3.98M 77s
 87950K .......... .......... .......... .......... .......... 36% 5.85M 77s
 88000K .......... .......... .......... .......... .......... 36% 3.22M 77s
 88050K .......... .......... .......... .......... .......... 36% 5.45M 77s
 88100K .......... .......... .......... .......... .......... 36% 6.22M 77s
 88150K .......... .......... .......... .......... .......... 36%  937K 77s
 88200K .......... .......... .......... .......... .......... 36%  805K 77s
 88250K .......... .......... .......... .......... .......... 36% 4.42M 77s
 88300K .......... .......... .......... .......... .......... 36% 5.97M 77s
 88350K .......... .......... .......... .......... .......... 36% 3.72M 77s
 88400K .......... .......... .......... .......... .......... 36% 4.43M 77s
 88450K .......... .......... .......... .......... .......... 36% 5.97M 77s
 88500K .......... .......... .......... .......... .......... 36%  939K 77s
 88550K .......... .......... .......... .......... .......... 36%  754K 77s
 88600K .......... .......... .......... .......... .......... 36% 7.36M 77s
 88650K .......... .......... .......... .......... .......... 36% 5.98M 77s
 88700K .......... .......... .......... .......... .......... 36% 3.80M 77s
 88750K .......... .......... .......... .......... .......... 36% 4.98M 77s
 88800K .......... .......... .......... .......... .......... 36% 5.22M 77s
 88850K .......... .......... .......... .......... .......... 36%  938K 77s
 88900K .......... .......... .......... .......... .......... 36%  754K 77s
 88950K .......... .......... .......... .......... .......... 36% 6.79M 77s
 89000K .......... .......... .......... .......... .......... 36% 6.41M 77s
 89050K .......... .......... .......... .......... .......... 36% 3.76M 76s
 89100K .......... .......... .......... .......... .......... 36% 5.16M 76s
 89150K .......... .......... .......... .......... .......... 36% 7.33M 76s
 89200K .......... .......... .......... .......... .......... 36%  895K 76s
 89250K .......... .......... .......... .......... .......... 36%  808K 76s
 89300K .......... .......... .......... .......... .......... 36% 4.06M 76s
 89350K .......... .......... .......... .......... .......... 36% 6.57M 76s
 89400K .......... .......... .......... .......... .......... 36% 3.82M 76s
 89450K .......... .......... .......... .......... .......... 36% 5.12M 76s
 89500K .......... .......... .......... .......... .......... 36% 7.78M 76s
 89550K .......... .......... .......... .......... .......... 36% 1000K 76s
 89600K .......... .......... .......... .......... .......... 37%  687K 76s
 89650K .......... .......... .......... .......... .......... 37% 6.87M 76s
 89700K .......... .......... .......... .......... .......... 37% 6.40M 76s
 89750K .......... .......... .......... .......... .......... 37% 3.93M 76s
 89800K .......... .......... .......... .......... .......... 37% 4.93M 76s
 89850K .......... .......... .......... .......... .......... 37% 8.87M 76s
 89900K .......... .......... .......... .......... .......... 37%  987K 76s
 89950K .......... .......... .......... .......... .......... 37% 1.01M 76s
 90000K .......... .......... .......... .......... .......... 37% 1.55M 76s
 90050K .......... .......... .......... .......... .......... 37% 6.69M 76s
 90100K .......... .......... .......... .......... .......... 37% 9.16M 76s
 90150K .......... .......... .......... .......... .......... 37% 3.47M 76s
 90200K .......... .......... .......... .......... .......... 37% 6.09M 76s
 90250K .......... .......... .......... .......... .......... 37% 5.82M 76s
 90300K .......... .......... .......... .......... .......... 37%  948K 76s
 90350K .......... .......... .......... .......... .......... 37%  747K 76s
 90400K .......... .......... .......... .......... .......... 37% 5.09M 76s
 90450K .......... .......... .......... .......... .......... 37% 9.18M 76s
 90500K .......... .......... .......... .......... .......... 37% 3.55M 76s
 90550K .......... .......... .......... .......... .......... 37% 5.74M 76s
 90600K .......... .......... .......... .......... .......... 37% 6.41M 76s
 90650K .......... .......... .......... .......... .......... 37%  950K 76s
 90700K .......... .......... .......... .......... .......... 37%  740K 76s
 90750K .......... .......... .......... .......... .......... 37% 7.91M 76s
 90800K .......... .......... .......... .......... .......... 37% 5.52M 76s
 90850K .......... .......... .......... .......... .......... 37% 3.68M 75s
 90900K .......... .......... .......... .......... .......... 37% 5.42M 75s
 90950K .......... .......... .......... .......... .......... 37% 6.69M 75s
 91000K .......... .......... .......... .......... .......... 37% 1019K 75s
 91050K .......... .......... .......... .......... .......... 37% 1.02M 75s
 91100K .......... .......... .......... .......... .......... 37% 1.65M 75s
 91150K .......... .......... .......... .......... .......... 37% 7.78M 75s
 91200K .......... .......... .......... .......... .......... 37% 3.37M 75s
 91250K .......... .......... .......... .......... .......... 37% 4.69M 75s
 91300K .......... .......... .......... .......... .......... 37% 9.51M 75s
 91350K .......... .......... .......... .......... .......... 37%  989K 75s
 91400K .......... .......... .......... .......... .......... 37% 1.01M 75s
 91450K .......... .......... .......... .......... .......... 37% 1.72M 75s
 91500K .......... .......... .......... .......... .......... 37% 8.32M 75s
 91550K .......... .......... .......... .......... .......... 37% 6.99M 75s
 91600K .......... .......... .......... .......... .......... 37% 3.15M 75s
 91650K .......... .......... .......... .......... .......... 37% 5.96M 75s
 91700K .......... .......... .......... .......... .......... 37% 6.38M 75s
 91750K .......... .......... .......... .......... .......... 37%  948K 75s
 91800K .......... .......... .......... .......... .......... 37%  754K 75s
 91850K .......... .......... .......... .......... .......... 37% 6.97M 75s
 91900K .......... .......... .......... .......... .......... 37% 6.96M 75s
 91950K .......... .......... .......... .......... .......... 37% 9.76M 75s
 92000K .......... .......... .......... .......... .......... 37% 2.65M 75s
 92050K .......... .......... .......... .......... .......... 38% 9.17M 75s
 92100K .......... .......... .......... .......... .......... 38%  986K 75s
 92150K .......... .......... .......... .......... .......... 38% 1.02M 75s
 92200K .......... .......... .......... .......... .......... 38% 1.72M 75s
 92250K .......... .......... .......... .......... .......... 38% 7.60M 75s
 92300K .......... .......... .......... .......... .......... 38% 8.47M 75s
 92350K .......... .......... .......... .......... .......... 38% 3.95M 75s
 92400K .......... .......... .......... .......... .......... 38% 4.41M 75s
 92450K .......... .......... .......... .......... .......... 38% 6.81M 74s
 92500K .......... .......... .......... .......... .......... 38%  975K 74s
 92550K .......... .......... .......... .......... .......... 38%  744K 75s
 92600K .......... .......... .......... .......... .......... 38% 7.01M 74s
 92650K .......... .......... .......... .......... .......... 38% 7.96M 74s
 92700K .......... .......... .......... .......... .......... 38% 8.18M 74s
 92750K .......... .......... .......... .......... .......... 38% 3.69M 74s
 92800K .......... .......... .......... .......... .......... 38% 4.97M 74s
 92850K .......... .......... .......... .......... .......... 38% 6.35M 74s
 92900K .......... .......... .......... .......... .......... 38%  957K 74s
 92950K .......... .......... .......... .......... .......... 38%  754K 74s
 93000K .......... .......... .......... .......... .......... 38% 7.51M 74s
 93050K .......... .......... .......... .......... .......... 38% 8.61M 74s
 93100K .......... .......... .......... .......... .......... 38% 7.86M 74s
 93150K .......... .......... .......... .......... .......... 38% 3.78M 74s
 93200K .......... .......... .......... .......... .......... 38% 4.76M 74s
 93250K .......... .......... .......... .......... .......... 38% 6.21M 74s
 93300K .......... .......... .......... .......... .......... 38%  972K 74s
 93350K .......... .......... .......... .......... .......... 38%  749K 74s
 93400K .......... .......... .......... .......... .......... 38% 8.02M 74s
 93450K .......... .......... .......... .......... .......... 38% 8.32M 74s
 93500K .......... .......... .......... .......... .......... 38% 8.93M 74s
 93550K .......... .......... .......... .......... .......... 38% 3.78M 74s
 93600K .......... .......... .......... .......... .......... 38% 4.75M 74s
 93650K .......... .......... .......... .......... .......... 38%  983K 74s
 93700K .......... .......... .......... .......... .......... 38% 4.91M 74s
 93750K .......... .......... .......... .......... .......... 38%  772K 74s
 93800K .......... .......... .......... .......... .......... 38% 7.80M 74s
 93850K .......... .......... .......... .......... .......... 38% 8.29M 74s
 93900K .......... .......... .......... .......... .......... 38% 9.47M 74s
 93950K .......... .......... .......... .......... .......... 38% 3.76M 74s
 94000K .......... .......... .......... .......... .......... 38% 4.82M 74s
 94050K .......... .......... .......... .......... .......... 38% 6.45M 73s
 94100K .......... .......... .......... .......... .......... 38%  972K 73s
 94150K .......... .......... .......... .......... .......... 38%  756K 74s
 94200K .......... .......... .......... .......... .......... 38% 8.67M 73s
 94250K .......... .......... .......... .......... .......... 38% 7.13M 73s
 94300K .......... .......... .......... .......... .......... 38% 10.4M 73s
 94350K .......... .......... .......... .......... .......... 38% 3.88M 73s
 94400K .......... .......... .......... .......... .......... 38% 4.85M 73s
 94450K .......... .......... .......... .......... .......... 39% 7.27M 73s
 94500K .......... .......... .......... .......... .......... 39%  960K 73s
 94550K .......... .......... .......... .......... .......... 39% 1.10M 73s
 94600K .......... .......... .......... .......... .......... 39% 1.80M 73s
 94650K .......... .......... .......... .......... .......... 39% 7.02M 73s
 94700K .......... .......... .......... .......... .......... 39% 10.7M 73s
 94750K .......... .......... .......... .......... .......... 39% 4.08M 73s
 94800K .......... .......... .......... .......... .......... 39% 4.57M 73s
 94850K .......... .......... .......... .......... .......... 39% 8.35M 73s
 94900K .......... .......... .......... .......... .......... 39% 1007K 73s
 94950K .......... .......... .......... .......... .......... 39% 1.02M 73s
 95000K .......... .......... .......... .......... .......... 39% 1.83M 73s
 95050K .......... .......... .......... .......... .......... 39% 9.38M 73s
 95100K .......... .......... .......... .......... .......... 39% 7.42M 73s
 95150K .......... .......... .......... .......... .......... 39% 11.4M 73s
 95200K .......... .......... .......... .......... .......... 39% 2.79M 73s
 95250K .......... .......... .......... .......... .......... 39% 9.61M 73s
 95300K .......... .......... .......... .......... .......... 39% 7.70M 73s
 95350K .......... .......... .......... .......... .......... 39%  959K 73s
 95400K .......... .......... .......... .......... .......... 39% 1.09M 73s
 95450K .......... .......... .......... .......... .......... 39% 1.82M 73s
 95500K .......... .......... .......... .......... .......... 39% 7.32M 73s
 95550K .......... .......... .......... .......... .......... 39% 11.3M 73s
 95600K .......... .......... .......... .......... .......... 39% 3.69M 73s
 95650K .......... .......... .......... .......... .......... 39% 5.49M 72s
 95700K .......... .......... .......... .......... .......... 39% 9.56M 72s
 95750K .......... .......... .......... .......... .......... 39% 1.03M 72s
 95800K .......... .......... .......... .......... .......... 39% 4.57M 72s
 95850K .......... .......... .......... .......... .......... 39%  757K 72s
 95900K .......... .......... .......... .......... .......... 39% 9.06M 72s
 95950K .......... .......... .......... .......... .......... 39% 7.90M 72s
 96000K .......... .......... .......... .......... .......... 39% 8.38M 72s
 96050K .......... .......... .......... .......... .......... 39% 4.00M 72s
 96100K .......... .......... .......... .......... .......... 39% 5.72M 72s
 96150K .......... .......... .......... .......... .......... 39% 10.3M 72s
 96200K .......... .......... .......... .......... .......... 39% 1019K 72s
 96250K .......... .......... .......... .......... .......... 39% 4.67M 72s
 96300K .......... .......... .......... .......... .......... 39%  775K 72s
 96350K .......... .......... .......... .......... .......... 39% 9.25M 72s
 96400K .......... .......... .......... .......... .......... 39% 6.50M 72s
 96450K .......... .......... .......... .......... .......... 39% 12.1M 72s
 96500K .......... .......... .......... .......... .......... 39% 3.98M 72s
 96550K .......... .......... .......... .......... .......... 39% 6.08M 72s
 96600K .......... .......... .......... .......... .......... 39% 9.81M 72s
 96650K .......... .......... .......... .......... .......... 39% 1.03M 72s
 96700K .......... .......... .......... .......... .......... 39% 4.89M 72s
 96750K .......... .......... .......... .......... .......... 39%  755K 72s
 96800K .......... .......... .......... .......... .......... 39% 7.37M 72s
 96850K .......... .......... .......... .......... .......... 39% 8.36M 72s
 96900K .......... .......... .......... .......... .......... 40% 10.7M 72s
 96950K .......... .......... .......... .......... .......... 40% 4.44M 72s
 97000K .......... .......... .......... .......... .......... 40% 5.46M 72s
 97050K .......... .......... .......... .......... .......... 40% 10.3M 71s
 97100K .......... .......... .......... .......... .......... 40% 8.87M 71s
 97150K .......... .......... .......... .......... .......... 40% 1001K 71s
 97200K .......... .......... .......... .......... .......... 40%  737K 71s
 97250K .......... .......... .......... .......... .......... 40% 7.49M 71s
 97300K .......... .......... .......... .......... .......... 40% 8.97M 71s
 97350K .......... .......... .......... .......... .......... 40% 10.6M 71s
 97400K .......... .......... .......... .......... .......... 40% 4.61M 71s
 97450K .......... .......... .......... .......... .......... 40% 8.27M 71s
 97500K .......... .......... .......... .......... .......... 40% 6.45M 71s
 97550K .......... .......... .......... .......... .......... 40% 10.7M 71s
 97600K .......... .......... .......... .......... .......... 40%  975K 71s
 97650K .......... .......... .......... .......... .......... 40% 1.03M 71s
 97700K .......... .......... .......... .......... .......... 40% 1.91M 71s
 97750K .......... .......... .......... .......... .......... 40% 9.64M 71s
 97800K .......... .......... .......... .......... .......... 40% 8.59M 71s
 97850K .......... .......... .......... .......... .......... 40% 10.6M 71s
 97900K .......... .......... .......... .......... .......... 40% 4.56M 71s
 97950K .......... .......... .......... .......... .......... 40% 5.86M 71s
 98000K .......... .......... .......... .......... .......... 40% 7.69M 71s
 98050K .......... .......... .......... .......... .......... 40% 8.34M 71s
 98100K .......... .......... .......... .......... .......... 40% 1001K 71s
 98150K .......... .......... .......... .......... .......... 40% 1.06M 71s
 98200K .......... .......... .......... .......... .......... 40% 1.96M 71s
 98250K .......... .......... .......... .......... .......... 40% 10.1M 71s
 98300K .......... .......... .......... .......... .......... 40% 8.56M 71s
 98350K .......... .......... .......... .......... .......... 40% 11.4M 71s
 98400K .......... .......... .......... .......... .......... 40% 3.96M 71s
 98450K .......... .......... .......... .......... .......... 40% 5.74M 71s
 98500K .......... .......... .......... .......... .......... 40% 10.3M 70s
 98550K .......... .......... .......... .......... .......... 40% 9.24M 70s
 98600K .......... .......... .......... .......... .......... 40% 1005K 70s
 98650K .......... .......... .......... .......... .......... 40% 1.06M 70s
 98700K .......... .......... .......... .......... .......... 40% 1.97M 70s
 98750K .......... .......... .......... .......... .......... 40% 10.6M 70s
 98800K .......... .......... .......... .......... .......... 40% 6.84M 70s
 98850K .......... .......... .......... .......... .......... 40% 12.0M 70s
 98900K .......... .......... .......... .......... .......... 40% 4.63M 70s
 98950K .......... .......... .......... .......... .......... 40% 5.72M 70s
 99000K .......... .......... .......... .......... .......... 40% 10.2M 70s
 99050K .......... .......... .......... .......... .......... 40% 11.3M 70s
 99100K .......... .......... .......... .......... .......... 40% 1.01M 70s
 99150K .......... .......... .......... .......... .......... 40% 1.05M 70s
 99200K .......... .......... .......... .......... .......... 40% 1.77M 70s
 99250K .......... .......... .......... .......... .......... 40% 11.0M 70s
 99300K .......... .......... .......... .......... .......... 41% 8.44M 70s
 99350K .......... .......... .......... .......... .......... 41% 11.7M 70s
 99400K .......... .......... .......... .......... .......... 41% 5.09M 70s
 99450K .......... .......... .......... .......... .......... 41% 5.97M 70s
 99500K .......... .......... .......... .......... .......... 41% 10.3M 70s
 99550K .......... .......... .......... .......... .......... 41% 9.94M 70s
 99600K .......... .......... .......... .......... .......... 41% 1014K 70s
 99650K .......... .......... .......... .......... .......... 41% 1.06M 70s
 99700K .......... .......... .......... .......... .......... 41% 1.83M 70s
 99750K .......... .......... .......... .......... .......... 41% 11.5M 70s
 99800K .......... .......... .......... .......... .......... 41% 9.99M 70s
 99850K .......... .......... .......... .......... .......... 41% 9.71M 70s
 99900K .......... .......... .......... .......... .......... 41% 11.6M 69s
 99950K .......... .......... .......... .......... .......... 41% 5.10M 69s
100000K .......... .......... .......... .......... .......... 41% 4.89M 69s
100050K .......... .......... .......... .......... .......... 41% 10.8M 69s
100100K .......... .......... .......... .......... .......... 41% 11.6M 69s
100150K .......... .......... .......... .......... .......... 41% 1.01M 69s
100200K .......... .......... .......... .......... .......... 41% 1.04M 69s
100250K .......... .......... .......... .......... .......... 41% 1.91M 69s
100300K .......... .......... .......... .......... .......... 41% 11.7M 69s
100350K .......... .......... .......... .......... .......... 41% 10.3M 69s
100400K .......... .......... .......... .......... .......... 41% 7.93M 69s
100450K .......... .......... .......... .......... .......... 41% 5.32M 69s
100500K .......... .......... .......... .......... .......... 41% 10.4M 69s
100550K .......... .......... .......... .......... .......... 41% 6.18M 69s
100600K .......... .......... .......... .......... .......... 41% 10.3M 69s
100650K .......... .......... .......... .......... .......... 41% 10.8M 69s
100700K .......... .......... .......... .......... .......... 41% 1.03M 69s
100750K .......... .......... .......... .......... .......... 41% 1.04M 69s
100800K .......... .......... .......... .......... .......... 41% 1.81M 69s
100850K .......... .......... .......... .......... .......... 41% 11.7M 69s
100900K .......... .......... .......... .......... .......... 41% 11.3M 69s
100950K .......... .......... .......... .......... .......... 41% 10.3M 69s
101000K .......... .......... .......... .......... .......... 41% 11.7M 69s
101050K .......... .......... .......... .......... .......... 41% 5.33M 69s
101100K .......... .......... .......... .......... .......... 41% 6.07M 69s
101150K .......... .......... .......... .......... .......... 41% 11.1M 69s
101200K .......... .......... .......... .......... .......... 41% 8.39M 68s
101250K .......... .......... .......... .......... .......... 41% 1.04M 68s
101300K .......... .......... .......... .......... .......... 41% 1.03M 68s
101350K .......... .......... .......... .......... .......... 41% 1.96M 68s
101400K .......... .......... .......... .......... .......... 41% 10.8M 68s
101450K .......... .......... .......... .......... .......... 41% 11.7M 68s
101500K .......... .......... .......... .......... .......... 41% 10.3M 68s
101550K .......... .......... .......... .......... .......... 41% 12.4M 68s
101600K .......... .......... .......... .......... .......... 41% 4.62M 68s
101650K .......... .......... .......... .......... .......... 41% 7.67M 68s
101700K .......... .......... .......... .......... .......... 41% 8.29M 68s
101750K .......... .......... .......... .......... .......... 42% 11.8M 68s
101800K .......... .......... .......... .......... .......... 42% 1.08M 68s
101850K .......... .......... .......... .......... .......... 42% 8.17M 68s
101900K .......... .......... .......... .......... .......... 42% 1.04M 68s
101950K .......... .......... .......... .......... .......... 42% 1.96M 68s
102000K .......... .......... .......... .......... .......... 42% 8.30M 68s
102050K .......... .......... .......... .......... .......... 42% 11.7M 68s
102100K .......... .......... .......... .......... .......... 42% 11.7M 68s
102150K .......... .......... .......... .......... .......... 42% 11.6M 68s
102200K .......... .......... .......... .......... .......... 42% 5.70M 68s
102250K .......... .......... .......... .......... .......... 42% 7.50M 68s
102300K .......... .......... .......... .......... .......... 42% 8.42M 68s
102350K .......... .......... .......... .......... .......... 42% 11.6M 68s
102400K .......... .......... .......... .......... .......... 42% 1.03M 68s
102450K .......... .......... .......... .......... .......... 42% 6.03M 68s
102500K .......... .......... .......... .......... .......... 42% 1.12M 68s
102550K .......... .......... .......... .......... .......... 42% 1.97M 68s
102600K .......... .......... .......... .......... .......... 42% 10.6M 67s
102650K .......... .......... .......... .......... .......... 42% 11.7M 67s
102700K .......... .......... .......... .......... .......... 42% 11.9M 67s
102750K .......... .......... .......... .......... .......... 42% 11.6M 67s
102800K .......... .......... .......... .......... .......... 42% 5.05M 67s
102850K .......... .......... .......... .......... .......... 42% 7.83M 67s
102900K .......... .......... .......... .......... .......... 42% 8.29M 67s
102950K .......... .......... .......... .......... .......... 42% 11.9M 67s
103000K .......... .......... .......... .......... .......... 42% 1.10M 67s
103050K .......... .......... .......... .......... .......... 42% 8.45M 67s
103100K .......... .......... .......... .......... .......... 42% 1.04M 67s
103150K .......... .......... .......... .......... .......... 42% 2.02M 67s
103200K .......... .......... .......... .......... .......... 42% 7.98M 67s
103250K .......... .......... .......... .......... .......... 42% 11.6M 67s
103300K .......... .......... .......... .......... .......... 42% 11.9M 67s
103350K .......... .......... .......... .......... .......... 42% 11.6M 67s
103400K .......... .......... .......... .......... .......... 42% 6.48M 67s
103450K .......... .......... .......... .......... .......... 42% 11.6M 67s
103500K .......... .......... .......... .......... .......... 42% 6.72M 67s
103550K .......... .......... .......... .......... .......... 42% 10.1M 67s
103600K .......... .......... .......... .......... .......... 42% 9.00M 67s
103650K .......... .......... .......... .......... .......... 42% 1.08M 67s
103700K .......... .......... .......... .......... .......... 42% 5.86M 67s
103750K .......... .......... .......... .......... .......... 42% 1.13M 67s
103800K .......... .......... .......... .......... .......... 42% 2.02M 67s
103850K .......... .......... .......... .......... .......... 42% 11.6M 67s
103900K .......... .......... .......... .......... .......... 42% 11.2M 66s
103950K .......... .......... .......... .......... .......... 42% 11.9M 66s
104000K .......... .......... .......... .......... .......... 42% 8.64M 66s
104050K .......... .......... .......... .......... .......... 42% 7.07M 66s
104100K .......... .......... .......... .......... .......... 42% 11.8M 66s
104150K .......... .......... .......... .......... .......... 43% 6.74M 66s
104200K .......... .......... .......... .......... .......... 43% 11.2M 66s
104250K .......... .......... .......... .......... .......... 43% 11.5M 66s
104300K .......... .......... .......... .......... .......... 43% 1.10M 66s
104350K .......... .......... .......... .......... .......... 43% 6.05M 66s
104400K .......... .......... .......... .......... .......... 43% 1.06M 66s
104450K .......... .......... .......... .......... .......... 43% 2.07M 66s
104500K .......... .......... .......... .......... .......... 43% 11.7M 66s
104550K .......... .......... .......... .......... .......... 43% 11.7M 66s
104600K .......... .......... .......... .......... .......... 43% 11.2M 66s
104650K .......... .......... .......... .......... .......... 43% 11.6M 66s
104700K .......... .......... .......... .......... .......... 43% 7.74M 66s
104750K .......... .......... .......... .......... .......... 43% 11.9M 66s
104800K .......... .......... .......... .......... .......... 43% 5.82M 66s
104850K .......... .......... .......... .......... .......... 43% 11.7M 66s
104900K .......... .......... .......... .......... .......... 43% 11.6M 66s
104950K .......... .......... .......... .......... .......... 43% 1.10M 66s
105000K .......... .......... .......... .......... .......... 43% 9.31M 66s
105050K .......... .......... .......... .......... .......... 43% 1.05M 66s
105100K .......... .......... .......... .......... .......... 43% 2.12M 66s
105150K .......... .......... .......... .......... .......... 43% 9.74M 66s
105200K .......... .......... .......... .......... .......... 43% 8.90M 65s
105250K .......... .......... .......... .......... .......... 43% 11.6M 65s
105300K .......... .......... .......... .......... .......... 43% 11.2M 65s
105350K .......... .......... .......... .......... .......... 43% 11.9M 65s
105400K .......... .......... .......... .......... .......... 43% 8.69M 65s
105450K .......... .......... .......... .......... .......... 43% 10.6M 65s
105500K .......... .......... .......... .......... .......... 43% 7.76M 65s
105550K .......... .......... .......... .......... .......... 43% 11.2M 65s
105600K .......... .......... .......... .......... .......... 43% 8.62M 65s
105650K .......... .......... .......... .......... .......... 43% 1.10M 65s
105700K .......... .......... .......... .......... .......... 43% 5.60M 65s
105750K .......... .......... .......... .......... .......... 43% 1.16M 65s
105800K .......... .......... .......... .......... .......... 43% 2.07M 65s
105850K .......... .......... .......... .......... .......... 43% 11.4M 65s
105900K .......... .......... .......... .......... .......... 43% 12.0M 65s
105950K .......... .......... .......... .......... .......... 43% 11.4M 65s
106000K .......... .......... .......... .......... .......... 43% 8.71M 65s
106050K .......... .......... .......... .......... .......... 43% 12.1M 65s
106100K .......... .......... .......... .......... .......... 43% 9.83M 65s
106150K .......... .......... .......... .......... .......... 43% 10.1M 65s
106200K .......... .......... .......... .......... .......... 43% 8.21M 65s
106250K .......... .......... .......... .......... .......... 43% 10.7M 65s
106300K .......... .......... .......... .......... .......... 43% 12.1M 65s
106350K .......... .......... .......... .......... .......... 43% 1.12M 65s
106400K .......... .......... .......... .......... .......... 43% 5.34M 64s
106450K .......... .......... .......... .......... .......... 43% 1.13M 64s
106500K .......... .......... .......... .......... .......... 43% 2.09M 64s
106550K .......... .......... .......... .......... .......... 43% 11.4M 64s
106600K .......... .......... .......... .......... .......... 44% 11.3M 64s
106650K .......... .......... .......... .......... .......... 44% 12.0M 64s
106700K .......... .......... .......... .......... .......... 44% 11.3M 64s
106750K .......... .......... .......... .......... .......... 44% 12.0M 64s
106800K .......... .......... .......... .......... .......... 44% 8.81M 64s
106850K .......... .......... .......... .......... .......... 44% 11.3M 64s
106900K .......... .......... .......... .......... .......... 44% 8.56M 64s
106950K .......... .......... .......... .......... .......... 44% 10.1M 64s
107000K .......... .......... .......... .......... .......... 44% 12.0M 64s
107050K .......... .......... .......... .......... .......... 44% 1.15M 64s
107100K .......... .......... .......... .......... .......... 44% 9.16M 64s
107150K .......... .......... .......... .......... .......... 44% 5.78M 64s
107200K .......... .......... .......... .......... .......... 44% 1.13M 64s
107250K .......... .......... .......... .......... .......... 44% 2.11M 64s
107300K .......... .......... .......... .......... .......... 44% 11.7M 64s
107350K .......... .......... .......... .......... .......... 44% 11.7M 64s
107400K .......... .......... .......... .......... .......... 44% 11.7M 64s
107450K .......... .......... .......... .......... .......... 44% 11.9M 64s
107500K .......... .......... .......... .......... .......... 44% 11.4M 64s
107550K .......... .......... .......... .......... .......... 44% 11.3M 64s
107600K .......... .......... .......... .......... .......... 44% 8.78M 64s
107650K .......... .......... .......... .......... .......... 44% 10.1M 63s
107700K .......... .......... .......... .......... .......... 44% 10.2M 63s
107750K .......... .......... .......... .......... .......... 44% 11.3M 63s
107800K .......... .......... .......... .......... .......... 44% 1.16M 63s
107850K .......... .......... .......... .......... .......... 44% 9.49M 63s
107900K .......... .......... .......... .......... .......... 44% 5.68M 63s
107950K .......... .......... .......... .......... .......... 44% 1.18M 63s
108000K .......... .......... .......... .......... .......... 44% 1.97M 63s
108050K .......... .......... .......... .......... .......... 44% 11.7M 63s
108100K .......... .......... .......... .......... .......... 44% 11.6M 63s
108150K .......... .......... .......... .......... .......... 44% 11.5M 63s
108200K .......... .......... .......... .......... .......... 44% 11.8M 63s
108250K .......... .......... .......... .......... .......... 44% 11.6M 63s
108300K .......... .......... .......... .......... .......... 44% 11.8M 63s
108350K .......... .......... .......... .......... .......... 44% 11.7M 63s
108400K .......... .......... .......... .......... .......... 44% 8.66M 63s
108450K .......... .......... .......... .......... .......... 44% 11.6M 63s
108500K .......... .......... .......... .......... .......... 44% 11.8M 63s
108550K .......... .......... .......... .......... .......... 44% 11.5M 63s
108600K .......... .......... .......... .......... .......... 44% 1.17M 63s
108650K .......... .......... .......... .......... .......... 44% 7.76M 63s
108700K .......... .......... .......... .......... .......... 44% 1.11M 63s
108750K .......... .......... .......... .......... .......... 44% 10.8M 63s
108800K .......... .......... .......... .......... .......... 44% 2.02M 63s
108850K .......... .......... .......... .......... .......... 44% 11.6M 63s
108900K .......... .......... .......... .......... .......... 44% 11.6M 63s
108950K .......... .......... .......... .......... .......... 44% 11.7M 63s
109000K .......... .......... .......... .......... .......... 45% 11.7M 62s
109050K .......... .......... .......... .......... .......... 45% 11.5M 62s
109100K .......... .......... .......... .......... .......... 45% 11.8M 62s
109150K .......... .......... .......... .......... .......... 45% 11.7M 62s
109200K .......... .......... .......... .......... .......... 45% 8.81M 62s
109250K .......... .......... .......... .......... .......... 45% 11.4M 62s
109300K .......... .......... .......... .......... .......... 45% 12.0M 62s
109350K .......... .......... .......... .......... .......... 45% 11.4M 62s
109400K .......... .......... .......... .......... .......... 45% 1.20M 62s
109450K .......... .......... .......... .......... .......... 45% 8.62M 62s
109500K .......... .......... .......... .......... .......... 45% 1.11M 62s
109550K .......... .......... .......... .......... .......... 45% 11.4M 62s
109600K .......... .......... .......... .......... .......... 45% 2.01M 62s
109650K .......... .......... .......... .......... .......... 45% 11.9M 62s
109700K .......... .......... .......... .......... .......... 45% 11.3M 62s
109750K .......... .......... .......... .......... .......... 45% 12.1M 62s
109800K .......... .......... .......... .......... .......... 45% 11.3M 62s
109850K .......... .......... .......... .......... .......... 45% 11.5M 62s
109900K .......... .......... .......... .......... .......... 45% 12.0M 62s
109950K .......... .......... .......... .......... .......... 45% 11.3M 62s
110000K .......... .......... .......... .......... .......... 45% 8.94M 62s
110050K .......... .......... .......... .......... .......... 45% 11.4M 62s
110100K .......... .......... .......... .......... .......... 45% 12.0M 62s
110150K .......... .......... .......... .......... .......... 45% 11.7M 62s
110200K .......... .......... .......... .......... .......... 45% 1.25M 62s
110250K .......... .......... .......... .......... .......... 45% 11.6M 61s
110300K .......... .......... .......... .......... .......... 45% 5.96M 61s
110350K .......... .......... .......... .......... .......... 45% 1.19M 61s
110400K .......... .......... .......... .......... .......... 45% 2.07M 61s
110450K .......... .......... .......... .......... .......... 45% 10.1M 61s
110500K .......... .......... .......... .......... .......... 45% 12.0M 61s
110550K .......... .......... .......... .......... .......... 45% 11.3M 61s
110600K .......... .......... .......... .......... .......... 45% 12.1M 61s
110650K .......... .......... .......... .......... .......... 45% 11.3M 61s
110700K .......... .......... .......... .......... .......... 45% 12.0M 61s
110750K .......... .......... .......... .......... .......... 45% 11.3M 61s
110800K .......... .......... .......... .......... .......... 45% 8.97M 61s
110850K .......... .......... .......... .......... .......... 45% 11.6M 61s
110900K .......... .......... .......... .......... .......... 45% 11.3M 61s
110950K .......... .......... .......... .......... .......... 45% 12.0M 61s
111000K .......... .......... .......... .......... .......... 45% 11.3M 61s
111050K .......... .......... .......... .......... .......... 45% 1.31M 61s
111100K .......... .......... .......... .......... .......... 45% 10.7M 61s
111150K .......... .......... .......... .......... .......... 45% 6.17M 61s
111200K .......... .......... .......... .......... .......... 45% 1.16M 61s
111250K .......... .......... .......... .......... .......... 45% 2.25M 61s
111300K .......... .......... .......... .......... .......... 45% 9.98M 61s
111350K .......... .......... .......... .......... .......... 45% 11.3M 61s
111400K .......... .......... .......... .......... .......... 45% 11.3M 61s
111450K .......... .......... .......... .......... .......... 46% 12.0M 61s
111500K .......... .......... .......... .......... .......... 46% 11.3M 61s
111550K .......... .......... .......... .......... .......... 46% 11.8M 60s
111600K .......... .......... .......... .......... .......... 46% 8.67M 60s
111650K .......... .......... .......... .......... .......... 46% 11.7M 60s
111700K .......... .......... .......... .......... .......... 46% 11.7M 60s
111750K .......... .......... .......... .......... .......... 46% 11.6M 60s
111800K .......... .......... .......... .......... .......... 46% 11.7M 60s
111850K .......... .......... .......... .......... .......... 46% 10.9M 60s
111900K .......... .......... .......... .......... .......... 46% 1.39M 60s
111950K .......... .......... .......... .......... .......... 46% 11.5M 60s
112000K .......... .......... .......... .......... .......... 46% 5.62M 60s
112050K .......... .......... .......... .......... .......... 46% 1.17M 60s
112100K .......... .......... .......... .......... .......... 46% 10.5M 60s
112150K .......... .......... .......... .......... .......... 46% 2.24M 60s
112200K .......... .......... .......... .......... .......... 46% 11.6M 60s
112250K .......... .......... .......... .......... .......... 46% 11.6M 60s
112300K .......... .......... .......... .......... .......... 46% 11.0M 60s
112350K .......... .......... .......... .......... .......... 46% 11.6M 60s
112400K .......... .......... .......... .......... .......... 46% 8.76M 60s
112450K .......... .......... .......... .......... .......... 46% 9.45M 60s
112500K .......... .......... .......... .......... .......... 46% 11.8M 60s
112550K .......... .......... .......... .......... .......... 46%  295K 60s
112600K .......... .......... .......... .......... .......... 46%  580M 60s
112650K .......... .......... .......... .......... .......... 46%  574M 60s
112700K .......... .......... .......... .......... .......... 46% 3.58M 60s
112750K .......... .......... .......... .......... .......... 46% 31.3M 60s
112800K .......... .......... .......... .......... .......... 46%  443M 60s
112850K .......... .......... .......... .......... .......... 46%  610M 60s
112900K .......... .......... .......... .......... .......... 46% 1.02M 60s
112950K .......... .......... .......... .......... .......... 46%  525M 60s
113000K .......... .......... .......... .......... .......... 46%  615M 59s
113050K .......... .......... .......... .......... .......... 46%  592M 59s
113100K .......... .......... .......... .......... .......... 46%  587M 59s
113150K .......... .......... .......... .......... .......... 46%  611M 59s
113200K .......... .......... .......... .......... .......... 46%  454M 59s
113250K .......... .......... .......... .......... .......... 46%  609M 59s
113300K .......... .......... .......... .......... .......... 46%  584M 59s
113350K .......... .......... .......... .......... .......... 46%  598M 59s
113400K .......... .......... .......... .......... .......... 46%  623M 59s
113450K .......... .......... .......... .......... .......... 46%  607M 59s
113500K .......... .......... .......... .......... .......... 46%  610M 59s
113550K .......... .......... .......... .......... .......... 46%  620M 59s
113600K .......... .......... .......... .......... .......... 46%  398M 59s
113650K .......... .......... .......... .......... .......... 46%  606M 59s
113700K .......... .......... .......... .......... .......... 46% 30.0M 59s
113750K .......... .......... .......... .......... .......... 46% 1.14M 59s
113800K .......... .......... .......... .......... .......... 46% 2.08M 59s
113850K .......... .......... .......... .......... .......... 47% 8.21M 59s
113900K .......... .......... .......... .......... .......... 47% 7.89M 59s
113950K .......... .......... .......... .......... .......... 47% 8.66M 59s
114000K .......... .......... .......... .......... .......... 47% 5.64M 59s
114050K .......... .......... .......... .......... .......... 47% 8.41M 59s
114100K .......... .......... .......... .......... .......... 47% 9.75M 59s
114150K .......... .......... .......... .......... .......... 47% 8.65M 58s
114200K .......... .......... .......... .......... .......... 47% 8.10M 58s
114250K .......... .......... .......... .......... .......... 47% 7.01M 58s
114300K .......... .......... .......... .......... .......... 47% 1.31M 58s
114350K .......... .......... .......... .......... .......... 47% 8.95M 58s
114400K .......... .......... .......... .......... .......... 47% 1.07M 58s
114450K .......... .......... .......... .......... .......... 47% 2.12M 58s
114500K .......... .......... .......... .......... .......... 47% 8.53M 58s
114550K .......... .......... .......... .......... .......... 47% 8.26M 58s
114600K .......... .......... .......... .......... .......... 47% 8.14M 58s
114650K .......... .......... .......... .......... .......... 47% 7.91M 58s
114700K .......... .......... .......... .......... .......... 47% 7.73M 58s
114750K .......... .......... .......... .......... .......... 47% 10.9M 58s
114800K .......... .......... .......... .......... .......... 47% 6.75M 58s
114850K .......... .......... .......... .......... .......... 47% 8.70M 58s
114900K .......... .......... .......... .......... .......... 47% 7.05M 58s
114950K .......... .......... .......... .......... .......... 47% 1.30M 58s
115000K .......... .......... .......... .......... .......... 47% 9.58M 58s
115050K .......... .......... .......... .......... .......... 47% 1.12M 58s
115100K .......... .......... .......... .......... .......... 47% 2.25M 58s
115150K .......... .......... .......... .......... .......... 47% 7.17M 58s
115200K .......... .......... .......... .......... .......... 47% 6.64M 58s
115250K .......... .......... .......... .......... .......... 47% 8.06M 58s
115300K .......... .......... .......... .......... .......... 47% 8.85M 58s
115350K .......... .......... .......... .......... .......... 47% 6.78M 58s
115400K .......... .......... .......... .......... .......... 47% 10.8M 58s
115450K .......... .......... .......... .......... .......... 47% 10.8M 58s
115500K .......... .......... .......... .......... .......... 47% 8.42M 58s
115550K .......... .......... .......... .......... .......... 47% 8.20M 58s
115600K .......... .......... .......... .......... .......... 47% 1.24M 58s
115650K .......... .......... .......... .......... .......... 47% 8.24M 57s
115700K .......... .......... .......... .......... .......... 47% 8.16M 57s
115750K .......... .......... .......... .......... .......... 47% 1.13M 57s
115800K .......... .......... .......... .......... .......... 47% 2.22M 57s
115850K .......... .......... .......... .......... .......... 47% 8.41M 57s
115900K .......... .......... .......... .......... .......... 47% 9.04M 57s
115950K .......... .......... .......... .......... .......... 47% 8.93M 57s
116000K .......... .......... .......... .......... .......... 47% 6.15M 57s
116050K .......... .......... .......... .......... .......... 47% 7.83M 57s
116100K .......... .......... .......... .......... .......... 47% 10.8M 57s
116150K .......... .......... .......... .......... .......... 47% 9.06M 57s
116200K .......... .......... .......... .......... .......... 47% 9.71M 57s
116250K .......... .......... .......... .......... .......... 48% 9.24M 57s
116300K .......... .......... .......... .......... .......... 48% 1.32M 57s
116350K .......... .......... .......... .......... .......... 48% 7.33M 57s
116400K .......... .......... .......... .......... .......... 48% 1.13M 57s
116450K .......... .......... .......... .......... .......... 48% 6.57M 57s
116500K .......... .......... .......... .......... .......... 48% 2.20M 57s
116550K .......... .......... .......... .......... .......... 48% 8.90M 57s
116600K .......... .......... .......... .......... .......... 48% 9.76M 57s
116650K .......... .......... .......... .......... .......... 48% 8.68M 57s
116700K .......... .......... .......... .......... .......... 48% 7.98M 57s
116750K .......... .......... .......... .......... .......... 48% 7.98M 57s
116800K .......... .......... .......... .......... .......... 48% 7.77M 57s
116850K .......... .......... .......... .......... .......... 48% 9.97M 57s
116900K .......... .......... .......... .......... .......... 48% 9.93M 57s
116950K .......... .......... .......... .......... .......... 48% 8.71M 57s
117000K .......... .......... .......... .......... .......... 48% 1.34M 57s
117050K .......... .......... .......... .......... .......... 48% 7.42M 57s
117100K .......... .......... .......... .......... .......... 48% 9.28M 56s
117150K .......... .......... .......... .......... .......... 48% 1.12M 56s
117200K .......... .......... .......... .......... .......... 48% 2.06M 56s
117250K .......... .......... .......... .......... .......... 48% 8.63M 56s
117300K .......... .......... .......... .......... .......... 48% 10.3M 56s
117350K .......... .......... .......... .......... .......... 48% 8.70M 56s
117400K .......... .......... .......... .......... .......... 48% 8.62M 56s
117450K .......... .......... .......... .......... .......... 48% 8.76M 56s
117500K .......... .......... .......... .......... .......... 48% 8.75M 56s
117550K .......... .......... .......... .......... .......... 48% 10.3M 56s
117600K .......... .......... .......... .......... .......... 48% 8.22M 56s
117650K .......... .......... .......... .......... .......... 48% 8.42M 56s
117700K .......... .......... .......... .......... .......... 48% 7.84M 56s
117750K .......... .......... .......... .......... .......... 48% 1.33M 56s
117800K .......... .......... .......... .......... .......... 48% 8.62M 56s
117850K .......... .......... .......... .......... .......... 48% 1.20M 56s
117900K .......... .......... .......... .......... .......... 48% 6.56M 56s
117950K .......... .......... .......... .......... .......... 48% 2.24M 56s
118000K .......... .......... .......... .......... .......... 48% 7.29M 56s
118050K .......... .......... .......... .......... .......... 48% 9.05M 56s
118100K .......... .......... .......... .......... .......... 48% 8.14M 56s
118150K .......... .......... .......... .......... .......... 48% 9.71M 56s
118200K .......... .......... .......... .......... .......... 48% 8.49M 56s
118250K .......... .......... .......... .......... .......... 48% 10.3M 56s
118300K .......... .......... .......... .......... .......... 48% 11.6M 56s
118350K .......... .......... .......... .......... .......... 48% 10.3M 56s
118400K .......... .......... .......... .......... .......... 48% 6.35M 56s
118450K .......... .......... .......... .......... .......... 48% 1.36M 56s
118500K .......... .......... .......... .......... .......... 48% 7.15M 56s
118550K .......... .......... .......... .......... .......... 48% 9.14M 55s
118600K .......... .......... .......... .......... .......... 48% 1.16M 55s
118650K .......... .......... .......... .......... .......... 48% 2.33M 55s
118700K .......... .......... .......... .......... .......... 49% 6.86M 55s
118750K .......... .......... .......... .......... .......... 49% 11.0M 55s
118800K .......... .......... .......... .......... .......... 49% 6.75M 55s
118850K .......... .......... .......... .......... .......... 49% 9.52M 55s
118900K .......... .......... .......... .......... .......... 49% 9.39M 55s
118950K .......... .......... .......... .......... .......... 49% 8.18M 55s
119000K .......... .......... .......... .......... .......... 49% 11.2M 55s
119050K .......... .......... .......... .......... .......... 49% 11.4M 55s
119100K .......... .......... .......... .......... .......... 49% 10.6M 55s
119150K .......... .......... .......... .......... .......... 49% 8.72M 55s
119200K .......... .......... .......... .......... .......... 49% 1.29M 55s
119250K .......... .......... .......... .......... .......... 49% 7.57M 55s
119300K .......... .......... .......... .......... .......... 49% 8.68M 55s
119350K .......... .......... .......... .......... .......... 49% 1.17M 55s
119400K .......... .......... .......... .......... .......... 49% 2.41M 55s
119450K .......... .......... .......... .......... .......... 49% 6.71M 55s
119500K .......... .......... .......... .......... .......... 49% 10.4M 55s
119550K .......... .......... .......... .......... .......... 49% 10.2M 55s
119600K .......... .......... .......... .......... .......... 49% 6.58M 55s
119650K .......... .......... .......... .......... .......... 49% 9.11M 55s
119700K .......... .......... .......... .......... .......... 49% 9.32M 55s
119750K .......... .......... .......... .......... .......... 49% 10.7M 55s
119800K .......... .......... .......... .......... .......... 49% 10.7M 55s
119850K .......... .......... .......... .......... .......... 49% 10.6M 55s
119900K .......... .......... .......... .......... .......... 49% 10.5M 55s
119950K .......... .......... .......... .......... .......... 49% 7.89M 55s
120000K .......... .......... .......... .......... .......... 49% 1.27M 55s
120050K .......... .......... .......... .......... .......... 49% 8.47M 54s
120100K .......... .......... .......... .......... .......... 49% 1.20M 54s
120150K .......... .......... .......... .......... .......... 49% 4.49M 54s
120200K .......... .......... .......... .......... .......... 49% 2.89M 54s
120250K .......... .......... .......... .......... .......... 49% 8.14M 54s
120300K .......... .......... .......... .......... .......... 49% 11.3M 54s
120350K .......... .......... .......... .......... .......... 49% 10.4M 54s
120400K .......... .......... .......... .......... .......... 49% 6.71M 54s
120450K .......... .......... .......... .......... .......... 49% 8.56M 54s
120500K .......... .......... .......... .......... .......... 49% 10.7M 54s
120550K .......... .......... .......... .......... .......... 49% 11.4M 54s
120600K .......... .......... .......... .......... .......... 49% 10.7M 54s
120650K .......... .......... .......... .......... .......... 49% 10.6M 54s
120700K .......... .......... .......... .......... .......... 49% 8.76M 54s
120750K .......... .......... .......... .......... .......... 49% 1.38M 54s
120800K .......... .......... .......... .......... .......... 49% 5.02M 54s
120850K .......... .......... .......... .......... .......... 49% 11.9M 54s
120900K .......... .......... .......... .......... .......... 49% 1.05M 54s
120950K .......... .......... .......... .......... .......... 49% 3.21M 54s
121000K .......... .......... .......... .......... .......... 49% 7.01M 54s
121050K .......... .......... .......... .......... .......... 49% 9.80M 54s
121100K .......... .......... .......... .......... .......... 50% 11.5M 54s
121150K .......... .......... .......... .......... .......... 50% 10.2M 54s
121200K .......... .......... .......... .......... .......... 50% 6.78M 54s
121250K .......... .......... .......... .......... .......... 50% 8.69M 54s
121300K .......... .......... .......... .......... .......... 50% 11.3M 54s
121350K .......... .......... .......... .......... .......... 50% 11.2M 54s
121400K .......... .......... .......... .......... .......... 50% 11.4M 54s
121450K .......... .......... .......... .......... .......... 50% 10.7M 54s
121500K .......... .......... .......... .......... .......... 50% 8.52M 53s
121550K .......... .......... .......... .......... .......... 50% 1.34M 53s
121600K .......... .......... .......... .......... .......... 50% 5.59M 53s
121650K .......... .......... .......... .......... .......... 50% 1.27M 53s
121700K .......... .......... .......... .......... .......... 50% 3.98M 53s
121750K .......... .......... .......... .......... .......... 50% 3.13M 53s
121800K .......... .......... .......... .......... .......... 50% 7.85M 53s
121850K .......... .......... .......... .......... .......... 50% 9.47M 53s
121900K .......... .......... .......... .......... .......... 50% 12.0M 53s
121950K .......... .......... .......... .......... .......... 50% 9.27M 53s
122000K .......... .......... .......... .......... .......... 50% 7.61M 53s
122050K .......... .......... .......... .......... .......... 50% 8.33M 53s
122100K .......... .......... .......... .......... .......... 50% 11.7M 53s
122150K .......... .......... .......... .......... .......... 50% 11.6M 53s
122200K .......... .......... .......... .......... .......... 50% 11.3M 53s
122250K .......... .......... .......... .......... .......... 50% 11.3M 53s
122300K .......... .......... .......... .......... .......... 50% 8.85M 53s
122350K .......... .......... .......... .......... .......... 50% 1.35M 53s
122400K .......... .......... .......... .......... .......... 50% 5.66M 53s
122450K .......... .......... .......... .......... .......... 50% 1.28M 53s
122500K .......... .......... .......... .......... .......... 50% 3.82M 53s
122550K .......... .......... .......... .......... .......... 50% 3.30M 53s
122600K .......... .......... .......... .......... .......... 50% 7.40M 53s
122650K .......... .......... .......... .......... .......... 50% 10.2M 53s
122700K .......... .......... .......... .......... .......... 50% 11.7M 53s
122750K .......... .......... .......... .......... .......... 50% 10.3M 53s
122800K .......... .......... .......... .......... .......... 50% 6.92M 53s
122850K .......... .......... .......... .......... .......... 50% 8.57M 53s
122900K .......... .......... .......... .......... .......... 50% 11.3M 53s
122950K .......... .......... .......... .......... .......... 50% 12.0M 53s
123000K .......... .......... .......... .......... .......... 50% 11.5M 52s
123050K .......... .......... .......... .......... .......... 50% 11.6M 52s
123100K .......... .......... .......... .......... .......... 50% 8.48M 52s
123150K .......... .......... .......... .......... .......... 50% 1.40M 52s
123200K .......... .......... .......... .......... .......... 50% 5.16M 52s
123250K .......... .......... .......... .......... .......... 50% 10.8M 52s
123300K .......... .......... .......... .......... .......... 50% 1.05M 52s
123350K .......... .......... .......... .......... .......... 50% 3.32M 52s
123400K .......... .......... .......... .......... .......... 50% 7.92M 52s
123450K .......... .......... .......... .......... .......... 50% 9.19M 52s
123500K .......... .......... .......... .......... .......... 50% 11.8M 52s
123550K .......... .......... .......... .......... .......... 51% 11.1M 52s
123600K .......... .......... .......... .......... .......... 51% 7.07M 52s
123650K .......... .......... .......... .......... .......... 51% 7.98M 52s
123700K .......... .......... .......... .......... .......... 51% 12.0M 52s
123750K .......... .......... .......... .......... .......... 51% 11.3M 52s
123800K .......... .......... .......... .......... .......... 51% 12.0M 52s
123850K .......... .......... .......... .......... .......... 51% 11.4M 52s
123900K .......... .......... .......... .......... .......... 51% 9.36M 52s
123950K .......... .......... .......... .......... .......... 51% 1.40M 52s
124000K .......... .......... .......... .......... .......... 51% 5.12M 52s
124050K .......... .......... .......... .......... .......... 51% 10.7M 52s
124100K .......... .......... .......... .......... .......... 51% 1.08M 52s
124150K .......... .......... .......... .......... .......... 51% 8.87M 52s
124200K .......... .......... .......... .......... .......... 51% 3.03M 52s
124250K .......... .......... .......... .......... .......... 51% 8.81M 52s
124300K .......... .......... .......... .......... .......... 51% 11.0M 52s
124350K .......... .......... .......... .......... .......... 51% 12.0M 52s
124400K .......... .......... .......... .......... .......... 51% 7.37M 52s
124450K .......... .......... .......... .......... .......... 51% 10.1M 52s
124500K .......... .......... .......... .......... .......... 51% 8.95M 51s
124550K .......... .......... .......... .......... .......... 51% 10.7M 51s
124600K .......... .......... .......... .......... .......... 51% 11.3M 51s
124650K .......... .......... .......... .......... .......... 51% 12.1M 51s
124700K .......... .......... .......... .......... .......... 51% 11.3M 51s
124750K .......... .......... .......... .......... .......... 51% 10.7M 51s
124800K .......... .......... .......... .......... .......... 51% 1.24M 51s
124850K .......... .......... .......... .......... .......... 51% 9.88M 51s
124900K .......... .......... .......... .......... .......... 51% 1.30M 51s
124950K .......... .......... .......... .......... .......... 51% 3.62M 51s
125000K .......... .......... .......... .......... .......... 51% 3.30M 51s
125050K .......... .......... .......... .......... .......... 51% 7.60M 51s
125100K .......... .......... .......... .......... .......... 51% 9.90M 51s
125150K .......... .......... .......... .......... .......... 51% 12.2M 51s
125200K .......... .......... .......... .......... .......... 51% 8.01M 51s
125250K .......... .......... .......... .......... .......... 51% 11.3M 51s
125300K .......... .......... .......... .......... .......... 51% 7.63M 51s
125350K .......... .......... .......... .......... .......... 51% 11.6M 51s
125400K .......... .......... .......... .......... .......... 51% 11.7M 51s
125450K .......... .......... .......... .......... .......... 51% 11.7M 51s
125500K .......... .......... .......... .......... .......... 51% 11.7M 51s
125550K .......... .......... .......... .......... .......... 51% 11.6M 51s
125600K .......... .......... .......... .......... .......... 51% 1.35M 51s
125650K .......... .......... .......... .......... .......... 51% 6.23M 51s
125700K .......... .......... .......... .......... .......... 51% 9.66M 51s
125750K .......... .......... .......... .......... .......... 51% 1.29M 51s
125800K .......... .......... .......... .......... .......... 51% 3.81M 51s
125850K .......... .......... .......... .......... .......... 51% 3.23M 51s
125900K .......... .......... .......... .......... .......... 51% 7.77M 51s
125950K .......... .......... .......... .......... .......... 52% 9.39M 51s
126000K .......... .......... .......... .......... .......... 52% 8.84M 51s
126050K .......... .......... .......... .......... .......... 52% 11.7M 50s
126100K .......... .......... .......... .......... .......... 52% 10.1M 50s
126150K .......... .......... .......... .......... .......... 52% 8.81M 50s
126200K .......... .......... .......... .......... .......... 52% 11.6M 50s
126250K .......... .......... .......... .......... .......... 52% 11.6M 50s
126300K .......... .......... .......... .......... .......... 52% 11.3M 50s
126350K .......... .......... .......... .......... .......... 52% 11.3M 50s
126400K .......... .......... .......... .......... .......... 52% 9.01M 50s
126450K .......... .......... .......... .......... .......... 52% 1.39M 50s
126500K .......... .......... .......... .......... .......... 52% 6.76M 50s
126550K .......... .......... .......... .......... .......... 52% 9.10M 50s
126600K .......... .......... .......... .......... .......... 52% 1.32M 50s
126650K .......... .......... .......... .......... .......... 52% 3.68M 50s
126700K .......... .......... .......... .......... .......... 52% 3.26M 50s
126750K .......... .......... .......... .......... .......... 52% 7.68M 50s
126800K .......... .......... .......... .......... .......... 52% 7.59M 50s
126850K .......... .......... .......... .......... .......... 52% 11.3M 50s
126900K .......... .......... .......... .......... .......... 52% 11.4M 50s
126950K .......... .......... .......... .......... .......... 52% 10.7M 50s
127000K .......... .......... .......... .......... .......... 52% 9.13M 50s
127050K .......... .......... .......... .......... .......... 52% 11.3M 50s
127100K .......... .......... .......... .......... .......... 52% 12.1M 50s
127150K .......... .......... .......... .......... .......... 52% 11.4M 50s
127200K .......... .......... .......... .......... .......... 52% 8.76M 50s
127250K .......... .......... .......... .......... .......... 52% 11.5M 50s
127300K .......... .......... .......... .......... .......... 52% 1.45M 50s
127350K .......... .......... .......... .......... .......... 52% 5.68M 50s
127400K .......... .......... .......... .......... .......... 52% 10.1M 50s
127450K .......... .......... .......... .......... .......... 52% 1.32M 50s
127500K .......... .......... .......... .......... .......... 52% 3.65M 50s
127550K .......... .......... .......... .......... .......... 52% 3.31M 50s
127600K .......... .......... .......... .......... .......... 52% 5.61M 49s
127650K .......... .......... .......... .......... .......... 52% 11.2M 49s
127700K .......... .......... .......... .......... .......... 52% 11.4M 49s
127750K .......... .......... .......... .......... .......... 52% 11.5M 49s
127800K .......... .......... .......... .......... .......... 52% 12.3M 49s
127850K .......... .......... .......... .......... .......... 52% 8.40M 49s
127900K .......... .......... .......... .......... .......... 52% 11.5M 49s
127950K .......... .......... .......... .......... .......... 52% 11.5M 49s
128000K .......... .......... .......... .......... .......... 52% 8.79M 49s
128050K .......... .......... .......... .......... .......... 52% 11.3M 49s
128100K .......... .......... .......... .......... .......... 52% 12.1M 49s
128150K .......... .......... .......... .......... .......... 52% 1.46M 49s
128200K .......... .......... .......... .......... .......... 52% 5.79M 49s
128250K .......... .......... .......... .......... .......... 52% 8.37M 49s
128300K .......... .......... .......... .......... .......... 52% 1.34M 49s
128350K .......... .......... .......... .......... .......... 52% 3.64M 49s
128400K .......... .......... .......... .......... .......... 53% 2.99M 49s
128450K .......... .......... .......... .......... .......... 53% 7.66M 49s
128500K .......... .......... .......... .......... .......... 53% 10.1M 49s
128550K .......... .......... .......... .......... .......... 53% 11.2M 49s
128600K .......... .......... .......... .......... .......... 53% 12.1M 49s
128650K .......... .......... .......... .......... .......... 53% 11.3M 49s
128700K .......... .......... .......... .......... .......... 53% 9.19M 49s
128750K .......... .......... .......... .......... .......... 53% 11.3M 49s
128800K .......... .......... .......... .......... .......... 53% 8.71M 49s
128850K .......... .......... .......... .......... .......... 53% 11.4M 49s
128900K .......... .......... .......... .......... .......... 53% 12.0M 49s
128950K .......... .......... .......... .......... .......... 53% 11.3M 49s
129000K .......... .......... .......... .......... .......... 53% 12.1M 49s
129050K .......... .......... .......... .......... .......... 53% 1.32M 49s
129100K .......... .......... .......... .......... .......... 53% 8.42M 49s
129150K .......... .......... .......... .......... .......... 53% 1.38M 48s
129200K .......... .......... .......... .......... .......... 53% 3.07M 48s
129250K .......... .......... .......... .......... .......... 53% 3.32M 48s
129300K .......... .......... .......... .......... .......... 53% 7.81M 48s
129350K .......... .......... .......... .......... .......... 53% 9.58M 48s
129400K .......... .......... .......... .......... .......... 53% 10.6M 48s
129450K .......... .......... .......... .......... .......... 53% 11.6M 48s
129500K .......... .......... .......... .......... .......... 53% 11.2M 48s
129550K .......... .......... .......... .......... .......... 53% 9.08M 48s
129600K .......... .......... .......... .......... .......... 53% 8.79M 48s
129650K .......... .......... .......... .......... .......... 53% 11.7M 48s
129700K .......... .......... .......... .......... .......... 53% 11.7M 48s
129750K .......... .......... .......... .......... .......... 53% 11.7M 48s
129800K .......... .......... .......... .......... .......... 53% 11.7M 48s
129850K .......... .......... .......... .......... .......... 53% 11.6M 48s
129900K .......... .......... .......... .......... .......... 53% 1.42M 48s
129950K .......... .......... .......... .......... .......... 53% 6.92M 48s
130000K .......... .......... .......... .......... .......... 53% 6.73M 48s
130050K .......... .......... .......... .......... .......... 53% 1.13M 48s
130100K .......... .......... .......... .......... .......... 53% 3.12M 48s
130150K .......... .......... .......... .......... .......... 53% 8.99M 48s
130200K .......... .......... .......... .......... .......... 53% 7.30M 48s
130250K .......... .......... .......... .......... .......... 53% 10.6M 48s
130300K .......... .......... .......... .......... .......... 53% 11.6M 48s
130350K .......... .......... .......... .......... .......... 53% 11.5M 48s
130400K .......... .......... .......... .......... .......... 53% 7.14M 48s
130450K .......... .......... .......... .......... .......... 53% 10.3M 48s
130500K .......... .......... .......... .......... .......... 53% 12.4M 48s
130550K .......... .......... .......... .......... .......... 53% 11.7M 48s
130600K .......... .......... .......... .......... .......... 53% 11.3M 48s
130650K .......... .......... .......... .......... .......... 53% 11.4M 48s
130700K .......... .......... .......... .......... .......... 53% 12.0M 47s
130750K .......... .......... .......... .......... .......... 53% 11.3M 47s
130800K .......... .......... .......... .......... .......... 54% 1.30M 47s
130850K .......... .......... .......... .......... .......... 54% 8.63M 47s
130900K .......... .......... .......... .......... .......... 54% 1.35M 47s
130950K .......... .......... .......... .......... .......... 54% 3.62M 47s
131000K .......... .......... .......... .......... .......... 54% 3.45M 47s
131050K .......... .......... .......... .......... .......... 54% 7.62M 47s
131100K .......... .......... .......... .......... .......... 54% 9.53M 47s
131150K .......... .......... .......... .......... .......... 54% 10.9M 47s
131200K .......... .......... .......... .......... .......... 54% 7.79M 47s
131250K .......... .......... .......... .......... .......... 54% 9.91M 47s
131300K .......... .......... .......... .......... .......... 54% 10.2M 47s
131350K .......... .......... .......... .......... .......... 54% 11.6M 47s
131400K .......... .......... .......... .......... .......... 54% 12.2M 47s
131450K .......... .......... .......... .......... .......... 54% 11.7M 47s
131500K .......... .......... .......... .......... .......... 54% 11.7M 47s
131550K .......... .......... .......... .......... .......... 54% 11.1M 47s
131600K .......... .......... .......... .......... .......... 54% 8.79M 47s
131650K .......... .......... .......... .......... .......... 54% 1.48M 47s
131700K .......... .......... .......... .......... .......... 54% 6.76M 47s
131750K .......... .......... .......... .......... .......... 54% 8.67M 47s
131800K .......... .......... .......... .......... .......... 54% 1.17M 47s
131850K .......... .......... .......... .......... .......... 54% 6.22M 47s
131900K .......... .......... .......... .......... .......... 54% 3.43M 47s
131950K .......... .......... .......... .......... .......... 54% 7.30M 47s
132000K .......... .......... .......... .......... .......... 54% 7.67M 47s
132050K .......... .......... .......... .......... .......... 54% 10.8M 47s
132100K .......... .......... .......... .......... .......... 54% 11.5M 47s
132150K .......... .......... .......... .......... .......... 54% 9.74M 47s
132200K .......... .......... .......... .......... .......... 54% 10.2M 47s
132250K .......... .......... .......... .......... .......... 54% 10.7M 47s
132300K .......... .......... .......... .......... .......... 54% 11.7M 46s
132350K .......... .......... .......... .......... .......... 54% 11.4M 46s
132400K .......... .......... .......... .......... .......... 54% 8.77M 46s
132450K .......... .......... .......... .......... .......... 54% 11.8M 46s
132500K .......... .......... .......... .......... .......... 54% 11.4M 46s
132550K .......... .......... .......... .......... .......... 54% 1.42M 46s
132600K .......... .......... .......... .......... .......... 54% 8.08M 46s
132650K .......... .......... .......... .......... .......... 54% 1.42M 46s
132700K .......... .......... .......... .......... .......... 54% 3.33M 46s
132750K .......... .......... .......... .......... .......... 54% 3.54M 46s
132800K .......... .......... .......... .......... .......... 54% 5.82M 46s
132850K .......... .......... .......... .......... .......... 54% 9.41M 46s
132900K .......... .......... .......... .......... .......... 54% 10.1M 46s
132950K .......... .......... .......... .......... .......... 54% 9.53M 46s
133000K .......... .......... .......... .......... .......... 54% 11.7M 46s
133050K .......... .......... .......... .......... .......... 54% 11.0M 46s
133100K .......... .......... .......... .......... .......... 54% 10.1M 46s
133150K .......... .......... .......... .......... .......... 54% 10.2M 46s
133200K .......... .......... .......... .......... .......... 54% 8.73M 46s
133250K .......... .......... .......... .......... .......... 55% 11.8M 46s
133300K .......... .......... .......... .......... .......... 55% 11.7M 46s
133350K .......... .......... .......... .......... .......... 55% 11.2M 46s
133400K .......... .......... .......... .......... .......... 55% 1.61M 46s
133450K .......... .......... .......... .......... .......... 55% 5.88M 46s
133500K .......... .......... .......... .......... .......... 55% 8.16M 46s
133550K .......... .......... .......... .......... .......... 55% 1.43M 46s
133600K .......... .......... .......... .......... .......... 55% 2.82M 46s
133650K .......... .......... .......... .......... .......... 55% 3.47M 46s
133700K .......... .......... .......... .......... .......... 55% 7.62M 46s
133750K .......... .......... .......... .......... .......... 55% 11.3M 46s
133800K .......... .......... .......... .......... .......... 55% 10.1M 46s
133850K .......... .......... .......... .......... .......... 55% 9.06M 46s
133900K .......... .......... .......... .......... .......... 55% 11.6M 46s
133950K .......... .......... .......... .......... .......... 55% 11.7M 45s
134000K .......... .......... .......... .......... .......... 55% 7.88M 45s
134050K .......... .......... .......... .......... .......... 55% 10.7M 45s
134100K .......... .......... .......... .......... .......... 55% 11.3M 45s
134150K .......... .......... .......... .......... .......... 55% 11.3M 45s
134200K .......... .......... .......... .......... .......... 55% 12.1M 45s
134250K .......... .......... .......... .......... .......... 55% 11.3M 45s
134300K .......... .......... .......... .......... .......... 55% 1.62M 45s
134350K .......... .......... .......... .......... .......... 55% 5.87M 45s
134400K .......... .......... .......... .......... .......... 55% 5.93M 45s
134450K .......... .......... .......... .......... .......... 55% 1.38M 45s
134500K .......... .......... .......... .......... .......... 55% 3.56M 45s
134550K .......... .......... .......... .......... .......... 55% 3.52M 45s
134600K .......... .......... .......... .......... .......... 55% 7.28M 45s
134650K .......... .......... .......... .......... .......... 55% 11.0M 45s
134700K .......... .......... .......... .......... .......... 55% 10.8M 45s
134750K .......... .......... .......... .......... .......... 55% 9.15M 45s
134800K .......... .......... .......... .......... .......... 55% 8.23M 45s
134850K .......... .......... .......... .......... .......... 55% 11.6M 45s
134900K .......... .......... .......... .......... .......... 55% 10.9M 45s
134950K .......... .......... .......... .......... .......... 55% 11.0M 45s
135000K .......... .......... .......... .......... .......... 55% 10.9M 45s
135050K .......... .......... .......... .......... .......... 55% 11.7M 45s
135100K .......... .......... .......... .......... .......... 55% 11.6M 45s
135150K .......... .......... .......... .......... .......... 55% 11.7M 45s
135200K .......... .......... .......... .......... .......... 55% 1.55M 45s
135250K .......... .......... .......... .......... .......... 55% 5.31M 45s
135300K .......... .......... .......... .......... .......... 55% 8.90M 45s
135350K .......... .......... .......... .......... .......... 55% 1.39M 45s
135400K .......... .......... .......... .......... .......... 55% 3.49M 45s
135450K .......... .......... .......... .......... .......... 55% 3.44M 45s
135500K .......... .......... .......... .......... .......... 55% 8.50M 45s
135550K .......... .......... .......... .......... .......... 55% 9.92M 45s
135600K .......... .......... .......... .......... .......... 55% 7.60M 45s
135650K .......... .......... .......... .......... .......... 56% 9.79M 44s
135700K .......... .......... .......... .......... .......... 56% 10.5M 44s
135750K .......... .......... .......... .......... .......... 56% 11.2M 44s
135800K .......... .......... .......... .......... .......... 56% 11.7M 44s
135850K .......... .......... .......... .......... .......... 56% 10.8M 44s
135900K .......... .......... .......... .......... .......... 56% 10.6M 44s
135950K .......... .......... .......... .......... .......... 56% 11.9M 44s
136000K .......... .......... .......... .......... .......... 56% 8.67M 44s
136050K .......... .......... .......... .......... .......... 56% 10.9M 44s
136100K .......... .......... .......... .......... .......... 56% 1.61M 44s
136150K .......... .......... .......... .......... .......... 56% 5.86M 44s
136200K .......... .......... .......... .......... .......... 56% 10.1M 44s
136250K .......... .......... .......... .......... .......... 56% 1.36M 44s
136300K .......... .......... .......... .......... .......... 56% 3.21M 44s
136350K .......... .......... .......... .......... .......... 56% 3.32M 44s
136400K .......... .......... .......... .......... .......... 56% 6.38M 44s
136450K .......... .......... .......... .......... .......... 56% 6.82M 44s
136500K .......... .......... .......... .......... .......... 56% 11.9M 44s
136550K .......... .......... .......... .......... .......... 56% 8.50M 44s
136600K .......... .......... .......... .......... .......... 56% 11.7M 44s
136650K .......... .......... .......... .......... .......... 56% 10.6M 44s
136700K .......... .......... .......... .......... .......... 56% 11.7M 44s
136750K .......... .......... .......... .......... .......... 56% 11.9M 44s
136800K .......... .......... .......... .......... .......... 56% 6.54M 44s
136850K .......... .......... .......... .......... .......... 56% 11.7M 44s
136900K .......... .......... .......... .......... .......... 56%  296K 44s
136950K .......... .......... .......... .......... .......... 56% 9.60M 44s
137000K .......... .......... .......... .......... .......... 56% 39.6M 44s
137050K .......... .......... .......... .......... .......... 56%  567M 44s
137100K .......... .......... .......... .......... .......... 56%  604M 44s
137150K .......... .......... .......... .......... .......... 56%  634M 44s
137200K .......... .......... .......... .......... .......... 56%  455M 44s
137250K .......... .......... .......... .......... .......... 56%  587M 44s
137300K .......... .......... .......... .......... .......... 56%  631M 44s
137350K .......... .......... .......... .......... .......... 56%  626M 44s
137400K .......... .......... .......... .......... .......... 56%  615M 43s
137450K .......... .......... .......... .......... .......... 56%  591M 43s
137500K .......... .......... .......... .......... .......... 56%  623M 43s
137550K .......... .......... .......... .......... .......... 56%  630M 43s
137600K .......... .......... .......... .......... .......... 56%  465M 43s
137650K .......... .......... .......... .......... .......... 56%  592M 43s
137700K .......... .......... .......... .......... .......... 56%  611M 43s
137750K .......... .......... .......... .......... .......... 56%  549M 43s
137800K .......... .......... .......... .......... .......... 56%  628M 43s
137850K .......... .......... .......... .......... .......... 56% 1.57M 43s
137900K .......... .......... .......... .......... .......... 56% 5.83M 43s
137950K .......... .......... .......... .......... .......... 56% 1.05M 43s
138000K .......... .......... .......... .......... .......... 56% 2.16M 43s
138050K .......... .......... .......... .......... .......... 56% 7.24M 43s
138100K .......... .......... .......... .......... .......... 57% 6.15M 43s
138150K .......... .......... .......... .......... .......... 57% 6.56M 43s
138200K .......... .......... .......... .......... .......... 57% 7.70M 43s
138250K .......... .......... .......... .......... .......... 57% 8.05M 43s
138300K .......... .......... .......... .......... .......... 57% 6.47M 43s
138350K .......... .......... .......... .......... .......... 57% 9.48M 43s
138400K .......... .......... .......... .......... .......... 57% 8.99M 43s
138450K .......... .......... .......... .......... .......... 57% 1.67M 43s
138500K .......... .......... .......... .......... .......... 57% 4.24M 43s
138550K .......... .......... .......... .......... .......... 57% 1.32M 43s
138600K .......... .......... .......... .......... .......... 57% 2.77M 43s
138650K .......... .......... .......... .......... .......... 57% 2.64M 43s
138700K .......... .......... .......... .......... .......... 57% 7.18M 43s
138750K .......... .......... .......... .......... .......... 57% 6.24M 43s
138800K .......... .......... .......... .......... .......... 57% 5.32M 43s
138850K .......... .......... .......... .......... .......... 57% 7.81M 43s
138900K .......... .......... .......... .......... .......... 57% 8.02M 43s
138950K .......... .......... .......... .......... .......... 57% 6.42M 43s
139000K .......... .......... .......... .......... .......... 57% 10.4M 43s
139050K .......... .......... .......... .......... .......... 57% 11.7M 43s
139100K .......... .......... .......... .......... .......... 57% 1.73M 43s
139150K .......... .......... .......... .......... .......... 57% 4.16M 42s
139200K .......... .......... .......... .......... .......... 57% 1.25M 42s
139250K .......... .......... .......... .......... .......... 57% 1.97M 42s
139300K .......... .......... .......... .......... .......... 57% 4.58M 42s
139350K .......... .......... .......... .......... .......... 57% 7.13M 42s
139400K .......... .......... .......... .......... .......... 57% 6.19M 42s
139450K .......... .......... .......... .......... .......... 57% 6.66M 42s
139500K .......... .......... .......... .......... .......... 57% 8.31M 42s
139550K .......... .......... .......... .......... .......... 57% 8.51M 42s
139600K .......... .......... .......... .......... .......... 57% 5.16M 42s
139650K .......... .......... .......... .......... .......... 57% 10.4M 42s
139700K .......... .......... .......... .......... .......... 57% 10.8M 42s
139750K .......... .......... .......... .......... .......... 57% 1.73M 42s
139800K .......... .......... .......... .......... .......... 57% 4.39M 42s
139850K .......... .......... .......... .......... .......... 57% 6.85M 42s
139900K .......... .......... .......... .......... .......... 57% 1.08M 42s
139950K .......... .......... .......... .......... .......... 57% 2.42M 42s
140000K .......... .......... .......... .......... .......... 57% 5.84M 42s
140050K .......... .......... .......... .......... .......... 57% 6.04M 42s
140100K .......... .......... .......... .......... .......... 57% 6.78M 42s
140150K .......... .......... .......... .......... .......... 57% 8.74M 42s
140200K .......... .......... .......... .......... .......... 57% 8.62M 42s
140250K .......... .......... .......... .......... .......... 57% 8.16M 42s
140300K .......... .......... .......... .......... .......... 57% 6.57M 42s
140350K .......... .......... .......... .......... .......... 57% 12.1M 42s
140400K .......... .......... .......... .......... .......... 57% 8.17M 42s
140450K .......... .......... .......... .......... .......... 57% 1.54M 42s
140500K .......... .......... .......... .......... .......... 58% 5.58M 42s
140550K .......... .......... .......... .......... .......... 58% 1.09M 42s
140600K .......... .......... .......... .......... .......... 58% 2.66M 42s
140650K .......... .......... .......... .......... .......... 58% 4.84M 42s
140700K .......... .......... .......... .......... .......... 58% 8.15M 42s
140750K .......... .......... .......... .......... .......... 58% 6.94M 42s
140800K .......... .......... .......... .......... .......... 58% 5.73M 42s
140850K .......... .......... .......... .......... .......... 58% 8.62M 42s
140900K .......... .......... .......... .......... .......... 58% 5.07M 42s
140950K .......... .......... .......... .......... .......... 58% 6.09M 42s
141000K .......... .......... .......... .......... .......... 58%  292K 42s
141050K .......... .......... .......... .......... .......... 58% 16.2M 42s
141100K .......... .......... .......... .......... .......... 58%  545M 42s
141150K .......... .......... .......... .......... .......... 58%  614M 42s
141200K .......... .......... .......... .......... .......... 58%  465M 41s
141250K .......... .......... .......... .......... .......... 58%  625M 41s
141300K .......... .......... .......... .......... .......... 58%  614M 41s
141350K .......... .......... .......... .......... .......... 58%  615M 41s
141400K .......... .......... .......... .......... .......... 58%  567M 41s
141450K .......... .......... .......... .......... .......... 58%  606M 41s
141500K .......... .......... .......... .......... .......... 58%  608M 41s
141550K .......... .......... .......... .......... .......... 58%  619M 41s
141600K .......... .......... .......... .......... .......... 58%  465M 41s
141650K .......... .......... .......... .......... .......... 58%  621M 41s
141700K .......... .......... .......... .......... .......... 58% 25.6M 41s
141750K .......... .......... .......... .......... .......... 58% 1.42M 41s
141800K .......... .......... .......... .......... .......... 58% 1.24M 41s
141850K .......... .......... .......... .......... .......... 58% 1.72M 41s
141900K .......... .......... .......... .......... .......... 58% 3.91M 41s
141950K .......... .......... .......... .......... .......... 58% 4.73M 41s
142000K .......... .......... .......... .......... .......... 58% 4.21M 41s
142050K .......... .......... .......... .......... .......... 58% 3.10M 41s
142100K .......... .......... .......... .......... .......... 58% 9.37M 41s
142150K .......... .......... .......... .......... .......... 58% 8.37M 41s
142200K .......... .......... .......... .......... .......... 58% 1.71M 41s
142250K .......... .......... .......... .......... .......... 58% 4.14M 41s
142300K .......... .......... .......... .......... .......... 58% 1.02M 41s
142350K .......... .......... .......... .......... .......... 58% 2.16M 41s
142400K .......... .......... .......... .......... .......... 58% 3.83M 41s
142450K .......... .......... .......... .......... .......... 58% 5.08M 41s
142500K .......... .......... .......... .......... .......... 58% 6.26M 41s
142550K .......... .......... .......... .......... .......... 58% 3.23M 41s
142600K .......... .......... .......... .......... .......... 58% 9.06M 41s
142650K .......... .......... .......... .......... .......... 58% 8.93M 41s
142700K .......... .......... .......... .......... .......... 58% 1.59M 41s
142750K .......... .......... .......... .......... .......... 58% 4.85M 41s
142800K .......... .......... .......... .......... .......... 58%  828K 41s
142850K .......... .......... .......... .......... .......... 58% 3.50M 41s
142900K .......... .......... .......... .......... .......... 59% 5.36M 41s
142950K .......... .......... .......... .......... .......... 59% 5.52M 41s
143000K .......... .......... .......... .......... .......... 59% 6.39M 41s
143050K .......... .......... .......... .......... .......... 59% 3.20M 41s
143100K .......... .......... .......... .......... .......... 59% 9.74M 41s
143150K .......... .......... .......... .......... .......... 59% 7.90M 40s
143200K .......... .......... .......... .......... .......... 59% 1.55M 40s
143250K .......... .......... .......... .......... .......... 59% 4.23M 40s
143300K .......... .......... .......... .......... .......... 59% 1.01M 40s
143350K .......... .......... .......... .......... .......... 59% 2.16M 40s
143400K .......... .......... .......... .......... .......... 59% 5.91M 40s
143450K .......... .......... .......... .......... .......... 59% 5.17M 40s
143500K .......... .......... .......... .......... .......... 59% 6.71M 40s
143550K .......... .......... .......... .......... .......... 59% 3.10M 40s
143600K .......... .......... .......... .......... .......... 59% 7.26M 40s
143650K .......... .......... .......... .......... .......... 59% 8.57M 40s
143700K .......... .......... .......... .......... .......... 59% 1.65M 40s
143750K .......... .......... .......... .......... .......... 59% 4.08M 40s
143800K .......... .......... .......... .......... .......... 59% 1.07M 40s
143850K .......... .......... .......... .......... .......... 59% 2.20M 40s
143900K .......... .......... .......... .......... .......... 59% 5.06M 40s
143950K .......... .......... .......... .......... .......... 59% 5.03M 40s
144000K .......... .......... .......... .......... .......... 59% 4.84M 40s
144050K .......... .......... .......... .......... .......... 59% 3.12M 40s
144100K .......... .......... .......... .......... .......... 59% 9.50M 40s
144150K .......... .......... .......... .......... .......... 59% 9.74M 40s
144200K .......... .......... .......... .......... .......... 59% 1.72M 40s
144250K .......... .......... .......... .......... .......... 59% 4.41M 40s
144300K .......... .......... .......... .......... .......... 59% 1.27M 40s
144350K .......... .......... .......... .......... .......... 59% 1.77M 40s
144400K .......... .......... .......... .......... .......... 59% 3.30M 40s
144450K .......... .......... .......... .......... .......... 59% 4.93M 40s
144500K .......... .......... .......... .......... .......... 59% 6.21M 40s
144550K .......... .......... .......... .......... .......... 59% 3.02M 40s
144600K .......... .......... .......... .......... .......... 59% 9.42M 40s
144650K .......... .......... .......... .......... .......... 59% 11.8M 40s
144700K .......... .......... .......... .......... .......... 59% 8.40M 40s
144750K .......... .......... .......... .......... .......... 59% 1.61M 40s
144800K .......... .......... .......... .......... .......... 59% 1.13M 40s
144850K .......... .......... .......... .......... .......... 59% 1.76M 40s
144900K .......... .......... .......... .......... .......... 59% 4.31M 40s
144950K .......... .......... .......... .......... .......... 59% 5.14M 40s
145000K .......... .......... .......... .......... .......... 59% 5.69M 40s
145050K .......... .......... .......... .......... .......... 59% 6.93M 40s
145100K .......... .......... .......... .......... .......... 59% 3.15M 40s
145150K .......... .......... .......... .......... .......... 59% 9.46M 40s
145200K .......... .......... .......... .......... .......... 59% 7.28M 40s
145250K .......... .......... .......... .......... .......... 59% 1.75M 40s
145300K .......... .......... .......... .......... .......... 59% 3.62M 39s
145350K .......... .......... .......... .......... .......... 60% 1.08M 39s
145400K .......... .......... .......... .......... .......... 60% 2.19M 39s
145450K .......... .......... .......... .......... .......... 60% 6.46M 39s
145500K .......... .......... .......... .......... .......... 60% 4.37M 39s
145550K .......... .......... .......... .......... .......... 60% 6.74M 39s
145600K .......... .......... .......... .......... .......... 60% 2.59M 39s
145650K .......... .......... .......... .......... .......... 60% 11.7M 39s
145700K .......... .......... .......... .......... .......... 60% 10.1M 39s
145750K .......... .......... .......... .......... .......... 60% 9.72M 39s
145800K .......... .......... .......... .......... .......... 60% 1.62M 39s
145850K .......... .......... .......... .......... .......... 60% 4.43M 39s
145900K .......... .......... .......... .......... .......... 60% 1.08M 39s
145950K .......... .......... .......... .......... .......... 60% 2.13M 39s
146000K .......... .......... .......... .......... .......... 60% 4.74M 39s
146050K .......... .......... .......... .......... .......... 60% 4.62M 39s
146100K .......... .......... .......... .......... .......... 60% 7.71M 39s
146150K .......... .......... .......... .......... .......... 60% 2.97M 39s
146200K .......... .......... .......... .......... .......... 60% 11.8M 39s
146250K .......... .......... .......... .......... .......... 60% 10.1M 39s
146300K .......... .......... .......... .......... .......... 60% 9.20M 39s
146350K .......... .......... .......... .......... .......... 60% 1.45M 39s
146400K .......... .......... .......... .......... .......... 60% 1.22M 39s
146450K .......... .......... .......... .......... .......... 60% 1.80M 39s
146500K .......... .......... .......... .......... .......... 60% 4.33M 39s
146550K .......... .......... .......... .......... .......... 60% 4.91M 39s
146600K .......... .......... .......... .......... .......... 60% 6.28M 39s
146650K .......... .......... .......... .......... .......... 60% 7.45M 39s
146700K .......... .......... .......... .......... .......... 60% 2.67M 39s
146750K .......... .......... .......... .......... .......... 60% 11.6M 39s
146800K .......... .......... .......... .......... .......... 60% 8.37M 39s
146850K .......... .......... .......... .......... .......... 60% 1.99M 39s
146900K .......... .......... .......... .......... .......... 60% 3.33M 39s
146950K .......... .......... .......... .......... .......... 60% 1.35M 39s
147000K .......... .......... .......... .......... .......... 60% 1.74M 39s
147050K .......... .......... .......... .......... .......... 60% 4.53M 39s
147100K .......... .......... .......... .......... .......... 60% 5.12M 39s
147150K .......... .......... .......... .......... .......... 60% 5.81M 39s
147200K .......... .......... .......... .......... .......... 60% 6.08M 39s
147250K .......... .......... .......... .......... .......... 60% 2.34M 39s
147300K .......... .......... .......... .......... .......... 60% 10.8M 39s
147350K .......... .......... .......... .......... .......... 60% 9.72M 39s
147400K .......... .......... .......... .......... .......... 60% 1.89M 39s
147450K .......... .......... .......... .......... .......... 60% 6.25M 38s
147500K .......... .......... .......... .......... .......... 60% 1.31M 38s
147550K .......... .......... .......... .......... .......... 60% 1.74M 38s
147600K .......... .......... .......... .......... .......... 60% 3.91M 38s
147650K .......... .......... .......... .......... .......... 60% 4.44M 38s
147700K .......... .......... .......... .......... .......... 60% 5.73M 38s
147750K .......... .......... .......... .......... .......... 61% 10.8M 38s
147800K .......... .......... .......... .......... .......... 61% 2.32M 38s
147850K .......... .......... .......... .......... .......... 61% 10.9M 38s
147900K .......... .......... .......... .......... .......... 61% 9.87M 38s
147950K .......... .......... .......... .......... .......... 61% 2.10M 38s
148000K .......... .......... .......... .......... .......... 61% 3.69M 38s
148050K .......... .......... .......... .......... .......... 61% 1.13M 38s
148100K .......... .......... .......... .......... .......... 61% 2.04M 38s
148150K .......... .......... .......... .......... .......... 61% 6.73M 38s
148200K .......... .......... .......... .......... .......... 61% 5.13M 38s
148250K .......... .......... .......... .......... .......... 61% 5.89M 38s
148300K .......... .......... .......... .......... .......... 61% 7.37M 38s
148350K .......... .......... .......... .......... .......... 61% 2.44M 38s
148400K .......... .......... .......... .......... .......... 61% 6.96M 38s
148450K .......... .......... .......... .......... .......... 61% 10.5M 38s
148500K .......... .......... .......... .......... .......... 61% 1.93M 38s
148550K .......... .......... .......... .......... .......... 61% 6.31M 38s
148600K .......... .......... .......... .......... .......... 61% 1.30M 38s
148650K .......... .......... .......... .......... .......... 61% 1.82M 38s
148700K .......... .......... .......... .......... .......... 61% 4.48M 38s
148750K .......... .......... .......... .......... .......... 61% 5.09M 38s
148800K .......... .......... .......... .......... .......... 61% 4.45M 38s
148850K .......... .......... .......... .......... .......... 61% 7.78M 38s
148900K .......... .......... .......... .......... .......... 61% 2.44M 38s
148950K .......... .......... .......... .......... .......... 61% 10.0M 38s
149000K .......... .......... .......... .......... .......... 61% 9.58M 38s
149050K .......... .......... .......... .......... .......... 61% 11.8M 38s
149100K .......... .......... .......... .......... .......... 61% 1.80M 38s
149150K .......... .......... .......... .......... .......... 61% 1.26M 38s
149200K .......... .......... .......... .......... .......... 61% 1.66M 38s
149250K .......... .......... .......... .......... .......... 61% 4.80M 38s
149300K .......... .......... .......... .......... .......... 61% 5.30M 38s
149350K .......... .......... .......... .......... .......... 61% 5.29M 38s
149400K .......... .......... .......... .......... .......... 61% 7.07M 38s
149450K .......... .......... .......... .......... .......... 61% 3.07M 38s
149500K .......... .......... .......... .......... .......... 61% 5.36M 38s
149550K .......... .......... .......... .......... .......... 61% 10.5M 37s
149600K .......... .......... .......... .......... .......... 61% 8.04M 37s
149650K .......... .......... .......... .......... .......... 61% 1.78M 37s
149700K .......... .......... .......... .......... .......... 61% 1.28M 37s
149750K .......... .......... .......... .......... .......... 61% 3.38M 37s
149800K .......... .......... .......... .......... .......... 61% 2.16M 37s
149850K .......... .......... .......... .......... .......... 61% 7.50M 37s
149900K .......... .......... .......... .......... .......... 61% 3.94M 37s
149950K .......... .......... .......... .......... .......... 61% 6.95M 37s
150000K .......... .......... .......... .......... .......... 61% 2.76M 37s
150050K .......... .......... .......... .......... .......... 61% 5.56M 37s
150100K .......... .......... .......... .......... .......... 61% 10.2M 37s
150150K .......... .......... .......... .......... .......... 61% 9.74M 37s
150200K .......... .......... .......... .......... .......... 62% 1.86M 37s
150250K .......... .......... .......... .......... .......... 62% 5.80M 37s
150300K .......... .......... .......... .......... .......... 62% 1.14M 37s
150350K .......... .......... .......... .......... .......... 62% 2.10M 37s
150400K .......... .......... .......... .......... .......... 62% 5.27M 37s
150450K .......... .......... .......... .......... .......... 62% 4.29M 37s
150500K .......... .......... .......... .......... .......... 62% 5.77M 37s
150550K .......... .......... .......... .......... .......... 62% 10.7M 37s
150600K .......... .......... .......... .......... .......... 62% 2.39M 37s
150650K .......... .......... .......... .......... .......... 62% 11.4M 37s
150700K .......... .......... .......... .......... .......... 62% 9.46M 37s
150750K .......... .......... .......... .......... .......... 62% 10.6M 37s
150800K .......... .......... .......... .......... .......... 62% 1.58M 37s
150850K .......... .......... .......... .......... .......... 62% 1.36M 37s
150900K .......... .......... .......... .......... .......... 62% 1.81M 37s
150950K .......... .......... .......... .......... .......... 62% 4.52M 37s
151000K .......... .......... .......... .......... .......... 62% 5.29M 37s
151050K .......... .......... .......... .......... .......... 62% 5.69M 37s
151100K .......... .......... .......... .......... .......... 62% 6.68M 37s
151150K .......... .......... .......... .......... .......... 62% 3.13M 37s
151200K .......... .......... .......... .......... .......... 62% 4.74M 37s
151250K .......... .......... .......... .......... .......... 62% 9.32M 37s
151300K .......... .......... .......... .......... .......... 62% 10.7M 37s
151350K .......... .......... .......... .......... .......... 62% 1.82M 37s
151400K .......... .......... .......... .......... .......... 62% 1.31M 37s
151450K .......... .......... .......... .......... .......... 62% 3.23M 37s
151500K .......... .......... .......... .......... .......... 62% 2.16M 37s
151550K .......... .......... .......... .......... .......... 62% 7.53M 37s
151600K .......... .......... .......... .......... .......... 62% 3.51M 37s
151650K .......... .......... .......... .......... .......... 62% 6.37M 37s
151700K .......... .......... .......... .......... .......... 62% 3.16M 36s
151750K .......... .......... .......... .......... .......... 62% 5.19M 36s
151800K .......... .......... .......... .......... .......... 62% 11.3M 36s
151850K .......... .......... .......... .......... .......... 62% 9.41M 36s
151900K .......... .......... .......... .......... .......... 62% 1.87M 36s
151950K .......... .......... .......... .......... .......... 62% 8.42M 36s
152000K .......... .......... .......... .......... .......... 62% 1.06M 36s
152050K .......... .......... .......... .......... .......... 62% 2.09M 36s
152100K .......... .......... .......... .......... .......... 62% 6.15M 36s
152150K .......... .......... .......... .......... .......... 62% 5.22M 36s
152200K .......... .......... .......... .......... .......... 62% 6.06M 36s
152250K .......... .......... .......... .......... .......... 62% 6.97M 36s
152300K .......... .......... .......... .......... .......... 62% 2.57M 36s
152350K .......... .......... .......... .......... .......... 62% 8.03M 36s
152400K .......... .......... .......... .......... .......... 62% 8.33M 36s
152450K .......... .......... .......... .......... .......... 62% 10.4M 36s
152500K .......... .......... .......... .......... .......... 62% 1.79M 36s
152550K .......... .......... .......... .......... .......... 62% 1.32M 36s
152600K .......... .......... .......... .......... .......... 63% 3.33M 36s
152650K .......... .......... .......... .......... .......... 63% 2.11M 36s
152700K .......... .......... .......... .......... .......... 63% 7.52M 36s
152750K .......... .......... .......... .......... .......... 63% 4.31M 36s
152800K .......... .......... .......... .......... .......... 63% 4.90M 36s
152850K .......... .......... .......... .......... .......... 63% 3.21M 36s
152900K .......... .......... .......... .......... .......... 63% 4.99M 36s
152950K .......... .......... .......... .......... .......... 63% 11.5M 36s
153000K .......... .......... .......... .......... .......... 63% 10.0M 36s
153050K .......... .......... .......... .......... .......... 63% 1.87M 36s
153100K .......... .......... .......... .......... .......... 63% 6.54M 36s
153150K .......... .......... .......... .......... .......... 63% 1.37M 36s
153200K .......... .......... .......... .......... .......... 63% 1.49M 36s
153250K .......... .......... .......... .......... .......... 63% 6.59M 36s
153300K .......... .......... .......... .......... .......... 63% 5.33M 36s
153350K .......... .......... .......... .......... .......... 63% 5.27M 36s
153400K .......... .......... .......... .......... .......... 63% 7.98M 36s
153450K .......... .......... .......... .......... .......... 63% 2.55M 36s
153500K .......... .......... .......... .......... .......... 63% 8.45M 36s
153550K .......... .......... .......... .......... .......... 63% 11.5M 36s
153600K .......... .......... .......... .......... .......... 63% 7.99M 36s
153650K .......... .......... .......... .......... .......... 63% 1.79M 36s
153700K .......... .......... .......... .......... .......... 63% 1.33M 36s
153750K .......... .......... .......... .......... .......... 63% 1.93M 36s
153800K .......... .......... .......... .......... .......... 63% 3.99M 36s
153850K .......... .......... .......... .......... .......... 63% 7.79M 35s
153900K .......... .......... .......... .......... .......... 63% 4.06M 35s
153950K .......... .......... .......... .......... .......... 63% 6.33M 35s
154000K .......... .......... .......... .......... .......... 63% 2.40M 35s
154050K .......... .......... .......... .......... .......... 63% 7.45M 35s
154100K .......... .......... .......... .......... .......... 63% 10.4M 35s
154150K .......... .......... .......... .......... .......... 63% 11.7M 35s
154200K .......... .......... .......... .......... .......... 63% 1.89M 35s
154250K .......... .......... .......... .......... .......... 63% 6.61M 35s
154300K .......... .......... .......... .......... .......... 63% 1.37M 35s
154350K .......... .......... .......... .......... .......... 63% 1.82M 35s
154400K .......... .......... .......... .......... .......... 63% 3.63M 35s
154450K .......... .......... .......... .......... .......... 63% 5.17M 35s
154500K .......... .......... .......... .......... .......... 63% 5.41M 35s
154550K .......... .......... .......... .......... .......... 63% 7.72M 35s
154600K .......... .......... .......... .......... .......... 63% 2.52M 35s
154650K .......... .......... .......... .......... .......... 63% 8.25M 35s
154700K .......... .......... .......... .......... .......... 63% 11.2M 35s
154750K .......... .......... .......... .......... .......... 63% 11.2M 35s
154800K .......... .......... .......... .......... .......... 63% 1.72M 35s
154850K .......... .......... .......... .......... .......... 63% 1.32M 35s
154900K .......... .......... .......... .......... .......... 63% 3.28M 35s
154950K .......... .......... .......... .......... .......... 63% 2.22M 35s
155000K .......... .......... .......... .......... .......... 63% 7.34M 35s
155050K .......... .......... .......... .......... .......... 64% 4.28M 35s
155100K .......... .......... .......... .......... .......... 64% 5.88M 35s
155150K .......... .......... .......... .......... .......... 64% 8.98M 35s
155200K .......... .......... .......... .......... .......... 64% 2.25M 35s
155250K .......... .......... .......... .......... .......... 64% 10.8M 35s
155300K .......... .......... .......... .......... .......... 64% 11.1M 35s
155350K .......... .......... .......... .......... .......... 64% 1.90M 35s
155400K .......... .......... .......... .......... .......... 64% 7.90M 35s
155450K .......... .......... .......... .......... .......... 64% 1.35M 35s
155500K .......... .......... .......... .......... .......... 64% 1.79M 35s
155550K .......... .......... .......... .......... .......... 64% 4.63M 35s
155600K .......... .......... .......... .......... .......... 64% 4.05M 35s
155650K .......... .......... .......... .......... .......... 64% 6.36M 35s
155700K .......... .......... .......... .......... .......... 64% 6.33M 35s
155750K .......... .......... .......... .......... .......... 64% 2.54M 35s
155800K .......... .......... .......... .......... .......... 64% 7.97M 35s
155850K .......... .......... .......... .......... .......... 64% 11.0M 35s
155900K .......... .......... .......... .......... .......... 64% 10.9M 35s
155950K .......... .......... .......... .......... .......... 64% 1.91M 34s
156000K .......... .......... .......... .......... .......... 64% 1.22M 34s
156050K .......... .......... .......... .......... .......... 64% 3.27M 34s
156100K .......... .......... .......... .......... .......... 64% 2.25M 34s
156150K .......... .......... .......... .......... .......... 64% 6.95M 34s
156200K .......... .......... .......... .......... .......... 64% 4.50M 34s
156250K .......... .......... .......... .......... .......... 64% 6.72M 34s
156300K .......... .......... .......... .......... .......... 64% 7.98M 34s
156350K .......... .......... .......... .......... .......... 64% 2.37M 34s
156400K .......... .......... .......... .......... .......... 64% 7.81M 34s
156450K .......... .......... .......... .......... .......... 64% 10.6M 34s
156500K .......... .......... .......... .......... .......... 64% 1.94M 34s
156550K .......... .......... .......... .......... .......... 64% 8.80M 34s
156600K .......... .......... .......... .......... .......... 64% 1.31M 34s
156650K .......... .......... .......... .......... .......... 64% 3.26M 34s
156700K .......... .......... .......... .......... .......... 64% 2.23M 34s
156750K .......... .......... .......... .......... .......... 64% 7.09M 34s
156800K .......... .......... .......... .......... .......... 64% 3.56M 34s
156850K .......... .......... .......... .......... .......... 64% 6.46M 34s
156900K .......... .......... .......... .......... .......... 64% 2.61M 34s
156950K .......... .......... .......... .......... .......... 64% 6.95M 34s
157000K .......... .......... .......... .......... .......... 64% 11.3M 34s
157050K .......... .......... .......... .......... .......... 64% 9.39M 34s
157100K .......... .......... .......... .......... .......... 64% 1.98M 34s
157150K .......... .......... .......... .......... .......... 64% 8.45M 34s
157200K .......... .......... .......... .......... .......... 64% 1.01M 34s
157250K .......... .......... .......... .......... .......... 64% 2.27M 34s
157300K .......... .......... .......... .......... .......... 64% 6.00M 34s
157350K .......... .......... .......... .......... .......... 64% 4.93M 34s
157400K .......... .......... .......... .......... .......... 64% 6.39M 34s
157450K .......... .......... .......... .......... .......... 65% 7.30M 34s
157500K .......... .......... .......... .......... .......... 65% 2.47M 34s
157550K .......... .......... .......... .......... .......... 65% 8.61M 34s
157600K .......... .......... .......... .......... .......... 65% 8.53M 34s
157650K .......... .......... .......... .......... .......... 65% 9.12M 34s
157700K .......... .......... .......... .......... .......... 65% 1.95M 34s
157750K .......... .......... .......... .......... .......... 65% 1.29M 34s
157800K .......... .......... .......... .......... .......... 65% 3.30M 34s
157850K .......... .......... .......... .......... .......... 65% 2.24M 34s
157900K .......... .......... .......... .......... .......... 65% 6.60M 34s
157950K .......... .......... .......... .......... .......... 65% 4.54M 34s
158000K .......... .......... .......... .......... .......... 65% 4.76M 34s
158050K .......... .......... .......... .......... .......... 65% 2.62M 34s
158100K .......... .......... .......... .......... .......... 65% 7.48M 34s
158150K .......... .......... .......... .......... .......... 65% 9.82M 33s
158200K .......... .......... .......... .......... .......... 65% 11.2M 33s
158250K .......... .......... .......... .......... .......... 65% 1.93M 33s
158300K .......... .......... .......... .......... .......... 65% 8.85M 33s
158350K .......... .......... .......... .......... .......... 65% 1.30M 33s
158400K .......... .......... .......... .......... .......... 65% 1.53M 33s
158450K .......... .......... .......... .......... .......... 65% 5.96M 33s
158500K .......... .......... .......... .......... .......... 65% 4.80M 33s
158550K .......... .......... .......... .......... .......... 65% 6.14M 33s
158600K .......... .......... .......... .......... .......... 65% 7.83M 33s
158650K .......... .......... .......... .......... .......... 65% 2.56M 33s
158700K .......... .......... .......... .......... .......... 65% 6.68M 33s
158750K .......... .......... .......... .......... .......... 65% 11.8M 33s
158800K .......... .......... .......... .......... .......... 65% 7.28M 33s
158850K .......... .......... .......... .......... .......... 65% 2.02M 33s
158900K .......... .......... .......... .......... .......... 65% 1.26M 33s
158950K .......... .......... .......... .......... .......... 65% 3.46M 33s
159000K .......... .......... .......... .......... .......... 65% 2.27M 33s
159050K .......... .......... .......... .......... .......... 65% 6.46M 33s
159100K .......... .......... .......... .......... .......... 65% 4.63M 33s
159150K .......... .......... .......... .......... .......... 65% 5.22M 33s
159200K .......... .......... .......... .......... .......... 65% 2.40M 33s
159250K .......... .......... .......... .......... .......... 65% 7.54M 33s
159300K .......... .......... .......... .......... .......... 65% 9.10M 33s
159350K .......... .......... .......... .......... .......... 65% 9.34M 33s
159400K .......... .......... .......... .......... .......... 65% 11.5M 33s
159450K .......... .......... .......... .......... .......... 65% 2.02M 33s
159500K .......... .......... .......... .......... .......... 65% 1.25M 33s
159550K .......... .......... .......... .......... .......... 65% 3.39M 33s
159600K .......... .......... .......... .......... .......... 65% 1.92M 33s
159650K .......... .......... .......... .......... .......... 65% 5.44M 33s
159700K .......... .......... .......... .......... .......... 65% 6.71M 33s
159750K .......... .......... .......... .......... .......... 65% 6.07M 33s
159800K .......... .......... .......... .......... .......... 65% 2.57M 33s
159850K .......... .......... .......... .......... .......... 65% 7.11M 33s
159900K .......... .......... .......... .......... .......... 66% 10.4M 33s
159950K .......... .......... .......... .......... .......... 66% 8.95M 33s
160000K .......... .......... .......... .......... .......... 66% 1.92M 33s
160050K .......... .......... .......... .......... .......... 66% 1.26M 33s
160100K .......... .......... .......... .......... .......... 66% 3.51M 33s
160150K .......... .......... .......... .......... .......... 66% 2.33M 33s
160200K .......... .......... .......... .......... .......... 66% 6.00M 33s
160250K .......... .......... .......... .......... .......... 66% 4.69M 33s
160300K .......... .......... .......... .......... .......... 66% 6.53M 33s
160350K .......... .......... .......... .......... .......... 66% 7.18M 32s
160400K .......... .......... .......... .......... .......... 66% 2.21M 32s
160450K .......... .......... .......... .......... .......... 66% 9.49M 32s
160500K .......... .......... .......... .......... .......... 66% 8.62M 32s
160550K .......... .......... .......... .......... .......... 66% 11.8M 32s
160600K .......... .......... .......... .......... .......... 66% 2.03M 32s
160650K .......... .......... .......... .......... .......... 66% 1.26M 32s
160700K .......... .......... .......... .......... .......... 66% 3.52M 32s
160750K .......... .......... .......... .......... .......... 66% 2.31M 32s
160800K .......... .......... .......... .......... .......... 66% 3.64M 32s
160850K .......... .......... .......... .......... .......... 66% 6.28M 32s
160900K .......... .......... .......... .......... .......... 66% 5.98M 32s
160950K .......... .......... .......... .......... .......... 66% 2.62M 32s
161000K .......... .......... .......... .......... .......... 66% 7.03M 32s
161050K .......... .......... .......... .......... .......... 66% 9.69M 32s
161100K .......... .......... .......... .......... .......... 66% 9.31M 32s
161150K .......... .......... .......... .......... .......... 66% 2.06M 32s
161200K .......... .......... .......... .......... .......... 66% 6.28M 32s
161250K .......... .......... .......... .......... .......... 66% 1.32M 32s
161300K .......... .......... .......... .......... .......... 66% 1.59M 32s
161350K .......... .......... .......... .......... .......... 66% 6.15M 32s
161400K .......... .......... .......... .......... .......... 66% 5.54M 32s
161450K .......... .......... .......... .......... .......... 66% 6.55M 32s
161500K .......... .......... .......... .......... .......... 66% 5.85M 32s
161550K .......... .......... .......... .......... .......... 66% 2.57M 32s
161600K .......... .......... .......... .......... .......... 66% 5.72M 32s
161650K .......... .......... .......... .......... .......... 66% 9.52M 32s
161700K .......... .......... .......... .......... .......... 66% 10.8M 32s
161750K .......... .......... .......... .......... .......... 66% 2.03M 32s
161800K .......... .......... .......... .......... .......... 66% 1.25M 32s
161850K .......... .......... .......... .......... .......... 66% 3.48M 32s
161900K .......... .......... .......... .......... .......... 66% 2.36M 32s
161950K .......... .......... .......... .......... .......... 66% 6.20M 32s
162000K .......... .......... .......... .......... .......... 66% 3.61M 32s
162050K .......... .......... .......... .......... .......... 66% 6.02M 32s
162100K .......... .......... .......... .......... .......... 66% 9.30M 32s
162150K .......... .......... .......... .......... .......... 66% 2.47M 32s
162200K .......... .......... .......... .......... .......... 66% 8.42M 32s
162250K .......... .......... .......... .......... .......... 66% 8.93M 32s
162300K .......... .......... .......... .......... .......... 67% 11.4M 32s
162350K .......... .......... .......... .......... .......... 67% 2.05M 32s
162400K .......... .......... .......... .......... .......... 67% 1.20M 32s
162450K .......... .......... .......... .......... .......... 67% 1.61M 32s
162500K .......... .......... .......... .......... .......... 67% 7.32M 32s
162550K .......... .......... .......... .......... .......... 67% 4.95M 32s
162600K .......... .......... .......... .......... .......... 67% 6.25M 31s
162650K .......... .......... .......... .......... .......... 67% 5.96M 31s
162700K .......... .......... .......... .......... .......... 67% 2.60M 31s
162750K .......... .......... .......... .......... .......... 67% 6.78M 31s
162800K .......... .......... .......... .......... .......... 67% 7.78M 31s
162850K .......... .......... .......... .......... .......... 67% 9.18M 31s
162900K .......... .......... .......... .......... .......... 67% 2.08M 31s
162950K .......... .......... .......... .......... .......... 67% 1.24M 31s
163000K .......... .......... .......... .......... .......... 67% 3.62M 31s
163050K .......... .......... .......... .......... .......... 67% 2.31M 31s
163100K .......... .......... .......... .......... .......... 67% 6.59M 31s
163150K .......... .......... .......... .......... .......... 67% 4.57M 31s
163200K .......... .......... .......... .......... .......... 67% 3.97M 31s
163250K .......... .......... .......... .......... .......... 67% 11.7M 31s
163300K .......... .......... .......... .......... .......... 67% 2.29M 31s
163350K .......... .......... .......... .......... .......... 67% 10.8M 31s
163400K .......... .......... .......... .......... .......... 67% 6.18M 31s
163450K .......... .......... .......... .......... .......... 67% 10.1M 31s
163500K .......... .......... .......... .......... .......... 67% 1.99M 31s
163550K .......... .......... .......... .......... .......... 67% 1.39M 31s
163600K .......... .......... .......... .......... .......... 67% 3.08M 31s
163650K .......... .......... .......... .......... .......... 67% 2.17M 31s
163700K .......... .......... .......... .......... .......... 67% 4.80M 31s
163750K .......... .......... .......... .......... .......... 67% 6.56M 31s
163800K .......... .......... .......... .......... .......... 67% 5.44M 31s
163850K .......... .......... .......... .......... .......... 67% 2.67M 31s
163900K .......... .......... .......... .......... .......... 67% 6.59M 31s
163950K .......... .......... .......... .......... .......... 67% 10.5M 31s
164000K .......... .......... .......... .......... .......... 67% 4.92M 31s
164050K .......... .......... .......... .......... .......... 67% 1.99M 31s
164100K .......... .......... .......... .......... .......... 67% 7.88M 31s
164150K .......... .......... .......... .......... .......... 67% 1.47M 31s
164200K .......... .......... .......... .......... .......... 67% 1.61M 31s
164250K .......... .......... .......... .......... .......... 67% 7.38M 31s
164300K .......... .......... .......... .......... .......... 67% 4.82M 31s
164350K .......... .......... .......... .......... .......... 67% 6.37M 31s
164400K .......... .......... .......... .......... .......... 67% 4.85M 31s
164450K .......... .......... .......... .......... .......... 67% 2.30M 31s
164500K .......... .......... .......... .......... .......... 67% 11.0M 31s
164550K .......... .......... .......... .......... .......... 67% 7.17M 31s
164600K .......... .......... .......... .......... .......... 67% 7.23M 31s
164650K .......... .......... .......... .......... .......... 67% 2.03M 31s
164700K .......... .......... .......... .......... .......... 67% 1.38M 31s
164750K .......... .......... .......... .......... .......... 68% 3.53M 31s
164800K .......... .......... .......... .......... .......... 68% 2.22M 31s
164850K .......... .......... .......... .......... .......... 68% 3.94M 30s
164900K .......... .......... .......... .......... .......... 68% 6.78M 30s
164950K .......... .......... .......... .......... .......... 68% 5.25M 30s
165000K .......... .......... .......... .......... .......... 68% 11.2M 30s
165050K .......... .......... .......... .......... .......... 68% 2.29M 30s
165100K .......... .......... .......... .......... .......... 68% 11.6M 30s
165150K .......... .......... .......... .......... .......... 68% 6.05M 30s
165200K .......... .......... .......... .......... .......... 68% 1.84M 30s
165250K .......... .......... .......... .......... .......... 68% 7.93M 30s
165300K .......... .......... .......... .......... .......... 68% 1.48M 30s
165350K .......... .......... .......... .......... .......... 68% 3.44M 30s
165400K .......... .......... .......... .......... .......... 68% 2.19M 30s
165450K .......... .......... .......... .......... .......... 68% 4.53M 30s
165500K .......... .......... .......... .......... .......... 68% 6.69M 30s
165550K .......... .......... .......... .......... .......... 68% 5.44M 30s
165600K .......... .......... .......... .......... .......... 68% 2.18M 30s
165650K .......... .......... .......... .......... .......... 68% 10.4M 30s
165700K .......... .......... .......... .......... .......... 68% 7.54M 30s
165750K .......... .......... .......... .......... .......... 68% 6.43M 30s
165800K .......... .......... .......... .......... .......... 68% 2.06M 30s
165850K .......... .......... .......... .......... .......... 68% 7.95M 30s
165900K .......... .......... .......... .......... .......... 68% 1.48M 30s
165950K .......... .......... .......... .......... .......... 68% 1.59M 30s
166000K .......... .......... .......... .......... .......... 68% 6.45M 30s
166050K .......... .......... .......... .......... .......... 68% 4.35M 30s
166100K .......... .......... .......... .......... .......... 68% 5.24M 30s
166150K .......... .......... .......... .......... .......... 68% 8.49M 30s
166200K .......... .......... .......... .......... .......... 68% 2.30M 30s
166250K .......... .......... .......... .......... .......... 68% 10.9M 30s
166300K .......... .......... .......... .......... .......... 68% 7.10M 30s
166350K .......... .......... .......... .......... .......... 68% 6.75M 30s
166400K .......... .......... .......... .......... .......... 68% 1.96M 30s
166450K .......... .......... .......... .......... .......... 68% 1.39M 30s
166500K .......... .......... .......... .......... .......... 68% 3.61M 30s
166550K .......... .......... .......... .......... .......... 68% 2.27M 30s
166600K .......... .......... .......... .......... .......... 68% 4.23M 30s
166650K .......... .......... .......... .......... .......... 68% 7.55M 30s
166700K .......... .......... .......... .......... .......... 68% 5.14M 30s
166750K .......... .......... .......... .......... .......... 68% 9.69M 30s
166800K .......... .......... .......... .......... .......... 68% 2.15M 30s
166850K .......... .......... .......... .......... .......... 68% 10.9M 30s
166900K .......... .......... .......... .......... .......... 68% 5.35M 30s
166950K .......... .......... .......... .......... .......... 68% 2.04M 30s
167000K .......... .......... .......... .......... .......... 68% 8.65M 30s
167050K .......... .......... .......... .......... .......... 68% 1.44M 30s
167100K .......... .......... .......... .......... .......... 68% 3.61M 29s
167150K .......... .......... .......... .......... .......... 69% 2.26M 29s
167200K .......... .......... .......... .......... .......... 69% 3.66M 29s
167250K .......... .......... .......... .......... .......... 69% 6.50M 29s
167300K .......... .......... .......... .......... .......... 69% 5.63M 29s
167350K .......... .......... .......... .......... .......... 69% 2.42M 29s
167400K .......... .......... .......... .......... .......... 69% 8.52M 29s
167450K .......... .......... .......... .......... .......... 69% 11.6M 29s
167500K .......... .......... .......... .......... .......... 69% 5.04M 29s
167550K .......... .......... .......... .......... .......... 69% 2.10M 29s
167600K .......... .......... .......... .......... .......... 69% 1.36M 29s
167650K .......... .......... .......... .......... .......... 69% 3.22M 29s
167700K .......... .......... .......... .......... .......... 69% 2.40M 29s
167750K .......... .......... .......... .......... .......... 69% 7.51M 29s
167800K .......... .......... .......... .......... .......... 69% 4.42M 29s
167850K .......... .......... .......... .......... .......... 69% 7.30M 29s
167900K .......... .......... .......... .......... .......... 69% 5.90M 29s
167950K .......... .......... .......... .......... .......... 69% 2.40M 29s
168000K .......... .......... .......... .......... .......... 69% 6.98M 29s
168050K .......... .......... .......... .......... .......... 69% 7.29M 29s
168100K .......... .......... .......... .......... .......... 69% 6.95M 29s
168150K .......... .......... .......... .......... .......... 69% 2.05M 29s
168200K .......... .......... .......... .......... .......... 69% 1.36M 29s
168250K .......... .......... .......... .......... .......... 69% 3.67M 29s
168300K .......... .......... .......... .......... .......... 69% 2.33M 29s
168350K .......... .......... .......... .......... .......... 69% 8.36M 29s
168400K .......... .......... .......... .......... .......... 69% 3.27M 29s
168450K .......... .......... .......... .......... .......... 69% 5.86M 29s
168500K .......... .......... .......... .......... .......... 69% 11.3M 29s
168550K .......... .......... .......... .......... .......... 69% 2.27M 29s
168600K .......... .......... .......... .......... .......... 69% 10.7M 29s
168650K .......... .......... .......... .......... .......... 69% 7.67M 29s
168700K .......... .......... .......... .......... .......... 69% 6.80M 29s
168750K .......... .......... .......... .......... .......... 69% 2.07M 29s
168800K .......... .......... .......... .......... .......... 69% 1.29M 29s
168850K .......... .......... .......... .......... .......... 69% 3.74M 29s
168900K .......... .......... .......... .......... .......... 69% 2.36M 29s
168950K .......... .......... .......... .......... .......... 69% 4.33M 29s
169000K .......... .......... .......... .......... .......... 69% 6.01M 29s
169050K .......... .......... .......... .......... .......... 69% 6.07M 29s
169100K .......... .......... .......... .......... .......... 69% 2.71M 29s
169150K .......... .......... .......... .......... .......... 69% 5.83M 29s
169200K .......... .......... .......... .......... .......... 69% 7.08M 29s
169250K .......... .......... .......... .......... .......... 69% 6.61M 29s
169300K .......... .......... .......... .......... .......... 69% 2.06M 29s
169350K .......... .......... .......... .......... .......... 69% 8.78M 28s
169400K .......... .......... .......... .......... .......... 69% 1.37M 28s
169450K .......... .......... .......... .......... .......... 69% 3.77M 28s
169500K .......... .......... .......... .......... .......... 69% 2.35M 28s
169550K .......... .......... .......... .......... .......... 70% 4.40M 28s
169600K .......... .......... .......... .......... .......... 70% 5.01M 28s
169650K .......... .......... .......... .......... .......... 70% 5.85M 28s
169700K .......... .......... .......... .......... .......... 70% 2.43M 28s
169750K .......... .......... .......... .......... .......... 70% 7.71M 28s
169800K .......... .......... .......... .......... .......... 70% 9.45M 28s
169850K .......... .......... .......... .......... .......... 70% 6.43M 28s
169900K .......... .......... .......... .......... .......... 70% 2.06M 28s
169950K .......... .......... .......... .......... .......... 70% 8.62M 28s
170000K .......... .......... .......... .......... .......... 70% 1.10M 28s
170050K .......... .......... .......... .......... .......... 70% 2.26M 28s
170100K .......... .......... .......... .......... .......... 70% 9.70M 28s
170150K .......... .......... .......... .......... .......... 70% 4.20M 28s
170200K .......... .......... .......... .......... .......... 70% 6.87M 28s
170250K .......... .......... .......... .......... .......... 70% 5.73M 28s
170300K .......... .......... .......... .......... .......... 70% 2.40M 28s
170350K .......... .......... .......... .......... .......... 70% 7.85M 28s
170400K .......... .......... .......... .......... .......... 70% 7.91M 28s
170450K .......... .......... .......... .......... .......... 70% 6.33M 28s
170500K .......... .......... .......... .......... .......... 70% 2.06M 28s
170550K .......... .......... .......... .......... .......... 70% 1.38M 28s
170600K .......... .......... .......... .......... .......... 70% 3.83M 28s
170650K .......... .......... .......... .......... .......... 70% 2.25M 28s
170700K .......... .......... .......... .......... .......... 70% 9.38M 28s
170750K .......... .......... .......... .......... .......... 70% 4.65M 28s
170800K .......... .......... .......... .......... .......... 70% 4.08M 28s
170850K .......... .......... .......... .......... .......... 70% 8.01M 28s
170900K .......... .......... .......... .......... .......... 70% 2.29M 28s
170950K .......... .......... .......... .......... .......... 70% 9.51M 28s
171000K .......... .......... .......... .......... .......... 70% 9.68M 28s
171050K .......... .......... .......... .......... .......... 70% 6.44M 28s
171100K .......... .......... .......... .......... .......... 70% 2.07M 28s
171150K .......... .......... .......... .......... .......... 70% 1.39M 28s
171200K .......... .......... .......... .......... .......... 70% 3.21M 28s
171250K .......... .......... .......... .......... .......... 70% 2.29M 28s
171300K .......... .......... .......... .......... .......... 70% 4.49M 28s
171350K .......... .......... .......... .......... .......... 70% 9.21M 28s
171400K .......... .......... .......... .......... .......... 70% 5.23M 28s
171450K .......... .......... .......... .......... .......... 70% 7.62M 28s
171500K .......... .......... .......... .......... .......... 70% 2.32M 28s
171550K .......... .......... .......... .......... .......... 70% 9.64M 28s
171600K .......... .......... .......... .......... .......... 70% 7.10M 28s
171650K .......... .......... .......... .......... .......... 70% 6.66M 27s
171700K .......... .......... .......... .......... .......... 70% 2.11M 27s
171750K .......... .......... .......... .......... .......... 70% 1.35M 27s
171800K .......... .......... .......... .......... .......... 70% 3.80M 27s
171850K .......... .......... .......... .......... .......... 70% 2.31M 27s
171900K .......... .......... .......... .......... .......... 70% 9.82M 27s
171950K .......... .......... .......... .......... .......... 70% 4.23M 27s
172000K .......... .......... .......... .......... .......... 71% 4.40M 27s
172050K .......... .......... .......... .......... .......... 71% 8.40M 27s
172100K .......... .......... .......... .......... .......... 71% 2.30M 27s
172150K .......... .......... .......... .......... .......... 71% 9.03M 27s
172200K .......... .......... .......... .......... .......... 71% 10.7M 27s
172250K .......... .......... .......... .......... .......... 71% 5.98M 27s
172300K .......... .......... .......... .......... .......... 71% 2.14M 27s
172350K .......... .......... .......... .......... .......... 71% 1.39M 27s
172400K .......... .......... .......... .......... .......... 71% 3.20M 27s
172450K .......... .......... .......... .......... .......... 71% 2.29M 27s
172500K .......... .......... .......... .......... .......... 71% 4.25M 27s
172550K .......... .......... .......... .......... .......... 71% 9.26M 27s
172600K .......... .......... .......... .......... .......... 71% 5.65M 27s
172650K .......... .......... .......... .......... .......... 71% 7.41M 27s
172700K .......... .......... .......... .......... .......... 71% 2.31M 27s
172750K .......... .......... .......... .......... .......... 71% 9.58M 27s
172800K .......... .......... .......... .......... .......... 71% 7.36M 27s
172850K .......... .......... .......... .......... .......... 71% 6.09M 27s
172900K .......... .......... .......... .......... .......... 71% 2.14M 27s
172950K .......... .......... .......... .......... .......... 71% 1.39M 27s
173000K .......... .......... .......... .......... .......... 71% 3.67M 27s
173050K .......... .......... .......... .......... .......... 71% 2.26M 27s
173100K .......... .......... .......... .......... .......... 71% 9.68M 27s
173150K .......... .......... .......... .......... .......... 71% 4.44M 27s
173200K .......... .......... .......... .......... .......... 71% 4.71M 27s
173250K .......... .......... .......... .......... .......... 71% 2.49M 27s
173300K .......... .......... .......... .......... .......... 71% 5.97M 27s
173350K .......... .......... .......... .......... .......... 71% 9.63M 27s
173400K .......... .......... .......... .......... .......... 71% 10.1M 27s
173450K .......... .......... .......... .......... .......... 71% 6.12M 27s
173500K .......... .......... .......... .......... .......... 71% 2.09M 27s
173550K .......... .......... .......... .......... .......... 71% 1.45M 27s
173600K .......... .......... .......... .......... .......... 71% 3.10M 27s
173650K .......... .......... .......... .......... .......... 71% 2.26M 27s
173700K .......... .......... .......... .......... .......... 71% 10.1M 27s
173750K .......... .......... .......... .......... .......... 71% 4.44M 27s
173800K .......... .......... .......... .......... .......... 71% 6.78M 27s
173850K .......... .......... .......... .......... .......... 71% 5.92M 27s
173900K .......... .......... .......... .......... .......... 71% 2.49M 27s
173950K .......... .......... .......... .......... .......... 71% 7.59M 26s
174000K .......... .......... .......... .......... .......... 71% 7.27M 26s
174050K .......... .......... .......... .......... .......... 71% 6.13M 26s
174100K .......... .......... .......... .......... .......... 71% 2.11M 26s
174150K .......... .......... .......... .......... .......... 71% 1.44M 26s
174200K .......... .......... .......... .......... .......... 71% 3.51M 26s
174250K .......... .......... .......... .......... .......... 71% 2.27M 26s
174300K .......... .......... .......... .......... .......... 71% 10.1M 26s
174350K .......... .......... .......... .......... .......... 71% 4.33M 26s
174400K .......... .......... .......... .......... .......... 72% 5.49M 26s
174450K .......... .......... .......... .......... .......... 72% 6.47M 26s
174500K .......... .......... .......... .......... .......... 72% 2.40M 26s
174550K .......... .......... .......... .......... .......... 72% 7.76M 26s
174600K .......... .......... .......... .......... .......... 72% 9.63M 26s
174650K .......... .......... .......... .......... .......... 72% 7.12M 26s
174700K .......... .......... .......... .......... .......... 72% 2.10M 26s
174750K .......... .......... .......... .......... .......... 72% 8.93M 26s
174800K .......... .......... .......... .......... .......... 72% 1.10M 26s
174850K .......... .......... .......... .......... .......... 72% 2.29M 26s
174900K .......... .......... .......... .......... .......... 72% 9.36M 26s
174950K .......... .......... .......... .......... .......... 72% 4.36M 26s
175000K .......... .......... .......... .......... .......... 72% 6.48M 26s
175050K .......... .......... .......... .......... .......... 72% 6.88M 26s
175100K .......... .......... .......... .......... .......... 72% 2.59M 26s
175150K .......... .......... .......... .......... .......... 72% 6.18M 26s
175200K .......... .......... .......... .......... .......... 72% 7.10M 26s
175250K .......... .......... .......... .......... .......... 72% 9.59M 26s
175300K .......... .......... .......... .......... .......... 72% 2.03M 26s
175350K .......... .......... .......... .......... .......... 72% 7.51M 26s
175400K .......... .......... .......... .......... .......... 72% 1.43M 26s
175450K .......... .......... .......... .......... .......... 72% 3.64M 26s
175500K .......... .......... .......... .......... .......... 72% 2.27M 26s
175550K .......... .......... .......... .......... .......... 72% 10.8M 26s
175600K .......... .......... .......... .......... .......... 72% 3.79M 26s
175650K .......... .......... .......... .......... .......... 72% 6.44M 26s
175700K .......... .......... .......... .......... .......... 72% 2.33M 26s
175750K .......... .......... .......... .......... .......... 72% 6.40M 26s
175800K .......... .......... .......... .......... .......... 72% 10.3M 26s
175850K .......... .......... .......... .......... .......... 72% 9.68M 26s
175900K .......... .......... .......... .......... .......... 72% 5.31M 26s
175950K .......... .......... .......... .......... .......... 72% 2.29M 26s
176000K .......... .......... .......... .......... .......... 72% 1.39M 26s
176050K .......... .......... .......... .......... .......... 72% 3.50M 26s
176100K .......... .......... .......... .......... .......... 72% 2.24M 26s
176150K .......... .......... .......... .......... .......... 72% 9.13M 26s
176200K .......... .......... .......... .......... .......... 72% 4.59M 26s
176250K .......... .......... .......... .......... .......... 72% 6.40M 25s
176300K .......... .......... .......... .......... .......... 72% 7.60M 25s
176350K .......... .......... .......... .......... .......... 72% 2.56M 25s
176400K .......... .......... .......... .......... .......... 72% 4.99M 25s
176450K .......... .......... .......... .......... .......... 72% 10.9M 25s
176500K .......... .......... .......... .......... .......... 72% 9.73M 25s
176550K .......... .......... .......... .......... .......... 72% 1.92M 25s
176600K .......... .......... .......... .......... .......... 72% 9.07M 25s
176650K .......... .......... .......... .......... .......... 72% 1.46M 25s
176700K .......... .......... .......... .......... .......... 72% 3.35M 25s
176750K .......... .......... .......... .......... .......... 72% 2.30M 25s
176800K .......... .......... .......... .......... .......... 72% 4.35M 25s
176850K .......... .......... .......... .......... .......... 73% 8.54M 25s
176900K .......... .......... .......... .......... .......... 73% 6.81M 25s
176950K .......... .......... .......... .......... .......... 73% 6.21M 25s
177000K .......... .......... .......... .......... .......... 73% 2.33M 25s
177050K .......... .......... .......... .......... .......... 73% 9.94M 25s
177100K .......... .......... .......... .......... .......... 73% 10.6M 25s
177150K .......... .......... .......... .......... .......... 73% 7.21M 25s
177200K .......... .......... .......... .......... .......... 73% 1.92M 25s
177250K .......... .......... .......... .......... .......... 73% 9.60M 25s
177300K .......... .......... .......... .......... .......... 73% 1.41M 25s
177350K .......... .......... .......... .......... .......... 73% 1.69M 25s
177400K .......... .......... .......... .......... .......... 73% 9.23M 25s
177450K .......... .......... .......... .......... .......... 73% 4.73M 25s
177500K .......... .......... .......... .......... .......... 73% 6.95M 25s
177550K .......... .......... .......... .......... .......... 73% 9.66M 25s
177600K .......... .......... .......... .......... .......... 73% 2.15M 25s
177650K .......... .......... .......... .......... .......... 73% 5.97M 25s
177700K .......... .......... .......... .......... .......... 73% 11.7M 25s
177750K .......... .......... .......... .......... .......... 73% 10.3M 25s
177800K .......... .......... .......... .......... .......... 73% 5.38M 25s
177850K .......... .......... .......... .......... .......... 73% 2.33M 25s
177900K .......... .......... .......... .......... .......... 73% 9.61M 25s
177950K .......... .......... .......... .......... .......... 73% 1.39M 25s
178000K .......... .......... .......... .......... .......... 73% 1.63M 25s
178050K .......... .......... .......... .......... .......... 73% 9.09M 25s
178100K .......... .......... .......... .......... .......... 73% 4.86M 25s
178150K .......... .......... .......... .......... .......... 73% 6.79M 25s
178200K .......... .......... .......... .......... .......... 73% 7.91M 25s
178250K .......... .......... .......... .......... .......... 73% 2.45M 25s
178300K .......... .......... .......... .......... .......... 73% 5.97M 25s
178350K .......... .......... .......... .......... .......... 73% 11.8M 25s
178400K .......... .......... .......... .......... .......... 73% 7.65M 25s
178450K .......... .......... .......... .......... .......... 73% 1.94M 25s
178500K .......... .......... .......... .......... .......... 73% 9.03M 25s
178550K .......... .......... .......... .......... .......... 73% 10.9M 24s
178600K .......... .......... .......... .......... .......... 73% 1.40M 24s
178650K .......... .......... .......... .......... .......... 73% 1.72M 24s
178700K .......... .......... .......... .......... .......... 73% 8.84M 24s
178750K .......... .......... .......... .......... .......... 73% 4.91M 24s
178800K .......... .......... .......... .......... .......... 73% 5.51M 24s
178850K .......... .......... .......... .......... .......... 73% 7.72M 24s
178900K .......... .......... .......... .......... .......... 73% 2.49M 24s
178950K .......... .......... .......... .......... .......... 73% 6.03M 24s
179000K .......... .......... .......... .......... .......... 73% 11.7M 24s
179050K .......... .......... .......... .......... .......... 73% 10.9M 24s
179100K .......... .......... .......... .......... .......... 73% 5.33M 24s
179150K .......... .......... .......... .......... .......... 73% 2.35M 24s
179200K .......... .......... .......... .......... .......... 73% 7.87M 24s
179250K .......... .......... .......... .......... .......... 74% 1.13M 24s
179300K .......... .......... .......... .......... .......... 74% 2.39M 24s
179350K .......... .......... .......... .......... .......... 74% 8.96M 24s
179400K .......... .......... .......... .......... .......... 74% 4.79M 24s
179450K .......... .......... .......... .......... .......... 74% 7.77M 24s
179500K .......... .......... .......... .......... .......... 74% 8.01M 24s
179550K .......... .......... .......... .......... .......... 74% 2.50M 24s
179600K .......... .......... .......... .......... .......... 74% 4.65M 24s
179650K .......... .......... .......... .......... .......... 74% 10.9M 24s
179700K .......... .......... .......... .......... .......... 74% 11.6M 24s
179750K .......... .......... .......... .......... .......... 74% 5.45M 24s
179800K .......... .......... .......... .......... .......... 74% 2.34M 24s
179850K .......... .......... .......... .......... .......... 74% 10.3M 24s
179900K .......... .......... .......... .......... .......... 74% 1.41M 24s
179950K .......... .......... .......... .......... .......... 74% 3.63M 24s
180000K .......... .......... .......... .......... .......... 74% 2.24M 24s
180050K .......... .......... .......... .......... .......... 74% 5.20M 24s
180100K .......... .......... .......... .......... .......... 74% 8.50M 24s
180150K .......... .......... .......... .......... .......... 74% 7.37M 24s
180200K .......... .......... .......... .......... .......... 74% 6.01M 24s
180250K .......... .......... .......... .......... .......... 74% 2.65M 24s
180300K .......... .......... .......... .......... .......... 74% 6.89M 24s
180350K .......... .......... .......... .......... .......... 74% 11.6M 24s
180400K .......... .......... .......... .......... .......... 74% 4.65M 24s
180450K .......... .......... .......... .......... .......... 74% 2.34M 24s
180500K .......... .......... .......... .......... .......... 74% 10.5M 24s
180550K .......... .......... .......... .......... .......... 74% 1.49M 24s
180600K .......... .......... .......... .......... .......... 74% 3.41M 24s
180650K .......... .......... .......... .......... .......... 74% 2.41M 24s
180700K .......... .......... .......... .......... .......... 74% 8.71M 24s
180750K .......... .......... .......... .......... .......... 74% 4.84M 24s
180800K .......... .......... .......... .......... .......... 74% 5.96M 24s
180850K .......... .......... .......... .......... .......... 74% 6.97M 24s
180900K .......... .......... .......... .......... .......... 74% 2.64M 23s
180950K .......... .......... .......... .......... .......... 74% 5.96M 23s
181000K .......... .......... .......... .......... .......... 74% 11.4M 23s
181050K .......... .......... .......... .......... .......... 74% 9.55M 23s
181100K .......... .......... .......... .......... .......... 74% 6.09M 23s
181150K .......... .......... .......... .......... .......... 74% 2.38M 23s
181200K .......... .......... .......... .......... .......... 74% 7.97M 23s
181250K .......... .......... .......... .......... .......... 74% 1.42M 23s
181300K .......... .......... .......... .......... .......... 74% 1.71M 23s
181350K .......... .......... .......... .......... .......... 74% 9.22M 23s
181400K .......... .......... .......... .......... .......... 74% 5.46M 23s
181450K .......... .......... .......... .......... .......... 74% 8.82M 23s
181500K .......... .......... .......... .......... .......... 74% 7.15M 23s
181550K .......... .......... .......... .......... .......... 74% 7.33M 23s
181600K .......... .......... .......... .......... .......... 74% 2.13M 23s
181650K .......... .......... .......... .......... .......... 74% 9.30M 23s
181700K .......... .......... .......... .......... .......... 75% 11.7M 23s
181750K .......... .......... .......... .......... .......... 75% 8.20M 23s
181800K .......... .......... .......... .......... .......... 75% 2.09M 23s
181850K .......... .......... .......... .......... .......... 75% 10.9M 23s
181900K .......... .......... .......... .......... .......... 75% 10.2M 23s
181950K .......... .......... .......... .......... .......... 75% 1.16M 23s
182000K .......... .......... .......... .......... .......... 75% 2.21M 23s
182050K .......... .......... .......... .......... .......... 75% 9.17M 23s
182100K .......... .......... .......... .......... .......... 75% 5.25M 23s
182150K .......... .......... .......... .......... .......... 75% 7.45M 23s
182200K .......... .......... .......... .......... .......... 75% 9.08M 23s
182250K .......... .......... .......... .......... .......... 75% 2.52M 23s
182300K .......... .......... .......... .......... .......... 75% 6.57M 23s
182350K .......... .......... .......... .......... .......... 75% 8.26M 23s
182400K .......... .......... .......... .......... .......... 75% 7.52M 23s
182450K .......... .......... .......... .......... .......... 75% 8.95M 23s
182500K .......... .......... .......... .......... .......... 75% 2.13M 23s
182550K .......... .......... .......... .......... .......... 75% 10.5M 23s
182600K .......... .......... .......... .......... .......... 75% 1.52M 23s
182650K .......... .......... .......... .......... .......... 75% 3.46M 23s
182700K .......... .......... .......... .......... .......... 75% 2.16M 23s
182750K .......... .......... .......... .......... .......... 75% 6.23M 23s
182800K .......... .......... .......... .......... .......... 75% 4.10M 23s
182850K .......... .......... .......... .......... .......... 75% 4.25M 23s
182900K .......... .......... .......... .......... .......... 75% 4.65M 23s
182950K .......... .......... .......... .......... .......... 75% 11.0M 23s
183000K .......... .......... .......... .......... .......... 75% 7.57M 23s
183050K .......... .......... .......... .......... .......... 75% 4.81M 23s
183100K .......... .......... .......... .......... .......... 75% 5.59M 23s
183150K .......... .......... .......... .......... .......... 75% 5.41M 23s
183200K .......... .......... .......... .......... .......... 75% 3.15M 23s
183250K .......... .......... .......... .......... .......... 75% 8.56M 22s
183300K .......... .......... .......... .......... .......... 75% 6.24M 22s
183350K .......... .......... .......... .......... .......... 75% 1.43M 22s
183400K .......... .......... .......... .......... .......... 75% 2.17M 22s
183450K .......... .......... .......... .......... .......... 75% 5.69M 22s
183500K .......... .......... .......... .......... .......... 75% 5.75M 22s
183550K .......... .......... .......... .......... .......... 75% 3.96M 22s
183600K .......... .......... .......... .......... .......... 75% 3.52M 22s
183650K .......... .......... .......... .......... .......... 75% 12.3M 22s
183700K .......... .......... .......... .......... .......... 75% 11.7M 22s
183750K .......... .......... .......... .......... .......... 75% 4.40M 22s
183800K .......... .......... .......... .......... .......... 75% 7.79M 22s
183850K .......... .......... .......... .......... .......... 75% 5.89M 22s
183900K .......... .......... .......... .......... .......... 75% 3.00M 22s
183950K .......... .......... .......... .......... .......... 75% 7.52M 22s
184000K .......... .......... .......... .......... .......... 75% 4.99M 22s
184050K .......... .......... .......... .......... .......... 75% 1.86M 22s
184100K .......... .......... .......... .......... .......... 76% 1.77M 22s
184150K .......... .......... .......... .......... .......... 76% 4.66M 22s
184200K .......... .......... .......... .......... .......... 76% 5.75M 22s
184250K .......... .......... .......... .......... .......... 76% 6.39M 22s
184300K .......... .......... .......... .......... .......... 76% 5.19M 22s
184350K .......... .......... .......... .......... .......... 76% 4.23M 22s
184400K .......... .......... .......... .......... .......... 76% 8.87M 22s
184450K .......... .......... .......... .......... .......... 76% 6.28M 22s
184500K .......... .......... .......... .......... .......... 76% 6.83M 22s
184550K .......... .......... .......... .......... .......... 76% 5.51M 22s
184600K .......... .......... .......... .......... .......... 76% 4.68M 22s
184650K .......... .......... .......... .......... .......... 76% 3.87M 22s
184700K .......... .......... .......... .......... .......... 76% 6.55M 22s
184750K .......... .......... .......... .......... .......... 76% 8.07M 22s
184800K .......... .......... .......... .......... .......... 76% 1.34M 22s
184850K .......... .......... .......... .......... .......... 76% 2.33M 22s
184900K .......... .......... .......... .......... .......... 76% 4.87M 22s
184950K .......... .......... .......... .......... .......... 76% 6.77M 22s
185000K .......... .......... .......... .......... .......... 76% 4.21M 22s
185050K .......... .......... .......... .......... .......... 76% 6.47M 22s
185100K .......... .......... .......... .......... .......... 76% 5.67M 22s
185150K .......... .......... .......... .......... .......... 76% 10.9M 22s
185200K .......... .......... .......... .......... .......... 76% 4.25M 22s
185250K .......... .......... .......... .......... .......... 76% 7.22M 22s
185300K .......... .......... .......... .......... .......... 76% 4.55M 22s
185350K .......... .......... .......... .......... .......... 76% 3.55M 22s
185400K .......... .......... .......... .......... .......... 76% 8.45M 22s
185450K .......... .......... .......... .......... .......... 76% 7.37M 22s
185500K .......... .......... .......... .......... .......... 76% 1.94M 22s
185550K .......... .......... .......... .......... .......... 76% 3.51M 22s
185600K .......... .......... .......... .......... .......... 76% 1.76M 21s
185650K .......... .......... .......... .......... .......... 76% 6.20M 21s
185700K .......... .......... .......... .......... .......... 76% 6.11M 21s
185750K .......... .......... .......... .......... .......... 76% 5.53M 21s
185800K .......... .......... .......... .......... .......... 76% 4.31M 21s
185850K .......... .......... .......... .......... .......... 76% 7.79M 21s
185900K .......... .......... .......... .......... .......... 76% 11.6M 21s
185950K .......... .......... .......... .......... .......... 76% 6.46M 21s
186000K .......... .......... .......... .......... .......... 76% 4.97M 21s
186050K .......... .......... .......... .......... .......... 76% 4.82M 21s
186100K .......... .......... .......... .......... .......... 76% 3.63M 21s
186150K .......... .......... .......... .......... .......... 76% 7.99M 21s
186200K .......... .......... .......... .......... .......... 76% 7.80M 21s
186250K .......... .......... .......... .......... .......... 76% 1.93M 21s
186300K .......... .......... .......... .......... .......... 76% 3.52M 21s
186350K .......... .......... .......... .......... .......... 76% 2.16M 21s
186400K .......... .......... .......... .......... .......... 76% 3.84M 21s
186450K .......... .......... .......... .......... .......... 76% 6.08M 21s
186500K .......... .......... .......... .......... .......... 76% 5.52M 21s
186550K .......... .......... .......... .......... .......... 77% 4.56M 21s
186600K .......... .......... .......... .......... .......... 77% 7.13M 21s
186650K .......... .......... .......... .......... .......... 77% 11.0M 21s
186700K .......... .......... .......... .......... .......... 77% 7.12M 21s
186750K .......... .......... .......... .......... .......... 77% 9.09M 21s
186800K .......... .......... .......... .......... .......... 77% 4.10M 21s
186850K .......... .......... .......... .......... .......... 77% 3.08M 21s
186900K .......... .......... .......... .......... .......... 77% 9.26M 21s
186950K .......... .......... .......... .......... .......... 77% 6.64M 21s
187000K .......... .......... .......... .......... .......... 77% 1.99M 21s
187050K .......... .......... .......... .......... .......... 77% 3.44M 21s
187100K .......... .......... .......... .......... .......... 77% 2.32M 21s
187150K .......... .......... .......... .......... .......... 77% 4.35M 21s
187200K .......... .......... .......... .......... .......... 77% 5.58M 21s
187250K .......... .......... .......... .......... .......... 77% 4.71M 21s
187300K .......... .......... .......... .......... .......... 77% 9.11M 21s
187350K .......... .......... .......... .......... .......... 77% 3.99M 21s
187400K .......... .......... .......... .......... .......... 77% 10.7M 21s
187450K .......... .......... .......... .......... .......... 77% 10.8M 21s
187500K .......... .......... .......... .......... .......... 77% 6.45M 21s
187550K .......... .......... .......... .......... .......... 77% 6.93M 21s
187600K .......... .......... .......... .......... .......... 77% 4.33M 21s
187650K .......... .......... .......... .......... .......... 77% 3.65M 21s
187700K .......... .......... .......... .......... .......... 77% 6.61M 21s
187750K .......... .......... .......... .......... .......... 77% 9.81M 21s
187800K .......... .......... .......... .......... .......... 77% 1.81M 21s
187850K .......... .......... .......... .......... .......... 77% 3.81M 21s
187900K .......... .......... .......... .......... .......... 77% 2.33M 21s
187950K .......... .......... .......... .......... .......... 77% 4.52M 20s
188000K .......... .......... .......... .......... .......... 77% 4.85M 20s
188050K .......... .......... .......... .......... .......... 77% 5.40M 20s
188100K .......... .......... .......... .......... .......... 77% 5.02M 20s
188150K .......... .......... .......... .......... .......... 77% 7.10M 20s
188200K .......... .......... .......... .......... .......... 77% 10.7M 20s
188250K .......... .......... .......... .......... .......... 77% 7.17M 20s
188300K .......... .......... .......... .......... .......... 77% 9.83M 20s
188350K .......... .......... .......... .......... .......... 77% 6.18M 20s
188400K .......... .......... .......... .......... .......... 77% 3.52M 20s
188450K .......... .......... .......... .......... .......... 77% 5.06M 20s
188500K .......... .......... .......... .......... .......... 77% 6.31M 20s
188550K .......... .......... .......... .......... .......... 77% 9.01M 20s
188600K .......... .......... .......... .......... .......... 77% 1.87M 20s
188650K .......... .......... .......... .......... .......... 77% 3.38M 20s
188700K .......... .......... .......... .......... .......... 77% 2.08M 20s
188750K .......... .......... .......... .......... .......... 77% 7.18M 20s
188800K .......... .......... .......... .......... .......... 77% 5.31M 20s
188850K .......... .......... .......... .......... .......... 77% 5.29M 20s
188900K .......... .......... .......... .......... .......... 77% 5.08M 20s
188950K .......... .......... .......... .......... .......... 78% 7.06M 20s
189000K .......... .......... .......... .......... .......... 78% 11.8M 20s
189050K .......... .......... .......... .......... .......... 78% 7.01M 20s
189100K .......... .......... .......... .......... .......... 78% 10.2M 20s
189150K .......... .......... .......... .......... .......... 78% 6.25M 20s
189200K .......... .......... .......... .......... .......... 78% 3.59M 20s
189250K .......... .......... .......... .......... .......... 78% 4.84M 20s
189300K .......... .......... .......... .......... .......... 78% 7.22M 20s
189350K .......... .......... .......... .......... .......... 78% 8.24M 20s
189400K .......... .......... .......... .......... .......... 78% 1.87M 20s
189450K .......... .......... .......... .......... .......... 78% 3.93M 20s
189500K .......... .......... .......... .......... .......... 78% 2.32M 20s
189550K .......... .......... .......... .......... .......... 78% 4.56M 20s
189600K .......... .......... .......... .......... .......... 78% 5.13M 20s
189650K .......... .......... .......... .......... .......... 78% 5.55M 20s
189700K .......... .......... .......... .......... .......... 78% 7.01M 20s
189750K .......... .......... .......... .......... .......... 78% 5.05M 20s
189800K .......... .......... .......... .......... .......... 78% 11.6M 20s
189850K .......... .......... .......... .......... .......... 78% 11.7M 20s
189900K .......... .......... .......... .......... .......... 78% 6.59M 20s
189950K .......... .......... .......... .......... .......... 78% 7.49M 20s
190000K .......... .......... .......... .......... .......... 78% 4.37M 20s
190050K .......... .......... .......... .......... .......... 78% 3.69M 20s
190100K .......... .......... .......... .......... .......... 78% 9.28M 20s
190150K .......... .......... .......... .......... .......... 78% 7.06M 20s
190200K .......... .......... .......... .......... .......... 78% 2.05M 20s
190250K .......... .......... .......... .......... .......... 78% 3.71M 20s
190300K .......... .......... .......... .......... .......... 78% 2.27M 19s
190350K .......... .......... .......... .......... .......... 78% 4.30M 19s
190400K .......... .......... .......... .......... .......... 78% 7.21M 19s
190450K .......... .......... .......... .......... .......... 78% 6.49M 19s
190500K .......... .......... .......... .......... .......... 78% 5.50M 19s
190550K .......... .......... .......... .......... .......... 78% 3.99M 19s
190600K .......... .......... .......... .......... .......... 78% 12.0M 19s
190650K .......... .......... .......... .......... .......... 78% 11.4M 19s
190700K .......... .......... .......... .......... .......... 78% 9.35M 19s
190750K .......... .......... .......... .......... .......... 78% 7.79M 19s
190800K .......... .......... .......... .......... .......... 78% 5.46M 19s
190850K .......... .......... .......... .......... .......... 78% 5.41M 19s
190900K .......... .......... .......... .......... .......... 78% 3.95M 19s
190950K .......... .......... .......... .......... .......... 78% 7.68M 19s
191000K .......... .......... .......... .......... .......... 78% 8.71M 19s
191050K .......... .......... .......... .......... .......... 78% 2.03M 19s
191100K .......... .......... .......... .......... .......... 78% 3.79M 19s
191150K .......... .......... .......... .......... .......... 78% 2.17M 19s
191200K .......... .......... .......... .......... .......... 78% 4.20M 19s
191250K .......... .......... .......... .......... .......... 78% 8.94M 19s
191300K .......... .......... .......... .......... .......... 78% 6.72M 19s
191350K .......... .......... .......... .......... .......... 78% 5.43M 19s
191400K .......... .......... .......... .......... .......... 79% 4.11M 19s
191450K .......... .......... .......... .......... .......... 79% 11.6M 19s
191500K .......... .......... .......... .......... .......... 79% 11.7M 19s
191550K .......... .......... .......... .......... .......... 79% 9.83M 19s
191600K .......... .......... .......... .......... .......... 79% 6.48M 19s
191650K .......... .......... .......... .......... .......... 79% 6.70M 19s
191700K .......... .......... .......... .......... .......... 79% 5.90M 19s
191750K .......... .......... .......... .......... .......... 79% 3.70M 19s
191800K .......... .......... .......... .......... .......... 79% 10.3M 19s
191850K .......... .......... .......... .......... .......... 79% 6.84M 19s
191900K .......... .......... .......... .......... .......... 79% 2.04M 19s
191950K .......... .......... .......... .......... .......... 79% 3.76M 19s
192000K .......... .......... .......... .......... .......... 79% 2.10M 19s
192050K .......... .......... .......... .......... .......... 79% 4.92M 19s
192100K .......... .......... .......... .......... .......... 79% 8.50M 19s
192150K .......... .......... .......... .......... .......... 79% 7.00M 19s
192200K .......... .......... .......... .......... .......... 79% 5.45M 19s
192250K .......... .......... .......... .......... .......... 79% 4.33M 19s
192300K .......... .......... .......... .......... .......... 79% 9.60M 19s
192350K .......... .......... .......... .......... .......... 79% 11.7M 19s
192400K .......... .......... .......... .......... .......... 79% 8.62M 19s
192450K .......... .......... .......... .......... .......... 79% 7.76M 19s
192500K .......... .......... .......... .......... .......... 79% 8.15M 19s
192550K .......... .......... .......... .......... .......... 79% 6.25M 19s
192600K .......... .......... .......... .......... .......... 79% 3.36M 19s
192650K .......... .......... .......... .......... .......... 79% 9.98M 18s
192700K .......... .......... .......... .......... .......... 79% 7.46M 18s
192750K .......... .......... .......... .......... .......... 79% 9.89M 18s
192800K .......... .......... .......... .......... .......... 79% 1.48M 18s
192850K .......... .......... .......... .......... .......... 79% 8.59M 18s
192900K .......... .......... .......... .......... .......... 79% 2.07M 18s
192950K .......... .......... .......... .......... .......... 79% 6.11M 18s
193000K .......... .......... .......... .......... .......... 79% 10.1M 18s
193050K .......... .......... .......... .......... .......... 79% 4.97M 18s
193100K .......... .......... .......... .......... .......... 79% 8.19M 18s
193150K .......... .......... .......... .......... .......... 79% 4.19M 18s
193200K .......... .......... .......... .......... .......... 79% 8.27M 18s
193250K .......... .......... .......... .......... .......... 79% 11.3M 18s
193300K .......... .......... .......... .......... .......... 79% 12.2M 18s
193350K .......... .......... .......... .......... .......... 79% 7.84M 18s
193400K .......... .......... .......... .......... .......... 79% 8.86M 18s
193450K .......... .......... .......... .......... .......... 79% 5.64M 18s
193500K .......... .......... .......... .......... .......... 79% 3.49M 18s
193550K .......... .......... .......... .......... .......... 79% 10.8M 18s
193600K .......... .......... .......... .......... .......... 79% 5.67M 18s
193650K .......... .......... .......... .......... .......... 79% 2.13M 18s
193700K .......... .......... .......... .......... .......... 79% 3.79M 18s
193750K .......... .......... .......... .......... .......... 79% 8.96M 18s
193800K .......... .......... .......... .......... .......... 80% 2.09M 18s
193850K .......... .......... .......... .......... .......... 80% 6.32M 18s
193900K .......... .......... .......... .......... .......... 80% 9.99M 18s
193950K .......... .......... .......... .......... .......... 80% 6.71M 18s
194000K .......... .......... .......... .......... .......... 80% 4.94M 18s
194050K .......... .......... .......... .......... .......... 80% 4.17M 18s
194100K .......... .......... .......... .......... .......... 80% 11.6M 18s
194150K .......... .......... .......... .......... .......... 80% 11.6M 18s
194200K .......... .......... .......... .......... .......... 80% 11.6M 18s
194250K .......... .......... .......... .......... .......... 80% 9.05M 18s
194300K .......... .......... .......... .......... .......... 80% 9.47M 18s
194350K .......... .......... .......... .......... .......... 80% 6.36M 18s
194400K .......... .......... .......... .......... .......... 80% 2.95M 18s
194450K .......... .......... .......... .......... .......... 80% 9.70M 18s
194500K .......... .......... .......... .......... .......... 80% 8.57M 18s
194550K .......... .......... .......... .......... .......... 80% 9.46M 18s
194600K .......... .......... .......... .......... .......... 80% 1.58M 18s
194650K .......... .......... .......... .......... .......... 80% 8.76M 18s
194700K .......... .......... .......... .......... .......... 80% 2.31M 18s
194750K .......... .......... .......... .......... .......... 80% 5.00M 18s
194800K .......... .......... .......... .......... .......... 80% 6.96M 18s
194850K .......... .......... .......... .......... .......... 80% 7.41M 18s
194900K .......... .......... .......... .......... .......... 80% 5.63M 18s
194950K .......... .......... .......... .......... .......... 80% 4.50M 18s
195000K .......... .......... .......... .......... .......... 80% 9.75M 18s
195050K .......... .......... .......... .......... .......... 80% 11.7M 17s
195100K .......... .......... .......... .......... .......... 80% 11.7M 17s
195150K .......... .......... .......... .......... .......... 80% 11.8M 17s
195200K .......... .......... .......... .......... .......... 80% 7.16M 17s
195250K .......... .......... .......... .......... .......... 80% 6.89M 17s
195300K .......... .......... .......... .......... .......... 80% 7.39M 17s
195350K .......... .......... .......... .......... .......... 80% 3.59M 17s
195400K .......... .......... .......... .......... .......... 80% 9.30M 17s
195450K .......... .......... .......... .......... .......... 80% 8.60M 17s
195500K .......... .......... .......... .......... .......... 80% 2.12M 17s
195550K .......... .......... .......... .......... .......... 80% 3.90M 17s
195600K .......... .......... .......... .......... .......... 80% 2.27M 17s
195650K .......... .......... .......... .......... .......... 80% 5.31M 17s
195700K .......... .......... .......... .......... .......... 80% 6.43M 17s
195750K .......... .......... .......... .......... .......... 80% 10.8M 17s
195800K .......... .......... .......... .......... .......... 80% 7.44M 17s
195850K .......... .......... .......... .......... .......... 80% 5.45M 17s
195900K .......... .......... .......... .......... .......... 80% 8.45M 17s
195950K .......... .......... .......... .......... .......... 80% 5.14M 17s
196000K .......... .......... .......... .......... .......... 80% 8.72M 17s
196050K .......... .......... .......... .......... .......... 80% 11.7M 17s
196100K .......... .......... .......... .......... .......... 80% 11.6M 17s
196150K .......... .......... .......... .......... .......... 80% 10.3M 17s
196200K .......... .......... .......... .......... .......... 80% 6.71M 17s
196250K .......... .......... .......... .......... .......... 81% 8.02M 17s
196300K .......... .......... .......... .......... .......... 81% 3.43M 17s
196350K .......... .......... .......... .......... .......... 81% 10.1M 17s
196400K .......... .......... .......... .......... .......... 81% 6.39M 17s
196450K .......... .......... .......... .......... .......... 81% 2.11M 17s
196500K .......... .......... .......... .......... .......... 81% 4.12M 17s
196550K .......... .......... .......... .......... .......... 81% 8.48M 17s
196600K .......... .......... .......... .......... .......... 81% 2.16M 17s
196650K .......... .......... .......... .......... .......... 81% 6.74M 17s
196700K .......... .......... .......... .......... .......... 81% 9.39M 17s
196750K .......... .......... .......... .......... .......... 81% 8.25M 17s
196800K .......... .......... .......... .......... .......... 81% 4.61M 17s
196850K .......... .......... .......... .......... .......... 81% 8.00M 17s
196900K .......... .......... .......... .......... .......... 81% 5.37M 17s
196950K .......... .......... .......... .......... .......... 81% 11.1M 17s
197000K .......... .......... .......... .......... .......... 81% 11.7M 17s
197050K .......... .......... .......... .......... .......... 81% 12.1M 17s
197100K .......... .......... .......... .......... .......... 81% 11.3M 17s
197150K .......... .......... .......... .......... .......... 81% 9.55M 17s
197200K .......... .......... .......... .......... .......... 81% 5.48M 17s
197250K .......... .......... .......... .......... .......... 81% 3.39M 17s
197300K .......... .......... .......... .......... .......... 81% 9.30M 17s
197350K .......... .......... .......... .......... .......... 81% 10.4M 17s
197400K .......... .......... .......... .......... .......... 81% 8.90M 17s
197450K .......... .......... .......... .......... .......... 81% 2.10M 16s
197500K .......... .......... .......... .......... .......... 81% 4.03M 16s
197550K .......... .......... .......... .......... .......... 81% 2.38M 16s
197600K .......... .......... .......... .......... .......... 81% 4.50M 16s
197650K .......... .......... .......... .......... .......... 81% 8.96M 16s
197700K .......... .......... .......... .......... .......... 81% 9.39M 16s
197750K .......... .......... .......... .......... .......... 81% 7.67M 16s
197800K .......... .......... .......... .......... .......... 81% 6.36M 16s
197850K .......... .......... .......... .......... .......... 81% 4.67M 16s
197900K .......... .......... .......... .......... .......... 81% 10.3M 16s
197950K .......... .......... .......... .......... .......... 81% 11.7M 16s
198000K .......... .......... .......... .......... .......... 81% 8.78M 16s
198050K .......... .......... .......... .......... .......... 81% 11.8M 16s
198100K .......... .......... .......... .......... .......... 81% 11.7M 16s
198150K .......... .......... .......... .......... .......... 81% 8.44M 16s
198200K .......... .......... .......... .......... .......... 81% 7.96M 16s
198250K .......... .......... .......... .......... .......... 81% 3.33M 16s
198300K .......... .......... .......... .......... .......... 81% 9.13M 16s
198350K .......... .......... .......... .......... .......... 81% 11.8M 16s
198400K .......... .......... .......... .......... .......... 81% 6.95M 16s
198450K .......... .......... .......... .......... .......... 81% 1.63M 16s
198500K .......... .......... .......... .......... .......... 81% 10.1M 16s
198550K .......... .......... .......... .......... .......... 81% 2.30M 16s
198600K .......... .......... .......... .......... .......... 81% 5.96M 16s
198650K .......... .......... .......... .......... .......... 82% 9.09M 16s
198700K .......... .......... .......... .......... .......... 82% 9.48M 16s
198750K .......... .......... .......... .......... .......... 82% 8.53M 16s
198800K .......... .......... .......... .......... .......... 82% 4.79M 16s
198850K .......... .......... .......... .......... .......... 82% 4.84M 16s
198900K .......... .......... .......... .......... .......... 82% 10.2M 16s
198950K .......... .......... .......... .......... .......... 82% 9.80M 16s
199000K .......... .......... .......... .......... .......... 82% 11.7M 16s
199050K .......... .......... .......... .......... .......... 82% 12.1M 16s
199100K .......... .......... .......... .......... .......... 82% 11.6M 16s
199150K .......... .......... .......... .......... .......... 82% 11.8M 16s
199200K .......... .......... .......... .......... .......... 82% 6.88M 16s
199250K .......... .......... .......... .......... .......... 82% 3.23M 16s
199300K .......... .......... .......... .......... .......... 82% 10.2M 16s
199350K .......... .......... .......... .......... .......... 82% 10.6M 16s
199400K .......... .......... .......... .......... .......... 82% 9.43M 16s
199450K .......... .......... .......... .......... .......... 82% 2.10M 16s
199500K .......... .......... .......... .......... .......... 82% 4.46M 16s
199550K .......... .......... .......... .......... .......... 82% 9.63M 16s
199600K .......... .......... .......... .......... .......... 82% 2.03M 16s
199650K .......... .......... .......... .......... .......... 82% 6.60M 16s
199700K .......... .......... .......... .......... .......... 82% 9.55M 16s
199750K .......... .......... .......... .......... .......... 82% 10.2M 16s
199800K .......... .......... .......... .......... .......... 82% 6.56M 16s
199850K .......... .......... .......... .......... .......... 82% 7.91M 16s
199900K .......... .......... .......... .......... .......... 82% 4.82M 15s
199950K .......... .......... .......... .......... .......... 82% 8.67M 15s
200000K .......... .......... .......... .......... .......... 82% 9.09M 15s
200050K .......... .......... .......... .......... .......... 82% 11.4M 15s
200100K .......... .......... .......... .......... .......... 82% 11.7M 15s
200150K .......... .......... .......... .......... .......... 82% 11.6M 15s
200200K .......... .......... .......... .......... .......... 82% 12.1M 15s
200250K .......... .......... .......... .......... .......... 82% 8.98M 15s
200300K .......... .......... .......... .......... .......... 82% 3.48M 15s
200350K .......... .......... .......... .......... .......... 82% 9.53M 15s
200400K .......... .......... .......... .......... .......... 82% 7.83M 15s
200450K .......... .......... .......... .......... .......... 82% 10.6M 15s
200500K .......... .......... .......... .......... .......... 82% 2.10M 15s
200550K .......... .......... .......... .......... .......... 82% 4.44M 15s
200600K .......... .......... .......... .......... .......... 82% 9.32M 15s
200650K .......... .......... .......... .......... .......... 82% 2.27M 15s
200700K .......... .......... .......... .......... .......... 82% 6.04M 15s
200750K .......... .......... .......... .......... .......... 82% 11.0M 15s
200800K .......... .......... .......... .......... .......... 82% 7.40M 15s
200850K .......... .......... .......... .......... .......... 82% 6.58M 15s
200900K .......... .......... .......... .......... .......... 82% 8.09M 15s
200950K .......... .......... .......... .......... .......... 82% 4.90M 15s
201000K .......... .......... .......... .......... .......... 82% 9.77M 15s
201050K .......... .......... .......... .......... .......... 83% 10.7M 15s
201100K .......... .......... .......... .......... .......... 83% 11.5M 15s
201150K .......... .......... .......... .......... .......... 83% 11.2M 15s
201200K .......... .......... .......... .......... .......... 83% 9.01M 15s
201250K .......... .......... .......... .......... .......... 83% 11.9M 15s
201300K .......... .......... .......... .......... .......... 83% 11.3M 15s
201350K .......... .......... .......... .......... .......... 83% 3.71M 15s
201400K .......... .......... .......... .......... .......... 83% 8.28M 15s
201450K .......... .......... .......... .......... .......... 83% 10.7M 15s
201500K .......... .......... .......... .......... .......... 83% 9.69M 15s
201550K .......... .......... .......... .......... .......... 83% 10.4M 15s
201600K .......... .......... .......... .......... .......... 83% 1.60M 15s
201650K .......... .......... .......... .......... .......... 83% 10.3M 15s
201700K .......... .......... .......... .......... .......... 83% 2.54M 15s
201750K .......... .......... .......... .......... .......... 83% 5.15M 15s
201800K .......... .......... .......... .......... .......... 83% 9.08M 15s
201850K .......... .......... .......... .......... .......... 83% 10.8M 15s
201900K .......... .......... .......... .......... .......... 83% 9.96M 15s
201950K .......... .......... .......... .......... .......... 83% 5.98M 15s
202000K .......... .......... .......... .......... .......... 83% 4.33M 15s
202050K .......... .......... .......... .......... .......... 83% 9.02M 15s
202100K .......... .......... .......... .......... .......... 83% 9.81M 15s
202150K .......... .......... .......... .......... .......... 83% 11.7M 15s
202200K .......... .......... .......... .......... .......... 83% 11.6M 15s
202250K .......... .......... .......... .......... .......... 83% 11.6M 15s
202300K .......... .......... .......... .......... .......... 83% 11.6M 15s
202350K .......... .......... .......... .......... .......... 83% 11.6M 14s
202400K .......... .......... .......... .......... .......... 83% 8.81M 14s
202450K .......... .......... .......... .......... .......... 83% 3.61M 14s
202500K .......... .......... .......... .......... .......... 83% 9.99M 14s
202550K .......... .......... .......... .......... .......... 83% 10.9M 14s
202600K .......... .......... .......... .......... .......... 83% 9.79M 14s
202650K .......... .......... .......... .......... .......... 83% 2.37M 14s
202700K .......... .......... .......... .......... .......... 83% 3.77M 14s
202750K .......... .......... .......... .......... .......... 83% 11.0M 14s
202800K .......... .......... .......... .......... .......... 83% 2.25M 14s
202850K .......... .......... .......... .......... .......... 83% 6.15M 14s
202900K .......... .......... .......... .......... .......... 83% 8.61M 14s
202950K .......... .......... .......... .......... .......... 83% 11.1M 14s
203000K .......... .......... .......... .......... .......... 83% 10.2M 14s
203050K .......... .......... .......... .......... .......... 83% 6.40M 14s
203100K .......... .......... .......... .......... .......... 83% 8.70M 14s
203150K .......... .......... .......... .......... .......... 83% 4.97M 14s
203200K .......... .......... .......... .......... .......... 83% 8.27M 14s
203250K .......... .......... .......... .......... .......... 83% 11.5M 14s
203300K .......... .......... .......... .......... .......... 83% 10.9M 14s
203350K .......... .......... .......... .......... .......... 83% 12.4M 14s
203400K .......... .......... .......... .......... .......... 83% 11.6M 14s
203450K .......... .......... .......... .......... .......... 83% 11.7M 14s
203500K .......... .......... .......... .......... .......... 84% 11.6M 14s
203550K .......... .......... .......... .......... .......... 84% 11.8M 14s
203600K .......... .......... .......... .......... .......... 84% 3.42M 14s
203650K .......... .......... .......... .......... .......... 84% 9.79M 14s
203700K .......... .......... .......... .......... .......... 84% 9.71M 14s
203750K .......... .......... .......... .......... .......... 84% 10.9M 14s
203800K .......... .......... .......... .......... .......... 84% 1.69M 14s
203850K .......... .......... .......... .......... .......... 84% 11.6M 14s
203900K .......... .......... .......... .......... .......... 84% 11.1M 14s
203950K .......... .......... .......... .......... .......... 84% 2.42M 14s
204000K .......... .......... .......... .......... .......... 84% 4.69M 14s
204050K .......... .......... .......... .......... .......... 84% 11.3M 14s
204100K .......... .......... .......... .......... .......... 84% 11.7M 14s
204150K .......... .......... .......... .......... .......... 84% 7.57M 14s
204200K .......... .......... .......... .......... .......... 84% 7.10M 14s
204250K .......... .......... .......... .......... .......... 84% 5.64M 14s
204300K .......... .......... .......... .......... .......... 84% 8.64M 14s
204350K .......... .......... .......... .......... .......... 84% 11.6M 14s
204400K .......... .......... .......... .......... .......... 84% 8.42M 14s
204450K .......... .......... .......... .......... .......... 84% 11.6M 14s
204500K .......... .......... .......... .......... .......... 84% 11.8M 14s
204550K .......... .......... .......... .......... .......... 84% 11.7M 14s
204600K .......... .......... .......... .......... .......... 84% 11.7M 14s
204650K .......... .......... .......... .......... .......... 84% 11.7M 14s
204700K .......... .......... .......... .......... .......... 84% 11.7M 14s
204750K .......... .......... .......... .......... .......... 84% 4.09M 14s
204800K .......... .......... .......... .......... .......... 84% 7.56M 13s
204850K .......... .......... .......... .......... .......... 84% 10.4M 13s
204900K .......... .......... .......... .......... .......... 84% 11.6M 13s
204950K .......... .......... .......... .......... .......... 84% 1.68M 13s
205000K .......... .......... .......... .......... .......... 84% 11.6M 13s
205050K .......... .......... .......... .......... .......... 84% 11.9M 13s
205100K .......... .......... .......... .......... .......... 84% 2.43M 13s
205150K .......... .......... .......... .......... .......... 84% 6.32M 13s
205200K .......... .......... .......... .......... .......... 84% 7.45M 13s
205250K .......... .......... .......... .......... .......... 84% 11.1M 13s
205300K .......... .......... .......... .......... .......... 84% 7.83M 13s
205350K .......... .......... .......... .......... .......... 84% 8.33M 13s
205400K .......... .......... .......... .......... .......... 84% 8.55M 13s
205450K .......... .......... .......... .......... .......... 84% 5.30M 13s
205500K .......... .......... .......... .......... .......... 84% 11.2M 13s
205550K .......... .......... .......... .......... .......... 84% 11.4M 13s
205600K .......... .......... .......... .......... .......... 84% 7.94M 13s
205650K .......... .......... .......... .......... .......... 84% 11.7M 13s
205700K .......... .......... .......... .......... .......... 84% 11.2M 13s
205750K .......... .......... .......... .......... .......... 84% 12.0M 13s
205800K .......... .......... .......... .......... .......... 84% 11.4M 13s
205850K .......... .......... .......... .......... .......... 84% 12.1M 13s
205900K .......... .......... .......... .......... .......... 85% 5.05M 13s
205950K .......... .......... .......... .......... .......... 85% 9.13M 13s
206000K .......... .......... .......... .......... .......... 85% 8.23M 13s
206050K .......... .......... .......... .......... .......... 85% 11.0M 13s
206100K .......... .......... .......... .......... .......... 85% 2.46M 13s
206150K .......... .......... .......... .......... .......... 85% 3.67M 13s
206200K .......... .......... .......... .......... .......... 85% 11.0M 13s
206250K .......... .......... .......... .......... .......... 85% 12.0M 13s
206300K .......... .......... .......... .......... .......... 85% 2.31M 13s
206350K .......... .......... .......... .......... .......... 85% 7.39M 13s
206400K .......... .......... .......... .......... .......... 85% 7.92M 13s
206450K .......... .......... .......... .......... .......... 85% 12.3M 13s
206500K .......... .......... .......... .......... .......... 85% 7.21M 13s
206550K .......... .......... .......... .......... .......... 85% 9.44M 13s
206600K .......... .......... .......... .......... .......... 85% 8.80M 13s
206650K .......... .......... .......... .......... .......... 85% 5.45M 13s
206700K .......... .......... .......... .......... .......... 85% 11.9M 13s
206750K .......... .......... .......... .......... .......... 85% 10.7M 13s
206800K .......... .......... .......... .......... .......... 85% 7.65M 13s
206850K .......... .......... .......... .......... .......... 85% 12.0M 13s
206900K .......... .......... .......... .......... .......... 85% 11.7M 13s
206950K .......... .......... .......... .......... .......... 85% 11.9M 13s
207000K .......... .......... .......... .......... .......... 85% 11.4M 13s
207050K .......... .......... .......... .......... .......... 85% 11.6M 13s
207100K .......... .......... .......... .......... .......... 85% 5.91M 13s
207150K .......... .......... .......... .......... .......... 85% 9.57M 13s
207200K .......... .......... .......... .......... .......... 85% 7.50M 13s
207250K .......... .......... .......... .......... .......... 85% 10.9M 13s
207300K .......... .......... .......... .......... .......... 85% 12.0M 13s
207350K .......... .......... .......... .......... .......... 85% 1.71M 12s
207400K .......... .......... .......... .......... .......... 85% 10.9M 12s
207450K .......... .......... .......... .......... .......... 85% 11.7M 12s
207500K .......... .......... .......... .......... .......... 85% 2.96M 12s
207550K .......... .......... .......... .......... .......... 85% 5.42M 12s
207600K .......... .......... .......... .......... .......... 85% 6.46M 12s
207650K .......... .......... .......... .......... .......... 85% 11.7M 12s
207700K .......... .......... .......... .......... .......... 85% 11.6M 12s
207750K .......... .......... .......... .......... .......... 85% 6.96M 12s
207800K .......... .......... .......... .......... .......... 85% 10.2M 12s
207850K .......... .......... .......... .......... .......... 85% 5.60M 12s
207900K .......... .......... .......... .......... .......... 85% 9.13M 12s
207950K .......... .......... .......... .......... .......... 85% 10.9M 12s
208000K .......... .......... .......... .......... .......... 85% 8.53M 12s
208050K .......... .......... .......... .......... .......... 85% 11.0M 12s
208100K .......... .......... .......... .......... .......... 85% 11.7M 12s
208150K .......... .......... .......... .......... .......... 85% 12.3M 12s
208200K .......... .......... .......... .......... .......... 85% 11.6M 12s
208250K .......... .......... .......... .......... .......... 85% 11.7M 12s
208300K .......... .......... .......... .......... .......... 85% 11.6M 12s
208350K .......... .......... .......... .......... .......... 86% 5.78M 12s
208400K .......... .......... .......... .......... .......... 86% 7.54M 12s
208450K .......... .......... .......... .......... .......... 86% 10.9M 12s
208500K .......... .......... .......... .......... .......... 86% 11.3M 12s
208550K .......... .......... .......... .......... .......... 86% 2.54M 12s
208600K .......... .......... .......... .......... .......... 86% 3.69M 12s
208650K .......... .......... .......... .......... .......... 86% 11.8M 12s
208700K .......... .......... .......... .......... .......... 86% 11.4M 12s
208750K .......... .......... .......... .......... .......... 86% 2.41M 12s
208800K .......... .......... .......... .......... .......... 86% 7.06M 12s
208850K .......... .......... .......... .......... .......... 86% 8.29M 12s
208900K .......... .......... .......... .......... .......... 86% 12.0M 12s
208950K .......... .......... .......... .......... .......... 86% 11.8M 12s
209000K .......... .......... .......... .......... .......... 86% 7.31M 12s
209050K .......... .......... .......... .......... .......... 86% 11.3M 12s
209100K .......... .......... .......... .......... .......... 86% 6.43M 12s
209150K .......... .......... .......... .......... .......... 86% 7.73M 12s
209200K .......... .......... .......... .......... .......... 86% 8.82M 12s
209250K .......... .......... .......... .......... .......... 86% 11.2M 12s
209300K .......... .......... .......... .......... .......... 86% 11.5M 12s
209350K .......... .......... .......... .......... .......... 86% 11.5M 12s
209400K .......... .......... .......... .......... .......... 86% 12.1M 12s
209450K .......... .......... .......... .......... .......... 86% 11.7M 12s
209500K .......... .......... .......... .......... .......... 86% 11.3M 12s
209550K .......... .......... .......... .......... .......... 86% 11.6M 12s
209600K .......... .......... .......... .......... .......... 86% 5.74M 12s
209650K .......... .......... .......... .......... .......... 86% 9.74M 12s
209700K .......... .......... .......... .......... .......... 86% 10.2M 12s
209750K .......... .......... .......... .......... .......... 86% 11.6M 12s
209800K .......... .......... .......... .......... .......... 86% 11.6M 12s
209850K .......... .......... .......... .......... .......... 86% 2.52M 12s
209900K .......... .......... .......... .......... .......... 86% 3.79M 11s
209950K .......... .......... .......... .......... .......... 86% 11.7M 11s
210000K .......... .......... .......... .......... .......... 86% 8.86M 11s
210050K .......... .......... .......... .......... .......... 86% 2.35M 11s
210100K .......... .......... .......... .......... .......... 86% 9.33M 11s
210150K .......... .......... .......... .......... .......... 86% 9.71M 11s
210200K .......... .......... .......... .......... .......... 86% 11.3M 11s
210250K .......... .......... .......... .......... .......... 86% 11.6M 11s
210300K .......... .......... .......... .......... .......... 86% 7.72M 11s
210350K .......... .......... .......... .......... .......... 86% 11.1M 11s
210400K .......... .......... .......... .......... .......... 86% 4.81M 11s
210450K .......... .......... .......... .......... .......... 86% 10.8M 11s
210500K .......... .......... .......... .......... .......... 86% 10.9M 11s
210550K .......... .......... .......... .......... .......... 86% 11.9M 11s
210600K .......... .......... .......... .......... .......... 86% 11.4M 11s
210650K .......... .......... .......... .......... .......... 86% 12.3M 11s
210700K .......... .......... .......... .......... .......... 86% 11.5M 11s
210750K .......... .......... .......... .......... .......... 87% 11.5M 11s
210800K .......... .......... .......... .......... .......... 87% 9.04M 11s
210850K .......... .......... .......... .......... .......... 87% 11.4M 11s
210900K .......... .......... .......... .......... .......... 87% 8.80M 11s
210950K .......... .......... .......... .......... .......... 87% 8.39M 11s
211000K .......... .......... .......... .......... .......... 87% 11.2M 11s
211050K .......... .......... .......... .......... .......... 87% 11.8M 11s
211100K .......... .......... .......... .......... .......... 87% 11.1M 11s
211150K .......... .......... .......... .......... .......... 87% 2.64M 11s
211200K .......... .......... .......... .......... .......... 87% 3.30M 11s
211250K .......... .......... .......... .......... .......... 87% 11.9M 11s
211300K .......... .......... .......... .......... .......... 87% 11.5M 11s
211350K .......... .......... .......... .......... .......... 87% 2.48M 11s
211400K .......... .......... .......... .......... .......... 87% 9.91M 11s
211450K .......... .......... .......... .......... .......... 87% 8.01M 11s
211500K .......... .......... .......... .......... .......... 87% 11.5M 11s
211550K .......... .......... .......... .......... .......... 87% 12.0M 11s
211600K .......... .......... .......... .......... .......... 87% 7.16M 11s
211650K .......... .......... .......... .......... .......... 87% 11.3M 11s
211700K .......... .......... .......... .......... .......... 87% 6.77M 11s
211750K .......... .......... .......... .......... .......... 87% 8.23M 11s
211800K .......... .......... .......... .......... .......... 87% 10.7M 11s
211850K .......... .......... .......... .......... .......... 87% 11.4M 11s
211900K .......... .......... .......... .......... .......... 87% 12.1M 11s
211950K .......... .......... .......... .......... .......... 87% 11.3M 11s
212000K .......... .......... .......... .......... .......... 87% 8.73M 11s
212050K .......... .......... .......... .......... .......... 87% 12.1M 11s
212100K .......... .......... .......... .......... .......... 87% 11.8M 11s
212150K .......... .......... .......... .......... .......... 87% 11.8M 11s
212200K .......... .......... .......... .......... .......... 87% 11.4M 11s
212250K .......... .......... .......... .......... .......... 87% 11.2M 11s
212300K .......... .......... .......... .......... .......... 87% 8.48M 11s
212350K .......... .......... .......... .......... .......... 87% 10.7M 11s
212400K .......... .......... .......... .......... .......... 87% 8.76M 11s
212450K .......... .......... .......... .......... .......... 87% 2.72M 10s
212500K .......... .......... .......... .......... .......... 87% 3.57M 10s
212550K .......... .......... .......... .......... .......... 87% 11.4M 10s
212600K .......... .......... .......... .......... .......... 87% 12.0M 10s
212650K .......... .......... .......... .......... .......... 87% 11.4M 10s
212700K .......... .......... .......... .......... .......... 87% 2.54M 10s
212750K .......... .......... .......... .......... .......... 87% 9.72M 10s
212800K .......... .......... .......... .......... .......... 87% 6.82M 10s
212850K .......... .......... .......... .......... .......... 87% 11.3M 10s
212900K .......... .......... .......... .......... .......... 87% 11.5M 10s
212950K .......... .......... .......... .......... .......... 87% 11.9M 10s
213000K .......... .......... .......... .......... .......... 87% 9.63M 10s
213050K .......... .......... .......... .......... .......... 87% 8.11M 10s
213100K .......... .......... .......... .......... .......... 87% 7.07M 10s
213150K .......... .......... .......... .......... .......... 87% 11.3M 10s
213200K .......... .......... .......... .......... .......... 88% 8.77M 10s
213250K .......... .......... .......... .......... .......... 88% 12.1M 10s
213300K .......... .......... .......... .......... .......... 88% 10.7M 10s
213350K .......... .......... .......... .......... .......... 88% 12.1M 10s
213400K .......... .......... .......... .......... .......... 88% 11.3M 10s
213450K .......... .......... .......... .......... .......... 88% 12.0M 10s
213500K .......... .......... .......... .......... .......... 88% 11.5M 10s
213550K .......... .......... .......... .......... .......... 88% 12.1M 10s
213600K .......... .......... .......... .......... .......... 88% 8.43M 10s
213650K .......... .......... .......... .......... .......... 88% 10.2M 10s
213700K .......... .......... .......... .......... .......... 88% 11.4M 10s
213750K .......... .......... .......... .......... .......... 88% 11.3M 10s
213800K .......... .......... .......... .......... .......... 88% 12.1M 10s
213850K .......... .......... .......... .......... .......... 88% 2.74M 10s
213900K .......... .......... .......... .......... .......... 88% 3.75M 10s
213950K .......... .......... .......... .......... .......... 88% 10.8M 10s
214000K .......... .......... .......... .......... .......... 88% 9.18M 10s
214050K .......... .......... .......... .......... .......... 88% 2.71M 10s
214100K .......... .......... .......... .......... .......... 88% 8.43M 10s
214150K .......... .......... .......... .......... .......... 88% 11.4M 10s
214200K .......... .......... .......... .......... .......... 88% 8.61M 10s
214250K .......... .......... .......... .......... .......... 88% 10.7M 10s
214300K .......... .......... .......... .......... .......... 88% 12.0M 10s
214350K .......... .......... .......... .......... .......... 88% 11.6M 10s
214400K .......... .......... .......... .......... .......... 88% 8.77M 10s
214450K .......... .......... .......... .......... .......... 88% 7.52M 10s
214500K .......... .......... .......... .......... .......... 88% 7.63M 10s
214550K .......... .......... .......... .......... .......... 88% 11.4M 10s
214600K .......... .......... .......... .......... .......... 88% 11.3M 10s
214650K .......... .......... .......... .......... .......... 88% 12.1M 10s
214700K .......... .......... .......... .......... .......... 88% 11.3M 10s
214750K .......... .......... .......... .......... .......... 88% 12.1M 10s
214800K .......... .......... .......... .......... .......... 88% 8.33M 10s
214850K .......... .......... .......... .......... .......... 88% 12.1M 10s
214900K .......... .......... .......... .......... .......... 88% 11.4M 10s
214950K .......... .......... .......... .......... .......... 88% 12.1M 10s
215000K .......... .......... .......... .......... .......... 88% 11.3M 10s
215050K .......... .......... .......... .......... .......... 88% 11.7M 10s
215100K .......... .......... .......... .......... .......... 88% 11.7M 9s
215150K .......... .......... .......... .......... .......... 88% 11.6M 9s
215200K .......... .......... .......... .......... .......... 88% 8.86M 9s
215250K .......... .......... .......... .......... .......... 88% 3.01M 9s
215300K .......... .......... .......... .......... .......... 88% 3.91M 9s
215350K .......... .......... .......... .......... .......... 88% 8.79M 9s
215400K .......... .......... .......... .......... .......... 88% 11.6M 9s
215450K .......... .......... .......... .......... .......... 88% 11.6M 9s
215500K .......... .......... .......... .......... .......... 88% 2.76M 9s
215550K .......... .......... .......... .......... .......... 88% 8.98M 9s
215600K .......... .......... .......... .......... .......... 89% 7.19M 9s
215650K .......... .......... .......... .......... .......... 89% 10.2M 9s
215700K .......... .......... .......... .......... .......... 89% 11.7M 9s
215750K .......... .......... .......... .......... .......... 89% 11.7M 9s
215800K .......... .......... .......... .......... .......... 89% 11.6M 9s
215850K .......... .......... .......... .......... .......... 89% 11.6M 9s
215900K .......... .......... .......... .......... .......... 89% 7.88M 9s
215950K .......... .......... .......... .......... .......... 89% 8.36M 9s
216000K .......... .......... .......... .......... .......... 89% 8.38M 9s
216050K .......... .......... .......... .......... .......... 89% 11.9M 9s
216100K .......... .......... .......... .......... .......... 89% 11.4M 9s
216150K .......... .......... .......... .......... .......... 89% 11.3M 9s
216200K .......... .......... .......... .......... .......... 89% 12.1M 9s
216250K .......... .......... .......... .......... .......... 89% 11.4M 9s
216300K .......... .......... .......... .......... .......... 89% 12.1M 9s
216350K .......... .......... .......... .......... .......... 89% 11.4M 9s
216400K .......... .......... .......... .......... .......... 89% 8.78M 9s
216450K .......... .......... .......... .......... .......... 89% 12.1M 9s
216500K .......... .......... .......... .......... .......... 89% 11.4M 9s
216550K .......... .......... .......... .......... .......... 89% 12.1M 9s
216600K .......... .......... .......... .......... .......... 89% 11.4M 9s
216650K .......... .......... .......... .......... .......... 89% 12.1M 9s
216700K .......... .......... .......... .......... .......... 89% 3.43M 9s
216750K .......... .......... .......... .......... .......... 89% 8.17M 9s
216800K .......... .......... .......... .......... .......... 89% 3.45M 9s
216850K .......... .......... .......... .......... .......... 89% 12.1M 9s
216900K .......... .......... .......... .......... .......... 89% 11.4M 9s
216950K .......... .......... .......... .......... .......... 89% 2.72M 9s
217000K .......... .......... .......... .......... .......... 89% 10.7M 9s
217050K .......... .......... .......... .......... .......... 89% 9.56M 9s
217100K .......... .......... .......... .......... .......... 89% 10.6M 9s
217150K .......... .......... .......... .......... .......... 89% 11.4M 9s
217200K .......... .......... .......... .......... .......... 89% 8.75M 9s
217250K .......... .......... .......... .......... .......... 89% 11.4M 9s
217300K .......... .......... .......... .......... .......... 89% 12.1M 9s
217350K .......... .......... .......... .......... .......... 89% 10.7M 9s
217400K .......... .......... .......... .......... .......... 89% 7.60M 9s
217450K .......... .......... .......... .......... .......... 89% 9.99M 9s
217500K .......... .......... .......... .......... .......... 89% 11.9M 9s
217550K .......... .......... .......... .......... .......... 89% 11.6M 9s
217600K .......... .......... .......... .......... .......... 89% 8.93M 9s
217650K .......... .......... .......... .......... .......... 89% 11.4M 9s
217700K .......... .......... .......... .......... .......... 89% 11.4M 9s
217750K .......... .......... .......... .......... .......... 89% 12.0M 8s
217800K .......... .......... .......... .......... .......... 89% 11.3M 8s
217850K .......... .......... .......... .......... .......... 89% 12.1M 8s
217900K .......... .......... .......... .......... .......... 89% 11.4M 8s
217950K .......... .......... .......... .......... .......... 89% 12.0M 8s
218000K .......... .......... .......... .......... .......... 89% 8.40M 8s
218050K .......... .......... .......... .......... .......... 90% 12.0M 8s
218100K .......... .......... .......... .......... .......... 90% 11.3M 8s
218150K .......... .......... .......... .......... .......... 90% 11.3M 8s
218200K .......... .......... .......... .......... .......... 90%  278K 8s
218250K .......... .......... .......... .......... .......... 90%  483M 8s
218300K .......... .......... .......... .......... .......... 90%  537M 8s
218350K .......... .......... .......... .......... .......... 90%  555M 8s
218400K .......... .......... .......... .......... .......... 90%  463M 8s
218450K .......... .......... .......... .......... .......... 90%  615M 8s
218500K .......... .......... .......... .......... .......... 90%  596M 8s
218550K .......... .......... .......... .......... .......... 90%  621M 8s
218600K .......... .......... .......... .......... .......... 90%  600M 8s
218650K .......... .......... .......... .......... .......... 90%  598M 8s
218700K .......... .......... .......... .......... .......... 90%  564M 8s
218750K .......... .......... .......... .......... .......... 90%  567M 8s
218800K .......... .......... .......... .......... .......... 90%  403M 8s
218850K .......... .......... .......... .......... .......... 90%  526M 8s
218900K .......... .......... .......... .......... .......... 90%  524M 8s
218950K .......... .......... .......... .......... .......... 90%  567M 8s
219000K .......... .......... .......... .......... .......... 90%  593M 8s
219050K .......... .......... .......... .......... .......... 90%  618M 8s
219100K .......... .......... .......... .......... .......... 90%  594M 8s
219150K .......... .......... .......... .......... .......... 90%  616M 8s
219200K .......... .......... .......... .......... .......... 90%  471M 8s
219250K .......... .......... .......... .......... .......... 90%  611M 8s
219300K .......... .......... .......... .......... .......... 90%  618M 8s
219350K .......... .......... .......... .......... .......... 90%  621M 8s
219400K .......... .......... .......... .......... .......... 90%  625M 8s
219450K .......... .......... .......... .......... .......... 90%  551M 8s
219500K .......... .......... .......... .......... .......... 90%  606M 8s
219550K .......... .......... .......... .......... .......... 90%  596M 8s
219600K .......... .......... .......... .......... .......... 90%  456M 8s
219650K .......... .......... .......... .......... .......... 90%  617M 8s
219700K .......... .......... .......... .......... .......... 90%  601M 8s
219750K .......... .......... .......... .......... .......... 90% 5.69M 8s
219800K .......... .......... .......... .......... .......... 90% 5.72M 8s
219850K .......... .......... .......... .......... .......... 90% 8.35M 8s
219900K .......... .......... .......... .......... .......... 90% 2.56M 8s
219950K .......... .......... .......... .......... .......... 90% 7.63M 8s
220000K .......... .......... .......... .......... .......... 90% 5.17M 8s
220050K .......... .......... .......... .......... .......... 90% 8.28M 8s
220100K .......... .......... .......... .......... .......... 90% 7.80M 8s
220150K .......... .......... .......... .......... .......... 90% 9.03M 8s
220200K .......... .......... .......... .......... .......... 90% 6.55M 8s
220250K .......... .......... .......... .......... .......... 90% 6.68M 8s
220300K .......... .......... .......... .......... .......... 90% 8.44M 8s
220350K .......... .......... .......... .......... .......... 90% 8.12M 8s
220400K .......... .......... .......... .......... .......... 90% 6.20M 8s
220450K .......... .......... .......... .......... .......... 91% 8.03M 7s
220500K .......... .......... .......... .......... .......... 91% 7.87M 7s
220550K .......... .......... .......... .......... .......... 91% 8.62M 7s
220600K .......... .......... .......... .......... .......... 91% 7.97M 7s
220650K .......... .......... .......... .......... .......... 91% 8.18M 7s
220700K .......... .......... .......... .......... .......... 91% 7.50M 7s
220750K .......... .......... .......... .......... .......... 91% 9.26M 7s
220800K .......... .......... .......... .......... .......... 91% 3.08M 7s
220850K .......... .......... .......... .......... .......... 91% 3.51M 7s
220900K .......... .......... .......... .......... .......... 91% 7.73M 7s
220950K .......... .......... .......... .......... .......... 91% 2.87M 7s
221000K .......... .......... .......... .......... .......... 91% 6.33M 7s
221050K .......... .......... .......... .......... .......... 91% 6.90M 7s
221100K .......... .......... .......... .......... .......... 91% 7.80M 7s
221150K .......... .......... .......... .......... .......... 91% 8.03M 7s
221200K .......... .......... .......... .......... .......... 91% 6.49M 7s
221250K .......... .......... .......... .......... .......... 91% 7.12M 7s
221300K .......... .......... .......... .......... .......... 91% 7.34M 7s
221350K .......... .......... .......... .......... .......... 91% 7.12M 7s
221400K .......... .......... .......... .......... .......... 91% 8.20M 7s
221450K .......... .......... .......... .......... .......... 91% 8.75M 7s
221500K .......... .......... .......... .......... .......... 91% 8.73M 7s
221550K .......... .......... .......... .......... .......... 91% 8.10M 7s
221600K .......... .......... .......... .......... .......... 91% 6.47M 7s
221650K .......... .......... .......... .......... .......... 91% 8.15M 7s
221700K .......... .......... .......... .......... .......... 91% 6.51M 7s
221750K .......... .......... .......... .......... .......... 91% 10.7M 7s
221800K .......... .......... .......... .......... .......... 91% 7.19M 7s
221850K .......... .......... .......... .......... .......... 91% 8.98M 7s
221900K .......... .......... .......... .......... .......... 91% 3.89M 7s
221950K .......... .......... .......... .......... .......... 91% 3.65M 7s
222000K .......... .......... .......... .......... .......... 91% 5.88M 7s
222050K .......... .......... .......... .......... .......... 91% 2.66M 7s
222100K .......... .......... .......... .......... .......... 91% 7.37M 7s
222150K .......... .......... .......... .......... .......... 91% 7.59M 7s
222200K .......... .......... .......... .......... .......... 91% 7.41M 7s
222250K .......... .......... .......... .......... .......... 91% 8.08M 7s
222300K .......... .......... .......... .......... .......... 91% 8.50M 7s
222350K .......... .......... .......... .......... .......... 91% 9.39M 7s
222400K .......... .......... .......... .......... .......... 91% 5.14M 7s
222450K .......... .......... .......... .......... .......... 91% 7.18M 7s
222500K .......... .......... .......... .......... .......... 91% 8.41M 7s
222550K .......... .......... .......... .......... .......... 91% 9.21M 7s
222600K .......... .......... .......... .......... .......... 91% 8.36M 7s
222650K .......... .......... .......... .......... .......... 91% 8.45M 7s
222700K .......... .......... .......... .......... .......... 91% 7.83M 7s
222750K .......... .......... .......... .......... .......... 91% 10.1M 7s
222800K .......... .......... .......... .......... .......... 91% 5.88M 7s
222850K .......... .......... .......... .......... .......... 91% 8.58M 7s
222900K .......... .......... .......... .......... .......... 92% 9.64M 7s
222950K .......... .......... .......... .......... .......... 92% 8.04M 7s
223000K .......... .......... .......... .......... .......... 92% 4.20M 7s
223050K .......... .......... .......... .......... .......... 92% 3.39M 7s
223100K .......... .......... .......... .......... .......... 92% 7.13M 7s
223150K .......... .......... .......... .......... .......... 92% 8.28M 7s
223200K .......... .......... .......... .......... .......... 92% 2.38M 7s
223250K .......... .......... .......... .......... .......... 92% 7.33M 6s
223300K .......... .......... .......... .......... .......... 92% 6.89M 6s
223350K .......... .......... .......... .......... .......... 92% 9.93M 6s
223400K .......... .......... .......... .......... .......... 92% 8.78M 6s
223450K .......... .......... .......... .......... .......... 92% 8.79M 6s
223500K .......... .......... .......... .......... .......... 92% 6.56M 6s
223550K .......... .......... .......... .......... .......... 92% 7.93M 6s
223600K .......... .......... .......... .......... .......... 92% 6.46M 6s
223650K .......... .......... .......... .......... .......... 92% 8.57M 6s
223700K .......... .......... .......... .......... .......... 92% 9.14M 6s
223750K .......... .......... .......... .......... .......... 92% 8.11M 6s
223800K .......... .......... .......... .......... .......... 92% 8.34M 6s
223850K .......... .......... .......... .......... .......... 92% 8.52M 6s
223900K .......... .......... .......... .......... .......... 92% 10.2M 6s
223950K .......... .......... .......... .......... .......... 92% 7.49M 6s
224000K .......... .......... .......... .......... .......... 92% 6.85M 6s
224050K .......... .......... .......... .......... .......... 92% 7.19M 6s
224100K .......... .......... .......... .......... .......... 92% 8.90M 6s
224150K .......... .......... .......... .......... .......... 92% 4.34M 6s
224200K .......... .......... .......... .......... .......... 92% 3.77M 6s
224250K .......... .......... .......... .......... .......... 92% 6.70M 6s
224300K .......... .......... .......... .......... .......... 92% 8.77M 6s
224350K .......... .......... .......... .......... .......... 92% 2.58M 6s
224400K .......... .......... .......... .......... .......... 92% 6.16M 6s
224450K .......... .......... .......... .......... .......... 92% 6.89M 6s
224500K .......... .......... .......... .......... .......... 92% 10.9M 6s
224550K .......... .......... .......... .......... .......... 92% 8.54M 6s
224600K .......... .......... .......... .......... .......... 92% 9.10M 6s
224650K .......... .......... .......... .......... .......... 92% 6.42M 6s
224700K .......... .......... .......... .......... .......... 92% 8.37M 6s
224750K .......... .......... .......... .......... .......... 92% 7.79M 6s
224800K .......... .......... .......... .......... .......... 92% 6.99M 6s
224850K .......... .......... .......... .......... .......... 92% 9.73M 6s
224900K .......... .......... .......... .......... .......... 92% 8.00M 6s
224950K .......... .......... .......... .......... .......... 92% 9.05M 6s
225000K .......... .......... .......... .......... .......... 92% 8.37M 6s
225050K .......... .......... .......... .......... .......... 92% 9.94M 6s
225100K .......... .......... .......... .......... .......... 92% 8.40M 6s
225150K .......... .......... .......... .......... .......... 92% 7.70M 6s
225200K .......... .......... .......... .......... .......... 92% 6.44M 6s
225250K .......... .......... .......... .......... .......... 92% 10.9M 6s
225300K .......... .......... .......... .......... .......... 93% 4.61M 6s
225350K .......... .......... .......... .......... .......... 93% 3.44M 6s
225400K .......... .......... .......... .......... .......... 93% 6.45M 6s
225450K .......... .......... .......... .......... .......... 93% 9.54M 6s
225500K .......... .......... .......... .......... .......... 93% 2.57M 6s
225550K .......... .......... .......... .......... .......... 93% 7.88M 6s
225600K .......... .......... .......... .......... .......... 93% 6.43M 6s
225650K .......... .......... .......... .......... .......... 93% 7.91M 6s
225700K .......... .......... .......... .......... .......... 93% 9.22M 6s
225750K .......... .......... .......... .......... .......... 93% 9.04M 6s
225800K .......... .......... .......... .......... .......... 93% 9.68M 6s
225850K .......... .......... .......... .......... .......... 93% 6.68M 6s
225900K .......... .......... .......... .......... .......... 93% 6.92M 6s
225950K .......... .......... .......... .......... .......... 93% 11.0M 6s
226000K .......... .......... .......... .......... .......... 93% 6.71M 6s
226050K .......... .......... .......... .......... .......... 93% 9.31M 5s
226100K .......... .......... .......... .......... .......... 93% 8.71M 5s
226150K .......... .......... .......... .......... .......... 93% 7.96M 5s
226200K .......... .......... .......... .......... .......... 93% 10.6M 5s
226250K .......... .......... .......... .......... .......... 93% 9.43M 5s
226300K .......... .......... .......... .......... .......... 93% 6.79M 5s
226350K .......... .......... .......... .......... .......... 93% 10.7M 5s
226400K .......... .......... .......... .......... .......... 93% 6.48M 5s
226450K .......... .......... .......... .......... .......... 93% 8.25M 5s
226500K .......... .......... .......... .......... .......... 93% 4.05M 5s
226550K .......... .......... .......... .......... .......... 93% 4.25M 5s
226600K .......... .......... .......... .......... .......... 93% 6.46M 5s
226650K .......... .......... .......... .......... .......... 93% 9.90M 5s
226700K .......... .......... .......... .......... .......... 93% 2.32M 5s
226750K .......... .......... .......... .......... .......... 93% 9.07M 5s
226800K .......... .......... .......... .......... .......... 93% 5.27M 5s
226850K .......... .......... .......... .......... .......... 93% 6.88M 5s
226900K .......... .......... .......... .......... .......... 93% 9.56M 5s
226950K .......... .......... .......... .......... .......... 93% 12.0M 5s
227000K .......... .......... .......... .......... .......... 93% 6.21M 5s
227050K .......... .......... .......... .......... .......... 93% 10.7M 5s
227100K .......... .......... .......... .......... .......... 93% 7.63M 5s
227150K .......... .......... .......... .......... .......... 93% 11.4M 5s
227200K .......... .......... .......... .......... .......... 93%  293K 5s
227250K .......... .......... .......... .......... .......... 93%  569M 5s
227300K .......... .......... .......... .......... .......... 93%  546M 5s
227350K .......... .......... .......... .......... .......... 93%  612M 5s
227400K .......... .......... .......... .......... .......... 93%  623M 5s
227450K .......... .......... .......... .......... .......... 93%  619M 5s
227500K .......... .......... .......... .......... .......... 93%  622M 5s
227550K .......... .......... .......... .......... .......... 93%  594M 5s
227600K .......... .......... .......... .......... .......... 93%  467M 5s
227650K .......... .......... .......... .......... .......... 93%  610M 5s
227700K .......... .......... .......... .......... .......... 94%  604M 5s
227750K .......... .......... .......... .......... .......... 94%  614M 5s
227800K .......... .......... .......... .......... .......... 94%  632M 5s
227850K .......... .......... .......... .......... .......... 94%  619M 5s
227900K .......... .......... .......... .......... .......... 94%  579M 5s
227950K .......... .......... .......... .......... .......... 94%  613M 5s
228000K .......... .......... .......... .......... .......... 94%  467M 5s
228050K .......... .......... .......... .......... .......... 94%  621M 5s
228100K .......... .......... .......... .......... .......... 94%  613M 5s
228150K .......... .......... .......... .......... .......... 94%  621M 5s
228200K .......... .......... .......... .......... .......... 94%  597M 5s
228250K .......... .......... .......... .......... .......... 94%  565M 5s
228300K .......... .......... .......... .......... .......... 94%  567M 5s
228350K .......... .......... .......... .......... .......... 94%  601M 5s
228400K .......... .......... .......... .......... .......... 94%  460M 5s
228450K .......... .......... .......... .......... .......... 94% 8.85M 5s
228500K .......... .......... .......... .......... .......... 94% 5.71M 5s
228550K .......... .......... .......... .......... .......... 94% 7.78M 5s
228600K .......... .......... .......... .......... .......... 94% 6.30M 5s
228650K .......... .......... .......... .......... .......... 94% 5.79M 5s
228700K .......... .......... .......... .......... .......... 94% 6.49M 5s
228750K .......... .......... .......... .......... .......... 94%  293K 5s
228800K .......... .......... .......... .......... .......... 94%  368M 5s
228850K .......... .......... .......... .......... .......... 94%  488M 5s
228900K .......... .......... .......... .......... .......... 94%  476M 4s
228950K .......... .......... .......... .......... .......... 94%  608M 4s
229000K .......... .......... .......... .......... .......... 94%  601M 4s
229050K .......... .......... .......... .......... .......... 94%  613M 4s
229100K .......... .......... .......... .......... .......... 94%  601M 4s
229150K .......... .......... .......... .......... .......... 94%  609M 4s
229200K .......... .......... .......... .......... .......... 94%  448M 4s
229250K .......... .......... .......... .......... .......... 94%  619M 4s
229300K .......... .......... .......... .......... .......... 94%  609M 4s
229350K .......... .......... .......... .......... .......... 94%  611M 4s
229400K .......... .......... .......... .......... .......... 94%  622M 4s
229450K .......... .......... .......... .......... .......... 94%  612M 4s
229500K .......... .......... .......... .......... .......... 94%  569M 4s
229550K .......... .......... .......... .......... .......... 94%  608M 4s
229600K .......... .......... .......... .......... .......... 94% 2.95M 4s
229650K .......... .......... .......... .......... .......... 94% 3.15M 4s
229700K .......... .......... .......... .......... .......... 94% 1.82M 4s
229750K .......... .......... .......... .......... .......... 94% 3.53M 4s
229800K .......... .......... .......... .......... .......... 94% 4.20M 4s
229850K .......... .......... .......... .......... .......... 94% 4.47M 4s
229900K .......... .......... .......... .......... .......... 94% 4.08M 4s
229950K .......... .......... .......... .......... .......... 94% 5.27M 4s
230000K .......... .......... .......... .......... .......... 94% 4.13M 4s
230050K .......... .......... .......... .......... .......... 94% 4.81M 4s
230100K .......... .......... .......... .......... .......... 94% 3.82M 4s
230150K .......... .......... .......... .......... .......... 95% 4.94M 4s
230200K .......... .......... .......... .......... .......... 95% 3.11M 4s
230250K .......... .......... .......... .......... .......... 95% 2.46M 4s
230300K .......... .......... .......... .......... .......... 95% 1.95M 4s
230350K .......... .......... .......... .......... .......... 95% 3.97M 4s
230400K .......... .......... .......... .......... .......... 95% 2.62M 4s
230450K .......... .......... .......... .......... .......... 95% 4.62M 4s
230500K .......... .......... .......... .......... .......... 95% 4.35M 4s
230550K .......... .......... .......... .......... .......... 95% 5.38M 4s
230600K .......... .......... .......... .......... .......... 95% 5.46M 4s
230650K .......... .......... .......... .......... .......... 95% 4.54M 4s
230700K .......... .......... .......... .......... .......... 95% 4.93M 4s
230750K .......... .......... .......... .......... .......... 95% 4.74M 4s
230800K .......... .......... .......... .......... .......... 95% 2.44M 4s
230850K .......... .......... .......... .......... .......... 95% 2.57M 4s
230900K .......... .......... .......... .......... .......... 95% 1.93M 4s
230950K .......... .......... .......... .......... .......... 95% 3.96M 4s
231000K .......... .......... .......... .......... .......... 95% 3.61M 4s
231050K .......... .......... .......... .......... .......... 95% 4.71M 4s
231100K .......... .......... .......... .......... .......... 95% 3.83M 4s
231150K .......... .......... .......... .......... .......... 95% 5.02M 4s
231200K .......... .......... .......... .......... .......... 95% 4.16M 4s
231250K .......... .......... .......... .......... .......... 95% 4.72M 4s
231300K .......... .......... .......... .......... .......... 95% 5.23M 4s
231350K .......... .......... .......... .......... .......... 95% 4.18M 4s
231400K .......... .......... .......... .......... .......... 95% 5.11M 4s
231450K .......... .......... .......... .......... .......... 95% 2.19M 4s
231500K .......... .......... .......... .......... .......... 95% 3.77M 4s
231550K .......... .......... .......... .......... .......... 95% 1.90M 4s
231600K .......... .......... .......... .......... .......... 95% 3.04M 4s
231650K .......... .......... .......... .......... .......... 95% 4.31M 4s
231700K .......... .......... .......... .......... .......... 95% 4.25M 4s
231750K .......... .......... .......... .......... .......... 95% 4.58M 4s
231800K .......... .......... .......... .......... .......... 95% 5.90M 4s
231850K .......... .......... .......... .......... .......... 95% 5.65M 3s
231900K .......... .......... .......... .......... .......... 95% 4.16M 3s
231950K .......... .......... .......... .......... .......... 95% 4.85M 3s
232000K .......... .......... .......... .......... .......... 95% 3.98M 3s
232050K .......... .......... .......... .......... .......... 95% 2.83M 3s
232100K .......... .......... .......... .......... .......... 95% 2.78M 3s
232150K .......... .......... .......... .......... .......... 95% 1.66M 3s
232200K .......... .......... .......... .......... .......... 95% 6.95M 3s
232250K .......... .......... .......... .......... .......... 95% 3.38M 3s
232300K .......... .......... .......... .......... .......... 95% 4.84M 3s
232350K .......... .......... .......... .......... .......... 95% 4.69M 3s
232400K .......... .......... .......... .......... .......... 95% 3.44M 3s
232450K .......... .......... .......... .......... .......... 95% 6.31M 3s
232500K .......... .......... .......... .......... .......... 95% 4.83M 3s
232550K .......... .......... .......... .......... .......... 96% 5.34M 3s
232600K .......... .......... .......... .......... .......... 96% 4.67M 3s
232650K .......... .......... .......... .......... .......... 96% 4.28M 3s
232700K .......... .......... .......... .......... .......... 96% 2.49M 3s
232750K .......... .......... .......... .......... .......... 96% 3.64M 3s
232800K .......... .......... .......... .......... .......... 96% 1.55M 3s
232850K .......... .......... .......... .......... .......... 96% 3.81M 3s
232900K .......... .......... .......... .......... .......... 96% 4.97M 3s
232950K .......... .......... .......... .......... .......... 96% 6.14M 3s
233000K .......... .......... .......... .......... .......... 96% 3.58M 3s
233050K .......... .......... .......... .......... .......... 96% 5.44M 3s
233100K .......... .......... .......... .......... .......... 96% 6.43M 3s
233150K .......... .......... .......... .......... .......... 96% 4.78M 3s
233200K .......... .......... .......... .......... .......... 96% 3.52M 3s
233250K .......... .......... .......... .......... .......... 96% 4.56M 3s
233300K .......... .......... .......... .......... .......... 96% 5.60M 3s
233350K .......... .......... .......... .......... .......... 96% 2.21M 3s
233400K .......... .......... .......... .......... .......... 96% 4.46M 3s
233450K .......... .......... .......... .......... .......... 96% 1.77M 3s
233500K .......... .......... .......... .......... .......... 96% 5.05M 3s
233550K .......... .......... .......... .......... .......... 96% 4.40M 3s
233600K .......... .......... .......... .......... .......... 96% 3.21M 3s
233650K .......... .......... .......... .......... .......... 96% 4.23M 3s
233700K .......... .......... .......... .......... .......... 96% 5.50M 3s
233750K .......... .......... .......... .......... .......... 96% 7.27M 3s
233800K .......... .......... .......... .......... .......... 96% 5.00M 3s
233850K .......... .......... .......... .......... .......... 96% 3.99M 3s
233900K .......... .......... .......... .......... .......... 96% 5.59M 3s
233950K .......... .......... .......... .......... .......... 96% 4.84M 3s
234000K .......... .......... .......... .......... .......... 96% 1.92M 3s
234050K .......... .......... .......... .......... .......... 96% 4.96M 3s
234100K .......... .......... .......... .......... .......... 96% 1.69M 3s
234150K .......... .......... .......... .......... .......... 96% 5.78M 3s
234200K .......... .......... .......... .......... .......... 96% 4.44M 3s
234250K .......... .......... .......... .......... .......... 96% 4.55M 3s
234300K .......... .......... .......... .......... .......... 96% 4.06M 3s
234350K .......... .......... .......... .......... .......... 96% 5.49M 3s
234400K .......... .......... .......... .......... .......... 96% 4.74M 3s
234450K .......... .......... .......... .......... .......... 96% 4.90M 3s
234500K .......... .......... .......... .......... .......... 96% 3.96M 3s
234550K .......... .......... .......... .......... .......... 96% 5.86M 3s
234600K .......... .......... .......... .......... .......... 96% 4.71M 3s
234650K .......... .......... .......... .......... .......... 96% 2.46M 3s
234700K .......... .......... .......... .......... .......... 96% 3.81M 3s
234750K .......... .......... .......... .......... .......... 96% 1.73M 3s
234800K .......... .......... .......... .......... .......... 96% 5.49M 2s
234850K .......... .......... .......... .......... .......... 96% 3.71M 2s
234900K .......... .......... .......... .......... .......... 96% 5.36M 2s
234950K .......... .......... .......... .......... .......... 96% 4.18M 2s
235000K .......... .......... .......... .......... .......... 97% 5.48M 2s
235050K .......... .......... .......... .......... .......... 97% 5.52M 2s
235100K .......... .......... .......... .......... .......... 97% 4.92M 2s
235150K .......... .......... .......... .......... .......... 97% 4.66M 2s
235200K .......... .......... .......... .......... .......... 97% 3.88M 2s
235250K .......... .......... .......... .......... .......... 97% 5.65M 2s
235300K .......... .......... .......... .......... .......... 97% 2.77M 2s
235350K .......... .......... .......... .......... .......... 97% 2.81M 2s
235400K .......... .......... .......... .......... .......... 97% 2.37M 2s
235450K .......... .......... .......... .......... .......... 97% 3.56M 2s
235500K .......... .......... .......... .......... .......... 97% 4.09M 2s
235550K .......... .......... .......... .......... .......... 97% 4.87M 2s
235600K .......... .......... .......... .......... .......... 97% 3.55M 2s
235650K .......... .......... .......... .......... .......... 97% 5.00M 2s
235700K .......... .......... .......... .......... .......... 97% 5.69M 2s
235750K .......... .......... .......... .......... .......... 97% 6.70M 2s
235800K .......... .......... .......... .......... .......... 97% 3.58M 2s
235850K .......... .......... .......... .......... .......... 97% 6.30M 2s
235900K .......... .......... .......... .......... .......... 97% 4.43M 2s
235950K .......... .......... .......... .......... .......... 97% 5.71M 2s
236000K .......... .......... .......... .......... .......... 97% 1.79M 2s
236050K .......... .......... .......... .......... .......... 97% 5.91M 2s
236100K .......... .......... .......... .......... .......... 97% 1.81M 2s
236150K .......... .......... .......... .......... .......... 97% 5.90M 2s
236200K .......... .......... .......... .......... .......... 97% 4.39M 2s
236250K .......... .......... .......... .......... .......... 97% 5.08M 2s
236300K .......... .......... .......... .......... .......... 97% 4.50M 2s
236350K .......... .......... .......... .......... .......... 97% 4.95M 2s
236400K .......... .......... .......... .......... .......... 97% 4.54M 2s
236450K .......... .......... .......... .......... .......... 97% 5.63M 2s
236500K .......... .......... .......... .......... .......... 97% 4.75M 2s
236550K .......... .......... .......... .......... .......... 97% 4.99M 2s
236600K .......... .......... .......... .......... .......... 97% 5.23M 2s
236650K .......... .......... .......... .......... .......... 97% 2.79M 2s
236700K .......... .......... .......... .......... .......... 97% 2.77M 2s
236750K .......... .......... .......... .......... .......... 97% 2.43M 2s
236800K .......... .......... .......... .......... .......... 97% 3.05M 2s
236850K .......... .......... .......... .......... .......... 97% 3.56M 2s
236900K .......... .......... .......... .......... .......... 97% 6.69M 2s
236950K .......... .......... .......... .......... .......... 97% 4.05M 2s
237000K .......... .......... .......... .......... .......... 97% 5.20M 2s
237050K .......... .......... .......... .......... .......... 97% 6.12M 2s
237100K .......... .......... .......... .......... .......... 97% 6.83M 2s
237150K .......... .......... .......... .......... .......... 97% 4.90M 2s
237200K .......... .......... .......... .......... .......... 97% 3.23M 2s
237250K .......... .......... .......... .......... .......... 97% 5.19M 2s
237300K .......... .......... .......... .......... .......... 97% 5.90M 2s
237350K .......... .......... .......... .......... .......... 97% 2.17M 2s
237400K .......... .......... .......... .......... .......... 98% 4.62M 2s
237450K .......... .......... .......... .......... .......... 98% 1.81M 2s
237500K .......... .......... .......... .......... .......... 98% 7.61M 2s
237550K .......... .......... .......... .......... .......... 98% 3.42M 2s
237600K .......... .......... .......... .......... .......... 98% 4.62M 2s
237650K .......... .......... .......... .......... .......... 98% 4.44M 2s
237700K .......... .......... .......... .......... .......... 98% 5.74M 2s
237750K .......... .......... .......... .......... .......... 98% 5.90M 1s
237800K .......... .......... .......... .......... .......... 98% 6.86M 1s
237850K .......... .......... .......... .......... .......... 98% 3.50M 1s
237900K .......... .......... .......... .......... .......... 98% 5.53M 1s
237950K .......... .......... .......... .......... .......... 98% 5.22M 1s
238000K .......... .......... .......... .......... .......... 98% 3.85M 1s
238050K .......... .......... .......... .......... .......... 98% 2.19M 1s
238100K .......... .......... .......... .......... .......... 98% 5.97M 1s
238150K .......... .......... .......... .......... .......... 98% 1.83M 1s
238200K .......... .......... .......... .......... .......... 98% 5.34M 1s
238250K .......... .......... .......... .......... .......... 98% 4.30M 1s
238300K .......... .......... .......... .......... .......... 98% 6.03M 1s
238350K .......... .......... .......... .......... .......... 98% 4.13M 1s
238400K .......... .......... .......... .......... .......... 98% 3.85M 1s
238450K .......... .......... .......... .......... .......... 98% 7.22M 1s
238500K .......... .......... .......... .......... .......... 98% 5.89M 1s
238550K .......... .......... .......... .......... .......... 98% 4.30M 1s
238600K .......... .......... .......... .......... .......... 98% 4.96M 1s
238650K .......... .......... .......... .......... .......... 98% 5.93M 1s
238700K .......... .......... .......... .......... .......... 98% 4.21M 1s
238750K .......... .......... .......... .......... .......... 98% 2.20M 1s
238800K .......... .......... .......... .......... .......... 98% 2.08M 1s
238850K .......... .......... .......... .......... .......... 98% 3.69M 1s
238900K .......... .......... .......... .......... .......... 98% 3.95M 1s
238950K .......... .......... .......... .......... .......... 98% 4.85M 1s
239000K .......... .......... .......... .......... .......... 98% 6.95M 1s
239050K .......... .......... .......... .......... .......... 98% 3.59M 1s
239100K .......... .......... .......... .......... .......... 98% 6.54M 1s
239150K .......... .......... .......... .......... .......... 98% 8.19M 1s
239200K .......... .......... .......... .......... .......... 98% 4.33M 1s
239250K .......... .......... .......... .......... .......... 98% 4.40M 1s
239300K .......... .......... .......... .......... .......... 98% 4.99M 1s
239350K .......... .......... .......... .......... .......... 98% 5.19M 1s
239400K .......... .......... .......... .......... .......... 98% 4.36M 1s
239450K .......... .......... .......... .......... .......... 98% 2.18M 1s
239500K .......... .......... .......... .......... .......... 98% 7.21M 1s
239550K .......... .......... .......... .......... .......... 98% 1.81M 1s
239600K .......... .......... .......... .......... .......... 98% 3.44M 1s
239650K .......... .......... .......... .......... .......... 98% 4.88M 1s
239700K .......... .......... .......... .......... .......... 98% 6.96M 1s
239750K .......... .......... .......... .......... .......... 98% 3.68M 1s
239800K .......... .......... .......... .......... .......... 98% 5.61M 1s
239850K .......... .......... .......... .......... .......... 99% 8.36M 1s
239900K .......... .......... .......... .......... .......... 99% 5.65M 1s
239950K .......... .......... .......... .......... .......... 99% 4.39M 1s
240000K .......... .......... .......... .......... .......... 99% 4.17M 1s
240050K .......... .......... .......... .......... .......... 99% 5.58M 1s
240100K .......... .......... .......... .......... .......... 99% 4.21M 1s
240150K .......... .......... .......... .......... .......... 99% 2.26M 1s
240200K .......... .......... .......... .......... .......... 99% 6.60M 1s
240250K .......... .......... .......... .......... .......... 99% 1.81M 1s
240300K .......... .......... .......... .......... .......... 99% 5.25M 1s
240350K .......... .......... .......... .......... .......... 99% 3.84M 1s
240400K .......... .......... .......... .......... .......... 99% 5.28M 1s
240450K .......... .......... .......... .......... .......... 99% 3.72M 1s
240500K .......... .......... .......... .......... .......... 99% 5.58M 1s
240550K .......... .......... .......... .......... .......... 99% 8.49M 1s
240600K .......... .......... .......... .......... .......... 99% 5.81M 1s
240650K .......... .......... .......... .......... .......... 99% 4.52M 1s
240700K .......... .......... .......... .......... .......... 99% 4.89M 1s
240750K .......... .......... .......... .......... .......... 99% 5.42M 0s
240800K .......... .......... .......... .......... .......... 99% 3.68M 0s
240850K .......... .......... .......... .......... .......... 99% 2.10M 0s
240900K .......... .......... .......... .......... .......... 99% 8.26M 0s
240950K .......... .......... .......... .......... .......... 99% 1.84M 0s
241000K .......... .......... .......... .......... .......... 99% 5.02M 0s
241050K .......... .......... .......... .......... .......... 99% 3.96M 0s
241100K .......... .......... .......... .......... .......... 99% 7.45M 0s
241150K .......... .......... .......... .......... .......... 99% 4.27M 0s
241200K .......... .......... .......... .......... .......... 99% 3.63M 0s
241250K .......... .......... .......... .......... .......... 99% 10.3M 0s
241300K .......... .......... .......... .......... .......... 99% 6.14M 0s
241350K .......... .......... .......... .......... .......... 99% 4.00M 0s
241400K .......... .......... .......... .......... .......... 99% 5.08M 0s
241450K .......... .......... .......... .......... .......... 99% 5.21M 0s
241500K .......... .......... .......... .......... .......... 99% 6.65M 0s
241550K .......... .......... .......... .......... .......... 99% 2.06M 0s
241600K .......... .......... .......... .......... .......... 99% 4.45M 0s
241650K .......... .......... .......... .......... .......... 99% 1.81M 0s
241700K .......... .......... .......... .......... .......... 99% 5.13M 0s
241750K .......... .......... .......... .......... .......... 99% 4.48M 0s
241800K .......... .......... .......... .......... .......... 99% 6.04M 0s
241850K .......... .......... .......... .......... .......... 99% 4.42M 0s
241900K .......... .......... .......... .......... .......... 99% 5.61M 0s
241950K .......... .......... .......... .......... .......... 99% 5.60M 0s
242000K .......... .......... .......... .......... .......... 99% 5.45M 0s
242050K .......... .......... .......... .......... .......... 99% 4.02M 0s
242100K .......... .......... .......... .......... .......... 99% 5.03M 0s
242150K .......... .......... .......... .......... .......... 99% 7.76M 0s
242200K .......... .......... .......... .......... .......... 99% 5.85M 0s
242250K .......... .......... .......... .....                100% 3.90M=80s

TIN_DOWNLOADED
TIN_UNZIPPED
test
train
val
wnids.txt
words.txt
TIN_COMPLETE
