=== zca10_gaboronly seed 0 ===
stem calibrated (zca) on 1024 images
[zca10_gaboronly seed0] {"params_trainable": 11225316, "params_stem_trainable": 0, "params_stem_fixed_filters": 1089, "flops_total": 566474752, "flops_stem": 4460544, "flops_image_size": 32}
epoch 1/200 loss 4.4948 train 0.0321 test 0.0554
epoch 2/200 loss 4.1080 train 0.0747 test 0.0862
epoch 3/200 loss 3.9201 train 0.0968 test 0.0955
epoch 4/200 loss 3.7980 train 0.1064 test 0.1034
epoch 5/200 loss 3.7066 train 0.1230 test 0.1221
epoch 6/200 loss 3.6048 train 0.1438 test 0.1324
epoch 7/200 loss 3.5323 train 0.1466 test 0.1332
epoch 8/200 loss 3.4202 train 0.1693 test 0.1469
epoch 9/200 loss 3.3442 train 0.1867 test 0.1565
epoch 10/200 loss 3.2596 train 0.1987 test 0.1686
epoch 11/200 loss 3.1639 train 0.2192 test 0.1791
epoch 12/200 loss 3.0776 train 0.2260 test 0.1964
epoch 13/200 loss 3.0191 train 0.2476 test 0.1938
epoch 14/200 loss 2.9316 train 0.2630 test 0.1919
epoch 15/200 loss 2.8357 train 0.2798 test 0.1951
epoch 16/200 loss 2.7574 train 0.2861 test 0.2133
epoch 17/200 loss 2.6711 train 0.3087 test 0.2103
epoch 18/200 loss 2.6411 train 0.3151 test 0.2289
epoch 19/200 loss 2.5291 train 0.3363 test 0.2292
epoch 20/200 loss 2.4825 train 0.3395 test 0.2337
epoch 21/200 loss 2.3599 train 0.3600 test 0.2464
epoch 22/200 loss 2.2930 train 0.3850 test 0.2253
epoch 23/200 loss 2.2724 train 0.3856 test 0.2490
epoch 24/200 loss 2.1303 train 0.4179 test 0.2481
epoch 25/200 loss 2.0884 train 0.4317 test 0.2340
epoch 26/200 loss 1.9763 train 0.4447 test 0.2533
epoch 27/200 loss 1.8796 train 0.4728 test 0.2433
epoch 28/200 loss 1.8584 train 0.4754 test 0.2507
epoch 29/200 loss 1.7580 train 0.5002 test 0.2751
epoch 30/200 loss 1.6544 train 0.5262 test 0.2783
epoch 31/200 loss 1.5765 train 0.5511 test 0.2376
epoch 32/200 loss 1.5324 train 0.5519 test 0.2685
epoch 33/200 loss 1.4182 train 0.5895 test 0.2796
epoch 34/200 loss 1.3355 train 0.6102 test 0.2508
epoch 35/200 loss 1.2707 train 0.6170 test 0.2689
epoch 36/200 loss 1.1913 train 0.6506 test 0.2746
epoch 37/200 loss 1.1596 train 0.6565 test 0.2790
epoch 38/200 loss 1.0420 train 0.6831 test 0.2820
epoch 39/200 loss 0.9368 train 0.7175 test 0.2717
epoch 40/200 loss 0.9030 train 0.7236 test 0.2802
epoch 41/200 loss 0.7706 train 0.7634 test 0.2902
epoch 42/200 loss 0.7565 train 0.7668 test 0.2838
epoch 43/200 loss 0.6940 train 0.7921 test 0.2747
epoch 44/200 loss 0.6586 train 0.8013 test 0.2817
epoch 45/200 loss 0.5927 train 0.8151 test 0.2586
epoch 46/200 loss 0.5783 train 0.8251 test 0.2830
epoch 47/200 loss 0.5455 train 0.8323 test 0.2737
epoch 48/200 loss 0.4923 train 0.8510 test 0.2880
epoch 49/200 loss 0.4466 train 0.8676 test 0.2975
epoch 50/200 loss 0.4272 train 0.8684 test 0.2914
epoch 51/200 loss 0.3590 train 0.8908 test 0.3099
epoch 52/200 loss 0.3564 train 0.8910 test 0.2744
epoch 53/200 loss 0.4019 train 0.8762 test 0.3053
epoch 54/200 loss 0.3132 train 0.9087 test 0.2852
epoch 55/200 loss 0.2719 train 0.9215 test 0.3123
epoch 56/200 loss 0.2163 train 0.9365 test 0.3115
epoch 57/200 loss 0.2139 train 0.9381 test 0.2936
epoch 58/200 loss 0.1904 train 0.9465 test 0.3074
epoch 59/200 loss 0.1844 train 0.9477 test 0.3149
epoch 60/200 loss 0.1933 train 0.9467 test 0.3004
epoch 61/200 loss 0.2001 train 0.9423 test 0.3152
epoch 62/200 loss 0.1808 train 0.9491 test 0.3103
epoch 63/200 loss 0.1373 train 0.9635 test 0.3143
epoch 64/200 loss 0.1375 train 0.9639 test 0.3136
epoch 65/200 loss 0.1437 train 0.9595 test 0.3152
epoch 66/200 loss 0.1202 train 0.9692 test 0.3185
epoch 67/200 loss 0.1008 train 0.9746 test 0.3250
epoch 68/200 loss 0.1036 train 0.9764 test 0.3220
epoch 69/200 loss 0.1045 train 0.9746 test 0.3123
epoch 70/200 loss 0.0855 train 0.9798 test 0.3241
epoch 71/200 loss 0.0700 train 0.9846 test 0.3335
epoch 72/200 loss 0.0601 train 0.9868 test 0.3247
epoch 73/200 loss 0.0625 train 0.9880 test 0.3417
epoch 74/200 loss 0.0539 train 0.9902 test 0.3258
epoch 75/200 loss 0.0809 train 0.9824 test 0.3154
epoch 76/200 loss 0.0568 train 0.9886 test 0.3371
epoch 77/200 loss 0.0575 train 0.9890 test 0.3297
epoch 78/200 loss 0.0554 train 0.9894 test 0.3427
epoch 79/200 loss 0.0451 train 0.9924 test 0.3368
epoch 80/200 loss 0.0439 train 0.9928 test 0.3440
epoch 81/200 loss 0.0499 train 0.9910 test 0.3282
epoch 82/200 loss 0.0425 train 0.9928 test 0.3313
epoch 83/200 loss 0.0447 train 0.9926 test 0.3450
epoch 84/200 loss 0.0316 train 0.9968 test 0.3446
epoch 85/200 loss 0.0351 train 0.9942 test 0.3492
epoch 86/200 loss 0.0422 train 0.9936 test 0.3485
epoch 87/200 loss 0.0360 train 0.9932 test 0.3472
epoch 88/200 loss 0.0250 train 0.9966 test 0.3542
epoch 89/200 loss 0.0145 train 0.9986 test 0.3625
epoch 90/200 loss 0.0161 train 0.9972 test 0.3600
epoch 91/200 loss 0.0241 train 0.9960 test 0.3532
epoch 92/200 loss 0.0151 train 0.9982 test 0.3589
epoch 93/200 loss 0.0150 train 0.9988 test 0.3654
epoch 94/200 loss 0.0102 train 0.9992 test 0.3760
epoch 95/200 loss 0.0095 train 0.9992 test 0.3749
epoch 96/200 loss 0.0074 train 0.9996 test 0.3723
epoch 97/200 loss 0.0061 train 0.9998 test 0.3757
epoch 98/200 loss 0.0067 train 0.9996 test 0.3775
epoch 99/200 loss 0.0059 train 0.9998 test 0.3805
epoch 100/200 loss 0.0056 train 0.9996 test 0.3803
epoch 101/200 loss 0.0052 train 0.9998 test 0.3822
epoch 102/200 loss 0.0055 train 0.9996 test 0.3799
epoch 103/200 loss 0.0059 train 0.9996 test 0.3815
epoch 104/200 loss 0.0055 train 0.9996 test 0.3813
epoch 105/200 loss 0.0061 train 0.9998 test 0.3793
epoch 106/200 loss 0.0058 train 0.9998 test 0.3813
epoch 107/200 loss 0.0059 train 0.9998 test 0.3801
epoch 108/200 loss 0.0059 train 0.9998 test 0.3831
epoch 109/200 loss 0.0061 train 0.9996 test 0.3828
epoch 110/200 loss 0.0062 train 0.9998 test 0.3836
epoch 111/200 loss 0.0064 train 0.9998 test 0.3802
epoch 112/200 loss 0.0066 train 1.0000 test 0.3835
epoch 113/200 loss 0.0063 train 0.9998 test 0.3815
epoch 114/200 loss 0.0064 train 0.9996 test 0.3831
epoch 115/200 loss 0.0067 train 0.9998 test 0.3847
epoch 116/200 loss 0.0066 train 0.9998 test 0.3837
epoch 117/200 loss 0.0063 train 1.0000 test 0.3840
epoch 118/200 loss 0.0067 train 0.9998 test 0.3822
epoch 119/200 loss 0.0065 train 0.9998 test 0.3830
epoch 120/200 loss 0.0068 train 0.9998 test 0.3838
epoch 121/200 loss 0.0070 train 0.9996 test 0.3828
epoch 122/200 loss 0.0069 train 0.9998 test 0.3836
epoch 123/200 loss 0.0068 train 0.9998 test 0.3832
epoch 124/200 loss 0.0068 train 0.9998 test 0.3826
epoch 125/200 loss 0.0070 train 0.9996 test 0.3852
epoch 126/200 loss 0.0068 train 0.9998 test 0.3834
epoch 127/200 loss 0.0068 train 0.9998 test 0.3828
epoch 128/200 loss 0.0064 train 1.0000 test 0.3841
epoch 129/200 loss 0.0068 train 1.0000 test 0.3821
epoch 130/200 loss 0.0069 train 1.0000 test 0.3828
epoch 131/200 loss 0.0069 train 0.9998 test 0.3860
epoch 132/200 loss 0.0070 train 0.9998 test 0.3824
epoch 133/200 loss 0.0065 train 0.9998 test 0.3849
epoch 134/200 loss 0.0065 train 0.9998 test 0.3832
epoch 135/200 loss 0.0069 train 0.9996 test 0.3842
epoch 136/200 loss 0.0064 train 1.0000 test 0.3820
epoch 137/200 loss 0.0066 train 0.9998 test 0.3823
epoch 138/200 loss 0.0067 train 0.9998 test 0.3818
epoch 139/200 loss 0.0064 train 0.9998 test 0.3824
epoch 140/200 loss 0.0065 train 0.9998 test 0.3814
epoch 141/200 loss 0.0069 train 0.9998 test 0.3841
epoch 142/200 loss 0.0065 train 0.9996 test 0.3816
epoch 143/200 loss 0.0065 train 0.9998 test 0.3837
epoch 144/200 loss 0.0067 train 0.9998 test 0.3845
epoch 145/200 loss 0.0064 train 1.0000 test 0.3830
epoch 146/200 loss 0.0065 train 0.9998 test 0.3843
epoch 147/200 loss 0.0063 train 1.0000 test 0.3841
epoch 148/200 loss 0.0064 train 0.9996 test 0.3858
epoch 149/200 loss 0.0066 train 1.0000 test 0.3853
epoch 150/200 loss 0.0063 train 1.0000 test 0.3845
epoch 151/200 loss 0.0063 train 0.9996 test 0.3854
epoch 152/200 loss 0.0064 train 0.9998 test 0.3859
epoch 153/200 loss 0.0061 train 0.9998 test 0.3856
epoch 154/200 loss 0.0064 train 1.0000 test 0.3845
epoch 155/200 loss 0.0065 train 0.9996 test 0.3846
epoch 156/200 loss 0.0062 train 0.9998 test 0.3829
epoch 157/200 loss 0.0060 train 1.0000 test 0.3841
epoch 158/200 loss 0.0062 train 1.0000 test 0.3827
epoch 159/200 loss 0.0061 train 1.0000 test 0.3845
epoch 160/200 loss 0.0065 train 0.9998 test 0.3851
epoch 161/200 loss 0.0061 train 1.0000 test 0.3839
epoch 162/200 loss 0.0064 train 1.0000 test 0.3822
epoch 163/200 loss 0.0061 train 0.9998 test 0.3833
epoch 164/200 loss 0.0063 train 0.9998 test 0.3825
epoch 165/200 loss 0.0062 train 0.9998 test 0.3826
epoch 166/200 loss 0.0064 train 0.9996 test 0.3839
epoch 167/200 loss 0.0062 train 1.0000 test 0.3849
epoch 168/200 loss 0.0066 train 0.9996 test 0.3844
epoch 169/200 loss 0.0064 train 1.0000 test 0.3837
epoch 170/200 loss 0.0063 train 0.9998 test 0.3834
epoch 171/200 loss 0.0064 train 0.9998 test 0.3837
epoch 172/200 loss 0.0064 train 1.0000 test 0.3830
epoch 173/200 loss 0.0062 train 1.0000 test 0.3850
epoch 174/200 loss 0.0063 train 1.0000 test 0.3839
epoch 175/200 loss 0.0060 train 1.0000 test 0.3830
epoch 176/200 loss 0.0060 train 1.0000 test 0.3824
epoch 177/200 loss 0.0061 train 1.0000 test 0.3844
epoch 178/200 loss 0.0063 train 0.9998 test 0.3845
epoch 179/200 loss 0.0061 train 0.9998 test 0.3848
epoch 180/200 loss 0.0062 train 0.9998 test 0.3845
epoch 181/200 loss 0.0063 train 1.0000 test 0.3836
epoch 182/200 loss 0.0062 train 1.0000 test 0.3837
epoch 183/200 loss 0.0060 train 1.0000 test 0.3842
epoch 184/200 loss 0.0059 train 1.0000 test 0.3823
epoch 185/200 loss 0.0060 train 1.0000 test 0.3835
epoch 186/200 loss 0.0063 train 0.9998 test 0.3828
epoch 187/200 loss 0.0062 train 1.0000 test 0.3849
epoch 188/200 loss 0.0061 train 0.9998 test 0.3846
epoch 189/200 loss 0.0062 train 1.0000 test 0.3846
epoch 190/200 loss 0.0061 train 0.9998 test 0.3819
epoch 191/200 loss 0.0057 train 1.0000 test 0.3827
epoch 192/200 loss 0.0059 train 1.0000 test 0.3838
epoch 193/200 loss 0.0063 train 1.0000 test 0.3842
epoch 194/200 loss 0.0062 train 1.0000 test 0.3837
epoch 195/200 loss 0.0061 train 0.9998 test 0.3852
epoch 196/200 loss 0.0060 train 1.0000 test 0.3842
epoch 197/200 loss 0.0059 train 1.0000 test 0.3843
epoch 198/200 loss 0.0063 train 0.9998 test 0.3826
epoch 199/200 loss 0.0061 train 1.0000 test 0.3827
epoch 200/200 loss 0.0060 train 1.0000 test 0.3840
done: final 0.3840 best 0.3860 -> ./runs/zca10_gaboronly/seed0
=== zca10_gaboronly seed 1 ===
stem calibrated (zca) on 1024 images
[zca10_gaboronly seed1] {"params_trainable": 11225316, "params_stem_trainable": 0, "params_stem_fixed_filters": 1089, "flops_total": 566474752, "flops_stem": 4460544, "flops_image_size": 32}
epoch 1/200 loss 4.4858 train 0.0343 test 0.0534
epoch 2/200 loss 4.1334 train 0.0649 test 0.0854
epoch 3/200 loss 3.9188 train 0.0905 test 0.1000
epoch 4/200 loss 3.7921 train 0.1140 test 0.1048
epoch 5/200 loss 3.7212 train 0.1232 test 0.1287
epoch 6/200 loss 3.5886 train 0.1430 test 0.1343
epoch 7/200 loss 3.4880 train 0.1639 test 0.1418
epoch 8/200 loss 3.4017 train 0.1779 test 0.1548
epoch 9/200 loss 3.3094 train 0.1897 test 0.1649
epoch 10/200 loss 3.2399 train 0.1995 test 0.1657
epoch 11/200 loss 3.1274 train 0.2173 test 0.1691
epoch 12/200 loss 3.0469 train 0.2356 test 0.1896
epoch 13/200 loss 2.9578 train 0.2508 test 0.1939
epoch 14/200 loss 2.8825 train 0.2668 test 0.1954
epoch 15/200 loss 2.8145 train 0.2728 test 0.2067
epoch 16/200 loss 2.7104 train 0.3097 test 0.1993
epoch 17/200 loss 2.6332 train 0.3179 test 0.2320
epoch 18/200 loss 2.5701 train 0.3237 test 0.2222
epoch 19/200 loss 2.4911 train 0.3433 test 0.2315
epoch 20/200 loss 2.4218 train 0.3596 test 0.2326
epoch 21/200 loss 2.3360 train 0.3684 test 0.2581
epoch 22/200 loss 2.2339 train 0.3912 test 0.2247
epoch 23/200 loss 2.2073 train 0.3924 test 0.2445
epoch 24/200 loss 2.0766 train 0.4341 test 0.2529
epoch 25/200 loss 2.0244 train 0.4433 test 0.2667
epoch 26/200 loss 1.9398 train 0.4629 test 0.2627
epoch 27/200 loss 1.8742 train 0.4754 test 0.2699
epoch 28/200 loss 1.8102 train 0.4902 test 0.2702
epoch 29/200 loss 1.7154 train 0.5084 test 0.2588
epoch 30/200 loss 1.6151 train 0.5429 test 0.2704
epoch 31/200 loss 1.5250 train 0.5599 test 0.2714
epoch 32/200 loss 1.4811 train 0.5733 test 0.2650
epoch 33/200 loss 1.3907 train 0.5962 test 0.2682
epoch 34/200 loss 1.3207 train 0.6154 test 0.2568
epoch 35/200 loss 1.2487 train 0.6232 test 0.2672
epoch 36/200 loss 1.1898 train 0.6432 test 0.2852
epoch 37/200 loss 1.1007 train 0.6697 test 0.2860
epoch 38/200 loss 1.0774 train 0.6787 test 0.2772
epoch 39/200 loss 0.9513 train 0.7169 test 0.2981
epoch 40/200 loss 0.8207 train 0.7566 test 0.2848
epoch 41/200 loss 0.8039 train 0.7560 test 0.2859
epoch 42/200 loss 0.7970 train 0.7532 test 0.2574
epoch 43/200 loss 0.6777 train 0.7949 test 0.2937
epoch 44/200 loss 0.6512 train 0.8041 test 0.2657
epoch 45/200 loss 0.5682 train 0.8245 test 0.2913
epoch 46/200 loss 0.5528 train 0.8345 test 0.2926
epoch 47/200 loss 0.4926 train 0.8470 test 0.2987
epoch 48/200 loss 0.4344 train 0.8700 test 0.3002
epoch 49/200 loss 0.3941 train 0.8800 test 0.3080
epoch 50/200 loss 0.4003 train 0.8772 test 0.2982
epoch 51/200 loss 0.3916 train 0.8850 test 0.2787
epoch 52/200 loss 0.3489 train 0.8962 test 0.2795
epoch 53/200 loss 0.3645 train 0.8884 test 0.2967
epoch 54/200 loss 0.2971 train 0.9111 test 0.2932
epoch 55/200 loss 0.2754 train 0.9217 test 0.2988
epoch 56/200 loss 0.2339 train 0.9337 test 0.3230
epoch 57/200 loss 0.1895 train 0.9461 test 0.3088
epoch 58/200 loss 0.1819 train 0.9501 test 0.3160
epoch 59/200 loss 0.1705 train 0.9565 test 0.3208
epoch 60/200 loss 0.1527 train 0.9601 test 0.3142
epoch 61/200 loss 0.1641 train 0.9555 test 0.3028
epoch 62/200 loss 0.1636 train 0.9537 test 0.2981
epoch 63/200 loss 0.1992 train 0.9417 test 0.2970
epoch 64/200 loss 0.2091 train 0.9373 test 0.2962
epoch 65/200 loss 0.1867 train 0.9501 test 0.2845
epoch 66/200 loss 0.1673 train 0.9543 test 0.3066
epoch 67/200 loss 0.1548 train 0.9577 test 0.3075
epoch 68/200 loss 0.1331 train 0.9692 test 0.3206
epoch 69/200 loss 0.0867 train 0.9782 test 0.3308
epoch 70/200 loss 0.0843 train 0.9794 test 0.3213
epoch 71/200 loss 0.0616 train 0.9874 test 0.3326
epoch 72/200 loss 0.0567 train 0.9892 test 0.3392
epoch 73/200 loss 0.0435 train 0.9932 test 0.3402
epoch 74/200 loss 0.0390 train 0.9938 test 0.3468
epoch 75/200 loss 0.0227 train 0.9970 test 0.3464
epoch 76/200 loss 0.0255 train 0.9966 test 0.3504
epoch 77/200 loss 0.0267 train 0.9960 test 0.3549
epoch 78/200 loss 0.0152 train 0.9988 test 0.3628
epoch 79/200 loss 0.0182 train 0.9972 test 0.3607
epoch 80/200 loss 0.0115 train 0.9994 test 0.3622
epoch 81/200 loss 0.0101 train 0.9990 test 0.3665
epoch 82/200 loss 0.0107 train 0.9992 test 0.3660
epoch 83/200 loss 0.0083 train 0.9996 test 0.3705
epoch 84/200 loss 0.0079 train 0.9996 test 0.3693
epoch 85/200 loss 0.0072 train 0.9998 test 0.3744
epoch 86/200 loss 0.0076 train 0.9998 test 0.3705
epoch 87/200 loss 0.0067 train 0.9998 test 0.3726
epoch 88/200 loss 0.0082 train 0.9996 test 0.3724
epoch 89/200 loss 0.0081 train 0.9994 test 0.3750
epoch 90/200 loss 0.0086 train 0.9996 test 0.3774
epoch 91/200 loss 0.0072 train 0.9996 test 0.3769
epoch 92/200 loss 0.0072 train 0.9996 test 0.3774
epoch 93/200 loss 0.0071 train 0.9998 test 0.3759
epoch 94/200 loss 0.0071 train 0.9998 test 0.3767
epoch 95/200 loss 0.0075 train 0.9996 test 0.3776
epoch 96/200 loss 0.0077 train 0.9996 test 0.3778
epoch 97/200 loss 0.0076 train 0.9998 test 0.3780
epoch 98/200 loss 0.0076 train 0.9996 test 0.3778
epoch 99/200 loss 0.0077 train 1.0000 test 0.3793
epoch 100/200 loss 0.0074 train 0.9998 test 0.3792
epoch 101/200 loss 0.0077 train 0.9996 test 0.3810
epoch 102/200 loss 0.0072 train 0.9998 test 0.3805
epoch 103/200 loss 0.0076 train 0.9996 test 0.3790
epoch 104/200 loss 0.0079 train 0.9998 test 0.3807
epoch 105/200 loss 0.0075 train 0.9998 test 0.3794
epoch 106/200 loss 0.0077 train 0.9998 test 0.3802
epoch 107/200 loss 0.0076 train 0.9998 test 0.3827
epoch 108/200 loss 0.0077 train 0.9998 test 0.3815
epoch 109/200 loss 0.0077 train 0.9996 test 0.3811
epoch 110/200 loss 0.0076 train 0.9998 test 0.3793
epoch 111/200 loss 0.0084 train 0.9996 test 0.3810
epoch 112/200 loss 0.0077 train 0.9996 test 0.3788
epoch 113/200 loss 0.0076 train 0.9998 test 0.3814
epoch 114/200 loss 0.0075 train 0.9998 test 0.3841
epoch 115/200 loss 0.0076 train 0.9998 test 0.3838
epoch 116/200 loss 0.0078 train 0.9998 test 0.3831
epoch 117/200 loss 0.0074 train 0.9998 test 0.3824
epoch 118/200 loss 0.0073 train 0.9998 test 0.3828
epoch 119/200 loss 0.0077 train 0.9998 test 0.3827
epoch 120/200 loss 0.0078 train 0.9998 test 0.3826
epoch 121/200 loss 0.0072 train 0.9998 test 0.3849
epoch 122/200 loss 0.0073 train 0.9998 test 0.3800
epoch 123/200 loss 0.0072 train 0.9998 test 0.3836
epoch 124/200 loss 0.0073 train 0.9998 test 0.3827
epoch 125/200 loss 0.0070 train 1.0000 test 0.3826
epoch 126/200 loss 0.0071 train 1.0000 test 0.3868
epoch 127/200 loss 0.0067 train 0.9998 test 0.3830
epoch 128/200 loss 0.0072 train 0.9998 test 0.3833
epoch 129/200 loss 0.0072 train 0.9996 test 0.3846
epoch 130/200 loss 0.0070 train 0.9998 test 0.3835
epoch 131/200 loss 0.0069 train 0.9996 test 0.3850
epoch 132/200 loss 0.0067 train 0.9998 test 0.3856
epoch 133/200 loss 0.0068 train 1.0000 test 0.3855
epoch 134/200 loss 0.0069 train 1.0000 test 0.3835
epoch 135/200 loss 0.0067 train 0.9998 test 0.3845
epoch 136/200 loss 0.0070 train 0.9996 test 0.3834
epoch 137/200 loss 0.0068 train 1.0000 test 0.3831
epoch 138/200 loss 0.0068 train 1.0000 test 0.3844
epoch 139/200 loss 0.0068 train 0.9998 test 0.3854
epoch 140/200 loss 0.0068 train 0.9998 test 0.3836
epoch 141/200 loss 0.0066 train 0.9998 test 0.3834
epoch 142/200 loss 0.0068 train 1.0000 test 0.3841
epoch 143/200 loss 0.0064 train 1.0000 test 0.3848
epoch 144/200 loss 0.0066 train 0.9998 test 0.3846
epoch 145/200 loss 0.0064 train 1.0000 test 0.3845
epoch 146/200 loss 0.0065 train 1.0000 test 0.3857
epoch 147/200 loss 0.0069 train 0.9996 test 0.3852
epoch 148/200 loss 0.0068 train 0.9998 test 0.3861
epoch 149/200 loss 0.0064 train 0.9998 test 0.3850
epoch 150/200 loss 0.0063 train 0.9998 test 0.3843
epoch 151/200 loss 0.0065 train 1.0000 test 0.3829
epoch 152/200 loss 0.0065 train 0.9998 test 0.3856
epoch 153/200 loss 0.0066 train 0.9996 test 0.3845
epoch 154/200 loss 0.0062 train 0.9998 test 0.3823
epoch 155/200 loss 0.0067 train 0.9996 test 0.3839
epoch 156/200 loss 0.0063 train 0.9998 test 0.3865
epoch 157/200 loss 0.0062 train 1.0000 test 0.3846
epoch 158/200 loss 0.0061 train 0.9998 test 0.3849
epoch 159/200 loss 0.0061 train 1.0000 test 0.3832
epoch 160/200 loss 0.0060 train 1.0000 test 0.3859
epoch 161/200 loss 0.0061 train 1.0000 test 0.3850
epoch 162/200 loss 0.0061 train 1.0000 test 0.3857
epoch 163/200 loss 0.0065 train 0.9996 test 0.3838
epoch 164/200 loss 0.0062 train 0.9996 test 0.3858
epoch 165/200 loss 0.0061 train 1.0000 test 0.3840
epoch 166/200 loss 0.0062 train 1.0000 test 0.3849
epoch 167/200 loss 0.0062 train 0.9998 test 0.3850
epoch 168/200 loss 0.0065 train 0.9998 test 0.3865
epoch 169/200 loss 0.0062 train 0.9998 test 0.3850
epoch 170/200 loss 0.0063 train 0.9998 test 0.3847
epoch 171/200 loss 0.0058 train 1.0000 test 0.3859
epoch 172/200 loss 0.0059 train 1.0000 test 0.3852
epoch 173/200 loss 0.0061 train 1.0000 test 0.3864
epoch 174/200 loss 0.0059 train 1.0000 test 0.3850
epoch 175/200 loss 0.0060 train 0.9998 test 0.3856
epoch 176/200 loss 0.0059 train 1.0000 test 0.3853
epoch 177/200 loss 0.0059 train 0.9998 test 0.3843
epoch 178/200 loss 0.0062 train 1.0000 test 0.3851
epoch 179/200 loss 0.0063 train 0.9998 test 0.3867
epoch 180/200 loss 0.0058 train 1.0000 test 0.3848
epoch 181/200 loss 0.0058 train 1.0000 test 0.3844
epoch 182/200 loss 0.0061 train 1.0000 test 0.3848
epoch 183/200 loss 0.0060 train 1.0000 test 0.3865
epoch 184/200 loss 0.0059 train 1.0000 test 0.3854
epoch 185/200 loss 0.0058 train 1.0000 test 0.3862
epoch 186/200 loss 0.0059 train 1.0000 test 0.3868
epoch 187/200 loss 0.0058 train 1.0000 test 0.3865
epoch 188/200 loss 0.0061 train 0.9996 test 0.3868
epoch 189/200 loss 0.0060 train 1.0000 test 0.3846
epoch 190/200 loss 0.0060 train 1.0000 test 0.3859
epoch 191/200 loss 0.0058 train 1.0000 test 0.3865
epoch 192/200 loss 0.0059 train 0.9998 test 0.3864
epoch 193/200 loss 0.0062 train 1.0000 test 0.3855
epoch 194/200 loss 0.0057 train 1.0000 test 0.3858
epoch 195/200 loss 0.0061 train 0.9998 test 0.3847
epoch 196/200 loss 0.0059 train 1.0000 test 0.3852
epoch 197/200 loss 0.0060 train 1.0000 test 0.3861
epoch 198/200 loss 0.0060 train 1.0000 test 0.3865
epoch 199/200 loss 0.0061 train 0.9998 test 0.3861
epoch 200/200 loss 0.0059 train 1.0000 test 0.3864
done: final 0.3864 best 0.3868 -> ./runs/zca10_gaboronly/seed1
=== zca10_gaboronly seed 2 ===
stem calibrated (zca) on 1024 images
[zca10_gaboronly seed2] {"params_trainable": 11225316, "params_stem_trainable": 0, "params_stem_fixed_filters": 1089, "flops_total": 566474752, "flops_stem": 4460544, "flops_image_size": 32}
epoch 1/200 loss 4.4487 train 0.0387 test 0.0618
epoch 2/200 loss 4.1037 train 0.0717 test 0.0865
epoch 3/200 loss 3.9132 train 0.0962 test 0.0950
epoch 4/200 loss 3.7737 train 0.1146 test 0.1106
epoch 5/200 loss 3.6620 train 0.1358 test 0.1298
epoch 6/200 loss 3.5717 train 0.1500 test 0.1256
epoch 7/200 loss 3.5039 train 0.1619 test 0.1428
epoch 8/200 loss 3.3815 train 0.1795 test 0.1511
epoch 9/200 loss 3.3140 train 0.1851 test 0.1640
epoch 10/200 loss 3.2291 train 0.2011 test 0.1597
epoch 11/200 loss 3.1365 train 0.2204 test 0.1746
epoch 12/200 loss 3.0443 train 0.2356 test 0.1803
epoch 13/200 loss 2.9979 train 0.2384 test 0.1851
epoch 14/200 loss 2.8998 train 0.2630 test 0.2038
epoch 15/200 loss 2.8058 train 0.2732 test 0.1967
epoch 16/200 loss 2.7546 train 0.2943 test 0.2058
epoch 17/200 loss 2.6563 train 0.3111 test 0.2140
epoch 18/200 loss 2.5533 train 0.3289 test 0.2335
epoch 19/200 loss 2.5101 train 0.3341 test 0.2263
epoch 20/200 loss 2.4281 train 0.3476 test 0.2235
epoch 21/200 loss 2.3509 train 0.3668 test 0.2465
epoch 22/200 loss 2.2897 train 0.3844 test 0.2437
epoch 23/200 loss 2.1692 train 0.4087 test 0.2335
epoch 24/200 loss 2.1355 train 0.4131 test 0.2463
epoch 25/200 loss 2.0562 train 0.4277 test 0.2417
epoch 26/200 loss 1.9620 train 0.4493 test 0.2468
epoch 27/200 loss 1.8547 train 0.4766 test 0.2550
epoch 28/200 loss 1.7911 train 0.5028 test 0.2644
epoch 29/200 loss 1.7274 train 0.5064 test 0.2731
epoch 30/200 loss 1.6644 train 0.5194 test 0.2851
epoch 31/200 loss 1.5389 train 0.5633 test 0.2601
epoch 32/200 loss 1.4754 train 0.5671 test 0.2416
epoch 33/200 loss 1.3730 train 0.5935 test 0.2645
epoch 34/200 loss 1.3099 train 0.6070 test 0.2837
epoch 35/200 loss 1.2072 train 0.6458 test 0.2725
epoch 36/200 loss 1.2257 train 0.6322 test 0.2808
epoch 37/200 loss 1.1369 train 0.6631 test 0.2818
epoch 38/200 loss 1.0370 train 0.6895 test 0.2862
epoch 39/200 loss 0.9613 train 0.7127 test 0.2790
epoch 40/200 loss 0.8539 train 0.7428 test 0.2886
epoch 41/200 loss 0.7951 train 0.7576 test 0.2713
epoch 42/200 loss 0.7801 train 0.7636 test 0.2859
epoch 43/200 loss 0.7393 train 0.7742 test 0.2750
epoch 44/200 loss 0.6610 train 0.7951 test 0.2888
epoch 45/200 loss 0.6265 train 0.8059 test 0.2824
epoch 46/200 loss 0.5322 train 0.8413 test 0.2923
epoch 47/200 loss 0.4866 train 0.8552 test 0.2916
epoch 48/200 loss 0.4026 train 0.8810 test 0.2946
epoch 49/200 loss 0.3949 train 0.8798 test 0.2903
epoch 50/200 loss 0.4493 train 0.8628 test 0.2574
epoch 51/200 loss 0.4648 train 0.8578 test 0.2899
epoch 52/200 loss 0.3894 train 0.8838 test 0.2722
epoch 53/200 loss 0.3478 train 0.8934 test 0.3136
epoch 54/200 loss 0.2812 train 0.9179 test 0.2963
epoch 55/200 loss 0.2583 train 0.9255 test 0.3133
epoch 56/200 loss 0.2269 train 0.9343 test 0.2894
epoch 57/200 loss 0.2292 train 0.9389 test 0.3036
epoch 58/200 loss 0.1948 train 0.9459 test 0.3163
epoch 59/200 loss 0.1765 train 0.9511 test 0.3011
epoch 60/200 loss 0.1659 train 0.9517 test 0.3076
epoch 61/200 loss 0.1540 train 0.9591 test 0.3093
epoch 62/200 loss 0.1378 train 0.9669 test 0.3170
epoch 63/200 loss 0.1194 train 0.9714 test 0.3212
epoch 64/200 loss 0.0973 train 0.9772 test 0.3331
epoch 65/200 loss 0.0888 train 0.9798 test 0.3125
epoch 66/200 loss 0.0986 train 0.9738 test 0.3186
epoch 67/200 loss 0.0959 train 0.9756 test 0.3114
epoch 68/200 loss 0.0876 train 0.9810 test 0.3225
epoch 69/200 loss 0.0797 train 0.9822 test 0.3189
epoch 70/200 loss 0.0846 train 0.9812 test 0.3214
epoch 71/200 loss 0.0963 train 0.9778 test 0.3266
epoch 72/200 loss 0.0981 train 0.9754 test 0.3335
epoch 73/200 loss 0.1171 train 0.9698 test 0.3030
epoch 74/200 loss 0.1344 train 0.9643 test 0.3222
epoch 75/200 loss 0.1200 train 0.9694 test 0.3093
epoch 76/200 loss 0.1247 train 0.9681 test 0.3143
epoch 77/200 loss 0.1255 train 0.9692 test 0.3178
epoch 78/200 loss 0.1268 train 0.9651 test 0.3139
epoch 79/200 loss 0.1299 train 0.9671 test 0.3173
epoch 80/200 loss 0.1164 train 0.9700 test 0.3056
epoch 81/200 loss 0.1023 train 0.9748 test 0.3328
epoch 82/200 loss 0.0842 train 0.9798 test 0.3306
epoch 83/200 loss 0.0626 train 0.9880 test 0.3433
epoch 84/200 loss 0.0437 train 0.9928 test 0.3433
epoch 85/200 loss 0.0331 train 0.9942 test 0.3588
epoch 86/200 loss 0.0206 train 0.9978 test 0.3525
epoch 87/200 loss 0.0116 train 0.9992 test 0.3676
epoch 88/200 loss 0.0067 train 0.9998 test 0.3723
epoch 89/200 loss 0.0063 train 0.9998 test 0.3740
epoch 90/200 loss 0.0058 train 0.9996 test 0.3772
epoch 91/200 loss 0.0057 train 0.9998 test 0.3789
epoch 92/200 loss 0.0056 train 0.9996 test 0.3775
epoch 93/200 loss 0.0063 train 0.9996 test 0.3768
epoch 94/200 loss 0.0056 train 0.9996 test 0.3772
epoch 95/200 loss 0.0057 train 0.9996 test 0.3818
epoch 96/200 loss 0.0053 train 0.9998 test 0.3801
epoch 97/200 loss 0.0056 train 0.9998 test 0.3801
epoch 98/200 loss 0.0055 train 0.9998 test 0.3819
epoch 99/200 loss 0.0058 train 0.9996 test 0.3827
epoch 100/200 loss 0.0059 train 0.9996 test 0.3841
epoch 101/200 loss 0.0059 train 0.9998 test 0.3868
epoch 102/200 loss 0.0061 train 0.9996 test 0.3861
epoch 103/200 loss 0.0065 train 0.9996 test 0.3845
epoch 104/200 loss 0.0062 train 1.0000 test 0.3831
epoch 105/200 loss 0.0065 train 0.9998 test 0.3840
epoch 106/200 loss 0.0064 train 0.9998 test 0.3819
epoch 107/200 loss 0.0065 train 0.9998 test 0.3845
epoch 108/200 loss 0.0068 train 0.9996 test 0.3841
epoch 109/200 loss 0.0066 train 1.0000 test 0.3847
epoch 110/200 loss 0.0066 train 0.9996 test 0.3853
epoch 111/200 loss 0.0069 train 0.9998 test 0.3869
epoch 112/200 loss 0.0070 train 0.9998 test 0.3840
epoch 113/200 loss 0.0071 train 0.9998 test 0.3857
epoch 114/200 loss 0.0068 train 0.9998 test 0.3868
epoch 115/200 loss 0.0072 train 0.9996 test 0.3861
epoch 116/200 loss 0.0069 train 0.9998 test 0.3870
epoch 117/200 loss 0.0071 train 0.9998 test 0.3861
epoch 118/200 loss 0.0071 train 0.9996 test 0.3846
epoch 119/200 loss 0.0070 train 0.9998 test 0.3853
epoch 120/200 loss 0.0072 train 0.9994 test 0.3807
epoch 121/200 loss 0.0073 train 1.0000 test 0.3846
epoch 122/200 loss 0.0075 train 0.9998 test 0.3842
epoch 123/200 loss 0.0068 train 0.9998 test 0.3856
epoch 124/200 loss 0.0073 train 0.9998 test 0.3855
epoch 125/200 loss 0.0070 train 0.9996 test 0.3840
epoch 126/200 loss 0.0072 train 0.9996 test 0.3861
epoch 127/200 loss 0.0071 train 0.9998 test 0.3872
epoch 128/200 loss 0.0072 train 0.9998 test 0.3853
epoch 129/200 loss 0.0070 train 0.9996 test 0.3866
epoch 130/200 loss 0.0069 train 0.9998 test 0.3879
epoch 131/200 loss 0.0069 train 1.0000 test 0.3860
epoch 132/200 loss 0.0068 train 1.0000 test 0.3869
epoch 133/200 loss 0.0072 train 0.9996 test 0.3843
epoch 134/200 loss 0.0069 train 0.9998 test 0.3874
epoch 135/200 loss 0.0070 train 0.9998 test 0.3868
epoch 136/200 loss 0.0069 train 0.9998 test 0.3875
epoch 137/200 loss 0.0069 train 0.9996 test 0.3875
epoch 138/200 loss 0.0067 train 0.9996 test 0.3895
epoch 139/200 loss 0.0069 train 0.9998 test 0.3890
epoch 140/200 loss 0.0069 train 0.9998 test 0.3877
epoch 141/200 loss 0.0068 train 0.9996 test 0.3869
epoch 142/200 loss 0.0067 train 0.9998 test 0.3867
epoch 143/200 loss 0.0066 train 1.0000 test 0.3889
epoch 144/200 loss 0.0067 train 0.9998 test 0.3874
epoch 145/200 loss 0.0068 train 0.9998 test 0.3870
epoch 146/200 loss 0.0064 train 0.9998 test 0.3880
epoch 147/200 loss 0.0066 train 1.0000 test 0.3881
epoch 148/200 loss 0.0065 train 0.9998 test 0.3854
epoch 149/200 loss 0.0066 train 0.9998 test 0.3879
epoch 150/200 loss 0.0065 train 1.0000 test 0.3891
epoch 151/200 loss 0.0067 train 0.9996 test 0.3880
epoch 152/200 loss 0.0066 train 1.0000 test 0.3883
epoch 153/200 loss 0.0066 train 0.9998 test 0.3880
epoch 154/200 loss 0.0065 train 1.0000 test 0.3883
epoch 155/200 loss 0.0068 train 0.9996 test 0.3898
epoch 156/200 loss 0.0066 train 0.9998 test 0.3864
epoch 157/200 loss 0.0064 train 0.9998 test 0.3893
epoch 158/200 loss 0.0066 train 0.9996 test 0.3876
epoch 159/200 loss 0.0064 train 1.0000 test 0.3896
epoch 160/200 loss 0.0064 train 0.9998 test 0.3886
epoch 161/200 loss 0.0062 train 1.0000 test 0.3894
epoch 162/200 loss 0.0066 train 1.0000 test 0.3908
epoch 163/200 loss 0.0062 train 1.0000 test 0.3863
epoch 164/200 loss 0.0063 train 0.9996 test 0.3878
epoch 165/200 loss 0.0063 train 1.0000 test 0.3885
epoch 166/200 loss 0.0065 train 1.0000 test 0.3881
epoch 167/200 loss 0.0068 train 0.9998 test 0.3873
epoch 168/200 loss 0.0062 train 1.0000 test 0.3881
epoch 169/200 loss 0.0063 train 1.0000 test 0.3871
epoch 170/200 loss 0.0064 train 1.0000 test 0.3876
epoch 171/200 loss 0.0063 train 1.0000 test 0.3876
epoch 172/200 loss 0.0065 train 0.9998 test 0.3872
epoch 173/200 loss 0.0062 train 1.0000 test 0.3881
epoch 174/200 loss 0.0061 train 1.0000 test 0.3888
epoch 175/200 loss 0.0061 train 1.0000 test 0.3889
epoch 176/200 loss 0.0061 train 1.0000 test 0.3892
epoch 177/200 loss 0.0066 train 0.9998 test 0.3880
epoch 178/200 loss 0.0065 train 0.9998 test 0.3889
epoch 179/200 loss 0.0061 train 1.0000 test 0.3884
epoch 180/200 loss 0.0064 train 0.9998 test 0.3885
epoch 181/200 loss 0.0064 train 1.0000 test 0.3886
epoch 182/200 loss 0.0061 train 1.0000 test 0.3881
epoch 183/200 loss 0.0060 train 1.0000 test 0.3896
epoch 184/200 loss 0.0061 train 1.0000 test 0.3897
epoch 185/200 loss 0.0061 train 1.0000 test 0.3900
epoch 186/200 loss 0.0061 train 1.0000 test 0.3883
epoch 187/200 loss 0.0064 train 1.0000 test 0.3892
epoch 188/200 loss 0.0062 train 0.9998 test 0.3884
epoch 189/200 loss 0.0060 train 1.0000 test 0.3897
epoch 190/200 loss 0.0063 train 1.0000 test 0.3887
epoch 191/200 loss 0.0063 train 1.0000 test 0.3881
epoch 192/200 loss 0.0062 train 1.0000 test 0.3902
epoch 193/200 loss 0.0063 train 1.0000 test 0.3888
epoch 194/200 loss 0.0061 train 1.0000 test 0.3884
epoch 195/200 loss 0.0061 train 1.0000 test 0.3881
epoch 196/200 loss 0.0062 train 1.0000 test 0.3876
epoch 197/200 loss 0.0060 train 1.0000 test 0.3898
epoch 198/200 loss 0.0061 train 1.0000 test 0.3898
epoch 199/200 loss 0.0064 train 0.9998 test 0.3902
epoch 200/200 loss 0.0060 train 1.0000 test 0.3892
done: final 0.3892 best 0.3908 -> ./runs/zca10_gaboronly/seed2
=== zca5_gaboronly seed 0 ===
stem calibrated (zca) on 1024 images
[zca5_gaboronly seed0] {"params_trainable": 11225316, "params_stem_trainable": 0, "params_stem_fixed_filters": 1089, "flops_total": 566474752, "flops_stem": 4460544, "flops_image_size": 32}
epoch 1/200 loss 4.6104 train 0.0247 test 0.0381
epoch 2/200 loss 4.3025 train 0.0489 test 0.0644
epoch 3/200 loss 4.1088 train 0.0744 test 0.0761
epoch 4/200 loss 3.9279 train 0.0896 test 0.0863
epoch 5/200 loss 3.8445 train 0.1007 test 0.0959
epoch 6/200 loss 3.7903 train 0.1143 test 0.0968
epoch 7/200 loss 3.6828 train 0.1254 test 0.1072
epoch 8/200 loss 3.5900 train 0.1357 test 0.1033
epoch 9/200 loss 3.5401 train 0.1349 test 0.1095
epoch 10/200 loss 3.5124 train 0.1546 test 0.1194
epoch 11/200 loss 3.4513 train 0.1645 test 0.1189
epoch 12/200 loss 3.3519 train 0.1776 test 0.1347
epoch 13/200 loss 3.3003 train 0.1817 test 0.1384
epoch 14/200 loss 3.2128 train 0.1990 test 0.1421
epoch 15/200 loss 3.1538 train 0.2064 test 0.1381
epoch 16/200 loss 3.0721 train 0.2220 test 0.1452
epoch 17/200 loss 3.0572 train 0.2327 test 0.1560
epoch 18/200 loss 2.9515 train 0.2434 test 0.1565
epoch 19/200 loss 2.8694 train 0.2648 test 0.1582
epoch 20/200 loss 2.8034 train 0.2759 test 0.1512
epoch 21/200 loss 2.7154 train 0.3035 test 0.1566
epoch 22/200 loss 2.6753 train 0.2977 test 0.1473
epoch 23/200 loss 2.6053 train 0.3248 test 0.1636
epoch 24/200 loss 2.5350 train 0.3298 test 0.1768
epoch 25/200 loss 2.4223 train 0.3610 test 0.1634
epoch 26/200 loss 2.3866 train 0.3655 test 0.1756
epoch 27/200 loss 2.2808 train 0.3947 test 0.1813
epoch 28/200 loss 2.2157 train 0.3951 test 0.1910
epoch 29/200 loss 2.1917 train 0.4025 test 0.1831
epoch 30/200 loss 2.0571 train 0.4317 test 0.1806
epoch 31/200 loss 1.9707 train 0.4585 test 0.1565
epoch 32/200 loss 1.9287 train 0.4700 test 0.1797
epoch 33/200 loss 1.8830 train 0.4716 test 0.1826
epoch 34/200 loss 1.7213 train 0.5119 test 0.1776
epoch 35/200 loss 1.6177 train 0.5382 test 0.1967
epoch 36/200 loss 1.5965 train 0.5382 test 0.1900
epoch 37/200 loss 1.4681 train 0.5781 test 0.1927
epoch 38/200 loss 1.3508 train 0.6081 test 0.1868
epoch 39/200 loss 1.3340 train 0.6057 test 0.1741
epoch 40/200 loss 1.3043 train 0.6188 test 0.2019
epoch 41/200 loss 1.1491 train 0.6624 test 0.2034
epoch 42/200 loss 1.0633 train 0.6863 test 0.2065
epoch 43/200 loss 0.9852 train 0.7076 test 0.1947
epoch 44/200 loss 0.9010 train 0.7360 test 0.2008
epoch 45/200 loss 0.9237 train 0.7249 test 0.1962
epoch 46/200 loss 0.8008 train 0.7664 test 0.1916
epoch 47/200 loss 0.7426 train 0.7743 test 0.1931
epoch 48/200 loss 0.6250 train 0.8183 test 0.2054
epoch 49/200 loss 0.5431 train 0.8421 test 0.2106
epoch 50/200 loss 0.4874 train 0.8647 test 0.2103
epoch 51/200 loss 0.3918 train 0.8939 test 0.2107
epoch 52/200 loss 0.3746 train 0.8947 test 0.2195
epoch 53/200 loss 0.3728 train 0.8997 test 0.2152
epoch 54/200 loss 0.3262 train 0.9137 test 0.2081
epoch 55/200 loss 0.3219 train 0.9128 test 0.2128
epoch 56/200 loss 0.3218 train 0.9067 test 0.2087
epoch 57/200 loss 0.3267 train 0.9050 test 0.2174
epoch 58/200 loss 0.2524 train 0.9346 test 0.2115
epoch 59/200 loss 0.1880 train 0.9568 test 0.2339
epoch 60/200 loss 0.1615 train 0.9585 test 0.2218
epoch 61/200 loss 0.1353 train 0.9675 test 0.2323
epoch 62/200 loss 0.1276 train 0.9679 test 0.2307
epoch 63/200 loss 0.1033 train 0.9786 test 0.2301
epoch 64/200 loss 0.1068 train 0.9770 test 0.2324
epoch 65/200 loss 0.0863 train 0.9807 test 0.2335
epoch 66/200 loss 0.0783 train 0.9811 test 0.2323
epoch 67/200 loss 0.0838 train 0.9840 test 0.2272
epoch 68/200 loss 0.0757 train 0.9823 test 0.2398
epoch 69/200 loss 0.0577 train 0.9897 test 0.2457
epoch 70/200 loss 0.0523 train 0.9901 test 0.2378
epoch 71/200 loss 0.0438 train 0.9930 test 0.2450
epoch 72/200 loss 0.0336 train 0.9951 test 0.2413
epoch 73/200 loss 0.0257 train 0.9979 test 0.2494
epoch 74/200 loss 0.0197 train 0.9992 test 0.2466
epoch 75/200 loss 0.0170 train 0.9988 test 0.2465
epoch 76/200 loss 0.0122 train 1.0000 test 0.2544
epoch 77/200 loss 0.0098 train 0.9996 test 0.2560
epoch 78/200 loss 0.0097 train 0.9996 test 0.2590
epoch 79/200 loss 0.0117 train 0.9996 test 0.2560
epoch 80/200 loss 0.0106 train 0.9996 test 0.2562
epoch 81/200 loss 0.0105 train 0.9992 test 0.2574
epoch 82/200 loss 0.0091 train 1.0000 test 0.2571
epoch 83/200 loss 0.0084 train 1.0000 test 0.2610
epoch 84/200 loss 0.0071 train 1.0000 test 0.2632
epoch 85/200 loss 0.0070 train 1.0000 test 0.2608
epoch 86/200 loss 0.0065 train 1.0000 test 0.2595
epoch 87/200 loss 0.0065 train 1.0000 test 0.2616
epoch 88/200 loss 0.0067 train 1.0000 test 0.2631
epoch 89/200 loss 0.0069 train 1.0000 test 0.2610
epoch 90/200 loss 0.0070 train 1.0000 test 0.2636
epoch 91/200 loss 0.0065 train 1.0000 test 0.2644
epoch 92/200 loss 0.0062 train 1.0000 test 0.2620
epoch 93/200 loss 0.0065 train 1.0000 test 0.2632
epoch 94/200 loss 0.0068 train 1.0000 test 0.2645
epoch 95/200 loss 0.0066 train 1.0000 test 0.2617
epoch 96/200 loss 0.0069 train 1.0000 test 0.2613
epoch 97/200 loss 0.0067 train 1.0000 test 0.2623
epoch 98/200 loss 0.0073 train 1.0000 test 0.2638
epoch 99/200 loss 0.0067 train 1.0000 test 0.2648
epoch 100/200 loss 0.0072 train 1.0000 test 0.2644
epoch 101/200 loss 0.0074 train 1.0000 test 0.2635
epoch 102/200 loss 0.0070 train 1.0000 test 0.2648
epoch 103/200 loss 0.0069 train 1.0000 test 0.2633
epoch 104/200 loss 0.0069 train 1.0000 test 0.2648
epoch 105/200 loss 0.0072 train 1.0000 test 0.2631
epoch 106/200 loss 0.0076 train 1.0000 test 0.2667
epoch 107/200 loss 0.0074 train 1.0000 test 0.2635
epoch 108/200 loss 0.0071 train 1.0000 test 0.2635
epoch 109/200 loss 0.0069 train 1.0000 test 0.2620
epoch 110/200 loss 0.0069 train 1.0000 test 0.2630
epoch 111/200 loss 0.0071 train 1.0000 test 0.2639
epoch 112/200 loss 0.0076 train 1.0000 test 0.2632
epoch 113/200 loss 0.0075 train 1.0000 test 0.2647
epoch 114/200 loss 0.0075 train 1.0000 test 0.2627
epoch 115/200 loss 0.0074 train 1.0000 test 0.2668
epoch 116/200 loss 0.0072 train 1.0000 test 0.2659
epoch 117/200 loss 0.0072 train 1.0000 test 0.2646
epoch 118/200 loss 0.0072 train 1.0000 test 0.2660
epoch 119/200 loss 0.0073 train 1.0000 test 0.2653
epoch 120/200 loss 0.0075 train 1.0000 test 0.2657
epoch 121/200 loss 0.0072 train 1.0000 test 0.2660
epoch 122/200 loss 0.0074 train 1.0000 test 0.2678
epoch 123/200 loss 0.0074 train 1.0000 test 0.2677
epoch 124/200 loss 0.0077 train 1.0000 test 0.2645
epoch 125/200 loss 0.0072 train 1.0000 test 0.2648
epoch 126/200 loss 0.0075 train 1.0000 test 0.2644
epoch 127/200 loss 0.0074 train 1.0000 test 0.2661
epoch 128/200 loss 0.0073 train 1.0000 test 0.2653
epoch 129/200 loss 0.0071 train 1.0000 test 0.2659
epoch 130/200 loss 0.0075 train 1.0000 test 0.2670
epoch 131/200 loss 0.0071 train 1.0000 test 0.2644
epoch 132/200 loss 0.0077 train 1.0000 test 0.2660
epoch 133/200 loss 0.0072 train 1.0000 test 0.2659
epoch 134/200 loss 0.0071 train 1.0000 test 0.2653
epoch 135/200 loss 0.0070 train 1.0000 test 0.2655
epoch 136/200 loss 0.0072 train 1.0000 test 0.2651
epoch 137/200 loss 0.0070 train 1.0000 test 0.2655
epoch 138/200 loss 0.0069 train 1.0000 test 0.2658
epoch 139/200 loss 0.0078 train 1.0000 test 0.2667
epoch 140/200 loss 0.0070 train 1.0000 test 0.2654
epoch 141/200 loss 0.0073 train 1.0000 test 0.2658
epoch 142/200 loss 0.0073 train 1.0000 test 0.2657
epoch 143/200 loss 0.0072 train 1.0000 test 0.2663
epoch 144/200 loss 0.0068 train 1.0000 test 0.2661
epoch 145/200 loss 0.0075 train 1.0000 test 0.2649
epoch 146/200 loss 0.0073 train 1.0000 test 0.2661
epoch 147/200 loss 0.0070 train 1.0000 test 0.2650
epoch 148/200 loss 0.0074 train 1.0000 test 0.2660
epoch 149/200 loss 0.0065 train 1.0000 test 0.2666
epoch 150/200 loss 0.0070 train 1.0000 test 0.2672
epoch 151/200 loss 0.0075 train 1.0000 test 0.2658
epoch 152/200 loss 0.0072 train 1.0000 test 0.2658
epoch 153/200 loss 0.0073 train 1.0000 test 0.2665
epoch 154/200 loss 0.0075 train 1.0000 test 0.2662
epoch 155/200 loss 0.0070 train 1.0000 test 0.2655
epoch 156/200 loss 0.0072 train 1.0000 test 0.2650
epoch 157/200 loss 0.0071 train 1.0000 test 0.2654
epoch 158/200 loss 0.0069 train 1.0000 test 0.2664
epoch 159/200 loss 0.0068 train 1.0000 test 0.2661
epoch 160/200 loss 0.0068 train 1.0000 test 0.2669
epoch 161/200 loss 0.0067 train 1.0000 test 0.2659
epoch 162/200 loss 0.0071 train 1.0000 test 0.2649
epoch 163/200 loss 0.0068 train 1.0000 test 0.2662
epoch 164/200 loss 0.0068 train 1.0000 test 0.2644
epoch 165/200 loss 0.0070 train 1.0000 test 0.2651
epoch 166/200 loss 0.0070 train 1.0000 test 0.2651
epoch 167/200 loss 0.0072 train 1.0000 test 0.2659
epoch 168/200 loss 0.0069 train 1.0000 test 0.2663
epoch 169/200 loss 0.0069 train 1.0000 test 0.2654
epoch 170/200 loss 0.0069 train 1.0000 test 0.2666
epoch 171/200 loss 0.0069 train 1.0000 test 0.2651
epoch 172/200 loss 0.0068 train 1.0000 test 0.2656
epoch 173/200 loss 0.0069 train 1.0000 test 0.2649
epoch 174/200 loss 0.0074 train 1.0000 test 0.2664
epoch 175/200 loss 0.0068 train 1.0000 test 0.2658
epoch 176/200 loss 0.0069 train 1.0000 test 0.2650
epoch 177/200 loss 0.0069 train 1.0000 test 0.2655
epoch 178/200 loss 0.0067 train 1.0000 test 0.2651
epoch 179/200 loss 0.0071 train 1.0000 test 0.2667
epoch 180/200 loss 0.0067 train 1.0000 test 0.2665
epoch 181/200 loss 0.0070 train 1.0000 test 0.2653
epoch 182/200 loss 0.0074 train 1.0000 test 0.2653
epoch 183/200 loss 0.0069 train 1.0000 test 0.2665
epoch 184/200 loss 0.0067 train 1.0000 test 0.2658
epoch 185/200 loss 0.0072 train 1.0000 test 0.2646
epoch 186/200 loss 0.0068 train 1.0000 test 0.2653
epoch 187/200 loss 0.0071 train 1.0000 test 0.2655
epoch 188/200 loss 0.0068 train 1.0000 test 0.2655
epoch 189/200 loss 0.0070 train 1.0000 test 0.2649
epoch 190/200 loss 0.0067 train 1.0000 test 0.2660
epoch 191/200 loss 0.0069 train 1.0000 test 0.2662
epoch 192/200 loss 0.0065 train 1.0000 test 0.2667
epoch 193/200 loss 0.0069 train 1.0000 test 0.2653
epoch 194/200 loss 0.0071 train 1.0000 test 0.2650
epoch 195/200 loss 0.0074 train 1.0000 test 0.2655
epoch 196/200 loss 0.0070 train 1.0000 test 0.2654
epoch 197/200 loss 0.0071 train 1.0000 test 0.2660
epoch 198/200 loss 0.0070 train 1.0000 test 0.2670
epoch 199/200 loss 0.0071 train 1.0000 test 0.2654
epoch 200/200 loss 0.0070 train 1.0000 test 0.2651
done: final 0.2651 best 0.2678 -> ./runs/zca5_gaboronly/seed0
=== zca5_gaboronly seed 1 ===
stem calibrated (zca) on 1024 images
[zca5_gaboronly seed1] {"params_trainable": 11225316, "params_stem_trainable": 0, "params_stem_fixed_filters": 1089, "flops_total": 566474752, "flops_stem": 4460544, "flops_image_size": 32}
epoch 1/200 loss 4.6079 train 0.0189 test 0.0366
epoch 2/200 loss 4.3003 train 0.0588 test 0.0567
epoch 3/200 loss 4.1004 train 0.0789 test 0.0762
epoch 4/200 loss 3.9313 train 0.0781 test 0.0842
epoch 5/200 loss 3.8954 train 0.1007 test 0.0954
epoch 6/200 loss 3.7636 train 0.1192 test 0.0994
epoch 7/200 loss 3.6801 train 0.1312 test 0.1049
epoch 8/200 loss 3.6192 train 0.1365 test 0.1104
epoch 9/200 loss 3.5702 train 0.1480 test 0.1068
epoch 10/200 loss 3.4725 train 0.1562 test 0.1242
epoch 11/200 loss 3.4086 train 0.1608 test 0.1247
epoch 12/200 loss 3.3594 train 0.1768 test 0.1283
epoch 13/200 loss 3.2973 train 0.1875 test 0.1307
epoch 14/200 loss 3.2541 train 0.2007 test 0.1368
epoch 15/200 loss 3.1685 train 0.2134 test 0.1458
epoch 16/200 loss 3.0399 train 0.2385 test 0.1464
epoch 17/200 loss 2.9634 train 0.2533 test 0.1461
epoch 18/200 loss 2.9448 train 0.2479 test 0.1507
epoch 19/200 loss 2.8828 train 0.2677 test 0.1551
epoch 20/200 loss 2.8158 train 0.2726 test 0.1472
epoch 21/200 loss 2.7553 train 0.2833 test 0.1570
epoch 22/200 loss 2.7093 train 0.2940 test 0.1656
epoch 23/200 loss 2.6012 train 0.3162 test 0.1648
epoch 24/200 loss 2.4829 train 0.3388 test 0.1665
epoch 25/200 loss 2.4206 train 0.3438 test 0.1549
epoch 26/200 loss 2.3494 train 0.3836 test 0.1808
epoch 27/200 loss 2.2394 train 0.3873 test 0.1819
epoch 28/200 loss 2.1908 train 0.4034 test 0.1775
epoch 29/200 loss 2.1508 train 0.4075 test 0.1862
epoch 30/200 loss 2.0962 train 0.4149 test 0.1895
epoch 31/200 loss 1.9633 train 0.4535 test 0.1858
epoch 32/200 loss 1.8646 train 0.4741 test 0.1690
epoch 33/200 loss 1.7841 train 0.4938 test 0.1828
epoch 34/200 loss 1.7498 train 0.4996 test 0.1631
epoch 35/200 loss 1.6577 train 0.5156 test 0.1753
epoch 36/200 loss 1.5823 train 0.5378 test 0.1834
epoch 37/200 loss 1.4950 train 0.5621 test 0.1803
epoch 38/200 loss 1.4070 train 0.5950 test 0.1829
epoch 39/200 loss 1.2974 train 0.6299 test 0.1901
epoch 40/200 loss 1.2618 train 0.6262 test 0.2108
epoch 41/200 loss 1.2054 train 0.6361 test 0.1971
epoch 42/200 loss 1.0995 train 0.6797 test 0.1840
epoch 43/200 loss 1.0291 train 0.6863 test 0.2003
epoch 44/200 loss 0.8859 train 0.7430 test 0.2003
epoch 45/200 loss 0.8209 train 0.7562 test 0.2027
epoch 46/200 loss 0.7975 train 0.7549 test 0.1917
epoch 47/200 loss 0.6670 train 0.8047 test 0.2055
epoch 48/200 loss 0.5954 train 0.8203 test 0.2151
epoch 49/200 loss 0.5541 train 0.8376 test 0.2008
epoch 50/200 loss 0.4754 train 0.8586 test 0.2003
epoch 51/200 loss 0.4818 train 0.8577 test 0.2020
epoch 52/200 loss 0.4374 train 0.8697 test 0.2108
epoch 53/200 loss 0.3686 train 0.8997 test 0.2288
epoch 54/200 loss 0.3420 train 0.9091 test 0.2166
epoch 55/200 loss 0.2858 train 0.9202 test 0.1968
epoch 56/200 loss 0.3088 train 0.9165 test 0.2020
epoch 57/200 loss 0.3112 train 0.9161 test 0.2111
epoch 58/200 loss 0.3052 train 0.9112 test 0.2204
epoch 59/200 loss 0.3057 train 0.9141 test 0.2104
epoch 60/200 loss 0.2551 train 0.9297 test 0.2158
epoch 61/200 loss 0.2038 train 0.9445 test 0.2256
epoch 62/200 loss 0.1641 train 0.9552 test 0.2316
epoch 63/200 loss 0.1379 train 0.9659 test 0.2323
epoch 64/200 loss 0.1285 train 0.9667 test 0.2384
epoch 65/200 loss 0.1505 train 0.9585 test 0.2284
epoch 66/200 loss 0.1340 train 0.9729 test 0.2416
epoch 67/200 loss 0.0797 train 0.9873 test 0.2416
epoch 68/200 loss 0.0700 train 0.9901 test 0.2471
epoch 69/200 loss 0.0532 train 0.9910 test 0.2450
epoch 70/200 loss 0.0522 train 0.9897 test 0.2499
epoch 71/200 loss 0.0431 train 0.9934 test 0.2479
epoch 72/200 loss 0.0406 train 0.9934 test 0.2531
epoch 73/200 loss 0.0250 train 0.9984 test 0.2546
epoch 74/200 loss 0.0163 train 0.9992 test 0.2593
epoch 75/200 loss 0.0144 train 0.9984 test 0.2616
epoch 76/200 loss 0.0136 train 0.9984 test 0.2620
epoch 77/200 loss 0.0117 train 0.9992 test 0.2629
epoch 78/200 loss 0.0103 train 0.9996 test 0.2613
epoch 79/200 loss 0.0095 train 0.9996 test 0.2628
epoch 80/200 loss 0.0094 train 0.9996 test 0.2634
epoch 81/200 loss 0.0087 train 1.0000 test 0.2661
epoch 82/200 loss 0.0073 train 1.0000 test 0.2651
epoch 83/200 loss 0.0082 train 1.0000 test 0.2651
epoch 84/200 loss 0.0078 train 1.0000 test 0.2644
epoch 85/200 loss 0.0074 train 1.0000 test 0.2671
epoch 86/200 loss 0.0079 train 1.0000 test 0.2648
epoch 87/200 loss 0.0067 train 1.0000 test 0.2672
epoch 88/200 loss 0.0077 train 1.0000 test 0.2646
epoch 89/200 loss 0.0092 train 0.9992 test 0.2640
epoch 90/200 loss 0.0098 train 0.9992 test 0.2616
epoch 91/200 loss 0.0100 train 1.0000 test 0.2622
epoch 92/200 loss 0.0086 train 1.0000 test 0.2645
epoch 93/200 loss 0.0082 train 1.0000 test 0.2616
epoch 94/200 loss 0.0076 train 1.0000 test 0.2647
epoch 95/200 loss 0.0066 train 1.0000 test 0.2648
epoch 96/200 loss 0.0073 train 1.0000 test 0.2666
epoch 97/200 loss 0.0074 train 1.0000 test 0.2660
epoch 98/200 loss 0.0075 train 1.0000 test 0.2651
epoch 99/200 loss 0.0070 train 1.0000 test 0.2662
epoch 100/200 loss 0.0073 train 1.0000 test 0.2669
epoch 101/200 loss 0.0070 train 1.0000 test 0.2690
epoch 102/200 loss 0.0082 train 1.0000 test 0.2698
epoch 103/200 loss 0.0070 train 1.0000 test 0.2695
epoch 104/200 loss 0.0075 train 1.0000 test 0.2669
epoch 105/200 loss 0.0067 train 1.0000 test 0.2685
epoch 106/200 loss 0.0072 train 1.0000 test 0.2676
epoch 107/200 loss 0.0077 train 1.0000 test 0.2667
epoch 108/200 loss 0.0078 train 1.0000 test 0.2679
epoch 109/200 loss 0.0075 train 1.0000 test 0.2680
epoch 110/200 loss 0.0073 train 1.0000 test 0.2698
epoch 111/200 loss 0.0069 train 1.0000 test 0.2673
epoch 112/200 loss 0.0071 train 1.0000 test 0.2691
epoch 113/200 loss 0.0075 train 1.0000 test 0.2685
epoch 114/200 loss 0.0074 train 1.0000 test 0.2675
epoch 115/200 loss 0.0071 train 1.0000 test 0.2676
epoch 116/200 loss 0.0070 train 1.0000 test 0.2688
epoch 117/200 loss 0.0074 train 1.0000 test 0.2726
epoch 118/200 loss 0.0077 train 1.0000 test 0.2712
epoch 119/200 loss 0.0070 train 1.0000 test 0.2693
epoch 120/200 loss 0.0079 train 0.9996 test 0.2694
epoch 121/200 loss 0.0077 train 1.0000 test 0.2687
epoch 122/200 loss 0.0072 train 1.0000 test 0.2683
epoch 123/200 loss 0.0075 train 1.0000 test 0.2682
epoch 124/200 loss 0.0074 train 1.0000 test 0.2709
epoch 125/200 loss 0.0074 train 1.0000 test 0.2708
epoch 126/200 loss 0.0073 train 1.0000 test 0.2700
epoch 127/200 loss 0.0073 train 1.0000 test 0.2690
epoch 128/200 loss 0.0070 train 1.0000 test 0.2697
epoch 129/200 loss 0.0073 train 1.0000 test 0.2707
epoch 130/200 loss 0.0076 train 1.0000 test 0.2684
epoch 131/200 loss 0.0069 train 1.0000 test 0.2689
epoch 132/200 loss 0.0072 train 1.0000 test 0.2686
epoch 133/200 loss 0.0071 train 1.0000 test 0.2721
epoch 134/200 loss 0.0069 train 1.0000 test 0.2698
epoch 135/200 loss 0.0079 train 1.0000 test 0.2715
epoch 136/200 loss 0.0072 train 1.0000 test 0.2703
epoch 137/200 loss 0.0071 train 1.0000 test 0.2716
epoch 138/200 loss 0.0073 train 1.0000 test 0.2720
epoch 139/200 loss 0.0069 train 1.0000 test 0.2708
epoch 140/200 loss 0.0073 train 1.0000 test 0.2704
epoch 141/200 loss 0.0069 train 1.0000 test 0.2703
epoch 142/200 loss 0.0073 train 1.0000 test 0.2711
epoch 143/200 loss 0.0076 train 1.0000 test 0.2722
epoch 144/200 loss 0.0072 train 1.0000 test 0.2708
epoch 145/200 loss 0.0074 train 1.0000 test 0.2711
epoch 146/200 loss 0.0075 train 1.0000 test 0.2715
epoch 147/200 loss 0.0069 train 1.0000 test 0.2700
epoch 148/200 loss 0.0078 train 1.0000 test 0.2695
epoch 149/200 loss 0.0073 train 1.0000 test 0.2697
epoch 150/200 loss 0.0075 train 1.0000 test 0.2696
epoch 151/200 loss 0.0071 train 1.0000 test 0.2689
epoch 152/200 loss 0.0071 train 1.0000 test 0.2699
epoch 153/200 loss 0.0071 train 1.0000 test 0.2680
epoch 154/200 loss 0.0072 train 1.0000 test 0.2679
epoch 155/200 loss 0.0078 train 1.0000 test 0.2703
epoch 156/200 loss 0.0072 train 1.0000 test 0.2677
epoch 157/200 loss 0.0071 train 1.0000 test 0.2688
epoch 158/200 loss 0.0069 train 1.0000 test 0.2696
epoch 159/200 loss 0.0074 train 1.0000 test 0.2694
epoch 160/200 loss 0.0069 train 1.0000 test 0.2700
epoch 161/200 loss 0.0068 train 1.0000 test 0.2710
epoch 162/200 loss 0.0073 train 1.0000 test 0.2699
epoch 163/200 loss 0.0072 train 1.0000 test 0.2712
epoch 164/200 loss 0.0073 train 1.0000 test 0.2699
epoch 165/200 loss 0.0072 train 1.0000 test 0.2701
epoch 166/200 loss 0.0072 train 1.0000 test 0.2721
epoch 167/200 loss 0.0074 train 1.0000 test 0.2702
epoch 168/200 loss 0.0069 train 1.0000 test 0.2694
epoch 169/200 loss 0.0071 train 1.0000 test 0.2704
epoch 170/200 loss 0.0071 train 1.0000 test 0.2692
epoch 171/200 loss 0.0073 train 1.0000 test 0.2689
epoch 172/200 loss 0.0073 train 1.0000 test 0.2694
epoch 173/200 loss 0.0074 train 1.0000 test 0.2706
epoch 174/200 loss 0.0071 train 1.0000 test 0.2696
epoch 175/200 loss 0.0070 train 1.0000 test 0.2695
epoch 176/200 loss 0.0070 train 1.0000 test 0.2697
epoch 177/200 loss 0.0072 train 1.0000 test 0.2693
epoch 178/200 loss 0.0068 train 1.0000 test 0.2693
epoch 179/200 loss 0.0069 train 1.0000 test 0.2699
epoch 180/200 loss 0.0069 train 1.0000 test 0.2689
epoch 181/200 loss 0.0073 train 1.0000 test 0.2694
epoch 182/200 loss 0.0074 train 1.0000 test 0.2689
epoch 183/200 loss 0.0073 train 1.0000 test 0.2691
epoch 184/200 loss 0.0069 train 1.0000 test 0.2681
epoch 185/200 loss 0.0073 train 1.0000 test 0.2702
epoch 186/200 loss 0.0067 train 1.0000 test 0.2709
epoch 187/200 loss 0.0065 train 1.0000 test 0.2698
epoch 188/200 loss 0.0069 train 1.0000 test 0.2702
epoch 189/200 loss 0.0069 train 1.0000 test 0.2702
epoch 190/200 loss 0.0068 train 1.0000 test 0.2692
epoch 191/200 loss 0.0065 train 1.0000 test 0.2687
epoch 192/200 loss 0.0071 train 1.0000 test 0.2683
epoch 193/200 loss 0.0071 train 1.0000 test 0.2689
epoch 194/200 loss 0.0068 train 1.0000 test 0.2676
epoch 195/200 loss 0.0073 train 1.0000 test 0.2677
epoch 196/200 loss 0.0069 train 1.0000 test 0.2699
epoch 197/200 loss 0.0068 train 1.0000 test 0.2690
epoch 198/200 loss 0.0074 train 1.0000 test 0.2681
epoch 199/200 loss 0.0070 train 1.0000 test 0.2681
epoch 200/200 loss 0.0067 train 1.0000 test 0.2693
done: final 0.2693 best 0.2726 -> ./runs/zca5_gaboronly/seed1
=== zca5_gaboronly seed 2 ===
stem calibrated (zca) on 1024 images
[zca5_gaboronly seed2] {"params_trainable": 11225316, "params_stem_trainable": 0, "params_stem_fixed_filters": 1089, "flops_total": 566474752, "flops_stem": 4460544, "flops_image_size": 32}
epoch 1/200 loss 4.5817 train 0.0177 test 0.0462
epoch 2/200 loss 4.2976 train 0.0530 test 0.0642
epoch 3/200 loss 4.0808 train 0.0752 test 0.0727
epoch 4/200 loss 3.9373 train 0.0835 test 0.0930
epoch 5/200 loss 3.8194 train 0.1164 test 0.1030
epoch 6/200 loss 3.7166 train 0.1217 test 0.1050
epoch 7/200 loss 3.6062 train 0.1308 test 0.1107
epoch 8/200 loss 3.6000 train 0.1308 test 0.1132
epoch 9/200 loss 3.5399 train 0.1435 test 0.1179
epoch 10/200 loss 3.4533 train 0.1645 test 0.1145
epoch 11/200 loss 3.3828 train 0.1641 test 0.1220
epoch 12/200 loss 3.3020 train 0.1920 test 0.1306
epoch 13/200 loss 3.2589 train 0.1945 test 0.1302
epoch 14/200 loss 3.2109 train 0.1978 test 0.1384
epoch 15/200 loss 3.1038 train 0.2155 test 0.1383
epoch 16/200 loss 3.0515 train 0.2253 test 0.1402
epoch 17/200 loss 2.9736 train 0.2504 test 0.1487
epoch 18/200 loss 2.9199 train 0.2582 test 0.1482
epoch 19/200 loss 2.8267 train 0.2706 test 0.1537
epoch 20/200 loss 2.7932 train 0.2775 test 0.1539
epoch 21/200 loss 2.6985 train 0.3018 test 0.1599
epoch 22/200 loss 2.6202 train 0.3146 test 0.1684
epoch 23/200 loss 2.5572 train 0.3277 test 0.1606
epoch 24/200 loss 2.4974 train 0.3454 test 0.1632
epoch 25/200 loss 2.4470 train 0.3368 test 0.1626
epoch 26/200 loss 2.4013 train 0.3536 test 0.1775
epoch 27/200 loss 2.3151 train 0.3623 test 0.1701
epoch 28/200 loss 2.2231 train 0.4100 test 0.1665
epoch 29/200 loss 2.1268 train 0.4219 test 0.1790
epoch 30/200 loss 2.0501 train 0.4346 test 0.1734
epoch 31/200 loss 1.9456 train 0.4445 test 0.1776
epoch 32/200 loss 1.8710 train 0.4671 test 0.1863
epoch 33/200 loss 1.7857 train 0.4926 test 0.1812
epoch 34/200 loss 1.7261 train 0.5169 test 0.1905
epoch 35/200 loss 1.6243 train 0.5296 test 0.1761
epoch 36/200 loss 1.6053 train 0.5399 test 0.1854
epoch 37/200 loss 1.4533 train 0.5744 test 0.1944
epoch 38/200 loss 1.3811 train 0.5991 test 0.1706
epoch 39/200 loss 1.3293 train 0.6106 test 0.1804
epoch 40/200 loss 1.1550 train 0.6550 test 0.2015
epoch 41/200 loss 1.1146 train 0.6669 test 0.2027
epoch 42/200 loss 1.0925 train 0.6834 test 0.1920
epoch 43/200 loss 0.9735 train 0.7188 test 0.1892
epoch 44/200 loss 0.9581 train 0.7245 test 0.1871
epoch 45/200 loss 0.8634 train 0.7447 test 0.1885
epoch 46/200 loss 0.7539 train 0.7804 test 0.2007
epoch 47/200 loss 0.7113 train 0.7903 test 0.1895
epoch 48/200 loss 0.5931 train 0.8269 test 0.1935
epoch 49/200 loss 0.5362 train 0.8487 test 0.2124
epoch 50/200 loss 0.5287 train 0.8454 test 0.1956
epoch 51/200 loss 0.5178 train 0.8462 test 0.1993
epoch 52/200 loss 0.4563 train 0.8734 test 0.2047
epoch 53/200 loss 0.4487 train 0.8705 test 0.1983
epoch 54/200 loss 0.4162 train 0.8729 test 0.2052
epoch 55/200 loss 0.3493 train 0.8956 test 0.2179
epoch 56/200 loss 0.2594 train 0.9354 test 0.2019
epoch 57/200 loss 0.2632 train 0.9264 test 0.2112
epoch 58/200 loss 0.2301 train 0.9428 test 0.2183
epoch 59/200 loss 0.2386 train 0.9322 test 0.2092
epoch 60/200 loss 0.2284 train 0.9412 test 0.2065
epoch 61/200 loss 0.2144 train 0.9416 test 0.2111
epoch 62/200 loss 0.1948 train 0.9474 test 0.2037
epoch 63/200 loss 0.1751 train 0.9544 test 0.2110
epoch 64/200 loss 0.1574 train 0.9630 test 0.2219
epoch 65/200 loss 0.1206 train 0.9753 test 0.2212
epoch 66/200 loss 0.0974 train 0.9811 test 0.2356
epoch 67/200 loss 0.0776 train 0.9877 test 0.2266
epoch 68/200 loss 0.0623 train 0.9885 test 0.2346
epoch 69/200 loss 0.0740 train 0.9848 test 0.2373
epoch 70/200 loss 0.0656 train 0.9893 test 0.2352
epoch 71/200 loss 0.0598 train 0.9877 test 0.2379
epoch 72/200 loss 0.0503 train 0.9934 test 0.2357
epoch 73/200 loss 0.0311 train 0.9979 test 0.2438
epoch 74/200 loss 0.0203 train 0.9996 test 0.2535
epoch 75/200 loss 0.0159 train 0.9996 test 0.2503
epoch 76/200 loss 0.0146 train 0.9979 test 0.2535
epoch 77/200 loss 0.0190 train 0.9984 test 0.2528
epoch 78/200 loss 0.0151 train 0.9979 test 0.2550
epoch 79/200 loss 0.0101 train 1.0000 test 0.2513
epoch 80/200 loss 0.0076 train 1.0000 test 0.2558
epoch 81/200 loss 0.0083 train 1.0000 test 0.2547
epoch 82/200 loss 0.0074 train 1.0000 test 0.2584
epoch 83/200 loss 0.0085 train 0.9992 test 0.2583
epoch 84/200 loss 0.0084 train 0.9996 test 0.2594
epoch 85/200 loss 0.0086 train 1.0000 test 0.2602
epoch 86/200 loss 0.0071 train 1.0000 test 0.2606
epoch 87/200 loss 0.0073 train 1.0000 test 0.2613
epoch 88/200 loss 0.0071 train 1.0000 test 0.2611
epoch 89/200 loss 0.0072 train 1.0000 test 0.2619
epoch 90/200 loss 0.0068 train 1.0000 test 0.2601
epoch 91/200 loss 0.0074 train 1.0000 test 0.2617
epoch 92/200 loss 0.0074 train 1.0000 test 0.2608
epoch 93/200 loss 0.0071 train 1.0000 test 0.2624
epoch 94/200 loss 0.0070 train 1.0000 test 0.2621
epoch 95/200 loss 0.0070 train 1.0000 test 0.2618
epoch 96/200 loss 0.0072 train 1.0000 test 0.2619
epoch 97/200 loss 0.0068 train 1.0000 test 0.2619
epoch 98/200 loss 0.0069 train 1.0000 test 0.2614
epoch 99/200 loss 0.0066 train 1.0000 test 0.2616
epoch 100/200 loss 0.0069 train 1.0000 test 0.2631
epoch 101/200 loss 0.0073 train 1.0000 test 0.2609
epoch 102/200 loss 0.0072 train 1.0000 test 0.2631
epoch 103/200 loss 0.0070 train 1.0000 test 0.2620
epoch 104/200 loss 0.0075 train 1.0000 test 0.2624
epoch 105/200 loss 0.0071 train 1.0000 test 0.2611
epoch 106/200 loss 0.0076 train 1.0000 test 0.2620
epoch 107/200 loss 0.0073 train 1.0000 test 0.2628
epoch 108/200 loss 0.0073 train 1.0000 test 0.2607
epoch 109/200 loss 0.0069 train 1.0000 test 0.2626
epoch 110/200 loss 0.0069 train 1.0000 test 0.2629
epoch 111/200 loss 0.0073 train 1.0000 test 0.2611
epoch 112/200 loss 0.0071 train 1.0000 test 0.2618
epoch 113/200 loss 0.0071 train 1.0000 test 0.2624
epoch 114/200 loss 0.0074 train 1.0000 test 0.2625
epoch 115/200 loss 0.0072 train 1.0000 test 0.2622
epoch 116/200 loss 0.0077 train 1.0000 test 0.2619
epoch 117/200 loss 0.0076 train 1.0000 test 0.2642
epoch 118/200 loss 0.0079 train 1.0000 test 0.2624
epoch 119/200 loss 0.0077 train 1.0000 test 0.2630
epoch 120/200 loss 0.0073 train 1.0000 test 0.2632
epoch 121/200 loss 0.0077 train 1.0000 test 0.2640
epoch 122/200 loss 0.0073 train 1.0000 test 0.2636
epoch 123/200 loss 0.0073 train 1.0000 test 0.2640
epoch 124/200 loss 0.0076 train 1.0000 test 0.2642
epoch 125/200 loss 0.0073 train 1.0000 test 0.2636
epoch 126/200 loss 0.0071 train 1.0000 test 0.2644
epoch 127/200 loss 0.0069 train 1.0000 test 0.2642
epoch 128/200 loss 0.0074 train 1.0000 test 0.2650
epoch 129/200 loss 0.0076 train 1.0000 test 0.2622
epoch 130/200 loss 0.0071 train 1.0000 test 0.2632
epoch 131/200 loss 0.0078 train 1.0000 test 0.2643
epoch 132/200 loss 0.0069 train 1.0000 test 0.2652
epoch 133/200 loss 0.0070 train 1.0000 test 0.2626
epoch 134/200 loss 0.0071 train 1.0000 test 0.2644
epoch 135/200 loss 0.0071 train 1.0000 test 0.2638
epoch 136/200 loss 0.0074 train 1.0000 test 0.2644
epoch 137/200 loss 0.0072 train 1.0000 test 0.2627
epoch 138/200 loss 0.0076 train 1.0000 test 0.2631
epoch 139/200 loss 0.0073 train 1.0000 test 0.2630
epoch 140/200 loss 0.0076 train 1.0000 test 0.2626
epoch 141/200 loss 0.0072 train 1.0000 test 0.2632
epoch 142/200 loss 0.0071 train 1.0000 test 0.2629
epoch 143/200 loss 0.0081 train 1.0000 test 0.2633
epoch 144/200 loss 0.0074 train 1.0000 test 0.2629
epoch 145/200 loss 0.0074 train 1.0000 test 0.2624
epoch 146/200 loss 0.0074 train 1.0000 test 0.2616
epoch 147/200 loss 0.0070 train 1.0000 test 0.2629
epoch 148/200 loss 0.0068 train 1.0000 test 0.2641
epoch 149/200 loss 0.0068 train 1.0000 test 0.2642
epoch 150/200 loss 0.0070 train 1.0000 test 0.2632
epoch 151/200 loss 0.0074 train 1.0000 test 0.2641
epoch 152/200 loss 0.0068 train 1.0000 test 0.2645
epoch 153/200 loss 0.0073 train 1.0000 test 0.2643
epoch 154/200 loss 0.0077 train 1.0000 test 0.2637
epoch 155/200 loss 0.0078 train 1.0000 test 0.2647
epoch 156/200 loss 0.0071 train 1.0000 test 0.2644
epoch 157/200 loss 0.0068 train 1.0000 test 0.2655
epoch 158/200 loss 0.0070 train 1.0000 test 0.2636
epoch 159/200 loss 0.0078 train 1.0000 test 0.2660
epoch 160/200 loss 0.0073 train 1.0000 test 0.2649
epoch 161/200 loss 0.0075 train 1.0000 test 0.2631
epoch 162/200 loss 0.0072 train 1.0000 test 0.2645
epoch 163/200 loss 0.0073 train 1.0000 test 0.2650
epoch 164/200 loss 0.0072 train 1.0000 test 0.2627
epoch 165/200 loss 0.0073 train 1.0000 test 0.2655
epoch 166/200 loss 0.0072 train 1.0000 test 0.2651
epoch 167/200 loss 0.0069 train 1.0000 test 0.2649
epoch 168/200 loss 0.0077 train 1.0000 test 0.2644
epoch 169/200 loss 0.0068 train 1.0000 test 0.2650
epoch 170/200 loss 0.0072 train 1.0000 test 0.2647
epoch 171/200 loss 0.0072 train 1.0000 test 0.2654
epoch 172/200 loss 0.0072 train 1.0000 test 0.2663
epoch 173/200 loss 0.0070 train 1.0000 test 0.2656
epoch 174/200 loss 0.0079 train 1.0000 test 0.2651
epoch 175/200 loss 0.0071 train 1.0000 test 0.2663
epoch 176/200 loss 0.0069 train 1.0000 test 0.2658
epoch 177/200 loss 0.0074 train 1.0000 test 0.2665
epoch 178/200 loss 0.0074 train 1.0000 test 0.2663
epoch 179/200 loss 0.0072 train 1.0000 test 0.2664
epoch 180/200 loss 0.0071 train 1.0000 test 0.2646
epoch 181/200 loss 0.0072 train 1.0000 test 0.2653
epoch 182/200 loss 0.0070 train 1.0000 test 0.2668
epoch 183/200 loss 0.0068 train 1.0000 test 0.2660
epoch 184/200 loss 0.0070 train 1.0000 test 0.2664
epoch 185/200 loss 0.0074 train 1.0000 test 0.2654
epoch 186/200 loss 0.0068 train 1.0000 test 0.2676
epoch 187/200 loss 0.0073 train 1.0000 test 0.2669
epoch 188/200 loss 0.0069 train 1.0000 test 0.2664
epoch 189/200 loss 0.0073 train 1.0000 test 0.2672
epoch 190/200 loss 0.0067 train 1.0000 test 0.2662
epoch 191/200 loss 0.0073 train 1.0000 test 0.2661
epoch 192/200 loss 0.0069 train 1.0000 test 0.2664
epoch 193/200 loss 0.0069 train 1.0000 test 0.2663
epoch 194/200 loss 0.0072 train 1.0000 test 0.2665
epoch 195/200 loss 0.0072 train 1.0000 test 0.2655
epoch 196/200 loss 0.0072 train 1.0000 test 0.2654
epoch 197/200 loss 0.0071 train 1.0000 test 0.2662
epoch 198/200 loss 0.0070 train 1.0000 test 0.2653
epoch 199/200 loss 0.0071 train 1.0000 test 0.2656
epoch 200/200 loss 0.0066 train 1.0000 test 0.2671
done: final 0.2671 best 0.2676 -> ./runs/zca5_gaboronly/seed2
=== zca1_gaboronly seed 0 ===
stem calibrated (zca) on 1024 images
[zca1_gaboronly seed0] {"params_trainable": 11225316, "params_stem_trainable": 0, "params_stem_fixed_filters": 1089, "flops_total": 566474752, "flops_stem": 4460544, "flops_image_size": 32}
epoch 1/200 loss 4.6524 train 0.0052 test 0.0125
epoch 2/200 loss 4.5901 train 0.0234 test 0.0200
epoch 3/200 loss 4.5426 train 0.0260 test 0.0302
epoch 4/200 loss 4.4450 train 0.0312 test 0.0379
epoch 5/200 loss 4.3403 train 0.0365 test 0.0420
epoch 6/200 loss 4.1890 train 0.0885 test 0.0449
epoch 7/200 loss 4.0796 train 0.0859 test 0.0474
epoch 8/200 loss 4.0120 train 0.0859 test 0.0498
epoch 9/200 loss 3.8988 train 0.1094 test 0.0455
epoch 10/200 loss 3.7423 train 0.1172 test 0.0442
epoch 11/200 loss 3.6903 train 0.1146 test 0.0476
epoch 12/200 loss 3.6751 train 0.1120 test 0.0487
epoch 13/200 loss 3.5373 train 0.1432 test 0.0544
epoch 14/200 loss 3.4878 train 0.1615 test 0.0603
epoch 15/200 loss 3.4147 train 0.1667 test 0.0650
epoch 16/200 loss 3.3983 train 0.1719 test 0.0630
epoch 17/200 loss 3.2792 train 0.1771 test 0.0591
epoch 18/200 loss 3.1331 train 0.2396 test 0.0621
epoch 19/200 loss 3.1858 train 0.2135 test 0.0632
epoch 20/200 loss 3.1049 train 0.2188 test 0.0642
epoch 21/200 loss 3.0207 train 0.2552 test 0.0622
epoch 22/200 loss 3.0065 train 0.2344 test 0.0624
epoch 23/200 loss 2.9886 train 0.2188 test 0.0630
epoch 24/200 loss 2.8988 train 0.2396 test 0.0698
epoch 25/200 loss 2.8551 train 0.2734 test 0.0711
epoch 26/200 loss 2.7829 train 0.2891 test 0.0712
epoch 27/200 loss 2.7175 train 0.3151 test 0.0721
epoch 28/200 loss 2.7646 train 0.2760 test 0.0684
epoch 29/200 loss 2.6483 train 0.3099 test 0.0706
epoch 30/200 loss 2.5670 train 0.3281 test 0.0730
epoch 31/200 loss 2.5867 train 0.3099 test 0.0734
epoch 32/200 loss 2.5502 train 0.2969 test 0.0691
epoch 33/200 loss 2.4250 train 0.3516 test 0.0708
epoch 34/200 loss 2.3889 train 0.3672 test 0.0798
epoch 35/200 loss 2.3153 train 0.3828 test 0.0736
epoch 36/200 loss 2.2921 train 0.4010 test 0.0746
epoch 37/200 loss 2.2404 train 0.4010 test 0.0739
epoch 38/200 loss 2.2303 train 0.4167 test 0.0757
epoch 39/200 loss 2.2069 train 0.3932 test 0.0749
epoch 40/200 loss 2.0593 train 0.4557 test 0.0775
epoch 41/200 loss 2.0957 train 0.4505 test 0.0780
epoch 42/200 loss 2.0736 train 0.4818 test 0.0743
epoch 43/200 loss 1.9525 train 0.4688 test 0.0776
epoch 44/200 loss 1.9883 train 0.4818 test 0.0743
epoch 45/200 loss 1.9209 train 0.4661 test 0.0784
epoch 46/200 loss 1.8360 train 0.5312 test 0.0786
epoch 47/200 loss 1.8017 train 0.5417 test 0.0759
epoch 48/200 loss 1.8242 train 0.4974 test 0.0783
epoch 49/200 loss 1.7129 train 0.5391 test 0.0810
epoch 50/200 loss 1.6372 train 0.5573 test 0.0800
epoch 51/200 loss 1.6217 train 0.5755 test 0.0749
epoch 52/200 loss 1.5467 train 0.5703 test 0.0758
epoch 53/200 loss 1.4854 train 0.6276 test 0.0806
epoch 54/200 loss 1.5294 train 0.6042 test 0.0798
epoch 55/200 loss 1.4394 train 0.6354 test 0.0789
epoch 56/200 loss 1.4440 train 0.6380 test 0.0758
epoch 57/200 loss 1.3620 train 0.6536 test 0.0791
epoch 58/200 loss 1.3839 train 0.6302 test 0.0821
epoch 59/200 loss 1.2432 train 0.6953 test 0.0818
epoch 60/200 loss 1.1957 train 0.7057 test 0.0812
epoch 61/200 loss 1.1452 train 0.7057 test 0.0799
epoch 62/200 loss 1.0498 train 0.7630 test 0.0775
epoch 63/200 loss 1.1248 train 0.7214 test 0.0852
epoch 64/200 loss 0.9645 train 0.7682 test 0.0798
epoch 65/200 loss 1.0016 train 0.7370 test 0.0828
epoch 66/200 loss 0.9541 train 0.7839 test 0.0827
epoch 67/200 loss 0.8849 train 0.7969 test 0.0829
epoch 68/200 loss 0.8393 train 0.8151 test 0.0857
epoch 69/200 loss 0.8929 train 0.7760 test 0.0854
epoch 70/200 loss 0.7365 train 0.8516 test 0.0837
epoch 71/200 loss 0.7279 train 0.8464 test 0.0832
epoch 72/200 loss 0.6670 train 0.8880 test 0.0823
epoch 73/200 loss 0.6764 train 0.8438 test 0.0889
epoch 74/200 loss 0.6544 train 0.8516 test 0.0878
epoch 75/200 loss 0.6112 train 0.8568 test 0.0872
epoch 76/200 loss 0.5563 train 0.9167 test 0.0863
epoch 77/200 loss 0.5627 train 0.8932 test 0.0859
epoch 78/200 loss 0.5175 train 0.9245 test 0.0859
epoch 79/200 loss 0.4704 train 0.9271 test 0.0861
epoch 80/200 loss 0.4703 train 0.9141 test 0.0842
epoch 81/200 loss 0.4197 train 0.9271 test 0.0811
epoch 82/200 loss 0.3970 train 0.9349 test 0.0797
epoch 83/200 loss 0.3380 train 0.9557 test 0.0849
epoch 84/200 loss 0.3199 train 0.9635 test 0.0827
epoch 85/200 loss 0.3112 train 0.9688 test 0.0837
epoch 86/200 loss 0.2988 train 0.9661 test 0.0825
epoch 87/200 loss 0.2654 train 0.9714 test 0.0882
epoch 88/200 loss 0.2295 train 0.9870 test 0.0912
epoch 89/200 loss 0.2609 train 0.9557 test 0.0884
epoch 90/200 loss 0.2665 train 0.9635 test 0.0827
epoch 91/200 loss 0.2297 train 0.9714 test 0.0770
epoch 92/200 loss 0.2773 train 0.9453 test 0.0876
epoch 93/200 loss 0.2318 train 0.9844 test 0.0931
epoch 94/200 loss 0.2235 train 0.9766 test 0.0938
epoch 95/200 loss 0.1734 train 0.9974 test 0.0922
epoch 96/200 loss 0.1971 train 0.9818 test 0.0919
epoch 97/200 loss 0.1933 train 0.9740 test 0.0865
epoch 98/200 loss 0.1467 train 0.9896 test 0.0869
epoch 99/200 loss 0.1575 train 0.9818 test 0.0858
epoch 100/200 loss 0.1212 train 0.9922 test 0.0881
epoch 101/200 loss 0.1168 train 0.9948 test 0.0916
epoch 102/200 loss 0.1059 train 0.9948 test 0.0918
epoch 103/200 loss 0.0962 train 0.9974 test 0.0935
epoch 104/200 loss 0.0892 train 0.9974 test 0.0928
epoch 105/200 loss 0.1001 train 0.9974 test 0.0906
epoch 106/200 loss 0.0690 train 1.0000 test 0.0919
epoch 107/200 loss 0.0727 train 1.0000 test 0.0954
epoch 108/200 loss 0.0748 train 1.0000 test 0.0953
epoch 109/200 loss 0.0657 train 0.9974 test 0.0961
epoch 110/200 loss 0.0549 train 1.0000 test 0.0950
epoch 111/200 loss 0.0563 train 1.0000 test 0.0939
epoch 112/200 loss 0.0497 train 1.0000 test 0.0934
epoch 113/200 loss 0.0421 train 1.0000 test 0.0915
epoch 114/200 loss 0.0433 train 1.0000 test 0.0932
epoch 115/200 loss 0.0535 train 1.0000 test 0.0943
epoch 116/200 loss 0.0405 train 1.0000 test 0.0956
epoch 117/200 loss 0.0525 train 1.0000 test 0.0957
epoch 118/200 loss 0.0419 train 1.0000 test 0.0969
epoch 119/200 loss 0.0388 train 1.0000 test 0.0970
epoch 120/200 loss 0.0488 train 1.0000 test 0.0979
epoch 121/200 loss 0.0356 train 1.0000 test 0.0966
epoch 122/200 loss 0.0353 train 1.0000 test 0.0964
epoch 123/200 loss 0.0365 train 1.0000 test 0.0959
epoch 124/200 loss 0.0476 train 1.0000 test 0.0952
epoch 125/200 loss 0.0322 train 1.0000 test 0.0946
epoch 126/200 loss 0.0338 train 1.0000 test 0.0958
epoch 127/200 loss 0.0302 train 1.0000 test 0.0971
epoch 128/200 loss 0.0341 train 1.0000 test 0.0975
epoch 129/200 loss 0.0311 train 1.0000 test 0.0985
epoch 130/200 loss 0.0321 train 1.0000 test 0.0961
epoch 131/200 loss 0.0285 train 1.0000 test 0.0960
epoch 132/200 loss 0.0332 train 1.0000 test 0.0962
epoch 133/200 loss 0.0279 train 1.0000 test 0.0957
epoch 134/200 loss 0.0319 train 1.0000 test 0.0951
epoch 135/200 loss 0.0286 train 1.0000 test 0.0944
epoch 136/200 loss 0.0277 train 1.0000 test 0.0955
epoch 137/200 loss 0.0241 train 1.0000 test 0.0960
epoch 138/200 loss 0.0305 train 1.0000 test 0.0952
epoch 139/200 loss 0.0343 train 1.0000 test 0.0949
epoch 140/200 loss 0.0314 train 1.0000 test 0.0940
epoch 141/200 loss 0.0271 train 1.0000 test 0.0940
epoch 142/200 loss 0.0303 train 1.0000 test 0.0960
epoch 143/200 loss 0.0314 train 1.0000 test 0.0962
epoch 144/200 loss 0.0271 train 1.0000 test 0.0961
epoch 145/200 loss 0.0334 train 1.0000 test 0.0950
epoch 146/200 loss 0.0233 train 1.0000 test 0.0950
epoch 147/200 loss 0.0230 train 1.0000 test 0.0955
epoch 148/200 loss 0.0264 train 1.0000 test 0.0951
epoch 149/200 loss 0.0247 train 1.0000 test 0.0952
epoch 150/200 loss 0.0215 train 1.0000 test 0.0954
epoch 151/200 loss 0.0254 train 1.0000 test 0.0956
epoch 152/200 loss 0.0288 train 1.0000 test 0.0949
epoch 153/200 loss 0.0234 train 1.0000 test 0.0952
epoch 154/200 loss 0.0219 train 1.0000 test 0.0957
epoch 155/200 loss 0.0237 train 1.0000 test 0.0951
epoch 156/200 loss 0.0223 train 1.0000 test 0.0952
epoch 157/200 loss 0.0228 train 1.0000 test 0.0951
epoch 158/200 loss 0.0237 train 1.0000 test 0.0940
epoch 159/200 loss 0.0242 train 1.0000 test 0.0943
epoch 160/200 loss 0.0233 train 1.0000 test 0.0956
epoch 161/200 loss 0.0194 train 1.0000 test 0.0964
epoch 162/200 loss 0.0195 train 1.0000 test 0.0964
epoch 163/200 loss 0.0214 train 1.0000 test 0.0969
epoch 164/200 loss 0.0221 train 1.0000 test 0.0975
epoch 165/200 loss 0.0200 train 1.0000 test 0.0970
epoch 166/200 loss 0.0229 train 1.0000 test 0.0967
epoch 167/200 loss 0.0258 train 1.0000 test 0.0972
epoch 168/200 loss 0.0221 train 1.0000 test 0.0969
epoch 169/200 loss 0.0199 train 1.0000 test 0.0961
epoch 170/200 loss 0.0235 train 1.0000 test 0.0965
epoch 171/200 loss 0.0199 train 1.0000 test 0.0956
epoch 172/200 loss 0.0214 train 1.0000 test 0.0961
epoch 173/200 loss 0.0221 train 1.0000 test 0.0960
epoch 174/200 loss 0.0227 train 1.0000 test 0.0962
epoch 175/200 loss 0.0239 train 1.0000 test 0.0964
epoch 176/200 loss 0.0242 train 1.0000 test 0.0961
epoch 177/200 loss 0.0196 train 1.0000 test 0.0963
epoch 178/200 loss 0.0220 train 1.0000 test 0.0966
epoch 179/200 loss 0.0200 train 1.0000 test 0.0955
epoch 180/200 loss 0.0242 train 1.0000 test 0.0961
epoch 181/200 loss 0.0234 train 1.0000 test 0.0960
epoch 182/200 loss 0.0212 train 1.0000 test 0.0963
epoch 183/200 loss 0.0241 train 1.0000 test 0.0960
epoch 184/200 loss 0.0215 train 1.0000 test 0.0960
epoch 185/200 loss 0.0227 train 1.0000 test 0.0956
epoch 186/200 loss 0.0343 train 1.0000 test 0.0958
epoch 187/200 loss 0.0196 train 1.0000 test 0.0954
epoch 188/200 loss 0.0235 train 1.0000 test 0.0961
epoch 189/200 loss 0.0252 train 1.0000 test 0.0962
epoch 190/200 loss 0.0208 train 1.0000 test 0.0955
epoch 191/200 loss 0.0194 train 1.0000 test 0.0965
epoch 192/200 loss 0.0201 train 1.0000 test 0.0962
epoch 193/200 loss 0.0203 train 1.0000 test 0.0963
epoch 194/200 loss 0.0227 train 1.0000 test 0.0960
epoch 195/200 loss 0.0204 train 1.0000 test 0.0961
epoch 196/200 loss 0.0268 train 1.0000 test 0.0953
epoch 197/200 loss 0.0252 train 1.0000 test 0.0959
epoch 198/200 loss 0.0238 train 1.0000 test 0.0964
epoch 199/200 loss 0.0210 train 1.0000 test 0.0969
epoch 200/200 loss 0.0213 train 1.0000 test 0.0965
done: final 0.0965 best 0.0985 -> ./runs/zca1_gaboronly/seed0
=== zca1_gaboronly seed 1 ===
stem calibrated (zca) on 1024 images
[zca1_gaboronly seed1] {"params_trainable": 11225316, "params_stem_trainable": 0, "params_stem_fixed_filters": 1089, "flops_total": 566474752, "flops_stem": 4460544, "flops_image_size": 32}
epoch 1/200 loss 4.6345 train 0.0104 test 0.0122
epoch 2/200 loss 4.6139 train 0.0130 test 0.0120
epoch 3/200 loss 4.5313 train 0.0130 test 0.0260
epoch 4/200 loss 4.4866 train 0.0443 test 0.0358
epoch 5/200 loss 4.3445 train 0.0651 test 0.0418
epoch 6/200 loss 4.2436 train 0.0469 test 0.0414
epoch 7/200 loss 4.1277 train 0.0833 test 0.0407
epoch 8/200 loss 4.0581 train 0.1016 test 0.0475
epoch 9/200 loss 3.9729 train 0.0833 test 0.0522
epoch 10/200 loss 3.8363 train 0.1250 test 0.0490
epoch 11/200 loss 3.7738 train 0.1328 test 0.0469
epoch 12/200 loss 3.7371 train 0.1276 test 0.0535
epoch 13/200 loss 3.6323 train 0.1328 test 0.0569
epoch 14/200 loss 3.4968 train 0.1484 test 0.0589
epoch 15/200 loss 3.4843 train 0.1562 test 0.0570
epoch 16/200 loss 3.4143 train 0.1536 test 0.0627
epoch 17/200 loss 3.3418 train 0.1979 test 0.0608
epoch 18/200 loss 3.2580 train 0.1875 test 0.0546
epoch 19/200 loss 3.2575 train 0.2005 test 0.0608
epoch 20/200 loss 3.2259 train 0.1953 test 0.0623
epoch 21/200 loss 3.1883 train 0.2214 test 0.0689
epoch 22/200 loss 3.1015 train 0.2188 test 0.0694
epoch 23/200 loss 3.0691 train 0.2292 test 0.0653
epoch 24/200 loss 2.9532 train 0.2526 test 0.0624
epoch 25/200 loss 2.9439 train 0.2682 test 0.0628
epoch 26/200 loss 2.8570 train 0.2682 test 0.0684
epoch 27/200 loss 2.8319 train 0.2552 test 0.0748
epoch 28/200 loss 2.7996 train 0.2839 test 0.0728
epoch 29/200 loss 2.6531 train 0.3438 test 0.0733
epoch 30/200 loss 2.6590 train 0.3177 test 0.0693
epoch 31/200 loss 2.6745 train 0.3203 test 0.0726
epoch 32/200 loss 2.5895 train 0.3333 test 0.0680
epoch 33/200 loss 2.4827 train 0.3307 test 0.0742
epoch 34/200 loss 2.5129 train 0.3203 test 0.0758
epoch 35/200 loss 2.4421 train 0.3464 test 0.0795
epoch 36/200 loss 2.3983 train 0.3594 test 0.0788
epoch 37/200 loss 2.3371 train 0.3932 test 0.0784
epoch 38/200 loss 2.3161 train 0.4193 test 0.0729
epoch 39/200 loss 2.2320 train 0.4531 test 0.0761
epoch 40/200 loss 2.2224 train 0.4375 test 0.0771
epoch 41/200 loss 2.0866 train 0.4505 test 0.0818
epoch 42/200 loss 2.1442 train 0.4609 test 0.0804
epoch 43/200 loss 2.0805 train 0.4609 test 0.0810
epoch 44/200 loss 2.0550 train 0.4609 test 0.0783
epoch 45/200 loss 1.9402 train 0.4818 test 0.0749
epoch 46/200 loss 1.9705 train 0.5104 test 0.0777
epoch 47/200 loss 1.8830 train 0.4818 test 0.0828
epoch 48/200 loss 1.8315 train 0.5234 test 0.0834
epoch 49/200 loss 1.7764 train 0.5234 test 0.0783
epoch 50/200 loss 1.7284 train 0.5443 test 0.0836
epoch 51/200 loss 1.6885 train 0.5417 test 0.0766
epoch 52/200 loss 1.6902 train 0.5625 test 0.0813
epoch 53/200 loss 1.5870 train 0.5938 test 0.0839
epoch 54/200 loss 1.6141 train 0.5755 test 0.0877
epoch 55/200 loss 1.5159 train 0.6432 test 0.0804
epoch 56/200 loss 1.4620 train 0.6094 test 0.0826
epoch 57/200 loss 1.3714 train 0.6484 test 0.0792
epoch 58/200 loss 1.4237 train 0.6302 test 0.0813
epoch 59/200 loss 1.3181 train 0.6458 test 0.0850
epoch 60/200 loss 1.2825 train 0.6823 test 0.0829
epoch 61/200 loss 1.2192 train 0.6823 test 0.0849
epoch 62/200 loss 1.1984 train 0.6797 test 0.0815
epoch 63/200 loss 1.2113 train 0.6745 test 0.0820
epoch 64/200 loss 1.1042 train 0.7344 test 0.0829
epoch 65/200 loss 1.0414 train 0.7370 test 0.0841
epoch 66/200 loss 0.9652 train 0.7604 test 0.0881
epoch 67/200 loss 0.9135 train 0.7943 test 0.0874
epoch 68/200 loss 0.9082 train 0.7760 test 0.0853
epoch 69/200 loss 0.8873 train 0.7839 test 0.0882
epoch 70/200 loss 0.8695 train 0.7891 test 0.0883
epoch 71/200 loss 0.7733 train 0.8359 test 0.0892
epoch 72/200 loss 0.7197 train 0.8672 test 0.0863
epoch 73/200 loss 0.7050 train 0.8411 test 0.0904
epoch 74/200 loss 0.6683 train 0.8776 test 0.0864
epoch 75/200 loss 0.6316 train 0.8854 test 0.0920
epoch 76/200 loss 0.5653 train 0.9010 test 0.0832
epoch 77/200 loss 0.5770 train 0.8750 test 0.0879
epoch 78/200 loss 0.4961 train 0.9167 test 0.0890
epoch 79/200 loss 0.5424 train 0.8750 test 0.0912
epoch 80/200 loss 0.4737 train 0.9323 test 0.0900
epoch 81/200 loss 0.4759 train 0.9062 test 0.0897
epoch 82/200 loss 0.4242 train 0.9375 test 0.0839
epoch 83/200 loss 0.4121 train 0.9401 test 0.0876
epoch 84/200 loss 0.3670 train 0.9401 test 0.0872
epoch 85/200 loss 0.2923 train 0.9688 test 0.0856
epoch 86/200 loss 0.3236 train 0.9609 test 0.0865
epoch 87/200 loss 0.2958 train 0.9661 test 0.0939
epoch 88/200 loss 0.2656 train 0.9844 test 0.0939
epoch 89/200 loss 0.2414 train 0.9818 test 0.0920
epoch 90/200 loss 0.2236 train 0.9714 test 0.0906
epoch 91/200 loss 0.2048 train 0.9922 test 0.0957
epoch 92/200 loss 0.2526 train 0.9740 test 0.0916
epoch 93/200 loss 0.2007 train 0.9844 test 0.0887
epoch 94/200 loss 0.1777 train 0.9896 test 0.0948
epoch 95/200 loss 0.2028 train 0.9766 test 0.0966
epoch 96/200 loss 0.1470 train 0.9948 test 0.0958
epoch 97/200 loss 0.1683 train 0.9870 test 0.0961
epoch 98/200 loss 0.1429 train 0.9870 test 0.0945
epoch 99/200 loss 0.1130 train 0.9974 test 0.0942
epoch 100/200 loss 0.1070 train 1.0000 test 0.0968
epoch 101/200 loss 0.1215 train 0.9974 test 0.0971
epoch 102/200 loss 0.1018 train 1.0000 test 0.0964
epoch 103/200 loss 0.1162 train 0.9818 test 0.0973
epoch 104/200 loss 0.0931 train 0.9974 test 0.0941
epoch 105/200 loss 0.1053 train 0.9974 test 0.0933
epoch 106/200 loss 0.0838 train 0.9974 test 0.0934
epoch 107/200 loss 0.1030 train 0.9948 test 0.0953
epoch 108/200 loss 0.0850 train 1.0000 test 0.0964
epoch 109/200 loss 0.0813 train 1.0000 test 0.0956
epoch 110/200 loss 0.0714 train 1.0000 test 0.0929
epoch 111/200 loss 0.0804 train 0.9974 test 0.0955
epoch 112/200 loss 0.0653 train 1.0000 test 0.0969
epoch 113/200 loss 0.0694 train 1.0000 test 0.0968
epoch 114/200 loss 0.0685 train 0.9974 test 0.0978
epoch 115/200 loss 0.0711 train 0.9948 test 0.0977
epoch 116/200 loss 0.0554 train 1.0000 test 0.0972
epoch 117/200 loss 0.0779 train 0.9922 test 0.0983
epoch 118/200 loss 0.0639 train 0.9974 test 0.1008
epoch 119/200 loss 0.0704 train 0.9948 test 0.1002
epoch 120/200 loss 0.0562 train 1.0000 test 0.0982
epoch 121/200 loss 0.0576 train 0.9974 test 0.0971
epoch 122/200 loss 0.0533 train 0.9974 test 0.0966
epoch 123/200 loss 0.0485 train 1.0000 test 0.0958
epoch 124/200 loss 0.0462 train 1.0000 test 0.0976
epoch 125/200 loss 0.0446 train 1.0000 test 0.0988
epoch 126/200 loss 0.0410 train 1.0000 test 0.0993
epoch 127/200 loss 0.0407 train 1.0000 test 0.1000
epoch 128/200 loss 0.0448 train 1.0000 test 0.0995
epoch 129/200 loss 0.0370 train 1.0000 test 0.0981
epoch 130/200 loss 0.0379 train 1.0000 test 0.0996
epoch 131/200 loss 0.0394 train 1.0000 test 0.0974
epoch 132/200 loss 0.0351 train 1.0000 test 0.0991
epoch 133/200 loss 0.0333 train 1.0000 test 0.0996
epoch 134/200 loss 0.0339 train 1.0000 test 0.0998
epoch 135/200 loss 0.0300 train 1.0000 test 0.0989
epoch 136/200 loss 0.0376 train 1.0000 test 0.0976
epoch 137/200 loss 0.0310 train 1.0000 test 0.0970
epoch 138/200 loss 0.0271 train 1.0000 test 0.0973
epoch 139/200 loss 0.0299 train 1.0000 test 0.0984
epoch 140/200 loss 0.0308 train 1.0000 test 0.0994
epoch 141/200 loss 0.0300 train 1.0000 test 0.0992
epoch 142/200 loss 0.0301 train 1.0000 test 0.0998
epoch 143/200 loss 0.0319 train 1.0000 test 0.0994
epoch 144/200 loss 0.0289 train 1.0000 test 0.0997
epoch 145/200 loss 0.0278 train 1.0000 test 0.0993
epoch 146/200 loss 0.0316 train 1.0000 test 0.0985
epoch 147/200 loss 0.0290 train 1.0000 test 0.0984
epoch 148/200 loss 0.0275 train 1.0000 test 0.0989
epoch 149/200 loss 0.0273 train 1.0000 test 0.1000
epoch 150/200 loss 0.0316 train 1.0000 test 0.0993
epoch 151/200 loss 0.0285 train 1.0000 test 0.0989
epoch 152/200 loss 0.0278 train 1.0000 test 0.0989
epoch 153/200 loss 0.0271 train 1.0000 test 0.0982
epoch 154/200 loss 0.0285 train 1.0000 test 0.0995
epoch 155/200 loss 0.0273 train 1.0000 test 0.0988
epoch 156/200 loss 0.0297 train 1.0000 test 0.0991
epoch 157/200 loss 0.0241 train 1.0000 test 0.0997
epoch 158/200 loss 0.0249 train 1.0000 test 0.0993
epoch 159/200 loss 0.0294 train 1.0000 test 0.0991
epoch 160/200 loss 0.0234 train 1.0000 test 0.0991
epoch 161/200 loss 0.0227 train 1.0000 test 0.0984
epoch 162/200 loss 0.0238 train 1.0000 test 0.0984
epoch 163/200 loss 0.0259 train 1.0000 test 0.0981
epoch 164/200 loss 0.0259 train 1.0000 test 0.0983
epoch 165/200 loss 0.0299 train 1.0000 test 0.0987
epoch 166/200 loss 0.0267 train 1.0000 test 0.0985
epoch 167/200 loss 0.0250 train 1.0000 test 0.0988
epoch 168/200 loss 0.0345 train 1.0000 test 0.0992
epoch 169/200 loss 0.0244 train 1.0000 test 0.0993
epoch 170/200 loss 0.0250 train 1.0000 test 0.0988
epoch 171/200 loss 0.0300 train 1.0000 test 0.0990
epoch 172/200 loss 0.0239 train 1.0000 test 0.0991
epoch 173/200 loss 0.0291 train 1.0000 test 0.0988
epoch 174/200 loss 0.0291 train 1.0000 test 0.0992
epoch 175/200 loss 0.0189 train 1.0000 test 0.0985
epoch 176/200 loss 0.0231 train 1.0000 test 0.0995
epoch 177/200 loss 0.0249 train 1.0000 test 0.0990
epoch 178/200 loss 0.0236 train 1.0000 test 0.0991
epoch 179/200 loss 0.0244 train 1.0000 test 0.0989
epoch 180/200 loss 0.0240 train 1.0000 test 0.0996
epoch 181/200 loss 0.0291 train 1.0000 test 0.0991
epoch 182/200 loss 0.0248 train 1.0000 test 0.0991
epoch 183/200 loss 0.0231 train 1.0000 test 0.0986
epoch 184/200 loss 0.0223 train 1.0000 test 0.0988
epoch 185/200 loss 0.0218 train 1.0000 test 0.0987
epoch 186/200 loss 0.0273 train 1.0000 test 0.0986
epoch 187/200 loss 0.0200 train 1.0000 test 0.0988
epoch 188/200 loss 0.0242 train 1.0000 test 0.0982
epoch 189/200 loss 0.0240 train 1.0000 test 0.0990
epoch 190/200 loss 0.0233 train 1.0000 test 0.0992
epoch 191/200 loss 0.0284 train 1.0000 test 0.0992
epoch 192/200 loss 0.0266 train 1.0000 test 0.0990
epoch 193/200 loss 0.0228 train 1.0000 test 0.0987
epoch 194/200 loss 0.0239 train 1.0000 test 0.0982
epoch 195/200 loss 0.0190 train 1.0000 test 0.0989
epoch 196/200 loss 0.0237 train 1.0000 test 0.0984
epoch 197/200 loss 0.0232 train 1.0000 test 0.0987
epoch 198/200 loss 0.0236 train 1.0000 test 0.0990
epoch 199/200 loss 0.0227 train 1.0000 test 0.0990
epoch 200/200 loss 0.0230 train 1.0000 test 0.0983
done: final 0.0983 best 0.1008 -> ./runs/zca1_gaboronly/seed1
=== zca1_gaboronly seed 2 ===
stem calibrated (zca) on 1024 images
[zca1_gaboronly seed2] {"params_trainable": 11225316, "params_stem_trainable": 0, "params_stem_fixed_filters": 1089, "flops_total": 566474752, "flops_stem": 4460544, "flops_image_size": 32}
epoch 1/200 loss 4.6490 train 0.0026 test 0.0107
epoch 2/200 loss 4.6039 train 0.0078 test 0.0206
epoch 3/200 loss 4.5466 train 0.0234 test 0.0281
epoch 4/200 loss 4.4617 train 0.0391 test 0.0346
epoch 5/200 loss 4.3597 train 0.0417 test 0.0413
epoch 6/200 loss 4.2047 train 0.0781 test 0.0483
epoch 7/200 loss 4.0874 train 0.0911 test 0.0477
epoch 8/200 loss 3.9538 train 0.0859 test 0.0472
epoch 9/200 loss 3.8726 train 0.1120 test 0.0478
epoch 10/200 loss 3.6964 train 0.1589 test 0.0524
epoch 11/200 loss 3.6997 train 0.1302 test 0.0524
epoch 12/200 loss 3.6173 train 0.1589 test 0.0591
epoch 13/200 loss 3.5431 train 0.1641 test 0.0564
epoch 14/200 loss 3.4538 train 0.1615 test 0.0592
epoch 15/200 loss 3.3165 train 0.1953 test 0.0564
epoch 16/200 loss 3.3096 train 0.1771 test 0.0605
epoch 17/200 loss 3.2900 train 0.1823 test 0.0670
epoch 18/200 loss 3.1776 train 0.2266 test 0.0644
epoch 19/200 loss 3.1551 train 0.2422 test 0.0644
epoch 20/200 loss 3.1603 train 0.2135 test 0.0671
epoch 21/200 loss 3.0612 train 0.2344 test 0.0674
epoch 22/200 loss 2.9705 train 0.2552 test 0.0643
epoch 23/200 loss 2.9639 train 0.2448 test 0.0653
epoch 24/200 loss 2.8866 train 0.2708 test 0.0718
epoch 25/200 loss 2.8538 train 0.2630 test 0.0729
epoch 26/200 loss 2.7668 train 0.2682 test 0.0708
epoch 27/200 loss 2.7301 train 0.2682 test 0.0710
epoch 28/200 loss 2.7172 train 0.2812 test 0.0663
epoch 29/200 loss 2.6367 train 0.3203 test 0.0632
epoch 30/200 loss 2.6029 train 0.3151 test 0.0708
epoch 31/200 loss 2.6181 train 0.2969 test 0.0747
epoch 32/200 loss 2.5032 train 0.3490 test 0.0766
epoch 33/200 loss 2.4208 train 0.3854 test 0.0752
epoch 34/200 loss 2.4015 train 0.3620 test 0.0753
epoch 35/200 loss 2.3053 train 0.3802 test 0.0779
epoch 36/200 loss 2.2673 train 0.4141 test 0.0798
epoch 37/200 loss 2.2249 train 0.4089 test 0.0803
epoch 38/200 loss 2.1728 train 0.4167 test 0.0749
epoch 39/200 loss 2.0810 train 0.4609 test 0.0743
epoch 40/200 loss 2.1241 train 0.4271 test 0.0830
epoch 41/200 loss 2.0671 train 0.4557 test 0.0821
epoch 42/200 loss 1.9980 train 0.4766 test 0.0812
epoch 43/200 loss 1.9989 train 0.4401 test 0.0787
epoch 44/200 loss 1.9098 train 0.4974 test 0.0794
epoch 45/200 loss 1.8435 train 0.4974 test 0.0806
epoch 46/200 loss 1.8187 train 0.5208 test 0.0803
epoch 47/200 loss 1.7495 train 0.5391 test 0.0765
epoch 48/200 loss 1.6753 train 0.5807 test 0.0767
epoch 49/200 loss 1.6169 train 0.5990 test 0.0772
epoch 50/200 loss 1.4771 train 0.6120 test 0.0825
epoch 51/200 loss 1.5343 train 0.5990 test 0.0790
epoch 52/200 loss 1.4943 train 0.6146 test 0.0807
epoch 53/200 loss 1.4247 train 0.6250 test 0.0793
epoch 54/200 loss 1.4486 train 0.6198 test 0.0846
epoch 55/200 loss 1.3388 train 0.6510 test 0.0853
epoch 56/200 loss 1.2681 train 0.6875 test 0.0836
epoch 57/200 loss 1.2007 train 0.7135 test 0.0747
epoch 58/200 loss 1.2051 train 0.6875 test 0.0775
epoch 59/200 loss 1.2025 train 0.6823 test 0.0850
epoch 60/200 loss 1.1451 train 0.7188 test 0.0881
epoch 61/200 loss 1.1018 train 0.7188 test 0.0860
epoch 62/200 loss 1.0687 train 0.7682 test 0.0835
epoch 63/200 loss 0.9920 train 0.7448 test 0.0774
epoch 64/200 loss 0.9487 train 0.7682 test 0.0865
epoch 65/200 loss 0.9217 train 0.8203 test 0.0836
epoch 66/200 loss 0.9512 train 0.7839 test 0.0879
epoch 67/200 loss 0.8653 train 0.7995 test 0.0801
epoch 68/200 loss 0.7283 train 0.8698 test 0.0788
epoch 69/200 loss 0.8243 train 0.8021 test 0.0819
epoch 70/200 loss 0.6727 train 0.8750 test 0.0900
epoch 71/200 loss 0.6261 train 0.8516 test 0.0917
epoch 72/200 loss 0.6085 train 0.8906 test 0.0871
epoch 73/200 loss 0.5605 train 0.9141 test 0.0895
epoch 74/200 loss 0.5983 train 0.8906 test 0.0886
epoch 75/200 loss 0.5518 train 0.8958 test 0.0871
epoch 76/200 loss 0.5165 train 0.9062 test 0.0854
epoch 77/200 loss 0.4526 train 0.9375 test 0.0850
epoch 78/200 loss 0.4454 train 0.9297 test 0.0909
epoch 79/200 loss 0.3808 train 0.9479 test 0.0869
epoch 80/200 loss 0.3882 train 0.9323 test 0.0904
epoch 81/200 loss 0.3429 train 0.9375 test 0.0912
epoch 82/200 loss 0.3262 train 0.9635 test 0.0900
epoch 83/200 loss 0.3235 train 0.9635 test 0.0873
epoch 84/200 loss 0.3226 train 0.9583 test 0.0877
epoch 85/200 loss 0.2824 train 0.9635 test 0.0868
epoch 86/200 loss 0.2821 train 0.9688 test 0.0861
epoch 87/200 loss 0.2586 train 0.9714 test 0.0874
epoch 88/200 loss 0.2518 train 0.9635 test 0.0916
epoch 89/200 loss 0.2094 train 0.9870 test 0.0927
epoch 90/200 loss 0.1908 train 0.9896 test 0.0925
epoch 91/200 loss 0.1920 train 0.9818 test 0.0903
epoch 92/200 loss 0.1589 train 0.9844 test 0.0925
epoch 93/200 loss 0.1880 train 0.9740 test 0.0930
epoch 94/200 loss 0.1475 train 0.9870 test 0.0881
epoch 95/200 loss 0.1411 train 0.9870 test 0.0865
epoch 96/200 loss 0.1181 train 0.9974 test 0.0852
epoch 97/200 loss 0.1221 train 0.9974 test 0.0894
epoch 98/200 loss 0.1056 train 0.9922 test 0.0893
epoch 99/200 loss 0.1034 train 0.9948 test 0.0925
epoch 100/200 loss 0.0897 train 0.9922 test 0.0951
epoch 101/200 loss 0.0908 train 0.9974 test 0.0970
epoch 102/200 loss 0.0904 train 0.9974 test 0.0960
epoch 103/200 loss 0.0786 train 1.0000 test 0.0956
epoch 104/200 loss 0.0766 train 0.9948 test 0.0955
epoch 105/200 loss 0.0785 train 1.0000 test 0.0929
epoch 106/200 loss 0.0821 train 1.0000 test 0.0934
epoch 107/200 loss 0.0794 train 0.9948 test 0.0946
epoch 108/200 loss 0.0748 train 0.9922 test 0.0943
epoch 109/200 loss 0.0657 train 0.9974 test 0.0954
epoch 110/200 loss 0.0634 train 1.0000 test 0.0970
epoch 111/200 loss 0.0560 train 1.0000 test 0.0962
epoch 112/200 loss 0.0640 train 1.0000 test 0.0946
epoch 113/200 loss 0.0530 train 1.0000 test 0.0916
epoch 114/200 loss 0.0610 train 1.0000 test 0.0939
epoch 115/200 loss 0.0547 train 0.9974 test 0.0935
epoch 116/200 loss 0.0444 train 1.0000 test 0.0955
epoch 117/200 loss 0.0452 train 1.0000 test 0.0970
epoch 118/200 loss 0.0480 train 1.0000 test 0.0973
epoch 119/200 loss 0.0408 train 1.0000 test 0.0967
epoch 120/200 loss 0.0397 train 1.0000 test 0.0960
epoch 121/200 loss 0.0429 train 1.0000 test 0.0959
epoch 122/200 loss 0.0420 train 1.0000 test 0.0946
epoch 123/200 loss 0.0330 train 1.0000 test 0.0954
epoch 124/200 loss 0.0383 train 1.0000 test 0.0956
epoch 125/200 loss 0.0376 train 1.0000 test 0.0965
epoch 126/200 loss 0.0384 train 1.0000 test 0.0959
epoch 127/200 loss 0.0300 train 1.0000 test 0.0957
epoch 128/200 loss 0.0349 train 1.0000 test 0.0971
epoch 129/200 loss 0.0265 train 1.0000 test 0.0974
epoch 130/200 loss 0.0365 train 0.9974 test 0.0969
epoch 131/200 loss 0.0318 train 1.0000 test 0.0945
epoch 132/200 loss 0.0295 train 1.0000 test 0.0944
epoch 133/200 loss 0.0377 train 1.0000 test 0.0945
epoch 134/200 loss 0.0306 train 1.0000 test 0.0957
epoch 135/200 loss 0.0308 train 1.0000 test 0.0957
epoch 136/200 loss 0.0268 train 1.0000 test 0.0961
epoch 137/200 loss 0.0257 train 1.0000 test 0.0970
epoch 138/200 loss 0.0315 train 1.0000 test 0.0966
epoch 139/200 loss 0.0267 train 1.0000 test 0.0958
epoch 140/200 loss 0.0266 train 1.0000 test 0.0965
epoch 141/200 loss 0.0328 train 1.0000 test 0.0964
epoch 142/200 loss 0.0260 train 1.0000 test 0.0956
epoch 143/200 loss 0.0266 train 1.0000 test 0.0950
epoch 144/200 loss 0.0284 train 1.0000 test 0.0960
epoch 145/200 loss 0.0287 train 1.0000 test 0.0962
epoch 146/200 loss 0.0279 train 1.0000 test 0.0966
epoch 147/200 loss 0.0233 train 1.0000 test 0.0959
epoch 148/200 loss 0.0265 train 1.0000 test 0.0970
epoch 149/200 loss 0.0255 train 1.0000 test 0.0969
epoch 150/200 loss 0.0260 train 1.0000 test 0.0963
epoch 151/200 loss 0.0236 train 1.0000 test 0.0961
epoch 152/200 loss 0.0233 train 1.0000 test 0.0967
epoch 153/200 loss 0.0275 train 1.0000 test 0.0964
epoch 154/200 loss 0.0255 train 1.0000 test 0.0960
epoch 155/200 loss 0.0250 train 1.0000 test 0.0959
epoch 156/200 loss 0.0236 train 1.0000 test 0.0966
epoch 157/200 loss 0.0272 train 1.0000 test 0.0970
epoch 158/200 loss 0.0235 train 1.0000 test 0.0975
epoch 159/200 loss 0.0234 train 1.0000 test 0.0973
epoch 160/200 loss 0.0249 train 1.0000 test 0.0963
epoch 161/200 loss 0.0253 train 1.0000 test 0.0975
epoch 162/200 loss 0.0262 train 1.0000 test 0.0976
epoch 163/200 loss 0.0234 train 1.0000 test 0.0977
epoch 164/200 loss 0.0264 train 1.0000 test 0.0976
epoch 165/200 loss 0.0254 train 1.0000 test 0.0974
epoch 166/200 loss 0.0209 train 1.0000 test 0.0977
epoch 167/200 loss 0.0311 train 1.0000 test 0.0975
epoch 168/200 loss 0.0212 train 1.0000 test 0.0973
epoch 169/200 loss 0.0237 train 1.0000 test 0.0967
epoch 170/200 loss 0.0208 train 1.0000 test 0.0970
epoch 171/200 loss 0.0253 train 1.0000 test 0.0974
epoch 172/200 loss 0.0255 train 1.0000 test 0.0973
epoch 173/200 loss 0.0206 train 1.0000 test 0.0975
epoch 174/200 loss 0.0268 train 1.0000 test 0.0972
epoch 175/200 loss 0.0193 train 1.0000 test 0.0969
epoch 176/200 loss 0.0254 train 1.0000 test 0.0975
epoch 177/200 loss 0.0220 train 1.0000 test 0.0976
epoch 178/200 loss 0.0232 train 1.0000 test 0.0973
epoch 179/200 loss 0.0230 train 1.0000 test 0.0973
epoch 180/200 loss 0.0230 train 1.0000 test 0.0971
epoch 181/200 loss 0.0222 train 1.0000 test 0.0970
epoch 182/200 loss 0.0213 train 1.0000 test 0.0976
epoch 183/200 loss 0.0249 train 1.0000 test 0.0973
epoch 184/200 loss 0.0220 train 1.0000 test 0.0974
epoch 185/200 loss 0.0226 train 1.0000 test 0.0976
epoch 186/200 loss 0.0219 train 1.0000 test 0.0974
epoch 187/200 loss 0.0193 train 1.0000 test 0.0980
epoch 188/200 loss 0.0230 train 1.0000 test 0.0988
epoch 189/200 loss 0.0190 train 1.0000 test 0.0982
epoch 190/200 loss 0.0229 train 1.0000 test 0.0976
epoch 191/200 loss 0.0252 train 1.0000 test 0.0965
epoch 192/200 loss 0.0195 train 1.0000 test 0.0974
epoch 193/200 loss 0.0229 train 1.0000 test 0.0985
epoch 194/200 loss 0.0199 train 1.0000 test 0.0989
epoch 195/200 loss 0.0230 train 1.0000 test 0.0984
epoch 196/200 loss 0.0213 train 1.0000 test 0.0978
epoch 197/200 loss 0.0221 train 1.0000 test 0.0975
epoch 198/200 loss 0.0196 train 1.0000 test 0.0976
epoch 199/200 loss 0.0214 train 1.0000 test 0.0983
epoch 200/200 loss 0.0194 train 1.0000 test 0.0977
done: final 0.0977 best 0.0989 -> ./runs/zca1_gaboronly/seed2
=== zca100_gaboronly seed 0 ===
stem calibrated (zca) on 1024 images
[zca100_gaboronly seed0] {"params_trainable": 11225316, "params_stem_trainable": 0, "params_stem_fixed_filters": 1089, "flops_total": 566474752, "flops_stem": 4460544, "flops_image_size": 32}
epoch 1/200 loss 3.7899 train 0.1176 test 0.1649
epoch 2/200 loss 3.1212 train 0.2212 test 0.2532
epoch 3/200 loss 2.7410 train 0.2934 test 0.3106
epoch 4/200 loss 2.4535 train 0.3538 test 0.3522
epoch 5/200 loss 2.2345 train 0.4031 test 0.4032
epoch 6/200 loss 2.0570 train 0.4419 test 0.4393
epoch 7/200 loss 1.8917 train 0.4821 test 0.4392
epoch 8/200 loss 1.7570 train 0.5122 test 0.4666
epoch 9/200 loss 1.6446 train 0.5410 test 0.4888
epoch 10/200 loss 1.5618 train 0.5601 test 0.5205
epoch 11/200 loss 1.4927 train 0.5756 test 0.5196
epoch 12/200 loss 1.4392 train 0.5889 test 0.5403
epoch 13/200 loss 1.3941 train 0.6009 test 0.5256
epoch 14/200 loss 1.3536 train 0.6132 test 0.5178
epoch 15/200 loss 1.3190 train 0.6202 test 0.5327
epoch 16/200 loss 1.2920 train 0.6291 test 0.5166
epoch 17/200 loss 1.2675 train 0.6323 test 0.5738
epoch 18/200 loss 1.2397 train 0.6391 test 0.5428
epoch 19/200 loss 1.2103 train 0.6487 test 0.5688
epoch 20/200 loss 1.2065 train 0.6520 test 0.5202
epoch 21/200 loss 1.1756 train 0.6595 test 0.5604
epoch 22/200 loss 1.1661 train 0.6608 test 0.5555
epoch 23/200 loss 1.1515 train 0.6641 test 0.5545
epoch 24/200 loss 1.1350 train 0.6688 test 0.5853
epoch 25/200 loss 1.1212 train 0.6749 test 0.5709
epoch 26/200 loss 1.1142 train 0.6755 test 0.5815
epoch 27/200 loss 1.1087 train 0.6770 test 0.5733
epoch 28/200 loss 1.0981 train 0.6775 test 0.5508
epoch 29/200 loss 1.0816 train 0.6830 test 0.5332
epoch 30/200 loss 1.0765 train 0.6865 test 0.5662
epoch 31/200 loss 1.0642 train 0.6879 test 0.5723
epoch 32/200 loss 1.0514 train 0.6937 test 0.6034
epoch 33/200 loss 1.0577 train 0.6906 test 0.6056
epoch 34/200 loss 1.0371 train 0.6919 test 0.5880
epoch 35/200 loss 1.0389 train 0.6937 test 0.5506
epoch 36/200 loss 1.0172 train 0.7023 test 0.5730
epoch 37/200 loss 1.0152 train 0.7014 test 0.5999
epoch 38/200 loss 1.0094 train 0.7031 test 0.5849
epoch 39/200 loss 1.0102 train 0.7026 test 0.5865
epoch 40/200 loss 1.0040 train 0.7045 test 0.5676
epoch 41/200 loss 0.9950 train 0.7070 test 0.5914
epoch 42/200 loss 0.9772 train 0.7116 test 0.5919
epoch 43/200 loss 0.9798 train 0.7114 test 0.5735
epoch 44/200 loss 0.9802 train 0.7098 test 0.5490
epoch 45/200 loss 0.9593 train 0.7186 test 0.5869
epoch 46/200 loss 0.9604 train 0.7172 test 0.5588
epoch 47/200 loss 0.9574 train 0.7159 test 0.5682
epoch 48/200 loss 0.9440 train 0.7190 test 0.5608
epoch 49/200 loss 0.9404 train 0.7222 test 0.5941
epoch 50/200 loss 0.9361 train 0.7219 test 0.5801
epoch 51/200 loss 0.9237 train 0.7262 test 0.5488
epoch 52/200 loss 0.9176 train 0.7259 test 0.5792
epoch 53/200 loss 0.9047 train 0.7317 test 0.6126
epoch 54/200 loss 0.9039 train 0.7310 test 0.5928
epoch 55/200 loss 0.9034 train 0.7313 test 0.5891
epoch 56/200 loss 0.9000 train 0.7336 test 0.5750
epoch 57/200 loss 0.8906 train 0.7344 test 0.6124
epoch 58/200 loss 0.8781 train 0.7385 test 0.6195
epoch 59/200 loss 0.8735 train 0.7388 test 0.6024
epoch 60/200 loss 0.8653 train 0.7415 test 0.5974
epoch 61/200 loss 0.8575 train 0.7422 test 0.5741
epoch 62/200 loss 0.8597 train 0.7430 test 0.6147
epoch 63/200 loss 0.8411 train 0.7470 test 0.6070
epoch 64/200 loss 0.8433 train 0.7458 test 0.6284
epoch 65/200 loss 0.8281 train 0.7505 test 0.6100
epoch 66/200 loss 0.8211 train 0.7533 test 0.6075
epoch 67/200 loss 0.8125 train 0.7561 test 0.6134
epoch 68/200 loss 0.8027 train 0.7580 test 0.6070
epoch 69/200 loss 0.7984 train 0.7602 test 0.6028
epoch 70/200 loss 0.7971 train 0.7611 test 0.6279
epoch 71/200 loss 0.7927 train 0.7602 test 0.5883
epoch 72/200 loss 0.7809 train 0.7625 test 0.5804
epoch 73/200 loss 0.7634 train 0.7678 test 0.6106
epoch 74/200 loss 0.7591 train 0.7706 test 0.6348
epoch 75/200 loss 0.7467 train 0.7765 test 0.5927
epoch 76/200 loss 0.7489 train 0.7750 test 0.6239
epoch 77/200 loss 0.7334 train 0.7780 test 0.6161
epoch 78/200 loss 0.7226 train 0.7784 test 0.5965
epoch 79/200 loss 0.7117 train 0.7833 test 0.6207
epoch 80/200 loss 0.7175 train 0.7827 test 0.6379
epoch 81/200 loss 0.7136 train 0.7831 test 0.6286
epoch 82/200 loss 0.6983 train 0.7862 test 0.6368
epoch 83/200 loss 0.6831 train 0.7931 test 0.6145
epoch 84/200 loss 0.6773 train 0.7944 test 0.6520
epoch 85/200 loss 0.6692 train 0.7950 test 0.6230
epoch 86/200 loss 0.6606 train 0.7988 test 0.6339
epoch 87/200 loss 0.6492 train 0.7998 test 0.6436
epoch 88/200 loss 0.6515 train 0.8008 test 0.6480
epoch 89/200 loss 0.6396 train 0.8047 test 0.6233
epoch 90/200 loss 0.6263 train 0.8085 test 0.6357
epoch 91/200 loss 0.6273 train 0.8088 test 0.6366
epoch 92/200 loss 0.6077 train 0.8145 test 0.6532
epoch 93/200 loss 0.5883 train 0.8198 test 0.6109
epoch 94/200 loss 0.5854 train 0.8208 test 0.6311
epoch 95/200 loss 0.5908 train 0.8181 test 0.6401
epoch 96/200 loss 0.5781 train 0.8222 test 0.6478
epoch 97/200 loss 0.5636 train 0.8273 test 0.6432
epoch 98/200 loss 0.5532 train 0.8299 test 0.6653
epoch 99/200 loss 0.5307 train 0.8381 test 0.6541
epoch 100/200 loss 0.5333 train 0.8348 test 0.6505
epoch 101/200 loss 0.5245 train 0.8379 test 0.6446
epoch 102/200 loss 0.5058 train 0.8423 test 0.6454
epoch 103/200 loss 0.5022 train 0.8447 test 0.6235
epoch 104/200 loss 0.4943 train 0.8470 test 0.6520
epoch 105/200 loss 0.4816 train 0.8505 test 0.6541
epoch 106/200 loss 0.4715 train 0.8540 test 0.6388
epoch 107/200 loss 0.4583 train 0.8576 test 0.6451
epoch 108/200 loss 0.4507 train 0.8621 test 0.6429
epoch 109/200 loss 0.4350 train 0.8648 test 0.6499
epoch 110/200 loss 0.4392 train 0.8627 test 0.6593
epoch 111/200 loss 0.4157 train 0.8698 test 0.6501
epoch 112/200 loss 0.4108 train 0.8718 test 0.6380
epoch 113/200 loss 0.4201 train 0.8700 test 0.6651
epoch 114/200 loss 0.3811 train 0.8829 test 0.6378
epoch 115/200 loss 0.3855 train 0.8804 test 0.6446
epoch 116/200 loss 0.3629 train 0.8875 test 0.6802
epoch 117/200 loss 0.3603 train 0.8877 test 0.6553
epoch 118/200 loss 0.3642 train 0.8877 test 0.6491
epoch 119/200 loss 0.3321 train 0.8980 test 0.6771
epoch 120/200 loss 0.3269 train 0.8992 test 0.6482
epoch 121/200 loss 0.3106 train 0.9046 test 0.6802
epoch 122/200 loss 0.2992 train 0.9081 test 0.6814
epoch 123/200 loss 0.2952 train 0.9076 test 0.6787
epoch 124/200 loss 0.2948 train 0.9100 test 0.6621
epoch 125/200 loss 0.2916 train 0.9110 test 0.6885
epoch 126/200 loss 0.2798 train 0.9136 test 0.6684
epoch 127/200 loss 0.2622 train 0.9194 test 0.6709
epoch 128/200 loss 0.2513 train 0.9238 test 0.6795
epoch 129/200 loss 0.2313 train 0.9289 test 0.6869
epoch 130/200 loss 0.2266 train 0.9304 test 0.6778
epoch 131/200 loss 0.2097 train 0.9373 test 0.6857
epoch 132/200 loss 0.2075 train 0.9381 test 0.6927
epoch 133/200 loss 0.1901 train 0.9429 test 0.6928
epoch 134/200 loss 0.1879 train 0.9445 test 0.6918
epoch 135/200 loss 0.1830 train 0.9457 test 0.6940
epoch 136/200 loss 0.1827 train 0.9459 test 0.7005
epoch 137/200 loss 0.1675 train 0.9512 test 0.6989
epoch 138/200 loss 0.1571 train 0.9548 test 0.7107
epoch 139/200 loss 0.1445 train 0.9600 test 0.7002
epoch 140/200 loss 0.1407 train 0.9592 test 0.6964
epoch 141/200 loss 0.1222 train 0.9662 test 0.7097
epoch 142/200 loss 0.1192 train 0.9673 test 0.7086
epoch 143/200 loss 0.1044 train 0.9730 test 0.7063
epoch 144/200 loss 0.1088 train 0.9709 test 0.7006
epoch 145/200 loss 0.0927 train 0.9761 test 0.7221
epoch 146/200 loss 0.0833 train 0.9788 test 0.7211
epoch 147/200 loss 0.0765 train 0.9814 test 0.7226
epoch 148/200 loss 0.0660 train 0.9853 test 0.7360
epoch 149/200 loss 0.0645 train 0.9850 test 0.7294
epoch 150/200 loss 0.0556 train 0.9884 test 0.7470
epoch 151/200 loss 0.0473 train 0.9908 test 0.7433
epoch 152/200 loss 0.0394 train 0.9928 test 0.7550
epoch 153/200 loss 0.0433 train 0.9914 test 0.7516
epoch 154/200 loss 0.0337 train 0.9944 test 0.7516
epoch 155/200 loss 0.0276 train 0.9956 test 0.7598
epoch 156/200 loss 0.0229 train 0.9971 test 0.7630
epoch 157/200 loss 0.0181 train 0.9981 test 0.7663
epoch 158/200 loss 0.0162 train 0.9984 test 0.7706
epoch 159/200 loss 0.0152 train 0.9986 test 0.7704
epoch 160/200 loss 0.0130 train 0.9989 test 0.7763
epoch 161/200 loss 0.0128 train 0.9991 test 0.7767
epoch 162/200 loss 0.0116 train 0.9994 test 0.7799
epoch 163/200 loss 0.0105 train 0.9995 test 0.7802
epoch 164/200 loss 0.0108 train 0.9995 test 0.7819
epoch 165/200 loss 0.0103 train 0.9994 test 0.7836
epoch 166/200 loss 0.0101 train 0.9995 test 0.7855
epoch 167/200 loss 0.0098 train 0.9996 test 0.7873
epoch 168/200 loss 0.0098 train 0.9995 test 0.7847
epoch 169/200 loss 0.0097 train 0.9997 test 0.7863
epoch 170/200 loss 0.0097 train 0.9995 test 0.7835
epoch 171/200 loss 0.0096 train 0.9997 test 0.7891
epoch 172/200 loss 0.0098 train 0.9995 test 0.7856
epoch 173/200 loss 0.0096 train 0.9997 test 0.7875
epoch 174/200 loss 0.0094 train 0.9997 test 0.7891
epoch 175/200 loss 0.0093 train 0.9997 test 0.7888
epoch 176/200 loss 0.0091 train 0.9997 test 0.7905
epoch 177/200 loss 0.0092 train 0.9997 test 0.7893
epoch 178/200 loss 0.0093 train 0.9997 test 0.7903
epoch 179/200 loss 0.0092 train 0.9997 test 0.7900
epoch 180/200 loss 0.0092 train 0.9997 test 0.7889
epoch 181/200 loss 0.0092 train 0.9997 test 0.7892
epoch 182/200 loss 0.0090 train 0.9997 test 0.7895
epoch 183/200 loss 0.0090 train 0.9997 test 0.7910
epoch 184/200 loss 0.0088 train 0.9998 test 0.7914
epoch 185/200 loss 0.0089 train 0.9996 test 0.7905
epoch 186/200 loss 0.0088 train 0.9997 test 0.7921
epoch 187/200 loss 0.0089 train 0.9997 test 0.7906
epoch 188/200 loss 0.0088 train 0.9997 test 0.7904
epoch 189/200 loss 0.0090 train 0.9998 test 0.7912
epoch 190/200 loss 0.0086 train 0.9997 test 0.7921
epoch 191/200 loss 0.0087 train 0.9998 test 0.7921
epoch 192/200 loss 0.0085 train 0.9997 test 0.7911
epoch 193/200 loss 0.0086 train 0.9999 test 0.7925
epoch 194/200 loss 0.0088 train 0.9997 test 0.7904
epoch 195/200 loss 0.0086 train 0.9998 test 0.7903
epoch 196/200 loss 0.0086 train 0.9998 test 0.7914
epoch 197/200 loss 0.0087 train 0.9997 test 0.7915
epoch 198/200 loss 0.0085 train 0.9998 test 0.7913
epoch 199/200 loss 0.0086 train 0.9997 test 0.7918
epoch 200/200 loss 0.0086 train 0.9998 test 0.7917
done: final 0.7917 best 0.7925 -> ./runs/zca100_gaboronly/seed0
=== zca100_gaboronly seed 1 ===
stem calibrated (zca) on 1024 images
[zca100_gaboronly seed1] {"params_trainable": 11225316, "params_stem_trainable": 0, "params_stem_fixed_filters": 1089, "flops_total": 566474752, "flops_stem": 4460544, "flops_image_size": 32}
epoch 1/200 loss 3.7969 train 0.1174 test 0.1956
epoch 2/200 loss 3.1215 train 0.2218 test 0.2370
epoch 3/200 loss 2.7468 train 0.2919 test 0.3122
epoch 4/200 loss 2.4493 train 0.3540 test 0.3572
epoch 5/200 loss 2.2065 train 0.4048 test 0.3830
epoch 6/200 loss 1.9949 train 0.4539 test 0.4111
epoch 7/200 loss 1.8434 train 0.4908 test 0.4542
epoch 8/200 loss 1.7140 train 0.5210 test 0.4727
epoch 9/200 loss 1.6141 train 0.5447 test 0.4976
epoch 10/200 loss 1.5367 train 0.5640 test 0.5444
epoch 11/200 loss 1.4767 train 0.5811 test 0.5222
epoch 12/200 loss 1.4279 train 0.5913 test 0.5183
epoch 13/200 loss 1.3752 train 0.6059 test 0.5605
epoch 14/200 loss 1.3358 train 0.6174 test 0.5162
epoch 15/200 loss 1.3163 train 0.6212 test 0.5494
epoch 16/200 loss 1.2698 train 0.6365 test 0.5415
epoch 17/200 loss 1.2575 train 0.6389 test 0.5516
epoch 18/200 loss 1.2348 train 0.6439 test 0.5504
epoch 19/200 loss 1.2130 train 0.6486 test 0.5658
epoch 20/200 loss 1.1936 train 0.6537 test 0.5290
epoch 21/200 loss 1.1835 train 0.6554 test 0.5635
epoch 22/200 loss 1.1566 train 0.6644 test 0.5469
epoch 23/200 loss 1.1482 train 0.6661 test 0.5295
epoch 24/200 loss 1.1431 train 0.6643 test 0.5379
epoch 25/200 loss 1.1257 train 0.6727 test 0.5586
epoch 26/200 loss 1.1174 train 0.6738 test 0.5650
epoch 27/200 loss 1.1120 train 0.6739 test 0.5135
epoch 28/200 loss 1.0930 train 0.6803 test 0.5453
epoch 29/200 loss 1.0930 train 0.6798 test 0.5879
epoch 30/200 loss 1.0693 train 0.6873 test 0.5586
epoch 31/200 loss 1.0684 train 0.6856 test 0.5994
epoch 32/200 loss 1.0593 train 0.6890 test 0.6025
epoch 33/200 loss 1.0556 train 0.6903 test 0.6042
epoch 34/200 loss 1.0454 train 0.6934 test 0.5749
epoch 35/200 loss 1.0286 train 0.6982 test 0.5873
epoch 36/200 loss 1.0330 train 0.6950 test 0.5960
epoch 37/200 loss 1.0194 train 0.7022 test 0.6075
epoch 38/200 loss 1.0120 train 0.7029 test 0.5645
epoch 39/200 loss 1.0024 train 0.7062 test 0.6186
epoch 40/200 loss 0.9970 train 0.7058 test 0.6141
epoch 41/200 loss 1.0039 train 0.7064 test 0.5692
epoch 42/200 loss 0.9820 train 0.7107 test 0.5898
epoch 43/200 loss 0.9806 train 0.7117 test 0.6005
epoch 44/200 loss 0.9827 train 0.7109 test 0.5917
epoch 45/200 loss 0.9679 train 0.7151 test 0.6059
epoch 46/200 loss 0.9688 train 0.7138 test 0.5985
epoch 47/200 loss 0.9593 train 0.7152 test 0.5930
epoch 48/200 loss 0.9508 train 0.7167 test 0.6006
epoch 49/200 loss 0.9390 train 0.7223 test 0.6133
epoch 50/200 loss 0.9334 train 0.7230 test 0.5991
epoch 51/200 loss 0.9257 train 0.7254 test 0.5966
epoch 52/200 loss 0.9229 train 0.7276 test 0.6005
epoch 53/200 loss 0.9123 train 0.7267 test 0.5951
epoch 54/200 loss 0.9158 train 0.7269 test 0.6213
epoch 55/200 loss 0.9010 train 0.7327 test 0.5923
epoch 56/200 loss 0.8968 train 0.7326 test 0.5814
epoch 57/200 loss 0.8904 train 0.7346 test 0.6163
epoch 58/200 loss 0.8760 train 0.7366 test 0.6088
epoch 59/200 loss 0.8754 train 0.7409 test 0.5828
epoch 60/200 loss 0.8756 train 0.7402 test 0.6048
epoch 61/200 loss 0.8608 train 0.7432 test 0.6030
epoch 62/200 loss 0.8474 train 0.7459 test 0.6149
epoch 63/200 loss 0.8546 train 0.7462 test 0.5668
epoch 64/200 loss 0.8459 train 0.7475 test 0.5967
epoch 65/200 loss 0.8308 train 0.7522 test 0.5884
epoch 66/200 loss 0.8288 train 0.7513 test 0.5955
epoch 67/200 loss 0.8203 train 0.7565 test 0.6010
epoch 68/200 loss 0.8093 train 0.7558 test 0.6064
epoch 69/200 loss 0.7968 train 0.7598 test 0.6027
epoch 70/200 loss 0.8089 train 0.7589 test 0.6159
epoch 71/200 loss 0.7923 train 0.7623 test 0.6069
epoch 72/200 loss 0.7768 train 0.7665 test 0.6175
epoch 73/200 loss 0.7757 train 0.7679 test 0.6046
epoch 74/200 loss 0.7677 train 0.7703 test 0.6261
epoch 75/200 loss 0.7552 train 0.7726 test 0.6297
epoch 76/200 loss 0.7492 train 0.7740 test 0.6201
epoch 77/200 loss 0.7436 train 0.7752 test 0.6352
epoch 78/200 loss 0.7283 train 0.7777 test 0.6483
epoch 79/200 loss 0.7262 train 0.7803 test 0.6331
epoch 80/200 loss 0.7148 train 0.7833 test 0.6287
epoch 81/200 loss 0.7040 train 0.7871 test 0.6164
epoch 82/200 loss 0.6960 train 0.7870 test 0.6152
epoch 83/200 loss 0.6820 train 0.7917 test 0.6349
epoch 84/200 loss 0.6896 train 0.7892 test 0.6195
epoch 85/200 loss 0.6777 train 0.7937 test 0.6126
epoch 86/200 loss 0.6638 train 0.7979 test 0.6393
epoch 87/200 loss 0.6602 train 0.7968 test 0.6179
epoch 88/200 loss 0.6545 train 0.8005 test 0.6227
epoch 89/200 loss 0.6414 train 0.8050 test 0.6542
epoch 90/200 loss 0.6309 train 0.8058 test 0.5994
epoch 91/200 loss 0.6182 train 0.8105 test 0.6600
epoch 92/200 loss 0.6127 train 0.8129 test 0.6494
epoch 93/200 loss 0.5925 train 0.8171 test 0.6271
epoch 94/200 loss 0.5961 train 0.8151 test 0.6385
epoch 95/200 loss 0.5808 train 0.8219 test 0.6358
epoch 96/200 loss 0.5807 train 0.8215 test 0.5961
epoch 97/200 loss 0.5634 train 0.8272 test 0.6440
epoch 98/200 loss 0.5457 train 0.8309 test 0.6429
epoch 99/200 loss 0.5453 train 0.8311 test 0.6248
epoch 100/200 loss 0.5390 train 0.8343 test 0.6052
epoch 101/200 loss 0.5263 train 0.8390 test 0.6323
epoch 102/200 loss 0.5169 train 0.8392 test 0.6482
epoch 103/200 loss 0.4978 train 0.8458 test 0.6523
epoch 104/200 loss 0.4828 train 0.8517 test 0.6521
epoch 105/200 loss 0.4885 train 0.8484 test 0.6391
epoch 106/200 loss 0.4714 train 0.8539 test 0.6015
epoch 107/200 loss 0.4648 train 0.8563 test 0.6562
epoch 108/200 loss 0.4519 train 0.8597 test 0.6233
epoch 109/200 loss 0.4452 train 0.8623 test 0.6637
epoch 110/200 loss 0.4318 train 0.8670 test 0.6337
epoch 111/200 loss 0.4245 train 0.8682 test 0.6669
epoch 112/200 loss 0.4186 train 0.8697 test 0.6561
epoch 113/200 loss 0.4011 train 0.8756 test 0.6607
epoch 114/200 loss 0.3896 train 0.8779 test 0.6666
epoch 115/200 loss 0.3817 train 0.8804 test 0.6564
epoch 116/200 loss 0.3654 train 0.8872 test 0.6602
epoch 117/200 loss 0.3653 train 0.8859 test 0.6389
epoch 118/200 loss 0.3476 train 0.8918 test 0.6837
epoch 119/200 loss 0.3409 train 0.8947 test 0.6533
epoch 120/200 loss 0.3303 train 0.8970 test 0.6629
epoch 121/200 loss 0.3220 train 0.9003 test 0.6787
epoch 122/200 loss 0.3136 train 0.9028 test 0.6548
epoch 123/200 loss 0.3018 train 0.9062 test 0.6706
epoch 124/200 loss 0.2905 train 0.9113 test 0.6793
epoch 125/200 loss 0.2780 train 0.9139 test 0.6552
epoch 126/200 loss 0.2606 train 0.9201 test 0.6786
epoch 127/200 loss 0.2625 train 0.9192 test 0.6768
epoch 128/200 loss 0.2539 train 0.9226 test 0.6750
epoch 129/200 loss 0.2307 train 0.9302 test 0.6777
epoch 130/200 loss 0.2296 train 0.9311 test 0.6911
epoch 131/200 loss 0.2332 train 0.9291 test 0.6721
epoch 132/200 loss 0.2121 train 0.9378 test 0.6968
epoch 133/200 loss 0.1898 train 0.9436 test 0.6941
epoch 134/200 loss 0.1875 train 0.9450 test 0.7019
epoch 135/200 loss 0.1836 train 0.9444 test 0.6915
epoch 136/200 loss 0.1726 train 0.9492 test 0.6894
epoch 137/200 loss 0.1656 train 0.9521 test 0.6954
epoch 138/200 loss 0.1538 train 0.9559 test 0.6986
epoch 139/200 loss 0.1373 train 0.9610 test 0.6953
epoch 140/200 loss 0.1463 train 0.9585 test 0.7031
epoch 141/200 loss 0.1302 train 0.9631 test 0.6998
epoch 142/200 loss 0.1159 train 0.9686 test 0.7114
epoch 143/200 loss 0.1177 train 0.9676 test 0.7189
epoch 144/200 loss 0.1029 train 0.9731 test 0.7139
epoch 145/200 loss 0.0870 train 0.9783 test 0.7269
epoch 146/200 loss 0.0911 train 0.9769 test 0.7150
epoch 147/200 loss 0.0752 train 0.9818 test 0.7313
epoch 148/200 loss 0.0647 train 0.9858 test 0.7256
epoch 149/200 loss 0.0578 train 0.9875 test 0.7353
epoch 150/200 loss 0.0459 train 0.9912 test 0.7311
epoch 151/200 loss 0.0390 train 0.9929 test 0.7425
epoch 152/200 loss 0.0349 train 0.9944 test 0.7487
epoch 153/200 loss 0.0281 train 0.9957 test 0.7566
epoch 154/200 loss 0.0283 train 0.9956 test 0.7419
epoch 155/200 loss 0.0273 train 0.9959 test 0.7567
epoch 156/200 loss 0.0227 train 0.9970 test 0.7619
epoch 157/200 loss 0.0213 train 0.9975 test 0.7628
epoch 158/200 loss 0.0178 train 0.9981 test 0.7617
epoch 159/200 loss 0.0141 train 0.9991 test 0.7686
epoch 160/200 loss 0.0131 train 0.9990 test 0.7698
epoch 161/200 loss 0.0130 train 0.9988 test 0.7720
epoch 162/200 loss 0.0123 train 0.9992 test 0.7692
epoch 163/200 loss 0.0116 train 0.9994 test 0.7738
epoch 164/200 loss 0.0113 train 0.9992 test 0.7716
epoch 165/200 loss 0.0109 train 0.9994 test 0.7749
epoch 166/200 loss 0.0106 train 0.9995 test 0.7730
epoch 167/200 loss 0.0101 train 0.9995 test 0.7764
epoch 168/200 loss 0.0099 train 0.9995 test 0.7737
epoch 169/200 loss 0.0101 train 0.9996 test 0.7759
epoch 170/200 loss 0.0099 train 0.9995 test 0.7763
epoch 171/200 loss 0.0097 train 0.9996 test 0.7764
epoch 172/200 loss 0.0098 train 0.9996 test 0.7790
epoch 173/200 loss 0.0094 train 0.9996 test 0.7766
epoch 174/200 loss 0.0094 train 0.9997 test 0.7766
epoch 175/200 loss 0.0099 train 0.9994 test 0.7777
epoch 176/200 loss 0.0093 train 0.9997 test 0.7777
epoch 177/200 loss 0.0091 train 0.9997 test 0.7771
epoch 178/200 loss 0.0092 train 0.9997 test 0.7778
epoch 179/200 loss 0.0093 train 0.9996 test 0.7779
epoch 180/200 loss 0.0090 train 0.9997 test 0.7791
epoch 181/200 loss 0.0092 train 0.9997 test 0.7787
epoch 182/200 loss 0.0090 train 0.9997 test 0.7787
epoch 183/200 loss 0.0091 train 0.9997 test 0.7784
epoch 184/200 loss 0.0090 train 0.9997 test 0.7792
epoch 185/200 loss 0.0090 train 0.9997 test 0.7803
epoch 186/200 loss 0.0086 train 0.9997 test 0.7802
epoch 187/200 loss 0.0087 train 0.9997 test 0.7797
epoch 188/200 loss 0.0087 train 0.9997 test 0.7811
epoch 189/200 loss 0.0087 train 0.9998 test 0.7797
epoch 190/200 loss 0.0086 train 0.9998 test 0.7790
epoch 191/200 loss 0.0086 train 0.9998 test 0.7800
epoch 192/200 loss 0.0088 train 0.9997 test 0.7799
epoch 193/200 loss 0.0086 train 0.9998 test 0.7808
epoch 194/200 loss 0.0086 train 0.9997 test 0.7804
epoch 195/200 loss 0.0086 train 0.9998 test 0.7794
epoch 196/200 loss 0.0085 train 0.9999 test 0.7801
epoch 197/200 loss 0.0085 train 0.9998 test 0.7817
epoch 198/200 loss 0.0085 train 0.9998 test 0.7810
epoch 199/200 loss 0.0084 train 0.9999 test 0.7804
epoch 200/200 loss 0.0085 train 0.9997 test 0.7811
done: final 0.7811 best 0.7817 -> ./runs/zca100_gaboronly/seed1
ZCA_WAVE_COMPLETE
