cell,dataset,backbone,optimizer,epochs,head,stem,init_from,pretrained,aux_target,aux_tap,aux_lambda0,aux_lambda_final,subset_pct,n_images,n_seeds,acc_mean,acc_std,probe_mean,probe_std,n_probe_seeds,is_headline,bistable,baseline_cell,base_acc,delta,delta_sem,G,G_sem,readout
abl10_gaboronly_calib,cifar100,resnet18,sgd,200,linear,moments-cat,,,,,,,10,5000,3,38.78,0.45,,,,yes,,abl10_none,40.28,-1.50,0.32,,,
abl10_none,cifar100,resnet18,sgd,200,linear,none,,,,,,,10,5000,10,40.28,0.57,47.94,0.49,10,yes,,,,,,,,
abl15_gaboronly_calib,cifar100,resnet18,sgd,200,linear,moments-cat,,,,,,,15,7500,3,47.72,0.78,,,,yes,,abl15_none,50.09,-2.37,0.52,,,
abl15_none,cifar100,resnet18,sgd,200,linear,none,,,,,,,15,7500,3,50.09,0.45,54.63,0.36,3,yes,,,,,,,,
abl1_cat_calib,cifar100,resnet18,sgd,200,linear,moments-cat,,,,,,,1,500,3,10.00,0.15,,,,yes,,abl1_none,8.95,1.04,0.09,,,
abl1_gaboronly_calib,cifar100,resnet18,sgd,200,linear,moments-cat,,,,,,,1,500,3,10.25,0.06,,,,yes,,abl1_none,8.95,1.29,0.05,,,
abl1_learned,cifar100,resnet18,sgd,200,linear,learned,,,,,,,1,500,3,8.00,0.09,,,,yes,,abl1_none,8.95,-0.96,0.06,,,
abl1_none,cifar100,resnet18,sgd,200,linear,none,,,,,,,1,500,10,8.95,0.11,26.62,0.28,10,yes,,,,,,,,
abl25_gaboronly_calib,cifar100,resnet18,sgd,200,linear,moments-cat,,,,,,,25,12500,3,59.75,0.40,,,,yes,,abl25_none,61.35,-1.60,0.35,,,
abl25_none,cifar100,resnet18,sgd,200,linear,none,,,,,,,25,12500,3,61.35,0.46,63.19,0.21,3,yes,,,,,,,,
abl2_gaboronly_calib,cifar100,resnet18,sgd,200,linear,moments-cat,,,,,,,2,1000,3,15.96,0.20,,,,yes,,abl2_none,14.17,1.79,0.14,,,
abl2_none,cifar100,resnet18,sgd,200,linear,none,,,,,,,2,1000,3,14.17,0.15,29.83,0.45,3,yes,,,,,,,,
abl3_gaboronly_calib,cifar100,resnet18,sgd,200,linear,moments-cat,,,,,,,3,1500,3,20.32,0.28,,,,yes,,abl3_none,18.47,1.85,0.16,,,
abl3_none,cifar100,resnet18,sgd,200,linear,none,,,,,,,3,1500,3,18.47,0.06,32.77,0.19,3,yes,,,,,,,,
abl5_cat_calib,cifar100,resnet18,sgd,200,linear,moments-cat,,,,,,,5,2500,3,26.57,0.53,,,,yes,,abl5_none,25.36,1.21,0.35,,,
abl5_gaboronly_calib,cifar100,resnet18,sgd,200,linear,moments-cat,,,,,,,5,2500,3,27.14,0.06,,,,yes,,abl5_none,25.36,1.78,0.18,,,
abl5_learned,cifar100,resnet18,sgd,200,linear,learned,,,,,,,5,2500,3,21.31,0.39,,,,yes,,abl5_none,25.36,-4.06,0.29,,,
abl5_none,cifar100,resnet18,sgd,200,linear,none,,,,,,,5,2500,10,25.36,0.56,37.22,0.48,10,yes,,,,,,,,
abl7_gaboronly_calib,cifar100,resnet18,sgd,200,linear,moments-cat,,,,,,,7,3500,3,32.67,0.33,,,,yes,,abl7_none,32.09,0.58,0.44,,,
abl7_none,cifar100,resnet18,sgd,200,linear,none,,,,,,,7,3500,3,32.09,0.69,42.24,0.54,3,yes,,,,,,,,
abl_cat_calib,cifar100,resnet18,sgd,200,linear,moments-cat,,,,,,,10,5000,1,38.60,0.00,,,,no,,abl10_none,40.28,-1.68,,,,
abl_cat_calib_grid,cifar100,resnet18,sgd,200,linear,moments-cat,,,,,,,10,5000,1,37.73,0.00,,,,no,,abl10_none,40.28,-2.55,,,,
abl_cat_v1,cifar100,resnet18,sgd,200,linear,moments-cat,,,,,,,10,5000,1,33.20,0.00,,,,no,,abl10_none,40.28,-7.08,,,,
abl_learned,cifar100,resnet18,sgd,200,linear,learned,,,,,,,10,5000,1,32.71,0.00,,,,no,,abl10_none,40.28,-7.57,,,,
abl_none,cifar100,resnet18,sgd,200,linear,none,,,,,,,10,5000,1,39.41,0.00,,,,no,,abl10_none,40.28,-0.87,,,,
abl_sum_calib,cifar100,resnet18,sgd,200,linear,moments-sum,,,,,,,10,5000,1,32.85,0.00,,,,no,,abl10_none,40.28,-7.43,,,,
ablf50_gaboronly_calib,cifar100,resnet50,sgd,200,linear,moments-cat,,,,,,,100,50000,1,79.88,0.00,,,,no,,ablf50_none,80.51,-0.63,,,,
ablf50_none,cifar100,resnet50,sgd,200,linear,none,,,,,,,100,50000,1,80.51,0.00,,,,no,,,,,,,,
ablf_cat_calib,cifar100,resnet18,sgd,200,linear,moments-cat,,,,,,,100,50000,2,77.84,0.43,,,,no,,ablf_none,78.52,-0.68,0.32,,,
ablf_catpruned_calib,cifar100,resnet18,sgd,200,linear,moments-cat,,,,,,,100,50000,2,78.25,0.71,,,,no,,ablf_none,78.52,-0.27,0.51,,,
ablf_gaborlearn_calib,cifar100,resnet18,sgd,200,linear,gabor-learn,,,,,,,100,50000,1,78.04,0.00,,,,no,,ablf_none,78.52,-0.48,,,,
ablf_gaboronly_calib,cifar100,resnet18,sgd,200,linear,moments-cat,,,,,,,100,50000,3,78.51,0.15,,,,yes,,ablf_none,78.52,-0.01,0.13,,,
ablf_learned,cifar100,resnet18,sgd,200,linear,learned,,,,,,,100,50000,1,78.13,0.00,,,,no,,ablf_none,78.52,-0.39,,,,
ablf_noidentity_calib,cifar100,resnet18,sgd,200,linear,moments-cat,,,,,,,100,50000,1,76.71,0.00,,,,no,,ablf_none,78.52,-1.81,,,,
ablf_none,cifar100,resnet18,sgd,200,linear,none,,,,,,,100,50000,3,78.52,0.16,,,,yes,,,,,,,,
ablf_randomfixed_calib,cifar100,resnet18,sgd,200,linear,random-fixed,,,,,,,100,50000,1,78.02,0.00,,,,no,,ablf_none,78.52,-0.50,,,,
ablf_zernikeonly_calib,cifar100,resnet18,sgd,200,linear,moments-cat,,,,,,,100,50000,1,77.92,0.00,,,,no,,ablf_none,78.52,-0.60,,,,
auxgab_10pct_l30,cifar100,resnet18,sgd,200,linear,none,,,moments-cat,layer3,0.3,,10,5000,3,40.19,0.42,,,,yes,,abl10_none,40.28,-0.09,0.30,,,
auxhog_10pct,cifar100,resnet18,sgd,200,linear,none,,,,layer3,0.3,,10,5000,3,41.55,0.23,,,,yes,,abl10_none,40.28,1.27,0.22,,,
auxhog_5pct,cifar100,resnet18,sgd,200,linear,none,,,,layer3,0.3,,5,2500,3,26.45,0.31,,,,yes,,abl5_none,25.36,1.08,0.25,,,
auxinv_10pct_l30,cifar100,resnet18,sgd,200,linear,none,,,energy-invariants,layer3,0.3,,10,5000,3,37.21,0.34,,,,yes,,abl10_none,40.28,-3.07,0.26,,,
auxmag3_c100_5pct,cifar100,resnet18,sgd,200,linear,none,,,energy-magnitude3,layer3,1.0,0.0,5,2500,3,30.55,0.58,43.47,0.92,3,yes,,abl5_none,25.36,5.19,0.38,6.25,0.55,-1.06
auxmag3_tin_10pct,tin,resnet18,sgd,200,linear,none,,,energy-magnitude3,layer3,1.0,0.0,10,10000,3,35.52,0.06,41.91,0.04,3,yes,,tin_none_10pct,33.60,1.93,0.16,2.07,0.21,-0.14
auxmag3_tin_1pct,tin,resnet18,sgd,200,linear,none,,,energy-magnitude3,layer3,1.0,0.0,1,1000,3,6.93,0.10,23.67,0.34,3,yes,,tin_none_1pct,5.30,1.63,0.09,4.58,0.23,-2.95
auxmag3_tin_5pct,tin,resnet18,sgd,200,linear,none,,,energy-magnitude3,layer3,1.0,0.0,5,5000,10,23.68,0.19,34.95,0.37,10,yes,,tin_none_5pct,21.08,2.60,0.10,3.00,0.17,-0.40
auxmag6o_tin_5pct,tin,resnet18,sgd,200,linear,none,,,energy-magnitude6o,layer3,1.0,0.0,5,5000,10,23.50,0.34,34.85,0.32,10,yes,,tin_none_5pct,21.08,2.43,0.14,2.90,0.16,-0.47
auxmag_100pct_l05,cifar100,resnet18,sgd,200,linear,none,,,energy-magnitude,layer3,0.05,,100,50000,3,78.47,0.10,,,,yes,,ablf_none,78.52,-0.05,0.11,,,
auxmag_100pct_l10,cifar100,resnet18,sgd,200,linear,none,,,energy-magnitude,layer3,0.1,,100,50000,3,78.57,0.13,,,,yes,,ablf_none,78.52,0.05,0.12,,,
auxmag_100pct_l100,cifar100,resnet18,sgd,200,linear,none,,,energy-magnitude,layer3,1.0,,100,50000,3,78.09,0.22,,,,yes,,ablf_none,78.52,-0.43,0.15,,,
auxmag_100pct_l30,cifar100,resnet18,sgd,200,linear,none,,,energy-magnitude,layer3,0.3,,100,50000,3,78.43,0.38,,,,yes,,ablf_none,78.52,-0.09,0.24,,,
auxmag_100pct_l50,cifar100,resnet18,sgd,200,linear,none,,,energy-magnitude,layer3,0.5,,100,50000,3,78.07,0.22,,,,yes,,ablf_none,78.52,-0.45,0.16,,,
auxmag_100pct_sched,cifar100,resnet18,sgd,200,linear,none,,,energy-magnitude,layer3,1.0,0.1,100,50000,3,78.24,0.38,,,,yes,,ablf_none,78.52,-0.27,0.24,,,
auxmag_100pct_sched0,cifar100,resnet18,sgd,200,linear,none,,,energy-magnitude,layer3,1.0,0.0,100,50000,3,78.51,0.16,,,,yes,,ablf_none,78.52,-0.01,0.13,,,
auxmag_100pct_sched01,cifar100,resnet18,sgd,200,linear,none,,,energy-magnitude,layer3,0.1,0.0,100,50000,3,78.67,0.12,78.48,0.10,3,yes,,ablf_none,78.52,0.15,0.12,,,
auxmag_100pct_sched03,cifar100,resnet18,sgd,200,linear,none,,,energy-magnitude,layer3,0.3,0.0,100,50000,3,78.62,0.23,,,,yes,,ablf_none,78.52,0.11,0.16,,,
auxmag_10pct_cos,cifar100,resnet18,sgd,200,linear,none,,,energy-magnitude,layer3,0.3,,10,5000,3,40.64,0.67,,,,yes,,abl10_none,40.28,0.36,0.42,,,
auxmag_10pct_l05,cifar100,resnet18,sgd,200,linear,none,,,energy-magnitude,layer3,0.05,,10,5000,3,41.13,0.44,,,,yes,,abl10_none,40.28,0.85,0.31,,,
auxmag_10pct_l10,cifar100,resnet18,sgd,200,linear,none,,,energy-magnitude,layer3,0.1,,10,5000,3,41.65,0.33,,,,yes,,abl10_none,40.28,1.37,0.26,,,
auxmag_10pct_l100,cifar100,resnet18,sgd,200,linear,none,,,energy-magnitude,layer3,1.0,,10,5000,3,43.35,0.25,,,,yes,,abl10_none,40.28,3.07,0.23,,,
auxmag_10pct_l30,cifar100,resnet18,sgd,200,linear,none,,,energy-magnitude,layer3,0.3,,10,5000,3,42.99,0.05,,,,yes,,abl10_none,40.28,2.71,0.18,,,
auxmag_10pct_l30_tap2,cifar100,resnet18,sgd,200,linear,none,,,energy-magnitude,layer2,0.3,,10,5000,3,43.01,0.59,,,,yes,,abl10_none,40.28,2.73,0.39,,,
auxmag_10pct_l30_tap234,cifar100,resnet18,sgd,200,linear,none,,,energy-magnitude,"['layer2', 'layer3', 'layer4']",0.3,,10,5000,3,43.03,0.08,,,,yes,,abl10_none,40.28,2.75,0.19,,,
auxmag_10pct_l30_tap4,cifar100,resnet18,sgd,200,linear,none,,,energy-magnitude,layer4,0.3,,10,5000,3,41.10,1.02,,,,yes,,abl10_none,40.28,0.82,0.62,,,
auxmag_10pct_l50,cifar100,resnet18,sgd,200,linear,none,,,energy-magnitude,layer3,0.5,,10,5000,3,43.51,0.22,,,,yes,,abl10_none,40.28,3.23,0.22,,,
auxmag_10pct_sched,cifar100,resnet18,sgd,200,linear,none,,,energy-magnitude,layer3,1.0,0.1,10,5000,3,43.82,0.06,,,,yes,,abl10_none,40.28,3.54,0.18,,,
auxmag_10pct_sched0,cifar100,resnet18,sgd,200,linear,none,,,energy-magnitude,layer3,1.0,0.0,10,5000,10,44.03,0.50,51.57,0.45,10,yes,,abl10_none,40.28,3.75,0.24,3.63,0.21,0.12
auxmag_15pct_l30,cifar100,resnet18,sgd,200,linear,none,,,energy-magnitude,layer3,0.3,,15,7500,3,52.33,0.37,,,,yes,,abl15_none,50.09,2.24,0.34,,,
auxmag_15pct_sched,cifar100,resnet18,sgd,200,linear,none,,,energy-magnitude,layer3,1.0,0.1,15,7500,3,52.32,0.45,57.10,0.22,3,yes,,abl15_none,50.09,2.23,0.37,2.47,0.24,-0.24
auxmag_15pct_sched0,cifar100,resnet18,sgd,200,linear,none,,,energy-magnitude,layer3,1.0,0.0,15,7500,3,52.64,0.26,57.35,0.23,3,yes,,abl15_none,50.09,2.55,0.30,2.72,0.24,-0.18
auxmag_15pct_sched03,cifar100,resnet18,sgd,200,linear,none,,,energy-magnitude,layer3,0.3,0.0,15,7500,3,53.03,0.17,,,,yes,,abl15_none,50.09,2.94,0.28,,,
auxmag_1pct_l30,cifar100,resnet18,sgd,200,linear,none,,,energy-magnitude,layer3,0.3,,1,500,3,9.71,0.21,,,,yes,,abl1_none,8.95,0.75,0.13,,,
auxmag_1pct_sched,cifar100,resnet18,sgd,200,linear,none,,,energy-magnitude,layer3,1.0,0.1,1,500,3,10.43,0.15,30.63,0.36,3,yes,,abl1_none,8.95,1.48,0.09,4.01,0.23,-2.54
auxmag_1pct_sched0,cifar100,resnet18,sgd,200,linear,none,,,energy-magnitude,layer3,1.0,0.0,1,500,10,10.35,0.21,30.82,0.45,10,yes,,abl1_none,8.95,1.40,0.08,4.20,0.17,-2.80
auxmag_1pct_sched2,cifar100,resnet18,sgd,200,linear,none,,,energy-magnitude,layer3,2.0,0.0,1,500,3,10.81,0.09,31.35,0.14,3,yes,,abl1_none,8.95,1.85,0.06,4.73,0.12,-2.88
auxmag_1pct_sched2_tap1,cifar100,resnet18,sgd,200,linear,none,,,energy-magnitude,layer1,2.0,0.0,1,500,3,10.77,0.29,31.53,0.04,3,yes,,abl1_none,8.95,1.82,0.17,4.91,0.09,-3.10
auxmag_1pct_sched2_tap2,cifar100,resnet18,sgd,200,linear,none,,,energy-magnitude,layer2,2.0,0.0,1,500,3,10.55,0.09,31.00,0.68,3,yes,,abl1_none,8.95,1.60,0.06,4.38,0.40,-2.79
auxmag_25pct_l02,cifar100,resnet18,sgd,200,linear,none,,,energy-magnitude,layer3,0.02,,25,12500,3,60.79,0.15,,,,yes,,abl25_none,61.35,-0.56,0.28,,,
auxmag_25pct_l05,cifar100,resnet18,sgd,200,linear,none,,,energy-magnitude,layer3,0.05,,25,12500,3,61.37,0.29,,,,yes,,abl25_none,61.35,0.02,0.31,,,
auxmag_25pct_l10,cifar100,resnet18,sgd,200,linear,none,,,energy-magnitude,layer3,0.1,,25,12500,3,61.95,0.22,,,,yes,,abl25_none,61.35,0.60,0.29,,,
auxmag_25pct_l30,cifar100,resnet18,sgd,200,linear,none,,,energy-magnitude,layer3,0.3,,25,12500,3,61.72,0.78,,,,yes,,abl25_none,61.35,0.37,0.52,,,
auxmag_25pct_sched,cifar100,resnet18,sgd,200,linear,none,,,energy-magnitude,layer3,1.0,0.1,25,12500,3,61.79,0.43,63.56,0.59,3,yes,,abl25_none,61.35,0.44,0.36,0.37,0.36,0.07
auxmag_25pct_sched0,cifar100,resnet18,sgd,200,linear,none,,,energy-magnitude,layer3,1.0,0.0,25,12500,3,61.51,0.20,63.63,0.36,3,yes,,abl25_none,61.35,0.16,0.29,0.44,0.24,-0.28
auxmag_25pct_sched03,cifar100,resnet18,sgd,200,linear,none,,,energy-magnitude,layer3,0.3,0.0,25,12500,3,62.23,0.26,,,,yes,,abl25_none,61.35,0.88,0.30,,,
auxmag_2pct_cos,cifar100,resnet18,sgd,200,linear,none,,,energy-magnitude,layer3,0.3,,2,1000,3,14.16,0.18,,,,yes,,abl2_none,14.17,-0.01,0.13,,,
auxmag_2pct_l100,cifar100,resnet18,sgd,200,linear,none,,,energy-magnitude,layer3,1.0,,2,1000,3,16.80,0.06,,,,yes,,abl2_none,14.17,2.63,0.09,,,
auxmag_2pct_l200,cifar100,resnet18,sgd,200,linear,none,,,energy-magnitude,layer3,2.0,,2,1000,3,17.43,0.36,,,,yes,,abl2_none,14.17,3.26,0.23,,,
auxmag_2pct_l30,cifar100,resnet18,sgd,200,linear,none,,,energy-magnitude,layer3,0.3,,2,1000,3,15.30,0.43,,,,yes,,abl2_none,14.17,1.13,0.26,,,
auxmag_2pct_l50,cifar100,resnet18,sgd,200,linear,none,,,energy-magnitude,layer3,0.5,,2,1000,3,16.30,0.42,,,,yes,,abl2_none,14.17,2.13,0.26,,,
auxmag_2pct_sched,cifar100,resnet18,sgd,200,linear,none,,,energy-magnitude,layer3,1.0,0.1,2,1000,3,16.58,0.36,,,,yes,,abl2_none,14.17,2.41,0.22,,,
auxmag_2pct_sched0,cifar100,resnet18,sgd,200,linear,none,,,energy-magnitude,layer3,1.0,0.0,2,1000,3,16.67,0.23,34.88,0.37,3,yes,,abl2_none,14.17,2.50,0.16,5.05,0.34,-2.55
auxmag_2pct_sched2,cifar100,resnet18,sgd,200,linear,none,,,energy-magnitude,layer3,2.0,0.0,2,1000,3,17.31,0.33,,,,yes,,abl2_none,14.17,3.14,0.21,,,
auxmag_3pct_l30,cifar100,resnet18,sgd,200,linear,none,,,energy-magnitude,layer3,0.3,,3,1500,3,20.23,0.59,,,,yes,,abl3_none,18.47,1.76,0.34,,,
auxmag_3pct_sched,cifar100,resnet18,sgd,200,linear,none,,,energy-magnitude,layer3,1.0,0.1,3,1500,3,22.27,0.38,,,,yes,,abl3_none,18.47,3.80,0.22,,,
auxmag_3pct_sched0,cifar100,resnet18,sgd,200,linear,none,,,energy-magnitude,layer3,1.0,0.0,3,1500,3,22.15,0.50,38.48,0.45,3,yes,,abl3_none,18.47,3.68,0.29,5.71,0.28,-2.03
auxmag_5pct_l10,cifar100,resnet18,sgd,200,linear,none,,,energy-magnitude,layer3,0.1,,5,2500,3,26.72,0.63,,,,yes,,abl5_none,25.36,1.35,0.41,,,
auxmag_5pct_l30,cifar100,resnet18,sgd,200,linear,none,,,energy-magnitude,layer3,0.3,,5,2500,3,28.54,0.46,,,,yes,,abl5_none,25.36,3.18,0.32,,,
auxmag_5pct_sched,cifar100,resnet18,sgd,200,linear,none,,,energy-magnitude,layer3,1.0,0.1,5,2500,3,30.54,0.70,,,,yes,,abl5_none,25.36,5.17,0.44,,,
auxmag_5pct_sched0,cifar100,resnet18,sgd,200,linear,none,,,energy-magnitude,layer3,1.0,0.0,5,2500,10,30.51,0.39,43.33,0.40,10,yes,,abl5_none,25.36,5.15,0.22,6.11,0.20,-0.96
auxmag_7pct_l30,cifar100,resnet18,sgd,200,linear,none,,,energy-magnitude,layer3,0.3,,7,3500,3,35.28,0.17,,,,yes,,abl7_none,32.09,3.19,0.41,,,
auxmag_7pct_sched,cifar100,resnet18,sgd,200,linear,none,,,energy-magnitude,layer3,1.0,0.1,7,3500,3,36.88,0.09,46.94,0.24,3,yes,,abl7_none,32.09,4.79,0.40,4.69,0.34,0.10
auxmag_7pct_sched0,cifar100,resnet18,sgd,200,linear,none,,,energy-magnitude,layer3,1.0,0.0,7,3500,3,36.96,0.57,47.07,0.21,3,yes,,abl7_none,32.09,4.87,0.51,4.82,0.33,0.04
auxrand_10pct_l30,cifar100,resnet18,sgd,200,linear,none,,,random-fixed,layer3,0.3,,10,5000,3,40.32,0.22,,,,yes,,abl10_none,40.28,0.04,0.22,,,
auxrand_1pct_l30,cifar100,resnet18,sgd,200,linear,none,,,random-fixed,layer3,0.3,,1,500,3,9.21,0.07,,,,yes,,abl1_none,8.95,0.26,0.05,,,
auxrand_1pct_sched2,cifar100,resnet18,sgd,200,linear,none,,,random-fixed,layer3,2.0,0.0,1,500,3,9.48,0.07,27.88,0.47,3,yes,,abl1_none,8.95,0.53,0.05,1.26,0.29,-0.73
auxrand_5pct_l30,cifar100,resnet18,sgd,200,linear,none,,,random-fixed,layer3,0.3,,5,2500,3,25.24,0.27,,,,yes,,abl5_none,25.36,-0.12,0.23,,,
auxrot_10pct_l30,cifar100,resnet18,sgd,200,linear,none,,,energy-rotinv,layer3,0.3,,10,5000,3,41.02,0.58,,,,yes,,abl10_none,40.28,0.74,0.38,,,
auxste_10pct_l30,cifar100,resnet18,sgd,200,linear,none,,,energy-steerable,layer3,0.3,,10,5000,3,41.19,0.53,,,,yes,,abl10_none,40.28,0.91,0.35,,,
auxstr_10pct_l30,cifar100,resnet18,sgd,200,linear,none,,,energy-structure,layer3,0.3,,10,5000,3,41.96,0.28,,,,yes,,abl10_none,40.28,1.68,0.24,,,
auxteach_10pct,cifar100,resnet18,sgd,200,linear,none,,,,layer3,0.3,,10,5000,3,40.34,0.15,,,,yes,,abl10_none,40.28,0.06,0.20,,,
auxteach_5pct,cifar100,resnet18,sgd,200,linear,none,,,,layer3,0.3,,5,2500,3,24.87,0.53,,,,yes,,abl5_none,25.36,-0.49,0.35,,,
c10_aux_100pct,cifar10,resnet18,sgd,200,linear,none,,,energy-magnitude,layer3,1.0,0.0,100,50000,3,95.01,0.15,95.02,0.20,3,yes,,c10_none_100pct,95.28,-0.26,0.18,,,
c10_aux_10pct,cifar10,resnet18,sgd,200,linear,none,,,energy-magnitude,layer3,1.0,0.0,10,5000,3,81.80,0.19,83.15,0.19,3,yes,,c10_none_10pct,80.71,1.09,0.57,0.61,0.32,0.48
c10_aux_10pct_l03,cifar10,resnet18,sgd,200,linear,none,,,energy-magnitude,layer3,0.3,0.0,10,5000,3,81.81,0.15,,,,yes,,c10_none_10pct,80.71,1.10,0.57,,,
c10_aux_15pct,cifar10,resnet18,sgd,200,linear,none,,,energy-magnitude,layer3,1.0,0.0,15,7500,3,84.99,0.18,,,,yes,,c10_none_15pct,85.65,-0.66,0.22,,,
c10_aux_15pct_l03,cifar10,resnet18,sgd,200,linear,none,,,energy-magnitude,layer3,0.3,0.0,15,7500,3,85.52,0.38,,,,yes,,c10_none_15pct,85.65,-0.13,0.29,,,
c10_aux_1pct,cifar10,resnet18,sgd,200,linear,none,,,energy-magnitude,layer3,1.0,0.0,1,500,10,45.51,0.38,58.61,0.33,10,yes,,c10_none_1pct,39.15,6.37,0.15,4.94,0.15,1.43
c10_aux_25pct,cifar10,resnet18,sgd,200,linear,none,,,energy-magnitude,layer3,1.0,0.0,25,12500,3,88.43,0.26,,,,yes,,c10_none_25pct,89.26,-0.83,0.20,,,
c10_aux_2pct,cifar10,resnet18,sgd,200,linear,none,,,energy-magnitude,layer3,1.0,0.0,2,1000,10,58.37,0.45,66.49,0.52,10,yes,,c10_none_2pct,51.71,6.66,0.27,5.52,0.23,1.14
c10_aux_3pct,cifar10,resnet18,sgd,200,linear,none,,,energy-magnitude,layer3,1.0,0.0,3,1500,3,65.51,0.27,,,,yes,,c10_none_3pct,60.13,5.38,0.65,,,
c10_aux_5pct,cifar10,resnet18,sgd,200,linear,none,,,energy-magnitude,layer3,1.0,0.0,5,2500,3,73.46,0.19,76.72,0.47,3,yes,,c10_none_5pct,69.05,4.41,0.15,4.04,0.31,0.37
c10_aux_7pct,cifar10,resnet18,sgd,200,linear,none,,,energy-magnitude,layer3,1.0,0.0,7,3500,3,77.43,0.31,,,,yes,,c10_none_7pct,75.22,2.21,0.42,,,
c10_none_100pct,cifar10,resnet18,sgd,200,linear,none,,,,,,,100,50000,3,95.28,0.28,,,,yes,,,,,,,,
c10_none_10pct,cifar10,resnet18,sgd,200,linear,none,,,,,,,10,5000,3,80.71,0.98,82.54,0.52,3,yes,,,,,,,,
c10_none_15pct,cifar10,resnet18,sgd,200,linear,none,,,,,,,15,7500,3,85.65,0.34,,,,yes,,,,,,,,
c10_none_1pct,cifar10,resnet18,sgd,200,linear,none,,,,,,,1,500,10,39.15,0.28,53.67,0.35,10,yes,,,,,,,,
c10_none_25pct,cifar10,resnet18,sgd,200,linear,none,,,,,,,25,12500,3,89.26,0.23,89.52,0.16,3,yes,,,,,,,,
c10_none_2pct,cifar10,resnet18,sgd,200,linear,none,,,,,,,2,1000,10,51.71,0.72,60.97,0.51,10,yes,,,,,,,,
c10_none_3pct,cifar10,resnet18,sgd,200,linear,none,,,,,,,3,1500,3,60.13,1.08,,,,yes,,,,,,,,
c10_none_5pct,cifar10,resnet18,sgd,200,linear,none,,,,,,,5,2500,3,69.05,0.17,72.69,0.25,3,yes,,,,,,,,
c10_none_7pct,cifar10,resnet18,sgd,200,linear,none,,,,,,,7,3500,3,75.22,0.66,78.14,0.78,3,yes,,,,,,,,
cnx_aux_10pct,cifar100,convnext_tiny,sgd,200,linear,none,,,energy-magnitude,stages.2,1.0,0.0,10,5000,3,0.92,0.14,,,,yes,,cnx_none_10pct,16.75,-15.83,0.77,,,
cnx_none_10pct,cifar100,convnext_tiny,sgd,200,linear,none,,,,,,,10,5000,3,16.75,1.32,,,,yes,,,,,,,,
combo_1pct,cifar100,resnet18,sgd,200,linear,energy-magnitude,,,energy-magnitude,layer3,2.0,0.0,1,500,3,10.64,0.38,,,,yes,,abl1_none,8.95,1.68,0.22,,,
combo_2pct,cifar100,resnet18,sgd,200,linear,energy-magnitude,,,energy-magnitude,layer3,2.0,0.0,2,1000,3,17.15,0.22,,,,yes,,abl2_none,14.17,2.98,0.15,,,
cub_aux_100pct,cub,resnet18,sgd,200,linear,none,,,energy-magnitude,layer3,1.0,0.0,100,5994,3,47.06,0.57,45.89,0.78,3,yes,,cub_none_100pct,44.32,2.74,0.51,2.99,0.63,-0.25
cub_aux_25pct,cub,resnet18,sgd,200,linear,none,,,energy-magnitude,layer3,1.0,0.0,25,1498,3,6.13,0.18,10.02,0.35,3,yes,,cub_none_25pct,5.57,0.56,0.13,0.83,0.32,-0.26
cub_none_100pct,cub,resnet18,sgd,200,linear,none,,,,,,,100,5994,3,44.32,0.68,42.90,0.77,3,yes,,,,,,,,
cub_none_25pct,cub,resnet18,sgd,200,linear,none,,,,,,,25,1498,3,5.57,0.14,9.19,0.42,3,yes,,,,,,,,
diag10e100_gaboronly_calib,cifar100,resnet18,sgd,100,linear,moments-cat,,,,,,,10,5000,3,37.25,0.29,46.47,0.41,3,no,,diag10e100_none,37.89,-0.64,0.41,,,
diag10e100_none,cifar100,resnet18,sgd,100,linear,none,,,,,,,10,5000,3,37.89,0.64,,,,no,,,,,,,,
diag10e400_gaboronly_calib,cifar100,resnet18,sgd,400,linear,moments-cat,,,,,,,10,5000,3,40.76,0.73,47.64,0.98,3,no,,diag10e400_none,42.77,-2.01,0.60,-2.09,0.65,0.08
diag10e400_none,cifar100,resnet18,sgd,400,linear,none,,,,,,,10,5000,3,42.77,0.73,49.73,0.56,3,no,,,,,,,,
diag10e800_gaboronly_calib,cifar100,resnet18,sgd,800,linear,moments-cat,,,,,,,10,5000,3,43.58,0.44,,,,no,,diag10e800_none,44.97,-1.39,0.35,,,
diag10e800_none,cifar100,resnet18,sgd,800,linear,none,,,,,,,10,5000,3,44.97,0.42,50.86,0.55,3,no,,,,,,,,
diag15e400_gaboronly_calib,cifar100,resnet18,sgd,400,linear,moments-cat,,,,,,,15,7500,3,50.50,1.07,,,,no,,diag15e400_none,52.08,-1.58,0.72,,,
diag15e400_none,cifar100,resnet18,sgd,400,linear,none,,,,,,,15,7500,3,52.08,0.65,,,,no,,,,,,,,
diagcnxadamw_aux_10pct,cifar100,convnext_tiny,adamw,200,linear,none,,,energy-magnitude,stages.2,1.0,0.0,10,5000,3,33.88,0.37,45.15,0.61,3,no,,diagcnxadamw_none_10pct,23.31,10.57,0.76,11.01,0.76,-0.44
diagcnxadamw_none_10pct,cifar100,convnext_tiny,adamw,200,linear,none,,,,,,,10,5000,3,23.31,1.26,34.14,1.17,3,no,,,,,,,,
diagcos_c100_aux_1pct,cifar100,resnet18,sgd,200,cosine,none,,,energy-magnitude,layer3,1.0,0.0,1,500,3,10.99,0.14,29.02,0.23,3,no,,diagcos_c100_none_1pct,9.39,1.60,0.17,3.36,0.14,-1.76
diagcos_c100_none_1pct,cifar100,resnet18,sgd,200,cosine,none,,,,,,,1,500,3,9.39,0.26,25.66,0.07,3,no,,,,,,,,
diagcos_tin_aux_1pct,tin,resnet18,sgd,200,cosine,none,,,energy-magnitude,layer3,1.0,0.0,1,1000,3,6.22,0.21,20.07,0.14,3,no,,diagcos_tin_none_1pct,5.30,0.92,0.15,4.08,0.20,-3.17
diagcos_tin_none_1pct,tin,resnet18,sgd,200,cosine,none,,,,,,,1,1000,3,5.30,0.17,15.98,0.31,3,no,,,,,,,,
diagdeit_aux_100pct,cifar100,vit_tiny,adamw,200,linear,none,,,energy-magnitude,blocks.8,1.0,0.0,100,50000,3,75.25,0.17,74.69,0.02,3,no,,diagdeit_none_100pct,61.39,13.86,0.28,12.90,0.22,0.96
diagdeit_aux_10pct,cifar100,vit_tiny,adamw,200,linear,none,,,energy-magnitude,blocks.8,1.0,0.0,10,5000,3,41.29,0.27,50.31,0.36,3,no,,diagdeit_none_10pct,20.28,21.00,0.89,22.31,1.06,-1.31
diagdeit_aux_15pct,cifar100,vit_tiny,adamw,200,linear,none,,,energy-magnitude,blocks.8,1.0,0.0,15,7500,3,48.66,0.67,55.26,0.93,3,no,,diagdeit_none_15pct,24.07,24.59,2.49,23.99,2.32,0.59
diagdeit_aux_1pct,cifar100,vit_tiny,adamw,200,linear,none,,,energy-magnitude,blocks.8,1.0,0.0,1,500,3,9.68,0.45,24.93,0.26,3,no,,diagdeit_none_1pct,6.48,3.20,0.46,10.07,0.70,-6.87
diagdeit_aux_25pct,cifar100,vit_tiny,adamw,200,linear,none,,,energy-magnitude,blocks.8,1.0,0.0,25,12500,3,57.32,0.17,61.28,0.23,3,no,,diagdeit_none_25pct,32.27,25.05,0.51,22.71,0.72,2.34
diagdeit_aux_2pct,cifar100,vit_tiny,adamw,200,linear,none,,,energy-magnitude,blocks.8,1.0,0.0,2,1000,3,15.99,0.38,31.80,0.80,3,no,,diagdeit_none_2pct,9.98,6.01,0.24,12.43,0.83,-6.42
diagdeit_aux_3pct,cifar100,vit_tiny,adamw,200,linear,none,,,energy-magnitude,blocks.8,1.0,0.0,3,1500,3,20.79,0.21,35.69,0.11,3,no,,diagdeit_none_3pct,11.31,9.48,0.21,15.94,0.34,-6.46
diagdeit_aux_5pct,cifar100,vit_tiny,adamw,200,linear,none,,,energy-magnitude,blocks.8,1.0,0.0,5,2500,6,28.87,0.64,41.68,0.21,3,no,,diagdeit_none_5pct,12.55,16.32,0.70,21.51,1.08,-5.19
diagdeit_aux_7pct,cifar100,vit_tiny,adamw,200,linear,none,,,energy-magnitude,blocks.8,1.0,0.0,7,3500,3,34.67,0.66,45.41,0.47,3,no,,diagdeit_none_7pct,15.98,18.69,0.60,21.71,0.54,-3.03
diagdeit_aux_tin_100pct,tin,vit_tiny,adamw,200,linear,none,,,energy-magnitude,blocks.8,1.0,0.0,100,100000,3,57.32,0.48,56.42,0.47,3,no,,diagdeit_none_tin_100pct,50.72,6.60,1.34,6.21,1.44,0.39
diagdeit_aux_tin_10pct,tin,vit_tiny,adamw,200,linear,none,,,energy-magnitude,blocks.8,1.0,0.0,10,10000,3,27.43,0.32,,,,no,,diagdeit_none_tin_10pct,10.49,16.94,2.00,,,
diagdeit_aux_tin_15pct,tin,vit_tiny,adamw,200,linear,none,,,energy-magnitude,blocks.8,1.0,0.0,15,15000,3,31.85,0.68,38.15,0.23,3,no,,diagdeit_none_tin_15pct,15.15,16.70,2.83,17.52,3.47,-0.82
diagdeit_aux_tin_1pct,tin,vit_tiny,adamw,200,linear,none,,,energy-magnitude,blocks.8,1.0,0.0,1,1000,3,7.01,0.10,19.30,0.44,3,no,,diagdeit_none_tin_1pct,3.99,3.02,0.09,8.37,0.39,-5.35
diagdeit_aux_tin_25pct,tin,vit_tiny,adamw,200,linear,none,,,energy-magnitude,blocks.8,1.0,0.0,25,25000,3,38.24,0.44,42.31,0.60,3,no,,diagdeit_none_tin_25pct,23.14,15.11,1.48,14.17,1.53,0.94
diagdeit_aux_tin_2pct,tin,vit_tiny,adamw,200,linear,none,,,energy-magnitude,blocks.8,1.0,0.0,2,2000,3,10.84,0.09,23.22,0.67,3,no,,diagdeit_none_tin_2pct,4.28,6.56,0.94,14.21,2.24,-7.65
diagdeit_aux_tin_5pct,tin,vit_tiny,adamw,200,linear,none,,,energy-magnitude,blocks.8,1.0,0.0,5,5000,3,18.46,0.39,29.32,0.36,3,no,,diagdeit_none_tin_5pct,8.29,10.18,0.52,15.56,0.79,-5.39
diagdeit_none_100pct,cifar100,vit_tiny,adamw,200,linear,none,,,,,,,100,50000,3,61.39,0.46,61.79,0.38,3,no,,,,,,,,
diagdeit_none_10pct,cifar100,vit_tiny,adamw,200,linear,none,,,,,,,10,5000,3,20.28,1.52,28.00,1.80,3,no,,,,,,,,
diagdeit_none_15pct,cifar100,vit_tiny,adamw,200,linear,none,,,,,,,15,7500,3,24.07,4.25,31.26,3.90,3,no,,,,,,,,
diagdeit_none_1pct,cifar100,vit_tiny,adamw,200,linear,none,,,,,,,1,500,3,6.48,0.66,14.87,1.18,3,no,,,,,,,,
diagdeit_none_25pct,cifar100,vit_tiny,adamw,200,linear,none,,,,,,,25,12500,3,32.27,0.87,38.57,1.23,3,no,,,,,,,,
diagdeit_none_2pct,cifar100,vit_tiny,adamw,200,linear,none,,,,,,,2,1000,3,9.98,0.16,19.38,1.19,3,no,,,,,,,,
diagdeit_none_3pct,cifar100,vit_tiny,adamw,200,linear,none,,,,,,,3,1500,3,11.31,0.30,19.75,0.58,3,no,,,,,,,,
diagdeit_none_5pct,cifar100,vit_tiny,adamw,200,linear,none,,,,,,,5,2500,3,12.55,1.12,20.17,1.86,3,no,,,,,,,,
diagdeit_none_7pct,cifar100,vit_tiny,adamw,200,linear,none,,,,,,,7,3500,3,15.98,0.80,23.70,0.81,3,no,,,,,,,,
diagdeit_none_tin_100pct,tin,vit_tiny,adamw,200,linear,none,,,,,,,100,100000,3,50.72,2.27,50.20,2.44,3,no,,,,,,,,
diagdeit_none_tin_10pct,tin,vit_tiny,adamw,200,linear,none,,,,,,,10,10000,3,10.49,3.45,,,,no,,,,,,,,
diagdeit_none_tin_15pct,tin,vit_tiny,adamw,200,linear,none,,,,,,,15,15000,3,15.15,4.86,20.62,6.01,3,no,,,,,,,,
diagdeit_none_tin_1pct,tin,vit_tiny,adamw,200,linear,none,,,,,,,1,1000,3,3.99,0.11,10.92,0.51,3,no,,,,,,,,
diagdeit_none_tin_25pct,tin,vit_tiny,adamw,200,linear,none,,,,,,,25,25000,3,23.14,2.52,28.14,2.58,3,no,,,,,,,,
diagdeit_none_tin_2pct,tin,vit_tiny,adamw,200,linear,none,,,,,,,2,2000,3,4.28,1.63,9.00,3.83,3,no,,,,,,,,
diagdeit_none_tin_5pct,tin,vit_tiny,adamw,200,linear,none,,,,,,,5,5000,3,8.29,0.82,13.76,1.31,3,no,,,,,,,,
diagdeitmae_vit_10pct,cifar100,vit_tiny,adamw,200,linear,none,yes,,,,,,10,5000,3,34.53,0.94,43.18,1.11,3,no,,diagdeit_none_10pct,20.28,14.24,1.03,15.18,1.22,-0.94
diagdeitmae_vit_1pct,cifar100,vit_tiny,adamw,200,linear,none,yes,,,,,,1,500,3,7.42,0.26,16.48,0.38,3,no,,diagdeit_none_1pct,6.48,0.93,0.41,1.61,0.72,-0.68
diagdeitmae_vit_25pct,cifar100,vit_tiny,adamw,200,linear,none,yes,,,,,,25,12500,3,50.47,1.57,54.83,1.41,3,no,,diagdeit_none_25pct,32.27,18.20,1.04,16.26,1.08,1.94
diagdeitmae_vit_2pct,cifar100,vit_tiny,adamw,200,linear,none,yes,,,,,,2,1000,3,11.09,0.82,21.51,1.39,3,no,,diagdeit_none_2pct,9.98,1.11,0.49,2.14,1.06,-1.02
diagdeitmae_vit_5pct,cifar100,vit_tiny,adamw,200,linear,none,yes,,,,,,5,2500,3,21.27,4.39,32.02,6.00,3,no,,diagdeit_none_5pct,12.55,8.72,2.62,11.85,3.63,-3.13
diagdeitssl_simclr_100pct,cifar100,vit_tiny,adamw,200,linear,none,yes,,,,,,100,50000,3,73.25,0.51,,,,no,,diagdeit_none_100pct,61.39,11.86,0.39,,,
diagdeitssl_simclr_10pct,cifar100,vit_tiny,adamw,200,linear,none,yes,,,,,,10,5000,3,36.06,1.18,45.38,1.02,3,no,,diagdeit_none_10pct,20.28,15.78,1.11,17.38,1.19,-1.60
diagdeitssl_simclr_15pct,cifar100,vit_tiny,adamw,200,linear,none,yes,,,,,,15,7500,3,43.46,0.43,,,,no,,diagdeit_none_15pct,24.07,19.38,2.47,,,
diagdeitssl_simclr_1pct,cifar100,vit_tiny,adamw,200,linear,none,yes,,,,,,1,500,3,7.20,0.74,,,,no,,diagdeit_none_1pct,6.48,0.72,0.57,,,
diagdeitssl_simclr_25pct,cifar100,vit_tiny,adamw,200,linear,none,yes,,,,,,25,12500,3,52.31,0.51,56.26,0.35,3,no,,diagdeit_none_25pct,32.27,20.04,0.58,17.69,0.74,2.35
diagdeitssl_simclr_2pct,cifar100,vit_tiny,adamw,200,linear,none,yes,,,,,,2,1000,3,11.25,0.66,,,,no,,diagdeit_none_2pct,9.98,1.27,0.39,,,
diagdeitssl_simclr_3pct,cifar100,vit_tiny,adamw,200,linear,none,yes,,,,,,3,1500,3,14.28,1.71,,,,no,,diagdeit_none_3pct,11.31,2.97,1.00,,,
diagdeitssl_simclr_5pct,cifar100,vit_tiny,adamw,200,linear,none,yes,,,,,,5,2500,3,21.64,2.53,33.25,3.80,3,no,,diagdeit_none_5pct,12.55,9.09,1.60,13.08,2.44,-3.99
diagdeitssl_simclr_7pct,cifar100,vit_tiny,adamw,200,linear,none,yes,,,,,,7,3500,3,29.58,0.78,,,,no,,diagdeit_none_7pct,15.98,13.60,0.65,,,
diagdeitssl_tin_simclr_10pct,tin,vit_tiny,adamw,200,linear,none,yes,,,,,,10,10000,3,25.45,0.46,,,,no,,diagdeit_none_tin_10pct,10.49,14.96,2.01,,,
diagdeitssl_tin_simclr_25pct,tin,vit_tiny,adamw,200,linear,none,yes,,,,,,25,25000,3,38.48,0.62,42.40,0.54,3,no,,diagdeit_none_tin_25pct,23.14,15.34,1.50,14.26,1.52,1.08
diagdeitssl_tin_simclr_5pct,tin,vit_tiny,adamw,200,linear,none,yes,,,,,,5,5000,3,16.67,0.31,26.31,0.75,3,no,,diagdeit_none_tin_5pct,8.29,8.38,0.51,12.55,0.87,-4.17
diagdeitsslaux_10pct,cifar100,vit_tiny,adamw,200,linear,none,yes,,energy-magnitude,blocks.8,1.0,0.0,10,5000,3,37.72,0.99,,,,no,,diagdeit_none_10pct,20.28,17.44,1.05,,,
diagdeitsslbudget_simclr800_vit_10pct,cifar100,vit_tiny,adamw,200,linear,none,yes,,,,,,10,5000,3,40.57,1.00,49.24,0.73,3,no,,diagdeit_none_10pct,20.28,20.29,1.05,21.24,1.12,-0.95
diagdeitsslbudget_simclr800_vit_25pct,cifar100,vit_tiny,adamw,200,linear,none,yes,,,,,,25,12500,3,55.85,0.31,59.10,0.20,3,no,,diagdeit_none_25pct,32.27,23.58,0.53,20.53,0.72,3.04
diagdeitsslbudget_simclr800_vit_5pct,cifar100,vit_tiny,adamw,200,linear,none,yes,,,,,,5,2500,6,30.45,0.76,42.65,0.55,6,no,,diagdeit_none_5pct,12.55,17.90,0.72,22.49,1.10,-4.59
diagdeitsslbudget_simclr800_vit_tin_10pct,tin,vit_tiny,adamw,200,linear,none,yes,,,,,,10,10000,3,27.73,0.85,35.51,0.59,3,no,,diagdeit_none_tin_10pct,10.49,17.24,2.05,,,
diagdeitsslbudget_simclr800_vit_tin_25pct,tin,vit_tiny,adamw,200,linear,none,yes,,,,,,25,25000,3,36.53,0.37,40.45,0.27,3,no,,diagdeit_none_tin_25pct,23.14,13.39,1.47,12.31,1.50,1.08
diagdeitsslbudget_simclr800_vit_tin_5pct,tin,vit_tiny,adamw,200,linear,none,yes,,,,,,5,5000,3,19.81,0.50,31.19,0.49,3,no,,diagdeit_none_tin_5pct,8.29,11.52,0.56,17.43,0.81,-5.91
diagdeitsslsv_simclr_10pct,cifar100,vit_tiny,adamw,200,linear,none,yes,,,,,,10,5000,3,26.25,0.77,34.27,0.98,3,no,,diagdeit_none_10pct,20.28,5.97,0.98,6.27,1.18,-0.30
diagdeitsslsv_simclr_25pct,cifar100,vit_tiny,adamw,200,linear,none,yes,,,,,,25,12500,3,40.75,1.97,46.22,2.32,3,no,,diagdeit_none_25pct,32.27,8.48,1.25,7.65,1.52,0.83
diagdeitsslsv_simclr_5pct,cifar100,vit_tiny,adamw,200,linear,none,yes,,,,,,5,2500,3,17.52,1.49,26.52,1.68,3,no,,diagdeit_none_5pct,12.55,4.97,1.08,6.36,1.45,-1.39
diagdepth_r34_cub_aux_10pct,cub,resnet34,sgd,200,linear,none,,,energy-magnitude,layer3,1.0,0.0,10,599,3,2.07,0.05,,,,no,,diagdepth_r34_cub_none_10pct,1.97,0.09,0.07,,,
diagdepth_r34_cub_aux_25pct,cub,resnet34,sgd,200,linear,none,,,energy-magnitude,layer3,1.0,0.0,25,1498,3,6.60,0.12,,,,no,,diagdepth_r34_cub_none_25pct,5.91,0.69,0.09,,,
diagdepth_r34_cub_aux_5pct,cub,resnet34,sgd,200,linear,none,,,energy-magnitude,layer3,1.0,0.0,5,300,3,1.47,0.02,,,,no,,diagdepth_r34_cub_none_5pct,1.51,-0.04,0.03,,,
diagdepth_r34_cub_none_10pct,cub,resnet34,sgd,200,linear,none,,,,,,,10,599,3,1.97,0.11,,,,no,,,,,,,,
diagdepth_r34_cub_none_25pct,cub,resnet34,sgd,200,linear,none,,,,,,,25,1498,3,5.91,0.11,,,,no,,,,,,,,
diagdepth_r34_cub_none_5pct,cub,resnet34,sgd,200,linear,none,,,,,,,5,300,3,1.51,0.05,,,,no,,,,,,,,
diagdepth_r34_dtd_aux_10pct,dtd,resnet34,sgd,200,linear,none,,,energy-magnitude,layer3,1.0,0.0,10,376,3,12.85,0.25,,,,no,,diagdepth_r34_dtd_none_10pct,10.59,2.27,0.20,,,
diagdepth_r34_dtd_aux_25pct,dtd,resnet34,sgd,200,linear,none,,,energy-magnitude,layer3,1.0,0.0,25,940,3,19.79,0.28,,,,no,,diagdepth_r34_dtd_none_25pct,17.16,2.62,0.49,,,
diagdepth_r34_dtd_aux_5pct,dtd,resnet34,sgd,200,linear,none,,,energy-magnitude,layer3,1.0,0.0,5,188,3,8.65,0.32,,,,no,,diagdepth_r34_dtd_none_5pct,8.21,0.44,0.22,,,
diagdepth_r34_dtd_none_10pct,dtd,resnet34,sgd,200,linear,none,,,,,,,10,376,3,10.59,0.24,,,,no,,,,,,,,
diagdepth_r34_dtd_none_25pct,dtd,resnet34,sgd,200,linear,none,,,,,,,25,940,3,17.16,0.80,,,,no,,,,,,,,
diagdepth_r34_dtd_none_5pct,dtd,resnet34,sgd,200,linear,none,,,,,,,5,188,3,8.21,0.22,,,,no,,,,,,,,
diagdepth_r34_esat_aux_10pct,eurosat,resnet34,sgd,200,linear,none,,,energy-magnitude,layer3,1.0,0.0,10,2160,3,94.84,0.21,,,,no,,diagdepth_r34_esat_none_10pct,94.27,0.57,0.19,,,
diagdepth_r34_esat_aux_25pct,eurosat,resnet34,sgd,200,linear,none,,,energy-magnitude,layer3,1.0,0.0,25,5400,3,97.29,0.09,,,,no,,diagdepth_r34_esat_none_25pct,97.36,-0.07,0.09,,,
diagdepth_r34_esat_aux_5pct,eurosat,resnet34,sgd,200,linear,none,,,energy-magnitude,layer3,1.0,0.0,5,1080,3,91.98,0.23,,,,no,,diagdepth_r34_esat_none_5pct,91.11,0.87,0.42,,,
diagdepth_r34_esat_none_10pct,eurosat,resnet34,sgd,200,linear,none,,,,,,,10,2160,3,94.27,0.26,,,,no,,,,,,,,
diagdepth_r34_esat_none_25pct,eurosat,resnet34,sgd,200,linear,none,,,,,,,25,5400,3,97.36,0.12,,,,no,,,,,,,,
diagdepth_r34_esat_none_5pct,eurosat,resnet34,sgd,200,linear,none,,,,,,,5,1080,3,91.11,0.69,,,,no,,,,,,,,
diagdepth_r34_food_aux_10pct,food101,resnet34,sgd,200,linear,none,,,energy-magnitude,layer3,1.0,0.0,10,7575,3,44.13,0.65,,,,no,,diagdepth_r34_food_none_10pct,42.94,1.19,0.42,,,
diagdepth_r34_food_aux_25pct,food101,resnet34,sgd,200,linear,none,,,energy-magnitude,layer3,1.0,0.0,25,18938,3,62.97,0.24,,,,no,,diagdepth_r34_food_none_25pct,64.54,-1.57,0.30,,,
diagdepth_r34_food_aux_5pct,food101,resnet34,sgd,200,linear,none,,,energy-magnitude,layer3,1.0,0.0,5,3788,3,27.08,0.34,,,,no,,diagdepth_r34_food_none_5pct,21.83,5.24,0.35,,,
diagdepth_r34_food_none_10pct,food101,resnet34,sgd,200,linear,none,,,,,,,10,7575,3,42.94,0.33,,,,no,,,,,,,,
diagdepth_r34_food_none_25pct,food101,resnet34,sgd,200,linear,none,,,,,,,25,18938,3,64.54,0.46,,,,no,,,,,,,,
diagdepth_r34_food_none_5pct,food101,resnet34,sgd,200,linear,none,,,,,,,5,3788,3,21.83,0.49,,,,no,,,,,,,,
diagdepth_r34_path_aux_10pct,pathmnist,resnet34,sgd,200,linear,none,,,energy-magnitude,layer3,1.0,0.0,10,9000,3,93.67,0.89,,,,no,,diagdepth_r34_path_none_10pct,92.55,1.12,0.52,,,
diagdepth_r34_path_aux_25pct,pathmnist,resnet34,sgd,200,linear,none,,,energy-magnitude,layer3,1.0,0.0,25,22499,3,91.29,0.42,,,,no,,diagdepth_r34_path_none_25pct,90.40,0.88,0.49,,,
diagdepth_r34_path_aux_5pct,pathmnist,resnet34,sgd,200,linear,none,,,energy-magnitude,layer3,1.0,0.0,5,4500,3,93.22,0.20,,,,no,,diagdepth_r34_path_none_5pct,91.58,1.64,0.37,,,
diagdepth_r34_path_none_10pct,pathmnist,resnet34,sgd,200,linear,none,,,,,,,10,9000,3,92.55,0.10,,,,no,,,,,,,,
diagdepth_r34_path_none_25pct,pathmnist,resnet34,sgd,200,linear,none,,,,,,,25,22499,3,90.40,0.74,,,,no,,,,,,,,
diagdepth_r34_path_none_5pct,pathmnist,resnet34,sgd,200,linear,none,,,,,,,5,4500,3,91.58,0.61,,,,no,,,,,,,,
diagdepth_r34_stl_aux_10pct,stl10,resnet34,sgd,200,linear,none,,,energy-magnitude,layer3,1.0,0.0,10,500,3,49.07,0.28,,,,no,,diagdepth_r34_stl_none_10pct,41.80,7.28,0.29,,,
diagdepth_r34_stl_aux_25pct,stl10,resnet34,sgd,200,linear,none,,,energy-magnitude,layer3,1.0,0.0,25,1250,3,64.60,0.83,,,,no,,diagdepth_r34_stl_none_25pct,58.65,5.96,0.61,,,
diagdepth_r34_stl_aux_5pct,stl10,resnet34,sgd,200,linear,none,,,energy-magnitude,layer3,1.0,0.0,5,250,3,33.49,0.14,,,,no,,diagdepth_r34_stl_none_5pct,30.88,2.61,0.65,,,
diagdepth_r34_stl_none_10pct,stl10,resnet34,sgd,200,linear,none,,,,,,,10,500,3,41.80,0.42,,,,no,,,,,,,,
diagdepth_r34_stl_none_25pct,stl10,resnet34,sgd,200,linear,none,,,,,,,25,1250,3,58.65,0.65,,,,no,,,,,,,,
diagdepth_r34_stl_none_5pct,stl10,resnet34,sgd,200,linear,none,,,,,,,5,250,3,30.88,1.13,,,,no,,,,,,,,
diagdepth_r50_cub_aux_10pct,cub,resnet50,sgd,200,linear,none,,,energy-magnitude,layer3,1.0,0.0,10,599,3,2.08,0.18,,,,no,,diagdepth_r50_cub_none_10pct,1.70,0.37,0.11,,,
diagdepth_r50_cub_aux_25pct,cub,resnet50,sgd,200,linear,none,,,energy-magnitude,layer3,1.0,0.0,25,1498,3,6.45,0.23,,,,no,,diagdepth_r50_cub_none_25pct,4.41,2.05,0.14,,,
diagdepth_r50_cub_aux_5pct,cub,resnet50,sgd,200,linear,none,,,energy-magnitude,layer3,1.0,0.0,5,300,3,1.39,0.11,,,,no,,diagdepth_r50_cub_none_5pct,1.35,0.04,0.09,,,
diagdepth_r50_cub_none_10pct,cub,resnet50,sgd,200,linear,none,,,,,,,10,599,3,1.70,0.01,,,,no,,,,,,,,
diagdepth_r50_cub_none_25pct,cub,resnet50,sgd,200,linear,none,,,,,,,25,1498,3,4.41,0.08,,,,no,,,,,,,,
diagdepth_r50_cub_none_5pct,cub,resnet50,sgd,200,linear,none,,,,,,,5,300,3,1.35,0.11,,,,no,,,,,,,,
diagdepth_r50_dtd_aux_10pct,dtd,resnet50,sgd,200,linear,none,,,energy-magnitude,layer3,1.0,0.0,10,376,3,11.40,0.49,,,,no,,diagdepth_r50_dtd_none_10pct,10.46,0.94,0.29,,,
diagdepth_r50_dtd_aux_25pct,dtd,resnet50,sgd,200,linear,none,,,energy-magnitude,layer3,1.0,0.0,25,940,3,19.88,1.17,,,,no,,diagdepth_r50_dtd_none_25pct,16.90,2.98,0.71,,,
diagdepth_r50_dtd_aux_5pct,dtd,resnet50,sgd,200,linear,none,,,energy-magnitude,layer3,1.0,0.0,5,188,3,7.64,0.20,,,,no,,diagdepth_r50_dtd_none_5pct,7.89,-0.25,0.23,,,
diagdepth_r50_dtd_none_10pct,dtd,resnet50,sgd,200,linear,none,,,,,,,10,376,3,10.46,0.08,,,,no,,,,,,,,
diagdepth_r50_dtd_none_25pct,dtd,resnet50,sgd,200,linear,none,,,,,,,25,940,3,16.90,0.39,,,,no,,,,,,,,
diagdepth_r50_dtd_none_5pct,dtd,resnet50,sgd,200,linear,none,,,,,,,5,188,3,7.89,0.34,,,,no,,,,,,,,
diagdepth_r50_esat_aux_10pct,eurosat,resnet50,sgd,200,linear,none,,,energy-magnitude,layer3,1.0,0.0,10,2160,3,94.44,0.19,,,,no,,diagdepth_r50_esat_none_10pct,93.62,0.81,0.14,,,
diagdepth_r50_esat_aux_25pct,eurosat,resnet50,sgd,200,linear,none,,,energy-magnitude,layer3,1.0,0.0,25,5400,3,97.40,0.02,,,,no,,diagdepth_r50_esat_none_25pct,97.20,0.20,0.04,,,
diagdepth_r50_esat_aux_5pct,eurosat,resnet50,sgd,200,linear,none,,,energy-magnitude,layer3,1.0,0.0,5,1080,3,90.88,0.31,,,,no,,diagdepth_r50_esat_none_5pct,89.32,1.56,0.18,,,
diagdepth_r50_esat_none_10pct,eurosat,resnet50,sgd,200,linear,none,,,,,,,10,2160,3,93.62,0.16,,,,no,,,,,,,,
diagdepth_r50_esat_none_25pct,eurosat,resnet50,sgd,200,linear,none,,,,,,,25,5400,3,97.20,0.07,,,,no,,,,,,,,
diagdepth_r50_esat_none_5pct,eurosat,resnet50,sgd,200,linear,none,,,,,,,5,1080,3,89.32,0.04,,,,no,,,,,,,,
diagdepth_r50_food_aux_10pct,food101,resnet50,sgd,200,linear,none,,,energy-magnitude,layer3,1.0,0.0,10,7575,3,48.28,0.63,,,,no,,diagdepth_r50_food_none_10pct,42.41,5.87,0.91,,,
diagdepth_r50_food_aux_25pct,food101,resnet50,sgd,200,linear,none,,,energy-magnitude,layer3,1.0,0.0,25,18938,3,66.99,0.18,,,,no,,diagdepth_r50_food_none_25pct,67.10,-0.11,0.12,,,
diagdepth_r50_food_aux_5pct,food101,resnet50,sgd,200,linear,none,,,energy-magnitude,layer3,1.0,0.0,5,3788,3,28.94,0.31,,,,no,,diagdepth_r50_food_none_5pct,19.95,8.99,0.25,,,
diagdepth_r50_food_none_10pct,food101,resnet50,sgd,200,linear,none,,,,,,,10,7575,3,42.41,1.44,,,,no,,,,,,,,
diagdepth_r50_food_none_25pct,food101,resnet50,sgd,200,linear,none,,,,,,,25,18938,3,67.10,0.11,,,,no,,,,,,,,
diagdepth_r50_food_none_5pct,food101,resnet50,sgd,200,linear,none,,,,,,,5,3788,3,19.95,0.31,,,,no,,,,,,,,
diagdepth_r50_path_aux_10pct,pathmnist,resnet50,sgd,200,linear,none,,,energy-magnitude,layer3,1.0,0.0,10,9000,3,93.92,0.79,,,,no,,diagdepth_r50_path_none_10pct,91.88,2.03,0.52,,,
diagdepth_r50_path_aux_25pct,pathmnist,resnet50,sgd,200,linear,none,,,energy-magnitude,layer3,1.0,0.0,25,22499,3,89.65,2.08,,,,no,,diagdepth_r50_path_none_25pct,88.86,0.78,1.34,,,
diagdepth_r50_path_aux_5pct,pathmnist,resnet50,sgd,200,linear,none,,,energy-magnitude,layer3,1.0,0.0,5,4500,3,93.18,0.21,,,,no,,diagdepth_r50_path_none_5pct,91.77,1.41,0.18,,,
diagdepth_r50_path_none_10pct,pathmnist,resnet50,sgd,200,linear,none,,,,,,,10,9000,3,91.88,0.43,,,,no,,,,,,,,
diagdepth_r50_path_none_25pct,pathmnist,resnet50,sgd,200,linear,none,,,,,,,25,22499,3,88.86,1.04,,,,no,,,,,,,,
diagdepth_r50_path_none_5pct,pathmnist,resnet50,sgd,200,linear,none,,,,,,,5,4500,3,91.77,0.22,,,,no,,,,,,,,
diagdepth_r50_stl_aux_10pct,stl10,resnet50,sgd,200,linear,none,,,energy-magnitude,layer3,1.0,0.0,10,500,3,45.06,2.98,,,,no,,diagdepth_r50_stl_none_10pct,37.20,7.86,1.83,,,
diagdepth_r50_stl_aux_25pct,stl10,resnet50,sgd,200,linear,none,,,energy-magnitude,layer3,1.0,0.0,25,1250,3,60.47,0.81,,,,no,,diagdepth_r50_stl_none_25pct,55.26,5.21,0.77,,,
diagdepth_r50_stl_aux_5pct,stl10,resnet50,sgd,200,linear,none,,,energy-magnitude,layer3,1.0,0.0,5,250,3,31.13,1.06,,,,no,,diagdepth_r50_stl_none_5pct,28.75,2.39,0.67,,,
diagdepth_r50_stl_none_10pct,stl10,resnet50,sgd,200,linear,none,,,,,,,10,500,3,37.20,1.09,,,,no,,,,,,,,
diagdepth_r50_stl_none_25pct,stl10,resnet50,sgd,200,linear,none,,,,,,,25,1250,3,55.26,1.06,,,,no,,,,,,,,
diagdepth_r50_stl_none_5pct,stl10,resnet50,sgd,200,linear,none,,,,,,,5,250,3,28.75,0.49,,,,no,,,,,,,,
diagfuse_esat_aug_10pct,eurosat,resnet18,sgd,200,linear,none,,,,,,,10,2160,3,93.54,0.54,96.02,0.16,3,no,,,,,,,,
diagfuse_esat_aug_25pct,eurosat,resnet18,sgd,200,linear,none,,,,,,,25,5400,3,97.56,0.04,98.09,0.08,3,no,,,,,,,,
diagfuse_esat_aug_5pct,eurosat,resnet18,sgd,200,linear,none,,,,,,,5,1080,3,83.12,1.71,92.23,0.58,3,no,,,,,,,,
diagfuse_esat_prioraug_10pct,eurosat,resnet18,sgd,200,linear,none,,,energy-magnitude,layer3,1.0,0.0,10,2160,3,94.35,0.17,96.49,0.10,3,no,,diagfuse_esat_aug_10pct,93.54,0.81,0.33,0.47,0.11,0.34
diagfuse_esat_prioraug_25pct,eurosat,resnet18,sgd,200,linear,none,,,energy-magnitude,layer3,1.0,0.0,25,5400,3,97.19,0.18,98.03,0.11,3,no,,diagfuse_esat_aug_25pct,97.56,-0.37,0.11,-0.06,0.08,-0.31
diagfuse_esat_prioraug_5pct,eurosat,resnet18,sgd,200,linear,none,,,energy-magnitude,layer3,1.0,0.0,5,1080,3,88.56,0.51,94.36,0.35,3,no,,diagfuse_esat_aug_5pct,83.12,5.44,1.03,2.14,0.39,3.30
diagfuse_esat_priorssl_10pct,eurosat,resnet18,sgd,200,linear,none,yes,,energy-magnitude,layer3,1.0,0.0,10,2160,3,94.02,0.20,96.06,0.20,3,no,,grid_esat_r18_e99fb4_10pct,93.67,0.35,0.28,0.02,0.16,0.33
diagfuse_esat_priorssl_25pct,eurosat,resnet18,sgd,200,linear,none,yes,,energy-magnitude,layer3,1.0,0.0,25,5400,3,97.20,0.07,97.67,0.17,3,no,,grid_esat_r18_e99fb4_25pct,97.44,-0.25,0.08,-0.11,0.14,-0.14
diagfuse_esat_priorssl_5pct,eurosat,resnet18,sgd,200,linear,none,yes,,energy-magnitude,layer3,1.0,0.0,5,1080,3,90.13,0.26,94.01,0.07,3,no,,grid_esat_r18_e99fb4_5pct,90.80,-0.67,0.19,-1.13,0.08,0.46
diagfuse_food_aug_10pct,food101,resnet18,sgd,200,linear,none,,,,,,,10,7575,3,50.99,0.47,57.31,0.46,3,no,,,,,,,,
diagfuse_food_aug_25pct,food101,resnet18,sgd,200,linear,none,,,,,,,25,18938,3,65.93,0.46,68.28,0.16,3,no,,,,,,,,
diagfuse_food_aug_5pct,food101,resnet18,sgd,200,linear,none,,,,,,,5,3788,3,31.37,0.57,43.52,0.38,3,no,,,,,,,,
diagfuse_food_prioraug_10pct,food101,resnet18,sgd,200,linear,none,,,energy-magnitude,layer3,1.0,0.0,10,7575,3,49.17,0.07,56.09,0.06,3,no,,diagfuse_food_aug_10pct,50.99,-1.81,0.28,-1.22,0.27,-0.60
diagfuse_food_prioraug_25pct,food101,resnet18,sgd,200,linear,none,,,energy-magnitude,layer3,1.0,0.0,25,18938,3,63.50,0.25,66.52,0.36,3,no,,diagfuse_food_aug_25pct,65.93,-2.43,0.30,-1.76,0.23,-0.68
diagfuse_food_prioraug_5pct,food101,resnet18,sgd,200,linear,none,,,energy-magnitude,layer3,1.0,0.0,5,3788,3,35.69,0.34,48.18,0.30,3,no,,diagfuse_food_aug_5pct,31.37,4.32,0.38,4.66,0.28,-0.34
diagfuse_food_priorssl_10pct,food101,resnet18,sgd,200,linear,none,yes,,energy-magnitude,layer3,1.0,0.0,10,7575,3,44.76,0.64,48.97,0.54,3,no,,grid_food_r18_9ee7da_10pct,41.73,3.03,0.92,1.16,0.89,1.87
diagfuse_food_priorssl_25pct,food101,resnet18,sgd,200,linear,none,yes,,energy-magnitude,layer3,1.0,0.0,25,18938,3,61.01,0.24,62.45,0.15,3,no,,grid_food_r18_9ee7da_25pct,62.88,-1.87,0.16,-1.78,0.14,-0.09
diagfuse_food_priorssl_5pct,food101,resnet18,sgd,200,linear,none,yes,,energy-magnitude,layer3,1.0,0.0,5,3788,3,29.97,1.28,38.78,1.15,3,no,,grid_food_r18_9ee7da_5pct,21.91,8.06,0.88,6.53,0.85,1.53
diaggrid_c100_cnx_adamw_axmagnitudes2_l10to00_df3002_100pct,cifar100,convnext_tiny,adamw,200,linear,none,,,energy-magnitude,stages.2,1.0,0.0,100,50000,3,71.35,0.47,71.28,1.13,3,no,,diaggrid_c100_cnx_adamw_c79e16_100pct,67.86,3.49,0.34,2.61,,0.88
diaggrid_c100_cnx_adamw_axmagnitudes2_l10to00_df3002_15pct,cifar100,convnext_tiny,adamw,200,linear,none,,,energy-magnitude,stages.2,1.0,0.0,15,7500,3,39.60,0.58,,,,no,,diaggrid_c100_cnx_adamw_c79e16_15pct,32.87,6.73,0.60,,,
diaggrid_c100_cnx_adamw_axmagnitudes2_l10to00_df3002_1pct,cifar100,convnext_tiny,adamw,200,linear,none,,,energy-magnitude,stages.2,1.0,0.0,1,500,3,8.27,0.35,25.32,0.23,3,no,,diaggrid_c100_cnx_adamw_c79e16_1pct,6.97,1.30,0.29,,,
diaggrid_c100_cnx_adamw_axmagnitudes2_l10to00_df3002_20pct,cifar100,convnext_tiny,adamw,200,linear,none,,,energy-magnitude,stages.2,1.0,0.0,20,10000,3,45.36,0.38,,,,no,,diaggrid_c100_cnx_adamw_c79e16_20pct,36.59,8.78,1.06,,,
diaggrid_c100_cnx_adamw_axmagnitudes2_l10to00_df3002_25pct,cifar100,convnext_tiny,adamw,200,linear,none,,,energy-magnitude,stages.2,1.0,0.0,25,12500,3,48.83,0.28,53.41,0.82,3,no,,diaggrid_c100_cnx_adamw_c79e16_25pct,41.02,7.81,0.33,,,
diaggrid_c100_cnx_adamw_axmagnitudes2_l10to00_df3002_2pct,cifar100,convnext_tiny,adamw,200,linear,none,,,energy-magnitude,stages.2,1.0,0.0,2,1000,3,14.08,1.32,,,,no,,diaggrid_c100_cnx_adamw_c79e16_2pct,10.36,3.72,0.77,,,
diaggrid_c100_cnx_adamw_axmagnitudes2_l10to00_df3002_3pct,cifar100,convnext_tiny,adamw,200,linear,none,,,energy-magnitude,stages.2,1.0,0.0,3,1500,3,18.27,0.94,,,,no,,diaggrid_c100_cnx_adamw_c79e16_3pct,12.55,5.72,0.56,,,
diaggrid_c100_cnx_adamw_axmagnitudes2_l10to00_df3002_50pct,cifar100,convnext_tiny,adamw,200,linear,none,,,energy-magnitude,stages.2,1.0,0.0,50,25000,3,61.09,0.16,,,,no,,diaggrid_c100_cnx_adamw_c79e16_50pct,55.01,6.08,0.44,,,
diaggrid_c100_cnx_adamw_axmagnitudes2_l10to00_df3002_5pct,cifar100,convnext_tiny,adamw,200,linear,none,,,energy-magnitude,stages.2,1.0,0.0,5,2500,3,24.58,0.52,37.84,1.61,3,no,,diaggrid_c100_cnx_adamw_c79e16_5pct,16.97,7.61,0.35,9.03,0.96,-1.43
diaggrid_c100_cnx_adamw_axmagnitudes2_l10to00_df3002_7pct,cifar100,convnext_tiny,adamw,200,linear,none,,,energy-magnitude,stages.2,1.0,0.0,7,3500,3,29.08,0.35,,,,no,,diaggrid_c100_cnx_adamw_c79e16_7pct,20.26,8.82,0.46,,,
diaggrid_c100_cnx_adamw_c79e16_100pct,cifar100,convnext_tiny,adamw,200,linear,none,,,,,,,100,50000,3,67.86,0.37,68.67,,1,no,,,,,,,,
diaggrid_c100_cnx_adamw_c79e16_15pct,cifar100,convnext_tiny,adamw,200,linear,none,,,,,,,15,7500,3,32.87,0.85,41.70,1.56,3,no,,,,,,,,
diaggrid_c100_cnx_adamw_c79e16_1pct,cifar100,convnext_tiny,adamw,200,linear,none,,,,,,,1,500,3,6.97,0.37,,,,no,,,,,,,,
diaggrid_c100_cnx_adamw_c79e16_20pct,cifar100,convnext_tiny,adamw,200,linear,none,,,,,,,20,10000,3,36.59,1.80,,,,no,,,,,,,,
diaggrid_c100_cnx_adamw_c79e16_25pct,cifar100,convnext_tiny,adamw,200,linear,none,,,,,,,25,12500,3,41.02,0.50,,,,no,,,,,,,,
diaggrid_c100_cnx_adamw_c79e16_2pct,cifar100,convnext_tiny,adamw,200,linear,none,,,,,,,2,1000,3,10.36,0.23,24.54,0.49,3,no,,,,,,,,
diaggrid_c100_cnx_adamw_c79e16_3pct,cifar100,convnext_tiny,adamw,200,linear,none,,,,,,,3,1500,3,12.55,0.20,,,,no,,,,,,,,
diaggrid_c100_cnx_adamw_c79e16_50pct,cifar100,convnext_tiny,adamw,200,linear,none,,,,,,,50,25000,3,55.01,0.75,,,,no,,,,,,,,
diaggrid_c100_cnx_adamw_c79e16_5pct,cifar100,convnext_tiny,adamw,200,linear,none,,,,,,,5,2500,3,16.97,0.33,28.81,0.37,3,no,,,,,,,,
diaggrid_c100_cnx_adamw_c79e16_7pct,cifar100,convnext_tiny,adamw,200,linear,none,,,,,,,7,3500,3,20.26,0.72,32.15,0.87,3,no,,,,,,,,
diaggrid_c100_r18_axmagnitudeL3_l10to00_cosinehead_d1f3e0_100pct,cifar100,resnet18,sgd,200,cosine,none,,,energy-magnitude,layer3,1.0,0.0,100,50000,3,76.83,0.26,,,,no,,diaggrid_c100_r18_cosinehead_2f17a9_100pct,76.99,-0.17,0.15,,,
diaggrid_c100_r18_axmagnitudeL3_l10to00_cosinehead_d1f3e0_10pct,cifar100,resnet18,sgd,200,cosine,none,,,energy-magnitude,layer3,1.0,0.0,10,5000,3,42.40,0.33,46.05,0.28,3,no,,diaggrid_c100_r18_cosinehead_2f17a9_10pct,38.50,3.91,0.36,3.72,0.45,0.19
diaggrid_c100_r18_axmagnitudeL3_l10to00_cosinehead_d1f3e0_15pct,cifar100,resnet18,sgd,200,cosine,none,,,energy-magnitude,layer3,1.0,0.0,15,7500,3,49.82,0.24,51.43,0.40,3,no,,diaggrid_c100_r18_cosinehead_2f17a9_15pct,47.90,1.92,0.16,2.07,0.25,-0.16
diaggrid_c100_r18_axmagnitudeL3_l10to00_cosinehead_d1f3e0_20pct,cifar100,resnet18,sgd,200,cosine,none,,,energy-magnitude,layer3,1.0,0.0,20,10000,3,55.52,0.19,56.43,0.28,3,no,,diaggrid_c100_r18_cosinehead_2f17a9_20pct,54.10,1.42,0.34,1.71,0.24,-0.28
diaggrid_c100_r18_axmagnitudeL3_l10to00_cosinehead_d1f3e0_25pct,cifar100,resnet18,sgd,200,cosine,none,,,energy-magnitude,layer3,1.0,0.0,25,12500,3,59.20,0.20,59.15,0.46,3,no,,diaggrid_c100_r18_cosinehead_2f17a9_25pct,58.56,0.64,0.14,0.17,0.26,0.47
diaggrid_c100_r18_axmagnitudeL3_l10to00_cosinehead_d1f3e0_2pct,cifar100,resnet18,sgd,200,cosine,none,,,energy-magnitude,layer3,1.0,0.0,2,1000,3,17.40,0.39,31.85,0.59,3,no,,diaggrid_c100_r18_cosinehead_2f17a9_2pct,14.33,3.07,0.25,5.20,0.46,-2.13
diaggrid_c100_r18_axmagnitudeL3_l10to00_cosinehead_d1f3e0_3pct,cifar100,resnet18,sgd,200,cosine,none,,,energy-magnitude,layer3,1.0,0.0,3,1500,3,22.11,0.17,,,,no,,diaggrid_c100_r18_cosinehead_2f17a9_3pct,18.59,3.53,0.10,,,
diaggrid_c100_r18_axmagnitudeL3_l10to00_cosinehead_d1f3e0_50pct,cifar100,resnet18,sgd,200,cosine,none,,,energy-magnitude,layer3,1.0,0.0,50,25000,3,69.08,0.26,68.06,0.25,3,no,,diaggrid_c100_r18_cosinehead_2f17a9_50pct,68.91,0.17,0.20,-0.40,0.16,0.57
diaggrid_c100_r18_axmagnitudeL3_l10to00_cosinehead_d1f3e0_5pct,cifar100,resnet18,sgd,200,cosine,none,,,energy-magnitude,layer3,1.0,0.0,5,2500,3,30.22,0.17,,,,no,,diaggrid_c100_r18_cosinehead_2f17a9_5pct,24.83,5.40,0.21,,,
diaggrid_c100_r18_axmagnitudeL3_l10to00_cosinehead_d1f3e0_7pct,cifar100,resnet18,sgd,200,cosine,none,,,energy-magnitude,layer3,1.0,0.0,7,3500,3,36.07,0.38,41.35,0.76,3,no,,diaggrid_c100_r18_cosinehead_2f17a9_7pct,31.24,4.83,0.30,5.24,0.53,-0.42
diaggrid_c100_r18_axmagnitudeL3_l10to00_ssl_142df0_100pct,cifar100,resnet18,sgd,200,linear,none,yes,,energy-magnitude,layer3,1.0,0.0,100,50000,3,78.22,0.07,78.11,0.10,3,no,,ablf_none,78.52,-0.29,0.10,,,
diaggrid_c100_r18_axmagnitudeL3_l10to00_ssl_142df0_10pct,cifar100,resnet18,sgd,200,linear,none,yes,,energy-magnitude,layer3,1.0,0.0,10,5000,3,47.51,0.77,,,,no,,abl10_none,40.28,7.23,0.48,,,
diaggrid_c100_r18_axmagnitudeL3_l10to00_ssl_142df0_15pct,cifar100,resnet18,sgd,200,linear,none,yes,,energy-magnitude,layer3,1.0,0.0,15,7500,3,55.50,0.80,58.69,0.44,3,no,,abl15_none,50.09,5.41,0.53,4.06,0.33,1.35
diaggrid_c100_r18_axmagnitudeL3_l10to00_ssl_142df0_1pct,cifar100,resnet18,sgd,200,linear,none,yes,,energy-magnitude,layer3,1.0,0.0,1,500,3,11.61,0.29,,,,no,,abl1_none,8.95,2.66,0.17,,,
diaggrid_c100_r18_axmagnitudeL3_l10to00_ssl_142df0_20pct,cifar100,resnet18,sgd,200,linear,none,yes,,energy-magnitude,layer3,1.0,0.0,20,10000,3,58.95,0.27,61.01,0.33,3,no,,grid_c100_r18_3a0225_20pct,57.00,1.95,0.30,0.83,0.35,1.12
diaggrid_c100_r18_axmagnitudeL3_l10to00_ssl_142df0_25pct,cifar100,resnet18,sgd,200,linear,none,yes,,energy-magnitude,layer3,1.0,0.0,25,12500,3,62.58,0.34,63.88,0.29,3,no,,abl25_none,61.35,1.23,0.33,0.69,0.20,0.54
diaggrid_c100_r18_axmagnitudeL3_l10to00_ssl_142df0_2pct,cifar100,resnet18,sgd,200,linear,none,yes,,energy-magnitude,layer3,1.0,0.0,2,1000,3,19.35,0.28,38.99,0.62,3,no,,abl2_none,14.17,5.18,0.18,9.16,0.44,-3.98
diaggrid_c100_r18_axmagnitudeL3_l10to00_ssl_142df0_3pct,cifar100,resnet18,sgd,200,linear,none,yes,,energy-magnitude,layer3,1.0,0.0,3,1500,3,24.38,0.15,41.36,0.19,3,no,,abl3_none,18.47,5.91,0.09,8.59,0.16,-2.68
diaggrid_c100_r18_axmagnitudeL3_l10to00_ssl_142df0_50pct,cifar100,resnet18,sgd,200,linear,none,yes,,energy-magnitude,layer3,1.0,0.0,50,25000,3,71.35,0.35,70.91,0.16,3,no,,grid_c100_r18_3a0225_50pct,71.79,-0.43,0.21,-0.18,0.15,-0.25
diaggrid_c100_r18_axmagnitudeL3_l10to00_ssl_142df0_7pct,cifar100,resnet18,sgd,200,linear,none,yes,,energy-magnitude,layer3,1.0,0.0,7,3500,3,40.01,0.48,48.98,0.22,3,no,,abl7_none,32.09,7.91,0.48,6.74,0.34,1.17
diaggrid_c100_r18_cosinehead_2f17a9_100pct,cifar100,resnet18,sgd,200,cosine,none,,,,,,,100,50000,3,76.99,0.03,76.70,0.21,3,no,,,,,,,,
diaggrid_c100_r18_cosinehead_2f17a9_10pct,cifar100,resnet18,sgd,200,cosine,none,,,,,,,10,5000,3,38.50,0.52,42.33,0.73,3,no,,,,,,,,
diaggrid_c100_r18_cosinehead_2f17a9_15pct,cifar100,resnet18,sgd,200,cosine,none,,,,,,,15,7500,3,47.90,0.12,49.36,0.19,3,no,,,,,,,,
diaggrid_c100_r18_cosinehead_2f17a9_20pct,cifar100,resnet18,sgd,200,cosine,none,,,,,,,20,10000,3,54.10,0.56,54.73,0.32,3,no,,,,,,,,
diaggrid_c100_r18_cosinehead_2f17a9_25pct,cifar100,resnet18,sgd,200,cosine,none,,,,,,,25,12500,3,58.56,0.16,58.98,0.06,3,no,,,,,,,,
diaggrid_c100_r18_cosinehead_2f17a9_2pct,cifar100,resnet18,sgd,200,cosine,none,,,,,,,2,1000,3,14.33,0.18,26.65,0.53,3,no,,,,,,,,
diaggrid_c100_r18_cosinehead_2f17a9_3pct,cifar100,resnet18,sgd,200,cosine,none,,,,,,,3,1500,3,18.59,0.03,28.31,0.07,3,no,,,,,,,,
diaggrid_c100_r18_cosinehead_2f17a9_50pct,cifar100,resnet18,sgd,200,cosine,none,,,,,,,50,25000,3,68.91,0.23,68.47,0.13,3,no,,,,,,,,
diaggrid_c100_r18_cosinehead_2f17a9_5pct,cifar100,resnet18,sgd,200,cosine,none,,,,,,,5,2500,3,24.83,0.32,31.76,0.50,3,no,,,,,,,,
diaggrid_c100_r18_cosinehead_2f17a9_7pct,cifar100,resnet18,sgd,200,cosine,none,,,,,,,7,3500,3,31.24,0.36,36.10,0.53,3,no,,,,,,,,
diaggrid_c100_r18_e100_4cd1ae_100pct,cifar100,resnet18,sgd,100,linear,none,,,,,,,100,50000,3,77.66,0.23,77.43,0.12,3,no,,,,,,,,
diaggrid_c100_r18_e100_4cd1ae_15pct,cifar100,resnet18,sgd,100,linear,none,,,,,,,15,7500,3,47.31,0.61,,,,no,,,,,,,,
diaggrid_c100_r18_e100_4cd1ae_1pct,cifar100,resnet18,sgd,100,linear,none,,,,,,,1,500,3,8.21,0.15,24.90,0.13,3,no,,,,,,,,
diaggrid_c100_r18_e100_4cd1ae_20pct,cifar100,resnet18,sgd,100,linear,none,,,,,,,20,10000,3,54.28,0.44,57.83,0.43,3,no,,,,,,,,
diaggrid_c100_r18_e100_4cd1ae_25pct,cifar100,resnet18,sgd,100,linear,none,,,,,,,25,12500,3,58.89,0.23,61.86,0.34,3,no,,,,,,,,
diaggrid_c100_r18_e100_4cd1ae_2pct,cifar100,resnet18,sgd,100,linear,none,,,,,,,2,1000,3,13.19,0.34,,,,no,,,,,,,,
diaggrid_c100_r18_e100_4cd1ae_3pct,cifar100,resnet18,sgd,100,linear,none,,,,,,,3,1500,3,17.33,0.16,31.85,0.27,3,no,,,,,,,,
diaggrid_c100_r18_e100_4cd1ae_50pct,cifar100,resnet18,sgd,100,linear,none,,,,,,,50,25000,3,70.47,0.14,,,,no,,,,,,,,
diaggrid_c100_r18_e100_4cd1ae_5pct,cifar100,resnet18,sgd,100,linear,none,,,,,,,5,2500,3,23.17,0.41,36.33,0.50,3,no,,,,,,,,
diaggrid_c100_r18_e100_4cd1ae_7pct,cifar100,resnet18,sgd,100,linear,none,,,,,,,7,3500,3,30.07,0.58,41.49,0.86,3,no,,,,,,,,
diaggrid_c100_r18_e100_stmomentscatk11_kw03e54b_1201eb_100pct,cifar100,resnet18,sgd,100,linear,moments-cat,,,,,,,100,50000,3,76.84,0.17,76.72,0.23,3,no,,diaggrid_c100_r18_e100_4cd1ae_100pct,77.66,-0.83,0.17,-0.70,0.15,-0.12
diaggrid_c100_r18_e100_stmomentscatk11_kw03e54b_1201eb_15pct,cifar100,resnet18,sgd,100,linear,moments-cat,,,,,,,15,7500,3,45.26,0.75,51.52,0.59,3,no,,diaggrid_c100_r18_e100_4cd1ae_15pct,47.31,-2.05,0.56,,,
diaggrid_c100_r18_e100_stmomentscatk11_kw03e54b_1201eb_1pct,cifar100,resnet18,sgd,100,linear,moments-cat,,,,,,,1,500,3,9.24,0.08,27.19,0.33,3,no,,diaggrid_c100_r18_e100_4cd1ae_1pct,8.21,1.03,0.10,2.29,0.21,-1.26
diaggrid_c100_r18_e100_stmomentscatk11_kw03e54b_1201eb_20pct,cifar100,resnet18,sgd,100,linear,moments-cat,,,,,,,20,10000,3,52.08,1.10,55.96,0.85,3,no,,diaggrid_c100_r18_e100_4cd1ae_20pct,54.28,-2.20,0.69,-1.87,0.55,-0.33
diaggrid_c100_r18_e100_stmomentscatk11_kw03e54b_1201eb_25pct,cifar100,resnet18,sgd,100,linear,moments-cat,,,,,,,25,12500,3,56.92,0.43,59.57,0.52,3,no,,diaggrid_c100_r18_e100_4cd1ae_25pct,58.89,-1.97,0.28,-2.29,0.36,0.32
diaggrid_c100_r18_e100_stmomentscatk11_kw03e54b_1201eb_2pct,cifar100,resnet18,sgd,100,linear,moments-cat,,,,,,,2,1000,3,14.93,0.19,,,,no,,diaggrid_c100_r18_e100_4cd1ae_2pct,13.19,1.74,0.23,,,
diaggrid_c100_r18_e100_stmomentscatk11_kw03e54b_1201eb_3pct,cifar100,resnet18,sgd,100,linear,moments-cat,,,,,,,3,1500,3,19.29,0.31,35.14,0.37,3,no,,diaggrid_c100_r18_e100_4cd1ae_3pct,17.33,1.96,0.20,3.28,0.26,-1.33
diaggrid_c100_r18_e100_stmomentscatk11_kw03e54b_1201eb_50pct,cifar100,resnet18,sgd,100,linear,moments-cat,,,,,,,50,25000,3,69.49,0.12,69.34,0.29,3,no,,diaggrid_c100_r18_e100_4cd1ae_50pct,70.47,-0.98,0.11,,,
diaggrid_c100_r18_e100_stmomentscatk11_kw03e54b_1201eb_5pct,cifar100,resnet18,sgd,100,linear,moments-cat,,,,,,,5,2500,3,25.72,0.35,39.40,0.53,3,no,,diaggrid_c100_r18_e100_4cd1ae_5pct,23.17,2.56,0.31,3.07,0.42,-0.52
diaggrid_c100_r18_e100_stmomentscatk11_kw03e54b_1201eb_7pct,cifar100,resnet18,sgd,100,linear,moments-cat,,,,,,,7,3500,3,30.97,0.31,42.21,0.38,3,no,,diaggrid_c100_r18_e100_4cd1ae_7pct,30.07,0.90,0.38,0.72,0.54,0.18
diaggrid_c100_r18_e20_383f0d_100pct,cifar100,resnet18,sgd,20,linear,none,,,,,,,100,50000,3,72.80,0.45,72.19,0.39,3,no,,,,,,,,
diaggrid_c100_r18_e20_383f0d_15pct,cifar100,resnet18,sgd,20,linear,none,,,,,,,15,7500,3,31.54,0.36,,,,no,,,,,,,,
diaggrid_c100_r18_e20_383f0d_1pct,cifar100,resnet18,sgd,20,linear,none,,,,,,,1,500,3,6.05,0.30,18.57,0.22,3,no,,,,,,,,
diaggrid_c100_r18_e20_383f0d_20pct,cifar100,resnet18,sgd,20,linear,none,,,,,,,20,10000,3,40.26,0.47,,,,no,,,,,,,,
diaggrid_c100_r18_e20_383f0d_25pct,cifar100,resnet18,sgd,20,linear,none,,,,,,,25,12500,3,46.30,0.70,52.67,0.75,3,no,,,,,,,,
diaggrid_c100_r18_e20_383f0d_2pct,cifar100,resnet18,sgd,20,linear,none,,,,,,,2,1000,3,8.78,0.46,,,,no,,,,,,,,
diaggrid_c100_r18_e20_383f0d_3pct,cifar100,resnet18,sgd,20,linear,none,,,,,,,3,1500,3,10.31,0.09,21.51,0.01,3,no,,,,,,,,
diaggrid_c100_r18_e20_383f0d_50pct,cifar100,resnet18,sgd,20,linear,none,,,,,,,50,25000,3,62.32,0.71,64.14,0.41,3,no,,,,,,,,
diaggrid_c100_r18_e20_383f0d_5pct,cifar100,resnet18,sgd,20,linear,none,,,,,,,5,2500,3,13.85,0.07,25.46,0.39,3,no,,,,,,,,
diaggrid_c100_r18_e20_383f0d_7pct,cifar100,resnet18,sgd,20,linear,none,,,,,,,7,3500,3,16.98,0.35,,,,no,,,,,,,,
diaggrid_c100_r18_e20_stmomentscatk11_d25252_100pct,cifar100,resnet18,sgd,20,linear,moments-cat,,,,,,,100,50000,3,70.73,0.50,69.98,0.32,3,no,,diaggrid_c100_r18_e20_383f0d_100pct,72.80,-2.07,0.39,-2.21,0.29,0.14
diaggrid_c100_r18_e20_stmomentscatk11_d25252_15pct,cifar100,resnet18,sgd,20,linear,moments-cat,,,,,,,15,7500,3,26.09,0.29,,,,no,,diaggrid_c100_r18_e20_383f0d_15pct,31.54,-5.45,0.26,,,
diaggrid_c100_r18_e20_stmomentscatk11_d25252_1pct,cifar100,resnet18,sgd,20,linear,moments-cat,,,,,,,1,500,3,3.58,0.26,19.15,0.26,3,no,,diaggrid_c100_r18_e20_383f0d_1pct,6.05,-2.47,0.23,0.58,0.20,-3.05
diaggrid_c100_r18_e20_stmomentscatk11_d25252_20pct,cifar100,resnet18,sgd,20,linear,moments-cat,,,,,,,20,10000,3,33.04,0.23,,,,no,,diaggrid_c100_r18_e20_383f0d_20pct,40.26,-7.22,0.30,,,
diaggrid_c100_r18_e20_stmomentscatk11_d25252_25pct,cifar100,resnet18,sgd,20,linear,moments-cat,,,,,,,25,12500,3,37.35,0.75,44.15,0.55,3,no,,diaggrid_c100_r18_e20_383f0d_25pct,46.30,-8.95,0.59,-8.52,0.54,-0.43
diaggrid_c100_r18_e20_stmomentscatk11_d25252_2pct,cifar100,resnet18,sgd,20,linear,moments-cat,,,,,,,2,1000,3,7.15,0.09,,,,no,,diaggrid_c100_r18_e20_383f0d_2pct,8.78,-1.63,0.27,,,
diaggrid_c100_r18_e20_stmomentscatk11_d25252_3pct,cifar100,resnet18,sgd,20,linear,moments-cat,,,,,,,3,1500,3,9.02,0.22,21.74,0.37,3,no,,diaggrid_c100_r18_e20_383f0d_3pct,10.31,-1.29,0.14,0.23,0.22,-1.52
diaggrid_c100_r18_e20_stmomentscatk11_d25252_50pct,cifar100,resnet18,sgd,20,linear,moments-cat,,,,,,,50,25000,3,55.23,1.47,,,,no,,diaggrid_c100_r18_e20_383f0d_50pct,62.32,-7.09,0.94,,,
diaggrid_c100_r18_e20_stmomentscatk11_d25252_5pct,cifar100,resnet18,sgd,20,linear,moments-cat,,,,,,,5,2500,3,13.15,0.08,24.99,0.52,3,no,,diaggrid_c100_r18_e20_383f0d_5pct,13.85,-0.70,0.06,-0.47,0.37,-0.23
diaggrid_c100_r18_e20_stmomentscatk11_d25252_7pct,cifar100,resnet18,sgd,20,linear,moments-cat,,,,,,,7,3500,3,15.66,0.33,27.73,0.36,3,no,,diaggrid_c100_r18_e20_383f0d_7pct,16.98,-1.32,0.28,,,
diaggrid_c100_r18_e400_06c094_100pct,cifar100,resnet18,sgd,400,linear,none,,,,,,,100,50000,3,79.20,0.41,,,,no,,,,,,,,
diaggrid_c100_r18_e400_06c094_1pct,cifar100,resnet18,sgd,400,linear,none,,,,,,,1,500,3,9.30,0.16,27.03,0.17,3,no,,,,,,,,
diaggrid_c100_r18_e400_06c094_20pct,cifar100,resnet18,sgd,400,linear,none,,,,,,,20,10000,3,59.04,0.31,,,,no,,,,,,,,
diaggrid_c100_r18_e400_06c094_25pct,cifar100,resnet18,sgd,400,linear,none,,,,,,,25,12500,3,62.61,0.66,63.70,0.41,3,no,,,,,,,,
diaggrid_c100_r18_e400_06c094_2pct,cifar100,resnet18,sgd,400,linear,none,,,,,,,2,1000,3,14.61,0.15,,,,no,,,,,,,,
diaggrid_c100_r18_e400_06c094_3pct,cifar100,resnet18,sgd,400,linear,none,,,,,,,3,1500,3,19.58,0.12,32.33,0.66,3,no,,,,,,,,
diaggrid_c100_r18_e400_06c094_50pct,cifar100,resnet18,sgd,400,linear,none,,,,,,,50,25000,3,71.88,0.44,,,,no,,,,,,,,
diaggrid_c100_r18_e400_06c094_7pct,cifar100,resnet18,sgd,400,linear,none,,,,,,,7,3500,3,34.78,0.35,43.14,0.84,3,no,,,,,,,,
diaggrid_c100_r18_e400_stmomentscatk11_kw03e54b_f77742_100pct,cifar100,resnet18,sgd,400,linear,moments-cat,,,,,,,100,50000,3,78.80,0.11,,,,no,,diaggrid_c100_r18_e400_06c094_100pct,79.20,-0.40,0.25,,,
diaggrid_c100_r18_e400_stmomentscatk11_kw03e54b_f77742_1pct,cifar100,resnet18,sgd,400,linear,moments-cat,,,,,,,1,500,3,10.76,0.18,30.22,0.10,3,no,,diaggrid_c100_r18_e400_06c094_1pct,9.30,1.46,0.14,3.19,0.11,-1.73
diaggrid_c100_r18_e400_stmomentscatk11_kw03e54b_f77742_20pct,cifar100,resnet18,sgd,400,linear,moments-cat,,,,,,,20,10000,3,57.45,0.63,,,,no,,diaggrid_c100_r18_e400_06c094_20pct,59.04,-1.59,0.40,,,
diaggrid_c100_r18_e400_stmomentscatk11_kw03e54b_f77742_25pct,cifar100,resnet18,sgd,400,linear,moments-cat,,,,,,,25,12500,3,61.35,0.36,62.90,0.41,3,no,,diaggrid_c100_r18_e400_06c094_25pct,62.61,-1.27,0.44,-0.80,0.33,-0.46
diaggrid_c100_r18_e400_stmomentscatk11_kw03e54b_f77742_2pct,cifar100,resnet18,sgd,400,linear,moments-cat,,,,,,,2,1000,3,16.46,0.29,,,,no,,diaggrid_c100_r18_e400_06c094_2pct,14.61,1.85,0.19,,,
diaggrid_c100_r18_e400_stmomentscatk11_kw03e54b_f77742_3pct,cifar100,resnet18,sgd,400,linear,moments-cat,,,,,,,3,1500,3,21.20,0.12,34.63,0.53,3,no,,diaggrid_c100_r18_e400_06c094_3pct,19.58,1.61,0.10,2.30,0.49,-0.69
diaggrid_c100_r18_e400_stmomentscatk11_kw03e54b_f77742_50pct,cifar100,resnet18,sgd,400,linear,moments-cat,,,,,,,50,25000,3,71.23,0.15,,,,no,,diaggrid_c100_r18_e400_06c094_50pct,71.88,-0.65,0.27,,,
diaggrid_c100_r18_e400_stmomentscatk11_kw03e54b_f77742_5pct,cifar100,resnet18,sgd,400,linear,moments-cat,,,,,,,5,2500,3,28.35,0.49,,,,no,,diagssl_none400_5pct,27.34,1.01,0.31,,,
diaggrid_c100_r18_e400_stmomentscatk11_kw03e54b_f77742_7pct,cifar100,resnet18,sgd,400,linear,moments-cat,,,,,,,7,3500,3,34.09,0.51,,,,no,,diaggrid_c100_r18_e400_06c094_7pct,34.78,-0.69,0.36,,,
diaggrid_c100_r18_e800_5c8bbf_100pct,cifar100,resnet18,sgd,800,linear,none,,,,,,,100,50000,3,79.20,0.24,79.16,0.26,3,no,,,,,,,,
diaggrid_c100_r18_e800_5c8bbf_15pct,cifar100,resnet18,sgd,800,linear,none,,,,,,,15,7500,3,54.57,0.31,57.69,0.26,3,no,,,,,,,,
diaggrid_c100_r18_e800_5c8bbf_1pct,cifar100,resnet18,sgd,800,linear,none,,,,,,,1,500,3,9.54,0.16,26.20,0.37,3,no,,,,,,,,
diaggrid_c100_r18_e800_5c8bbf_20pct,cifar100,resnet18,sgd,800,linear,none,,,,,,,20,10000,3,60.25,0.83,,,,no,,,,,,,,
diaggrid_c100_r18_e800_5c8bbf_25pct,cifar100,resnet18,sgd,800,linear,none,,,,,,,25,12500,3,63.50,0.17,64.60,0.19,3,no,,,,,,,,
diaggrid_c100_r18_e800_5c8bbf_2pct,cifar100,resnet18,sgd,800,linear,none,,,,,,,2,1000,3,15.48,0.16,,,,no,,,,,,,,
diaggrid_c100_r18_e800_5c8bbf_3pct,cifar100,resnet18,sgd,800,linear,none,,,,,,,3,1500,3,20.87,0.18,31.89,0.53,3,no,,,,,,,,
diaggrid_c100_r18_e800_5c8bbf_50pct,cifar100,resnet18,sgd,800,linear,none,,,,,,,50,25000,3,71.88,0.38,71.82,0.38,3,no,,,,,,,,
diaggrid_c100_r18_e800_5c8bbf_5pct,cifar100,resnet18,sgd,800,linear,none,,,,,,,5,2500,3,30.13,1.15,40.04,1.44,3,no,,,,,,,,
diaggrid_c100_r18_e800_5c8bbf_7pct,cifar100,resnet18,sgd,800,linear,none,,,,,,,7,3500,3,37.65,0.57,45.79,0.64,3,no,,,,,,,,
diaggrid_c100_r18_e800_stmomentscatk11_kw03e54b_a76449_100pct,cifar100,resnet18,sgd,800,linear,moments-cat,,,,,,,100,50000,3,78.66,0.16,78.62,0.21,3,no,,diaggrid_c100_r18_e800_5c8bbf_100pct,79.20,-0.54,0.17,-0.54,0.19,-0.01
diaggrid_c100_r18_e800_stmomentscatk11_kw03e54b_a76449_15pct,cifar100,resnet18,sgd,800,linear,moments-cat,,,,,,,15,7500,3,53.38,0.98,,,,no,,diaggrid_c100_r18_e800_5c8bbf_15pct,54.57,-1.19,0.59,,,
diaggrid_c100_r18_e800_stmomentscatk11_kw03e54b_a76449_1pct,cifar100,resnet18,sgd,800,linear,moments-cat,,,,,,,1,500,3,11.20,0.14,29.44,0.29,3,no,,diaggrid_c100_r18_e800_5c8bbf_1pct,9.54,1.67,0.12,3.24,0.27,-1.58
diaggrid_c100_r18_e800_stmomentscatk11_kw03e54b_a76449_20pct,cifar100,resnet18,sgd,800,linear,moments-cat,,,,,,,20,10000,3,58.87,0.19,60.98,0.16,3,no,,diaggrid_c100_r18_e800_5c8bbf_20pct,60.25,-1.38,0.49,,,
diaggrid_c100_r18_e800_stmomentscatk11_kw03e54b_a76449_25pct,cifar100,resnet18,sgd,800,linear,moments-cat,,,,,,,25,12500,3,62.50,0.53,,,,no,,diaggrid_c100_r18_e800_5c8bbf_25pct,63.50,-1.00,0.32,,,
diaggrid_c100_r18_e800_stmomentscatk11_kw03e54b_a76449_2pct,cifar100,resnet18,sgd,800,linear,moments-cat,,,,,,,2,1000,3,17.30,0.15,31.56,0.51,3,no,,diaggrid_c100_r18_e800_5c8bbf_2pct,15.48,1.82,0.13,,,
diaggrid_c100_r18_e800_stmomentscatk11_kw03e54b_a76449_3pct,cifar100,resnet18,sgd,800,linear,moments-cat,,,,,,,3,1500,3,22.49,0.29,34.58,1.26,3,no,,diaggrid_c100_r18_e800_5c8bbf_3pct,20.87,1.63,0.20,2.69,0.79,-1.06
diaggrid_c100_r18_e800_stmomentscatk11_kw03e54b_a76449_50pct,cifar100,resnet18,sgd,800,linear,moments-cat,,,,,,,50,25000,3,71.08,0.72,70.70,0.33,3,no,,diaggrid_c100_r18_e800_5c8bbf_50pct,71.88,-0.80,0.47,-1.12,0.29,0.32
diaggrid_c100_r18_e800_stmomentscatk11_kw03e54b_a76449_5pct,cifar100,resnet18,sgd,800,linear,moments-cat,,,,,,,5,2500,3,30.63,0.41,,,,no,,diaggrid_c100_r18_e800_5c8bbf_5pct,30.13,0.50,0.71,,,
diaggrid_c100_r18_e800_stmomentscatk11_kw03e54b_a76449_7pct,cifar100,resnet18,sgd,800,linear,moments-cat,,,,,,,7,3500,3,36.71,0.55,44.75,0.85,3,no,,diaggrid_c100_r18_e800_5c8bbf_7pct,37.65,-0.94,0.46,-1.04,0.61,0.09
diaggrid_c100_r18_ssl_405e71_20pct,cifar100,resnet18,sgd,200,linear,none,yes,,,,,,20,10000,3,61.55,0.29,,,,no,,grid_c100_r18_3a0225_20pct,57.00,4.55,0.30,,,
diaggrid_c100_r18_ssl_405e71_50pct,cifar100,resnet18,sgd,200,linear,none,yes,,,,,,50,25000,3,71.94,0.24,71.59,0.42,3,no,,grid_c100_r18_3a0225_50pct,71.79,0.16,0.15,0.50,0.27,-0.35
diaggrid_c100_r18_ssl_4de209_100pct,cifar100,resnet18,sgd,200,linear,none,yes,,,,,,100,50000,3,78.68,0.30,78.58,0.09,3,no,,ablf_none,78.52,0.16,0.19,,,
diaggrid_c100_r18_ssl_4de209_10pct,cifar100,resnet18,sgd,200,linear,none,yes,,,,,,10,5000,3,44.77,0.39,,,,no,,abl10_none,40.28,4.49,0.29,,,
diaggrid_c100_r18_ssl_4de209_15pct,cifar100,resnet18,sgd,200,linear,none,yes,,,,,,15,7500,3,53.40,0.57,57.72,0.17,3,no,,abl15_none,50.09,3.31,0.42,3.10,0.23,0.22
diaggrid_c100_r18_ssl_4de209_1pct,cifar100,resnet18,sgd,200,linear,none,yes,,,,,,1,500,3,9.57,0.26,28.09,0.46,3,no,,abl1_none,8.95,0.61,0.15,1.48,0.28,-0.86
diaggrid_c100_r18_ssl_4de209_20pct,cifar100,resnet18,sgd,200,linear,none,yes,,,,,,20,10000,3,58.79,0.40,61.32,0.05,3,no,,grid_c100_r18_3a0225_20pct,57.00,1.79,0.34,1.14,0.29,0.65
diaggrid_c100_r18_ssl_4de209_25pct,cifar100,resnet18,sgd,200,linear,none,yes,,,,,,25,12500,3,62.93,0.12,64.42,0.20,3,no,,abl25_none,61.35,1.58,0.27,1.23,0.17,0.35
diaggrid_c100_r18_ssl_4de209_2pct,cifar100,resnet18,sgd,200,linear,none,yes,,,,,,2,1000,3,15.87,0.14,33.60,0.23,3,no,,abl2_none,14.17,1.69,0.12,3.77,0.29,-2.08
diaggrid_c100_r18_ssl_4de209_3pct,cifar100,resnet18,sgd,200,linear,none,yes,,,,,,3,1500,3,21.22,0.17,38.09,0.47,3,no,,abl3_none,18.47,2.75,0.10,5.32,0.29,-2.57
diaggrid_c100_r18_ssl_4de209_50pct,cifar100,resnet18,sgd,200,linear,none,yes,,,,,,50,25000,3,71.48,0.27,,,,no,,grid_c100_r18_3a0225_50pct,71.79,-0.31,0.17,,,
diaggrid_c100_r18_ssl_4de209_7pct,cifar100,resnet18,sgd,200,linear,none,yes,,,,,,7,3500,3,36.96,0.75,46.86,0.96,3,no,,abl7_none,32.09,4.87,0.59,4.62,0.63,0.25
diaggrid_c100_vit_adamw_3800f8_20pct,cifar100,vit_tiny,adamw,200,linear,none,,,,,,,20,10000,3,25.91,0.20,32.13,0.54,3,no,,,,,,,,
diaggrid_c100_vit_adamw_3800f8_50pct,cifar100,vit_tiny,adamw,200,linear,none,,,,,,,50,25000,3,37.45,0.85,40.51,0.92,3,no,,,,,,,,
diaggrid_c100_vit_adamw_axmagnitudeb8_l10to00_hn_08a844_20pct,cifar100,vit_tiny,adamw,200,linear,none,,,energy-magnitude,blocks.8,1.0,0.0,20,10000,3,39.52,0.35,46.16,0.29,3,no,,diaggrid_c100_vit_adamw_3800f8_20pct,25.91,13.61,0.24,14.03,0.35,-0.42
diaggrid_c100_vit_adamw_axmagnitudeb8_l10to00_hn_08a844_50pct,cifar100,vit_tiny,adamw,200,linear,none,,,energy-magnitude,blocks.8,1.0,0.0,50,25000,3,51.80,0.76,53.46,0.59,3,no,,diaggrid_c100_vit_adamw_3800f8_50pct,37.45,14.35,0.66,12.95,0.63,1.40
diaggrid_c100_vit_adamw_axmagnitudeb8_l10to00_hn_ssl_5902d9_100pct,cifar100,vit_tiny,adamw,200,linear,none,yes,,energy-magnitude,blocks.8,1.0,0.0,100,50000,3,65.11,0.26,65.21,0.36,3,no,,diagvit_none_100pct,50.61,14.50,0.33,14.41,0.40,0.09
diaggrid_c100_vit_adamw_axmagnitudeb8_l10to00_hn_ssl_5902d9_15pct,cifar100,vit_tiny,adamw,200,linear,none,yes,,energy-magnitude,blocks.8,1.0,0.0,15,7500,3,36.24,0.47,,,,no,,diagvit_none_15pct,21.23,15.01,0.41,,,
diaggrid_c100_vit_adamw_axmagnitudeb8_l10to00_hn_ssl_5902d9_1pct,cifar100,vit_tiny,adamw,200,linear,none,yes,,energy-magnitude,blocks.8,1.0,0.0,1,500,3,7.83,0.18,21.53,0.60,3,no,,diagvit_none_1pct,6.40,1.43,0.23,4.77,0.37,-3.34
diaggrid_c100_vit_adamw_axmagnitudeb8_l10to00_hn_ssl_5902d9_20pct,cifar100,vit_tiny,adamw,200,linear,none,yes,,energy-magnitude,blocks.8,1.0,0.0,20,10000,3,40.99,0.40,,,,no,,diaggrid_c100_vit_adamw_3800f8_20pct,25.91,15.08,0.26,,,
diaggrid_c100_vit_adamw_axmagnitudeb8_l10to00_hn_ssl_5902d9_25pct,cifar100,vit_tiny,adamw,200,linear,none,yes,,energy-magnitude,blocks.8,1.0,0.0,25,12500,3,44.50,0.41,49.46,0.60,3,no,,diagvit_none_25pct,28.50,16.00,0.43,15.70,0.44,0.30
diaggrid_c100_vit_adamw_axmagnitudeb8_l10to00_hn_ssl_5902d9_2pct,cifar100,vit_tiny,adamw,200,linear,none,yes,,energy-magnitude,blocks.8,1.0,0.0,2,1000,3,12.05,0.33,,,,no,,diagvit_none_2pct,8.91,3.14,0.31,,,
diaggrid_c100_vit_adamw_axmagnitudeb8_l10to00_hn_ssl_5902d9_3pct,cifar100,vit_tiny,adamw,200,linear,none,yes,,energy-magnitude,blocks.8,1.0,0.0,3,1500,3,15.72,0.25,28.20,0.47,3,no,,diagvit_none_3pct,9.97,5.75,0.17,9.74,0.34,-3.99
diaggrid_c100_vit_adamw_axmagnitudeb8_l10to00_hn_ssl_5902d9_50pct,cifar100,vit_tiny,adamw,200,linear,none,yes,,energy-magnitude,blocks.8,1.0,0.0,50,25000,3,55.43,0.61,,,,no,,diaggrid_c100_vit_adamw_3800f8_50pct,37.45,17.98,0.60,,,
diaggrid_c100_vit_adamw_axmagnitudeb8_l10to00_hn_ssl_5902d9_5pct,cifar100,vit_tiny,adamw,200,linear,none,yes,,energy-magnitude,blocks.8,1.0,0.0,5,2500,3,21.09,1.18,32.62,0.85,3,no,,diagvit_none_5pct,12.25,8.85,0.83,12.23,0.73,-3.38
diaggrid_c100_vit_adamw_axmagnitudeb8_l10to00_hn_ssl_5902d9_7pct,cifar100,vit_tiny,adamw,200,linear,none,yes,,energy-magnitude,blocks.8,1.0,0.0,7,3500,3,25.86,0.05,,,,no,,diagvit_none_7pct,14.35,11.52,0.23,,,
diaggrid_c100_vit_adamw_ssl_b5153d_20pct,cifar100,vit_tiny,adamw,200,linear,none,yes,,,,,,20,10000,3,40.69,1.11,46.36,0.37,3,no,,diaggrid_c100_vit_adamw_3800f8_20pct,25.91,14.77,0.65,14.23,0.38,0.55
diaggrid_c100_vit_adamw_ssl_b5153d_50pct,cifar100,vit_tiny,adamw,200,linear,none,yes,,,,,,50,25000,3,54.94,0.28,,,,no,,diaggrid_c100_vit_adamw_3800f8_50pct,37.45,17.49,0.52,,,
diaggrid_deit_c100_aux_20pct,cifar100,vit_tiny,adamw,200,linear,none,,,energy-magnitude,blocks.8,1.0,0.0,20,10000,3,53.29,0.68,58.09,0.37,3,no,,diaggrid_deit_c100_none_20pct,26.90,26.38,3.98,25.05,3.74,1.33
diaggrid_deit_c100_aux_50pct,cifar100,vit_tiny,adamw,200,linear,none,,,energy-magnitude,blocks.8,1.0,0.0,50,25000,3,67.31,0.20,68.22,0.29,3,no,,diaggrid_deit_c100_none_50pct,46.04,21.27,2.03,18.08,1.53,3.19
diaggrid_deit_c100_none_20pct,cifar100,vit_tiny,adamw,200,linear,none,,,,,,,20,10000,3,26.90,6.85,33.04,6.46,3,no,,,,,,,,
diaggrid_deit_c100_none_50pct,cifar100,vit_tiny,adamw,200,linear,none,,,,,,,50,25000,3,46.04,3.50,50.15,2.64,3,no,,,,,,,,
diaggrid_deit_c10_aux_100pct,cifar10,vit_tiny,adamw,200,linear,none,,,energy-magnitude,blocks.8,1.0,0.0,100,50000,3,93.94,0.12,93.93,0.16,3,no,,diaggrid_deit_c10_none_100pct,81.19,12.75,0.35,11.69,0.29,1.06
diaggrid_deit_c10_aux_10pct,cifar10,vit_tiny,adamw,200,linear,none,,,energy-magnitude,blocks.8,1.0,0.0,10,5000,3,75.32,0.41,77.93,0.67,3,no,,diaggrid_deit_c10_none_10pct,42.19,33.13,6.23,31.73,5.69,1.40
diaggrid_deit_c10_aux_15pct,cifar10,vit_tiny,adamw,200,linear,none,,,energy-magnitude,blocks.8,1.0,0.0,15,7500,3,80.26,0.14,82.04,0.25,3,no,,diaggrid_deit_c10_none_15pct,48.59,31.67,3.44,29.70,2.78,1.97
diaggrid_deit_c10_aux_1pct,cifar10,vit_tiny,adamw,200,linear,none,,,energy-magnitude,blocks.8,1.0,0.0,1,500,3,39.34,1.17,50.62,0.55,3,no,,diaggrid_deit_c10_none_1pct,25.74,13.60,0.86,14.77,0.63,-1.17
diaggrid_deit_c10_aux_20pct,cifar10,vit_tiny,adamw,200,linear,none,,,energy-magnitude,blocks.8,1.0,0.0,20,10000,3,83.15,0.47,84.52,0.23,3,no,,diaggrid_deit_c10_none_20pct,52.97,30.18,2.05,28.35,2.01,1.83
diaggrid_deit_c10_aux_25pct,cifar10,vit_tiny,adamw,200,linear,none,,,energy-magnitude,blocks.8,1.0,0.0,25,12500,3,85.26,0.33,86.15,0.35,3,no,,diaggrid_deit_c10_none_25pct,56.35,28.90,0.76,26.70,0.73,2.20
diaggrid_deit_c10_aux_2pct,cifar10,vit_tiny,adamw,200,linear,none,,,energy-magnitude,blocks.8,1.0,0.0,2,1000,3,50.52,0.34,57.09,0.12,3,no,,diaggrid_deit_c10_none_2pct,28.06,22.46,2.95,21.34,3.11,1.11
diaggrid_deit_c10_aux_3pct,cifar10,vit_tiny,adamw,200,linear,none,,,energy-magnitude,blocks.8,1.0,0.0,3,1500,3,55.08,0.78,61.17,1.04,3,no,,diaggrid_deit_c10_none_3pct,35.65,19.43,1.00,19.70,0.69,-0.27
diaggrid_deit_c10_aux_50pct,cifar10,vit_tiny,adamw,200,linear,none,,,energy-magnitude,blocks.8,1.0,0.0,50,25000,3,90.72,0.23,90.99,0.15,3,no,,diaggrid_deit_c10_none_50pct,67.07,23.66,0.49,20.46,0.41,3.20
diaggrid_deit_c10_aux_5pct,cifar10,vit_tiny,adamw,200,linear,none,,,energy-magnitude,blocks.8,1.0,0.0,5,2500,3,63.26,0.93,67.78,0.83,3,no,,diaggrid_deit_c10_none_5pct,38.98,24.28,0.90,23.51,0.95,0.77
diaggrid_deit_c10_aux_7pct,cifar10,vit_tiny,adamw,200,linear,none,,,energy-magnitude,blocks.8,1.0,0.0,7,3500,3,69.51,0.96,73.45,0.74,3,no,,diaggrid_deit_c10_none_7pct,37.75,31.76,4.68,30.99,4.45,0.77
diaggrid_deit_c10_none_100pct,cifar10,vit_tiny,adamw,200,linear,none,,,,,,,100,50000,3,81.19,0.60,82.24,0.48,3,no,,,,,,,,
diaggrid_deit_c10_none_10pct,cifar10,vit_tiny,adamw,200,linear,none,,,,,,,10,5000,3,42.19,10.79,46.20,9.84,3,no,,,,,,,,
diaggrid_deit_c10_none_15pct,cifar10,vit_tiny,adamw,200,linear,none,,,,,,,15,7500,3,48.59,5.95,52.34,4.81,3,no,,,,,,,,
diaggrid_deit_c10_none_1pct,cifar10,vit_tiny,adamw,200,linear,none,,,,,,,1,500,3,25.74,0.92,35.85,0.94,3,no,,,,,,,,
diaggrid_deit_c10_none_20pct,cifar10,vit_tiny,adamw,200,linear,none,,,,,,,20,10000,3,52.97,3.52,56.18,3.47,3,no,,,,,,,,
diaggrid_deit_c10_none_25pct,cifar10,vit_tiny,adamw,200,linear,none,,,,,,,25,12500,3,56.35,1.27,59.44,1.22,3,no,,,,,,,,
diaggrid_deit_c10_none_2pct,cifar10,vit_tiny,adamw,200,linear,none,,,,,,,2,1000,3,28.06,5.09,35.75,5.39,3,no,,,,,,,,
diaggrid_deit_c10_none_3pct,cifar10,vit_tiny,adamw,200,linear,none,,,,,,,3,1500,3,35.65,1.55,41.47,0.58,3,no,,,,,,,,
diaggrid_deit_c10_none_50pct,cifar10,vit_tiny,adamw,200,linear,none,,,,,,,50,25000,3,67.07,0.82,70.54,0.69,3,no,,,,,,,,
diaggrid_deit_c10_none_5pct,cifar10,vit_tiny,adamw,200,linear,none,,,,,,,5,2500,3,38.98,1.26,44.27,1.42,3,no,,,,,,,,
diaggrid_deit_c10_none_7pct,cifar10,vit_tiny,adamw,200,linear,none,,,,,,,7,3500,3,37.75,8.05,42.46,7.68,3,no,,,,,,,,
diaggrid_deit_cub_aux_100pct,cub,vit_tiny,adamw,200,linear,none,,,energy-magnitude,blocks.8,1.0,0.0,100,5994,3,20.26,4.37,18.71,3.15,3,no,,diaggrid_deit_cub_none_100pct,7.64,12.62,3.72,10.90,3.01,1.71
diaggrid_deit_cub_aux_10pct,cub,vit_tiny,adamw,200,linear,none,,,energy-magnitude,blocks.8,1.0,0.0,10,599,3,3.55,0.11,7.75,0.32,3,no,,diaggrid_deit_cub_none_10pct,2.67,0.88,0.23,1.80,0.33,-0.92
diaggrid_deit_cub_aux_15pct,cub,vit_tiny,adamw,200,linear,none,,,energy-magnitude,blocks.8,1.0,0.0,15,899,3,4.72,0.11,8.38,0.20,3,no,,diaggrid_deit_cub_none_15pct,3.66,1.06,0.12,1.83,0.22,-0.77
diaggrid_deit_cub_aux_20pct,cub,vit_tiny,adamw,200,linear,none,,,energy-magnitude,blocks.8,1.0,0.0,20,1199,3,6.59,0.21,9.53,0.47,3,no,,diaggrid_deit_cub_none_20pct,3.32,3.27,0.89,3.56,1.36,-0.29
diaggrid_deit_cub_aux_25pct,cub,vit_tiny,adamw,200,linear,none,,,energy-magnitude,blocks.8,1.0,0.0,25,1498,3,8.32,0.41,11.33,0.53,3,no,,diaggrid_deit_cub_none_25pct,3.61,4.72,1.04,5.91,1.29,-1.19
diaggrid_deit_cub_aux_3pct,cub,vit_tiny,adamw,200,linear,none,,,energy-magnitude,blocks.8,1.0,0.0,3,180,3,1.09,0.26,4.14,0.05,3,no,,diaggrid_deit_cub_none_3pct,1.20,-0.11,0.25,1.08,0.05,-1.19
diaggrid_deit_cub_aux_50pct,cub,vit_tiny,adamw,200,linear,none,,,energy-magnitude,blocks.8,1.0,0.0,50,2997,3,13.28,0.59,13.76,0.56,3,no,,diaggrid_deit_cub_none_50pct,3.20,10.09,1.19,9.18,1.60,0.91
diaggrid_deit_cub_aux_5pct,cub,vit_tiny,adamw,200,linear,none,,,energy-magnitude,blocks.8,1.0,0.0,5,300,3,2.61,0.36,7.34,0.85,3,no,,diaggrid_deit_cub_none_5pct,2.09,0.51,0.27,1.61,0.52,-1.10
diaggrid_deit_cub_aux_7pct,cub,vit_tiny,adamw,200,linear,none,,,energy-magnitude,blocks.8,1.0,0.0,7,420,3,2.59,0.13,6.97,0.25,3,no,,diaggrid_deit_cub_none_7pct,1.78,0.81,0.10,2.05,0.33,-1.24
diaggrid_deit_cub_none_100pct,cub,vit_tiny,adamw,200,linear,none,,,,,,,100,5994,3,7.64,4.73,7.81,4.16,3,no,,,,,,,,
diaggrid_deit_cub_none_10pct,cub,vit_tiny,adamw,200,linear,none,,,,,,,10,599,3,2.67,0.39,5.95,0.47,3,no,,,,,,,,
diaggrid_deit_cub_none_15pct,cub,vit_tiny,adamw,200,linear,none,,,,,,,15,899,3,3.66,0.17,6.55,0.31,3,no,,,,,,,,
diaggrid_deit_cub_none_20pct,cub,vit_tiny,adamw,200,linear,none,,,,,,,20,1199,3,3.32,1.53,5.97,2.31,3,no,,,,,,,,
diaggrid_deit_cub_none_25pct,cub,vit_tiny,adamw,200,linear,none,,,,,,,25,1498,3,3.61,1.75,5.43,2.18,3,no,,,,,,,,
diaggrid_deit_cub_none_3pct,cub,vit_tiny,adamw,200,linear,none,,,,,,,3,180,3,1.20,0.35,3.05,0.08,3,no,,,,,,,,
diaggrid_deit_cub_none_50pct,cub,vit_tiny,adamw,200,linear,none,,,,,,,50,2997,3,3.20,1.97,4.59,2.71,3,no,,,,,,,,
diaggrid_deit_cub_none_5pct,cub,vit_tiny,adamw,200,linear,none,,,,,,,5,300,3,2.09,0.29,5.73,0.30,3,no,,,,,,,,
diaggrid_deit_cub_none_7pct,cub,vit_tiny,adamw,200,linear,none,,,,,,,7,420,3,1.78,0.11,4.92,0.52,3,no,,,,,,,,
diaggrid_deit_dtd_aux_100pct,dtd,vit_tiny,adamw,200,linear,none,,,energy-magnitude,blocks.8,1.0,0.0,100,3760,3,38.74,0.62,37.22,0.46,3,no,,diaggrid_deit_dtd_none_100pct,13.19,25.55,2.32,22.23,2.63,3.32
diaggrid_deit_dtd_aux_10pct,dtd,vit_tiny,adamw,200,linear,none,,,energy-magnitude,blocks.8,1.0,0.0,10,376,3,13.23,0.52,24.08,0.38,3,no,,diaggrid_deit_dtd_none_10pct,8.44,4.79,0.59,9.61,0.28,-4.82
diaggrid_deit_dtd_aux_15pct,dtd,vit_tiny,adamw,200,linear,none,,,energy-magnitude,blocks.8,1.0,0.0,15,564,3,19.82,0.32,28.26,0.78,3,no,,diaggrid_deit_dtd_none_15pct,8.62,11.21,0.69,15.02,0.87,-3.81
diaggrid_deit_dtd_aux_20pct,dtd,vit_tiny,adamw,200,linear,none,,,energy-magnitude,blocks.8,1.0,0.0,20,752,3,22.39,0.28,28.87,0.48,3,no,,diaggrid_deit_dtd_none_20pct,11.49,10.90,0.27,13.24,0.37,-2.34
diaggrid_deit_dtd_aux_25pct,dtd,vit_tiny,adamw,200,linear,none,,,energy-magnitude,blocks.8,1.0,0.0,25,940,3,25.14,1.31,29.96,1.21,3,no,,diaggrid_deit_dtd_none_25pct,10.90,14.24,1.68,15.25,1.44,-1.01
diaggrid_deit_dtd_aux_50pct,dtd,vit_tiny,adamw,200,linear,none,,,energy-magnitude,blocks.8,1.0,0.0,50,1880,3,31.52,0.62,32.36,0.41,3,no,,diaggrid_deit_dtd_none_50pct,14.22,17.30,0.48,14.43,0.31,2.87
diaggrid_deit_dtd_aux_5pct,dtd,vit_tiny,adamw,200,linear,none,,,energy-magnitude,blocks.8,1.0,0.0,5,188,3,8.90,0.25,19.96,0.89,3,no,,diaggrid_deit_dtd_none_5pct,6.65,2.25,0.24,6.76,0.71,-4.50
diaggrid_deit_dtd_aux_7pct,dtd,vit_tiny,adamw,200,linear,none,,,energy-magnitude,blocks.8,1.0,0.0,7,263,3,11.79,0.50,23.60,0.35,3,no,,diaggrid_deit_dtd_none_7pct,7.71,4.08,0.38,8.88,0.25,-4.80
diaggrid_deit_dtd_none_100pct,dtd,vit_tiny,adamw,200,linear,none,,,,,,,100,3760,3,13.19,3.96,14.98,4.53,3,no,,,,,,,,
diaggrid_deit_dtd_none_10pct,dtd,vit_tiny,adamw,200,linear,none,,,,,,,10,376,3,8.44,0.89,14.47,0.30,3,no,,,,,,,,
diaggrid_deit_dtd_none_15pct,dtd,vit_tiny,adamw,200,linear,none,,,,,,,15,564,3,8.62,1.15,13.24,1.29,3,no,,,,,,,,
diaggrid_deit_dtd_none_20pct,dtd,vit_tiny,adamw,200,linear,none,,,,,,,20,752,3,11.49,0.37,15.62,0.41,3,no,,,,,,,,
diaggrid_deit_dtd_none_25pct,dtd,vit_tiny,adamw,200,linear,none,,,,,,,25,940,3,10.90,2.59,14.72,2.18,3,no,,,,,,,,
diaggrid_deit_dtd_none_50pct,dtd,vit_tiny,adamw,200,linear,none,,,,,,,50,1880,3,14.22,0.56,17.93,0.35,3,no,,,,,,,,
diaggrid_deit_dtd_none_5pct,dtd,vit_tiny,adamw,200,linear,none,,,,,,,5,188,3,6.65,0.32,13.21,0.85,3,no,,,,,,,,
diaggrid_deit_dtd_none_7pct,dtd,vit_tiny,adamw,200,linear,none,,,,,,,7,263,3,7.71,0.44,14.72,0.26,3,no,,,,,,,,
diaggrid_deit_esat_aux_100pct,eurosat,vit_tiny,adamw,200,linear,none,,,energy-magnitude,blocks.8,1.0,0.0,100,21600,3,97.77,0.08,97.73,0.17,3,no,,diaggrid_deit_esat_none_100pct,95.91,1.86,0.09,1.02,0.18,0.84
diaggrid_deit_esat_aux_10pct,eurosat,vit_tiny,adamw,200,linear,none,,,energy-magnitude,blocks.8,1.0,0.0,10,2160,3,86.73,1.18,92.64,0.68,3,no,,diaggrid_deit_esat_none_10pct,76.33,10.40,0.81,8.39,0.41,2.01
diaggrid_deit_esat_aux_15pct,eurosat,vit_tiny,adamw,200,linear,none,,,energy-magnitude,blocks.8,1.0,0.0,15,3240,3,88.31,0.85,94.46,0.41,3,no,,diaggrid_deit_esat_none_15pct,79.60,8.71,0.88,8.47,0.82,0.24
diaggrid_deit_esat_aux_1pct,eurosat,vit_tiny,adamw,200,linear,none,,,energy-magnitude,blocks.8,1.0,0.0,1,216,3,54.02,1.96,78.90,0.89,3,no,,diaggrid_deit_esat_none_1pct,36.52,17.51,1.29,14.38,0.71,3.13
diaggrid_deit_esat_aux_20pct,eurosat,vit_tiny,adamw,200,linear,none,,,energy-magnitude,blocks.8,1.0,0.0,20,4320,3,92.49,0.82,95.49,0.20,3,no,,diaggrid_deit_esat_none_20pct,84.47,8.02,0.62,6.62,0.43,1.40
diaggrid_deit_esat_aux_25pct,eurosat,vit_tiny,adamw,200,linear,none,,,energy-magnitude,blocks.8,1.0,0.0,25,5400,3,92.47,0.84,95.88,0.12,3,no,,diaggrid_deit_esat_none_25pct,85.27,7.20,0.96,6.17,0.41,1.03
diaggrid_deit_esat_aux_2pct,eurosat,vit_tiny,adamw,200,linear,none,,,energy-magnitude,blocks.8,1.0,0.0,2,432,3,70.53,2.89,84.35,0.48,3,no,,diaggrid_deit_esat_none_2pct,58.09,12.44,2.70,9.48,1.71,2.97
diaggrid_deit_esat_aux_3pct,eurosat,vit_tiny,adamw,200,linear,none,,,energy-magnitude,blocks.8,1.0,0.0,3,648,3,73.42,1.54,87.33,0.38,3,no,,diaggrid_deit_esat_none_3pct,64.85,8.57,2.04,9.01,1.00,-0.44
diaggrid_deit_esat_aux_50pct,eurosat,vit_tiny,adamw,200,linear,none,,,energy-magnitude,blocks.8,1.0,0.0,50,10800,3,96.14,0.17,97.02,0.18,3,no,,diaggrid_deit_esat_none_50pct,92.55,3.59,0.45,2.33,0.23,1.26
diaggrid_deit_esat_aux_5pct,eurosat,vit_tiny,adamw,200,linear,none,,,energy-magnitude,blocks.8,1.0,0.0,5,1080,3,78.38,0.82,89.44,0.29,3,no,,diaggrid_deit_esat_none_5pct,69.48,8.90,1.02,8.66,0.84,0.24
diaggrid_deit_esat_aux_7pct,eurosat,vit_tiny,adamw,200,linear,none,,,energy-magnitude,blocks.8,1.0,0.0,7,1512,3,81.30,2.49,90.96,0.50,3,no,,diaggrid_deit_esat_none_7pct,72.25,9.05,2.10,9.33,1.22,-0.28
diaggrid_deit_esat_none_100pct,eurosat,vit_tiny,adamw,200,linear,none,,,,,,,100,21600,3,95.91,0.13,96.71,0.26,3,no,,,,,,,,
diaggrid_deit_esat_none_10pct,eurosat,vit_tiny,adamw,200,linear,none,,,,,,,10,2160,3,76.33,0.76,84.25,0.21,3,no,,,,,,,,
diaggrid_deit_esat_none_15pct,eurosat,vit_tiny,adamw,200,linear,none,,,,,,,15,3240,3,79.60,1.26,85.99,1.36,3,no,,,,,,,,
diaggrid_deit_esat_none_1pct,eurosat,vit_tiny,adamw,200,linear,none,,,,,,,1,216,3,36.52,1.09,64.52,0.84,3,no,,,,,,,,
diaggrid_deit_esat_none_20pct,eurosat,vit_tiny,adamw,200,linear,none,,,,,,,20,4320,3,84.47,0.71,88.87,0.72,3,no,,,,,,,,
diaggrid_deit_esat_none_25pct,eurosat,vit_tiny,adamw,200,linear,none,,,,,,,25,5400,3,85.27,1.43,89.72,0.70,3,no,,,,,,,,
diaggrid_deit_esat_none_2pct,eurosat,vit_tiny,adamw,200,linear,none,,,,,,,2,432,3,58.09,3.68,74.88,2.92,3,no,,,,,,,,
diaggrid_deit_esat_none_3pct,eurosat,vit_tiny,adamw,200,linear,none,,,,,,,3,648,3,64.85,3.17,78.32,1.69,3,no,,,,,,,,
diaggrid_deit_esat_none_50pct,eurosat,vit_tiny,adamw,200,linear,none,,,,,,,50,10800,3,92.55,0.75,94.69,0.35,3,no,,,,,,,,
diaggrid_deit_esat_none_5pct,eurosat,vit_tiny,adamw,200,linear,none,,,,,,,5,1080,3,69.48,1.57,80.78,1.42,3,no,,,,,,,,
diaggrid_deit_esat_none_7pct,eurosat,vit_tiny,adamw,200,linear,none,,,,,,,7,1512,3,72.25,2.65,81.64,2.06,3,no,,,,,,,,
diaggrid_deit_food_aux_100pct,food101,vit_tiny,adamw,200,linear,none,,,energy-magnitude,blocks.8,1.0,0.0,100,75750,3,67.60,0.28,66.90,0.30,3,no,,diaggrid_deit_food_none_100pct,49.65,17.95,0.81,17.10,0.73,0.85
diaggrid_deit_food_aux_10pct,food101,vit_tiny,adamw,200,linear,none,,,energy-magnitude,blocks.8,1.0,0.0,10,7575,3,29.76,0.67,36.61,0.77,3,no,,diaggrid_deit_food_none_10pct,9.62,20.14,0.95,22.74,1.06,-2.60
diaggrid_deit_food_aux_15pct,food101,vit_tiny,adamw,200,linear,none,,,energy-magnitude,blocks.8,1.0,0.0,15,11362,3,36.10,0.43,41.98,0.39,3,no,,diaggrid_deit_food_none_15pct,11.69,24.42,1.62,26.53,2.20,-2.11
diaggrid_deit_food_aux_1pct,food101,vit_tiny,adamw,200,linear,none,,,energy-magnitude,blocks.8,1.0,0.0,1,758,3,6.78,0.09,18.23,0.55,3,no,,diaggrid_deit_food_none_1pct,4.31,2.47,0.08,7.17,0.48,-4.70
diaggrid_deit_food_aux_20pct,food101,vit_tiny,adamw,200,linear,none,,,energy-magnitude,blocks.8,1.0,0.0,20,15150,3,39.52,1.83,43.81,2.15,3,no,,diaggrid_deit_food_none_20pct,19.02,20.51,2.76,20.65,3.13,-0.14
diaggrid_deit_food_aux_25pct,food101,vit_tiny,adamw,200,linear,none,,,energy-magnitude,blocks.8,1.0,0.0,25,18938,3,44.82,0.46,48.12,0.48,3,no,,diaggrid_deit_food_none_25pct,21.54,23.28,4.12,22.56,4.36,0.72
diaggrid_deit_food_aux_2pct,food101,vit_tiny,adamw,200,linear,none,,,energy-magnitude,blocks.8,1.0,0.0,2,1515,3,9.44,2.67,19.24,4.89,3,no,,diaggrid_deit_food_none_2pct,2.89,6.55,1.60,13.22,2.98,-6.67
diaggrid_deit_food_aux_3pct,food101,vit_tiny,adamw,200,linear,none,,,energy-magnitude,blocks.8,1.0,0.0,3,2272,3,14.57,0.37,24.89,0.75,3,no,,diaggrid_deit_food_none_3pct,5.30,9.27,0.82,15.23,1.41,-5.96
diaggrid_deit_food_aux_50pct,food101,vit_tiny,adamw,200,linear,none,,,energy-magnitude,blocks.8,1.0,0.0,50,37875,3,56.46,0.26,57.48,0.38,3,no,,diaggrid_deit_food_none_50pct,36.33,20.13,0.92,18.19,1.17,1.94
diaggrid_deit_food_aux_5pct,food101,vit_tiny,adamw,200,linear,none,,,energy-magnitude,blocks.8,1.0,0.0,5,3788,3,19.12,1.86,28.24,2.53,3,no,,diaggrid_deit_food_none_5pct,7.22,11.90,1.21,16.85,1.58,-4.95
diaggrid_deit_food_aux_7pct,food101,vit_tiny,adamw,200,linear,none,,,energy-magnitude,blocks.8,1.0,0.0,7,5302,3,24.79,0.08,32.82,0.37,3,no,,diaggrid_deit_food_none_7pct,8.48,16.31,0.76,20.56,1.07,-4.24
diaggrid_deit_food_none_100pct,food101,vit_tiny,adamw,200,linear,none,,,,,,,100,75750,3,49.65,1.37,49.81,1.22,3,no,,,,,,,,
diaggrid_deit_food_none_10pct,food101,vit_tiny,adamw,200,linear,none,,,,,,,10,7575,3,9.62,1.51,13.87,1.66,3,no,,,,,,,,
diaggrid_deit_food_none_15pct,food101,vit_tiny,adamw,200,linear,none,,,,,,,15,11362,3,11.69,2.77,15.45,3.79,3,no,,,,,,,,
diaggrid_deit_food_none_1pct,food101,vit_tiny,adamw,200,linear,none,,,,,,,1,758,3,4.31,0.10,11.06,0.63,3,no,,,,,,,,
diaggrid_deit_food_none_20pct,food101,vit_tiny,adamw,200,linear,none,,,,,,,20,15150,3,19.02,4.41,23.16,4.98,3,no,,,,,,,,
diaggrid_deit_food_none_25pct,food101,vit_tiny,adamw,200,linear,none,,,,,,,25,18938,3,21.54,7.13,25.56,7.53,3,no,,,,,,,,
diaggrid_deit_food_none_2pct,food101,vit_tiny,adamw,200,linear,none,,,,,,,2,1515,3,2.89,0.77,6.02,1.67,3,no,,,,,,,,
diaggrid_deit_food_none_3pct,food101,vit_tiny,adamw,200,linear,none,,,,,,,3,2272,3,5.30,1.37,9.66,2.33,3,no,,,,,,,,
diaggrid_deit_food_none_50pct,food101,vit_tiny,adamw,200,linear,none,,,,,,,50,37875,3,36.33,1.58,39.29,2.00,3,no,,,,,,,,
diaggrid_deit_food_none_5pct,food101,vit_tiny,adamw,200,linear,none,,,,,,,5,3788,3,7.22,0.97,11.38,1.04,3,no,,,,,,,,
diaggrid_deit_food_none_7pct,food101,vit_tiny,adamw,200,linear,none,,,,,,,7,5302,3,8.48,1.31,12.26,1.81,3,no,,,,,,,,
diaggrid_deit_path_aux_100pct,pathmnist,vit_tiny,adamw,200,linear,none,,,energy-magnitude,blocks.8,1.0,0.0,100,89996,3,92.94,0.26,91.76,0.50,3,no,,diaggrid_deit_path_none_100pct,90.04,2.91,0.69,1.03,0.35,1.88
diaggrid_deit_path_aux_10pct,pathmnist,vit_tiny,adamw,200,linear,none,,,energy-magnitude,blocks.8,1.0,0.0,10,9000,3,93.41,0.26,93.45,0.38,3,no,,diaggrid_deit_path_none_10pct,84.32,9.09,1.95,11.94,1.90,-2.85
diaggrid_deit_path_aux_15pct,pathmnist,vit_tiny,adamw,200,linear,none,,,energy-magnitude,blocks.8,1.0,0.0,15,13499,3,93.77,0.30,93.44,0.28,3,no,,diaggrid_deit_path_none_15pct,87.95,5.81,0.39,7.57,0.71,-1.76
diaggrid_deit_path_aux_1pct,pathmnist,vit_tiny,adamw,200,linear,none,,,energy-magnitude,blocks.8,1.0,0.0,1,900,3,80.46,1.33,86.49,0.35,3,no,,diaggrid_deit_path_none_1pct,74.34,6.12,1.09,6.26,1.00,-0.13
diaggrid_deit_path_aux_20pct,pathmnist,vit_tiny,adamw,200,linear,none,,,energy-magnitude,blocks.8,1.0,0.0,20,17999,3,93.72,0.67,93.33,0.89,3,no,,diaggrid_deit_path_none_20pct,88.83,4.88,0.42,6.69,0.79,-1.80
diaggrid_deit_path_aux_25pct,pathmnist,vit_tiny,adamw,200,linear,none,,,energy-magnitude,blocks.8,1.0,0.0,25,22499,3,93.64,0.37,93.22,0.18,3,no,,diaggrid_deit_path_none_25pct,88.00,5.64,0.96,6.32,1.32,-0.68
diaggrid_deit_path_aux_2pct,pathmnist,vit_tiny,adamw,200,linear,none,,,energy-magnitude,blocks.8,1.0,0.0,2,1800,3,88.31,1.01,90.66,0.41,3,no,,diaggrid_deit_path_none_2pct,79.08,9.23,1.79,8.88,0.46,0.35
diaggrid_deit_path_aux_3pct,pathmnist,vit_tiny,adamw,200,linear,none,,,energy-magnitude,blocks.8,1.0,0.0,3,2700,3,89.31,0.33,91.98,0.84,3,no,,diaggrid_deit_path_none_3pct,78.84,10.47,0.71,10.10,0.50,0.37
diaggrid_deit_path_aux_50pct,pathmnist,vit_tiny,adamw,200,linear,none,,,energy-magnitude,blocks.8,1.0,0.0,50,44998,3,93.97,0.08,92.21,0.15,3,no,,diaggrid_deit_path_none_50pct,91.29,2.68,0.09,1.61,0.29,1.07
diaggrid_deit_path_aux_5pct,pathmnist,vit_tiny,adamw,200,linear,none,,,energy-magnitude,blocks.8,1.0,0.0,5,4500,3,91.44,0.24,92.95,0.34,3,no,,diaggrid_deit_path_none_5pct,81.12,10.32,0.53,11.05,0.92,-0.72
diaggrid_deit_path_aux_7pct,pathmnist,vit_tiny,adamw,200,linear,none,,,energy-magnitude,blocks.8,1.0,0.0,7,6300,3,92.22,0.41,92.79,0.46,3,no,,diaggrid_deit_path_none_7pct,82.93,9.29,0.79,12.20,1.08,-2.91
diaggrid_deit_path_none_100pct,pathmnist,vit_tiny,adamw,200,linear,none,,,,,,,100,89996,3,90.04,1.17,90.73,0.33,3,no,,,,,,,,
diaggrid_deit_path_none_10pct,pathmnist,vit_tiny,adamw,200,linear,none,,,,,,,10,9000,3,84.32,3.37,81.52,3.26,3,no,,,,,,,,
diaggrid_deit_path_none_15pct,pathmnist,vit_tiny,adamw,200,linear,none,,,,,,,15,13499,3,87.95,0.60,85.86,1.19,3,no,,,,,,,,
diaggrid_deit_path_none_1pct,pathmnist,vit_tiny,adamw,200,linear,none,,,,,,,1,900,3,74.34,1.34,80.24,1.69,3,no,,,,,,,,
diaggrid_deit_path_none_20pct,pathmnist,vit_tiny,adamw,200,linear,none,,,,,,,20,17999,3,88.83,0.31,86.65,1.04,3,no,,,,,,,,
diaggrid_deit_path_none_25pct,pathmnist,vit_tiny,adamw,200,linear,none,,,,,,,25,22499,3,88.00,1.62,86.90,2.27,3,no,,,,,,,,
diaggrid_deit_path_none_2pct,pathmnist,vit_tiny,adamw,200,linear,none,,,,,,,2,1800,3,79.08,2.92,81.78,0.69,3,no,,,,,,,,
diaggrid_deit_path_none_3pct,pathmnist,vit_tiny,adamw,200,linear,none,,,,,,,3,2700,3,78.84,1.19,81.88,0.23,3,no,,,,,,,,
diaggrid_deit_path_none_50pct,pathmnist,vit_tiny,adamw,200,linear,none,,,,,,,50,44998,3,91.29,0.14,90.60,0.47,3,no,,,,,,,,
diaggrid_deit_path_none_5pct,pathmnist,vit_tiny,adamw,200,linear,none,,,,,,,5,4500,3,81.12,0.88,81.90,1.56,3,no,,,,,,,,
diaggrid_deit_path_none_7pct,pathmnist,vit_tiny,adamw,200,linear,none,,,,,,,7,6300,3,82.93,1.31,80.58,1.81,3,no,,,,,,,,
diaggrid_deit_stl_aux_100pct,stl10,vit_tiny,adamw,200,linear,none,,,energy-magnitude,blocks.8,1.0,0.0,100,5000,3,70.82,0.48,70.85,0.36,3,no,,diaggrid_deit_stl_none_100pct,51.95,18.88,0.46,17.29,0.30,1.58
diaggrid_deit_stl_aux_10pct,stl10,vit_tiny,adamw,200,linear,none,,,energy-magnitude,blocks.8,1.0,0.0,10,500,3,40.49,0.52,48.13,0.67,3,no,,diaggrid_deit_stl_none_10pct,30.71,9.78,0.37,9.61,0.51,0.17
diaggrid_deit_stl_aux_15pct,stl10,vit_tiny,adamw,200,linear,none,,,energy-magnitude,blocks.8,1.0,0.0,15,750,3,45.70,0.63,51.32,0.96,3,no,,diaggrid_deit_stl_none_15pct,34.77,10.93,0.43,10.31,0.67,0.62
diaggrid_deit_stl_aux_20pct,stl10,vit_tiny,adamw,200,linear,none,,,energy-magnitude,blocks.8,1.0,0.0,20,1000,3,49.96,0.68,54.23,0.53,3,no,,diaggrid_deit_stl_none_20pct,35.12,14.84,1.03,12.73,0.98,2.11
diaggrid_deit_stl_aux_25pct,stl10,vit_tiny,adamw,200,linear,none,,,energy-magnitude,blocks.8,1.0,0.0,25,1250,3,53.02,0.31,56.03,0.83,3,no,,diaggrid_deit_stl_none_25pct,38.20,14.82,0.88,12.62,0.58,2.20
diaggrid_deit_stl_aux_3pct,stl10,vit_tiny,adamw,200,linear,none,,,energy-magnitude,blocks.8,1.0,0.0,3,150,3,30.10,0.55,42.18,0.59,3,no,,diaggrid_deit_stl_none_3pct,26.12,3.98,0.53,6.99,0.60,-3.02
diaggrid_deit_stl_aux_50pct,stl10,vit_tiny,adamw,200,linear,none,,,energy-magnitude,blocks.8,1.0,0.0,50,2500,3,61.57,0.30,63.32,0.64,3,no,,diaggrid_deit_stl_none_50pct,43.62,17.95,0.34,16.22,0.64,1.73
diaggrid_deit_stl_aux_5pct,stl10,vit_tiny,adamw,200,linear,none,,,energy-magnitude,blocks.8,1.0,0.0,5,250,3,30.11,0.61,41.95,0.44,3,no,,diaggrid_deit_stl_none_5pct,23.42,6.69,0.92,9.58,1.21,-2.90
diaggrid_deit_stl_aux_7pct,stl10,vit_tiny,adamw,200,linear,none,,,energy-magnitude,blocks.8,1.0,0.0,7,350,3,34.41,0.97,45.62,0.64,3,no,,diaggrid_deit_stl_none_7pct,30.16,4.25,0.63,6.21,0.62,-1.96
diaggrid_deit_stl_none_100pct,stl10,vit_tiny,adamw,200,linear,none,,,,,,,100,5000,3,51.95,0.64,53.56,0.39,3,no,,,,,,,,
diaggrid_deit_stl_none_10pct,stl10,vit_tiny,adamw,200,linear,none,,,,,,,10,500,3,30.71,0.38,38.53,0.58,3,no,,,,,,,,
diaggrid_deit_stl_none_15pct,stl10,vit_tiny,adamw,200,linear,none,,,,,,,15,750,3,34.77,0.40,41.01,0.67,3,no,,,,,,,,
diaggrid_deit_stl_none_20pct,stl10,vit_tiny,adamw,200,linear,none,,,,,,,20,1000,3,35.12,1.65,41.50,1.61,3,no,,,,,,,,
diaggrid_deit_stl_none_25pct,stl10,vit_tiny,adamw,200,linear,none,,,,,,,25,1250,3,38.20,1.48,43.42,0.56,3,no,,,,,,,,
diaggrid_deit_stl_none_3pct,stl10,vit_tiny,adamw,200,linear,none,,,,,,,3,150,3,26.12,0.73,35.18,0.86,3,no,,,,,,,,
diaggrid_deit_stl_none_50pct,stl10,vit_tiny,adamw,200,linear,none,,,,,,,50,2500,3,43.62,0.51,47.10,0.92,3,no,,,,,,,,
diaggrid_deit_stl_none_5pct,stl10,vit_tiny,adamw,200,linear,none,,,,,,,5,250,3,23.42,1.48,32.37,2.05,3,no,,,,,,,,
diaggrid_deit_stl_none_7pct,stl10,vit_tiny,adamw,200,linear,none,,,,,,,7,350,3,30.16,0.51,39.41,0.86,3,no,,,,,,,,
diaggrid_deit_tin_aux_20pct,tin,vit_tiny,adamw,200,linear,none,,,energy-magnitude,blocks.8,1.0,0.0,20,20000,3,35.41,0.45,40.37,0.26,3,no,,diaggrid_deit_tin_none_20pct,19.22,16.18,2.63,15.30,2.78,0.88
diaggrid_deit_tin_aux_3pct,tin,vit_tiny,adamw,200,linear,none,,,energy-magnitude,blocks.8,1.0,0.0,3,3000,3,14.43,0.59,26.12,0.36,3,no,,diaggrid_deit_tin_none_3pct,6.24,8.19,0.37,14.38,0.32,-6.19
diaggrid_deit_tin_aux_50pct,tin,vit_tiny,adamw,200,linear,none,,,energy-magnitude,blocks.8,1.0,0.0,50,50000,3,47.74,0.16,48.96,0.34,3,no,,diaggrid_deit_tin_none_50pct,38.74,9.00,0.40,7.73,0.36,1.28
diaggrid_deit_tin_aux_7pct,tin,vit_tiny,adamw,200,linear,none,,,energy-magnitude,blocks.8,1.0,0.0,7,7000,3,22.76,0.73,31.87,0.63,3,no,,diaggrid_deit_tin_none_7pct,9.43,13.33,0.80,17.25,1.09,-3.91
diaggrid_deit_tin_none_20pct,tin,vit_tiny,adamw,200,linear,none,,,,,,,20,20000,3,19.22,4.53,25.07,4.81,3,no,,,,,,,,
diaggrid_deit_tin_none_3pct,tin,vit_tiny,adamw,200,linear,none,,,,,,,3,3000,3,6.24,0.25,11.74,0.43,3,no,,,,,,,,
diaggrid_deit_tin_none_50pct,tin,vit_tiny,adamw,200,linear,none,,,,,,,50,50000,3,38.74,0.67,41.24,0.53,3,no,,,,,,,,
diaggrid_deit_tin_none_7pct,tin,vit_tiny,adamw,200,linear,none,,,,,,,7,7000,3,9.43,1.18,14.63,1.79,3,no,,,,,,,,
diaggrid_deitdino_10pct,cifar100,vit_tiny,adamw,200,linear,none,yes,,,,,,10,5000,3,25.98,2.92,34.21,3.43,3,no,,diagdeit_none_10pct,20.28,5.70,1.90,6.21,2.24,-0.52
diaggrid_dino_c100_100pct,cifar100,vit_tiny,adamw,200,linear,none,yes,,,,,,100,50000,3,62.30,0.40,,,,no,,diagvit_none_100pct,50.61,11.68,0.37,,,
diaggrid_dino_c100_10pct,cifar100,vit_tiny,adamw,200,linear,none,yes,,,,,,10,5000,3,24.60,0.91,32.67,0.43,3,no,,diagvit_none_10pct,16.47,8.13,0.60,8.24,0.51,-0.11
diaggrid_dino_c100_15pct,cifar100,vit_tiny,adamw,200,linear,none,yes,,,,,,15,7500,3,31.93,0.66,38.87,0.75,3,no,,diagvit_none_15pct,21.23,10.70,0.49,11.04,0.49,-0.34
diaggrid_dino_c100_1pct,cifar100,vit_tiny,adamw,200,linear,none,yes,,,,,,1,500,3,6.27,0.41,16.10,0.23,3,no,,diagvit_none_1pct,6.40,-0.13,0.32,-0.66,0.19,0.54
diaggrid_dino_c100_20pct,cifar100,vit_tiny,adamw,200,linear,none,yes,,,,,,20,10000,3,37.40,0.61,43.19,0.43,3,no,,diaggrid_c100_vit_adamw_3800f8_20pct,25.91,11.48,0.37,11.06,0.40,0.43
diaggrid_dino_c100_25pct,cifar100,vit_tiny,adamw,200,linear,none,yes,,,,,,25,12500,3,40.97,0.25,45.76,0.37,3,no,,diagvit_none_25pct,28.50,12.47,0.39,12.01,0.35,0.46
diaggrid_dino_c100_2pct,cifar100,vit_tiny,adamw,200,linear,none,yes,,,,,,2,1000,3,8.98,0.31,,,,no,,diagvit_none_2pct,8.91,0.07,0.31,,,
diaggrid_dino_c100_3pct,cifar100,vit_tiny,adamw,200,linear,none,yes,,,,,,3,1500,3,10.82,0.32,20.00,0.55,3,no,,diagvit_none_3pct,9.97,0.84,0.20,1.54,0.37,-0.70
diaggrid_dino_c100_50pct,cifar100,vit_tiny,adamw,200,linear,none,yes,,,,,,50,25000,3,51.86,0.52,53.34,0.52,3,no,,diaggrid_c100_vit_adamw_3800f8_50pct,37.45,14.41,0.58,12.83,0.61,1.58
diaggrid_dino_c100_5pct,cifar100,vit_tiny,adamw,200,linear,none,yes,,,,,,5,2500,3,15.22,0.54,24.52,0.51,3,no,,diagvit_none_5pct,12.25,2.97,0.57,4.13,0.62,-1.16
diaggrid_dino_c100_7pct,cifar100,vit_tiny,adamw,200,linear,none,yes,,,,,,7,3500,3,19.01,0.31,28.09,0.63,3,no,,diagvit_none_7pct,14.35,4.66,0.29,5.87,0.42,-1.21
diaggrid_dino_c10_100pct,cifar10,vit_tiny,adamw,200,linear,none,yes,,,,,,100,50000,3,88.71,0.12,,,,no,,diaggrid_vit_c10_none_100pct,80.83,7.88,0.90,,,
diaggrid_dino_c10_10pct,cifar10,vit_tiny,adamw,200,linear,none,yes,,,,,,10,5000,3,63.11,0.65,66.28,0.71,3,no,,diaggrid_vit_c10_none_10pct,52.25,10.87,1.00,8.55,0.90,2.31
diaggrid_dino_c10_15pct,cifar10,vit_tiny,adamw,200,linear,none,yes,,,,,,15,7500,3,68.03,0.33,70.78,0.40,3,no,,diaggrid_vit_c10_none_15pct,61.21,6.82,1.08,5.35,0.96,1.47
diaggrid_dino_c10_1pct,cifar10,vit_tiny,adamw,200,linear,none,yes,,,,,,1,500,3,30.64,0.93,38.73,0.48,3,no,,diaggrid_vit_c10_none_1pct,29.86,0.78,0.57,-1.15,0.36,1.93
diaggrid_dino_c10_20pct,cifar10,vit_tiny,adamw,200,linear,none,yes,,,,,,20,10000,3,71.99,0.35,73.91,0.29,3,no,,diaggrid_vit_c10_none_20pct,60.35,11.64,2.12,9.76,1.85,1.88
diaggrid_dino_c10_25pct,cifar10,vit_tiny,adamw,200,linear,none,yes,,,,,,25,12500,3,74.49,0.08,76.36,0.27,3,no,,diaggrid_vit_c10_none_25pct,68.58,5.91,0.57,5.02,0.33,0.88
diaggrid_dino_c10_2pct,cifar10,vit_tiny,adamw,200,linear,none,yes,,,,,,2,1000,3,37.17,1.64,46.12,1.85,3,no,,diaggrid_vit_c10_none_2pct,35.30,1.87,0.95,1.67,1.11,0.20
diaggrid_dino_c10_3pct,cifar10,vit_tiny,adamw,200,linear,none,yes,,,,,,3,1500,3,42.16,0.63,49.60,0.69,3,no,,diaggrid_vit_c10_none_3pct,38.11,4.05,0.63,2.82,0.64,1.24
diaggrid_dino_c10_50pct,cifar10,vit_tiny,adamw,200,linear,none,yes,,,,,,50,25000,3,81.39,0.63,81.99,0.36,3,no,,diaggrid_vit_c10_none_50pct,75.14,6.25,0.63,5.82,0.63,0.43
diaggrid_dino_c10_5pct,cifar10,vit_tiny,adamw,200,linear,none,yes,,,,,,5,2500,3,51.00,0.21,56.68,0.35,3,no,,diaggrid_vit_c10_none_5pct,45.31,5.69,1.17,4.72,0.86,0.97
diaggrid_dino_c10_7pct,cifar10,vit_tiny,adamw,200,linear,none,yes,,,,,,7,3500,3,56.84,0.33,61.13,0.38,3,no,,diaggrid_vit_c10_none_7pct,48.39,8.45,1.36,6.40,0.82,2.04
diaggrid_dino_cub_100pct,cub,vit_tiny,adamw,200,linear,none,yes,,,,,,100,5994,3,12.39,0.33,12.37,0.26,3,no,,diaggrid_vit_cub_none_100pct,8.54,3.85,0.29,3.80,0.29,0.05
diaggrid_dino_cub_10pct,cub,vit_tiny,adamw,200,linear,none,yes,,,,,,10,599,3,2.19,0.20,3.72,0.22,3,no,,diaggrid_vit_cub_none_10pct,2.30,-0.10,0.12,0.18,0.18,-0.28
diaggrid_dino_cub_15pct,cub,vit_tiny,adamw,200,linear,none,yes,,,,,,15,899,3,2.69,0.21,4.04,0.06,3,no,,diaggrid_vit_cub_none_15pct,2.40,0.28,0.13,0.03,0.12,0.25
diaggrid_dino_cub_20pct,cub,vit_tiny,adamw,200,linear,none,yes,,,,,,20,1199,3,3.33,0.14,4.46,0.18,3,no,,diaggrid_vit_cub_none_20pct,3.19,0.14,0.12,0.38,0.19,-0.24
diaggrid_dino_cub_25pct,cub,vit_tiny,adamw,200,linear,none,yes,,,,,,25,1498,3,3.99,0.40,5.01,0.45,3,no,,diaggrid_vit_cub_none_25pct,3.95,0.05,0.27,0.28,0.33,-0.23
diaggrid_dino_cub_3pct,cub,vit_tiny,adamw,200,linear,none,yes,,,,,,3,180,3,1.14,0.05,3.22,0.04,3,no,,diaggrid_vit_cub_none_3pct,1.06,0.07,0.04,-0.02,0.06,0.10
diaggrid_dino_cub_50pct,cub,vit_tiny,adamw,200,linear,none,yes,,,,,,50,2997,3,6.64,0.51,6.98,0.30,3,no,,diaggrid_vit_cub_none_50pct,4.91,1.74,0.39,1.96,0.24,-0.22
diaggrid_dino_cub_5pct,cub,vit_tiny,adamw,200,linear,none,yes,,,,,,5,300,3,1.73,0.27,3.45,0.18,3,no,,diaggrid_vit_cub_none_5pct,1.67,0.06,0.18,-0.10,0.19,0.16
diaggrid_dino_cub_7pct,cub,vit_tiny,adamw,200,linear,none,yes,,,,,,7,420,3,1.58,0.04,3.39,0.16,3,no,,diaggrid_vit_cub_none_7pct,1.69,-0.11,0.05,-0.25,0.16,0.14
diaggrid_dino_dtd_100pct,dtd,vit_tiny,adamw,200,linear,none,yes,,,,,,100,3760,3,24.52,0.83,24.54,1.05,3,no,,diaggrid_vit_dtd_none_100pct,21.86,2.66,0.79,2.52,1.02,0.14
diaggrid_dino_dtd_10pct,dtd,vit_tiny,adamw,200,linear,none,yes,,,,,,10,376,3,8.76,0.12,13.99,0.67,3,no,,diaggrid_vit_dtd_none_10pct,8.30,0.46,0.43,0.07,0.47,0.39
diaggrid_dino_dtd_15pct,dtd,vit_tiny,adamw,200,linear,none,yes,,,,,,15,564,3,9.31,0.05,14.01,0.34,3,no,,diaggrid_vit_dtd_none_15pct,10.00,-0.69,0.19,-0.66,0.22,-0.04
diaggrid_dino_dtd_20pct,dtd,vit_tiny,adamw,200,linear,none,yes,,,,,,20,752,3,10.96,0.23,14.59,0.51,3,no,,diaggrid_vit_dtd_none_20pct,11.10,-0.14,0.28,-0.12,0.33,-0.02
diaggrid_dino_dtd_25pct,dtd,vit_tiny,adamw,200,linear,none,yes,,,,,,25,940,3,11.88,0.64,14.96,0.11,3,no,,diaggrid_vit_dtd_none_25pct,12.04,-0.16,1.08,0.37,0.33,-0.53
diaggrid_dino_dtd_50pct,dtd,vit_tiny,adamw,200,linear,none,yes,,,,,,50,1880,3,15.30,0.43,16.93,0.72,3,no,,diaggrid_vit_dtd_none_50pct,13.94,1.37,0.45,0.96,0.47,0.41
diaggrid_dino_dtd_5pct,dtd,vit_tiny,adamw,200,linear,none,yes,,,,,,5,188,3,6.74,0.19,14.33,1.14,3,no,,diaggrid_vit_dtd_none_5pct,6.88,-0.14,0.33,0.21,0.79,-0.35
diaggrid_dino_dtd_7pct,dtd,vit_tiny,adamw,200,linear,none,yes,,,,,,7,263,3,8.28,0.17,13.39,0.40,3,no,,diaggrid_vit_dtd_none_7pct,8.24,0.04,0.15,-1.58,0.34,1.61
diaggrid_dino_esat_100pct,eurosat,vit_tiny,adamw,200,linear,none,yes,,,,,,100,21600,3,97.03,0.17,97.09,0.18,3,no,,diaggrid_vit_esat_none_100pct,96.20,0.83,0.11,0.94,0.12,-0.12
diaggrid_dino_esat_10pct,eurosat,vit_tiny,adamw,200,linear,none,yes,,,,,,10,2160,3,85.62,0.41,88.10,0.18,3,no,,diaggrid_vit_esat_none_10pct,85.29,0.33,0.32,-0.44,0.28,0.77
diaggrid_dino_esat_15pct,eurosat,vit_tiny,adamw,200,linear,none,yes,,,,,,15,3240,3,88.75,0.33,90.33,0.16,3,no,,diaggrid_vit_esat_none_15pct,88.32,0.43,0.24,0.03,0.21,0.40
diaggrid_dino_esat_1pct,eurosat,vit_tiny,adamw,200,linear,none,yes,,,,,,1,216,3,61.51,1.62,74.93,1.16,3,no,,diaggrid_vit_esat_none_1pct,60.58,0.93,1.33,-1.11,0.70,2.04
diaggrid_dino_esat_20pct,eurosat,vit_tiny,adamw,200,linear,none,yes,,,,,,20,4320,3,90.91,0.20,92.09,0.17,3,no,,diaggrid_vit_esat_none_20pct,90.27,0.64,0.18,0.78,0.12,-0.15
diaggrid_dino_esat_25pct,eurosat,vit_tiny,adamw,200,linear,none,yes,,,,,,25,5400,3,92.29,0.37,93.32,0.41,3,no,,diaggrid_vit_eurosat_none_25pct,91.14,1.15,0.28,1.04,0.32,0.11
diaggrid_dino_esat_2pct,eurosat,vit_tiny,adamw,200,linear,none,yes,,,,,,2,432,3,70.73,0.29,78.56,0.40,3,no,,diaggrid_vit_esat_none_2pct,71.30,-0.56,0.60,-0.87,0.87,0.31
diaggrid_dino_esat_3pct,eurosat,vit_tiny,adamw,200,linear,none,yes,,,,,,3,648,3,74.91,0.74,80.93,1.03,3,no,,diaggrid_vit_esat_none_3pct,75.64,-0.73,0.45,-1.51,0.66,0.78
diaggrid_dino_esat_50pct,eurosat,vit_tiny,adamw,200,linear,none,yes,,,,,,50,10800,3,95.20,0.06,95.54,0.18,3,no,,diaggrid_vit_esat_none_50pct,94.39,0.81,0.05,1.17,0.11,-0.36
diaggrid_dino_esat_5pct,eurosat,vit_tiny,adamw,200,linear,none,yes,,,,,,5,1080,3,80.22,0.78,84.93,0.97,3,no,,diaggrid_vit_eurosat_none_5pct,81.96,-1.74,0.62,-1.38,0.76,-0.36
diaggrid_dino_esat_7pct,eurosat,vit_tiny,adamw,200,linear,none,yes,,,,,,7,1512,3,83.02,1.18,86.63,0.98,3,no,,diaggrid_vit_esat_none_7pct,83.96,-0.94,0.80,-0.70,0.73,-0.24
diaggrid_dino_food_100pct,food101,vit_tiny,adamw,200,linear,none,yes,,,,,,100,75750,3,51.70,0.86,52.07,0.86,3,no,,diaggrid_vit_food_none_100pct,36.38,15.31,0.59,,,
diaggrid_dino_food_10pct,food101,vit_tiny,adamw,200,linear,none,yes,,,,,,10,7575,3,14.95,0.20,22.13,0.36,3,no,,diaggrid_vit_food_none_10pct,8.97,5.98,0.33,7.00,0.46,-1.01
diaggrid_dino_food_15pct,food101,vit_tiny,adamw,200,linear,none,yes,,,,,,15,11362,3,19.86,0.05,26.22,0.29,3,no,,diaggrid_vit_food_none_15pct,12.01,7.84,0.25,8.38,0.37,-0.54
diaggrid_dino_food_1pct,food101,vit_tiny,adamw,200,linear,none,yes,,,,,,1,758,3,3.28,0.14,9.70,0.08,3,no,,diaggrid_vit_food_none_1pct,3.21,0.07,0.10,-0.10,0.25,0.17
diaggrid_dino_food_20pct,food101,vit_tiny,adamw,200,linear,none,yes,,,,,,20,15150,3,24.31,0.94,29.66,1.05,3,no,,diaggrid_vit_food_none_20pct,14.51,9.80,0.67,9.67,0.70,0.13
diaggrid_dino_food_25pct,food101,vit_tiny,adamw,200,linear,none,yes,,,,,,25,18938,3,28.28,0.50,32.69,0.42,3,no,,diaggrid_vit_food101_none_25pct,16.77,11.51,0.36,10.99,0.43,0.52
diaggrid_dino_food_2pct,food101,vit_tiny,adamw,200,linear,none,yes,,,,,,2,1515,3,4.59,0.13,11.54,0.51,3,no,,diaggrid_vit_food_none_2pct,4.29,0.30,0.14,0.83,0.39,-0.53
diaggrid_dino_food_3pct,food101,vit_tiny,adamw,200,linear,none,yes,,,,,,3,2272,3,5.57,0.12,12.43,0.38,3,no,,diaggrid_vit_food_none_3pct,5.21,0.36,0.16,0.98,0.25,-0.62
diaggrid_dino_food_50pct,food101,vit_tiny,adamw,200,linear,none,yes,,,,,,50,37875,3,40.37,0.60,42.31,0.57,3,no,,diaggrid_vit_food_none_50pct,25.59,14.78,0.46,13.99,0.43,0.79
diaggrid_dino_food_5pct,food101,vit_tiny,adamw,200,linear,none,yes,,,,,,5,3788,3,8.00,0.11,15.16,0.22,3,no,,diaggrid_vit_food101_none_5pct,6.17,1.83,0.10,2.49,0.24,-0.65
diaggrid_dino_food_7pct,food101,vit_tiny,adamw,200,linear,none,yes,,,,,,7,5302,3,10.22,0.97,17.84,1.11,3,no,,diaggrid_vit_food_none_7pct,7.02,3.20,0.59,4.47,0.72,-1.27
diaggrid_dino_path_100pct,pathmnist,vit_tiny,adamw,200,linear,none,yes,,,,,,100,89996,3,87.52,1.86,87.74,1.60,3,no,,diaggrid_vit_path_none_100pct,82.11,5.41,1.44,6.43,1.08,-1.02
diaggrid_dino_path_10pct,pathmnist,vit_tiny,adamw,200,linear,none,yes,,,,,,10,9000,3,87.53,0.04,86.31,0.35,3,no,,diaggrid_vit_path_none_10pct,79.62,7.91,0.52,8.12,0.80,-0.21
diaggrid_dino_path_15pct,pathmnist,vit_tiny,adamw,200,linear,none,yes,,,,,,15,13499,3,88.57,1.24,86.60,0.78,3,no,,diaggrid_vit_path_none_15pct,80.32,8.25,0.94,9.75,0.89,-1.51
diaggrid_dino_path_1pct,pathmnist,vit_tiny,adamw,200,linear,none,yes,,,,,,1,900,3,75.14,0.86,78.03,1.07,3,no,,diaggrid_vit_path_none_1pct,70.98,4.16,1.60,1.61,1.06,2.55
diaggrid_dino_path_20pct,pathmnist,vit_tiny,adamw,200,linear,none,yes,,,,,,20,17999,3,88.95,0.61,86.63,0.62,3,no,,diaggrid_vit_path_none_20pct,80.97,7.98,0.57,9.45,0.66,-1.47
diaggrid_dino_path_25pct,pathmnist,vit_tiny,adamw,200,linear,none,yes,,,,,,25,22499,3,87.86,0.79,85.20,2.24,3,no,,diaggrid_vit_pathmnist_none_25pct,79.66,8.20,0.54,9.33,1.33,-1.12
diaggrid_dino_path_2pct,pathmnist,vit_tiny,adamw,200,linear,none,yes,,,,,,2,1800,3,79.92,1.99,79.93,2.24,3,no,,diaggrid_vit_path_none_2pct,74.73,5.19,1.91,3.43,1.76,1.76
diaggrid_dino_path_3pct,pathmnist,vit_tiny,adamw,200,linear,none,yes,,,,,,3,2700,3,79.99,2.73,80.45,1.99,3,no,,diaggrid_vit_path_none_3pct,73.72,6.27,2.01,4.29,1.82,1.98
diaggrid_dino_path_50pct,pathmnist,vit_tiny,adamw,200,linear,none,yes,,,,,,50,44998,3,88.77,0.91,86.69,0.74,3,no,,diaggrid_vit_path_none_50pct,81.71,7.06,0.61,9.22,0.58,-2.16
diaggrid_dino_path_5pct,pathmnist,vit_tiny,adamw,200,linear,none,yes,,,,,,5,4500,3,83.31,0.95,83.47,0.90,3,no,,diaggrid_vit_pathmnist_none_5pct,76.83,6.48,0.64,5.56,1.07,0.91
diaggrid_dino_path_7pct,pathmnist,vit_tiny,adamw,200,linear,none,yes,,,,,,7,6300,3,87.21,0.53,86.06,0.30,3,no,,diaggrid_vit_path_none_7pct,79.13,8.08,1.51,7.63,1.37,0.45
diaggrid_dino_stl_100pct,stl10,vit_tiny,adamw,200,linear,none,yes,,,,,,100,5000,3,58.44,1.31,58.90,1.05,3,no,,diaggrid_vit_stl_none_100pct,54.99,3.45,0.77,3.87,0.64,-0.42
diaggrid_dino_stl_10pct,stl10,vit_tiny,adamw,200,linear,none,yes,,,,,,10,500,3,32.80,0.10,39.53,0.48,3,no,,diaggrid_vit_stl_none_10pct,32.02,0.78,0.08,0.11,0.33,0.67
diaggrid_dino_stl_15pct,stl10,vit_tiny,adamw,200,linear,none,yes,,,,,,15,750,3,33.62,0.22,39.99,0.31,3,no,,diaggrid_vit_stl_none_15pct,33.18,0.44,0.33,0.17,0.35,0.27
diaggrid_dino_stl_20pct,stl10,vit_tiny,adamw,200,linear,none,yes,,,,,,20,1000,3,36.37,0.45,41.99,0.52,3,no,,diaggrid_vit_stl_none_20pct,35.10,1.27,0.77,1.35,0.86,-0.09
diaggrid_dino_stl_25pct,stl10,vit_tiny,adamw,200,linear,none,yes,,,,,,25,1250,3,38.83,0.87,43.93,0.24,3,no,,diaggrid_vit_stl_none_25pct,37.77,1.06,0.83,1.12,0.56,-0.06
diaggrid_dino_stl_3pct,stl10,vit_tiny,adamw,200,linear,none,yes,,,,,,3,150,3,26.39,0.48,35.32,0.71,3,no,,diaggrid_vit_stl_none_3pct,24.35,2.04,0.39,0.47,0.69,1.57
diaggrid_dino_stl_50pct,stl10,vit_tiny,adamw,200,linear,none,yes,,,,,,50,2500,3,48.27,0.53,51.09,0.41,3,no,,diaggrid_vit_stl_none_50pct,45.33,2.94,0.43,2.63,0.62,0.31
diaggrid_dino_stl_5pct,stl10,vit_tiny,adamw,200,linear,none,yes,,,,,,5,250,3,28.75,0.35,36.50,0.44,3,no,,diaggrid_vit_stl_none_5pct,29.50,-0.75,0.30,-0.23,0.26,-0.52
diaggrid_dino_stl_7pct,stl10,vit_tiny,adamw,200,linear,none,yes,,,,,,7,350,3,31.02,0.87,38.51,0.30,3,no,,diaggrid_vit_stl_none_7pct,30.28,0.74,0.79,0.09,0.43,0.65
diaggrid_dino_tin_100pct,tin,vit_tiny,adamw,200,linear,none,yes,,,,,,100,100000,3,47.08,0.28,47.35,0.13,3,no,,diagvit_none_tin_100pct,34.81,12.27,0.31,12.21,0.23,0.06
diaggrid_dino_tin_10pct,tin,vit_tiny,adamw,200,linear,none,yes,,,,,,10,10000,3,16.98,0.47,24.58,0.56,3,no,,diagvit_none_tin_10pct,8.60,8.38,0.36,10.39,0.42,-2.00
diaggrid_dino_tin_15pct,tin,vit_tiny,adamw,200,linear,none,yes,,,,,,15,15000,3,21.75,0.24,27.84,0.54,3,no,,diagvit_none_tin_15pct,10.92,10.84,0.32,11.55,0.49,-0.71
diaggrid_dino_tin_1pct,tin,vit_tiny,adamw,200,linear,none,yes,,,,,,1,1000,3,3.41,0.34,9.37,0.38,3,no,,diagvit_none_tin_1pct,3.45,-0.03,0.20,-0.52,0.25,0.49
diaggrid_dino_tin_20pct,tin,vit_tiny,adamw,200,linear,none,yes,,,,,,20,20000,3,24.67,0.31,30.06,0.37,3,no,,diaggrid_tin_vit_adamw_95e854_20pct,13.29,11.38,0.26,11.85,0.31,-0.47
diaggrid_dino_tin_25pct,tin,vit_tiny,adamw,200,linear,none,yes,,,,,,25,25000,3,27.22,0.15,31.64,0.34,3,no,,diagvit_none_tin_25pct,15.86,11.36,0.52,11.15,0.74,0.21
diaggrid_dino_tin_2pct,tin,vit_tiny,adamw,200,linear,none,yes,,,,,,2,2000,3,4.51,0.12,11.19,0.03,3,no,,diagvit_none_tin_2pct,4.17,0.34,0.08,0.98,0.22,-0.64
diaggrid_dino_tin_3pct,tin,vit_tiny,adamw,200,linear,none,yes,,,,,,3,3000,3,5.93,0.23,12.58,0.24,3,no,,diaggrid_tin_vit_adamw_95e854_3pct,5.17,0.77,0.19,1.77,0.43,-1.01
diaggrid_dino_tin_50pct,tin,vit_tiny,adamw,200,linear,none,yes,,,,,,50,50000,3,36.82,0.70,38.90,0.64,3,no,,diaggrid_tin_vit_adamw_95e854_50pct,24.81,12.01,0.54,11.60,0.54,0.41
diaggrid_dino_tin_5pct,tin,vit_tiny,adamw,200,linear,none,yes,,,,,,5,5000,3,9.26,0.24,16.95,0.07,3,no,,diagvit_none_tin_5pct,6.02,3.24,0.17,4.93,0.24,-1.69
diaggrid_dino_tin_7pct,tin,vit_tiny,adamw,200,linear,none,yes,,,,,,7,7000,3,13.06,0.36,20.95,0.53,3,no,,diaggrid_tin_vit_adamw_95e854_7pct,7.13,5.93,0.21,7.95,0.31,-2.01
diaggrid_dino_vit_10pct,cifar100,vit_tiny,adamw,200,linear,none,yes,,,,,,10,5000,3,24.60,0.91,32.67,0.43,3,no,,diagvit_none_10pct,16.47,8.13,0.60,8.25,0.51,-0.12
diaggrid_dino_vit_25pct,cifar100,vit_tiny,adamw,200,linear,none,yes,,,,,,25,12500,3,40.97,0.25,45.76,0.38,3,no,,diagvit_none_25pct,28.50,12.47,0.39,12.00,0.35,0.47
diaggrid_dino_vit_5pct,cifar100,vit_tiny,adamw,200,linear,none,yes,,,,,,5,2500,3,15.22,0.54,24.52,0.51,3,no,,diagvit_none_5pct,12.25,2.97,0.57,4.13,0.62,-1.16
diaggrid_dinoaux_vit_10pct,cifar100,vit_tiny,adamw,200,linear,none,yes,,energy-magnitude,blocks.8,1.0,0.0,10,5000,3,30.66,0.10,39.45,0.53,3,no,,diagvit_none_10pct,16.47,14.19,0.29,15.02,0.54,-0.83
diaggrid_dinoaux_vit_5pct,cifar100,vit_tiny,adamw,200,linear,none,yes,,energy-magnitude,blocks.8,1.0,0.0,5,2500,3,22.62,0.24,34.15,0.55,3,no,,diagvit_none_5pct,12.25,10.38,0.50,13.76,0.63,-3.38
diaggrid_simclr_c100_100pct,cifar100,resnet18,sgd,200,linear,none,yes,,,,,,100,50000,3,78.50,0.15,78.36,0.11,3,no,,ablf_none,78.52,-0.02,0.13,,,
diaggrid_simclr_c100_10pct,cifar100,resnet18,sgd,200,linear,none,yes,,,,,,10,5000,3,48.89,0.51,55.07,0.34,3,no,,abl10_none,40.28,8.61,0.34,7.13,0.25,1.47
diaggrid_simclr_c100_15pct,cifar100,resnet18,sgd,200,linear,none,yes,,,,,,15,7500,3,57.16,0.25,60.31,0.23,3,no,,abl15_none,50.09,7.07,0.30,5.69,0.24,1.38
diaggrid_simclr_c100_1pct,cifar100,resnet18,sgd,200,linear,none,yes,,,,,,1,500,3,11.30,0.24,32.37,0.35,3,no,,abl1_none,8.95,2.35,0.14,5.75,0.22,-3.40
diaggrid_simclr_c100_20pct,cifar100,resnet18,sgd,200,linear,none,yes,,,,,,20,10000,3,60.39,0.33,62.52,0.19,3,no,,grid_c100_r18_3a0225_20pct,57.00,3.39,0.32,2.34,0.31,1.05
diaggrid_simclr_c100_25pct,cifar100,resnet18,sgd,200,linear,none,yes,,,,,,25,12500,3,63.73,0.17,64.96,0.55,3,no,,abl25_none,61.35,2.38,0.28,1.78,0.34,0.60
diaggrid_simclr_c100_2pct,cifar100,resnet18,sgd,200,linear,none,yes,,,,,,2,1000,3,18.93,0.44,38.76,0.24,3,no,,abl2_none,14.17,4.76,0.27,8.93,0.29,-4.18
diaggrid_simclr_c100_3pct,cifar100,resnet18,sgd,200,linear,none,yes,,,,,,3,1500,3,24.59,0.22,41.28,0.33,3,no,,abl3_none,18.47,6.12,0.13,8.51,0.22,-2.39
diaggrid_simclr_c100_50pct,cifar100,resnet18,sgd,200,linear,none,yes,,,,,,50,25000,3,71.92,0.11,71.30,0.08,3,no,,grid_c100_r18_3a0225_50pct,71.79,0.14,0.08,0.21,0.13,-0.07
diaggrid_simclr_c100_5pct,cifar100,resnet18,sgd,200,linear,none,yes,,,,,,5,2500,3,34.68,0.11,46.61,0.44,3,no,,abl5_none,25.36,9.32,0.19,9.39,0.30,-0.07
diaggrid_simclr_c100_7pct,cifar100,resnet18,sgd,200,linear,none,yes,,,,,,7,3500,3,41.74,0.56,50.56,0.55,3,no,,abl7_none,32.09,9.65,0.51,8.32,0.45,1.33
diaggrid_simclr_c10_100pct,cifar10,resnet18,sgd,200,linear,none,yes,,,,,,100,50000,3,95.24,0.10,95.23,0.06,3,no,,c10_none_100pct,95.28,-0.03,0.17,,,
diaggrid_simclr_c10_10pct,cifar10,resnet18,sgd,200,linear,none,yes,,,,,,10,5000,3,83.46,0.10,84.81,0.11,3,no,,c10_none_10pct,80.71,2.75,0.57,2.27,0.31,0.48
diaggrid_simclr_c10_15pct,cifar10,resnet18,sgd,200,linear,none,yes,,,,,,15,7500,3,86.89,0.18,87.62,0.16,3,no,,c10_none_15pct,85.65,1.24,0.22,,,
diaggrid_simclr_c10_1pct,cifar10,resnet18,sgd,200,linear,none,yes,,,,,,1,500,3,46.17,0.35,59.48,1.07,3,no,,c10_none_1pct,39.15,7.02,0.22,5.82,0.63,1.21
diaggrid_simclr_c10_20pct,cifar10,resnet18,sgd,200,linear,none,yes,,,,,,20,10000,3,88.71,0.17,89.14,0.05,3,no,,grid_c10_r18_ebb591_20pct,87.95,0.76,0.16,0.86,0.14,-0.10
diaggrid_simclr_c10_25pct,cifar10,resnet18,sgd,200,linear,none,yes,,,,,,25,12500,3,89.95,0.12,90.25,0.15,3,no,,c10_none_25pct,89.26,0.68,0.15,0.73,0.13,-0.04
diaggrid_simclr_c10_2pct,cifar10,resnet18,sgd,200,linear,none,yes,,,,,,2,1000,3,59.78,0.56,67.53,0.57,3,no,,c10_none_2pct,51.71,8.07,0.40,6.56,0.36,1.51
diaggrid_simclr_c10_3pct,cifar10,resnet18,sgd,200,linear,none,yes,,,,,,3,1500,3,66.14,0.51,72.02,0.39,3,no,,c10_none_3pct,60.13,6.01,0.69,,,
diaggrid_simclr_c10_50pct,cifar10,resnet18,sgd,200,linear,none,yes,,,,,,50,25000,3,93.37,0.15,93.35,0.03,3,no,,grid_c10_r18_ebb591_50pct,93.01,0.36,0.12,0.20,,0.16
diaggrid_simclr_c10_5pct,cifar10,resnet18,sgd,200,linear,none,yes,,,,,,5,2500,3,75.41,0.88,78.57,0.75,3,no,,c10_none_5pct,69.05,6.36,0.52,5.88,0.46,0.48
diaggrid_simclr_c10_7pct,cifar10,resnet18,sgd,200,linear,none,yes,,,,,,7,3500,3,79.65,0.04,81.72,0.22,3,no,,c10_none_7pct,75.22,4.42,0.38,3.58,0.47,0.85
diaggrid_simclr_cub_10pct,cub,resnet18,sgd,200,linear,none,yes,,,,,,10,599,3,2.84,0.21,6.94,0.36,3,no,,grid_cub_r18_d85097_10pct,1.85,1.00,0.13,2.04,0.21,-1.04
diaggrid_simclr_cub_15pct,cub,resnet18,sgd,200,linear,none,yes,,,,,,15,899,3,3.97,0.25,7.72,0.13,3,no,,grid_cub_r18_d85097_15pct,2.56,1.41,0.19,2.33,0.14,-0.92
diaggrid_simclr_cub_20pct,cub,resnet18,sgd,200,linear,none,yes,,,,,,20,1199,3,6.74,0.17,10.94,0.60,3,no,,grid_cub_r18_d85097_20pct,3.92,2.81,0.19,3.70,0.41,-0.89
diaggrid_simclr_cub_3pct,cub,resnet18,sgd,200,linear,none,yes,,,,,,3,180,3,1.06,0.04,4.23,0.03,3,no,,grid_cub_r18_d85097_3pct,0.98,0.09,0.04,0.72,0.03,-0.63
diaggrid_simclr_cub_50pct,cub,resnet18,sgd,200,linear,none,yes,,,,,,50,2997,3,23.85,1.16,24.00,0.96,3,no,,grid_cub_r18_d85097_50pct,15.88,7.97,0.68,6.46,0.61,1.51
diaggrid_simclr_cub_5pct,cub,resnet18,sgd,200,linear,none,yes,,,,,,5,300,3,2.11,0.07,5.90,0.18,3,no,,grid_cub_r18_d85097_5pct,1.52,0.59,0.06,1.71,0.13,-1.12
diaggrid_simclr_cub_7pct,cub,resnet18,sgd,200,linear,none,yes,,,,,,7,420,3,2.02,0.16,6.18,0.26,3,no,,grid_cub_r18_d85097_7pct,1.45,0.57,0.09,2.07,0.20,-1.50
diaggrid_simclr_dtd_15pct,dtd,resnet18,sgd,200,linear,none,yes,,,,,,15,564,3,22.57,0.40,31.33,1.03,3,no,,grid_dtd_r18_0ca6c1_15pct,13.58,8.99,0.38,9.52,0.62,-0.53
diaggrid_simclr_dtd_20pct,dtd,resnet18,sgd,200,linear,none,yes,,,,,,20,752,3,26.29,1.54,33.88,0.56,3,no,,grid_dtd_r18_0ca6c1_20pct,14.75,11.54,0.96,12.02,0.51,-0.48
diaggrid_simclr_dtd_50pct,dtd,resnet18,sgd,200,linear,none,yes,,,,,,50,1880,3,41.54,0.56,43.63,0.48,3,no,,grid_dtd_r18_0ca6c1_50pct,26.03,15.51,0.55,13.88,0.63,1.63
diaggrid_simclr_dtd_7pct,dtd,resnet18,sgd,200,linear,none,yes,,,,,,7,263,3,12.89,0.92,24.65,0.08,3,no,,grid_dtd_r18_0ca6c1_7pct,9.75,3.14,0.57,5.46,0.31,-2.32
diaggrid_simclr_esat_100pct,eurosat,resnet18,sgd,200,linear,none,yes,,,,,,100,21600,3,98.63,0.06,98.61,0.08,3,no,,grid_esat_r18_e99fb4_100pct,98.73,-0.10,0.04,-0.13,0.08,0.02
diaggrid_simclr_esat_10pct,eurosat,resnet18,sgd,200,linear,none,yes,,,,,,10,2160,3,94.13,0.23,95.78,0.28,3,no,,grid_esat_r18_e99fb4_10pct,93.67,0.46,0.29,-0.25,0.19,0.71
diaggrid_simclr_esat_15pct,eurosat,resnet18,sgd,200,linear,none,yes,,,,,,15,3240,3,95.95,0.25,96.78,0.40,3,no,,grid_esat_r18_e99fb4_15pct,96.04,-0.09,0.18,-0.24,0.24,0.15
diaggrid_simclr_esat_1pct,eurosat,resnet18,sgd,200,linear,none,yes,,,,,,1,216,3,69.35,0.83,86.53,0.63,3,no,,grid_esat_r18_e99fb4_1pct,67.47,1.88,0.52,0.85,0.45,1.02
diaggrid_simclr_esat_20pct,eurosat,resnet18,sgd,200,linear,none,yes,,,,,,20,4320,3,96.91,0.07,97.50,0.03,3,no,,grid_esat_r18_e99fb4_20pct,96.98,-0.06,0.06,-0.04,0.04,-0.02
diaggrid_simclr_esat_25pct,eurosat,resnet18,sgd,200,linear,none,yes,,,,,,25,5400,3,97.34,0.13,97.66,0.11,3,no,,grid_esat_r18_e99fb4_25pct,97.44,-0.10,0.10,-0.12,0.12,0.01
diaggrid_simclr_esat_2pct,eurosat,resnet18,sgd,200,linear,none,yes,,,,,,2,432,3,80.09,1.03,89.36,0.10,3,no,,grid_esat_r18_e99fb4_2pct,77.98,2.11,0.64,-1.59,0.16,3.70
diaggrid_simclr_esat_3pct,eurosat,resnet18,sgd,200,linear,none,yes,,,,,,3,648,3,84.24,1.24,90.39,0.87,3,no,,grid_esat_r18_e99fb4_3pct,83.90,0.34,0.74,-2.44,0.51,2.78
diaggrid_simclr_esat_50pct,eurosat,resnet18,sgd,200,linear,none,yes,,,,,,50,10800,3,98.19,0.15,98.22,0.08,3,no,,grid_esat_r18_e99fb4_50pct,98.16,0.03,0.11,-0.13,0.07,0.16
diaggrid_simclr_esat_5pct,eurosat,resnet18,sgd,200,linear,none,yes,,,,,,5,1080,3,89.79,0.29,92.83,0.17,3,no,,grid_esat_r18_e99fb4_5pct,90.80,-1.01,0.20,-2.31,0.12,1.30
diaggrid_simclr_esat_7pct,eurosat,resnet18,sgd,200,linear,none,yes,,,,,,7,1512,3,92.10,0.92,94.74,0.68,3,no,,grid_esat_r18_e99fb4_7pct,92.25,-0.15,0.72,-0.83,0.40,0.69
diaggrid_simclr_food_100pct,food101,resnet18,sgd,200,linear,none,yes,,,,,,100,75750,3,77.78,0.12,77.59,0.07,3,no,,grid_food_r18_9ee7da_100pct,78.20,-0.42,0.07,-0.46,0.05,0.04
diaggrid_simclr_food_10pct,food101,resnet18,sgd,200,linear,none,yes,,,,,,10,7575,3,47.18,0.76,51.32,0.84,3,no,,grid_food_r18_9ee7da_10pct,41.73,5.45,0.95,3.51,0.97,1.94
diaggrid_simclr_food_15pct,food101,resnet18,sgd,200,linear,none,yes,,,,,,15,11362,3,54.22,0.37,56.70,0.62,3,no,,grid_food_r18_9ee7da_15pct,52.88,1.33,0.25,0.27,0.36,1.07
diaggrid_simclr_food_1pct,food101,resnet18,sgd,200,linear,none,yes,,,,,,1,758,3,8.01,0.09,23.36,0.17,3,no,,grid_food_r18_9ee7da_1pct,5.29,2.73,0.23,4.74,0.19,-2.02
diaggrid_simclr_food_20pct,food101,resnet18,sgd,200,linear,none,yes,,,,,,20,15150,3,58.35,0.22,60.17,0.29,3,no,,grid_food_r18_9ee7da_20pct,58.79,-0.43,0.15,-0.78,0.20,0.34
diaggrid_simclr_food_25pct,food101,resnet18,sgd,200,linear,none,yes,,,,,,25,18938,3,62.35,0.06,63.70,0.20,3,no,,grid_food_r18_9ee7da_25pct,62.88,-0.53,0.09,-0.53,0.16,-0.00
diaggrid_simclr_food_2pct,food101,resnet18,sgd,200,linear,none,yes,,,,,,2,1515,3,13.84,0.55,28.38,0.76,3,no,,grid_food_r18_9ee7da_2pct,8.25,5.59,0.32,7.51,0.47,-1.92
diaggrid_simclr_food_3pct,food101,resnet18,sgd,200,linear,none,yes,,,,,,3,2272,3,19.76,1.23,32.13,1.20,3,no,,grid_food_r18_9ee7da_3pct,12.03,7.72,0.73,8.01,0.72,-0.28
diaggrid_simclr_food_50pct,food101,resnet18,sgd,200,linear,none,yes,,,,,,50,37875,3,70.81,0.12,70.86,0.09,3,no,,grid_food_r18_9ee7da_50pct,71.75,-0.94,0.11,-0.87,0.06,-0.07
diaggrid_simclr_food_5pct,food101,resnet18,sgd,200,linear,none,yes,,,,,,5,3788,3,31.47,1.82,40.10,1.65,3,no,,grid_food_r18_9ee7da_5pct,21.91,9.56,1.15,7.84,1.09,1.72
diaggrid_simclr_food_7pct,food101,resnet18,sgd,200,linear,none,yes,,,,,,7,5302,3,38.74,0.46,45.14,0.35,3,no,,grid_food_r18_9ee7da_7pct,29.16,9.57,0.59,7.69,0.84,1.88
diaggrid_simclr_path_100pct,pathmnist,resnet18,sgd,200,linear,none,yes,,,,,,100,89996,3,87.58,1.03,88.70,0.73,3,no,,grid_path_r18_89e5af_100pct,86.71,0.86,0.63,1.33,0.44,-0.47
diaggrid_simclr_path_10pct,pathmnist,resnet18,sgd,200,linear,none,yes,,,,,,10,9000,3,94.28,0.45,92.10,0.79,3,no,,grid_path_r18_89e5af_10pct,92.01,2.27,1.14,3.49,1.48,-1.22
diaggrid_simclr_path_15pct,pathmnist,resnet18,sgd,200,linear,none,yes,,,,,,15,13499,3,93.03,0.88,88.65,0.54,3,no,,grid_path_r18_89e5af_15pct,91.53,1.50,0.64,-0.01,0.44,1.51
diaggrid_simclr_path_1pct,pathmnist,resnet18,sgd,200,linear,none,yes,,,,,,1,900,3,88.16,0.72,87.99,0.99,3,no,,grid_path_r18_89e5af_1pct,80.84,7.33,0.44,10.43,1.08,-3.11
diaggrid_simclr_path_20pct,pathmnist,resnet18,sgd,200,linear,none,yes,,,,,,20,17999,3,91.85,0.73,89.32,0.68,3,no,,grid_path_r18_89e5af_20pct,91.64,0.21,0.88,1.14,0.44,-0.93
diaggrid_simclr_path_25pct,pathmnist,resnet18,sgd,200,linear,none,yes,,,,,,25,22499,3,91.35,0.40,89.03,0.64,3,no,,grid_path_r18_89e5af_25pct,89.67,1.68,0.39,1.49,0.42,0.19
diaggrid_simclr_path_2pct,pathmnist,resnet18,sgd,200,linear,none,yes,,,,,,2,1800,3,90.38,0.15,89.52,1.00,3,no,,grid_path_r18_89e5af_2pct,83.62,6.76,0.59,8.09,0.97,-1.33
diaggrid_simclr_path_3pct,pathmnist,resnet18,sgd,200,linear,none,yes,,,,,,3,2700,3,92.84,0.61,91.69,0.28,3,no,,grid_path_r18_89e5af_3pct,90.28,2.56,0.46,2.42,0.97,0.14
diaggrid_simclr_path_50pct,pathmnist,resnet18,sgd,200,linear,none,yes,,,,,,50,44998,3,90.86,0.58,90.29,0.27,3,no,,grid_path_r18_89e5af_50pct,89.83,1.03,0.40,1.36,0.22,-0.33
diaggrid_simclr_path_5pct,pathmnist,resnet18,sgd,200,linear,none,yes,,,,,,5,4500,3,93.28,0.74,92.22,1.46,3,no,,grid_path_r18_89e5af_5pct,92.21,1.07,0.68,1.82,1.10,-0.75
diaggrid_simclr_path_7pct,pathmnist,resnet18,sgd,200,linear,none,yes,,,,,,7,6300,3,93.72,0.65,91.34,1.28,3,no,,grid_path_r18_89e5af_7pct,91.25,2.47,0.95,2.23,1.07,0.24
diaggrid_simclr_stl_100pct,stl10,resnet18,sgd,200,linear,none,yes,,,,,,100,5000,3,88.24,0.22,88.15,0.09,3,no,,stl10_none,84.27,3.97,0.23,4.24,0.20,-0.27
diaggrid_simclr_stl_10pct,stl10,resnet18,sgd,200,linear,none,yes,,,,,,10,500,3,52.80,2.41,61.83,1.55,3,no,,stl_none_10pct,41.58,11.22,1.59,8.63,0.96,2.59
diaggrid_simclr_stl_15pct,stl10,resnet18,sgd,200,linear,none,yes,,,,,,15,750,3,59.38,1.64,65.50,1.72,3,no,,grid_stl_r18_9016e6_15pct,48.75,10.63,1.08,8.49,1.09,2.14
diaggrid_simclr_stl_20pct,stl10,resnet18,sgd,200,linear,none,yes,,,,,,20,1000,3,65.40,1.05,69.69,0.66,3,no,,stl_none_20pct,54.16,11.25,0.70,9.62,0.44,1.62
diaggrid_simclr_stl_25pct,stl10,resnet18,sgd,200,linear,none,yes,,,,,,25,1250,3,70.89,0.70,73.16,0.65,3,no,,grid_stl_r18_9016e6_25pct,58.33,12.56,0.41,10.63,0.51,1.94
diaggrid_simclr_stl_3pct,stl10,resnet18,sgd,200,linear,none,yes,,,,,,3,150,3,29.90,1.14,49.56,1.74,3,no,,grid_stl_r18_9016e6_3pct,27.01,2.89,0.88,3.41,1.07,-0.52
diaggrid_simclr_stl_50pct,stl10,resnet18,sgd,200,linear,none,yes,,,,,,50,2500,3,80.54,0.49,79.67,0.44,3,no,,stl_none_50pct,73.22,7.33,0.41,6.03,0.32,1.29
diaggrid_simclr_stl_5pct,stl10,resnet18,sgd,200,linear,none,yes,,,,,,5,250,3,34.34,1.04,51.72,0.32,3,no,,grid_stl_r18_9016e6_5pct,30.56,3.78,0.68,5.33,0.29,-1.55
diaggrid_simclr_stl_7pct,stl10,resnet18,sgd,200,linear,none,yes,,,,,,7,350,3,45.48,1.06,58.42,0.46,3,no,,grid_stl_r18_9016e6_7pct,34.20,11.28,0.77,8.87,0.60,2.41
diaggrid_simclr_swin_10pct,cifar100,swin_tiny,adamw,200,linear,none,yes,,,,,,10,5000,3,20.40,9.52,28.94,13.65,3,no,,diaggrid_swin_c100_none_10pct,19.00,1.40,5.52,-0.97,7.90,2.38
diaggrid_simclr_swin_5pct,cifar100,swin_tiny,adamw,200,linear,none,yes,,,,,,5,2500,3,13.88,5.98,24.05,12.14,3,no,,diaggrid_swin_c100_none_5pct,13.88,0.00,3.62,-0.56,7.39,0.56
diaggrid_simclr_tin_20pct,tin,resnet18,sgd,200,linear,none,yes,,,,,,20,20000,3,48.03,0.40,49.94,0.29,3,no,,grid_tin_r18_791598_20pct,44.94,3.09,0.26,2.87,0.34,0.22
diaggrid_simclr_tin_50pct,tin,resnet18,sgd,200,linear,none,yes,,,,,,50,50000,3,58.79,0.07,58.65,0.33,3,no,,grid_tin_r18_791598_50pct,58.70,0.09,0.09,0.45,0.26,-0.36
diaggrid_simsiam_c100_100pct,cifar100,resnet18,sgd,200,linear,none,yes,,,,,,100,50000,3,77.80,0.49,77.77,0.35,3,no,,ablf_none,78.52,-0.72,0.30,,,
diaggrid_simsiam_c100_10pct,cifar100,resnet18,sgd,200,linear,none,yes,,,,,,10,5000,3,40.89,0.19,48.26,0.42,3,no,,abl10_none,40.28,0.61,0.21,0.32,0.29,0.29
diaggrid_simsiam_c100_15pct,cifar100,resnet18,sgd,200,linear,none,yes,,,,,,15,7500,3,50.26,0.48,55.31,0.53,3,no,,abl15_none,50.09,0.17,0.38,0.69,0.37,-0.51
diaggrid_simsiam_c100_1pct,cifar100,resnet18,sgd,200,linear,none,yes,,,,,,1,500,3,8.92,0.27,26.81,0.35,3,no,,abl1_none,8.95,-0.04,0.16,0.20,0.22,-0.23
diaggrid_simsiam_c100_20pct,cifar100,resnet18,sgd,200,linear,none,yes,,,,,,20,10000,3,57.39,0.26,60.20,0.57,3,no,,grid_c100_r18_3a0225_20pct,57.00,0.39,0.30,0.02,0.44,0.37
diaggrid_simsiam_c100_25pct,cifar100,resnet18,sgd,200,linear,none,yes,,,,,,25,12500,3,61.32,0.23,62.96,0.42,3,no,,abl25_none,61.35,-0.03,0.30,-0.22,0.27,0.20
diaggrid_simsiam_c100_2pct,cifar100,resnet18,sgd,200,linear,none,yes,,,,,,2,1000,3,14.06,0.04,29.19,0.04,3,no,,abl2_none,14.17,-0.11,0.09,-0.64,0.26,0.52
diaggrid_simsiam_c100_3pct,cifar100,resnet18,sgd,200,linear,none,yes,,,,,,3,1500,3,18.58,0.20,32.90,0.41,3,no,,abl3_none,18.47,0.11,0.12,0.13,0.26,-0.02
diaggrid_simsiam_c100_50pct,cifar100,resnet18,sgd,200,linear,none,yes,,,,,,50,25000,3,71.20,0.42,70.76,0.19,3,no,,grid_c100_r18_3a0225_50pct,71.79,-0.58,0.25,-0.33,0.16,-0.25
diaggrid_simsiam_c100_5pct,cifar100,resnet18,sgd,200,linear,none,yes,,,,,,5,2500,3,25.49,0.29,37.26,0.17,3,no,,abl5_none,25.36,0.13,0.25,0.04,0.18,0.09
diaggrid_simsiam_c100_7pct,cifar100,resnet18,sgd,200,linear,none,yes,,,,,,7,3500,3,32.96,0.62,42.68,1.23,3,no,,abl7_none,32.09,0.87,0.54,0.44,0.77,0.43
diaggrid_simsiam_c10_100pct,cifar10,resnet18,sgd,200,linear,none,yes,,,,,,100,50000,3,95.02,0.08,95.06,0.07,3,no,,c10_none_100pct,95.28,-0.25,0.17,,,
diaggrid_simsiam_c10_10pct,cifar10,resnet18,sgd,200,linear,none,yes,,,,,,10,5000,3,81.21,0.13,82.76,0.24,3,no,,c10_none_10pct,80.71,0.50,0.57,0.22,0.33,0.28
diaggrid_simsiam_c10_15pct,cifar10,resnet18,sgd,200,linear,none,yes,,,,,,15,7500,3,85.45,0.15,86.11,0.18,3,no,,c10_none_15pct,85.65,-0.20,0.21,,,
diaggrid_simsiam_c10_1pct,cifar10,resnet18,sgd,200,linear,none,yes,,,,,,1,500,3,39.79,0.79,53.67,0.71,3,no,,c10_none_1pct,39.15,0.64,0.46,0.00,0.43,0.64
diaggrid_simsiam_c10_20pct,cifar10,resnet18,sgd,200,linear,none,yes,,,,,,20,10000,3,87.87,0.14,88.19,0.11,3,no,,grid_c10_r18_ebb591_20pct,87.95,-0.08,0.15,-0.09,0.15,0.01
diaggrid_simsiam_c10_25pct,cifar10,resnet18,sgd,200,linear,none,yes,,,,,,25,12500,3,89.06,0.08,89.34,0.22,3,no,,c10_none_25pct,89.26,-0.20,0.14,-0.18,0.16,-0.02
diaggrid_simsiam_c10_2pct,cifar10,resnet18,sgd,200,linear,none,yes,,,,,,2,1000,3,52.53,0.69,61.31,0.04,3,no,,c10_none_2pct,51.71,0.82,0.46,0.34,0.16,0.48
diaggrid_simsiam_c10_3pct,cifar10,resnet18,sgd,200,linear,none,yes,,,,,,3,1500,3,60.46,0.45,66.86,0.66,3,no,,c10_none_3pct,60.13,0.33,0.68,,,
diaggrid_simsiam_c10_50pct,cifar10,resnet18,sgd,200,linear,none,yes,,,,,,50,25000,3,92.81,0.27,92.82,0.10,3,no,,grid_c10_r18_ebb591_50pct,93.01,-0.20,0.18,-0.33,,0.13
diaggrid_simsiam_c10_5pct,cifar10,resnet18,sgd,200,linear,none,yes,,,,,,5,2500,3,69.10,0.57,72.73,0.64,3,no,,c10_none_5pct,69.05,0.05,0.35,0.04,0.40,0.01
diaggrid_simsiam_c10_7pct,cifar10,resnet18,sgd,200,linear,none,yes,,,,,,7,3500,3,75.90,0.04,78.90,0.20,3,no,,c10_none_7pct,75.22,0.68,0.38,0.76,0.46,-0.08
diaggrid_simsiam_cub_100pct,cub,resnet18,sgd,200,linear,none,yes,,,,,,100,5994,3,46.04,0.56,44.71,0.79,3,no,,cub_none_100pct,44.32,1.73,0.51,1.81,0.64,-0.09
diaggrid_simsiam_cub_10pct,cub,resnet18,sgd,200,linear,none,yes,,,,,,10,599,3,1.77,0.06,4.76,0.24,3,no,,grid_cub_r18_d85097_10pct,1.85,-0.08,0.05,-0.15,0.14,0.07
diaggrid_simsiam_cub_15pct,cub,resnet18,sgd,200,linear,none,yes,,,,,,15,899,3,2.50,0.06,5.62,0.23,3,no,,grid_cub_r18_d85097_15pct,2.56,-0.06,0.12,0.22,0.18,-0.29
diaggrid_simsiam_cub_20pct,cub,resnet18,sgd,200,linear,none,yes,,,,,,20,1199,3,4.06,0.18,7.34,0.36,3,no,,grid_cub_r18_d85097_20pct,3.92,0.14,0.19,0.10,0.30,0.04
diaggrid_simsiam_cub_25pct,cub,resnet18,sgd,200,linear,none,yes,,,,,,25,1498,3,5.90,0.24,9.51,0.12,3,no,,cub_none_25pct,5.57,0.33,0.16,0.32,0.25,0.01
diaggrid_simsiam_cub_3pct,cub,resnet18,sgd,200,linear,none,yes,,,,,,3,180,3,0.94,0.07,3.36,0.20,3,no,,grid_cub_r18_d85097_3pct,0.98,-0.03,0.05,-0.15,0.12,0.12
diaggrid_simsiam_cub_50pct,cub,resnet18,sgd,200,linear,none,yes,,,,,,50,2997,3,17.35,0.37,19.42,0.22,3,no,,grid_cub_r18_d85097_50pct,15.88,1.47,0.25,1.88,0.27,-0.41
diaggrid_simsiam_cub_5pct,cub,resnet18,sgd,200,linear,none,yes,,,,,,5,300,3,1.55,0.11,4.14,0.29,3,no,,grid_cub_r18_d85097_5pct,1.52,0.02,0.08,-0.05,0.19,0.07
diaggrid_simsiam_cub_7pct,cub,resnet18,sgd,200,linear,none,yes,,,,,,7,420,3,1.48,0.07,4.09,0.12,3,no,,grid_cub_r18_d85097_7pct,1.45,0.03,0.04,-0.02,0.15,0.06
diaggrid_simsiam_dtd_100pct,dtd,resnet18,sgd,200,linear,none,yes,,,,,,100,3760,3,43.67,0.56,43.90,0.64,3,no,,grid_dtd_r18_0ca6c1_100pct,43.51,0.16,0.36,0.82,0.40,-0.66
diaggrid_simsiam_dtd_10pct,dtd,resnet18,sgd,200,linear,none,yes,,,,,,10,376,3,10.73,0.35,19.61,1.22,3,no,,grid_dtd_r18_0ca6c1_10pct,11.10,-0.37,0.35,-0.07,0.86,-0.30
diaggrid_simsiam_dtd_15pct,dtd,resnet18,sgd,200,linear,none,yes,,,,,,15,564,3,13.32,0.40,21.21,0.49,3,no,,grid_dtd_r18_0ca6c1_15pct,13.58,-0.27,0.38,-0.60,0.34,0.34
diaggrid_simsiam_dtd_20pct,dtd,resnet18,sgd,200,linear,none,yes,,,,,,20,752,3,14.63,0.46,22.64,0.27,3,no,,grid_dtd_r18_0ca6c1_20pct,14.75,-0.12,0.45,0.78,0.43,-0.90
diaggrid_simsiam_dtd_25pct,dtd,resnet18,sgd,200,linear,none,yes,,,,,,25,940,3,17.23,0.14,24.26,0.90,3,no,,grid_dtd_r18_0ca6c1_25pct,17.23,0.00,0.31,0.69,0.69,-0.69
diaggrid_simsiam_dtd_50pct,dtd,resnet18,sgd,200,linear,none,yes,,,,,,50,1880,3,26.76,0.89,29.68,1.25,3,no,,grid_dtd_r18_0ca6c1_50pct,26.03,0.73,0.68,-0.07,0.92,0.80
diaggrid_simsiam_dtd_5pct,dtd,resnet18,sgd,200,linear,none,yes,,,,,,5,188,3,8.48,0.16,17.85,0.37,3,no,,grid_dtd_r18_0ca6c1_5pct,8.35,0.12,0.17,-0.44,0.54,0.57
diaggrid_simsiam_dtd_7pct,dtd,resnet18,sgd,200,linear,none,yes,,,,,,7,263,3,9.57,0.16,19.61,0.64,3,no,,grid_dtd_r18_0ca6c1_7pct,9.75,-0.18,0.22,0.43,0.48,-0.60
diaggrid_simsiam_esat_100pct,eurosat,resnet18,sgd,200,linear,none,yes,,,,,,100,21600,3,98.84,0.11,98.81,0.06,3,no,,grid_esat_r18_e99fb4_100pct,98.73,0.10,0.07,0.07,0.07,0.03
diaggrid_simsiam_esat_10pct,eurosat,resnet18,sgd,200,linear,none,yes,,,,,,10,2160,3,93.46,0.22,96.03,0.15,3,no,,grid_esat_r18_e99fb4_10pct,93.67,-0.21,0.29,0.00,0.14,-0.21
diaggrid_simsiam_esat_15pct,eurosat,resnet18,sgd,200,linear,none,yes,,,,,,15,3240,3,95.86,0.19,96.81,0.14,3,no,,grid_esat_r18_e99fb4_15pct,96.04,-0.17,0.15,-0.22,0.11,0.04
diaggrid_simsiam_esat_1pct,eurosat,resnet18,sgd,200,linear,none,yes,,,,,,1,216,3,67.36,0.26,85.71,0.67,3,no,,grid_esat_r18_e99fb4_1pct,67.47,-0.11,0.25,0.03,0.47,-0.14
diaggrid_simsiam_esat_20pct,eurosat,resnet18,sgd,200,linear,none,yes,,,,,,20,4320,3,96.86,0.16,97.46,0.18,3,no,,grid_esat_r18_e99fb4_20pct,96.98,-0.12,0.10,-0.07,0.11,-0.04
diaggrid_simsiam_esat_25pct,eurosat,resnet18,sgd,200,linear,none,yes,,,,,,25,5400,3,97.43,0.08,97.78,0.12,3,no,,grid_esat_r18_e99fb4_25pct,97.44,-0.02,0.08,0.00,0.12,-0.02
diaggrid_simsiam_esat_2pct,eurosat,resnet18,sgd,200,linear,none,yes,,,,,,2,432,3,78.21,0.28,91.33,0.35,3,no,,grid_esat_r18_e99fb4_2pct,77.98,0.23,0.28,0.38,0.25,-0.15
diaggrid_simsiam_esat_3pct,eurosat,resnet18,sgd,200,linear,none,yes,,,,,,3,648,3,83.61,0.04,92.94,0.27,3,no,,grid_esat_r18_e99fb4_3pct,83.90,-0.29,0.21,0.11,0.18,-0.40
diaggrid_simsiam_esat_50pct,eurosat,resnet18,sgd,200,linear,none,yes,,,,,,50,10800,3,98.18,0.09,98.22,0.07,3,no,,grid_esat_r18_e99fb4_50pct,98.16,0.02,0.08,-0.14,0.06,0.15
diaggrid_simsiam_esat_5pct,eurosat,resnet18,sgd,200,linear,none,yes,,,,,,5,1080,3,90.18,0.14,94.70,0.27,3,no,,grid_esat_r18_e99fb4_5pct,90.80,-0.62,0.13,-0.44,0.17,-0.17
diaggrid_simsiam_esat_7pct,eurosat,resnet18,sgd,200,linear,none,yes,,,,,,7,1512,3,91.98,0.59,95.28,0.59,3,no,,grid_esat_r18_e99fb4_7pct,92.25,-0.27,0.59,-0.29,0.35,0.02
diaggrid_simsiam_food_100pct,food101,resnet18,sgd,200,linear,none,yes,,,,,,100,75750,3,77.49,0.26,77.38,0.29,3,no,,grid_food_r18_9ee7da_100pct,78.20,-0.71,0.15,-0.67,0.17,-0.05
diaggrid_simsiam_food_10pct,food101,resnet18,sgd,200,linear,none,yes,,,,,,10,7575,3,41.91,0.48,48.09,0.24,3,no,,grid_food_r18_9ee7da_10pct,41.73,0.18,0.88,0.27,0.85,-0.09
diaggrid_simsiam_food_15pct,food101,resnet18,sgd,200,linear,none,yes,,,,,,15,11362,3,53.18,0.50,56.52,0.36,3,no,,grid_food_r18_9ee7da_15pct,52.88,0.30,0.32,0.08,0.21,0.22
diaggrid_simsiam_food_1pct,food101,resnet18,sgd,200,linear,none,yes,,,,,,1,758,3,5.35,0.15,18.48,0.03,3,no,,grid_food_r18_9ee7da_1pct,5.29,0.07,0.24,-0.14,0.17,0.21
diaggrid_simsiam_food_20pct,food101,resnet18,sgd,200,linear,none,yes,,,,,,20,15150,3,59.41,0.17,61.75,0.10,3,no,,grid_food_r18_9ee7da_20pct,58.79,0.63,0.13,0.81,0.13,-0.18
diaggrid_simsiam_food_25pct,food101,resnet18,sgd,200,linear,none,yes,,,,,,25,18938,3,62.65,0.06,64.28,0.24,3,no,,grid_food_r18_9ee7da_25pct,62.88,-0.23,0.09,0.05,0.18,-0.28
diaggrid_simsiam_food_2pct,food101,resnet18,sgd,200,linear,none,yes,,,,,,2,1515,3,8.54,0.00,20.85,0.20,3,no,,grid_food_r18_9ee7da_2pct,8.25,0.29,0.04,-0.02,0.20,0.31
diaggrid_simsiam_food_3pct,food101,resnet18,sgd,200,linear,none,yes,,,,,,3,2272,3,12.54,0.22,24.81,0.22,3,no,,grid_food_r18_9ee7da_3pct,12.03,0.50,0.20,0.68,0.23,-0.18
diaggrid_simsiam_food_50pct,food101,resnet18,sgd,200,linear,none,yes,,,,,,50,37875,3,70.92,0.45,70.73,0.30,3,no,,grid_food_r18_9ee7da_50pct,71.75,-0.82,0.27,-0.99,0.18,0.17
diaggrid_simsiam_food_5pct,food101,resnet18,sgd,200,linear,none,yes,,,,,,5,3788,3,22.55,0.61,32.59,0.60,3,no,,grid_food_r18_9ee7da_5pct,21.91,0.64,0.60,0.33,0.64,0.30
diaggrid_simsiam_food_7pct,food101,resnet18,sgd,200,linear,none,yes,,,,,,7,5302,3,29.67,1.00,37.94,1.32,3,no,,grid_food_r18_9ee7da_7pct,29.16,0.51,0.78,0.49,1.12,0.02
diaggrid_simsiam_path_100pct,pathmnist,resnet18,sgd,200,linear,none,yes,,,,,,100,89996,3,88.24,2.57,88.96,2.31,3,no,,grid_path_r18_89e5af_100pct,86.71,1.53,1.50,1.60,1.34,-0.07
diaggrid_simsiam_path_10pct,pathmnist,resnet18,sgd,200,linear,none,yes,,,,,,10,9000,3,91.61,1.77,88.88,1.59,3,no,,grid_path_r18_89e5af_10pct,92.01,-0.40,1.51,0.27,1.68,-0.67
diaggrid_simsiam_path_15pct,pathmnist,resnet18,sgd,200,linear,none,yes,,,,,,15,13499,3,93.15,0.28,90.10,0.90,3,no,,grid_path_r18_89e5af_15pct,91.53,1.62,0.42,1.43,0.60,0.19
diaggrid_simsiam_path_1pct,pathmnist,resnet18,sgd,200,linear,none,yes,,,,,,1,900,3,79.64,2.24,77.92,1.44,3,no,,grid_path_r18_89e5af_1pct,80.84,-1.20,1.30,0.37,1.24,-1.56
diaggrid_simsiam_path_20pct,pathmnist,resnet18,sgd,200,linear,none,yes,,,,,,20,17999,3,91.84,0.72,89.23,0.26,3,no,,grid_path_r18_89e5af_20pct,91.64,0.20,0.88,1.05,0.24,-0.85
diaggrid_simsiam_path_25pct,pathmnist,resnet18,sgd,200,linear,none,yes,,,,,,25,22499,3,89.52,0.76,87.00,1.83,3,no,,grid_path_r18_89e5af_25pct,89.67,-0.15,0.54,-0.54,1.07,0.39
diaggrid_simsiam_path_2pct,pathmnist,resnet18,sgd,200,linear,none,yes,,,,,,2,1800,3,83.90,1.82,83.38,2.42,3,no,,grid_path_r18_89e5af_2pct,83.62,0.28,1.20,1.95,1.60,-1.66
diaggrid_simsiam_path_3pct,pathmnist,resnet18,sgd,200,linear,none,yes,,,,,,3,2700,3,90.37,0.35,89.81,0.14,3,no,,grid_path_r18_89e5af_3pct,90.28,0.09,0.35,0.55,0.96,-0.46
diaggrid_simsiam_path_50pct,pathmnist,resnet18,sgd,200,linear,none,yes,,,,,,50,44998,3,90.89,1.10,90.06,0.96,3,no,,grid_path_r18_89e5af_50pct,89.83,1.06,0.68,1.13,0.57,-0.07
diaggrid_simsiam_path_5pct,pathmnist,resnet18,sgd,200,linear,none,yes,,,,,,5,4500,3,91.72,0.99,90.07,1.48,3,no,,grid_path_r18_89e5af_5pct,92.21,-0.49,0.77,-0.33,1.11,-0.16
diaggrid_simsiam_path_7pct,pathmnist,resnet18,sgd,200,linear,none,yes,,,,,,7,6300,3,92.27,0.57,90.08,0.25,3,no,,grid_path_r18_89e5af_7pct,91.25,1.02,0.93,0.97,0.78,0.05
diaggrid_simsiam_stl_100pct,stl10,resnet18,sgd,200,linear,none,yes,,,,,,100,5000,3,84.32,0.23,84.25,0.12,3,no,,stl10_none,84.27,0.05,0.23,0.33,0.21,-0.28
diaggrid_simsiam_stl_10pct,stl10,resnet18,sgd,200,linear,none,yes,,,,,,10,500,3,41.78,0.51,53.07,0.57,3,no,,stl_none_10pct,41.58,0.19,0.81,-0.13,0.48,0.32
diaggrid_simsiam_stl_15pct,stl10,resnet18,sgd,200,linear,none,yes,,,,,,15,750,3,48.99,0.31,57.86,1.31,3,no,,grid_stl_r18_9016e6_15pct,48.75,0.24,0.55,0.85,0.87,-0.62
diaggrid_simsiam_stl_20pct,stl10,resnet18,sgd,200,linear,none,yes,,,,,,20,1000,3,54.73,0.25,60.63,0.26,3,no,,stl_none_20pct,54.16,0.58,0.39,0.56,0.27,0.02
diaggrid_simsiam_stl_25pct,stl10,resnet18,sgd,200,linear,none,yes,,,,,,25,1250,3,57.90,0.47,62.97,0.21,3,no,,grid_stl_r18_9016e6_25pct,58.33,-0.42,0.29,0.43,0.37,-0.85
diaggrid_simsiam_stl_3pct,stl10,resnet18,sgd,200,linear,none,yes,,,,,,3,150,3,26.31,0.70,46.00,0.47,3,no,,grid_stl_r18_9016e6_3pct,27.01,-0.70,0.71,-0.15,0.46,-0.55
diaggrid_simsiam_stl_50pct,stl10,resnet18,sgd,200,linear,none,yes,,,,,,50,2500,3,74.38,0.35,74.17,0.43,3,no,,stl_none_50pct,73.22,1.17,0.36,0.53,0.31,0.63
diaggrid_simsiam_stl_5pct,stl10,resnet18,sgd,200,linear,none,yes,,,,,,5,250,3,30.49,1.06,46.05,1.15,3,no,,grid_stl_r18_9016e6_5pct,30.56,-0.07,0.69,-0.33,0.70,0.27
diaggrid_simsiam_stl_7pct,stl10,resnet18,sgd,200,linear,none,yes,,,,,,7,350,3,33.80,1.03,49.50,1.40,3,no,,grid_stl_r18_9016e6_7pct,34.20,-0.40,0.76,-0.04,0.97,-0.35
diaggrid_simsiam_tin_100pct,tin,resnet18,sgd,200,linear,none,yes,,,,,,100,100000,3,65.41,0.18,65.32,0.19,3,no,,tin_none_100pct,66.17,-0.76,0.18,-0.54,0.24,-0.22
diaggrid_simsiam_tin_10pct,tin,resnet18,sgd,200,linear,none,yes,,,,,,10,10000,3,34.37,0.36,40.52,0.24,3,no,,tin_none_10pct,33.60,0.77,0.26,0.68,0.25,0.09
diaggrid_simsiam_tin_15pct,tin,resnet18,sgd,200,linear,none,yes,,,,,,15,15000,3,41.08,0.22,44.71,0.36,3,no,,tin_none_15pct,40.55,0.53,0.13,0.78,0.29,-0.25
diaggrid_simsiam_tin_1pct,tin,resnet18,sgd,200,linear,none,yes,,,,,,1,1000,3,5.42,0.16,19.29,0.09,3,no,,tin_none_1pct,5.30,0.12,0.12,0.19,0.13,-0.07
diaggrid_simsiam_tin_20pct,tin,resnet18,sgd,200,linear,none,yes,,,,,,20,20000,3,45.83,0.09,48.03,0.18,3,no,,grid_tin_r18_791598_20pct,44.94,0.89,0.13,0.96,0.31,-0.06
diaggrid_simsiam_tin_25pct,tin,resnet18,sgd,200,linear,none,yes,,,,,,25,25000,3,49.34,0.23,50.90,0.07,3,no,,tin_none_25pct,49.19,0.15,0.18,0.14,0.07,0.01
diaggrid_simsiam_tin_2pct,tin,resnet18,sgd,200,linear,none,yes,,,,,,2,2000,3,9.75,0.13,23.35,0.47,3,no,,tin_none_2pct,9.56,0.20,0.10,0.17,0.35,0.03
diaggrid_simsiam_tin_3pct,tin,resnet18,sgd,200,linear,none,yes,,,,,,3,3000,3,14.21,0.18,26.92,0.20,3,no,,tin_none_3pct,13.64,0.57,0.24,0.10,0.23,0.47
diaggrid_simsiam_tin_50pct,tin,resnet18,sgd,200,linear,none,yes,,,,,,50,50000,3,58.29,0.16,57.96,0.10,3,no,,grid_tin_r18_791598_50pct,58.70,-0.41,0.12,-0.24,0.18,-0.17
diaggrid_simsiam_tin_5pct,tin,resnet18,sgd,200,linear,none,yes,,,,,,5,5000,3,22.01,0.32,32.71,0.42,3,no,,tin_none_5pct,21.08,0.93,0.20,0.76,0.27,0.17
diaggrid_simsiam_tin_7pct,tin,resnet18,sgd,200,linear,none,yes,,,,,,7,7000,3,27.87,0.36,36.33,0.24,3,no,,tin_none_7pct,26.74,1.13,0.23,0.80,0.18,0.33
diaggrid_simsiamaux_c100_10pct,cifar100,resnet18,sgd,200,linear,none,yes,,energy-magnitude,layer3,1.0,0.0,10,5000,3,45.18,0.53,52.84,0.40,3,no,,abl10_none,40.28,4.90,0.35,4.90,0.28,0.00
diaggrid_simsiamaux_c100_5pct,cifar100,resnet18,sgd,200,linear,none,yes,,energy-magnitude,layer3,1.0,0.0,5,2500,3,31.65,0.22,45.23,0.35,3,no,,abl5_none,25.36,6.29,0.22,8.01,0.26,-1.72
diaggrid_simsiamaux_tin_5pct,tin,resnet18,sgd,200,linear,none,yes,,energy-magnitude,layer3,1.0,0.0,5,5000,3,24.03,0.16,35.32,0.17,3,no,,tin_none_5pct,21.08,2.95,0.12,3.37,0.15,-0.42
diaggrid_ssl_cub_100pct,cub,resnet18,sgd,200,linear,none,yes,,,,,,100,5994,3,52.78,0.63,52.14,0.87,3,no,,cub_none_100pct,44.32,8.46,0.54,9.24,0.67,-0.78
diaggrid_ssl_cub_25pct,cub,resnet18,sgd,200,linear,none,yes,,,,,,25,1498,3,9.44,0.44,13.03,0.55,3,no,,cub_none_25pct,5.57,3.87,0.27,3.84,0.40,0.02
diaggrid_ssl_dtd_100pct,dtd,resnet18,sgd,200,linear,none,yes,,,,,,100,3760,3,53.23,0.59,53.00,0.34,3,no,,grid_dtd_r18_0ca6c1_100pct,43.51,9.72,0.38,9.91,0.26,-0.20
diaggrid_ssl_dtd_10pct,dtd,resnet18,sgd,200,linear,none,yes,,,,,,10,376,3,15.11,0.51,26.33,1.00,3,no,,grid_dtd_r18_0ca6c1_10pct,11.10,4.01,0.41,6.65,0.76,-2.64
diaggrid_ssl_dtd_25pct,dtd,resnet18,sgd,200,linear,none,yes,,,,,,25,940,3,29.91,0.26,36.15,0.68,3,no,,grid_dtd_r18_0ca6c1_25pct,17.23,12.68,0.33,12.59,0.60,0.09
diaggrid_ssl_dtd_5pct,dtd,resnet18,sgd,200,linear,none,yes,,,,,,5,188,3,9.47,0.44,21.58,0.25,3,no,,grid_dtd_r18_0ca6c1_5pct,8.35,1.12,0.29,3.28,0.51,-2.16
diaggrid_ssl_eurosat_100pct,eurosat,resnet18,sgd,200,linear,none,yes,,,,,,100,21600,3,98.63,0.06,98.61,0.08,3,no,,grid_esat_r18_e99fb4_100pct,98.73,-0.10,0.04,-0.13,0.08,0.02
diaggrid_ssl_eurosat_10pct,eurosat,resnet18,sgd,200,linear,none,yes,,,,,,10,2160,3,94.13,0.23,95.78,0.29,3,no,,grid_esat_r18_e99fb4_10pct,93.67,0.46,0.29,-0.25,0.20,0.70
diaggrid_ssl_eurosat_25pct,eurosat,resnet18,sgd,200,linear,none,yes,,,,,,25,5400,3,97.34,0.13,97.67,0.12,3,no,,grid_esat_r18_e99fb4_25pct,97.44,-0.10,0.10,-0.11,0.12,0.01
diaggrid_ssl_eurosat_5pct,eurosat,resnet18,sgd,200,linear,none,yes,,,,,,5,1080,3,89.79,0.29,92.87,0.17,3,no,,grid_esat_r18_e99fb4_5pct,90.80,-1.01,0.20,-2.27,0.12,1.27
diaggrid_ssl_food101_100pct,food101,resnet18,sgd,200,linear,none,yes,,,,,,100,75750,3,77.78,0.12,77.58,0.07,3,no,,grid_food_r18_9ee7da_100pct,78.20,-0.42,0.07,-0.46,0.04,0.04
diaggrid_ssl_food101_10pct,food101,resnet18,sgd,200,linear,none,yes,,,,,,10,7575,3,47.18,0.76,51.31,0.85,3,no,,grid_food_r18_9ee7da_10pct,41.73,5.45,0.95,3.50,0.97,1.94
diaggrid_ssl_food101_25pct,food101,resnet18,sgd,200,linear,none,yes,,,,,,25,18938,3,62.35,0.06,63.70,0.20,3,no,,grid_food_r18_9ee7da_25pct,62.88,-0.53,0.09,-0.53,0.16,-0.00
diaggrid_ssl_food101_5pct,food101,resnet18,sgd,200,linear,none,yes,,,,,,5,3788,3,31.47,1.82,40.10,1.66,3,no,,grid_food_r18_9ee7da_5pct,21.91,9.56,1.15,7.84,1.10,1.71
diaggrid_ssl_pathmnist_100pct,pathmnist,resnet18,sgd,200,linear,none,yes,,,,,,100,89996,3,87.58,1.03,88.70,0.73,3,no,,grid_path_r18_89e5af_100pct,86.71,0.86,0.63,1.33,0.44,-0.47
diaggrid_ssl_pathmnist_10pct,pathmnist,resnet18,sgd,200,linear,none,yes,,,,,,10,9000,3,94.28,0.45,92.11,0.78,3,no,,grid_path_r18_89e5af_10pct,92.01,2.27,1.14,3.50,1.47,-1.23
diaggrid_ssl_pathmnist_25pct,pathmnist,resnet18,sgd,200,linear,none,yes,,,,,,25,22499,3,91.35,0.40,89.03,0.62,3,no,,grid_path_r18_89e5af_25pct,89.67,1.68,0.39,1.49,0.41,0.19
diaggrid_ssl_pathmnist_5pct,pathmnist,resnet18,sgd,200,linear,none,yes,,,,,,5,4500,3,93.28,0.74,92.22,1.44,3,no,,grid_path_r18_89e5af_5pct,92.21,1.07,0.68,1.81,1.09,-0.74
diaggrid_ssl_tin_100pct,tin,resnet18,sgd,200,linear,none,yes,,,,,,100,100000,3,65.92,0.16,65.86,0.10,3,no,,tin_none_100pct,66.17,-0.24,0.17,0.01,0.22,-0.25
diaggrid_swin_c100_aux_100pct,cifar100,swin_tiny,adamw,200,linear,none,,,energy-magnitude,layers.2,1.0,0.0,100,50000,3,58.34,0.65,58.30,0.69,3,no,,diaggrid_swin_c100_none_100pct,35.12,23.22,17.08,22.94,16.84,0.28
diaggrid_swin_c100_aux_10pct,cifar100,swin_tiny,adamw,200,linear,none,,,energy-magnitude,layers.2,1.0,0.0,10,5000,3,26.58,0.35,39.14,0.63,3,no,,diaggrid_swin_c100_none_10pct,19.00,7.58,0.53,9.23,0.70,-1.65
diaggrid_swin_c100_aux_15pct,cifar100,swin_tiny,adamw,200,linear,none,,,energy-magnitude,layers.2,1.0,0.0,15,7500,3,32.42,0.13,43.00,0.15,3,no,,diaggrid_swin_c100_none_15pct,23.40,9.02,0.89,10.18,1.38,-1.16
diaggrid_swin_c100_aux_1pct,cifar100,swin_tiny,adamw,200,linear,none,,,energy-magnitude,layers.2,1.0,0.0,1,500,3,8.93,0.14,28.37,0.14,3,no,,diaggrid_swin_c100_none_1pct,8.12,0.82,0.14,4.29,0.43,-3.48
diaggrid_swin_c100_aux_20pct,cifar100,swin_tiny,adamw,200,linear,none,,,energy-magnitude,layers.2,1.0,0.0,20,10000,3,36.15,0.10,45.37,0.07,3,no,,diaggrid_swin_c100_none_20pct,26.81,9.34,0.41,10.63,0.38,-1.29
diaggrid_swin_c100_aux_25pct,cifar100,swin_tiny,adamw,200,linear,none,,,energy-magnitude,layers.2,1.0,0.0,25,12500,3,39.00,0.25,46.66,0.34,3,no,,diaggrid_swin_c100_none_25pct,31.81,7.19,0.52,7.59,0.44,-0.40
diaggrid_swin_c100_aux_2pct,cifar100,swin_tiny,adamw,200,linear,none,,,energy-magnitude,layers.2,1.0,0.0,2,1000,3,13.11,0.11,30.71,0.25,3,no,,diaggrid_swin_c100_none_2pct,10.05,3.06,0.59,6.82,0.94,-3.75
diaggrid_swin_c100_aux_3pct,cifar100,swin_tiny,adamw,200,linear,none,,,energy-magnitude,layers.2,1.0,0.0,3,1500,3,15.94,0.30,32.73,0.66,3,no,,diaggrid_swin_c100_none_3pct,11.99,3.95,0.26,7.48,0.39,-3.53
diaggrid_swin_c100_aux_50pct,cifar100,swin_tiny,adamw,200,linear,none,,,energy-magnitude,layers.2,1.0,0.0,50,25000,3,49.59,0.15,51.93,0.29,3,no,,diaggrid_swin_c100_none_50pct,30.44,19.16,11.45,18.81,11.99,0.35
diaggrid_swin_c100_aux_5pct,cifar100,swin_tiny,adamw,200,linear,none,,,energy-magnitude,layers.2,1.0,0.0,5,2500,3,19.96,0.44,34.93,0.15,3,no,,diaggrid_swin_c100_none_5pct,13.88,6.08,1.11,10.32,2.35,-4.24
diaggrid_swin_c100_aux_7pct,cifar100,swin_tiny,adamw,200,linear,none,,,energy-magnitude,layers.2,1.0,0.0,7,3500,3,22.81,0.47,37.10,0.07,3,no,,diaggrid_swin_c100_none_7pct,14.28,8.53,1.69,13.00,3.35,-4.47
diaggrid_swin_c100_none_100pct,cifar100,swin_tiny,adamw,200,linear,none,,,,,,,100,50000,3,35.12,29.57,35.36,29.16,3,no,1/3 seeds at chance,,,,,,,
diaggrid_swin_c100_none_10pct,cifar100,swin_tiny,adamw,200,linear,none,,,,,,,10,5000,3,19.00,0.85,29.91,1.03,3,no,,,,,,,,
diaggrid_swin_c100_none_15pct,cifar100,swin_tiny,adamw,200,linear,none,,,,,,,15,7500,3,23.40,1.54,32.82,2.39,3,no,,,,,,,,
diaggrid_swin_c100_none_1pct,cifar100,swin_tiny,adamw,200,linear,none,,,,,,,1,500,3,8.12,0.19,24.08,0.74,3,no,,,,,,,,
diaggrid_swin_c100_none_20pct,cifar100,swin_tiny,adamw,200,linear,none,,,,,,,20,10000,3,26.81,0.71,34.74,0.65,3,no,,,,,,,,
diaggrid_swin_c100_none_25pct,cifar100,swin_tiny,adamw,200,linear,none,,,,,,,25,12500,3,31.81,0.86,39.07,0.69,3,no,,,,,,,,
diaggrid_swin_c100_none_2pct,cifar100,swin_tiny,adamw,200,linear,none,,,,,,,2,1000,3,10.05,1.01,23.89,1.60,3,no,,,,,,,,
diaggrid_swin_c100_none_3pct,cifar100,swin_tiny,adamw,200,linear,none,,,,,,,3,1500,3,11.99,0.34,25.25,0.10,3,no,,,,,,,,
diaggrid_swin_c100_none_50pct,cifar100,swin_tiny,adamw,200,linear,none,,,,,,,50,25000,3,30.44,19.83,33.12,20.77,3,no,,,,,,,,
diaggrid_swin_c100_none_5pct,cifar100,swin_tiny,adamw,200,linear,none,,,,,,,5,2500,3,13.88,1.87,24.61,4.08,3,no,,,,,,,,
diaggrid_swin_c100_none_7pct,cifar100,swin_tiny,adamw,200,linear,none,,,,,,,7,3500,3,14.28,2.89,24.09,5.80,3,no,,,,,,,,
diaggrid_swin_c10_aux_100pct,cifar10,swin_tiny,adamw,200,linear,none,,,energy-magnitude,layers.2,1.0,0.0,100,50000,3,86.89,0.32,86.61,0.28,3,no,,diaggrid_swin_c10_none_100pct,64.94,21.96,7.95,21.93,7.29,0.03
diaggrid_swin_c10_aux_10pct,cifar10,swin_tiny,adamw,200,linear,none,,,energy-magnitude,layers.2,1.0,0.0,10,5000,3,68.35,0.17,72.31,0.32,3,no,,diaggrid_swin_c10_none_10pct,28.28,40.07,7.83,41.21,7.84,-1.14
diaggrid_swin_c10_aux_15pct,cifar10,swin_tiny,adamw,200,linear,none,,,energy-magnitude,layers.2,1.0,0.0,15,7500,3,72.72,0.26,75.50,0.25,3,no,,diaggrid_swin_c10_none_15pct,56.97,15.75,6.09,13.76,5.80,1.99
diaggrid_swin_c10_aux_1pct,cifar10,swin_tiny,adamw,200,linear,none,,,energy-magnitude,layers.2,1.0,0.0,1,500,3,38.35,0.41,52.75,0.83,3,no,,diaggrid_swin_c10_none_1pct,23.49,14.86,6.91,18.07,3.47,-3.21
diaggrid_swin_c10_aux_20pct,cifar10,swin_tiny,adamw,200,linear,none,,,energy-magnitude,layers.2,1.0,0.0,20,10000,3,75.62,0.39,77.40,0.39,3,no,,diaggrid_swin_c10_none_20pct,28.67,46.96,10.84,44.57,10.49,2.39
diaggrid_swin_c10_aux_25pct,cifar10,swin_tiny,adamw,200,linear,none,,,energy-magnitude,layers.2,1.0,0.0,25,12500,3,77.29,0.59,78.94,0.40,3,no,,diaggrid_swin_c10_none_25pct,54.59,22.70,18.36,20.83,17.77,1.87
diaggrid_swin_c10_aux_2pct,cifar10,swin_tiny,adamw,200,linear,none,,,energy-magnitude,layers.2,1.0,0.0,2,1000,3,46.40,1.03,57.06,0.36,3,no,,diaggrid_swin_c10_none_2pct,27.70,18.70,8.93,20.51,7.52,-1.81
diaggrid_swin_c10_aux_3pct,cifar10,swin_tiny,adamw,200,linear,none,,,energy-magnitude,layers.2,1.0,0.0,3,1500,3,50.68,0.41,59.33,0.45,3,no,,diaggrid_swin_c10_none_3pct,23.96,26.71,8.37,26.46,6.51,0.25
diaggrid_swin_c10_aux_50pct,cifar10,swin_tiny,adamw,200,linear,none,,,energy-magnitude,layers.2,1.0,0.0,50,25000,3,82.61,0.28,82.81,0.05,3,no,,diaggrid_swin_c10_none_50pct,62.84,19.77,8.76,18.23,8.40,1.55
diaggrid_swin_c10_aux_5pct,cifar10,swin_tiny,adamw,200,linear,none,,,energy-magnitude,layers.2,1.0,0.0,5,2500,3,59.02,0.62,64.84,0.63,3,no,,diaggrid_swin_c10_none_5pct,24.27,34.75,13.89,,,
diaggrid_swin_c10_aux_7pct,cifar10,swin_tiny,adamw,200,linear,none,,,energy-magnitude,layers.2,1.0,0.0,7,3500,3,64.36,0.38,69.41,0.03,3,no,,diaggrid_swin_c10_none_7pct,29.03,35.33,14.98,35.65,15.48,-0.32
diaggrid_swin_c10_none_100pct,cifar10,swin_tiny,adamw,200,linear,none,,,,,,,100,50000,3,64.94,13.77,64.68,12.62,3,no,,,,,,,,
diaggrid_swin_c10_none_10pct,cifar10,swin_tiny,adamw,200,linear,none,,,,,,,10,5000,3,28.28,13.56,31.10,13.58,3,no,1/3 seeds at chance,,,,,,,
diaggrid_swin_c10_none_15pct,cifar10,swin_tiny,adamw,200,linear,none,,,,,,,15,7500,3,56.97,10.54,61.74,10.04,3,no,,,,,,,,
diaggrid_swin_c10_none_1pct,cifar10,swin_tiny,adamw,200,linear,none,,,,,,,1,500,3,23.49,11.97,34.68,5.96,3,no,1/3 seeds at chance,,,,,,,
diaggrid_swin_c10_none_20pct,cifar10,swin_tiny,adamw,200,linear,none,,,,,,,20,10000,3,28.67,18.77,32.84,18.17,3,no,1/3 seeds at chance,,,,,,,
diaggrid_swin_c10_none_25pct,cifar10,swin_tiny,adamw,200,linear,none,,,,,,,25,12500,3,54.59,31.79,58.11,30.77,3,no,,,,,,,,
diaggrid_swin_c10_none_2pct,cifar10,swin_tiny,adamw,200,linear,none,,,,,,,2,1000,3,27.70,15.44,36.54,13.01,3,no,1/3 seeds at chance,,,,,,,
diaggrid_swin_c10_none_3pct,cifar10,swin_tiny,adamw,200,linear,none,,,,,,,3,1500,3,23.96,14.49,32.86,11.27,3,no,1/3 seeds at chance,,,,,,,
diaggrid_swin_c10_none_50pct,cifar10,swin_tiny,adamw,200,linear,none,,,,,,,50,25000,3,62.84,15.16,64.59,14.56,3,no,,,,,,,,
diaggrid_swin_c10_none_5pct,cifar10,swin_tiny,adamw,200,linear,none,,,,,,,5,2500,3,24.27,24.05,,,,no,2/3 seeds at chance,,,,,,,
diaggrid_swin_c10_none_7pct,cifar10,swin_tiny,adamw,200,linear,none,,,,,,,7,3500,3,29.03,25.95,33.76,26.81,3,no,1/3 seeds at chance,,,,,,,
diaggrid_swin_cub_aux_100pct,cub,swin_tiny,adamw,200,linear,none,,,energy-magnitude,layers.2,1.0,0.0,100,5994,3,10.26,6.23,10.40,6.73,3,no,,diaggrid_swin_cub_none_100pct,0.63,9.62,3.60,9.67,3.89,-0.05
diaggrid_swin_cub_aux_10pct,cub,swin_tiny,adamw,200,linear,none,,,energy-magnitude,layers.2,1.0,0.0,10,599,3,1.67,0.14,3.47,0.10,3,no,,diaggrid_swin_cub_none_10pct,1.73,-0.06,0.13,0.85,0.07,-0.91
diaggrid_swin_cub_aux_15pct,cub,swin_tiny,adamw,200,linear,none,,,energy-magnitude,layers.2,1.0,0.0,15,899,3,2.24,0.07,4.08,0.04,3,no,,diaggrid_swin_cub_none_15pct,1.56,0.68,0.14,1.81,0.21,-1.13
diaggrid_swin_cub_aux_20pct,cub,swin_tiny,adamw,200,linear,none,,,energy-magnitude,layers.2,1.0,0.0,20,1199,3,2.73,0.16,4.53,0.42,3,no,,diaggrid_swin_cub_none_20pct,1.33,1.40,0.28,2.76,0.42,-1.36
diaggrid_swin_cub_aux_25pct,cub,swin_tiny,adamw,200,linear,none,,,energy-magnitude,layers.2,1.0,0.0,25,1498,3,3.54,0.29,5.21,0.08,3,no,,diaggrid_swin_cub_none_25pct,0.89,2.65,0.25,4.12,0.14,-1.48
diaggrid_swin_cub_aux_3pct,cub,swin_tiny,adamw,200,linear,none,,,energy-magnitude,layers.2,1.0,0.0,3,180,3,0.79,0.12,2.30,0.08,3,no,,diaggrid_swin_cub_none_3pct,0.87,-0.07,0.08,-0.27,0.06,0.20
diaggrid_swin_cub_aux_50pct,cub,swin_tiny,adamw,200,linear,none,,,energy-magnitude,layers.2,1.0,0.0,50,2997,3,5.28,3.37,5.70,3.67,3,no,,diaggrid_swin_cub_none_50pct,0.97,4.31,2.00,4.56,2.14,-0.24
diaggrid_swin_cub_aux_5pct,cub,swin_tiny,adamw,200,linear,none,,,energy-magnitude,layers.2,1.0,0.0,5,300,3,1.42,0.12,3.31,0.12,3,no,,diaggrid_swin_cub_none_5pct,1.30,0.12,0.09,0.86,0.07,-0.74
diaggrid_swin_cub_aux_7pct,cub,swin_tiny,adamw,200,linear,none,,,energy-magnitude,layers.2,1.0,0.0,7,420,3,1.33,0.02,3.13,0.08,3,no,,diaggrid_swin_cub_none_7pct,1.44,-0.10,0.03,0.26,0.08,-0.37
diaggrid_swin_cub_none_100pct,cub,swin_tiny,adamw,200,linear,none,,,,,,,100,5994,3,0.63,0.11,0.72,0.16,3,no,,,,,,,,
diaggrid_swin_cub_none_10pct,cub,swin_tiny,adamw,200,linear,none,,,,,,,10,599,3,1.73,0.18,2.62,0.04,3,no,,,,,,,,
diaggrid_swin_cub_none_15pct,cub,swin_tiny,adamw,200,linear,none,,,,,,,15,899,3,1.56,0.24,2.28,0.36,3,no,,,,,,,,
diaggrid_swin_cub_none_20pct,cub,swin_tiny,adamw,200,linear,none,,,,,,,20,1199,3,1.33,0.45,1.78,0.59,3,no,,,,,,,,
diaggrid_swin_cub_none_25pct,cub,swin_tiny,adamw,200,linear,none,,,,,,,25,1498,3,0.89,0.32,1.09,0.24,3,no,1/3 seeds at chance,,,,,,,
diaggrid_swin_cub_none_3pct,cub,swin_tiny,adamw,200,linear,none,,,,,,,3,180,3,0.87,0.08,2.57,0.06,3,no,,,,,,,,
diaggrid_swin_cub_none_50pct,cub,swin_tiny,adamw,200,linear,none,,,,,,,50,2997,3,0.97,0.79,1.14,0.47,3,no,2/3 seeds at chance,,,,,,,
diaggrid_swin_cub_none_5pct,cub,swin_tiny,adamw,200,linear,none,,,,,,,5,300,3,1.30,0.10,2.45,0.03,3,no,,,,,,,,
diaggrid_swin_cub_none_7pct,cub,swin_tiny,adamw,200,linear,none,,,,,,,7,420,3,1.44,0.05,2.87,0.11,3,no,,,,,,,,
diaggrid_swin_dtd_aux_100pct,dtd,swin_tiny,adamw,200,linear,none,,,energy-magnitude,layers.2,1.0,0.0,100,3760,3,35.66,0.63,35.59,0.92,3,no,,diaggrid_swin_dtd_none_100pct,5.28,30.37,3.23,28.69,1.32,1.68
diaggrid_swin_dtd_aux_10pct,dtd,swin_tiny,adamw,200,linear,none,,,energy-magnitude,layers.2,1.0,0.0,10,376,3,9.45,0.34,15.60,0.66,3,no,,diaggrid_swin_dtd_none_10pct,6.38,3.07,0.42,4.80,0.73,-1.74
diaggrid_swin_dtd_aux_15pct,dtd,swin_tiny,adamw,200,linear,none,,,energy-magnitude,layers.2,1.0,0.0,15,564,3,12.75,0.40,19.29,0.99,3,no,,diaggrid_swin_dtd_none_15pct,7.11,5.64,1.24,10.85,1.75,-5.21
diaggrid_swin_dtd_aux_20pct,dtd,swin_tiny,adamw,200,linear,none,,,energy-magnitude,layers.2,1.0,0.0,20,752,3,14.65,1.07,19.95,0.30,3,no,,diaggrid_swin_dtd_none_20pct,5.12,9.52,2.31,12.00,1.90,-2.48
diaggrid_swin_dtd_aux_25pct,dtd,swin_tiny,adamw,200,linear,none,,,energy-magnitude,layers.2,1.0,0.0,25,940,3,17.30,0.15,23.24,0.95,3,no,,diaggrid_swin_dtd_none_25pct,5.73,11.58,0.66,17.09,1.19,-5.51
diaggrid_swin_dtd_aux_50pct,dtd,swin_tiny,adamw,200,linear,none,,,energy-magnitude,layers.2,1.0,0.0,50,1880,3,25.05,0.44,27.68,0.85,3,no,,diaggrid_swin_dtd_none_50pct,3.88,21.17,1.77,21.47,1.28,-0.30
diaggrid_swin_dtd_aux_5pct,dtd,swin_tiny,adamw,200,linear,none,,,energy-magnitude,layers.2,1.0,0.0,5,188,3,6.38,0.11,13.88,0.64,3,no,,diaggrid_swin_dtd_none_5pct,5.32,1.06,0.33,3.14,0.48,-2.07
diaggrid_swin_dtd_aux_7pct,dtd,swin_tiny,adamw,200,linear,none,,,energy-magnitude,layers.2,1.0,0.0,7,263,3,8.95,0.36,15.44,0.88,3,no,,diaggrid_swin_dtd_none_7pct,6.49,2.46,0.29,3.40,0.70,-0.94
diaggrid_swin_dtd_none_100pct,dtd,swin_tiny,adamw,200,linear,none,,,,,,,100,3760,3,5.28,5.56,6.90,2.09,3,no,2/3 seeds at chance,,,,,,,
diaggrid_swin_dtd_none_10pct,dtd,swin_tiny,adamw,200,linear,none,,,,,,,10,376,3,6.38,0.64,10.80,1.09,3,no,,,,,,,,
diaggrid_swin_dtd_none_15pct,dtd,swin_tiny,adamw,200,linear,none,,,,,,,15,564,3,7.11,2.11,8.44,2.87,3,no,,,,,,,,
diaggrid_swin_dtd_none_20pct,dtd,swin_tiny,adamw,200,linear,none,,,,,,,20,752,3,5.12,3.85,7.94,3.27,3,no,1/3 seeds at chance,,,,,,,
diaggrid_swin_dtd_none_25pct,dtd,swin_tiny,adamw,200,linear,none,,,,,,,25,940,3,5.73,1.14,6.15,1.83,3,no,,,,,,,,
diaggrid_swin_dtd_none_50pct,dtd,swin_tiny,adamw,200,linear,none,,,,,,,50,1880,3,3.88,3.04,6.21,2.04,3,no,2/3 seeds at chance,,,,,,,
diaggrid_swin_dtd_none_5pct,dtd,swin_tiny,adamw,200,linear,none,,,,,,,5,188,3,5.32,0.56,10.74,0.52,3,no,,,,,,,,
diaggrid_swin_dtd_none_7pct,dtd,swin_tiny,adamw,200,linear,none,,,,,,,7,263,3,6.49,0.35,12.04,0.83,3,no,,,,,,,,
diaggrid_swin_esat_aux_100pct,eurosat,swin_tiny,adamw,200,linear,none,,,energy-magnitude,layers.2,1.0,0.0,100,21600,3,98.17,0.10,98.06,0.09,3,no,,diaggrid_swin_esat_none_100pct,31.78,66.38,10.47,65.35,10.95,1.04
diaggrid_swin_esat_aux_10pct,eurosat,swin_tiny,adamw,200,linear,none,,,energy-magnitude,layers.2,1.0,0.0,10,2160,3,89.78,0.34,91.83,0.02,3,no,,diaggrid_swin_esat_none_10pct,33.02,56.75,4.66,56.04,5.01,0.71
diaggrid_swin_esat_aux_15pct,eurosat,swin_tiny,adamw,200,linear,none,,,energy-magnitude,layers.2,1.0,0.0,15,3240,3,92.31,0.15,93.64,0.31,3,no,,diaggrid_swin_esat_none_15pct,18.59,73.72,7.48,55.51,3.67,18.21
diaggrid_swin_esat_aux_1pct,eurosat,swin_tiny,adamw,200,linear,none,,,energy-magnitude,layers.2,1.0,0.0,1,216,3,54.41,3.24,68.48,2.78,3,no,,diaggrid_swin_esat_none_1pct,25.85,28.57,5.09,34.38,4.88,-5.81
diaggrid_swin_esat_aux_20pct,eurosat,swin_tiny,adamw,200,linear,none,,,energy-magnitude,layers.2,1.0,0.0,20,4320,3,94.01,0.39,94.91,0.33,3,no,,diaggrid_swin_esat_none_20pct,22.74,71.27,5.83,63.82,2.03,7.45
diaggrid_swin_esat_aux_25pct,eurosat,swin_tiny,adamw,200,linear,none,,,energy-magnitude,layers.2,1.0,0.0,25,5400,3,95.09,0.23,95.65,0.26,3,no,,diaggrid_swin_esat_none_25pct,31.83,63.26,12.79,,,
diaggrid_swin_esat_aux_2pct,eurosat,swin_tiny,adamw,200,linear,none,,,energy-magnitude,layers.2,1.0,0.0,2,432,3,72.88,0.75,82.63,1.12,3,no,,diaggrid_swin_esat_none_2pct,42.34,30.54,12.67,36.53,13.82,-5.99
diaggrid_swin_esat_aux_3pct,eurosat,swin_tiny,adamw,200,linear,none,,,energy-magnitude,layers.2,1.0,0.0,3,648,3,80.04,0.46,85.90,0.36,3,no,,diaggrid_swin_esat_none_3pct,25.40,54.64,0.74,57.79,1.42,-3.15
diaggrid_swin_esat_aux_50pct,eurosat,swin_tiny,adamw,200,linear,none,,,energy-magnitude,layers.2,1.0,0.0,50,10800,3,97.10,0.12,97.10,0.07,3,no,,diaggrid_swin_esat_none_50pct,43.77,53.34,25.94,42.74,20.58,10.60
diaggrid_swin_esat_aux_5pct,eurosat,swin_tiny,adamw,200,linear,none,,,energy-magnitude,layers.2,1.0,0.0,5,1080,3,84.87,0.62,88.70,1.03,3,no,,diaggrid_swin_esat_none_5pct,34.33,50.54,14.72,43.72,10.14,6.82
diaggrid_swin_esat_aux_7pct,eurosat,swin_tiny,adamw,200,linear,none,,,energy-magnitude,layers.2,1.0,0.0,7,1512,3,87.38,0.43,89.80,0.48,3,no,,diaggrid_swin_esat_none_7pct,44.59,42.78,16.84,40.57,16.27,2.21
diaggrid_swin_esat_none_100pct,eurosat,swin_tiny,adamw,200,linear,none,,,,,,,100,21600,3,31.78,18.13,32.72,18.96,3,no,1/3 seeds at chance,,,,,,,
diaggrid_swin_esat_none_10pct,eurosat,swin_tiny,adamw,200,linear,none,,,,,,,10,2160,3,33.02,8.06,35.79,8.67,3,no,,,,,,,,
diaggrid_swin_esat_none_15pct,eurosat,swin_tiny,adamw,200,linear,none,,,,,,,15,3240,3,18.59,12.95,38.13,6.35,3,no,2/3 seeds at chance,,,,,,,
diaggrid_swin_esat_none_1pct,eurosat,swin_tiny,adamw,200,linear,none,,,,,,,1,216,3,25.85,8.20,34.10,7.99,3,no,,,,,,,,
diaggrid_swin_esat_none_20pct,eurosat,swin_tiny,adamw,200,linear,none,,,,,,,20,4320,3,22.74,10.09,31.09,3.50,3,no,1/3 seeds at chance,,,,,,,
diaggrid_swin_esat_none_25pct,eurosat,swin_tiny,adamw,200,linear,none,,,,,,,25,5400,3,31.83,22.14,,,,no,1/3 seeds at chance,,,,,,,
diaggrid_swin_esat_none_2pct,eurosat,swin_tiny,adamw,200,linear,none,,,,,,,2,432,3,42.34,21.93,46.10,23.91,3,no,,,,,,,,
diaggrid_swin_esat_none_3pct,eurosat,swin_tiny,adamw,200,linear,none,,,,,,,3,648,3,25.40,1.19,28.11,2.44,3,no,,,,,,,,
diaggrid_swin_esat_none_50pct,eurosat,swin_tiny,adamw,200,linear,none,,,,,,,50,10800,3,43.77,44.94,54.36,35.64,3,no,1/3 seeds at chance,,,,,,,
diaggrid_swin_esat_none_5pct,eurosat,swin_tiny,adamw,200,linear,none,,,,,,,5,1080,3,34.33,25.49,44.99,17.53,3,no,1/3 seeds at chance,,,,,,,
diaggrid_swin_esat_none_7pct,eurosat,swin_tiny,adamw,200,linear,none,,,,,,,7,1512,3,44.59,29.16,49.23,28.18,3,no,,,,,,,,
diaggrid_swin_food_aux_100pct,food101,swin_tiny,adamw,200,linear,none,,,energy-magnitude,layers.2,1.0,0.0,100,75750,3,57.07,1.74,,,,no,,diaggrid_swin_food_none_100pct,0.99,56.08,1.01,,,
diaggrid_swin_food_aux_10pct,food101,swin_tiny,adamw,200,linear,none,,,energy-magnitude,layers.2,1.0,0.0,10,7575,3,16.99,0.32,28.15,0.37,3,no,,diaggrid_swin_food_none_10pct,1.20,15.79,0.28,26.10,0.31,-10.32
diaggrid_swin_food_aux_15pct,food101,swin_tiny,adamw,200,linear,none,,,energy-magnitude,layers.2,1.0,0.0,15,11362,3,22.57,0.78,33.16,0.90,3,no,,diaggrid_swin_food_none_15pct,1.78,20.80,0.60,31.08,0.66,-10.29
diaggrid_swin_food_aux_1pct,food101,swin_tiny,adamw,200,linear,none,,,energy-magnitude,layers.2,1.0,0.0,1,758,3,3.21,0.10,11.39,0.22,3,no,,diaggrid_swin_food_none_1pct,1.56,1.65,0.34,8.02,1.35,-6.37
diaggrid_swin_food_aux_20pct,food101,swin_tiny,adamw,200,linear,none,,,energy-magnitude,layers.2,1.0,0.0,20,15150,3,28.69,1.97,37.71,1.86,3,no,,diaggrid_swin_food_none_20pct,1.14,27.55,1.15,36.14,1.09,-8.59
diaggrid_swin_food_aux_25pct,food101,swin_tiny,adamw,200,linear,none,,,energy-magnitude,layers.2,1.0,0.0,25,18938,3,23.40,8.72,30.99,9.17,3,no,,diaggrid_swin_food_none_25pct,1.00,22.41,5.04,29.32,5.31,-6.91
diaggrid_swin_food_aux_2pct,food101,swin_tiny,adamw,200,linear,none,,,energy-magnitude,layers.2,1.0,0.0,2,1515,3,4.85,0.12,13.81,0.45,3,no,,diaggrid_swin_food_none_2pct,0.98,3.87,0.07,11.74,0.28,-7.87
diaggrid_swin_food_aux_3pct,food101,swin_tiny,adamw,200,linear,none,,,energy-magnitude,layers.2,1.0,0.0,3,2272,3,5.28,2.69,12.40,7.46,3,no,,diaggrid_swin_food_none_3pct,1.30,3.98,1.58,10.24,4.31,-6.26
diaggrid_swin_food_aux_50pct,food101,swin_tiny,adamw,200,linear,none,,,energy-magnitude,layers.2,1.0,0.0,50,37875,3,46.17,0.71,49.38,0.54,3,no,,diaggrid_swin_food_none_50pct,0.99,45.18,0.41,47.63,0.32,-2.45
diaggrid_swin_food_aux_5pct,food101,swin_tiny,adamw,200,linear,none,,,energy-magnitude,layers.2,1.0,0.0,5,3788,3,9.96,0.34,21.34,0.50,3,no,,diaggrid_swin_food_none_5pct,1.26,8.69,0.26,19.77,0.31,-11.08
diaggrid_swin_food_aux_7pct,food101,swin_tiny,adamw,200,linear,none,,,energy-magnitude,layers.2,1.0,0.0,7,5302,3,9.71,5.71,17.82,11.63,3,no,,diaggrid_swin_food_none_7pct,1.07,8.63,3.30,15.81,6.71,-7.18
diaggrid_swin_food_none_100pct,food101,swin_tiny,adamw,200,linear,none,,,,,,,100,75750,3,0.99,0.00,,,,no,,,,,,,,
diaggrid_swin_food_none_10pct,food101,swin_tiny,adamw,200,linear,none,,,,,,,10,7575,3,1.20,0.36,2.05,0.38,3,no,,,,,,,,
diaggrid_swin_food_none_15pct,food101,swin_tiny,adamw,200,linear,none,,,,,,,15,11362,3,1.78,0.68,2.08,0.70,3,no,1/3 seeds at chance,,,,,,,
diaggrid_swin_food_none_1pct,food101,swin_tiny,adamw,200,linear,none,,,,,,,1,758,3,1.56,0.57,3.37,2.33,3,no,1/3 seeds at chance,,,,,,,
diaggrid_swin_food_none_20pct,food101,swin_tiny,adamw,200,linear,none,,,,,,,20,15150,3,1.14,0.27,1.57,0.30,3,no,,,,,,,,
diaggrid_swin_food_none_25pct,food101,swin_tiny,adamw,200,linear,none,,,,,,,25,18938,3,1.00,0.01,1.68,0.57,3,no,,,,,,,,
diaggrid_swin_food_none_2pct,food101,swin_tiny,adamw,200,linear,none,,,,,,,2,1515,3,0.98,0.02,2.07,0.20,3,no,,,,,,,,
diaggrid_swin_food_none_3pct,food101,swin_tiny,adamw,200,linear,none,,,,,,,3,2272,3,1.30,0.53,2.16,0.35,3,no,,,,,,,,
diaggrid_swin_food_none_50pct,food101,swin_tiny,adamw,200,linear,none,,,,,,,50,37875,3,0.99,0.00,1.75,0.13,3,no,,,,,,,,
diaggrid_swin_food_none_5pct,food101,swin_tiny,adamw,200,linear,none,,,,,,,5,3788,3,1.26,0.29,1.58,0.16,3,no,,,,,,,,
diaggrid_swin_food_none_7pct,food101,swin_tiny,adamw,200,linear,none,,,,,,,7,5302,3,1.07,0.15,2.00,0.09,3,no,,,,,,,,
diaggrid_swin_path_aux_100pct,pathmnist,swin_tiny,adamw,200,linear,none,,,energy-magnitude,layers.2,1.0,0.0,100,89996,3,91.27,0.21,90.34,0.43,3,no,,diaggrid_swin_path_none_100pct,83.24,8.03,2.03,8.01,2.24,0.02
diaggrid_swin_path_aux_10pct,pathmnist,swin_tiny,adamw,200,linear,none,,,energy-magnitude,layers.2,1.0,0.0,10,9000,3,92.68,1.04,91.68,1.37,3,no,,diaggrid_swin_path_none_10pct,66.57,26.11,8.22,21.88,7.37,4.23
diaggrid_swin_path_aux_15pct,pathmnist,swin_tiny,adamw,200,linear,none,,,energy-magnitude,layers.2,1.0,0.0,15,13499,3,91.84,0.82,90.16,0.68,3,no,,diaggrid_swin_path_none_15pct,50.94,40.90,17.20,31.69,10.93,9.21
diaggrid_swin_path_aux_1pct,pathmnist,swin_tiny,adamw,200,linear,none,,,energy-magnitude,layers.2,1.0,0.0,1,900,3,77.10,3.27,79.20,3.04,3,no,,diaggrid_swin_path_none_1pct,65.52,11.58,8.47,11.64,8.67,-0.06
diaggrid_swin_path_aux_20pct,pathmnist,swin_tiny,adamw,200,linear,none,,,energy-magnitude,layers.2,1.0,0.0,20,17999,3,91.44,1.04,90.19,0.20,3,no,,diaggrid_swin_path_none_20pct,78.09,13.35,3.61,11.47,2.19,1.88
diaggrid_swin_path_aux_25pct,pathmnist,swin_tiny,adamw,200,linear,none,,,energy-magnitude,layers.2,1.0,0.0,25,22499,3,91.69,0.58,88.36,0.17,3,no,,diaggrid_swin_path_none_25pct,59.33,32.36,20.39,30.68,19.57,1.68
diaggrid_swin_path_aux_2pct,pathmnist,swin_tiny,adamw,200,linear,none,,,energy-magnitude,layers.2,1.0,0.0,2,1800,3,84.04,0.84,84.53,0.91,3,no,,diaggrid_swin_path_none_2pct,57.98,26.06,7.15,21.87,8.85,4.19
diaggrid_swin_path_aux_3pct,pathmnist,swin_tiny,adamw,200,linear,none,,,energy-magnitude,layers.2,1.0,0.0,3,2700,3,85.87,2.52,87.10,2.20,3,no,,diaggrid_swin_path_none_3pct,68.94,16.93,3.84,13.54,4.12,3.39
diaggrid_swin_path_aux_50pct,pathmnist,swin_tiny,adamw,200,linear,none,,,energy-magnitude,layers.2,1.0,0.0,50,44998,3,91.51,0.38,89.63,0.85,3,no,,diaggrid_swin_path_none_50pct,58.45,33.06,19.92,31.99,19.51,1.07
diaggrid_swin_path_aux_5pct,pathmnist,swin_tiny,adamw,200,linear,none,,,energy-magnitude,layers.2,1.0,0.0,5,4500,3,88.88,1.48,89.40,1.53,3,no,,diaggrid_swin_path_none_5pct,56.85,32.03,12.18,31.09,12.81,0.94
diaggrid_swin_path_aux_7pct,pathmnist,swin_tiny,adamw,200,linear,none,,,energy-magnitude,layers.2,1.0,0.0,7,6300,3,92.20,0.39,91.83,0.22,3,no,,diaggrid_swin_path_none_7pct,36.98,55.21,10.02,45.80,2.06,9.42
diaggrid_swin_path_none_100pct,pathmnist,swin_tiny,adamw,200,linear,none,,,,,,,100,89996,3,83.24,3.51,82.33,3.85,3,no,,,,,,,,
diaggrid_swin_path_none_10pct,pathmnist,swin_tiny,adamw,200,linear,none,,,,,,,10,9000,3,66.57,14.19,69.80,12.69,3,no,,,,,,,,
diaggrid_swin_path_none_15pct,pathmnist,swin_tiny,adamw,200,linear,none,,,,,,,15,13499,3,50.94,29.79,58.47,18.92,3,no,,,,,,,,
diaggrid_swin_path_none_1pct,pathmnist,swin_tiny,adamw,200,linear,none,,,,,,,1,900,3,65.52,14.29,67.55,14.70,3,no,,,,,,,,
diaggrid_swin_path_none_20pct,pathmnist,swin_tiny,adamw,200,linear,none,,,,,,,20,17999,3,78.09,6.17,78.73,3.79,3,no,,,,,,,,
diaggrid_swin_path_none_25pct,pathmnist,swin_tiny,adamw,200,linear,none,,,,,,,25,22499,3,59.33,35.31,57.68,33.90,3,no,,,,,,,,
diaggrid_swin_path_none_2pct,pathmnist,swin_tiny,adamw,200,linear,none,,,,,,,2,1800,3,57.98,12.35,62.66,15.31,3,no,,,,,,,,
diaggrid_swin_path_none_3pct,pathmnist,swin_tiny,adamw,200,linear,none,,,,,,,3,2700,3,68.94,6.15,73.57,6.78,3,no,,,,,,,,
diaggrid_swin_path_none_50pct,pathmnist,swin_tiny,adamw,200,linear,none,,,,,,,50,44998,3,58.45,34.50,57.64,33.78,3,no,,,,,,,,
diaggrid_swin_path_none_5pct,pathmnist,swin_tiny,adamw,200,linear,none,,,,,,,5,4500,3,56.85,21.05,58.31,22.14,3,no,,,,,,,,
diaggrid_swin_path_none_7pct,pathmnist,swin_tiny,adamw,200,linear,none,,,,,,,7,6300,3,36.98,17.35,46.03,3.57,3,no,,,,,,,,
diaggrid_swin_stl_aux_100pct,stl10,swin_tiny,adamw,200,linear,none,,,energy-magnitude,layers.2,1.0,0.0,100,5000,3,51.96,12.32,50.50,12.40,3,no,,diaggrid_swin_stl_none_100pct,14.01,37.95,8.16,32.38,7.35,5.57
diaggrid_swin_stl_aux_10pct,stl10,swin_tiny,adamw,200,linear,none,,,energy-magnitude,layers.2,1.0,0.0,10,500,3,39.75,1.16,46.07,0.92,3,no,,diaggrid_swin_stl_none_10pct,20.68,19.08,1.61,23.52,1.06,-4.44
diaggrid_swin_stl_aux_15pct,stl10,swin_tiny,adamw,200,linear,none,,,energy-magnitude,layers.2,1.0,0.0,15,750,3,42.01,3.18,46.65,3.13,3,no,,diaggrid_swin_stl_none_15pct,25.70,16.32,3.26,19.75,2.81,-3.44
diaggrid_swin_stl_aux_20pct,stl10,swin_tiny,adamw,200,linear,none,,,energy-magnitude,layers.2,1.0,0.0,20,1000,3,49.85,0.91,52.70,1.22,3,no,,diaggrid_swin_stl_none_20pct,20.26,29.59,0.56,31.23,1.04,-1.63
diaggrid_swin_stl_aux_25pct,stl10,swin_tiny,adamw,200,linear,none,,,energy-magnitude,layers.2,1.0,0.0,25,1250,3,49.43,4.77,51.81,4.95,3,no,,diaggrid_swin_stl_none_25pct,15.35,34.08,4.26,30.59,3.29,3.49
diaggrid_swin_stl_aux_3pct,stl10,swin_tiny,adamw,200,linear,none,,,energy-magnitude,layers.2,1.0,0.0,3,150,3,26.21,3.16,35.09,4.26,3,no,,diaggrid_swin_stl_none_3pct,21.05,5.16,4.50,8.31,5.05,-3.15
diaggrid_swin_stl_aux_50pct,stl10,swin_tiny,adamw,200,linear,none,,,energy-magnitude,layers.2,1.0,0.0,50,2500,3,57.55,3.13,57.74,2.80,3,no,,diaggrid_swin_stl_none_50pct,17.76,39.79,5.33,37.67,3.85,2.12
diaggrid_swin_stl_aux_5pct,stl10,swin_tiny,adamw,200,linear,none,,,energy-magnitude,layers.2,1.0,0.0,5,250,3,29.09,0.77,37.13,1.62,3,no,,diaggrid_swin_stl_none_5pct,19.88,9.21,2.56,12.71,2.05,-3.50
diaggrid_swin_stl_aux_7pct,stl10,swin_tiny,adamw,200,linear,none,,,energy-magnitude,layers.2,1.0,0.0,7,350,3,32.78,0.49,40.67,0.69,3,no,,diaggrid_swin_stl_none_7pct,22.15,10.62,3.56,16.06,3.84,-5.44
diaggrid_swin_stl_none_100pct,stl10,swin_tiny,adamw,200,linear,none,,,,,,,100,5000,3,14.01,6.93,18.13,2.88,3,no,2/3 seeds at chance,,,,,,,
diaggrid_swin_stl_none_10pct,stl10,swin_tiny,adamw,200,linear,none,,,,,,,10,500,3,20.68,2.54,22.55,1.58,3,no,,,,,,,,
diaggrid_swin_stl_none_15pct,stl10,swin_tiny,adamw,200,linear,none,,,,,,,15,750,3,25.70,4.67,26.89,3.72,3,no,,,,,,,,
diaggrid_swin_stl_none_20pct,stl10,swin_tiny,adamw,200,linear,none,,,,,,,20,1000,3,20.26,0.33,21.48,1.33,3,no,,,,,,,,
diaggrid_swin_stl_none_25pct,stl10,swin_tiny,adamw,200,linear,none,,,,,,,25,1250,3,15.35,5.64,21.23,2.84,3,no,2/3 seeds at chance,,,,,,,
diaggrid_swin_stl_none_3pct,stl10,swin_tiny,adamw,200,linear,none,,,,,,,3,150,3,21.05,7.13,26.78,7.64,3,no,1/3 seeds at chance,,,,,,,
diaggrid_swin_stl_none_50pct,stl10,swin_tiny,adamw,200,linear,none,,,,,,,50,2500,3,17.76,8.69,20.07,6.05,3,no,1/3 seeds at chance,,,,,,,
diaggrid_swin_stl_none_5pct,stl10,swin_tiny,adamw,200,linear,none,,,,,,,5,250,3,19.88,4.36,24.42,3.16,3,no,,,,,,,,
diaggrid_swin_stl_none_7pct,stl10,swin_tiny,adamw,200,linear,none,,,,,,,7,350,3,22.15,6.14,24.60,6.62,3,no,,,,,,,,
diaggrid_swin_tin_aux_100pct,tin,swin_tiny,adamw,200,linear,none,,,energy-magnitude,layers.2,1.0,0.0,100,100000,3,48.54,1.31,48.79,1.14,3,no,,diaggrid_swin_tin_none_100pct,11.61,36.93,11.14,36.93,11.30,0.00
diaggrid_swin_tin_aux_10pct,tin,swin_tiny,adamw,200,linear,none,,,energy-magnitude,layers.2,1.0,0.0,10,10000,3,17.23,1.63,27.53,1.42,3,no,,diaggrid_swin_tin_none_10pct,0.86,16.37,1.01,25.95,0.88,-9.58
diaggrid_swin_tin_aux_15pct,tin,swin_tiny,adamw,200,linear,none,,,energy-magnitude,layers.2,1.0,0.0,15,15000,3,22.65,0.38,31.58,0.37,3,no,,diaggrid_swin_tin_none_15pct,0.50,22.15,0.22,30.73,0.28,-8.59
diaggrid_swin_tin_aux_1pct,tin,swin_tiny,adamw,200,linear,none,,,energy-magnitude,layers.2,1.0,0.0,1,1000,3,4.28,0.23,14.82,0.21,3,no,,diaggrid_swin_tin_none_1pct,2.24,2.04,0.31,7.80,1.11,-5.76
diaggrid_swin_tin_aux_20pct,tin,swin_tiny,adamw,200,linear,none,,,energy-magnitude,layers.2,1.0,0.0,20,20000,3,25.22,0.53,33.22,0.19,3,no,,diaggrid_swin_tin_none_20pct,0.85,24.37,0.36,31.58,0.18,-7.21
diaggrid_swin_tin_aux_25pct,tin,swin_tiny,adamw,200,linear,none,,,energy-magnitude,layers.2,1.0,0.0,25,25000,3,27.77,0.50,34.47,0.16,3,no,,diaggrid_swin_tin_none_25pct,1.30,26.46,0.51,32.64,0.32,-6.18
diaggrid_swin_tin_aux_2pct,tin,swin_tiny,adamw,200,linear,none,,,energy-magnitude,layers.2,1.0,0.0,2,2000,3,6.50,0.12,17.60,0.17,3,no,,diaggrid_swin_tin_none_2pct,0.86,5.64,0.21,16.03,0.20,-10.39
diaggrid_swin_tin_aux_3pct,tin,swin_tiny,adamw,200,linear,none,,,energy-magnitude,layers.2,1.0,0.0,3,3000,3,8.63,0.10,19.78,0.23,3,no,,diaggrid_swin_tin_none_3pct,0.83,7.80,0.21,18.28,0.32,-10.47
diaggrid_swin_tin_aux_50pct,tin,swin_tiny,adamw,200,linear,none,,,energy-magnitude,layers.2,1.0,0.0,50,50000,3,37.42,1.17,39.43,1.03,3,no,,diaggrid_swin_tin_none_50pct,5.53,31.89,5.08,32.98,5.40,-1.08
diaggrid_swin_tin_aux_5pct,tin,swin_tiny,adamw,200,linear,none,,,energy-magnitude,layers.2,1.0,0.0,5,5000,3,11.55,0.91,23.20,1.44,3,no,,diaggrid_swin_tin_none_5pct,1.43,10.12,1.08,19.95,1.69,-9.84
diaggrid_swin_tin_aux_7pct,tin,swin_tiny,adamw,200,linear,none,,,energy-magnitude,layers.2,1.0,0.0,7,7000,3,14.36,0.47,25.01,0.37,3,no,,diaggrid_swin_tin_none_7pct,1.26,13.10,0.48,22.90,0.23,-9.81
diaggrid_swin_tin_none_100pct,tin,swin_tiny,adamw,200,linear,none,,,,,,,100,100000,3,11.61,19.25,11.86,19.54,3,no,2/3 seeds at chance,,,,,,,
diaggrid_swin_tin_none_10pct,tin,swin_tiny,adamw,200,linear,none,,,,,,,10,10000,3,0.86,0.62,1.57,0.56,3,no,2/3 seeds at chance,,,,,,,
diaggrid_swin_tin_none_15pct,tin,swin_tiny,adamw,200,linear,none,,,,,,,15,15000,3,0.50,0.00,0.85,0.31,3,no,,,,,,,,
diaggrid_swin_tin_none_1pct,tin,swin_tiny,adamw,200,linear,none,,,,,,,1,1000,3,2.24,0.49,7.03,1.92,3,no,,,,,,,,
diaggrid_swin_tin_none_20pct,tin,swin_tiny,adamw,200,linear,none,,,,,,,20,20000,3,0.85,0.34,1.64,0.25,3,no,1/3 seeds at chance,,,,,,,
diaggrid_swin_tin_none_25pct,tin,swin_tiny,adamw,200,linear,none,,,,,,,25,25000,3,1.30,0.74,1.83,0.53,3,no,1/3 seeds at chance,,,,,,,
diaggrid_swin_tin_none_2pct,tin,swin_tiny,adamw,200,linear,none,,,,,,,2,2000,3,0.86,0.34,1.56,0.31,3,no,1/3 seeds at chance,,,,,,,
diaggrid_swin_tin_none_3pct,tin,swin_tiny,adamw,200,linear,none,,,,,,,3,3000,3,0.83,0.35,1.51,0.51,3,no,1/3 seeds at chance,,,,,,,
diaggrid_swin_tin_none_50pct,tin,swin_tiny,adamw,200,linear,none,,,,,,,50,50000,3,5.53,8.71,6.45,9.29,3,no,2/3 seeds at chance,,,,,,,
diaggrid_swin_tin_none_5pct,tin,swin_tiny,adamw,200,linear,none,,,,,,,5,5000,3,1.43,1.63,3.24,2.55,3,no,2/3 seeds at chance,,,,,,,
diaggrid_swin_tin_none_7pct,tin,swin_tiny,adamw,200,linear,none,,,,,,,7,7000,3,1.26,0.69,2.11,0.14,3,no,1/3 seeds at chance,,,,,,,
diaggrid_tin_r18_axmagnitudeL3_l10to00_cosinehead_fe90c5_100pct,tin,resnet18,sgd,200,cosine,none,,,energy-magnitude,layer3,1.0,0.0,100,100000,3,64.68,0.19,63.95,0.20,3,no,,diaggrid_tin_r18_cosinehead_05b132_100pct,65.20,-0.52,0.22,-0.42,0.13,-0.10
diaggrid_tin_r18_axmagnitudeL3_l10to00_cosinehead_fe90c5_10pct,tin,resnet18,sgd,200,cosine,none,,,energy-magnitude,layer3,1.0,0.0,10,10000,3,32.06,0.33,33.61,0.43,3,no,,diaggrid_tin_r18_cosinehead_05b132_10pct,30.64,1.42,0.22,1.33,0.30,0.10
diaggrid_tin_r18_axmagnitudeL3_l10to00_cosinehead_fe90c5_15pct,tin,resnet18,sgd,200,cosine,none,,,energy-magnitude,layer3,1.0,0.0,15,15000,3,38.49,0.41,38.84,0.38,3,no,,diaggrid_tin_r18_cosinehead_05b132_15pct,37.08,1.41,0.24,0.86,0.37,0.55
diaggrid_tin_r18_axmagnitudeL3_l10to00_cosinehead_fe90c5_20pct,tin,resnet18,sgd,200,cosine,none,,,energy-magnitude,layer3,1.0,0.0,20,20000,3,42.25,0.24,42.48,0.21,3,no,,diaggrid_tin_r18_cosinehead_05b132_20pct,41.26,0.99,0.21,1.10,0.24,-0.11
diaggrid_tin_r18_axmagnitudeL3_l10to00_cosinehead_fe90c5_25pct,tin,resnet18,sgd,200,cosine,none,,,energy-magnitude,layer3,1.0,0.0,25,25000,3,45.67,0.22,45.54,0.23,3,no,,diaggrid_tin_r18_cosinehead_05b132_25pct,45.43,0.24,0.19,0.25,0.20,-0.01
diaggrid_tin_r18_axmagnitudeL3_l10to00_cosinehead_fe90c5_2pct,tin,resnet18,sgd,200,cosine,none,,,energy-magnitude,layer3,1.0,0.0,2,2000,3,10.06,0.14,20.96,0.51,3,no,,diaggrid_tin_r18_cosinehead_05b132_2pct,9.06,1.01,0.15,2.75,0.38,-1.74
diaggrid_tin_r18_axmagnitudeL3_l10to00_cosinehead_fe90c5_3pct,tin,resnet18,sgd,200,cosine,none,,,energy-magnitude,layer3,1.0,0.0,3,3000,3,14.48,0.32,23.42,1.08,3,no,,diaggrid_tin_r18_cosinehead_05b132_3pct,13.21,1.27,0.23,2.11,0.63,-0.84
diaggrid_tin_r18_axmagnitudeL3_l10to00_cosinehead_fe90c5_50pct,tin,resnet18,sgd,200,cosine,none,,,energy-magnitude,layer3,1.0,0.0,50,50000,3,55.71,0.28,55.27,0.58,3,no,,diaggrid_tin_r18_cosinehead_05b132_50pct,55.90,-0.18,0.16,0.02,0.43,-0.20
diaggrid_tin_r18_axmagnitudeL3_l10to00_cosinehead_fe90c5_5pct,tin,resnet18,sgd,200,cosine,none,,,energy-magnitude,layer3,1.0,0.0,5,5000,3,20.98,0.54,26.79,1.32,3,no,,diaggrid_tin_r18_cosinehead_05b132_5pct,19.26,1.72,0.32,2.49,0.79,-0.78
diaggrid_tin_r18_axmagnitudeL3_l10to00_cosinehead_fe90c5_7pct,tin,resnet18,sgd,200,cosine,none,,,energy-magnitude,layer3,1.0,0.0,7,7000,3,25.68,0.37,29.20,1.02,3,no,,diaggrid_tin_r18_cosinehead_05b132_7pct,24.81,0.86,0.29,0.22,0.59,0.64
diaggrid_tin_r18_cosinehead_05b132_100pct,tin,resnet18,sgd,200,cosine,none,,,,,,,100,100000,3,65.20,0.32,64.37,0.12,3,no,,,,,,,,
diaggrid_tin_r18_cosinehead_05b132_10pct,tin,resnet18,sgd,200,cosine,none,,,,,,,10,10000,3,30.64,0.17,32.29,0.29,3,no,,,,,,,,
diaggrid_tin_r18_cosinehead_05b132_15pct,tin,resnet18,sgd,200,cosine,none,,,,,,,15,15000,3,37.08,0.08,37.98,0.52,3,no,,,,,,,,
diaggrid_tin_r18_cosinehead_05b132_20pct,tin,resnet18,sgd,200,cosine,none,,,,,,,20,20000,3,41.26,0.28,41.38,0.37,3,no,,,,,,,,
diaggrid_tin_r18_cosinehead_05b132_25pct,tin,resnet18,sgd,200,cosine,none,,,,,,,25,25000,3,45.43,0.24,45.29,0.26,3,no,,,,,,,,
diaggrid_tin_r18_cosinehead_05b132_2pct,tin,resnet18,sgd,200,cosine,none,,,,,,,2,2000,3,9.06,0.22,18.21,0.42,3,no,,,,,,,,
diaggrid_tin_r18_cosinehead_05b132_3pct,tin,resnet18,sgd,200,cosine,none,,,,,,,3,3000,3,13.21,0.24,21.31,0.10,3,no,,,,,,,,
diaggrid_tin_r18_cosinehead_05b132_50pct,tin,resnet18,sgd,200,cosine,none,,,,,,,50,50000,3,55.90,0.07,55.25,0.47,3,no,,,,,,,,
diaggrid_tin_r18_cosinehead_05b132_5pct,tin,resnet18,sgd,200,cosine,none,,,,,,,5,5000,3,19.26,0.12,24.29,0.36,3,no,,,,,,,,
diaggrid_tin_r18_cosinehead_05b132_7pct,tin,resnet18,sgd,200,cosine,none,,,,,,,7,7000,3,24.81,0.35,28.98,0.15,3,no,,,,,,,,
diaggrid_tin_vit_adamw_95e854_100pct,tin,vit_tiny,adamw,200,linear,none,,,,,,,100,100000,3,34.81,0.45,35.15,0.38,3,no,,diagvit_none_tin_100pct,34.81,0.00,0.37,0.00,0.31,-0.00
diaggrid_tin_vit_adamw_95e854_15pct,tin,vit_tiny,adamw,200,linear,none,,,,,,,15,15000,3,10.92,0.49,16.30,0.65,3,no,,diagvit_none_tin_15pct,10.92,0.00,0.40,0.01,0.53,-0.01
diaggrid_tin_vit_adamw_95e854_1pct,tin,vit_tiny,adamw,200,linear,none,,,,,,,1,1000,3,3.45,0.07,9.90,0.24,3,no,,diagvit_none_tin_1pct,3.45,0.00,0.06,0.00,0.19,-0.00
diaggrid_tin_vit_adamw_95e854_20pct,tin,vit_tiny,adamw,200,linear,none,,,,,,,20,20000,3,13.29,0.33,18.21,0.38,3,no,,,,,,,,
diaggrid_tin_vit_adamw_95e854_25pct,tin,vit_tiny,adamw,200,linear,none,,,,,,,25,25000,3,15.86,0.89,20.49,1.25,3,no,,diagvit_none_tin_25pct,15.86,0.00,0.72,0.00,1.02,0.00
diaggrid_tin_vit_adamw_95e854_2pct,tin,vit_tiny,adamw,200,linear,none,,,,,,,2,2000,3,4.17,0.08,10.22,0.39,3,no,,diagvit_none_tin_2pct,4.17,0.00,0.07,0.01,0.32,-0.01
diaggrid_tin_vit_adamw_95e854_3pct,tin,vit_tiny,adamw,200,linear,none,,,,,,,3,3000,3,5.17,0.25,10.81,0.70,3,no,,,,,,,,
diaggrid_tin_vit_adamw_95e854_50pct,tin,vit_tiny,adamw,200,linear,none,,,,,,,50,50000,3,24.81,0.62,27.30,0.67,3,no,,,,,,,,
diaggrid_tin_vit_adamw_95e854_5pct,tin,vit_tiny,adamw,200,linear,none,,,,,,,5,5000,3,6.02,0.17,12.01,0.39,3,no,,diagvit_none_tin_5pct,6.02,0.00,0.14,-0.01,0.32,0.01
diaggrid_tin_vit_adamw_95e854_7pct,tin,vit_tiny,adamw,200,linear,none,,,,,,,7,7000,3,7.13,0.10,13.00,0.11,3,no,,,,,,,,
diaggrid_tin_vit_adamw_axmagnitudeb8_l10to00_hn_65458b_100pct,tin,vit_tiny,adamw,200,linear,none,,,energy-magnitude,blocks.8,1.0,0.0,100,100000,3,41.98,0.64,42.31,0.60,3,no,,diagvit_none_tin_100pct,34.81,7.17,0.45,7.16,0.41,0.00
diaggrid_tin_vit_adamw_axmagnitudeb8_l10to00_hn_65458b_15pct,tin,vit_tiny,adamw,200,linear,none,,,energy-magnitude,blocks.8,1.0,0.0,15,15000,3,21.64,0.32,28.26,0.22,3,no,,diagvit_none_tin_15pct,10.92,10.73,0.34,11.97,0.40,-1.24
diaggrid_tin_vit_adamw_axmagnitudeb8_l10to00_hn_65458b_1pct,tin,vit_tiny,adamw,200,linear,none,,,energy-magnitude,blocks.8,1.0,0.0,1,1000,3,4.83,0.30,14.87,0.33,3,no,,diagvit_none_tin_1pct,3.45,1.39,0.18,4.98,0.23,-3.59
diaggrid_tin_vit_adamw_axmagnitudeb8_l10to00_hn_65458b_20pct,tin,vit_tiny,adamw,200,linear,none,,,energy-magnitude,blocks.8,1.0,0.0,20,20000,3,23.94,0.28,29.68,0.31,3,no,,diaggrid_tin_vit_adamw_95e854_20pct,13.29,10.65,0.25,11.47,0.28,-0.82
diaggrid_tin_vit_adamw_axmagnitudeb8_l10to00_hn_65458b_25pct,tin,vit_tiny,adamw,200,linear,none,,,energy-magnitude,blocks.8,1.0,0.0,25,25000,3,26.35,0.55,31.11,0.35,3,no,,diagvit_none_tin_25pct,15.86,10.48,0.60,10.62,0.74,-0.14
diaggrid_tin_vit_adamw_axmagnitudeb8_l10to00_hn_65458b_2pct,tin,vit_tiny,adamw,200,linear,none,,,energy-magnitude,blocks.8,1.0,0.0,2,2000,3,7.46,0.12,17.00,0.58,3,no,,diagvit_none_tin_2pct,4.17,3.29,0.08,6.79,0.40,-3.50
diaggrid_tin_vit_adamw_axmagnitudeb8_l10to00_hn_65458b_3pct,tin,vit_tiny,adamw,200,linear,none,,,energy-magnitude,blocks.8,1.0,0.0,3,3000,3,9.80,0.18,19.38,0.50,3,no,,diaggrid_tin_vit_adamw_95e854_3pct,5.17,4.64,0.18,8.57,0.50,-3.93
diaggrid_tin_vit_adamw_axmagnitudeb8_l10to00_hn_65458b_50pct,tin,vit_tiny,adamw,200,linear,none,,,energy-magnitude,blocks.8,1.0,0.0,50,50000,3,33.38,0.42,35.41,0.40,3,no,,diaggrid_tin_vit_adamw_95e854_50pct,24.81,8.58,0.43,8.11,0.45,0.46
diaggrid_tin_vit_adamw_axmagnitudeb8_l10to00_hn_65458b_5pct,tin,vit_tiny,adamw,200,linear,none,,,energy-magnitude,blocks.8,1.0,0.0,5,5000,3,12.79,0.21,22.24,0.49,3,no,,diagvit_none_tin_5pct,6.02,6.77,0.16,10.22,0.36,-3.45
diaggrid_tin_vit_adamw_axmagnitudeb8_l10to00_hn_65458b_7pct,tin,vit_tiny,adamw,200,linear,none,,,energy-magnitude,blocks.8,1.0,0.0,7,7000,3,15.09,0.26,24.02,0.24,3,no,,diaggrid_tin_vit_adamw_95e854_7pct,7.13,7.96,0.16,11.01,0.15,-3.05
diaggrid_vit_c10_aux_100pct,cifar10,vit_tiny,adamw,200,linear,none,,,energy-magnitude,blocks.8,1.0,0.0,100,50000,3,89.83,0.25,89.76,0.39,3,no,,diaggrid_vit_c10_none_100pct,80.83,9.00,0.91,9.00,0.87,0.00
diaggrid_vit_c10_aux_10pct,cifar10,vit_tiny,adamw,200,linear,none,,,energy-magnitude,blocks.8,1.0,0.0,10,5000,3,66.27,0.34,69.70,0.71,3,no,,diaggrid_vit_c10_none_10pct,52.25,14.02,0.95,11.98,0.89,2.05
diaggrid_vit_c10_aux_15pct,cifar10,vit_tiny,adamw,200,linear,none,,,energy-magnitude,blocks.8,1.0,0.0,15,7500,3,71.27,0.79,73.71,0.17,3,no,,diaggrid_vit_c10_none_15pct,61.21,10.06,1.16,8.28,0.94,1.78
diaggrid_vit_c10_aux_1pct,cifar10,vit_tiny,adamw,200,linear,none,,,energy-magnitude,blocks.8,1.0,0.0,1,500,3,35.53,0.27,46.91,0.65,3,no,,diaggrid_vit_c10_none_1pct,29.86,5.67,0.24,7.03,0.44,-1.36
diaggrid_vit_c10_aux_20pct,cifar10,vit_tiny,adamw,200,linear,none,,,energy-magnitude,blocks.8,1.0,0.0,20,10000,3,74.57,0.67,76.44,0.54,3,no,,diaggrid_vit_c10_none_20pct,60.35,14.23,2.15,12.29,1.87,1.93
diaggrid_vit_c10_aux_25pct,cifar10,vit_tiny,adamw,200,linear,none,,,energy-magnitude,blocks.8,1.0,0.0,25,12500,3,76.92,0.44,78.62,0.47,3,no,,diaggrid_vit_c10_none_25pct,68.58,8.34,0.62,7.29,0.40,1.05
diaggrid_vit_c10_aux_2pct,cifar10,vit_tiny,adamw,200,linear,none,,,energy-magnitude,blocks.8,1.0,0.0,2,1000,3,44.29,0.41,52.41,0.62,3,no,,diaggrid_vit_c10_none_2pct,35.30,9.00,0.25,7.96,0.47,1.03
diaggrid_vit_c10_aux_3pct,cifar10,vit_tiny,adamw,200,linear,none,,,energy-magnitude,blocks.8,1.0,0.0,3,1500,3,50.12,0.28,56.72,0.63,3,no,,diaggrid_vit_c10_none_3pct,38.11,12.02,0.55,9.94,0.62,2.08
diaggrid_vit_c10_aux_50pct,cifar10,vit_tiny,adamw,200,linear,none,,,energy-magnitude,blocks.8,1.0,0.0,50,25000,3,83.58,0.03,84.07,0.24,3,no,,diaggrid_vit_c10_none_50pct,75.14,8.44,0.52,7.90,0.61,0.54
diaggrid_vit_c10_aux_5pct,cifar10,vit_tiny,adamw,200,linear,none,,,energy-magnitude,blocks.8,1.0,0.0,5,2500,3,57.65,0.57,62.40,0.75,3,no,,diaggrid_vit_c10_none_5pct,45.31,12.34,1.21,10.44,0.94,1.90
diaggrid_vit_c10_aux_7pct,cifar10,vit_tiny,adamw,200,linear,none,,,energy-magnitude,blocks.8,1.0,0.0,7,3500,3,61.74,0.17,65.82,0.29,3,no,,diaggrid_vit_c10_none_7pct,48.39,13.35,1.35,11.09,0.81,2.25
diaggrid_vit_c10_none_100pct,cifar10,vit_tiny,adamw,200,linear,none,,,,,,,100,50000,3,80.83,1.55,80.76,1.46,3,no,,,,,,,,
diaggrid_vit_c10_none_10pct,cifar10,vit_tiny,adamw,200,linear,none,,,,,,,10,5000,3,52.25,1.61,57.73,1.38,3,no,,,,,,,,
diaggrid_vit_c10_none_15pct,cifar10,vit_tiny,adamw,200,linear,none,,,,,,,15,7500,3,61.21,1.85,65.43,1.62,3,no,,,,,,,,
diaggrid_vit_c10_none_1pct,cifar10,vit_tiny,adamw,200,linear,none,,,,,,,1,500,3,29.86,0.32,39.88,0.40,3,no,,,,,,,,
diaggrid_vit_c10_none_20pct,cifar10,vit_tiny,adamw,200,linear,none,,,,,,,20,10000,3,60.35,3.66,64.15,3.19,3,no,,,,,,,,
diaggrid_vit_c10_none_25pct,cifar10,vit_tiny,adamw,200,linear,none,,,,,,,25,12500,3,68.58,0.99,71.33,0.52,3,no,,,,,,,,
diaggrid_vit_c10_none_2pct,cifar10,vit_tiny,adamw,200,linear,none,,,,,,,2,1000,3,35.30,0.17,44.45,0.54,3,no,,,,,,,,
diaggrid_vit_c10_none_3pct,cifar10,vit_tiny,adamw,200,linear,none,,,,,,,3,1500,3,38.11,0.90,46.78,0.87,3,no,,,,,,,,
diaggrid_vit_c10_none_50pct,cifar10,vit_tiny,adamw,200,linear,none,,,,,,,50,25000,3,75.14,0.90,76.17,1.04,3,no,,,,,,,,
diaggrid_vit_c10_none_5pct,cifar10,vit_tiny,adamw,200,linear,none,,,,,,,5,2500,3,45.31,2.01,51.96,1.44,3,no,,,,,,,,
diaggrid_vit_c10_none_7pct,cifar10,vit_tiny,adamw,200,linear,none,,,,,,,7,3500,3,48.39,2.33,54.73,1.37,3,no,,,,,,,,
diaggrid_vit_cub_aux_100pct,cub,vit_tiny,adamw,200,linear,none,,,energy-magnitude,blocks.8,1.0,0.0,100,5994,3,15.71,0.06,15.52,0.24,3,no,,diaggrid_vit_cub_none_100pct,8.54,7.17,0.22,6.95,0.28,0.22
diaggrid_vit_cub_aux_10pct,cub,vit_tiny,adamw,200,linear,none,,,energy-magnitude,blocks.8,1.0,0.0,10,599,3,2.38,0.21,4.38,0.33,3,no,,diaggrid_vit_cub_none_10pct,2.30,0.09,0.13,0.84,0.23,-0.75
diaggrid_vit_cub_aux_15pct,cub,vit_tiny,adamw,200,linear,none,,,energy-magnitude,blocks.8,1.0,0.0,15,899,3,2.92,0.13,4.98,0.13,3,no,,diaggrid_vit_cub_none_15pct,2.40,0.51,0.09,0.97,0.14,-0.46
diaggrid_vit_cub_aux_20pct,cub,vit_tiny,adamw,200,linear,none,,,energy-magnitude,blocks.8,1.0,0.0,20,1199,3,3.96,0.10,5.99,0.23,3,no,,diaggrid_vit_cub_none_20pct,3.19,0.77,0.10,1.90,0.21,-1.13
diaggrid_vit_cub_aux_25pct,cub,vit_tiny,adamw,200,linear,none,,,energy-magnitude,blocks.8,1.0,0.0,25,1498,3,5.21,0.33,6.71,0.15,3,no,,diaggrid_vit_cub_none_25pct,3.95,1.26,0.24,1.98,0.23,-0.72
diaggrid_vit_cub_aux_3pct,cub,vit_tiny,adamw,200,linear,none,,,energy-magnitude,blocks.8,1.0,0.0,3,180,3,1.20,0.05,3.91,0.34,3,no,,diaggrid_vit_cub_none_3pct,1.06,0.14,0.04,0.66,0.20,-0.52
diaggrid_vit_cub_aux_50pct,cub,vit_tiny,adamw,200,linear,none,,,energy-magnitude,blocks.8,1.0,0.0,50,2997,3,9.38,0.28,9.68,0.29,3,no,,diaggrid_vit_cub_none_50pct,4.91,4.47,0.30,4.66,0.23,-0.19
diaggrid_vit_cub_aux_5pct,cub,vit_tiny,adamw,200,linear,none,,,energy-magnitude,blocks.8,1.0,0.0,5,300,3,1.87,0.03,4.37,0.09,3,no,,diaggrid_vit_cub_none_5pct,1.67,0.20,0.10,0.82,0.17,-0.62
diaggrid_vit_cub_aux_7pct,cub,vit_tiny,adamw,200,linear,none,,,energy-magnitude,blocks.8,1.0,0.0,7,420,3,1.87,0.12,4.19,0.11,3,no,,diaggrid_vit_cub_none_7pct,1.69,0.18,0.09,0.55,0.15,-0.36
diaggrid_vit_cub_none_100pct,cub,vit_tiny,adamw,200,linear,none,,,,,,,100,5994,3,8.54,0.38,8.57,0.42,3,no,,,,,,,,
diaggrid_vit_cub_none_10pct,cub,vit_tiny,adamw,200,linear,none,,,,,,,10,599,3,2.30,0.07,3.54,0.23,3,no,,,,,,,,
diaggrid_vit_cub_none_15pct,cub,vit_tiny,adamw,200,linear,none,,,,,,,15,899,3,2.40,0.09,4.00,0.20,3,no,,,,,,,,
diaggrid_vit_cub_none_20pct,cub,vit_tiny,adamw,200,linear,none,,,,,,,20,1199,3,3.19,0.15,4.08,0.28,3,no,,,,,,,,
diaggrid_vit_cub_none_25pct,cub,vit_tiny,adamw,200,linear,none,,,,,,,25,1498,3,3.95,0.24,4.73,0.36,3,no,,,,,,,,
diaggrid_vit_cub_none_3pct,cub,vit_tiny,adamw,200,linear,none,,,,,,,3,180,3,1.06,0.04,3.24,0.10,3,no,,,,,,,,
diaggrid_vit_cub_none_50pct,cub,vit_tiny,adamw,200,linear,none,,,,,,,50,2997,3,4.91,0.44,5.02,0.28,3,no,,,,,,,,
diaggrid_vit_cub_none_5pct,cub,vit_tiny,adamw,200,linear,none,,,,,,,5,300,3,1.67,0.17,3.55,0.28,3,no,,,,,,,,
diaggrid_vit_cub_none_7pct,cub,vit_tiny,adamw,200,linear,none,,,,,,,7,420,3,1.69,0.09,3.65,0.23,3,no,,,,,,,,
diaggrid_vit_dtd_aux_100pct,dtd,vit_tiny,adamw,200,linear,none,,,energy-magnitude,blocks.8,1.0,0.0,100,3760,3,33.60,0.82,33.83,0.86,3,no,,diaggrid_vit_dtd_none_100pct,21.86,11.74,0.79,11.81,0.95,-0.07
diaggrid_vit_dtd_aux_10pct,dtd,vit_tiny,adamw,200,linear,none,,,energy-magnitude,blocks.8,1.0,0.0,10,376,3,9.80,0.48,17.22,0.49,3,no,,diaggrid_vit_dtd_none_10pct,8.30,1.51,0.51,3.30,0.39,-1.79
diaggrid_vit_dtd_aux_15pct,dtd,vit_tiny,adamw,200,linear,none,,,energy-magnitude,blocks.8,1.0,0.0,15,564,3,13.62,0.19,20.00,0.28,3,no,,diaggrid_vit_dtd_none_15pct,10.00,3.62,0.22,5.34,0.19,-1.72
diaggrid_vit_dtd_aux_20pct,dtd,vit_tiny,adamw,200,linear,none,,,energy-magnitude,blocks.8,1.0,0.0,20,752,3,14.89,0.53,19.24,0.30,3,no,,diaggrid_vit_dtd_none_20pct,11.10,3.79,0.40,4.52,0.22,-0.73
diaggrid_vit_dtd_aux_25pct,dtd,vit_tiny,adamw,200,linear,none,,,energy-magnitude,blocks.8,1.0,0.0,25,940,3,17.06,1.01,21.44,0.19,3,no,,diaggrid_vit_dtd_none_25pct,12.04,5.02,1.17,6.84,0.35,-1.83
diaggrid_vit_dtd_aux_50pct,dtd,vit_tiny,adamw,200,linear,none,,,energy-magnitude,blocks.8,1.0,0.0,50,1880,3,23.78,0.72,25.80,0.09,3,no,,diaggrid_vit_dtd_none_50pct,13.94,9.84,0.56,9.82,0.23,0.02
diaggrid_vit_dtd_aux_5pct,dtd,vit_tiny,adamw,200,linear,none,,,energy-magnitude,blocks.8,1.0,0.0,5,188,3,7.85,0.35,16.76,0.94,3,no,,diaggrid_vit_dtd_none_5pct,6.88,0.98,0.37,2.64,0.70,-1.67
diaggrid_vit_dtd_aux_7pct,dtd,vit_tiny,adamw,200,linear,none,,,energy-magnitude,blocks.8,1.0,0.0,7,263,3,9.18,0.31,17.98,0.68,3,no,,diaggrid_vit_dtd_none_7pct,8.24,0.94,0.21,3.01,0.47,-2.07
diaggrid_vit_dtd_none_100pct,dtd,vit_tiny,adamw,200,linear,none,,,,,,,100,3760,3,21.86,1.09,22.02,1.41,3,no,,,,,,,,
diaggrid_vit_dtd_none_10pct,dtd,vit_tiny,adamw,200,linear,none,,,,,,,10,376,3,8.30,0.74,13.92,0.45,3,no,,,,,,,,
diaggrid_vit_dtd_none_15pct,dtd,vit_tiny,adamw,200,linear,none,,,,,,,15,564,3,10.00,0.32,14.66,0.17,3,no,,,,,,,,
diaggrid_vit_dtd_none_20pct,dtd,vit_tiny,adamw,200,linear,none,,,,,,,20,752,3,11.10,0.43,14.72,0.25,3,no,,,,,,,,
diaggrid_vit_dtd_none_25pct,dtd,vit_tiny,adamw,200,linear,none,,,,,,,25,940,3,12.04,1.76,14.59,0.57,3,no,,,,,,,,
diaggrid_vit_dtd_none_50pct,dtd,vit_tiny,adamw,200,linear,none,,,,,,,50,1880,3,13.94,0.65,15.98,0.38,3,no,,,,,,,,
diaggrid_vit_dtd_none_5pct,dtd,vit_tiny,adamw,200,linear,none,,,,,,,5,188,3,6.88,0.54,14.11,0.76,3,no,,,,,,,,
diaggrid_vit_dtd_none_7pct,dtd,vit_tiny,adamw,200,linear,none,,,,,,,7,263,3,8.24,0.19,14.96,0.43,3,no,,,,,,,,
diaggrid_vit_esat_aux_100pct,eurosat,vit_tiny,adamw,200,linear,none,,,energy-magnitude,blocks.8,1.0,0.0,100,21600,3,97.57,0.06,97.60,0.11,3,no,,diaggrid_vit_esat_none_100pct,96.20,1.36,0.06,1.46,0.09,-0.09
diaggrid_vit_esat_aux_10pct,eurosat,vit_tiny,adamw,200,linear,none,,,energy-magnitude,blocks.8,1.0,0.0,10,2160,3,89.60,0.39,92.28,0.34,3,no,,diaggrid_vit_esat_none_10pct,85.29,4.31,0.31,3.73,0.32,0.58
diaggrid_vit_esat_aux_15pct,eurosat,vit_tiny,adamw,200,linear,none,,,energy-magnitude,blocks.8,1.0,0.0,15,3240,3,91.80,0.22,93.31,0.31,3,no,,diaggrid_vit_esat_none_15pct,88.32,3.48,0.19,3.01,0.27,0.48
diaggrid_vit_esat_aux_1pct,eurosat,vit_tiny,adamw,200,linear,none,,,energy-magnitude,blocks.8,1.0,0.0,1,216,3,64.44,0.69,78.92,1.03,3,no,,diaggrid_vit_esat_none_1pct,60.58,3.86,1.03,2.88,0.63,0.99
diaggrid_vit_esat_aux_20pct,eurosat,vit_tiny,adamw,200,linear,none,,,energy-magnitude,blocks.8,1.0,0.0,20,4320,3,93.65,0.05,94.88,0.19,3,no,,diaggrid_vit_esat_none_20pct,90.27,3.38,0.14,3.57,0.13,-0.20
diaggrid_vit_esat_aux_2pct,eurosat,vit_tiny,adamw,200,linear,none,,,energy-magnitude,blocks.8,1.0,0.0,2,432,3,75.91,1.16,84.36,0.11,3,no,,diaggrid_vit_esat_none_2pct,71.30,4.61,0.88,4.93,0.84,-0.31
diaggrid_vit_esat_aux_3pct,eurosat,vit_tiny,adamw,200,linear,none,,,energy-magnitude,blocks.8,1.0,0.0,3,648,3,80.22,0.72,86.23,0.81,3,no,,diaggrid_vit_esat_none_3pct,75.64,4.58,0.45,3.79,0.55,0.79
diaggrid_vit_esat_aux_50pct,eurosat,vit_tiny,adamw,200,linear,none,,,energy-magnitude,blocks.8,1.0,0.0,50,10800,3,96.58,0.10,96.60,0.09,3,no,,diaggrid_vit_esat_none_50pct,94.39,2.19,0.07,2.23,0.07,-0.04
diaggrid_vit_esat_aux_7pct,eurosat,vit_tiny,adamw,200,linear,none,,,energy-magnitude,blocks.8,1.0,0.0,7,1512,3,87.30,0.78,90.25,0.73,3,no,,diaggrid_vit_esat_none_7pct,83.96,3.34,0.61,2.92,0.63,0.42
diaggrid_vit_esat_none_100pct,eurosat,vit_tiny,adamw,200,linear,none,,,,,,,100,21600,3,96.20,0.10,96.15,0.11,3,no,,,,,,,,
diaggrid_vit_esat_none_10pct,eurosat,vit_tiny,adamw,200,linear,none,,,,,,,10,2160,3,85.29,0.37,88.54,0.45,3,no,,,,,,,,
diaggrid_vit_esat_none_15pct,eurosat,vit_tiny,adamw,200,linear,none,,,,,,,15,3240,3,88.32,0.25,90.30,0.34,3,no,,,,,,,,
diaggrid_vit_esat_none_1pct,eurosat,vit_tiny,adamw,200,linear,none,,,,,,,1,216,3,60.58,1.63,76.04,0.39,3,no,,,,,,,,
diaggrid_vit_esat_none_20pct,eurosat,vit_tiny,adamw,200,linear,none,,,,,,,20,4320,3,90.27,0.24,91.31,0.13,3,no,,,,,,,,
diaggrid_vit_esat_none_2pct,eurosat,vit_tiny,adamw,200,linear,none,,,,,,,2,432,3,71.30,1.00,79.43,1.46,3,no,,,,,,,,
diaggrid_vit_esat_none_3pct,eurosat,vit_tiny,adamw,200,linear,none,,,,,,,3,648,3,75.64,0.28,82.44,0.50,3,no,,,,,,,,
diaggrid_vit_esat_none_50pct,eurosat,vit_tiny,adamw,200,linear,none,,,,,,,50,10800,3,94.39,0.06,94.36,0.07,3,no,,,,,,,,
diaggrid_vit_esat_none_7pct,eurosat,vit_tiny,adamw,200,linear,none,,,,,,,7,1512,3,83.96,0.72,87.33,0.80,3,no,,,,,,,,
diaggrid_vit_eurosat_aux_25pct,eurosat,vit_tiny,adamw,200,linear,none,,,energy-magnitude,blocks.8,1.0,0.0,25,5400,3,94.52,0.19,95.36,0.11,3,no,,diaggrid_vit_eurosat_none_25pct,91.14,3.39,0.21,3.08,0.23,0.31
diaggrid_vit_eurosat_aux_5pct,eurosat,vit_tiny,adamw,200,linear,none,,,energy-magnitude,blocks.8,1.0,0.0,5,1080,3,85.12,0.69,88.88,0.40,3,no,,diaggrid_vit_eurosat_none_5pct,81.96,3.16,0.59,2.56,0.56,0.60
diaggrid_vit_eurosat_none_25pct,eurosat,vit_tiny,adamw,200,linear,none,,,,,,,25,5400,3,91.14,0.32,92.28,0.38,3,no,,,,,,,,
diaggrid_vit_eurosat_none_5pct,eurosat,vit_tiny,adamw,200,linear,none,,,,,,,5,1080,3,81.96,0.74,86.31,0.88,3,no,,,,,,,,
diaggrid_vit_food101_aux_25pct,food101,vit_tiny,adamw,200,linear,none,,,energy-magnitude,blocks.8,1.0,0.0,25,18938,3,26.58,0.21,32.17,0.07,3,no,,diaggrid_vit_food101_none_25pct,16.77,9.81,0.25,10.46,0.36,-0.65
diaggrid_vit_food101_aux_5pct,food101,vit_tiny,adamw,200,linear,none,,,energy-magnitude,blocks.8,1.0,0.0,5,3788,3,11.22,0.02,20.13,0.16,3,no,,diaggrid_vit_food101_none_5pct,6.17,5.05,0.07,7.46,0.23,-2.41
diaggrid_vit_food101_none_25pct,food101,vit_tiny,adamw,200,linear,none,,,,,,,25,18938,3,16.77,0.37,21.71,0.61,3,no,,,,,,,,
diaggrid_vit_food101_none_5pct,food101,vit_tiny,adamw,200,linear,none,,,,,,,5,3788,3,6.17,0.12,12.67,0.36,3,no,,,,,,,,
diaggrid_vit_food_aux_100pct,food101,vit_tiny,adamw,200,linear,none,,,energy-magnitude,blocks.8,1.0,0.0,100,75750,3,46.01,0.03,,,,no,,diaggrid_vit_food_none_100pct,36.38,9.63,0.32,,,
diaggrid_vit_food_aux_10pct,food101,vit_tiny,adamw,200,linear,none,,,energy-magnitude,blocks.8,1.0,0.0,10,7575,3,17.16,0.23,25.03,0.22,3,no,,diaggrid_vit_food_none_10pct,8.97,8.20,0.33,9.89,0.43,-1.70
diaggrid_vit_food_aux_15pct,food101,vit_tiny,adamw,200,linear,none,,,energy-magnitude,blocks.8,1.0,0.0,15,11362,3,20.71,0.28,28.13,0.46,3,no,,diaggrid_vit_food_none_15pct,12.01,8.69,0.30,10.30,0.42,-1.60
diaggrid_vit_food_aux_1pct,food101,vit_tiny,adamw,200,linear,none,,,energy-magnitude,blocks.8,1.0,0.0,1,758,3,4.27,0.04,13.05,0.33,3,no,,diaggrid_vit_food_none_1pct,3.21,1.06,0.05,3.25,0.31,-2.19
diaggrid_vit_food_aux_20pct,food101,vit_tiny,adamw,200,linear,none,,,energy-magnitude,blocks.8,1.0,0.0,20,15150,3,23.63,0.19,29.83,0.04,3,no,,diaggrid_vit_food_none_20pct,14.51,9.12,0.41,9.84,0.35,-0.72
diaggrid_vit_food_aux_2pct,food101,vit_tiny,adamw,200,linear,none,,,energy-magnitude,blocks.8,1.0,0.0,2,1515,3,6.43,0.08,15.04,0.46,3,no,,diaggrid_vit_food_none_2pct,4.29,2.14,0.13,4.33,0.37,-2.18
diaggrid_vit_food_aux_3pct,food101,vit_tiny,adamw,200,linear,none,,,energy-magnitude,blocks.8,1.0,0.0,3,2272,3,8.37,0.30,17.14,0.17,3,no,,diaggrid_vit_food_none_3pct,5.21,3.16,0.22,5.69,0.14,-2.53
diaggrid_vit_food_aux_50pct,food101,vit_tiny,adamw,200,linear,none,,,energy-magnitude,blocks.8,1.0,0.0,50,37875,3,36.08,0.39,38.25,0.30,3,no,,diaggrid_vit_food_none_50pct,25.59,10.49,0.38,9.93,0.32,0.56
diaggrid_vit_food_aux_7pct,food101,vit_tiny,adamw,200,linear,none,,,energy-magnitude,blocks.8,1.0,0.0,7,5302,3,13.19,0.12,21.94,0.28,3,no,,diaggrid_vit_food_none_7pct,7.02,6.17,0.20,8.57,0.36,-2.40
diaggrid_vit_food_none_100pct,food101,vit_tiny,adamw,200,linear,none,,,,,,,100,75750,3,36.38,0.55,,,,no,,,,,,,,
diaggrid_vit_food_none_10pct,food101,vit_tiny,adamw,200,linear,none,,,,,,,10,7575,3,8.97,0.53,15.13,0.71,3,no,,,,,,,,
diaggrid_vit_food_none_15pct,food101,vit_tiny,adamw,200,linear,none,,,,,,,15,11362,3,12.01,0.43,17.83,0.57,3,no,,,,,,,,
diaggrid_vit_food_none_1pct,food101,vit_tiny,adamw,200,linear,none,,,,,,,1,758,3,3.21,0.09,9.80,0.43,3,no,,,,,,,,
diaggrid_vit_food_none_20pct,food101,vit_tiny,adamw,200,linear,none,,,,,,,20,15150,3,14.51,0.68,19.99,0.61,3,no,,,,,,,,
diaggrid_vit_food_none_2pct,food101,vit_tiny,adamw,200,linear,none,,,,,,,2,1515,3,4.29,0.21,10.71,0.43,3,no,,,,,,,,
diaggrid_vit_food_none_3pct,food101,vit_tiny,adamw,200,linear,none,,,,,,,3,2272,3,5.21,0.24,11.45,0.19,3,no,,,,,,,,
diaggrid_vit_food_none_50pct,food101,vit_tiny,adamw,200,linear,none,,,,,,,50,37875,3,25.59,0.53,28.32,0.47,3,no,,,,,,,,
diaggrid_vit_food_none_7pct,food101,vit_tiny,adamw,200,linear,none,,,,,,,7,5302,3,7.02,0.33,13.38,0.56,3,no,,,,,,,,
diaggrid_vit_path_aux_100pct,pathmnist,vit_tiny,adamw,200,linear,none,,,energy-magnitude,blocks.8,1.0,0.0,100,89996,3,86.17,0.85,85.72,0.95,3,no,,diaggrid_vit_path_none_100pct,82.11,4.07,1.07,4.41,0.78,-0.34
diaggrid_vit_path_aux_10pct,pathmnist,vit_tiny,adamw,200,linear,none,,,energy-magnitude,blocks.8,1.0,0.0,10,9000,3,87.13,0.42,85.82,0.48,3,no,,diaggrid_vit_path_none_10pct,79.62,7.51,0.57,7.63,0.83,-0.12
diaggrid_vit_path_aux_15pct,pathmnist,vit_tiny,adamw,200,linear,none,,,energy-magnitude,blocks.8,1.0,0.0,15,13499,3,88.34,1.03,86.89,0.94,3,no,,diaggrid_vit_path_none_15pct,80.32,8.02,0.86,10.05,0.94,-2.03
diaggrid_vit_path_aux_1pct,pathmnist,vit_tiny,adamw,200,linear,none,,,energy-magnitude,blocks.8,1.0,0.0,1,900,3,78.57,0.42,80.55,0.82,3,no,,diaggrid_vit_path_none_1pct,70.98,7.59,1.55,4.12,0.98,3.46
diaggrid_vit_path_aux_20pct,pathmnist,vit_tiny,adamw,200,linear,none,,,energy-magnitude,blocks.8,1.0,0.0,20,17999,3,88.46,0.72,86.13,0.08,3,no,,diaggrid_vit_path_none_20pct,80.97,7.49,0.61,8.95,0.56,-1.45
diaggrid_vit_path_aux_2pct,pathmnist,vit_tiny,adamw,200,linear,none,,,energy-magnitude,blocks.8,1.0,0.0,2,1800,3,81.01,0.48,82.01,1.55,3,no,,diaggrid_vit_path_none_2pct,74.73,6.29,1.55,5.51,1.49,0.78
diaggrid_vit_path_aux_3pct,pathmnist,vit_tiny,adamw,200,linear,none,,,energy-magnitude,blocks.8,1.0,0.0,3,2700,3,85.21,2.14,85.59,1.02,3,no,,diaggrid_vit_path_none_3pct,73.72,11.49,1.75,9.43,1.53,2.07
diaggrid_vit_path_aux_50pct,pathmnist,vit_tiny,adamw,200,linear,none,,,energy-magnitude,blocks.8,1.0,0.0,50,44998,3,87.79,1.63,86.07,1.41,3,no,,diaggrid_vit_path_none_50pct,81.71,6.08,0.99,8.61,0.91,-2.53
diaggrid_vit_path_aux_7pct,pathmnist,vit_tiny,adamw,200,linear,none,,,energy-magnitude,blocks.8,1.0,0.0,7,6300,3,87.38,0.34,86.41,0.06,3,no,,diaggrid_vit_path_none_7pct,79.13,8.25,1.49,7.98,1.36,0.27
diaggrid_vit_path_none_100pct,pathmnist,vit_tiny,adamw,200,linear,none,,,,,,,100,89996,3,82.11,1.66,81.31,0.96,3,no,,,,,,,,
diaggrid_vit_path_none_10pct,pathmnist,vit_tiny,adamw,200,linear,none,,,,,,,10,9000,3,79.62,0.89,78.19,1.35,3,no,,,,,,,,
diaggrid_vit_path_none_15pct,pathmnist,vit_tiny,adamw,200,linear,none,,,,,,,15,13499,3,80.32,1.06,76.84,1.33,3,no,,,,,,,,
diaggrid_vit_path_none_1pct,pathmnist,vit_tiny,adamw,200,linear,none,,,,,,,1,900,3,70.98,2.64,76.43,1.48,3,no,,,,,,,,
diaggrid_vit_path_none_20pct,pathmnist,vit_tiny,adamw,200,linear,none,,,,,,,20,17999,3,80.97,0.77,77.18,0.96,3,no,,,,,,,,
diaggrid_vit_path_none_2pct,pathmnist,vit_tiny,adamw,200,linear,none,,,,,,,2,1800,3,74.73,2.64,76.50,2.08,3,no,,,,,,,,
diaggrid_vit_path_none_3pct,pathmnist,vit_tiny,adamw,200,linear,none,,,,,,,3,2700,3,73.72,2.16,76.17,2.44,3,no,,,,,,,,
diaggrid_vit_path_none_50pct,pathmnist,vit_tiny,adamw,200,linear,none,,,,,,,50,44998,3,81.71,0.54,77.46,0.69,3,no,,,,,,,,
diaggrid_vit_path_none_7pct,pathmnist,vit_tiny,adamw,200,linear,none,,,,,,,7,6300,3,79.13,2.57,78.43,2.35,3,no,,,,,,,,
diaggrid_vit_pathmnist_aux_25pct,pathmnist,vit_tiny,adamw,200,linear,none,,,energy-magnitude,blocks.8,1.0,0.0,25,22499,3,87.50,0.95,83.61,1.72,3,no,,diaggrid_vit_pathmnist_none_25pct,79.66,7.84,0.62,7.73,1.05,0.10
diaggrid_vit_pathmnist_aux_5pct,pathmnist,vit_tiny,adamw,200,linear,none,,,energy-magnitude,blocks.8,1.0,0.0,5,4500,3,86.31,2.21,86.14,1.04,3,no,,diaggrid_vit_pathmnist_none_5pct,76.83,9.48,1.32,8.23,1.10,1.25
diaggrid_vit_pathmnist_none_25pct,pathmnist,vit_tiny,adamw,200,linear,none,,,,,,,25,22499,3,79.66,0.51,75.87,0.57,3,no,,,,,,,,
diaggrid_vit_pathmnist_none_5pct,pathmnist,vit_tiny,adamw,200,linear,none,,,,,,,5,4500,3,76.83,0.58,77.91,1.61,3,no,,,,,,,,
diaggrid_vit_stl_aux_100pct,stl10,vit_tiny,adamw,200,linear,none,,,energy-magnitude,blocks.8,1.0,0.0,100,5000,3,62.90,0.35,63.20,0.15,3,no,,diaggrid_vit_stl_none_100pct,54.99,7.91,0.23,8.17,0.24,-0.27
diaggrid_vit_stl_aux_10pct,stl10,vit_tiny,adamw,200,linear,none,,,energy-magnitude,blocks.8,1.0,0.0,10,500,3,34.00,0.84,42.50,0.30,3,no,,diaggrid_vit_stl_none_10pct,32.02,1.97,0.49,3.08,0.25,-1.11
diaggrid_vit_stl_aux_15pct,stl10,vit_tiny,adamw,200,linear,none,,,energy-magnitude,blocks.8,1.0,0.0,15,750,3,38.22,0.08,44.73,0.38,3,no,,diaggrid_vit_stl_none_15pct,33.18,5.04,0.31,4.90,0.37,0.14
diaggrid_vit_stl_aux_20pct,stl10,vit_tiny,adamw,200,linear,none,,,energy-magnitude,blocks.8,1.0,0.0,20,1000,3,41.85,0.36,47.19,0.21,3,no,,diaggrid_vit_stl_none_20pct,35.10,6.75,0.76,6.55,0.82,0.20
diaggrid_vit_stl_aux_25pct,stl10,vit_tiny,adamw,200,linear,none,,,energy-magnitude,blocks.8,1.0,0.0,25,1250,3,44.83,0.31,50.22,0.34,3,no,,diaggrid_vit_stl_none_25pct,37.77,7.06,0.69,7.40,0.58,-0.34
diaggrid_vit_stl_aux_3pct,stl10,vit_tiny,adamw,200,linear,none,,,energy-magnitude,blocks.8,1.0,0.0,3,150,3,26.23,0.16,38.24,0.35,3,no,,diaggrid_vit_stl_none_3pct,24.35,1.88,0.28,3.39,0.59,-1.51
diaggrid_vit_stl_aux_50pct,stl10,vit_tiny,adamw,200,linear,none,,,energy-magnitude,blocks.8,1.0,0.0,50,2500,3,55.45,0.74,57.63,1.02,3,no,,diaggrid_vit_stl_none_50pct,45.33,10.12,0.52,9.17,0.82,0.95
diaggrid_vit_stl_aux_5pct,stl10,vit_tiny,adamw,200,linear,none,,,energy-magnitude,blocks.8,1.0,0.0,5,250,3,29.83,0.85,39.83,1.19,3,no,,diaggrid_vit_stl_none_5pct,29.50,0.33,0.54,3.10,0.69,-2.78
diaggrid_vit_stl_aux_7pct,stl10,vit_tiny,adamw,200,linear,none,,,energy-magnitude,blocks.8,1.0,0.0,7,350,3,31.74,1.18,41.60,0.64,3,no,,diaggrid_vit_stl_none_7pct,30.28,1.47,0.91,3.19,0.54,-1.72
diaggrid_vit_stl_none_100pct,stl10,vit_tiny,adamw,200,linear,none,,,,,,,100,5000,3,54.99,0.20,55.03,0.39,3,no,,,,,,,,
diaggrid_vit_stl_none_10pct,stl10,vit_tiny,adamw,200,linear,none,,,,,,,10,500,3,32.02,0.10,39.42,0.31,3,no,,,,,,,,
diaggrid_vit_stl_none_15pct,stl10,vit_tiny,adamw,200,linear,none,,,,,,,15,750,3,33.18,0.52,39.83,0.52,3,no,,,,,,,,
diaggrid_vit_stl_none_20pct,stl10,vit_tiny,adamw,200,linear,none,,,,,,,20,1000,3,35.10,1.26,40.63,1.40,3,no,,,,,,,,
diaggrid_vit_stl_none_25pct,stl10,vit_tiny,adamw,200,linear,none,,,,,,,25,1250,3,37.77,1.15,42.82,0.94,3,no,,,,,,,,
diaggrid_vit_stl_none_3pct,stl10,vit_tiny,adamw,200,linear,none,,,,,,,3,150,3,24.35,0.46,34.85,0.96,3,no,,,,,,,,
diaggrid_vit_stl_none_50pct,stl10,vit_tiny,adamw,200,linear,none,,,,,,,50,2500,3,45.33,0.52,48.45,0.99,3,no,,,,,,,,
diaggrid_vit_stl_none_5pct,stl10,vit_tiny,adamw,200,linear,none,,,,,,,5,250,3,29.50,0.39,36.73,0.12,3,no,,,,,,,,
diaggrid_vit_stl_none_7pct,stl10,vit_tiny,adamw,200,linear,none,,,,,,,7,350,3,30.28,1.04,38.42,0.69,3,no,,,,,,,,
diagin100_r50_aux,imagenet100,resnet50,sgd,100,linear,none,,,energy-magnitude,layer3,1.0,0.0,100,,3,85.89,0.27,85.04,0.25,3,no,,diagin100_r50_none,85.85,0.04,0.27,0.13,0.29,-0.09
diagin100_r50_aux_10pct,imagenet100,resnet50,sgd,100,linear,none,,,energy-magnitude,layer3,1.0,0.0,10,,3,57.40,0.33,,,,no,,diagin100_r50_none_10pct,55.66,1.74,0.43,,,
diagin100_r50_aux_1pct,imagenet100,resnet50,sgd,100,linear,none,,,energy-magnitude,layer3,1.0,0.0,1,,3,12.01,0.48,,,,no,,diagin100_r50_none_1pct,11.47,0.54,0.33,,,
diagin100_r50_aux_25pct,imagenet100,resnet50,sgd,100,linear,none,,,energy-magnitude,layer3,1.0,0.0,25,,3,74.75,0.54,,,,no,,diagin100_r50_none_25pct,72.45,2.30,0.42,,,
diagin100_r50_aux_2pct,imagenet100,resnet50,sgd,100,linear,none,,,energy-magnitude,layer3,1.0,0.0,2,,3,19.40,0.51,,,,no,,diagin100_r50_none_2pct,18.19,1.21,0.40,,,
diagin100_r50_aux_5pct,imagenet100,resnet50,sgd,100,linear,none,,,energy-magnitude,layer3,1.0,0.0,5,,3,38.35,0.70,,,,no,,diagin100_r50_none_5pct,36.51,1.84,0.49,,,
diagin100_r50_none,imagenet100,resnet50,sgd,100,linear,none,,,,,,,100,,3,85.85,0.39,84.91,0.43,3,no,,,,,,,,
diagin100_r50_none_10pct,imagenet100,resnet50,sgd,100,linear,none,,,,,,,10,,3,55.66,0.68,,,,no,,,,,,,,
diagin100_r50_none_1pct,imagenet100,resnet50,sgd,100,linear,none,,,,,,,1,,3,11.47,0.29,,,,no,,,,,,,,
diagin100_r50_none_25pct,imagenet100,resnet50,sgd,100,linear,none,,,,,,,25,,3,72.45,0.47,,,,no,,,,,,,,
diagin100_r50_none_2pct,imagenet100,resnet50,sgd,100,linear,none,,,,,,,2,,3,18.19,0.47,,,,no,,,,,,,,
diagin100_r50_none_5pct,imagenet100,resnet50,sgd,100,linear,none,,,,,,,5,,3,36.51,0.48,,,,no,,,,,,,,
diagin100_vitb_aux,imagenet100,vit_base,adamw,100,linear,none,,,energy-magnitude,blocks.8,1.0,0.0,100,,3,69.34,1.13,69.86,0.86,3,no,,diagin100_vitb_none,43.33,26.01,2.01,22.78,1.38,3.23
diagin100_vitb_aux_10pct,imagenet100,vit_base,adamw,100,linear,none,,,energy-magnitude,blocks.8,1.0,0.0,10,,3,8.86,1.71,,,,no,,diagin100_vitb_none_10pct,6.56,2.30,1.63,,,
diagin100_vitb_aux_1pct,imagenet100,vit_base,adamw,100,linear,none,,,energy-magnitude,blocks.8,1.0,0.0,1,,3,5.94,2.04,,,,no,,diagin100_vitb_none_1pct,5.25,0.69,1.42,,,
diagin100_vitb_aux_25pct,imagenet100,vit_base,adamw,100,linear,none,,,energy-magnitude,blocks.8,1.0,0.0,25,,3,14.41,1.62,,,,no,,diagin100_vitb_none_25pct,7.05,7.36,1.05,,,
diagin100_vitb_aux_2pct,imagenet100,vit_base,adamw,100,linear,none,,,energy-magnitude,blocks.8,1.0,0.0,2,,3,9.17,0.71,,,,no,,diagin100_vitb_none_2pct,4.07,5.11,1.03,,,
diagin100_vitb_aux_5pct,imagenet100,vit_base,adamw,100,linear,none,,,energy-magnitude,blocks.8,1.0,0.0,5,,3,10.57,4.04,,,,no,,diagin100_vitb_none_5pct,6.10,4.47,2.48,,,
diagin100_vitb_none,imagenet100,vit_base,adamw,100,linear,none,,,,,,,100,,3,43.33,3.29,47.08,2.22,3,no,,,,,,,,
diagin100_vitb_none_10pct,imagenet100,vit_base,adamw,100,linear,none,,,,,,,10,,3,6.56,2.23,,,,no,,,,,,,,
diagin100_vitb_none_1pct,imagenet100,vit_base,adamw,100,linear,none,,,,,,,1,,3,5.25,1.35,,,,no,,,,,,,,
diagin100_vitb_none_25pct,imagenet100,vit_base,adamw,100,linear,none,,,,,,,25,,3,7.05,0.85,,,,no,,,,,,,,
diagin100_vitb_none_2pct,imagenet100,vit_base,adamw,100,linear,none,,,,,,,2,,3,4.07,1.64,,,,no,,,,,,,,
diagin100_vitb_none_5pct,imagenet100,vit_base,adamw,100,linear,none,,,,,,,5,,3,6.10,1.44,,,,no,,,,,,,,
diagin100_vitl_none,imagenet100,vit_large,adamw,100,linear,none,,,,,,,100,,3,45.52,6.61,,,,no,,,,,,,,
diagin100_vits_aux,imagenet100,vit_small,adamw,100,linear,none,,,energy-magnitude,blocks.8,1.0,0.0,100,,3,78.39,0.14,78.05,0.68,3,no,,diagin100_vits_none,65.39,13.00,0.24,11.94,0.48,1.06
diagin100_vits_aux_10pct,imagenet100,vit_small,adamw,100,linear,none,,,energy-magnitude,blocks.8,1.0,0.0,10,,3,26.13,7.43,,,,no,,diagin100_vits_none_10pct,11.89,14.23,5.05,,,
diagin100_vits_aux_1pct,imagenet100,vit_small,adamw,100,linear,none,,,energy-magnitude,blocks.8,1.0,0.0,1,,3,9.58,0.29,,,,no,,diagin100_vits_none_1pct,7.27,2.31,0.59,,,
diagin100_vits_aux_25pct,imagenet100,vit_small,adamw,100,linear,none,,,energy-magnitude,blocks.8,1.0,0.0,25,,3,53.55,1.31,,,,no,,diagin100_vits_none_25pct,23.16,30.39,4.77,,,
diagin100_vits_aux_2pct,imagenet100,vit_small,adamw,100,linear,none,,,energy-magnitude,blocks.8,1.0,0.0,2,,3,14.01,2.07,,,,no,,diagin100_vits_none_2pct,6.42,7.59,1.38,,,
diagin100_vits_aux_5pct,imagenet100,vit_small,adamw,100,linear,none,,,energy-magnitude,blocks.8,1.0,0.0,5,,3,21.44,0.94,,,,no,,diagin100_vits_none_5pct,7.29,14.15,2.26,,,
diagin100_vits_none,imagenet100,vit_small,adamw,100,linear,none,,,,,,,100,,3,65.39,0.39,66.11,0.46,3,no,,,,,,,,
diagin100_vits_none_10pct,imagenet100,vit_small,adamw,100,linear,none,,,,,,,10,,3,11.89,4.60,,,,no,,,,,,,,
diagin100_vits_none_1pct,imagenet100,vit_small,adamw,100,linear,none,,,,,,,1,,3,7.27,0.98,,,,no,,,,,,,,
diagin100_vits_none_25pct,imagenet100,vit_small,adamw,100,linear,none,,,,,,,25,,3,23.16,8.16,,,,no,,,,,,,,
diagin100_vits_none_2pct,imagenet100,vit_small,adamw,100,linear,none,,,,,,,2,,3,6.42,1.18,,,,no,,,,,,,,
diagin100_vits_none_5pct,imagenet100,vit_small,adamw,100,linear,none,,,,,,,5,,3,7.29,3.79,,,,no,,,,,,,,
diagin100e200_vitb_aux,imagenet100,vit_base,adamw,200,linear,none,,,energy-magnitude,blocks.8,1.0,0.0,100,,6,82.02,1.87,,,,no,,diagin100e200_vitb_none,75.31,6.71,0.90,,,
diagin100e200_vitb_none,imagenet100,vit_base,adamw,200,linear,none,,,,,,,100,,6,75.31,1.18,,,,no,,,,,,,,
diagin100e200_vitl_none,imagenet100,vit_large,adamw,200,linear,none,,,,,,,100,,2,73.06,0.37,,,,no,,,,,,,,
diagin100e200_vits_aux,imagenet100,vit_small,adamw,200,linear,none,,,energy-magnitude,blocks.8,1.0,0.0,100,,6,83.99,0.20,,,,no,,diagin100e200_vits_none,79.47,4.52,0.18,,,
diagin100e200_vits_none,imagenet100,vit_small,adamw,200,linear,none,,,,,,,100,,6,79.47,0.40,,,,no,,,,,,,,
diagin100e200w_vitb_none,imagenet100,vit_base,adamw,200,linear,none,,,,,,,100,,1,80.06,0.00,,,,no,,diagin100e200_vitb_none,75.31,4.75,,,,
diagin100e300_vitb_aux,imagenet100,vit_base,adamw,300,linear,none,,,energy-magnitude,blocks.8,1.0,0.0,100,,2,85.11,0.98,,,,no,,diagin100e300_vitb_none,80.91,4.20,0.90,,,
diagin100e300_vitb_none,imagenet100,vit_base,adamw,300,linear,none,,,,,,,100,,3,80.91,1.01,,,,no,,,,,,,,
diagin100e300_vits_aux,imagenet100,vit_small,adamw,300,linear,none,,,energy-magnitude,blocks.8,1.0,0.0,100,,3,85.07,0.10,,,,no,,diagin100e300_vits_none,82.88,2.19,0.28,,,
diagin100e300_vits_none,imagenet100,vit_small,adamw,300,linear,none,,,,,,,100,,3,82.88,0.47,,,,no,,,,,,,,
diagin64_mnet_aux,imagenet64,mobilenetv3_small_100,sgd,40,linear,none,,,energy-magnitude,blocks.3,1.0,0.0,100,,3,34.88,0.12,,,,no,,diagin64_mnet_none,32.93,1.95,0.40,,,
diagin64_mnet_aux_10pct,imagenet64,mobilenetv3_small_100,sgd,40,linear,none,,,energy-magnitude,blocks.3,1.0,0.0,10,,3,21.22,0.32,,,,no,,diagin64_mnet_none_10pct,18.60,2.61,0.21,,,
diagin64_mnet_aux_15pct,imagenet64,mobilenetv3_small_100,sgd,40,linear,none,,,energy-magnitude,blocks.3,1.0,0.0,15,,3,25.24,0.05,,,,no,,diagin64_mnet_none_15pct,22.49,2.75,0.25,,,
diagin64_mnet_aux_1pct,imagenet64,mobilenetv3_small_100,sgd,40,linear,none,,,energy-magnitude,blocks.3,1.0,0.0,1,,3,3.82,0.06,,,,no,,diagin64_mnet_none_1pct,4.33,-0.52,0.11,,,
diagin64_mnet_aux_20pct,imagenet64,mobilenetv3_small_100,sgd,40,linear,none,,,energy-magnitude,blocks.3,1.0,0.0,20,,3,27.59,0.24,,,,no,,diagin64_mnet_none_20pct,24.61,2.98,0.45,,,
diagin64_mnet_aux_25pct,imagenet64,mobilenetv3_small_100,sgd,40,linear,none,,,energy-magnitude,blocks.3,1.0,0.0,25,,3,29.29,0.09,,,,no,,diagin64_mnet_none_25pct,25.84,3.45,0.47,,,
diagin64_mnet_aux_2pct,imagenet64,mobilenetv3_small_100,sgd,40,linear,none,,,energy-magnitude,blocks.3,1.0,0.0,2,,3,7.62,0.18,,,,no,,diagin64_mnet_none_2pct,7.61,0.01,0.13,,,
diagin64_mnet_aux_3pct,imagenet64,mobilenetv3_small_100,sgd,40,linear,none,,,energy-magnitude,blocks.3,1.0,0.0,3,,3,10.17,0.13,,,,no,,diagin64_mnet_none_3pct,9.68,0.49,0.13,,,
diagin64_mnet_aux_5pct,imagenet64,mobilenetv3_small_100,sgd,40,linear,none,,,energy-magnitude,blocks.3,1.0,0.0,5,,3,14.39,0.16,,,,no,,diagin64_mnet_none_5pct,12.94,1.46,0.18,,,
diagin64_mnet_aux_7pct,imagenet64,mobilenetv3_small_100,sgd,40,linear,none,,,energy-magnitude,blocks.3,1.0,0.0,7,,3,17.57,0.07,,,,no,,diagin64_mnet_none_7pct,15.29,2.28,0.19,,,
diagin64_mnet_none,imagenet64,mobilenetv3_small_100,sgd,40,linear,none,,,,,,,100,,3,32.93,0.68,,,,no,,,,,,,,
diagin64_mnet_none_10pct,imagenet64,mobilenetv3_small_100,sgd,40,linear,none,,,,,,,10,,3,18.60,0.15,,,,no,,,,,,,,
diagin64_mnet_none_15pct,imagenet64,mobilenetv3_small_100,sgd,40,linear,none,,,,,,,15,,3,22.49,0.43,,,,no,,,,,,,,
diagin64_mnet_none_1pct,imagenet64,mobilenetv3_small_100,sgd,40,linear,none,,,,,,,1,,3,4.33,0.18,,,,no,,,,,,,,
diagin64_mnet_none_20pct,imagenet64,mobilenetv3_small_100,sgd,40,linear,none,,,,,,,20,,3,24.61,0.74,,,,no,,,,,,,,
diagin64_mnet_none_25pct,imagenet64,mobilenetv3_small_100,sgd,40,linear,none,,,,,,,25,,3,25.84,0.81,,,,no,,,,,,,,
diagin64_mnet_none_2pct,imagenet64,mobilenetv3_small_100,sgd,40,linear,none,,,,,,,2,,3,7.61,0.15,,,,no,,,,,,,,
diagin64_mnet_none_3pct,imagenet64,mobilenetv3_small_100,sgd,40,linear,none,,,,,,,3,,3,9.68,0.19,,,,no,,,,,,,,
diagin64_mnet_none_5pct,imagenet64,mobilenetv3_small_100,sgd,40,linear,none,,,,,,,5,,3,12.94,0.27,,,,no,,,,,,,,
diagin64_mnet_none_7pct,imagenet64,mobilenetv3_small_100,sgd,40,linear,none,,,,,,,7,,3,15.29,0.31,,,,no,,,,,,,,
diagin64_r18_aux,imagenet64,resnet18,sgd,40,linear,none,,,energy-magnitude,layer3,1.0,0.0,100,,3,55.42,0.11,,,,no,,diagin64_r18_none,55.38,0.04,0.08,,,
diagin64_r18_aux_10pct,imagenet64,resnet18,sgd,40,linear,none,,,energy-magnitude,layer3,1.0,0.0,10,,3,37.30,0.18,,,,no,,diagin64_r18_none_10pct,37.23,0.08,0.15,,,
diagin64_r18_aux_15pct,imagenet64,resnet18,sgd,40,linear,none,,,energy-magnitude,layer3,1.0,0.0,15,,3,42.26,0.16,,,,no,,diagin64_r18_none_15pct,42.27,-0.01,0.14,,,
diagin64_r18_aux_1pct,imagenet64,resnet18,sgd,40,linear,none,,,energy-magnitude,layer3,1.0,0.0,1,,3,7.37,0.09,,,,no,,diagin64_r18_none_1pct,5.47,1.90,0.06,,,
diagin64_r18_aux_20pct,imagenet64,resnet18,sgd,40,linear,none,,,energy-magnitude,layer3,1.0,0.0,20,,3,45.39,0.14,,,,no,,diagin64_r18_none_20pct,45.20,0.19,0.14,,,
diagin64_r18_aux_25pct,imagenet64,resnet18,sgd,40,linear,none,,,energy-magnitude,layer3,1.0,0.0,25,,3,47.15,0.12,,,,no,,diagin64_r18_none_25pct,47.23,-0.07,0.09,,,
diagin64_r18_aux_2pct,imagenet64,resnet18,sgd,40,linear,none,,,energy-magnitude,layer3,1.0,0.0,2,,3,14.78,0.07,,,,no,,diagin64_r18_none_2pct,13.19,1.59,0.12,,,
diagin64_r18_aux_3pct,imagenet64,resnet18,sgd,40,linear,none,,,energy-magnitude,layer3,1.0,0.0,3,,3,20.33,0.19,,,,no,,diagin64_r18_none_3pct,18.94,1.38,0.12,,,
diagin64_r18_aux_5pct,imagenet64,resnet18,sgd,40,linear,none,,,energy-magnitude,layer3,1.0,0.0,5,,3,27.82,0.19,,,,no,,diagin64_r18_none_5pct,27.26,0.56,0.12,,,
diagin64_r18_aux_7pct,imagenet64,resnet18,sgd,40,linear,none,,,energy-magnitude,layer3,1.0,0.0,7,,3,32.73,0.13,,,,no,,diagin64_r18_none_7pct,32.31,0.42,0.08,,,
diagin64_r18_none,imagenet64,resnet18,sgd,40,linear,none,,,,,,,100,,3,55.38,0.06,,,,no,,,,,,,,
diagin64_r18_none_10pct,imagenet64,resnet18,sgd,40,linear,none,,,,,,,10,,3,37.23,0.20,,,,no,,,,,,,,
diagin64_r18_none_15pct,imagenet64,resnet18,sgd,40,linear,none,,,,,,,15,,3,42.27,0.17,,,,no,,,,,,,,
diagin64_r18_none_1pct,imagenet64,resnet18,sgd,40,linear,none,,,,,,,1,,3,5.47,0.05,,,,no,,,,,,,,
diagin64_r18_none_20pct,imagenet64,resnet18,sgd,40,linear,none,,,,,,,20,,3,45.20,0.19,,,,no,,,,,,,,
diagin64_r18_none_25pct,imagenet64,resnet18,sgd,40,linear,none,,,,,,,25,,3,47.23,0.10,,,,no,,,,,,,,
diagin64_r18_none_2pct,imagenet64,resnet18,sgd,40,linear,none,,,,,,,2,,3,13.19,0.20,,,,no,,,,,,,,
diagin64_r18_none_3pct,imagenet64,resnet18,sgd,40,linear,none,,,,,,,3,,3,18.94,0.11,,,,no,,,,,,,,
diagin64_r18_none_5pct,imagenet64,resnet18,sgd,40,linear,none,,,,,,,5,,3,27.26,0.10,,,,no,,,,,,,,
diagin64_r18_none_7pct,imagenet64,resnet18,sgd,40,linear,none,,,,,,,7,,3,32.31,0.06,,,,no,,,,,,,,
diagin64_swin_aux,imagenet64,swin_tiny,adamw,40,linear,none,,,energy-magnitude,layers.2,1.0,0.0,100,,3,53.46,0.37,,,,no,,diagin64_swin_none,5.44,48.02,5.34,,,
diagin64_swin_none,imagenet64,swin_tiny,adamw,40,linear,none,,,,,,,100,,3,5.44,9.25,,,,no,2/3 seeds at chance,,,,,,,
diagin64_vit_aux,imagenet64,vit_tiny,adamw,40,linear,none,,,energy-magnitude,blocks.8,1.0,0.0,100,,3,51.48,0.25,,,,no,,diagin64_vit_none,48.24,3.24,0.84,,,
diagin64_vit_aux_10pct,imagenet64,vit_tiny,adamw,40,linear,none,,,energy-magnitude,blocks.8,1.0,0.0,10,,3,15.98,0.12,,,,no,,diagin64_vit_none_10pct,9.67,6.31,0.21,,,
diagin64_vit_aux_15pct,imagenet64,vit_tiny,adamw,40,linear,none,,,energy-magnitude,blocks.8,1.0,0.0,15,,3,19.79,0.08,,,,no,,diagin64_vit_none_15pct,13.07,6.72,0.34,,,
diagin64_vit_aux_1pct,imagenet64,vit_tiny,adamw,40,linear,none,,,energy-magnitude,blocks.8,1.0,0.0,1,,3,4.02,0.08,,,,no,,diagin64_vit_none_1pct,1.88,2.14,0.06,,,
diagin64_vit_aux_20pct,imagenet64,vit_tiny,adamw,40,linear,none,,,energy-magnitude,blocks.8,1.0,0.0,20,,3,22.97,0.09,,,,no,,diagin64_vit_none_20pct,16.11,6.86,0.26,,,
diagin64_vit_aux_25pct,imagenet64,vit_tiny,adamw,40,linear,none,,,energy-magnitude,blocks.8,1.0,0.0,25,,3,26.43,0.15,,,,no,,diagin64_vit_none_25pct,18.69,7.75,0.45,,,
diagin64_vit_aux_2pct,imagenet64,vit_tiny,adamw,40,linear,none,,,energy-magnitude,blocks.8,1.0,0.0,2,,3,6.43,0.09,,,,no,,diagin64_vit_none_2pct,2.63,3.80,0.07,,,
diagin64_vit_aux_3pct,imagenet64,vit_tiny,adamw,40,linear,none,,,energy-magnitude,blocks.8,1.0,0.0,3,,3,8.19,0.23,,,,no,,diagin64_vit_none_3pct,3.43,4.76,0.17,,,
diagin64_vit_aux_5pct,imagenet64,vit_tiny,adamw,40,linear,none,,,energy-magnitude,blocks.8,1.0,0.0,5,,3,11.11,0.21,,,,no,,diagin64_vit_none_5pct,5.89,5.22,0.18,,,
diagin64_vit_aux_7pct,imagenet64,vit_tiny,adamw,40,linear,none,,,energy-magnitude,blocks.8,1.0,0.0,7,,3,13.22,0.06,,,,no,,diagin64_vit_none_7pct,7.59,5.63,0.08,,,
diagin64_vit_none,imagenet64,vit_tiny,adamw,40,linear,none,,,,,,,100,,3,48.24,1.43,,,,no,,,,,,,,
diagin64_vit_none_10pct,imagenet64,vit_tiny,adamw,40,linear,none,,,,,,,10,,3,9.67,0.35,,,,no,,,,,,,,
diagin64_vit_none_15pct,imagenet64,vit_tiny,adamw,40,linear,none,,,,,,,15,,3,13.07,0.58,,,,no,,,,,,,,
diagin64_vit_none_1pct,imagenet64,vit_tiny,adamw,40,linear,none,,,,,,,1,,3,1.88,0.06,,,,no,,,,,,,,
diagin64_vit_none_20pct,imagenet64,vit_tiny,adamw,40,linear,none,,,,,,,20,,3,16.11,0.43,,,,no,,,,,,,,
diagin64_vit_none_25pct,imagenet64,vit_tiny,adamw,40,linear,none,,,,,,,25,,3,18.69,0.76,,,,no,,,,,,,,
diagin64_vit_none_2pct,imagenet64,vit_tiny,adamw,40,linear,none,,,,,,,2,,3,2.63,0.08,,,,no,,,,,,,,
diagin64_vit_none_3pct,imagenet64,vit_tiny,adamw,40,linear,none,,,,,,,3,,3,3.43,0.18,,,,no,,,,,,,,
diagin64_vit_none_5pct,imagenet64,vit_tiny,adamw,40,linear,none,,,,,,,5,,3,5.89,0.23,,,,no,,,,,,,,
diagin64_vit_none_7pct,imagenet64,vit_tiny,adamw,40,linear,none,,,,,,,7,,3,7.59,0.13,,,,no,,,,,,,,
diagmae_vit_10pct,cifar100,vit_tiny,adamw,200,linear,none,yes,,,,,,10,5000,3,29.51,0.34,38.08,0.38,3,no,,diagvit_none_10pct,16.47,13.03,0.35,13.66,0.50,-0.62
diagmae_vit_1pct,cifar100,vit_tiny,adamw,200,linear,none,yes,,,,,,1,500,3,6.46,0.42,17.35,0.43,3,no,,diagvit_none_1pct,6.40,0.06,0.32,0.58,0.28,-0.52
diagmae_vit_25pct,cifar100,vit_tiny,adamw,200,linear,none,yes,,,,,,25,12500,3,42.65,1.73,47.72,1.80,3,no,,diagvit_none_25pct,28.50,14.16,1.06,13.97,1.08,0.19
diagmae_vit_2pct,cifar100,vit_tiny,adamw,200,linear,none,yes,,,,,,2,1000,3,10.37,0.62,20.97,0.61,3,no,,diagvit_none_2pct,8.91,1.46,0.44,2.57,0.51,-1.10
diagmae_vit_5pct,cifar100,vit_tiny,adamw,200,linear,none,yes,,,,,,5,2500,3,20.46,2.14,30.83,2.90,3,no,,diagvit_none_5pct,12.25,8.21,1.32,10.44,1.76,-2.23
diagprosp_augssl_esat_5pct,eurosat,resnet18,sgd,200,linear,none,yes,,,,,,5,1080,3,89.14,0.73,,,,no,,diagfuse_esat_aug_5pct,83.12,6.02,1.08,,,
diagprosp_augssl_food_10pct,food101,resnet18,sgd,200,linear,none,yes,,,,,,10,7575,3,47.57,1.27,,,,no,,diagfuse_food_aug_10pct,50.99,-3.42,0.78,,,
diagprosp_augssl_food_5pct,food101,resnet18,sgd,200,linear,none,yes,,,,,,5,3788,3,35.96,0.34,,,,no,,diagfuse_food_aug_5pct,31.37,4.59,0.38,,,
diagprosp_dinoaux_c100_25pct,cifar100,vit_tiny,adamw,200,linear,none,yes,,energy-magnitude,blocks.8,1.0,0.0,25,12500,3,43.49,0.19,,,,no,,diagvit_none_25pct,28.50,14.99,0.38,,,
diagprosp_dinoaux_c10_10pct,cifar10,vit_tiny,adamw,200,linear,none,yes,,energy-magnitude,blocks.8,1.0,0.0,10,5000,3,66.15,0.22,,,,no,,diaggrid_vit_c10_none_10pct,52.25,13.90,0.94,,,
diagprosp_dinoaux_dtd_50pct,dtd,vit_tiny,adamw,200,linear,none,yes,,energy-magnitude,blocks.8,1.0,0.0,50,1880,3,21.26,0.91,,,,no,,diaggrid_vit_dtd_none_50pct,13.94,7.32,0.64,,,
diagprosp_dinoaux_food_50pct,food101,vit_tiny,adamw,200,linear,none,yes,,energy-magnitude,blocks.8,1.0,0.0,50,37875,3,41.78,0.34,,,,no,,diaggrid_vit_food_none_50pct,25.59,16.19,0.36,,,
diagprosp_simclraux_c100_10pct,cifar100,resnet18,sgd,200,linear,none,yes,,energy-magnitude,layer3,1.0,0.0,10,5000,3,47.12,0.07,,,,no,,abl10_none,40.28,6.84,0.19,,,
diagprosp_simclraux_c100_25pct,cifar100,resnet18,sgd,200,linear,none,yes,,energy-magnitude,layer3,1.0,0.0,25,12500,3,62.27,0.26,,,,no,,abl25_none,61.35,0.92,0.30,,,
diagprosp_simclraux_c10_2pct,cifar10,resnet18,sgd,200,linear,none,yes,,energy-magnitude,layer3,1.0,0.0,2,1000,3,60.84,0.53,,,,no,,c10_none_2pct,51.71,9.13,0.38,,,
diagprosp_simclraux_stl_10pct,stl10,resnet18,sgd,200,linear,none,yes,,energy-magnitude,layer3,1.0,0.0,10,500,3,54.45,1.86,,,,no,,stl_none_10pct,41.58,12.87,1.31,,,
diagprosp_simsiamaux_c10_5pct,cifar10,resnet18,sgd,200,linear,none,yes,,energy-magnitude,layer3,1.0,0.0,5,2500,3,73.91,0.11,,,,no,,c10_none_5pct,69.05,4.86,0.12,,,
diagprosp_simsiamaux_tin_10pct,tin,resnet18,sgd,200,linear,none,yes,,energy-magnitude,layer3,1.0,0.0,10,10000,3,35.82,0.34,,,,no,,tin_none_10pct,33.60,2.22,0.25,,,
diagsarred_logmean_so2sat_sar_aux_10pct,so2sat_sar,resnet18,sgd,200,linear,none,,,energy-magnitude,layer3,1.0,0.0,10,,3,48.54,2.02,,,,no,,sf_so2sat_sar_none_10pct,49.12,-0.58,1.23,,,
diagsarred_logmean_so2sat_sar_aux_1pct,so2sat_sar,resnet18,sgd,200,linear,none,,,energy-magnitude,layer3,1.0,0.0,1,,3,36.59,1.54,,,,no,,sf_so2sat_sar_none_1pct,35.00,1.58,1.01,,,
diagsarred_logmean_so2sat_sar_aux_25pct,so2sat_sar,resnet18,sgd,200,linear,none,,,energy-magnitude,layer3,1.0,0.0,25,,3,53.37,0.32,,,,no,,sf_so2sat_sar_none_25pct,53.49,-0.12,0.20,,,
diagsarred_logmean_so2sat_sar_aux_2pct,so2sat_sar,resnet18,sgd,200,linear,none,,,energy-magnitude,layer3,1.0,0.0,2,,3,27.40,7.62,,,,no,,sf_so2sat_sar_none_2pct,33.69,-6.29,4.83,,,
diagsarred_logmean_so2sat_sar_aux_5pct,so2sat_sar,resnet18,sgd,200,linear,none,,,energy-magnitude,layer3,1.0,0.0,5,,3,43.78,2.62,,,,no,,sf_so2sat_sar_none_5pct,43.52,0.26,1.63,,,
diagsarred_pca1_so2sat_sar_aux_10pct,so2sat_sar,resnet18,sgd,200,linear,none,,,energy-magnitude,layer3,1.0,0.0,10,,3,47.35,0.41,,,,no,,sf_so2sat_sar_none_10pct,49.12,-1.77,0.45,,,
diagsarred_pca1_so2sat_sar_aux_1pct,so2sat_sar,resnet18,sgd,200,linear,none,,,energy-magnitude,layer3,1.0,0.0,1,,3,33.54,3.35,,,,no,,sf_so2sat_sar_none_1pct,35.00,-1.46,1.99,,,
diagsarred_pca1_so2sat_sar_aux_25pct,so2sat_sar,resnet18,sgd,200,linear,none,,,energy-magnitude,layer3,1.0,0.0,25,,3,54.13,0.66,,,,no,,sf_so2sat_sar_none_25pct,53.49,0.64,0.39,,,
diagsarred_pca1_so2sat_sar_aux_2pct,so2sat_sar,resnet18,sgd,200,linear,none,,,energy-magnitude,layer3,1.0,0.0,2,,3,32.55,3.16,,,,no,,sf_so2sat_sar_none_2pct,33.69,-1.15,2.71,,,
diagsarred_pca1_so2sat_sar_aux_5pct,so2sat_sar,resnet18,sgd,200,linear,none,,,energy-magnitude,layer3,1.0,0.0,5,,3,42.42,4.07,,,,no,,sf_so2sat_sar_none_5pct,43.52,-1.10,2.43,,,
diagsarred_perchannel_so2sat_sar_aux_10pct,so2sat_sar,resnet18,sgd,200,linear,none,,,energy-magnitude,layer3,1.0,0.0,10,,3,47.98,1.01,,,,no,,sf_so2sat_sar_none_10pct,49.12,-1.14,0.70,,,
diagsarred_perchannel_so2sat_sar_aux_1pct,so2sat_sar,resnet18,sgd,200,linear,none,,,energy-magnitude,layer3,1.0,0.0,1,,3,36.39,3.10,,,,no,,sf_so2sat_sar_none_1pct,35.00,1.39,1.85,,,
diagsarred_perchannel_so2sat_sar_aux_25pct,so2sat_sar,resnet18,sgd,200,linear,none,,,energy-magnitude,layer3,1.0,0.0,25,,3,54.29,0.72,,,,no,,sf_so2sat_sar_none_25pct,53.49,0.81,0.42,,,
diagsarred_perchannel_so2sat_sar_aux_2pct,so2sat_sar,resnet18,sgd,200,linear,none,,,energy-magnitude,layer3,1.0,0.0,2,,3,30.64,6.08,,,,no,,sf_so2sat_sar_none_2pct,33.69,-3.05,4.05,,,
diagsarred_perchannel_so2sat_sar_aux_5pct,so2sat_sar,resnet18,sgd,200,linear,none,,,energy-magnitude,layer3,1.0,0.0,5,,3,44.32,1.14,,,,no,,sf_so2sat_sar_none_5pct,43.52,0.80,0.91,,,
diagsf_sunrgbd_all_vit_aux_10pct,sunrgbd_all,vit_tiny,adamw,200,linear,none,,,energy-magnitude,blocks.8,1.0,0.0,10,484,3,24.45,0.32,,,,no,,diagsf_sunrgbd_all_vit_none_10pct,22.23,2.23,0.27,,,
diagsf_sunrgbd_all_vit_none_10pct,sunrgbd_all,vit_tiny,adamw,200,linear,none,,,,,,,10,484,3,22.23,0.34,,,,no,,,,,,,,
diagsf_sunrgbd_depth_vit_aux_10pct,sunrgbd_depth,vit_tiny,adamw,200,linear,none,,,energy-magnitude,blocks.8,1.0,0.0,10,484,3,22.59,0.94,,,,no,,diagsf_sunrgbd_depth_vit_none_10pct,21.48,1.11,0.59,,,
diagsf_sunrgbd_depth_vit_none_10pct,sunrgbd_depth,vit_tiny,adamw,200,linear,none,,,,,,,10,484,3,21.48,0.40,,,,no,,,,,,,,
diagsf_sunrgbd_rgb_vit_aux_10pct,sunrgbd_rgb,vit_tiny,adamw,200,linear,none,,,energy-magnitude,blocks.8,1.0,0.0,10,484,3,22.16,0.66,,,,no,,diagsf_sunrgbd_rgb_vit_none_10pct,20.01,2.15,0.75,,,
diagsf_sunrgbd_rgb_vit_none_10pct,sunrgbd_rgb,vit_tiny,adamw,200,linear,none,,,,,,,10,484,3,20.01,1.13,,,,no,,,,,,,,
diagsfvit_eurosatms_all_aux_10pct,eurosatms_all,vit_tiny,adamw,200,linear,none,,,energy-magnitude,blocks.8,1.0,0.0,10,,3,93.27,0.10,,,,no,,diagsfvit_eurosatms_all_none_10pct,91.52,1.75,0.26,,,
diagsfvit_eurosatms_all_aux_5pct,eurosatms_all,vit_tiny,adamw,200,linear,none,,,energy-magnitude,blocks.8,1.0,0.0,5,,3,90.16,0.18,93.30,0.09,3,no,,diagsfvit_eurosatms_all_none_5pct,88.32,1.84,0.13,2.04,0.10,-0.20
diagsfvit_eurosatms_all_none_10pct,eurosatms_all,vit_tiny,adamw,200,linear,none,,,,,,,10,,3,91.52,0.44,,,,no,,,,,,,,
diagsfvit_eurosatms_all_none_5pct,eurosatms_all,vit_tiny,adamw,200,linear,none,,,,,,,5,,3,88.32,0.14,91.26,0.15,3,no,,,,,,,,
diagsfvit_eurosatms_nir_aux_10pct,eurosatms_nir,vit_tiny,adamw,200,linear,none,,,energy-magnitude,blocks.8,1.0,0.0,10,,3,92.88,0.54,94.41,0.28,3,no,,diagsfvit_eurosatms_nir_none_10pct,90.19,2.69,0.40,2.22,0.21,0.47
diagsfvit_eurosatms_nir_aux_5pct,eurosatms_nir,vit_tiny,adamw,200,linear,none,,,energy-magnitude,blocks.8,1.0,0.0,5,,3,89.32,0.30,92.48,0.26,3,no,,diagsfvit_eurosatms_nir_none_5pct,86.83,2.49,0.23,2.53,0.16,-0.04
diagsfvit_eurosatms_nir_none_10pct,eurosatms_nir,vit_tiny,adamw,200,linear,none,,,,,,,10,,3,90.19,0.43,92.19,0.24,3,no,,,,,,,,
diagsfvit_eurosatms_nir_none_5pct,eurosatms_nir,vit_tiny,adamw,200,linear,none,,,,,,,5,,3,86.83,0.26,89.95,0.10,3,no,,,,,,,,
diagsfvit_eurosatms_rgb_aux_10pct,eurosatms_rgb,vit_tiny,adamw,200,linear,none,,,energy-magnitude,blocks.8,1.0,0.0,10,,3,89.94,0.32,91.75,0.42,3,no,,diagsfvit_eurosatms_rgb_none_10pct,84.80,5.14,0.27,3.97,0.38,1.17
diagsfvit_eurosatms_rgb_aux_5pct,eurosatms_rgb,vit_tiny,adamw,200,linear,none,,,energy-magnitude,blocks.8,1.0,0.0,5,,3,84.41,0.16,88.81,0.08,3,no,,diagsfvit_eurosatms_rgb_none_5pct,78.65,5.76,0.31,5.07,0.46,0.69
diagsfvit_eurosatms_rgb_none_10pct,eurosatms_rgb,vit_tiny,adamw,200,linear,none,,,,,,,10,,3,84.80,0.34,87.78,0.50,3,no,,,,,,,,
diagsfvit_eurosatms_rgb_none_5pct,eurosatms_rgb,vit_tiny,adamw,200,linear,none,,,,,,,5,,3,78.65,0.51,83.74,0.80,3,no,,,,,,,,
diagssl_none400_5pct,cifar100,resnet18,sgd,400,linear,none,,,,,,,5,2500,3,27.34,0.25,37.91,0.89,3,no,,,,,,,,
diagssl_simclr50_5pct,cifar100,resnet18,sgd,200,linear,none,yes,,,,,,5,2500,3,30.81,0.23,44.19,0.06,3,no,,abl5_none,25.36,5.45,0.22,6.97,0.16,-1.52
diagssl_simclr_100pct,cifar100,resnet18,sgd,200,linear,none,yes,,,,,,100,50000,3,78.73,0.27,,,,no,,ablf_none,78.52,0.21,0.18,,,
diagssl_simclr_10pct,cifar100,resnet18,sgd,200,linear,none,yes,,,,,,10,5000,3,49.04,0.32,55.37,0.34,3,no,,abl10_none,40.28,8.76,0.26,7.43,0.25,1.33
diagssl_simclr_15pct,cifar100,resnet18,sgd,200,linear,none,yes,,,,,,15,7500,3,56.73,0.39,,,,no,,abl15_none,50.09,6.64,0.34,,,
diagssl_simclr_1pct,cifar100,resnet18,sgd,200,linear,none,yes,,,,,,1,500,3,11.21,0.14,32.90,0.68,3,no,,abl1_none,8.95,2.25,0.09,6.28,0.40,-4.03
diagssl_simclr_25pct,cifar100,resnet18,sgd,200,linear,none,yes,,,,,,25,12500,3,64.16,0.69,,,,no,,abl25_none,61.35,2.81,0.48,,,
diagssl_simclr_2pct,cifar100,resnet18,sgd,200,linear,none,yes,,,,,,2,1000,3,19.05,0.26,38.69,0.31,3,no,,abl2_none,14.17,4.88,0.17,8.86,0.32,-3.98
diagssl_simclr_3pct,cifar100,resnet18,sgd,200,linear,none,yes,,,,,,3,1500,3,24.46,0.16,,,,no,,abl3_none,18.47,5.99,0.10,,,
diagssl_simclr_5pct,cifar100,resnet18,sgd,200,linear,none,yes,,,,,,5,2500,3,34.41,0.17,45.88,0.43,3,no,,abl5_none,25.36,9.05,0.20,8.66,0.29,0.39
diagssl_simclr_7pct,cifar100,resnet18,sgd,200,linear,none,yes,,,,,,7,3500,3,41.95,0.24,,,,no,,abl7_none,32.09,9.86,0.42,,,
diagssl_simclraux_5pct,cifar100,resnet18,sgd,200,linear,none,yes,,energy-magnitude,layer3,1.0,0.0,5,2500,3,32.90,0.42,45.12,0.10,3,no,,abl5_none,25.36,7.53,0.30,7.90,0.16,-0.37
diagssl_tin_simclr_10pct,tin,resnet18,sgd,200,linear,none,yes,,,,,,10,10000,3,38.44,0.22,,,,no,,tin_none_10pct,33.60,4.85,0.20,,,
diagssl_tin_simclr_15pct,tin,resnet18,sgd,200,linear,none,yes,,,,,,15,15000,3,44.31,0.16,47.09,0.30,3,no,,tin_none_15pct,40.55,3.76,0.09,3.16,0.26,0.60
diagssl_tin_simclr_1pct,tin,resnet18,sgd,200,linear,none,yes,,,,,,1,1000,3,8.30,0.25,,,,no,,tin_none_1pct,5.30,3.00,0.16,,,
diagssl_tin_simclr_25pct,tin,resnet18,sgd,200,linear,none,yes,,,,,,25,25000,3,50.58,0.21,52.04,0.33,3,no,,tin_none_25pct,49.19,1.39,0.17,1.28,0.20,0.11
diagssl_tin_simclr_2pct,tin,resnet18,sgd,200,linear,none,yes,,,,,,2,2000,3,15.19,0.15,,,,no,,tin_none_2pct,9.56,5.64,0.11,,,
diagssl_tin_simclr_3pct,tin,resnet18,sgd,200,linear,none,yes,,,,,,3,3000,3,20.61,0.30,,,,no,,tin_none_3pct,13.64,6.97,0.28,,,
diagssl_tin_simclr_5pct,tin,resnet18,sgd,200,linear,none,yes,,,,,,5,5000,3,27.79,0.33,,,,no,,tin_none_5pct,21.08,6.71,0.21,,,
diagssl_tin_simclr_7pct,tin,resnet18,sgd,200,linear,none,yes,,,,,,7,7000,3,33.34,0.01,,,,no,,tin_none_7pct,26.74,6.60,0.10,,,
diagsslbudget_simclr800_c100_10pct,cifar100,resnet18,sgd,200,linear,none,yes,,,,,,10,5000,3,51.20,0.99,56.55,0.88,3,no,,abl10_none,40.28,10.92,0.60,8.61,0.53,2.30
diagsslbudget_simclr800_c100_15pct,cifar100,resnet18,sgd,200,linear,none,yes,,,,,,15,7500,3,58.45,0.83,61.29,0.61,3,no,,abl15_none,50.09,8.36,0.55,6.66,0.41,1.70
diagsslbudget_simclr800_c100_1pct,cifar100,resnet18,sgd,200,linear,none,yes,,,,,,1,500,3,13.47,0.29,37.34,0.15,3,no,,abl1_none,8.95,4.52,0.17,10.72,0.12,-6.20
diagsslbudget_simclr800_c100_25pct,cifar100,resnet18,sgd,200,linear,none,yes,,,,,,25,12500,3,64.12,0.52,65.61,0.38,3,no,,abl25_none,61.35,2.77,0.40,2.42,0.25,0.35
diagsslbudget_simclr800_c100_2pct,cifar100,resnet18,sgd,200,linear,none,yes,,,,,,2,1000,3,22.50,0.65,39.38,0.07,3,no,,abl2_none,14.17,8.33,0.38,9.55,0.26,-1.22
diagsslbudget_simclr800_c100_3pct,cifar100,resnet18,sgd,200,linear,none,yes,,,,,,3,1500,3,29.29,0.11,42.22,0.17,3,no,,abl3_none,18.47,10.82,0.07,9.45,0.15,1.37
diagsslbudget_simclr800_c100_5pct,cifar100,resnet18,sgd,200,linear,none,yes,,,,,,5,2500,3,39.75,0.38,48.54,0.28,3,no,,abl5_none,25.36,14.38,0.28,11.32,0.22,3.06
diagsslbudget_simclr800_c100_7pct,cifar100,resnet18,sgd,200,linear,none,yes,,,,,,7,3500,3,45.97,0.93,52.51,0.69,3,no,,abl7_none,32.09,13.88,0.67,10.27,0.51,3.61
diagsslbudget_simsiam800_c100_10pct,cifar100,resnet18,sgd,200,linear,none,yes,,,,,,10,5000,3,44.61,0.67,51.55,0.58,3,no,,abl10_none,40.28,4.33,0.43,3.61,0.37,0.72
diagsslbudget_simsiam800_c100_15pct,cifar100,resnet18,sgd,200,linear,none,yes,,,,,,15,7500,3,53.74,0.27,58.27,0.43,3,no,,abl15_none,50.09,3.65,0.30,3.65,0.32,0.00
diagsslbudget_simsiam800_c100_1pct,cifar100,resnet18,sgd,200,linear,none,yes,,,,,,1,500,3,8.85,0.33,27.08,0.84,3,no,,abl1_none,8.95,-0.11,0.19,0.46,0.49,-0.57
diagsslbudget_simsiam800_c100_25pct,cifar100,resnet18,sgd,200,linear,none,yes,,,,,,25,12500,3,62.14,0.35,63.57,0.56,3,no,,abl25_none,61.35,0.79,0.33,0.38,0.34,0.41
diagsslbudget_simsiam800_c100_2pct,cifar100,resnet18,sgd,200,linear,none,yes,,,,,,2,1000,3,14.36,0.24,30.00,0.46,3,no,,abl2_none,14.17,0.19,0.16,0.17,0.37,0.02
diagsslbudget_simsiam800_c100_3pct,cifar100,resnet18,sgd,200,linear,none,yes,,,,,,3,1500,3,19.01,0.44,33.25,0.64,3,no,,abl3_none,18.47,0.54,0.25,0.48,0.38,0.06
diagsslbudget_simsiam800_c100_5pct,cifar100,resnet18,sgd,200,linear,none,yes,,,,,,5,2500,3,27.26,0.62,39.04,1.07,3,no,,abl5_none,25.36,1.90,0.40,1.82,0.64,0.07
diagsslbudget_simsiam800_c100_7pct,cifar100,resnet18,sgd,200,linear,none,yes,,,,,,7,3500,3,35.48,0.82,45.22,0.74,3,no,,abl7_none,32.09,3.39,0.62,2.98,0.53,0.41
diagsslvit_simclr_100pct,cifar100,vit_tiny,adamw,200,linear,none,yes,,,,,,100,50000,3,64.36,0.15,,,,no,,diagvit_none_100pct,50.61,13.75,0.31,,,
diagsslvit_simclr_10pct,cifar100,vit_tiny,adamw,200,linear,none,yes,,,,,,10,5000,3,29.77,1.00,38.25,0.78,3,no,,diagvit_none_10pct,16.47,13.30,0.65,13.82,0.63,-0.52
diagsslvit_simclr_15pct,cifar100,vit_tiny,adamw,200,linear,none,yes,,,,,,15,7500,3,36.18,0.33,,,,no,,diagvit_none_15pct,21.23,14.94,0.36,,,
diagsslvit_simclr_1pct,cifar100,vit_tiny,adamw,200,linear,none,yes,,,,,,1,500,3,7.05,0.17,18.40,0.51,3,no,,diagvit_none_1pct,6.40,0.65,0.23,1.64,0.32,-0.99
diagsslvit_simclr_25pct,cifar100,vit_tiny,adamw,200,linear,none,yes,,,,,,25,12500,3,43.58,0.23,47.99,0.16,3,no,,diagvit_none_25pct,28.50,15.08,0.39,14.23,0.28,0.85
diagsslvit_simclr_2pct,cifar100,vit_tiny,adamw,200,linear,none,yes,,,,,,2,1000,3,10.88,0.10,,,,no,,diagvit_none_2pct,8.91,1.97,0.26,,,
diagsslvit_simclr_3pct,cifar100,vit_tiny,adamw,200,linear,none,yes,,,,,,3,1500,3,13.57,0.93,,,,no,,diagvit_none_3pct,9.97,3.59,0.54,,,
diagsslvit_simclr_5pct,cifar100,vit_tiny,adamw,200,linear,none,yes,,,,,,5,2500,3,20.34,0.72,30.29,0.94,3,no,,diagvit_none_5pct,12.25,8.09,0.63,9.90,0.77,-1.81
diagsslvit_simclr_7pct,cifar100,vit_tiny,adamw,200,linear,none,yes,,,,,,7,3500,3,25.04,0.99,,,,no,,diagvit_none_7pct,14.35,10.69,0.62,,,
diagsslvit_tin_simclr_10pct,tin,vit_tiny,adamw,200,linear,none,yes,,,,,,10,10000,3,20.69,0.41,,,,no,,diagvit_none_tin_10pct,8.60,12.09,0.33,,,
diagsslvitaux_10pct,cifar100,vit_tiny,adamw,200,linear,none,yes,,energy-magnitude,blocks.8,1.0,0.0,10,5000,3,29.93,0.96,38.84,1.61,3,no,,diagvit_none_10pct,16.47,13.46,0.63,14.42,1.03,-0.96
diagstep_c100_aux_10pct,cifar100,resnet18,sgd,15,linear,none,,,energy-magnitude,layer3,1.0,0.0,10,5000,3,24.65,0.36,37.47,0.12,3,no,,diagstep_c100_none_10pct,18.35,6.30,0.30,7.89,0.27,-1.58
diagstep_c100_aux_1pct,cifar100,resnet18,sgd,200,linear,none,,,energy-magnitude,layer3,1.0,0.0,1,500,3,10.41,0.27,30.59,0.35,3,no,,abl1_none,8.95,1.45,0.16,3.97,0.22,-2.52
diagstep_c100_aux_25pct,cifar100,resnet18,sgd,6,linear,none,,,energy-magnitude,layer3,1.0,0.0,25,12500,3,26.01,0.31,39.00,0.69,3,no,,diagstep_c100_none_25pct,20.09,5.92,0.56,7.40,0.47,-1.48
diagstep_c100_aux_2pct,cifar100,resnet18,sgd,86,linear,none,,,energy-magnitude,layer3,1.0,0.0,2,1000,3,15.21,0.26,32.99,0.43,3,no,,diagstep_c100_none_2pct,12.91,2.29,0.23,4.23,0.30,-1.93
diagstep_c100_aux_5pct,cifar100,resnet18,sgd,32,linear,none,,,energy-magnitude,layer3,1.0,0.0,5,2500,3,23.26,0.22,37.04,0.39,3,no,,diagstep_c100_none_5pct,17.48,5.78,0.13,6.65,0.30,-0.87
diagstep_c100_none_10pct,cifar100,resnet18,sgd,15,linear,none,,,,,,,10,5000,3,18.35,0.38,29.58,0.45,3,no,,,,,,,,
diagstep_c100_none_1pct,cifar100,resnet18,sgd,200,linear,none,,,,,,,1,500,3,9.02,0.11,27.02,0.45,3,no,,abl1_none,8.95,0.06,0.07,0.40,0.27,-0.34
diagstep_c100_none_25pct,cifar100,resnet18,sgd,6,linear,none,,,,,,,25,12500,3,20.09,0.92,31.59,0.42,3,no,,,,,,,,
diagstep_c100_none_2pct,cifar100,resnet18,sgd,86,linear,none,,,,,,,2,1000,3,12.91,0.30,28.76,0.30,3,no,,,,,,,,
diagstep_c100_none_5pct,cifar100,resnet18,sgd,32,linear,none,,,,,,,5,2500,3,17.48,0.06,30.39,0.33,3,no,,,,,,,,
diagtaxlam_c100_delay_7pct,cifar100,resnet18,sgd,200,linear,none,,yes,energy-magnitude,layer3,1.0,0.0,7,3500,10,47.17,3.69,,,,no,,diagtransfer2_c100_none_7pct,47.48,-0.31,1.72,,,
diagtaxlam_c100_l005_7pct,cifar100,resnet18,sgd,200,linear,none,,yes,energy-magnitude,layer3,0.05,0.0,7,3500,10,47.68,2.85,,,,no,,diagtransfer2_c100_none_7pct,47.48,0.21,1.55,,,
diagtaxlam_c100_l01_7pct,cifar100,resnet18,sgd,200,linear,none,,yes,energy-magnitude,layer3,0.1,0.0,7,3500,10,48.00,2.45,,,,no,,diagtransfer2_c100_none_7pct,47.48,0.53,1.48,,,
diagtaxlam_c100_l03_7pct,cifar100,resnet18,sgd,200,linear,none,,yes,energy-magnitude,layer3,0.3,0.0,7,3500,10,48.98,2.16,,,,no,,diagtransfer2_c100_none_7pct,47.48,1.50,1.43,,,
diagtaxlam_c10_delay_5pct,cifar10,resnet18,sgd,200,linear,none,,yes,energy-magnitude,layer3,1.0,0.0,5,2500,10,79.63,1.64,,,,no,,diagtransfer2_c10_none_5pct,80.92,-1.29,0.76,,,
diagtaxlam_c10_l005_5pct,cifar10,resnet18,sgd,200,linear,none,,yes,energy-magnitude,layer3,0.05,0.0,5,2500,10,80.97,1.46,,,,no,,diagtransfer2_c10_none_5pct,80.92,0.05,0.72,,,
diagtaxlam_c10_l01_5pct,cifar10,resnet18,sgd,200,linear,none,,yes,energy-magnitude,layer3,0.1,0.0,5,2500,10,81.12,1.31,,,,no,,diagtransfer2_c10_none_5pct,80.92,0.20,0.69,,,
diagtaxlam_c10_l03_5pct,cifar10,resnet18,sgd,200,linear,none,,yes,energy-magnitude,layer3,0.3,0.0,5,2500,10,80.74,1.33,,,,no,,diagtransfer2_c10_none_5pct,80.92,-0.18,0.69,,,
diagtaxlam_path_delay_10pct,pathmnist,resnet18,sgd,200,linear,none,,yes,energy-magnitude,layer3,1.0,0.0,10,9000,3,93.37,0.55,,,,no,,diagtransfer2_path_none_10pct,93.79,-0.43,0.52,,,
diagtaxlam_path_l005_10pct,pathmnist,resnet18,sgd,200,linear,none,,yes,energy-magnitude,layer3,0.05,0.0,10,9000,3,93.27,1.14,,,,no,,diagtransfer2_path_none_10pct,93.79,-0.52,0.78,,,
diagtaxlam_path_l01_10pct,pathmnist,resnet18,sgd,200,linear,none,,yes,energy-magnitude,layer3,0.1,0.0,10,9000,3,93.86,0.29,,,,no,,diagtransfer2_path_none_10pct,93.79,0.07,0.45,,,
diagtaxlam_path_l03_10pct,pathmnist,resnet18,sgd,200,linear,none,,yes,energy-magnitude,layer3,0.3,0.0,10,9000,3,93.57,0.26,,,,no,,diagtransfer2_path_none_10pct,93.79,-0.22,0.44,,,
diagtgt2_c100_magphase_10pct,cifar100,resnet18,sgd,200,linear,none,,,energy-magnitude+phase,layer3,1.0,0.0,10,5000,3,44.18,0.21,52.22,0.30,3,no,,abl10_none,40.28,3.90,0.22,4.28,0.23,-0.38
diagtgt2_c100_magphase_5pct,cifar100,resnet18,sgd,200,linear,none,,,energy-magnitude+phase,layer3,1.0,0.0,5,2500,3,29.46,0.51,42.35,0.37,3,no,,abl5_none,25.36,4.09,0.35,5.13,0.26,-1.04
diagtgt2_c100_magsymmetry_10pct,cifar100,resnet18,sgd,200,linear,none,,,energy-magnitude+symmetry,layer3,1.0,0.0,10,5000,3,44.36,0.45,52.15,0.41,3,no,,abl10_none,40.28,4.08,0.31,4.21,0.28,-0.13
diagtgt2_c100_magsymmetry_5pct,cifar100,resnet18,sgd,200,linear,none,,,energy-magnitude+symmetry,layer3,1.0,0.0,5,2500,3,29.69,0.24,43.04,0.43,3,no,,abl5_none,25.36,4.32,0.22,5.82,0.29,-1.49
diagtgt2_c100_phase_100pct,cifar100,resnet18,sgd,200,linear,none,,,energy-phase,layer3,1.0,0.0,100,50000,3,78.46,0.23,,,,no,,ablf_none,78.52,-0.06,0.16,,,
diagtgt2_c100_phase_10pct,cifar100,resnet18,sgd,200,linear,none,,,energy-phase,layer3,1.0,0.0,10,5000,3,41.65,0.10,49.27,0.51,3,no,,abl10_none,40.28,1.37,0.19,1.33,0.33,0.04
diagtgt2_c100_phase_1pct,cifar100,resnet18,sgd,200,linear,none,,,energy-phase,layer3,1.0,0.0,1,500,3,9.13,0.16,,,,no,,abl1_none,8.95,0.17,0.10,,,
diagtgt2_c100_phase_25pct,cifar100,resnet18,sgd,200,linear,none,,,energy-phase,layer3,1.0,0.0,25,12500,3,61.80,0.61,63.34,0.48,3,no,,abl25_none,61.35,0.45,0.44,0.16,0.30,0.30
diagtgt2_c100_phase_2pct,cifar100,resnet18,sgd,200,linear,none,,,energy-phase,layer3,1.0,0.0,2,1000,3,14.62,0.20,,,,no,,abl2_none,14.17,0.44,0.14,,,
diagtgt2_c100_phase_5pct,cifar100,resnet18,sgd,200,linear,none,,,energy-phase,layer3,1.0,0.0,5,2500,3,26.91,0.30,39.85,0.53,3,no,,abl5_none,25.36,1.55,0.25,2.63,0.34,-1.08
diagtgt2_c100_phasessl_10pct,cifar100,resnet18,sgd,200,linear,none,yes,,energy-phase,layer3,1.0,0.0,10,5000,3,48.47,0.26,54.72,0.09,3,no,,abl10_none,40.28,8.19,0.24,6.78,0.16,1.41
diagtgt2_c100_phasessl_5pct,cifar100,resnet18,sgd,200,linear,none,yes,,energy-phase,layer3,1.0,0.0,5,2500,3,34.21,0.32,46.32,0.39,3,no,,abl5_none,25.36,8.85,0.25,9.10,0.27,-0.25
diagtgt2_c100_symmetry_100pct,cifar100,resnet18,sgd,200,linear,none,,,energy-symmetry,layer3,1.0,0.0,100,50000,3,78.83,0.40,,,,no,,ablf_none,78.52,0.31,0.25,,,
diagtgt2_c100_symmetry_10pct,cifar100,resnet18,sgd,200,linear,none,,,energy-symmetry,layer3,1.0,0.0,10,5000,3,40.09,0.81,47.65,0.78,3,no,,abl10_none,40.28,-0.19,0.50,-0.29,0.48,0.10
diagtgt2_c100_symmetry_1pct,cifar100,resnet18,sgd,200,linear,none,,,energy-symmetry,layer3,1.0,0.0,1,500,3,9.00,0.37,,,,no,,abl1_none,8.95,0.05,0.21,,,
diagtgt2_c100_symmetry_25pct,cifar100,resnet18,sgd,200,linear,none,,,energy-symmetry,layer3,1.0,0.0,25,12500,3,60.96,0.19,63.17,0.43,3,no,,abl25_none,61.35,-0.39,0.29,-0.02,0.28,-0.37
diagtgt2_c100_symmetry_2pct,cifar100,resnet18,sgd,200,linear,none,,,energy-symmetry,layer3,1.0,0.0,2,1000,3,14.01,0.30,,,,no,,abl2_none,14.17,-0.16,0.20,,,
diagtgt2_c100_symmetry_5pct,cifar100,resnet18,sgd,200,linear,none,,,energy-symmetry,layer3,1.0,0.0,5,2500,3,24.83,0.19,36.93,0.03,3,no,,abl5_none,25.36,-0.53,0.21,-0.29,0.15,-0.24
diagtgt2_c100_symmetryssl_10pct,cifar100,resnet18,sgd,200,linear,none,yes,,energy-symmetry,layer3,1.0,0.0,10,5000,3,48.96,0.15,55.19,0.40,3,no,,abl10_none,40.28,8.68,0.20,7.25,0.28,1.43
diagtgt2_c100_symmetryssl_5pct,cifar100,resnet18,sgd,200,linear,none,yes,,energy-symmetry,layer3,1.0,0.0,5,2500,3,34.33,0.45,45.67,0.42,3,no,,abl5_none,25.36,8.97,0.31,8.45,0.29,0.52
diagtgt2_esat_phase_10pct,eurosat,resnet18,sgd,200,linear,none,,,energy-phase,layer3,1.0,0.0,10,2160,3,94.07,0.12,,,,no,,grid_esat_r18_e99fb4_10pct,93.67,0.40,0.27,,,
diagtgt2_esat_phase_5pct,eurosat,resnet18,sgd,200,linear,none,,,energy-phase,layer3,1.0,0.0,5,1080,3,91.44,0.41,,,,no,,grid_esat_r18_e99fb4_5pct,90.80,0.64,0.26,,,
diagtgt2_esat_symmetry_10pct,eurosat,resnet18,sgd,200,linear,none,,,energy-symmetry,layer3,1.0,0.0,10,2160,3,94.00,0.30,,,,no,,grid_esat_r18_e99fb4_10pct,93.67,0.33,0.31,,,
diagtgt2_esat_symmetry_5pct,eurosat,resnet18,sgd,200,linear,none,,,energy-symmetry,layer3,1.0,0.0,5,1080,3,90.99,0.57,,,,no,,grid_esat_r18_e99fb4_5pct,90.80,0.19,0.35,,,
diagtgt2_tin_magphase_10pct,tin,resnet18,sgd,200,linear,none,,,energy-magnitude+phase,layer3,1.0,0.0,10,10000,3,35.79,0.37,42.02,0.46,3,no,,tin_none_10pct,33.60,2.19,0.27,2.18,0.34,0.01
diagtgt2_tin_magsymmetry_10pct,tin,resnet18,sgd,200,linear,none,,,energy-magnitude+symmetry,layer3,1.0,0.0,10,10000,3,35.25,0.48,41.43,0.46,3,no,,tin_none_10pct,33.60,1.65,0.32,1.59,0.34,0.06
diagtgt2_tin_phase_10pct,tin,resnet18,sgd,200,linear,none,,,energy-phase,layer3,1.0,0.0,10,10000,3,34.98,0.12,41.43,0.22,3,no,,tin_none_10pct,33.60,1.39,0.17,1.59,0.25,-0.21
diagtgt2_tin_phase_5pct,tin,resnet18,sgd,200,linear,none,,,energy-phase,layer3,1.0,0.0,5,5000,3,22.14,0.20,,,,no,,tin_none_5pct,21.08,1.06,0.14,,,
diagtgt2_tin_symmetry_10pct,tin,resnet18,sgd,200,linear,none,,,energy-symmetry,layer3,1.0,0.0,10,10000,3,33.21,0.17,39.78,0.34,3,no,,tin_none_10pct,33.60,-0.39,0.19,-0.06,0.29,-0.33
diagtgt2_tin_symmetry_5pct,tin,resnet18,sgd,200,linear,none,,,energy-symmetry,layer3,1.0,0.0,5,5000,3,20.49,0.23,,,,no,,tin_none_5pct,21.08,-0.59,0.15,,,
diagtgt_c10_mag_10pct,cifar10,resnet18,sgd,200,linear,none,,,energy-magnitude,layer3,0.3,,10,5000,2,81.21,0.12,,,,no,,c10_none_10pct,80.71,0.50,0.57,,,
diagtgt_c10_mag_5pct,cifar10,resnet18,sgd,200,linear,none,,,energy-magnitude,layer3,0.3,,5,2500,3,72.54,0.21,,,,no,,c10_none_5pct,69.05,3.49,0.16,,,
diagtgt_c10_rand_10pct,cifar10,resnet18,sgd,200,linear,none,,,random-fixed,layer3,0.3,,10,5000,3,79.24,0.12,,,,no,,c10_none_10pct,80.71,-1.46,0.57,,,
diagtgt_c10_rand_5pct,cifar10,resnet18,sgd,200,linear,none,,,random-fixed,layer3,0.3,,5,2500,3,68.35,0.13,,,,no,,c10_none_5pct,69.05,-0.70,0.13,,,
diagtgt_food_mag_10pct,food101,resnet18,sgd,200,linear,none,,,energy-magnitude,layer3,0.3,,10,7575,3,44.86,0.25,,,,no,,grid_food_r18_9ee7da_10pct,41.73,3.13,0.85,,,
diagtgt_food_mag_5pct,food101,resnet18,sgd,200,linear,none,,,energy-magnitude,layer3,0.3,,5,3788,3,26.17,0.40,,,,no,,grid_food_r18_9ee7da_5pct,21.91,4.25,0.53,,,
diagtgt_food_rand_10pct,food101,resnet18,sgd,200,linear,none,,,random-fixed,layer3,0.3,,10,7575,3,42.11,0.21,,,,no,,grid_food_r18_9ee7da_10pct,41.73,0.38,0.85,,,
diagtgt_food_rand_5pct,food101,resnet18,sgd,200,linear,none,,,random-fixed,layer3,0.3,,5,3788,3,21.98,0.22,,,,no,,grid_food_r18_9ee7da_5pct,21.91,0.06,0.50,,,
diagtgt_tin_gab_10pct,tin,resnet18,sgd,200,linear,none,,,moments-cat,layer3,0.3,,10,10000,3,34.45,0.29,,,,no,,tin_none_10pct,33.60,0.85,0.23,,,
diagtgt_tin_gab_5pct,tin,resnet18,sgd,200,linear,none,,,moments-cat,layer3,0.3,,5,5000,3,22.04,0.54,,,,no,,tin_none_5pct,21.08,0.96,0.32,,,
diagtgt_tin_hog_10pct,tin,resnet18,sgd,200,linear,none,,,,layer3,0.3,,10,10000,3,34.88,0.37,,,,no,,tin_none_10pct,33.60,1.28,0.27,,,
diagtgt_tin_hog_5pct,tin,resnet18,sgd,200,linear,none,,,,layer3,0.3,,5,5000,3,22.05,0.07,,,,no,,tin_none_5pct,21.08,0.97,0.09,,,
diagtgt_tin_inv_10pct,tin,resnet18,sgd,200,linear,none,,,energy-invariants,layer3,0.3,,10,10000,3,34.26,0.13,,,,no,,tin_none_10pct,33.60,0.67,0.18,,,
diagtgt_tin_inv_5pct,tin,resnet18,sgd,200,linear,none,,,energy-invariants,layer3,0.3,,5,5000,3,22.36,0.50,,,,no,,tin_none_5pct,21.08,1.28,0.30,,,
diagtgt_tin_mag_10pct,tin,resnet18,sgd,200,linear,none,,,energy-magnitude,layer3,0.3,,10,10000,3,34.79,0.24,,,,no,,tin_none_10pct,33.60,1.19,0.21,,,
diagtgt_tin_mag_5pct,tin,resnet18,sgd,200,linear,none,,,energy-magnitude,layer3,0.3,,5,5000,3,22.86,0.06,,,,no,,tin_none_5pct,21.08,1.78,0.09,,,
diagtgt_tin_rand_10pct,tin,resnet18,sgd,200,linear,none,,,random-fixed,layer3,0.3,,10,10000,3,33.97,0.23,,,,no,,tin_none_10pct,33.60,0.37,0.21,,,
diagtgt_tin_rand_5pct,tin,resnet18,sgd,200,linear,none,,,random-fixed,layer3,0.3,,5,5000,3,21.75,0.18,,,,no,,tin_none_5pct,21.08,0.67,0.13,,,
diagtgt_tin_rot_10pct,tin,resnet18,sgd,200,linear,none,,,energy-rotinv,layer3,0.3,,10,10000,3,33.82,0.70,,,,no,,tin_none_10pct,33.60,0.23,0.43,,,
diagtgt_tin_rot_5pct,tin,resnet18,sgd,200,linear,none,,,energy-rotinv,layer3,0.3,,5,5000,3,22.02,0.27,,,,no,,tin_none_5pct,21.08,0.94,0.17,,,
diagtgt_tin_ste_10pct,tin,resnet18,sgd,200,linear,none,,,energy-steerable,layer3,0.3,,10,10000,3,34.32,0.50,,,,no,,tin_none_10pct,33.60,0.72,0.33,,,
diagtgt_tin_ste_5pct,tin,resnet18,sgd,200,linear,none,,,energy-steerable,layer3,0.3,,5,5000,3,22.42,0.12,,,,no,,tin_none_5pct,21.08,1.34,0.11,,,
diagtgt_tin_str_10pct,tin,resnet18,sgd,200,linear,none,,,energy-structure,layer3,0.3,,10,10000,3,34.92,0.48,,,,no,,tin_none_10pct,33.60,1.33,0.32,,,
diagtgt_tin_str_5pct,tin,resnet18,sgd,200,linear,none,,,energy-structure,layer3,0.3,,5,5000,3,22.17,0.38,,,,no,,tin_none_5pct,21.08,1.09,0.24,,,
diagtraj_grid_food_r18_9ee7da_10pct,food101,resnet18,sgd,200,linear,none,,,,,,,10,7575,3,41.73,1.46,,,,no,,grid_food_r18_9ee7da_10pct,41.73,0.00,1.19,,,
diagtraj_grid_food_r18_9ee7da_50pct,food101,resnet18,sgd,200,linear,none,,,,,,,50,37875,3,71.75,0.14,,,,no,,grid_food_r18_9ee7da_50pct,71.75,0.00,0.11,,,
diagtraj_grid_food_r18_axmagnitudeL3_l10to00_hn_8bd74b_10pct,food101,resnet18,sgd,200,linear,none,,,energy-magnitude,layer3,1.0,0.0,10,7575,3,45.39,0.20,,,,no,,grid_food_r18_9ee7da_10pct,41.73,3.66,0.85,,,
diagtraj_grid_food_r18_axmagnitudeL3_l10to00_hn_8bd74b_50pct,food101,resnet18,sgd,200,linear,none,,,energy-magnitude,layer3,1.0,0.0,50,37875,3,70.59,0.13,,,,no,,grid_food_r18_9ee7da_50pct,71.75,-1.15,0.11,,,
diagtraj_grid_mag3_food_50pct,food101,resnet18,sgd,200,linear,none,,,energy-magnitude3,layer3,1.0,0.0,50,37875,3,70.68,0.24,,,,no,,grid_food_r18_9ee7da_50pct,71.75,-1.07,0.16,,,
diagtraj_grid_mag3_path_50pct,pathmnist,resnet18,sgd,200,linear,none,,,energy-magnitude3,layer3,1.0,0.0,50,44998,3,87.50,0.86,,,,no,,grid_path_r18_89e5af_50pct,89.83,-2.34,0.55,,,
diagtraj_grid_mag6o_food_50pct,food101,resnet18,sgd,200,linear,none,,,energy-magnitude6o,layer3,1.0,0.0,50,37875,3,70.67,0.21,,,,no,,grid_food_r18_9ee7da_50pct,71.75,-1.08,0.15,,,
diagtraj_grid_mnet_food_aux_50pct,food101,mobilenetv3_small_100,sgd,200,linear,none,,,energy-magnitude,blocks.3,1.0,0.0,50,37875,3,54.85,0.42,,,,no,,grid_mnet_food_none_50pct,55.13,-0.28,0.27,,,
diagtraj_grid_mnet_food_none_50pct,food101,mobilenetv3_small_100,sgd,200,linear,none,,,,,,,50,37875,3,55.13,0.20,,,,no,,grid_mnet_food_none_50pct,55.13,0.00,0.16,,,
diagtraj_grid_mnet_path_aux_20pct,pathmnist,mobilenetv3_small_100,sgd,200,linear,none,,,energy-magnitude,blocks.3,1.0,0.0,20,17999,3,87.23,2.65,,,,no,,grid_mnet_path_none_20pct,89.04,-1.81,1.57,,,
diagtraj_grid_mnet_path_none_20pct,pathmnist,mobilenetv3_small_100,sgd,200,linear,none,,,,,,,20,17999,3,89.04,0.63,,,,no,,grid_mnet_path_none_20pct,89.04,0.00,0.51,,,
diagtraj_grid_path_r18_89e5af_50pct,pathmnist,resnet18,sgd,200,linear,none,,,,,,,50,44998,3,89.83,0.39,,,,no,,grid_path_r18_89e5af_50pct,89.83,0.00,0.32,,,
diagtransfer2_c100_aux_100pct,cifar100,resnet18,sgd,200,linear,none,,yes,energy-magnitude,layer3,1.0,0.0,100,50000,3,79.11,0.10,78.95,0.09,3,no,,diagtransfer2_c100_none_100pct,79.80,-0.69,0.10,-0.73,0.06,0.03
diagtransfer2_c100_aux_10pct,cifar100,resnet18,sgd,200,linear,none,,yes,energy-magnitude,layer3,1.0,0.0,10,5000,3,40.10,0.69,46.84,0.82,3,no,,diagtransfer2_c100_none_10pct,58.28,-18.18,1.33,-17.50,1.17,-0.68
diagtransfer2_c100_aux_15pct,cifar100,resnet18,sgd,200,linear,none,,yes,energy-magnitude,layer3,1.0,0.0,15,7500,3,50.23,5.64,53.22,5.81,3,no,,diagtransfer2_c100_none_15pct,65.45,-15.22,3.34,-15.08,3.38,-0.14
diagtransfer2_c100_aux_1pct,cifar100,resnet18,sgd,200,linear,none,,yes,energy-magnitude,layer3,1.0,0.0,1,500,3,7.46,0.51,20.49,1.44,3,no,,diagtransfer2_c100_none_1pct,12.56,-5.11,0.33,-12.39,0.84,7.29
diagtransfer2_c100_aux_20pct,cifar100,resnet18,sgd,200,linear,none,,yes,energy-magnitude,layer3,1.0,0.0,20,10000,3,57.75,3.96,59.31,4.17,3,no,,diagtransfer2_c100_none_20pct,68.10,-10.36,2.30,-10.64,2.41,0.28
diagtransfer2_c100_aux_25pct,cifar100,resnet18,sgd,200,linear,none,,yes,energy-magnitude,layer3,1.0,0.0,25,12500,3,62.02,3.55,63.19,3.56,3,no,,diagtransfer2_c100_none_25pct,69.83,-7.81,2.06,-8.09,2.07,0.28
diagtransfer2_c100_aux_2pct,cifar100,resnet18,sgd,200,linear,none,,yes,energy-magnitude,layer3,1.0,0.0,2,1000,3,11.21,0.37,24.04,0.24,3,no,,diagtransfer2_c100_none_2pct,19.24,-8.02,0.31,-12.34,0.42,4.32
diagtransfer2_c100_aux_3pct,cifar100,resnet18,sgd,200,linear,none,,yes,energy-magnitude,layer3,1.0,0.0,3,1500,3,15.40,0.75,27.74,0.68,3,no,,diagtransfer2_c100_none_3pct,26.61,-11.20,0.85,-14.20,0.99,2.99
diagtransfer2_c100_aux_50pct,cifar100,resnet18,sgd,200,linear,none,,yes,energy-magnitude,layer3,1.0,0.0,50,25000,3,72.76,0.58,72.43,0.66,3,no,,diagtransfer2_c100_none_50pct,74.85,-2.09,0.34,-1.90,0.43,-0.19
diagtransfer2_c100_aux_7pct,cifar100,resnet18,sgd,200,linear,none,,yes,energy-magnitude,layer3,1.0,0.0,7,3500,10,30.63,3.91,38.29,4.95,3,no,,diagtransfer2_c100_none_7pct,47.48,-16.84,1.77,-18.52,3.19,1.68
diagtransfer2_c100_none_100pct,cifar100,resnet18,sgd,200,linear,none,,yes,,,,,100,50000,3,79.80,0.14,79.68,0.04,3,no,,,,,,,,
diagtransfer2_c100_none_10pct,cifar100,resnet18,sgd,200,linear,none,,yes,,,,,10,5000,3,58.28,2.19,64.34,1.85,3,no,,,,,,,,
diagtransfer2_c100_none_15pct,cifar100,resnet18,sgd,200,linear,none,,yes,,,,,15,7500,3,65.45,1.23,68.30,0.75,3,no,,,,,,,,
diagtransfer2_c100_none_1pct,cifar100,resnet18,sgd,200,linear,none,,yes,,,,,1,500,3,12.56,0.25,32.88,0.22,3,no,,,,,,,,
diagtransfer2_c100_none_20pct,cifar100,resnet18,sgd,200,linear,none,,yes,,,,,20,10000,3,68.10,0.36,69.95,0.20,3,no,,,,,,,,
diagtransfer2_c100_none_25pct,cifar100,resnet18,sgd,200,linear,none,,yes,,,,,25,12500,3,69.83,0.39,71.28,0.42,3,no,,,,,,,,
diagtransfer2_c100_none_2pct,cifar100,resnet18,sgd,200,linear,none,,yes,,,,,2,1000,3,19.24,0.38,36.38,0.68,3,no,,,,,,,,
diagtransfer2_c100_none_3pct,cifar100,resnet18,sgd,200,linear,none,,yes,,,,,3,1500,3,26.61,1.26,41.94,1.57,3,no,,,,,,,,
diagtransfer2_c100_none_50pct,cifar100,resnet18,sgd,200,linear,none,,yes,,,,,50,25000,3,74.85,0.13,74.33,0.36,3,no,,,,,,,,
diagtransfer2_c100_none_7pct,cifar100,resnet18,sgd,200,linear,none,,yes,,,,,7,3500,10,47.48,3.99,56.81,3.78,7,no,,,,,,,,
diagtransfer2_c10_aux_100pct,cifar10,resnet18,sgd,200,linear,none,,yes,energy-magnitude,layer3,1.0,0.0,100,50000,3,95.18,0.14,95.13,0.09,3,no,,diagtransfer2_c10_none_100pct,95.44,-0.26,0.09,-0.33,0.10,0.07
diagtransfer2_c10_aux_10pct,cifar10,resnet18,sgd,200,linear,none,,yes,energy-magnitude,layer3,1.0,0.0,10,5000,3,76.07,1.09,77.56,1.28,3,no,,diagtransfer2_c10_none_10pct,90.03,-13.96,0.76,-13.24,0.83,-0.72
diagtransfer2_c10_aux_15pct,cifar10,resnet18,sgd,200,linear,none,,yes,energy-magnitude,layer3,1.0,0.0,15,7500,3,84.59,1.72,85.51,1.60,3,no,,diagtransfer2_c10_none_15pct,91.31,-6.72,1.02,-6.36,0.98,-0.36
diagtransfer2_c10_aux_1pct,cifar10,resnet18,sgd,200,linear,none,,yes,energy-magnitude,layer3,1.0,0.0,1,500,3,34.92,0.96,45.13,0.47,3,no,,diagtransfer2_c10_none_1pct,51.93,-17.01,0.63,-18.23,0.52,1.22
diagtransfer2_c10_aux_20pct,cifar10,resnet18,sgd,200,linear,none,,yes,energy-magnitude,layer3,1.0,0.0,20,10000,3,86.70,1.84,87.43,1.69,3,no,,diagtransfer2_c10_none_20pct,91.71,-5.00,1.06,-4.65,0.98,-0.35
diagtransfer2_c10_aux_25pct,cifar10,resnet18,sgd,200,linear,none,,yes,energy-magnitude,layer3,1.0,0.0,25,12500,3,89.35,0.20,89.61,0.31,3,no,,diagtransfer2_c10_none_25pct,92.18,-2.83,0.26,-2.93,0.33,0.09
diagtransfer2_c10_aux_2pct,cifar10,resnet18,sgd,200,linear,none,,yes,energy-magnitude,layer3,1.0,0.0,2,1000,3,44.77,2.58,52.86,1.66,3,no,,diagtransfer2_c10_none_2pct,65.80,-21.03,1.91,-19.92,1.26,-1.11
diagtransfer2_c10_aux_3pct,cifar10,resnet18,sgd,200,linear,none,,yes,energy-magnitude,layer3,1.0,0.0,3,1500,3,55.11,1.79,60.70,1.88,3,no,,diagtransfer2_c10_none_3pct,72.76,-17.65,1.04,-16.27,1.09,-1.38
diagtransfer2_c10_aux_50pct,cifar10,resnet18,sgd,200,linear,none,,yes,energy-magnitude,layer3,1.0,0.0,50,25000,3,92.85,0.33,92.95,0.25,3,no,,diagtransfer2_c10_none_50pct,94.01,-1.15,0.20,-1.21,0.16,0.06
diagtransfer2_c10_aux_5pct,cifar10,resnet18,sgd,200,linear,none,,yes,energy-magnitude,layer3,1.0,0.0,5,2500,10,65.68,2.16,67.92,2.43,3,no,,diagtransfer2_c10_none_5pct,80.92,-15.24,0.88,-14.94,1.52,-0.29
diagtransfer2_c10_aux_7pct,cifar10,resnet18,sgd,200,linear,none,,yes,energy-magnitude,layer3,1.0,0.0,7,3500,3,67.63,3.64,70.38,3.25,3,no,,diagtransfer2_c10_none_7pct,86.03,-18.41,2.15,-17.05,1.94,-1.36
diagtransfer2_c10_none_100pct,cifar10,resnet18,sgd,200,linear,none,,yes,,,,,100,50000,3,95.44,0.08,95.46,0.15,3,no,,,,,,,,
diagtransfer2_c10_none_10pct,cifar10,resnet18,sgd,200,linear,none,,yes,,,,,10,5000,3,90.03,0.73,90.80,0.66,3,no,,,,,,,,
diagtransfer2_c10_none_15pct,cifar10,resnet18,sgd,200,linear,none,,yes,,,,,15,7500,3,91.31,0.37,91.87,0.55,3,no,,,,,,,,
diagtransfer2_c10_none_1pct,cifar10,resnet18,sgd,200,linear,none,,yes,,,,,1,500,3,51.93,0.51,63.36,0.77,3,no,,,,,,,,
diagtransfer2_c10_none_20pct,cifar10,resnet18,sgd,200,linear,none,,yes,,,,,20,10000,3,91.71,0.15,92.08,0.18,3,no,,,,,,,,
diagtransfer2_c10_none_25pct,cifar10,resnet18,sgd,200,linear,none,,yes,,,,,25,12500,3,92.18,0.41,92.53,0.48,3,no,,,,,,,,
diagtransfer2_c10_none_2pct,cifar10,resnet18,sgd,200,linear,none,,yes,,,,,2,1000,3,65.80,2.06,72.78,1.44,3,no,,,,,,,,
diagtransfer2_c10_none_3pct,cifar10,resnet18,sgd,200,linear,none,,yes,,,,,3,1500,3,72.76,0.25,76.97,0.27,3,no,,,,,,,,
diagtransfer2_c10_none_50pct,cifar10,resnet18,sgd,200,linear,none,,yes,,,,,50,25000,3,94.01,0.13,94.16,0.13,3,no,,,,,,,,
diagtransfer2_c10_none_5pct,cifar10,resnet18,sgd,200,linear,none,,yes,,,,,5,2500,10,80.92,1.74,82.86,1.57,7,no,,,,,,,,
diagtransfer2_c10_none_7pct,cifar10,resnet18,sgd,200,linear,none,,yes,,,,,7,3500,3,86.03,0.82,87.43,0.82,3,no,,,,,,,,
diagtransfer2_cub_aux_10pct,cub,resnet18,sgd,200,linear,none,,yes,energy-magnitude,layer3,1.0,0.0,10,599,3,2.17,0.25,4.89,0.64,3,no,,diagtransfer2_cub_none_10pct,2.95,-0.78,0.16,-3.18,0.62,2.40
diagtransfer2_cub_aux_15pct,cub,resnet18,sgd,200,linear,none,,yes,energy-magnitude,layer3,1.0,0.0,15,899,3,2.73,0.59,5.70,0.87,3,no,,diagtransfer2_cub_none_15pct,3.73,-1.01,0.40,-4.54,0.80,3.54
diagtransfer2_cub_aux_20pct,cub,resnet18,sgd,200,linear,none,,yes,energy-magnitude,layer3,1.0,0.0,20,1199,3,4.46,0.60,7.63,1.45,3,no,,diagtransfer2_cub_none_20pct,5.93,-1.47,0.36,-5.31,0.87,3.84
diagtransfer2_cub_aux_25pct,cub,resnet18,sgd,200,linear,none,,yes,energy-magnitude,layer3,1.0,0.0,25,1498,3,6.52,1.41,10.18,1.87,3,no,,diagtransfer2_cub_none_25pct,8.87,-2.34,1.11,-5.43,1.68,3.08
diagtransfer2_cub_aux_3pct,cub,resnet18,sgd,200,linear,none,,yes,energy-magnitude,layer3,1.0,0.0,3,180,3,0.70,0.08,1.87,0.34,3,no,,diagtransfer2_cub_none_3pct,1.24,-0.54,0.15,-4.09,0.35,3.55
diagtransfer2_cub_aux_50pct,cub,resnet18,sgd,200,linear,none,,yes,energy-magnitude,layer3,1.0,0.0,50,2997,3,16.79,1.23,19.09,0.73,3,no,,diagtransfer2_cub_none_50pct,24.70,-7.90,0.90,-10.33,0.95,2.43
diagtransfer2_cub_aux_5pct,cub,resnet18,sgd,200,linear,none,,yes,energy-magnitude,layer3,1.0,0.0,5,300,3,1.94,0.63,4.98,1.43,3,no,,diagtransfer2_cub_none_5pct,2.01,-0.07,0.37,-1.94,0.83,1.87
diagtransfer2_cub_aux_7pct,cub,resnet18,sgd,200,linear,none,,yes,energy-magnitude,layer3,1.0,0.0,7,420,3,1.84,0.47,4.74,1.53,3,no,,diagtransfer2_cub_none_7pct,2.14,-0.30,0.27,-2.53,0.89,2.23
diagtransfer2_cub_none_10pct,cub,resnet18,sgd,200,linear,none,,yes,,,,,10,599,3,2.95,0.11,8.07,0.85,3,no,,,,,,,,
diagtransfer2_cub_none_15pct,cub,resnet18,sgd,200,linear,none,,yes,,,,,15,899,3,3.73,0.38,10.25,1.07,3,no,,,,,,,,
diagtransfer2_cub_none_20pct,cub,resnet18,sgd,200,linear,none,,yes,,,,,20,1199,3,5.93,0.18,12.94,0.38,3,no,,,,,,,,
diagtransfer2_cub_none_25pct,cub,resnet18,sgd,200,linear,none,,yes,,,,,25,1498,3,8.87,1.31,15.60,2.22,3,no,,,,,,,,
diagtransfer2_cub_none_3pct,cub,resnet18,sgd,200,linear,none,,yes,,,,,3,180,3,1.24,0.25,5.96,0.51,3,no,,,,,,,,
diagtransfer2_cub_none_50pct,cub,resnet18,sgd,200,linear,none,,yes,,,,,50,2997,3,24.70,0.94,29.43,1.46,3,no,,,,,,,,
diagtransfer2_cub_none_5pct,cub,resnet18,sgd,200,linear,none,,yes,,,,,5,300,3,2.01,0.15,6.92,0.15,3,no,,,,,,,,
diagtransfer2_cub_none_7pct,cub,resnet18,sgd,200,linear,none,,yes,,,,,7,420,3,2.14,0.08,7.27,0.20,3,no,,,,,,,,
diagtransfer2_dtd_aux_100pct,dtd,resnet18,sgd,200,linear,none,,yes,energy-magnitude,layer3,1.0,0.0,100,3760,3,41.93,5.01,41.58,4.51,3,no,,diagtransfer2_dtd_none_100pct,56.97,-15.04,2.99,-15.41,2.68,0.37
diagtransfer2_dtd_aux_10pct,dtd,resnet18,sgd,200,linear,none,,yes,energy-magnitude,layer3,1.0,0.0,10,376,3,7.34,0.33,12.02,0.69,3,no,,diagtransfer2_dtd_none_10pct,18.69,-11.35,0.71,-15.35,0.93,4.01
diagtransfer2_dtd_aux_15pct,dtd,resnet18,sgd,200,linear,none,,yes,energy-magnitude,layer3,1.0,0.0,15,564,3,11.79,2.13,16.97,3.10,3,no,,diagtransfer2_dtd_none_15pct,22.82,-11.03,1.67,-13.21,2.41,2.18
diagtransfer2_dtd_aux_20pct,dtd,resnet18,sgd,200,linear,none,,yes,energy-magnitude,layer3,1.0,0.0,20,752,3,14.04,3.11,17.68,3.05,3,no,,diagtransfer2_dtd_none_20pct,27.54,-13.49,1.95,-15.27,1.86,1.77
diagtransfer2_dtd_aux_25pct,dtd,resnet18,sgd,200,linear,none,,yes,energy-magnitude,layer3,1.0,0.0,25,940,3,18.87,5.58,22.38,5.65,3,no,,diagtransfer2_dtd_none_25pct,31.03,-12.16,3.32,-13.44,3.37,1.28
diagtransfer2_dtd_aux_50pct,dtd,resnet18,sgd,200,linear,none,,yes,energy-magnitude,layer3,1.0,0.0,50,1880,3,23.78,1.07,24.96,1.54,3,no,,diagtransfer2_dtd_none_50pct,43.42,-19.65,0.67,-20.04,1.02,0.39
diagtransfer2_dtd_aux_5pct,dtd,resnet18,sgd,200,linear,none,,yes,energy-magnitude,layer3,1.0,0.0,5,188,3,6.95,1.81,12.64,1.26,3,no,,diagtransfer2_dtd_none_5pct,12.41,-5.46,1.16,-11.19,0.84,5.73
diagtransfer2_dtd_aux_7pct,dtd,resnet18,sgd,200,linear,none,,yes,energy-magnitude,layer3,1.0,0.0,7,263,3,6.19,1.02,12.75,2.85,3,no,,diagtransfer2_dtd_none_7pct,15.62,-9.43,0.80,-13.65,1.74,4.22
diagtransfer2_dtd_none_100pct,dtd,resnet18,sgd,200,linear,none,,yes,,,,,100,3760,3,56.97,1.33,56.99,1.11,3,no,,,,,,,,
diagtransfer2_dtd_none_10pct,dtd,resnet18,sgd,200,linear,none,,yes,,,,,10,376,3,18.69,1.18,27.38,1.45,3,no,,,,,,,,
diagtransfer2_dtd_none_15pct,dtd,resnet18,sgd,200,linear,none,,yes,,,,,15,564,3,22.82,1.95,30.18,2.80,3,no,,,,,,,,
diagtransfer2_dtd_none_20pct,dtd,resnet18,sgd,200,linear,none,,yes,,,,,20,752,3,27.54,1.32,32.94,1.07,3,no,,,,,,,,
diagtransfer2_dtd_none_25pct,dtd,resnet18,sgd,200,linear,none,,yes,,,,,25,940,3,31.03,1.36,35.82,1.49,3,no,,,,,,,,
diagtransfer2_dtd_none_50pct,dtd,resnet18,sgd,200,linear,none,,yes,,,,,50,1880,3,43.42,0.44,45.00,0.85,3,no,,,,,,,,
diagtransfer2_dtd_none_5pct,dtd,resnet18,sgd,200,linear,none,,yes,,,,,5,188,3,12.41,0.87,23.83,0.72,3,no,,,,,,,,
diagtransfer2_dtd_none_7pct,dtd,resnet18,sgd,200,linear,none,,yes,,,,,7,263,3,15.62,0.94,26.40,0.98,3,no,,,,,,,,
diagtransfer2_esat_aux_100pct,eurosat,resnet18,sgd,200,linear,none,,yes,energy-magnitude,layer3,1.0,0.0,100,21600,3,98.73,0.14,98.67,0.08,3,no,,diagtransfer2_esat_none_100pct,98.79,-0.06,0.10,-0.14,0.05,0.08
diagtransfer2_esat_aux_10pct,eurosat,resnet18,sgd,200,linear,none,,yes,energy-magnitude,layer3,1.0,0.0,10,2160,3,92.67,0.19,94.20,0.19,3,no,,diagtransfer2_esat_none_10pct,95.37,-2.70,0.26,-2.44,0.20,-0.25
diagtransfer2_esat_aux_15pct,eurosat,resnet18,sgd,200,linear,none,,yes,energy-magnitude,layer3,1.0,0.0,15,3240,3,95.08,0.16,95.70,0.17,3,no,,diagtransfer2_esat_none_15pct,96.69,-1.60,0.10,-1.56,0.10,-0.05
diagtransfer2_esat_aux_1pct,eurosat,resnet18,sgd,200,linear,none,,yes,energy-magnitude,layer3,1.0,0.0,1,216,3,50.28,6.13,71.07,3.90,3,no,,diagtransfer2_esat_none_1pct,76.59,-26.31,3.56,-17.54,2.25,-8.78
diagtransfer2_esat_aux_20pct,eurosat,resnet18,sgd,200,linear,none,,yes,energy-magnitude,layer3,1.0,0.0,20,4320,3,96.38,0.06,96.78,0.01,3,no,,diagtransfer2_esat_none_20pct,97.40,-1.02,0.12,-1.10,0.04,0.09
diagtransfer2_esat_aux_25pct,eurosat,resnet18,sgd,200,linear,none,,yes,energy-magnitude,layer3,1.0,0.0,25,5400,3,97.14,0.11,97.49,0.09,3,no,,diagtransfer2_esat_none_25pct,97.75,-0.61,0.13,-0.57,0.08,-0.04
diagtransfer2_esat_aux_2pct,eurosat,resnet18,sgd,200,linear,none,,yes,energy-magnitude,layer3,1.0,0.0,2,432,3,76.31,1.09,84.70,0.28,3,no,,diagtransfer2_esat_none_2pct,83.46,-7.15,0.68,-6.57,0.20,-0.58
diagtransfer2_esat_aux_3pct,eurosat,resnet18,sgd,200,linear,none,,yes,energy-magnitude,layer3,1.0,0.0,3,648,3,81.23,2.33,87.43,1.46,3,no,,diagtransfer2_esat_none_3pct,86.99,-5.75,1.45,-5.19,0.88,-0.57
diagtransfer2_esat_aux_50pct,eurosat,resnet18,sgd,200,linear,none,,yes,energy-magnitude,layer3,1.0,0.0,50,10800,3,98.24,0.32,98.31,0.19,3,no,,diagtransfer2_esat_none_50pct,98.46,-0.22,0.19,-0.12,0.12,-0.10
diagtransfer2_esat_aux_7pct,eurosat,resnet18,sgd,200,linear,none,,yes,energy-magnitude,layer3,1.0,0.0,7,1512,3,89.93,0.82,92.21,0.56,3,no,,diagtransfer2_esat_none_7pct,93.59,-3.67,0.61,-3.04,0.38,-0.62
diagtransfer2_esat_none_100pct,eurosat,resnet18,sgd,200,linear,none,,yes,,,,,100,21600,3,98.79,0.11,98.81,0.02,3,no,,,,,,,,
diagtransfer2_esat_none_10pct,eurosat,resnet18,sgd,200,linear,none,,yes,,,,,10,2160,3,95.37,0.40,96.65,0.28,3,no,,,,,,,,
diagtransfer2_esat_none_15pct,eurosat,resnet18,sgd,200,linear,none,,yes,,,,,15,3240,3,96.69,0.05,97.25,0.06,3,no,,,,,,,,
diagtransfer2_esat_none_1pct,eurosat,resnet18,sgd,200,linear,none,,yes,,,,,1,216,3,76.59,0.67,88.61,0.07,3,no,,,,,,,,
diagtransfer2_esat_none_20pct,eurosat,resnet18,sgd,200,linear,none,,yes,,,,,20,4320,3,97.40,0.20,97.89,0.07,3,no,,,,,,,,
diagtransfer2_esat_none_25pct,eurosat,resnet18,sgd,200,linear,none,,yes,,,,,25,5400,3,97.75,0.19,98.06,0.10,3,no,,,,,,,,
diagtransfer2_esat_none_2pct,eurosat,resnet18,sgd,200,linear,none,,yes,,,,,2,432,3,83.46,0.46,91.27,0.21,3,no,,,,,,,,
diagtransfer2_esat_none_3pct,eurosat,resnet18,sgd,200,linear,none,,yes,,,,,3,648,3,86.99,0.92,92.61,0.42,3,no,,,,,,,,
diagtransfer2_esat_none_50pct,eurosat,resnet18,sgd,200,linear,none,,yes,,,,,50,10800,3,98.46,0.03,98.43,0.10,3,no,,,,,,,,
diagtransfer2_esat_none_7pct,eurosat,resnet18,sgd,200,linear,none,,yes,,,,,7,1512,3,93.59,0.65,95.25,0.33,3,no,,,,,,,,
diagtransfer2_food_aux_100pct,food101,resnet18,sgd,200,linear,none,,yes,energy-magnitude,layer3,1.0,0.0,100,75750,3,77.25,0.16,,,,no,,diagtransfer2_food_none_100pct,78.05,-0.80,0.10,,,
diagtransfer2_food_aux_10pct,food101,resnet18,sgd,200,linear,none,,yes,energy-magnitude,layer3,1.0,0.0,10,7575,3,38.28,2.52,44.17,2.25,3,no,,diagtransfer2_food_none_10pct,50.27,-11.99,1.54,-12.27,1.33,0.28
diagtransfer2_food_aux_15pct,food101,resnet18,sgd,200,linear,none,,yes,energy-magnitude,layer3,1.0,0.0,15,11362,3,48.30,5.37,51.70,4.93,3,no,,diagtransfer2_food_none_15pct,57.75,-9.45,3.11,-9.35,2.85,-0.10
diagtransfer2_food_aux_1pct,food101,resnet18,sgd,200,linear,none,,yes,energy-magnitude,layer3,1.0,0.0,1,758,3,4.25,1.14,12.85,2.98,3,no,,diagtransfer2_food_none_1pct,9.07,-4.82,0.71,-13.72,1.75,8.90
diagtransfer2_food_aux_20pct,food101,resnet18,sgd,200,linear,none,,yes,energy-magnitude,layer3,1.0,0.0,20,15150,3,55.18,3.00,57.56,2.98,3,no,,diagtransfer2_food_none_20pct,62.02,-6.84,1.75,-6.69,1.74,-0.15
diagtransfer2_food_aux_25pct,food101,resnet18,sgd,200,linear,none,,yes,energy-magnitude,layer3,1.0,0.0,25,18938,3,61.36,0.57,62.84,0.46,3,no,,diagtransfer2_food_none_25pct,64.43,-3.08,0.36,-3.29,0.29,0.22
diagtransfer2_food_aux_2pct,food101,resnet18,sgd,200,linear,none,,yes,energy-magnitude,layer3,1.0,0.0,2,1515,3,7.99,0.60,18.23,1.10,3,no,,diagtransfer2_food_none_2pct,13.78,-5.79,0.57,-11.74,0.73,5.95
diagtransfer2_food_aux_3pct,food101,resnet18,sgd,200,linear,none,,yes,energy-magnitude,layer3,1.0,0.0,3,2272,3,10.30,0.44,19.86,1.02,3,no,,diagtransfer2_food_none_3pct,20.30,-10.00,0.66,-15.86,0.65,5.86
diagtransfer2_food_aux_50pct,food101,resnet18,sgd,200,linear,none,,yes,energy-magnitude,layer3,1.0,0.0,50,37875,3,69.77,1.31,69.87,1.24,3,no,,diagtransfer2_food_none_50pct,72.20,-2.44,0.76,-2.38,0.72,-0.06
diagtransfer2_food_aux_5pct,food101,resnet18,sgd,200,linear,none,,yes,energy-magnitude,layer3,1.0,0.0,5,3788,3,19.37,0.69,29.14,1.22,3,no,,diagtransfer2_food_none_5pct,29.91,-10.54,0.50,-13.45,0.86,2.91
diagtransfer2_food_aux_7pct,food101,resnet18,sgd,200,linear,none,,yes,energy-magnitude,layer3,1.0,0.0,7,5302,3,26.26,3.61,34.81,4.06,3,no,,diagtransfer2_food_none_7pct,40.07,-13.81,2.17,-15.31,2.45,1.50
diagtransfer2_food_none_100pct,food101,resnet18,sgd,200,linear,none,,yes,,,,,100,75750,3,78.05,0.07,,,,no,,,,,,,,
diagtransfer2_food_none_10pct,food101,resnet18,sgd,200,linear,none,,yes,,,,,10,7575,3,50.27,0.88,56.44,0.48,3,no,,,,,,,,
diagtransfer2_food_none_15pct,food101,resnet18,sgd,200,linear,none,,yes,,,,,15,11362,3,57.75,0.38,61.05,0.18,3,no,,,,,,,,
diagtransfer2_food_none_1pct,food101,resnet18,sgd,200,linear,none,,yes,,,,,1,758,3,9.07,0.47,26.57,0.52,3,no,,,,,,,,
diagtransfer2_food_none_20pct,food101,resnet18,sgd,200,linear,none,,yes,,,,,20,15150,3,62.02,0.38,64.25,0.46,3,no,,,,,,,,
diagtransfer2_food_none_25pct,food101,resnet18,sgd,200,linear,none,,yes,,,,,25,18938,3,64.43,0.27,66.14,0.19,3,no,,,,,,,,
diagtransfer2_food_none_2pct,food101,resnet18,sgd,200,linear,none,,yes,,,,,2,1515,3,13.78,0.79,29.98,0.63,3,no,,,,,,,,
diagtransfer2_food_none_3pct,food101,resnet18,sgd,200,linear,none,,yes,,,,,3,2272,3,20.30,1.05,35.72,0.47,3,no,,,,,,,,
diagtransfer2_food_none_50pct,food101,resnet18,sgd,200,linear,none,,yes,,,,,50,37875,3,72.20,0.12,72.25,0.09,3,no,,,,,,,,
diagtransfer2_food_none_5pct,food101,resnet18,sgd,200,linear,none,,yes,,,,,5,3788,3,29.91,0.52,42.59,0.85,3,no,,,,,,,,
diagtransfer2_food_none_7pct,food101,resnet18,sgd,200,linear,none,,yes,,,,,7,5302,3,40.07,1.07,50.13,1.22,3,no,,,,,,,,
diagtransfer2_path_aux_100pct,pathmnist,resnet18,sgd,200,linear,none,,yes,energy-magnitude,layer3,1.0,0.0,100,89996,3,86.14,0.79,87.44,0.68,3,no,,diagtransfer2_path_none_100pct,88.23,-2.08,0.88,-1.62,0.77,-0.46
diagtransfer2_path_aux_10pct,pathmnist,resnet18,sgd,200,linear,none,,yes,energy-magnitude,layer3,1.0,0.0,10,9000,3,93.38,0.36,90.85,1.01,3,no,,diagtransfer2_path_none_10pct,93.79,-0.41,0.47,0.04,0.85,-0.45
diagtransfer2_path_aux_15pct,pathmnist,resnet18,sgd,200,linear,none,,yes,energy-magnitude,layer3,1.0,0.0,15,13499,3,92.67,0.57,90.06,0.79,3,no,,diagtransfer2_path_none_15pct,93.20,-0.53,0.42,-0.46,0.73,-0.06
diagtransfer2_path_aux_1pct,pathmnist,resnet18,sgd,200,linear,none,,yes,energy-magnitude,layer3,1.0,0.0,1,900,3,82.86,1.26,83.98,1.37,3,no,,diagtransfer2_path_none_1pct,90.01,-7.15,1.55,-4.74,1.70,-2.41
diagtransfer2_path_aux_20pct,pathmnist,resnet18,sgd,200,linear,none,,yes,energy-magnitude,layer3,1.0,0.0,20,17999,3,91.27,1.59,89.64,1.93,3,no,,diagtransfer2_path_none_20pct,92.36,-1.09,1.12,-0.07,1.12,-1.02
diagtransfer2_path_aux_25pct,pathmnist,resnet18,sgd,200,linear,none,,yes,energy-magnitude,layer3,1.0,0.0,25,22499,3,90.03,1.56,87.54,0.93,3,no,,diagtransfer2_path_none_25pct,91.43,-1.40,0.97,-1.33,0.81,-0.07
diagtransfer2_path_aux_2pct,pathmnist,resnet18,sgd,200,linear,none,,yes,energy-magnitude,layer3,1.0,0.0,2,1800,3,88.79,1.34,87.71,0.65,3,no,,diagtransfer2_path_none_2pct,92.25,-3.46,1.05,-2.90,0.61,-0.56
diagtransfer2_path_aux_3pct,pathmnist,resnet18,sgd,200,linear,none,,yes,energy-magnitude,layer3,1.0,0.0,3,2700,3,90.09,0.61,89.79,1.35,3,no,,diagtransfer2_path_none_3pct,92.65,-2.56,0.39,-2.05,1.01,-0.51
diagtransfer2_path_aux_50pct,pathmnist,resnet18,sgd,200,linear,none,,yes,energy-magnitude,layer3,1.0,0.0,50,44998,3,89.07,0.85,88.43,0.84,3,no,,diagtransfer2_path_none_50pct,90.94,-1.87,0.59,-2.32,0.54,0.45
diagtransfer2_path_aux_7pct,pathmnist,resnet18,sgd,200,linear,none,,yes,energy-magnitude,layer3,1.0,0.0,7,6300,3,93.09,0.97,91.80,0.39,3,no,,diagtransfer2_path_none_7pct,94.21,-1.12,0.68,-0.41,0.35,-0.71
diagtransfer2_path_none_100pct,pathmnist,resnet18,sgd,200,linear,none,,yes,,,,,100,89996,3,88.23,1.29,89.06,1.15,3,no,,,,,,,,
diagtransfer2_path_none_10pct,pathmnist,resnet18,sgd,200,linear,none,,yes,,,,,10,9000,3,93.79,0.72,90.81,1.06,3,no,,,,,,,,
diagtransfer2_path_none_15pct,pathmnist,resnet18,sgd,200,linear,none,,yes,,,,,15,13499,3,93.20,0.45,90.52,1.00,3,no,,,,,,,,
diagtransfer2_path_none_1pct,pathmnist,resnet18,sgd,200,linear,none,,yes,,,,,1,900,3,90.01,2.37,88.72,2.60,3,no,,,,,,,,
diagtransfer2_path_none_20pct,pathmnist,resnet18,sgd,200,linear,none,,yes,,,,,20,17999,3,92.36,1.11,89.71,0.13,3,no,,,,,,,,
diagtransfer2_path_none_25pct,pathmnist,resnet18,sgd,200,linear,none,,yes,,,,,25,22499,3,91.43,0.63,88.87,1.06,3,no,,,,,,,,
diagtransfer2_path_none_2pct,pathmnist,resnet18,sgd,200,linear,none,,yes,,,,,2,1800,3,92.25,1.24,90.61,0.83,3,no,,,,,,,,
diagtransfer2_path_none_3pct,pathmnist,resnet18,sgd,200,linear,none,,yes,,,,,3,2700,3,92.65,0.30,91.84,1.10,3,no,,,,,,,,
diagtransfer2_path_none_50pct,pathmnist,resnet18,sgd,200,linear,none,,yes,,,,,50,44998,3,90.94,0.56,90.75,0.40,3,no,,,,,,,,
diagtransfer2_path_none_7pct,pathmnist,resnet18,sgd,200,linear,none,,yes,,,,,7,6300,3,94.21,0.68,92.21,0.46,3,no,,,,,,,,
diagtransfer2_stl_aux_100pct,stl10,resnet18,sgd,200,linear,none,,yes,energy-magnitude,layer3,1.0,0.0,100,5000,3,82.98,3.09,82.71,3.16,3,no,,diagtransfer2_stl_none_100pct,94.67,-11.69,1.80,-12.00,1.85,0.31
diagtransfer2_stl_aux_10pct,stl10,resnet18,sgd,200,linear,none,,yes,energy-magnitude,layer3,1.0,0.0,10,500,3,43.10,3.29,47.34,2.79,3,no,,diagtransfer2_stl_none_10pct,58.01,-14.90,2.02,-14.54,1.79,-0.37
diagtransfer2_stl_aux_15pct,stl10,resnet18,sgd,200,linear,none,,yes,energy-magnitude,layer3,1.0,0.0,15,750,3,48.20,2.95,50.47,2.26,3,no,,diagtransfer2_stl_none_15pct,68.07,-19.87,2.05,-20.41,2.11,0.54
diagtransfer2_stl_aux_20pct,stl10,resnet18,sgd,200,linear,none,,yes,energy-magnitude,layer3,1.0,0.0,20,1000,3,54.34,3.56,55.30,2.50,3,no,,diagtransfer2_stl_none_20pct,76.18,-21.84,2.85,-22.15,2.74,0.31
diagtransfer2_stl_aux_25pct,stl10,resnet18,sgd,200,linear,none,,yes,energy-magnitude,layer3,1.0,0.0,25,1250,3,58.22,2.28,58.09,1.51,3,no,,diagtransfer2_stl_none_25pct,81.95,-23.73,1.95,-25.13,1.76,1.40
diagtransfer2_stl_aux_3pct,stl10,resnet18,sgd,200,linear,none,,yes,energy-magnitude,layer3,1.0,0.0,3,150,3,16.33,2.26,24.25,5.07,3,no,,diagtransfer2_stl_none_3pct,39.90,-23.56,1.35,-28.46,3.03,4.90
diagtransfer2_stl_aux_50pct,stl10,resnet18,sgd,200,linear,none,,yes,energy-magnitude,layer3,1.0,0.0,50,2500,3,70.45,0.68,68.45,1.19,3,no,,diagtransfer2_stl_none_50pct,90.60,-20.14,0.82,-22.46,0.93,2.32
diagtransfer2_stl_aux_5pct,stl10,resnet18,sgd,200,linear,none,,yes,energy-magnitude,layer3,1.0,0.0,5,250,3,24.03,5.03,28.28,4.76,3,no,,diagtransfer2_stl_none_5pct,47.23,-23.20,3.31,-27.19,3.02,3.99
diagtransfer2_stl_aux_7pct,stl10,resnet18,sgd,200,linear,none,,yes,energy-magnitude,layer3,1.0,0.0,7,350,3,34.41,0.82,41.52,0.89,3,no,,diagtransfer2_stl_none_7pct,50.12,-15.71,0.83,-16.45,1.12,0.74
diagtransfer2_stl_none_100pct,stl10,resnet18,sgd,200,linear,none,,yes,,,,,100,5000,3,94.67,0.35,94.71,0.51,3,no,,,,,,,,
diagtransfer2_stl_none_10pct,stl10,resnet18,sgd,200,linear,none,,yes,,,,,10,500,3,58.01,1.17,61.88,1.33,3,no,,,,,,,,
diagtransfer2_stl_none_15pct,stl10,resnet18,sgd,200,linear,none,,yes,,,,,15,750,3,68.07,1.97,70.88,2.88,3,no,,,,,,,,
diagtransfer2_stl_none_20pct,stl10,resnet18,sgd,200,linear,none,,yes,,,,,20,1000,3,76.18,3.41,77.46,4.03,3,no,,,,,,,,
diagtransfer2_stl_none_25pct,stl10,resnet18,sgd,200,linear,none,,yes,,,,,25,1250,3,81.95,2.50,83.22,2.64,3,no,,,,,,,,
diagtransfer2_stl_none_3pct,stl10,resnet18,sgd,200,linear,none,,yes,,,,,3,150,3,39.90,0.61,52.72,1.35,3,no,,,,,,,,
diagtransfer2_stl_none_50pct,stl10,resnet18,sgd,200,linear,none,,yes,,,,,50,2500,3,90.60,1.25,90.91,1.09,3,no,,,,,,,,
diagtransfer2_stl_none_5pct,stl10,resnet18,sgd,200,linear,none,,yes,,,,,5,250,3,47.23,2.75,55.47,2.16,3,no,,,,,,,,
diagtransfer2_stl_none_7pct,stl10,resnet18,sgd,200,linear,none,,yes,,,,,7,350,3,50.12,1.17,57.98,1.73,3,no,,,,,,,,
diagtransfer2_tin_aux_100pct,tin,resnet18,sgd,200,linear,none,,yes,energy-magnitude,layer3,1.0,0.0,100,100000,3,65.81,0.49,65.48,0.53,3,no,,diagtransfer2_tin_none_100pct,66.37,-0.56,0.38,-0.62,0.41,0.06
diagtransfer2_tin_aux_10pct,tin,resnet18,sgd,200,linear,none,,yes,energy-magnitude,layer3,1.0,0.0,10,10000,3,24.74,21.00,28.35,24.12,3,no,1/3 seeds at chance,diagtransfer2_tin_none_10pct,48.44,-23.70,12.16,-25.14,13.94,1.44
diagtransfer2_tin_aux_15pct,tin,resnet18,sgd,200,linear,none,,yes,energy-magnitude,layer3,1.0,0.0,15,15000,3,42.10,1.47,45.63,1.27,3,no,,diagtransfer2_tin_none_15pct,51.52,-9.42,1.04,-8.58,0.83,-0.84
diagtransfer2_tin_aux_1pct,tin,resnet18,sgd,200,linear,none,,yes,energy-magnitude,layer3,1.0,0.0,1,1000,3,4.98,0.08,17.80,0.85,3,no,,diagtransfer2_tin_none_1pct,8.54,-3.56,0.37,-11.62,0.85,8.05
diagtransfer2_tin_aux_20pct,tin,resnet18,sgd,200,linear,none,,yes,energy-magnitude,layer3,1.0,0.0,20,20000,3,47.76,1.56,50.19,1.42,3,no,,diagtransfer2_tin_none_20pct,52.76,-5.00,0.95,-4.65,0.88,-0.35
diagtransfer2_tin_aux_25pct,tin,resnet18,sgd,200,linear,none,,yes,energy-magnitude,layer3,1.0,0.0,25,25000,3,49.52,1.77,51.22,1.38,3,no,,diagtransfer2_tin_none_25pct,54.74,-5.22,1.12,-5.28,0.82,0.06
diagtransfer2_tin_aux_2pct,tin,resnet18,sgd,200,linear,none,,yes,energy-magnitude,layer3,1.0,0.0,2,2000,3,8.05,0.47,21.74,1.51,3,no,,diagtransfer2_tin_none_2pct,17.34,-9.29,0.78,-17.33,1.33,8.04
diagtransfer2_tin_aux_3pct,tin,resnet18,sgd,200,linear,none,,yes,energy-magnitude,layer3,1.0,0.0,3,3000,3,11.97,0.12,25.12,0.18,3,no,,diagtransfer2_tin_none_3pct,24.83,-12.86,2.10,-19.31,2.39,6.45
diagtransfer2_tin_aux_50pct,tin,resnet18,sgd,200,linear,none,,yes,energy-magnitude,layer3,1.0,0.0,50,50000,3,58.43,0.58,57.94,0.62,3,no,,diagtransfer2_tin_none_50pct,60.84,-2.41,0.35,-2.64,0.39,0.23
diagtransfer2_tin_aux_5pct,tin,resnet18,sgd,200,linear,none,,yes,energy-magnitude,layer3,1.0,0.0,5,5000,3,19.75,0.69,30.95,0.97,3,no,,diagtransfer2_tin_none_5pct,36.65,-16.91,0.75,-19.10,0.68,2.19
diagtransfer2_tin_aux_7pct,tin,resnet18,sgd,200,linear,none,,yes,energy-magnitude,layer3,1.0,0.0,7,7000,3,27.53,1.36,36.14,1.40,3,no,,diagtransfer2_tin_none_7pct,47.66,-20.13,2.78,-20.42,2.46,0.29
diagtransfer2_tin_none_100pct,tin,resnet18,sgd,200,linear,none,,yes,,,,,100,100000,3,66.37,0.43,66.10,0.49,3,no,,,,,,,,
diagtransfer2_tin_none_10pct,tin,resnet18,sgd,200,linear,none,,yes,,,,,10,10000,3,48.44,1.53,53.49,1.11,3,no,,,,,,,,
diagtransfer2_tin_none_15pct,tin,resnet18,sgd,200,linear,none,,yes,,,,,15,15000,3,51.52,1.05,54.21,0.68,3,no,,,,,,,,
diagtransfer2_tin_none_1pct,tin,resnet18,sgd,200,linear,none,,yes,,,,,1,1000,3,8.54,0.64,29.41,1.20,3,no,,,,,,,,
diagtransfer2_tin_none_20pct,tin,resnet18,sgd,200,linear,none,,yes,,,,,20,20000,3,52.76,0.51,54.84,0.57,3,no,,,,,,,,
diagtransfer2_tin_none_25pct,tin,resnet18,sgd,200,linear,none,,yes,,,,,25,25000,3,54.74,0.81,56.49,0.30,3,no,,,,,,,,
diagtransfer2_tin_none_2pct,tin,resnet18,sgd,200,linear,none,,yes,,,,,2,2000,3,17.34,1.27,39.07,1.74,3,no,,,,,,,,
diagtransfer2_tin_none_3pct,tin,resnet18,sgd,200,linear,none,,yes,,,,,3,3000,3,24.83,3.63,44.43,4.14,3,no,,,,,,,,
diagtransfer2_tin_none_50pct,tin,resnet18,sgd,200,linear,none,,yes,,,,,50,50000,3,60.84,0.14,60.58,0.26,3,no,,,,,,,,
diagtransfer2_tin_none_5pct,tin,resnet18,sgd,200,linear,none,,yes,,,,,5,5000,3,36.65,1.10,50.05,0.66,3,no,,,,,,,,
diagtransfer2_tin_none_7pct,tin,resnet18,sgd,200,linear,none,,yes,,,,,7,7000,3,47.66,4.63,56.56,4.02,3,no,,,,,,,,
diagtransfer_c100_aux_5pct,cifar100,resnet18,sgd,200,linear,none,,yes,energy-magnitude,layer3,1.0,0.0,5,2500,3,25.03,2.77,35.76,2.26,3,no,,diagtransfer_c100_base_5pct,39.55,-14.52,3.49,-15.31,3.01,0.79
diagtransfer_c100_base_5pct,cifar100,resnet18,sgd,200,linear,none,,yes,,,,,5,2500,3,39.55,5.38,51.07,4.70,3,no,,,,,,,,
diagtransfer_cub_aux_100pct,cub,resnet18,sgd,200,linear,none,,yes,energy-magnitude,layer3,1.0,0.0,100,5994,3,47.16,3.33,46.31,3.11,3,no,,diagtransfer_cub_base_100pct,54.53,-7.37,2.00,-7.78,1.93,0.41
diagtransfer_cub_base_100pct,cub,resnet18,sgd,200,linear,none,,yes,,,,,100,5994,3,54.53,0.97,54.08,1.25,3,no,,,,,,,,
diagtransfer_eurosat_aux_5pct,eurosat,resnet18,sgd,200,linear,none,,yes,energy-magnitude,layer3,1.0,0.0,5,1080,3,88.08,0.56,91.47,0.35,3,no,,diagtransfer_eurosat_base_5pct,92.42,-4.34,0.33,-3.50,0.32,-0.84
diagtransfer_eurosat_base_5pct,eurosat,resnet18,sgd,200,linear,none,,yes,,,,,5,1080,3,92.42,0.10,94.97,0.42,3,no,,,,,,,,
diagtransfer_pathmnist_aux_5pct,pathmnist,resnet18,sgd,200,linear,none,,yes,energy-magnitude,layer3,1.0,0.0,5,4500,3,92.00,0.41,91.66,0.24,3,no,,diagtransfer_pathmnist_base_5pct,93.53,-1.53,0.48,-0.67,0.51,-0.86
diagtransfer_pathmnist_base_5pct,pathmnist,resnet18,sgd,200,linear,none,,yes,,,,,5,4500,3,93.53,0.72,92.33,0.84,3,no,,,,,,,,
diagvit_aux_100pct,cifar100,vit_tiny,adamw,200,linear,none,,,energy-magnitude,blocks.8,1.0,0.0,100,50000,3,60.50,0.64,60.62,0.55,3,no,,diagvit_none_100pct,50.61,9.88,0.47,9.82,0.47,0.07
diagvit_aux_10pct,cifar100,vit_tiny,adamw,200,linear,none,,,energy-magnitude,blocks.8,1.0,0.0,10,5000,3,29.74,0.29,39.44,0.24,3,no,,diagvit_none_10pct,16.47,13.26,0.33,15.02,0.47,-1.75
diagvit_aux_15pct,cifar100,vit_tiny,adamw,200,linear,none,,,energy-magnitude,blocks.8,1.0,0.0,15,7500,3,35.68,0.29,43.28,0.21,3,no,,diagvit_none_15pct,21.23,14.44,0.35,15.45,0.25,-1.01
diagvit_aux_1pct,cifar100,vit_tiny,adamw,200,linear,none,,,energy-magnitude,blocks.8,1.0,0.0,1,500,3,7.80,0.21,21.76,0.89,3,no,,diagvit_none_1pct,6.40,1.40,0.24,4.99,0.53,-3.60
diagvit_aux_25pct,cifar100,vit_tiny,adamw,200,linear,none,,,energy-magnitude,blocks.8,1.0,0.0,25,12500,3,42.17,0.57,47.63,0.25,3,no,,diagvit_none_25pct,28.50,13.67,0.49,13.88,0.31,-0.20
diagvit_aux_2pct,cifar100,vit_tiny,adamw,200,linear,none,,,energy-magnitude,blocks.8,1.0,0.0,2,1000,3,12.15,0.07,25.16,0.36,3,no,,diagvit_none_2pct,8.91,3.25,0.25,6.76,0.42,-3.51
diagvit_aux_3pct,cifar100,vit_tiny,adamw,200,linear,none,,,energy-magnitude,blocks.8,1.0,0.0,3,1500,3,16.19,0.37,28.56,0.50,3,no,,diagvit_none_3pct,9.97,6.21,0.23,10.10,0.35,-3.89
diagvit_aux_5pct,cifar100,vit_tiny,adamw,200,linear,none,,,energy-magnitude,blocks.8,1.0,0.0,5,2500,3,21.60,0.51,33.35,0.23,3,no,,diagvit_none_5pct,12.25,9.35,0.56,12.96,0.56,-3.61
diagvit_aux_7pct,cifar100,vit_tiny,adamw,200,linear,none,,,energy-magnitude,blocks.8,1.0,0.0,7,3500,3,25.34,0.24,35.97,0.49,3,no,,diagvit_none_7pct,14.35,10.99,0.26,13.75,0.35,-2.76
diagvit_aux_tin_100pct,tin,vit_tiny,adamw,200,linear,none,,,energy-magnitude,blocks.8,1.0,0.0,100,100000,3,41.98,0.64,42.31,0.60,3,no,,diagvit_none_tin_100pct,34.81,7.17,0.45,7.16,0.41,0.00
diagvit_aux_tin_10pct,tin,vit_tiny,adamw,200,linear,none,,,energy-magnitude,blocks.8,1.0,0.0,10,10000,3,17.75,0.18,25.91,0.44,3,no,,diagvit_none_tin_10pct,8.60,9.15,0.26,11.72,0.36,-2.57
diagvit_aux_tin_15pct,tin,vit_tiny,adamw,200,linear,none,,,energy-magnitude,blocks.8,1.0,0.0,15,15000,3,21.64,0.32,28.25,0.21,3,no,,diagvit_none_tin_15pct,10.92,10.73,0.34,11.96,0.40,-1.23
diagvit_aux_tin_1pct,tin,vit_tiny,adamw,200,linear,none,,,energy-magnitude,blocks.8,1.0,0.0,1,1000,3,4.73,0.13,14.66,0.15,3,no,,diagvit_none_tin_1pct,3.45,1.28,0.08,4.77,0.16,-3.49
diagvit_aux_tin_25pct,tin,vit_tiny,adamw,200,linear,none,,,energy-magnitude,blocks.8,1.0,0.0,25,25000,3,26.35,0.55,31.11,0.35,3,no,,diagvit_none_tin_25pct,15.86,10.48,0.60,10.62,0.74,-0.14
diagvit_aux_tin_2pct,tin,vit_tiny,adamw,200,linear,none,,,energy-magnitude,blocks.8,1.0,0.0,2,2000,3,7.46,0.12,17.00,0.60,3,no,,diagvit_none_tin_2pct,4.17,3.29,0.08,6.79,0.41,-3.50
diagvit_aux_tin_5pct,tin,vit_tiny,adamw,200,linear,none,,,energy-magnitude,blocks.8,1.0,0.0,5,5000,3,12.79,0.21,22.24,0.48,3,no,,diagvit_none_tin_5pct,6.02,6.77,0.16,10.22,0.36,-3.45
diagvit_none_100pct,cifar100,vit_tiny,adamw,200,linear,none,,,,,,,100,50000,3,50.61,0.51,50.80,0.60,3,no,,,,,,,,
diagvit_none_10pct,cifar100,vit_tiny,adamw,200,linear,none,,,,,,,10,5000,3,16.47,0.50,24.43,0.78,3,no,,,,,,,,
diagvit_none_15pct,cifar100,vit_tiny,adamw,200,linear,none,,,,,,,15,7500,3,21.23,0.54,27.83,0.39,3,no,,,,,,,,
diagvit_none_1pct,cifar100,vit_tiny,adamw,200,linear,none,,,,,,,1,500,3,6.40,0.36,16.76,0.23,3,no,,,,,,,,
diagvit_none_25pct,cifar100,vit_tiny,adamw,200,linear,none,,,,,,,25,12500,3,28.50,0.63,33.75,0.47,3,no,,,,,,,,
diagvit_none_2pct,cifar100,vit_tiny,adamw,200,linear,none,,,,,,,2,1000,3,8.91,0.43,18.40,0.63,3,no,,,,,,,,
diagvit_none_3pct,cifar100,vit_tiny,adamw,200,linear,none,,,,,,,3,1500,3,9.97,0.15,18.46,0.34,3,no,,,,,,,,
diagvit_none_5pct,cifar100,vit_tiny,adamw,200,linear,none,,,,,,,5,2500,3,12.25,0.83,20.39,0.95,3,no,,,,,,,,
diagvit_none_7pct,cifar100,vit_tiny,adamw,200,linear,none,,,,,,,7,3500,3,14.35,0.39,22.22,0.35,3,no,,,,,,,,
diagvit_none_tin_100pct,tin,vit_tiny,adamw,200,linear,none,,,,,,,100,100000,3,34.81,0.45,35.14,0.38,3,no,,,,,,,,
diagvit_none_tin_10pct,tin,vit_tiny,adamw,200,linear,none,,,,,,,10,10000,3,8.60,0.41,14.19,0.46,3,no,,,,,,,,
diagvit_none_tin_15pct,tin,vit_tiny,adamw,200,linear,none,,,,,,,15,15000,3,10.92,0.49,16.29,0.66,3,no,,,,,,,,
diagvit_none_tin_1pct,tin,vit_tiny,adamw,200,linear,none,,,,,,,1,1000,3,3.45,0.07,9.89,0.23,3,no,,,,,,,,
diagvit_none_tin_25pct,tin,vit_tiny,adamw,200,linear,none,,,,,,,25,25000,3,15.86,0.89,20.49,1.24,3,no,,,,,,,,
diagvit_none_tin_2pct,tin,vit_tiny,adamw,200,linear,none,,,,,,,2,2000,3,4.17,0.08,10.21,0.38,3,no,,,,,,,,
diagvit_none_tin_5pct,tin,vit_tiny,adamw,200,linear,none,,,,,,,5,5000,3,6.02,0.17,12.02,0.40,3,no,,,,,,,,
eninv_100pct,cifar100,resnet18,sgd,200,linear,energy-invariants,,,,,,,100,50000,3,77.39,0.33,77.25,0.36,3,yes,,ablf_none,78.52,-1.13,0.21,,,
eninv_10pct,cifar100,resnet18,sgd,200,linear,energy-invariants,,,,,,,10,5000,3,30.83,0.90,39.82,0.50,3,yes,,abl10_none,40.28,-9.45,0.55,-8.12,0.33,-1.33
eninv_15pct,cifar100,resnet18,sgd,200,linear,energy-invariants,,,,,,,15,7500,3,39.24,0.22,44.12,0.19,3,yes,,abl15_none,50.09,-10.85,0.29,-10.50,0.23,-0.35
eninv_1pct,cifar100,resnet18,sgd,200,linear,energy-invariants,,,,,,,1,500,3,9.37,0.16,28.50,0.47,3,yes,,abl1_none,8.95,0.41,0.10,1.88,0.29,-1.47
eninv_25pct,cifar100,resnet18,sgd,200,linear,energy-invariants,,,,,,,25,12500,3,50.96,1.98,53.18,2.22,3,yes,,abl25_none,61.35,-10.39,1.17,-10.01,1.29,-0.38
eninv_2pct,cifar100,resnet18,sgd,200,linear,energy-invariants,,,,,,,2,1000,3,14.09,0.07,30.62,0.43,3,yes,,abl2_none,14.17,-0.08,0.10,0.79,0.36,-0.87
eninv_3pct,cifar100,resnet18,sgd,200,linear,energy-invariants,,,,,,,3,1500,3,18.10,0.31,32.63,0.29,3,yes,,abl3_none,18.47,-0.37,0.18,-0.14,0.20,-0.22
eninv_5pct,cifar100,resnet18,sgd,200,linear,energy-invariants,,,,,,,5,2500,3,21.84,1.65,36.03,0.36,3,yes,,abl5_none,25.36,-3.53,0.97,-1.19,0.26,-2.34
eninv_7pct,cifar100,resnet18,sgd,200,linear,energy-invariants,,,,,,,7,3500,3,23.30,6.45,37.26,0.66,3,yes,,abl7_none,32.09,-8.79,3.74,-4.98,0.49,-3.81
enmag_100pct,cifar100,resnet18,sgd,200,linear,energy-magnitude,,,,,,,100,50000,3,76.49,0.38,76.40,0.40,3,yes,,ablf_none,78.52,-2.03,0.24,,,
enmag_10pct,cifar100,resnet18,sgd,200,linear,energy-magnitude,,,,,,,10,5000,3,38.44,0.51,,,,yes,,abl10_none,40.28,-1.84,0.35,,,
enmag_15pct,cifar100,resnet18,sgd,200,linear,energy-magnitude,,,,,,,15,7500,3,45.33,0.63,,,,yes,,abl15_none,50.09,-4.76,0.45,,,
enmag_1pct,cifar100,resnet18,sgd,200,linear,energy-magnitude,,,,,,,1,500,3,11.45,0.24,,,,yes,,abl1_none,8.95,2.49,0.14,,,
enmag_25pct,cifar100,resnet18,sgd,200,linear,energy-magnitude,,,,,,,25,12500,3,53.92,0.33,,,,yes,,abl25_none,61.35,-7.43,0.33,,,
enmag_2pct,cifar100,resnet18,sgd,200,linear,energy-magnitude,,,,,,,2,1000,3,17.70,0.46,,,,yes,,abl2_none,14.17,3.52,0.28,,,
enmag_3pct,cifar100,resnet18,sgd,200,linear,energy-magnitude,,,,,,,3,1500,3,21.46,0.21,,,,yes,,abl3_none,18.47,2.99,0.13,,,
enmag_5pct,cifar100,resnet18,sgd,200,linear,energy-magnitude,,,,,,,5,2500,3,28.57,0.31,,,,yes,,abl5_none,25.36,3.21,0.25,,,
enmag_7pct,cifar100,resnet18,sgd,200,linear,energy-magnitude,,,,,,,7,3500,3,32.87,0.27,,,,yes,,abl7_none,32.09,0.78,0.43,,,
enrot_100pct,cifar100,resnet18,sgd,200,linear,energy-rotinv,,,,,,,100,50000,3,77.09,0.33,77.04,0.40,3,yes,,ablf_none,78.52,-1.42,0.21,,,
enrot_10pct,cifar100,resnet18,sgd,200,linear,energy-rotinv,,,,,,,10,5000,3,34.54,0.23,,,,yes,,abl10_none,40.28,-5.74,0.22,,,
enrot_15pct,cifar100,resnet18,sgd,200,linear,energy-rotinv,,,,,,,15,7500,3,41.10,0.14,45.84,0.41,3,yes,,abl15_none,50.09,-8.99,0.27,-8.78,0.31,-0.21
enrot_1pct,cifar100,resnet18,sgd,200,linear,energy-rotinv,,,,,,,1,500,3,9.87,0.18,,,,yes,,abl1_none,8.95,0.92,0.11,,,
enrot_25pct,cifar100,resnet18,sgd,200,linear,energy-rotinv,,,,,,,25,12500,3,49.48,0.31,52.14,0.43,3,yes,,abl25_none,61.35,-11.87,0.32,-11.04,0.27,-0.82
enrot_2pct,cifar100,resnet18,sgd,200,linear,energy-rotinv,,,,,,,2,1000,3,14.88,0.45,32.18,0.42,3,yes,,abl2_none,14.17,0.71,0.27,2.35,0.35,-1.64
enrot_3pct,cifar100,resnet18,sgd,200,linear,energy-rotinv,,,,,,,3,1500,3,19.12,0.02,33.81,0.05,3,yes,,abl3_none,18.47,0.65,0.04,1.04,0.11,-0.39
enrot_5pct,cifar100,resnet18,sgd,200,linear,energy-rotinv,,,,,,,5,2500,3,25.68,0.10,,,,yes,,abl5_none,25.36,0.32,0.19,,,
enrot_7pct,cifar100,resnet18,sgd,200,linear,energy-rotinv,,,,,,,7,3500,3,29.31,0.41,38.86,0.49,3,yes,,abl7_none,32.09,-2.78,0.46,-3.38,0.42,0.60
enste_100pct,cifar100,resnet18,sgd,200,linear,energy-steerable,,,,,,,100,50000,3,77.43,0.20,77.21,0.29,3,yes,,ablf_none,78.52,-1.09,0.15,,,
enste_10pct,cifar100,resnet18,sgd,200,linear,energy-steerable,,,,,,,10,5000,3,35.36,0.25,,,,yes,,abl10_none,40.28,-4.92,0.23,,,
enste_15pct,cifar100,resnet18,sgd,200,linear,energy-steerable,,,,,,,15,7500,3,41.69,0.14,46.59,0.19,3,yes,,abl15_none,50.09,-8.40,0.27,-8.04,0.23,-0.37
enste_1pct,cifar100,resnet18,sgd,200,linear,energy-steerable,,,,,,,1,500,3,10.77,0.31,,,,yes,,abl1_none,8.95,1.81,0.18,,,
enste_25pct,cifar100,resnet18,sgd,200,linear,energy-steerable,,,,,,,25,12500,3,50.28,0.23,52.46,0.14,3,yes,,abl25_none,61.35,-11.07,0.30,-10.73,0.14,-0.35
enste_2pct,cifar100,resnet18,sgd,200,linear,energy-steerable,,,,,,,2,1000,3,15.86,0.30,,,,yes,,abl2_none,14.17,1.69,0.19,,,
enste_3pct,cifar100,resnet18,sgd,200,linear,energy-steerable,,,,,,,3,1500,3,20.28,0.25,,,,yes,,abl3_none,18.47,1.81,0.15,,,
enste_5pct,cifar100,resnet18,sgd,200,linear,energy-steerable,,,,,,,5,2500,3,26.73,0.23,,,,yes,,abl5_none,25.36,1.37,0.22,,,
enste_7pct,cifar100,resnet18,sgd,200,linear,energy-steerable,,,,,,,7,3500,3,31.04,0.57,,,,yes,,abl7_none,32.09,-1.05,0.52,,,
enstr_100pct,cifar100,resnet18,sgd,200,linear,energy-structure,,,,,,,100,50000,3,77.48,0.18,77.39,0.42,3,yes,,ablf_none,78.52,-1.03,0.14,,,
enstr_10pct,cifar100,resnet18,sgd,200,linear,energy-structure,,,,,,,10,5000,3,34.98,0.20,,,,yes,,abl10_none,40.28,-5.30,0.21,,,
enstr_15pct,cifar100,resnet18,sgd,200,linear,energy-structure,,,,,,,15,7500,3,42.28,0.25,47.38,0.46,3,yes,,abl15_none,50.09,-7.81,0.30,-7.24,0.33,-0.57
enstr_1pct,cifar100,resnet18,sgd,200,linear,energy-structure,,,,,,,1,500,3,9.37,0.28,,,,yes,,abl1_none,8.95,0.42,0.17,,,
enstr_25pct,cifar100,resnet18,sgd,200,linear,energy-structure,,,,,,,25,12500,3,52.69,1.82,54.44,1.86,3,yes,,abl25_none,61.35,-8.66,1.09,-8.74,1.08,0.09
enstr_2pct,cifar100,resnet18,sgd,200,linear,energy-structure,,,,,,,2,1000,3,14.40,0.28,31.68,0.17,3,yes,,abl2_none,14.17,0.23,0.18,1.85,0.28,-1.63
enstr_3pct,cifar100,resnet18,sgd,200,linear,energy-structure,,,,,,,3,1500,3,18.68,0.24,33.37,0.49,3,yes,,abl3_none,18.47,0.21,0.14,0.60,0.31,-0.40
enstr_5pct,cifar100,resnet18,sgd,200,linear,energy-structure,,,,,,,5,2500,3,24.96,0.29,,,,yes,,abl5_none,25.36,-0.40,0.24,,,
enstr_7pct,cifar100,resnet18,sgd,200,linear,energy-structure,,,,,,,7,3500,3,29.68,0.33,38.98,0.20,3,yes,,abl7_none,32.09,-2.42,0.44,-3.27,0.33,0.85
gl10_gaborlearn,cifar100,resnet18,sgd,200,linear,gabor-learn,,,,,,,10,5000,3,37.23,1.25,,,,yes,,abl10_none,40.28,-3.05,0.75,,,
gl15_gaborlearn,cifar100,resnet18,sgd,200,linear,gabor-learn,,,,,,,15,7500,3,46.16,0.47,,,,yes,,abl15_none,50.09,-3.93,0.37,,,
gl1_gaborlearn,cifar100,resnet18,sgd,200,linear,gabor-learn,,,,,,,1,500,3,8.89,0.31,,,,yes,,abl1_none,8.95,-0.06,0.18,,,
gl5_gaborlearn,cifar100,resnet18,sgd,200,linear,gabor-learn,,,,,,,5,2500,3,24.34,0.21,,,,yes,,abl5_none,25.36,-1.03,0.22,,,
grid_c100_cnx_64bc90_100pct,cifar100,convnext_tiny,sgd,200,linear,none,,,,,,,100,50000,3,21.51,21.57,,,,no,1/3 seeds at chance,,,,,,,
grid_c100_cnx_64bc90_15pct,cifar100,convnext_tiny,sgd,200,linear,none,,,,,,,15,7500,3,12.54,10.01,,,,no,1/3 seeds at chance,,,,,,,
grid_c100_cnx_64bc90_1pct,cifar100,convnext_tiny,sgd,200,linear,none,,,,,,,1,500,3,5.42,0.68,10.95,1.92,3,yes,,,,,,,,
grid_c100_cnx_64bc90_20pct,cifar100,convnext_tiny,sgd,200,linear,none,,,,,,,20,10000,3,23.40,6.19,27.63,6.07,3,yes,,,,,,,,
grid_c100_cnx_64bc90_25pct,cifar100,convnext_tiny,sgd,200,linear,none,,,,,,,25,12500,3,23.96,7.37,27.49,5.94,3,yes,,,,,,,,
grid_c100_cnx_64bc90_2pct,cifar100,convnext_tiny,sgd,200,linear,none,,,,,,,2,1000,3,7.08,0.82,,,,yes,,,,,,,,
grid_c100_cnx_64bc90_3pct,cifar100,convnext_tiny,sgd,200,linear,none,,,,,,,3,1500,3,5.97,0.74,9.29,1.91,3,yes,,,,,,,,
grid_c100_cnx_64bc90_50pct,cifar100,convnext_tiny,sgd,200,linear,none,,,,,,,50,25000,3,33.72,13.58,36.18,11.81,3,yes,,,,,,,,
grid_c100_cnx_64bc90_5pct,cifar100,convnext_tiny,sgd,200,linear,none,,,,,,,5,2500,3,11.42,3.02,,,,yes,,,,,,,,
grid_c100_cnx_64bc90_7pct,cifar100,convnext_tiny,sgd,200,linear,none,,,,,,,7,3500,3,8.55,6.54,,,,no,1/3 seeds at chance,,,,,,,
grid_c100_cnx_axmagnitudes2_l10to00_4a79ac_100pct,cifar100,convnext_tiny,sgd,200,linear,none,,,energy-magnitude,stages.2,1.0,0.0,100,50000,3,0.78,0.30,,,,yes,,grid_c100_cnx_64bc90_100pct,21.51,-20.73,12.46,,,
grid_c100_cnx_axmagnitudes2_l10to00_4a79ac_15pct,cifar100,convnext_tiny,sgd,200,linear,none,,,energy-magnitude,stages.2,1.0,0.0,15,7500,3,1.08,0.17,3.94,1.68,3,yes,,grid_c100_cnx_64bc90_15pct,12.54,-11.46,5.78,,,
grid_c100_cnx_axmagnitudes2_l10to00_4a79ac_1pct,cifar100,convnext_tiny,sgd,200,linear,none,,,energy-magnitude,stages.2,1.0,0.0,1,500,3,0.80,0.27,,,,yes,,grid_c100_cnx_64bc90_1pct,5.42,-4.62,0.42,,,
grid_c100_cnx_axmagnitudes2_l10to00_4a79ac_20pct,cifar100,convnext_tiny,sgd,200,linear,none,,,energy-magnitude,stages.2,1.0,0.0,20,10000,3,0.88,0.10,3.74,0.76,3,yes,,grid_c100_cnx_64bc90_20pct,23.40,-22.51,3.58,-23.89,3.53,1.37
grid_c100_cnx_axmagnitudes2_l10to00_4a79ac_25pct,cifar100,convnext_tiny,sgd,200,linear,none,,,energy-magnitude,stages.2,1.0,0.0,25,12500,3,0.71,0.26,,,,yes,,grid_c100_cnx_64bc90_25pct,23.96,-23.25,4.26,,,
grid_c100_cnx_axmagnitudes2_l10to00_4a79ac_2pct,cifar100,convnext_tiny,sgd,200,linear,none,,,energy-magnitude,stages.2,1.0,0.0,2,1000,3,0.94,0.29,3.13,0.40,3,yes,,grid_c100_cnx_64bc90_2pct,7.08,-6.13,0.50,,,
grid_c100_cnx_axmagnitudes2_l10to00_4a79ac_3pct,cifar100,convnext_tiny,sgd,200,linear,none,,,energy-magnitude,stages.2,1.0,0.0,3,1500,3,0.90,0.26,2.86,2.08,3,yes,,grid_c100_cnx_64bc90_3pct,5.97,-5.07,0.46,-6.43,1.63,1.36
grid_c100_cnx_axmagnitudes2_l10to00_4a79ac_50pct,cifar100,convnext_tiny,sgd,200,linear,none,,,energy-magnitude,stages.2,1.0,0.0,50,25000,3,1.02,0.04,3.05,3.54,3,yes,,grid_c100_cnx_64bc90_50pct,33.72,-32.71,7.84,-33.13,7.12,0.42
grid_c100_cnx_axmagnitudes2_l10to00_4a79ac_5pct,cifar100,convnext_tiny,sgd,200,linear,none,,,energy-magnitude,stages.2,1.0,0.0,5,2500,3,0.89,0.11,,,,yes,,grid_c100_cnx_64bc90_5pct,11.42,-10.53,1.75,,,
grid_c100_cnx_axmagnitudes2_l10to00_4a79ac_7pct,cifar100,convnext_tiny,sgd,200,linear,none,,,energy-magnitude,stages.2,1.0,0.0,7,3500,3,0.81,0.33,2.20,2.07,3,yes,,grid_c100_cnx_64bc90_7pct,8.55,-7.74,3.78,,,
grid_c100_r18_3a0225_20pct,cifar100,resnet18,sgd,200,linear,none,,,,,,,20,10000,3,57.00,0.44,60.18,0.50,3,yes,,,,,,,,
grid_c100_r18_3a0225_50pct,cifar100,resnet18,sgd,200,linear,none,,,,,,,50,25000,3,71.79,0.09,71.09,0.21,3,yes,,,,,,,,
grid_c100_r18_axhog_l03_fc141d_100pct,cifar100,resnet18,sgd,200,linear,none,,,,layer3,0.3,,100,50000,3,78.42,0.19,78.36,0.24,3,yes,,ablf_none,78.52,-0.10,0.14,,,
grid_c100_r18_axhog_l03_fc141d_15pct,cifar100,resnet18,sgd,200,linear,none,,,,layer3,0.3,,15,7500,3,51.69,0.48,56.60,0.32,3,yes,,abl15_none,50.09,1.60,0.38,1.98,0.28,-0.37
grid_c100_r18_axhog_l03_fc141d_1pct,cifar100,resnet18,sgd,200,linear,none,,,,layer3,0.3,,1,500,3,9.20,0.31,27.50,0.37,3,yes,,abl1_none,8.95,0.25,0.18,0.88,0.23,-0.64
grid_c100_r18_axhog_l03_fc141d_20pct,cifar100,resnet18,sgd,200,linear,none,,,,layer3,0.3,,20,10000,3,57.61,0.42,60.67,0.27,3,yes,,grid_c100_r18_3a0225_20pct,57.00,0.61,0.35,0.49,0.33,0.12
grid_c100_r18_axhog_l03_fc141d_25pct,cifar100,resnet18,sgd,200,linear,none,,,,layer3,0.3,,25,12500,3,62.05,0.55,63.58,0.05,3,yes,,abl25_none,61.35,0.70,0.41,0.39,0.12,0.31
grid_c100_r18_axhog_l03_fc141d_2pct,cifar100,resnet18,sgd,200,linear,none,,,,layer3,0.3,,2,1000,3,14.65,0.30,30.93,0.36,3,yes,,abl2_none,14.17,0.47,0.19,1.10,0.33,-0.62
grid_c100_r18_axhog_l03_fc141d_3pct,cifar100,resnet18,sgd,200,linear,none,,,,layer3,0.3,,3,1500,3,19.09,0.35,34.30,0.51,3,yes,,abl3_none,18.47,0.62,0.20,1.53,0.31,-0.91
grid_c100_r18_axhog_l03_fc141d_50pct,cifar100,resnet18,sgd,200,linear,none,,,,layer3,0.3,,50,25000,3,71.60,0.44,71.07,0.29,3,yes,,grid_c100_r18_3a0225_50pct,71.79,-0.19,0.26,-0.02,0.21,-0.17
grid_c100_r18_axhog_l03_fc141d_7pct,cifar100,resnet18,sgd,200,linear,none,,,,layer3,0.3,,7,3500,3,33.32,0.56,43.82,0.57,3,yes,,abl7_none,32.09,1.23,0.51,1.58,0.45,-0.35
grid_c100_r18_axinvariantsL3_l03_e17c19_100pct,cifar100,resnet18,sgd,200,linear,none,,,energy-invariants,layer3,0.3,,100,50000,3,71.88,0.21,71.71,0.17,3,yes,,ablf_none,78.52,-6.64,0.15,,,
grid_c100_r18_axinvariantsL3_l03_e17c19_15pct,cifar100,resnet18,sgd,200,linear,none,,,energy-invariants,layer3,0.3,,15,7500,3,45.84,0.99,50.58,0.98,3,yes,,abl15_none,50.09,-4.25,0.63,-4.04,0.60,-0.21
grid_c100_r18_axinvariantsL3_l03_e17c19_1pct,cifar100,resnet18,sgd,200,linear,none,,,energy-invariants,layer3,0.3,,1,500,3,9.08,0.14,27.39,0.16,3,yes,,abl1_none,8.95,0.12,0.09,0.78,0.13,-0.65
grid_c100_r18_axinvariantsL3_l03_e17c19_20pct,cifar100,resnet18,sgd,200,linear,none,,,energy-invariants,layer3,0.3,,20,10000,3,51.71,0.22,54.26,0.48,3,yes,,grid_c100_r18_3a0225_20pct,57.00,-5.29,0.29,-5.92,0.40,0.63
grid_c100_r18_axinvariantsL3_l03_e17c19_25pct,cifar100,resnet18,sgd,200,linear,none,,,energy-invariants,layer3,0.3,,25,12500,3,56.34,0.78,57.82,0.71,3,yes,,abl25_none,61.35,-5.01,0.52,-5.37,0.43,0.36
grid_c100_r18_axinvariantsL3_l03_e17c19_2pct,cifar100,resnet18,sgd,200,linear,none,,,energy-invariants,layer3,0.3,,2,1000,3,14.81,0.25,30.76,0.47,3,yes,,abl2_none,14.17,0.64,0.17,0.93,0.37,-0.29
grid_c100_r18_axinvariantsL3_l03_e17c19_3pct,cifar100,resnet18,sgd,200,linear,none,,,energy-invariants,layer3,0.3,,3,1500,3,18.66,0.35,33.46,0.11,3,yes,,abl3_none,18.47,0.19,0.20,0.69,0.13,-0.50
grid_c100_r18_axinvariantsL3_l03_e17c19_50pct,cifar100,resnet18,sgd,200,linear,none,,,energy-invariants,layer3,0.3,,50,25000,3,63.56,0.45,62.93,0.69,3,yes,,grid_c100_r18_3a0225_50pct,71.79,-8.23,0.26,-8.16,0.42,-0.07
grid_c100_r18_axinvariantsL3_l03_e17c19_5pct,cifar100,resnet18,sgd,200,linear,none,,,energy-invariants,layer3,0.3,,5,2500,3,24.93,0.32,36.95,0.51,3,yes,,abl5_none,25.36,-0.43,0.25,-0.27,0.33,-0.16
grid_c100_r18_axinvariantsL3_l03_e17c19_7pct,cifar100,resnet18,sgd,200,linear,none,,,energy-invariants,layer3,0.3,,7,3500,3,30.68,0.54,40.99,0.94,3,yes,,abl7_none,32.09,-1.41,0.50,-1.25,0.63,-0.16
grid_c100_r18_axmagnitude3L3_l10to00_1ab8e4_100pct,cifar100,resnet18,sgd,200,linear,none,,,energy-magnitude3,layer3,1.0,0.0,100,50000,3,78.30,0.33,78.08,0.35,3,yes,,ablf_none,78.52,-0.22,0.21,,,
grid_c100_r18_axmagnitude3L3_l10to00_1ab8e4_10pct,cifar100,resnet18,sgd,200,linear,none,,,energy-magnitude3,layer3,1.0,0.0,10,5000,3,43.63,0.36,51.65,0.39,3,yes,,abl10_none,40.28,3.35,0.28,3.71,0.27,-0.36
grid_c100_r18_axmagnitude3L3_l10to00_1ab8e4_15pct,cifar100,resnet18,sgd,200,linear,none,,,energy-magnitude3,layer3,1.0,0.0,15,7500,3,52.70,0.14,57.52,0.31,3,yes,,abl15_none,50.09,2.61,0.27,2.89,0.27,-0.28
grid_c100_r18_axmagnitude3L3_l10to00_1ab8e4_1pct,cifar100,resnet18,sgd,200,linear,none,,,energy-magnitude3,layer3,1.0,0.0,1,500,3,10.25,0.04,30.26,0.37,3,yes,,abl1_none,8.95,1.30,0.04,3.65,0.23,-2.35
grid_c100_r18_axmagnitude3L3_l10to00_1ab8e4_20pct,cifar100,resnet18,sgd,200,linear,none,,,energy-magnitude3,layer3,1.0,0.0,20,10000,3,58.00,0.51,60.99,0.15,3,yes,,grid_c100_r18_3a0225_20pct,57.00,1.00,0.39,0.81,0.30,0.19
grid_c100_r18_axmagnitude3L3_l10to00_1ab8e4_25pct,cifar100,resnet18,sgd,200,linear,none,,,energy-magnitude3,layer3,1.0,0.0,25,12500,3,61.93,0.41,63.68,0.51,3,yes,,abl25_none,61.35,0.58,0.35,0.49,0.32,0.09
grid_c100_r18_axmagnitude3L3_l10to00_1ab8e4_2pct,cifar100,resnet18,sgd,200,linear,none,,,energy-magnitude3,layer3,1.0,0.0,2,1000,3,16.65,0.35,34.98,0.66,3,yes,,abl2_none,14.17,2.48,0.22,5.15,0.46,-2.67
grid_c100_r18_axmagnitude3L3_l10to00_1ab8e4_3pct,cifar100,resnet18,sgd,200,linear,none,,,energy-magnitude3,layer3,1.0,0.0,3,1500,3,21.85,0.15,38.55,0.30,3,yes,,abl3_none,18.47,3.38,0.09,5.78,0.20,-2.41
grid_c100_r18_axmagnitude3L3_l10to00_1ab8e4_50pct,cifar100,resnet18,sgd,200,linear,none,,,energy-magnitude3,layer3,1.0,0.0,50,25000,3,71.62,0.16,70.91,0.35,3,yes,,grid_c100_r18_3a0225_50pct,71.79,-0.17,0.10,-0.18,0.24,0.01
grid_c100_r18_axmagnitude3L3_l10to00_1ab8e4_7pct,cifar100,resnet18,sgd,200,linear,none,,,energy-magnitude3,layer3,1.0,0.0,7,3500,3,36.62,0.52,47.35,0.32,3,yes,,abl7_none,32.09,4.52,0.50,5.10,0.36,-0.58
grid_c100_r18_axmagnitudeL1_l20to00_319207_100pct,cifar100,resnet18,sgd,200,linear,none,,,energy-magnitude,layer1,2.0,0.0,100,50000,3,77.61,0.17,77.56,0.14,3,yes,,ablf_none,78.52,-0.90,0.13,,,
grid_c100_r18_axmagnitudeL1_l20to00_319207_10pct,cifar100,resnet18,sgd,200,linear,none,,,energy-magnitude,layer1,2.0,0.0,10,5000,3,42.37,0.65,49.53,0.56,3,yes,,abl10_none,40.28,2.09,0.42,1.59,0.36,0.50
grid_c100_r18_axmagnitudeL1_l20to00_319207_15pct,cifar100,resnet18,sgd,200,linear,none,,,energy-magnitude,layer1,2.0,0.0,15,7500,3,50.57,0.01,55.15,0.25,3,yes,,abl15_none,50.09,0.48,0.26,0.52,0.25,-0.04
grid_c100_r18_axmagnitudeL1_l20to00_319207_20pct,cifar100,resnet18,sgd,200,linear,none,,,energy-magnitude,layer1,2.0,0.0,20,10000,3,56.97,0.24,59.81,0.46,3,yes,,grid_c100_r18_3a0225_20pct,57.00,-0.03,0.29,-0.37,0.40,0.33
grid_c100_r18_axmagnitudeL1_l20to00_319207_25pct,cifar100,resnet18,sgd,200,linear,none,,,energy-magnitude,layer1,2.0,0.0,25,12500,3,60.79,0.22,62.52,0.23,3,yes,,abl25_none,61.35,-0.56,0.29,-0.67,0.18,0.11
grid_c100_r18_axmagnitudeL1_l20to00_319207_2pct,cifar100,resnet18,sgd,200,linear,none,,,energy-magnitude,layer1,2.0,0.0,2,1000,3,17.37,0.05,35.77,0.32,3,yes,,abl2_none,14.17,3.20,0.09,5.94,0.32,-2.75
grid_c100_r18_axmagnitudeL1_l20to00_319207_3pct,cifar100,resnet18,sgd,200,linear,none,,,energy-magnitude,layer1,2.0,0.0,3,1500,3,22.22,0.15,38.30,0.20,3,yes,,abl3_none,18.47,3.75,0.09,5.53,0.16,-1.77
grid_c100_r18_axmagnitudeL1_l20to00_319207_50pct,cifar100,resnet18,sgd,200,linear,none,,,energy-magnitude,layer1,2.0,0.0,50,25000,3,70.25,0.19,69.91,0.24,3,yes,,grid_c100_r18_3a0225_50pct,71.79,-1.54,0.12,-1.18,0.19,-0.36
grid_c100_r18_axmagnitudeL1_l20to00_319207_5pct,cifar100,resnet18,sgd,200,linear,none,,,energy-magnitude,layer1,2.0,0.0,5,2500,3,30.09,0.06,42.92,0.16,3,yes,,abl5_none,25.36,4.73,0.18,5.70,0.18,-0.97
grid_c100_r18_axmagnitudeL1_l20to00_319207_7pct,cifar100,resnet18,sgd,200,linear,none,,,energy-magnitude,layer1,2.0,0.0,7,3500,3,35.37,0.11,44.94,0.69,3,yes,,abl7_none,32.09,3.28,0.40,2.70,0.50,0.58
grid_c100_r18_axmagnitudeL2L3L4_l03_6928d7_100pct,cifar100,resnet18,sgd,200,linear,none,,,energy-magnitude,"['layer2', 'layer3', 'layer4']",0.3,,100,50000,3,78.43,0.31,78.37,0.41,3,yes,,ablf_none,78.52,-0.09,0.20,,,
grid_c100_r18_axmagnitudeL2L3L4_l03_6928d7_15pct,cifar100,resnet18,sgd,200,linear,none,,,energy-magnitude,"['layer2', 'layer3', 'layer4']",0.3,,15,7500,3,52.01,0.14,57.23,0.20,3,yes,,abl15_none,50.09,1.92,0.27,2.60,0.23,-0.68
grid_c100_r18_axmagnitudeL2L3L4_l03_6928d7_1pct,cifar100,resnet18,sgd,200,linear,none,,,energy-magnitude,"['layer2', 'layer3', 'layer4']",0.3,,1,500,3,9.61,0.18,29.34,0.63,3,yes,,abl1_none,8.95,0.65,0.11,2.72,0.38,-2.07
grid_c100_r18_axmagnitudeL2L3L4_l03_6928d7_20pct,cifar100,resnet18,sgd,200,linear,none,,,energy-magnitude,"['layer2', 'layer3', 'layer4']",0.3,,20,10000,3,57.49,0.35,60.57,0.10,3,yes,,grid_c100_r18_3a0225_20pct,57.00,0.49,0.33,0.39,0.30,0.11
grid_c100_r18_axmagnitudeL2L3L4_l03_6928d7_25pct,cifar100,resnet18,sgd,200,linear,none,,,energy-magnitude,"['layer2', 'layer3', 'layer4']",0.3,,25,12500,3,61.58,0.36,63.57,0.15,3,yes,,abl25_none,61.35,0.23,0.34,0.38,0.15,-0.15
grid_c100_r18_axmagnitudeL2L3L4_l03_6928d7_2pct,cifar100,resnet18,sgd,200,linear,none,,,energy-magnitude,"['layer2', 'layer3', 'layer4']",0.3,,2,1000,3,15.46,0.08,33.47,0.21,3,yes,,abl2_none,14.17,1.28,0.10,3.64,0.29,-2.36
grid_c100_r18_axmagnitudeL2L3L4_l03_6928d7_3pct,cifar100,resnet18,sgd,200,linear,none,,,energy-magnitude,"['layer2', 'layer3', 'layer4']",0.3,,3,1500,3,20.41,0.35,37.08,0.54,3,yes,,abl3_none,18.47,1.94,0.20,4.31,0.33,-2.37
grid_c100_r18_axmagnitudeL2L3L4_l03_6928d7_50pct,cifar100,resnet18,sgd,200,linear,none,,,energy-magnitude,"['layer2', 'layer3', 'layer4']",0.3,,50,25000,3,71.38,0.15,70.90,0.32,3,yes,,grid_c100_r18_3a0225_50pct,71.79,-0.41,0.10,-0.19,0.22,-0.22
grid_c100_r18_axmagnitudeL2L3L4_l03_6928d7_5pct,cifar100,resnet18,sgd,200,linear,none,,,energy-magnitude,"['layer2', 'layer3', 'layer4']",0.3,,5,2500,3,28.43,0.12,41.66,0.30,3,yes,,abl5_none,25.36,3.06,0.19,4.44,0.23,-1.37
grid_c100_r18_axmagnitudeL2L3L4_l03_6928d7_7pct,cifar100,resnet18,sgd,200,linear,none,,,energy-magnitude,"['layer2', 'layer3', 'layer4']",0.3,,7,3500,3,35.20,0.46,46.00,0.31,3,yes,,abl7_none,32.09,3.10,0.48,3.75,0.36,-0.65
grid_c100_r18_axmagnitudeL2_l03_699ce0_100pct,cifar100,resnet18,sgd,200,linear,none,,,energy-magnitude,layer2,0.3,,100,50000,3,78.18,0.03,78.09,0.06,3,yes,,ablf_none,78.52,-0.34,0.09,,,
grid_c100_r18_axmagnitudeL2_l03_699ce0_15pct,cifar100,resnet18,sgd,200,linear,none,,,energy-magnitude,layer2,0.3,,15,7500,3,52.24,0.66,56.75,0.19,3,yes,,abl15_none,50.09,2.15,0.46,2.12,0.23,0.02
grid_c100_r18_axmagnitudeL2_l03_699ce0_1pct,cifar100,resnet18,sgd,200,linear,none,,,energy-magnitude,layer2,0.3,,1,500,3,9.91,0.14,29.29,0.68,3,yes,,abl1_none,8.95,0.95,0.09,2.68,0.40,-1.72
grid_c100_r18_axmagnitudeL2_l03_699ce0_20pct,cifar100,resnet18,sgd,200,linear,none,,,energy-magnitude,layer2,0.3,,20,10000,3,58.05,0.77,60.84,0.86,3,yes,,grid_c100_r18_3a0225_20pct,57.00,1.05,0.51,0.66,0.58,0.40
grid_c100_r18_axmagnitudeL2_l03_699ce0_25pct,cifar100,resnet18,sgd,200,linear,none,,,energy-magnitude,layer2,0.3,,25,12500,3,61.71,0.44,63.52,0.28,3,yes,,abl25_none,61.35,0.36,0.37,0.33,0.20,0.03
grid_c100_r18_axmagnitudeL2_l03_699ce0_2pct,cifar100,resnet18,sgd,200,linear,none,,,energy-magnitude,layer2,0.3,,2,1000,3,16.01,0.31,33.31,0.27,3,yes,,abl2_none,14.17,1.84,0.20,3.48,0.30,-1.64
grid_c100_r18_axmagnitudeL2_l03_699ce0_3pct,cifar100,resnet18,sgd,200,linear,none,,,energy-magnitude,layer2,0.3,,3,1500,3,20.82,0.20,36.35,0.36,3,yes,,abl3_none,18.47,2.35,0.12,3.58,0.24,-1.23
grid_c100_r18_axmagnitudeL2_l03_699ce0_50pct,cifar100,resnet18,sgd,200,linear,none,,,energy-magnitude,layer2,0.3,,50,25000,3,71.52,0.20,71.26,0.18,3,yes,,grid_c100_r18_3a0225_50pct,71.79,-0.27,0.13,0.17,0.16,-0.43
grid_c100_r18_axmagnitudeL2_l03_699ce0_5pct,cifar100,resnet18,sgd,200,linear,none,,,energy-magnitude,layer2,0.3,,5,2500,3,28.56,0.16,41.52,0.54,3,yes,,abl5_none,25.36,3.20,0.20,4.30,0.34,-1.11
grid_c100_r18_axmagnitudeL2_l03_699ce0_7pct,cifar100,resnet18,sgd,200,linear,none,,,energy-magnitude,layer2,0.3,,7,3500,3,35.52,0.62,45.48,0.80,3,yes,,abl7_none,32.09,3.42,0.53,3.24,0.56,0.18
grid_c100_r18_axmagnitudeL2_l20to00_101ce2_100pct,cifar100,resnet18,sgd,200,linear,none,,,energy-magnitude,layer2,2.0,0.0,100,50000,3,78.10,0.23,78.00,0.26,3,yes,,ablf_none,78.52,-0.42,0.16,,,
grid_c100_r18_axmagnitudeL2_l20to00_101ce2_10pct,cifar100,resnet18,sgd,200,linear,none,,,energy-magnitude,layer2,2.0,0.0,10,5000,3,42.60,0.51,50.16,0.41,3,yes,,abl10_none,40.28,2.32,0.34,2.22,0.28,0.09
grid_c100_r18_axmagnitudeL2_l20to00_101ce2_15pct,cifar100,resnet18,sgd,200,linear,none,,,energy-magnitude,layer2,2.0,0.0,15,7500,3,51.12,0.36,55.84,0.39,3,yes,,abl15_none,50.09,1.03,0.33,1.21,0.30,-0.18
grid_c100_r18_axmagnitudeL2_l20to00_101ce2_20pct,cifar100,resnet18,sgd,200,linear,none,,,energy-magnitude,layer2,2.0,0.0,20,10000,3,56.47,0.29,59.38,0.22,3,yes,,grid_c100_r18_3a0225_20pct,57.00,-0.53,0.30,-0.80,0.32,0.26
grid_c100_r18_axmagnitudeL2_l20to00_101ce2_25pct,cifar100,resnet18,sgd,200,linear,none,,,energy-magnitude,layer2,2.0,0.0,25,12500,3,60.48,0.02,62.36,0.37,3,yes,,abl25_none,61.35,-0.87,0.27,-0.83,0.25,-0.04
grid_c100_r18_axmagnitudeL2_l20to00_101ce2_2pct,cifar100,resnet18,sgd,200,linear,none,,,energy-magnitude,layer2,2.0,0.0,2,1000,3,17.13,0.21,34.80,0.12,3,yes,,abl2_none,14.17,2.95,0.15,4.97,0.27,-2.02
grid_c100_r18_axmagnitudeL2_l20to00_101ce2_3pct,cifar100,resnet18,sgd,200,linear,none,,,energy-magnitude,layer2,2.0,0.0,3,1500,3,22.15,0.04,38.15,0.37,3,yes,,abl3_none,18.47,3.68,0.04,5.38,0.24,-1.70
grid_c100_r18_axmagnitudeL2_l20to00_101ce2_50pct,cifar100,resnet18,sgd,200,linear,none,,,energy-magnitude,layer2,2.0,0.0,50,25000,3,70.59,0.26,70.09,0.12,3,yes,,grid_c100_r18_3a0225_50pct,71.79,-1.20,0.16,-1.00,0.14,-0.20
grid_c100_r18_axmagnitudeL2_l20to00_101ce2_5pct,cifar100,resnet18,sgd,200,linear,none,,,energy-magnitude,layer2,2.0,0.0,5,2500,3,30.00,0.16,42.28,0.22,3,yes,,abl5_none,25.36,4.64,0.20,5.06,0.20,-0.42
grid_c100_r18_axmagnitudeL2_l20to00_101ce2_7pct,cifar100,resnet18,sgd,200,linear,none,,,energy-magnitude,layer2,2.0,0.0,7,3500,3,35.76,0.28,45.77,0.08,3,yes,,abl7_none,32.09,3.66,0.43,3.53,0.31,0.14
grid_c100_r18_axmagnitudeL3_l002_e831ac_100pct,cifar100,resnet18,sgd,200,linear,none,,,energy-magnitude,layer3,0.02,,100,50000,3,78.41,0.34,78.33,0.39,3,yes,,ablf_none,78.52,-0.11,0.22,,,
grid_c100_r18_axmagnitudeL3_l002_e831ac_10pct,cifar100,resnet18,sgd,200,linear,none,,,energy-magnitude,layer3,0.02,,10,5000,3,40.90,1.00,48.81,1.20,3,yes,,abl10_none,40.28,0.62,0.61,0.87,0.71,-0.25
grid_c100_r18_axmagnitudeL3_l002_e831ac_15pct,cifar100,resnet18,sgd,200,linear,none,,,energy-magnitude,layer3,0.02,,15,7500,3,50.11,0.10,55.09,0.57,3,yes,,abl15_none,50.09,0.02,0.27,0.46,0.39,-0.44
grid_c100_r18_axmagnitudeL3_l002_e831ac_1pct,cifar100,resnet18,sgd,200,linear,none,,,energy-magnitude,layer3,0.02,,1,500,3,9.06,0.09,27.28,0.06,3,yes,,abl1_none,8.95,0.10,0.06,0.66,0.10,-0.56
grid_c100_r18_axmagnitudeL3_l002_e831ac_20pct,cifar100,resnet18,sgd,200,linear,none,,,energy-magnitude,layer3,0.02,,20,10000,3,56.82,0.29,59.98,0.26,3,yes,,grid_c100_r18_3a0225_20pct,57.00,-0.18,0.31,-0.20,0.33,0.02
grid_c100_r18_axmagnitudeL3_l002_e831ac_2pct,cifar100,resnet18,sgd,200,linear,none,,,energy-magnitude,layer3,0.02,,2,1000,3,14.43,0.14,30.27,0.19,3,yes,,abl2_none,14.17,0.26,0.12,0.44,0.28,-0.18
grid_c100_r18_axmagnitudeL3_l002_e831ac_3pct,cifar100,resnet18,sgd,200,linear,none,,,energy-magnitude,layer3,0.02,,3,1500,3,18.79,0.12,33.67,0.42,3,yes,,abl3_none,18.47,0.32,0.08,0.90,0.26,-0.57
grid_c100_r18_axmagnitudeL3_l002_e831ac_50pct,cifar100,resnet18,sgd,200,linear,none,,,energy-magnitude,layer3,0.02,,50,25000,3,71.40,0.25,71.22,0.25,3,yes,,grid_c100_r18_3a0225_50pct,71.79,-0.38,0.16,0.13,0.19,-0.51
grid_c100_r18_axmagnitudeL3_l002_e831ac_5pct,cifar100,resnet18,sgd,200,linear,none,,,energy-magnitude,layer3,0.02,,5,2500,3,25.77,0.20,37.94,0.61,3,yes,,abl5_none,25.36,0.41,0.21,0.72,0.38,-0.32
grid_c100_r18_axmagnitudeL3_l002_e831ac_7pct,cifar100,resnet18,sgd,200,linear,none,,,energy-magnitude,layer3,0.02,,7,3500,3,32.91,0.40,43.00,0.72,3,yes,,abl7_none,32.09,0.82,0.46,0.75,0.52,0.06
grid_c100_r18_axmagnitudeL3_l005_2133c7_15pct,cifar100,resnet18,sgd,200,linear,none,,,energy-magnitude,layer3,0.05,,15,7500,3,50.40,0.35,55.71,0.32,3,yes,,abl15_none,50.09,0.31,0.33,1.09,0.28,-0.78
grid_c100_r18_axmagnitudeL3_l005_2133c7_1pct,cifar100,resnet18,sgd,200,linear,none,,,energy-magnitude,layer3,0.05,,1,500,3,9.28,0.24,27.47,0.53,3,yes,,abl1_none,8.95,0.32,0.14,0.85,0.32,-0.53
grid_c100_r18_axmagnitudeL3_l005_2133c7_20pct,cifar100,resnet18,sgd,200,linear,none,,,energy-magnitude,layer3,0.05,,20,10000,3,56.99,0.60,59.90,0.67,3,yes,,grid_c100_r18_3a0225_20pct,57.00,-0.01,0.43,-0.28,0.49,0.27
grid_c100_r18_axmagnitudeL3_l005_2133c7_2pct,cifar100,resnet18,sgd,200,linear,none,,,energy-magnitude,layer3,0.05,,2,1000,3,14.57,0.42,31.19,0.19,3,yes,,abl2_none,14.17,0.39,0.26,1.36,0.28,-0.97
grid_c100_r18_axmagnitudeL3_l005_2133c7_3pct,cifar100,resnet18,sgd,200,linear,none,,,energy-magnitude,layer3,0.05,,3,1500,3,19.10,0.33,34.05,0.08,3,yes,,abl3_none,18.47,0.63,0.20,1.28,0.12,-0.65
grid_c100_r18_axmagnitudeL3_l005_2133c7_50pct,cifar100,resnet18,sgd,200,linear,none,,,energy-magnitude,layer3,0.05,,50,25000,3,71.41,0.60,71.26,0.55,3,yes,,grid_c100_r18_3a0225_50pct,71.79,-0.38,0.35,0.17,0.34,-0.54
grid_c100_r18_axmagnitudeL3_l005_2133c7_5pct,cifar100,resnet18,sgd,200,linear,none,,,energy-magnitude,layer3,0.05,,5,2500,3,25.87,0.32,38.83,0.50,3,yes,,abl5_none,25.36,0.51,0.26,1.61,0.33,-1.10
grid_c100_r18_axmagnitudeL3_l005_2133c7_7pct,cifar100,resnet18,sgd,200,linear,none,,,energy-magnitude,layer3,0.05,,7,3500,3,32.72,0.74,43.13,0.53,3,yes,,abl7_none,32.09,0.62,0.58,0.88,0.44,-0.26
grid_c100_r18_axmagnitudeL3_l01_e02b2d_15pct,cifar100,resnet18,sgd,200,linear,none,,,energy-magnitude,layer3,0.1,,15,7500,3,51.03,0.45,56.16,0.43,3,yes,,abl15_none,50.09,0.94,0.37,1.53,0.32,-0.60
grid_c100_r18_axmagnitudeL3_l01_e02b2d_1pct,cifar100,resnet18,sgd,200,linear,none,,,energy-magnitude,layer3,0.1,,1,500,3,9.38,0.29,28.30,0.23,3,yes,,abl1_none,8.95,0.43,0.17,1.68,0.16,-1.26
grid_c100_r18_axmagnitudeL3_l01_e02b2d_20pct,cifar100,resnet18,sgd,200,linear,none,,,energy-magnitude,layer3,0.1,,20,10000,3,57.30,0.37,60.37,0.44,3,yes,,grid_c100_r18_3a0225_20pct,57.00,0.30,0.33,0.19,0.39,0.11
grid_c100_r18_axmagnitudeL3_l01_e02b2d_2pct,cifar100,resnet18,sgd,200,linear,none,,,energy-magnitude,layer3,0.1,,2,1000,3,14.60,0.13,31.65,0.29,3,yes,,abl2_none,14.17,0.43,0.12,1.82,0.31,-1.40
grid_c100_r18_axmagnitudeL3_l01_e02b2d_3pct,cifar100,resnet18,sgd,200,linear,none,,,energy-magnitude,layer3,0.1,,3,1500,3,19.59,0.17,34.80,0.11,3,yes,,abl3_none,18.47,1.12,0.11,2.03,0.13,-0.91
grid_c100_r18_axmagnitudeL3_l01_e02b2d_50pct,cifar100,resnet18,sgd,200,linear,none,,,energy-magnitude,layer3,0.1,,50,25000,3,71.32,0.26,70.97,0.19,3,yes,,grid_c100_r18_3a0225_50pct,71.79,-0.47,0.16,-0.12,0.16,-0.34
grid_c100_r18_axmagnitudeL3_l01_e02b2d_7pct,cifar100,resnet18,sgd,200,linear,none,,,energy-magnitude,layer3,0.1,,7,3500,3,33.91,0.25,44.54,0.43,3,yes,,abl7_none,32.09,1.81,0.42,2.30,0.40,-0.49
grid_c100_r18_axmagnitudeL3_l01to00_266981_10pct,cifar100,resnet18,sgd,200,linear,none,,,energy-magnitude,layer3,0.1,0.0,10,5000,3,41.67,0.29,49.66,0.23,3,yes,,abl10_none,40.28,1.39,0.24,1.72,0.20,-0.33
grid_c100_r18_axmagnitudeL3_l01to00_266981_15pct,cifar100,resnet18,sgd,200,linear,none,,,energy-magnitude,layer3,0.1,0.0,15,7500,3,51.42,0.25,56.04,0.25,3,yes,,abl15_none,50.09,1.33,0.30,1.41,0.25,-0.09
grid_c100_r18_axmagnitudeL3_l01to00_266981_1pct,cifar100,resnet18,sgd,200,linear,none,,,energy-magnitude,layer3,0.1,0.0,1,500,3,9.34,0.24,28.08,0.52,3,yes,,abl1_none,8.95,0.39,0.14,1.46,0.32,-1.07
grid_c100_r18_axmagnitudeL3_l01to00_266981_20pct,cifar100,resnet18,sgd,200,linear,none,,,energy-magnitude,layer3,0.1,0.0,20,10000,3,57.79,0.56,60.95,0.44,3,yes,,grid_c100_r18_3a0225_20pct,57.00,0.79,0.41,0.77,0.39,0.02
grid_c100_r18_axmagnitudeL3_l01to00_266981_25pct,cifar100,resnet18,sgd,200,linear,none,,,energy-magnitude,layer3,0.1,0.0,25,12500,3,62.20,0.61,64.30,0.05,3,yes,,abl25_none,61.35,0.85,0.44,1.12,0.12,-0.27
grid_c100_r18_axmagnitudeL3_l01to00_266981_2pct,cifar100,resnet18,sgd,200,linear,none,,,energy-magnitude,layer3,0.1,0.0,2,1000,3,14.66,0.17,31.22,0.31,3,yes,,abl2_none,14.17,0.48,0.13,1.39,0.31,-0.90
grid_c100_r18_axmagnitudeL3_l01to00_266981_3pct,cifar100,resnet18,sgd,200,linear,none,,,energy-magnitude,layer3,0.1,0.0,3,1500,3,19.15,0.09,34.04,0.30,3,yes,,abl3_none,18.47,0.68,0.06,1.27,0.21,-0.59
grid_c100_r18_axmagnitudeL3_l01to00_266981_50pct,cifar100,resnet18,sgd,200,linear,none,,,energy-magnitude,layer3,0.1,0.0,50,25000,3,71.56,0.14,71.16,0.50,3,yes,,grid_c100_r18_3a0225_50pct,71.79,-0.23,0.09,0.07,0.31,-0.30
grid_c100_r18_axmagnitudeL3_l01to00_266981_5pct,cifar100,resnet18,sgd,200,linear,none,,,energy-magnitude,layer3,0.1,0.0,5,2500,3,26.90,0.36,39.43,0.42,3,yes,,abl5_none,25.36,1.54,0.27,2.21,0.28,-0.67
grid_c100_r18_axmagnitudeL3_l01to00_266981_7pct,cifar100,resnet18,sgd,200,linear,none,,,energy-magnitude,layer3,0.1,0.0,7,3500,3,33.91,0.75,43.97,0.77,3,yes,,abl7_none,32.09,1.81,0.59,1.73,0.54,0.08
grid_c100_r18_axmagnitudeL3_l03_cosine_8fc914_100pct,cifar100,resnet18,sgd,200,linear,none,,,energy-magnitude,layer3,0.3,,100,50000,3,78.61,0.31,78.50,0.30,3,yes,,ablf_none,78.52,0.10,0.20,,,
grid_c100_r18_axmagnitudeL3_l03_cosine_8fc914_15pct,cifar100,resnet18,sgd,200,linear,none,,,energy-magnitude,layer3,0.3,,15,7500,3,50.46,0.75,55.29,1.16,3,yes,,abl15_none,50.09,0.37,0.50,0.66,0.70,-0.29
grid_c100_r18_axmagnitudeL3_l03_cosine_8fc914_1pct,cifar100,resnet18,sgd,200,linear,none,,,energy-magnitude,layer3,0.3,,1,500,3,8.99,0.15,27.17,0.27,3,yes,,abl1_none,8.95,0.04,0.09,0.55,0.18,-0.51
grid_c100_r18_axmagnitudeL3_l03_cosine_8fc914_20pct,cifar100,resnet18,sgd,200,linear,none,,,energy-magnitude,layer3,0.3,,20,10000,3,56.62,0.13,59.68,0.35,3,yes,,grid_c100_r18_3a0225_20pct,57.00,-0.38,0.27,-0.50,0.35,0.12
grid_c100_r18_axmagnitudeL3_l03_cosine_8fc914_25pct,cifar100,resnet18,sgd,200,linear,none,,,energy-magnitude,layer3,0.3,,25,12500,3,61.37,0.31,62.71,0.33,3,yes,,abl25_none,61.35,0.02,0.32,-0.48,0.23,0.49
grid_c100_r18_axmagnitudeL3_l03_cosine_8fc914_3pct,cifar100,resnet18,sgd,200,linear,none,,,energy-magnitude,layer3,0.3,,3,1500,3,18.75,0.20,33.55,0.42,3,yes,,abl3_none,18.47,0.28,0.12,0.78,0.27,-0.50
grid_c100_r18_axmagnitudeL3_l03_cosine_8fc914_50pct,cifar100,resnet18,sgd,200,linear,none,,,energy-magnitude,layer3,0.3,,50,25000,3,71.34,0.11,70.89,0.13,3,yes,,grid_c100_r18_3a0225_50pct,71.79,-0.44,0.08,-0.20,0.14,-0.24
grid_c100_r18_axmagnitudeL3_l03_cosine_8fc914_5pct,cifar100,resnet18,sgd,200,linear,none,,,energy-magnitude,layer3,0.3,,5,2500,3,25.98,0.84,38.18,0.49,3,yes,,abl5_none,25.36,0.62,0.51,0.96,0.32,-0.34
grid_c100_r18_axmagnitudeL3_l03_cosine_8fc914_7pct,cifar100,resnet18,sgd,200,linear,none,,,energy-magnitude,layer3,0.3,,7,3500,3,33.01,0.63,43.37,0.16,3,yes,,abl7_none,32.09,0.92,0.54,1.12,0.32,-0.20
grid_c100_r18_axmagnitudeL3_l03_f0bd42_20pct,cifar100,resnet18,sgd,200,linear,none,,,energy-magnitude,layer3,0.3,,20,10000,3,57.30,0.33,60.48,0.28,3,yes,,grid_c100_r18_3a0225_20pct,57.00,0.30,0.32,0.30,0.33,-0.00
grid_c100_r18_axmagnitudeL3_l03_f0bd42_50pct,cifar100,resnet18,sgd,200,linear,none,,,energy-magnitude,layer3,0.3,,50,25000,3,71.32,0.08,70.62,0.23,3,yes,,grid_c100_r18_3a0225_50pct,71.79,-0.46,0.07,-0.47,0.18,0.01
grid_c100_r18_axmagnitudeL3_l03to00_0ca5ff_10pct,cifar100,resnet18,sgd,200,linear,none,,,energy-magnitude,layer3,0.3,0.0,10,5000,3,43.47,0.62,51.67,0.58,3,yes,,abl10_none,40.28,3.19,0.40,3.73,0.37,-0.55
grid_c100_r18_axmagnitudeL3_l03to00_0ca5ff_1pct,cifar100,resnet18,sgd,200,linear,none,,,energy-magnitude,layer3,0.3,0.0,1,500,3,9.58,0.07,28.88,0.09,3,yes,,abl1_none,8.95,0.63,0.05,2.26,0.10,-1.63
grid_c100_r18_axmagnitudeL3_l03to00_0ca5ff_20pct,cifar100,resnet18,sgd,200,linear,none,,,energy-magnitude,layer3,0.3,0.0,20,10000,3,58.49,0.07,61.11,0.26,3,yes,,grid_c100_r18_3a0225_20pct,57.00,1.49,0.26,0.93,0.33,0.56
grid_c100_r18_axmagnitudeL3_l03to00_0ca5ff_2pct,cifar100,resnet18,sgd,200,linear,none,,,energy-magnitude,layer3,0.3,0.0,2,1000,3,15.20,0.04,32.38,0.26,3,yes,,abl2_none,14.17,1.02,0.09,2.55,0.30,-1.52
grid_c100_r18_axmagnitudeL3_l03to00_0ca5ff_3pct,cifar100,resnet18,sgd,200,linear,none,,,energy-magnitude,layer3,0.3,0.0,3,1500,3,19.93,0.46,36.18,0.61,3,yes,,abl3_none,18.47,1.46,0.27,3.41,0.37,-1.95
grid_c100_r18_axmagnitudeL3_l03to00_0ca5ff_50pct,cifar100,resnet18,sgd,200,linear,none,,,energy-magnitude,layer3,0.3,0.0,50,25000,3,71.98,0.30,71.46,0.07,3,yes,,grid_c100_r18_3a0225_50pct,71.79,0.19,0.18,0.37,0.13,-0.18
grid_c100_r18_axmagnitudeL3_l03to00_0ca5ff_5pct,cifar100,resnet18,sgd,200,linear,none,,,energy-magnitude,layer3,0.3,0.0,5,2500,3,28.61,0.30,42.20,0.02,3,yes,,abl5_none,25.36,3.25,0.25,4.98,0.15,-1.73
grid_c100_r18_axmagnitudeL3_l03to00_0ca5ff_7pct,cifar100,resnet18,sgd,200,linear,none,,,energy-magnitude,layer3,0.3,0.0,7,3500,3,36.17,0.69,46.26,0.08,3,yes,,abl7_none,32.09,4.07,0.56,4.02,0.31,0.05
grid_c100_r18_axmagnitudeL3_l05_86a99d_15pct,cifar100,resnet18,sgd,200,linear,none,,,energy-magnitude,layer3,0.5,,15,7500,3,52.53,0.42,57.28,0.15,3,yes,,abl15_none,50.09,2.44,0.36,2.65,0.22,-0.21
grid_c100_r18_axmagnitudeL3_l05_86a99d_1pct,cifar100,resnet18,sgd,200,linear,none,,,energy-magnitude,layer3,0.5,,1,500,3,9.92,0.25,29.74,0.49,3,yes,,abl1_none,8.95,0.97,0.15,3.13,0.30,-2.16
grid_c100_r18_axmagnitudeL3_l05_86a99d_20pct,cifar100,resnet18,sgd,200,linear,none,,,energy-magnitude,layer3,0.5,,20,10000,3,58.12,0.14,60.84,0.32,3,yes,,grid_c100_r18_3a0225_20pct,57.00,1.12,0.27,0.66,0.34,0.46
grid_c100_r18_axmagnitudeL3_l05_86a99d_25pct,cifar100,resnet18,sgd,200,linear,none,,,energy-magnitude,layer3,0.5,,25,12500,3,61.53,0.28,63.70,0.17,3,yes,,abl25_none,61.35,0.18,0.31,0.51,0.15,-0.33
grid_c100_r18_axmagnitudeL3_l05_86a99d_3pct,cifar100,resnet18,sgd,200,linear,none,,,energy-magnitude,layer3,0.5,,3,1500,3,20.83,0.21,37.36,0.15,3,yes,,abl3_none,18.47,2.36,0.13,4.59,0.14,-2.23
grid_c100_r18_axmagnitudeL3_l05_86a99d_50pct,cifar100,resnet18,sgd,200,linear,none,,,energy-magnitude,layer3,0.5,,50,25000,3,71.47,0.16,71.11,0.13,3,yes,,grid_c100_r18_3a0225_50pct,71.79,-0.32,0.11,0.02,0.14,-0.34
grid_c100_r18_axmagnitudeL3_l05_86a99d_5pct,cifar100,resnet18,sgd,200,linear,none,,,energy-magnitude,layer3,0.5,,5,2500,3,29.59,0.28,42.61,0.52,3,yes,,abl5_none,25.36,4.23,0.24,5.39,0.34,-1.16
grid_c100_r18_axmagnitudeL3_l05_86a99d_7pct,cifar100,resnet18,sgd,200,linear,none,,,energy-magnitude,layer3,0.5,,7,3500,3,36.12,0.24,46.74,0.33,3,yes,,abl7_none,32.09,4.03,0.42,4.49,0.37,-0.46
grid_c100_r18_axmagnitudeL3_l10_270a59_15pct,cifar100,resnet18,sgd,200,linear,none,,,energy-magnitude,layer3,1.0,,15,7500,3,52.23,0.35,56.97,0.55,3,yes,,abl15_none,50.09,2.14,0.33,2.34,0.38,-0.20
grid_c100_r18_axmagnitudeL3_l10_270a59_1pct,cifar100,resnet18,sgd,200,linear,none,,,energy-magnitude,layer3,1.0,,1,500,3,10.51,0.08,31.25,0.40,3,yes,,abl1_none,8.95,1.55,0.06,4.64,0.24,-3.08
grid_c100_r18_axmagnitudeL3_l10_270a59_20pct,cifar100,resnet18,sgd,200,linear,none,,,energy-magnitude,layer3,1.0,,20,10000,3,57.17,0.13,60.31,0.39,3,yes,,grid_c100_r18_3a0225_20pct,57.00,0.17,0.27,0.13,0.37,0.04
grid_c100_r18_axmagnitudeL3_l10_270a59_25pct,cifar100,resnet18,sgd,200,linear,none,,,energy-magnitude,layer3,1.0,,25,12500,3,61.50,0.62,63.48,0.73,3,yes,,abl25_none,61.35,0.15,0.45,0.30,0.44,-0.14
grid_c100_r18_axmagnitudeL3_l10_270a59_3pct,cifar100,resnet18,sgd,200,linear,none,,,energy-magnitude,layer3,1.0,,3,1500,3,22.02,0.05,38.47,0.27,3,yes,,abl3_none,18.47,3.55,0.05,5.70,0.19,-2.15
grid_c100_r18_axmagnitudeL3_l10_270a59_50pct,cifar100,resnet18,sgd,200,linear,none,,,energy-magnitude,layer3,1.0,,50,25000,3,70.99,0.39,70.41,0.55,3,yes,,grid_c100_r18_3a0225_50pct,71.79,-0.80,0.23,-0.68,0.34,-0.12
grid_c100_r18_axmagnitudeL3_l10_270a59_5pct,cifar100,resnet18,sgd,200,linear,none,,,energy-magnitude,layer3,1.0,,5,2500,3,30.58,0.13,43.09,0.40,3,yes,,abl5_none,25.36,5.22,0.19,5.87,0.28,-0.66
grid_c100_r18_axmagnitudeL3_l10_270a59_7pct,cifar100,resnet18,sgd,200,linear,none,,,energy-magnitude,layer3,1.0,,7,3500,3,36.47,0.04,46.29,0.45,3,yes,,abl7_none,32.09,4.38,0.40,4.05,0.40,0.33
grid_c100_r18_axmagnitudeL3_l10to00_b0bf76_20pct,cifar100,resnet18,sgd,200,linear,none,,,energy-magnitude,layer3,1.0,0.0,20,10000,3,57.62,0.10,60.55,0.35,3,yes,,grid_c100_r18_3a0225_20pct,57.00,0.62,0.26,0.37,0.35,0.24
grid_c100_r18_axmagnitudeL3_l10to00_b0bf76_50pct,cifar100,resnet18,sgd,200,linear,none,,,energy-magnitude,layer3,1.0,0.0,50,25000,3,71.14,0.38,70.88,0.45,3,yes,,grid_c100_r18_3a0225_50pct,71.79,-0.64,0.22,-0.21,0.29,-0.43
grid_c100_r18_axmagnitudeL3_l10to00_hn_d94ac5_100pct,cifar100,resnet18,sgd,200,linear,none,,,energy-magnitude,layer3,1.0,0.0,100,50000,3,78.44,0.19,78.38,0.20,3,yes,,ablf_none,78.52,-0.08,0.14,,,
grid_c100_r18_axmagnitudeL3_l10to00_hn_d94ac5_15pct,cifar100,resnet18,sgd,200,linear,none,,,energy-magnitude,layer3,1.0,0.0,15,7500,3,53.14,0.11,57.70,0.60,3,yes,,abl15_none,50.09,3.05,0.27,3.08,0.40,-0.02
grid_c100_r18_axmagnitudeL3_l10to00_hn_d94ac5_1pct,cifar100,resnet18,sgd,200,linear,none,,,energy-magnitude,layer3,1.0,0.0,1,500,3,10.22,0.17,31.06,0.27,3,yes,,abl1_none,8.95,1.26,0.10,4.44,0.18,-3.17
grid_c100_r18_axmagnitudeL3_l10to00_hn_d94ac5_20pct,cifar100,resnet18,sgd,200,linear,none,,,energy-magnitude,layer3,1.0,0.0,20,10000,3,58.57,0.48,60.90,0.44,3,yes,,grid_c100_r18_3a0225_20pct,57.00,1.57,0.38,0.72,0.39,0.85
grid_c100_r18_axmagnitudeL3_l10to00_hn_d94ac5_25pct,cifar100,resnet18,sgd,200,linear,none,,,energy-magnitude,layer3,1.0,0.0,25,12500,3,62.17,0.23,63.69,0.05,3,yes,,abl25_none,61.35,0.82,0.30,0.50,0.12,0.32
grid_c100_r18_axmagnitudeL3_l10to00_hn_d94ac5_2pct,cifar100,resnet18,sgd,200,linear,none,,,energy-magnitude,layer3,1.0,0.0,2,1000,3,17.14,0.16,35.35,0.05,3,yes,,abl2_none,14.17,2.96,0.13,5.52,0.26,-2.55
grid_c100_r18_axmagnitudeL3_l10to00_hn_d94ac5_3pct,cifar100,resnet18,sgd,200,linear,none,,,energy-magnitude,layer3,1.0,0.0,3,1500,3,22.26,0.49,38.96,0.46,3,yes,,abl3_none,18.47,3.79,0.28,6.19,0.29,-2.40
grid_c100_r18_axmagnitudeL3_l10to00_hn_d94ac5_50pct,cifar100,resnet18,sgd,200,linear,none,,,energy-magnitude,layer3,1.0,0.0,50,25000,3,71.20,0.30,70.84,0.09,3,yes,,grid_c100_r18_3a0225_50pct,71.79,-0.59,0.18,-0.25,0.13,-0.33
grid_c100_r18_axmagnitudeL3_l10to00_hn_d94ac5_5pct,cifar100,resnet18,sgd,200,linear,none,,,energy-magnitude,layer3,1.0,0.0,5,2500,3,30.88,0.53,44.14,0.27,3,yes,,abl5_none,25.36,5.51,0.35,6.92,0.22,-1.41
grid_c100_r18_axmagnitudeL3_l10to00_hn_d94ac5_7pct,cifar100,resnet18,sgd,200,linear,none,,,energy-magnitude,layer3,1.0,0.0,7,3500,3,37.29,0.32,48.06,0.06,3,yes,,abl7_none,32.09,5.20,0.44,5.82,0.31,-0.62
grid_c100_r18_axmagnitudeL3_l10to01_8fc310_20pct,cifar100,resnet18,sgd,200,linear,none,,,energy-magnitude,layer3,1.0,0.1,20,10000,3,57.92,0.37,,,,yes,,grid_c100_r18_3a0225_20pct,57.00,0.92,0.33,,,
grid_c100_r18_axmagnitudeL3_l10to01_8fc310_50pct,cifar100,resnet18,sgd,200,linear,none,,,energy-magnitude,layer3,1.0,0.1,50,25000,3,71.24,0.14,70.99,0.31,3,yes,,grid_c100_r18_3a0225_50pct,71.79,-0.55,0.10,-0.10,0.21,-0.45
grid_c100_r18_axmagnitudeL3_l20_017c1a_100pct,cifar100,resnet18,sgd,200,linear,none,,,energy-magnitude,layer3,2.0,,100,50000,3,77.61,0.29,77.60,0.35,3,yes,,ablf_none,78.52,-0.90,0.19,,,
grid_c100_r18_axmagnitudeL3_l20_017c1a_10pct,cifar100,resnet18,sgd,200,linear,none,,,energy-magnitude,layer3,2.0,,10,5000,3,43.73,0.54,51.52,0.67,3,yes,,abl10_none,40.28,3.45,0.36,3.58,0.42,-0.13
grid_c100_r18_axmagnitudeL3_l20_017c1a_15pct,cifar100,resnet18,sgd,200,linear,none,,,energy-magnitude,layer3,2.0,,15,7500,3,51.67,0.22,56.70,0.22,3,yes,,abl15_none,50.09,1.58,0.29,2.07,0.24,-0.49
grid_c100_r18_axmagnitudeL3_l20_017c1a_1pct,cifar100,resnet18,sgd,200,linear,none,,,energy-magnitude,layer3,2.0,,1,500,3,10.89,0.11,31.49,0.20,3,yes,,abl1_none,8.95,1.94,0.07,4.87,0.15,-2.94
grid_c100_r18_axmagnitudeL3_l20_017c1a_20pct,cifar100,resnet18,sgd,200,linear,none,,,energy-magnitude,layer3,2.0,,20,10000,3,57.08,0.41,59.89,0.50,3,yes,,grid_c100_r18_3a0225_20pct,57.00,0.08,0.35,-0.29,0.41,0.37
grid_c100_r18_axmagnitudeL3_l20_017c1a_25pct,cifar100,resnet18,sgd,200,linear,none,,,energy-magnitude,layer3,2.0,,25,12500,3,60.66,0.33,63.09,0.32,3,yes,,abl25_none,61.35,-0.69,0.33,-0.10,0.22,-0.59
grid_c100_r18_axmagnitudeL3_l20_017c1a_3pct,cifar100,resnet18,sgd,200,linear,none,,,energy-magnitude,layer3,2.0,,3,1500,3,22.65,0.54,38.83,0.51,3,yes,,abl3_none,18.47,4.18,0.31,6.06,0.31,-1.89
grid_c100_r18_axmagnitudeL3_l20_017c1a_50pct,cifar100,resnet18,sgd,200,linear,none,,,energy-magnitude,layer3,2.0,,50,25000,3,70.48,0.12,70.24,0.15,3,yes,,grid_c100_r18_3a0225_50pct,71.79,-1.31,0.08,-0.85,0.15,-0.45
grid_c100_r18_axmagnitudeL3_l20_017c1a_5pct,cifar100,resnet18,sgd,200,linear,none,,,energy-magnitude,layer3,2.0,,5,2500,3,31.00,0.50,43.72,0.38,3,yes,,abl5_none,25.36,5.64,0.34,6.50,0.27,-0.87
grid_c100_r18_axmagnitudeL3_l20_017c1a_7pct,cifar100,resnet18,sgd,200,linear,none,,,energy-magnitude,layer3,2.0,,7,3500,3,36.52,0.33,46.47,0.50,3,yes,,abl7_none,32.09,4.43,0.44,4.22,0.43,0.21
grid_c100_r18_axmagnitudeL3_l20to00_461755_100pct,cifar100,resnet18,sgd,200,linear,none,,,energy-magnitude,layer3,2.0,0.0,100,50000,3,77.69,0.43,77.76,0.37,3,yes,,ablf_none,78.52,-0.83,0.26,,,
grid_c100_r18_axmagnitudeL3_l20to00_461755_10pct,cifar100,resnet18,sgd,200,linear,none,,,energy-magnitude,layer3,2.0,0.0,10,5000,3,44.00,0.81,51.76,0.52,3,yes,,abl10_none,40.28,3.72,0.50,3.82,0.34,-0.10
grid_c100_r18_axmagnitudeL3_l20to00_461755_15pct,cifar100,resnet18,sgd,200,linear,none,,,energy-magnitude,layer3,2.0,0.0,15,7500,3,52.38,0.45,57.12,0.32,3,yes,,abl15_none,50.09,2.29,0.37,2.49,0.28,-0.20
grid_c100_r18_axmagnitudeL3_l20to00_461755_20pct,cifar100,resnet18,sgd,200,linear,none,,,energy-magnitude,layer3,2.0,0.0,20,10000,3,57.06,0.09,60.34,0.16,3,yes,,grid_c100_r18_3a0225_20pct,57.00,0.06,0.26,0.16,0.31,-0.10
grid_c100_r18_axmagnitudeL3_l20to00_461755_25pct,cifar100,resnet18,sgd,200,linear,none,,,energy-magnitude,layer3,2.0,0.0,25,12500,3,61.20,0.15,63.20,0.37,3,yes,,abl25_none,61.35,-0.15,0.28,0.02,0.24,-0.17
grid_c100_r18_axmagnitudeL3_l20to00_461755_3pct,cifar100,resnet18,sgd,200,linear,none,,,energy-magnitude,layer3,2.0,0.0,3,1500,3,22.79,0.63,39.02,0.21,3,yes,,abl3_none,18.47,4.32,0.37,6.25,0.16,-1.93
grid_c100_r18_axmagnitudeL3_l20to00_461755_50pct,cifar100,resnet18,sgd,200,linear,none,,,energy-magnitude,layer3,2.0,0.0,50,25000,3,70.67,0.42,70.23,0.16,3,yes,,grid_c100_r18_3a0225_50pct,71.79,-1.12,0.25,-0.86,0.15,-0.26
grid_c100_r18_axmagnitudeL3_l20to00_461755_5pct,cifar100,resnet18,sgd,200,linear,none,,,energy-magnitude,layer3,2.0,0.0,5,2500,3,31.13,0.08,44.16,0.13,3,yes,,abl5_none,25.36,5.77,0.18,6.94,0.17,-1.17
grid_c100_r18_axmagnitudeL3_l20to00_461755_7pct,cifar100,resnet18,sgd,200,linear,none,,,energy-magnitude,layer3,2.0,0.0,7,3500,3,36.90,0.23,47.06,0.23,3,yes,,abl7_none,32.09,4.81,0.42,4.81,0.34,-0.00
grid_c100_r18_axmagnitudeL4_l03_27e91e_100pct,cifar100,resnet18,sgd,200,linear,none,,,energy-magnitude,layer4,0.3,,100,50000,3,78.55,0.23,78.39,0.21,3,yes,,ablf_none,78.52,0.03,0.16,,,
grid_c100_r18_axmagnitudeL4_l03_27e91e_15pct,cifar100,resnet18,sgd,200,linear,none,,,energy-magnitude,layer4,0.3,,15,7500,3,51.50,0.55,56.11,0.21,3,yes,,abl15_none,50.09,1.41,0.41,1.48,0.24,-0.07
grid_c100_r18_axmagnitudeL4_l03_27e91e_1pct,cifar100,resnet18,sgd,200,linear,none,,,energy-magnitude,layer4,0.3,,1,500,3,9.35,0.17,28.35,0.90,3,yes,,abl1_none,8.95,0.40,0.10,1.73,0.53,-1.34
grid_c100_r18_axmagnitudeL4_l03_27e91e_20pct,cifar100,resnet18,sgd,200,linear,none,,,energy-magnitude,layer4,0.3,,20,10000,3,57.30,0.11,60.20,0.08,3,yes,,grid_c100_r18_3a0225_20pct,57.00,0.30,0.26,0.02,0.30,0.28
grid_c100_r18_axmagnitudeL4_l03_27e91e_25pct,cifar100,resnet18,sgd,200,linear,none,,,energy-magnitude,layer4,0.3,,25,12500,3,61.49,0.32,63.42,0.27,3,yes,,abl25_none,61.35,0.14,0.32,0.23,0.20,-0.09
grid_c100_r18_axmagnitudeL4_l03_27e91e_2pct,cifar100,resnet18,sgd,200,linear,none,,,energy-magnitude,layer4,0.3,,2,1000,3,14.94,0.37,32.68,0.67,3,yes,,abl2_none,14.17,0.76,0.23,2.85,0.47,-2.09
grid_c100_r18_axmagnitudeL4_l03_27e91e_3pct,cifar100,resnet18,sgd,200,linear,none,,,energy-magnitude,layer4,0.3,,3,1500,3,19.57,0.06,35.44,0.26,3,yes,,abl3_none,18.47,1.10,0.05,2.67,0.19,-1.57
grid_c100_r18_axmagnitudeL4_l03_27e91e_50pct,cifar100,resnet18,sgd,200,linear,none,,,energy-magnitude,layer4,0.3,,50,25000,3,71.06,0.27,70.94,0.14,3,yes,,grid_c100_r18_3a0225_50pct,71.79,-0.73,0.16,-0.15,0.14,-0.58
grid_c100_r18_axmagnitudeL4_l03_27e91e_5pct,cifar100,resnet18,sgd,200,linear,none,,,energy-magnitude,layer4,0.3,,5,2500,3,26.73,0.20,40.21,0.05,3,yes,,abl5_none,25.36,1.37,0.21,2.99,0.16,-1.62
grid_c100_r18_axmagnitudeL4_l03_27e91e_7pct,cifar100,resnet18,sgd,200,linear,none,,,energy-magnitude,layer4,0.3,,7,3500,3,33.30,0.03,44.72,0.32,3,yes,,abl7_none,32.09,1.21,0.40,2.48,0.36,-1.27
grid_c100_r18_axmomentscatL3_l03_d020d0_100pct,cifar100,resnet18,sgd,200,linear,none,,,moments-cat,layer3,0.3,,100,50000,3,78.50,0.06,78.36,0.07,3,yes,,ablf_none,78.52,-0.01,0.10,,,
grid_c100_r18_axmomentscatL3_l03_d020d0_15pct,cifar100,resnet18,sgd,200,linear,none,,,moments-cat,layer3,0.3,,15,7500,3,50.35,0.41,55.34,0.50,3,yes,,abl15_none,50.09,0.26,0.35,0.71,0.35,-0.45
grid_c100_r18_axmomentscatL3_l03_d020d0_1pct,cifar100,resnet18,sgd,200,linear,none,,,moments-cat,layer3,0.3,,1,500,3,9.00,0.21,27.01,0.44,3,yes,,abl1_none,8.95,0.04,0.13,0.39,0.27,-0.35
grid_c100_r18_axmomentscatL3_l03_d020d0_20pct,cifar100,resnet18,sgd,200,linear,none,,,moments-cat,layer3,0.3,,20,10000,3,56.53,0.29,59.42,0.32,3,yes,,grid_c100_r18_3a0225_20pct,57.00,-0.47,0.30,-0.76,0.35,0.29
grid_c100_r18_axmomentscatL3_l03_d020d0_25pct,cifar100,resnet18,sgd,200,linear,none,,,moments-cat,layer3,0.3,,25,12500,3,61.28,0.50,62.97,0.31,3,yes,,abl25_none,61.35,-0.07,0.39,-0.22,0.22,0.15
grid_c100_r18_axmomentscatL3_l03_d020d0_2pct,cifar100,resnet18,sgd,200,linear,none,,,moments-cat,layer3,0.3,,2,1000,3,14.18,0.41,30.50,0.55,3,yes,,abl2_none,14.17,0.00,0.25,0.67,0.41,-0.67
grid_c100_r18_axmomentscatL3_l03_d020d0_3pct,cifar100,resnet18,sgd,200,linear,none,,,moments-cat,layer3,0.3,,3,1500,3,19.01,0.27,33.91,0.52,3,yes,,abl3_none,18.47,0.54,0.16,1.14,0.32,-0.60
grid_c100_r18_axmomentscatL3_l03_d020d0_50pct,cifar100,resnet18,sgd,200,linear,none,,,moments-cat,layer3,0.3,,50,25000,3,71.18,0.14,70.97,0.28,3,yes,,grid_c100_r18_3a0225_50pct,71.79,-0.61,0.10,-0.12,0.20,-0.49
grid_c100_r18_axmomentscatL3_l03_d020d0_5pct,cifar100,resnet18,sgd,200,linear,none,,,moments-cat,layer3,0.3,,5,2500,3,25.92,0.19,38.63,0.78,3,yes,,abl5_none,25.36,0.56,0.21,1.41,0.48,-0.85
grid_c100_r18_axmomentscatL3_l03_d020d0_7pct,cifar100,resnet18,sgd,200,linear,none,,,moments-cat,layer3,0.3,,7,3500,3,32.74,0.24,43.20,0.62,3,yes,,abl7_none,32.09,0.65,0.42,0.95,0.47,-0.31
grid_c100_r18_axrandomfixedL3_l03_ae7802_100pct,cifar100,resnet18,sgd,200,linear,none,,,random-fixed,layer3,0.3,,100,50000,3,78.28,0.14,78.19,0.16,3,yes,,ablf_none,78.52,-0.24,0.12,,,
grid_c100_r18_axrandomfixedL3_l03_ae7802_15pct,cifar100,resnet18,sgd,200,linear,none,,,random-fixed,layer3,0.3,,15,7500,3,50.41,0.75,55.65,0.38,3,yes,,abl15_none,50.09,0.32,0.51,1.02,0.30,-0.70
grid_c100_r18_axrandomfixedL3_l03_ae7802_20pct,cifar100,resnet18,sgd,200,linear,none,,,random-fixed,layer3,0.3,,20,10000,3,56.92,0.13,59.98,0.16,3,yes,,grid_c100_r18_3a0225_20pct,57.00,-0.08,0.27,-0.20,0.31,0.12
grid_c100_r18_axrandomfixedL3_l03_ae7802_25pct,cifar100,resnet18,sgd,200,linear,none,,,random-fixed,layer3,0.3,,25,12500,3,60.78,0.53,62.40,0.49,3,yes,,abl25_none,61.35,-0.57,0.40,-0.79,0.30,0.22
grid_c100_r18_axrandomfixedL3_l03_ae7802_2pct,cifar100,resnet18,sgd,200,linear,none,,,random-fixed,layer3,0.3,,2,1000,3,14.44,0.28,30.69,0.40,3,yes,,abl2_none,14.17,0.27,0.18,0.86,0.35,-0.59
grid_c100_r18_axrandomfixedL3_l03_ae7802_3pct,cifar100,resnet18,sgd,200,linear,none,,,random-fixed,layer3,0.3,,3,1500,3,18.61,0.19,33.55,0.46,3,yes,,abl3_none,18.47,0.14,0.11,0.78,0.29,-0.64
grid_c100_r18_axrandomfixedL3_l03_ae7802_50pct,cifar100,resnet18,sgd,200,linear,none,,,random-fixed,layer3,0.3,,50,25000,3,71.16,0.28,70.94,0.29,3,yes,,grid_c100_r18_3a0225_50pct,71.79,-0.62,0.17,-0.15,0.20,-0.47
grid_c100_r18_axrandomfixedL3_l03_ae7802_7pct,cifar100,resnet18,sgd,200,linear,none,,,random-fixed,layer3,0.3,,7,3500,3,32.14,0.85,42.83,1.04,3,yes,,abl7_none,32.09,0.04,0.63,0.58,0.68,-0.54
grid_c100_r18_axrandomfixedL3_l20to00_80c6c7_100pct,cifar100,resnet18,sgd,200,linear,none,,,random-fixed,layer3,2.0,0.0,100,50000,3,78.17,0.22,78.09,0.17,3,yes,,ablf_none,78.52,-0.35,0.15,,,
grid_c100_r18_axrandomfixedL3_l20to00_80c6c7_10pct,cifar100,resnet18,sgd,200,linear,none,,,random-fixed,layer3,2.0,0.0,10,5000,3,40.04,0.51,47.62,0.53,3,yes,,abl10_none,40.28,-0.24,0.35,-0.32,0.34,0.09
grid_c100_r18_axrandomfixedL3_l20to00_80c6c7_15pct,cifar100,resnet18,sgd,200,linear,none,,,random-fixed,layer3,2.0,0.0,15,7500,3,49.97,0.30,54.84,0.50,3,yes,,abl15_none,50.09,-0.12,0.31,0.21,0.35,-0.33
grid_c100_r18_axrandomfixedL3_l20to00_80c6c7_20pct,cifar100,resnet18,sgd,200,linear,none,,,random-fixed,layer3,2.0,0.0,20,10000,3,55.66,0.30,58.86,0.13,3,yes,,grid_c100_r18_3a0225_20pct,57.00,-1.34,0.31,-1.32,0.30,-0.02
grid_c100_r18_axrandomfixedL3_l20to00_80c6c7_25pct,cifar100,resnet18,sgd,200,linear,none,,,random-fixed,layer3,2.0,0.0,25,12500,3,60.11,0.19,62.10,0.14,3,yes,,abl25_none,61.35,-1.24,0.29,-1.08,0.14,-0.16
grid_c100_r18_axrandomfixedL3_l20to00_80c6c7_2pct,cifar100,resnet18,sgd,200,linear,none,,,random-fixed,layer3,2.0,0.0,2,1000,3,14.63,0.09,30.82,0.26,3,yes,,abl2_none,14.17,0.45,0.10,0.99,0.30,-0.54
grid_c100_r18_axrandomfixedL3_l20to00_80c6c7_3pct,cifar100,resnet18,sgd,200,linear,none,,,random-fixed,layer3,2.0,0.0,3,1500,3,18.86,0.30,33.53,0.48,3,yes,,abl3_none,18.47,0.39,0.18,0.76,0.30,-0.36
grid_c100_r18_axrandomfixedL3_l20to00_80c6c7_50pct,cifar100,resnet18,sgd,200,linear,none,,,random-fixed,layer3,2.0,0.0,50,25000,3,71.03,0.07,70.55,0.22,3,yes,,grid_c100_r18_3a0225_50pct,71.79,-0.75,0.06,-0.54,0.18,-0.21
grid_c100_r18_axrandomfixedL3_l20to00_80c6c7_5pct,cifar100,resnet18,sgd,200,linear,none,,,random-fixed,layer3,2.0,0.0,5,2500,3,25.63,0.42,37.87,0.16,3,yes,,abl5_none,25.36,0.27,0.30,0.65,0.18,-0.38
grid_c100_r18_axrandomfixedL3_l20to00_80c6c7_7pct,cifar100,resnet18,sgd,200,linear,none,,,random-fixed,layer3,2.0,0.0,7,3500,3,32.13,0.25,42.53,0.57,3,yes,,abl7_none,32.09,0.04,0.42,0.29,0.45,-0.25
grid_c100_r18_axrotinvL3_l03_a9b216_100pct,cifar100,resnet18,sgd,200,linear,none,,,energy-rotinv,layer3,0.3,,100,50000,3,78.18,0.06,78.01,0.01,3,yes,,ablf_none,78.52,-0.34,0.10,,,
grid_c100_r18_axrotinvL3_l03_a9b216_15pct,cifar100,resnet18,sgd,200,linear,none,,,energy-rotinv,layer3,0.3,,15,7500,3,49.88,0.49,54.82,0.47,3,yes,,abl15_none,50.09,-0.21,0.39,0.19,0.34,-0.40
grid_c100_r18_axrotinvL3_l03_a9b216_1pct,cifar100,resnet18,sgd,200,linear,none,,,energy-rotinv,layer3,0.3,,1,500,3,9.45,0.06,27.66,0.18,3,yes,,abl1_none,8.95,0.49,0.05,1.05,0.14,-0.55
grid_c100_r18_axrotinvL3_l03_a9b216_20pct,cifar100,resnet18,sgd,200,linear,none,,,energy-rotinv,layer3,0.3,,20,10000,3,56.24,0.75,59.65,0.88,3,yes,,grid_c100_r18_3a0225_20pct,57.00,-0.76,0.50,-0.53,0.59,-0.23
grid_c100_r18_axrotinvL3_l03_a9b216_25pct,cifar100,resnet18,sgd,200,linear,none,,,energy-rotinv,layer3,0.3,,25,12500,3,60.39,0.47,62.35,0.73,3,yes,,abl25_none,61.35,-0.96,0.38,-0.84,0.44,-0.12
grid_c100_r18_axrotinvL3_l03_a9b216_2pct,cifar100,resnet18,sgd,200,linear,none,,,energy-rotinv,layer3,0.3,,2,1000,3,14.66,0.10,31.20,0.20,3,yes,,abl2_none,14.17,0.49,0.10,1.37,0.29,-0.89
grid_c100_r18_axrotinvL3_l03_a9b216_3pct,cifar100,resnet18,sgd,200,linear,none,,,energy-rotinv,layer3,0.3,,3,1500,3,19.13,0.14,34.41,0.79,3,yes,,abl3_none,18.47,0.66,0.09,1.64,0.47,-0.98
grid_c100_r18_axrotinvL3_l03_a9b216_50pct,cifar100,resnet18,sgd,200,linear,none,,,energy-rotinv,layer3,0.3,,50,25000,3,71.24,0.12,70.80,0.10,3,yes,,grid_c100_r18_3a0225_50pct,71.79,-0.54,0.09,-0.29,0.13,-0.25
grid_c100_r18_axrotinvL3_l03_a9b216_5pct,cifar100,resnet18,sgd,200,linear,none,,,energy-rotinv,layer3,0.3,,5,2500,3,26.80,0.33,39.13,0.45,3,yes,,abl5_none,25.36,1.43,0.26,1.91,0.30,-0.47
grid_c100_r18_axrotinvL3_l03_a9b216_7pct,cifar100,resnet18,sgd,200,linear,none,,,energy-rotinv,layer3,0.3,,7,3500,3,33.13,0.61,43.39,0.81,3,yes,,abl7_none,32.09,1.03,0.53,1.14,0.56,-0.11
grid_c100_r18_axsteerableL3_l03_db5093_100pct,cifar100,resnet18,sgd,200,linear,none,,,energy-steerable,layer3,0.3,,100,50000,3,78.01,0.53,77.92,0.52,3,yes,,ablf_none,78.52,-0.51,0.32,,,
grid_c100_r18_axsteerableL3_l03_db5093_15pct,cifar100,resnet18,sgd,200,linear,none,,,energy-steerable,layer3,0.3,,15,7500,3,50.42,0.76,55.21,0.48,3,yes,,abl15_none,50.09,0.33,0.51,0.59,0.35,-0.25
grid_c100_r18_axsteerableL3_l03_db5093_1pct,cifar100,resnet18,sgd,200,linear,none,,,energy-steerable,layer3,0.3,,1,500,3,9.47,0.08,27.80,0.42,3,yes,,abl1_none,8.95,0.51,0.05,1.19,0.26,-0.67
grid_c100_r18_axsteerableL3_l03_db5093_20pct,cifar100,resnet18,sgd,200,linear,none,,,energy-steerable,layer3,0.3,,20,10000,3,56.39,0.35,59.58,0.37,3,yes,,grid_c100_r18_3a0225_20pct,57.00,-0.61,0.32,-0.60,0.36,-0.01
grid_c100_r18_axsteerableL3_l03_db5093_25pct,cifar100,resnet18,sgd,200,linear,none,,,energy-steerable,layer3,0.3,,25,12500,3,60.63,0.45,62.61,0.55,3,yes,,abl25_none,61.35,-0.72,0.37,-0.58,0.34,-0.14
grid_c100_r18_axsteerableL3_l03_db5093_2pct,cifar100,resnet18,sgd,200,linear,none,,,energy-steerable,layer3,0.3,,2,1000,3,14.84,0.13,31.76,0.49,3,yes,,abl2_none,14.17,0.66,0.12,1.93,0.38,-1.26
grid_c100_r18_axsteerableL3_l03_db5093_3pct,cifar100,resnet18,sgd,200,linear,none,,,energy-steerable,layer3,0.3,,3,1500,3,19.42,0.27,35.12,0.44,3,yes,,abl3_none,18.47,0.95,0.16,2.35,0.28,-1.40
grid_c100_r18_axsteerableL3_l03_db5093_50pct,cifar100,resnet18,sgd,200,linear,none,,,energy-steerable,layer3,0.3,,50,25000,3,70.72,0.24,70.62,0.13,3,yes,,grid_c100_r18_3a0225_50pct,71.79,-1.07,0.15,-0.47,0.14,-0.60
grid_c100_r18_axsteerableL3_l03_db5093_5pct,cifar100,resnet18,sgd,200,linear,none,,,energy-steerable,layer3,0.3,,5,2500,3,26.91,0.60,40.15,0.35,3,yes,,abl5_none,25.36,1.55,0.39,2.93,0.25,-1.38
grid_c100_r18_axsteerableL3_l03_db5093_7pct,cifar100,resnet18,sgd,200,linear,none,,,energy-steerable,layer3,0.3,,7,3500,3,34.01,0.57,44.38,0.15,3,yes,,abl7_none,32.09,1.92,0.51,2.14,0.32,-0.22
grid_c100_r18_axstructureL3_l03_26d33f_100pct,cifar100,resnet18,sgd,200,linear,none,,,energy-structure,layer3,0.3,,100,50000,3,78.39,0.20,78.39,0.21,3,yes,,ablf_none,78.52,-0.13,0.15,,,
grid_c100_r18_axstructureL3_l03_26d33f_15pct,cifar100,resnet18,sgd,200,linear,none,,,energy-structure,layer3,0.3,,15,7500,3,51.59,0.30,56.65,0.35,3,yes,,abl15_none,50.09,1.50,0.31,2.02,0.29,-0.53
grid_c100_r18_axstructureL3_l03_26d33f_1pct,cifar100,resnet18,sgd,200,linear,none,,,energy-structure,layer3,0.3,,1,500,3,9.40,0.13,28.44,0.33,3,yes,,abl1_none,8.95,0.44,0.08,1.83,0.21,-1.38
grid_c100_r18_axstructureL3_l03_26d33f_20pct,cifar100,resnet18,sgd,200,linear,none,,,energy-structure,layer3,0.3,,20,10000,3,57.43,0.46,60.32,0.18,3,yes,,grid_c100_r18_3a0225_20pct,57.00,0.43,0.37,0.14,0.31,0.29
grid_c100_r18_axstructureL3_l03_26d33f_25pct,cifar100,resnet18,sgd,200,linear,none,,,energy-structure,layer3,0.3,,25,12500,3,61.56,0.36,63.70,0.28,3,yes,,abl25_none,61.35,0.21,0.34,0.52,0.20,-0.31
grid_c100_r18_axstructureL3_l03_26d33f_2pct,cifar100,resnet18,sgd,200,linear,none,,,energy-structure,layer3,0.3,,2,1000,3,14.71,0.06,31.42,0.32,3,yes,,abl2_none,14.17,0.54,0.09,1.59,0.32,-1.05
grid_c100_r18_axstructureL3_l03_26d33f_3pct,cifar100,resnet18,sgd,200,linear,none,,,energy-structure,layer3,0.3,,3,1500,3,18.66,0.31,34.41,0.31,3,yes,,abl3_none,18.47,0.19,0.18,1.64,0.21,-1.45
grid_c100_r18_axstructureL3_l03_26d33f_50pct,cifar100,resnet18,sgd,200,linear,none,,,energy-structure,layer3,0.3,,50,25000,3,71.33,0.28,70.69,0.20,3,yes,,grid_c100_r18_3a0225_50pct,71.79,-0.46,0.17,-0.40,0.17,-0.06
grid_c100_r18_axstructureL3_l03_26d33f_5pct,cifar100,resnet18,sgd,200,linear,none,,,energy-structure,layer3,0.3,,5,2500,3,26.44,0.17,38.89,0.81,3,yes,,abl5_none,25.36,1.07,0.20,1.67,0.49,-0.60
grid_c100_r18_axstructureL3_l03_26d33f_7pct,cifar100,resnet18,sgd,200,linear,none,,,energy-structure,layer3,0.3,,7,3500,3,33.67,0.55,43.42,0.83,3,yes,,abl7_none,32.09,1.58,0.51,1.18,0.57,0.40
grid_c100_r18_axteach_l03_10e860_100pct,cifar100,resnet18,sgd,200,linear,none,,,,layer3,0.3,,100,50000,3,78.48,0.66,78.38,0.54,3,yes,,ablf_none,78.52,-0.04,0.39,,,
grid_c100_r18_axteach_l03_10e860_15pct,cifar100,resnet18,sgd,200,linear,none,,,,layer3,0.3,,15,7500,3,50.44,0.06,56.12,0.26,3,yes,,abl15_none,50.09,0.35,0.26,1.50,0.25,-1.15
grid_c100_r18_axteach_l03_10e860_1pct,cifar100,resnet18,sgd,200,linear,none,,,,layer3,0.3,,1,500,3,8.93,0.21,26.78,0.13,3,yes,,abl1_none,8.95,-0.02,0.13,0.16,0.12,-0.18
grid_c100_r18_axteach_l03_10e860_20pct,cifar100,resnet18,sgd,200,linear,none,,,,layer3,0.3,,20,10000,3,56.81,0.27,59.67,0.11,3,yes,,grid_c100_r18_3a0225_20pct,57.00,-0.19,0.30,-0.51,0.30,0.32
grid_c100_r18_axteach_l03_10e860_25pct,cifar100,resnet18,sgd,200,linear,none,,,,layer3,0.3,,25,12500,3,61.32,0.49,63.46,0.46,3,yes,,abl25_none,61.35,-0.03,0.39,0.27,0.29,-0.30
grid_c100_r18_axteach_l03_10e860_2pct,cifar100,resnet18,sgd,200,linear,none,,,,layer3,0.3,,2,1000,3,13.93,0.24,30.23,0.27,3,yes,,abl2_none,14.17,-0.25,0.16,0.40,0.30,-0.64
grid_c100_r18_axteach_l03_10e860_3pct,cifar100,resnet18,sgd,200,linear,none,,,,layer3,0.3,,3,1500,3,18.47,0.15,33.44,0.42,3,yes,,abl3_none,18.47,0.00,0.09,0.67,0.27,-0.67
grid_c100_r18_axteach_l03_10e860_50pct,cifar100,resnet18,sgd,200,linear,none,,,,layer3,0.3,,50,25000,3,71.50,0.57,71.25,0.33,3,yes,,grid_c100_r18_3a0225_50pct,71.79,-0.29,0.33,0.16,0.23,-0.45
grid_c100_r18_axteach_l03_10e860_7pct,cifar100,resnet18,sgd,200,linear,none,,,,layer3,0.3,,7,3500,3,32.82,0.54,43.55,0.16,3,yes,,abl7_none,32.09,0.73,0.50,1.31,0.32,-0.58
grid_c100_r18_poollearned_d9c446_15pct,cifar100,resnet18,sgd,200,linear,none,,,,,,,15,7500,3,1.00,0.00,,,,yes,,abl15_none,50.09,-49.09,0.26,,,
grid_c100_r18_poollearned_d9c446_20pct,cifar100,resnet18,sgd,200,linear,none,,,,,,,20,10000,3,29.87,24.71,,,,no,1/3 seeds at chance,grid_c100_r18_3a0225_20pct,57.00,-27.13,14.27,,,
grid_c100_r18_poollearned_d9c446_25pct,cifar100,resnet18,sgd,200,linear,none,,,,,,,25,12500,3,31.61,26.55,,,,no,1/3 seeds at chance,abl25_none,61.35,-29.74,15.33,,,
grid_c100_r18_poollearned_d9c446_2pct,cifar100,resnet18,sgd,200,linear,none,,,,,,,2,1000,3,1.00,0.00,1.00,0.00,3,yes,,abl2_none,14.17,-13.17,0.09,-28.83,0.26,15.66
grid_c100_r18_poollearned_d9c446_3pct,cifar100,resnet18,sgd,200,linear,none,,,,,,,3,1500,3,4.93,5.87,,,,no,1/3 seeds at chance,abl3_none,18.47,-13.54,3.39,,,
grid_c100_r18_poollearned_d9c446_50pct,cifar100,resnet18,sgd,200,linear,none,,,,,,,50,25000,3,23.00,38.11,,,,no,2/3 seeds at chance,grid_c100_r18_3a0225_50pct,71.79,-48.79,22.00,,,
grid_c100_r18_poollearned_d9c446_5pct,cifar100,resnet18,sgd,200,linear,none,,,,,,,5,2500,3,1.08,0.14,,,,yes,,abl5_none,25.36,-24.28,0.19,,,
grid_c100_r18_poollearned_d9c446_7pct,cifar100,resnet18,sgd,200,linear,none,,,,,,,7,3500,3,1.00,0.00,,,,yes,,abl7_none,32.09,-31.09,0.40,,,
grid_c100_r18_poolrandom_8af5c3_15pct,cifar100,resnet18,sgd,200,linear,none,,,,,,,15,7500,3,42.90,2.90,,,,yes,,abl15_none,50.09,-7.19,1.70,,,
grid_c100_r18_poolrandom_8af5c3_20pct,cifar100,resnet18,sgd,200,linear,none,,,,,,,20,10000,3,51.69,0.57,,,,yes,,grid_c100_r18_3a0225_20pct,57.00,-5.31,0.41,,,
grid_c100_r18_poolrandom_8af5c3_25pct,cifar100,resnet18,sgd,200,linear,none,,,,,,,25,12500,3,57.51,0.59,,,,yes,,abl25_none,61.35,-3.84,0.43,,,
grid_c100_r18_poolrandom_8af5c3_2pct,cifar100,resnet18,sgd,200,linear,none,,,,,,,2,1000,3,13.25,0.18,,,,yes,,abl2_none,14.17,-0.92,0.13,,,
grid_c100_r18_poolrandom_8af5c3_3pct,cifar100,resnet18,sgd,200,linear,none,,,,,,,3,1500,3,16.82,0.22,,,,yes,,abl3_none,18.47,-1.65,0.13,,,
grid_c100_r18_poolrandom_8af5c3_50pct,cifar100,resnet18,sgd,200,linear,none,,,,,,,50,25000,3,69.08,0.38,,,,yes,,grid_c100_r18_3a0225_50pct,71.79,-2.70,0.23,,,
grid_c100_r18_poolrandom_8af5c3_5pct,cifar100,resnet18,sgd,200,linear,none,,,,,,,5,2500,3,21.11,0.33,,,,yes,,abl5_none,25.36,-4.26,0.26,,,
grid_c100_r18_poolrandom_8af5c3_7pct,cifar100,resnet18,sgd,200,linear,none,,,,,,,7,3500,3,25.18,0.80,,,,yes,,abl7_none,32.09,-6.91,0.61,,,
grid_c100_r18_poolzernike_8f86be_15pct,cifar100,resnet18,sgd,200,linear,none,,,,,,,15,7500,3,40.11,1.34,,,,yes,,abl15_none,50.09,-9.98,0.82,,,
grid_c100_r18_poolzernike_8f86be_20pct,cifar100,resnet18,sgd,200,linear,none,,,,,,,20,10000,3,50.28,0.94,,,,yes,,grid_c100_r18_3a0225_20pct,57.00,-6.72,0.60,,,
grid_c100_r18_poolzernike_8f86be_25pct,cifar100,resnet18,sgd,200,linear,none,,,,,,,25,12500,3,54.42,0.52,,,,yes,,abl25_none,61.35,-6.93,0.40,,,
grid_c100_r18_poolzernike_8f86be_2pct,cifar100,resnet18,sgd,200,linear,none,,,,,,,2,1000,3,12.95,0.20,,,,yes,,abl2_none,14.17,-1.22,0.15,,,
grid_c100_r18_poolzernike_8f86be_3pct,cifar100,resnet18,sgd,200,linear,none,,,,,,,3,1500,3,15.96,0.89,,,,yes,,abl3_none,18.47,-2.51,0.52,,,
grid_c100_r18_poolzernike_8f86be_50pct,cifar100,resnet18,sgd,200,linear,none,,,,,,,50,25000,3,68.35,0.33,,,,yes,,grid_c100_r18_3a0225_50pct,71.79,-3.44,0.20,,,
grid_c100_r18_poolzernike_8f86be_5pct,cifar100,resnet18,sgd,200,linear,none,,,,,,,5,2500,3,21.33,0.61,,,,yes,,abl5_none,25.36,-4.03,0.40,,,
grid_c100_r18_poolzernike_8f86be_7pct,cifar100,resnet18,sgd,200,linear,none,,,,,,,7,3500,3,25.08,0.81,,,,yes,,abl7_none,32.09,-7.01,0.61,,,
grid_c100_r18_stenergymagnitudek11_axmagnitudeL3_l20to00_fwd_d64000_100pct,cifar100,resnet18,sgd,200,linear,energy-magnitude,,,energy-magnitude,layer3,2.0,0.0,100,50000,3,78.01,0.46,77.82,0.35,3,yes,,ablf_none,78.52,-0.51,0.28,,,
grid_c100_r18_stenergymagnitudek11_axmagnitudeL3_l20to00_fwd_d64000_10pct,cifar100,resnet18,sgd,200,linear,energy-magnitude,,,energy-magnitude,layer3,2.0,0.0,10,5000,3,43.34,0.64,51.23,0.91,3,yes,,abl10_none,40.28,3.06,0.41,3.29,0.55,-0.22
grid_c100_r18_stenergymagnitudek11_axmagnitudeL3_l20to00_fwd_d64000_15pct,cifar100,resnet18,sgd,200,linear,energy-magnitude,,,energy-magnitude,layer3,2.0,0.0,15,7500,3,51.68,0.59,56.88,0.54,3,yes,,abl15_none,50.09,1.59,0.43,2.25,0.37,-0.67
grid_c100_r18_stenergymagnitudek11_axmagnitudeL3_l20to00_fwd_d64000_20pct,cifar100,resnet18,sgd,200,linear,energy-magnitude,,,energy-magnitude,layer3,2.0,0.0,20,10000,3,56.99,0.33,59.92,0.66,3,yes,,grid_c100_r18_3a0225_20pct,57.00,-0.01,0.32,-0.26,0.48,0.25
grid_c100_r18_stenergymagnitudek11_axmagnitudeL3_l20to00_fwd_d64000_25pct,cifar100,resnet18,sgd,200,linear,energy-magnitude,,,energy-magnitude,layer3,2.0,0.0,25,12500,3,60.75,0.14,62.92,0.17,3,yes,,abl25_none,61.35,-0.60,0.28,-0.27,0.15,-0.33
grid_c100_r18_stenergymagnitudek11_axmagnitudeL3_l20to00_fwd_d64000_3pct,cifar100,resnet18,sgd,200,linear,energy-magnitude,,,energy-magnitude,layer3,2.0,0.0,3,1500,3,22.16,0.30,38.17,0.47,3,yes,,abl3_none,18.47,3.69,0.18,5.40,0.29,-1.71
grid_c100_r18_stenergymagnitudek11_axmagnitudeL3_l20to00_fwd_d64000_50pct,cifar100,resnet18,sgd,200,linear,energy-magnitude,,,energy-magnitude,layer3,2.0,0.0,50,25000,3,70.47,0.14,69.98,0.34,3,yes,,grid_c100_r18_3a0225_50pct,71.79,-1.32,0.10,-1.11,0.23,-0.21
grid_c100_r18_stenergymagnitudek11_axmagnitudeL3_l20to00_fwd_d64000_5pct,cifar100,resnet18,sgd,200,linear,energy-magnitude,,,energy-magnitude,layer3,2.0,0.0,5,2500,3,30.43,0.18,42.69,0.35,3,yes,,abl5_none,25.36,5.06,0.21,5.47,0.25,-0.40
grid_c100_r18_stenergymagnitudek11_axmagnitudeL3_l20to00_fwd_d64000_7pct,cifar100,resnet18,sgd,200,linear,energy-magnitude,,,energy-magnitude,layer3,2.0,0.0,7,3500,3,36.41,0.23,46.92,0.61,3,yes,,abl7_none,32.09,4.31,0.42,4.67,0.47,-0.36
grid_c100_r18_stenergymagnitudek11_b009ac_20pct,cifar100,resnet18,sgd,200,linear,energy-magnitude,,,,,,,20,10000,3,50.35,0.53,53.79,0.30,3,yes,,grid_c100_r18_3a0225_20pct,57.00,-6.65,0.40,-6.39,0.34,-0.26
grid_c100_r18_stenergymagnitudek11_b009ac_50pct,cifar100,resnet18,sgd,200,linear,energy-magnitude,,,,,,,50,25000,3,63.92,0.53,63.66,0.63,3,yes,,grid_c100_r18_3a0225_50pct,71.79,-7.87,0.31,-7.43,0.38,-0.44
grid_c100_r18_stenergyrotinvk11_d39a1c_20pct,cifar100,resnet18,sgd,200,linear,energy-rotinv,,,,,,,20,10000,3,45.56,0.35,49.25,0.63,3,yes,,grid_c100_r18_3a0225_20pct,57.00,-11.44,0.33,-10.93,0.47,-0.51
grid_c100_r18_stenergyrotinvk11_d39a1c_50pct,cifar100,resnet18,sgd,200,linear,energy-rotinv,,,,,,,50,25000,3,66.57,1.01,65.98,1.35,3,yes,,grid_c100_r18_3a0225_50pct,71.79,-5.22,0.59,-5.11,0.79,-0.11
grid_c100_r18_stenergysteerablek11_007504_20pct,cifar100,resnet18,sgd,200,linear,energy-steerable,,,,,,,20,10000,3,46.10,0.35,49.66,0.42,3,yes,,grid_c100_r18_3a0225_20pct,57.00,-10.90,0.33,-10.52,0.38,-0.38
grid_c100_r18_stenergysteerablek11_007504_50pct,cifar100,resnet18,sgd,200,linear,energy-steerable,,,,,,,50,25000,3,64.40,0.70,63.75,0.69,3,yes,,grid_c100_r18_3a0225_50pct,71.79,-7.39,0.41,-7.34,0.42,-0.04
grid_c100_r18_stenergystructurek11_e0cf81_20pct,cifar100,resnet18,sgd,200,linear,energy-structure,,,,,,,20,10000,3,47.83,0.14,50.94,0.14,3,yes,,grid_c100_r18_3a0225_20pct,57.00,-9.17,0.27,-9.24,0.30,0.07
grid_c100_r18_stenergystructurek11_e0cf81_50pct,cifar100,resnet18,sgd,200,linear,energy-structure,,,,,,,50,25000,3,69.34,0.91,68.82,0.41,3,yes,,grid_c100_r18_3a0225_50pct,71.79,-2.45,0.53,-2.27,0.27,-0.18
grid_c100_r18_stgaborlearnk11_b3375b_10pct,cifar100,resnet18,sgd,200,linear,gabor-learn,,,,,,,10,5000,3,35.84,0.37,43.39,0.82,3,yes,,abl10_none,40.28,-4.44,0.28,-4.55,0.50,0.11
grid_c100_r18_stgaborlearnk11_b3375b_15pct,cifar100,resnet18,sgd,200,linear,gabor-learn,,,,,,,15,7500,3,45.09,0.35,50.02,0.22,3,yes,,abl15_none,50.09,-5.00,0.33,-4.61,0.24,-0.39
grid_c100_r18_stgaborlearnk11_b3375b_1pct,cifar100,resnet18,sgd,200,linear,gabor-learn,,,,,,,1,500,3,8.67,0.22,26.20,0.41,3,yes,,abl1_none,8.95,-0.28,0.13,-0.41,0.25,0.13
grid_c100_r18_stgaborlearnk11_b3375b_20pct,cifar100,resnet18,sgd,200,linear,gabor-learn,,,,,,,20,10000,3,52.90,0.79,55.81,0.96,3,yes,,grid_c100_r18_3a0225_20pct,57.00,-4.10,0.52,-4.37,0.62,0.26
grid_c100_r18_stgaborlearnk11_b3375b_25pct,cifar100,resnet18,sgd,200,linear,gabor-learn,,,,,,,25,12500,3,58.00,1.08,59.39,0.59,3,yes,,abl25_none,61.35,-3.35,0.68,-3.79,0.36,0.45
grid_c100_r18_stgaborlearnk11_b3375b_2pct,cifar100,resnet18,sgd,200,linear,gabor-learn,,,,,,,2,1000,3,13.40,0.36,29.46,0.44,3,yes,,abl2_none,14.17,-0.77,0.23,-0.37,0.37,-0.40
grid_c100_r18_stgaborlearnk11_b3375b_3pct,cifar100,resnet18,sgd,200,linear,gabor-learn,,,,,,,3,1500,3,18.05,0.25,32.38,0.07,3,yes,,abl3_none,18.47,-0.42,0.15,-0.39,0.12,-0.03
grid_c100_r18_stgaborlearnk11_b3375b_50pct,cifar100,resnet18,sgd,200,linear,gabor-learn,,,,,,,50,25000,3,70.47,0.17,70.31,0.14,3,yes,,grid_c100_r18_3a0225_50pct,71.79,-1.31,0.11,-0.78,0.15,-0.53
grid_c100_r18_stgaborlearnk11_b3375b_5pct,cifar100,resnet18,sgd,200,linear,gabor-learn,,,,,,,5,2500,3,23.34,0.23,35.15,0.28,3,yes,,abl5_none,25.36,-2.02,0.22,-2.07,0.22,0.05
grid_c100_r18_stgaborlearnk11_b3375b_7pct,cifar100,resnet18,sgd,200,linear,gabor-learn,,,,,,,7,3500,3,29.14,0.35,38.93,0.59,3,yes,,abl7_none,32.09,-2.95,0.44,-3.32,0.46,0.36
grid_c100_r18_stgaborlearnk11_kw03e54b_2f7208_100pct,cifar100,resnet18,sgd,200,linear,gabor-learn,,,,,,,100,50000,3,78.47,0.22,78.28,0.15,3,yes,,ablf_none,78.52,-0.04,0.15,,,
grid_c100_r18_stgaborlearnk11_kw03e54b_2f7208_10pct,cifar100,resnet18,sgd,200,linear,gabor-learn,,,,,,,10,5000,3,39.15,0.59,46.55,0.45,3,yes,,abl10_none,40.28,-1.13,0.38,-1.39,0.30,0.26
grid_c100_r18_stgaborlearnk11_kw03e54b_2f7208_1pct,cifar100,resnet18,sgd,200,linear,gabor-learn,,,,,,,1,500,3,10.26,0.26,29.84,0.41,3,yes,,abl1_none,8.95,1.30,0.15,3.22,0.25,-1.92
grid_c100_r18_stgaborlearnk11_kw03e54b_2f7208_20pct,cifar100,resnet18,sgd,200,linear,gabor-learn,,,,,,,20,10000,3,55.28,0.55,58.38,0.69,3,yes,,grid_c100_r18_3a0225_20pct,57.00,-1.72,0.41,-1.80,0.49,0.08
grid_c100_r18_stgaborlearnk11_kw03e54b_2f7208_25pct,cifar100,resnet18,sgd,200,linear,gabor-learn,,,,,,,25,12500,3,60.05,0.20,61.80,0.48,3,yes,,abl25_none,61.35,-1.30,0.29,-1.39,0.30,0.09
grid_c100_r18_stgaborlearnk11_kw03e54b_2f7208_2pct,cifar100,resnet18,sgd,200,linear,gabor-learn,,,,,,,2,1000,3,15.68,0.25,33.44,0.11,3,yes,,abl2_none,14.17,1.51,0.17,3.61,0.27,-2.11
grid_c100_r18_stgaborlearnk11_kw03e54b_2f7208_3pct,cifar100,resnet18,sgd,200,linear,gabor-learn,,,,,,,3,1500,3,20.00,0.26,35.77,0.42,3,yes,,abl3_none,18.47,1.53,0.15,3.00,0.27,-1.47
grid_c100_r18_stgaborlearnk11_kw03e54b_2f7208_50pct,cifar100,resnet18,sgd,200,linear,gabor-learn,,,,,,,50,25000,3,71.41,0.32,70.73,0.12,3,yes,,grid_c100_r18_3a0225_50pct,71.79,-0.38,0.19,-0.36,0.14,-0.02
grid_c100_r18_stgaborlearnk11_kw03e54b_2f7208_5pct,cifar100,resnet18,sgd,200,linear,gabor-learn,,,,,,,5,2500,3,27.44,0.36,39.67,0.30,3,yes,,abl5_none,25.36,2.07,0.27,2.45,0.23,-0.38
grid_c100_r18_stgaborlearnk11_kw03e54b_2f7208_7pct,cifar100,resnet18,sgd,200,linear,gabor-learn,,,,,,,7,3500,3,32.19,0.81,42.29,0.74,3,yes,,abl7_none,32.09,0.10,0.61,0.05,0.53,0.05
grid_c100_r18_stgaborlearnk11_kw03e54b_615736_100pct,cifar100,resnet18,sgd,200,linear,gabor-learn,,,,,,,100,50000,3,78.51,0.20,78.43,0.18,3,yes,,ablf_none,78.52,-0.01,0.15,,,
grid_c100_r18_stgaborlearnk11_kw03e54b_615736_15pct,cifar100,resnet18,sgd,200,linear,gabor-learn,,,,,,,15,7500,3,48.20,1.11,53.08,0.90,3,yes,,abl15_none,50.09,-1.89,0.69,-1.55,0.56,-0.35
grid_c100_r18_stgaborlearnk11_kw03e54b_615736_1pct,cifar100,resnet18,sgd,200,linear,gabor-learn,,,,,,,1,500,3,10.21,0.28,29.94,0.38,3,yes,,abl1_none,8.95,1.25,0.17,3.33,0.24,-2.07
grid_c100_r18_stgaborlearnk11_kw03e54b_615736_20pct,cifar100,resnet18,sgd,200,linear,gabor-learn,,,,,,,20,10000,3,55.83,0.50,58.86,0.32,3,yes,,grid_c100_r18_3a0225_20pct,57.00,-1.17,0.39,-1.32,0.35,0.14
grid_c100_r18_stgaborlearnk11_kw03e54b_615736_25pct,cifar100,resnet18,sgd,200,linear,gabor-learn,,,,,,,25,12500,3,60.07,0.52,61.92,0.19,3,yes,,abl25_none,61.35,-1.28,0.40,-1.27,0.16,-0.01
grid_c100_r18_stgaborlearnk11_kw03e54b_615736_2pct,cifar100,resnet18,sgd,200,linear,gabor-learn,,,,,,,2,1000,3,15.84,0.28,33.33,0.24,3,yes,,abl2_none,14.17,1.67,0.18,3.50,0.29,-1.83
grid_c100_r18_stgaborlearnk11_kw03e54b_615736_3pct,cifar100,resnet18,sgd,200,linear,gabor-learn,,,,,,,3,1500,3,19.44,0.89,35.00,1.72,3,yes,,abl3_none,18.47,0.97,0.51,2.23,1.00,-1.26
grid_c100_r18_stgaborlearnk11_kw03e54b_615736_50pct,cifar100,resnet18,sgd,200,linear,gabor-learn,,,,,,,50,25000,3,71.49,0.13,70.95,0.28,3,yes,,grid_c100_r18_3a0225_50pct,71.79,-0.30,0.09,-0.14,0.20,-0.16
grid_c100_r18_stgaborlearnk11_kw03e54b_615736_5pct,cifar100,resnet18,sgd,200,linear,gabor-learn,,,,,,,5,2500,3,27.16,0.43,39.57,0.65,3,yes,,abl5_none,25.36,1.79,0.30,2.35,0.41,-0.55
grid_c100_r18_stgaborlearnk11_kw03e54b_615736_7pct,cifar100,resnet18,sgd,200,linear,gabor-learn,,,,,,,7,3500,3,32.63,0.43,42.83,0.20,3,yes,,abl7_none,32.09,0.53,0.47,0.59,0.33,-0.06
grid_c100_r18_stgaborlearnk11_kw03e54b_a324d3_100pct,cifar100,resnet18,sgd,200,linear,gabor-learn,,,,,,,100,50000,3,78.43,0.40,78.36,0.29,3,yes,,ablf_none,78.52,-0.08,0.25,,,
grid_c100_r18_stgaborlearnk11_kw03e54b_a324d3_20pct,cifar100,resnet18,sgd,200,linear,gabor-learn,,,,,,,20,10000,3,54.70,0.78,57.43,0.64,3,yes,,grid_c100_r18_3a0225_20pct,57.00,-2.30,0.52,-2.75,0.47,0.45
grid_c100_r18_stgaborlearnk11_kw03e54b_a324d3_25pct,cifar100,resnet18,sgd,200,linear,gabor-learn,,,,,,,25,12500,3,59.69,0.68,61.56,0.50,3,yes,,abl25_none,61.35,-1.66,0.47,-1.63,0.31,-0.03
grid_c100_r18_stgaborlearnk11_kw03e54b_a324d3_2pct,cifar100,resnet18,sgd,200,linear,gabor-learn,,,,,,,2,1000,3,14.45,0.24,30.72,0.44,3,yes,,abl2_none,14.17,0.28,0.17,0.89,0.36,-0.61
grid_c100_r18_stgaborlearnk11_kw03e54b_a324d3_3pct,cifar100,resnet18,sgd,200,linear,gabor-learn,,,,,,,3,1500,3,18.98,0.41,33.71,0.81,3,yes,,abl3_none,18.47,0.51,0.24,0.94,0.48,-0.43
grid_c100_r18_stgaborlearnk11_kw03e54b_a324d3_50pct,cifar100,resnet18,sgd,200,linear,gabor-learn,,,,,,,50,25000,3,70.63,0.12,70.25,0.11,3,yes,,grid_c100_r18_3a0225_50pct,71.79,-1.15,0.08,-0.84,0.14,-0.32
grid_c100_r18_stgaborlearnk11_kw03e54b_a324d3_7pct,cifar100,resnet18,sgd,200,linear,gabor-learn,,,,,,,7,3500,3,30.20,0.71,40.34,0.67,3,yes,,abl7_none,32.09,-1.89,0.57,-1.91,0.49,0.01
grid_c100_r18_stlearnedk11_037422_15pct,cifar100,resnet18,sgd,200,linear,learned,,,,,,,15,7500,3,44.06,0.92,48.68,0.42,3,yes,,abl15_none,50.09,-6.03,0.59,-5.95,0.32,-0.08
grid_c100_r18_stlearnedk11_037422_20pct,cifar100,resnet18,sgd,200,linear,learned,,,,,,,20,10000,3,52.31,0.49,55.00,0.61,3,yes,,grid_c100_r18_3a0225_20pct,57.00,-4.69,0.38,-5.18,0.46,0.49
grid_c100_r18_stlearnedk11_037422_25pct,cifar100,resnet18,sgd,200,linear,learned,,,,,,,25,12500,3,58.31,0.60,,,,yes,,abl25_none,61.35,-3.04,0.44,,,
grid_c100_r18_stlearnedk11_037422_2pct,cifar100,resnet18,sgd,200,linear,learned,,,,,,,2,1000,3,12.08,0.14,26.82,0.49,3,yes,,abl2_none,14.17,-2.09,0.12,-3.01,0.38,0.92
grid_c100_r18_stlearnedk11_037422_3pct,cifar100,resnet18,sgd,200,linear,learned,,,,,,,3,1500,3,15.58,0.29,28.85,0.04,3,yes,,abl3_none,18.47,-2.89,0.17,-3.92,0.11,1.04
grid_c100_r18_stlearnedk11_037422_50pct,cifar100,resnet18,sgd,200,linear,learned,,,,,,,50,25000,3,70.52,0.18,70.14,0.08,3,yes,,grid_c100_r18_3a0225_50pct,71.79,-1.27,0.12,-0.95,0.13,-0.32
grid_c100_r18_stlearnedk11_037422_7pct,cifar100,resnet18,sgd,200,linear,learned,,,,,,,7,3500,3,25.45,0.28,34.97,0.52,3,yes,,abl7_none,32.09,-6.64,0.43,-7.28,0.43,0.63
grid_c100_r18_stmomentscatk11_510a3c_15pct,cifar100,resnet18,sgd,200,linear,moments-cat,,,,,,,15,7500,3,45.81,0.29,50.72,0.39,3,yes,,abl15_none,50.09,-4.28,0.31,-3.91,0.30,-0.37
grid_c100_r18_stmomentscatk11_510a3c_20pct,cifar100,resnet18,sgd,200,linear,moments-cat,,,,,,,20,10000,3,53.42,0.75,56.29,0.80,3,yes,,grid_c100_r18_3a0225_20pct,57.00,-3.58,0.50,-3.89,0.55,0.31
grid_c100_r18_stmomentscatk11_510a3c_25pct,cifar100,resnet18,sgd,200,linear,moments-cat,,,,,,,25,12500,3,58.58,0.32,60.54,0.33,3,yes,,abl25_none,61.35,-2.77,0.32,-2.65,0.22,-0.12
grid_c100_r18_stmomentscatk11_510a3c_2pct,cifar100,resnet18,sgd,200,linear,moments-cat,,,,,,,2,1000,3,15.95,0.07,33.18,0.44,3,yes,,abl2_none,14.17,1.77,0.10,3.35,0.36,-1.57
grid_c100_r18_stmomentscatk11_510a3c_3pct,cifar100,resnet18,sgd,200,linear,moments-cat,,,,,,,3,1500,3,19.93,0.20,35.37,0.42,3,yes,,abl3_none,18.47,1.46,0.12,2.60,0.27,-1.14
grid_c100_r18_stmomentscatk11_510a3c_50pct,cifar100,resnet18,sgd,200,linear,moments-cat,,,,,,,50,25000,3,70.74,0.10,70.26,0.24,3,yes,,grid_c100_r18_3a0225_50pct,71.79,-1.04,0.08,-0.83,0.18,-0.21
grid_c100_r18_stmomentscatk11_510a3c_7pct,cifar100,resnet18,sgd,200,linear,moments-cat,,,,,,,7,3500,3,31.72,0.16,41.27,0.40,3,yes,,abl7_none,32.09,-0.38,0.41,-0.98,0.39,0.60
grid_c100_r18_stmomentscatk11_7111b7_15pct,cifar100,resnet18,sgd,200,linear,moments-cat,,,,,,,15,7500,3,42.00,0.61,46.93,1.08,3,yes,,abl15_none,50.09,-8.09,0.44,-7.70,0.66,-0.39
grid_c100_r18_stmomentscatk11_7111b7_20pct,cifar100,resnet18,sgd,200,linear,moments-cat,,,,,,,20,10000,3,51.20,0.88,54.07,0.34,3,yes,,grid_c100_r18_3a0225_20pct,57.00,-5.80,0.57,-6.11,0.35,0.31
grid_c100_r18_stmomentscatk11_7111b7_25pct,cifar100,resnet18,sgd,200,linear,moments-cat,,,,,,,25,12500,3,56.05,0.35,,,,yes,,abl25_none,61.35,-5.30,0.33,,,
grid_c100_r18_stmomentscatk11_7111b7_2pct,cifar100,resnet18,sgd,200,linear,moments-cat,,,,,,,2,1000,3,13.23,0.22,28.88,0.08,3,yes,,abl2_none,14.17,-0.94,0.15,-0.95,0.26,0.01
grid_c100_r18_stmomentscatk11_7111b7_3pct,cifar100,resnet18,sgd,200,linear,moments-cat,,,,,,,3,1500,3,16.81,0.27,31.17,0.64,3,yes,,abl3_none,18.47,-1.66,0.16,-1.60,0.38,-0.06
grid_c100_r18_stmomentscatk11_7111b7_50pct,cifar100,resnet18,sgd,200,linear,moments-cat,,,,,,,50,25000,3,70.01,0.39,69.33,0.30,3,yes,,grid_c100_r18_3a0225_50pct,71.79,-1.77,0.23,-1.76,0.21,-0.02
grid_c100_r18_stmomentscatk11_7111b7_5pct,cifar100,resnet18,sgd,200,linear,moments-cat,,,,,,,5,2500,3,22.16,0.31,,,,yes,,abl5_none,25.36,-3.21,0.25,,,
grid_c100_r18_stmomentscatk11_7111b7_7pct,cifar100,resnet18,sgd,200,linear,moments-cat,,,,,,,7,3500,3,27.25,0.47,37.32,0.34,3,yes,,abl7_none,32.09,-4.84,0.48,-4.92,0.37,0.08
grid_c100_r18_stmomentscatk11_kw03e54b_0b1c03_15pct,cifar100,resnet18,sgd,200,linear,moments-cat,,,,,,,15,7500,3,47.05,0.21,,,,yes,,abl15_none,50.09,-3.04,0.29,,,
grid_c100_r18_stmomentscatk11_kw03e54b_0b1c03_20pct,cifar100,resnet18,sgd,200,linear,moments-cat,,,,,,,20,10000,3,54.28,0.94,,,,yes,,grid_c100_r18_3a0225_20pct,57.00,-2.72,0.60,,,
grid_c100_r18_stmomentscatk11_kw03e54b_0b1c03_25pct,cifar100,resnet18,sgd,200,linear,moments-cat,,,,,,,25,12500,3,60.00,0.38,,,,yes,,abl25_none,61.35,-1.35,0.34,,,
grid_c100_r18_stmomentscatk11_kw03e54b_0b1c03_2pct,cifar100,resnet18,sgd,200,linear,moments-cat,,,,,,,2,1000,3,14.90,0.62,,,,yes,,abl2_none,14.17,0.73,0.37,,,
grid_c100_r18_stmomentscatk11_kw03e54b_0b1c03_3pct,cifar100,resnet18,sgd,200,linear,moments-cat,,,,,,,3,1500,3,19.41,0.11,,,,yes,,abl3_none,18.47,0.94,0.07,,,
grid_c100_r18_stmomentscatk11_kw03e54b_0b1c03_50pct,cifar100,resnet18,sgd,200,linear,moments-cat,,,,,,,50,25000,3,71.23,0.17,,,,yes,,grid_c100_r18_3a0225_50pct,71.79,-0.55,0.11,,,
grid_c100_r18_stmomentscatk11_kw03e54b_0b1c03_7pct,cifar100,resnet18,sgd,200,linear,moments-cat,,,,,,,7,3500,3,32.51,0.36,,,,yes,,abl7_none,32.09,0.42,0.45,,,
grid_c100_r18_stmomentscatk11_kw03e54b_19ae4e_20pct,cifar100,resnet18,sgd,200,linear,moments-cat,,,,,,,20,10000,3,55.33,0.42,58.38,0.53,3,yes,,grid_c100_r18_3a0225_20pct,57.00,-1.67,0.35,-1.80,0.42,0.14
grid_c100_r18_stmomentscatk11_kw03e54b_19ae4e_50pct,cifar100,resnet18,sgd,200,linear,moments-cat,,,,,,,50,25000,3,71.21,0.19,70.58,0.17,3,yes,,grid_c100_r18_3a0225_50pct,71.79,-0.58,0.12,-0.51,0.16,-0.07
grid_c100_r18_stmomentscatk11_kw1d5981_dd9d31_100pct,cifar100,resnet18,sgd,200,linear,moments-cat,,,,,,,100,50000,3,78.07,0.07,78.01,0.08,3,yes,,ablf_none,78.52,-0.45,0.10,,,
grid_c100_r18_stmomentscatk11_kw1d5981_dd9d31_15pct,cifar100,resnet18,sgd,200,linear,moments-cat,,,,,,,15,7500,3,47.72,0.45,52.28,0.33,3,yes,,abl15_none,50.09,-2.37,0.37,-2.35,0.28,-0.02
grid_c100_r18_stmomentscatk11_kw1d5981_dd9d31_1pct,cifar100,resnet18,sgd,200,linear,moments-cat,,,,,,,1,500,3,10.00,0.17,29.98,0.26,3,yes,,abl1_none,8.95,1.05,0.11,3.36,0.18,-2.31
grid_c100_r18_stmomentscatk11_kw1d5981_dd9d31_20pct,cifar100,resnet18,sgd,200,linear,moments-cat,,,,,,,20,10000,3,54.32,0.40,57.32,0.45,3,yes,,grid_c100_r18_3a0225_20pct,57.00,-2.68,0.34,-2.86,0.39,0.18
grid_c100_r18_stmomentscatk11_kw1d5981_dd9d31_25pct,cifar100,resnet18,sgd,200,linear,moments-cat,,,,,,,25,12500,3,59.88,0.55,61.37,0.42,3,yes,,abl25_none,61.35,-1.47,0.41,-1.82,0.27,0.35
grid_c100_r18_stmomentscatk11_kw1d5981_dd9d31_2pct,cifar100,resnet18,sgd,200,linear,moments-cat,,,,,,,2,1000,3,16.09,0.09,33.34,0.30,3,yes,,abl2_none,14.17,1.92,0.10,3.51,0.31,-1.60
grid_c100_r18_stmomentscatk11_kw1d5981_dd9d31_3pct,cifar100,resnet18,sgd,200,linear,moments-cat,,,,,,,3,1500,3,20.46,0.16,36.04,0.39,3,yes,,abl3_none,18.47,1.99,0.10,3.27,0.25,-1.28
grid_c100_r18_stmomentscatk11_kw1d5981_dd9d31_50pct,cifar100,resnet18,sgd,200,linear,moments-cat,,,,,,,50,25000,3,70.44,0.30,70.02,0.17,3,yes,,grid_c100_r18_3a0225_50pct,71.79,-1.35,0.18,-1.07,0.16,-0.28
grid_c100_r18_stmomentscatk11_kw1d5981_dd9d31_7pct,cifar100,resnet18,sgd,200,linear,moments-cat,,,,,,,7,3500,3,32.49,0.49,42.13,0.28,3,yes,,abl7_none,32.09,0.40,0.49,-0.11,0.35,0.51
grid_c100_r18_stmomentscatk11_kw4dc8be_0802e2_10pct,cifar100,resnet18,sgd,200,linear,moments-cat,,,,,,,10,5000,3,34.21,0.53,,,,yes,,abl10_none,40.28,-6.07,0.36,,,
grid_c100_r18_stmomentscatk11_kw4dc8be_0802e2_15pct,cifar100,resnet18,sgd,200,linear,moments-cat,,,,,,,15,7500,3,41.38,0.41,46.56,0.51,3,yes,,abl15_none,50.09,-8.71,0.35,-8.06,0.36,-0.64
grid_c100_r18_stmomentscatk11_kw4dc8be_0802e2_1pct,cifar100,resnet18,sgd,200,linear,moments-cat,,,,,,,1,500,3,9.69,0.20,28.71,0.29,3,yes,,abl1_none,8.95,0.73,0.12,2.09,0.19,-1.36
grid_c100_r18_stmomentscatk11_kw4dc8be_0802e2_20pct,cifar100,resnet18,sgd,200,linear,moments-cat,,,,,,,20,10000,3,48.62,0.17,51.54,0.21,3,yes,,grid_c100_r18_3a0225_20pct,57.00,-8.38,0.27,-8.64,0.32,0.26
grid_c100_r18_stmomentscatk11_kw4dc8be_0802e2_25pct,cifar100,resnet18,sgd,200,linear,moments-cat,,,,,,,25,12500,3,55.27,1.68,57.15,1.44,3,yes,,abl25_none,61.35,-6.08,1.01,-6.04,0.84,-0.04
grid_c100_r18_stmomentscatk11_kw4dc8be_0802e2_2pct,cifar100,resnet18,sgd,200,linear,moments-cat,,,,,,,2,1000,3,14.85,0.15,31.40,0.03,3,yes,,abl2_none,14.17,0.67,0.12,1.57,0.26,-0.89
grid_c100_r18_stmomentscatk11_kw4dc8be_0802e2_3pct,cifar100,resnet18,sgd,200,linear,moments-cat,,,,,,,3,1500,3,18.96,0.10,33.86,0.29,3,yes,,abl3_none,18.47,0.49,0.07,1.09,0.20,-0.60
grid_c100_r18_stmomentscatk11_kw4dc8be_0802e2_50pct,cifar100,resnet18,sgd,200,linear,moments-cat,,,,,,,50,25000,3,69.94,0.04,69.35,0.43,3,yes,,grid_c100_r18_3a0225_50pct,71.79,-1.84,0.06,-1.74,0.27,-0.10
grid_c100_r18_stmomentscatk11_kw4dc8be_0802e2_5pct,cifar100,resnet18,sgd,200,linear,moments-cat,,,,,,,5,2500,3,25.11,0.52,36.33,0.74,3,yes,,abl5_none,25.36,-0.26,0.35,-0.89,0.45,0.63
grid_c100_r18_stmomentscatk11_kw4dc8be_0802e2_7pct,cifar100,resnet18,sgd,200,linear,moments-cat,,,,,,,7,3500,3,29.32,0.17,38.86,0.20,3,yes,,abl7_none,32.09,-2.77,0.41,-3.38,0.33,0.61
grid_c100_r18_stmomentscatk11_kw6b13fe_1d6c5f_10pct,cifar100,resnet18,sgd,200,linear,moments-cat,,,,,,,10,5000,3,38.71,0.25,46.04,0.26,3,yes,,abl10_none,40.28,-1.57,0.23,-1.90,0.22,0.33
grid_c100_r18_stmomentscatk11_kw6b13fe_1d6c5f_15pct,cifar100,resnet18,sgd,200,linear,moments-cat,,,,,,,15,7500,3,47.02,0.30,51.89,0.27,3,yes,,abl15_none,50.09,-3.07,0.31,-2.74,0.26,-0.33
grid_c100_r18_stmomentscatk11_kw6b13fe_1d6c5f_1pct,cifar100,resnet18,sgd,200,linear,moments-cat,,,,,,,1,500,3,10.42,0.17,29.69,0.30,3,yes,,abl1_none,8.95,1.47,0.10,3.08,0.19,-1.61
grid_c100_r18_stmomentscatk11_kw6b13fe_1d6c5f_20pct,cifar100,resnet18,sgd,200,linear,moments-cat,,,,,,,20,10000,3,54.94,0.37,57.89,0.40,3,yes,,grid_c100_r18_3a0225_20pct,57.00,-2.06,0.33,-2.29,0.37,0.23
grid_c100_r18_stmomentscatk11_kw6b13fe_1d6c5f_25pct,cifar100,resnet18,sgd,200,linear,moments-cat,,,,,,,25,12500,3,59.67,0.37,61.80,0.20,3,yes,,abl25_none,61.35,-1.68,0.34,-1.39,0.16,-0.29
grid_c100_r18_stmomentscatk11_kw6b13fe_1d6c5f_2pct,cifar100,resnet18,sgd,200,linear,moments-cat,,,,,,,2,1000,3,15.72,0.36,33.09,0.54,3,yes,,abl2_none,14.17,1.55,0.23,3.26,0.41,-1.71
grid_c100_r18_stmomentscatk11_kw6b13fe_1d6c5f_3pct,cifar100,resnet18,sgd,200,linear,moments-cat,,,,,,,3,1500,3,20.03,0.36,35.89,0.24,3,yes,,abl3_none,18.47,1.56,0.21,3.12,0.18,-1.57
grid_c100_r18_stmomentscatk11_kw6b13fe_1d6c5f_50pct,cifar100,resnet18,sgd,200,linear,moments-cat,,,,,,,50,25000,3,71.23,0.22,70.66,0.42,3,yes,,grid_c100_r18_3a0225_50pct,71.79,-0.55,0.14,-0.43,0.27,-0.12
grid_c100_r18_stmomentscatk11_kw6b13fe_1d6c5f_5pct,cifar100,resnet18,sgd,200,linear,moments-cat,,,,,,,5,2500,3,26.72,0.48,38.92,0.20,3,yes,,abl5_none,25.36,1.36,0.33,1.70,0.19,-0.34
grid_c100_r18_stmomentscatk11_kw6b13fe_1d6c5f_7pct,cifar100,resnet18,sgd,200,linear,moments-cat,,,,,,,7,3500,3,32.56,0.19,42.23,0.43,3,yes,,abl7_none,32.09,0.46,0.41,-0.01,0.40,0.48
grid_c100_r18_stmomentscatk11_kw6bd8ad_708dc6_100pct,cifar100,resnet18,sgd,200,linear,moments-cat,,,,,,,100,50000,3,77.95,0.19,77.90,0.24,3,yes,,ablf_none,78.52,-0.57,0.14,,,
grid_c100_r18_stmomentscatk11_kw6bd8ad_708dc6_15pct,cifar100,resnet18,sgd,200,linear,moments-cat,,,,,,,15,7500,3,46.42,0.37,51.50,0.19,3,yes,,abl15_none,50.09,-3.67,0.33,-3.13,0.23,-0.54
grid_c100_r18_stmomentscatk11_kw6bd8ad_708dc6_1pct,cifar100,resnet18,sgd,200,linear,moments-cat,,,,,,,1,500,3,9.82,0.21,29.41,0.20,3,yes,,abl1_none,8.95,0.87,0.13,2.79,0.15,-1.92
grid_c100_r18_stmomentscatk11_kw6bd8ad_708dc6_20pct,cifar100,resnet18,sgd,200,linear,moments-cat,,,,,,,20,10000,3,54.35,0.24,57.06,0.22,3,yes,,grid_c100_r18_3a0225_20pct,57.00,-2.65,0.29,-3.12,0.32,0.47
grid_c100_r18_stmomentscatk11_kw6bd8ad_708dc6_25pct,cifar100,resnet18,sgd,200,linear,moments-cat,,,,,,,25,12500,3,58.75,0.48,60.52,0.50,3,yes,,abl25_none,61.35,-2.60,0.38,-2.67,0.31,0.07
grid_c100_r18_stmomentscatk11_kw6bd8ad_708dc6_2pct,cifar100,resnet18,sgd,200,linear,moments-cat,,,,,,,2,1000,3,15.97,0.32,33.24,0.13,3,yes,,abl2_none,14.17,1.79,0.20,3.41,0.27,-1.62
grid_c100_r18_stmomentscatk11_kw6bd8ad_708dc6_3pct,cifar100,resnet18,sgd,200,linear,moments-cat,,,,,,,3,1500,3,20.10,0.41,35.56,0.24,3,yes,,abl3_none,18.47,1.63,0.24,2.79,0.18,-1.16
grid_c100_r18_stmomentscatk11_kw6bd8ad_708dc6_50pct,cifar100,resnet18,sgd,200,linear,moments-cat,,,,,,,50,25000,3,70.55,0.35,70.40,0.67,3,yes,,grid_c100_r18_3a0225_50pct,71.79,-1.24,0.21,-0.69,0.41,-0.54
grid_c100_r18_stmomentscatk11_kw6bd8ad_708dc6_5pct,cifar100,resnet18,sgd,200,linear,moments-cat,,,,,,,5,2500,3,26.92,0.20,39.25,0.26,3,yes,,abl5_none,25.36,1.55,0.21,2.03,0.22,-0.48
grid_c100_r18_stmomentscatk11_kw6bd8ad_708dc6_7pct,cifar100,resnet18,sgd,200,linear,moments-cat,,,,,,,7,3500,3,32.04,0.29,41.75,0.17,3,yes,,abl7_none,32.09,-0.05,0.43,-0.49,0.33,0.44
grid_c100_r18_stmomentscatk11_kw7533d3_7ed33b_10pct,cifar100,resnet18,sgd,200,linear,moments-cat,,,,,,,10,5000,3,37.52,0.46,44.89,0.23,3,yes,,abl10_none,40.28,-2.76,0.32,-3.05,0.20,0.29
grid_c100_r18_stmomentscatk11_kw7533d3_7ed33b_15pct,cifar100,resnet18,sgd,200,linear,moments-cat,,,,,,,15,7500,3,46.43,0.99,50.80,0.86,3,yes,,abl15_none,50.09,-3.66,0.63,-3.83,0.54,0.17
grid_c100_r18_stmomentscatk11_kw7533d3_7ed33b_1pct,cifar100,resnet18,sgd,200,linear,moments-cat,,,,,,,1,500,3,9.68,0.27,29.26,0.49,3,yes,,abl1_none,8.95,0.72,0.16,2.65,0.30,-1.92
grid_c100_r18_stmomentscatk11_kw7533d3_7ed33b_20pct,cifar100,resnet18,sgd,200,linear,moments-cat,,,,,,,20,10000,3,52.06,0.49,55.27,0.78,3,yes,,grid_c100_r18_3a0225_20pct,57.00,-4.94,0.38,-4.91,0.54,-0.03
grid_c100_r18_stmomentscatk11_kw7533d3_7ed33b_25pct,cifar100,resnet18,sgd,200,linear,moments-cat,,,,,,,25,12500,3,56.72,0.25,58.80,0.15,3,yes,,abl25_none,61.35,-4.63,0.30,-4.39,0.15,-0.24
grid_c100_r18_stmomentscatk11_kw7533d3_7ed33b_2pct,cifar100,resnet18,sgd,200,linear,moments-cat,,,,,,,2,1000,3,15.63,0.28,32.67,0.17,3,yes,,abl2_none,14.17,1.46,0.18,2.84,0.28,-1.38
grid_c100_r18_stmomentscatk11_kw7533d3_7ed33b_3pct,cifar100,resnet18,sgd,200,linear,moments-cat,,,,,,,3,1500,3,20.02,0.38,35.52,0.53,3,yes,,abl3_none,18.47,1.55,0.22,2.75,0.32,-1.20
grid_c100_r18_stmomentscatk11_kw7533d3_7ed33b_50pct,cifar100,resnet18,sgd,200,linear,moments-cat,,,,,,,50,25000,3,68.37,0.12,68.07,0.05,3,yes,,grid_c100_r18_3a0225_50pct,71.79,-3.42,0.09,-3.02,0.12,-0.40
grid_c100_r18_stmomentscatk11_kw7533d3_7ed33b_5pct,cifar100,resnet18,sgd,200,linear,moments-cat,,,,,,,5,2500,3,26.46,0.04,38.46,0.40,3,yes,,abl5_none,25.36,1.09,0.18,1.24,0.28,-0.14
grid_c100_r18_stmomentscatk11_kw7533d3_7ed33b_7pct,cifar100,resnet18,sgd,200,linear,moments-cat,,,,,,,7,3500,3,31.79,0.12,41.64,0.31,3,yes,,abl7_none,32.09,-0.30,0.40,-0.60,0.36,0.30
grid_c100_r18_stmomentscatk11_kwe61c0d_b5162e_100pct,cifar100,resnet18,sgd,200,linear,moments-cat,,,,,,,100,50000,3,77.15,0.12,77.04,0.06,3,yes,,ablf_none,78.52,-1.37,0.11,,,
grid_c100_r18_stmomentscatk11_kwe61c0d_b5162e_15pct,cifar100,resnet18,sgd,200,linear,moments-cat,,,,,,,15,7500,3,46.08,0.59,51.41,0.51,3,yes,,abl15_none,50.09,-4.01,0.43,-3.22,0.36,-0.79
grid_c100_r18_stmomentscatk11_kwe61c0d_b5162e_1pct,cifar100,resnet18,sgd,200,linear,moments-cat,,,,,,,1,500,3,10.18,0.35,30.67,0.32,3,yes,,abl1_none,8.95,1.22,0.20,4.05,0.20,-2.83
grid_c100_r18_stmomentscatk11_kwe61c0d_b5162e_20pct,cifar100,resnet18,sgd,200,linear,moments-cat,,,,,,,20,10000,3,51.96,0.69,55.18,0.54,3,yes,,grid_c100_r18_3a0225_20pct,57.00,-5.04,0.48,-5.00,0.43,-0.04
grid_c100_r18_stmomentscatk11_kwe61c0d_b5162e_25pct,cifar100,resnet18,sgd,200,linear,moments-cat,,,,,,,25,12500,3,56.40,0.79,57.96,0.59,3,yes,,abl25_none,61.35,-4.95,0.53,-5.23,0.36,0.28
grid_c100_r18_stmomentscatk11_kwe61c0d_b5162e_2pct,cifar100,resnet18,sgd,200,linear,moments-cat,,,,,,,2,1000,3,16.53,0.16,34.16,0.46,3,yes,,abl2_none,14.17,2.36,0.13,4.33,0.37,-1.97
grid_c100_r18_stmomentscatk11_kwe61c0d_b5162e_3pct,cifar100,resnet18,sgd,200,linear,moments-cat,,,,,,,3,1500,3,20.99,0.02,36.45,0.07,3,yes,,abl3_none,18.47,2.52,0.04,3.68,0.12,-1.15
grid_c100_r18_stmomentscatk11_kwe61c0d_b5162e_50pct,cifar100,resnet18,sgd,200,linear,moments-cat,,,,,,,50,25000,3,69.53,0.23,69.07,0.25,3,yes,,grid_c100_r18_3a0225_50pct,71.79,-2.26,0.14,-2.02,0.19,-0.24
grid_c100_r18_stmomentscatk11_kwe61c0d_b5162e_7pct,cifar100,resnet18,sgd,200,linear,moments-cat,,,,,,,7,3500,3,33.35,0.15,42.98,0.18,3,yes,,abl7_none,32.09,1.25,0.41,0.74,0.33,0.52
grid_c100_r18_stmomentscatk5_kw03e54b_922cd7_20pct,cifar100,resnet18,sgd,200,linear,moments-cat,,,,,,,20,10000,3,56.66,0.41,59.40,0.52,3,yes,,grid_c100_r18_3a0225_20pct,57.00,-0.34,0.35,-0.78,0.42,0.45
grid_c100_r18_stmomentscatk5_kw03e54b_922cd7_50pct,cifar100,resnet18,sgd,200,linear,moments-cat,,,,,,,50,25000,3,71.35,0.05,71.04,0.33,3,yes,,grid_c100_r18_3a0225_50pct,71.79,-0.43,0.06,-0.05,0.23,-0.38
grid_c100_r18_stmomentscatk7_kw03e54b_207a01_100pct,cifar100,resnet18,sgd,200,linear,moments-cat,,,,,,,100,50000,3,78.51,0.21,78.55,0.06,3,yes,,ablf_none,78.52,-0.00,0.15,,,
grid_c100_r18_stmomentscatk7_kw03e54b_207a01_15pct,cifar100,resnet18,sgd,200,linear,moments-cat,,,,,,,15,7500,3,48.52,0.34,53.30,0.15,3,yes,,abl15_none,50.09,-1.57,0.32,-1.33,0.22,-0.24
grid_c100_r18_stmomentscatk7_kw03e54b_207a01_1pct,cifar100,resnet18,sgd,200,linear,moments-cat,,,,,,,1,500,3,10.15,0.13,29.70,0.25,3,yes,,abl1_none,8.95,1.20,0.08,3.08,0.17,-1.88
grid_c100_r18_stmomentscatk7_kw03e54b_207a01_20pct,cifar100,resnet18,sgd,200,linear,moments-cat,,,,,,,20,10000,3,55.00,0.31,58.47,0.36,3,yes,,grid_c100_r18_3a0225_20pct,57.00,-2.00,0.31,-1.71,0.36,-0.29
grid_c100_r18_stmomentscatk7_kw03e54b_207a01_25pct,cifar100,resnet18,sgd,200,linear,moments-cat,,,,,,,25,12500,3,60.00,0.28,61.96,0.32,3,yes,,abl25_none,61.35,-1.35,0.31,-1.22,0.22,-0.13
grid_c100_r18_stmomentscatk7_kw03e54b_207a01_2pct,cifar100,resnet18,sgd,200,linear,moments-cat,,,,,,,2,1000,3,15.42,0.18,32.88,0.40,3,yes,,abl2_none,14.17,1.24,0.14,3.05,0.35,-1.81
grid_c100_r18_stmomentscatk7_kw03e54b_207a01_3pct,cifar100,resnet18,sgd,200,linear,moments-cat,,,,,,,3,1500,3,20.57,0.64,35.92,0.18,3,yes,,abl3_none,18.47,2.10,0.37,3.15,0.15,-1.05
grid_c100_r18_stmomentscatk7_kw03e54b_207a01_50pct,cifar100,resnet18,sgd,200,linear,moments-cat,,,,,,,50,25000,3,71.22,0.13,70.56,0.03,3,yes,,grid_c100_r18_3a0225_50pct,71.79,-0.57,0.09,-0.53,0.12,-0.04
grid_c100_r18_stmomentscatk7_kw03e54b_207a01_7pct,cifar100,resnet18,sgd,200,linear,moments-cat,,,,,,,7,3500,3,32.98,0.11,42.98,0.50,3,yes,,abl7_none,32.09,0.89,0.40,0.73,0.42,0.16
grid_c100_r18_stmomentssumk11_5f9ae4_100pct,cifar100,resnet18,sgd,200,linear,moments-sum,,,,,,,100,50000,3,66.63,0.36,66.43,0.37,3,yes,,ablf_none,78.52,-11.89,0.23,,,
grid_c100_r18_stmomentssumk11_5f9ae4_15pct,cifar100,resnet18,sgd,200,linear,moments-sum,,,,,,,15,7500,3,40.50,0.13,44.08,0.19,3,yes,,abl15_none,50.09,-9.59,0.27,-10.55,0.23,0.96
grid_c100_r18_stmomentssumk11_5f9ae4_1pct,cifar100,resnet18,sgd,200,linear,moments-sum,,,,,,,1,500,3,8.90,0.13,26.67,0.25,3,yes,,abl1_none,8.95,-0.06,0.08,0.05,0.17,-0.11
grid_c100_r18_stmomentssumk11_5f9ae4_20pct,cifar100,resnet18,sgd,200,linear,moments-sum,,,,,,,20,10000,3,45.13,0.13,47.36,0.24,3,yes,,grid_c100_r18_3a0225_20pct,57.00,-11.87,0.27,-12.82,0.32,0.96
grid_c100_r18_stmomentssumk11_5f9ae4_25pct,cifar100,resnet18,sgd,200,linear,moments-sum,,,,,,,25,12500,3,48.31,0.24,50.00,0.44,3,yes,,abl25_none,61.35,-13.04,0.30,-13.19,0.28,0.14
grid_c100_r18_stmomentssumk11_5f9ae4_2pct,cifar100,resnet18,sgd,200,linear,moments-sum,,,,,,,2,1000,3,13.66,0.21,29.31,0.08,3,yes,,abl2_none,14.17,-0.52,0.15,-0.52,0.26,-0.00
grid_c100_r18_stmomentssumk11_5f9ae4_3pct,cifar100,resnet18,sgd,200,linear,moments-sum,,,,,,,3,1500,3,16.79,0.24,30.69,0.24,3,yes,,abl3_none,18.47,-1.68,0.14,-2.08,0.18,0.40
grid_c100_r18_stmomentssumk11_5f9ae4_50pct,cifar100,resnet18,sgd,200,linear,moments-sum,,,,,,,50,25000,3,58.33,0.59,57.52,0.11,3,yes,,grid_c100_r18_3a0225_50pct,71.79,-13.46,0.35,-13.57,0.14,0.11
grid_c100_r18_stmomentssumk11_5f9ae4_5pct,cifar100,resnet18,sgd,200,linear,moments-sum,,,,,,,5,2500,3,22.15,0.15,33.79,0.26,3,yes,,abl5_none,25.36,-3.21,0.20,-3.43,0.21,0.22
grid_c100_r18_stmomentssumk11_5f9ae4_7pct,cifar100,resnet18,sgd,200,linear,moments-sum,,,,,,,7,3500,3,26.30,0.19,36.07,0.46,3,yes,,abl7_none,32.09,-5.80,0.41,-6.17,0.41,0.38
grid_c100_r18_strandomfixedk11_554b99_10pct,cifar100,resnet18,sgd,200,linear,random-fixed,,,,,,,10,5000,3,34.05,0.29,,,,yes,,abl10_none,40.28,-6.23,0.25,,,
grid_c100_r18_strandomfixedk11_554b99_15pct,cifar100,resnet18,sgd,200,linear,random-fixed,,,,,,,15,7500,3,43.68,1.04,49.15,0.71,3,yes,,abl15_none,50.09,-6.41,0.66,-5.47,0.46,-0.94
grid_c100_r18_strandomfixedk11_554b99_1pct,cifar100,resnet18,sgd,200,linear,random-fixed,,,,,,,1,500,3,8.78,0.36,26.16,0.81,3,yes,,abl1_none,8.95,-0.17,0.21,-0.45,0.48,0.28
grid_c100_r18_strandomfixedk11_554b99_20pct,cifar100,resnet18,sgd,200,linear,random-fixed,,,,,,,20,10000,3,51.95,0.80,54.77,1.06,3,yes,,grid_c100_r18_3a0225_20pct,57.00,-5.05,0.53,-5.41,0.68,0.37
grid_c100_r18_strandomfixedk11_554b99_25pct,cifar100,resnet18,sgd,200,linear,random-fixed,,,,,,,25,12500,3,58.37,0.23,60.03,0.17,3,yes,,abl25_none,61.35,-2.98,0.30,-3.16,0.15,0.18
grid_c100_r18_strandomfixedk11_554b99_2pct,cifar100,resnet18,sgd,200,linear,random-fixed,,,,,,,2,1000,3,13.01,0.58,28.65,0.89,3,yes,,abl2_none,14.17,-1.17,0.35,-1.18,0.57,0.02
grid_c100_r18_strandomfixedk11_554b99_3pct,cifar100,resnet18,sgd,200,linear,random-fixed,,,,,,,3,1500,3,17.07,0.21,30.99,0.35,3,yes,,abl3_none,18.47,-1.40,0.12,-1.78,0.23,0.39
grid_c100_r18_strandomfixedk11_554b99_50pct,cifar100,resnet18,sgd,200,linear,random-fixed,,,,,,,50,25000,3,70.65,0.23,69.84,0.15,3,yes,,grid_c100_r18_3a0225_50pct,71.79,-1.13,0.14,-1.25,0.15,0.12
grid_c100_r18_strandomfixedk11_554b99_5pct,cifar100,resnet18,sgd,200,linear,random-fixed,,,,,,,5,2500,3,22.45,0.49,33.94,0.42,3,yes,,abl5_none,25.36,-2.91,0.33,-3.28,0.29,0.37
grid_c100_r18_strandomfixedk11_554b99_7pct,cifar100,resnet18,sgd,200,linear,random-fixed,,,,,,,7,3500,3,27.37,0.34,37.02,0.21,3,yes,,abl7_none,32.09,-4.72,0.44,-5.22,0.33,0.50
grid_c100_r34_3d732d_15pct,cifar100,resnet34,sgd,200,linear,none,,,,,,,15,7500,3,50.18,0.46,54.90,0.28,3,yes,,,,,,,,
grid_c100_r34_3d732d_20pct,cifar100,resnet34,sgd,200,linear,none,,,,,,,20,10000,3,56.93,0.58,60.05,0.52,3,yes,,,,,,,,
grid_c100_r34_3d732d_25pct,cifar100,resnet34,sgd,200,linear,none,,,,,,,25,12500,3,61.91,0.85,,,,yes,,,,,,,,
grid_c100_r34_3d732d_2pct,cifar100,resnet34,sgd,200,linear,none,,,,,,,2,1000,3,14.19,0.35,29.12,0.29,3,yes,,,,,,,,
grid_c100_r34_3d732d_3pct,cifar100,resnet34,sgd,200,linear,none,,,,,,,3,1500,3,18.34,0.56,31.84,0.57,3,yes,,,,,,,,
grid_c100_r34_3d732d_50pct,cifar100,resnet34,sgd,200,linear,none,,,,,,,50,25000,3,72.53,0.36,72.80,,1,yes,,,,,,,,
grid_c100_r34_3d732d_5pct,cifar100,resnet34,sgd,200,linear,none,,,,,,,5,2500,3,24.87,0.19,,,,yes,,,,,,,,
grid_c100_r34_3d732d_7pct,cifar100,resnet34,sgd,200,linear,none,,,,,,,7,3500,3,31.74,0.53,41.28,0.89,3,yes,,,,,,,,
grid_c100_r34_axmagnitudeL3_l10to00_a098e3_100pct,cifar100,resnet34,sgd,200,linear,none,,,energy-magnitude,layer3,1.0,0.0,100,50000,3,79.28,0.32,79.20,0.23,3,yes,,,,,,,,
grid_c100_r34_axmagnitudeL3_l10to00_a098e3_15pct,cifar100,resnet34,sgd,200,linear,none,,,energy-magnitude,layer3,1.0,0.0,15,7500,3,52.87,0.18,57.44,0.20,3,yes,,grid_c100_r34_3d732d_15pct,50.18,2.69,0.28,2.54,0.20,0.15
grid_c100_r34_axmagnitudeL3_l10to00_a098e3_1pct,cifar100,resnet34,sgd,200,linear,none,,,energy-magnitude,layer3,1.0,0.0,1,500,3,10.33,0.09,29.70,0.35,3,yes,,,,,,,,
grid_c100_r34_axmagnitudeL3_l10to00_a098e3_20pct,cifar100,resnet34,sgd,200,linear,none,,,energy-magnitude,layer3,1.0,0.0,20,10000,3,57.87,0.41,60.92,0.32,3,yes,,grid_c100_r34_3d732d_20pct,56.93,0.95,0.41,0.86,0.35,0.08
grid_c100_r34_axmagnitudeL3_l10to00_a098e3_25pct,cifar100,resnet34,sgd,200,linear,none,,,energy-magnitude,layer3,1.0,0.0,25,12500,3,62.23,0.16,64.40,0.06,3,yes,,grid_c100_r34_3d732d_25pct,61.91,0.32,0.50,,,
grid_c100_r34_axmagnitudeL3_l10to00_a098e3_2pct,cifar100,resnet34,sgd,200,linear,none,,,energy-magnitude,layer3,1.0,0.0,2,1000,3,16.69,0.39,33.78,0.39,3,yes,,grid_c100_r34_3d732d_2pct,14.19,2.50,0.30,4.66,0.28,-2.16
grid_c100_r34_axmagnitudeL3_l10to00_a098e3_3pct,cifar100,resnet34,sgd,200,linear,none,,,energy-magnitude,layer3,1.0,0.0,3,1500,3,21.95,0.27,37.15,0.23,3,yes,,grid_c100_r34_3d732d_3pct,18.34,3.60,0.36,5.31,0.35,-1.71
grid_c100_r34_axmagnitudeL3_l10to00_a098e3_50pct,cifar100,resnet34,sgd,200,linear,none,,,energy-magnitude,layer3,1.0,0.0,50,25000,3,71.79,0.22,71.07,,1,yes,,grid_c100_r34_3d732d_50pct,72.53,-0.74,0.25,-1.73,,0.99
grid_c100_r34_axmagnitudeL3_l10to00_a098e3_5pct,cifar100,resnet34,sgd,200,linear,none,,,energy-magnitude,layer3,1.0,0.0,5,2500,3,30.50,0.44,42.38,0.68,3,yes,,grid_c100_r34_3d732d_5pct,24.87,5.63,0.27,,,
grid_c100_r34_axmagnitudeL3_l10to00_a098e3_7pct,cifar100,resnet34,sgd,200,linear,none,,,energy-magnitude,layer3,1.0,0.0,7,3500,3,36.53,0.57,46.52,0.36,3,yes,,grid_c100_r34_3d732d_7pct,31.74,4.79,0.45,5.24,0.55,-0.45
grid_c100_r50_97326f_15pct,cifar100,resnet50,sgd,200,linear,none,,,,,,,15,7500,3,50.45,0.25,56.28,0.44,3,yes,,,,,,,,
grid_c100_r50_97326f_20pct,cifar100,resnet50,sgd,200,linear,none,,,,,,,20,10000,3,57.17,0.48,60.77,0.85,3,yes,,,,,,,,
grid_c100_r50_97326f_25pct,cifar100,resnet50,sgd,200,linear,none,,,,,,,25,12500,3,62.27,0.54,,,,yes,,,,,,,,
grid_c100_r50_97326f_2pct,cifar100,resnet50,sgd,200,linear,none,,,,,,,2,1000,3,13.08,0.25,29.96,0.15,3,yes,,,,,,,,
grid_c100_r50_97326f_3pct,cifar100,resnet50,sgd,200,linear,none,,,,,,,3,1500,3,17.49,0.32,32.60,0.07,3,yes,,,,,,,,
grid_c100_r50_97326f_50pct,cifar100,resnet50,sgd,200,linear,none,,,,,,,50,25000,3,73.45,0.25,73.52,0.27,3,yes,,,,,,,,
grid_c100_r50_97326f_7pct,cifar100,resnet50,sgd,200,linear,none,,,,,,,7,3500,3,31.08,0.41,41.85,0.21,3,yes,,,,,,,,
grid_c100_r50_axmagnitudeL3_l03to00_e95aea_100pct,cifar100,resnet50,sgd,200,linear,none,,,energy-magnitude,layer3,0.3,0.0,100,50000,3,80.51,0.18,80.51,,1,yes,,ablf50_none,80.51,0.00,,,,
grid_c100_r50_axmagnitudeL3_l03to00_e95aea_15pct,cifar100,resnet50,sgd,200,linear,none,,,energy-magnitude,layer3,0.3,0.0,15,7500,3,54.09,0.18,59.51,0.30,3,yes,,grid_c100_r50_97326f_15pct,50.45,3.64,0.18,3.23,0.30,0.41
grid_c100_r50_axmagnitudeL3_l03to00_e95aea_1pct,cifar100,resnet50,sgd,200,linear,none,,,energy-magnitude,layer3,0.3,0.0,1,500,3,8.79,0.22,27.75,0.36,3,yes,,,,,,,,
grid_c100_r50_axmagnitudeL3_l03to00_e95aea_20pct,cifar100,resnet50,sgd,200,linear,none,,,energy-magnitude,layer3,0.3,0.0,20,10000,3,59.84,0.32,63.34,0.21,3,yes,,grid_c100_r50_97326f_20pct,57.17,2.67,0.33,2.57,0.51,0.10
grid_c100_r50_axmagnitudeL3_l03to00_e95aea_25pct,cifar100,resnet50,sgd,200,linear,none,,,energy-magnitude,layer3,0.3,0.0,25,12500,3,64.07,0.14,66.47,0.29,3,yes,,grid_c100_r50_97326f_25pct,62.27,1.81,0.32,,,
grid_c100_r50_axmagnitudeL3_l03to00_e95aea_2pct,cifar100,resnet50,sgd,200,linear,none,,,energy-magnitude,layer3,0.3,0.0,2,1000,3,14.12,0.13,32.07,0.24,3,yes,,grid_c100_r50_97326f_2pct,13.08,1.04,0.16,2.12,0.16,-1.07
grid_c100_r50_axmagnitudeL3_l03to00_e95aea_3pct,cifar100,resnet50,sgd,200,linear,none,,,energy-magnitude,layer3,0.3,0.0,3,1500,3,18.81,0.34,35.43,0.29,3,yes,,grid_c100_r50_97326f_3pct,17.49,1.32,0.27,2.83,0.17,-1.52
grid_c100_r50_axmagnitudeL3_l03to00_e95aea_50pct,cifar100,resnet50,sgd,200,linear,none,,,energy-magnitude,layer3,0.3,0.0,50,25000,3,73.62,0.11,73.24,0.38,3,yes,,grid_c100_r50_97326f_50pct,73.45,0.17,0.16,-0.28,0.27,0.45
grid_c100_r50_axmagnitudeL3_l03to00_e95aea_5pct,cifar100,resnet50,sgd,200,linear,none,,,energy-magnitude,layer3,0.3,0.0,5,2500,3,27.39,0.35,40.64,0.21,3,yes,,r50_none_5pct,24.89,2.50,0.30,3.05,0.19,-0.55
grid_c100_r50_axmagnitudeL3_l03to00_e95aea_7pct,cifar100,resnet50,sgd,200,linear,none,,,energy-magnitude,layer3,0.3,0.0,7,3500,3,34.56,0.12,46.37,0.19,3,yes,,grid_c100_r50_97326f_7pct,31.08,3.48,0.25,4.53,0.16,-1.05
grid_c100_r50_axmagnitudeL3_l10to00_460bd4_100pct,cifar100,resnet50,sgd,200,linear,none,,,energy-magnitude,layer3,1.0,0.0,100,50000,3,79.14,0.30,79.22,,1,yes,,ablf50_none,80.51,-1.37,,,,
grid_c100_r50_axmagnitudeL3_l10to00_460bd4_15pct,cifar100,resnet50,sgd,200,linear,none,,,energy-magnitude,layer3,1.0,0.0,15,7500,3,49.86,0.80,56.77,0.89,3,yes,,grid_c100_r50_97326f_15pct,50.45,-0.59,0.48,0.49,0.57,-1.08
grid_c100_r50_axmagnitudeL3_l10to00_460bd4_1pct,cifar100,resnet50,sgd,200,linear,none,,,energy-magnitude,layer3,1.0,0.0,1,500,3,7.14,0.11,20.84,1.01,3,yes,,,,,,,,
grid_c100_r50_axmagnitudeL3_l10to00_460bd4_20pct,cifar100,resnet50,sgd,200,linear,none,,,energy-magnitude,layer3,1.0,0.0,20,10000,3,55.07,0.69,60.14,0.81,3,yes,,grid_c100_r50_97326f_20pct,57.17,-2.09,0.48,-0.63,0.68,-1.46
grid_c100_r50_axmagnitudeL3_l10to00_460bd4_25pct,cifar100,resnet50,sgd,200,linear,none,,,energy-magnitude,layer3,1.0,0.0,25,12500,3,59.69,0.55,63.13,0.71,3,yes,,grid_c100_r50_97326f_25pct,62.27,-2.58,0.44,,,
grid_c100_r50_axmagnitudeL3_l10to00_460bd4_2pct,cifar100,resnet50,sgd,200,linear,none,,,energy-magnitude,layer3,1.0,0.0,2,1000,3,12.13,0.47,26.80,1.28,3,yes,,grid_c100_r50_97326f_2pct,13.08,-0.95,0.31,-3.16,0.74,2.21
grid_c100_r50_axmagnitudeL3_l10to00_460bd4_3pct,cifar100,resnet50,sgd,200,linear,none,,,energy-magnitude,layer3,1.0,0.0,3,1500,3,17.48,0.57,33.86,1.35,3,yes,,grid_c100_r50_97326f_3pct,17.49,-0.01,0.38,1.26,0.78,-1.27
grid_c100_r50_axmagnitudeL3_l10to00_460bd4_50pct,cifar100,resnet50,sgd,200,linear,none,,,energy-magnitude,layer3,1.0,0.0,50,25000,3,70.21,0.12,69.94,0.27,3,yes,,grid_c100_r50_97326f_50pct,73.45,-3.24,0.16,-3.58,0.22,0.34
grid_c100_r50_axmagnitudeL3_l10to00_460bd4_7pct,cifar100,resnet50,sgd,200,linear,none,,,energy-magnitude,layer3,1.0,0.0,7,3500,3,32.89,1.88,46.14,1.53,3,yes,,grid_c100_r50_97326f_7pct,31.08,1.81,1.11,4.30,0.89,-2.49
grid_c100_r50_axmagnitudeL3_l10to00_hn_3144fc_100pct,cifar100,resnet50,sgd,200,linear,none,,,energy-magnitude,layer3,1.0,0.0,100,50000,3,79.82,0.27,80.15,,1,yes,,ablf50_none,80.51,-0.69,,,,
grid_c100_r50_axmagnitudeL3_l10to00_hn_3144fc_15pct,cifar100,resnet50,sgd,200,linear,none,,,energy-magnitude,layer3,1.0,0.0,15,7500,3,53.40,0.46,59.26,0.57,3,yes,,grid_c100_r50_97326f_15pct,50.45,2.95,0.30,2.98,0.42,-0.03
grid_c100_r50_axmagnitudeL3_l10to00_hn_3144fc_1pct,cifar100,resnet50,sgd,200,linear,none,,,energy-magnitude,layer3,1.0,0.0,1,500,3,9.53,0.20,30.49,0.51,3,yes,,,,,,,,
grid_c100_r50_axmagnitudeL3_l10to00_hn_3144fc_20pct,cifar100,resnet50,sgd,200,linear,none,,,energy-magnitude,layer3,1.0,0.0,20,10000,3,59.35,0.19,62.99,0.34,3,yes,,grid_c100_r50_97326f_20pct,57.17,2.19,0.30,2.22,0.53,-0.03
grid_c100_r50_axmagnitudeL3_l10to00_hn_3144fc_25pct,cifar100,resnet50,sgd,200,linear,none,,,energy-magnitude,layer3,1.0,0.0,25,12500,3,63.11,0.16,65.53,0.60,3,yes,,grid_c100_r50_97326f_25pct,62.27,0.84,0.32,,,
grid_c100_r50_axmagnitudeL3_l10to00_hn_3144fc_2pct,cifar100,resnet50,sgd,200,linear,none,,,energy-magnitude,layer3,1.0,0.0,2,1000,3,15.77,0.46,34.46,0.25,3,yes,,grid_c100_r50_97326f_2pct,13.08,2.70,0.30,4.51,0.17,-1.81
grid_c100_r50_axmagnitudeL3_l10to00_hn_3144fc_3pct,cifar100,resnet50,sgd,200,linear,none,,,energy-magnitude,layer3,1.0,0.0,3,1500,3,21.27,0.73,38.07,0.60,3,yes,,grid_c100_r50_97326f_3pct,17.49,3.78,0.46,5.47,0.35,-1.70
grid_c100_r50_axmagnitudeL3_l10to00_hn_3144fc_50pct,cifar100,resnet50,sgd,200,linear,none,,,energy-magnitude,layer3,1.0,0.0,50,25000,3,71.88,0.61,71.98,0.40,3,yes,,grid_c100_r50_97326f_50pct,73.45,-1.58,0.38,-1.55,0.28,-0.03
grid_c100_r50_axmagnitudeL3_l10to00_hn_3144fc_5pct,cifar100,resnet50,sgd,200,linear,none,,,energy-magnitude,layer3,1.0,0.0,5,2500,3,30.07,0.83,43.61,0.62,3,yes,,r50_none_5pct,24.89,5.17,0.53,6.02,0.39,-0.85
grid_c100_r50_axmagnitudeL3_l10to00_hn_3144fc_7pct,cifar100,resnet50,sgd,200,linear,none,,,energy-magnitude,layer3,1.0,0.0,7,3500,3,36.99,0.29,48.70,0.84,3,yes,,grid_c100_r50_97326f_7pct,31.08,5.91,0.29,6.85,0.50,-0.94
grid_c100_r50_stmomentscatk11_kw03e54b_a32c44_10pct,cifar100,resnet50,sgd,200,linear,moments-cat,,,,,,,10,5000,3,37.80,0.34,46.31,0.35,3,yes,,r50_none_10pct,40.65,-2.86,0.37,-3.29,0.49,0.43
grid_c100_r50_stmomentscatk11_kw03e54b_a32c44_15pct,cifar100,resnet50,sgd,200,linear,moments-cat,,,,,,,15,7500,3,46.51,0.48,53.01,0.74,3,yes,,grid_c100_r50_97326f_15pct,50.45,-3.94,0.31,-3.27,0.50,-0.68
grid_c100_r50_stmomentscatk11_kw03e54b_a32c44_1pct,cifar100,resnet50,sgd,200,linear,moments-cat,,,,,,,1,500,3,10.01,0.14,29.53,0.13,3,yes,,,,,,,,
grid_c100_r50_stmomentscatk11_kw03e54b_a32c44_20pct,cifar100,resnet50,sgd,200,linear,moments-cat,,,,,,,20,10000,3,55.26,1.10,59.33,1.08,3,yes,,grid_c100_r50_97326f_20pct,57.17,-1.91,0.69,-1.44,0.79,-0.47
grid_c100_r50_stmomentscatk11_kw03e54b_a32c44_25pct,cifar100,resnet50,sgd,200,linear,moments-cat,,,,,,,25,12500,3,61.33,0.16,64.11,0.07,3,yes,,grid_c100_r50_97326f_25pct,62.27,-0.94,0.32,,,
grid_c100_r50_stmomentscatk11_kw03e54b_a32c44_2pct,cifar100,resnet50,sgd,200,linear,moments-cat,,,,,,,2,1000,3,14.65,0.16,32.89,0.20,3,yes,,grid_c100_r50_97326f_2pct,13.08,1.58,0.17,2.94,0.15,-1.36
grid_c100_r50_stmomentscatk11_kw03e54b_a32c44_3pct,cifar100,resnet50,sgd,200,linear,moments-cat,,,,,,,3,1500,3,19.06,0.37,34.95,0.26,3,yes,,grid_c100_r50_97326f_3pct,17.49,1.57,0.28,2.35,0.15,-0.79
grid_c100_r50_stmomentscatk11_kw03e54b_a32c44_50pct,cifar100,resnet50,sgd,200,linear,moments-cat,,,,,,,50,25000,3,72.84,0.34,72.73,0.24,3,yes,,grid_c100_r50_97326f_50pct,73.45,-0.61,0.24,-0.79,0.21,0.18
grid_c100_r50_stmomentscatk11_kw03e54b_a32c44_5pct,cifar100,resnet50,sgd,200,linear,moments-cat,,,,,,,5,2500,3,25.73,0.31,38.50,0.54,3,yes,,r50_none_5pct,24.89,0.84,0.29,0.91,0.34,-0.07
grid_c100_r50_stmomentscatk11_kw03e54b_a32c44_7pct,cifar100,resnet50,sgd,200,linear,moments-cat,,,,,,,7,3500,3,30.68,0.50,41.56,0.12,3,yes,,grid_c100_r50_97326f_7pct,31.08,-0.40,0.37,-0.28,0.14,-0.12
grid_c100s_r18_234ac2_15pct,cifar100super,resnet18,sgd,200,linear,none,,,,,,,15,7500,3,64.99,0.39,67.18,0.63,3,yes,,,,,,,,
grid_c100s_r18_234ac2_20pct,cifar100super,resnet18,sgd,200,linear,none,,,,,,,20,10000,3,69.90,0.14,70.96,0.07,3,yes,,,,,,,,
grid_c100s_r18_234ac2_3pct,cifar100super,resnet18,sgd,200,linear,none,,,,,,,3,1500,3,35.20,0.32,44.83,0.41,3,yes,,,,,,,,
grid_c100s_r18_234ac2_50pct,cifar100super,resnet18,sgd,200,linear,none,,,,,,,50,25000,3,81.57,0.04,81.53,0.13,3,yes,,,,,,,,
grid_c100s_r18_234ac2_7pct,cifar100super,resnet18,sgd,200,linear,none,,,,,,,7,3500,3,48.41,0.76,53.73,0.78,3,yes,,,,,,,,
grid_c100s_r18_axmagnitudeL3_l10to00_47ebc7_15pct,cifar100super,resnet18,sgd,200,linear,none,,,energy-magnitude,layer3,1.0,0.0,15,7500,3,65.51,0.34,67.61,0.46,3,yes,,grid_c100s_r18_234ac2_15pct,64.99,0.52,0.30,0.43,0.45,0.10
grid_c100s_r18_axmagnitudeL3_l10to00_47ebc7_20pct,cifar100super,resnet18,sgd,200,linear,none,,,energy-magnitude,layer3,1.0,0.0,20,10000,3,69.78,0.07,70.99,0.35,3,yes,,grid_c100s_r18_234ac2_20pct,69.90,-0.12,0.09,0.02,0.20,-0.14
grid_c100s_r18_axmagnitudeL3_l10to00_47ebc7_3pct,cifar100super,resnet18,sgd,200,linear,none,,,energy-magnitude,layer3,1.0,0.0,3,1500,3,40.28,0.17,49.86,0.50,3,yes,,grid_c100s_r18_234ac2_3pct,35.20,5.08,0.21,5.03,0.37,0.05
grid_c100s_r18_axmagnitudeL3_l10to00_47ebc7_50pct,cifar100super,resnet18,sgd,200,linear,none,,,energy-magnitude,layer3,1.0,0.0,50,25000,3,80.87,0.33,80.81,0.29,3,yes,,grid_c100s_r18_234ac2_50pct,81.57,-0.70,0.19,-0.72,0.18,0.03
grid_c100s_r18_axmagnitudeL3_l10to00_47ebc7_7pct,cifar100super,resnet18,sgd,200,linear,none,,,energy-magnitude,layer3,1.0,0.0,7,3500,3,53.38,0.55,58.43,0.35,3,yes,,grid_c100s_r18_234ac2_7pct,48.41,4.97,0.54,4.70,0.49,0.27
grid_c10_r18_4d2fb5_100pct,cifar10,resnet18,sgd,200,linear,none,,,,,,,100,50000,3,95.25,0.16,95.26,0.20,3,yes,,c10_none_100pct,95.28,-0.02,0.18,,,
grid_c10_r18_4d2fb5_15pct,cifar10,resnet18,sgd,200,linear,none,,,,,,,15,7500,3,85.61,0.73,86.32,0.74,3,yes,,c10_none_15pct,85.65,-0.04,0.46,,,
grid_c10_r18_4d2fb5_20pct,cifar10,resnet18,sgd,200,linear,none,,,,,,,20,10000,3,87.78,0.19,88.08,0.31,3,yes,,grid_c10_r18_ebb591_20pct,87.95,-0.17,0.16,-0.20,0.22,0.03
grid_c10_r18_4d2fb5_25pct,cifar10,resnet18,sgd,200,linear,none,,,,,,,25,12500,3,89.43,0.28,89.60,0.06,3,yes,,c10_none_25pct,89.26,0.16,0.21,0.08,0.10,0.09
grid_c10_r18_4d2fb5_2pct,cifar10,resnet18,sgd,200,linear,none,,,,,,,2,1000,3,51.68,0.95,60.83,0.38,3,yes,,c10_none_2pct,51.71,-0.02,0.59,-0.14,0.27,0.12
grid_c10_r18_4d2fb5_3pct,cifar10,resnet18,sgd,200,linear,none,,,,,,,3,1500,3,59.69,0.62,65.72,0.10,3,yes,,c10_none_3pct,60.13,-0.44,0.72,,,
grid_c10_r18_4d2fb5_50pct,cifar10,resnet18,sgd,200,linear,none,,,,,,,50,25000,3,93.04,0.09,93.21,,1,yes,,grid_c10_r18_ebb591_50pct,93.01,0.03,0.10,0.06,,-0.03
grid_c10_r18_4d2fb5_7pct,cifar10,resnet18,sgd,200,linear,none,,,,,,,7,3500,3,74.45,0.94,77.48,0.69,3,yes,,c10_none_7pct,75.22,-0.77,0.66,-0.66,0.60,-0.12
grid_c10_r18_axmagnitudeL3_l03to00_de04e0_100pct,cifar10,resnet18,sgd,200,linear,none,,,energy-magnitude,layer3,0.3,0.0,100,50000,3,95.07,0.17,95.07,0.12,3,yes,,c10_none_100pct,95.28,-0.20,0.19,,,
grid_c10_r18_axmagnitudeL3_l03to00_de04e0_1pct,cifar10,resnet18,sgd,200,linear,none,,,energy-magnitude,layer3,0.3,0.0,1,500,3,41.70,0.30,55.91,0.18,3,yes,,c10_none_1pct,39.15,2.55,0.19,2.25,0.15,0.31
grid_c10_r18_axmagnitudeL3_l03to00_de04e0_20pct,cifar10,resnet18,sgd,200,linear,none,,,energy-magnitude,layer3,0.3,0.0,20,10000,3,87.25,0.05,87.85,0.07,3,yes,,grid_c10_r18_ebb591_20pct,87.95,-0.70,0.13,-0.43,0.14,-0.27
grid_c10_r18_axmagnitudeL3_l03to00_de04e0_25pct,cifar10,resnet18,sgd,200,linear,none,,,energy-magnitude,layer3,0.3,0.0,25,12500,3,88.99,0.17,89.18,0.24,3,yes,,c10_none_25pct,89.26,-0.27,0.17,-0.34,0.17,0.07
grid_c10_r18_axmagnitudeL3_l03to00_de04e0_2pct,cifar10,resnet18,sgd,200,linear,none,,,energy-magnitude,layer3,0.3,0.0,2,1000,3,55.80,0.46,64.62,0.43,3,yes,,c10_none_2pct,51.71,4.10,0.35,3.65,0.30,0.44
grid_c10_r18_axmagnitudeL3_l03to00_de04e0_3pct,cifar10,resnet18,sgd,200,linear,none,,,energy-magnitude,layer3,0.3,0.0,3,1500,3,64.20,0.41,69.97,0.28,3,yes,,c10_none_3pct,60.13,4.07,0.67,,,
grid_c10_r18_axmagnitudeL3_l03to00_de04e0_50pct,cifar10,resnet18,sgd,200,linear,none,,,energy-magnitude,layer3,0.3,0.0,50,25000,3,92.71,0.07,92.79,0.04,3,yes,,grid_c10_r18_ebb591_50pct,93.01,-0.29,0.09,-0.36,,0.06
grid_c10_r18_axmagnitudeL3_l03to00_de04e0_5pct,cifar10,resnet18,sgd,200,linear,none,,,energy-magnitude,layer3,0.3,0.0,5,2500,3,72.75,0.49,76.48,0.61,3,yes,,c10_none_5pct,69.05,3.70,0.30,3.79,0.38,-0.09
grid_c10_r18_axmagnitudeL3_l03to00_de04e0_7pct,cifar10,resnet18,sgd,200,linear,none,,,energy-magnitude,layer3,0.3,0.0,7,3500,3,77.29,0.35,80.00,0.29,3,yes,,c10_none_7pct,75.22,2.07,0.43,1.86,0.48,0.20
grid_c10_r18_axmagnitudeL3_l10to00_8490d9_20pct,cifar10,resnet18,sgd,200,linear,none,,,energy-magnitude,layer3,1.0,0.0,20,10000,3,87.18,0.02,87.63,0.09,3,yes,,grid_c10_r18_ebb591_20pct,87.95,-0.77,0.13,-0.65,0.15,-0.12
grid_c10_r18_axmagnitudeL3_l10to00_8490d9_50pct,cifar10,resnet18,sgd,200,linear,none,,,energy-magnitude,layer3,1.0,0.0,50,25000,3,92.33,0.11,92.56,,1,yes,,grid_c10_r18_ebb591_50pct,93.01,-0.68,0.10,-0.59,,-0.09
grid_c10_r18_ebb591_10pct,cifar10,resnet18,sgd,200,linear,none,,,,,,,10,5000,3,80.63,0.99,82.32,0.96,3,yes,,c10_none_10pct,80.71,-0.08,0.80,-0.22,0.63,0.15
grid_c10_r18_ebb591_1pct,cifar10,resnet18,sgd,200,linear,none,,,,,,,1,500,3,39.48,0.21,53.56,0.17,3,yes,,c10_none_1pct,39.15,0.34,0.15,-0.11,0.15,0.45
grid_c10_r18_ebb591_20pct,cifar10,resnet18,sgd,200,linear,none,,,,,,,20,10000,3,87.95,0.22,88.28,0.24,3,yes,,,,,,,,
grid_c10_r18_ebb591_50pct,cifar10,resnet18,sgd,200,linear,none,,,,,,,50,25000,3,93.01,0.14,93.15,,1,yes,,,,,,,,
grid_c10_r18_ebb591_5pct,cifar10,resnet18,sgd,200,linear,none,,,,,,,5,2500,3,69.11,0.99,72.85,0.76,3,yes,,c10_none_5pct,69.05,0.06,0.58,0.17,0.46,-0.10
grid_cub_r18_axmagnitudeL3_l10to00_ad3977_10pct,cub,resnet18,sgd,200,linear,none,,,energy-magnitude,layer3,1.0,0.0,10,599,3,2.18,0.23,5.54,0.26,3,yes,,grid_cub_r18_d85097_10pct,1.85,0.33,0.14,0.63,0.15,-0.30
grid_cub_r18_axmagnitudeL3_l10to00_ad3977_15pct,cub,resnet18,sgd,200,linear,none,,,energy-magnitude,layer3,1.0,0.0,15,899,3,2.91,0.19,6.17,0.12,3,yes,,grid_cub_r18_d85097_15pct,2.56,0.35,0.16,0.78,0.14,-0.43
grid_cub_r18_axmagnitudeL3_l10to00_ad3977_20pct,cub,resnet18,sgd,200,linear,none,,,energy-magnitude,layer3,1.0,0.0,20,1199,3,4.02,0.12,7.67,0.35,3,yes,,grid_cub_r18_d85097_20pct,3.92,0.10,0.17,0.43,0.30,-0.33
grid_cub_r18_axmagnitudeL3_l10to00_ad3977_3pct,cub,resnet18,sgd,200,linear,none,,,energy-magnitude,layer3,1.0,0.0,3,180,3,1.00,0.02,4.27,0.18,3,yes,,grid_cub_r18_d85097_3pct,0.98,0.02,0.03,0.77,0.11,-0.74
grid_cub_r18_axmagnitudeL3_l10to00_ad3977_50pct,cub,resnet18,sgd,200,linear,none,,,energy-magnitude,layer3,1.0,0.0,50,2997,3,17.70,0.39,19.41,0.30,3,yes,,grid_cub_r18_d85097_50pct,15.88,1.82,0.26,1.87,0.30,-0.05
grid_cub_r18_axmagnitudeL3_l10to00_ad3977_5pct,cub,resnet18,sgd,200,linear,none,,,energy-magnitude,layer3,1.0,0.0,5,300,3,1.44,0.05,4.91,0.07,3,yes,,grid_cub_r18_d85097_5pct,1.52,-0.08,0.05,0.72,0.09,-0.80
grid_cub_r18_axmagnitudeL3_l10to00_ad3977_7pct,cub,resnet18,sgd,200,linear,none,,,energy-magnitude,layer3,1.0,0.0,7,420,3,1.39,0.10,4.86,0.22,3,yes,,grid_cub_r18_d85097_7pct,1.45,-0.06,0.06,0.75,0.18,-0.81
grid_cub_r18_d85097_10pct,cub,resnet18,sgd,200,linear,none,,,,,,,10,599,3,1.85,0.06,4.91,0.03,3,yes,,,,,,,,
grid_cub_r18_d85097_15pct,cub,resnet18,sgd,200,linear,none,,,,,,,15,899,3,2.56,0.21,5.39,0.21,3,yes,,,,,,,,
grid_cub_r18_d85097_20pct,cub,resnet18,sgd,200,linear,none,,,,,,,20,1199,3,3.92,0.27,7.24,0.38,3,yes,,,,,,,,
grid_cub_r18_d85097_3pct,cub,resnet18,sgd,200,linear,none,,,,,,,3,180,3,0.98,0.05,3.51,0.04,3,yes,,,,,,,,
grid_cub_r18_d85097_50pct,cub,resnet18,sgd,200,linear,none,,,,,,,50,2997,3,15.88,0.23,17.54,0.42,3,yes,,,,,,,,
grid_cub_r18_d85097_5pct,cub,resnet18,sgd,200,linear,none,,,,,,,5,300,3,1.52,0.07,4.19,0.14,3,yes,,,,,,,,
grid_cub_r18_d85097_7pct,cub,resnet18,sgd,200,linear,none,,,,,,,7,420,3,1.45,0.03,4.11,0.23,3,yes,,,,,,,,
grid_dtd_r18_0ca6c1_100pct,dtd,resnet18,sgd,200,linear,none,,,,,,,100,3760,3,43.51,0.28,43.09,0.28,3,yes,,,,,,,,
grid_dtd_r18_0ca6c1_10pct,dtd,resnet18,sgd,200,linear,none,,,,,,,10,376,3,11.10,0.49,19.68,0.87,3,yes,,,,,,,,
grid_dtd_r18_0ca6c1_15pct,dtd,resnet18,sgd,200,linear,none,,,,,,,15,564,3,13.58,0.52,21.81,0.33,3,yes,,,,,,,,
grid_dtd_r18_0ca6c1_20pct,dtd,resnet18,sgd,200,linear,none,,,,,,,20,752,3,14.75,0.63,21.86,0.70,3,yes,,,,,,,,
grid_dtd_r18_0ca6c1_25pct,dtd,resnet18,sgd,200,linear,none,,,,,,,25,940,3,17.23,0.51,23.56,0.77,3,yes,,,,,,,,
grid_dtd_r18_0ca6c1_50pct,dtd,resnet18,sgd,200,linear,none,,,,,,,50,1880,3,26.03,0.78,29.75,0.99,3,yes,,,,,,,,
grid_dtd_r18_0ca6c1_5pct,dtd,resnet18,sgd,200,linear,none,,,,,,,5,188,3,8.35,0.24,18.30,0.86,3,yes,,,,,,,,
grid_dtd_r18_0ca6c1_7pct,dtd,resnet18,sgd,200,linear,none,,,,,,,7,263,3,9.75,0.35,19.18,0.53,3,yes,,,,,,,,
grid_dtd_r18_axmagnitudeL3_l10to00_hn_742cfa_100pct,dtd,resnet18,sgd,200,linear,none,,,energy-magnitude,layer3,1.0,0.0,100,3760,3,47.06,0.86,47.22,0.86,3,yes,,grid_dtd_r18_0ca6c1_100pct,43.51,3.55,0.53,4.13,0.53,-0.59
grid_dtd_r18_axmagnitudeL3_l10to00_hn_742cfa_10pct,dtd,resnet18,sgd,200,linear,none,,,energy-magnitude,layer3,1.0,0.0,10,376,3,12.66,0.09,22.62,0.72,3,yes,,grid_dtd_r18_0ca6c1_10pct,11.10,1.56,0.29,2.94,0.65,-1.38
grid_dtd_r18_axmagnitudeL3_l10to00_hn_742cfa_15pct,dtd,resnet18,sgd,200,linear,none,,,energy-magnitude,layer3,1.0,0.0,15,564,3,15.73,0.27,24.47,0.05,3,yes,,grid_dtd_r18_0ca6c1_15pct,13.58,2.15,0.34,2.66,0.19,-0.51
grid_dtd_r18_axmagnitudeL3_l10to00_hn_742cfa_20pct,dtd,resnet18,sgd,200,linear,none,,,energy-magnitude,layer3,1.0,0.0,20,752,3,17.02,0.46,25.85,1.11,3,yes,,grid_dtd_r18_0ca6c1_20pct,14.75,2.27,0.45,3.99,0.76,-1.72
grid_dtd_r18_axmagnitudeL3_l10to00_hn_742cfa_25pct,dtd,resnet18,sgd,200,linear,none,,,energy-magnitude,layer3,1.0,0.0,25,940,3,20.35,1.20,28.00,0.13,3,yes,,grid_dtd_r18_0ca6c1_25pct,17.23,3.12,0.75,4.43,0.45,-1.31
grid_dtd_r18_axmagnitudeL3_l10to00_hn_742cfa_50pct,dtd,resnet18,sgd,200,linear,none,,,energy-magnitude,layer3,1.0,0.0,50,1880,3,30.90,0.51,34.01,1.42,3,yes,,grid_dtd_r18_0ca6c1_50pct,26.03,4.88,0.54,4.26,1.00,0.62
grid_dtd_r18_axmagnitudeL3_l10to00_hn_742cfa_5pct,dtd,resnet18,sgd,200,linear,none,,,energy-magnitude,layer3,1.0,0.0,5,188,3,8.65,0.37,20.87,0.25,3,yes,,grid_dtd_r18_0ca6c1_5pct,8.35,0.30,0.26,2.57,0.52,-2.27
grid_dtd_r18_axmagnitudeL3_l10to00_hn_742cfa_7pct,dtd,resnet18,sgd,200,linear,none,,,energy-magnitude,layer3,1.0,0.0,7,263,3,11.44,0.42,21.86,0.77,3,yes,,grid_dtd_r18_0ca6c1_7pct,9.75,1.68,0.32,2.68,0.54,-0.99
grid_esat_r18_axmagnitudeL3_l10to00_hn_dd367d_100pct,eurosat,resnet18,sgd,200,linear,none,,,energy-magnitude,layer3,1.0,0.0,100,21600,3,98.59,0.06,98.53,0.02,3,yes,,grid_esat_r18_e99fb4_100pct,98.73,-0.14,0.04,-0.21,0.07,0.07
grid_esat_r18_axmagnitudeL3_l10to00_hn_dd367d_10pct,eurosat,resnet18,sgd,200,linear,none,,,energy-magnitude,layer3,1.0,0.0,10,2160,3,94.90,0.03,96.65,0.04,3,yes,,grid_esat_r18_e99fb4_10pct,93.67,1.22,0.26,0.62,0.11,0.60
grid_esat_r18_axmagnitudeL3_l10to00_hn_dd367d_15pct,eurosat,resnet18,sgd,200,linear,none,,,energy-magnitude,layer3,1.0,0.0,15,3240,3,96.20,0.28,97.19,0.14,3,yes,,grid_esat_r18_e99fb4_15pct,96.04,0.16,0.19,0.16,0.11,0.00
grid_esat_r18_axmagnitudeL3_l10to00_hn_dd367d_1pct,eurosat,resnet18,sgd,200,linear,none,,,energy-magnitude,layer3,1.0,0.0,1,216,3,69.94,0.61,87.79,0.32,3,yes,,grid_esat_r18_e99fb4_1pct,67.47,2.47,0.40,2.11,0.32,0.36
grid_esat_r18_axmagnitudeL3_l10to00_hn_dd367d_20pct,eurosat,resnet18,sgd,200,linear,none,,,energy-magnitude,layer3,1.0,0.0,20,4320,3,96.85,0.10,97.31,0.08,3,yes,,grid_esat_r18_e99fb4_20pct,96.98,-0.12,0.07,-0.22,0.06,0.10
grid_esat_r18_axmagnitudeL3_l10to00_hn_dd367d_25pct,eurosat,resnet18,sgd,200,linear,none,,,energy-magnitude,layer3,1.0,0.0,25,5400,3,97.32,0.14,97.77,0.06,3,yes,,grid_esat_r18_e99fb4_25pct,97.44,-0.12,0.10,-0.01,0.11,-0.11
grid_esat_r18_axmagnitudeL3_l10to00_hn_dd367d_2pct,eurosat,resnet18,sgd,200,linear,none,,,energy-magnitude,layer3,1.0,0.0,2,432,3,79.59,0.24,91.90,0.32,3,yes,,grid_esat_r18_e99fb4_2pct,77.98,1.60,0.27,0.96,0.24,0.65
grid_esat_r18_axmagnitudeL3_l10to00_hn_dd367d_3pct,eurosat,resnet18,sgd,200,linear,none,,,energy-magnitude,layer3,1.0,0.0,3,648,3,85.67,0.19,93.36,0.26,3,yes,,grid_esat_r18_e99fb4_3pct,83.90,1.77,0.23,0.53,0.18,1.23
grid_esat_r18_axmagnitudeL3_l10to00_hn_dd367d_50pct,eurosat,resnet18,sgd,200,linear,none,,,energy-magnitude,layer3,1.0,0.0,50,10800,3,98.26,0.13,98.39,0.06,3,yes,,grid_esat_r18_e99fb4_50pct,98.16,0.10,0.10,0.04,0.06,0.06
grid_esat_r18_axmagnitudeL3_l10to00_hn_dd367d_5pct,eurosat,resnet18,sgd,200,linear,none,,,energy-magnitude,layer3,1.0,0.0,5,1080,3,91.64,0.20,95.44,0.19,3,yes,,grid_esat_r18_e99fb4_5pct,90.80,0.84,0.16,0.30,0.13,0.54
grid_esat_r18_axmagnitudeL3_l10to00_hn_dd367d_7pct,eurosat,resnet18,sgd,200,linear,none,,,energy-magnitude,layer3,1.0,0.0,7,1512,3,93.54,0.30,96.12,0.26,3,yes,,grid_esat_r18_e99fb4_7pct,92.25,1.30,0.51,0.55,0.18,0.75
grid_esat_r18_e99fb4_100pct,eurosat,resnet18,sgd,200,linear,none,,,,,,,100,21600,3,98.73,0.04,98.74,0.12,3,yes,,,,,,,,
grid_esat_r18_e99fb4_10pct,eurosat,resnet18,sgd,200,linear,none,,,,,,,10,2160,3,93.67,0.44,96.03,0.19,3,yes,,,,,,,,
grid_esat_r18_e99fb4_15pct,eurosat,resnet18,sgd,200,linear,none,,,,,,,15,3240,3,96.04,0.17,97.02,0.13,3,yes,,,,,,,,
grid_esat_r18_e99fb4_1pct,eurosat,resnet18,sgd,200,linear,none,,,,,,,1,216,3,67.47,0.34,85.68,0.45,3,yes,,,,,,,,
grid_esat_r18_e99fb4_20pct,eurosat,resnet18,sgd,200,linear,none,,,,,,,20,4320,3,96.98,0.08,97.54,0.07,3,yes,,,,,,,,
grid_esat_r18_e99fb4_25pct,eurosat,resnet18,sgd,200,linear,none,,,,,,,25,5400,3,97.44,0.11,97.78,0.18,3,yes,,,,,,,,
grid_esat_r18_e99fb4_2pct,eurosat,resnet18,sgd,200,linear,none,,,,,,,2,432,3,77.98,0.40,90.94,0.26,3,yes,,,,,,,,
grid_esat_r18_e99fb4_3pct,eurosat,resnet18,sgd,200,linear,none,,,,,,,3,648,3,83.90,0.36,92.83,0.16,3,yes,,,,,,,,
grid_esat_r18_e99fb4_50pct,eurosat,resnet18,sgd,200,linear,none,,,,,,,50,10800,3,98.16,0.11,98.35,0.08,3,yes,,,,,,,,
grid_esat_r18_e99fb4_5pct,eurosat,resnet18,sgd,200,linear,none,,,,,,,5,1080,3,90.80,0.19,95.14,0.12,3,yes,,,,,,,,
grid_esat_r18_e99fb4_7pct,eurosat,resnet18,sgd,200,linear,none,,,,,,,7,1512,3,92.25,0.84,95.57,0.16,3,yes,,,,,,,,
grid_food_r18_9ee7da_100pct,food101,resnet18,sgd,200,linear,none,,,,,,,100,75750,3,78.20,0.02,78.05,0.03,3,yes,,,,,,,,
grid_food_r18_9ee7da_10pct,food101,resnet18,sgd,200,linear,none,,,,,,,10,7575,3,41.73,1.46,47.81,1.45,3,yes,,,,,,,,
grid_food_r18_9ee7da_15pct,food101,resnet18,sgd,200,linear,none,,,,,,,15,11362,3,52.88,0.23,56.43,0.03,3,yes,,,,,,,,
grid_food_r18_9ee7da_1pct,food101,resnet18,sgd,200,linear,none,,,,,,,1,758,3,5.29,0.38,18.62,0.29,3,yes,,,,,,,,
grid_food_r18_9ee7da_20pct,food101,resnet18,sgd,200,linear,none,,,,,,,20,15150,3,58.79,0.14,60.95,0.19,3,yes,,,,,,,,
grid_food_r18_9ee7da_25pct,food101,resnet18,sgd,200,linear,none,,,,,,,25,18938,3,62.88,0.14,64.23,0.19,3,yes,,,,,,,,
grid_food_r18_9ee7da_2pct,food101,resnet18,sgd,200,linear,none,,,,,,,2,1515,3,8.25,0.07,20.86,0.27,3,yes,,,,,,,,
grid_food_r18_9ee7da_3pct,food101,resnet18,sgd,200,linear,none,,,,,,,3,2272,3,12.03,0.26,24.13,0.33,3,yes,,,,,,,,
grid_food_r18_9ee7da_50pct,food101,resnet18,sgd,200,linear,none,,,,,,,50,37875,3,71.75,0.14,71.73,0.06,3,yes,,,,,,,,
grid_food_r18_9ee7da_5pct,food101,resnet18,sgd,200,linear,none,,,,,,,5,3788,3,21.91,0.83,32.26,0.92,3,yes,,,,,,,,
grid_food_r18_9ee7da_7pct,food101,resnet18,sgd,200,linear,none,,,,,,,7,5302,3,29.16,0.91,37.45,1.42,3,yes,,,,,,,,
grid_food_r18_axmagnitudeL3_l10to00_hn_8bd74b_100pct,food101,resnet18,sgd,200,linear,none,,,energy-magnitude,layer3,1.0,0.0,100,75750,3,77.73,0.04,77.60,0.12,3,yes,,grid_food_r18_9ee7da_100pct,78.20,-0.47,0.03,-0.45,0.07,-0.02
grid_food_r18_axmagnitudeL3_l10to00_hn_8bd74b_10pct,food101,resnet18,sgd,200,linear,none,,,energy-magnitude,layer3,1.0,0.0,10,7575,3,44.91,0.26,50.68,0.15,3,yes,,grid_food_r18_9ee7da_10pct,41.73,3.18,0.85,2.87,0.84,0.31
grid_food_r18_axmagnitudeL3_l10to00_hn_8bd74b_15pct,food101,resnet18,sgd,200,linear,none,,,energy-magnitude,layer3,1.0,0.0,15,11362,3,53.35,0.18,56.43,0.05,3,yes,,grid_food_r18_9ee7da_15pct,52.88,0.46,0.17,-0.00,0.03,0.47
grid_food_r18_axmagnitudeL3_l10to00_hn_8bd74b_1pct,food101,resnet18,sgd,200,linear,none,,,energy-magnitude,layer3,1.0,0.0,1,758,3,6.71,0.16,21.61,0.16,3,yes,,grid_food_r18_9ee7da_1pct,5.29,1.43,0.24,3.00,0.19,-1.57
grid_food_r18_axmagnitudeL3_l10to00_hn_8bd74b_20pct,food101,resnet18,sgd,200,linear,none,,,energy-magnitude,layer3,1.0,0.0,20,15150,3,58.58,0.17,60.57,0.24,3,yes,,grid_food_r18_9ee7da_20pct,58.79,-0.20,0.13,-0.38,0.18,0.18
grid_food_r18_axmagnitudeL3_l10to00_hn_8bd74b_25pct,food101,resnet18,sgd,200,linear,none,,,energy-magnitude,layer3,1.0,0.0,25,18938,3,62.19,0.15,63.52,0.09,3,yes,,grid_food_r18_9ee7da_25pct,62.88,-0.69,0.12,-0.72,0.12,0.03
grid_food_r18_axmagnitudeL3_l10to00_hn_8bd74b_2pct,food101,resnet18,sgd,200,linear,none,,,energy-magnitude,layer3,1.0,0.0,2,1515,3,11.23,0.44,25.62,0.10,3,yes,,grid_food_r18_9ee7da_2pct,8.25,2.98,0.26,4.76,0.17,-1.78
grid_food_r18_axmagnitudeL3_l10to00_hn_8bd74b_3pct,food101,resnet18,sgd,200,linear,none,,,energy-magnitude,layer3,1.0,0.0,3,2272,3,16.15,0.24,29.76,0.32,3,yes,,grid_food_r18_9ee7da_3pct,12.03,4.11,0.20,5.63,0.27,-1.51
grid_food_r18_axmagnitudeL3_l10to00_hn_8bd74b_50pct,food101,resnet18,sgd,200,linear,none,,,energy-magnitude,layer3,1.0,0.0,50,37875,3,70.64,0.40,70.74,0.33,3,yes,,grid_food_r18_9ee7da_50pct,71.75,-1.11,0.24,-0.99,0.19,-0.12
grid_food_r18_axmagnitudeL3_l10to00_hn_8bd74b_5pct,food101,resnet18,sgd,200,linear,none,,,energy-magnitude,layer3,1.0,0.0,5,3788,3,27.54,0.57,38.53,0.49,3,yes,,grid_food_r18_9ee7da_5pct,21.91,5.63,0.58,6.27,0.60,-0.65
grid_food_r18_axmagnitudeL3_l10to00_hn_8bd74b_7pct,food101,resnet18,sgd,200,linear,none,,,energy-magnitude,layer3,1.0,0.0,7,5302,3,35.88,0.16,44.89,0.62,3,yes,,grid_food_r18_9ee7da_7pct,29.16,6.71,0.53,7.44,0.89,-0.73
grid_mag3_c100_100pct,cifar100,resnet18,sgd,200,linear,none,,,energy-magnitude3,layer3,1.0,0.0,100,50000,3,78.05,0.30,77.98,0.16,3,yes,,ablf_none,78.52,-0.47,0.20,,,
grid_mag3_c100_10pct,cifar100,resnet18,sgd,200,linear,none,,,energy-magnitude3,layer3,1.0,0.0,10,5000,3,44.25,0.06,52.07,0.56,3,yes,,abl10_none,40.28,3.97,0.18,4.13,0.36,-0.16
grid_mag3_c100_15pct,cifar100,resnet18,sgd,200,linear,none,,,energy-magnitude3,layer3,1.0,0.0,15,7500,3,52.46,0.36,57.24,0.56,3,yes,,abl15_none,50.09,2.37,0.33,2.62,0.38,-0.25
grid_mag3_c100_1pct,cifar100,resnet18,sgd,200,linear,none,,,energy-magnitude3,layer3,1.0,0.0,1,500,3,10.44,0.06,31.13,0.11,3,yes,,abl1_none,8.95,1.49,0.05,4.51,0.11,-3.02
grid_mag3_c100_20pct,cifar100,resnet18,sgd,200,linear,none,,,energy-magnitude3,layer3,1.0,0.0,20,10000,3,57.99,0.43,60.62,0.43,3,yes,,grid_c100_r18_3a0225_20pct,57.00,0.99,0.36,0.44,0.38,0.55
grid_mag3_c100_25pct,cifar100,resnet18,sgd,200,linear,none,,,energy-magnitude3,layer3,1.0,0.0,25,12500,3,61.35,0.39,63.00,0.37,3,yes,,abl25_none,61.35,0.00,0.35,-0.19,0.25,0.19
grid_mag3_c100_2pct,cifar100,resnet18,sgd,200,linear,none,,,energy-magnitude3,layer3,1.0,0.0,2,1000,3,16.88,0.08,35.39,0.14,3,yes,,abl2_none,14.17,2.70,0.10,5.56,0.27,-2.86
grid_mag3_c100_3pct,cifar100,resnet18,sgd,200,linear,none,,,energy-magnitude3,layer3,1.0,0.0,3,1500,3,22.27,0.25,39.07,0.23,3,yes,,abl3_none,18.47,3.80,0.15,6.30,0.17,-2.50
grid_mag3_c100_50pct,cifar100,resnet18,sgd,200,linear,none,,,energy-magnitude3,layer3,1.0,0.0,50,25000,3,71.28,0.26,70.65,0.30,3,yes,,grid_c100_r18_3a0225_50pct,71.79,-0.51,0.16,-0.44,0.21,-0.07
grid_mag3_c100_5pct,cifar100,resnet18,sgd,200,linear,none,,,energy-magnitude3,layer3,1.0,0.0,5,2500,3,30.82,0.26,43.86,0.38,3,yes,,abl5_none,25.36,5.45,0.23,6.64,0.27,-1.18
grid_mag3_c100_7pct,cifar100,resnet18,sgd,200,linear,none,,,energy-magnitude3,layer3,1.0,0.0,7,3500,3,37.48,0.29,47.78,0.25,3,yes,,abl7_none,32.09,5.39,0.43,5.54,0.34,-0.15
grid_mag3_c10_100pct,cifar10,resnet18,sgd,200,linear,none,,,energy-magnitude3,layer3,1.0,0.0,100,50000,3,95.01,0.20,95.07,0.18,3,yes,,c10_none_100pct,95.28,-0.26,0.20,,,
grid_mag3_c10_10pct,cifar10,resnet18,sgd,200,linear,none,,,energy-magnitude3,layer3,1.0,0.0,10,5000,3,81.03,0.14,82.58,0.16,3,yes,,c10_none_10pct,80.71,0.32,0.57,0.04,0.31,0.28
grid_mag3_c10_15pct,cifar10,resnet18,sgd,200,linear,none,,,energy-magnitude3,layer3,1.0,0.0,15,7500,3,84.72,0.40,85.42,0.24,3,yes,,c10_none_15pct,85.65,-0.93,0.30,,,
grid_mag3_c10_1pct,cifar10,resnet18,sgd,200,linear,none,,,energy-magnitude3,layer3,1.0,0.0,1,500,3,45.17,0.39,58.64,0.30,3,yes,,c10_none_1pct,39.15,6.02,0.24,4.97,0.20,1.06
grid_mag3_c10_20pct,cifar10,resnet18,sgd,200,linear,none,,,energy-magnitude3,layer3,1.0,0.0,20,10000,3,86.79,0.24,87.22,0.16,3,yes,,grid_c10_r18_ebb591_20pct,87.95,-1.16,0.19,-1.06,0.17,-0.09
grid_mag3_c10_25pct,cifar10,resnet18,sgd,200,linear,none,,,energy-magnitude3,layer3,1.0,0.0,25,12500,3,88.61,0.10,88.81,0.12,3,yes,,c10_none_25pct,89.26,-0.65,0.15,-0.71,0.12,0.05
grid_mag3_c10_2pct,cifar10,resnet18,sgd,200,linear,none,,,energy-magnitude3,layer3,1.0,0.0,2,1000,3,58.49,0.33,66.86,0.67,3,yes,,c10_none_2pct,51.71,6.78,0.30,5.90,0.42,0.88
grid_mag3_c10_3pct,cifar10,resnet18,sgd,200,linear,none,,,energy-magnitude3,layer3,1.0,0.0,3,1500,3,65.28,0.30,71.08,0.35,3,yes,,c10_none_3pct,60.13,5.15,0.65,,,
grid_mag3_c10_50pct,cifar10,resnet18,sgd,200,linear,none,,,energy-magnitude3,layer3,1.0,0.0,50,25000,3,92.44,0.20,92.50,0.14,3,yes,,grid_c10_r18_ebb591_50pct,93.01,-0.57,0.14,-0.65,,0.08
grid_mag3_c10_5pct,cifar10,resnet18,sgd,200,linear,none,,,energy-magnitude3,layer3,1.0,0.0,5,2500,3,73.00,0.14,76.31,0.37,3,yes,,c10_none_5pct,69.05,3.95,0.13,3.62,0.26,0.33
grid_mag3_c10_7pct,cifar10,resnet18,sgd,200,linear,none,,,energy-magnitude3,layer3,1.0,0.0,7,3500,3,77.03,0.48,79.61,0.33,3,yes,,c10_none_7pct,75.22,1.80,0.47,1.47,0.49,0.34
grid_mag3_cub_100pct,cub,resnet18,sgd,200,linear,none,,,energy-magnitude3,layer3,1.0,0.0,100,5994,3,47.16,0.93,46.01,0.90,3,yes,,cub_none_100pct,44.32,2.84,0.67,3.11,0.69,-0.26
grid_mag3_cub_10pct,cub,resnet18,sgd,200,linear,none,,,energy-magnitude3,layer3,1.0,0.0,10,599,3,2.15,0.11,5.85,0.25,3,yes,,grid_cub_r18_d85097_10pct,1.85,0.30,0.07,0.94,0.15,-0.64
grid_mag3_cub_15pct,cub,resnet18,sgd,200,linear,none,,,energy-magnitude3,layer3,1.0,0.0,15,899,3,2.83,0.17,6.43,0.14,3,yes,,grid_cub_r18_d85097_15pct,2.56,0.27,0.15,1.04,0.15,-0.77
grid_mag3_cub_20pct,cub,resnet18,sgd,200,linear,none,,,energy-magnitude3,layer3,1.0,0.0,20,1199,3,4.33,0.10,8.19,0.41,3,yes,,grid_cub_r18_d85097_20pct,3.92,0.40,0.17,0.95,0.32,-0.55
grid_mag3_cub_25pct,cub,resnet18,sgd,200,linear,none,,,energy-magnitude3,layer3,1.0,0.0,25,1498,3,6.24,0.28,10.38,0.25,3,yes,,cub_none_25pct,5.57,0.67,0.18,1.19,0.28,-0.52
grid_mag3_cub_3pct,cub,resnet18,sgd,200,linear,none,,,energy-magnitude3,layer3,1.0,0.0,3,180,3,1.03,0.01,4.45,0.21,3,yes,,grid_cub_r18_d85097_3pct,0.98,0.05,0.03,0.94,0.13,-0.89
grid_mag3_cub_50pct,cub,resnet18,sgd,200,linear,none,,,energy-magnitude3,layer3,1.0,0.0,50,2997,3,18.16,0.37,20.20,0.50,3,yes,,grid_cub_r18_d85097_50pct,15.88,2.28,0.25,2.66,0.38,-0.39
grid_mag3_cub_5pct,cub,resnet18,sgd,200,linear,none,,,energy-magnitude3,layer3,1.0,0.0,5,300,3,1.39,0.04,5.04,0.20,3,yes,,grid_cub_r18_d85097_5pct,1.52,-0.13,0.05,0.85,0.14,-0.98
grid_mag3_cub_7pct,cub,resnet18,sgd,200,linear,none,,,energy-magnitude3,layer3,1.0,0.0,7,420,3,1.46,0.03,5.11,0.26,3,yes,,grid_cub_r18_d85097_7pct,1.45,0.01,0.02,1.00,0.20,-1.00
grid_mag3_dtd_100pct,dtd,resnet18,sgd,200,linear,none,,,energy-magnitude3,layer3,1.0,0.0,100,3760,3,46.74,0.06,46.74,0.25,3,yes,,grid_dtd_r18_0ca6c1_100pct,43.51,3.23,0.17,3.65,0.22,-0.43
grid_mag3_dtd_10pct,dtd,resnet18,sgd,200,linear,none,,,energy-magnitude3,layer3,1.0,0.0,10,376,3,13.01,0.72,22.00,0.69,3,yes,,grid_dtd_r18_0ca6c1_10pct,11.10,1.91,0.50,2.32,0.64,-0.41
grid_mag3_dtd_15pct,dtd,resnet18,sgd,200,linear,none,,,energy-magnitude3,layer3,1.0,0.0,15,564,3,15.51,0.59,24.34,0.95,3,yes,,grid_dtd_r18_0ca6c1_15pct,13.58,1.93,0.45,2.54,0.58,-0.60
grid_mag3_dtd_20pct,dtd,resnet18,sgd,200,linear,none,,,energy-magnitude3,layer3,1.0,0.0,20,752,3,16.81,0.83,25.64,0.35,3,yes,,grid_dtd_r18_0ca6c1_20pct,14.75,2.06,0.60,3.78,0.45,-1.72
grid_mag3_dtd_25pct,dtd,resnet18,sgd,200,linear,none,,,energy-magnitude3,layer3,1.0,0.0,25,940,3,20.27,0.38,27.09,0.26,3,yes,,grid_dtd_r18_0ca6c1_25pct,17.23,3.03,0.37,3.53,0.47,-0.50
grid_mag3_dtd_50pct,dtd,resnet18,sgd,200,linear,none,,,energy-magnitude3,layer3,1.0,0.0,50,1880,3,30.90,0.24,34.57,0.42,3,yes,,grid_dtd_r18_0ca6c1_50pct,26.03,4.88,0.47,4.82,0.62,0.05
grid_mag3_dtd_5pct,dtd,resnet18,sgd,200,linear,none,,,energy-magnitude3,layer3,1.0,0.0,5,188,3,8.90,0.21,21.15,0.19,3,yes,,grid_dtd_r18_0ca6c1_5pct,8.35,0.55,0.19,2.85,0.51,-2.30
grid_mag3_dtd_7pct,dtd,resnet18,sgd,200,linear,none,,,energy-magnitude3,layer3,1.0,0.0,7,263,3,11.21,0.13,21.52,0.25,3,yes,,grid_dtd_r18_0ca6c1_7pct,9.75,1.45,0.22,2.34,0.34,-0.89
grid_mag3_esat_100pct,eurosat,resnet18,sgd,200,linear,none,,,energy-magnitude3,layer3,1.0,0.0,100,21600,3,98.66,0.11,98.66,0.11,3,yes,,grid_esat_r18_e99fb4_100pct,98.73,-0.07,0.07,-0.08,0.09,0.01
grid_mag3_esat_10pct,eurosat,resnet18,sgd,200,linear,none,,,energy-magnitude3,layer3,1.0,0.0,10,2160,3,94.53,0.06,96.35,0.16,3,yes,,grid_esat_r18_e99fb4_10pct,93.67,0.86,0.26,0.32,0.14,0.54
grid_mag3_esat_15pct,eurosat,resnet18,sgd,200,linear,none,,,energy-magnitude3,layer3,1.0,0.0,15,3240,3,96.05,0.10,96.90,0.12,3,yes,,grid_esat_r18_e99fb4_15pct,96.04,0.01,0.11,-0.12,0.10,0.14
grid_mag3_esat_1pct,eurosat,resnet18,sgd,200,linear,none,,,energy-magnitude3,layer3,1.0,0.0,1,216,3,70.23,0.35,87.88,0.54,3,yes,,grid_esat_r18_e99fb4_1pct,67.47,2.76,0.28,2.20,0.41,0.56
grid_mag3_esat_20pct,eurosat,resnet18,sgd,200,linear,none,,,energy-magnitude3,layer3,1.0,0.0,20,4320,3,96.86,0.09,97.28,0.14,3,yes,,grid_esat_r18_e99fb4_20pct,96.98,-0.12,0.07,-0.25,0.09,0.14
grid_mag3_esat_2pct,eurosat,resnet18,sgd,200,linear,none,,,energy-magnitude3,layer3,1.0,0.0,2,432,3,79.67,0.42,91.51,0.34,3,yes,,grid_esat_r18_e99fb4_2pct,77.98,1.69,0.33,0.57,0.25,1.12
grid_mag3_esat_3pct,eurosat,resnet18,sgd,200,linear,none,,,energy-magnitude3,layer3,1.0,0.0,3,648,3,85.71,0.11,93.21,0.09,3,yes,,grid_esat_r18_e99fb4_3pct,83.90,1.81,0.21,0.38,0.10,1.43
grid_mag3_esat_50pct,eurosat,resnet18,sgd,200,linear,none,,,energy-magnitude3,layer3,1.0,0.0,50,10800,3,98.22,0.08,98.40,0.12,3,yes,,grid_esat_r18_e99fb4_50pct,98.16,0.06,0.08,0.04,0.08,0.02
grid_mag3_esat_7pct,eurosat,resnet18,sgd,200,linear,none,,,energy-magnitude3,layer3,1.0,0.0,7,1512,3,93.39,0.41,96.05,0.14,3,yes,,grid_esat_r18_e99fb4_7pct,92.25,1.14,0.54,0.48,0.12,0.67
grid_mag3_eurosat_25pct,eurosat,resnet18,sgd,200,linear,none,,,energy-magnitude3,layer3,1.0,0.0,25,5400,3,97.29,0.09,97.64,0.08,3,yes,,grid_esat_r18_e99fb4_25pct,97.44,-0.15,0.08,-0.14,0.11,-0.02
grid_mag3_eurosat_5pct,eurosat,resnet18,sgd,200,linear,none,,,energy-magnitude3,layer3,1.0,0.0,5,1080,3,91.46,0.20,95.36,0.19,3,yes,,grid_esat_r18_e99fb4_5pct,90.80,0.67,0.16,0.22,0.13,0.44
grid_mag3_food101_25pct,food101,resnet18,sgd,200,linear,none,,,energy-magnitude3,layer3,1.0,0.0,25,18938,3,62.00,0.32,63.45,0.19,3,yes,,grid_food_r18_9ee7da_25pct,62.88,-0.88,0.20,-0.79,0.15,-0.09
grid_mag3_food101_5pct,food101,resnet18,sgd,200,linear,none,,,energy-magnitude3,layer3,1.0,0.0,5,3788,3,27.65,0.32,38.25,0.43,3,yes,,grid_food_r18_9ee7da_5pct,21.91,5.74,0.52,5.99,0.59,-0.26
grid_mag3_food_100pct,food101,resnet18,sgd,200,linear,none,,,energy-magnitude3,layer3,1.0,0.0,100,75750,3,77.55,0.12,,,,yes,,grid_food_r18_9ee7da_100pct,78.20,-0.65,0.07,,,
grid_mag3_food_10pct,food101,resnet18,sgd,200,linear,none,,,energy-magnitude3,layer3,1.0,0.0,10,7575,3,44.72,0.26,50.35,0.38,3,yes,,grid_food_r18_9ee7da_10pct,41.73,2.99,0.85,2.54,0.87,0.46
grid_mag3_food_15pct,food101,resnet18,sgd,200,linear,none,,,energy-magnitude3,layer3,1.0,0.0,15,11362,3,53.24,0.26,56.17,0.14,3,yes,,grid_food_r18_9ee7da_15pct,52.88,0.36,0.20,-0.26,0.08,0.62
grid_mag3_food_1pct,food101,resnet18,sgd,200,linear,none,,,energy-magnitude3,layer3,1.0,0.0,1,758,3,6.67,0.11,21.86,0.02,3,yes,,grid_food_r18_9ee7da_1pct,5.29,1.39,0.23,3.25,0.17,-1.86
grid_mag3_food_20pct,food101,resnet18,sgd,200,linear,none,,,energy-magnitude3,layer3,1.0,0.0,20,15150,3,58.53,0.32,60.55,0.50,3,yes,,grid_food_r18_9ee7da_20pct,58.79,-0.26,0.20,-0.39,0.31,0.13
grid_mag3_food_2pct,food101,resnet18,sgd,200,linear,none,,,energy-magnitude3,layer3,1.0,0.0,2,1515,3,11.53,0.20,26.03,0.26,3,yes,,grid_food_r18_9ee7da_2pct,8.25,3.28,0.12,5.16,0.22,-1.88
grid_mag3_food_3pct,food101,resnet18,sgd,200,linear,none,,,energy-magnitude3,layer3,1.0,0.0,3,2272,3,16.49,0.29,30.19,0.08,3,yes,,grid_food_r18_9ee7da_3pct,12.03,4.46,0.22,6.07,0.20,-1.61
grid_mag3_food_50pct,food101,resnet18,sgd,200,linear,none,,,energy-magnitude3,layer3,1.0,0.0,50,37875,3,70.45,0.10,70.53,0.13,3,yes,,grid_food_r18_9ee7da_50pct,71.75,-1.30,0.10,-1.19,0.08,-0.10
grid_mag3_food_50pct_l03,food101,resnet18,sgd,200,linear,none,,,energy-magnitude3,layer3,0.3,0.0,50,37875,3,71.18,0.24,,,,yes,,grid_food_r18_9ee7da_50pct,71.75,-0.57,0.16,,,
grid_mag3_food_7pct,food101,resnet18,sgd,200,linear,none,,,energy-magnitude3,layer3,1.0,0.0,7,5302,3,35.86,0.13,44.64,0.13,3,yes,,grid_food_r18_9ee7da_7pct,29.16,6.70,0.53,7.19,0.82,-0.49
grid_mag3_path_100pct,pathmnist,resnet18,sgd,200,linear,none,,,energy-magnitude3,layer3,1.0,0.0,100,89996,3,85.52,1.50,85.97,1.40,3,yes,,grid_path_r18_89e5af_100pct,86.71,-1.20,0.89,-1.39,0.82,0.19
grid_mag3_path_10pct,pathmnist,resnet18,sgd,200,linear,none,,,energy-magnitude3,layer3,1.0,0.0,10,9000,3,93.47,0.67,89.89,0.82,3,yes,,grid_path_r18_89e5af_10pct,92.01,1.46,1.17,1.29,1.48,0.18
grid_mag3_path_15pct,pathmnist,resnet18,sgd,200,linear,none,,,energy-magnitude3,layer3,1.0,0.0,15,13499,3,92.55,0.29,88.71,1.07,3,yes,,grid_path_r18_89e5af_15pct,91.53,1.03,0.42,0.05,0.69,0.97
grid_mag3_path_1pct,pathmnist,resnet18,sgd,200,linear,none,,,energy-magnitude3,layer3,1.0,0.0,1,900,3,86.46,0.92,86.70,0.76,3,yes,,grid_path_r18_89e5af_1pct,80.84,5.62,0.55,9.15,1.02,-3.52
grid_mag3_path_20pct,pathmnist,resnet18,sgd,200,linear,none,,,energy-magnitude3,layer3,1.0,0.0,20,17999,3,91.58,0.80,89.63,0.48,3,yes,,grid_path_r18_89e5af_20pct,91.64,-0.06,0.90,1.45,0.34,-1.51
grid_mag3_path_2pct,pathmnist,resnet18,sgd,200,linear,none,,,energy-magnitude3,layer3,1.0,0.0,2,1800,3,90.55,0.33,89.19,0.72,3,yes,,grid_path_r18_89e5af_2pct,83.62,6.94,0.61,7.76,0.89,-0.82
grid_mag3_path_3pct,pathmnist,resnet18,sgd,200,linear,none,,,energy-magnitude3,layer3,1.0,0.0,3,2700,3,92.66,0.14,91.64,0.30,3,yes,,grid_path_r18_89e5af_3pct,90.28,2.39,0.30,2.38,0.97,0.01
grid_mag3_path_50pct,pathmnist,resnet18,sgd,200,linear,none,,,energy-magnitude3,layer3,1.0,0.0,50,44998,3,88.47,0.95,87.44,0.68,3,yes,,grid_path_r18_89e5af_50pct,89.83,-1.36,0.60,-1.49,0.42,0.13
grid_mag3_path_50pct_l03,pathmnist,resnet18,sgd,200,linear,none,,,energy-magnitude3,layer3,0.3,0.0,50,44998,3,87.26,1.45,,,,yes,,grid_path_r18_89e5af_50pct,89.83,-2.57,0.87,,,
grid_mag3_path_7pct,pathmnist,resnet18,sgd,200,linear,none,,,energy-magnitude3,layer3,1.0,0.0,7,6300,3,93.15,0.60,91.16,0.16,3,yes,,grid_path_r18_89e5af_7pct,91.25,1.90,0.94,2.04,0.77,-0.14
grid_mag3_pathmnist_25pct,pathmnist,resnet18,sgd,200,linear,none,,,energy-magnitude3,layer3,1.0,0.0,25,22499,3,89.80,0.96,87.12,1.40,3,yes,,grid_path_r18_89e5af_25pct,89.67,0.13,0.64,-0.42,0.83,0.55
grid_mag3_pathmnist_5pct,pathmnist,resnet18,sgd,200,linear,none,,,energy-magnitude3,layer3,1.0,0.0,5,4500,3,93.04,0.88,91.39,0.11,3,yes,,grid_path_r18_89e5af_5pct,92.21,0.82,0.73,0.98,0.71,-0.16
grid_mag3_stl_100pct,stl10,resnet18,sgd,200,linear,none,,,energy-magnitude3,layer3,1.0,0.0,100,5000,3,85.16,0.44,85.12,0.27,3,yes,,stl10_none,84.27,0.89,0.32,1.20,0.25,-0.31
grid_mag3_stl_10pct,stl10,resnet18,sgd,200,linear,none,,,energy-magnitude3,layer3,1.0,0.0,10,500,3,47.45,0.29,58.19,0.55,3,yes,,stl_none_10pct,41.58,5.86,0.78,4.98,0.47,0.88
grid_mag3_stl_15pct,stl10,resnet18,sgd,200,linear,none,,,energy-magnitude3,layer3,1.0,0.0,15,750,3,54.04,0.22,62.62,0.32,3,yes,,grid_stl_r18_9016e6_15pct,48.75,5.29,0.53,5.61,0.48,-0.33
grid_mag3_stl_20pct,stl10,resnet18,sgd,200,linear,none,,,energy-magnitude3,layer3,1.0,0.0,20,1000,3,58.55,0.54,64.30,0.46,3,yes,,stl_none_20pct,54.16,4.39,0.48,4.23,0.34,0.16
grid_mag3_stl_25pct,stl10,resnet18,sgd,200,linear,none,,,energy-magnitude3,layer3,1.0,0.0,25,1250,3,63.52,0.22,67.70,0.45,3,yes,,grid_stl_r18_9016e6_25pct,58.33,5.19,0.16,5.17,0.44,0.02
grid_mag3_stl_3pct,stl10,resnet18,sgd,200,linear,none,,,energy-magnitude3,layer3,1.0,0.0,3,150,3,29.69,0.11,49.86,0.20,3,yes,,grid_stl_r18_9016e6_3pct,27.01,2.68,0.59,3.70,0.39,-1.02
grid_mag3_stl_50pct,stl10,resnet18,sgd,200,linear,none,,,energy-magnitude3,layer3,1.0,0.0,50,2500,3,76.20,0.13,76.27,0.13,3,yes,,stl_none_50pct,73.22,2.98,0.30,2.63,0.20,0.35
grid_mag3_stl_5pct,stl10,resnet18,sgd,200,linear,none,,,energy-magnitude3,layer3,1.0,0.0,5,250,3,32.89,0.46,50.40,0.59,3,yes,,grid_stl_r18_9016e6_5pct,30.56,2.33,0.41,4.02,0.41,-1.69
grid_mag3_stl_7pct,stl10,resnet18,sgd,200,linear,none,,,energy-magnitude3,layer3,1.0,0.0,7,350,3,39.78,0.23,54.81,0.63,3,yes,,grid_stl_r18_9016e6_7pct,34.20,5.59,0.50,5.27,0.65,0.32
grid_mag3_tin_100pct,tin,resnet18,sgd,200,linear,none,,,energy-magnitude3,layer3,1.0,0.0,100,100000,3,65.96,0.15,65.73,0.17,3,yes,,tin_none_100pct,66.17,-0.21,0.17,-0.13,0.24,-0.08
grid_mag3_tin_10pct,tin,resnet18,sgd,200,linear,none,,,energy-magnitude3,layer3,1.0,0.0,10,10000,3,35.39,0.22,41.28,0.48,3,yes,,tin_none_10pct,33.60,1.79,0.20,1.44,0.35,0.35
grid_mag3_tin_15pct,tin,resnet18,sgd,200,linear,none,,,energy-magnitude3,layer3,1.0,0.0,15,15000,3,41.72,0.07,45.12,0.40,3,yes,,tin_none_15pct,40.55,1.18,0.04,1.18,0.30,-0.01
grid_mag3_tin_1pct,tin,resnet18,sgd,200,linear,none,,,energy-magnitude3,layer3,1.0,0.0,1,1000,3,6.78,0.25,23.81,0.34,3,yes,,tin_none_1pct,5.30,1.47,0.16,4.72,0.23,-3.24
grid_mag3_tin_20pct,tin,resnet18,sgd,200,linear,none,,,energy-magnitude3,layer3,1.0,0.0,20,20000,3,45.46,0.52,47.49,0.19,3,yes,,grid_tin_r18_791598_20pct,44.94,0.52,0.32,0.42,0.32,0.10
grid_mag3_tin_25pct,tin,resnet18,sgd,200,linear,none,,,energy-magnitude3,layer3,1.0,0.0,25,25000,3,48.61,0.33,49.84,0.09,3,yes,,tin_none_25pct,49.19,-0.58,0.23,-0.92,0.08,0.34
grid_mag3_tin_2pct,tin,resnet18,sgd,200,linear,none,,,energy-magnitude3,layer3,1.0,0.0,2,2000,3,11.81,0.12,27.63,0.26,3,yes,,tin_none_2pct,9.56,2.25,0.09,4.45,0.26,-2.20
grid_mag3_tin_3pct,tin,resnet18,sgd,200,linear,none,,,energy-magnitude3,layer3,1.0,0.0,3,3000,3,16.32,0.27,30.75,0.69,3,yes,,tin_none_3pct,13.64,2.68,0.27,3.93,0.44,-1.25
grid_mag3_tin_50pct,tin,resnet18,sgd,200,linear,none,,,energy-magnitude3,layer3,1.0,0.0,50,50000,3,57.89,0.17,57.76,0.13,3,yes,,grid_tin_r18_791598_50pct,58.70,-0.81,0.13,-0.44,0.19,-0.37
grid_mag3_tin_5pct,tin,resnet18,sgd,200,linear,none,,,energy-magnitude3,layer3,1.0,0.0,5,5000,3,23.69,0.39,35.25,0.23,3,yes,,tin_none_5pct,21.08,2.61,0.24,3.30,0.18,-0.69
grid_mag3_tin_7pct,tin,resnet18,sgd,200,linear,none,,,energy-magnitude3,layer3,1.0,0.0,7,7000,3,29.41,0.19,38.20,0.63,3,yes,,tin_none_7pct,26.74,2.67,0.15,2.67,0.38,0.00
grid_mag6o_c100_100pct,cifar100,resnet18,sgd,200,linear,none,,,energy-magnitude6o,layer3,1.0,0.0,100,50000,3,78.21,0.36,78.16,0.27,3,yes,,ablf_none,78.52,-0.31,0.23,,,
grid_mag6o_c100_10pct,cifar100,resnet18,sgd,200,linear,none,,,energy-magnitude6o,layer3,1.0,0.0,10,5000,3,45.27,0.14,53.01,0.14,3,yes,,abl10_none,40.28,4.99,0.20,5.07,0.17,-0.08
grid_mag6o_c100_15pct,cifar100,resnet18,sgd,200,linear,none,,,energy-magnitude6o,layer3,1.0,0.0,15,7500,3,53.42,0.19,58.37,0.17,3,yes,,abl15_none,50.09,3.33,0.28,3.74,0.23,-0.41
grid_mag6o_c100_1pct,cifar100,resnet18,sgd,200,linear,none,,,energy-magnitude6o,layer3,1.0,0.0,1,500,3,10.18,0.06,30.72,0.06,3,yes,,abl1_none,8.95,1.23,0.05,4.10,0.09,-2.87
grid_mag6o_c100_20pct,cifar100,resnet18,sgd,200,linear,none,,,energy-magnitude6o,layer3,1.0,0.0,20,10000,3,58.24,0.21,61.23,0.12,3,yes,,grid_c100_r18_3a0225_20pct,57.00,1.24,0.28,1.05,0.30,0.19
grid_mag6o_c100_25pct,cifar100,resnet18,sgd,200,linear,none,,,energy-magnitude6o,layer3,1.0,0.0,25,12500,3,62.29,0.22,63.82,0.53,3,yes,,abl25_none,61.35,0.94,0.29,0.63,0.33,0.31
grid_mag6o_c100_2pct,cifar100,resnet18,sgd,200,linear,none,,,energy-magnitude6o,layer3,1.0,0.0,2,1000,3,16.71,0.22,35.52,0.34,3,yes,,abl2_none,14.17,2.54,0.16,5.69,0.32,-3.15
grid_mag6o_c100_3pct,cifar100,resnet18,sgd,200,linear,none,,,energy-magnitude6o,layer3,1.0,0.0,3,1500,3,22.29,0.21,39.00,0.18,3,yes,,abl3_none,18.47,3.82,0.13,6.23,0.15,-2.41
grid_mag6o_c100_50pct,cifar100,resnet18,sgd,200,linear,none,,,energy-magnitude6o,layer3,1.0,0.0,50,25000,3,71.27,0.22,71.00,0.29,3,yes,,grid_c100_r18_3a0225_50pct,71.79,-0.51,0.13,-0.09,0.21,-0.43
grid_mag6o_c100_5pct,cifar100,resnet18,sgd,200,linear,none,,,energy-magnitude6o,layer3,1.0,0.0,5,2500,3,31.36,0.09,44.34,0.30,3,yes,,abl5_none,25.36,6.00,0.19,7.12,0.23,-1.12
grid_mag6o_c100_7pct,cifar100,resnet18,sgd,200,linear,none,,,energy-magnitude6o,layer3,1.0,0.0,7,3500,3,37.87,0.39,48.39,0.20,3,yes,,abl7_none,32.09,5.77,0.46,6.14,0.33,-0.37
grid_mag6o_c10_100pct,cifar10,resnet18,sgd,200,linear,none,,,energy-magnitude6o,layer3,1.0,0.0,100,50000,3,95.16,0.17,95.14,0.14,3,yes,,c10_none_100pct,95.28,-0.12,0.19,,,
grid_mag6o_c10_10pct,cifar10,resnet18,sgd,200,linear,none,,,energy-magnitude6o,layer3,1.0,0.0,10,5000,3,81.74,0.23,83.13,0.10,3,yes,,c10_none_10pct,80.71,1.04,0.58,0.59,0.31,0.45
grid_mag6o_c10_15pct,cifar10,resnet18,sgd,200,linear,none,,,energy-magnitude6o,layer3,1.0,0.0,15,7500,3,85.03,0.11,85.85,0.22,3,yes,,c10_none_15pct,85.65,-0.62,0.20,,,
grid_mag6o_c10_1pct,cifar10,resnet18,sgd,200,linear,none,,,energy-magnitude6o,layer3,1.0,0.0,1,500,3,44.78,0.65,58.74,0.50,3,yes,,c10_none_1pct,39.15,5.63,0.39,5.07,0.31,0.56
grid_mag6o_c10_20pct,cifar10,resnet18,sgd,200,linear,none,,,energy-magnitude6o,layer3,1.0,0.0,20,10000,3,87.06,0.21,87.54,0.26,3,yes,,grid_c10_r18_ebb591_20pct,87.95,-0.89,0.17,-0.74,0.20,-0.15
grid_mag6o_c10_25pct,cifar10,resnet18,sgd,200,linear,none,,,energy-magnitude6o,layer3,1.0,0.0,25,12500,3,88.75,0.07,88.98,0.21,3,yes,,c10_none_25pct,89.26,-0.51,0.14,-0.54,0.15,0.03
grid_mag6o_c10_2pct,cifar10,resnet18,sgd,200,linear,none,,,energy-magnitude6o,layer3,1.0,0.0,2,1000,3,58.93,0.17,66.94,0.26,3,yes,,c10_none_2pct,51.71,7.23,0.25,5.97,0.22,1.25
grid_mag6o_c10_3pct,cifar10,resnet18,sgd,200,linear,none,,,energy-magnitude6o,layer3,1.0,0.0,3,1500,3,66.26,0.10,71.68,0.34,3,yes,,c10_none_3pct,60.13,6.13,0.63,,,
grid_mag6o_c10_50pct,cifar10,resnet18,sgd,200,linear,none,,,energy-magnitude6o,layer3,1.0,0.0,50,25000,3,92.62,0.09,92.63,0.06,3,yes,,grid_c10_r18_ebb591_50pct,93.01,-0.39,0.10,-0.52,,0.13
grid_mag6o_c10_5pct,cifar10,resnet18,sgd,200,linear,none,,,energy-magnitude6o,layer3,1.0,0.0,5,2500,3,74.28,0.13,77.42,0.19,3,yes,,c10_none_5pct,69.05,5.23,0.13,4.74,0.18,0.49
grid_mag6o_c10_7pct,cifar10,resnet18,sgd,200,linear,none,,,energy-magnitude6o,layer3,1.0,0.0,7,3500,3,77.65,0.36,80.29,0.25,3,yes,,c10_none_7pct,75.22,2.42,0.43,2.15,0.47,0.27
grid_mag6o_cub_100pct,cub,resnet18,sgd,200,linear,none,,,energy-magnitude6o,layer3,1.0,0.0,100,5994,3,47.55,0.12,46.04,0.19,3,yes,,cub_none_100pct,44.32,3.23,0.40,3.14,0.46,0.10
grid_mag6o_cub_10pct,cub,resnet18,sgd,200,linear,none,,,energy-magnitude6o,layer3,1.0,0.0,10,599,3,2.19,0.07,5.57,0.36,3,yes,,grid_cub_r18_d85097_10pct,1.85,0.34,0.05,0.67,0.21,-0.33
grid_mag6o_cub_15pct,cub,resnet18,sgd,200,linear,none,,,energy-magnitude6o,layer3,1.0,0.0,15,899,3,2.73,0.06,6.33,0.31,3,yes,,grid_cub_r18_d85097_15pct,2.56,0.17,0.13,0.94,0.22,-0.77
grid_mag6o_cub_20pct,cub,resnet18,sgd,200,linear,none,,,energy-magnitude6o,layer3,1.0,0.0,20,1199,3,4.16,0.13,7.84,0.06,3,yes,,grid_cub_r18_d85097_20pct,3.92,0.24,0.17,0.59,0.22,-0.36
grid_mag6o_cub_25pct,cub,resnet18,sgd,200,linear,none,,,energy-magnitude6o,layer3,1.0,0.0,25,1498,3,6.24,0.22,10.51,0.25,3,yes,,cub_none_25pct,5.57,0.67,0.15,1.32,0.28,-0.64
grid_mag6o_cub_3pct,cub,resnet18,sgd,200,linear,none,,,energy-magnitude6o,layer3,1.0,0.0,3,180,3,1.05,0.03,4.47,0.19,3,yes,,grid_cub_r18_d85097_3pct,0.98,0.07,0.03,0.96,0.11,-0.89
grid_mag6o_cub_50pct,cub,resnet18,sgd,200,linear,none,,,energy-magnitude6o,layer3,1.0,0.0,50,2997,3,17.86,0.38,20.36,0.52,3,yes,,grid_cub_r18_d85097_50pct,15.88,1.98,0.26,2.82,0.38,-0.85
grid_mag6o_cub_5pct,cub,resnet18,sgd,200,linear,none,,,energy-magnitude6o,layer3,1.0,0.0,5,300,3,1.35,0.05,4.78,0.14,3,yes,,grid_cub_r18_d85097_5pct,1.52,-0.18,0.05,0.59,0.11,-0.77
grid_mag6o_cub_7pct,cub,resnet18,sgd,200,linear,none,,,energy-magnitude6o,layer3,1.0,0.0,7,420,3,1.45,0.03,5.02,0.09,3,yes,,grid_cub_r18_d85097_7pct,1.45,0.00,0.03,0.91,0.14,-0.91
grid_mag6o_dtd_100pct,dtd,resnet18,sgd,200,linear,none,,,energy-magnitude6o,layer3,1.0,0.0,100,3760,3,47.80,0.27,47.98,0.28,3,yes,,grid_dtd_r18_0ca6c1_100pct,43.51,4.29,0.22,4.89,0.23,-0.60
grid_mag6o_dtd_10pct,dtd,resnet18,sgd,200,linear,none,,,energy-magnitude6o,layer3,1.0,0.0,10,376,3,12.43,0.32,22.46,0.92,3,yes,,grid_dtd_r18_0ca6c1_10pct,11.10,1.33,0.34,2.78,0.73,-1.45
grid_mag6o_dtd_15pct,dtd,resnet18,sgd,200,linear,none,,,energy-magnitude6o,layer3,1.0,0.0,15,564,3,15.53,0.37,23.71,0.31,3,yes,,grid_dtd_r18_0ca6c1_15pct,13.58,1.95,0.37,1.90,0.26,0.05
grid_mag6o_dtd_20pct,dtd,resnet18,sgd,200,linear,none,,,energy-magnitude6o,layer3,1.0,0.0,20,752,3,16.74,0.36,25.59,1.11,3,yes,,grid_dtd_r18_0ca6c1_20pct,14.75,1.99,0.42,3.72,0.75,-1.74
grid_mag6o_dtd_25pct,dtd,resnet18,sgd,200,linear,none,,,energy-magnitude6o,layer3,1.0,0.0,25,940,3,20.18,0.13,27.59,0.21,3,yes,,grid_dtd_r18_0ca6c1_25pct,17.23,2.94,0.31,4.02,0.46,-1.08
grid_mag6o_dtd_50pct,dtd,resnet18,sgd,200,linear,none,,,energy-magnitude6o,layer3,1.0,0.0,50,1880,3,30.82,0.12,34.01,0.76,3,yes,,grid_dtd_r18_0ca6c1_50pct,26.03,4.79,0.45,4.26,0.72,0.53
grid_mag6o_dtd_5pct,dtd,resnet18,sgd,200,linear,none,,,energy-magnitude6o,layer3,1.0,0.0,5,188,3,8.78,0.38,19.91,0.40,3,yes,,grid_dtd_r18_0ca6c1_5pct,8.35,0.43,0.26,1.61,0.55,-1.19
grid_mag6o_dtd_7pct,dtd,resnet18,sgd,200,linear,none,,,energy-magnitude6o,layer3,1.0,0.0,7,263,3,10.98,0.33,21.37,0.84,3,yes,,grid_dtd_r18_0ca6c1_7pct,9.75,1.22,0.28,2.18,0.58,-0.96
grid_mag6o_esat_100pct,eurosat,resnet18,sgd,200,linear,none,,,energy-magnitude6o,layer3,1.0,0.0,100,21600,3,98.58,0.04,98.64,0.01,3,yes,,grid_esat_r18_e99fb4_100pct,98.73,-0.15,0.03,-0.10,0.07,-0.05
grid_mag6o_esat_10pct,eurosat,resnet18,sgd,200,linear,none,,,energy-magnitude6o,layer3,1.0,0.0,10,2160,3,94.92,0.05,96.70,0.06,3,yes,,grid_esat_r18_e99fb4_10pct,93.67,1.25,0.26,0.67,0.11,0.58
grid_mag6o_esat_15pct,eurosat,resnet18,sgd,200,linear,none,,,energy-magnitude6o,layer3,1.0,0.0,15,3240,3,96.15,0.16,97.27,0.17,3,yes,,grid_esat_r18_e99fb4_15pct,96.04,0.12,0.13,0.24,0.12,-0.12
grid_mag6o_esat_1pct,eurosat,resnet18,sgd,200,linear,none,,,energy-magnitude6o,layer3,1.0,0.0,1,216,3,70.29,0.95,87.40,0.35,3,yes,,grid_esat_r18_e99fb4_1pct,67.47,2.82,0.58,1.72,0.33,1.10
grid_mag6o_esat_20pct,eurosat,resnet18,sgd,200,linear,none,,,energy-magnitude6o,layer3,1.0,0.0,20,4320,3,96.86,0.04,97.44,0.10,3,yes,,grid_esat_r18_e99fb4_20pct,96.98,-0.11,0.05,-0.09,0.07,-0.02
grid_mag6o_esat_2pct,eurosat,resnet18,sgd,200,linear,none,,,energy-magnitude6o,layer3,1.0,0.0,2,432,3,80.04,0.05,91.59,0.13,3,yes,,grid_esat_r18_e99fb4_2pct,77.98,2.06,0.23,0.64,0.17,1.42
grid_mag6o_esat_3pct,eurosat,resnet18,sgd,200,linear,none,,,energy-magnitude6o,layer3,1.0,0.0,3,648,3,85.99,1.02,93.46,0.51,3,yes,,grid_esat_r18_e99fb4_3pct,83.90,2.09,0.62,0.64,0.31,1.45
grid_mag6o_esat_50pct,eurosat,resnet18,sgd,200,linear,none,,,energy-magnitude6o,layer3,1.0,0.0,50,10800,3,98.23,0.05,98.40,0.05,3,yes,,grid_esat_r18_e99fb4_50pct,98.16,0.07,0.07,0.04,0.05,0.02
grid_mag6o_esat_7pct,eurosat,resnet18,sgd,200,linear,none,,,energy-magnitude6o,layer3,1.0,0.0,7,1512,3,93.88,0.36,96.52,0.22,3,yes,,grid_esat_r18_e99fb4_7pct,92.25,1.63,0.53,0.95,0.16,0.68
grid_mag6o_eurosat_25pct,eurosat,resnet18,sgd,200,linear,none,,,energy-magnitude6o,layer3,1.0,0.0,25,5400,3,97.23,0.03,97.66,0.05,3,yes,,grid_esat_r18_e99fb4_25pct,97.44,-0.22,0.07,-0.12,0.11,-0.10
grid_mag6o_eurosat_5pct,eurosat,resnet18,sgd,200,linear,none,,,energy-magnitude6o,layer3,1.0,0.0,5,1080,3,91.72,0.36,95.57,0.11,3,yes,,grid_esat_r18_e99fb4_5pct,90.80,0.93,0.24,0.43,0.10,0.50
grid_mag6o_food101_25pct,food101,resnet18,sgd,200,linear,none,,,energy-magnitude6o,layer3,1.0,0.0,25,18938,3,62.17,0.09,63.56,0.10,3,yes,,grid_food_r18_9ee7da_25pct,62.88,-0.71,0.10,-0.67,0.12,-0.04
grid_mag6o_food101_5pct,food101,resnet18,sgd,200,linear,none,,,energy-magnitude6o,layer3,1.0,0.0,5,3788,3,27.74,0.35,38.92,0.28,3,yes,,grid_food_r18_9ee7da_5pct,21.91,5.83,0.52,6.67,0.56,-0.84
grid_mag6o_food_100pct,food101,resnet18,sgd,200,linear,none,,,energy-magnitude6o,layer3,1.0,0.0,100,75750,3,77.90,0.13,,,,yes,,grid_food_r18_9ee7da_100pct,78.20,-0.30,0.07,,,
grid_mag6o_food_10pct,food101,resnet18,sgd,200,linear,none,,,energy-magnitude6o,layer3,1.0,0.0,10,7575,3,45.47,0.20,51.19,0.16,3,yes,,grid_food_r18_9ee7da_10pct,41.73,3.74,0.85,3.38,0.84,0.35
grid_mag6o_food_15pct,food101,resnet18,sgd,200,linear,none,,,energy-magnitude6o,layer3,1.0,0.0,15,11362,3,53.62,0.16,56.52,0.11,3,yes,,grid_food_r18_9ee7da_15pct,52.88,0.73,0.16,0.09,0.07,0.65
grid_mag6o_food_1pct,food101,resnet18,sgd,200,linear,none,,,energy-magnitude6o,layer3,1.0,0.0,1,758,3,6.61,0.06,21.78,0.10,3,yes,,grid_food_r18_9ee7da_1pct,5.29,1.33,0.22,3.16,0.18,-1.84
grid_mag6o_food_20pct,food101,resnet18,sgd,200,linear,none,,,energy-magnitude6o,layer3,1.0,0.0,20,15150,3,58.92,0.15,60.73,0.13,3,yes,,grid_food_r18_9ee7da_20pct,58.79,0.13,0.12,-0.21,0.13,0.34
grid_mag6o_food_2pct,food101,resnet18,sgd,200,linear,none,,,energy-magnitude6o,layer3,1.0,0.0,2,1515,3,11.31,0.08,25.85,0.17,3,yes,,grid_food_r18_9ee7da_2pct,8.25,3.06,0.06,4.98,0.19,-1.92
grid_mag6o_food_3pct,food101,resnet18,sgd,200,linear,none,,,energy-magnitude6o,layer3,1.0,0.0,3,2272,3,16.28,0.31,30.05,0.49,3,yes,,grid_food_r18_9ee7da_3pct,12.03,4.25,0.23,5.92,0.34,-1.67
grid_mag6o_food_50pct,food101,resnet18,sgd,200,linear,none,,,energy-magnitude6o,layer3,1.0,0.0,50,37875,3,70.83,0.13,70.78,0.02,3,yes,,grid_food_r18_9ee7da_50pct,71.75,-0.91,0.11,-0.95,0.04,0.03
grid_mag6o_food_50pct_l03,food101,resnet18,sgd,200,linear,none,,,energy-magnitude6o,layer3,0.3,0.0,50,37875,3,71.37,0.10,,,,yes,,grid_food_r18_9ee7da_50pct,71.75,-0.38,0.10,,,
grid_mag6o_food_7pct,food101,resnet18,sgd,200,linear,none,,,energy-magnitude6o,layer3,1.0,0.0,7,5302,3,36.00,0.61,44.91,0.61,3,yes,,grid_food_r18_9ee7da_7pct,29.16,6.84,0.63,7.46,0.89,-0.62
grid_mag6o_path_100pct,pathmnist,resnet18,sgd,200,linear,none,,,energy-magnitude6o,layer3,1.0,0.0,100,89996,3,85.55,1.89,86.21,1.21,3,yes,,grid_path_r18_89e5af_100pct,86.71,-1.17,1.11,-1.16,0.71,-0.01
grid_mag6o_path_10pct,pathmnist,resnet18,sgd,200,linear,none,,,energy-magnitude6o,layer3,1.0,0.0,10,9000,3,93.16,1.11,88.92,0.63,3,yes,,grid_path_r18_89e5af_10pct,92.01,1.15,1.28,0.31,1.45,0.84
grid_mag6o_path_15pct,pathmnist,resnet18,sgd,200,linear,none,,,energy-magnitude6o,layer3,1.0,0.0,15,13499,3,92.40,0.17,89.40,0.90,3,yes,,grid_path_r18_89e5af_15pct,91.53,0.88,0.40,0.74,0.60,0.14
grid_mag6o_path_1pct,pathmnist,resnet18,sgd,200,linear,none,,,energy-magnitude6o,layer3,1.0,0.0,1,900,3,86.64,0.69,86.44,0.95,3,yes,,grid_path_r18_89e5af_1pct,80.84,5.80,0.42,8.89,1.07,-3.08
grid_mag6o_path_20pct,pathmnist,resnet18,sgd,200,linear,none,,,energy-magnitude6o,layer3,1.0,0.0,20,17999,3,90.60,1.15,87.82,0.87,3,yes,,grid_path_r18_89e5af_20pct,91.64,-1.04,1.02,-0.36,0.54,-0.68
grid_mag6o_path_2pct,pathmnist,resnet18,sgd,200,linear,none,,,energy-magnitude6o,layer3,1.0,0.0,2,1800,3,90.50,0.39,88.97,0.58,3,yes,,grid_path_r18_89e5af_2pct,83.62,6.88,0.62,7.54,0.85,-0.65
grid_mag6o_path_3pct,pathmnist,resnet18,sgd,200,linear,none,,,energy-magnitude6o,layer3,1.0,0.0,3,2700,3,92.47,0.68,92.02,0.68,3,yes,,grid_path_r18_89e5af_3pct,90.28,2.19,0.49,2.75,1.03,-0.56
grid_mag6o_path_50pct,pathmnist,resnet18,sgd,200,linear,none,,,energy-magnitude6o,layer3,1.0,0.0,50,44998,3,88.43,1.29,87.47,1.08,3,yes,,grid_path_r18_89e5af_50pct,89.83,-1.41,0.78,-1.47,0.64,0.06
grid_mag6o_path_7pct,pathmnist,resnet18,sgd,200,linear,none,,,energy-magnitude6o,layer3,1.0,0.0,7,6300,3,92.06,1.14,89.41,1.39,3,yes,,grid_path_r18_89e5af_7pct,91.25,0.81,1.10,0.30,1.11,0.51
grid_mag6o_pathmnist_25pct,pathmnist,resnet18,sgd,200,linear,none,,,energy-magnitude6o,layer3,1.0,0.0,25,22499,3,90.00,1.02,86.88,0.46,3,yes,,grid_path_r18_89e5af_25pct,89.67,0.33,0.67,-0.65,0.34,0.98
grid_mag6o_pathmnist_5pct,pathmnist,resnet18,sgd,200,linear,none,,,energy-magnitude6o,layer3,1.0,0.0,5,4500,3,92.72,1.27,90.80,1.97,3,yes,,grid_path_r18_89e5af_5pct,92.21,0.51,0.90,0.39,1.34,0.12
grid_mag6o_stl_100pct,stl10,resnet18,sgd,200,linear,none,,,energy-magnitude6o,layer3,1.0,0.0,100,5000,3,85.51,0.32,85.24,0.28,3,yes,,stl10_none,84.27,1.24,0.27,1.33,0.25,-0.09
grid_mag6o_stl_10pct,stl10,resnet18,sgd,200,linear,none,,,energy-magnitude6o,layer3,1.0,0.0,10,500,3,47.35,1.06,57.60,0.36,3,yes,,stl_none_10pct,41.58,5.77,0.98,4.40,0.41,1.37
grid_mag6o_stl_15pct,stl10,resnet18,sgd,200,linear,none,,,energy-magnitude6o,layer3,1.0,0.0,15,750,3,54.36,0.21,62.93,0.36,3,yes,,grid_stl_r18_9016e6_15pct,48.75,5.60,0.53,5.92,0.49,-0.31
grid_mag6o_stl_20pct,stl10,resnet18,sgd,200,linear,none,,,energy-magnitude6o,layer3,1.0,0.0,20,1000,3,58.60,0.31,65.08,0.54,3,yes,,stl_none_20pct,54.16,4.44,0.40,5.00,0.38,-0.56
grid_mag6o_stl_25pct,stl10,resnet18,sgd,200,linear,none,,,energy-magnitude6o,layer3,1.0,0.0,25,1250,3,63.25,0.84,67.87,0.31,3,yes,,grid_stl_r18_9016e6_25pct,58.33,4.92,0.50,5.33,0.40,-0.40
grid_mag6o_stl_3pct,stl10,resnet18,sgd,200,linear,none,,,energy-magnitude6o,layer3,1.0,0.0,3,150,3,29.93,0.39,50.03,0.34,3,yes,,grid_stl_r18_9016e6_3pct,27.01,2.93,0.63,3.87,0.42,-0.95
grid_mag6o_stl_50pct,stl10,resnet18,sgd,200,linear,none,,,energy-magnitude6o,layer3,1.0,0.0,50,2500,3,76.43,0.34,76.85,0.48,3,yes,,stl_none_50pct,73.22,3.21,0.35,3.22,0.33,-0.01
grid_mag6o_stl_5pct,stl10,resnet18,sgd,200,linear,none,,,energy-magnitude6o,layer3,1.0,0.0,5,250,3,32.62,0.39,49.82,0.56,3,yes,,grid_stl_r18_9016e6_5pct,30.56,2.07,0.38,3.43,0.39,-1.37
grid_mag6o_stl_7pct,stl10,resnet18,sgd,200,linear,none,,,energy-magnitude6o,layer3,1.0,0.0,7,350,3,39.38,0.36,55.03,0.30,3,yes,,grid_stl_r18_9016e6_7pct,34.20,5.18,0.52,5.49,0.57,-0.31
grid_mag6o_tin_100pct,tin,resnet18,sgd,200,linear,none,,,energy-magnitude6o,layer3,1.0,0.0,100,100000,3,65.82,0.39,65.66,0.33,3,yes,,tin_none_100pct,66.17,-0.35,0.27,-0.20,0.29,-0.15
grid_mag6o_tin_10pct,tin,resnet18,sgd,200,linear,none,,,energy-magnitude6o,layer3,1.0,0.0,10,10000,3,35.64,0.12,41.97,0.36,3,yes,,tin_none_10pct,33.60,2.04,0.17,2.13,0.29,-0.09
grid_mag6o_tin_15pct,tin,resnet18,sgd,200,linear,none,,,energy-magnitude6o,layer3,1.0,0.0,15,15000,3,42.21,0.62,45.89,0.30,3,yes,,tin_none_15pct,40.55,1.66,0.36,1.96,0.26,-0.30
grid_mag6o_tin_1pct,tin,resnet18,sgd,200,linear,none,,,energy-magnitude6o,layer3,1.0,0.0,1,1000,3,6.76,0.18,23.49,0.15,3,yes,,tin_none_1pct,5.30,1.46,0.13,4.40,0.15,-2.94
grid_mag6o_tin_20pct,tin,resnet18,sgd,200,linear,none,,,energy-magnitude6o,layer3,1.0,0.0,20,20000,3,46.44,0.50,48.82,0.40,3,yes,,grid_tin_r18_791598_20pct,44.94,1.50,0.32,1.75,0.38,-0.25
grid_mag6o_tin_25pct,tin,resnet18,sgd,200,linear,none,,,energy-magnitude6o,layer3,1.0,0.0,25,25000,3,49.28,0.29,50.79,0.34,3,yes,,tin_none_25pct,49.19,0.09,0.21,0.03,0.20,0.06
grid_mag6o_tin_2pct,tin,resnet18,sgd,200,linear,none,,,energy-magnitude6o,layer3,1.0,0.0,2,2000,3,11.68,0.34,27.61,0.58,3,yes,,tin_none_2pct,9.56,2.13,0.21,4.43,0.39,-2.30
grid_mag6o_tin_3pct,tin,resnet18,sgd,200,linear,none,,,energy-magnitude6o,layer3,1.0,0.0,3,3000,3,15.98,0.08,30.48,0.39,3,yes,,tin_none_3pct,13.64,2.34,0.22,3.67,0.30,-1.33
grid_mag6o_tin_50pct,tin,resnet18,sgd,200,linear,none,,,energy-magnitude6o,layer3,1.0,0.0,50,50000,3,58.45,0.34,58.21,0.30,3,yes,,grid_tin_r18_791598_50pct,58.70,-0.25,0.21,0.01,0.25,-0.26
grid_mag6o_tin_5pct,tin,resnet18,sgd,200,linear,none,,,energy-magnitude6o,layer3,1.0,0.0,5,5000,3,23.51,0.16,35.38,0.18,3,yes,,tin_none_5pct,21.08,2.43,0.12,3.43,0.16,-1.00
grid_mag6o_tin_7pct,tin,resnet18,sgd,200,linear,none,,,energy-magnitude6o,layer3,1.0,0.0,7,7000,3,29.38,0.18,38.67,0.29,3,yes,,tin_none_7pct,26.74,2.64,0.14,3.14,0.20,-0.49
grid_mnet_c100_aux_100pct,cifar100,mobilenetv3_small_100,sgd,200,linear,none,,,energy-magnitude,blocks.3,1.0,0.0,100,50000,3,63.59,0.44,62.55,0.16,3,yes,,grid_mnet_c100_none_100pct,61.62,1.97,0.63,1.71,0.56,0.26
grid_mnet_c100_aux_10pct,cifar100,mobilenetv3_small_100,sgd,200,linear,none,,,energy-magnitude,blocks.3,1.0,0.0,10,5000,3,32.17,0.08,41.17,0.24,3,yes,,grid_mnet_c100_none_10pct,30.29,1.88,0.39,3.10,0.52,-1.22
grid_mnet_c100_aux_15pct,cifar100,mobilenetv3_small_100,sgd,200,linear,none,,,energy-magnitude,blocks.3,1.0,0.0,15,7500,3,39.05,0.57,46.27,0.43,3,yes,,grid_mnet_c100_none_15pct,37.40,1.65,0.66,1.67,0.87,-0.02
grid_mnet_c100_aux_1pct,cifar100,mobilenetv3_small_100,sgd,200,linear,none,,,energy-magnitude,blocks.3,1.0,0.0,1,500,3,7.66,0.75,21.41,1.14,3,yes,,grid_mnet_c100_none_1pct,7.43,0.22,0.44,1.53,0.73,-1.30
grid_mnet_c100_aux_20pct,cifar100,mobilenetv3_small_100,sgd,200,linear,none,,,energy-magnitude,blocks.3,1.0,0.0,20,10000,3,43.10,0.39,49.15,0.77,3,yes,,grid_mnet_c100_none_20pct,42.09,1.01,0.54,1.42,0.57,-0.41
grid_mnet_c100_aux_25pct,cifar100,mobilenetv3_small_100,sgd,200,linear,none,,,energy-magnitude,blocks.3,1.0,0.0,25,12500,3,45.06,0.63,50.64,0.29,3,yes,,grid_mnet_c100_none_25pct,45.00,0.06,0.63,0.65,0.48,-0.59
grid_mnet_c100_aux_2pct,cifar100,mobilenetv3_small_100,sgd,200,linear,none,,,energy-magnitude,blocks.3,1.0,0.0,2,1000,3,12.09,0.68,26.56,0.61,3,yes,,grid_mnet_c100_none_2pct,11.52,0.57,0.64,2.18,0.68,-1.61
grid_mnet_c100_aux_3pct,cifar100,mobilenetv3_small_100,sgd,200,linear,none,,,energy-magnitude,blocks.3,1.0,0.0,3,1500,3,15.71,0.78,29.44,0.40,3,yes,,grid_mnet_c100_none_3pct,14.96,0.75,0.67,2.96,0.82,-2.21
grid_mnet_c100_aux_50pct,cifar100,mobilenetv3_small_100,sgd,200,linear,none,,,energy-magnitude,blocks.3,1.0,0.0,50,25000,3,54.63,0.08,56.37,0.04,3,yes,,grid_mnet_c100_none_50pct,53.97,0.66,0.93,0.86,0.83,-0.20
grid_mnet_c100_aux_5pct,cifar100,mobilenetv3_small_100,sgd,200,linear,none,,,energy-magnitude,blocks.3,1.0,0.0,5,2500,3,20.78,0.17,32.87,0.75,3,yes,,grid_mnet_c100_none_5pct,19.44,1.34,0.21,2.48,0.60,-1.14
grid_mnet_c100_aux_7pct,cifar100,mobilenetv3_small_100,sgd,200,linear,none,,,energy-magnitude,blocks.3,1.0,0.0,7,3500,3,25.96,1.14,37.12,2.05,3,yes,,grid_mnet_c100_none_7pct,23.12,2.84,0.66,4.39,1.26,-1.54
grid_mnet_c100_none_100pct,cifar100,mobilenetv3_small_100,sgd,200,linear,none,,,,,,,100,50000,3,61.62,1.00,60.85,0.97,3,yes,,,,,,,,
grid_mnet_c100_none_10pct,cifar100,mobilenetv3_small_100,sgd,200,linear,none,,,,,,,10,5000,3,30.29,0.67,38.07,0.87,3,yes,,,,,,,,
grid_mnet_c100_none_15pct,cifar100,mobilenetv3_small_100,sgd,200,linear,none,,,,,,,15,7500,3,37.40,1.00,44.60,1.44,3,yes,,,,,,,,
grid_mnet_c100_none_1pct,cifar100,mobilenetv3_small_100,sgd,200,linear,none,,,,,,,1,500,3,7.43,0.06,19.88,0.53,3,yes,,,,,,,,
grid_mnet_c100_none_20pct,cifar100,mobilenetv3_small_100,sgd,200,linear,none,,,,,,,20,10000,3,42.09,0.85,47.73,0.61,3,yes,,,,,,,,
grid_mnet_c100_none_25pct,cifar100,mobilenetv3_small_100,sgd,200,linear,none,,,,,,,25,12500,3,45.00,0.89,49.99,0.79,3,yes,,,,,,,,
grid_mnet_c100_none_2pct,cifar100,mobilenetv3_small_100,sgd,200,linear,none,,,,,,,2,1000,3,11.52,0.89,24.38,1.02,3,yes,,,,,,,,
grid_mnet_c100_none_3pct,cifar100,mobilenetv3_small_100,sgd,200,linear,none,,,,,,,3,1500,3,14.96,0.86,26.48,1.36,3,yes,,,,,,,,
grid_mnet_c100_none_50pct,cifar100,mobilenetv3_small_100,sgd,200,linear,none,,,,,,,50,25000,3,53.97,1.61,55.51,1.44,3,yes,,,,,,,,
grid_mnet_c100_none_5pct,cifar100,mobilenetv3_small_100,sgd,200,linear,none,,,,,,,5,2500,3,19.44,0.32,30.39,0.72,3,yes,,,,,,,,
grid_mnet_c100_none_7pct,cifar100,mobilenetv3_small_100,sgd,200,linear,none,,,,,,,7,3500,3,23.12,0.18,32.73,0.72,3,yes,,,,,,,,
grid_mnet_c10_aux_100pct,cifar10,mobilenetv3_small_100,sgd,200,linear,none,,,energy-magnitude,blocks.3,1.0,0.0,100,50000,3,87.14,0.65,87.19,0.56,3,yes,,grid_mnet_c10_none_100pct,87.33,-0.19,0.39,-0.10,0.34,-0.09
grid_mnet_c10_aux_10pct,cifar10,mobilenetv3_small_100,sgd,200,linear,none,,,energy-magnitude,blocks.3,1.0,0.0,10,5000,3,70.85,0.38,71.50,0.30,3,yes,,grid_mnet_c10_none_10pct,70.09,0.76,0.59,0.69,0.60,0.06
grid_mnet_c10_aux_15pct,cifar10,mobilenetv3_small_100,sgd,200,linear,none,,,energy-magnitude,blocks.3,1.0,0.0,15,7500,3,75.99,0.71,76.38,0.71,3,yes,,grid_mnet_c10_none_15pct,74.49,1.50,0.50,1.47,0.47,0.03
grid_mnet_c10_aux_1pct,cifar10,mobilenetv3_small_100,sgd,200,linear,none,,,energy-magnitude,blocks.3,1.0,0.0,1,500,3,35.31,1.46,45.04,1.66,3,yes,,grid_mnet_c10_none_1pct,33.44,1.88,0.93,2.34,1.09,-0.46
grid_mnet_c10_aux_20pct,cifar10,mobilenetv3_small_100,sgd,200,linear,none,,,energy-magnitude,blocks.3,1.0,0.0,20,10000,3,78.31,0.32,78.68,0.34,3,yes,,grid_mnet_c10_none_20pct,78.44,-0.13,0.46,-0.02,0.47,-0.11
grid_mnet_c10_aux_25pct,cifar10,mobilenetv3_small_100,sgd,200,linear,none,,,energy-magnitude,blocks.3,1.0,0.0,25,12500,3,79.72,0.32,79.98,0.41,3,yes,,grid_mnet_c10_none_25pct,79.74,-0.02,0.58,0.00,0.60,-0.02
grid_mnet_c10_aux_2pct,cifar10,mobilenetv3_small_100,sgd,200,linear,none,,,energy-magnitude,blocks.3,1.0,0.0,2,1000,3,43.03,0.48,51.19,0.88,3,yes,,grid_mnet_c10_none_2pct,39.45,3.59,0.33,3.32,0.67,0.26
grid_mnet_c10_aux_3pct,cifar10,mobilenetv3_small_100,sgd,200,linear,none,,,energy-magnitude,blocks.3,1.0,0.0,3,1500,3,48.67,0.99,55.40,0.86,3,yes,,grid_mnet_c10_none_3pct,44.02,4.65,0.59,4.85,0.61,-0.20
grid_mnet_c10_aux_50pct,cifar10,mobilenetv3_small_100,sgd,200,linear,none,,,energy-magnitude,blocks.3,1.0,0.0,50,25000,3,84.53,0.24,84.69,0.20,3,yes,,grid_mnet_c10_none_50pct,84.53,0.00,0.15,0.14,0.13,-0.13
grid_mnet_c10_aux_5pct,cifar10,mobilenetv3_small_100,sgd,200,linear,none,,,energy-magnitude,blocks.3,1.0,0.0,5,2500,3,59.56,3.47,62.89,2.99,3,yes,,grid_mnet_c10_none_5pct,56.91,2.65,2.03,2.70,1.73,-0.06
grid_mnet_c10_aux_7pct,cifar10,mobilenetv3_small_100,sgd,200,linear,none,,,energy-magnitude,blocks.3,1.0,0.0,7,3500,3,64.13,2.43,66.27,1.84,3,yes,,grid_mnet_c10_none_7pct,63.98,0.15,1.48,0.73,1.17,-0.59
grid_mnet_c10_none_100pct,cifar10,mobilenetv3_small_100,sgd,200,linear,none,,,,,,,100,50000,3,87.33,0.21,87.29,0.21,3,yes,,,,,,,,
grid_mnet_c10_none_10pct,cifar10,mobilenetv3_small_100,sgd,200,linear,none,,,,,,,10,5000,3,70.09,0.96,70.80,1.00,3,yes,,,,,,,,
grid_mnet_c10_none_15pct,cifar10,mobilenetv3_small_100,sgd,200,linear,none,,,,,,,15,7500,3,74.49,0.50,74.90,0.41,3,yes,,,,,,,,
grid_mnet_c10_none_1pct,cifar10,mobilenetv3_small_100,sgd,200,linear,none,,,,,,,1,500,3,33.44,0.68,42.70,0.90,3,yes,,,,,,,,
grid_mnet_c10_none_20pct,cifar10,mobilenetv3_small_100,sgd,200,linear,none,,,,,,,20,10000,3,78.44,0.73,78.71,0.73,3,yes,,,,,,,,
grid_mnet_c10_none_25pct,cifar10,mobilenetv3_small_100,sgd,200,linear,none,,,,,,,25,12500,3,79.74,0.96,79.98,0.96,3,yes,,,,,,,,
grid_mnet_c10_none_2pct,cifar10,mobilenetv3_small_100,sgd,200,linear,none,,,,,,,2,1000,3,39.45,0.32,47.87,0.75,3,yes,,,,,,,,
grid_mnet_c10_none_3pct,cifar10,mobilenetv3_small_100,sgd,200,linear,none,,,,,,,3,1500,3,44.02,0.22,50.55,0.61,3,yes,,,,,,,,
grid_mnet_c10_none_50pct,cifar10,mobilenetv3_small_100,sgd,200,linear,none,,,,,,,50,25000,3,84.53,0.11,84.55,0.10,3,yes,,,,,,,,
grid_mnet_c10_none_5pct,cifar10,mobilenetv3_small_100,sgd,200,linear,none,,,,,,,5,2500,3,56.91,0.57,60.19,0.15,3,yes,,,,,,,,
grid_mnet_c10_none_7pct,cifar10,mobilenetv3_small_100,sgd,200,linear,none,,,,,,,7,3500,3,63.98,0.83,65.53,0.84,3,yes,,,,,,,,
grid_mnet_cub_aux_100pct,cub,mobilenetv3_small_100,sgd,200,linear,none,,,energy-magnitude,blocks.3,1.0,0.0,100,5994,3,31.48,1.23,31.67,1.55,3,yes,,grid_mnet_cub_none_100pct,31.23,0.25,0.77,0.23,0.94,0.02
grid_mnet_cub_aux_10pct,cub,mobilenetv3_small_100,sgd,200,linear,none,,,energy-magnitude,blocks.3,1.0,0.0,10,599,3,2.04,0.08,3.93,0.22,3,yes,,grid_mnet_cub_none_10pct,2.31,-0.27,0.19,-0.13,0.14,-0.14
grid_mnet_cub_aux_15pct,cub,mobilenetv3_small_100,sgd,200,linear,none,,,energy-magnitude,blocks.3,1.0,0.0,15,899,3,3.20,0.31,5.67,1.17,3,yes,,grid_mnet_cub_none_15pct,3.15,0.06,0.41,0.48,0.77,-0.43
grid_mnet_cub_aux_20pct,cub,mobilenetv3_small_100,sgd,200,linear,none,,,energy-magnitude,blocks.3,1.0,0.0,20,1199,3,3.96,0.40,5.85,0.54,3,yes,,grid_mnet_cub_none_20pct,4.14,-0.17,0.51,0.03,0.50,-0.20
grid_mnet_cub_aux_25pct,cub,mobilenetv3_small_100,sgd,200,linear,none,,,energy-magnitude,blocks.3,1.0,0.0,25,1498,3,6.77,1.08,8.08,1.29,3,yes,,grid_mnet_cub_none_25pct,7.19,-0.43,0.73,-1.29,0.94,0.86
grid_mnet_cub_aux_3pct,cub,mobilenetv3_small_100,sgd,200,linear,none,,,energy-magnitude,blocks.3,1.0,0.0,3,180,3,1.08,0.09,2.46,0.26,3,yes,,grid_mnet_cub_none_3pct,0.98,0.09,0.09,0.28,0.23,-0.18
grid_mnet_cub_aux_50pct,cub,mobilenetv3_small_100,sgd,200,linear,none,,,energy-magnitude,blocks.3,1.0,0.0,50,2997,3,12.37,1.51,13.93,1.75,3,yes,,grid_mnet_cub_none_50pct,15.71,-3.34,1.07,-3.46,1.14,0.12
grid_mnet_cub_aux_5pct,cub,mobilenetv3_small_100,sgd,200,linear,none,,,energy-magnitude,blocks.3,1.0,0.0,5,300,3,1.49,0.02,3.56,0.23,3,yes,,grid_mnet_cub_none_5pct,1.85,-0.36,0.15,0.07,0.51,-0.43
grid_mnet_cub_aux_7pct,cub,mobilenetv3_small_100,sgd,200,linear,none,,,energy-magnitude,blocks.3,1.0,0.0,7,420,3,1.64,0.15,3.84,0.28,3,yes,,grid_mnet_cub_none_7pct,1.67,-0.03,0.19,0.88,0.26,-0.91
grid_mnet_cub_none_100pct,cub,mobilenetv3_small_100,sgd,200,linear,none,,,,,,,100,5994,3,31.23,0.51,31.44,0.50,3,yes,,,,,,,,
grid_mnet_cub_none_10pct,cub,mobilenetv3_small_100,sgd,200,linear,none,,,,,,,10,599,3,2.31,0.31,4.06,0.11,3,yes,,,,,,,,
grid_mnet_cub_none_15pct,cub,mobilenetv3_small_100,sgd,200,linear,none,,,,,,,15,899,3,3.15,0.63,5.18,0.62,3,yes,,,,,,,,
grid_mnet_cub_none_20pct,cub,mobilenetv3_small_100,sgd,200,linear,none,,,,,,,20,1199,3,4.14,0.79,5.82,0.67,3,yes,,,,,,,,
grid_mnet_cub_none_25pct,cub,mobilenetv3_small_100,sgd,200,linear,none,,,,,,,25,1498,3,7.19,0.65,9.37,1.00,3,yes,,,,,,,,
grid_mnet_cub_none_3pct,cub,mobilenetv3_small_100,sgd,200,linear,none,,,,,,,3,180,3,0.98,0.12,2.18,0.31,3,yes,,,,,,,,
grid_mnet_cub_none_50pct,cub,mobilenetv3_small_100,sgd,200,linear,none,,,,,,,50,2997,3,15.71,1.07,17.39,0.92,3,yes,,,,,,,,
grid_mnet_cub_none_5pct,cub,mobilenetv3_small_100,sgd,200,linear,none,,,,,,,5,300,3,1.85,0.25,3.49,0.84,3,yes,,,,,,,,
grid_mnet_cub_none_7pct,cub,mobilenetv3_small_100,sgd,200,linear,none,,,,,,,7,420,3,1.67,0.29,2.96,0.36,3,yes,,,,,,,,
grid_mnet_dtd_aux_100pct,dtd,mobilenetv3_small_100,sgd,200,linear,none,,,energy-magnitude,blocks.3,1.0,0.0,100,3760,3,34.79,0.24,34.38,0.67,3,yes,,grid_mnet_dtd_none_100pct,36.76,-1.97,0.53,-2.04,0.44,0.07
grid_mnet_dtd_aux_10pct,dtd,mobilenetv3_small_100,sgd,200,linear,none,,,energy-magnitude,blocks.3,1.0,0.0,10,376,3,9.34,0.27,15.18,0.35,3,yes,,grid_mnet_dtd_none_10pct,8.67,0.67,0.38,2.20,0.60,-1.52
grid_mnet_dtd_aux_15pct,dtd,mobilenetv3_small_100,sgd,200,linear,none,,,energy-magnitude,blocks.3,1.0,0.0,15,564,3,12.30,0.25,17.62,0.82,3,yes,,grid_mnet_dtd_none_15pct,11.70,0.60,0.46,2.07,0.58,-1.47
grid_mnet_dtd_aux_20pct,dtd,mobilenetv3_small_100,sgd,200,linear,none,,,energy-magnitude,blocks.3,1.0,0.0,20,752,3,14.24,0.70,18.30,1.25,3,yes,,grid_mnet_dtd_none_20pct,13.01,1.22,0.66,1.74,1.04,-0.51
grid_mnet_dtd_aux_25pct,dtd,mobilenetv3_small_100,sgd,200,linear,none,,,energy-magnitude,blocks.3,1.0,0.0,25,940,3,16.47,0.86,20.82,0.62,3,yes,,grid_mnet_dtd_none_25pct,14.61,1.86,0.84,3.78,0.53,-1.91
grid_mnet_dtd_aux_50pct,dtd,mobilenetv3_small_100,sgd,200,linear,none,,,energy-magnitude,blocks.3,1.0,0.0,50,1880,3,25.27,0.94,26.29,0.75,3,yes,,grid_mnet_dtd_none_50pct,22.46,2.80,0.95,2.62,0.61,0.18
grid_mnet_dtd_aux_5pct,dtd,mobilenetv3_small_100,sgd,200,linear,none,,,energy-magnitude,blocks.3,1.0,0.0,5,188,3,5.64,0.79,11.58,1.87,3,yes,,grid_mnet_dtd_none_5pct,5.82,-0.18,0.48,0.21,1.16,-0.39
grid_mnet_dtd_aux_7pct,dtd,mobilenetv3_small_100,sgd,200,linear,none,,,energy-magnitude,blocks.3,1.0,0.0,7,263,3,7.68,0.40,14.18,0.31,3,yes,,grid_mnet_dtd_none_7pct,7.45,0.23,0.24,0.34,0.66,-0.11
grid_mnet_dtd_none_100pct,dtd,mobilenetv3_small_100,sgd,200,linear,none,,,,,,,100,3760,3,36.76,0.89,36.42,0.35,3,yes,,,,,,,,
grid_mnet_dtd_none_10pct,dtd,mobilenetv3_small_100,sgd,200,linear,none,,,,,,,10,376,3,8.67,0.59,12.98,0.99,3,yes,,,,,,,,
grid_mnet_dtd_none_15pct,dtd,mobilenetv3_small_100,sgd,200,linear,none,,,,,,,15,564,3,11.70,0.75,15.55,0.59,3,yes,,,,,,,,
grid_mnet_dtd_none_20pct,dtd,mobilenetv3_small_100,sgd,200,linear,none,,,,,,,20,752,3,13.01,0.89,16.56,1.29,3,yes,,,,,,,,
grid_mnet_dtd_none_25pct,dtd,mobilenetv3_small_100,sgd,200,linear,none,,,,,,,25,940,3,14.61,1.18,17.04,0.68,3,yes,,,,,,,,
grid_mnet_dtd_none_50pct,dtd,mobilenetv3_small_100,sgd,200,linear,none,,,,,,,50,1880,3,22.46,1.35,23.67,0.75,3,yes,,,,,,,,
grid_mnet_dtd_none_5pct,dtd,mobilenetv3_small_100,sgd,200,linear,none,,,,,,,5,188,3,5.82,0.27,11.37,0.71,3,yes,,,,,,,,
grid_mnet_dtd_none_7pct,dtd,mobilenetv3_small_100,sgd,200,linear,none,,,,,,,7,263,3,7.45,0.14,13.85,1.09,3,yes,,,,,,,,
grid_mnet_esat_aux_100pct,eurosat,mobilenetv3_small_100,sgd,200,linear,none,,,energy-magnitude,blocks.3,1.0,0.0,100,21600,3,97.98,0.08,97.97,0.09,3,yes,,grid_mnet_esat_none_100pct,97.74,0.24,0.13,0.28,0.12,-0.04
grid_mnet_esat_aux_10pct,eurosat,mobilenetv3_small_100,sgd,200,linear,none,,,energy-magnitude,blocks.3,1.0,0.0,10,2160,3,86.90,2.31,88.44,2.41,3,yes,,grid_mnet_esat_none_10pct,88.09,-1.20,1.75,-0.83,1.73,-0.37
grid_mnet_esat_aux_15pct,eurosat,mobilenetv3_small_100,sgd,200,linear,none,,,energy-magnitude,blocks.3,1.0,0.0,15,3240,3,92.78,0.40,93.62,0.49,3,yes,,grid_mnet_esat_none_15pct,92.28,0.50,0.28,0.70,0.32,-0.20
grid_mnet_esat_aux_1pct,eurosat,mobilenetv3_small_100,sgd,200,linear,none,,,energy-magnitude,blocks.3,1.0,0.0,1,216,3,64.09,0.96,71.77,1.17,3,yes,,grid_mnet_esat_none_1pct,61.47,2.62,4.75,3.78,4.56,-1.15
grid_mnet_esat_aux_20pct,eurosat,mobilenetv3_small_100,sgd,200,linear,none,,,energy-magnitude,blocks.3,1.0,0.0,20,4320,3,92.79,2.93,93.30,3.01,3,yes,,grid_mnet_esat_none_20pct,92.72,0.07,1.69,-0.09,1.74,0.16
grid_mnet_esat_aux_25pct,eurosat,mobilenetv3_small_100,sgd,200,linear,none,,,energy-magnitude,blocks.3,1.0,0.0,25,5400,3,95.61,0.10,95.72,0.16,3,yes,,grid_mnet_esat_none_25pct,95.07,0.54,0.24,0.54,0.29,0.00
grid_mnet_esat_aux_2pct,eurosat,mobilenetv3_small_100,sgd,200,linear,none,,,energy-magnitude,blocks.3,1.0,0.0,2,432,3,71.30,1.05,77.22,1.47,3,yes,,grid_mnet_esat_none_2pct,71.59,-0.29,1.79,0.77,1.76,-1.06
grid_mnet_esat_aux_3pct,eurosat,mobilenetv3_small_100,sgd,200,linear,none,,,energy-magnitude,blocks.3,1.0,0.0,3,648,3,76.22,4.00,80.78,4.20,3,yes,,grid_mnet_esat_none_3pct,70.70,5.51,4.47,6.44,4.65,-0.93
grid_mnet_esat_aux_50pct,eurosat,mobilenetv3_small_100,sgd,200,linear,none,,,energy-magnitude,blocks.3,1.0,0.0,50,10800,3,97.09,0.32,97.26,0.26,3,yes,,grid_mnet_esat_none_50pct,96.64,0.46,0.32,0.40,0.29,0.06
grid_mnet_esat_aux_5pct,eurosat,mobilenetv3_small_100,sgd,200,linear,none,,,energy-magnitude,blocks.3,1.0,0.0,5,1080,3,80.44,2.32,83.88,1.75,3,yes,,grid_mnet_esat_none_5pct,80.10,0.34,1.93,0.63,1.61,-0.29
grid_mnet_esat_aux_7pct,eurosat,mobilenetv3_small_100,sgd,200,linear,none,,,energy-magnitude,blocks.3,1.0,0.0,7,1512,3,84.29,0.74,86.88,0.63,3,yes,,grid_mnet_esat_none_7pct,79.29,5.00,2.90,5.19,2.71,-0.19
grid_mnet_esat_none_100pct,eurosat,mobilenetv3_small_100,sgd,200,linear,none,,,,,,,100,21600,3,97.74,0.21,97.69,0.19,3,yes,,,,,,,,
grid_mnet_esat_none_10pct,eurosat,mobilenetv3_small_100,sgd,200,linear,none,,,,,,,10,2160,3,88.09,1.97,89.27,1.78,3,yes,,,,,,,,
grid_mnet_esat_none_15pct,eurosat,mobilenetv3_small_100,sgd,200,linear,none,,,,,,,15,3240,3,92.28,0.26,92.91,0.28,3,yes,,,,,,,,
grid_mnet_esat_none_1pct,eurosat,mobilenetv3_small_100,sgd,200,linear,none,,,,,,,1,216,3,61.47,8.16,67.99,7.81,3,yes,,,,,,,,
grid_mnet_esat_none_20pct,eurosat,mobilenetv3_small_100,sgd,200,linear,none,,,,,,,20,4320,3,92.72,0.08,93.39,0.08,3,yes,,,,,,,,
grid_mnet_esat_none_25pct,eurosat,mobilenetv3_small_100,sgd,200,linear,none,,,,,,,25,5400,3,95.07,0.41,95.17,0.47,3,yes,,,,,,,,
grid_mnet_esat_none_2pct,eurosat,mobilenetv3_small_100,sgd,200,linear,none,,,,,,,2,432,3,71.59,2.93,76.45,2.67,3,yes,,,,,,,,
grid_mnet_esat_none_3pct,eurosat,mobilenetv3_small_100,sgd,200,linear,none,,,,,,,3,648,3,70.70,6.62,74.35,6.87,3,yes,,,,,,,,
grid_mnet_esat_none_50pct,eurosat,mobilenetv3_small_100,sgd,200,linear,none,,,,,,,50,10800,3,96.64,0.45,96.86,0.43,3,yes,,,,,,,,
grid_mnet_esat_none_5pct,eurosat,mobilenetv3_small_100,sgd,200,linear,none,,,,,,,5,1080,3,80.10,2.40,83.25,2.18,3,yes,,,,,,,,
grid_mnet_esat_none_7pct,eurosat,mobilenetv3_small_100,sgd,200,linear,none,,,,,,,7,1512,3,79.29,4.97,81.70,4.66,3,yes,,,,,,,,
grid_mnet_food_aux_100pct,food101,mobilenetv3_small_100,sgd,200,linear,none,,,energy-magnitude,blocks.3,1.0,0.0,100,75750,3,63.76,0.29,,,,yes,,grid_mnet_food_none_100pct,63.45,0.32,0.22,,,
grid_mnet_food_aux_10pct,food101,mobilenetv3_small_100,sgd,200,linear,none,,,energy-magnitude,blocks.3,1.0,0.0,10,7575,3,28.35,0.46,34.90,0.48,3,yes,,grid_mnet_food_none_10pct,27.38,0.97,0.61,1.03,0.86,-0.07
grid_mnet_food_aux_15pct,food101,mobilenetv3_small_100,sgd,200,linear,none,,,energy-magnitude,blocks.3,1.0,0.0,15,11362,3,35.45,0.16,41.41,0.15,3,yes,,grid_mnet_food_none_15pct,35.32,0.13,0.15,0.37,0.09,-0.24
grid_mnet_food_aux_1pct,food101,mobilenetv3_small_100,sgd,200,linear,none,,,energy-magnitude,blocks.3,1.0,0.0,1,758,3,4.28,0.09,11.47,0.26,3,yes,,grid_mnet_food_none_1pct,3.92,0.36,0.07,0.80,0.19,-0.44
grid_mnet_food_aux_20pct,food101,mobilenetv3_small_100,sgd,200,linear,none,,,energy-magnitude,blocks.3,1.0,0.0,20,15150,3,39.71,0.34,45.05,0.33,3,yes,,grid_mnet_food_none_20pct,39.63,0.08,0.31,0.00,0.32,0.08
grid_mnet_food_aux_25pct,food101,mobilenetv3_small_100,sgd,200,linear,none,,,energy-magnitude,blocks.3,1.0,0.0,25,18938,3,43.14,0.23,47.91,0.31,3,yes,,grid_mnet_food_none_25pct,43.91,-0.77,0.16,-0.26,0.18,-0.51
grid_mnet_food_aux_2pct,food101,mobilenetv3_small_100,sgd,200,linear,none,,,energy-magnitude,blocks.3,1.0,0.0,2,1515,3,6.16,0.33,14.01,0.58,3,yes,,grid_mnet_food_none_2pct,5.65,0.51,0.25,1.17,0.44,-0.66
grid_mnet_food_aux_3pct,food101,mobilenetv3_small_100,sgd,200,linear,none,,,energy-magnitude,blocks.3,1.0,0.0,3,2272,3,8.65,0.37,16.61,0.46,3,yes,,grid_mnet_food_none_3pct,7.65,1.00,0.25,1.58,0.33,-0.58
grid_mnet_food_aux_50pct,food101,mobilenetv3_small_100,sgd,200,linear,none,,,energy-magnitude,blocks.3,1.0,0.0,50,37875,3,54.90,0.16,56.48,0.26,3,yes,,grid_mnet_food_none_50pct,55.13,-0.23,0.15,-0.00,0.23,-0.23
grid_mnet_food_aux_50pct_l03,food101,mobilenetv3_small_100,sgd,200,linear,none,,,energy-magnitude,blocks.3,0.3,0.0,50,37875,3,55.35,0.42,,,,yes,,grid_mnet_food_none_50pct,55.13,0.22,0.27,,,
grid_mnet_food_aux_5pct,food101,mobilenetv3_small_100,sgd,200,linear,none,,,energy-magnitude,blocks.3,1.0,0.0,5,3788,3,15.30,0.93,23.73,0.96,3,yes,,grid_mnet_food_none_5pct,13.90,1.40,0.61,2.09,0.77,-0.69
grid_mnet_food_aux_7pct,food101,mobilenetv3_small_100,sgd,200,linear,none,,,energy-magnitude,blocks.3,1.0,0.0,7,5302,3,21.54,0.56,29.04,0.67,3,yes,,grid_mnet_food_none_7pct,19.98,1.57,0.37,2.10,0.44,-0.53
grid_mnet_food_none_100pct,food101,mobilenetv3_small_100,sgd,200,linear,none,,,,,,,100,75750,3,63.45,0.24,,,,yes,,,,,,,,
grid_mnet_food_none_10pct,food101,mobilenetv3_small_100,sgd,200,linear,none,,,,,,,10,7575,3,27.38,0.96,33.87,1.41,3,yes,,,,,,,,
grid_mnet_food_none_15pct,food101,mobilenetv3_small_100,sgd,200,linear,none,,,,,,,15,11362,3,35.32,0.20,41.04,0.05,3,yes,,,,,,,,
grid_mnet_food_none_1pct,food101,mobilenetv3_small_100,sgd,200,linear,none,,,,,,,1,758,3,3.92,0.09,10.67,0.22,3,yes,,,,,,,,
grid_mnet_food_none_20pct,food101,mobilenetv3_small_100,sgd,200,linear,none,,,,,,,20,15150,3,39.63,0.43,45.05,0.44,3,yes,,,,,,,,
grid_mnet_food_none_25pct,food101,mobilenetv3_small_100,sgd,200,linear,none,,,,,,,25,18938,3,43.91,0.15,48.17,0.05,3,yes,,,,,,,,
grid_mnet_food_none_2pct,food101,mobilenetv3_small_100,sgd,200,linear,none,,,,,,,2,1515,3,5.65,0.27,12.84,0.50,3,yes,,,,,,,,
grid_mnet_food_none_3pct,food101,mobilenetv3_small_100,sgd,200,linear,none,,,,,,,3,2272,3,7.65,0.23,15.03,0.35,3,yes,,,,,,,,
grid_mnet_food_none_50pct,food101,mobilenetv3_small_100,sgd,200,linear,none,,,,,,,50,37875,3,55.13,0.20,56.48,0.31,3,yes,,,,,,,,
grid_mnet_food_none_5pct,food101,mobilenetv3_small_100,sgd,200,linear,none,,,,,,,5,3788,3,13.90,0.53,21.65,0.91,3,yes,,,,,,,,
grid_mnet_food_none_7pct,food101,mobilenetv3_small_100,sgd,200,linear,none,,,,,,,7,5302,3,19.98,0.32,26.94,0.38,3,yes,,,,,,,,
grid_mnet_path_aux_100pct,pathmnist,mobilenetv3_small_100,sgd,200,linear,none,,,energy-magnitude,blocks.3,1.0,0.0,100,89996,3,85.13,0.59,85.75,0.46,3,yes,,grid_mnet_path_none_100pct,84.62,0.50,0.42,0.78,0.37,-0.28
grid_mnet_path_aux_10pct,pathmnist,mobilenetv3_small_100,sgd,200,linear,none,,,energy-magnitude,blocks.3,1.0,0.0,10,9000,3,91.36,1.19,91.66,0.18,3,yes,,grid_mnet_path_none_10pct,87.90,3.46,1.55,4.66,1.49,-1.20
grid_mnet_path_aux_15pct,pathmnist,mobilenetv3_small_100,sgd,200,linear,none,,,energy-magnitude,blocks.3,1.0,0.0,15,13499,3,90.33,2.40,90.18,2.26,3,yes,,grid_mnet_path_none_15pct,86.35,3.98,1.58,3.69,1.49,0.30
grid_mnet_path_aux_1pct,pathmnist,mobilenetv3_small_100,sgd,200,linear,none,,,energy-magnitude,blocks.3,1.0,0.0,1,900,3,79.41,1.83,79.36,2.95,3,yes,,grid_mnet_path_none_1pct,75.91,3.51,2.14,2.31,2.00,1.20
grid_mnet_path_aux_20pct,pathmnist,mobilenetv3_small_100,sgd,200,linear,none,,,energy-magnitude,blocks.3,1.0,0.0,20,17999,3,88.56,0.98,88.48,0.85,3,yes,,grid_mnet_path_none_20pct,89.04,-0.48,0.67,0.01,0.49,-0.49
grid_mnet_path_aux_20pct_l03,pathmnist,mobilenetv3_small_100,sgd,200,linear,none,,,energy-magnitude,blocks.3,0.3,0.0,20,17999,3,86.29,2.63,,,,yes,,grid_mnet_path_none_20pct,89.04,-2.75,1.56,,,
grid_mnet_path_aux_25pct,pathmnist,mobilenetv3_small_100,sgd,200,linear,none,,,energy-magnitude,blocks.3,1.0,0.0,25,22499,3,86.85,0.92,86.81,0.86,3,yes,,grid_mnet_path_none_25pct,85.97,0.88,0.76,1.99,0.69,-1.10
grid_mnet_path_aux_2pct,pathmnist,mobilenetv3_small_100,sgd,200,linear,none,,,energy-magnitude,blocks.3,1.0,0.0,2,1800,3,83.21,1.67,84.25,0.95,3,yes,,grid_mnet_path_none_2pct,80.03,3.18,1.69,3.74,1.31,-0.56
grid_mnet_path_aux_3pct,pathmnist,mobilenetv3_small_100,sgd,200,linear,none,,,energy-magnitude,blocks.3,1.0,0.0,3,2700,3,82.26,2.58,83.49,2.29,3,yes,,grid_mnet_path_none_3pct,80.00,2.26,1.60,3.80,1.33,-1.54
grid_mnet_path_aux_50pct,pathmnist,mobilenetv3_small_100,sgd,200,linear,none,,,energy-magnitude,blocks.3,1.0,0.0,50,44998,3,87.45,0.99,86.52,1.26,3,yes,,grid_mnet_path_none_50pct,88.02,-0.57,0.79,-1.59,0.83,1.02
grid_mnet_path_aux_5pct,pathmnist,mobilenetv3_small_100,sgd,200,linear,none,,,energy-magnitude,blocks.3,1.0,0.0,5,4500,3,89.03,1.76,88.77,1.91,3,yes,,grid_mnet_path_none_5pct,84.30,4.72,1.92,4.05,1.67,0.67
grid_mnet_path_aux_7pct,pathmnist,mobilenetv3_small_100,sgd,200,linear,none,,,energy-magnitude,blocks.3,1.0,0.0,7,6300,3,89.41,1.44,88.40,1.34,3,yes,,grid_mnet_path_none_7pct,86.40,3.00,1.44,2.13,1.51,0.87
grid_mnet_path_none_100pct,pathmnist,mobilenetv3_small_100,sgd,200,linear,none,,,,,,,100,89996,3,84.62,0.43,84.97,0.44,3,yes,,,,,,,,
grid_mnet_path_none_10pct,pathmnist,mobilenetv3_small_100,sgd,200,linear,none,,,,,,,10,9000,3,87.90,2.40,87.00,2.58,3,yes,,,,,,,,
grid_mnet_path_none_15pct,pathmnist,mobilenetv3_small_100,sgd,200,linear,none,,,,,,,15,13499,3,86.35,1.33,86.49,1.25,3,yes,,,,,,,,
grid_mnet_path_none_1pct,pathmnist,mobilenetv3_small_100,sgd,200,linear,none,,,,,,,1,900,3,75.91,3.22,77.06,1.82,3,yes,,,,,,,,
grid_mnet_path_none_20pct,pathmnist,mobilenetv3_small_100,sgd,200,linear,none,,,,,,,20,17999,3,89.04,0.63,88.47,0.02,3,yes,,,,,,,,
grid_mnet_path_none_25pct,pathmnist,mobilenetv3_small_100,sgd,200,linear,none,,,,,,,25,22499,3,85.97,0.93,84.82,0.84,3,yes,,,,,,,,
grid_mnet_path_none_2pct,pathmnist,mobilenetv3_small_100,sgd,200,linear,none,,,,,,,2,1800,3,80.03,2.40,80.51,2.07,3,yes,,,,,,,,
grid_mnet_path_none_3pct,pathmnist,mobilenetv3_small_100,sgd,200,linear,none,,,,,,,3,2700,3,80.00,1.01,79.69,0.29,3,yes,,,,,,,,
grid_mnet_path_none_50pct,pathmnist,mobilenetv3_small_100,sgd,200,linear,none,,,,,,,50,44998,3,88.02,0.95,88.11,0.68,3,yes,,,,,,,,
grid_mnet_path_none_5pct,pathmnist,mobilenetv3_small_100,sgd,200,linear,none,,,,,,,5,4500,3,84.30,2.83,84.71,2.17,3,yes,,,,,,,,
grid_mnet_path_none_7pct,pathmnist,mobilenetv3_small_100,sgd,200,linear,none,,,,,,,7,6300,3,86.40,2.04,86.27,2.26,3,yes,,,,,,,,
grid_mnet_stl_aux_100pct,stl10,mobilenetv3_small_100,sgd,200,linear,none,,,energy-magnitude,blocks.3,1.0,0.0,100,5000,3,79.14,0.58,79.06,0.60,3,yes,,grid_mnet_stl_none_100pct,77.38,1.76,0.40,1.74,0.37,0.02
grid_mnet_stl_aux_10pct,stl10,mobilenetv3_small_100,sgd,200,linear,none,,,energy-magnitude,blocks.3,1.0,0.0,10,500,3,45.45,0.60,51.10,0.97,3,yes,,grid_mnet_stl_none_10pct,41.41,4.04,0.96,5.06,1.08,-1.03
grid_mnet_stl_aux_15pct,stl10,mobilenetv3_small_100,sgd,200,linear,none,,,energy-magnitude,blocks.3,1.0,0.0,15,750,3,50.60,0.89,53.94,0.59,3,yes,,grid_mnet_stl_none_15pct,45.30,5.29,1.17,5.74,1.28,-0.45
grid_mnet_stl_aux_20pct,stl10,mobilenetv3_small_100,sgd,200,linear,none,,,energy-magnitude,blocks.3,1.0,0.0,20,1000,3,54.76,3.76,58.14,2.83,3,yes,,grid_mnet_stl_none_20pct,49.33,5.44,3.27,6.14,3.20,-0.70
grid_mnet_stl_aux_25pct,stl10,mobilenetv3_small_100,sgd,200,linear,none,,,energy-magnitude,blocks.3,1.0,0.0,25,1250,3,55.63,1.49,58.60,1.52,3,yes,,grid_mnet_stl_none_25pct,52.05,3.59,0.88,4.01,0.91,-0.42
grid_mnet_stl_aux_3pct,stl10,mobilenetv3_small_100,sgd,200,linear,none,,,energy-magnitude,blocks.3,1.0,0.0,3,150,3,30.69,1.21,41.30,0.40,3,yes,,grid_mnet_stl_none_3pct,30.41,0.28,1.35,0.56,0.38,-0.28
grid_mnet_stl_aux_50pct,stl10,mobilenetv3_small_100,sgd,200,linear,none,,,energy-magnitude,blocks.3,1.0,0.0,50,2500,3,69.00,0.08,69.99,0.57,3,yes,,grid_mnet_stl_none_50pct,66.35,2.65,0.10,2.83,0.41,-0.18
grid_mnet_stl_aux_5pct,stl10,mobilenetv3_small_100,sgd,200,linear,none,,,energy-magnitude,blocks.3,1.0,0.0,5,250,3,33.90,1.63,41.10,2.69,3,yes,,grid_mnet_stl_none_5pct,32.50,1.40,1.13,2.13,1.71,-0.73
grid_mnet_stl_aux_7pct,stl10,mobilenetv3_small_100,sgd,200,linear,none,,,energy-magnitude,blocks.3,1.0,0.0,7,350,3,39.78,1.12,47.56,2.53,3,yes,,grid_mnet_stl_none_7pct,36.96,2.82,0.72,3.67,1.52,-0.85
grid_mnet_stl_none_100pct,stl10,mobilenetv3_small_100,sgd,200,linear,none,,,,,,,100,5000,3,77.38,0.36,77.33,0.22,3,yes,,,,,,,,
grid_mnet_stl_none_10pct,stl10,mobilenetv3_small_100,sgd,200,linear,none,,,,,,,10,500,3,41.41,1.54,46.03,1.59,3,yes,,,,,,,,
grid_mnet_stl_none_15pct,stl10,mobilenetv3_small_100,sgd,200,linear,none,,,,,,,15,750,3,45.30,1.83,48.20,2.13,3,yes,,,,,,,,
grid_mnet_stl_none_20pct,stl10,mobilenetv3_small_100,sgd,200,linear,none,,,,,,,20,1000,3,49.33,4.24,52.00,4.76,3,yes,,,,,,,,
grid_mnet_stl_none_25pct,stl10,mobilenetv3_small_100,sgd,200,linear,none,,,,,,,25,1250,3,52.05,0.29,54.59,0.43,3,yes,,,,,,,,
grid_mnet_stl_none_3pct,stl10,mobilenetv3_small_100,sgd,200,linear,none,,,,,,,3,150,3,30.41,2.00,40.73,0.52,3,yes,,,,,,,,
grid_mnet_stl_none_50pct,stl10,mobilenetv3_small_100,sgd,200,linear,none,,,,,,,50,2500,3,66.35,0.15,67.15,0.42,3,yes,,,,,,,,
grid_mnet_stl_none_5pct,stl10,mobilenetv3_small_100,sgd,200,linear,none,,,,,,,5,250,3,32.50,1.09,38.97,1.25,3,yes,,,,,,,,
grid_mnet_stl_none_7pct,stl10,mobilenetv3_small_100,sgd,200,linear,none,,,,,,,7,350,3,36.96,0.55,43.89,0.72,3,yes,,,,,,,,
grid_mnet_tin_aux_100pct,tin,mobilenetv3_small_100,sgd,200,linear,none,,,energy-magnitude,blocks.3,1.0,0.0,100,100000,3,53.33,0.56,52.75,0.22,3,yes,,grid_mnet_tin_none_100pct,52.94,0.39,0.60,0.52,0.47,-0.13
grid_mnet_tin_aux_10pct,tin,mobilenetv3_small_100,sgd,200,linear,none,,,energy-magnitude,blocks.3,1.0,0.0,10,10000,3,26.04,0.65,34.89,0.74,3,yes,,grid_mnet_tin_none_10pct,25.36,0.68,0.43,1.10,0.50,-0.42
grid_mnet_tin_aux_15pct,tin,mobilenetv3_small_100,sgd,200,linear,none,,,energy-magnitude,blocks.3,1.0,0.0,15,15000,3,30.93,0.61,37.81,0.36,3,yes,,grid_mnet_tin_none_15pct,29.53,1.40,0.50,0.97,0.39,0.43
grid_mnet_tin_aux_1pct,tin,mobilenetv3_small_100,sgd,200,linear,none,,,energy-magnitude,blocks.3,1.0,0.0,1,1000,3,3.95,0.26,13.63,0.72,3,yes,,grid_mnet_tin_none_1pct,3.60,0.35,0.33,1.71,0.83,-1.36
grid_mnet_tin_aux_20pct,tin,mobilenetv3_small_100,sgd,200,linear,none,,,energy-magnitude,blocks.3,1.0,0.0,20,20000,3,34.00,0.32,40.09,0.34,3,yes,,grid_mnet_tin_none_20pct,32.66,1.33,0.35,0.74,0.26,0.60
grid_mnet_tin_aux_25pct,tin,mobilenetv3_small_100,sgd,200,linear,none,,,energy-magnitude,blocks.3,1.0,0.0,25,25000,3,36.35,0.10,41.44,0.03,3,yes,,grid_mnet_tin_none_25pct,35.15,1.20,0.26,0.53,0.47,0.67
grid_mnet_tin_aux_2pct,tin,mobilenetv3_small_100,sgd,200,linear,none,,,energy-magnitude,blocks.3,1.0,0.0,2,2000,3,6.82,0.38,17.79,0.24,3,yes,,grid_mnet_tin_none_2pct,7.03,-0.21,0.51,0.12,0.97,-0.33
grid_mnet_tin_aux_3pct,tin,mobilenetv3_small_100,sgd,200,linear,none,,,energy-magnitude,blocks.3,1.0,0.0,3,3000,3,10.37,0.36,22.75,0.42,3,yes,,grid_mnet_tin_none_3pct,10.12,0.25,0.40,1.06,0.58,-0.81
grid_mnet_tin_aux_50pct,tin,mobilenetv3_small_100,sgd,200,linear,none,,,energy-magnitude,blocks.3,1.0,0.0,50,50000,3,44.00,0.27,46.44,0.14,3,yes,,grid_mnet_tin_none_50pct,44.36,-0.36,0.28,-0.51,0.12,0.15
grid_mnet_tin_aux_5pct,tin,mobilenetv3_small_100,sgd,200,linear,none,,,energy-magnitude,blocks.3,1.0,0.0,5,5000,3,16.31,0.16,27.46,0.21,3,yes,,grid_mnet_tin_none_5pct,16.66,-0.35,0.22,0.14,0.30,-0.50
grid_mnet_tin_aux_7pct,tin,mobilenetv3_small_100,sgd,200,linear,none,,,energy-magnitude,blocks.3,1.0,0.0,7,7000,3,20.53,0.36,30.36,0.12,3,yes,,grid_mnet_tin_none_7pct,20.63,-0.10,0.35,-0.51,0.27,0.41
grid_mnet_tin_none_100pct,tin,mobilenetv3_small_100,sgd,200,linear,none,,,,,,,100,100000,3,52.94,0.87,52.22,0.79,3,yes,,,,,,,,
grid_mnet_tin_none_10pct,tin,mobilenetv3_small_100,sgd,200,linear,none,,,,,,,10,10000,3,25.36,0.35,33.79,0.45,3,yes,,,,,,,,
grid_mnet_tin_none_15pct,tin,mobilenetv3_small_100,sgd,200,linear,none,,,,,,,15,15000,3,29.53,0.61,36.84,0.58,3,yes,,,,,,,,
grid_mnet_tin_none_1pct,tin,mobilenetv3_small_100,sgd,200,linear,none,,,,,,,1,1000,3,3.60,0.51,11.92,1.24,3,yes,,,,,,,,
grid_mnet_tin_none_20pct,tin,mobilenetv3_small_100,sgd,200,linear,none,,,,,,,20,20000,3,32.66,0.51,39.35,0.30,3,yes,,,,,,,,
grid_mnet_tin_none_25pct,tin,mobilenetv3_small_100,sgd,200,linear,none,,,,,,,25,25000,3,35.15,0.44,40.92,0.82,3,yes,,,,,,,,
grid_mnet_tin_none_2pct,tin,mobilenetv3_small_100,sgd,200,linear,none,,,,,,,2,2000,3,7.03,0.81,17.67,1.66,3,yes,,,,,,,,
grid_mnet_tin_none_3pct,tin,mobilenetv3_small_100,sgd,200,linear,none,,,,,,,3,3000,3,10.12,0.59,21.69,0.91,3,yes,,,,,,,,
grid_mnet_tin_none_50pct,tin,mobilenetv3_small_100,sgd,200,linear,none,,,,,,,50,50000,3,44.36,0.39,46.95,0.16,3,yes,,,,,,,,
grid_mnet_tin_none_5pct,tin,mobilenetv3_small_100,sgd,200,linear,none,,,,,,,5,5000,3,16.66,0.34,27.32,0.47,3,yes,,,,,,,,
grid_mnet_tin_none_7pct,tin,mobilenetv3_small_100,sgd,200,linear,none,,,,,,,7,7000,3,20.63,0.50,30.87,0.45,3,yes,,,,,,,,
grid_path_r18_89e5af_100pct,pathmnist,resnet18,sgd,200,linear,none,,,,,,,100,89996,3,86.71,0.35,87.36,0.23,3,yes,,,,,,,,
grid_path_r18_89e5af_10pct,pathmnist,resnet18,sgd,200,linear,none,,,,,,,10,9000,3,92.01,1.92,88.61,2.43,3,yes,,,,,,,,
grid_path_r18_89e5af_15pct,pathmnist,resnet18,sgd,200,linear,none,,,,,,,15,13499,3,91.53,0.67,88.66,0.54,3,yes,,,,,,,,
grid_path_r18_89e5af_1pct,pathmnist,resnet18,sgd,200,linear,none,,,,,,,1,900,3,80.84,0.21,77.55,1.60,3,yes,,,,,,,,
grid_path_r18_89e5af_20pct,pathmnist,resnet18,sgd,200,linear,none,,,,,,,20,17999,3,91.64,1.34,88.18,0.32,3,yes,,,,,,,,
grid_path_r18_89e5af_25pct,pathmnist,resnet18,sgd,200,linear,none,,,,,,,25,22499,3,89.67,0.54,87.54,0.36,3,yes,,,,,,,,
grid_path_r18_89e5af_2pct,pathmnist,resnet18,sgd,200,linear,none,,,,,,,2,1800,3,83.62,1.00,81.43,1.35,3,yes,,,,,,,,
grid_path_r18_89e5af_3pct,pathmnist,resnet18,sgd,200,linear,none,,,,,,,3,2700,3,90.28,0.51,89.27,1.65,3,yes,,,,,,,,
grid_path_r18_89e5af_50pct,pathmnist,resnet18,sgd,200,linear,none,,,,,,,50,44998,3,89.83,0.39,88.93,0.26,3,yes,,,,,,,,
grid_path_r18_89e5af_5pct,pathmnist,resnet18,sgd,200,linear,none,,,,,,,5,4500,3,92.21,0.90,90.41,1.23,3,yes,,,,,,,,
grid_path_r18_89e5af_7pct,pathmnist,resnet18,sgd,200,linear,none,,,,,,,7,6300,3,91.25,1.51,89.11,1.33,3,yes,,,,,,,,
grid_path_r18_axmagnitudeL3_l10to00_hn_1daa80_100pct,pathmnist,resnet18,sgd,200,linear,none,,,energy-magnitude,layer3,1.0,0.0,100,89996,3,86.72,1.83,87.51,1.84,3,yes,,grid_path_r18_89e5af_100pct,86.71,0.01,1.07,0.14,1.07,-0.13
grid_path_r18_axmagnitudeL3_l10to00_hn_1daa80_10pct,pathmnist,resnet18,sgd,200,linear,none,,,energy-magnitude,layer3,1.0,0.0,10,9000,3,93.75,0.27,89.60,0.38,3,yes,,grid_path_r18_89e5af_10pct,92.01,1.74,1.12,0.99,1.42,0.75
grid_path_r18_axmagnitudeL3_l10to00_hn_1daa80_15pct,pathmnist,resnet18,sgd,200,linear,none,,,energy-magnitude,layer3,1.0,0.0,15,13499,3,92.67,0.28,90.00,0.30,3,yes,,grid_path_r18_89e5af_15pct,91.53,1.15,0.42,1.33,0.36,-0.19
grid_path_r18_axmagnitudeL3_l10to00_hn_1daa80_1pct,pathmnist,resnet18,sgd,200,linear,none,,,energy-magnitude,layer3,1.0,0.0,1,900,3,86.45,0.58,85.13,0.54,3,yes,,grid_path_r18_89e5af_1pct,80.84,5.62,0.36,7.58,0.97,-1.96
grid_path_r18_axmagnitudeL3_l10to00_hn_1daa80_20pct,pathmnist,resnet18,sgd,200,linear,none,,,energy-magnitude,layer3,1.0,0.0,20,17999,3,91.34,2.39,88.48,0.43,3,yes,,grid_path_r18_89e5af_20pct,91.64,-0.31,1.58,0.30,0.31,-0.60
grid_path_r18_axmagnitudeL3_l10to00_hn_1daa80_25pct,pathmnist,resnet18,sgd,200,linear,none,,,energy-magnitude,layer3,1.0,0.0,25,22499,3,89.49,0.26,86.52,0.77,3,yes,,grid_path_r18_89e5af_25pct,89.67,-0.18,0.35,-1.02,0.49,0.84
grid_path_r18_axmagnitudeL3_l10to00_hn_1daa80_2pct,pathmnist,resnet18,sgd,200,linear,none,,,energy-magnitude,layer3,1.0,0.0,2,1800,3,89.99,0.50,88.34,0.83,3,yes,,grid_path_r18_89e5af_2pct,83.62,6.37,0.65,6.91,0.92,-0.54
grid_path_r18_axmagnitudeL3_l10to00_hn_1daa80_3pct,pathmnist,resnet18,sgd,200,linear,none,,,energy-magnitude,layer3,1.0,0.0,3,2700,3,93.08,0.23,92.74,0.05,3,yes,,grid_path_r18_89e5af_3pct,90.28,2.80,0.32,3.47,0.95,-0.67
grid_path_r18_axmagnitudeL3_l10to00_hn_1daa80_50pct,pathmnist,resnet18,sgd,200,linear,none,,,energy-magnitude,layer3,1.0,0.0,50,44998,3,88.74,0.39,87.62,0.14,3,yes,,grid_path_r18_89e5af_50pct,89.83,-1.09,0.32,-1.31,0.17,0.22
grid_path_r18_axmagnitudeL3_l10to00_hn_1daa80_5pct,pathmnist,resnet18,sgd,200,linear,none,,,energy-magnitude,layer3,1.0,0.0,5,4500,3,93.32,0.22,91.73,0.44,3,yes,,grid_path_r18_89e5af_5pct,92.21,1.10,0.54,1.32,0.75,-0.22
grid_path_r18_axmagnitudeL3_l10to00_hn_1daa80_7pct,pathmnist,resnet18,sgd,200,linear,none,,,energy-magnitude,layer3,1.0,0.0,7,6300,3,92.96,0.10,90.10,0.37,3,yes,,grid_path_r18_89e5af_7pct,91.25,1.71,0.88,0.98,0.80,0.72
grid_r34_pathmnist_aux_5pct,pathmnist,resnet34,sgd,200,linear,none,,,energy-magnitude,layer3,1.0,0.0,5,4500,3,94.02,0.14,92.63,0.51,3,yes,,diagdepth_r34_path_none_5pct,91.58,2.44,0.36,,,
grid_r34_pathmnist_none_5pct,pathmnist,resnet34,sgd,200,linear,none,,,,,,,5,4500,3,91.92,1.28,90.76,0.88,3,yes,,diagdepth_r34_path_none_5pct,91.58,0.34,0.82,,,
grid_r34_tin_aux_5pct,tin,resnet34,sgd,200,linear,none,,,energy-magnitude,layer3,1.0,0.0,5,5000,3,23.23,0.07,34.62,0.24,3,yes,,grid_r34_tin_none_5pct,21.27,1.96,0.17,2.71,0.64,-0.75
grid_r34_tin_none_5pct,tin,resnet34,sgd,200,linear,none,,,,,,,5,5000,3,21.27,0.29,31.91,1.08,3,yes,,,,,,,,
grid_r50_pathmnist_aux_5pct,pathmnist,resnet50,sgd,200,linear,none,,,energy-magnitude,layer3,1.0,0.0,5,4500,3,93.71,0.59,92.21,0.97,3,yes,,diagdepth_r50_path_none_5pct,91.77,1.95,0.36,,,
grid_r50_pathmnist_none_5pct,pathmnist,resnet50,sgd,200,linear,none,,,,,,,5,4500,3,91.80,0.32,89.13,1.33,3,yes,,diagdepth_r50_path_none_5pct,91.77,0.03,0.23,,,
grid_r50_tin_aux_5pct,tin,resnet50,sgd,200,linear,none,,,energy-magnitude,layer3,1.0,0.0,5,5000,3,22.91,0.39,35.88,0.12,3,yes,,grid_r50_tin_none_5pct,19.46,3.44,0.31,6.66,0.29,-3.21
grid_r50_tin_none_5pct,tin,resnet50,sgd,200,linear,none,,,,,,,5,5000,3,19.46,0.37,29.23,0.48,3,yes,,,,,,,,
grid_stl_r18_57b62b_100pct,stl10,resnet18,sgd,200,linear,none,,,,,,,100,5000,3,84.27,0.33,83.93,0.34,3,yes,,stl10_none,84.27,0.00,0.27,0.01,0.28,-0.01
grid_stl_r18_57b62b_15pct,stl10,resnet18,sgd,200,linear,none,,,,,,,15,750,3,48.75,0.90,56.98,0.85,3,yes,,grid_stl_r18_9016e6_15pct,48.75,0.00,0.73,-0.03,0.66,0.03
grid_stl_r18_57b62b_25pct,stl10,resnet18,sgd,200,linear,none,,,,,,,25,1250,3,58.33,0.17,62.62,0.62,3,yes,,grid_stl_r18_9016e6_25pct,58.33,0.00,0.14,0.08,0.50,-0.08
grid_stl_r18_57b62b_3pct,stl10,resnet18,sgd,200,linear,none,,,,,,,3,150,3,27.01,1.01,46.25,0.56,3,yes,,grid_stl_r18_9016e6_3pct,27.01,0.00,0.83,0.10,0.49,-0.10
grid_stl_r18_57b62b_5pct,stl10,resnet18,sgd,200,linear,none,,,,,,,5,250,3,30.56,0.53,46.12,0.54,3,yes,,grid_stl_r18_9016e6_5pct,30.56,0.00,0.43,-0.27,0.38,0.27
grid_stl_r18_57b62b_7pct,stl10,resnet18,sgd,200,linear,none,,,,,,,7,350,3,34.20,0.83,49.63,0.95,3,yes,,grid_stl_r18_9016e6_7pct,34.20,0.00,0.68,0.09,0.77,-0.09
grid_stl_r18_9016e6_10pct,stl10,resnet18,sgd,200,linear,none,,,,,,,10,500,3,41.50,1.58,52.84,0.74,3,yes,,stl_none_10pct,41.58,-0.09,1.18,-0.37,0.55,0.28
grid_stl_r18_9016e6_15pct,stl10,resnet18,sgd,200,linear,none,,,,,,,15,750,3,48.75,0.90,57.01,0.77,3,yes,,,,,,,,
grid_stl_r18_9016e6_20pct,stl10,resnet18,sgd,200,linear,none,,,,,,,20,1000,3,54.08,0.90,59.85,0.91,3,yes,,stl_none_20pct,54.16,-0.08,0.63,-0.22,0.57,0.14
grid_stl_r18_9016e6_25pct,stl10,resnet18,sgd,200,linear,none,,,,,,,25,1250,3,58.33,0.17,62.54,0.61,3,yes,,,,,,,,
grid_stl_r18_9016e6_3pct,stl10,resnet18,sgd,200,linear,none,,,,,,,3,150,3,27.01,1.01,46.15,0.64,3,yes,,,,,,,,
grid_stl_r18_9016e6_50pct,stl10,resnet18,sgd,200,linear,none,,,,,,,50,2500,3,73.45,0.18,73.31,0.52,3,yes,,stl_none_50pct,73.22,0.23,0.31,-0.33,0.35,0.56
grid_stl_r18_9016e6_5pct,stl10,resnet18,sgd,200,linear,none,,,,,,,5,250,3,30.56,0.53,46.38,0.38,3,yes,,,,,,,,
grid_stl_r18_9016e6_7pct,stl10,resnet18,sgd,200,linear,none,,,,,,,7,350,3,34.20,0.83,49.54,0.93,3,yes,,,,,,,,
grid_stl_r18_axmagnitudeL3_l10to00_3ebf19_100pct,stl10,resnet18,sgd,200,linear,none,,,energy-magnitude,layer3,1.0,0.0,100,5000,3,85.13,0.46,85.05,0.37,3,yes,,stl10_none,84.27,0.86,0.33,1.13,0.29,-0.27
grid_stl_r18_axmagnitudeL3_l10to00_3ebf19_15pct,stl10,resnet18,sgd,200,linear,none,,,energy-magnitude,layer3,1.0,0.0,15,750,3,54.10,0.45,61.83,0.57,3,yes,,grid_stl_r18_9016e6_15pct,48.75,5.35,0.58,4.82,0.55,0.53
grid_stl_r18_axmagnitudeL3_l10to00_3ebf19_25pct,stl10,resnet18,sgd,200,linear,none,,,energy-magnitude,layer3,1.0,0.0,25,1250,3,63.10,0.26,67.28,0.17,3,yes,,grid_stl_r18_9016e6_25pct,58.33,4.77,0.18,4.75,0.36,0.03
grid_stl_r18_axmagnitudeL3_l10to00_3ebf19_3pct,stl10,resnet18,sgd,200,linear,none,,,energy-magnitude,layer3,1.0,0.0,3,150,3,29.72,0.23,50.02,0.09,3,yes,,grid_stl_r18_9016e6_3pct,27.01,2.72,0.60,3.86,0.37,-1.15
grid_stl_r18_axmagnitudeL3_l10to00_3ebf19_5pct,stl10,resnet18,sgd,200,linear,none,,,energy-magnitude,layer3,1.0,0.0,5,250,3,33.08,0.51,50.73,0.39,3,yes,,grid_stl_r18_9016e6_5pct,30.56,2.52,0.43,4.35,0.31,-1.83
grid_stl_r18_axmagnitudeL3_l10to00_3ebf19_7pct,stl10,resnet18,sgd,200,linear,none,,,energy-magnitude,layer3,1.0,0.0,7,350,3,39.24,0.31,54.66,0.37,3,yes,,grid_stl_r18_9016e6_7pct,34.20,5.05,0.51,5.12,0.58,-0.07
grid_stl_r18_stmomentscatk11_kw03e54b_1c75c5_10pct,stl10,resnet18,sgd,200,linear,moments-cat,,,,,,,10,500,3,48.25,0.66,57.45,0.88,3,yes,,stl_none_10pct,41.58,6.67,0.85,4.25,0.62,2.42
grid_stl_r18_stmomentscatk11_kw03e54b_1c75c5_15pct,stl10,resnet18,sgd,200,linear,moments-cat,,,,,,,15,750,3,52.71,0.20,61.45,0.45,3,yes,,grid_stl_r18_9016e6_15pct,48.75,3.96,0.53,4.44,0.51,-0.48
grid_stl_r18_stmomentscatk11_kw03e54b_1c75c5_20pct,stl10,resnet18,sgd,200,linear,moments-cat,,,,,,,20,1000,3,56.22,0.44,63.27,0.01,3,yes,,stl_none_20pct,54.16,2.06,0.44,3.20,0.22,-1.14
grid_stl_r18_stmomentscatk11_kw03e54b_1c75c5_25pct,stl10,resnet18,sgd,200,linear,moments-cat,,,,,,,25,1250,3,61.26,0.24,66.04,0.99,3,yes,,grid_stl_r18_9016e6_25pct,58.33,2.94,0.17,3.50,0.67,-0.56
grid_stl_r18_stmomentscatk11_kw03e54b_1c75c5_3pct,stl10,resnet18,sgd,200,linear,moments-cat,,,,,,,3,150,3,31.08,0.29,49.64,0.54,3,yes,,grid_stl_r18_9016e6_3pct,27.01,4.07,0.61,3.49,0.48,0.58
grid_stl_r18_stmomentscatk11_kw03e54b_1c75c5_50pct,stl10,resnet18,sgd,200,linear,moments-cat,,,,,,,50,2500,3,72.53,0.21,72.41,0.39,3,yes,,stl_none_50pct,73.22,-0.68,0.32,-1.23,0.29,0.55
grid_stl_r18_stmomentscatk11_kw03e54b_1c75c5_5pct,stl10,resnet18,sgd,200,linear,moments-cat,,,,,,,5,250,3,35.91,0.29,49.94,0.44,3,yes,,grid_stl_r18_9016e6_5pct,30.56,5.35,0.35,3.56,0.34,1.79
grid_stl_r18_stmomentscatk11_kw03e54b_1c75c5_7pct,stl10,resnet18,sgd,200,linear,moments-cat,,,,,,,7,350,3,40.66,0.12,54.20,0.61,3,yes,,grid_stl_r18_9016e6_7pct,34.20,6.47,0.48,4.65,0.64,1.81
grid_tin20_r18_axmagnitudeL3_l10to00_d9869d_100pct,tin20,resnet18,sgd,200,linear,none,,,energy-magnitude,layer3,1.0,0.0,100,10000,3,80.43,0.49,80.70,0.82,3,yes,,grid_tin20_r18_b1eb52_100pct,79.23,1.20,0.65,1.27,0.68,-0.07
grid_tin20_r18_axmagnitudeL3_l10to00_d9869d_15pct,tin20,resnet18,sgd,200,linear,none,,,energy-magnitude,layer3,1.0,0.0,15,1500,3,54.37,0.12,59.00,0.80,3,yes,,grid_tin20_r18_b1eb52_15pct,48.70,5.67,0.12,4.23,0.66,1.43
grid_tin20_r18_axmagnitudeL3_l10to00_d9869d_20pct,tin20,resnet18,sgd,200,linear,none,,,energy-magnitude,layer3,1.0,0.0,20,2000,3,58.83,1.67,62.20,2.10,3,yes,,grid_tin20_r18_b1eb52_20pct,55.63,3.20,1.40,4.20,1.25,-1.00
grid_tin20_r18_axmagnitudeL3_l10to00_d9869d_25pct,tin20,resnet18,sgd,200,linear,none,,,energy-magnitude,layer3,1.0,0.0,25,2500,3,61.13,0.49,64.67,0.55,3,yes,,grid_tin20_r18_b1eb52_25pct,57.93,3.20,0.63,3.27,0.41,-0.07
grid_tin20_r18_axmagnitudeL3_l10to00_d9869d_2pct,tin20,resnet18,sgd,200,linear,none,,,energy-magnitude,layer3,1.0,0.0,2,200,3,21.10,0.78,40.77,1.31,3,yes,,grid_tin20_r18_b1eb52_2pct,18.13,2.97,0.61,3.53,1.04,-0.57
grid_tin20_r18_axmagnitudeL3_l10to00_d9869d_3pct,tin20,resnet18,sgd,200,linear,none,,,energy-magnitude,layer3,1.0,0.0,3,300,3,27.77,1.24,43.70,1.57,3,yes,,grid_tin20_r18_b1eb52_3pct,23.07,4.70,0.78,3.57,1.01,1.13
grid_tin20_r18_axmagnitudeL3_l10to00_d9869d_50pct,tin20,resnet18,sgd,200,linear,none,,,energy-magnitude,layer3,1.0,0.0,50,5000,3,71.80,0.10,71.63,1.21,3,yes,,grid_tin20_r18_b1eb52_50pct,69.50,2.30,0.33,3.77,1.09,-1.47
grid_tin20_r18_axmagnitudeL3_l10to00_d9869d_5pct,tin20,resnet18,sgd,200,linear,none,,,energy-magnitude,layer3,1.0,0.0,5,500,3,34.33,0.06,47.20,0.52,3,yes,,grid_tin20_r18_b1eb52_5pct,29.97,4.37,0.29,3.27,0.76,1.10
grid_tin20_r18_axmagnitudeL3_l10to00_d9869d_7pct,tin20,resnet18,sgd,200,linear,none,,,energy-magnitude,layer3,1.0,0.0,7,700,3,39.33,0.38,49.90,0.70,3,yes,,grid_tin20_r18_b1eb52_7pct,33.27,6.07,0.53,4.20,0.48,1.87
grid_tin20_r18_b1eb52_100pct,tin20,resnet18,sgd,200,linear,none,,,,,,,100,10000,3,79.23,1.01,79.43,0.85,3,yes,,,,,,,,
grid_tin20_r18_b1eb52_15pct,tin20,resnet18,sgd,200,linear,none,,,,,,,15,1500,3,48.70,0.17,54.77,0.81,3,yes,,,,,,,,
grid_tin20_r18_b1eb52_20pct,tin20,resnet18,sgd,200,linear,none,,,,,,,20,2000,3,55.63,1.76,58.00,0.50,3,yes,,,,,,,,
grid_tin20_r18_b1eb52_25pct,tin20,resnet18,sgd,200,linear,none,,,,,,,25,2500,3,57.93,0.98,61.40,0.46,3,yes,,,,,,,,
grid_tin20_r18_b1eb52_2pct,tin20,resnet18,sgd,200,linear,none,,,,,,,2,200,3,18.13,0.72,37.23,1.23,3,yes,,,,,,,,
grid_tin20_r18_b1eb52_3pct,tin20,resnet18,sgd,200,linear,none,,,,,,,3,300,3,23.07,0.55,40.13,0.75,3,yes,,,,,,,,
grid_tin20_r18_b1eb52_50pct,tin20,resnet18,sgd,200,linear,none,,,,,,,50,5000,3,69.50,0.56,67.87,1.45,3,yes,,,,,,,,
grid_tin20_r18_b1eb52_5pct,tin20,resnet18,sgd,200,linear,none,,,,,,,5,500,3,29.97,0.49,43.93,1.21,3,yes,,,,,,,,
grid_tin20_r18_b1eb52_7pct,tin20,resnet18,sgd,200,linear,none,,,,,,,7,700,3,33.27,0.83,45.70,0.46,3,yes,,,,,,,,
grid_tin20b_r18_axmagnitudeL3_l10to00_c453d1_100pct,tin20b,resnet18,sgd,200,linear,none,,,energy-magnitude,layer3,1.0,0.0,100,10000,3,81.33,0.23,81.13,0.21,3,yes,,grid_tin20b_r18_d1a87d_100pct,81.83,-0.50,0.52,-0.60,0.39,0.10
grid_tin20b_r18_axmagnitudeL3_l10to00_c453d1_15pct,tin20b,resnet18,sgd,200,linear,none,,,energy-magnitude,layer3,1.0,0.0,15,1500,3,54.93,0.85,60.30,0.36,3,yes,,grid_tin20b_r18_d1a87d_15pct,51.30,3.63,0.55,3.23,0.87,0.40
grid_tin20b_r18_axmagnitudeL3_l10to00_c453d1_20pct,tin20b,resnet18,sgd,200,linear,none,,,energy-magnitude,layer3,1.0,0.0,20,2000,3,60.83,0.50,65.00,0.62,3,yes,,grid_tin20b_r18_d1a87d_20pct,57.10,3.73,0.36,4.17,0.56,-0.43
grid_tin20b_r18_axmagnitudeL3_l10to00_c453d1_25pct,tin20b,resnet18,sgd,200,linear,none,,,energy-magnitude,layer3,1.0,0.0,25,2500,3,63.10,2.10,65.43,1.29,3,yes,,grid_tin20b_r18_d1a87d_25pct,61.23,1.87,1.35,2.60,0.86,-0.73
grid_tin20b_r18_axmagnitudeL3_l10to00_c453d1_2pct,tin20b,resnet18,sgd,200,linear,none,,,energy-magnitude,layer3,1.0,0.0,2,200,3,24.13,0.51,43.13,1.99,3,yes,,grid_tin20b_r18_d1a87d_2pct,23.10,1.03,0.69,4.37,1.31,-3.33
grid_tin20b_r18_axmagnitudeL3_l10to00_c453d1_3pct,tin20b,resnet18,sgd,200,linear,none,,,energy-magnitude,layer3,1.0,0.0,3,300,3,30.30,0.36,47.47,0.46,3,yes,,grid_tin20b_r18_d1a87d_3pct,27.13,3.17,0.31,4.30,0.97,-1.13
grid_tin20b_r18_axmagnitudeL3_l10to00_c453d1_50pct,tin20b,resnet18,sgd,200,linear,none,,,energy-magnitude,layer3,1.0,0.0,50,5000,3,72.80,0.92,72.53,0.93,3,yes,,grid_tin20b_r18_d1a87d_50pct,73.70,-0.90,0.70,-0.17,0.67,-0.73
grid_tin20b_r18_axmagnitudeL3_l10to00_c453d1_5pct,tin20b,resnet18,sgd,200,linear,none,,,energy-magnitude,layer3,1.0,0.0,5,500,3,35.00,1.25,50.30,0.66,3,yes,,grid_tin20b_r18_d1a87d_5pct,31.60,3.40,0.80,3.90,1.12,-0.50
grid_tin20b_r18_axmagnitudeL3_l10to00_c453d1_7pct,tin20b,resnet18,sgd,200,linear,none,,,energy-magnitude,layer3,1.0,0.0,7,700,3,42.27,0.38,53.53,1.05,3,yes,,grid_tin20b_r18_d1a87d_7pct,36.43,5.83,0.24,4.13,1.14,1.70
grid_tin20b_r18_d1a87d_100pct,tin20b,resnet18,sgd,200,linear,none,,,,,,,100,10000,3,81.83,0.87,81.73,0.65,3,yes,,,,,,,,
grid_tin20b_r18_d1a87d_15pct,tin20b,resnet18,sgd,200,linear,none,,,,,,,15,1500,3,51.30,0.44,57.07,1.46,3,yes,,,,,,,,
grid_tin20b_r18_d1a87d_20pct,tin20b,resnet18,sgd,200,linear,none,,,,,,,20,2000,3,57.10,0.36,60.83,0.75,3,yes,,,,,,,,
grid_tin20b_r18_d1a87d_25pct,tin20b,resnet18,sgd,200,linear,none,,,,,,,25,2500,3,61.23,1.04,62.83,0.75,3,yes,,,,,,,,
grid_tin20b_r18_d1a87d_2pct,tin20b,resnet18,sgd,200,linear,none,,,,,,,2,200,3,23.10,1.08,38.77,1.11,3,yes,,,,,,,,
grid_tin20b_r18_d1a87d_3pct,tin20b,resnet18,sgd,200,linear,none,,,,,,,3,300,3,27.13,0.40,43.17,1.61,3,yes,,,,,,,,
grid_tin20b_r18_d1a87d_50pct,tin20b,resnet18,sgd,200,linear,none,,,,,,,50,5000,3,73.70,0.80,72.70,0.69,3,yes,,,,,,,,
grid_tin20b_r18_d1a87d_5pct,tin20b,resnet18,sgd,200,linear,none,,,,,,,5,500,3,31.60,0.61,46.40,1.82,3,yes,,,,,,,,
grid_tin20b_r18_d1a87d_7pct,tin20b,resnet18,sgd,200,linear,none,,,,,,,7,700,3,36.43,0.15,49.40,1.66,3,yes,,,,,,,,
grid_tin_r18_791598_20pct,tin,resnet18,sgd,200,linear,none,,,,,,,20,20000,3,44.94,0.21,47.07,0.51,3,yes,,,,,,,,
grid_tin_r18_791598_50pct,tin,resnet18,sgd,200,linear,none,,,,,,,50,50000,3,58.70,0.14,58.20,0.30,3,yes,,,,,,,,
grid_tin_r18_axmagnitude3L3_l10to00_01dc66_100pct,tin,resnet18,sgd,200,linear,none,,,energy-magnitude3,layer3,1.0,0.0,100,100000,3,65.66,0.20,65.37,0.16,3,yes,,tin_none_100pct,66.17,-0.51,0.19,-0.49,0.23,-0.02
grid_tin_r18_axmagnitude3L3_l10to00_01dc66_15pct,tin,resnet18,sgd,200,linear,none,,,energy-magnitude3,layer3,1.0,0.0,15,15000,3,42.01,0.06,45.26,0.38,3,yes,,tin_none_15pct,40.55,1.46,0.04,1.33,0.29,0.13
grid_tin_r18_axmagnitude3L3_l10to00_01dc66_20pct,tin,resnet18,sgd,200,linear,none,,,energy-magnitude3,layer3,1.0,0.0,20,20000,3,45.75,0.26,48.25,0.47,3,yes,,grid_tin_r18_791598_20pct,44.94,0.81,0.19,1.18,0.40,-0.37
grid_tin_r18_axmagnitude3L3_l10to00_01dc66_25pct,tin,resnet18,sgd,200,linear,none,,,energy-magnitude3,layer3,1.0,0.0,25,25000,3,49.14,0.36,50.55,0.45,3,yes,,tin_none_25pct,49.19,-0.05,0.24,-0.21,0.26,0.16
grid_tin_r18_axmagnitude3L3_l10to00_01dc66_2pct,tin,resnet18,sgd,200,linear,none,,,energy-magnitude3,layer3,1.0,0.0,2,2000,3,11.65,0.44,27.23,0.68,3,yes,,tin_none_2pct,9.56,2.09,0.26,4.05,0.45,-1.96
grid_tin_r18_axmagnitude3L3_l10to00_01dc66_3pct,tin,resnet18,sgd,200,linear,none,,,energy-magnitude3,layer3,1.0,0.0,3,3000,3,15.96,0.19,30.30,0.48,3,yes,,tin_none_3pct,13.64,2.32,0.24,3.48,0.34,-1.16
grid_tin_r18_axmagnitude3L3_l10to00_01dc66_50pct,tin,resnet18,sgd,200,linear,none,,,energy-magnitude3,layer3,1.0,0.0,50,50000,3,58.35,0.17,57.96,0.30,3,yes,,grid_tin_r18_791598_50pct,58.70,-0.35,0.13,-0.24,0.24,-0.11
grid_tin_r18_axmagnitude3L3_l10to00_01dc66_7pct,tin,resnet18,sgd,200,linear,none,,,energy-magnitude3,layer3,1.0,0.0,7,7000,3,29.32,0.03,38.14,0.24,3,yes,,tin_none_7pct,26.74,2.58,0.10,2.61,0.18,-0.03
grid_tin_r18_axmagnitude6oL3_l10to00_98321b_100pct,tin,resnet18,sgd,200,linear,none,,,energy-magnitude6o,layer3,1.0,0.0,100,100000,3,65.64,0.47,65.38,0.40,3,yes,,tin_none_100pct,66.17,-0.52,0.31,-0.47,0.32,-0.05
grid_tin_r18_axmagnitude6oL3_l10to00_98321b_10pct,tin,resnet18,sgd,200,linear,none,,,energy-magnitude6o,layer3,1.0,0.0,10,10000,3,35.71,0.45,41.95,0.08,3,yes,,tin_none_10pct,33.60,2.12,0.30,2.11,0.22,0.00
grid_tin_r18_axmagnitude6oL3_l10to00_98321b_15pct,tin,resnet18,sgd,200,linear,none,,,energy-magnitude6o,layer3,1.0,0.0,15,15000,3,42.39,0.11,45.77,0.12,3,yes,,tin_none_15pct,40.55,1.84,0.07,1.83,0.21,0.01
grid_tin_r18_axmagnitude6oL3_l10to00_98321b_1pct,tin,resnet18,sgd,200,linear,none,,,energy-magnitude6o,layer3,1.0,0.0,1,1000,3,6.64,0.12,23.31,0.36,3,yes,,tin_none_1pct,5.30,1.34,0.10,4.22,0.24,-2.88
grid_tin_r18_axmagnitude6oL3_l10to00_98321b_20pct,tin,resnet18,sgd,200,linear,none,,,energy-magnitude6o,layer3,1.0,0.0,20,20000,3,46.02,0.28,48.60,0.21,3,yes,,grid_tin_r18_791598_20pct,44.94,1.08,0.20,1.53,0.32,-0.45
grid_tin_r18_axmagnitude6oL3_l10to00_98321b_25pct,tin,resnet18,sgd,200,linear,none,,,energy-magnitude6o,layer3,1.0,0.0,25,25000,3,49.35,0.17,50.96,0.61,3,yes,,tin_none_25pct,49.19,0.16,0.15,0.19,0.36,-0.04
grid_tin_r18_axmagnitude6oL3_l10to00_98321b_2pct,tin,resnet18,sgd,200,linear,none,,,energy-magnitude6o,layer3,1.0,0.0,2,2000,3,11.41,0.23,26.78,0.36,3,yes,,tin_none_2pct,9.56,1.85,0.15,3.60,0.30,-1.75
grid_tin_r18_axmagnitude6oL3_l10to00_98321b_3pct,tin,resnet18,sgd,200,linear,none,,,energy-magnitude6o,layer3,1.0,0.0,3,3000,3,16.18,0.28,30.02,0.24,3,yes,,tin_none_3pct,13.64,2.54,0.27,3.20,0.24,-0.66
grid_tin_r18_axmagnitude6oL3_l10to00_98321b_50pct,tin,resnet18,sgd,200,linear,none,,,energy-magnitude6o,layer3,1.0,0.0,50,50000,3,58.67,0.18,58.37,0.54,3,yes,,grid_tin_r18_791598_50pct,58.70,-0.03,0.13,0.17,0.36,-0.20
grid_tin_r18_axmagnitude6oL3_l10to00_98321b_7pct,tin,resnet18,sgd,200,linear,none,,,energy-magnitude6o,layer3,1.0,0.0,7,7000,3,29.27,0.19,38.05,0.66,3,yes,,tin_none_7pct,26.74,2.53,0.15,2.52,0.40,0.00
grid_tin_r18_axmagnitudeL3_l10to00_391ace_20pct,tin,resnet18,sgd,200,linear,none,,,energy-magnitude,layer3,1.0,0.0,20,20000,3,45.63,0.32,47.96,0.23,3,yes,,grid_tin_r18_791598_20pct,44.94,0.69,0.22,0.89,0.33,-0.20
grid_tin_r18_axmagnitudeL3_l10to00_391ace_50pct,tin,resnet18,sgd,200,linear,none,,,energy-magnitude,layer3,1.0,0.0,50,50000,3,57.95,0.02,57.85,0.12,3,yes,,grid_tin_r18_791598_50pct,58.70,-0.74,0.08,-0.35,0.19,-0.39
grid_tin_r18_axmagnitudeL3_l20to00_2838b9_100pct,tin,resnet18,sgd,200,linear,none,,,energy-magnitude,layer3,2.0,0.0,100,100000,3,65.89,0.13,65.72,0.06,3,yes,,tin_none_100pct,66.17,-0.28,0.16,-0.13,0.22,-0.14
grid_tin_r18_axmagnitudeL3_l20to00_2838b9_10pct,tin,resnet18,sgd,200,linear,none,,,energy-magnitude,layer3,2.0,0.0,10,10000,3,35.43,0.34,41.91,0.34,3,yes,,tin_none_10pct,33.60,1.83,0.25,2.07,0.29,-0.23
grid_tin_r18_axmagnitudeL3_l20to00_2838b9_15pct,tin,resnet18,sgd,200,linear,none,,,energy-magnitude,layer3,2.0,0.0,15,15000,3,41.72,0.30,45.27,0.27,3,yes,,tin_none_15pct,40.55,1.17,0.17,1.34,0.25,-0.17
grid_tin_r18_axmagnitudeL3_l20to00_2838b9_1pct,tin,resnet18,sgd,200,linear,none,,,energy-magnitude,layer3,2.0,0.0,1,1000,3,6.99,0.40,23.71,0.18,3,yes,,tin_none_1pct,5.30,1.68,0.24,4.61,0.16,-2.93
grid_tin_r18_axmagnitudeL3_l20to00_2838b9_20pct,tin,resnet18,sgd,200,linear,none,,,energy-magnitude,layer3,2.0,0.0,20,20000,3,45.67,0.12,47.94,0.22,3,yes,,grid_tin_r18_791598_20pct,44.94,0.73,0.14,0.87,0.32,-0.14
grid_tin_r18_axmagnitudeL3_l20to00_2838b9_25pct,tin,resnet18,sgd,200,linear,none,,,energy-magnitude,layer3,2.0,0.0,25,25000,3,48.90,0.36,50.38,0.31,3,yes,,tin_none_25pct,49.19,-0.29,0.24,-0.38,0.19,0.09
grid_tin_r18_axmagnitudeL3_l20to00_2838b9_2pct,tin,resnet18,sgd,200,linear,none,,,energy-magnitude,layer3,2.0,0.0,2,2000,3,11.72,0.11,27.24,0.33,3,yes,,tin_none_2pct,9.56,2.16,0.09,4.06,0.29,-1.90
grid_tin_r18_axmagnitudeL3_l20to00_2838b9_3pct,tin,resnet18,sgd,200,linear,none,,,energy-magnitude,layer3,2.0,0.0,3,3000,3,16.37,0.16,29.89,0.47,3,yes,,tin_none_3pct,13.64,2.73,0.23,3.07,0.33,-0.35
grid_tin_r18_axmagnitudeL3_l20to00_2838b9_50pct,tin,resnet18,sgd,200,linear,none,,,energy-magnitude,layer3,2.0,0.0,50,50000,3,58.16,0.17,57.85,0.01,3,yes,,grid_tin_r18_791598_50pct,58.70,-0.54,0.13,-0.34,0.17,-0.19
grid_tin_r18_axmagnitudeL3_l20to00_2838b9_7pct,tin,resnet18,sgd,200,linear,none,,,energy-magnitude,layer3,2.0,0.0,7,7000,3,28.55,0.08,37.78,0.13,3,yes,,tin_none_7pct,26.74,1.81,0.11,2.25,0.13,-0.44
grid_tsem_r18_axmagnitudeL3_l10to00_fdee42_100pct,tinsem,resnet18,sgd,200,linear,none,,,energy-magnitude,layer3,1.0,0.0,100,100000,3,68.84,0.29,68.71,0.28,3,yes,,grid_tsem_r18_ca4631_100pct,69.14,-0.29,0.30,-0.17,,-0.12
grid_tsem_r18_axmagnitudeL3_l10to00_fdee42_10pct,tinsem,resnet18,sgd,200,linear,none,,,energy-magnitude,layer3,1.0,0.0,10,10000,3,41.62,0.45,43.87,0.56,3,yes,,grid_tsem_r18_ca4631_10pct,40.48,1.15,0.32,0.87,0.36,0.28
grid_tsem_r18_axmagnitudeL3_l10to00_fdee42_15pct,tinsem,resnet18,sgd,200,linear,none,,,energy-magnitude,layer3,1.0,0.0,15,15000,3,47.15,0.44,48.50,0.39,3,yes,,grid_tsem_r18_ca4631_15pct,46.59,0.56,0.26,0.32,0.35,0.24
grid_tsem_r18_axmagnitudeL3_l10to00_fdee42_20pct,tinsem,resnet18,sgd,200,linear,none,,,energy-magnitude,layer3,1.0,0.0,20,20000,3,50.47,0.31,51.77,0.78,3,yes,,grid_tsem_r18_ca4631_20pct,50.58,-0.11,0.21,-0.03,0.54,-0.08
grid_tsem_r18_axmagnitudeL3_l10to00_fdee42_25pct,tinsem,resnet18,sgd,200,linear,none,,,energy-magnitude,layer3,1.0,0.0,25,25000,3,53.12,0.51,53.92,0.72,3,yes,,grid_tsem_r18_ca4631_25pct,53.42,-0.30,0.33,-0.74,0.46,0.44
grid_tsem_r18_axmagnitudeL3_l10to00_fdee42_2pct,tinsem,resnet18,sgd,200,linear,none,,,energy-magnitude,layer3,1.0,0.0,2,2000,3,22.98,0.47,31.56,0.56,3,yes,,grid_tsem_r18_ca4631_2pct,20.97,2.01,0.31,1.86,0.41,0.15
grid_tsem_r18_axmagnitudeL3_l10to00_fdee42_3pct,tinsem,resnet18,sgd,200,linear,none,,,energy-magnitude,layer3,1.0,0.0,3,3000,3,27.45,0.11,34.14,0.44,3,yes,,grid_tsem_r18_ca4631_3pct,25.35,2.10,0.16,1.93,0.26,0.17
grid_tsem_r18_axmagnitudeL3_l10to00_fdee42_50pct,tinsem,resnet18,sgd,200,linear,none,,,energy-magnitude,layer3,1.0,0.0,50,50000,3,61.68,0.12,61.76,0.07,3,yes,,grid_tsem_r18_ca4631_50pct,62.24,-0.56,0.17,-0.65,0.27,0.09
grid_tsem_r18_axmagnitudeL3_l10to00_fdee42_5pct,tinsem,resnet18,sgd,200,linear,none,,,energy-magnitude,layer3,1.0,0.0,5,5000,3,32.82,0.28,37.23,0.33,3,yes,,grid_tsem_r18_ca4631_5pct,32.01,0.82,0.27,0.55,0.19,0.26
grid_tsem_r18_axmagnitudeL3_l10to00_fdee42_7pct,tinsem,resnet18,sgd,200,linear,none,,,energy-magnitude,layer3,1.0,0.0,7,7000,3,36.74,0.23,40.09,0.39,3,yes,,grid_tsem_r18_ca4631_7pct,35.51,1.24,0.28,0.80,0.29,0.44
grid_tsem_r18_ca4631_100pct,tinsem,resnet18,sgd,200,linear,none,,,,,,,100,100000,3,69.14,0.44,68.88,,1,yes,,,,,,,,
grid_tsem_r18_ca4631_10pct,tinsem,resnet18,sgd,200,linear,none,,,,,,,10,10000,3,40.48,0.32,43.00,0.28,3,yes,,,,,,,,
grid_tsem_r18_ca4631_15pct,tinsem,resnet18,sgd,200,linear,none,,,,,,,15,15000,3,46.59,0.10,48.19,0.47,3,yes,,,,,,,,
grid_tsem_r18_ca4631_20pct,tinsem,resnet18,sgd,200,linear,none,,,,,,,20,20000,3,50.58,0.20,51.81,0.51,3,yes,,,,,,,,
grid_tsem_r18_ca4631_25pct,tinsem,resnet18,sgd,200,linear,none,,,,,,,25,25000,3,53.42,0.27,54.66,0.33,3,yes,,,,,,,,
grid_tsem_r18_ca4631_2pct,tinsem,resnet18,sgd,200,linear,none,,,,,,,2,2000,3,20.97,0.26,29.70,0.42,3,yes,,,,,,,,
grid_tsem_r18_ca4631_3pct,tinsem,resnet18,sgd,200,linear,none,,,,,,,3,3000,3,25.35,0.25,32.21,0.11,3,yes,,,,,,,,
grid_tsem_r18_ca4631_50pct,tinsem,resnet18,sgd,200,linear,none,,,,,,,50,50000,3,62.24,0.26,62.41,0.46,3,yes,,,,,,,,
grid_tsem_r18_ca4631_5pct,tinsem,resnet18,sgd,200,linear,none,,,,,,,5,5000,3,32.01,0.37,36.67,0.01,3,yes,,,,,,,,
grid_tsem_r18_ca4631_7pct,tinsem,resnet18,sgd,200,linear,none,,,,,,,7,7000,3,35.51,0.43,39.30,0.31,3,yes,,,,,,,,
grid_tsuper_r18_88cc54_100pct,tinsuper,resnet18,sgd,200,linear,none,,,,,,,100,100000,3,65.73,0.22,65.56,0.45,2,yes,,,,,,,,
grid_tsuper_r18_88cc54_10pct,tinsuper,resnet18,sgd,200,linear,none,,,,,,,10,10000,3,35.01,0.79,37.27,0.48,3,yes,,,,,,,,
grid_tsuper_r18_88cc54_15pct,tinsuper,resnet18,sgd,200,linear,none,,,,,,,15,15000,3,40.93,0.35,42.44,0.21,3,yes,,,,,,,,
grid_tsuper_r18_88cc54_20pct,tinsuper,resnet18,sgd,200,linear,none,,,,,,,20,20000,3,44.33,0.13,45.49,0.55,3,yes,,,,,,,,
grid_tsuper_r18_88cc54_25pct,tinsuper,resnet18,sgd,200,linear,none,,,,,,,25,25000,3,47.78,0.07,48.84,0.21,3,yes,,,,,,,,
grid_tsuper_r18_88cc54_2pct,tinsuper,resnet18,sgd,200,linear,none,,,,,,,2,2000,3,17.11,0.14,24.44,0.47,3,yes,,,,,,,,
grid_tsuper_r18_88cc54_3pct,tinsuper,resnet18,sgd,200,linear,none,,,,,,,3,3000,3,20.44,0.26,26.86,0.32,3,yes,,,,,,,,
grid_tsuper_r18_88cc54_50pct,tinsuper,resnet18,sgd,200,linear,none,,,,,,,50,50000,3,57.69,0.71,57.86,0.56,3,yes,,,,,,,,
grid_tsuper_r18_88cc54_5pct,tinsuper,resnet18,sgd,200,linear,none,,,,,,,5,5000,3,25.67,0.35,30.29,0.19,3,yes,,,,,,,,
grid_tsuper_r18_88cc54_7pct,tinsuper,resnet18,sgd,200,linear,none,,,,,,,7,7000,3,30.66,0.74,33.56,0.25,3,yes,,,,,,,,
grid_tsuper_r18_axmagnitudeL3_l10to00_9fd066_100pct,tinsuper,resnet18,sgd,200,linear,none,,,energy-magnitude,layer3,1.0,0.0,100,100000,3,65.01,0.05,64.72,,1,yes,,grid_tsuper_r18_88cc54_100pct,65.73,-0.72,0.13,-0.85,,0.12
grid_tsuper_r18_axmagnitudeL3_l10to00_9fd066_10pct,tinsuper,resnet18,sgd,200,linear,none,,,energy-magnitude,layer3,1.0,0.0,10,10000,3,35.69,0.35,38.16,0.39,3,yes,,grid_tsuper_r18_88cc54_10pct,35.01,0.68,0.50,0.89,0.36,-0.21
grid_tsuper_r18_axmagnitudeL3_l10to00_9fd066_15pct,tinsuper,resnet18,sgd,200,linear,none,,,energy-magnitude,layer3,1.0,0.0,15,15000,3,41.50,0.30,42.92,0.33,3,yes,,grid_tsuper_r18_88cc54_15pct,40.93,0.57,0.26,0.47,0.22,0.10
grid_tsuper_r18_axmagnitudeL3_l10to00_9fd066_20pct,tinsuper,resnet18,sgd,200,linear,none,,,energy-magnitude,layer3,1.0,0.0,20,20000,3,44.67,0.49,45.92,0.69,3,yes,,grid_tsuper_r18_88cc54_20pct,44.33,0.34,0.29,0.43,0.51,-0.09
grid_tsuper_r18_axmagnitudeL3_l10to00_9fd066_25pct,tinsuper,resnet18,sgd,200,linear,none,,,energy-magnitude,layer3,1.0,0.0,25,25000,3,47.78,0.28,48.44,0.25,3,yes,,grid_tsuper_r18_88cc54_25pct,47.78,-0.01,0.16,-0.40,0.19,0.39
grid_tsuper_r18_axmagnitudeL3_l10to00_9fd066_2pct,tinsuper,resnet18,sgd,200,linear,none,,,energy-magnitude,layer3,1.0,0.0,2,2000,3,18.92,0.41,26.89,0.22,3,yes,,grid_tsuper_r18_88cc54_2pct,17.11,1.80,0.25,2.45,0.30,-0.65
grid_tsuper_r18_axmagnitudeL3_l10to00_9fd066_3pct,tinsuper,resnet18,sgd,200,linear,none,,,energy-magnitude,layer3,1.0,0.0,3,3000,3,21.87,0.31,28.46,0.03,3,yes,,grid_tsuper_r18_88cc54_3pct,20.44,1.43,0.23,1.60,0.19,-0.17
grid_tsuper_r18_axmagnitudeL3_l10to00_9fd066_50pct,tinsuper,resnet18,sgd,200,linear,none,,,energy-magnitude,layer3,1.0,0.0,50,50000,3,57.05,0.37,57.11,0.39,3,yes,,grid_tsuper_r18_88cc54_50pct,57.69,-0.65,0.46,-0.75,0.40,0.11
grid_tsuper_r18_axmagnitudeL3_l10to00_9fd066_5pct,tinsuper,resnet18,sgd,200,linear,none,,,energy-magnitude,layer3,1.0,0.0,5,5000,3,27.04,0.25,31.82,0.12,3,yes,,grid_tsuper_r18_88cc54_5pct,25.67,1.37,0.25,1.53,0.13,-0.16
grid_tsuper_r18_axmagnitudeL3_l10to00_9fd066_7pct,tinsuper,resnet18,sgd,200,linear,none,,,energy-magnitude,layer3,1.0,0.0,7,7000,3,31.27,0.22,34.54,0.12,3,yes,,grid_tsuper_r18_88cc54_7pct,30.66,0.61,0.45,0.98,0.16,-0.37
k5_100pct_gaboronly,cifar100,resnet18,sgd,200,linear,moments-cat,,,,,,,100,50000,3,78.59,0.13,78.51,0.22,3,yes,,ablf_none,78.52,0.08,0.12,,,
k5_10pct_gaboronly,cifar100,resnet18,sgd,200,linear,moments-cat,,,,,,,10,5000,3,40.09,0.20,,,,yes,,abl10_none,40.28,-0.19,0.22,,,
k5_15pct_gaboronly,cifar100,resnet18,sgd,200,linear,moments-cat,,,,,,,15,7500,3,49.22,0.88,,,,yes,,abl15_none,50.09,-0.87,0.57,,,
k5_1pct_gaboronly,cifar100,resnet18,sgd,200,linear,moments-cat,,,,,,,1,500,3,9.74,0.05,,,,yes,,abl1_none,8.95,0.78,0.04,,,
k5_25pct_gaboronly,cifar100,resnet18,sgd,200,linear,moments-cat,,,,,,,25,12500,3,60.49,0.42,,,,yes,,abl25_none,61.35,-0.86,0.36,,,
k5_2pct_gaboronly,cifar100,resnet18,sgd,200,linear,moments-cat,,,,,,,2,1000,3,15.16,0.49,,,,yes,,abl2_none,14.17,0.98,0.29,,,
k5_3pct_gaboronly,cifar100,resnet18,sgd,200,linear,moments-cat,,,,,,,3,1500,3,19.93,0.45,,,,yes,,abl3_none,18.47,1.46,0.26,,,
k5_5pct_gaboronly,cifar100,resnet18,sgd,200,linear,moments-cat,,,,,,,5,2500,3,27.58,0.01,,,,yes,,abl5_none,25.36,2.21,0.18,,,
k5_7pct_gaboronly,cifar100,resnet18,sgd,200,linear,moments-cat,,,,,,,7,3500,3,33.53,0.19,,,,yes,,abl7_none,32.09,1.44,0.41,,,
k7_10pct_gaboronly,cifar100,resnet18,sgd,200,linear,moments-cat,,,,,,,10,5000,3,39.31,0.35,,,,yes,,abl10_none,40.28,-0.97,0.27,,,
k7_5pct_gaboronly,cifar100,resnet18,sgd,200,linear,moments-cat,,,,,,,5,2500,3,27.53,0.16,,,,yes,,abl5_none,25.36,2.17,0.20,,,
luma10_gabor,cifar100,resnet18,sgd,200,linear,moments-cat,,,,,,,10,5000,3,38.49,0.22,,,,yes,,abl10_none,40.28,-1.79,0.22,,,
luma5_gabor,cifar100,resnet18,sgd,200,linear,moments-cat,,,,,,,5,2500,3,27.62,0.34,,,,yes,,abl5_none,25.36,2.25,0.26,,,
pool100_learned,cifar100,resnet18,sgd,200,linear,none,,,,,,,100,50000,3,1.00,0.00,,,,yes,,ablf_none,78.52,-77.52,0.09,,,
pool100_random,cifar100,resnet18,sgd,200,linear,none,,,,,,,100,50000,3,77.12,0.47,,,,yes,,ablf_none,78.52,-1.39,0.29,,,
pool100_zernike,cifar100,resnet18,sgd,200,linear,none,,,,,,,100,50000,3,76.41,0.48,,,,yes,,ablf_none,78.52,-2.10,0.29,,,
pool10_learned,cifar100,resnet18,sgd,200,linear,none,,,,,,,10,5000,3,1.11,0.11,,,,yes,,abl10_none,40.28,-39.17,0.19,,,
pool10_random,cifar100,resnet18,sgd,200,linear,none,,,,,,,10,5000,3,32.45,0.52,,,,yes,,abl10_none,40.28,-7.83,0.35,,,
pool10_zernike,cifar100,resnet18,sgd,200,linear,none,,,,,,,10,5000,3,31.35,0.29,,,,yes,,abl10_none,40.28,-8.93,0.24,,,
pool1_learned,cifar100,resnet18,sgd,200,linear,none,,,,,,,1,500,3,1.00,0.03,,,,yes,,abl1_none,8.95,-7.95,0.04,,,
pool1_random,cifar100,resnet18,sgd,200,linear,none,,,,,,,1,500,3,9.63,0.33,,,,yes,,abl1_none,8.95,0.67,0.19,,,
pool1_zernike,cifar100,resnet18,sgd,200,linear,none,,,,,,,1,500,3,9.51,0.15,,,,yes,,abl1_none,8.95,0.55,0.09,,,
pyramid10_gabor,cifar100,resnet18,sgd,200,linear,moments-cat,,,,,,,10,5000,3,39.12,0.69,,,,yes,,abl10_none,40.28,-1.16,0.44,,,
pyramid5_gabor,cifar100,resnet18,sgd,200,linear,moments-cat,,,,,,,5,2500,3,27.40,0.46,,,,yes,,abl5_none,25.36,2.04,0.32,,,
r18_aux_10pct_hn,cifar100,resnet18,sgd,200,linear,none,,,energy-magnitude,layer3,1.0,0.0,10,5000,6,44.45,0.70,,,,yes,,abl10_none,40.28,4.17,0.34,,,
r34_aux_10pct,cifar100,resnet34,sgd,200,linear,none,,,energy-magnitude,layer3,1.0,0.0,10,5000,3,44.06,0.27,51.48,0.41,3,yes,,r34_none_10pct,40.11,3.95,0.20,4.56,0.33,-0.61
r34_none_10pct,cifar100,resnet34,sgd,200,linear,none,,,,,,,10,5000,3,40.11,0.21,46.92,0.40,3,yes,,,,,,,,
r50_aux_10pct,cifar100,resnet50,sgd,200,linear,none,,,energy-magnitude,layer3,1.0,0.0,10,5000,3,39.98,3.18,50.51,3.16,3,yes,,r50_none_10pct,40.65,-0.67,1.86,0.92,1.88,-1.59
r50_aux_10pct_hn,cifar100,resnet50,sgd,200,linear,none,,,energy-magnitude,layer3,1.0,0.0,10,5000,3,44.58,0.32,,,,yes,,r50_none_10pct,40.65,3.93,0.37,,,
r50_aux_10pct_l03,cifar100,resnet50,sgd,200,linear,none,,,energy-magnitude,layer3,0.3,0.0,10,5000,3,43.07,0.35,,,,yes,,r50_none_10pct,40.65,2.42,0.37,,,
r50_aux_10pct_lam3p0,cifar100,resnet50,sgd,200,linear,none,,,energy-magnitude,layer3,3.0,0.0,10,5000,3,1.00,0.00,1.00,0.00,3,yes,,r50_none_10pct,40.65,-39.65,0.32,-48.59,0.44,8.94
r50_aux_5pct,cifar100,resnet50,sgd,200,linear,none,,,energy-magnitude,layer3,1.0,0.0,5,2500,3,26.59,0.62,,,,yes,,r50_none_5pct,24.89,1.69,0.42,,,
r50_none_10pct,cifar100,resnet50,sgd,200,linear,none,,,,,,,10,5000,3,40.65,0.55,49.59,0.77,3,yes,,,,,,,,
r50_none_5pct,cifar100,resnet50,sgd,200,linear,none,,,,,,,5,2500,3,24.89,0.39,37.59,0.26,3,yes,,,,,,,,
sf_eurosatms_all_aux_10pct,eurosatms_all,resnet18,sgd,200,linear,none,,,energy-magnitude,layer3,1.0,0.0,10,,3,97.57,0.06,98.31,0.04,3,yes,,sf_eurosatms_all_none_10pct,96.07,1.50,0.15,0.85,0.07,0.65
sf_eurosatms_all_aux_1pct,eurosatms_all,resnet18,sgd,200,linear,none,,,energy-magnitude,layer3,1.0,0.0,1,,3,77.28,0.59,,,,yes,,sf_eurosatms_all_none_1pct,73.91,3.37,0.36,,,
sf_eurosatms_all_aux_25pct,eurosatms_all,resnet18,sgd,200,linear,none,,,energy-magnitude,layer3,1.0,0.0,25,,3,98.65,0.12,98.91,0.11,3,yes,,sf_eurosatms_all_none_25pct,98.33,0.33,0.09,0.40,0.07,-0.07
sf_eurosatms_all_aux_2pct,eurosatms_all,resnet18,sgd,200,linear,none,,,energy-magnitude,layer3,1.0,0.0,2,,3,86.55,0.66,,,,yes,,sf_eurosatms_all_none_2pct,83.44,3.10,0.42,,,
sf_eurosatms_all_aux_5pct,eurosatms_all,resnet18,sgd,200,linear,none,,,energy-magnitude,layer3,1.0,0.0,5,,3,94.78,0.17,97.45,0.11,3,yes,,sf_eurosatms_all_none_5pct,91.48,3.30,0.17,1.15,0.14,2.15
sf_eurosatms_all_none_10pct,eurosatms_all,resnet18,sgd,200,linear,none,,,,,,,10,,3,96.07,0.26,97.46,0.11,3,yes,,,,,,,,
sf_eurosatms_all_none_1pct,eurosatms_all,resnet18,sgd,200,linear,none,,,,,,,1,,3,73.91,0.17,,,,yes,,,,,,,,
sf_eurosatms_all_none_25pct,eurosatms_all,resnet18,sgd,200,linear,none,,,,,,,25,,3,98.33,0.09,98.51,0.04,3,yes,,,,,,,,
sf_eurosatms_all_none_2pct,eurosatms_all,resnet18,sgd,200,linear,none,,,,,,,2,,3,83.44,0.31,,,,yes,,,,,,,,
sf_eurosatms_all_none_5pct,eurosatms_all,resnet18,sgd,200,linear,none,,,,,,,5,,3,91.48,0.24,96.30,0.23,3,yes,,,,,,,,
sf_eurosatms_nir_aux_10pct,eurosatms_nir,resnet18,sgd,200,linear,none,,,energy-magnitude,layer3,1.0,0.0,10,,3,96.57,0.05,97.69,0.17,3,yes,,sf_eurosatms_nir_none_10pct,94.26,2.31,0.11,1.22,0.10,1.09
sf_eurosatms_nir_aux_1pct,eurosatms_nir,resnet18,sgd,200,linear,none,,,energy-magnitude,layer3,1.0,0.0,1,,3,75.36,0.36,,,,yes,,sf_eurosatms_nir_none_1pct,72.51,2.85,0.36,,,
sf_eurosatms_nir_aux_25pct,eurosatms_nir,resnet18,sgd,200,linear,none,,,energy-magnitude,layer3,1.0,0.0,25,,3,98.19,0.06,98.24,0.07,3,yes,,sf_eurosatms_nir_none_25pct,97.77,0.43,0.08,0.27,0.09,0.16
sf_eurosatms_nir_aux_2pct,eurosatms_nir,resnet18,sgd,200,linear,none,,,energy-magnitude,layer3,1.0,0.0,2,,3,85.09,0.13,,,,yes,,sf_eurosatms_nir_none_2pct,80.48,4.60,0.30,,,
sf_eurosatms_nir_aux_5pct,eurosatms_nir,resnet18,sgd,200,linear,none,,,energy-magnitude,layer3,1.0,0.0,5,,3,92.73,0.11,96.64,0.17,3,yes,,sf_eurosatms_nir_none_5pct,90.14,2.60,0.15,1.41,0.11,1.19
sf_eurosatms_nir_none_10pct,eurosatms_nir,resnet18,sgd,200,linear,none,,,,,,,10,,3,94.26,0.18,96.48,0.06,3,yes,,,,,,,,
sf_eurosatms_nir_none_1pct,eurosatms_nir,resnet18,sgd,200,linear,none,,,,,,,1,,3,72.51,0.51,,,,yes,,,,,,,,
sf_eurosatms_nir_none_25pct,eurosatms_nir,resnet18,sgd,200,linear,none,,,,,,,25,,3,97.77,0.13,97.98,0.14,3,yes,,,,,,,,
sf_eurosatms_nir_none_2pct,eurosatms_nir,resnet18,sgd,200,linear,none,,,,,,,2,,3,80.48,0.50,,,,yes,,,,,,,,
sf_eurosatms_nir_none_5pct,eurosatms_nir,resnet18,sgd,200,linear,none,,,,,,,5,,3,90.14,0.25,95.23,0.07,3,yes,,,,,,,,
sf_eurosatms_rgb_aux_10pct,eurosatms_rgb,resnet18,sgd,200,linear,none,,,energy-magnitude,layer3,1.0,0.0,10,,3,95.56,0.03,97.14,0.07,3,yes,,sf_eurosatms_rgb_none_10pct,94.92,0.64,0.05,0.72,0.10,-0.09
sf_eurosatms_rgb_aux_1pct,eurosatms_rgb,resnet18,sgd,200,linear,none,,,energy-magnitude,layer3,1.0,0.0,1,,3,69.59,0.19,,,,yes,,sf_eurosatms_rgb_none_1pct,65.83,3.76,0.19,,,
sf_eurosatms_rgb_aux_25pct,eurosatms_rgb,resnet18,sgd,200,linear,none,,,energy-magnitude,layer3,1.0,0.0,25,,3,97.85,0.10,98.07,0.06,3,yes,,sf_eurosatms_rgb_none_25pct,97.88,-0.02,0.07,-0.10,0.05,0.08
sf_eurosatms_rgb_aux_2pct,eurosatms_rgb,resnet18,sgd,200,linear,none,,,energy-magnitude,layer3,1.0,0.0,2,,3,81.44,0.14,,,,yes,,sf_eurosatms_rgb_none_2pct,79.41,2.03,0.65,,,
sf_eurosatms_rgb_aux_5pct,eurosatms_rgb,resnet18,sgd,200,linear,none,,,energy-magnitude,layer3,1.0,0.0,5,,3,91.19,0.08,95.56,0.07,3,yes,,sf_eurosatms_rgb_none_5pct,89.56,1.63,0.23,1.09,0.21,0.54
sf_eurosatms_rgb_none_10pct,eurosatms_rgb,resnet18,sgd,200,linear,none,,,,,,,10,,3,94.92,0.08,96.42,0.17,3,yes,,,,,,,,
sf_eurosatms_rgb_none_1pct,eurosatms_rgb,resnet18,sgd,200,linear,none,,,,,,,1,,3,65.83,0.27,,,,yes,,,,,,,,
sf_eurosatms_rgb_none_25pct,eurosatms_rgb,resnet18,sgd,200,linear,none,,,,,,,25,,3,97.88,0.05,98.18,0.05,3,yes,,,,,,,,
sf_eurosatms_rgb_none_2pct,eurosatms_rgb,resnet18,sgd,200,linear,none,,,,,,,2,,3,79.41,1.12,,,,yes,,,,,,,,
sf_eurosatms_rgb_none_5pct,eurosatms_rgb,resnet18,sgd,200,linear,none,,,,,,,5,,3,89.56,0.40,94.47,0.36,3,yes,,,,,,,,
sf_so2sat_all_aux_10pct,so2sat_all,resnet18,sgd,200,linear,none,,,energy-magnitude,layer3,1.0,0.0,10,,3,77.92,0.22,78.09,0.21,3,yes,,sf_so2sat_all_none_10pct,77.52,0.40,0.15,0.79,0.16,-0.39
sf_so2sat_all_aux_1pct,so2sat_all,resnet18,sgd,200,linear,none,,,energy-magnitude,layer3,1.0,0.0,1,,3,60.89,0.42,,,,yes,,sf_so2sat_all_none_1pct,60.75,0.14,0.32,,,
sf_so2sat_all_aux_25pct,so2sat_all,resnet18,sgd,200,linear,none,,,energy-magnitude,layer3,1.0,0.0,25,,3,79.05,0.63,,,,yes,,sf_so2sat_all_none_25pct,79.47,-0.42,0.40,,,
sf_so2sat_all_aux_2pct,so2sat_all,resnet18,sgd,200,linear,none,,,energy-magnitude,layer3,1.0,0.0,2,,3,68.84,0.09,,,,yes,,sf_so2sat_all_none_2pct,67.33,1.51,0.54,,,
sf_so2sat_all_aux_5pct,so2sat_all,resnet18,sgd,200,linear,none,,,energy-magnitude,layer3,1.0,0.0,5,,3,74.75,0.30,77.09,0.26,3,yes,,sf_so2sat_all_none_5pct,73.40,1.35,0.32,1.12,0.18,0.23
sf_so2sat_all_none_10pct,so2sat_all,resnet18,sgd,200,linear,none,,,,,,,10,,3,77.52,0.13,77.30,0.17,3,yes,,,,,,,,
sf_so2sat_all_none_1pct,so2sat_all,resnet18,sgd,200,linear,none,,,,,,,1,,3,60.75,0.36,,,,yes,,,,,,,,
sf_so2sat_all_none_25pct,so2sat_all,resnet18,sgd,200,linear,none,,,,,,,25,,3,79.47,0.29,,,,yes,,,,,,,,
sf_so2sat_all_none_2pct,so2sat_all,resnet18,sgd,200,linear,none,,,,,,,2,,3,67.33,0.93,,,,yes,,,,,,,,
sf_so2sat_all_none_5pct,so2sat_all,resnet18,sgd,200,linear,none,,,,,,,5,,3,73.40,0.47,75.97,0.17,3,yes,,,,,,,,
sf_so2sat_opt_aux_10pct,so2sat_opt,resnet18,sgd,200,linear,none,,,energy-magnitude,layer3,1.0,0.0,10,,3,78.31,0.14,78.88,0.25,3,yes,,sf_so2sat_opt_none_10pct,77.63,0.68,0.11,0.92,0.24,-0.23
sf_so2sat_opt_aux_1pct,so2sat_opt,resnet18,sgd,200,linear,none,,,energy-magnitude,layer3,1.0,0.0,1,,3,62.44,0.31,,,,yes,,sf_so2sat_opt_none_1pct,61.32,1.13,0.58,,,
sf_so2sat_opt_aux_25pct,so2sat_opt,resnet18,sgd,200,linear,none,,,energy-magnitude,layer3,1.0,0.0,25,,3,78.91,0.24,,,,yes,,sf_so2sat_opt_none_25pct,79.47,-0.56,0.19,,,
sf_so2sat_opt_aux_2pct,so2sat_opt,resnet18,sgd,200,linear,none,,,energy-magnitude,layer3,1.0,0.0,2,,3,69.37,0.42,,,,yes,,sf_so2sat_opt_none_2pct,67.46,1.91,0.33,,,
sf_so2sat_opt_aux_5pct,so2sat_opt,resnet18,sgd,200,linear,none,,,energy-magnitude,layer3,1.0,0.0,5,,3,75.32,0.59,78.15,0.39,3,yes,,sf_so2sat_opt_none_5pct,74.13,1.19,0.35,1.64,0.23,-0.44
sf_so2sat_opt_none_10pct,so2sat_opt,resnet18,sgd,200,linear,none,,,,,,,10,,3,77.63,0.12,77.96,0.33,3,yes,,,,,,,,
sf_so2sat_opt_none_1pct,so2sat_opt,resnet18,sgd,200,linear,none,,,,,,,1,,3,61.32,0.96,,,,yes,,,,,,,,
sf_so2sat_opt_none_25pct,so2sat_opt,resnet18,sgd,200,linear,none,,,,,,,25,,3,79.47,0.22,,,,yes,,,,,,,,
sf_so2sat_opt_none_2pct,so2sat_opt,resnet18,sgd,200,linear,none,,,,,,,2,,3,67.46,0.39,,,,yes,,,,,,,,
sf_so2sat_opt_none_5pct,so2sat_opt,resnet18,sgd,200,linear,none,,,,,,,5,,3,74.13,0.08,76.52,0.10,3,yes,,,,,,,,
sf_so2sat_sar_aux_10pct,so2sat_sar,resnet18,sgd,200,linear,none,,,energy-magnitude,layer3,1.0,0.0,10,,3,48.65,0.93,52.59,0.67,3,yes,,sf_so2sat_sar_none_10pct,49.12,-0.46,0.66,0.44,0.44,-0.90
sf_so2sat_sar_aux_1pct,so2sat_sar,resnet18,sgd,200,linear,none,,,energy-magnitude,layer3,1.0,0.0,1,,3,36.24,1.02,,,,yes,,sf_so2sat_sar_none_1pct,35.00,1.24,0.76,,,
sf_so2sat_sar_aux_25pct,so2sat_sar,resnet18,sgd,200,linear,none,,,energy-magnitude,layer3,1.0,0.0,25,,3,53.25,0.19,,,,yes,,sf_so2sat_sar_none_25pct,53.49,-0.24,0.14,,,
sf_so2sat_sar_aux_2pct,so2sat_sar,resnet18,sgd,200,linear,none,,,energy-magnitude,layer3,1.0,0.0,2,,3,30.60,5.49,,,,yes,,sf_so2sat_sar_none_2pct,33.69,-3.09,3.75,,,
sf_so2sat_sar_aux_5pct,so2sat_sar,resnet18,sgd,200,linear,none,,,energy-magnitude,layer3,1.0,0.0,5,,3,46.11,0.30,50.58,0.64,3,yes,,sf_so2sat_sar_none_5pct,43.52,2.59,0.65,0.64,0.38,1.95
sf_so2sat_sar_none_10pct,so2sat_sar,resnet18,sgd,200,linear,none,,,,,,,10,,3,49.12,0.67,52.15,0.36,3,yes,,,,,,,,
sf_so2sat_sar_none_1pct,so2sat_sar,resnet18,sgd,200,linear,none,,,,,,,1,,3,35.00,0.84,,,,yes,,,,,,,,
sf_so2sat_sar_none_25pct,so2sat_sar,resnet18,sgd,200,linear,none,,,,,,,25,,3,53.49,0.14,,,,yes,,,,,,,,
sf_so2sat_sar_none_2pct,so2sat_sar,resnet18,sgd,200,linear,none,,,,,,,2,,3,33.69,3.48,,,,yes,,,,,,,,
sf_so2sat_sar_none_5pct,so2sat_sar,resnet18,sgd,200,linear,none,,,,,,,5,,3,43.52,1.08,49.94,0.15,3,yes,,,,,,,,
sf_sunrgbd_all_aux_100pct,sunrgbd_all,resnet18,sgd,200,linear,none,,,energy-magnitude,layer3,1.0,0.0,100,4845,3,49.12,0.32,,,,yes,,sf_sunrgbd_all_none_100pct,47.74,1.38,0.30,,,
sf_sunrgbd_all_aux_10pct,sunrgbd_all,resnet18,sgd,200,linear,none,,,energy-magnitude,layer3,1.0,0.0,10,484,3,28.53,0.44,,,,yes,,sf_sunrgbd_all_none_10pct,26.59,1.94,0.27,,,
sf_sunrgbd_all_aux_25pct,sunrgbd_all,resnet18,sgd,200,linear,none,,,energy-magnitude,layer3,1.0,0.0,25,1211,3,37.80,0.60,,,,yes,,sf_sunrgbd_all_none_25pct,35.19,2.62,0.59,,,
sf_sunrgbd_all_aux_3pct,sunrgbd_all,resnet18,sgd,200,linear,none,,,energy-magnitude,layer3,1.0,0.0,3,145,3,20.48,0.82,,,,yes,,sf_sunrgbd_all_none_3pct,20.23,0.25,0.48,,,
sf_sunrgbd_all_aux_5pct,sunrgbd_all,resnet18,sgd,200,linear,none,,,energy-magnitude,layer3,1.0,0.0,5,242,3,23.98,0.53,,,,yes,,sf_sunrgbd_all_none_5pct,22.37,1.60,0.32,,,
sf_sunrgbd_all_none_100pct,sunrgbd_all,resnet18,sgd,200,linear,none,,,,,,,100,4845,3,47.74,0.41,,,,yes,,,,,,,,
sf_sunrgbd_all_none_10pct,sunrgbd_all,resnet18,sgd,200,linear,none,,,,,,,10,484,3,26.59,0.15,,,,yes,,,,,,,,
sf_sunrgbd_all_none_25pct,sunrgbd_all,resnet18,sgd,200,linear,none,,,,,,,25,1211,3,35.19,0.82,,,,yes,,,,,,,,
sf_sunrgbd_all_none_3pct,sunrgbd_all,resnet18,sgd,200,linear,none,,,,,,,3,145,3,20.23,0.16,,,,yes,,,,,,,,
sf_sunrgbd_all_none_5pct,sunrgbd_all,resnet18,sgd,200,linear,none,,,,,,,5,242,3,22.37,0.17,,,,yes,,,,,,,,
sf_sunrgbd_depth_aux_100pct,sunrgbd_depth,resnet18,sgd,200,linear,none,,,energy-magnitude,layer3,1.0,0.0,100,4845,3,50.15,0.40,,,,yes,,sf_sunrgbd_depth_none_100pct,48.57,1.57,0.48,,,
sf_sunrgbd_depth_aux_10pct,sunrgbd_depth,resnet18,sgd,200,linear,none,,,energy-magnitude,layer3,1.0,0.0,10,484,3,28.70,0.58,,,,yes,,sf_sunrgbd_depth_none_10pct,28.38,0.32,0.40,,,
sf_sunrgbd_depth_aux_25pct,sunrgbd_depth,resnet18,sgd,200,linear,none,,,energy-magnitude,layer3,1.0,0.0,25,1211,3,37.33,0.64,,,,yes,,sf_sunrgbd_depth_none_25pct,35.83,1.50,0.41,,,
sf_sunrgbd_depth_aux_3pct,sunrgbd_depth,resnet18,sgd,200,linear,none,,,energy-magnitude,layer3,1.0,0.0,3,145,3,22.49,0.08,,,,yes,,sf_sunrgbd_depth_none_3pct,22.48,0.01,0.12,,,
sf_sunrgbd_depth_aux_5pct,sunrgbd_depth,resnet18,sgd,200,linear,none,,,energy-magnitude,layer3,1.0,0.0,5,242,3,24.19,0.53,,,,yes,,sf_sunrgbd_depth_none_5pct,24.13,0.06,0.35,,,
sf_sunrgbd_depth_none_100pct,sunrgbd_depth,resnet18,sgd,200,linear,none,,,,,,,100,4845,3,48.57,0.73,,,,yes,,,,,,,,
sf_sunrgbd_depth_none_10pct,sunrgbd_depth,resnet18,sgd,200,linear,none,,,,,,,10,484,3,28.38,0.36,,,,yes,,,,,,,,
sf_sunrgbd_depth_none_25pct,sunrgbd_depth,resnet18,sgd,200,linear,none,,,,,,,25,1211,3,35.83,0.30,,,,yes,,,,,,,,
sf_sunrgbd_depth_none_3pct,sunrgbd_depth,resnet18,sgd,200,linear,none,,,,,,,3,145,3,22.48,0.20,,,,yes,,,,,,,,
sf_sunrgbd_depth_none_5pct,sunrgbd_depth,resnet18,sgd,200,linear,none,,,,,,,5,242,3,24.13,0.30,,,,yes,,,,,,,,
sf_sunrgbd_rgb_aux_100pct,sunrgbd_rgb,resnet18,sgd,200,linear,none,,,energy-magnitude,layer3,1.0,0.0,100,4845,3,46.32,0.28,,,,yes,,sf_sunrgbd_rgb_none_100pct,43.16,3.16,0.49,,,
sf_sunrgbd_rgb_aux_10pct,sunrgbd_rgb,resnet18,sgd,200,linear,none,,,energy-magnitude,layer3,1.0,0.0,10,484,3,26.51,0.63,,,,yes,,sf_sunrgbd_rgb_none_10pct,24.78,1.72,0.42,,,
sf_sunrgbd_rgb_aux_25pct,sunrgbd_rgb,resnet18,sgd,200,linear,none,,,energy-magnitude,layer3,1.0,0.0,25,1211,3,33.99,0.17,,,,yes,,sf_sunrgbd_rgb_none_25pct,31.69,2.30,0.19,,,
sf_sunrgbd_rgb_aux_3pct,sunrgbd_rgb,resnet18,sgd,200,linear,none,,,energy-magnitude,layer3,1.0,0.0,3,145,3,17.92,0.27,,,,yes,,sf_sunrgbd_rgb_none_3pct,17.63,0.29,0.25,,,
sf_sunrgbd_rgb_aux_5pct,sunrgbd_rgb,resnet18,sgd,200,linear,none,,,energy-magnitude,layer3,1.0,0.0,5,242,3,21.30,0.51,,,,yes,,sf_sunrgbd_rgb_none_5pct,21.29,0.01,0.40,,,
sf_sunrgbd_rgb_none_100pct,sunrgbd_rgb,resnet18,sgd,200,linear,none,,,,,,,100,4845,3,43.16,0.80,,,,yes,,,,,,,,
sf_sunrgbd_rgb_none_10pct,sunrgbd_rgb,resnet18,sgd,200,linear,none,,,,,,,10,484,3,24.78,0.36,,,,yes,,,,,,,,
sf_sunrgbd_rgb_none_25pct,sunrgbd_rgb,resnet18,sgd,200,linear,none,,,,,,,25,1211,3,31.69,0.28,,,,yes,,,,,,,,
sf_sunrgbd_rgb_none_3pct,sunrgbd_rgb,resnet18,sgd,200,linear,none,,,,,,,3,145,3,17.63,0.34,,,,yes,,,,,,,,
sf_sunrgbd_rgb_none_5pct,sunrgbd_rgb,resnet18,sgd,200,linear,none,,,,,,,5,242,3,21.29,0.47,,,,yes,,,,,,,,
smoke_cifar100_resnet18_moments-cat_10pct,cifar100,resnet18,sgd,20,linear,moments-cat,,,,,,,10,5000,1,19.73,0.00,,,,no,,smoke_cifar100_resnet18_none_10pct,21.52,-1.79,,,,
smoke_cifar100_resnet18_none_10pct,cifar100,resnet18,sgd,20,linear,none,,,,,,,10,5000,1,21.52,0.00,,,,no,,,,,,,,
stl10_gaboronly_calib,stl10,resnet18,sgd,200,linear,moments-cat,,,,,,,100,5000,3,82.77,0.18,82.68,0.32,3,yes,,stl10_none,84.27,-1.50,0.22,-1.24,0.27,-0.26
stl10_none,stl10,resnet18,sgd,200,linear,none,,,,,,,100,5000,3,84.27,0.33,83.92,0.34,3,yes,,,,,,,,
stl_aux_10pct,stl10,resnet18,sgd,200,linear,none,,,energy-magnitude,layer3,1.0,0.0,10,500,3,47.51,0.60,57.80,0.90,3,yes,,stl_none_10pct,41.58,5.92,0.83,4.60,0.63,1.33
stl_aux_20pct,stl10,resnet18,sgd,200,linear,none,,,energy-magnitude,layer3,1.0,0.0,20,1000,3,58.52,0.74,64.96,0.72,3,yes,,stl_none_20pct,54.16,4.36,0.56,4.89,0.47,-0.53
stl_aux_50pct,stl10,resnet18,sgd,200,linear,none,,,energy-magnitude,layer3,1.0,0.0,50,2500,3,76.39,0.22,76.78,0.13,3,yes,,stl_none_50pct,73.22,3.18,0.32,3.14,0.20,0.04
stl_none_10pct,stl10,resnet18,sgd,200,linear,none,,,,,,,10,500,3,41.58,1.31,53.20,0.61,3,yes,,,,,,,,
stl_none_20pct,stl10,resnet18,sgd,200,linear,none,,,,,,,20,1000,3,54.16,0.63,60.07,0.38,3,yes,,,,,,,,
stl_none_50pct,stl10,resnet18,sgd,200,linear,none,,,,,,,50,2500,3,73.22,0.50,73.64,0.32,3,yes,,,,,,,,
super100_aux,cifar100super,resnet18,sgd,200,linear,none,,,energy-magnitude,layer3,1.0,0.0,100,50000,3,85.92,0.18,85.79,0.11,3,yes,,super100_none,86.06,-0.14,0.14,-0.27,0.12,0.13
super100_none,cifar100super,resnet18,sgd,200,linear,none,,,,,,,100,50000,3,86.06,0.15,86.06,0.17,3,yes,,,,,,,,
super10_aux,cifar100super,resnet18,sgd,200,linear,none,,,energy-magnitude,layer3,1.0,0.0,10,5000,3,59.34,0.36,62.99,0.24,3,yes,,super10_none,56.14,3.19,0.24,2.98,0.29,0.21
super10_none,cifar100super,resnet18,sgd,200,linear,none,,,,,,,10,5000,3,56.14,0.21,60.01,0.44,3,yes,,,,,,,,
super1_aux,cifar100super,resnet18,sgd,200,linear,none,,,energy-magnitude,layer3,1.0,0.0,1,500,3,24.59,0.31,41.12,0.44,3,yes,,super1_none,22.50,2.09,0.40,4.29,0.34,-2.20
super1_none,cifar100super,resnet18,sgd,200,linear,none,,,,,,,1,500,3,22.50,0.63,36.83,0.38,3,yes,,,,,,,,
super25_aux,cifar100super,resnet18,sgd,200,linear,none,,,energy-magnitude,layer3,1.0,0.0,25,12500,3,72.97,0.76,73.85,0.57,3,yes,,super25_none,73.19,-0.21,0.44,-0.40,0.34,0.18
super25_none,cifar100super,resnet18,sgd,200,linear,none,,,,,,,25,12500,3,73.19,0.12,74.25,0.16,3,yes,,,,,,,,
super2_aux,cifar100super,resnet18,sgd,200,linear,none,,,energy-magnitude,layer3,1.0,0.0,2,1000,3,34.93,0.34,46.87,0.54,3,yes,,super2_none,29.84,5.08,0.20,5.40,0.39,-0.32
super2_none,cifar100super,resnet18,sgd,200,linear,none,,,,,,,2,1000,3,29.84,0.08,41.47,0.42,3,yes,,,,,,,,
super5_aux,cifar100super,resnet18,sgd,200,linear,none,,,energy-magnitude,layer3,1.0,0.0,5,2500,3,48.51,0.40,54.91,0.66,3,yes,,super5_none,42.66,5.84,0.46,5.34,0.39,0.50
super5_none,cifar100super,resnet18,sgd,200,linear,none,,,,,,,5,2500,3,42.66,0.68,49.57,0.13,3,yes,,,,,,,,
tin20_aux,tin20,resnet18,sgd,200,linear,none,,,energy-magnitude,layer3,1.0,0.0,10,1000,10,46.11,0.82,53.90,1.94,10,yes,,tin20_none,40.69,5.42,0.41,4.66,0.69,0.76
tin20_none,tin20,resnet18,sgd,200,linear,none,,,,,,,10,1000,10,40.69,1.00,49.24,1.01,10,yes,,,,,,,,
tin20b_aux,tin20b,resnet18,sgd,200,linear,none,,,energy-magnitude,layer3,1.0,0.0,10,1000,10,49.01,0.84,56.77,1.27,10,yes,,tin20b_none,44.16,4.85,0.38,3.55,0.49,1.30
tin20b_none,tin20b,resnet18,sgd,200,linear,none,,,,,,,10,1000,10,44.16,0.88,53.22,0.87,10,yes,,,,,,,,
tin_aux_100pct,tin,resnet18,sgd,200,linear,none,,,energy-magnitude,layer3,1.0,0.0,100,100000,3,65.75,0.58,,,,yes,,tin_none_100pct,66.17,-0.42,0.36,,,
tin_aux_10pct,tin,resnet18,sgd,200,linear,none,,,energy-magnitude,layer3,1.0,0.0,10,10000,3,35.24,0.38,41.47,0.04,3,yes,,tin_none_10pct,33.60,1.65,0.27,1.63,0.21,0.02
tin_aux_15pct,tin,resnet18,sgd,200,linear,none,,,energy-magnitude,layer3,1.0,0.0,15,15000,3,41.98,0.20,,,,yes,,tin_none_15pct,40.55,1.44,0.11,,,
tin_aux_1pct,tin,resnet18,sgd,200,linear,none,,,energy-magnitude,layer3,1.0,0.0,1,1000,10,6.80,0.19,23.27,0.28,10,yes,,tin_none_1pct,5.30,1.49,0.09,4.18,0.15,-2.69
tin_aux_25pct,tin,resnet18,sgd,200,linear,none,,,energy-magnitude,layer3,1.0,0.0,25,25000,3,49.29,0.44,51.04,0.35,3,yes,,tin_none_25pct,49.19,0.10,0.28,0.28,0.21,-0.17
tin_aux_2pct,tin,resnet18,sgd,200,linear,none,,,energy-magnitude,layer3,1.0,0.0,2,2000,3,11.37,0.31,26.49,0.14,3,yes,,tin_none_2pct,9.56,1.81,0.19,3.31,0.23,-1.50
tin_aux_3pct,tin,resnet18,sgd,200,linear,none,,,energy-magnitude,layer3,1.0,0.0,3,3000,3,15.98,0.12,,,,yes,,tin_none_3pct,13.64,2.34,0.23,,,
tin_aux_5pct,tin,resnet18,sgd,200,linear,none,,,energy-magnitude,layer3,1.0,0.0,5,5000,10,23.20,0.30,34.65,0.31,10,yes,,tin_none_5pct,21.08,2.12,0.12,2.69,0.15,-0.58
tin_aux_5pct_l20,tin,resnet18,sgd,200,linear,none,,,energy-magnitude,layer3,2.0,0.0,5,5000,3,22.95,0.08,,,,yes,,tin_none_5pct,21.08,1.87,0.09,,,
tin_aux_7pct,tin,resnet18,sgd,200,linear,none,,,energy-magnitude,layer3,1.0,0.0,7,7000,3,28.75,0.51,,,,yes,,tin_none_7pct,26.74,2.01,0.31,,,
tin_none_100pct,tin,resnet18,sgd,200,linear,none,,,,,,,100,100000,3,66.17,0.25,65.86,0.37,3,yes,,,,,,,,
tin_none_10pct,tin,resnet18,sgd,200,linear,none,,,,,,,10,10000,3,33.60,0.27,39.84,0.36,3,yes,,,,,,,,
tin_none_15pct,tin,resnet18,sgd,200,linear,none,,,,,,,15,15000,3,40.55,0.03,43.93,0.34,3,yes,,,,,,,,
tin_none_1pct,tin,resnet18,sgd,200,linear,none,,,,,,,1,1000,10,5.30,0.22,19.09,0.38,10,yes,,,,,,,,
tin_none_25pct,tin,resnet18,sgd,200,linear,none,,,,,,,25,25000,3,49.19,0.21,50.76,0.09,3,yes,,,,,,,,
tin_none_2pct,tin,resnet18,sgd,200,linear,none,,,,,,,2,2000,3,9.56,0.11,23.18,0.37,3,yes,,,,,,,,
tin_none_3pct,tin,resnet18,sgd,200,linear,none,,,,,,,3,3000,3,13.64,0.37,26.82,0.33,3,yes,,,,,,,,
tin_none_5pct,tin,resnet18,sgd,200,linear,none,,,,,,,5,5000,10,21.08,0.26,31.95,0.37,10,yes,,,,,,,,
tin_none_7pct,tin,resnet18,sgd,200,linear,none,,,,,,,7,7000,3,26.74,0.17,35.53,0.19,3,yes,,,,,,,,
tinsem_aux_1pct,tinsem,resnet18,sgd,200,linear,none,,,energy-magnitude,layer3,1.0,0.0,1,1000,10,18.04,0.29,29.33,0.38,10,yes,,tinsem_none_1pct,16.06,1.98,0.14,2.62,0.19,-0.64
tinsem_none_1pct,tinsem,resnet18,sgd,200,linear,none,,,,,,,1,1000,10,16.06,0.35,26.71,0.48,10,yes,,,,,,,,
tinsuper_aux_1pct,tinsuper,resnet18,sgd,200,linear,none,,,energy-magnitude,layer3,1.0,0.0,1,1000,10,15.31,0.37,24.61,0.59,10,yes,,tinsuper_none_1pct,14.10,1.21,0.14,1.79,0.20,-0.57
tinsuper_none_1pct,tinsuper,resnet18,sgd,200,linear,none,,,,,,,1,1000,10,14.10,0.24,22.82,0.19,10,yes,,,,,,,,
uf10_gaborwarm,cifar100,resnet18,sgd,200,linear,gabor-learn,,,,,,,10,5000,3,39.00,0.26,,,,yes,,abl10_none,40.28,-1.28,0.23,,,
uf15_gaborwarm,cifar100,resnet18,sgd,200,linear,gabor-learn,,,,,,,15,7500,3,47.71,0.79,,,,yes,,abl15_none,50.09,-2.38,0.53,,,
zca100_gaboronly,cifar100,resnet18,sgd,200,linear,moments-cat,,,,,,,100,50000,3,78.71,0.26,,,,yes,,ablf_none,78.52,0.19,0.18,,,
zca10_gaboronly,cifar100,resnet18,sgd,200,linear,moments-cat,,,,,,,10,5000,3,38.65,0.26,,,,yes,,abl10_none,40.28,-1.63,0.24,,,
zca1_gaboronly,cifar100,resnet18,sgd,200,linear,moments-cat,,,,,,,1,500,3,9.75,0.09,,,,yes,,abl1_none,8.95,0.80,0.06,,,
zca5_gaboronly,cifar100,resnet18,sgd,200,linear,moments-cat,,,,,,,5,2500,3,26.72,0.21,,,,yes,,abl5_none,25.36,1.35,0.21,,,
