,,,,accuracy (test top-1 %),,,,,,,,,,,delta vs own baseline (pts),,,,,,,,,,,seeds,,,,,,,,,,,
configuration,dataset,backbone,role,1%,2%,3%,5%,7%,10%,15%,20%,25%,50%,100%,1%,2%,3%,5%,7%,10%,15%,20%,25%,50%,100%,1%,2%,3%,5%,7%,10%,15%,20%,25%,50%,100%,cells
BASELINE,cifar10,mobilenetv3_small_100,baseline,33.44,39.45,44.02,56.91,63.98,70.09,74.49,78.44,79.74,84.53,87.33,,,,,,,,,,,,3,3,3,3,3,3,3,3,3,3,3,grid_mnet_c10_none_1pct grid_mnet_c10_none_2pct grid_mnet_c10_none_3pct grid_mnet_c10_none_5pct grid_mnet_c10_none_7pct grid_mnet_c10_none_10pct grid_mnet_c10_none_15pct grid_mnet_c10_none_20pct grid_mnet_c10_none_25pct grid_mnet_c10_none_50pct grid_mnet_c10_none_100pct
"aux(magnitude@b3,L1.0>0.0,hn)",cifar10,mobilenetv3_small_100,variant,35.31,43.03,48.67,59.56,64.13,70.85,75.99,78.31,79.72,84.53,87.14,1.88,3.59,4.65,2.65,0.15,0.76,1.50,-0.13,-0.02,0.00,-0.19,3,3,3,3,3,3,3,3,3,3,3,grid_mnet_c10_aux_1pct grid_mnet_c10_aux_2pct grid_mnet_c10_aux_3pct grid_mnet_c10_aux_5pct grid_mnet_c10_aux_7pct grid_mnet_c10_aux_10pct grid_mnet_c10_aux_15pct grid_mnet_c10_aux_20pct grid_mnet_c10_aux_25pct grid_mnet_c10_aux_50pct grid_mnet_c10_aux_100pct
BASELINE,cifar10,resnet18,baseline,39.48,51.71,60.13,69.11,75.22,80.63,85.65,87.95,89.26,93.01,95.28,0.34,,,0.06,,-0.08,,,,,,3,10,3,3,3,3,3,3,3,3,3,grid_c10_r18_ebb591_1pct c10_none_2pct c10_none_3pct grid_c10_r18_ebb591_5pct c10_none_7pct grid_c10_r18_ebb591_10pct c10_none_15pct grid_c10_r18_ebb591_20pct c10_none_25pct grid_c10_r18_ebb591_50pct c10_none_100pct
BASELINE,cifar10,resnet18,baseline,39.15,51.68,59.69,69.05,74.45,80.71,85.61,87.78,89.43,93.04,95.25,,-0.02,-0.44,,-0.77,,-0.04,-0.17,0.16,0.03,-0.02,10,3,3,3,3,3,3,3,3,3,3,c10_none_1pct grid_c10_r18_4d2fb5_2pct grid_c10_r18_4d2fb5_3pct c10_none_5pct grid_c10_r18_4d2fb5_7pct c10_none_10pct grid_c10_r18_4d2fb5_15pct grid_c10_r18_4d2fb5_20pct grid_c10_r18_4d2fb5_25pct grid_c10_r18_4d2fb5_50pct grid_c10_r18_4d2fb5_100pct
BASELINE,cifar10,resnet18,baseline,51.93,65.80,72.76,80.92,86.03,90.03,91.31,91.71,92.18,94.01,95.44,,,,,,,,,,,,3,3,3,10,3,3,3,3,3,3,3,diagtransfer2_c10_none_1pct diagtransfer2_c10_none_2pct diagtransfer2_c10_none_3pct diagtransfer2_c10_none_5pct diagtransfer2_c10_none_7pct diagtransfer2_c10_none_10pct diagtransfer2_c10_none_15pct diagtransfer2_c10_none_20pct diagtransfer2_c10_none_25pct diagtransfer2_c10_none_50pct diagtransfer2_c10_none_100pct
"aux(magnitude3@L3,L1.0>0.0,hn)",cifar10,resnet18,variant,45.17,58.49,65.28,73.00,77.03,81.03,84.72,86.79,88.61,92.44,95.01,6.02,6.78,5.15,3.95,1.80,0.32,-0.93,-1.16,-0.65,-0.57,-0.26,3,3,3,3,3,3,3,3,3,3,3,grid_mag3_c10_1pct grid_mag3_c10_2pct grid_mag3_c10_3pct grid_mag3_c10_5pct grid_mag3_c10_7pct grid_mag3_c10_10pct grid_mag3_c10_15pct grid_mag3_c10_20pct grid_mag3_c10_25pct grid_mag3_c10_50pct grid_mag3_c10_100pct
"aux(magnitude6o@L3,L1.0>0.0,hn)",cifar10,resnet18,variant,44.78,58.93,66.26,74.28,77.65,81.74,85.03,87.06,88.75,92.62,95.16,5.63,7.23,6.13,5.23,2.42,1.04,-0.62,-0.89,-0.51,-0.39,-0.12,3,3,3,3,3,3,3,3,3,3,3,grid_mag6o_c10_1pct grid_mag6o_c10_2pct grid_mag6o_c10_3pct grid_mag6o_c10_5pct grid_mag6o_c10_7pct grid_mag6o_c10_10pct grid_mag6o_c10_15pct grid_mag6o_c10_20pct grid_mag6o_c10_25pct grid_mag6o_c10_50pct grid_mag6o_c10_100pct
"aux(magnitude@L3,L0.05>0.0,hn)",cifar10,resnet18,variant,,,,80.97,,,,,,,,,,,0.05,,,,,,,,,,,10,,,,,,,,diagtaxlam_c10_l005_5pct
"aux(magnitude@L3,L0.1>0.0,hn)",cifar10,resnet18,variant,,,,81.12,,,,,,,,,,,0.20,,,,,,,,,,,10,,,,,,,,diagtaxlam_c10_l01_5pct
"aux(magnitude@L3,L0.3)",cifar10,resnet18,variant,,,,72.54,,81.21,,,,,,,,,3.49,,0.50,,,,,,,,,3,,2,,,,,,diagtgt_c10_mag_5pct diagtgt_c10_mag_10pct
"aux(magnitude@L3,L0.3>0.0)",cifar10,resnet18,variant,41.70,55.80,64.20,72.75,77.29,81.81,85.52,87.25,88.99,92.71,95.07,2.55,4.10,4.07,3.70,2.07,1.10,-0.13,-0.70,-0.27,-0.29,-0.20,3,3,3,3,3,3,3,3,3,3,3,grid_c10_r18_axmagnitudeL3_l03to00_de04e0_1pct grid_c10_r18_axmagnitudeL3_l03to00_de04e0_2pct grid_c10_r18_axmagnitudeL3_l03to00_de04e0_3pct grid_c10_r18_axmagnitudeL3_l03to00_de04e0_5pct grid_c10_r18_axmagnitudeL3_l03to00_de04e0_7pct c10_aux_10pct_l03 c10_aux_15pct_l03 grid_c10_r18_axmagnitudeL3_l03to00_de04e0_20pct grid_c10_r18_axmagnitudeL3_l03to00_de04e0_25pct grid_c10_r18_axmagnitudeL3_l03to00_de04e0_50pct grid_c10_r18_axmagnitudeL3_l03to00_de04e0_100pct
"aux(magnitude@L3,L0.3>0.0,hn)",cifar10,resnet18,variant,,,,80.74,,,,,,,,,,,-0.18,,,,,,,,,,,10,,,,,,,,diagtaxlam_c10_l03_5pct
"aux(magnitude@L3,L1.0>0.0)",cifar10,resnet18,variant,45.51,58.37,65.51,73.46,77.43,81.80,84.99,87.18,88.43,92.33,95.01,6.37,6.66,5.38,4.41,2.21,1.09,-0.66,-0.77,-0.83,-0.68,-0.26,10,10,3,3,3,3,3,3,3,3,3,c10_aux_1pct c10_aux_2pct c10_aux_3pct c10_aux_5pct c10_aux_7pct c10_aux_10pct c10_aux_15pct grid_c10_r18_axmagnitudeL3_l10to00_8490d9_20pct c10_aux_25pct grid_c10_r18_axmagnitudeL3_l10to00_8490d9_50pct c10_aux_100pct
"aux(magnitude@L3,L1.0>0.0,hn)",cifar10,resnet18,variant,,,,79.63,,,,,,,,,,,-1.29,,,,,,,,,,,10,,,,,,,,diagtaxlam_c10_delay_5pct
"aux(magnitude@L3,L1.0>0.0,hn)",cifar10,resnet18,variant,34.92,44.77,55.11,65.68,67.63,76.07,84.59,86.70,89.35,92.85,95.18,-17.01,-21.03,-17.65,-15.24,-18.41,-13.96,-6.72,-5.00,-2.83,-1.15,-0.26,3,3,3,10,3,3,3,3,3,3,3,diagtransfer2_c10_aux_1pct diagtransfer2_c10_aux_2pct diagtransfer2_c10_aux_3pct diagtransfer2_c10_aux_5pct diagtransfer2_c10_aux_7pct diagtransfer2_c10_aux_10pct diagtransfer2_c10_aux_15pct diagtransfer2_c10_aux_20pct diagtransfer2_c10_aux_25pct diagtransfer2_c10_aux_50pct diagtransfer2_c10_aux_100pct
"aux(magnitude@L3,L1.0>0.0,hn) + simclr-init",cifar10,resnet18,variant,,60.84,,,,,,,,,,,9.13,,,,,,,,,,,3,,,,,,,,,,diagprosp_simclraux_c10_2pct
"aux(magnitude@L3,L1.0>0.0,hn) + simsiam-init",cifar10,resnet18,variant,,,,73.91,,,,,,,,,,,4.86,,,,,,,,,,,3,,,,,,,,diagprosp_simsiamaux_c10_5pct
"aux(random-fixed@L3,L0.3)",cifar10,resnet18,variant,,,,68.35,,79.24,,,,,,,,,-0.70,,-1.46,,,,,,,,,3,,3,,,,,,diagtgt_c10_rand_5pct diagtgt_c10_rand_10pct
simclr-init,cifar10,resnet18,variant,46.17,59.78,66.14,75.41,79.65,83.46,86.89,88.71,89.95,93.37,95.24,7.02,8.07,6.01,6.36,4.42,2.75,1.24,0.76,0.68,0.36,-0.03,3,3,3,3,3,3,3,3,3,3,3,diaggrid_simclr_c10_1pct diaggrid_simclr_c10_2pct diaggrid_simclr_c10_3pct diaggrid_simclr_c10_5pct diaggrid_simclr_c10_7pct diaggrid_simclr_c10_10pct diaggrid_simclr_c10_15pct diaggrid_simclr_c10_20pct diaggrid_simclr_c10_25pct diaggrid_simclr_c10_50pct diaggrid_simclr_c10_100pct
simsiam-init,cifar10,resnet18,variant,39.79,52.53,60.46,69.10,75.90,81.21,85.45,87.87,89.06,92.81,95.02,0.64,0.82,0.33,0.05,0.68,0.50,-0.20,-0.08,-0.20,-0.20,-0.25,3,3,3,3,3,3,3,3,3,3,3,diaggrid_simsiam_c10_1pct diaggrid_simsiam_c10_2pct diaggrid_simsiam_c10_3pct diaggrid_simsiam_c10_5pct diaggrid_simsiam_c10_7pct diaggrid_simsiam_c10_10pct diaggrid_simsiam_c10_15pct diaggrid_simsiam_c10_20pct diaggrid_simsiam_c10_25pct diaggrid_simsiam_c10_50pct diaggrid_simsiam_c10_100pct
BASELINE  [adamw],cifar10,swin_tiny,baseline,23.49,27.70,23.96,24.27,29.03,28.28,56.97,28.67,54.59,62.84,64.94,,,,,,,,,,,,3,3,3,3,3,3,3,3,3,3,3,diaggrid_swin_c10_none_1pct diaggrid_swin_c10_none_2pct diaggrid_swin_c10_none_3pct diaggrid_swin_c10_none_5pct diaggrid_swin_c10_none_7pct diaggrid_swin_c10_none_10pct diaggrid_swin_c10_none_15pct diaggrid_swin_c10_none_20pct diaggrid_swin_c10_none_25pct diaggrid_swin_c10_none_50pct diaggrid_swin_c10_none_100pct
"aux(magnitude@Ls.2,L1.0>0.0,hn)  [adamw]",cifar10,swin_tiny,variant,38.35,46.40,50.68,59.02,64.36,68.35,72.72,75.62,77.29,82.61,86.89,14.86,18.70,26.71,34.75,35.33,40.07,15.75,46.96,22.70,19.77,21.96,3,3,3,3,3,3,3,3,3,3,3,diaggrid_swin_c10_aux_1pct diaggrid_swin_c10_aux_2pct diaggrid_swin_c10_aux_3pct diaggrid_swin_c10_aux_5pct diaggrid_swin_c10_aux_7pct diaggrid_swin_c10_aux_10pct diaggrid_swin_c10_aux_15pct diaggrid_swin_c10_aux_20pct diaggrid_swin_c10_aux_25pct diaggrid_swin_c10_aux_50pct diaggrid_swin_c10_aux_100pct
BASELINE  [adamw],cifar10,vit_tiny,baseline,29.86,35.30,38.11,45.31,48.39,52.25,61.21,60.35,68.58,75.14,80.83,,,,,,,,,,,,3,3,3,3,3,3,3,3,3,3,3,diaggrid_vit_c10_none_1pct diaggrid_vit_c10_none_2pct diaggrid_vit_c10_none_3pct diaggrid_vit_c10_none_5pct diaggrid_vit_c10_none_7pct diaggrid_vit_c10_none_10pct diaggrid_vit_c10_none_15pct diaggrid_vit_c10_none_20pct diaggrid_vit_c10_none_25pct diaggrid_vit_c10_none_50pct diaggrid_vit_c10_none_100pct
deit-aug  [adamw],cifar10,vit_tiny,baseline,25.74,28.06,35.65,38.98,37.75,42.19,48.59,52.97,56.35,67.07,81.19,,,,,,,,,,,,3,3,3,3,3,3,3,3,3,3,3,diaggrid_deit_c10_none_1pct diaggrid_deit_c10_none_2pct diaggrid_deit_c10_none_3pct diaggrid_deit_c10_none_5pct diaggrid_deit_c10_none_7pct diaggrid_deit_c10_none_10pct diaggrid_deit_c10_none_15pct diaggrid_deit_c10_none_20pct diaggrid_deit_c10_none_25pct diaggrid_deit_c10_none_50pct diaggrid_deit_c10_none_100pct
"aux(magnitude@b8,L1.0>0.0,hn)  [adamw]",cifar10,vit_tiny,variant,35.53,44.29,50.12,57.65,61.74,66.27,71.27,74.57,76.92,83.58,89.83,5.67,9.00,12.02,12.34,13.35,14.02,10.06,14.23,8.34,8.44,9.00,3,3,3,3,3,3,3,3,3,3,3,diaggrid_vit_c10_aux_1pct diaggrid_vit_c10_aux_2pct diaggrid_vit_c10_aux_3pct diaggrid_vit_c10_aux_5pct diaggrid_vit_c10_aux_7pct diaggrid_vit_c10_aux_10pct diaggrid_vit_c10_aux_15pct diaggrid_vit_c10_aux_20pct diaggrid_vit_c10_aux_25pct diaggrid_vit_c10_aux_50pct diaggrid_vit_c10_aux_100pct
"aux(magnitude@b8,L1.0>0.0,hn) + deit-aug  [adamw]",cifar10,vit_tiny,variant,39.34,50.52,55.08,63.26,69.51,75.32,80.26,83.15,85.26,90.72,93.94,13.60,22.46,19.43,24.28,31.76,33.13,31.67,30.18,28.90,23.66,12.75,3,3,3,3,3,3,3,3,3,3,3,diaggrid_deit_c10_aux_1pct diaggrid_deit_c10_aux_2pct diaggrid_deit_c10_aux_3pct diaggrid_deit_c10_aux_5pct diaggrid_deit_c10_aux_7pct diaggrid_deit_c10_aux_10pct diaggrid_deit_c10_aux_15pct diaggrid_deit_c10_aux_20pct diaggrid_deit_c10_aux_25pct diaggrid_deit_c10_aux_50pct diaggrid_deit_c10_aux_100pct
"aux(magnitude@b8,L1.0>0.0,hn) + dino-init  [adamw]",cifar10,vit_tiny,variant,,,,,,66.15,,,,,,,,,,,13.90,,,,,,,,,,,3,,,,,,diagprosp_dinoaux_c10_10pct
dino-init  [adamw],cifar10,vit_tiny,variant,30.64,37.17,42.16,51.00,56.84,63.11,68.03,71.99,74.49,81.39,88.71,0.78,1.87,4.05,5.69,8.45,10.87,6.82,11.64,5.91,6.25,7.88,3,3,3,3,3,3,3,3,3,3,3,diaggrid_dino_c10_1pct diaggrid_dino_c10_2pct diaggrid_dino_c10_3pct diaggrid_dino_c10_5pct diaggrid_dino_c10_7pct diaggrid_dino_c10_10pct diaggrid_dino_c10_15pct diaggrid_dino_c10_20pct diaggrid_dino_c10_25pct diaggrid_dino_c10_50pct diaggrid_dino_c10_100pct
BASELINE,cifar100,convnext_tiny,baseline,5.42,7.08,5.97,11.42,8.55,16.75,12.54,23.40,23.96,33.72,21.51,,,,,,,,,,,,3,3,3,3,3,3,3,3,3,3,3,grid_c100_cnx_64bc90_1pct grid_c100_cnx_64bc90_2pct grid_c100_cnx_64bc90_3pct grid_c100_cnx_64bc90_5pct grid_c100_cnx_64bc90_7pct cnx_none_10pct grid_c100_cnx_64bc90_15pct grid_c100_cnx_64bc90_20pct grid_c100_cnx_64bc90_25pct grid_c100_cnx_64bc90_50pct grid_c100_cnx_64bc90_100pct
BASELINE  [adamw],cifar100,convnext_tiny,baseline,6.97,10.36,12.55,16.97,20.26,23.31,32.87,36.59,41.02,55.01,67.86,,,,,,,,,,,,3,3,3,3,3,3,3,3,3,3,3,diaggrid_c100_cnx_adamw_c79e16_1pct diaggrid_c100_cnx_adamw_c79e16_2pct diaggrid_c100_cnx_adamw_c79e16_3pct diaggrid_c100_cnx_adamw_c79e16_5pct diaggrid_c100_cnx_adamw_c79e16_7pct diagcnxadamw_none_10pct diaggrid_c100_cnx_adamw_c79e16_15pct diaggrid_c100_cnx_adamw_c79e16_20pct diaggrid_c100_cnx_adamw_c79e16_25pct diaggrid_c100_cnx_adamw_c79e16_50pct diaggrid_c100_cnx_adamw_c79e16_100pct
"aux(magnitude@stages.2,L1.0>0.0)",cifar100,convnext_tiny,variant,0.80,0.94,0.90,0.89,0.81,0.92,1.08,0.88,0.71,1.02,0.78,-4.62,-6.13,-5.07,-10.53,-7.74,-15.83,-11.46,-22.51,-23.25,-32.71,-20.73,3,3,3,3,3,3,3,3,3,3,3,grid_c100_cnx_axmagnitudes2_l10to00_4a79ac_1pct grid_c100_cnx_axmagnitudes2_l10to00_4a79ac_2pct grid_c100_cnx_axmagnitudes2_l10to00_4a79ac_3pct grid_c100_cnx_axmagnitudes2_l10to00_4a79ac_5pct grid_c100_cnx_axmagnitudes2_l10to00_4a79ac_7pct cnx_aux_10pct grid_c100_cnx_axmagnitudes2_l10to00_4a79ac_15pct grid_c100_cnx_axmagnitudes2_l10to00_4a79ac_20pct grid_c100_cnx_axmagnitudes2_l10to00_4a79ac_25pct grid_c100_cnx_axmagnitudes2_l10to00_4a79ac_50pct grid_c100_cnx_axmagnitudes2_l10to00_4a79ac_100pct
"aux(magnitude@stages.2,L1.0>0.0)  [adamw]",cifar100,convnext_tiny,variant,8.27,14.08,18.27,24.58,29.08,33.88,39.60,45.36,48.83,61.09,71.35,1.30,3.72,5.72,7.61,8.82,10.57,6.73,8.78,7.81,6.08,3.49,3,3,3,3,3,3,3,3,3,3,3,diaggrid_c100_cnx_adamw_axmagnitudes2_l10to00_df3002_1pct diaggrid_c100_cnx_adamw_axmagnitudes2_l10to00_df3002_2pct diaggrid_c100_cnx_adamw_axmagnitudes2_l10to00_df3002_3pct diaggrid_c100_cnx_adamw_axmagnitudes2_l10to00_df3002_5pct diaggrid_c100_cnx_adamw_axmagnitudes2_l10to00_df3002_7pct diagcnxadamw_aux_10pct diaggrid_c100_cnx_adamw_axmagnitudes2_l10to00_df3002_15pct diaggrid_c100_cnx_adamw_axmagnitudes2_l10to00_df3002_20pct diaggrid_c100_cnx_adamw_axmagnitudes2_l10to00_df3002_25pct diaggrid_c100_cnx_adamw_axmagnitudes2_l10to00_df3002_50pct diaggrid_c100_cnx_adamw_axmagnitudes2_l10to00_df3002_100pct
BASELINE,cifar100,mobilenetv3_small_100,baseline,7.43,11.52,14.96,19.44,23.12,30.29,37.40,42.09,45.00,53.97,61.62,,,,,,,,,,,,3,3,3,3,3,3,3,3,3,3,3,grid_mnet_c100_none_1pct grid_mnet_c100_none_2pct grid_mnet_c100_none_3pct grid_mnet_c100_none_5pct grid_mnet_c100_none_7pct grid_mnet_c100_none_10pct grid_mnet_c100_none_15pct grid_mnet_c100_none_20pct grid_mnet_c100_none_25pct grid_mnet_c100_none_50pct grid_mnet_c100_none_100pct
"aux(magnitude@b3,L1.0>0.0,hn)",cifar100,mobilenetv3_small_100,variant,7.66,12.09,15.71,20.78,25.96,32.17,39.05,43.10,45.06,54.63,63.59,0.22,0.57,0.75,1.34,2.84,1.88,1.65,1.01,0.06,0.66,1.97,3,3,3,3,3,3,3,3,3,3,3,grid_mnet_c100_aux_1pct grid_mnet_c100_aux_2pct grid_mnet_c100_aux_3pct grid_mnet_c100_aux_5pct grid_mnet_c100_aux_7pct grid_mnet_c100_aux_10pct grid_mnet_c100_aux_15pct grid_mnet_c100_aux_20pct grid_mnet_c100_aux_25pct grid_mnet_c100_aux_50pct grid_mnet_c100_aux_100pct
BASELINE,cifar100,resnet18,baseline,8.93,14.17,18.47,25.36,32.09,40.28,50.09,57.00,61.35,71.79,78.52,,,,,,,,,,,,10,3,3,10,3,10,3,3,3,3,3,abl1_none abl2_none abl3_none abl5_none abl7_none abl10_none abl15_none grid_c100_r18_3a0225_20pct abl25_none grid_c100_r18_3a0225_50pct ablf_none
BASELINE,cifar100,resnet18,baseline,12.56,19.24,26.61,39.55,47.48,58.28,65.45,68.10,69.83,74.85,79.80,,,,,,,,,,,,3,3,3,3,10,3,3,3,3,3,3,diagtransfer2_c100_none_1pct diagtransfer2_c100_none_2pct diagtransfer2_c100_none_3pct diagtransfer_c100_base_5pct diagtransfer2_c100_none_7pct diagtransfer2_c100_none_10pct diagtransfer2_c100_none_15pct diagtransfer2_c100_none_20pct diagtransfer2_c100_none_25pct diagtransfer2_c100_none_50pct diagtransfer2_c100_none_100pct
BASELINE  [100ep],cifar100,resnet18,baseline,8.21,13.19,17.33,23.17,30.07,37.89,47.31,54.28,58.89,70.47,77.66,,,,,,,,,,,,3,3,3,3,3,3,3,3,3,3,3,diaggrid_c100_r18_e100_4cd1ae_1pct diaggrid_c100_r18_e100_4cd1ae_2pct diaggrid_c100_r18_e100_4cd1ae_3pct diaggrid_c100_r18_e100_4cd1ae_5pct diaggrid_c100_r18_e100_4cd1ae_7pct diag10e100_none diaggrid_c100_r18_e100_4cd1ae_15pct diaggrid_c100_r18_e100_4cd1ae_20pct diaggrid_c100_r18_e100_4cd1ae_25pct diaggrid_c100_r18_e100_4cd1ae_50pct diaggrid_c100_r18_e100_4cd1ae_100pct
BASELINE  [15ep],cifar100,resnet18,baseline,,,,,,18.35,,,,,,,,,,,,,,,,,,,,,,3,,,,,,diagstep_c100_none_10pct
BASELINE  [20ep],cifar100,resnet18,baseline,6.05,8.78,10.31,13.85,16.98,21.52,31.54,40.26,46.30,62.32,72.80,,,,,,,,,,,,3,3,3,3,3,1,3,3,3,3,3,diaggrid_c100_r18_e20_383f0d_1pct diaggrid_c100_r18_e20_383f0d_2pct diaggrid_c100_r18_e20_383f0d_3pct diaggrid_c100_r18_e20_383f0d_5pct diaggrid_c100_r18_e20_383f0d_7pct smoke_cifar100_resnet18_none_10pct diaggrid_c100_r18_e20_383f0d_15pct diaggrid_c100_r18_e20_383f0d_20pct diaggrid_c100_r18_e20_383f0d_25pct diaggrid_c100_r18_e20_383f0d_50pct diaggrid_c100_r18_e20_383f0d_100pct
BASELINE  [32ep],cifar100,resnet18,baseline,,,,17.48,,,,,,,,,,,,,,,,,,,,,,3,,,,,,,,diagstep_c100_none_5pct
BASELINE  [400ep],cifar100,resnet18,baseline,9.30,14.61,19.58,27.34,34.78,42.77,52.08,59.04,62.61,71.88,79.20,,,,,,,,,,,,3,3,3,3,3,3,3,3,3,3,3,diaggrid_c100_r18_e400_06c094_1pct diaggrid_c100_r18_e400_06c094_2pct diaggrid_c100_r18_e400_06c094_3pct diagssl_none400_5pct diaggrid_c100_r18_e400_06c094_7pct diag10e400_none diag15e400_none diaggrid_c100_r18_e400_06c094_20pct diaggrid_c100_r18_e400_06c094_25pct diaggrid_c100_r18_e400_06c094_50pct diaggrid_c100_r18_e400_06c094_100pct
BASELINE  [6ep],cifar100,resnet18,baseline,,,,,,,,,20.09,,,,,,,,,,,,,,,,,,,,,,3,,,diagstep_c100_none_25pct
BASELINE  [800ep],cifar100,resnet18,baseline,9.54,15.48,20.87,30.13,37.65,44.97,54.57,60.25,63.50,71.88,79.20,,,,,,,,,,,,3,3,3,3,3,3,3,3,3,3,3,diaggrid_c100_r18_e800_5c8bbf_1pct diaggrid_c100_r18_e800_5c8bbf_2pct diaggrid_c100_r18_e800_5c8bbf_3pct diaggrid_c100_r18_e800_5c8bbf_5pct diaggrid_c100_r18_e800_5c8bbf_7pct diag10e800_none diaggrid_c100_r18_e800_5c8bbf_15pct diaggrid_c100_r18_e800_5c8bbf_20pct diaggrid_c100_r18_e800_5c8bbf_25pct diaggrid_c100_r18_e800_5c8bbf_50pct diaggrid_c100_r18_e800_5c8bbf_100pct
BASELINE  [86ep],cifar100,resnet18,baseline,,12.91,,,,,,,,,,,,,,,,,,,,,,3,,,,,,,,,,diagstep_c100_none_2pct
cosine-head,cifar100,resnet18,baseline,9.39,14.33,18.59,24.83,31.24,38.50,47.90,54.10,58.56,68.91,76.99,,,,,,,,,,,,3,3,3,3,3,3,3,3,3,3,3,diagcos_c100_none_1pct diaggrid_c100_r18_cosinehead_2f17a9_2pct diaggrid_c100_r18_cosinehead_2f17a9_3pct diaggrid_c100_r18_cosinehead_2f17a9_5pct diaggrid_c100_r18_cosinehead_2f17a9_7pct diaggrid_c100_r18_cosinehead_2f17a9_10pct diaggrid_c100_r18_cosinehead_2f17a9_15pct diaggrid_c100_r18_cosinehead_2f17a9_20pct diaggrid_c100_r18_cosinehead_2f17a9_25pct diaggrid_c100_r18_cosinehead_2f17a9_50pct diaggrid_c100_r18_cosinehead_2f17a9_100pct
"aux(invariants@L3,L0.3)",cifar100,resnet18,variant,9.08,14.81,18.66,24.93,30.68,37.21,45.84,51.71,56.34,63.56,71.88,0.14,0.64,0.19,-0.43,-1.41,-3.07,-4.25,-5.29,-5.01,-8.23,-6.64,3,3,3,3,3,3,3,3,3,3,3,grid_c100_r18_axinvariantsL3_l03_e17c19_1pct grid_c100_r18_axinvariantsL3_l03_e17c19_2pct grid_c100_r18_axinvariantsL3_l03_e17c19_3pct grid_c100_r18_axinvariantsL3_l03_e17c19_5pct grid_c100_r18_axinvariantsL3_l03_e17c19_7pct auxinv_10pct_l30 grid_c100_r18_axinvariantsL3_l03_e17c19_15pct grid_c100_r18_axinvariantsL3_l03_e17c19_20pct grid_c100_r18_axinvariantsL3_l03_e17c19_25pct grid_c100_r18_axinvariantsL3_l03_e17c19_50pct grid_c100_r18_axinvariantsL3_l03_e17c19_100pct
"aux(magnitude3@L3,L1.0>0.0)",cifar100,resnet18,variant,10.25,16.65,21.85,30.55,36.62,43.63,52.70,58.00,61.93,71.62,78.30,1.32,2.48,3.38,5.19,4.52,3.35,2.61,1.00,0.58,-0.17,-0.22,3,3,3,3,3,3,3,3,3,3,3,grid_c100_r18_axmagnitude3L3_l10to00_1ab8e4_1pct grid_c100_r18_axmagnitude3L3_l10to00_1ab8e4_2pct grid_c100_r18_axmagnitude3L3_l10to00_1ab8e4_3pct auxmag3_c100_5pct grid_c100_r18_axmagnitude3L3_l10to00_1ab8e4_7pct grid_c100_r18_axmagnitude3L3_l10to00_1ab8e4_10pct grid_c100_r18_axmagnitude3L3_l10to00_1ab8e4_15pct grid_c100_r18_axmagnitude3L3_l10to00_1ab8e4_20pct grid_c100_r18_axmagnitude3L3_l10to00_1ab8e4_25pct grid_c100_r18_axmagnitude3L3_l10to00_1ab8e4_50pct grid_c100_r18_axmagnitude3L3_l10to00_1ab8e4_100pct
"aux(magnitude3@L3,L1.0>0.0,hn)",cifar100,resnet18,variant,10.44,16.88,22.27,30.82,37.48,44.25,52.46,57.99,61.35,71.28,78.05,1.51,2.70,3.80,5.45,5.39,3.97,2.37,0.99,0.00,-0.51,-0.47,3,3,3,3,3,3,3,3,3,3,3,grid_mag3_c100_1pct grid_mag3_c100_2pct grid_mag3_c100_3pct grid_mag3_c100_5pct grid_mag3_c100_7pct grid_mag3_c100_10pct grid_mag3_c100_15pct grid_mag3_c100_20pct grid_mag3_c100_25pct grid_mag3_c100_50pct grid_mag3_c100_100pct
"aux(magnitude6o@L3,L1.0>0.0,hn)",cifar100,resnet18,variant,10.18,16.71,22.29,31.36,37.87,45.27,53.42,58.24,62.29,71.27,78.21,1.25,2.54,3.82,6.00,5.77,4.99,3.33,1.24,0.94,-0.51,-0.31,3,3,3,3,3,3,3,3,3,3,3,grid_mag6o_c100_1pct grid_mag6o_c100_2pct grid_mag6o_c100_3pct grid_mag6o_c100_5pct grid_mag6o_c100_7pct grid_mag6o_c100_10pct grid_mag6o_c100_15pct grid_mag6o_c100_20pct grid_mag6o_c100_25pct grid_mag6o_c100_50pct grid_mag6o_c100_100pct
"aux(magnitude@L1,L2.0>0.0)",cifar100,resnet18,variant,10.77,17.37,22.22,30.09,35.37,42.37,50.57,56.97,60.79,70.25,77.61,1.84,3.20,3.75,4.73,3.28,2.09,0.48,-0.03,-0.56,-1.54,-0.90,3,3,3,3,3,3,3,3,3,3,3,auxmag_1pct_sched2_tap1 grid_c100_r18_axmagnitudeL1_l20to00_319207_2pct grid_c100_r18_axmagnitudeL1_l20to00_319207_3pct grid_c100_r18_axmagnitudeL1_l20to00_319207_5pct grid_c100_r18_axmagnitudeL1_l20to00_319207_7pct grid_c100_r18_axmagnitudeL1_l20to00_319207_10pct grid_c100_r18_axmagnitudeL1_l20to00_319207_15pct grid_c100_r18_axmagnitudeL1_l20to00_319207_20pct grid_c100_r18_axmagnitudeL1_l20to00_319207_25pct grid_c100_r18_axmagnitudeL1_l20to00_319207_50pct grid_c100_r18_axmagnitudeL1_l20to00_319207_100pct
"aux(magnitude@L2,L0.3)",cifar100,resnet18,variant,9.91,16.01,20.82,28.56,35.52,43.01,52.24,58.05,61.71,71.52,78.18,0.97,1.84,2.35,3.20,3.42,2.73,2.15,1.05,0.36,-0.27,-0.34,3,3,3,3,3,3,3,3,3,3,3,grid_c100_r18_axmagnitudeL2_l03_699ce0_1pct grid_c100_r18_axmagnitudeL2_l03_699ce0_2pct grid_c100_r18_axmagnitudeL2_l03_699ce0_3pct grid_c100_r18_axmagnitudeL2_l03_699ce0_5pct grid_c100_r18_axmagnitudeL2_l03_699ce0_7pct auxmag_10pct_l30_tap2 grid_c100_r18_axmagnitudeL2_l03_699ce0_15pct grid_c100_r18_axmagnitudeL2_l03_699ce0_20pct grid_c100_r18_axmagnitudeL2_l03_699ce0_25pct grid_c100_r18_axmagnitudeL2_l03_699ce0_50pct grid_c100_r18_axmagnitudeL2_l03_699ce0_100pct
"aux(magnitude@L2,L2.0>0.0)",cifar100,resnet18,variant,10.55,17.13,22.15,30.00,35.76,42.60,51.12,56.47,60.48,70.59,78.10,1.62,2.95,3.68,4.64,3.66,2.32,1.03,-0.53,-0.87,-1.20,-0.42,3,3,3,3,3,3,3,3,3,3,3,auxmag_1pct_sched2_tap2 grid_c100_r18_axmagnitudeL2_l20to00_101ce2_2pct grid_c100_r18_axmagnitudeL2_l20to00_101ce2_3pct grid_c100_r18_axmagnitudeL2_l20to00_101ce2_5pct grid_c100_r18_axmagnitudeL2_l20to00_101ce2_7pct grid_c100_r18_axmagnitudeL2_l20to00_101ce2_10pct grid_c100_r18_axmagnitudeL2_l20to00_101ce2_15pct grid_c100_r18_axmagnitudeL2_l20to00_101ce2_20pct grid_c100_r18_axmagnitudeL2_l20to00_101ce2_25pct grid_c100_r18_axmagnitudeL2_l20to00_101ce2_50pct grid_c100_r18_axmagnitudeL2_l20to00_101ce2_100pct
"aux(magnitude@L3,L0.02)",cifar100,resnet18,variant,9.06,14.43,18.79,25.77,32.91,40.90,50.11,56.82,60.79,71.40,78.41,0.12,0.26,0.32,0.41,0.82,0.62,0.02,-0.18,-0.56,-0.38,-0.11,3,3,3,3,3,3,3,3,3,3,3,grid_c100_r18_axmagnitudeL3_l002_e831ac_1pct grid_c100_r18_axmagnitudeL3_l002_e831ac_2pct grid_c100_r18_axmagnitudeL3_l002_e831ac_3pct grid_c100_r18_axmagnitudeL3_l002_e831ac_5pct grid_c100_r18_axmagnitudeL3_l002_e831ac_7pct grid_c100_r18_axmagnitudeL3_l002_e831ac_10pct grid_c100_r18_axmagnitudeL3_l002_e831ac_15pct grid_c100_r18_axmagnitudeL3_l002_e831ac_20pct auxmag_25pct_l02 grid_c100_r18_axmagnitudeL3_l002_e831ac_50pct grid_c100_r18_axmagnitudeL3_l002_e831ac_100pct
"aux(magnitude@L3,L0.05)",cifar100,resnet18,variant,9.28,14.57,19.10,25.87,32.72,41.13,50.40,56.99,61.37,71.41,78.47,0.34,0.39,0.63,0.51,0.62,0.85,0.31,-0.01,0.02,-0.38,-0.05,3,3,3,3,3,3,3,3,3,3,3,grid_c100_r18_axmagnitudeL3_l005_2133c7_1pct grid_c100_r18_axmagnitudeL3_l005_2133c7_2pct grid_c100_r18_axmagnitudeL3_l005_2133c7_3pct grid_c100_r18_axmagnitudeL3_l005_2133c7_5pct grid_c100_r18_axmagnitudeL3_l005_2133c7_7pct auxmag_10pct_l05 grid_c100_r18_axmagnitudeL3_l005_2133c7_15pct grid_c100_r18_axmagnitudeL3_l005_2133c7_20pct auxmag_25pct_l05 grid_c100_r18_axmagnitudeL3_l005_2133c7_50pct auxmag_100pct_l05
"aux(magnitude@L3,L0.05>0.0,hn)",cifar100,resnet18,variant,,,,,47.68,,,,,,,,,,,0.21,,,,,,,,,,,10,,,,,,,diagtaxlam_c100_l005_7pct
"aux(magnitude@L3,L0.1)",cifar100,resnet18,variant,9.38,14.60,19.59,26.72,33.91,41.65,51.03,57.30,61.95,71.32,78.57,0.45,0.43,1.12,1.35,1.81,1.37,0.94,0.30,0.60,-0.47,0.05,3,3,3,3,3,3,3,3,3,3,3,grid_c100_r18_axmagnitudeL3_l01_e02b2d_1pct grid_c100_r18_axmagnitudeL3_l01_e02b2d_2pct grid_c100_r18_axmagnitudeL3_l01_e02b2d_3pct auxmag_5pct_l10 grid_c100_r18_axmagnitudeL3_l01_e02b2d_7pct auxmag_10pct_l10 grid_c100_r18_axmagnitudeL3_l01_e02b2d_15pct grid_c100_r18_axmagnitudeL3_l01_e02b2d_20pct auxmag_25pct_l10 grid_c100_r18_axmagnitudeL3_l01_e02b2d_50pct auxmag_100pct_l10
"aux(magnitude@L3,L0.1>0.0)",cifar100,resnet18,variant,9.34,14.66,19.15,26.90,33.91,41.67,51.42,57.79,62.20,71.56,78.67,0.41,0.48,0.68,1.54,1.81,1.39,1.33,0.79,0.85,-0.23,0.15,3,3,3,3,3,3,3,3,3,3,3,grid_c100_r18_axmagnitudeL3_l01to00_266981_1pct grid_c100_r18_axmagnitudeL3_l01to00_266981_2pct grid_c100_r18_axmagnitudeL3_l01to00_266981_3pct grid_c100_r18_axmagnitudeL3_l01to00_266981_5pct grid_c100_r18_axmagnitudeL3_l01to00_266981_7pct grid_c100_r18_axmagnitudeL3_l01to00_266981_10pct grid_c100_r18_axmagnitudeL3_l01to00_266981_15pct grid_c100_r18_axmagnitudeL3_l01to00_266981_20pct grid_c100_r18_axmagnitudeL3_l01to00_266981_25pct grid_c100_r18_axmagnitudeL3_l01to00_266981_50pct auxmag_100pct_sched01
"aux(magnitude@L3,L0.1>0.0,hn)",cifar100,resnet18,variant,,,,,48.00,,,,,,,,,,,0.53,,,,,,,,,,,10,,,,,,,diagtaxlam_c100_l01_7pct
"aux(magnitude@L3,L0.3)",cifar100,resnet18,variant,9.71,15.30,20.23,28.54,35.28,42.99,52.33,57.30,61.72,71.32,78.43,0.77,1.13,1.76,3.18,3.19,2.71,2.24,0.30,0.37,-0.46,-0.09,3,3,3,3,3,3,3,3,3,3,3,auxmag_1pct_l30 auxmag_2pct_l30 auxmag_3pct_l30 auxmag_5pct_l30 auxmag_7pct_l30 auxmag_10pct_l30 auxmag_15pct_l30 grid_c100_r18_axmagnitudeL3_l03_f0bd42_20pct auxmag_25pct_l30 grid_c100_r18_axmagnitudeL3_l03_f0bd42_50pct auxmag_100pct_l30
"aux(magnitude@L3,L0.3,cosine)",cifar100,resnet18,variant,8.99,14.16,18.75,25.98,33.01,40.64,50.46,56.62,61.37,71.34,78.61,0.06,-0.01,0.28,0.62,0.92,0.36,0.37,-0.38,0.02,-0.44,0.10,3,3,3,3,3,3,3,3,3,3,3,grid_c100_r18_axmagnitudeL3_l03_cosine_8fc914_1pct auxmag_2pct_cos grid_c100_r18_axmagnitudeL3_l03_cosine_8fc914_3pct grid_c100_r18_axmagnitudeL3_l03_cosine_8fc914_5pct grid_c100_r18_axmagnitudeL3_l03_cosine_8fc914_7pct auxmag_10pct_cos grid_c100_r18_axmagnitudeL3_l03_cosine_8fc914_15pct grid_c100_r18_axmagnitudeL3_l03_cosine_8fc914_20pct grid_c100_r18_axmagnitudeL3_l03_cosine_8fc914_25pct grid_c100_r18_axmagnitudeL3_l03_cosine_8fc914_50pct grid_c100_r18_axmagnitudeL3_l03_cosine_8fc914_100pct
"aux(magnitude@L3,L0.3>0.0)",cifar100,resnet18,variant,9.58,15.20,19.93,28.61,36.17,43.47,53.03,58.49,62.23,71.98,78.62,0.65,1.02,1.46,3.25,4.07,3.19,2.94,1.49,0.88,0.19,0.11,3,3,3,3,3,3,3,3,3,3,3,grid_c100_r18_axmagnitudeL3_l03to00_0ca5ff_1pct grid_c100_r18_axmagnitudeL3_l03to00_0ca5ff_2pct grid_c100_r18_axmagnitudeL3_l03to00_0ca5ff_3pct grid_c100_r18_axmagnitudeL3_l03to00_0ca5ff_5pct grid_c100_r18_axmagnitudeL3_l03to00_0ca5ff_7pct grid_c100_r18_axmagnitudeL3_l03to00_0ca5ff_10pct auxmag_15pct_sched03 grid_c100_r18_axmagnitudeL3_l03to00_0ca5ff_20pct auxmag_25pct_sched03 grid_c100_r18_axmagnitudeL3_l03to00_0ca5ff_50pct auxmag_100pct_sched03
"aux(magnitude@L3,L0.3>0.0,hn)",cifar100,resnet18,variant,,,,,48.98,,,,,,,,,,,1.50,,,,,,,,,,,10,,,,,,,diagtaxlam_c100_l03_7pct
"aux(magnitude@L3,L0.5)",cifar100,resnet18,variant,9.92,16.30,20.83,29.59,36.12,43.51,52.53,58.12,61.53,71.47,78.07,0.99,2.13,2.36,4.23,4.03,3.23,2.44,1.12,0.18,-0.32,-0.45,3,3,3,3,3,3,3,3,3,3,3,grid_c100_r18_axmagnitudeL3_l05_86a99d_1pct auxmag_2pct_l50 grid_c100_r18_axmagnitudeL3_l05_86a99d_3pct grid_c100_r18_axmagnitudeL3_l05_86a99d_5pct grid_c100_r18_axmagnitudeL3_l05_86a99d_7pct auxmag_10pct_l50 grid_c100_r18_axmagnitudeL3_l05_86a99d_15pct grid_c100_r18_axmagnitudeL3_l05_86a99d_20pct grid_c100_r18_axmagnitudeL3_l05_86a99d_25pct grid_c100_r18_axmagnitudeL3_l05_86a99d_50pct auxmag_100pct_l50
"aux(magnitude@L3,L1.0)",cifar100,resnet18,variant,10.51,16.80,22.02,30.58,36.47,43.35,52.23,57.17,61.50,70.99,78.09,1.57,2.63,3.55,5.22,4.38,3.07,2.14,0.17,0.15,-0.80,-0.43,3,3,3,3,3,3,3,3,3,3,3,grid_c100_r18_axmagnitudeL3_l10_270a59_1pct auxmag_2pct_l100 grid_c100_r18_axmagnitudeL3_l10_270a59_3pct grid_c100_r18_axmagnitudeL3_l10_270a59_5pct grid_c100_r18_axmagnitudeL3_l10_270a59_7pct auxmag_10pct_l100 grid_c100_r18_axmagnitudeL3_l10_270a59_15pct grid_c100_r18_axmagnitudeL3_l10_270a59_20pct grid_c100_r18_axmagnitudeL3_l10_270a59_25pct grid_c100_r18_axmagnitudeL3_l10_270a59_50pct auxmag_100pct_l100
"aux(magnitude@L3,L1.0>0.0)",cifar100,resnet18,variant,10.35,16.67,22.15,30.51,36.96,44.03,52.64,57.62,61.51,71.14,78.51,1.42,2.50,3.68,5.15,4.87,3.75,2.55,0.62,0.16,-0.64,-0.01,10,3,3,10,3,10,3,3,3,3,3,auxmag_1pct_sched0 auxmag_2pct_sched0 auxmag_3pct_sched0 auxmag_5pct_sched0 auxmag_7pct_sched0 auxmag_10pct_sched0 auxmag_15pct_sched0 grid_c100_r18_axmagnitudeL3_l10to00_b0bf76_20pct auxmag_25pct_sched0 grid_c100_r18_axmagnitudeL3_l10to00_b0bf76_50pct auxmag_100pct_sched0
"aux(magnitude@L3,L1.0>0.0)  [15ep]",cifar100,resnet18,variant,,,,,,24.65,,,,,,,,,,,6.30,,,,,,,,,,,3,,,,,,diagstep_c100_aux_10pct
"aux(magnitude@L3,L1.0>0.0)  [32ep]",cifar100,resnet18,variant,,,,23.26,,,,,,,,,,,5.78,,,,,,,,,,,3,,,,,,,,diagstep_c100_aux_5pct
"aux(magnitude@L3,L1.0>0.0)  [6ep]",cifar100,resnet18,variant,,,,,,,,,26.01,,,,,,,,,,,5.92,,,,,,,,,,,3,,,diagstep_c100_aux_25pct
"aux(magnitude@L3,L1.0>0.0)  [86ep]",cifar100,resnet18,variant,,15.21,,,,,,,,,,,2.29,,,,,,,,,,,3,,,,,,,,,,diagstep_c100_aux_2pct
"aux(magnitude@L3,L1.0>0.0) + cosine-head",cifar100,resnet18,variant,10.99,17.40,22.11,30.22,36.07,42.40,49.82,55.52,59.20,69.08,76.83,1.60,3.07,3.53,5.40,4.83,3.91,1.92,1.42,0.64,0.17,-0.17,3,3,3,3,3,3,3,3,3,3,3,diagcos_c100_aux_1pct diaggrid_c100_r18_axmagnitudeL3_l10to00_cosinehead_d1f3e0_2pct diaggrid_c100_r18_axmagnitudeL3_l10to00_cosinehead_d1f3e0_3pct diaggrid_c100_r18_axmagnitudeL3_l10to00_cosinehead_d1f3e0_5pct diaggrid_c100_r18_axmagnitudeL3_l10to00_cosinehead_d1f3e0_7pct diaggrid_c100_r18_axmagnitudeL3_l10to00_cosinehead_d1f3e0_10pct diaggrid_c100_r18_axmagnitudeL3_l10to00_cosinehead_d1f3e0_15pct diaggrid_c100_r18_axmagnitudeL3_l10to00_cosinehead_d1f3e0_20pct diaggrid_c100_r18_axmagnitudeL3_l10to00_cosinehead_d1f3e0_25pct diaggrid_c100_r18_axmagnitudeL3_l10to00_cosinehead_d1f3e0_50pct diaggrid_c100_r18_axmagnitudeL3_l10to00_cosinehead_d1f3e0_100pct
"aux(magnitude@L3,L1.0>0.0) + simclr-init",cifar100,resnet18,variant,11.61,19.35,24.38,32.90,40.01,47.51,55.50,58.95,62.58,71.35,78.22,2.68,5.18,5.91,7.53,7.91,7.23,5.41,1.95,1.23,-0.43,-0.29,3,3,3,3,3,3,3,3,3,3,3,diaggrid_c100_r18_axmagnitudeL3_l10to00_ssl_142df0_1pct diaggrid_c100_r18_axmagnitudeL3_l10to00_ssl_142df0_2pct diaggrid_c100_r18_axmagnitudeL3_l10to00_ssl_142df0_3pct diagssl_simclraux_5pct diaggrid_c100_r18_axmagnitudeL3_l10to00_ssl_142df0_7pct diaggrid_c100_r18_axmagnitudeL3_l10to00_ssl_142df0_10pct diaggrid_c100_r18_axmagnitudeL3_l10to00_ssl_142df0_15pct diaggrid_c100_r18_axmagnitudeL3_l10to00_ssl_142df0_20pct diaggrid_c100_r18_axmagnitudeL3_l10to00_ssl_142df0_25pct diaggrid_c100_r18_axmagnitudeL3_l10to00_ssl_142df0_50pct diaggrid_c100_r18_axmagnitudeL3_l10to00_ssl_142df0_100pct
"aux(magnitude@L3,L1.0>0.0,hn)",cifar100,resnet18,variant,,,,,47.17,,,,,,,,,,,-0.31,,,,,,,,,,,10,,,,,,,diagtaxlam_c100_delay_7pct
"aux(magnitude@L3,L1.0>0.0,hn)",cifar100,resnet18,variant,7.46,11.21,15.40,25.03,30.63,40.10,50.23,57.75,62.02,72.76,79.11,-5.11,-8.02,-11.20,-14.52,-16.84,-18.18,-15.22,-10.36,-7.81,-2.09,-0.69,3,3,3,3,10,3,3,3,3,3,3,diagtransfer2_c100_aux_1pct diagtransfer2_c100_aux_2pct diagtransfer2_c100_aux_3pct diagtransfer_c100_aux_5pct diagtransfer2_c100_aux_7pct diagtransfer2_c100_aux_10pct diagtransfer2_c100_aux_15pct diagtransfer2_c100_aux_20pct diagtransfer2_c100_aux_25pct diagtransfer2_c100_aux_50pct diagtransfer2_c100_aux_100pct
"aux(magnitude@L3,L1.0>0.0,hn)",cifar100,resnet18,variant,10.22,17.14,22.26,30.88,37.29,44.45,53.14,58.57,62.17,71.20,78.44,1.28,2.96,3.79,5.51,5.20,4.17,3.05,1.57,0.82,-0.59,-0.08,3,3,3,3,3,6,3,3,3,3,3,grid_c100_r18_axmagnitudeL3_l10to00_hn_d94ac5_1pct grid_c100_r18_axmagnitudeL3_l10to00_hn_d94ac5_2pct grid_c100_r18_axmagnitudeL3_l10to00_hn_d94ac5_3pct grid_c100_r18_axmagnitudeL3_l10to00_hn_d94ac5_5pct grid_c100_r18_axmagnitudeL3_l10to00_hn_d94ac5_7pct r18_aux_10pct_hn grid_c100_r18_axmagnitudeL3_l10to00_hn_d94ac5_15pct grid_c100_r18_axmagnitudeL3_l10to00_hn_d94ac5_20pct grid_c100_r18_axmagnitudeL3_l10to00_hn_d94ac5_25pct grid_c100_r18_axmagnitudeL3_l10to00_hn_d94ac5_50pct grid_c100_r18_axmagnitudeL3_l10to00_hn_d94ac5_100pct
"aux(magnitude@L3,L1.0>0.0,hn) + simclr-init",cifar100,resnet18,variant,,,,,,47.12,,,62.27,,,,,,,,6.84,,,0.92,,,,,,,,3,,,3,,,diagprosp_simclraux_c100_10pct diagprosp_simclraux_c100_25pct
"aux(magnitude@L3,L1.0>0.0,hn) + simsiam-init",cifar100,resnet18,variant,,,,31.65,,45.18,,,,,,,,,6.29,,4.90,,,,,,,,,3,,3,,,,,,diaggrid_simsiamaux_c100_5pct diaggrid_simsiamaux_c100_10pct
"aux(magnitude@L3,L1.0>0.1)",cifar100,resnet18,variant,10.43,16.58,22.27,30.54,36.88,43.82,52.32,57.92,61.79,71.24,78.24,1.50,2.41,3.80,5.17,4.79,3.54,2.23,0.92,0.44,-0.55,-0.27,3,3,3,3,3,3,3,3,3,3,3,auxmag_1pct_sched auxmag_2pct_sched auxmag_3pct_sched auxmag_5pct_sched auxmag_7pct_sched auxmag_10pct_sched auxmag_15pct_sched grid_c100_r18_axmagnitudeL3_l10to01_8fc310_20pct auxmag_25pct_sched grid_c100_r18_axmagnitudeL3_l10to01_8fc310_50pct auxmag_100pct_sched
"aux(magnitude@L3,L2.0)",cifar100,resnet18,variant,10.89,17.43,22.65,31.00,36.52,43.73,51.67,57.08,60.66,70.48,77.61,1.96,3.26,4.18,5.64,4.43,3.45,1.58,0.08,-0.69,-1.31,-0.90,3,3,3,3,3,3,3,3,3,3,3,grid_c100_r18_axmagnitudeL3_l20_017c1a_1pct auxmag_2pct_l200 grid_c100_r18_axmagnitudeL3_l20_017c1a_3pct grid_c100_r18_axmagnitudeL3_l20_017c1a_5pct grid_c100_r18_axmagnitudeL3_l20_017c1a_7pct grid_c100_r18_axmagnitudeL3_l20_017c1a_10pct grid_c100_r18_axmagnitudeL3_l20_017c1a_15pct grid_c100_r18_axmagnitudeL3_l20_017c1a_20pct grid_c100_r18_axmagnitudeL3_l20_017c1a_25pct grid_c100_r18_axmagnitudeL3_l20_017c1a_50pct grid_c100_r18_axmagnitudeL3_l20_017c1a_100pct
"aux(magnitude@L3,L2.0>0.0)",cifar100,resnet18,variant,10.81,17.31,22.79,31.13,36.90,44.00,52.38,57.06,61.20,70.67,77.69,1.87,3.14,4.32,5.77,4.81,3.72,2.29,0.06,-0.15,-1.12,-0.83,3,3,3,3,3,3,3,3,3,3,3,auxmag_1pct_sched2 auxmag_2pct_sched2 grid_c100_r18_axmagnitudeL3_l20to00_461755_3pct grid_c100_r18_axmagnitudeL3_l20to00_461755_5pct grid_c100_r18_axmagnitudeL3_l20to00_461755_7pct grid_c100_r18_axmagnitudeL3_l20to00_461755_10pct grid_c100_r18_axmagnitudeL3_l20to00_461755_15pct grid_c100_r18_axmagnitudeL3_l20to00_461755_20pct grid_c100_r18_axmagnitudeL3_l20to00_461755_25pct grid_c100_r18_axmagnitudeL3_l20to00_461755_50pct grid_c100_r18_axmagnitudeL3_l20to00_461755_100pct
"aux(magnitude@L3,L2.0>0.0,fwd-stem) + stem(energy-magnitude,k11)",cifar100,resnet18,variant,10.64,17.15,22.16,30.43,36.41,43.34,51.68,56.99,60.75,70.47,78.01,1.70,2.98,3.69,5.06,4.31,3.06,1.59,-0.01,-0.60,-1.32,-0.51,3,3,3,3,3,3,3,3,3,3,3,combo_1pct combo_2pct grid_c100_r18_stenergymagnitudek11_axmagnitudeL3_l20to00_fwd_d64000_3pct grid_c100_r18_stenergymagnitudek11_axmagnitudeL3_l20to00_fwd_d64000_5pct grid_c100_r18_stenergymagnitudek11_axmagnitudeL3_l20to00_fwd_d64000_7pct grid_c100_r18_stenergymagnitudek11_axmagnitudeL3_l20to00_fwd_d64000_10pct grid_c100_r18_stenergymagnitudek11_axmagnitudeL3_l20to00_fwd_d64000_15pct grid_c100_r18_stenergymagnitudek11_axmagnitudeL3_l20to00_fwd_d64000_20pct grid_c100_r18_stenergymagnitudek11_axmagnitudeL3_l20to00_fwd_d64000_25pct grid_c100_r18_stenergymagnitudek11_axmagnitudeL3_l20to00_fwd_d64000_50pct grid_c100_r18_stenergymagnitudek11_axmagnitudeL3_l20to00_fwd_d64000_100pct
"aux(magnitude@L4,L0.3)",cifar100,resnet18,variant,9.35,14.94,19.57,26.73,33.30,41.10,51.50,57.30,61.49,71.06,78.55,0.42,0.76,1.10,1.37,1.21,0.82,1.41,0.30,0.14,-0.73,0.03,3,3,3,3,3,3,3,3,3,3,3,grid_c100_r18_axmagnitudeL4_l03_27e91e_1pct grid_c100_r18_axmagnitudeL4_l03_27e91e_2pct grid_c100_r18_axmagnitudeL4_l03_27e91e_3pct grid_c100_r18_axmagnitudeL4_l03_27e91e_5pct grid_c100_r18_axmagnitudeL4_l03_27e91e_7pct auxmag_10pct_l30_tap4 grid_c100_r18_axmagnitudeL4_l03_27e91e_15pct grid_c100_r18_axmagnitudeL4_l03_27e91e_20pct grid_c100_r18_axmagnitudeL4_l03_27e91e_25pct grid_c100_r18_axmagnitudeL4_l03_27e91e_50pct grid_c100_r18_axmagnitudeL4_l03_27e91e_100pct
"aux(magnitude@['L2', 'L3', 'L4'],L0.3)",cifar100,resnet18,variant,9.61,15.46,20.41,28.43,35.20,43.03,52.01,57.49,61.58,71.38,78.43,0.67,1.28,1.94,3.06,3.10,2.75,1.92,0.49,0.23,-0.41,-0.09,3,3,3,3,3,3,3,3,3,3,3,grid_c100_r18_axmagnitudeL2L3L4_l03_6928d7_1pct grid_c100_r18_axmagnitudeL2L3L4_l03_6928d7_2pct grid_c100_r18_axmagnitudeL2L3L4_l03_6928d7_3pct grid_c100_r18_axmagnitudeL2L3L4_l03_6928d7_5pct grid_c100_r18_axmagnitudeL2L3L4_l03_6928d7_7pct auxmag_10pct_l30_tap234 grid_c100_r18_axmagnitudeL2L3L4_l03_6928d7_15pct grid_c100_r18_axmagnitudeL2L3L4_l03_6928d7_20pct grid_c100_r18_axmagnitudeL2L3L4_l03_6928d7_25pct grid_c100_r18_axmagnitudeL2L3L4_l03_6928d7_50pct grid_c100_r18_axmagnitudeL2L3L4_l03_6928d7_100pct
"aux(moments-cat@L3,L0.3)",cifar100,resnet18,variant,9.00,14.18,19.01,25.92,32.74,40.19,50.35,56.53,61.28,71.18,78.50,0.06,0.00,0.54,0.56,0.65,-0.09,0.26,-0.47,-0.07,-0.61,-0.01,3,3,3,3,3,3,3,3,3,3,3,grid_c100_r18_axmomentscatL3_l03_d020d0_1pct grid_c100_r18_axmomentscatL3_l03_d020d0_2pct grid_c100_r18_axmomentscatL3_l03_d020d0_3pct grid_c100_r18_axmomentscatL3_l03_d020d0_5pct grid_c100_r18_axmomentscatL3_l03_d020d0_7pct auxgab_10pct_l30 grid_c100_r18_axmomentscatL3_l03_d020d0_15pct grid_c100_r18_axmomentscatL3_l03_d020d0_20pct grid_c100_r18_axmomentscatL3_l03_d020d0_25pct grid_c100_r18_axmomentscatL3_l03_d020d0_50pct grid_c100_r18_axmomentscatL3_l03_d020d0_100pct
"aux(random-fixed@L3,L0.3)",cifar100,resnet18,variant,9.21,14.44,18.61,25.24,32.14,40.32,50.41,56.92,60.78,71.16,78.28,0.28,0.27,0.14,-0.12,0.04,0.04,0.32,-0.08,-0.57,-0.62,-0.24,3,3,3,3,3,3,3,3,3,3,3,auxrand_1pct_l30 grid_c100_r18_axrandomfixedL3_l03_ae7802_2pct grid_c100_r18_axrandomfixedL3_l03_ae7802_3pct auxrand_5pct_l30 grid_c100_r18_axrandomfixedL3_l03_ae7802_7pct auxrand_10pct_l30 grid_c100_r18_axrandomfixedL3_l03_ae7802_15pct grid_c100_r18_axrandomfixedL3_l03_ae7802_20pct grid_c100_r18_axrandomfixedL3_l03_ae7802_25pct grid_c100_r18_axrandomfixedL3_l03_ae7802_50pct grid_c100_r18_axrandomfixedL3_l03_ae7802_100pct
"aux(random-fixed@L3,L2.0>0.0)",cifar100,resnet18,variant,9.48,14.63,18.86,25.63,32.13,40.04,49.97,55.66,60.11,71.03,78.17,0.55,0.45,0.39,0.27,0.04,-0.24,-0.12,-1.34,-1.24,-0.75,-0.35,3,3,3,3,3,3,3,3,3,3,3,auxrand_1pct_sched2 grid_c100_r18_axrandomfixedL3_l20to00_80c6c7_2pct grid_c100_r18_axrandomfixedL3_l20to00_80c6c7_3pct grid_c100_r18_axrandomfixedL3_l20to00_80c6c7_5pct grid_c100_r18_axrandomfixedL3_l20to00_80c6c7_7pct grid_c100_r18_axrandomfixedL3_l20to00_80c6c7_10pct grid_c100_r18_axrandomfixedL3_l20to00_80c6c7_15pct grid_c100_r18_axrandomfixedL3_l20to00_80c6c7_20pct grid_c100_r18_axrandomfixedL3_l20to00_80c6c7_25pct grid_c100_r18_axrandomfixedL3_l20to00_80c6c7_50pct grid_c100_r18_axrandomfixedL3_l20to00_80c6c7_100pct
"aux(rotinv@L3,L0.3)",cifar100,resnet18,variant,9.45,14.66,19.13,26.80,33.13,41.02,49.88,56.24,60.39,71.24,78.18,0.51,0.49,0.66,1.43,1.03,0.74,-0.21,-0.76,-0.96,-0.54,-0.34,3,3,3,3,3,3,3,3,3,3,3,grid_c100_r18_axrotinvL3_l03_a9b216_1pct grid_c100_r18_axrotinvL3_l03_a9b216_2pct grid_c100_r18_axrotinvL3_l03_a9b216_3pct grid_c100_r18_axrotinvL3_l03_a9b216_5pct grid_c100_r18_axrotinvL3_l03_a9b216_7pct auxrot_10pct_l30 grid_c100_r18_axrotinvL3_l03_a9b216_15pct grid_c100_r18_axrotinvL3_l03_a9b216_20pct grid_c100_r18_axrotinvL3_l03_a9b216_25pct grid_c100_r18_axrotinvL3_l03_a9b216_50pct grid_c100_r18_axrotinvL3_l03_a9b216_100pct
"aux(steerable@L3,L0.3)",cifar100,resnet18,variant,9.47,14.84,19.42,26.91,34.01,41.19,50.42,56.39,60.63,70.72,78.01,0.53,0.66,0.95,1.55,1.92,0.91,0.33,-0.61,-0.72,-1.07,-0.51,3,3,3,3,3,3,3,3,3,3,3,grid_c100_r18_axsteerableL3_l03_db5093_1pct grid_c100_r18_axsteerableL3_l03_db5093_2pct grid_c100_r18_axsteerableL3_l03_db5093_3pct grid_c100_r18_axsteerableL3_l03_db5093_5pct grid_c100_r18_axsteerableL3_l03_db5093_7pct auxste_10pct_l30 grid_c100_r18_axsteerableL3_l03_db5093_15pct grid_c100_r18_axsteerableL3_l03_db5093_20pct grid_c100_r18_axsteerableL3_l03_db5093_25pct grid_c100_r18_axsteerableL3_l03_db5093_50pct grid_c100_r18_axsteerableL3_l03_db5093_100pct
"aux(structure@L3,L0.3)",cifar100,resnet18,variant,9.40,14.71,18.66,26.44,33.67,41.96,51.59,57.43,61.56,71.33,78.39,0.46,0.54,0.19,1.07,1.58,1.68,1.50,0.43,0.21,-0.46,-0.13,3,3,3,3,3,3,3,3,3,3,3,grid_c100_r18_axstructureL3_l03_26d33f_1pct grid_c100_r18_axstructureL3_l03_26d33f_2pct grid_c100_r18_axstructureL3_l03_26d33f_3pct grid_c100_r18_axstructureL3_l03_26d33f_5pct grid_c100_r18_axstructureL3_l03_26d33f_7pct auxstr_10pct_l30 grid_c100_r18_axstructureL3_l03_26d33f_15pct grid_c100_r18_axstructureL3_l03_26d33f_20pct grid_c100_r18_axstructureL3_l03_26d33f_25pct grid_c100_r18_axstructureL3_l03_26d33f_50pct grid_c100_r18_axstructureL3_l03_26d33f_100pct
aux-HOG(L0.3),cifar100,resnet18,variant,9.20,14.65,19.09,26.45,33.32,41.55,51.69,57.61,62.05,71.60,78.42,0.27,0.47,0.62,1.08,1.23,1.27,1.60,0.61,0.70,-0.19,-0.10,3,3,3,3,3,3,3,3,3,3,3,grid_c100_r18_axhog_l03_fc141d_1pct grid_c100_r18_axhog_l03_fc141d_2pct grid_c100_r18_axhog_l03_fc141d_3pct auxhog_5pct grid_c100_r18_axhog_l03_fc141d_7pct auxhog_10pct grid_c100_r18_axhog_l03_fc141d_15pct grid_c100_r18_axhog_l03_fc141d_20pct grid_c100_r18_axhog_l03_fc141d_25pct grid_c100_r18_axhog_l03_fc141d_50pct grid_c100_r18_axhog_l03_fc141d_100pct
aux-TEACHER(fitnets)(L0.3),cifar100,resnet18,variant,8.93,13.93,18.47,24.87,32.82,40.34,50.44,56.81,61.32,71.50,78.48,-0.00,-0.25,0.00,-0.49,0.73,0.06,0.35,-0.19,-0.03,-0.29,-0.04,3,3,3,3,3,3,3,3,3,3,3,grid_c100_r18_axteach_l03_10e860_1pct grid_c100_r18_axteach_l03_10e860_2pct grid_c100_r18_axteach_l03_10e860_3pct auxteach_5pct grid_c100_r18_axteach_l03_10e860_7pct auxteach_10pct grid_c100_r18_axteach_l03_10e860_15pct grid_c100_r18_axteach_l03_10e860_20pct grid_c100_r18_axteach_l03_10e860_25pct grid_c100_r18_axteach_l03_10e860_50pct grid_c100_r18_axteach_l03_10e860_100pct
"pool(learned,J8)",cifar100,resnet18,variant,1.00,1.00,4.93,1.08,1.00,1.11,1.00,29.87,31.61,23.00,25.59,-7.93,-13.17,-13.54,-24.28,-31.09,-39.17,-49.09,-27.13,-29.74,-48.79,-52.92,3,3,3,3,3,3,3,3,3,3,3,pool1_learned grid_c100_r18_poollearned_d9c446_2pct grid_c100_r18_poollearned_d9c446_3pct grid_c100_r18_poollearned_d9c446_5pct grid_c100_r18_poollearned_d9c446_7pct pool10_learned grid_c100_r18_poollearned_d9c446_15pct grid_c100_r18_poollearned_d9c446_20pct grid_c100_r18_poollearned_d9c446_25pct grid_c100_r18_poollearned_d9c446_50pct pool100_learned
"pool(random,J8)",cifar100,resnet18,variant,9.63,13.25,16.82,21.11,25.18,32.45,42.90,51.69,57.51,69.08,77.06,0.69,-0.92,-1.65,-4.26,-6.91,-7.83,-7.19,-5.31,-3.84,-2.70,-1.46,3,3,3,3,3,3,3,3,3,3,3,pool1_random grid_c100_r18_poolrandom_8af5c3_2pct grid_c100_r18_poolrandom_8af5c3_3pct grid_c100_r18_poolrandom_8af5c3_5pct grid_c100_r18_poolrandom_8af5c3_7pct pool10_random grid_c100_r18_poolrandom_8af5c3_15pct grid_c100_r18_poolrandom_8af5c3_20pct grid_c100_r18_poolrandom_8af5c3_25pct grid_c100_r18_poolrandom_8af5c3_50pct pool100_random
"pool(zernike,J8)",cifar100,resnet18,variant,9.51,12.95,15.96,21.33,25.08,31.35,40.11,50.28,54.42,68.35,76.79,0.57,-1.22,-2.51,-4.03,-7.01,-8.93,-9.98,-6.72,-6.93,-3.44,-1.72,3,3,3,3,3,3,3,3,3,3,3,pool1_zernike grid_c100_r18_poolzernike_8f86be_2pct grid_c100_r18_poolzernike_8f86be_3pct grid_c100_r18_poolzernike_8f86be_5pct grid_c100_r18_poolzernike_8f86be_7pct pool10_zernike grid_c100_r18_poolzernike_8f86be_15pct grid_c100_r18_poolzernike_8f86be_20pct grid_c100_r18_poolzernike_8f86be_25pct grid_c100_r18_poolzernike_8f86be_50pct pool100_zernike
simclr-init,cifar100,resnet18,variant,11.21,19.05,24.46,34.41,41.95,49.04,56.73,61.55,64.16,71.94,78.73,2.27,4.88,5.99,9.05,9.86,8.76,6.64,4.55,2.81,0.16,0.21,3,3,3,3,3,3,3,3,3,3,3,diagssl_simclr_1pct diagssl_simclr_2pct diagssl_simclr_3pct diagssl_simclr_5pct diagssl_simclr_7pct diagssl_simclr_10pct diagssl_simclr_15pct diaggrid_c100_r18_ssl_405e71_20pct diagssl_simclr_25pct diaggrid_c100_r18_ssl_405e71_50pct diagssl_simclr_100pct
simclr-init,cifar100,resnet18,variant,11.30,18.93,24.59,34.68,41.74,48.89,57.16,60.39,63.73,71.92,78.50,2.37,4.76,6.12,9.32,9.65,8.61,7.07,3.39,2.38,0.14,-0.02,3,3,3,3,3,3,3,3,3,3,3,diaggrid_simclr_c100_1pct diaggrid_simclr_c100_2pct diaggrid_simclr_c100_3pct diaggrid_simclr_c100_5pct diaggrid_simclr_c100_7pct diaggrid_simclr_c100_10pct diaggrid_simclr_c100_15pct diaggrid_simclr_c100_20pct diaggrid_simclr_c100_25pct diaggrid_simclr_c100_50pct diaggrid_simclr_c100_100pct
simclr-init,cifar100,resnet18,variant,13.47,22.50,29.29,39.75,45.97,51.20,58.45,,64.12,,,4.54,8.33,10.82,14.38,13.88,10.92,8.36,,2.77,,,3,3,3,3,3,3,3,,3,,,diagsslbudget_simclr800_c100_1pct diagsslbudget_simclr800_c100_2pct diagsslbudget_simclr800_c100_3pct diagsslbudget_simclr800_c100_5pct diagsslbudget_simclr800_c100_7pct diagsslbudget_simclr800_c100_10pct diagsslbudget_simclr800_c100_15pct diagsslbudget_simclr800_c100_25pct
simclr50-init,cifar100,resnet18,variant,9.57,15.87,21.22,30.81,36.96,44.77,53.40,58.79,62.93,71.48,78.68,0.63,1.69,2.75,5.45,4.87,4.49,3.31,1.79,1.58,-0.31,0.16,3,3,3,3,3,3,3,3,3,3,3,diaggrid_c100_r18_ssl_4de209_1pct diaggrid_c100_r18_ssl_4de209_2pct diaggrid_c100_r18_ssl_4de209_3pct diagssl_simclr50_5pct diaggrid_c100_r18_ssl_4de209_7pct diaggrid_c100_r18_ssl_4de209_10pct diaggrid_c100_r18_ssl_4de209_15pct diaggrid_c100_r18_ssl_4de209_20pct diaggrid_c100_r18_ssl_4de209_25pct diaggrid_c100_r18_ssl_4de209_50pct diaggrid_c100_r18_ssl_4de209_100pct
simsiam-init,cifar100,resnet18,variant,8.92,14.06,18.58,25.49,32.96,40.89,50.26,57.39,61.32,71.20,77.80,-0.02,-0.11,0.11,0.13,0.87,0.61,0.17,0.39,-0.03,-0.58,-0.72,3,3,3,3,3,3,3,3,3,3,3,diaggrid_simsiam_c100_1pct diaggrid_simsiam_c100_2pct diaggrid_simsiam_c100_3pct diaggrid_simsiam_c100_5pct diaggrid_simsiam_c100_7pct diaggrid_simsiam_c100_10pct diaggrid_simsiam_c100_15pct diaggrid_simsiam_c100_20pct diaggrid_simsiam_c100_25pct diaggrid_simsiam_c100_50pct diaggrid_simsiam_c100_100pct
simsiam-init,cifar100,resnet18,variant,8.85,14.36,19.01,27.26,35.48,44.61,53.74,,62.14,,,-0.09,0.19,0.54,1.90,3.39,4.33,3.65,,0.79,,,3,3,3,3,3,3,3,,3,,,diagsslbudget_simsiam800_c100_1pct diagsslbudget_simsiam800_c100_2pct diagsslbudget_simsiam800_c100_3pct diagsslbudget_simsiam800_c100_5pct diagsslbudget_simsiam800_c100_7pct diagsslbudget_simsiam800_c100_10pct diagsslbudget_simsiam800_c100_15pct diagsslbudget_simsiam800_c100_25pct
"stem(energy-invariants,k11)",cifar100,resnet18,variant,9.37,14.09,18.10,21.84,23.30,30.83,39.24,,50.96,,77.39,0.43,-0.08,-0.37,-3.53,-8.79,-9.45,-10.85,,-10.39,,-1.13,3,3,3,3,3,3,3,,3,,3,eninv_1pct eninv_2pct eninv_3pct eninv_5pct eninv_7pct eninv_10pct eninv_15pct eninv_25pct eninv_100pct
"stem(energy-magnitude,k11)",cifar100,resnet18,variant,11.45,17.70,21.46,28.57,32.87,38.44,45.33,50.35,53.92,63.92,76.49,2.51,3.52,2.99,3.21,0.78,-1.84,-4.76,-6.65,-7.43,-7.87,-2.03,3,3,3,3,3,3,3,3,3,3,3,enmag_1pct enmag_2pct enmag_3pct enmag_5pct enmag_7pct enmag_10pct enmag_15pct grid_c100_r18_stenergymagnitudek11_b009ac_20pct enmag_25pct grid_c100_r18_stenergymagnitudek11_b009ac_50pct enmag_100pct
"stem(energy-rotinv,k11)",cifar100,resnet18,variant,9.87,14.88,19.12,25.68,29.31,34.54,41.10,45.56,49.48,66.57,77.09,0.94,0.71,0.65,0.32,-2.78,-5.74,-8.99,-11.44,-11.87,-5.22,-1.42,3,3,3,3,3,3,3,3,3,3,3,enrot_1pct enrot_2pct enrot_3pct enrot_5pct enrot_7pct enrot_10pct enrot_15pct grid_c100_r18_stenergyrotinvk11_d39a1c_20pct enrot_25pct grid_c100_r18_stenergyrotinvk11_d39a1c_50pct enrot_100pct
"stem(energy-steerable,k11)",cifar100,resnet18,variant,10.77,15.86,20.28,26.73,31.04,35.36,41.69,46.10,50.28,64.40,77.43,1.83,1.69,1.81,1.37,-1.05,-4.92,-8.40,-10.90,-11.07,-7.39,-1.09,3,3,3,3,3,3,3,3,3,3,3,enste_1pct enste_2pct enste_3pct enste_5pct enste_7pct enste_10pct enste_15pct grid_c100_r18_stenergysteerablek11_007504_20pct enste_25pct grid_c100_r18_stenergysteerablek11_007504_50pct enste_100pct
"stem(energy-structure,k11)",cifar100,resnet18,variant,9.37,14.40,18.68,24.96,29.68,34.98,42.28,47.83,52.69,69.34,77.48,0.44,0.23,0.21,-0.40,-2.42,-5.30,-7.81,-9.17,-8.66,-2.45,-1.03,3,3,3,3,3,3,3,3,3,3,3,enstr_1pct enstr_2pct enstr_3pct enstr_5pct enstr_7pct enstr_10pct enstr_15pct grid_c100_r18_stenergystructurek11_e0cf81_20pct enstr_25pct grid_c100_r18_stenergystructurek11_e0cf81_50pct enstr_100pct
"stem(gabor-learn,k11)",cifar100,resnet18,variant,8.67,13.40,18.05,23.34,29.14,35.84,45.09,52.90,58.00,70.47,78.04,-0.26,-0.77,-0.42,-2.02,-2.95,-4.44,-5.00,-4.10,-3.35,-1.31,-0.48,3,3,3,3,3,3,3,3,3,3,1,grid_c100_r18_stgaborlearnk11_b3375b_1pct grid_c100_r18_stgaborlearnk11_b3375b_2pct grid_c100_r18_stgaborlearnk11_b3375b_3pct grid_c100_r18_stgaborlearnk11_b3375b_5pct grid_c100_r18_stgaborlearnk11_b3375b_7pct grid_c100_r18_stgaborlearnk11_b3375b_10pct grid_c100_r18_stgaborlearnk11_b3375b_15pct grid_c100_r18_stgaborlearnk11_b3375b_20pct grid_c100_r18_stgaborlearnk11_b3375b_25pct grid_c100_r18_stgaborlearnk11_b3375b_50pct ablf_gaborlearn_calib
"stem(gabor-learn,k11) + kw(use_zernike=False)",cifar100,resnet18,variant,8.89,14.45,18.98,24.34,30.20,37.23,46.16,54.70,59.69,70.63,78.43,-0.04,0.28,0.51,-1.03,-1.89,-3.05,-3.93,-2.30,-1.66,-1.15,-0.08,3,3,3,3,3,3,3,3,3,3,3,gl1_gaborlearn grid_c100_r18_stgaborlearnk11_kw03e54b_a324d3_2pct grid_c100_r18_stgaborlearnk11_kw03e54b_a324d3_3pct gl5_gaborlearn grid_c100_r18_stgaborlearnk11_kw03e54b_a324d3_7pct gl10_gaborlearn gl15_gaborlearn grid_c100_r18_stgaborlearnk11_kw03e54b_a324d3_20pct grid_c100_r18_stgaborlearnk11_kw03e54b_a324d3_25pct grid_c100_r18_stgaborlearnk11_kw03e54b_a324d3_50pct grid_c100_r18_stgaborlearnk11_kw03e54b_a324d3_100pct
"stem(gabor-learn,k11,unfreeze@50) + kw(use_zernike=False)",cifar100,resnet18,variant,10.21,15.84,19.44,27.16,32.63,39.00,48.20,55.83,60.07,71.49,78.51,1.27,1.67,0.97,1.79,0.53,-1.28,-1.89,-1.17,-1.28,-0.30,-0.01,3,3,3,3,3,3,3,3,3,3,3,grid_c100_r18_stgaborlearnk11_kw03e54b_615736_1pct grid_c100_r18_stgaborlearnk11_kw03e54b_615736_2pct grid_c100_r18_stgaborlearnk11_kw03e54b_615736_3pct grid_c100_r18_stgaborlearnk11_kw03e54b_615736_5pct grid_c100_r18_stgaborlearnk11_kw03e54b_615736_7pct uf10_gaborwarm grid_c100_r18_stgaborlearnk11_kw03e54b_615736_15pct grid_c100_r18_stgaborlearnk11_kw03e54b_615736_20pct grid_c100_r18_stgaborlearnk11_kw03e54b_615736_25pct grid_c100_r18_stgaborlearnk11_kw03e54b_615736_50pct grid_c100_r18_stgaborlearnk11_kw03e54b_615736_100pct
"stem(gabor-learn,k11,unfreeze@70) + kw(use_zernike=False)",cifar100,resnet18,variant,10.26,15.68,20.00,27.44,32.19,39.15,47.71,55.28,60.05,71.41,78.47,1.32,1.51,1.53,2.07,0.10,-1.13,-2.38,-1.72,-1.30,-0.38,-0.04,3,3,3,3,3,3,3,3,3,3,3,grid_c100_r18_stgaborlearnk11_kw03e54b_2f7208_1pct grid_c100_r18_stgaborlearnk11_kw03e54b_2f7208_2pct grid_c100_r18_stgaborlearnk11_kw03e54b_2f7208_3pct grid_c100_r18_stgaborlearnk11_kw03e54b_2f7208_5pct grid_c100_r18_stgaborlearnk11_kw03e54b_2f7208_7pct grid_c100_r18_stgaborlearnk11_kw03e54b_2f7208_10pct uf15_gaborwarm grid_c100_r18_stgaborlearnk11_kw03e54b_2f7208_20pct grid_c100_r18_stgaborlearnk11_kw03e54b_2f7208_25pct grid_c100_r18_stgaborlearnk11_kw03e54b_2f7208_50pct grid_c100_r18_stgaborlearnk11_kw03e54b_2f7208_100pct
"stem(learned,k11,nocal)",cifar100,resnet18,variant,8.00,12.08,15.58,21.31,25.45,32.71,44.06,52.31,58.31,70.52,78.13,-0.94,-2.09,-2.89,-4.06,-6.64,-7.57,-6.03,-4.69,-3.04,-1.27,-0.39,3,3,3,3,3,1,3,3,3,3,1,abl1_learned grid_c100_r18_stlearnedk11_037422_2pct grid_c100_r18_stlearnedk11_037422_3pct abl5_learned grid_c100_r18_stlearnedk11_037422_7pct abl_learned grid_c100_r18_stlearnedk11_037422_15pct grid_c100_r18_stlearnedk11_037422_20pct grid_c100_r18_stlearnedk11_037422_25pct grid_c100_r18_stlearnedk11_037422_50pct ablf_learned
"stem(moments-cat,k11)",cifar100,resnet18,variant,10.00,15.95,19.93,26.57,31.72,38.60,45.81,53.42,58.58,70.74,77.84,1.06,1.77,1.46,1.21,-0.38,-1.68,-4.28,-3.58,-2.77,-1.04,-0.68,3,3,3,3,3,1,3,3,3,3,2,abl1_cat_calib grid_c100_r18_stmomentscatk11_510a3c_2pct grid_c100_r18_stmomentscatk11_510a3c_3pct abl5_cat_calib grid_c100_r18_stmomentscatk11_510a3c_7pct abl_cat_calib grid_c100_r18_stmomentscatk11_510a3c_15pct grid_c100_r18_stmomentscatk11_510a3c_20pct grid_c100_r18_stmomentscatk11_510a3c_25pct grid_c100_r18_stmomentscatk11_510a3c_50pct ablf_cat_calib
"stem(moments-cat,k11) + kw(gabor_bank_type=grid)",cifar100,resnet18,variant,9.82,15.97,20.10,26.92,32.04,37.73,46.42,54.35,58.75,70.55,77.95,0.89,1.79,1.63,1.55,-0.05,-2.55,-3.67,-2.65,-2.60,-1.24,-0.57,3,3,3,3,3,1,3,3,3,3,3,grid_c100_r18_stmomentscatk11_kw6bd8ad_708dc6_1pct grid_c100_r18_stmomentscatk11_kw6bd8ad_708dc6_2pct grid_c100_r18_stmomentscatk11_kw6bd8ad_708dc6_3pct grid_c100_r18_stmomentscatk11_kw6bd8ad_708dc6_5pct grid_c100_r18_stmomentscatk11_kw6bd8ad_708dc6_7pct abl_cat_calib_grid grid_c100_r18_stmomentscatk11_kw6bd8ad_708dc6_15pct grid_c100_r18_stmomentscatk11_kw6bd8ad_708dc6_20pct grid_c100_r18_stmomentscatk11_kw6bd8ad_708dc6_25pct grid_c100_r18_stmomentscatk11_kw6bd8ad_708dc6_50pct grid_c100_r18_stmomentscatk11_kw6bd8ad_708dc6_100pct
"stem(moments-cat,k11) + kw(gabor_bank_type=luma,use_zernike=False)",cifar100,resnet18,variant,10.18,16.53,20.99,27.62,33.35,38.49,46.08,51.96,56.40,69.53,77.15,1.25,2.36,2.52,2.25,1.25,-1.79,-4.01,-5.04,-4.95,-2.26,-1.37,3,3,3,3,3,3,3,3,3,3,3,grid_c100_r18_stmomentscatk11_kwe61c0d_b5162e_1pct grid_c100_r18_stmomentscatk11_kwe61c0d_b5162e_2pct grid_c100_r18_stmomentscatk11_kwe61c0d_b5162e_3pct luma5_gabor grid_c100_r18_stmomentscatk11_kwe61c0d_b5162e_7pct luma10_gabor grid_c100_r18_stmomentscatk11_kwe61c0d_b5162e_15pct grid_c100_r18_stmomentscatk11_kwe61c0d_b5162e_20pct grid_c100_r18_stmomentscatk11_kwe61c0d_b5162e_25pct grid_c100_r18_stmomentscatk11_kwe61c0d_b5162e_50pct grid_c100_r18_stmomentscatk11_kwe61c0d_b5162e_100pct
"stem(moments-cat,k11) + kw(gabor_bank_type=pyramid,use_zernike=False)",cifar100,resnet18,variant,10.00,16.09,20.46,27.40,32.49,39.12,47.72,54.32,59.88,70.44,78.07,1.07,1.92,1.99,2.04,0.40,-1.16,-2.37,-2.68,-1.47,-1.35,-0.45,3,3,3,3,3,3,3,3,3,3,3,grid_c100_r18_stmomentscatk11_kw1d5981_dd9d31_1pct grid_c100_r18_stmomentscatk11_kw1d5981_dd9d31_2pct grid_c100_r18_stmomentscatk11_kw1d5981_dd9d31_3pct pyramid5_gabor grid_c100_r18_stmomentscatk11_kw1d5981_dd9d31_7pct pyramid10_gabor grid_c100_r18_stmomentscatk11_kw1d5981_dd9d31_15pct grid_c100_r18_stmomentscatk11_kw1d5981_dd9d31_20pct grid_c100_r18_stmomentscatk11_kw1d5981_dd9d31_25pct grid_c100_r18_stmomentscatk11_kw1d5981_dd9d31_50pct grid_c100_r18_stmomentscatk11_kw1d5981_dd9d31_100pct
"stem(moments-cat,k11) + kw(include_identity=False)",cifar100,resnet18,variant,9.68,15.63,20.02,26.46,31.79,37.52,46.43,52.06,56.72,68.37,76.71,0.74,1.46,1.55,1.09,-0.30,-2.76,-3.66,-4.94,-4.63,-3.42,-1.81,3,3,3,3,3,3,3,3,3,3,1,grid_c100_r18_stmomentscatk11_kw7533d3_7ed33b_1pct grid_c100_r18_stmomentscatk11_kw7533d3_7ed33b_2pct grid_c100_r18_stmomentscatk11_kw7533d3_7ed33b_3pct grid_c100_r18_stmomentscatk11_kw7533d3_7ed33b_5pct grid_c100_r18_stmomentscatk11_kw7533d3_7ed33b_7pct grid_c100_r18_stmomentscatk11_kw7533d3_7ed33b_10pct grid_c100_r18_stmomentscatk11_kw7533d3_7ed33b_15pct grid_c100_r18_stmomentscatk11_kw7533d3_7ed33b_20pct grid_c100_r18_stmomentscatk11_kw7533d3_7ed33b_25pct grid_c100_r18_stmomentscatk11_kw7533d3_7ed33b_50pct ablf_noidentity_calib
"stem(moments-cat,k11) + kw(use_gabor=False)",cifar100,resnet18,variant,9.69,14.85,18.96,25.11,29.32,34.21,41.38,48.62,55.27,69.94,77.92,0.75,0.67,0.49,-0.26,-2.77,-6.07,-8.71,-8.38,-6.08,-1.84,-0.60,3,3,3,3,3,3,3,3,3,3,1,grid_c100_r18_stmomentscatk11_kw4dc8be_0802e2_1pct grid_c100_r18_stmomentscatk11_kw4dc8be_0802e2_2pct grid_c100_r18_stmomentscatk11_kw4dc8be_0802e2_3pct grid_c100_r18_stmomentscatk11_kw4dc8be_0802e2_5pct grid_c100_r18_stmomentscatk11_kw4dc8be_0802e2_7pct grid_c100_r18_stmomentscatk11_kw4dc8be_0802e2_10pct grid_c100_r18_stmomentscatk11_kw4dc8be_0802e2_15pct grid_c100_r18_stmomentscatk11_kw4dc8be_0802e2_20pct grid_c100_r18_stmomentscatk11_kw4dc8be_0802e2_25pct grid_c100_r18_stmomentscatk11_kw4dc8be_0802e2_50pct ablf_zernikeonly_calib
"stem(moments-cat,k11) + kw(use_zernike=False)",cifar100,resnet18,variant,10.25,15.96,20.32,27.14,32.67,38.78,47.72,55.33,59.75,71.21,78.51,1.31,1.79,1.85,1.78,0.58,-1.50,-2.37,-1.67,-1.60,-0.58,-0.01,3,3,3,3,3,3,3,3,3,3,3,abl1_gaboronly_calib abl2_gaboronly_calib abl3_gaboronly_calib abl5_gaboronly_calib abl7_gaboronly_calib abl10_gaboronly_calib abl15_gaboronly_calib grid_c100_r18_stmomentscatk11_kw03e54b_19ae4e_20pct abl25_gaboronly_calib grid_c100_r18_stmomentscatk11_kw03e54b_19ae4e_50pct ablf_gaboronly_calib
"stem(moments-cat,k11) + kw(use_zernike=False)  [100ep]",cifar100,resnet18,variant,9.24,14.93,19.29,25.72,30.97,37.25,45.26,52.08,56.92,69.49,76.84,1.03,1.74,1.96,2.56,0.90,-0.64,-2.05,-2.20,-1.97,-0.98,-0.83,3,3,3,3,3,3,3,3,3,3,3,diaggrid_c100_r18_e100_stmomentscatk11_kw03e54b_1201eb_1pct diaggrid_c100_r18_e100_stmomentscatk11_kw03e54b_1201eb_2pct diaggrid_c100_r18_e100_stmomentscatk11_kw03e54b_1201eb_3pct diaggrid_c100_r18_e100_stmomentscatk11_kw03e54b_1201eb_5pct diaggrid_c100_r18_e100_stmomentscatk11_kw03e54b_1201eb_7pct diag10e100_gaboronly_calib diaggrid_c100_r18_e100_stmomentscatk11_kw03e54b_1201eb_15pct diaggrid_c100_r18_e100_stmomentscatk11_kw03e54b_1201eb_20pct diaggrid_c100_r18_e100_stmomentscatk11_kw03e54b_1201eb_25pct diaggrid_c100_r18_e100_stmomentscatk11_kw03e54b_1201eb_50pct diaggrid_c100_r18_e100_stmomentscatk11_kw03e54b_1201eb_100pct
"stem(moments-cat,k11) + kw(use_zernike=False)  [400ep]",cifar100,resnet18,variant,10.76,16.46,21.20,28.35,34.09,40.76,50.50,57.45,61.35,71.23,78.80,1.46,1.85,1.61,1.01,-0.69,-2.01,-1.58,-1.59,-1.27,-0.65,-0.40,3,3,3,3,3,3,3,3,3,3,3,diaggrid_c100_r18_e400_stmomentscatk11_kw03e54b_f77742_1pct diaggrid_c100_r18_e400_stmomentscatk11_kw03e54b_f77742_2pct diaggrid_c100_r18_e400_stmomentscatk11_kw03e54b_f77742_3pct diaggrid_c100_r18_e400_stmomentscatk11_kw03e54b_f77742_5pct diaggrid_c100_r18_e400_stmomentscatk11_kw03e54b_f77742_7pct diag10e400_gaboronly_calib diag15e400_gaboronly_calib diaggrid_c100_r18_e400_stmomentscatk11_kw03e54b_f77742_20pct diaggrid_c100_r18_e400_stmomentscatk11_kw03e54b_f77742_25pct diaggrid_c100_r18_e400_stmomentscatk11_kw03e54b_f77742_50pct diaggrid_c100_r18_e400_stmomentscatk11_kw03e54b_f77742_100pct
"stem(moments-cat,k11) + kw(use_zernike=False)  [800ep]",cifar100,resnet18,variant,11.20,17.30,22.49,30.63,36.71,43.58,53.38,58.87,62.50,71.08,78.66,1.67,1.82,1.63,0.50,-0.94,-1.39,-1.19,-1.38,-1.00,-0.80,-0.54,3,3,3,3,3,3,3,3,3,3,3,diaggrid_c100_r18_e800_stmomentscatk11_kw03e54b_a76449_1pct diaggrid_c100_r18_e800_stmomentscatk11_kw03e54b_a76449_2pct diaggrid_c100_r18_e800_stmomentscatk11_kw03e54b_a76449_3pct diaggrid_c100_r18_e800_stmomentscatk11_kw03e54b_a76449_5pct diaggrid_c100_r18_e800_stmomentscatk11_kw03e54b_a76449_7pct diag10e800_gaboronly_calib diaggrid_c100_r18_e800_stmomentscatk11_kw03e54b_a76449_15pct diaggrid_c100_r18_e800_stmomentscatk11_kw03e54b_a76449_20pct diaggrid_c100_r18_e800_stmomentscatk11_kw03e54b_a76449_25pct diaggrid_c100_r18_e800_stmomentscatk11_kw03e54b_a76449_50pct diaggrid_c100_r18_e800_stmomentscatk11_kw03e54b_a76449_100pct
"stem(moments-cat,k11) + kw(zernike_indices=[1, 2, 3, 7, 11])",cifar100,resnet18,variant,10.42,15.72,20.03,26.72,32.56,38.71,47.02,54.94,59.67,71.23,78.25,1.49,1.55,1.56,1.36,0.46,-1.57,-3.07,-2.06,-1.68,-0.55,-0.27,3,3,3,3,3,3,3,3,3,3,2,grid_c100_r18_stmomentscatk11_kw6b13fe_1d6c5f_1pct grid_c100_r18_stmomentscatk11_kw6b13fe_1d6c5f_2pct grid_c100_r18_stmomentscatk11_kw6b13fe_1d6c5f_3pct grid_c100_r18_stmomentscatk11_kw6b13fe_1d6c5f_5pct grid_c100_r18_stmomentscatk11_kw6b13fe_1d6c5f_7pct grid_c100_r18_stmomentscatk11_kw6b13fe_1d6c5f_10pct grid_c100_r18_stmomentscatk11_kw6b13fe_1d6c5f_15pct grid_c100_r18_stmomentscatk11_kw6b13fe_1d6c5f_20pct grid_c100_r18_stmomentscatk11_kw6b13fe_1d6c5f_25pct grid_c100_r18_stmomentscatk11_kw6b13fe_1d6c5f_50pct ablf_catpruned_calib
"stem(moments-cat,k11,nocal)",cifar100,resnet18,variant,,13.23,16.81,22.16,27.25,33.20,42.00,51.20,56.05,70.01,,,-0.94,-1.66,-3.21,-4.84,-7.08,-8.09,-5.80,-5.30,-1.77,,,3,3,3,3,1,3,3,3,3,,grid_c100_r18_stmomentscatk11_7111b7_2pct grid_c100_r18_stmomentscatk11_7111b7_3pct grid_c100_r18_stmomentscatk11_7111b7_5pct grid_c100_r18_stmomentscatk11_7111b7_7pct abl_cat_v1 grid_c100_r18_stmomentscatk11_7111b7_15pct grid_c100_r18_stmomentscatk11_7111b7_20pct grid_c100_r18_stmomentscatk11_7111b7_25pct grid_c100_r18_stmomentscatk11_7111b7_50pct
"stem(moments-cat,k11,nocal)  [20ep]",cifar100,resnet18,variant,3.58,7.15,9.02,13.15,15.66,19.73,26.09,33.04,37.35,55.23,70.73,-2.47,-1.63,-1.29,-0.70,-1.32,-1.79,-5.45,-7.22,-8.95,-7.09,-2.07,3,3,3,3,3,1,3,3,3,3,3,diaggrid_c100_r18_e20_stmomentscatk11_d25252_1pct diaggrid_c100_r18_e20_stmomentscatk11_d25252_2pct diaggrid_c100_r18_e20_stmomentscatk11_d25252_3pct diaggrid_c100_r18_e20_stmomentscatk11_d25252_5pct diaggrid_c100_r18_e20_stmomentscatk11_d25252_7pct smoke_cifar100_resnet18_moments-cat_10pct diaggrid_c100_r18_e20_stmomentscatk11_d25252_15pct diaggrid_c100_r18_e20_stmomentscatk11_d25252_20pct diaggrid_c100_r18_e20_stmomentscatk11_d25252_25pct diaggrid_c100_r18_e20_stmomentscatk11_d25252_50pct diaggrid_c100_r18_e20_stmomentscatk11_d25252_100pct
"stem(moments-cat,k11,zca) + kw(use_zernike=False)",cifar100,resnet18,variant,9.75,14.90,19.41,26.72,32.51,38.65,47.05,54.28,60.00,71.23,78.71,0.82,0.73,0.94,1.35,0.42,-1.63,-3.04,-2.72,-1.35,-0.55,0.19,3,3,3,3,3,3,3,3,3,3,3,zca1_gaboronly grid_c100_r18_stmomentscatk11_kw03e54b_0b1c03_2pct grid_c100_r18_stmomentscatk11_kw03e54b_0b1c03_3pct zca5_gaboronly grid_c100_r18_stmomentscatk11_kw03e54b_0b1c03_7pct zca10_gaboronly grid_c100_r18_stmomentscatk11_kw03e54b_0b1c03_15pct grid_c100_r18_stmomentscatk11_kw03e54b_0b1c03_20pct grid_c100_r18_stmomentscatk11_kw03e54b_0b1c03_25pct grid_c100_r18_stmomentscatk11_kw03e54b_0b1c03_50pct zca100_gaboronly
"stem(moments-cat,k5) + kw(use_zernike=False)",cifar100,resnet18,variant,9.74,15.16,19.93,27.58,33.53,40.09,49.22,56.66,60.49,71.35,78.59,0.80,0.98,1.46,2.21,1.44,-0.19,-0.87,-0.34,-0.86,-0.43,0.08,3,3,3,3,3,3,3,3,3,3,3,k5_1pct_gaboronly k5_2pct_gaboronly k5_3pct_gaboronly k5_5pct_gaboronly k5_7pct_gaboronly k5_10pct_gaboronly k5_15pct_gaboronly grid_c100_r18_stmomentscatk5_kw03e54b_922cd7_20pct k5_25pct_gaboronly grid_c100_r18_stmomentscatk5_kw03e54b_922cd7_50pct k5_100pct_gaboronly
"stem(moments-cat,k7) + kw(use_zernike=False)",cifar100,resnet18,variant,10.15,15.42,20.57,27.53,32.98,39.31,48.52,55.00,60.00,71.22,78.51,1.22,1.24,2.10,2.17,0.89,-0.97,-1.57,-2.00,-1.35,-0.57,-0.00,3,3,3,3,3,3,3,3,3,3,3,grid_c100_r18_stmomentscatk7_kw03e54b_207a01_1pct grid_c100_r18_stmomentscatk7_kw03e54b_207a01_2pct grid_c100_r18_stmomentscatk7_kw03e54b_207a01_3pct k7_5pct_gaboronly grid_c100_r18_stmomentscatk7_kw03e54b_207a01_7pct k7_10pct_gaboronly grid_c100_r18_stmomentscatk7_kw03e54b_207a01_15pct grid_c100_r18_stmomentscatk7_kw03e54b_207a01_20pct grid_c100_r18_stmomentscatk7_kw03e54b_207a01_25pct grid_c100_r18_stmomentscatk7_kw03e54b_207a01_50pct grid_c100_r18_stmomentscatk7_kw03e54b_207a01_100pct
"stem(moments-sum,k11)",cifar100,resnet18,variant,8.90,13.66,16.79,22.15,26.30,32.85,40.50,45.13,48.31,58.33,66.63,-0.04,-0.52,-1.68,-3.21,-5.80,-7.43,-9.59,-11.87,-13.04,-13.46,-11.89,3,3,3,3,3,1,3,3,3,3,3,grid_c100_r18_stmomentssumk11_5f9ae4_1pct grid_c100_r18_stmomentssumk11_5f9ae4_2pct grid_c100_r18_stmomentssumk11_5f9ae4_3pct grid_c100_r18_stmomentssumk11_5f9ae4_5pct grid_c100_r18_stmomentssumk11_5f9ae4_7pct abl_sum_calib grid_c100_r18_stmomentssumk11_5f9ae4_15pct grid_c100_r18_stmomentssumk11_5f9ae4_20pct grid_c100_r18_stmomentssumk11_5f9ae4_25pct grid_c100_r18_stmomentssumk11_5f9ae4_50pct grid_c100_r18_stmomentssumk11_5f9ae4_100pct
"stem(random-fixed,k11)",cifar100,resnet18,variant,8.78,13.01,17.07,22.45,27.37,34.05,43.68,51.95,58.37,70.65,78.02,-0.15,-1.17,-1.40,-2.91,-4.72,-6.23,-6.41,-5.05,-2.98,-1.13,-0.50,3,3,3,3,3,3,3,3,3,3,1,grid_c100_r18_strandomfixedk11_554b99_1pct grid_c100_r18_strandomfixedk11_554b99_2pct grid_c100_r18_strandomfixedk11_554b99_3pct grid_c100_r18_strandomfixedk11_554b99_5pct grid_c100_r18_strandomfixedk11_554b99_7pct grid_c100_r18_strandomfixedk11_554b99_10pct grid_c100_r18_strandomfixedk11_554b99_15pct grid_c100_r18_strandomfixedk11_554b99_20pct grid_c100_r18_strandomfixedk11_554b99_25pct grid_c100_r18_strandomfixedk11_554b99_50pct ablf_randomfixed_calib
BASELINE,cifar100,resnet34,baseline,,14.19,18.34,24.87,31.74,40.11,50.18,56.93,61.91,72.53,,,,,,,,,,,,,,3,3,3,3,3,3,3,3,3,,grid_c100_r34_3d732d_2pct grid_c100_r34_3d732d_3pct grid_c100_r34_3d732d_5pct grid_c100_r34_3d732d_7pct r34_none_10pct grid_c100_r34_3d732d_15pct grid_c100_r34_3d732d_20pct grid_c100_r34_3d732d_25pct grid_c100_r34_3d732d_50pct
"aux(magnitude@L3,L1.0>0.0)",cifar100,resnet34,variant,10.33,16.69,21.95,30.50,36.53,44.06,52.87,57.87,62.23,71.79,79.28,,2.50,3.60,5.63,4.79,3.95,2.69,0.95,0.32,-0.74,,3,3,3,3,3,3,3,3,3,3,3,grid_c100_r34_axmagnitudeL3_l10to00_a098e3_1pct grid_c100_r34_axmagnitudeL3_l10to00_a098e3_2pct grid_c100_r34_axmagnitudeL3_l10to00_a098e3_3pct grid_c100_r34_axmagnitudeL3_l10to00_a098e3_5pct grid_c100_r34_axmagnitudeL3_l10to00_a098e3_7pct r34_aux_10pct grid_c100_r34_axmagnitudeL3_l10to00_a098e3_15pct grid_c100_r34_axmagnitudeL3_l10to00_a098e3_20pct grid_c100_r34_axmagnitudeL3_l10to00_a098e3_25pct grid_c100_r34_axmagnitudeL3_l10to00_a098e3_50pct grid_c100_r34_axmagnitudeL3_l10to00_a098e3_100pct
BASELINE,cifar100,resnet50,baseline,,13.08,17.49,24.89,31.08,40.65,50.45,57.17,62.27,73.45,80.51,,,,,,,,,,,,,3,3,3,3,3,3,3,3,3,1,grid_c100_r50_97326f_2pct grid_c100_r50_97326f_3pct r50_none_5pct grid_c100_r50_97326f_7pct r50_none_10pct grid_c100_r50_97326f_15pct grid_c100_r50_97326f_20pct grid_c100_r50_97326f_25pct grid_c100_r50_97326f_50pct ablf50_none
"aux(magnitude@L3,L0.3>0.0)",cifar100,resnet50,variant,8.79,14.12,18.81,27.39,34.56,43.07,54.09,59.84,64.07,73.62,80.51,,1.04,1.32,2.50,3.48,2.42,3.64,2.67,1.81,0.17,0.00,3,3,3,3,3,3,3,3,3,3,3,grid_c100_r50_axmagnitudeL3_l03to00_e95aea_1pct grid_c100_r50_axmagnitudeL3_l03to00_e95aea_2pct grid_c100_r50_axmagnitudeL3_l03to00_e95aea_3pct grid_c100_r50_axmagnitudeL3_l03to00_e95aea_5pct grid_c100_r50_axmagnitudeL3_l03to00_e95aea_7pct r50_aux_10pct_l03 grid_c100_r50_axmagnitudeL3_l03to00_e95aea_15pct grid_c100_r50_axmagnitudeL3_l03to00_e95aea_20pct grid_c100_r50_axmagnitudeL3_l03to00_e95aea_25pct grid_c100_r50_axmagnitudeL3_l03to00_e95aea_50pct grid_c100_r50_axmagnitudeL3_l03to00_e95aea_100pct
"aux(magnitude@L3,L1.0>0.0)",cifar100,resnet50,variant,7.14,12.13,17.48,26.59,32.89,39.98,49.86,55.07,59.69,70.21,79.14,,-0.95,-0.01,1.69,1.81,-0.67,-0.59,-2.09,-2.58,-3.24,-1.37,3,3,3,3,3,3,3,3,3,3,3,grid_c100_r50_axmagnitudeL3_l10to00_460bd4_1pct grid_c100_r50_axmagnitudeL3_l10to00_460bd4_2pct grid_c100_r50_axmagnitudeL3_l10to00_460bd4_3pct r50_aux_5pct grid_c100_r50_axmagnitudeL3_l10to00_460bd4_7pct r50_aux_10pct grid_c100_r50_axmagnitudeL3_l10to00_460bd4_15pct grid_c100_r50_axmagnitudeL3_l10to00_460bd4_20pct grid_c100_r50_axmagnitudeL3_l10to00_460bd4_25pct grid_c100_r50_axmagnitudeL3_l10to00_460bd4_50pct grid_c100_r50_axmagnitudeL3_l10to00_460bd4_100pct
"aux(magnitude@L3,L1.0>0.0,hn)",cifar100,resnet50,variant,9.53,15.77,21.27,30.07,36.99,44.58,53.40,59.35,63.11,71.88,79.82,,2.70,3.78,5.17,5.91,3.93,2.95,2.19,0.84,-1.58,-0.69,3,3,3,3,3,3,3,3,3,3,3,grid_c100_r50_axmagnitudeL3_l10to00_hn_3144fc_1pct grid_c100_r50_axmagnitudeL3_l10to00_hn_3144fc_2pct grid_c100_r50_axmagnitudeL3_l10to00_hn_3144fc_3pct grid_c100_r50_axmagnitudeL3_l10to00_hn_3144fc_5pct grid_c100_r50_axmagnitudeL3_l10to00_hn_3144fc_7pct r50_aux_10pct_hn grid_c100_r50_axmagnitudeL3_l10to00_hn_3144fc_15pct grid_c100_r50_axmagnitudeL3_l10to00_hn_3144fc_20pct grid_c100_r50_axmagnitudeL3_l10to00_hn_3144fc_25pct grid_c100_r50_axmagnitudeL3_l10to00_hn_3144fc_50pct grid_c100_r50_axmagnitudeL3_l10to00_hn_3144fc_100pct
"aux(magnitude@L3,L3.0>0.0)",cifar100,resnet50,variant,,,,,,1.00,,,,,,,,,,,-39.65,,,,,,,,,,,3,,,,,,r50_aux_10pct_lam3p0
"stem(moments-cat,k11) + kw(use_zernike=False)",cifar100,resnet50,variant,10.01,14.65,19.06,25.73,30.68,37.80,46.51,55.26,61.33,72.84,79.88,,1.58,1.57,0.84,-0.40,-2.86,-3.94,-1.91,-0.94,-0.61,-0.63,3,3,3,3,3,3,3,3,3,3,1,grid_c100_r50_stmomentscatk11_kw03e54b_a32c44_1pct grid_c100_r50_stmomentscatk11_kw03e54b_a32c44_2pct grid_c100_r50_stmomentscatk11_kw03e54b_a32c44_3pct grid_c100_r50_stmomentscatk11_kw03e54b_a32c44_5pct grid_c100_r50_stmomentscatk11_kw03e54b_a32c44_7pct grid_c100_r50_stmomentscatk11_kw03e54b_a32c44_10pct grid_c100_r50_stmomentscatk11_kw03e54b_a32c44_15pct grid_c100_r50_stmomentscatk11_kw03e54b_a32c44_20pct grid_c100_r50_stmomentscatk11_kw03e54b_a32c44_25pct grid_c100_r50_stmomentscatk11_kw03e54b_a32c44_50pct ablf50_gaboronly_calib
BASELINE  [adamw],cifar100,swin_tiny,baseline,8.12,10.05,11.99,13.88,14.28,19.00,23.40,26.81,31.81,30.44,35.12,,,,,,,,,,,,3,3,3,3,3,3,3,3,3,3,3,diaggrid_swin_c100_none_1pct diaggrid_swin_c100_none_2pct diaggrid_swin_c100_none_3pct diaggrid_swin_c100_none_5pct diaggrid_swin_c100_none_7pct diaggrid_swin_c100_none_10pct diaggrid_swin_c100_none_15pct diaggrid_swin_c100_none_20pct diaggrid_swin_c100_none_25pct diaggrid_swin_c100_none_50pct diaggrid_swin_c100_none_100pct
"aux(magnitude@Ls.2,L1.0>0.0,hn)  [adamw]",cifar100,swin_tiny,variant,8.93,13.11,15.94,19.96,22.81,26.58,32.42,36.15,39.00,49.59,58.34,0.82,3.06,3.95,6.08,8.53,7.58,9.02,9.34,7.19,19.16,23.22,3,3,3,3,3,3,3,3,3,3,3,diaggrid_swin_c100_aux_1pct diaggrid_swin_c100_aux_2pct diaggrid_swin_c100_aux_3pct diaggrid_swin_c100_aux_5pct diaggrid_swin_c100_aux_7pct diaggrid_swin_c100_aux_10pct diaggrid_swin_c100_aux_15pct diaggrid_swin_c100_aux_20pct diaggrid_swin_c100_aux_25pct diaggrid_swin_c100_aux_50pct diaggrid_swin_c100_aux_100pct
simclr-init  [adamw],cifar100,swin_tiny,variant,,,,13.88,,20.40,,,,,,,,,0.00,,1.40,,,,,,,,,3,,3,,,,,,diaggrid_simclr_swin_5pct diaggrid_simclr_swin_10pct
BASELINE  [adamw],cifar100,vit_tiny,baseline,6.44,8.91,9.97,12.25,14.35,16.47,21.23,25.91,28.50,37.45,50.61,,,,,,,,,,,,3,3,3,3,3,3,3,3,3,3,3,diagvit_none_1pct diagvit_none_2pct diagvit_none_3pct diagvit_none_5pct diagvit_none_7pct diagvit_none_10pct diagvit_none_15pct diaggrid_c100_vit_adamw_3800f8_20pct diagvit_none_25pct diaggrid_c100_vit_adamw_3800f8_50pct diagvit_none_100pct
deit-aug  [adamw],cifar100,vit_tiny,baseline,6.48,9.98,11.31,12.55,15.98,20.28,24.07,26.90,32.27,46.04,61.39,,,,,,,,,,,,3,3,3,3,3,3,3,3,3,3,3,diagdeit_none_1pct diagdeit_none_2pct diagdeit_none_3pct diagdeit_none_5pct diagdeit_none_7pct diagdeit_none_10pct diagdeit_none_15pct diaggrid_deit_c100_none_20pct diagdeit_none_25pct diaggrid_deit_c100_none_50pct diagdeit_none_100pct
"aux(magnitude@b8,L1.0>0.0,hn)  [adamw]",cifar100,vit_tiny,variant,7.80,12.15,16.19,21.60,25.34,29.74,35.68,39.52,42.17,51.80,60.50,1.35,3.25,6.21,9.35,10.99,13.26,14.44,13.61,13.67,14.35,9.88,3,3,3,3,3,3,3,3,3,3,3,diagvit_aux_1pct diagvit_aux_2pct diagvit_aux_3pct diagvit_aux_5pct diagvit_aux_7pct diagvit_aux_10pct diagvit_aux_15pct diaggrid_c100_vit_adamw_axmagnitudeb8_l10to00_hn_08a844_20pct diagvit_aux_25pct diaggrid_c100_vit_adamw_axmagnitudeb8_l10to00_hn_08a844_50pct diagvit_aux_100pct
"aux(magnitude@b8,L1.0>0.0,hn) + deit-aug  [adamw]",cifar100,vit_tiny,variant,9.68,15.99,20.79,28.87,34.67,41.29,48.66,53.29,57.32,67.31,75.25,3.20,6.01,9.48,16.32,18.69,21.00,24.59,26.38,25.05,21.27,13.86,3,3,3,6,3,3,3,3,3,3,3,diagdeit_aux_1pct diagdeit_aux_2pct diagdeit_aux_3pct diagdeit_aux_5pct diagdeit_aux_7pct diagdeit_aux_10pct diagdeit_aux_15pct diaggrid_deit_c100_aux_20pct diagdeit_aux_25pct diaggrid_deit_c100_aux_50pct diagdeit_aux_100pct
"aux(magnitude@b8,L1.0>0.0,hn) + dino-init  [adamw]",cifar100,vit_tiny,variant,,,,22.62,,30.66,,,,,,,,,10.38,,14.19,,,,,,,,,3,,3,,,,,,diaggrid_dinoaux_vit_5pct diaggrid_dinoaux_vit_10pct
"aux(magnitude@b8,L1.0>0.0,hn) + dino-init  [adamw]",cifar100,vit_tiny,variant,,,,,,,,,43.49,,,,,,,,,,,14.99,,,,,,,,,,,3,,,diagprosp_dinoaux_c100_25pct
"aux(magnitude@b8,L1.0>0.0,hn) + simclr-init  [adamw]",cifar100,vit_tiny,variant,7.83,12.05,15.72,21.09,25.86,29.93,36.24,40.99,44.50,55.43,65.11,1.39,3.14,5.75,8.85,11.52,13.46,15.01,15.08,16.00,17.98,14.50,3,3,3,3,3,3,3,3,3,3,3,diaggrid_c100_vit_adamw_axmagnitudeb8_l10to00_hn_ssl_5902d9_1pct diaggrid_c100_vit_adamw_axmagnitudeb8_l10to00_hn_ssl_5902d9_2pct diaggrid_c100_vit_adamw_axmagnitudeb8_l10to00_hn_ssl_5902d9_3pct diaggrid_c100_vit_adamw_axmagnitudeb8_l10to00_hn_ssl_5902d9_5pct diaggrid_c100_vit_adamw_axmagnitudeb8_l10to00_hn_ssl_5902d9_7pct diagsslvitaux_10pct diaggrid_c100_vit_adamw_axmagnitudeb8_l10to00_hn_ssl_5902d9_15pct diaggrid_c100_vit_adamw_axmagnitudeb8_l10to00_hn_ssl_5902d9_20pct diaggrid_c100_vit_adamw_axmagnitudeb8_l10to00_hn_ssl_5902d9_25pct diaggrid_c100_vit_adamw_axmagnitudeb8_l10to00_hn_ssl_5902d9_50pct diaggrid_c100_vit_adamw_axmagnitudeb8_l10to00_hn_ssl_5902d9_100pct
"aux(magnitude@b8,L1.0>0.0,hn) + simclr-init + deit-aug  [adamw]",cifar100,vit_tiny,variant,,,,,,37.72,,,,,,,,,,,17.44,,,,,,,,,,,3,,,,,,diagdeitsslaux_10pct
dino-init  [adamw],cifar100,vit_tiny,variant,6.27,8.98,10.82,15.22,19.01,24.60,31.93,37.40,40.97,51.86,62.30,-0.17,0.07,0.84,2.97,4.66,8.13,10.70,11.48,12.47,14.41,11.68,3,3,3,3,3,3,3,3,3,3,3,diaggrid_dino_c100_1pct diaggrid_dino_c100_2pct diaggrid_dino_c100_3pct diaggrid_dino_c100_5pct diaggrid_dino_c100_7pct diaggrid_dino_c100_10pct diaggrid_dino_c100_15pct diaggrid_dino_c100_20pct diaggrid_dino_c100_25pct diaggrid_dino_c100_50pct diaggrid_dino_c100_100pct
dino-init  [adamw],cifar100,vit_tiny,variant,,,,15.22,,24.60,,,40.97,,,,,,2.97,,8.13,,,12.47,,,,,,3,,3,,,3,,,diaggrid_dino_vit_5pct diaggrid_dino_vit_10pct diaggrid_dino_vit_25pct
dino-init + deit-aug  [adamw],cifar100,vit_tiny,variant,,,,,,25.98,,,,,,,,,,,5.70,,,,,,,,,,,3,,,,,,diaggrid_deitdino_10pct
simclr-init  [adamw],cifar100,vit_tiny,variant,7.05,10.88,13.57,20.34,25.04,29.77,36.18,40.69,43.58,54.94,64.36,0.61,1.97,3.59,8.09,10.69,13.30,14.94,14.77,15.08,17.49,13.75,3,3,3,3,3,3,3,3,3,3,3,diagsslvit_simclr_1pct diagsslvit_simclr_2pct diagsslvit_simclr_3pct diagsslvit_simclr_5pct diagsslvit_simclr_7pct diagsslvit_simclr_10pct diagsslvit_simclr_15pct diaggrid_c100_vit_adamw_ssl_b5153d_20pct diagsslvit_simclr_25pct diaggrid_c100_vit_adamw_ssl_b5153d_50pct diagsslvit_simclr_100pct
simclr-init  [adamw],cifar100,vit_tiny,variant,6.46,10.37,,20.46,,29.51,,,42.65,,,0.02,1.46,,8.21,,13.03,,,14.16,,,3,3,,3,,3,,,3,,,diagmae_vit_1pct diagmae_vit_2pct diagmae_vit_5pct diagmae_vit_10pct diagmae_vit_25pct
simclr-init + deit-aug  [adamw],cifar100,vit_tiny,variant,7.20,11.25,14.28,21.64,29.58,36.06,43.46,,52.31,,73.25,0.72,1.27,2.97,9.09,13.60,15.78,19.38,,20.04,,11.86,3,3,3,3,3,3,3,,3,,3,diagdeitssl_simclr_1pct diagdeitssl_simclr_2pct diagdeitssl_simclr_3pct diagdeitssl_simclr_5pct diagdeitssl_simclr_7pct diagdeitssl_simclr_10pct diagdeitssl_simclr_15pct diagdeitssl_simclr_25pct diagdeitssl_simclr_100pct
simclr-init + deit-aug  [adamw],cifar100,vit_tiny,variant,,,,30.45,,40.57,,,55.85,,,,,,17.90,,20.29,,,23.58,,,,,,6,,3,,,3,,,diagdeitsslbudget_simclr800_vit_5pct diagdeitsslbudget_simclr800_vit_10pct diagdeitsslbudget_simclr800_vit_25pct
simclr-init + deit-aug  [adamw],cifar100,vit_tiny,variant,7.42,11.09,,21.27,,34.53,,,50.47,,,0.93,1.11,,8.72,,14.24,,,18.20,,,3,3,,3,,3,,,3,,,diagdeitmae_vit_1pct diagdeitmae_vit_2pct diagdeitmae_vit_5pct diagdeitmae_vit_10pct diagdeitmae_vit_25pct
simclr-init(deit-views) + deit-aug  [adamw],cifar100,vit_tiny,variant,,,,17.52,,26.25,,,40.75,,,,,,4.97,,5.97,,,8.48,,,,,,3,,3,,,3,,,diagdeitsslsv_simclr_5pct diagdeitsslsv_simclr_10pct diagdeitsslsv_simclr_25pct
BASELINE,cifar100super,resnet18,baseline,22.50,29.84,35.20,42.66,48.41,56.14,64.99,69.90,73.19,81.57,86.06,,,,,,,,,,,,3,3,3,3,3,3,3,3,3,3,3,super1_none super2_none grid_c100s_r18_234ac2_3pct super5_none grid_c100s_r18_234ac2_7pct super10_none grid_c100s_r18_234ac2_15pct grid_c100s_r18_234ac2_20pct super25_none grid_c100s_r18_234ac2_50pct super100_none
"aux(magnitude@L3,L1.0>0.0)",cifar100super,resnet18,variant,24.59,34.93,40.28,48.51,53.38,59.34,65.51,69.78,72.97,80.87,85.92,2.09,5.08,5.08,5.84,4.97,3.19,0.52,-0.12,-0.21,-0.70,-0.14,3,3,3,3,3,3,3,3,3,3,3,super1_aux super2_aux grid_c100s_r18_axmagnitudeL3_l10to00_47ebc7_3pct super5_aux grid_c100s_r18_axmagnitudeL3_l10to00_47ebc7_7pct super10_aux grid_c100s_r18_axmagnitudeL3_l10to00_47ebc7_15pct grid_c100s_r18_axmagnitudeL3_l10to00_47ebc7_20pct super25_aux grid_c100s_r18_axmagnitudeL3_l10to00_47ebc7_50pct super100_aux
BASELINE,cub,mobilenetv3_small_100,baseline,n/a (<1 batch),n/a (<1 batch),0.98,1.85,1.67,2.31,3.15,4.14,7.19,15.71,31.23,,,,,,,,,,,,,,3,3,3,3,3,3,3,3,3,grid_mnet_cub_none_3pct grid_mnet_cub_none_5pct grid_mnet_cub_none_7pct grid_mnet_cub_none_10pct grid_mnet_cub_none_15pct grid_mnet_cub_none_20pct grid_mnet_cub_none_25pct grid_mnet_cub_none_50pct grid_mnet_cub_none_100pct
"aux(magnitude@b3,L1.0>0.0,hn)",cub,mobilenetv3_small_100,variant,n/a (<1 batch),n/a (<1 batch),1.08,1.49,1.64,2.04,3.20,3.96,6.77,12.37,31.48,,,0.09,-0.36,-0.03,-0.27,0.06,-0.17,-0.43,-3.34,0.25,,,3,3,3,3,3,3,3,3,3,grid_mnet_cub_aux_3pct grid_mnet_cub_aux_5pct grid_mnet_cub_aux_7pct grid_mnet_cub_aux_10pct grid_mnet_cub_aux_15pct grid_mnet_cub_aux_20pct grid_mnet_cub_aux_25pct grid_mnet_cub_aux_50pct grid_mnet_cub_aux_100pct
BASELINE,cub,resnet18,baseline,n/a (<1 batch),n/a (<1 batch),0.98,1.52,1.45,1.85,2.56,3.92,5.57,15.88,44.32,,,,,,,,,,,,,,3,3,3,3,3,3,3,3,3,grid_cub_r18_d85097_3pct grid_cub_r18_d85097_5pct grid_cub_r18_d85097_7pct grid_cub_r18_d85097_10pct grid_cub_r18_d85097_15pct grid_cub_r18_d85097_20pct cub_none_25pct grid_cub_r18_d85097_50pct cub_none_100pct
BASELINE,cub,resnet18,baseline,n/a (<1 batch),n/a (<1 batch),1.24,2.01,2.14,2.95,3.73,5.93,8.87,24.70,54.53,,,,,,,,,,,,,,3,3,3,3,3,3,3,3,3,diagtransfer2_cub_none_3pct diagtransfer2_cub_none_5pct diagtransfer2_cub_none_7pct diagtransfer2_cub_none_10pct diagtransfer2_cub_none_15pct diagtransfer2_cub_none_20pct diagtransfer2_cub_none_25pct diagtransfer2_cub_none_50pct diagtransfer_cub_base_100pct
"aux(magnitude3@L3,L1.0>0.0,hn)",cub,resnet18,variant,n/a (<1 batch),n/a (<1 batch),1.03,1.39,1.46,2.15,2.83,4.33,6.24,18.16,47.16,,,0.05,-0.13,0.01,0.30,0.27,0.40,0.67,2.28,2.84,,,3,3,3,3,3,3,3,3,3,grid_mag3_cub_3pct grid_mag3_cub_5pct grid_mag3_cub_7pct grid_mag3_cub_10pct grid_mag3_cub_15pct grid_mag3_cub_20pct grid_mag3_cub_25pct grid_mag3_cub_50pct grid_mag3_cub_100pct
"aux(magnitude6o@L3,L1.0>0.0,hn)",cub,resnet18,variant,n/a (<1 batch),n/a (<1 batch),1.05,1.35,1.45,2.19,2.73,4.16,6.24,17.86,47.55,,,0.07,-0.18,0.00,0.34,0.17,0.24,0.67,1.98,3.23,,,3,3,3,3,3,3,3,3,3,grid_mag6o_cub_3pct grid_mag6o_cub_5pct grid_mag6o_cub_7pct grid_mag6o_cub_10pct grid_mag6o_cub_15pct grid_mag6o_cub_20pct grid_mag6o_cub_25pct grid_mag6o_cub_50pct grid_mag6o_cub_100pct
"aux(magnitude@L3,L1.0>0.0)",cub,resnet18,variant,n/a (<1 batch),n/a (<1 batch),1.00,1.44,1.39,2.18,2.91,4.02,6.13,17.70,47.06,,,0.02,-0.08,-0.06,0.33,0.35,0.10,0.56,1.82,2.74,,,3,3,3,3,3,3,3,3,3,grid_cub_r18_axmagnitudeL3_l10to00_ad3977_3pct grid_cub_r18_axmagnitudeL3_l10to00_ad3977_5pct grid_cub_r18_axmagnitudeL3_l10to00_ad3977_7pct grid_cub_r18_axmagnitudeL3_l10to00_ad3977_10pct grid_cub_r18_axmagnitudeL3_l10to00_ad3977_15pct grid_cub_r18_axmagnitudeL3_l10to00_ad3977_20pct cub_aux_25pct grid_cub_r18_axmagnitudeL3_l10to00_ad3977_50pct cub_aux_100pct
"aux(magnitude@L3,L1.0>0.0,hn)",cub,resnet18,variant,n/a (<1 batch),n/a (<1 batch),0.70,1.94,1.84,2.17,2.73,4.46,6.52,16.79,47.16,,,-0.54,-0.07,-0.30,-0.78,-1.01,-1.47,-2.34,-7.90,-7.37,,,3,3,3,3,3,3,3,3,3,diagtransfer2_cub_aux_3pct diagtransfer2_cub_aux_5pct diagtransfer2_cub_aux_7pct diagtransfer2_cub_aux_10pct diagtransfer2_cub_aux_15pct diagtransfer2_cub_aux_20pct diagtransfer2_cub_aux_25pct diagtransfer2_cub_aux_50pct diagtransfer_cub_aux_100pct
simclr-init,cub,resnet18,variant,n/a (<1 batch),n/a (<1 batch),1.06,2.11,2.02,2.84,3.97,6.74,9.44,23.85,52.78,,,0.09,0.59,0.57,1.00,1.41,2.81,3.87,7.97,8.46,,,3,3,3,3,3,3,3,3,3,diaggrid_simclr_cub_3pct diaggrid_simclr_cub_5pct diaggrid_simclr_cub_7pct diaggrid_simclr_cub_10pct diaggrid_simclr_cub_15pct diaggrid_simclr_cub_20pct diaggrid_ssl_cub_25pct diaggrid_simclr_cub_50pct diaggrid_ssl_cub_100pct
simsiam-init,cub,resnet18,variant,n/a (<1 batch),n/a (<1 batch),0.94,1.55,1.48,1.77,2.50,4.06,5.90,17.35,46.04,,,-0.03,0.02,0.03,-0.08,-0.06,0.14,0.33,1.47,1.73,,,3,3,3,3,3,3,3,3,3,diaggrid_simsiam_cub_3pct diaggrid_simsiam_cub_5pct diaggrid_simsiam_cub_7pct diaggrid_simsiam_cub_10pct diaggrid_simsiam_cub_15pct diaggrid_simsiam_cub_20pct diaggrid_simsiam_cub_25pct diaggrid_simsiam_cub_50pct diaggrid_simsiam_cub_100pct
BASELINE,cub,resnet34,baseline,n/a (<1 batch),n/a (<1 batch),,1.51,,1.97,,,5.91,,,,,,,,,,,,,,,,,3,,3,,,3,,,diagdepth_r34_cub_none_5pct diagdepth_r34_cub_none_10pct diagdepth_r34_cub_none_25pct
"aux(magnitude@L3,L1.0>0.0,hn)",cub,resnet34,variant,n/a (<1 batch),n/a (<1 batch),,1.47,,2.07,,,6.60,,,,,,-0.04,,0.09,,,0.69,,,,,,3,,3,,,3,,,diagdepth_r34_cub_aux_5pct diagdepth_r34_cub_aux_10pct diagdepth_r34_cub_aux_25pct
BASELINE,cub,resnet50,baseline,n/a (<1 batch),n/a (<1 batch),,1.35,,1.70,,,4.41,,,,,,,,,,,,,,,,,3,,3,,,3,,,diagdepth_r50_cub_none_5pct diagdepth_r50_cub_none_10pct diagdepth_r50_cub_none_25pct
"aux(magnitude@L3,L1.0>0.0,hn)",cub,resnet50,variant,n/a (<1 batch),n/a (<1 batch),,1.39,,2.08,,,6.45,,,,,,0.04,,0.37,,,2.05,,,,,,3,,3,,,3,,,diagdepth_r50_cub_aux_5pct diagdepth_r50_cub_aux_10pct diagdepth_r50_cub_aux_25pct
BASELINE  [adamw],cub,swin_tiny,baseline,n/a (<1 batch),n/a (<1 batch),0.87,1.30,1.44,1.73,1.56,1.33,0.89,0.97,0.63,,,,,,,,,,,,,,3,3,3,3,3,3,3,3,3,diaggrid_swin_cub_none_3pct diaggrid_swin_cub_none_5pct diaggrid_swin_cub_none_7pct diaggrid_swin_cub_none_10pct diaggrid_swin_cub_none_15pct diaggrid_swin_cub_none_20pct diaggrid_swin_cub_none_25pct diaggrid_swin_cub_none_50pct diaggrid_swin_cub_none_100pct
"aux(magnitude@Ls.2,L1.0>0.0,hn)  [adamw]",cub,swin_tiny,variant,n/a (<1 batch),n/a (<1 batch),0.79,1.42,1.33,1.67,2.24,2.73,3.54,5.28,10.26,,,-0.07,0.12,-0.10,-0.06,0.68,1.40,2.65,4.31,9.62,,,3,3,3,3,3,3,3,3,3,diaggrid_swin_cub_aux_3pct diaggrid_swin_cub_aux_5pct diaggrid_swin_cub_aux_7pct diaggrid_swin_cub_aux_10pct diaggrid_swin_cub_aux_15pct diaggrid_swin_cub_aux_20pct diaggrid_swin_cub_aux_25pct diaggrid_swin_cub_aux_50pct diaggrid_swin_cub_aux_100pct
BASELINE  [adamw],cub,vit_tiny,baseline,n/a (<1 batch),n/a (<1 batch),1.06,1.67,1.69,2.30,2.40,3.19,3.95,4.91,8.54,,,,,,,,,,,,,,3,3,3,3,3,3,3,3,3,diaggrid_vit_cub_none_3pct diaggrid_vit_cub_none_5pct diaggrid_vit_cub_none_7pct diaggrid_vit_cub_none_10pct diaggrid_vit_cub_none_15pct diaggrid_vit_cub_none_20pct diaggrid_vit_cub_none_25pct diaggrid_vit_cub_none_50pct diaggrid_vit_cub_none_100pct
deit-aug  [adamw],cub,vit_tiny,baseline,n/a (<1 batch),n/a (<1 batch),1.20,2.09,1.78,2.67,3.66,3.32,3.61,3.20,7.64,,,,,,,,,,,,,,3,3,3,3,3,3,3,3,3,diaggrid_deit_cub_none_3pct diaggrid_deit_cub_none_5pct diaggrid_deit_cub_none_7pct diaggrid_deit_cub_none_10pct diaggrid_deit_cub_none_15pct diaggrid_deit_cub_none_20pct diaggrid_deit_cub_none_25pct diaggrid_deit_cub_none_50pct diaggrid_deit_cub_none_100pct
"aux(magnitude@b8,L1.0>0.0,hn)  [adamw]",cub,vit_tiny,variant,n/a (<1 batch),n/a (<1 batch),1.20,1.87,1.87,2.38,2.92,3.96,5.21,9.38,15.71,,,0.14,0.20,0.18,0.09,0.51,0.77,1.26,4.47,7.17,,,3,3,3,3,3,3,3,3,3,diaggrid_vit_cub_aux_3pct diaggrid_vit_cub_aux_5pct diaggrid_vit_cub_aux_7pct diaggrid_vit_cub_aux_10pct diaggrid_vit_cub_aux_15pct diaggrid_vit_cub_aux_20pct diaggrid_vit_cub_aux_25pct diaggrid_vit_cub_aux_50pct diaggrid_vit_cub_aux_100pct
"aux(magnitude@b8,L1.0>0.0,hn) + deit-aug  [adamw]",cub,vit_tiny,variant,n/a (<1 batch),n/a (<1 batch),1.09,2.61,2.59,3.55,4.72,6.59,8.32,13.28,20.26,,,-0.11,0.51,0.81,0.88,1.06,3.27,4.72,10.09,12.62,,,3,3,3,3,3,3,3,3,3,diaggrid_deit_cub_aux_3pct diaggrid_deit_cub_aux_5pct diaggrid_deit_cub_aux_7pct diaggrid_deit_cub_aux_10pct diaggrid_deit_cub_aux_15pct diaggrid_deit_cub_aux_20pct diaggrid_deit_cub_aux_25pct diaggrid_deit_cub_aux_50pct diaggrid_deit_cub_aux_100pct
dino-init  [adamw],cub,vit_tiny,variant,n/a (<1 batch),n/a (<1 batch),1.14,1.73,1.58,2.19,2.69,3.33,3.99,6.64,12.39,,,0.07,0.06,-0.11,-0.10,0.28,0.14,0.05,1.74,3.85,,,3,3,3,3,3,3,3,3,3,diaggrid_dino_cub_3pct diaggrid_dino_cub_5pct diaggrid_dino_cub_7pct diaggrid_dino_cub_10pct diaggrid_dino_cub_15pct diaggrid_dino_cub_20pct diaggrid_dino_cub_25pct diaggrid_dino_cub_50pct diaggrid_dino_cub_100pct
BASELINE,dtd,mobilenetv3_small_100,baseline,n/a (<1 batch),n/a (<1 batch),n/a (<1 batch),5.82,7.45,8.67,11.70,13.01,14.61,22.46,36.76,,,,,,,,,,,,,,,3,3,3,3,3,3,3,3,grid_mnet_dtd_none_5pct grid_mnet_dtd_none_7pct grid_mnet_dtd_none_10pct grid_mnet_dtd_none_15pct grid_mnet_dtd_none_20pct grid_mnet_dtd_none_25pct grid_mnet_dtd_none_50pct grid_mnet_dtd_none_100pct
"aux(magnitude@b3,L1.0>0.0,hn)",dtd,mobilenetv3_small_100,variant,n/a (<1 batch),n/a (<1 batch),n/a (<1 batch),5.64,7.68,9.34,12.30,14.24,16.47,25.27,34.79,,,,-0.18,0.23,0.67,0.60,1.22,1.86,2.80,-1.97,,,,3,3,3,3,3,3,3,3,grid_mnet_dtd_aux_5pct grid_mnet_dtd_aux_7pct grid_mnet_dtd_aux_10pct grid_mnet_dtd_aux_15pct grid_mnet_dtd_aux_20pct grid_mnet_dtd_aux_25pct grid_mnet_dtd_aux_50pct grid_mnet_dtd_aux_100pct
BASELINE,dtd,resnet18,baseline,n/a (<1 batch),n/a (<1 batch),n/a (<1 batch),12.41,15.62,18.69,22.82,27.54,31.03,43.42,56.97,,,,,,,,,,,,,,,3,3,3,3,3,3,3,3,diagtransfer2_dtd_none_5pct diagtransfer2_dtd_none_7pct diagtransfer2_dtd_none_10pct diagtransfer2_dtd_none_15pct diagtransfer2_dtd_none_20pct diagtransfer2_dtd_none_25pct diagtransfer2_dtd_none_50pct diagtransfer2_dtd_none_100pct
BASELINE,dtd,resnet18,baseline,n/a (<1 batch),n/a (<1 batch),n/a (<1 batch),8.35,9.75,11.10,13.58,14.75,17.23,26.03,43.51,,,,,,,,,,,,,,,3,3,3,3,3,3,3,3,grid_dtd_r18_0ca6c1_5pct grid_dtd_r18_0ca6c1_7pct grid_dtd_r18_0ca6c1_10pct grid_dtd_r18_0ca6c1_15pct grid_dtd_r18_0ca6c1_20pct grid_dtd_r18_0ca6c1_25pct grid_dtd_r18_0ca6c1_50pct grid_dtd_r18_0ca6c1_100pct
"aux(magnitude3@L3,L1.0>0.0,hn)",dtd,resnet18,variant,n/a (<1 batch),n/a (<1 batch),n/a (<1 batch),8.90,11.21,13.01,15.51,16.81,20.27,30.90,46.74,,,,0.55,1.45,1.91,1.93,2.06,3.03,4.88,3.23,,,,3,3,3,3,3,3,3,3,grid_mag3_dtd_5pct grid_mag3_dtd_7pct grid_mag3_dtd_10pct grid_mag3_dtd_15pct grid_mag3_dtd_20pct grid_mag3_dtd_25pct grid_mag3_dtd_50pct grid_mag3_dtd_100pct
"aux(magnitude6o@L3,L1.0>0.0,hn)",dtd,resnet18,variant,n/a (<1 batch),n/a (<1 batch),n/a (<1 batch),8.78,10.98,12.43,15.53,16.74,20.18,30.82,47.80,,,,0.43,1.22,1.33,1.95,1.99,2.94,4.79,4.29,,,,3,3,3,3,3,3,3,3,grid_mag6o_dtd_5pct grid_mag6o_dtd_7pct grid_mag6o_dtd_10pct grid_mag6o_dtd_15pct grid_mag6o_dtd_20pct grid_mag6o_dtd_25pct grid_mag6o_dtd_50pct grid_mag6o_dtd_100pct
"aux(magnitude@L3,L1.0>0.0,hn)",dtd,resnet18,variant,n/a (<1 batch),n/a (<1 batch),n/a (<1 batch),6.95,6.19,7.34,11.79,14.04,18.87,23.78,41.93,,,,-5.46,-9.43,-11.35,-11.03,-13.49,-12.16,-19.65,-15.04,,,,3,3,3,3,3,3,3,3,diagtransfer2_dtd_aux_5pct diagtransfer2_dtd_aux_7pct diagtransfer2_dtd_aux_10pct diagtransfer2_dtd_aux_15pct diagtransfer2_dtd_aux_20pct diagtransfer2_dtd_aux_25pct diagtransfer2_dtd_aux_50pct diagtransfer2_dtd_aux_100pct
"aux(magnitude@L3,L1.0>0.0,hn)",dtd,resnet18,variant,n/a (<1 batch),n/a (<1 batch),n/a (<1 batch),8.65,11.44,12.66,15.73,17.02,20.35,30.90,47.06,,,,0.30,1.68,1.56,2.15,2.27,3.12,4.88,3.55,,,,3,3,3,3,3,3,3,3,grid_dtd_r18_axmagnitudeL3_l10to00_hn_742cfa_5pct grid_dtd_r18_axmagnitudeL3_l10to00_hn_742cfa_7pct grid_dtd_r18_axmagnitudeL3_l10to00_hn_742cfa_10pct grid_dtd_r18_axmagnitudeL3_l10to00_hn_742cfa_15pct grid_dtd_r18_axmagnitudeL3_l10to00_hn_742cfa_20pct grid_dtd_r18_axmagnitudeL3_l10to00_hn_742cfa_25pct grid_dtd_r18_axmagnitudeL3_l10to00_hn_742cfa_50pct grid_dtd_r18_axmagnitudeL3_l10to00_hn_742cfa_100pct
simclr-init,dtd,resnet18,variant,n/a (<1 batch),n/a (<1 batch),n/a (<1 batch),9.47,12.89,15.11,22.57,26.29,29.91,41.54,53.23,,,,1.12,3.14,4.01,8.99,11.54,12.68,15.51,9.72,,,,3,3,3,3,3,3,3,3,diaggrid_ssl_dtd_5pct diaggrid_simclr_dtd_7pct diaggrid_ssl_dtd_10pct diaggrid_simclr_dtd_15pct diaggrid_simclr_dtd_20pct diaggrid_ssl_dtd_25pct diaggrid_simclr_dtd_50pct diaggrid_ssl_dtd_100pct
simsiam-init,dtd,resnet18,variant,n/a (<1 batch),n/a (<1 batch),n/a (<1 batch),8.48,9.57,10.73,13.32,14.63,17.23,26.76,43.67,,,,0.12,-0.18,-0.37,-0.27,-0.12,0.00,0.73,0.16,,,,3,3,3,3,3,3,3,3,diaggrid_simsiam_dtd_5pct diaggrid_simsiam_dtd_7pct diaggrid_simsiam_dtd_10pct diaggrid_simsiam_dtd_15pct diaggrid_simsiam_dtd_20pct diaggrid_simsiam_dtd_25pct diaggrid_simsiam_dtd_50pct diaggrid_simsiam_dtd_100pct
BASELINE,dtd,resnet34,baseline,n/a (<1 batch),n/a (<1 batch),n/a (<1 batch),8.21,,10.59,,,17.16,,,,,,,,,,,,,,,,,3,,3,,,3,,,diagdepth_r34_dtd_none_5pct diagdepth_r34_dtd_none_10pct diagdepth_r34_dtd_none_25pct
"aux(magnitude@L3,L1.0>0.0,hn)",dtd,resnet34,variant,n/a (<1 batch),n/a (<1 batch),n/a (<1 batch),8.65,,12.85,,,19.79,,,,,,0.44,,2.27,,,2.62,,,,,,3,,3,,,3,,,diagdepth_r34_dtd_aux_5pct diagdepth_r34_dtd_aux_10pct diagdepth_r34_dtd_aux_25pct
BASELINE,dtd,resnet50,baseline,n/a (<1 batch),n/a (<1 batch),n/a (<1 batch),7.89,,10.46,,,16.90,,,,,,,,,,,,,,,,,3,,3,,,3,,,diagdepth_r50_dtd_none_5pct diagdepth_r50_dtd_none_10pct diagdepth_r50_dtd_none_25pct
"aux(magnitude@L3,L1.0>0.0,hn)",dtd,resnet50,variant,n/a (<1 batch),n/a (<1 batch),n/a (<1 batch),7.64,,11.40,,,19.88,,,,,,-0.25,,0.94,,,2.98,,,,,,3,,3,,,3,,,diagdepth_r50_dtd_aux_5pct diagdepth_r50_dtd_aux_10pct diagdepth_r50_dtd_aux_25pct
BASELINE  [adamw],dtd,swin_tiny,baseline,n/a (<1 batch),n/a (<1 batch),n/a (<1 batch),5.32,6.49,6.38,7.11,5.12,5.73,3.88,5.28,,,,,,,,,,,,,,,3,3,3,3,3,3,3,3,diaggrid_swin_dtd_none_5pct diaggrid_swin_dtd_none_7pct diaggrid_swin_dtd_none_10pct diaggrid_swin_dtd_none_15pct diaggrid_swin_dtd_none_20pct diaggrid_swin_dtd_none_25pct diaggrid_swin_dtd_none_50pct diaggrid_swin_dtd_none_100pct
"aux(magnitude@Ls.2,L1.0>0.0,hn)  [adamw]",dtd,swin_tiny,variant,n/a (<1 batch),n/a (<1 batch),n/a (<1 batch),6.38,8.95,9.45,12.75,14.65,17.30,25.05,35.66,,,,1.06,2.46,3.07,5.64,9.52,11.58,21.17,30.37,,,,3,3,3,3,3,3,3,3,diaggrid_swin_dtd_aux_5pct diaggrid_swin_dtd_aux_7pct diaggrid_swin_dtd_aux_10pct diaggrid_swin_dtd_aux_15pct diaggrid_swin_dtd_aux_20pct diaggrid_swin_dtd_aux_25pct diaggrid_swin_dtd_aux_50pct diaggrid_swin_dtd_aux_100pct
BASELINE  [adamw],dtd,vit_tiny,baseline,n/a (<1 batch),n/a (<1 batch),n/a (<1 batch),6.88,8.24,8.30,10.00,11.10,12.04,13.94,21.86,,,,,,,,,,,,,,,3,3,3,3,3,3,3,3,diaggrid_vit_dtd_none_5pct diaggrid_vit_dtd_none_7pct diaggrid_vit_dtd_none_10pct diaggrid_vit_dtd_none_15pct diaggrid_vit_dtd_none_20pct diaggrid_vit_dtd_none_25pct diaggrid_vit_dtd_none_50pct diaggrid_vit_dtd_none_100pct
deit-aug  [adamw],dtd,vit_tiny,baseline,n/a (<1 batch),n/a (<1 batch),n/a (<1 batch),6.65,7.71,8.44,8.62,11.49,10.90,14.22,13.19,,,,,,,,,,,,,,,3,3,3,3,3,3,3,3,diaggrid_deit_dtd_none_5pct diaggrid_deit_dtd_none_7pct diaggrid_deit_dtd_none_10pct diaggrid_deit_dtd_none_15pct diaggrid_deit_dtd_none_20pct diaggrid_deit_dtd_none_25pct diaggrid_deit_dtd_none_50pct diaggrid_deit_dtd_none_100pct
"aux(magnitude@b8,L1.0>0.0,hn)  [adamw]",dtd,vit_tiny,variant,n/a (<1 batch),n/a (<1 batch),n/a (<1 batch),7.85,9.18,9.80,13.62,14.89,17.06,23.78,33.60,,,,0.98,0.94,1.51,3.62,3.79,5.02,9.84,11.74,,,,3,3,3,3,3,3,3,3,diaggrid_vit_dtd_aux_5pct diaggrid_vit_dtd_aux_7pct diaggrid_vit_dtd_aux_10pct diaggrid_vit_dtd_aux_15pct diaggrid_vit_dtd_aux_20pct diaggrid_vit_dtd_aux_25pct diaggrid_vit_dtd_aux_50pct diaggrid_vit_dtd_aux_100pct
"aux(magnitude@b8,L1.0>0.0,hn) + deit-aug  [adamw]",dtd,vit_tiny,variant,n/a (<1 batch),n/a (<1 batch),n/a (<1 batch),8.90,11.79,13.23,19.82,22.39,25.14,31.52,38.74,,,,2.25,4.08,4.79,11.21,10.90,14.24,17.30,25.55,,,,3,3,3,3,3,3,3,3,diaggrid_deit_dtd_aux_5pct diaggrid_deit_dtd_aux_7pct diaggrid_deit_dtd_aux_10pct diaggrid_deit_dtd_aux_15pct diaggrid_deit_dtd_aux_20pct diaggrid_deit_dtd_aux_25pct diaggrid_deit_dtd_aux_50pct diaggrid_deit_dtd_aux_100pct
"aux(magnitude@b8,L1.0>0.0,hn) + dino-init  [adamw]",dtd,vit_tiny,variant,n/a (<1 batch),n/a (<1 batch),n/a (<1 batch),,,,,,,21.26,,,,,,,,,,,7.32,,,,,,,,,,,3,,diagprosp_dinoaux_dtd_50pct
dino-init  [adamw],dtd,vit_tiny,variant,n/a (<1 batch),n/a (<1 batch),n/a (<1 batch),6.74,8.28,8.76,9.31,10.96,11.88,15.30,24.52,,,,-0.14,0.04,0.46,-0.69,-0.14,-0.16,1.37,2.66,,,,3,3,3,3,3,3,3,3,diaggrid_dino_dtd_5pct diaggrid_dino_dtd_7pct diaggrid_dino_dtd_10pct diaggrid_dino_dtd_15pct diaggrid_dino_dtd_20pct diaggrid_dino_dtd_25pct diaggrid_dino_dtd_50pct diaggrid_dino_dtd_100pct
BASELINE,eurosat,mobilenetv3_small_100,baseline,61.47,71.59,70.70,80.10,79.29,88.09,92.28,92.72,95.07,96.64,97.74,,,,,,,,,,,,3,3,3,3,3,3,3,3,3,3,3,grid_mnet_esat_none_1pct grid_mnet_esat_none_2pct grid_mnet_esat_none_3pct grid_mnet_esat_none_5pct grid_mnet_esat_none_7pct grid_mnet_esat_none_10pct grid_mnet_esat_none_15pct grid_mnet_esat_none_20pct grid_mnet_esat_none_25pct grid_mnet_esat_none_50pct grid_mnet_esat_none_100pct
"aux(magnitude@b3,L1.0>0.0,hn)",eurosat,mobilenetv3_small_100,variant,64.09,71.30,76.22,80.44,84.29,86.90,92.78,92.79,95.61,97.09,97.98,2.62,-0.29,5.51,0.34,5.00,-1.20,0.50,0.07,0.54,0.46,0.24,3,3,3,3,3,3,3,3,3,3,3,grid_mnet_esat_aux_1pct grid_mnet_esat_aux_2pct grid_mnet_esat_aux_3pct grid_mnet_esat_aux_5pct grid_mnet_esat_aux_7pct grid_mnet_esat_aux_10pct grid_mnet_esat_aux_15pct grid_mnet_esat_aux_20pct grid_mnet_esat_aux_25pct grid_mnet_esat_aux_50pct grid_mnet_esat_aux_100pct
BASELINE,eurosat,resnet18,baseline,76.59,83.46,86.99,92.42,93.59,95.37,96.69,97.40,97.75,98.46,98.79,,,,,,,,,,,,3,3,3,3,3,3,3,3,3,3,3,diagtransfer2_esat_none_1pct diagtransfer2_esat_none_2pct diagtransfer2_esat_none_3pct diagtransfer_eurosat_base_5pct diagtransfer2_esat_none_7pct diagtransfer2_esat_none_10pct diagtransfer2_esat_none_15pct diagtransfer2_esat_none_20pct diagtransfer2_esat_none_25pct diagtransfer2_esat_none_50pct diagtransfer2_esat_none_100pct
BASELINE,eurosat,resnet18,baseline,67.47,77.98,83.90,90.80,92.25,93.67,96.04,96.98,97.44,98.16,98.73,,,,,,,,,,,,3,3,3,3,3,3,3,3,3,3,3,grid_esat_r18_e99fb4_1pct grid_esat_r18_e99fb4_2pct grid_esat_r18_e99fb4_3pct grid_esat_r18_e99fb4_5pct grid_esat_r18_e99fb4_7pct grid_esat_r18_e99fb4_10pct grid_esat_r18_e99fb4_15pct grid_esat_r18_e99fb4_20pct grid_esat_r18_e99fb4_25pct grid_esat_r18_e99fb4_50pct grid_esat_r18_e99fb4_100pct
deit-aug,eurosat,resnet18,baseline,,,,83.12,,93.54,,,97.56,,,,,,,,,,,,,,,,,3,,3,,,3,,,diagfuse_esat_aug_5pct diagfuse_esat_aug_10pct diagfuse_esat_aug_25pct
"aux(magnitude3@L3,L1.0>0.0,hn)",eurosat,resnet18,variant,70.23,79.67,85.71,91.46,93.39,94.53,96.05,96.86,97.29,98.22,98.66,2.76,1.69,1.81,0.67,1.14,0.86,0.01,-0.12,-0.15,0.06,-0.07,3,3,3,3,3,3,3,3,3,3,3,grid_mag3_esat_1pct grid_mag3_esat_2pct grid_mag3_esat_3pct grid_mag3_eurosat_5pct grid_mag3_esat_7pct grid_mag3_esat_10pct grid_mag3_esat_15pct grid_mag3_esat_20pct grid_mag3_eurosat_25pct grid_mag3_esat_50pct grid_mag3_esat_100pct
"aux(magnitude6o@L3,L1.0>0.0,hn)",eurosat,resnet18,variant,70.29,80.04,85.99,91.72,93.88,94.92,96.15,96.86,97.23,98.23,98.58,2.82,2.06,2.09,0.93,1.63,1.25,0.12,-0.11,-0.22,0.07,-0.15,3,3,3,3,3,3,3,3,3,3,3,grid_mag6o_esat_1pct grid_mag6o_esat_2pct grid_mag6o_esat_3pct grid_mag6o_eurosat_5pct grid_mag6o_esat_7pct grid_mag6o_esat_10pct grid_mag6o_esat_15pct grid_mag6o_esat_20pct grid_mag6o_eurosat_25pct grid_mag6o_esat_50pct grid_mag6o_esat_100pct
"aux(magnitude@L3,L1.0>0.0,hn)",eurosat,resnet18,variant,50.28,76.31,81.23,88.08,89.93,92.67,95.08,96.38,97.14,98.24,98.73,-26.31,-7.15,-5.75,-4.34,-3.67,-2.70,-1.60,-1.02,-0.61,-0.22,-0.06,3,3,3,3,3,3,3,3,3,3,3,diagtransfer2_esat_aux_1pct diagtransfer2_esat_aux_2pct diagtransfer2_esat_aux_3pct diagtransfer_eurosat_aux_5pct diagtransfer2_esat_aux_7pct diagtransfer2_esat_aux_10pct diagtransfer2_esat_aux_15pct diagtransfer2_esat_aux_20pct diagtransfer2_esat_aux_25pct diagtransfer2_esat_aux_50pct diagtransfer2_esat_aux_100pct
"aux(magnitude@L3,L1.0>0.0,hn)",eurosat,resnet18,variant,69.94,79.59,85.67,91.64,93.54,94.90,96.20,96.85,97.32,98.26,98.59,2.47,1.60,1.77,0.84,1.30,1.22,0.16,-0.12,-0.12,0.10,-0.14,3,3,3,3,3,3,3,3,3,3,3,grid_esat_r18_axmagnitudeL3_l10to00_hn_dd367d_1pct grid_esat_r18_axmagnitudeL3_l10to00_hn_dd367d_2pct grid_esat_r18_axmagnitudeL3_l10to00_hn_dd367d_3pct grid_esat_r18_axmagnitudeL3_l10to00_hn_dd367d_5pct grid_esat_r18_axmagnitudeL3_l10to00_hn_dd367d_7pct grid_esat_r18_axmagnitudeL3_l10to00_hn_dd367d_10pct grid_esat_r18_axmagnitudeL3_l10to00_hn_dd367d_15pct grid_esat_r18_axmagnitudeL3_l10to00_hn_dd367d_20pct grid_esat_r18_axmagnitudeL3_l10to00_hn_dd367d_25pct grid_esat_r18_axmagnitudeL3_l10to00_hn_dd367d_50pct grid_esat_r18_axmagnitudeL3_l10to00_hn_dd367d_100pct
"aux(magnitude@L3,L1.0>0.0,hn) + deit-aug",eurosat,resnet18,variant,,,,88.56,,94.35,,,97.19,,,,,,5.44,,0.81,,,-0.37,,,,,,3,,3,,,3,,,diagfuse_esat_prioraug_5pct diagfuse_esat_prioraug_10pct diagfuse_esat_prioraug_25pct
"aux(magnitude@L3,L1.0>0.0,hn) + simclr-init",eurosat,resnet18,variant,,,,90.13,,94.02,,,97.20,,,,,,-0.67,,0.35,,,-0.25,,,,,,3,,3,,,3,,,diagfuse_esat_priorssl_5pct diagfuse_esat_priorssl_10pct diagfuse_esat_priorssl_25pct
simclr-init,eurosat,resnet18,variant,69.35,80.09,84.24,89.79,92.10,94.13,95.95,96.91,97.34,98.19,98.63,1.88,2.11,0.34,-1.01,-0.15,0.46,-0.09,-0.06,-0.10,0.03,-0.10,3,3,3,3,3,3,3,3,3,3,3,diaggrid_simclr_esat_1pct diaggrid_simclr_esat_2pct diaggrid_simclr_esat_3pct diaggrid_simclr_esat_5pct diaggrid_simclr_esat_7pct diaggrid_simclr_esat_10pct diaggrid_simclr_esat_15pct diaggrid_simclr_esat_20pct diaggrid_simclr_esat_25pct diaggrid_simclr_esat_50pct diaggrid_simclr_esat_100pct
simclr-init,eurosat,resnet18,variant,,,,89.79,,94.13,,,97.34,,98.63,,,,-1.01,,0.46,,,-0.10,,-0.10,,,,3,,3,,,3,,3,diaggrid_ssl_eurosat_5pct diaggrid_ssl_eurosat_10pct diaggrid_ssl_eurosat_25pct diaggrid_ssl_eurosat_100pct
simclr-init + deit-aug,eurosat,resnet18,variant,,,,89.14,,,,,,,,,,,6.02,,,,,,,,,,,3,,,,,,,,diagprosp_augssl_esat_5pct
simsiam-init,eurosat,resnet18,variant,67.36,78.21,83.61,90.18,91.98,93.46,95.86,96.86,97.43,98.18,98.84,-0.11,0.23,-0.29,-0.62,-0.27,-0.21,-0.17,-0.12,-0.02,0.02,0.10,3,3,3,3,3,3,3,3,3,3,3,diaggrid_simsiam_esat_1pct diaggrid_simsiam_esat_2pct diaggrid_simsiam_esat_3pct diaggrid_simsiam_esat_5pct diaggrid_simsiam_esat_7pct diaggrid_simsiam_esat_10pct diaggrid_simsiam_esat_15pct diaggrid_simsiam_esat_20pct diaggrid_simsiam_esat_25pct diaggrid_simsiam_esat_50pct diaggrid_simsiam_esat_100pct
BASELINE,eurosat,resnet34,baseline,,,,91.11,,94.27,,,97.36,,,,,,,,,,,,,,,,,3,,3,,,3,,,diagdepth_r34_esat_none_5pct diagdepth_r34_esat_none_10pct diagdepth_r34_esat_none_25pct
"aux(magnitude@L3,L1.0>0.0,hn)",eurosat,resnet34,variant,,,,91.98,,94.84,,,97.29,,,,,,0.87,,0.57,,,-0.07,,,,,,3,,3,,,3,,,diagdepth_r34_esat_aux_5pct diagdepth_r34_esat_aux_10pct diagdepth_r34_esat_aux_25pct
BASELINE,eurosat,resnet50,baseline,,,,89.32,,93.62,,,97.20,,,,,,,,,,,,,,,,,3,,3,,,3,,,diagdepth_r50_esat_none_5pct diagdepth_r50_esat_none_10pct diagdepth_r50_esat_none_25pct
"aux(magnitude@L3,L1.0>0.0,hn)",eurosat,resnet50,variant,,,,90.88,,94.44,,,97.40,,,,,,1.56,,0.81,,,0.20,,,,,,3,,3,,,3,,,diagdepth_r50_esat_aux_5pct diagdepth_r50_esat_aux_10pct diagdepth_r50_esat_aux_25pct
BASELINE  [adamw],eurosat,swin_tiny,baseline,25.85,42.34,25.40,34.33,44.59,33.02,18.59,22.74,31.83,43.77,31.78,,,,,,,,,,,,3,3,3,3,3,3,3,3,3,3,3,diaggrid_swin_esat_none_1pct diaggrid_swin_esat_none_2pct diaggrid_swin_esat_none_3pct diaggrid_swin_esat_none_5pct diaggrid_swin_esat_none_7pct diaggrid_swin_esat_none_10pct diaggrid_swin_esat_none_15pct diaggrid_swin_esat_none_20pct diaggrid_swin_esat_none_25pct diaggrid_swin_esat_none_50pct diaggrid_swin_esat_none_100pct
"aux(magnitude@Ls.2,L1.0>0.0,hn)  [adamw]",eurosat,swin_tiny,variant,54.41,72.88,80.04,84.87,87.38,89.78,92.31,94.01,95.09,97.10,98.17,28.57,30.54,54.64,50.54,42.78,56.75,73.72,71.27,63.26,53.34,66.38,3,3,3,3,3,3,3,3,3,3,3,diaggrid_swin_esat_aux_1pct diaggrid_swin_esat_aux_2pct diaggrid_swin_esat_aux_3pct diaggrid_swin_esat_aux_5pct diaggrid_swin_esat_aux_7pct diaggrid_swin_esat_aux_10pct diaggrid_swin_esat_aux_15pct diaggrid_swin_esat_aux_20pct diaggrid_swin_esat_aux_25pct diaggrid_swin_esat_aux_50pct diaggrid_swin_esat_aux_100pct
BASELINE  [adamw],eurosat,vit_tiny,baseline,60.58,71.30,75.64,81.96,83.96,85.29,88.32,90.27,91.14,94.39,96.20,,,,,,,,,,,,3,3,3,3,3,3,3,3,3,3,3,diaggrid_vit_esat_none_1pct diaggrid_vit_esat_none_2pct diaggrid_vit_esat_none_3pct diaggrid_vit_eurosat_none_5pct diaggrid_vit_esat_none_7pct diaggrid_vit_esat_none_10pct diaggrid_vit_esat_none_15pct diaggrid_vit_esat_none_20pct diaggrid_vit_eurosat_none_25pct diaggrid_vit_esat_none_50pct diaggrid_vit_esat_none_100pct
deit-aug  [adamw],eurosat,vit_tiny,baseline,36.52,58.09,64.85,69.48,72.25,76.33,79.60,84.47,85.27,92.55,95.91,,,,,,,,,,,,3,3,3,3,3,3,3,3,3,3,3,diaggrid_deit_esat_none_1pct diaggrid_deit_esat_none_2pct diaggrid_deit_esat_none_3pct diaggrid_deit_esat_none_5pct diaggrid_deit_esat_none_7pct diaggrid_deit_esat_none_10pct diaggrid_deit_esat_none_15pct diaggrid_deit_esat_none_20pct diaggrid_deit_esat_none_25pct diaggrid_deit_esat_none_50pct diaggrid_deit_esat_none_100pct
"aux(magnitude@b8,L1.0>0.0,hn)  [adamw]",eurosat,vit_tiny,variant,64.44,75.91,80.22,85.12,87.30,89.60,91.80,93.65,94.52,96.58,97.57,3.86,4.61,4.58,3.16,3.34,4.31,3.48,3.38,3.39,2.19,1.36,3,3,3,3,3,3,3,3,3,3,3,diaggrid_vit_esat_aux_1pct diaggrid_vit_esat_aux_2pct diaggrid_vit_esat_aux_3pct diaggrid_vit_eurosat_aux_5pct diaggrid_vit_esat_aux_7pct diaggrid_vit_esat_aux_10pct diaggrid_vit_esat_aux_15pct diaggrid_vit_esat_aux_20pct diaggrid_vit_eurosat_aux_25pct diaggrid_vit_esat_aux_50pct diaggrid_vit_esat_aux_100pct
"aux(magnitude@b8,L1.0>0.0,hn) + deit-aug  [adamw]",eurosat,vit_tiny,variant,54.02,70.53,73.42,78.38,81.30,86.73,88.31,92.49,92.47,96.14,97.77,17.51,12.44,8.57,8.90,9.05,10.40,8.71,8.02,7.20,3.59,1.86,3,3,3,3,3,3,3,3,3,3,3,diaggrid_deit_esat_aux_1pct diaggrid_deit_esat_aux_2pct diaggrid_deit_esat_aux_3pct diaggrid_deit_esat_aux_5pct diaggrid_deit_esat_aux_7pct diaggrid_deit_esat_aux_10pct diaggrid_deit_esat_aux_15pct diaggrid_deit_esat_aux_20pct diaggrid_deit_esat_aux_25pct diaggrid_deit_esat_aux_50pct diaggrid_deit_esat_aux_100pct
dino-init  [adamw],eurosat,vit_tiny,variant,61.51,70.73,74.91,80.22,83.02,85.62,88.75,90.91,92.29,95.20,97.03,0.93,-0.56,-0.73,-1.74,-0.94,0.33,0.43,0.64,1.15,0.81,0.83,3,3,3,3,3,3,3,3,3,3,3,diaggrid_dino_esat_1pct diaggrid_dino_esat_2pct diaggrid_dino_esat_3pct diaggrid_dino_esat_5pct diaggrid_dino_esat_7pct diaggrid_dino_esat_10pct diaggrid_dino_esat_15pct diaggrid_dino_esat_20pct diaggrid_dino_esat_25pct diaggrid_dino_esat_50pct diaggrid_dino_esat_100pct
BASELINE,eurosatms_all,resnet18,baseline,73.91,83.44,,91.48,,96.07,,,98.33,,,,,,,,,,,,,,3,3,,3,,3,,,3,,,sf_eurosatms_all_none_1pct sf_eurosatms_all_none_2pct sf_eurosatms_all_none_5pct sf_eurosatms_all_none_10pct sf_eurosatms_all_none_25pct
"aux(magnitude@L3,L1.0>0.0,hn)",eurosatms_all,resnet18,variant,77.28,86.55,,94.78,,97.57,,,98.65,,,3.37,3.10,,3.30,,1.50,,,0.33,,,3,3,,3,,3,,,3,,,sf_eurosatms_all_aux_1pct sf_eurosatms_all_aux_2pct sf_eurosatms_all_aux_5pct sf_eurosatms_all_aux_10pct sf_eurosatms_all_aux_25pct
BASELINE  [adamw],eurosatms_all,vit_tiny,baseline,,,,88.32,,91.52,,,,,,,,,,,,,,,,,,,,3,,3,,,,,,diagsfvit_eurosatms_all_none_5pct diagsfvit_eurosatms_all_none_10pct
"aux(magnitude@b8,L1.0>0.0,hn)  [adamw]",eurosatms_all,vit_tiny,variant,,,,90.16,,93.27,,,,,,,,,1.84,,1.75,,,,,,,,,3,,3,,,,,,diagsfvit_eurosatms_all_aux_5pct diagsfvit_eurosatms_all_aux_10pct
BASELINE,eurosatms_nir,resnet18,baseline,72.51,80.48,,90.14,,94.26,,,97.77,,,,,,,,,,,,,,3,3,,3,,3,,,3,,,sf_eurosatms_nir_none_1pct sf_eurosatms_nir_none_2pct sf_eurosatms_nir_none_5pct sf_eurosatms_nir_none_10pct sf_eurosatms_nir_none_25pct
"aux(magnitude@L3,L1.0>0.0,hn)",eurosatms_nir,resnet18,variant,75.36,85.09,,92.73,,96.57,,,98.19,,,2.85,4.60,,2.60,,2.31,,,0.43,,,3,3,,3,,3,,,3,,,sf_eurosatms_nir_aux_1pct sf_eurosatms_nir_aux_2pct sf_eurosatms_nir_aux_5pct sf_eurosatms_nir_aux_10pct sf_eurosatms_nir_aux_25pct
BASELINE  [adamw],eurosatms_nir,vit_tiny,baseline,,,,86.83,,90.19,,,,,,,,,,,,,,,,,,,,3,,3,,,,,,diagsfvit_eurosatms_nir_none_5pct diagsfvit_eurosatms_nir_none_10pct
"aux(magnitude@b8,L1.0>0.0,hn)  [adamw]",eurosatms_nir,vit_tiny,variant,,,,89.32,,92.88,,,,,,,,,2.49,,2.69,,,,,,,,,3,,3,,,,,,diagsfvit_eurosatms_nir_aux_5pct diagsfvit_eurosatms_nir_aux_10pct
BASELINE,eurosatms_rgb,resnet18,baseline,65.83,79.41,,89.56,,94.92,,,97.88,,,,,,,,,,,,,,3,3,,3,,3,,,3,,,sf_eurosatms_rgb_none_1pct sf_eurosatms_rgb_none_2pct sf_eurosatms_rgb_none_5pct sf_eurosatms_rgb_none_10pct sf_eurosatms_rgb_none_25pct
"aux(magnitude@L3,L1.0>0.0,hn)",eurosatms_rgb,resnet18,variant,69.59,81.44,,91.19,,95.56,,,97.85,,,3.76,2.03,,1.63,,0.64,,,-0.02,,,3,3,,3,,3,,,3,,,sf_eurosatms_rgb_aux_1pct sf_eurosatms_rgb_aux_2pct sf_eurosatms_rgb_aux_5pct sf_eurosatms_rgb_aux_10pct sf_eurosatms_rgb_aux_25pct
BASELINE  [adamw],eurosatms_rgb,vit_tiny,baseline,,,,78.65,,84.80,,,,,,,,,,,,,,,,,,,,3,,3,,,,,,diagsfvit_eurosatms_rgb_none_5pct diagsfvit_eurosatms_rgb_none_10pct
"aux(magnitude@b8,L1.0>0.0,hn)  [adamw]",eurosatms_rgb,vit_tiny,variant,,,,84.41,,89.94,,,,,,,,,5.76,,5.14,,,,,,,,,3,,3,,,,,,diagsfvit_eurosatms_rgb_aux_5pct diagsfvit_eurosatms_rgb_aux_10pct
BASELINE,food101,mobilenetv3_small_100,baseline,3.92,5.65,7.65,13.90,19.98,27.38,35.32,39.63,43.91,55.13,63.45,,,,,,,,,,,,3,3,3,3,3,3,3,3,3,3,3,grid_mnet_food_none_1pct grid_mnet_food_none_2pct grid_mnet_food_none_3pct grid_mnet_food_none_5pct grid_mnet_food_none_7pct grid_mnet_food_none_10pct grid_mnet_food_none_15pct grid_mnet_food_none_20pct grid_mnet_food_none_25pct grid_mnet_food_none_50pct grid_mnet_food_none_100pct
"aux(magnitude@b3,L1.0>0.0,hn)",food101,mobilenetv3_small_100,variant,4.28,6.16,8.65,15.30,21.54,28.35,35.45,39.71,43.14,54.90,63.76,0.36,0.51,1.00,1.40,1.57,0.97,0.13,0.08,-0.77,-0.23,0.32,3,3,3,3,3,3,3,3,3,3,3,grid_mnet_food_aux_1pct grid_mnet_food_aux_2pct grid_mnet_food_aux_3pct grid_mnet_food_aux_5pct grid_mnet_food_aux_7pct grid_mnet_food_aux_10pct grid_mnet_food_aux_15pct grid_mnet_food_aux_20pct grid_mnet_food_aux_25pct grid_mnet_food_aux_50pct grid_mnet_food_aux_100pct
BASELINE,food101,resnet18,baseline,9.07,13.78,20.30,29.91,40.07,50.27,57.75,62.02,64.43,72.20,78.05,,,,,,,,,,,,3,3,3,3,3,3,3,3,3,3,3,diagtransfer2_food_none_1pct diagtransfer2_food_none_2pct diagtransfer2_food_none_3pct diagtransfer2_food_none_5pct diagtransfer2_food_none_7pct diagtransfer2_food_none_10pct diagtransfer2_food_none_15pct diagtransfer2_food_none_20pct diagtransfer2_food_none_25pct diagtransfer2_food_none_50pct diagtransfer2_food_none_100pct
BASELINE,food101,resnet18,baseline,5.29,8.25,12.03,21.91,29.16,41.73,52.88,58.79,62.88,71.75,78.20,,,,,,,,,,,,3,3,3,3,3,3,3,3,3,3,3,grid_food_r18_9ee7da_1pct grid_food_r18_9ee7da_2pct grid_food_r18_9ee7da_3pct grid_food_r18_9ee7da_5pct grid_food_r18_9ee7da_7pct grid_food_r18_9ee7da_10pct grid_food_r18_9ee7da_15pct grid_food_r18_9ee7da_20pct grid_food_r18_9ee7da_25pct grid_food_r18_9ee7da_50pct grid_food_r18_9ee7da_100pct
deit-aug,food101,resnet18,baseline,,,,31.37,,50.99,,,65.93,,,,,,,,,,,,,,,,,3,,3,,,3,,,diagfuse_food_aug_5pct diagfuse_food_aug_10pct diagfuse_food_aug_25pct
"aux(magnitude3@L3,L1.0>0.0,hn)",food101,resnet18,variant,6.67,11.53,16.49,27.65,35.86,44.72,53.24,58.53,62.00,70.45,77.55,1.39,3.28,4.46,5.74,6.70,2.99,0.36,-0.26,-0.88,-1.30,-0.65,3,3,3,3,3,3,3,3,3,3,3,grid_mag3_food_1pct grid_mag3_food_2pct grid_mag3_food_3pct grid_mag3_food101_5pct grid_mag3_food_7pct grid_mag3_food_10pct grid_mag3_food_15pct grid_mag3_food_20pct grid_mag3_food101_25pct grid_mag3_food_50pct grid_mag3_food_100pct
"aux(magnitude6o@L3,L1.0>0.0,hn)",food101,resnet18,variant,6.61,11.31,16.28,27.74,36.00,45.47,53.62,58.92,62.17,70.83,77.90,1.33,3.06,4.25,5.83,6.84,3.74,0.73,0.13,-0.71,-0.91,-0.30,3,3,3,3,3,3,3,3,3,3,3,grid_mag6o_food_1pct grid_mag6o_food_2pct grid_mag6o_food_3pct grid_mag6o_food101_5pct grid_mag6o_food_7pct grid_mag6o_food_10pct grid_mag6o_food_15pct grid_mag6o_food_20pct grid_mag6o_food101_25pct grid_mag6o_food_50pct grid_mag6o_food_100pct
"aux(magnitude@L3,L0.3)",food101,resnet18,variant,,,,26.17,,44.86,,,,,,,,,4.25,,3.13,,,,,,,,,3,,3,,,,,,diagtgt_food_mag_5pct diagtgt_food_mag_10pct
"aux(magnitude@L3,L1.0>0.0,hn)",food101,resnet18,variant,4.25,7.99,10.30,19.37,26.26,38.28,48.30,55.18,61.36,69.77,77.25,-4.82,-5.79,-10.00,-10.54,-13.81,-11.99,-9.45,-6.84,-3.08,-2.44,-0.80,3,3,3,3,3,3,3,3,3,3,3,diagtransfer2_food_aux_1pct diagtransfer2_food_aux_2pct diagtransfer2_food_aux_3pct diagtransfer2_food_aux_5pct diagtransfer2_food_aux_7pct diagtransfer2_food_aux_10pct diagtransfer2_food_aux_15pct diagtransfer2_food_aux_20pct diagtransfer2_food_aux_25pct diagtransfer2_food_aux_50pct diagtransfer2_food_aux_100pct
"aux(magnitude@L3,L1.0>0.0,hn)",food101,resnet18,variant,6.71,11.23,16.15,27.54,35.88,44.91,53.35,58.58,62.19,70.64,77.73,1.43,2.98,4.11,5.63,6.71,3.18,0.46,-0.20,-0.69,-1.11,-0.47,3,3,3,3,3,3,3,3,3,3,3,grid_food_r18_axmagnitudeL3_l10to00_hn_8bd74b_1pct grid_food_r18_axmagnitudeL3_l10to00_hn_8bd74b_2pct grid_food_r18_axmagnitudeL3_l10to00_hn_8bd74b_3pct grid_food_r18_axmagnitudeL3_l10to00_hn_8bd74b_5pct grid_food_r18_axmagnitudeL3_l10to00_hn_8bd74b_7pct grid_food_r18_axmagnitudeL3_l10to00_hn_8bd74b_10pct grid_food_r18_axmagnitudeL3_l10to00_hn_8bd74b_15pct grid_food_r18_axmagnitudeL3_l10to00_hn_8bd74b_20pct grid_food_r18_axmagnitudeL3_l10to00_hn_8bd74b_25pct grid_food_r18_axmagnitudeL3_l10to00_hn_8bd74b_50pct grid_food_r18_axmagnitudeL3_l10to00_hn_8bd74b_100pct
"aux(magnitude@L3,L1.0>0.0,hn) + deit-aug",food101,resnet18,variant,,,,35.69,,49.17,,,63.50,,,,,,4.32,,-1.81,,,-2.43,,,,,,3,,3,,,3,,,diagfuse_food_prioraug_5pct diagfuse_food_prioraug_10pct diagfuse_food_prioraug_25pct
"aux(magnitude@L3,L1.0>0.0,hn) + simclr-init",food101,resnet18,variant,,,,29.97,,44.76,,,61.01,,,,,,8.06,,3.03,,,-1.87,,,,,,3,,3,,,3,,,diagfuse_food_priorssl_5pct diagfuse_food_priorssl_10pct diagfuse_food_priorssl_25pct
"aux(random-fixed@L3,L0.3)",food101,resnet18,variant,,,,21.98,,42.11,,,,,,,,,0.06,,0.38,,,,,,,,,3,,3,,,,,,diagtgt_food_rand_5pct diagtgt_food_rand_10pct
simclr-init,food101,resnet18,variant,8.01,13.84,19.76,31.47,38.74,47.18,54.22,58.35,62.35,70.81,77.78,2.73,5.59,7.72,9.56,9.57,5.45,1.33,-0.43,-0.53,-0.94,-0.42,3,3,3,3,3,3,3,3,3,3,3,diaggrid_simclr_food_1pct diaggrid_simclr_food_2pct diaggrid_simclr_food_3pct diaggrid_simclr_food_5pct diaggrid_simclr_food_7pct diaggrid_simclr_food_10pct diaggrid_simclr_food_15pct diaggrid_simclr_food_20pct diaggrid_simclr_food_25pct diaggrid_simclr_food_50pct diaggrid_simclr_food_100pct
simclr-init,food101,resnet18,variant,,,,31.47,,47.18,,,62.35,,77.78,,,,9.56,,5.45,,,-0.53,,-0.42,,,,3,,3,,,3,,3,diaggrid_ssl_food101_5pct diaggrid_ssl_food101_10pct diaggrid_ssl_food101_25pct diaggrid_ssl_food101_100pct
simclr-init + deit-aug,food101,resnet18,variant,,,,35.96,,47.57,,,,,,,,,4.59,,-3.42,,,,,,,,,3,,3,,,,,,diagprosp_augssl_food_5pct diagprosp_augssl_food_10pct
simsiam-init,food101,resnet18,variant,5.35,8.54,12.54,22.55,29.67,41.91,53.18,59.41,62.65,70.92,77.49,0.07,0.29,0.50,0.64,0.51,0.18,0.30,0.63,-0.23,-0.82,-0.71,3,3,3,3,3,3,3,3,3,3,3,diaggrid_simsiam_food_1pct diaggrid_simsiam_food_2pct diaggrid_simsiam_food_3pct diaggrid_simsiam_food_5pct diaggrid_simsiam_food_7pct diaggrid_simsiam_food_10pct diaggrid_simsiam_food_15pct diaggrid_simsiam_food_20pct diaggrid_simsiam_food_25pct diaggrid_simsiam_food_50pct diaggrid_simsiam_food_100pct
BASELINE,food101,resnet34,baseline,,,,21.83,,42.94,,,64.54,,,,,,,,,,,,,,,,,3,,3,,,3,,,diagdepth_r34_food_none_5pct diagdepth_r34_food_none_10pct diagdepth_r34_food_none_25pct
"aux(magnitude@L3,L1.0>0.0,hn)",food101,resnet34,variant,,,,27.08,,44.13,,,62.97,,,,,,5.24,,1.19,,,-1.57,,,,,,3,,3,,,3,,,diagdepth_r34_food_aux_5pct diagdepth_r34_food_aux_10pct diagdepth_r34_food_aux_25pct
BASELINE,food101,resnet50,baseline,,,,19.95,,42.41,,,67.10,,,,,,,,,,,,,,,,,3,,3,,,3,,,diagdepth_r50_food_none_5pct diagdepth_r50_food_none_10pct diagdepth_r50_food_none_25pct
"aux(magnitude@L3,L1.0>0.0,hn)",food101,resnet50,variant,,,,28.94,,48.28,,,66.97,,,,,,8.99,,5.87,,,-0.13,,,,,,3,,3,,,3,,,diagdepth_r50_food_aux_5pct diagdepth_r50_food_aux_10pct diagdepth_r50_food_aux_25pct
BASELINE  [adamw],food101,swin_tiny,baseline,1.56,0.98,1.30,1.26,1.07,1.20,1.78,1.14,1.00,0.99,0.99,,,,,,,,,,,,3,3,3,3,3,3,3,3,3,3,3,diaggrid_swin_food_none_1pct diaggrid_swin_food_none_2pct diaggrid_swin_food_none_3pct diaggrid_swin_food_none_5pct diaggrid_swin_food_none_7pct diaggrid_swin_food_none_10pct diaggrid_swin_food_none_15pct diaggrid_swin_food_none_20pct diaggrid_swin_food_none_25pct diaggrid_swin_food_none_50pct diaggrid_swin_food_none_100pct
"aux(magnitude@Ls.2,L1.0>0.0,hn)  [adamw]",food101,swin_tiny,variant,3.21,4.85,5.28,9.96,9.71,16.99,22.57,28.69,23.40,46.17,57.07,1.65,3.87,3.98,8.69,8.63,15.79,20.80,27.55,22.41,45.18,56.08,3,3,3,3,3,3,3,3,3,3,3,diaggrid_swin_food_aux_1pct diaggrid_swin_food_aux_2pct diaggrid_swin_food_aux_3pct diaggrid_swin_food_aux_5pct diaggrid_swin_food_aux_7pct diaggrid_swin_food_aux_10pct diaggrid_swin_food_aux_15pct diaggrid_swin_food_aux_20pct diaggrid_swin_food_aux_25pct diaggrid_swin_food_aux_50pct diaggrid_swin_food_aux_100pct
BASELINE  [adamw],food101,vit_tiny,baseline,3.21,4.29,5.21,6.17,7.02,8.97,12.01,14.51,16.77,25.59,36.38,,,,,,,,,,,,3,3,3,3,3,3,3,3,3,3,3,diaggrid_vit_food_none_1pct diaggrid_vit_food_none_2pct diaggrid_vit_food_none_3pct diaggrid_vit_food101_none_5pct diaggrid_vit_food_none_7pct diaggrid_vit_food_none_10pct diaggrid_vit_food_none_15pct diaggrid_vit_food_none_20pct diaggrid_vit_food101_none_25pct diaggrid_vit_food_none_50pct diaggrid_vit_food_none_100pct
deit-aug  [adamw],food101,vit_tiny,baseline,4.31,2.89,5.30,7.22,8.48,9.62,11.69,19.02,21.54,36.33,49.65,,,,,,,,,,,,3,3,3,3,3,3,3,3,3,3,3,diaggrid_deit_food_none_1pct diaggrid_deit_food_none_2pct diaggrid_deit_food_none_3pct diaggrid_deit_food_none_5pct diaggrid_deit_food_none_7pct diaggrid_deit_food_none_10pct diaggrid_deit_food_none_15pct diaggrid_deit_food_none_20pct diaggrid_deit_food_none_25pct diaggrid_deit_food_none_50pct diaggrid_deit_food_none_100pct
"aux(magnitude@b8,L1.0>0.0,hn)  [adamw]",food101,vit_tiny,variant,4.27,6.43,8.37,11.22,13.19,17.16,20.71,23.63,26.58,36.08,46.01,1.06,2.14,3.16,5.05,6.17,8.20,8.69,9.12,9.81,10.49,9.63,3,3,3,3,3,3,3,3,3,3,3,diaggrid_vit_food_aux_1pct diaggrid_vit_food_aux_2pct diaggrid_vit_food_aux_3pct diaggrid_vit_food101_aux_5pct diaggrid_vit_food_aux_7pct diaggrid_vit_food_aux_10pct diaggrid_vit_food_aux_15pct diaggrid_vit_food_aux_20pct diaggrid_vit_food101_aux_25pct diaggrid_vit_food_aux_50pct diaggrid_vit_food_aux_100pct
"aux(magnitude@b8,L1.0>0.0,hn) + deit-aug  [adamw]",food101,vit_tiny,variant,6.78,9.44,14.57,19.12,24.79,29.76,36.10,39.52,44.82,56.46,67.60,2.47,6.55,9.27,11.90,16.31,20.14,24.42,20.51,23.28,20.13,17.95,3,3,3,3,3,3,3,3,3,3,3,diaggrid_deit_food_aux_1pct diaggrid_deit_food_aux_2pct diaggrid_deit_food_aux_3pct diaggrid_deit_food_aux_5pct diaggrid_deit_food_aux_7pct diaggrid_deit_food_aux_10pct diaggrid_deit_food_aux_15pct diaggrid_deit_food_aux_20pct diaggrid_deit_food_aux_25pct diaggrid_deit_food_aux_50pct diaggrid_deit_food_aux_100pct
"aux(magnitude@b8,L1.0>0.0,hn) + dino-init  [adamw]",food101,vit_tiny,variant,,,,,,,,,,41.78,,,,,,,,,,,16.19,,,,,,,,,,,3,,diagprosp_dinoaux_food_50pct
dino-init  [adamw],food101,vit_tiny,variant,3.28,4.59,5.57,8.00,10.22,14.95,19.86,24.31,28.28,40.37,51.70,0.07,0.30,0.36,1.83,3.20,5.98,7.84,9.80,11.51,14.78,15.31,3,3,3,3,3,3,3,3,3,3,3,diaggrid_dino_food_1pct diaggrid_dino_food_2pct diaggrid_dino_food_3pct diaggrid_dino_food_5pct diaggrid_dino_food_7pct diaggrid_dino_food_10pct diaggrid_dino_food_15pct diaggrid_dino_food_20pct diaggrid_dino_food_25pct diaggrid_dino_food_50pct diaggrid_dino_food_100pct
BASELINE  [100ep],imagenet100,resnet50,baseline,11.47,18.19,,36.51,,55.66,,,72.45,,85.85,,,,,,,,,,,,3,3,,3,,3,,,3,,3,diagin100_r50_none_1pct diagin100_r50_none_2pct diagin100_r50_none_5pct diagin100_r50_none_10pct diagin100_r50_none_25pct diagin100_r50_none
"aux(magnitude@L3,L1.0>0.0,hn)  [100ep]",imagenet100,resnet50,variant,12.01,19.40,,38.35,,57.40,,,74.75,,85.83,0.54,1.21,,1.84,,1.74,,,2.30,,-0.02,3,3,,3,,3,,,3,,3,diagin100_r50_aux_1pct diagin100_r50_aux_2pct diagin100_r50_aux_5pct diagin100_r50_aux_10pct diagin100_r50_aux_25pct diagin100_r50_aux
"deit-aug  [adamw,100ep]",imagenet100,vit_base,baseline,5.25,4.07,,6.10,,6.56,,,7.05,,43.33,,,,,,,,,,,,3,3,,3,,3,,,3,,3,diagin100_vitb_none_1pct diagin100_vitb_none_2pct diagin100_vitb_none_5pct diagin100_vitb_none_10pct diagin100_vitb_none_25pct diagin100_vitb_none
deit-aug  [adamw],imagenet100,vit_base,baseline,,,,,,,,,,,75.31,,,,,,,,,,,,,,,,,,,,,,6,diagin100e200_vitb_none
"aux(magnitude@b8,L1.0>0.0,hn) + deit-aug  [adamw,100ep]",imagenet100,vit_base,variant,5.94,9.17,,10.57,,8.86,,,14.41,,69.34,0.69,5.11,,4.47,,2.30,,,7.36,,26.01,3,3,,3,,3,,,3,,3,diagin100_vitb_aux_1pct diagin100_vitb_aux_2pct diagin100_vitb_aux_5pct diagin100_vitb_aux_10pct diagin100_vitb_aux_25pct diagin100_vitb_aux
"aux(magnitude@b8,L1.0>0.0,hn) + deit-aug  [adamw]",imagenet100,vit_base,variant,,,,,,,,,,,82.02,,,,,,,,,,,6.71,,,,,,,,,,,6,diagin100e200_vitb_aux
"deit-aug  [adamw,100ep]",imagenet100,vit_small,baseline,7.27,6.42,,7.29,,11.89,,,23.16,,65.39,,,,,,,,,,,,3,3,,3,,3,,,3,,3,diagin100_vits_none_1pct diagin100_vits_none_2pct diagin100_vits_none_5pct diagin100_vits_none_10pct diagin100_vits_none_25pct diagin100_vits_none
deit-aug  [adamw],imagenet100,vit_small,baseline,,,,,,,,,,,79.47,,,,,,,,,,,,,,,,,,,,,,6,diagin100e200_vits_none
"aux(magnitude@b8,L1.0>0.0,hn) + deit-aug  [adamw,100ep]",imagenet100,vit_small,variant,9.58,14.01,,21.44,,26.13,,,53.55,,78.39,2.31,7.59,,14.15,,14.23,,,30.39,,13.00,3,3,,3,,3,,,3,,3,diagin100_vits_aux_1pct diagin100_vits_aux_2pct diagin100_vits_aux_5pct diagin100_vits_aux_10pct diagin100_vits_aux_25pct diagin100_vits_aux
"aux(magnitude@b8,L1.0>0.0,hn) + deit-aug  [adamw]",imagenet100,vit_small,variant,,,,,,,,,,,83.99,,,,,,,,,,,4.52,,,,,,,,,,,6,diagin100e200_vits_aux
BASELINE  [40ep],imagenet64,mobilenetv3_small_100,baseline,4.33,7.61,9.68,12.94,15.29,18.60,22.49,24.61,25.84,,32.93,,,,,,,,,,,,3,3,3,3,3,3,3,3,3,,3,diagin64_mnet_none_1pct diagin64_mnet_none_2pct diagin64_mnet_none_3pct diagin64_mnet_none_5pct diagin64_mnet_none_7pct diagin64_mnet_none_10pct diagin64_mnet_none_15pct diagin64_mnet_none_20pct diagin64_mnet_none_25pct diagin64_mnet_none
"aux(magnitude@b3,L1.0>0.0,hn)  [40ep]",imagenet64,mobilenetv3_small_100,variant,3.82,7.62,10.17,14.39,17.57,21.22,25.24,27.59,29.29,,34.88,-0.52,0.01,0.49,1.46,2.28,2.61,2.75,2.98,3.45,,1.95,3,3,3,3,3,3,3,3,3,,3,diagin64_mnet_aux_1pct diagin64_mnet_aux_2pct diagin64_mnet_aux_3pct diagin64_mnet_aux_5pct diagin64_mnet_aux_7pct diagin64_mnet_aux_10pct diagin64_mnet_aux_15pct diagin64_mnet_aux_20pct diagin64_mnet_aux_25pct diagin64_mnet_aux
BASELINE  [40ep],imagenet64,resnet18,baseline,5.47,13.19,18.94,27.26,32.31,37.23,42.27,45.20,47.23,,55.38,,,,,,,,,,,,3,3,3,3,3,3,3,3,3,,3,diagin64_r18_none_1pct diagin64_r18_none_2pct diagin64_r18_none_3pct diagin64_r18_none_5pct diagin64_r18_none_7pct diagin64_r18_none_10pct diagin64_r18_none_15pct diagin64_r18_none_20pct diagin64_r18_none_25pct diagin64_r18_none
"aux(magnitude@L3,L1.0>0.0,hn)  [40ep]",imagenet64,resnet18,variant,7.37,14.78,20.33,27.82,32.73,37.30,42.26,45.39,47.15,,55.42,1.90,1.59,1.38,0.56,0.42,0.08,-0.01,0.19,-0.07,,0.04,3,3,3,3,3,3,3,3,3,,3,diagin64_r18_aux_1pct diagin64_r18_aux_2pct diagin64_r18_aux_3pct diagin64_r18_aux_5pct diagin64_r18_aux_7pct diagin64_r18_aux_10pct diagin64_r18_aux_15pct diagin64_r18_aux_20pct diagin64_r18_aux_25pct diagin64_r18_aux
"BASELINE  [adamw,40ep]",imagenet64,swin_tiny,baseline,,,,,,,,,,,5.44,,,,,,,,,,,,,,,,,,,,,,3,diagin64_swin_none
"aux(magnitude@Ls.2,L1.0>0.0,hn)  [adamw,40ep]",imagenet64,swin_tiny,variant,,,,,,,,,,,53.46,,,,,,,,,,,48.02,,,,,,,,,,,3,diagin64_swin_aux
"BASELINE  [adamw,40ep]",imagenet64,vit_tiny,baseline,1.88,2.63,3.43,5.89,7.59,9.67,13.07,16.11,18.69,,48.24,,,,,,,,,,,,3,3,3,3,3,3,3,3,3,,3,diagin64_vit_none_1pct diagin64_vit_none_2pct diagin64_vit_none_3pct diagin64_vit_none_5pct diagin64_vit_none_7pct diagin64_vit_none_10pct diagin64_vit_none_15pct diagin64_vit_none_20pct diagin64_vit_none_25pct diagin64_vit_none
"aux(magnitude@b8,L1.0>0.0,hn)  [adamw,40ep]",imagenet64,vit_tiny,variant,4.02,6.43,8.19,11.11,13.22,15.98,19.79,22.97,26.43,,51.48,2.14,3.80,4.76,5.22,5.63,6.31,6.72,6.86,7.75,,3.24,3,3,3,3,3,3,3,3,3,,3,diagin64_vit_aux_1pct diagin64_vit_aux_2pct diagin64_vit_aux_3pct diagin64_vit_aux_5pct diagin64_vit_aux_7pct diagin64_vit_aux_10pct diagin64_vit_aux_15pct diagin64_vit_aux_20pct diagin64_vit_aux_25pct diagin64_vit_aux
BASELINE,pathmnist,mobilenetv3_small_100,baseline,75.91,80.03,80.00,84.30,86.40,87.90,86.35,89.04,85.97,88.02,84.62,,,,,,,,,,,,3,3,3,3,3,3,3,3,3,3,3,grid_mnet_path_none_1pct grid_mnet_path_none_2pct grid_mnet_path_none_3pct grid_mnet_path_none_5pct grid_mnet_path_none_7pct grid_mnet_path_none_10pct grid_mnet_path_none_15pct grid_mnet_path_none_20pct grid_mnet_path_none_25pct grid_mnet_path_none_50pct grid_mnet_path_none_100pct
"aux(magnitude@b3,L1.0>0.0,hn)",pathmnist,mobilenetv3_small_100,variant,79.41,83.21,82.26,89.03,89.41,91.36,90.33,88.56,86.85,87.45,85.13,3.51,3.18,2.26,4.72,3.00,3.46,3.98,-0.48,0.88,-0.57,0.50,3,3,3,3,3,3,3,3,3,3,3,grid_mnet_path_aux_1pct grid_mnet_path_aux_2pct grid_mnet_path_aux_3pct grid_mnet_path_aux_5pct grid_mnet_path_aux_7pct grid_mnet_path_aux_10pct grid_mnet_path_aux_15pct grid_mnet_path_aux_20pct grid_mnet_path_aux_25pct grid_mnet_path_aux_50pct grid_mnet_path_aux_100pct
BASELINE,pathmnist,resnet18,baseline,90.01,92.25,92.65,93.53,94.21,93.79,93.20,92.36,91.43,90.94,88.23,,,,,,,,,,,,3,3,3,3,3,3,3,3,3,3,3,diagtransfer2_path_none_1pct diagtransfer2_path_none_2pct diagtransfer2_path_none_3pct diagtransfer_pathmnist_base_5pct diagtransfer2_path_none_7pct diagtransfer2_path_none_10pct diagtransfer2_path_none_15pct diagtransfer2_path_none_20pct diagtransfer2_path_none_25pct diagtransfer2_path_none_50pct diagtransfer2_path_none_100pct
BASELINE,pathmnist,resnet18,baseline,80.84,83.62,90.28,92.21,91.25,92.01,91.53,91.64,89.67,89.83,86.71,,,,,,,,,,,,3,3,3,3,3,3,3,3,3,3,3,grid_path_r18_89e5af_1pct grid_path_r18_89e5af_2pct grid_path_r18_89e5af_3pct grid_path_r18_89e5af_5pct grid_path_r18_89e5af_7pct grid_path_r18_89e5af_10pct grid_path_r18_89e5af_15pct grid_path_r18_89e5af_20pct grid_path_r18_89e5af_25pct grid_path_r18_89e5af_50pct grid_path_r18_89e5af_100pct
"aux(magnitude3@L3,L1.0>0.0,hn)",pathmnist,resnet18,variant,86.46,90.55,92.66,93.04,93.15,93.47,92.55,91.58,89.80,88.47,85.52,5.62,6.94,2.39,0.82,1.90,1.46,1.03,-0.06,0.13,-1.36,-1.20,3,3,3,3,3,3,3,3,3,3,3,grid_mag3_path_1pct grid_mag3_path_2pct grid_mag3_path_3pct grid_mag3_pathmnist_5pct grid_mag3_path_7pct grid_mag3_path_10pct grid_mag3_path_15pct grid_mag3_path_20pct grid_mag3_pathmnist_25pct grid_mag3_path_50pct grid_mag3_path_100pct
"aux(magnitude6o@L3,L1.0>0.0,hn)",pathmnist,resnet18,variant,86.64,90.50,92.47,92.72,92.06,93.16,92.40,90.60,90.00,88.43,85.55,5.80,6.88,2.19,0.51,0.81,1.15,0.88,-1.04,0.33,-1.41,-1.17,3,3,3,3,3,3,3,3,3,3,3,grid_mag6o_path_1pct grid_mag6o_path_2pct grid_mag6o_path_3pct grid_mag6o_pathmnist_5pct grid_mag6o_path_7pct grid_mag6o_path_10pct grid_mag6o_path_15pct grid_mag6o_path_20pct grid_mag6o_pathmnist_25pct grid_mag6o_path_50pct grid_mag6o_path_100pct
"aux(magnitude@L3,L0.05>0.0,hn)",pathmnist,resnet18,variant,,,,,,93.27,,,,,,,,,,,-0.52,,,,,,,,,,,3,,,,,,diagtaxlam_path_l005_10pct
"aux(magnitude@L3,L0.1>0.0,hn)",pathmnist,resnet18,variant,,,,,,93.86,,,,,,,,,,,0.07,,,,,,,,,,,3,,,,,,diagtaxlam_path_l01_10pct
"aux(magnitude@L3,L0.3>0.0,hn)",pathmnist,resnet18,variant,,,,,,93.57,,,,,,,,,,,-0.22,,,,,,,,,,,3,,,,,,diagtaxlam_path_l03_10pct
"aux(magnitude@L3,L1.0>0.0,hn)",pathmnist,resnet18,variant,,,,,,93.37,,,,,,,,,,,-0.43,,,,,,,,,,,3,,,,,,diagtaxlam_path_delay_10pct
"aux(magnitude@L3,L1.0>0.0,hn)",pathmnist,resnet18,variant,82.86,88.79,90.09,92.00,93.09,93.38,92.67,91.27,90.03,89.07,86.14,-7.15,-3.46,-2.56,-1.53,-1.12,-0.41,-0.53,-1.09,-1.40,-1.87,-2.08,3,3,3,3,3,3,3,3,3,3,3,diagtransfer2_path_aux_1pct diagtransfer2_path_aux_2pct diagtransfer2_path_aux_3pct diagtransfer_pathmnist_aux_5pct diagtransfer2_path_aux_7pct diagtransfer2_path_aux_10pct diagtransfer2_path_aux_15pct diagtransfer2_path_aux_20pct diagtransfer2_path_aux_25pct diagtransfer2_path_aux_50pct diagtransfer2_path_aux_100pct
"aux(magnitude@L3,L1.0>0.0,hn)",pathmnist,resnet18,variant,86.45,89.99,93.08,93.32,92.96,93.75,92.67,91.34,89.49,88.74,86.72,5.62,6.37,2.80,1.10,1.71,1.74,1.15,-0.31,-0.18,-1.09,0.01,3,3,3,3,3,3,3,3,3,3,3,grid_path_r18_axmagnitudeL3_l10to00_hn_1daa80_1pct grid_path_r18_axmagnitudeL3_l10to00_hn_1daa80_2pct grid_path_r18_axmagnitudeL3_l10to00_hn_1daa80_3pct grid_path_r18_axmagnitudeL3_l10to00_hn_1daa80_5pct grid_path_r18_axmagnitudeL3_l10to00_hn_1daa80_7pct grid_path_r18_axmagnitudeL3_l10to00_hn_1daa80_10pct grid_path_r18_axmagnitudeL3_l10to00_hn_1daa80_15pct grid_path_r18_axmagnitudeL3_l10to00_hn_1daa80_20pct grid_path_r18_axmagnitudeL3_l10to00_hn_1daa80_25pct grid_path_r18_axmagnitudeL3_l10to00_hn_1daa80_50pct grid_path_r18_axmagnitudeL3_l10to00_hn_1daa80_100pct
simclr-init,pathmnist,resnet18,variant,88.16,90.38,92.84,93.28,93.72,94.28,93.03,91.85,91.35,90.86,87.58,7.33,6.76,2.56,1.07,2.47,2.27,1.50,0.21,1.68,1.03,0.86,3,3,3,3,3,3,3,3,3,3,3,diaggrid_simclr_path_1pct diaggrid_simclr_path_2pct diaggrid_simclr_path_3pct diaggrid_simclr_path_5pct diaggrid_simclr_path_7pct diaggrid_simclr_path_10pct diaggrid_simclr_path_15pct diaggrid_simclr_path_20pct diaggrid_simclr_path_25pct diaggrid_simclr_path_50pct diaggrid_simclr_path_100pct
simclr-init,pathmnist,resnet18,variant,,,,93.28,,94.28,,,91.35,,87.58,,,,1.07,,2.27,,,1.68,,0.86,,,,3,,3,,,3,,3,diaggrid_ssl_pathmnist_5pct diaggrid_ssl_pathmnist_10pct diaggrid_ssl_pathmnist_25pct diaggrid_ssl_pathmnist_100pct
simsiam-init,pathmnist,resnet18,variant,79.64,83.90,90.37,91.72,92.27,91.61,93.15,91.84,89.52,90.89,88.24,-1.20,0.28,0.09,-0.49,1.02,-0.40,1.62,0.20,-0.15,1.06,1.53,3,3,3,3,3,3,3,3,3,3,3,diaggrid_simsiam_path_1pct diaggrid_simsiam_path_2pct diaggrid_simsiam_path_3pct diaggrid_simsiam_path_5pct diaggrid_simsiam_path_7pct diaggrid_simsiam_path_10pct diaggrid_simsiam_path_15pct diaggrid_simsiam_path_20pct diaggrid_simsiam_path_25pct diaggrid_simsiam_path_50pct diaggrid_simsiam_path_100pct
BASELINE,pathmnist,resnet34,baseline,,,,91.58,,92.55,,,90.40,,,,,,,,,,,,,,,,,3,,3,,,3,,,diagdepth_r34_path_none_5pct diagdepth_r34_path_none_10pct diagdepth_r34_path_none_25pct
"aux(magnitude@L3,L1.0>0.0,hn)",pathmnist,resnet34,variant,,,,93.22,,93.67,,,91.29,,,,,,1.64,,1.12,,,0.88,,,,,,3,,3,,,3,,,diagdepth_r34_path_aux_5pct diagdepth_r34_path_aux_10pct diagdepth_r34_path_aux_25pct
BASELINE,pathmnist,resnet50,baseline,,,,91.77,,91.88,,,88.86,,,,,,,,,,,,,,,,,3,,3,,,3,,,diagdepth_r50_path_none_5pct diagdepth_r50_path_none_10pct diagdepth_r50_path_none_25pct
"aux(magnitude@L3,L1.0>0.0,hn)",pathmnist,resnet50,variant,,,,93.18,,93.92,,,88.83,,,,,,1.41,,2.03,,,-0.04,,,,,,3,,3,,,3,,,diagdepth_r50_path_aux_5pct diagdepth_r50_path_aux_10pct diagdepth_r50_path_aux_25pct
BASELINE  [adamw],pathmnist,swin_tiny,baseline,65.52,57.98,68.94,56.85,36.98,66.57,50.94,78.09,59.33,58.45,83.24,,,,,,,,,,,,3,3,3,3,3,3,3,3,3,3,3,diaggrid_swin_path_none_1pct diaggrid_swin_path_none_2pct diaggrid_swin_path_none_3pct diaggrid_swin_path_none_5pct diaggrid_swin_path_none_7pct diaggrid_swin_path_none_10pct diaggrid_swin_path_none_15pct diaggrid_swin_path_none_20pct diaggrid_swin_path_none_25pct diaggrid_swin_path_none_50pct diaggrid_swin_path_none_100pct
"aux(magnitude@Ls.2,L1.0>0.0,hn)  [adamw]",pathmnist,swin_tiny,variant,77.10,84.04,85.87,88.88,92.20,92.68,91.84,91.44,91.69,91.51,91.27,11.58,26.06,16.93,32.03,55.21,26.11,40.90,13.35,32.36,33.06,8.03,3,3,3,3,3,3,3,3,3,3,3,diaggrid_swin_path_aux_1pct diaggrid_swin_path_aux_2pct diaggrid_swin_path_aux_3pct diaggrid_swin_path_aux_5pct diaggrid_swin_path_aux_7pct diaggrid_swin_path_aux_10pct diaggrid_swin_path_aux_15pct diaggrid_swin_path_aux_20pct diaggrid_swin_path_aux_25pct diaggrid_swin_path_aux_50pct diaggrid_swin_path_aux_100pct
BASELINE  [adamw],pathmnist,vit_tiny,baseline,70.98,74.73,73.72,76.83,79.13,79.62,80.32,80.97,79.66,81.71,82.11,,,,,,,,,,,,3,3,3,3,3,3,3,3,3,3,3,diaggrid_vit_path_none_1pct diaggrid_vit_path_none_2pct diaggrid_vit_path_none_3pct diaggrid_vit_pathmnist_none_5pct diaggrid_vit_path_none_7pct diaggrid_vit_path_none_10pct diaggrid_vit_path_none_15pct diaggrid_vit_path_none_20pct diaggrid_vit_pathmnist_none_25pct diaggrid_vit_path_none_50pct diaggrid_vit_path_none_100pct
deit-aug  [adamw],pathmnist,vit_tiny,baseline,74.34,79.08,78.84,81.12,82.93,84.32,87.95,88.83,88.00,91.29,90.04,,,,,,,,,,,,3,3,3,3,3,3,3,3,3,3,3,diaggrid_deit_path_none_1pct diaggrid_deit_path_none_2pct diaggrid_deit_path_none_3pct diaggrid_deit_path_none_5pct diaggrid_deit_path_none_7pct diaggrid_deit_path_none_10pct diaggrid_deit_path_none_15pct diaggrid_deit_path_none_20pct diaggrid_deit_path_none_25pct diaggrid_deit_path_none_50pct diaggrid_deit_path_none_100pct
"aux(magnitude@b8,L1.0>0.0,hn)  [adamw]",pathmnist,vit_tiny,variant,78.57,81.01,85.21,86.31,87.38,87.13,88.34,88.46,87.50,87.79,86.17,7.59,6.29,11.49,9.48,8.25,7.51,8.02,7.49,7.84,6.08,4.07,3,3,3,3,3,3,3,3,3,3,3,diaggrid_vit_path_aux_1pct diaggrid_vit_path_aux_2pct diaggrid_vit_path_aux_3pct diaggrid_vit_pathmnist_aux_5pct diaggrid_vit_path_aux_7pct diaggrid_vit_path_aux_10pct diaggrid_vit_path_aux_15pct diaggrid_vit_path_aux_20pct diaggrid_vit_pathmnist_aux_25pct diaggrid_vit_path_aux_50pct diaggrid_vit_path_aux_100pct
"aux(magnitude@b8,L1.0>0.0,hn) + deit-aug  [adamw]",pathmnist,vit_tiny,variant,80.46,88.31,89.31,91.44,92.22,93.41,93.77,93.72,93.64,93.97,92.94,6.12,9.23,10.47,10.32,9.29,9.09,5.81,4.88,5.64,2.68,2.91,3,3,3,3,3,3,3,3,3,3,3,diaggrid_deit_path_aux_1pct diaggrid_deit_path_aux_2pct diaggrid_deit_path_aux_3pct diaggrid_deit_path_aux_5pct diaggrid_deit_path_aux_7pct diaggrid_deit_path_aux_10pct diaggrid_deit_path_aux_15pct diaggrid_deit_path_aux_20pct diaggrid_deit_path_aux_25pct diaggrid_deit_path_aux_50pct diaggrid_deit_path_aux_100pct
dino-init  [adamw],pathmnist,vit_tiny,variant,75.14,79.92,79.99,83.31,87.21,87.53,88.57,88.95,87.86,88.77,87.52,4.16,5.19,6.27,6.48,8.08,7.91,8.25,7.98,8.20,7.06,5.41,3,3,3,3,3,3,3,3,3,3,3,diaggrid_dino_path_1pct diaggrid_dino_path_2pct diaggrid_dino_path_3pct diaggrid_dino_path_5pct diaggrid_dino_path_7pct diaggrid_dino_path_10pct diaggrid_dino_path_15pct diaggrid_dino_path_20pct diaggrid_dino_path_25pct diaggrid_dino_path_50pct diaggrid_dino_path_100pct
BASELINE,so2sat_all,resnet18,baseline,60.75,67.33,,73.40,,77.52,,,79.47,,,,,,,,,,,,,,3,3,,3,,3,,,3,,,sf_so2sat_all_none_1pct sf_so2sat_all_none_2pct sf_so2sat_all_none_5pct sf_so2sat_all_none_10pct sf_so2sat_all_none_25pct
"aux(magnitude@L3,L1.0>0.0,hn)",so2sat_all,resnet18,variant,60.89,68.84,,74.75,,77.92,,,79.05,,,0.14,1.51,,1.35,,0.40,,,-0.42,,,3,3,,3,,3,,,3,,,sf_so2sat_all_aux_1pct sf_so2sat_all_aux_2pct sf_so2sat_all_aux_5pct sf_so2sat_all_aux_10pct sf_so2sat_all_aux_25pct
BASELINE,so2sat_opt,resnet18,baseline,61.32,67.46,,74.13,,77.63,,,79.47,,,,,,,,,,,,,,3,3,,3,,3,,,3,,,sf_so2sat_opt_none_1pct sf_so2sat_opt_none_2pct sf_so2sat_opt_none_5pct sf_so2sat_opt_none_10pct sf_so2sat_opt_none_25pct
"aux(magnitude@L3,L1.0>0.0,hn)",so2sat_opt,resnet18,variant,62.44,69.37,,75.32,,78.31,,,78.91,,,1.13,1.91,,1.19,,0.68,,,-0.56,,,3,3,,3,,3,,,3,,,sf_so2sat_opt_aux_1pct sf_so2sat_opt_aux_2pct sf_so2sat_opt_aux_5pct sf_so2sat_opt_aux_10pct sf_so2sat_opt_aux_25pct
BASELINE,so2sat_sar,resnet18,baseline,35.00,33.69,,43.52,,49.12,,,53.49,,,,,,,,,,,,,,3,3,,3,,3,,,3,,,sf_so2sat_sar_none_1pct sf_so2sat_sar_none_2pct sf_so2sat_sar_none_5pct sf_so2sat_sar_none_10pct sf_so2sat_sar_none_25pct
"aux(magnitude@L3,L1.0>0.0,hn)",so2sat_sar,resnet18,variant,36.24,30.60,,46.11,,48.65,,,53.25,,,1.24,-3.09,,2.59,,-0.46,,,-0.24,,,3,3,,3,,3,,,3,,,sf_so2sat_sar_aux_1pct sf_so2sat_sar_aux_2pct sf_so2sat_sar_aux_5pct sf_so2sat_sar_aux_10pct sf_so2sat_sar_aux_25pct
BASELINE,stl10,mobilenetv3_small_100,baseline,n/a (<1 batch),n/a (<1 batch),30.41,32.50,36.96,41.41,45.30,49.33,52.05,66.35,77.38,,,,,,,,,,,,,,3,3,3,3,3,3,3,3,3,grid_mnet_stl_none_3pct grid_mnet_stl_none_5pct grid_mnet_stl_none_7pct grid_mnet_stl_none_10pct grid_mnet_stl_none_15pct grid_mnet_stl_none_20pct grid_mnet_stl_none_25pct grid_mnet_stl_none_50pct grid_mnet_stl_none_100pct
"aux(magnitude@b3,L1.0>0.0,hn)",stl10,mobilenetv3_small_100,variant,n/a (<1 batch),n/a (<1 batch),30.69,33.90,39.78,45.45,50.60,54.76,55.63,69.00,79.14,,,0.28,1.40,2.82,4.04,5.29,5.44,3.59,2.65,1.76,,,3,3,3,3,3,3,3,3,3,grid_mnet_stl_aux_3pct grid_mnet_stl_aux_5pct grid_mnet_stl_aux_7pct grid_mnet_stl_aux_10pct grid_mnet_stl_aux_15pct grid_mnet_stl_aux_20pct grid_mnet_stl_aux_25pct grid_mnet_stl_aux_50pct grid_mnet_stl_aux_100pct
BASELINE,stl10,resnet18,baseline,n/a (<1 batch),n/a (<1 batch),39.90,47.23,50.12,58.01,68.07,76.18,81.95,90.60,94.67,,,,,,,,,,,,,,3,3,3,3,3,3,3,3,3,diagtransfer2_stl_none_3pct diagtransfer2_stl_none_5pct diagtransfer2_stl_none_7pct diagtransfer2_stl_none_10pct diagtransfer2_stl_none_15pct diagtransfer2_stl_none_20pct diagtransfer2_stl_none_25pct diagtransfer2_stl_none_50pct diagtransfer2_stl_none_100pct
BASELINE,stl10,resnet18,baseline,n/a (<1 batch),n/a (<1 batch),27.01,30.56,34.20,41.58,48.75,54.16,58.33,73.22,84.27,,,0.00,0.00,0.00,,0.00,,0.00,,0.00,,,3,3,3,3,3,3,3,3,3,grid_stl_r18_57b62b_3pct grid_stl_r18_57b62b_5pct grid_stl_r18_57b62b_7pct stl_none_10pct grid_stl_r18_57b62b_15pct stl_none_20pct grid_stl_r18_57b62b_25pct stl_none_50pct grid_stl_r18_57b62b_100pct
BASELINE,stl10,resnet18,baseline,n/a (<1 batch),n/a (<1 batch),27.01,30.56,34.20,41.50,48.75,54.08,58.33,73.45,84.27,,,,,,-0.09,,-0.08,,0.23,,,,3,3,3,3,3,3,3,3,3,grid_stl_r18_9016e6_3pct grid_stl_r18_9016e6_5pct grid_stl_r18_9016e6_7pct grid_stl_r18_9016e6_10pct grid_stl_r18_9016e6_15pct grid_stl_r18_9016e6_20pct grid_stl_r18_9016e6_25pct grid_stl_r18_9016e6_50pct stl10_none
"aux(magnitude3@L3,L1.0>0.0,hn)",stl10,resnet18,variant,n/a (<1 batch),n/a (<1 batch),29.69,32.89,39.78,47.45,54.04,58.55,63.52,76.20,85.16,,,2.68,2.33,5.59,5.86,5.29,4.39,5.19,2.98,0.89,,,3,3,3,3,3,3,3,3,3,grid_mag3_stl_3pct grid_mag3_stl_5pct grid_mag3_stl_7pct grid_mag3_stl_10pct grid_mag3_stl_15pct grid_mag3_stl_20pct grid_mag3_stl_25pct grid_mag3_stl_50pct grid_mag3_stl_100pct
"aux(magnitude6o@L3,L1.0>0.0,hn)",stl10,resnet18,variant,n/a (<1 batch),n/a (<1 batch),29.93,32.62,39.38,47.35,54.36,58.60,63.25,76.43,85.51,,,2.93,2.07,5.18,5.77,5.60,4.44,4.92,3.21,1.24,,,3,3,3,3,3,3,3,3,3,grid_mag6o_stl_3pct grid_mag6o_stl_5pct grid_mag6o_stl_7pct grid_mag6o_stl_10pct grid_mag6o_stl_15pct grid_mag6o_stl_20pct grid_mag6o_stl_25pct grid_mag6o_stl_50pct grid_mag6o_stl_100pct
"aux(magnitude@L3,L1.0>0.0)",stl10,resnet18,variant,n/a (<1 batch),n/a (<1 batch),29.72,33.08,39.24,47.51,54.10,58.52,63.10,76.39,85.13,,,2.72,2.52,5.05,5.92,5.35,4.36,4.77,3.18,0.86,,,3,3,3,3,3,3,3,3,3,grid_stl_r18_axmagnitudeL3_l10to00_3ebf19_3pct grid_stl_r18_axmagnitudeL3_l10to00_3ebf19_5pct grid_stl_r18_axmagnitudeL3_l10to00_3ebf19_7pct stl_aux_10pct grid_stl_r18_axmagnitudeL3_l10to00_3ebf19_15pct stl_aux_20pct grid_stl_r18_axmagnitudeL3_l10to00_3ebf19_25pct stl_aux_50pct grid_stl_r18_axmagnitudeL3_l10to00_3ebf19_100pct
"aux(magnitude@L3,L1.0>0.0,hn)",stl10,resnet18,variant,n/a (<1 batch),n/a (<1 batch),16.33,24.03,34.41,43.10,48.20,54.34,58.22,70.45,82.98,,,-23.56,-23.20,-15.71,-14.90,-19.87,-21.84,-23.73,-20.14,-11.69,,,3,3,3,3,3,3,3,3,3,diagtransfer2_stl_aux_3pct diagtransfer2_stl_aux_5pct diagtransfer2_stl_aux_7pct diagtransfer2_stl_aux_10pct diagtransfer2_stl_aux_15pct diagtransfer2_stl_aux_20pct diagtransfer2_stl_aux_25pct diagtransfer2_stl_aux_50pct diagtransfer2_stl_aux_100pct
"aux(magnitude@L3,L1.0>0.0,hn) + simclr-init",stl10,resnet18,variant,n/a (<1 batch),n/a (<1 batch),,,,54.45,,,,,,,,,,,12.87,,,,,,,,,,,3,,,,,,diagprosp_simclraux_stl_10pct
simclr-init,stl10,resnet18,variant,n/a (<1 batch),n/a (<1 batch),29.90,34.34,45.48,52.80,59.38,65.40,70.89,80.54,88.24,,,2.89,3.78,11.28,11.22,10.63,11.25,12.56,7.33,3.97,,,3,3,3,3,3,3,3,3,3,diaggrid_simclr_stl_3pct diaggrid_simclr_stl_5pct diaggrid_simclr_stl_7pct diaggrid_simclr_stl_10pct diaggrid_simclr_stl_15pct diaggrid_simclr_stl_20pct diaggrid_simclr_stl_25pct diaggrid_simclr_stl_50pct diaggrid_simclr_stl_100pct
simsiam-init,stl10,resnet18,variant,n/a (<1 batch),n/a (<1 batch),26.31,30.49,33.80,41.78,48.99,54.73,57.90,74.38,84.32,,,-0.70,-0.07,-0.40,0.19,0.24,0.58,-0.42,1.17,0.05,,,3,3,3,3,3,3,3,3,3,diaggrid_simsiam_stl_3pct diaggrid_simsiam_stl_5pct diaggrid_simsiam_stl_7pct diaggrid_simsiam_stl_10pct diaggrid_simsiam_stl_15pct diaggrid_simsiam_stl_20pct diaggrid_simsiam_stl_25pct diaggrid_simsiam_stl_50pct diaggrid_simsiam_stl_100pct
"stem(moments-cat,k11) + kw(use_zernike=False)",stl10,resnet18,variant,n/a (<1 batch),n/a (<1 batch),31.08,35.91,40.66,48.25,52.71,56.22,61.26,72.53,82.77,,,4.07,5.35,6.47,6.67,3.96,2.06,2.94,-0.68,-1.50,,,3,3,3,3,3,3,3,3,3,grid_stl_r18_stmomentscatk11_kw03e54b_1c75c5_3pct grid_stl_r18_stmomentscatk11_kw03e54b_1c75c5_5pct grid_stl_r18_stmomentscatk11_kw03e54b_1c75c5_7pct grid_stl_r18_stmomentscatk11_kw03e54b_1c75c5_10pct grid_stl_r18_stmomentscatk11_kw03e54b_1c75c5_15pct grid_stl_r18_stmomentscatk11_kw03e54b_1c75c5_20pct grid_stl_r18_stmomentscatk11_kw03e54b_1c75c5_25pct grid_stl_r18_stmomentscatk11_kw03e54b_1c75c5_50pct stl10_gaboronly_calib
BASELINE,stl10,resnet34,baseline,n/a (<1 batch),n/a (<1 batch),,30.88,,41.80,,,58.65,,,,,,,,,,,,,,,,,3,,3,,,3,,,diagdepth_r34_stl_none_5pct diagdepth_r34_stl_none_10pct diagdepth_r34_stl_none_25pct
"aux(magnitude@L3,L1.0>0.0,hn)",stl10,resnet34,variant,n/a (<1 batch),n/a (<1 batch),,33.49,,49.07,,,64.60,,,,,,2.61,,7.28,,,5.96,,,,,,3,,3,,,3,,,diagdepth_r34_stl_aux_5pct diagdepth_r34_stl_aux_10pct diagdepth_r34_stl_aux_25pct
BASELINE,stl10,resnet50,baseline,n/a (<1 batch),n/a (<1 batch),,28.75,,37.20,,,55.26,,,,,,,,,,,,,,,,,3,,3,,,3,,,diagdepth_r50_stl_none_5pct diagdepth_r50_stl_none_10pct diagdepth_r50_stl_none_25pct
"aux(magnitude@L3,L1.0>0.0,hn)",stl10,resnet50,variant,n/a (<1 batch),n/a (<1 batch),,31.13,,45.06,,,60.47,,,,,,2.39,,7.86,,,5.21,,,,,,3,,3,,,3,,,diagdepth_r50_stl_aux_5pct diagdepth_r50_stl_aux_10pct diagdepth_r50_stl_aux_25pct
BASELINE  [adamw],stl10,swin_tiny,baseline,n/a (<1 batch),n/a (<1 batch),21.05,19.88,22.15,20.68,25.70,20.26,15.35,17.76,14.01,,,,,,,,,,,,,,3,3,3,3,3,3,3,3,3,diaggrid_swin_stl_none_3pct diaggrid_swin_stl_none_5pct diaggrid_swin_stl_none_7pct diaggrid_swin_stl_none_10pct diaggrid_swin_stl_none_15pct diaggrid_swin_stl_none_20pct diaggrid_swin_stl_none_25pct diaggrid_swin_stl_none_50pct diaggrid_swin_stl_none_100pct
"aux(magnitude@Ls.2,L1.0>0.0,hn)  [adamw]",stl10,swin_tiny,variant,n/a (<1 batch),n/a (<1 batch),26.21,29.09,32.78,39.75,42.01,49.85,49.43,57.55,51.96,,,5.16,9.21,10.62,19.08,16.32,29.59,34.08,39.79,37.95,,,3,3,3,3,3,3,3,3,3,diaggrid_swin_stl_aux_3pct diaggrid_swin_stl_aux_5pct diaggrid_swin_stl_aux_7pct diaggrid_swin_stl_aux_10pct diaggrid_swin_stl_aux_15pct diaggrid_swin_stl_aux_20pct diaggrid_swin_stl_aux_25pct diaggrid_swin_stl_aux_50pct diaggrid_swin_stl_aux_100pct
BASELINE  [adamw],stl10,vit_tiny,baseline,n/a (<1 batch),n/a (<1 batch),24.35,29.50,30.28,32.02,33.18,35.10,37.77,45.33,54.99,,,,,,,,,,,,,,3,3,3,3,3,3,3,3,3,diaggrid_vit_stl_none_3pct diaggrid_vit_stl_none_5pct diaggrid_vit_stl_none_7pct diaggrid_vit_stl_none_10pct diaggrid_vit_stl_none_15pct diaggrid_vit_stl_none_20pct diaggrid_vit_stl_none_25pct diaggrid_vit_stl_none_50pct diaggrid_vit_stl_none_100pct
deit-aug  [adamw],stl10,vit_tiny,baseline,n/a (<1 batch),n/a (<1 batch),26.12,23.42,30.16,30.71,34.77,35.12,38.20,43.62,51.95,,,,,,,,,,,,,,3,3,3,3,3,3,3,3,3,diaggrid_deit_stl_none_3pct diaggrid_deit_stl_none_5pct diaggrid_deit_stl_none_7pct diaggrid_deit_stl_none_10pct diaggrid_deit_stl_none_15pct diaggrid_deit_stl_none_20pct diaggrid_deit_stl_none_25pct diaggrid_deit_stl_none_50pct diaggrid_deit_stl_none_100pct
"aux(magnitude@b8,L1.0>0.0,hn)  [adamw]",stl10,vit_tiny,variant,n/a (<1 batch),n/a (<1 batch),26.23,29.83,31.74,34.00,38.22,41.85,44.83,55.45,62.90,,,1.88,0.33,1.47,1.97,5.04,6.75,7.06,10.12,7.91,,,3,3,3,3,3,3,3,3,3,diaggrid_vit_stl_aux_3pct diaggrid_vit_stl_aux_5pct diaggrid_vit_stl_aux_7pct diaggrid_vit_stl_aux_10pct diaggrid_vit_stl_aux_15pct diaggrid_vit_stl_aux_20pct diaggrid_vit_stl_aux_25pct diaggrid_vit_stl_aux_50pct diaggrid_vit_stl_aux_100pct
"aux(magnitude@b8,L1.0>0.0,hn) + deit-aug  [adamw]",stl10,vit_tiny,variant,n/a (<1 batch),n/a (<1 batch),30.10,30.11,34.41,40.49,45.70,49.96,53.02,61.57,70.82,,,3.98,6.69,4.25,9.78,10.93,14.84,14.82,17.95,18.88,,,3,3,3,3,3,3,3,3,3,diaggrid_deit_stl_aux_3pct diaggrid_deit_stl_aux_5pct diaggrid_deit_stl_aux_7pct diaggrid_deit_stl_aux_10pct diaggrid_deit_stl_aux_15pct diaggrid_deit_stl_aux_20pct diaggrid_deit_stl_aux_25pct diaggrid_deit_stl_aux_50pct diaggrid_deit_stl_aux_100pct
dino-init  [adamw],stl10,vit_tiny,variant,n/a (<1 batch),n/a (<1 batch),26.39,28.75,31.02,32.80,33.62,36.37,38.83,48.27,58.44,,,2.04,-0.75,0.74,0.78,0.44,1.27,1.06,2.94,3.45,,,3,3,3,3,3,3,3,3,3,diaggrid_dino_stl_3pct diaggrid_dino_stl_5pct diaggrid_dino_stl_7pct diaggrid_dino_stl_10pct diaggrid_dino_stl_15pct diaggrid_dino_stl_20pct diaggrid_dino_stl_25pct diaggrid_dino_stl_50pct diaggrid_dino_stl_100pct
BASELINE,tin,mobilenetv3_small_100,baseline,3.60,7.03,10.12,16.66,20.63,25.36,29.53,32.66,35.15,44.36,52.94,,,,,,,,,,,,3,3,3,3,3,3,3,3,3,3,3,grid_mnet_tin_none_1pct grid_mnet_tin_none_2pct grid_mnet_tin_none_3pct grid_mnet_tin_none_5pct grid_mnet_tin_none_7pct grid_mnet_tin_none_10pct grid_mnet_tin_none_15pct grid_mnet_tin_none_20pct grid_mnet_tin_none_25pct grid_mnet_tin_none_50pct grid_mnet_tin_none_100pct
"aux(magnitude@b3,L1.0>0.0,hn)",tin,mobilenetv3_small_100,variant,3.95,6.82,10.37,16.31,20.53,26.04,30.93,34.00,36.35,44.00,53.33,0.35,-0.21,0.25,-0.35,-0.10,0.68,1.40,1.33,1.20,-0.36,0.39,3,3,3,3,3,3,3,3,3,3,3,grid_mnet_tin_aux_1pct grid_mnet_tin_aux_2pct grid_mnet_tin_aux_3pct grid_mnet_tin_aux_5pct grid_mnet_tin_aux_7pct grid_mnet_tin_aux_10pct grid_mnet_tin_aux_15pct grid_mnet_tin_aux_20pct grid_mnet_tin_aux_25pct grid_mnet_tin_aux_50pct grid_mnet_tin_aux_100pct
BASELINE,tin,resnet18,baseline,8.54,17.34,24.83,36.65,47.66,48.44,51.52,52.76,54.74,60.84,66.37,,,,,,,,,,,,3,3,3,3,3,3,3,3,3,3,3,diagtransfer2_tin_none_1pct diagtransfer2_tin_none_2pct diagtransfer2_tin_none_3pct diagtransfer2_tin_none_5pct diagtransfer2_tin_none_7pct diagtransfer2_tin_none_10pct diagtransfer2_tin_none_15pct diagtransfer2_tin_none_20pct diagtransfer2_tin_none_25pct diagtransfer2_tin_none_50pct diagtransfer2_tin_none_100pct
BASELINE,tin,resnet18,baseline,5.30,9.56,13.64,21.08,26.74,33.60,40.55,44.94,49.19,58.70,66.17,,,,,,,,,,,,10,3,3,10,3,3,3,3,3,3,3,tin_none_1pct tin_none_2pct tin_none_3pct tin_none_5pct tin_none_7pct tin_none_10pct tin_none_15pct grid_tin_r18_791598_20pct tin_none_25pct grid_tin_r18_791598_50pct tin_none_100pct
cosine-head,tin,resnet18,baseline,5.30,9.06,13.21,19.26,24.81,30.64,37.08,41.26,45.43,55.90,65.20,,,,,,,,,,,,3,3,3,3,3,3,3,3,3,3,3,diagcos_tin_none_1pct diaggrid_tin_r18_cosinehead_05b132_2pct diaggrid_tin_r18_cosinehead_05b132_3pct diaggrid_tin_r18_cosinehead_05b132_5pct diaggrid_tin_r18_cosinehead_05b132_7pct diaggrid_tin_r18_cosinehead_05b132_10pct diaggrid_tin_r18_cosinehead_05b132_15pct diaggrid_tin_r18_cosinehead_05b132_20pct diaggrid_tin_r18_cosinehead_05b132_25pct diaggrid_tin_r18_cosinehead_05b132_50pct diaggrid_tin_r18_cosinehead_05b132_100pct
"aux(invariants@L3,L0.3)",tin,resnet18,variant,,,,22.36,,34.26,,,,,,,,,1.28,,0.67,,,,,,,,,3,,3,,,,,,diagtgt_tin_inv_5pct diagtgt_tin_inv_10pct
"aux(magnitude3@L3,L1.0>0.0)",tin,resnet18,variant,6.93,11.65,15.96,23.68,29.32,35.52,42.01,45.75,49.14,58.35,65.66,1.63,2.09,2.32,2.60,2.58,1.93,1.46,0.81,-0.05,-0.35,-0.51,3,3,3,10,3,3,3,3,3,3,3,auxmag3_tin_1pct grid_tin_r18_axmagnitude3L3_l10to00_01dc66_2pct grid_tin_r18_axmagnitude3L3_l10to00_01dc66_3pct auxmag3_tin_5pct grid_tin_r18_axmagnitude3L3_l10to00_01dc66_7pct auxmag3_tin_10pct grid_tin_r18_axmagnitude3L3_l10to00_01dc66_15pct grid_tin_r18_axmagnitude3L3_l10to00_01dc66_20pct grid_tin_r18_axmagnitude3L3_l10to00_01dc66_25pct grid_tin_r18_axmagnitude3L3_l10to00_01dc66_50pct grid_tin_r18_axmagnitude3L3_l10to00_01dc66_100pct
"aux(magnitude3@L3,L1.0>0.0,hn)",tin,resnet18,variant,6.78,11.81,16.32,23.69,29.41,35.39,41.72,45.46,48.61,57.89,65.96,1.47,2.25,2.68,2.61,2.67,1.79,1.18,0.52,-0.58,-0.81,-0.21,3,3,3,3,3,3,3,3,3,3,3,grid_mag3_tin_1pct grid_mag3_tin_2pct grid_mag3_tin_3pct grid_mag3_tin_5pct grid_mag3_tin_7pct grid_mag3_tin_10pct grid_mag3_tin_15pct grid_mag3_tin_20pct grid_mag3_tin_25pct grid_mag3_tin_50pct grid_mag3_tin_100pct
"aux(magnitude6o@L3,L1.0>0.0)",tin,resnet18,variant,6.64,11.41,16.18,23.50,29.27,35.71,42.39,46.02,49.35,58.67,65.64,1.34,1.85,2.54,2.43,2.53,2.12,1.84,1.08,0.16,-0.03,-0.52,3,3,3,10,3,3,3,3,3,3,3,grid_tin_r18_axmagnitude6oL3_l10to00_98321b_1pct grid_tin_r18_axmagnitude6oL3_l10to00_98321b_2pct grid_tin_r18_axmagnitude6oL3_l10to00_98321b_3pct auxmag6o_tin_5pct grid_tin_r18_axmagnitude6oL3_l10to00_98321b_7pct grid_tin_r18_axmagnitude6oL3_l10to00_98321b_10pct grid_tin_r18_axmagnitude6oL3_l10to00_98321b_15pct grid_tin_r18_axmagnitude6oL3_l10to00_98321b_20pct grid_tin_r18_axmagnitude6oL3_l10to00_98321b_25pct grid_tin_r18_axmagnitude6oL3_l10to00_98321b_50pct grid_tin_r18_axmagnitude6oL3_l10to00_98321b_100pct
"aux(magnitude6o@L3,L1.0>0.0,hn)",tin,resnet18,variant,6.76,11.68,15.98,23.51,29.38,35.64,42.21,46.44,49.28,58.45,65.82,1.46,2.13,2.34,2.43,2.64,2.04,1.66,1.50,0.09,-0.25,-0.35,3,3,3,3,3,3,3,3,3,3,3,grid_mag6o_tin_1pct grid_mag6o_tin_2pct grid_mag6o_tin_3pct grid_mag6o_tin_5pct grid_mag6o_tin_7pct grid_mag6o_tin_10pct grid_mag6o_tin_15pct grid_mag6o_tin_20pct grid_mag6o_tin_25pct grid_mag6o_tin_50pct grid_mag6o_tin_100pct
"aux(magnitude@L3,L0.3)",tin,resnet18,variant,,,,22.86,,34.79,,,,,,,,,1.78,,1.19,,,,,,,,,3,,3,,,,,,diagtgt_tin_mag_5pct diagtgt_tin_mag_10pct
"aux(magnitude@L3,L1.0>0.0)",tin,resnet18,variant,6.80,11.37,15.98,23.20,28.75,35.24,41.98,45.63,49.29,57.95,65.75,1.49,1.81,2.34,2.12,2.01,1.65,1.44,0.69,0.10,-0.74,-0.42,10,3,3,10,3,3,3,3,3,3,3,tin_aux_1pct tin_aux_2pct tin_aux_3pct tin_aux_5pct tin_aux_7pct tin_aux_10pct tin_aux_15pct grid_tin_r18_axmagnitudeL3_l10to00_391ace_20pct tin_aux_25pct grid_tin_r18_axmagnitudeL3_l10to00_391ace_50pct tin_aux_100pct
"aux(magnitude@L3,L1.0>0.0) + cosine-head",tin,resnet18,variant,6.22,10.06,14.48,20.98,25.68,32.06,38.49,42.25,45.67,55.71,64.68,0.92,1.01,1.27,1.72,0.86,1.42,1.41,0.99,0.24,-0.18,-0.52,3,3,3,3,3,3,3,3,3,3,3,diagcos_tin_aux_1pct diaggrid_tin_r18_axmagnitudeL3_l10to00_cosinehead_fe90c5_2pct diaggrid_tin_r18_axmagnitudeL3_l10to00_cosinehead_fe90c5_3pct diaggrid_tin_r18_axmagnitudeL3_l10to00_cosinehead_fe90c5_5pct diaggrid_tin_r18_axmagnitudeL3_l10to00_cosinehead_fe90c5_7pct diaggrid_tin_r18_axmagnitudeL3_l10to00_cosinehead_fe90c5_10pct diaggrid_tin_r18_axmagnitudeL3_l10to00_cosinehead_fe90c5_15pct diaggrid_tin_r18_axmagnitudeL3_l10to00_cosinehead_fe90c5_20pct diaggrid_tin_r18_axmagnitudeL3_l10to00_cosinehead_fe90c5_25pct diaggrid_tin_r18_axmagnitudeL3_l10to00_cosinehead_fe90c5_50pct diaggrid_tin_r18_axmagnitudeL3_l10to00_cosinehead_fe90c5_100pct
"aux(magnitude@L3,L1.0>0.0,hn)",tin,resnet18,variant,4.98,8.05,11.97,19.75,27.53,24.74,42.10,47.76,49.52,58.43,65.81,-3.56,-9.29,-12.86,-16.91,-20.13,-23.70,-9.42,-5.00,-5.22,-2.41,-0.56,3,3,3,3,3,3,3,3,3,3,3,diagtransfer2_tin_aux_1pct diagtransfer2_tin_aux_2pct diagtransfer2_tin_aux_3pct diagtransfer2_tin_aux_5pct diagtransfer2_tin_aux_7pct diagtransfer2_tin_aux_10pct diagtransfer2_tin_aux_15pct diagtransfer2_tin_aux_20pct diagtransfer2_tin_aux_25pct diagtransfer2_tin_aux_50pct diagtransfer2_tin_aux_100pct
"aux(magnitude@L3,L1.0>0.0,hn) + simsiam-init",tin,resnet18,variant,,,,24.03,,35.82,,,,,,,,,2.95,,2.22,,,,,,,,,3,,3,,,,,,diaggrid_simsiamaux_tin_5pct diagprosp_simsiamaux_tin_10pct
"aux(magnitude@L3,L2.0>0.0)",tin,resnet18,variant,6.99,11.72,16.37,22.95,28.55,35.43,41.72,45.67,48.90,58.16,65.89,1.68,2.16,2.73,1.87,1.81,1.83,1.17,0.73,-0.29,-0.54,-0.28,3,3,3,3,3,3,3,3,3,3,3,grid_tin_r18_axmagnitudeL3_l20to00_2838b9_1pct grid_tin_r18_axmagnitudeL3_l20to00_2838b9_2pct grid_tin_r18_axmagnitudeL3_l20to00_2838b9_3pct tin_aux_5pct_l20 grid_tin_r18_axmagnitudeL3_l20to00_2838b9_7pct grid_tin_r18_axmagnitudeL3_l20to00_2838b9_10pct grid_tin_r18_axmagnitudeL3_l20to00_2838b9_15pct grid_tin_r18_axmagnitudeL3_l20to00_2838b9_20pct grid_tin_r18_axmagnitudeL3_l20to00_2838b9_25pct grid_tin_r18_axmagnitudeL3_l20to00_2838b9_50pct grid_tin_r18_axmagnitudeL3_l20to00_2838b9_100pct
"aux(moments-cat@L3,L0.3)",tin,resnet18,variant,,,,22.04,,34.45,,,,,,,,,0.96,,0.85,,,,,,,,,3,,3,,,,,,diagtgt_tin_gab_5pct diagtgt_tin_gab_10pct
"aux(random-fixed@L3,L0.3)",tin,resnet18,variant,,,,21.75,,33.97,,,,,,,,,0.67,,0.37,,,,,,,,,3,,3,,,,,,diagtgt_tin_rand_5pct diagtgt_tin_rand_10pct
"aux(rotinv@L3,L0.3)",tin,resnet18,variant,,,,22.02,,33.82,,,,,,,,,0.94,,0.23,,,,,,,,,3,,3,,,,,,diagtgt_tin_rot_5pct diagtgt_tin_rot_10pct
"aux(steerable@L3,L0.3)",tin,resnet18,variant,,,,22.42,,34.32,,,,,,,,,1.34,,0.72,,,,,,,,,3,,3,,,,,,diagtgt_tin_ste_5pct diagtgt_tin_ste_10pct
"aux(structure@L3,L0.3)",tin,resnet18,variant,,,,22.17,,34.92,,,,,,,,,1.09,,1.33,,,,,,,,,3,,3,,,,,,diagtgt_tin_str_5pct diagtgt_tin_str_10pct
aux-HOG(L0.3),tin,resnet18,variant,,,,22.05,,34.88,,,,,,,,,0.97,,1.28,,,,,,,,,3,,3,,,,,,diagtgt_tin_hog_5pct diagtgt_tin_hog_10pct
simclr-init,tin,resnet18,variant,8.30,15.19,20.61,27.79,33.34,38.44,44.31,48.03,50.58,58.79,65.92,3.00,5.64,6.97,6.71,6.60,4.85,3.76,3.09,1.39,0.09,-0.24,3,3,3,3,3,3,3,3,3,3,3,diagssl_tin_simclr_1pct diagssl_tin_simclr_2pct diagssl_tin_simclr_3pct diagssl_tin_simclr_5pct diagssl_tin_simclr_7pct diagssl_tin_simclr_10pct diagssl_tin_simclr_15pct diaggrid_simclr_tin_20pct diagssl_tin_simclr_25pct diaggrid_simclr_tin_50pct diaggrid_ssl_tin_100pct
simsiam-init,tin,resnet18,variant,5.42,9.75,14.21,22.01,27.87,34.37,41.08,45.83,49.34,58.29,65.41,0.12,0.20,0.57,0.93,1.13,0.77,0.53,0.89,0.15,-0.41,-0.76,3,3,3,3,3,3,3,3,3,3,3,diaggrid_simsiam_tin_1pct diaggrid_simsiam_tin_2pct diaggrid_simsiam_tin_3pct diaggrid_simsiam_tin_5pct diaggrid_simsiam_tin_7pct diaggrid_simsiam_tin_10pct diaggrid_simsiam_tin_15pct diaggrid_simsiam_tin_20pct diaggrid_simsiam_tin_25pct diaggrid_simsiam_tin_50pct diaggrid_simsiam_tin_100pct
BASELINE,tin,resnet34,baseline,,,,21.27,,,,,,,,,,,,,,,,,,,,,,3,,,,,,,,grid_r34_tin_none_5pct
"aux(magnitude@L3,L1.0>0.0,hn)",tin,resnet34,variant,,,,23.23,,,,,,,,,,,1.96,,,,,,,,,,,3,,,,,,,,grid_r34_tin_aux_5pct
BASELINE,tin,resnet50,baseline,,,,19.46,,,,,,,,,,,,,,,,,,,,,,3,,,,,,,,grid_r50_tin_none_5pct
"aux(magnitude@L3,L1.0>0.0,hn)",tin,resnet50,variant,,,,22.91,,,,,,,,,,,3.44,,,,,,,,,,,3,,,,,,,,grid_r50_tin_aux_5pct
BASELINE  [adamw],tin,swin_tiny,baseline,2.24,0.86,0.83,1.43,1.26,0.86,0.50,0.85,1.30,5.53,11.61,,,,,,,,,,,,3,3,3,3,3,3,3,3,3,3,3,diaggrid_swin_tin_none_1pct diaggrid_swin_tin_none_2pct diaggrid_swin_tin_none_3pct diaggrid_swin_tin_none_5pct diaggrid_swin_tin_none_7pct diaggrid_swin_tin_none_10pct diaggrid_swin_tin_none_15pct diaggrid_swin_tin_none_20pct diaggrid_swin_tin_none_25pct diaggrid_swin_tin_none_50pct diaggrid_swin_tin_none_100pct
"aux(magnitude@Ls.2,L1.0>0.0,hn)  [adamw]",tin,swin_tiny,variant,4.28,6.50,8.63,11.55,14.36,17.23,22.65,25.22,27.77,37.42,48.54,2.04,5.64,7.80,10.12,13.10,16.37,22.15,24.37,26.46,31.89,36.93,3,3,3,3,3,3,3,3,3,3,3,diaggrid_swin_tin_aux_1pct diaggrid_swin_tin_aux_2pct diaggrid_swin_tin_aux_3pct diaggrid_swin_tin_aux_5pct diaggrid_swin_tin_aux_7pct diaggrid_swin_tin_aux_10pct diaggrid_swin_tin_aux_15pct diaggrid_swin_tin_aux_20pct diaggrid_swin_tin_aux_25pct diaggrid_swin_tin_aux_50pct diaggrid_swin_tin_aux_100pct
BASELINE  [adamw],tin,vit_tiny,baseline,3.45,4.17,5.17,6.02,7.13,8.60,10.92,13.29,15.86,24.81,34.81,0.00,0.00,,0.00,,,0.00,,0.00,,0.00,3,3,3,3,3,3,3,3,3,3,3,diaggrid_tin_vit_adamw_95e854_1pct diaggrid_tin_vit_adamw_95e854_2pct diaggrid_tin_vit_adamw_95e854_3pct diaggrid_tin_vit_adamw_95e854_5pct diaggrid_tin_vit_adamw_95e854_7pct diagvit_none_tin_10pct diaggrid_tin_vit_adamw_95e854_15pct diaggrid_tin_vit_adamw_95e854_20pct diaggrid_tin_vit_adamw_95e854_25pct diaggrid_tin_vit_adamw_95e854_50pct diaggrid_tin_vit_adamw_95e854_100pct
deit-aug  [adamw],tin,vit_tiny,baseline,3.99,4.28,6.24,8.29,9.43,10.49,15.15,19.22,23.14,38.74,50.72,,,,,,,,,,,,3,3,3,3,3,3,3,3,3,3,3,diagdeit_none_tin_1pct diagdeit_none_tin_2pct diaggrid_deit_tin_none_3pct diagdeit_none_tin_5pct diaggrid_deit_tin_none_7pct diagdeit_none_tin_10pct diagdeit_none_tin_15pct diaggrid_deit_tin_none_20pct diagdeit_none_tin_25pct diaggrid_deit_tin_none_50pct diagdeit_none_tin_100pct
"aux(magnitude@b8,L1.0>0.0,hn)  [adamw]",tin,vit_tiny,variant,4.83,7.46,9.80,12.79,15.09,17.75,21.64,23.94,26.35,33.38,41.98,1.39,3.29,4.64,6.77,7.96,9.15,10.73,10.65,10.48,8.58,7.17,3,3,3,3,3,3,3,3,3,3,3,diaggrid_tin_vit_adamw_axmagnitudeb8_l10to00_hn_65458b_1pct diaggrid_tin_vit_adamw_axmagnitudeb8_l10to00_hn_65458b_2pct diaggrid_tin_vit_adamw_axmagnitudeb8_l10to00_hn_65458b_3pct diaggrid_tin_vit_adamw_axmagnitudeb8_l10to00_hn_65458b_5pct diaggrid_tin_vit_adamw_axmagnitudeb8_l10to00_hn_65458b_7pct diagvit_aux_tin_10pct diaggrid_tin_vit_adamw_axmagnitudeb8_l10to00_hn_65458b_15pct diaggrid_tin_vit_adamw_axmagnitudeb8_l10to00_hn_65458b_20pct diaggrid_tin_vit_adamw_axmagnitudeb8_l10to00_hn_65458b_25pct diaggrid_tin_vit_adamw_axmagnitudeb8_l10to00_hn_65458b_50pct diaggrid_tin_vit_adamw_axmagnitudeb8_l10to00_hn_65458b_100pct
"aux(magnitude@b8,L1.0>0.0,hn) + deit-aug  [adamw]",tin,vit_tiny,variant,7.01,10.84,14.43,18.46,22.76,27.43,31.85,35.41,38.24,47.74,57.32,3.02,6.56,8.19,10.18,13.33,16.94,16.70,16.18,15.11,9.00,6.60,3,3,3,3,3,3,3,3,3,3,3,diagdeit_aux_tin_1pct diagdeit_aux_tin_2pct diaggrid_deit_tin_aux_3pct diagdeit_aux_tin_5pct diaggrid_deit_tin_aux_7pct diagdeit_aux_tin_10pct diagdeit_aux_tin_15pct diaggrid_deit_tin_aux_20pct diagdeit_aux_tin_25pct diaggrid_deit_tin_aux_50pct diagdeit_aux_tin_100pct
dino-init  [adamw],tin,vit_tiny,variant,3.41,4.51,5.93,9.26,13.06,16.98,21.75,24.67,27.22,36.82,47.08,-0.03,0.34,0.77,3.24,5.93,8.38,10.84,11.38,11.36,12.01,12.27,3,3,3,3,3,3,3,3,3,3,3,diaggrid_dino_tin_1pct diaggrid_dino_tin_2pct diaggrid_dino_tin_3pct diaggrid_dino_tin_5pct diaggrid_dino_tin_7pct diaggrid_dino_tin_10pct diaggrid_dino_tin_15pct diaggrid_dino_tin_20pct diaggrid_dino_tin_25pct diaggrid_dino_tin_50pct diaggrid_dino_tin_100pct
simclr-init  [adamw],tin,vit_tiny,variant,,,,,,20.69,,,,,,,,,,,12.09,,,,,,,,,,,3,,,,,,diagsslvit_tin_simclr_10pct
simclr-init + deit-aug  [adamw],tin,vit_tiny,variant,,,,16.67,,25.45,,,38.48,,,,,,8.38,,14.96,,,15.34,,,,,,3,,3,,,3,,,diagdeitssl_tin_simclr_5pct diagdeitssl_tin_simclr_10pct diagdeitssl_tin_simclr_25pct
simclr-init + deit-aug  [adamw],tin,vit_tiny,variant,,,,19.81,,27.73,,,36.53,,,,,,11.52,,17.24,,,13.39,,,,,,3,,3,,,3,,,diagdeitsslbudget_simclr800_vit_tin_5pct diagdeitsslbudget_simclr800_vit_tin_10pct diagdeitsslbudget_simclr800_vit_tin_25pct
BASELINE,tin20,resnet18,baseline,n/a (<1 batch),18.13,23.07,29.97,33.27,40.69,48.70,55.63,57.93,69.50,79.23,,,,,,,,,,,,,3,3,3,3,10,3,3,3,3,3,grid_tin20_r18_b1eb52_2pct grid_tin20_r18_b1eb52_3pct grid_tin20_r18_b1eb52_5pct grid_tin20_r18_b1eb52_7pct tin20_none grid_tin20_r18_b1eb52_15pct grid_tin20_r18_b1eb52_20pct grid_tin20_r18_b1eb52_25pct grid_tin20_r18_b1eb52_50pct grid_tin20_r18_b1eb52_100pct
"aux(magnitude@L3,L1.0>0.0)",tin20,resnet18,variant,n/a (<1 batch),21.10,27.77,34.33,39.33,46.11,54.37,58.83,61.13,71.80,80.43,,2.97,4.70,4.37,6.07,5.42,5.67,3.20,3.20,2.30,1.20,,3,3,3,3,10,3,3,3,3,3,grid_tin20_r18_axmagnitudeL3_l10to00_d9869d_2pct grid_tin20_r18_axmagnitudeL3_l10to00_d9869d_3pct grid_tin20_r18_axmagnitudeL3_l10to00_d9869d_5pct grid_tin20_r18_axmagnitudeL3_l10to00_d9869d_7pct tin20_aux grid_tin20_r18_axmagnitudeL3_l10to00_d9869d_15pct grid_tin20_r18_axmagnitudeL3_l10to00_d9869d_20pct grid_tin20_r18_axmagnitudeL3_l10to00_d9869d_25pct grid_tin20_r18_axmagnitudeL3_l10to00_d9869d_50pct grid_tin20_r18_axmagnitudeL3_l10to00_d9869d_100pct
BASELINE,tin20b,resnet18,baseline,n/a (<1 batch),23.10,27.13,31.60,36.43,44.16,51.30,57.10,61.23,73.70,81.83,,,,,,,,,,,,,3,3,3,3,10,3,3,3,3,3,grid_tin20b_r18_d1a87d_2pct grid_tin20b_r18_d1a87d_3pct grid_tin20b_r18_d1a87d_5pct grid_tin20b_r18_d1a87d_7pct tin20b_none grid_tin20b_r18_d1a87d_15pct grid_tin20b_r18_d1a87d_20pct grid_tin20b_r18_d1a87d_25pct grid_tin20b_r18_d1a87d_50pct grid_tin20b_r18_d1a87d_100pct
"aux(magnitude@L3,L1.0>0.0)",tin20b,resnet18,variant,n/a (<1 batch),24.13,30.30,35.00,42.27,49.01,54.93,60.83,63.10,72.80,81.33,,1.03,3.17,3.40,5.83,4.85,3.63,3.73,1.87,-0.90,-0.50,,3,3,3,3,10,3,3,3,3,3,grid_tin20b_r18_axmagnitudeL3_l10to00_c453d1_2pct grid_tin20b_r18_axmagnitudeL3_l10to00_c453d1_3pct grid_tin20b_r18_axmagnitudeL3_l10to00_c453d1_5pct grid_tin20b_r18_axmagnitudeL3_l10to00_c453d1_7pct tin20b_aux grid_tin20b_r18_axmagnitudeL3_l10to00_c453d1_15pct grid_tin20b_r18_axmagnitudeL3_l10to00_c453d1_20pct grid_tin20b_r18_axmagnitudeL3_l10to00_c453d1_25pct grid_tin20b_r18_axmagnitudeL3_l10to00_c453d1_50pct grid_tin20b_r18_axmagnitudeL3_l10to00_c453d1_100pct
BASELINE,tinsem,resnet18,baseline,16.06,20.97,25.35,32.01,35.51,40.48,46.59,50.58,53.42,62.24,69.14,,,,,,,,,,,,10,3,3,3,3,3,3,3,3,3,3,tinsem_none_1pct grid_tsem_r18_ca4631_2pct grid_tsem_r18_ca4631_3pct grid_tsem_r18_ca4631_5pct grid_tsem_r18_ca4631_7pct grid_tsem_r18_ca4631_10pct grid_tsem_r18_ca4631_15pct grid_tsem_r18_ca4631_20pct grid_tsem_r18_ca4631_25pct grid_tsem_r18_ca4631_50pct grid_tsem_r18_ca4631_100pct
"aux(magnitude@L3,L1.0>0.0)",tinsem,resnet18,variant,18.04,22.98,27.45,32.82,36.74,41.62,47.15,50.47,53.12,61.68,68.84,1.98,2.01,2.10,0.82,1.24,1.15,0.56,-0.11,-0.30,-0.56,-0.29,10,3,3,3,3,3,3,3,3,3,3,tinsem_aux_1pct grid_tsem_r18_axmagnitudeL3_l10to00_fdee42_2pct grid_tsem_r18_axmagnitudeL3_l10to00_fdee42_3pct grid_tsem_r18_axmagnitudeL3_l10to00_fdee42_5pct grid_tsem_r18_axmagnitudeL3_l10to00_fdee42_7pct grid_tsem_r18_axmagnitudeL3_l10to00_fdee42_10pct grid_tsem_r18_axmagnitudeL3_l10to00_fdee42_15pct grid_tsem_r18_axmagnitudeL3_l10to00_fdee42_20pct grid_tsem_r18_axmagnitudeL3_l10to00_fdee42_25pct grid_tsem_r18_axmagnitudeL3_l10to00_fdee42_50pct grid_tsem_r18_axmagnitudeL3_l10to00_fdee42_100pct
BASELINE,tinsuper,resnet18,baseline,14.10,17.11,20.44,25.67,30.66,35.01,40.93,44.33,47.78,57.69,65.73,,,,,,,,,,,,10,3,3,3,3,3,3,3,3,3,3,tinsuper_none_1pct grid_tsuper_r18_88cc54_2pct grid_tsuper_r18_88cc54_3pct grid_tsuper_r18_88cc54_5pct grid_tsuper_r18_88cc54_7pct grid_tsuper_r18_88cc54_10pct grid_tsuper_r18_88cc54_15pct grid_tsuper_r18_88cc54_20pct grid_tsuper_r18_88cc54_25pct grid_tsuper_r18_88cc54_50pct grid_tsuper_r18_88cc54_100pct
"aux(magnitude@L3,L1.0>0.0)",tinsuper,resnet18,variant,15.31,18.92,21.87,27.04,31.27,35.69,41.50,44.67,47.78,57.05,65.01,1.21,1.80,1.43,1.37,0.61,0.68,0.57,0.34,-0.01,-0.65,-0.72,10,3,3,3,3,3,3,3,3,3,3,tinsuper_aux_1pct grid_tsuper_r18_axmagnitudeL3_l10to00_9fd066_2pct grid_tsuper_r18_axmagnitudeL3_l10to00_9fd066_3pct grid_tsuper_r18_axmagnitudeL3_l10to00_9fd066_5pct grid_tsuper_r18_axmagnitudeL3_l10to00_9fd066_7pct grid_tsuper_r18_axmagnitudeL3_l10to00_9fd066_10pct grid_tsuper_r18_axmagnitudeL3_l10to00_9fd066_15pct grid_tsuper_r18_axmagnitudeL3_l10to00_9fd066_20pct grid_tsuper_r18_axmagnitudeL3_l10to00_9fd066_25pct grid_tsuper_r18_axmagnitudeL3_l10to00_9fd066_50pct grid_tsuper_r18_axmagnitudeL3_l10to00_9fd066_100pct
